anvaya_no	word	poem	sandhied_word	morph_analysis	morph_in_context	kaaraka_sambandha	possible_relations	sentno	chaptno	slokano	book	part1	part2
1.1	zZ	1.1	zZ	zZ{avya}	zZ{avya}	sambanXaH,4.1	sambanXaH,4.1	1	1	00	upaniRax	kaTopaniRax	-
10.1	karavAvahE	10.1	karavAvahE	kq3{karwari;lot;u;xvi;AwmanepaxI;wanAxiH}	kq3{karwari;lot;u;xvi;AwmanepaxI;wanAxiH}	aBihiwa_karwA	-#aBihiwa_karwA	1	1	00	upaniRax	kaTopaniRax	-
11.1	wejasvi	12.1	wejasvi	wejasvin{napuM;1;eka}/wejasvin{napuM;2;eka}	wejasvin{napuM;1;eka}	karwA,13.1	karwA,14.1#karma,#karma,#karma,#karwA_be_verbs,#karwA,#karwA,#karma,#karma,#karwA,13.1	1	1	00	upaniRax	kaTopaniRax	-
12.1	nO	11.1	nO	asmax{sarvanAma;2;xvi}/asmax{sarvanAma;6;xvi}/asmax{sarvanAma;4;xvi}	asmax{sarvanAma;6;xvi}	RaRTIsambanXaH,14.1	RaRTIsambanXaH,14.1#prayojanam1,#prayojanam1,#prayojanam1,#prayojanam1,#prayojanam1,#prayojanam1,#RaRTIsambanXaH,#RaRTIsambanXaH,#RaRTIsambanXaH,#RaRTIsambanXaH,#RaRTIsambanXaH,#karma,#karma,	1	1	00	upaniRax	kaTopaniRax	-
13.1	aXIwam	13.1	aXIwam	aXIwa{puM;2;eka(aXi_i2;kwa;X;axAxiH)}/aXIwa{napuM;1;eka(aXi_i2;kwa;X;axAxiH)}/aXIwa{napuM;2;eka(aXi_i2;kwa;X;axAxiH)}/aXIwa{puM;2;eka(aXi_i4;kwa;X;axAxiH)}/aXIwa{napuM;1;eka(aXi_i4;kwa;X;axAxiH)}/aXIwa{napuM;2;eka(aXi_i4;kwa;X;axAxiH)}	aXIwa{puM;1;eka(aXi_i2;kwa;X;axAxiH)}	karwA,14.1	karma,14.1#viSeRaNam,#viSeRaNam,#karma,#karma,#viXeya_viSeRaNam,#viXeya_viSeRaNam,#karwA_be_verbs,#karwA,#karma,#karwA,14.1	1	1	00	upaniRax	kaTopaniRax	-
14.1	aswu	14.1	aswu	aswu{avya}/as2{karwari;lot;pra;eka;parasmEpaxI;axAxiH}	as2{karwari;lot;pra;eka;parasmEpaxI;axAxiH}	aBihiwa_karwA,13.1	-#aBihiwa_karwA,13.1	1	1	00	upaniRax	kaTopaniRax	-
15.1	mA	15.1	mA	mA{avya}	mA{avya}	prawiReXaH,16.1	prawiReXaH,16.1#prawiReXaH,#prawiReXaH,#prawiReXaH,#prawiReXaH,	1	1	00	upaniRax	kaTopaniRax	-
16.1	vixviRAvahE	16.1	vixviRAvahE	vi_xviR{karwari;lot;u;xvi;AwmanepaxI;axAxiH}	vi_xviR{karwari;lot;u;xvi;AwmanepaxI;axAxiH}	aBihiwa_karwA	-#aBihiwa_karwA	1	1	00	upaniRax	kaTopaniRax	-
17.1	zZ	17.1	zZ	zZ{avya}	zZ{avya}	sambanXaH,18.1	-#sambanXaH,18.1	1	1	00	upaniRax	kaTopaniRax	-
18.1	SAnwiH	18.1	SAnwiH	SAnwi{swrI;1;eka}	SAnwi{swrI;1;eka}	karwA,21.1	karwA,17.1#vIpsA,#karwA_be_verbs,#karwA,21.1	1	1	00	upaniRax	kaTopaniRax	-
19.1	SAnwiH	19.1	SAnwiH	SAnwi{swrI;1;eka}	SAnwi{swrI;1;eka}	vIpsA,18.1	vIpsA,18.1#karwA_be_verbs,	1	1	00	upaniRax	kaTopaniRax	-
2.1	saha	3.1	saha	saha{avya}	saha{avya}	kriyAviSeRaNam,4.1	kriyAviSeRaNam,4.1#kriyAviSeRaNam,#kriyAviSeRaNam,#kriyAviSeRaNam,#kriyAviSeRaNam,#kriyAviSeRaNam,#kriyAviSeRaNam,	1	1	00	upaniRax	kaTopaniRax	-
20.1	SAnwiH	20.1	SAnwiH	SAnwi{swrI;1;eka}	SAnwi{swrI;1;eka}	vIpsA,18.1	vIpsA,18.1#vIpsA,#karwA_be_verbs,	1	1	00	upaniRax	kaTopaniRax	-
21.1	(aswu)	21.1	-	aswu{avya}/as2{karwari;lot;pra;eka;parasmEpaxI;axAxiH}	as2{karwari;lot;pra;eka;parasmEpaxI;axAxiH}	aBihiwa_karwA,18.1	-#aBihiwa_karwA,18.1	1	1	00	upaniRax	kaTopaniRax	-
3.1	nO	2.1	nO	asmax{sarvanAma;2;xvi}/asmax{sarvanAma;6;xvi}/asmax{sarvanAma;4;xvi}	asmax{sarvanAma;2;xvi}	karma,4.1	RaRTIsambanXaH,4.1#prayojanam1,#prayojanam1,#prayojanam1,#prayojanam1,#prayojanam1,#prayojanam1,#karwA,#karma,#RaRTIsambanXaH,#RaRTIsambanXaH,#RaRTIsambanXaH,#RaRTIsambanXaH,#RaRTIsambanXaH,#karma,#karma,#karma,#karma,4.1	1	1	00	upaniRax	kaTopaniRax	-
4.1	avawu	4.1	avawu	av1{karwari;lot;pra;eka;parasmEpaxI;BvAxiH}	av1{karwari;lot;pra;eka;parasmEpaxI;BvAxiH}	aBihiwa_karwA	-#aBihiwa_karwA	1	1	00	upaniRax	kaTopaniRax	-
5.1	saha	6.1	saha	saha{avya}	saha{avya}	kriyAviSeRaNam,7.1	kriyAviSeRaNam,7.1#kriyAviSeRaNam,#kriyAviSeRaNam,#kriyAviSeRaNam,#kriyAviSeRaNam,#kriyAviSeRaNam,#kriyAviSeRaNam,	1	1	00	upaniRax	kaTopaniRax	-
6.1	nO	5.1	nO	asmax{sarvanAma;2;xvi}/asmax{sarvanAma;6;xvi}/asmax{sarvanAma;4;xvi}	asmax{sarvanAma;2;xvi}	karma,7.1	RaRTIsambanXaH,7.1#prayojanam1,#prayojanam1,#prayojanam1,#prayojanam1,#prayojanam1,#prayojanam1,#karwA,#karma,#RaRTIsambanXaH,#RaRTIsambanXaH,#RaRTIsambanXaH,#RaRTIsambanXaH,#RaRTIsambanXaH,#karma,#karma,#karma,#karma,7.1	1	1	00	upaniRax	kaTopaniRax	-
7.1	Bunakwu	7.1	Bunakwu	Buj2{karwari;lot;pra;eka;parasmEpaxI;ruXAxiH}	Buj2{karwari;lot;pra;eka;parasmEpaxI;ruXAxiH}	aBihiwa_karwA	-#aBihiwa_karwA	1	1	00	upaniRax	kaTopaniRax	-
8.1	saha	9.1	saha	saha{avya}	saha{avya}	kriyAviSeRaNam,10.1	kriyAviSeRaNam,10.1#kriyAviSeRaNam,#kriyAviSeRaNam,#kriyAviSeRaNam,#kriyAviSeRaNam,#kriyAviSeRaNam,#kriyAviSeRaNam,	1	1	00	upaniRax	kaTopaniRax	-
9.1	vIryam	8.1	vIryam	vIrya{napuM;1;eka}/vIrya{napuM;2;eka}/vIrya{puM;2;eka(vIra1;yaw;X;curAxiH)}/vIrya{napuM;1;eka(vIra1;yaw;X;curAxiH)}/vIrya{napuM;2;eka(vIra1;yaw;X;curAxiH)}	vIrya{napuM;1;eka}	kriyAviSeRaNam,10.1	karwA,10.1#viSeRaNam,#viSeRaNam,#karma,#karma,#karma,#karwA_be_verbs,#karwA,#karwA,#karma,#kriyAviSeRaNam,10.1	1	1	00	upaniRax	kaTopaniRax	-
1.1	uSan	2.1	uSan	uSaw{puM;1;eka(vaS1;Sawq_lat;X;axAxiH)}/uSaw{puM;8;eka(vaS1;Sawq_lat;X;axAxiH)}	uSaw{puM;1;eka(vaS1;Sawq_lat;X;axAxiH)}	varwamAnasamAnakAlaH,6.1	varwamAnasamAnakAlaH,12.1#varwamAnasamAnakAlaH,6.1	1	1	01	upaniRax	kaTopaniRax	-
10.1	nAma	10.1	nAma	nAma{napuM;1;eka}	nAma{napuM;1;eka}	saFjFA_xyowakaH,9.1	aBexaH,9.1#saFjFA_xyowakaH,9.1	1	1	01	upaniRax	kaTopaniRax	-
11.1	puwraH	11.1	puwraH	puwra{puM;1;eka}	puwra{puM;1;eka}	karwA,12.1	karwA,12.1#karwA,6.1#aBexaH,9.1#aBexaH,1.1	1	1	01	upaniRax	kaTopaniRax	-
12.1	Asa	12.1	Asa	as1{karwari;lit;pra;eka;parasmEpaxI;BvAxiH}/as1{karwari;lit;ma;bahu;parasmEpaxI;BvAxiH}/as1{karwari;lit;u;eka;parasmEpaxI;BvAxiH}/as3{karwari;lit;pra;eka;parasmEpaxI;xivAxiH}/as3{karwari;lit;ma;bahu;parasmEpaxI;xivAxiH}/as3{karwari;lit;u;eka;parasmEpaxI;xivAxiH}/Asan{napuM;1;eka}/Asan{napuM;2;eka}/Asa{puM;8;eka}/Asan{napuM;8;eka}	as1{karwari;lit;pra;eka;parasmEpaxI;BvAxiH}	aBihiwa_karwA,11.1	-#aBihiwa_karwA,11.1	1	1	01	upaniRax	kaTopaniRax	-
2.1	ha	3.1	ha	ha{avya}	ha{avya}	sambanXaH,1.1	sambanXaH,1.1	1	1	01	upaniRax	kaTopaniRax	-
3.1	vE	4.1	vE	vE{avya}	vE{avya}	sambanXaH,2.1	sambanXaH,2.1	1	1	01	upaniRax	kaTopaniRax	-
4.1	vAjaSravasaH	1.1	vAjaSravasaH	vAjaSravasa{puM;1;eka}	vAjaSravasa{puM;1;eka}	karwA,6.1	karwA,6.1	1	1	01	upaniRax	kaTopaniRax	-
5.1	sarva-	5.1	sarva-	sarva	sarva	karmaXAraya_wawpuruRaH,5.2	karmaXAraya_wawpuruRaH,5.2	1	1	01	upaniRax	kaTopaniRax	-
5.2	vexasam	5.2	--	vexas{puM;2;eka}	vexas{puM;2;eka}	karma,6.1	karma,6.1	1	1	01	upaniRax	kaTopaniRax	-
6.1	xaxO	6.1	xaxO	xA1{karwari;lit;pra;eka;parasmEpaxI;BvAxiH}/xA1{karwari;lit;u;eka;parasmEpaxI;BvAxiH}/xA2{karwari;lit;pra;eka;parasmEpaxI;axAxiH}/xA2{karwari;lit;u;eka;parasmEpaxI;axAxiH}/xA3{karwari;lit;pra;eka;parasmEpaxI;juhowyAxiH}/xA3{karwari;lit;u;eka;parasmEpaxI;juhowyAxiH}	xA1{karwari;lit;pra;eka;parasmEpaxI;BvAxiH}	aBihiwa_karwA,9.1	-#aBihiwa_karwA,9.1	1	1	01	upaniRax	kaTopaniRax	-
7.1	wasya	7.1	wasya	wax{sarvanAma;napuM;6;eka}/wax{sarvanAma;puM;6;eka}	wax{sarvanAma;napuM;6;eka}	RaRTIsambanXaH,11.1	RaRTIsambanXaH,12.1#RaRTIsambanXaH,11.1#RaRTIsambanXaH,10.1#RaRTIsambanXaH,9.1	1	1	01	upaniRax	kaTopaniRax	-
8.1	ha	8.1	ha	ha{avya}	ha{avya}	sambanXaH,7.1	sambanXaH,7.1	1	1	01	upaniRax	kaTopaniRax	-
9.1	nacikewAH	9.1	nacikewAH	nacikewas{puM;1;eka}	nacikewas{puM;1;eka}	saFjFA,11.1	karwA,12.1#karwA,6.1#saFjFA,11.1	1	1	01	upaniRax	kaTopaniRax	-
1.1	wam	3.1	wam	wax{sarvanAma;puM;2;eka}	wax{sarvanAma;puM;2;eka}	viSeRaNam,3.1	viSeRaNam,4.1#viSeRaNam,3.1#karma,8.1	1	1	02	upaniRax	kaTopaniRax	-
10.1	amanyawa	10.1	amanyawa	man2{karmaNi;laf;pra;eka;AwmanepaxI;wanAxiH}/man1{karwari;laf;pra;eka;AwmanepaxI;xivAxiH}	man1{karwari;laf;pra;eka;AwmanepaxI;xivAxiH}	aBihiwa_karwA,9.1	-#aBihiwa_karwA,9.1	1	1	02	upaniRax	kaTopaniRax	-
2.1	ha	6.1	ha	ha{avya}	ha{avya}	sambanXaH,1.1	sambanXaH,1.1	1	1	02	upaniRax	kaTopaniRax	-
3.1	kumAram	4.1	kumAram	kumAra{puM;2;eka}	kumAra{puM;2;eka}	karma,4.1	karmasamAnAXikaraNam,4.1#karmasamAnAXikaraNam,1.1#karma,10.1#karma,8.1#karma,4.1	1	1	02	upaniRax	kaTopaniRax	-
4.1	sanwam	5.1	sanwam	sanwa{puM;2;eka}/saw{puM;2;eka(as2;Sawq_lat;X;axAxiH)}	saw{puM;2;eka(as2;Sawq_lat;X;axAxiH)}	viSeRaNam,1.1	viSeRaNam,3.1#viSeRaNam,1.1#karmasamAnAXikaraNam,3.1#karmasamAnAXikaraNam,1.1#karma,10.1#karma,8.1	1	1	02	upaniRax	kaTopaniRax	-
5.1	xakRiNAsu	1.1	xakRiNAsu	xakRiNA{swrI;7;bahu}/xakRiNA{sarvanAma;swrI;7;bahu}	xakRiNA{swrI;7;bahu}	karwA,6.1	viSeRaNam,6.1#viRayAXikaraNam,7.1#karma,6.1#aXikaraNam,10.1#aXikaraNam,8.1#aXikaraNam,6.1#aXikaraNam,4.1#karwA,6.1	1	1	02	upaniRax	kaTopaniRax	-
6.1	nIyamAnAsu	2.1	nIyamAnAsu	nIyamAnA{swrI;7;bahu(NI1;SAnac_lat;karmaNi;BvAxiH)}	nIyamAnA{swrI;7;bahu(NI1;SAnac_lat;karmaNi;BvAxiH)}	BAvalakRaNasapwamI,8.1	viSeRaNam,5.1#viRayAXikaraNam,7.1#aXikaraNam,10.1#aXikaraNam,8.1#aXikaraNam,4.1#BAvalakRaNasapwamI,8.1	1	1	02	upaniRax	kaTopaniRax	-
7.1	SraxXA	7.1	SraxXA	SraxXA{swrI;1;eka}	SraxXA{swrI;1;eka}	karwA,8.1	karwA,10.1#karwA,8.1#karma,10.1	1	1	02	upaniRax	kaTopaniRax	-
8.1	AviveSa	8.1	AviveSa	Af_viS1{karwari;lit;pra;eka;parasmEpaxI;wuxAxiH}/Af_viS1{karwari{lit;u;eka;parasmEpaxI;wuxAxiH}	Af_viS1{karwari;lit;pra;eka;parasmEpaxI;wuxAxiH}	aBihiwa_karwA,7.1	-#aBihiwa_karwA,7.1	1	1	02	upaniRax	kaTopaniRax	-
9.1	saH	9.1	saH	wax{sarvanAma;puM;1;eka}	wax{sarvanAma;puM;1;eka}	karwA,10.1	viXeya_viSeRaNam,7.1#karwA,10.1#karwA,8.1#karma,10.1	1	1	02	upaniRax	kaTopaniRax	-
1.1	pIwa-	1.1	pIwoxakAH	pIwa(pA1;kwa;X;BvAxiH)}/pIwa(pI1{kwa;X;xivAxiH)	pIwa(pA1;kwa;X;BvAxiH)	karmaXArayaH,1.2	karmaXArayaH_1,1.2#bahuvrIhiH,1.2#karmaXArayaH,1.2	1	1	03	upaniRax	kaTopaniRax	-
1.2	uxakAH	1.2	-	uxaka{puM;8;bahu}/uxaka{puM;1;bahu}/uxakA{swrI;8;bahu}/uxakA{swrI;1;bahu}/uxakA{swrI;2;bahu}	uxakA{swrI;2;bahu}	viSeRaNam,14.1	viSeRaNam,7.1#viSeRaNam,4.2#viSeRaNam,3.2#viSeRaNam,2.2#samboXyaH,13.1#viSeRaNam,8.1#viSeRaNam,14.1	1	1	03	upaniRax	kaTopaniRax	-
10.1	(sanwi)	13.1	-	as{karwari;lat;pra;bahu;parasmEpaxI;axAxiH}	as{karwari;lat;pra;bahu;parasmEpaxI;axAxiH}	aBihiwa_karwA,9.1	-#aBihiwa_karwA,9.1	1	1	03	upaniRax	kaTopaniRax	-
11.1	wAn	14.1	wAn	wax{sarvanAma;puM;2;bahu}	wax{sarvanAma;puM;2;bahu}	karma,13.1	karma,15.1#karma,13.1	1	1	03	upaniRax	kaTopaniRax	-
12.1	saH	7.1	sa	wax{sarvanAma;puM;1;eka}	wax{sarvanAma;puM;1;eka}	karwA,13.1	karwA,13.1	1	1	03	upaniRax	kaTopaniRax	-
13.1	gacCawi	15.1	gacCawi	gam1{karwari;lat;pra;eka;parasmEpaxI;BvAxiH}	gam1{karwari;lat;pra;eka;parasmEpaxI;BvAxiH}	aBihiwa_karwA,12.1;sakarmaka	aBihiwa_karwA,12.1;sakarmaka	1	1	03	upaniRax	kaTopaniRax	-
14.1	wAH	5.1	wAH	wax{sarvanAma;swrI;1;bahu}/wax{sarvanAma;swrI;2;bahu}	wax{sarvanAma;swrI;2;bahu}	karma,15.1	karma,15.1#karma,13.1	1	1	03	upaniRax	kaTopaniRax	-
15.1	xaxaw	6.1	xaxaw	xaxaw{puM;1;eka(xA3;Sawq_lat;X;juhowyAxiH)}/xaxaw{napuM;1;eka(xA3;Sawq_lat;X;juhowyAxiH)}/xaxaw{napuM;2;eka(xA3;Sawq_lat;X;juhowyAxiH)}	xaxaw{puM;1;eka(xA3;Sawq_lat;X;juhowyAxiH)}	varwamAnasamAnakAlaH,13.1	karma,13.1#varwamAnasamAnakAlaH,13.1	1	1	03	upaniRax	kaTopaniRax	-
2.1	jagXa-	2.1	jagXawqNAH	jagXa(ax2;kwa;X;axAxiH)	jagXa(ax2;kwa;X;axAxiH)	karmaXArayaH,2.2	karmaXArayaH_1,2.2#bahuvrIhiH,2.2#karmaXArayaH,2.2	1	1	03	upaniRax	kaTopaniRax	-
2.2	wqNAH	2.2	-	wqNa{puM;8;bahu}/wqNa{puM;1;bahu}/wqNA{swrI;8;bahu}/wqNA{swrI;1;bahu}/wqNA{swrI;2;bahu}	wqNA{swrI;2;bahu}	viSeRaNam,14.1	viSeRaNam,7.1#viSeRaNam,4.2#viSeRaNam,3.2#viSeRaNam,1.2#samboXyaH,13.1#viSeRaNam,8.1#viSeRaNam,14.1	1	1	03	upaniRax	kaTopaniRax	-
3.1	xugXa-	3.1	xugXaxohAH	xugXa}/xugXa	xugXa	bahuvrIhiH,3.2	bahuvrIhiH,3.2#RaRTI_wawpuruRaH,3.2	1	1	03	upaniRax	kaTopaniRax	-
3.2	xohAH	3.2	-	xoha{puM;1;bahu}/xoha{puM;8;bahu}/xohA{swrI;8;bahu}/xohA{swrI;1;bahu}/xohA{swrI;2;bahu}	xohA{swrI;2;bahu}	viSeRaNam,14.1	viSeRaNam,7.1#viSeRaNam,4.2#viSeRaNam,2.2#viSeRaNam,1.2#samboXyaH,13.1#viSeRaNam,8.1#viSeRaNam,14.1	1	1	03	upaniRax	kaTopaniRax	-
4.1	nir-	4.1	nirinxriyAH	nir	nir	wawpuruRaH,4.2	wawpuruRaH,4.2#bahuvrIhiH,4.2	1	1	03	upaniRax	kaTopaniRax	-
4.2	inxriyAH	4.2	-	inxriya{puM;1;bahu}/inxriya{puM;8;bahu}/inxriyA{swrI;8;bahu}/inxriyA{swrI;1;bahu}/inxriyA{swrI;2;bahu}	inxriyA{swrI;2;bahu}	viSeRaNam,14.1	viSeRaNam,7.1#viSeRaNam,3.2#viSeRaNam,2.2#viSeRaNam,1.2#kriyAviSeRaNam,15.1#kriyAviSeRaNam,13.1#kriyAviSeRaNam,2.1#karma,13.1#samboXyaH,13.1#aBexaH,8.1#aBexaH,3.2#aBexaH,2.2#aBexaH,1.2#aBexaH,7.1#viSeRaNam,14.1	1	1	03	upaniRax	kaTopaniRax	-
5.1	ananxAH	8.1	ananxAH	ananxa{puM;1;bahu}	ananxa{puM;1;bahu}	saFjFA,8.1	viSeRaNam,8.1#saFjFA,8.1	1	1	03	upaniRax	kaTopaniRax	-
6.1	nAma	9.1	nAma	nAma{napuM;1;eka}	nAma{napuM;1;eka}	saFjFA_xyowakaH,5.1	aBexaH,8.1#saFjFA_xyowakaH,8.1#saFjFA_xyowakaH,5.1	1	1	03	upaniRax	kaTopaniRax	-
7.1	we	11.1	we	wax{sarvanAma;puM;1;bahu}/wax{sarvanAma;napuM;1;xvi}/wax{sarvanAma;napuM;2;xvi}/wax{sarvanAma;swrI;1;xvi}/wax{sarvanAma;swrI;2;xvi}/yuRmax{sarvanAma;6;eka}/yuRmax{sarvanAma;4;eka}	wax{sarvanAma;puM;1;bahu}	viSeRaNam,8.1	karwqsamAnAXikaraNam,10.1#sampraxAnam,15.1#prayojanam1,13.1#RaRTIsambanXaH,8.1#RaRTIsambanXaH,6.1#RaRTIsambanXaH,4.1#karma,15.1#karma,13.1#viSeRaNam,8.1#viSeRaNam,4.1	1	1	03	upaniRax	kaTopaniRax	-
8.1	lokAH	12.1	lokAH	loka{puM;1;bahu}/loka{puM;8;bahu}	loka{puM;1;bahu}	viXeya_viSeRaNam,10.1	karwA,10.1#viXeya_viSeRaNam,10.1	1	1	03	upaniRax	kaTopaniRax	-
9.1	(ye)	10.1	-	yax{sarvanAma;puM;1;bahu}/yax{sarvanAma;napuM;1;xvi}/yax{sarvanAma;napuM;2;xvi}/yax{sarvanAma;swrI;1;xvi}/yax{sarvanAma;swrI;2;xvi}/yax{sarvanAma;puM;1;xvi}	yax{sarvanAma;puM;1;bahu}	karwA,10.1;niwya_sambanXaH,11.1	karwA,10.1#niwya_sambanXaH,11.1	1	1	03	upaniRax	kaTopaniRax	-
1.1	saH	1.1	saH	wax{sarvanAma;puM;1;eka}	wax{sarvanAma;puM;1;eka}	karwA,3.1	karwA,3.1	1	1	04	upaniRax	kaTopaniRax	-
10.1	xviwIyam	3.1	xviwIyam	xviwIya{puM;2;eka}/xviwIya{napuM;1;eka}/xviwIya{napuM;2;eka}/xviwIya{puM;2;eka}/xviwIya{napuM;1;eka}/xviwIya{napuM;2;eka}	xviwIya{puM;2;eka}	kriyAviSeRaNam,3.1	viSeRaNam,16.1#viSeRaNam,11.1#viSeRaNam,7.1#muKyakarma,14.1#muKyakarma,3.1#karmasamAnAXikaraNam,16.1#karmasamAnAXikaraNam,12.1#karmasamAnAXikaraNam,11.1#karmasamAnAXikaraNam,7.1#karmasamAnAXikaraNam,4.1#karma,17.1#karma,8.1#karwA,14.1#karwA,3.1#viSeRaNam,12.1#viSeRaNam,4.1#gONakarma,14.1#gONakarma,3.1#kriyAviSeRaNam,3.1	1	1	04	upaniRax	kaTopaniRax	-
11.1	wqwIyam	4.1	wqwIyam	wqwIya{puM;2;eka}/wqwIya{napuM;1;eka}/wqwIya{napuM;2;eka}/wqwIya{puM;2;eka}/wqwIya{napuM;1;eka}/wqwIya{napuM;2;eka}	wqwIya{puM;2;eka}	kriyAviSeRaNam,3.1	viSeRaNam,16.1#viSeRaNam,10.1#viSeRaNam,7.1#muKyakarma,14.1#karmasamAnAXikaraNam,16.1#karmasamAnAXikaraNam,12.1#karmasamAnAXikaraNam,10.1#karmasamAnAXikaraNam,7.1#karmasamAnAXikaraNam,4.1#karma,17.1#karma,8.1#karwA,14.1#viSeRaNam,12.1#viSeRaNam,4.1#gONakarma,14.1#kriyAviSeRaNam,3.1	1	1	04	upaniRax	kaTopaniRax	-
12.1	wam	11.1	wam	wax{sarvanAma;puM;2;eka}	wax{sarvanAma;puM;2;eka}	karma,14.1	viSeRaNam,16.1#viSeRaNam,11.1#viSeRaNam,10.1#viSeRaNam,7.1#viSeRaNam,4.1#muKyakarma,14.1#karma,14.1#karma,8.1#gONakarma,14.1	1	1	04	upaniRax	kaTopaniRax	-
13.1	ha	13.1	ha	ha{avya}	ha{avya}	sambanXaH,14.1	sambanXaH,12.1#sambanXaH,14.1	1	1	04	upaniRax	kaTopaniRax	-
14.1	uvAca	12.1	uvAca	vac1{karwari;lit;pra;eka;parasmEpaxI;axAxiH}/vac1{karwari;lit;u;eka;parasmEpaxI;axAxiH}/brU1{karwari;lit;pra;eka;parasmEpaxI;axAxiH}/brU1{karwari;lit;u;eka;parasmEpaxI;axAxiH}	vac1{karwari;lit;pra;eka;parasmEpaxI;axAxiH}	aBihiwa_karwA	-#aBihiwa_karwA	1	1	04	upaniRax	kaTopaniRax	-
15.1	mqwyave	15.1	mqwyave	mqwyu{puM;4;eka}	mqwyu{puM;4;eka}	sampraxAnam,17.1	viSeRaNam,6.1#sampraxAnam,17.1#sampraxAnam,14.1#sampraxAnam,8.1#sampraxAnam,3.1#prayojanam1,8.1	1	1	04	upaniRax	kaTopaniRax	-
16.1	wvA	14.1	wvA	yuRmax{sarvanAma;2;eka}	yuRmax{sarvanAma;2;eka}	karma,17.1	muKyakarma,14.1#karma,17.1#gONakarma,14.1	1	1	04	upaniRax	kaTopaniRax	-
17.1	xaxAmi	16.1	xaxAmi	xA3{karwari;lat;u;eka;parasmEpaxI;juhowyAxiH}	xA3{karwari;lat;u;eka;parasmEpaxI;juhowyAxiH}	aBihiwa_karwA	-#aBihiwa_karwA	1	1	04	upaniRax	kaTopaniRax	-
18.1	iwi	17.1	iwi	iwi{avya}	iwi{avya}	vAkyakarma_xyowakaH,17.1	vAkyakarma_xyowakaH,17.1#vAkyakarma_xyowakaH,14.1#vAkyakarma_xyowakaH,8.1#vAkyakarma_xyowakaH,3.1	1	1	04	upaniRax	kaTopaniRax	-
2.1	ha	4.1	ha	ha{avya}	ha{avya}	sambanXaH,3.1	sambanXaH,1.1#sambanXaH,5.1#sambanXaH,3.1	1	1	04	upaniRax	kaTopaniRax	-
3.1	uvAca	5.1	uvAca	vac1{karwari;lit;pra;eka;parasmEpaxI;axAxiH}/vac1{karwari;lit;u;eka;parasmEpaxI;axAxiH}/brU1{karwari;lit;pra;eka;parasmEpaxI;axAxiH}/brU1{karwari;lit;u;eka;parasmEpaxI;axAxiH}	vac1{karwari;lit;pra;eka;parasmEpaxI;axAxiH}	aBihiwa_karwA,1.1	-#aBihiwa_karwA,1.1	1	1	04	upaniRax	kaTopaniRax	-
4.1	piwaram	2.1	piwaram	piwq{puM;2;eka}	piwq{puM;2;eka}	karma,3.1	karma,3.1#muKyakarma,3.1#karmasamAnAXikaraNam,16.1#karmasamAnAXikaraNam,12.1#karmasamAnAXikaraNam,11.1#karmasamAnAXikaraNam,10.1#karmasamAnAXikaraNam,7.1#karma,8.1#gONakarma,3.1#aBexaH,16.1#aBexaH,12.1#aBexaH,11.1#aBexaH,10.1#aBexaH,7.1	1	1	04	upaniRax	kaTopaniRax	-
5.1	wAwa	6.1	wAwa	wAwa{puM;8;eka}	wAwa{puM;8;eka}	samboXyaH,8.1	samboXyaH,17.1#samboXyaH,14.1#samboXyaH,8.1#samboXyaH,3.1	1	1	04	upaniRax	kaTopaniRax	-
6.1	kasmE	8.1	kasmE	kim{sarvanAma;puM;4;eka}/kim{sarvanAma;napuM;4;eka}	kim{sarvanAma;puM;4;eka}	sampraxAnam,8.1	prayojanam1,17.1#prayojanam1,14.1#prayojanam1,8.1#prayojanam1,3.1#viSeRaNam,15.1#sampraxAnam,17.1#sampraxAnam,14.1#sampraxAnam,8.1#sampraxAnam,3.1	1	1	04	upaniRax	kaTopaniRax	-
7.1	mAm	7.1	mAm	asmax{sarvanAma;2;eka}	asmax{sarvanAma;2;eka}	karma,8.1	viSeRaNam,16.1#muKyakarma,14.1#muKyakarma,3.1#karma,8.1#gONakarma,14.1#gONakarma,3.1	1	1	04	upaniRax	kaTopaniRax	-
8.1	xAsyasi	9.1	xAsyasi	xA1{karwari;lqt;ma;eka;parasmEpaxI;BvAxiH}/xA2{karwari;lqt;ma;eka;parasmEpaxI;axAxiH}/xA3{karwari;lqt;ma;eka;parasmEpaxI;juhowyAxiH}	xA1{karwari;lqt;ma;eka;parasmEpaxI;BvAxiH}	aBihiwa_karwA	-#aBihiwa_karwA	1	1	04	upaniRax	kaTopaniRax	-
9.1	iwi	10.1	iwi	iwi{avya}	iwi{avya}	vAkyakarma_xyowakaH,8.1	vAkyakarma_xyowakaH,8.1#vAkyakarma_xyowakaH,3.1	1	1	04	upaniRax	kaTopaniRax	-
1.1	bahUnAm	1.1	bahUnAm	bahu{puM;6;bahu}/bahu{napuM;6;bahu}/bahu{swrI;6;bahu}	bahu{puM;6;bahu}	nirXAraNam,3.1	viSeRaNam,4.1#karwA,10.1#karma,10.1#RaRTIsambanXaH,10.1#RaRTIsambanXaH,9.1#RaRTIsambanXaH,6.1#RaRTIsambanXaH,4.1#RaRTIsambanXaH,3.1#nirXAraNam,3.1	1	1	05	upaniRax	kaTopaniRax	-
10.1	karwavyam	10.1	--	karwavya{puM;2;eka(kq1;wavyaw;X;BvAxiH)}/karwavya{napuM;1;eka(kq1;wavyaw;X;BvAxiH)}/karwavya{napuM;2;eka(kq1;wavyaw;X;BvAxiH)}/karwavya{puM;2;eka(kq2;wavyaw;X;svAxiH)}/karwavya{napuM;1;eka(kq2;wavyaw;X;svAxiH)}/karwavya{napuM;2;eka(kq2;wavyaw;X;svAxiH)}/karwavya{puM;2;eka(kq3;wavyaw;X;wanAxiH)}/karwavya{napuM;1;eka(kq3;wavyaw;X;wanAxiH)}/karwavya{napuM;2;eka(kq3;wavyaw;X;wanAxiH)}	karwavya{napuM;1;eka(kq1;wavyaw;X;BvAxiH)}	karwA,11.1	karwA,11.1	1	1	05	upaniRax	kaTopaniRax	-
11.1	(aswi)	11.1	-	as2{karwari;lat;pra;eka;parasmEpaxI;axAxiH}	as2{karwari;lat;pra;eka;parasmEpaxI;axAxiH}	aBihiwa_karwA,10.1	-#aBihiwa_karwA,10.1	1	1	05	upaniRax	kaTopaniRax	-
12.1	yaw	12.1	--	yaw{sarvanAma;2;eka}	yaw{sarvanAma;2;eka}	karma,15.1	karma,15.1	1	1	05	upaniRax	kaTopaniRax	-
13.1	mayA	14.1	--	asmax{sarvanAma;3;eka}	asmax{sarvanAma;3;eka}	hewuH,15.1	karwA,10.1#hewuH,15.1#hewuH,10.1#hewuH,5.1#hewuH,2.1	1	1	05	upaniRax	kaTopaniRax	-
14.1	axya	13.1	--	axya{avya}	axya{avya}	kAlAXikaraNam,15.1	kAlAXikaraNam,15.1#kAlAXikaraNam,10.1#kAlAXikaraNam,5.1#kAlAXikaraNam,2.1	1	1	05	upaniRax	kaTopaniRax	-
15.1	kariRyawi	15.1	--	kq3{karwari;lqt;pra;eka;parasmEpaxI;wanAxiH}	kq3{karwari;lqt;pra;eka;parasmEpaxI;wanAxiH}	aBihiwa_karwA	-#aBihiwa_karwA	1	1	05	upaniRax	kaTopaniRax	-
2.1	emi	3.1	emi	i1{karwari;lat;u;eka;parasmEpaxI;axAxiH}	i1{karwari;lat;u;eka;parasmEpaxI;axAxiH}	aBihiwa_karwA,3.1	-#aBihiwa_karwA,3.1	1	1	05	upaniRax	kaTopaniRax	-
3.1	praWamaH	2.1	praWamaH	praWama{puM;1;eka}	praWama{puM;1;eka}	karwA,2.1	karwA,2.1#viSeRaNam,6.1#karma,10.1	1	1	05	upaniRax	kaTopaniRax	-
4.1	bahUnAm	4.1	bahUnAm	bahu{puM;6;bahu}/bahu{napuM;6;bahu}/bahu{swrI;6;bahu}	bahu{puM;6;bahu}	nirXAraNam,6.1	viSeRaNam,1.1#karwA,10.1#karma,10.1#RaRTIsambanXaH,10.1#RaRTIsambanXaH,9.1#RaRTIsambanXaH,6.1#RaRTIsambanXaH,3.1#RaRTIsambanXaH,1.1#nirXAraNam,6.1	1	1	05	upaniRax	kaTopaniRax	-
5.1	emi	6.1	emi	i1{karwari;lat;u;eka;parasmEpaxI;axAxiH}	i1{karwari;lat;u;eka;parasmEpaxI;axAxiH}	aBihiwa_karwA,6.1	-#aBihiwa_karwA,6.1	1	1	05	upaniRax	kaTopaniRax	-
6.1	maXyamaH	5.1	maXyamaH	maXyama{puM;1;eka}	maXyama{puM;1;eka}	karwA,5.1	karwA,5.1#karwA,15.1#karma,10.1	1	1	05	upaniRax	kaTopaniRax	-
7.1	kiM	7.1	kim	kiM{napuM;1;eka}	kiM{napuM;1;eka}	viXeya_viSeRaNam,10.1	viSeRaNam,10.1#viXeya_viSeRaNam,10.1	1	1	05	upaniRax	kaTopaniRax	-
8.1	sviw	8.1	-	sviw{avya}	sviw{avya}	sambanXaH,7.1	-#sambanXaH,7.1	1	1	05	upaniRax	kaTopaniRax	-
9.1	yamasya	9.1	--	yama{puM;6;eka}	yama{puM;6;eka}	RaRTIsambanXaH,10.1	karwA,10.1#karma,10.1#RaRTIsambanXaH,10.1#RaRTIsambanXaH,6.1#RaRTIsambanXaH,4.1#RaRTIsambanXaH,3.1#RaRTIsambanXaH,1.1	1	1	05	upaniRax	kaTopaniRax	-
1.1	anupaSya	5.1	anupaSya	anu_xqS1{karwari;lot;ma;eka;parasmEpaxI;BvAxiH}	anu_xqS1{karwari;lot;ma;eka;parasmEpaxI;BvAxiH}	aBihiwa_karwA	-#aBihiwa_karwA	1	1	06	upaniRax	kaTopaniRax	-
10.1	iwi	8.1	-	iwi{avya}	iwi{avya}	vAkyakarma_xyowakaH,9.1	-#vAkyakarma_xyowakaH,9.1	1	1	06	upaniRax	kaTopaniRax	-
11.1	sasyam	10.1	sasyam	sasya{napuM;1;eka}/sasya{napuM;2;eka}	sasya{napuM;1;eka}	upamAnam,13.1	upamAnam,15.1#muKyakarma,14.1#upamAnam,13.1#karwA,18.1#gONakarma,14.1	1	1	06	upaniRax	kaTopaniRax	-
12.1	iva	11.1	iva	iva{avya}	iva{avya}	upamAna_xyowakaH,11.1	upamAnam_rahiwa_upamAna_xyowakaH,13.1#upamAna_xyowakaH,11.1	1	1	06	upaniRax	kaTopaniRax	-
13.1	marwyaH	12.1	marwyaH	marwya{puM;1;eka}	marwya{puM;1;eka}	karwA,14.1	karma,14.1#karwA,18.1#gONakarma,14.1#karwA,14.1	1	1	06	upaniRax	kaTopaniRax	-
14.1	pacyawe	13.1	pacyawe	pac1{karmaNi;lat;pra;eka;AwmanepaxI;BvAxiH}	pac1{karmaNi;lat;pra;eka;AwmanepaxI;BvAxiH}	aBihiwa_karma,8.1;sakarmaka	upamAnam,6.1	1	1	06	upaniRax	kaTopaniRax	-
15.1	sasyam	14.1	sasyam	sasya{napuM;1;eka}/sasya{napuM;2;eka}	sasya{napuM;1;eka}	upamAnam,17.1	muKyakarma,14.1#upamAnam,13.1#karwA,18.1#gONakarma,14.1#upamAnam,17.1	1	1	06	upaniRax	kaTopaniRax	-
16.1	iva	15.1	iva	iva{avya}	iva{avya}	upamAna_xyowakaH,15.1	upamAna_xyowakaH,18.1#upamAna_xyowakaH,15.1	1	1	06	upaniRax	kaTopaniRax	-
17.1	(marwyaH)	16.1	-	marwya{puM;1;eka}	marwya{puM;1;eka}	karwA,18.1	-#karwA,18.1	1	1	06	upaniRax	kaTopaniRax	-
18.1	AjAyawe	18.1	AjAyawe	Af_jan2{karwari;lat;pra;eka;AwmanepaxI;xivAxiH}	Af_jan2{karwari;lat;pra;eka;AwmanepaxI;xivAxiH}	aBihiwa_karwA,17.1	-#aBihiwa_karwA#aBihiwa_karwA,17.1	1	1	06	upaniRax	kaTopaniRax	-
19.1	punaH	17.1	punaH	punaH{avya}	punaH{avya}	kriyAviSeRaNam,18.1	kriyAviSeRaNam,18.1#kriyAviSeRaNam,14.1	1	1	06	upaniRax	kaTopaniRax	-
2.1	yaWA	1.1	yaWA	yaWA{avya}	yaWA{avya}	kriyAviSeRaNam,4.1	sambanXaH,1.1#uwprekRA_xyowakaH,1.1#upamAna_xyowakaH,6.1#niwya_sambanXaH,7.1#kriyAviSeRaNam,6.1#kriyAviSeRaNam,1.1#kriyAviSeRaNam,4.1	1	1	06	upaniRax	kaTopaniRax	-
3.1	pUrve	2.1	pUrve	pUrva{sarvanAma;puM;1;bahu}/pUrva{sarvanAma;napuM;1;xvi}/pUrva{sarvanAma;napuM;2;xvi}/pUrvA{sarvanAma;swrI;1;xvi}/pUrvA{sarvanAma;swrI;2;xvi}/pUrva{puM;7;eka}/pUrva{sarvanAma;puM;7;eka}/pUrva{sarvanAma;napuM;7;eka}	pUrva{sarvanAma;puM;1;bahu}	karwA,4.1	kAlAXikaraNam,6.1#kAlAXikaraNam,1.1#karwA,4.1	1	1	06	upaniRax	kaTopaniRax	-
4.1	(sanwi)	3.1	-	as{karwari;lat;pra;bahu;parasmEpaxI;axAxiH}	as{karwari;lat;pra;bahu;parasmEpaxI;axAxiH}	vAkyakarma,1.1	-#aBihiwa_karwA#aBihiwa_karwA,3.1#vAkyakarma,1.1	1	1	06	upaniRax	kaTopaniRax	-
5.1	(iwi)	4.1	-	iwi{avya}	iwi{avya}	vAkyakarma_xyowakaH,4.1	-#vAkyakarma_xyowakaH,4.1	1	1	06	upaniRax	kaTopaniRax	-
6.1	prawipaSya	9.1	prawipaSya	prawi_xqS1{karwari;lot;ma;eka;parasmEpaxI;BvAxiH}/prawi_paS1{avya{lyap;curAxiH}	prawi_xqS1{karwari;lot;ma;eka;parasmEpaxI;BvAxiH}	aBihiwa_karwA	-#aBihiwa_karwA	1	1	06	upaniRax	kaTopaniRax	-
7.1	waWA	5.1	waWA	waWA{avya}	waWA{avya}	kriyAviSeRaNam,9.1	sambanXaH,6.1#kriyAviSeRaNam,18.1#kriyAviSeRaNam,14.1#kriyAviSeRaNam,6.1#kriyAviSeRaNam,9.1	1	1	06	upaniRax	kaTopaniRax	-
8.1	apare	6.1	pare	apara{sarvanAma;puM;1;bahu}/para{sarvanAma;napuM;1;xvi}/para{sarvanAma;napuM;2;xvi}/parA{sarvanAma;swrI;1;xvi}/parA{sarvanAma;swrI;2;xvi}/para{sarvanAma;puM;7;eka}/apara{sarvanAma;napuM;7;eka}	apara{sarvanAma;puM;1;eka}	karwA,9.1	kAlAXikaraNam,6.1#aXikaraNam,18.1#aXikaraNam,14.1#muKyakarma,14.1#karwA,9.1	1	1	06	upaniRax	kaTopaniRax	-
9.1	(sanwi)	7.1	-	as{karwari;lat;pra;bahu;parasmEpaxI;axAxiH}	as{karwari;lat;pra;bahu;parasmEpaxI;axAxiH}	vAkyakarma,6.1	-#vAkyakarma,6.1	1	1	06	upaniRax	kaTopaniRax	-
1.1	vESvAnaraH	3.1	vESvAnaraH	vESvAnara{puM;1;eka}	vESvAnara{puM;1;eka}	karwA,2.1	karwA,2.1	1	1	07	upaniRax	kaTopaniRax	-
10.1	hara	12.1	hara	hq1{karwari;lot;ma;eka;parasmEpaxI;BvAxiH}/hara{puM;8;eka}/hara{napuM;8;eka}	hq1{karwari;lot;ma;eka;parasmEpaxI;BvAxiH}	aBihiwa_karwA	-#aBihiwa_karwA	1	1	07	upaniRax	kaTopaniRax	-
11.1	vEvasvawa	10.1	vEvasvawa	vEvasvawa{puM;8;eka}	vEvasvawa{puM;8;eka}	samboXyaH,10.1	samboXyaH,10.1	1	1	07	upaniRax	kaTopaniRax	-
12.1	uxakam	11.1	uxakam	uxaka{napuM;1;eka}/uxaka{napuM;2;eka}	uxaka{napuM;2;eka}	muKyakarma,10.1	muKyakarma,10.1#karma,9.1	1	1	07	upaniRax	kaTopaniRax	-
2.1	praviSawi	5.1	praviSawi	pra_viS1{karwari;lat;pra;eka;parasmEpaxI;wuxAxiH}	pra_viS1{karwari;lat;pra;eka;parasmEpaxI;wuxAxiH}	aBihiwa_karwA	-#aBihiwa_karwA	1	1	07	upaniRax	kaTopaniRax	-
3.1	awiWiH	2.1	awiWiH	awiWi{puM;1;eka}	awiWi{puM;1;eka}	viSeRaNam,1.1	karwA,2.1#viSeRaNam,1.1	1	1	07	upaniRax	kaTopaniRax	-
4.1	brAhmaNaH	1.1	brAhmaNaH	brAhmaNa{puM;1;eka}	brAhmaNa{puM;1;eka}	viSeRaNam,1.1	karwA,2.1#viSeRaNam,1.1	1	1	07	upaniRax	kaTopaniRax	-
5.1	gqhAn	4.1	gqhAn	gqha{puM;2;bahu}	gqha{puM;2;bahu}	karma,2.1	muKyakarma,10.1#karma,9.1#karma,2.1#gONakarma,10.1	1	1	07	upaniRax	kaTopaniRax	-
6.1	wasya	6.1	wasya	wax{sarvanAma;napuM;6;eka}/wax{sarvanAma;puM;6;eka}	wax{sarvanAma;napuM;6;eka}	RaRTIsambanXaH,8.1	RaRTIsambanXaH,12.1#RaRTIsambanXaH,11.1#RaRTIsambanXaH,10.1#RaRTIsambanXaH,8.1#RaRTIsambanXaH,5.1#RaRTIsambanXaH,4.1#RaRTIsambanXaH,3.1	1	1	07	upaniRax	kaTopaniRax	-
7.1	ewAm	7.1	ewAm	ewax{sarvanAma;swrI;2;eka}/Af_i1{karwari{lot;pra;xvi;parasmEpaxI;axAxiH}	ewax{sarvanAma;swrI;2;eka}	viSeRaNam,8.1	viSeRaNam,8.1#muKyakarma,10.1#karma,9.1#karma,2.1#gONakarma,10.1	1	1	07	upaniRax	kaTopaniRax	-
8.1	SAnwim	8.1	SAnwim	SAnwi{swrI;2;eka}	SAnwi{swrI;2;eka}	karma,9.1	muKyakarma,10.1#karma,9.1#karma,2.1#gONakarma,10.1	1	1	07	upaniRax	kaTopaniRax	-
9.1	kurvanwi	9.1	kurvanwi	kq3{karwari;lat;pra;bahu;parasmEpaxI;wanAxiH}/kurvaw{napuM;1;bahu(kq3;Sawq_lat;X;wanAxiH)}/kurvaw{napuM;2;bahu(kq3;Sawq_lat;X;wanAxiH)}	kq3{karwari;lat;pra;bahu;parasmEpaxI;wanAxiH}	aBihiwa_karwA	-#aBihiwa_karwA	1	1	07	upaniRax	kaTopaniRax	-
1.1	ASA-	9.1	ASA-prawIkRA	ASA	ASA	xvanxvaH,1.2	xvanxvaH,1.2#bahuvrIhiH,1.2#RaRTI_wawpuruRaH,1.2	1	1	08	upaniRax	kaTopaniRax	-
1.2	prawIkRe	9.2	--	prawIkRA{swrI;1;xvi(prawi_IkR1;A;BvAxiH)}/prawIkRA{swrI;2;xvi(IkR1;A;BvAxiH)}/prawi_IkR1{karwari{lat;u;eka;AwmanepaxI;BvAxiH}/prawIkRA{swrI;8;eka(IkR1;A;BvAxiH)}/prawIkRA{swrI;8;xvi(IkR1;A;BvAxiH)}/prawIkRa{puM;7;eka(IkR1;GaF;X;BvAxiH)}/prawIkRa{napuM;8;xvi}/prawIkRa{napuM;1;xvi}/prawIkRa{napuM;2;xvi}/prawIkRa{napuM;7;eka}	prawIkRA{swrI;2;xvi(IkR1;A;BvAxiH)}	sup_samucciwaH,8.1	sup_samucciwaH,8.1#viSeRaNam,17.1#viSeRaNam,15.1#aXikaraNam,15.1#aXikaraNam,13.1#aXikaraNam,2.1#BkarwA,15.1#sup_samucciwaH,6.2#sup_samucciwaH,3.1#gawikarma,2.1#samboXyaH,15.1#samboXyaH,13.1	1	1	08	upaniRax	kaTopaniRax	-
10.1	vqfkwe	17.1	vqfkwe	vqFj{karwari;lat;pra;eka;AwmanepaxI;axAxiH}	vqFj{karwari;lat;pra;eka;AwmanepaxI;axAxiH}	aBihiwa_karwA,9.1	-#aBihiwa_karwA,9.1	1	1	08	upaniRax	kaTopaniRax	-
11.1	puruRasya	3.1	puruRasya	puruRa{puM;6;eka}	puruRa{puM;6;eka}	RaRTIsambanXaH,17.1	RaRTIsambanXaH,17.1#RaRTIsambanXaH,16.1#RaRTIsambanXaH,15.1#RaRTIsambanXaH,12.2#RaRTIsambanXaH,6.2#RaRTIsambanXaH,3.1#BkarwA,15.1	1	1	08	upaniRax	kaTopaniRax	-
12.1	alpa-	1.1	alpa-meXas	alpa	alpa	karmaXArayaH,12.2	karmaXArayaH_1,12.2#karmaXArayaH,12.2	1	1	08	upaniRax	kaTopaniRax	-
12.2	meXasaH	1.2	--	meXas{napuM;5;eka}/meXas{napuM;6;eka}	meXas{napuM;6;eka}	viSeRaNam,11.1	viSeRaNam,11.1#RaRTIsambanXaH,17.1#RaRTIsambanXaH,16.1#RaRTIsambanXaH,15.1#RaRTIsambanXaH,11.1#RaRTIsambanXaH,6.2#RaRTIsambanXaH,3.1#BkarwA,15.1#hewuH5,15.1#hewuH5,13.1#hewuH5,2.1	1	1	08	upaniRax	kaTopaniRax	-
13.1	yasya	2.1	yasya	yax{sarvanAma;puM;6;eka}/yax{sarvanAma;napuM;6;eka}/yas1{karwari;lot;ma;eka;parasmEpaxI;xivAxiH}	yax{sarvanAma;puM;6;eka}	viSeRaNam,11.1	viSeRaNam,12.2#niwya_sambanXaH1,9.1#RaRTIsambanXaH,17.1#RaRTIsambanXaH,16.1#RaRTIsambanXaH,15.1#RaRTIsambanXaH,12.2#RaRTIsambanXaH,11.1#RaRTIsambanXaH,6.2#RaRTIsambanXaH,3.1#BkarwA,15.1#viSeRaNam,11.1	1	1	08	upaniRax	kaTopaniRax	-
14.1	anaSnan	6.1	anaSnan	anaSnaw{Sawq;puM;1;eka}	anaSnaw{Sawq;puM;1;eka}	varwamAnasamAnakAlaH,15.1	varwamAnasamAnakAlaH,15.1	1	1	08	upaniRax	kaTopaniRax	-
15.1	vasawi	7.1	vasawi	vas1{karwari;lat;pra;eka;parasmEpaxI;BvAxiH}/vasawI{swrI;8;eka}/vasawi{napuM;8;eka}/vasaw{puM;7;eka(vas1;Sawq_lat;X;BvAxiH)}/vasaw{napuM;7;eka(vas1;Sawq_lat;X;BvAxiH)}	vas1{karwari;lat;pra;eka;parasmEpaxI;BvAxiH}	aBihiwa_karwA,16.1	-#aBihiwa_karwA,16.1	1	1	08	upaniRax	kaTopaniRax	-
16.1	brAhmaNaH	5.1	brAhmaNaH	brAhmaNa{puM;1;eka}	brAhmaNa{puM;1;eka}	karwA,15.1	karwA,15.1	1	1	08	upaniRax	kaTopaniRax	-
17.1	gqhe	4.1	gqhe	gqha{napuM;1;xvi}/gqha{napuM;2;xvi}/gqha{napuM;8;xvi}/gqha{napuM;7;eka}	gqha{napuM;7;eka}	aXikaraNam,15.1	aXikaraNam,15.1#aXikaraNam,13.1#aXikaraNam,2.1#BkarwA,15.1#sup_samucciwaH,6.2#sup_samucciwaH,3.1	1	1	08	upaniRax	kaTopaniRax	-
2.1	safgawam	10.1	safgawam	safgawa{puM;2;eka(sam_gam1;kwa;X;BvAxiH)}/safgawa{napuM;1;eka(sam_gam1;kwa;X;BvAxiH)}/safgawa{napuM;2;eka(sam_gam1;kwa;X;BvAxiH)}	safgawa{puM;2;eka(sam_gam1;kwa;X;BvAxiH)}	sup_samucciwaH,8.1	sup_samucciwaH,8.1#sup_samucciwaH,9.1#sup_samucciwaH,6.2#sup_samucciwaH,3.1#karma,1.2	1	1	08	upaniRax	kaTopaniRax	-
3.1	sUnqwAm	11.1	sUnqwAm	sUnqwA{swrI;2;eka}	sUnqwA{swrI;2;eka}	sup_samucciwaH,8.1	sup_samucciwaH,8.1#sup_samucciwaH,6.2#karma,1.2#gawikarma,2.1	1	1	08	upaniRax	kaTopaniRax	-
4.1	ca	12.1	ca	ca{avya}	ca{avya}	samuccaya_xyowakaH,3.1	samuccaya_xyowakaH,3.1#sambanXaH,3.1	1	1	08	upaniRax	kaTopaniRax	-
5.1	iRta-	13.1	iRta-	iRta(iR2;kwa;X;wuxAxiH)}/iRta(yaj1{kwa;X;BvAxiH)	iRta(iR2;kwa;X;wuxAxiH)	xvanxvaH,5.2	xvanxvaH,5.2	1	1	08	upaniRax	kaTopaniRax	-
5.2	ApUrwe	13.2	--	ApUrwa{napuM;2;eka}	ApUrwa{napuM;2;eka}	sup_samucciwaH,8.1	sup_samucciwaH,8.1	1	1	08	upaniRax	kaTopaniRax	-
6.1	puwra-	14.1	puwra-paSu	puwra	puwra	xvanxvaH,6.2	xvanxvaH,6.2#bahuvrIhiH,6.2#RaRTI_wawpuruRaH,6.2	1	1	08	upaniRax	kaTopaniRax	-
6.2	paSUn	14.2	--	paSu{puM;2;bahu}	paSu{puM;2;bahu}	sup_samucciwaH,8.1	sup_samucciwaH,8.1#sup_samucciwaH,3.1#karma,1.2#gawikarma,2.1	1	1	08	upaniRax	kaTopaniRax	-
7.1	ca	15.1	ca	ca{avya}	ca{avya}	samuccaya_xyowakaH,6.2	samuccaya_xyowakaH,6.2#sambanXaH,6.2	1	1	08	upaniRax	kaTopaniRax	-
8.1	sarvAn	16.1	sarvAn	sarva{sarvanAma;puM;2;bahu}	sarva{sarvanAma;puM;2;bahu}	karma,10.1	karma,10.1#viSeRaNam,6.2#sup_samucciwaH,6.2#sup_samucciwaH,3.1#karma,1.2#gawikarma,2.1	1	1	08	upaniRax	kaTopaniRax	-
9.1	ewax	8.1	ewax	ewax{sarvanAma;napuM;1;eka}/ewax{sarvanAma;napuM;2;eka}	ewax{sarvanAma;napuM;1;eka}	karwA,10.1	karwA,10.1#viSeRaNam,2.1#sup_samucciwaH,6.2#sup_samucciwaH,3.1#gawikarma,2.1#karwA,15.1#gawikarwA,2.1	1	1	08	upaniRax	kaTopaniRax	-
1.1	wisraH	6.1	wisraH	wri{saMKyeyam;swrI;1;bahu}/wri{saMKyeyam;swrI;2;bahu}/wisi{saMKyeyam;puM;1;bahu}/wisi{saMKyeyam;puM;2;bahu}	wri{saMKyeyam;swrI;2;bahu}	viSeRaNam,2.1	karma,2.1#viSeRaNam,2.1	1	1	09	upaniRax	kaTopaniRax	-
10.1	namasyaH	8.1	namasyaH	namasya{puM;1;eka}	namasya{puM;1;eka}	viSeRaNam,9.1	viSeRaNam,9.1#karwA_be_verbs,17.1#karwA_be_verbs,13.1	1	1	09	upaniRax	kaTopaniRax	-
11.1	namaH	13.1	namaH	namaH{avya}	namaH{avya}	karwA,13.1	sambanXa_upa,22.1#sambanXa_upa,17.1#sambanXa_upa,13.1#karwA,13.1	1	1	09	upaniRax	kaTopaniRax	-
12.1	we	12.1	we	wax{sarvanAma;puM;1;bahu}/wax{sarvanAma;napuM;1;xvi}/wax{sarvanAma;napuM;2;xvi}/wax{sarvanAma;swrI;1;xvi}/wax{sarvanAma;swrI;2;xvi}/yuRmax{sarvanAma;6;eka}/yuRmax{sarvanAma;4;eka}	yuRmax{sarvanAma;4;eka}	prayojanam,11.1	prayojanam1,13.1#sampraxAnam,2.1#prayojanam1,22.1#prayojanam1,17.1#prayojanam1,13.1#prayojanam1,11.1#prayojanam1,4.1#RaRTIsambanXaH,21.1#RaRTIsambanXaH,20.1#RaRTIsambanXaH,14.1#RaRTIsambanXaH,10.1#RaRTIsambanXaH,9.1#RaRTIsambanXaH,8.1#RaRTIsambanXaH,5.1#viSeRaNam,5.1#viSeRaNam,1.1#prayojanam,11.1	1	1	09	upaniRax	kaTopaniRax	-
13.1	aswu	14.1	aswu	aswu{avya}/as2{karwari;lot;pra;eka;parasmEpaxI;axAxiH}	as2{karwari;lot;pra;eka;parasmEpaxI;axAxiH}	aBihiwa_karwA	-#aBihiwa_karwA	1	1	09	upaniRax	kaTopaniRax	-
14.1	brahman	15.1	brahman	brahman{puM;8;eka}/brahman{napuM;8;eka}	brahman{puM;8;eka}	samboXyaH,13.1	samboXyaH,13.1	1	1	09	upaniRax	kaTopaniRax	-
15.1	svaswi	17.1	svaswi	svaswi{avya}	svaswi{avya}	karwA,17.1	sambanXaH,17.1#karwA,17.1	1	1	09	upaniRax	kaTopaniRax	-
16.1	me	16.1	me	asmax{sarvanAma;6;eka}/asmax{sarvanAma;4;eka}	asmax{sarvanAma;4;eka}	prayojanam,15.1	RaRTIsambanXaH,17.1#viSeRaNam,12.1#sampraxAnam,2.1#prayojanam1,22.1#prayojanam1,17.1#prayojanam1,15.1#prayojanam1,13.1#prayojanam1,4.1#RaRTIsambanXaH,21.1#RaRTIsambanXaH,20.1#RaRTIsambanXaH,14.1#RaRTIsambanXaH,10.1#RaRTIsambanXaH,9.1#RaRTIsambanXaH,8.1#RaRTIsambanXaH,5.1#prayojanam,15.1	1	1	09	upaniRax	kaTopaniRax	-
17.1	aswu	18.1	aswu	aswu{avya}/as2{karwari;lot;pra;eka;parasmEpaxI;axAxiH}	as2{karwari;lot;pra;eka;parasmEpaxI;axAxiH}	aBihiwa_karwA	-#aBihiwa_karwA	1	1	09	upaniRax	kaTopaniRax	-
18.1	wasmAw	19.1	wasmAw	wax{sarvanAma;puM;5;eka}/wax{sarvanAma;napuM;5;eka}	wax{sarvanAma;puM;5;eka}	kArya_xyowakaH,22.1	wulanA_binxuH,21.1#upa_karmapravacanIyaH,19.1#kArya_xyowakaH,22.1#kArya_xyowakaH,17.1#kArya_xyowakaH,13.1#kArya_xyowakaH,4.1	1	1	09	upaniRax	kaTopaniRax	-
19.1	prawi	20.1	prawi	prawi{avya}	prawi{avya}	sambanXa_upa,22.1	sambanXa_upa,22.1	1	1	09	upaniRax	kaTopaniRax	-
2.1	rAwrIH	7.1	rAwrIH	rAwri{swrI;2;bahu}/rAwrI{swrI;2;bahu(rA1;wqc;X;axAxiH)}/rAwrI{swrI;2;bahu(rE1;wqc;X;BvAxiH)}	rAwri{swrI;2;bahu}	awyanwasaMyogaH,4.1	karma,4.1#viSeRaNam,1.1#awyanwasaMyoga_sambanXaH,22.1#awyanwasaMyoga_sambanXaH,17.1#awyanwasaMyoga_sambanXaH,13.1#awyanwasaMyoga_sambanXaH,4.1#awyanwa_saMyogaH,4.1#awyanwasaMyogaH,4.1#awyanwasaMyogaH,4.1	1	1	09	upaniRax	kaTopaniRax	-
20.1	wrIn	21.1	wrIn	wri{saMKyeyam;puM;2;bahu}	wri{saMKyeyam;puM;2;bahu}	viSeRaNam,21.1	viSeRaNam,21.1#viSeRaNam,1.1#upa_karmapravacanIyaH,19.1#upa_ABimuKyam,19.1#muKyakarma,22.1#gONakarma,22.1	1	1	09	upaniRax	kaTopaniRax	-
21.1	varAn	22.1	varAn	vara{puM;2;bahu}	vara{puM;2;bahu}	upa_karmapravacanIyaH,19.1	viSeRaNam,20.1#viSeRaNam,1.1#upa_karmapravacanIyaH,19.1#upa_ABimuKyam,19.1#muKyakarma,22.1#gONakarma,22.1	1	1	09	upaniRax	kaTopaniRax	-
22.1	vqNIRva	23.1	vqNIRva	vq2{karwari;lot;ma;eka;AwmanepaxI;kryAxiH}	vq2{karwari;lot;ma;eka;AwmanepaxI;kryAxiH}	aBihiwa_karwA	-#aBihiwa_karwA	1	1	09	upaniRax	kaTopaniRax	-
3.1	yax	2.1	yax	yax{sarvanAma;napuM;1;eka}/yax{sarvanAma;napuM;2;eka}	yax{sarvanAma;napuM;1;eka}	niwya_sambanXaH,4.1	niwya_sambanXaH1,4.1#niwya_sambanXaH1,18.1#karma,2.1#niwya_sambanXaH,4.1	1	1	09	upaniRax	kaTopaniRax	-
4.1	avAwsIH	11.1	avAwsIH	vas1{karwari;luf;ma;eka;parasmEpaxI;BvAxiH}	vas1{karwari;luf;ma;eka;parasmEpaxI;BvAxiH}	aBihiwa_karwA	-#aBihiwa_karwA	1	1	09	upaniRax	kaTopaniRax	-
5.1	gqhe	4.1	gqhe	gqha{napuM;1;xvi}/gqha{napuM;2;xvi}/gqha{napuM;8;xvi}/gqha{napuM;7;eka}	gqha{napuM;7;eka}	aXikaraNam,4.1	aXikaraNam,4.1#aXikaraNam,22.1#aXikaraNam,17.1#aXikaraNam,13.1#aXikaraNam,4.1#karma,2.1	1	1	09	upaniRax	kaTopaniRax	-
6.1	me	3.1	me	asmax{sarvanAma;6;eka}/asmax{sarvanAma;4;eka}	asmax{sarvanAma;6;eka}	RaRTIsambanXaH,5.1	RaRTIsambanXaH,4.1#viSeRaNam,12.1#sampraxAnam,2.1#prayojanam1,22.1#prayojanam1,17.1#prayojanam1,13.1#prayojanam1,4.1#RaRTIsambanXaH,21.1#RaRTIsambanXaH,20.1#RaRTIsambanXaH,14.1#RaRTIsambanXaH,10.1#RaRTIsambanXaH,9.1#RaRTIsambanXaH,8.1#RaRTIsambanXaH,5.1	1	1	09	upaniRax	kaTopaniRax	-
7.1	anaSnan	10.1	anaSnan	anaSnaw{Sawq;puM;1;eka}	anaSnaw{Sawq;puM;1;eka}	varwamAnasamAnakAlaH,4.1	varwamAnasamAnakAlaH,4.1	1	1	09	upaniRax	kaTopaniRax	-
8.1	brahman	1.1	brahman	brahman{puM;8;eka}/brahman{napuM;8;eka}	brahman{puM;8;eka}	samboXyaH,4.1	samboXyaH,4.1	1	1	09	upaniRax	kaTopaniRax	-
9.1	awiWiH	9.1	awiWiH	awiWi{puM;1;eka}	awiWi{puM;1;eka}	karwA,4.1	karwA,4.1#karwA_be_verbs,13.1	1	1	09	upaniRax	kaTopaniRax	-
1.1	SAnwa-	4.1	SAnwa-safkalpa	SAnwa	SAnwa	bahuvrIhiH,1.2	bahuvrIhiH,1.2#RaRTI_wawpuruRaH,1.2	1	1	10	upaniRax	kaTopaniRax	-
1.2	safkalpaH	4.2	--	safkalpa{puM;1;eka}	safkalpa{puM;1;eka}	viXeya_viSeRaNam,6.1	viXeya_viSeRaNam,6.1#viXeya_viSeRaNam,2.1#viSeRaNam,15.1#viSeRaNam,6.1#viSeRaNam,5.2#karwA_be_verbs,4.1	1	1	10	upaniRax	kaTopaniRax	-
10.1	wvaw	12.1	wvaw	yuRmax{sarvanAma;5;eka}	yuRmax{sarvanAma;5;eka}	apAxAnam,11.1	wulanA_binxuH,19.1#hewuH5,20.1#hewuH5,15.1#hewuH5,14.1#hewuH5,11.1#hewuH5,4.1#apAxAnam,11.1	1	1	10	upaniRax	kaTopaniRax	-
11.1	prasqRtam	13.1	prasqRtam	prasqRta{puM;2;eka(pra_sqj1;kwa;X;xivAxiH)}/prasqRta{napuM;1;eka(pra_sqj1;kwa;X;xivAxiH)}/prasqRta{napuM;2;eka(pra_sqj1;kwa;X;xivAxiH)}/prasqRta{puM;2;eka(pra_sqj2;kwa;X;wuxAxiH)}/prasqRta{napuM;1;eka(pra_sqj2;kwa;X;wuxAxiH)}/prasqRta{napuM;2;eka(pra_sqj2;kwa;X;wuxAxiH)}/prasqRta{puM;1;eka(pra_sqj1;kwa;X;xivAxiH)}	prasqRta{napuM;1;eka(pra_sqj1;kwa;X;xivAxiH)}	viSeRaNam,12.1	viSeRaNam,13.1#viSeRaNam,19.1#viSeRaNam,16.1#viSeRaNam,8.1#viXeya_viSeRaNam,8.1#viSeRaNam,18.1#karwA_be_verbs,4.1#karwA,14.1#viSeRaNam,12.1	1	1	10	upaniRax	kaTopaniRax	-
12.1	(san)	14.1	-	as2{Sawq_lat;X;asaz;axAxiH;saw;puM;1;eka}	as2{Sawq_lat;X;asaz;axAxiH;saw;puM;1;eka}	varwamAnasamAnakAlaH,14.1	varwamAnasamAnakAlaH,14.1	1	1	10	upaniRax	kaTopaniRax	-
13.1	mA(mAm)	11.1	mA	asmax{sarvanAma;2;eka}	asmax{sarvanAma;2;eka}	karma,14.1	karma,14.1#muKyakarma,20.1#gONakarma,20.1	1	1	10	upaniRax	kaTopaniRax	-
14.1	aBivaxew	10.1	aBivaxew	aBi_vax1{karwari;viXilif;pra;eka;parasmEpaxI;BvAxiH}	aBi_vax1{karwari;viXilif;pra;eka;parasmEpaxI;BvAxiH}	aBihiwa_karwA,15.1	-#aBihiwa_karwA,15.1	1	1	10	upaniRax	kaTopaniRax	-
15.1	prawIwaH	15.1	prawIwaH	prawIwa{puM;1;eka(prawi_i1;kwa;X;axAxiH)}	prawIwa{puM;1;eka(prawi_i1;kwa;X;axAxiH)}	karwA,14.1	viXeya_viSeRaNam,6.1#viXeya_viSeRaNam,5.2#viXeya_viSeRaNam,2.1#viXeya_viSeRaNam,1.2#karwA,14.1	1	1	10	upaniRax	kaTopaniRax	-
16.1	ewaw	18.1	ewaw	ewax{sarvanAma;napuM;1;eka}/ewax{sarvanAma;napuM;2;eka}	ewax{sarvanAma;napuM;2;eka}	karma,20.1	karwA,20.1#viSeRaNam,19.1#viSeRaNam,18.1#viSeRaNam,11.1#viSeRaNam,8.1#muKyakarma,20.1#karwA,14.1#karma,20.1	1	1	10	upaniRax	kaTopaniRax	-
17.1	wrayANAm	16.1	wrayANAm	wri{saMKyeyam;puM;6;bahu}/wri{saMKyeyam;napuM;6;bahu}/wri{saMKyA;napuM;6;bahu}/wraya{puM;6;bahu}/wraya{napuM;6;bahu}	wri{saMKyeyam;puM;6;bahu}	nirXAraNam,16.1	nirXAraNam,20.1#nirXAraNam,19.1#RaRTIsambanXaH,19.1#RaRTIsambanXaH,18.1#RaRTIsambanXaH,9.1#RaRTIsambanXaH,8.1#RaRTIsambanXaH,6.1#RaRTIsambanXaH,5.2#RaRTIsambanXaH,2.1#nirXAraNam,16.1	1	1	10	upaniRax	kaTopaniRax	-
18.1	praWamam	17.1	praWamam	praWama{napuM;1;eka}/praWama{napuM;2;eka}/praWama{puM;2;eka}/praWama{napuM;1;eka}/praWama{napuM;2;eka}	praWama{puM;2;eka}	viSeRaNam,19.1	viSeRaNam,19.1#viSeRaNam,19.1#viSeRaNam,16.1#viSeRaNam,11.1#viSeRaNam,8.1#kriyAviSeRaNam,20.1#kriyAviSeRaNam,15.1#kriyAviSeRaNam,14.1#kriyAviSeRaNam,11.1#kriyAviSeRaNam,5.1#kriyAviSeRaNam,4.1#viXeya_viSeRaNam,16.1#karwA,14.1	1	1	10	upaniRax	kaTopaniRax	-
19.1	varam	19.1	varam	varam{avya}/vara{puM;2;eka}/vara{napuM;1;eka}/vara{napuM;2;eka}	vara{puM;2;eka}	karmasamAnAXikaraNam,20.1	muKyakarma,20.1#viSeRaNam,18.1#viSeRaNam,16.1#viSeRaNam,11.1#viSeRaNam,8.1#muKyakarma,20.1#viXeya_viSeRaNam,18.1#viXeya_viSeRaNam,16.1#viXeya_viSeRaNam,15.1#viXeya_viSeRaNam,11.1#viXeya_viSeRaNam,8.1#viXeya_viSeRaNam,6.1#viXeya_viSeRaNam,5.2#viXeya_viSeRaNam,2.1#karwA,14.1#gONakarma,20.1#karmasamAnAXikaraNam,20.1	1	1	10	upaniRax	kaTopaniRax	-
2.1	su-	5.1	sumanAH	su	su	bahuvrIhiH,2.2	wawpuruRaH,2.2#bahuvrIhiH,2.2	1	1	10	upaniRax	kaTopaniRax	-
2.2	manAH	5.2	-	mana{puM;8;bahu}/mana{puM;1;bahu}/manA{swrI;8;bahu}/manA{swrI;1;bahu}/manA{swrI;2;bahu}/manas{puM;1;eka}	mana{puM;1;bahu}	viXeya_viSeRaNam,6.1	viXeya_viSeRaNam,6.1#viXeya_viSeRaNam,1.2#viSeRaNam,15.1#viSeRaNam,6.1#viSeRaNam,5.2#upamAnam,1.2#kriyAviSeRaNam,20.1#kriyAviSeRaNam,15.1#kriyAviSeRaNam,14.1#kriyAviSeRaNam,11.1#kriyAviSeRaNam,5.1#kriyAviSeRaNam,4.1#karwA_be_verbs,4.1#samboXyaH,20.1#samboXyaH,14.1#samboXyaH,4.1	1	1	10	upaniRax	kaTopaniRax	-
20.1	vqNe	20.1	vqNe	vq2{karwari;lat;u;eka;AwmanepaxI;kryAxiH}	vq2{karwari;lat;u;eka;AwmanepaxI;kryAxiH}	aBihiwa_karwA	-#aBihiwa_karwA	1	1	10	upaniRax	kaTopaniRax	-
3.1	yaWA	2.1	yaWA	yaWA{avya}	yaWA{avya}	kriyAviSeRaNam,4.1	upamAna_xyowakaH,6.1#upamAna_xyowakaH,5.2#upamAna_xyowakaH,2.1#kriyAviSeRaNam,20.1#kriyAviSeRaNam,15.1#kriyAviSeRaNam,14.1#kriyAviSeRaNam,11.1#kriyAviSeRaNam,4.1	1	1	10	upaniRax	kaTopaniRax	-
4.1	syAw	7.1	syAw	as2{karwari;viXilif;pra;eka;parasmEpaxI;axAxiH}	as2{karwari;viXilif;pra;eka;parasmEpaxI;axAxiH}	aBihiwa_karwA,6.1	-#aBihiwa_karwA#aBihiwa_karwA,6.1	1	1	10	upaniRax	kaTopaniRax	-
5.1	vIwa-	6.1	vIwa-manyu	vIwa(vi_i1;kwa;X;axAxiH)}/vIwa(vye1{kwa;X;BvAxiH)	vIwa(vi_i1;kwa;X;axAxiH)	bahuvrIhiH,5.2	bahuvrIhiH,5.2	1	1	10	upaniRax	kaTopaniRax	-
5.2	manyuH	6.2	--	manyu{puM;1;eka}	manyu{puM;1;eka}	viXeya_viSeRaNam,6.1	viXeya_viSeRaNam,6.1#viXeya_viSeRaNam,2.1#viXeya_viSeRaNam,1.2#viSeRaNam,15.1#viSeRaNam,6.1#upamAnam,2.1#upamAnam,1.2#karwA_be_verbs,4.1	1	1	10	upaniRax	kaTopaniRax	-
6.1	gOwamaH	3.1	gOwamaH	gOwama{puM;1;eka}	gOwama{puM;1;eka}	karwA,4.1	upamAnam,2.1#upamAnam,1.2#karwA_be_verbs,4.1#karwA,14.1	1	1	10	upaniRax	kaTopaniRax	-
7.1	mA(mAm)	8.1	mA	asmax{sarvanAma;2;eka}	asmax{sarvanAma;2;eka}	upa_karmapravacanIyaH,4.1	upa_karmapravacanIyaH,4.1#upamAnam,2.2#upa_karmapravacanIyaH,8.1	1	1	10	upaniRax	kaTopaniRax	-
8.1	aBi	9.1	aBi	aBi{avya}	aBi{avya}	karmapravacanIyaH_xyowakaH,7.1	karmapravacanIyaH_xyowakaH,7.1#karwA_be_verbs,4.1#karwA,14.1	1	1	10	upaniRax	kaTopaniRax	-
9.1	mqwyo	1.1	mqwyo	mqwyu{puM;8;eka}	mqwyu{puM;8;eka}	samboXyaH,4.1	samboXyaH,4.1#viSeRaNam,8.1	1	1	10	upaniRax	kaTopaniRax	-
1.1	yaWA	1.1	yaWA	yaWA{avya}	yaWA{avya}	kriyAviSeRaNam,3.1	kriyAviSeRaNam,11.1#kriyAviSeRaNam,8.1#kriyAviSeRaNam,4.1#kriyAviSeRaNam,3.1	1	1	11	upaniRax	kaTopaniRax	-
10.1	rAwrIH	17.1	rAwrIH	rAwri{swrI;2;bahu}/rAwrI{swrI;2;bahu(rA1;wqc;X;axAxiH)}/rAwrI{swrI;2;bahu(rE1;wqc;X;BvAxiH)}	rAwri{swrI;2;bahu}	awyanwasaMyogaH,11.1	viSeRaNam,11.1#karma,11.1#awyanwasaMyoga_sambanXaH,11.1#awyanwasaMyoga_sambanXaH,8.1#awyanwasaMyoga_sambanXaH,4.1#awyanwasaMyoga_sambanXaH,3.1#awyanwasaMyogaH,11.1	1	1	11	upaniRax	kaTopaniRax	-
11.1	SayiwA	18.1	SayiwAH	SI{karwari;lut;pra;eka;parasmEpaxI;axAxiH}	SI{karwari;lut;pra;eka;parasmEpaxI;axAxiH}	aBihiwa_karwA	-#aBihiwa_karwA	1	1	11	upaniRax	kaTopaniRax	-
12.1	vIwa-	9.1	vIwa-manyu	vIwa(vi_i1;kwa;X;axAxiH)}/vIwa(vye1{kwa;X;BvAxiH)	vIwa(vi_i1;kwa;X;axAxiH)	bahuvrIhiH,12.2	bahuvrIhiH,12.2#karmaXArayaH_1,12.2	1	1	11	upaniRax	kaTopaniRax	-
12.2	manyuH	9.2	--	manyu{puM;1;eka}	manyu{puM;1;eka}	viSeRaNam,13.1	karwA,11.1#viXeya_viSeRaNam,9.1#viXeya_viSeRaNam,8.1#viXeya_viSeRaNam,4.1#viXeya_viSeRaNam,2.1#viSeRaNam,3.1#viSeRaNam,13.1	1	1	11	upaniRax	kaTopaniRax	-
13.1	(san)	10.1	-	as2{Sawq_lat;X;asaz;axAxiH;saw;puM;1;eka}	as2{Sawq_lat;X;asaz;axAxiH;saw;puM;1;eka}	varwamAnasamAnakAlaH,11.1	varwamAnasamAnakAlaH,#varwamAnasamAnakAlaH,11.1	1	1	11	upaniRax	kaTopaniRax	-
14.1	wvAm	13.1	wvAm	yuRmax{sarvanAma;2;eka}	yuRmax{sarvanAma;2;eka}	karma,15.1	karma,11.1#karma,10.1#karma,15.1	1	1	11	upaniRax	kaTopaniRax	-
15.1	xaxqSivAn	14.1	xaxqSivAn	xaxqSivaw{puM;1;eka}	xaxqSivaw{puM;1;eka}	viSeRaNam,16.1	varwamAnasamAnakAlaH,14.1#viSeRaNam,16.1	1	1	11	upaniRax	kaTopaniRax	-
16.1	(san)	15.1	-	as2{Sawq_lat;X;asaz;axAxiH;saw;puM;1;eka}	as2{Sawq_lat;X;asaz;axAxiH;saw;puM;1;eka}	varwamAnasamAnakAlaH,11.1	varwamAnasamAnakAlaH,11.1	1	1	11	upaniRax	kaTopaniRax	-
17.1	mqwyu-	11.1	mqwyu-muKa	mqwyu	mqwyu	RaRTI-wawpuruRaH,17.2	bahuvrIhiH,17.2#RaRTI_wawpuruRaH,17.2#RaRTI-wawpuruRaH,17.2	1	1	11	upaniRax	kaTopaniRax	-
17.2	muKAw	11.2	--	muKa{puM;5;eka}/muKa{napuM;5;eka}	muKa{puM;5;eka}	hewuH,18.1	viSeRaNam,7.1#hewuH5,11.1#hewuH5,10.1#hewuH5,8.1#hewuH5,4.1#hewuH5,18.1#hewuH,18.1	1	1	11	upaniRax	kaTopaniRax	-
18.1	pramukwam	12.1	pramukwam	pramukwa{puM;2;eka}/pramukwa{napuM;1;eka}/pramukwa{napuM;2;eka}	pramukwa{puM;2;eka}	viSeRaNam,14.1	viSeRaNam,14.1#karma,11.1#karma,10.1#viXeya_viSeRaNam,12.2#viXeya_viSeRaNam,9.1#viXeya_viSeRaNam,8.1#viXeya_viSeRaNam,4.1#viXeya_viSeRaNam,2.1	1	1	11	upaniRax	kaTopaniRax	-
2.1	puraswAw	2.1	puraswAw	puraswAw{avya}	puraswAw{avya}	kriyAviSeRaNam,3.1	xeSAXikaraNam_upa,12.1#xeSAXikaraNam_upa,11.1#xeSAXikaraNam_upa,10.1#xeSAXikaraNam_upa,8.1#xeSAXikaraNam_upa,4.1#xeSAXikaraNam_upa,3.1#karwA_upa,3.1#kriyAviSeRaNam,3.1	1	1	11	upaniRax	kaTopaniRax	-
3.1	BaviwA	6.1	BaviwA	BU1{karwari;lut;pra;eka;parasmEpaxI;BvAxiH}/BU1{karmaNi;lut;pra;eka;AwmanepaxI;BvAxiH}/as2{karmaNi;lut;pra;eka;AwmanepaxI;axAxiH}/Baviwq{puM;1;eka(as2;wqc;X;axAxiH)}/Baviwq{puM;1;eka(BU1;wqc;X;BvAxiH)}	BU1{karwari;lut;pra;eka;parasmEpaxI;BvAxiH}	aBihiwa_karwA,6.1	-#aBihiwa_karwA,6.1	1	1	11	upaniRax	kaTopaniRax	-
4.1	prawIwaH	5.1	prawIwaH	prawIwa{puM;1;eka(prawi_i1;kwa;X;axAxiH)}	prawIwa{puM;1;eka(prawi_i1;kwa;X;axAxiH)}	viXeya_viSeRaNam,6.1	viXeya_viSeRaNam,6.1#viXeya_viSeRaNam,2.1#viSeRaNam,12.2#viSeRaNam,8.1#viSeRaNam,3.1#karwA_be_verbs,3.1	1	1	11	upaniRax	kaTopaniRax	-
5.1	OxxAlakiH	4.1	OxxAlakiH	OxxAlaki{puM;1;eka}	OxxAlaki{puM;1;eka}	viXeya_viSeRaNam,6.1	viXeya_viSeRaNam,6.1	1	1	11	upaniRax	kaTopaniRax	-
6.1	AruNiH	3.1	AruNiH	AruNi{puM;1;eka}	AruNi{puM;1;eka}	karwA,3.1	karwA,3.1	1	1	11	upaniRax	kaTopaniRax	-
7.1	maw	7.1	maw	asmax{sarvanAma;5;eka}	asmax{sarvanAma;5;eka}	hewuH,8.1	hewuH5,11.1#hewuH5,10.1#hewuH5,8.1#hewuH5,4.1#hewuH5,3.1#hewuH,8.1	1	1	11	upaniRax	kaTopaniRax	-
8.1	prasqRtaH	8.1	prasqRtaH	prasqRta{puM;1;eka(pra_sqj1;kwa;X;xivAxiH)}/prasqRta{puM;1;eka(pra_sqj2;kwa;X;wuxAxiH)}	prasqRta{puM;1;eka(pra_sqj1;kwa;X;xivAxiH)}	karwA,11.1	karwqsamAnAXikaraNam,3.1#viXeya_viSeRaNam,4.1#viXeya_viSeRaNam,2.1#viSeRaNam,12.2#viSeRaNam,3.1#karwA_be_verbs,3.1#karwA,11.1	1	1	11	upaniRax	kaTopaniRax	-
9.1	suKam	16.1	suKam	suKam{avya}/suKa{puM;2;eka}/suKa{napuM;1;eka}/suKa{napuM;2;eka}	suKa{puM;2;eka}	kriyAviSeRaNam,11.1	kriyAviSeRaNam,11.1#viSeRaNam,18.1#viSeRaNam,14.1#karma,11.1#karma,10.1#viXeya_viSeRaNam,8.1#viXeya_viSeRaNam,4.1#viXeya_viSeRaNam,2.1#karwA_be_verbs,3.1#kriyAviSeRaNam,11.1#kriyAviSeRaNam,8.1#kriyAviSeRaNam,4.1#kriyAviSeRaNam,3.1	1	1	11	upaniRax	kaTopaniRax	-
1.1	svarge	1.1	svarge	svarga{puM;7;eka}	svarga{puM;7;eka}	viSeRaNam,2.1	viSeRaNam,2.1#aXikaraNam,21.1#aXikaraNam,15.1#aXikaraNam,13.1#aXikaraNam,6.1	1	1	12	upaniRax	kaTopaniRax	-
10.1	(aswi)	10.1	-	as{karwari;lat;pra;eka;parasmEpaxI;axAxiH}	as{karwari;lat;pra;eka;parasmEpaxI;axAxiH}	aBihiwa_karwA,9.1	-#aBihiwa_karwA,9.1	1	1	12	upaniRax	kaTopaniRax	-
11.1	na	12.1	na	na{avya}	na{avya}	prawiReXaH,13.1	prawiReXaH,12.1#prawiReXaH,21.1#prawiReXaH,15.1#prawiReXaH,13.1	1	1	12	upaniRax	kaTopaniRax	-
12.1	jarayA	11.1	jarayA	jarA{swrI;3;eka}	jarA{swrI;3;eka}	hewuH,13.1	hewuH,21.1#hewuH,15.1#hewuH,13.1#hewuH,6.1	1	1	12	upaniRax	kaTopaniRax	-
13.1	biBewi	13.1	biBewi	BI1{karwari;lat;pra;eka;parasmEpaxI;juhowyAxiH}	BI1{karwari;lat;pra;eka;parasmEpaxI;juhowyAxiH}	aBihiwa_karwA	-#aBihiwa_karwA	1	1	12	upaniRax	kaTopaniRax	-
14.1	uBe	14.1	uBe	uBa{sarvanAma;napuM;1;xvi}/uBa{sarvanAma;napuM;2;xvi}/uBA{sarvanAma;swrI;1;xvi}/uBA{sarvanAma;swrI;2;xvi}	uBA{sarvanAma;swrI;2;xvi}	viSeRaNam,16.2	viSeRaNam,16.2#karma,15.1	1	1	12	upaniRax	kaTopaniRax	-
15.1	wIrwvA	16.1	wIrwvA	wQ1{avya;kwvA;BvAxiH}	wQ1{avya;kwvA;BvAxiH}	pUrvakAlaH,21.1	pUrvakAlaH,21.1#pUrvakAlaH,13.1	1	1	12	upaniRax	kaTopaniRax	-
16.1	aSanAyA-	15.1	aSanAyA-pipAsA	aSanAyA	aSanAyA	xvanxvaH,16.2	xvanxvaH,16.2#bahuvrIhiH,16.2#RaRTI_wawpuruRaH,16.2	1	1	12	upaniRax	kaTopaniRax	-
16.2	pipAse	15.2	--	pipAsA{swrI;1;xvi}/pipAsA{swrI;2;xvi}/pipAsA{swrI;8;eka}/pipAsA{swrI;8;xvi}/pipAsa{puM;7;eka}/pipAsa{napuM;8;xvi}/pipAsa{napuM;1;xvi}/pipAsa{napuM;2;xvi}/pipAsa{napuM;7;eka}	pipAsA{swrI;2;xvi}	karma,15.1	aXikaraNam,21.1#aXikaraNam,15.1#aXikaraNam,13.1#aXikaraNam,6.1#karma,15.1#samboXyaH,21.1#samboXyaH,13.1#samboXyaH,6.1#viSeRaNam,22.2#viSeRaNam,2.1	1	1	12	upaniRax	kaTopaniRax	-
17.1	Soka-	17.1	Soka-awiga	Soka	Soka	wawpuruRaH,17.2	wawpuruRaH,17.2	1	1	12	upaniRax	kaTopaniRax	-
17.2	awigaH	17.2	--	awiga{puM;1;eka}	awiga{puM;1;eka}	viSeRaNam,18.1	viXeya_viSeRaNam,4.1#viSeRaNam,9.1#karwA,21.1#karwA,13.1#viSeRaNam,18.1	1	1	12	upaniRax	kaTopaniRax	-
18.1	(san)	18.1	-	as2{Sawq_lat;X;asaz;axAxiH;saw;puM;1;eka}	as2{Sawq_lat;X;asaz;axAxiH;saw;puM;1;eka}	varwamAnasamAnakAlaH,21.1	varwamAnasamAnakAlaH,#varwamAnasamAnakAlaH,21.1	1	1	12	upaniRax	kaTopaniRax	-
19.1	(kaH)	19.1	-	kim{sarva;puM;1;eka}	kim{sarva;puM;1;eka}	karwA,21.1	-#karwA,21.1	1	1	12	upaniRax	kaTopaniRax	-
2.1	loke	2.1	loke	loka{puM;7;eka}	loka{puM;7;eka}	aXikaraNam,6.1	aXikaraNam,21.1#aXikaraNam,15.1#aXikaraNam,13.1#aXikaraNam,6.1	1	1	12	upaniRax	kaTopaniRax	-
20.1	(api)	20.1	-	api{avya}	api{avya}	sambanXaH,19.1	-#sambanXaH,19.1	1	1	12	upaniRax	kaTopaniRax	-
21.1	moxawe	22.1	moxawe	mux1{karwari;lat;pra;eka;AwmanepaxI;BvAxiH}	mux1{karwari;lat;pra;eka;AwmanepaxI;BvAxiH}	aBihiwa_karwA,19.1	-#aBihiwa_karwA,17.2#aBihiwa_karwA,19.1	1	1	12	upaniRax	kaTopaniRax	-
22.1	svarga-	21.1	svarga-loka	svarga	svarga	RaRTI-wawpuruRaH,22.2	bahuvrIhiH,22.2#RaRTI_wawpuruRaH,22.2#RaRTI-wawpuruRaH,22.2	1	1	12	upaniRax	kaTopaniRax	-
22.2	loke	21.2	--	loka{puM;7;eka}	loka{puM;7;eka}	aXikaraNam,21.1	viSeRaNam,16.2#viSeRaNam,2.1#aXikaraNam,21.1#aXikaraNam,15.1#aXikaraNam,13.1#aXikaraNam,6.1	1	1	12	upaniRax	kaTopaniRax	-
3.1	na	5.1	na	na{avya}	na{avya}	prawiReXaH,6.1	prawiReXaH,21.1#prawiReXaH,15.1#prawiReXaH,13.1#prawiReXaH,6.1	1	1	12	upaniRax	kaTopaniRax	-
4.1	Bayam	4.1	Bayam	Baya{napuM;1;eka}/Baya{napuM;2;eka}	Baya{napuM;1;eka}	karwA,6.1	karma,15.1#viSeRaNam,9.1#karwA_be_verbs,6.1	1	1	12	upaniRax	kaTopaniRax	-
5.1	kiFcana	3.1	kiFcana	kiFcana{sarvanAma;napuM;1;eka}/kiFcana{sarvanAma;napuM;2;eka}	kiFcana{sarvanAma;napuM;1;eka}	viSeRaNam,4.1	viSeRaNam,4.1#karma,15.1#viXeya_viSeRaNam,4.1#viSeRaNam,9.1#karwA_be_verbs,6.1#karwA,13.1	1	1	12	upaniRax	kaTopaniRax	-
6.1	aswi	6.1	aswi	as2{karwari;lat;pra;eka;parasmEpaxI;axAxiH}	as2{karwari;lat;pra;eka;parasmEpaxI;axAxiH}	aBihiwa_karwA,4.1	-#aBihiwa_karwA,4.1	1	1	12	upaniRax	kaTopaniRax	-
7.1	na	9.1	na	na{avya}	na{avya}	prawiReXaH,10.1	prawiReXaH,9.1#prawiReXaH,21.1#prawiReXaH,15.1#prawiReXaH,13.1#prawiReXaH,10.1	1	1	12	upaniRax	kaTopaniRax	-
8.1	wawra	7.1	wawra	wawra{avya}	wawra{avya}	xeSAXikaraNam,13.1	xeSAXikaraNam,21.1#xeSAXikaraNam,15.1#xeSAXikaraNam,13.1#xeSAXikaraNam,6.1	1	1	12	upaniRax	kaTopaniRax	-
9.1	wvam	8.1	wvam	yuRmax{sarvanAma;1;eka}	yuRmax{sarvanAma;1;eka}	karwA,10.1	-#karwA,13.1#karwA,10.1	1	1	12	upaniRax	kaTopaniRax	-
1.1	saH	2.1	sa	wax{sarvanAma;puM;1;eka}	wax{sarvanAma;puM;1;eka}	viSeRaNam,2.1	viSeRaNam,2.1	1	1	13	upaniRax	kaTopaniRax	-
10.1	mahyam	9.1	mahyam	asmax{sarvanAma;4;eka}	asmax{sarvanAma;4;eka}	prayojanam1,7.1	prayojanam1,16.1#prayojanam1,13.1#prayojanam1,7.1	1	1	13	upaniRax	kaTopaniRax	-
11.1	svarga-	11.1	svarga-loka	svarga	svarga	bahuvrIhiH,11.2	bahuvrIhiH,11.2#RaRTI_wawpuruRaH,11.2	1	1	13	upaniRax	kaTopaniRax	-
11.2	lokAH	11.2	--	loka{puM;1;bahu}/loka{puM;8;bahu}/lokA{swrI;8;bahu}/lokA{swrI;1;bahu}/lokA{swrI;2;bahu}	loka{puM;1;bahu}	karwA,13.1	muKyakarma,16.1#karma,13.1#gONakarma,16.1#karwA,13.1#samboXyaH,16.1#samboXyaH,13.1	1	1	13	upaniRax	kaTopaniRax	-
12.1	amqwawvam	12.1	amqwawvam	amqwawva{puM;2;eka}	amqwawva{puM;2;eka}	karma,13.1	karma,13.1	1	1	13	upaniRax	kaTopaniRax	-
13.1	Bajanwe	13.1	Bajanwe	Baj1{karwari;lat;pra;bahu;AwmanepaxI;BvAxiH}	Baj1{karwari;lat;pra;bahu;AwmanepaxI;BvAxiH}	aBihiwa_karwA,11.2	-#aBihiwa_karwA,11.2	1	1	13	upaniRax	kaTopaniRax	-
14.1	ewaw	14.1	ewaw	ewax{sarvanAma;napuM;1;eka}/ewax{sarvanAma;napuM;2;eka}	ewax{sarvanAma;napuM;2;eka}	karma,16.1	karma,16.1#viSeRaNam,4.1#muKyakarma,16.1#karma,13.1#viSeRaNam,8.1#viSeRaNam,2.1	1	1	13	upaniRax	kaTopaniRax	-
15.1	xviwIyena	15.1	xviwIyena	xviwIya{puM;3;eka}/xviwIya{napuM;3;eka}/xviwIya{puM;3;eka}/xviwIya{napuM;3;eka}	xviwIya{puM;3;eka}	viSeRaNam,17.1	viSeRaNam,17.1#karaNam,13.1#hewuH,16.1#hewuH,13.1#hewuH,9.1	1	1	13	upaniRax	kaTopaniRax	-
16.1	vqNe	17.1	vqNe	vq2{karwari;lat;u;eka;AwmanepaxI;kryAxiH}	vq2{karwari;lat;u;eka;AwmanepaxI;kryAxiH}	aBihiwa_karwA	-#aBihiwa_karwA	1	1	13	upaniRax	kaTopaniRax	-
17.1	vareNa	16.1	vareNa	vara{puM;3;eka}/vara{napuM;3;eka}	vara{puM;3;eka}	karaNam,16.1	karaNam,16.1#viSeRaNam,15.1#karaNam,13.1#hewuH,16.1#hewuH,13.1#hewuH,9.1	1	1	13	upaniRax	kaTopaniRax	-
2.1	wvam	3.1	wvam	yuRmax{sarvanAma;1;eka}	yuRmax{sarvanAma;1;eka}	karwA,5.1	karwA,5.1#karwA,4.1	1	1	13	upaniRax	kaTopaniRax	-
3.1	agnim	5.1	agnim	agni{puM;2;eka}	agni{puM;2;eka}	karma,5.1	karma,5.1	1	1	13	upaniRax	kaTopaniRax	-
4.1	svargyam	4.1	svargyam	svargya{puM;2;eka}/svargya{napuM;1;eka}/svargya{napuM;2;eka}	svargya{puM;2;eka}	viSeRaNam,3.1	viSeRaNam,8.1#viSeRaNam,3.1	1	1	13	upaniRax	kaTopaniRax	-
5.1	aXyeRi	6.1	aXyeRi	aXi_i{karwari;lat;ma;eka;parasmEpaxI;axAxiH}	aXi_i{karwari;lat;ma;eka;parasmEpaxI;axAxiH}	aBihiwa_karwA,2.1	-#aBihiwa_karwA,2.1	1	1	13	upaniRax	kaTopaniRax	-
6.1	mqwyo	1.1	mqwyo	mqwyu{puM;8;eka}	mqwyu{puM;8;eka}	samboXyaH,5.1	samboXyaH,5.1	1	1	13	upaniRax	kaTopaniRax	-
7.1	prabrUhi	10.1	prabrUhi	pra_brU{karwari;lot;ma;eka;parasmEpaxI;axAxiH}	pra_brU{karwari;lot;ma;eka;parasmEpaxI;axAxiH}	aBihiwa_karwA,8.1	-#aBihiwa_karwA,8.1	1	1	13	upaniRax	kaTopaniRax	-
8.1	wvam	7.1	wvam	yuRmax{sarvanAma;1;eka}	yuRmax{sarvanAma;1;eka}	karwA,7.1	karwA,7.1	1	1	13	upaniRax	kaTopaniRax	-
9.1	SraxxaXAnAya	8.1	SraxxaXAnAya	SraxxaXAna{puM;4;eka(Sraw_XA1;SAnac;juhowyAxiH)}	SraxxaXAna{puM;4;eka(Sraw_XA1;SAnac;juhowyAxiH)}	viSeRaNam,10.1	viSeRaNam,10.1#prayojanam1,16.1#prayojanam1,13.1	1	1	13	upaniRax	kaTopaniRax	-
1.1	pra	-	pra	pra	pra	sambanXaH,3.1	sambanXaH,3.1	1	1	14	upaniRax	kaTopaniRax	-
10.1	nacikewaH	-	nacikewaH	nacikewas{puM;8;eka}	nacikewas{puM;8;eka}	samboXyaH,13.1	samboXyaH,13.1	1	1	14	upaniRax	kaTopaniRax	-
11.1	prajAnan	-	prajAnan	-	-	varwamAnasamAnakAlaH,13.1	varwamAnasamAnakAlaH,13.1	1	1	14	upaniRax	kaTopaniRax	-
12.1	ananwa-	-	ananwa-loka-Apwi	ananwa	ananwa	karmaXArayaH_1,12.3	karmaXArayaH_1,12.3#bahuvrIhiH,12.3	1	1	14	upaniRax	kaTopaniRax	-
12.2	loka-	-	--	loka	loka	RaRTI_wawpuruRaH,12.3	bahuvrIhiH,12.3#RaRTI_wawpuruRaH,12.3	1	1	14	upaniRax	kaTopaniRax	-
12.3	Apwim	-	--	Apwi{swrI;2;eka}/Apwi{puM;2;eka}	Apwi{swrI;2;eka}	karmasamAnAXikaraNam,13.1	viSeRaNam,20.1#viSeRaNam,8.1#karmasamAnAXikaraNam,20.1#karmasamAnAXikaraNam,13.1#karmasamAnAXikaraNam,16.1#karmasamAnAXikaraNam,9.1#karmasamAnAXikaraNam,8.1#karmasamAnAXikaraNam,4.1#karma,17.1#karma,7.1#viSeRaNam,16.1	1	1	14	upaniRax	kaTopaniRax	-
13.1	(aswi)	-	-	-	-	-	-	1	1	14	upaniRax	kaTopaniRax	-
14.1	aWa	-	aWo	aWa{avya}	aWa{avya}	sambanXaH,16.1	sambanXaH,16.1	1	1	14	upaniRax	kaTopaniRax	-
15.1	u	-	-	u{avya}	u{avya}	sambanXaH,14.1	sambanXaH,14.1	1	1	14	upaniRax	kaTopaniRax	-
16.1	prawiRTAm	-	prawiRTAm	prawiRTA{swrI;2;eka}	prawiRTA{swrI;2;eka}	viSeRaNam,12.3	viSeRaNam,12.3#karmasamAnAXikaraNam,20.1#karmasamAnAXikaraNam,19.1#karmasamAnAXikaraNam,12.3#karmasamAnAXikaraNam,9.1#karmasamAnAXikaraNam,8.1#karmasamAnAXikaraNam,4.1#karma,17.1#karma,7.1	1	1	14	upaniRax	kaTopaniRax	-
17.1	vixXi	-	vixXi	vix1{karwari;lot;ma;eka;parasmEpaxI;axAxiH}	vix1{karwari;lot;ma;eka;parasmEpaxI;axAxiH}	-	-	1	1	14	upaniRax	kaTopaniRax	-
18.1	wvam	-	wvam	yuRmax{sarvanAma;1;eka}	yuRmax{sarvanAma;1;eka}	karwA,17.1	karwA,17.1#karma,20.1	1	1	14	upaniRax	kaTopaniRax	-
19.1	ewam	-	ewam	ewax{sarvanAma;puM;2;eka}/Af_i1{karwari{lot;ma;xvi;parasmEpaxI;axAxiH}	ewax{sarvanAma;puM;2;eka}	karma,17.1	viSeRaNam,20.1#viSeRaNam,12.3#viSeRaNam,8.1#karma,17.1	1	1	14	upaniRax	kaTopaniRax	-
2.1	we	-	we	wax{sarvanAma;puM;1;bahu}/wax{sarvanAma;napuM;1;xvi}/wax{sarvanAma;napuM;2;xvi}/wax{sarvanAma;swrI;1;xvi}/wax{sarvanAma;swrI;2;xvi}/yuRmax{sarvanAma;6;eka}/yuRmax{sarvanAma;4;eka}	yuRmax{sarvanAma;4;eka}	sampraxAnam,3.1	sampraxAnam,7.1#sampraxAnam,3.1#prayojanam1,20.1#prayojanam1,19.1#prayojanam1,17.1#prayojanam1,7.1#RaRTIsambanXaH,21.1#RaRTIsambanXaH,16.1#RaRTIsambanXaH,12.3#RaRTIsambanXaH,10.1#RaRTIsambanXaH,9.1#RaRTIsambanXaH,8.1#muKyakarma,3.1#karma,7.1#gONakarma,3.1	1	1	14	upaniRax	kaTopaniRax	-
20.1	nihiwam	-	nihiwam	nihiwa{puM;2;eka(ni_XA1;kwa;X;juhowyAxiH)}/nihiwa{napuM;1;eka(ni_XA1;kwa;X;juhowyAxiH)}/nihiwa{napuM;2;eka(ni_XA1;kwa;X;juhowyAxiH)}	nihiwa{puM;2;eka(ni_XA1;kwa;X;juhowyAxiH)}	viSeRaNam,19.1	viSeRaNam,8.1#viSeRaNam,4.1#karmasamAnAXikaraNam,19.1#karmasamAnAXikaraNam,16.1#karmasamAnAXikaraNam,12.3#karmasamAnAXikaraNam,9.1#karmasamAnAXikaraNam,8.1#karmasamAnAXikaraNam,4.1#karma,17.1#viSeRaNam,18.1#viSeRaNam,19.1#viSeRaNam,12.3#viSeRaNam,9.1	1	1	14	upaniRax	kaTopaniRax	-
21.1	guhAyAm	-	guhAyAm	guhA{swrI;7;eka}	guhA{swrI;7;eka}	aXikaraNam,17.1	aXikaraNam,20.1#aXikaraNam,19.1#aXikaraNam,17.1#aXikaraNam,7.1#aXikaraNam,3.1	1	1	14	upaniRax	kaTopaniRax	-
3.1	bravImi	-	bravImi	brU1{karwari;lat;u;eka;parasmEpaxI;axAxiH}	brU1{karwari;lat;u;eka;parasmEpaxI;axAxiH}	-	-	1	1	14	upaniRax	kaTopaniRax	-
4.1	waw	-	waw	wax{sarvanAma;napuM;1;eka}/wax{sarvanAma;napuM;2;eka}	wax{sarvanAma;napuM;2;eka}	karma,7.1	viSeRaNam,20.1#viSeRaNam,8.1#muKyakarma,3.1#karma,7.1#viSeRaNam,18.1	1	1	14	upaniRax	kaTopaniRax	-
5.1	u	-	u	u{avya}	u{avya}	sambanXaH,4.1	sambanXaH,4.1	1	1	14	upaniRax	kaTopaniRax	-
6.1	me	-	me	asmax{sarvanAma;6;eka}/asmax{sarvanAma;4;eka}	asmax{sarvanAma;6;eka}	RaRTIsambanXaH,7.1	RaRTIsambanXaH,7.1#viSeRaNam,2.1#sampraxAnam,7.1#sampraxAnam,3.1#prayojanam1,20.1#prayojanam1,19.1#prayojanam1,17.1#prayojanam1,7.1#RaRTIsambanXaH,21.1#RaRTIsambanXaH,16.1#RaRTIsambanXaH,12.3#RaRTIsambanXaH,10.1#RaRTIsambanXaH,9.1#RaRTIsambanXaH,8.1	1	1	14	upaniRax	kaTopaniRax	-
7.1	niboXa	-	niboXa	ni_buX1{karwari;lot;ma;eka;parasmEpaxI;BvAxiH}/ni_buX2{karwari{lot;ma;eka;parasmEpaxI;BvAxiH}	ni_buX1{karwari;lot;ma;eka;parasmEpaxI;BvAxiH}	-	-	1	1	14	upaniRax	kaTopaniRax	-
8.1	svargyam	-	svargyam	svargya{puM;2;eka}/svargya{napuM;1;eka}/svargya{napuM;2;eka}	svargya{puM;2;eka}	viSeRaNam,9.1	viSeRaNam,9.1#muKyakarma,3.1#karmasamAnAXikaraNam,20.1#karmasamAnAXikaraNam,19.1#karmasamAnAXikaraNam,16.1#karmasamAnAXikaraNam,12.3#karmasamAnAXikaraNam,9.1#karmasamAnAXikaraNam,4.1#karma,17.1#karma,7.1#viSeRaNam,18.1#gONakarma,3.1	1	1	14	upaniRax	kaTopaniRax	-
9.1	agnim	-	agnim	agni{puM;2;eka}	agni{puM;2;eka}	muKyakarma,13.1	muKyakarma,13.1#muKyakarma,3.1#karma,17.1#karma,7.1#gONakarma,3.1	1	1	14	upaniRax	kaTopaniRax	-
1.1	loka-	-	loka-Axi	loka	loka	sapwamI_wawpuruRaH,1.2	sapwamI_wawpuruRaH,1.2#bahuvrIhiH,1.2#RaRTI_wawpuruRaH,1.2	1	1	15	upaniRax	kaTopaniRax	-
1.2	Axim	-	--	Axi{puM;2;eka}/Axi{swrI;2;eka}	Axi{puM;2;eka}	viSeRaNam,2.1	viSeRaNam,2.1#muKyakarma,4.1#karmasamAnAXikaraNam,18.1#karmasamAnAXikaraNam,15.1#karmasamAnAXikaraNam,3.1#karmasamAnAXikaraNam,2.1#gONakarma,4.1#viSeRaNam,18.1	1	1	15	upaniRax	kaTopaniRax	-
10.1	yaWA	-	yaWA	yaWA{avya}	yaWA{avya}	kriyAviSeRaNam,4.1	kriyAviSeRaNam,25.1#kriyAviSeRaNam,24.1#kriyAviSeRaNam,20.1#kriyAviSeRaNam,18.1#kriyAviSeRaNam,16.1#kriyAviSeRaNam,4.1	1	1	15	upaniRax	kaTopaniRax	-
11.1	vA	-	vA	vA{avya}	vA{avya}	sambanXaH,10.1	sambanXaH,10.1#anyawara_xyowakaH,24.1	1	1	15	upaniRax	kaTopaniRax	-
12.1	saH	-	sa	wax{sarvanAma;puM;1;eka}	wax{sarvanAma;puM;1;eka}	karwA,16.1	viSeRaNam,24.1#viSeRaNam,20.1#upamAnam,7.1#upamAnam,6.1#karwA,16.1	1	1	15	upaniRax	kaTopaniRax	-
13.1	ca	-	ca	ca{avya}	ca{avya}	samuccaya_xyowakaH,12.1	samuccaya_xyowakaH,12.1	1	1	15	upaniRax	kaTopaniRax	-
14.1	api	-	api	api{avya}	api{avya}	sambanXaH,13.1	sambanXaH,13.1	1	1	15	upaniRax	kaTopaniRax	-
15.1	waw	-	waw	wax{sarvanAma;napuM;1;eka}/wax{sarvanAma;napuM;2;eka}	wax{sarvanAma;napuM;2;eka}	viSeRaNam,18.1	viSeRaNam,18.1#karma,20.1#gONakarma,18.1#karwA,16.1	1	1	15	upaniRax	kaTopaniRax	-
16.1	prawyavaxaw	-	prawyavaxaw	prawi_vax1{karwari;laf;pra;eka;parasmEpaxI;BvAxiH}	prawi_vax1{karwari;laf;pra;eka;parasmEpaxI;BvAxiH}	-	-	1	1	15	upaniRax	kaTopaniRax	-
17.1	yaWA	-	yaWA	yaWA{avya}	yaWA{avya}	sambanXaH,18.1	sambanXaH,18.1#uwprekRA_xyowakaH,16.1#upamAna_xyowakaH,20.1#kriyAviSeRaNam,25.1#kriyAviSeRaNam,24.1#kriyAviSeRaNam,20.1#kriyAviSeRaNam,18.1#kriyAviSeRaNam,16.1#kriyAviSeRaNam,4.1	1	1	15	upaniRax	kaTopaniRax	-
18.1	ukwam	-	ukwam	ukwa{puM;2;eka(vac1;kwa;X;axAxiH)}/ukwa{napuM;1;eka(vac1;kwa;X;axAxiH)}/ukwa{napuM;2;eka(vac1;kwa;X;axAxiH)}	ukwa{puM;2;eka(vac1;kwa;X;axAxiH)}	karma,16.1	karma,16.1#viSeRaNam,15.1#muKyakarma,24.1#karmasamAnAXikaraNam,15.1#karmasamAnAXikaraNam,3.1#karmasamAnAXikaraNam,2.1#karma,20.1#karwA,24.1#karwA,16.1#viSeRaNam,3.1#viSeRaNam,2.1#gONakarma,24.1	1	1	15	upaniRax	kaTopaniRax	-
19.1	aWa	-	aWa	aWa{avya}	aWa{avya}	sambanXaH,20.1	viroXa_xyowakaH,25.1#viroXa_xyowakaH,24.1#viroXa_xyowakaH,20.1#sambanXaH,24.1#sambanXaH,20.1	1	1	15	upaniRax	kaTopaniRax	-
2.1	agnim	-	agnim	agni{puM;2;eka}	agni{puM;2;eka}	muKyakarma,4.1	muKyakarma,4.1#gONakarma,4.1	1	1	15	upaniRax	kaTopaniRax	-
20.1	asya	-	asya	ixam{sarvanAma;puM;6;eka}/ixam{sarvanAma;napuM;6;eka}/as3{karwari;lot;ma;eka;parasmEpaxI;xivAxiH}	ixam{sarvanAma;puM;6;eka}	RaRTIsambanXaH,21.1	viroXakaH,16.1#viroXakaH,4.1#upamAnam,16.1#RaRTIsambanXaH,21.1#RaRTIsambanXaH,7.1#RaRTIsambanXaH,1.2	1	1	15	upaniRax	kaTopaniRax	-
21.1	mqwyuH	-	mqwyuH	mqwyu{puM;1;eka}	mqwyu{puM;1;eka}	karwA,24.1	viSeRaNam,25.1#karwA,25.1#karwA,24.1#karwA,16.1#karmasamAnAXikaraNam,25.1#karmasamAnAXikaraNam,15.1	1	1	15	upaniRax	kaTopaniRax	-
22.1	punaH	-	punaH	punaH{avya}	punaH{avya}	kriyAviSeRaNam,24.1	kriyAviSeRaNam,25.1#kriyAviSeRaNam,24.1#kriyAviSeRaNam,20.1#kriyAviSeRaNam,18.1#kriyAviSeRaNam,16.1#kriyAviSeRaNam,4.1	1	1	15	upaniRax	kaTopaniRax	-
23.1	eva	-	eva	eva{avya}	eva{avya}	sambanXaH,22.1	sambanXaH,22.1	1	1	15	upaniRax	kaTopaniRax	-
24.1	Aha	-	Aha	brU1{karwari;lit;pra;eka;AwmanepaxI;axAxiH}	brU1{karwari;lit;pra;eka;AwmanepaxI;axAxiH}	-	-	1	1	15	upaniRax	kaTopaniRax	-
25.1	wuRtaH	-	wuRtaH	wuRta{puM;1;eka(wuR1;kwa;X;xivAxiH)}	wuRta{puM;1;eka(wuR1;kwa;X;xivAxiH)}	viSeRaNam,21.1	viroXakaH,16.1#viroXakaH,4.1#viSeRaNam,21.1#karwA,24.1#karmasamAnAXikaraNam,21.1	1	1	15	upaniRax	kaTopaniRax	-
3.1	wam	-	wam	wax{sarvanAma;puM;2;eka}	wax{sarvanAma;puM;2;eka}	viSeRaNam,2.1	viSeRaNam,2.1#viSeRaNam,18.1#muKyakarma,4.1#gONakarma,4.1	1	1	15	upaniRax	kaTopaniRax	-
4.1	uvAca	-	uvAca	vac1{karwari;lit;pra;eka;parasmEpaxI;axAxiH}/vac1{karwari;lit;u;eka;parasmEpaxI;axAxiH}/brU1{karwari;lit;pra;eka;parasmEpaxI;axAxiH}/brU1{karwari;lit;u;eka;parasmEpaxI;axAxiH}	vac1{karwari;lit;pra;eka;parasmEpaxI;axAxiH}	-	-	1	1	15	upaniRax	kaTopaniRax	-
5.1	wasmE	-	wasmE	wax{sarvanAma;puM;4;eka}/wax{sarvanAma;napuM;4;eka}	wax{sarvanAma;puM;4;eka}	prayojanam1,4.1	prayojanam1,25.1#prayojanam1,24.1#prayojanam1,20.1#prayojanam1,18.1#prayojanam1,16.1#prayojanam1,4.1#sampraxAnam,24.1#sampraxAnam,18.1#sampraxAnam,4.1	1	1	15	upaniRax	kaTopaniRax	-
6.1	yAH	-	yAH	yax{sarvanAma;swrI;1;bahu}/yax{sarvanAma;swrI;2;bahu}	yax{sarvanAma;swrI;2;bahu}	viSeRaNam,7.1	viSeRaNam,7.1#muKyakarma,4.1#gONakarma,4.1	1	1	15	upaniRax	kaTopaniRax	-
7.1	iRtakAH	-	iRtakAH	iRtakA{swrI;1;bahu}/iRtakA{swrI;2;bahu}/iRtakA{swrI;8;bahu}	iRtakA{swrI;2;bahu}	karma,4.1	karma,4.1#upamAnam,6.1#muKyakarma,4.1#karmasamAnAXikaraNam,6.1#gONakarma,4.1	1	1	15	upaniRax	kaTopaniRax	-
8.1	yAvawIH	-	yAvawIH	yAvaw{swrI;2;bahu}	yAvaw{swrI;2;bahu}	viSeRaNam,7.1	viSeRaNam,7.1	1	1	15	upaniRax	kaTopaniRax	-
9.1	vA	-	vA	vA{avya}	vA{avya}	sambanXaH,8.1	sambanXaH,8.1#anyawara_xyowakaH,24.1	1	1	15	upaniRax	kaTopaniRax	-
1.1	wam	-	wam	wax{sarvanAma;puM;2;eka}	wax{sarvanAma;puM;2;eka}	muKyakarma,2.1	viSeRaNam,15.1#viSeRaNam,5.1#muKyakarma,2.1#karma,3.1#gONakarma,2.1	1	1	16	upaniRax	kaTopaniRax	-
10.1	BUyaH	-	BUyaH	BUyaH{avya}/BUyas{napuM;1;eka}/BUyas{napuM;2;eka}/BUyas{napuM;8;eka}	BUyaH{avya}	kriyAviSeRaNam,9.1	viSeRaNam,5.1#sup_samucciwaH,17.1#karma,9.1#karma,3.1#viXeya_viSeRaNam,5.1#viXeya_viSeRaNam,4.2#viXeya_viSeRaNam,3.1#kriyAviSeRaNam,21.1#kriyAviSeRaNam,14.1#kriyAviSeRaNam,9.1#kriyAviSeRaNam,3.1	1	1	16	upaniRax	kaTopaniRax	-
11.1	wava	-	wava	yuRmax{sarvanAma;6;eka}	yuRmax{sarvanAma;6;eka}	RaRTIsambanXaH,13.1	viSeRaNam,6.1#RaRTIsambanXaH,20.2#RaRTIsambanXaH,17.1#RaRTIsambanXaH,16.1#RaRTIsambanXaH,15.1#RaRTIsambanXaH,14.1#RaRTIsambanXaH,13.1#RaRTIsambanXaH,10.1#RaRTIsambanXaH,5.1#RaRTIsambanXaH,4.2	1	1	16	upaniRax	kaTopaniRax	-
12.1	eva	-	eva	eva{avya}	eva{avya}	sambanXaH,11.1	sambanXaH,11.1	1	1	16	upaniRax	kaTopaniRax	-
13.1	nAmnA	-	nAmnA	nAman{napuM;3;eka}	nAman{napuM;3;eka}	hewuH,14.1	karwA,14.1#karaNam,21.1#karaNam,9.1#hewuH,21.1#hewuH,14.1#hewuH,9.1#hewuH,3.1	1	1	16	upaniRax	kaTopaniRax	-
14.1	BaviwA	-	BaviwA	BU1{karwari;lut;pra;eka;parasmEpaxI;BvAxiH}/BU1{karmaNi;lut;pra;eka;AwmanepaxI;BvAxiH}/as2{karmaNi;lut;pra;eka;AwmanepaxI;axAxiH}/Baviwq{puM;1;eka(as2;wqc;X;axAxiH)}/Baviwq{puM;1;eka(BU1;wqc;X;BvAxiH)}	BU1{karwari;lut;pra;eka;parasmEpaxI;BvAxiH}	-	-	1	1	16	upaniRax	kaTopaniRax	-
15.1	ayam	-	ayam	ixam{sarvanAma;puM;1;eka}/aya{puM;2;eka}	ixam{sarvanAma;puM;1;eka}	viSeRaNam,16.1	viSeRaNam,16.1#sup_samucciwaH,17.1#karma,21.1#karma,9.1#viXeya_viSeRaNam,10.1#viXeya_viSeRaNam,5.1#viXeya_viSeRaNam,4.2#viXeya_viSeRaNam,3.1#viSeRaNam,14.1#karwA_be_verbs,14.1	1	1	16	upaniRax	kaTopaniRax	-
16.1	agniH	-	agniH	agni{puM;1;eka}	agni{puM;1;eka}	karwA,14.1	viXeya_viSeRaNam,15.1#viXeya_viSeRaNam,10.1#viXeya_viSeRaNam,5.1#viXeya_viSeRaNam,4.2#viXeya_viSeRaNam,3.1#karwA_be_verbs,14.1	1	1	16	upaniRax	kaTopaniRax	-
17.1	sqfkAm	-	sqfkAm	sqfkA{swrI;2;eka}	sqfkA{swrI;2;eka}	karma,21.1	karma,21.1	1	1	16	upaniRax	kaTopaniRax	-
18.1	ca	-	ca	ca{avya}	ca{avya}	sambanXaH,17.1	sup_samuccaya_xyowakaH,17.1#sambanXaH,17.1	1	1	16	upaniRax	kaTopaniRax	-
19.1	imAm	-	imAm	ixam{sarvanAma;swrI;2;eka}	ixam{sarvanAma;swrI;2;eka}	viSeRaNam,17.1	viSeRaNam,20.2#viSeRaNam,17.1#sup_samucciwaH,17.1#karma,21.1	1	1	16	upaniRax	kaTopaniRax	-
2.1	abravIw	-	abravIw	brU1{karwari;laf;pra;eka;parasmEpaxI;axAxiH}	brU1{karwari;laf;pra;eka;parasmEpaxI;axAxiH}	-	-	1	1	16	upaniRax	kaTopaniRax	-
20.1	aneka-	-	aneka-rUpA	aneka	aneka	bahuvrIhiH,20.2	bahuvrIhiH,20.2	1	1	16	upaniRax	kaTopaniRax	-
20.2	rUpAm	-	--	rUpA{swrI;2;eka}	rUpA{swrI;2;eka}	viSeRaNam,17.1	viSeRaNam,17.1#sup_samucciwaH,17.1#karma,21.1	1	1	16	upaniRax	kaTopaniRax	-
21.1	gqhANa	-	gqhANa	grah1{karwari;lot;ma;eka;parasmEpaxI;kryAxiH}	grah1{karwari;lot;ma;eka;parasmEpaxI;kryAxiH}	-	-	1	1	16	upaniRax	kaTopaniRax	-
3.1	prIyamANaH	-	prIyamANaH	prIyamANa{puM;1;eka(prI1;SAnac_lat;karwari;xivAxiH)}/prIyamANa{puM;1;eka(prI1;SAnac_lat;karmaNi;xivAxiH)}/prIyamANa{puM;1;eka(prI2;SAnac_lat;karwari;kryAxiH)}/prIyamANa{puM;1;eka(prI2;SAnac_lat;karmaNi;kryAxiH)}	prIyamANa{puM;1;eka(prI1;SAnac_lat;xivAxiH)}	viSeRaNam,4.2	viSeRaNam,4.2#viSeRaNam,16.1#viSeRaNam,15.1#viSeRaNam,14.1#viSeRaNam,4.2#varwamAnasamAnakAlaH,21.1#varwamAnasamAnakAlaH,14.1#varwamAnasamAnakAlaH,9.1	1	1	16	upaniRax	kaTopaniRax	-
4.1	mahA-	-	mahaw-Awman	mahaw	mahaw	karmaXArayaH_1,4.2	karmaXArayaH_1,4.2	1	1	16	upaniRax	kaTopaniRax	-
4.2	AwmA	-	--	Awman{puM;1;eka}	Awman{puM;1;eka}	karwA,2.1	viXeya_viSeRaNam,3.1#viSeRaNam,14.1#karwA,2.1	1	1	16	upaniRax	kaTopaniRax	-
5.1	varam	-	varam	varam{avya}/vara{puM;2;eka}/vara{napuM;1;eka}/vara{napuM;2;eka}	vara{puM;2;eka}	karma,9.1	karma,9.1#viSeRaNam,10.1#sup_samucciwaH,17.1#muKyakarma,2.1#karma,9.1#karma,3.1#viXeya_viSeRaNam,4.2#viXeya_viSeRaNam,3.1#karwA,2.1#viSeRaNam,15.1#gONakarma,2.1	1	1	16	upaniRax	kaTopaniRax	-
6.1	wava	-	wava	yuRmax{sarvanAma;6;eka}	yuRmax{sarvanAma;6;eka}	RaRTIsambanXaH,9.1	RaRTIsambanXaH,9.1#viSeRaNam,11.1#RaRTIsambanXaH,20.2#RaRTIsambanXaH,17.1#RaRTIsambanXaH,16.1#RaRTIsambanXaH,15.1#RaRTIsambanXaH,14.1#RaRTIsambanXaH,13.1#RaRTIsambanXaH,10.1#RaRTIsambanXaH,5.1#RaRTIsambanXaH,4.2	1	1	16	upaniRax	kaTopaniRax	-
7.1	iha	-	iha	iha{avya}	iha{avya}	xeSAXikaraNam,9.1	xeSAXikaraNam,21.1#xeSAXikaraNam,14.1#xeSAXikaraNam,9.1	1	1	16	upaniRax	kaTopaniRax	-
8.1	axya	-	axya	axya{avya}	axya{avya}	kAlAXikaraNam,9.1	kAlAXikaraNam,21.1#kAlAXikaraNam,14.1#kAlAXikaraNam,9.1	1	1	16	upaniRax	kaTopaniRax	-
9.1	xaxAmi	-	xaxAmi	xA3{karwari;lat;u;eka;parasmEpaxI;juhowyAxiH}	xA3{karwari;lat;u;eka;parasmEpaxI;juhowyAxiH}	-	-	1	1	16	upaniRax	kaTopaniRax	-
1.1	wri-	-	wri-nAcikewa	wri	wri	xvigu_wawpuruRaH,1.2	xvigu_wawpuruRaH,1.2	1	1	17	upaniRax	kaTopaniRax	-
1.2	nAcikewaH	-	--	nAcikewa{puM;1;eka}	nAcikewa{puM;1;eka}	karwA,3.1	karwA,3.1#karwA,6.1	1	1	17	upaniRax	kaTopaniRax	-
10.1	Idyam	-	Idyam	Idya{puM;2;eka(Id1;Nyaw;X;axAxiH)}/Idya{napuM;1;eka(Id1;Nyaw;X;axAxiH)}/Idya{napuM;2;eka(Id1;Nyaw;X;axAxiH)}/Idya{puM;2;eka(Id2;yaw;X;curAxiH)}/Idya{napuM;1;eka(Id2;yaw;X;curAxiH)}/Idya{napuM;2;eka(Id2;yaw;X;curAxiH)}	Idya{puM;2;eka(Id1;Nyaw;X;axAxiH)}	viSeRaNam,8.3	viSeRaNam,5.3#karmasamAnAXikaraNam,5.3#karma,16.1#karma,11.1#karma,6.1#viSeRaNam,15.1#karwA,16.1#karwA,6.1#viSeRaNam,9.1#viSeRaNam,8.3#viSeRaNam,4.1#karmasamAnAXikaraNam,9.1#karmasamAnAXikaraNam,8.3#karmasamAnAXikaraNam,4.1	1	1	17	upaniRax	kaTopaniRax	-
11.1	vixiwvA	-	vixiwvA	vix1{avya;kwvA;axAxiH}/vix3{avya;kwvA;wuxAxiH}	vix1{avya;kwvA;axAxiH}	pUrvakAlaH,16.1	pUrvakAlaH,16.1#pUrvakAlaH,6.1	1	1	17	upaniRax	kaTopaniRax	-
12.1	nicAyya	-	nicAyya	ni_ci{avya;kwvA;svAxiH}	ni_ci{avya;kwvA;svAxiH}	samucciwaH,11.1	samucciwaH,11.1	1	1	17	upaniRax	kaTopaniRax	-
13.1	imAm	-	imAm	ixam{sarvanAma;swrI;2;eka}	ixam{sarvanAma;swrI;2;eka}	viSeRaNam,14.1	viSeRaNam,14.1#karma,16.1#karma,11.1#karma,6.1	1	1	17	upaniRax	kaTopaniRax	-
14.1	SAnwim	-	SAnwim	SAnwi{swrI;2;eka}	SAnwi{swrI;2;eka}	karma,16.1	karmasamAnAXikaraNam,15.1#karmasamAnAXikaraNam,13.1#karmasamAnAXikaraNam,10.1#karmasamAnAXikaraNam,9.1#karmasamAnAXikaraNam,8.3#karmasamAnAXikaraNam,5.3#karmasamAnAXikaraNam,4.1#karma,16.1#karma,11.1	1	1	17	upaniRax	kaTopaniRax	-
15.1	awyanwam	-	awyanwam	awyanwa{napuM;1;eka}/awyanwa{napuM;2;eka}	awyanwa{napuM;2;eka}	karmasamAnAXikaraNam,14.1	karmasamAnAXikaraNam,14.1#kriyAviSeRaNam,16.1#kriyAviSeRaNam,11.1#kriyAviSeRaNam,10.1#kriyAviSeRaNam,6.1#kriyAviSeRaNam,3.1#karmasamAnAXikaraNam,14.1#karmasamAnAXikaraNam,13.1#karmasamAnAXikaraNam,10.1#karmasamAnAXikaraNam,9.1#karmasamAnAXikaraNam,8.3#karmasamAnAXikaraNam,5.3#karmasamAnAXikaraNam,4.1#karma,11.1#karma,10.1	1	1	17	upaniRax	kaTopaniRax	-
16.1	ewi	-	ewi	i1{karwari;lat;pra;eka;parasmEpaxI;axAxiH}	i1{karwari;lat;pra;eka;parasmEpaxI;axAxiH}	-	-	1	1	17	upaniRax	kaTopaniRax	-
2.1	wriBiH	-	wriBiH	wri{saMKyeyam;puM;3;bahu}/wri{saMKyeyam;napuM;3;bahu}/wri{saMKyA;napuM;3;bahu}	wri{saMKyeyam;puM;3;bahu}	karaNam,3.1	karaNam,3.1#karaNam,16.1#karaNam,11.1#hewuH,10.1#hewuH,6.1#hewuH,3.1	1	1	17	upaniRax	kaTopaniRax	-
3.1	ewya	-	ewya	ewya{avya};Af_i1{avya{lyap;axAxiH}	ewya{avya};Af_i1{avya{lyap;axAxiH}	pUrvakAlaH,6.1	pUrvakAlaH,16.1#pUrvakAlaH,6.1	1	1	17	upaniRax	kaTopaniRax	-
4.1	sanXim	-	sanXim	sanXi{puM;2;eka}	sanXi{puM;2;eka}	karma,3.1	karma,3.1#karmasamAnAXikaraNam,15.1#karmasamAnAXikaraNam,14.1#karmasamAnAXikaraNam,13.1#karmasamAnAXikaraNam,10.1#karmasamAnAXikaraNam,9.1#karmasamAnAXikaraNam,8.3#karmasamAnAXikaraNam,5.3#karma,11.1#karma,6.1	1	1	17	upaniRax	kaTopaniRax	-
5.1	wri-	-	wri-karman-kqw	wri	wri	xvigu_wawpuruRaH,5.2	xvigu_wawpuruRaH,5.2#bahuvrIhiH,5.3#RaRTI_wawpuruRaH,5.3	1	1	17	upaniRax	kaTopaniRax	-
5.2	karma-	-	--	karman	karman	bahuvrIhiH,5.3	bahuvrIhiH,5.3#RaRTI_wawpuruRaH,5.3	1	1	17	upaniRax	kaTopaniRax	-
5.3	kqw	-	--	kqw{napuM;1;eka}/kqw{napuM;2;eka}/kqw{puM;8;eka}/kqw{napuM;8;eka}	kqw{napuM;1;eka}	karwA,6.1	samboXyaH,16.1#samboXyaH,6.1#viSeRaNam,15.1#viSeRaNam,10.1#karmasamAnAXikaraNam,15.1#karmasamAnAXikaraNam,14.1#karmasamAnAXikaraNam,13.1#karmasamAnAXikaraNam,10.1#karmasamAnAXikaraNam,9.1#karmasamAnAXikaraNam,8.3#karmasamAnAXikaraNam,4.1#karma,11.1#karma,6.1#karwA,6.1#karma,10.1	1	1	17	upaniRax	kaTopaniRax	-
6.1	warawi	-	warawi	wQ1{karwari;lat;pra;eka;parasmEpaxI;BvAxiH}	wQ1{karwari;lat;pra;eka;parasmEpaxI;BvAxiH}	-	-	1	1	17	upaniRax	kaTopaniRax	-
7.1	janma-	-	janma-mqwyu	janma}/janman	janma	xvanxvaH,7.2	xvanxvaH,7.2#bahuvrIhiH,7.2#RaRTI_wawpuruRaH,7.2	1	1	17	upaniRax	kaTopaniRax	-
7.2	mqwyU	-	--	mqwyu{puM;1;xvi}/mqwyu{puM;2;xvi}/mqwyu{puM;8;xvi}	mqwyu{puM;2;xvi}	karma,6.1	samboXyaH,16.1#samboXyaH,6.1#karma,11.1#karma,6.1#karma,10.1	1	1	17	upaniRax	kaTopaniRax	-
8.1	brahma-	-	brahma-ja-jFa	brahma}/brahman	brahma	paFcamI_wawpuruRaH,8.2	paFcamI_wawpuruRaH,8.2#bahuvrIhiH,8.3#RaRTI_wawpuruRaH,8.3	1	1	17	upaniRax	kaTopaniRax	-
8.2	ja-	-	--	-ja	-ja	upapaxa_wawpuruRaH,8.3	upapaxa_wawpuruRaH,8.3	1	1	17	upaniRax	kaTopaniRax	-
8.3	jFam	-	--	jFa{puM;2;eka}	jFa{puM;2;eka}	karma,11.1	viSeRaNam,10.1#viSeRaNam,4.1#karmasamAnAXikaraNam,15.1#karmasamAnAXikaraNam,14.1#karmasamAnAXikaraNam,13.1#karmasamAnAXikaraNam,10.1#karmasamAnAXikaraNam,9.1#karmasamAnAXikaraNam,5.3#karmasamAnAXikaraNam,4.1#karma,11.1#karma,6.1	1	1	17	upaniRax	kaTopaniRax	-
9.1	xevam	-	xevam	xeva{puM;2;eka}	xeva{puM;2;eka}	viSeRaNam,8.3	viSeRaNam,8.3#karma,16.1#karma,11.1#karma,6.1	1	1	17	upaniRax	kaTopaniRax	-
1.1	wri-	-	wri-nAcikewa	wri	wri	xvigu_wawpuruRaH,1.2	xvigu_wawpuruRaH,1.2	1	1	18	upaniRax	kaTopaniRax	-
1.2	nAcikewaH	-	--	nAcikewa{puM;1;eka}	nAcikewa{puM;1;eka}	viSeRaNam,7.1	viSeRaNam,7.1#karwA,8.1	1	1	18	upaniRax	kaTopaniRax	-
10.1	saH	-	sa	wax{sarvanAma;puM;1;eka}	wax{sarvanAma;puM;1;eka}	karwA,15.1	karwA,15.1#karwA,13.1	1	1	18	upaniRax	kaTopaniRax	-
11.1	mqwyu-	-	mqwyu-pASa	mqwyu	mqwyu	RaRTI_wawpuruRaH,11.2	bahuvrIhiH,11.2#RaRTI_wawpuruRaH,11.2	1	1	18	upaniRax	kaTopaniRax	-
11.2	pASAn	-	--	pASa{puM;2;bahu}	pASa{puM;2;bahu}	karma,15.1	karma,15.1#muKyakarma,8.1#karma,4.1#gONakarma,8.1	1	1	18	upaniRax	kaTopaniRax	-
12.1	purawaH	-	purawaH	pura{avya;wasil}/purawaH{avya}	pura{avya;wasil}	xeSAXikaraNam,15.1	xeSAXikaraNam_upa,15.1#hewuH5,15.1#hewuH5,8.1#hewuH5,4.1#apAxAnam,4.1	1	1	18	upaniRax	kaTopaniRax	-
13.1	praNoxya	-	praNoxya	pra_nux{avya;lyap;wuxAxiH}	pra_nux{avya;lyap;wuxAxiH}	pUrvakAlaH,15.1	pUrvakAlaH,15.1	1	1	18	upaniRax	kaTopaniRax	-
14.1	Soka-	-	SokAwigaH	Soka	Soka	paFcamI_wawpuruRaH,14.2	paFcamI_wawpuruRaH,14.2	1	1	18	upaniRax	kaTopaniRax	-
14.2	awigaH	-	-	awi_ga{puM;1;eka}	awi_ga{puM;1;eka}	karwqsamAnAXikaraNam,15.1	karwqsamAnAXikaraNam,15.1	1	1	18	upaniRax	kaTopaniRax	-
15.1	moxawe	-	moxawe	mux1{karwari;lat;pra;eka;AwmanepaxI;BvAxiH}	mux1{karwari;lat;pra;eka;AwmanepaxI;BvAxiH}	-	-	1	1	18	upaniRax	kaTopaniRax	-
16.1	svarga-	-	svarga-loka	svarga	svarga	RaRTI_wawpuruRaH,16.2	bahuvrIhiH,16.2#RaRTI_wawpuruRaH,16.2	1	1	18	upaniRax	kaTopaniRax	-
16.2	loke	-	--	loka{puM;7;eka}	loka{puM;7;eka}	aXikaraNam,15.1	aXikaraNam,15.1#aXikaraNam,8.1#aXikaraNam,4.1	1	1	18	upaniRax	kaTopaniRax	-
2.1	wrayam	-	wrayam	wraya{puM;2;eka}/wraya{napuM;1;eka}/wraya{napuM;2;eka}	wraya{puM;2;eka}	karma,4.1	muKyakarma,8.1#karmasamAnAXikaraNam,9.1#karmasamAnAXikaraNam,3.1#karma,4.1#karwA,8.1#gONakarma,8.1	1	1	18	upaniRax	kaTopaniRax	-
3.1	ewax	-	ewax	ewax{sarvanAma;napuM;1;eka}/ewax{sarvanAma;napuM;2;eka}	ewax{sarvanAma;napuM;2;eka}	viSeRaNam,2.1	viSeRaNam,2.1#muKyakarma,8.1#karma,4.1#karwA,8.1	1	1	18	upaniRax	kaTopaniRax	-
4.1	vixiwvA	-	vixiwvA	vix1{avya;kwvA;axAxiH}/vix3{avya;kwvA;wuxAxiH}	vix1{avya;kwvA;axAxiH}	pUrvakAlaH,8.1	pUrvakAlaH,15.1#pUrvakAlaH,8.1	1	1	18	upaniRax	kaTopaniRax	-
5.1	yaH	-	ya	yax{sarvanAma;puM;1;eka}	yax{sarvanAma;puM;1;eka}	viSeRaNam,7.1	viSeRaNam,7.1	1	1	18	upaniRax	kaTopaniRax	-
6.1	evam	-	evam	evam{avya}	evam{avya}	kriyAviSeRaNam,8.1	kriyAviSeRaNam,15.1#kriyAviSeRaNam,8.1#kriyAviSeRaNam,4.1	1	1	18	upaniRax	kaTopaniRax	-
7.1	vixvAn	-	vixvAn	vixvas{puM;1;eka}	vixvas{puM;1;eka}	karwA,8.1	viSeRaNam,1.2#karwA,8.1	1	1	18	upaniRax	kaTopaniRax	-
8.1	cinuwe	-	cinuwe	ci1{karwari;lat;pra;eka;AwmanepaxI;svAxiH}	ci1{karwari;lat;pra;eka;AwmanepaxI;svAxiH}	-	-	1	1	18	upaniRax	kaTopaniRax	-
9.1	nAcikewam	-	nAcikewam	nAcikewa{puM;2;eka}	nAcikewa{puM;2;eka}	muKyakarma,8.1	muKyakarma,8.1#karmasamAnAXikaraNam,3.1#karmasamAnAXikaraNam,2.1#karma,4.1#gONakarma,8.1	1	1	18	upaniRax	kaTopaniRax	-
1.1	eRaH	-	eRa	ewax{sarvanAma;puM;1;eka}	ewax{sarvanAma;puM;1;eka}	viSeRaNam,3.1	viSeRaNam,3.1	1	1	19	upaniRax	kaTopaniRax	-
10.1	vareNa	-	vareNa	vara{puM;3;eka}/vara{napuM;3;eka}	vara{puM;3;eka}	karaNam,8.1	karaNam,8.1#viSeRaNam,9.1#karaNam,15.1#hewuH,20.1#hewuH,15.1#hewuH,11.1#hewuH,8.1	1	1	19	upaniRax	kaTopaniRax	-
11.1	ewam	-	ewam	ewax{sarvanAma;puM;2;eka}/Af_i1{karwari{lot;ma;xvi;parasmEpaxI;axAxiH}	ewax{sarvanAma;puM;2;eka}	viSeRaNam,12.1	viSeRaNam,12.1#viSeRaNam,18.1#viSeRaNam,17.1#viSeRaNam,7.1#muKyakarma,8.1#karma,15.1#gONakarma,8.1	1	1	19	upaniRax	kaTopaniRax	-
12.1	agnim	-	agnim	agni{puM;2;eka}	agni{puM;2;eka}	karma,15.1	muKyakarma,8.1#karma,15.1#gONakarma,8.1	1	1	19	upaniRax	kaTopaniRax	-
13.1	wava	-	wava	yuRmax{sarvanAma;6;eka}	yuRmax{sarvanAma;6;eka}	RaRTIsambanXaH,12.1	viSeRaNam,2.1#RaRTIsambanXaH,19.1#RaRTIsambanXaH,18.1#RaRTIsambanXaH,17.1#RaRTIsambanXaH,12.1#RaRTIsambanXaH,10.1#RaRTIsambanXaH,9.1#RaRTIsambanXaH,5.1#RaRTIsambanXaH,4.1#RaRTIsambanXaH,3.1	1	1	19	upaniRax	kaTopaniRax	-
14.1	eva	-	eva	eva{avya}	eva{avya}	sambanXaH,13.1	sambanXaH,13.1	1	1	19	upaniRax	kaTopaniRax	-
15.1	pravakRyanwi	-	pravakRyanwi	pra_vah1{karwari;lqt;pra;bahu;parasmEpaxI;BvAxiH}/pra_vac1{karwari{lqt;pra;bahu;parasmEpaxI;axAxiH}	pra_vah1{karwari;lqt;pra;bahu;parasmEpaxI;BvAxiH}	-	-	1	1	19	upaniRax	kaTopaniRax	-
16.1	janAsaH	-	janAsaH	janAs{puM;1;bahu}	janAs{puM;1;bahu}	karwA,15.1	karwA,15.1	1	1	19	upaniRax	kaTopaniRax	-
17.1	wqwIyam	-	wqwIyam	wqwIya{puM;2;eka}/wqwIya{napuM;1;eka}/wqwIya{napuM;2;eka}/wqwIya{puM;2;eka}/wqwIya{napuM;1;eka}/wqwIya{napuM;2;eka}	wqwIya{puM;2;eka}	viSeRaNam,18.1	viSeRaNam,18.1#muKyakarma,20.1#karma,15.1#viSeRaNam,11.1#viSeRaNam,7.1#gONakarma,20.1	1	1	19	upaniRax	kaTopaniRax	-
18.1	varam	-	varam	varam{avya}/vara{puM;2;eka}/vara{napuM;1;eka}/vara{napuM;2;eka}	vara{puM;2;eka}	karma,20.1	karma,20.1#viSeRaNam,17.1#muKyakarma,20.1#karma,15.1#viSeRaNam,12.1#viSeRaNam,11.1#viSeRaNam,7.1#gONakarma,20.1	1	1	19	upaniRax	kaTopaniRax	-
19.1	nacikewaH	-	nacikewaH	nacikewas{puM;8;eka}	nacikewas{puM;8;eka}	samboXyaH,20.1	samboXyaH,20.1	1	1	19	upaniRax	kaTopaniRax	-
2.1	we	-	we	wax{sarvanAma;puM;1;bahu}/wax{sarvanAma;napuM;1;xvi}/wax{sarvanAma;napuM;2;xvi}/wax{sarvanAma;swrI;1;xvi}/wax{sarvanAma;swrI;2;xvi}/yuRmax{sarvanAma;6;eka}/yuRmax{sarvanAma;4;eka}	yuRmax{sarvanAma;6;eka}	RaRTIsambanXaH,4.1	sampraxAnam,15.1#prayojanam1,20.1#prayojanam1,11.1#prayojanam1,8.1#viSeRaNam,13.1#RaRTIsambanXaH,19.1#RaRTIsambanXaH,18.1#RaRTIsambanXaH,17.1#RaRTIsambanXaH,12.1#RaRTIsambanXaH,10.1#RaRTIsambanXaH,9.1#RaRTIsambanXaH,5.1#RaRTIsambanXaH,4.1#RaRTIsambanXaH,3.1#muKyakarma,8.1#gONakarma,8.1	1	1	19	upaniRax	kaTopaniRax	-
20.1	vqNIRva	-	vqNIRva	vq2{karwari;lot;ma;eka;AwmanepaxI;kryAxiH}	vq2{karwari;lot;ma;eka;AwmanepaxI;kryAxiH}	-	-	1	1	19	upaniRax	kaTopaniRax	-
3.1	agniH	-	agniH	agni{puM;1;eka}	agni{puM;1;eka}	karwA,6.1	karwA,6.1	1	1	19	upaniRax	kaTopaniRax	-
4.1	nacikewaH	-	nacikewaH	nacikewas{puM;8;eka}	nacikewas{puM;8;eka}	samboXyaH,6.1	samboXyaH,6.1	1	1	19	upaniRax	kaTopaniRax	-
5.1	svargyaH	-	svargyaH	svargya{puM;1;eka}	svargya{puM;1;eka}	viSeRaNam,3.1	viSeRaNam,3.1	1	1	19	upaniRax	kaTopaniRax	-
6.1	(aswi)	-	-	as2{karwari;lat;pra;eka;parasmEpaxI;axAxiH}	as2{karwari;lat;pra;eka;parasmEpaxI;axAxiH}	-	-	1	1	19	upaniRax	kaTopaniRax	-
7.1	yam	-	yam	yax{sarvanAma;puM;2;eka}	yax{sarvanAma;puM;2;eka}	karma,8.1	karma,8.1#viSeRaNam,18.1#viSeRaNam,17.1#viSeRaNam,11.1#niwya_sambanXaH1,11.1#muKyakarma,8.1#gONakarma,8.1	1	1	19	upaniRax	kaTopaniRax	-
8.1	avqNIWAH	-	avqNIWAH	vq2{karwari;laf;ma;eka;AwmanepaxI;kryAxiH}	vq2{karwari;laf;ma;eka;AwmanepaxI;kryAxiH}	-	-	1	1	19	upaniRax	kaTopaniRax	-
9.1	xviwIyena	-	xviwIyena	xviwIya{puM;3;eka}/xviwIya{napuM;3;eka}/xviwIya{puM;3;eka}/xviwIya{napuM;3;eka}	xviwIya{puM;3;eka}	karaNam,8.1	karaNam,8.1#viSeRaNam,10.1#karaNam,15.1#hewuH,20.1#hewuH,15.1#hewuH,11.1#hewuH,8.1	1	1	19	upaniRax	kaTopaniRax	-
1.1	yA	-	yA	yax{sarvanAma;swrI;1;eka}	yax{sarvanAma;swrI;1;eka}	viSeRaNam,4.1	viSeRaNam,19.1#viSeRaNam,4.1#karwA_be_verbs,	1	1	20	upaniRax	kaTopaniRax	-
10.1	ayam	-	ayam	ixam{sarvanAma;puM;1;eka}/aya{puM;2;eka}	ixam{sarvanAma;puM;1;eka}	karwA,11.1	muKyakarma,17.1#karmasamAnAXikaraNam,15.1#karma,16.1#gONakarma,17.1#viSeRaNam,23.1#viSeRaNam,22.1#viSeRaNam,19.1#karwA_be_verbs,11.1#karwA_be_verbs,	1	1	20	upaniRax	kaTopaniRax	-
11.1	aswi	-	aswi	as2{karwari;lat;pra;eka;parasmEpaxI;axAxiH}	as2{karwari;lat;pra;eka;parasmEpaxI;axAxiH}	-	-	1	1	20	upaniRax	kaTopaniRax	-
12.1	iwi	-	iwi	iwi{avya}	iwi{avya}	vAkyakarma_xyowakaH,11.1	vAkyakarma_xyowakaH,11.1#vAkyakarma_xyowakaH,	1	1	20	upaniRax	kaTopaniRax	-
13.1	ca	-	ca	ca{avya}	ca{avya}	samuccaya_xyowakaH,12.1	samuccaya_xyowakaH,12.1#samuccaya_xyowakaH,11.1#samuccaya_xyowakaH,#sambanXaH,12.1	1	1	20	upaniRax	kaTopaniRax	-
14.1	eke	-	eke	eka{puM;7;eka}	eka{puM;7;eka}	aXikaraNam,12.1	aXikaraNam,12.1	1	1	20	upaniRax	kaTopaniRax	-
15.1	ewaw	-	ewaw	ewax{sarvanAma;napuM;1;eka}/ewax{sarvanAma;napuM;2;eka}	ewax{sarvanAma;napuM;2;eka}	karmasamAnAXikaraNam,16.1	karmasamAnAXikaraNam,16.1#muKyakarma,17.1#karma,16.1#viSeRaNam,19.1#karwA_be_verbs,11.1	1	1	20	upaniRax	kaTopaniRax	-
16.1	vixyAm	-	vixyAm	vix1{karwari;viXilif;u;eka;parasmEpaxI;axAxiH}/vixyA{swrI;2;eka}	vixyA{swrI;2;eka}	karma,17.1	karma,17.1#muKyakarma,17.1#gONakarma,17.1	1	1	20	upaniRax	kaTopaniRax	-
17.1	anuSiRtaH	-	anuSiRtaH	anu_{SAs_kwa1(pu;1;eka)}	anu_{SAs_kwa1(pu;1;eka)}	-	-	1	1	20	upaniRax	kaTopaniRax	-
18.1	wvayA	-	wvayA	yuRmax{sarvanAma;3;eka}	yuRmax{sarvanAma;3;eka}	karwA,17.1	karwA,17.1#hewuH,17.1#hewuH,16.1#hewuH,11.1#hewuH,	1	1	20	upaniRax	kaTopaniRax	-
19.1	aham	-	aham	asmax{sarvanAma;1;eka}	asmax{sarvanAma;1;eka}	karwA,17.1	karwA,17.1	1	1	20	upaniRax	kaTopaniRax	-
2.1	iyam	-	iyam	ixam{sarvanAma;swrI;1;eka}	ixam{sarvanAma;swrI;1;eka}	viSeRaNam,4.1	viSeRaNam,19.1#viSeRaNam,4.1#karwA_be_verbs,	1	1	20	upaniRax	kaTopaniRax	-
20.1	varANAm	-	varANAm	vara{puM;6;bahu}/vara{napuM;6;bahu}/varA{swrI;6;bahu}	vara{puM;6;bahu}	nirXAraNam,22.1	RaRTIsambanXaH,23.1#RaRTIsambanXaH,22.1#RaRTIsambanXaH,16.1#RaRTIsambanXaH,14.1#RaRTIsambanXaH,10.1#RaRTIsambanXaH,8.1#RaRTIsambanXaH,5.1#RaRTIsambanXaH,4.1#RaRTIsambanXaH,3.1#nirXAraNam,22.1	1	1	20	upaniRax	kaTopaniRax	-
21.1	eRaH	-	eRa	ewax{sarvanAma;puM;1;eka}	ewax{sarvanAma;puM;1;eka}	viSeRaNam,22.1	viSeRaNam,22.1	1	1	20	upaniRax	kaTopaniRax	-
22.1	varaH	-	varaH	vara{puM;1;eka}	vara{puM;1;eka}	karwA,24.1	karwA,24.1#viXeya_viSeRaNam,15.1#viXeya_viSeRaNam,10.1#viXeya_viSeRaNam,4.1#viXeya_viSeRaNam,2.1#viSeRaNam,23.1#viSeRaNam,19.1	1	1	20	upaniRax	kaTopaniRax	-
23.1	wqwIyaH	-	wqwIyaH	wqwIya{puM;1;eka}/wqwIya{puM;1;eka}	wqwIya{puM;1;eka}	viSeRaNam,22.1	viSeRaNam,15.1#viSeRaNam,22.1#viSeRaNam,19.1#viSeRaNam,10.1	1	1	20	upaniRax	kaTopaniRax	-
24.1	(aswi)	-	-	as2{karwari;lat;pra;eka;parasmEpaxI;axAxiH}	as2{karwari;lat;pra;eka;parasmEpaxI;axAxiH}	-	-	1	1	20	upaniRax	kaTopaniRax	-
3.1	prewe	-	prewe	prewa{puM;7;eka}/prewA{swrI;2;xvi}/prewA{swrI;8;eka}/prewA{swrI;8;xvi}	prewe{puM;7;eka}	BAvalakRaNa_sapwamI,6.1	BAvalakRaNa_sapwamI,6.1	1	1	20	upaniRax	kaTopaniRax	-
4.1	vicikiwsA	-	vicikiwsA	vicikiwsA{swrI;1;eka}	vicikiwsA{swrI;1;eka}	karwA,6.1	karwA,6.1#karwA_be_verbs,11.1#karwA_be_verbs,	1	1	20	upaniRax	kaTopaniRax	-
5.1	manuRye	-	manuRye	manuRya{puM;7;eka}	manuRya{puM;7;eka}	aXikaraNam,6.1	aXikaraNam,6.1#aXikaraNam,17.1#aXikaraNam,16.1#aXikaraNam,11.1#aXikaraNam,	1	1	20	upaniRax	kaTopaniRax	-
6.1	aswi	-	-	as2{karwari;lat;pra;eka;parasmEpaxI;axAxiH}	as2{karwari;lat;pra;eka;parasmEpaxI;axAxiH}	-	-	1	1	20	upaniRax	kaTopaniRax	-
7.1	iwi	-	iwi	iwi{avya}	iwi{avya}	vAkyakarma_xyowakaH,6.1	vAkyakarma_xyowakaH,6.1	1	1	20	upaniRax	kaTopaniRax	-
8.1	eke	-	eke	eka{puM;7;eka}	eka{puM;7;eka}	aXikaraNam,7.1	aXikaraNam,7.1	1	1	20	upaniRax	kaTopaniRax	-
9.1	na	-	na	na{avya}	na{avya}	prawiReXaH,10.1	prawiReXaH,10.1#prawiReXaH,17.1#prawiReXaH,16.1#prawiReXaH,11.1	1	1	20	upaniRax	kaTopaniRax	-
1.1	xevEH	-	xevEH	xeva{puM;3;bahu}	xeva{puM;3;bahu}	karwA,4.1	hewuH,21.1#hewuH,16.1	1	1	21	upaniRax	kaTopaniRax	-
10.1	eRaH	-	eRaH	ewax{sarvanAma;puM;1;eka}	ewax{sarvanAma;puM;1;eka}	viSeRaNam,11.1	viSeRaNam,11.1#viSeRaNam,9.1	1	1	21	upaniRax	kaTopaniRax	-
11.1	XarmaH	-	XarmaH	Xarma{puM;1;eka}	Xarma{puM;1;eka}	karwA,12.1	karwA,12.1	1	1	21	upaniRax	kaTopaniRax	-
12.1	(aswi)	-	-	-	-	-	-	1	1	21	upaniRax	kaTopaniRax	-
13.1	anyam	-	anyam	anya{sarvanAma;puM;2;eka}	anya{sarvanAma;puM;2;eka}	viSeRaNam,14.1	viSeRaNam,22.1#viSeRaNam,14.1#muKyakarma,16.1#gONakarma,16.1	1	1	21	upaniRax	kaTopaniRax	-
14.1	varam	-	varam	varam{avya}/vara{puM;2;eka}/vara{napuM;1;eka}/vara{napuM;2;eka}	varam{avya}/vara{puM;2;eka}	karma,16.1	muKyakarma,16.1#viSeRaNam,22.1#viSeRaNam,13.1#gONakarma,16.1	1	1	21	upaniRax	kaTopaniRax	-
15.1	nacikewaH	-	nacikewaH	nacikewas{puM;8;eka}	nacikewas{puM;8;eka}	samboXyaH,16.1	samboXyaH,16.1	1	1	21	upaniRax	kaTopaniRax	-
16.1	vqNIRva	-	vqNIRva	vq2{karwari;lot;ma;eka;AwmanepaxI;kryAxiH}	vq2{karwari;lot;ma;eka;AwmanepaxI;kryAxiH}	-	-	1	1	21	upaniRax	kaTopaniRax	-
17.1	mA	-	mA	mA{avya}	mA{avya}	vIpsA,18.1	vIpsA,18.1#prawiReXaH,21.1#prawiReXaH,16.1	1	1	21	upaniRax	kaTopaniRax	-
18.1	mA	-	mA	mA{avya}	mA{avya}	prawiReXaH,19.1	prawiReXaH,21.1#prawiReXaH,16.1	1	1	21	upaniRax	kaTopaniRax	-
19.1	uparowsIH	-	uparowsIH	upa_ruX{karwari;luf;ma;eka;parasmEpaxI;ruXAxiH}	upa_ruX{karwari;luf;ma;eka;parasmEpaxI;ruXAxiH}	-	-	1	1	21	upaniRax	kaTopaniRax	-
2.1	awra	-	awra	awra{avya}	awra{avya}	xeSAXikaraNam,4.1	xeSAXikaraNam,21.1#xeSAXikaraNam,16.1	1	1	21	upaniRax	kaTopaniRax	-
20.1	mA(mAm)	-	mA	mA{avya}	mA{avya}	karma,19.1	muKyakarma,15.1#gONakarma,15.1	1	1	21	upaniRax	kaTopaniRax	-
21.1	awisqja	-	awisqja	awi_sqj2{karwari;lot;ma;eka;parasmEpaxI;wuxAxiH}	awi_sqj2{karwari;lot;ma;eka;parasmEpaxI;wuxAxiH}	-	-	1	1	21	upaniRax	kaTopaniRax	-
22.1	enam	-	enam	ixam{sarvanAma;puM;2;eka}	ixam{sarvanAma;puM;2;eka}	karma,21.1	viSeRaNam,14.1#viSeRaNam,13.1#muKyakarma,16.1#gONakarma,16.1	1	1	21	upaniRax	kaTopaniRax	-
3.1	api	-	api	api{avya}	api{avya}	sambanXaH,2.1	sambanXaH,2.1	1	1	21	upaniRax	kaTopaniRax	-
4.1	vicikiwsiwam	-	vicikiwsiwam	vicikiwsiwa{napuM;1;eka}	vicikiwsiwa{napuM;1;eka}	-	karwA,12.1	1	1	21	upaniRax	kaTopaniRax	-
5.1	purA	-	purA	purA{avya}	purA{avya}	kriyAviSeRaNam,4.1	kriyAviSeRaNam,21.1#kriyAviSeRaNam,16.1	1	1	21	upaniRax	kaTopaniRax	-
6.1	na	-	na	na{avya}	na{avya}	prawiReXaH,8.1	prawiReXaH,21.1#prawiReXaH,16.1	1	1	21	upaniRax	kaTopaniRax	-
7.1	hi	-	hi	hi{avya}	hi{avya}	sambanXaH,6.1	sambanXaH,21.1#sambanXaH,16.1	1	1	21	upaniRax	kaTopaniRax	-
8.1	suvijFeyam	-	suvijFeyam	su_vi_jFeya{napuM;1;eka}	su_vi_jFeya{napuM;1;eka}	karwA,12.1	karwA,12.1	1	1	21	upaniRax	kaTopaniRax	-
9.1	aNuH	-	aNuH	aNu{puM;1;eka}	aNu{puM;1;eka}	viSeRaNam,11.1	viSeRaNam,11.1	1	1	21	upaniRax	kaTopaniRax	-
1.1	xevEH	-	xevEH	xeva{puM;3;bahu}	xeva{puM;3;bahu}	karwA,4.1	hewuH,20.1#hewuH,16.1#hewuH,14.1#hewuH,13.1	1	1	22	upaniRax	kaTopaniRax	-
10.1	na	-	na	na{avya}	na{avya}	prawiReXaH,11.2	prawiReXaH,16.1#prawiReXaH,14.1#prawiReXaH,13.1	1	1	22	upaniRax	kaTopaniRax	-
11.1	su-	-	sujFA	su	su	bahuvrIhiH,11.2	bahuvrIhiH,11.2	1	1	22	upaniRax	kaTopaniRax	-
11.2	jFeyam	-	iyam	jFeya{napuM;1;eka}	jFeya{napuM;1;eka}	karwqsamAnAXikaraNam,13.1	karwqsamAnAXikaraNam,13.1	1	1	22	upaniRax	kaTopaniRax	-
13.1	AwWa	-	AwWa	brU1{karwari;lat;ma;eka;parasmEpaxI;axAxiH}/Af_ax2{karwari{lat;ma;bahu;parasmEpaxI;axAxiH}	brU1{karwari;lat;ma;eka;parasmEpaxI;axAxiH}	-	vAkyakarma,14.1	1	1	22	upaniRax	kaTopaniRax	-
14.1	vakwA	-	vakwA	vac1{karwari;lut;pra;eka;parasmEpaxI;axAxiH}/vac1{karmaNi;lut;pra;eka;AwmanepaxI;axAxiH}/brU1{karwari;lut;pra;eka;parasmEpaxI;axAxiH}/brU1{karwari;lut;pra;eka;AwmanepaxI;axAxiH}/brU1{karmaNi;lut;pra;eka;AwmanepaxI;axAxiH}/vakwq{puM;1;eka(vac1;wqc;X;axAxiH)}/vakwq{puM;1;eka(brU1;wqc;X;axAxiH)}/vakwA{swrI;1;eka(vanc1;kwa;X;BvAxiH)}	vakwq{puM;1;eka}	karwA,20.1	viSeRaNam,12.1#viSeRaNam,6.1#vAkyakarma,13.1#sup_samucciwaH,6.1#karma,20.1#viSeRaNam,26.1#viSeRaNam,24.1#viSeRaNam,23.1#viSeRaNam,22.1#viSeRaNam,20.1#viSeRaNam,18.1#viSeRaNam,17.1	1	1	22	upaniRax	kaTopaniRax	-
15.1	ca	-	ca	ca{avya}	ca{avya}	sambanXaH,14.1	sup_samuccaya_xyowakaH,14.1#sambanXaH,14.1	1	1	22	upaniRax	kaTopaniRax	-
16.1	asya	-	asya	ixam{sarvanAma;puM;6;eka}/ixam{sarvanAma;napuM;6;eka}/as3{karwari;lot;ma;eka;parasmEpaxI;xivAxiH}	ixam{sarvanAma;puM;6;eka}	RaRTIsambanXaH,14.1	vAkyakarma,14.1#vAkyakarma,13.1#viSeRaNam,25.1#karwA,20.1#karma,20.1#RaRTIsambanXaH,23.1#RaRTIsambanXaH,17.1#RaRTIsambanXaH,14.1#RaRTIsambanXaH,8.1	1	1	22	upaniRax	kaTopaniRax	-
17.1	wvAxqk	-	wvAxqk	wvAxqS{puM;1;eka}/wvAxqS{napuM;1;eka}/wvAxqS{napuM;2;eka}/wvAxqS{napuM;8;eka}	wvAxqS{puM;1;eka}	viSeRaNam,14.1	muKyakarma,14.1#muKyakarma,13.1#karmasamAnAXikaraNam,9.1#karma,16.1#viSeRaNam,6.1#sup_samucciwaH,14.1#sup_samucciwaH,6.1#karwA,14.1#karmasamAnAXikaraNam,24.1#karmasamAnAXikaraNam,23.1#karmasamAnAXikaraNam,22.1#karmasamAnAXikaraNam,20.1#karmasamAnAXikaraNam,18.1#karmasamAnAXikaraNam,12.1#karmasamAnAXikaraNam,6.1#karma,20.1#gONakarma,14.1	1	1	22	upaniRax	kaTopaniRax	-
18.1	anyaH	-	anyaH	anya{sarvanAma;puM;1;eka}	anya{sarvanAma;puM;1;eka}	viSeRaNam,14.1	viSeRaNam,26.1#viSeRaNam,24.1#viSeRaNam,23.1#viSeRaNam,22.1#viSeRaNam,20.1#viSeRaNam,17.1#viSeRaNam,14.1#viSeRaNam,6.1#sup_samucciwaH,14.1#sup_samucciwaH,6.1#karwA,14.1#karma,20.1#gONakarma,14.1	1	1	22	upaniRax	kaTopaniRax	-
19.1	na	-	na	na{avya}	na{avya}	prawiReXaH,18.1	prawiReXaH,18.1	1	1	22	upaniRax	kaTopaniRax	-
2.1	awra	-	awra	awra{avya}	awra{avya}	xeSAXikaraNam,4.1	xeSAXikaraNam,20.1#xeSAXikaraNam,16.1#xeSAXikaraNam,14.1#xeSAXikaraNam,13.1	1	1	22	upaniRax	kaTopaniRax	-
20.1	laByaH	-	laByaH	laBya{puM;1;eka(laB1;yaw;X;BvAxiH)}	laBya{puM;1;eka(laB1;yaw;X;BvAxiH)}	-	viSeRaNam,26.1#viSeRaNam,24.1#viSeRaNam,23.1#viSeRaNam,22.1#viSeRaNam,18.1#viSeRaNam,17.1#viSeRaNam,14.1#viSeRaNam,6.1#sup_samucciwaH,6.1#karwA,14.1#karmasamAnAXikaraNam,18.1#karmasamAnAXikaraNam,17.1#karmasamAnAXikaraNam,12.1#karmasamAnAXikaraNam,9.1#karmasamAnAXikaraNam,6.1#gONakarma,14.1	1	1	22	upaniRax	kaTopaniRax	-
21.1	na	-	na	na{avya}	na{avya}	prawiReXaH,22.1	prawiReXaH,22.1	1	1	22	upaniRax	kaTopaniRax	-
22.1	anyaH	-	anyaH	anya{sarvanAma;puM;1;eka}	anya{sarvanAma;puM;1;eka}	viSeRaNam,23.1	viSeRaNam,26.1#viSeRaNam,24.1#viSeRaNam,23.1#viSeRaNam,20.1#viSeRaNam,18.1#viSeRaNam,17.1#viSeRaNam,14.1#viSeRaNam,6.1#sup_samucciwaH,14.1#sup_samucciwaH,6.1#karma,20.1	1	1	22	upaniRax	kaTopaniRax	-
23.1	varaH	-	varaH	vara{puM;1;eka}	vara{puM;1;eka}	karwA,27.1	viSeRaNam,26.1#viSeRaNam,24.1#viSeRaNam,22.1#viSeRaNam,20.1#viSeRaNam,18.1#viSeRaNam,17.1#viSeRaNam,14.1#viSeRaNam,6.1#sup_samucciwaH,14.1#sup_samucciwaH,6.1#karmasamAnAXikaraNam,24.1#karmasamAnAXikaraNam,22.1#karmasamAnAXikaraNam,20.1#karmasamAnAXikaraNam,18.1#karmasamAnAXikaraNam,17.1#karmasamAnAXikaraNam,12.1#karmasamAnAXikaraNam,9.1#karmasamAnAXikaraNam,6.1#karma,20.1	1	1	22	upaniRax	kaTopaniRax	-
24.1	wulyaH	-	wulyaH	wulya{puM;1;eka}	wulya{puM;1;eka}	viSeRaNam,23.1	viSeRaNam,26.1#viSeRaNam,23.1#viSeRaNam,22.1#viSeRaNam,20.1#viSeRaNam,18.1#viSeRaNam,17.1#viSeRaNam,14.1#viSeRaNam,6.1#sup_samucciwaH,14.1#sup_samucciwaH,6.1#karmasamAnAXikaraNam,23.1#karmasamAnAXikaraNam,22.1#karmasamAnAXikaraNam,20.1#karmasamAnAXikaraNam,18.1#karmasamAnAXikaraNam,17.1#karmasamAnAXikaraNam,12.1#karmasamAnAXikaraNam,9.1#karmasamAnAXikaraNam,6.1#karma,20.1	1	1	22	upaniRax	kaTopaniRax	-
25.1	ewasya	-	ewasya	ewax{sarvanAma;puM;6;eka}/ewax{sarvanAma;napuM;6;eka}	ewax{sarvanAma;puM;6;eka}	RaRTIsambanXaH,23.1	wulanA_binxuH,24.1#RaRTIsambanXaH,23.1#RaRTIsambanXaH,17.1#RaRTIsambanXaH,14.1#RaRTIsambanXaH,8.1	1	1	22	upaniRax	kaTopaniRax	-
26.1	kaSciw	-	kaSciw	kiFciw{sarvanAma;puM;1;eka}	kiFciw{sarvanAma;puM;1;eka}	viSeRaNam,23.1	viSeRaNam,24.1#viSeRaNam,23.1#viSeRaNam,22.1#viSeRaNam,20.1#viSeRaNam,18.1#viSeRaNam,17.1#viSeRaNam,14.1#viSeRaNam,6.1#sup_samucciwaH,14.1#sup_samucciwaH,6.1#karma,20.1	1	1	22	upaniRax	kaTopaniRax	-
27.1	(aswi)	-	-	-	-	-	-	1	1	22	upaniRax	kaTopaniRax	-
3.1	api	-	api	api{avya}	api{avya}	sambanXaH,2.1	sambanXaH,2.1	1	1	22	upaniRax	kaTopaniRax	-
4.1	vicikiwsiwam	-	vicikiwsiwam	vicikiwsiwa{napuM;1;eka}	vicikiwsiwa{napuM;1;eka}	-	-	1	1	22	upaniRax	kaTopaniRax	-
5.1	kila	-	kila	kila{avya}	kila{avya}	sambanXaH,6.1	sambanXaH,6.1	1	1	22	upaniRax	kaTopaniRax	-
6.1	wvam	-	wvam	yuRmax{sarvanAma;1;eka}	yuRmax{sarvanAma;1;eka}	karwA,13.1	sup_samucciwaH,14.1#karwA,13.1	1	1	22	upaniRax	kaTopaniRax	-
7.1	ca	-	ca	ca{avya}	ca{avya}	sambanXaH,6.1	sup_samuccaya_xyowakaH,6.1#sambanXaH,6.1	1	1	22	upaniRax	kaTopaniRax	-
8.1	mqwyo	-	mqwyo	mqwyu{puM;8;eka}	mqwyu{puM;8;eka}	samboXyaH,13.1	samboXyaH,13.1	1	1	22	upaniRax	kaTopaniRax	-
9.1	yaw	-	yaw	yaw{avya}/yax{sarvanAma;napuM;1;eka}/yax{sarvanAma;napuM;2;eka}	yaw{avya}/yax{sarvanAma;napuM;1;eka}/yax{sarvanAma;napuM;2;eka}	karwqsamAnAXikaraNam,13.1	viSeRaNam,17.1#niwya_sambanXaH1,25.1#muKyakarma,14.1#muKyakarma,13.1#karma,16.1#viSeRaNam,6.1#sup_samucciwaH,14.1#karwA,14.1#gONakarma,14.1#vAkyakarma_xyowakaH,16.1#vAkyakarma_xyowakaH,14.1#vAkyakarma_xyowakaH,13.1#sambanXaH,16.1#sambanXaH,13.1	1	1	22	upaniRax	kaTopaniRax	-
1.1	Sawa-	-	Sawa-Ayus	Sawa	Sawa	xvigu_wawpuruRaH,1.2	xvigu_wawpuruRaH,1.2	1	1	23	upaniRax	kaTopaniRax	-
1.2	AyuRaH	-	--	Ayus{napuM;5;eka}/Ayus{napuM;6;eka}	Ayus{napuM;5;eka}/Ayus{napuM;6;eka}	RaRTIsambanXaH,2.2	karwA,10.1#karma,10.1#RaRTIsambanXaH,15.1#RaRTIsambanXaH,14.1#RaRTIsambanXaH,10.1#RaRTIsambanXaH,9.1#RaRTIsambanXaH,8.1#RaRTIsambanXaH,7.1#RaRTIsambanXaH,6.2#RaRTIsambanXaH,5.1#RaRTIsambanXaH,4.1#RaRTIsambanXaH,2.2#hewuH5,17.1#hewuH5,14.1#hewuH5,11.1#hewuH5,10.1#hewuH5,3.1	1	1	23	upaniRax	kaTopaniRax	-
10.1	Ayawanam	-	Ayawanam	Ayawana{napuM;1;eka}/Ayawana{napuM;2;eka}/Ayawana{napuM;1;eka(Af_yaw1;lyut;X;BvAxiH)}/Ayawana{napuM;2;eka(Af_yaw1;lyut;X;BvAxiH)}	Ayawana{napuM;1;eka}}/Ayawana{napuM;2;eka}	karma,11.1	muKyakarma,11.1#muKyakarma,3.1#karma,17.1	1	1	23	upaniRax	kaTopaniRax	-
11.1	vqNIRva	-	vqNIRva	vq2{karwari;lot;ma;eka;AwmanepaxI;kryAxiH}	vq2{karwari;lot;ma;eka;AwmanepaxI;kryAxiH}	-	samucciwaH,3.1	1	1	23	upaniRax	kaTopaniRax	-
12.1	svayam	-	svayam	svayam{avya}	svayam{avya}	kriyAviSeRaNam,14.1	kriyAviSeRaNam,17.1#kriyAviSeRaNam,14.1#kriyAviSeRaNam,11.1#kriyAviSeRaNam,10.1#kriyAviSeRaNam,3.1	1	1	23	upaniRax	kaTopaniRax	-
13.1	ca	-	ca	ca{avya}	ca{avya}	sambanXaH,12.1	sup_samuccaya_xyowakaH,12.1#samuccaya_xyowakaH,11.1#samuccaya_xyowakaH,3.1#sambanXaH,12.1	1	1	23	upaniRax	kaTopaniRax	-
14.1	jIva	-	jIva	jIv1{karwari;lot;ma;eka;parasmEpaxI;BvAxiH}/jIva{puM;8;eka}/jIva{napuM;8;eka}	jIv1{karwari;lot;ma;eka;parasmEpaxI;BvAxiH}	samucciwaH,17.1	samucciwaH,11.1#samucciwaH,3.1	1	1	23	upaniRax	kaTopaniRax	-
15.1	SaraxaH	-	SaraxaH	Sarax{swrI;1;bahu}/Sarax{swrI;2;bahu}/Sarax{swrI;5;eka}/Sarax{swrI;6;eka}/Sarax{swrI;8;bahu}	Sarax{swrI;1;bahu}	RaRTIsambanXaH,14.1	RaRTIsambanXaH,14.1#RaRTIsambanXaH,10.1#RaRTIsambanXaH,9.1#RaRTIsambanXaH,8.1#RaRTIsambanXaH,7.1#RaRTIsambanXaH,6.2#RaRTIsambanXaH,5.1#RaRTIsambanXaH,4.1#RaRTIsambanXaH,2.2#hewuH5,17.1#hewuH5,14.1#hewuH5,11.1#hewuH5,10.1#hewuH5,3.1#muKyakarma,11.1#karma,17.1#gONakarma,11.1	1	1	23	upaniRax	kaTopaniRax	-
16.1	yAvaw	-	yAvaw	yAvaw{avya}	yAvaw{avya}	sambanXaH,17.1	sambanXaH,17.1	1	1	23	upaniRax	kaTopaniRax	-
17.1	icCasi	-	icCasi	iR2{karwari;lat;ma;eka;parasmEpaxI;wuxAxiH}	iR2{karwari;lat;ma;eka;parasmEpaxI;wuxAxiH}	-	-	1	1	23	upaniRax	kaTopaniRax	-
2.1	puwra-	-	puwra-pOwra	puwra	puwra	xvanxvaH,2.2	bahuvrIhiH,2.2#RaRTI_wawpuruRaH,2.2	1	1	23	upaniRax	kaTopaniRax	-
2.2	pOwrAn	-	--	pOwra{puM;2;bahu}	pOwra{puM;2;bahu}	karma,3.1	muKyakarma,3.1#gONakarma,3.1#aBexaH,7.1#aBexaH,5.1#aBexaH,4.1	1	1	23	upaniRax	kaTopaniRax	-
3.1	vqNIRva	-	vqNIRva	vq2{karwari;lot;ma;eka;AwmanepaxI;kryAxiH}	vq2{karwari;lot;ma;eka;AwmanepaxI;kryAxiH}	-	samucciwaH,11.1	1	1	23	upaniRax	kaTopaniRax	-
4.1	bahUn	-	bahUn	bahu{puM;2;bahu}	bahu{puM;2;bahu}	viSeRaNam,5.1	wIvrawAxarSI,5.1#viSeRaNam,7.1#viSeRaNam,5.1#viSeRaNam,2.2#muKyakarma,11.1#muKyakarma,3.1#gONakarma,11.1#gONakarma,3.1	1	1	23	upaniRax	kaTopaniRax	-
5.1	paSUn	-	paSUn	paSu{puM;2;bahu}	paSu{puM;2;bahu}	samucciwaH,2.2	muKyakarma,11.1#muKyakarma,3.1#gONakarma,11.1#gONakarma,3.1	1	1	23	upaniRax	kaTopaniRax	-
6.1	haswi-	-	haswin-hiraNya	haswin	haswin	xvanxvaH,6.2	bahuvrIhiH,6.2#RaRTI_wawpuruRaH,6.2	1	1	23	upaniRax	kaTopaniRax	-
6.2	hiraNyam	-	--	hiraNya{napuM;1;eka}/hiraNya{napuM;2;eka}/hiraNya{puM;2;eka}	hiraNya{napuM;1;eka}hiraNya{napuM;2;eka}/hiraNya{puM;2;eka}	samucciwaH,2.2	muKyakarma,11.1#muKyakarma,3.1#gONakarma,11.1#gONakarma,3.1#viSeRaNam,10.1#viSeRaNam,9.1	1	1	23	upaniRax	kaTopaniRax	-
7.1	aSvAn	-	aSvAn	aSva{puM;2;bahu}	aSva{puM;2;bahu}	samucciwaH,2.2	muKyakarma,11.1#muKyakarma,3.1#gONakarma,11.1#gONakarma,3.1	1	1	23	upaniRax	kaTopaniRax	-
8.1	BUmeH	-	BUmeH	BUmi{swrI;5;eka}/BUmi{swrI;6;eka}	BUmi{swrI;5;eka}/BUmi{swrI;6;eka}	RaRTIsambanXaH,10.1	karwA,10.1#karma,10.1#RaRTIsambanXaH,15.1#RaRTIsambanXaH,14.1#RaRTIsambanXaH,10.1#RaRTIsambanXaH,9.1#RaRTIsambanXaH,7.1#RaRTIsambanXaH,6.2#RaRTIsambanXaH,5.1#RaRTIsambanXaH,4.1#RaRTIsambanXaH,2.2#hewuH5,17.1#hewuH5,14.1#hewuH5,11.1#hewuH5,10.1#hewuH5,3.1	1	1	23	upaniRax	kaTopaniRax	-
9.1	mahaw	-	mahaw	mahaw{napuM;8;eka}/mahaw{napuM;1;eka}/mahaw{napuM;2;eka}	mahaw{napuM;8;eka}/mahaw{napuM;1;eka}/mahaw{napuM;2;eka}	viSeRaNam,10.1	wIvrawAxarSI,10.1#viSeRaNam,10.1#viSeRaNam,6.2#muKyakarma,11.1#muKyakarma,3.1#viSeRaNam,14.1	1	1	23	upaniRax	kaTopaniRax	-
1.1	ewaw	-	ewaw	ewax{sarvanAma;napuM;1;eka}/ewax{sarvanAma;napuM;2;eka}	ewax{sarvanAma;napuM;2;eka}	viSeRaNam,5.1	viSeRaNam,16.2#viSeRaNam,15.1#viSeRaNam,7.1#viSeRaNam,5.1#viSeRaNam,2.1#sup_samucciwaH,8.2#muKyakarma,6.1#karma,7.1#karma,4.1#viSeRaNam,12.1	1	1	24	upaniRax	kaTopaniRax	-
10.1	mahA-	-	mahaw-BUmi	mahaw	mahaw	karmaXArayaH_1,10.2	karmaXArayaH_1,10.2#bahuvrIhiH,10.2	1	1	24	upaniRax	kaTopaniRax	-
10.2	BUmO	-	--	BUmi{swrI;7;eka}/BUmi{puM;7;eka}	BUmi{swrI;7;eka}	aXikaraNam,13.1	aXikaraNam,17.1#aXikaraNam,16.2#aXikaraNam,13.1#aXikaraNam,8.2#aXikaraNam,7.1#aXikaraNam,6.1#aXikaraNam,4.1	1	1	24	upaniRax	kaTopaniRax	-
11.1	nacikewaH	-	nacikewaH	nacikewas{puM;8;eka}	nacikewas{puM;8;eka}	samboXyaH,13.1	samboXyaH,13.1	1	1	24	upaniRax	kaTopaniRax	-
12.1	wvam	-	wvam	yuRmax{sarvanAma;1;eka}	yuRmax{sarvanAma;1;eka}	karwA,13.1	viXeya_viSeRaNam,1.1#karwA_be_verbs,13.1#karwA,6.1	1	1	24	upaniRax	kaTopaniRax	-
13.1	eXi	-	eXi	as2{karwari;lot;ma;eka;parasmEpaxI;axAxiH}	as2{karwari;lot;ma;eka;parasmEpaxI;axAxiH}	-	samucciwaH,7.1#samucciwaH,6.1	1	1	24	upaniRax	kaTopaniRax	-
14.1	kAmAnAm	-	kAmAnAm	kAma{puM;6;bahu}/kAmA{swrI;6;bahu}	kAma{puM;6;bahu}	RaRTIsambanXaH,16.2	karwA,16.2#karma,16.2#RaRTIsambanXaH,16.2#RaRTIsambanXaH,11.1#RaRTIsambanXaH,10.2#RaRTIsambanXaH,8.2#RaRTIsambanXaH,7.1#RaRTIsambanXaH,5.1#nirXAraNam,5.1	1	1	24	upaniRax	kaTopaniRax	-
15.1	wvA	-	wvA	yuRmax{sarvanAma;2;eka}	yuRmax{sarvanAma;2;eka}	karma,17.1	sup_samucciwaH,8.2#karma,17.1	1	1	24	upaniRax	kaTopaniRax	-
16.1	kAma-	-	kAma-BAja	kAma	kAma	wawpuruRaH,16.2	bahuvrIhiH,16.2#RaRTI_wawpuruRaH,16.2	1	1	24	upaniRax	kaTopaniRax	-
16.2	BAjam	-	--	BAja{puM;2;eka(Baj1;GaF;X;BvAxiH)}/BAja{puM;2;eka(Baj2;GaF;X;curAxiH)}/BAja{puM;2;eka(BAja1;GaF;X;curAxiH)}/BAja{napuM;1;eka}/BAja{napuM;2;eka}	BAja{puM;2;eka(Baj1;GaF;X;BvAxiH)}	karmasamAnAXikaraNam,17.1	viSeRaNam,15.1#viSeRaNam,7.1#viSeRaNam,5.1#viSeRaNam,2.1#sup_samucciwaH,8.2#karmasamAnAXikaraNam,15.1#karmasamAnAXikaraNam,8.2#karmasamAnAXikaraNam,7.1#karmasamAnAXikaraNam,5.1#karmasamAnAXikaraNam,2.1#karma,17.1#viXeya_viSeRaNam,12.1#viSeRaNam,8.2	1	1	24	upaniRax	kaTopaniRax	-
17.1	karomi	-	karomi	kq3{karwari;lat;u;eka;parasmEpaxI;wanAxiH}	kq3{karwari;lat;u;eka;parasmEpaxI;wanAxiH}	-	-	1	1	24	upaniRax	kaTopaniRax	-
2.1	wulyam	-	wulyam	wulya{puM;2;eka}/wulya{napuM;1;eka}/wulya{napuM;2;eka}	wulya{puM;2;eka}	viSeRaNam,5.1	viSeRaNam,16.2#viSeRaNam,15.1#viSeRaNam,7.1#viSeRaNam,5.1#sup_samucciwaH,8.2#muKyakarma,6.1#karmasamAnAXikaraNam,16.2#karmasamAnAXikaraNam,15.1#karmasamAnAXikaraNam,8.2#karmasamAnAXikaraNam,7.1#karmasamAnAXikaraNam,5.1#karma,7.1#karma,4.1#viSeRaNam,12.1#gONakarma,6.1	1	1	24	upaniRax	kaTopaniRax	-
3.1	yaxi	-	yaxi	yaxi{avya}	yaxi{avya}	AvaSyakawA_xyowakaH,4.1	AvaSyakawA_xyowakaH,17.1#AvaSyakawA_xyowakaH,13.1#AvaSyakawA_xyowakaH,7.1#AvaSyakawA_xyowakaH,6.1#AvaSyakawA_xyowakaH,4.1	1	1	24	upaniRax	kaTopaniRax	-
4.1	manyase	-	manyase	man2{karmaNi;lat;ma;eka;AwmanepaxI;wanAxiH}/man1{karwari;lat;ma;eka;AwmanepaxI;xivAxiH}	man2{karmaNi;lat;ma;eka;AwmanepaxI;wanAxiH}	-	-	1	1	24	upaniRax	kaTopaniRax	-
5.1	varam	-	varam	varam{avya}/vara{puM;2;eka}/vara{napuM;1;eka}/vara{napuM;2;eka}	varam{avya}/vara{puM;2;eka}	karma,4.1	viSeRaNam,16.2#viSeRaNam,15.1#viSeRaNam,7.1#viSeRaNam,2.1#sup_samucciwaH,8.2#muKyakarma,6.1#karmasamAnAXikaraNam,16.2#karmasamAnAXikaraNam,15.1#karmasamAnAXikaraNam,8.2#karmasamAnAXikaraNam,7.1#karmasamAnAXikaraNam,2.1#karma,7.1#karma,4.1#viSeRaNam,12.1#gONakarma,6.1	1	1	24	upaniRax	kaTopaniRax	-
6.1	vqNIRva	-	vqNIRva	vq2{karwari;lot;ma;eka;AwmanepaxI;kryAxiH}	vq2{karwari;lot;ma;eka;AwmanepaxI;kryAxiH}	-	samucciwaH,7.1	1	1	24	upaniRax	kaTopaniRax	-
7.1	viwwam	-	viwwam	vix1{karwari;lot;ma;xvi;parasmEpaxI;axAxiH}/viwwa{napuM;1;eka}/viwwa{napuM;2;eka}	viwwa{napuM;2;eka}	karma,6.1	viSeRaNam,15.1#sup_samucciwaH,8.2#muKyakarma,6.1#karmasamAnAXikaraNam,16.2#karmasamAnAXikaraNam,15.1#karmasamAnAXikaraNam,8.2#karmasamAnAXikaraNam,5.1#karmasamAnAXikaraNam,2.1#karma,4.1#viSeRaNam,12.1#samucciwaH,6.1	1	1	24	upaniRax	kaTopaniRax	-
8.1	cira-	-	cira-jIvikA	cira	cira	wawpuruRaH,8.2	bahuvrIhiH,8.2#RaRTI_wawpuruRaH,8.2	1	1	24	upaniRax	kaTopaniRax	-
8.2	jIvikAm	-	--	jIvikA{swrI;2;eka}/jIvikA{swrI;2;eka(jIv1;Nvul;X;BvAxiH)}	jIvikA{swrI;2;eka}	karmasamAnAXikaraNam,6.1	viSeRaNam,15.1#muKyakarma,6.1#karmasamAnAXikaraNam,7.1#karmasamAnAXikaraNam,5.1#karmasamAnAXikaraNam,2.1#karmasamAnAXikaraNam,1.1#karma,7.1#karma,4.1#gONakarma,6.1#karmasamAnAXikaraNam,16.2#karmasamAnAXikaraNam,15.1	1	1	24	upaniRax	kaTopaniRax	-
9.1	ca	-	ca	ca{avya}	ca{avya}	sup_samuccaya_xyowakaH,8.2	sup_samuccaya_xyowakaH,8.2#samuccaya_xyowakaH,7.1#samuccaya_xyowakaH,6.1#sambanXaH,8.2	1	1	24	upaniRax	kaTopaniRax	-
1.1	ye	-	ye	yax{sarvanAma;puM;1;bahu}/yax{sarvanAma;napuM;1;xvi}/yax{sarvanAma;napuM;2;xvi}/yax{sarvanAma;swrI;1;xvi}/yax{sarvanAma;swrI;2;xvi}	yax{sarvanAma;puM;1;bahu}	vIpsA,2.1	viSeRaNam,2.1#vIpsA,2.1#karma,8.1#viSeRaNam,17.1#viSeRaNam,16.1#viSeRaNam,12.1#viSeRaNam,4.1#viSeRaNam,3.1	1	1	25	upaniRax	kaTopaniRax	-
10.1	imAH	-	imAH	ixam{sarvanAma;swrI;1;bahu}/ixam{sarvanAma;swrI;2;bahu}	ixam{sarvanAma;swrI;1;bahu}	viSeRaNam,11.1	viSeRaNam,17.1#viSeRaNam,12.1#viSeRaNam,11.1#viSeRaNam,4.1#viSeRaNam,3.1#karma,9.1#karma,8.1#karma,17.1	1	1	25	upaniRax	kaTopaniRax	-
11.1	rAmAH	-	rAmAH	rAma{puM;1;bahu}/rAmA{swrI;1;bahu}/rAmA{swrI;2;bahu}/rAma{puM;8;bahu}/rAmA{swrI;8;bahu}	rAmA{swrI;1;bahu}	karma,17.1	samboXyaH,9.1#karma,9.1#karma,8.1#karma,17.1	1	1	25	upaniRax	kaTopaniRax	-
12.1	sa-	-	saraWAH	sa	sa	bahuvrIhiH,12.2	bahuvrIhiH,12.2	1	1	25	upaniRax	kaTopaniRax	-
12.2	raWAH	-	-	raWa{puM;1;bahu}/raWa{puM;8;bahu}/raWA{swrI;8;bahu}/raWA{swrI;1;bahu}/raWA{swrI;2;bahu}	raWa{puM;1;bahu}	karmasamAnAXikaraNam,17.1	viSeRaNam,16.1#viSeRaNam,14.2#viSeRaNam,12.1#viSeRaNam,4.1#viSeRaNam,3.1#kriyAviSeRaNam,16.1#kriyAviSeRaNam,14.2#kriyAviSeRaNam,9.1#kriyAviSeRaNam,8.1#karma,14.2#karma,9.1#karma,8.1#karma,16.1#samboXyaH,14.2	1	1	25	upaniRax	kaTopaniRax	-
13.1	sa-	-	sawUryAH	sa	sa	bahuvrIhiH,13.2	bahuvrIhiH,13.2#RaRTI_wawpuruRaH,14.2	1	1	25	upaniRax	kaTopaniRax	-
13.2	wUryAH	-	-	wUr1{Nic;karwari;ASIrlif;ma;eka;parasmEpaxI;xivAxiH}/wUrya{puM;1;bahu(wUr1;Nyaw;X;xivAxiH)}/wUryA{swrI;1;bahu(wUr1;Nyaw;X;xivAxiH)}/wUryA{swrI;2;bahu(wUr1;Nyaw;X;xivAxiH)}/wUrya{puM;1;bahu}/wUryA{swrI;8;bahu}	wUrya{puM;1;bahu}	karmasamAnAXikaraNam,17.1	viSeRaNam,13.2#viSeRaNam,12.1#viSeRaNam,4.1#viSeRaNam,3.1#kriyAviSeRaNam,16.1#kriyAviSeRaNam,14.2#kriyAviSeRaNam,9.1#kriyAviSeRaNam,8.1#viSeRaNam,11.1#karma,9.1#karma,8.1#karma,16.1#viSeRaNam,15.1#viSeRaNam,10.1#viSeRaNam,2.1	1	1	25	upaniRax	kaTopaniRax	-
14.1	na	-	na	na{avya}	na{avya}	prawiReXaH,17.1	prawiReXaH,17.1	1	1	25	upaniRax	kaTopaniRax	-
15.1	hi	-	hi	hi{avya}	hi{avya}	sambanXaH,14.1	sambanXaH,14.1#sambanXaH,9.1	1	1	25	upaniRax	kaTopaniRax	-
16.1	IxqSAH	-	IxqSAH	IxqSa{puM;1;bahu}/IxqSa{puM;8;bahu}	IxqSa{puM;1;bahu}	viSeRaNam,12.2	viSeRaNam,12.2#viSeRaNam,4.1#viSeRaNam,3.1#viSeRaNam,17.1#viSeRaNam,2.1#karma,17.1	1	1	25	upaniRax	kaTopaniRax	-
17.1	lamBanIyAH	-	lamBanIyAH	lamBanIya{puM;1;bahu(laB1;anIyar;X;BvAxiH)}/lamBanIyA{swrI;1;bahu(laB1;anIyar;X;BvAxiH)}/lamBanIyA{swrI;2;bahu(laB1;anIyar;X;BvAxiH)}	lamBanIya{puM;1;bahu(laB1;anIyar;X;BvAxiH)}	-	-	1	1	25	upaniRax	kaTopaniRax	-
18.1	manuRyEH	-	manuRyEH	manuRya{puM;3;bahu}	manuRya{puM;3;bahu}	karwA,17.1	karwA,17.1#hewuH,17.1#hewuH,9.1#hewuH,8.1	1	1	25	upaniRax	kaTopaniRax	-
19.1	ABiH	-	ABiH	ixam{sarvanAma;swrI;3;bahu}	ixam{sarvanAma;swrI;3;bahu}	viSeRaNam,21.1	viSeRaNam,21.1#karwA,17.1#karaNam,17.1#hewuH,17.1#hewuH,9.1#hewuH,8.1	1	1	25	upaniRax	kaTopaniRax	-
2.1	ye	-	ye	yax{sarvanAma;puM;1;bahu}/yax{sarvanAma;napuM;1;xvi}/yax{sarvanAma;napuM;2;xvi}/yax{sarvanAma;swrI;1;xvi}/yax{sarvanAma;swrI;2;xvi}	yax{sarvanAma;puM;1;bahu}	viSeRaNam,3.1	viSeRaNam,1.1#karma,9.1#karma,8.1#viSeRaNam,17.1#viSeRaNam,16.1#viSeRaNam,12.1#viSeRaNam,4.1#viSeRaNam,3.1	1	1	25	upaniRax	kaTopaniRax	-
20.1	maw	-	asmax-prawwA	asmax{sarvanAma;5;eka}	asmax{sarvanAma;5;eka}	apAxAnam,22.1	hewuH5,16.1#hewuH5,12.16#hewuH5,9.1#hewuH5,8.1#apAxAnam,22.1	1	1	25	upaniRax	kaTopaniRax	-
21.1	prawwABiH	-	--	prawwA{swrI;3;bahu}	prawwA{swrI;3;bahu}	karaNam,22.1	karwA,17.1#karaNam,22.1#hewuH,17.1#hewuH,9.1#hewuH,8.1	1	1	25	upaniRax	kaTopaniRax	-
22.1	paricArayasva	-	paricArayasva	pari_car{karwari;lot;ma;eka;AwmanepaxI;curAxiH}	pari_car{karwari;lot;ma;eka;AwmanepaxI;curAxiH}	-	-	1	1	25	upaniRax	kaTopaniRax	-
23.1	nacikewaH	-	nacikewaH	nacikewas{puM;8;eka}	nacikewas{puM;8;eka}	samboXyaH,26.1	samboXyaH,26.1	1	1	25	upaniRax	kaTopaniRax	-
24.1	maraNam	-	maraNam	maraNa{napuM;1;eka}/maraNa{napuM;2;eka}	maraNa{napuM;2;eka}	karma,26.1	karma,26.1	1	1	25	upaniRax	kaTopaniRax	-
25.1	mA	-	mA	mA{avya}	mA{avya}	prawiReXaH,26.1	prawiReXaH,26.1	1	1	25	upaniRax	kaTopaniRax	-
26.1	anuprAkRIH	-	anuprAkRIH	anu_pracC{karwari;luf;ma;eka;paraspamEpaxI;wuxAxiH}	anu_pracC{karwari;luf;ma;eka;paraspamEpaxI;wuxAxiH}	-	-	1	1	25	upaniRax	kaTopaniRax	-
3.1	kAmAH	-	kAmAH	kAma{puM;1;bahu}/kAmA{swrI;1;bahu}/kAmA{swrI;2;bahu}/kAma{puM;8;bahu}/kAmA{swrI;8;bahu}	kAma{puM;1;bahu}	karwA,9.1	karma,9.1#karma,8.1	1	1	25	upaniRax	kaTopaniRax	-
4.1	xurlaBAH	-	xurlaBAH	xurlaBa{puM;1;bahu}/xurlaBA{swrI;1;bahu}/xurlaBA{swrI;2;bahu}/xurlaBa{puM;8;bahu}/xurlaBA{swrI;8;bahu}	xurlaBa{puM;1;bahu}	viSeRaNam,3.1	viSeRaNam,16.1#viSeRaNam,12.1#viSeRaNam,11.1#viSeRaNam,3.1#karma,9.1#karma,8.1#viSeRaNam,17.1#viSeRaNam,2.1	1	1	25	upaniRax	kaTopaniRax	-
5.1	marwya-	-	marwya-loka	marwya	marwya	RaRTI_wawpuruRaH,5.2	bahuvrIhiH,5.2#RaRTI_wawpuruRaH,5.2	1	1	25	upaniRax	kaTopaniRax	-
5.2	loke	-	--	loka{puM;7;eka}	loka{puM;7;eka}	aXikaraNam,9.1	aXikaraNam,17.1#aXikaraNam,9.1#aXikaraNam,8.1#BkarwA,8.1	1	1	25	upaniRax	kaTopaniRax	-
6.1	sarvAn	-	sarvAn	sarva{sarvanAma;puM;2;bahu}	sarva{sarvanAma;puM;2;bahu}	viSeRaNam,7.1	viSeRaNam,8.1#viSeRaNam,7.1#karma,9.1#karma,8.1	1	1	25	upaniRax	kaTopaniRax	-
7.1	kAmAn	-	kAmAn	kAma{puM;2;bahu}	kAma{puM;2;bahu}	karma,9.1	karma,9.1#karma,8.1	1	1	25	upaniRax	kaTopaniRax	-
8.1	CanxawaH	-	CanxawaH	Canxa{avya;wasil}/Canxaw{puM;2;bahu(Cax2;Sawq_lat;X;curAxiH)}/Canxaw{puM;5;eka(Cax2;Sawq_lat;X;curAxiH)}/Canxaw{puM;6;eka(Cax2;Sawq_lat;X;curAxiH)}/Canxaw{napuM;5;eka(Cax2;Sawq_lat;X;curAxiH)}/Canxaw{napuM;6;eka(Cax2;Sawq_lat;X;curAxiH)}	Canxa{avya;wasil}	hewuH5,9.1	karwA,17.1#karma,17.1#RaRTIsambanXaH,23.1#RaRTIsambanXaH,22.1#RaRTIsambanXaH,20.2#RaRTIsambanXaH,18.1#RaRTIsambanXaH,12.1#RaRTIsambanXaH,11.1#RaRTIsambanXaH,7.1#RaRTIsambanXaH,5.2#RaRTIsambanXaH,4.1#RaRTIsambanXaH,3.1#BAvalakRaNasapwamI_samAnakAlaH,9.1#hewuH5,17.1#hewuH5,9.1#apAxAnam,17.1#viSeRaNam,7.1#viSeRaNam,6.1#karma,9.1	1	1	25	upaniRax	kaTopaniRax	-
9.1	prArWayasva	-	prArWayasva	pra_arWa1{karwari;lot;ma;eka;AwmanepaxI;curAxiH}	pra_arWa1{karwari;lot;ma;eka;AwmanepaxI;curAxiH}	-	-	1	1	25	upaniRax	kaTopaniRax	-
1.1	Svo-	-	Svo-BAva	Svo	Svo	RaRTI_wawpuruRaH,1.2	bahuvrIhiH,1.2#RaRTI_wawpuruRaH,1.2	1	1	26	upaniRax	kaTopaniRax	-
1.2	BAvAH	-	--	BAva{puM;8;bahu}/BAva{puM;1;bahu(BU1;GaF;X;BvAxiH)}/BAva{puM;1;bahu(BU2;GaF;X;curAxiH)}/BAva{puM;1;bahu(Buv1;GaF;X;curAxiH)}/BAvA{swrI;8;bahu}/BAvA{swrI;1;bahu}/BAvA{swrI;2;bahu}	BAva{puM;1;bahu}	niwya_sambanXaH1,5.1	viSeRaNam,18.1#prayojyakarwA,8.1#karma,8.1#prayojakakarwA,8.1#samboXyaH,8.1	1	1	26	upaniRax	kaTopaniRax	-
10.1	api	-	api	api{avya}	api{avya}	sambanXaH,11.1	sambanXaH,9.1	1	1	26	upaniRax	kaTopaniRax	-
11.1	sarvam	-	sarvam	sarva{sarvanAma;puM;2;eka}/sarva{sarvanAma;napuM;1;eka}/sarva{sarvanAma;napuM;2;eka}	sarva{sarvanAma;napuM;1;eka}	viSeRaNam,12.1	viSeRaNam,20.2#viSeRaNam,13.1#viSeRaNam,12.1#viSeRaNam,9.1#viSeRaNam,5.1#viSeRaNam,3.1#prayojyakarwA,8.1#karma,8.1#viXeya_viSeRaNam,9.1#viXeya_viSeRaNam,5.1#viXeya_viSeRaNam,3.1#karwA,12.1	1	1	26	upaniRax	kaTopaniRax	-
12.1	jIviwam	-	jIviwam	jIviwa{puM;2;eka(jIv1;kwa;X;BvAxiH)}/jIviwa{napuM;1;eka(jIv1;kwa;X;BvAxiH)}/jIviwa{napuM;2;eka(jIv1;kwa;X;BvAxiH)}	jIviwa{napuM;1;eka(jIv1;kwa;X;BvAxiH)}	karwA,15.1	viSeRaNam,20.2#viSeRaNam,11.1#viSeRaNam,9.1#viSeRaNam,5.1#viSeRaNam,3.1#prayojyakarwA,8.1#karma,8.1#viXeya_viSeRaNam,11.1#viXeya_viSeRaNam,9.1#viXeya_viSeRaNam,5.1#viXeya_viSeRaNam,3.1#viSeRaNam,13.1	1	1	26	upaniRax	kaTopaniRax	-
13.1	alpam	-	alpam	alpa{puM;2;eka}/alpa{napuM;1;eka}/alpa{napuM;2;eka}	alpa{napuM;1;eka}	viSeRaNam,12.1	viSeRaNam,20.2#viSeRaNam,12.1#viSeRaNam,11.1#viSeRaNam,9.1#viSeRaNam,5.1#viSeRaNam,3.1#prayojyakarwA,8.1#kriyAviSeRaNam,20.1#kriyAviSeRaNam,12.1#kriyAviSeRaNam,8.1#karma,8.1#viXeya_viSeRaNam,12.1#viXeya_viSeRaNam,11.1#viXeya_viSeRaNam,9.1#viXeya_viSeRaNam,5.1#viXeya_viSeRaNam,3.1#karwA,12.1	1	1	26	upaniRax	kaTopaniRax	-
14.1	eva	-	eva	eva{avya}	eva{avya}	sambanXaH,13.1	sambanXaH,13.1	1	1	26	upaniRax	kaTopaniRax	-
15.1	(aswi)	-	-	as2{karwari;lat;pra;eka;parasmEpaxI;axAxiH}	as2{karwari;lat;pra;eka;parasmEpaxI;axAxiH}	-	-	1	1	26	upaniRax	kaTopaniRax	-
16.1	wava	-	wava	yuRmax{sarvanAma;6;eka}	yuRmax{sarvanAma;6;eka}	RaRTIsambanXaH,18.1	viSeRaNam,19.1#karwA,20.1#karma,20.1#RaRTIsambanXaH,20.2#RaRTIsambanXaH,18.1#RaRTIsambanXaH,13.1#RaRTIsambanXaH,9.1#RaRTIsambanXaH,7.2#RaRTIsambanXaH,4.1#RaRTIsambanXaH,2.1	1	1	26	upaniRax	kaTopaniRax	-
17.1	eva	-	eva	eva{avya}	eva{avya}	sambanXaH,16.1	sambanXaH,16.1	1	1	26	upaniRax	kaTopaniRax	-
18.1	vAhAH	-	vAhAH	vAha{puM;1;bahu}/vAhA{swrI;1;bahu}/vAhA{swrI;2;bahu}/vAha{puM;8;bahu}/vAhA{swrI;8;bahu}	vAha{puM;1;bahu}	karwA,15.1	karwA,16.1	1	1	26	upaniRax	kaTopaniRax	-
19.1	wava	-	wava	yuRmax{sarvanAma;6;eka}	yuRmax{sarvanAma;6;eka}	RaRTIsambanXaH,20.2	viSeRaNam,16.1#karwA,20.1#karma,20.1#RaRTIsambanXaH,20.2#RaRTIsambanXaH,18.1#RaRTIsambanXaH,13.1#RaRTIsambanXaH,9.1#RaRTIsambanXaH,7.2#RaRTIsambanXaH,4.1#RaRTIsambanXaH,2.1	1	1	26	upaniRax	kaTopaniRax	-
2.1	marwyasya	-	marwyasya	marwya{puM;6;eka}	marwya{puM;6;eka}	RaRTIsambanXaH,1.2	viSeRaNam,19.1#viSeRaNam,16.1#karwA,20.1#karma,20.1#RaRTIsambanXaH,20.2#RaRTIsambanXaH,18.1#RaRTIsambanXaH,13.1#RaRTIsambanXaH,9.1#RaRTIsambanXaH,7.2#RaRTIsambanXaH,4.1	1	1	26	upaniRax	kaTopaniRax	-
20.1	nqwya-	-	nqwya-gIwa	nqwya(nqw1;yaw;X;xivAxiH)}/nqwya(nqw1{Nyaw;X;xivAxiH)	nqwya(nqw1;yaw;X;xivAxiH)	xvanxvaH,20.2	karmaXArayaH,20.2#bahuvrIhiH,20.2	1	1	26	upaniRax	kaTopaniRax	-
20.2	gIwe	-	--	gIwa{napuM;1;xvi}/gIwa{napuM;2;xvi}/gIwa{napuM;8;xvi}/gIwi{swrI;8;eka}/gIwa{napuM;7;eka}/gIwa{puM;7;eka}/gIwA{swrI;1;xvi}/gIwA{swrI;2;xvi}/gIwi{puM;8;eka}/gIwi{napuM;8;eka}/gIwi{napuM;1;eka}/gIwi{napuM;2;eka}/gIwA{swrI;8;eka}/gIwA{swrI;8;xvi}	gIwa{napuM;1;xvi}	karwA,15.1	samboXyaH,8.1#viSeRaNam,13.1#viSeRaNam,12.1#viSeRaNam,9.1#viXeya_viSeRaNam,13.1#viXeya_viSeRaNam,12.1#viXeya_viSeRaNam,11.1#viXeya_viSeRaNam,9.1#viXeya_viSeRaNam,5.1#viXeya_viSeRaNam,3.1#karwA,12.1#viSeRaNam,4.1#aXikaraNam,12.1#aXikaraNam,8.1	1	1	26	upaniRax	kaTopaniRax	-
3.1	yaw	-	yaw	yaw{avya}/yax{sarvanAma;napuM;1;eka}/yax{sarvanAma;napuM;2;eka}	yax{sarvanAma;napuM;1;eka}	viSeRaNam,5.1	viSeRaNam,20.2#viSeRaNam,13.1#viSeRaNam,12.1#viSeRaNam,11.1#viSeRaNam,9.1#viSeRaNam,5.1#prayojyakarwA,8.1#niwya_sambanXaH1,5.1#karma,8.1#sambanXaH,8.1	1	1	26	upaniRax	kaTopaniRax	-
4.1	anwaka	-	anwaka	anwaka{puM;8;eka}	anwaka{puM;8;eka}	samboXyaH,6.1	samboXyaH,6.1	1	1	26	upaniRax	kaTopaniRax	-
5.1	ewaw	-	ewaw	ewax{sarvanAma;napuM;1;eka}/ewax{sarvanAma;napuM;2;eka}	ewax{sarvanAma;napuM;1;eka}	karwA,6.1	viSeRaNam,20.2#viSeRaNam,13.1#viSeRaNam,12.1#viSeRaNam,11.1#viSeRaNam,9.1#viSeRaNam,3.1#prayojyakarwA,8.1#karma,8.1#viXeya_viSeRaNam,3.1#karwA,12.1	1	1	26	upaniRax	kaTopaniRax	-
6.1	(aswi)	-	-	as2{karwari;lat;pra;eka;parasmEpaxI;axAxiH}	as2{karwari;lat;pra;eka;parasmEpaxI;axAxiH}	-	-	1	1	26	upaniRax	kaTopaniRax	-
7.1	sarva-	-	sarva-inxriya	sarva	sarva	karmaXArayaH_1,7.2	karmaXArayaH_1,7.2#bahuvrIhiH,7.2	1	1	26	upaniRax	kaTopaniRax	-
7.2	inxriyANAm	-	--	inxriya{puM;6;bahu}/inxriya{napuM;6;bahu}/inxriyA{swrI;6;bahu}	inxriya{puM;6;bahu}	RaRTIsambanXaH,9.1	karwA,20.1#karma,20.1#RaRTIsambanXaH,20.2#RaRTIsambanXaH,18.1#RaRTIsambanXaH,13.1#RaRTIsambanXaH,9.1#RaRTIsambanXaH,4.1#RaRTIsambanXaH,2.1	1	1	26	upaniRax	kaTopaniRax	-
8.1	jarayanwi	-	jarayanwi	jQ1{Nic;karwari;lat;pra;bahu;parasmEpaxI;xivAxiH}/jQ2{Nic;karwari;lat;pra;bahu;parasmEpaxI;kryAxiH}/jQ3{Nic;karwari;lat;pra;bahu;parasmEpaxI;curAxiH}	jQ1{Nic;karwari;lat;pra;bahu;parasmEpaxI;xivAxiH}	-	-	1	1	26	upaniRax	kaTopaniRax	-
9.1	wejaH	-	wejaH	wejas{napuM;1;eka}/wejas{napuM;2;eka}/wejas{napuM;8;eka}	wejas{napuM;2;eka}	karma,8.1	prayojyakarwA,8.1#karma,8.1#viXeya_viSeRaNam,5.1#viXeya_viSeRaNam,3.1#karwA,12.1	1	1	26	upaniRax	kaTopaniRax	-
1.1	na	-	na	na{avya}	na{avya}	prawiReXaH,3.1	prawiReXaH,10.1#prawiReXaH,7.1#prawiReXaH,6.1#prawiReXaH,5.1	1	1	27	upaniRax	kaTopaniRax	-
10.1	jIviRyAmaH	-	jIviRyAmaH	jIv1{karwari;lqt;u;bahu;parasmEpaxI;BvAxiH}	jIv1{karwari;lqt;u;bahu;parasmEpaxI;BvAxiH}	-	-	1	1	27	upaniRax	kaTopaniRax	-
11.1	yAvax	-	yAvax	yAvaw{sarvanAma;napuM;1;eka}	yAvaw{sarvanAma;napuM;1;eka}	niwya_sambanXaH,13.1	niwya_sambanXaH,13.1	1	1	27	upaniRax	kaTopaniRax	-
12.1	ISiRyasi	-	ISiRyasi	IS{karwari;lqt;ma;eka;parasmEpaxI;axAxiH}	IS{karwari;lqt;ma;eka;parasmEpaxI;axAxiH}	sambanXaH,10.1	-	1	1	27	upaniRax	kaTopaniRax	-
13.1	wvam	-	wvam	yuRmax{sarvanAma;1;eka}	yuRmax{sarvanAma;1;eka}	karwA,12.1	karma,17.1	1	1	27	upaniRax	kaTopaniRax	-
14.1	varaH	-	varaH	vara{puM;1;eka}	vara{puM;1;eka}	karwA,17.1	viSeRaNam,18.1#viSeRaNam,17.1#viSeRaNam,13.1#viSeRaNam,4.1#viSeRaNam,3.1#karma,17.1	1	1	27	upaniRax	kaTopaniRax	-
15.1	wu	-	wu	wu{avya}	wu{avya}	sambanXaH,14.1	sambanXaH,14.1	1	1	27	upaniRax	kaTopaniRax	-
16.1	me	-	me	asmax{sarvanAma;6;eka}/asmax{sarvanAma;4;eka}	asmax{sarvanAma;6;eka}/asmax{sarvanAma;4;eka}	prayojanam1,17.1	prayojanam1,17.1#prayojanam1,10.1#prayojanam1,7.1#prayojanam1,6.1#prayojanam1,5.1#prayojanam1,3.1#karwA,17.1#karma,17.1#RaRTIsambanXaH,14.1#RaRTIsambanXaH,6.1#RaRTIsambanXaH,4.1#RaRTIsambanXaH,2.1	1	1	27	upaniRax	kaTopaniRax	-
17.1	varaNIyaH	-	varaNIyaH	varaNIya{puM;1;eka(vq2;anIyar;X;kryAxiH)}/varaNIya{puM;1;eka(vQ1;anIyar;X;kryAxiH)}/varaNIya{puM;1;eka(vQ2;anIyar;X;kryAxiH)}/varaNIya{puM;1;eka(vara1;anIyar;X;curAxiH)}	varaNIya{puM;1;eka(vq2;anIyar;X;kryAxiH)}	-	-	1	1	27	upaniRax	kaTopaniRax	-
18.1	saH	-	saH	wax{sarvanAma;puM;1;eka}	wax{sarvanAma;puM;1;eka}	viSeRaNam,14.1	viSeRaNam,17.1#viSeRaNam,14.1#viSeRaNam,13.1#viSeRaNam,4.1#viSeRaNam,3.1#karma,17.1	1	1	27	upaniRax	kaTopaniRax	-
19.1	eva	-	eva	eva{avya}	eva{avya}	sambanXaH,18.1	sambanXaH,18.1	1	1	27	upaniRax	kaTopaniRax	-
2.1	viwwena	-	viwwena	viwwa{napuM;3;eka}	viwwa{napuM;3;eka}	karaNam,3.1	karwA,5.1#karwA,3.1#karaNam,10.1#karaNam,7.1#karaNam,6.1#karaNam,5.1#hewuH,17.1#hewuH,10.1#hewuH,7.1#hewuH,6.1#hewuH,5.1#hewuH,3.1	1	1	27	upaniRax	kaTopaniRax	-
3.1	warpaNIyaH	-	warpaNIyaH	warpaNIya{puM;1;eka(wqp2;anIyar;X;svAxiH)}/warpaNIya{puM;1;eka(wqp3;anIyar;X;wuxAxiH)}	warpaNIya{puM;1;eka(wqp2;anIyar;X;svAxiH)}	-	-	1	1	27	upaniRax	kaTopaniRax	-
4.1	manuRyaH	-	manuRyaH	manuRya{puM;1;eka}	manuRya{puM;1;eka}	karwA,3.1	viSeRaNam,13.1#karma,3.1	1	1	27	upaniRax	kaTopaniRax	-
5.1	lapsyAmahe	-	lapsyAmahe	laB1{karwari;lqt;u;bahu;AwmanepaxI;BvAxiH}/laB1{karmaNi;lqt;u;bahu;AwmanepaxI;BvAxiH}	laB1{karwari;lqt;u;bahu;AwmanepaxI;BvAxiH}	-	-	1	1	27	upaniRax	kaTopaniRax	-
6.1	viwwam	-	viwwam	vix1{karwari;lot;ma;xvi;parasmEpaxI;axAxiH}/viwwa{napuM;1;eka}/viwwa{napuM;2;eka}	viwwa{napuM;2;eka}/vix1{karwari;lot;ma;xvi;parasmEpaxI;axAxiH}	karma,5.1	viSeRaNam,9.1#karma,7.1#karma,5.1#viSeRaNam,13.1#karma,3.1	1	1	27	upaniRax	kaTopaniRax	-
7.1	axrAkRma	-	axrAkRma	xqS1{karwari;luf;u;bahu;parasmEpaxI;BvAxiH}	xqS1{karwari;luf;u;bahu;parasmEpaxI;BvAxiH}	-	-	1	1	27	upaniRax	kaTopaniRax	-
8.1	cew	-	cew	cew{avya}	cew{avya}	AvaSyakawA_xyowakaH,7.1	AvaSyakawA_xyowakaH,10.1#AvaSyakawA_xyowakaH,7.1	1	1	27	upaniRax	kaTopaniRax	-
9.1	wvA	-	wvA	yuRmax{sarvanAma;2;eka}	yuRmax{sarvanAma;2;eka}	karma,7.1	karma,7.1#karma,6.1#karma,5.1	1	1	27	upaniRax	kaTopaniRax	-
1.1	ajIryawAm	-	ajIryawAm	ajIryaw{puM;6;bahu}	ajIryaw{puM;6;bahu}	viSeRaNam,2.1	viSeRaNam,2.1	1	1	28	upaniRax	kaTopaniRax	-
10.1	varNa-	-	varNa-rawi-pramoxa	varNa	varNa	xvanxvaH,10.3	xvanxvaH,10.3#bahuvrIhiH,10.3#RaRTI_wawpuruRaH,10.3	1	1	28	upaniRax	kaTopaniRax	-
10.2	rawi-	-	--	rawi	rawi	RaRTI_wawpuruRaH,10.3	bahuvrIhiH,10.3#RaRTI_wawpuruRaH,10.3	1	1	28	upaniRax	kaTopaniRax	-
10.3	pramoxAn	-	--	pramoxa{puM;2;bahu(pra_mux1;GaF;X;BvAxiH)}	pramoxa{puM;2;bahu(pra_mux1;GaF;X;BvAxiH)}	karma,14.1	karma,14.1#karma,3.1	1	1	28	upaniRax	kaTopaniRax	-
11.1	awi-	-	awixIrGe	awi	awi	bahuvrIhiH,11.2	bahuvrIhiH,11.2	1	1	28	upaniRax	kaTopaniRax	-
11.2	xIrGe	-	-	xIrGa{napuM;7;eka}	xIrGa{napuM;7;eka}	viSeRaNam,12.1	viSeRaNam,12.1	1	1	28	upaniRax	kaTopaniRax	-
12.1	jIviwe	-	jIviwe	jIvin{wal;swrI;1;xvi}/jIvin{wal;swrI;2;xvi}/jIviwa{napuM;1;xvi(jIv1;kwa;X;BvAxiH)}/jIviwa{napuM;7;eka(jIv1;kwa;X;BvAxiH)}/jIviwA{swrI;1;xvi(jIv1;kwa;X;BvAxiH)}/jIviwA{swrI;2;xvi(jIv1;kwa;X;BvAxiH)}	jIviwa{napuM;7;eka}	aXikaraNam,14.1	karma,14.1#karma,3.1#aXikaraNam,14.1	1	1	28	upaniRax	kaTopaniRax	-
13.1	kaH	-	kaH	kim{sarvanAma;puM;1;eka}	kim{sarvanAma;puM;1;eka}	karwA,14.1	viSeRaNam,9.1#viSeRaNam,5.1#karwA,14.1	1	1	28	upaniRax	kaTopaniRax	-
14.1	ramewa	-	ramewa	ram1{karwari;viXilif;pra;eka;AwmanepaxI;BvAxiH}	ram1{karwari;viXilif;pra;eka;AwmanepaxI;BvAxiH}	-	-	1	1	28	upaniRax	kaTopaniRax	-
2.1	amqwAnAm	-	amqwAnAm	amqwa{puM;6;bahu}/amqwa{napuM;6;bahu}/amqwA{swrI;6;bahu}	amqwa{puM;6;bahu}	RaRTIsambanXaH,3.1	karwA,10.3#karma,10.3#RaRTIsambanXaH,12.1#RaRTIsambanXaH,10.3#RaRTIsambanXaH,5.1	1	1	28	upaniRax	kaTopaniRax	-
3.1	upewya	-	upewya	upa_i1{avya;lyap;axAxiH}	upa_i1{avya;lyap;axAxiH}	sambanXaH,4.1	sambanXaH,4.1	1	1	28	upaniRax	kaTopaniRax	-
4.1	jIryan	-	jIryan	jIryaw{puM;1;eka}	jIryaw{puM;1;eka}	varwamAnasamAnakAlaH,6.1	varwamAnasamAnakAlaH,6.1	1	1	28	upaniRax	kaTopaniRax	-
5.1	marwyaH	-	marwyaH	marwya{puM;1;eka}	marwya{puM;1;eka}	viSeRaNam,4.1	viSeRaNam,4.1	1	1	28	upaniRax	kaTopaniRax	-
6.1	kvaXaHsWaH	-	kvaXaHsWaH	kvaXaHsWa{puM;1;eka}	kvaXaHsWa{puM;1;eka}	karwA,8.1	karwA,8.1	1	1	28	upaniRax	kaTopaniRax	-
7.1	prajAnan	-	prajAnan	pra_jAnaw{puM;1;eka}	pra_jAnaw{puM;1;eka}	varwamAnasamAnakAlaH,6.1	varwamAnasamAnakAlaH,6.1	1	1	28	upaniRax	kaTopaniRax	-
8.1	(aswi)	-	-	-	-	-	-	1	1	28	upaniRax	kaTopaniRax	-
9.1	aBiXyAyan	-	aBiXyAyan	aBiXyAyaw{puM;1;eka(aBi_XyE1;Sawq_lat;X;BvAxiH)}/aBiXyAyaw{puM;1;eka(aBi_xyuw1;Sawq_lat;X;BvAxiH)}	aBiXyAyaw{puM;1;eka(aBi_XyE1;Sawq_lat;X;BvAxiH)}	varwamAnasamAnakAlaH,14.1	varwamAnasamAnakAlaH,14.1	1	1	28	upaniRax	kaTopaniRax	-
1.1	yasmin	-	yasmin	yax{sarvanAma;puM;7;eka}/yax{sarvanAma;napuM;7;eka}	yax{sarvanAma;puM;7;eka}	aXikaraNam,3.1	viSeRaNam,7.1#viSeRaNam,6.1#niwya_sambanXaH1,19.1#niwya_sambanXaH1,10.1#aXikaraNam,21.1#aXikaraNam,15.1#aXikaraNam,14.1#aXikaraNam,8.1#aXikaraNam,7.1#aXikaraNam,3.1	1	1	29	upaniRax	kaTopaniRax	-
10.1	waw	-	waw	wax{sarvanAma;napuM;1;eka}/wax{sarvanAma;napuM;2;eka}	wax{sarvanAma;napuM;1;eka}	niwya_sambanXaH1,5.1	viSeRaNam,14.1#viSeRaNam,5.1#muKyakarma,8.1#karma,7.1#karwA,7.1#karma,14.1	1	1	29	upaniRax	kaTopaniRax	-
11.1	yaH	-	yaH	yax{sarvanAma;puM;1;eka}	yax{sarvanAma;puM;1;eka}	viSeRaNam,13.1	viSeRaNam,20.1#viSeRaNam,15.1#viSeRaNam,13.1#niwya_sambanXaH1,19.1#karwA,7.1	1	1	29	upaniRax	kaTopaniRax	-
12.1	ayam	-	ayam	ixam{sarvanAma;puM;1;eka}/aya{puM;2;eka}	ixam{sarvanAma;puM;1;eka}	viSeRaNam,13.1	muKyakarma,8.1#karma,7.1#gONakarma,8.1#viSeRaNam,20.1#viSeRaNam,15.1#viSeRaNam,13.1#viSeRaNam,11.1#karwA,7.1	1	1	29	upaniRax	kaTopaniRax	-
13.1	varaH	-	varaH	vara{puM;1;eka}	vara{puM;1;eka}	karwA,16.1	viSeRaNam,20.1#viSeRaNam,15.1#viSeRaNam,12.1#viSeRaNam,11.1#karwA,21.1#karwA,7.1	1	1	29	upaniRax	kaTopaniRax	-
14.1	gUDam	-	gUDam	gUDa{puM;2;eka(guh1;kwa;X;BvAxiH)}/gUDa{napuM;1;eka(guh1;kwa;X;BvAxiH)}/gUDa{napuM;2;eka(guh1;kwa;X;BvAxiH)}	gUDa{puM;2;eka(guh1;kwa;X;BvAxiH)}	karma,16.1	karma,16.1#viSeRaNam,10.1#viSeRaNam,5.1#viSeRaNam,2.1#vAkyakarma,8.1#muKyakarma,21.1#muKyakarma,8.1#karma,7.1#karwA,21.1#karwA,7.1#viSeRaNam,18.1#viSeRaNam,12.1#gONakarma,21.1#gONakarma,8.1	1	1	29	upaniRax	kaTopaniRax	-
15.1	anupraviRtaH	-	anupraviRtaH	anupraviRta{puM;1;eka(anu_pra_viS1;kwa;X;wuxAxiH)}	anupraviRta{puM;1;eka(anu_pra_viS1;kwa;X;wuxAxiH)}	karwqsamAnAXikaraNam,16.1	karwqsamAnAXikaraNam,16.1#viSeRaNam,20.1#viSeRaNam,13.1#viSeRaNam,12.1#viSeRaNam,11.1#vAkyakarma,8.1#karwA,21.1	1	1	29	upaniRax	kaTopaniRax	-
16.1	(aswi)	-	-	-	-	-	-	1	1	29	upaniRax	kaTopaniRax	-
17.1	na	-	na	na{avya}	na{avya}	prawiReXaH,21.1	prawiReXaH,21.1	1	1	29	upaniRax	kaTopaniRax	-
18.1	anyam	-	anyam	anya{sarvanAma;puM;2;eka}	anya{sarvanAma;puM;2;eka}	karma,21.1	viSeRaNam,14.1#viSeRaNam,12.1#muKyakarma,21.1#gONakarma,21.1	1	1	29	upaniRax	kaTopaniRax	-
19.1	wasmAw	-	wasmAw	wax{sarvanAma;puM;5;eka}/wax{sarvanAma;napuM;5;eka}	wax{sarvanAma;puM;5;eka}	wulanA_binxuH,18.1	wulanA_binxuH,18.1#wulanA_binxuH,13.1#kArya_xyowakaH,21.1#kArya_xyowakaH,8.1#kArya_xyowakaH,7.1#kArya_xyowakaH,3.1	1	1	29	upaniRax	kaTopaniRax	-
2.1	ixam	-	ixam	ixam{sarvanAma;napuM;1;eka}/ixam{sarvanAma;napuM;2;eka}	ixam{sarvanAma;napuM;2;eka}	karma,3.1	viSeRaNam,14.1#viSeRaNam,10.1#viSeRaNam,5.1#muKyakarma,8.1#karma,3.1#karwA,7.1	1	1	29	upaniRax	kaTopaniRax	-
20.1	nacikewAH	-	nacikewAH	nacikewas{puM;1;eka}	nacikewas{puM;1;eka}	karwA,21.1	karwA,21.1	1	1	29	upaniRax	kaTopaniRax	-
21.1	vqNIwe	-	vqNIwe	vq2{karwari;lat;pra;eka;AwmanepaxI;kryAxiH}	vq2{karwari;lat;pra;eka;AwmanepaxI;kryAxiH}	-	vAkyakarma,8.1	1	1	29	upaniRax	kaTopaniRax	-
3.1	vicikiwsanwi	-	vicikiwsanwi	vi_kiw1{karwari;lat;pra;bahu;parasmEpaxI;BvAxiH}	vi_kiw1{karwari;lat;pra;bahu;parasmEpaxI;BvAxiH}	-	vAkyakarma,8.1	1	1	29	upaniRax	kaTopaniRax	-
4.1	mqwyo	-	mqwyo	mqwyu{puM;8;eka}	mqwyu{puM;8;eka}	samboXyaH,3.1	samboXyaH,3.1	1	1	29	upaniRax	kaTopaniRax	-
5.1	yaw	-	yaw	yaw{avya}/yax{sarvanAma;napuM;1;eka}/yax{sarvanAma;napuM;2;eka}	yaw{sarvanAma;napuM;1;eka}	karwA,7.1	viSeRaNam,14.1#viSeRaNam,10.1#niwya_sambanXaH1,19.1#niwya_sambanXaH1,10.1#muKyakarma,8.1#karma,7.1#karwA,7.1#vAkyakarma_xyowakaH,21.1#vAkyakarma_xyowakaH,15.1#vAkyakarma_xyowakaH,14.1#vAkyakarma_xyowakaH,7.1#vAkyakarma_xyowakaH,3.1#sambanXaH,21.1#sambanXaH,7.1	1	1	29	upaniRax	kaTopaniRax	-
6.1	sAmparAye	-	sAmparAye	sAmparAyA{swrI;8;eka}/sAmparAya{puM;7;eka}/sAmparAya{napuM;7;eka}	sAmparAya{puM;7;eka}	aXikaraNam,8.1	aXikaraNam,21.1#aXikaraNam,15.1#aXikaraNam,14.1#aXikaraNam,8.1#aXikaraNam,7.1#aXikaraNam,3.1	1	1	29	upaniRax	kaTopaniRax	-
7.1	mahawi	-	mahawi	mah1{karwari;lat;pra;eka;parasmEpaxI;BvAxiH}/mahawI{swrI;8;eka}/mahaw{puM;7;eka}/mahaw{napuM;7;eka}	mahaw{puM;7;eka}/mah1{karwari;lat;pra;eka;parasmEpaxI;BvAxiH}	viSeRaNam,6.1	viSeRaNam,6.1#viSeRaNam,1.1#aXikaraNam,21.1#aXikaraNam,15.1#aXikaraNam,14.1#aXikaraNam,8.1#aXikaraNam,3.1#vAkyakarma,8.1	1	1	29	upaniRax	kaTopaniRax	-
8.1	brUhi	-	brUhi	brU1{karwari;lot;ma;eka;parasmEpaxI;axAxiH}	brU1{karwari;lot;ma;eka;parasmEpaxI;axAxiH}	-	-	1	1	29	upaniRax	kaTopaniRax	-
9.1	naH	-	naH	asmax{sarvanAma;2;bahu}/asmax{sarvanAma;6;bahu}/asmax{sarvanAma;4;bahu}/nq{puM;8;eka}	asmax{sarvanAma;4;bahu}	prayojanam1,8.1	sampraxAnam,8.1#prayojanam1,21.1#prayojanam1,15.1#prayojanam1,14.1#prayojanam1,7.1#prayojanam1,3.1#nirXAraNam,13.1#RaRTIsambanXaH,20.1#RaRTIsambanXaH,13.1#RaRTIsambanXaH,12.1#RaRTIsambanXaH,7.1#RaRTIsambanXaH,6.1#RaRTIsambanXaH,4.1#muKyakarma,8.1#karma,7.1#gONakarma,8.1	1	1	29	upaniRax	kaTopaniRax	-
12.1	manIRiNaH	-	manIRiNaH	manIRin{puM;1;bahu}/manIRin{puM;2;bahu}/manIRin{puM;5;eka}/manIRin{puM;6;eka}/manIRin{puM;8;bahu}	manIRin{puM;1;bahu}	karwA,11.1;karwA,3.1	RaRTIsambanXaH,9.1#RaRTIsambanXaH,7.3#RaRTIsambanXaH,6.1#RaRTIsambanXaH,4.1#RaRTIsambanXaH,2.1#RaRTIsambanXaH,1.1#hewuH5,11.1#hewuH5,9.1#hewuH5,8.1#hewuH5,3.1#apAxAnam,9.1#muKyakarma,11.1#karma,9.1#karwA,11.1	1	1	58	upaniRax	kaTopaniRax	-
1.1	anyaw	-	anyaw	anyaw{avya}/anya{sarvanAma;napuM;1;eka}/anya{sarvanAma;napuM;2;eka}	anyaw{avya}/anya{sarvanAma;napuM;1;eka}/anya{sarvanAma;napuM;2;eka}	viXeya_viSeRaNam,2.1	viSeRaNam,21.1#viSeRaNam,15.1#viSeRaNam,13.1#viSeRaNam,6.1#viSeRaNam,3.1#viXeya_viSeRaNam,3.1#viXeya_viSeRaNam,2.1	1	2	01	upaniRax	kaTopaniRax	-
10.1	puruRam	-	puruRam	puruRa{puM;2;eka}	puruRa{puM;2;eka}	karma,11.1	karma,11.1	1	2	01	upaniRax	kaTopaniRax	-
11.1	sinIwaH	-	sinIwaH	sinI{avya;wasil}/Ri2{karwari;lat;pra;xvi;parasmEpaxI;kryAxiH}	Ri2{karwari;lat;pra;xvi;parasmEpaxI;kryAxiH}	aBihiwa_karwA,7.1	hewuH5,22.1#hewuH5,17.1#hewuH5,16.1	1	2	01	upaniRax	kaTopaniRax	-
12.1	wayoH	-	wayoH	wax{sarvanAma;puM;6;xvi}/wax{sarvanAma;napuM;6;xvi}/wax{sarvanAma;swrI;6;xvi}/wax{sarvanAma;puM;7;xvi}/wax{sarvanAma;napuM;7;xvi}/wax{sarvanAma;swrI;7;xvi}	wax{sarvanAma;puM;6;xvi}	nirXAraNa_sapwamI,13.1	nirXAraNa_sapwamI,13.1#aXikaraNam,22.1#aXikaraNam,17.1#aXikaraNam,16.1#aXikaraNam,11.1#RaRTIsambanXaH,21.1#RaRTIsambanXaH,18.1#RaRTIsambanXaH,16.1#RaRTIsambanXaH,15.1#RaRTIsambanXaH,13.1#RaRTIsambanXaH,10.1#RaRTIsambanXaH,9.1#RaRTIsambanXaH,6.1	1	2	01	upaniRax	kaTopaniRax	-
13.1	SreyaH	-	SreyaH	Sreyas{napuM;1;eka}/Sreyas{napuM;2;eka}/Sreyas{napuM;8;eka}/Sreya{puM;1;eka}	Sreyas{napuM;1;eka}	karma,16.1	karwA_be_verbs,16.1#karma,17.1#karma,11.1	1	2	01	upaniRax	kaTopaniRax	-
14.1	AxaxAnasya	-	AxaxAnasya	Af_{xA;SAnac;6;eka}	Af_{xA;SAnac;6;eka}	RaRTIsambanXaH,13.1	-	1	2	01	upaniRax	kaTopaniRax	-
15.1	sAXu	-	sAXu	sAXu{napuM;1;eka}/sAXu{napuM;2;eka}/sAXu{avya}	sAXu{avya}	kriyAviSeRaNam,16.1	viSeRaNam,21.1#viSeRaNam,13.1#viSeRaNam,6.1#viSeRaNam,3.1#kriyAviSeRaNam,22.1#kriyAviSeRaNam,17.1#kriyAviSeRaNam,16.1#kriyAviSeRaNam,11.1#viXeya_viSeRaNam,13.1#viXeya_viSeRaNam,6.1#viXeya_viSeRaNam,3.1#viXeya_viSeRaNam,2.1#karwA_be_verbs,16.1#karwA,22.1#karma,17.1	1	2	01	upaniRax	kaTopaniRax	-
16.1	Bavawi	-	Bavawi	BU1{karwari;lat;pra;eka;parasmEpaxI;BvAxiH}/BavawI{swrI;8;eka}/Bavaw{sarvanAma;puM;7;eka}/Bavaw{puM;7;eka}	BU1{karwari;lat;pra;eka;parasmEpaxI;BvAxiH}	aBihiwa_karwA,13.1	viSeRaNam,9.1#viRayAXikaraNam,15.1	1	2	01	upaniRax	kaTopaniRax	-
17.1	hIyawe	-	hIyawe	hi1{karmaNi;lat;pra;eka;AwmanepaxI;svAxiH}/hA2{karmaNi;lat;pra;eka;AwmanepaxI;juhowyAxiH}	hi1{karmaNi;lat;pra;eka;AwmanepaxI;svAxiH}	aBihiwa_karwA,19.1	-	1	2	01	upaniRax	kaTopaniRax	-
18.1	arWAw	-	arWAw	arWa{puM;5;eka}/arWa{napuM;5;eka}	arWa{puM;5;eka}	hewuH,17.1	wulanA_binxuH,21.1#wulanA_binxuH,13.1#wulanA_binxuH,6.1#hewuH5,22.1#hewuH5,17.1#hewuH5,16.1#hewuH5,11.1	1	2	01	upaniRax	kaTopaniRax	-
19.1	yaH	-	yaH	yax{sarvanAma;puM;1;eka}	yax{sarvanAma;puM;1;eka}	karwA,22.1	viSeRaNam,13.1#viSeRaNam,2.1#karwA_be_verbs,16.1#karwA,22.1#karma,17.1	1	2	01	upaniRax	kaTopaniRax	-
2.1	SreyaH	-	SreyaH	Sreyas{napuM;1;eka}/Sreyas{napuM;2;eka}/Sreyas{napuM;8;eka}/Sreya{puM;1;eka}	Sreyas{napuM;1;eka}	karwA,11.1	-	1	2	01	upaniRax	kaTopaniRax	-
20.1	u	-	u	u{avya}	u{avya}	sambanXa,19.1	-	1	2	01	upaniRax	kaTopaniRax	-
21.1	preyaH	-	preyaH	preyas{napuM;1;eka}/preyas{napuM;2;eka}/preyas{napuM;8;eka}	preyas{napuM;2;eka}	karma,22.1	viSeRaNam,15.1#viSeRaNam,13.1#viSeRaNam,6.1#viSeRaNam,2.1#viSeRaNam,3.1#muKyakarma,22.1#viXeya_viSeRaNam,19.1#viXeya_viSeRaNam,15.1#viXeya_viSeRaNam,13.1#viXeya_viSeRaNam,6.1#viXeya_viSeRaNam,3.1#viXeya_viSeRaNam,2.1#karwA_be_verbs,16.1#karwA,22.1#karma,17.1	1	2	01	upaniRax	kaTopaniRax	-
22.1	vqNIwe	-	vqNIwe	vq2{karwari;lat;pra;eka;AwmanepaxI;kryAxiH}	vq2{karwari;lat;pra;eka;AwmanepaxI;kryAxiH}	-	-	1	2	01	upaniRax	kaTopaniRax	-
23.1	(saH)	-	--	wax{sarvanAma;puM;1;eka}	wax{sarvanAma;puM;1;eka}	karwA,17.1	niwyasambanXa,20.1	1	2	01	upaniRax	kaTopaniRax	-
3.1	anyaw	-	anyaw	anyaw{avya}/anya{sarvanAma;napuM;1;eka}/anya{sarvanAma;napuM;2;eka}	anyaw{avya}/anya{sarvanAma;napuM;1;eka}/anya{sarvanAma;napuM;2;eka}	viXeya_viSeRaNam,6.1	viSeRaNam,21.1#viSeRaNam,15.1#viSeRaNam,13.1#viSeRaNam,6.1#sup_anyawaraH,21.1#sup_anyawaraH,15.1#sup_anyawaraH,13.1#sup_anyawaraH,10.1#sup_anyawaraH,6.1#viXeya_viSeRaNam,2.1#viXeya_viSeRaNam,1.1#sup_anyawaraH,19.1	1	2	01	upaniRax	kaTopaniRax	-
4.1	uwa	-	uwa	uwa{avya}	uwa{avya}	anyawara_xyowakaH,3.1	sup_anyawara_xyowakaH,21.1#sup_anyawara_xyowakaH,19.1#sup_anyawara_xyowakaH,15.1#sup_anyawara_xyowakaH,13.1#sup_anyawara_xyowakaH,10.1#sup_anyawara_xyowakaH,6.1	1	2	01	upaniRax	kaTopaniRax	-
5.1	eva	-	eva	eva{avya}	eva{avya}	sambanXaH,3.1	sambanXaH,3.1#sambanXaH,4.1	1	2	01	upaniRax	kaTopaniRax	-
6.1	preyaH	-	preyaH	preyas{napuM;1;eka}/preyas{napuM;2;eka}/preyas{napuM;8;eka}	preyas{napuM;1;eka}	karwA,11.1	viSeRaNam,21.1#viSeRaNam,15.1#viSeRaNam,13.1#viSeRaNam,3.1#karma,11.1#viXeya_viSeRaNam,3.1#viXeya_viSeRaNam,2.1#viXeya_viSeRaNam,1.1	1	2	01	upaniRax	kaTopaniRax	-
7.1	we	-	we	wax{sarvanAma;puM;1;bahu}/wax{sarvanAma;napuM;1;xvi}/wax{sarvanAma;napuM;2;xvi}/wax{sarvanAma;swrI;1;xvi}/wax{sarvanAma;swrI;2;xvi}/yuRmax{sarvanAma;6;eka}/yuRmax{sarvanAma;4;eka}	wax{sarvanAma;puM;1;bahu}/wax{sarvanAma;napuM;1;xvi}	karwA,11.1	prayojanam1,22.1#prayojanam1,17.1#prayojanam1,16.1#prayojanam1,11.1#RaRTIsambanXaH,21.1#RaRTIsambanXaH,18.1#RaRTIsambanXaH,16.1#RaRTIsambanXaH,15.1#RaRTIsambanXaH,13.1#RaRTIsambanXaH,10.1#RaRTIsambanXaH,9.1#RaRTIsambanXaH,6.1#viSeRaNam,8.1#karma,11.1#karwA,11.1	1	2	01	upaniRax	kaTopaniRax	-
8.1	uBe	-	uBe	uBa{sarvanAma;napuM;1;xvi}/uBa{sarvanAma;napuM;2;xvi}/uBA{sarvanAma;swrI;1;xvi}/uBA{sarvanAma;swrI;2;xvi}	uBa{sarvanAma;napuM;1;xvi}	viSeRaNam,7.1	viSeRaNam,7.1#karma,11.1#karwA,11.1	1	2	01	upaniRax	kaTopaniRax	-
9.1	nAnArWe	-	nAnArWe	nAnArWA{swrI;8;eka}/nAnArWa{puM;7;eka}/nAnArWa{napuM;7;eka}	nAnArWa{napuM;7;eka}	aXikaraNam,11.1	aXikaraNam,22.1#aXikaraNam,17.1#aXikaraNam,16.1viSeRaNam,7.1	1	2	01	upaniRax	kaTopaniRax	-
1.1	SreyaH	-	SreyaH	Sreyas{napuM;1;eka}/Sreyas{napuM;2;eka}/Sreyas{napuM;8;eka}/Sreya{puM;1;eka}	Sreyas{napuM;1;eka}	karwA,6.1	sup_samucciwaH,3.1#karwA,6.1	1	2	02	upaniRax	kaTopaniRax	-
10.1	XIraH	-	XIraH	XIra{puM;1;eka}	XIra{puM;1;eka}	karwA,9.1	viSeRaNam,17.1#viSeRaNam,13.1#viSeRaNam,11.1#sup_samucciwaH,3.1#sup_samucciwaH,1.1#karwA,9.1	1	2	02	upaniRax	kaTopaniRax	-
11.1	SreyaH	-	SreyaH	Sreyas{napuM;1;eka}/Sreyas{napuM;2;eka}/Sreyas{napuM;8;eka}/Sreya{puM;1;eka}	Sreyas{napuM;2;eka}	karma,15.1	sup_samucciwaH,3.1#sup_samucciwaH,1.1#karwA,9.1#karma,9.1	1	2	02	upaniRax	kaTopaniRax	-
12.1	hi	-	hi	hi{avya}	hi{avya}	sambanXaH,13.1	sambanXaH,19.1#sambanXaH,9.1#sambanXaH,6.1	1	2	02	upaniRax	kaTopaniRax	-
13.1	XIraH	-	XIraH	XIra{puM;1;eka}	XIra{puM;1;eka}	karwA,15.1	viSeRaNam,17.1#viSeRaNam,11.1#viSeRaNam,10.1#sup_samucciwaH,3.1#sup_samucciwaH,1.1#karwA,19.1#karwA,9.1	1	2	02	upaniRax	kaTopaniRax	-
14.1	preyasaH	-	preyasaH	preyas{puM;2;bahu}/preyas{puM;5;eka}/preyas{puM;6;eka}/preyas{napuM;5;eka}/preyas{napuM;6;eka}	preyas{puM;5;eka}	wulanA_binxuH,11.1	RaRTIsambanXaH,18.1#RaRTIsambanXaH,17.1#RaRTIsambanXaH,16.1#RaRTIsambanXaH,13.1#RaRTIsambanXaH,11.1#RaRTIsambanXaH,10.1#RaRTIsambanXaH,5.1#RaRTIsambanXaH,3.1#wulanA_binxuH,16.1#wulanA_binxuH,11.1#wulanA_binxuH,3.1#viSeRaNam,18.1#hewuH5,19.1#hewuH5,9.1#hewuH5,6.1#apAxAnam,9.1#sup_samucciwaH,3.1#sup_samucciwaH,1.1#muKyakarma,19.1#karma,9.1#gONakarma,19.1	1	2	02	upaniRax	kaTopaniRax	-
15.1	aBivqNIwe	-	aBivqNIwe	aBi_vq2{karwari;lat;pra;eka;AwmanepaxI;kryAxiH}	aBi_vq2{karwari;lat;pra;eka;AwmanepaxI;kryAxiH}	aBihiwa_karwA,13.1	aBihiwa_karwA,13.1	1	2	02	upaniRax	kaTopaniRax	-
16.1	preyaH	-	preyaH	preyas{napuM;1;eka}/preyas{napuM;2;eka}/preyas{napuM;8;eka}	preyas{napuM;2;eka}	muKyakarma,19.1	viSeRaNam,11.1#viSeRaNam,3.1#sup_samucciwaH,3.1#sup_samucciwaH,1.1#muKyakarma,19.1#karma,9.1#karwA,19.1#karwA,9.1	1	2	02	upaniRax	kaTopaniRax	-
17.1	manxaH	-	manxaH	manxa{puM;1;eka}	manxa{puM;1;eka}	karwA,19.1	sup_samucciwaH,3.1#sup_samucciwaH,1.1#karwA,19.1	1	2	02	upaniRax	kaTopaniRax	-
18.1	yoga-	-	yoga_kRemAw	yoga	yoga	xvanxvaH,18.2	xvanxvaH,18.2	1	2	02	upaniRax	kaTopaniRax	-
18.2	kRemAw	-	-	kRema{puM;5;eka}/kRema{napuM;5;eka}	kRema{puM;5;eka}	hewuH,19.1	wulanA_binxuH,16.1#wulanA_binxuH,14.1#wulanA_binxuH,11.1#wulanA_binxuH,3.1#hewuH5,19.1#hewuH5,9.1#hewuH5,6.1#apAxAnam,9.1	1	2	02	upaniRax	kaTopaniRax	-
19.1	vqNIwe	-	vqNIwe	vq2{karwari;lat;pra;eka;AwmanepaxI;kryAxiH}	vq2{karwari;lat;pra;eka;AwmanepaxI;kryAxiH}	aBihiwa_karwA,17.1	-	1	2	02	upaniRax	kaTopaniRax	-
2.1	ca	-	ca	ca{avya}	ca{avya}	sambanXaH,1.1	sup_samuccaya_xyowakaH,1.1#sambanXaH,1.1	1	2	02	upaniRax	kaTopaniRax	-
3.1	preyaH	-	preyaH	preyas{napuM;1;eka}/preyas{napuM;2;eka}/preyas{napuM;8;eka}	preyas{napuM;1;eka}	karwqsamAnAXikaraNam,6.1	viSeRaNam,16.1#viSeRaNam,11.1#sup_samucciwaH,1.1#karma,9.1#karwA,9.1#karwA,6.1	1	2	02	upaniRax	kaTopaniRax	-
4.1	ca	-	ca	ca{avya}	ca{avya}	sambanXaH,3.1	sup_samuccaya_xyowakaH,3.1#sambanXaH,3.1	1	2	02	upaniRax	kaTopaniRax	-
5.1	manuRyam	-	manuRyam	manuRya{puM;2;eka}	manuRya{puM;2;eka}	karma,6.1	sup_samucciwaH,3.1#sup_samucciwaH,1.1#karma,9.1	1	2	02	upaniRax	kaTopaniRax	-
6.1	ewaH	-	ewaH	Af_i1{karwari;lat;pra;xvi;parasmEpaxI;axAxiH}	Af_i1{karwari;lat;pra;xvi;parasmEpaxI;axAxiH}	aBihiwa_karwA,1.1	-	1	2	02	upaniRax	kaTopaniRax	-
7.1	wO	-	wO	wax{sarvanAma;puM;1;xvi}/wax{sarvanAma;puM;2;xvi}	wax{sarvanAma;puM;1;xvi}	karma,9.1	karma,9.1#karwA,6.1	1	2	02	upaniRax	kaTopaniRax	-
8.1	samparIwya	-	samparIwya	sam_pari{i;kyap;iN_gawO;axAxiH;parasmEpaxI}	sam_pari{i;kyap;iN_gawO;axAxiH;parasmEpaxI}	pUrvakAla,9.1	pUrvakAla,9.1	1	2	02	upaniRax	kaTopaniRax	-
9.1	vivinakwi	-	vivinakwi	vi_vic1{karwari;lat;pra;eka;parasmEpaxI;ruXAxiH}	vi_vic1{karwari;lat;pra;eka;parasmEpaxI;ruXAxiH}	aBihiwa_karwA,10.1	-	1	2	02	upaniRax	kaTopaniRax	-
1.1	saH	-	sa	wax{sarvanAma;puM;1;eka}	wax{sarvanAma;puM;1;eka}	viSeRaNam,2.1	viSeRaNam,2.1	1	2	03	upaniRax	kaTopaniRax	-
10.1	na	-	na	na{avya}	na{avya}	prawiReXaH,14.1	prawiReXaH,16.1#prawiReXaH,11.1	1	2	03	upaniRax	kaTopaniRax	-
11.1	ewAm	-	ewAm	ewax{sarvanAma;swrI;2;eka}/Af_i1{karwari{lot;pra;xvi;parasmEpaxI;axAxiH}	ewax{sarvanAma;swrI;2;eka}	viSeRaNam,12.1	viSeRaNam,12.1#viSeRaNam,12.1#sup_samucciwaH,4.2	1	2	03	upaniRax	kaTopaniRax	-
12.1	sqfkAm	-	sqfkAm	sqfkA{swrI;2;eka}	sqfkA{swrI;2;eka}	karma,14.1	karma,14.1#sup_samucciwaH,4.2	1	2	03	upaniRax	kaTopaniRax	-
13.1	viwwamayIm	-	viwwamayIm	viwwamayI{swrI;2;eka}/{viwwa-mayat}	viwwamayI{swrI;2;eka}	viSeRaNam,12.1	viSeRaNam,12.1	1	2	03	upaniRax	kaTopaniRax	-
14.1	avApwaH	-	avApwaH	avApwa{puM;1;eka;ava_Ap1;kwa;X;svAxiH}	avApwa{puM;1;eka;ava_Ap1;kwa;X;svAxiH}	-	-	1	2	03	upaniRax	kaTopaniRax	-
15.1	yasyAm	-	yasyAm	yax{sarvanAma;swrI;7;eka}	yax{sarvanAma;swrI;7;eka}	aXikaraNam,16.1	niwya_sambanXaH1,11.1#aXikaraNam,16.1#aXikaraNam,14.1#aXikaraNam,11.1#aXikaraNam,9.1#aXikaraNam,7.1	1	2	03	upaniRax	kaTopaniRax	-
16.1	majjanwi	-	majjanwi	masj1{karwari;lat;pra;bahu;parasmEpaxI;wuxAxiH}	masj1{karwari;lat;pra;bahu;parasmEpaxI;wuxAxiH}	aBihiwa_karwA,18.1	-	1	2	03	upaniRax	kaTopaniRax	-
17.1	bahavaH	-	bahavaH	bahu{puM;1;bahu}/bahu{swrI;1;bahu}/bahu{swrI;2;bahu}/bahu{puM;8;bahu}/bahu{swrI;8;bahu}	bahu{puM;1;bahu}	viSeRaNam,18.1	wIvrawAxarSI,18.1#viSeRaNam,18.1#sup_samucciwaH,4.2	1	2	03	upaniRax	kaTopaniRax	-
18.1	manuRyAH	-	manuRyAH	manuRya{puM;1;bahu}/manuRya{puM;8;bahu}	manuRya{puM;1;bahu}	karwA,16.1	karwA,16.1	1	2	03	upaniRax	kaTopaniRax	-
2.1	wvam	-	wvam	yuRmax{sarvanAma;1;eka}	yuRmax{sarvanAma;1;eka}	karwA,9.1	karwA,9.1	1	2	03	upaniRax	kaTopaniRax	-
3.1	priyAn	-	priyAn	priya{puM;2;bahu}	priya{puM;2;bahu}	viSeRaNam,6.1	viSeRaNam,6.1#viSeRaNam,4.2#sup_samucciwaH,4.2	1	2	03	upaniRax	kaTopaniRax	-
4.1	priya-	-	priya-rUpa	priya	priya	bahuvrIhiH,4.2	bahuvrIhiH,4.2	1	2	03	upaniRax	kaTopaniRax	-
4.2	rUpAn	-	--	rUpa{puM;2;bahu}	rUpa{puM;2;bahu}	viSeRaNam,6.1	viSeRaNam,6.1#viSeRaNam,3.1	1	2	03	upaniRax	kaTopaniRax	-
5.1	ca	-	ca	ca{avya}	ca{avya}	sambanXaH,4.2	sup_samuccaya_xyowakaH,4.2#sambanXaH,4.2	1	2	03	upaniRax	kaTopaniRax	-
6.1	kAmAn	-	kAmAn	kAma{puM;2;bahu}	kAma{puM;2;bahu}	karma,9.1	sup_samucciwaH,4.2	1	2	03	upaniRax	kaTopaniRax	-
7.1	aBiXyAyan	-	aBiXyAyan	aBiXyAyaw{puM;1;e;aBi_XyE1;Sawq_lat;X;BvAxiH}/aBiXyAyaw{puM;1;eka;aBi_xyuw1;Sawq_lat;X;BvAxiH}	aBiXyAyaw{puM;1;eka;aBi_XyE1;Sawq_lat;X;BvAxiH}	varwamAnasamAnakAlaH,9.1	varwamAnasamAnakAlaH,14.1#varwamAnasamAnakAlaH,9.1#karma,14.1	1	2	03	upaniRax	kaTopaniRax	-
8.1	nacikewaH	-	nacikewaH	nacikewas{puM;8;eka}	nacikewas{puM;8;eka}	samboXyaH,9.1	samboXyaH,9.1	1	2	03	upaniRax	kaTopaniRax	-
9.1	awyasrAkRIH	-	awyasrAkRIH	awi_sqj2{karwari;luf;ma;eka;parasmEpaxI;wuxAxiH}	awi_sqj2{karwari;luf;ma;eka;parasmEpaxI;wuxAxiH}	aBihiwa_karwA,1.1	-	1	2	03	upaniRax	kaTopaniRax	-
1.1	xUram	-	xUram	xUra{puM;2;eka}/xUra{napuM;1;eka}/xUra{napuM;2;eka}/xUram{avya}	xUra{puM;2;eka}	kriyAviSeRaNam,10.1	xeSAXikaraNam,13.1#xeSAXikaraNam,10.1#xeSAXikaraNam,3.1#xeSAXikaraNam_upa,13.1#xeSAXikaraNam_upa,10.1#xeSAXikaraNam_upa,3.1#viSeRaNam,15.1#karmasamAnAXikaraNam,15.1#karmasamAnAXikaraNam,12.1#karmasamAnAXikaraNam,11.2#viSeRaNam,12.1#viSeRaNam,11.2	1	2	04	upaniRax	kaTopaniRax	-
10.1	jFAwA	-	jFAwA	jFA1{karwari;lut;pra;eka;parasmEpaxI;kryAxiH}/jFA1{karmaNi;lut;pra;eka;AwmanepaxI;kryAxiH}/jFAwq{puM;1;eka}/jFAwA{swrI;1;eka(jFA1;kwa;X;kryAxiH)}	jFA1{karwari;lut;pra;eka;parasmEpaxI;kryAxiH}	-	-	1	2	04	upaniRax	kaTopaniRax	-
11.1	vixyA-	-	vixyA-aBIpsin	vixyA	vixyA	RaRTI_wawpuruRaH,11.2	bahuvrIhiH,11.2#RaRTI_wawpuruRaH,11.2	1	2	04	upaniRax	kaTopaniRax	-
11.2	aBIpsinam	-	--	aBIpsin{puM;2;eka}	aBIpsin{puM;2;eka}	viSeRaNam,12.1	viSeRaNam,15.1#viSeRaNam,12.1#karmasamAnAXikaraNam,15.1#karmasamAnAXikaraNam,12.1#karma,13.1#karma,10.1	1	2	04	upaniRax	kaTopaniRax	-
12.1	nacikewasam	-	nacikewasam	nacikewas{puM;2;eka}	nacikewas{puM;2;eka}	karma,13.1	viSeRaNam,15.1#karmasamAnAXikaraNam,15.1#karmasamAnAXikaraNam,11.2#karma,13.1#karma,10.1	1	2	04	upaniRax	kaTopaniRax	-
13.1	manye	-	manye	man2{karmaNi;lat;u;eka;AwmanepaxI;wanAxiH}/man1{karwari;lat;u;eka;AwmanepaxI;xivAxiH}	man2{karmaNi;lat;u;eka;AwmanepaxI;wanAxiH}	-	-	1	2	04	upaniRax	kaTopaniRax	-
14.1	na	-	na	na{avya}	na{avya}	prawiReXaH,18.1	-	1	2	04	upaniRax	kaTopaniRax	-
15.1	wvA	-	wvA	yuRmax{sarvanAma;2;eka}	yuRmax{sarvanAma;2;eka}	karma,18.1	karma,13.1#karma,10.1	1	2	04	upaniRax	kaTopaniRax	-
16.1	kAmAH	-	kAmAH	kAma{puM;1;bahu}/kAmA{swrI;1;bahu}/kAmA{swrI;2;bahu}/kAma{puM;8;bahu}/kAmA{swrI;8;bahu}	kAma{puM;1;bahu}	karma,18.1	karmasamAnAXikaraNam,17.1#karma,13.1#karma,10.1	1	2	04	upaniRax	kaTopaniRax	-
17.1	bahavaH	-	bahavaH	bahu{puM;1;bahu}/bahu{swrI;1;bahu}/bahu{swrI;2;bahu}/bahu{puM;8;bahu}/bahu{swrI;8;bahu}	bahu{puM;1;bahu}	viSeRaNam,16.1	viSeRaNam,16.1#karmasamAnAXikaraNam,16.1#karma,13.1#karma,10.1#viSeRaNam,2.1	1	2	04	upaniRax	kaTopaniRax	-
18.1	alolupanwa	-	alolupanwa	-	-	-	-	1	2	04	upaniRax	kaTopaniRax	-
2.1	ewe	-	ewe	ewax{sarvanAma;puM;1;xvi}/ewax{sarvanAma;napuM;1;xvi}/ewax{sarvanAma;napuM;2;xvi}/ewax{sarvanAma;swrI;1;xvi}/ewax{sarvanAma;swrI;2;xvi}	ewax{sarvanAma;napuM;2;xvi}	karma,10.1	viSeRaNam,3.1#viSeRaNam,17.1#viSeRaNam,16.1	1	2	04	upaniRax	kaTopaniRax	-
3.1	viparIwe	-	viparIwe	viparIwa{napuM;1;xvi(vi_pari_i1;kwa;X;axAxiH)}/viparIwa{napuM;2;xvi(vi_pari_i1;kwa;X;axAxiH)}/viparIwA{swrI;1;xvi(vi_pari_i1;kwa;X;axAxiH)}/viparIwA{swrI;2;xvi(vi_pari_i1;kwa;X;axAxiH)}	viparIwa{napuM;2;xvi}	sup_samucciwaH,2.1	sup_samucciwaH,2.1#viSeRaNam,2.1#karmasamAnAXikaraNam,2.1#karma,10.1#vAkyakarma,13.1#vAkyakarma,10.1	1	2	04	upaniRax	kaTopaniRax	-
4.1	viRUcI	-	viRUcI	viRUcI{swrI;2;eka}	viRUcI{swrI;2;eka}	sup_samucciwaH,2.1	sup_samucciwaH,2.1	1	2	04	upaniRax	kaTopaniRax	-
5.1	avixyA	-	avixyA	avixyA{swrI;1;eka}	avixyA{swrI;1;eka}	karma,10.1	karwA,10.1#karma,10.1	1	2	04	upaniRax	kaTopaniRax	-
6.1	yA	-	yA	yax{sarvanAma;swrI;1;eka}	yax{sarvanAma;swrI;1;eka}	viSeRaNam,8.1	viSeRaNam,10.1#viSeRaNam,8.1#viSeRaNam,5.1#karwA,10.1#karma,10.1	1	2	04	upaniRax	kaTopaniRax	-
7.1	ca	-	ca	ca{avya}	ca{avya}	sambanXaH,6.1	sambanXaH,6.1	1	2	04	upaniRax	kaTopaniRax	-
8.1	vixyA	-	vixyA	vixyA{swrI;1;eka}	vixyA{swrI;1;eka}	karma,10.1	vAkyakarma,13.1#vAkyakarma,10.1#karwA,10.1	1	2	04	upaniRax	kaTopaniRax	-
9.1	iwi	-	iwi	iwi{avya}	iwi{avya}	sambanXaH,8.1	vAkyakarma_xyowakaH,8.1#vAkyakarma_xyowakaH,3.1	1	2	04	upaniRax	kaTopaniRax	-
1.1	avixyAyAm	-	avixyAyAm	avixyA{swrI;7;eka}	avixyA{swrI;7;eka}	aXikaraNam,3.1	aXikaraNam,12.1#aXikaraNam,9.1#aXikaraNam,8.1#aXikaraNam,6.2#aXikaraNam,3.1	1	2	05	upaniRax	kaTopaniRax	-
10.1	anXena	-	anXena	anXa{puM;3;eka}/anXa{napuM;3;eka}	anXa{puM;3;eka}	karwA,12.1	karaNam,12.1#karaNam,9.1#hewuH,12.1#hewuH,9.1#hewuH,8.1#hewuH,6.2#hewuH,3.1	1	2	05	upaniRax	kaTopaniRax	-
11.1	eva	-	eva	eva{avya}	eva{avya}	sambanXaH,10.1	sambanXaH,10.1	1	2	05	upaniRax	kaTopaniRax	-
12.1	nIyamAnAH	-	nIyamAnAH	nIyamAna{puM;1;bahu(NI1;SAnac_lat;karmaNi;BvAxiH)}/nIyamAnA{swrI;1;bahu(NI1;SAnac_lat;karmaNi;BvAxiH)}/nIyamAnA{swrI;2;bahu(NI1;SAnac_lat;karmaNi;BvAxiH)}	nIyamAna{puM;1;bahu(NI1;SAnac_lat;karmaNi;BvAxiH)}	karwqsamAnAXikaraNam,8.1	viSeRaNam,14.1#viSeRaNam,9.1#viSeRaNam,6.2#viSeRaNam,5.1#viSeRaNam,3.1#karmasamAnAXikaraNam,9.1#karmasamAnAXikaraNam,5.1#karmasamAnAXikaraNam,3.1#karma,6.2#viXeya_viSeRaNam,9.1#viXeya_viSeRaNam,6.2#viXeya_viSeRaNam,5.1#varwamAnasamAnakAlaH,9.1#varwamAnasamAnakAlaH,8.1#karwA,9.1	1	2	05	upaniRax	kaTopaniRax	-
13.1	yaWA	-	yaWA	yaWA{avya}	yaWA{avya}	kriyAviSeRaNam,12.1	kriyAviSeRaNam,9.1#kriyAviSeRaNam,8.1	1	2	05	upaniRax	kaTopaniRax	-
14.1	anXAH	-	anXAH	anXa{puM;1;bahu}/anXA{swrI;1;bahu}/anXA{swrI;2;bahu}/anXa{puM;8;bahu}/anXA{swrI;8;bahu}	anXa{puM;1;bahu}	karma,12.1	viSeRaNam,5.1#viSeRaNam,12.1#viSeRaNam,9.1#viSeRaNam,6.2#viSeRaNam,3.1#karmasamAnAXikaraNam,12.1#karmasamAnAXikaraNam,9.1#karmasamAnAXikaraNam,5.1#karmasamAnAXikaraNam,3.1#karma,12.1#viXeya_viSeRaNam,12.1#viXeya_viSeRaNam,9.1#viXeya_viSeRaNam,6.2#viXeya_viSeRaNam,5.1#karwA,9.1#karwA,8.1	1	2	05	upaniRax	kaTopaniRax	-
2.1	anware	-	anware	anware(puM;7;eka)	anware(puM;7;eka)	aXikaraNam,1.1	aXikaraNam,1.1	1	2	05	upaniRax	kaTopaniRax	-
3.1	varwamAnAH	-	varwamAnAH	varwamAna{puM;1;bahu(vqw1;SAnac_lat;karwari;BvAxiH)}/varwamAnA{swrI;1;bahu(vqw1;SAnac_lat;karwari;BvAxiH)}/varwamAnA{swrI;2;bahu(vqw1;SAnac_lat;karwari;BvAxiH)}	varwamAna{puM;1;bahu(vqw1;SAnac_lat;karwari;BvAxiH)}	viSeRaNam,5.1	viSeRaNam,14.1#viSeRaNam,12.1#viSeRaNam,9.1#viSeRaNam,6.2#viSeRaNam,5.1#karma,6.2#varwamAnasamAnakAlaH,9.1#varwamAnasamAnakAlaH,8.1#karwA,9.1	1	2	05	upaniRax	kaTopaniRax	-
4.1	svayam	-	svayam	svayam{avya}	svayam{avya}	sambanXaH,5.1	kriyAviSeRaNam,9.1#kriyAviSeRaNam,8.1	1	2	05	upaniRax	kaTopaniRax	-
5.1	XIrAH	-	XIrAH	XIra{puM;1;bahu}/XIrA{swrI;1;bahu}/XIrA{swrI;2;bahu}/XIra{puM;8;bahu}/XIrA{swrI;8;bahu}	XIra{puM;1;bahu}	karwA,8.1	viSeRaNam,14.1#karmasamAnAXikaraNam,14.1#karmasamAnAXikaraNam,12.1#karmasamAnAXikaraNam,9.1#karmasamAnAXikaraNam,3.1#karma,12.1#karma,6.2#karwA,9.1#karwA,8.1#viSeRaNam,12.1#viSeRaNam,9.1#viSeRaNam,6.2#viSeRaNam,3.1	1	2	05	upaniRax	kaTopaniRax	-
6.1	paNdiwaM-	-	paNdiwaM-manyamAna	paNdiwa(puM;2;eka)	paNdiwa(puM;2eka)	bahuvrIhiH,6.2	bahuvrIhiH,6.2#RaRTI_wawpuruRaH,6.2	1	2	05	upaniRax	kaTopaniRax	-
6.2	manyamAnAH	-	--	manyamAna{puM;1;bahu(man1;SAnac_lat;karwari;xivAxiH)}/manyamAnA{swrI;1;bahu(man1;SAnac_lat;karwari;xivAxiH)}/manyamAnA{swrI;2;bahu(man1;SAnac_lat;karwari;xivAxiH)}/manyamAna{puM;1;bahu(man1;SAnac_lat;karmaNi;xivAxiH)}/manyamAnA{swrI;1;bahu(man1;SAnac_lat;karmaNi;xivAxiH)}/manyamAnA{swrI;2;bahu(man1;SAnac_lat;karmaNi;xivAxiH)}/manyamAna{puM;1;bahu(man2;SAnac_lat;karmaNi;wanAxiH)}/manyamAnA{swrI;1;bahu(man2;SAnac_lat;karmaNi;wanAxiH)}/manyamAnA{swrI;2;bahu(man2;SAnac_lat;karmaNi;wanAxiH)}	manyamAna{puM;1;bahu(man1;SAnac_lat;karwari;xivAxiH)}	karwqsamAnAXikaraNam,8.1	sup_samuccayaH,5.1#viSeRaNam,14.1#viSeRaNam,12.1#viSeRaNam,9.1#viSeRaNam,5.1#viSeRaNam,3.1#karma,12.1#viXeya_viSeRaNam,5.1#karwA,9.1	1	2	05	upaniRax	kaTopaniRax	-
7.1	xanxramyamANAH	-	xanxramyamANAH	xanxramyamANa{swrI;1;bahu_xram(yaf;luk;BAvakarma-SAnac}	xanxramyamANa{swrI;1;bahu_xram(yaf;luk;BAvakarma-SAnac}	karwqsamAnAXikaraNam,8.1	sup_samuccayaH,5.1	1	2	05	upaniRax	kaTopaniRax	-
8.1	pariyanwi	-	pariyanwi	pari_i1{karwari;lat;pra;bahu;parasmEpaxI;axAxiH}	pari_i1{karwari;lat;pra;bahu;parasmEpaxI;axAxiH}	aBihiwa_karwA,3.1	-	1	2	05	upaniRax	kaTopaniRax	-
9.1	mUDAH	-	mUDAH	mUDa{puM;1;bahu}/mUDA{swrI;1;bahu(muh1;kwa;X;xivAxiH)}/mUDA{swrI;2;bahu(muh1;kwa;X;xivAxiH)}	mUDa{puM;1;bahu}	karwqsamAnAXikaraNam,8.1	viSeRaNam,14.1#viSeRaNam,12.1#viSeRaNam,6.2#viSeRaNam,5.1#viSeRaNam,3.1#karmasamAnAXikaraNam,5.1#karmasamAnAXikaraNam,3.1#karma,12.1#karma,6.2#viXeya_viSeRaNam,6.2#viXeya_viSeRaNam,5.1#karwA,8.1	1	2	05	upaniRax	kaTopaniRax	-
1.1	na	-	na	na{avya}	na{avya}	prawiReXaH,3.1	prawiReXaH,18.1#prawiReXaH,11.1#prawiReXaH,3.1	1	2	06	upaniRax	kaTopaniRax	-
10.1	na	-	na	na{avya}	na{avya}	prawiReXaH,12.1	prawiReXaH,18.1#prawiReXaH,11.1	1	2	06	upaniRax	kaTopaniRax	-
11.1	aswi	-	aswi	as2{karwari;lat;pra;eka;parasmEpaxI;axAxiH}	as2{karwari;lat;pra;eka;parasmEpaxI;axAxiH}	-	-	1	2	06	upaniRax	kaTopaniRax	-
12.1	paraH	-	paraH	para{sarvanAma;puM;1;eka}	para{sarvanAma;puM;1;eka}	karwqsamAnAXikaraNam,9.1	viXeya_viSeRaNam,9.1#viXeya_viSeRaNam,8.1#viXeya_viSeRaNam,4.1#viXeya_viSeRaNam,2.1#viSeRaNam,14.1#saFjFA,4.1#karwA_be_verbs,11.1#karwA,18.1#karma,18.1	1	2	06	upaniRax	kaTopaniRax	-
13.1	iwi	-	iwi	iwi{avya}	iwi{avya}	sambanXaH,14.1	saFjFA_xyowakaH,12.1	1	2	06	upaniRax	kaTopaniRax	-
14.1	mAnI	-	mAnI	mAnin{puM;1;eka}	mAnin{puM;1;eka}	karwA,11.1	karwA_be_verbs,11.1#karwA,18.1#karma,18.1	1	2	06	upaniRax	kaTopaniRax	-
15.1	punaH	-	punaH	punaH{avya}	punaH{avya}	vIpsA,16.1	vIpsA,16.1#kriyAviSeRaNam,18.1#kriyAviSeRaNam,11.1#kriyAviSeRaNam,3.1	1	2	06	upaniRax	kaTopaniRax	-
16.1	punaH	-	punaH	punaH{avya}	punaH{avya}	kriyAviSeRaNam,18.1	kriyAviSeRaNam,18.1#kriyAviSeRaNam,11.1#kriyAviSeRaNam,3.1	1	2	06	upaniRax	kaTopaniRax	-
17.1	vaSam	-	vaSam	vaSa{puM;2;eka}/vaSa{napuM;1;eka}/vaSa{napuM;2;eka}	vaSa{puM;2;eka}	karma,18.1	karma,18.1#karwA_be_verbs,11.1#karwA,18.1	1	2	06	upaniRax	kaTopaniRax	-
18.1	Apaxyawe	-	Apaxyawe	Af_pax1{karwari;lat;pra;eka;AwmanepaxI;xivAxiH}/Af_pax1{karmaNi{lat;pra;eka;AwmanepaxI;xivAxiH}	Af_pax1{karwari;lat;pra;eka;AwmanepaxI;xivAxiH}	aBihiwa_karwA,14.1	-	1	2	06	upaniRax	kaTopaniRax	-
19.1	me	-	me	asmax{sarvanAma;6;eka}/asmax{sarvanAma;4;eka}	asmax{sarvanAma;6;eka}	RaRTIsambanXaH,17.1	prayojanam1,18.1#prayojanam1,11.1#prayojanam1,3.1#RaRTIsambanXaH,17.1#RaRTIsambanXaH,14.1#RaRTIsambanXaH,12.1#RaRTIsambanXaH,9.1#RaRTIsambanXaH,8.1#RaRTIsambanXaH,7.1#RaRTIsambanXaH,6.2#RaRTIsambanXaH,4.1#RaRTIsambanXaH,2.1	1	2	06	upaniRax	kaTopaniRax	-
2.1	sAmparAyaH	-	sAmparAyaH	sAmparAya{puM;1;eka}	sAmparAya{puM;1;eka}	karwA,3.1	karwA,3.1	1	2	06	upaniRax	kaTopaniRax	-
3.1	prawiBAwi	-	prawiBAwi	prawi_BA1{karwari;lat;pra;eka;parasmEpaxI;axAxiH}	prawi_BA1{karwari;lat;pra;eka;parasmEpaxI;axAxiH}	aBihiwa_karwA,3.1	-	1	2	06	upaniRax	kaTopaniRax	-
4.1	bAlam	-	bAlam	bAla{puM;2;eka}/bAla{napuM;1;eka}/bAla{napuM;2;eka}	bAla{puM;2;eka}	karma,3.1	viSeRaNam,17.1#viXeya_viSeRaNam,2.1#karwA_be_verbs,11.1#karwA,3.1#viSeRaNam,8.1#viSeRaNam,7.1	1	2	06	upaniRax	kaTopaniRax	-
5.1	pramAxyanwam	-	pramAxyanwam	pramAxyanwa{puM;2;eka}/pramAxyanwa{napuM;1;eka}/pramAxyanwa{napuM;2;eka}	pramAxyanwa{puM;2;eka}	viSeRaNam,4.1	viSeRaNam,4.1	1	2	06	upaniRax	kaTopaniRax	-
6.1	viwwa-	-	viwwa-moha	viwwa}/viwwa	viwwa	RaRTI_wawpuruRaH,6.2	bahuvrIhiH,6.2#RaRTI_wawpuruRaH,6.2	1	2	06	upaniRax	kaTopaniRax	-
6.2	mohena	-	--	moha{puM;3;eka}/moha{napuM;3;eka}	moha{puM;3;eka}	karaNam,7.1	hewuH,18.1#hewuH,11.1#hewuH,3.1	1	2	06	upaniRax	kaTopaniRax	-
7.1	mUDam	-	mUDam	mUDa{puM;2;eka}	mUDa{puM;2;eka}	viSeRaNam,4.1	viSeRaNam,17.1#viSeRaNam,8.1#viSeRaNam,4.1	1	2	06	upaniRax	kaTopaniRax	-
8.1	ayam	-	ayam	ixam{sarvanAma;puM;1;eka}/aya{puM;2;eka}	ixam{sarvanAma;puM;1;eka}	viSeRaNam,9.1	viSeRaNam,14.1#viSeRaNam,12.1#viSeRaNam,9.1#viSeRaNam,2.1#karwA_be_verbs,11.1#karwA,3.1	1	2	06	upaniRax	kaTopaniRax	-
9.1	lokaH	-	lokaH	loka{puM;1;eka}	loka{puM;1;eka}	karwA,11.1	karwA_be_verbs,11.1#karwA,3.1	1	2	06	upaniRax	kaTopaniRax	-
1.1	SravaNAya	-	SravaNAya	SravaNa{puM;4;eka}/SravaNa{napuM;4;eka}/SravaNa{napuM;4;eka(Sru1;lyut;X;BvAxiH)}	SravaNa{puM;4;eka}	prayojanam,6.1	prayojanam1,20.2#prayojanam1,19.1#prayojanam1,17.1#prayojanam1,16.1#prayojanam1,14.1#prayojanam1,12.1#prayojanam1,7.1#prayojanam1,6.1#sampraxAnam,14.1	1	2	07	upaniRax	kaTopaniRax	-
10.1	yam	-	yam	yax{sarvanAma;puM;2;eka}	yax{sarvanAma;puM;2;eka}	karma,12.1	muKyakarma,14.1#karma,16.1#karma,12.1#karma,7.1#gONakarma,14.1	1	2	07	upaniRax	kaTopaniRax	-
11.1	na	-	na	na{avya}	na{avya}	prawiReXaH,12.1	prawiReXaH,20.2#prawiReXaH,19.1#prawiReXaH,16.1#prawiReXaH,14.1#prawiReXaH,12.1	1	2	07	upaniRax	kaTopaniRax	-
12.1	vixyuH	-	vixyuH	vix1{karwari;viXilif;pra;bahu;parasmEpaxI;axAxiH}	vix1{karwari;viXilif;pra;bahu;parasmEpaxI;axAxiH}	-	-	1	2	07	upaniRax	kaTopaniRax	-
13.1	AScaryaH	-	AScaryaH	AScarya{puM;1;eka}	AScarya{puM;1;eka}	viSeRaNam,14.1	karwA,19.1#karwA,14.1#karmasamAnAXikaraNam,19.1#karmasamAnAXikaraNam,18.1#karmasamAnAXikaraNam,15.1#karmasamAnAXikaraNam,6.1#karmasamAnAXikaraNam,4.1#karma,19.1#karma,6.1#gONakarma,14.1	1	2	07	upaniRax	kaTopaniRax	-
14.1	vakwA	-	vakwA	vac1{karwari;lut;pra;eka;parasmEpaxI;axAxiH}/vac1{karmaNi;lut;pra;eka;AwmanepaxI;axAxiH}/brU1{karwari;lut;pra;eka;parasmEpaxI;axAxiH}/brU1{karwari;lut;pra;eka;AwmanepaxI;axAxiH}/brU1{karmaNi;lut;pra;eka;AwmanepaxI;axAxiH}/vakwq{puM;1;eka(vac1;wqc;X;axAxiH)}/vakwq{puM;1;eka(brU1;wqc;X;axAxiH)}/vakwA{swrI;1;eka(vanc1;kwa;X;BvAxiH)}	vakwq{puM;1;eka}	karma,17.1	viSeRaNam,19.1#karwA,19.1#karma,19.1#viSeRaNam,18.1#viSeRaNam,15.1#viSeRaNam,13.1#viSeRaNam,6.1#viSeRaNam,4.1	1	2	07	upaniRax	kaTopaniRax	-
15.1	kuSalaH	-	kuSalaH	kuSala{puM;1;eka}	kuSala{puM;1;eka}	viSeRaNam,14.1	viSeRaNam,19.1#viSeRaNam,18.1#viSeRaNam,14.1#viSeRaNam,13.1#viSeRaNam,6.1#viSeRaNam,4.1#karwA,19.1#karwA,14.1#karmasamAnAXikaraNam,19.1#karmasamAnAXikaraNam,18.1#karmasamAnAXikaraNam,13.1#karmasamAnAXikaraNam,6.1#karmasamAnAXikaraNam,4.1#karma,19.1#gONakarma,14.1	1	2	07	upaniRax	kaTopaniRax	-
16.1	asya	-	asya	ixam{sarvanAma;puM;6;eka}/ixam{sarvanAma;napuM;6;eka}/as3{karwari;lot;ma;eka;parasmEpaxI;xivAxiH}	ixam{sarvanAma;puM;6;eka}	RaRTIsambanXaH,14.1	RaRTIsambanXaH,19.1#RaRTIsambanXaH,18.1#RaRTIsambanXaH,15.1#RaRTIsambanXaH,14.1#RaRTIsambanXaH,13.1#RaRTIsambanXaH,9.1#RaRTIsambanXaH,3.1	1	2	07	upaniRax	kaTopaniRax	-
17.1	labXA	-	labXAH	labXa{puM;1;bahu(laB1;kwa;X;BvAxiH)}/labXA{swrI;1;bahu(laB1;kwa;X;BvAxiH)}/labXA{swrI;2;bahu(laB1;kwa;X;BvAxiH)}	labXa{puM;1;bahu(laB1;kwa;X;BvAxiH)}	-	viSeRaNam,9.1#muKyakarma,20.2#muKyakarma,14.1#karmasamAnAXikaraNam,9.1#karma,19.1#karma,16.1#karma,12.1#gONakarma,20.2#gONakarma,14.1#karwA,12.1#karmasamAnAXikaraNam,7.1#viSeRaNam,7.1	1	2	07	upaniRax	kaTopaniRax	-
18.1	AScaryaH	-	AScaryaH	AScarya{puM;1;eka}	AScarya{puM;1;eka}	viSeRaNam,19.1	karwA,19.1#karwA,14.1#karmasamAnAXikaraNam,19.1#karmasamAnAXikaraNam,15.1#karmasamAnAXikaraNam,13.1#karmasamAnAXikaraNam,6.1#karmasamAnAXikaraNam,4.1#karma,19.1#gONakarma,14.1	1	2	07	upaniRax	kaTopaniRax	-
19.1	jFAwA	-	jFAwA	jFA1{karwari;lut;pra;eka;parasmEpaxI;kryAxiH}/jFA1{karmaNi;lut;pra;eka;AwmanepaxI;kryAxiH}/jFAwq{puM;1;eka}/jFAwA{swrI;1;eka(jFA1;kwa;X;kryAxiH)}	jFAwq{puM;1;eka}	karma,20.2	viSeRaNam,14.1#karwA,14.1#karmasamAnAXikaraNam,18.1#karmasamAnAXikaraNam,15.1#karmasamAnAXikaraNam,13.1#karmasamAnAXikaraNam,6.1#karmasamAnAXikaraNam,4.1#karma,14.1#gONakarma,14.1	1	2	07	upaniRax	kaTopaniRax	-
2.1	api	-	api	api{avya}	api{avya}	sambanXaH,1.1	sambanXaH,1.1	1	2	07	upaniRax	kaTopaniRax	-
20.1	kuSala-	-	--	kuSala	kuSala	karmaXArayaH,20.2	karmaXArayaH,20.2	1	2	07	upaniRax	kaTopaniRax	-
20.2	anuSiRtaH	-	-	anuSiRta{puM;1;eka}	anuSiRta{puM;1;eka}	-	-	1	2	07	upaniRax	kaTopaniRax	-
3.1	bahuBiH	-	bahuBiH	bahu{puM;3;bahu}/bahu{napuM;3;bahu}/bahu{swrI;3;bahu}	bahu{puM;3;bahu}	karwA,6.1	karwA,6.1#karaNam,19.1#karaNam,17.1#karaNam,12.1#karaNam,7.1#karaNam,6.1#hewuH,20.2#hewuH,19.1#hewuH,17.1#hewuH,16.1#hewuH,14.1#hewuH,12.1#hewuH,7.1#hewuH,6.1	1	2	07	upaniRax	kaTopaniRax	-
4.1	yaH	-	yaH	yax{sarvanAma;puM;1;eka}	yax{sarvanAma;puM;1;eka}	karma,6.1	viSeRaNam,19.1#viSeRaNam,18.1#viSeRaNam,15.1#viSeRaNam,14.1#viSeRaNam,13.1#viSeRaNam,6.1#karma,6.1	1	2	07	upaniRax	kaTopaniRax	-
5.1	na	-	na	na{avya}	na{avya}	prawiReXaH,6.1	prawiReXaH,20.2#prawiReXaH,19.1#prawiReXaH,16.1#prawiReXaH,14.1#prawiReXaH,12.1	1	2	07	upaniRax	kaTopaniRax	-
6.1	laByaH	-	laByaH	laBya{puM;1;eka;laB1;yaw;X;BvAxiH}	laBya{puM;1;eka;laB1;yaw;X;BvAxiH}	-	viSeRaNam,19.1#viSeRaNam,18.1#viSeRaNam,15.1#viSeRaNam,14.1#viSeRaNam,13.1#viSeRaNam,4.1#karmasamAnAXikaraNam,4.1	1	2	07	upaniRax	kaTopaniRax	-
7.1	SqNvanwaH	-	SqNvanwaH	SqNvaw{puM;1;bahu(Sru1;Sawq_lat;X;BvAxiH)}	SqNvaw{puM;1;bahu(Sru1;Sawq_lat;X;BvAxiH)}	varwamAnasamAnakAlaH,12.1	varwamAnasamAnakAlaH,17.1#varwamAnasamAnakAlaH,12.1#karma,6.1	1	2	07	upaniRax	kaTopaniRax	-
8.1	api	-	api	api{avya}	api{avya}	sambanXaH,7.1	sambanXaH,7.1	1	2	07	upaniRax	kaTopaniRax	-
9.1	bahavaH	-	bahavaH	bahu{puM;1;bahu}/bahu{swrI;1;bahu}/bahu{swrI;2;bahu}/bahu{puM;8;bahu}/bahu{swrI;8;bahu}	bahu{puM;1;bahu}	karwA,12.1	viSeRaNam,17.1#muKyakarma,14.1#karmasamAnAXikaraNam,17.1#karma,16.1#karma,12.1#karma,7.1#gONakarma,14.1#karmasamAnAXikaraNam,7.1#karma,6.1#viSeRaNam,7.1	1	2	07	upaniRax	kaTopaniRax	-
1.1	na	-	na	na{avya}	na{avya}	prawiReXaH,4.1	prawiReXaH,13.1	1	2	08	upaniRax	kaTopaniRax	-
10.1	gawiH	-	gawiH	gawi{swrI;1;eka}	gawi{swrI;1;eka}	karwA,13.1	viXeya_viSeRaNam,5.1#karwA_be_verbs,13.1	1	2	08	upaniRax	kaTopaniRax	-
11.1	awra	-	awra	awra{avya}	awra{avya}	xeSAXikaraNam,13.1	xeSAXikaraNam,17.2#xeSAXikaraNam,16.2#xeSAXikaraNam,13.1#xeSAXikaraNam,6.3#xeSAXikaraNam,4.1	1	2	08	upaniRax	kaTopaniRax	-
12.1	na	-	na	na{avya}	na{avya}	prawiReXaH,13.1	prawiReXaH,13.1	1	2	08	upaniRax	kaTopaniRax	-
13.1	aswi	-	aswi	as2{karwari;lat;pra;eka;parasmEpaxI;axAxiH}	as2{karwari;lat;pra;eka;parasmEpaxI;axAxiH}	-	-	1	2	08	upaniRax	kaTopaniRax	-
14.1	aNIyAn	-	aNIyAn	aNIyas{puM;1;eka}	aNIyas{puM;1;eka}	viXeya_viSeRaNam,13.1	viXeya_viSeRaNam,5.1#karwA_be_verbs,13.1	1	2	08	upaniRax	kaTopaniRax	-
15.1	hi	-	hi	hi{avya}	hi{avya}	sambanXaH,16.2	sambanXaH,13.1#sambanXaH,4.1	1	2	08	upaniRax	kaTopaniRax	-
16.1	a-	-	a-warkya	a	a	naF_wawpuruRaH,16.2	naF_wawpuruRaH,16.2#naF_bahuvrIhiH,16.2	1	2	08	upaniRax	kaTopaniRax	-
16.2	warkyam	-	--	warkya{puM;2;eka(wark1;yaw;X;curAxiH)}/warkya{napuM;1;eka(wark1;yaw;X;curAxiH)}/warkya{napuM;2;eka(wark1;yaw;X;curAxiH)}	warkya{napuM;1;eka(wark1;yaw;X;curAxiH)}/warkya{napuM;2;eka(wark1;yaw;X;curAxiH)}/warkya{puM;2;eka(wark1;yaw;X;curAxiH)}	karwA,13.1	karwA_be_verbs,13.1	1	2	08	upaniRax	kaTopaniRax	-
17.1	aNu-	-	aNu-pramANa	aNu	aNu	bahuvrIhiH,17.2	bahuvrIhiH,17.2#RaRTI_wawpuruRaH,17.2	1	2	08	upaniRax	kaTopaniRax	-
17.2	pramANAw	-	--	pramANa{napuM;5;eka(pra_mA1;lyut;X;axAxiH)}/pramANa{napuM;5;eka(pra_mA2;lyut;X;juhowyAxiH)}/pramANa{puM;5;eka}	pramANa{napuM;5;eka(pra_mA1;lyut;X;axAxiH)}	hewuH,13.1	hewuH5,16.2#hewuH5,13.1#hewuH5,8.1#hewuH5,6.3#hewuH5,4.1	1	2	08	upaniRax	kaTopaniRax	-
2.1	nareNa	-	nareNa	nara{puM;3;eka}	nara{puM;3;eka}	karwA,4.1	karwA,6.1#karwA,4.1#hewuH,17.2#hewuH,16.2#hewuH,13.1#hewuH,8.1#hewuH,6.3#hewuH,4.1#aBexaH,3.1	1	2	08	upaniRax	kaTopaniRax	-
3.1	avareNa	-	avareNa	avara{puM;3;eka}/avara{napuM;3;eka}/avara{sarvanAma;puM;3;eka}/avara{sarvanAma;napuM;3;eka}	avara{puM;3;eka}	viSeRaNam,2.1	karwA,6.1#karwA,4.1#karaNam,8.1#karaNam,6.3#karaNam,4.1#hewuH,17.2#hewuH,16.2#hewuH,13.1#hewuH,8.1#hewuH,6.3#hewuH,4.1	1	2	08	upaniRax	kaTopaniRax	-
4.1	prokwaH	-	prokwaH	prokwa{puM;1;eka}/prokwa{puM;1;eka(pra_vac1;kwa;axAxiH)}	prokwa{puM;1;eka}	-	viSeRaNam,14.1#viSeRaNam,8.1#viSeRaNam,6.3#viSeRaNam,5.1	1	2	08	upaniRax	kaTopaniRax	-
5.1	eRaH	-	eRaH	ewax{sarvanAma;puM;1;eka}	ewax{sarvanAma;puM;1;eka}	karma,4.1	viSeRaNam,14.1#viSeRaNam,8.1#viSeRaNam,6.3#viSeRaNam,4.1#karma,4.1	1	2	08	upaniRax	kaTopaniRax	-
6.1	suvijFeyaH	-	--	suvijFeya{puM;1;eka}/suvijFeya{puM;1;eka;su_vi_jFA1;yaw;X;kryAxiH}	suvijFeya{puM;1;eka}/suvijFeya{puM;1;eka;su_vi_jFA1;yaw;X;kryAxiH}	-	viXeya_viSeRaNam,5.1#viXeya_viSeRaNam,4.1#viSeRaNam,14.1#viSeRaNam,8.1#karwA_be_verbs,13.1#karma,4.1	1	2	08	upaniRax	kaTopaniRax	-
7.1	bahuXA	-	bahuXA	bahuXA{avya}	bahuXA{avya}	kriyAviSeRaNam,6.1	kriyAviSeRaNam,17.2#kriyAviSeRaNam,16.2#kriyAviSeRaNam,13.1#kriyAviSeRaNam,6.3#kriyAviSeRaNam,4.1	1	2	08	upaniRax	kaTopaniRax	-
8.1	cinwyamAnaH	-	cinwyamAnaH	cinwyamAna{puM;1;eka(ciw2;SAnac_lat;karmaNi;curAxiH)}	cinwyamAna{puM;1;eka(ciw2;SAnac_lat;karmaNi;curAxiH)}	karma,6.1	viXeya_viSeRaNam,6.3#viXeya_viSeRaNam,5.1#viXeya_viSeRaNam,4.1#viSeRaNam,14.1#varwamAnasamAnakAlaH,13.1#varwamAnasamAnakAlaH,4.1#karwA_be_verbs,13.1#karma,4.1	1	2	08	upaniRax	kaTopaniRax	-
9.1	ananya-	-	ananya-prokwa	ananya	ananya	karmaXArayaH,9.2	karmaXArayaH,9.2	1	2	08	upaniRax	kaTopaniRax	-
9.2	prokwe	-	--	prokwa{puM;7;eka}/prokwa{puM;1;eka(pra_vac1;kwa;axAxiH)}	prokwa{puM;7;eka}	aXikaraNam,13.1	aXikaraNam,17.2#aXikaraNam,16.2#aXikaraNam,13.1#aXikaraNam,8.1#aXikaraNam,6.3#aXikaraNam,4.1#samboXyaH,13.1#karma,8.1	1	2	08	upaniRax	kaTopaniRax	-
1.1	na	-	na	na{avya}	na{avya}	prawiReXaH,5.1	prawiReXaH,21.1#prawiReXaH,16.1#prawiReXaH,13.1	1	2	09	upaniRax	kaTopaniRax	-
10.1	preRTa	-	preRTa	preRTa{puM;8;eka}/preRTa{napuM;8;eka}	preRTa{puM;8;eka}	samboXyaH,6.1	samboXyaH,6.1	1	2	09	upaniRax	kaTopaniRax	-
11.1	yAm	-	yAm	yax{sarvanAma;swrI;2;eka}	yax{sarvanAma;swrI;2;eka}	karma,13.1	niwya_sambanXaH1,2.1#karma,13.1	1	2	09	upaniRax	kaTopaniRax	-
12.1	wvam	-	wvam	yuRmax{sarvanAma;1;eka}	yuRmax{sarvanAma;1;eka}	karwA,13.1	viXeya_viSeRaNam,2.1#karwA_be_verbs,16.1#karwA,13.1#karma,6.1	1	2	09	upaniRax	kaTopaniRax	-
13.1	ApaH	-	ApaH	ap{swrI;1;bahu}/Ap1{karwari;luf;ma;eka;parasmEpaxI;svAxiH}/Apas{napuM;1;eka}/Apas{napuM;2;eka}/Apas{napuM;8;eka}	Ap1{karwari;luf;ma;eka;parasmEpaxI;svAxiH}	-	-	1	2	09	upaniRax	kaTopaniRax	-
14.1	sawyaXqwiH	-	sawyaXqwiH	sawyaXqwi{puM;1;eka}	sawyaXqwi{puM;1;eka}	karwA,16.1	viSeRaNam,12.1#karwA,21.1#gONakarma,21.1	1	2	09	upaniRax	kaTopaniRax	-
15.1	bawa	-	bawa	bawa{avya}	bawa{avya}	sambanXaH,14.1	-	1	2	09	upaniRax	kaTopaniRax	-
16.1	asi	-	asi	as2{karwari;lat;ma;eka;parasmEpaxI;axAxiH}	as2{karwari;lat;ma;eka;parasmEpaxI;axAxiH}	-	-	1	2	09	upaniRax	kaTopaniRax	-
17.1	wvAxqk	-	wvAxqk	wvAxqS{puM;1;eka}/wvAxqS{napuM;1;eka}/wvAxqS{napuM;2;eka}/wvAxqS{napuM;8;eka}	wvAxqS{puM;1;eka}	karwA,19.1	muKyakarma,21.1#karma,13.1#viSeRaNam,12.1#karwA,21.1#gONakarma,21.1	1	2	09	upaniRax	kaTopaniRax	-
18.1	naH	-	naH	asmax{sarvanAma;2;bahu}/asmax{sarvanAma;6;bahu}/asmax{sarvanAma;4;bahu}/nq{puM;8;eka}	asmax{sarvanAma;6;bahu}	RaRTIsambanXaH,17.1	sampraxAnam,6.1#prayojanam1,21.1#prayojanam1,16.1#prayojanam1,13.1#RaRTIsambanXaH,21.1#RaRTIsambanXaH,20.1#RaRTIsambanXaH,19.1#RaRTIsambanXaH,17.1#RaRTIsambanXaH,14.1#RaRTIsambanXaH,13.1#RaRTIsambanXaH,10.1#RaRTIsambanXaH,9.2#RaRTIsambanXaH,6.1#RaRTIsambanXaH,4.1#RaRTIsambanXaH,3.1#muKyakarma,21.1#karma,13.1#gONakarma,21.1	1	2	09	upaniRax	kaTopaniRax	-
19.1	BUyAw	BU{karwari;ASIrlif;pra;eka;BvAxiH;parasmEpaxam}	BUyAn	BU{karwari;ASIrlif;pra;eka;BvAxiH;parasmEpaxam}	BU{karwari;ASIrlif;pra;eka;BvAxiH;parasmEpaxam}	-	viXeya_viSeRaNam,12.1#viSeRaNam,21.1#viSeRaNam,17.1#viSeRaNam,14.1#karwA,21.1#gONakarma,21.1	1	2	09	upaniRax	kaTopaniRax	-
2.1	eRA	-	eRA	ewax{sarvanAma;swrI;1;eka}	ewax{sarvanAma;swrI;1;eka}	viSeRaNam,4.1	viSeRaNam,12.1#viSeRaNam,6.1#viSeRaNam,4.1#karma,6.1	1	2	09	upaniRax	kaTopaniRax	-
20.1	nacikewaH	-	nacikewaH	nacikewas{puM;8;eka}	nacikewas{puM;8;eka}	samboXyaH,19.1	samboXyaH,19.1	1	2	09	upaniRax	kaTopaniRax	-
21.1	praRtA	-	praRtA	praC1{karwari;lut;pra;eka;parasmEpaxI;wuxAxiH}/praC1{karmaNi;lut;pra;eka;AwmanepaxI;wuxAxiH}/praRtq{puM;1;eka(praC1;wqc;X;wuxAxiH)}	praRtq{puM;1;eka}	viSeRaNam,17.1	viXeya_viSeRaNam,12.1#viSeRaNam,19.1#viSeRaNam,17.1#viSeRaNam,14.1	1	2	09	upaniRax	kaTopaniRax	-
3.1	warkeNa	-	warkeNa	warka{puM;3;eka}	warka{puM;3;eka}	karaNam,5.1	karwA,6.1#karaNam,13.1#karaNam,6.1#hewuH,21.1#hewuH,16.1	1	2	09	upaniRax	kaTopaniRax	-
4.1	mawiH	-	mawiH	mawi{swrI;1;eka}	mawi{swrI;1;eka}	karma,5.1	viSeRaNam,12.1#karma,6.1	1	2	09	upaniRax	kaTopaniRax	-
5.1	ApaneyA	-	ApaneyA	Af_ap_nI{NIF_prApaNe;BvAxiH;uBayapaxI}/ApaneyA{swrI;1;eka}	ApaneyA{swrI;1;eka}	-	-	1	2	09	upaniRax	kaTopaniRax	-
6.1	prokwA	-	prokwA	prokwA{swrI;1;eka}/prokwA{swrI;1;eka(pra_vac1;kwa;axAxiH)}	prokwA{swrI;1;eka}	-	viSeRaNam,12.1#viSeRaNam,4.1#viSeRaNam,2.1	1	2	09	upaniRax	kaTopaniRax	-
7.1	anyena	-	anyena	anya{sarvanAma;puM;3;eka}/anya{sarvanAma;napuM;3;eka}	anya{sarvanAma;puM;3;eka}	karwA,6.1	karwA,6.1#karaNam,13.1#karaNam,6.1#hewuH,21.1#hewuH,16.1#hewuH,13.1#hewuH,6.1#viSeRaNam,3.1	1	2	09	upaniRax	kaTopaniRax	-
8.1	eva	-	eva	eva{avya}	eva{avya}	sambanXaH,7.1	sambanXaH,7.1	1	2	09	upaniRax	kaTopaniRax	-
9.1	sujFAnAya	-	--	sujFAna{napuM;4;eka}/sujFAna{puM;4;eka}	sujFAna{napuM;4;eka}	prayojanam,6.1	prayojanam1,21.1#prayojanam1,16.1#prayojanam1,13.1#prayojanam1,6.1#kriyAviSeRaNam,21.1#kriyAviSeRaNam,16.1#kriyAviSeRaNam,13.1#kriyAviSeRaNam,6.1	1	2	09	upaniRax	kaTopaniRax	-
1.1	jAnAmi	-	jAnAmi	jFA1{karwari;lat;u;eka;parasmEpaxI;kryAxiH}	jFA1{karwari;lat;u;eka;parasmEpaxI;kryAxiH}	aBihiwa_karwA,2.1;sakarmaka	-	1	2	10	upaniRax	kaTopaniRax	-
10.1	hi	-	hi	hi{avya}	hi{avya}	sambanXaH,11.1	sambanXaH,21.1#sambanXaH,20.1#sambanXaH,9.1#sambanXaH,1.1	1	2	10	upaniRax	kaTopaniRax	-
11.1	Xruvam	-	Xruvam	Xruva{puM;2;eka}/Xruva{napuM;1;eka}/Xruva{napuM;2;eka}	Xruva{napuM;1;eka}	viSeRaNam,12.1	viSeRaNam,22.1#viSeRaNam,12.1#viSeRaNam,5.2#viXeya_viSeRaNam,2.1#karma,9.1	1	2	10	upaniRax	kaTopaniRax	-
12.1	waw	-	waw	wax{sarvanAma;napuM;1;eka}/wax{sarvanAma;napuM;2;eka}	wax{sarvanAma;napuM;1;eka}	karma,9.1	viSeRaNam,22.1#viSeRaNam,11.1#viSeRaNam,5.2#karma,9.1	1	2	10	upaniRax	kaTopaniRax	-
13.1	wawaH	-	wawaH	wawaH{avya}	wawaH{avya}	kArya_xyowakaH,14.1	kArya_xyowakaH,21.1#hewuH5,21.1#hewuH5,9.1#hewuH5,1.1#apAxAnam,20.1#apAxAnam,9.1	1	2	10	upaniRax	kaTopaniRax	-
14.1	mayA	-	mayA	asmax{sarvanAma;3;eka}	asmax{sarvanAma;3;eka}	karwA,16.1	karwA,9.1#hewuH,21.1#hewuH,20.1#hewuH,9.1#hewuH,1.1	1	2	10	upaniRax	kaTopaniRax	-
15.1	nAcikewaH	-	nacikewaH	nacikewas{puM;1;eka}	nacikewas{puM;1;eka}	viSeRaNam,17.1	viSeRaNam,17.1	1	2	10	upaniRax	kaTopaniRax	-
16.1	ciwaH	-	ciwaH	ciwa{puM;1;eka}/ciw{swrI;2;bahu}/ciw{swrI;5;eka}/ciw{swrI;6;eka}/ciw{swrI;8;bahu}	ciwa{puM;1;eka}	-	karwA,20.1#karma,20.1#RaRTIsambanXaH,22.1#RaRTIsambanXaH,19.1#RaRTIsambanXaH,18.2#RaRTIsambanXaH,17.1#RaRTIsambanXaH,15.1#RaRTIsambanXaH,11.1#RaRTIsambanXaH,8.2#RaRTIsambanXaH,5.2#RaRTIsambanXaH,3.1#hewuH5,21.1#hewuH5,20.1#hewuH5,9.1#hewuH5,1.1#apAxAnam,20.1#apAxAnam,9.1	1	2	10	upaniRax	kaTopaniRax	-
17.1	agniH	-	agniH	agni{puM;1;eka}	agni{puM;1;eka}	karma,16.1	karma,16.1	1	2	10	upaniRax	kaTopaniRax	-
18.1	a-	-	a-niwya	a	a	naF_bahuvrIhiH,18.2	naF_wawpuruRaH,18.2#naF_bahuvrIhiH,18.2	1	2	10	upaniRax	kaTopaniRax	-
18.2	niwyEH	-	--	niwya{puM;3;bahu}/niwya{napuM;3;bahu}	niwya{puM;3;bahu}	viSeRaNam,19.1	viSeRaNam,19.1#viSeRaNam,8.2#karaNam,20.1#karaNam,9.1#karaNam,1.1#hewuH,21.1#hewuH,20.1#hewuH,9.1#hewuH,1.1	1	2	10	upaniRax	kaTopaniRax	-
19.1	xravyEH	-	xravyEH	xravya{napuM;3;bahu}/xravya{puM;3;bahu}	xravya{puM;3;bahu}	karaNam,20.1	karaNam,20.1#karaNam,9.1#karaNam,1.1#hewuH,21.1#hewuH,20.1#hewuH,9.1#hewuH,1.1	1	2	10	upaniRax	kaTopaniRax	-
2.1	aham	-	aham	asmax{sarvanAma;1;eka}	asmax{sarvanAma;1;eka}	karwA,1.1	karwA,1.1	1	2	10	upaniRax	kaTopaniRax	-
20.1	prApwavAn	-	prApwavAn	prApwavaw{puM;1;eka(pra_Ap1;kwavawu;svAxiH)}/prApwavaw{puM;1;eka(pra_Ap1;kwavawu;X;svAxiH)}	prApwavaw{puM;1;eka(pra_Ap1;kwavawu;svAxiH)}	karwA,21.1	viXeya_viSeRaNam,2.1#viSeRaNam,17.1#viSeRaNam,3.1	1	2	10	upaniRax	kaTopaniRax	-
21.1	asmi	-	asmi	as2{karwari;lat;u;eka;parasmEpaxI;axAxiH}	as2{karwari;lat;u;eka;parasmEpaxI;axAxiH}	-	-	1	2	10	upaniRax	kaTopaniRax	-
22.1	niwyam	-	niwyam	niwya{puM;2;eka}/niwya{napuM;1;eka}/niwya{napuM;2;eka}	niwya{puM;2;eka}	kriyAviSeRaNam,21.1	kriyAviSeRaNam,21.1#kriyAviSeRaNam,20.1#kriyAviSeRaNam,9.1#kriyAviSeRaNam,1.1#karma,20.1	1	2	10	upaniRax	kaTopaniRax	-
3.1	SevaXiH	-	SevaXiH	SevaXi{puM;1;eka}	SevaXi{puM;1;eka}	karwqsamAnAXikaraNam,5.2	vAkyakarma,1.1#karma,9.1	1	2	10	upaniRax	kaTopaniRax	-
4.1	iwi	-	iwi	iwi{avya}	iwi{avya}	sambanXaH,2.1	sambanXaH,2.1#vAkyakarma_xyowakaH,3.1	1	2	10	upaniRax	kaTopaniRax	-
5.1	a-	-	a-niwya	a	a	naF_wawpuruRaH,5.2	naF_wawpuruRaH,5.2#naF_bahuvrIhiH,5.2	1	2	10	upaniRax	kaTopaniRax	-
5.2	niwyam	-	--	niwya{puM;2;eka}/niwya{napuM;1;eka}/niwya{napuM;2;eka}	niwya{puM;2;eka}}/niwya{napuM;1;eka}/niwya{napuM;2;eka}	viXeya_viSeRaNam,2.1	viSeRaNam,22.1#viSeRaNam,11.1#karma,1.1#viXeya_viSeRaNam,2.1#karma,9.1	1	2	10	upaniRax	kaTopaniRax	-
6.1	na	-	na	na{avya}	na{avya}	prawiReXaH,9.1	prawiReXaH,21.1#prawiReXaH,9.1#prawiReXaH,1.1	1	2	10	upaniRax	kaTopaniRax	-
7.1	hi	-	hi	hi{avya}	hi{avya}	sambanXaH,6.1	sambanXaH,21.1#sambanXaH,20.1#sambanXaH,9.1#sambanXaH,1.1	1	2	10	upaniRax	kaTopaniRax	-
8.1	a-	-	a-Xruva	a	a	naF_bahuvrIhiH,8.2	naF_wawpuruRaH,8.2#naF_bahuvrIhiH,8.2	1	2	10	upaniRax	kaTopaniRax	-
8.2	XruvEH	-	--	Xruva{puM;3;bahu}/Xruva{napuM;3;bahu}	Xruva{puM;3;bahu}	karwA,9.1	viSeRaNam,19.1#viSeRaNam,18.2#karwA,9.1#karaNam,20.1#karaNam,9.1#karaNam,1.1#hewuH,21.1#hewuH,20.1#hewuH,9.1#hewuH,1.1	1	2	10	upaniRax	kaTopaniRax	-
9.1	prApyawe	-	prApyawe	pra_Ap1{karmaNi;lat;pra;eka;AwmanepaxI;svAxiH}	pra_Ap1{karmaNi;lat;pra;eka;AwmanepaxI;svAxiH}	aBihiwa_karwA,14.1;sakarmaka	-	1	2	10	upaniRax	kaTopaniRax	-
1.1	kAmasya	-	kAmasya	kAma{puM;6;eka}	kAma{puM;6;eka}	RaRTIsambanXaH,2.1	RaRTIsambanXaH,15.1#RaRTIsambanXaH,14.1#RaRTIsambanXaH,13.1#RaRTIsambanXaH,11.1#RaRTIsambanXaH,10.2#RaRTIsambanXaH,8.1#RaRTIsambanXaH,7.1#RaRTIsambanXaH,6.1#RaRTIsambanXaH,5.1#RaRTIsambanXaH,4.1#RaRTIsambanXaH,3.1#RaRTIsambanXaH,2.1	1	2	11	upaniRax	kaTopaniRax	-
10.1	mahaw-	-	--	mahaw}/mahaw	mahaw	karmaXArayaH,10.2	karmaXArayaH_1,10.2#bahuvrIhiH,10.2	1	2	11	upaniRax	kaTopaniRax	-
10.2	urugAyam	-	--	urugAya{puM;2;eka}/urugAya{napuM;1;eka}/urugAya{napuM;2;eka}	urugAya{puM;2;eka}	karmasamAnAXikaraNam,16.1	viSeRaNam,8.1#viSeRaNam,6.1#karma,12.1	1	2	11	upaniRax	kaTopaniRax	-
11.1	prawiRTAm	-	prawiRTAm	prawiRTA{swrI;2;eka}	prawiRTA{swrI;2;eka}	karmasamAnAXikaraNam,16.1	viSeRaNam,4.1#viSeRaNam,2.1#karma,12.1	1	2	11	upaniRax	kaTopaniRax	-
12.1	xqRtvA	-	xqRtvA	xqS1{avya;kwvA;BvAxiH}	xqS1{avya;kwvA;BvAxiH}	pUrvakAlaH,16.1	pUrvakAlaH,16.1	1	2	11	upaniRax	kaTopaniRax	-
13.1	XqwyA	-	XqwyA	Xqwi{swrI;3;eka}	Xqwi{swrI;3;eka}	karaNam,16.1	karaNam,16.1#karaNam,12.1#hewuH,16.1#hewuH,12.1	1	2	11	upaniRax	kaTopaniRax	-
14.1	XIraH	-	XIraH	XIra{puM;1;eka}	XIra{puM;1;eka}	karwA,16.1	karwA,16.1	1	2	11	upaniRax	kaTopaniRax	-
15.1	nacikewaH	-	nacikewaH	nacikewas{puM;8;eka}	nacikewas{puM;8;eka}	samboXyaH,16.1	samboXyaH,14.1	1	2	11	upaniRax	kaTopaniRax	-
16.1	awyasrAkRIH	-	awyasrAkRIH	awi_sqj2{karwari;luf;ma;eka;parasmEpaxI;wuxAxiH}	awi_sqj2{karwari;luf;ma;eka;parasmEpaxI;wuxAxiH}	-	-	1	2	11	upaniRax	kaTopaniRax	-
2.1	Apwim	-	Apwim	Apwi{swrI;2;eka}	Apwi{swrI;2;eka}	karma,16.1	karma,12.1	1	2	11	upaniRax	kaTopaniRax	-
3.1	jagawaH	-	jagawaH	jagaw{napuM;5;eka}/jagaw{napuM;6;eka}/jagaw{puM;1;bahu}/jagaw{puM;2;bahu}/jagaw{puM;5;eka}/jagaw{puM;6;eka}	jagaw{napuM;6;eka}	RaRTIsambanXaH,4.1	RaRTIsambanXaH,15.1#RaRTIsambanXaH,14.1#RaRTIsambanXaH,13.1#RaRTIsambanXaH,11.1#RaRTIsambanXaH,10.2#RaRTIsambanXaH,8.1#RaRTIsambanXaH,7.1#RaRTIsambanXaH,6.1#RaRTIsambanXaH,5.1#RaRTIsambanXaH,4.1#RaRTIsambanXaH,2.1#hewuH5,16.1#hewuH5,12.1#karma,12.1	1	2	11	upaniRax	kaTopaniRax	-
4.1	prawiRTAm	-	prawiRTAm	prawiRTA{swrI;2;eka}	prawiRTA{swrI;2;eka}	karmasamAnAXikaraNam,16.1	viSeRaNam,11.1#viSeRaNam,2.1#karma,12.1	1	2	11	upaniRax	kaTopaniRax	-
5.1	krawoH	-	krawoH	krawu{puM;5;eka}/krawu{puM;6;eka}	krawu{puM;6;eka}	RaRTIsambanXaH,6.1	RaRTIsambanXaH,15.1#RaRTIsambanXaH,14.1#RaRTIsambanXaH,13.1#RaRTIsambanXaH,11.1#RaRTIsambanXaH,10.2#RaRTIsambanXaH,8.1#RaRTIsambanXaH,7.1#RaRTIsambanXaH,6.1#RaRTIsambanXaH,4.1#RaRTIsambanXaH,3.1#RaRTIsambanXaH,2.1#hewuH5,16.1#hewuH5,12.1	1	2	11	upaniRax	kaTopaniRax	-
6.1	Ananwyam	-	Ananwyam	Ananwya{napuM;1;eka}/Ananwya{napuM;2;eka}	Ananwya{napuM;2;eka}	karmasamAnAXikaraNam,16.1	karma,12.1	1	2	11	upaniRax	kaTopaniRax	-
7.1	aBayasya	-	aBayasya	aBaya{puM;6;eka}/aBaya{napuM;6;eka}	aBaya{puM;6;eka}	RaRTIsambanXaH,8.1	RaRTIsambanXaH,15.1#RaRTIsambanXaH,14.1#RaRTIsambanXaH,13.1#RaRTIsambanXaH,11.1#RaRTIsambanXaH,10.2#RaRTIsambanXaH,8.1#RaRTIsambanXaH,6.1#RaRTIsambanXaH,5.1#RaRTIsambanXaH,4.1#RaRTIsambanXaH,3.1#RaRTIsambanXaH,2.1	1	2	11	upaniRax	kaTopaniRax	-
8.1	pAram	-	pAram	pAra{napuM;1;eka}/pAra{napuM;2;eka}	pAra{napuM;2;eka}	karmasamAnAXikaraNam,16.1	karma,12.1	1	2	11	upaniRax	kaTopaniRax	-
9.1	swomaM	-	-	swoma{puM;2;eka}	swoma{puM;2;eka}	karmasamAnAXikaraNam,16.1	viSeRaNam,8.1#viSeRaNam,6.1#karma,12.1	1	2	11	upaniRax	kaTopaniRax	-
1.1	wam	-	wam	wax{sarvanAma;puM;2;eka}	wax{sarvanAma;puM;2;eka}	viSeRaNam,9.1	viSeRaNam,5.2#viSeRaNam,4.2#viSeRaNam,3.1#viSeRaNam,2.1#karma,10.1	1	2	12	upaniRax	kaTopaniRax	-
10.1	mawvA	-	mawvA	man1{avya;kwvA;xivAxiH}/man2{avya;kwvA;wanAxiH}	man1{avya;kwvA;xivAxiH}	pUrvakAlaH,13.1	pUrvakAlaH,13.1#pUrvakAlaH,5.2#pUrvakAlaH,4.2#pUrvakAlaH,3.1	1	2	12	upaniRax	kaTopaniRax	-
11.1	XIraH	-	XIraH	XIra{puM;1;eka}	XIra{puM;1;eka}	karwA,13.1	karwA,13.1	1	2	12	upaniRax	kaTopaniRax	-
12.1	harRa-	-	harRa_SokO	harRa	harRa	xvanxvaH,12.2	xvanxvaH,12.2	1	2	12	upaniRax	kaTopaniRax	-
12.2	SokO	-	-	Soka{puM;1;xvi}/Soka{puM;2;xvi}/Soka{puM;8;xvi}	Soka{puM;2;xvi}	karma,13.1	karma,13.1#karma,10.1	1	2	12	upaniRax	kaTopaniRax	-
13.1	jahAwi	-	jahAwi	hA2{karwari;lat;pra;eka;parasmEpaxI;juhowyAxiH}	hA2{karwari;lat;pra;eka;parasmEpaxI;juhowyAxiH}	-	-	1	2	12	upaniRax	kaTopaniRax	-
2.1	xurxarSam	-	xurxarSam	xurxarSa{puM;2;eka}/xurxarSa{napuM;1;eka}/xurxarSa{napuM;2;eka}	xurxarSa{puM;2;eka}	viSeRaNam,9.1	karmasamAnAXikaraNam,9.1#karmasamAnAXikaraNam,7.1#karmasamAnAXikaraNam,5.2#karmasamAnAXikaraNam,4.2#karmasamAnAXikaraNam,3.1#karmasamAnAXikaraNam,1.1#karma,10.1#karma,3.1	1	2	12	upaniRax	kaTopaniRax	-
3.1	gUDam	-	gUDam	gUDa{puM;2;eka(guh1;kwa;X;BvAxiH)}/gUDa{napuM;1;eka(guh1;kwa;X;BvAxiH)}/gUDa{napuM;2;eka(guh1;kwa;X;BvAxiH)}	gUDa{puM;2;eka(guh1;kwa;X;BvAxiH)}	viSeRaNam,9.1	viSeRaNam,7.1#viSeRaNam,5.2#viSeRaNam,4.2#viSeRaNam,2.1#karmasamAnAXikaraNam,2.1#karma,10.1#viSeRaNam,9.1#viSeRaNam,1.1#karmasamAnAXikaraNam,1.1	1	2	12	upaniRax	kaTopaniRax	-
4.1	anu-	-	anu-praviRta	anu	anu	avyayIBAvaH,4.2	wqwIyA_wawpuruRaH,4.2#avyayIBAvaH_1,4.2	1	2	12	upaniRax	kaTopaniRax	-
4.2	praviRtam	-	--	praviRta{puM;2;eka(pra_viS1;kwa;X;wuxAxiH)}/praviRta{napuM;1;eka(pra_viS1;kwa;X;wuxAxiH)}/praviRta{napuM;2;eka(pra_viS1;kwa;X;wuxAxiH)}	praviRta{puM;2;eka(pra_viS1;kwa;X;wuxAxiH)}	viSeRaNam,9.1	viSeRaNam,7.1#viSeRaNam,5.2#viSeRaNam,3.1#viSeRaNam,2.1#karmasamAnAXikaraNam,3.1#karmasamAnAXikaraNam,2.1#karma,10.1#karma,3.1#viSeRaNam,9.1#viSeRaNam,1.1#karmasamAnAXikaraNam,1.1	1	2	12	upaniRax	kaTopaniRax	-
5.1	guhA-	-	guhA-hiwa	guhA	guhA	cawurWI_wawpuruRaH,5.2	cawurWI_wawpuruRaH,5.2	1	2	12	upaniRax	kaTopaniRax	-
5.2	hiwam	-	--	hiwa{puM;2;eka(XA1;kwa;X;juhowyAxiH)}/hiwa{napuM;1;eka(XA1;kwa;X;juhowyAxiH)}/hiwa{napuM;2;eka(XA1;kwa;X;juhowyAxiH)}/hiwa{puM;2;eka(hi1;kwa;X;svAxiH)}/hiwa{napuM;1;eka(hi1;kwa;X;svAxiH)}/hiwa{napuM;2;eka(hi1;kwa;X;svAxiH)}	hiwa{puM;2;eka(XA1;kwa;X;juhowyAxiH)}	viSeRaNam,9.1	viSeRaNam,7.1#viSeRaNam,4.2#viSeRaNam,3.1#viSeRaNam,2.1#karmasamAnAXikaraNam,4.2#karmasamAnAXikaraNam,3.1#karmasamAnAXikaraNam,2.1#karma,10.1#karma,3.1#viSeRaNam,9.1#viSeRaNam,1.1#karmasamAnAXikaraNam,1.1	1	2	12	upaniRax	kaTopaniRax	-
6.1	gahvareRTam	-	gahvaraiRTam	gahvareRTa{napuM;1;eka}	gahvareRTa{puM;2;eka}	viSeRaNam,9.1	viSeRaNam,9.1	1	2	12	upaniRax	kaTopaniRax	-
7.1	purANam	-	purANam	purANa{puM;2;eka}purANa{napuM;1;eka}/purANa{napuM;2;eka}	purANa{puM;2;eka}	viSeRaNam,9.1	viSeRaNam,5.2#viSeRaNam,4.2#viSeRaNam,3.1#viSeRaNam,2.1#karmasamAnAXikaraNam,9.1#karmasamAnAXikaraNam,5.2#karmasamAnAXikaraNam,4.2#karmasamAnAXikaraNam,3.1#karmasamAnAXikaraNam,2.1#karmasamAnAXikaraNam,1.1#karma,13.1#karma,10.1#karwA,13.1#karma,3.1	1	2	12	upaniRax	kaTopaniRax	-
8.1	aXyAwma-	-	aXyAwma-yoga-aXigama	aXyAwma	aXyAwma	bahuvrIhiH,8.3	bahuvrIhiH,8.3#RaRTI_wawpuruRaH,8.3	1	2	12	upaniRax	kaTopaniRax	-
8.2	yoga-	-	--	yoga	yoga	RaRTI_wawpuruRaH,8.3	bahuvrIhiH,8.3#RaRTI_wawpuruRaH,8.3	1	2	12	upaniRax	kaTopaniRax	-
8.3	aXigamena	-	--	aXigama{puM;3;eka(aXi_gam1;GaF;X;BvAxiH)}	aXigama{puM;3;eka(aXi_gam1;GaF;X;BvAxiH)}	karaNam,13.1	karwA,5.2#karwA,3.1#karaNam,4.2#hewuH,13.1#hewuH,10.1#hewuH,5.2#hewuH,4.2#hewuH,3.1	1	2	12	upaniRax	kaTopaniRax	-
9.1	xevam	-	xevam	xeva{puM;2;eka}	xeva{puM;2;eka}	karma,10.1	karma,13.1#karma,10.1	1	2	12	upaniRax	kaTopaniRax	-
1.1	ewaw	-	ewaw	ewax{sarvanAma;napuM;1;eka}/ewax{sarvanAma;napuM;2;eka}	ewax{sarvanAma;napuM;2;eka}	karma,2.1	viSeRaNam,16.1#viSeRaNam,15.1#viSeRaNam,12.1#viSeRaNam,6.1#karma,14.1#karma,2.1	1	2	13	upaniRax	kaTopaniRax	-
10.1	saH	-	saH	wax{sarvanAma;puM;1;eka}	wax{sarvanAma;puM;1;eka}	karwA,11.1	viSeRaNam,4.1#karwA,11.1#karma,12.1	1	2	13	upaniRax	kaTopaniRax	-
11.1	moxawe	-	moxawe	mux1{karwari;lat;pra;eka;AwmanepaxI;BvAxiH}	mux1{karwari;lat;pra;eka;AwmanepaxI;BvAxiH}	-	-	1	2	13	upaniRax	kaTopaniRax	-
12.1	moxanIyam	-	moxanIyam	moxanIya{puM;2;eka(mux1;anIyar;X;BvAxiH)}/moxanIya{napuM;1;eka(mux1;anIyar;X;BvAxiH)}/moxanIya{napuM;2;eka(mux1;anIyar;X;BvAxiH)}/moxanIya{puM;2;eka(mux2;anIyar;X;curAxiH)}/moxanIya{napuM;1;eka(mux2;anIyar;X;curAxiH)}/moxanIya{napuM;2;eka(mux2;anIyar;X;curAxiH)}	moxanIya{puM;2;eka(mux1;anIyar;X;BvAxiH)}	karma,14.1	karmasamAnAXikaraNam,8.1#karmasamAnAXikaraNam,7.1#karmasamAnAXikaraNam,6.1#karmasamAnAXikaraNam,1.1#karma,14.1#karma,2.1#karma,15.1	1	2	13	upaniRax	kaTopaniRax	-
13.1	hi	-	hi	hi{avya}	hi{avya}	sambanXaH,12.1	sambanXaH,18.1#sambanXaH,15.1#sambanXaH,12.1#sambanXaH,11.1#sambanXaH,8.1	1	2	13	upaniRax	kaTopaniRax	-
14.1	labXvA	-	labXvA	laB1{avya;kwvA;BvAxiH}	laB1{avya;kwvA;BvAxiH}	pUrvakAlaH,11.1	pUrvakAlaH,18.1#pUrvakAlaH,15.1#pUrvakAlaH,11.1#pUrvakAlaH,8.1	1	2	13	upaniRax	kaTopaniRax	-
15.1	vivqwam	-	vivqwam	vivqwa{puM;2;eka(vi_vq1;kwa;X;svAxiH)}/vivqwa{napuM;1;eka(vi_vq1;kwa;X;svAxiH)}/vivqwa{napuM;2;eka(vi_vq1;kwa;X;svAxiH)}/vivqwa{puM;2;eka(vi_vq3;kwa;X;curAxiH)}/vivqwa{napuM;1;eka(vi_vq3;kwa;X;curAxiH)}/vivqwa{napuM;2;eka(vi_vq3;kwa;X;curAxiH)}	vivqwa{napuM;1;eka(vi_vq1;kwa;X;svAxiH)}	viSeRaNam,16.1	viSeRaNam,16.1#viSeRaNam,12.1#viSeRaNam,6.1#karmasamAnAXikaraNam,12.1#karmasamAnAXikaraNam,8.1#karmasamAnAXikaraNam,7.1#karmasamAnAXikaraNam,6.1#karma,18.1#karma,14.1#karma,2.1#karwA,11.1#karma,12.1#viSeRaNam,17.1#viSeRaNam,8.1#viSeRaNam,7.1	1	2	13	upaniRax	kaTopaniRax	-
16.1	saxma	-	saxma	saxman{napuM;1;eka}/saxman{napuM;2;eka}/saxman{napuM;8;eka}	saxman{napuM;1;eka}	karwA,18.1	karmasamAnAXikaraNam,17.1#karmasamAnAXikaraNam,15.1#karmasamAnAXikaraNam,12.1#karmasamAnAXikaraNam,8.1#karmasamAnAXikaraNam,7.1#karmasamAnAXikaraNam,6.1#karma,18.1#karma,14.1#karma,2.1#karwA,11.1#karma,15.1#karma,12.1	1	2	13	upaniRax	kaTopaniRax	-
17.1	nacikewasam	-	nacikewasam	nacikewas{puM;2;eka}	nacikewas{puM;2;eka}	karma,18.1	karmasamAnAXikaraNam,16.1#karmasamAnAXikaraNam,15.1#karmasamAnAXikaraNam,12.1#karmasamAnAXikaraNam,8.1#karmasamAnAXikaraNam,7.1#karmasamAnAXikaraNam,6.1#karma,18.1#karma,14.1#karma,2.1	1	2	13	upaniRax	kaTopaniRax	-
18.1	manye	-	manye	man2{karmaNi;lat;u;eka;AwmanepaxI;wanAxiH}/man1{karwari;lat;u;eka;AwmanepaxI;xivAxiH}	man2{karmaNi;lat;u;eka;AwmanepaxI;wanAxiH}	-	-	1	2	13	upaniRax	kaTopaniRax	-
2.1	SruwvA	-	SruwvA	Sru1{avya;kwvA;BvAxiH}	Sru1{avya;kwvA;BvAxiH}	pUrvakAlaH,11.1	pUrvakAlaH,18.1#pUrvakAlaH,15.1#pUrvakAlaH,11.1#pUrvakAlaH,8.1	1	2	13	upaniRax	kaTopaniRax	-
3.1	saMparigqhya	-	saMparigqhya	saMparigqhya(avya,sam_pari{gqh;lyap;BvAxiH;AwmanepaxI}	saMparigqhya(avya,sam_pari{gqh;lyap;BvAxiH;AwmanepaxI}	pUrvakAlaH,11.1	-	1	2	13	upaniRax	kaTopaniRax	-
4.1	marwyaH	-	marwyaH	marwya{puM;1;eka}	marwya{puM;1;eka}	karwA,3.1	karwA,11.1	1	2	13	upaniRax	kaTopaniRax	-
5.1	pravqhya	-	pravqhya	pra_vqh3{avya;lyap;wuxAxiH}	pra_vqh3{avya;lyap;wuxAxiH}	pUrvakAlaH,11.1	pUrvakAlaH,18.1#pUrvakAlaH,15.1#pUrvakAlaH,11.1#pUrvakAlaH,8.1	1	2	13	upaniRax	kaTopaniRax	-
6.1	Xarmyam	-	Xarmyam	Xarmya{puM;2;eka}/Xarmya{napuM;1;eka}/Xarmya{napuM;2;eka}	Xarmya{puM;2;eka}	karma,5.1	viSeRaNam,16.1#viSeRaNam,15.1#viSeRaNam,12.1#karmasamAnAXikaraNam,17.1#karmasamAnAXikaraNam,16.1#karmasamAnAXikaraNam,15.1#karmasamAnAXikaraNam,12.1#karmasamAnAXikaraNam,8.1#karmasamAnAXikaraNam,7.1#karma,14.1#karma,2.1#karwA,11.1#karma,12.1#viSeRaNam,17.1#viSeRaNam,8.1#viSeRaNam,7.1	1	2	13	upaniRax	kaTopaniRax	-
7.1	aNum	-	aNum	aNu{puM;2;eka}	aNu{puM;2;eka}viSeRaNam,8.1	karma,9.1	karmasamAnAXikaraNam,17.1#karmasamAnAXikaraNam,16.1#karmasamAnAXikaraNam,15.1#karmasamAnAXikaraNam,12.1#karmasamAnAXikaraNam,8.1#karmasamAnAXikaraNam,6.1#karma,14.1#karma,2.1	1	2	13	upaniRax	kaTopaniRax	-
8.1	ewam	-	ewam	ewax{sarvanAma;puM;2;eka}/Af_i1{karwari{lot;ma;xvi;parasmEpaxI;axAxiH}	ewax{sarvanAma;puM;2;eka}	viSeRaNam,7.1	viSeRaNam,17.1#viSeRaNam,15.1#viSeRaNam,12.1#viSeRaNam,7.1#viSeRaNam,6.1#karma,14.1#karma,2.1	1	2	13	upaniRax	kaTopaniRax	-
9.1	Apya	-	Apya	Af_Ap1{avya;lyap;svAxiH}/Af_Ap2{avya{lyap;curAxiH}	Af_Ap1{avya;lyap;svAxiH}	pUrvakAlaH,11.1	pUrvakAlaH,18.1#pUrvakAlaH,15.1#pUrvakAlaH,11.1#pUrvakAlaH,8.1	1	2	13	upaniRax	kaTopaniRax	-
1.1	anyawra	-	anyawra	anyawra{avya}	anyawra{avya}	xeSAXikaraNam,15.1	xeSAXikaraNam,17.1#xeSAXikaraNam,15.1#xeSAXikaraNam,11.1#xeSAXikaraNam,9.1	1	2	14	upaniRax	kaTopaniRax	-
10.1	ca	-	ca	ca{avya}	ca{avya}	sambanXaH,9.1	sup_samuccaya_xyowakaH,9.1#sambanXaH,9.1	1	2	14	upaniRax	kaTopaniRax	-
11.1	BavyAw	-	BavyAw	Bavya{puM;5;eka(as2;Nyaw;X;axAxiH)}/Bavya{napuM;5;eka(as2;Nyaw;X;axAxiH)}/Bavya{puM;5;eka(BU1;yaw;X;BvAxiH)}/Bavya{napuM;5;eka(BU1;yaw;X;BvAxiH)}/Bavya{puM;5;eka(BU2;yaw;X;curAxiH)}/Bavya{napuM;5;eka(BU2;yaw;X;curAxiH)}	Bavya{puM;5;eka(as2;Nyaw;X;axAxiH)}	sup_samucciwaH,9.1	viSeRaNam,9.1#viSeRaNam,7.2#viSeRaNam,6.1#sup_samucciwaH,9.1#hewuH5,17.1#hewuH5,15.1#hewuH5,9.1#viSeRaNam,4.1#viSeRaNam,2.1	1	2	14	upaniRax	kaTopaniRax	-
12.1	ca	-	ca	ca{avya}	ca{avya}	sambanXaH,11.1	sup_samuccaya_xyowakaH,11.1#sambanXaH,11.1	1	2	14	upaniRax	kaTopaniRax	-
13.1	yaw	-	yaw	yaw{avya}/yax{sarvanAma;napuM;1;eka}/yax{sarvanAma;napuM;2;eka}	yaw{avya}yax{sarvanAma;napuM;1;eka}	karwA,15.1	viSeRaNam,16.1#viSeRaNam,14.1#niwya_sambanXaH1,16.1#niwya_sambanXaH1,14.1#muKyakarma,17.1#karma,15.1#karma,11.1#vAkyakarma_xyowakaH,17.1#vAkyakarma_xyowakaH,15.1#vAkyakarma_xyowakaH,9.1#vAkyakarma_xyowakaH,7.1	1	2	14	upaniRax	kaTopaniRax	-
14.1	waw	-	waw	wax{sarvanAma;napuM;1;eka}/wax{sarvanAma;napuM;2;eka}	wax{sarvanAma;napuM;1;eka}	viSeRaNam,13.1	viSeRaNam,16.1#viSeRaNam,13.1#muKyakarma,17.1#karma,15.1#viXeya_viSeRaNam,13.1#karma,11.1	1	2	14	upaniRax	kaTopaniRax	-
15.1	paSyasi	-	paSyasi	xqS1{karwari;lat;ma;eka;parasmEpaxI;BvAxiH}	xqS1{karwari;lat;ma;eka;parasmEpaxI;BvAxiH}	-	vAkyakarma,17.1	1	2	14	upaniRax	kaTopaniRax	-
16.1	waw	-	waw	wax{sarvanAma;napuM;1;eka}/wax{sarvanAma;napuM;2;eka}	wax{sarvanAma;napuM;2;eka}	karma,17.1,niwya_sambanXaH1,13.1	viSeRaNam,14.1#viSeRaNam,13.1#muKyakarma,17.1#karma,15.1#viXeya_viSeRaNam,14.1#viXeya_viSeRaNam,13.1#karma,11.1	1	2	14	upaniRax	kaTopaniRax	-
17.1	vaxa	-	vaxa	vax1{karwari;lot;ma;eka;parasmEpaxI;BvAxiH}/vaxa{puM;8;eka}/vaxa{napuM;8;eka}	vax1{karwari;lot;ma;eka;parasmEpaxI;BvAxiH}	-	vAkyakarma,15.1	1	2	14	upaniRax	kaTopaniRax	-
2.1	XarmAw	-	XarmAw	Xarma{puM;5;eka}	Xarma{puM;5;eka}	wulanA_binxuH,1.1	wulanA_binxuH,3.1#wulanA_binxuH,1.1#sup_samucciwaH,11.1#sup_samucciwaH,9.1#hewuH5,17.1#hewuH5,15.1#hewuH5,11.1#hewuH5,9.1	1	2	14	upaniRax	kaTopaniRax	-
3.1	anyawra	-	anyawra	anyawra{avya}	anyawra{avya}	xeSAXikaraNam,15.1	xeSAXikaraNam,17.1#xeSAXikaraNam,15.1#xeSAXikaraNam,11.1#xeSAXikaraNam,9.1	1	2	14	upaniRax	kaTopaniRax	-
4.1	aXarmAw	-	aXarmAw	aXarma{puM;5;eka}	aXarma{puM;5;eka}	wulanA_binxuH,3.1	wulanA_binxuH,5.1#wulanA_binxuH,3.1#sup_samucciwaH,11.1#sup_samucciwaH,9.1#hewuH5,17.1#hewuH5,15.1#hewuH5,11.1#hewuH5,9.1	1	2	14	upaniRax	kaTopaniRax	-
5.1	anyawra	-	anyawra	anyawra{avya}	anyawra{avya}	xeSAXikaraNam,15.1	xeSAXikaraNam,17.1#xeSAXikaraNam,15.1#xeSAXikaraNam,11.1#xeSAXikaraNam,9.1	1	2	14	upaniRax	kaTopaniRax	-
6.1	asmAw	-	asmAw	ixam{sarvanAma;puM;5;eka}/ixam{sarvanAma;napuM;5;eka}	ixam{sarvanAma;puM;5;eka}	viSeRaNam,7.2	wulanA_binxuH,8.1#wulanA_binxuH,5.1#viSeRaNam,11.1#viSeRaNam,9.1#viSeRaNam,7.2#sup_samucciwaH,11.1#sup_samucciwaH,9.1#hewuH5,17.1#hewuH5,15.1#hewuH5,11.1#hewuH5,9.1#viSeRaNam,4.1#viSeRaNam,2.1	1	2	14	upaniRax	kaTopaniRax	-
7.1	kqwa-	-	kqwa-akqwa	kqwa(kq1;kwa;X;BvAxiH)}/kqwa(kq2{kwa;X;svAxiH)}/kqwa(kq3{kwa;X;wanAxiH)	kqwa(kq1;kwa;X;BvAxiH)	karmaXArayaH,7.2	vAkyakarma,17.1#vAkyakarma,15.1#karmaXArayaH_1,7.2#bahuvrIhiH,7.2	1	2	14	upaniRax	kaTopaniRax	-
7.2	akqwAw	-	--	akqwa{puM;5;eka}/akqwa{napuM;5;eka}	akqwa{puM;5;eka}	wulanA_binxuH,5.1	wulanA_binxuH,8.1#wulanA_binxuH,5.1#viSeRaNam,11.1#viSeRaNam,9.1#sup_samucciwaH,11.1#sup_samucciwaH,9.1#hewuH5,17.1#hewuH5,15.1#hewuH5,11.1#hewuH5,9.1#viSeRaNam,4.1#viSeRaNam,2.1	1	2	14	upaniRax	kaTopaniRax	-
8.1	anyawra	-	anyawra	anyawra{avya}	anyawra{avya}	xeSAXikaraNam,15.1	xeSAXikaraNam,17.1#xeSAXikaraNam,15.1#xeSAXikaraNam,11.1#xeSAXikaraNam,9.1	1	2	14	upaniRax	kaTopaniRax	-
9.1	BUwAw	-	BUwAw	BUwa{napuM;5;eka}/BUwa{puM;5;eka(BU1;kwa;X;BvAxiH)}/BUwa{napuM;5;eka(BU1;kwa;X;BvAxiH)}	BUwa{napuM;5;eka}/BUwa{puM;5;eka(BU1;kwa;X;BvAxiH)}/BUwa{napuM;5;eka(BU1;kwa;X;BvAxiH)}	wulanA_binxuH,8.1	wulanA_binxuH,8.1#viSeRaNam,11.1#viSeRaNam,7.2#viSeRaNam,6.1#vAkyakarma,17.1#vAkyakarma,15.1#hewuH5,17.1#hewuH5,15.1#hewuH5,11.1#viSeRaNam,4.1#viSeRaNam,2.1#sup_samucciwaH,11.1	1	2	14	upaniRax	kaTopaniRax	-
1.1	sarve	-	sarve	sarva{sarvanAma;puM;1;bahu}/sarva{sarvanAma;napuM;1;xvi}/sarva{sarvanAma;napuM;2;xvi}/sarvA{sarvanAma;swrI;1;xvi}/sarvA{sarvanAma;swrI;2;xvi}	sarva{sarvanAma;puM;1;bahu}	viSeRaNam,2.1	viSeRaNam,16.1#sup_samucciwaH,7.1#karma,5.1#viSeRaNam,12.1#viSeRaNam,2.1#karwA,5.1	1	2	15	upaniRax	kaTopaniRax	-
10.1	vaxanwi	-	vaxanwi	vax1{karwari;lat;pra;bahu;parasmEpaxI;BvAxiH}/vaxaw{napuM;1;bahu(vax1;Sawq_lat;X;BvAxiH)}/vaxaw{napuM;2;bahu(vax1;Sawq_lat;X;BvAxiH)}/vaxaw{napuM;1;bahu(vax3;Sawq_lat;X;curAxiH)}/vaxaw{napuM;2;bahu(vax3;Sawq_lat;X;curAxiH)}	vax1{karwari;lat;pra;bahu;parasmEpaxI;BvAxiH}	-	viSeRaNam,14.1#viSeRaNam,7.1#viSeRaNam,6.1#sup_samucciwaH,7.1#karma,14.1#karma,12.1#karma,5.1#varwamAnasamAnakAlaH,14.1#varwamAnasamAnakAlaH,5.1#vAkyakarma,19.1#samucciwaH,5.1	1	2	15	upaniRax	kaTopaniRax	-
11.1	yaw	-	yaw	yaw{avya}/yax{sarvanAma;napuM;1;eka}/yax{sarvanAma;napuM;2;eka}	yaw{avya}yax{sarvanAma;napuM;2;eka}	viSeRaNam,13.2	viSeRaNam,22.1#viSeRaNam,17.1#viSeRaNam,15.1#viSeRaNam,13.2#viSeRaNam,9.1#viSeRaNam,4.1#viSeRaNam,3.1#niwya_sambanXaH1,22.1#niwya_sambanXaH1,15.1#muKyakarma,10.1#karma,14.1#karma,12.1#karma,5.1#vAkyakarma_xyowakaH,19.1#vAkyakarma_xyowakaH,14.1#vAkyakarma_xyowakaH,10.1#vAkyakarma_xyowakaH,5.1#sambanXaH,14.1	1	2	15	upaniRax	kaTopaniRax	-
12.1	icCanwaH	-	icCanwaH	icCaw{puM;1;bahu(iR2;Sawq_lat;X;wuxAxiH)}	icCaw{puM;1;bahu(iR2;Sawq_lat;X;wuxAxiH)}	varwamAnasamAnakAlaH,14.1	varwamAnasamAnakAlaH,14.1#varwamAnasamAnakAlaH,10.1#varwamAnasamAnakAlaH,5.1#vAkyakarma,19.1#vAkyakarma,10.1#sup_samucciwaH,7.1	1	2	15	upaniRax	kaTopaniRax	-
13.1	brahma-	-	brahma-carya	brahma}/brahman	brahma	wqwIyA_wawpuruRaH,13.2	wqwIyA_wawpuruRaH,13.2#bahuvrIhiH,13.2#RaRTI_wawpuruRaH,13.2	1	2	15	upaniRax	kaTopaniRax	-
13.2	caryam	-	--	carya{puM;2;eka(car1;yaw;X;BvAxiH)}/carya{napuM;1;eka(car1;yaw;X;BvAxiH)}/carya{napuM;2;eka(car1;yaw;X;BvAxiH)}	carya{puM;2;eka(car1;yaw;X;BvAxiH)}	karma,14.1	viSeRaNam,22.1#viSeRaNam,17.1#viSeRaNam,15.1#viSeRaNam,11.1#viSeRaNam,9.1#viSeRaNam,4.1#viSeRaNam,3.1#sup_samucciwaH,7.1#muKyakarma,19.1#muKyakarma,10.1#karma,14.1#karma,12.1#vAkyakarma,19.1#vAkyakarma,10.1#gONakarma,19.1#gONakarma,10.1	1	2	15	upaniRax	kaTopaniRax	-
14.1	caranwi	-	caranwi	car1{karwari;lat;pra;bahu;parasmEpaxI;BvAxiH}/caraw{napuM;1;bahu(car1;Sawq_lat;X;BvAxiH)}/caraw{napuM;2;bahu(car1;Sawq_lat;X;BvAxiH)}	car1{karwari;lat;pra;bahu;parasmEpaxI;BvAxiH}	-	viSeRaNam,10.1#viSeRaNam,7.1#viSeRaNam,6.1#sup_samucciwaH,7.1#muKyakarma,19.1#muKyakarma,10.1#karma,12.1#varwamAnasamAnakAlaH,10.1#varwamAnasamAnakAlaH,5.1#vAkyakarma,19.1#vAkyakarma,10.1#samucciwaH,5.1	1	2	15	upaniRax	kaTopaniRax	-
15.1	waw	-	waw	wax{sarvanAma;napuM;1;eka}/wax{sarvanAma;napuM;2;eka}	wax{sarvanAma;napuM;2;eka}	viSeRaNam,17.1	viSeRaNam,22.1#viSeRaNam,17.1#viSeRaNam,13.2#viSeRaNam,11.1#viSeRaNam,9.1#viSeRaNam,4.1#viSeRaNam,3.1#muKyakarma,19.1#muKyakarma,10.1#karma,14.1#karma,12.1	1	2	15	upaniRax	kaTopaniRax	-
16.1	we	-	we	wax{sarvanAma;puM;1;bahu}/wax{sarvanAma;napuM;1;xvi}/wax{sarvanAma;napuM;2;xvi}/wax{sarvanAma;swrI;1;xvi}/wax{sarvanAma;swrI;2;xvi}/yuRmax{sarvanAma;6;eka}/yuRmax{sarvanAma;4;eka}	yuRmax{sarvanAma;4;eka}	sampraxAnam,19.1	sampraxAnam,19.1#prayojanam1,14.1#prayojanam1,13.2#prayojanam1,12.1#prayojanam1,10.1#prayojanam1,5.1#RaRTIsambanXaH,18.1#RaRTIsambanXaH,17.1#RaRTIsambanXaH,7.1#RaRTIsambanXaH,6.1#RaRTIsambanXaH,4.1#RaRTIsambanXaH,2.1#viSeRaNam,1.1#muKyakarma,19.1#muKyakarma,10.1#karma,14.1#karma,12.1#gONakarma,19.1#gONakarma,10.1#viSeRaNam,12.1#viSeRaNam,2.1#karwA,14.1#karwA,10.1	1	2	15	upaniRax	kaTopaniRax	-
17.1	paxam	-	paxam	pax{puM;2;eka}/paxa{napuM;1;eka}/paxa{napuM;2;eka}	paxa{napuM;2;eka}	karma,19.1	sup_samucciwaH,7.1#muKyakarma,19.1#muKyakarma,10.1#karma,14.1#karma,12.1#gONakarma,19.1#gONakarma,10.1	1	2	15	upaniRax	kaTopaniRax	-
18.1	safgraheNa	-	safgraheNa	safgraha{puM;3;eka}	safgraha{puM;3;eka}	karaNam,19.1	kriyAviSeRaNam,19.1#kriyAviSeRaNam,14.1#kriyAviSeRaNam,13.2#kriyAviSeRaNam,12.1#kriyAviSeRaNam,10.1#kriyAviSeRaNam,5.1#karwA,13.2#karaNam,14.1#karaNam,13.2#karaNam,10.1#hewuH,19.1#hewuH,14.1#hewuH,13.2#hewuH,12.1#hewuH,10.1#hewuH,5.1	1	2	15	upaniRax	kaTopaniRax	-
19.1	bravImi	-	bravImi	brU1{karwari;lat;u;eka;parasmEpaxI;axAxiH}	brU1{karwari;lat;u;eka;parasmEpaxI;axAxiH}	-	vAkyakarma,10.1	1	2	15	upaniRax	kaTopaniRax	-
2.1	vexAH	-	vexAH	vexa{puM;1;bahu}/vexa{puM;8;bahu}	vexa{puM;1;bahu}	karwA,5.1	sup_samucciwaH,7.1#karwA,5.1	1	2	15	upaniRax	kaTopaniRax	-
20.1	om	-	om	om{avya}	om{avya}	sambanXaH,22.1	-	1	2	15	upaniRax	kaTopaniRax	-
21.1	iwi	-	iwi	iwi{avya}	iwi{avya}	vAkyakarma_xyowakaH,20.1	vAkyakarma_xyowakaH,19.1#vAkyakarma_xyowakaH,14.1#vAkyakarma_xyowakaH,13.2#vAkyakarma_xyowakaH,12.1#vAkyakarma_xyowakaH,10.1#vAkyakarma_xyowakaH,5.1	1	2	15	upaniRax	kaTopaniRax	-
22.1	ewaw	-	ewaw	ewax{sarvanAma;napuM;1;eka}/ewax{sarvanAma;napuM;2;eka}	ewax{sarvanAma;napuM;2;eka}	muKyakarma,19.1	viSeRaNam,17.1#viSeRaNam,15.1#viSeRaNam,13.2#viSeRaNam,11.1#viSeRaNam,9.1#viSeRaNam,4.1#viSeRaNam,3.1#sup_samucciwaH,7.1#muKyakarma,19.1	1	2	15	upaniRax	kaTopaniRax	-
3.1	yaw	-	yaw	yaw{avya}/yax{sarvanAma;napuM;1;eka}/yax{sarvanAma;napuM;2;eka}	yaw{avya}yax{sarvanAma;napuM;2;eka}	viSeRaNam,4.1	viSeRaNam,22.1#viSeRaNam,17.1#viSeRaNam,15.1#viSeRaNam,13.2#viSeRaNam,11.1#viSeRaNam,9.1#viSeRaNam,4.1#niwya_sambanXaH1,22.1#niwya_sambanXaH1,15.1#muKyakarma,10.1#karma,5.1#vAkyakarma_xyowakaH,19.1#vAkyakarma_xyowakaH,14.1#vAkyakarma_xyowakaH,10.1#vAkyakarma_xyowakaH,5.1#sambanXaH,14.1#sambanXaH,5.1	1	2	15	upaniRax	kaTopaniRax	-
4.1	paxam	-	paxam	pax{puM;2;eka}/paxa{napuM;1;eka}/paxa{napuM;2;eka}	pax{puM;2;eka}	karma,5.1	sup_samucciwaH,7.1#muKyakarma,10.1#karma,5.1#gONakarma,10.1	1	2	15	upaniRax	kaTopaniRax	-
5.1	Amananwi	-	Amananwi	Af_mnA1{karwari;lat;pra;bahu;parasmEpaxI;BvAxiH}	Af_mnA1{karwari;lat;pra;bahu;parasmEpaxI;BvAxiH}	-	vAkyakarma,19.1#vAkyakarma,10.1	1	2	15	upaniRax	kaTopaniRax	-
6.1	wapAMsi	-	wapAMsi	wapas{napuM;1;bahu}/wapas{napuM;2;bahu}/wapas{napuM;8;bahu}	wapas{napuM;1;bahu}	karwA,10.1	sup_samucciwaH,7.1#muKyakarma,10.1#karma,12.1#karma,5.1#karwA,10.1#karwA,5.1	1	2	15	upaniRax	kaTopaniRax	-
7.1	sarvANi	-	sarvANi	sarva{sarvanAma;napuM;1;bahu}/sarva{sarvanAma;napuM;2;bahu}/sarvANI{swrI;8;eka}	sarva{sarvanAma;napuM;1;bahu}	viSeRaNam,6.1	viSeRaNam,14.1#viSeRaNam,10.1#viSeRaNam,6.1#muKyakarma,10.1#karma,14.1#karma,12.1#karma,5.1#karwA,14.1#karwA,10.1#karwA,5.1	1	2	15	upaniRax	kaTopaniRax	-
8.1	ca	-	ca	ca{avya}	ca{avya}	sambanXaH,7.1	sup_samuccaya_xyowakaH,7.1#samuccaya_xyowakaH,5.1#sambanXaH,7.1	1	2	15	upaniRax	kaTopaniRax	-
9.1	yaw	-	yaw	yaw{avya}/yax{sarvanAma;napuM;1;eka}/yax{sarvanAma;napuM;2;eka}	yaw{avya}yax{sarvanAma;napuM;2;eka}	karma,10.1	viSeRaNam,22.1#viSeRaNam,17.1#viSeRaNam,15.1#viSeRaNam,13.2#viSeRaNam,11.1#viSeRaNam,4.1#viSeRaNam,3.1#niwya_sambanXaH1,22.1#niwya_sambanXaH1,15.1#muKyakarma,10.1#karma,14.1#karma,12.1#karma,5.1#vAkyakarma_xyowakaH,19.1#vAkyakarma_xyowakaH,14.1#vAkyakarma_xyowakaH,10.1#vAkyakarma_xyowakaH,5.1#sambanXaH,14.1	1	2	15	upaniRax	kaTopaniRax	-
1.1	ewaw	-	ewaw	ewax{sarvanAma;napuM;1;eka}/ewax{sarvanAma;napuM;2;eka}	ewax{sarvanAma;napuM;2;eka}	viSeRaNam,4.1	viSeRaNam,22.1#viSeRaNam,19.1#viSeRaNam,16.1#viSeRaNam,13.1#viSeRaNam,11.1#viSeRaNam,10.1#viSeRaNam,7.1#viSeRaNam,5.1#viSeRaNam,4.1#karma,17.1	1	2	16	upaniRax	kaTopaniRax	-
10.1	akRaram	-	akRaram	akRara{puM;2;eka}/akRara{napuM;1;eka}/akRara{napuM;2;eka}/kRar1{karwari;laf;u;eka;parasmEpaxI;BvAxiH}	akRara{puM;2;eka}/akRara{napuM;1;eka}/akRara{napuM;2;eka}	karwqsamAnAXikaraNam,12.1	karwqsamAnAXikaraNam,6.1#karma,17.1	1	2	16	upaniRax	kaTopaniRax	-
11.1	param	-	param	param{avya}/para{sarvanAma;puM;2;eka}/para{sarvanAma;napuM;1;eka}/para{sarvanAma;napuM;2;eka}	param{avya}para{sarvanAma;napuM;1;eka}	karwA,12.1	viSeRaNam,22.1#viSeRaNam,19.1#viSeRaNam,16.1#viSeRaNam,13.1#viSeRaNam,10.1#viSeRaNam,7.1#viSeRaNam,5.1#viSeRaNam,4.1#karma,17.1#wIvrawAxarSI,22.1#wIvrawAxarSI,21.1#wIvrawAxarSI,19.1#wIvrawAxarSI,18.1#wIvrawAxarSI,16.1#wIvrawAxarSI,13.1	1	2	16	upaniRax	kaTopaniRax	-
12.1	(aswi)	-	-	as2{karwari;lat;pra;eka;parasmEpaxI;axAxiH}	as2{karwari;lat;pra;eka;parasmEpaxI;axAxiH}	-	-	1	2	16	upaniRax	kaTopaniRax	-
13.1	ewaw	-	ewaw	ewax{sarvanAma;napuM;1;eka}/ewax{sarvanAma;napuM;2;eka}	ewax{sarvanAma;napuM;2;eka}	viSeRaNam,16.1	viSeRaNam,22.1#viSeRaNam,19.1#viSeRaNam,16.1#viSeRaNam,11.1#viSeRaNam,10.1#viSeRaNam,7.1#viSeRaNam,5.1#viSeRaNam,4.1#karma,20.1#karma,17.1	1	2	16	upaniRax	kaTopaniRax	-
14.1	hi	-	hi	hi{avya}	hi{avya}	sambanXaH,13.1	sambanXaH,20.1#sambanXaH,16.1#sambanXaH,10.1#sambanXaH,4.1	1	2	16	upaniRax	kaTopaniRax	-
15.1	eva	-	eva	eva{avya}	eva{avya}	sambanXaH,14.1	sambanXaH,14.1	1	2	16	upaniRax	kaTopaniRax	-
16.1	akRaram	-	akRaram	akRara{puM;2;eka}/akRara{napuM;1;eka}/akRara{napuM;2;eka}/kRar1{karwari;laf;u;eka;parasmEpaxI;BvAxiH}	akRara{napuM;2;eka}	karma,17.1	karma,20.1#karma,17.1	1	2	16	upaniRax	kaTopaniRax	-
17.1	jFAwvA	-	jFAwvA	jFA1{avya;kwvA;kryAxiH}	jFA1{avya;kwvA;kryAxiH}	pUrvakAlaH,20.1	pUrvakAlaH,20.1#pUrvakAlaH,16.1#pUrvakAlaH,10.1#pUrvakAlaH,4.1	1	2	16	upaniRax	kaTopaniRax	-
18.1	yaH	-	yaH	yax{sarvanAma;puM;1;eka}	yax{sarvanAma;puM;1;eka}	karwA,20.1	niwya_sambanXaH1,21.1#karwA,20.1	1	2	16	upaniRax	kaTopaniRax	-
19.1	yaw	-	yaw	yaw{avya}/yax{sarvanAma;napuM;1;eka}/yax{sarvanAma;napuM;2;eka}	yaw{avya}{sarvanAma;napuM;1;eka}	viXeya_viSeRaNam,18.1	viXeya_viSeRaNam,18.1#viSeRaNam,22.1#viSeRaNam,16.1#viSeRaNam,13.1#viSeRaNam,11.1#viSeRaNam,10.1#viSeRaNam,7.1#viSeRaNam,5.1#viSeRaNam,4.1#niwya_sambanXaH1,22.1#niwya_sambanXaH1,21.1#niwya_sambanXaH1,13.1#niwya_sambanXaH1,7.1#karma,20.1#karma,17.1#sambanXaH,20.1	1	2	16	upaniRax	kaTopaniRax	-
2.1	hi	-	hi	hi{avya}	hi{avya}	sambanXaH,1.1	sambanXaH,1.1	1	2	16	upaniRax	kaTopaniRax	-
20.1	icCawi	-	icCawi	iR2{karwari;lat;pra;eka;parasmEpaxI;wuxAxiH}	iR2{karwari;lat;pra;eka;parasmEpaxI;wuxAxiH}	-	-	1	2	16	upaniRax	kaTopaniRax	-
21.1	wasya	-	wasya	wax{sarvanAma;napuM;6;eka}/wax{sarvanAma;puM;6;eka}	wax{sarvanAma;napuM;6;eka}	RaRTIsambanXaH,22.1	RaRTIsambanXaH,16.1#RaRTIsambanXaH,11.1#RaRTIsambanXaH,10.1#RaRTIsambanXaH,5.1#RaRTIsambanXaH,4.1	1	2	16	upaniRax	kaTopaniRax	-
22.1	waw	-	waw	wax{sarvanAma;napuM;1;eka}/wax{sarvanAma;napuM;2;eka}	wax{sarvanAma;napuM;1;eka}	niwyasambanXaH,19.1	viSeRaNam,19.1#viSeRaNam,16.1#viSeRaNam,13.1#viSeRaNam,11.1#viSeRaNam,10.1#viSeRaNam,7.1#viSeRaNam,5.1#viSeRaNam,4.1#karma,20.1#karma,17.1	1	2	16	upaniRax	kaTopaniRax	-
3.1	eva	-	eva	eva{avya}	eva{avya}	sambanXaH,2.1	sambanXaH,2.1	1	2	16	upaniRax	kaTopaniRax	-
4.1	akRaram	-	akRaram	akRara{puM;2;eka}/akRara{napuM;1;eka}/akRara{napuM;2;eka}/kRar1{karwari;laf;u;eka;parasmEpaxI;BvAxiH}	akRara{puM;2;eka}/akRara{napuM;1;eka}/akRara{napuM;2;eka}	karwqsamAnAXikaraNam,6.1	karwqsamAnAXikaraNam,6.1#karma,17.1	1	2	16	upaniRax	kaTopaniRax	-
5.1	brahma	-	brahma	brahman{napuM;1;eka}/brahman{napuM;2;eka}/brahma{napuM;8;eka}	brahman{napuM;1;eka}	karwA,6.1	karwA,6.1#karma,17.1	1	2	16	upaniRax	kaTopaniRax	-
6.1	(aswi)	-	-	as2{karwari;lat;pra;eka;parasmEpaxI;axAxiH}	as2{karwari;lat;pra;eka;parasmEpaxI;axAxiH}	-	-	1	2	16	upaniRax	kaTopaniRax	-
7.1	ewaw	-	ewax	ewax{sarvanAma;napuM;1;eka}/ewax{sarvanAma;napuM;2;eka}	ewax{sarvanAma;napuM;2;eka}	viSeRaNam,10.1	viSeRaNam,22.1#viSeRaNam,19.1#viSeRaNam,16.1#viSeRaNam,13.1#viSeRaNam,11.1#viSeRaNam,10.1#viSeRaNam,5.1#viSeRaNam,4.1#karma,17.1	1	2	16	upaniRax	kaTopaniRax	-
8.1	hi	-	hi	hi{avya}	hi{avya}	sambanXaH,7.1	sambanXaH,20.1#sambanXaH,16.1#sambanXaH,10.1#sambanXaH,4.1	1	2	16	upaniRax	kaTopaniRax	-
9.1	eva	-	eva	eva{avya}	eva{avya}	sambanXaH,8.1	sambanXaH,8.1	1	2	16	upaniRax	kaTopaniRax	-
1.1	ewaw	-	ewaw	ewax{sarvanAma;napuM;1;eka}/ewax{sarvanAma;napuM;2;eka}	ewax{sarvanAma;napuM;1;eka}	viSeRaNam,2.1	viSeRaNam,9.1#viSeRaNam,8.1#viSeRaNam,6.1#viSeRaNam,5.1#viSeRaNam,4.1#viSeRaNam,3.1#viSeRaNam,2.1#karma,10.1	1	2	17	upaniRax	kaTopaniRax	-
10.1	jFAwvA	-	jFAwvA	jFA1{avya;kwvA;kryAxiH}	jFA1{avya;kwvA;kryAxiH}	pUrvakAlaH,12.1	pUrvakAlaH,12.1	1	2	17	upaniRax	kaTopaniRax	-
11.1	brahma-	-	brahma-loka	brahma}/brahman	brahma	RaRTI_wawpuruRaH,11.2	bahuvrIhiH,11.2#RaRTI_wawpuruRaH,11.2	1	2	17	upaniRax	kaTopaniRax	-
11.2	loke	-	--	loka{puM;7;eka}	loka{puM;7;eka}	aXikaraNam,12.1	aXikaraNam,12.1#aXikaraNam,10.1#aXikaraNam,9.1#aXikaraNam,5.1#aXikaraNam,2.1	1	2	17	upaniRax	kaTopaniRax	-
12.1	mahIyawe	-	mahIyawe	mahI{karwari;lat;pra;eka;AwmanepaxI;nAmaXAwu}/mahI{karwari{lat;pra;eka;AwmanepaxI;nAmaXawu}	mahI{karwari;lat;pra;eka;AwmanepaxI;nAmaXAwu}	-	-	1	2	17	upaniRax	kaTopaniRax	-
2.1	Alambanam	-	Alambanam	Alambana{napuM;1;eka(Af_lab1;lyut;X;BvAxiH)}/Alambana{napuM;2;eka(Af_lab1;lyut;X;BvAxiH)}	Alambana{napuM;1;eka(Af_lab1;lyut;X;BvAxiH)}	karwA,7.1	karma,10.1	1	2	17	upaniRax	kaTopaniRax	-
3.1	SreRTam	-	SreRTam	SreRTa{puM;2;eka}/SreRTa{napuM;1;eka}/SreRTa{napuM;2;eka}	SreRTa{napuM;1;eka}	viSeRaNam,2.1	viSeRaNam,9.1#viSeRaNam,8.1#viSeRaNam,6.1#viSeRaNam,5.1#viSeRaNam,4.1#viSeRaNam,2.1#viSeRaNam,1.1#karma,10.1	1	2	17	upaniRax	kaTopaniRax	-
4.1	ewaw	-	ewaw	ewax{sarvanAma;napuM;1;eka}/ewax{sarvanAma;napuM;2;eka}	ewax{sarvanAma;napuM;1;eka}	viSeRaNam,5.1	viSeRaNam,9.1#viSeRaNam,8.1#viSeRaNam,6.1#viSeRaNam,5.1#viSeRaNam,3.1#viSeRaNam,2.1#viSeRaNam,1.1#karma,10.1#karwA,12.1	1	2	17	upaniRax	kaTopaniRax	-
5.1	Alambanam	-	Alambanam	Alambana{napuM;1;eka(Af_lab1;lyut;X;BvAxiH)}/Alambana{napuM;2;eka(Af_lab1;lyut;X;BvAxiH)}	Alambana{napuM;1;eka(Af_lab1;lyut;X;BvAxiH)}	karwqsamAnAXikaraNam,7.1	karma,10.1#karwA,12.1	1	2	17	upaniRax	kaTopaniRax	-
6.1	param	-	param	param{avya}/para{sarvanAma;puM;2;eka}/para{sarvanAma;napuM;1;eka}/para{sarvanAma;napuM;2;eka}	param{avya}para{sarvanAma;napuM;1;eka}	viSeRaNam,5.1	viSeRaNam,9.1#viSeRaNam,8.1#viSeRaNam,5.1#viSeRaNam,4.1#viSeRaNam,3.1#viSeRaNam,2.1#viSeRaNam,1.1#karma,10.1#karwA,12.1#wIvrawAxarSI,11.2#wIvrawAxarSI,9.1#wIvrawAxarSI,8.1	1	2	17	upaniRax	kaTopaniRax	-
7.1	(aswi)	-	-	as2{karwari;lat;pra;eka;parasmEpaxI;axAxiH}	as2{karwari;lat;pra;eka;parasmEpaxI;axAxiH}	-	-	1	2	17	upaniRax	kaTopaniRax	-
8.1	ewaw	-	ewaw	ewax{sarvanAma;napuM;1;eka}/ewax{sarvanAma;napuM;2;eka}	ewax{sarvanAma;napuM;2;eka}	viSeRaNam,9.1	viSeRaNam,9.1#viSeRaNam,6.1#viSeRaNam,5.1#viSeRaNam,4.1#viSeRaNam,3.1#viSeRaNam,2.1#viSeRaNam,1.1#karma,10.1#karwA,12.1	1	2	17	upaniRax	kaTopaniRax	-
9.1	Alambanam	-	Alambanam	Alambana{napuM;1;eka(Af_lab1;lyut;X;BvAxiH)}/Alambana{napuM;2;eka(Af_lab1;lyut;X;BvAxiH)}	Alambana{napuM;2;eka(Af_lab1;lyut;X;BvAxiH)}	karma,10.1	karma,10.1#karwA,12.1	1	2	17	upaniRax	kaTopaniRax	-
1.1	na	-	na	na{avya}	na{avya}	prawiReXaH,2.1	prawiReXaH,18.1#prawiReXaH,10.1#prawiReXaH,3.1#prawiReXaH,2.1	1	2	18	upaniRax	kaTopaniRax	-
10.1	baBUva	-	baBUva	BU1{karwari;lit;pra;eka;parasmEpaxI;BvAxiH}/BU1{karwari;lit;ma;bahu;parasmEpaxI;BvAxiH}/BU1{karwari;lit;u;eka;parasmEpaxI;BvAxiH}	BU1{karwari;lit;pra;eka;parasmEpaxI;BvAxiH}	-	-	1	2	18	upaniRax	kaTopaniRax	-
11.1	kaSciw	-	kaSciw	kiFciw{sarvanAma;puM;1;eka}	kiFciw{sarvanAma;puM;1;eka}	karwA,10.1	viSeRaNam,16.1#viSeRaNam,14.1#viSeRaNam,13.1#viSeRaNam,12.1#viSeRaNam,5.1#karwA_be_verbs,10.1#karma,18.1	1	2	18	upaniRax	kaTopaniRax	-
12.1	ajaH	-	ajaH	aja{puM;1;eka}	aja{puM;1;eka}	viSeRaNam,15.1	karwA_be_verbs,10.1#karma,18.1	1	2	18	upaniRax	kaTopaniRax	-
13.1	niwyaH	-	niwyaH	niwya{puM;1;eka}	niwya{puM;1;eka}	viSeRaNam,15.1	karwA_be_verbs,10.1#karma,18.1	1	2	18	upaniRax	kaTopaniRax	-
14.1	SASvawaH	-	SASvawaH	SASvawa{puM;1;eka}	SASvawa{puM;1;eka}	viSeRaNam,15.1	viXeya_viSeRaNam,13.1#viXeya_viSeRaNam,12.1#viXeya_viSeRaNam,7.1#viXeya_viSeRaNam,5.1#viSeRaNam,16.1#viSeRaNam,15.1#viSeRaNam,11.1#karwA_be_verbs,10.1#karma,18.1	1	2	18	upaniRax	kaTopaniRax	-
15.1	ayam	-	ayam	ixam{sarvanAma;puM;1;eka}/aya{puM;2;eka}	ixam{sarvanAma;puM;1;eka}	karwA,18.1	viSeRaNam,16.1#viSeRaNam,14.1#viSeRaNam,13.1#viSeRaNam,12.1#viSeRaNam,11.1#viSeRaNam,5.1#karwA_be_verbs,10.1#karma,18.1	1	2	18	upaniRax	kaTopaniRax	-
16.1	purANaH	-	purANaH	purANa{puM;1;eka}	purANa{puM;1;eka}	viSeRaNam,15.1	viXeya_viSeRaNam,15.1#viXeya_viSeRaNam,14.1#viXeya_viSeRaNam,13.1#viXeya_viSeRaNam,12.1#viXeya_viSeRaNam,7.1#viXeya_viSeRaNam,5.1#viSeRaNam,11.1#karwA_be_verbs,10.1#karma,18.1	1	2	18	upaniRax	kaTopaniRax	-
17.1	na	-	na	na{avya}	na{avya}	prawiReXaH,18.1	prawiReXaH,18.1	1	2	18	upaniRax	kaTopaniRax	-
18.1	hanyawe	-	hanyawe	han1{karmaNi;lat;pra;eka;AwmanepaxI;axAxiH}	han1{karmaNi;lat;pra;eka;AwmanepaxI;axAxiH}	-	-	1	2	18	upaniRax	kaTopaniRax	-
19.1	hanyamAne	-	hanyamAne	hanyamAna{napuM;7;eka(han1;SAnac_lat;karmaNi;axAxiH)}/hanyamAna{napuM;7;eka(han1;SAnac_lat;karmaNi;axAxiH)}	hanyamAna{napuM;7;eka(han1;SAnac_lat;karmaNi;axAxiH)}	viSeRaNam,20.1	viSeRaNam,20.1#aXikaraNam,18.1#aXikaraNam,10.1#aXikaraNam,3.1#aXikaraNam,2.1#BAvalakRaNasapwamI_samAnakAlaH,18.1#BAvalakRaNasapwamI_samAnakAlaH,10.1#BAvalakRaNasapwamI_samAnakAlaH,3.1#BAvalakRaNasapwamI_samAnakAlaH,2.1	1	2	18	upaniRax	kaTopaniRax	-
2.1	jAyawe	-	jAyawe	jan2{karmaNi;lat;pra;eka;AwmanepaxI;xivAxiH}/jan2{karwari;lat;pra;eka;AwmanepaxI;xivAxiH}/jAyaw{puM;4;eka(jE1;Sawq_lat;X;BvAxiH)}/jAyaw{napuM;4;eka(jE1;Sawq_lat;X;BvAxiH)}	jan2{karmaNi;lat;pra;eka;AwmanepaxI;xivAxiH}	anyawaraH,3.1	prayojanam1,19.1#prayojanam1,18.1#prayojanam1,10.1#prayojanam1,3.1#anyawaraH,3.1#anyawaraH,18.1	1	2	18	upaniRax	kaTopaniRax	-
20.1	SarIre	-	SarIre	SarIra{napuM;1;xvi}/SarIra{napuM;2;xvi}/SarIra{napuM;8;xvi}/SarIra{napuM;7;eka}	SarIra{napuM;1;xvi}/SarIra{napuM;7;eka}	aXikaraNam,18.1	karma,19.1#aXikaraNam,19.1#aXikaraNam,18.1#aXikaraNam,10.1#aXikaraNam,3.1#aXikaraNam,2.1#BkarwA,19.1	1	2	18	upaniRax	kaTopaniRax	-
3.1	mriyawe	-	mriyawe	mq1{karmaNi;lat;pra;eka;AwmanepaxI;wuxAxiH}/mq1{karwari;lat;pra;eka;AwmanepaxI;wuxAxiH}	mq1{karmaNi;lat;pra;eka;AwmanepaxI;wuxAxiH}	-	anyawaraH,18.1	1	2	18	upaniRax	kaTopaniRax	-
4.1	vA	-	vA	vA{avya}	vA{avya}	sambanXaH,3.1	sambanXaH,3.1#anyawara_xyowakaH,18.1#anyawara_xyowakaH,3.1	1	2	18	upaniRax	kaTopaniRax	-
5.1	vipaSciw	-	vipaSciw	vipaSciw{puM;1;eka}/vipaSciw{napuM;1;eka}/vipaSciw{napuM;2;eka}/vipaSciw{puM;8;eka}/vipaSciw{napuM;8;eka}	vipaSciw{puM;1;eka}	karwA,3.1	karwA_be_verbs,10.1#karwA,3.1#karwA,2.1	1	2	18	upaniRax	kaTopaniRax	-
6.1	na	-	na	na{avya}	na{avya}	prawiReXaH,7.1	prawiReXaH,18.1#prawiReXaH,10.1	1	2	18	upaniRax	kaTopaniRax	-
7.1	ayam	-	ayam	ixam{sarvanAma;puM;1;eka}/aya{puM;2;eka}	ixam{sarvanAma;puM;1;eka}	karwA,8.1	viSeRaNam,16.1#viSeRaNam,14.1#viSeRaNam,13.1#viSeRaNam,12.1#viSeRaNam,11.1#viSeRaNam,5.1#karwA_be_verbs,10.1#karwA,3.1#karwA,2.1	1	2	18	upaniRax	kaTopaniRax	-
8.1	kuwaSciw	-	kuwaSciw	kuwaSciw{avya}	kuwaSciw{avya}	xeSAXikaraNam,10.1	-	1	2	18	upaniRax	kaTopaniRax	-
9.1	na	-	na	na{avya}	na{avya}	prawiReXaH,10.1	prawiReXaH,18.1#prawiReXaH,10.1	1	2	18	upaniRax	kaTopaniRax	-
1.1	hanwA	-	hanwA	han1{karwari;lut;pra;eka;parasmEpaxI;axAxiH}/han1{karmaNi;lut;pra;eka;AwmanepaxI;axAxiH}/hanwq{puM;1;eka(han1;wqc;X;axAxiH)}	hanwq{puM;1;eka(han1;wqc;X;axAxiH)}	karwA,3.1	viSeRaNam,14.1#viSeRaNam,5.1#karwA,7.1#karwA,3.1#karma,7.1#karma,5.1#karma,3.1	1	2	19	upaniRax	kaTopaniRax	-
10.1	wO	-	wO	wax{sarvanAma;puM;1;xvi}/wax{sarvanAma;puM;2;xvi}	wax{sarvanAma;puM;1;xvi}	karma,12.1	viSeRaNam,9.1#karma,15.1#karma,12.1#karma,8.1#karma,7.1#karma,5.1#karma,4.1#karma,3.1#karwA,12.1#karwA,5.1	1	2	19	upaniRax	kaTopaniRax	-
11.1	na	-	na	na{avya}	na{avya}	prawiReXaH,12.1	prawiReXaH,17.1#prawiReXaH,15.1#prawiReXaH,12.1	1	2	19	upaniRax	kaTopaniRax	-
12.1	vijAnIwaH	-	vijAnIwaH	vi_jFA1{karwari;lat;pra;xvi;parasmEpaxI;kryAxiH}/vi_jFA2{karwari{lat;pra;xvi;parasmEpaxI;kryAxiH}/vi_jFA1{karwari{lat;p;xvi;parasmEpaxI;kryAxiH}	vi_jFA1{karwari;lat;pra;xvi;parasmEpaxI;kryAxiH}	-	-	1	2	19	upaniRax	kaTopaniRax	-
13.1	na	-	na	na{avya}	na{avya}	prawiReXaH,15.1	prawiReXaH,17.1#prawiReXaH,15.1	1	2	19	upaniRax	kaTopaniRax	-
14.1	ayam	-	ayam	ixam{sarvanAma;puM;1;eka}/aya{puM;2;eka}	ixam{sarvanAma;puM;1;eka}	karwA,15.1	karmasamAnAXikaraNam,8.1#karma,15.1#karma,12.1#karma,8.1#karma,7.1#karma,4.1#viSeRaNam,5.1#viSeRaNam,1.1#karwA,15.1#karwA,7.1#karma,17.1	1	2	19	upaniRax	kaTopaniRax	-
15.1	hanwi	-	hanwi	han1{karwari;lat;pra;eka;parasmEpaxI;axAxiH}	han1{karwari;lat;pra;eka;parasmEpaxI;axAxiH}	-	-	1	2	19	upaniRax	kaTopaniRax	-
16.1	na	-	na	na{avya}	na{avya}	prawiReXaH,17.1	prawiReXaH,17.1	1	2	19	upaniRax	kaTopaniRax	-
17.1	hanyawe	-	hanyawe	han1{karmaNi;lat;pra;eka;AwmanepaxI;axAxiH}	han1{karmaNi;lat;pra;eka;AwmanepaxI;axAxiH}	-	-	1	2	19	upaniRax	kaTopaniRax	-
2.1	cew	-	cew	cew{avya}	cew{avya}	AvaSyakawA_xyowakaH,3.1	AvaSyakawA_xyowakaH,17.1#AvaSyakawA_xyowakaH,15.1#AvaSyakawA_xyowakaH,12.1#AvaSyakawA_xyowakaH,8.1#AvaSyakawA_xyowakaH,7.1#AvaSyakawA_xyowakaH,5.1#AvaSyakawA_xyowakaH,3.1	1	2	19	upaniRax	kaTopaniRax	-
3.1	manyawe	-	manyawe	man2{karmaNi;lat;pra;eka;AwmanepaxI;wanAxiH}/man1{karwari;lat;pra;eka;AwmanepaxI;xivAxiH}	man2{karmaNi;lat;pra;eka;AwmanepaxI;wanAxiH}	-	-	1	2	19	upaniRax	kaTopaniRax	-
4.1	hanwum	-	hanwum	han1{avya;wumun;axAxiH}	han1{avya;wumun;axAxiH}	wumun_karma,3.1	prayojanam1,17.1#prayojanam1,15.1#prayojanam1,12.1#prayojanam1,8.1#prayojanam1,7.1#prayojanam1,5.1#prayojanam1,3.1	1	2	19	upaniRax	kaTopaniRax	-
5.1	hawaH	-	hawaH	han{avya;wasil}/han1{karwari;lat;pra;xvi;parasmEpaxI;axAxiH}/hawa{puM;1;eka(han1;kwa;X;axAxiH)}	hawa{puM;1;eka(han1;kwa;X;axAxiH)}	karwA,7.1	viSeRaNam,14.1#karwA,7.1#karwA,3.1#karwA,1.1#karma,7.1#karma,3.1#karma,1.1#hewuH5,17.1#hewuH5,15.1#hewuH5,12.1#hewuH5,8.1#hewuH5,7.1#hewuH5,4.1#hewuH5,3.1	1	2	19	upaniRax	kaTopaniRax	-
6.1	cew	-	cew	cew{avya}	cew{avya}	AvaSyakawA_xyowakaH,7.1	AvaSyakawA_xyowakaH,17.1#AvaSyakawA_xyowakaH,15.1#AvaSyakawA_xyowakaH,12.1#AvaSyakawA_xyowakaH,8.1#AvaSyakawA_xyowakaH,7.1#AvaSyakawA_xyowakaH,5.1	1	2	19	upaniRax	kaTopaniRax	-
7.1	manyawe	-	manyawe	man2{karmaNi;lat;pra;eka;AwmanepaxI;wanAxiH}/man1{karwari;lat;pra;eka;AwmanepaxI;xivAxiH}	man1{karwari;lat;pra;eka;AwmanepaxI;xivAxiH}	-	-	1	2	19	upaniRax	kaTopaniRax	-
8.1	hawam	-	hawam	han1{karwari;lot;ma;xvi;parasmEpaxI;axAxiH}/hawa{puM;2;eka(han1;kwa;X;axAxiH)}/hawa{napuM;1;eka(han1;kwa;X;axAxiH)}/hawa{napuM;2;eka(han1;kwa;X;axAxiH)}	hawa{napuM;1;eka(han1;kwa;X;axAxiH)}	karma,7.1	karma,15.1#karma,12.1#karma,7.1#karma,5.1#karma,4.1#karma,3.1#karwA,15.1#karwA,7.1#karwA,3.1#viSeRaNam,14.1	1	2	19	upaniRax	kaTopaniRax	-
9.1	uBO	-	uBO	uBa{sarvanAma;puM;1;xvi}/uBa{sarvanAma;puM;2;xvi}	uBa{sarvanAma;puM;1;xvi}	viSeRaNam,10.1	viSeRaNam,10.1#karma,15.1#karma,12.1#karma,8.1#karma,7.1#karma,5.1#karma,4.1#karma,3.1#karwA,12.1#karwA,5.1	1	2	19	upaniRax	kaTopaniRax	-
1.1	aNoH	-	aNoH	aNu{puM;5;eka}/aNu{puM;6;eka}	aNu{puM;5;eka}	apekRA,2.1	RaRTIsambanXaH,16.1#RaRTIsambanXaH,15.1#RaRTIsambanXaH,14.2#RaRTIsambanXaH,13.2#RaRTIsambanXaH,11.2#RaRTIsambanXaH,9.1#RaRTIsambanXaH,7.1#RaRTIsambanXaH,5.1#RaRTIsambanXaH,4.1#RaRTIsambanXaH,3.1#RaRTIsambanXaH,2.1#BkarwA,12.1#hewuH5,12.1#hewuH5,8.1#hewuH5,6.1#hewuH5,3.1	1	2	20	upaniRax	kaTopaniRax	-
10.1	wam	-	wam	wax{sarvanAma;puM;2;eka}	wax{sarvanAma;puM;2;eka}	viSeRaNam,16.1	viSeRaNam,15.1#karma,12.1#karma,6.1#karma,3.1	1	2	20	upaniRax	kaTopaniRax	-
11.1	a-	-	a-krawu	a	a	naF_wawpuruRaH,11.2	naF_wawpuruRaH,11.2#naF_bahuvrIhiH,11.2	1	2	20	upaniRax	kaTopaniRax	-
11.2	krawuH	-	--	krawu{puM;1;eka}	krawu{puM;1;eka}	karwA,12.1	viSeRaNam,13.2#viSeRaNam,8.1#viSeRaNam,4.1#viSeRaNam,2.1#karwA,12.1#karma,8.1	1	2	20	upaniRax	kaTopaniRax	-
12.1	paSyawi	-	paSyawi	xqS1{karwari;lat;pra;eka;parasmEpaxI;BvAxiH}/paSyaw{puM;7;eka;xqS1;Sawq_lat;X;BvAxiH}/paSyaw{napuM;7;eka;xqS1;Sawq_lat;X;BvAxiH}	paSyaw{puM;7;eka;xqS1;Sawq_lat;X;BvAxiH}	-	BAvalakRaNasapwamI_samAnakAlaH,8.1#BAvalakRaNasapwamI_samAnakAlaH,6.1#BAvalakRaNasapwamI_samAnakAlaH,3.1	1	2	20	upaniRax	kaTopaniRax	-
13.1	vIwa-	-	vIwa-Soka	vIwa(vi_i1;kwa;X;axAxiH)}/vIwa(vye1{kwa;X;BvAxiH)	vIwa(vi_i1;kwa;X;axAxiH)	karmaXArayaH,13.2	karmaXArayaH_1,13.2	1	2	20	upaniRax	kaTopaniRax	-
13.2	SokaH	-	--	Soka{puM;1;eka}	Soka{puM;1;eka}	viSeRaNam,11.2	viSeRaNam,11.2#viSeRaNam,8.1#viSeRaNam,4.1#viSeRaNam,2.1#karwA,12.1#karma,8.1	1	2	20	upaniRax	kaTopaniRax	-
14.1	XAwuH	-	XAwu-prasAxa	XAwu{puM;1;eka}/XAwq{puM;5;eka}/XAwq{puM;6;eka}	XAwu{puM;6;eka}	RaRTIsambanXaH,15.1	viSeRaNam,17.1	1	2	20	upaniRax	kaTopaniRax	-
15.1	prasAxAw	-	--	prasAxa{puM;5;eka}/prasAxa{napuM;5;eka}	prasAxa{puM;5;eka}	hewuH,12.1	viSeRaNam,3.1#hewuH5,12.1#hewuH5,8.1#hewuH5,6.1#hewuH5,3.1#viSeRaNam,7.1#viSeRaNam,1.1	1	2	20	upaniRax	kaTopaniRax	-
16.1	mahimAnam	-	mahimAnam	mahiman{puM;2;eka}	mahiman{puM;2;eka}	karma,12.1	karma,12.1	1	2	20	upaniRax	kaTopaniRax	-
17.1	AwmanaH	-	AwmanaH	Awman{puM;2;bahu}/Awman{puM;5;eka}/Awman{puM;6;eka}	Awman{puM;6;eka}	RaRTIsambanXaH,16.1	viSeRaNam,7.1#viSeRaNam,3.1#viSeRaNam,1.1#RaRTIsambanXaH,15.1#RaRTIsambanXaH,14.2#RaRTIsambanXaH,13.2#RaRTIsambanXaH,11.2#RaRTIsambanXaH,9.1#RaRTIsambanXaH,7.1#RaRTIsambanXaH,5.1#RaRTIsambanXaH,4.1#RaRTIsambanXaH,3.1#RaRTIsambanXaH,2.1#viSeRaNam,14.2#hewuH5,12.1#hewuH5,8.1#hewuH5,6.1#hewuH5,3.1#karma,12.1	1	2	20	upaniRax	kaTopaniRax	-
2.1	aNIyAn	-	aNIyAn	aNIyas{puM;1;eka}	aNIyas{puM;1;eka}	viSeRaNam,5.1	karma,8.1	1	2	20	upaniRax	kaTopaniRax	-
3.1	mahawaH	-	mahawaH	maha{avya;wasil}/mah1{karwari;lat;pra;xvi;parasmEpaxI;BvAxiH}/mahaw{puM;2;bahu}/mahaw{puM;5;eka}/mahaw{puM;6;eka}/mahaw{napuM;5;eka}/mahaw{napuM;6;eka}	mahaw{puM;5;eka}	apekRA,4.1	viSeRaNam,6.1#RaRTIsambanXaH,16.1#RaRTIsambanXaH,15.1#RaRTIsambanXaH,14.2#RaRTIsambanXaH,13.2#RaRTIsambanXaH,11.2#RaRTIsambanXaH,9.1#RaRTIsambanXaH,7.1#RaRTIsambanXaH,5.1#RaRTIsambanXaH,4.1#RaRTIsambanXaH,2.1#BkarwA,12.1#viSeRaNam,14.2#hewuH5,12.1#hewuH5,8.1#hewuH5,6.1#viSeRaNam,16.1#viSeRaNam,7.1#karma,6.1#hewuH5,13.1	1	2	20	upaniRax	kaTopaniRax	-
4.1	mahIyAn	-	mahIyAn	mahIyas{puM;1;eka}	mahIyas{puM;1;eka}	viSeRaNam,5.1	karma,8.1	1	2	20	upaniRax	kaTopaniRax	-
5.1	AwmA	-	AwmA	Awman{puM;1;eka}	Awman{puM;1;eka}	karma,8.1	viSeRaNam,13.2#viSeRaNam,11.2#viSeRaNam,8.1#viSeRaNam,4.1#viSeRaNam,2.1#karwA,12.1#karma,8.1	1	2	20	upaniRax	kaTopaniRax	-
6.1	asya	-	asya	ixam{sarvanAma;puM;6;eka}/ixam{sarvanAma;napuM;6;eka}/as3{karwari;lot;ma;eka;parasmEpaxI;xivAxiH}	ixam{sarvanAma;puM;6;eka}	viSeRaNam,7.1	viSeRaNam,3.1#RaRTIsambanXaH,16.1#RaRTIsambanXaH,15.1#RaRTIsambanXaH,14.2#RaRTIsambanXaH,13.2#RaRTIsambanXaH,11.2#RaRTIsambanXaH,9.1#RaRTIsambanXaH,7.1#RaRTIsambanXaH,5.1#RaRTIsambanXaH,4.1#RaRTIsambanXaH,3.1#RaRTIsambanXaH,2.1#BkarwA,12.1#viSeRaNam,16.1#viSeRaNam,7.1	1	2	20	upaniRax	kaTopaniRax	-
7.1	janwoH	-	janwoH	janwu{puM;5;eka}/janwu{puM;6;eka}	janwu{puM;6;eka}	RaRTIsambanXaH,5.1	RaRTIsambanXaH,16.1#RaRTIsambanXaH,15.1#RaRTIsambanXaH,14.2#RaRTIsambanXaH,13.2#RaRTIsambanXaH,11.2#RaRTIsambanXaH,9.1#RaRTIsambanXaH,5.1#RaRTIsambanXaH,4.1#RaRTIsambanXaH,3.1#RaRTIsambanXaH,2.1#BkarwA,12.1#hewuH5,12.1#hewuH5,8.1#hewuH5,6.1#hewuH5,3.1	1	2	20	upaniRax	kaTopaniRax	-
8.1	nihiwaH	-	nihiwaH	nihiwa{puM;1;eka(ni_XA1;kwa;X;juhowyAxiH)}	nihiwa{puM;1;eka(ni_XA1;kwa;X;juhowyAxiH)}	-	viSeRaNam,13.2#viSeRaNam,11.2#viSeRaNam,5.1#viSeRaNam,4.1#viSeRaNam,2.1#karwA,12.1	1	2	20	upaniRax	kaTopaniRax	-
9.1	guhAyAm	-	guhAyAm	guhA{swrI;7;eka}	guhA{swrI;7;eka}	aXikaraNam,8.1	aXikaraNam,12.1#aXikaraNam,8.1#aXikaraNam,6.1#aXikaraNam,3.1#BkarwA,12.1	1	2	20	upaniRax	kaTopaniRax	-
1.1	AsInaH	-	AsInaH	AsIna{puM;1;eka(As1;kwa;axAxiH)}	AsIna{puM;1;eka(As1;kwa;axAxiH)}	karwA,3.1	viSeRaNam,4.1#karwA,5.1#karwA,3.1	1	2	21	upaniRax	kaTopaniRax	-
10.1	xevam	-	xevam	xeva{puM;2;eka}	xeva{puM;2;eka}	karma,12.1	karma,13.1#karma,12.1#karma,5.1#karma,3.1	1	2	21	upaniRax	kaTopaniRax	-
11.1	maxanyaH	-	maxanyaH	maxanya{puM;1;eka}	maxanya{puM;1;eka}	viSeRaNam,7.1	-	1	2	21	upaniRax	kaTopaniRax	-
12.1	jFAwum	-	jFAwum	jFA1{avya;wumun;kryAxiH}	jFA1{avya;wumun;kryAxiH}	wumunkarma,13.1	wumunkarma,13.1#prayojanam1,13.1#prayojanam1,9.2#prayojanam1,5.1#prayojanam1,4.1#prayojanam1,3.1	1	2	21	upaniRax	kaTopaniRax	-
13.1	arhawi	-	arhawi	arh2{karwari;lat;pra;eka;parasmEpaxI;curAxiH}/arh1{karwari;lat;pra;eka;parasmEpaxI;BvAxiH}	arh1{karwari;lat;pra;eka;parasmEpaxI;BvAxiH}	-	-	1	2	21	upaniRax	kaTopaniRax	-
2.1	xUram	-	xUram	xUra{puM;2;eka}/xUra{napuM;1;eka}/xUra{napuM;2;eka}/xUram{avya}	xUra{puM;2;eka}	kriyAviSeRaNam,3.1	xeSAXikaraNam,13.1#xeSAXikaraNam,12.1#xeSAXikaraNam,5.1#xeSAXikaraNam,3.1#xeSAXikaraNam_upa,13.1#xeSAXikaraNam_upa,12.1#xeSAXikaraNam_upa,9.2#xeSAXikaraNam_upa,5.1#xeSAXikaraNam_upa,4.1#xeSAXikaraNam_upa,3.1#xeSAXikaraNam,9.2#xeSAXikaraNam,4.1#karma,12.1#karwA,5.1#karwA,3.1#viSeRaNam,10.1#viSeRaNam,8.1	1	2	21	upaniRax	kaTopaniRax	-
3.1	vrajawi	-	vrajawi	vraj1{karwari;lat;pra;eka;parasmEpaxI;BvAxiH}	vraj1{karwari;lat;pra;eka;parasmEpaxI;BvAxiH}	-	-	1	2	21	upaniRax	kaTopaniRax	-
4.1	SayAnaH	-	SayAnaH	SayAna{puM;1;eka(SI1;san;SAnac;axAxiH)}	SayAna{puM;1;eka(SI1;san;SAnac;axAxiH)}	karwA,5.1	viSeRaNam,1.1#karwA,5.1#karwA,3.1#karwA,1.1#karma,1.1	1	2	21	upaniRax	kaTopaniRax	-
5.1	yAwi	-	yAwi	yA1{karwari;lat;pra;eka;parasmEpaxI;axAxiH}	yA1{karwari;lat;pra;eka;parasmEpaxI;axAxiH}	-	-	1	2	21	upaniRax	kaTopaniRax	-
6.1	sarvawaH	-	sarvawaH	sarvawaH{avya}	sarvawaH{avya}	kriyAviSeRaNam,5.1	xeSAXikaraNam_upa,13.1#xeSAXikaraNam_upa,12.1#xeSAXikaraNam_upa,9.2#kriyAviSeRaNam,13.1#kriyAviSeRaNam,12.1#kriyAviSeRaNam,5.1#kriyAviSeRaNam,3.1	1	2	21	upaniRax	kaTopaniRax	-
7.1	kaH	-	kaH	kim{sarvanAma;puM;1;eka}	kim{sarvanAma;puM;1;eka}	karwA,13.1	viSeRaNam,4.1#viSeRaNam,1.1#karwA,13.1#karwA,5.1#karwA,3.1#karma,1.1	1	2	21	upaniRax	kaTopaniRax	-
8.1	wam	-	wam	wax{sarvanAma;puM;2;eka}	wax{sarvanAma;puM;2;eka}	viSeRaNam,10.1	viSeRaNam,2.1#upa_apekRA,6.1#karma,13.1#karma,12.1#karma,5.1#karma,3.1	1	2	21	upaniRax	kaTopaniRax	-
9.1	maxa-	-	maxa-max2	maxa	maxa	xvanxaH,9.2	xvanxaH,9.2	1	2	21	upaniRax	kaTopaniRax	-
9.2	amaxam	-	--	amaxa{puM;2;eka}	amaxa{puM;2;eka}	viSeRaNam,10.1	-	1	2	21	upaniRax	kaTopaniRax	-
1.1	aSarIram	-	aSarIram	aSarIra{napuM;1;eka}/aSarIra{napuM;2;eka}	aSarIra{napuM;2;eka}	sup_samucciwaH,7.1	karmasamAnAXikaraNam,7.1#karmasamAnAXikaraNam,6.1#karmasamAnAXikaraNam,5.1#karmasamAnAXikaraNam,4.1#karma,8.1#karwA,4.1	1	2	22	upaniRax	kaTopaniRax	-
10.1	na	-	na	na{avya}	na{avya}	prawiReXaH,11.1	prawiReXaH,11.1	1	2	22	upaniRax	kaTopaniRax	-
11.1	Socawi	-	Socawi	Suc1{karwari;lat;pra;eka;parasmEpaxI;BvAxiH}/Socaw{puM;7;eka(Suc1;Sawq_lat;X;BvAxiH)}/Socaw{napuM;7;eka(Suc1;Sawq_lat;X;BvAxiH)}	Suc1{karwari;lat;pra;eka;parasmEpaxI;BvAxiH}	-	BAvalakRaNasapwamI_samAnakAlaH,4.1	1	2	22	upaniRax	kaTopaniRax	-
2.1	SarIreRu	-	SarIreRu	SarIra{napuM;7;bahu}	SarIra{napuM;7;bahu}	aXikaraNam,1.1	aXikaraNam,11.1#aXikaraNam,8.1#aXikaraNam,4.1#BkarwA,11.1	1	2	22	upaniRax	kaTopaniRax	-
3.1	anavasWeRu	-	anavasWeRu	anavasWa{napuM;7;bahu}/anavasWa{puM;7;bahu}	anavasWa{napuM;7;bahu}	aXikaraNam,4.1	aXikaraNam,11.1#aXikaraNam,8.1#aXikaraNam,4.1#BkarwA,11.1	1	2	22	upaniRax	kaTopaniRax	-
4.1	avasWiwam	-	avasWiwam	avasWiwa{puM;2;eka(ava_RWA1;kwa;X;BvAxiH)}/avasWiwa{napuM;1;eka(ava_RWA1;kwa;X;BvAxiH)}/avasWiwa{napuM;2;eka(ava_RWA1;kwa;X;BvAxiH)}	avasWiwa{puM;2;eka(ava_RWA1;kwa;X;BvAxiH)}	sup_samucciwaH,7.1	viSeRaNam,1.1#karmasamAnAXikaraNam,1.1#karma,11.1#karma,8.1#karwA,11.1#viSeRaNam,7.1#viSeRaNam,6.1#viSeRaNam,5.1	1	2	22	upaniRax	kaTopaniRax	-
5.1	mahAnwam	-	mahAnwam	mahaw{puM;2;eka}	mahaw{puM;2;eka}	viSeRaNam,7.1	wIvrawAxarSI,6.1#viSeRaNam,7.1#viSeRaNam,6.1#viSeRaNam,4.1#karmasamAnAXikaraNam,7.1#karmasamAnAXikaraNam,6.1#karmasamAnAXikaraNam,4.1#karmasamAnAXikaraNam,1.1#karma,11.1#karma,8.1	1	2	22	upaniRax	kaTopaniRax	-
6.1	viBum	-	viBum	viBu{puM;2;eka}	viBu{puM;2;eka}	viSeRaNam,7.1	karmasamAnAXikaraNam,7.1#karmasamAnAXikaraNam,5.1#karmasamAnAXikaraNam,4.1#karmasamAnAXikaraNam,1.1#karma,11.1#karma,8.1	1	2	22	upaniRax	kaTopaniRax	-
7.1	AwmAnam	-	AwmAnam	Awman{puM;2;eka}	Awman{puM;2;eka}	karma,8.1	viSeRaNam,6.1#viSeRaNam,5.1#viSeRaNam,4.1#karma,11.1#karma,8.1	1	2	22	upaniRax	kaTopaniRax	-
8.1	mawvA	-	mawvA	man1{avya;kwvA;xivAxiH}/man2{avya;kwvA;wanAxiH}	man1{avya;kwvA;xivAxiH}	pUrvakAlaH,11.1	pUrvakAlaH,11.1#pUrvakAlaH,4.1	1	2	22	upaniRax	kaTopaniRax	-
9.1	XIraH	-	XIraH	XIra{puM;1;eka}	XIra{puM;1;eka}	karwA,11.1	karwA,11.1	1	2	22	upaniRax	kaTopaniRax	-
1.1	na	-	na	na{avya}	na{avya}	prawiReXaH,2.1	prawiReXaH,20.1#prawiReXaH,15.1#prawiReXaH,14.1	1	2	23	upaniRax	kaTopaniRax	-
10.1	Sruwena	-	Sruwena	Sruwa{puM;3;eka(Sru1;kwa;X;BvAxiH)}/Sruwa{napuM;3;eka(Sru1;kwa;X;BvAxiH)}	Sruwa{puM;3;eka(Sru1;kwa;X;BvAxiH)}	sup_samucciwaH,4.1	viSeRaNam,15.1#viSeRaNam,4.1#karwA,16.1#karwA,5.1#karaNam,16.1#karaNam,5.1#hewuH,20.1#hewuH,16.1#hewuH,15.1#hewuH,14.1#hewuH,5.1	1	2	23	upaniRax	kaTopaniRax	-
11.1	yam	-	yam	yax{sarvanAma;puM;2;eka}	yax{sarvanAma;puM;2;eka}	karma,14.1	viSeRaNam,2.1#niwya_sambanXaH1,18.1#niwya_sambanXaH1,17.1#niwya_sambanXaH1,15.1#niwya_sambanXaH1,13.1#karma,15.1	1	2	23	upaniRax	kaTopaniRax	-
12.1	eva	-	eva	eva{avya}	eva{avya}	sambanXaH,11.1	sambanXaH,11.1	1	2	23	upaniRax	kaTopaniRax	-
13.1	eRaH	-	eRaH	ewax{sarvanAma;puM;1;eka}	ewax{sarvanAma;puM;1;eka}	karwA,14.1	viSeRaNam,19.1#viSeRaNam,18.1#viSeRaNam,16.1#viSeRaNam,5.1#viSeRaNam,3.1#karwA,20.1#karwA,14.1#karma,16.1	1	2	23	upaniRax	kaTopaniRax	-
14.1	vqNuwe	-	vqNuwe	vq1{karwari;lat;pra;eka;AwmanepaxI;svAxiH}	vq1{karwari;lat;pra;eka;AwmanepaxI;svAxiH}	-	-	1	2	23	upaniRax	kaTopaniRax	-
15.1	wena	-	wena	wax{sarvanAma;puM;3;eka}/wax{sarvanAma;napuM;3;eka}/wan1{karwari;lit;ma;bahu;parasmEpaxI;wanAxiH}	wax{sarvanAma;puM;3;eka}	karwA,16.1	viSeRaNam,10.1#viSeRaNam,9.1#viSeRaNam,4.1#karwA,16.1#karwA,10.1#karaNam,16.1#karaNam,10.1#karaNam,5.1#hewuH,20.1#hewuH,16.1#hewuH,14.1#hewuH,10.1#hewuH,5.1	1	2	23	upaniRax	kaTopaniRax	-
16.1	laByaH	-	laByaH	laBya{puM;1;eka(laB1;yaw;X;BvAxiH)}	laBya{puM;1;eka(laB1;yaw;X;BvAxiH)}	viSeRaNam,13.1	viSeRaNam,19.1#viSeRaNam,18.1#viSeRaNam,13.1#viSeRaNam,3.1#viSeRaNam,2.1#karwA,20.1#karwA,14.1	1	2	23	upaniRax	kaTopaniRax	-
17.1	wasya	-	wasya	wax{sarvanAma;napuM;6;eka}/wax{sarvanAma;puM;6;eka}	wax{sarvanAma;puM;6;eka}	RaRTIsambanXaH,19.1	RaRTIsambanXaH,21.1#RaRTIsambanXaH,19.1#RaRTIsambanXaH,9.1#RaRTIsambanXaH,7.1#RaRTIsambanXaH,4.1#RaRTIsambanXaH,3.1	1	2	23	upaniRax	kaTopaniRax	-
18.1	eRaH	-	eRaH	ewax{sarvanAma;puM;1;eka}	ewax{sarvanAma;puM;1;eka}	viSeRaNam,19.1	viSeRaNam,19.1#viSeRaNam,16.1#viSeRaNam,13.1#viSeRaNam,5.1#viSeRaNam,3.1#karwA,20.1#karwA,14.1#karma,16.1	1	2	23	upaniRax	kaTopaniRax	-
19.1	AwmA	-	AwmA	Awman{puM;1;eka}	Awman{puM;1;eka}	karwA,20.1	viSeRaNam,18.1#viSeRaNam,16.1#viSeRaNam,13.1#viSeRaNam,5.1#viSeRaNam,3.1#karwA,20.1#karwA,14.1#karma,16.1	1	2	23	upaniRax	kaTopaniRax	-
2.1	ayam	-	ayam	ixam{sarvanAma;puM;1;eka}/aya{puM;2;eka}	ixam{sarvanAma;puM;1;eka}	viSeRaNam,3.1	viSeRaNam,19.1#viSeRaNam,18.1#viSeRaNam,16.1#viSeRaNam,13.1#viSeRaNam,5.1#viSeRaNam,3.1#karma,5.1	1	2	23	upaniRax	kaTopaniRax	-
20.1	vivqNuwe	-	vivqNuwe	vi_vq1{karwari;lat;pra;eka;AwmanepaxI;svAxiH}	vi_vq1{karwari;lat;pra;eka;AwmanepaxI;svAxiH}	-	-	1	2	23	upaniRax	kaTopaniRax	-
21.1	wanUm	-	wanUm	wanU{swrI;2;eka}	wanU{swrI;2;eka}	karma,20.1	karma,20.1#karma,15.1	1	2	23	upaniRax	kaTopaniRax	-
22.1	svAm	-	svAm	svA{swrI;2;eka}/svA{sarvanAma;swrI;2;eka}	svA{swrI;2;eka}	viSeRaNam,21.1	viSeRaNam,21.1#karma,20.1#karma,15.1	1	2	23	upaniRax	kaTopaniRax	-
3.1	AwmA	-	AwmA	Awman{puM;1;eka}	Awman{puM;1;eka}	karma,5.1	viSeRaNam,19.1#viSeRaNam,18.1#viSeRaNam,16.1#viSeRaNam,13.1#viSeRaNam,5.1#karma,5.1	1	2	23	upaniRax	kaTopaniRax	-
4.1	pravacanena	-	pravacanena	pravacana{napuM;3;eka}	pravacana{napuM;3;eka}	karaNam,5.1	karwA,10.1#karwA,5.1#karaNam,16.1#karaNam,10.1#karaNam,5.1#hewuH,20.1#hewuH,16.1#hewuH,15.1#hewuH,14.1#hewuH,10.1#hewuH,5.1	1	2	23	upaniRax	kaTopaniRax	-
5.1	laByaH	-	laByaH	laBya{puM;1;eka(laB1;yaw;X;BvAxiH)}	laBya{puM;1;eka(laB1;yaw;X;BvAxiH)}	-	viSeRaNam,19.1#viSeRaNam,18.1#viSeRaNam,13.1#viSeRaNam,3.1#viSeRaNam,2.1	1	2	23	upaniRax	kaTopaniRax	-
6.1	na	-	na	na{avya}	na{avya}	prawiReXaH,7.1	prawiReXaH,20.1#prawiReXaH,15.1#prawiReXaH,14.1	1	2	23	upaniRax	kaTopaniRax	-
7.1	meXayA	-	meXayA	meXA{swrI;3;eka}	meXA{swrI;3;eka}	sup_samucciwaH,4.1	karwA,10.1#karwA,5.1#karaNam,16.1#karaNam,10.1#karaNam,5.1#hewuH,20.1#hewuH,15.1#hewuH,14.1	1	2	23	upaniRax	kaTopaniRax	-
8.1	na	-	na	na{avya}	na{avya}	prawiReXaH,10.1	prawiReXaH,20.1#prawiReXaH,15.1#prawiReXaH,14.1	1	2	23	upaniRax	kaTopaniRax	-
9.1	bahunA	-	bahunA	bahu{puM;3;eka}/bahu{napuM;3;eka}/bahu{swrI;3;eka}	bahu{puM;3;eka}	viSeRaNam,10.1	viSeRaNam,7.1#kriyAviSeRaNam,20.1#kriyAviSeRaNam,16.1#kriyAviSeRaNam,15.1#kriyAviSeRaNam,14.1#kriyAviSeRaNam,10.1#kriyAviSeRaNam,5.1#karwA,16.1#karwA,10.1#karwA,5.1#karaNam,16.1#karaNam,10.1#karaNam,5.1#hewuH,20.1#hewuH,16.1#hewuH,15.1#hewuH,14.1#hewuH,10.1#hewuH,5.1#wIvrawAxarSI,10.1#viSeRaNam,4.1	1	2	23	upaniRax	kaTopaniRax	-
1.1	na	-	na	na{avya}	na{avya}	prawiReXaH,2.1	prawiReXaH,2.1#prawiReXaH,14.1	1	2	24	upaniRax	kaTopaniRax	-
10.1	vA	-	vApi	vA{avya}	vA{avya}	sambanXaH,9.3	sambanXaH,9.3	1	2	24	upaniRax	kaTopaniRax	-
11.1	api	-	-	api{avya}	api{avya}	sambanXaH,9.3	sambanXaH,9.3	1	2	24	upaniRax	kaTopaniRax	-
12.1	prajFAnena	-	prajFAnena	prajFAna{napuM;3;eka}	prajFAna{napuM;3;eka}	karaNam,14.1	karwA,7.2#karaNam,14.1#hewuH,7.2	1	2	24	upaniRax	kaTopaniRax	-
13.1	enam	-	enam	ixam{sarvanAma;puM;2;eka}	ixam{sarvanAma;puM;2;eka}	karma,14.1	karma,14.1	1	2	24	upaniRax	kaTopaniRax	-
14.1	ApnuyAw	-	ApnuyAw	Ap1{karwari;viXilif;pra;eka;parasmEpaxI;svAxiH}	Ap1{karwari;viXilif;pra;eka;parasmEpaxI;svAxiH}	-	-	1	2	24	upaniRax	kaTopaniRax	-
2.1	avirawaH	-	avirawaH	avirawa{puM;1;eka}	avirawa{puM;1;eka}	viSeRaNam,9.3	-	1	2	24	upaniRax	kaTopaniRax	-
3.1	xuScariwAw	-	xuScariwAw	xuScariwa{puM;5;eka}/xuScariwa{napuM;5;eka}	xuScariwa{puM;5;eka}	apAxAnam,2.1	hewuH5,14.1#hewuH5,7.2	1	2	24	upaniRax	kaTopaniRax	-
4.1	na	-	na	na{avya}	na{avya}	prawiReXaH,5.2	prawiReXaH,14.1	1	2	24	upaniRax	kaTopaniRax	-
5.1	a-	-	a-SAnwa	a	a	naF_wawpuruRaH,5.2	naF_wawpuruRaH,5.2#naF_bahuvrIhiH,5.2	1	2	24	upaniRax	kaTopaniRax	-
5.2	SAnwaH	-	--	SAnwa{puM;1;eka}	SAnwa{puM;1;eka}	viSeRaNam,9.3	viSeRaNam,9.3#viSeRaNam,7.2#viSeRaNam,2.1	1	2	24	upaniRax	kaTopaniRax	-
6.1	na	-	na	na{avya}	na{avya}	prawiReXaH,7.2	prawiReXaH,14.1	1	2	24	upaniRax	kaTopaniRax	-
7.1	a-	-	a-samAhiwa	a	a	naF_wawpuruRaH,7.2	naF_wawpuruRaH,7.2#naF_bahuvrIhiH,7.2	1	2	24	upaniRax	kaTopaniRax	-
7.2	samAhiwaH	-	--	samAhiwa{puM;1;eka(sam_Af_XA1;kwa;X;juhowyAxiH)}	samAhiwa{puM;1;eka(sam_Af_XA1;kwa;X;juhowyAxiH)}	viSeRaNam,9.3	viSeRaNam,9.3#viSeRaNam,5.2#viSeRaNam,2.1#karwA,14.1	1	2	24	upaniRax	kaTopaniRax	-
8.1	na	-	na	na{avya}	na{avya}	prawiReXaH,9.3	prawiReXaH,9.3#prawiReXaH,14.1	1	2	24	upaniRax	kaTopaniRax	-
9.1	a-	-	a-SAnwa-mAnasa	a	a	naF_wawpuruRaH,9.3	naF_wawpuruRaH,9.3#naF_bahuvrIhiH,9.3	1	2	24	upaniRax	kaTopaniRax	-
9.2	SAnwa-	-	--	SAnwa	SAnwa	bahuvrIhiH,9.3	bahuvrIhiH,9.3#RaRTI_wawpuruRaH,9.3	1	2	24	upaniRax	kaTopaniRax	-
9.3	mAnasaH	-	--	mAnasa{puM;1;eka}	mAnasa{puM;1;eka}	karwA,14.1	viSeRaNam,7.2#viSeRaNam,5.2#viSeRaNam,2.1#karwA,14.1	1	2	24	upaniRax	kaTopaniRax	-
1.1	yasya	-	yasya	yax{sarvanAma;puM;6;eka}/yax{sarvanAma;napuM;6;eka}/yas1{karwari;lot;ma;eka;parasmEpaxI;xivAxiH}	yax{sarvanAma;puM;6;eka}	RaRTIsambanXaH,8.1	viSeRaNam,10.1#RaRTIsambanXaH,15.1#RaRTIsambanXaH,12.1#RaRTIsambanXaH,9.1#RaRTIsambanXaH,8.1#RaRTIsambanXaH,4.1#RaRTIsambanXaH,2.1#viSeRaNam,7.1#niwya_sambanXaH1,17.1	1	2	25	upaniRax	kaTopaniRax	-
10.1	yasya	-	yasya	yax{sarvanAma;puM;6;eka}/yax{sarvanAma;napuM;6;eka}/yas1{karwari;lot;ma;eka;parasmEpaxI;xivAxiH}	yax{sarvanAma;puM;6;eka}	RaRTIsambanXaH,12.1	RaRTIsambanXaH,12.1#samucciwaH,1.1#viSeRaNam,1.1#RaRTIsambanXaH,15.1#RaRTIsambanXaH,12.1#RaRTIsambanXaH,9.1#RaRTIsambanXaH,8.1#RaRTIsambanXaH,4.1#RaRTIsambanXaH,2.1#viSeRaNam,7.1#niwya_sambanXaH1,17.1	1	2	25	upaniRax	kaTopaniRax	-
11.1	(aswi)	-	-	as2{karwari;lat;pra;eka;parasmEpaxI;axAxiH}	as2{karwari;lat;pra;eka;parasmEpaxI;axAxiH}	-	-	1	2	25	upaniRax	kaTopaniRax	-
12.1	upasecanam	-	upasecanam	upasecana{napuM;1;eka}/upasecana{napuM;2;eka}	upasecana{napuM;1;eka}	viXeya_viSeRaNam,9.1	viXeya_viSeRaNam,9.1#sup_samucciwaH,4.1#sup_samucciwaH,2.1#karmasamAnAXikaraNam,4.1#karmasamAnAXikaraNam,2.1#karma,15.1#karwA,15.1	1	2	25	upaniRax	kaTopaniRax	-
13.1	kaH	-	kaH	kim{sarvanAma;puM;1;eka}	kim{sarvanAma;puM;1;eka}	karwA,15.1	viSeRaNam,17.1#viSeRaNam,9.1#viSeRaNam,8.1#karwA,15.1	1	2	25	upaniRax	kaTopaniRax	-
14.1	iwWA	-	iwWA	iwWA{avya}	iwWA{avya}	sambanXaH,15.1	sambanXaH,15.1	1	2	25	upaniRax	kaTopaniRax	-
15.1	vexa	-	vexa	vix1{karwari;lat;pra;eka;parasmEpaxI;axAxiH}/vix1{karwari;lat;u;eka;parasmEpaxI;axAxiH}/vexa{puM;8;eka}	vix1{karwari;lat;pra;eka;parasmEpaxI;axAxiH}	-	-	1	2	25	upaniRax	kaTopaniRax	-
16.1	yawra	-	yawra	yawra{avya}	yawra{avya}	xeSAXikaraNam,18.1	xeSAXikaraNam,15.1#xeSAXikaraNam,10.1#xeSAXikaraNam,7.1	1	2	25	upaniRax	kaTopaniRax	-
17.1	saH	-	saH	wax{sarvanAma;puM;1;eka}	wax{sarvanAma;puM;1;eka}	karwA,18.1	viSeRaNam,9.1#viSeRaNam,8.1#karwA,15.1	1	2	25	upaniRax	kaTopaniRax	-
18.1	(aswi)	-	.	as2{karwari;lat;pra;eka;parasmEpaxI;axAxiH}	as2{karwari;lat;pra;eka;parasmEpaxI;axAxiH}	-	-	1	2	25	upaniRax	kaTopaniRax	-
2.1	brahma	-	brahma	brahman{napuM;1;eka}/brahman{napuM;2;eka}/brahma{napuM;8;eka}	brahman{napuM;1;eka}	sup_samucciwaH,6.1	sup_samucciwaH,4.1#karmasamAnAXikaraNam,12.1#karmasamAnAXikaraNam,4.1#karwA,7.1	1	2	25	upaniRax	kaTopaniRax	-
3.1	ca	-	ca	ca{avya}	ca{avya}	sambanXaH,2.1	sup_samuccaya_xyowakaH,2.1#samuccaya_xyowakaH,1.1#sambanXaH,2.1	1	2	25	upaniRax	kaTopaniRax	-
4.1	kRawram	-	kRawram	kRawra{napuM;1;eka}/kRawra{napuM;2;eka}	kRawra{napuM;1;eka}	sup_samucciwaH,6.1	sup_samucciwaH,2.1#karmasamAnAXikaraNam,12.1#karmasamAnAXikaraNam,2.1#karwA,7.1	1	2	25	upaniRax	kaTopaniRax	-
5.1	ca	-	ca	ca{avya}	ca{avya}	sambanXaH,4.1	sup_samuccaya_xyowakaH,4.1#samuccaya_xyowakaH,1.1#sambanXaH,4.1	1	2	25	upaniRax	kaTopaniRax	-
6.1	uBe	-	uBe	uBa{sarvanAma;napuM;1;xvi}/uBa{sarvanAma;napuM;2;xvi}/uBA{sarvanAma;swrI;1;xvi}/uBA{sarvanAma;swrI;2;xvi}	uBa{sarvanAma;napuM;1;xvi}	karwA,7.1	sup_samucciwaH,4.1#sup_samucciwaH,2.1#karwA_be_verbs,7.1	1	2	25	upaniRax	kaTopaniRax	-
7.1	BavawaH	-	BavawaH	Bava{avya;wasil}/BU1{karwari;lat;pra;xvi;parasmEpaxI;BvAxiH}/Bavaw{sarvanAma;puM;2;bahu}/Bavaw{sarvanAma;puM;5;eka}/Bavaw{sarvanAma;puM;6;eka}/Bavaw{puM;2;bahu}/Bavaw{puM;5;eka}/Bavaw{puM;6;eka}	Bava{avya;wasil}BU1{karwari;lat;pra;xvi;parasmEpaxI;BvAxiH}	-	viSeRaNam,10.1#RaRTIsambanXaH,15.1#RaRTIsambanXaH,12.1#RaRTIsambanXaH,9.1#RaRTIsambanXaH,8.1#RaRTIsambanXaH,4.1#RaRTIsambanXaH,2.1#hewuH5,15.1#hewuH5,10.1#apAxAnam,15.1#sup_samucciwaH,4.1#sup_samucciwaH,2.1#karma,15.1	1	2	25	upaniRax	kaTopaniRax	-
8.1	oxanaH	-	oxanaH	oxana{puM;1;eka}	oxana{puM;1;eka}	karwqsamAnAXikaraNam,6.1	sup_samucciwaH,4.1#sup_samucciwaH,2.1#karwA,15.1	1	2	25	upaniRax	kaTopaniRax	-
9.1	mqwyuH	-	mqwyuH	mqwyu{puM;1;eka}	mqwyu{puM;1;eka}	karwA,11.1	viSeRaNam,17.1#viSeRaNam,13.1#viSeRaNam,8.1#sup_samucciwaH,4.1#sup_samucciwaH,2.1#karwA,15.1	1	2	25	upaniRax	kaTopaniRax	-
1.1	qwam	12.1	qwam	qwa{napuM;1;eka}/qwa{napuM;2;eka}/qwa{puM;2;eka(q1;kwa;X;BvAxiH)}/qwa{napuM;1;eka(q1;kwa;X;BvAxiH)}/qwa{napuM;2;eka(q1;kwa;X;BvAxiH)}/qwa{puM;2;eka(q2;kwa;X;juhowyAxiH)}/qwa{napuM;1;eka(q2;kwa;X;juhowyAxiH)}/qwa{napuM;2;eka(q2;kwa;X;juhowyAxiH)}/qwa{puM;2;eka(qN1;kwa;X;wanAxiH)}/qwa{napuM;1;eka(qN1;kwa;X;wanAxiH)}/qwa{napuM;2;eka(qN1;kwa;X;wanAxiH)}	qwa{napuM;2;eka}	karma,2.1	karma,2.1#gawikarma,6.1	1	3	01	upaniRax	kaTopaniRax	-
10.1	(swaH)	15.1	-	as2{karwari;lat;pra;xvi;parasmEpaxI;axAxiH}	as2{karwari;lat;pra;xvi;parasmEpaxI;axAxiH}	-	-	1	3	01	upaniRax	kaTopaniRax	-
11.1	brahmavixaH	1.1	brahmavixaH	brahmavix{puM;1;bahu}/brahmavix{puM;2;bahu}/brahmavix{puM;5;eka}/brahmavix{puM;6;eka}/brahmavix{puM;8;bahu}	brahmavix{puM;2;bahu}	karwA,12.1	RaRTIsambanXaH,13.1#RaRTIsambanXaH,9.2#RaRTIsambanXaH,8.1#RaRTIsambanXaH,7.1#RaRTIsambanXaH,5.1#RaRTIsambanXaH,4.1#RaRTIsambanXaH,3.1#hewuH5,12.1#hewuH5,6.1#hewuH5,2.1#muKyakarma,12.1#gawikarma,6.1#gONakarma,12.1#karwA,12.1	1	3	01	upaniRax	kaTopaniRax	-
12.1	vaxanwi	16.1	vaxanwi	vax1{karwari;lat;pra;bahu;parasmEpaxI;BvAxiH}/vaxaw{napuM;1;bahu(vax1;Sawq_lat;X;BvAxiH)}/vaxaw{napuM;2;bahu(vax1;Sawq_lat;X;BvAxiH)}/vaxaw{napuM;1;bahu(vax3;Sawq_lat;X;curAxiH)}/vaxaw{napuM;2;bahu(vax3;Sawq_lat;X;curAxiH)}	vax1{karwari;lat;pra;bahu;parasmEpaxI;BvAxiH}	-	gawikarma,6.1	1	3	01	upaniRax	kaTopaniRax	-
13.1	paFcAgnayaH	2.1	paFcAgnayaH	paFcAgni{puM;1;bahu}/paFcAgni{swrI;1;bahu}/paFcAgni{puM;8;bahu}/paFcAgni{swrI;8;bahu}	paFcAgni{puM;1;bahu}	aBexaH,9.2	sup_samucciwaH,9.2	1	3	01	upaniRax	kaTopaniRax	-
14.1	ye	4.1	ye	yax{sarvanAma;puM;1;bahu}/yax{sarvanAma;napuM;1;xvi}/yax{sarvanAma;napuM;2;xvi}/yax{sarvanAma;swrI;1;xvi}/yax{sarvanAma;swrI;2;xvi}	yax{sarvanAma;puM;1;bahu}	viSeRaNam,16.1	viSeRaNam,16.1#muKyakarma,12.1#gawikarma,6.1#gONakarma,12.1#karwA,12.1#viSeRaNam,13.1#viSeRaNam,11.1	1	3	01	upaniRax	kaTopaniRax	-
15.1	ca	3.1	ca	ca{avya}	ca{avya}	sambanXaH,14.1	sambanXaH,14.1	1	3	01	upaniRax	kaTopaniRax	-
16.1	wriNAcikewAH	5.1	wriNAcikewAH	wriNAcikewAH{puM;1;bahu}	wriNAcikewAH{puM;1;bahu}	aBexaH,9.2	sup_samucciwaH,9.2	1	3	01	upaniRax	kaTopaniRax	-
2.1	pibanwO	13.1	pibanwO	pibaw{puM;1;xvi(pA1;Sawq_lat;X;BvAxiH)}/pibaw{puM;2;xvi(pA1;Sawq_lat;X;BvAxiH)}	pibaw{puM;2;xvi(pA1;Sawq_lat;X;BvAxiH)}	viXeya_viSeRaNam,9.2	viSeRaNam,9.2#viSeRaNam,6.1#gawikarma,6.1#varwamAnasamAnakAlaH,6.1#gawikarwA,6.1	1	3	01	upaniRax	kaTopaniRax	-
3.1	sukqwasya	11.1	sukqwasya	sukqwa{napuM;6;eka}	sukqwa{napuM;6;eka}	RaRTIsambanXaH,4.1	RaRTIsambanXaH,13.1#RaRTIsambanXaH,11.1#RaRTIsambanXaH,9.2#RaRTIsambanXaH,8.1#RaRTIsambanXaH,7.1#RaRTIsambanXaH,5.1#RaRTIsambanXaH,4.1	1	3	01	upaniRax	kaTopaniRax	-
4.1	loke	6.1	loke	loka{puM;7;eka}	loka{puM;7;eka}	aXikaraNam,2.1	aXikaraNam,12.1#aXikaraNam,6.1#aXikaraNam,2.1	1	3	01	upaniRax	kaTopaniRax	-
5.1	guhAm	9.1	guhAm	guhA{swrI;2;eka}	guhA{swrI;2;eka}	gawikarma,6.1	muKyakarma,12.1#karma,2.1#gawikarma,6.1#gONakarma,12.1	1	3	01	upaniRax	kaTopaniRax	-
6.1	praviRtO	10.1	praviRtO	praviRta{puM;1;xvi(pra_viS1;kwa;X;wuxAxiH)}/praviRta{puM;2;xvi(pra_viS1;kwa;X;wuxAxiH)}	praviRta{puM;2;xvi(pra_viS1;kwa;X;wuxAxiH)}	viXeya_viSeRaNam,9.2	viSeRaNam,9.2#viSeRaNam,2.1#muKyakarma,12.1#karma,2.1#gONakarma,12.1	1	3	01	upaniRax	kaTopaniRax	-
7.1	parame	7.1	parame	paramA{swrI;8;eka}/parama{puM;7;eka}/parama{napuM;7;eka}	parama{puM;7;eka}	viSeRaNam,8.1	viSeRaNam,8.1#aXikaraNam,12.1#aXikaraNam,6.1#aXikaraNam,2.1#viSeRaNam,4.1	1	3	01	upaniRax	kaTopaniRax	-
8.1	parArXe	8.1	parArXe	parArXa{puM;7;eka}/parArXa{napuM;7;eka}	parArXa{puM;7;eka}	aXikaraNam,6.1	aXikaraNam,12.1#aXikaraNam,6.1#aXikaraNam,2.1	1	3	01	upaniRax	kaTopaniRax	-
9.1	CAyA-	14.1	CAyA-Awapa	CAyA	CAyA	xvanxvaH,9.2	xvanxvaH,9.2#bahuvrIhiH,9.2#RaRTI_wawpuruRaH,9.2	1	3	01	upaniRax	kaTopaniRax	-
9.2	AwapO	14.2	--	Awapa{puM;1;xvi}/Awapa{puM;2;xvi}/Awapa{puM;8;xvi}	Awapa{puM;2;xvi}	karwA,10.1	samboXyaH,12.1#viSeRaNam,6.1#viSeRaNam,2.1#muKyakarma,12.1#karma,2.1#gawikarma,6.1#gONakarma,12.1#gawikarwA,6.1	1	3	01	upaniRax	kaTopaniRax	-
1.1	yaH	3.1	yaH	yax{sarvanAma;puM;1;eka}	yax{sarvanAma;puM;1;eka}	viSeRaNam,2.1	viSeRaNam,2.1	1	3	02	upaniRax	kaTopaniRax	-
10.1	wiwIrRawAm	8.1	wiwIrRawAm	wiwIrRaw{puM;6;bahu}	wiwIrRaw{puM;6;bahu}	RaRTIsambanXaH,11.1	RaRTIsambanXaH,11.1	1	3	02	upaniRax	kaTopaniRax	-
11.1	pAram	7.1	pAram	pAra{napuM;1;eka}/pAra{napuM;2;eka}	pAra{napuM;2;eka}	viSeRaNam,12.1	karmasamAnAXikaraNam,12.1	1	3	02	upaniRax	kaTopaniRax	-
12.1	nAcikewam	5.1	nAcikewam	nAcikewa{puM;2;eka}	nAcikewa{puM;2;eka}	karma,13.1	karma,13.1	1	3	02	upaniRax	kaTopaniRax	-
13.1	Sakemahi	13.1	Sake	Sak1{karwari;lif;uwwama;bahu;AwmanepaxI;BvAxiH}	Sak1{karwari;lif;uwwama;bahu;AwmanepaxI;BvAxiH}	-	aXikaraNam,5.1#aXikaraNam,2.1	1	3	02	upaniRax	kaTopaniRax	-
2.1	sewuH	4.1	sewuH	sewu{puM;1;eka}/sewq{puM;5;eka(Ri1;wqc;X;svAxiH)}/sewq{puM;6;eka(Ri1;wqc;X;svAxiH)}/sewq{napuM;5;eka(Ri1;wqc;X;svAxiH)}/sewq{napuM;6;eka(Ri1;wqc;X;svAxiH)}/sewq{puM;5;eka(Ri2;wqc;X;kryAxiH)}/sewq{puM;6;eka(Ri2;wqc;X;kryAxiH)}/sewq{napuM;5;eka(Ri2;wqc;X;kryAxiH)}/sewq{napuM;6;eka(Ri2;wqc;X;kryAxiH)}	sewu{puM;1;eka}	karwA,4.1	karwA,4.1#RaRTIsambanXaH,#RaRTIsambanXaH,13.1#RaRTIsambanXaH,12.1#RaRTIsambanXaH,11.1#RaRTIsambanXaH,9.1#RaRTIsambanXaH,8.1#RaRTIsambanXaH,6.1#RaRTIsambanXaH,5.1#wulanA_binxuH,8.1#hewuH5,5.1	1	3	02	upaniRax	kaTopaniRax	-
3.1	IjAnAnAm	2.1	IjAnAnAm	IjAna{puM;6;bahu}	IjAna{puM;6;bahu}	RaRTIsambanXaH,2.1	RaRTIsambanXaH,2.1	1	3	02	upaniRax	kaTopaniRax	-
4.1	(aswi)	-	-	as2{karwari;lat;pra;eka;parasmEpaxI;axAxiH}	as2{karwari;lat;pra;eka;parasmEpaxI;axAxiH}	-	-	1	3	02	upaniRax	kaTopaniRax	-
5.1	akRaram	10.1	akRaram	akRara{puM;2;eka}/akRara{napuM;1;eka}/akRara{napuM;2;eka}/kRar1{karwari;laf;u;eka;parasmEpaxI;BvAxiH}	akRara{napuM;2;eka}	viSeRaNam,6.1	karma,2.1	1	3	02	upaniRax	kaTopaniRax	-
6.1	brahma	12.1	brahma	brahman{napuM;1;eka}/brahman{napuM;2;eka}/brahma{napuM;8;eka}	brahman{napuM;2;eka}	karmasamAnAXikaraNam,13.1	karma,2.1	1	3	02	upaniRax	kaTopaniRax	-
7.1	yaw	9.1	yaw	yaw{sarvanAma;napuM;2;eka}/para{sarvanAma;napuM;1;eka}	yaw{sarvanAma;napuM;2;eka}/para{sarvanAma;napuM;1;eka}	viSeRaNam,6.1	viSeRaNam,12.1	1	3	02	upaniRax	kaTopaniRax	-
8.1	param	11.1	param	param{avya}/para{sarvanAma;puM;2;eka}/para{sarvanAma;napuM;1;eka}/para{sarvanAma;napuM;2;eka}	para{sarvanAma;napuM;2;eka}	viSeRaNam,6.1	viSeRaNam,11.1#viSeRaNam,9.1#viSeRaNam,6.1#viSeRaNam,5.1#karma,2.1#viSeRaNam,12.1#wIvrawAxarSI,#wIvrawAxarSI,13.1#wIvrawAxarSI,12.1#wIvrawAxarSI,11.1#wIvrawAxarSI,9.1	1	3	02	upaniRax	kaTopaniRax	-
9.1	aBayam	6.1	aBayam	aBaya{puM;2;eka}/aBaya{napuM;1;eka}/aBaya{napuM;2;eka}	aBaya{napuM;2;eka}	viSeRaNam,12.1	karma,2.1	1	3	02	upaniRax	kaTopaniRax	-
1.1	AwmAnam	1.1	AwmAnam	Awman{puM;2;eka}	Awman{puM;2;eka}	karma,3.1	viSeRaNam,13.1#viSeRaNam,10.1#viSeRaNam,5.1#viSeRaNam,2.1#karma,3.1	1	3	03	upaniRax	kaTopaniRax	-
10.1	sAraWim	10.1	sAraWim	sAraWi{puM;2;eka}	sAraWi{puM;2;eka}	aBexaH,8.1	karmasamAnAXikaraNam,13.1#karmasamAnAXikaraNam,12.1#karmasamAnAXikaraNam,8.1#karmasamAnAXikaraNam,5.1#karmasamAnAXikaraNam,4.1#karmasamAnAXikaraNam,2.1#karma,11.1#karma,3.1#aBexaH,13.1#aBexaH,5.1#aBexaH,2.1	1	3	03	upaniRax	kaTopaniRax	-
11.1	vixXi	15.1	vixXi	vix1{karwari;lot;ma;eka;parasmEpaxI;axAxiH}	vix1{karwari;lot;ma;eka;parasmEpaxI;axAxiH}	-	-	1	3	03	upaniRax	kaTopaniRax	-
12.1	manaH	12.1	manaH	manas{napuM;1;eka}/manas{napuM;2;eka}/manas{napuM;8;eka}	manas{napuM;2;eka}	karma,11.1	karmasamAnAXikaraNam,13.1#karmasamAnAXikaraNam,10.1#karmasamAnAXikaraNam,8.1#karmasamAnAXikaraNam,5.1#karmasamAnAXikaraNam,4.1#karmasamAnAXikaraNam,2.1#karma,11.1	1	3	03	upaniRax	kaTopaniRax	-
13.1	pragraham	13.1	pragraham	pragraha{puM;2;eka(pra_grah1;GaF;X;kryAxiH)}	pragraha{puM;2;eka(pra_grah1;GaF;X;kryAxiH)}	aBexaH,12.1	viSeRaNam,12.1#viSeRaNam,10.1#viSeRaNam,8.1#viSeRaNam,5.1#viSeRaNam,4.1#viSeRaNam,2.1#karmasamAnAXikaraNam,12.1#karmasamAnAXikaraNam,10.1#karmasamAnAXikaraNam,8.1#karmasamAnAXikaraNam,5.1#karmasamAnAXikaraNam,4.1#karmasamAnAXikaraNam,2.1#karma,11.1	1	3	03	upaniRax	kaTopaniRax	-
14.1	eva	14.1	eva	eva{avya}	eva{avya}	wIvrawAxarSI,13.1	sambanXaH,13.1	1	3	03	upaniRax	kaTopaniRax	-
15.1	ca	11.1	ca	ca{avya}	ca{avya}	sambanXaH,14.1	samuccaya_xyowakaH,11.1#samuccaya_xyowakaH,3.1#sambanXaH,14.1	1	3	03	upaniRax	kaTopaniRax	-
2.1	raWinam	2.1	raWinam	raWin{puM;2;eka}	raWin{puM;2;eka}	aBexaH,1.1	karmasamAnAXikaraNam,13.1#karmasamAnAXikaraNam,12.1#karmasamAnAXikaraNam,10.1#karmasamAnAXikaraNam,8.1#karmasamAnAXikaraNam,5.1#karmasamAnAXikaraNam,4.1#karma,3.1	1	3	03	upaniRax	kaTopaniRax	-
3.1	vixXi	3.1	vixXi	vix1{karwari;lot;ma;eka;parasmEpaxI;axAxiH}	vix1{karwari;lot;ma;eka;parasmEpaxI;axAxiH}	-	-	1	3	03	upaniRax	kaTopaniRax	-
4.1	SarIram	5.1	SarIram	SarIra{napuM;1;eka}/SarIra{napuM;2;eka}	SarIra{napuM;2;eka}	karmasamAnAXikaraNam,3.1	karmasamAnAXikaraNam,13.1#karmasamAnAXikaraNam,12.1#karmasamAnAXikaraNam,10.1#karmasamAnAXikaraNam,8.1#karmasamAnAXikaraNam,5.1#karmasamAnAXikaraNam,2.1#karma,11.1#karma,3.1	1	3	03	upaniRax	kaTopaniRax	-
5.1	raWam	6.1	raWam	raWa{puM;2;eka}	raWa{puM;2;eka}	aBexaH,4.1	karmasamAnAXikaraNam,13.1#karmasamAnAXikaraNam,12.1#karmasamAnAXikaraNam,10.1#karmasamAnAXikaraNam,8.1#karmasamAnAXikaraNam,4.1#karmasamAnAXikaraNam,2.1#karma,11.1#karma,3.1	1	3	03	upaniRax	kaTopaniRax	-
6.1	eva	7.1	eva	eva{avya}	eva{avya}	wIvrawAxarSI,5.1	sambanXaH,5.1	1	3	03	upaniRax	kaTopaniRax	-
7.1	wu	4.1	wu	wu{avya}	wu{avya}	sambanXaH,6.1	sambanXaH,6.1	1	3	03	upaniRax	kaTopaniRax	-
8.1	buxXim	9.1	buxXim	buxXi{swrI;2;eka}	buxXi{swrI;2;eka}	karma,11.1	karmasamAnAXikaraNam,13.1#karmasamAnAXikaraNam,12.1#karmasamAnAXikaraNam,10.1#karmasamAnAXikaraNam,5.1#karmasamAnAXikaraNam,4.1#karmasamAnAXikaraNam,2.1#karma,11.1#karma,3.1	1	3	03	upaniRax	kaTopaniRax	-
9.1	wu	8.1	wu	wu{avya}	wu{avya}	sambanXaH,8.1	sambanXaH,8.1	1	3	03	upaniRax	kaTopaniRax	-
1.1	inxriyANi	3.1	inxriyANi	inxriya{napuM;1;bahu}/inxriya{napuM;2;bahu}/inxriya{napuM;8;bahu}	inxriya{napuM;1;bahu}	karma,3.1	samboXyaH,11.1#samboXyaH,9.1#samboXyaH,8.1#samboXyaH,3.1#muKyakarma,3.1#karwA,3.1	1	3	04	upaniRax	kaTopaniRax	-
10.1	iwi	13.1	iwi	iwi{avya}	iwi{avya}	vAkyakarma_xyowakaH,12.1	vAkyakarma_xyowakaH,9.1#vAkyakarma_xyowakaH,8.1#vAkyakarma_xyowakaH,3.1	1	3	04	upaniRax	kaTopaniRax	-
11.1	AhuH	14.1	AhuH	brU1{karwari;lat;pra;bahu;parasmEpaxI;axAxiH}	brU1{karwari;lat;pra;bahu;parasmEpaxI;axAxiH}	aBihiwa_karwA,12.1	-	1	3	04	upaniRax	kaTopaniRax	-
12.1	manIRiNaH	1.1	manIRiNaH	manIRin{puM;1;bahu}/manIRin{puM;2;bahu}/manIRin{puM;5;eka}/manIRin{puM;6;eka}/manIRin{puM;8;bahu}	manIRin{puM;1;bahu}	karwA,11.1	RaRTIsambanXaH,9.1#RaRTIsambanXaH,7.3#RaRTIsambanXaH,6.1#RaRTIsambanXaH,4.1#RaRTIsambanXaH,2.1#RaRTIsambanXaH,1.1#hewuH5,11.1#hewuH5,9.1#hewuH5,8.1#hewuH5,3.1#apAxAnam,9.1#muKyakarma,11.1#karma,9.1#karwA,11.1	1	3	04	upaniRax	kaTopaniRax	-
2.1	hayAn	3.1	hayAn	haya{puM;2;bahu}	haya{puM;2;bahu}	aBexaH,1.1	muKyakarma,3.1#karma,9.1	1	3	04	upaniRax	kaTopaniRax	-
3.1	AhuH	4.1	AhuH	brU1{karwari;lat;pra;bahu;parasmEpaxI;axAxiH}	brU1{karwari;lat;pra;bahu;parasmEpaxI;axAxiH}	aBihiwa_karwA,1.1	vAkyakarma,11.1	1	3	04	upaniRax	kaTopaniRax	-
4.1	viRayAn	5.1	viRayAn	viRaya{puM;2;bahu}	viRaya{puM;2;bahu}	karmasamAnAXikaraNam,3.1	muKyakarma,11.1#muKyakarma,3.1#karma,9.1	1	3	04	upaniRax	kaTopaniRax	-
5.1	weRu	6.1	weRu	wax{sarvanAma;puM;7;bahu}/wax{sarvanAma;napuM;7;bahu}	wax{sarvanAma;puM;7;bahu}	viRayAXikaraNam,3.1	aXikaraNam,11.1#aXikaraNam,9.1#aXikaraNam,8.1#aXikaraNam,3.1	1	3	04	upaniRax	kaTopaniRax	-
6.1	gocarAn	7.1	gocarAn	gocara{puM;2;bahu}	gocara{puM;2;bahu}	aBexaH,4.1	muKyakarma,11.1#muKyakarma,3.1#karma,9.1#karmasamAnAXikaraNam,4.1	1	3	04	upaniRax	kaTopaniRax	-
7.1	AwmA	8.1	Awman-inxriya-manas	Awman{puM;1;eka}	Awman{puM;1;eka}	aBexaH,9.1	bahuvrIhiH,7.3#RaRTI_wawpuruRaH,7.3	1	3	04	upaniRax	kaTopaniRax	-
8.1	inxriya-	8.1	--	inxriya	inxriya	xvanxvaH,8.2	bahuvrIhiH,7.3#RaRTI_wawpuruRaH,7.3	1	3	04	upaniRax	kaTopaniRax	-
8.2	manaH-	-	--	manas	manas	wawpuruRaH,8.3	samboXyaH,11.1#samboXyaH,9.1#samboXyaH,3.1#viSeRaNam,9.1#karwA,9.1#karma,9.1#viSeRaNam,8.1#muKyakarma,11.1#muKyakarma,3.1#karwA,8.1#karma,8.1	1	3	04	upaniRax	kaTopaniRax	-
8.3	yukwam	9.1	yukwam	yukwa{puM;2;eka(yuj1;kwa;X;xivAxiH)}/yukwa{napuM;1;eka(yuj1;kwa;X;xivAxiH)}/yukwa{napuM;2;eka(yuj1;kwa;X;xivAxiH)}/yukwa{puM;2;eka(yuj2;kwa;X;ruXAxiH)}/yukwa{napuM;1;eka(yuj2;kwa;X;ruXAxiH)}/yukwa{napuM;2;eka(yuj2;kwa;X;ruXAxiH)}	yukwa{napuM;1;eka(yuj1;kwa;X;xivAxiH)}	karwqsamAnAXikaraNam,7.1	viSeRaNam,7.3#muKyakarma,11.1#muKyakarma,3.1#karma,9.1#vAkyakarma,11.1#vAkyakarma,3.1#karwA,9.1	1	3	04	upaniRax	kaTopaniRax	-
9.1	BokwA	10.1	BokwA	Buj1{karwari;lut;pra;eka;parasmEpaxI;wuxAxiH}/Buj1{karmaNi;lut;pra;eka;AwmanepaxI;wuxAxiH}/Buj2{karwari;lut;pra;eka;parasmEpaxI;ruXAxiH}/Buj2{karwari;lut;pra;eka;AwmanepaxI;ruXAxiH}/Buj2{karmaNi;lut;pra;eka;AwmanepaxI;ruXAxiH}/Bokwq{puM;1;eka(Buj1;wqc;X;wuxAxiH)}/Bokwq{puM;1;eka(Buj2;wqc;X;ruXAxiH)}	Bokwq{puM;1;eka(Buj1;wqc;X;wuxAxiH)}/Bokwq{puM;1;eka(Buj2;wqc;X;ruXAxiH)}	karwA,10.1	viSeRaNam,7.3#vAkyakarma,11.1#vAkyakarma,3.1	1	3	04	upaniRax	kaTopaniRax	-
1.1	yaH	2.1	yaH	yax{sarvanAma;puM;1;eka}	yax{sarvanAma;puM;1;eka}	viSeRaNam,3.1	niwya_sambanXaH1,8.1#karwA_be_verbs,4.1	1	3	05	upaniRax	kaTopaniRax	-
10.1	avaSyAni	13.1	avaSyAni	avaSya{napuM;1;bahu}	avaSya{napuM;1;bahu}	viXeya_viSeRaNam,9.1	viXeya_viSeRaNam,9.1	1	3	05	upaniRax	kaTopaniRax	-
11.1	(Bavanwi)	14.1	-	BU1{karwari;lat;pra;bahu;parasmEpaxI;BvAxiH}	BU1{karwari;lat;pra;bahu;parasmEpaxI;BvAxiH}	-	-	1	3	05	upaniRax	kaTopaniRax	-
12.1	xuRta-	11.1	xuRta-aSva	xuRta(xuR1;kwa;X;xivAxiH)	xuRta(xuR1;kwa;X;xivAxiH)	karmaXArayaH,12.2, upamAnam,9.1	karmaXArayaH_1,12.2#bahuvrIhiH,12.2	1	3	05	upaniRax	kaTopaniRax	-
12.2	aSvAH	11.2	--	aSva{puM;1;bahu}/aSva{puM;8;bahu}/aSvA{swrI;8;bahu}/aSvA{swrI;1;bahu}/aSvA{swrI;2;bahu}	aSva{puM;1;bahu}	karwqsamAnAXikaraNam,11.1	karwqsamAnAXikaraNam,11.1#samboXyaH,4.1	1	3	05	upaniRax	kaTopaniRax	-
13.1	iva	12.1	-	iva{avya}	iva{avya}	upamAna_xyowakaH,12.2	upamAnam_rahiwa_upamAna_xyowakaH,15.1	1	3	05	upaniRax	kaTopaniRax	-
14.1	sAraWeH	10.1	sAraWeH	sAraWi{puM;5;eka}/sAraWi{puM;6;eka}	sAraWi{puM;6;eka}	RaRTIsambanXaH,12.2	aBexaH,8.1#RaRTIsambanXaH,12.2#RaRTIsambanXaH,9.1#RaRTIsambanXaH,6.1#RaRTIsambanXaH,5.1#RaRTIsambanXaH,4.1#hewuH5,4.1	1	3	05	upaniRax	kaTopaniRax	-
2.1	wu	1.1	wu	wu{avya}	wu{avya}	sambanXaH,1.1	sambanXaH,1.1	1	3	05	upaniRax	kaTopaniRax	-
3.1	avijFAnavAn	6.1	avijFAnavAn	avijFAnavaw{puM;1;eka}	avijFAnavaw{puM;1;eka}	karwA,4.1	karwA,4.1	1	3	05	upaniRax	kaTopaniRax	-
4.1	Bavawi	7.1	Bavawi	BU1{karwari;lat;pra;eka;parasmEpaxI;BvAxiH}/BavawI{swrI;8;eka}/Bavaw{sarvanAma;puM;7;eka}/Bavaw{puM;7;eka}	BU1{karwari;lat;pra;eka;parasmEpaxI;BvAxiH}	aBihiwa_karwA,1.1	-	1	3	05	upaniRax	kaTopaniRax	-
5.1	ayukwena	4.1	ayukwena	ayukwa{puM;3;eka}/ayukwa{napuM;3;eka}	ayukwa{puM;3;eka}	viSeRaNam,6.1	hewuH,4.1#viSeRaNam,6.1	1	3	05	upaniRax	kaTopaniRax	-
6.1	manasA	5.1	manasA	manas{napuM;3;eka}/manasA{swrI;1;eka}	manas{napuM;3;eka}	hewuH,4.1	karwA_be_verbs,4.1#hewuH,4.1	1	3	05	upaniRax	kaTopaniRax	-
7.1	saxA	3.1	saxA	saxA{avya}	saxA{avya}	kriyAviSeRaNam,4.1	kAlAXikaraNam,4.1	1	3	05	upaniRax	kaTopaniRax	-
8.1	wasya	8.1	wasya	wax{sarvanAma;napuM;6;eka}/wax{sarvanAma;puM;6;eka}	wax{sarvanAma;puM;6;eka}	RaRTIsambanXaH,9.1	viSeRaNam,15.1#RaRTIsambanXaH,15.1#RaRTIsambanXaH,12.2#RaRTIsambanXaH,9.1#RaRTIsambanXaH,6.1#RaRTIsambanXaH,5.1#RaRTIsambanXaH,4.1	1	3	05	upaniRax	kaTopaniRax	-
9.1	inxriyANi	9.1	inxriyANi	inxriya{napuM;1;bahu}/inxriya{napuM;2;bahu}/inxriya{napuM;8;bahu}	inxriya{napuM;8;bahu}	karwA,11.1	samboXyaH,4.1#karwA,11.1	1	3	05	upaniRax	kaTopaniRax	-
1.1	yaH	2.1	yaH	yax{sarvanAma;puM;1;eka}	yax{sarvanAma;puM;1;eka}	viSeRaNam,3.1	niwya_sambanXaH1,8.1#karwA_be_verbs,4.1	1	3	06	upaniRax	kaTopaniRax	-
10.1	vaSyAni	13.1	vaSyAni	vaSya{napuM;1;bahu}/vaSya{napuM;2;bahu}/vaSya{napuM;8;bahu}	vaSya{napuM;1;bahu}	viXeya_viSeRaNam,9.1	viXeya_viSeRaNam,9.1	1	3	06	upaniRax	kaTopaniRax	-
11.1	(Bavanwi)	14.1	-	BU1{karwari;lat;pra;bahu;parasmEpaxI;BvAxiH}	BU1{karwari;lat;pra;bahu;parasmEpaxI;BvAxiH}	-	-	1	3	06	upaniRax	kaTopaniRax	-
12.1	sax-	11.1	saxaSvA	sax	sax	karmaXArayaH,12.2	karmaXArayaH,12.2	1	3	06	upaniRax	kaTopaniRax	-
12.2	aSvAH	-	-	aSva{puM;1;bahu}	aSva{puM;1;bahu}	karwqsamAnAXikaraNam,11.1	karwqsamAnAXikaraNam,11.1	1	3	06	upaniRax	kaTopaniRax	-
13.1	iva	12.1	iva	iva{avya}	iva{avya}	upamAna_xyowakaH,12.2	upamAnam_rahiwa_upamAna_xyowakaH,14.1	1	3	06	upaniRax	kaTopaniRax	-
14.1	sAraWeH	10.1	sAraWeH	sAraWi{puM;5;eka}/sAraWi{puM;6;eka}	sAraWi{puM;6;eka}	RaRTIsambanXaH,12.2	aBexaH,8.1#RaRTIsambanXaH,10.1#RaRTIsambanXaH,9.1#RaRTIsambanXaH,6.1#RaRTIsambanXaH,4.1#hewuH5,5.1#hewuH5,4.1	1	3	06	upaniRax	kaTopaniRax	-
2.1	wu	1.1	wu	wu{avya}	wu{avya}	sambanXaH,1.1	sambanXaH,1.1	1	3	06	upaniRax	kaTopaniRax	-
3.1	vijFAnavAn	6.1	vijFAnavAn	vijFAnavaw{puM;1;eka}	vijFAnavaw{puM;1;eka}	karwA,4.1	karwA,4.1	1	3	06	upaniRax	kaTopaniRax	-
4.1	Bavawi	7.1	Bavawi	BU1{karwari;lat;pra;eka;parasmEpaxI;BvAxiH}/BavawI{swrI;8;eka}/Bavaw{sarvanAma;puM;7;eka}/Bavaw{puM;7;eka}	BU1{karwari;lat;pra;eka;parasmEpaxI;BvAxiH}	aBihiwa_karwA,1.1	-	1	3	06	upaniRax	kaTopaniRax	-
5.1	yukwena	4.1	yukwena	yukwa{puM;3;eka(yuj1;kwa;X;xivAxiH)}/yukwa{napuM;3;eka(yuj1;kwa;X;xivAxiH)}/yukwa{puM;3;eka(yuj2;kwa;X;ruXAxiH)}/yukwa{napuM;3;eka(yuj2;kwa;X;ruXAxiH)}	yukwa{napuM;3;eka(yuj2;kwa;X;ruXAxiH)}	viSeRaNam,6.1	viSeRaNam,6.1#hewuH,4.1	1	3	06	upaniRax	kaTopaniRax	-
6.1	manasA	5.1	manasA	manas{napuM;3;eka}/manasA{swrI;1;eka}	manas{napuM;3;eka}	hewuH,4.1	karwA_be_verbs,4.1#sahArWaH,5.1#karwA,5.1#karaNam,5.1#hewuH,5.1#hewuH,4.1	1	3	06	upaniRax	kaTopaniRax	-
7.1	saxA	3.1	saxA	saxA{avya}	saxA{avya}	kriyAviSeRaNam,4.1	kAlAXikaraNam,5.1#kAlAXikaraNam,4.1	1	3	06	upaniRax	kaTopaniRax	-
8.1	wasya	8.1	wasya	wax{sarvanAma;napuM;6;eka}/wax{sarvanAma;puM;6;eka}	wax{sarvanAma;puM;6;eka}	RaRTIsambanXaH,9.1	viSeRaNam,14.1#RaRTIsambanXaH,14.1#RaRTIsambanXaH,10.1#RaRTIsambanXaH,9.1#RaRTIsambanXaH,6.1#RaRTIsambanXaH,4.1	1	3	06	upaniRax	kaTopaniRax	-
9.1	inxriyANi	9.1	inxriyANi	inxriya{napuM;1;bahu}/inxriya{napuM;2;bahu}/inxriya{napuM;8;bahu}	inxriya{napuM;1;bahu}	karwA,11.1	samboXyaH,4.1#aBexaH,10.1	1	3	06	upaniRax	kaTopaniRax	-
1.1	yaH	2.1	yaH	yax{sarvanAma;puM;1;eka}	yax{sarvanAma;puM;1;eka}	viSeRaNam,3.1	viSeRaNam,7.1#karwA_be_verbs,4.1	1	3	07	upaniRax	kaTopaniRax	-
10.1	waw	9.1	waw	wax{sarvanAma;napuM;1;eka}/wax{sarvanAma;napuM;2;eka}	wax{sarvanAma;napuM;2;eka}	viSeRaNam,11.1	viSeRaNam,11.1#sup_samucciwaH,13.1#karma,15.1#karma,12.1#karwA_be_verbs,4.1#karwA,15.1#karwA,12.1	1	3	07	upaniRax	kaTopaniRax	-
11.1	paxam	10.1	paxam	pax{puM;2;eka}/paxa{napuM;1;eka}/paxa{napuM;2;eka}	paxa{napuM;2;eka}	karma,12.1	sup_samucciwaH,13.1#karma,15.1#karma,12.1#viXeya_viSeRaNam,10.1#karwA_be_verbs,4.1#karwA,15.1#karwA,12.1	1	3	07	upaniRax	kaTopaniRax	-
12.1	Apnowi	12.1	Apnowi	Ap1{karwari;lat;pra;eka;parasmEpaxI;svAxiH}	Ap1{karwari;lat;pra;eka;parasmEpaxI;svAxiH}	aBihiwa_karwA,7.1;sakarmaka	samucciwaH,4.1	1	3	07	upaniRax	kaTopaniRax	-
13.1	saMsAram	14.1	saMsAram	sam_sq2{avya;Namul;juhowyAxiH}/saMsAra{puM;2;eka(sam_sq2;GaF;X;juhowyAxiH)}	saMsAra{puM;2;eka(sam_sq2;GaF;X;juhowyAxiH)}	karma,15.1	viSeRaNam,11.1#viSeRaNam,10.1#karma,15.1#karma,12.1	1	3	07	upaniRax	kaTopaniRax	-
14.1	ca	13.1	ca	ca{avya}	ca{avya}	sambanXaH,13.1	sup_samuccaya_xyowakaH,13.1#samuccaya_xyowakaH,12.1#samuccaya_xyowakaH,4.1#sambanXaH,13.1	1	3	07	upaniRax	kaTopaniRax	-
15.1	aXigacCawi	15.1	aXigacCawi	aXi_gam1{karwari;lat;pra;eka;parasmEpaxI;BvAxiH}/aXigacCaw{puM;7;eka(aXi_gam1;Sawq_lat;X;BvAxiH)}/aXigacCaw{napuM;7;eka(aXi_gam1;Sawq_lat;X;BvAxiH)}	aXigacCaw{puM;7;eka(aXi_gam1;Sawq_lat;X;BvAxiH)}	-	BAvalakRaNasapwamI_samAnakAlaH,12.1#samucciwaH,12.1#samucciwaH,4.1	1	3	07	upaniRax	kaTopaniRax	-
2.1	wu	1.1	wu	wu{avya}	wu{avya}	sambanXaH,1.1	sambanXaH,1.1	1	3	07	upaniRax	kaTopaniRax	-
3.1	avijFAnavAn	3.1	avijFAnavAn	avijFAnavaw{puM;1;eka}	avijFAnavaw{puM;1;eka}	karwA,4.1	karwA,4.1	1	3	07	upaniRax	kaTopaniRax	-
4.1	Bavawi	7.1	Bavawi	BU1{karwari;lat;pra;eka;parasmEpaxI;BvAxiH}/BavawI{swrI;8;eka}/Bavaw{sarvanAma;puM;7;eka}/Bavaw{puM;7;eka}	BaBU1{karwari;lat;pra;eka;parasmEpaxI;BvAxiH}/BavawI{swrI;8;eka}/Bavaw{sarvanAma;puM;7;eka}/Bavaw{puM;7;eka}vaw{sarvanAma;puM;7;eka}	-	viSeRaNam,15.1#aXikaraNam,15.1#BkarwA,15.1#samucciwaH,12.1	1	3	07	upaniRax	kaTopaniRax	-
5.1	amanaskaH	4.1	amanaskaH	amanaska{puM;1;eka}	amanaska{puM;1;eka}	viXeya_viSeRaNam,4.1	viXeya_viSeRaNam,4.1	1	3	07	upaniRax	kaTopaniRax	-
6.1	saxA	5.1	saxA	saxA{avya}	saxA{avya}	kriyAviSeRaNam,4.1	kAlAXikaraNam,15.1#kAlAXikaraNam,13.1#kAlAXikaraNam,12.1#kAlAXikaraNam,4.1	1	3	07	upaniRax	kaTopaniRax	-
7.1	aSuciH	6.1	SuciH	Suci{puM;1;eka}/Suci{swrI;1;eka}	aSuci{puM;1;eka}	viSeRaNam,5.1	viXeya_viSeRaNam,5.1#karwA_be_verbs,4.1#karwA,12.1	1	3	07	upaniRax	kaTopaniRax	-
8.1	na	11.1	na	na{avya}	na{avya}	prawiReXaH,12.1	prawiReXaH,15.1#prawiReXaH,13.1#prawiReXaH,12.1	1	3	07	upaniRax	kaTopaniRax	-
9.1	saH	8.1	sa	wax{sarvanAma;puM;1;eka}	wax{sarvanAma;puM;1;eka}	karwA,12.1	karwA,12.1	1	3	07	upaniRax	kaTopaniRax	-
1.1	yaH	2.1	yaH	yax{sarvanAma;puM;1;eka}	yax{sarvanAma;puM;1;eka}	viSeRaNam,3.1	viSeRaNam,7.1#karwA_be_verbs,4.1	1	3	08	upaniRax	kaTopaniRax	-
10.1	waw	14.1	waw	wax{sarvanAma;napuM;1;eka}/wax{sarvanAma;napuM;2;eka}	wax{sarvanAma;napuM;2;eka}	viSeRaNam,11.1	viSeRaNam,14.1#viSeRaNam,11.1#karma,12.1#karwA_be_verbs,4.1#karwA,16.1#karwA,12.1	1	3	08	upaniRax	kaTopaniRax	-
11.1	paxam	15.1	paxam	pax{puM;2;eka}/paxa{napuM;1;eka}/paxa{napuM;2;eka}	pax{napuM;2;eka}	karma,12.1	karma,12.1#viXeya_viSeRaNam,10.1#karwA_be_verbs,4.1#karwA,16.1#karwA,12.1	1	3	08	upaniRax	kaTopaniRax	-
12.1	Apnowi	16.1	Apnowi	Ap1{karwari;lat;pra;eka;parasmEpaxI;svAxiH}	Ap1{karwari;lat;pra;eka;parasmEpaxI;svAxiH}	-	-	1	3	08	upaniRax	kaTopaniRax	-
13.1	yasmAw	10.1	-	yax{sarvanAma;puM;5;eka}/yax{sarvanAma;napuM;5;eka}	yax{sarvanAma;puM;5;eka}	apAxAnam,16.1	niwya_sambanXaH1,10.1#kAraNa_xyowakaH,16.1#kAraNa_xyowakaH,12.1#kAraNa_xyowakaH,4.1#hewuH5,16.1#apAxAnam,16.1	1	3	08	upaniRax	kaTopaniRax	-
14.1	BUyaH	11.1	BUyaH	BUyaH{avya}/BUyas{napuM;1;eka}/BUyas{napuM;2;eka}/BUyas{napuM;8;eka}	BUyaH{avya}	kriyAviSeRaNam,16.1	viSeRaNam,11.1#viSeRaNam,10.1#karma,12.1#viXeya_viSeRaNam,11.1#viXeya_viSeRaNam,10.1#viXeya_viSeRaNam,7.1#kriyAviSeRaNam,16.1#kriyAviSeRaNam,12.1#kriyAviSeRaNam,4.1	1	3	08	upaniRax	kaTopaniRax	-
15.1	na	12.1	na	na{avya}	na{avya}	prawiReXaH,16.1	prawiReXaH,16.1	1	3	08	upaniRax	kaTopaniRax	-
16.1	jAyawe	13.1	jAyawe	jan2{karmaNi;lat;pra;eka;AwmanepaxI;xivAxiH}/jan2{karwari;lat;pra;eka;AwmanepaxI;xivAxiH}/jAyaw{puM;4;eka(jE1;Sawq_lat;X;BvAxiH)}/jAyaw{napuM;4;eka(jE1;Sawq_lat;X;BvAxiH)}	jan2{karmaNi;lat;pra;eka;AwmanepaxI;xivAxiH}	-	prayojanam1,12.1#prayojanam1,4.1	1	3	08	upaniRax	kaTopaniRax	-
2.1	wu	1.1	wu	wu{avya}	wu{avya}	sambanXaH,1.1	sambanXaH,1.1	1	3	08	upaniRax	kaTopaniRax	-
3.1	vijFAnavAn	3.1	vijFAnavAn	vijFAnavaw{puM;1;eka}	vijFAnavaw{puM;1;eka}	karwA,4.1	karwA,4.1	1	3	08	upaniRax	kaTopaniRax	-
4.1	Bavawi	7.1	Bavawi	BU1{karwari;lat;pra;eka;parasmEpaxI;BvAxiH}/BavawI{swrI;8;eka}/Bavaw{sarvanAma;puM;7;eka}/Bavaw{puM;7;eka}	BU1{karwari;lat;pra;eka;parasmEpaxI;BvAxiH}	-	-	1	3	08	upaniRax	kaTopaniRax	-
5.1	samanaskaH	4.1	samanaskaH	samanaska{puM;1;eka}	samanaska{puM;1;eka}	viXeya_viSeRaNam,4.1	viXeya_viSeRaNam,4.1	1	3	08	upaniRax	kaTopaniRax	-
6.1	saxA	5.1	saxA	saxA{avya}	saxA{avya}	kriyAviSeRaNam,4.1	kAlAXikaraNam,16.1#kAlAXikaraNam,12.1#kAlAXikaraNam,4.1	1	3	08	upaniRax	kaTopaniRax	-
7.1	SuciH	6.1	SuciH	Suci{puM;1;eka}/Suci{swrI;1;eka}	Suci{puM;1;eka}	viSeRaNam,5.1	viXeya_viSeRaNam,1.1#karwA_be_verbs,4.1#karwA,12.1	1	3	08	upaniRax	kaTopaniRax	-
8.1	saH	8.1	sa	wax{sarvanAma;puM;1;eka}	wax{sarvanAma;puM;1;eka}	karwA,12.1	karwA,12.1	1	3	08	upaniRax	kaTopaniRax	-
9.1	wu	9.1	wu	wu{avya}	wu{avya}	sambanXaH,8.1	sambanXaH,8.1	1	3	08	upaniRax	kaTopaniRax	-
1.1	vijFAna-	4.1	vijFAnasAraWiH	vijFAna	vijFAna	karmaXArayaH,1.2	karmaXArayaH,1.2	1	3	09	upaniRax	kaTopaniRax	-
1.2	sAraWiH	-	-	sAraWi{puM;1;eka}	sAraWi{puM;1;eka}	viXeya_viSeRaNam,5.1	viSeRaNam,5.1	1	3	09	upaniRax	kaTopaniRax	-
10.1	waw	10.1	waw	wax{sarvanAma;napuM;1;eka}/wax{sarvanAma;napuM;2;eka}	wax{sarvanAma;napuM;1;eka}	viSeRaNam,13.1	viSeRaNam,13.1#viSeRaNam,12.1#viSeRaNam,8.1#viSeRaNam,#karma,9.1#karwA,9.1	1	3	09	upaniRax	kaTopaniRax	-
11.1	viRNoH	9.1	viRNoH	viRNu{puM;5;eka}/viRNu{puM;6;eka}/viRNu{swrI;5;eka}/viRNu{swrI;6;eka}	viRNu{puM;6;eka}	RaRTIsambanXaH,13.1	RaRTIsambanXaH,13.1#RaRTIsambanXaH,12.1#RaRTIsambanXaH,8.1#RaRTIsambanXaH,7.1#RaRTIsambanXaH,5.1#RaRTIsambanXaH,#hewuH5,9.1#hewuH5,7.1	1	3	09	upaniRax	kaTopaniRax	-
12.1	paramam	11.1	paramam	paramam{avya}/parama{puM;2;eka}/parama{napuM;1;eka}/parama{napuM;2;eka}	parama{napuM;1;eka}	viSeRaNam,13.1	viSeRaNam,13.1#viSeRaNam,10.1#viSeRaNam,8.1#viSeRaNam,#karma,9.1#karwA,9.1	1	3	09	upaniRax	kaTopaniRax	-
13.1	paxam	12.1	paxam	pax{puM;2;eka}/paxa{napuM;1;eka}/paxa{napuM;2;eka}	paxa{napuM;1;eka}/paxa{napuM;2;eka}	samAnAXikaraNam,8.1	karma,9.1#karwA,9.1	1	3	09	upaniRax	kaTopaniRax	-
2.1	yaH	2.1	yaH	yax{sarvanAma;puM;1;eka}	yax{sarvanAma;puM;1;eka}	viSeRaNam,1.2	viSeRaNam,6.1#viSeRaNam,5.1#niwya_sambanXaH1,6.1	1	3	09	upaniRax	kaTopaniRax	-
3.1	wu	1.1	wu	wu{avya}	wu{avya}	sambanXaH,2.1	sambanXaH,2.1	1	3	09	upaniRax	kaTopaniRax	-
4.1	manaH-	5.1	pragrahavAn	manaH	manaH	karmaXArayaH,4.2	karmaXArayaH,4.2	1	3	09	upaniRax	kaTopaniRax	-
4.2	pragrahavAn	-	-	pragrahavaw{puM;1;eka}	pragrahavaw{puM;1;eka}	viXeya_viSeRaNam,5.1	viSeRaNam,5.1	1	3	09	upaniRax	kaTopaniRax	-
5.1	naraH	3.1	naraH	nq{puM;1;bahu}/nara{puM;1;eka}/nq{puM;8;bahu}	nara{puM;1;eka}	karwA,9.1	karwA,9.1#aBexaH,6.1#aBexaH,2.1	1	3	09	upaniRax	kaTopaniRax	-
6.1	saH	6.1	saH	wax{sarvanAma;puM;1;eka}	wax{sarvanAma;puM;1;eka}	viSeRaNam,5.1	viSeRaNam,5.1#viSeRaNam,2.1#karwA,9.1	1	3	09	upaniRax	kaTopaniRax	-
7.1	aXvanaH	7.1	aXvanaH	aXvan{puM;2;bahu}/aXvan{puM;5;eka}/aXvan{puM;6;eka}/Xvan1{karwari;laf;ma;eka;parasmEpaxI;BvAxiH}	aXvan{puM;6;eka}	RaRTIsambanXaH,8.1	RaRTIsambanXaH,13.1#RaRTIsambanXaH,12.1#RaRTIsambanXaH,11.1#RaRTIsambanXaH,8.1#RaRTIsambanXaH,5.1#RaRTIsambanXaH,#hewuH5,9.1#karma,9.1	1	3	09	upaniRax	kaTopaniRax	-
8.1	pAram	8.1	pAram	pAra{napuM;1;eka}/pAra{napuM;2;eka}	pAra{napuM;2;eka}	karma,9.1	karma,9.1#karwA,9.1	1	3	09	upaniRax	kaTopaniRax	-
9.1	Apnowi	13.1	Apnowi	Ap1{karwari;lat;pra;eka;parasmEpaxI;svAxiH}	Ap1{karwari;lat;pra;eka;parasmEpaxI;svAxiH}	-	-	1	3	09	upaniRax	kaTopaniRax	-
1.1	inxriyeByaH	1.1	inxriyeByaH	inxriya{puM;4;bahu}/inxriya{puM;5;bahu}/inxriya{napuM;4;bahu}/inxriya{napuM;5;bahu}	inxriya{puM;5;bahu}	wulanA_binxuH,2.1	wulanA_binxuH,19.1#wulanA_binxuH,13.1#wulanA_binxuH,8.1#wulanA_binxuH,2.1#sup_samucciwaH,6.1#aBexaH,6.1	1	3	10	upaniRax	kaTopaniRax	-
10.1	(aswi)	10.1	-	as2{karwari;lat;pra;eka;parasmEpaxI;axAxiH}	as2{karwari;lat;pra;eka;parasmEpaxI;axAxiH}	-	-	1	3	10	upaniRax	kaTopaniRax	-
11.1	manasaH	11.1	manasaH	manas{napuM;5;eka}/manas{napuM;6;eka}	manas{napuM;5;eka}	wulanA_binxuH,13.1	RaRTIsambanXaH,19.1#RaRTIsambanXaH,18.1#RaRTIsambanXaH,17.1#RaRTIsambanXaH,16.1#RaRTIsambanXaH,14.1#RaRTIsambanXaH,13.1#RaRTIsambanXaH,9.1#RaRTIsambanXaH,8.1#RaRTIsambanXaH,6.1#RaRTIsambanXaH,4.1#RaRTIsambanXaH,2.1#wulanA_binxuH,19.1#wulanA_binxuH,13.1#wulanA_binxuH,8.1#wulanA_binxuH,2.1#sup_samucciwaH,6.1	1	3	10	upaniRax	kaTopaniRax	-
12.1	wu	12.1	wu	wu{avya}	wu{avya}	sambanXaH,11.1	sambanXaH,11.1	1	3	10	upaniRax	kaTopaniRax	-
13.1	parA	14.1	parA	parA{sarvanAma;swrI;1;eka}	parA{sarvanAma;swrI;1;eka}	karwqsamAnAXikaraNam,15.1	viSeRaNam,14.1#viSeRaNam,2.1	1	3	10	upaniRax	kaTopaniRax	-
14.1	buxXiH	13.1	buxXiH	buxXi{swrI;1;eka}	buxXi{swrI;1;eka}	karwA,15.1	karwA,15.1	1	3	10	upaniRax	kaTopaniRax	-
15.1	(aswi)	15.1	-	as2{karwari;lat;pra;eka;parasmEpaxI;axAxiH}	as2{karwari;lat;pra;eka;parasmEpaxI;axAxiH}	-	-	1	3	10	upaniRax	kaTopaniRax	-
16.1	buxXeH	16.1	buxXeH	buxXi{swrI;5;eka}/buxXi{swrI;6;eka}	buxXi{swrI;5;eka}	wulanA_binxuH,19.1	RaRTIsambanXaH,19.1#RaRTIsambanXaH,18.1#RaRTIsambanXaH,17.1#RaRTIsambanXaH,14.1#RaRTIsambanXaH,13.1#RaRTIsambanXaH,11.1#RaRTIsambanXaH,9.1#RaRTIsambanXaH,8.1#RaRTIsambanXaH,6.1#RaRTIsambanXaH,4.1#RaRTIsambanXaH,2.1#wulanA_binxuH,19.1#wulanA_binxuH,13.1#wulanA_binxuH,8.1#wulanA_binxuH,2.1#sup_samucciwaH,6.1	1	3	10	upaniRax	kaTopaniRax	-
17.1	AwmA	18.1	AwmA	Awman{puM;1;eka}	Awman{puM;1;eka}	karwA,20.1	viSeRaNam,19.1#viSeRaNam,18.1	1	3	10	upaniRax	kaTopaniRax	-
18.1	mahAn	17.1	mahAn	mahaw{puM;1;eka}	mahaw{puM;1;eka}	viSeRaNam,17.1	wIvrawAxarSI,19.1#viSeRaNam,19.1#viSeRaNam,17.1	1	3	10	upaniRax	kaTopaniRax	-
19.1	paraH	19.1	paraH	para{sarvanAma;puM;1;eka}	para{sarvanAma;puM;1;eka}	viSeRaNam,17.1	viSeRaNam,18.1#viSeRaNam,17.1	1	3	10	upaniRax	kaTopaniRax	-
2.1	parA	4.1	parA	parA{sarvanAma;swrI;1;eka}	parA{sarvanAma;swrI;1;eka}	karwqsamAnAXikaraNam,5.1	viSeRaNam,14.1#viSeRaNam,13.1	1	3	10	upaniRax	kaTopaniRax	-
20.1	(aswi)	20.1	-	as2{karwari;lat;pra;eka;parasmEpaxI;axAxiH}	as2{karwari;lat;pra;eka;parasmEpaxI;axAxiH}	-	-	1	3	10	upaniRax	kaTopaniRax	-
3.1	hi	2.1	hi	hi{avya}	hi{avya}	sambanXaH,4.1	sambanXaH,4.1	1	3	10	upaniRax	kaTopaniRax	-
4.1	arWAH	3.1	arWAH	arWa{puM;1;bahu}/arWa{puM;8;bahu}	arWa{puM;1;bahu}	karwA,5.1	karwA,5.1	1	3	10	upaniRax	kaTopaniRax	-
5.1	(sanwi)	5.1	-	as2{karwari;lat;pra;eka;parasmEpaxI;axAxiH}	as2{karwari;lat;pra;eka;parasmEpaxI;axAxiH}	-	-	1	3	10	upaniRax	kaTopaniRax	-
6.1	arWeByaH	6.1	arWeByaH	arWa{puM;4;bahu}/arWa{puM;5;bahu}/arWa{napuM;4;bahu}/arWa{napuM;5;bahu}	arWa{puM;5;bahu}	wulanA_binxuH,8.1	wulanA_binxuH,19.1#wulanA_binxuH,13.1#wulanA_binxuH,8.1#wulanA_binxuH,2.1	1	3	10	upaniRax	kaTopaniRax	-
7.1	ca	7.1	ca	ca{avya}	ca{avya}	sambanXaH,6.1	sup_samuccaya_xyowakaH,6.1#sambanXaH,6.1	1	3	10	upaniRax	kaTopaniRax	-
8.1	param	9.1	param	param{avya}/para{sarvanAma;puM;2;eka}/para{sarvanAma;napuM;1;eka}/para{sarvanAma;napuM;2;eka}	para{sarvanAma;napuM;1;eka}	karwqsamAnAXikaraNam,10.1	viSeRaNam,9.1#wIvrawAxarSI,19.1#wIvrawAxarSI,18.1#wIvrawAxarSI,17.1#wIvrawAxarSI,16.1#wIvrawAxarSI,14.1#wIvrawAxarSI,13.1#wIvrawAxarSI,11.1#wIvrawAxarSI,9.1	1	3	10	upaniRax	kaTopaniRax	-
9.1	manaH	8.1	manaH	manas{napuM;1;eka}/manas{napuM;2;eka}/manas{napuM;8;eka}	manas{napuM;1;eka}	karwA,10.1	karwA,10.1	1	3	10	upaniRax	kaTopaniRax	-
1.1	mahawaH	1.1	mahawaH	maha{avya;wasil}/mah1{karwari;lat;pra;xvi;parasmEpaxI;BvAxiH}/mahaw{puM;2;bahu}/mahaw{puM;5;eka}/mahaw{puM;6;eka}/mahaw{napuM;5;eka}/mahaw{napuM;6;eka}	mahaw{puM;5;eka}	wulanA_binxuH,2.1	RaRTIsambanXaH,18.1#RaRTIsambanXaH,17.1#RaRTIsambanXaH,15.1#RaRTIsambanXaH,11.1#RaRTIsambanXaH,9.1#RaRTIsambanXaH,7.1#RaRTIsambanXaH,6.1#RaRTIsambanXaH,5.1#RaRTIsambanXaH,3.1#RaRTIsambanXaH,2.1#wulanA_binxuH,17.1#wulanA_binxuH,11.1#wulanA_binxuH,7.1#wulanA_binxuH,2.1#viSeRaNam,9.1#viSeRaNam,5.1	1	3	11	upaniRax	kaTopaniRax	-
10.1	na	12.1	na	na{avya}	na{avya}	prawiReXaH,11.1	prawiReXaH,1.1	1	3	11	upaniRax	kaTopaniRax	-
11.1	param	11.1	param	param{avya}/para{sarvanAma;puM;2;eka}/para{sarvanAma;napuM;1;eka}/para{sarvanAma;napuM;2;eka}	para{sarvanAma;napuM;1;eka}	viSeRaNam,12.1	viSeRaNam,12.1#viSeRaNam,2.1#viSeRaNam,3.1#wIvrawAxarSI,18.1#wIvrawAxarSI,17.1#wIvrawAxarSI,16.1#wIvrawAxarSI,15.1#wIvrawAxarSI,14.1#wIvrawAxarSI,12.1	1	3	11	upaniRax	kaTopaniRax	-
12.1	kiFciw	10.1	kiFciw	kiFciw{avya}/kiFciw{sarvanAma;napuM;1;eka}/kiFciw{sarvanAma;napuM;2;eka}	kiFciw{sarvanAma;napuM;1;eka}	karwA,13.1	viSeRaNam,11.1#viSeRaNam,2.1	1	3	11	upaniRax	kaTopaniRax	-
13.1	(aswi)	13.1	-	as2{karwari;lat;pra;eka;parasmEpaxI;axAxiH}	as2{karwari;lat;pra;eka;parasmEpaxI;axAxiH}	-	-	1	3	11	upaniRax	kaTopaniRax	-
14.1	sA	14.1	sA	wax{sarvanAma;swrI;1;eka}	wax{sarvanAma;swrI;1;eka}	viSeRaNam,15.1	viSeRaNam,18.1#viSeRaNam,17.1#viSeRaNam,16.1#viSeRaNam,15.1	1	3	11	upaniRax	kaTopaniRax	-
15.1	kARTA	15.1	kARTA	kARTA{swrI;1;eka}	kARTA{swrI;1;eka}	karwqsamAnAXikaraNam,19.1	karwqsamAnAXikaraNam,19.1	1	3	11	upaniRax	kaTopaniRax	-
16.1	sA	16.1	sA	wax{sarvanAma;swrI;1;eka}	wax{sarvanAma;swrI;1;eka}	viSeRaNam,18.1	viSeRaNam,18.1#viSeRaNam,17.1#viSeRaNam,15.1#viSeRaNam,14.1	1	3	11	upaniRax	kaTopaniRax	-
17.1	parA	17.1	parA	parA{sarvanAma;swrI;1;eka}	parA{sarvanAma;swrI;1;eka}	viSeRaNam,18.1	viSeRaNam,18.1#viSeRaNam,16.1#viSeRaNam,15.1#viSeRaNam,14.1	1	3	11	upaniRax	kaTopaniRax	-
18.1	gawiH	18.1	gawiH	gawi{swrI;1;eka}	gawi{swrI;1;eka}	karwA,19.1	karwA,19.1	1	3	11	upaniRax	kaTopaniRax	-
19.1	(aswi)	19.1	.	as2{karwari;lat;pra;eka;parasmEpaxI;axAxiH}	as2{karwari;lat;pra;eka;parasmEpaxI;axAxiH}	-	-	1	3	11	upaniRax	kaTopaniRax	-
2.1	param	3.1	param	param{avya}/para{sarvanAma;puM;2;eka}/para{sarvanAma;napuM;1;eka}/para{sarvanAma;napuM;2;eka}	para{sarvanAma;puM;1;eka}	viSeRaNam,3.1	viSeRaNam,12.1#viSeRaNam,11.1#karma,1.1#viSeRaNam,3.1#wIvrawAxarSI,18.1#wIvrawAxarSI,17.1#wIvrawAxarSI,16.1#wIvrawAxarSI,15.1#wIvrawAxarSI,14.1#wIvrawAxarSI,12.1#wIvrawAxarSI,11.1#wIvrawAxarSI,9.1#wIvrawAxarSI,7.1#wIvrawAxarSI,6.1#wIvrawAxarSI,5.1#wIvrawAxarSI,3.1	1	3	11	upaniRax	kaTopaniRax	-
3.1	avyakwam	2.1	avyakwam	avyakwa{puM;2;eka}	avyakwa{puM;2;eka}	karwA,4.1	viSeRaNam,11.1#viSeRaNam,2.1#karma,1.1	1	3	11	upaniRax	kaTopaniRax	-
4.1	(aswi)	4.1	-	as2{karwari;lat;pra;eka;parasmEpaxI;axAxiH}	as2{karwari;lat;pra;eka;parasmEpaxI;axAxiH}	-	-	1	3	11	upaniRax	kaTopaniRax	-
5.1	avyakwAw	5.1	avyakwAw	avyakwa{puM;5;eka}	avyakwa{puM;5;eka}	wulanA_binxuH,7.1	wulanA_binxuH,17.1#wulanA_binxuH,11.1#wulanA_binxuH,7.1#wulanA_binxuH,2.1#viSeRaNam,9.1#viSeRaNam,1.1#hewuH5,1.1	1	3	11	upaniRax	kaTopaniRax	-
6.1	puruRaH	6.1	puruRaH	puruRa{puM;1;eka}	puruRa{puM;1;eka}	karwA,8.1	karwA,8.1	1	3	11	upaniRax	kaTopaniRax	-
7.1	paraH	7.1	paraH	para{sarvanAma;puM;1;eka}	para{sarvanAma;puM;1;eka}	viSeRaNam,6.1	viSeRaNam,6.1	1	3	11	upaniRax	kaTopaniRax	-
8.1	(aswi)	8.1	-	as2{karwari;lat;pra;eka;parasmEpaxI;axAxiH}	as2{karwari;lat;pra;eka;parasmEpaxI;axAxiH}	-	-	1	3	11	upaniRax	kaTopaniRax	-
9.1	puruRAw	9.1	puruRAw	puruRa{puM;5;eka}	puruRa{puM;5;eka}	wulanA_binxuH,11.1	wulanA_binxuH,17.1#wulanA_binxuH,11.1#wulanA_binxuH,7.1#wulanA_binxuH,2.1#hewuH5,1.1	1	3	11	upaniRax	kaTopaniRax	-
1.1	eRaH	1.1	eRa	ewaw{sarvanAma;puM;1;eka}	ewaw{sarvanAma;puM;1;eka}	viSeRaNam,5.1	viSeRaNam,5.1	1	3	12	upaniRax	kaTopaniRax	-
10.1	agryayA	10,1	agnyayA	agryA{swrI;3;eka}	agryA{swrI;3;eka}	viSeRaNam,11.1	viSeRaNam,11.1	1	3	12	upaniRax	kaTopaniRax	-
11.1	buxXyA	11.1	buxXyA	buxXi{swrI;3;eka}	buxXi{swrI;3;eka}	karaNam,8.1	karwA,8.1#karaNam,8.1#hewuH,3.1	1	3	12	upaniRax	kaTopaniRax	-
12.1	sUkRmayA	9.1	sUkRmayA	sUkRmA{swrI;3;eka}	sUkRmA{swrI;3;eka}	viSeRaNam,11.1	karwA,8.1#karaNam,8.1#hewuH,8.1#hewuH,3.1	1	3	12	upaniRax	kaTopaniRax	-
13.1	sUkRma-	8.1	sUkRma-xarSin	sUkRma	sUkRma	upapaxa-wawpuruRaH,13.2	bahuvrIhiH,13.2#RaRTI_wawpuruRaH,13.2	1	3	12	upaniRax	kaTopaniRax	-
13.2	xarSiBiH	8.2	--	xarSin{puM;3;bahu}	xarSin{puM;3;bahu}	karwA,8.1	karwA,8.1#karaNam,8.1#hewuH,8.1#hewuH,3.1	1	3	12	upaniRax	kaTopaniRax	-
2.1	sarveRu	3.1	sarveRu	sarva{sarvanAma;puM;7;bahu}/sarva{sarvanAma;napuM;7;bahu}	sarva{sarvanAma;puM;7;bahu}	viSeRaNam,3.1	viSeRaNam,3.1#aXikaraNam,8.1#aXikaraNam,3.1#BkarwA,3.1	1	3	12	upaniRax	kaTopaniRax	-
3.1	BUweRu	4.1	BUweRu	BUwa{napuM;7;bahu}/BUwa{puM;7;bahu(BU1;kwa;X;BvAxiH)}/BUwa{napuM;7;bahu(BU1;kwa;X;BvAxiH)}	BUwa{napuM;7;bahu}	aXikaraNam,7.1	viSeRaNam,2.1#BAvalakRaNasapwamI_pUrvakAlaH,8.1#aXikaraNam,8.1	1	3	12	upaniRax	kaTopaniRax	-
4.1	gUDaH	-	-	gUDa{puM;1;eka}	gUDa{puM;1;eka}	viSeRaNam,5.1	viSeRaNam,5.1	1	3	12	upaniRax	kaTopaniRax	-
5.1	AwmA	-	-	Awman{puM;1;eka}	Awman{puM;1;eka}	karwA,7.1	karwA,7.1	1	3	12	upaniRax	kaTopaniRax	-
6.1	na	5.1	na	na{avya}	na{avya}	prawiReXaH,7.1	prawiReXaH,7.1	1	3	12	upaniRax	kaTopaniRax	-
7.1	prakASawe	6.1	prakASawe	pra_kAS{karwari;lat;pra;eka;AwmanepaxI;BvAxiH}	pra_kAS{karwari;lat;pra;eka;AwmanepaxI;BvAxiH}	-	-	1	3	12	upaniRax	kaTopaniRax	-
8.1	xqSyawe	12.1	xqSyawe	xqS1{karmaNi;lat;pra;eka;AwmanepaxI;BvAxiH}	xqS1{karmaNi;lat;pra;eka;AwmanepaxI;BvAxiH}	-	-	1	3	12	upaniRax	kaTopaniRax	-
9.1	wu	7.1	wu	wu{avya}	wu{avya}	sambanXaH,8.1	sambanXaH,8.1	1	3	12	upaniRax	kaTopaniRax	-
1.1	yacCew	4.1	yacCew	yam2{karwari;viXilif;pra;eka;parasmEpaxI;BvAxiH}/xA1{karwari;viXilif;pra;eka;parasmEpaxI;BvAxiH}	yam2{karwari;viXilif;pra;eka;parasmEpaxI;BvAxiH}	-	-	1	3	13	upaniRax	kaTopaniRax	-
10.1	Awmani	11.1	Awmani	Awman{puM;7;eka}	Awman{puM;7;eka}	aXikaraNam,12.1	viSeRaNam,16.1#viSeRaNam,15.1#viSeRaNam,11.1#viSeRaNam,8.1#aXikaraNam,14.1#aXikaraNam,11.1#aXikaraNam,6.1#aXikaraNam,3.1	1	3	13	upaniRax	kaTopaniRax	-
11.1	mahawi	10.1	mahawi	mah1{karwari;lat;pra;eka;parasmEpaxI;BvAxiH}/mahawI{swrI;8;eka}/mahaw{puM;7;eka}/mahaw{napuM;7;eka}	mahaw{puM;7;eka}	viSeRaNam,10.1	viSeRaNam,15.1#viSeRaNam,7.1#viSeRaNam,3.1#aXikaraNam,14.1#aXikaraNam,6.1#aXikaraNam,3.1#viSeRaNam,16.1#viSeRaNam,10.1#viSeRaNam,8.1#viSeRaNam,2.1	1	3	13	upaniRax	kaTopaniRax	-
12.1	niyacCew	12.1	niyacCew	ni_yam2{karwari;viXilif;pra;eka;parasmEpaxI;BvAxiH}/xA1{karwari;viXilif;pra;eka;parasmEpaxI;BvAxiH}	ni_yam2{karwari;viXilif;pra;eka;parasmEpaxI;BvAxiH}/xA1{karwari;viXilif;pra;eka;parasmEpaxI;BvAxiH}	-	-	1	3	13	upaniRax	kaTopaniRax	-
13.1	waw	13.1	waw	wax{sarvanAma;napuM;1;eka}/wax{sarvanAma;napuM;2;eka}	wax{sarvanAma;napuM;1;eka}	karma,14.1	viSeRaNam,9.1#viSeRaNam,5.1#karma,14.1#karma,11.1#karma,6.1#karwA,14.1#karwA,11.1#karwA,6.1	1	3	13	upaniRax	kaTopaniRax	-
14.1	yacCew	16.1	yacCew	yam2{karwari;viXilif;pra;eka;parasmEpaxI;BvAxiH}/xA1{karwari;viXilif;pra;eka;parasmEpaxI;BvAxiH}	yam2{karwari;viXilif;pra;eka;parasmEpaxI;BvAxiH}	-	-	1	3	13	upaniRax	kaTopaniRax	-
15.1	SAnwe	14.1	SAnwe	SAnwA{swrI;8;eka}/SAnwi{swrI;8;eka}/SAnwa{puM;7;eka}/SAnwa{napuM;7;eka}	SAnwa{puM;7;eka}	viSeRaNam,16.1	aXikaraNam,14.1#aXikaraNam,11.1#aXikaraNam,6.1#aXikaraNam,3.1	1	3	13	upaniRax	kaTopaniRax	-
16.1	Awmani	15.1	Awmani	Awman{puM;7;eka}	Awman{puM;7;eka}	aXikaraNam,14.1	viSeRaNam,15.1#viSeRaNam,11.1#viSeRaNam,10.1#viSeRaNam,8.1#aXikaraNam,14.1#aXikaraNam,11.1#aXikaraNam,6.1#aXikaraNam,3.1	1	3	13	upaniRax	kaTopaniRax	-
2.1	vAk	2.1	vAk	vAc{swrI;1;eka}/vAc{swrI;8;eka}	vAc{swrI;1;eka}	karma,1.1	karwA,6.1#karwA,1.1	1	3	13	upaniRax	kaTopaniRax	-
3.1	manasi	3.1	manasi	mnA1{karwari;lat;ma;eka;parasmEpaxI;BvAxiH}/manas{napuM;7;eka}	manas{napuM;7;eka}	aXikaraNam,1.1	aXikaraNam,14.1#aXikaraNam,11.1#aXikaraNam,6.1	1	3	13	upaniRax	kaTopaniRax	-
4.1	prAjFaH	1.1	prAjFaH	prAjFa{puM;1;eka}	prAjFa{puM;1;eka}	karwA,1.1	karwA,11.1#karwA,6.1	1	3	13	upaniRax	kaTopaniRax	-
5.1	waw	5.1	waw	wax{sarvanAma;napuM;1;eka}/wax{sarvanAma;napuM;2;eka}	wax{sarvanAma;napuM;2;eka}	karma,6.1	viSeRaNam,13.1#viSeRaNam,9.1#karma,11.1#karma,6.1#karma,3.1#karwA,11.1#karwA,6.1	1	3	13	upaniRax	kaTopaniRax	-
6.1	yacCew	8.1	yacCew	yam2{karwari;viXilif;pra;eka;parasmEpaxI;BvAxiH}/xA1{karwari;viXilif;pra;eka;parasmEpaxI;BvAxiH}	yam2{karwari;viXilif;pra;eka;parasmEpaxI;BvAxiH}	-	-	1	3	13	upaniRax	kaTopaniRax	-
7.1	jFAne	6.1	jFAne	jFAna{napuM;1;xvi}/jFAna{napuM;2;xvi}/jFAna{napuM;8;xvi}/jFAna{napuM;7;eka}	jFAna{napuM;7;eka}	viSeRaNam,8.1	aXikaraNam,14.1#aXikaraNam,11.1#aXikaraNam,6.1#aXikaraNam,3.1#karma,14.1#karma,11.1#karma,6.1#karma,3.1	1	3	13	upaniRax	kaTopaniRax	-
8.1	Awmani	7.1	Awmani	Awman{puM;7;eka}	Awman{puM;7;eka}	aXikaraNam,6.1	viSeRaNam,16.1#viSeRaNam,15.1#viSeRaNam,11.1#viSeRaNam,10.1#aXikaraNam,14.1#aXikaraNam,11.1#aXikaraNam,6.1#aXikaraNam,3.1	1	3	13	upaniRax	kaTopaniRax	-
9.1	jFAnam	9.1	jFAnam	jFAna{napuM;1;eka}/jFAna{napuM;2;eka}	jFAna{napuM;2;eka}	karma,12.1	karma,14.1#karma,11.1#karma,6.1#karma,3.1#karwA,14.1#karwA,11.1#karwA,6.1	1	3	13	upaniRax	kaTopaniRax	-
1.1	uwwiRTawa	2.1	uwwiRTawa	uw_RWA1{karwari;lot;ma;bahu;parasmEpaxI;BvAxiH}	uw_RWA1{karwari;lot;ma;bahu;parasmEpaxI;BvAxiH}	-	samucciwaH,5.1	1	3	14	upaniRax	kaTopaniRax	-
10.1	xurgam	13.1	xurgam	xurga{puM;2;eka}/xurga{napuM;1;eka}/xurga{napuM;2;eka}	xurga{puM;2;eka}	viSeRaNam,11.1	muKyakarma,14.1#karma,5.1#karma,3.1#gONakarma,14.1	1	3	14	upaniRax	kaTopaniRax	-
11.1	paWaH	12.1	paWaH	paWa{puM;2;eka}/paWin{puM;2;bahu}/paWin{puM;5;eka}/paWin{puM;6;eka}	paWa{puM;2;eka}	karma,14.1	RaRTIsambanXaH,13.1#RaRTIsambanXaH,10.1#RaRTIsambanXaH,9.1#RaRTIsambanXaH,8.1#RaRTIsambanXaH,7.1#RaRTIsambanXaH,6.1#RaRTIsambanXaH,4.1#wulanA_binxuH,4.1#hewuH5,14.1#hewuH5,8.1#hewuH5,5.1#hewuH5,3.1#apAxAnam,5.1#apAxAnam,3.1#apAxAnam,1.1#muKyakarma,14.1#karma,5.1#karma,3.1#gONakarma,14.1	1	3	14	upaniRax	kaTopaniRax	-
12.1	waw	11.1	waw	wax{sarvanAma;napuM;1;eka}/wax{sarvanAma;napuM;2;eka}	wax{sarvanAma;napuM;2;eka}	viSeRaNam,11.1	viSeRaNam,10.1#muKyakarma,14.1#karma,5.1#karma,3.1	1	3	14	upaniRax	kaTopaniRax	-
13.1	kavayaH	14.1	kavayaH	kavi{puM;1;bahu}/kavi{puM;8;bahu}	kavi{puM;1;bahu}	karwA,14.1	karwA,14.1	1	3	14	upaniRax	kaTopaniRax	-
14.1	vaxanwi	15.1	vaxanwi	vax1{karwari;lat;pra;bahu;parasmEpaxI;BvAxiH}/vaxaw{napuM;1;bahu(vax1;Sawq_lat;X;BvAxiH)}/vaxaw{napuM;2;bahu(vax1;Sawq_lat;X;BvAxiH)}/vaxaw{napuM;1;bahu(vax3;Sawq_lat;X;curAxiH)}/vaxaw{napuM;2;bahu(vax3;Sawq_lat;X;curAxiH)}	vax1{karwari;lat;pra;bahu;parasmEpaxI;BvAxiH}	-	karma,3.1#varwamAnasamAnakAlaH,8.1#varwamAnasamAnakAlaH,5.1#varwamAnasamAnakAlaH,1.1	1	3	14	upaniRax	kaTopaniRax	-
15.1	(yUyam)	11.2	-	-	-	karwA,1.1;karwA,2.1;karwA,5.1	-	1	3	14	upaniRax	kaTopaniRax	-
16.1	(aswi)	-	-	-	-	-	-	1	3	14	upaniRax	kaTopaniRax	-
2.1	jAgrawa	3.1	jAgrawa	jAgq{karwari;lot;ma;bahu;parasmEpaxI;axAxiH}	jAgq{karwari;lot;ma;bahu;parasmEpaxI;axAxiH}	-	samucciwaH,5.1	1	3	14	upaniRax	kaTopaniRax	-
3.1	prApya	5.1	prApya	pra_Ap1{avya;lyap;svAxiH}/pra_Af_Ap1{avya{lyap;svAxiH}/pra_Ap2{avya{lyap;curAxiH}/pra_Af_Ap2{avya{lyap;curAxiH}	pra_Ap1{avya;lyap;svAxiH}	pUrvakAlaH,5.1	pUrvakAlaH,14.1#pUrvakAlaH,8.1#pUrvakAlaH,5.1	1	3	14	upaniRax	kaTopaniRax	-
4.1	varAn	4.1	varAn	vara{puM;2;bahu}	vara{puM;2;bahu}	karma,5.1	viSeRaNam,11.1#karma,5.1#karma,3.1	1	3	14	upaniRax	kaTopaniRax	-
5.1	niboXawa	6.1	niboXawa	ni_buX1{karwari;lot;ma;bahu;parasmEpaxI;BvAxiH}/ni_buX2{karwari{lot;ma;bahu;parasmEpaxI;BvAxiH}	ni_buX1{karwari;lot;ma;bahu;parasmEpaxI;BvAxiH}	-	-	1	3	14	upaniRax	kaTopaniRax	-
6.1	kRurasya	7.1	kRurasya	kRura{puM;6;eka}/kRura{napuM;6;eka}	kRura{puM;6;eka}	RaRTIsambanXaH,7.1	RaRTIsambanXaH,13.1#RaRTIsambanXaH,11.1#RaRTIsambanXaH,10.1#RaRTIsambanXaH,9.1#RaRTIsambanXaH,8.1#RaRTIsambanXaH,7.1#RaRTIsambanXaH,4.1	1	3	14	upaniRax	kaTopaniRax	-
7.1	XArA	9.1	XArA	XArA{swrI;1;eka}	XArA{swrI;1;eka}	karma,16.1	karma,8.1	1	3	14	upaniRax	kaTopaniRax	-
8.1	niSiwAH	8.1	niSiwAH	niSiwA{swrI;8;bahu}/niSiwa{puM;1;bahu(ni_So1;kwa;X;xivAxiH)}/niSiwA{swrI;1;bahu(ni_So1;kwa;X;xivAxiH)}/niSiwA{swrI;2;bahu(ni_So1;kwa;X;xivAxiH)}	niSiwa{puM;1;bahu(ni_So1;kwa;X;xivAxiH)}	-	muKyakarma,14.1#karma,5.1#karma,3.1#gONakarma,14.1#karwA,14.1#viSeRaNam,13.1#viSeRaNam,9.1	1	3	14	upaniRax	kaTopaniRax	-
9.1	xurawyayAH	10.1	xurawyayAH	xurawyaya{puM;1;bahu}/xurawyaya{puM;8;bahu}	xurawyaya{puM;1;bahu}	samucciwaH,8.1	karwA,14.1	1	3	14	upaniRax	kaTopaniRax	-
1.1	aSabxam	3.1	aSabxam	aSabxa{puM;2;eka}/aSabxa{napuM;1;eka}/aSabxa{napuM;2;eka}	aSabxa{napuM;1;eka}	samucciwaH,15.1	sup_samucciwaH,4.1#karma,4.1	1	3	15	upaniRax	kaTopaniRax	-
10.1	yaw	2.1	yaw	yaw{avya}/yax{sarvanAma;napuM;1;eka}/yax{sarvanAma;napuM;2;eka}	yaw{sarvanAma;napuM;1;eka}	samucciwaH,15.1	viSeRaNam,15.1#viSeRaNam,14.1#viSeRaNam,7.1#viSeRaNam,3.1#karma,13.1#karma,4.1#sambanXaH,19.1#sambanXaH,13.1#sambanXaH,11.1	1	3	15	upaniRax	kaTopaniRax	-
11.1	anAxi	12.1	anAxi	anAxi{napuM;1;eka}	anAxi{napuM;1;eka}	samucciwaH,15.1	samucciwaH,15.1	1	3	15	upaniRax	kaTopaniRax	-
12.1	ananwam	13.1	ananwam	ananwa{napuM;1;eka}/anaw{puM;2;eka(an1;Sawq_lat;X;axAxiH)}	ananwa{napuM;1;eka}	samucciwaH,15.1	viSeRaNam,17.1#viSeRaNam,15.1#viSeRaNam,14.1#viSeRaNam,6.1#viSeRaNam,4.1#sup_samucciwaH,4.1#karma,13.1#viSeRaNam,7.1	1	3	15	upaniRax	kaTopaniRax	-
13.1	mahawaH	14.1	mahawaH	maha{avya;wasil}/mah1{karwari;lat;pra;xvi;parasmEpaxI;BvAxiH}/mahaw{puM;2;bahu}/mahaw{puM;5;eka}/mahaw{puM;6;eka}/mahaw{napuM;5;eka}/mahaw{napuM;6;eka}	mahaw{napuM;5;eka}	wulanA_binxuH,14.1	RaRTIsambanXaH,15.1#RaRTIsambanXaH,14.1#RaRTIsambanXaH,12.1#RaRTIsambanXaH,7.1#RaRTIsambanXaH,6.1#RaRTIsambanXaH,4.1#RaRTIsambanXaH,3.1#wulanA_binxuH,14.1#hewuH5,19.1#hewuH5,12.1#hewuH5,11.1#hewuH5,6.1#hewuH5,4.1#apAxAnam,19.1#sup_samucciwaH,4.1	1	3	15	upaniRax	kaTopaniRax	-
14.1	param	15.1	param	param{avya}/para{sarvanAma;puM;2;eka}/para{sarvanAma;napuM;1;eka}/para{sarvanAma;napuM;2;eka}	para{sarvanAma;napuM;1;eka}	samucciwaH,15.1	viSeRaNam,15.1#viSeRaNam,10.1#viSeRaNam,7.1#viSeRaNam,3.1#sup_samucciwaH,4.1#karma,13.1#karma,19.1#viSeRaNam,17.1#viSeRaNam,12.1#viSeRaNam,6.1#viSeRaNam,4.1#wIvrawAxarSI,17.1#wIvrawAxarSI,15.1	1	3	15	upaniRax	kaTopaniRax	-
15.1	Xruvam	16.1	Xruvam	Xruva{puM;2;eka}/Xruva{napuM;1;eka}/Xruva{napuM;2;eka}	Xruva{napuM;1;eka}	karwA,19.1	viSeRaNam,14.1#viSeRaNam,10.1#viSeRaNam,7.1#viSeRaNam,3.1#sup_samucciwaH,4.1#karma,13.1#karma,19.1#viSeRaNam,17.1#viSeRaNam,12.1#viSeRaNam,6.1#viSeRaNam,4.1	1	3	15	upaniRax	kaTopaniRax	-
16.1	nicAyya	18.1	nicAyya	ni_ci{avya;lyap;svAxiH}	ni_ci{avya;lyap;svAxiH}	pUrvakAlaH,19.1	pUrvakAlaH,19.1	1	3	15	upaniRax	kaTopaniRax	-
17.1	waw	17.1	wam	wax{sarvanAma;puM;2;eka}	wax{sarvanAma;puM;2;eka}	karma,19.1	viSeRaNam,15.1#viSeRaNam,14.1#viSeRaNam,12.1#viSeRaNam,7.1#viSeRaNam,6.1#viSeRaNam,4.1#karma,13.1	1	3	15	upaniRax	kaTopaniRax	-
18.1	mqwyu-	19.1	mqwyumuKAw	mqwyu	mqwyu	RaRTI_wawpuruRaH,18.2	RaRTI_wawpuruRaH,18.2	1	3	15	upaniRax	kaTopaniRax	-
18.2	muKAw	-	-	muKa{puM;5;eka}	muKa{puM;5;eka}	apAxAnam,19.1	apAxAnam,19.1	1	3	15	upaniRax	kaTopaniRax	-
19.1	pramucyawe	20.1	pramucyawe	pra_muc1{karmaNi;lat;pra;eka;AwmanepaxI;wuxAxiH}	pra_muc1{karmaNi;lat;pra;eka;AwmanepaxI;wuxAxiH}	-	-	1	3	15	upaniRax	kaTopaniRax	-
2.1	asparSam	4.1	asparSam	asparSa{napuM;1;eka}	asparSa{napuM;1;eka}	samucciwaH,15.1	samucciwaH,15.1	1	3	15	upaniRax	kaTopaniRax	-
3.1	arUpam	5.1	rUpam	rUpa{napuM;1;eka}/rUpa{napuM;2;eka}	arUpa{napuM;1;eka}	samucciwaH,15.1	sup_samucciwaH,4.1#karma,4.1	1	3	15	upaniRax	kaTopaniRax	-
4.1	avyayam	10.1	avyayam	avyaya{puM;2;eka}/vye1{karwari;laf;u;eka;parasmEpaxI;BvAxiH}	avyaya{puM;2;eka}	samucciwaH,15.1	samucciwaH,6.1#viSeRaNam,17.1#viSeRaNam,15.1#viSeRaNam,14.1#viSeRaNam,12.1#viSeRaNam,7.1#viSeRaNam,6.1	1	3	15	upaniRax	kaTopaniRax	-
5.1	waWA	6.1	waWA	waWA{avya}	waWA{avya}	samuccaya_xyowakaH,15.1	sup_samuccaya_xyowakaH,4.1#kriyAviSeRaNam,19.1#kriyAviSeRaNam,13.1#kriyAviSeRaNam,11.1#kriyAviSeRaNam,6.1#kriyAviSeRaNam,4.1	1	3	15	upaniRax	kaTopaniRax	-
6.1	arasam	7.1	arasam	arasa{puM;2;eka}/ras1{karwari;laf;u;eka;parasmEpaxI;BvAxiH}	arasa{napuM;1;eka}	samucciwaH,15.1	samucciwaH,4.1#sup_samucciwaH,4.1#karma,13.1#karma,4.1	1	3	15	upaniRax	kaTopaniRax	-
7.1	niwyam	11.1	niwyam	niwya{puM;2;eka}/niwya{napuM;1;eka}/niwya{napuM;2;eka}	niwya{napuM;1;eka}	samucciwaH,15.1	sup_samucciwaH,4.1#kriyAviSeRaNam,19.1#kriyAviSeRaNam,13.1#kriyAviSeRaNam,12.1#kriyAviSeRaNam,11.1#kriyAviSeRaNam,6.1#kriyAviSeRaNam,4.1	1	3	15	upaniRax	kaTopaniRax	-
8.1	aganXavaw	9.1	AganXavaw	aganXavaw{napuM;1;eka}	aganXavaw{napuM;1;eka}	samucciwaH,15.1	samucciwaH,15.1	1	3	15	upaniRax	kaTopaniRax	-
9.1	ca	8.1	ca	ca{avya}	ca{avya}	samuccaya_xyowakaH,15.1	samuccaya_xyowakaH,6.1#samuccaya_xyowakaH,4.1	1	3	15	upaniRax	kaTopaniRax	-
1.1	nAcikewam	1.1	nAcikewam	nAcikewa{puM;2;eka}	nAcikewa{puM;2;eka}	karma,5.1	muKyakarma,5.1#karmasamAnAXikaraNam,4.1#karmasamAnAXikaraNam,2.1#karma,6.1#gONakarma,5.1	1	3	16	upaniRax	kaTopaniRax	-
10.1	mahIyawe	10.1	mahIyawe	mahI{karwari;lat;pra;eka;AwmanepaxI;nAmaXAwu}/mahI{karwari{lat;pra;eka;AwmanepaxI;nAmaXawu}	mahI{karwari;lat;pra;eka;AwmanepaxI;nAmaXAwu}	aBihiwa_karwA,8.1;sakarmaka	-	1	3	16	upaniRax	kaTopaniRax	-
2.1	upAKyAnam	4.1	upAKyAnam	upAKyAna{napuM;1;eka}/upAKyAna{napuM;2;eka}	upAKyAna{napuM;2;eka}	viSeRaNam,1.1	karmasamAnAXikaraNam,4.1#karmasamAnAXikaraNam,1.1#karma,6.1#gONakarma,5.1	1	3	16	upaniRax	kaTopaniRax	-
3.1	mqwyu-	2.1	mqwyuprokwam	mqwyu	mqwyu	wqwIyA_wawpuruRaH,3.2	wqwIyA_wawpuruRaH,3.2	1	3	16	upaniRax	kaTopaniRax	-
3.2	prokwam	-	-	prokwa{puM;2;eka}	prokwa{puM;2;eka}	viSeRaNam,1.1	viSeRaNam,1.1	1	3	16	upaniRax	kaTopaniRax	-
4.1	sanAwanam	3.1	sanAwanam	sanAwana{puM;2;eka}/sanAwana{napuM;1;eka}/sanAwana{napuM;2;eka}	sanAwana{puM;2;eka}	viSeRaNam,1.1	viSeRaNam,2.1#karmasamAnAXikaraNam,2.1#karmasamAnAXikaraNam,1.1#karma,6.1#gONakarma,5.1#karwA,10.1#viSeRaNam,1.1#muKyakarma,5.1	1	3	16	upaniRax	kaTopaniRax	-
5.1	ukwvA	5.1	ukwvA	vac1{avya;kwvA;axAxiH}	vac1{avya;kwvA;axAxiH}	samucciwaH,6.1	sup_samucciwaH,6.1#pUrvakAlaH,10.1	1	3	16	upaniRax	kaTopaniRax	-
6.1	SruwvA	7.1	SruwvA	Sru1{avya;kwvA;BvAxiH}	Sru1{avya;kwvA;BvAxiH}	pUrvakAlaH,10.1	pUrvakAlaH,10.1	1	3	16	upaniRax	kaTopaniRax	-
7.1	ca	6.1	ca	ca{avya}	ca{avya}	samuccaya_xyowakaH,6.1	sup_samuccaya_xyowakaH,6.1#sambanXaH,6.1	1	3	16	upaniRax	kaTopaniRax	-
8.1	meXAvI	8.1	meXAvI	meXAvin{puM;1;eka}	meXAvin{puM;1;eka}	karwA,10.1	karwA,10.1	1	3	16	upaniRax	kaTopaniRax	-
9.1	brahmaloke	9.1	brahmaloke	brahmaloka{puM;7;eka}	brahmaloka{puM;7;eka}	aXikaraNam,10.1	aXikaraNam,10.1#aXikaraNam,6.1#aXikaraNam,5.1	1	3	16	upaniRax	kaTopaniRax	-
1.1	yaH	1.1	yaH	yax{sarvanAma;puM;1;eka}	yax{sarvanAma;puM;1;eka}	karwA,5.1	viSeRaNam,7.1	1	3	17	upaniRax	kaTopaniRax	-
10.1	waxA	10.1	waw	waxA{avya}	waxA{avya}	kAlAXikaraNam,12.1	kAlAXikaraNam,12.1#viSeRaNam,4.1#viSeRaNam,3.1#karma,7.1#karwA,12.1	1	3	17	upaniRax	kaTopaniRax	-
11.1	AnanwyAya	11.1	AnanwyAya	Ananwya{napuM;4;eka}	Ananwya{napuM;4;eka}	prayojanam,12.1	prayojanam1,12.1#prayojanam1,7.1	1	3	17	upaniRax	kaTopaniRax	-
12.1	kalpawe	12.1	kalpawe	kqp1{karwari;lat;pra;eka;AwmanepaxI;BvAxiH}	kqp1{karwari;lat;pra;eka;AwmanepaxI;BvAxiH}	-	-	1	3	17	upaniRax	kaTopaniRax	-
2.1	imam	3.1	imam	ixam{sarvanAma;puM;2;eka}	ixam{sarvanAma;puM;2;eka}	karma,5.1	viSeRaNam,4.1#viSeRaNam,3.1#karma,7.1	1	3	17	upaniRax	kaTopaniRax	-
3.1	paramam	4.1	paramam	paramam{avya}/parama{puM;2;eka}/parama{napuM;1;eka}/parama{napuM;2;eka}	paramam{avya}	viSeRaNam,2.1	viSeRaNam,10.1#viSeRaNam,4.1#karma,7.1#viSeRaNam,2.1	1	3	17	upaniRax	kaTopaniRax	-
4.1	guhyam	5.1	guhyam	guhya{puM;2;eka}/guhya{napuM;1;eka}/guhya{napuM;2;eka}	guhya{puM;2;eka}	viSeRaNam,2.1	viSeRaNam,10.1#viSeRaNam,3.1#karma,7.1#viSeRaNam,2.1	1	3	17	upaniRax	kaTopaniRax	-
5.1	SrAvayew	9.1	SrAvayew	Sru{Nic,karwari;viXilif;pra;eka;parasmEpaxI;BvAxiH}	Sru{Nic,karwari;viXilif;pra;eka;parasmEpaxI;BvAxiH}	-	-	1	3	17	upaniRax	kaTopaniRax	-
6.1	brahma-	6.1	brahma-saMsax	brahman	brahma	RaRTI_wawpuruRaH,6.2	bahuvrIhiH,6.2#RaRTI_wawpuruRaH,6.2	1	3	17	upaniRax	kaTopaniRax	-
6.2	saMsaxi	6.1	--	saMsax{swrI;7;eka}	saMsax{swrI;7;eka}	aXikaraNam,5.1	aXikaraNam,12.1#aXikaraNam,7.1#BkarwA,7.1	1	3	17	upaniRax	kaTopaniRax	-
7.1	prayawaH	2.1	prayawaH	prayaw{puM;2;bahu(pra_prI3;Sawq_lat;X;curAxiH)}/prayaw{puM;5;eka(prI3;Sawq_lat;X;curAxiH)}/prayaw{puM;6;eka(prI3;Sawq_lat;X;curAxiH)}/prayaw{napuM;5;eka(prI3;Sawq_lat;X;curAxiH)}/prayaw{napuM;6;eka(prI3;Sawq_lat;X;curAxiH)}/prayawa{puM;1;eka(yaw1;GaF;X;BvAxiH)}	prayawa{puM;1;eka(yaw1;GaF;X;BvAxiH)}	viSeRaNam,1.1	viSeRaNam,10.1#viSeRaNam,4.1#viSeRaNam,3.1#karwA,12.1#RaRTIsambanXaH,11.1#RaRTIsambanXaH,6.2#RaRTIsambanXaH,4.1#RaRTIsambanXaH,3.1#BAvalakRaNasapwamI_samAnakAlaH,12.1#hewuH5,12.1	1	3	17	upaniRax	kaTopaniRax	-
8.1	SrAxXakAle	8.1	SrAxXakAle	SrAxXakAla{puM;7;eka}	SrAxXakAla{puM;7;eka}	samucciwaH,6.2	samucciwaH,6.2	1	3	17	upaniRax	kaTopaniRax	-
9.1	vA	7.1	vA	vA{avya}	vA{avya}	anyawara_xyowakaH,8.1	-	1	3	17	upaniRax	kaTopaniRax	-
1.1	parAFci	-	parAFci	parAFc{napuM;2;bahu}#parAFcI{swrI;8;eka}/parAFc{puM;7;eka}	parAFc{napuM;2;bahu}	viSeRaNam,2.1	aXikaraNam,17.1#aXikaraNam,7.1#aXikaraNam,3.1#BkarwA,7.1	1	4	01	upaniRax	kaTopaniRax	-
10.1	kaSciw	-	kaSciw	kiFciw{sarvanAma;puM;1;eka}	kiFciw{sarvanAma;puM;1;eka}	viSeRaNam,11.1	viSeRaNam,17.1#viSeRaNam,11.1#viSeRaNam,4.2#karwA,7.1#karwA,3.1	1	4	01	upaniRax	kaTopaniRax	-
11.1	XIraH	-	XIraH	XIra{puM;1;eka}	XIra{puM;1;eka}	karwA,14.1	viSeRaNam,17.1#viSeRaNam,10.1#viSeRaNam,4.2#karwA,7.1	1	4	01	upaniRax	kaTopaniRax	-
12.1	prawyag	-	prawyag	prawyac{napuM,1,eka}	prawyac{napuM,1,eka}	karwqsamAnAXikaraNam,14.1	karwqsamAnAXikaraNam,14.1	1	4	01	upaniRax	kaTopaniRax	-
13.1	AwmAnam	-	AwmAnam	Awman{puM;2;eka}	Awman{puM;2;eka}	karma,14.1	karma,17.1#karma,7.1	1	4	01	upaniRax	kaTopaniRax	-
14.1	EkRaw	-	EkRaw	A_IkR{karwari{laf;pra;eka;parasmEpaxI;BvAxiH}	A_IkR{karwari{laf;pra;eka;parasmEpaxI;BvAxiH}	-	-	1	4	01	upaniRax	kaTopaniRax	-
15.1	Avqwwa-	-	Avqwwa-cakRus	Avqwwa(Af_vqw1;kwa;X;BvAxiH)	Avqwwa(Af_vqw1;kwa;X;BvAxiH)	karmaXArayaH_1,15.2	karmaXArayaH_1,15.2	1	4	01	upaniRax	kaTopaniRax	-
15.2	cakRuH	-	--	cakRus{napuM;1;eka}/cakRus{napuM;2;eka}/cakRus{napuM;8;eka}	cakRus{napuM;1;eka}	karwA,17.1	samboXyaH,7.1#samboXyaH,3.1#karma,17.1	1	4	01	upaniRax	kaTopaniRax	-
16.1	amqwawvam	-	amqwawvam	amqwawva{puM;2;eka}	amqwawva{puM;2;eka}	karma,17.1	karma,17.1	1	4	01	upaniRax	kaTopaniRax	-
17.1	icCan	-	icCan	icCaw{puM;1;eka(iR2;Sawq_lat;X;wuxAxiH)}	icCaw{puM;1;eka(iR2;Sawq_lat;X;wuxAxiH)}	varwamAnasamAnakAlaH,14.1	varwamAnasamAnakAlaH,7.1#varwamAnasamAnakAlaH,3.1	1	4	01	upaniRax	kaTopaniRax	-
2.1	KAni	-	KAni	Ka{napuM;1;bahu}/Ka{napuM;2;bahu}/Ka{napuM;8;bahu}	Ka{napuM;2;bahu}	karma,3.1	karma,7.1	1	4	01	upaniRax	kaTopaniRax	-
3.1	vyawqNaw	-	vyawqNaw	vi_wqx1{karwari;laf;pra;eka;parasmEpaxI;ruXAxiH}/vi_wqx1{karwari{laf;ma;eka;parasmEpaxI;ruXAxiH}	vi_wqx1{karwari;laf;pra;eka;parasmEpaxI;ruXAxiH}	-	-	1	4	01	upaniRax	kaTopaniRax	-
4.1	svayam-	-	svaya-BU	svayam	svayam	bahuvrIhiH,4.2	bahuvrIhiH,4.2#RaRTI_wawpuruRaH,4.2	1	4	01	upaniRax	kaTopaniRax	-
4.2	BUH	-	--	BU{swrI;1;eka}/BU{swrI;8;eka}/BU{puM;8;eka}/BU{puM;1;eka}	BU{swrI;1;eka}	karwA,3.1	viSeRaNam,17.1#viSeRaNam,11.1#karwA,7.1#karwA,3.1#samboXyaH,7.1#samboXyaH,3.1	1	4	01	upaniRax	kaTopaniRax	-
5.1	wasmAw	-	wasmAw	wax{sarvanAma;puM;5;eka}/wax{sarvanAma;napuM;5;eka}	wax{sarvanAma;puM;5;eka}	kArya_xyowakaH,7.1	kArya_xyowakaH,7.1#kArya_xyowakaH,3.1	1	4	01	upaniRax	kaTopaniRax	-
6.1	parAf	-	parAf	parAc{puM,1,eka}	parAc{puM,1,eka}	karwA,7.1	karwA,7.1	1	4	01	upaniRax	kaTopaniRax	-
7.1	paSyawi	-	paSyawi	xqS1{karwari;lat;pra;eka;parasmEpaxI;BvAxiH}/paSyaw{puM;7;eka(xqS1;Sawq_lat;X;BvAxiH)}/paSyaw{napuM;7;eka(xqS1;Sawq_lat;X;BvAxiH)}	xqS1{karwari;lat;pra;eka;parasmEpaxI;BvAxiH}	-	BAvalakRaNasapwamI_samAnakAlaH,3.1	1	4	01	upaniRax	kaTopaniRax	-
8.1	na	-	na	na{avya}	na{avya}	prawiReXaH,9.2	prawiReXaH,9.2	1	4	01	upaniRax	kaTopaniRax	-
9.1	anwara-	-	anwara-Awman	anwara	anwara	bahuvrIhiH,9.2	bahuvrIhiH,9.2#RaRTI_wawpuruRaH,9.2	1	4	01	upaniRax	kaTopaniRax	-
9.2	Awman	-	--	Awman{puM;8;eka}	Awman{puM;8;eka}	karwqsamAnAXikaraNam,7.1	karwqsamAnAXikaraNam,7.1#viSeRaNam,4.2#samboXyaH,7.1#samboXyaH,3.1	1	4	01	upaniRax	kaTopaniRax	-
1.1	parAcaH	-	parAcaH	parAc{puM;6;eka}	parAc{puM;6;eka}	RaRTIsambanXaH,3.1	RaRTIsambanXaH,3.1	1	4	02	upaniRax	kaTopaniRax	-
10.1	aWa	-	aWa	aWa{avya}	aWa{avya}	sambanXaH,13.1	viroXa_xyowakaH,18.1#sup_samuccaya_xyowakaH,14.1#sup_samuccaya_xyowakaH,9.1#sup_samuccaya_xyowakaH,4.1#sup_samuccaya_xyowakaH,2.1#sambanXaH,18.1	1	4	02	upaniRax	kaTopaniRax	-
11.1	XIrAH	-	XIrAH	XIra{puM;1;bahu}/XIrA{swrI;1;bahu}/XIrA{swrI;2;bahu}/XIra{puM;8;bahu}/XIrA{swrI;8;bahu}	XIra{puM;1;bahu}	karwA,13.1	viSeRaNam,4.1#sup_samucciwaH,14.1#sup_samucciwaH,9.1#sup_samucciwaH,4.1#sup_samucciwaH,2.1#karmasamAnAXikaraNam,4.1#karmasamAnAXikaraNam,2.1#karma,18.1#karma,13.1#karma,7.1#karwA,18.1#karwA,7.1#viSeRaNam,5.1	1	4	02	upaniRax	kaTopaniRax	-
12.1	amqwawvam	-	amqwawvam	amqwawva{puM;2;eka}	amqwawva{puM;2;eka}	karma,13.1	karma,13.1	1	4	02	upaniRax	kaTopaniRax	-
13.1	vixiwvA	-	vixiwvA	vix1{avya;kwvA;axAxiH}/vix3{avya;kwvA;wuxAxiH}	vix1{avya;kwvA;axAxiH}	pUrvakAlaH,18.1	pUrvakAlaH,18.1#pUrvakAlaH,7.1#pUrvakAlaH,3.1	1	4	02	upaniRax	kaTopaniRax	-
14.1	Xruvam	-	Xruvam	Xruva{puM;2;eka}/Xruva{napuM;1;eka}/Xruva{napuM;2;eka}	Xruva{puM;2;eka}	karma,18.1	karmasamAnAXikaraNam,9.1#karma,18.1#karma,13.1#karma,7.1#viSeRaNam,9.1	1	4	02	upaniRax	kaTopaniRax	-
15.1	aXruveRu	-	aXruveRu	aXruva{puM;7;bahu}/aXruva{napuM;7;bahu}	aXruva{puM;7;bahu}	aXikaraNam,18.1	aXikaraNam,18.1#aXikaraNam,13.1#aXikaraNam,8.1#aXikaraNam,7.1#aXikaraNam,3.1	1	4	02	upaniRax	kaTopaniRax	-
16.1	iha	-	iha	iha{avya}	iha{avya}	xeSAXikaraNam,18.1	xeSAXikaraNam,18.1#xeSAXikaraNam,13.1#xeSAXikaraNam,8.1#xeSAXikaraNam,7.1#xeSAXikaraNam,3.1	1	4	02	upaniRax	kaTopaniRax	-
17.1	na	-	na	na{avya}	na{avya}	prawiReXaH,18.1	prawiReXaH,18.1	1	4	02	upaniRax	kaTopaniRax	-
18.1	prArWayanwe	-	prArWayanwe	pra_arWa1{karwari;lat;pra;bahu;AwmanepaxI;curAxiH}	pra_arWa1{karwari;lat;pra;bahu;AwmanepaxI;curAxiH}	-	viroXakaH,7.1#viroXakaH,3.1	1	4	02	upaniRax	kaTopaniRax	-
2.1	kAmAn	-	kAmAn	kAma{puM;2;bahu}	kAma{puM;2;bahu}	karma,3.1	karmasamAnAXikaraNam,11.1#karmasamAnAXikaraNam,4.1#karma,13.1#karma,7.1#Bkarma,8.1	1	4	02	upaniRax	kaTopaniRax	-
3.1	anuyanwi	-	anuyanwi	anu_i1{karwari;lat;pra;bahu;parasmEpaxI;axAxiH}	anu_i1{karwari;lat;pra;bahu;parasmEpaxI;axAxiH}	-	-	1	4	02	upaniRax	kaTopaniRax	-
4.1	bAlAH	-	bAlAH	bAla{puM;1;bahu}/bAlA{swrI;1;bahu}/bAlA{swrI;2;bahu}/bAla{puM;8;bahu}/bAlA{swrI;8;bahu}	bAla{puM;1;bahu}	karwA,3.1	viSeRaNam,11.1#karmasamAnAXikaraNam,11.1#karmasamAnAXikaraNam,2.1#karma,13.1#karma,7.1#Bkarma,8.1#karwA,7.1#karwA,3.1#viSeRaNam,5.1	1	4	02	upaniRax	kaTopaniRax	-
5.1	we	-	we	wax{sarvanAma;puM;1;bahu}/wax{sarvanAma;napuM;1;xvi}/wax{sarvanAma;napuM;2;xvi}/wax{sarvanAma;swrI;1;xvi}/wax{sarvanAma;swrI;2;xvi}/yuRmax{sarvanAma;6;eka}/yuRmax{sarvanAma;4;eka}	wax{sarvanAma;puM;1;bahu}	karwA,7.1	prayojanam1,18.1#prayojanam1,13.1#prayojanam1,8.1#prayojanam1,7.1#prayojanam1,3.1#RaRTIsambanXaH,15.1#RaRTIsambanXaH,14.1#RaRTIsambanXaH,11.1#RaRTIsambanXaH,9.1#RaRTIsambanXaH,6.1#RaRTIsambanXaH,4.1#RaRTIsambanXaH,2.1#BkarwA,8.1#karma,13.1#karma,7.1#Bkarma,8.1#viSeRaNam,11.1#viSeRaNam,4.1#karwA,7.1#karwA,3.1	1	4	02	upaniRax	kaTopaniRax	-
6.1	mqwyoH	-	mqwyoH	mqwi{swrI;6;xvi}/mqwyu{puM;5;eka}/mqwyu{puM;6;eka}/mqwi{swrI;7;xvi}	mqwi{swrI;6;xvi}/mqwyu{puM;5;eka}/mqwyu{puM;6;eka}	RaRTIsambanXaH,9.1	aXikaraNam,18.1#aXikaraNam,13.1#aXikaraNam,8.1#aXikaraNam,7.1#aXikaraNam,3.1#BkarwA,8.1#viSeRaNam,8.1#viSeRaNam,5.1#RaRTIsambanXaH,15.1#RaRTIsambanXaH,14.1#RaRTIsambanXaH,11.1#RaRTIsambanXaH,9.1#RaRTIsambanXaH,4.1#RaRTIsambanXaH,2.1#hewuH5,18.1#hewuH5,13.1#hewuH5,8.1#hewuH5,7.1#hewuH5,3.1#apAxAnam,13.1#apAxAnam,7.1	1	4	02	upaniRax	kaTopaniRax	-
7.1	yanwi	-	yanwi	i1{karwari;lat;pra;bahu;parasmEpaxI;axAxiH}	i1{karwari;lat;pra;bahu;parasmEpaxI;axAxiH}	-	-	1	4	02	upaniRax	kaTopaniRax	-
8.1	viwawasya	-	viwawasya	viwawa{puM;6;eka(vi_wan1;kwa;X;wanAxiH)}/viwawa{napuM;6;eka(vi_wan1;kwa;X;wanAxiH)}	viwawa{puM;6;eka(vi_wan1;kwa;X;wanAxiH)}	RaRTIsambanXaH,7.1	viSeRaNam,5.1#RaRTIsambanXaH,15.1#RaRTIsambanXaH,14.1#RaRTIsambanXaH,11.1#RaRTIsambanXaH,9.1#RaRTIsambanXaH,6.1#RaRTIsambanXaH,4.1#RaRTIsambanXaH,2.1#BAvalakRaNasapwamI_pUrvakAlaH,18.1#BAvalakRaNasapwamI_pUrvakAlaH,7.1#BAvalakRaNasapwamI_pUrvakAlaH,3.1#viSeRaNam,6.1	1	4	02	upaniRax	kaTopaniRax	-
9.1	pASam	-	pASam	pASa{puM;2;eka}	pASa{puM;2;eka}	karma,7.1	karmasamAnAXikaraNam,14.1#karma,13.1#karma,7.1#Bkarma,8.1	1	4	02	upaniRax	kaTopaniRax	-
1.1	yena	-	yena	yena{avya}/yax{sarvanAma;puM;3;eka}/yax{sarvanAma;napuM;3;eka}	yax{sarvanAma;puM;3;eka}	viSeRaNam,9.1#hewuH,14.1	viSeRaNam,9.1#niwya_sambanXaH1,17.1#niwya_sambanXaH1,15.1#niwya_sambanXaH1,9.1#hewuH,14.1#hewuH,11.1	1	4	03	upaniRax	kaTopaniRax	-
10.1	eva	-	eva	eva{avya}	eva{avya}	sambanXaH,9.1	sambanXaH,9.1	1	4	03	upaniRax	kaTopaniRax	-
11.1	vijAnAwi	-	vijAnAwi	vi_jFA2{karwari;lat;pra;eka;parasmEpaxI;kryAxiH}	vi_jFA2{karwari;lat;pra;eka;parasmEpaxI;kryAxiH}	-	-	1	4	03	upaniRax	kaTopaniRax	-
12.1	kim	-	kim	kim{avya}/kim{sarvanAma;napuM;1;eka}/kim{sarvanAma;napuM;2;eka}	kim{avya}/kim{sarvanAma;napuM;1;eka}/kim{sarvanAma;napuM;2;eka}	karwA,14.1	viSeRaNam,17.1#viSeRaNam,15.1#viSeRaNam,2.1#karwA,11.1#sambanXaH,14.1#prayojanam1,14.1	1	4	03	upaniRax	kaTopaniRax	-
13.1	awra	-	awra	awra{avya}	awra{avya}	xeSAXikaraNam,14.1	xeSAXikaraNam,14.1#xeSAXikaraNam,11.1	1	4	03	upaniRax	kaTopaniRax	-
14.1	pariSiRyawe	-	pariSiRyawe	pari_SiR2{karmaNi;lat;pra;eka;AwmanepaxI;ruXAxiH}	pari_SiR2{karmaNi;lat;pra;eka;AwmanepaxI;ruXAxiH}	-	-	1	4	03	upaniRax	kaTopaniRax	-
15.1	ewaw	-	ewaw	ewax{sarvanAma;napuM;1;eka}/ewax{sarvanAma;napuM;2;eka}	ewax{sarvanAma;napuM;2;eka}/ewax{sarvanAma;napuM;1;eka}	karwA,18.1	viSeRaNam,17.1#viSeRaNam,2.1#sup_samucciwaH,6.1#karwA,11.1	1	4	03	upaniRax	kaTopaniRax	-
16.1	vE	-	vE	vE{avya}	vE{avya}	sambanXaH,18.1	sambanXaH,18.1	1	4	03	upaniRax	kaTopaniRax	-
17.1	waw	-	waw	wax{sarvanAma;napuM;1;eka}/wax{sarvanAma;napuM;2;eka}	wax{sarvanAma;napuM;2;eka}/wax{sarvanAma;napuM;1;eka}	viSeRaNam,15.1	niwya_sambanXaH,15.1#viSeRaNam,15.1#viSeRaNam,2.1#karwA,11.1	1	4	03	upaniRax	kaTopaniRax	-
18.1	(aswi)	-	-	as2{karwari;lat;pra;eka;parasmEpaxI;axAxiH}	as2{karwari;lat;pra;eka;parasmEpaxI;axAxiH}	-	-	1	4	03	upaniRax	kaTopaniRax	-
2.1	rUpam	-	rUpam	rUpa{napuM;1;eka}/rUpa{napuM;2;eka}	rUpa{napuM;2;eka}	samucciwaH,6.1	sup_samucciwaH,6.1	1	4	03	upaniRax	kaTopaniRax	-
3.1	rasam	-	rasam	rasa{puM;2;eka}	rasa{puM;2;eka}	samucciwaH,6.1	sup_samucciwaH,6.1	1	4	03	upaniRax	kaTopaniRax	-
4.1	ganXam	-	ganXam	ganXa{puM;2;eka}	ganXa{puM;2;eka}	samucciwaH,6.1	sup_samucciwaH,6.1	1	4	03	upaniRax	kaTopaniRax	-
5.1	SabxAn	-	SabxAn	Sabxa{puM;2;bahu}	Sabxa{puM;2;bahu}	samucciwaH,6.1	sup_samucciwaH,6.1	1	4	03	upaniRax	kaTopaniRax	-
6.1	sparSAn	-	sparSAn	sparSa{puM;2;bahu}	sparSa{puM;2;bahu}	karma,11.1	samucciwaH,6.1	1	4	03	upaniRax	kaTopaniRax	-
7.1	ca	-	ca	ca{avya}	ca{avya}	samuccaya_xyowakaH,6.1	sup_samuccaya_xyowakaH,6.1#sambanXaH,6.1	1	4	03	upaniRax	kaTopaniRax	-
8.1	mEWunAn	-	mEWunAn	mEWuna{puM;2;bahu}	mEWuna{puM;2;bahu}	samucciwaH,6.1	sup_samucciwaH,6.1	1	4	03	upaniRax	kaTopaniRax	-
9.1	ewena	-	ewena	ewax{sarvanAma;puM;3;eka}/ewax{sarvanAma;napuM;3;eka}	ewax{sarvanAma;puM;3;eka}	hewuH,11.1	viSeRaNam,1.1#karwA,14.1#hewuH,14.1#hewuH,11.1	1	4	03	upaniRax	kaTopaniRax	-
1.1	svapna-	-	svapna-anwa	svapna	svapna	RaRTI_wawpuruRaH,1.2	bahuvrIhiH,1.2#RaRTI_wawpuruRaH,1.2	1	4	04	upaniRax	kaTopaniRax	-
1.2	anwam	-	--	anwa{puM;2;eka}/anwa{napuM;1;eka}/anwa{napuM;2;eka}	anwa{puM;2;eka}	karma,6.1	viSeRaNam,2.2#sup_samucciwaH,2.2#karmasamAnAXikaraNam,9.1#karmasamAnAXikaraNam,8.1#karmasamAnAXikaraNam,7.1#karmasamAnAXikaraNam,2.2#karma,10.1#karma,6.1#karwA,6.1#viSeRaNam,9.1#viSeRaNam,8.1#viSeRaNam,7.1	1	4	04	upaniRax	kaTopaniRax	-
10.1	mawvA	-	mawvA	man1{avya;kwvA;xivAxiH}/man2{avya;kwvA;wanAxiH}	man1{avya;kwvA;xivAxiH}	pUrvakAlaH,13.1	pUrvakAlaH,13.1#pUrvakAlaH,6.1	1	4	04	upaniRax	kaTopaniRax	-
11.1	XIraH	-	XIraH	XIra{puM;1;eka}	XIra{puM;1;eka}	karwA,13.1	sup_samucciwaH,2.2#karwA,13.1#karwA,6.1	1	4	04	upaniRax	kaTopaniRax	-
12.1	na	-	na	na{avya}	na{avya}	prawiReXaH,13.1	prawiReXaH,13.1	1	4	04	upaniRax	kaTopaniRax	-
13.1	Socawi	-	Socawi	Suc1{karwari;lat;pra;eka;parasmEpaxI;BvAxiH}	Suc1{karwari;lat;pra;eka;parasmEpaxI;BvAxiH}	-	-	1	4	04	upaniRax	kaTopaniRax	-
2.1	jAgariwa-	-	jAgariwa-anwa	jAgariwa(jAgq1;kwa;X;axAxiH)	jAgariwa(jAgq1;kwa;X;axAxiH)	RaRTI_wawpuruRaH,2.2	karmaXArayaH_1,2.2	1	4	04	upaniRax	kaTopaniRax	-
2.2	anwam	-	--	anwa{puM;2;eka}/anwa{napuM;1;eka}/anwa{napuM;2;eka}	anwa{puM;2;eka}	karmasamAnAXikaraNam,6.1	viSeRaNam,1.2#karmasamAnAXikaraNam,9.1#karmasamAnAXikaraNam,8.1#karmasamAnAXikaraNam,7.1#karmasamAnAXikaraNam,1.2#karma,10.1#karma,6.1#karwA,6.1#viSeRaNam,9.1#viSeRaNam,8.1#viSeRaNam,7.1	1	4	04	upaniRax	kaTopaniRax	-
3.1	ca	-	ca	ca{avya}	ca{avya}	sup_samuccaya_xyowakaH,2.2	sup_samuccaya_xyowakaH,2.2#sambanXaH,2.2	1	4	04	upaniRax	kaTopaniRax	-
4.1	uBO	-	uBO	uBa{sarvanAma;puM;1;xvi}/uBa{sarvanAma;puM;2;xvi}	uBa{sarvanAma;puM;2;xvi}	sup_samucciwaH,2.2	sup_samucciwaH,2.2#karma,10.1#karma,6.1	1	4	04	upaniRax	kaTopaniRax	-
5.1	yena	-	yena	yena{avya}/yax{sarvanAma;puM;3;eka}/yax{sarvanAma;napuM;3;eka}	yena{avya}/yax{sarvanAma;napuM;3;eka}	hewuH,6.1	hewuH,13.1#hewuH,10.1#hewuH,6.1	1	4	04	upaniRax	kaTopaniRax	-
6.1	anupaSyawi	-	anupaSyawi	anu_xqS1{karwari;lat;pra;eka;parasmEpaxI;BvAxiH}	anu_xqS1{karwari;lat;pra;eka;parasmEpaxI;BvAxiH}	-	-	1	4	04	upaniRax	kaTopaniRax	-
7.1	mahAnwam	-	mahAnwam	mahaw{puM;2;eka}	mahaw{puM;2;eka}	viSeRaNam,9.1	wIvrawAxarSI,8.1#viSeRaNam,9.1#viSeRaNam,8.1#viSeRaNam,2.2#viSeRaNam,1.2#sup_samucciwaH,2.2#karmasamAnAXikaraNam,9.1#karmasamAnAXikaraNam,8.1#karmasamAnAXikaraNam,2.2#karmasamAnAXikaraNam,1.2#karma,13.1#karma,10.1#karma,6.1	1	4	04	upaniRax	kaTopaniRax	-
8.1	viBum	-	viBum	viBu{puM;2;eka}	viBu{puM;2;eka}	viSeRaNam,9.1	sup_samucciwaH,2.2#karmasamAnAXikaraNam,9.1#karmasamAnAXikaraNam,7.1#karmasamAnAXikaraNam,2.2#karmasamAnAXikaraNam,1.2#karma,13.1#karma,10.1#karma,6.1	1	4	04	upaniRax	kaTopaniRax	-
9.1	AwmAnam	-	AwmAnam	Awman{puM;2;eka}	Awman{puM;2;eka}	karma,13.1	viSeRaNam,8.1#viSeRaNam,7.1#viSeRaNam,2.2#viSeRaNam,1.2#sup_samucciwaH,2.2#karma,13.1#karma,10.1#karma,6.1	1	4	04	upaniRax	kaTopaniRax	-
1.1	yaH	-	yaH	yax{sarvanAma;puM;1;eka}	yax{sarvanAma;puM;1;eka}	karwA,4.1	karwA,4.1	1	4	05	upaniRax	kaTopaniRax	-
10.1	na	-	na	na{avya}	na{avya}	prawiReXaH,12.1	prawiReXaH,13.1	1	4	05	upaniRax	kaTopaniRax	-
11.1	wawaH	-	wawaH	wawaH{avya}	wawaH{avya}	apAxAnam,12.1	hewuH5,4.1#apAxAnam,4.1	1	4	05	upaniRax	kaTopaniRax	-
12.1	vijugupsawe	-	vijugupsawe	vi_gup{karwari;lat;pra;eka;AwmanepaxI;axAxiH}	vi_gup{karwari;lat;pra;eka;AwmanepaxI;axAxiH}	-	-	1	4	05	upaniRax	kaTopaniRax	-
13.1	ewaw	-	ewaw	ewax{sarvanAma;napuM;1;eka}/ewax{sarvanAma;napuM;2;eka}	ewax{sarvanAma;napuM;1;eka}	karwA,16.1	viSeRaNam,15.1#viSeRaNam,8.1#viSeRaNam,6.1#viSeRaNam,3.2#viXeya_viSeRaNam,8.1#viXeya_viSeRaNam,6.1#viXeya_viSeRaNam,3.2#viXeya_viSeRaNam,2.1#viXeya_viSeRaNam,1.1	1	4	05	upaniRax	kaTopaniRax	-
14.1	vE	-	vE	vE{avya}	vE{avya}	sambanXaH,13.1	sambanXaH,13.1	1	4	05	upaniRax	kaTopaniRax	-
15.1	waw	-	waw	wax{sarvanAma;napuM;1;eka}/wax{sarvanAma;napuM;2;eka}	wax{sarvanAma;napuM;1;eka}	viSeRaNam,13.1	viSeRaNam,13.1#viSeRaNam,8.1#viSeRaNam,6.1#viSeRaNam,3.2#viXeya_viSeRaNam,13.1#viXeya_viSeRaNam,8.1#viXeya_viSeRaNam,6.1#viXeya_viSeRaNam,3.2#viXeya_viSeRaNam,2.1	1	4	05	upaniRax	kaTopaniRax	-
16.1	(aswi)	-	-	as2{karwari;lat;pra;eka;parasmEpaxI;axAxiH}	as2{karwari;lat;pra;eka;parasmEpaxI;axAxiH}	-	-	1	4	05	upaniRax	kaTopaniRax	-
2.1	ixam	-	ixam	ixam{sarvanAma;napuM;1;eka}/ixam{sarvanAma;napuM;2;eka}	ixam{sarvanAma;napuM;1;eka}	viSeRaNam,6.1	viSeRaNam,15.1#viSeRaNam,13.1#viSeRaNam,8.1#viSeRaNam,6.1#viSeRaNam,3.2#karma,4.1#viXeya_viSeRaNam,1.1#karwA,4.1	1	4	05	upaniRax	kaTopaniRax	-
3.1	maXu-	-	maXu-axa	maXu	maXu	xviwIyA_wawpuruRaH,3.2	xviwIyA_wawpuruRaH,3.2	1	4	05	upaniRax	kaTopaniRax	-
3.2	axam	-	--	axa{puM;2;eka}/axa{napuM;1;eka}/axa{napuM;2;eka}	axa{puM;2;eka}	viSeRaNam,6.1	viSeRaNam,8.1#viSeRaNam,6.1#karmasamAnAXikaraNam,15.1#karmasamAnAXikaraNam,13.1#karmasamAnAXikaraNam,8.1#karmasamAnAXikaraNam,6.1#karmasamAnAXikaraNam,5.1#karmasamAnAXikaraNam,2.1#karma,4.1#viXeya_viSeRaNam,2.1#viXeya_viSeRaNam,1.1#karwA,4.1	1	4	05	upaniRax	kaTopaniRax	-
4.1	vexa	-	vexa	vix1{karwari;lat;pra;eka;parasmEpaxI;axAxiH}/vix1{karwari;lat;u;eka;parasmEpaxI;axAxiH}/vexa{puM;8;eka}	vix1{karwari;lat;pra;eka;parasmEpaxI;axAxiH}	-	-	1	4	05	upaniRax	kaTopaniRax	-
5.1	AwmAnam	-	AwmAnam	Awman{puM;2;eka}	Awman{puM;2;eka}	karmasamAnAXikaraNam,4.1	viSeRaNam,8.1#viSeRaNam,6.1#viSeRaNam,3.2#karma,4.1	1	4	05	upaniRax	kaTopaniRax	-
6.1	jIvam	-	jIvam	jIva{puM;2;eka}/jIva{napuM;1;eka}/jIva{napuM;2;eka}	jIva{puM;2;eka}	karma,4.1	karmasamAnAXikaraNam,15.1#karmasamAnAXikaraNam,13.1#karmasamAnAXikaraNam,8.1#karmasamAnAXikaraNam,5.1#karmasamAnAXikaraNam,3.2#karmasamAnAXikaraNam,2.1#karma,4.1#viXeya_viSeRaNam,3.2#viXeya_viSeRaNam,2.1#viXeya_viSeRaNam,1.1#karwA,4.1	1	4	05	upaniRax	kaTopaniRax	-
7.1	anwikAw	-	anwikAw	anwika{puM;5;eka}	anwika{puM;5;eka}	kriyAviSeRaNam,4.1	xeSAXikaraNam_upa,9.2#xeSAXikaraNam_upa,8.1#kriyAviSeRaNam,9.2#kriyAviSeRaNam,8.1#kriyAviSeRaNam,4.1#hewuH5,9.2#hewuH5,8.1#hewuH5,4.1#apAxAnam,4.1	1	4	05	upaniRax	kaTopaniRax	-
8.1	ISAnam	-	ISAnam	ISAna{puM;2;eka}/ISAna{puM;2;eka(IS1;SAnac_lat;karwari;axAxiH)}/ISAna{napuM;1;eka(IS1;SAnac_lat;karwari;axAxiH)}/ISAna{napuM;2;eka(IS1;SAnac_lat;karwari;axAxiH)}	ISAna{puM;2;eka}	karma,12.1	viSeRaNam,15.1#viSeRaNam,13.1#viSeRaNam,6.1#viSeRaNam,3.2#viSeRaNam,2.1#karmasamAnAXikaraNam,6.1#karmasamAnAXikaraNam,5.1#karmasamAnAXikaraNam,3.2#karmasamAnAXikaraNam,2.1#karma,4.1#viXeya_viSeRaNam,6.1#viXeya_viSeRaNam,3.2#viXeya_viSeRaNam,2.1#viXeya_viSeRaNam,1.1#varwamAnasamAnakAlaH,4.1#viSeRaNam,5.1#karmasamAnAXikaraNam,15.1#karmasamAnAXikaraNam,13.1	1	4	05	upaniRax	kaTopaniRax	-
9.1	BUwa-	-	BUwa-Bavya	BUwa(BU1;kwa;X;BvAxiH)	BUwa(BU1;kwa;X;BvAxiH)	karmaXArayaH_1,9.2	wqwIyA_wawpuruRaH,9.2#karmaXArayaH_1,9.2	1	4	05	upaniRax	kaTopaniRax	-
9.2	Bavyasya	-	--	Bavya{puM;6;eka(as2;Nyaw;X;axAxiH)}/Bavya{napuM;6;eka(as2;Nyaw;X;axAxiH)}/Bavya{puM;6;eka(BU1;yaw;X;BvAxiH)}/Bavya{napuM;6;eka(BU1;yaw;X;BvAxiH)}/Bavya{puM;6;eka(BU2;yaw;X;curAxiH)}/Bavya{napuM;6;eka(BU2;yaw;X;curAxiH)}	Bavya{puM;6;eka(as2;Nyaw;X;axAxiH)}	RaRTIsambanXaH,8.1	upa_apekRA,7.1#RaRTIsambanXaH,8.1#RaRTIsambanXaH,7.1#RaRTIsambanXaH,6.1#RaRTIsambanXaH,5.1#RaRTIsambanXaH,4.1#RaRTIsambanXaH,3.2	1	4	05	upaniRax	kaTopaniRax	-
1.1	yaH	-	yaH	yax{sarvanAma;puM;1;eka}	yax{sarvanAma;puM;1;eka}	karwA,4.1	viSeRaNam,11.1#viSeRaNam,3.1#karwA,7.1	1	4	06	upaniRax	kaTopaniRax	-
10.1	wiRTanwam	-	wiRTanwam	wiRTaw{puM;2;eka(RWA1;Sawq_lat;X;BvAxiH)}	wiRTaw{puM;2;eka(RWA1;Sawq_lat;X;BvAxiH)}	karma,13.1	viSeRaNam,6.1#viSeRaNam,4.1#viSeRaNam,2.1#karma,9.1#karma,7.1	1	4	06	upaniRax	kaTopaniRax	-
11.1	yaH	-	yaH	yax{sarvanAma;puM;1;eka}	yax{sarvanAma;puM;1;eka}	karwA,13.1	viSeRaNam,3.1#viSeRaNam,1.1#karwA,7.1	1	4	06	upaniRax	kaTopaniRax	-
12.1	BUweBiH	-	BUweBiH	BUwa{puM;3;bahu}	BUwa{puM;3;bahu}	karaNam,13.1	karaNam,13.1	1	4	06	upaniRax	kaTopaniRax	-
13.1	vyapaSyawa	-	vyapaSyawa	vi_xqS{karwari;laf;pra;eka;AwmanepaxI;BvAxiH}	vi_xqS{karwari;laf;pra;eka;AwmanepaxI;BvAxiH}	-	-	1	4	06	upaniRax	kaTopaniRax	-
14.1	ewaw	-	ewaw	ewax{sarvanAma;napuM;1;eka}/ewax{sarvanAma;napuM;2;eka}	ewax{sarvanAma;napuM;1;eka}	karwA,17.1	viSeRaNam,16.1#viSeRaNam,6.1#viSeRaNam,4.1#viSeRaNam,2.1#karma,9.1#karma,7.1#karwA,7.1	1	4	06	upaniRax	kaTopaniRax	-
15.1	vE	-	vE	vE{avya}	vE{avya}	sambanXaH,14.1	sambanXaH,14.1	1	4	06	upaniRax	kaTopaniRax	-
16.1	waw	-	waw	wax{sarvanAma;napuM;1;eka}/wax{sarvanAma;napuM;2;eka}	wax{sarvanAma;napuM;1;eka}	viSeRaNam,14.1	viSeRaNam,14.1#viSeRaNam,6.1#viSeRaNam,4.1#viSeRaNam,2.1#karma,9.1	1	4	06	upaniRax	kaTopaniRax	-
17.1	(aswi)	-	-	as2{karwari;lat;pra;eka;parasmEpaxI;axAxiH}	as2{karwari;lat;pra;eka;parasmEpaxI;axAxiH}	-	-	1	4	06	upaniRax	kaTopaniRax	-
2.1	pUrvam	-	pUrvam	pUrva{puM;2;eka}/pUrva{sarvanAma;puM;2;eka}/pUrva{sarvanAma;napuM;1;eka}/pUrva{sarvanAma;napuM;2;eka}	pUrva{puM;2;eka}/pUrva{sarvanAma;napuM;1;eka}	kAlAXikaraNam,4.1	viSeRaNam,16.1#viSeRaNam,14.1#viSeRaNam,6.1#viSeRaNam,4.1#karma,9.1#kAlAXikaraNam,10.1#kAlAXikaraNam,9.1#kAlAXikaraNam,7.1#kAlAXikaraNam,4.1#aXikaraNam_upa,10.1#aXikaraNam_upa,9.1#aXikaraNam_upa,7.1#aXikaraNam_upa,4.1#karwA,7.1#karwA,4.1#viSeRaNam,10.1	1	4	06	upaniRax	kaTopaniRax	-
3.1	wapasaH	-	wapasaH	wapas{puM;1;bahu}/wapas{puM;2;bahu}/wapas{puM;5;eka}/wapas{puM;6;eka}/wapas{napuM;5;eka}/wapas{napuM;6;eka}/wapasa{puM;1;eka}/wapas{puM;8;bahu}	wapas{puM;1;bahu}/wapas{puM;5;eka}	hewuH5,4.1	karwA,7.1#RaRTIsambanXaH,8.1#RaRTIsambanXaH,6.1#RaRTIsambanXaH,5.1#RaRTIsambanXaH,4.1#RaRTIsambanXaH,2.1#upa_apekRA,2.1#hewuH5,10.1#hewuH5,9.1#hewuH5,7.1#hewuH5,4.1#apAxAnam,7.1#apAxAnam,4.1#karma,9.1#karma,7.1	1	4	06	upaniRax	kaTopaniRax	-
4.1	jAwam	-	jAwam	jAwa{napuM;1;eka}/jAwa{napuM;2;eka}/jAwa{puM;2;eka(jE1;kwa;X;BvAxiH)}/jAwa{napuM;1;eka(jE1;kwa;X;BvAxiH)}/jAwa{napuM;2;eka(jE1;kwa;X;BvAxiH)}/jAwa{puM;2;eka(jan2;kwa;X;xivAxiH)}/jAwa{napuM;1;eka(jan2;kwa;X;xivAxiH)}/jAwa{napuM;2;eka(jan2;kwa;X;xivAxiH)}	jAwa{napuM;1;eka}	-	viSeRaNam,16.1#viSeRaNam,14.1#viSeRaNam,6.1#viSeRaNam,2.1#karma,9.1#karma,7.1#karwA,7.1#viSeRaNam,10.1	1	4	06	upaniRax	kaTopaniRax	-
5.1	axByaH	-	axByaH	ap{swrI;4;bahu}/ap{swrI;5;bahu}	ap{swrI;4;bahu}	hewuH5,7.1	upa_apekRA,6.1#hewuH5,10.1#hewuH5,9.1#hewuH5,7.1#hewuH5,4.1#apAxAnam,7.1#apAxAnam,4.1#sampraxAnam,7.1#prayojanam1,10.1#prayojanam1,9.1#prayojanam1,4.1	1	4	06	upaniRax	kaTopaniRax	-
6.1	pUrvam	-	pUrvam	pUrva{puM;2;eka}/pUrva{sarvanAma;puM;2;eka}/pUrva{sarvanAma;napuM;1;eka}/pUrva{sarvanAma;napuM;2;eka}	pUrva{puM;2;eka}/pUrva{sarvanAma;napuM;1;eka}	kAlAXikaraNam,7.1	viSeRaNam,16.1#viSeRaNam,14.1#viSeRaNam,4.1#viSeRaNam,2.1#karma,9.1#kAlAXikaraNam,10.1#kAlAXikaraNam,9.1#kAlAXikaraNam,7.1#kAlAXikaraNam,4.1#aXikaraNam_upa,10.1#aXikaraNam_upa,9.1#aXikaraNam_upa,7.1#karwA,7.1#karwA,4.1#viSeRaNam,10.1	1	4	06	upaniRax	kaTopaniRax	-
7.1	ajAyawa	-	ajAyawa	jan1{karwari;laf;pra;eka;AwmanepaxI;xivAxiH}	jan1{karwari;laf;pra;eka;AwmanepaxI;xivAxiH}	-	-	1	4	06	upaniRax	kaTopaniRax	-
8.1	guhAm	-	guhAm	guhA{swrI;2;eka}	guhA{swrI;2;eka}	karma,9.1	karma,9.1#karma,7.1	1	4	06	upaniRax	kaTopaniRax	-
9.1	praviSya	-	praviSya	pra_viS1{avya;lyap;wuxAxiH}	pra_viS1{avya;lyap;wuxAxiH}	pUrvakAlaH,10.1	pUrvakAlaH,7.1#pUrvakAlaH,4.1	1	4	06	upaniRax	kaTopaniRax	-
1.1	yA	-	yA	yax{sarvanAma;swrI;1;eka}	yax{sarvanAma;swrI;1;eka}	viSeRaNam,4.1	viSeRaNam,9.1#viSeRaNam,4.1#karwA,3.1	1	4	07	upaniRax	kaTopaniRax	-
10.1	BUweBiH	-	BUweBiH	BUwa{puM;3;bahu}	BUwa{puM;3;bahu}	karaNam,11.1	karaNam,11.1	1	4	07	upaniRax	kaTopaniRax	-
11.1	vyajAyawa	-	vyajAyawa	vi_jan2{karwari;laf;pra;eka;AwmanepaxI;xivAxiH}/vi_jan2{BAve{laf;pra;eka;AwmanepaxI;xivAxiH}	vi_jan2{karwari;laf;pra;eka;AwmanepaxI;xivAxiH}	-	-	1	4	07	upaniRax	kaTopaniRax	-
12.1	ewaw	-	ewaw	ewax{sarvanAma;napuM;1;eka}/ewax{sarvanAma;napuM;2;eka}	ewax{sarvanAma;napuM;1;eka}	karwA,15.1	viSeRaNam,14.1#karma,7.1#karwA,11.1	1	4	07	upaniRax	kaTopaniRax	-
13.1	vE	-	vE	vE{avya}	vE{avya}	sambanXaH,12.1	sambanXaH,12.1	1	4	07	upaniRax	kaTopaniRax	-
14.1	waw	-	waw	wax{sarvanAma;napuM;1;eka}/wax{sarvanAma;napuM;2;eka}	wax{sarvanAma;napuM;1;eka}	viSeRaNam,12.1	viSeRaNam,12.1#karma,7.1#karwA,11.1	1	4	07	upaniRax	kaTopaniRax	-
15.1	(aswi)	-	-	as2{karwari;lat;pra;eka;parasmEpaxI;axAxiH}	as2{karwari;lat;pra;eka;parasmEpaxI;axAxiH}	-	-	1	4	07	upaniRax	kaTopaniRax	-
2.1	prANena	-	prANena	prANa{puM;3;eka}	prANa{puM;3;eka}	karaNam,3.1	karaNam,7.1#karaNam,3.1#hewuH,11.1#hewuH,8.1#hewuH,7.1#hewuH,3.1	1	4	07	upaniRax	kaTopaniRax	-
3.1	samBavawi	-	samBavawi	sam_BU1{karwari;lat;pra;eka;parasmEpaxI;BvAxiH}	sam_BU1{karwari;lat;pra;eka;parasmEpaxI;BvAxiH}	aBihiwa_karwA,4.1;sakarmaka	-	1	4	07	upaniRax	kaTopaniRax	-
4.1	axiwiH	-	axiwiH	axiwi{swrI;1;eka}	axiwi{swrI;1;eka}	karwA,3.1	karwA,11.1#karwA,3.1	1	4	07	upaniRax	kaTopaniRax	-
5.1	xevawAmayI	-	xevawAmayI	xevawAmayI{swrI;1;eka}	xevawAmayI{swrI;1;eka}	viSeRaNam,4.1	viSeRaNam,4.1	1	4	07	upaniRax	kaTopaniRax	-
6.1	guhAm	-	guhAm	guhA{swrI;2;eka}	guhA{swrI;2;eka}	karma,7.1	karma,7.1	1	4	07	upaniRax	kaTopaniRax	-
7.1	praviSya	-	praviSya	pra_viS1{avya;lyap;wuxAxiH}	pra_viS1{avya;lyap;wuxAxiH}	pUrvakAlaH,8.1	pUrvakAlaH,11.1	1	4	07	upaniRax	kaTopaniRax	-
8.1	wiRTanwIm	-	wiRTanwIm	wiRTanwI{swrI;2;eka(RWA1;Sawq_lat;X;BvAxiH)}	wiRTanwI{swrI;2;eka(RWA1;Sawq_lat;X;BvAxiH)}	karma,11.1	viSeRaNam,6.1#karma,7.1	1	4	07	upaniRax	kaTopaniRax	-
9.1	yA	-	yA	yax{sarvanAma;swrI;1;eka}	yax{sarvanAma;swrI;1;eka}	karwA,11.1	viSeRaNam,4.1#viSeRaNam,1.1#karwA,11.1#karwA,3.1	1	4	07	upaniRax	kaTopaniRax	-
1.1	araNyoH	-	araNyoH	araNi{puM;6;xvi}/araNI{swrI;6;xvi}/araNi{puM;7;xvi}/araNI{swrI;7;xvi}	araNi{puM;6;xvi}/araNi{puM;7;xvi}	aXikaraNam,2.1	aXikaraNam,10.1#aXikaraNam,2.1#karwA,10.1#karma,10.1#RaRTIsambanXaH,14.1#RaRTIsambanXaH,12.1#RaRTIsambanXaH,9.1#RaRTIsambanXaH,8.1#RaRTIsambanXaH,7.1#RaRTIsambanXaH,4.1#RaRTIsambanXaH,3.2	1	4	08	upaniRax	kaTopaniRax	-
10.1	IdyaH	-	IdyaH	Idya{puM;1;eka(Id1;Nyaw;X;axAxiH)}/Idya{puM;1;eka(Id2;yaw;X;curAxiH)}	Idya{puM;1;eka(Id1;Nyaw;X;axAxiH)}	-	-	1	4	08	upaniRax	kaTopaniRax	-
11.1	jAgqvaxBiH	-	jAgqvaxBiH	jAgq{mawup;puM;3;bahu}	jAgq{mawup;puM;3;bahu}	karwqsamAnAXikaraNam,10.1	karwqsamAnAXikaraNam,10.1	1	4	08	upaniRax	kaTopaniRax	-
12.1	haviRmaxBiH	-	haviRmaxBiH	haviR{mawup;puM;3;bahu}/haviR{mawup;napuM;3;bahu}	haviR{mawup;puM;3;bahu}	karwA,10.1	karwA,10.1#hewuH,10.1#hewuH,2.1	1	4	08	upaniRax	kaTopaniRax	-
13.1	manuRyeBiH	-	manuRyeBiH	manuRya{puM;3;bahu}	manuRya{puM;3;bahu}	karwqsamAnAXikaraNam,10.1	karwqsamAnAXikaraNam,10.1	1	4	08	upaniRax	kaTopaniRax	-
14.1	agniH	-	agniH	agni{puM;1;eka}	agni{puM;1;eka}	karma,10.1	karma,10.1	1	4	08	upaniRax	kaTopaniRax	-
15.1	ewaw	-	ewaw	ewax{sarvanAma;napuM;1;eka}/ewax{sarvanAma;napuM;2;eka}	ewax{sarvanAma;napuM;1;eka}	karwA,18.1	viSeRaNam,17.1#karma,10.1	1	4	08	upaniRax	kaTopaniRax	-
16.1	vE	-	vE	vE{avya}	vE{avya}	sambanXaH,15.1	sambanXaH,15.1	1	4	08	upaniRax	kaTopaniRax	-
17.1	waw	-	waw	wax{sarvanAma;napuM;1;eka}/wax{sarvanAma;napuM;2;eka}	wax{sarvanAma;napuM;1;eka}	viSeRaNam,15.1	viSeRaNam,15.1#karma,10.1	1	4	08	upaniRax	kaTopaniRax	-
18.1	(aswi)	-	-	as2{karwari;lat;pra;eka;parasmEpaxI;axAxiH}	as2{karwari;lat;pra;eka;parasmEpaxI;axAxiH}	-	-	1	4	08	upaniRax	kaTopaniRax	-
2.1	nihiwaH	-	nihiwaH	nihiwa{puM;1;eka(ni_XA1;kwa;X;juhowyAxiH)}	nihiwa{puM;1;eka(ni_XA1;kwa;X;juhowyAxiH)}	-	-	1	4	08	upaniRax	kaTopaniRax	-
3.1	jAwa-	-	jAwa-vexa	jAwa(jE1;kwa;X;BvAxiH)}/jAwa(jan2{kwa;X;xivAxiH)	jAwa(jE1;kwa;X;BvAxiH)	bahuvrIhiH,3.2	karmaXArayaH_1,3.2#bahuvrIhiH,3.2	1	4	08	upaniRax	kaTopaniRax	-
3.2	vexAH	-	--	vexa{puM;1;bahu}/vexa{puM;8;bahu}/vexA{swrI;8;bahu}/vexA{swrI;1;bahu}/vexA{swrI;2;bahu}	vexa{puM;1;bahu}	karma,2.1	karma,10.1	1	4	08	upaniRax	kaTopaniRax	-
4.1	garBaH	-	garBaH	garBa{puM;1;eka}	garBa{puM;1;eka}	upamAnam,6.1	upamAnam,3.2#karma,10.1#karma,2.1	1	4	08	upaniRax	kaTopaniRax	-
5.1	iva	-	iva	iva{avya}	iva{avya}	upamAna_xyowakaH,4.1	upamAna_xyowakaH,4.1	1	4	08	upaniRax	kaTopaniRax	-
6.1	suBqwaH	-	suBqwaH	suBqwa{puM;1;eka(su_Bq1;kwa;juhowyAxiH)}	suBqwa{puM;1;eka(su_Bq1;kwa;juhowyAxiH)}	-	-	1	4	08	upaniRax	kaTopaniRax	-
7.1	garBiNIBiH	-	garBiNIBiH	garBiNI{swrI;3;bahu}	garBiNI{swrI;3;bahu}	karwA,6.1	karwA,10.1#karwA,2.1#hewuH,10.1#hewuH,2.1	1	4	08	upaniRax	kaTopaniRax	-
8.1	xive	-	xive	xiv{swrI;4;eka}/xivi{puM;8;eka}/xiva{napuM;7;eka}	xiv{swrI;4;eka}/xiva{napuM;7;eka}	vIpsA,9.1	vIpsA,9.1#upamAnam,1.1#aXikaraNam,10.1#aXikaraNam,2.1#upamAnam,3.2#prayojanam1,10.1#prayojanam1,2.1	1	4	08	upaniRax	kaTopaniRax	-
9.1	xive	-	xive	xiv{swrI;4;eka}/xivi{puM;8;eka}/xiva{napuM;7;eka}	xiv{swrI;4;eka}/xiva{napuM;7;eka}	aXikaraNam,10.1	upamAnam,1.1#aXikaraNam,10.1#aXikaraNam,2.1#upamAnam,3.2#prayojanam1,10.1#prayojanam1,2.1	1	4	08	upaniRax	kaTopaniRax	-
1.1	yawaH	-	yawaH	yawaH{avya}	yawaH{avya}	kAraNa_xyowakaH,3.1	kAraNa_xyowakaH,17.1#kAraNa_xyowakaH,8.1#kAraNa_xyowakaH,3.1#hewuH5,17.1#hewuH5,8.1#hewuH5,3.1#apAxAnam,8.1	1	4	09	upaniRax	kaTopaniRax	-
10.1	xevAH	-	xevAH	xeva{puM;1;bahu}/xeva{puM;8;bahu}	xeva{puM;1;bahu}	karwA,13.1	samboXyaH,17.1#samboXyaH,8.1#samboXyaH,5.1#samboXyaH,3.1	1	4	09	upaniRax	kaTopaniRax	-
11.1	sarve	-	sarve	sarva{sarvanAma;puM;1;bahu}/sarva{sarvanAma;napuM;1;xvi}/sarva{sarvanAma;napuM;2;xvi}/sarvA{sarvanAma;swrI;1;xvi}/sarvA{sarvanAma;swrI;2;xvi}	sarva{sarvanAma;puM;1;bahu}	viSeRaNam,10.1	karma,17.1#karma,8.1	1	4	09	upaniRax	kaTopaniRax	-
12.1	arpiwAH	-	arpiwAH	arpiwa{puM;1;bahu}	arpiwa{puM;1;bahu}	karwqsamAnAXikaraNam,13.1	karwqsamAnAXikaraNam,13.1	1	4	09	upaniRax	kaTopaniRax	-
13.1	(sanwi)	-	-	as2{karwari;lat;pra;bahu;parasmEpaxI;axAxiH}	as2{karwari;lat;pra;bahu;parasmEpaxI;axAxiH}	-	-	1	4	09	upaniRax	kaTopaniRax	-
14.1	wax	-	wax	wax{sarvanAma;napuM;1;eka}/wax{sarvanAma;napuM;2;eka}	wax{sarvanAma;napuM;1;eka}/wax{sarvanAma;napuM;2;eka}	karma,17.1	viSeRaNam,21.1#viSeRaNam,19.1#viSeRaNam,5.1#karma,17.1#karma,8.1#karwA,17.1#karwA,8.1	1	4	09	upaniRax	kaTopaniRax	-
15.1	u	-	u	u{avya}	u{avya}	sambanXaH,14.1	sambanXaH,14.1	1	4	09	upaniRax	kaTopaniRax	-
16.1	na	-	na	na{avya}	na{avya}	prawiReXaH,17.1	prawiReXaH,17.1	1	4	09	upaniRax	kaTopaniRax	-
17.1	awyewi	-	awyewi	awi_i1{karwari;lat;pra;eka;parasmEpaxI;axAxiH}	awi_i1{karwari;lat;pra;eka;parasmEpaxI;axAxiH}	-	-	1	4	09	upaniRax	kaTopaniRax	-
18.1	kaScana	-	kaScana	kiFcana{sarvanAma;puM;1;eka}	kiFcana{sarvanAma;puM;1;eka}	karwA,17.1	viSeRaNam,4.1#karwA,17.1	1	4	09	upaniRax	kaTopaniRax	-
19.1	ewaw	-	ewaw	ewax{sarvanAma;napuM;1;eka}/ewax{sarvanAma;napuM;2;eka}	ewax{sarvanAma;napuM;1;eka}	karwA,22.1	viSeRaNam,21.1#viSeRaNam,14.1#viSeRaNam,5.1#karma,17.1#karwA,17.1	1	4	09	upaniRax	kaTopaniRax	-
2.1	ca	-	ca	ca{avya}	ca{avya}	sambanXaH,1.1	sup_samucciwaH,6.1#sambanXaH,1.1	1	4	09	upaniRax	kaTopaniRax	-
20.1	vE	-	vE	vE{avya}	vE{avya}	sambanXaH,19.1	sambanXaH,19.1	1	4	09	upaniRax	kaTopaniRax	-
21.1	waw	-	waw	wax{sarvanAma;napuM;1;eka}/wax{sarvanAma;napuM;2;eka}	wax{sarvanAma;napuM;1;eka}	viSeRaNam,19.1	viSeRaNam,19.1#viSeRaNam,14.1#viSeRaNam,5.1#karma,17.1#karwA,17.1	1	4	09	upaniRax	kaTopaniRax	-
22.1	(aswi)	-	-	as2{karwari;lat;pra;eka;parasmEpaxI;axAxiH}	as2{karwari;lat;pra;eka;parasmEpaxI;axAxiH}	-	-	1	4	09	upaniRax	kaTopaniRax	-
3.1	uxewi	-	uxewi	uw_i1{karwari;lat;pra;eka;parasmEpaxI;axAxiH}	uw_i1{karwari;lat;pra;eka;parasmEpaxI;axAxiH}	-	-	1	4	09	upaniRax	kaTopaniRax	-
4.1	sUryaH	-	sUryaH	sUrI{swrI;1;bahu}/sUrya{puM;1;eka}/sUrI{swrI;8;bahu}	sUrI{swrI;1;bahu}/sUrya{puM;1;eka}	karwA,3.1	karwA,8.1#karwA,3.1	1	4	09	upaniRax	kaTopaniRax	-
5.1	aswam	-	aswam	aswa{puM;2;eka}/aswa{puM;2;eka(as3;kwa;X;xivAxiH)}/aswa{napuM;1;eka(as3;kwa;X;xivAxiH)}/aswa{napuM;2;eka(as3;kwa;X;xivAxiH)}	aswa{puM;2;eka}/aswa{napuM;1;eka(as3;kwa;X;xivAxiH)}/aswa{napuM;2;eka(as3;kwa;X;xivAxiH)}	karwA,8.1	viSeRaNam,21.1#viSeRaNam,19.1#viSeRaNam,14.1#karma,8.1#karwA,8.1#karwA,3.1#viSeRaNam,9.1	1	4	09	upaniRax	kaTopaniRax	-
6.1	yawra	-	yawra	yawra{avya}	yawra{avya}	xeSAXikaraNam,8.1	xeSAXikaraNam,17.1#xeSAXikaraNam,8.1#xeSAXikaraNam,5.1#xeSAXikaraNam,3.1	1	4	09	upaniRax	kaTopaniRax	-
7.1	ca	-	ca	ca{avya}	ca{avya}	sambanXaH,6.1	sup_samuccaya_xyowakaH,6.1#samuccaya_xyowakaH,3.1#sambanXaH,6.1	1	4	09	upaniRax	kaTopaniRax	-
8.1	gacCawi	-	gacCawi	gam1{karwari;lat;pra;eka;parasmEpaxI;BvAxiH}	gam1{karwari;lat;pra;eka;parasmEpaxI;BvAxiH}	-	-	1	4	09	upaniRax	kaTopaniRax	-
9.1	wam	-	wam	wax{sarvanAma;puM;2;eka}	wax{sarvanAma;puM;2;eka}	karma,13.1	viSeRaNam,5.1#karma,17.1#karma,8.1	1	4	09	upaniRax	kaTopaniRax	-
1.1	yaw	-	yaw	yaw{avya}/yax{sarvanAma;napuM;1;eka}/yax{sarvanAma;napuM;2;eka}	yaw{avya}/yax{sarvanAma;napuM;1;eka}/yax{sarvanAma;napuM;2;eka}	karwA,11.1	viSeRaNam,8.1#viSeRaNam,6.1#viSeRaNam,4.1#niwya_sambanXaH1,8.1#niwya_sambanXaH1,4.1#vAkyakarma_xyowakaH,15.1#sambanXaH,15.1	1	4	10	upaniRax	kaTopaniRax	-
10.1	iha	-	iha	iha{avya}	iha{avya}	xeSAXikaraNam,8.1	xeSAXikaraNam,20.1#xeSAXikaraNam,15.1	1	4	10	upaniRax	kaTopaniRax	-
11.1	(aswi)	-	-	as2{karwari;lat;pra;eka;parasmEpaxI;axAxiH}	as2{karwari;lat;pra;eka;parasmEpaxI;axAxiH}	-	-	1	4	10	upaniRax	kaTopaniRax	-
12.1	mqwyoH	-	mqwyoH	mqwi{swrI;6;xvi}/mqwyu{puM;5;eka}/mqwyu{puM;6;eka}/mqwi{swrI;7;xvi}	mqwi{swrI;6;xvi}/mqwyu{puM;5;eka}/mqwyu{puM;6;eka}	hewuH5,15.1	aXikaraNam,20.1#aXikaraNam,15.1#BkarwA,20.1#RaRTIsambanXaH,14.1#hewuH5,20.1#hewuH5,15.1	1	4	10	upaniRax	kaTopaniRax	-
13.1	saH	-	saH	wax{sarvanAma;puM;1;eka}	wax{sarvanAma;puM;1;eka}	karwA,15.1	viSeRaNam,16.1#karwA,20.1#karwA,15.1	1	4	10	upaniRax	kaTopaniRax	-
14.1	mqwyum	-	mqwyum	mqwyu{puM;2;eka}	mqwyu{puM;2;eka}	karma,15.1	karma,20.1#karma,15.1	1	4	10	upaniRax	kaTopaniRax	-
15.1	Apnowi	-	Apnowi	Ap1{karwari;lat;pra;eka;parasmEpaxI;svAxiH}	Ap1{karwari;lat;pra;eka;parasmEpaxI;svAxiH}	-	-	1	4	10	upaniRax	kaTopaniRax	-
16.1	yaH	-	yaH	yax{sarvanAma;puM;1;eka}	yax{sarvanAma;puM;1;eka}	karwA,20.1	viSeRaNam,13.1#niwya_sambanXaH1,13.1#karwA,20.1#karwA,15.1	1	4	10	upaniRax	kaTopaniRax	-
17.1	iha	-	iha	iha{avya}	iha{avya}	xeSAXikaraNam,20.1	xeSAXikaraNam,20.1#xeSAXikaraNam,15.1	1	4	10	upaniRax	kaTopaniRax	-
18.1	nAnA	-	nAnA	nAnA{avya}	nAnA{avya}	sambanXa_upa,20.1	sambanXa_upa,20.1	1	4	10	upaniRax	kaTopaniRax	-
19.1	iva	-	iva	iva{avya}	iva{avya}	sambanXaH,18.1	upamAnam_rahiwa_upamAna_xyowakaH,20.1	1	4	10	upaniRax	kaTopaniRax	-
2.1	eva	-	eva	eva{avya}	eva{avya}	sambanXaH,1.1	sambanXaH,1.1	1	4	10	upaniRax	kaTopaniRax	-
20.1	paSyawi	-	paSyawi	xqS1{karwari;lat;pra;eka;parasmEpaxI;BvAxiH}/paSyaw{puM;7;eka(xqS1;Sawq_lat;X;BvAxiH)}/paSyaw{napuM;7;eka(xqS1;Sawq_lat;X;BvAxiH)}	xqS1{karwari;lat;pra;eka;parasmEpaxI;BvAxiH}	-	-	1	4	10	upaniRax	kaTopaniRax	-
3.1	iha	-	iha	iha{avya}	iha{avya}	xeSAXikaraNam,1.1	xeSAXikaraNam,20.1#xeSAXikaraNam,15.1	1	4	10	upaniRax	kaTopaniRax	-
4.1	waw	-	waw	wax{sarvanAma;napuM;1;eka}/wax{sarvanAma;napuM;2;eka}	wax{sarvanAma;napuM;1;eka}	viSeRaNam,1.1,niwya_sambanXaH1,1.1	viSeRaNam,8.1#viSeRaNam,6.1#viSeRaNam,1.1	1	4	10	upaniRax	kaTopaniRax	-
5.1	amuwra	-	amuwra	amuwra{avya}	amuwra{avya}	xeSAXikaraNam,4.1	xeSAXikaraNam,20.1#xeSAXikaraNam,15.1	1	4	10	upaniRax	kaTopaniRax	-
6.1	yaw	-	yaw	yaw{avya}/yax{sarvanAma;napuM;1;eka}/yax{sarvanAma;napuM;2;eka}	yaw{avya}/yax{sarvanAma;napuM;1;eka}/yax{sarvanAma;napuM;2;eka}	karwA,11.1	viSeRaNam,8.1#viSeRaNam,4.1#viSeRaNam,1.1#niwya_sambanXaH1,8.1#niwya_sambanXaH1,4.1#vAkyakarma_xyowakaH,15.1#sambanXaH,15.1	1	4	10	upaniRax	kaTopaniRax	-
7.1	amuwra	-	amuwra	amuwra{avya}	amuwra{avya}	xeSAXikaraNam,6.1	xeSAXikaraNam,20.1#xeSAXikaraNam,15.1	1	4	10	upaniRax	kaTopaniRax	-
8.1	waw	-	waw	wax{sarvanAma;napuM;1;eka}/wax{sarvanAma;napuM;2;eka}	wax{sarvanAma;napuM;1;eka}	viSeRaNam,6.1,niwya_sambanXaH1,6.1	viSeRaNam,6.1#viSeRaNam,4.1#viSeRaNam,1.1#upa_karmapravacanIyaH,9.1#karma,15.1#karwA,15.1	1	4	10	upaniRax	kaTopaniRax	-
9.1	anu	-	anu	anu{avya}	anu{avya}	sambanXa_upa,8.1	sambanXa_upa,20.1#sambanXa_upa,15.1	1	4	10	upaniRax	kaTopaniRax	-
1.1	manasA	-	manasA	manas{napuM;3;eka}/manasA{swrI;1;eka}	manas{napuM;3;eka}	karaNam,4.1	karwA_be_verbs,8.1#karma,4.1#vinArWaH,18.1#vinArWaH,13.1#vinArWaH,8.1#vinArWaH,4.1#karwA,4.1#karaNam,18.1#karaNam,13.1#karaNam,4.1#hewuH,18.1#hewuH,13.1#hewuH,8.1#hewuH,4.1	1	4	11	upaniRax	kaTopaniRax	-
10.1	mqwyoH	-	mqwyoH	mqwi{swrI;6;xvi}/mqwyu{puM;5;eka}/mqwyu{puM;6;eka}/mqwi{swrI;7;xvi}	mqwi{swrI;6;xvi}/mqwyu{puM;5;eka}	hewuH5,13.1	aXikaraNam,18.1#aXikaraNam,13.1#aXikaraNam,8.1#aXikaraNam,4.1#BkarwA,18.1#BkarwA,13.1#RaRTIsambanXaH,12.1#RaRTIsambanXaH,4.1#hewuH5,18.1#hewuH5,13.1#hewuH5,8.1#hewuH5,4.1#apAxAnam,13.1	1	4	11	upaniRax	kaTopaniRax	-
11.1	saH	-	saH	wax{sarvanAma;puM;1;eka}	wax{sarvanAma;puM;1;eka}	karwA,13.1	viSeRaNam,14.1#karwA_be_verbs,8.1#karwA,18.1#karwA,13.1#karma,4.1	1	4	11	upaniRax	kaTopaniRax	-
12.1	mqwyum	-	mqwyum	mqwyu{puM;2;eka}	mqwyu{puM;2;eka}	karma,13.1	viSeRaNam,4.1#karma,18.1#karma,13.1	1	4	11	upaniRax	kaTopaniRax	-
13.1	gacCawi	-	gacCawi	gam1{karwari;lat;pra;eka;parasmEpaxI;BvAxiH}/gacCaw{puM;7;eka(gam1;Sawq_lat;X;BvAxiH)}/gacCaw{napuM;7;eka(gam1;Sawq_lat;X;BvAxiH)}	gam1{karwari;lat;pra;eka;parasmEpaxI;BvAxiH}	-	-	1	4	11	upaniRax	kaTopaniRax	-
14.1	yaH	-	yaH	yax{sarvanAma;puM;1;eka}	yax{sarvanAma;puM;1;eka}	karwA,18.1	viXeya_viSeRaNam,11.1#niwya_sambanXaH1,11.1#karwA_be_verbs,8.1#karwA,18.1#karwA,13.1	1	4	11	upaniRax	kaTopaniRax	-
15.1	iha	-	iha	iha{avya}	iha{avya}	xeSAXikaraNam,14.1	xeSAXikaraNam,18.1#xeSAXikaraNam,13.1#xeSAXikaraNam,8.1#xeSAXikaraNam,4.1	1	4	11	upaniRax	kaTopaniRax	-
16.1	nAnA	-	nAnA	nAnA{avya}	nAnA{avya}	sambanXa_upa,18.1	vinArWa_xyowakaH,1.1#sambanXa_upa,18.1	1	4	11	upaniRax	kaTopaniRax	-
17.1	iva	-	iva	iva{avya}	iva{avya}	sambanXaH,16.1	upamAnam_rahiwa_upamAna_xyowakaH,18.1	1	4	11	upaniRax	kaTopaniRax	-
18.1	paSyawi	-	paSyawi	xqS1{karwari;lat;pra;eka;parasmEpaxI;BvAxiH}/paSyaw{puM;7;eka(xqS1;Sawq_lat;X;BvAxiH)}/paSyaw{napuM;7;eka(xqS1;Sawq_lat;X;BvAxiH)}	xqS1{karwari;lat;pra;eka;parasmEpaxI;BvAxiH}	-	-	1	4	11	upaniRax	kaTopaniRax	-
2.1	eva	-	eva	eva{avya}	eva{avya}	sambanXaH,1.1	sambanXaH,1.1	1	4	11	upaniRax	kaTopaniRax	-
3.1	ixam	-	ixam	ixam{sarvanAma;napuM;1;eka}/ixam{sarvanAma;napuM;2;eka}	ixam{sarvanAma;napuM;1;eka}	viSeRaNam,4.1	viSeRaNam,9.1#viSeRaNam,4.1#karwA_be_verbs,8.1#karma,4.1	1	4	11	upaniRax	kaTopaniRax	-
4.1	Apwavyam	-	Apwavyam	Apwavya{puM;2;eka(Ap1;wavyaw;X;svAxiH)}/Apwavya{napuM;1;eka(Ap1;wavyaw;X;svAxiH)}/Apwavya{napuM;2;eka(Ap1;wavyaw;X;svAxiH)}	Apwavya{napuM;1;eka(Ap1;wavyaw;X;svAxiH)}/Apwavya{puM;2;eka(Ap1;wavyaw;X;svAxiH)}	karwqsamAnAXikaraNam,8.1	viXeya_viSeRaNam,3.1	1	4	11	upaniRax	kaTopaniRax	-
5.1	na	-	na	na{avya}	na{avya}	prawiReXaH,6.1	prawiReXaH,18.1#prawiReXaH,13.1#prawiReXaH,8.1	1	4	11	upaniRax	kaTopaniRax	-
6.1	iha	-	iha	iha{avya}	iha{avya}	xeSAXikaraNam,8.1	xeSAXikaraNam,18.1#xeSAXikaraNam,13.1#xeSAXikaraNam,8.1#xeSAXikaraNam,4.1	1	4	11	upaniRax	kaTopaniRax	-
7.1	nAnA	-	nAnA	nAnA{avya}	nAnA{avya}	sambanXa_upa,8.1	vinArWa_xyowakaH,1.1#sambanXa_upa,18.1#sambanXa_upa,13.1#sambanXa_upa,8.1	1	4	11	upaniRax	kaTopaniRax	-
8.1	aswi	-	aswi	as2{karwari;lat;pra;eka;parasmEpaxI;axAxiH}	as2{karwari;lat;pra;eka;parasmEpaxI;axAxiH}	-	-	1	4	11	upaniRax	kaTopaniRax	-
9.1	kiFcana	-	kiFcana	kiFcana{sarvanAma;napuM;1;eka}/kiFcana{sarvanAma;napuM;2;eka}	kiFcana{sarvanAma;napuM;1;eka}	karwA,8.1	viSeRaNam,4.1#viSeRaNam,3.1#karma,13.1#viXeya_viSeRaNam,4.1#viXeya_viSeRaNam,3.1#viXeya_viSeRaNam,1.1#karwA_be_verbs,8.1#karwA,13.1#karma,4.1	1	4	11	upaniRax	kaTopaniRax	-
1.1	afguRTa-	-	afguRTa-mAwra	afguRTa	afguRTa	bahuvrIhiH,1.2	bahuvrIhiH,1.2#RaRTI_wawpuruRaH,1.2	1	4	12	upaniRax	kaTopaniRax	-
1.2	mAwraH	-	--	mAwra{puM;1;eka}	mAwra{puM;1;eka}	viSeRaNam,2.1	viSeRaNam,2.1#karwA,5.1	1	4	12	upaniRax	kaTopaniRax	-
10.1	vijugupsawe	-	vijugupsawe	vi_gup{karwari;lat;pra;eka;AwmanepaxI;axAxiH}	vi_gup{karwari;lat;pra;eka;AwmanepaxI;axAxiH}	-	-	1	4	12	upaniRax	kaTopaniRax	-
11.1	ewaw	-	ewaw	ewax{sarvanAma;napuM;1;eka}/ewax{sarvanAma;napuM;2;eka}	ewax{sarvanAma;napuM;1;eka}	karwA,14.1	viSeRaNam,13.1#viSeRaNam,6.1#viXeya_viSeRaNam,6.1#viXeya_viSeRaNam,2.1#viXeya_viSeRaNam,1.2#karwA,5.1	1	4	12	upaniRax	kaTopaniRax	-
12.1	vE	-	vE	vE{avya}	vE{avya}	sambanXaH,11.1	sambanXaH,11.1	1	4	12	upaniRax	kaTopaniRax	-
13.1	waw	-	waw	wax{sarvanAma;napuM;1;eka}/wax{sarvanAma;napuM;2;eka}	wax{sarvanAma;napuM;1;eka}	viSeRaNam,11.1	viSeRaNam,11.1#viSeRaNam,6.1#viXeya_viSeRaNam,11.1#viXeya_viSeRaNam,6.1#viXeya_viSeRaNam,2.1	1	4	12	upaniRax	kaTopaniRax	-
14.1	(aswi)	-	-	as{karwari;lat;pra;eka;parasmEpaxI;axAxiH}	as{karwari;lat;pra;eka;parasmEpaxI;axAxiH}	-	-	1	4	12	upaniRax	kaTopaniRax	-
2.1	puruRaH	-	puruRaH	puruRa{puM;1;eka}	puruRa{puM;1;eka}	karwA,5.1	viXeya_viSeRaNam,1.2#karwA,5.1	1	4	12	upaniRax	kaTopaniRax	-
3.1	maXye	-	maXye	maXya{puM;7;eka}	maXya{puM;7;eka}	xeSAXikaraNam_upa,5.1	xeSAXikaraNam_upa,7.2#xeSAXikaraNam_upa,6.1#xeSAXikaraNam_upa,5.1	1	4	12	upaniRax	kaTopaniRax	-
4.1	Awmani	-	Awmani	Awman{puM;7;eka}	Awman{puM;7;eka}	aXikaraNam,5.1	viSeRaNam,5.1#viSeRaNam,3.1#aXikaraNam,7.2#aXikaraNam,6.1#aXikaraNam,5.1	1	4	12	upaniRax	kaTopaniRax	-
5.1	wiRTawi	-	wiRTawi	RWA1{karwari;lat;pra;eka;parasmEpaxI;BvAxiH}/wiRTaw{puM;7;eka(RWA1;Sawq_lat;X;BvAxiH)}/wiRTaw{napuM;7;eka(RWA1;Sawq_lat;X;BvAxiH)}	RWA1{karwari;lat;pra;eka;parasmEpaxI;BvAxiH}	-	-	1	4	12	upaniRax	kaTopaniRax	-
6.1	ISAnaH	-	ISAnam	ISAna{puM;2;eka}/ISAna{puM;2;eka(IS1;SAnac_lat;karwari;axAxiH)}/ISAna{napuM;1;eka(IS1;SAnac_lat;karwari;axAxiH)}/ISAna{napuM;2;eka(IS1;SAnac_lat;karwari;axAxiH)}	ISAna{puM;2;eka}	karwA,10.1	karwA,10.1#viSeRaNam,13.1#viSeRaNam,11.1#viXeya_viSeRaNam,2.1#viXeya_viSeRaNam,1.2#varwamAnasamAnakAlaH,5.1	1	4	12	upaniRax	kaTopaniRax	-
7.1	BUwa-	-	BUwa-Bavya	BUwa(BU1;kwa;X;BvAxiH)	BUwa(BU1;kwa;X;BvAxiH)	karmaXArayaH_1,7.2	wqwIyA_wawpuruRaH,7.2#karmaXArayaH_1,7.2	1	4	12	upaniRax	kaTopaniRax	-
7.2	Bavyasya	-	--	Bavya{puM;6;eka(as2;Nyaw;X;axAxiH)}/Bavya{napuM;6;eka(as2;Nyaw;X;axAxiH)}/Bavya{puM;6;eka(BU1;yaw;X;BvAxiH)}/Bavya{napuM;6;eka(BU1;yaw;X;BvAxiH)}/Bavya{puM;6;eka(BU2;yaw;X;curAxiH)}/Bavya{napuM;6;eka(BU2;yaw;X;curAxiH)}	Bavya{puM;6;eka(as2;Nyaw;X;axAxiH)}	RaRTIsambanXaH,6.1	RaRTIsambanXaH,6.1#RaRTIsambanXaH,4.1#RaRTIsambanXaH,3.1#RaRTIsambanXaH,2.1#RaRTIsambanXaH,1.2	1	4	12	upaniRax	kaTopaniRax	-
8.1	na	-	na	na{avya}	na{avya}	prawiReXaH,9.1	prawiReXaH,9.1	1	4	12	upaniRax	kaTopaniRax	-
9.1	wawaH	-	wawaH	wawaH{avya}	wawaH{avya}	hewuH5,10.1	hewuH5,5.1	1	4	12	upaniRax	kaTopaniRax	-
1.1	afguRTa-	-	afguRTa-mAwra	afguRTa	afguRTa	bahuvrIhiH,1.2	bahuvrIhiH,1.2#RaRTI_wawpuruRaH,1.2	1	4	13	upaniRax	kaTopaniRax	-
1.2	mAwraH	-	--	mAwra{puM;1;eka}	mAwra{puM;1;eka}	viSeRaNam,2.1	viSeRaNam,6.1#viSeRaNam,5.1#viSeRaNam,2.1	1	4	13	upaniRax	kaTopaniRax	-
10.1	axya	-	axya	axya{avya}	axya{avya}	kAlAXikaraNam,8.1	kAlAXikaraNam,7.2	1	4	13	upaniRax	kaTopaniRax	-
11.1	saH	-	saH	wax{sarvanAma;puM;1;eka}	wax{sarvanAma;puM;1;eka}	karwqsamAnAXikaraNam,17.1	viXeya_viSeRaNam,8.1#viXeya_viSeRaNam,6.1#viXeya_viSeRaNam,5.1#viXeya_viSeRaNam,3.1#viXeya_viSeRaNam,2.1#viXeya_viSeRaNam,1.2	1	4	13	upaniRax	kaTopaniRax	-
12.1	u	-	u	u{avya}	u{avya}	sambanXaH,11.1	sambanXaH,12.1	1	4	13	upaniRax	kaTopaniRax	-
13.1	SvaH	-	SvaH	SvaH{avya}	SvaH{avya}	kAlAXikaraNam,11.1	kAlAXikaraNam,7.2	1	4	13	upaniRax	kaTopaniRax	-
14.1	ewaw	-	ewaw	ewax{sarvanAma;napuM;1;eka}/ewax{sarvanAma;napuM;2;eka}	ewax{sarvanAma;napuM;1;eka}	karwA,18.1	viSeRaNam,16.1#viSeRaNam,3.1#viXeya_viSeRaNam,11.1#viXeya_viSeRaNam,8.1#viXeya_viSeRaNam,6.1#viXeya_viSeRaNam,5.1#viXeya_viSeRaNam,3.1#viXeya_viSeRaNam,2.1	1	4	13	upaniRax	kaTopaniRax	-
15.1	vE	-	vE	vE{avya}	vE{avya}	sambanXaH,14.1	sambanXaH,14.1	1	4	13	upaniRax	kaTopaniRax	-
16.1	waw	-	waw	wax{sarvanAma;napuM;1;eka}/wax{sarvanAma;napuM;2;eka}	wax{sarvanAma;napuM;1;eka}	viSeRaNam,14.1	viSeRaNam,14.1#viSeRaNam,3.1#viXeya_viSeRaNam,14.1#viXeya_viSeRaNam,11.1#viXeya_viSeRaNam,8.1#viXeya_viSeRaNam,6.1#viXeya_viSeRaNam,5.1#viXeya_viSeRaNam,3.1#viXeya_viSeRaNam,2.1	1	4	13	upaniRax	kaTopaniRax	-
17.1	(aswi)	-	-	as{karwari;lat;pra;eka;parasmEpaxI;axAxiH}	as{karwari;lat;pra;eka;parasmEpaxI;axAxiH}	-	-	1	4	13	upaniRax	kaTopaniRax	-
18.1	(aswi)	-	-	as{karwari;lat;pra;eka;parasmEpaxI;axAxiH}	as{karwari;lat;pra;eka;parasmEpaxI;axAxiH}	-	-	1	4	13	upaniRax	kaTopaniRax	-
2.1	puruRaH	-	puruRaH	puruRa{puM;1;eka}	puruRa{puM;1;eka}	karwA,17.1	viXeya_viSeRaNam,1.2#upamAnam,1.2	1	4	13	upaniRax	kaTopaniRax	-
3.1	jyowiH	-	jyowiH	jyowis{napuM;1;eka}/jyowis{napuM;2;eka}/jyowis{napuM;8;eka}	jyowis{napuM;1;eka}	upamAnam,2.1	viXeya_viSeRaNam,2.1#viXeya_viSeRaNam,1.2#upamAnam,8.1#upamAnam,6.1#upamAnam,5.1#upamAnam,2.1#upamAnam,1.2	1	4	13	upaniRax	kaTopaniRax	-
4.1	iva	-	iva	iva{avya}	iva{avya}	upamAna_xyowakaH,3.1	upamAnam_rahiwa_upamAna_xyowakaH,5.1#upamAna_xyowakaH,3.1	1	4	13	upaniRax	kaTopaniRax	-
5.1	aXUmakaH	-	aXUmakaH	aXUmaka{puM;1;eka}	aXUmaka{puM;1;eka}	viXeya_viSeRaNam,3.1	viXeya_viSeRaNam,3.1#viXeya_viSeRaNam,2.1#viXeya_viSeRaNam,1.2#upamAnam,2.1#upamAnam,1.2	1	4	13	upaniRax	kaTopaniRax	-
6.1	ISAnaH	-	ISAnaH	ISAna{puM;1;eka}/ISAna{puM;1;eka(IS1;SAnac_lat;karwari;axAxiH)}	ISAna{puM;1;eka}	karwqsamAnAXikaraNam,17.1	viXeya_viSeRaNam,5.1#viXeya_viSeRaNam,3.1#viXeya_viSeRaNam,2.1#viXeya_viSeRaNam,1.2#upamAnam,2.1#upamAnam,1.2	1	4	13	upaniRax	kaTopaniRax	-
7.1	BUwa-	-	BUwa-Bavya	BUwa(BU1;kwa;X;BvAxiH)	BUwa(BU1;kwa;X;BvAxiH)	karmaXArayaH_1,7.2	wqwIyA_wawpuruRaH,7.2#karmaXArayaH_1,7.2	1	4	13	upaniRax	kaTopaniRax	-
7.2	Bavyasya	-	--	Bavya{puM;6;eka(as2;Nyaw;X;axAxiH)}/Bavya{napuM;6;eka(as2;Nyaw;X;axAxiH)}/Bavya{puM;6;eka(BU1;yaw;X;BvAxiH)}/Bavya{napuM;6;eka(BU1;yaw;X;BvAxiH)}/Bavya{puM;6;eka(BU2;yaw;X;curAxiH)}/Bavya{napuM;6;eka(BU2;yaw;X;curAxiH)}	Bavya{puM;6;eka(as2;Nyaw;X;axAxiH)}	RaRTIsambanXaH,6.1	RaRTIsambanXaH,6.1#RaRTIsambanXaH,5.1#RaRTIsambanXaH,3.1#RaRTIsambanXaH,2.1#RaRTIsambanXaH,1.2	1	4	13	upaniRax	kaTopaniRax	-
8.1	saH	-	saH	wax{sarvanAma;puM;1;eka}	wax{sarvanAma;puM;1;eka}	karwqsamAnAXikaraNam,17.1	viXeya_viSeRaNam,6.1#viXeya_viSeRaNam,5.1#viXeya_viSeRaNam,3.1#viXeya_viSeRaNam,2.1#viXeya_viSeRaNam,1.2#viSeRaNam,11.1#upamAnam,2.1#upamAnam,1.2	1	4	13	upaniRax	kaTopaniRax	-
9.1	eva	-	eva	eva{avya}	eva{avya}	sambanXaH,8.1	sambanXaH,8.1	1	4	13	upaniRax	kaTopaniRax	-
1.1	yaWA	-	yaWA	yaWA{avya}	yaWA{avya}	sambanXaH,2.1	sambanXaH,2.1	1	4	14	upaniRax	kaTopaniRax	-
10.1	paSyan	-	paSyan	paSyaw{puM;1;eka(xqS1;Sawq_lat;X;BvAxiH)}	paSyaw{puM;1;eka(xqS1;Sawq_lat;X;BvAxiH)}	varwamAnasamAnakAlaH,14.1	varwamAnasamAnakAlaH,4.1	1	4	14	upaniRax	kaTopaniRax	-
11.1	wAn	-	wAn	wax{sarvanAma;puM;2;bahu}	wax{sarvanAma;puM;2;bahu}	upa_karmapravacanIyaH,13.1	viSeRaNam,8.1#upa_karmapravacanIyaH,13.1#karma,10.1	1	4	14	upaniRax	kaTopaniRax	-
12.1	eva	-	eva	eva{avya}	eva{avya}	sambanXaH,11.1	sambanXaH,11.1	1	4	14	upaniRax	kaTopaniRax	-
13.1	anu	-	anu	anu{avya}	anu{avya}	sambanXaH,14.1	sambanXaH,14.1	1	4	14	upaniRax	kaTopaniRax	-
14.1	viXAvawi	-	viXAvawi	vi_XA{karwari;lat;pra;eka;uBayapaxI;BvAxiH}	vi_XA{karwari;lat;pra;eka;uBayapaxI;BvAxiH}	-	-	1	4	14	upaniRax	kaTopaniRax	-
2.1	uxakam	-	uxakam	uxaka{napuM;1;eka}/uxaka{napuM;2;eka}	uxaka{napuM;1;eka}	vAkyakarma,4.1	vAkyakarma,4.1	1	4	14	upaniRax	kaTopaniRax	-
3.1	xurge	-	xurge	xurgA{swrI;8;eka}/xurga{puM;7;eka}/xurga{napuM;7;eka}	xurga{puM;7;eka}/xurga{napuM;7;eka}/xurgA{swrI;8;eka}	aXikaraNam,4.1	aXikaraNam,10.1#aXikaraNam,4.1	1	4	14	upaniRax	kaTopaniRax	-
4.1	vqRtam	-	vqRtam	vqRta{puM;2;eka(vqR1;kwa;X;BvAxiH)}/vqRta{napuM;1;eka(vqR1;kwa;X;BvAxiH)}/vqRta{napuM;2;eka(vqR1;kwa;X;BvAxiH)}/vqRta{puM;2;eka(vrasc1;kwa;X;wuxAxiH)}/vqRta{napuM;1;eka(vrasc1;kwa;X;wuxAxiH)}/vqRta{napuM;2;eka(vrasc1;kwa;X;wuxAxiH)}	vqRta{napuM;1;eka(vqR1;kwa;X;BvAxiH)}/vqRta{napuM;2;eka(vqR1;kwa;X;BvAxiH)}/vqRta{puM;2;eka(vrasc1;kwa;X;wuxAxiH)}/vqRta{napuM;1;eka(vrasc1;kwa;X;wuxAxiH)}/vqRta{napuM;2;eka(vrasc1;kwa;X;wuxAxiH)}/vqRta{puM;2;eka(vqR1;kwa;X;BvAxiH)}	karwA,6.1	karwA,6.1#karma,10.1#vAkyakarma,10.1	1	4	14	upaniRax	kaTopaniRax	-
5.1	parvaweRu	-	parvaweRu	parvawa{puM;7;bahu}	parvawa{puM;7;bahu}	aXikaraNam,6.1	aXikaraNam,10.1#aXikaraNam,4.1	1	4	14	upaniRax	kaTopaniRax	-
6.1	viXAvawi	-	viXAvawi	vi_XA{karwari;lat;pra;eka;uBayapaxI;BvAxiH}	vi_XA{karwari;lat;pra;eka;uBayapaxI;BvAxiH}	-	-	1	4	14	upaniRax	kaTopaniRax	-
7.1	evam	-	evam	evam{avya}	evam{avya}	vAkyakarma_xyowakaH,14.1	vAkyakarma_xyowakaH,4.1#kriyAviSeRaNam,4.1	1	4	14	upaniRax	kaTopaniRax	-
8.1	XarmAn	-	XarmAn	Xarma{puM;2;bahu}	Xarma{puM;2;bahu}	karma,14.1	karma,10.1	1	4	14	upaniRax	kaTopaniRax	-
9.1	pqWak	-	pqWak	pqWak{avya}	pqWak{avya}	kriyAviSeRaNam,14.1	kriyAviSeRaNam,4.1	1	4	14	upaniRax	kaTopaniRax	-
1.1	yaWA	-	yaWA	yaWA{avya}	yaWA{avya}	sambanXaH,2.1	kriyAviSeRaNam,13.1#kriyAviSeRaNam,8.1#kriyAviSeRaNam,5.1	1	4	15	upaniRax	kaTopaniRax	-
10.1	muneH	-	muneH	muni{puM;5;eka}/muni{puM;6;eka}	muni{puM;5;eka}/muni{puM;6;eka}	aBexaH,11.1	aBexaH,11.1#RaRTIsambanXaH,14.1#RaRTIsambanXaH,13.1#RaRTIsambanXaH,12.1#RaRTIsambanXaH,8.1#RaRTIsambanXaH,6.1#RaRTIsambanXaH,4.1#RaRTIsambanXaH,3.1#RaRTIsambanXaH,2.1#BkarwA,11.1#hewuH5,13.1#hewuH5,11.1#hewuH5,8.1#hewuH5,5.1	1	4	15	upaniRax	kaTopaniRax	-
11.1	vijAnawaH	-	vijAnawaH	vijAnaw{puM;2;bahu(vi_jFA1;Sawq_lat;X;kryAxiH)}/vijAnaw{puM;5;eka(vi_jFA1;Sawq_lat;X;kryAxiH)}/vijAnaw{puM;6;eka(vi_jFA1;Sawq_lat;X;kryAxiH)}/vijAnaw{napuM;5;eka(vi_jFA1;Sawq_lat;X;kryAxiH)}/vijAnaw{napuM;6;eka(vi_jFA1;Sawq_lat;X;kryAxiH)}	vijAnaw{puM;6;eka(vi_jFA1;Sawq_lat;X;kryAxiH)}/vijAnaw{napuM;5;eka(vi_jFA1;Sawq_lat;X;kryAxiH)}/vijAnaw{puM;2;bahu(vi_jFA1;Sawq_lat;X;kryAxiH)}	RaRTIsambanXaH,12.1	RaRTIsambanXaH,14.1#RaRTIsambanXaH,13.1#RaRTIsambanXaH,12.1#RaRTIsambanXaH,10.1#RaRTIsambanXaH,8.1#RaRTIsambanXaH,6.1#RaRTIsambanXaH,4.1#RaRTIsambanXaH,3.1#RaRTIsambanXaH,2.1#BAvalakRaNasapwamI_samAnakAlaH,13.1#BAvalakRaNasapwamI_samAnakAlaH,8.1#BAvalakRaNasapwamI_samAnakAlaH,5.1#hewuH5,13.1#hewuH5,8.1#hewuH5,5.1#viSeRaNam,10.1	1	4	15	upaniRax	kaTopaniRax	-
12.1	AwmA	-	AwmA	Awman{puM;1;eka}	Awman{puM;1;eka}	karwA,13.1	viSeRaNam,6.1#karwA_be_verbs,13.1#karwA_be_verbs,8.1	1	4	15	upaniRax	kaTopaniRax	-
13.1	Bavawi	-	Bavawi	BU1{karwari;lat;pra;eka;parasmEpaxI;BvAxiH}/BavawI{swrI;8;eka}/Bavaw{sarvanAma;puM;7;eka}/Bavaw{puM;7;eka}	BU1{karwari;lat;pra;eka;parasmEpaxI;BvAxiH}	-	viSeRaNam,8.1#viSeRaNam,3.1#BkarwA,11.1	1	4	15	upaniRax	kaTopaniRax	-
14.1	gOwama	-	gOwama	gOwama{puM;8;eka}	gOwama{puM;8;eka}	samboXyaH,13.1	samboXyaH,13.1	1	4	15	upaniRax	kaTopaniRax	-
2.1	uxakam	-	uxakam	uxaka{napuM;1;eka}/uxaka{napuM;2;eka}	uxaka{napuM;1;eka}	viXeya_viSeRaNam,8.1	karwA_be_verbs,8.1	1	4	15	upaniRax	kaTopaniRax	-
3.1	SuxXe	-	SuxXe	SuxXi{swrI;8;eka}/SuxXa{puM;7;eka}/SuxXa{napuM;7;eka}	SuxXa{napuM;7;eka}	aXikaraNam,4.1	aXikaraNam,13.1#aXikaraNam,11.1#aXikaraNam,8.1#aXikaraNam,5.1#BkarwA,11.1#viSeRaNam,13.1#viSeRaNam,8.1	1	4	15	upaniRax	kaTopaniRax	-
4.1	SuxXam	-	SuxXam	SuxXa{puM;2;eka}/SuxXa{napuM;1;eka}/SuxXa{napuM;2;eka}	SuxXa{napuM;1;eka}#SuxXa{puM;2;eka}	viSeRaNam,5.1	viSeRaNam,6.1#viSeRaNam,5.1#viSeRaNam,2.1#karma,11.1#viXeya_viSeRaNam,2.1#karwA_be_verbs,8.1	1	4	15	upaniRax	kaTopaniRax	-
5.1	Asikwam	-	Asikwam	Asikwa{puM;2;eka(Af_Ric1;kwa;X;wuxAxiH)}/Asikwa{napuM;1;eka(Af_Ric1;kwa;X;wuxAxiH)}/Asikwa{napuM;2;eka(Af_Ric1;kwa;X;wuxAxiH)}	Asikwa{napuM;1;eka(Af_Ric1;kwa;X;wuxAxiH)}/Asikwa{puM;2;eka(Af_Ric1;kwa;X;wuxAxiH)}	karwA,8.1	viSeRaNam,6.1#viSeRaNam,4.1#viSeRaNam,2.1#karma,11.1#viXeya_viSeRaNam,4.1#viXeya_viSeRaNam,2.1#karwA_be_verbs,8.1	1	4	15	upaniRax	kaTopaniRax	-
6.1	wAxqk	-	wAxqk	wAxqS{napuM;1;eka}/wAxqS{napuM;2;eka}/wAxqS{sarvanAma;puM;1;eka}/wAxqS{sarvanAma;napuM;1;eka}/wAxqS{sarvanAma;napuM;2;eka}/wAxqS{napuM;8;eka}	wAxqS{napuM;1;eka}	viXeya_viSeRaNam,4.1	karma,11.1#karwA_be_verbs,13.1#karwA_be_verbs,8.1	1	4	15	upaniRax	kaTopaniRax	-
7.1	eva	-	eva	eva{avya}	eva{avya}	sambanXaH,6.1	sambanXaH,6.1	1	4	15	upaniRax	kaTopaniRax	-
8.1	Bavawi	-	Bavawi	BU1{karwari;lat;pra;eka;parasmEpaxI;BvAxiH}/BavawI{swrI;8;eka}/Bavaw{sarvanAma;puM;7;eka}/Bavaw{puM;7;eka}	BU1{karwari;lat;pra;eka;parasmEpaxI;BvAxiH}	-	viSeRaNam,13.1#viSeRaNam,3.1#BkarwA,11.1	1	4	15	upaniRax	kaTopaniRax	-
9.1	evam	-	evam	evam{avya}	evam{avya}	kriyAviSeRaNam,13.1	kriyAviSeRaNam,13.1#kriyAviSeRaNam,8.1#kriyAviSeRaNam,5.1	1	4	15	upaniRax	kaTopaniRax	-
1.1	puram	-	puram	pur{swrI;2;eka}/pura{napuM;1;eka}/pura{napuM;2;eka}	pura{napuM;1;eka}	karma,5.1	karma,7.1#sup_samucciwaH,8.1#karwA,7.1	1	5	01	upaniRax	kaTopaniRax	-
10.1	vimucyawe	-	vimucyawe	vi_muc2{karmaNi;lat;pra;eka;AwmanepaxI;wuxAxiH}	vi_muc2{karmaNi;lat;pra;eka;AwmanepaxI;wuxAxiH}	-	-	1	5	01	upaniRax	kaTopaniRax	-
11.1	ewaw	-	ewaw	ewax{sarvanAma;napuM;1;eka}/ewax{sarvanAma;napuM;2;eka}	ewax{sarvanAma;napuM;1;eka}	viSeRaNam,13.1	viSeRaNam,13.1#viSeRaNam,2.2#karma,7.1#sup_samucciwaH,8.1#karwA,7.1	1	5	01	upaniRax	kaTopaniRax	-
12.1	vE	-	vE	vE{avya}	vE{avya}	sambanXaH,11.1	sambanXaH,11.1	1	5	01	upaniRax	kaTopaniRax	-
13.1	waw	-	waw	wax{sarvanAma;napuM;1;eka}/wax{sarvanAma;napuM;2;eka}	wax{sarvanAma;napuM;1;eka}	karwA,14.1	viSeRaNam,11.1#viSeRaNam,2.2#karma,7.1#sup_samucciwaH,8.1#karwA,7.1	1	5	01	upaniRax	kaTopaniRax	-
14.1	(aswi)	-	.	as2{karwari;lat;pra;eka;parasmEpaxI;axAxiH}	as2{karwari;lat;pra;eka;parasmEpaxI;axAxiH}	-	-	1	5	01	upaniRax	kaTopaniRax	-
2.1	ekAxaSa-	-	ekAxaSa-xvAra	ekAxaSa}/ekAxaSan	ekAxaSan	xvigu_wawpuruRaH,2.2	xvigu_wawpuruRaH,2.2#bahuvrIhiH,2.2#RaRTI_wawpuruRaH,2.2	1	5	01	upaniRax	kaTopaniRax	-
2.2	xvAram	-	--	xvAra{napuM;1;eka}/xvAra{napuM;2;eka}/xvAra{puM;2;eka}	xvAra{napuM;1;eka}	viSeRaNam,1.1	karma,7.1#viSeRaNam,1.1#sup_samucciwaH,8.1#karwA,7.1	1	5	01	upaniRax	kaTopaniRax	-
3.1	ajasya	-	ajasya	aja{puM;6;eka}	aja{puM;6;eka}	RaRTIsambanXaH,2.2	RaRTIsambanXaH,4.2#RaRTIsambanXaH,2.2#RaRTIsambanXaH,1.1	1	5	01	upaniRax	kaTopaniRax	-
4.1	avakra-	-	avakra-cewas	avakra	avakra	bahuvrIhiH,4.2	bahuvrIhiH,4.2	1	5	01	upaniRax	kaTopaniRax	-
4.2	cewasaH	-	--	cewas{puM;8;bahu}/cewas{puM;1;bahu}/cewas{puM;2;bahu}/cewas{puM;5;eka}/cewas{puM;6;eka}	cewas{puM;6;eka}	viSeRaNam,3.1	viSeRaNam,3.1#RaRTIsambanXaH,3.1#RaRTIsambanXaH,2.2#RaRTIsambanXaH,1.1#hewuH5,8.1#hewuH5,7.1#karma,7.1#sup_samucciwaH,8.1#samboXyaH,7.1	1	5	01	upaniRax	kaTopaniRax	-
5.1	anuRTAya	-	anuRTAya	anu_sWA{lyap;RTA;gawinivqwwO;BvAxiH;parasmEpaxI}/{anuRTAya;avyayam}	anu_sWA{lyap;RTA;gawinivqwwO;BvAxiH;parasmEpaxI}/{anuRTAya;avyayam}	pUrvakAlaH,7.1	pUrvakAlaH,7.1	1	5	01	upaniRax	kaTopaniRax	-
6.1	na	-	na	na{avya}	na{avya}	prawiReXaH,7.1	prawiReXaH,7.1	1	5	01	upaniRax	kaTopaniRax	-
7.1	Socawi	-	Socawi	Suc1{karwari;lat;pra;eka;parasmEpaxI;BvAxiH}	Suc1{karwari;lat;pra;eka;parasmEpaxI;BvAxiH}	aBihiwa_karwA,8.1	-	1	5	01	upaniRax	kaTopaniRax	-
8.1	vimukwaH	-	vimukwaH	vimuc{avya;wasil}/vimukwa{puM;1;eka(vi_muc1;kwa;wuxAxiH)}	vimukwa{puM;1;eka}	karwA,10.1	karwA,7.1#hewuH5,7.1	1	5	01	upaniRax	kaTopaniRax	-
9.1	ca	-	ca	ca{avya}	ca{avya}	sambanXaH,8.1	sup_samuccaya_xyowakaH,8.1#sambanXaH,8.1	1	5	01	upaniRax	kaTopaniRax	-
1.1	haMsaH	-	haMsaH	haMsa{puM;1;eka}	haMsa{puM;1;eka}	karwA,18.1	karwA,18.1#karwA,5.1#karma,5.1	1	5	02	upaniRax	kaTopaniRax	-
10.1	varasax	-	varasax	varasax{puM;1;eka}	varasax{puM;1;eka}	viSeRaNam,1.1	viSeRaNam,1.1	1	5	02	upaniRax	kaTopaniRax	-
11.1	qwasax	-	qwasax	qwasax{puM;1;eka}	qwasax{puM;1;eka}	viSeRaNam,1.1	viSeRaNam,1.1	1	5	02	upaniRax	kaTopaniRax	-
12.1	vyomasax	-	vyomasax	vyomasax{puM;1;eka}	vyomasax{puM;1;eka}	viSeRaNam,1.1	viSeRaNam,1.1	1	5	02	upaniRax	kaTopaniRax	-
13.1	gojA	-	gojA	gojA{swrI;1;eka}	gojA{swrI;1;eka}	samuccayaH,1.1	samuccayaH,1.1	1	5	02	upaniRax	kaTopaniRax	-
14.1	qwajA	-	qwajA	qwajA{swrI;1;eka}	qwajA{swrI;1;eka}	samuccayaH,1.1	samuccayaH,1.1	1	5	02	upaniRax	kaTopaniRax	-
15.1	axrijA	-	axrijA	axrijA{swrI;1;eka}	axrijA{swrI;1;eka}	samuccayaH,1.1	samuccayaH,1.1	1	5	02	upaniRax	kaTopaniRax	-
16.1	qwam	-	qwam	qwa{napuM;1;eka}/qwa{napuM;2;eka}/qwa{puM;2;eka(q1;kwa;X;BvAxiH)}/qwa{napuM;1;eka(q1;kwa;X;BvAxiH)}/qwa{napuM;2;eka(q1;kwa;X;BvAxiH)}/qwa{puM;2;eka(q2;kwa;X;juhowyAxiH)}/qwa{napuM;1;eka(q2;kwa;X;juhowyAxiH)}/qwa{napuM;2;eka(q2;kwa;X;juhowyAxiH)}/qwa{puM;2;eka(qN1;kwa;X;wanAxiH)}/qwa{napuM;1;eka(qN1;kwa;X;wanAxiH)}/qwa{napuM;2;eka(qN1;kwa;X;wanAxiH)}	qwa{napuM;1;eka}	samuccayaH,1.1	samuccayaH,1.1	1	5	02	upaniRax	kaTopaniRax	-
17.1	bqhaw	-	bqhaw	bqhaw{puM;1;eka}/bqhaw{napuM;1;eka}/bqhaw{napuM;2;eka}/bqhaw{swrI;1;eka}/bqhaw{puM;8;eka}/bqhaw{napuM;8;eka}/bqhaw{swrI;8;eka}	bqhaw{puM;1;eka}	viSeRaNam,1.1	viSeRaNam,1.1	1	5	02	upaniRax	kaTopaniRax	-
18.1	(aswi)	-	.	as2{karwari;lat;pra;eka;parasmEpaxI;axAxiH}	as2{karwari;lat;pra;eka;parasmEpaxI;axAxiH}	-	-	1	5	02	upaniRax	kaTopaniRax	-
2.1	SuciRax	-	SuciRax	SuciRax{puM;1;eka}	SuciRax{puM;1;eka}	viSeRaNam,1.1	viSeRaNam,1.1	1	5	02	upaniRax	kaTopaniRax	-
3.1	vasuH	-	vasuH	vasu{puM;1;eka}	vasu{puM;1;eka}	viSeRaNam,1.1	viSeRaNam,1.1#karwA,5.1#karma,5.1	1	5	02	upaniRax	kaTopaniRax	-
4.1	anwarikRasax	-	anwarikRasax	anwarikRasax{puM;1;eka}	anwarikRasax{puM;1;eka}	viSeRaNam,1.1	viSeRaNam,1.1	1	5	02	upaniRax	kaTopaniRax	-
5.1	howA	-	howA	hu1{karwari;lut;pra;eka;parasmEpaxI;juhowyAxiH}/hu1{karmaNi;lut;pra;eka;AwmanepaxI;juhowyAxiH}/howq{puM;1;eka}	howq{puM;1;eka}	viSeRaNam,1.1	viSeRaNam,1.1	1	5	02	upaniRax	kaTopaniRax	-
6.1	vexiRax	-	vexiRax	vexiRax{puM;1;eka}	vexiRax{puM;1;eka}	viSeRaNam,1.1	viSeRaNam,1.1	1	5	02	upaniRax	kaTopaniRax	-
7.1	awiWiH	-	awiWiH	awiWi{puM;1;eka}	awiWi{puM;1;eka}	viSeRaNam,1.1	viSeRaNam,1.1	1	5	02	upaniRax	kaTopaniRax	-
8.1	xuroNasax	-	xuroNasax	xuroNasax{puM;1;eka}	xuroNasax{puM;1;eka}	viSeRaNam,1.1	viSeRaNam,1.1	1	5	02	upaniRax	kaTopaniRax	-
9.1	nqRax	-	nqRax	nqRax{puM;1;eka}	nqRax{puM;1;eka}	viSeRaNam,1.1	viSeRaNam,1.1	1	5	02	upaniRax	kaTopaniRax	-
1.1	UrXvam	-	UrXvam	UrXvam{avya}	UrXvam{avya}	xeSAXikaraNam,3.1	xeSAXikaraNam,3.1	1	5	03	upaniRax	kaTopaniRax	-
10.1	viSve	-	viSve	viSva{sarvanAma;puM;1;bahu}/viSva{sarvanAma;napuM;1;xvi}/viSva{sarvanAma;napuM;2;xvi}/viSva{puM;7;eka}/viSva{napuM;7;eka}	viSva{puM;7;eka}	xeSAXikaraNam,12.1	aXikaraNam,12.1#aXikaraNam,9.1#aXikaraNam,6.1#aXikaraNam,4.1#aXikaraNam,3.1#karma,12.1#karma,9.1#karma,6.1#karwA,12.1	1	5	03	upaniRax	kaTopaniRax	-
11.1	xevAH	-	xevAH	xeva{puM;1;bahu}/xeva{puM;8;bahu}	xeva{puM;1;bahu}	karwA,12.1	samboXyaH,12.1#samboXyaH,6.1#samboXyaH,4.1#samboXyaH,3.1#karwA,12.1	1	5	03	upaniRax	kaTopaniRax	-
12.1	upAsawe	-	upAsawe	upa_As1{karwari;lat;pra;bahu;AwmanepaxI;axAxiH}/upAsaw{puM;4;eka(upa_As1;Sawq_lat;X;axAxiH)}/upAsaw{napuM;4;eka(upa_As1;Sawq_lat;X;axAxiH)}	upa_As1{karwari;lat;pra;bahu;AwmanepaxI;axAxiH}	-	prayojanam1,9.1#prayojanam1,6.1#prayojanam1,4.1#prayojanam1,3.1	1	5	03	upaniRax	kaTopaniRax	-
2.1	prANam	-	prANam	prANa{puM;2;eka}	prANa{puM;2;eka}	karma,3.1	karma,3.1#karma,6.1	1	5	03	upaniRax	kaTopaniRax	-
3.1	unnayawi	-	unnayawi	uw_NI1{karwari;lat;pra;eka;parasmEpaxI;BvAxiH}/unnayaw{puM;7;eka(uw_NI1;Sawq_lat;X;BvAxiH)}/unnayaw{napuM;7;eka(uw_NI1;Sawq_lat;X;BvAxiH)}	uw_NI1{karwari;lat;pra;eka;parasmEpaxI;BvAxiH}	-	-	1	5	03	upaniRax	kaTopaniRax	-
4.1	apAnam	-	apAnam	apa_an1{karwari;laf;u;eka;parasmEpaxI;axAxiH}/apAna{puM;2;eka(apa_an1;GaF;X;axAxiH)}	apAna{puM;2;eka}	karma,6.1	viSeRaNam,9.1#viSeRaNam,8.1#viSeRaNam,2.1#karma,9.1#karma,6.1	1	5	03	upaniRax	kaTopaniRax	-
5.1	prawyak	-	prawyak	prawyak{avya}	prawyak{avya}	xeSAXikaraNam,6.1	-	1	5	03	upaniRax	kaTopaniRax	-
6.1	asyawi	-	asyawi	as3{karwari;lat;pra;eka;parasmEpaxI;xivAxiH}/asyaw{puM;7;eka(as3;Sawq_lat;X;xivAxiH)}/asyaw{napuM;7;eka(as3;Sawq_lat;X;xivAxiH)}	as3{karwari;lat;pra;eka;parasmEpaxI;xivAxiH}	-	BAvalakRaNasapwamI_samAnakAlaH,12.1#BAvalakRaNasapwamI_samAnakAlaH,4.1#BAvalakRaNasapwamI_samAnakAlaH,3.1	1	5	03	upaniRax	kaTopaniRax	-
7.1	maXye	-	maXye	maXya{puM;7;eka}	maXya{puM;7;eka}	xeSAXikaraNam,9.1	xeSAXikaraNam_upa,12.1#xeSAXikaraNam_upa,9.1#BkarwA,6.1	1	5	03	upaniRax	kaTopaniRax	-
8.1	vAmanam	-	vAmanam	vAmana{puM;2;eka}/vAmana{napuM;1;eka}/vAmana{napuM;2;eka}	vAmana{puM;2;eka}	karma,12.1	karma,12.1#karma,9.1#karma,6.1#karwA,6.1#karwA,3.1	1	5	03	upaniRax	kaTopaniRax	-
9.1	AsInam	-	AsInam	AsIna{puM;2;eka(As1;kwa;axAxiH)}	AsIna{puM;2;eka(As1;kwa;axAxiH)}	viSeRaNam,8.1	viSeRaNam,8.1#viSeRaNam,4.1#viSeRaNam,2.1#karma,12.1#karma,6.1	1	5	03	upaniRax	kaTopaniRax	-
1.1	asya	-	asya	ixam{sarvanAma;puM;6;eka}/ixam{sarvanAma;napuM;6;eka}/as3{karwari;lot;ma;eka;parasmEpaxI;xivAxiH}	ixam{sarvanAma;puM;6;eka}	viSeRaNam,4.1	viSeRaNam,4.1#viSeRaNam,3.2#RaRTIsambanXaH,5.1#RaRTIsambanXaH,4.1#RaRTIsambanXaH,3.2	1	5	04	upaniRax	kaTopaniRax	-
10.1	ewaw	-	ewaw	ewax{sarvanAma;napuM;1;eka}/ewax{sarvanAma;napuM;2;eka}	ewax{sarvanAma;napuM;1;eka}	karwA,13.1	viSeRaNam,12.1	1	5	04	upaniRax	kaTopaniRax	-
11.1	vE	-	vE	vE{avya}	vE{avya}	sambanXaH,10.1	sambanXaH,10.1	1	5	04	upaniRax	kaTopaniRax	-
12.1	waw	-	waw	wax{sarvanAma;napuM;1;eka}/wax{sarvanAma;napuM;2;eka}	wax{sarvanAma;napuM;1;eka}	viSeRaNam,10.1	viSeRaNam,10.1	1	5	04	upaniRax	kaTopaniRax	-
13.1	(aswi)	-	.	as2{karwari;lat;pra;eka;parasmEpaxI;axAxiH}	as2{karwari;lat;pra;eka;parasmEpaxI;axAxiH}	-	-	1	5	04	upaniRax	kaTopaniRax	-
2.1	visraMsamAnasya	-	visraMsamAnasya	visraMsamAna{puM;6;eka}	visraMsamAna{puM;6;eka}	viSeRaNam,4.1	viSeRaNam,4.1	1	5	04	upaniRax	kaTopaniRax	-
3.1	SarIra-	-	SarIra-sWa	SarIra	SarIra	sapwamI_wawpuruRaH,3.2	sapwamI_wawpuruRaH,3.2	1	5	04	upaniRax	kaTopaniRax	-
3.2	sWasya	-	--	sWa{puM;6;eka}/sWa{napuM;6;eka}	sWa{puM;6;eka}	viSeRaNam,4.1	viSeRaNam,4.1#RaRTIsambanXaH,5.1#RaRTIsambanXaH,4.1	1	5	04	upaniRax	kaTopaniRax	-
4.1	xehinaH	-	xehinaH	xehin{puM;1;bahu}/xehin{puM;2;bahu}/xehin{puM;5;eka}/xehin{puM;6;eka}/xehin{napuM;5;eka}/xehin{napuM;6;eka}/xehin{puM;8;bahu}	xehin{puM;6;eka}	RaRTIsambanXaH,5.1	RaRTIsambanXaH,5.1#RaRTIsambanXaH,3.2#hewuH5,9.1#hewuH5,1.1#karma,1.1	1	5	04	upaniRax	kaTopaniRax	-
5.1	xehAw	-	xehAw	xeha{puM;5;eka}/xeha{napuM;5;eka}	xeha{puM;5;eka}	hewuH,9.1	hewuH5,9.1#hewuH5,1.1	1	5	04	upaniRax	kaTopaniRax	-
6.1	vimucyamAnasya	-	vimucyamAnasya	vimucyamAna{puM;6;eka}	vimucyamAna{puM;6;eka}	RaRTIsambanXaH,5.1	RaRTIsambanXaH,5.1	1	5	04	upaniRax	kaTopaniRax	-
7.1	kim	-	kim	kim{avya}/kim{sarvanAma;napuM;1;eka}/kim{sarvanAma;napuM;2;eka}	kim{sarvanAma;napuM;1;eka}/kim{sarvanAma;napuM;2;eka}	karwA,9.1	karwA,9.1#viSeRaNam,12.1#viSeRaNam,10.1#karma,1.1#sambanXaH,9.1#prayojanam1,9.1	1	5	04	upaniRax	kaTopaniRax	-
8.1	awra	-	awra	awra{avya}	awra{avya}	xeSAXikaraNam,9.1	xeSAXikaraNam,9.1#xeSAXikaraNam,1.1	1	5	04	upaniRax	kaTopaniRax	-
9.1	pariSiRyawe	-	pariSiRyawe	pari_SiR2{karmaNi;lat;pra;eka;AwmanepaxI;ruXAxiH}	pari_SiR2{karmaNi;lat;pra;eka;AwmanepaxI;ruXAxiH}	-	-	1	5	04	upaniRax	kaTopaniRax	-
1.1	na	-	na	na{avya}	na{avya}	prawiReXaH,2.1	prawiReXaH,10.1#prawiReXaH,6.1	1	5	05	upaniRax	kaTopaniRax	-
10.1	jIvanwi	-	jIvanwi	jIv1{karwari;lat;pra;bahu;parasmEpaxI;BvAxiH}/jIvanwI{swrI;8;eka}/jIvaw{napuM;1;bahu(jIv1;Sawq_lat;X;BvAxiH)}/jIvaw{napuM;2;bahu(jIv1;Sawq_lat;X;BvAxiH)}	jIv1{karwari;lat;pra;bahu;parasmEpaxI;BvAxiH}	-	gawikarma,13.1	1	5	05	upaniRax	kaTopaniRax	-
11.1	yasmin	-	yasmin	yax{sarvanAma;puM;7;eka}/yax{sarvanAma;napuM;7;eka}	yax{sarvanAma;puM;7;eka}	aXikaraNam,13.1	viSeRaNam,6.1#aXikaraNam,13.1#aXikaraNam,10.1#aXikaraNam,6.1#aXikaraNam,4.1	1	5	05	upaniRax	kaTopaniRax	-
12.1	ewO	-	ewO	ewax{sarvanAma;puM;1;xvi}/ewax{sarvanAma;puM;2;xvi}	ewax{sarvanAma;puM;1;xvi}	viSeRaNam,13.1	viSeRaNam,13.1#gawikarma,13.1#gawikarwA,13.1	1	5	05	upaniRax	kaTopaniRax	-
13.1	upASriwO	-	upASriwO	upASriwa{puM;1;xvi(upa_Af_Sri1;kwa;X;BvAxiH)}/upASriwa{puM;2;xvi(upa_Af_Sri1;kwa;X;BvAxiH)}	upASriwa{puM;1;xvi(upa_Af_Sri1;kwa;X;BvAxiH)}	karwA,14.1	viSeRaNam,12.1	1	5	05	upaniRax	kaTopaniRax	-
14.1	(swaH)	-	-	-	-	-	-	1	5	05	upaniRax	kaTopaniRax	-
2.1	prANena	-	prANena	prANa{puM;3;eka}	prANa{puM;3;eka}	karaNam,6.1	karaNam,10.1#karaNam,6.1#hewuH,13.1#hewuH,10.1#hewuH,6.1#hewuH,4.1	1	5	05	upaniRax	kaTopaniRax	-
3.1	na	-	na	na{avya}	na{avya}	prawiReXaH,4.1	prawiReXaH,10.1#prawiReXaH,6.1	1	5	05	upaniRax	kaTopaniRax	-
4.1	apAnena	-	apAnena	apAna{puM;3;eka(apa_an1;GaF;X;axAxiH)}	apAna{puM;3;eka(apa_an1;GaF;X;axAxiH)}	karaNam,6.1	viSeRaNam,8.1#viSeRaNam,2.1#karaNam,10.1#karaNam,6.1#hewuH,13.1#hewuH,10.1#hewuH,6.1	1	5	05	upaniRax	kaTopaniRax	-
5.1	marwyaH	-	marwyaH	marwya{puM;1;eka}	marwya{puM;1;eka}	karwA,6.1	karwA,6.1	1	5	05	upaniRax	kaTopaniRax	-
6.1	jIvawi	-	jIvawi	jIv1{karwari;lat;pra;eka;parasmEpaxI;BvAxiH}/jIvaw{puM;7;eka(jIv1;Sawq_lat;X;BvAxiH)}/jIvaw{napuM;7;eka(jIv1;Sawq_lat;X;BvAxiH)}	jIv1{karwari;lat;pra;eka;parasmEpaxI;BvAxiH}	-	-	1	5	05	upaniRax	kaTopaniRax	-
7.1	kaScana	-	kaScana	kiFcana{sarvanAma;puM;1;eka}	kiFcana{sarvanAma;puM;1;eka}	viSeRaNam,5.1	viSeRaNam,5.1#karwA,6.1	1	5	05	upaniRax	kaTopaniRax	-
8.1	iwareNa	-	iwareNa	iwara{puM;3;eka}/iwara{napuM;3;eka}/iwara{sarvanAma;puM;3;eka}/iwara{sarvanAma;napuM;3;eka}	iwara{puM;3;eka}	karaNam,10.1	karaNam,10.1#karaNam,6.1#hewuH,13.1#hewuH,10.1#hewuH,6.1#hewuH,4.1#gawikarwA,13.1#viSeRaNam,4.1#viSeRaNam,2.1	1	5	05	upaniRax	kaTopaniRax	-
9.1	wu	-	wu	wu{avya}	wu{avya}	sambanXaH,8.1	sambanXaH,8.1	1	5	05	upaniRax	kaTopaniRax	-
1.1	hanwa	-	hanwa	hanwa{avya}	hanwa{avya}	sambanXaH,4.1	sambanXaH,2.1	1	5	06	upaniRax	kaTopaniRax	-
10.1	maraNam	-	maraNam	maraNa{napuM;1;eka}/maraNa{napuM;2;eka}	maraNa{napuM;2;eka}	karma,13.1	upamAnam,6.1#karma,11.1#karma,4.1#karwA_be_verbs,13.1	1	5	06	upaniRax	kaTopaniRax	-
11.1	prApya	-	prApya	pra_Ap1{avya;lyap;svAxiH}/pra_Af_Ap1{avya{lyap;svAxiH}/pra_Ap2{avya{lyap;curAxiH}/pra_Af_Ap2{avya{lyap;curAxiH}	pra_Ap1{avya;lyap;svAxiH}	pUrvakAlaH,13.1	pUrvakAlaH,13.1	1	5	06	upaniRax	kaTopaniRax	-
12.1	AwmA	-	AwmA	Awman{puM;1;eka}	Awman{puM;1;eka}	karwA,13.1	upamAnam,6.1#karwA_be_verbs,13.1	1	5	06	upaniRax	kaTopaniRax	-
13.1	Bavawi	-	Bavawi	BU1{karwari;lat;pra;eka;parasmEpaxI;BvAxiH}/BavawI{swrI;8;eka}/Bavaw{sarvanAma;puM;7;eka}/Bavaw{puM;7;eka}	BU1{karwari;lat;pra;eka;parasmEpaxI;BvAxiH}	aBihiwa_karwA,12.1;sakarmaka	-	1	5	06	upaniRax	kaTopaniRax	-
14.1	gOwama	-	gOwama	gOwama{puM;8;eka}	gOwama{puM;8;eka}	samboXanam,13.1	samboXanam,13.1	1	5	06	upaniRax	kaTopaniRax	-
2.1	we	-	we	wax{sarvanAma;puM;1;bahu}/wax{sarvanAma;napuM;1;xvi}/wax{sarvanAma;napuM;2;xvi}/wax{sarvanAma;swrI;1;xvi}/wax{sarvanAma;swrI;2;xvi}/yuRmax{sarvanAma;6;eka}/yuRmax{sarvanAma;4;eka}	yuRmax{sarvanAma;4;eka}	sampraxAnam,4.1	sampraxAnam,4.1#prayojanam1,13.1#prayojanam1,11.1#RaRTIsambanXaH,14.1#RaRTIsambanXaH,13.1#RaRTIsambanXaH,12.1#RaRTIsambanXaH,10.1#RaRTIsambanXaH,7.1#RaRTIsambanXaH,6.1#RaRTIsambanXaH,5.1#karma,11.1#karma,4.1	1	5	06	upaniRax	kaTopaniRax	-
3.1	ixam	-	ixam	ixam{sarvanAma;napuM;1;eka}/ixam{sarvanAma;napuM;2;eka}	ixam{sarvanAma;napuM;2;eka}	viSeRaNam,6.1	viSeRaNam,10.1#viSeRaNam,7.1#viSeRaNam,6.1#viSeRaNam,5.1#karma,11.1#karma,4.1	1	5	06	upaniRax	kaTopaniRax	-
4.1	pravakRyAmi	-	pravakRyAmi	pra_vah1{karwari;lqt;u;eka;parasmEpaxI;BvAxiH}/pra_vac1{karwari{lqt;u;eka;parasmEpaxI;axAxiH}	pra_vah1{karwari;lqt;u;eka;parasmEpaxI;BvAxiH}	-	-	1	5	06	upaniRax	kaTopaniRax	-
5.1	guhyam	-	guhyam	guhya{puM;2;eka}/guhya{napuM;1;eka}/guhya{napuM;2;eka}	guhya{napuM;2;eka}	viSeRaNam,6.1	viSeRaNam,10.1#viSeRaNam,7.1#viSeRaNam,6.1#viSeRaNam,3.1#karma,11.1#karma,4.1#viXeya_viSeRaNam,3.1	1	5	06	upaniRax	kaTopaniRax	-
6.1	brahma	-	brahma	brahman{napuM;1;eka}/brahman{napuM;2;eka}/brahma{napuM;8;eka}	brahman{napuM;2;eka}	karma,4.1	karma,11.1#karma,4.1#karwA_be_verbs,13.1	1	5	06	upaniRax	kaTopaniRax	-
7.1	sanAwanam	-	sanAwanam	sanAwana{puM;2;eka}/sanAwana{napuM;1;eka}/sanAwana{napuM;2;eka}	sanAwana{napuM;2;eka}	viSeRaNam,6.1	viSeRaNam,10.1#viSeRaNam,6.1#viSeRaNam,5.1#viSeRaNam,3.1#karma,11.1#karma,4.1#viXeya_viSeRaNam,6.1#viXeya_viSeRaNam,5.1#viXeya_viSeRaNam,3.1#karwA_be_verbs,13.1	1	5	06	upaniRax	kaTopaniRax	-
8.1	yaWA	-	yaWA	yaWA{avya}	yaWA{avya}	kriyAviSeRaNam,13.1	kriyAviSeRaNam,13.1#kriyAviSeRaNam,11.1#kriyAviSeRaNam,4.1	1	5	06	upaniRax	kaTopaniRax	-
9.1	ca	-	ca	ca{avya}	ca{avya}	sambanXaH,8.1	sambanXaH,8.1	1	5	06	upaniRax	kaTopaniRax	-
1.1	yonim	-	yonim	yoni{swrI;2;eka}	yoni{swrI;2;eka}	karma,3.1	muKyakarma,3.1#gONakarma,3.1	1	5	07	upaniRax	kaTopaniRax	-
10.1	yaWASruwam	-	karma	Sruwa{puM;2;eka(Sru1;kwa;X;BvAxiH)}/Sruwa{napuM;1;eka(Sru1;kwa;X;BvAxiH)}/Sruwa{napuM;2;eka(Sru1;kwa;X;BvAxiH)}	Sruwa{napuM;1;eka(Sru1;kwa;X;BvAxiH)}	kriyAviSeRaNam,8.1	viSeRaNam,10.1#viSeRaNam,6.1	1	5	07	upaniRax	kaTopaniRax	-
2.1	anye	-	anye	an1{karmaNi;lat;u;eka;AwmanepaxI;axAxiH}/anya{sarvanAma;puM;1;bahu}/anya{sarvanAma;napuM;1;xvi}/anya{sarvanAma;napuM;2;xvi}/anyA{sarvanAma;swrI;1;xvi}/anyA{sarvanAma;swrI;2;xvi}/anyA{swrI;8;eka}	anya{sarvanAma;puM;1;bahu}	viSeRaNam,5.1	viSeRaNam,7.1#muKyakarma,3.1#gONakarma,3.1#viSeRaNam,5.1#karwA,8.1#karwA,3.1	1	5	07	upaniRax	kaTopaniRax	-
3.1	prapaxyanwe	-	prapaxyanwe	pra_pax1{karwari;lat;pra;bahu;AwmanepaxI;xivAxiH}/pra_pax1{karmaNi{lat;pra;bahu;AwmanepaxI;xivAxiH}	pra_pax1{karwari;lat;pra;bahu;AwmanepaxI;xivAxiH}	-	-	1	5	07	upaniRax	kaTopaniRax	-
4.1	SarIrawvAya	-	SarIrawvAya	SarIrawva{puM;4;eka}	SarIrawva{puM;4;eka}	prayojanam,3.1	prayojanam,3.1	1	5	07	upaniRax	kaTopaniRax	-
5.1	xehinaH	-	xehinaH	xehin{puM;1;bahu}/xehin{puM;2;bahu}/xehin{puM;5;eka}/xehin{puM;6;eka}/xehin{napuM;5;eka}/xehin{napuM;6;eka}/xehin{puM;8;bahu}	xehin{puM;1;bahu}	karwA,3.1	RaRTIsambanXaH,10.1#RaRTIsambanXaH,6.1#wulanA_binxuH,7.1#hewuH5,#hewuH5,8.1#hewuH5,7.1#hewuH5,3.1#hewuH5,2.1#apAxAnam,#muKyakarma,3.1#gONakarma,3.1#karwA,8.1#karwA,3.1	1	5	07	upaniRax	kaTopaniRax	-
6.1	sWANum	-	sWANum	sWANu{puM;2;eka}	sWANu{puM;2;eka}	karma,8.1	upamAnam,5.1#muKyakarma,3.1#gONakarma,3.1	1	5	07	upaniRax	kaTopaniRax	-
7.1	anye	-	anye	an1{karmaNi;lat;u;eka;AwmanepaxI;axAxiH}/anya{sarvanAma;puM;1;bahu}/anya{sarvanAma;napuM;1;xvi}/anya{sarvanAma;napuM;2;xvi}/anyA{sarvanAma;swrI;1;xvi}/anyA{sarvanAma;swrI;2;xvi}/anyA{swrI;8;eka}	anya{sarvanAma;puM;1;bahu}	karwA,8.1	viSeRaNam,2.1#muKyakarma,3.1#gONakarma,3.1#viSeRaNam,5.1#karwA,8.1#karwA,3.1	1	5	07	upaniRax	kaTopaniRax	-
8.1	anusaMyanwi	-	--	anu_sam_i1{karwari;lat;pra;bahu;parasmEpaxI;axAxiH}	anu_sam_i1{karwari;lat;pra;bahu;parasmEpaxI;axAxiH}	-	-	1	5	07	upaniRax	kaTopaniRax	-
9.1	yaWAkarma	-	yaWA	karman{napuM;1;eka}/karman{napuM;2;eka}	karman{napuM;1;eka}	samuccayaH,10.1	viSeRaNam,#muKyakarma,3.1#karma,	1	5	07	upaniRax	kaTopaniRax	-
1.1	yaH	-	yaH	yax{sarvanAma;puM;1;eka}	yax{sarvanAma;puM;1;eka}	karwA,4.1	viSeRaNam,27.1#viSeRaNam,7.1#niwya_sambanXaH1,18.1#niwya_sambanXaH1,2.1#karwA,4.1	1	5	08	upaniRax	kaTopaniRax	-
10.1	eva	-	eva	eva{avya}	eva{avya}	sambanXaH,9.1	sambanXaH,9.1	1	5	08	upaniRax	kaTopaniRax	-
11.1	Sukram	-	Sukram	Sukra{napuM;1;eka}/Sukra{napuM;2;eka}	Sukra{napuM;1;eka}	aBexaH,13.1	muKyakarma,17.1#karwA,4.1#gONakarma,17.1	1	5	08	upaniRax	kaTopaniRax	-
12.1	waw	-	waw	wax{sarvanAma;napuM;1;eka}/wax{sarvanAma;napuM;2;eka}	wax{sarvanAma;napuM;1;eka}	viSeRaNam,13.1	viSeRaNam,30.1#viSeRaNam,28.1#viSeRaNam,23.1#viSeRaNam,16.1#viSeRaNam,14.1#viSeRaNam,13.1#viSeRaNam,11.1#viSeRaNam,9.1#muKyakarma,17.1#gONakarma,17.1	1	5	08	upaniRax	kaTopaniRax	-
13.1	brahma	-	brahma	brahman{napuM;1;eka}/brahman{napuM;2;eka}/brahma{napuM;8;eka}	brahman{napuM;1;eka}	karwA,17.1	muKyakarma,17.1#gONakarma,17.1	1	5	08	upaniRax	kaTopaniRax	-
14.1	wax	-	wax	wax{sarvanAma;napuM;1;eka}/wax{sarvanAma;napuM;2;eka}	wax{sarvanAma;napuM;1;eka}	viSeRaNam,16.1	viSeRaNam,30.1#viSeRaNam,28.1#viSeRaNam,23.1#viSeRaNam,16.1#viSeRaNam,13.1#viSeRaNam,12.1#viSeRaNam,11.1#viSeRaNam,9.1#muKyakarma,17.1#gONakarma,17.1	1	5	08	upaniRax	kaTopaniRax	-
15.1	eva	-	eva	eva{avya}	eva{avya}	sambanXaH,14.1	sambanXaH,14.1	1	5	08	upaniRax	kaTopaniRax	-
16.1	amqwam	-	amqwam	amqwa{puM;2;eka}/amqwa{napuM;1;eka}/amqwa{napuM;2;eka}	amqwa{napuM;1;eka}	aBexaH,13.1	muKyakarma,17.1#gONakarma,17.1	1	5	08	upaniRax	kaTopaniRax	-
17.1	ucyawe	-	ucyawe	brU1{karmaNi;lat;pra;eka;AwmanepaxI;axAxiH}	brU1{karmaNi;lat;pra;eka;AwmanepaxI;axAxiH}	-	-	1	5	08	upaniRax	kaTopaniRax	-
18.1	wasmin	-	wasmin	wax{sarvanAma;puM;7;eka}/wax{sarvanAma;napuM;7;eka}	wax{sarvanAma;puM;7;eka}	aXikaraNam,22.1	aXikaraNam,26.1#aXikaraNam,20.1#aXikaraNam,17.1#aXikaraNam,4.1#aXikaraNam,3.1	1	5	08	upaniRax	kaTopaniRax	-
19.1	lokAH	-	lokAH	loka{puM;1;bahu}/loka{puM;8;bahu}	loka{puM;1;bahu}	karwA,22.1	karma,20.1	1	5	08	upaniRax	kaTopaniRax	-
2.1	eRaH	-	eRaH	ewax{sarvanAma;puM;1;eka}	ewax{sarvanAma;puM;1;eka}	viSeRaNam,1.1	viSeRaNam,27.1#viSeRaNam,7.1#viSeRaNam,1.1#karwA,4.1	1	5	08	upaniRax	kaTopaniRax	-
20.1	SriwAH	-	SriwAH	Sriwa{puM;1;bahu(Sri1;kwa;X;BvAxiH)}/SriwA{swrI;1;bahu(Sri1;kwa;X;BvAxiH)}/SriwA{swrI;2;bahu(Sri1;kwa;X;BvAxiH)}	Sriwa{puM;1;bahu(Sri1;kwa;X;BvAxiH)}	viSeRaNam,19.1	muKyakarma,17.1#karma,26.1#viSeRaNam,21.1#viSeRaNam,19.1	1	5	08	upaniRax	kaTopaniRax	-
21.1	sarve	-	sarve	sarva{sarvanAma;puM;1;bahu}/sarva{sarvanAma;napuM;1;xvi}/sarva{sarvanAma;napuM;2;xvi}/sarvA{sarvanAma;swrI;1;xvi}/sarvA{sarvanAma;swrI;2;xvi}	sarva{sarvanAma;puM;1;bahu}	viSeRaNam,19.1	muKyakarma,17.1#karma,26.1#viSeRaNam,20.1#viSeRaNam,19.1#karma,20.1	1	5	08	upaniRax	kaTopaniRax	-
22.1	(sanwi)	-	-	-	-	-	-	1	5	08	upaniRax	kaTopaniRax	-
23.1	wax	-	wax	wax{sarvanAma;napuM;1;eka}/wax{sarvanAma;napuM;2;eka}	wax{sarvanAma;napuM;1;eka}	karma,26.1	viSeRaNam,30.1#viSeRaNam,28.1#viSeRaNam,16.1#viSeRaNam,14.1#viSeRaNam,13.1#viSeRaNam,12.1#viSeRaNam,11.1#viSeRaNam,9.1#muKyakarma,17.1#karma,26.1#karwA,26.1#gONakarma,17.1	1	5	08	upaniRax	kaTopaniRax	-
24.1	u	-	u	u{avya}	u{avya}	sambanXaH,23.1	sambanXaH,23.1	1	5	08	upaniRax	kaTopaniRax	-
25.1	na	-	na	na{avya}	na{avya}	prawiReXaH,26.1	prawiReXaH,26.1	1	5	08	upaniRax	kaTopaniRax	-
26.1	awyewi	-	awyewi	awi_i1{karwari;lat;pra;eka;parasmEpaxI;axAxiH}	awi_i1{karwari;lat;pra;eka;parasmEpaxI;axAxiH}	-	-	1	5	08	upaniRax	kaTopaniRax	-
27.1	kaScana	-	kaScana	kiFcana{sarvanAma;puM;1;eka}	kiFcana{sarvanAma;puM;1;eka}	karwA,26.1	viSeRaNam,7.1#viSeRaNam,2.1#viSeRaNam,1.1#karwA,26.1	1	5	08	upaniRax	kaTopaniRax	-
28.1	ewaw	-	ewaw	ewax{sarvanAma;napuM;1;eka}/ewax{sarvanAma;napuM;2;eka}	ewax{sarvanAma;napuM;1;eka}	viSeRaNam,30.1	viSeRaNam,30.1#viSeRaNam,23.1#viSeRaNam,16.1#viSeRaNam,14.1#viSeRaNam,13.1#viSeRaNam,12.1#viSeRaNam,11.1#viSeRaNam,9.1#karma,26.1#karwA,26.1	1	5	08	upaniRax	kaTopaniRax	-
29.1	vE	-	vE	vE{avya}	vE{avya}	sambanXaH,28.1	sambanXaH,28.1	1	5	08	upaniRax	kaTopaniRax	-
3.1	supweRu	-	supweRu	supwa{puM;7;bahu(sqB1;kwa;X;BvAxiH)}/supwa{napuM;7;bahu(sqB1;kwa;X;BvAxiH)}/supwa{puM;7;bahu(Rvap1;kwa;X;axAxiH)}/supwa{napuM;7;bahu(Rvap1;kwa;X;axAxiH)}	supwa{puM;7;bahu(sqB1;kwa;X;BvAxiH)}	BAvalakRaNasapwamI_pUrvakAlaH,4.1	BAvalakRaNasapwamI_pUrvakAlaH,26.1#BAvalakRaNasapwamI_pUrvakAlaH,20.1#BAvalakRaNasapwamI_pUrvakAlaH,17.1#BAvalakRaNasapwamI_pUrvakAlaH,4.1	1	5	08	upaniRax	kaTopaniRax	-
30.1	wax	-	wax	wax{sarvanAma;napuM;1;eka}/wax{sarvanAma;napuM;2;eka}	wax{sarvanAma;napuM;1;eka}	karwA,31.1	viSeRaNam,28.1#viSeRaNam,23.1#viSeRaNam,16.1#viSeRaNam,14.1#viSeRaNam,13.1#viSeRaNam,12.1#viSeRaNam,11.1#viSeRaNam,9.1#karma,26.1#karwA,26.1	1	5	08	upaniRax	kaTopaniRax	-
31.1	(aswi)	-	.	as2{karwari;lat;pra;eka;parasmEpaxI;axAxiH}	as2{karwari;lat;pra;eka;parasmEpaxI;axAxiH}	-	-	1	5	08	upaniRax	kaTopaniRax	-
4.1	jAgarwi	-	jAgarwi	jAgq1{karwari;lat;pra;eka;parasmEpaxI;axAxiH}	jAgq1{karwari;lat;pra;eka;parasmEpaxI;axAxiH}	-	-	1	5	08	upaniRax	kaTopaniRax	-
5.1	kAmam	-	kAmam	kAmam{avya}/kAma{puM;2;eka}	kAmam{avya}	vIpsA,6.1	vIpsA,6.1#Bkarma,3.1	1	5	08	upaniRax	kaTopaniRax	-
6.1	kAmam	-	kAmam	kAmam{avya}/kAma{puM;2;eka}	kAmam{avya}kAma{puM;2;eka}	karma,8.1	karma,8.1	1	5	08	upaniRax	kaTopaniRax	-
7.1	puruRaH	-	puruRaH	puruRa{puM;1;eka}	puruRa{puM;1;eka}	karwA,8.1	karwA,8.1	1	5	08	upaniRax	kaTopaniRax	-
8.1	nirmimANaH	-	nirmimANaH	nir_{mA;SAnac;nirmimANa{puM;1;eka}juhowyAxiH;AwmanepaxI}	nir_{mA;SAnac;nirmimANa{puM;1;eka}juhowyAxiH;AwmanepaxI}	-	-	1	5	08	upaniRax	kaTopaniRax	-
9.1	wax	-	wax	wax{sarvanAma;napuM;1;eka}/wax{sarvanAma;napuM;2;eka}	wax{sarvanAma;napuM;1;eka}	viSeRaNam,11.1	viSeRaNam,30.1#viSeRaNam,28.1#viSeRaNam,23.1#viSeRaNam,16.1#viSeRaNam,14.1#viSeRaNam,13.1#viSeRaNam,12.1#viSeRaNam,11.1#karwA,4.1	1	5	08	upaniRax	kaTopaniRax	-
1.1	agniH	-	agniH	agni{puM;1;eka}	agni{puM;1;eka}	karwA,9.1	gawikarwA,5.1	1	5	09	upaniRax	kaTopaniRax	-
10.1	ekaH	-	ekaH	eka{saMKyeyam;puM;1;eka}	eka{saMKyeyam;puM;1;eka}	viSeRaNam,12.4	viSeRaNam,8.2#viSeRaNam,5.1#viSeRaNam,3.1#karwA_be_verbs,9.1#gawikarwA,5.1	1	5	09	upaniRax	kaTopaniRax	-
11.1	waWA	-	waWA	waWA{avya}	waWA{avya}	kriyAviSeRaNam,18.1	kriyAviSeRaNam,9.1#kriyAviSeRaNam,5.1	1	5	09	upaniRax	kaTopaniRax	-
12.1	sarva-	-	sarva-BUwa-anwara-Awman	sarva	sarva	xviwIyA_wawpuruRaH,12.2	xviwIyA_wawpuruRaH,12.2#karmaXArayaH_1,12.4	1	5	09	upaniRax	kaTopaniRax	-
12.2	BUwa-	-	--	BUwa	BUwa	karmaXArayaH_1,12.3	karmaXArayaH_1,12.4	1	5	09	upaniRax	kaTopaniRax	-
12.3	anwara-	-	--	anwara	anwara	bahuvrIhiH,12.4	wqwIyA_wawpuruRaH,12.2#bahuvrIhiH,12.4#RaRTI_wawpuruRaH,12.4	1	5	09	upaniRax	kaTopaniRax	-
12.4	AwmA	-	--	Awman{puM;1;eka}	Awman{puM;1;eka}	karwA,18.1	viSeRaNam,15.2	1	5	09	upaniRax	kaTopaniRax	-
13.1	rUpam	-	rUpam	rUpa{napuM;1;eka}/rUpa{napuM;2;eka}	rUpa{napuM;2;eka}	karma,18.1	vIpsA,14.1#viXeya_viSeRaNam,8.2#viXeya_viSeRaNam,7.1#viXeya_viSeRaNam,6.1#viXeya_viSeRaNam,5.1#viXeya_viSeRaNam,4.1#viXeya_viSeRaNam,1.1	1	5	09	upaniRax	kaTopaniRax	-
14.1	rUpam	-	rUpam	rUpa{napuM;1;eka}/rUpa{napuM;2;eka}	rUpa{napuM;2;eka}	vIpsA,13.1	viXeya_viSeRaNam,13.1#viXeya_viSeRaNam,8.2#viXeya_viSeRaNam,7.1#viXeya_viSeRaNam,6.1#viXeya_viSeRaNam,5.1#viXeya_viSeRaNam,4.1	1	5	09	upaniRax	kaTopaniRax	-
15.1	prawi-	-	prawi-rUpa	prawi	prawi	wawpuruRaH,15.2	wawpuruRaH,15.2#bahuvrIhiH,15.2	1	5	09	upaniRax	kaTopaniRax	-
15.2	rUpaH	-	--	rUpa{puM;1;eka}	rUpa{puM;1;eka}	karwqsamAnAXikaraNam,18.1	viXeya_viSeRaNam,14.1#viXeya_viSeRaNam,13.1#viXeya_viSeRaNam,8.2#viXeya_viSeRaNam,7.1#viXeya_viSeRaNam,6.1#viXeya_viSeRaNam,5.1#viXeya_viSeRaNam,4.1#kriyAviSeRaNam,12.2#kriyAviSeRaNam,9.1#kriyAviSeRaNam,5.1	1	5	09	upaniRax	kaTopaniRax	-
16.1	bahiH	-	bahiH	bahiH{avya}	bahiH{avya}	xeSAXikaraNam,18.1	xeSAXikaraNam,18.1	1	5	09	upaniRax	kaTopaniRax	-
17.1	ca	-	ca	ca{avya}	ca{avya}	sambanXaH,16.1	sambanXaH,16.1	1	5	09	upaniRax	kaTopaniRax	-
18.1	(baBUva)	-	.	BU1{karwari;lit;pra;eka;parasmEpaxI;BvAxiH}/BU1{karwari;lit;ma;bahu;parasmEpaxI;BvAxiH}/BU1{karwari;lit;u;eka;parasmEpaxI;BvAxiH}	BU1{karwari;lit;pra;eka;parasmEpaxI;BvAxiH}/BU1{karwari;lit;ma;bahu;parasmEpaxI;BvAxiH}/BU1{karwari;lit;u;eka;parasmEpaxI;BvAxiH}	-	-	1	5	09	upaniRax	kaTopaniRax	-
2.1	yaWA	-	yaWA	yaWA{avya}	yaWA{avya}	kriyAviSeRaNam,9.1,niwya_sambanXaH,11.1	upamAna_xyowakaH,6.1#upamAna_xyowakaH,4.1#niwya_sambanXaH,11.1#kriyAviSeRaNam,9.1#kriyAviSeRaNam,5.1	1	5	09	upaniRax	kaTopaniRax	-
3.1	ekaH	-	ekaH	eka{saMKyeyam;puM;1;eka}	eka{saMKyeyam;puM;1;eka}	viSeRaNam,1.1	viSeRaNam,10.1#viSeRaNam,8.2#viSeRaNam,5.1#karwA_be_verbs,9.1#gawikarwA,5.1	1	5	09	upaniRax	kaTopaniRax	-
4.1	Buvanam	-	Buvanam	Buvana{napuM;1;eka}/Buvana{napuM;2;eka}	Buvana{napuM;2;eka}	karma,5.1	gawikarma,5.1#upamAnam,1.1#karwA_be_verbs,9.1	1	5	09	upaniRax	kaTopaniRax	-
5.1	praviRtaH	-	praviRtaH	praviRta{puM;1;eka(pra_viS1;kwa;X;wuxAxiH)}	praviRta{puM;1;eka(pra_viS1;kwa;X;wuxAxiH)}	viXeya_viSeRaNam,1.1	viXeya_viSeRaNam,4.1#viXeya_viSeRaNam,1.1#viSeRaNam,10.1#viSeRaNam,8.2#viSeRaNam,3.1#karwA_be_verbs,9.1	1	5	09	upaniRax	kaTopaniRax	-
6.1	rUpam	-	rUpam	rUpa{napuM;1;eka}/rUpa{napuM;2;eka}	rUpa{napuM;2;eka}	vIpsA,7.1	vIpsA,7.1#gawikarma,5.1#upamAnam,1.1#karwA_be_verbs,9.1	1	5	09	upaniRax	kaTopaniRax	-
7.1	rUpam	-	rUpam	rUpa{napuM;1;eka}/rUpa{napuM;2;eka}	rUpa{napuM;2;eka}	karma,9.1	gawikarma,5.1#karwA_be_verbs,9.1	1	5	09	upaniRax	kaTopaniRax	-
8.1	prawi-	-	prawi-rUpa	prawi	prawi	wawpuruRaH,8.2	wawpuruRaH,8.2#bahuvrIhiH,8.2	1	5	09	upaniRax	kaTopaniRax	-
8.2	rUpaH	-	--	rUpa{puM;1;eka}	rUpa{puM;1;eka}	karwqsamAnAXikaraNam,9.1	viXeya_viSeRaNam,7.1#viXeya_viSeRaNam,6.1#viXeya_viSeRaNam,5.1#viXeya_viSeRaNam,4.1#viXeya_viSeRaNam,1.1#viSeRaNam,10.1#viSeRaNam,3.1#kriyAviSeRaNam,12.2#kriyAviSeRaNam,9.1#kriyAviSeRaNam,5.1#karwA_be_verbs,9.1#gawikarwA,5.1	1	5	09	upaniRax	kaTopaniRax	-
9.1	baBUva	-	baBUva	BU1{karwari;lit;pra;eka;parasmEpaxI;BvAxiH}/BU1{karwari;lit;ma;bahu;parasmEpaxI;BvAxiH}/BU1{karwari;lit;u;eka;parasmEpaxI;BvAxiH}	BU1{karwari;lit;pra;eka;parasmEpaxI;BvAxiH}	aBihiwa_karwA,8.2;sakarmaka	-	1	5	09	upaniRax	kaTopaniRax	-
1.1	vAyuH	-	agniH	vAyu{puM;1;eka}	vAyu{puM;1;eka}	karwA,9.1	gawikarwA,5.1	1	5	10	upaniRax	kaTopaniRax	-
10.1	ekaH	-	ekaH	eka{saMKyeyam;puM;1;eka}	eka{saMKyeyam;puM;1;eka}	viSeRaNam,12.4	viSeRaNam,8.2#viSeRaNam,5.1#viSeRaNam,3.1#karwA_be_verbs,9.1#gawikarwA,5.1	1	5	10	upaniRax	kaTopaniRax	-
11.1	waWA	-	waWA	waWA{avya}	waWA{avya}	kriyAviSeRaNam,18.1	kriyAviSeRaNam,9.1#kriyAviSeRaNam,5.1	1	5	10	upaniRax	kaTopaniRax	-
12.1	sarva-	-	sarva-BUwa-anwara-Awman	sarva	sarva	xviwIyA_wawpuruRaH,12.2	xviwIyA_wawpuruRaH,12.2#karmaXArayaH_1,12.4	1	5	10	upaniRax	kaTopaniRax	-
12.2	BUwa-	-	--	BUwa(BU1;kwa;X;BvAxiH)	BUwa(BU1;kwa;X;BvAxiH)	karmaXArayaH_1,12.3	karmaXArayaH_1,12.4	1	5	10	upaniRax	kaTopaniRax	-
12.3	anwara-	-	--	anwara	anwara	bahuvrIhiH,12.4	wqwIyA_wawpuruRaH,12.2#bahuvrIhiH,12.4#RaRTI_wawpuruRaH,12.4	1	5	10	upaniRax	kaTopaniRax	-
12.4	AwmA	-	--	Awman{puM;1;eka}	Awman{puM;1;eka}	karwA,18.1	viSeRaNam,15.2	1	5	10	upaniRax	kaTopaniRax	-
13.1	rUpam	-	rUpam	rUpa{napuM;1;eka}/rUpa{napuM;2;eka}	rUpa{napuM;2;eka}	karma,18.1	vIpsA,14.1#viXeya_viSeRaNam,8.2#viXeya_viSeRaNam,7.1#viXeya_viSeRaNam,6.1#viXeya_viSeRaNam,5.1#viXeya_viSeRaNam,4.1#viXeya_viSeRaNam,1.1	1	5	10	upaniRax	kaTopaniRax	-
14.1	rUpam	-	rUpam	rUpa{napuM;1;eka}/rUpa{napuM;2;eka}	rUpa{napuM;2;eka}	vIpsA,13.1	viXeya_viSeRaNam,13.1#viXeya_viSeRaNam,8.2#viXeya_viSeRaNam,7.1#viXeya_viSeRaNam,6.1#viXeya_viSeRaNam,5.1#viXeya_viSeRaNam,4.1	1	5	10	upaniRax	kaTopaniRax	-
15.1	prawi-	-	prawi-rUpa	prawi	prawi	wawpuruRaH,15.2	wawpuruRaH,15.2#bahuvrIhiH,15.2	1	5	10	upaniRax	kaTopaniRax	-
15.2	rUpaH	-	--	rUpa{puM;1;eka}	rUpa{puM;1;eka}	karwqsamAnAXikaraNam,18.1	viXeya_viSeRaNam,14.1#viXeya_viSeRaNam,13.1#viXeya_viSeRaNam,8.2#viXeya_viSeRaNam,7.1#viXeya_viSeRaNam,6.1#viXeya_viSeRaNam,5.1#viXeya_viSeRaNam,4.1#kriyAviSeRaNam,12.2#kriyAviSeRaNam,9.1#kriyAviSeRaNam,5.1	1	5	10	upaniRax	kaTopaniRax	-
16.1	bahiH	-	bahiH	bahiH{avya}	bahiH{avya}	xeSAXikaraNam,18.1	xeSAXikaraNam,18.1	1	5	10	upaniRax	kaTopaniRax	-
17.1	ca	-	ca	ca{avya}	ca{avya}	sambanXaH,16.1	sambanXaH,16.1	1	5	10	upaniRax	kaTopaniRax	-
18.1	(baBUva)	-	.	BU1{karwari;lit;pra;eka;parasmEpaxI;BvAxiH}/BU1{karwari;lit;ma;bahu;parasmEpaxI;BvAxiH}/BU1{karwari;lit;u;eka;parasmEpaxI;BvAxiH}	BU1{karwari;lit;pra;eka;parasmEpaxI;BvAxiH}/BU1{karwari;lit;ma;bahu;parasmEpaxI;BvAxiH}/BU1{karwari;lit;u;eka;parasmEpaxI;BvAxiH}	-	-	1	5	10	upaniRax	kaTopaniRax	-
2.1	yaWA	-	yaWA	yaWA{avya}	yaWA{avya}	kriyAviSeRaNam,9.1	upamAna_xyowakaH,6.1#upamAna_xyowakaH,4.1#niwya_sambanXaH,11.1#kriyAviSeRaNam,9.1#kriyAviSeRaNam,5.1	1	5	10	upaniRax	kaTopaniRax	-
3.1	ekaH	-	ekaH	eka{saMKyeyam;puM;1;eka}	eka{saMKyeyam;puM;1;eka}	viSeRaNam,1.1	viSeRaNam,10.1#viSeRaNam,8.2#viSeRaNam,5.1#karwA_be_verbs,9.1#gawikarwA,5.1	1	5	10	upaniRax	kaTopaniRax	-
4.1	Buvanam	-	Buvanam	Buvana{napuM;1;eka}/Buvana{napuM;2;eka}	Buvana{napuM;2;eka}	karma,5.1	gawikarma,5.1#upamAnam,1.1#karwA_be_verbs,9.1	1	5	10	upaniRax	kaTopaniRax	-
5.1	praviRtaH	-	praviRtaH	praviRta{puM;1;eka(pra_viS1;kwa;X;wuxAxiH)}	praviRta{puM;1;eka(pra_viS1;kwa;X;wuxAxiH)}	viXeya_viSeRaNam,1.1	viXeya_viSeRaNam,4.1#viXeya_viSeRaNam,1.1#viSeRaNam,10.1#viSeRaNam,8.2#viSeRaNam,3.1#karwA_be_verbs,9.1	1	5	10	upaniRax	kaTopaniRax	-
6.1	rUpam	-	rUpam	rUpa{napuM;1;eka}/rUpa{napuM;2;eka}	rUpa{napuM;2;eka}	vIpsA,7.1	vIpsA,7.1#gawikarma,5.1#upamAnam,1.1#karwA_be_verbs,9.1	1	5	10	upaniRax	kaTopaniRax	-
7.1	rUpam	-	rUpam	rUpa{napuM;1;eka}/rUpa{napuM;2;eka}	rUpa{napuM;2;eka}	karma,9.1	gawikarma,5.1#karwA_be_verbs,9.1	1	5	10	upaniRax	kaTopaniRax	-
8.1	prawi-	-	prawi-rUpa	prawi	prawi	wawpuruRaH,8.2	wawpuruRaH,8.2#bahuvrIhiH,8.2	1	5	10	upaniRax	kaTopaniRax	-
8.2	rUpaH	-	--	rUpa{puM;1;eka}	rUpa{puM;1;eka}	karwqsamAnAXikaraNam,9.1	viXeya_viSeRaNam,7.1#viXeya_viSeRaNam,6.1#viXeya_viSeRaNam,5.1#viXeya_viSeRaNam,4.1#viXeya_viSeRaNam,1.1#viSeRaNam,10.1#viSeRaNam,3.1#kriyAviSeRaNam,12.2#kriyAviSeRaNam,9.1#kriyAviSeRaNam,5.1#karwA_be_verbs,9.1#gawikarwA,5.1	1	5	10	upaniRax	kaTopaniRax	-
9.1	baBUva	-	baBUva	BU1{karwari;lit;pra;eka;parasmEpaxI;BvAxiH}/BU1{karwari;lit;ma;bahu;parasmEpaxI;BvAxiH}/BU1{karwari;lit;u;eka;parasmEpaxI;BvAxiH}	BU1{karwari;lit;pra;eka;parasmEpaxI;BvAxiH}	aBihiwa_karwA,8.2;sakarmaka	-	1	5	10	upaniRax	kaTopaniRax	-
1.1	sUryaH	-	sUryaH	sUrI{swrI;1;bahu}/sUrya{puM;1;eka}/sUrI{swrI;8;bahu}	sUrI{swrI;1;bahu}	karma,6.1	karma,7.1	1	5	11	upaniRax	kaTopaniRax	-
10.1	waWA	-	waWA	waWA{avya}	waWA{avya}	kriyAviSeRaNam,13.1,niwya_sambanXaH,2.1	kriyAviSeRaNam,21.1#kriyAviSeRaNam,18.1#kriyAviSeRaNam,9.1#kriyAviSeRaNam,7.1	1	5	11	upaniRax	kaTopaniRax	-
11.1	sarva-	-	sarva	sarva	sarva	xviwIyA_wawpuruRaH,11.2	xviwIyA_wawpuruRaH,11.2	1	5	11	upaniRax	kaTopaniRax	-
11.2	BUwa-	-	BUwa	BUwa	BUwa	karmaXArayaH,11.3	karmaXArayaH,11.3	1	5	11	upaniRax	kaTopaniRax	-
11.3	anwara-	-	anwara	anwara	anwara	RaRTIwawpuruRaH,11.4	RaRTIwawpuruRaH,11.4/bahuvrIhiH,11.4	1	5	11	upaniRax	kaTopaniRax	-
11.4	AwmA	-	AwmA	Awman{puM;1;eka}	Awman{puM;1;eka}	karma,13.1	viSeRaNam,21.1#karma,18.1	1	5	11	upaniRax	kaTopaniRax	-
12.1	na	-	na	na{avya}	na{avya}	prawiReXaH,13.1	prawiReXaH,18.1	1	5	11	upaniRax	kaTopaniRax	-
13.1	lipyawe	-	lipyawe	lip1{karmaNi;lat;pra;eka;AwmanepaxI;wuxAxiH}	lip1{karmaNi;lat;pra;eka;AwmanepaxI;wuxAxiH}	-	-	1	5	11	upaniRax	kaTopaniRax	-
14.1	loka-	-	loka	loka	loka	karmaXArayaH,14.2	karmaXArayaH,14.2/RaRTIwawpuruRaH,14.2	1	5	11	upaniRax	kaTopaniRax	-
14.2	xuHKena	-	xuHKena	xuHKa{napuM;3;eka}	xuHKa{napuM;3;eka}	karaNam,15.1	kriyAviSeRaNam,21.1#kriyAviSeRaNam,18.1#kriyAviSeRaNam,9.1#kriyAviSeRaNam,7.1#karwA,21.1#karaNam,18.1#hewuH,21.1#hewuH,18.1	1	5	11	upaniRax	kaTopaniRax	-
15.1	bAhyaH	-	bAhyaH	bAhya{puM;1;eka(bAh1;yaw;X;BvAxiH)}/bAhya{puM;1;eka(bAh1;Nyaw;X;BvAxiH)}	bAhya{puM;1;eka(bAh1;yaw;X;BvAxiH)}	karmasamAnAXikaraNam,13.1	viSeRaNam,16.1#karma,18.1	1	5	11	upaniRax	kaTopaniRax	-
2.1	yaWA	-	yaWA	yaWA{avya}	yaWA{avya}	upamAna_xyowakaH,4.1	upamAna_xyowakaH,5.1#niwya_sambanXaH,12.1#kriyAviSeRaNam,9.1#kriyAviSeRaNam,7.1	1	5	11	upaniRax	kaTopaniRax	-
3.1	sarva-	-	sarva	sarva	sarva	xviwIyA_wawpuruRaH,3.2	xviwIyA_wawpuruRaH,3.2	1	5	11	upaniRax	kaTopaniRax	-
3.2	lokasya	-	lokasya	loka{puM;6;eka}	loka{puM;6;eka}	RaRTIsambanXaH,4.1	karwA,9.1#karma,9.1#RaRTIsambanXaH,11.1#RaRTIsambanXaH,10.1#RaRTIsambanXaH,8.1#RaRTIsambanXaH,5.1	1	5	11	upaniRax	kaTopaniRax	-
4.1	cakRuH	-	cakRuH	cakRus{napuM;1;eka}/cakRus{napuM;2;eka}/cakRus{napuM;8;eka}	cakRus{napuM;1;eka}	upamAnam,1.1	upamAnam,1.1#karma,7.1	1	5	11	upaniRax	kaTopaniRax	-
5.1	na	-	na	na{avya}	na{avya}	prawiReXaH,6.1	prawiReXaH,6.1	1	5	11	upaniRax	kaTopaniRax	-
6.1	lipyawe	-	lipyawe	lip1{karmaNi;lat;pra;eka;AwmanepaxI;wuxAxiH}	lip1{karmaNi;lat;pra;eka;AwmanepaxI;wuxAxiH}	-	-	1	5	11	upaniRax	kaTopaniRax	-
7.1	cAkRuREH	-	cAkRuREH	cAkRuRa{napuM;3;bahu}	cAkRuRa{napuM;3;bahu}	karwA,6.1	karwA,9.1#karwA,7.1#karaNam,7.1#hewuH,7.1	1	5	11	upaniRax	kaTopaniRax	-
8.1	bAhya-	-	bAhya	bAhya	bAhya	karmaXArayaH,8.2	karmaXArayaH,8.2	1	5	11	upaniRax	kaTopaniRax	-
8.2	xoREH	-	xoREH	xoRa{puM;3;bahu}	xoRa{puM;3;bahu}	hewuH,6.1	karwA,9.1#karwA,7.1#karaNam,7.1#hewuH,7.1	1	5	11	upaniRax	kaTopaniRax	-
9.1	ekaH	-	ekaH	eka{saMKyeyam;puM;1;eka}	eka{saMKyeyam;puM;1;eka}	viSeRaNam,11.4	karma,7.1	1	5	11	upaniRax	kaTopaniRax	-
1.1	ekaH	-	ekaH	eka{saMKyeyam;puM;1;eka}	eka{saMKyeyam;puM;1;eka}	viSeRaNam,3.4	viSeRaNam,7.1#viSeRaNam,3.4#viSeRaNam,2.1#karwA,8.1	1	5	12	upaniRax	kaTopaniRax	-
10.1	Awma-	-	Awman-sWa	Awman	Awman	sapwamI_wawpuruRaH,10.2	sapwamI_wawpuruRaH,10.2	1	5	12	upaniRax	kaTopaniRax	-
10.2	sWam	-	--	sWa{puM;2;eka}/sWa{napuM;1;eka}/sWa{napuM;2;eka}	sWa{puM;2;eka}	viSeRaNam,9.1	viSeRaNam,16.1#viSeRaNam,15.1#viSeRaNam,5.1#viSeRaNam,4.1#karma,12.1#karma,8.1#viXeya_viSeRaNam,7.1#viXeya_viSeRaNam,5.1#viXeya_viSeRaNam,2.1#karwA,8.1	1	5	12	upaniRax	kaTopaniRax	-
11.1	ye	-	ye	yax{sarvanAma;puM;1;bahu}/yax{sarvanAma;napuM;1;xvi}/yax{sarvanAma;napuM;2;xvi}/yax{sarvanAma;swrI;1;xvi}/yax{sarvanAma;swrI;2;xvi}	yax{sarvanAma;puM;1;bahu}	viSeRaNam,13.1	karma,12.1#karma,8.1#viXeya_viSeRaNam,2.1#viSeRaNam,13.1#niwya_sambanXaH1,14.1#karwA,12.1	1	5	12	upaniRax	kaTopaniRax	-
12.1	anupaSyanwi	-	anupaSyanwi	anu_xqS1{karwari;lat;pra;bahu;parasmEpaxI;BvAxiH}/anupaSyaw{napuM;1;bahu(anu_xqS1;Sawq_lat;X;BvAxiH)}/anupaSyaw{napuM;2;bahu(anu_xqS1;Sawq_lat;X;BvAxiH)}	anu_xqS1{karwari;lat;pra;bahu;parasmEpaxI;BvAxiH}	-	karma,8.1#viXeya_viSeRaNam,11.1	1	5	12	upaniRax	kaTopaniRax	-
13.1	XIrAH	-	XIrAH	XIra{puM;1;bahu}/XIrA{swrI;1;bahu}/XIrA{swrI;2;bahu}/XIra{puM;8;bahu}/XIrA{swrI;8;bahu}	XIra{puM;1;bahu}	karwA,12.1	karma,12.1#karma,8.1#viXeya_viSeRaNam,12.1#viXeya_viSeRaNam,11.1#karwA,12.1	1	5	12	upaniRax	kaTopaniRax	-
14.1	weRAm	-	weRAm	wax{sarvanAma;puM;6;bahu}/wax{sarvanAma;napuM;6;bahu}	wax{sarvanAma;puM;6;bahu}	RaRTIsambanXaH,15.1	viSeRaNam,18.1#prayojanam1,15.1#RaRTIsambanXaH,18.1#RaRTIsambanXaH,16.1#RaRTIsambanXaH,15.1#RaRTIsambanXaH,13.1#RaRTIsambanXaH,10.2#RaRTIsambanXaH,5.1#RaRTIsambanXaH,4.1#RaRTIsambanXaH,3.4#RaRTIsambanXaH,2.1	1	5	12	upaniRax	kaTopaniRax	-
15.1	suKam	-	suKam	suKam{avya}/suKa{puM;2;eka}/suKa{napuM;1;eka}/suKa{napuM;2;eka}	suKam{avya}suKa{puM;2;eka}	karma,19.1	viSeRaNam,16.1#viSeRaNam,10.2#viSeRaNam,5.1#viSeRaNam,4.1#karma,12.1#karma,8.1#viXeya_viSeRaNam,10.2#viXeya_viSeRaNam,7.1#viXeya_viSeRaNam,5.1#viXeya_viSeRaNam,2.1#karwA,8.1#viSeRaNam,9.1#kriyAviSeRaNam,12.1#kriyAviSeRaNam,8.1	1	5	12	upaniRax	kaTopaniRax	-
16.1	SASvawam	-	SASvawam	SASvawa{puM;2;eka}/SASvawa{napuM;1;eka}/SASvawa{napuM;2;eka}	SASvawa{puM;2;eka}	viSeRaNam,15.1	viSeRaNam,15.1#viSeRaNam,10.2#viSeRaNam,5.1#viSeRaNam,4.1#karma,12.1#viXeya_viSeRaNam,15.1#viXeya_viSeRaNam,10.2#viXeya_viSeRaNam,7.1#viXeya_viSeRaNam,5.1#viXeya_viSeRaNam,2.1#viSeRaNam,9.1	1	5	12	upaniRax	kaTopaniRax	-
17.1	na	-	na	na{avya}	na{avya}	prawiReXaH,18.1	-	1	5	12	upaniRax	kaTopaniRax	-
18.1	iwareRAm	-	iwareRAm	iwara{sarvanAma;puM;6;bahu}/iwara{sarvanAma;napuM;6;bahu}	iwara{sarvanAma;puM;6;bahu}	RaRTIsambanXaH,15.1	viSeRaNam,14.1#RaRTIsambanXaH,16.1#RaRTIsambanXaH,15.1#RaRTIsambanXaH,13.1#RaRTIsambanXaH,10.2#RaRTIsambanXaH,5.1#RaRTIsambanXaH,4.1#RaRTIsambanXaH,3.4#RaRTIsambanXaH,2.1	1	5	12	upaniRax	kaTopaniRax	-
19.1	(aswi)	-	.	as2{karwari;lat;pra;eka;parasmEpaxI;axAxiH}	as2{karwari;lat;pra;eka;parasmEpaxI;axAxiH}	-	-	1	5	12	upaniRax	kaTopaniRax	-
2.1	vaSI	-	vaSI	vaSi{puM;1;xvi}/vaSi{puM;2;xvi}/vaSin{puM;1;eka}/vaSi{puM;8;xvi}	vaSin{puM;1;eka}	viSeRaNam,3.4	viSeRaNam,7.1#viSeRaNam,3.4#viSeRaNam,1.1#karwA,8.1#prayojyakarwA,3.2#karma,8.1	1	5	12	upaniRax	kaTopaniRax	-
3.1	sarva-	-	sarva-BUwa-anwara-Awman	sarva	sarva	xviwIyA_wawpuruRaH,3.2	xviwIyA_wawpuruRaH,3.2#karmaXArayaH_1,3.4	1	5	12	upaniRax	kaTopaniRax	-
3.2	BUwa-	-	--	BUwa(BU1;kwa;X;BvAxiH)	BUwa(BU1;kwa;X;BvAxiH)	karmaXArayaH_1,3.4	karmaXArayaH,3.4	1	5	12	upaniRax	kaTopaniRax	-
3.3	anwara-	-	--	anwara	anwara	bahuvrIhiH,3.4	wqwIyA_wawpuruRaH,3.2#bahuvrIhiH,3.4#RaRTI_wawpuruRaH,3.4	1	5	12	upaniRax	kaTopaniRax	-
3.4	AwmA	-	--	Awman{puM;1;eka}	Awman{puM;1;eka}	viSeRaNam,7.1	viSeRaNam,7.1#viSeRaNam,2.1#viSeRaNam,1.1#karwA,8.1	1	5	12	upaniRax	kaTopaniRax	-
4.1	ekam	-	ekam	eka{saMKyeyam;puM;2;eka}/eka{saMKyeyam;napuM;1;eka}/eka{saMKyeyam;napuM;2;eka}/eka{saMKyA;napuM;1;eka}/eka{saMKyA;napuM;2;eka}	eka{saMKyeyam;napuM;2;eka}	viSeRaNam,5.1	viSeRaNam,16.1#viSeRaNam,15.1#viSeRaNam,10.2#viSeRaNam,5.1#karma,8.1#viXeya_viSeRaNam,2.1#karwA,8.1#viSeRaNam,9.1	1	5	12	upaniRax	kaTopaniRax	-
5.1	rUpam	-	rUpam	rUpa{napuM;1;eka}/rUpa{napuM;2;eka}	rUpa{napuM;2;eka}	karma,8.1	karma,12.1#karma,8.1#viXeya_viSeRaNam,2.1#karwA,8.1	1	5	12	upaniRax	kaTopaniRax	-
6.1	bahuXA	-	bahuXA	bahuXA{avya}	bahuXA{avya}	kriyAviSeRaNam,8.1	kriyAviSeRaNam,12.1#kriyAviSeRaNam,8.1	1	5	12	upaniRax	kaTopaniRax	-
7.1	yaH	-	yaH	yax{sarvanAma;puM;1;eka}	yax{sarvanAma;puM;1;eka}	karwA,8.1	viXeya_viSeRaNam,5.1#viXeya_viSeRaNam,2.1#viSeRaNam,3.4#viSeRaNam,1.1#niwya_sambanXaH1,9.1#karwA,8.1	1	5	12	upaniRax	kaTopaniRax	-
8.1	karowi	-	karowi	kq3{karwari;lat;pra;eka;parasmEpaxI;wanAxiH}	kq3{karwari;lat;pra;eka;parasmEpaxI;wanAxiH}	-	-	1	5	12	upaniRax	kaTopaniRax	-
9.1	wam	-	wam	wax{sarvanAma;puM;2;eka}	wax{sarvanAma;puM;2;eka}	karma,12.1	viSeRaNam,16.1#viSeRaNam,15.1#viSeRaNam,10.2#viSeRaNam,4.1#karma,12.1#karma,8.1	1	5	12	upaniRax	kaTopaniRax	-
1.1	niwyaH	-	niwyaH	niwya{puM;1;eka}	niwya{puM;1;eka}	viSeRaNam,7.1	karwA,8.1	1	5	13	upaniRax	kaTopaniRax	-
10.1	wam	-	wam	wax{sarvanAma;puM;2;eka}	wax{sarvanAma;puM;2;eka}	viSeRaNam,11.2	viSeRaNam,11.2#karma,13.1#karma,8.1	1	5	13	upaniRax	kaTopaniRax	-
11.1	Awma-	-	Awman-sWa	Awman	Awman	sapwamI_wawpuruRaH,11.2	sapwamI_wawpuruRaH,11.2	1	5	13	upaniRax	kaTopaniRax	-
11.2	sWam	-	--	sWa{puM;2;eka}/sWa{napuM;1;eka}/sWa{napuM;2;eka}	sWa{puM;2;eka}	karma,13.1	karmasamAnAXikaraNam,10.1#karma,13.1#karma,8.1#karwA,8.1	1	5	13	upaniRax	kaTopaniRax	-
12.1	ye	-	ye	yax{sarvanAma;puM;1;bahu}/yax{sarvanAma;napuM;1;xvi}/yax{sarvanAma;napuM;2;xvi}/yax{sarvanAma;swrI;1;xvi}/yax{sarvanAma;swrI;2;xvi}	yax{sarvanAma;puM;1;bahu}	viSeRaNam,14.1	karma,13.1#karma,8.1#viSeRaNam,14.1#niwya_sambanXaH1,15.1#karwA,13.1	1	5	13	upaniRax	kaTopaniRax	-
13.1	anupaSyanwi	-	anupaSyanwi	anu_xqS1{karwari;lat;pra;bahu;parasmEpaxI;BvAxiH}/anupaSyaw{napuM;1;bahu(anu_xqS1;Sawq_lat;X;BvAxiH)}/anupaSyaw{napuM;2;bahu(anu_xqS1;Sawq_lat;X;BvAxiH)}	anu_xqS1{karwari;lat;pra;bahu;parasmEpaxI;BvAxiH}	aBihiwa_karwA,14.1;sakarmaka	karmasamAnAXikaraNam,9.1#karma,8.1	1	5	13	upaniRax	kaTopaniRax	-
14.1	XIrAH	-	XIrAH	XIra{puM;1;bahu}/XIrA{swrI;1;bahu}/XIrA{swrI;2;bahu}/XIra{puM;8;bahu}/XIrA{swrI;8;bahu}	XIra{puM;1;bahu}	karwA,13.1	karmasamAnAXikaraNam,13.1#karmasamAnAXikaraNam,9.1#karma,13.1#karma,8.1#karwA,13.1#viSeRaNam,12.1	1	5	13	upaniRax	kaTopaniRax	-
15.1	weRAm	-	weRAm	wax{sarvanAma;puM;6;bahu}/wax{sarvanAma;napuM;6;bahu}	wax{sarvanAma;puM;6;bahu}	RaRTIsambanXaH,16.1	viSeRaNam,19.1#viSeRaNam,6.1#viSeRaNam,4.1#RaRTIsambanXaH,19.1#RaRTIsambanXaH,17.1#RaRTIsambanXaH,16.1#RaRTIsambanXaH,14.1#RaRTIsambanXaH,11.2#RaRTIsambanXaH,9.1#RaRTIsambanXaH,6.1#RaRTIsambanXaH,5.1#RaRTIsambanXaH,4.1#RaRTIsambanXaH,3.1#RaRTIsambanXaH,2.1	1	5	13	upaniRax	kaTopaniRax	-
16.1	SAnwiH	-	SAnwiH	SAnwi{swrI;1;eka}	SAnwi{swrI;1;eka}	karwA,20.1	karwA,20.1	1	5	13	upaniRax	kaTopaniRax	-
17.1	SASvawI	-	SASvawI	SASvawI{swrI;1;eka}	SASvawI{swrI;1;eka}	viSeRaNam,16.1	viSeRaNam,16.1	1	5	13	upaniRax	kaTopaniRax	-
18.1	na	-	na	na{avya}	na{avya}	prawiReXaH,19.1	-	1	5	13	upaniRax	kaTopaniRax	-
19.1	iwareRAm	-	iwareRAm	iwara{sarvanAma;puM;6;bahu}/iwara{sarvanAma;napuM;6;bahu}	iwara{sarvanAma;puM;6;bahu}	RaRTIsambanXaH,16.1	viSeRaNam,15.1#viSeRaNam,6.1#viSeRaNam,4.1#RaRTIsambanXaH,17.1#RaRTIsambanXaH,16.1#RaRTIsambanXaH,14.1#RaRTIsambanXaH,11.2#RaRTIsambanXaH,9.1#RaRTIsambanXaH,6.1#RaRTIsambanXaH,5.1#RaRTIsambanXaH,4.1#RaRTIsambanXaH,3.1#RaRTIsambanXaH,2.1	1	5	13	upaniRax	kaTopaniRax	-
2.1	aniwyAnAm	-	aniwyAnAm	aniwyA{swrI;6;bahu}	aniwyA{swrI;6;bahu}	RaRTIsambanXaH,1.1	viSeRaNam,6.1#viSeRaNam,4.1#karwA,4.1#karma,4.1#RaRTIsambanXaH,19.1#RaRTIsambanXaH,17.1#RaRTIsambanXaH,16.1#RaRTIsambanXaH,14.1#RaRTIsambanXaH,11.2#RaRTIsambanXaH,9.1#RaRTIsambanXaH,6.1#RaRTIsambanXaH,5.1#RaRTIsambanXaH,4.1#RaRTIsambanXaH,3.1	1	5	13	upaniRax	kaTopaniRax	-
20.1	(aswi)	-	-	as2{karwari;lat;pra;eka;parasmEpaxI;axAxiH}	as2{karwari;lat;pra;eka;parasmEpaxI;axAxiH}	-	-	1	5	13	upaniRax	kaTopaniRax	-
3.1	cewanaH	-	cewanaH	cewana{puM;1;eka}	cewana{puM;1;eka}	viSeRaNam,7.1	karwA,8.1	1	5	13	upaniRax	kaTopaniRax	-
4.1	cewanAnAm	-	cewanAnAm	cewana{puM;6;bahu}/cewanA{swrI;6;bahu}/cewana{napuM;6;bahu(ciw3;lyut;X;curAxiH)}	cewana{puM;6;bahu}	RaRTIsambanXaH,3.1	RaRTIsambanXaH,19.1#RaRTIsambanXaH,17.1#RaRTIsambanXaH,16.1#RaRTIsambanXaH,14.1#RaRTIsambanXaH,11.2#RaRTIsambanXaH,9.1#RaRTIsambanXaH,6.1#RaRTIsambanXaH,5.1#RaRTIsambanXaH,3.1#RaRTIsambanXaH,2.1	1	5	13	upaniRax	kaTopaniRax	-
5.1	ekaH	-	ekaH	eka{saMKyeyam;puM;1;eka}	eka{saMKyeyam;puM;1;eka}	viSeRaNam,7.1	viSeRaNam,7.1#viSeRaNam,3.1#viSeRaNam,1.1#karwA,8.1	1	5	13	upaniRax	kaTopaniRax	-
6.1	bahUnAm	-	bahUnAm	bahu{puM;6;bahu}/bahu{napuM;6;bahu}/bahu{swrI;6;bahu}	bahu{puM;6;bahu}	RaRTIsambanXaH,5.1	viSeRaNam,4.1#viSeRaNam,2.1#RaRTIsambanXaH,19.1#RaRTIsambanXaH,17.1#RaRTIsambanXaH,16.1#RaRTIsambanXaH,14.1#RaRTIsambanXaH,11.2#RaRTIsambanXaH,9.1#RaRTIsambanXaH,5.1#RaRTIsambanXaH,4.1#RaRTIsambanXaH,3.1#RaRTIsambanXaH,2.1#viSeRaNam,19.1#viSeRaNam,15.1	1	5	13	upaniRax	kaTopaniRax	-
7.1	yaH	-	yaH	yax{sarvanAma;puM;1;eka}	yax{sarvanAma;puM;1;eka}	karwA,8.1	viSeRaNam,5.1#viSeRaNam,3.1#viSeRaNam,1.1#niwya_sambanXaH1,10.1#karwA,8.1	1	5	13	upaniRax	kaTopaniRax	-
8.1	vixaXAwi	-	vixaXAwi	vi_XA1{karwari;lat;pra;eka;parasmEpaxI;juhowyAxiH}	vi_XA1{karwari;lat;pra;eka;parasmEpaxI;juhowyAxiH}	aBihiwa_karwA,7.1;sakarmaka	-	1	5	13	upaniRax	kaTopaniRax	-
9.1	kAmAn	-	kAmAn	kAma{puM;2;bahu}	kAma{puM;2;bahu}	karma,8.1	karmasamAnAXikaraNam,14.1#karmasamAnAXikaraNam,13.1#karma,13.1#karma,8.1	1	5	13	upaniRax	kaTopaniRax	-
1.1	waw	-	waw	wax{sarvanAma;napuM;1;eka}/wax{sarvanAma;napuM;2;eka}	wax{sarvanAma;napuM;2;eka}	viSeRaNam,2.1	viSeRaNam,10.1#viSeRaNam,7.1#viSeRaNam,6.1#viSeRaNam,5.1#viSeRaNam,2.1#karma,4.1	1	5	14	upaniRax	kaTopaniRax	-
10.1	waw	-	waw	wax{sarvanAma;napuM;1;eka}/wax{sarvanAma;napuM;2;eka}	wax{sarvanAma;napuM;2;eka}	karma,11.1	viSeRaNam,7.1#viSeRaNam,6.1#viSeRaNam,5.1#viSeRaNam,2.1#viSeRaNam,1.1#karma,11.1#karma,4.1#karwA,14.1#karwA,13.1	1	5	14	upaniRax	kaTopaniRax	-
11.1	vijAnIyAm	-	vijAnIyAm	vi_jFA1{karwari;viXilif;u;eka;parasmEpaxI;kryAxiH}/vi_jFA2{karwari{viXilif;u;eka;parasmEpaxI;kryAxiH}/vi_jFA1{karwari{viXilif;u;eka;parasEpaxI;kryAxiH}	vi_jFA1{karwari;viXilif;u;eka;parasmEpaxI;kryAxiH}	-	-	1	5	14	upaniRax	kaTopaniRax	-
12.1	kimu	-	kimu	kimu{avya}	kimu{avya}	sambanXaH,13.1	-	1	5	14	upaniRax	kaTopaniRax	-
13.1	BAwi	-	BAwi	BA1{karwari;lat;pra;eka;parasmEpaxI;axAxiH}	BA1{karwari;lat;pra;eka;parasmEpaxI;axAxiH}	anyawaraH,14.1	anyawaraH,14.1	1	5	14	upaniRax	kaTopaniRax	-
14.1	viBAwi	-	viBAwi	vi_BA1{karwari;lat;pra;eka;parasmEpaxI;axAxiH}	vi_BA1{karwari;lat;pra;eka;parasmEpaxI;axAxiH}	-	-	1	5	14	upaniRax	kaTopaniRax	-
15.1	vA	-	vA	vA{avya}	vA{avya}	anyawara_xyowakaH,14.1	sambanXaH,14.1#anyawara_xyowakaH,14.1	1	5	14	upaniRax	kaTopaniRax	-
2.1	ewaw	-	ewaw	ewax{sarvanAma;napuM;1;eka}/ewax{sarvanAma;napuM;2;eka}	ewax{sarvanAma;napuM;2;eka}	karma,4.1	viSeRaNam,10.1#viSeRaNam,7.1#viSeRaNam,6.1#viSeRaNam,5.1#karma,4.1#vAkyakarma,4.1	1	5	14	upaniRax	kaTopaniRax	-
3.1	iwi	-	iwi	iwi{avya}	iwi{avya}	vAkyakarma_xyowakaH,2.1	vAkyakarma_xyowakaH,2.1	1	5	14	upaniRax	kaTopaniRax	-
4.1	manyanwe	-	manyanwe	man2{karmaNi;lat;pra;bahu;AwmanepaxI;wanAxiH}/man1{karwari;lat;pra;bahu;AwmanepaxI;xivAxiH}	man2{karmaNi;lat;pra;bahu;AwmanepaxI;wanAxiH}	-	anyawaraH,14.1	1	5	14	upaniRax	kaTopaniRax	-
5.1	anirxeSyam	-	anirxeSyam	anirxeSya{puM;2;eka}/anirxeSya{napuM;1;eka}/anirxeSya{napuM;2;eka}	anirxeSya{napuM;2;eka}	viSeRaNam,2.1	karmasamAnAXikaraNam,10.1#karmasamAnAXikaraNam,7.1#karmasamAnAXikaraNam,6.1#karmasamAnAXikaraNam,2.1#karma,11.1#karma,4.1	1	5	14	upaniRax	kaTopaniRax	-
6.1	paramam	-	paramam	paramam{avya}/parama{puM;2;eka}/parama{napuM;1;eka}/parama{napuM;2;eka}	paramam{avyaparama{napuM;2;eka}	viSeRaNam,2.1	viSeRaNam,10.1#viSeRaNam,7.1#viSeRaNam,5.1#viSeRaNam,2.1#karmasamAnAXikaraNam,10.1#karmasamAnAXikaraNam,7.1#karmasamAnAXikaraNam,5.1#karmasamAnAXikaraNam,2.1#karma,11.1#karma,4.1#karwA,13.1	1	5	14	upaniRax	kaTopaniRax	-
7.1	suKam	-	suKam	suKam{avya}/suKa{puM;2;eka}/suKa{napuM;1;eka}/suKa{napuM;2;eka}	suKam{avya}parama{napuM;2;eka}	viSeRaNam,2.1	viSeRaNam,10.1#viSeRaNam,6.1#viSeRaNam,5.1#viSeRaNam,2.1#karmasamAnAXikaraNam,10.1#karmasamAnAXikaraNam,6.1#karmasamAnAXikaraNam,5.1#karmasamAnAXikaraNam,2.1#karma,11.1#karma,4.1#karwA,14.1#karwA,13.1#kriyAviSeRaNam,14.1#kriyAviSeRaNam,13.1#kriyAviSeRaNam,11.1#kriyAviSeRaNam,4.1	1	5	14	upaniRax	kaTopaniRax	-
8.1	kaWam	-	kaWam	kaWam{avya}	kaWam{avya}	kriyAviSeRaNam,11.1	kriyAviSeRaNam,14.1#kriyAviSeRaNam,13.1#kriyAviSeRaNam,11.1#kriyAviSeRaNam,4.1	1	5	14	upaniRax	kaTopaniRax	-
9.1	nu	-	nu	nu{avya}	nu{avya}	sambanXaH,8.1	sambanXaH,8.1	1	5	14	upaniRax	kaTopaniRax	-
1.1	na	-	na	na{avya}	na{avya}	prawiReXaH,2.1	prawiReXaH,23.1#prawiReXaH,17.1#prawiReXaH,10.1#prawiReXaH,4.1	1	5	15	upaniRax	kaTopaniRax	-
10.1	BAnwi	-	BAnwi	BA1{karwari;lat;pra;bahu;parasmEpaxI;axAxiH}/BAw{napuM;1;bahu(BA1;Sawq_lat;X;axAxiH)}/BAw{napuM;2;bahu(BA1;Sawq_lat;X;axAxiH)}	BA1{karwari;lat;pra;bahu;parasmEpaxI;axAxiH}	aBihiwa_karwA,9.1	-	1	5	15	upaniRax	kaTopaniRax	-
11.1	kuwaH	-	kuwaH	kuwaH{avya}	kuwaH{avya}	hewuH,13.1	hewuH5,23.1#hewuH5,17.1#hewuH5,16.1#hewuH5,10.1#hewuH5,4.1	1	5	15	upaniRax	kaTopaniRax	-
12.1	ayam	-	ayam	ixam{sarvanAma;puM;1;eka}/aya{puM;2;eka}	ixam{sarvanAma;puM;1;eka}	viSeRaNam,13.1	karwA,17.1	1	5	15	upaniRax	kaTopaniRax	-
13.1	agniH	-	agniH	agni{puM;1;eka}	agni{puM;1;eka}	karwA,4.1	karwA,17.1	1	5	15	upaniRax	kaTopaniRax	-
14.1	wam	-	wam	wax{sarvanAma;puM;2;eka}	wax{sarvanAma;puM;2;eka}	viSeRaNam,16.1	viSeRaNam,21.1#viSeRaNam,18.1#viSeRaNam,16.1#viSeRaNam,12.1#viSeRaNam,6.2	1	5	15	upaniRax	kaTopaniRax	-
15.1	eva	-	eva	eva{avya}	eva{avya}	sambanXaH,14.1	sambanXaH,14.1	1	5	15	upaniRax	kaTopaniRax	-
16.1	BAnwam	-	BAnwam	BAnwa{puM;2;eka(BA1;Sawq_lat;X;axAxiH)}	BAnwa{puM;2;eka(BA1;Sawq_lat;X;axAxiH)}	karma,17.1	viSeRaNam,21.1#viSeRaNam,18.1#viSeRaNam,14.1#viSeRaNam,12.1#viSeRaNam,6.2	1	5	15	upaniRax	kaTopaniRax	-
17.1	anuBAwi	-	--	anu_BA1{karwari;lat;pra;eka;parasmEpaxI;axAxiH}/anuBAwi{napuM;8;eka}/anuBAwi{napuM;1;eka}/anuBAwi{napuM;2;eka}	anu_BA1{karwari;lat;pra;eka;parasmEpaxI;axAxiH}/anuBAwi{napuM;8;eka}/anuBAwi{napuM;1;eka}/anuBAwi{napuM;2;eka}	-	viSeRaNam,6.2#kriyAviSeRaNam,23.1#kriyAviSeRaNam,17.1#kriyAviSeRaNam,16.1#kriyAviSeRaNam,10.1#kriyAviSeRaNam,4.1#karwA,23.1#samboXyaH,23.1#samboXyaH,10.1#samboXyaH,4.1	1	5	15	upaniRax	kaTopaniRax	-
18.1	sarvam	-	sarvam	sarva{sarvanAma;puM;2;eka}/sarva{sarvanAma;napuM;1;eka}/sarva{sarvanAma;napuM;2;eka}	sarva{sarvanAma;puM;2;eka}	karwA,17.1	viSeRaNam,21.1#viSeRaNam,17.1#viSeRaNam,6.2#karwA,23.1#karwA,17.1#viSeRaNam,16.1#viSeRaNam,14.1#viSeRaNam,12.1	1	5	15	upaniRax	kaTopaniRax	-
19.1	wasya	-	wasya	wax{sarvanAma;napuM;6;eka}/wax{sarvanAma;puM;6;eka}	wax{sarvanAma;napuM;6;eka}	RaRTIsambanXaH,20.1	RaRTIsambanXaH,20.1#RaRTIsambanXaH,17.1#RaRTIsambanXaH,13.1#RaRTIsambanXaH,12.1#RaRTIsambanXaH,9.1#RaRTIsambanXaH,6.2#RaRTIsambanXaH,3.1	1	5	15	upaniRax	kaTopaniRax	-
2.1	wawra	-	wawra	wawra{avya}	wawra{avya}	xeSAXikaraNam,4.1	xeSAXikaraNam,23.1#xeSAXikaraNam,17.1#xeSAXikaraNam,10.1#xeSAXikaraNam,4.1	1	5	15	upaniRax	kaTopaniRax	-
20.1	BAsA	-	BAsA	BAs{swrI;3;eka}	BAs{swrI;3;eka}	karaNam,23.1	karaNam,23.1#hewuH,23.1#hewuH,17.1#hewuH,16.1#hewuH,10.1#hewuH,4.1	1	5	15	upaniRax	kaTopaniRax	-
21.1	sarvam	-	sarvam	sarva{sarvanAma;puM;2;eka}/sarva{sarvanAma;napuM;1;eka}/sarva{sarvanAma;napuM;2;eka}	sarva{sarvanAma;napuM;1;eka}	karwA,23.1	viSeRaNam,18.1#viSeRaNam,17.1#viSeRaNam,6.2#karwA,23.1#karwA,17.1#viSeRaNam,16.1#viSeRaNam,14.1#viSeRaNam,12.1	1	5	15	upaniRax	kaTopaniRax	-
22.1	ixam	-	ixam	ixam{sarvanAma;napuM;1;eka}/ixam{sarvanAma;napuM;2;eka}	ixam{sarvanAma;napuM;1;eka}	viSeRaNam,21.1	viSeRaNam,21.1#viSeRaNam,18.1#viSeRaNam,17.1#viSeRaNam,6.2#karwA,23.1#karwA,17.1	1	5	15	upaniRax	kaTopaniRax	-
23.1	viBAwi	-	viBAwi	vi_BA1{karwari;lat;pra;eka;parasmEpaxI;axAxiH}	vi_BA1{karwari;lat;pra;eka;parasmEpaxI;axAxiH}	aBihiwa_karwA,22.1	-	1	5	15	upaniRax	kaTopaniRax	-
3.1	sUryaH	-	sUryaH	sUrI{swrI;1;bahu}/sUrya{puM;1;eka}/sUrI{swrI;8;bahu}	sUrya{puM;1;eka}	karwA,4.1	karwA,4.1#karwA,10.1	1	5	15	upaniRax	kaTopaniRax	-
4.1	BAwi	-	BAwi	BA1{karwari;lat;pra;eka;parasmEpaxI;axAxiH}	BA1{karwari;lat;pra;eka;parasmEpaxI;axAxiH}	aBihiwa_karwA,3.1	-	1	5	15	upaniRax	kaTopaniRax	-
5.1	na	-	na	na{avya}	na{avya}	prawiReXaH,6.2	prawiReXaH,23.1#prawiReXaH,17.1#prawiReXaH,10.1	1	5	15	upaniRax	kaTopaniRax	-
6.1	canxra-	-	canxra-wAraka	canxra	canxra	xvanxvaH,6.2	xvanxvaH,6.2	1	5	15	upaniRax	kaTopaniRax	-
6.2	wArakam	-	--	wAraka{puM;2;eka}/wAraka{napuM;1;eka}/wAraka{napuM;2;eka}	wAraka{napuM;1;eka}	karwqsamAnAXikaraNam,4.1	viSeRaNam,17.1#karwA,4.1#viSeRaNam,16.1#viSeRaNam,12.1	1	5	15	upaniRax	kaTopaniRax	-
7.1	na	-	na	na{avya}	na{avya}	prawiReXaH,10.1	prawiReXaH,23.1#prawiReXaH,17.1#prawiReXaH,10.1	1	5	15	upaniRax	kaTopaniRax	-
8.1	imAH	-	imAH	ixam{sarvanAma;swrI;1;bahu}/ixam{sarvanAma;swrI;2;bahu}	ixam{sarvanAma;swrI;1;bahu}	viSeRaNam,9.1	viSeRaNam,9.1#viSeRaNam,3.1#karwA,10.1	1	5	15	upaniRax	kaTopaniRax	-
9.1	vixyuwaH	-	vixyuwaH	vixyuw{swrI;1;bahu}/vixyuw{swrI;2;bahu}/vixyuw{swrI;5;eka}/vixyuw{swrI;6;eka}/vixyuw{swrI;8;bahu}	vixyuw{swrI;1;bahu}	karwA,10.1	RaRTIsambanXaH,20.1#RaRTIsambanXaH,17.1#RaRTIsambanXaH,13.1#RaRTIsambanXaH,12.1#RaRTIsambanXaH,6.2#RaRTIsambanXaH,3.1#hewuH5,23.1#hewuH5,17.1#hewuH5,16.1#hewuH5,10.1#hewuH5,4.1#karwA,10.1	1	5	15	upaniRax	kaTopaniRax	-
1.1	UrXvamUlaH	3.1	UrXvamUlaH	UrXvamUla{puM;1;eka}	UrXvamUla{puM;1;eka}	viSeRaNam,3.1	-	1	6	01	upaniRax	kaTopaniRax	-
10.1	brahma	12.1	brahma	brahman{napuM;1;eka}/brahman{napuM;2;eka}/brahma{napuM;8;eka}	brahman{napuM;2;eka}	gONakarma,14.1	muKyakarma,14.1#gONakarma,14.1	1	6	01	upaniRax	kaTopaniRax	-
11.1	waw	11.1	waw	wax{sarvanAma;napuM;1;eka}/wax{sarvanAma;napuM;2;eka}	wax{sarvanAma;napuM;2;eka}	viSeRaNam,13.1	viSeRaNam,26.1#viSeRaNam,24.1#viSeRaNam,19.1#viSeRaNam,13.1#viSeRaNam,10.1#viSeRaNam,9.1#viSeRaNam,8.1#viSeRaNam,6.1#muKyakarma,14.1#gONakarma,14.1	1	6	01	upaniRax	kaTopaniRax	-
12.1	eva	15.1	eva	eva{avya}	eva{avya}	sambanXaH,11.1	sambanXaH,11.1	1	6	01	upaniRax	kaTopaniRax	-
13.1	amqwam	16.1	amqwam	amqwa{puM;2;eka}/amqwa{napuM;1;eka}/amqwa{napuM;2;eka}	amqwa{puM;2;eka}	muKyakarma,14.1	muKyakarma,14.1#gONakarma,14.1	1	6	01	upaniRax	kaTopaniRax	-
14.1	ucyawe	17.1	ucyawe	brU1{karmaNi;lat;pra;eka;AwmanepaxI;axAxiH}	brU1{karmaNi;lat;pra;eka;AwmanepaxI;axAxiH}	-	-	1	6	01	upaniRax	kaTopaniRax	-
15.1	wasmin	20.1	wasmin	wax{sarvanAma;puM;7;eka}/wax{sarvanAma;napuM;7;eka}	wax{sarvanAma;puM;7;eka}	aXikaraNa,17.1	aXikaraNam,22.1#aXikaraNam,17.1#aXikaraNam,14.1	1	6	01	upaniRax	kaTopaniRax	-
16.1	lokAH	19.1	lokAH	loka{puM;1;bahu}/loka{puM;8;bahu}	loka{puM;1;bahu}	karwA,17.1	karma,17.1	1	6	01	upaniRax	kaTopaniRax	-
17.1	SriwAH	21.1	SriwAH	Sriwa{puM;1;bahu;Sri1;kwa;X;BvAxiH}/SriwA{swrI;1;bahu;Sri1;kwa;X;BvAxiH}/SriwA{swrI;2;bahu;Sri1;kwa;X;BvAxiH}	Sriwa{puM;1;bahu;Sri1;kwa;X;BvAxiH}/SriwA{swrI;1;bahu;Sri1;kwa;X;BvAxiH}/SriwA{swrI;2;bahu;Sri1;kwa;X;BvAxiH}	-	muKyakarma,14.1#karma,22.1#viSeRaNam,18.1#viSeRaNam,16.1	1	6	01	upaniRax	kaTopaniRax	-
18.1	sarve	18.1	sarve	sarva{sarvanAma;puM;1;bahu}/sarva{sarvanAma;napuM;1;xvi}/sarva{sarvanAma;napuM;2;xvi}/sarvA{sarvanAma;swrI;1;xvi}/sarvA{sarvanAma;swrI;2;xvi}	sarva{sarvanAma;puM;1;bahu}	viSeRaNam,16.1	muKyakarma,14.1#karma,22.1#viSeRaNam,17.1#viSeRaNam,16.1#karma,17.1	1	6	01	upaniRax	kaTopaniRax	-
19.1	waw	24.1	waw	wax{sarvanAma;napuM;1;eka}/wax{sarvanAma;napuM;2;eka}	wax{sarvanAma;napuM;2;eka}	karma,22.1	viSeRaNam,26.1#viSeRaNam,24.1#viSeRaNam,13.1#viSeRaNam,11.1#viSeRaNam,10.1#viSeRaNam,9.1#viSeRaNam,8.1#viSeRaNam,6.1#muKyakarma,14.1#karma,22.1#karwA,22.1#gONakarma,14.1	1	6	01	upaniRax	kaTopaniRax	-
2.1	avAkSAKaH	4.1	avAkSAKaH	avAkSAKa{puM;1;eka}	avAkSAKa{puM;1;eka}	viSeRaNam,3.1	-	1	6	01	upaniRax	kaTopaniRax	-
20.1	u	23.1	u	-	sambanXaH,22.1	sambanXaH,22.1	-	1	6	01	upaniRax	kaTopaniRax	-
21.1	na	25.1	na	na{avya}	na{avya}	prawiReXaH,22.1	prawiReXaH,22.1	1	6	01	upaniRax	kaTopaniRax	-
22.1	awyewi	26.1	awyewi	awi_i1{karwari;lat;pra;eka;parasmEpaxI;axAxiH}	awi_i1{karwari;lat;pra;eka;parasmEpaxI;axAxiH}	-	-	1	6	01	upaniRax	kaTopaniRax	-
23.1	kaScana	22.1	kaScana	kiFcana{sarvanAma;puM;1;eka}	kiFcana{sarvanAma;puM;1;eka}	karwA,27.1	viSeRaNam,5.1#viSeRaNam,4.1#viSeRaNam,3.1#karwA,22.1	1	6	01	upaniRax	kaTopaniRax	-
24.1	ewaw	27.1	ewaw	ewax{sarvanAma;napuM;1;eka}/ewax{sarvanAma;napuM;2;eka}	ewax{sarvanAma;napuM;2;eka}	viSeRaNam,26.1	viSeRaNam,26.1#viSeRaNam,19.1#viSeRaNam,13.1#viSeRaNam,11.1#viSeRaNam,10.1#viSeRaNam,9.1#viSeRaNam,8.1#viSeRaNam,6.1#karma,22.1#karwA,22.1	1	6	01	upaniRax	kaTopaniRax	-
25.1	vE	28.1	vE	vE{avya}	vE{avya}	sambanXaH,24.1	sambanXaH,24.1	1	6	01	upaniRax	kaTopaniRax	-
26.1	waw	29.1	waw	wax{sarvanAma;napuM;1;eka}/wax{sarvanAma;napuM;2;eka}	wax{sarvanAma;napuM;2;eka}	karma,27.1	viSeRaNam,24.1#viSeRaNam,19.1#viSeRaNam,13.1#viSeRaNam,11.1#viSeRaNam,10.1#viSeRaNam,9.1#viSeRaNam,8.1#viSeRaNam,6.1#karma,22.1#karwA,22.1	1	6	01	upaniRax	kaTopaniRax	-
27.1	(aswi)	30.1	-	as2{karwari;lat;pra;eka;parasmEpaxI;axAxiH}	as2{karwari;lat;pra;eka;parasmEpaxI;axAxiH}	-	-	1	6	01	upaniRax	kaTopaniRax	-
3.1	eRaH	1.1	eRaH	ewax{sarvanAma;puM;1;eka}	ewax{sarvanAma;puM;1;eka}	karwA,14.1	viSeRaNam,23.1#viSeRaNam,5.1#viSeRaNam,4.1	1	6	01	upaniRax	kaTopaniRax	-
4.1	aSvawWaH	2.1	aSvawWaH	aSvawWa{puM;1;eka}	aSvawWa{puM;1;eka}	viSeRaNam,3.1	-	1	6	01	upaniRax	kaTopaniRax	-
5.1	sanAwanaH	5.1	sanAwanaH	sanAwana{puM;1;eka}	sanAwana{puM;1;eka}	viSeRaNam,3.1	viSeRaNam,23.1#viSeRaNam,4.1#viSeRaNam,3.1	1	6	01	upaniRax	kaTopaniRax	-
6.1	waw	7.1	waw	wax{sarvanAma;napuM;1;eka}/wax{sarvanAma;napuM;2;eka}	wax{sarvanAma;napuM;2;eka}	viSeRaNam,8.1	viSeRaNam,26.1#viSeRaNam,24.1#viSeRaNam,19.1#viSeRaNam,13.1#viSeRaNam,11.1#viSeRaNam,10.1#viSeRaNam,9.1#viSeRaNam,8.1	1	6	01	upaniRax	kaTopaniRax	-
7.1	eva	8.1	eva	eva{avya}	eva{avya}	sambanXaH,6.1	sambanXaH,6.1	1	6	01	upaniRax	kaTopaniRax	-
8.1	Sukram	9,1	Sukram	Sukra{napuM;1;eka}/Sukra{napuM;2;eka}	Sukra{napuM;2;eka}	gONakarma,14.1	muKyakarma,14.1#gONakarma,14.1	1	6	01	upaniRax	kaTopaniRax	-
9.1	waw	14.1	waw	wax{sarvanAma;napuM;1;eka}/wax{sarvanAma;napuM;2;eka}	wax{sarvanAma;napuM;2;eka}	viSeRaNam,10.1	viSeRaNam,26.1#viSeRaNam,24.1#viSeRaNam,19.1#viSeRaNam,13.1#viSeRaNam,11.1#viSeRaNam,10.1#viSeRaNam,8.1#viSeRaNam,6.1#muKyakarma,14.1#gONakarma,14.1	1	6	01	upaniRax	kaTopaniRax	-
1.1	yaw	2.1	yaw	yaw{avya}/yax{sarvanAma;napuM;1;eka}/yax{sarvanAma;napuM;2;eka}	yax{sarvanAma;napuM;2;eka}	viSeRaNam,4.1	viSeRaNam,14.1#viSeRaNam,11.1#viSeRaNam,10.1#viSeRaNam,9.1#viSeRaNam,5.1#viSeRaNam,4.1#niwya_sambanXaH1,14.1#vAkyakarma_xyowakaH,18.1#vAkyakarma_xyowakaH,12.1#sambanXaH,18.1	1	6	02	upaniRax	kaTopaniRax	-
10.1	Bayam	12.1	Bayam	Baya{napuM;1;eka}/Baya{napuM;2;eka}	Baya{napuM;2;eka}	karmasamAnAXikaraNam,14.1	karmasamAnAXikaraNam,14.1#karmasamAnAXikaraNam,12.1#karmasamAnAXikaraNam,11.1#karmasamAnAXikaraNam,9.1#karmasamAnAXikaraNam,5.1#karmasamAnAXikaraNam,4.1#karmasamAnAXikaraNam,2.1#karma,15.1#gawikarma,12.1	1	6	02	upaniRax	kaTopaniRax	-
11.1	vajram	14.1	vajram	vajra{puM;2;eka}/vajra{napuM;1;eka}/vajra{napuM;2;eka}	vajra{puM;2;eka}	karmasamAnAXikaraNam,10.1	karmasamAnAXikaraNam,14.1#karmasamAnAXikaraNam,12.1#karmasamAnAXikaraNam,10.1#karmasamAnAXikaraNam,9.1#karmasamAnAXikaraNam,5.1#karmasamAnAXikaraNam,4.1#karmasamAnAXikaraNam,2.1#karma,15.1#gawikarma,12.1	1	6	02	upaniRax	kaTopaniRax	-
12.1	uxyawam	13.1	uxyawam	uxyawa{puM;2;eka(uw_yam1;kwa;X;BvAxiH)}	uxyawa{puM;2;eka}	viSeRaNam,11.1	viSeRaNam,11.1#viSeRaNam,5.1#vAkyakarma,15.1#karmasamAnAXikaraNam,11.1#karmasamAnAXikaraNam,10.1#karmasamAnAXikaraNam,9.1#karmasamAnAXikaraNam,5.1#karmasamAnAXikaraNam,4.1#karmasamAnAXikaraNam,2.1	1	6	02	upaniRax	kaTopaniRax	-
13.1	yaH	10.1	yaH	yax{sarvanAma;puM;1;eka}	yax{sarvanAma;puM;1;eka}	karwA,15.1	viSeRaNam,15.1#viSeRaNam,6.1#viSeRaNam,4.1	1	6	02	upaniRax	kaTopaniRax	-
14.1	ewaw	9.1	ewaw	ewax{sarvanAma;napuM;1;eka}/ewax{sarvanAma;napuM;2;eka}	ewax{sarvanAma;napuM;2;eka}	karma,15.1	viSeRaNam,11.1#viSeRaNam,10.1#viSeRaNam,9.1#viSeRaNam,5.1#viSeRaNam,4.1#karma,15.1#gawikarma,12.1	1	6	02	upaniRax	kaTopaniRax	-
15.1	vixuH	15.1	vixuH	vix1{karwari;lat;pra;bahu;parasmEpaxI;axAxiH}/vixu{puM;1;eka}	vix1{karwari;lat;pra;bahu;parasmEpaxI;axAxiH}	-	-	1	6	02	upaniRax	kaTopaniRax	-
16.1	amqwAH	17.1	amqwAH	amqwa{puM;1;bahu}/amqwA{swrI;1;bahu}/amqwA{swrI;2;bahu}/amqwa{puM;8;bahu}/amqwA{swrI;8;bahu}	amqwa{puM;1;bahu}	karwA,18.1	karma,15.1#gawikarma,12.1#karwA_be_verbs,18.1#karwA,15.1	1	6	02	upaniRax	kaTopaniRax	-
17.1	we	16.1	we	wax{sarvanAma;puM;1;bahu}/wax{sarvanAma;napuM;1;xvi}/wax{sarvanAma;napuM;2;xvi}/wax{sarvanAma;swrI;1;xvi}/wax{sarvanAma;swrI;2;xvi}/yuRmax{sarvanAma;6;eka}/yuRmax{sarvanAma;4;eka}	wax{sarvanAma;puM;1;bahu}	karwA,18.1	prayojanam1,18.1#prayojanam1,15.1#prayojanam1,12.1#prayojanam1,7.1#RaRTIsambanXaH,16.1#RaRTIsambanXaH,15.1#RaRTIsambanXaH,11.1#RaRTIsambanXaH,10.1#RaRTIsambanXaH,9.1#RaRTIsambanXaH,6.1#RaRTIsambanXaH,4.1#karma,15.1#gawikarma,12.1#viSeRaNam,16.1#karwA_be_verbs,18.1#karwA,15.1	1	6	02	upaniRax	kaTopaniRax	-
18.1	Bavanwi	18.1	Bavanwi	BU1{karwari;lat;pra;bahu;parasmEpaxI;BvAxiH}	BU1{karwari;lat;pra;bahu;parasmEpaxI;BvAxiH}	-	vAkyakarma,15.1	1	6	02	upaniRax	kaTopaniRax	-
2.1	ixam	1.1	ixam	ixam{sarvanAma;napuM;1;eka}/ixam{sarvanAma;napuM;2;eka}	ixam{sarvanAma;napuM;2;eka}	viSeRaNam,4.1	viSeRaNam,14.1#viSeRaNam,11.1#viSeRaNam,10.1#viSeRaNam,9.1#viSeRaNam,5.1#viSeRaNam,4.1	1	6	02	upaniRax	kaTopaniRax	-
3.1	kiFca	3.1	kiFca	kiFca{avya}	kiFca{avya}	wIvrawAxarSI,4.1	-	1	6	02	upaniRax	kaTopaniRax	-
4.1	jagaw	4.1	jagaw	jagaw{napuM;1;eka}/jagaw{napuM;2;eka}/jagaw{napuM;8;eka}/jagaw{puM;1;eka}	jagaw{napuM;2;eka}	karma,7.1	karmasamAnAXikaraNam,14.1#karmasamAnAXikaraNam,12.1#karmasamAnAXikaraNam,11.1#karmasamAnAXikaraNam,10.1#karmasamAnAXikaraNam,9.1#karmasamAnAXikaraNam,5.1#karmasamAnAXikaraNam,2.1	1	6	02	upaniRax	kaTopaniRax	-
5.1	sarvam	5.1	sarvam	sarva{sarvanAma;puM;2;eka}/sarva{sarvanAma;napuM;1;eka}/sarva{sarvanAma;napuM;2;eka}	sarva{sarvanAma;puM;2;eka}	viSeRaNam,4.1	viSeRaNam,14.1#viSeRaNam,11.1#viSeRaNam,10.1#viSeRaNam,9.1#viSeRaNam,4.1#viSeRaNam,2.1#gawikarma,12.1#viSeRaNam,12.1	1	6	02	upaniRax	kaTopaniRax	-
6.1	prANaH	6.1	prANaH	prANa{puM;1;eka}	prANa{puM;1;eka}	karwA,7.1	-	1	6	02	upaniRax	kaTopaniRax	-
7.1	ejawi	8.1	ejawi	ejaw{puM;7;eka;ej2;Sawq_lat;X;BvAxiH}/ejaw{napuM;7;eka;ej2;Sawq_lat;X;BvAxiH}	ejaw{puM;7;eka;ej2;Sawq_lat;X;BvAxiH}/ejaw{napuM;7;eka;ej2;Sawq_lat;X;BvAxiH}	-	-	1	6	02	upaniRax	kaTopaniRax	-
8.1	niHsqwam	7.1	niHsqwam	nis_{sq;kwa{(niHsqwam_napuM;2;eka)}	nis_{sq;kwa{(niHsqwam_napuM;2;eka)}	kriyAviSeRaNam,7.1	-	1	6	02	upaniRax	kaTopaniRax	-
9.1	mahaw	11.1	mahaw	mahaw{napuM;8;eka}/mahaw{napuM;1;eka}/mahaw{napuM;2;eka}	mahaw{napuM;2;eka}	viSeRaNam,10.1	wIvrawAxarSI,10.1#viSeRaNam,14.1#viSeRaNam,11.1#viSeRaNam,10.1#viSeRaNam,5.1#viSeRaNam,4.1#viSeRaNam,2.1#karmasamAnAXikaraNam,14.1#karmasamAnAXikaraNam,12.1#karmasamAnAXikaraNam,11.1#karmasamAnAXikaraNam,10.1#karmasamAnAXikaraNam,5.1#karmasamAnAXikaraNam,4.1#karmasamAnAXikaraNam,2.1#karma,15.1#gawikarma,12.1	1	6	02	upaniRax	kaTopaniRax	-
1.1	BayAw	2.1	BayAw	Baya{napuM;5;eka}	Baya{napuM;5;eka}	hewuH,4.1	hewuH5,14.1#hewuH5,11.1#hewuH5,6.1#hewuH5,4.1#hewuH5,2.1	1	6	03	upaniRax	kaTopaniRax	-
10.1	ca	10.1	ca	ca{avya}	ca{avya}	samuccaya_xyowakaH,9.1	sup_samuccaya_xyowakaH,9.1#samuccaya_xyowakaH,6.1#samuccaya_xyowakaH,4.1#sambanXaH,9.1	1	6	03	upaniRax	kaTopaniRax	-
11.1	vAyuH	11.1	vAyuH	vA1{karwari;viXilif;pra;bahu;parasmEpaxI;axAxiH}/vAyu{puM;1;eka}	vAyu{puM;1;eka}	sup_samucciwaH,9.1	sup_samucciwaH,9.1#karwA,14.1#karwA,6.1#karwA,4.1	1	6	03	upaniRax	kaTopaniRax	-
12.1	ca	12.1	ca	ca{avya}	ca{avya}	samuccaya_xyowakaH,11.1	sup_samuccaya_xyowakaH,11.1#samuccaya_xyowakaH,6.1#samuccaya_xyowakaH,4.1#sambanXaH,11.1	1	6	03	upaniRax	kaTopaniRax	-
13.1	mqwyuH	14.1	mqwyuH	mqwyu{puM;1;eka}	mqwyu{puM;1;eka}	sup_samucciwaH,11.1	viSeRaNam,15.1#viSeRaNam,11.1#viSeRaNam,9.1#sup_samucciwaH,11.1#sup_samucciwaH,9.1#karwA,14.1#karwA,6.1	1	6	03	upaniRax	kaTopaniRax	-
14.1	XAvawi	15.1	XAvawi	XAv1{karwari;lat;pra;eka;parasmEpaxI;BvAxiH}	XAv1{karwari;lat;pra;eka;parasmEpaxI;BvAxiH}	-	samucciwaH,6.1#samucciwaH,4.1	1	6	03	upaniRax	kaTopaniRax	-
15.1	paFcamaH	13.1	paFcamaH	paFcama{puM;1;eka}/paFcama{puM;1;eka}	paFcama{puM;1;eka}	viSeRaNam,13.1	viSeRaNam,13.1#viSeRaNam,11.1#viSeRaNam,9.1#sup_samucciwaH,11.1#sup_samucciwaH,9.1#karwA,14.1	1	6	03	upaniRax	kaTopaniRax	-
2.1	asya	1.1	asya	ixam{sarvanAma;puM;6;eka}/ixam{sarvanAma;napuM;6;eka}/as3{karwari;lot;ma;eka;parasmEpaxI;xivAxiH}	ixam{sarvanAma;puM;6;eka}	RaRTIsambanXaH,4.1	RaRTIsambanXaH,15.1#RaRTIsambanXaH,13.1#RaRTIsambanXaH,11.1#RaRTIsambanXaH,9.1#RaRTIsambanXaH,8.1#RaRTIsambanXaH,7.1#RaRTIsambanXaH,6.1#RaRTIsambanXaH,5.1#RaRTIsambanXaH,4.1#RaRTIsambanXaH,3.1	1	6	03	upaniRax	kaTopaniRax	-
3.1	agniH	3.1	agniH	agni{puM;1;eka}	agni{puM;1;eka}	karwA,4.1	sup_samucciwaH,11.1#sup_samucciwaH,9.1#karwA,6.1#karwA,4.1	1	6	03	upaniRax	kaTopaniRax	-
4.1	wapawi	4.1	wapawi	wap1{karwari;lat;pra;eka;parasmEpaxI;BvAxiH}/wapawI{swrI;8;eka}	wap1{karwari;lat;pra;eka;parasmEpaxI;BvAxiH}	-	samucciwaH,6.1	1	6	03	upaniRax	kaTopaniRax	-
5.1	BayAw	5.1	BayAw	Baya{napuM;5;eka}	Baya{napuM;5;eka}	hewuH,6.1	hewuH5,14.1#hewuH5,11.1#hewuH5,6.1#hewuH5,4.1#hewuH5,2.1	1	6	03	upaniRax	kaTopaniRax	-
6.1	wapawi	6.1	wapawi	wap1{karwari;lat;pra;eka;parasmEpaxI;BvAxiH}/wapawI{swrI;8;eka}	wap1{karwari;lat;pra;eka;parasmEpaxI;BvAxiH}	-	samucciwaH,4.1	1	6	03	upaniRax	kaTopaniRax	-
7.1	sUryaH	7.1	sUryaH	sUrI{swrI;1;bahu}/sUrya{puM;1;eka}/sUrI{swrI;8;bahu}	sUrI{swrI;1;bahu}	karwA,6.1	sup_samucciwaH,11.1#sup_samucciwaH,9.1#karwA,14.1#karwA,6.1#karwA,4.1#karwA,11.1	1	6	03	upaniRax	kaTopaniRax	-
8.1	BayAw	8.1	BayAw	Baya{napuM;5;eka}	Baya{napuM;5;eka}	hewuH,14.1	hewuH5,14.1#hewuH5,11.1#hewuH5,6.1#hewuH5,4.1#hewuH5,2.1	1	6	03	upaniRax	kaTopaniRax	-
9.1	inxraH	9.1	inxraH	inxra{puM;1;eka}	inxra{puM;1;eka}	karwA,14.1	sup_samucciwaH,11.1#karwA,14.1#karwA,11.1#karwA,6.1#karwA,4.1	1	6	03	upaniRax	kaTopaniRax	-
1.1	iha	2.1	iha	iha{avya}	iha{avya}	xeSAXikaraNam,3.1	xeSAXikaraNam,12.1#xeSAXikaraNam,4.1#xeSAXikaraNam,3.1	1	6	04	upaniRax	kaTopaniRax	-
10.1	lokeRu	11.1	lokeRu	loka{puM;7;bahu}	loka{puM;7;bahu}	aXikaraNam,12.1	aXikaraNam,12.1#aXikaraNam,4.1#aXikaraNam,3.1	1	6	04	upaniRax	kaTopaniRax	-
11.1	SarIrawvAya	12.1	SarIrawvAya	-	-	prayojanam,12.1	-	1	6	04	upaniRax	kaTopaniRax	-
12.1	kalpawe	13.1	kalpawe	kqp1{karwari;lat;pra;eka;AwmanepaxI;BvAxiH}	kqp1{karwari;lat;pra;eka;AwmanepaxI;BvAxiH}	-	-	1	6	04	upaniRax	kaTopaniRax	-
2.1	cew	3.1	cew	cew{avya}	cew{avya}	AvaSyakawA_xyowakaH,3.1	AvaSyakawA_xyowakaH,12.1#AvaSyakawA_xyowakaH,3.1	1	6	04	upaniRax	kaTopaniRax	-
3.1	aSakaw	5.1	aSakaw	Sak2{karwari;luf;pra;eka;parasmEpaxI;xivAxiH}/Sak3{karwari;luf;pra;eka;parasmEpaxI;svAxiH}	Sak3{karwari;luf;pra;eka;parasmEpaxI;svAxiH}	-	-	1	6	04	upaniRax	kaTopaniRax	-
4.1	boxXum	4.1	boxXum	buX3{avya;wumun;xivAxiH}	buX3{avya;wumun;xivAxiH}	wumunkarma,3.1	wumunkarma,3.1#prayojanam1,12.1#prayojanam1,3.1	1	6	04	upaniRax	kaTopaniRax	-
5.1	prAk	8.1	prAk	prAk{avya}/prAS{swrI;1;eka}/prAS{swrI;8;eka}	prAk{avya}	kAlAXikaraNam,7.1	kAlAXikaraNam,12.1#kAlAXikaraNam,4.1#kAlAXikaraNam,3.1#xeSAXikaraNam_upa,12.1#karwA,12.1#karwA,3.1	1	6	04	upaniRax	kaTopaniRax	-
6.1	SarIrasya	6.1	SarIrasya	SarIra{napuM;6;eka}	SarIra{napuM;6;eka}	RaRTIsambanXaH,7.1	karma,4.1#RaRTIsambanXaH,10.1#RaRTIsambanXaH,9.1#RaRTIsambanXaH,7.1#RaRTIsambanXaH,5.1	1	6	04	upaniRax	kaTopaniRax	-
7.1	visrasaH	7.1	visrasaH	visras{swrI;1;bahu}/visras{swrI;2;bahu}/visras{swrI;5;eka}/visras{swrI;6;eka}/visras{swrI;8;bahu}	visras{swrI;6;eka}	RaRTIsambanXaH,3.1	karma,4.1#RaRTIsambanXaH,10.1#RaRTIsambanXaH,9.1#RaRTIsambanXaH,6.1#RaRTIsambanXaH,5.1#upa_apekRA,5.1#hewuH5,12.1#hewuH5,4.1#hewuH5,3.1#karma,3.1	1	6	04	upaniRax	kaTopaniRax	-
8.1	wawaH	9.1	wawaH	wawaH{avya}	wawaH{avya}	kArya_xyowakaH,12.1	kArya_xyowakaH,12.1#hewuH5,12.1#hewuH5,4.1#hewuH5,3.1	1	6	04	upaniRax	kaTopaniRax	-
9.1	sargeRu	10.1	sargeRu	sarga{puM;7;bahu}	sarga{puM;7;bahu}	aXikaraNam,12.1	aXikaraNam,12.1#aXikaraNam,4.1#aXikaraNam,3.1	1	6	04	upaniRax	kaTopaniRax	-
1.1	yaWA	3.1	yaWA	yaWA{avya}	yaWA{avya}	niwya_sambanXaH,3.1	niwya_sambanXaH,14.1#niwya_sambanXaH,7.1#niwya_sambanXaH,3.1#kriyAviSeRaNam,13.1	1	6	05	upaniRax	kaTopaniRax	-
10.1	apsu	10.1	apsu	ap{swrI;7;bahu}	ap{swrI;7;bahu}	upamAnam,15.1	upamAnam,8.1#aXikaraNam,13.1#aXikaraNam,2.1	1	6	05	upaniRax	kaTopaniRax	-
11.1	pari	15.1	pari	pari{avya}	pari{avya}	sambanXaH,13.1	sambanXa_upa,13.1	1	6	05	upaniRax	kaTopaniRax	-
12.1	iva	14.1	iva	iva{avya}	iva{avya}	upamAna_xyowakaH,10.1	-	1	6	05	upaniRax	kaTopaniRax	-
13.1	xaxqSe	16.1	xaxqSe	xqS1{karmaNi;lit;pra;eka;AwmanepaxI;BvAxiH}/xqS1{karmaNi;lit;u;eka;AwmanepaxI;BvAxiH}	xqS1{karmaNi;lit;pra;eka;AwmanepaxI;BvAxiH}	-	-	1	6	05	upaniRax	kaTopaniRax	-
14.1	waWA	12.1	waWA	waWA{avya}	waWA{avya}	kriyAviSeRaNam,13.1	kriyAviSeRaNam,13.1	1	6	05	upaniRax	kaTopaniRax	-
15.1	ganXarvaloke	13.1	ganXarvaloke	ganXarvaloka{puM;7;eka}	ganXarvaloka{puM;7;eka}	aXikaraNam,13.1	-	1	6	05	upaniRax	kaTopaniRax	-
16.1	cCAyA-	18.1	cCAyA	-	-	xvanxvaH,16.2	-	1	6	05	upaniRax	kaTopaniRax	-
16.2	AwapayoH	18.2	AwapayoH	Awapa{puM;6;xvi}/Awapa{napuM;6;xvi}/Awapa{puM;7;xvi}/Awapa{napuM;7;xvi}	Awapa{puM;6;xvi}	upamAnam,18.1	upamAnam,20.1#aXikaraNam,13.1#aXikaraNam,2.1#RaRTIsambanXaH,20.1#RaRTIsambanXaH,10.1#RaRTIsambanXaH,8.1#RaRTIsambanXaH,6.1#RaRTIsambanXaH,4.1#RaRTIsambanXaH,2.1	1	6	05	upaniRax	kaTopaniRax	-
17.1	iva	19.1	iva	iva{avya}	iva{avya}	upamAna_xyowakaH,16.2	upamAnam_rahiwa_upamAna_xyowakaH,20.1#upamAna_xyowakaH,17.1	1	6	05	upaniRax	kaTopaniRax	-
18.1	brahmaloke	17.1	brahmaloke	brahmaloka{puM;7;eka}	brahmaloka{puM;7;eka}	aXikaraNam,13.1	-	1	6	05	upaniRax	kaTopaniRax	-
2.1	AxarSe	2.1	AxarSe	AxarSa{puM;7;eka}/AxarSa{puM;7;eka(Af_xqS1;GaF;X;BvAxiH)}	AxarSa{puM;7;eka}	upamAnam,4.1	viSeRaNam,8.1#viSeRaNam,6.1#viSeRaNam,4.1#aXikaraNam,13.1#upamAnam,6.1	1	6	05	upaniRax	kaTopaniRax	-
3.1	waWA	4.1	waWA	waWA{avya}	waWA{avya}	kriyAviSeRaNam,13.1	kriyAviSeRaNam,13.1	1	6	05	upaniRax	kaTopaniRax	-
4.1	Awmani	5.1	Awmani	Awman{puM;7;eka}	Awman{puM;7;eka}	aXikaraNam,13.1	viSeRaNam,8.1#viSeRaNam,6.1#viSeRaNam,2.1#upamAnam,2.1#aXikaraNam,13.1#aXikaraNam,2.1	1	6	05	upaniRax	kaTopaniRax	-
5.1	yaWA	7.1	yaWA	yaWA{avya}	yaWA{avya}	niwya_sambanXaH,7.1	upamAna_xyowakaH,8.1#upamAna_xyowakaH,6.1#upamAna_xyowakaH,4.1#upamAna_xyowakaH,2.1#niwya_sambanXaH,14.1#niwya_sambanXaH,7.1#niwya_sambanXaH,3.1#kriyAviSeRaNam,13.1	1	6	05	upaniRax	kaTopaniRax	-
6.1	svapne	6.1	svapne	svapna{puM;7;eka}	svapna{puM;7;eka}	upamAnam,8.1	upamAnam,10.1#upamAnam,4.1#aXikaraNam,13.1#aXikaraNam,2.1	1	6	05	upaniRax	kaTopaniRax	-
7.1	waWA	8.1	waWA	waWA{avya}	waWA{avya}	kriyAviSeRaNam,13.1	kriyAviSeRaNam,13.1	1	6	05	upaniRax	kaTopaniRax	-
8.1	piwqloke	9.1	piwqloke	piwqloka{puM;7;eka}	piwqloka{puM;7;eka}	aXikaraNam,13.1	upamAnam,6.1#upamAnam,4.1#upamAnam,2.1#aXikaraNam,13.1#aXikaraNam,2.1	1	6	05	upaniRax	kaTopaniRax	-
9.1	yaWA	11.1	yaWA	yaWA{avya}	yaWA{avya}	niwya_sambanXaH,14.1	upamAna_xyowakaH,10.1#upamAna_xyowakaH,8.1#upamAna_xyowakaH,6.1#niwya_sambanXaH,14.1#niwya_sambanXaH,7.1#niwya_sambanXaH,3.1#kriyAviSeRaNam,13.1	1	6	05	upaniRax	kaTopaniRax	-
1.1	inxriyANAm	3.1	inxriyANAm	inxriya{puM;6;bahu}/inxriya{napuM;6;bahu}	inxriya{puM;6;bahu}	RaRTIsambanXaH,2.1	karwA,3.1#karma,3.1#aBexaH,7.1#RaRTIsambanXaH,9.1#RaRTIsambanXaH,3.2#RaRTIsambanXaH,2.1#BkarwA,7.1	1	6	06	upaniRax	kaTopaniRax	-
10.1	na	10.1	na	na{avya}	na{avya}	prawiReXaH,11.1	prawiReXaH,11.1	1	6	06	upaniRax	kaTopaniRax	-
11.1	Socawi	11.1	Socawi	Suc1{karwari;lat;pra;eka;parasmEpaxI;BvAxiH}	Suc1{karwari;lat;pra;eka;parasmEpaxI;BvAxiH}	-	-	1	6	06	upaniRax	kaTopaniRax	-
2.1	pqWagBAvam	4.1	pqWagBAvam	pqWagBAva{puM;2;eka}	pqWagBAva{puM;2;eka}	karma,8.1	sup_samucciwaH,3.2#karma,8.1	1	6	06	upaniRax	kaTopaniRax	-
3.1	uxaya-	7.1	uxaya-aswamaya	uxaya(uw_i1;GaF;X;axAxiH)	uxaya(uw_i1;GaF;X;axAxiH)	iwarewara-xvanxvaH,3.2	karmaXArayaH_1,3.2	1	6	06	upaniRax	kaTopaniRax	-
3.2	aswamayO	7.2	--	aswamaya{puM;1;xvi}/aswamaya{puM;2;xvi}/aswamaya{puM;8;xvi}	aswamaya{puM;2;xvi}	karma,8.1	samboXyaH,11.1#karma,8.1	1	6	06	upaniRax	kaTopaniRax	-
4.1	ca	5.1	ca	ca{avya}	ca{avya}	samuccaya_xyowakaH,3.2	sup_samuccaya_xyowakaH,3.2#sambanXaH,3.2	1	6	06	upaniRax	kaTopaniRax	-
5.1	yaw	6.1	yaw	yaw{avya}	yaw{avya}	sambanXaH,8.1	sambanXaH,11.1	1	6	06	upaniRax	kaTopaniRax	-
6.1	pqWak	1.1	pqWak	pqWak{avya}	pqWak{avya}	kriyAviSeRaNam,8.1	kriyAviSeRaNam,11.1#kriyAviSeRaNam,8.1	1	6	06	upaniRax	kaTopaniRax	-
7.1	uwpaxyamAnAnAm	2.1	uwpaxyamAnAnAm	uwpaxyamAna{puM;6;bahu(uw_pax1;SAnac_lat;karwari;xivAxiH)}/uwpaxyamAna{napuM;6;bahu(uw_pax1;SAnac_lat;karwari;xivAxiH)}/uwpaxyamAnA{swrI;6;bahu(uw_pax1;SAnac_lat;karwari;xivAxiH)}/uwpaxyamAna{puM;6;bahu(uw_pId1;SAnac_lat;karwari;curAxiH)}/uwpaxyamAna{napuM;6;bahu(uw_pId1;SAnac_lat;karwari;curAxiH)}/uwpaxyamAnA{swrI;6;bahu(uw_pId1;SAnac_lat;karwari;curAxiH)}	uwpaxyamAna{puM;6;bahu}	viSeRaNam,1.1	RaRTIsambanXaH,9.1#RaRTIsambanXaH,3.2#RaRTIsambanXaH,2.1#RaRTIsambanXaH,1.1#BAvalakRaNasapwamI_samAnakAlaH,11.1#viSeRaNam,1.1	1	6	06	upaniRax	kaTopaniRax	-
8.1	mawvA	8.1	mawvA	man1{avya;kwvA;xivAxiH}/man2{avya;kwvA;wanAxiH}	man1{avya;kwvA;xivAxiH}	pUrvakAlaH,11.1	pUrvakAlaH,11.1	1	6	06	upaniRax	kaTopaniRax	-
9.1	XIraH	9.1	XIraH	XIra{puM;1;eka}	XIra{puM;1;eka}	karwA,11.1	sup_samucciwaH,3.2#karwA,11.1	1	6	06	upaniRax	kaTopaniRax	-
1.1	inxriyeByaH	1.1	inxriyeByaH	inxriya{puM;4;bahu}/inxriya{puM;5;bahu}/inxriya{napuM;4;bahu}/inxriya{napuM;5;bahu}	inxriya{puM;5;bahu}	wulanA_binxuH,2.1	wulanA_binxuH,13.1#wulanA_binxuH,6.1#wulanA_binxuH,2.1#hewuH5,11.1#prayojanam1,11.1	1	6	07	upaniRax	kaTopaniRax	-
10.1	AwmA	9.1	AwmA	Awman{puM;1;eka}	Awman{puM;1;eka}	karwA,14.1	viSeRaNam,9.1	1	6	07	upaniRax	kaTopaniRax	-
11.1	mahawaH	12.1	mahawaH	maha{avya;wasil}/mah1{karwari;lat;pra;xvi;parasmEpaxI;BvAxiH}/mahaw{puM;2;bahu}/mahaw{puM;5;eka}/mahaw{puM;6;eka}/mahaw{napuM;5;eka}/mahaw{napuM;6;eka}	mahaw{puM;5;eka}	wulanA_binxuH,13.1	viSeRaNam,4.1#RaRTIsambanXaH,13.1#RaRTIsambanXaH,12.1#RaRTIsambanXaH,10.1#RaRTIsambanXaH,9.1#RaRTIsambanXaH,7.1#RaRTIsambanXaH,6.1#RaRTIsambanXaH,5.1#RaRTIsambanXaH,4.1#RaRTIsambanXaH,3.1#RaRTIsambanXaH,2.1#wulanA_binxuH,13.1#wulanA_binxuH,6.1#wulanA_binxuH,2.1#viSeRaNam,7.1	1	6	07	upaniRax	kaTopaniRax	-
12.1	avyakwam	11.1	avyakwam	avyakwa{napuM;1;eka}	avyakwa{napuM;1;eka}	karwA,14.1	viSeRaNam,13.1#viSeRaNam,6.1#viSeRaNam,5.1#viSeRaNam,2.1#karma,11.1	1	6	07	upaniRax	kaTopaniRax	-
13.1	uwwamam	13.1	uwwamam	uwwama{puM;2;eka}/uwwama{napuM;1;eka}/uwwama{napuM;2;eka}	uwwama{napuM;1;eka}	viSeRaNam,12.1	viSeRaNam,6.1#viSeRaNam,5.1#viSeRaNam,3.1#viSeRaNam,2.1#karma,11.1#viSeRaNam,12.1	1	6	07	upaniRax	kaTopaniRax	-
14.1	(aswi)	14.1	.	as2{karwari;lat;pra;eka;parasmEpaxI;axAxiH}	as2{karwari;lat;pra;eka;parasmEpaxI;axAxiH}	-	-	1	6	07	upaniRax	kaTopaniRax	-
2.1	param	3.1	param	param{avya}/para{sarvanAma;puM;2;eka}/para{sarvanAma;napuM;1;eka}/para{sarvanAma;napuM;2;eka}	para{sarvanAma;napuM;1;eka}	viSeRaNam,3.1	viSeRaNam,13.1#viSeRaNam,6.1#viSeRaNam,5.1#viSeRaNam,3.1#viSeRaNam,12.1#wIvrawAxarSI,13.1#wIvrawAxarSI,12.1#wIvrawAxarSI,11.1#wIvrawAxarSI,10.1#wIvrawAxarSI,9.1#wIvrawAxarSI,7.1#wIvrawAxarSI,6.1#wIvrawAxarSI,5.1#wIvrawAxarSI,4.1#wIvrawAxarSI,3.1	1	6	07	upaniRax	kaTopaniRax	-
3.1	manaH	2.1	manaH	manas{napuM;1;eka}/manas{napuM;2;eka}/manas{napuM;8;eka}	manas{napuM;1;eka}	karwA,14.1	-	1	6	07	upaniRax	kaTopaniRax	-
4.1	manasaH	4.1	manasaH	manas{napuM;5;eka}/manas{napuM;6;eka}	manas{napuM;5;eka}	wulanA_binxuH,5.1	RaRTIsambanXaH,13.1#RaRTIsambanXaH,12.1#RaRTIsambanXaH,11.1#RaRTIsambanXaH,10.1#RaRTIsambanXaH,9.1#RaRTIsambanXaH,7.1#RaRTIsambanXaH,6.1#RaRTIsambanXaH,5.1#RaRTIsambanXaH,3.1#RaRTIsambanXaH,2.1#wulanA_binxuH,13.1#wulanA_binxuH,6.1#wulanA_binxuH,2.1#hewuH5,11.1	1	6	07	upaniRax	kaTopaniRax	-
5.1	sawwvam	5.1	sawwvam	sawwva{puM;2;eka}/sawwva{napuM;1;eka}/sawwva{napuM;2;eka}/sax{wva;napuM;1;eka}/sax{wva;napuM;2;eka}	sawwva{napuM;1;eka}	karwA,14.1	karma,11.1#viSeRaNam,13.1#viSeRaNam,6.1#viSeRaNam,3.1#viSeRaNam,2.1#viSeRaNam,12.1	1	6	07	upaniRax	kaTopaniRax	-
6.1	uwwamam	6.1	uwwamam	uwwama{puM;2;eka}/uwwama{napuM;1;eka}/uwwama{napuM;2;eka}	uwwama{napuM;1;eka}	viSeRaNam,5.1	viSeRaNam,13.1#viSeRaNam,5.1#viSeRaNam,3.1#viSeRaNam,2.1#karma,11.1#viSeRaNam,12.1	1	6	07	upaniRax	kaTopaniRax	-
7.1	sawwvAw	7,1	sawwvAw	sawwva{puM;5;eka}/sawwva{napuM;5;eka}/sax{wva;napuM;5;eka}	sawwva{puM;5;eka}	wulanA_binxuH,9.1	wulanA_binxuH,13.1#wulanA_binxuH,6.1#wulanA_binxuH,2.1#hewuH5,11.1#viSeRaNam,11.1#viSeRaNam,4.1	1	6	07	upaniRax	kaTopaniRax	-
8.1	aXi	10.1	aXi	aXi{avya}	aXi{avya}	sambanXaH,9.1	sambanXa_upa,11.1	1	6	07	upaniRax	kaTopaniRax	-
9.1	mahAn	8.1	mahAn	mahaw{puM;1;eka}	mahaw{puM;1;eka}	viSeRaNam,10.1	viSeRaNam,10.1	1	6	07	upaniRax	kaTopaniRax	-
1.1	avyakwAw	7.1	avyakwAw	avyakwa{puM;5;eka}	avyakwa{puM;5;eka}	wulanA_binxuH,3.1	wulanA_binxuH,3.1#hewuH5,15.1#hewuH5,11.1#hewuH5,10.1#apAxAnam,15.1#apAxAnam,11.1	1	6	08	upaniRax	kaTopaniRax	-
10.1	jFAwvA	10.1	jFAwvA	jFA1{avya;kwvA;kryAxiH}	jFA1{avya;kwvA;kryAxiH}	pUrvakAlaH,11.1	pUrvakAlaH,15.1#pUrvakAlaH,11.1	1	6	08	upaniRax	kaTopaniRax	-
11.1	mucyawe	12.1	mucyawe	muc2{karmaNi;lat;pra;eka;AwmanepaxI;wuxAxiH}	muc2{karmaNi;lat;pra;eka;AwmanepaxI;wuxAxiH}	-	-	1	6	08	upaniRax	kaTopaniRax	-
12.1	janwuH	11.1	janwuH	janwu{puM;1;eka}	janwu{puM;1;eka}	karwA,15.1	karwA,15.1#karma,11.1	1	6	08	upaniRax	kaTopaniRax	-
13.1	amqwawvam	13.1	amqwawvam	amqwawva{puM;2;eka}	amqwawva{puM;2;eka}	karma,15.1	-	1	6	08	upaniRax	kaTopaniRax	-
14.1	ca	14.1	ca	ca{avya}	ca{avya}	sambanXaH,13.1	-	1	6	08	upaniRax	kaTopaniRax	-
15.1	gacCawi	15.1	gacCawi	gam1{karwari;lat;pra;eka;parasmEpaxI;BvAxiH}	gam1{karwari;lat;pra;eka;parasmEpaxI;BvAxiH}	-	-	1	6	08	upaniRax	kaTopaniRax	-
2.1	wu	1.1	wu	wu{avya}	wu{avya}	sambanXaH,1.1	sambanXaH,1.1	1	6	08	upaniRax	kaTopaniRax	-
3.1	paraH	8.1	paraH	para{sarvanAma;puM;1;eka}	para{sarvanAma;puM;1;eka}	viSeRaNam,4.1	viSeRaNam,12.1#viSeRaNam,6.1#viSeRaNam,5.1#viSeRaNam,4.1	1	6	08	upaniRax	kaTopaniRax	-
4.1	puruRaH	5.1	puruRaH	puruRa{puM;1;eka}	puruRa{puM;1;eka}	karwA,10.1	karma,11.1	1	6	08	upaniRax	kaTopaniRax	-
5.1	vyApakaH	2.1	vyApakaH	vyApaka{puM;1;eka}	vyApaka{puM;1;eka}	viSeRaNam,4.1	karma,11.1	1	6	08	upaniRax	kaTopaniRax	-
6.1	alifgaH	3.1	alifgaH	alifga{puM;1;eka}	alifga{puM;1;eka}	viSeRaNam,4.1	karma,11.1	1	6	08	upaniRax	kaTopaniRax	-
7.1	eva	6.1	eva	eva{avya}	eva{avya}	sambanXaH,6.1	sambanXaH,8.1#sambanXaH,6.1	1	6	08	upaniRax	kaTopaniRax	-
8.1	ca	4.1	ca	ca{avya}	ca{avya}	sambanXaH,7.1	sambanXaH,15.1#sambanXaH,11.1#sambanXaH,7.1	1	6	08	upaniRax	kaTopaniRax	-
9.1	yam	9.1	yam	yax{sarvanAma;puM;2;eka}	yax{sarvanAma;puM;2;eka}	karma,10.1	karma,15.1#karma,10.1	1	6	08	upaniRax	kaTopaniRax	-
1.1	na	4.1	na	na{avya}	na{avya}	prawiReXaH,3.1	prawiReXaH,20.1#prawiReXaH,17.1#prawiReXaH,8.1#prawiReXaH,5.1#prawiReXaH,3.1	1	6	09	upaniRax	kaTopaniRax	-
10.1	enam	7.1	enam	ixam{sarvanAma;puM;2;eka}	ixam{sarvanAma;puM;2;eka}	karma,8.1	karma,17.1#karma,8.1#karma,5.1	1	6	09	upaniRax	kaTopaniRax	-
11.1	hqxA	11.1	hqxA	hqx{napuM;3;eka}/hqxaya{napuM;3;eka}	hqx{napuM;3;eka}	hewuH,14.1	karaNam,17.1#karaNam,8.1#hewuH,20.1#hewuH,17.1#hewuH,8.1#hewuH,5.1#hewuH,3.1	1	6	09	upaniRax	kaTopaniRax	-
12.1	manIRA	12.1	manIRA	manIRA{swrI;1;eka}	manIRA{swrI;1;eka}	karwA,14.1	karwA,8.1	1	6	09	upaniRax	kaTopaniRax	-
13.1	manasA	13.1	manasA	manas{napuM;3;eka}/manasA{swrI;1;eka}	manas{napuM;3;eka}	karaNam,14.1	karwA,8.1#karaNam,17.1#karaNam,8.1#hewuH,20.1#hewuH,17.1#hewuH,8.1#hewuH,5.1#hewuH,3.1	1	6	09	upaniRax	kaTopaniRax	-
14.1	aBiklqpwaH	14.1	aBiklqpwaH	aBi_{kLp;;kwa}	aBi_{kLp;;kwa}	-	-	1	6	09	upaniRax	kaTopaniRax	-
15.1	yaH	15.1	yaH	yax{sarvanAma;puM;1;eka}	yax{sarvanAma;puM;1;eka}	karwA,17.1	viSeRaNam,17.1#viSeRaNam,9.1#karwA,8.1	1	6	09	upaniRax	kaTopaniRax	-
16.1	ewaw	16.1	ewaw	ewax{sarvanAma;napuM;1;eka}/ewax{sarvanAma;napuM;2;eka}	ewax{sarvanAma;napuM;2;eka}	karma,17.1	viSeRaNam,4.1#karma,17.1	1	6	09	upaniRax	kaTopaniRax	-
17.1	vixuH	17.1	vixuH	vix1{karwari;lat;pra;bahu;parasmEpaxI;axAxiH}/vixu{puM;1;eka}	vixu{puM;1;eka}	-	-	1	6	09	upaniRax	kaTopaniRax	-
18.1	amqwAH	19.1	amqwAH	amqwa{puM;1;bahu}/amqwA{swrI;1;bahu}/amqwA{swrI;2;bahu}/amqwa{puM;8;bahu}/amqwA{swrI;8;bahu}	amqwa{puM;1;bahu}	karwqsamAnAXikaraNam,19.1	karma,17.1#karwA_be_verbs,20.1#karwA,17.1	1	6	09	upaniRax	kaTopaniRax	-
19.1	we	18.1	we	wax{sarvanAma;puM;1;bahu}/wax{sarvanAma;napuM;1;xvi}/wax{sarvanAma;napuM;2;xvi}/wax{sarvanAma;swrI;1;xvi}/wax{sarvanAma;swrI;2;xvi}/yuRmax{sarvanAma;6;eka}/yuRmax{sarvanAma;4;eka}	yuRmax{sarvanAma;4;eka}	karwA,20.1	prayojanam1,20.1#prayojanam1,17.1#prayojanam1,8.1#prayojanam1,5.1#prayojanam1,3.1#RaRTIsambanXaH,18.1#RaRTIsambanXaH,17.1#RaRTIsambanXaH,13.1#RaRTIsambanXaH,12.1#RaRTIsambanXaH,11.1#RaRTIsambanXaH,7.1#RaRTIsambanXaH,4.1#RaRTIsambanXaH,2.1#karma,17.1#viSeRaNam,18.1#karwA_be_verbs,20.1#karwA,17.1	1	6	09	upaniRax	kaTopaniRax	-
2.1	sanxqSe	3.1	sanxqSe	sanxqS{swrI;4;eka}	sanxqS{swrI;4;eka}	prayojanam1,3.1	viSeRaNam,19.1#prayojanam1,20.1#prayojanam1,17.1#prayojanam1,8.1#prayojanam1,5.1#prayojanam1,3.1	1	6	09	upaniRax	kaTopaniRax	-
20.1	Bavanwi	20.1	Bavanwi	BU1{karwari;lat;pra;bahu;parasmEpaxI;BvAxiH}	BU1{karwari;lat;pra;bahu;parasmEpaxI;BvAxiH}	-	-	1	6	09	upaniRax	kaTopaniRax	-
3.1	wiRTawi	5.1	wiRTawi	RWA1{karwari;lat;pra;eka;parasmEpaxI;BvAxiH}	RWA1{karwari;lat;pra;eka;parasmEpaxI;BvAxiH}	-	-	1	6	09	upaniRax	kaTopaniRax	-
4.1	rUpam	2.1	rUpam	rUpa{napuM;1;eka}/rUpa{napuM;2;eka}	rUpa{napuM;2;eka}	karmasamAnAXikaraNam,10.1	karmasamAnAXikaraNam,16.1#karmasamAnAXikaraNam,10.1#karma,8.1#karma,5.1#karwA,8.1#karwA,3.1	1	6	09	upaniRax	kaTopaniRax	-
5.1	asya	1.1	asya	ixam{sarvanAma;puM;6;eka}/ixam{sarvanAma;napuM;6;eka}/as3{karwari;lot;ma;eka;parasmEpaxI;xivAxiH}	ixam{sarvanAma;puM;6;eka}	RaRTIsambanXaH,4.1	viSeRaNam,19.1#RaRTIsambanXaH,18.1#RaRTIsambanXaH,17.1#RaRTIsambanXaH,13.1#RaRTIsambanXaH,12.1#RaRTIsambanXaH,11.1#RaRTIsambanXaH,7.1#RaRTIsambanXaH,4.1#RaRTIsambanXaH,2.1	1	6	09	upaniRax	kaTopaniRax	-
6.1	na	9.1	na	na{avya}	na{avya}	prawiReXaH,8.1	prawiReXaH,20.1#prawiReXaH,17.1#prawiReXaH,8.1	1	6	09	upaniRax	kaTopaniRax	-
7.1	cakRuRA	8.1	cakRuRA	cakRus{napuM;3;eka}	cakRus{napuM;3;eka}	karaNam,8.1	karaNam,17.1#karaNam,8.1#hewuH,20.1#hewuH,17.1#hewuH,8.1#hewuH,5.1#hewuH,3.1	1	6	09	upaniRax	kaTopaniRax	-
8.1	paSyawi	10.1	paSyawi	xqS1{karwari;lat;pra;eka;parasmEpaxI;BvAxiH}	xqS1{karwari;lat;pra;eka;parasmEpaxI;BvAxiH}	-	-	1	6	09	upaniRax	kaTopaniRax	-
9.1	kaScana	6.1	kaScana	kiFcana{sarvanAma;puM;1;eka}	kiFcana{sarvanAma;puM;1;eka}	karwA,8.1	viSeRaNam,17.1#viSeRaNam,15.1#karwA,8.1#karwA,3.1	1	6	09	upaniRax	kaTopaniRax	-
1.1	yaxA	2.1	yaxA	yaxA{avya}	yaxA{avya}	kAlAXikaraNam,3.1	kAlAXikaraNam,3.1	1	6	10	upaniRax	kaTopaniRax	-
10.1	viceRtawi	11.1	viceRtawi	vi_ceRt{karwari;lat;pra;eka;parasmEpaxI;BAxiH}	vi_ceRt{karwari;lat;pra;eka;parasmEpaxI;BAxiH}	-	-	1	6	10	upaniRax	kaTopaniRax	-
11.1	wAm	12.1	wAm	wax{sarvanAma;swrI;2;eka}	wax{sarvanAma;swrI;2;eka}	karma,12.1	viSeRaNam,14.1#viSeRaNam,13.1#muKyakarma,12.1	1	6	10	upaniRax	kaTopaniRax	-
12.1	AhuH	15.1	AhuH	brU1{karwari;lat;pra;bahu;parasmEpaxI;axAxiH}	brU1{karwari;lat;pra;bahu;parasmEpaxI;axAxiH}	-	-	1	6	10	upaniRax	kaTopaniRax	-
13.1	paramAm	13.1	paramAm	paramA{swrI;2;eka}	paramA{swrI;2;eka}	viSeRaNam,14.1	viSeRaNam,14.1#viSeRaNam,11.1#muKyakarma,12.1	1	6	10	upaniRax	kaTopaniRax	-
14.1	gawim	14.1	gawim	gawi{swrI;2;eka}	gawi{swrI;2;eka}	muKyakarma,12.1	muKyakarma,12.1	1	6	10	upaniRax	kaTopaniRax	-
15.1	(waxA)	1.1	.	waxA{avya}	waxA{avya}	sambanXaH,10.1	sambanXaH,10.1	1	6	10	upaniRax	kaTopaniRax	-
2.1	paFca	3.1	paFca	paFcan{saMKyeyam;1;bahu}/paFcan{saMKyeyam;2;bahu}/paFcan{saMKyA;napuM;1;bahu}/paFcan{saMKyA;napuM;2;bahu}	paFcan{saMKyeyam;1;bahu}	viSeRaNam,4.1	viSeRaNam,4.1#sup_samucciwaH,7.1	1	6	10	upaniRax	kaTopaniRax	-
3.1	avawiRTanwe	7.1	avawiRTanwe	-	-	-	-	1	6	10	upaniRax	kaTopaniRax	-
4.1	jFAnAni	4.1	jFAnAni	jFAna{napuM;1;bahu}/jFAna{napuM;2;bahu}/jFAna{napuM;8;bahu}	jFAna{napuM;1;bahu}	karwA,3.1	sup_samucciwaH,7.1	1	6	10	upaniRax	kaTopaniRax	-
5.1	manasA	5.1	manasA	manas{napuM;3;eka}/manasA{swrI;1;eka}	manas{napuM;3;eka}	karaNam,4.1	sup_samucciwaH,7.1#sahArWaH,12.1#hewuH,12.1	1	6	10	upaniRax	kaTopaniRax	-
6.1	saha	6.1	saha	saha{avya}	saha{avya}	sahArWa_xyowakaH,5.1	sahArWa_xyowakaH,5.1#kriyAviSeRaNam,12.1	1	6	10	upaniRax	kaTopaniRax	-
7.1	buxXiH	8.1	buxXiH	buxXi{swrI;1;eka}	buxXi{swrI;1;eka}	karwA,10.1	karwA,12.1	1	6	10	upaniRax	kaTopaniRax	-
8.1	ca	9.1	ca	ca{avya}	ca{avya}	sambanXaH,7.1	sup_samuccaya_xyowakaH,7.1#sambanXaH,7.1	1	6	10	upaniRax	kaTopaniRax	-
9.1	na	10.1	na	na{avya}	na{avya}	prawiReXaH,10.1	prawiReXaH,12.1	1	6	10	upaniRax	kaTopaniRax	-
1.1	wAm	3.1	wAm	wax{sarvanAma;swrI;2;eka}	wax{sarvanAma;swrI;2;eka}	karma,4.1	viSeRaNam,6.2#viSeRaNam,5.1#karma,4.1	1	6	11	upaniRax	kaTopaniRax	-
10.1	yogaH	12.1	yogaH	yoga{puM;1;eka}	yoga{puM;1;eka}	karma,9.1	viSeRaNam,7.1#karwA_be_verbs,9.1	1	6	11	upaniRax	kaTopaniRax	-
11.1	hi	11.1	hi	hi{avya}	hi{avya}	sambanXaH,9.1	sambanXaH,9.1#sambanXaH,4.1	1	6	11	upaniRax	kaTopaniRax	-
12.1	praBava-	13.1	praBava-apyaya	praBava	praBava	iwarewara_xvanxvaH,12.1	karmaXArayaH_1,12.2	1	6	11	upaniRax	kaTopaniRax	-
12.2	apyayO	13.2	--	apyaya{puM;1;xvi}/apyaya{puM;2;xvi}/apyaya{puM;8;xvi}	apyaya{puM;1;xvi}	karmasamAnAXikaraNam,10.1	samboXyaH,9.1#samboXyaH,4.1	1	6	11	upaniRax	kaTopaniRax	-
2.1	yogam	5.1	yogam	yoga{puM;2;eka}	yoga{puM;2;eka}	karmasamAnAXikaraNam,1.1	karmasamAnAXikaraNam,6.2#karmasamAnAXikaraNam,5.1#karmasamAnAXikaraNam,1.1#karma,4.1	1	6	11	upaniRax	kaTopaniRax	-
3.1	iwi	6.1	iwi	iwi{avya}	iwi{avya}	sambanXaH,4.1	-	1	6	11	upaniRax	kaTopaniRax	-
4.1	manyanwe	7.1	manyanwe	man2{karmaNi;lat;pra;bahu;AwmanepaxI;wanAxiH}/man1{karwari;lat;pra;bahu;AwmanepaxI;xivAxiH}	man2{karmaNi;lat;pra;bahu;AwmanepaxI;wanAxiH}	-	-	1	6	11	upaniRax	kaTopaniRax	-
5.1	sWirAm	2.1	sWirAm	sWirA{swrI;2;eka}	sWirA{swrI;2;eka}	viSeRaNam,6.2	viSeRaNam,6.2#viSeRaNam,1.1#karmasamAnAXikaraNam,6.2#karmasamAnAXikaraNam,2.1#karmasamAnAXikaraNam,1.1#karma,4.1	1	6	11	upaniRax	kaTopaniRax	-
6.1	inxriya-	4.1	inxriya-XAraNA	inxriya	inxriya	RaRTI_wawpuruRaH,6.2	bahuvrIhiH,6.2#RaRTI_wawpuruRaH,6.2	1	6	11	upaniRax	kaTopaniRax	-
6.2	XAraNAm	4.2	--	XAraNA{swrI;2;eka}	XAraNA{swrI;2;eka}	karmasamAnAXikaraNam,2.1	viSeRaNam,5.1#karmasamAnAXikaraNam,5.1#karmasamAnAXikaraNam,2.1#karmasamAnAXikaraNam,1.1#karma,4.1	1	6	11	upaniRax	kaTopaniRax	-
7.1	apramawwaH	9.1	apramawwaH	apramawwa{puM;1;eka}	apramawwa{puM;1;eka}	karwA,9.1	karwA_be_verbs,9.1	1	6	11	upaniRax	kaTopaniRax	-
8.1	waxA	8.1	waxA	waxA{avya}	waxA{avya}	kAlAXikaraNam,9.1	kAlAXikaraNam,9.1#kAlAXikaraNam,4.1	1	6	11	upaniRax	kaTopaniRax	-
9.1	Bavawi	10.1	Bavawi	BU1{karwari;lat;pra;eka;parasmEpaxI;BvAxiH}/BavawI{swrI;8;eka}/Bavaw{sarvanAma;puM;7;eka}/Bavaw{puM;7;eka}	BU1{karwari;lat;pra;eka;parasmEpaxI;BvAxiH}	-	-	1	6	11	upaniRax	kaTopaniRax	-
1.1	na	3.1	na	na{avya}	na{avya}	prawiReXaH,3.1	prawiReXaH,16.1#prawiReXaH,10.1	1	6	12	upaniRax	kaTopaniRax	-
10.1	aswi	11.1	aswi	as2{karwari;lat;pra;eka;parasmEpaxI;axAxiH}	as2{karwari;lat;pra;eka;parasmEpaxI;axAxiH}	-	vAkyakarma,12.1	1	6	12	upaniRax	kaTopaniRax	-
11.1	iwi	12.1	iwi	iwi{avya}	iwi{avya}	sambanXaH,10.1	vAkyakarma_xyowakaH,10.1#vAkyakarma_xyowakaH,7.1	1	6	12	upaniRax	kaTopaniRax	-
12.1	bruvawaH	13.1	bruvawaH	bruva{avya;wasil}/bruvaw{puM;2;bahu(brU1;Sawq_lat;X;axAxiH)}/bruvaw{puM;5;eka(brU1;Sawq_lat;X;axAxiH)}/bruvaw{puM;6;eka(brU1;Sawq_lat;X;axAxiH)}/bruvaw{napuM;5;eka(brU1;Sawq_lat;X;axAxiH)}/bruvaw{napuM;6;eka(brU1;Sawq_lat;X;axAxiH)}	bruvaw{puM;5;eka(brU1;Sawq_lat;X;axAxiH)}	karwA,10.1	karma,6.1#RaRTIsambanXaH,9.1#RaRTIsambanXaH,5.1#RaRTIsambanXaH,3.1#wulanA_binxuH,13.1#hewuH5,16.1#hewuH5,10.1#hewuH5,7.1#hewuH5,6.1#apAxAnam,6.1	1	6	12	upaniRax	kaTopaniRax	-
13.1	anyawra	14.1	anyawra	anyawra{avya}	anyawra{avya}	xeSAXikaraNam,10.1	xeSAXikaraNam,16.1#xeSAXikaraNam,10.1#xeSAXikaraNam,7.1#xeSAXikaraNam,6.1	1	6	12	upaniRax	kaTopaniRax	-
14.1	kaWam	15.1	kaWam	kaWam{avya}	kaWam{avya}	kriyAviSeRaNam,16.1	kriyAviSeRaNam,16.1#kriyAviSeRaNam,10.1#kriyAviSeRaNam,7.1#kriyAviSeRaNam,6.1	1	6	12	upaniRax	kaTopaniRax	-
15.1	waw	16.1	waw	wax{sarvanAma;napuM;1;eka}/wax{sarvanAma;napuM;2;eka}	wax{sarvanAma;napuM;1;eka}	karma,16.1	karma,12.1#karma,6.1#karwA_be_verbs,10.1#karma,16.1	1	6	12	upaniRax	kaTopaniRax	-
16.1	upalaByawe	17.1	upalaByawe	upa_laB1{karmaNi;lat;pra;eka;AwmanepaxI;BvAxiH}	upa_laB1{karmaNi;lat;pra;eka;AwmanepaxI;BvAxiH}	-	-	1	6	12	upaniRax	kaTopaniRax	-
2.1	eva	7.1	eva	eva{avya}	eva{avya}	sambanXaH,6.1	sambanXaH,1.1	1	6	12	upaniRax	kaTopaniRax	-
3.1	vAcA	2.1	vAcA	vAc{swrI;3;eka}/vAcA{swrI;1;eka}	vAc{swrI;3;eka}	karaNam,6.1	karwA_be_verbs,10.1#karwA,7.1#karaNam,6.1#hewuH,16.1#hewuH,12.1#hewuH,10.1#hewuH,7.1	1	6	12	upaniRax	kaTopaniRax	-
4.1	na	5.1	na	na{avya}	na{avya}	prawiReXaH,5.1	prawiReXaH,16.1#prawiReXaH,10.1	1	6	12	upaniRax	kaTopaniRax	-
5.1	manasA	4.1	manasA	manas{napuM;3;eka}/manasA{swrI;1;eka}	manas{napuM;3;eka}	karaNam,6.1	karwA_be_verbs,10.1#karwA,7.1#karaNam,6.1#hewuH,16.1#hewuH,12.1#hewuH,10.1#hewuH,7.1#hewuH,6.1	1	6	12	upaniRax	kaTopaniRax	-
6.1	prApwum	9.1	prApwum	pra_Ap1{avya;wumun;svAxiH}	pra_Ap1{avya;wumun;svAxiH}	wumunkarma,7.1	wumunkarma,7.1#prayojanam1,16.1#prayojanam1,12.1	1	6	12	upaniRax	kaTopaniRax	-
7.1	SakyaH	10.1	SakyaH	Sakya{puM;1;eka(Sak3;yaw;X;svAxiH)}	Sakya{puM;1;eka(Sak3;yaw;X;svAxiH)}	-	vAkyakarma,12.1#karwA_be_verbs,10.1	1	6	12	upaniRax	kaTopaniRax	-
8.1	na	8.1	na	na{avya}	na{avya}	prawiReXaH,9.1	prawiReXaH,16.1#prawiReXaH,10.1	1	6	12	upaniRax	kaTopaniRax	-
9.1	cakRuRA	6.1	cakRuRA	cakRus{napuM;3;eka}	cakRus{napuM;3;eka}	karaNam,6.1	karwA,16.1#karwA,7.1#karaNam,6.1#hewuH,16.1#hewuH,12.1#hewuH,10.1#hewuH,7.1#hewuH,6.1	1	6	12	upaniRax	kaTopaniRax	-
1.1	aswi	1.1	aswi	as2{karwari;lat;pra;eka;parasmEpaxI;axAxiH}	as2{karwari;lat;pra;eka;parasmEpaxI;axAxiH}	-	-	1	6	13	upaniRax	kaTopaniRax	-
10.1	eva	10.1	eva	eva{avya}	eva{avya}	sambanXaH,8.1	sambanXaH,9.1	1	6	13	upaniRax	kaTopaniRax	-
11.1	upalabXasya	11.1	upalabXasya	-	-	RaRTIsambanXaH,13.1	-	1	6	13	upaniRax	kaTopaniRax	-
12.1	wawwva-	12.1	wax-BAva	wax{wva}	wax{wva}	RaRTI_wawpuruRaH,12.2	bahuvrIhiH,12.2#RaRTI_wawpuruRaH,12.2	1	6	13	upaniRax	kaTopaniRax	-
12.2	BAvaH	12.2	--	BA1{karwari;lat;u;xvi;parasmEpaxI;axAxiH}/BAva{puM;1;eka(BU1;GaF;X;BvAxiH)}/BAva{puM;1;eka(BU2;GaF;X;curAxiH)}/BAva{puM;1;eka(Buv1;GaF;X;curAxiH)}	BA1{karwari;lat;u;xvi;parasmEpaxI;axAxiH}	karwA,13.1	karwA_be_verbs,8.1#karwA,13.1	1	6	13	upaniRax	kaTopaniRax	-
13.1	prasIxawi	13.1	prasIxawi	pra_Rax1{karwari;lat;pra;eka;parasmEpaxI;BvAxiH}	pra_Rax1{karwari;lat;pra;eka;parasmEpaxI;BvAxiH}	-	samucciwaH,1.1	1	6	13	upaniRax	kaTopaniRax	-
2.1	iwi	2.1	iwi	iwi{avya}	iwi{avya}	sambanXaH,1.1	-	1	6	13	upaniRax	kaTopaniRax	-
3.1	eva	3.1	eva	eva{avya}	eva{avya}	sambanXaH,1.1	sambanXaH,2.1	1	6	13	upaniRax	kaTopaniRax	-
4.1	upalabXavyaH	4.1	upalabXavyaH	upa_labXavya{puM;1;eka(laB1;wavyaw;X;BvAxiH)}	-	-	-	1	6	13	upaniRax	kaTopaniRax	-
5.1	wawwva-	6.1	wax-BAva	wax{wva}	wax{wva}	RaRTI_wawpuruRaH,5.2	bahuvrIhiH,5.2#RaRTI_wawpuruRaH,5.2	1	6	13	upaniRax	kaTopaniRax	-
5.2	BAvena	6.2	--	BAva{puM;3;eka(BU1;GaF;X;BvAxiH)}/BAva{puM;3;eka(BU2;GaF;X;curAxiH)}/BAva{puM;3;eka(Buv1;GaF;X;curAxiH)}/BAva{napuM;3;eka}	BAva{puM;3;eka(BU1;GaF;X;BvAxiH)}	karaNam,4.1	hewuH,13.1#hewuH,12.2#hewuH,8.1	1	6	13	upaniRax	kaTopaniRax	-
6.1	ca	5.1	ca	ca{avya}	ca{avya}	sambanXaH,5.2	samuccaya_xyowakaH,1.1#sambanXaH,5.2	1	6	13	upaniRax	kaTopaniRax	-
7.1	uBayoH	7.1	uBayoH	uBA{sarvanAma;swrI;6;xvi}/uBa{sarvanAma;puM;6;xvi}/uBa{sarvanAma;napuM;6;xvi}/uBA{sarvanAma;swrI;7;xvi}/uBa{sarvanAma;puM;7;xvi}/uBa{sarvanAma;napuM;7;xvi}	uBA{sarvanAma;swrI;6;xvi}	RaRTIsambanXaH,4.1	aXikaraNam,13.1#aXikaraNam,12.2#aXikaraNam,8.1#aXikaraNam,5.2#karwA,12.2#karma,12.2#karma,5.2#RaRTIsambanXaH,12.2#RaRTIsambanXaH,5.2	1	6	13	upaniRax	kaTopaniRax	-
8.1	aswi	8.1	aswi	as2{karwari;lat;pra;eka;parasmEpaxI;axAxiH}	as2{karwari;lat;pra;eka;parasmEpaxI;axAxiH}	-	samucciwaH,1.1	1	6	13	upaniRax	kaTopaniRax	-
9.1	iwi	9.1	iwi	iwi{avya}	iwi{avya}	sambanXaH,8.1	-	1	6	13	upaniRax	kaTopaniRax	-
1.1	yaxA	1.1	yaxA	yaxA{avya}	yaxA{avya}	sanxarBa_binxuH,3.1	kAlAXikaraNam,12.1#kAlAXikaraNam,8.1#kAlAXikaraNam,6.1	1	6	14	upaniRax	kaTopaniRax	-
10.1	marwyaH	10.1	marwyaH	marwya{puM;1;eka}	marwya{puM;1;eka}	karwA,12.1	sup_samucciwaH,14.1#sup_samucciwaH,11.1#sup_samucciwaH,8.1#sup_samucciwaH,4.1#sup_samucciwaH,2.1#karwA_be_verbs,12.1	1	6	14	upaniRax	kaTopaniRax	-
11.1	amqwaH	11.1	amqwaH	amqwa{puM;1;eka}	amqwa{puM;1;eka}	karwqsamAnAXikaraNam,10.1	karwA_be_verbs,12.1	1	6	14	upaniRax	kaTopaniRax	-
12.1	Bavawi	12.1	Bavawi	BU1{karwari;lat;pra;eka;parasmEpaxI;BvAxiH}/BavawI{swrI;8;eka}/Bavaw{sarvanAma;puM;7;eka}/Bavaw{puM;7;eka}	BU1{karwari;lat;pra;eka;parasmEpaxI;BvAxiH}	-	viroXakaH,6.1	1	6	14	upaniRax	kaTopaniRax	-
13.1	awra	13.1	awra	awra{avya}	awra{avya}	xeSAXikaraNam,15.1	xeSAXikaraNam,12.1#xeSAXikaraNam,8.1#xeSAXikaraNam,6.1	1	6	14	upaniRax	kaTopaniRax	-
14.1	brahma	14.1	brahma	brahman{napuM;1;eka}/brahman{napuM;2;eka}/brahma{napuM;8;eka}	brahman{napuM;2;eka}	karma,15.1	karwA_be_verbs,12.1	1	6	14	upaniRax	kaTopaniRax	-
15.1	samaSnuwe	15.1	samaSnuwe	sam_aS1{karwari;lat;pra;eka;AwmanepaxI;svAxiH}	sam_aS1{karwari;lat;pra;eka;AwmanepaxI;svAxiH}	-	-	1	6	14	upaniRax	kaTopaniRax	-
2.1	sarve	6.1	sarve	sarva{sarvanAma;puM;1;bahu}/sarva{sarvanAma;napuM;1;xvi}/sarva{sarvanAma;napuM;2;xvi}/sarvA{sarvanAma;swrI;1;xvi}/sarvA{sarvanAma;swrI;2;xvi}	sarva{sarvanAma;puM;1;bahu}	viSeRaNam,4.1	viSeRaNam,5.1#karma,6.1#viSeRaNam,8.1#viSeRaNam,4.1#karma,8.1	1	6	14	upaniRax	kaTopaniRax	-
3.1	pramucyanwe	8.1	pramucyanwe	pra_muc2{karmaNi;lat;pra;bahu;AwmanepaxI;wuxAxiH}	pra_muc2{karmaNi;lat;pra;bahu;AwmanepaxI;wuxAxiH}	-	-	1	6	14	upaniRax	kaTopaniRax	-
4.1	kAmAH	7.1	kAmAH	kAma{puM;1;bahu}/kAmA{swrI;1;bahu}/kAmA{swrI;2;bahu}/kAma{puM;8;bahu}/kAmA{swrI;8;bahu}	kAma{puM;1;bahu}	karwA,3.1	karma,6.1#karma,8.1	1	6	14	upaniRax	kaTopaniRax	-
5.1	ye	5.1	ye	yax{sarvanAma;puM;1;bahu}/yax{sarvanAma;napuM;1;xvi}/yax{sarvanAma;napuM;2;xvi}/yax{sarvanAma;swrI;1;xvi}/yax{sarvanAma;swrI;2;xvi}	yax{sarvanAma;puM;1;bahu}	viSeRaNam,4.1	viSeRaNam,2.1#karma,6.1#viSeRaNam,8.1#viSeRaNam,4.1#karma,8.1	1	6	14	upaniRax	kaTopaniRax	-
6.1	asya	2.1	asya	ixam{sarvanAma;puM;6;eka}/ixam{sarvanAma;napuM;6;eka}/as3{karwari;lot;ma;eka;parasmEpaxI;xivAxiH}	ixam{sarvanAma;puM;6;eka}	RaRTIsambanXaH,7.1	RaRTIsambanXaH,14.1#RaRTIsambanXaH,12.1#RaRTIsambanXaH,11.1#RaRTIsambanXaH,10.1#RaRTIsambanXaH,7.1#RaRTIsambanXaH,4.1	1	6	14	upaniRax	kaTopaniRax	-
7.1	hqxi	3.1	hqxi	hqx{napuM;7;eka}/hqxaya{napuM;7;eka}	hqx{napuM;7;eka}	aXikaraNam,8.1	aXikaraNam,12.1#aXikaraNam,8.1#aXikaraNam,6.1	1	6	14	upaniRax	kaTopaniRax	-
8.1	SriwAH	4.1	SriwAH	Sriwa{puM;1;bahu(Sri1;kwa;X;BvAxiH)}/SriwA{swrI;1;bahu(Sri1;kwa;X;BvAxiH)}/SriwA{swrI;2;bahu(Sri1;kwa;X;BvAxiH)}	Sriwa{puM;1;bahu(Sri1;kwa;X;BvAxiH)}	viSeRaNam,4.1	viSeRaNam,4.1#karma,6.1#viSeRaNam,5.1#viSeRaNam,2.1	1	6	14	upaniRax	kaTopaniRax	-
9.1	aWa	9.1	aWa	aWa{avya}	aWa{avya}	ananwarakAlaH,15.1	viroXa_xyowakaH,12.1#sup_samuccaya_xyowakaH,14.1#sup_samuccaya_xyowakaH,11.1#sup_samuccaya_xyowakaH,8.1#sup_samuccaya_xyowakaH,4.1#sup_samuccaya_xyowakaH,2.1#sambanXaH,12.1	1	6	14	upaniRax	kaTopaniRax	-
1.1	yaxA	1.1	yaxA	yaxA{avya}	yaxA{avya}	kAlAXikaraNam,3.1	kAlAXikaraNam,13.1#kAlAXikaraNam,10.1#kAlAXikaraNam,3.1	1	6	15	upaniRax	kaTopaniRax	-
10.1	Bavawi	10.1	Bavawi	BU1{karwari;lat;pra;eka;parasmEpaxI;BvAxiH}/BavawI{swrI;8;eka}/Bavaw{sarvanAma;puM;7;eka}/Bavaw{puM;7;eka}	BU1{karwari;lat;pra;eka;parasmEpaxI;BvAxiH}	-	aXikaraNam,13.1#viroXakaH,3.1	1	6	15	upaniRax	kaTopaniRax	-
11.1	ewAvaw	11.1	ewAvaw	ewA{avya;vaw}/ewAvaw{avya}/ewAvaw{napuM;1;eka}/ewAvaw{napuM;2;eka}/ewA{mawup;napuM;1;eka}/ewA{mawup;napuM;2;eka}	ewAvaw{napuM;2;eka}	karma,13.1	viSeRaNam,13.1#karma,13.1#viXeya_viSeRaNam,9.1#viXeya_viSeRaNam,8.1#karwA_be_verbs,10.1#kriyAviSeRaNam,13.1#kriyAviSeRaNam,10.1#kriyAviSeRaNam,3.1	1	6	15	upaniRax	kaTopaniRax	-
12.1	hi	12.1	hi	hi{avya}	hi{avya}	sambanXa,13.1	sambanXaH,10.1#sambanXaH,3.1	1	6	15	upaniRax	kaTopaniRax	-
13.1	anuSAsanam	13.1	anuSAsanam	anuSAsana{napuM;1;eka(anu_SAs1;lyut;X;axAxiH)}/anuSAsana{napuM;2;eka(anu_SAs1;lyut;X;axAxiH)}	anuSAsana{napuM;1;eka(anu_SAs1;lyut;X;axAxiH)}	-	viroXakaH,3.1#viXeya_viSeRaNam,11.1#viXeya_viSeRaNam,9.1#viXeya_viSeRaNam,8.1#karwA_be_verbs,10.1	1	6	15	upaniRax	kaTopaniRax	-
2.1	sarve	4.1	sarve	sarva{sarvanAma;puM;1;bahu}/sarva{sarvanAma;napuM;1;xvi}/sarva{sarvanAma;napuM;2;xvi}/sarvA{sarvanAma;swrI;1;xvi}/sarvA{sarvanAma;swrI;2;xvi}	sarva{sarvanAma;puM;1;bahu}	viSeRaNam,6.1	viSeRaNam,6.1	1	6	15	upaniRax	kaTopaniRax	-
3.1	praBixyanwe	6.1	praBixyanwe	pra_Bix1{karmaNi;lat;pra;bahu;AwmanepaxI;ruXAxiH}	pra_Bix1{karmaNi;lat;pra;bahu;AwmanepaxI;ruXAxiH}	-	-	1	6	15	upaniRax	kaTopaniRax	-
4.1	hqxayasya	3.1	hqxayasya	hqxaya{napuM;6;eka}	hqxaya{napuM;6;eka}	RaRTIsambanXaH,6.1	karwA,13.1#karma,13.1#RaRTIsambanXaH,11.1#RaRTIsambanXaH,10.1#RaRTIsambanXaH,9.1#RaRTIsambanXaH,8.1#RaRTIsambanXaH,6.1	1	6	15	upaniRax	kaTopaniRax	-
5.1	iha	2.1	iha	iha{avya}	iha{avya}	xeSAXikaraNam,3.1	xeSAXikaraNam,13.1#xeSAXikaraNam,10.1#xeSAXikaraNam,3.1	1	6	15	upaniRax	kaTopaniRax	-
6.1	granWayaH	5.1	granWayaH	granWi{puM;1;bahu}/granWi{puM;8;bahu}	granWi{puM;1;bahu}	karwA,3.1	-	1	6	15	upaniRax	kaTopaniRax	-
7.1	aWa	7.1	aWa	aWa{avya}	aWa{avya}	ananwarakAlaH,10.1	viroXa_xyowakaH,13.1#viroXa_xyowakaH,10.1#sup_samuccaya_xyowakaH,13.1#sup_samuccaya_xyowakaH,11.1#sup_samuccaya_xyowakaH,9.1#sup_samuccaya_xyowakaH,6.1#sup_samuccaya_xyowakaH,2.1#sambanXaH,10.1	1	6	15	upaniRax	kaTopaniRax	-
8.1	marwyaH	8.1	marwyaH	marwya{puM;1;eka}	marwya{puM;1;eka}	karwA,10.1	sup_samucciwaH,13.1#sup_samucciwaH,11.1#sup_samucciwaH,9.1#sup_samucciwaH,6.1#sup_samucciwaH,2.1#karwA_be_verbs,10.1	1	6	15	upaniRax	kaTopaniRax	-
9.1	amqwaH	9.1	amqwaH	amqwa{puM;1;eka}	amqwa{puM;1;eka}	karwqsamAnAXikaraNam,8.1	karwA_be_verbs,10.1	1	6	15	upaniRax	kaTopaniRax	-
1.1	Sawam	2,1	Sawam	Sawa{napuM;1;eka}/Sawa{napuM;2;eka}/Sawa{saMKyeyam;napuM;1;eka}/Sawa{saMKyeyam;napuM;2;eka}/Sawa{saMKyA;napuM;1;eka}/Sawa{saMKyA;napuM;2;eka}	Sawa{napuM;1;eka}	sup_samucciwaH,3.1	viSeRaNam,9.1#sup_samucciwaH,3.1	1	6	16	upaniRax	kaTopaniRax	-
10.1	niHsqwA	12.1	niHsqwA	-	-	-	-	1	6	16	upaniRax	kaTopaniRax	-
11.1	ekA	9.1	ekA	ekA{saMKyeyam;swrI;1;eka}	ekA{saMKyeyam;swrI;1;eka}	karwA,16.1	viSeRaNam,3.1#sup_samucciwaH,3.1#sup_samucciwaH,1.1#karwA,16.1	1	6	16	upaniRax	kaTopaniRax	-
12.1	wayA	13.1	wayA	wax{sarvanAma;swrI;3;eka}	wax{sarvanAma;swrI;3;eka}	karaNam,16.1	karaNam,16.1#karaNam,14.1#hewuH,20.1#hewuH,19.1#hewuH,18.1#hewuH,16.1#hewuH,14.1	1	6	16	upaniRax	kaTopaniRax	-
13.1	UrXvam	14.1	UrXvam	UrXvam{avya}	UrXvam{avya}	kriyAviSeRaNam,16.1	-	1	6	16	upaniRax	kaTopaniRax	-
14.1	Ayan	15.1	Ayan	i1{karwari;laf;pra;bahu;parasmEpaxI;axAxiH}/Af_i1{karwari{laf;pra;bahu;parasmEpaxI;axAxiH}/Ayaw{puM;1;eka(Af_i1;Sawq_lat;X;axAxiH)}	i1{karwari;laf;pra;bahu;parasmEpaxI;axAxiH}	samuccayaH,13.1	varwamAnasamAnakAlaH,18.1#varwamAnasamAnakAlaH,16.1#sup_samucciwaH,3.1#sup_samucciwaH,1.1	1	6	16	upaniRax	kaTopaniRax	-
15.1	amqwawvam	16.1	amqwawvam	amqwawva{napuM;2;eka}	amqwawva{napuM;2;eka}	karma,16.1	-	1	6	16	upaniRax	kaTopaniRax	-
16.1	ewi	18.1	ewi	i1{karwari;lat;pra;eka;parasmEpaxI;axAxiH}	i1{karwari;lat;pra;eka;parasmEpaxI;axAxiH}	-	-	1	6	16	upaniRax	kaTopaniRax	-
17.1	viRvaf	19.1	viRvaf	viRvaf{avya}	viRvaf{avya}	kriyAviSeRaNam,20.1	-	1	6	16	upaniRax	kaTopaniRax	-
18.1	anyAH	20.1	anyAH	an1{karwari;ASIrlif;ma;eka;parasmEpaxI;axAxiH}/an1{karwari;viXilif;ma;eka;parasmEpaxI;axAxiH}/anyA{swrI;1;bahu}/anyA{swrI;2;bahu}/anyA{sarvanAma;swrI;1;bahu}/anyA{sarvanAma;swrI;2;bahu}/anyA{swrI;8;bahu}	an1{karwari;ASIrlif;ma;eka;parasmEpaxI;axAxiH}	karwA,20.1	viSeRaNam,6.1#sup_samucciwaH,1.1#karma,19.1#karma,16.1#karma,14.1#viXeya_viSeRaNam,6.1#sup_samucciwaH,3.1#karwA_be_verbs,20.1#karwA,14.1	1	6	16	upaniRax	kaTopaniRax	-
19.1	uwkramaNe	21.1	uwkramaNe	uwkramaNa{napuM;1;xvi(uw_kram1;lyut;X;BvAxiH)}/uwkramaNa{napuM;2;xvi(uw_kram1;lyut;X;BvAxiH)}/uwkramaNa{napuM;7;eka(uw_kram1;lyut;X;BvAxiH)}	uwkramaNa{napuM;1;xvi(uw_kram1;lyut;X;BvAxiH)}	aXikaraNam,20.1	aXikaraNam,20.1#aXikaraNam,18.1#aXikaraNam,16.1#aXikaraNam,14.1#sup_samucciwaH,1.1#karma,16.1#karma,14.1#sup_samucciwaH,3.1	1	6	16	upaniRax	kaTopaniRax	-
2.1	ca	3.1	ca	ca{avya}	ca{avya}	sambanXaH,1.1	sup_samuccaya_xyowakaH,1.1#sambanXaH,1.1	1	6	16	upaniRax	kaTopaniRax	-
20.1	Bavanwi	22.1	Bavanwi	BU1{karwari;lat;pra;bahu;parasmEpaxI;BvAxiH}	BU1{karwari;lat;pra;bahu;parasmEpaxI;BvAxiH}	-	-	1	6	16	upaniRax	kaTopaniRax	-
3.1	ekA	4.1	ekA	ekA{saMKyeyam;swrI;1;eka}	ekA{saMKyeyam;swrI;1;eka}	sup_samucciwaH,1.1	viSeRaNam,11.1#sup_samucciwaH,1.1	1	6	16	upaniRax	kaTopaniRax	-
4.1	ca	5.1	ca	ca{avya}	ca{avya}	sambanXaH,3.1	sup_samuccaya_xyowakaH,3.1#sambanXaH,3.1	1	6	16	upaniRax	kaTopaniRax	-
5.1	hqxayasya	1.1	hqxayasya	hqxaya{napuM;6;eka}	hqxaya{napuM;6;eka}	RaRTIsambanXaH,6.1	karwA,19.1#karma,19.1#RaRTIsambanXaH,11.1#RaRTIsambanXaH,9.1#RaRTIsambanXaH,8.1#RaRTIsambanXaH,6.1#RaRTIsambanXaH,3.1	1	6	16	upaniRax	kaTopaniRax	-
6.1	nAdyaH	6.1	nAdyaH	nAdI{swrI;1;bahu}/nAdI{swrI;8;bahu}	nAdI{swrI;1;bahu}	karwA,10.1	sup_samucciwaH,3.1#sup_samucciwaH,1.1	1	6	16	upaniRax	kaTopaniRax	-
7.1	wAsAm	8.1	wAsAm	wax{sarvanAma;swrI;6;bahu}	wax{sarvanAma;swrI;6;bahu}	RaRTIsambanXaH,11.1	karwA,19.1#karma,19.1#RaRTIsambanXaH,11.1#RaRTIsambanXaH,9.1#RaRTIsambanXaH,8.1#RaRTIsambanXaH,6.1#RaRTIsambanXaH,5.1#RaRTIsambanXaH,3.1	1	6	16	upaniRax	kaTopaniRax	-
8.1	mUrXAnam	10.1	mUrXAnam	mUrXan{puM;2;eka}	mUrXan{puM;2;eka}	gawikarma,10.1	upa_karmapravacanIyaH,9.1#sup_samucciwaH,1.1#karma,14.1	1	6	16	upaniRax	kaTopaniRax	-
9.1	aBi	11.1	aBi	aBI{napuM;1;eka}/aBI{napuM;2;eka}/aBI{puM;8;eka}/aBI{napuM;8;eka}	aBI{napuM;1;eka}	ABimuKyam,8.1	sup_samucciwaH,1.1#karma,16.1#karma,14.1#sup_samucciwaH,3.1#karwA,16.1	1	6	16	upaniRax	kaTopaniRax	-
1.1	afguRTa-	1.1	afguRTamAwraH	afguRTa	afguRTa	RaRTI_wawpuruRaH,1.2	RaRTI_wawpuruRaH,1.2	1	6	17	upaniRax	kaTopaniRax	-
1.2	mAwraH	1.2	-	mAwra{puM;1;eka}	mAwra{puM;1;eka}	viSeRaNam,2.1	viSeRaNam,2.1	1	6	17	upaniRax	kaTopaniRax	-
10.1	svAw	13.1	svAw	sva{puM;5;eka}/sva{napuM;5;eka}	sva{puM;5;eka}	viSeRaNam,11.1	viSeRaNam,11.1#hewuH5,22.1#hewuH5,18.1#hewuH5,12.1#hewuH5,7.1#apAxAnam,22.1#apAxAnam,18.1	1	6	17	upaniRax	kaTopaniRax	-
11.1	SarIrAw	14.1	SarIrAw	SarIra{napuM;5;eka}	SarIra{napuM;5;eka}	apAxAnam,12.1	upamAnam,10.1#hewuH5,22.1#hewuH5,18.1#hewuH5,12.1#hewuH5,7.1#apAxAnam,22.1#apAxAnam,18.1	1	6	17	upaniRax	kaTopaniRax	-
12.1	pravqhew	16.1	pravqhew	pra_vqh3{karwari;viXilif;pra;eka;parasmEpaxI;wuxAxiH}	pra_vqh3{karwari;viXilif;pra;eka;parasmEpaxI;wuxAxiH}	-	vAkyakarma,22.1#vAkyakarma,18.1	1	6	17	upaniRax	kaTopaniRax	-
13.1	muFjAx	9.1	muFjAx	-	apAxAnam,17.1	apAxAnam,18.1	-	1	6	17	upaniRax	kaTopaniRax	-
14.1	iva	11.1	iva	iva{avya}	iva{avya}	sambanXaH,13.1	-	1	6	17	upaniRax	kaTopaniRax	-
15.1	iRIkAm	10.1	iRIkAm	iRIkA{swrI;2;eka}	iRIkA{swrI;2;eka}	karma,18.1	-	1	6	17	upaniRax	kaTopaniRax	-
16.1	XEryeNa	12.1	XEryeNa	XErya{napuM;3;eka}	XErya{napuM;3;eka}	karaNam,18.1	karaNam,22.1#karaNam,18.1#hewuH,22.1#hewuH,18.1#hewuH,12.1#hewuH,7.1	1	6	17	upaniRax	kaTopaniRax	-
17.1	wam	17.1	wam	wax{sarvanAma;puM;2;eka}	wax{sarvanAma;puM;2;eka}	viSeRaNam,15.1	viSeRaNam,24.1#viSeRaNam,21.1#viSeRaNam,20.1#viSeRaNam,9.1#karma,22.1#karma,18.1	1	6	17	upaniRax	kaTopaniRax	-
18.1	vixyAw	20.1	vixyAw	vix1{karwari;ASIrlif;pra;eka;parasmEpaxI;axAxiH}/vix3{karwari;ASIrlif;pra;eka;parasmEpaxI;wuxAxiH}/vix1{karwari;viXilif;pra;eka;parasmEpaxI;axAxiH}	vix1{karwari;ASIrlif;pra;eka;parasmEpaxI;axAxiH}	-	vAkyakarma,22.1#upamAnam,12.1	1	6	17	upaniRax	kaTopaniRax	-
19.1	Sukram	18.1	Sukram	Sukra{napuM;1;eka}/Sukra{napuM;2;eka}	Sukra{napuM;2;eka}	viSeRaNam,21.1	karmasamAnAXikaraNam,24.1#karmasamAnAXikaraNam,23.1#karmasamAnAXikaraNam,21.1#karmasamAnAXikaraNam,20.1#karmasamAnAXikaraNam,17.1#karmasamAnAXikaraNam,9.1#karma,22.1#karma,18.1#karwA,22.1#karwA,18.1#karwA,12.1	1	6	17	upaniRax	kaTopaniRax	-
2.1	puruRaH	3.1	puruRaH	puruRa{puM;1;eka}	puruRa{puM;1;eka}	karwA,8.1	karwA,7.1	1	6	17	upaniRax	kaTopaniRax	-
20.1	amqwam	19.1	amqwam	amqwa{puM;2;eka}/amqwa{napuM;1;eka}/amqwa{napuM;2;eka}	amqwa{puM;2;eka}	viSeRaNam,21.1	karmasamAnAXikaraNam,24.1#karmasamAnAXikaraNam,23.1#karmasamAnAXikaraNam,21.1#karmasamAnAXikaraNam,19.1#karmasamAnAXikaraNam,17.1#karmasamAnAXikaraNam,9.1#karma,22.1#karma,18.1#karwA,22.1#karwA,18.1	1	6	17	upaniRax	kaTopaniRax	-
21.1	wam	21.1	wam	wax{sarvanAma;puM;2;eka}	wax{sarvanAma;puM;2;eka}	karma,22.1	viSeRaNam,24.1#viSeRaNam,20.1#viSeRaNam,17.1#viSeRaNam,9.1#karma,22.1#karma,18.1	1	6	17	upaniRax	kaTopaniRax	-
22.1	vixyAw	14.1	vixyAw	vix1{karwari;ASIrlif;pra;eka;parasmEpaxI;axAxiH}/vix3{karwari;ASIrlif;pra;eka;parasmEpaxI;wuxAxiH}/vix1{karwari;viXilif;pra;eka;parasmEpaxI;axAxiH}	vix1{karwari;ASIrlif;pra;eka;parasmEpaxI;axAxiH}	-	vAkyakarma,18.1	1	6	17	upaniRax	kaTopaniRax	-
23.1	Sukram	22.1	Sukram	Sukra{napuM;1;eka}/Sukra{napuM;2;eka}	Sukra{napuM;2;eka}	vIpsA,19.1	karmasamAnAXikaraNam,24.1#karmasamAnAXikaraNam,21.1#karmasamAnAXikaraNam,20.1#karmasamAnAXikaraNam,19.1#karmasamAnAXikaraNam,17.1#karmasamAnAXikaraNam,9.1#karma,22.1#karma,18.1#karwA,22.1#karwA,18.1	1	6	17	upaniRax	kaTopaniRax	-
24.1	amqwam	23.1	amqwam	amqwa{puM;2;eka}/amqwa{napuM;1;eka}/amqwa{napuM;2;eka}	amqwa{puM;2;eka}	vIpsA,20.1	karmasamAnAXikaraNam,23.1#karmasamAnAXikaraNam,21.1#karmasamAnAXikaraNam,20.1#karmasamAnAXikaraNam,19.1#karmasamAnAXikaraNam,17.1#karmasamAnAXikaraNam,9.1#karma,22.1#karma,18.1#vAkyakarma,22.1#vAkyakarma,18.1#karwA,22.1#karwA,18.1	1	6	17	upaniRax	kaTopaniRax	-
25.1	iwi	25.1	iwi	iwi{avya}	iwi{avya}	vAkya_sambanXaH,24.1	vAkyakarma_xyowakaH,24.1#vAkyakarma_xyowakaH,22.1#vAkyakarma_xyowakaH,18.1#vAkyakarma_xyowakaH,12.1#vAkyakarma_xyowakaH,7.1#sambanXaH,24.1	1	6	17	upaniRax	kaTopaniRax	-
3.1	anwarAwmA	2.1	anwarAwmA	anwarAwman{puM;1;eka}	anwarAwman{puM;1;eka}	viSeRaNam,2.1	viSeRaNam,2.1	1	6	17	upaniRax	kaTopaniRax	-
4.1	saxA	4.1	saxA	saxA{avya}	saxA{avya}	kriyAviSeRaNam,7.1	kAlAXikaraNam,22.1#kAlAXikaraNam,18.1#kAlAXikaraNam,12.1#kAlAXikaraNam,7.1	1	6	17	upaniRax	kaTopaniRax	-
5.1	janAnAm	5.1	janAnAm	jana{puM;6;bahu}	jana{puM;6;bahu}	RaRTIsambanXaH,6.1	RaRTIsambanXaH,24.1#RaRTIsambanXaH,23.1#RaRTIsambanXaH,20.1#RaRTIsambanXaH,19.1#RaRTIsambanXaH,16.1#RaRTIsambanXaH,11.1#RaRTIsambanXaH,6.1#RaRTIsambanXaH,3.1	1	6	17	upaniRax	kaTopaniRax	-
6.1	hqxaye	6.1	hqxaye	hqxaya{napuM;4;eka}/hqxaya{napuM;7;eka}	hqxaya{napuM;4;eka}	aXikaraNam,7.1	aXikaraNam,22.1#aXikaraNam,18.1#aXikaraNam,12.1#aXikaraNam,7.1#prayojanam1,22.1#prayojanam1,18.1#prayojanam1,12.1#prayojanam1,7.1	1	6	17	upaniRax	kaTopaniRax	-
7.1	sanniviRtaH	7.1	sanniviRtaH	sanniviRta{puM;1;eka;sam_ni_viS1;kwa;X;wuxAxiH}	sanniviRta{puM;1;eka;sam_ni_viS1;kwa;X;wuxAxiH}	karwqsamAnAXikaraNam,8.1	viSeRaNam,3.1#viSeRaNam,2.1#vAkyakarma,22.1#vAkyakarma,18.1#karwA,12.1	1	6	17	upaniRax	kaTopaniRax	-
8.1	(aswi)	8.1	-	-	-	-	-	1	6	17	upaniRax	kaTopaniRax	-
9.1	wam	15.1	wam	wax{sarvanAma;puM;2;eka}	wax{sarvanAma;puM;2;eka}	karma,12.1	viSeRaNam,24.1#viSeRaNam,21.1#viSeRaNam,20.1#viSeRaNam,17.1	1	6	17	upaniRax	kaTopaniRax	-
1.1	mqwyu-	3.1	mqwyu-prokwA	mqwyu	mqwyu	wqwIyA-wawpuruRaH,1.2	bahuvrIhiH,1.2#RaRTI_wawpuruRaH,1.2	1	6	18	upaniRax	kaTopaniRax	-
1.2	prokwAm	3.1	--	prokwA{swrI;2;eka}	prokwA{swrI;2;eka}	viSeRaNam,5.1	viSeRaNam,5.1#sup_samucciwaH,7.2#karmasamAnAXikaraNam,#karmasamAnAXikaraNam,11.1#karmasamAnAXikaraNam,9.1#karmasamAnAXikaraNam,7.2#karmasamAnAXikaraNam,6.1#karma,5.1#karma,4.1	1	6	18	upaniRax	kaTopaniRax	-
10.1	brahma-	12.1	brahmaprApwaH	brahma}/brahman	brahma}/brahman	xviwIyA_wawpuruRaH,10.2	xviwIyA_wawpuruRaH,10.2	1	6	18	upaniRax	kaTopaniRax	-
10.2	prApwaH	12.2	-	prApwa{puM;1;eka(pra_Ap1;kwa;X;svAxiH)}	prApwa{puM;1;eka(pra_Ap1;kwa;X;svAxiH)}	karwqsamAnAXikaraNam,12.1	karwqsamAnAXikaraNam,12.1	1	6	18	upaniRax	kaTopaniRax	-
11.1	virajaH	10.1	virajaH	viraja{puM;1;eka}/virajas{napuM;1;eka}/virajas{napuM;2;eka}/virajas{puM;8;eka}/virajas{napuM;8;eka}/virajas{swrI;8;eka}	viraja{puM;1;eka}	sup_samucciwaH,10.2	sup_samucciwaH,7.2#karmasamAnAXikaraNam,#karmasamAnAXikaraNam,9.1#karmasamAnAXikaraNam,7.2#karmasamAnAXikaraNam,6.1#karma,5.1#karma,4.1#karwA_be_verbs,12.1	1	6	18	upaniRax	kaTopaniRax	-
12.1	aBUw	13.1	aBUw	BU1{karwari;luf;pra;eka;parasmEpaxI;BvAxiH}	BU1{karwari;luf;pra;eka;parasmEpaxI;BvAxiH}	-	-	1	6	18	upaniRax	kaTopaniRax	-
13.1	vimqwyuH	11.1	vimqwyuH	vimqwyu{puM;1;eka}	vimqwyu{puM;1;eka}	sup_samucciwaH,10.2	sup_samucciwaH,10.2	1	6	18	upaniRax	kaTopaniRax	-
14.1	anyaH	14.1	anyaH	anya{sarvanAma;puM;1;eka}	anya{sarvanAma;puM;1;eka}	viSeRaNam,18.1	viXeya_viSeRaNam,11.1#viXeya_viSeRaNam,9.1#viSeRaNam,17.1#karwA_be_verbs,12.1	1	6	18	upaniRax	kaTopaniRax	-
15.1	api	15.1	api	api{avya}	api{avya}	sambanXaH,14.1	sambanXaH,14.1	1	6	18	upaniRax	kaTopaniRax	-
16.1	evam	19.1	evam	evam{avya}	evam{avya}	vAkyakarma_xyowakaH,15.1	vAkyakarma_xyowakaH,12.1#vAkyakarma_xyowakaH,6.1#kriyAviSeRaNam,12.1#kriyAviSeRaNam,6.1#kriyAviSeRaNam,5.1#kriyAviSeRaNam,4.1	1	6	18	upaniRax	kaTopaniRax	-
17.1	yaH	16.1	yaH	yax{sarvanAma;puM;1;eka}	yax{sarvanAma;puM;1;eka}	viSeRaNam,18.1	viSeRaNam,14.1#viSeRaNam,11.1#karwA_be_verbs,12.1	1	6	18	upaniRax	kaTopaniRax	-
18.1	viw	20.1	viw-aXyAwma	vix{puM;1;eka}/vix{napuM;8;eka}	vix{puM;1;eka}/vix{napuM;8;eka}	karwqsamAnAXikaraNam,12.1	bahuvrIhiH,#RaRTI_wawpuruRaH,	1	6	18	upaniRax	kaTopaniRax	-
19.1	AXyAwmam	17.1	-	AXyAwma{napuM;2;eka}	AXyAwma{napuM;2;eka}	karma,12.1	karma,12.1	1	6	18	upaniRax	kaTopaniRax	-
2.1	nacikewaH	2.1	nacikewaH	nacikewas{puM;1;eka}	nacikewas{puM;1;eka}	karwA,12.1	karwA,12.1	1	6	18	upaniRax	kaTopaniRax	-
20.1	eva	18.1	eva	eva{avya}	eva{avya}	sambanXaH,19.1	sambanXaH,19.1	1	6	18	upaniRax	kaTopaniRax	-
3.1	aWa	1.1	aWa	aWa{avya}	aWa{avya}	sambanXaH,2.1	sambanXaH,12.1#sambanXaH,6.1#sambanXaH,5.1	1	6	18	upaniRax	kaTopaniRax	-
4.1	labXvA	9.1	labXvA	laB1{avya;kwvA;BvAxiH}	laB1{avya;kwvA;BvAxiH}	pUrvakAlaH,12.1	pUrvakAlaH,6.1#pUrvakAlaH,5.1	1	6	18	upaniRax	kaTopaniRax	-
5.1	vixyAm	5.1	vixyAm	vix1{karwari;viXilif;u;eka;parasmEpaxI;axAxiH}/vixyA{swrI;2;eka}	vixyA{swrI;2;eka}	karma,4.1	sup_samucciwaH,7.2#karma,4.1	1	6	18	upaniRax	kaTopaniRax	-
6.1	ewAm	4.1	ewAm	ewax{sarvanAma;swrI;2;eka}/Af_i1{karwari{lot;pra;xvi;parasmEpaxI;axAxiH}	ewax{sarvanAma;swrI;2;eka}	viSeRaNam,5.1	vAkyakarma,5.1#viSeRaNam,5.1#viSeRaNam,1.2#sup_samucciwaH,7.2#karma,4.1	1	6	18	upaniRax	kaTopaniRax	-
7.1	yoga-	8.1	yoga-viXi	yoga	yoga	RaRTI_wawpuruRaH,7.2	karmaXArayaH_6,7.2	1	6	18	upaniRax	kaTopaniRax	-
7.2	viXim	8.2	--	viXi{puM;2;eka}	viXi{puM;2;eka}	karmasamAnAXikaraNam,4.1	viSeRaNam,#viSeRaNam,9.1#karmasamAnAXikaraNam,#karmasamAnAXikaraNam,11.1#karmasamAnAXikaraNam,9.1#karmasamAnAXikaraNam,6.1#karma,5.1#karma,4.1	1	6	18	upaniRax	kaTopaniRax	-
8.1	ca	6.1	ca	ca{avya}	ca{avya}	sambanXaH,9.1	sup_samuccaya_xyowakaH,7.2#sambanXaH,7.2	1	6	18	upaniRax	kaTopaniRax	-
9.1	kqwsnam	7.1	kqwsnam	kqwsna{puM;2;eka}/kqwsna{napuM;1;eka}/kqwsna{napuM;2;eka}	kqwsna{puM;2;eka}	viSeRaNam,7.2	viSeRaNam,#viSeRaNam,11.1#sup_samucciwaH,7.2#karmasamAnAXikaraNam,#karmasamAnAXikaraNam,11.1#karmasamAnAXikaraNam,7.2#karmasamAnAXikaraNam,6.1#karma,5.1#karma,4.1#karwA_be_verbs,12.1#viSeRaNam,7.2	1	6	18	upaniRax	kaTopaniRax	-
1.1	saha	2.1	saha	saha{avya}	saha{avya}	kriyAviSeRaNam,3.1	kriyAviSeRaNam,13.1#kriyAviSeRaNam,12.1#kriyAviSeRaNam,9.1#kriyAviSeRaNam,8.1#kriyAviSeRaNam,6.1#kriyAviSeRaNam,3.1	1	6	19	upaniRax	kaTopaniRax	-
10.1	wejasvi	12.1	wejasvi	wejasvin{napuM;1;eka}/wejasvin{napuM;2;eka}	wejasvin{napuM;1;eka}	karwA,13.1	karma,9.1#karma,6.1#karma,3.1#karwA_be_verbs,13.1#karwA,6.1#karwA,3.1#karma,12.1#karma,8.1	1	6	19	upaniRax	kaTopaniRax	-
11.1	nO	13.1	nO	asmax{sarvanAma;2;xvi}/asmax{sarvanAma;6;xvi}/asmax{sarvanAma;4;xvi}	asmax{sarvanAma;6;xvi}	RaRTIsambanXaH,13.1	prayojanam1,13.1#prayojanam1,12.1#prayojanam1,9.1#prayojanam1,8.1#prayojanam1,6.1#prayojanam1,3.1#RaRTIsambanXaH,10.1#RaRTIsambanXaH,8.1#karma,9.1#karma,6.1	1	6	19	upaniRax	kaTopaniRax	-
12.1	aXIwam	14.1	aXIwam	aXIwa{puM;2;eka(aXi_i2;kwa;X;axAxiH)}/aXIwa{napuM;1;eka(aXi_i2;kwa;X;axAxiH)}/aXIwa{napuM;2;eka(aXi_i2;kwa;X;axAxiH)}/aXIwa{puM;2;eka(aXi_i4;kwa;X;axAxiH)}/aXIwa{napuM;1;eka(aXi_i4;kwa;X;axAxiH)}/aXIwa{napuM;2;eka(aXi_i4;kwa;X;axAxiH)}	aXIwa{napuM;2;eka(aXi_i2;kwa;X;axAxiH)}	karma,13.1	viSeRaNam,10.1#viSeRaNam,8.1#karma,9.1#karma,6.1#viXeya_viSeRaNam,10.1#viXeya_viSeRaNam,8.1#karwA_be_verbs,13.1#karwA,6.1#karma,8.1	1	6	19	upaniRax	kaTopaniRax	-
13.1	aswu	15.1	aswu	aswu{avya}/as2{karwari;lot;pra;eka;parasmEpaxI;axAxiH}	as2{karwari;lot;pra;eka;parasmEpaxI;axAxiH}	-	-	1	6	19	upaniRax	kaTopaniRax	-
14.1	mA	16.1	mA	mA{avya}	mA{avya}	prawiReXaH,15.1	prawiReXaH,13.1#prawiReXaH,9.1#prawiReXaH,6.1#prawiReXaH,3.1	1	6	19	upaniRax	kaTopaniRax	-
15.1	vixviRAvahE	17.1	vixviRAvahE	vi_xviR{karwari;lot;u;xvi;AwmanepaxI;axAxiH}	vi_xviR{karwari;lot;u;xvi;AwmanepaxI;axAxiH}	-	-	1	6	19	upaniRax	kaTopaniRax	-
2.1	nO	3.1	nO	asmax{sarvanAma;2;xvi}/asmax{sarvanAma;6;xvi}/asmax{sarvanAma;4;xvi}	asmax{sarvanAma;6;xvi}	RaRTIsambanXaH,3.1	prayojanam1,13.1#prayojanam1,12.1#prayojanam1,9.1#prayojanam1,8.1#prayojanam1,6.1#prayojanam1,3.1#karwA,8.1#karma,8.1#RaRTIsambanXaH,10.1#RaRTIsambanXaH,8.1#karma,9.1#karma,6.1#karma,3.1	1	6	19	upaniRax	kaTopaniRax	-
3.1	avawu	4.1	avawu	av1{karwari;lot;pra;eka;parasmEpaxI;BvAxiH}	av1{karwari;lot;pra;eka;parasmEpaxI;BvAxiH}	-	-	1	6	19	upaniRax	kaTopaniRax	-
4.1	saha	5.1	saha	saha{avya}	saha{avya}	kriyAviSeRaNam,6.1	kriyAviSeRaNam,13.1#kriyAviSeRaNam,12.1#kriyAviSeRaNam,9.1#kriyAviSeRaNam,8.1#kriyAviSeRaNam,6.1#kriyAviSeRaNam,3.1	1	6	19	upaniRax	kaTopaniRax	-
5.1	nO	6.1	nO	asmax{sarvanAma;2;xvi}/asmax{sarvanAma;6;xvi}/asmax{sarvanAma;4;xvi}	asmax{sarvanAma;6;xvi}	RaRTIsambanXaH,6.1	prayojanam1,13.1#prayojanam1,12.1#prayojanam1,9.1#prayojanam1,8.1#prayojanam1,6.1#prayojanam1,3.1#karwA,8.1#karma,8.1#RaRTIsambanXaH,10.1#RaRTIsambanXaH,8.1#karma,9.1#karma,6.1#karma,3.1	1	6	19	upaniRax	kaTopaniRax	-
6.1	Bunakwu	7.1	Bunakwu	Buj2{karwari;lot;pra;eka;parasmEpaxI;ruXAxiH}	Buj2{karwari;lot;pra;eka;parasmEpaxI;ruXAxiH}	-	-	1	6	19	upaniRax	kaTopaniRax	-
7.1	saha	8.1	saha	saha{avya}	saha{avya}	kriyAviSeRaNam,9.1	kriyAviSeRaNam,13.1#kriyAviSeRaNam,12.1#kriyAviSeRaNam,9.1#kriyAviSeRaNam,8.1#kriyAviSeRaNam,6.1#kriyAviSeRaNam,3.1	1	6	19	upaniRax	kaTopaniRax	-
8.1	vIryam	9.1	vIryam	vIrya{napuM;1;eka}/vIrya{napuM;2;eka}/vIrya{puM;2;eka(vIra1;yaw;X;curAxiH)}/vIrya{napuM;1;eka(vIra1;yaw;X;curAxiH)}/vIrya{napuM;2;eka(vIra1;yaw;X;curAxiH)}	vIrya{napuM;1;eka}	karwA,9.1	viSeRaNam,12.1#viSeRaNam,10.1#karma,9.1#karma,6.1#karma,3.1#karwA_be_verbs,13.1#karwA,6.1#karwA,3.1#karma,12.1	1	6	19	upaniRax	kaTopaniRax	-
9.1	karavAvahE	10.1	karavAvahE	kq3{karwari;lot;u;xvi;AwmanepaxI;wanAxiH}	kq3{karwari;lot;u;xvi;AwmanepaxI;wanAxiH}	-	-	1	6	19	upaniRax	kaTopaniRax	-
