anvaya_no	word	poem	sandhied_word	morph_analysis	morph_in_context	kaaraka_sambandha	possible_relations	sentno	chaptno	slokano	book	part1	part2
1.1	ApyAyanwu	13.1	ApyAyanwu	Api_i{karwari;lot;pra;bahu;parasmEpaxI;axAxiH}	Api_i{karwari;lot;pra;bahu;parasmEpaxI;axAxiH}	aBihiwa_karwA,3.1	-#aBihiwa_karwA,3.1	1	1	00	upaniRax	kenopaniRaw	-
10.1	balam	9.1	balam	bala{napuM;1;eka}/bala{napuM;2;eka}	bala{napuM;1;eka}	sup_samucciwaH,4.1	sup_samucciwaH,4.1#sup_samucciwaH,11.1#karma,3.1#Bkarma,33.1	1	1	00	upaniRax	kenopaniRaw	-
11.1	inxriyANi	11.1	inxriyANi	inxriya{napuM;1;bahu}/inxriya{napuM;2;bahu}/inxriya{napuM;8;bahu}	inxriya{napuM;1;bahu}	sup_samucciwaH,3.1	sup_samucciwaH,3.1#samboXyaH,#samboXyaH,40.1#samboXyaH,30.1#samboXyaH,27.1#samboXyaH,25.1#samboXyaH,21.1#aBexaH,3.1#aBexaH,13.1#Bkarma,33.1#viXeya_viSeRaNam,3.1#sup_samucciwaH,3.1	1	1	00	upaniRax	kenopaniRaw	-
12.1	ca	12.1	ca	ca{avya}	ca{avya}	samuccaya_xyowakaH,3.1	samuccya_xyowakaH,3.1#sup_samuccaya_xyowakaH,11.1#sambanXaH,11.1#samuccya_xyowakaH,3.1#samuccyaxyowakaH,3.1#samuccaya_xyowakaH,3.1	1	1	00	upaniRax	kenopaniRaw	-
13.1	sarvANi	10.1	sarvANi	sarva{sarvanAma;napuM;1;bahu}/sarva{sarvanAma;napuM;2;bahu}/sarvANI{swrI;8;eka}	sarva{sarvanAma;napuM;1;bahu}	viSeRaNam,11.1	viSeRaNam,11.1#viSeRaNam,3.1#sup_samucciwaH,11.1#Bkarma,33.1	1	1	00	upaniRax	kenopaniRaw	-
2.1	mama	1.1	mama	asmax{sarvanAma;6;eka}	asmax{sarvanAma;6;eka}	RaRTIsambanXaH,3.1	RaRTIsambanXaH,3.1#viSeRaNam,#viSeRaNam,38.1#RaRTIsambanXaH,36.1#RaRTIsambanXaH,33.1#RaRTIsambanXaH,32.1#RaRTIsambanXaH,24.1#RaRTIsambanXaH,20.1#RaRTIsambanXaH,#RaRTIsambanXaH,13.1#RaRTIsambanXaH,11.1#RaRTIsambanXaH,10.1#RaRTIsambanXaH,7.1#RaRTIsambanXaH,6.1#RaRTIsambanXaH,5.1#RaRTIsambanXaH,4.1#BkarwA,33.1	1	1	00	upaniRax	kenopaniRaw	-
3.1	afgAni	2.1	afgAni	afga{napuM;1;bahu}/afga{napuM;2;bahu}/ag2{karwari;lot;u;eka;parasmEpaxI;BvAxiH}/afga{napuM;8;bahu}	afga{napuM;1;bahu}	karwA,1.1	karwA,1.1#sup_samucciwaH,11.1#Bkarma,33.1	1	1	00	upaniRax	kenopaniRaw	-
4.1	vAk	3.1	vAk	vAc{swrI;1;eka}/vAc{swrI;8;eka}	vAc{swrI;1;eka}	sup_samucciwaH,3.1	sup_samucciwaH,11.1#sup_samucciwaH,3.1	1	1	00	upaniRax	kenopaniRaw	-
5.1	prANaH	4.1	prANaH	prANa{puM;1;eka}	prANa{puM;1;eka}	sup_samucciwaH,4.1	sup_samucciwaH,11.1#sup_samucciwaH,4.1	1	1	00	upaniRax	kenopaniRaw	-
6.1	cakRuH	5.1	cakRuH	cakRus{napuM;1;eka}/cakRus{napuM;2;eka}/cakRus{napuM;8;eka}	cakRus{napuM;1;eka}	sup_samucciwaH,4.1	sup_samucciwaH,4.1#sup_samucciwaH,11.1#karma,3.1#Bkarma,33.1	1	1	00	upaniRax	kenopaniRaw	-
7.1	Srowram	6.1	Srowram	Srowra{napuM;1;eka}/Srowra{napuM;2;eka}	Srowra{napuM;1;eka}	sup_samucciwaH,4.1	sup_samucciwaH,4.1#sup_samucciwaH,11.1#karma,3.1#Bkarma,33.1	1	1	00	upaniRax	kenopaniRaw	-
8.1	aWa	7.1	aWa	aWa{avya}	aWa{avya}	samuccaya_xyowakaH,3.1	samuccya_xyowakaH,3.1#viroXa_xyowakaH,#viroXa_xyowakaH,40.1#viroXa_xyowakaH,33.1#viroXa_xyowakaH,30.1#viroXa_xyowakaH,27.1#viroXa_xyowakaH,25.1#viroXa_xyowakaH,21.1#sambanXaH,#sambanXaH,40.1#sambanXaH,30.1#sambanXaH,27.1#sambanXaH,25.1#sambanXaH,21.1#samuccya_xyowakaH,3.1#samuccyaxyowakaH,3.1#samuccaya_xyowakaH,3.1	1	1	00	upaniRax	kenopaniRaw	-
9.1	u	8.1	u	u{avya}	u{avya}	sambanXaH,8.1	sambanXaH,8.1	1	1	00	upaniRax	kenopaniRaw	-
14.1	sarvam	14.1	sarvam	sarva{sarvanAma;puM;2;eka}/sarva{sarvanAma;napuM;1;eka}/sarva{sarvanAma;napuM;2;eka}	sarva{sarvanAma;napuM;1;eka}	karwA,17.1	viSeRaNam,31.1#viSeRaNam,24.1#viSeRaNam,20.1#viSeRaNam,10.1#viSeRaNam,7.1#viSeRaNam,6.1#sup_samucciwaH,11.1#Bkarma,33.1#viSeRaNam,19.1#karwA,17.1	2	1	00	upaniRax	kenopaniRaw	-
15.1	brahma	16.1	brahma-upaniRax	brahman{napuM;1;eka}/brahman{napuM;2;eka}/brahman{napuM;8;eka}/brahman{puM;1;eka}	brahman{napuM;1;eka}	viXeya_viSeRaNam,14.1	bahuvrIhiH,#RaRTI_wawpuruRaH,#viXeya_viSeRaNam,14.1	2	1	00	upaniRax	kenopaniRaw	-
16.1	OpaniRaxam	15.1	-	OpaniRaxa{napuM;1;eka}/OpaniRaxa{napuM;2;eka}/OpaniRaxa{puM;2;eka}	OpaniRaxa{napuM;1;eka}	viSeRaNam,15.1	-#viSeRaNam,15.1	2	1	00	upaniRax	kenopaniRaw	-
17.1	(aswi)	17.1	-	as2{karwari;lat;pra;e;parasmEpaxI;axAxiH}	as2{karwari;lat;pra;e;parasmEpaxI;axAxiH}	aBihiwa_karwA,14.1	-#aBihiwa_karwA,14.1	2	1	00	upaniRax	kenopaniRaw	-
18.1	mA	20.1	mA	mA{avya}	mA{avya}	prawiReXaH,21.1	prawiReXaH,#prawiReXaH,40.1#prawiReXaH,30.1#prawiReXaH,27.1#prawiReXaH,21.1	3	1	00	upaniRax	kenopaniRaw	-
19.1	ahaM	18.1	ahaM	asmax{sarvanAma;1;eka}	asmax{sarvanAma;1;eka}	karwA,21.1	sup_samucciwaH,11.1#karwA,21.1	3	1	00	upaniRax	kenopaniRaw	-
20.1	brahma	19.1	brahma	brahman{napuM;1;eka}/brahman{napuM;2;eka}/brahma{napuM;8;eka}	brahman{napuM;2;eka}	karma,21.1	karma,21.1#sup_samucciwaH,11.1#Bkarma,33.1#karwA_be_verbs,27.1#karwA,25.1	3	1	00	upaniRax	kenopaniRaw	-
21.1	nirAkuryAm	21.1	nirAkuryAm	nir_Af_kq3{karwari;viXilif;u;eka;parasmEpaxI;wanAxiH}	nir_Af_kq3{karwari;viXilif;u;eka;parasmEpaxI;wanAxiH}	aBihiwa_karwA,19.1	viroXakaH,3.1#aBihiwa_karwA,19.1	3	1	00	upaniRax	kenopaniRaw	-
22.1	mA	23.1	mA	asmax{sarva;a;2;eka}	asmax{sarva;a;2;eka}	karma,25.1	vIpsA,23.1#prawiReXaH,#prawiReXaH,40.1#prawiReXaH,30.1#prawiReXaH,27.1#prawiReXaH,21.1#karma,25.1	4	1	00	upaniRax	kenopaniRaw	-
23.1	mA	24.1	mA	mA{avya}	mA{avya}	prawiReXaH,25.1	prawiReXaH,25.1#prawiReXaH,#prawiReXaH,40.1#prawiReXaH,30.1#prawiReXaH,27.1#prawiReXaH,21.1	4	1	00	upaniRax	kenopaniRaw	-
24.1	brahma	22.1	brahma	brahman{napuM;1;eka}/brahman{napuM;2;eka}/brahma{napuM;8;eka}	brahman{napuM;1;eka}	karwA,25.1	sup_samucciwaH,11.1#Bkarma,33.1#karwA_be_verbs,30.1#karwA_be_verbs,27.1#karwA,25.1	4	1	00	upaniRax	kenopaniRaw	-
25.1	nirAkarow	25.1	nirAkarow	nir_Af_kq3{karwari;laf;pra;eka;parasmEpaxI;wanAxiH}	nir_Af_kq3{karwari;laf;pra;eka;parasmEpaxI;wanAxiH}	aBihiwa_karwA,24.1	-#aBihiwa_karwA,24.1	4	1	00	upaniRax	kenopaniRaw	-
26.1	anirAkaraNam	26.1	anirAkaraNam	anirAkaraNa{napuM;1;eka}	anirAkaraNa{napuM;1;eka}	karwA,27.1	karwA,27.1	5	1	00	upaniRax	kenopaniRaw	-
27.1	aswu	27.1	aswu	as2{karwari;lot;pra;eka;parasmEpaxI;axAxiH}	as2{karwari;lot;pra;eka;parasmEpaxI;axAxiH}	aBihiwa_karwA,26.1	-#aBihiwa_karwA,26.1	5	1	00	upaniRax	kenopaniRaw	-
28.1	anirAkaraNam	29.1	anirAkaraNam	anirAkaraNa{napuM;1;eka}	anirAkaraNa{napuM;1;eka}	karwA,30.1	karwA,30.1	6	1	00	upaniRax	kenopaniRaw	-
29.1	me	28.1	me	asmax{sarvanAma;6;eka}/asmax{sarvanAma;4;eka}	asmax{sarvanAma;6;eka}	RaRTIsambanXaH,28.1	viSeRaNam,#viSeRaNam,38.1#prayojanam1,#prayojanam1,40.1#prayojanam1,33.1#prayojanam1,30.1#prayojanam1,27.1#prayojanam1,25.1#prayojanam1,21.1#RaRTIsambanXaH,36.1#RaRTIsambanXaH,33.1#RaRTIsambanXaH,32.1#RaRTIsambanXaH,24.1#RaRTIsambanXaH,20.1#RaRTIsambanXaH,#RaRTIsambanXaH,13.1#RaRTIsambanXaH,11.1#RaRTIsambanXaH,10.1#RaRTIsambanXaH,7.1#RaRTIsambanXaH,6.1#RaRTIsambanXaH,5.1#RaRTIsambanXaH,4.1#BkarwA,33.1#RaRTIsambanXaH,28.1	6	1	00	upaniRax	kenopaniRaw	-
30.1	aswu	30.1	aswu	as2{karwari;lot;pra;eka;parasmEpaxI;axAxiH}	as2{karwari;lot;pra;eka;parasmEpaxI;axAxiH}	aBihiwa_karwA,28.1	-#aBihiwa_karwA,28.1	6	1	00	upaniRax	kenopaniRaw	-
31.1	waw	36.1	waw	wax{sarvanAma;napuM;1;eka}/wax{sarvanAma;napuM;2;eka}	wax{sarvanAma;napuM;1;eka}	karwA,32.1	karwA,32.1#viSeRaNam,24.1#viSeRaNam,20.1#viSeRaNam,14.1#viSeRaNam,10.1#viSeRaNam,7.1#viSeRaNam,6.1#Bkarma,33.1#viSeRaNam,19.1#karwA_be_verbs,30.1#karwA_be_verbs,27.1#karwA,25.1	7	1	00	upaniRax	kenopaniRaw	-
32.1	Awmani	37.1	Awmani	Awman{puM;7;eka}	Awman{puM;7;eka}	aXikaraNam,33.1	aXikaraNam,33.1#viSeRaNam,#viSeRaNam,39.1#viSeRaNam,33.1#aXikaraNam,#aXikaraNam,40.1#aXikaraNam,33.1#aXikaraNam,30.1#aXikaraNam,27.1#aXikaraNam,25.1#aXikaraNam,21.1#BkarwA,33.1	7	1	00	upaniRax	kenopaniRaw	-
33.1	nirawe	38.1	nirawe	nirawi{swrI;8;eka}/nirawa{puM;7;eka(ni_ram1;kwa;X;BvAxiH)}/nirawa{napuM;7;eka(ni_ram1;kwa;X;BvAxiH)}/nirawa{puM;7;eka	nirawa{puM;7;eka}	viSeRaNam,39.1	viSeRaNam,39.1#viroXakaH,3.1#viSeRaNam,#viSeRaNam,39.1#viSeRaNam,32.1#BAvalakRaNasapwamI_pUrvakAlaH,#BAvalakRaNasapwamI_pUrvakAlaH,40.1#BAvalakRaNasapwamI_pUrvakAlaH,30.1#BAvalakRaNasapwamI_pUrvakAlaH,27.1#BAvalakRaNasapwamI_pUrvakAlaH,25.1#BAvalakRaNasapwamI_pUrvakAlaH,21.1	7	1	00	upaniRax	kenopaniRaw	-
34.1	ye	32.1	yaH	yax{sarvanAma;puM;1;eka}	yax{sarvanAma;puM;1;eka}	viSeRaNam,36.1	viSeRaNam,36.1#viXeya_viSeRaNam,31.1#viSeRaNam,19.1#viSeRaNam,5.1#karwA_be_verbs,30.1#karwA_be_verbs,27.1#viSeRaNam,36.1	7	1	00	upaniRax	kenopaniRaw	-
35.1	upaniRawsu	31.1	upaniRawsu	upaniRaw{swrI;7;bahu}	upaniRaw{swrI;7;bahu}	aXikaraNam,37.1	aXikaraNam,37.1#aXikaraNam,36.1#aXikaraNam,37.1	7	1	00	upaniRax	kenopaniRaw	-
36.1	XarmAH	33.1	XarmAH	Xarma{puM;1;bahu}/Xarma{puM;8;bahu}	Xarma{puM;1;bahu}	karwA,37.1	karwA,37.1#sup_samucciwaH,11.1#karwA_be_verbs,#karwA_be_verbs,40.1#karwA,37.1	7	1	00	upaniRax	kenopaniRaw	-
37.1	(sanwi)	34.1	-	as{karwari;lat;pra;bahu;parasmEpaxI;axAxiH}	as{karwari;lat;pra;bahu;parasmEpaxI;axAxiH}	vAkyakarma,40.1	vAkyakarma,40.1#aBihiwa_karwA,36.1#vAkyakarma,40.1	7	1	00	upaniRax	kenopaniRaw	-
38.1	we	35.1	we	wax{sarvanAma;puM;1;bahu}/wax{sarvanAma;napuM;1;xvi}/wax{sarvanAma;napuM;2;xvi}/wax{sarvanAma;swrI;1;xvi}/wax{sarvanAma;swrI;2;xvi}/yuRmax{sarvanAma;6;eka}/yuRmax{sarvanAma;4;eka}	wax{sarvanAma;puM;1;bahu}	karwA,40.1	karwA,40.1#viSeRaNam,#prayojanam1,#prayojanam1,40.1#prayojanam1,33.1#prayojanam1,30.1#prayojanam1,27.1#prayojanam1,25.1#prayojanam1,21.1#RaRTIsambanXaH,36.1#RaRTIsambanXaH,33.1#RaRTIsambanXaH,32.1#RaRTIsambanXaH,24.1#RaRTIsambanXaH,20.1#RaRTIsambanXaH,#RaRTIsambanXaH,13.1#RaRTIsambanXaH,11.1#RaRTIsambanXaH,10.1#RaRTIsambanXaH,7.1#RaRTIsambanXaH,6.1#RaRTIsambanXaH,5.1#RaRTIsambanXaH,4.1#viSeRaNam,36.1#karwA_be_verbs,#karwA_be_verbs,40.1#karwA,40.1	7	1	00	upaniRax	kenopaniRaw	-
39.1	mayi	39.1	mayi	asmax{sarvanAma;7;eka}	asmax{sarvanAma;7;eka}	aXikaraNam,40.1	aXikaraNam,40.1#xeSAXikaraNam,#xeSAXikaraNam,40.1#xeSAXikaraNam,33.1#xeSAXikaraNam,30.1#xeSAXikaraNam,27.1#xeSAXikaraNam,25.1#xeSAXikaraNam,21.1#aXikaraNam,40.1	7	1	00	upaniRax	kenopaniRaw	-
40.1	sanwu	40.1	sanwu	as2{karwari;lot;pra;bahu;parasmEpaxI;axAxiH}	as2{karwari;lot;pra;bahu;parasmEpaxI;axAxiH}	aBihiwa_karwA,38.1	aBihiwa_karwA,38.1#aBihiwa_karwA,38.1	7	1	00	upaniRax	kenopaniRaw	-
1.1	kena	2.1	kena	kim{sarvanAma;puM;3;eka}/kim{sarvanAma;napuM;3;eka}	kim{sarvanAma;puM;3;eka}	karwA,2.1	sahArWaH,10.1#karwA,5.1#karwA,2.1#karaNam,16.1#karaNam,10.1#karaNam,4.1#hewuH,23.1#hewuH,16.1#hewuH,13.1#hewuH,12.1#hewuH,10.1#hewuH,9.1#hewuH,5.1#hewuH,4.1#karwA,4.1	1	1	01	upaniRax	kenopaniRaw	-
2.1	IRiwam	3.1	IRiwam	IRiwa{puM;2;eka(IR1;kwa;X;BvAxiH)}/IRiwa{napuM;1;eka(IR1;kwa;X;BvAxiH)}/IRiwa{napuM;2;eka(IR1;kwa;X;BvAxiH)}/IRiwa{puM;2;eka(IR2;kwa;X;BvAxiH)}/IRiwa{napuM;1;eka(IR2;kwa;X;BvAxiH)}/IRiwa{napuM;2;eka(IR2;kwa;X;BvAxiH)}/IRiwa{puM;1;eka(IR1;kwa;X;BvAxiH)}	IRiwa{puM;1;eka(IR1;kwa;X;BvAxiH)}	viSeRaNam,3.1	viSeRaNam,18.1#viSeRaNam,17.1#viSeRaNam,7.1#viSeRaNam,5.1#karma,9.1#karwA,9.1#karwA,4.1#karma,5.1#viSeRaNam,13.1#viSeRaNam,3.1	1	1	01	upaniRax	kenopaniRaw	-
3.1	(saw)	6.1	-	as2{Sawq_lat;X;asaz;axAxiH;saw;nA;napuM;1;eka}	as2{Sawq_lat;X;asaz;axAxiH;saw;nA;napuM;1;eka}	varwamAnasamAnakAlaH,4.1	varwamAnasamAnakAlaH,4.1	1	1	01	upaniRax	kenopaniRaw	-
4.1	pawawi	7.1	pawawi	paw1{karwari;lat;pra;eka;parasmEpaxI;BvAxiH}	paw1{karwari;lat;pra;eka;parasmEpaxI;BvAxiH}	aBihiwa_karwA,7.1	-#aBihiwa_karwA,7.1	1	1	01	upaniRax	kenopaniRaw	-
5.1	preRiwam	5.1	preRiwam	preRiwa{puM;2;eka(pra_IR1;kwa;X;BvAxiH)}/preRiwa{napuM;1;eka(pra_IR1;kwa;X;BvAxiH)}/preRiwa{napuM;2;eka(pra_IR1;kwa;X;BvAxiH)}/preRiwa{puM;2;eka(preR1;kwa;X;BvAxiH)}/preRiwa{napuM;1;eka(preR1;kwa;X;BvAxiH)}/preRiwa{napuM;2;eka(preR1;kwa;X;BvAxiH)}/preRiwa{puM;1;eka(pra_IR1;kwa;X;BvAxiH)}	preRiwa{puM;1;eka(pra_IR1;kwa;X;BvAxiH)}	sup_samucciwaH,2.1	viSeRaNam,18.1#viSeRaNam,17.1#viSeRaNam,7.1#viSeRaNam,2.1#karma,9.1#karwA,9.1#karwA,4.1#karma,2.1#viSeRaNam,13.1#sup_samucciwaH,2.1	1	1	01	upaniRax	kenopaniRaw	-
6.1	(ca)	4.1	-	ca{avya}	ca{avya}	sup_samuccaya_xyowakaH,2.1	-#sup_samuccaya_xyowakaH,2.1	1	1	01	upaniRax	kenopaniRaw	-
7.1	manaH	1.1	manaH	manas{napuM;1;eka}/manas{napuM;2;eka}/manas{napuM;8;eka}	manas{napuM;1;eka}	karma,4.1	karma,9.1#karwA,9.1#karwA,4.1#karma,5.1#karma,2.1#karma,4.1	1	1	01	upaniRax	kenopaniRaw	-
1.1	kena	8.1	kena	kim{sarvanAma;puM;3;eka}/kim{sarvanAma;napuM;3;eka}	kim{sarvanAma;puM;3;eka}	karwA,5.1	sahArWaH,10.1#karwA,12.1#karwA,10.1#karwA,5.1#karwA,2.1#karaNam,16.1#karaNam,10.1#karaNam,4.1#hewuH,23.1#hewuH,16.1#hewuH,13.1#hewuH,12.1#hewuH,10.1#hewuH,9.1#hewuH,5.1#hewuH,4.1#karwA,4.1	2	1	01	upaniRax	kenopaniRaw	-
2.1	prANaH	11.1	prANaH	prANa{puM;1;eka}	prANa{puM;1;eka}	karwA,4.1	karwA,10.1#karwA,9.1#karwA,4.1#karma,10.1	2	1	01	upaniRax	kenopaniRaw	-
3.1	praWamaH	10.1	praWamaH	praWama{puM;1;eka}	praWama{puM;1;eka}	viSeRaNam,2.1	viSeRaNam,20.1#viSeRaNam,10.1#viSeRaNam,7.1#karwA,10.1#karwA,9.1#karwA,4.1#karma,10.1#viSeRaNam,2.1	2	1	01	upaniRax	kenopaniRaw	-
4.1	prEwi	12.1	prEwi	pra_i1{karwari;lat;pra;eka;parasmEpaxI;axAxiH}	pra_i1{karwari;lat;pra;eka;parasmEpaxI;axAxiH}	aBihiwa_karwA,2.1	-#aBihiwa_karwA,7.1#aBihiwa_karwA,2.1	2	1	01	upaniRax	kenopaniRaw	-
5.1	yukwaH	9.1	yukwaH	yukwa{puM;1;eka(yuj1;kwa;X;xivAxiH)}/yukwa{puM;1;eka(yuj2;kwa;X;ruXAxiH)}	yukwa{puM;1;eka(yuj1;kwa;X;xivAxiH)}	viSeRaNam,2.1	viSeRaNam,22.1#viSeRaNam,8.1#viSeRaNam,7.1#karwA,9.1#karwA,4.1#viSeRaNam,2.1	2	1	01	upaniRax	kenopaniRaw	-
1.1	kena	13.1	kena	kim{sarvanAma;puM;3;eka}/kim{sarvanAma;napuM;3;eka}	kim{sarvanAma;puM;3;eka}	karwA,2.1	sahArWaH,10.1#karwA,12.1#karwA,10.1#karwA,5.1#karaNam,16.1#karaNam,10.1#karaNam,4.1#hewuH,23.1#hewuH,16.1#hewuH,13.1#hewuH,12.1#hewuH,10.1#hewuH,9.1#hewuH,5.1#hewuH,4.1#karwA,2.1	3	1	01	upaniRax	kenopaniRaw	-
2.1	IRiwAm	14.1	IRiwAm	IRiwA{swrI;2;eka(IR1;kwa;X;BvAxiH)}/IRiwA{swrI;2;eka(IR2;kwa;X;BvAxiH)}	IRiwA{swrI;2;eka(IR1;kwa;X;BvAxiH)}	viSeRaNam,3.1	viSeRaNam,14.1#viSeRaNam,13.1#muKyakarma,16.1#karma,9.1#gONakarma,16.1#viSeRaNam,3.1	3	1	01	upaniRax	kenopaniRaw	-
3.1	vAcam	16.1	vAcam	vAc{swrI;2;eka}/vAca{puM;2;eka(brU1;GaF;X;axAxiH)}	vAc{swrI;2;eka}	karma,6.1	viSeRaNam,18.1#viSeRaNam,17.1#viSeRaNam,14.1#viSeRaNam,12.1#viSeRaNam,7.1#viSeRaNam,5.1#viSeRaNam,2.1#muKyakarma,16.1#karma,9.1#gONakarma,16.1#karma,16.1#karma,6.1	3	1	01	upaniRax	kenopaniRaw	-
4.1	imAm	15.1	imAm	ixam{sarvanAma;swrI;2;eka}	ixam{sarvanAma;swrI;2;eka}	viSeRaNam,3.1	viSeRaNam,13.1#viSeRaNam,12.1#muKyakarma,16.1#karma,9.1#gONakarma,16.1#viSeRaNam,3.1	3	1	01	upaniRax	kenopaniRaw	-
5.1	(manuRyAH)	17.1	-	manuRya{puM;1;bahu}	manuRya{puM;1;bahu}	karwA,6.1	-#karwA,16.1#karwA,6.1	3	1	01	upaniRax	kenopaniRaw	-
6.1	vaxanwi	18.1	vaxanwi	vax1{karwari;lat;pra;bahu;parasmEpaxI;BvAxiH}/vaxaw{napuM;1;bahu(vax1;Sawq_lat;X;BvAxiH)}/vaxaw{napuM;2;bahu(vax1;Sawq_lat;X;BvAxiH)}/vaxaw{napuM;1;bahu(vax3;Sawq_lat;X;curAxiH)}/vaxaw{napuM;2;bahu(vax3;Sawq_lat;X;curAxiH)}	vax1{karwari;lat;pra;bahu;parasmEpaxI;BvAxiH}	aBihiwa_karwA,5.1	-#aBihiwa_karwA#aBihiwa_karwA,15.1#aBihiwa_karwA,5.1	3	1	01	upaniRax	kenopaniRaw	-
1.1	cakRuH	19.1	cakRuH	cakRus{napuM;1;eka}/cakRus{napuM;2;eka}/cakRus{napuM;8;eka}	cakRus{napuM;2;eka}	karma,7.1	muKyakarma,16.1#karma,9.1#karwA,23.1#karwA,9.1#karma,7.1	4	1	01	upaniRax	kenopaniRaw	-
2.1	Srowram	20.1	Srowram	Srowra{napuM;1;eka}/Srowra{napuM;2;eka}	Srowra{napuM;2;eka}	sup_samucciwaH,1.1	muKyakarma,16.1#karwA,23.1#sup_samucciwa,2.1#sup_samucciwa,1.1#sup_samucciwaH,1.1	4	1	01	upaniRax	kenopaniRaw	-
3.1	(ca)	21.1	-	ca{avya}	ca{avya}	sup_samuccaya_xyowakaH,2.1	-#sup_samuccaya_xyowakaH,18.1#sup_samuccaya_xyowakaH,2.1	4	1	01	upaniRax	kenopaniRaw	-
4.1	kaH	19.1	kaH	kim{sarvanAma;puM;1;eka}	kim{sarvanAma;puM;1;eka}	viSeRaNam,6.1	viSeRaNam,10.1#viSeRaNam,8.1#viSeRaNam,7.1#karwA,23.1#viSeRaNam,6.1	4	1	01	upaniRax	kenopaniRaw	-
5.1	u	22.1	u	u{avya}	u{avya}	sambanXaH,6.1	sambanXa,23.1#sambanXa,6.1#sambanXaH,6.1	4	1	01	upaniRax	kenopaniRaw	-
6.1	xevaH	21.1	xevaH	xeva{puM;1;eka}/xevq{puM;8;eka}	xeva{puM;1;eka}	karwA,7.1	karwA,7.1#samboXyaH,23.1#samboXyaH,16.1#samboXyaH,9.1#samboXyaH,4.1#karwA,23.1	4	1	01	upaniRax	kenopaniRaw	-
7.1	yunakwi	23.1	yunakwi	yuj2{karwari;lat;pra;eka;parasmEpaxI;ruXAxiH}	yuj2{karwari;lat;pra;eka;parasmEpaxI;ruXAxiH}	aBihiwa_karwA,6.1	-#aBihiwa_karwA,22.1	4	1	01	upaniRax	kenopaniRaw	-
1.1	Srowrasya	2.1	Srowrasya	Srowra{napuM;6;eka}	Srowra{napuM;6;eka}	RaRTIsambanXaH,2.1	RaRTIsambanXaH,2.1#karwA,8.1#karwA,6.1#karma,8.1#karma,6.1#RaRTIsambanXaH,22.1#RaRTIsambanXaH,21.1#RaRTIsambanXaH,20.1#RaRTIsambanXaH,17.1#RaRTIsambanXaH,14.1#RaRTIsambanXaH,13.1#RaRTIsambanXaH,12.1#RaRTIsambanXaH,11.1#RaRTIsambanXaH,8.1#RaRTIsambanXaH,6.1#RaRTIsambanXaH,4.1#RaRTIsambanXaH,3.1	1	1	02	upaniRax	kenopaniRaw	-
10.1	u	11.1	u	u{avya}	u{avya}	sambanXaH,9.1	sambanXaH,9.1	1	1	02	upaniRax	kenopaniRaw	-
11.1	prANasya	12.1	prANasya	prANa{puM;6;eka}/pra_Af_Nas1{avya{lyap;BvAxiH}	prANa{puM;6;eka}	RaRTIsambanXaH,12.1	RaRTIsambanXaH,22.1#RaRTIsambanXaH,21.1#RaRTIsambanXaH,20.1#RaRTIsambanXaH,17.1#RaRTIsambanXaH,14.1#RaRTIsambanXaH,13.1#RaRTIsambanXaH,12.1#RaRTIsambanXaH,8.1#RaRTIsambanXaH,6.1#RaRTIsambanXaH,4.1#RaRTIsambanXaH,3.1	1	1	02	upaniRax	kenopaniRaw	-
12.1	prANaH	13.1	prANaH	prANa{puM;1;eka}	prANa{puM;1;eka}	viXeya_viSeRaNam,9.1	-#viXeya_viSeRaNam,9.1	1	1	02	upaniRax	kenopaniRaw	-
13.1	cakRuRaH	14.1	cakRuRaH	cakRus{napuM;5;eka}/cakRus{napuM;6;eka}	cakRus{napuM;6;eka}	RaRTIsambanXaH,14.1	RaRTIsambanXaH,22.1#RaRTIsambanXaH,21.1#RaRTIsambanXaH,20.1#RaRTIsambanXaH,17.1#RaRTIsambanXaH,14.1#RaRTIsambanXaH,12.1#RaRTIsambanXaH,11.1#RaRTIsambanXaH,8.1#RaRTIsambanXaH,6.1#RaRTIsambanXaH,4.1#RaRTIsambanXaH,3.1#hewuH5,22.1#hewuH5,18.1#hewuH5,16.1#hewuH5,11.1#hewuH5,8.1#hewuH5,6.1#apAxAnam_vIpsA,14.1	1	1	02	upaniRax	kenopaniRaw	-
14.1	cakRuH	15.1	cakRuH	cakRus{napuM;1;eka}/cakRus{napuM;2;eka}/cakRus{napuM;8;eka}/cakRus{puM;1;eka}	cakRus{puM;1;eka}	viXeya_viSeRaNam,9.1	karma,18.1#sup_samucciwaH,8.1#sup_samucciwaH,12.1#viXeya_viSeRaNam,9.1	1	1	02	upaniRax	kenopaniRaw	-
15.1	(aswi)	16.1	-	as{karwari;lat;pra;e;parasmEpaxI;BvAxiH}	as{karwari;lat;pra;e;parasmEpaxI;BvAxiH}	vAkyakarma,26.1	-#aBihiwa_karwA,9.1#vAkyakarma,26.1	1	1	02	upaniRax	kenopaniRaw	-
16.1	awimucya	20.1	awimucya	awi_muc2{avya;lyap;wuxAxiH}/awi_muc3{avya{lyap;curAxiH}	awi_muc2{avya;lyap;wuxAxiH}	pUrvakAlaH,22.1	-#pUrvakAlaH,22.1	1	1	02	upaniRax	kenopaniRaw	-
17.1	XIrAH	21.1	XIrAH	XIra{puM;1;bahu}/XIrA{swrI;1;bahu}/XIrA{swrI;2;bahu}/XIra{puM;8;bahu}/XIrA{swrI;8;bahu}	XIra{puM;1;bahu}	karwA,22.1;karwA,18.1;karwA,16.1;karwA,26.1	karwA,22.1;karwA,18.1;karwA,16.1;karwA,26.1	1	1	02	upaniRax	kenopaniRaw	-
18.1	prewya	24.1	prewya	pra_i1{avya;lyap;axAxiH}	pra_i1{avya;lyap;axAxiH}	pUrvakAlaH,22.1	kriyAviSeRaNam,22.1#kriyAviSeRaNam,16.1#kriyAviSeRaNam,11.1#pUrvakAlaH,22.1	1	1	02	upaniRax	kenopaniRaw	-
19.1	asmAw	22.1	asmAw	ixam{sarvanAma;puM;5;eka}/ixam{sarvanAma;napuM;5;eka}	ixam{sarvanAma;puM;5;eka}	viSeRaNam,20.1	viSeRaNam,13.1#viSeRaNam,3.1#hewuH5,22.1#hewuH5,18.1#hewuH5,16.1#hewuH5,11.1#hewuH5,8.1#hewuH5,6.1#viSeRaNam,20.1	1	1	02	upaniRax	kenopaniRaw	-
2.1	Srowram	3.1	Srowram	Srowra{napuM;1;eka}/Srowra{napuM;2;eka}	Srowra{napuM;1;eka}	viXeya_viSeRaNam,5.1	karma,18.1#sup_samucciwaH,8.1#sup_samucciwaH,12.1#viXeya_viSeRaNam,5.1	1	1	02	upaniRax	kenopaniRaw	-
20.1	lokAw	23.1	lokAw	loka{puM;5;eka}	loka{puM;5;eka}	apAxAnam,18.1	hewuH5,22.1#hewuH5,18.1#hewuH5,16.1#hewuH5,11.1#hewuH5,8.1#hewuH5,6.1#hewuH,18.1#apAxAnam,18.1	1	1	02	upaniRax	kenopaniRaw	-
21.1	amqwAH	25.1	amqwAH	amqwa{puM;1;bahu}/amqwA{swrI;1;bahu}/amqwA{swrI;2;bahu}/amqwa{puM;8;bahu}/amqwA{swrI;8;bahu}	amqwa{puM;1;bahu}	viXeya_viSeRaNam,17.1	karma,18.1#karwA_be_verbs,22.1#viXeya_viSeRaNam,17.1	1	1	02	upaniRax	kenopaniRaw	-
22.1	Bavanwi	26.1	Bavanwi	BU1{karwari;lat;pra;bahu;parasmEpaxI;BvAxiH}/BavanwI{swrI;8;eka}	BU1{karwari;lat;pra;bahu;parasmEpaxI;BvAxiH}	aBihiwa_karwA,17.1	-#aBihiwa_karwA,17.1	1	1	02	upaniRax	kenopaniRaw	-
23.1	(aswi)	9.1	-	as{karwari;lat;pra;e;parasmEpaxI;BvAxiH}	as{karwari;lat;pra;e;parasmEpaxI;BvAxiH}	samucciwaH,15.1	-#samucciwaH,15.1	1	1	02	upaniRax	kenopaniRaw	-
24.1	(ca)	17.1	-	ca{avya}	ca{avya}	samuccaya_xyowakaH,15.1	-#samuccaya_xyowakaH,15.1	1	1	02	upaniRax	kenopaniRaw	-
25.1	(iwi)	18.1	-	iwi{avya}	iwi{avya}	vAkyakarma_xyowakaH,15.1	-#vAkyakarma_xyowakaH,15.1	1	1	02	upaniRax	kenopaniRaw	-
26.1	(vixiwvA)	19.1	-	vix{avy;kwvA}	vix{avy;kwvA}	pUrvakAlaH,22.1	-#pUrvakAlaH,22.1	1	1	02	upaniRax	kenopaniRaw	-
3.1	manasaH	4.1	manasaH	manas{napuM;5;eka}/manas{napuM;6;eka}	manas{napuM;6;eka}	RaRTIsambanXaH,4.1	karwA,8.1#karwA,6.1#karma,8.1#karma,6.1#RaRTIsambanXaH,22.1#RaRTIsambanXaH,21.1#RaRTIsambanXaH,20.1#RaRTIsambanXaH,17.1#RaRTIsambanXaH,14.1#RaRTIsambanXaH,13.1#RaRTIsambanXaH,12.1#RaRTIsambanXaH,11.1#RaRTIsambanXaH,8.1#RaRTIsambanXaH,6.1#RaRTIsambanXaH,4.1#hewuH5,22.1#hewuH5,18.1#hewuH5,16.1#hewuH5,11.1#hewuH5,8.1#hewuH5,6.1#apAxAnam_vIpsA,4.1	1	1	02	upaniRax	kenopaniRaw	-
4.1	manaH	5.1	manaH	manas{napuM;1;eka}/manas{napuM;2;eka}/manas{napuM;8;eka}	manas{napuM;1;eka}	viXeya_viSeRaNam,5.1	karma,18.1#sup_samucciwaH,8.1#sup_samucciwaH,12.1#viXeya_viSeRaNam,5.1	1	1	02	upaniRax	kenopaniRaw	-
5.1	yaw	1.1	yaw	yaw{avya}/yax{sarvanAma;napuM;1;eka}/yax{sarvanAma;napuM;2;eka}	yax{sarvanAma;napuM;1;eka}	karwA,23.1	viSeRaNam,14.1#viSeRaNam,4.1#viSeRaNam,2.1#karma,18.1#sambanXaH,22.1#sambanXaH,15.1#karwA,15.1#karwA,23.1	1	1	02	upaniRax	kenopaniRaw	-
6.1	vAcaH	6.1	vAcaH	vAc{swrI;1;bahu}/vAc{swrI;2;bahu}/vAc{swrI;5;eka}/vAc{swrI;6;eka}/vAc{swrI;8;bahu}/vAca{puM;1;eka(brU1;GaF;X;axAxiH)}/vAc{puM;6;eka}/vAc{puM;1;eka}	vAc{puM;6;eka}	RaRTIsambanXaH,8.1	viSeRaNam,14.1#viSeRaNam,12.1#viSeRaNam,9.1#viSeRaNam,5.1#viSeRaNam,4.1#viSeRaNam,2.1#karwA,8.1#karma,8.1#RaRTIsambanXaH,22.1#RaRTIsambanXaH,21.1#RaRTIsambanXaH,20.1#RaRTIsambanXaH,17.1#RaRTIsambanXaH,14.1#RaRTIsambanXaH,13.1#RaRTIsambanXaH,12.1#RaRTIsambanXaH,11.1#RaRTIsambanXaH,8.1#RaRTIsambanXaH,4.1#RaRTIsambanXaH,3.1#hewuH5,22.1#hewuH5,18.1#hewuH5,16.1#hewuH5,11.1#hewuH5,8.1#karma,18.1#viXeya_viSeRaNam,9.1	1	1	02	upaniRax	kenopaniRaw	-
7.1	ha	7.1	ha	ha{avya}	ha{avya}	sambanXaH,8.1	sambanXaH,6.1#sambanXaH,8.1	1	1	02	upaniRax	kenopaniRaw	-
8.1	vAcam(vAk)	8.1	vAcam	vAc{swrI;2;eka}/vAca{puM;2;eka(brU1;GaF;X;axAxiH)}/vAca{puM;1;eka(brU1;GaF;X;axAxiH)}	vAca{puM;1;eka(brU1;GaF;X;axAxiH)}	viXeya_viSeRaNam,5.1	viSeRaNam,14.1#viSeRaNam,5.1#viSeRaNam,4.1#viSeRaNam,2.1#karma,18.1#karma,15.1#viXeya_viSeRaNam,5.1	1	1	02	upaniRax	kenopaniRaw	-
9.1	saH	10.1	saH	wax{sarvanAma;puM;1;eka}	wax{sarvanAma;puM;1;eka}	karwA,15.1	karwA,15.1#viSeRaNam,12.1#viSeRaNam,6.1	1	1	02	upaniRax	kenopaniRaw	-
1.1	na	3.1	na	na{avya}	na{avya}	prawiReXaH,4.1	prawiReXaH,33.1#prawiReXaH,28.1#prawiReXaH,19.1#prawiReXaH,14.1#prawiReXaH,12.1#prawiReXaH,7.1#prawiReXaH,4.1	1	1	03	upaniRax	kenopaniRaw	-
2.1	wawra	1.1	wawra	wawra{avya}	wawra{avya}	xeSAXikaraNam,4.1	xeSAXikaraNam,33.1#xeSAXikaraNam,28.1#xeSAXikaraNam,22.1#xeSAXikaraNam,19.1#xeSAXikaraNam,14.1#xeSAXikaraNam,12.1#xeSAXikaraNam,7.1#xeSAXikaraNam,4.1	1	1	03	upaniRax	kenopaniRaw	-
3.1	cakRuH	2.1	cakRuH	cakRus{napuM;1;eka}/cakRus{napuM;2;eka}/cakRus{napuM;8;eka}	cakRus{napuM;1;eka}	karwA,4.1	karmasamAnAXikaraNam,32.1#karmasamAnAXikaraNam,21.1#karmasamAnAXikaraNam,19.1#karmasamAnAXikaraNam,16.1#karmasamAnAXikaraNam,9.1#karma,7.1#karma,4.1#karwA,7.1#karwA,4.1#karmasamAnAXikaraNam,6.1	1	1	03	upaniRax	kenopaniRaw	-
4.1	gacCawi	4.1	gacCawi	gam1{karwari;lat;pra;eka;parasmEpaxI;BvAxiH}	gam1{karwari;lat;pra;eka;parasmEpaxI;BvAxiH}	aBihiwa_karwA,3.1	vAkyakarma,28.1#vAkyakarma,22.1#vAkyakarma,12.1#aBihiwa_karwA,3.1	1	1	03	upaniRax	kenopaniRaw	-
5.1	na	6.1	na	na{avya}	na{avya}	prawiReXaH,7.1	prawiReXaH,33.1#prawiReXaH,28.1#prawiReXaH,19.1#prawiReXaH,14.1#prawiReXaH,12.1#prawiReXaH,7.1	2	1	03	upaniRax	kenopaniRaw	-
6.1	vAk	5.1	vAk	vAc{swrI;1;eka}/vAc{swrI;8;eka}	vAc{swrI;1;eka}	karwA,7.1	karwA,7.1#karwA,4.1#karmasamAnAXikaraNam,32.1#karmasamAnAXikaraNam,21.1#karmasamAnAXikaraNam,19.1#karmasamAnAXikaraNam,16.1#karmasamAnAXikaraNam,9.1	2	1	03	upaniRax	kenopaniRaw	-
7.1	gacCawi	7.1	gacCawi	gam1{karwari;lat;pra;eka;parasmEpaxI;BvAxiH}	gam1{karwari;lat;pra;eka;parasmEpaxI;BvAxiH}	aBihiwa_karwA,6.1	vAkyakarma,28.1#vAkyakarma,22.1#vAkyakarma,12.1#aBihiwa_karwA,6.1	2	1	03	upaniRax	kenopaniRaw	-
10.1	(gacCawi)	10.1	-	gam1{karwari;lat;pra;eka;parasmEpaxI;BvAxiH}	gam1{karwari;lat;pra;eka;parasmEpaxI;BvAxiH}	aBihiwa_karwA,9.1	-#aBihiwa_karwA,9.1	3	1	03	upaniRax	kenopaniRaw	-
8.1	no	9.1	no	no{avya}	no{avya}	prawiReXaH,10.1	prawiReXaH,33.1#prawiReXaH,28.1#prawiReXaH,19.1#prawiReXaH,14.1#prawiReXaH,12.1#prawiReXaH,10.1	3	1	03	upaniRax	kenopaniRaw	-
9.1	manaH	8.1	manaH	manas{napuM;1;eka}/manas{napuM;2;eka}/manas{napuM;8;eka}	manas{napuM;1;eka}	karwA,10.1	muKyakarma,19.1#karmasamAnAXikaraNam,32.1#karmasamAnAXikaraNam,21.1#karmasamAnAXikaraNam,19.1#karmasamAnAXikaraNam,16.1#karma,12.1#karma,7.1#karma,4.1#karwA,19.1#karwA,7.1#karwA,4.1#karmasamAnAXikaraNam,6.1#karwA,10.1	3	1	03	upaniRax	kenopaniRaw	-
11.1	na	11.1	na	na{avya}	na{avya}	prawiReXaH,12.1	prawiReXaH,33.1#prawiReXaH,28.1#prawiReXaH,19.1#prawiReXaH,14.1#prawiReXaH,12.1	4	1	03	upaniRax	kenopaniRaw	-
12.1	vixmaH	12.1	vixmaH	vix1{karwari;lat;u;bahu;parasmEpaxI;axAxiH}	vix1{karwari;lat;u;bahu;parasmEpaxI;axAxiH}	aBihiwa_karwA	vAkyakarma,28.1#vAkyakarma,22.1#aBihiwa_karwA	4	1	03	upaniRax	kenopaniRaw	-
13.1	na	17.1	na	na{avya}	na{avya}	prawiReXaH,14.1	prawiReXaH,33.1#prawiReXaH,28.1#prawiReXaH,18.1#prawiReXaH,14.1	5	1	03	upaniRax	kenopaniRaw	-
14.1	vijAnImaH	18.1	vijAnImaH	vi_jFA2{karwari;lat;u;bahu;parasmEpaxI;kryAxiH}	vi_jFA2{karwari;lat;u;bahu;parasmEpaxI;kryAxiH}	aBihiwa_karwA	vAkyakarma,28.1#vAkyakarma,22.1#vAkyakarma,12.1#aBihiwa_karwA	5	1	03	upaniRax	kenopaniRaw	-
15.1	yaWA	13.1	yaWA	yaWA{avya}	yaWA{avya}	kriyAviSeRaNam,18.1	uwprekRA_xyowakaH,14.1#upamAna_xyowakaH,18.1#kriyAviSeRaNam,33.1#kriyAviSeRaNam,28.1#kriyAviSeRaNam,22.1#kriyAviSeRaNam,18.1#kriyAviSeRaNam,14.1#kriyAviSeRaNam,12.1#kriyAviSeRaNam,7.1#kriyAviSeRaNam,4.1	5	1	03	upaniRax	kenopaniRaw	-
16.1	ewaw	14.1	ewaw	ewax{sarvanAma;napuM;1;eka}/ewax{sarvanAma;napuM;2;eka}	ewax{sarvanAma;napuM;1;eka}	karwA,18.1	viSeRaNam,32.1#viSeRaNam,21.1#viSeRaNam,18.1#viSeRaNam,9.1#muKyakarma,18.1#karma,12.1#karwA,18.1	5	1	03	upaniRax	kenopaniRaw	-
17.1	(iwi)	16.1	-	iwi{avya}	iwi{avya}	vAkyakarma_xyowakaH,18.1	-#vAkyakarma_xyowakaH,18.1	5	1	03	upaniRax	kenopaniRaw	-
18.1	anuSiRyAw	15.1	anuSiRyAw	anu_SAs1{karwari;viXilif;pra;eka;parasmEpaxI;axAxiH}/anu_SAs1{karwari{ASIrlif;pra;eka;parasmEpaxI;axAxiH}	anu_SAs1{karwari;viXilif;pra;eka;parasmEpaxI;axAxiH}	vAkyakarma,14.1	vAkyakarma,28.1#vAkyakarma,22.1#vAkyakarma,12.1#upamAnam,14.1#upamAnam,12.1#aBihiwa_karwA,16.1#vAkyakarma,14.1	5	1	03	upaniRax	kenopaniRaw	-
19.1	anyaw	22.1	anyaw	anyaw{avya}/anya{sarvanAma;napuM;1;eka}/anya{sarvanAma;napuM;2;eka}	anya{sarvanAma;napuM;1;eka}	viXeya_viSeRaNam,21.1	viSeRaNam,32.1#viSeRaNam,21.1#viSeRaNam,16.1#viSeRaNam,9.1#muKyakarma,19.1#karma,12.1#karwA,19.1#anyawaraH,22.1#BinnaH,22.1#viXeya_viSeRaNam,21.1	6	1	03	upaniRax	kenopaniRaw	-
20.1	eva	23.1	eva	eva{avya}	eva{avya}	sambanXaH,19.1	sambanXaH,19.1	6	1	03	upaniRax	kenopaniRaw	-
21.1	waw	19.1	waw	wax{sarvanAma;napuM;1;eka}/wax{sarvanAma;napuM;2;eka}/wax{sarvanAma;napuM;1;eka}wax{sarvanAma;napuM;2;eka}	wax{sarvanAma;napuM;1;eka}wax{sarvanAma;napuM;2;eka}	karwA,34.1	viSeRaNam,32.1#viSeRaNam,19.1#viSeRaNam,16.1#viSeRaNam,9.1#muKyakarma,19.1#karma,28.1#karwA,19.1#karwA,34.1	6	1	03	upaniRax	kenopaniRaw	-
22.1	vixiwAw	20.1	vixiwAw	vixiwa{puM;5;eka(vix1;kwa;X;axAxiH)}/vixiwa{napuM;5;eka(vix1;kwa;X;axAxiH)}	vixiwa{puM;5;eka(vix1;kwa;X;axAxiH)}	BinnaH,19.1	BinnaH,19.1#hewuH5,33.1#hewuH5,28.1#hewuH5,19.1#hewuH5,14.1#hewuH5,12.1#hewuH5,7.1#hewuH5,4.1#apAxAnam,28.1#apAxAnam,12.1#apAxAnam,7.1#apAxAnam,4.1#samucciwaH,25.1#BinnaH,19.1	6	1	03	upaniRax	kenopaniRaw	-
23.1	aWa	24.1	aWa	aWa{avya}	aWa{avya}	samuccaya_xyowakaH,21.1	samuccya_xyowakaH,21.1#viroXa_xyowakaH,33.1#viroXa_xyowakaH,28.1#sambanXaH,33.1#sambanXaH,28.1#samuccya_xyowakaH,21.1#samuccaya_xyowakaH,21.1	6	1	03	upaniRax	kenopaniRaw	-
24.1	u	21.1	u	u{avya}	u{avya}	sambanXaH,22.1	sambanXa,22.1#sambanXaH,22.1	6	1	03	upaniRax	kenopaniRaw	-
25.1	avixiwAw	25.1	avixiwAw	avixiwa{puM;5;eka}	avixiwa{puM;5;eka}	wulanA_binxuH,26.1	apAxAnam,28.1#wulanA_binxuH,26.1	6	1	03	upaniRax	kenopaniRaw	-
26.1	aXi	26.1	aXi	aXi{avya}	aXi{avya}	samucciwaH,21.1	sambanXa_upa,33.1#sambanXa_upa,28.1#samucciwaH,21.1	6	1	03	upaniRax	kenopaniRaw	-
27.1	iwi	28.1	iwi	iwi{avya}	iwi{avya}	vAkyakarma_xyowakaH,34.1	vAkyakarma_xyowakaH,19.1#vAkyakarma_xyowakaH,14.1#vAkyakarma_xyowakaH,12.1#vAkyakarma_xyowakaH,7.1#vAkyakarma_xyowakaH,4.1#vAkyakarma_xyowakaH,34.1	6	1	03	upaniRax	kenopaniRaw	-
28.1	SuSruma	29.1	SuSruma	Sru1{karwari;lit;u;bahu;parasmEpaxI;BvAxiH}	Sru1{karwari;lit;u;bahu;parasmEpaxI;BvAxiH}	aBihiwa_karwA	viroXakaH,19.1#viroXakaH,14.1#viroXakaH,12.1#viroXakaH,7.1#viroXakaH,4.1#aBihiwa_karwA	6	1	03	upaniRax	kenopaniRaw	-
29.1	pUrveRAm	27.1	pUrveRAm	pUrva{sarvanAma;puM;6;bahu}/pUrva{sarvanAma;napuM;6;bahu}	pUrva{sarvanAma;puM;6;bahu}	RaRTIsambanXaH,28.1	RaRTIsambanXaH,28.1#viSeRaNam,31.1#RaRTIsambanXaH,31.1#RaRTIsambanXaH,9.1#RaRTIsambanXaH,6.1#RaRTIsambanXaH,3.1	6	1	03	upaniRax	kenopaniRaw	-
30.1	ye(pUrveByaH)	30.1	ye	yax{sarvanAma;puM;1;bahu}/yax{sarvanAma;napuM;1;xvi}/yax{sarvanAma;napuM;2;xvi}/yax{sarvanAma;swrI;1;xvi}/yax{sarvanAma;swrI;2;xvi}	yax{sarvanAma;puM;1;bahu}	apAxAnam,33.1	apAxAnam,33.1#karma,33.1#karma,28.1#karwA,33.1#apAxAnam,33.1	6	1	03	upaniRax	kenopaniRaw	-
31.1	naH	31.1	naH	asmax{sarvanAma;2;bahu}/asmax{sarvanAma;6;bahu}/asmax{sarvanAma;4;bahu}/nq{puM;8;eka}	asmax{sarvanAma;2;bahu}asmax{sarvanAma;6;bahu}	RaRTIsambanXaH,33.1	RaRTIsambanXaH,33.1#prayojanam1,33.1#prayojanam1,28.1#prayojanam1,22.1#prayojanam1,19.1#prayojanam1,14.1#prayojanam1,12.1#prayojanam1,7.1#prayojanam1,4.1#RaRTIsambanXaH,29.1#RaRTIsambanXaH,9.1#RaRTIsambanXaH,6.1#RaRTIsambanXaH,3.1#karma,33.1#karma,28.1	6	1	03	upaniRax	kenopaniRaw	-
32.1	waw	32.1	waw	wax{sarvanAma;napuM;1;eka}/wax{sarvanAma;napuM;2;eka}/wax{sarvanAma;napuM;2;eka}wax{sarvanAma;napuM;2;eka}	wax{sarvanAma;napuM;2;eka}wax{sarvanAma;napuM;2;eka}	karma,33.1	viSeRaNam,21.1#viSeRaNam,19.1#viSeRaNam,16.1#viSeRaNam,9.1#viSeRaNam,3.1#karma,33.1#karma,28.1	6	1	03	upaniRax	kenopaniRaw	-
33.1	vyAcacakRire	33.1	vyAcacakRire	vi_Af_cakR1{karwari;lit;pra;bahu;AwmanepaxI;axAxiH}/vi_Af_cakR1{karmaNi{lit;pra;bahu;AwmanepaxI;axAxiH}	vi_Af_cakR1{karwari;lit;pra;bahu;AwmanepaxI;axAxiH}	aBihiwa_karwA,30.1	viroXakaH,19.1#viroXakaH,14.1#viroXakaH,12.1#viroXakaH,7.1#viroXakaH,4.1#aBihiwa_karwA,30.1#vAkyakarma,28.1	6	1	03	upaniRax	kenopaniRaw	-
34.1	(aswi)	23.1	-	as{karwari;lat;pra;eka;parasmEpaxI;axAxiH}	as{karwari;lat;pra;eka;parasmEpaxI;axAxiH}	vAkyakarma,28.1	-#vAkyakarma,28.1	6	1	03	upaniRax	kenopaniRaw	-
1.1	yaw	1.1	yaw	yaw{avya}/yax{sarvanAma;napuM;1;eka}/yax{sarvanAma;napuM;2;eka}/yaw{sarvanAma;napuM;2;eka}	yaw{sarvanAma;napuM;2;eka}	karma,3.1;niwya_sambanXaH,8.1	viSeRaNam,16.1#viSeRaNam,10.1#viSeRaNam,8.1#niwya_sambanXaH1,8.1#viSeRaNam,11.1#vAkyakarma_xyowakaH,19.1#vAkyakarma_xyowakaH,7.1#sambanXaH,19.1#sambanXaH,7.1#viSeRaNam,3.1#karma,3.1#karma,3.1;niwya_sambanXaH,7.1	1	1	04	upaniRax	kenopaniRaw	-
10.1	brahma	9.1	brahma	brahman{napuM;1;eka}/brahman{napuM;2;eka}/brahma{napuM;8;eka}	brahman{napuM;2;eka}	karmasamAnAXikaraNam,12.1	karmasamAnAXikaraNam,17.1#karmasamAnAXikaraNam,16.1#karmasamAnAXikaraNam,14.1#karmasamAnAXikaraNam,8.1#karma,19.1#karma,12.1#viSeRaNam,11.1#karmasamAnAXikaraNam,12.1	1	1	04	upaniRax	kenopaniRaw	-
11.1	wvam	10.1	wvam	yuRmax{sarvanAma;1;eka}	yuRmax{sarvanAma;1;eka}	karwA,12.1	karwA,12.1	1	1	04	upaniRax	kenopaniRaw	-
12.1	vixXi	11.1	vixXi	vix1{karwari;lot;ma;eka;parasmEpaxI;axAxiH}	vix1{karwari;lot;ma;eka;parasmEpaxI;axAxiH}	aBihiwa_karwA,11.1	-#aBihiwa_karwA,11.1	1	1	04	upaniRax	kenopaniRaw	-
13.1	na	17.1	na	na{avya}	na{avya}	prawiReXaH,15.1	prawiReXaH,19.1#-#prawiReXaH,15.1	1	1	04	upaniRax	kenopaniRaw	-
14.1	ixam	16.1	ixam	ixam{sarvanAma;napuM;1;eka}/ixam{sarvanAma;napuM;2;eka}	ixam{sarvanAma;napuM;1;eka}	karwA,15.1	viSeRaNam,16.1#viSeRaNam,10.1#viSeRaNam,8.1#karma,19.1#karma,12.1#viSeRaNam,11.1#karma,13.1#karwA,15.1	1	1	04	upaniRax	kenopaniRaw	-
15.1	(aswi)	18.1	-	as{karwari;lat;pra;eka;parasmEpaxI;axAxiH}	as{karwari;lat;pra;eka;parasmEpaxI;axAxiH}	aBihiwa_karwA,14.1	-#aBihiwa_karwA,14.1	1	1	04	upaniRax	kenopaniRaw	-
16.1	yaw	12.1	yaw	yaw{avya}/yax{sarvanAma;napuM;1;eka}/yax{sarvanAma;napuM;2;eka}	yax{sarvanAma;napuM;2;eka}	karma,19.1;niwya_sambanXaH,14.1	viSeRaNam,10.1#viSeRaNam,8.1#viSeRaNam,1.1#niwya_sambanXaH1,8.1#karma,19.1#karma,12.1#viSeRaNam,11.1#vAkyakarma_xyowakaH,19.1#vAkyakarma_xyowakaH,7.1#sambanXaH,19.1#viSeRaNam,17.1#viSeRaNam,14.1#niwya_sambanXaH,14.1#karma,18.1;niwya_sambanXaH,13.1	1	1	04	upaniRax	kenopaniRaw	-
17.1	ixam	13.1	ixam	ixam{sarvanAma;napuM;1;eka}/ixam{sarvanAma;napuM;2;eka}	ixam{sarvanAma;napuM;1;eka}	viSeRaNam,18.1	viSeRaNam,18.1#viSeRaNam,16.1#viSeRaNam,10.1#viSeRaNam,8.1#karma,19.1#karma,12.1#viSeRaNam,11.1	1	1	04	upaniRax	kenopaniRaw	-
18.1	(lokaH)	14.1	-	loka{puM;1;eka}	loka{puM;1;eka}	karwA,19.1	-#karwA,19.1	1	1	04	upaniRax	kenopaniRaw	-
19.1	upAsawe	15.1	upAsawe	upa_As1{karwari;lat;pra;bahu;AwmanepaxI;axAxiH}/upAsaw{puM;4;eka(upa_As1;Sawq_lat;X;axAxiH)}/upAsaw{napuM;4;eka(upa_As1;Sawq_lat;X;axAxiH)}	upa_As1{karwari;lat;pra;bahu;AwmanepaxI;axAxiH}	aBihiwa_karwA	prayojanam1,12.1#prayojanam1,7.1#vAkyakarma,12.1#aBihiwa_karwA,18.1#vAkyakarma,13.1#aBihiwa_karwA	1	1	04	upaniRax	kenopaniRaw	-
2.1	vAcA	2.1	vAcA	vAc{swrI;3;eka}/vAcA{swrI;1;eka}	vAc{swrI;3;eka}	karaNam,3.1	karaNam,3.1#viSeRaNam,11.1#karwA,7.1#karaNam,19.1#karaNam,12.1#hewuH,7.1	1	1	04	upaniRax	kenopaniRaw	-
3.1	anaByuxiwam	3.1	anaByuxiwam	anaByuxiwa{puM;2;eka}/anaByuxiwa{napuM;2;eka}	anaByuxiwa{napuM;2;eka}	samucciwaH,5.1	-#vAkyakarma,12.1#samucciwaH,7.1#samucciwaH,5.1	1	1	04	upaniRax	kenopaniRaw	-
4.1	yena	4.1	yena	yena{avya}/yax{sarvanAma;puM;3;eka}/yax{sarvanAma;napuM;3;eka}	yax{sarvanAma;puM;3;eka}	karaNam,7.1;niwya_sambanXaH,8.1	niwya_sambanXaH1,8.1#karwA,7.1#karaNam,19.1#karaNam,12.1#hewuH,19.1#hewuH,12.1#hewuH,7.1#karaNam,5.1#karaNam,7.1#karaNam,6.1;niwya_sambanXaH,7.1	1	1	04	upaniRax	kenopaniRaw	-
5.1	vAk	5.1	vAk	vAc{swrI;1;eka}/vAc{swrI;8;eka}	vAc{swrI;1;eka}	karma,7.1	karma,7.1#viSeRaNam,11.1	1	1	04	upaniRax	kenopaniRaw	-
6.1	ca	5.2	-	ca{avya}	ca{avya}	samuccaya_xyowakaH,5.1	-#samuccaya_xyowakaH,5.1	1	1	04	upaniRax	kenopaniRaw	-
7.1	aByuxyawe	6.1	aByuxyawe	aBi_unx1{karmaNi;lat;pra;eka;AwmanepaxI;ruXAxiH}/aByuxyawA{swrI;1;xvi}/aByuxyawA{swrI;2;xvi}	aBi_unx1{karmaNi;lat;pra;eka;AwmanepaxI;ruXAxiH}	aBihiwa_karwA	karma,12.1#vAkyakarma,12.1#aBihiwa_karwA	1	1	04	upaniRax	kenopaniRaw	-
8.1	waw	7.1	waw	wax{sarvanAma;napuM;1;eka}/wax{sarvanAma;napuM;2;eka}	wax{sarvanAma;napuM;2;eka}	karma,12.1	viSeRaNam,16.1#viSeRaNam,10.1#karma,12.1#viSeRaNam,11.1	1	1	04	upaniRax	kenopaniRaw	-
9.1	eva	8.1	eva	eva{avya}	eva{avya}	sambanXaH,8.1	sambanXaH,8.1#sambanXaH,10.1	1	1	04	upaniRax	kenopaniRaw	-
1.1	yaw	1.1	yaw	yaw{avya}/yax{sarvanAma;napuM;1;eka}/yax{sarvanAma;napuM;2;eka}	yax{sarvanAma;napuM;2;eka}	karma,4.1	viSeRaNam,19.1#viSeRaNam,13.1#viSeRaNam,11.1#viSeRaNam,10.1#viSeRaNam,9.1#niwya_sambanXaH1,11.1#muKyakarma,8.1#karma,4.1#viSeRaNam,14.1#karwA,4.1#karma,10.1#vAkyakarma_xyowakaH,22.1#vAkyakarma_xyowakaH,15.1#vAkyakarma_xyowakaH,10.1#vAkyakarma_xyowakaH,8.1#vAkyakarma_xyowakaH,4.1#sambanXaH,22.1	1	1	05	upaniRax	kenopaniRaw	-
10.1	mawam	7.1	mawam	mawa{puM;2;eka(man1;kwa;X;xivAxiH)}/mawa{napuM;1;eka(man1;kwa;X;xivAxiH)}/mawa{napuM;2;eka(man1;kwa;X;xivAxiH)}/mawa{puM;2;eka(man2;kwa;X;wanAxiH)}/mawa{napuM;1;eka(man2;kwa;X;wanAxiH)}/mawa{napuM;2;eka(man2;kwa;X;wanAxiH)}	mawa{napuM;1;eka(man1;kwa;X;xivAxiH)}	aBihiwa_karma	viSeRaNam,20.1#viSeRaNam,19.1#viSeRaNam,17.1#viSeRaNam,13.1#viSeRaNam,11.1#viSeRaNam,9.1#vAkyakarma,15.1#vAkyakarma,8.1#vAkyakarma,4.1#muKyakarma,8.1#karmasamAnAXikaraNam,9.1#karmasamAnAXikaraNam,1.1#viSeRaNam,14.1#karwA,4.1#-#karma,8.1#aBihiwa_karma	1	1	05	upaniRax	kenopaniRaw	-
11.1	waw	10.1	waw	wax{sarvanAma;napuM;1;eka}/wax{sarvanAma;napuM;2;eka}	wax{sarvanAma;napuM;2;eka}	karma,8.1;niwya_sambanXaH,1.1;niwya_sambanXaH,5.1	karma,8.1#niwya_sambanXaH,1.1#niwya_sambanXaH,5.1	1	1	05	upaniRax	kenopaniRaw	-
12.1	eva	11.1	eva	eva{avya}	eva{avya}	sambanXaH,11.1	sambanXaH,11.1	1	1	05	upaniRax	kenopaniRaw	-
13.1	brahma	12.1	brahma	brahman{napuM;1;eka}/brahman{napuM;2;eka}/brahma{napuM;8;eka}	brahman{napuM;2;eka}	karmasamAnAXikaraNam,8.1	muKyakarma,8.1#karmasamAnAXikaraNam,20.1#karmasamAnAXikaraNam,19.1#karmasamAnAXikaraNam,17.1#karmasamAnAXikaraNam,11.1#karmasamAnAXikaraNam,10.1#karmasamAnAXikaraNam,9.1#karma,22.1#karma,15.1#karma,4.1#viSeRaNam,14.1#karwA,4.1#karmasamAnAXikaraNam,14.1#karmasamAnAXikaraNam,2.1#karma,10.1#karmasamAnAXikaraNam,8.1	1	1	05	upaniRax	kenopaniRaw	-
14.1	wvam	13.1	wvam	yuRmax{sarvanAma;1;eka}	yuRmax{sarvanAma;1;eka}	karwA,15.1	karwA,15.1#karma,10.1	1	1	05	upaniRax	kenopaniRaw	-
15.1	vixXi	14.1	vixXi	vix1{karwari;lot;ma;eka;parasmEpaxI;axAxiH}	vix1{karwari;lot;ma;eka;parasmEpaxI;axAxiH}	aBihiwa_karwA,14.1	vAkyakarma,10.1#vAkyakarma,8.1#vAkyakarma,4.1#aBihiwa_karwA,14.1	1	1	05	upaniRax	kenopaniRaw	-
16.1	na	20.1	na	na{avya}	na{avya}	prawiReXaH,18.1	prawiReXaH,22.1#-#prawiReXaH#prawiReXaH,18.1	1	1	05	upaniRax	kenopaniRaw	-
17.1	ixam	19.1	ixam	ixam{sarvanAma;napuM;1;eka}/ixam{sarvanAma;napuM;2;eka}	ixam{sarvanAma;napuM;1;eka}ixam{sarvanAma;napuM;2;eka}	karwA,18.1	viSeRaNam,19.1#viSeRaNam,13.1#viSeRaNam,11.1#viSeRaNam,10.1#viSeRaNam,9.1#karma,22.1#karma,15.1#viSeRaNam,14.1#karma,10.1#karwA,16.1#karwA,18.1	1	1	05	upaniRax	kenopaniRaw	-
18.1	(aswi)	21.1	-	as{karwari;lat;pra;eka;parasmEpaxI;axAxiH}	as{karwari;lat;pra;eka;parasmEpaxI;axAxiH}	aBihiwa_karwA,17.1	-#aBihiwa_karwA,17.1	1	1	05	upaniRax	kenopaniRaw	-
19.1	yaw	15.1	yaw	yaw{avya}/yax{sarvanAma;napuM;1;eka}/yax{sarvanAma;napuM;2;eka}	yax{sarvanAma;napuM;2;eka}	karma,22.1;niwya_sambanXaH,17.1	karma,22.1#niwya_sambanXaH,17.1#karma,22.1#viSeRaNam,13.1#viSeRaNam,11.1#viSeRaNam,10.1#viSeRaNam,9.1#niwya_sambanXaH1,11.1#karma,22.1#karma,15.1#viSeRaNam,14.1#vAkyakarma_xyowakaH,22.1#vAkyakarma_xyowakaH,15.1#vAkyakarma_xyowakaH,10.1#vAkyakarma_xyowakaH,8.1#vAkyakarma_xyowakaH,4.1#sambanXaH,22.1#karma,22.1;niwya_sambanXaH,17.1#niwya_sambanXaH,1.1;niwya_sambanXaH,5.1	1	1	05	upaniRax	kenopaniRaw	-
2.1	manasA	2.1	manasA	manas{napuM;3;eka}/manasA{swrI;1;eka}	manas{napuM;3;eka}	karaNam,4.1	karaNam,4.1#viSeRaNam,14.1#karwA,4.1#karmasamAnAXikaraNam,20.1#karmasamAnAXikaraNam,19.1#karmasamAnAXikaraNam,17.1#karmasamAnAXikaraNam,14.1#karmasamAnAXikaraNam,13.1#karmasamAnAXikaraNam,11.1#karmasamAnAXikaraNam,9.1#karwA,10.1#karaNam,22.1#karaNam,15.1#hewuH,22.1#hewuH,15.1#hewuH,10.1#hewuH,8.1#hewuH,4.1	1	1	05	upaniRax	kenopaniRaw	-
20.1	ixam	16.1	ixam	ixam{sarvanAma;napuM;1;eka}/ixam{sarvanAma;napuM;2;eka}/ixam{sarvanAma;puM;1;eka}ixam{sarvanAma;napuM;2;eka}	ixam{sarvanAma;puM;1;eka}ixam{sarvanAma;napuM;2;eka}	viSeRaNam,21.1	viSeRaNam,19.1#viSeRaNam,13.1#viSeRaNam,11.1#viSeRaNam,10.1#viSeRaNam,9.1#karma,22.1#karma,15.1#viSeRaNam,14.1#viSeRaNam,21.1	1	1	05	upaniRax	kenopaniRaw	-
21.1	(lokaH)	17.1	-	loka{puM;1;eka}	loka{puM;1;eka}	karwA,22.1	-#karwA,22.1	1	1	05	upaniRax	kenopaniRaw	-
22.1	upAsawe	18.1	upAsawe	upa_As1{karwari;lat;pra;bahu;AwmanepaxI;axAxiH}/upAsaw{puM;4;eka(upa_As1;Sawq_lat;X;axAxiH)}/upAsaw{napuM;4;eka(upa_As1;Sawq_lat;X;axAxiH)}	upa_As1{karwari;lat;pra;bahu;AwmanepaxI;axAxiH}	aBihiwa_karwA,21.1	prayojanam1,15.1#prayojanam1,10.1#prayojanam1,8.1#prayojanam1,4.1#karmasamAnAXikaraNam,10.1#sampraxAnam,8.1#vAkyakarma,15.1#vAkyakarma,10.1#vAkyakarma,8.1#vAkyakarma,4.1#vAkyakarma,16.1#aBihiwa_karwA,21.1	1	1	05	upaniRax	kenopaniRaw	-
3.1	na	3.1	na	na{avya}	na{avya}	prawiReXaH,4.1	prawiReXaH,22.1#prawiReXaH,15.1#prawiReXaH,8.1#prawiReXaH,4.1	1	1	05	upaniRax	kenopaniRaw	-
4.1	manuwe	4.1	manuwe	man2{karwari;lat;pra;eka;AwmanepaxI;wanAxiH}	man2{karwari;lat;pra;eka;AwmanepaxI;wanAxiH}	aBihiwa_karwA	vAkyakarma,15.1#vAkyakarma,10.1#vAkyakarma,8.1#samucciwaH,10.1#samucciwaH,8.1#aBihiwa_karwA	1	1	05	upaniRax	kenopaniRaw	-
5.1	yena	5.1	yena	yena{avya}/yax{sarvanAma;puM;3;eka}/yax{sarvanAma;napuM;3;eka}	yax{sarvanAma;puM;3;eka}	karwA,10.1	viSeRaNam,2.1#niwya_sambanXaH1,11.1#karwA,10.1#karaNam,22.1#karaNam,15.1#hewuH,22.1#hewuH,15.1#hewuH,10.1#hewuH,8.1#hewuH,4.1	1	1	05	upaniRax	kenopaniRaw	-
6.1	(brahmavix)	8.1	-	brahmavix{puM;1;eka}	brahmavix{puM;1;eka}	karwA,8.1	-#karwA,8.1	1	1	05	upaniRax	kenopaniRaw	-
7.1	(iwi)	8.2	-	iwi{avya}	iwi{avya}	vAkyakarma_xyowakaH,8.1	-#vAkyakarma_xyowakaH,8.1	1	1	05	upaniRax	kenopaniRaw	-
8.1	AhuH	9.1	AhuH	brU1{karwari;lat;pra;bahu;parasmEpaxI;axAxiH}	brU1{karwari;lat;pra;bahu;parasmEpaxI;axAxiH}	vAkyakarma,15.1	vAkyakarma,15.1#vAkyakarma,10.1#vAkyakarma,4.1#aBihiwa_karwA,6.1	1	1	05	upaniRax	kenopaniRaw	-
9.1	manaH	6.1	manaH	manas{napuM;1;eka}/manas{napuM;2;eka}/manas{napuM;8;eka}	manas{napuM;1;eka}	karma,10.1	muKyakarma,8.1#karmasamAnAXikaraNam,20.1#karmasamAnAXikaraNam,19.1#karmasamAnAXikaraNam,17.1#karmasamAnAXikaraNam,13.1#karmasamAnAXikaraNam,11.1#karmasamAnAXikaraNam,10.1#karma,15.1#karma,4.1#viSeRaNam,14.1#karwA,4.1#karmasamAnAXikaraNam,14.1#karmasamAnAXikaraNam,2.1#karma,10.1	1	1	05	upaniRax	kenopaniRaw	-
1.1	yaw	1.1	yaw	yaw{avya}/yax{sarvanAma;napuM;1;eka}/yax{sarvanAma;napuM;2;eka}	yax{sarvanAma;napuM;2;eka}	karma,4.1	viSeRaNam,16.1#viSeRaNam,10.1#viSeRaNam,8.1#niwya_sambanXaH1,8.1#karma,7.1#karma,4.1#viSeRaNam,11.1#karwA,7.1#karwA,4.1#vAkyakarma_xyowakaH,19.1#vAkyakarma_xyowakaH,12.1#vAkyakarma_xyowakaH,7.1#vAkyakarma_xyowakaH,4.1#sambanXaH,19.1	1	1	06	upaniRax	kenopaniRaw	-
10.1	brahma	10.1	brahma	brahman{napuM;1;eka}/brahman{napuM;2;eka}/brahma{napuM;8;eka}	brahman{napuM;2;eka}	karmasamAnAXikaraNam,12.1	karmasamAnAXikaraNam,12.1#karmasamAnAXikaraNam,18.1#karmasamAnAXikaraNam,16.1#karmasamAnAXikaraNam,14.1#karmasamAnAXikaraNam,8.1#karma,19.1#karma,12.1#karma,7.1#karma,4.1#viSeRaNam,11.1#karwA,7.1#karwA,4.1	1	1	06	upaniRax	kenopaniRaw	-
11.1	wvam	11.1	wvam	yuRmax{sarvanAma;1;eka}	yuRmax{sarvanAma;1;eka}	karwA,12.1	karwA,12.1	1	1	06	upaniRax	kenopaniRaw	-
12.1	vixXi	12.1	vixXi	vix1{karwari;lot;ma;eka;parasmEpaxI;axAxiH}	vix1{karwari;lot;ma;eka;parasmEpaxI;axAxiH}	aBihiwa_karwA,11.1	vAkyakarma,7.1#vAkyakarma,4.1#aBihiwa_karwA,11.1	1	1	06	upaniRax	kenopaniRaw	-
13.1	na	18.1	na	na{avya}	na{avya}	prawiReXaH,15.1	prawiReXaH,19.1#-#prawiReXaH#prawiReXaH,15.1	1	1	06	upaniRax	kenopaniRaw	-
14.1	ixam	17.1	ixam	ixam{sarvanAma;napuM;1;eka}/ixam{sarvanAma;napuM;2;eka}	ixam{sarvanAma;napuM;1;eka}ixam{sarvanAma;napuM;2;eka}	karwA,15.1	viSeRaNam,16.1#viSeRaNam,10.1#viSeRaNam,8.1#karma,19.1#karma,12.1#karma,7.1#viSeRaNam,11.1#karwA,7.1#karma,13.1#karwA,#karwA,15.1	1	1	06	upaniRax	kenopaniRaw	-
15.1	(aswi)	19.1	-	as{karwari;lat;pra;eka;parasmEpaxI;axAxiH}	as{karwari;lat;pra;eka;parasmEpaxI;axAxiH}	aBihiwa_karwA,14.1	-#aBihiwa_karwA,14.1	1	1	06	upaniRax	kenopaniRaw	-
16.1	yaw	13.1	yaw	yaw{avya}/yax{sarvanAma;napuM;1;eka}/yax{sarvanAma;napuM;2;eka}	yax{sarvanAma;napuM;2;eka}	karma,19.1;niwya_sambanXaH,14.1	karma,19.1#niwya_sambanXaH,14.1	1	1	06	upaniRax	kenopaniRaw	-
17.1	ixam	14.1	ixam	ixam{sarvanAma;napuM;1;eka}/ixam{sarvanAma;napuM;2;eka}	ixam{sarvanAma;napuM;1;eka}ixam{sarvanAma;napuM;2;eka}	viSeRaNam,18.1	viSeRaNam,16.1#viSeRaNam,10.1#viSeRaNam,8.1#karma,19.1#karma,12.1#viSeRaNam,11.1#viSeRaNam,18.1	1	1	06	upaniRax	kenopaniRaw	-
18.1	(lokaH)	15.1	-	loka{puM;1;eka}	loka{puM;1;eka}	karwA,19.1	-#karwA,19.1	1	1	06	upaniRax	kenopaniRaw	-
19.1	upAsawe	16.1	upAsawe	upa_As1{karwari;lat;pra;bahu;AwmanepaxI;axAxiH}/upAsaw{puM;4;eka(upa_As1;Sawq_lat;X;axAxiH)}/upAsaw{napuM;4;eka(upa_As1;Sawq_lat;X;axAxiH)}	upa_As1{karwari;lat;pra;bahu;AwmanepaxI;axAxiH}	aBihiwa_karwA,18.1	prayojanam1,12.1#prayojanam1,7.1#prayojanam1,4.1#vAkyakarma,12.1#vAkyakarma,7.1#vAkyakarma,4.1#vAkyakarma,13.1#aBihiwa_karwA,18.1	1	1	06	upaniRax	kenopaniRaw	-
2.1	cakRuRA	2.1	cakRuRA	cakRus{napuM;3;eka}	cakRus{napuM;3;eka}	karaNam,4.1	karaNam,4.1#karaNam,19.1#karaNam,12.1#karaNam,7.1#karaNam,4.1#hewuH,19.1#hewuH,12.1#hewuH,7.1#hewuH,4.1	1	1	06	upaniRax	kenopaniRaw	-
3.1	na	3.1	na	na{avya}	na{avya}	prawiReXaH,4.1	prawiReXaH,19.1#prawiReXaH,12.1#prawiReXaH,7.1#prawiReXaH,4.1	1	1	06	upaniRax	kenopaniRaw	-
4.1	paSyawi	4.1	paSyawi	xqS1{karwari;lat;pra;eka;parasmEpaxI;BvAxiH}	xqS1{karwari;lat;pra;eka;parasmEpaxI;BvAxiH}	aBihiwa_karwA	vAkyakarma,12.1#vAkyakarma,7.1#samucciwaH,7.1#aBihiwa_karwA	1	1	06	upaniRax	kenopaniRaw	-
5.1	yena	5.1	yena	yena{avya}/yax{sarvanAma;puM;3;eka}/yax{sarvanAma;napuM;3;eka}	yax{sarvanAma;puM;3;eka}	karwA,7.1	karwA,7.1#viSeRaNam,2.1#niwya_sambanXaH1,8.1#karaNam,19.1#karaNam,12.1#karaNam,7.1#karaNam,4.1#hewuH,19.1#hewuH,12.1#hewuH,7.1#hewuH,4.1#karwA,7.1	1	1	06	upaniRax	kenopaniRaw	-
6.1	cakRUMRi	6.1	cakRUMRi	cakRus{napuM;1;bahu}/cakRus{napuM;2;bahu}/cakRus{napuM;8;bahu}	cakRus{napuM;2;bahu}	karma,7.1	karma,12.1#karma,7.1#karma,4.1	1	1	06	upaniRax	kenopaniRaw	-
7.1	paSyawi	7.1	paSyawi	xqS1{karwari;lat;pra;eka;parasmEpaxI;BvAxiH}	xqS1{karwari;lat;pra;eka;parasmEpaxI;BvAxiH}	aBihiwa_karwA	vAkyakarma,12.1#vAkyakarma,4.1#aBihiwa_karwA	1	1	06	upaniRax	kenopaniRaw	-
8.1	waw	8.1	waw	wax{sarvanAma;napuM;1;eka}/wax{sarvanAma;napuM;2;eka}	wax{sarvanAma;napuM;2;eka}	karma,12.1;niwya_sambanXaH,1.1;niwya_sambanXaH,5.1	karma,12.1#niwya_sambanXaH,1.1#niwya_sambanXaH,5.1	1	1	06	upaniRax	kenopaniRaw	-
9.1	eva	9.1	eva	eva{avya}	eva{avya}	sambanXaH,8.1	sambanXaH,8.1	1	1	06	upaniRax	kenopaniRaw	-
1.1	yaw	1.1	yaw	yaw{avya}/yax{sarvanAma;napuM;1;eka}/yax{sarvanAma;napuM;2;eka}	yax{sarvanAma;napuM;2;eka}	karma,4.1	viSeRaNam,17.1#viSeRaNam,11.1#viSeRaNam,9.1#viSeRaNam,8.1#viSeRaNam,6.1#niwya_sambanXaH1,9.1#karma,4.1#viSeRaNam,12.1#karwA,4.1#karma,8.1#vAkyakarma_xyowakaH,19.1#vAkyakarma_xyowakaH,13.1#vAkyakarma_xyowakaH,8.1#vAkyakarma_xyowakaH,4.1#sambanXaH,19.1	1	1	07	upaniRax	kenopaniRaw	-
10.1	eva	10.1	eva	eva{avya}	eva{avya}	sambanXaH,9.1	sambanXaH,9.1	1	1	07	upaniRax	kenopaniRaw	-
11.1	brahma	11.1	brahma	brahman{napuM;1;eka}/brahman{napuM;2;eka}/brahma{napuM;8;eka}	brahman{napuM;2;eka}	karmasamAnAXikaraNam,13.1	karmasamAnAXikaraNam,13.1#karmasamAnAXikaraNam,18.1#karmasamAnAXikaraNam,17.1#karmasamAnAXikaraNam,15.1#karmasamAnAXikaraNam,9.1#karmasamAnAXikaraNam,8.1#karmasamAnAXikaraNam,7.1#karmasamAnAXikaraNam,6.1#karma,19.1#karma,13.1#karma,4.1#viSeRaNam,12.1#karwA,4.1#karma,8.1	1	1	07	upaniRax	kenopaniRaw	-
12.1	wvam	12.1	wvam	yuRmax{sarvanAma;1;eka}	yuRmax{sarvanAma;1;eka}	karwA,13.1	karwA,13.1#karma,8.1	1	1	07	upaniRax	kenopaniRaw	-
13.1	vixXi	13.1	vixXi	vix1{karwari;lot;ma;eka;parasmEpaxI;axAxiH}	vix1{karwari;lot;ma;eka;parasmEpaxI;axAxiH}	aBihiwa_karwA,12.1	vAkyakarma,8.1#vAkyakarma,4.1#aBihiwa_karwA,12.1	1	1	07	upaniRax	kenopaniRaw	-
14.1	na	18.1	na	na{avya}	na{avya}	prawiReXaH,16.1	prawiReXaH,19.1#-#prawiReXaH#prawiReXaH,16.1	1	1	07	upaniRax	kenopaniRaw	-
15.1	ixam	17.1	ixam	ixam{sarvanAma;napuM;1;eka}/ixam{sarvanAma;napuM;2;eka}	ixam{sarvanAma;napuM;1;eka}ixam{sarvanAma;napuM;2;eka}	karwA,16.1	viSeRaNam,17.1#viSeRaNam,11.1#viSeRaNam,9.1#viSeRaNam,8.1#viSeRaNam,6.1#karma,19.1#karma,13.1#viSeRaNam,12.1#karma,8.1#karma,14.1#karwA,#karwA,16.1	1	1	07	upaniRax	kenopaniRaw	-
16.1	(aswi)	19.1	-	as{karwari;lat;pra;eka;parasmEpaxI;axAxiH}	as{karwari;lat;pra;eka;parasmEpaxI;axAxiH}	aBihiwa_karwA,15.1	-#aBihiwa_karwA,15.1	1	1	07	upaniRax	kenopaniRaw	-
17.1	yaw	14.1	yaw	yaw{avya}/yax{sarvanAma;napuM;1;eka}/yax{sarvanAma;napuM;2;eka}	yax{sarvanAma;napuM;2;eka}	karma,19.1;niwya_sambanXaH,15.1	karma,19.1#niwya_sambanXaH,15.1#karma,19.1#viSeRaNam,11.1#viSeRaNam,9.1#viSeRaNam,8.1#viSeRaNam,6.1#niwya_sambanXaH1,9.1#karma,19.1#karma,13.1#viSeRaNam,12.1#vAkyakarma_xyowakaH,19.1#vAkyakarma_xyowakaH,13.1#vAkyakarma_xyowakaH,8.1#vAkyakarma_xyowakaH,4.1#sambanXaH,19.1#viSeRaNam,18.1#karma,19.1;niwya_sambanXaH,15.1	1	1	07	upaniRax	kenopaniRaw	-
18.1	ixam	15.1	ixam	ixam{sarvanAma;napuM;1;eka}/ixam{sarvanAma;napuM;2;eka}	ixam{sarvanAma;napuM;1;eka}ixam{sarvanAma;napuM;2;eka}	karwA,19.1	viSeRaNam,17.1#viSeRaNam,11.1#viSeRaNam,9.1#viSeRaNam,8.1#viSeRaNam,6.1#karma,19.1#karma,13.1#viSeRaNam,12.1#karwA,19.1	1	1	07	upaniRax	kenopaniRaw	-
19.1	upAsawe	16.1	upAsawe	upa_As1{karwari;lat;pra;bahu;AwmanepaxI;axAxiH}/upAsaw{puM;4;eka(upa_As1;Sawq_lat;X;axAxiH)}/upAsaw{napuM;4;eka(upa_As1;Sawq_lat;X;axAxiH)}	upa_As1{karwari;lat;pra;bahu;AwmanepaxI;axAxiH}	aBihiwa_karwA,18.1	prayojanam1,13.1#prayojanam1,8.1#prayojanam1,4.1#vAkyakarma,13.1#vAkyakarma,8.1#vAkyakarma,4.1#vAkyakarma,14.1#aBihiwa_karwA,18.1	1	1	07	upaniRax	kenopaniRaw	-
2.1	SrowreNa	2.1	SrowreNa	Srowra{napuM;3;eka}	Srowra{napuM;3;eka}	karaNam,4.1	karwA,8.1#karaNam,19.1#karaNam,13.1#karaNam,8.1#karaNam,4.1#hewuH,19.1#hewuH,13.1#hewuH,8.1#hewuH,4.1	1	1	07	upaniRax	kenopaniRaw	-
3.1	na	3.1	na	na{avya}	na{avya}	prawiReXaH,4.1	prawiReXaH,19.1#prawiReXaH,13.1#prawiReXaH,4.1	1	1	07	upaniRax	kenopaniRaw	-
4.1	SqNowi	4.1	SqNowi	Sru1{karwari;lat;pra;eka;parasmEpaxI;BvAxiH}	Sru1{karwari;lat;pra;eka;parasmEpaxI;BvAxiH}	aBihiwa_karwA	vAkyakarma,13.1#vAkyakarma,8.1#aBihiwa_karwA,1.1#aBihiwa_karwA	1	1	07	upaniRax	kenopaniRaw	-
5.1	yena	5.1	yena	yena{avya}/yax{sarvanAma;puM;3;eka}/yax{sarvanAma;napuM;3;eka}	yax{sarvanAma;puM;3;eka}	karwA,8.1	viSeRaNam,2.1#niwya_sambanXaH1,9.1#karwA,8.1#karaNam,19.1#karaNam,13.1#karaNam,8.1#karaNam,4.1#hewuH,19.1#hewuH,13.1#hewuH,8.1#hewuH,4.1	1	1	07	upaniRax	kenopaniRaw	-
6.1	Srowram	7.1	Srowram	Srowra{napuM;1;eka}/Srowra{napuM;2;eka}	Srowra{napuM;2;eka}	karma,8.1	karmasamAnAXikaraNam,18.1#karmasamAnAXikaraNam,17.1#karmasamAnAXikaraNam,15.1#karmasamAnAXikaraNam,11.1#karmasamAnAXikaraNam,9.1#karmasamAnAXikaraNam,8.1#karmasamAnAXikaraNam,7.1#karma,13.1#karma,4.1#viSeRaNam,12.1#karwA,4.1#karma,8.1	1	1	07	upaniRax	kenopaniRaw	-
7.1	ixam	6.1	ixam	ixam{sarvanAma;napuM;1;eka}/ixam{sarvanAma;napuM;2;eka}	ixam{sarvanAma;napuM;2;eka}ixam{sarvanAma;napuM;2;eka}	viSeRaNam,6.1	viSeRaNam,17.1#viSeRaNam,11.1#viSeRaNam,9.1#viSeRaNam,8.1#viSeRaNam,6.1#karma,13.1#karma,4.1#viSeRaNam,12.1#karwA,4.1#karma,8.1	1	1	07	upaniRax	kenopaniRaw	-
8.1	Sruwam	8.1	Sruwam	Sruwa{puM;2;eka(Sru1;kwa;X;BvAxiH)}/Sruwa{napuM;1;eka(Sru1;kwa;X;BvAxiH)}/Sruwa{napuM;2;eka(Sru1;kwa;X;BvAxiH)}	Sruwa{puM;1;eka(Sru1;kwa;X;BvAxiH)}	aBihiwa_karma	viSeRaNam,18.1#viSeRaNam,17.1#viSeRaNam,15.1#viSeRaNam,11.1#viSeRaNam,9.1#viSeRaNam,7.1#viSeRaNam,6.1#vAkyakarma,13.1#vAkyakarma,4.1#karmasamAnAXikaraNam,7.1#karmasamAnAXikaraNam,6.1#karmasamAnAXikaraNam,1.1#viSeRaNam,12.1#karwA,4.1#samucciwaH,4.1#aBihiwa_karma	1	1	07	upaniRax	kenopaniRaw	-
9.1	waw	9.1	waw	wax{sarvanAma;napuM;1;eka}/wax{sarvanAma;napuM;2;eka}	wax{sarvanAma;napuM;2;eka}wax{sarvanAma;napuM;2;eka}	karma,13.1;niwya_sambanXaH,1.1;niwya_sambanXaH,5.1	niwya_sambanXaH,1.1#niwya_sambanXaH,5.1#karma,13.1#viSeRaNam,17.1#viSeRaNam,11.1#viSeRaNam,8.1#viSeRaNam,6.1#karma,13.1#karma,4.1#viSeRaNam,12.1#karwA,4.1#karma,8.1	1	1	07	upaniRax	kenopaniRaw	-
1.1	yaw	1.1	yaw	yaw{avya}/yax{sarvanAma;napuM;1;eka}/yax{sarvanAma;napuM;2;eka}	yax{sarvanAma;napuM;2;eka}	karma,4.1	viSeRaNam,16.1#viSeRaNam,10.1#viSeRaNam,8.1#niwya_sambanXaH1,8.1#viSeRaNam,11.1#vAkyakarma_xyowakaH,18.1#sambanXaH,18.1#karma,4.1	1	1	08	upaniRax	kenopaniRaw	-
10.1	brahma	10.1	brahma	brahman{napuM;1;eka}/brahman{napuM;2;eka}/brahma{napuM;8;eka}	brahman{napuM;2;eka}	karmasamAnAXikaraNa,12.1	karmasamAnAXikaraNam,17.1#karmasamAnAXikaraNam,16.1#karmasamAnAXikaraNam,14.1#karmasamAnAXikaraNam,8.1#karma,18.1#karma,12.1#viSeRaNam,11.1#karmasamAnAXikaraNa,12.1	1	1	08	upaniRax	kenopaniRaw	-
11.1	wvam	11.1	wvam	yuRmax{sarvanAma;1;eka}	yuRmax{sarvanAma;1;eka}	karwA,12.1	karwA,12.1	1	1	08	upaniRax	kenopaniRaw	-
12.1	vixXi	12.1	vixXi	vix1{karwari;lot;ma;eka;parasmEpaxI;axAxiH}	vix1{karwari;lot;ma;eka;parasmEpaxI;axAxiH}	aBihiwa_karwA,11.1	-#aBihiwa_karwA,11.1	1	1	08	upaniRax	kenopaniRaw	-
13.1	na	17.1	na	na{avya}	na{avya}	prawiReXaH,15.1	prawiReXaH,18.1#-#prawiReXaH#prawiReXaH,15.1	1	1	08	upaniRax	kenopaniRaw	-
14.1	ixam	16.1	ixam	ixam{sarvanAma;napuM;1;eka}/ixam{sarvanAma;napuM;2;eka}	ixam{sarvanAma;napuM;1;eka}ixam{sarvanAma;napuM;2;eka}	karwA,15.1	viSeRaNam,16.1#viSeRaNam,10.1#viSeRaNam,8.1#karma,18.1#karma,12.1#viSeRaNam,11.1#karma,13.1#karwA,#karwA,15.1	1	1	08	upaniRax	kenopaniRaw	-
15.1	(aswi)	-	-	as{karwari;lat;pra;eka;parasmEpaxI;axAxiH}	as{karwari;lat;pra;eka;parasmEpaxI;axAxiH}	aBihiwa_karwA,14.1	-#aBihiwa_karwA,14.1	1	1	08	upaniRax	kenopaniRaw	-
16.1	yaw	13.1	yaw	yaw{avya}/yax{sarvanAma;napuM;1;eka}/yax{sarvanAma;napuM;2;eka}	yax{sarvanAma;napuM;2;eka}	karma,18.1;niwya_sambanXaH,14.1	karma,18.1#viSeRaNam,10.1#viSeRaNam,8.1#niwya_sambanXaH1,8.1#karma,18.1#karma,12.1#viSeRaNam,11.1#vAkyakarma_xyowakaH,18.1#sambanXaH,18.1#viSeRaNam,17.1#karma,17.1#niwya_sambanXaH,14.1	1	1	08	upaniRax	kenopaniRaw	-
17.1	ixam	14.1	ixam	ixam{sarvanAma;napuM;1;eka}/ixam{sarvanAma;napuM;2;eka}	ixam{sarvanAma;napuM;1;eka}ixam{sarvanAma;napuM;2;eka}	karwA,18.1	viSeRaNam,16.1#viSeRaNam,10.1#viSeRaNam,8.1#karma,18.1#karma,12.1#viSeRaNam,11.1#karwA,18.1	1	1	08	upaniRax	kenopaniRaw	-
18.1	upAsawe	15.1	upAsawe	upa_As1{karwari;lat;pra;bahu;AwmanepaxI;axAxiH}/upAsaw{puM;4;eka(upa_As1;Sawq_lat;X;axAxiH)}/upAsaw{napuM;4;eka(upa_As1;Sawq_lat;X;axAxiH)}	upa_As1{karwari;lat;pra;bahu;AwmanepaxI;axAxiH}	aBihiwa_karwA,17.1	prayojanam1,12.1#vAkyakarma,12.1#vAkyakarma,13.1#aBihiwa_karwA,17.1	1	1	08	upaniRax	kenopaniRaw	-
2.1	prANena	2.1	prANena	prANa{puM;3;eka}	prANa{puM;3;eka}	karaNam,4.1	karaNam,4.1#karaNam,18.1#karaNam,12.1#hewuH,18.1#hewuH,12.1	1	1	08	upaniRax	kenopaniRaw	-
3.1	na	3.1	na	na{avya}	na{avya}	prawiReXaH,4.1	prawiReXaH,4.1#prawiReXaH,18.1#prawiReXaH,12.1	1	1	08	upaniRax	kenopaniRaw	-
4.1	prANiwi	4.1	prANiwi	pra_ana{karwari;lat;pra;e;parasmEpaxI;axAxiH}	pra_ana{karwari;lat;pra;e;parasmEpaxI;axAxiH}	aBihiwa_karwA	-#samucciwaH,7.1#aBihiwa_karwA	1	1	08	upaniRax	kenopaniRaw	-
5.1	yena	5.1	yena	yena{avya}/yax{sarvanAma;puM;3;eka}/yax{sarvanAma;napuM;3;eka}	yax{sarvanAma;napuM;3;eka}	karwA,7.1	karwA,7.1#niwya_sambanXaH1,8.1#karaNam,18.1#karaNam,12.1#hewuH,18.1#hewuH,12.1#viSeRaNam,2.1	1	1	08	upaniRax	kenopaniRaw	-
6.1	prANaH	6.1	prANaH	prANa{puM;1;eka}	prANa{puM;1;eka}	karma,7.1	viSeRaNam,11.1#karma,7.1	1	1	08	upaniRax	kenopaniRaw	-
7.1	praNIyawe	7.1	praNIyawe	pra_ana{karmaNi;lat;pra;e;parasmEpaxI;axAxiH}	pra_ana{karmaNi;lat;pra;e;parasmEpaxI;axAxiH}	aBihiwa_karwA,5.1	-#vAkyakarma,12.1#aBihiwa_karwA,5.1	1	1	08	upaniRax	kenopaniRaw	-
8.1	waw	8.1	waw	wax{sarvanAma;napuM;1;eka}/wax{sarvanAma;napuM;2;eka}	wax{sarvanAma;napuM;1;eka}wax{sarvanAma;napuM;2;eka}	karma,12.1;niwya_sambanXaH,1.1;niwya_sambanXaH,5.1	karma,12.1#niwya_sambanXaH,1.1#niwya_sambanXaH,5.1	1	1	08	upaniRax	kenopaniRaw	-
9.1	eva	9.1	eva	eva{avya}	eva{avya}	sambanXaH,8.1	sambanXaH,8.1	1	1	08	upaniRax	kenopaniRaw	-
1.1	yaxi	1.1	yaxi	yaxi{avya}	yaxi{avya}	AvaSyakawA_xyowakaH,2.1	AvaSyakawA_xyowakaH,2.1	1	2	01	upaniRax	kenopaniRaw	-
10.1	wvam	7.1	wvam	yuRmax{sarvanAma;1;eka}	yuRmax{sarvanAma;1;eka}	karwA,11.1	viSeRaNam,17.1#karwA,16.1#karwA,11.1	1	2	01	upaniRax	kenopaniRaw	-
11.1	vewWa	13.1	vewWa	vix1{karwari;lat;ma;eka;parasmEpaxI;axAxiH}	vix1{karwari;lat;ma;eka;parasmEpaxI;axAxiH}	aBihiwa_karwA	vAkyakarma,37.1#vAkyakarma,36.1#vAkyakarma,4.1#samucciwaH,2.1#aBihiwa_karwA	1	2	01	upaniRax	kenopaniRaw	-
12.1	brahmaNaH	8.1	brahmaNaH	brahman{puM;2;bahu}/brahman{puM;5;eka}/brahman{puM;6;eka}/brahman{napuM;5;eka}/brahman{napuM;6;eka}	brahman{puM;6;eka}	RaRTIsambanXaH,13.1	viSeRaNam,34.1#sup_samucciwaH,22.1#karwA,32.1#karma,32.1#RaRTIsambanXaH,23.1#RaRTIsambanXaH,13.1#RaRTIsambanXaH,6.1#RaRTIsambanXaH,4.1#hewuH5,37.1#hewuH5,36.1#hewuH5,32.1#hewuH5,22.1#hewuH5,16.1#hewuH5,11.1#hewuH5,4.1#apAxAnam,37.1#apAxAnam,11.1#apAxAnam,4.1#karma,22.1#karma,16.1#karma,11.1	1	2	01	upaniRax	kenopaniRaw	-
13.1	rUpam	9.1	rUpam	rUpa{napuM;1;eka}/rUpa{napuM;2;eka}	rUpa{napuM;2;eka}	karma,11.1	karmasamAnAXikaraNam,37.1#karmasamAnAXikaraNam,32.1#karmasamAnAXikaraNam,20.1#karmasamAnAXikaraNam,14.1#karmasamAnAXikaraNam,6.1#karma,22.1#karma,16.1#karma,11.1#viSeRaNam,17.1#viSeRaNam,10.1#karmasamAnAXikaraNam,17.1#karmasamAnAXikaraNam,10.1	1	2	01	upaniRax	kenopaniRaw	-
14.1	yaw	17.1	yaw	yaw{avya}/yax{sarvanAma;napuM;1;eka}/yax{sarvanAma;napuM;2;eka}	yax{sarvanAma;napuM;2;eka}	viSeRaNam,15.1;niwya_sambanXaH,25.1	viSeRaNam,15.1#niwya_sambanXaH,25.1	1	2	01	upaniRax	kenopaniRaw	-
15.1	(rUpam)	18.1	-	rUpa{napuM;1;eka}/rUpa{napuM;2;eka}	rUpa{napuM;2;eka}	karma,19.1	-#karma#karma,19.1	1	2	01	upaniRax	kenopaniRaw	-
16.1	asya	16.1	asya	ixam{sarvanAma;puM;6;eka}/ixam{sarvanAma;napuM;6;eka}/as3{karwari;lot;ma;eka;parasmEpaxI;xivAxiH}	ixam{sarvanAma;puM;6;eka}	RaRTIsambanXaH,15.1	vAkyakarma,37.1#vAkyakarma,36.1#vAkyakarma,11.1#vAkyakarma,4.1#samucciwaH,22.1#viSeRaNam,34.1#viSeRaNam,12.1#sup_samucciwaH,22.1#karwA,32.1#karma,32.1#RaRTIsambanXaH,23.1#RaRTIsambanXaH,13.1#RaRTIsambanXaH,12.1#RaRTIsambanXaH,6.1#RaRTIsambanXaH,4.1#RaRTIsambanXaH,15.1	1	2	01	upaniRax	kenopaniRaw	-
17.1	wvam	14.1	wvam	yuRmax{sarvanAma;1;eka}	yuRmax{sarvanAma;1;eka}	karwA,19.1	viSeRaNam,10.1#karwA,22.1#karwA,16.1#karwA,11.1#karma,32.1#karwA,19.1	1	2	01	upaniRax	kenopaniRaw	-
18.1	(BUweRu)	15.1	-	BUwa{puM;7;bahu}	BUwa{puM;7;bahu}	aXikaraNam,19.1	-#aXikaraNam#aXikaraNam,19.1	1	2	01	upaniRax	kenopaniRaw	-
19.1	(vewWa)	19.1	-	vix1{karwari;lat;ma;eka;parasmEpaxI;axAxiH}	vix1{karwari;lat;ma;eka;parasmEpaxI;axAxiH}	aBihiwa_karwA,17.1	-#aBihiwa_karwA#aBihiwa_karwA,17.1	1	2	01	upaniRax	kenopaniRaw	-
2.1	manyase	2.1	manyase	man2{karmaNi;lat;ma;eka;AwmanepaxI;wanAxiH}/man1{karwari;lat;ma;eka;AwmanepaxI;xivAxiH}	man2{karmaNi;lat;ma;eka;AwmanepaxI;wanAxiH}	aBihiwa_karwA	vAkyakarma,37.1#vAkyakarma,36.1#vAkyakarma,11.1#vAkyakarma,4.1#samucciwaH,11.1#aBihiwa_karwA	1	2	01	upaniRax	kenopaniRaw	-
20.1	yaw	22.1	yaw	yaw{avya}/yax{sarvanAma;napuM;1;eka}/yax{sarvanAma;napuM;2;eka}	yax{sarvanAma;napuM;2;eka}	viSeRaNam,21.1;niwya_sambanXaH,25.1	viSeRaNam,21.1#niwya_sambanXaH,25.1	1	2	01	upaniRax	kenopaniRaw	-
21.1	(rUpam)	23.1	-	rUpa{napuM;1;eka}/rUpa{napuM;2;eka}	rUpa{napuM;2;eka}	karma,24.1	-#karma#karma,24.1	1	2	01	upaniRax	kenopaniRaw	-
22.1	asya	21.1	asya	ixam{sarvanAma;puM;6;eka}/ixam{sarvanAma;napuM;6;eka}/as3{karwari;lot;ma;eka;parasmEpaxI;xivAxiH}	ixam{sarvanAma;puM;6;eka}	RaRTIsambanXaH,21.1	vAkyakarma,37.1#vAkyakarma,36.1#vAkyakarma,11.1#vAkyakarma,4.1#samucciwaH,16.1#viSeRaNam,34.1#viSeRaNam,12.1#karwA,32.1#karma,32.1#RaRTIsambanXaH,23.1#RaRTIsambanXaH,13.1#RaRTIsambanXaH,12.1#RaRTIsambanXaH,6.1#RaRTIsambanXaH,4.1#RaRTIsambanXaH,21.1	1	2	01	upaniRax	kenopaniRaw	-
23.1	xeveRu	20.1	xeveRu	xeva{puM;7;bahu}	xeva{puM;7;bahu}	aXikaraNam,24.1	aXikaraNam,37.1#aXikaraNam,36.1#aXikaraNam,32.1#aXikaraNam,22.1#aXikaraNam,16.1#aXikaraNam,11.1#aXikaraNam,4.1#aXikaraNam,24.1	1	2	01	upaniRax	kenopaniRaw	-
24.1	(vewWa)	24.1	-	vix1{karwari;lat;ma;eka;parasmEpaxI;axAxiH}	vix1{karwari;lat;ma;eka;parasmEpaxI;axAxiH}	aBihiwa_karwA	-#aBihiwa_karwA	1	2	01	upaniRax	kenopaniRaw	-
25.1	(waw)	25.1	-	waw{avya}/waw{sarvanAma;napuM;1;eka}/waw{sarvanAma;napuM;2;eka}	waw{sarvanAma;napuM;1;eka}	viSeRaNam,26.1	-#viSeRaNam,26.1	1	2	01	upaniRax	kenopaniRaw	-
26.1	(sarvam)	26.1	-	sarva{sarva;puM;2;eka}/sarva{sarva;napuM;2;eka}/sarva{sarva;napuM;2;eka}/sarva{sarva;napuM;1;eka}	sarva{sarva;napuM;1;eka}	karwA,29.1	-#karwA,29.1	1	2	01	upaniRax	kenopaniRaw	-
27.1	(alpam)	27.1	-	alpa{napuM;1;eka}/alpa{napuM;2;eka}/alpa{puM;2;eka}	alpa{napuM;1;eka}	viXeya_viSeRaNam,26.1	-#viXeya_viSeRaNam,26.1	1	2	01	upaniRax	kenopaniRaw	-
28.1	(eva)	28.1	-	eva{avya}	eva{avya}	sambanXaH,27.1	-#sambanXaH,27.1	1	2	01	upaniRax	kenopaniRaw	-
29.1	(aswi)	29.1	-	as{karwari;lat;pra;eka;parasmEpaxI;axAxiH}	as{karwari;lat;pra;eka;parasmEpaxI;axAxiH}	aBihiwa_karwA,26.1	-#aBihiwa_karwA,26.1	1	2	01	upaniRax	kenopaniRaw	-
3.1	su	3.1	su	su{avya}	su{avya}	uwkqRtawA_xyowakaH,4.1	uwkqRtawA_xyowakaH,4.1	1	2	01	upaniRax	kenopaniRaw	-
30.1	aWa	30.1	aWa	aWa{avya}	aWa{avya}	sambanXaH,32.1	viroXa_xyowakaH,37.1#viroXa_xyowakaH,36.1#viroXa_xyowakaH,32.1#sup_samuccaya_xyowakaH,33.1#samuccaya_xyowakaH,23.1#sambanXaH,36.1#sambanXaH,32.1	1	2	01	upaniRax	kenopaniRaw	-
31.1	nu	31.1	nu	nu{avya}	nu{avya}	sambanXaH,32.1	sup_samucciwaH,33.1#sup_samucciwaH,#sambanXaH,30.1#sambanXaH,32.1	1	2	01	upaniRax	kenopaniRaw	-
32.1	mImAMsyam	33.1	mImAMsyam	mImAMsya{puM;2;eka(mAn1;yaw;X;BvAxiH)}/mImAMsya{napuM;1;eka(mAn1;yaw;X;BvAxiH)}/mImAMsya{napuM;2;eka(mAn1;yaw;X;BvAxiH)}	mImAMsya{puM;2;eka(mAn1;yaw;X;BvAxiH)}	vAkyakarma,36.1	vAkyakarma,36.1#viroXakaH,22.1#viroXakaH,16.1#viroXakaH,11.1#viroXakaH,4.1#viroXakaH,2.1#viSeRaNam,37.1#viSeRaNam,20.1#viSeRaNam,14.1#viSeRaNam,13.1#viSeRaNam,6.1#karmasamAnAXikaraNam,20.1#karmasamAnAXikaraNam,14.1#karmasamAnAXikaraNam,13.1#karmasamAnAXikaraNam,6.1#karma,36.1#karma,22.1#viSeRaNam,17.1#viSeRaNam,10.1#karmasamAnAXikaraNam,17.1#karmasamAnAXikaraNam,10.1	1	2	01	upaniRax	kenopaniRaw	-
33.1	eva	34.1	eva	eva{avya}	eva{avya}	sambanXaH,32.1	sambanXaH,32.1	1	2	01	upaniRax	kenopaniRaw	-
34.1	we	32.1	we	wax{sarvanAma;puM;1;bahu}/wax{sarvanAma;napuM;1;xvi}/wax{sarvanAma;napuM;2;xvi}/wax{sarvanAma;swrI;1;xvi}/wax{sarvanAma;swrI;2;xvi}/yuRmax{sarvanAma;6;eka}/yuRmax{sarvanAma;4;eka}/wax{sarvanAma;puM;4;bahu}	wax{sarvanAma;puM;4;bahu}	prayojanam,32.1	prayojanam1,37.1#prayojanam1,36.1#prayojanam1,32.1#prayojanam1,22.1#prayojanam1,16.1#prayojanam1,11.1#prayojanam1,4.1#karmasamAnAXikaraNam,36.1#sup_samucciwaH,22.1#RaRTIsambanXaH,23.1#RaRTIsambanXaH,13.1#RaRTIsambanXaH,12.1#RaRTIsambanXaH,6.1#RaRTIsambanXaH,4.1#karma,36.1#karma,22.1#karma,32.1	1	2	01	upaniRax	kenopaniRaw	-
35.1	(aham)	37.1	-	asmax{sarva;a;1;eka}	asmax{sarva;a;1;eka}	karwA,36.1	-#karwA,36.1	1	2	01	upaniRax	kenopaniRaw	-
36.1	manye	38.1	manye	man2{karmaNi;lat;u;eka;AwmanepaxI;wanAxiH}/man1{karwari;lat;u;eka;AwmanepaxI;xivAxiH}	man2{karmaNi;lat;u;eka;AwmanepaxI;wanAxiH}	aBihiwa_karwA,35.1	viroXakaH,22.1#viroXakaH,16.1#viroXakaH,11.1#viroXakaH,4.1#viroXakaH,2.1#vAkyakarma,37.1#vAkyakarma,11.1#vAkyakarma,4.1#samucciwaH,4.1#aBihiwa_karwA#aBihiwa_karwA,35.1	1	2	01	upaniRax	kenopaniRaw	-
37.1	vixiwam	35.1	vixiwam	vixiwa{puM;2;eka(vix1;kwa;X;axAxiH)}/vixiwa{napuM;1;eka(vix1;kwa;X;axAxiH)}/vixiwa{napuM;2;eka(vix1;kwa;X;axAxiH)}	vixiwa{puM;2;eka(vix1;kwa;X;axAxiH)}	vAkyakarma,36.1	viroXakaH,22.1#viroXakaH,16.1#viroXakaH,11.1#viroXakaH,4.1#viroXakaH,2.1#viSeRaNam,32.1#viSeRaNam,20.1#viSeRaNam,14.1#viSeRaNam,13.1#viSeRaNam,6.1#vAkyakarma,36.1#vAkyakarma,11.1#vAkyakarma,4.1#karmasamAnAXikaraNam,32.1#karmasamAnAXikaraNam,20.1#karmasamAnAXikaraNam,14.1#karmasamAnAXikaraNam,13.1#karmasamAnAXikaraNam,6.1#viSeRaNam,17.1#viSeRaNam,10.1#karma,32.1	1	2	01	upaniRax	kenopaniRaw	-
38.1	(iwi)	36.1	-	iwi{avya}	iwi{avya}	vAkyakarma_xyowakaH,36.1	-#vAkyakarma_xyowakaH,37.1#vAkyakarma_xyowakaH,36.1	1	2	01	upaniRax	kenopaniRaw	-
4.1	vexa	4.1	vexa	vix1{karwari;lat;pra;eka;parasmEpaxI;axAxiH}/vix1{karwari;lat;u;eka;parasmEpaxI;axAxiH}/vexa{puM;8;eka}	vix1{karwari;lat;u;eka;parasmEpaxI;axAxiH}	vAkyakarma,2.1	vAkyakarma,37.1#vAkyakarma,36.1#vAkyakarma,11.1#vAkyakarma,2.1	1	2	01	upaniRax	kenopaniRaw	-
5.1	iwi	5.1	iwi	iwi{avya}	iwi{avya}	vAkyakarma_xyowakaH,4.1	vAkyakarma_xyowakaH,4.1#vAkyakarma_xyowakaH,2.1	1	2	01	upaniRax	kenopaniRaw	-
6.1	xaBram	10.1	xaBram	xaBra{puM;2;eka}/xaBra{napuM;1;eka}/xaBra{napuM;2;eka}	xaBra{puM;2;eka}	kriyAviSeRaNam,11.1	karmasamAnAXikaraNam,37.1#karmasamAnAXikaraNam,32.1#karmasamAnAXikaraNam,20.1#karmasamAnAXikaraNam,14.1#karmasamAnAXikaraNam,13.1#karma,11.1#karma,4.1#karma,2.1#viSeRaNam,17.1#viSeRaNam,10.1#karwA,4.1#karmasamAnAXikaraNam,17.1#karmasamAnAXikaraNam,10.1#kriyAviSeRaNam,11.1	1	2	01	upaniRax	kenopaniRaw	-
7.1	eva	11.1	eva	eva{avya}	eva{avya}	sambanXaH,6.1	sambanXaH,6.1	1	2	01	upaniRax	kenopaniRaw	-
8.1	api	12.1	api	api{avya}	api{avya}	sambanXaH,11.1	sambanXaH,7.1#sambanXaH,11.1	1	2	01	upaniRax	kenopaniRaw	-
9.1	nUnam	6.1	nUnam	nUnam{avya}	nUnam{avya}	kriyAviSeRaNam,11.1	kriyAviSeRaNam,37.1#kriyAviSeRaNam,36.1#kriyAviSeRaNam,32.1#kriyAviSeRaNam,22.1#kriyAviSeRaNam,16.1#kriyAviSeRaNam,11.1#kriyAviSeRaNam,4.1	1	2	01	upaniRax	kenopaniRaw	-
1.1	na	1.1	na	na{avya}	na{avya}	prawiReXaH,3.1	prawiReXaH,23.1#prawiReXaH,21.1#prawiReXaH,18.1#prawiReXaH,16.1#prawiReXaH,11.1#prawiReXaH,9.1#prawiReXaH,5.1#prawiReXaH,3.1	1	2	02	upaniRax	kenopaniRaw	-
10.1	iwi	10.1	iwi	iwi{avya}	iwi{avya}	vAkyakarma_xyowakaH,9.1	vAkyakarma_xyowakaH,9.1#vAkyakarma_xyowakaH,5.1#vAkyakarma_xyowakaH,3.1	1	2	02	upaniRax	kenopaniRaw	-
11.1	vexa	11.1	vexa	vix1{karwari;lat;pra;eka;parasmEpaxI;axAxiH}/vix1{karwari;lat;u;eka;parasmEpaxI;axAxiH}/vexa{puM;8;eka}	vix1{karwari;lat;pra;eka;parasmEpaxI;axAxiH}	samucciwaH,3.1	vAkyakarma,23.1#vAkyakarma,21.1#vAkyakarma,18.1#vAkyakarma,16.1#vAkyakarma,9.1#vAkyakarma,5.1#vAkyakarma,3.1#samucciwaH,23.1#samucciwaH,21.1#samucciwaH,18.1#samucciwaH,16.1#samucciwaH,9.1#samucciwaH,5.1#samucciwaH,3.1	1	2	02	upaniRax	kenopaniRaw	-
12.1	ca	12.1	ca	ca{avya}	ca{avya}	samuccaya_xyowakaH,5.1	samuccaya_xyowakaH,23.1#samuccaya_xyowakaH,21.1#samuccaya_xyowakaH,18.1#samuccaya_xyowakaH,16.1#samuccaya_xyowakaH,11.1#samuccaya_xyowakaH,9.1#samuccaya_xyowakaH,5.1#samuccaya_xyowakaH,3.1#sambanXaH,11.1	1	2	02	upaniRax	kenopaniRaw	-
13.1	yaH	14.1	yaH	yax{sarvanAma;puM;1;eka}	yax{sarvanAma;puM;1;eka}	karwA,16.1	viSeRaNam,2.1#karwA,18.1#karwA,16.1#karwA,11.1#karwA,9.1	1	2	02	upaniRax	kenopaniRaw	-
14.1	naH	13.1	naH	asmax{sarvanAma;2;bahu}/asmax{sarvanAma;6;bahu}/asmax{sarvanAma;4;bahu}/nq{puM;8;eka}	asmax{sarvanAma;6;bahu}	RaRTIsambanXaH,13.1	prayojanam1,23.1#prayojanam1,21.1#prayojanam1,18.1#prayojanam1,16.1#prayojanam1,11.1#prayojanam1,9.1#prayojanam1,5.1#prayojanam1,3.1#karmasamAnAXikaraNam,3.1#RaRTIsambanXaH,23.1#RaRTIsambanXaH,21.1#RaRTIsambanXaH,18.1#RaRTIsambanXaH,16.1#RaRTIsambanXaH,11.1#RaRTIsambanXaH,9.1#RaRTIsambanXaH,5.1#karma,21.1#karma,18.1#karma,16.1#karma,11.1#karma,9.1#RaRTIsambanXaH,13.1	1	2	02	upaniRax	kenopaniRaw	-
15.1	waw	15.1	waw	wax{sarvanAma;napuM;1;eka}/wax{sarvanAma;napuM;2;eka}	wax{sarvanAma;napuM;1;eka}wax{sarvanAma;napuM;2;eka}	karma,16.1	viSeRaNam,17.1#karma,21.1#karma,18.1#karma,16.1#karma,11.1#karma,9.1#viSeRaNam,2.1#karwA,21.1#karwA,18.1#karwA,16.1#karwA,11.1#karwA,9.1	1	2	02	upaniRax	kenopaniRaw	-
16.1	vexa	18.1	vexa	vix1{karwari;lat;pra;eka;parasmEpaxI;axAxiH}/vix1{karwari;lat;u;eka;parasmEpaxI;axAxiH}/vexa{puM;8;eka}	vix1{karwari;lat;pra;eka;parasmEpaxI;axAxiH}	aBihiwa_karwA	vAkyakarma,23.1#vAkyakarma,21.1#vAkyakarma,18.1#vAkyakarma,11.1#vAkyakarma,9.1#vAkyakarma,5.1#vAkyakarma,3.1#samucciwaH,23.1#samucciwaH,21.1#samucciwaH,18.1#samucciwaH,11.1#samucciwaH,9.1#samucciwaH,5.1#samucciwaH,3.1#aBihiwa_karwA	1	2	02	upaniRax	kenopaniRaw	-
17.1	waw	24.1	waw	wax{sarvanAma;napuM;1;eka}/wax{sarvanAma;napuM;2;eka}	wax{sarvanAma;napuM;1;eka}wax{sarvanAma;napuM;2;eka}	karma,18.1	viSeRaNam,15.1#karma,23.1#karma,21.1#karma,18.1#karma,16.1#karma,11.1#viSeRaNam,2.1#karwA,23.1#karwA,21.1#karwA,18.1#karwA,16.1#karwA,11.1	1	2	02	upaniRax	kenopaniRaw	-
18.1	vexa	20.1	vexa	vix1{karwari;lat;pra;eka;parasmEpaxI;axAxiH}/vix1{karwari;lat;u;eka;parasmEpaxI;axAxiH}/vexa{puM;8;eka}	vix1{karwari;lat;pra;eka;parasmEpaxI;axAxiH}	vAkyakarma,21.1	vAkyakarma,23.1#vAkyakarma,21.1#vAkyakarma,16.1#vAkyakarma,11.1#vAkyakarma,9.1#vAkyakarma,5.1#vAkyakarma,3.1#samucciwaH,23.1#samucciwaH,21.1#samucciwaH,16.1#samucciwaH,11.1#samucciwaH,9.1#samucciwaH,5.1#samucciwaH,3.1	1	2	02	upaniRax	kenopaniRaw	-
19.1	no	16.1	no	no{avya}	no{avya}	prawiReXaH,21.1	prawiReXaH,23.1#prawiReXaH,21.1	1	2	02	upaniRax	kenopaniRaw	-
2.1	ahaM	2.1	ahaM	asmax{sarvanAma;1;eka}	asmax{sarvanAma;1;eka}	karwA,3.1	karwA,9.1#karwA,5.1#karwA,3.1#karma,3.1	1	2	02	upaniRax	kenopaniRaw	-
20.1	na	17.1	na	na{avya}	na{avya}	prawiReXaH,21.1	prawiReXaH,23.1#prawiReXaH,21.1	1	2	02	upaniRax	kenopaniRaw	-
21.1	vexa	22.1	vexa	vix1{karwari;lat;pra;eka;parasmEpaxI;axAxiH}/vix1{karwari;lat;u;eka;parasmEpaxI;axAxiH}/vexa{puM;8;eka}	vix1{karwari;lat;pra;eka;parasmEpaxI;axAxiH}	aBihiwa_karwA	vAkyakarma,23.1#vAkyakarma,18.1#vAkyakarma,16.1#vAkyakarma,11.1#vAkyakarma,9.1#vAkyakarma,5.1#vAkyakarma,3.1#samucciwaH,23.1#samucciwaH,18.1#samucciwaH,16.1#samucciwaH,11.1#samucciwaH,9.1#samucciwaH,5.1#samucciwaH,3.1#aBihiwa_karwA	1	2	02	upaniRax	kenopaniRaw	-
22.1	iwi	21.1	iwi	iwi{avya}	iwi{avya}	vAkyakarma_xyowakaH,18.1	vAkyakarma_xyowakaH,21.1#vAkyakarma_xyowakaH,18.1#vAkyakarma_xyowakaH,16.1#vAkyakarma_xyowakaH,11.1#vAkyakarma_xyowakaH,9.1#vAkyakarma_xyowakaH,5.1#vAkyakarma_xyowakaH,3.1	1	2	02	upaniRax	kenopaniRaw	-
23.1	vexa	26.1	vexa	vix1{karwari;lat;pra;eka;parasmEpaxI;axAxiH}/vix1{karwari;lat;u;eka;parasmEpaxI;axAxiH}/vexa{puM;8;eka}	vix1{karwari;lat;pra;eka;parasmEpaxI;axAxiH}	aBihiwa_karwA,25.1	samucciwaH,21.1#samucciwaH,18.1#samucciwaH,16.1#samucciwaH,11.1#samucciwaH,9.1#samucciwaH,5.1#samucciwaH,3.1#aBihiwa_karwA#aBihiwa_karwA,25.1	1	2	02	upaniRax	kenopaniRaw	-
24.1	ca	23.1	ca	ca{avya}	ca{avya}	sambanXaH,23.1	samuccaya_xyowakaH,23.1#samuccaya_xyowakaH,21.1#samuccaya_xyowakaH,18.1#samuccaya_xyowakaH,16.1#samuccaya_xyowakaH,11.1#samuccaya_xyowakaH,9.1#samuccaya_xyowakaH,5.1#samuccaya_xyowakaH,3.1#sambanXaH,23.1	1	2	02	upaniRax	kenopaniRaw	-
25.1	(saH)	25.1	-	wax{sarva;puM;1;eka}	wax{sarva;puM;1;eka}	karwA,23.1	-#karwA,23.1	1	2	02	upaniRax	kenopaniRaw	-
3.1	manye	3.1	manye	man2{karmaNi;lat;u;eka;AwmanepaxI;wanAxiH}/man1{karwari;lat;u;eka;AwmanepaxI;xivAxiH}	man2{karmaNi;lat;u;eka;AwmanepaxI;wanAxiH}	aBihiwa_karwA,2.1	vAkyakarma,23.1#vAkyakarma,21.1#vAkyakarma,18.1#vAkyakarma,16.1#vAkyakarma,11.1#vAkyakarma,9.1#vAkyakarma,5.1#samucciwaH,23.1#samucciwaH,21.1#samucciwaH,18.1#samucciwaH,16.1#samucciwaH,11.1#samucciwaH,9.1#samucciwaH,5.1#aBihiwa_karwA#aBihiwa_karwA,2.1	1	2	02	upaniRax	kenopaniRaw	-
4.1	su	4.1	su	su{avya}	su{avya}	uwkqRtawA_xyowakaH,5.1	uwkqRtawA_xyowakaH,5.1	1	2	02	upaniRax	kenopaniRaw	-
5.1	vexa	5.1	vexa	vix1{karwari;lat;pra;eka;parasmEpaxI;axAxiH}/vix1{karwari;lat;u;eka;parasmEpaxI;axAxiH}/vexa{puM;8;eka}	vix1{karwari;lat;pra;eka;parasmEpaxI;axAxiH}	vAkyakarma,3.1	vAkyakarma,23.1#vAkyakarma,21.1#vAkyakarma,18.1#vAkyakarma,16.1#vAkyakarma,11.1#vAkyakarma,9.1#vAkyakarma,3.1#samucciwaH,23.1#samucciwaH,21.1#samucciwaH,18.1#samucciwaH,16.1#samucciwaH,11.1#samucciwaH,9.1#samucciwaH,3.1	1	2	02	upaniRax	kenopaniRaw	-
6.1	iwi	6.1	iwi	iwi{avya}	iwi{avya}	vAkyakarma_xyowakaH,5.1	vAkyakarma_xyowakaH,5.1#vAkyakarma_xyowakaH,3.1	1	2	02	upaniRax	kenopaniRaw	-
7.1	no	7.1	no	no{avya}	no{avya}	prawiReXaH,11.1	prawiReXaH,23.1#prawiReXaH,21.1#prawiReXaH,18.1#prawiReXaH,16.1#prawiReXaH,11.1#prawiReXaH,9.1	1	2	02	upaniRax	kenopaniRaw	-
8.1	na	8.1	na	na{avya}	na{avya}	prawiReXaH,9.1	prawiReXaH,23.1#prawiReXaH,21.1#prawiReXaH,18.1#prawiReXaH,16.1#prawiReXaH,11.1#prawiReXaH,9.1	1	2	02	upaniRax	kenopaniRaw	-
9.1	vexa	9.1	vexa	vix1{karwari;lat;pra;eka;parasmEpaxI;axAxiH}/vix1{karwari;lat;u;eka;parasmEpaxI;axAxiH}/vexa{puM;8;eka}	vix1{karwari;lat;pra;eka;parasmEpaxI;axAxiH}	samucciwaH,5.1	vAkyakarma,23.1#vAkyakarma,21.1#vAkyakarma,18.1#vAkyakarma,16.1#vAkyakarma,11.1#vAkyakarma,5.1#vAkyakarma,3.1#samucciwaH,23.1#samucciwaH,21.1#samucciwaH,18.1#samucciwaH,16.1#samucciwaH,11.1#samucciwaH,5.1#samucciwaH,3.1	1	2	02	upaniRax	kenopaniRaw	-
1.1	yasya	1.1	yasya	yax{sarvanAma;puM;6;eka}/yax{sarvanAma;napuM;6;eka}/yas1{karwari;lot;ma;eka;parasmEpaxI;xivAxiH}	yax{sarvanAma;puM;6;eka}	RaRTIsambanXaH,2.2;niwya_sambanXaH,4.1	RaRTIsambanXaH,2.2#niwya_sambanXaH,4.1	1	2	03	upaniRax	kenopaniRaw	-
10.1	vexa	10.1	vexa	vix1{karwari;lat;pra;eka;parasmEpaxI;axAxiH}/vix1{karwari;lat;u;eka;parasmEpaxI;axAxiH}/vexa{puM;8;eka}	vix1{karwari;lat;pra;eka;parasmEpaxI;axAxiH}	aBihiwa_karwA,11.1	-#aBihiwa_karwA,11.1	1	2	03	upaniRax	kenopaniRaw	-
11.1	saH	8.1	saH	wax{sarvanAma;puM;1;eka}	wax{sarvanAma;puM;1;eka}	karwA,10.1	karwA,11.1#karwA,10.1	1	2	03	upaniRax	kenopaniRaw	-
12.1	a-	11.1	-	a	a	naF-wawpuruRaH,12.2	naF-wawpuruRaH,12.2	1	2	03	upaniRax	kenopaniRaw	-
12.2	vijFAwam	11.2	avijFAwam	vijFAwa{puM;1;eka}	vijFAwa{puM;1;eka}	karwA,16.1	karma,11.1#karwA,16.1	1	2	03	upaniRax	kenopaniRaw	-
13.1	vijAnawAm	12.1	vijAnawAm	vijAnaw{puM;6;bahu(vi_jFA1;Sawq_lat;X;kryAxiH)}/vijAnaw{napuM;6;bahu(vi_jFA1;Sawq_lat;X;kryAxiH)}	vijAnaw{puM;6;bahu(vi_jFA1;Sawq_lat;X;kryAxiH)}	RaRTIsambanXaH,12.2	RaRTIsambanXaH,12.2#RaRTIsambanXaH,11.1#RaRTIsambanXaH,4.1#BAvalakRaNasapwamI_samAnakAlaH,15.1#BAvalakRaNasapwamI_samAnakAlaH,11.1#BAvalakRaNasapwamI_samAnakAlaH,9.1#BAvalakRaNasapwamI_samAnakAlaH,8.1#BAvalakRaNasapwamI_samAnakAlaH,7.1#BAvalakRaNasapwamI_samAnakAlaH,4.1	1	2	03	upaniRax	kenopaniRaw	-
14.1	vijFAwam	13.1	vijFAwam	vijFAwa{puM;1;eka(vi_jFA1;kwa;X;kryAxiH)}/vijFAwa{napuM;1;eka(vi_jFA1;kwa;X;kryAxiH)}/vijFAwa{napuM;2;eka(vi_jFA1;kwa;X;kryAxiH)}	vijFAwa{puM;1;eka(vi_jFA1;kwa;X;kryAxiH)}	samucciwaH,12.2	viSeRaNam,8.1#viSeRaNam,7.1#karmasamAnAXikaraNam,8.1#karmasamAnAXikaraNam,7.1#karmasamAnAXikaraNam,4.1#karma,15.1#karma,11.1#karwA,11.1#karma,8.1#viSeRaNam,4.1#samucciwaH,12.2	1	2	03	upaniRax	kenopaniRaw	-
15.1	a-	14.1	-	a	a	naF-wawpuruRaH,15.2	naF-wawpuruRaH,15.2	1	2	03	upaniRax	kenopaniRaw	-
15.2	vijAnawAm	14.2	avijAnawAm	vijAnaw{puM;6;bahu}	vijAnaw{puM;6;bahu}	RaRTIsambanXaH,14.1	RaRTIsambanXaH,14.1#RaRTIsambanXaH,11.1#RaRTIsambanXaH,14.1	1	2	03	upaniRax	kenopaniRaw	-
16.1	(aswi)	15.1	-	as{karwari;lat;pra;eka;parasmEpaxI;axAxiH}	as{karwari;lat;pra;eka;parasmEpaxI;axAxiH}	aBihiwa_karwA,12.2	-#aBihiwa_karwA,12.2	1	2	03	upaniRax	kenopaniRaw	-
2.1	a-	2.1	-	a	a	naF-wawpuruRaH,2.2	naF-wawpuruRaH,2.2	1	2	03	upaniRax	kenopaniRaw	-
2.2	mawam	2.2	amawam	mawa{puM;1;eka}	mawa{puM;1;eka}	karwA,3.1	karmasamAnAXikaraNam,15.1#karmasamAnAXikaraNam,8.1#karmasamAnAXikaraNam,7.1#karma,11.1#karwA,3.1	1	2	03	upaniRax	kenopaniRaw	-
3.1	(aswi)	-	-	as{karwari;lat;pra;eka;parasmEpaxI;axAxiH}	as{karwari;lat;pra;eka;parasmEpaxI;axAxiH}	aBihiwa_karwA,2.2	-#aBihiwa_karwA,2.2	1	2	03	upaniRax	kenopaniRaw	-
4.1	wasya	3.1	wasya	wax{sarvanAma;napuM;6;eka}/wax{sarvanAma;puM;6;eka}	wax{sarvanAma;napuM;6;eka}	RaRTIsambanXaH,5.1	RaRTIsambanXaH,5.1#viSeRaNam,9.1#viSeRaNam,1.1#RaRTIsambanXaH,11.1#RaRTIsambanXaH,4.1#BkarwA,15.1	1	2	03	upaniRax	kenopaniRaw	-
5.1	mawam	4.1	mawam	mawa{puM;2;eka(man1;kwa;X;xivAxiH)}/mawa{napuM;1;eka(man1;kwa;X;xivAxiH)}/mawa{napuM;2;eka(man1;kwa;X;xivAxiH)}/mawa{puM;2;eka(man2;kwa;X;wanAxiH)}/mawa{napuM;1;eka(man2;kwa;X;wanAxiH)}/mawa{napuM;2;eka(man2;kwa;X;wanAxiH)}/mawa{puM;1;eka(man1;kwa;X;xivAxiH)}	mawa{puM;1;eka(man1;kwa;X;xivAxiH)}	karwA,6.1	viSeRaNam,15.1#vIpsA,8.1#karmasamAnAXikaraNam,4.1#karma,15.1#karma,11.1#karma,4.1#karwA,11.1#karma,8.1#viSeRaNam,4.1#karwA,6.1	1	2	03	upaniRax	kenopaniRaw	-
6.1	(aswi)	5.1	-	as{karwari;lat;pra;eka;parasmEpaxI;axAxiH}	as{karwari;lat;pra;eka;parasmEpaxI;axAxiH}	aBihiwa_karwA,5.1	-#aBihiwa_karwA,5.1	1	2	03	upaniRax	kenopaniRaw	-
7.1	mawam	7.1	mawam	mawa{puM;2;eka(man1;kwa;X;xivAxiH)}/mawa{napuM;1;eka(man1;kwa;X;xivAxiH)}/mawa{napuM;2;eka(man1;kwa;X;xivAxiH)}/mawa{puM;2;eka(man2;kwa;X;wanAxiH)}/mawa{napuM;1;eka(man2;kwa;X;wanAxiH)}/mawa{napuM;2;eka(man2;kwa;X;wanAxiH)}/mawa{puM;1;eka(man1;kwa;X;xivAxiH)}	mawa{puM;1;eka(man1;kwa;X;xivAxiH)}	aBihiwa_karma	viSeRaNam,15.1#karmasamAnAXikaraNam,7.1#karmasamAnAXikaraNam,4.1#karma,15.1#karma,11.1#karma,4.1#karwA,11.1#karma,15.1#karma,7.1#viSeRaNam,4.1#aBihiwa_karma	1	2	03	upaniRax	kenopaniRaw	-
8.1	yasya	6.1	yasya	yax{sarvanAma;puM;6;eka}/yax{sarvanAma;napuM;6;eka}/yas1{karwari;lot;ma;eka;parasmEpaxI;xivAxiH}	yax{sarvanAma;puM;6;eka}	RaRTIsambanXaH,7.1;niwya_sambanXaH,11.1	RaRTIsambanXaH,7.1#niwya_sambanXaH,11.1	1	2	03	upaniRax	kenopaniRaw	-
9.1	na	9.1	na	na{avya}	na{avya}	prawiReXaH,10.1	prawiReXaH,11.1#prawiReXaH,1.1#prawiReXaH,10.1	1	2	03	upaniRax	kenopaniRaw	-
1.1	prawiboXa-	1.1	prawiboXa-vixiwa	prawiboXa(prawi_buX1;GaF;X;BvAxiH)}/prawiboXa(prawi_buX2{GaF;X;BvAxiH)}/prawiboXa(prawi_buX3{GaF;X;xivAxiH)	prawiboXa(prawi_buX1;GaF;X;BvAxiH)	paFcamI_wawpuruRaH,1.2	paFcamI_wawpuruRaH,1.2#karmaXArayaH_1,1.2	1	2	04	upaniRax	kenopaniRaw	-
1.2	vixiwam	1.2	--	vixiwa{puM;2;eka(vix1;kwa;X;axAxiH)}/vixiwa{napuM;1;eka(vix1;kwa;X;axAxiH)}/vixiwa{napuM;2;eka(vix1;kwa;X;axAxiH)}	vixiwa{napuM;1;eka(vix1;kwa;X;axAxiH)}	karma,2.1	viSeRaNam,11.1#viSeRaNam,8.1#viSeRaNam,2.1#karma,7.1#karma,5.1#karwA,7.1#karwA,5.1#karma,8.1#karma,2.1	1	2	04	upaniRax	kenopaniRaw	-
10.1	vinxawe	10.1	vinxawe	vix4{karwari;lat;pra;bahu;AwmanepaxI;ruXAxiH}/vix3{karwari;lat;pra;eka;AwmanepaxI;wuxAxiH}	vix3{karwari;lat;pra;eka;AwmanepaxI;wuxAxiH}	aBihiwa_karwA	-#aBihiwa_karwA	1	2	04	upaniRax	kenopaniRaw	-
11.1	amqwam	11.1	amqwam	amqwa{puM;2;eka}/amqwa{napuM;1;eka}/amqwa{napuM;2;eka}	amqwa{napuM;2;eka}	karma,10.1	karmasamAnAXikaraNam,8.1#karmasamAnAXikaraNam,2.1#karmasamAnAXikaraNam,1.2#karma,10.1#karma,7.1#karma,5.1#karwA,10.1#karwA,7.1#karwA,5.1#karma,8.1	1	2	04	upaniRax	kenopaniRaw	-
2.1	mawam	2.1	mawam	mawa{puM;2;eka(man1;kwa;X;xivAxiH)}/mawa{napuM;1;eka(man1;kwa;X;xivAxiH)}/mawa{napuM;2;eka(man1;kwa;X;xivAxiH)}/mawa{puM;2;eka(man2;kwa;X;wanAxiH)}/mawa{napuM;1;eka(man2;kwa;X;wanAxiH)}/mawa{napuM;2;eka(man2;kwa;X;wanAxiH)}	mawa{puM;1;eka(man1;kwa;X;xivAxiH)}	karwA,5.1	viSeRaNam,11.1#viSeRaNam,8.1#karma,7.1#karma,5.1#karwA,7.1#karwA,5.1#karma,8.1	1	2	04	upaniRax	kenopaniRaw	-
3.1	amqwawvam	5.1	amqwawvam	amqwawva{puM;2;eka}	amqwawva{puM;2;eka}	karma,5.1	karma,5.1	1	2	04	upaniRax	kenopaniRaw	-
4.1	hi	3.1	hi	hi{avya}	hi{avya}	sambanXaH,5.1	sambanXaH,10.1#sambanXaH,7.1#sambanXaH,5.1#sambanXaH,2.1	1	2	04	upaniRax	kenopaniRaw	-
5.1	vinxawe	4.1	vinxawe	vix4{karwari;lat;pra;bahu;AwmanepaxI;ruXAxiH}/vix3{karwari;lat;pra;eka;AwmanepaxI;wuxAxiH}	vix3{karwari;lat;pra;eka;AwmanepaxI;wuxAxiH}	aBihiwa_karwA,2.1	-#aBihiwa_karwA,2.1	1	2	04	upaniRax	kenopaniRaw	-
6.1	AwmanA	6.1	AwmanA	Awman{puM;3;eka}	Awman{puM;3;eka}	karaNam,7.1	karwA,8.1#karwA,2.1#karwA,1.2#karaNam,10.1#karaNam,7.1#karaNam,5.1#hewuH,10.1#hewuH,8.1#hewuH,7.1#hewuH,5.1#hewuH,2.1	1	2	04	upaniRax	kenopaniRaw	-
7.1	vinxawe	7.1	vinxawe	vix4{karwari;lat;pra;bahu;AwmanepaxI;ruXAxiH}/vix3{karwari;lat;pra;eka;AwmanepaxI;wuxAxiH}	vix4{karwari;lat;pra;bahu;AwmanepaxI;ruXAxiH}	aBihiwa_karwA	-#aBihiwa_karwA	1	2	04	upaniRax	kenopaniRaw	-
8.1	vIryam	8.1	vIryam	vIrya{napuM;1;eka}/vIrya{napuM;2;eka}/vIrya{puM;2;eka(vIra1;yaw;X;curAxiH)}/vIrya{napuM;1;eka(vIra1;yaw;X;curAxiH)}/vIrya{napuM;2;eka(vIra1;yaw;X;curAxiH)}	vIrya{napuM;2;eka(vIra1;yaw;X;curAxiH)}	karma,7.1	viSeRaNam,11.1#viSeRaNam,2.1#karmasamAnAXikaraNam,2.1#karmasamAnAXikaraNam,1.2#karma,10.1#karma,7.1#karma,5.1#karwA,10.1#karwA,7.1#karwA,5.1#karma,2.1#karmasamAnAXikaraNam,11.1	1	2	04	upaniRax	kenopaniRaw	-
9.1	vixyayA	9.1	vixyayA	vixyA{swrI;3;eka}	vixyA{swrI;3;eka}	karaNam,10.1	karwA,8.1#karwA,2.1#karaNam,10.1#karaNam,7.1#karaNam,5.1#hewuH,10.1#hewuH,8.1#hewuH,7.1#hewuH,5.1#hewuH,2.1	1	2	04	upaniRax	kenopaniRaw	-
1.1	iha	1.1	iha	iha{avya}	iha{avya}	xeSAXikaraNam,3.1	xeSAXikaraNam,22.1#xeSAXikaraNam,18.1#xeSAXikaraNam,16.1#xeSAXikaraNam,10.1#xeSAXikaraNam,6.1#xeSAXikaraNam,3.1	1	2	05	upaniRax	kenopaniRaw	-
10.1	avexIw	9.1	avexIw	vix1{karwari;luf;pra;eka;parasmEpaxI;axAxiH}	vix1{karwari;luf;pra;eka;parasmEpaxI;axAxiH}	aBihiwa_karwA	viroXakaH,3.1#aBihiwa_karwA	1	2	05	upaniRax	kenopaniRaw	-
11.1	mahawI	11.1	mahawI	mahawI{swrI;1;eka}/mahaw{napuM;8;xvi}	mahawI{swrI;1;eka}	viSeRaNam,12.1	viXeya_viSeRaNam,5.1#viSeRaNam,12.1#karwA_be_verbs,6.1#karwA,10.1	1	2	05	upaniRax	kenopaniRaw	-
12.1	vinaRtiH	12.1	vinaRtiH	vinaRti{swrI;1;eka}	vinaRti{swrI;1;eka}	karwA,13.1	karwA_be_verbs,6.1#karwA,10.1#karwA,13.1	1	2	05	upaniRax	kenopaniRaw	-
13.1	(Bavawi)	12.2	-	BU1{karwari;lat;pra;eka;parasmEpaxI;BvAxiH}/BavanwI{swrI;8;eka}	BU1{karwari;lat;pra;eka;parasmEpaxI;BvAxiH}	aBihiwa_karwA,12.1	-#aBihiwa_karwA#aBihiwa_karwA,12.1	1	2	05	upaniRax	kenopaniRaw	-
14.1	BUweRu	13.1	BUweRu	BUwa{napuM;7;bahu}	BUwa{napuM;7;bahu}	vIpsA,15.1	vIpsA,15.1#aXikaraNam,22.1#aXikaraNam,18.1#aXikaraNam,16.1#aXikaraNam,10.1#aXikaraNam,6.1#aXikaraNam,3.1	1	2	05	upaniRax	kenopaniRaw	-
15.1	BUweRu	14.1	BUweRu	BUwa{napuM;7;bahu}	BUwa{napuM;7;bahu}	aXikaraNam,16.1	aXikaraNam,22.1#aXikaraNam,18.1#aXikaraNam,16.1#aXikaraNam,10.1#aXikaraNam,6.1#aXikaraNam,3.1	1	2	05	upaniRax	kenopaniRaw	-
16.1	viciwya	15.1	viciwya	vi_ci1{avya;lyap;svAxiH}/vi_ci2{avya{lyap;curAxiH}/vi_ciw1{avya{lyap;BvAxiH}/vi_ciw3{avya{lyap;curAxiH}/vi_ci1{avya;lyap}	vi_ci1{avya;lyap}	pUrvakAlaH,22.1	pUrvakAlaH,10.1#pUrvakAlaH,3.1#pUrvakAlaH,22.1	1	2	05	upaniRax	kenopaniRaw	-
17.1	XIrAH	16.1	XIrAH	XIra{puM;1;bahu}/XIrA{swrI;1;bahu}/XIrA{swrI;2;bahu}/XIra{puM;8;bahu}/XIrA{swrI;8;bahu}	XIra{puM;1;bahu}	karwA,22.1;karwA,16.1;karwA,18.1	karwA,22.1#karwA,16.1#karwA,18.1	1	2	05	upaniRax	kenopaniRaw	-
18.1	prewya	17.1	prewya	pra_i1{avya;lyap;axAxiH}/pra_i1{avya;lyap}	pra_i1{avya;lyap}	pUrvakAlaH,22.1	pUrvakAlaH,10.1#pUrvakAlaH,3.1#kriyAviSeRaNam,22.1#kriyAviSeRaNam,16.1#kriyAviSeRaNam,10.1#kriyAviSeRaNam,6.1#kriyAviSeRaNam,3.1#pUrvakAlaH,22.1	1	2	05	upaniRax	kenopaniRaw	-
19.1	asmAw	18.1	asmAw	ixam{sarvanAma;puM;5;eka}/ixam{sarvanAma;napuM;5;eka}	ixam{sarvanAma;puM;5;eka}	viSeRaNam,20.1	hewuH5,22.1#hewuH5,18.1#hewuH5,16.1#hewuH5,10.1#hewuH5,6.1#hewuH5,3.1#apAxAnam,10.1#apAxAnam,3.1#viSeRaNam,20.1	1	2	05	upaniRax	kenopaniRaw	-
2.1	cew	2.1	cew	cew{avya}	cew{avya}	AvaSyakawA_xyowakaH,3.1	AvaSyakawA_xyowakaH,22.1#AvaSyakawA_xyowakaH,10.1#AvaSyakawA_xyowakaH,6.1#AvaSyakawA_xyowakaH,3.1	1	2	05	upaniRax	kenopaniRaw	-
20.1	lokAw	19.1	lokAw	loka{puM;5;eka}	loka{puM;5;eka}	apAxAnam,18.1	hewuH5,22.1#hewuH5,18.1#hewuH5,16.1#hewuH5,10.1#hewuH5,6.1#hewuH5,3.1#apAxAnam,10.1#apAxAnam,3.1#apAxAnam,18.1	1	2	05	upaniRax	kenopaniRaw	-
21.1	amqwAH	20.1	amqwAH	amqwa{puM;1;bahu}/amqwA{swrI;1;bahu}/amqwA{swrI;2;bahu}/amqwa{puM;8;bahu}/amqwA{swrI;8;bahu}	amqwa{puM;1;bahu}	viXeya_viSeRaNam,17.1	karmasamAnAXikaraNam,17.1#karma,18.1#karwA_be_verbs,22.1#viXeya_viSeRaNam,17.1	1	2	05	upaniRax	kenopaniRaw	-
22.1	Bavanwi	21.1	Bavanwi	BU1{karwari;lat;pra;bahu;parasmEpaxI;BvAxiH}/BavanwI{swrI;8;eka}	BU1{karwari;lat;pra;bahu;parasmEpaxI;BvAxiH}	aBihiwa_karwA,21.1	viroXakaH,3.1#aBihiwa_karwA,21.1	1	2	05	upaniRax	kenopaniRaw	-
3.1	avexIw	3.1	avexIw	vix1{karwari;luf;pra;eka;parasmEpaxI;axAxiH}	vix1{karwari;luf;pra;eka;parasmEpaxI;axAxiH}	aBihiwa_karwA	-#aBihiwa_karwA	1	2	05	upaniRax	kenopaniRaw	-
4.1	aWa	4.1	aWa	aWa{avya}	aWa{avya}	sambanXaH,6.1	viroXa_xyowakaH,22.1#viroXa_xyowakaH,10.1#viroXa_xyowakaH,6.1#sup_samuccaya_xyowakaH,21.1#sup_samuccaya_xyowakaH,17.1#sup_samuccaya_xyowakaH,12.1#sup_samuccaya_xyowakaH,11.1#sup_samuccaya_xyowakaH,9.1#sup_samuccaya_xyowakaH,8.1#sup_samuccaya_xyowakaH,7.1#sambanXaH,22.1#sambanXaH,10.1#sambanXaH,6.1	1	2	05	upaniRax	kenopaniRaw	-
5.1	sawyam	5.1	sawyam	sawyam{avya}/sawya{puM;2;eka}/sawya{napuM;1;eka}/sawya{napuM;2;eka}	sawya{napuM;1;eka}	karwA,6.1	sup_samucciwaH,21.1#sup_samucciwaH,17.1#karma,18.1#karma,10.1#karma,3.1#sup_samucciwaH,12.1#sup_samucciwaH,11.1#karwA_be_verbs,6.1#karwA,10.1#karwA,3.1#sup_samucciwaH,9.1#sup_samucciwaH,8.1#sup_samucciwaH,7.1	1	2	05	upaniRax	kenopaniRaw	-
6.1	aswi	10.1	aswi	as2{karwari;lat;pra;eka;parasmEpaxI;axAxiH}	as2{karwari;lat;pra;eka;parasmEpaxI;axAxiH}	aBihiwa_karwA	viroXakaH,3.1#aBihiwa_karwA	1	2	05	upaniRax	kenopaniRaw	-
7.1	na	6.1	na	na{avya}	na{avya}	prawiReXaH,10.1	prawiReXaH,22.1#prawiReXaH,18.1#prawiReXaH,16.1#prawiReXaH,10.1	1	2	05	upaniRax	kenopaniRaw	-
8.1	cew	7.1	cew	cew{avya}	cew{avya}	AvaSyakawA_xyowakaH,10.1	AvaSyakawA_xyowakaH,22.1#AvaSyakawA_xyowakaH,10.1	1	2	05	upaniRax	kenopaniRaw	-
9.1	iha	8.1	iha	iha{avya}	iha{avya}	xeSAXikaraNam,10.1	xeSAXikaraNam,22.1#xeSAXikaraNam,18.1#xeSAXikaraNam,16.1#xeSAXikaraNam,10.1#xeSAXikaraNam,6.1#xeSAXikaraNam,3.1	1	2	05	upaniRax	kenopaniRaw	-
1.1	brahma	1.1	brahma	brahman{napuM;1;eka}/brahman{napuM;2;eka}/brahma{napuM;8;eka}	brahman{napuM;1;eka}	karwA,4.1	karma,4.1#karwA,4.1	1	3	01	upaniRax	kenopaniRaw	-
10.1	amahIyanwa(amahayanwa)	10.1	amahIyanwa	mah{karwari;laf;pra;bahu;AwmanepaxI;curAxiH}	mah{karwari;laf;pra;bahu;AwmanepaxI;curAxiH}	aBihiwa_karwA,9.1	aBihiwa_karwA,9.1	1	3	01	upaniRax	kenopaniRaw	-
11.1	we	11.1	we	wax{sarvanAma;puM;1;bahu}/wax{sarvanAma;napuM;1;xvi}/wax{sarvanAma;napuM;2;xvi}/wax{sarvanAma;swrI;1;xvi}/wax{sarvanAma;swrI;2;xvi}/yuRmax{sarvanAma;6;eka}/yuRmax{sarvanAma;4;eka}	wax{sarvanAma;puM;1;bahu}	karwA,12.1	karwA,12.1#sampraxAnam,12.1#prayojanam1,4.1#RaRTIsambanXaH,20.1#RaRTIsambanXaH,19.1#RaRTIsambanXaH,16.1#RaRTIsambanXaH,15.1#RaRTIsambanXaH,9.1#RaRTIsambanXaH,8.1#RaRTIsambanXaH,7.1#RaRTIsambanXaH,3.1#karma,12.1#karwA,12.1	1	3	01	upaniRax	kenopaniRaw	-
12.1	EkRanwa	12.1	EkRanwa	IkR1{karwari;laf;pra;bahu;AwmanepaxI;BvAxiH}	IkR1{karwari;laf;pra;bahu;AwmanepaxI;BvAxiH}	aBihiwa_karwA,11.1	aBihiwa-karwA,11.1#aBihiwa_karwA,11.1	1	3	01	upaniRax	kenopaniRaw	-
13.1	asmAkam	15.1	asmAkam	asmax{sarvanAma;6;bahu}	asmax{sarvanAma;6;bahu}	RaRTIsambanXaH,24.1	RaRTIsambanXaH,24.1#RaRTIsambanXaH,20.1#RaRTIsambanXaH,19.1#RaRTIsambanXaH,16.1#RaRTIsambanXaH,15.1#RaRTIsambanXaH,9.1#RaRTIsambanXaH,8.1#RaRTIsambanXaH,7.1#RaRTIsambanXaH,3.1#RaRTIsambanXaH,24.1	1	3	01	upaniRax	kenopaniRaw	-
14.1	eva	17.1	eva	eva{avya}	eva{avya}	sambanXaH,13.1	sambanXaH,13.1	1	3	01	upaniRax	kenopaniRaw	-
15.1	ayam	13.1	ayam	ixam{sarvanAma;puM;1;eka}/aya{puM;2;eka}	ixam{sarvanAma;puM;1;eka}	viSeRaNam,16.1	viSeRaNam,16.1#karma,12.1#viSeRaNam,20.1#viSeRaNam,16.1	1	3	01	upaniRax	kenopaniRaw	-
16.1	vijayaH	14.1	vijayaH	vijaya{puM;1;eka}	vijaya{puM;1;eka}	karwA,22.1	karma,12.1#karwA,22.1	1	3	01	upaniRax	kenopaniRaw	-
17.1	asmAkam	21.1	asmAkam	asmax{sarvanAma;6;bahu}	asmax{sarvanAma;6;bahu}	RaRTIsambanXaH,25.1	RaRTIsambanXaH,25.1#RaRTIsambanXaH,20.1#RaRTIsambanXaH,19.1#RaRTIsambanXaH,16.1#RaRTIsambanXaH,15.1#RaRTIsambanXaH,9.1#RaRTIsambanXaH,8.1#RaRTIsambanXaH,7.1#RaRTIsambanXaH,3.1#RaRTIsambanXaH,25.1	1	3	01	upaniRax	kenopaniRaw	-
18.1	eva	23.1	eva	eva{avya}	eva{avya}	sambanXaH,17.1	sambanXaH,17.1	1	3	01	upaniRax	kenopaniRaw	-
19.1	ayam	19.1	ayam	ixam{sarvanAma;puM;1;eka}/aya{puM;2;eka}	ixam{sarvanAma;puM;1;eka}	viSeRaNam,20.1	viSeRaNam,20.1#karma,12.1#viSeRaNam,20.1#viSeRaNam,16.1	1	3	01	upaniRax	kenopaniRaw	-
2.1	ha	2.1	ha	ha{avya}	ha{avya}	sambanXaH,1.1	sambanXaH,1.1	1	3	01	upaniRax	kenopaniRaw	-
20.1	mahimA	20.1	mahimA	mahiman{puM;1;eka}	mahiman{puM;1;eka}	karwA,23.1	karma,12.1#karwA,23.1	1	3	01	upaniRax	kenopaniRaw	-
21.1	iwi	24.1	iwi	iwi{avya}	iwi{avya}	vAkyakarma_xyowakaH,22.1	sambanXaH,20.1#vAkyakarma_xyowakaH,22.1	1	3	01	upaniRax	kenopaniRaw	-
22.1	(aswi)	18.1	-	as{karwari;lat;pra;eka;parasmEpaxI;axAxiH}	as{karwari;lat;pra;eka;parasmEpaxI;axAxiH}	vAkyakarma,12.1	-#aBihiwa_karwA,16.1#vAkyakarma,12.1	1	3	01	upaniRax	kenopaniRaw	-
23.1	(aswi)	25.1	-	as{karwari;lat;pra;eka;parasmEpaxI;axAxiH}	as{karwari;lat;pra;eka;parasmEpaxI;axAxiH}	samucciwaH,22.1	-#aBihiwa_karwA,20.1#samucciwaH,22.1	1	3	01	upaniRax	kenopaniRaw	-
24.1	(vijayaH)	16.1	-	vijaya{puM;1;eka}	vijaya{puM;1;eka}	viXeya_viSeRaNam,16.1	-#viXeya_viSeRaNam,16.1	1	3	01	upaniRax	kenopaniRaw	-
25.1	(mahimA)	22.1	-	mahiman{puM;1;eka}	mahiman{puM;1;eka}	viXeya_viSeRaNam,20.1	-#viXeya_viSeRaNam,20.1	1	3	01	upaniRax	kenopaniRaw	-
26.1	(ca)	26.1	-	ca{avya}	ca{avya}	samuccaya_xyowakaH,22.1	-#samuccaya_xyowakaH,22.1	1	3	01	upaniRax	kenopaniRaw	-
3.1	xeveByaH	3.1	xeveByaH	xeva{puM;4;bahu}/xeva{puM;5;bahu}	xeva{puM;4;bahu}	prayojanam,4.1	prayojanam,4.1#hewuH5,12.1#hewuH5,4.1#sampraxAnam,12.1#prayojanam1,4.1	1	3	01	upaniRax	kenopaniRaw	-
4.1	vijigye	4.1	vijigye	vi_ji1{karmaNi;lit;pra;eka;AwmanepaxI;BvAxiH}/vi_ji1{karmaNi{lit;u;eka;AwmanepaxI;BvAxiH}	vi_ji1{karmaNi;lit;pra;eka;AwmanepaxI;BvAxiH}	aBihiwa_karwA,1.1	aBihiwa-karma,1.1#aBihiwa_karwA,1.1	1	3	01	upaniRax	kenopaniRaw	-
5.1	wasya	5.1	wasya	wax{sarvanAma;napuM;6;eka}/wax{sarvanAma;puM;6;eka}	wax{sarvanAma;napuM;6;eka}	viSeRaNam,7.1	viSeRaNa,7.1#viSeRaNam,11.1#viSeRaNam,7.1#RaRTIsambanXaH,20.1#RaRTIsambanXaH,19.1#RaRTIsambanXaH,16.1#RaRTIsambanXaH,15.1#RaRTIsambanXaH,9.1#RaRTIsambanXaH,8.1#RaRTIsambanXaH,7.1#RaRTIsambanXaH,3.1#viSeRaNam,,7.1	1	3	01	upaniRax	kenopaniRaw	-
6.1	ha	6.1	ha	ha{avya}	ha{avya}	sambanXaH,5.1	sambanXaH,5.1	1	3	01	upaniRax	kenopaniRaw	-
7.1	brahmaNaH	7.1	brahmaNaH	brahman{puM;2;bahu}/brahman{puM;5;eka}/brahman{puM;6;eka}/brahman{napuM;5;eka}/brahman{napuM;6;eka}	brahman{puM;6;eka}	RaRTIsambanXaH,8.1	RaRTIsambanXaH,8.1#viSeRaNam,11.1#RaRTIsambanXaH,20.1#RaRTIsambanXaH,19.1#RaRTIsambanXaH,16.1#RaRTIsambanXaH,15.1#RaRTIsambanXaH,9.1#RaRTIsambanXaH,8.1#RaRTIsambanXaH,3.1#hewuH5,12.1#hewuH5,4.1#karma,12.1	1	3	01	upaniRax	kenopaniRaw	-
8.1	vijaye	8.1	vijaye	vijayA{swrI;8;eka}/vijaya{puM;7;eka}	vijaya{puM;7;eka}	aXikaraNam,10.1	aXikaraNam,10.1#aXikaraNam,12.1#aXikaraNam,4.1	1	3	01	upaniRax	kenopaniRaw	-
9.1	xevAH	9.1	xevAH	xeva{puM;1;bahu}/xeva{puM;8;bahu}	xeva{puM;1;bahu}	karwA,10.1	karwA,10.1#samboXyaH,12.1#samboXyaH,4.1#karwA,10.1	1	3	01	upaniRax	kenopaniRaw	-
1.1	waw	1.1	waw	wax{sarvanAma;napuM;1;eka}/wax{sarvanAma;napuM;2;eka}	wax{sarvanAma;napuM;1;eka}	karwA,4.1	karwA,4.1#viSeRaNam,8.1#karwA,7.1#karwA,4.1	1	3	02	upaniRax	kenopaniRaw	-
10.1	vyajAnawa	14.1	vyajAnawa	vi_jFA{karwari;laf;pra;bahu;kryAxiH;AwmanepaxI}	vi_jFA{karwari;laf;pra;bahu;kryAxiH;AwmanepaxI}	aBihiwa_karwA	aBihiwa_karma,8.1#aBihiwa_karwA	1	3	02	upaniRax	kenopaniRaw	-
11.1	kim	11.1	kim	kim{avya}/kim{sarvanAma;napuM;1;eka}/kim{sarvanAma;napuM;2;eka}/kim{sarvanAma;puM;1;eka}	kim{sarvanAma;puM;1;eka}	viXeya_viSeRaNam,13.1	viSeRaNam,8.1#viSeRaNam,1.1#karwA,7.1#karwA,4.1#viXeya_viSeRaNam,13.1	1	3	02	upaniRax	kenopaniRaw	-
12.1	ixam	9.1	ixam	ixam{sarvanAma;napuM;1;eka}/ixam{sarvanAma;napuM;2;eka}/ixam{sarvanAma;puM;1;eka}	ixam{sarvanAma;puM;1;eka}	viSeRaNam,13.1	viSeRaNam,13.1#viSeRaNam,8.1#viSeRaNam,1.1#karwA,7.1	1	3	02	upaniRax	kenopaniRaw	-
13.1	yakRam	10.1	yakRam	yakRa{puM;1;eka}	yakRa{puM;1;eka}	karwA,15.1	karma,10.1#karwA,13.1#karwA,15.1	1	3	02	upaniRax	kenopaniRaw	-
14.1	iwi	13.1	iwi	iwi{avya}	iwi{avya}	vAkyakarma_xyowakaH,15.1	vAkya-sambanXaH,13.1#vAkyakarma_xyowakaH,15.1	1	3	02	upaniRax	kenopaniRaw	-
15.1	(aswi)	12.1	-	as{karwari;lat;pra;eka;parasmEpaxI;axAxiH}	as{karwari;lat;pra;eka;parasmEpaxI;axAxiH}	vAkyakarma,10.1	-#aBihiwa_karwA,13.1#vAkyakarma,10.1	1	3	02	upaniRax	kenopaniRaw	-
2.1	ha	2.1	ha	ha{avya}	ha{avya}	sambanXaH,1.1	sambanXaH,1.1	1	3	02	upaniRax	kenopaniRaw	-
3.1	eRAm	3.1	eRAm	ixam{sarvanAma;puM;6;bahu}/ixam{sarvanAma;napuM;6;bahu}	ixam{sarvanAma;puM;6;bahu}	RaRTIsambanXaH,1.1	RaRTIsambanXaH,13.1#RaRTIsambanXa,1.1#RaRTIsambanXaH,1.1	1	3	02	upaniRax	kenopaniRaw	-
4.1	vijajFO	4.1	vijajFO	vi_jFA2{karwari;lit;pra;eka;parasmEpaxI;kryAxiH}/vi_jFA2{karwari{lit;u;eka;parasmEpaxI;kryAxiH}	vi_jFA2{karwari;lit;pra;eka;parasmEpaxI;kryAxiH}	aBihiwa_karwA	aBihiwa_karwA,1.1#aBihiwa_karwA	1	3	02	upaniRax	kenopaniRaw	-
5.1	weByaH	5.1	weByaH	wax{sarvanAma;puM;4;bahu}/wax{sarvanAma;puM;4;bahu}/wax{sarvanAma;napuM;5;bahu}/wax{sarvanAma;napuM;4;bahu}	wax{sarvanAma;puM;4;bahu}	prayojanam,7.1	prayojanam1,7.1#prayojanam1,4.1#hewuH5,7.1#hewuH5,4.1	1	3	02	upaniRax	kenopaniRaw	-
6.1	ha	6.1	ha	ha{avya}	ha{avya}	sambanXaH,5.1	sambanXaH,5.1	1	3	02	upaniRax	kenopaniRaw	-
7.1	prAxurbaBUva	7.1	prAxurbaBUva	prAxus_BU1{karwari;lit;pra;eka;parasmEpaxI;BvAxiH}/pra_xur_BU1{karwari{lit;ma;bahu;parasmEpaxI;BvAxiH}/pra_xur_BU1{karwari{lit;u;eka;parasmEpaxI;BvAxiH}/pra_Af_xus_as2{karwari{lit;pra;eka;parasmEpaxI;axAxiH}/pra_Af_xus_as2{karwari{lit;ma;bahu;parasmEpaxI;axAxiH}/pra_Af_xus_as2{karwari{lit;u;eka;parasmEpaxI;axAxiH}	prAxus_BU1{karwari;lit;pra;eka;parasmEpaxI;BvAxiH}	aBihiwa_karwA	aBihiwa_hewuH,5.1#aBihiwa_karwA	1	3	02	upaniRax	kenopaniRaw	-
8.1	waw	8.1	waw	wax{sarvanAma;napuM;1;eka}/wax{sarvanAma;napuM;2;eka}	wax{sarvanAma;napuM;1;eka}	viSeRaNam,13.1	viSeRaNam,1.1#karwA,7.1#karwA,4.1#viSeRaNam,13.1	1	3	02	upaniRax	kenopaniRaw	-
9.1	na	13.1	na	na{avya}	na{avya}	prawiReXaH,10.1	prawiReXa,10.1#prawiReXaH,10.1	1	3	02	upaniRax	kenopaniRaw	-
1.1	we	1.1	we	wax{sarvanAma;puM;1;bahu}/wax{sarvanAma;napuM;1;xvi}/wax{sarvanAma;napuM;2;xvi}/wax{sarvanAma;swrI;1;xvi}/wax{sarvanAma;swrI;2;xvi}/yuRmax{sarvanAma;6;eka}/yuRmax{sarvanAma;4;eka}	wax{sarvanAma;puM;1;bahu}	karwA,3.1	sampraxAnam,3.1#prayojanam1,6.1#RaRTIsambanXaH,9.1#RaRTIsambanXaH,4.1#RaRTIsambanXaH,2.1#muKyakarma,3.1#gONakarma,3.1#karwA,3.1	1	3	03	upaniRax	kenopaniRaw	-
10.1	(aswi)	8.1	-	as{karwari;lat;pra;eka;parasmEpaxI;axAxiH}	as{karwari;lat;pra;eka;parasmEpaxI;axAxiH}	vAkyakarma,6.1	-#vAkyakarma,6.1	1	3	03	upaniRax	kenopaniRaw	-
11.1	iwi	11.1	iwi	iwi{avya}	iwi{avya}	vAkyakarma_xyowakaH,10.1	vAkyakarma_xyowakaH,9.1#vAkyakarma_xyowakaH,10.1	1	3	03	upaniRax	kenopaniRaw	-
12.1	(agniH)	12.1	-	agni{puM;1;eka}	agni{puM;1;eka}	karwA,16.1	-#karwA#karwA,16.1	1	3	03	upaniRax	kenopaniRaw	-
13.1	waWA	13.1	waWA	waWA{avya}	waWA{avya}	kriyAviSeRaNam,14.1	sambanXaH,10.1#kriyAviSeRaNam,14.1	1	3	03	upaniRax	kenopaniRaw	-
14.1	(aswu)	14.1	-	aswu{avy}/as{karwari;lot;pra;eka;parasmEpaxI;axAxiH}	as{karwari;lot;pra;eka;parasmEpaxI;axAxiH}	vAkyakarma,16.1	-#vAkyakarma,16.1	1	3	03	upaniRax	kenopaniRaw	-
15.1	iwi	15.1	-	iwi{avya}	iwi{avya}	vAkyakarma_xyowakaH,14.1	-#vAkyakarma_xyowakaH,14.1	1	3	03	upaniRax	kenopaniRaw	-
16.1	(bravIwi)	16.1	-	brU{karwari;lat;pra;eka;parasmEpaxI;axAxiH}	brU{karwari;lat;pra;eka;parasmEpaxI;axAxiH}	aBihiwa_karwA,12.1	-#aBihiwa_karwA,12.1	1	3	03	upaniRax	kenopaniRaw	-
2.1	agnim	2.1	agnim	agni{puM;2;eka}	agni{puM;2;eka}	karma,3.1	karma,3.1#muKyakarma,3.1#gONakarma,3.1	1	3	03	upaniRax	kenopaniRaw	-
3.1	abruvan	3.1	abruvan	brU1{karwari;laf;pra;bahu;parasmEpaxI;axAxiH}	brU1{karwari;laf;pra;bahu;parasmEpaxI;axAxiH}	aBihiwa_karwA,1.1	aBihiwa-karwA,1.1#aBihiwa_karwA,1.1	1	3	03	upaniRax	kenopaniRaw	-
4.1	jAwavexaH	4.1	jAwavexaH	jAwavexa{puM;8;eka}	jAwavexa{puM;8;eka}	samboXyaH,6.1	samboXana,6.1#saMboXanaH,6.1#samboXyaH,6.1	1	3	03	upaniRax	kenopaniRaw	-
5.1	ewaw	9.1	ewaw	ewax{sarvanAma;napuM;1;eka}/ewax{sarvanAma;napuM;2;eka}	ewax{sarvanAma;napuM;2;eka}	karma,6.1	sambanXaH,5.1#karma,6.1	1	3	03	upaniRax	kenopaniRaw	-
6.1	vijAnIhi	10.1	vijAnIhi	vi_jFA2{karwari;lot;ma;eka;parasmEpaxI;kryAxiH}	vi_jFA2{karwari;lot;ma;eka;parasmEpaxI;kryAxiH}	aBihiwa_karwA	aBihiwa_karma,5.1#vAkyakarma,3.1#aBihiwa_karwA	1	3	03	upaniRax	kenopaniRaw	-
7.1	kim	7.1	kim	kim{avya}/kim{sarvanAma;napuM;1;eka}/kim{sarvanAma;napuM;2;eka}	kim{sarvanAma;napuM;1;eka}	viXeya_viSeRaNam,9.1	viSeRaNam,8.1#viSeRaNam,5.1#muKyakarma,3.1#viXeya_viSeRaNam,9.1	1	3	03	upaniRax	kenopaniRaw	-
8.1	ewaw	5.1	ewaw	ewax{sarvanAma;napuM;1;eka}/ewax{sarvanAma;napuM;2;eka}	ewax{sarvanAma;napuM;1;eka}	viSeRaNam,9.1	viSeRaNam,9.1#viSeRaNam,7.1#muKyakarma,3.1	1	3	03	upaniRax	kenopaniRaw	-
9.1	yakRam	6.1	yakRam	yakRa{napuM;1;eka}	yakRa{napuM;1;eka}	karwA,10.1	muKyakarma,6.1#gONakarma,3.1#karwA,10.1	1	3	03	upaniRax	kenopaniRaw	-
1.1	waw	1.1	waw	wax{sarvanAma;napuM;1;eka}/wax{sarvanAma;napuM;2;eka}	wax{sarvanAma;napuM;2;eka}	karma,2.1	karma,2.1#viSeRaNam,17.1#viSeRaNam,11.1#karwqrahiwakarwqsamAnAXikaraNam,7.1#karwA,4.1#karwA,2.1	1	3	04	upaniRax	kenopaniRaw	-
10.1	vE	10.1	vE	vE{avya}	vE{avya}	sambanXaH,9.1	sambanXaH,9.1	1	3	04	upaniRax	kenopaniRaw	-
11.1	aham	9.1	aham	asmax{sarvanAma;1;eka}	asmax{sarvanAma;1;eka}	karwA,12.1	viXeya_viSeRaNam,1.1#karwqrahiwakarwqsamAnAXikaraNam,7.1#karwA_be_verbs,18.1#karwA_be_verbs,12.1#karwA,12.1	1	3	04	upaniRax	kenopaniRaw	-
12.1	asmi	12.1	asmi	as2{karwari;lat;u;eka;parasmEpaxI;axAxiH}	as2{karwari;lat;u;eka;parasmEpaxI;axAxiH}	vAkyakarma,14.1	pUrvakAlaH,14.1#vAkyakarma,14.1	1	3	04	upaniRax	kenopaniRaw	-
13.1	iwi	13.1	iwi	iwi{avya}	iwi{avya}	vAkyakarma_xyowakaH,12.1	vAkyakarma_xyowakaH,12.1#vAkyakarma_xyowakaH,7.1#vAkyakarma_xyowakaH,4.1#vAkyakarma_xyowakaH,2.1	1	3	04	upaniRax	kenopaniRaw	-
14.1	abravIw	19.1	abravIw	brU1{karwari;laf;pra;eka;parasmEpaxI;axAxiH}	brU1{karwari;laf;pra;eka;parasmEpaxI;axAxiH}	aBihiwa_karwA	-#aBihiwa_karwA	1	3	04	upaniRax	kenopaniRaw	-
15.1	jAwavexAH	16.1	--	jAwavexa{puM;1;bahu}/vexa{puM;8;bahu}/vexA{swrI;8;bahu}/vexA{swrI;1;bahu}/vexA{swrI;2;bahu}	jAwavexa{puM;1;eka}	viXeya_viSeRaNam,17.1	muKyakarma,14.1#gONakarma,14.1#viXeya_viSeRaNam,11.1#karwqrahiwakarwqsamAnAXikaraNam,7.1#samboXyaH,18.1#samboXyaH,14.1#samboXyaH,12.1#samboXyaH,7.1#samboXyaH,4.1#samboXyaH,2.1#viXeya_viSeRaNam,17.1	1	3	04	upaniRax	kenopaniRaw	-
16.1	vE	15.1	vE	vE{avya}	vE{avya}	sambanXaH,15.1	sambanXaH,14.2#sambanXaH,15.1	1	3	04	upaniRax	kenopaniRaw	-
17.1	aham	14.1	aham	asmax{sarvanAma;1;eka}	asmax{sarvanAma;1;eka}	karwA,18.1	viXeya_viSeRaNam,1.1#karwqrahiwakarwqsamAnAXikaraNam,7.1#karwA_be_verbs,18.1#karwA_be_verbs,12.1#karwA,18.1	1	3	04	upaniRax	kenopaniRaw	-
18.1	asmi	17.1	asmi	as2{karwari;lat;u;eka;parasmEpaxI;axAxiH}	as2{karwari;lat;u;eka;parasmEpaxI;axAxiH}	vAkyakarma,14.1	pUrvakAlaH,14.1#vAkyakarma,14.1	1	3	04	upaniRax	kenopaniRaw	-
19.1	iwi	18.1	iwi	iwi{avya}	iwi{avya}	vAkyakarma_xyowakaH,18.1	vAkyakarma_xyowakaH,18.1#vAkyakarma_xyowakaH,12.1#vAkyakarma_xyowakaH,7.1#vAkyakarma_xyowakaH,4.1#vAkyakarma_xyowakaH,2.1	1	3	04	upaniRax	kenopaniRaw	-
2.1	aByaxravaw	2.1	aByaxravaw	aBi_xru1{karwari;laf;pra;eka;parasmEpaxI;BvAxiH}	aBi_xru1{karwari;laf;pra;eka;parasmEpaxI;BvAxiH}	aBihiwa_karwA	-#aBihiwa_karwA	1	3	04	upaniRax	kenopaniRaw	-
3.1	wam	3.1	wam	wax{sarvanAma;puM;2;eka}	wax{sarvanAma;puM;2;eka}	karma,4.1	karma,2.1#karma,4.1	1	3	04	upaniRax	kenopaniRaw	-
4.1	aByavaxaw	4.1	aByavaxaw	aBi_vax1{karwari;laf;pra;eka;parasmEpaxI;BvAxiH}	aBi_vax1{karwari;laf;pra;eka;parasmEpaxI;BvAxiH}	aBihiwa_karwA	-#aBihiwa_karwA	1	3	04	upaniRax	kenopaniRaw	-
5.1	(wvam)	5.1	-	yuRmax{sarva;a;1;eka}	yuRmax{sarva;a;1;eka}	karwA,7.1	-#karwA,7.1	1	3	04	upaniRax	kenopaniRaw	-
6.1	kaH	6.1	kaH	kim{sarvanAma;puM;1;eka}	kim{sarvanAma;puM;1;eka}	viXeya_viSeRaNam,5.1	viSeRaNam,17.1#viSeRaNam,11.1#karwqrahiwakarwqsamAnAXikaraNam,7.1#karwA,4.1#karwA,2.1#viXeya_viSeRaNam,5.1	1	3	04	upaniRax	kenopaniRaw	-
7.1	asi	7.1	asi	as2{karwari;lat;ma;eka;parasmEpaxI;axAxiH}	as2{karwari;lat;ma;eka;parasmEpaxI;axAxiH}	vAkyakarma,4.1	-#vAkyakarma,4.1	1	3	04	upaniRax	kenopaniRaw	-
8.1	iwi	8.1	iwi	iwi{avya}	iwi{avya}	vAkyakarma_xyowakaH,7.1	vAkyakarma_xyowakaH,7.1#vAkyakarma_xyowakaH,4.1#vAkyakarma_xyowakaH,2.1	1	3	04	upaniRax	kenopaniRaw	-
9.1	agniH	11.1	agniH	agni{puM;1;eka}	agni{puM;1;eka}	viXeya_viSeRaNam,11.1	karwqrahiwakarwqsamAnAXikaraNam,7.1#karwA,14.1#karwA,4.1#karwA,2.1#viXeya_viSeRaNam,11.1	1	3	04	upaniRax	kenopaniRaw	-
1.1	waw	1.1	waw	wax{sarvanAma;napuM;1;eka}/wax{sarvanAma;napuM;2;eka}	wax{sarvanAma;napuM;1;eka}	-	karma,2.1#viSeRaNam,16.1#viSeRaNam,10.1#karwqrahiwakarwqsamAnAXikaraNam,6.1#karwA,4.1#karwA,2.1	1	3	04-1	upaniRax	kenopaniRaw	-
10.1	aham	11.1	aham	asmax{sarvanAma;1;eka}	asmax{sarvanAma;1;eka}	-	viXeya_viSeRaNam,1.1#karwqrahiwakarwqsamAnAXikaraNam,6.1#karwA_be_verbs,17.1#karwA_be_verbs,11.1	1	3	04-1	upaniRax	kenopaniRaw	-
11.1	asmi	12.1	asmi	as2{karwari;lat;u;eka;parasmEpaxI;axAxiH}	as2{karwari;lat;u;eka;parasmEpaxI;axAxiH}	-	vAkyakarma,13.1	1	3	04-1	upaniRax	kenopaniRaw	-
12.1	iwi	13.1	iwi	iwi{avya}	iwi{avya}	-	vAkyakarma_xyowakaH,11.1#vAkyakarma_xyowakaH,6.1#vAkyakarma_xyowakaH,4.1#vAkyakarma_xyowakaH,2.1	1	3	04-1	upaniRax	kenopaniRaw	-
13.1	abravIw	8.1	abravIw	brU1{karwari;laf;pra;eka;parasmEpaxI;axAxiH}	brU1{karwari;laf;pra;eka;parasmEpaxI;axAxiH}	-	-	1	3	04-1	upaniRax	kenopaniRaw	-
14.1	jAwavexAH	14.1	jAwavexAH	jAwavexa{puM;1;bahu}	jAwavexa{puM;1;bahu}	-	karwqrahiwakarwqsamAnAXikaraNam,6.1	1	3	04-1	upaniRax	kenopaniRaw	-
15.1	vE	15.4	vE	vE{avya}	vE{avya}	-	sambanXaH,14.1	1	3	04-1	upaniRax	kenopaniRaw	-
16.1	aham	16.1	aham	asmax{sarvanAma;1;eka}	asmax{sarvanAma;1;eka}	-	viXeya_viSeRaNam,1.1#karwqrahiwakarwqsamAnAXikaraNam,6.1#karwA_be_verbs,17.1#karwA_be_verbs,11.1	1	3	04-1	upaniRax	kenopaniRaw	-
17.1	asmi	17.1	asmi	as2{karwari;lat;u;eka;parasmEpaxI;axAxiH}	as2{karwari;lat;u;eka;parasmEpaxI;axAxiH}	-	vAkyakarma,13.1	1	3	04-1	upaniRax	kenopaniRaw	-
18.1	iwi	18.1	iwi	iwi{avya}	iwi{avya}	-	vAkyakarma_xyowakaH,17.1#vAkyakarma_xyowakaH,11.1#vAkyakarma_xyowakaH,6.1#vAkyakarma_xyowakaH,4.1#vAkyakarma_xyowakaH,2.1	1	3	04-1	upaniRax	kenopaniRaw	-
2.1	aByaxravaw	2.1	aByaxravaw	aBi_xru1{karwari;laf;pra;eka;parasmEpaxI;BvAxiH}	aBi_xru1{karwari;laf;pra;eka;parasmEpaxI;BvAxiH}	-	vAkyakarma,13.1	1	3	04-1	upaniRax	kenopaniRaw	-
3.1	wam	3.1	wam	wax{sarvanAma;puM;2;eka}	wax{sarvanAma;puM;2;eka}	-	karma,2.1	1	3	04-1	upaniRax	kenopaniRaw	-
4.1	aByavaxaw	4.1	aByavaxaw	aBi_vax1{karwari;laf;pra;eka;parasmEpaxI;BvAxiH}	aBi_vax1{karwari;laf;pra;eka;parasmEpaxI;BvAxiH}	-	vAkyakarma,13.1	1	3	04-1	upaniRax	kenopaniRaw	-
5.1	kaH	5.1	kaH	kim{sarvanAma;puM;1;eka}	kim{sarvanAma;puM;1;eka}	-	viSeRaNam,16.1#viSeRaNam,10.1#karwqrahiwakarwqsamAnAXikaraNam,6.1#karwA,4.1#karwA,2.1	1	3	04-1	upaniRax	kenopaniRaw	-
6.1	asi	6.1	asi	as2{karwari;lat;ma;eka;parasmEpaxI;axAxiH}	as2{karwari;lat;ma;eka;parasmEpaxI;axAxiH}	-	vAkyakarma,13.1	1	3	04-1	upaniRax	kenopaniRaw	-
7.1	iwi	7.1	iwi	iwi{avya}	iwi{avya}	-	vAkyakarma_xyowakaH,6.1#vAkyakarma_xyowakaH,4.1#vAkyakarma_xyowakaH,2.1	1	3	04-1	upaniRax	kenopaniRaw	-
8.1	agniH	9.1	agniH	agni{puM;1;eka}	agni{puM;1;eka}	-	karwqrahiwakarwqsamAnAXikaraNam,6.1#karwA,13.1#karwA,4.1#karwA,2.1	1	3	04-1	upaniRax	kenopaniRaw	-
9.1	vE	10.1	vE	vE{avya}	vE{avya}	-	sambanXaH,8.1	1	3	04-1	upaniRax	kenopaniRaw	-
1.1	wasmin	1.1	wasmin	wax{sarvanAma;puM;7;eka}/wax{sarvanAma;napuM;7;eka}	wax{sarvanAma;napuM;7;eka}	viSeRaNam,2.1	viSeRaNam,2.1#aXikaraNam,10.1#aXikaraNam,4.1	1	3	05	upaniRax	kenopaniRaw	-
10.1	xaheyam	10.1	xaheyam	xah1{karwari;viXilif;u;eka;parasmEpaxI;BvAxiH}	xah1{karwari;viXilif;u;eka;parasmEpaxI;BvAxiH}	aBihiwa_karwA	aBihiwa_karma,9.1#aBihiwa_karwA	1	3	05	upaniRax	kenopaniRaw	-
11.1	yaw	13.1	yaw	yaw{avya}/yax{sarvanAma;napuM;1;eka}/yax{sarvanAma;napuM;2;eka}	yax{sarvanAma;napuM;1;eka}	viSeRaNam,12.1	viSeRaNam,12.1#viSeRaNam,9.1#viSeRaNam,4.1#niwya_sambanXaH1,1.1#karma,10.1#karma,4.1	1	3	05	upaniRax	kenopaniRaw	-
12.1	ixam	12.1	ixam	ixam{sarvanAma;napuM;1;eka}/ixam{sarvanAma;napuM;2;eka}	ixam{sarvanAma;napuM;1;eka}	karwA,15.1;niwya_sambanXaH,8.1	karwA,15.1#viSeRaNam,11.1#viSeRaNam,9.1#viSeRaNam,4.1#karma,10.1#karma,4.1#aBihiwa_karwA#niwya_sambanXaH,8.1#karwA,15.1;niwya_sambanXaH,8.1	1	3	05	upaniRax	kenopaniRaw	-
13.1	pqWivyAm	11.1	pqWivyAm	pqWivI{swrI;7;eka}	pqWivI{swrI;7;eka}	aXikaraNam,15.1	viSeRaNam,2.1#aXikaraNam,10.1#aXikaraNam,4.1#aXikaraNam,15.1	1	3	05	upaniRax	kenopaniRaw	-
14.1	iwi	14.1	iwi	iwi{avya}	iwi{avya}	sambanXaH,15.1	sambanXaH,13.1#sambanXaH,10.1#sambanXaH,15.1	1	3	05	upaniRax	kenopaniRaw	-
15.1	(aswi)	15.1	-	as{karwari;lat;pra;eka;parasmEpaxI;axAxiH}	as{karwari;lat;pra;eka;parasmEpaxI;axAxiH}	aBihiwa_karwA	-#aBihiwa_karwA	1	3	05	upaniRax	kenopaniRaw	-
2.1	wvayi	2.1	wvayi	yuRmax{sarvanAma;7;eka}	yuRmax{sarvanAma;7;eka}	xeSAXikaraNam,5.1	xeSAXikaraNam,5.1#xeSAXikaraNam,10.1#xeSAXikaraNam,4.1	1	3	05	upaniRax	kenopaniRaw	-
3.1	kim	3.1	kim	kim{avya}/kim{sarvanAma;napuM;1;eka}/kim{sarvanAma;napuM;2;eka}	kim{sarvanAma;napuM;1;eka}	viSeRaNam,4.1	viSeRaNam,11.1#viSeRaNam,9.1#viSeRaNam,4.1#karma,10.1#karma,4.1#sambanXaH,10.1#prayojanam1,10.1	1	3	05	upaniRax	kenopaniRaw	-
4.1	vIryam	4.1	vIryam	vIrya{napuM;1;eka}/vIrya{napuM;2;eka}/vIrya{puM;2;eka(vIra1;yaw;X;curAxiH)}/vIrya{napuM;1;eka(vIra1;yaw;X;curAxiH)}/vIrya{napuM;2;eka(vIra1;yaw;X;curAxiH)}	vIrya{napuM;1;eka(vIra1;yaw;X;curAxiH)}	karwA,5.1	karwA,5.1#viSeRaNam,12.1#viSeRaNam,11.1#viSeRaNam,9.1#viSeRaNam,8.1#karma,10.1	1	3	05	upaniRax	kenopaniRaw	-
5.1	(aswi)	5.1	-	as2{karwari;lat;pra;eka;parasmEpaxI;axAxiH}	as2{karwari;lat;pra;eka;parasmEpaxI;axAxiH}	aBihiwa_karwA,4.1	-#aBihiwa_karwA,4.1	1	3	05	upaniRax	kenopaniRaw	-
6.1	iwi	6.1	iwi	iwi{avya}	iwi{avya}	sambanXaH,5.1	sambanXaH,5.1	1	3	05	upaniRax	kenopaniRaw	-
7.1	api	9.1	api	api{avya}	api{avya}	sambanXaH,9.1	sambanXaH,6.1#sambanXaH,9.1	1	3	05	upaniRax	kenopaniRaw	-
8.1	ixam	7.1	ixam	ixam{sarvanAma;napuM;1;eka}/ixam{sarvanAma;napuM;2;eka}	ixam{sarvanAma;napuM;2;eka}	viSeRaNam,9.1	viSeRaNam,11.1#viSeRaNam,9.1#viSeRaNam,4.1#karma,10.1#karma,4.1	1	3	05	upaniRax	kenopaniRaw	-
9.1	sarvam	8.1	sarvam	sarva{sarvanAma;puM;2;eka}/sarva{sarvanAma;napuM;1;eka}/sarva{sarvanAma;napuM;2;eka}	sarva{sarvanAma;napuM;2;eka}	karma,10.1	viSeRaNam,11.1#viSeRaNam,8.1#viSeRaNam,4.1#viSeRaNam,3.1#karma,10.1#karma,4.1	1	3	05	upaniRax	kenopaniRaw	-
1.1	wasmE	1.1	wasmE	wax{sarvanAma;puM;4;eka}/wax{sarvanAma;napuM;4;eka}	wax{sarvanAma;puM;4;eka}	sampraxAnam,3.1	sampraxAnam,3.1#prayojanam1,22.1#prayojanam1,21.1#prayojanam1,14.1#prayojanam1,13.1#prayojanam1,3.1	1	3	06	upaniRax	kenopaniRaw	-
10.1	sarvajavena	10.1	--	sarvajava{puM;3;eka}/sarvajava{napuM;3;eka}	sarvajava{puM;3;eka}	karaNam,9.1	karaNam,9.1#karaNam,14.1#karaNam,4.1#hewuH,22.1#hewuH,21.1#hewuH,14.1#hewuH,13.1#hewuH,4.1	1	3	06	upaniRax	kenopaniRaw	-
11.1	waw	11.1	waw	wax{sarvanAma;napuM;1;eka}/wax{sarvanAma;napuM;2;eka}	wax{sarvanAma;napuM;2;eka}	karma,14.1	viSeRaNam,24.1#viSeRaNam,23.1#viSeRaNam,20.1#viSeRaNam,6.1#viSeRaNam,3.1#karma,22.1#karma,14.1#karma,13.1#karma,4.1#karwA,13.1	1	3	06	upaniRax	kenopaniRaw	-
12.1	na	13.1	na	na{avya}	na{avya}	prawiReXaH,13.1	prawiReXaH,21.1#prawiReXaH,13.1	1	3	06	upaniRax	kenopaniRaw	-
13.1	SaSAka	14.1	SaSAka	Sak2{karwari;lit;pra;eka;parasmEpaxI;xivAxiH}/Sak2{karwari;lit;u;eka;parasmEpaxI;xivAxiH}/Sak3{karwari;lit;pra;eka;parasmEpaxI;svAxiH}/Sak3{karwari;lit;u;eka;parasmEpaxI;svAxiH}	Sak2{karwari;lit;pra;eka;parasmEpaxI;xivAxiH}	aBihiwa_karwA	aBihiwa_karma,11.1#aBihiwa_karwA	1	3	06	upaniRax	kenopaniRaw	-
14.1	xagXum	12.1	xagXum	xah1{avya;kwvA;wumun;BvAxiH}	xah1{avya;kwvA;wumun;BvAxiH}	pUrvakAlaH,13.1	pUrvakAlaH,13.1#pUrvakAla,13.1#wumunkarma,21.1#wumunkarma,13.1#prayojanam1,21.1#prayojanam1,13.1#prayojanam1,4.1	1	3	06	upaniRax	kenopaniRaw	-
15.1	saH	15.1	saH	wax{sarvanAma;puM;1;eka}	wax{sarvanAma;puM;1;eka}	karwA,18.1	karwA,18.1	1	3	06	upaniRax	kenopaniRaw	-
16.1	wawaH	16.1	wawaH	wawaH{avya}	wawaH{avya}	kArya_xyowakaH,18.1	kArya_xyowakaH,18.1#kArya_xyowakaH,21.1#hewuH5,22.1#hewuH5,21.1#hewuH5,14.1#hewuH5,13.1#hewuH5,4.1	1	3	06	upaniRax	kenopaniRaw	-
17.1	eva	17.1	eva	eva{avya}	eva{avya}	sambanXaH,16.1	sambanXaH,16.1	1	3	06	upaniRax	kenopaniRaw	-
18.1	nivavqwe	18.1	nivavqwe	ni_vqw{karwari;lit;pra;eka,Awmanepaxam)}	ni_vqw{karwari;lit;pra;eka,Awmanepaxam)}	aBihiwa_karwA,15.1	aBihiwa_karwA,15.1	1	3	06	upaniRax	kenopaniRaw	-
19.1	na	25.1	na	na{avya}	na{avya}	prawiReXaH,21.1	prawiReXaH,21.1	1	3	06	upaniRax	kenopaniRaw	-
2.1	wqNam	2.1	wqNam	wqNa{napuM;1;eka}/wqNa{napuM;2;eka}	wqNa{napuM;2;eka}	karma,3.1	karma,22.1#karma,14.1#karma,3.1	1	3	06	upaniRax	kenopaniRaw	-
20.1	ewaw	23.1	ewaw	ewax{sarvanAma;napuM;1;eka}/ewax{sarvanAma;napuM;2;eka}	ewax{sarvanAma;napuM;2;eka}	karma,22.1;niwya_sambanXaH,23.1	karma,22.1#niwya_sambanXaH,23.1	1	3	06	upaniRax	kenopaniRaw	-
21.1	aSakam	26.1	aSakam	Sak2{karwari;luf;u;eka;parasmEpaxI;xivAxiH}/Sak3{karwari;luf;u;eka;parasmEpaxI;svAxiH}	Sak2{karwari;luf;u;eka;parasmEpaxI;xivAxiH}	aBihiwa_karwA	aBihiwa_karma,22.1#aBihiwa_karwA	1	3	06	upaniRax	kenopaniRaw	-
22.1	vijFAwum	24.1	vijFAwum	vi_jFA1{avya;wumun;kryAxiH}	vi_jFA1{avya;wumun;kryAxiH}	pUrvakAlaH,21.1	pUrvakAlaH,21.1#wumunkarma,21.1#wumunkarma,13.1#prayojanam1,21.1#prayojanam1,13.1#prayojanam1,4.1	1	3	06	upaniRax	kenopaniRaw	-
23.1	yaw	19.1	yaw	yaw{avya}/yax{sarvanAma;napuM;1;eka}/yax{sarvanAma;napuM;2;eka}	yawyax{sarvanAma;napuM;1;eka}	viSeRaNam,25.1	viSeRaNam,25.1#viSeRaNam,24.1#viSeRaNam,20.1#viSeRaNam,11.1#viSeRaNam,6.1#viSeRaNam,3.1#niwya_sambanXaH1,24.1#niwya_sambanXaH1,20.1#niwya_sambanXaH1,11.1#niwya_sambanXaH1,6.1#niwya_sambanXaH1,3.1#karma,22.1#karma,21.1#karma,14.1	1	3	06	upaniRax	kenopaniRaw	-
24.1	ewaw	20.1	ewaw	ewax{sarvanAma;napuM;1;eka}/ewax{sarvanAma;napuM;2;eka}	ewax{sarvanAma;napuM;1;eka}	viSeRaNam,25.1	viSeRaNam,25.1#viSeRaNam,23.1#viSeRaNam,20.1#viSeRaNam,11.1#viSeRaNam,6.1#viSeRaNam,3.1#karma,22.1#karma,21.1#karma,14.1	1	3	06	upaniRax	kenopaniRaw	-
25.1	yakRam	21.1	yakRam	yakRa{puM;1;eka}	yakRa{puM;1;eka}	karwA,27.1	karwA,27.1#karma,22.1#karma,21.1#karma,14.1	1	3	06	upaniRax	kenopaniRaw	-
26.1	iwi	27.1	iwi	iwi{avya}	iwi{avya}	vAkyakarma_xyowakaH,27.1	vAkyA_sambanXaH,25.1#vAkyakarma_xyowakaH,27.1	1	3	06	upaniRax	kenopaniRaw	-
27.1	(aswi)	22.1	-	as2{karwari;lat;pra;eka;parasmEpaxI;axAxiH}	as2{karwari;lat;pra;eka;parasmEpaxI;axAxiH}	aBihiwa_karwA,25.1	-#aBihiwa_karwA,25.1	1	3	06	upaniRax	kenopaniRaw	-
3.1	nixaXO	3.1	nixaXO	ni_XA{karwari;lit;pra;eka,parasmEpaxI_juhowyAxiH}	ni_XA{karwari;lit;pra;eka,parasmEpaxI_juhowyAxiH}	aBihiwa_karwA	vAkyA_sambanXaH,25.1#pUrvakAla,5.1#aBihiwa_karwA	1	3	06	upaniRax	kenopaniRaw	-
4.1	ewaw	4.1	ewaw	ewax{sarvanAma;napuM;1;eka}/ewax{sarvanAma;napuM;2;eka}	ewax{sarvanAma;napuM;2;eka}	karma,5.1	karma,5.1#viSeRaNam,24.1#viSeRaNam,23.1#viSeRaNam,20.1#viSeRaNam,11.1#viSeRaNam,2.1#karma,22.1#karma,14.1#karma,4.1	1	3	06	upaniRax	kenopaniRaw	-
5.1	xaha	5.1	xaha	xah1{karwari;lot;ma;eka;parasmEpaxI;BvAxiH}	xah1{karwari;lot;ma;eka;parasmEpaxI;BvAxiH}	vAkyakarma,7.1	aBihiwa_karma,5.1#vAkyakarma,7.1	1	3	06	upaniRax	kenopaniRaw	-
6.1	iwi	6.1	iwi	iwi{avya}	iwi{avya}	vAkyakarma_xyowakaH,5.1	vAkya_sambanXaH,5.1#vAkyakarma_xyowakaH,5.1	1	3	06	upaniRax	kenopaniRaw	-
7.1	(ukwvA)	7.1	-	vac1{avy;kwvA;vacaz;axAxiH}	vac1{avy;kwvA;vacaz;axAxiH}	pUrvakAlaH,3.1	pUrvakAlaH,3.1	1	3	06	upaniRax	kenopaniRaw	-
8.1	waw	8.1	waw	wax{sarvanAma;napuM;1;eka}/wax{sarvanAma;napuM;2;eka}	wax{sarvanAma;napuM;2;eka}	karma,9.1	karma,9.1#viSeRaNam,24.1#viSeRaNam,23.1#viSeRaNam,20.1#viSeRaNam,11.1#viSeRaNam,3.1#karma,22.1#karma,14.1#karma,13.1#karma,4.1#karwA,13.1	1	3	06	upaniRax	kenopaniRaw	-
9.1	upapreyAya	9.1	-	upa_pra_i{(karwari;lit;u;eka;iN-gawO;axAxiH;parasmEpaxI}	upa_pra_i{(karwari;lit;u;eka;iN-gawO;axAxiH;parasmEpaxI}	aBihiwa_karwA	-#aBihiwa_karwA	1	3	06	upaniRax	kenopaniRaw	-
1.1	aWa	1.1	aWa	aWa{avya}	aWa{avya}	sambanXaH,3.1	vAkya_sambanXaH,2.1#sambanXaH,3.1	1	3	07	upaniRax	kenopaniRaw	-
10.1	(aswi)	8.1	-	as{karwari;lat;pra;eka;parasmEpaxI;axAxiH}	as{karwari;lat;pra;eka;parasmEpaxI;axAxiH}	vAkyakarma,6.1	-#vAkyakarma,11.1#vAkyakarma,6.1	1	3	07	upaniRax	kenopaniRaw	-
11.1	iwi	11.1	--	iwi{avya}	iwi{avya}	vAkyakarma_xyowakaH,10.1	vAkya_sambanXaH,9.1#vAkyakarma_xyowakaH,10.1	1	3	07	upaniRax	kenopaniRaw	-
12.1	(vAyuH)	12.1	-	vAyu{puM;1;eka}	vAyu{puM;1;eka}	karwA,16.1	-#karwA,16.1	1	3	07	upaniRax	kenopaniRaw	-
13.1	waWA	13.1	--	waWA{avya}	waWA{avya}	kriyAviSeRaNam,14.1	sambanXaH,11.1#kriyAviSeRaNam,14.1	1	3	07	upaniRax	kenopaniRaw	-
14.1	(aswu)	14.1	-	aswu{avy}/as{karwari;lot;pra;eka;parasmEpaxI;axAxiH}	as{karwari;lot;pra;eka;parasmEpaxI;axAxiH}	vAkyakarma,16.1	-#vAkyakarma,16.1	1	3	07	upaniRax	kenopaniRaw	-
15.1	iwi	15.1	-	iwi{avya}	iwi{avya}	vAkyakarma_xyowakaH,14.1	-#vAkyakarma_xyowakaH,14.1	1	3	07	upaniRax	kenopaniRaw	-
16.1	(bravIwi)	16.1	-	brU{karwari;lat;pra;eka;parasmEpaxI;axAxiH}	brU{karwari;lat;pra;eka;parasmEpaxI;axAxiH}	aBihiwa_karwA,12.1	-#aBihiwa_karwA,12.1	1	3	07	upaniRax	kenopaniRaw	-
2.1	vAyum	2.1	vAyum	vAyu{puM;2;eka}	vAyu{puM;2;eka}	karma,3.1	karma,3.1	1	3	07	upaniRax	kenopaniRaw	-
3.1	abruvan	3.1	abruvan	brU1{karwari;laf;pra;bahu;parasmEpaxI;axAxiH}	brU1{karwari;laf;pra;bahu;parasmEpaxI;axAxiH}	aBihiwa_karwA	krama_xyowakaH,2.1#aBihiwa_karwA	1	3	07	upaniRax	kenopaniRaw	-
4.1	vAyo	4.1	vAyum	vAyu{puM;8;eka}/vAyu{napuM;8;eka}	vAyu{puM;8;eka}	samboXyaH,6.1	samboXana,6.1#prayojyakarwA,6.1#aXikaraNam,5.1#aXikaraNam,2.1#sampraxAnam,2.1#prayojanam1,5.1#samboXanam,6.1#samboXyaH,6.1	1	3	07	upaniRax	kenopaniRaw	-
5.1	ewaw	9.1	--	ewax{sarvanAma;napuM;1;eka}/wax{sarvanAma;napuM;2;eka}	ewax{sarvanAma;napuM;2;eka}	karma,6.1	karma,6.1#viSeRaNam,8.1#viSeRaNam,7.1#muKyakarma,2.1	1	3	07	upaniRax	kenopaniRaw	-
6.1	vijAnIhi	10.1	--	vi_jFA2{karwari;lot;ma;eka;parasmEpaxI;kryAxiH}	vi_jFA2{karwari;lot;ma;eka;parasmEpaxI;kryAxiH}	aBihiwa_karwA	vAkyakarma,2.1#aBihiwa_karwA	1	3	07	upaniRax	kenopaniRaw	-
7.1	kim	7.1	--	kim{avya}/kim{sarvanAma;napuM;1;eka}/kim{sarvanAma;napuM;2;eka}	kimkim{sarvanAma;napuM;1;eka}	viXeya_viSeRaNam,9.1	viSeRaNam,7.1#viSeRaNam,4.1#muKyakarma,2.1#viXeya_viSeRaNam,9.1	1	3	07	upaniRax	kenopaniRaw	-
8.1	ewaw	5.1	--	ewax{sarvanAma;napuM;1;eka}/ewax{sarvanAma;napuM;2;eka}	ewax{sarvanAma;napuM;1;eka}	viSeRaNam,9.1	viSeRaNam,9.1#viSeRaNam,4.1#muKyakarma,2.1	1	3	07	upaniRax	kenopaniRaw	-
9.1	yakRam	6.1	--	yakRa{napuM;1;eka}	yakRa{napuM;1;eka}	karwA,10.1	muKyakarma,2.1#gONakarma,2.1#karwA,10.1	1	3	07	upaniRax	kenopaniRaw	-
1.1	waw	1.1	waw	wax{sarvanAma;napuM;1;eka}/wax{sarvanAma;napuM;2;eka}	wax{sarvanAma;napuM;2;eka}	karma,2.1	karma,9.1#karma,2.1#viSeRaNam,17.1#viSeRaNam,11.1#karwqrahiwakarwqsamAnAXikaraNam,7.1#karwA,4.1#karwA,2.1	1	3	08	upaniRax	kenopaniRaw	-
10.1	vE	10.1	vE	vE{avya}	vE{avya}	sambanXaH,9.1	sambanXaH,9.1	1	3	08	upaniRax	kenopaniRaw	-
11.1	aham	9.1	aham	asmax{sarvanAma;1;eka}	asmax{sarvanAma;1;eka}	karwA,12.1	viXeya_viSeRaNam,1.1#karwqrahiwakarwqsamAnAXikaraNam,7.1#karwA_be_verbs,18.1#karwA_be_verbs,12.1#karwA,12.1	1	3	08	upaniRax	kenopaniRaw	-
12.1	asmi	12.1	asmi	as2{karwari;lat;u;eka;parasmEpaxI;axAxiH}	as2{karwari;lat;u;eka;parasmEpaxI;axAxiH}	vAkyakarma,14.1	vAkyakarma,14.1#vAkyakarma	1	3	08	upaniRax	kenopaniRaw	-
13.1	iwi	13.1	iwi	iwi{avya}	iwi{avya}	vAkyakarma_xyowakaH,12.1	vAkyakarma_xyowakaH,12.1#vAkyakarma_xyowakaH,9.1#vAkyakarma_xyowakaH,7.1#vAkyakarma_xyowakaH,4.1#vAkyakarma_xyowakaH,2.1	1	3	08	upaniRax	kenopaniRaw	-
14.1	abravIw	19.1	abravIw	brU1{karwari;laf;pra;eka;parasmEpaxI;axAxiH}	brU1{karwari;laf;pra;eka;parasmEpaxI;axAxiH}	aBihiwa_karwA	aBihiwa_karwA,9.1#aBihiwa_karwA	1	3	08	upaniRax	kenopaniRaw	-
15.1	mAwariSvA	15.1	mAwariSvA	mAwariSvan{puM;1;eka}	mAwariSvan{puM;1;eka}	viXeya_viSeRaNam,17.1	karwqrahiwakarwqsamAnAXikaraNam,7.1#karwA,14.1#viXeya_viSeRaNam,17.1	1	3	08	upaniRax	kenopaniRaw	-
16.1	vE	16.1	vE	vE{avya}	vE{avya}	sambanXaH,15.1	sambanXaH,15.1	1	3	08	upaniRax	kenopaniRaw	-
17.1	aham	14.1	aham	asmax{sarvanAma;1;eka}	asmax{sarvanAma;1;eka}	karwA,18.1	viXeya_viSeRaNam,1.1#karwqrahiwakarwqsamAnAXikaraNam,7.1#karwA_be_verbs,18.1#karwA_be_verbs,12.1#viSeRaNam,15.1#karwA,18.1	1	3	08	upaniRax	kenopaniRaw	-
18.1	asmi	17.1	asmi	as2{karwari;lat;u;eka;parasmEpaxI;axAxiH}	as2{karwari;lat;u;eka;parasmEpaxI;axAxiH}	vAkyakarma,14.1	vAkyakarma,14.1#aBihiwa_karwA	1	3	08	upaniRax	kenopaniRaw	-
19.1	iwi	18.1	iwi	iwi{avya}	iwi{avya}	vAkyakarma_xyowakaH,18.1	vAkyakarma_xyowakaH,18.1#vAkyakarma_xyowakaH,12.1#vAkyakarma_xyowakaH,9.1#vAkyakarma_xyowakaH,7.1#vAkyakarma_xyowakaH,4.1#vAkyakarma_xyowakaH,2.1	1	3	08	upaniRax	kenopaniRaw	-
2.1	aByaxravaw	2.1	aByaxravaw	aBi_xru1{karwari;laf;pra;eka;parasmEpaxI;BvAxiH}	aBi_xru1{karwari;laf;pra;eka;parasmEpaxI;BvAxiH}	aBihiwa_karwA	vAkyakarma,14.1#aBihiwa_karwA	1	3	08	upaniRax	kenopaniRaw	-
3.1	wam	3.1	wam	wax{sarvanAma;puM;2;eka}	wax{sarvanAma;puM;2;eka}	karma,4.1	karma,4.1#karma,9.1#karma,2.1	1	3	08	upaniRax	kenopaniRaw	-
4.1	aByavaxaw	4.1	aByavaxaw	aBi_vax1{karwari;laf;pra;eka;parasmEpaxI;BvAxiH}	aBi_vax1{karwari;laf;pra;eka;parasmEpaxI;BvAxiH}	aBihiwa_karwA	vAkyakarma,14.1#aBihiwa_karwA	1	3	08	upaniRax	kenopaniRaw	-
5.1	(wvam)	5.1	-	yuRmax{sarva;a;1;eka}	yuRmax{sarva;a;1;eka}	karwA,7.1	-#karwA,7.1	1	3	08	upaniRax	kenopaniRaw	-
6.1	kaH	6.1	kaH	kim{sarvanAma;puM;1;eka}	kim{sarvanAma;puM;1;eka}	viXeya_viSeRaNam,5.1	viSeRaNam,17.1#viSeRaNam,15.1#viSeRaNam,11.1#viSeRaNam,9.1#karwqrahiwakarwqsamAnAXikaraNam,7.1#karwA,4.1#karwA,2.1#viXeya_viSeRaNam,5.1	1	3	08	upaniRax	kenopaniRaw	-
7.1	asi	7.1	asi	as2{karwari;lat;ma;eka;parasmEpaxI;axAxiH}	as2{karwari;lat;ma;eka;parasmEpaxI;axAxiH}	vAkyakarma,4.1	vAkyakarma,14.1#vAkyakarma	1	3	08	upaniRax	kenopaniRaw	-
8.1	iwi	8.1	iwi	iwi{avya}	iwi{avya}	vAkyakarma_xyowakaH,7.1	vAkyakarma_xyowakaH,7.1#vAkyakarma_xyowakaH,4.1#vAkyakarma_xyowakaH,2.1	1	3	08	upaniRax	kenopaniRaw	-
9.1	vAyuH	11.1	vAyuH	vA1{karwari;viXilif;pra;bahu;parasmEpaxI;axAxiH}/vAyu{puM;1;eka}/vAyu{puM;1;eka}	vAyu{puM;1;eka}	viXeya_viSeRaNam,11.1	karwA,12.1#karwqrahiwakarwqsamAnAXikaraNam,7.1#karwA,14.1#karwA,4.1#karwA,2.1#vAkyakarma,14.1#viXeya_viSeRaNam,11.1	1	3	08	upaniRax	kenopaniRaw	-
1.1	wasmin	1.1	wasmin	wax{sarvanAma;puM;7;eka}/wax{sarvanAma;napuM;7;eka}	wax{sarvanAma;napuM;7;eka}	viSeRaNam,2.1	viSeRaNam,2.1#aXikaraNam,10.1#aXikaraNam,4.1	1	3	09	upaniRax	kenopaniRaw	-
10.1	AxaxIya	10.1	AxaxIya	Af_xA3{karwari;viXilif;u;eka;AwmanepaxI;juhowyAxiH}	Af_xA3{karwari;viXilif;u;eka;AwmanepaxI;juhowyAxiH}	aBihiwa_karwA	-#aBihiwa_karwA	1	3	09	upaniRax	kenopaniRaw	-
11.1	yaw	13.1	yaw	yaw{avya}/yax{sarvanAma;napuM;1;eka}/yax{sarvanAma;napuM;2;eka}	yax{sarvanAma;napuM;1;eka}	viSeRaNam,12.1	viSeRaNam,12.1#viSeRaNam,9.1#viSeRaNam,4.1#niwya_sambanXaH1,1.1#karma,10.1#karma,4.1	1	3	09	upaniRax	kenopaniRaw	-
12.1	ixam	12.1	ixam	ixam{sarvanAma;napuM;1;eka}/ixam{sarvanAma;napuM;2;eka}	ixam{sarvanAma;napuM;1;eka}	karwA,15.1;niwya_sambanXaH,8.1	karwA,15.1#niwya_sambanXaH,8.1	1	3	09	upaniRax	kenopaniRaw	-
13.1	pqWivyAm	11.1	pqWivyAm	pqWivI{swrI;7;eka}	pqWivI{swrI;7;eka}	aXikaraNam,15.1	viSeRaNam,2.1#aXikaraNam,10.1#aXikaraNam,4.1#aXikaraNam,15.1	1	3	09	upaniRax	kenopaniRaw	-
14.1	iwi	14.1	iwi	iwi{avya}	iwi{avya}	sambanXaH,15.1	sambanXaH,13.1#sambanXaH,15.1	1	3	09	upaniRax	kenopaniRaw	-
15.1	(aswi)	15.1	-	as{karwari;lat;pra;eka;parasmEpaxI;axAxiH}	as{karwari;lat;pra;eka;parasmEpaxI;axAxiH}	aBihiwa_karwA	aBihiwa_karwA	1	3	09	upaniRax	kenopaniRaw	-
2.1	wvayi	2.1	wvayi	yuRmax{sarvanAma;7;eka}	yuRmax{sarvanAma;7;eka}	xeSAXikaraNam,5.1	xeSAXikaraNam,5.1#xeSAXikaraNam,10.1#xeSAXikaraNam,4.1	1	3	09	upaniRax	kenopaniRaw	-
3.1	kim	3.1	kim	kim{avya}/kim{sarvanAma;napuM;1;eka}/kim{sarvanAma;napuM;2;eka}	kim{sarvanAma;napuM;1;eka}	viSeRaNam,4.1	viSeRaNam,11.1#viSeRaNam,9.1#viSeRaNam,4.1#karma,10.1#karma,4.1#sambanXaH,10.1#prayojanam1,10.1	1	3	09	upaniRax	kenopaniRaw	-
4.1	vIryam	4.1	vIryam	vIrya{napuM;1;eka}/vIrya{napuM;2;eka}/vIrya{puM;2;eka(vIra1;yaw;X;curAxiH)}/vIrya{napuM;1;eka(vIra1;yaw;X;curAxiH)}/vIrya{napuM;2;eka(vIra1;yaw;X;curAxiH)}	vIrya{napuM;1;eka(vIra1;yaw;X;curAxiH)}	karwA,5.1	karwA,5.1#viSeRaNam,12.1#viSeRaNam,11.1#viSeRaNam,9.1#viSeRaNam,8.1#karma,10.1	1	3	09	upaniRax	kenopaniRaw	-
5.1	(aswi)	5.1	-	as2{karwari;lat;pra;eka;parasmEpaxI;axAxiH}	as2{karwari;lat;pra;eka;parasmEpaxI;axAxiH}	aBihiwa_karwA,4.1	aBihiwa_karwA,4.1	1	3	09	upaniRax	kenopaniRaw	-
6.1	iwi	6.1	iwi	iwi{avya}	iwi{avya}	sambanXaH,5.1	sambanXaH,4.1#sambanXaH,5.1	1	3	09	upaniRax	kenopaniRaw	-
7.1	api	9.1	api	api{avya}	api{avya}	sambanXaH,9.1	sambanXaH,9.1	1	3	09	upaniRax	kenopaniRaw	-
8.1	ixam	7.1	ixam	ixam{sarvanAma;napuM;1;eka}/ixam{sarvanAma;napuM;2;eka}	ixam{sarvanAma;napuM;2;eka}	viSeRaNam,9.1	viSeRaNam,11.1#viSeRaNam,9.1#viSeRaNam,4.1#karma,10.1#karma,4.1	1	3	09	upaniRax	kenopaniRaw	-
9.1	sarvam	8.1	sarvam	sarva{sarvanAma;puM;2;eka}/sarva{sarvanAma;napuM;1;eka}/sarva{sarvanAma;napuM;2;eka}	sarva{sarvanAma;napuM;2;eka}	karma,10.1	viSeRaNam,11.1#viSeRaNam,8.1#viSeRaNam,4.1#viSeRaNam,3.1#karma,10.1#karma,4.1	1	3	09	upaniRax	kenopaniRaw	-
1.1	wasmE	1.1	wasmE	wax{sarvanAma;puM;4;eka}/wax{sarvanAma;napuM;4;eka}	wax{sarvanAma;puM;4;eka}	sampraxAnam,3.1	sampraxAnam,3.1#prayojanam1,21.1#prayojanam1,20.1#prayojanam1,13.1#prayojanam1,12.1#prayojanam1,5.1#sampraxAnam,13.1#sampraxAnam,5.1	1	3	10	upaniRax	kenopaniRaw	-
10.1	sarvajavena	10.1	sarva-java	sarvajava{puM;3;eka}/sarvajava{napuM;3;eka}	sarvajava{puM;3;eka}	karaNam,9.1	karaNam,9.1#hewuH,21.1#hewuH,20.1#hewuH,13.1#hewuH,12.1#hewuH,5.1	1	3	10	upaniRax	kenopaniRaw	-
11.1	waw	11.1	-	wax{sarvanAma;napuM;2;eka}	wax{sarvanAma;napuM;2;eka}	karma,13.1	karma,13.1	1	3	10	upaniRax	kenopaniRaw	-
12.1	na	13.1	na	na{avya}	na{avya}	prawiReXaH,13.1	prawiReXaH,13.1#prawiReXaH,20.1#prawiReXaH,12.1	1	3	10	upaniRax	kenopaniRaw	-
13.1	SaSAka	14.1	SaSAka	Sak2{karwari;lit;pra;eka;parasmEpaxI;xivAxiH}/Sak2{karwari;lit;u;eka;parasmEpaxI;xivAxiH}/Sak3{karwari;lit;pra;eka;parasmEpaxI;svAxiH}/Sak3{karwari;lit;u;eka;parasmEpaxI;svAxiH}	Sak2{karwari;lit;pra;eka;parasmEpaxI;xivAxiH}	aBihiwa_karwA	aBihiwa_karma,#aBihiwa_karwA	1	3	10	upaniRax	kenopaniRaw	-
14.1	AxAwum	12.1	AxAwum	Af_xA3{avya;wumun;juhowyAxiH}/Af_xE1{avya{wumun;BvAxiH}	Af_xA3{avya;wumun;juhowyAxiH}	pUrvakAlaH,13.1	wumunkarma,20.1#wumunkarma,12.1#prayojanam1,20.1#prayojanam1,12.1#prayojanam1,5.1#pUrvakAlaH,13.1	1	3	10	upaniRax	kenopaniRaw	-
15.1	saH	15.1	sa	wax{sarvanAma;puM;1;eka}	wax{sarvanAma;puM;1;eka}	karwA,18.1	karwA,18.1	1	3	10	upaniRax	kenopaniRaw	-
16.1	wawaH	16.1	wawaH	wawaH{avya}	wawaH{avya}	kArya_xyowakaH,18.1	kArya_xyowakaH,18.1#kArya_xyowakaH,20.1#hewuH5,21.1#hewuH5,20.1#hewuH5,13.1#hewuH5,12.1#hewuH5,5.1	1	3	10	upaniRax	kenopaniRaw	-
17.1	eva	17.1	eva	eva{avya}	eva{avya}	sambanXaH,16.1	sambanXaH,16.1	1	3	10	upaniRax	kenopaniRaw	-
18.1	nivavqwe	18.1	nivavqwe	ni_vqw{karwari;lit;pra;eka)AwmanepaxI	ni_vqw{karwari;lit;pra;eka)AwmanepaxI	aBihiwa_karwA,15.1	aBihiwa_karwA,15.1	1	3	10	upaniRax	kenopaniRaw	-
19.1	na	25.1	na	na{avya}	na{avya}	prawiReXaH,21.1	prawiReXaH,21.1	1	3	10	upaniRax	kenopaniRaw	-
2.1	wqNam	2.1	wqNam	wqNa{napuM;1;eka}/wqNa{napuM;2;eka}	wqNa{napuM;2;eka}	karma,3.1	karma,3.1#karma,21.1#karma,13.1#karma,5.1	1	3	10	upaniRax	kenopaniRaw	-
20.1	ewaw	23.1	ewaw	ewax{sarvanAma;napuM;1;eka}/ewax{sarvanAma;napuM;2;eka}	ewax{sarvanAma;napuM;2;eka}	karma,21.1;niwya_sambanXaH,23.1	karma,21.1#niwya_sambanXaH,23.1	1	3	10	upaniRax	kenopaniRaw	-
21.1	aSakam	26.1	aSakam	Sak2{karwari;luf;u;eka;parasmEpaxI;xivAxiH}/Sak3{karwari;luf;u;eka;parasmEpaxI;svAxiH}	Sak2{karwari;luf;u;eka;parasmEpaxI;xivAxiH}	aBihiwa_karwA	aBihiwa_karma,20.1#aBihiwa_karwA	1	3	10	upaniRax	kenopaniRaw	-
22.1	vijFAwum	24.1	vijFAwum	vi_jFA1{avya;wumun;kryAxiH}	vi_jFA1{avya;wumun;kryAxiH}	pUrvakAlaH,21.1	wumunkarma,20.1#wumunkarma,12.1#prayojanam1,20.1#prayojanam1,12.1#prayojanam1,5.1#pUrvakAlaH,21.1	1	3	10	upaniRax	kenopaniRaw	-
23.1	yaw	19.1	yaw	yaw{avya}/yax{sarvanAma;napuM;1;eka}/yax{sarvanAma;napuM;2;eka}	yax{sarvanAma;napuM;1;eka}	viSeRaNam,25.1	viSeRaNam,23.1#viSeRaNam,19.1#viSeRaNam,#viSeRaNam,8.1#viSeRaNam,4.1#niwya_sambanXaH1,23.1#niwya_sambanXaH1,19.1#niwya_sambanXaH1,#niwya_sambanXaH1,8.1#niwya_sambanXaH1,4.1#karma,21.1#karma,20.1#karma,13.1#viSeRaNam,25.1	1	3	10	upaniRax	kenopaniRaw	-
24.1	ewaw	20.1	ewaw	ewax{sarvanAma;napuM;1;eka}/ewax{sarvanAma;napuM;2;eka}	ewax{sarvanAma;napuM;1;eka}	viSeRaNam,25.1	viSeRaNam,22.1#viSeRaNam,19.1#viSeRaNam,#viSeRaNam,8.1#viSeRaNam,4.1#karma,21.1#karma,20.1#karma,13.1#viSeRaNam,25.1	1	3	10	upaniRax	kenopaniRaw	-
25.1	yakRam	21.1	yakRam	yakRa{napuM;1;eka}	yakRa{napuM;1;eka}	karwA,27.1	karwA,27.1#karma,21.1#karma,20.1#karma,13.1	1	3	10	upaniRax	kenopaniRaw	-
26.1	iwi	27.1	iwi	iwi{avya}	iwi{avya}	vAkyakarma_xyowakaH,27.1	sambanXaH,24.1#vAkyakarma_xyowakaH,27.1	1	3	10	upaniRax	kenopaniRaw	-
27.1	(aswi)	22.1	-	as2{karwari;lat;pra;eka;parasmEpaxI;axAxiH}	as2{karwari;lat;pra;eka;parasmEpaxI;axAxiH}	aBihiwa_karwA,25.1	-#aBihiwa_karwA,25.1	1	3	10	upaniRax	kenopaniRaw	-
3.1	nixaXO	3.1	nixaXO	ni_XA{karwari;lit;pra;eka;parasmEpaxI_juhowyAxiH}/ni_XA{karwari;lit;pra;eka;parasmEpaxI_juhowyAxiH}	ni_XA{karwari;lit;pra;eka;parasmEpaxI_juhowyAxiH}	aBihiwa_karwA	aBihiwa_karma,3.1#aBihiwa_karwA	1	3	10	upaniRax	kenopaniRaw	-
4.1	ewaw	4.1	ewaw	ewax{sarvanAma;napuM;1;eka}/ewax{sarvanAma;napuM;2;eka}	ewax{sarvanAma;napuM;2;eka}	karma,5.1	viSeRaNam,23.1#viSeRaNam,22.1#viSeRaNam,19.1#viSeRaNam,#viSeRaNam,8.1#karma,21.1#karma,13.1#karma,5.1	1	3	10	upaniRax	kenopaniRaw	-
5.1	Axawsva	5.1	Axawsva	Af_xA3{karwari;lot;ma;eka;AwmanepaxI;juhowyAxiH}	Af_xA3{karwari;lot;ma;eka;AwmanepaxI;juhowyAxiH}	vAkyakarma,7.1	aBihiwa_karma,3.1#vAkyakarma,7.1	1	3	10	upaniRax	kenopaniRaw	-
6.1	iwi	6.1	iwi	iwi{avya}	iwi{avya}	vAkyakarma_xyowakaH,5.1	vAkyasambanXaH,5.1#vAkyakarma_xyowakaH,5.1	1	3	10	upaniRax	kenopaniRaw	-
7.1	(ukwvA)	7.1	-	vac1{avy;kwvA;vacaz;axAxiH}	vac1{avy;kwvA;vacaz;axAxiH}	pUrvakAlaH,3.1	-#pUrvakAlaH,3.1	1	3	10	upaniRax	kenopaniRaw	-
8.1	waw	8.1	waw	wax{sarvanAma;napuM;1;eka}/wax{sarvanAma;napuM;2;eka}	wax{sarvanAma;napuM;2;eka}	karma,9.1	karma,9.1#viSeRaNam,23.1#viSeRaNam,22.1#viSeRaNam,19.1#viSeRaNam,#viSeRaNam,4.1#karma,21.1#karma,13.1#karma,12.1#karma,5.1#karwA,12.1	1	3	10	upaniRax	kenopaniRaw	-
9.1	upapreyAya	9.1	upapreyAya	upa_pra_i{(karwari;lit;u;eka,iN-gawO;axAxiH;parasmEpaxI}	upa_pra_i{(karwari;lit;u;eka,iN-gawO;axAxiH;parasmEpaxI}	aBihiwa_karwA	aBihiwa_karma,8.1#aBihiwa_karwA	1	3	10	upaniRax	kenopaniRaw	-
1.1	aWa	1.1	aWa	aWa{avya}	aWa{avya}	sambanXaH,3.1	sup_samuccaya_xyowakaH,9.1#sup_samuccaya_xyowakaH,8.1#sup_samuccaya_xyowakaH,5.1#sup_samuccaya_xyowakaH,4.1#sambanXaH,19.1#sambanXaH,6.1#sambanXaH,3.1	1	3	11	upaniRax	kenopaniRaw	-
10.1	(aswi)	8.1	-	as{karwari;lat;pra;eka;parasmEpaxI;axAxiH}	as{karwari;lat;pra;eka;parasmEpaxI;axAxiH}	vAkyakarma,6.1	-#vAkyakarma,6.1	1	3	11	upaniRax	kenopaniRaw	-
11.1	iwi	11.1	iwi	iwi{avya}	iwi{avya}	vAkyakarma_xyowakaH,10.1	vAkyakarma_xyowakaH,9.1#vAkyakarma_xyowakaH,10.1	1	3	11	upaniRax	kenopaniRaw	-
12.1	(inxraH)	12.1	-	inxra{puM;1;eka}	inxra{puM;1;eka}	karwA,16.1	-#karwA,19.1#karwA,16.1	1	3	11	upaniRax	kenopaniRaw	-
13.1	waWA	13.1	waWA	waWA{avya}	waWA{avya}	kriyAviSeRaNam,14.1	sambanXaH,18.1#kriyAviSeRaNam,14.1	1	3	11	upaniRax	kenopaniRaw	-
14.1	(aswu)	14.1	-	aswu{avy}/as{karwari;lot;pra;eka;parasmEpaxI;axAxiH}	as{karwari;lot;pra;eka;parasmEpaxI;axAxiH}	vAkyakarma,16.1	-#vAkyakarma,19.1#vAkyakarma,16.1	1	3	11	upaniRax	kenopaniRaw	-
15.1	iwi	15.1	-	iwi{avya}	iwi{avya}	vAkyakarma_xyowakaH,14.1	-#vAkyakarma_xyowakaH,14.1	1	3	11	upaniRax	kenopaniRaw	-
16.1	(bravIwi)	16.1	-	brU{karwari;lat;pra;eka;parasmEpaxI;axAxiH}	brU{karwari;lat;pra;eka;parasmEpaxI;axAxiH}	aBihiwa_karwA,12.1	-#aBihiwa_karwA,12.1	1	3	11	upaniRax	kenopaniRaw	-
17.1	(inxraH)	17.1	-	inxra{puM;1;eka}	inxra{puM;1;eka}	karwA,19.1	-#karwA,19.1	1	3	11	upaniRax	kenopaniRaw	-
18.1	waw	18.1	--	wax{sarvanAma;napuM;1;eka}/wax{sarvanAma;napuM;2;eka}	wax{sarvanAma;napuM;2;eka}	karma,19.1	viSeRaNam,8.1#viSeRaNam,5.1#karma,19.1#karwA,19.1	1	3	11	upaniRax	kenopaniRaw	-
19.1	aByaxravaw	19.1	--	aBi_xru1{karwari;laf;pra;eka;parasmEpaxI;BvAxiH}	aBi_xru1{karwari;laf;pra;eka;parasmEpaxI;BvAxiH}	aBihiwa_karwA,17.1	aBihiwa_karma,18.1#aBihiwa_karwA#aBihiwa_karwA,17.1	1	3	11	upaniRax	kenopaniRaw	-
2.1	inxram	2.1	inxram	inxra{puM;2;eka}	inxra{puM;2;eka}	karma,3.1	karma,3.1#sup_samucciwaH,9.1#sup_samucciwaH,8.1#sup_samucciwaH,5.1#sup_samucciwaH,4.1#muKyakarma,3.1#gONakarma,3.1	1	3	11	upaniRax	kenopaniRaw	-
20.1	(yakRam)	20.1	-	yakRa{napuM;1;eka}	yakRa{napuM;1;eka}	karwA,22.1	-#karwA,22.1	1	3	11	upaniRax	kenopaniRaw	-
21.1	wasmAw	21.1	--	wax{sarvanAma;puM;5;eka}/wax{sarvanAma;napuM;5;eka}	wax{sarvanAma;puM;5;eka}	apAxAnam,22.1	apAxAnam,22.1#kArya_xyowakaH,19.1#kArya_xyowakaH,6.1#kArya_xyowakaH,3.1	1	3	11	upaniRax	kenopaniRaw	-
22.1	wiroxaXe	22.1	--	wiras_XA{(karwari;lit,pra;eka,AwmanepaxI;juhowyAxiH}	wiras_XA{(karwari;lit,pra;eka,AwmanepaxI;juhowyAxiH}	aBihiwa_karwA,20.1	aBihiwa_karma,9.1#aBihiwa_karwA#aBihiwa_karwA,20.1	1	3	11	upaniRax	kenopaniRaw	-
3.1	abruvan	3.1	abruvan	brU1{karwari;laf;pra;bahu;parasmEpaxI;axAxiH}	brU1{karwari;laf;pra;bahu;parasmEpaxI;axAxiH}	aBihiwa_karwA	aBihiwa_karma,2.1#aBihiwa_karwA	1	3	11	upaniRax	kenopaniRaw	-
4.1	maGavan	4.1	maGavaw	maGa{avya;vaw}/maGavaw(puM;8;eka){mawup;napuM;2;eka}/maGavaw{puM;8;eka}	maGavaw{puM;8;eka}	samboXyaH,6.1	samboXanam,6.1#viSeRaNam,18.1#viSeRaNam,8.1#viSeRaNam,5.1#muKyakarma,3.1#kriyAviSeRaNam,19.1#kriyAviSeRaNam,6.1#kriyAviSeRaNam,3.1#samboXyaH,6.1	1	3	11	upaniRax	kenopaniRaw	-
5.1	ewaw	9.1	ewaw	ewax{sarvanAma;napuM;1;eka}/ewax{sarvanAma;napuM;2;eka}	ewax{sarvanAma;napuM;2;eka}	karma,6.1	karma,6.1#viSeRaNam,18.1#viSeRaNam,8.1#muKyakarma,3.1	1	3	11	upaniRax	kenopaniRaw	-
6.1	vijAnIhi	10.1	vijAnIhi	vi_jFA2{karwari;lot;ma;eka;parasmEpaxI;kryAxiH}	vi_jFA2{karwari;lot;ma;eka;parasmEpaxI;kryAxiH}	aBihiwa_karwA	vAkyakarma,3.1#aBihiwa_karwA	1	3	11	upaniRax	kenopaniRaw	-
7.1	kim	7.1	kim	kim{avya}/kim{sarvanAma;napuM;1;eka}/kim{sarvanAma;napuM;2;eka}	kim{sarvanAma;napuM;1;eka}	viXeya_viSeRaNam,9.1	viSeRaNam,18.1#viSeRaNam,8.1#viSeRaNam,5.1#muKyakarma,3.1#karma,19.1#karwA,19.1#sambanXaH,19.1#prayojanam1,19.1#viXeya_viSeRaNam,9.1	1	3	11	upaniRax	kenopaniRaw	-
8.1	ewaw	5.1	ewaw	ewax{sarvanAma;napuM;1;eka}/ewax{sarvanAma;napuM;2;eka}	ewax{sarvanAma;napuM;1;eka}	viSeRaNam,9.1	viSeRaNam,9.1#viSeRaNam,18.1#viSeRaNam,5.1#muKyakarma,3.1#karma,19.1#karwA,19.1	1	3	11	upaniRax	kenopaniRaw	-
9.1	yakRam	6.1	yakRam	yakRa{napuM;1;eka}	yakRa{napuM;1;eka}	karwA,10.1	muKyakarma,3.1#karma,19.1#gONakarma,3.1#karwA,10.1	1	3	11	upaniRax	kenopaniRaw	-
1.1	saH	1.1	saH	wax{sarvanAma;puM;1;eka}	wax{sarvanAma;puM;1;eka}	karwA,6.1	karwA,6.1	1	3	12	upaniRax	kenopaniRaw	-
10.1	wAm	10.1	wAm	wax{sarvanAma;swrI;2;eka}	wax{sarvanAma;swrI;2;eka}	karma,12.1	karma,12.1#viSeRaNam,9.1#viSeRaNam,8.1#viSeRaNam,5.1#muKyakarma,12.1#karma,6.1#gONakarma,12.1	1	3	12	upaniRax	kenopaniRaw	-
11.1	ha	11.1	ha	ha{avya}	ha{avya}	sambanXaH,10.1	sambanXaH,10.1	1	3	12	upaniRax	kenopaniRaw	-
12.1	uvAca	12.1	uvAca	vac1{karwari;lit;pra;eka;parasmEpaxI;axAxiH}/vac1{karwari;lit;u;eka;parasmEpaxI;axAxiH}/brU1{karwari;lit;pra;eka;parasmEpaxI;axAxiH}/brU1{karwari;lit;u;eka;parasmEpaxI;axAxiH}	vac1{karwari;lit;pra;eka;parasmEpaxI;axAxiH}	aBihiwa_karwA	aBihiwa_karma,8.1#aBihiwa_karwA	1	3	12	upaniRax	kenopaniRaw	-
13.1	kim	13.1	kim	kim{avya}/kim{sarvanAma;napuM;1;eka}/kim{sarvanAma;napuM;2;eka}	kim{sarvanAma;napuM;1;eka}	viXeya_viSeRaNam,15.1	viSeRaNam,14.1#muKyakarma,12.1#karwA,12.1#karwA,6.1#viXeya_viSeRaNam,15.1	1	3	12	upaniRax	kenopaniRaw	-
14.1	ewaw	14.1	ewaw	ewax{sarvanAma;napuM;1;eka}/ewax{sarvanAma;napuM;2;eka}	ewax{sarvanAma;napuM;1;eka}	viSeRaNam,15.1	viSeRaNam,15.1#muKyakarma,12.1#karwA,12.1	1	3	12	upaniRax	kenopaniRaw	-
15.1	yakRam	15.1	yakRam	yakRa{napuM;1;eka}	yakRa{napuM;1;eka}	karwA,17.1	muKyakarma,12.1#karmasamAnAXikaraNam,14.1#karmasamAnAXikaraNam,10.1#karmasamAnAXikaraNam,9.1#karmasamAnAXikaraNam,8.1#karmasamAnAXikaraNam,5.1#gONakarma,12.1#karwA,17.1	1	3	12	upaniRax	kenopaniRaw	-
16.1	iwi	17.1	iwi	iwi{avya}	iwi{avya}	vAkyakarma_xyowakaH,17.1	vAkyakarma_xyowakaH,6.1#sambanXaH,15.1#vAkyakarma_xyowakaH,17.1	1	3	12	upaniRax	kenopaniRaw	-
17.1	(aswi)	16.1	-	as{karwari;lat;pra;eka;parasmEpaxI;axAxiH}	as{karwari;lat;pra;eka;parasmEpaxI;axAxiH}	vAkyakarma,12.1	-#vAkyakarma,12.1	1	3	12	upaniRax	kenopaniRaw	-
2.1	wasmin	2.1	wasmin	wax{sarvanAma;puM;7;eka}/wax{sarvanAma;napuM;7;eka}	wax{sarvanAma;puM;7;eka}	viSeRaNam,4.1	viSeRaNam,4.1#aXikaraNam,12.1#aXikaraNam,6.1	1	3	12	upaniRax	kenopaniRaw	-
3.1	eva	3.1	eva	eva{avya}	eva{avya}	sambanXaH,2.1	sambanXaH,2.1	1	3	12	upaniRax	kenopaniRaw	-
4.1	AkASe	4.1	AkASe	AkASa{puM;7;eka}/AkASa{napuM;7;eka}	AkASa{puM;7;eka}	aXikaraNam,6.1	aXikaraNam,12.1#aXikaraNam,6.1	1	3	12	upaniRax	kenopaniRaw	-
5.1	swriyam	5.1	swriyam	swrI{swrI;2;eka}	swrI{swrI;2;eka}	karma,6.1	muKyakarma,12.1#karmasamAnAXikaraNam,15.1#karmasamAnAXikaraNam,14.1#karmasamAnAXikaraNam,10.1#karmasamAnAXikaraNam,9.1#karmasamAnAXikaraNam,8.1#karma,6.1#gONakarma,12.1	1	3	12	upaniRax	kenopaniRaw	-
6.1	AjagAma	6.1	AjagAma	Af_gam1{karwari;lit;pra;eka;parasmEpaxI;BvAxiH}/Af_gam1{karwari{lit;u;eka;parasmEpaxI;BvAxiH}	Af_gam1{karwari;lit;pra;eka;parasmEpaxI;BvAxiH}	aBihiwa_karma,5.1	vAkyakarma,12.1	1	3	12	upaniRax	kenopaniRaw	-
7.1	bahu-	7.1	bahu-	bahu	bahu	karmaXArayaH,7.2	karmaXArayaH,7.2	1	3	12	upaniRax	kenopaniRaw	-
7.2	SoBamAnAm	7.2	--	SoBamAnA{SuB;cAnaS,swrI;2;eka)}	SoBamAnA{SuB;cAnaS,swrI;2;eka)}	viSeRaNam,5.1	viSeRaNam,5.1	1	3	12	upaniRax	kenopaniRaw	-
8.1	umAm	8.1	umAm	umA{swrI;2;eka}	umA{swrI;2;eka}	viSeRaNam,5.1	viSeRaNam,5.1#muKyakarma,12.1#karmasamAnAXikaraNam,15.1#karmasamAnAXikaraNam,14.1#karmasamAnAXikaraNam,10.1#karmasamAnAXikaraNam,9.1#karmasamAnAXikaraNam,5.1#karma,6.1#gONakarma,12.1	1	3	12	upaniRax	kenopaniRaw	-
9.1	hEmavawIm	9.1	hEmavawIm	hEmavawI{swrI;2;eka}/hEma{mawup;swrI;2;eka}	hEmavawI{swrI;2;eka}	viSeRaNam,5.1	viSeRaNam,5.1#viSeRaNam,10.1#viSeRaNam,8.1#viSeRaNam,5.1#muKyakarma,12.1#karmasamAnAXikaraNam,8.1#karmasamAnAXikaraNam,5.1#karma,6.1#gONakarma,12.1#karmasamAnAXikaraNam,15.1#karmasamAnAXikaraNam,14.1#karmasamAnAXikaraNam,10.1	1	3	12	upaniRax	kenopaniRaw	-
1.1	sA	1.1	-	wax{sarvanAma;swrI;1;eka}	wax{sarvanAma;swrI;1;eka}	karwA,7.1	-#karwA,7.1	1	4	01	upaniRax	kenopaniRaw	-
10.1	ewaw	11.1	ewaw	ewax{sarvanAma;napuM;1;eka}/ewax{sarvanAma;napuM;2;eka}/ewax{sarvanAma;puM;1;eka}	ewax{sarvanAma;puM;2;eka}	karma,13.1	RaRTI-wawpuruRa,13.1#muKyakarma,7.1#karwA,7.1#karwA#karma,13.1	1	4	01	upaniRax	kenopaniRaw	-
11.1	vijaye	9.1	-	vijayA{swrI;8;eka}/vijaya{puM;7;eka}	vijaya{puM;7;eka}	aXikaraNam,13.1	-#aXikaraNam,13.1	1	4	01	upaniRax	kenopaniRaw	-
12.1	(yUyam)	12.1	-	yuRmax{sarva;a;1;bahu}	yuRmax{sarva;a;1;bahu}	karwA,13.1	-#karwA,13.1	1	4	01	upaniRax	kenopaniRaw	-
13.1	mahIyaXvam	13.1	mahIyaXvam	mah{karwari;lot;ma;bahu;AwmanepaxI;BvAxiH}	mah{karwari;lot;ma;bahu;AwmanepaxI;BvAxiH}	aBihiwa_karwA,12.1	-#aBihiwa_karwA,12.1	1	4	01	upaniRax	kenopaniRaw	-
14.1	iwi	14.1	iwi	iwi{avya}	iwi{avya}	sambanXaH,13.1	-#sambanXaH,13.1	1	4	01	upaniRax	kenopaniRaw	-
15.1	wawaH	15.1	wawaH	wawaH{avya}	wawaH{avya}	ananwarakAlaH,18.1	ananwarakAlaH,18.1#kArya_xyowakaH,20.1#hewuH5,20.1#hewuH5,7.1	1	4	01	upaniRax	kenopaniRaw	-
16.1	ha	16.1	ha	ha{avya}	ha{avya}	sambanXaH,15.1	sambanXaH,16.1#sambanXaH,15.1	1	4	01	upaniRax	kenopaniRaw	-
17.1	eva	17.1	eva	eva{avya}	eva{avya}	sambanXaH,15.1	sambanXaH,17.1#sambanXaH,15.1	1	4	01	upaniRax	kenopaniRaw	-
18.1	vixAFcakAra	22.1	cakAra	vix{karwari;lit;pra;eka;parasmEpaxI;axAxiH}/vix{karwari;lit;u;eka;parasmEpaxI;axAxiH}	vix{karwari;lit;pra;eka;parasmEpaxI;axAxiH}	aBihiwa_karwA	vAkyakarma,7.1#aBihiwa_karwA	1	4	01	upaniRax	kenopaniRaw	-
19.1	(ewaw)	18.1	-	ewax{sarvanAma;napuM;1;eka}/ewax{sarvanAma;napuM;2;eka}/ewax{sarvanAma;puM;1;eka}	ewax{sarvanAma;puM;1;eka}	karwA,21.1	-#karwA#karwA,21.1	1	4	01	upaniRax	kenopaniRaw	-
2.1	(ewaw)	2.1	-	ewax{sarvanAma;napuM;1;eka}/ewax{sarvanAma;napuM;2;eka}/ewax{sarvanAma;puM;1;eka}	ewax{sarvanAma;puM;1;eka}	karwA,4.1	-#karwA#karwA,4.1	1	4	01	upaniRax	kenopaniRaw	-
20.1	brahma	19.1	brahmA	brahman{puM;1;eka}	brahman{puM;1;eka}	viXeya_viSeRaNam,19.1	vAkyakarma,7.1#karwA,20.1#viXeya_viSeRaNam,19.1	1	4	01	upaniRax	kenopaniRaw	-
21.1	(aswi)	20.1	-	as{karwari;lat;pra;eka;parasmEpaxI;axAxiH}	as{karwari;lat;pra;eka;parasmEpaxI;axAxiH}	vAkyakarma,18.1	-#vAkyakarma,18.1	1	4	01	upaniRax	kenopaniRaw	-
22.1	iwi	21.1	iwi	iwi{avya}	iwi{avya}	vAkyakarma_xyowakaH,21.1	vAkyakarma_xyowakaH,22.1#vAkyakarma_xyowakaH,20.1#sambanXaH,22.1#vAkyakarma_xyowakaH,21.1	1	4	01	upaniRax	kenopaniRaw	-
3.1	brahma	3.1	brahmA	brahman{puM;1;eka}	brahman{puM;1;eka}	viXeya_viSeRaNam,2.1	vAkyakarma,7.1#karwA,7.1#viXeya_viSeRaNam,#viXeya_viSeRaNam,2.1	1	4	01	upaniRax	kenopaniRaw	-
4.1	(aswi)	4.1	-	as{karwari;lat;pra;eka;parasmEpaxI;axAxiH}	as{karwari;lat;pra;eka;parasmEpaxI;axAxiH}	vAkyakarma,7.1	-#aBihiwa_karwA,1.1#aBihiwa_karwA,2.1#vAkyakarma,7.1	1	4	01	upaniRax	kenopaniRaw	-
5.1	iwi	5.1	iwi	iwi{avya}	iwi{avya}	vAkyakarma_xyowakaH,4.1	vAkyakarma_xyowakaH,3.1#vAkyakarma_xyowakaH,4.1	1	4	01	upaniRax	kenopaniRaw	-
6.1	ha	7.1	ha	ha{avya}	ha{avya}	sambanXaH,7.1	sambanXaH,5.1#sambanXaH,7.1	1	4	01	upaniRax	kenopaniRaw	-
7.1	uvAca	6.1	uvAca	vac1{karwari;lit;pra;eka;parasmEpaxI;axAxiH}/vac1{karwari;lit;u;eka;parasmEpaxI;axAxiH}/brU1{karwari;lit;pra;eka;parasmEpaxI;axAxiH}/brU1{karwari;lit;u;eka;parasmEpaxI;axAxiH}	vac1{karwari;lit;pra;eka;parasmEpaxI;axAxiH}	aBihiwa_karwA,1.1	-#aBihiwa_karwA,1.1	1	4	01	upaniRax	kenopaniRaw	-
8.1	brahmaNaH	8.1	brahmaNaH	brahman{puM;2;bahu}/brahman{puM;5;eka}/brahman{puM;6;eka}/brahman{napuM;5;eka}/brahman{napuM;6;eka}	brahman{puM;6;eka}	RaRTIsambanXaH,11.1	RaRTIsambanXaH,22.1#RaRTIsambanXaH,18.1#RaRTIsambanXaH,13.1#hewuH5,20.1#hewuH5,7.1#muKyakarma,7.1#gONakarma,7.1#RaRTIsambanXaH,10.1#RaRTIsambanXaH,11.1	1	4	01	upaniRax	kenopaniRaw	-
9.1	vE	10.1	vE	vE{avya}	vE{avya}	sambanXaH,8.1	sambanXaH,8.1	1	4	01	upaniRax	kenopaniRaw	-
1.1	wasmAw	17.1	wasmAw	wax{sarvanAma;puM;5;eka}/wax{sarvanAma;napuM;5;eka}	wax{sarvanAma;puM;5;eka}	hewuH,9.1	hewuH,9.1#wulanA_binxuH,19.1#kArya_xyowakaH,14.1#hewuH5,25.1#apAxAnam,25.1#hewuH,17.1#hewuH,9.1	1	4	02	upaniRax	kenopaniRaw	-
10.1	yaw	1.1	yaw	yaw{avya}/yax{sarvanAma;napuM;1;eka}/yax{sarvanAma;napuM;2;eka}	yaw{avya}	hewuH,18.1	viSeRaNam,25.1#viSeRaNam,23.1#viSeRaNam,19.1#viSeRaNam,18.1#upamAnam,3.1#niwya_sambanXaH1,23.1#niwya_sambanXaH1,18.1#karma,14.1#upamAnam,4.1#vAkyakarma_xyowakaH,14.1#sambanXaH,14.1#hewuH,18.1	1	4	02	upaniRax	kenopaniRaw	-
11.1	agniH	2.1	-	agni{puM;1;eka}	agni{puM;1;eka}	GatakaH,14.1	-#GatakaH,14.1	1	4	02	upaniRax	kenopaniRaw	-
12.1	vAyuH	3.1	vAyuH	vAyu{puM;1;eka}	vAyu{puM;1;eka}	GatakaH,14.1	vAkyakarma,25.1#GatakaH,14.1	1	4	02	upaniRax	kenopaniRaw	-
13.1	inxraH	4.1	inxraH	inxra{puM;1;eka}	inxra{puM;1;eka}	GatakaH,14.1	-#GatakaH,14.1	1	4	02	upaniRax	kenopaniRaw	-
14.1	we	5.1	we	wax{sarvanAma;puM;1;bahu}/wax{sarvanAma;napuM;1;xvi}/wax{sarvanAma;napuM;2;xvi}/wax{sarvanAma;swrI;1;xvi}/wax{sarvanAma;swrI;2;xvi}/yuRmax{sarvanAma;6;eka}/yuRmax{sarvanAma;4;eka}	wax{sarvanAma;puM;1;bahu}	karwA,18.1	karwA,18.1#viSeRaNam,21.1#prayojanam1,25.1#prayojanam1,14.1#RaRTIsambanXaH,25.1#RaRTIsambanXaH,24.1#RaRTIsambanXaH,19.1#RaRTIsambanXaH,15.1#RaRTIsambanXaH,14.1#RaRTIsambanXaH,13.1#RaRTIsambanXaH,10.1#RaRTIsambanXaH,4.1#viSeRaNam,3.1#karma,14.1#karwA,14.1	1	4	02	upaniRax	kenopaniRaw	-
15.1	hi	6.1	hi	hi{avya}	hi{avya}	sambanXaH,14.1	sambanXaH,25.1#sambanXaH,14.1	1	4	02	upaniRax	kenopaniRaw	-
16.1	ewaw	7.1	enax	ixam{sarvanAma;napuM;2;eka}/ewax{sarvanAma;napuM;2;eka}	ixam{sarvanAma;napuM;2;eka}	karma,18.1	karma,18.1#viSeRaNam,25.1#viSeRaNam,23.1#viSeRaNam,19.1#viSeRaNam,12.1#karma,25.1#karma,14.1	1	4	02	upaniRax	kenopaniRaw	-
17.1	nexiRTam	8.1	nexiRTam	nexiRTa{puM;2;eka}/nexiRTa{napuM;1;eka}/nexiRTa{napuM;2;eka}	nexiRTa{puM;2;eka}	kriyAviSeRaNam,18.1	kriyAviSeRaNa,18.1#karmasamAnAXikaraNam,25.1#karmasamAnAXikaraNam,23.1#karmasamAnAXikaraNam,18.1#karmasamAnAXikaraNam,12.1#karma,25.1#karma,14.1#karwA,25.1#kriyAviSeRaNa,18.1#kriyAviSeRaNam,18.1	1	4	02	upaniRax	kenopaniRaw	-
18.1	paspaSuH	9.1	paspaSuH	spqS{kriyA;lit;praWama;bahu;parasmE}	spqS{kriyA;lit;praWama;bahu;parasmE}	aBihiwa_karwA,14.1	aBihiwa_karwA,14.1	1	4	02	upaniRax	kenopaniRaw	-
19.1	we	10.1	we	wax{sarvanAma;puM;1;bahu}/wax{sarvanAma;napuM;1;xvi}/wax{sarvanAma;napuM;2;xvi}/wax{sarvanAma;swrI;1;xvi}/wax{sarvanAma;swrI;2;xvi}/yuRmax{sarvanAma;6;eka}/yuRmax{sarvanAma;4;eka}	wax{sarvanAma;puM;1;bahu}	karwA,23.1	karwA,23.1#viSeRaNam,16.1#prayojanam1,25.1#prayojanam1,14.1#RaRTIsambanXaH,25.1#RaRTIsambanXaH,24.1#RaRTIsambanXaH,19.1#RaRTIsambanXaH,15.1#RaRTIsambanXaH,14.1#RaRTIsambanXaH,13.1#RaRTIsambanXaH,10.1#RaRTIsambanXaH,4.1#viSeRaNam,3.1#karma,25.1#karma,14.1#karwA,14.1	1	4	02	upaniRax	kenopaniRaw	-
2.1	vE	22.1	vE	vE{avya}	vE{avya}	sambanXaH,1.1	sambanXaH,1.1	1	4	02	upaniRax	kenopaniRaw	-
20.1	hi	11.1	hi	hi{avya}	hi{avya}	sambanXaH,19.1	sambanXaH,19.1#sambanXaH,25.1#sambanXaH,14.1	1	4	02	upaniRax	kenopaniRaw	-
21.1	enaw	13.1	enaw	ixam{sarvanAma;napuM;2;eka}/ewax{sarvanAma;napuM;2;eka}	ixam{sarvanAma;napuM;2;eka}	karma,23.1	karma,23.1#viSeRaNam,25.1#viSeRaNam,19.1#viSeRaNam,18.1#viSeRaNam,12.1#karma,25.1	1	4	02	upaniRax	kenopaniRaw	-
22.1	praWamaH	12.1	praWamaH	praWama{puM;1;eka}	praWama{puM;1;eka}	kriyAviSeRaNam,23.1	viSeRaNam,15.1#viSeRaNam,14.1#karwA,25.1#kriyAviSeRaNam,23.1	1	4	02	upaniRax	kenopaniRaw	-
23.1	vixAFcakAra	16.1	vixAFcakAra	vix1{karwari;lit;pra;eka;parasmEpaxI;axAxiH}/vix1{karwari;lit;u;eka;parasmEpaxI;axAxiH}	vix1{karwari;lit;pra;eka;parasmEpaxI;axAxiH}	aBihiwa_karwA,19.1	aBihiwa_karwA,19.1	1	4	02	upaniRax	kenopaniRaw	-
24.1	brahma	14.1	brahma	brahman{napuM;1;eka}/brahman{napuM;2;eka}/brahma{napuM;8;eka}	brahman{napuM;2;eka}	karmasamAnAXikaraNam,23.1	karmasamAnAXikaraNam,23.1#karmasamAnAXikaraNam,19.1#karmasamAnAXikaraNam,18.1#karmasamAnAXikaraNam,12.1#karma,25.1#vAkyakarma,25.1#karwA,25.1	1	4	02	upaniRax	kenopaniRaw	-
25.1	iwi	15.1	iwi	iwi{avya}	iwi{avya}	sambanXaH,24.1	sambanXaH,24.1#vAkyakarma_xyowakaH,25.1#vAkyakarma_xyowakaH,14.1#sambanXaH,25.1	1	4	02	upaniRax	kenopaniRaw	-
3.1	ewe	18.1	ewe	ewax{sarvanAma;puM;1;bahu}/ewax{sarvanAma;napuM;1;xvi}/ewax{sarvanAma;napuM;2;xvi}/ewax{sarvanAma;swrI;1;xvi}/ewax{sarvanAma;swrI;2;xvi}	ewax{sarvanAma;puM;1;bahu}	viSeRaNam,4.1	viSeRaNam,4.1#viSeRaNam,21.1#viSeRaNam,16.1	1	4	02	upaniRax	kenopaniRaw	-
4.1	xevAH	19.1	xevAH	xeva{puM;1;bahu}/xeva{puM;8;bahu}	xeva{puM;1;bahu}	karwA,9.1	samboXyaH,25.1#samboXyaH,14.1#upamAnam,3.1#karwA,14.1#karwA,9.1	1	4	02	upaniRax	kenopaniRaw	-
5.1	awiwarAm	23.1	awiwarAm	awiwarAm{avya}	awiwarAm{avya}	uwprekRA,9.1	uwprekRA,9.1	1	4	02	upaniRax	kenopaniRaw	-
6.1	iva	24.1	-	iva{avya}	iva{avya}	uwprekRA_xyowakaH,5.1	-#uwprekRA_xyowakaH,5.1	1	4	02	upaniRax	kenopaniRaw	-
7.1	anyAn	20.1	anyAn	anya{sarvanAma;puM;2;bahu}	anya{sarvanAma;puM;2;bahu}	viSeRaNam,8.1	viSeRaNam,8.1#viSeRaNam,10.1#karma,14.1	1	4	02	upaniRax	kenopaniRaw	-
8.1	xevAn	21.1	xevAn	xeva{puM;2;bahu}	xeva{puM;2;bahu}	karma,18.1	karma,18.1#upamAnam,3.1#karma,14.1	1	4	02	upaniRax	kenopaniRaw	-
9.1	(sanwi)	25.1	-	as{karwari;lat;pra;bahu;parasmEpaxI;axAxiH}	as{karwari;lat;pra;bahu;parasmEpaxI;axAxiH}	aBihiwa_karwA,4.1	-#aBihiwa_karwA,4.1	1	4	02	upaniRax	kenopaniRaw	-
1.1	wasmAw	13.1	wasmAw	wax{sarvanAma;puM;5;eka}/wax{sarvanAma;napuM;5;eka}	wax{sarvanAma;puM;5;eka}	hewuH,4.1	wulanA_binxuH,13.1#kArya_xyowakaH,14.1#hewuH5,19.1#apAxAnam,19.1#hewuH,1.1#hewuH,4.1	1	4	03	upaniRax	kenopaniRaw	-
10.1	hi	2.1	hi	hi{avya}	hi{avya}	sambanXaH,9.1	sambanXaH,9.1#sambanXaH,14.1	1	4	03	upaniRax	kenopaniRaw	-
11.1	enaw	3.1	enaw	ixam{sarvanAma;napuM;2;eka}/ewax{sarvanAma;napuM;2;eka}	ixam{sarvanAma;napuM;2;eka}	karma,13.1	karma,13.1#viSeRaNam,20.1#viSeRaNam,17.1#viSeRaNam,13.1#karma,19.1#karma,14.1	1	4	03	upaniRax	kenopaniRaw	-
12.1	nexiRTam	4.1	nexiRTam	nexiRTa{puM;2;eka}/nexiRTa{napuM;1;eka}/nexiRTa{napuM;2;eka}	nexiRTa{puM;2;eka}	kriyAviSeRaNam,13.1	karmasamAnAXikaraNam,20.1#karmasamAnAXikaraNam,17.1#karmasamAnAXikaraNam,12.1#karma,19.1#karma,14.1#karwA,19.1#karwA,14.1#kriyAviSeRaNam,13.1	1	4	03	upaniRax	kenopaniRaw	-
13.1	pasparSa	5.1	pasparSa	spqS1{karwari;lit;pra;eka;parasmEpaxI;wuxAxiH}/spqS1{karwari;lit;u;eka;parasmEpaxI;wuxAxiH}	spqS1{karwari;lit;pra;eka;parasmEpaxI;wuxAxiH}	aBihiwa_karwA,9.1	vAkyakarma,19.1#aBihiwa_karwA,9.1	1	4	03	upaniRax	kenopaniRaw	-
14.1	saH	7.1	sa	wax{sarvanAma;puM;1;eka}	wax{sarvanAma;puM;1;eka}	karwA,18.1	karwA,18.1	1	4	03	upaniRax	kenopaniRaw	-
15.1	hi	6.1	hi	hi{avya}	hi{avya}	sambanXaH,14.1	sambanXaH,19.1#sambanXaH,14.1	1	4	03	upaniRax	kenopaniRaw	-
16.1	enaw	9.1	enaw	ixam{sarvanAma;napuM;2;eka}/ewax{sarvanAma;napuM;2;eka}	ixam{sarvanAma;napuM;2;eka}	karma,18.1	karma,18.1#viSeRaNam,20.1#viSeRaNam,13.1#viSeRaNam,12.1#karma,19.1#karma,14.1	1	4	03	upaniRax	kenopaniRaw	-
17.1	praWamaH	8.1	praWamaH	praWama{puM;1;eka}	praWama{puM;1;eka}	kriyAviSeRaNam,18.1	viSeRaNam,3.1#karwA,19.1#karwA,14.1#kriyAviSeRaNam,18.1	1	4	03	upaniRax	kenopaniRaw	-
18.1	vixAFcakAra	12.1	vixAFcakAra	vix1{karwari;lit;pra;eka;parasmEpaxI;axAxiH}/vix1{karwari;lit;u;eka;parasmEpaxI;axAxiH}	vix1{karwari;lit;pra;eka;parasmEpaxI;axAxiH}	aBihiwa_karwA,14.1	aBihiwa_karwA,14.1	1	4	03	upaniRax	kenopaniRaw	-
19.1	brahma	10.1	brahma	brahman{napuM;1;eka}/brahman{napuM;2;eka}/brahma{napuM;8;eka}	brahman{napuM;2;eka}	karmasamAnAXikaraNam,18.1	karmasamAnAXikaraNam,18.1#karmasamAnAXikaraNam,17.1#karmasamAnAXikaraNam,13.1#karmasamAnAXikaraNam,12.1#karma,19.1#karma,14.1#vAkyakarma,19.1#karwA,19.1#karwA,14.1#karmasamAnAXikaraNam,18.1	1	4	03	upaniRax	kenopaniRaw	-
2.1	vA	15.1	vA	vA{avya}	vA{avya}	sambanXaH,1.1	sambanXaH,1.1	1	4	03	upaniRax	kenopaniRaw	-
20.1	iwi	11.1	iwi	iwi{avya}	iwi{avya}	sambanXaH,19.1	vAkyakarma_xyowakaH,20.1#vAkyakarma_xyowakaH,14.1#sambanXaH,20.1#sambanXaH,19.1	1	4	03	upaniRax	kenopaniRaw	-
3.1	inxraH	14.1	inxraH	inxra{puM;1;eka}	inxra{puM;1;eka}	karwA,4.1	karwA,14.1#karwA,4.1	1	4	03	upaniRax	kenopaniRaw	-
4.1	(aswi)	20.1	-	as{karwari;lat;pra;eka;parasmEpaxI;axAxiH}	as{karwari;lat;pra;eka;parasmEpaxI;axAxiH}	aBihiwa_karwA	-#aBihiwa_karwA	1	4	03	upaniRax	kenopaniRaw	-
5.1	awiwarAm	18.1	awiwarAm	awiwarAm{avya}	awiwarAm{avya}	uwprekRA,4.1	kevalasamAsaH,#uwprekRA,4.1#uwprekRAH,4.1	1	4	03	upaniRax	kenopaniRaw	-
6.1	iva	19.1	-	iva{avya}	iva{avya}	uwprekRA_xyowakaH,5.1	-#uwprekRA_xyowakaH,5.1	1	4	03	upaniRax	kenopaniRaw	-
7.1	anyAn	16.1	anyAn	anya{sarvanAma;puM;2;bahu}	anya{sarvanAma;puM;2;bahu}	viSeRaNam,8.1	viSeRaNam,8.1#viSeRaNam,9.1#karma,14.1	1	4	03	upaniRax	kenopaniRaw	-
8.1	xevAn	17.1	xevAn	xeva{puM;2;bahu}	xeva{puM;2;bahu}	karma,4.1	karma,14.1#karma,7.1#karma,4.1	1	4	03	upaniRax	kenopaniRaw	-
9.1	saH	1.1	sa	wax{sarvanAma;puM;1;eka}	wax{sarvanAma;puM;1;eka}	karwA,13.1	viSeRaNam,3.1#karwA,13.1	1	4	03	upaniRax	kenopaniRaw	-
1.1	wasya	1.1	wasya	wax{sarvanAma;napuM;6;eka}/wax{sarvanAma;puM;6;eka}	wax{sarvanAma;napuM;6;eka}	RaRTIsambanXaH,3.1	karwA,3.1#karma,3.1#RaRTIsambanXaH,15.1#RaRTIsambanXaH,7.1#RaRTIsambanXaH,3.1	1	4	04	upaniRax	kenopaniRaw	-
10.1	iwi	11.1	iwi	iwi{avya}	iwi{avya}	sambanXaH,8.1	-#sambanXaH,8.1	1	4	04	upaniRax	kenopaniRaw	-
11.1	ix	10.1	ix	ix{avya}	ix{avya}	sambanXaH,12.1	sambanXaH,8.1#sambanXaH,12.1	1	4	04	upaniRax	kenopaniRaw	-
12.1	nyamImiRax	12.1	nnyamImiRax	ni_miR{Nijanwa;karwari;luf;pra;eka;BAxiH(parasmEpaxam)}	ni_miR{Nijanwa;karwari;luf;pra;eka;BAxiH(parasmEpaxam)}	aBihiwa_karma,12.1	aBihiwa_karma,12.1	1	4	04	upaniRax	kenopaniRaw	-
13.1	A	13.1	A	A{avya}	A{avya}	sambanXaH,12.1	sambanXaH,12.1	1	4	04	upaniRax	kenopaniRaw	-
14.1	iwi	14.1	iwi	iwi{avya}	iwi{avya}	sambanXaH,15.1	-#sambanXaH,15.1	1	4	04	upaniRax	kenopaniRaw	-
15.1	aXixEvawam	15.1	aXixEvawam	aXixEvawa{napuM;1;eka}/aXixEvawa{napuM;2;eka}	aXixEvawa{napuM;1;eka}	aBihiwa_karma	-#aBihiwa_karma	1	4	04	upaniRax	kenopaniRaw	-
2.1	eRaH	2.1	eRaH	ewax{sarvanAma;puM;1;eka}	ewax{sarvanAma;puM;1;eka}	karwA,4.1	viSeRaNam,3.1#karwA,4.1	1	4	04	upaniRax	kenopaniRaw	-
3.1	AxeSaH	3.1	AxeSaH	AxeSa{puM;1;eka(Af_xiS1;GaF;X;wuxAxiH)}	AxeSa{puM;1;eka(Af_xiS1;GaF;X;wuxAxiH)}	viXeya_viSeRaNam,2.1	karwA,8.1#viXeya_viSeRaNam,2.1	1	4	04	upaniRax	kenopaniRaw	-
4.1	(aswi)	4.1	-	as{karwari;lat;pra;eka;parasmEpaxI;axAxiH}	as{karwari;lat;pra;eka;parasmEpaxI;axAxiH}	aBihiwa_karwA,2.1	-#aBihiwa_karwA,2.1	1	4	04	upaniRax	kenopaniRaw	-
5.1	yaw	5.1	yaw	yaw{avya}/yax{sarvanAma;napuM;1;eka}/yax{sarvanAma;napuM;2;eka}	yax{sarvanAma;napuM;1;eka}	viSeRaNam,7.1	viSeRaNam,15.1#viSeRaNam,6.1#niwya_sambanXaH1,6.1#niwya_sambanXaH1,1.1#viSeRaNam,7.1	1	4	04	upaniRax	kenopaniRaw	-
6.1	ewaw	6.1	ewaw	ewax{sarvanAma;napuM;1;eka}/ewax{sarvanAma;napuM;2;eka}	ewax{sarvanAma;napuM;1;eka}	viSeRaNam,7.1	viSeRaNam,15.1#viSeRaNam,5.1#viSeRaNam,7.1	1	4	04	upaniRax	kenopaniRaw	-
7.1	vixyuwaH	7.1	vixyuwaH	vixyuwa{napuM;1;eka}/vixyuw{swrI;1;bahu}/vixyuw{swrI;2;bahu}/vixyuw{swrI;5;eka}/vixyuw{swrI;6;eka}/vixyuw{swrI;8;bahu}	vixyuwa{napuM;1;eka}	karwA,8.1	karma,3.1#RaRTIsambanXaH,15.1#RaRTIsambanXaH,3.1#upa_karmapravacanIyaH,9.1#hewuH5,3.1#karwA,8.1	1	4	04	upaniRax	kenopaniRaw	-
8.1	vyaxyuwax	8.1	vyaxyuwax	vi_xyuw{karwari;luf;pra;eka;}BvAxiH;AwmanepaxI}	vi_xyuw{karwari;luf;pra;eka;}BvAxiH;AwmanepaxI}	aBihiwa_karma,5.1	aBihiwa_karma,5.1	1	4	04	upaniRax	kenopaniRaw	-
9.1	A	9.1	A	A{avya}	A{avya}	sambanXaH,8.1	sambanXaH,8.1	1	4	04	upaniRax	kenopaniRaw	-
1.1	aWa	1.1	aWa	aWa{avya}	aWa{avya}	sambanXaH,7.1	sambanXaH,7.1#sup_samuccaya_xyowakaH,18.1#sup_samuccaya_xyowakaH,13.1#sup_samuccaya_xyowakaH,10.1#sup_samuccaya_xyowakaH,6.1#sambanXaH,14.1#sambanXaH,7.1	1	4	05	upaniRax	kenopaniRaw	-
10.1	manaH	6.1	manaH	manas{napuM;1;eka}/manas{napuM;2;eka}/manas{napuM;8;eka}	manas{napuM;1;eka}	karwA,7.1	upamAnam,6.1#upamAnam,5.1#upamAnam,3.1#karma,7.1#karwA,14.1#karwA,7.1	1	4	05	upaniRax	kenopaniRaw	-
11.1	anena	12.1	anena	ixam{sarvanAma;puM;3;eka}/ixam{sarvanAma;napuM;3;eka}/ana{puM;3;eka}	ixam{sarvanAma;puM;3;eka}	karaNam,14.1	karaNam,14.1#karaNam,7.1#hewuH,14.1#hewuH,7.1	1	4	05	upaniRax	kenopaniRaw	-
12.1	ca	15.1	ca	ca{avya}	ca{avya}	sambanXaH,14.1	samuccayaH,14.1#sup_samucciwaH,8.1#samuccaya_xyowakaH,7.1#sambanXaH,11.1#sambanXaH,14.1	1	4	05	upaniRax	kenopaniRaw	-
13.1	ewax	11.1	ewax	ewax{sarvanAma;napuM;1;eka}/ewax{sarvanAma;napuM;2;eka}	ewax{sarvanAma;napuM;2;eka}	karma,14.1	karma,14.1#viSeRaNam,10.1#viSeRaNam,6.1#viSeRaNam,5.1#viSeRaNam,3.1#karma,7.1#karwA,14.1#karwA,7.1	1	4	05	upaniRax	kenopaniRaw	-
14.1	upasmarawi	14.1	upasmarawi	upa_smq1{karwari;lat;pra;eka;parasmEpaxI;BvAxiH}	upa_smq1{karwari;lat;pra;eka;parasmEpaxI;BvAxiH}	aBihiwa_karwA,10.1	samucciwaH,7.1	1	4	05	upaniRax	kenopaniRaw	-
15.1	aBIkRNam	13.1	aBIkRNam	aBi_{IkR;lyut;BvAxiH;AwmanepaxI}{aBIkRNam{napaM;2;eka}	aBIkRNam{napaM;2;eka}	kriyAviSeRaNam,14.1	kriyAviSeRaNam,14.1	1	4	05	upaniRax	kenopaniRaw	-
16.1	(eRaH)	16.1	-	ewax{sarva;puM;1;eka}	ewax{sarva;puM;1;eka}	karwA,19.1	-#karwA,19.1	1	4	05	upaniRax	kenopaniRaw	-
17.1	(eva)	17.1	-	eva{avya}	eva{avya}	sambanXaH,19.1	-#sambanXaH,19.1	1	4	05	upaniRax	kenopaniRaw	-
18.1	safkalpaH	18.1	safkalpaH	safkalpa{puM;1;eka}	safkalpa{puM;1;eka}	viXeya_viSeRaNam,16.1	karwA,14.1#viXeya_viSeRaNam,16.1	1	4	05	upaniRax	kenopaniRaw	-
19.1	(Bavew)	19.1	-	BU{karwari;viXilif;pra;eka;parasmEpaxI;BvAxiH}	BU{karwari;viXilif;pra;eka;parasmEpaxI;BvAxiH}	aBihiwa_karwA,16.1	-#aBihiwa_karwA,16.1	1	4	05	upaniRax	kenopaniRaw	-
2.1	(ewaw)	2.1	-	ewax{sarvanAma;napuM;1;eka}/ewax{sarvanAma;napuM;2;eka}	ewax{sarvanAma;napuM;1;eka}	karwA,4.1	-#karwA#karwA,4.1	1	4	05	upaniRax	kenopaniRaw	-
3.1	aXyAwmam	3.1	aXyAwmam	aXyAwma{puM;2;eka}/aXyAwma{napuM;1;eka}/aXyAwma{napuM;2;eka}	aXyAwma{napuM;1;eka}	viXeya_viSeRaNam,2.1	sup_samucciwaH,13.1#sup_samucciwaH,10.1#sup_samucciwaH,6.1#karma,7.1#sup_samucciwaH,18.1#karwA,7.1#viXeya_viSeRaNam,2.1	1	4	05	upaniRax	kenopaniRaw	-
4.1	(aswi)	4.1	-	as{karwari;lat;pra;eka;parasmEpaxI;axAxiH}	as{karwari;lat;pra;eka;parasmEpaxI;axAxiH}	aBihiwa_karwA,2.1	-#aBihiwa_karwA,2.1	1	4	05	upaniRax	kenopaniRaw	-
5.1	yaw	5.1	yaw	yaw{avya}/yax{sarvanAma;napuM;1;eka}/yax{sarvanAma;napuM;2;eka}	yax{sarvanAma;napuM;1;eka}	sambanXaH,7.1	viSeRaNam,13.1#viSeRaNam,10.1#viSeRaNam,6.1#viSeRaNam,3.1#upamAnam,3.1#niwya_sambanXaH1,13.1#niwya_sambanXaH1,6.1#karma,7.1#karwA,7.1#sup_samucciwaH,8.1#sambanXaH,14.1#sambanXaH,7.1	1	4	05	upaniRax	kenopaniRaw	-
6.1	ewaw	7.1	ewaw	ewax{sarvanAma;napuM;1;eka}/ewax{sarvanAma;napuM;2;eka}	ewax{sarvanAma;napuM;2;eka}	karma,7.1	viSeRaNam,13.1#viSeRaNam,10.1#viSeRaNam,5.1#viSeRaNam,3.1#upamAnam,5.1#upamAnam,3.1#karma,7.1#karwA,7.1	1	4	05	upaniRax	kenopaniRaw	-
7.1	gacCawi	8.1	gacCawi	gam1{karwari;lat;pra;eka;parasmEpaxI;BvAxiH}	gam1{karwari;lat;pra;eka;parasmEpaxI;BvAxiH}	aBihiwa_karwA,10.1	-#aBihiwa_karwA#aBihiwa_karwA,10.1	1	4	05	upaniRax	kenopaniRaw	-
8.1	iva	9.1	iva	iva{avya}	iva{avya}	sambanXaH,7.1	uwprekRA_xyowakaH,7.1#sambanXaH,7.1	1	4	05	upaniRax	kenopaniRaw	-
9.1	ca	10.1	ca	ca{avya}	ca{avya}	samuccaya_xyowakaH,7.1	sup_samuccaya_xyowakaH,8.1#samuccaya_xyowakaH,7.1#sambanXaH,8.1	1	4	05	upaniRax	kenopaniRaw	-
1.1	waw	1.1	waw	wax{sarvanAma;napuM;1;eka}/wax{sarvanAma;napuM;2;eka}	wax{sarvanAma;napuM;1;eka}	karwA,5.1	karwA,5.1#viSeRaNam,12.1#viSeRaNam,9.1#viSeRaNam,7.1#viSeRaNam,6.1#viSeRaNam,4.1#viSeRaNam,3.1#karwA,5.1	1	4	06	upaniRax	kenopaniRaw	-
10.1	saH	10.1	sa	wax{sarvanAma;puM;1;eka}	wax{sarvanAma;puM;1;eka}	viSeRaNam,11.1	-#viSeRaNam,11.1	1	4	06	upaniRax	kenopaniRaw	-
11.1	yaH	11.1	yaH	yax{sarvanAma;puM;1;eka}	yax{sarvanAma;puM;1;eka}	karwA,14.1	karwA,14.1#viXeya_viSeRaNam,9.1#viXeya_viSeRaNam,7.1#viXeya_viSeRaNam,6.1#viXeya_viSeRaNam,5.1#viXeya_viSeRaNam,4.1#viXeya_viSeRaNam,3.1#viXeya_viSeRaNam,1.1#karma,9.1#karwA,14.1	1	4	06	upaniRax	kenopaniRaw	-
12.1	ewaw	12.1	ewaw	ewax{sarvanAma;napuM;1;eka}/ewax{sarvanAma;napuM;2;eka}	ewax{sarvanAma;napuM;2;eka}	karma,14.1	karma,14.1#viSeRaNam,9.1#viSeRaNam,7.1#viSeRaNam,6.1#viSeRaNam,4.1#viSeRaNam,3.1#viSeRaNam,1.1#viXeya_viSeRaNam,11.1#viXeya_viSeRaNam,9.1#viXeya_viSeRaNam,7.1#viXeya_viSeRaNam,6.1#viXeya_viSeRaNam,5.1#viXeya_viSeRaNam,4.1#viXeya_viSeRaNam,3.1#karma,9.1	1	4	06	upaniRax	kenopaniRaw	-
13.1	evam	13.1	evam	evam{avya}	evam{avya}	kriyAviSeRaNam,14.1	kriyAviSeRaNam,18.1#kriyAviSeRaNam,9.1#kriyAviSeRaNam,14.1	1	4	06	upaniRax	kenopaniRaw	-
14.1	vexa	14.1	vexABi	vix{XAwu;lat;pra;eka;parasmE}	vix{XAwu;lat;pra;eka;parasmE}	aBihiwa_karwA,11.1	-#aBihiwa_karwA,11.1	1	4	06	upaniRax	kenopaniRaw	-
15.1	ha	16.1	ha	ha{avya}	ha{avya}	sambanXaH,14.1	-#sambanXaH,14.1	1	4	06	upaniRax	kenopaniRaw	-
16.1	enam	15.1	enam	ixam{sarvanAma;puM;2;eka}	ixam{sarvanAma;puM;2;eka}	karma,19.1	viSeRaNam,9.1#karma,19.1	1	4	06	upaniRax	kenopaniRaw	-
17.1	sarvANi	17.1	sarvANi	sarva{sarvanAma;napuM;1;bahu}/sarva{sarvanAma;napuM;2;bahu}/sarvANI{swrI;8;eka}	sarva{sarvanAma;napuM;1;bahu}	viSeRaNam,18.1	viSeRaNam,18.1#viXeya_viSeRaNam,5.1#karwA_be_verbs,18.1	1	4	06	upaniRax	kenopaniRaw	-
18.1	BUwAni	18.1	BUwAni	BUwa{napuM;1;bahu}/BUwa{napuM;2;bahu}/BUwa{napuM;1;bahu(BU1;kwa;X;BvAxiH)}/BUwa{napuM;2;bahu(BU1;kwa;X;BvAxiH)}	BUwa{napuM;1;bahu}	karwA,19.1	-#karwA,19.1	1	4	06	upaniRax	kenopaniRaw	-
19.1	aBisaMvAFCanwi	19.1	saMvAFCanwi	aBi_samvAFC{karwari;lat;pra;bahu;parasmEpaxI;BvAxiH}	aBi_samvAFC{karwari;lat;pra;bahu;parasmEpaxI;BvAxiH}	aBihiwa_karwA,19.1	-#aBihiwa_karwA,19.1	1	4	06	upaniRax	kenopaniRaw	-
2.1	ha	2.1	ha	ha{avya}	ha{avya}	sambanXaH,1.1	sambanXaH,1.1	1	4	06	upaniRax	kenopaniRaw	-
3.1	waxvanam	3.1	waw	waxvana{napuM;1;eka}/waxvana{napuM;2;eka}/waxvana{puM;1;eka}	waxvana{puM;2;eka}	saFjFA,1.1	viSeRaNam,12.1#viSeRaNam,9.1#viSeRaNam,7.1#viSeRaNam,6.1#viSeRaNam,4.1#viXeya_viSeRaNam,1.1#karma,9.1#saMjFA,1.1#saFjFA,1.1	1	4	06	upaniRax	kenopaniRaw	-
4.1	nAma	5.1	nAma	nAma{avya}	nAma{avya}	saFjFA_xyowakaH,3.1	karwA_be_verbs,18.1#saMjFA_xyowakaH,3.1#saFjFA_xyowakaH,3.1	1	4	06	upaniRax	kenopaniRaw	-
5.1	vixAFcakre	4.1	vanam	vix{karmaNi;lit;pra;eka;AwmanepaxI;axAxiH}/vix{karmaNi;lit;u;eka;AwmanepaxI;axAxiH}	vix{karmaNi;lit;pra;eka;AwmanepaxI;axAxiH}	aBihiwa_karwA,1.1	viXeya_viSeRaNam,3.1#viXeya_viSeRaNam,1.1#karma,9.1#aBihiwa_karwA,1.1	1	4	06	upaniRax	kenopaniRaw	-
6.1	brahma	6.1	waw	brahman{napuM;1;eka}/brahman{napuM;2;eka}	brahman{napuM;2;eka}	karma,9.1	viSeRaNam,12.1#viSeRaNam,9.1#viSeRaNam,7.1#viSeRaNam,4.1#viSeRaNam,3.1#viXeya_viSeRaNam,5.1#viXeya_viSeRaNam,4.1#viXeya_viSeRaNam,3.1#viXeya_viSeRaNam,1.1#karma,9.1	1	4	06	upaniRax	kenopaniRaw	-
7.1	waxvanam	7.1	vanam	waxvana{napuM;1;eka}/waxvana{napuM;2;eka}/waxvana{puM;1;eka}/waxvana{puM;2;eka}	waxvana{puM;2;eka}	karmasamAnAXikaraNam,9.1	viXeya_viSeRaNam,6.1#viXeya_viSeRaNam,5.1#viXeya_viSeRaNam,4.1#viXeya_viSeRaNam,3.1#viXeya_viSeRaNam,1.1#karma,9.1#karmasamAnAXikaraNam,9.1	1	4	06	upaniRax	kenopaniRaw	-
8.1	iwi	8.1	iwi	iwi{avya}	iwi{avya}	sambanXaH,7.1	-#sambanXaH,7.1	1	4	06	upaniRax	kenopaniRaw	-
9.1	upAsiwavyam	9.1	upAsiwavyam	upAsiwavya{puM;2;eka;upa_As1;wavyaw;X;axAxiH)}/upAsiwavya{napuM;1;eka;upa_As1;wavyaw;X;axAxiH)}/upAsiwavya{napuM;2;eka;upa_As1;wavyaw;X;axAxiH)}	upAsiwavya{puM;2;eka;upa_As1;wavyaw;X;axAxiH)}/upAsiwavya{napuM;1;eka;upa_As1;wavyaw;X;axAxiH)}/upAsiwavya{napuM;2;eka;upa_As1;wavyaw;X;axAxiH)}	aBihiwa_karwA	viXeya_viSeRaNam,7.1#viXeya_viSeRaNam,6.1#viXeya_viSeRaNam,4.1#viXeya_viSeRaNam,3.1#viXeya_viSeRaNam,1.1#aBihiwa_karwA	1	4	06	upaniRax	kenopaniRaw	-
1.1	upaniRaxam	2.1	upaniRaxam	upaniRax{swrI;2;eka}	upaniRax{swrI;2;eka}	karma,4.1	karma,4.1#muKyakarma,4.1#karmasamAnAXikaraNam,13.1#karmasamAnAXikaraNam,9.1#gONakarma,6.1#gONakarma,4.1	1	4	07	upaniRax	kenopaniRaw	-
10.1	vAva	10.1	vAva	vAva{avya}/vA1{karwari;lot;u;xvi;parasmEpaxI;axAxiH}	vAva{avya}	sambanXaH,14.1	vAkyakarma,14.1#vAkyakarma,6.1#vAkyakarma,4.1#sambanXaH,14.1	1	4	07	upaniRax	kenopaniRaw	-
11.1	(vayam)	12.1	-	asmax{sarva;a;1;bahu}	asmax{sarva;a;1;bahu}	karwA,14.1	-#karwA,14.1	1	4	07	upaniRax	kenopaniRaw	-
12.1	we	13.1	we	wax{sarvanAma;puM;1;bahu}/wax{sarvanAma;napuM;1;xvi}/wax{sarvanAma;napuM;2;xvi}/wax{sarvanAma;swrI;1;xvi}/wax{sarvanAma;swrI;2;xvi}/yuRmax{sarvanAma;6;eka}/yuRmax{sarvanAma;4;eka}	yuRmax{sarvanAma;4;eka}	sampraxAnam,14.1	viSeRaNam,7.1#sampraxAnam,14.1#sampraxAnam,6.1#sampraxAnam,4.1#prayojanam1,10.1#RaRTIsambanXaH,13.1#RaRTIsambanXaH,9.1#muKyakarma,14.1#muKyakarma,4.1#karma,10.1#gONakarma,14.1#gONakarma,6.1#gONakarma,4.1	1	4	07	upaniRax	kenopaniRaw	-
13.1	upaniRaxam	11.1	upaniRaxam	upaniRax{swrI;2;eka}	upaniRax{swrI;2;eka}	karma,14.1	karma,14.1#muKyakarma,14.1#karmasamAnAXikaraNam,9.1#karmasamAnAXikaraNam,1.1#karma,10.1#gONakarma,14.1#gONakarma,6.1	1	4	07	upaniRax	kenopaniRaw	-
14.1	abrUma	13.1	abrUma	brU1{karwari;laf;u;bahu;parasmEpaxI;axAxiH}	brU1{karwari;laf;u;bahu;parasmEpaxI;axAxiH}	aBihiwa_karwA,11.1	vAkyakarma,6.1#vAkyakarma,4.1	1	4	07	upaniRax	kenopaniRaw	-
15.1	iwi	14.1	iwi	iwi{avya}	iwi{avya}	sambanXaH,14.1	vAkyakarma_xyowakaH,14.1#vAkyakarma_xyowakaH,10.1#vAkyakarma_xyowakaH,6.1#vAkyakarma_xyowakaH,4.1#sambanXaH,14.1	1	4	07	upaniRax	kenopaniRaw	-
2.1	BoH	1.1	BoH	BoH{avya}	BoH{avya}	samboXyaH,4.1	-#samboXyaH,4.1	1	4	07	upaniRax	kenopaniRaw	-
3.1	(wvam)	3.1	-	yuRmax{sarvanAma;1;eka}	yuRmax{sarvanAma;1;eka}	karwA,4.1	-#karwA,4.1	1	4	07	upaniRax	kenopaniRaw	-
4.1	brUhi	4.1	brUhi	brU1{karwari;lot;ma;eka;parasmEpaxI;axAxiH}	brU1{karwari;lot;ma;eka;parasmEpaxI;axAxiH}	aBihiwa_karwA,3.1	vAkyakarma,14.1#vAkyakarma,6.1	1	4	07	upaniRax	kenopaniRaw	-
5.1	iwi	5.1	iwi	iwi{avya}	iwi{avya}	sambanXaH,4.1	vAkyakarma_xyowakaH,4.1#sambanXaH,4.1	1	4	07	upaniRax	kenopaniRaw	-
6.1	ukwA	8.1	ukwA	ukwA{swrI;1;eka(vac1;kwa;X;axAxiH)}	ukwA{swrI;1;eka(vac1;kwa;X;axAxiH)}	aBihiwa_karma	vAkyakarma,14.1#vAkyakarma,4.1#aBihiwa_karma	1	4	07	upaniRax	kenopaniRaw	-
7.1	we	6.1	we	wax{sarvanAma;puM;1;bahu}/wax{sarvanAma;napuM;1;xvi}/wax{sarvanAma;napuM;2;xvi}/wax{sarvanAma;swrI;1;xvi}/wax{sarvanAma;swrI;2;xvi}/yuRmax{sarvanAma;6;eka}/yuRmax{sarvanAma;4;eka}	yuRmax{sarvanAma;4;eka}	sampraxAnam,6.1	viSeRaNam,12.1#sampraxAnam,14.1#sampraxAnam,6.1#sampraxAnam,4.1#prayojanam1,10.1#RaRTIsambanXaH,13.1#RaRTIsambanXaH,9.1#muKyakarma,14.1#muKyakarma,4.1#karma,10.1#gONakarma,14.1#gONakarma,6.1#gONakarma,4.1	1	4	07	upaniRax	kenopaniRaw	-
8.1	upaniRaw	7.1	upaniRaw	upaniRax{swrI;1;eka}	upaniRax{swrI;1;eka}	karma,6.1	-#karma,6.1	1	4	07	upaniRax	kenopaniRaw	-
9.1	brAhmIm	9.1	brAhmIm	brAhmI{swrI;2;eka}	brAhmI{swrI;2;eka}	viSeRaNam,13.1	viSeRaNam,13.1#muKyakarma,14.1#muKyakarma,4.1#karmasamAnAXikaraNam,13.1#karma,10.1#gONakarma,14.1#gONakarma,6.1#gONakarma,4.1	1	4	07	upaniRax	kenopaniRaw	-
1.1	wasyE(wasya)	7.1	wasyE	wax{sarvanAma;swrI;4;eka}	wax{sarvanAma;swrI;4;eka}	RaRTIsambanXaH,6.1	prayojanam1,11.1#prayojanam1,10.1#RaRTIsambanXaH,6.1	1	4	08	upaniRax	kenopaniRaw	-
10.1	sawyam	12.1	sawyam	sawyam{avya}/sawya{puM;2;eka}/sawya{napuM;1;eka}/sawya{napuM;2;eka}	sawya{napuM;1;eka}	karwA,12.1	karma,10.1#karwA,12.1	1	4	08	upaniRax	kenopaniRaw	-
11.1	Ayawanam	13.1	Ayawanam	Ayawana{napuM;1;eka}/Ayawana{napuM;2;eka}/Ayawana{napuM;1;eka(Af_yaw1;lyut;X;BvAxiH)}/Ayawana{napuM;2;eka(Af_yaw1;lyut;X;BvAxiH)}	Ayawana{napuM;1;eka}	viXeya_viSeRaNam,10.1	karma,10.1#viXeya_viSeRaNam,10.1	1	4	08	upaniRax	kenopaniRaw	-
12.1	(aswi)	14.1	-	aswi{as;lat;pra;eka;parasmE;karwari;akarmaka}	aswi{as;lat;pra;eka;parasmE;karwari;akarmaka}	aBihiwa_karwA,10.1	-#aBihiwa_karwA,10.1	1	4	08	upaniRax	kenopaniRaw	-
13.1	(sanwi)	11.1	-	as{karwari;lat;pra;bahu;parasmEpaxI;axAxiH}	as{karwari;lat;pra;bahu;parasmEpaxI;axAxiH}	aBihiwa_karwA,9.2	-#aBihiwa_karwA,9.2	1	4	08	upaniRax	kenopaniRaw	-
2.1	wapaH	1.1	wapaH	wapas{napuM;1;eka}/wapas{napuM;2;eka}/wapas{napuM;8;eka}	wapa{napuM;1;eka}	samucciwaH,4.1	karma,10.1#samucciwa,4.1#samucciwaH,4.1	1	4	08	upaniRax	kenopaniRaw	-
3.1	xamaH	2.1	xamaH	xama{puM;1;eka}	xama{puM;1;eka}	samucciwaH,4.1	-#samucciwa,4.1#samucciwaH,4.1	1	4	08	upaniRax	kenopaniRaw	-
4.1	karma	3.1	karma	karman{napuM;1;eka}/karman{napuM;2;eka}	karman{napuM;1;eka}	karwA,7.1	viSeRaNam,11.1#viSeRaNam,11.1#viSeRaNam,2.1#karma,10.1#karwA,7.1	1	4	08	upaniRax	kenopaniRaw	-
5.1	iwi	6.1	iwi	iwi{avya}	iwi{avya}	samuccaya_xyowakaH,4.1	-#samuccaya_xyowakaH,4.1	1	4	08	upaniRax	kenopaniRaw	-
6.1	prawiRTA	8.1	prawiRTA	prawiRTA{swrI;1;eka}	prawiRTA{swrI;1;eka}	viXeya_viSeRaNam,7.1	-#viXeya_viSeRaNam,#viXeya_viSeRaNam,7.1	1	4	08	upaniRax	kenopaniRaw	-
7.1	(aswi)	9.1	-	aswi{as;lat;pra;eka;parasmE;karwari;akarmaka}	aswi{as;lat;pra;eka;parasmE;karwari;akarmaka}	aBihiwa_karwA,4.1	-#aBihiwa_karwA,4.1	1	4	08	upaniRax	kenopaniRaw	-
8.1	vexAH	5.1	vexAH	vexa{puM;1;bahu}/vexa{puM;8;bahu}	vexa{puM;1;bahu}	viXeya_viSeRaNam,9.2	-#viXeya_viSeRaNam,9.1#viXeya_viSeRaNam,9.2	1	4	08	upaniRax	kenopaniRaw	-
9.1	sarva-	10.1	sarva	sarva	sarva	karmaXAraya,9.2	-#karmaXAraya,9.2	1	4	08	upaniRax	kenopaniRaw	-
9.2	afgAni	10.2	afgAni	afga{napuM;1;bahu}/afga{napuM;2;bahu}/ag2{karwari;lot;u;eka;parasmEpaxI;BvAxiH}/afga{napuM;8;bahu}	afga{napuM;1;bahu}	karwA,13.1	-#karwA,12.1#karwA,13.1	1	4	08	upaniRax	kenopaniRaw	-
1.1	yaH	1.1	yaH	yax{sarvanAma;puM;1;eka}	yax{sarvanAma;puM;1;eka}	karwA,5.1	karwA,5.1	1	4	09	upaniRax	kenopaniRaw	-
10.1	loke	11.1	loke	loka{puM;7;eka}	loka{puM;7;eka}	aXikaraNam,13.1	aXikaraNam,14.1#aXikaraNam,13.1#aXikaraNam,11.1#aXikaraNam,6.1#aXikaraNam,5.1#aXikaraNam,3.1#BkarwA,14.1#BkarwA,13.1	1	4	09	upaniRax	kenopaniRaw	-
11.1	jyeye	9.1	jyeye	jyeya{puM;7;eka(jyA1;yaw;X;kryAxiH)}/jyeya{napuM;7;eka(jyA1;yaw;X;kryAxiH)}	jyeya{puM;7;eka	viSeRaNam,10.1	viSeRaNam,14.1#viSeRaNam,13.1#aXikaraNam,14.1#aXikaraNam,13.1#aXikaraNam,6.1#aXikaraNam,5.1#aXikaraNam,3.1#viSeRaNam,10.1#viSeRaNam,9.1#viSeRaNam,8.1	1	4	09	upaniRax	kenopaniRaw	-
12.1	(saH)	12.1	-	wax{sarva;puM;1;eka}	wax{sarva;puM;1;eka}	karwA,13.1;karwA,6.1	karwA,6.1#karwA,13.1#karwA,13.1;karwA,6.1	1	4	09	upaniRax	kenopaniRaw	-
13.1	prawiwiRTawi	13.1	prawiwiRTawi	prawi_RWA1{karwari;lat;pra;eka;parasmEpaxI;BvAxiH}/prawiwiRTaw{puM;7;eka(prawi_RWA1;Sawq_lat;X;BvAxiH)}/prawiwiRTaw{napuM;7;eka(prawi_RWA1;Sawq_lat;X;BvAxiH)}	prawi_RWA1{karwari;lat;pra;eka;parasmEpaxI;BvAxiH}	aBihiwa_karwA,1.1	vIpsA,14.1#BAvalakRaNasapwamI_samAnakAlaH,14.1#BAvalakRaNasapwamI_samAnakAlaH,5.1#BAvalakRaNasapwamI_samAnakAlaH,3.1#aBihiwa_karwA,1.1	1	4	09	upaniRax	kenopaniRaw	-
14.1	prawiwiRTawi	14.1	prawiwiRTawi	prawi_RWA1{karwari;lat;pra;eka;parasmEpaxI;BvAxiH}/prawiwiRTaw{puM;7;eka(prawi_RWA1;Sawq_lat;X;BvAxiH)}/prawiwiRTaw{napuM;7;eka(prawi_RWA1;Sawq_lat;X;BvAxiH)}	prawi_RWA1{karwari;lat;pra;eka;parasmEpaxI;BvAxiH}	vIpsA,13.1	BAvalakRaNasapwamI_samAnakAlaH,13.1#BAvalakRaNasapwamI_samAnakAlaH,5.1#BAvalakRaNasapwamI_samAnakAlaH,3.1#vIpsA,13.1	1	4	09	upaniRax	kenopaniRaw	-
2.1	vE	2.1	vE	vE{avya}	vE{avya}	sambanXaH,1.1	sambanXaH,1.1	1	4	09	upaniRax	kenopaniRaw	-
3.1	ewAm	3.1	ewAm	ewax{sarvanAma;swrI;2;eka}/Af_i1{karwari{lot;pra;xvi;parasmEpaxI;axAxiH}	ewax{sarvanAma;swrI;2;eka}	karma,5.1	vAkyakarma,5.1#karma,5.1	1	4	09	upaniRax	kenopaniRaw	-
4.1	evam	4.1	evam	evam{avya}	evam{avya}	kriyAviSeRaNam,5.1	vAkyakarma_xyowakaH,3.1#kriyAviSeRaNam,14.1#kriyAviSeRaNam,13.1#kriyAviSeRaNam,11.1#kriyAviSeRaNam,6.1#kriyAviSeRaNam,5.1#kriyAviSeRaNam,3.1	1	4	09	upaniRax	kenopaniRaw	-
5.1	vexa	5.1	vexa	vix1{karwari;lat;pra;eka;parasmEpaxI;axAxiH}/vix1{karwari;lat;u;eka;parasmEpaxI;axAxiH}/vexa{puM;8;eka}	vix1{karwari;lat;pra;eka;parasmEpaxI;axAxiH}	aBihiwa_karwA,1.1	aBihiwa_karwA,1.1	1	4	09	upaniRax	kenopaniRaw	-
6.1	apahawya	7.1	apahawya	apa_han1{avya;lyap;axAxiH}	apa_han1{avya;lyap;axAxiH}	pUrvakAlaH,13.1	pUrvakAlaH,7.1#pUrvakAlaH,13.1#pUrvakAlaH,5.1#pUrvakAlaH,3.1	1	4	09	upaniRax	kenopaniRaw	-
7.1	pApmAnam	6.1	pApmAnam	pApman{puM;2;eka}	pApman{puM;2;eka}	karma,6.1	karmasamAnAXikaraNam,3.1#karma,14.1#karma,13.1#karma,5.1#karma,6.1	1	4	09	upaniRax	kenopaniRaw	-
8.1	ananwe	8.1	ananwe	ananwA{swrI;8;eka}/ananwa{puM;7;eka}	ananwa{puM;7;eka}	viSeRaNam,10.1	viSeRaNam,14.1#viSeRaNam,13.1#viSeRaNam,11.1#viSeRaNam,10.1#viSeRaNam,9.1#aXikaraNam,14.1#aXikaraNam,13.1#aXikaraNam,11.1#aXikaraNam,6.1#aXikaraNam,5.1#aXikaraNam,3.1#BkarwA,14.1#BkarwA,13.1	1	4	09	upaniRax	kenopaniRaw	-
9.1	svarge	10.1	svarge	svarga{puM;7;eka}	svarga{puM;7;eka}	viSeRaNam,10.1	viSeRaNam,10.1#aXikaraNam,14.1#aXikaraNam,13.1#aXikaraNam,11.1#aXikaraNam,6.1#aXikaraNam,5.1#aXikaraNam,3.1#BkarwA,14.1#BkarwA,13.1	1	4	09	upaniRax	kenopaniRaw	-
