anvaya_no	word	poem	sandhied_word	morph_analysis	morph_in_context	kaaraka_sambandha	possible_relations	sentno	chaptno	slokano	book	part1	part2
1.1	Rat-	-	Rat-wriMSe	RaR	RaR	samAsaH,1.2	samAsaH,1.2	1	01	001	mahABArawam	mOsalaparvaH	-
1.2	wriMSe	-	--	wriMSa{napuM;1;xvi}/wriMSa{napuM;2;xvi}/wriMSa{napuM;8;xvi}/wriMSA{swrI;1;xvi}/wriMSA{swrI;2;xvi}/wriMSA{swrI;1;xvi}/wriMSA{swrI;2;xvi}/wriMSA{swrI;8;eka}/wriMSA{swrI;8;xvi}/wriMSa{puM;7;eka}/wriMSa{napuM;7;eka}/wriMSa{puM;7;eka}/wriMSa{napuM;8;xvi}/wriMSa{napuM;1;xvi}/wriMSa{napuM;2;xvi}/wriMSa{napuM;7;eka}/wriMSA{swrI;8;eka}/wriMSA{swrI;8;xvi}	wriMSa{puM;7;eka}	viSeRaNam,5.1	viSeRaNam,5.1#aXikaraNam,8.1#aXikaraNam,7.1#aXikaraNam,4.1#BkarwA,4.1#karma,7.1#Bkarma,4.1#viSeRaNam,4.1	1	01	001	mahABArawam	mOsalaparvaH	-
10.1	yuXiRTiraH	-	yuXiRTiraH	yuXiRTira{puM;1;eka}	yuXiRTira{puM;1;eka}	karwA,7.1	karwA,7.1	1	01	001	mahABArawam	mOsalaparvaH	-
11.1	.	-	.	-	-	-	-	1	01	001	mahABArawam	mOsalaparvaH	-
2.1	wu	-	wu	wu{avya}	wu{avya}	sambanXaH,5.1	sambanXaH,1.2;sambanXaH,5.1	1	01	001	mahABArawam	mOsalaparvaH	-
3.1	aWa	-	aWa	aWa{avya}	aWa{avya}	sambanXaH,7.1	sambanXaH,7.1	1	01	001	mahABArawam	mOsalaparvaH	-
4.1	samprApwe	-	samprApwe	samprApwA{swrI;1;xvi}/samprApwA{swrI;2;xvi}/samprApwa{puM;7;eka(sam_pra_Ap1;kwa;svAxiH)}	samprApwa{puM;7;eka(sam_pra_Ap1;kwa;svAxiH)}	BAvalakRaNasapwamI_pUrvakAlaH,7.1	viSeRaNam,5.1#viSeRaNam,1.2#BAvalakRaNasapwamI_pUrvakAlaH,8.1#BAvalakRaNasapwamI_pUrvakAlaH,7.1#karma,7.1	1	01	001	mahABArawam	mOsalaparvaH	-
5.1	varRe	-	varRe	varRA{swrI;8;eka}/varRa{puM;7;eka}/varRa{napuM;7;eka}	varRa{puM;7;eka}	karwA,4.1	karwA,4.1#kAlAXikaraNam,8.1#kAlAXikaraNam,7.1#kAlAXikaraNam,4.1#BkarwA,4.1	1	01	001	mahABArawam	mOsalaparvaH	-
6.1	kOrava-	-	kOrava-nanxanaH	kOrava	kOrava	samAsaH,6.2	samAsaH,6.2	1	01	001	mahABArawam	mOsalaparvaH	-
6.2	nanxanaH	-	--	nanxana{puM;1;eka}	nanxana{puM;1;eka}	viSeRaNam,10.1	viSeRaNam,10.1#karwA,7.1	1	01	001	mahABArawam	mOsalaparvaH	-
7.1	xaxarSa	-	xaxarSa	xqS1{karwari;lit;pra;eka;parasmEpaxI;BvAxiH}/xqS1{karwari;lit;u;eka;parasmEpaxI;BvAxiH}	xqS1{karwari;lit;pra;eka;parasmEpaxI;BvAxiH}	aBihiwa_karwA,10.1;sakarmaka	-	1	01	001	mahABArawam	mOsalaparvaH	-
8.1	viparIwAni	-	viparIwAni	viparIwa{napuM;1;bahu(vi_pari_i1;kwa;axAxiH)}/viparIwa{napuM;2;bahu(vi_pari_i1;kwa;axAxiH)}	viparIwa{napuM;2;bahu(vi_pari_i1;kwa;axAxiH)}	viSeRaNam,9.1	viSeRaNam,9.1#karma,7.1	1	01	001	mahABArawam	mOsalaparvaH	-
9.1	nimiwwAni	-	nimiwwAni	nimiwwa{napuM;1;bahu}/nimiwwa{napuM;2;bahu}/nimiwwa{napuM;8;bahu}	nimiwwa{napuM;2;bahu}	karma,7.1	karma,7.1	1	01	001	mahABArawam	mOsalaparvaH	-
1.1	vavuH	-	vavuH	vA1{karwari;lit;pra;bahu;parasmEpaxI;axAxiH}/ve1{karwari;lit;pra;bahu;parasmEpaxI;BvAxiH}	vA1{karwari;lit;pra;bahu;parasmEpaxI;axAxiH}	aBihiwa_karwA,2.1	aBihiwa_karwA,2.1	1	01	002	mahABArawam	mOsalaparvaH	-
10.1	.	-	.	-	-	-	-	1	01	002	mahABArawam	mOsalaparvaH	-
2.1	vAwAH	-	vAwAH	vAwa{puM;1;bahu(vA1;kwa;axAxiH)}/vAwA{swrI;1;bahu(vA1;kwa;axAxiH)}/vAwA{swrI;2;bahu(vA1;kwa;axAxiH)}	vAwa{puM;1;bahu(vA1;kwa;axAxiH)}	karwA,1.1	viSeRaNam,4.1#viSeRaNam,3.2#karma,9.1#karma,1.1#karwA,9.1#karwA,1.1#viSeRaNam,7.1	1	01	002	mahABArawam	mOsalaparvaH	-
3.1	sa-	-	sa-nirGAwAH	sa	sa	samAsaH,3.2	samAsaH,3.2	1	01	002	mahABArawam	mOsalaparvaH	-
3.2	nirGAwAH	-	--	nirGAwa{puM;1;bahu}/nirGAwa{puM;8;bahu}/nirGAwA{swrI;8;bahu}/nirGAwA{swrI;1;bahu}/nirGAwA{swrI;2;bahu}	nirGAwA{swrI;1;bahu}	viSeRaNam,2.1	viSeRaNam,4.1#viSeRaNam,2.1#karma,9.1#karma,2.1#karma,1.1#karwA,9.1#karwA,1.1#viSeRaNam,7.1	1	01	002	mahABArawam	mOsalaparvaH	-
4.1	rUkRAH	-	rUkRAH	rUkRa{puM;1;bahu}/rUkRA{swrI;1;bahu}/rUkRA{swrI;2;bahu}/rUkRa{puM;8;bahu}	rUkRA{swrI;1;bahu}	viSeRaNam,2.1	viSeRaNam,2.1#karma,9.1#karma,2.1#karma,1.1#karwA,9.1#karwA,1.1	1	01	002	mahABArawam	mOsalaparvaH	-
5.1	Sarkara-	-	Sarkara-varRiNaH	Sarkara	Sarkara	samAsaH,5.2	samAsaH,5.2	1	01	002	mahABArawam	mOsalaparvaH	-
5.2	varRiNaH	-	--	-	-	viSeRaNam,2.1	viSeRaNam,2.1	1	01	002	mahABArawam	mOsalaparvaH	-
6.1	apasavyAni	-	apasavyAni	apasavya{napuM;1;bahu}/apasavya{napuM;2;bahu}/apasavya{napuM;8;bahu}	apasavya{napuM;2;bahu}	viSeRaNam,8.1	viSeRaNam,8.1#karma,9.1#karma,2.1#karma,1.1#karwA,9.1#karwA,1.1	1	01	002	mahABArawam	mOsalaparvaH	-
7.1	SakunAH	-	SakunAH	Sakuna{puM;1;bahu}/Sakuna{puM;8;bahu}	Sakuna{puM;1;bahu}	karwA,9.1	karwA,9.1#karwA,1.1#karma,9.1	1	01	002	mahABArawam	mOsalaparvaH	-
8.1	maNdalAni	-	maNdalAni	maNdala{napuM;1;bahu}/maNdala{napuM;2;bahu}/maNdala{napuM;8;bahu}	maNdala{napuM;2;bahu}	karma,9.1	karma,9.1#karma,2.1#karma,1.1#karwA,9.1#karwA,1.1	1	01	002	mahABArawam	mOsalaparvaH	-
9.1	pracakrire	-	pracakrire	pra_kq2{karmaNi;lit;pra;bahu;AwmanepaxI;svAxiH}/pra_kq3{karwari{lit;pra;bahu;AwmanepaxI;wanAxiH}/pra_kq3{karmaNi{lit;pra;bahu;AwmanepaxI;wanAxiH}	pra_kq3{karwari;lit;pra;bahu;AwmanepaxI;wanAxiH}	aBihiwa_karwA,7.1;sakarmaka	-	1	01	002	mahABArawam	mOsalaparvaH	-
1.1	prawyak	-	prawyak	prawyak{avya}	prawyak{avya}	kriyAviSeRaNam,2.1	kriyAviSeRaNam,2.1	1	01	003	mahABArawam	mOsalaparvaH	-
10.1	gaganAw	-	gaganAw	gagana{napuM;5;eka}	gagana{napuM;5;eka}	apAxAnam,9.1	hewuH5,2.1#apAxAnam,2.1#apAxAnam,9.1	1	01	003	mahABArawam	mOsalaparvaH	-
11.1	Buvi	-	Buvi	BU{swrI;7;eka}	BU{swrI;7;eka}	aXikaraNam,9.1	aXikaraNam,2.1#aXikaraNam,9.1	1	01	003	mahABArawam	mOsalaparvaH	-
12.1	(Asan)	-	Asan	as1{karwari;laf;pra;bahu;parasmEpaxI;BvAxiH}/as2{karwari;laf;pra;bahu;parasmEpaxI;axAxiH}/Asan{napuM;8;eka}	as1{karwari;laf;pra;bahu;parasmEpaxI;BvAxiH}	aBihiwa_karwA,4.1	aBihiwa_karwA,4.1	1	01	003	mahABArawam	mOsalaparvaH	-
13.1	.	-	.	-	-	-	-	1	01	003	mahABArawam	mOsalaparvaH	-
2.1	UhuH	-	UhuH	vah1{karwari;lit;pra;bahu;parasmEpaxI;BvAxiH}	vah1{karwari;lit;pra;bahu;parasmEpaxI;BvAxiH}	aBihiwa_karwA,3.2;sakarmaka	aBihiwa_karwA,3.2;sakarmaka	1	01	003	mahABArawam	mOsalaparvaH	-
3.1	mahaw-	-	mahaw-naxyaH	mahaw	mahaw	samAsaH,3.2	samAsaH,3.2	1	01	003	mahABArawam	mOsalaparvaH	-
3.2	naxyaH	-	--	naxI{swrI;1;bahu}/naxI{swrI;8;bahu}	naxI{swrI;1;bahu}	karwA,2.1	viSeRaNam,6.1#viSeRaNam,4.1#viSeRaNam,8.2#sup_samucciwaH,6.1#karwA,2.1	1	01	003	mahABArawam	mOsalaparvaH	-
4.1	xiSaH	-	xiSaH	xiS{swrI;1;bahu}/xiS{swrI;2;bahu}/xiS{swrI;5;eka}/xiS{swrI;6;eka}/xiS{swrI;8;bahu}	xiS{swrI;1;bahu}	karwA,12.1	karwA,12.1#RaRTIsambanXaH,11.1#RaRTIsambanXaH,10.1#RaRTIsambanXaH,8.2#RaRTIsambanXaH,6.1#RaRTIsambanXaH,5.2#RaRTIsambanXaH,3.2#hewuH5,2.1#apAxAnam,2.1#sup_samucciwaH,6.1#muKyakarma,2.1#gONakarma,2.1#karwA,2.1	1	01	003	mahABArawam	mOsalaparvaH	-
5.1	nIhAra-	-	nIhAra-saMvqwaH	nIhAra	nIhAra	samAsaH,5.2	samAsaH,5.2	1	01	003	mahABArawam	mOsalaparvaH	-
5.2	saMvqwaH	-	--	saMvqw{puM;1;bahu}/saMvqw{puM;2;bahu}/saMvqw{puM;5;eka}/saMvqw{puM;6;eka}/saMvqwa{puM;1;eka}	saMvqw{puM;1;bahu}	viXeya_viSeRaNam,12.1	viXeya_viSeRaNam,12.1#sup_samucciwaH,6.1#RaRTIsambanXaH,11.1#RaRTIsambanXaH,10.1#RaRTIsambanXaH,8.2#RaRTIsambanXaH,6.1#RaRTIsambanXaH,4.1#RaRTIsambanXaH,3.2#hewuH5,2.1#apAxAnam,2.1#muKyakarma,2.1#gONakarma,2.1#karwA,2.1	1	01	003	mahABArawam	mOsalaparvaH	-
6.1	ulkAH	-	ulkAH	ulkA{swrI;1;bahu}/ulkA{swrI;2;bahu}/ulkA{swrI;8;bahu}	ulkA{swrI;1;bahu}	karwA,9.1	karwA,9.1#muKyakarma,2.1#gONakarma,2.1#karwA,2.1	1	01	003	mahABArawam	mOsalaparvaH	-
7.1	ca	-	ca	ca{avya}	ca{avya}	sambanXaH,6.1	sup_samuccaya_xyowakaH,6.1#sambanXaH,6.1	1	01	003	mahABArawam	mOsalaparvaH	-
8.1	afgAra-	-	afgAra-varRiNyaH	afgAra	afgAra	samAsaH,8.2	samAsaH,8.2	1	01	003	mahABArawam	mOsalaparvaH	-
8.2	varRiNyaH	-	--	varRiNI{swrI;1;bahu}	varRiNI{swrI;1;bahu}	viXeya_viSeRaNam,6.1	viXeya_viSeRaNam,6.1#viSeRaNam,6.1#viSeRaNam,4.1#viSeRaNam,3.2#karwA,2.1	1	01	003	mahABArawam	mOsalaparvaH	-
9.1	prapewuH	-	prapewuH	pra_paw1{karwari;lit;pra;bahu;parasmEpaxI;BvAxiH}/pra_pew{puM;5;eka(pi1;wqc;wuxAxiH)}/pra_pew{puM;6;eka(pi1;wqc;wuxAxiH)}/pra_pew{napuM;5;eka(pi1;wqc;wuxAxiH)}/pra_pew{napuM;6;eka(pi1;wqc;wuxAxiH)}	pra_paw1{karwari;lit;pra;bahu;parasmEpaxI;BvAxiH}	aBihiwa_karwA,6.1	aBihiwa_karwA,6.1	1	01	003	mahABArawam	mOsalaparvaH	-
1.1	AxiwyaH	-	AxiwyaH	Axiwya{puM;1;eka}	Axiwya{puM;1;eka}	karma,9.1	karma,9.1	1	01	004	mahABArawam	mOsalaparvaH	-
10.1	.	-	.	-	-	-	-	1	01	004	mahABArawam	mOsalaparvaH	-
2.1	rajasA	-	rajasA	rajas{puM;3;eka}/rajas{napuM;3;eka}	rajas{puM;3;eka}	hewuH,9.1	karwA,9.1#hewuH,9.1#hewuH,6.1#hewuH,3.1	1	01	004	mahABArawam	mOsalaparvaH	-
3.1	rAjan	-	rAjan	rAjan{puM;8;eka}/rAjaw{puM;1;eka(rAj1;Sawq_lat;BvAxiH)}	rAjan{puM;8;eka}	samboXyaH,9.1	varwamAnasamAnakAlaH,9.1#karma,9.1#samboXyaH,9.1	1	01	004	mahABArawam	mOsalaparvaH	-
4.1	sam-	-	sam-avacCanna-maNdalaH	sam	sam	samAsaH,4.2	samAsaH,4.2	1	01	004	mahABArawam	mOsalaparvaH	-
4.2	avacCanna-	-	--	-avacCanna	-avacCanna	samAsaH,4.3	samAsaH,4.3	1	01	004	mahABArawam	mOsalaparvaH	-
4.3	maNdalaH	-	--	maNdala{puM;1;eka}	maNdala{puM;1;eka}	viXeya_viSeRaNam,1.1	viSeRaNam,5.2#viSeRaNam,3.1#viSeRaNam,1.1#karma,9.1#viXeya_viSeRaNam,1.1	1	01	004	mahABArawam	mOsalaparvaH	-
5.1	vi-	-	vi-raSmiH	vi	vi	samAsaH,5.2	samAsaH,5.2	1	01	004	mahABArawam	mOsalaparvaH	-
5.2	raSmiH	-	--	raSmi{puM;1;eka}	raSmi{puM;1;eka}	viXeya_viSeRaNam,1.1	viSeRaNam,4.3#viSeRaNam,3.1#viSeRaNam,1.1#karma,9.1#viXeya_viSeRaNam,1.1	1	01	004	mahABArawam	mOsalaparvaH	-
6.1	uxaye	-	uxaye	uxaya{puM;7;eka(uw_i1;GaF;axAxiH)}	uxaya{puM;7;eka(uw_i1;GaF;axAxiH)}	kAlAXikaraNam,9.1	aXikaraNam,9.1#aXikaraNam,3.1#kAlAXikaraNam,9.1	1	01	004	mahABArawam	mOsalaparvaH	-
7.1	niwyam	-	niwyam	niwya{puM;2;eka}/niwya{napuM;1;eka}/niwya{napuM;2;eka}/niwya{avya}	niwya{avya}	kriyAviSeRaNam,9.1	kriyAviSeRaNam,9.1#kriyAviSeRaNam,6.1#kriyAviSeRaNam,3.1#karma,9.1	1	01	004	mahABArawam	mOsalaparvaH	-
8.1	kabanXEH	-	kabanXEH	kabanXa{puM;3;bahu}	kabanXa{puM;3;bahu}	karwA,9.1	karwA,9.1#hewuH,9.1#hewuH,6.1#hewuH,3.1	1	01	004	mahABArawam	mOsalaparvaH	-
9.1	samaxqSyawa	-	samaxqSyawa	sam_xqS1{karmaNi;laf;pra;eka;AwmanepaxI;BvAxiH}	sam_xqS1{karmaNi;laf;pra;eka;AwmanepaxI;BvAxiH}	aBihiwa_karma,1.1;sakarmaka	-	1	01	004	mahABArawam	mOsalaparvaH	-
1.1	pari-	-	pari-veRAH	pari	pari	samAsaH,1.2	samAsaH,1.2	1	01	005	mahABArawam	mOsalaparvaH	-
1.2	veRAH	-	--	veRa{puM;1;bahu}/veRa{puM;8;bahu}/veRA{swrI;8;bahu}/veRA{swrI;1;bahu}/veRA{swrI;2;bahu}	veRa{puM;1;bahu}	karma,3.1	viSeRaNam,9.3#viSeRaNam,6.2#karma,3.1#viSeRaNam,4.1	1	01	005	mahABArawam	mOsalaparvaH	-
10.1	.	-	.	-	-	-	-	1	01	005	mahABArawam	mOsalaparvaH	-
2.1	ca	-	ca	ca{avya}	ca{avya}	sambanXaH,1.2	sambanXaH,1.2	1	01	005	mahABArawam	mOsalaparvaH	-
3.1	xqSyanwe	-	xqSyanwe	xqS1{karmaNi;lat;pra;bahu;AwmanepaxI;BvAxiH}	xqS1{karmaNi;lat;pra;bahu;AwmanepaxI;BvAxiH}	aBihiwa_karma,1.2;sakarmaka	-	1	01	005	mahABArawam	mOsalaparvaH	-
4.1	xAruNAH	-	xAruNAH	xAruNa{puM;1;bahu}/xAruNa{puM;8;bahu}	xAruNa{puM;1;bahu}	viXeya_viSeRaNam,1.2	viSeRaNam,9.3#viSeRaNam,6.2#viSeRaNam,1.2#karma,3.1#viXeya_viSeRaNam,1.2	1	01	005	mahABArawam	mOsalaparvaH	-
5.1	canxra-	-	canxra-sUryayoH	canxra	canxra	samAsaH,5.2	samAsaH,5.2	1	01	005	mahABArawam	mOsalaparvaH	-
5.2	sUryayoH	-	--	sUryA{swrI;6;xvi}/sUrya{puM;6;xvi}/sUryA{swrI;7;xvi}/sUrya{puM;7;xvi}/sUrya{napuM;6;xvi}/sUrya{napuM;7;xvi}	sUrya{puM;6;xvi}	RaRTIsambanXaH,1.2	aXikaraNam,3.1#RaRTIsambanXaH,9.3#RaRTIsambanXaH,6.2#RaRTIsambanXaH,1.2	1	01	005	mahABArawam	mOsalaparvaH	-
6.1	wri-	-	wri-varNAH	wri	wri	samAsaH,6.2	samAsaH,6.2	1	01	005	mahABArawam	mOsalaparvaH	-
6.2	varNAH	-	--	varNa{puM;1;bahu}/varNa{puM;8;bahu}/varNA{swrI;8;bahu}/varNA{swrI;1;bahu}/varNA{swrI;2;bahu}	varNa{puM;1;bahu}	viXeya_viSeRaNam,1.2	viXeya_viSeRaNam,1.2#viSeRaNam,9.3#viSeRaNam,1.2#karma,3.1#viSeRaNam,4.1	1	01	005	mahABArawam	mOsalaparvaH	-
7.1	SyAma-	-	SyAma-rUkRAnwAH	SyAma	SyAma	samAsaH,7.2	samAsaH,7.2	1	01	005	mahABArawam	mOsalaparvaH	-
7.2	rUkRAnwAH	-	--	-	-	viXeya_viSeRaNam,1.2	viXeya_viSeRaNam,1.2	1	01	005	mahABArawam	mOsalaparvaH	-
8.1	waWA	-	waWA	waWA{avya}	waWA{avya}	sambanXaH,7.2	kriyAviSeRaNam,3.1#sambanXaH,7.2	1	01	005	mahABArawam	mOsalaparvaH	-
9.1	Basma-	-	Basma-aruNa-praBAH	Basman	Basman	samAsaH,9.2	samAsaH,9.2	1	01	005	mahABArawam	mOsalaparvaH	-
9.2	aruNa-	-	--	aruNa	aruNa	samAsaH,9.3	samAsaH,9.3	1	01	005	mahABArawam	mOsalaparvaH	-
9.3	praBAH	-	--	praBA{swrI;1;bahu}/praBA{swrI;2;bahu}/praBA{swrI;8;bahu}/praBa{puM;8;bahu}/praBa{puM;1;bahu}	praBa{puM;1;bahu}	viXeya_viSeRaNam,1.2	viXeya_viSeRaNam,1.2#viSeRaNam,6.2#viSeRaNam,4.1#viSeRaNam,1.2#karma,3.1	1	01	005	mahABArawam	mOsalaparvaH	-
1.1	ewe	-	ewe	ewax{sarvanAma;puM;1;bahu}/ewax{sarvanAma;napuM;1;xvi}/ewax{sarvanAma;napuM;2;xvi}/ewax{sarvanAma;swrI;1;xvi}/ewax{sarvanAma;swrI;2;xvi}	ewax{sarvanAma;puM;1;bahu}	samucciwaH,6.1	viSeRaNam,3.1#sup_samucciwaH,3.1#karma,8.1#viSeRaNam,12.3#viSeRaNam,7.2#viSeRaNam,6.1#viSeRaNam,5.1#samucciwaH,6.1	1	01	006	mahABArawam	mOsalaparvaH	-
10.1	ahaH	-	ahaH	ahan{napuM;1;eka}/ahan{napuM;2;eka}/ahan{napuM;8;eka}	ahan{napuM;2;eka}	awyanwasaMyoga_sambanXaH,8.1	awyanwasaMyoga_sambanXaH,11.1#awyanwasaMyoga_sambanXaH,8.1#awyanwasaMyoga_sambanXaH,3.1	1	01	006	mahABArawam	mOsalaparvaH	-
11.1	rAjan	-	rAjan	rAjan{puM;8;eka}/rAjaw{puM;1;eka(rAj1;Sawq_lat;BvAxiH)}	rAjan{puM;8;eka}	samboXyaH,8.1	varwamAnasamAnakAlaH,3.1#samboXyaH,8.1#samboXyaH,3.1	1	01	006	mahABArawam	mOsalaparvaH	-
12.1	hqxaya-	-	hqxaya-uxvega-kArakAH	hqxaya	hqxaya	samAsaH,12.2	samAsaH,12.2	1	01	006	mahABArawam	mOsalaparvaH	-
12.2	uxvega-	-	--	uxvega	uxvega	samAsaH,12.3	samAsaH,12.3	1	01	006	mahABArawam	mOsalaparvaH	-
12.3	kArakAH	-	--	kAraka{puM;8;bahu}/kAraka{puM;1;bahu}/kArakA{swrI;8;bahu}/kArakA{swrI;1;bahu}/kArakA{swrI;2;bahu}	kAraka{puM;1;bahu}	viSeRaNam,6.1	viSeRaNam,5.1#karma,8.1#viSeRaNam,7.2#viSeRaNam,6.1#viSeRaNam,3.1#viSeRaNam,1.1	1	01	006	mahABArawam	mOsalaparvaH	-
13.1	.	-	.	-	-	-	-	1	01	006	mahABArawam	mOsalaparvaH	-
2.1	ca	-	ca	ca{avya}	ca{avya}	sambanXaH,1.1	sambanXaH,1.1	1	01	006	mahABArawam	mOsalaparvaH	-
3.1	anye	-	anye	an1{karmaNi;lat;u;eka;AwmanepaxI;axAxiH}/anya{sarvanAma;puM;1;bahu}/anya{sarvanAma;napuM;1;xvi}/anya{sarvanAma;napuM;2;xvi}/anyA{sarvanAma;swrI;1;xvi}/anyA{sarvanAma;swrI;2;xvi}	anya{sarvanAma;puM;1;bahu}	viSeRaNam,6.1	viSeRaNam,1.1#karma,8.1#viSeRaNam,12.3#viSeRaNam,7.2#viSeRaNam,6.1#viSeRaNam,5.1	1	01	006	mahABArawam	mOsalaparvaH	-
4.1	ca	-	ca	ca{avya}	ca{avya}	sambanXaH,3.1	sup_samuccaya_xyowakaH,3.1#sambanXaH,3.1	1	01	006	mahABArawam	mOsalaparvaH	-
5.1	bahavaH	-	bahavaH	bahu{puM;1;bahu}/bahu{swrI;1;bahu}/bahu{swrI;2;bahu}/bahu{puM;8;bahu}/bahu{swrI;8;bahu}	bahu{puM;1;bahu}	wIvrawAxarSI,6.1	viSeRaNam,12.3#wIvrawAxarSI,6.1#viSeRaNam,7.2#viSeRaNam,6.1#karma,8.1#viSeRaNam,3.1	1	01	006	mahABArawam	mOsalaparvaH	-
6.1	uwpAwAH	-	uwpAwAH	uwpAwa{puM;1;bahu}/uwpAwa{puM;8;bahu}	uwpAwa{puM;1;bahu}	karma,8.1	karma,8.1	1	01	006	mahABArawam	mOsalaparvaH	-
7.1	Baya-	-	Baya-SaMsinaH	Baya	Baya	samAsaH,7.2	samAsaH,7.2	1	01	006	mahABArawam	mOsalaparvaH	-
7.2	SaMsinaH	-	--	SaMsin{puM;1;bahu}/SaMsin{puM;2;bahu}/SaMsin{puM;5;eka}/SaMsin{puM;6;eka}/SaMsin{puM;8;bahu}	SaMsin{puM;1;bahu}	viSeRaNam,6.1	viSeRaNam,12.3#viSeRaNam,6.1#viSeRaNam,5.1#RaRTIsambanXaH,12.3#RaRTIsambanXaH,11.1#RaRTIsambanXaH,10.1#RaRTIsambanXaH,9.1#RaRTIsambanXaH,6.1#hewuH5,11.1#hewuH5,8.1#hewuH5,3.1#viSeRaNam,3.1#karma,8.1	1	01	006	mahABArawam	mOsalaparvaH	-
8.1	xqSyanwe	-	xqSyanwe	xqS1{karmaNi;lat;pra;bahu;AwmanepaxI;BvAxiH}	xqS1{karmaNi;lat;pra;bahu;AwmanepaxI;BvAxiH}	aBihiwa_karma,6.1;sakarmaka	-	1	01	006	mahABArawam	mOsalaparvaH	-
9.1	ahaH	-	ahaH	ahan{napuM;1;eka}/ahan{napuM;2;eka}/ahan{napuM;8;eka}	ahan{napuM;2;eka}	vIpsA,10.1	vIpsA,10.1#awyanwasaMyoga_sambanXaH,11.1#awyanwasaMyoga_sambanXaH,8.1#awyanwasaMyoga_sambanXaH,3.1	1	01	006	mahABArawam	mOsalaparvaH	-
1.1	kasyaciw	-	kasyaciw	kiFciw{sarvanAma;puM;6;eka}/kiFciw{sarvanAma;napuM;6;eka}	kiFciw{sarvanAma;puM;6;eka}	viSeRaNam,4.1	viSeRaNam,8.2#viSeRaNam,4.1#RaRTIsambanXaH,10.1#RaRTIsambanXaH,9.1#RaRTIsambanXaH,8.2#RaRTIsambanXaH,6.1#RaRTIsambanXaH,5.2#RaRTIsambanXaH,4.1	1	01	007	mahABArawam	mOsalaparvaH	-
10.1	kaxanam	-	kaxanam	kaxana{napuM;1;eka}/kaxana{napuM;2;eka}	kaxana{napuM;2;eka}	karma,11.1	karma,11.1#karma,7.1#karwA,7.1	1	01	007	mahABArawam	mOsalaparvaH	-
11.1	kqwam	-	kqwam	kqwa{puM;2;eka(kq2;kwa;svAxiH)}/kqwa{napuM;1;eka(kq2;kwa;svAxiH)}/kqwa{napuM;2;eka(kq2;kwa;svAxiH)}/kqwa{puM;2;eka(kq3;kwa;wanAxiH)}/kqwa{napuM;1;eka(kq3;kwa;wanAxiH)}/kqwa{napuM;2;eka(kq3;kwa;wanAxiH)}	kqwa{puM;2;eka(kq2;kwa;svAxiH)}	karma,7.1	viSeRaNam,10.1#karma,7.1#karwA,7.1	1	01	007	mahABArawam	mOsalaparvaH	-
12.1	(ananwaram)	-	ananwaram	ananwara{puM;2;eka}/ananwara{napuM;1;eka}/ananwara{napuM;2;eka}/ananwaram{avya}	ananwaram{avya}	kriyAviSeRaNam,7.1	kriyAviSeRaNam,7.1	1	01	007	mahABArawam	mOsalaparvaH	-
13.1	.	-	.	-	-	-	-	1	01	007	mahABArawam	mOsalaparvaH	-
2.1	wu	-	wu	wu{avya}	wu{avya}	sambanXaH,1.1	sambanXaH,1.1	1	01	007	mahABArawam	mOsalaparvaH	-
3.1	aWa	-	aWa	aWa{avya}	aWa{avya}	sambanXaH,7.1	sambanXaH,7.1	1	01	007	mahABArawam	mOsalaparvaH	-
4.1	kAlasya	-	kAlasya	kAla{puM;6;eka}/kAla{napuM;6;eka}	kAla{puM;6;eka}	RaRTIsambanXaH,12.1	RaRTIsambanXaH,12.1#RaRTIsambanXaH,10.1#RaRTIsambanXaH,9.1#RaRTIsambanXaH,8.2#RaRTIsambanXaH,6.1#RaRTIsambanXaH,5.2	1	01	007	mahABArawam	mOsalaparvaH	-
5.1	kuru-	-	kuru-rAjaH	kuru	kuru	samAsaH,5.2	samAsaH,5.2	1	01	007	mahABArawam	mOsalaparvaH	-
5.2	rAjaH	-	--	rAja{puM;1;eka}	rAja{puM;1;eka}	viSeRaNam,6.1	viSeRaNam,6.1#karwA,7.1	1	01	007	mahABArawam	mOsalaparvaH	-
6.1	yuXiRTiraH	-	yuXiRTiraH	yuXiRTira{puM;1;eka}	yuXiRTira{puM;1;eka}	karwA,7.1	karwA,7.1	1	01	007	mahABArawam	mOsalaparvaH	-
7.1	SuSrAva	-	SuSrAva	Sru1{karwari;lit;u;eka;parasmEpaxI;BvAxiH}/Sru1{karwari;lit;pra;eka;parasmEpaxI;BvAxiH}	Sru1{karwari;lit;pra;eka;parasmEpaxI;BvAxiH}	aBihiwa_karwA,6.1;sakarmaka	-	1	01	007	mahABArawam	mOsalaparvaH	-
8.1	vqRNi-	-	vqRNi-cakrasya	vqRNi	vqRNi	samAsaH,8.2	samAsaH,8.2	1	01	007	mahABArawam	mOsalaparvaH	-
8.2	cakrasya	-	--	cakra{puM;6;eka}/cakra{napuM;6;eka}	cakra{puM;6;eka}	RaRTIsambanXaH,10.1	viSeRaNam,4.1#viSeRaNam,1.1#RaRTIsambanXaH,10.1#RaRTIsambanXaH,9.1#RaRTIsambanXaH,6.1#RaRTIsambanXaH,5.2#RaRTIsambanXaH,4.1	1	01	007	mahABArawam	mOsalaparvaH	-
9.1	mOsale	-	mOsale	mOsala{puM;7;eka}/mOsala{napuM;7;eka}	mOsala{puM;7;eka}	aXikaraNam,11.1	aXikaraNam,11.1#aXikaraNam,7.1	1	01	007	mahABArawam	mOsalaparvaH	-
1.1	vi-	-	vi-mukwam	vi	vi	samAsaH,1.2	samAsaH,1.2	1	01	008	mahABArawam	mOsalaparvaH	-
1.2	mukwam	-	--	mukwa{puM;2;eka(muc2;kwa;wuxAxiH)}/mukwa{napuM;1;eka(muc2;kwa;wuxAxiH)}/mukwa{napuM;2;eka(muc2;kwa;wuxAxiH)}	mukwa{napuM;2;eka(muc2;kwa;wuxAxiH)}	viSeRaNam,5.1	sup_samucciwaH,5.1#sup_samucciwaH,2.1#karma,4.1#vAkyakarma,9.1#vAkyakarma,4.1#viSeRaNam,5.1#viSeRaNam,2.1	1	01	008	mahABArawam	mOsalaparvaH	-
10.1	BrAwQn	-	BrAwQn	BrAwq{puM;2;bahu}	BrAwq{puM;2;bahu}	gONakarma,9.1	muKyakarma,9.1#karma,12.1#karma,4.1#gONakarma,9.1	1	01	008	mahABArawam	mOsalaparvaH	-
11.1	kim	-	kim	kim{avya}/kim{sarvanAma;napuM;1;eka}/kim{sarvanAma;napuM;2;eka}	kim{sarvanAma;napuM;2;eka}	karma,12.1	viSeRaNam,1.2#muKyakarma,9.1#karma,12.1#karma,4.1#karwA,9.1#prayojanam1,12.1	1	01	008	mahABArawam	mOsalaparvaH	-
12.1	kariRyAmaH	-	kariRyAmaH	kq2{karwari;lqt;u;bahu;parasmEpaxI;svAxiH}/kq3{karwari;lqt;u;bahu;parasmEpaxI;wanAxiH}/kQ1{karwari;lqt;u;bahu;parasmEpaxI;wuxAxiH}	kq2{karwari;lqt;u;bahu;parasmEpaxI;svAxiH}	vAkyakarma,9.1	vAkyakarma,9.1#vAkyakarma,4.1	1	01	008	mahABArawam	mOsalaparvaH	-
13.1	iwi	-	iwi	iwi{avya}	iwi{avya}	vAkyakarma_xyowakaH,12.1	vAkyakarma_xyowakaH,12.1#vAkyakarma_xyowakaH,9.1	1	01	008	mahABArawam	mOsalaparvaH	-
14.1	uwa	-	uwa	uwa{avya}	uwa{avya}	sambanXaH,13.1	sambanXaH,13.1	1	01	008	mahABArawam	mOsalaparvaH	-
15.1	.	-	.	-	-	-	-	1	01	008	mahABArawam	mOsalaparvaH	-
2.1	vAsuxevam	-	vAsuxevam	vAsuxeva{puM;2;eka}	vAsuxeva{puM;2;eka}	samucciwaH,5.1	viSeRaNam,5.1#sup_samucciwaH,5.1#muKyakarma,9.1#karma,4.1#gONakarma,9.1	1	01	008	mahABArawam	mOsalaparvaH	-
3.1	ca	-	ca	ca{avya}	ca{avya}	samuccaya_xyowakaH,2.1	sup_samuccaya_xyowakaH,2.1#sambanXaH,2.1	1	01	008	mahABArawam	mOsalaparvaH	-
4.1	SruwvA	-	SruwvA	Sru1{avya;kwvA;BvAxiH}	Sru1{avya;kwvA;BvAxiH}	samucciwaH,8.1	pUrvakAlaH,12.1#pUrvakAlaH,9.1#samucciwaH,8.1	1	01	008	mahABArawam	mOsalaparvaH	-
5.1	rAmam	-	rAmam	rAma{puM;2;eka}	rAma{puM;2;eka}	karma,4.1	viSeRaNam,2.1#muKyakarma,9.1#karma,12.1#karma,4.1#gONakarma,9.1	1	01	008	mahABArawam	mOsalaparvaH	-
6.1	ca	-	ca	ca{avya}	ca{avya}	samuccaya_xyowakaH,5.1	sup_samuccaya_xyowakaH,5.1#sambanXaH,5.1	1	01	008	mahABArawam	mOsalaparvaH	-
7.1	pANdavaH	-	pANdavaH	pANdu{puM;1;bahu}/pANdu{swrI;1;bahu}/pANdava{puM;1;eka}/pANdu{puM;8;bahu}/pANdu{swrI;8;bahu}	pANdava{puM;1;eka}	karwA,9.1;karwA,8.1;karwA,4.1	karwA,9.1;karwA,8.1;karwA,4.1	1	01	008	mahABArawam	mOsalaparvaH	-
8.1	samAnIya	-	samAnIya	sam_Af_NI1{avya;lyap;BvAxiH}	sam_Af_NI1{avya;lyap;BvAxiH}	pUrvakAlaH,9.1	pUrvakAlaH,12.1#pUrvakAlaH,9.1	1	01	008	mahABArawam	mOsalaparvaH	-
9.1	abravIw	-	abravIw	brU1{karwari;laf;pra;eka;parasmEpaxI;axAxiH}	brU1{karwari;laf;pra;eka;parasmEpaxI;axAxiH}	aBihiwa_karwA,7.1;sakarmaka	vAkyakarma,4.1	1	01	008	mahABArawam	mOsalaparvaH	-
1.1	parasparam	-	parasparam	paraspara{puM;2;eka}/paraspara{napuM;1;eka}/paraspara{napuM;2;eka}/parasparam{avya}	parasparam{avya}	kriyAviSeRaNam,2.1	kriyAviSeRaNam,10.1#kriyAviSeRaNam,7.1#kriyAviSeRaNam,3.4#kriyAviSeRaNam,2.1#karma,7.1#karma,2.1	1	01	009	mahABArawam	mOsalaparvaH	-
10.1	aBavan	-	aBavan	BU1{karwari;laf;pra;bahu;parasmEpaxI;BvAxiH}	BU1{karwari;laf;pra;bahu;parasmEpaxI;BvAxiH}	aBihiwa_karwA,6.1;sakarmaka	aBihiwa_karwA,6.1;sakarmaka	1	01	009	mahABArawam	mOsalaparvaH	-
11.1	.	-	.	-	-	-	-	1	01	009	mahABArawam	mOsalaparvaH	-
2.1	samAsAxya	-	samAsAxya	sam_Af_Rax1{avya;Nic;lyap;BvAxiH}	sam_Af_Rax1{avya;Nic;lyap;BvAxiH}	pUrvakAlaH,5.1	pUrvakAlaH,5.1	1	01	009	mahABArawam	mOsalaparvaH	-
3.1	brahma-	-	brahma-xaNda-balAw-kqwAn	brahma}/brahman	brahma	samAsaH,3.2	samAsaH,3.2	1	01	009	mahABArawam	mOsalaparvaH	-
3.2	xaNda-	-	--	xaNda	xaNda	samAsaH,3.3	samAsaH,3.3	1	01	009	mahABArawam	mOsalaparvaH	-
3.3	balAw-	-	--	-balAw	-balAw	samAsaH,3.4	samAsaH,3.4	1	01	009	mahABArawam	mOsalaparvaH	-
3.4	kqwAn	-	--	kqwa{puM;2;bahu(kq2;kwa;svAxiH)}/kqwa{puM;2;bahu(kq3;kwa;wanAxiH)}	kqwa{puM;2;bahu(kq2;kwa;svAxiH)}	viSeRaNam,4.1	viSeRaNam,5.1#viSeRaNam,4.1#karma,7.1#karma,2.1	1	01	009	mahABArawam	mOsalaparvaH	-
4.1	vqRNIn	-	vqRNIn	vqRNi{puM;2;bahu}	vqRNi{puM;2;bahu}	karma,2.1	karma,7.1#karma,2.1	1	01	009	mahABArawam	mOsalaparvaH	-
5.1	vinaRtAn	-	vinaRtAn	vinaRta{puM;2;bahu}	vinaRta{puM;2;bahu}	karma,7.1	karma,7.1#karma,2.1	1	01	009	mahABArawam	mOsalaparvaH	-
6.1	we	-	we	wax{sarvanAma;puM;1;bahu}/wax{sarvanAma;napuM;1;xvi}/wax{sarvanAma;napuM;2;xvi}/wax{sarvanAma;swrI;1;xvi}/wax{sarvanAma;swrI;2;xvi}/yuRmax{sarvanAma;6;eka}/yuRmax{sarvanAma;4;eka}	wax{sarvanAma;puM;1;bahu}	karwA,10.1	prayojanam1,10.1#prayojanam1,7.1#prayojanam1,3.4#prayojanam1,2.1#RaRTIsambanXaH,9.1#RaRTIsambanXaH,8.1#RaRTIsambanXaH,5.1#RaRTIsambanXaH,4.1#RaRTIsambanXaH,1.1#karma,7.1#karma,2.1#karwA_be_verbs,10.1	1	01	009	mahABArawam	mOsalaparvaH	-
7.1	SruwvA	-	SruwvA	Sru1{avya;kwvA;BvAxiH}	Sru1{avya;kwvA;BvAxiH}	pUrvakAlaH,10.1	pUrvakAlaH,10.1	1	01	009	mahABArawam	mOsalaparvaH	-
8.1	vyuwWiwAH	-	vyuwWiwAH	vyuwWiwA{swrI;1;bahu}/vyuwWiwA{swrI;2;bahu}	vyuwWiwA{swrI;1;bahu}	viXeya_viSeRaNam,6.1	karma,7.1#karma,2.1#viXeya_viSeRaNam,6.1#karwA_be_verbs,10.1	1	01	009	mahABArawam	mOsalaparvaH	-
9.1	pANdava	-	pANdava	pANdava{puM;8;eka}/pANdava{napuM;8;eka}	pANdava{puM;8;eka}	samboXyaH,10.1	samboXyaH,10.1	1	01	009	mahABArawam	mOsalaparvaH	-
1.1	parasparam	-	parasparam	paraspara{puM;2;eka}/paraspara{napuM;1;eka}/paraspara{napuM;2;eka}/parasparam{avya}	parasparam{avya}	kriyAviSeRaNam,2.1	kriyAviSeRaNam,10.1#kriyAviSeRaNam,7.1#kriyAviSeRaNam,3.4#kriyAviSeRaNam,2.1#karma,7.1#karma,2.1	2	01	009	mahABArawam	mOsalaparvaH	-
10.1	aBavan	-	aBavan	BU1{karwari;laf;pra;bahu;parasmEpaxI;BvAxiH}	BU1{karwari;laf;pra;bahu;parasmEpaxI;BvAxiH}	aBihiwa_karwA,6.1;sakarmaka	aBihiwa_karwA,6.1;sakarmaka	2	01	009	mahABArawam	mOsalaparvaH	-
11.1	.	-	.	-	-	-	-	2	01	009	mahABArawam	mOsalaparvaH	-
2.1	samAsAxya	-	samAsAxya	sam_Af_Rax1{avya;Nic;lyap;BvAxiH}	sam_Af_Rax1{avya;Nic;lyap;BvAxiH}	pUrvakAlaH,5.1	pUrvakAlaH,5.1	2	01	009	mahABArawam	mOsalaparvaH	-
3.1	brahma-	-	brahma-xaNda-balAw-kqwAn	brahma}/brahman	brahma	samAsaH,3.2	samAsaH,3.2	2	01	009	mahABArawam	mOsalaparvaH	-
3.2	xaNda-	-	--	xaNda	xaNda	samAsaH,3.3	samAsaH,3.3	2	01	009	mahABArawam	mOsalaparvaH	-
3.3	balAw-	-	--	-balAw	-balAw	samAsaH,3.4	samAsaH,3.4	2	01	009	mahABArawam	mOsalaparvaH	-
3.4	kqwAn	-	--	kqwa{puM;2;bahu(kq2;kwa;svAxiH)}/kqwa{puM;2;bahu(kq3;kwa;wanAxiH)}	kqwa{puM;2;bahu(kq2;kwa;svAxiH)}	viSeRaNam,4.1	viSeRaNam,5.1#viSeRaNam,4.1#karma,7.1#karma,2.1	2	01	009	mahABArawam	mOsalaparvaH	-
4.1	vqRNIn	-	vqRNIn	vqRNi{puM;2;bahu}	vqRNi{puM;2;bahu}	karma,2.1	karma,7.1#karma,2.1	2	01	009	mahABArawam	mOsalaparvaH	-
5.1	vinaRtAn	-	vinaRtAn	vinaRta{puM;2;bahu}	vinaRta{puM;2;bahu}	karma,7.1	karma,7.1#karma,2.1	2	01	009	mahABArawam	mOsalaparvaH	-
6.1	we	-	we	wax{sarvanAma;puM;1;bahu}/wax{sarvanAma;napuM;1;xvi}/wax{sarvanAma;napuM;2;xvi}/wax{sarvanAma;swrI;1;xvi}/wax{sarvanAma;swrI;2;xvi}/yuRmax{sarvanAma;6;eka}/yuRmax{sarvanAma;4;eka}	wax{sarvanAma;puM;1;bahu}	karwA,10.1	prayojanam1,10.1#prayojanam1,7.1#prayojanam1,3.4#prayojanam1,2.1#RaRTIsambanXaH,9.1#RaRTIsambanXaH,8.1#RaRTIsambanXaH,5.1#RaRTIsambanXaH,4.1#RaRTIsambanXaH,1.1#karma,7.1#karma,2.1#karwA_be_verbs,10.1	2	01	009	mahABArawam	mOsalaparvaH	-
7.1	SruwvA	-	SruwvA	Sru1{avya;kwvA;BvAxiH}	Sru1{avya;kwvA;BvAxiH}	pUrvakAlaH,10.1	pUrvakAlaH,10.1	2	01	009	mahABArawam	mOsalaparvaH	-
8.1	vyuwWiwAH	-	vyuwWiwAH	vyuwWiwA{swrI;1;bahu}/vyuwWiwA{swrI;2;bahu}	vyuwWiwA{swrI;1;bahu}	viXeya_viSeRaNam,6.1	karma,7.1#karma,2.1#viXeya_viSeRaNam,6.1#karwA_be_verbs,10.1	2	01	009	mahABArawam	mOsalaparvaH	-
9.1	pANdava	-	pANdava	pANdava{puM;8;eka}/pANdava{napuM;8;eka}	pANdava{puM;8;eka}	samboXyaH,10.1	samboXyaH,10.1	2	01	009	mahABArawam	mOsalaparvaH	-
1.1	niXanam	-	niXanam	niXana{puM;2;eka}/niXana{napuM;1;eka}/niXana{napuM;2;eka}	niXana{napuM;1;eka}	karwA,12.1	karma,5.1#karwA,12.1	1	01	010	mahABArawam	mOsalaparvaH	-
10.1	vinASam	-	vinASam	vinASa{puM;2;eka}	vinASa{puM;2;eka}	karma,8.1	karma,8.1#viSeRaNam,1.1#karma,5.1	1	01	010	mahABArawam	mOsalaparvaH	-
11.1	SArfgaXanvanaH	-	SArfgaXanvanaH	SArfgaXanvan{puM;2;bahu}/SArfgaXanvan{puM;5;eka}/SArfgaXanvan{puM;6;eka}	SArfgaXanvan{puM;6;eka}	RaRTIsambanXaH,10.1	viSeRaNam,2.1#RaRTIsambanXaH,10.1#RaRTIsambanXaH,6.1#RaRTIsambanXaH,5.1#RaRTIsambanXaH,3.1#RaRTIsambanXaH,2.1#hewuH5,5.1#karma,5.1	1	01	010	mahABArawam	mOsalaparvaH	-
12.1	(AsIw)	-	AsIw	as2{karwari;laf;pra;eka;parasmEpaxI;axAxiH}	as2{karwari;laf;pra;eka;parasmEpaxI;axAxiH}	-	samucciwaH,4.1	1	01	010	mahABArawam	mOsalaparvaH	-
13.1	.	-	.	-	-	-	-	1	01	010	mahABArawam	mOsalaparvaH	-
2.1	vAsuxevasya	-	vAsuxevasya	vAsuxeva{puM;6;eka}	vAsuxeva{puM;6;eka}	RaRTIsambanXaH,1.1	karwA,5.1#karma,5.1#RaRTIsambanXaH,11.1#RaRTIsambanXaH,10.1#RaRTIsambanXaH,6.1#RaRTIsambanXaH,5.1#RaRTIsambanXaH,3.1	1	01	010	mahABArawam	mOsalaparvaH	-
3.1	samuxrasya	-	samuxrasya	samuxra{puM;6;eka}/samuxra{napuM;6;eka}	samuxra{puM;6;eka}	RaRTIsambanXaH,5.1	upamAnam,2.1#karwA,5.1#karma,5.1#RaRTIsambanXaH,11.1#RaRTIsambanXaH,10.1#RaRTIsambanXaH,6.1#RaRTIsambanXaH,5.1#RaRTIsambanXaH,2.1#viSeRaNam,2.1	1	01	010	mahABArawam	mOsalaparvaH	-
4.1	iva	-	iva	iva{avya}	iva{avya}	upamAna_xyowakaH,5.1	upamAna_xyowakaH,5.1#upamAnam_rahiwa_upamAna_xyowakaH,5.1#upamAna_xyowakaH,3.1	1	01	010	mahABArawam	mOsalaparvaH	-
5.1	SoRaNam	-	SoRaNam	SoRaNa{napuM;1;eka}/SoRaNa{napuM;2;eka}/SoRaNa{napuM;1;eka(SuR1;lyut;xivAxiH)}/SoRaNa{napuM;2;eka(SuR1;lyut;xivAxiH)}	SoRaNa{napuM;1;eka(SuR1;lyut;xivAxiH)}	upamAnam,1.1	upamAnam,1.1	1	01	010	mahABArawam	mOsalaparvaH	-
6.1	vIrAH	-	vIrAH	vIra{puM;1;bahu}/vIrA{swrI;1;bahu}/vIrA{swrI;2;bahu}/vIra{puM;8;bahu}/vIrA{swrI;8;bahu}	vIra{puM;1;bahu}	karwA,8.1	karwA,8.1#upamAnam,1.1#karma,5.1	1	01	010	mahABArawam	mOsalaparvaH	-
7.1	na	-	na	na{avya}	na{avya}	prawiReXaH,8.1	prawiReXaH,8.1	1	01	010	mahABArawam	mOsalaparvaH	-
8.1	SraxxaXuH	-	SraxxaXuH	Srax_XA1{karwari;lit;pra;bahu;parasmEpaxI;juhowyAxiH}	Srax_XA1{karwari;lit;pra;bahu;parasmEpaxI;juhowyAxiH}	aBihiwa_karwA,6.1	-	1	01	010	mahABArawam	mOsalaparvaH	-
9.1	wasya	-	wasya	wax{sarvanAma;napuM;6;eka}/wax{sarvanAma;puM;6;eka}	wax{sarvanAma;puM;6;eka}	viSeRaNam,11.1	viSeRaNam,11.1#viSeRaNam,3.1#viSeRaNam,2.1#RaRTIsambanXaH,11.1#RaRTIsambanXaH,10.1#RaRTIsambanXaH,6.1#RaRTIsambanXaH,5.1#RaRTIsambanXaH,3.1#RaRTIsambanXaH,2.1	1	01	010	mahABArawam	mOsalaparvaH	-
1.1	mOsalam	-	mOsalam	mOsala{puM;2;eka}/mOsala{napuM;1;eka}/mOsala{napuM;2;eka}	mOsala{puM;2;eka}	karma,3.1	karma,6.1#karma,3.1	1	01	011	mahABArawam	mOsalaparvaH	-
2.1	we	-	we	wax{sarvanAma;puM;1;bahu}/wax{sarvanAma;napuM;1;xvi}/wax{sarvanAma;napuM;2;xvi}/wax{sarvanAma;swrI;1;xvi}/wax{sarvanAma;swrI;2;xvi}/yuRmax{sarvanAma;6;eka}/yuRmax{sarvanAma;4;eka}	wax{sarvanAma;puM;1;bahu}	viSeRaNam,7.1	prayojanam1,6.1#prayojanam1,5.1#prayojanam1,4.3#RaRTIsambanXaH,7.1#RaRTIsambanXaH,6.2#RaRTIsambanXaH,5.1#RaRTIsambanXaH,4.3#RaRTIsambanXaH,1.1#karma,6.1#viSeRaNam,7.1#viSeRaNam,6.2#viSeRaNam,5.1#viSeRaNam,4.3	1	01	011	mahABArawam	mOsalaparvaH	-
3.1	pariSruwya	-	pariSruwya	pari_Sru{avya;lyap;BvAxiH}	pari_Sru{avya;lyap;BvAxiH}	pUrvakAlaH,8.1	pUrvakAlaH,8.1	1	01	011	mahABArawam	mOsalaparvaH	-
4.1	xuHKa-	-	xuHKa-Soka-samanviwAH	xuHKa	xuHKa	samAsaH,4.2	samAsaH,4.2	1	01	011	mahABArawam	mOsalaparvaH	-
4.2	Soka-	-	--	Soka	Soka	samAsaH,4.3	samAsaH,4.3	1	01	011	mahABArawam	mOsalaparvaH	-
4.3	samanviwAH	-	--	samanviwa{puM;1;bahu(sam_anu_i1;kwa;axAxiH)}/samanviwA{swrI;1;bahu(sam_anu_i1;kwa;axAxiH)}/samanviwA{swrI;2;bahu(sam_anu_i1;kwa;axAxiH)}/samanviwa{puM;8;bahu}/samanviwA{swrI;8;bahu}	samanviwa{puM;1;bahu}	viSeRaNam,7.1	viSeRaNam,7.1#viSeRaNam,6.2#viSeRaNam,7.1#viSeRaNam,5.1#karma,6.1	1	01	011	mahABArawam	mOsalaparvaH	-
5.1	viRaNNAH	-	viRaNNAH	viRaNNa{puM;8;bahu}/viRaNNa{puM;1;bahu(vi_Rax1;kwa;BvAxiH)}/viRaNNA{swrI;1;bahu(vi_Rax1;kwa;BvAxiH)}/viRaNNA{swrI;2;bahu(vi_Rax1;kwa;BvAxiH)}	viRaNNa{puM;1;bahu}	viSeRaNam,7.1	karma,6.1#viSeRaNam,7.1	1	01	011	mahABArawam	mOsalaparvaH	-
6.1	hawa-	-	hawa-safkalpAH	hawa(han1;kwa;axAxiH)	hawa(han1;kwa;axAxiH)	samAsaH,6.2	samAsaH,6.2	1	01	011	mahABArawam	mOsalaparvaH	-
6.2	safkalpAH	-	--	safkalpa{puM;1;bahu}/safkalpa{puM;8;bahu}/safkalpA{swrI;8;bahu}/safkalpA{swrI;1;bahu}/safkalpA{swrI;2;bahu}	safkalpa{puM;1;bahu}	viSeRaNam,7.1	viSeRaNam,5.1#viSeRaNam,4.3#viSeRaNam,7.1#viSeRaNam,2.1	1	01	011	mahABArawam	mOsalaparvaH	-
7.1	pANdavAH	-	pANdavAH	pANdava{puM;1;bahu}/pANdava{puM;8;bahu}	pANdava{puM;1;bahu}	karwA,8.1	karwA,8.1	1	01	011	mahABArawam	mOsalaparvaH	-
8.1	samupAviSan	-	samupAviSan	sam_upa_viS1{karwari;laf;pra;bahu;parasmEpaxI;wuxAxiH}/sam_upa_Af_viS1{karwari{laf;pra;bahu;parasmEpaxI;wuxAxiH}	sam_upa_viS1{karwari;laf;pra;bahu;parasmEpaxI;wuxAxiH}	aBihiwa_karwA,7.1	aBihiwa_karwA,7.1	1	01	011	mahABArawam	mOsalaparvaH	-
9.1	.	-	.	-	-	-	-	1	01	011	mahABArawam	mOsalaparvaH	-
1.1	kaWam	-	kaWam	kaWam{avya}	kaWam{avya}	kriyAviSeRaNam,12.1	kriyAviSeRaNam,7.1#kriyAviSeRaNam,12.1	1	02	001	mahABArawam	mOsalaparvaH	-
10.1	cEva	-	cEva	cEva{avya}	cEva{avya}	samuccaya_xyowakaH,9.1	sup_samuccaya_xyowakaH,9.1#sambanXaH,9.1	1	02	001	mahABArawam	mOsalaparvaH	-
11.1	mahaw-	-	mahaw-raWAH	mahaw	mahaw	samAsaH,11.2	samAsaH,11.2	1	02	001	mahABArawam	mOsalaparvaH	-
11.2	raWAH	-	--	raWa{puM;1;bahu}/raWa{puM;8;bahu}/raWA{swrI;8;bahu}/raWA{swrI;1;bahu}/raWA{swrI;2;bahu}	raWa{puM;1;bahu}	viSeRaNam,9.1	viSeRaNam,2.1#karma,7.1#sup_samucciwaH,9.1#viSeRaNam,9.1#viSeRaNam,7.1#viSeRaNam,4.1	1	02	001	mahABArawam	mOsalaparvaH	-
12.1	(baBUvuH)	-	baBUvuH	BU1{karwari;lit;pra;bahu;parasmEpaxI;BvAxiH}	BU1{karwari;lit;pra;bahu;parasmEpaxI;BvAxiH}	aBihiwa_karwA,9.1,akarmaka	-	1	02	001	mahABArawam	mOsalaparvaH	-
13.1	.	-	.	-	-	-	-	1	02	001	mahABArawam	mOsalaparvaH	-
2.1	vinaRtAH	-	vinaRtAH	vinaRta{puM;1;bahu}/vinaRtA{swrI;1;bahu}/vinaRtA{swrI;2;bahu}/vinaRta{puM;8;bahu}	vinaRta{puM;1;bahu}	viXeya_viSeRaNam,9.1	karma,7.1#sup_samucciwaH,9.1#viXeya_viSeRaNam,9.1	1	02	001	mahABArawam	mOsalaparvaH	-
3.1	Bagavan	-	Bagavan	Baga{mawup;puM;8;eka}	Baga{mawup;puM;8;eka}	samboXyaH,12.1	samboXyaH,12.1	1	02	001	mahABArawam	mOsalaparvaH	-
4.1	anXakAH	-	anXakAH	anXaka{puM;8;bahu}/anXaka{puM;1;bahu}	anXaka{puM;1;bahu}	samucciwaH,9.1	samucciwaH,9.1	1	02	001	mahABArawam	mOsalaparvaH	-
5.1	vqRNiBiH	-	vqRNiBiH	vqRNi{puM;3;bahu}	vqRNi{puM;3;bahu}	sahArWaH,4.1	sahArWaH,4.1#sahArWaH,9.1#sahArWaH,7.1#karaNam,7.1#hewuH,9.1#hewuH,7.1	1	02	001	mahABArawam	mOsalaparvaH	-
6.1	saha	-	saha	saha{avya}	saha{avya}	sahArWa_xyowakaH,5.1	sahArWa_xyowakaH,5.1#kriyAviSeRaNam,7.1	1	02	001	mahABArawam	mOsalaparvaH	-
7.1	paSyawaH	-	paSyawaH	xqS1{karwari;lat;pra;xvi;parasmEpaxI;BvAxiH}/paSyaw{puM;8;bahu}/paSyaw{puM;2;bahu(xqS1;Sawq_lat;BvAxiH)}/paSyaw{puM;5;eka(xqS1;Sawq_lat;BvAxiH)}/paSyaw{puM;6;eka(xqS1;Sawq_lat;BvAxiH)}/paSyaw{napuM;5;eka(xqS1;Sawq_lat;BvAxiH)}/paSyaw{napuM;6;eka(xqS1;Sawq_lat;BvAxiH)}	paSyaw{puM;6;eka(xqS1;Sawq_lat;BvAxiH)}	viSeRaNam,8.1	viSeRaNam,8.1#karwA,9.1#karma,9.1#RaRTIsambanXaH,11.2#RaRTIsambanXaH,9.1#RaRTIsambanXaH,8.1#RaRTIsambanXaH,5.1#RaRTIsambanXaH,4.1#RaRTIsambanXaH,3.1#RaRTIsambanXaH,2.1#hewuH5,9.1#apAxAnam,9.1#viSeRaNam,8.1	1	02	001	mahABArawam	mOsalaparvaH	-
8.1	vAsuxevasya	-	vAsuxevasya	vAsuxeva{puM;6;eka}	vAsuxeva{puM;6;eka}	RaRTIsambanXaH,9.1	RaRTIsambanXaH,9.1#karwA,9.1#karma,9.1#RaRTIsambanXaH,11.2#RaRTIsambanXaH,9.1#RaRTIsambanXaH,7.1#RaRTIsambanXaH,5.1#RaRTIsambanXaH,4.1#RaRTIsambanXaH,3.1#RaRTIsambanXaH,2.1	1	02	001	mahABArawam	mOsalaparvaH	-
9.1	BojAH	-	BojAH	Boja{puM;8;bahu}/Boja{puM;1;bahu}/Boja{puM;1;bahu(Buj1;GaF;wuxAxiH)}/Boja{puM;1;bahu(Buj2;GaF;ruXAxiH)}	Boja{puM;1;bahu}	karwA,12.1	karwA,12.1#viSeRaNam,11.2#viSeRaNam,2.1	1	02	001	mahABArawam	mOsalaparvaH	-
1.1	Rat-	-	Rat-wriMSe	RaR	RaR	samAsaH,1.2	samAsaH,1.2	1	02	002	mahABArawam	mOsalaparvaH	-
1.2	wriMSe	-	--	wriMSa{napuM;1;xvi}/wriMSa{napuM;2;xvi}/wriMSa{napuM;8;xvi}/wriMSA{swrI;1;xvi}/wriMSA{swrI;2;xvi}/wriMSA{swrI;1;xvi}/wriMSA{swrI;2;xvi}/wriMSA{swrI;8;eka}/wriMSA{swrI;8;xvi}/wriMSa{puM;7;eka}/wriMSa{napuM;7;eka}/wriMSa{puM;7;eka}/wriMSa{napuM;8;xvi}/wriMSa{napuM;1;xvi}/wriMSa{napuM;2;xvi}/wriMSa{napuM;7;eka}/wriMSA{swrI;8;eka}/wriMSA{swrI;8;xvi}	wriMSa{napuM;7;eka}	viSeRaNam,4.1	viSeRaNam,4.1#viSeRaNam,4.1#aXikaraNam,13.2#aXikaraNam,12.1#aXikaraNam,6.1#viSeRaNam,10.1#muKyakarma,6.1#gONakarma,6.1	1	02	002	mahABArawam	mOsalaparvaH	-
10.1	we	-	we	wax{sarvanAma;puM;1;bahu}/wax{sarvanAma;napuM;1;xvi}/wax{sarvanAma;napuM;2;xvi}/wax{sarvanAma;swrI;1;xvi}/wax{sarvanAma;swrI;2;xvi}/yuRmax{sarvanAma;6;eka}/yuRmax{sarvanAma;4;eka}	wax{sarvanAma;puM;1;bahu}	karwA,12.1	prayojanam1,13.2#prayojanam1,12.1#prayojanam1,6.1#RaRTIsambanXaH,13.2#RaRTIsambanXaH,9.1#RaRTIsambanXaH,5.1#RaRTIsambanXaH,4.1#viSeRaNam,1.2#muKyakarma,6.1#karma,12.1#gONakarma,6.1#viSeRaNam,13.2#karwA,12.1	1	02	002	mahABArawam	mOsalaparvaH	-
11.1	wu	-	wu	wu{avya}	wu{avya}	sambanXaH,10.1	sambanXaH,10.1	1	02	002	mahABArawam	mOsalaparvaH	-
12.1	nijaGnuH	-	nijaGnuH	ni_han1{karwari;lit;pra;bahu;parasmEpaxI;axAxiH}	ni_han1{karwari;lit;pra;bahu;parasmEpaxI;axAxiH}	aBihiwa_karwA,10.1;sakarmaka	-	1	02	002	mahABArawam	mOsalaparvaH	-
13.1	kAla-	-	kAla-coxiwAH	kAla	kAla	samAsaH,13.2	samAsaH,13.2	1	02	002	mahABArawam	mOsalaparvaH	-
13.2	coxiwAH	-	--	coxiwa{puM;1;bahu(cux1;kwa;curAxiH)}/coxiwA{swrI;1;bahu(cux1;kwa;curAxiH)}/coxiwA{swrI;2;bahu(cux1;kwa;curAxiH)}/coxiwa{puM;8;bahu}/coxiwA{swrI;8;bahu}	coxiwa{puM;1;bahu(cux1;kwa;curAxiH)}	viSeRaNam,10.1	muKyakarma,6.1#karma,12.1#gONakarma,6.1#karwA,12.1#viSeRaNam,10.1	1	02	002	mahABArawam	mOsalaparvaH	-
14.1	(AsIw)	-	AsIw	as2{karwari;laf;pra;eka;parasmEpaxI;axAxiH}	as2{karwari;laf;pra;eka;parasmEpaxI;axAxiH}	aBihiwa_karwA,6.1,akarmaka	samucciwaH,4.1	1	02	002	mahABArawam	mOsalaparvaH	-
15.1	.	-	.	-	-	-	-	1	02	002	mahABArawam	mOsalaparvaH	-
2.1	aWa	-	aWa	aWa{avya}	aWa{avya}	sambanXaH,14.1	sambanXaH,14.1#sambanXaH,12.1#sambanXaH,6.1	1	02	002	mahABArawam	mOsalaparvaH	-
3.1	wawaH	-	wawaH	wawaH{avya}	wawaH{avya}	sambanXaH,14.1	sambanXaH,14.1#sambanXaH,13.2#sambanXaH,12.1#sambanXaH,6.1#kArya_xyowakaH,12.1#kArya_xyowakaH,6.1	1	02	002	mahABArawam	mOsalaparvaH	-
4.1	varRe	-	varRe	varRA{swrI;8;eka}/varRa{puM;7;eka}/varRa{napuM;7;eka}	varRa{napuM;7;eka}	kAlAXikaraNam,14.1	kAlAXikaraNam,14.1#kAlAXikaraNam,13.2#kAlAXikaraNam,12.1#kAlAXikaraNam,6.1	1	02	002	mahABArawam	mOsalaparvaH	-
5.1	vqRNInAm	-	vqRNInAm	vqRNi{puM;6;bahu}	vqRNi{puM;6;bahu}	RaRTIsambanXaH,6.1	RaRTIsambanXaH,6.1#RaRTIsambanXaH,13.2#RaRTIsambanXaH,9.1#RaRTIsambanXaH,4.1	1	02	002	mahABArawam	mOsalaparvaH	-
6.1	anayaH	-	anayaH	NI1{karwari;laf;ma;eka;parasmEpaxI;BvAxiH}/anaya{puM;1;eka}	anaya{puM;1;eka}	karwA,14.1	karwA,14.1	1	02	002	mahABArawam	mOsalaparvaH	-
7.1	mahAn	-	mahAn	mahaw{puM;1;eka}	mahaw{puM;1;eka}	viSeRaNam,6.1	viSeRaNam,6.1	1	02	002	mahABArawam	mOsalaparvaH	-
8.1	anya-	-	anyonyam	anya	anya	samAsaH,8.2	samAsaH,8.2	1	02	002	mahABArawam	mOsalaparvaH	-
8.2	anyam	-	--	anya{sarvanAma;puM;2;eka}/anya{puM;2;eka}	anya{sarvanAma;puM;2;eka}	karma,12.1	muKyakarma,6.1#karma,12.1#gONakarma,6.1	1	02	002	mahABArawam	mOsalaparvaH	-
9.1	musalEH	-	musalEH	musala{puM;3;bahu}	musala{puM;3;bahu}	karaNam,12.1	karwA,13.2#karaNam,12.1#karaNam,6.1#hewuH,13.2#hewuH,12.1#hewuH,6.1	1	02	002	mahABArawam	mOsalaparvaH	-
1.1	kena	-	kenAnuSapwAH	kim{sarvanAma;puM;3;eka}/kim{sarvanAma;napuM;3;eka}	kim{sarvanAma;puM;3;eka}	karwA,2.1	karwA,2.1#viSeRaNam,12.1#karaNam,7.1#hewuH,8.1#hewuH,7.1	1	02	003	mahABArawam	mOsalaparvaH	-
10.1	xvija-	-	xvija-varya	xvija	xvija	samAsaH,10.2	samAsaH,10.2	1	02	003	mahABArawam	mOsalaparvaH	-
10.2	varya	-	--	varya{puM;8;eka}/varya{napuM;8;eka}	varya{puM;8;eka}	samboXyaH,13.1	samboXyaH,13.1	1	02	003	mahABArawam	mOsalaparvaH	-
11.1	wvam	-	wvam	yuRmax{sarvanAma;1;eka}	yuRmax{sarvanAma;1;eka}	karwA,13.1	sup_samucciwaH,8.1#karwA,13.1	1	02	003	mahABArawam	mOsalaparvaH	-
12.1	viswareNa	-	viswareNa	viswara{puM;3;eka}/viswara{napuM;3;eka}	viswara{puM;3;eka}	kriyAviSeRaNam,13.1	kriyAviSeRaNam,13.1#viSeRaNam,1.1#kriyAviSeRaNam,8.1#kriyAviSeRaNam,7.1#hewuH,8.1#hewuH,7.1	1	02	003	mahABArawam	mOsalaparvaH	-
13.1	vaxasva	-	vaxasva	vaxa{karwari;lot;ma;eka;AwmanepaxI;BvAxiH}	vaxa{karwari;lot;ma;eka;AwmanepaxI;BvAxiH}	aBihiwa_karwA,11.1;sakarmaka	aBihiwa_karwA,11.1;sakarmaka	1	02	003	mahABArawam	mOsalaparvaH	-
14.1	me	-	me	asmax{sarvanAma;6;eka}/asmax{sarvanAma;4;eka}	asmax{sarvanAma;4;eka}	sampraxAnam,13.1	sampraxAnam,13.1#viSeRaNam,3.1#prayojanam1,8.1#prayojanam1,7.1#karma,8.1#RaRTIsambanXaH,12.1#RaRTIsambanXaH,10.2#RaRTIsambanXaH,8.1#RaRTIsambanXaH,6.2#RaRTIsambanXaH,5.1#RaRTIsambanXaH,4.1	1	02	003	mahABArawam	mOsalaparvaH	-
15.1	.	-	.	-	-	-	-	1	02	003	mahABArawam	mOsalaparvaH	-
2.1	anuSapwAH	-	-	anu_Sapwa{puM;1;bahu(Sap1;kwa;BvAxiH)}/anu_SapwA{swrI;1;bahu(Sap1;kwa;BvAxiH)}/anu_SapwA{swrI;2;bahu(Sap1;kwa;BvAxiH)}	anu_Sapwa{puM;1;bahu(Sap1;kwa;BvAxiH)}	viSeRaNam,8.1	viSeRaNam,8.1	1	02	003	mahABArawam	mOsalaparvaH	-
3.1	we	-	we	wax{sarvanAma;puM;1;bahu}/wax{sarvanAma;napuM;1;xvi}/wax{sarvanAma;napuM;2;xvi}/wax{sarvanAma;swrI;1;xvi}/wax{sarvanAma;swrI;2;xvi}/yuRmax{sarvanAma;6;eka}/yuRmax{sarvanAma;4;eka}	wax{sarvanAma;puM;1;bahu}	viSeRaNam,8.1	prayojanam1,8.1#prayojanam1,7.1#karwA,8.1#karma,8.1#RaRTIsambanXaH,12.1#RaRTIsambanXaH,10.2#RaRTIsambanXaH,8.1#RaRTIsambanXaH,6.2#RaRTIsambanXaH,5.1#RaRTIsambanXaH,4.1#karma,7.1#sup_samucciwaH,8.1#viSeRaNam,8.1#viSeRaNam,6.2#viSeRaNam,4.1#karwA,7.1	1	02	003	mahABArawam	mOsalaparvaH	-
4.1	vIrAH	-	vIrAH	vIra{puM;1;bahu}/vIrA{swrI;1;bahu}/vIrA{swrI;2;bahu}/vIra{puM;8;bahu}/vIrA{swrI;8;bahu}	vIra{puM;1;bahu}	viSeRaNam,8.1	viSeRaNam,8.1#viSeRaNam,6.2#karma,7.1#sup_samucciwaH,8.1#karwA,7.1#viSeRaNam,3.1	1	02	003	mahABArawam	mOsalaparvaH	-
5.1	kRayam	-	kRayam	kRaya{puM;2;eka}/kRaya{napuM;1;eka}/kRaya{napuM;2;eka}	kRaya{puM;2;eka}	karma,7.1	karma,7.1#viSeRaNam,11.1#sup_samucciwaH,8.1	1	02	003	mahABArawam	mOsalaparvaH	-
6.1	vqRNi-	-	vqRNyanXakAH	vqRNi	vqRNi	samAsaH,6.2	samAsaH,6.2	1	02	003	mahABArawam	mOsalaparvaH	-
6.2	anXakAH	-	--	anXaka{puM;8;bahu}/anXaka{puM;1;bahu}/anXakA{swrI;8;bahu}/anXakA{swrI;1;bahu}/anXakA{swrI;2;bahu}	anXaka{puM;1;bahu}	samucciwaH,8.1	viSeRaNam,4.1#karma,7.1#sup_samucciwaH,8.1#karwA,7.1#viSeRaNam,8.1#viSeRaNam,3.1	1	02	003	mahABArawam	mOsalaparvaH	-
7.1	yayuH	-	yayuH	yA1{karwari;lit;pra;bahu;parasmEpaxI;axAxiH}	yA1{karwari;lit;pra;bahu;parasmEpaxI;axAxiH}	aBihiwa_karwA,8.1;sakarmaka	-	1	02	003	mahABArawam	mOsalaparvaH	-
8.1	BojAH	-	BojAH	Boja{puM;8;bahu}/Boja{puM;1;bahu(Buj1;GaF;wuxAxiH)}/Boja{puM;1;bahu(Buj2;GaF;ruXAxiH)}	Boja{puM;1;bahu(Buj2;GaF;ruXAxiH)}	karwA,7.1	viSeRaNam,6.2#viSeRaNam,4.1#viSeRaNam,3.1#karwA,7.1	1	02	003	mahABArawam	mOsalaparvaH	-
9.1	ca	-	ca	ca{avya}	ca{avya}	samuccaya_xyowakaH,8.1	sup_samuccaya_xyowakaH,8.1#sambanXaH,8.1	1	02	003	mahABArawam	mOsalaparvaH	-
1.1	viSvAmiwram	-	viSvAmiwram	viSvAmiwra{puM;2;eka}	viSvAmiwra{puM;2;eka}	GatakaH,11.2	GatakaH,11.2#viSeRaNam,5.1#sup_samucciwaH,5.1#sup_samucciwaH,3.1	1	02	004	mahABArawam	mOsalaparvaH	-
10.1	xaxqSuH	-	xaxqSuH	xqS1{karwari;lit;pra;bahu;parasmEpaxI;BvAxiH}	xqS1{karwari;lit;pra;bahu;parasmEpaxI;BvAxiH}	aBihiwa_karwA,9.1;sakarmaka	-	1	02	004	mahABArawam	mOsalaparvaH	-
11.1	xvArakA-	-	xvArakA-gawAn	xvArakA	xvArakA	samAsaH,11.2	samAsaH,11.2	1	02	004	mahABArawam	mOsalaparvaH	-
11.2	gawAn	-	--	gawa{puM;2;bahu(gam1;kwa;BvAxiH)}	gawa{puM;2;bahu(gam1;kwa;BvAxiH)}	karma,10.1	karma,10.1	1	02	004	mahABArawam	mOsalaparvaH	-
12.1	.	-	.	-	-	-	-	1	02	004	mahABArawam	mOsalaparvaH	-
2.1	ca	-	ca	ca{avya}	ca{avya}	sambanXaH,1.1	sambanXaH,1.1	1	02	004	mahABArawam	mOsalaparvaH	-
3.1	kaNvam	-	kaNvam	kaNva{puM;2;eka}	kaNva{puM;2;eka}	GatakaH,11.2	GatakaH,11.2#viSeRaNam,5.1#sup_samucciwaH,5.1#karma,10.1	1	02	004	mahABArawam	mOsalaparvaH	-
4.1	ca	-	ca	ca{avya}	ca{avya}	sambanXaH,3.1	sup_samuccaya_xyowakaH,3.1#sambanXaH,3.1	1	02	004	mahABArawam	mOsalaparvaH	-
5.1	nAraxam	-	nAraxam	nAraxa{puM;2;eka}	nAraxa{puM;2;eka}	GatakaH,11.2	karma,10.1#GatakaH,11.2	1	02	004	mahABArawam	mOsalaparvaH	-
6.1	ca	-	ca	ca{avya}	ca{avya}	sambanXaH,5.1	sup_samuccaya_xyowakaH,5.1#sambanXaH,5.1	1	02	004	mahABArawam	mOsalaparvaH	-
7.1	wapas-	-	wapas-Xanam	wapas	wapas	samAsaH,7.2	samAsaH,7.2	1	02	004	mahABArawam	mOsalaparvaH	-
7.2	Xanam	-	--	Xana{napuM;1;eka}/Xana{napuM;2;eka}/Xana{puM;2;eka}	Xana{puM;2;eka}	viSeRaNam,5.1	viSeRaNam,5.1#viSeRaNam,3.1#viSeRaNam,1.1#karma,10.1	1	02	004	mahABArawam	mOsalaparvaH	-
8.1	sAraNa-	-	sAraNa-pramuKAH	sAraNa	sAraNa	samAsaH,8.2	samAsaH,8.2	1	02	004	mahABArawam	mOsalaparvaH	-
8.2	pramuKAH	-	--	pramuKa{puM;1;bahu}/pramuKA{swrI;1;bahu}/pramuKA{swrI;2;bahu}/pramuKa{puM;8;bahu}/pramuKA{swrI;8;bahu}	pramuKa{puM;1;bahu}	viSeRaNam,9.1	viSeRaNam,9.1#karma,10.1#karwA,10.1	1	02	004	mahABArawam	mOsalaparvaH	-
9.1	vIrAH	-	vIrAH	vIra{puM;1;bahu}/vIrA{swrI;1;bahu}/vIrA{swrI;2;bahu}/vIra{puM;8;bahu}/vIrA{swrI;8;bahu}	vIra{puM;1;bahu}	karwA,10.1	viSeRaNam,8.2#karma,10.1#karwA,10.1	1	02	004	mahABArawam	mOsalaparvaH	-
1.1	we	-	we	wax{sarvanAma;puM;1;bahu}/wax{sarvanAma;napuM;1;xvi}/wax{sarvanAma;napuM;2;xvi}/wax{sarvanAma;swrI;1;xvi}/wax{sarvanAma;swrI;2;xvi}/yuRmax{sarvanAma;6;eka}/yuRmax{sarvanAma;4;eka}	wax{sarvanAma;puM;1;bahu}	karwA,8.1;karwA,9.1;karwA,4.1	sampraxAnam,8.1;prayojanam1,10.4;prayojanam1,9.1;prayojanam1,4.1;RaRTIsambanXaH,10.4;RaRTIsambanXaH,6.1;RaRTIsambanXaH,3.1;muKyakarma,8.1;karma,9.1;gONakarma,8.1;viSeRaNam,10.4;karwA,8.1;karwA,9.1;karwA,4.1	1	02	005	mahABArawam	mOsalaparvaH	-
10.1	xEva-	-	xEva-xaNda-ni-pIdiwAH	xeva	xEva	samAsaH,10.2	samAsaH,10.2	1	02	005	mahABArawam	mOsalaparvaH	-
10.2	xaNda-	-	--	xaNda	xaNda	samAsaH,10.4	samAsaH,10.3#samAsaH,10.4	1	02	005	mahABArawam	mOsalaparvaH	-
10.3	ni-	-	--	-ni	-ni	samAsaH,10.4	samAsaH,10.4	1	02	005	mahABArawam	mOsalaparvaH	-
10.4	pIdiwAH	-	--	pIdiwa{puM;1;bahu(pId1;kwa;curAxiH)}/pIdiwA{swrI;1;bahu(pId1;kwa;curAxiH)}/pIdiwA{swrI;2;bahu(pId1;kwa;curAxiH)}/pIdiwa{puM;8;bahu}/pIdiwA{swrI;8;bahu}	pIdiwa{puM;1;bahu(pId1;kwa;curAxiH)}	viSeRaNam,1.1	muKyakarma,8.1#karma,9.1#gONakarma,8.1#karwA,8.1#viSeRaNam,1.1	1	02	005	mahABArawam	mOsalaparvaH	-
11.1	.	-	.	-	-	-	-	1	02	005	mahABArawam	mOsalaparvaH	-
2.1	vE	-	vE	vE{avya}	vE{avya}	sambanXaH,1.1	sambanXaH,1.1	1	02	005	mahABArawam	mOsalaparvaH	-
3.1	sAmbam	-	sAmbam	sAmba{puM;2;eka}	sAmba{puM;2;eka}	karma,4.1	karma,4.1#muKyakarma,8.1#karma,9.1#gONakarma,8.1	1	02	005	mahABArawam	mOsalaparvaH	-
4.1	puraskqwya	-	puraskqwya	puras_kq3{avya;lyap;wanAxiH}	puras_kq3{avya;lyap;wanAxiH}	pUrvakAlaH,8.1	pUrvakAlaH,10.4#pUrvakAlaH,8.1	1	02	005	mahABArawam	mOsalaparvaH	-
5.1	BURayiwvA	-	BURayiwvA	BURa{avya;Nic;kwvA;BvAxiH}	BURa{avya;Nic;kwvA;BvAxiH}	pUrvakAlaH,8.1	pUrvakAlaH,8.1	1	02	005	mahABArawam	mOsalaparvaH	-
6.1	swriyam	-	swriyam	swrI{swrI;2;eka}	swrI{swrI;2;eka}	upamAnam,3.1	upamAnam,3.1#muKyakarma,8.1#karma,9.1#gONakarma,8.1	1	02	005	mahABArawam	mOsalaparvaH	-
7.1	yaWA	-	yaWA	yaWA{avya}	yaWA{avya}	upamAna_xyowakaH,6.1	upamAna_xyowakaH,6.1#kriyAviSeRaNam,10.4#kriyAviSeRaNam,9.1#kriyAviSeRaNam,8.1#kriyAviSeRaNam,4.1	1	02	005	mahABArawam	mOsalaparvaH	-
8.1	abruvan	-	abruvan	brU1{karwari;laf;pra;bahu;parasmEpaxI;axAxiH}	brU1{karwari;laf;pra;bahu;parasmEpaxI;axAxiH}	aBihiwa_karwA,1.1;sakarmaka	-	1	02	005	mahABArawam	mOsalaparvaH	-
9.1	upasafgamya	-	upasafgamya	upa_sam_gam1{avya;lyap;BvAxiH}	upa_sam_gam1{avya;lyap;BvAxiH}	pUrvakAlaH,8.1	pUrvakAlaH,10.4#pUrvakAlaH,8.1	1	02	005	mahABArawam	mOsalaparvaH	-
1.1	iyam	-	iyam	ixam{sarvanAma;swrI;1;eka}	ixam{sarvanAma;swrI;1;eka}	karwA,12.1	viSeRaNam,2.1#karwA,12.1	1	02	006	mahABArawam	mOsalaparvaH	-
10.1	iyam	-	iyam	ixam{sarvanAma;swrI;1;eka}	ixam{sarvanAma;swrI;1;eka}	karwA,11.1	viSeRaNam,2.1#prayojakakarwA,11.1#karwA,11.1	1	02	006	mahABArawam	mOsalaparvaH	-
11.1	janayiRyawi	-	janayiRyawi	jan2{Nic;karwari;lqt;pra;eka;parasmEpaxI;xivAxiH}	jan2{Nic;karwari;lqt;pra;eka;parasmEpaxI;xivAxiH}	vAkyakarma,8.1	vAkyakarma,8.1	1	02	006	mahABArawam	mOsalaparvaH	-
12.1	(aswi)	-	aswi	as2{karwari;lat;pra;eka;parasmEpaxI;axAxiH}	as2{karwari;lat;pra;eka;parasmEpaxI;axAxiH}	aBihiwa_karwA,1.1	aBihiwa_karwA,1.1	1	02	006	mahABArawam	mOsalaparvaH	-
13.1	(iwi)	-	iwi	iwi{avya}	iwi{avya}	vAkyakarma_xyowakaH,11.1	vAkyakarma_xyowakaH,11.1	1	02	006	mahABArawam	mOsalaparvaH	-
14.1	.	-	.	-	-	-	-	1	02	006	mahABArawam	mOsalaparvaH	-
2.1	swrI	-	swrI	swrI{swrI;1;eka}	swrI{swrI;1;eka}	karwqsamAnAXikaraNam,12.1	karwqsamAnAXikaraNam,12.1	1	02	006	mahABArawam	mOsalaparvaH	-
3.1	puwra-	-	puwra-kAmasya	puwra	puwra	samAsaH,3.2	samAsaH,3.2	1	02	006	mahABArawam	mOsalaparvaH	-
3.2	kAmasya	-	--	kAma{puM;6;eka}/kAma{napuM;6;eka}	kAma{puM;6;eka}	viSeRaNam,4.1	viSeRaNam,4.1#viSeRaNam,5.2#RaRTIsambanXaH,6.1#RaRTIsambanXaH,5.2#RaRTIsambanXaH,2.1#viSeRaNam,4.1	1	02	006	mahABArawam	mOsalaparvaH	-
4.1	baBroH	-	baBroH	baBru{puM;5;eka}/baBru{puM;6;eka}	baBru{puM;6;eka}	RaRTIsambanXaH,2.1	viSeRaNam,5.2#viSeRaNam,3.2#RaRTIsambanXaH,6.1#RaRTIsambanXaH,5.2#RaRTIsambanXaH,3.2#RaRTIsambanXaH,2.1#hewuH5,11.1#hewuH5,8.1#hewuH5,5.1#apAxAnam,11.1	1	02	006	mahABArawam	mOsalaparvaH	-
5.1	amiwa-	-	amiwa-wejasaH	amiwa(am1;kwa;BvAxiH)	amiwa(am1;kwa;BvAxiH)	samAsaH,5.2	samAsaH,5.2	1	02	006	mahABArawam	mOsalaparvaH	-
5.2	wejasaH	-	--	wejas{napuM;5;eka}/wejas{napuM;6;eka}/wejas{puM;8;bahu}/wejas{puM;1;bahu}/wejas{puM;2;bahu}/wejas{puM;5;eka}/wejas{puM;6;eka}	wejas{puM;6;eka}	viSeRaNam,4.1	viSeRaNam,4.1#viSeRaNam,3.2#RaRTIsambanXaH,6.1#RaRTIsambanXaH,3.2#RaRTIsambanXaH,2.1#hewuH5,11.1#hewuH5,8.1#apAxAnam,11.1#prayojyakarwA,11.1#karma,8.1#viSeRaNam,6.1	1	02	006	mahABArawam	mOsalaparvaH	-
6.1	qRayaH	-	qRayaH	qRi{puM;1;bahu}/qRi{puM;8;bahu}	qRi{puM;8;bahu}	samboXyaH,8.1	samboXyaH,11.1#samboXyaH,8.1	1	02	006	mahABArawam	mOsalaparvaH	-
7.1	sAXu	-	sAXu	sAXu{napuM;1;eka}/sAXu{napuM;2;eka}/sAXu{napuM;8;eka}/sAXu{avyayam}	sAXu{avyayam}	kriyAviSeRaNam,8.1	viSeRaNam,9.1#prayojyakarwA,11.1#kriyAviSeRaNam,11.1#kriyAviSeRaNam,8.1#kriyAviSeRaNam,5.1#karma,5.1#prayojakakarwA,11.1	1	02	006	mahABArawam	mOsalaparvaH	-
8.1	jAnIwa	-	jAnIwa	jFA1{karwari;lot;ma;bahu;parasmEpaxI;kryAxiH}	jFA1{karwari;lot;ma;bahu;parasmEpaxI;kryAxiH}	-	-	1	02	006	mahABArawam	mOsalaparvaH	-
9.1	kim	-	kim	kim{avya}/kim{sarvanAma;napuM;1;eka}/kim{sarvanAma;napuM;2;eka}	kim{avya}	karma,11.1	karma,11.1#viSeRaNam,7.1#prayojyakarwA,11.1#karma,8.1#karma,5.1#prayojakakarwA,11.1#sambanXaH,11.1#prayojanam1,11.1	1	02	006	mahABArawam	mOsalaparvaH	-
1.1	iwi	-	iwi	iwi{avya}	iwi{avya}	sambanXaH,2.1	karma,12.1#karma,7.1#karma,2.1#sambanXaH,2.1	1	02	007	mahABArawam	mOsalaparvaH	-
10.1	yaw	-	yaw	yaw{avya}/yax{sarvanAma;napuM;1;eka}/yax{sarvanAma;napuM;2;eka}	yax{sarvanAma;napuM;2;eka}	muKyakarma,7.1;niwya_sambanXaH,11.1	muKyakarma,7.1;niwya_sambanXaH,11.1;niwya_sambanXaH1,11.1;karma,12.1;karma,7.1;vAkyakarma_xyowakaH,12.1;vAkyakarma_xyowakaH,7.1;vAkyakarma_xyowakaH,2.1	1	02	007	mahABArawam	mOsalaparvaH	-
11.1	waw	-	waw	wax{sarvanAma;napuM;1;eka}/wax{sarvanAma;napuM;2;eka}	wax{sarvanAma;napuM;2;eka}	karma,12.1	viSeRaNam,10.1#karma,12.1#karma,7.1	1	02	007	mahABArawam	mOsalaparvaH	-
12.1	SqNu	-	SqNu	Sru1{karwari;lot;ma;eka;parasmEpaxI;BvAxiH}	Sru1{karwari;lot;ma;eka;parasmEpaxI;BvAxiH}	aBihiwa_karwA	vAkyakarma,2.1	1	02	007	mahABArawam	mOsalaparvaH	-
13.1	nara-	-	nara-aXipa	nara	nara	samAsaH,13.2	samAsaH,13.2	1	02	007	mahABArawam	mOsalaparvaH	-
13.2	aXipa	-	--	aXipa{puM;8;eka}/aXipa{napuM;8;eka}	aXipa{puM;8;eka}	samboXyaH,12.1	samboXyaH,2.1#viSeRaNam,5.1#samboXyaH,12.1	1	02	007	mahABArawam	mOsalaparvaH	-
14.1	.	-	.	-	-	-	-	1	02	007	mahABArawam	mOsalaparvaH	-
2.1	ukwAH	-	ukwAH	ukwa{puM;1;bahu(vac1;kwa;axAxiH)}/ukwA{swrI;1;bahu(vac1;kwa;axAxiH)}/ukwA{swrI;2;bahu(vac1;kwa;axAxiH)}	ukwa{puM;1;bahu(vac1;kwa;axAxiH)}	viSeRaNam,9.1	viSeRaNam,6.2#vAkyakarma,12.1#karma,7.1#karwA,7.1#viSeRaNam,9.1#viSeRaNam,3.1	1	02	007	mahABArawam	mOsalaparvaH	-
3.1	we	-	we	wax{sarvanAma;puM;1;bahu}/wax{sarvanAma;napuM;1;xvi}/wax{sarvanAma;napuM;2;xvi}/wax{sarvanAma;swrI;1;xvi}/wax{sarvanAma;swrI;2;xvi}/yuRmax{sarvanAma;6;eka}/yuRmax{sarvanAma;4;eka}	wax{sarvanAma;puM;1;bahu}	viSeRaNam,9.1	sampraxAnam,2.1#prayojanam1,12.1#prayojanam1,7.1#prayojanam1,5.1#RaRTIsambanXaH,13.2#RaRTIsambanXaH,9.1#RaRTIsambanXaH,6.2#RaRTIsambanXaH,5.1#karma,7.1#gONakarma,2.1#viSeRaNam,9.1#viSeRaNam,6.2#viSeRaNam,2.1#karwA,7.1	1	02	007	mahABArawam	mOsalaparvaH	-
4.1	waxA	-	waxA	waxA{avya}	waxA{avya}	sambanXaH,7.1	sambanXaH,7.1#kAlAXikaraNam,12.1#kAlAXikaraNam,7.1	1	02	007	mahABArawam	mOsalaparvaH	-
5.1	rAjan	-	rAjan	rAjan{puM;8;eka}/rAjaw{puM;1;eka(rAj1;Sawq_lat;BvAxiH)}	rAjan{puM;8;eka}	samboXyaH,7.1	varwamAnasamAnakAlaH,12.1#samboXyaH,12.1#samboXyaH,7.1#samboXyaH,2.1	1	02	007	mahABArawam	mOsalaparvaH	-
6.1	vipralamBa-	-	vipralamBa-praXarRiwAH	vipralamBa	vipralamBa	samAsaH,6.2	samAsaH,6.2	1	02	007	mahABArawam	mOsalaparvaH	-
6.2	praXarRiwAH	-	--	praXarRiwa{puM;1;bahu}/praXarRiwa{puM;8;bahu}/praXarRiwA{swrI;8;bahu}/praXarRiwA{swrI;1;bahu}/praXarRiwA{swrI;2;bahu}	praXarRiwa{puM;1;bahu}	viSeRaNam,9.1	viSeRaNam,2.1#karmasamAnAXikaraNam,8.1#karma,12.1#karma,7.1#gONakarma,2.1#karwA,7.1#karmasamAnAXikaraNam,9.1#karmasamAnAXikaraNam,3.1#viSeRaNam,9.1#viSeRaNam,3.1	1	02	007	mahABArawam	mOsalaparvaH	-
7.1	prawyabruvan	-	prawyabruvan	prawi_brU1{karwari;laf;pra;bahu;parasmEpaxI;axAxiH}	prawi_brU1{karwari;laf;pra;bahu;parasmEpaxI;axAxiH}	aBihiwa_karwA,9.1,sakarmaka	vAkyakarma,12.1#vAkyakarma,2.1	1	02	007	mahABArawam	mOsalaparvaH	-
8.1	wAn	-	wAn	wax{sarvanAma;puM;2;bahu}	wax{sarvanAma;puM;2;bahu}	gONakarma,7.1	gONakarma,7.1#karma,12.1#karma,7.1#gONakarma,2.1	1	02	007	mahABArawam	mOsalaparvaH	-
9.1	munayaH	-	munayaH	muni{puM;1;bahu}/muni{puM;8;bahu}	muni{puM;1;bahu}	karwA,7.1	samboXyaH,12.1#samboXyaH,7.1#samboXyaH,2.1#karwA,7.1#karmasamAnAXikaraNam,6.2#karmasamAnAXikaraNam,3.1	1	02	007	mahABArawam	mOsalaparvaH	-
1.1	vqRNi-	-	vqRNi-anXaka-vinASAya	vqRNi	vqRNi	samAsaH,1.2	samAsaH,1.2	1	02	008	mahABArawam	mOsalaparvaH	-
1.2	anXaka-	-	--	anXaka	anXaka	samAsaH,1.3	samAsaH,1.3	1	02	008	mahABArawam	mOsalaparvaH	-
1.3	vinASAya	-	--	vinASa{puM;4;eka}/vinASa{napuM;4;eka}	vinASa{puM;4;eka}	prayojanam,9.1	prayojanam1,9.1#prayojanam1,4.1	1	02	008	mahABArawam	mOsalaparvaH	-
10.1	.	-	.	-	-	-	-	1	02	008	mahABArawam	mOsalaparvaH	-
2.1	musalam	-	musalam	musala{puM;2;eka}	musala{puM;2;eka}	karma,9.1	prayojyakarwA,9.1#karma,9.1	1	02	008	mahABArawam	mOsalaparvaH	-
3.1	Goram	-	Goram	Gora{puM;2;eka}/Gora{napuM;1;eka}/Gora{napuM;2;eka}	Gora{puM;2;eka}	viSeRaNam,2.1	prayojyakarwA,9.1#prayojakakarwA,9.1#viSeRaNam,8.1#viSeRaNam,4.1#viSeRaNam,2.1	1	02	008	mahABArawam	mOsalaparvaH	-
4.1	Ayasam	-	Ayasam	Af_yas1{karwari;laf;u;eka;parasmEpaxI;xivAxiH}/Af_yas1{karwari{luf;u;eka;parasmEpaxI;xivAxiH}/Ayasa{puM;2;eka(Af_yas1;GaF;xivAxiH)}	Ayasa{puM;2;eka(Af_yas1;GaF;xivAxiH)}	viSeRaNam,2.1	viSeRaNam,8.1#viSeRaNam,3.1#viSeRaNam,2.1#prayojyakarwA,9.1	1	02	008	mahABArawam	mOsalaparvaH	-
5.1	vAsuxevasya	-	vAsuxevasya	vAsuxeva{puM;6;eka}	vAsuxeva{puM;6;eka}	RaRTIsambanXaH,6.1	RaRTIsambanXaH,8.1#RaRTIsambanXaH,7.1#RaRTIsambanXaH,6.1#RaRTIsambanXaH,4.1#RaRTIsambanXaH,2.1#RaRTIsambanXaH,1.3	1	02	008	mahABArawam	mOsalaparvaH	-
6.1	xAyAxaH	-	xAyAxaH	xAyAxa{puM;1;eka}	xAyAxa{puM;1;eka}	viSeRaNam,7.1	viSeRaNam,8.1#viSeRaNam,7.1#prayojakakarwA,9.1	1	02	008	mahABArawam	mOsalaparvaH	-
7.1	sAmbaH	-	sAmbaH	sAmba{puM;1;eka}	sAmba{puM;1;eka}	karwA,9.1	prayojakakarwA,9.1#karwA,9.1	1	02	008	mahABArawam	mOsalaparvaH	-
8.1	ayam	-	ayam	ixam{sarvanAma;puM;1;eka}/aya{puM;2;eka}	ixam{sarvanAma;puM;1;eka}	viSeRaNam,7.1	prayojyakarwA,9.1#viSeRaNam,7.1#viSeRaNam,6.1#prayojakakarwA,9.1	1	02	008	mahABArawam	mOsalaparvaH	-
9.1	janayiRyawi	-	janayiRyawi	jan2{Nic;karwari;lqt;pra;eka;parasmEpaxI;xivAxiH}	jan2{Nic;karwari;lqt;pra;eka;parasmEpaxI;xivAxiH}	aBihiwa_karwA,7.1	-	1	02	008	mahABArawam	mOsalaparvaH	-
1.1	yena	-	yena	yena{avya}/yax{sarvanAma;puM;3;eka}/yax{sarvanAma;napuM;3;eka}	yena{avya}	karaNam,6.1	vinArWaH,6.1#vinArWaH,5.1#vinArWaH,3.3#karwA,6.1#hewuH,6.1#hewuH,5.1#hewuH,3.3#karaNam,6.1	1	02	009	mahABArawam	mOsalaparvaH	-
10.1	rAma-	-	rAma-janArxanO	rAma	rAma	samAsaH,10.2	samAsaH,10.2	1	02	009	mahABArawam	mOsalaparvaH	-
10.2	janArxanO	-	--	janArxana{puM;1;xvi}/janArxana{puM;2;xvi}/janArxana{puM;8;xvi}	janArxana{puM;2;xvi}	vinArWaH,2.1	samboXyaH,3.3#vinArWaH,2.1	1	02	009	mahABArawam	mOsalaparvaH	-
11.1	.	-	.	-	-	-	-	1	02	009	mahABArawam	mOsalaparvaH	-
2.1	yUyam	-	yUyam	yuRmax{sarvanAma;1;bahu}	yuRmax{sarvanAma;1;bahu}	karwA,6.1	karwA,6.1	1	02	009	mahABArawam	mOsalaparvaH	-
3.1	su-	-	su-xur-vqwwAH	su	su	samAsaH,3.2	samAsaH,3.2	1	02	009	mahABArawam	mOsalaparvaH	-
3.2	xur-	-	--	xur	xur	samAsaH,3.3	samAsaH,3.3	1	02	009	mahABArawam	mOsalaparvaH	-
3.3	vqwwAH	-	--	vqw{wal;swrI;1;bahu}/vqw{wal;swrI;2;bahu}/vqwwa{puM;1;bahu(vqw1;kwa;BvAxiH)}/vqwwA{swrI;1;bahu(vqw1;kwa;BvAxiH)}/vqwwA{swrI;2;bahu(vqw1;kwa;BvAxiH)}/vqwwa{puM;8;bahu}/vqwwA{swrI;8;bahu}	vqw{wal;swrI;1;bahu}	viSeRaNam,2.1	viSeRaNam,4.2#viSeRaNam,5.2#viSeRaNam,2.1#karwA,6.1#viSeRaNam,6.1	1	02	009	mahABArawam	mOsalaparvaH	-
4.1	nq-	-	nq-SaMsAH	nq	nq	samAsaH,4.2	samAsaH,4.2	1	02	009	mahABArawam	mOsalaparvaH	-
4.2	SaMsAH	-	--	SaMsA{swrI;1;bahu}/SaMsA{swrI;2;bahu}/SaMsA{swrI;8;bahu}/SaMsa{puM;8;bahu}/SaMsa{puM;1;bahu}	SaMsA{swrI;1;bahu}	viSeRaNam,2.1	viXeya_viSeRaNam,2.1#viSeRaNam,6.1#viSeRaNam,5.2#viSeRaNam,3.3#karwA,6.1#viSeRaNam,2.1	1	02	009	mahABArawam	mOsalaparvaH	-
5.1	jAwa-	-	jAwa-manyavaH	jAwa(jan2;kwa;xivAxiH)	jAwa(jan2;kwa;xivAxiH)	samAsaH,5.2	samAsaH,5.2	1	02	009	mahABArawam	mOsalaparvaH	-
5.2	manyavaH	-	--	manyu{puM;1;bahu}/manyu{puM;8;bahu}	manyu{puM;1;bahu}	viSeRaNam,2.1	viSeRaNam,4.2#viSeRaNam,3.3#viXeya_viSeRaNam,4.2#viXeya_viSeRaNam,2.1#viSeRaNam,6.1#karwA,6.1#viSeRaNam,2.1	1	02	009	mahABArawam	mOsalaparvaH	-
6.1	ucCewwAraH	-	ucCewwAraH	uw_Cix1{karwari;lut;pra;bahu;parasmEpaxI;ruXAxiH}/uw_Cix1{karwari{lut;pra;bahu;AwmanepaxI;ruXAxiH}/uw_Cix1{karmaNi{lut;pra;bahu;AwmanepaxI;ruXAxiH}/ucCewwq{puM;1;bahu(uw_Cix1;wqc;ruXAxiH)}	uw_Cix1{karwari;lut;pra;bahu;parasmEpaxI;ruXAxiH}	aBihiwa_karwA,2.1	viXeya_viSeRaNam,5.2#viXeya_viSeRaNam,4.2#viXeya_viSeRaNam,2.1#viSeRaNam,3.3	1	02	009	mahABArawam	mOsalaparvaH	-
7.1	kulam	-	kulam	kula{napuM;1;eka}/kula{napuM;2;eka}	kula{napuM;2;eka}	karma,6.1	karma,6.1	1	02	009	mahABArawam	mOsalaparvaH	-
8.1	kqwsnam	-	kqwsnam	kqwsna{puM;2;eka}/kqwsna{napuM;1;eka}/kqwsna{napuM;2;eka}	kqwsna{puM;2;eka}	viSeRaNam,7.1	viSeRaNam,7.1#viXeya_viSeRaNam,7.1	1	02	009	mahABArawam	mOsalaparvaH	-
9.1	qwe	-	qwe	qwe{avya}/qwa{napuM;7;eka}	qwe{avya}	vinArWa_xyowakaH,10.2	aXikaraNam,6.1#aXikaraNam,5.1#aXikaraNam,3.3#vinArWa_xyowakaH,1.1#vinArWa_xyowakaH,10.2	1	02	009	mahABArawam	mOsalaparvaH	-
1.1	samuxram	-	samuxram	samuxra{puM;2;eka}/samuxra{napuM;1;eka}/samuxra{napuM;2;eka}	samuxra{puM;2;eka}	karma,2.1	karma,4.1#karma,2.1#karwA,2.1	1	02	010	mahABArawam	mOsalaparvaH	-
10.1	SayAnam	-	SayAnam	SayAna{puM;2;eka(SI1;san;SAnac;axAxiH)}	SayAna{puM;2;eka(SI1;san;SAnac;axAxiH)}	viSeRaNam,8.1	viSeRaNam,9.2#viSeRaNam,8.1#viSeRaNam,5.1#viSeRaNam,1.1#karma,12.1#karma,4.1	1	02	010	mahABArawam	mOsalaparvaH	-
11.1	Buvi	-	Buvi	BU{swrI;7;eka}	BU{swrI;7;eka}	aXikaraNam,10.1	aXikaraNam,12.1#aXikaraNam,10.1#aXikaraNam,6.2#aXikaraNam,4.1#aXikaraNam,2.1	1	02	010	mahABArawam	mOsalaparvaH	-
12.1	Bewsyawi	-	Bewsyawi	Bix1{karwari;lqt;pra;eka;parasmEpaxI;ruXAxiH}	Bix1{karwari;lqt;pra;eka;parasmEpaxI;ruXAxiH}	aBihiwa_karwA,7.1;sakarmaka	-	1	02	010	mahABArawam	mOsalaparvaH	-
13.1	.	-	.	-	-	-	-	1	02	010	mahABArawam	mOsalaparvaH	-
2.1	yAsyawi	-	yAsyawi	yA1{karwari;lqt;pra;eka;parasmEpaxI;axAxiH}	yA1{karwari;lqt;pra;eka;parasmEpaxI;axAxiH}	aBihiwa_karwA,6.2;sakarmaka	-	1	02	010	mahABArawam	mOsalaparvaH	-
3.1	SrImAn	-	SrImAn	SrImaw{puM;1;eka}/SrI{mawup;puM;1;eka}	SrImaw{puM;1;eka}	viSeRaNam,6.2	viSeRaNam,6.2#karwA,2.1	1	02	010	mahABArawam	mOsalaparvaH	-
4.1	wyakwvA	-	wyakwvA	wyaj1{avya;kwvA;BvAxiH}	wyaj1{avya;kwvA;BvAxiH}	pUrvakAlaH,2.1	pUrvakAlaH,12.1#pUrvakAlaH,2.1	1	02	010	mahABArawam	mOsalaparvaH	-
5.1	xeham	-	xeham	xeha{puM;2;eka}/xeha{napuM;1;eka}/xeha{napuM;2;eka}	xeha{puM;2;eka}	karma,4.1	karma,12.1#karma,4.1#karma,2.1#karwA,12.1#karwA,2.1	1	02	010	mahABArawam	mOsalaparvaH	-
6.1	hala-	-	hala-AyuXaH	hala	hala	samAsaH,6.2	samAsaH,6.2	1	02	010	mahABArawam	mOsalaparvaH	-
6.2	AyuXaH	-	--	AyuXa{puM;1;eka(Af_yuX1;GaF;xivAxiH)}	AyuXa{puM;1;eka(Af_yuX1;GaF;xivAxiH)}	karwA,2.1	viSeRaNam,8.1#viSeRaNam,7.1#viSeRaNam,5.1#viSeRaNam,3.1#viSeRaNam,1.1#karwA,12.1#karwA,2.1	1	02	010	mahABArawam	mOsalaparvaH	-
7.1	jarA	-	jarA	jarA{swrI;1;eka}	jarA{swrI;1;eka}	karwA,12.1	karwA,12.1#karwA,2.1	1	02	010	mahABArawam	mOsalaparvaH	-
8.1	kqRNam	-	kqRNam	kqRNa{puM;2;eka}/kqRNa{napuM;1;eka}/kqRNa{napuM;2;eka}	kqRNa{puM;2;eka}	karma,12.1	viSeRaNam,5.1#viSeRaNam,1.1#karma,12.1#karma,4.1#karma,2.1#karwA,12.1#karwA,2.1#viSeRaNam,10.1#viSeRaNam,9.2	1	02	010	mahABArawam	mOsalaparvaH	-
9.1	mahaw-	-	mahaw-AwmAnam	mahaw	mahaw	samAsaH,9.2	samAsaH,9.2	1	02	010	mahABArawam	mOsalaparvaH	-
9.2	AwmAnam	-	--	Awman{puM;2;eka}	Awman{puM;2;eka}	viSeRaNam,8.1	viSeRaNam,10.1#viSeRaNam,8.1#viSeRaNam,5.1#karma,12.1#karma,4.1#karma,2.1	1	02	010	mahABArawam	mOsalaparvaH	-
1.1	iwi	-	iwi	iwi{avya}	iwi{avya}	sambanXaH,2.1	karma,10.1#sambanXaH,2.1	1	02	011	mahABArawam	mOsalaparvaH	-
10.1	samIkRya	-	samIkRya	sam_IkR1{avya;lyap;BvAxiH}	sam_IkR1{avya;lyap;BvAxiH}	pUrvakAlaH,13.1	pUrvakAlaH,13.1	1	02	011	mahABArawam	mOsalaparvaH	-
11.1	aWa	-	aWa	aWa{avya}	aWa{avya}	sambanXaH,13.1	sambanXaH,13.1	1	02	011	mahABArawam	mOsalaparvaH	-
12.1	parasparam	-	parasparam	paraspara{puM;2;eka}/paraspara{napuM;1;eka}/paraspara{napuM;2;eka}	paraspara{puM;2;eka}	karma,10.1	kriyAviSeRaNam,10.1#kriyAviSeRaNam,4.1#karma,10.1	1	02	011	mahABArawam	mOsalaparvaH	-
13.1	(baBUvuH)	-	baBUvuH	BU1{karwari;lit;pra;bahu;parasmEpaxI;BvAxiH}	BU1{karwari;lit;pra;bahu;parasmEpaxI;BvAxiH}	aBihiwa_karwA,8.1	-	1	02	011	mahABArawam	mOsalaparvaH	-
14.1	.	-	.	-	-	-	-	1	02	011	mahABArawam	mOsalaparvaH	-
2.1	abruvanwaH	-	abruvanwaH	-	-	varwamAnasamAnakAlaH,13.1	varwamAnasamAnakAlaH,13.1	1	02	011	mahABArawam	mOsalaparvaH	-
3.1	we	-	we	wax{sarvanAma;puM;1;bahu}/wax{sarvanAma;napuM;1;xvi}/wax{sarvanAma;napuM;2;xvi}/wax{sarvanAma;swrI;1;xvi}/wax{sarvanAma;swrI;2;xvi}/yuRmax{sarvanAma;6;eka}/yuRmax{sarvanAma;4;eka}	wax{sarvanAma;puM;1;bahu}	viSeRaNam,8.1	prayojanam1,10.1#prayojanam1,4.1#RaRTIsambanXaH,12.1#RaRTIsambanXaH,9.3#RaRTIsambanXaH,8.1#RaRTIsambanXaH,5.1#RaRTIsambanXaH,4.1#karma,10.1#viSeRaNam,9.3#viSeRaNam,8.1	1	02	011	mahABArawam	mOsalaparvaH	-
4.1	rAjan	-	rAjan	rAjan{puM;8;eka}/rAjaw{puM;1;eka(rAj1;Sawq_lat;BvAxiH)}	rAjan{puM;8;eka}	samboXyaH,13.1	samboXyaH,13.1	1	02	011	mahABArawam	mOsalaparvaH	-
5.1	pralabXAH	-	pralabXAH	pralabXA{swrI;1;bahu}/pralabXA{swrI;2;bahu}/pra_labXa{puM;1;bahu(laB1;kwa;BvAxiH)}	pra_labXa{puM;1;bahu(laB1;kwa;BvAxiH)}	viSeRaNam,8.1	karma,10.1#viSeRaNam,8.1	1	02	011	mahABArawam	mOsalaparvaH	-
6.1	wEH	-	wEH	wax{sarvanAma;puM;3;bahu}/wax{sarvanAma;napuM;3;bahu}	wax{sarvanAma;puM;3;bahu}	viSeRaNam,7.2	hewuH,10.1#hewuH,4.1#viSeRaNam,7.2	1	02	011	mahABArawam	mOsalaparvaH	-
7.1	xur-	-	xur-AwmaBiH	xur	xur	samAsaH,7.2	samAsaH,7.2	1	02	011	mahABArawam	mOsalaparvaH	-
7.2	AwmaBiH	-	--	Awman{puM;3;bahu}	Awman{puM;3;bahu}	karwA,5.1	viSeRaNam,6.1#hewuH,10.1#hewuH,4.1#karwA,5.1	1	02	011	mahABArawam	mOsalaparvaH	-
8.1	munayaH	-	munayaH	muni{puM;1;bahu}/muni{puM;8;bahu}	muni{puM;1;bahu}	karwA,13.1	karwA,13.1	1	02	011	mahABArawam	mOsalaparvaH	-
9.1	kroXa-	-	kroXa-rakwa-akRAH	kroXa	kroXa	samAsaH,9.2	samAsaH,9.2	1	02	011	mahABArawam	mOsalaparvaH	-
9.2	rakwa-	-	--	rakwa	rakwa	samAsaH,9.3	samAsaH,9.3	1	02	011	mahABArawam	mOsalaparvaH	-
9.3	akRAH	-	--	akRa{puM;1;bahu}/akRa{puM;8;bahu}/akRA{swrI;8;bahu}/akRA{swrI;1;bahu}/akRA{swrI;2;bahu}	akRa{puM;1;bahu}	viXeya_viSeRaNam,8.1	viXeya_viSeRaNam,8.1#viSeRaNam,5.1#karma,10.1#viSeRaNam,8.1#viSeRaNam,3.1	1	02	011	mahABArawam	mOsalaparvaH	-
1.1	waWA	-	waWA	waWA{avya}	waWA{avya}	kriyAviSeRaNam,2.1	sambanXaH,8.1#kriyAviSeRaNam,8.1#kriyAviSeRaNam,2.1	1	02	012	mahABArawam	mOsalaparvaH	-
2.1	ukwvA	-	ukwvA	vac1{avya;kwvA;axAxiH}	vac1{avya;kwvA;axAxiH}	pUrvakAlaH,8.1	pUrvakAlaH,8.1	1	02	012	mahABArawam	mOsalaparvaH	-
3.1	munayaH	-	munayaH	muni{puM;1;bahu}/muni{puM;8;bahu}	muni{puM;1;bahu}	karwA,8.1	samboXyaH,8.1#karwA,8.1	1	02	012	mahABArawam	mOsalaparvaH	-
4.1	we	-	we	wax{sarvanAma;puM;1;bahu}/wax{sarvanAma;napuM;1;xvi}/wax{sarvanAma;napuM;2;xvi}/wax{sarvanAma;swrI;1;xvi}/wax{sarvanAma;swrI;2;xvi}/yuRmax{sarvanAma;6;eka}/yuRmax{sarvanAma;4;eka}	wax{sarvanAma;puM;1;bahu}	viSeRaNam,3.1	sampraxAnam,2.1#prayojanam1,8.1#RaRTIsambanXaH,7.1#RaRTIsambanXaH,3.1#muKyakarma,2.1#gONakarma,2.1#viSeRaNam,3.1#karwA,8.1	1	02	012	mahABArawam	mOsalaparvaH	-
5.1	wu	-	wu	wu{avya}	wu{avya}	sambanXaH,4.1	sambanXaH,4.1	1	02	012	mahABArawam	mOsalaparvaH	-
6.1	wawaH	-	wawaH	wawaH{avya}	wawaH{avya}	sambanXaH,8.1	sambanXaH,8.1#sambanXaH,2.1#kArya_xyowakaH,8.1	1	02	012	mahABArawam	mOsalaparvaH	-
7.1	keSavam	-	keSavam	keSava{puM;2;eka}	keSava{puM;2;eka}	karma,8.1	muKyakarma,2.1#gONakarma,2.1#karma,8.1	1	02	012	mahABArawam	mOsalaparvaH	-
8.1	aByayuH	-	aByayuH	aBi_yA1{karwari;laf;pra;bahu;parasmEpaxI;axAxiH}	aBi_yA1{karwari;laf;pra;bahu;parasmEpaxI;axAxiH}	aBihiwa_karwA,3.1,sakarmaka	-	1	02	012	mahABArawam	mOsalaparvaH	-
9.1	.	-	.	-	-	-	-	1	02	012	mahABArawam	mOsalaparvaH	-
1.1	aWa	-	aWa	aWa{avya}	aWa{avya}	sambanXaH,2.1	sambanXaH,2.1	1	02	013	mahABArawam	mOsalaparvaH	-
10.1	wasya	-	wasya	wax{sarvanAma;napuM;6;eka}/wax{sarvanAma;puM;6;eka}	wax{sarvanAma;napuM;6;eka}	RaRTIsambanXaH,11.1	karwA,11.1#karma,11.1#RaRTIsambanXaH,11.1#RaRTIsambanXaH,9.1#RaRTIsambanXaH,7.1#RaRTIsambanXaH,4.1	1	02	013	mahABArawam	mOsalaparvaH	-
11.1	Baviwavyam	-	Baviwavyam	Baviwavya{puM;2;eka(as2;wavyaw;axAxiH)}/Baviwavya{napuM;1;eka(as2;wavyaw;axAxiH)}/Baviwavya{napuM;2;eka(as2;wavyaw;axAxiH)}/Baviwavya{puM;2;eka(BU1;wavyaw;BvAxiH)}/Baviwavya{napuM;1;eka(BU1;wavyaw;BvAxiH)}/Baviwavya{napuM;2;eka(BU1;wavyaw;BvAxiH)}	Baviwavya{napuM;1;eka(as2;wavyaw;axAxiH)}	vAkyakarma,2.1	karma,5.1#vAkyakarma,2.1	1	02	013	mahABArawam	mOsalaparvaH	-
12.1	waWA	-	waWA	waWA{avya}	waWA{avya}	kriyAviSeRaNam,5.1	kriyAviSeRaNam,5.1	1	02	013	mahABArawam	mOsalaparvaH	-
13.1	iwi	-	iwi	iwi{avya}	iwi{avya}	vAkyakarma_xyowakaH,11.1	vAkyakarma_xyowakaH,11.1	1	02	013	mahABArawam	mOsalaparvaH	-
14.1	wAn	-	--	wax{sarvanAma;puM;2;bahu}	wax{sarvanAma;puM;2;bahu}	viSeRaNam,4.1	viSeRaNam,4.1#karma,5.1	1	02	013	mahABArawam	mOsalaparvaH	-
15.1	.	-	iwi	-	-	-	-	1	02	013	mahABArawam	mOsalaparvaH	-
2.1	abravIw	-	abravIw	brU1{karwari;laf;pra;eka;parasmEpaxI;axAxiH}	brU1{karwari;laf;pra;eka;parasmEpaxI;axAxiH}	aBihiwa_karwA,7.1,sakarmaka	vAkyakarma,5.1	1	02	013	mahABArawam	mOsalaparvaH	-
3.1	waxA	-	waxA	waxA{avya}	waxA{avya}	sambanXaH,2.1	kAlAXikaraNam,2.1#sambanXaH,2.1	1	02	013	mahABArawam	mOsalaparvaH	-
4.1	vqRNIn	-	vqRNIn	vqRNi{puM;2;bahu}	vqRNi{puM;2;bahu}	gONakarma,2.1	muKyakarma,2.1#karma,5.1#gONakarma,2.1	1	02	013	mahABArawam	mOsalaparvaH	-
5.1	SruwvA	-	SruwvA	Sru1{avya;kwvA;BvAxiH}	Sru1{avya;kwvA;BvAxiH}	pUrvakAlaH,2.1	pUrvakAlaH,2.1	1	02	013	mahABArawam	mOsalaparvaH	-
6.1	evam	-	evam	evam{avya}	evam{avya}	kriyAviSeRaNam,5.1	vAkyakarma_xyowakaH,2.1#kriyAviSeRaNam,5.1#kriyAviSeRaNam,2.1	1	02	013	mahABArawam	mOsalaparvaH	-
7.1	maXusUxanaH	-	maXusUxanaH	maXusUxana{puM;1;eka}	maXusUxana{puM;1;eka}	karwA,2.1	karwA,2.1	1	02	013	mahABArawam	mOsalaparvaH	-
8.1	anwajFaH	-	anwajFaH	-	-	viSeRaNam,7.1	viSeRaNam,7.1	1	02	013	mahABArawam	mOsalaparvaH	-
9.1	mawimAn	-	mawimAn	mawi{mawup;puM;1;eka}	mawi{mawup;puM;1;eka}	viSeRaNam,7.1	viSeRaNam,7.1#viXeya_viSeRaNam,7.1#karwA,2.1	1	02	013	mahABArawam	mOsalaparvaH	-
1.1	evam	-	evam	evam{avya}	evam{avya}	kriyAviSeRaNam,2.1	kriyAviSeRaNam,11.1#kriyAviSeRaNam,10.1#kriyAviSeRaNam,4.1#kriyAviSeRaNam,2.1#gONakarma,2.1	1	02	014	mahABArawam	mOsalaparvaH	-
10.1	EcCaw	-	EcCaw	iR2{karwari;laf;pra;eka;parasmEpaxI;wuxAxiH}	iR2{karwari;laf;pra;eka;parasmEpaxI;wuxAxiH}	aBihiwa_karwA,14.1;sakarmaka	aBihiwa_karwA,14.1;sakarmaka	1	02	014	mahABArawam	mOsalaparvaH	-
11.1	karwum	-	karwum	kq3{avya;wumun;wanAxiH}	kq3{avya;wumun;wanAxiH}	iRkarma,10.1	prayojanam1,7.1#prayojanam1,4.1#prayojanam1,2.1#iRkarma,10.1	1	02	014	mahABArawam	mOsalaparvaH	-
12.1	saH	-	saH	wax{sarvanAma;puM;1;eka}	wax{sarvanAma;puM;1;eka}	viSeRaNam,14.1	viSeRaNam,14.1#viSeRaNam,3.1#karwA,10.1	1	02	014	mahABArawam	mOsalaparvaH	-
13.1	jagawaH	-	jagawaH	jagaw{napuM;5;eka}/jagaw{napuM;6;eka}/jagaw{puM;8;bahu}/jagaw{puM;1;bahu}/jagaw{puM;2;bahu}/jagaw{puM;5;eka}/jagaw{puM;6;eka}	jagaw{napuM;6;eka}	RaRTIsambanXaH,14.1	RaRTIsambanXaH,14.1#karma,11.1#RaRTIsambanXaH,7.2#RaRTIsambanXaH,6.1#RaRTIsambanXaH,3.1#hewuH5,11.1#hewuH5,10.1#hewuH5,7.1#hewuH5,4.1#hewuH5,2.1#muKyakarma,2.1#karmasamAnAXikaraNam,6.1#karma,10.1#karma,7.1#gONakarma,2.1	1	02	014	mahABArawam	mOsalaparvaH	-
14.1	praBuH	-	praBuH	praBu{puM;1;eka}	praBu{puM;1;eka}	karwA,10.1	karwA,10.1	1	02	014	mahABArawam	mOsalaparvaH	-
15.1	.	-	.	-	-	-	-	1	02	014	mahABArawam	mOsalaparvaH	-
2.1	ukwvA	-	ukwvA	vac1{avya;kwvA;axAxiH}	vac1{avya;kwvA;axAxiH}	pUrvakAlaH,4.1	pUrvakAlaH,10.1#pUrvakAlaH,4.1	1	02	014	mahABArawam	mOsalaparvaH	-
3.1	hqRIkeSaH	-	hqRIkeSaH	hqRIkeSa{puM;1;eka}	hqRIkeSa{puM;1;eka}	karwA,4.1;karwA,2.1	viSeRaNam,14.1;karwA,10.1;karwA,4.1;karwA,2.1	1	02	014	mahABArawam	mOsalaparvaH	-
4.1	praviveSa	-	praviveSa	pra_viS1{karwari;lit;u;eka;parasmEpaxI;wuxAxiH}/pra_viS1{karwari{lit;pra;eka;parasmEpaxI;wuxAxiH}	pra_viS1{karwari;lit;pra;eka;parasmEpaxI;wuxAxiH}	aBihiwa_karwA,3.1;sakarmaka	aBihiwa_karwA,3.1;sakarmaka	1	02	014	mahABArawam	mOsalaparvaH	-
5.1	punaH	-	punaH	punaH{avya}	punaH{avya}	kriyAviSeRaNam,4.1	kriyAviSeRaNam,11.1#kriyAviSeRaNam,10.1#kriyAviSeRaNam,4.1#kriyAviSeRaNam,2.1	1	02	014	mahABArawam	mOsalaparvaH	-
6.1	gqhAn	-	gqhAn	gqha{puM;2;bahu}	gqha{puM;2;bahu}	karma,4.1	muKyakarma,2.1#karmasamAnAXikaraNam,13.1#karma,11.1#karma,10.1#karma,7.1#karma,4.1#gONakarma,2.1	1	02	014	mahABArawam	mOsalaparvaH	-
7.1	kqwa-	-	kqwa-anwam	kqwa(kq2;kwa;svAxiH)}/kqwa(kq3{kwa;wanAxiH)	kqwa(kq2;kwa;svAxiH)	samAsaH,7.2	samAsaH,7.2	1	02	014	mahABArawam	mOsalaparvaH	-
7.2	anwam	-	--	anwa{puM;2;eka}/anwa{napuM;1;eka}/anwa{napuM;2;eka}	anwa{puM;2;eka}	karma,11.1	karma,11.1#karma,10.1#karma,4.1#gONakarma,2.1#karwA,4.1#muKyakarma,2.1	1	02	014	mahABArawam	mOsalaparvaH	-
8.1	anyaWA	-	anyaWA	anyaWA{avya}	anyaWA{avya}	kriyAviSeRaNam,11.1	kriyAviSeRaNam,11.1	1	02	014	mahABArawam	mOsalaparvaH	-
9.1	na	-	na	na{avya}	na{avya}	prawiReXaH,10.1	prawiReXaH,10.1	1	02	014	mahABArawam	mOsalaparvaH	-
1.1	Svas-	-	Svas-BUwe	Svas	Svas	samAsaH,1.2	samAsaH,1.2	1	02	015	mahABArawam	mOsalaparvaH	-
1.2	BUwe	-	--	BUwa{napuM;1;xvi}/BUwa{napuM;2;xvi}/BUwi{swrI;8;eka}/BUwa{napuM;7;eka}/BUwa{napuM;1;xvi(BU1;kwa;BvAxiH)}/BUwa{napuM;2;xvi(BU1;kwa;BvAxiH)}/BUwa{napuM;8;xvi}/BUwi{puM;8;eka}/BUwi{napuM;8;eka}/BUwi{napuM;1;eka}/BUwi{napuM;2;eka}/BUwA{swrI;8;eka}/BUwA{swrI;8;xvi}/BUwA{swrI;1;xvi}/BUwA{swrI;2;xvi}	BUwa{napuM;7;eka}	aXikaraNam,7.1	karma,7.1#viSeRaNam,11.1#viSeRaNam,10.2#viSeRaNam,6.1#karwA,7.1#aXikaraNam,7.1	1	02	015	mahABArawam	mOsalaparvaH	-
10.1	kifkara-	-	kifkara-prawimam	kifkara	kifkara	samAsaH,10.2	samAsaH,10.2	1	02	015	mahABArawam	mOsalaparvaH	-
10.2	prawimam	-	--	prawima{puM;2;eka}/prawima{napuM;1;eka}/prawima{napuM;2;eka}	prawima{napuM;2;eka}	viSeRaNam,5.1	viSeRaNam,11.1#viSeRaNam,6.1#karma,7.1#viXeya_viSeRaNam,6.1#viXeya_viSeRaNam,4.1#karwA,7.1#viSeRaNam,5.1	1	02	015	mahABArawam	mOsalaparvaH	-
11.1	mahaw	-	mahaw	mahaw{napuM;8;eka}/mahaw{napuM;1;eka}/mahaw{napuM;2;eka}	mahaw{napuM;2;eka}	viSeRaNam,5.1	viSeRaNam,5.1#viSeRaNam,10.2#viSeRaNam,6.1#karma,7.1#viXeya_viSeRaNam,10.2#viXeya_viSeRaNam,6.1#viXeya_viSeRaNam,4.1	1	02	015	mahABArawam	mOsalaparvaH	-
12.1	.	-	.	-	-	-	-	1	02	015	mahABArawam	mOsalaparvaH	-
2.1	aWa	-	aWa	aWa{avya}	aWa{avya}	sambanXaH,7.1	sambanXaH,7.1	1	02	015	mahABArawam	mOsalaparvaH	-
3.1	wawaH	-	wawaH	wawaH{avya}	wawaH{avya}	sambanXaH,7.1	sambanXaH,7.1#sambanXaH,1.2#kArya_xyowakaH,7.1	1	02	015	mahABArawam	mOsalaparvaH	-
4.1	sAmbaH	-	sAmbaH	sAmba{puM;1;eka}	sAmba{puM;1;eka}	karwA,7.1	karwA,7.1	1	02	015	mahABArawam	mOsalaparvaH	-
5.1	musalam	-	musalam	musala{puM;2;eka}/musala{napuM;1;eka}/musala{napuM;2;eka}	musala{napuM;2;eka}	karma,7.1	karma,7.1	1	02	015	mahABArawam	mOsalaparvaH	-
6.1	waw	-	waw	wax{sarvanAma;napuM;1;eka}/wax{sarvanAma;napuM;2;eka}	wax{sarvanAma;napuM;2;eka}	viSeRaNam,5.1	viSeRaNam,5.1#viSeRaNam,11.1#viSeRaNam,10.2#karma,7.1#viXeya_viSeRaNam,4.1#karwA,7.1	1	02	015	mahABArawam	mOsalaparvaH	-
7.1	asUwa	-	asUwa	RU1{karwari;laf;pra;eka;AwmanepaxI;axAxiH}	RU1{karwari;laf;pra;eka;AwmanepaxI;axAxiH}	aBihiwa_karwA,4.1;sakarmaka	-	1	02	015	mahABArawam	mOsalaparvaH	-
8.1	vE	-	vE	vE{avya}	vE{avya}	sambanXaH,7.1	sambanXaH,7.1	1	02	015	mahABArawam	mOsalaparvaH	-
9.1	vqRNi-	-	vqRNi-anXaka-vinASAya	vqRNi	vqRNi	samAsaH,9.2	samAsaH,9.2	1	02	015	mahABArawam	mOsalaparvaH	-
9.2	anXaka-	-	--	anXaka	anXaka	samAsaH,9.3	samAsaH,9.3	1	02	015	mahABArawam	mOsalaparvaH	-
9.3	vinASAya	-	--	vinASa{puM;4;eka}/vinASa{napuM;4;eka}	vinASa{puM;4;eka}	prayojanam,7.1	prayojanam1,7.1#prayojanam1,1.2	1	02	015	mahABArawam	mOsalaparvaH	-
1.1	prasUwam	-	prasUwam	prasUwa{puM;2;eka}	prasUwa{puM;2;eka}	karma,7.1	viSeRaNam,11.1#viSeRaNam,3.1#viSeRaNam,2.2#sup_samucciwaH,4.1#karma,7.1	1	02	016	mahABArawam	mOsalaparvaH	-
10.1	rAjA	-	rAjA	rAjan{puM;1;eka}	rAjan{puM;1;eka}	karwA,13.1	prayojakakarwA,13.1#karwA,13.1	1	02	016	mahABArawam	mOsalaparvaH	-
11.1	sUkRmam	-	sUkRmam	sUkRma{puM;2;eka}/sUkRma{napuM;1;eka}/sUkRma{napuM;2;eka}	sUkRma{puM;2;eka}	viSeRaNam,12.1	viSeRaNam,12.1#prayojyakarwA,13.1#karma,13.1#karma,7.1#prayojakakarwA,13.1	1	02	016	mahABArawam	mOsalaparvaH	-
12.1	cUrNam	-	cUrNam	-	-	karmasamAnAXikaraNam,9.1	karmasamAnAXikaraNam,9.1	1	02	016	mahABArawam	mOsalaparvaH	-
13.1	akArayaw	-	akArayaw	kQ1{Nic;karwari;laf;pra;eka;parasmEpaxI;wuxAxiH}/kq2{Nic;karwari;laf;pra;eka;parasmEpaxI;svAxiH}/kq3{Nic;karwari;laf;pra;eka;parasmEpaxI;wanAxiH}	kq3{Nic;karwari;laf;pra;eka;parasmEpaxI;wanAxiH}	aBihiwa_karwA,10.1;sakarmaka	aBihiwa_karwA,10.1;sakarmaka	1	02	016	mahABArawam	mOsalaparvaH	-
14.1	.	-	.	-	-	-	-	1	02	016	mahABArawam	mOsalaparvaH	-
2.1	SApa-	-	SApa-jam	SApa	SApa	samAsaH,2.2	samAsaH,2.2	1	02	016	mahABArawam	mOsalaparvaH	-
2.2	jam	-	--	ja{puM;2;eka}/ja{napuM;1;eka}/ja{napuM;2;eka}	ja{puM;2;eka}	viSeRaNam,1.1	viSeRaNam,11.1#viSeRaNam,9.1#viSeRaNam,4.1#viSeRaNam,3.1#sup_samucciwaH,4.1#karma,7.1	1	02	016	mahABArawam	mOsalaparvaH	-
3.1	Goram	-	Goram	Gora{puM;2;eka}/Gora{napuM;1;eka}/Gora{napuM;2;eka}	Gora{puM;2;eka}	viSeRaNam,1.1	viSeRaNam,11.1#viSeRaNam,9.1#viSeRaNam,4.1#viSeRaNam,2.2#sup_samucciwaH,4.1#karma,7.1	1	02	016	mahABArawam	mOsalaparvaH	-
4.1	waw	-	waw	wax{sarvanAma;napuM;1;eka}/wax{sarvanAma;napuM;2;eka}	wax{sarvanAma;napuM;2;eka}	viSeRaNam,1.1	viSeRaNam,11.1#viSeRaNam,9.1#viSeRaNam,3.1#viSeRaNam,2.2#karma,7.1#karwA,7.1	1	02	016	mahABArawam	mOsalaparvaH	-
5.1	ca	-	ca	ca{avya}	ca{avya}	sambanXaH,4.1	sup_samuccaya_xyowakaH,4.1#sambanXaH,4.1	1	02	016	mahABArawam	mOsalaparvaH	-
6.1	rAjFe	-	rAjFe	rAjan{puM;4;eka}	rAjan{puM;4;eka}	sampraxAnam,7.1	sampraxAnam,7.1#prayojanam1,13.1#prayojanam1,8.1	1	02	016	mahABArawam	mOsalaparvaH	-
7.1	nyavexayan	-	nyavexayan	ni_vix1{karwari;laf;pra;bahu;parasmEpaxI;BvAxiH}	ni_vix1{karwari;laf;pra;bahu;parasmEpaxI;BvAxiH}	-	-	1	02	016	mahABArawam	mOsalaparvaH	-
8.1	viRaNNa-	-	viRaNNa-rUpaH	viRaNNa(vi_Rax1;kwa;BvAxiH)	viRaNNa(vi_Rax1;kwa;BvAxiH)	samAsaH,8.2	samAsaH,8.2	1	02	016	mahABArawam	mOsalaparvaH	-
8.2	rUpaH	-	--	rUpa{puM;1;eka}	rUpa{puM;1;eka}	viSeRaNam,10.1	viSeRaNam,10.1#prayojakakarwA,13.1	1	02	016	mahABArawam	mOsalaparvaH	-
9.1	waw	-	waw	wax{sarvanAma;napuM;1;eka}/wax{sarvanAma;napuM;2;eka}	wax{sarvanAma;napuM;2;eka}	karma,13.1	viSeRaNam,11.1#viSeRaNam,4.1#viSeRaNam,3.1#viSeRaNam,2.2#prayojyakarwA,13.1#karma,13.1#karma,7.1#prayojakakarwA,13.1	1	02	016	mahABArawam	mOsalaparvaH	-
1.1	prAkRipan	-	prAkRipan	pra_kRip2{karwari;laf;pra;bahu;parasmEpaxI;wuxAxiH}	pra_kRip2{karwari;laf;pra;bahu;parasmEpaxI;wuxAxiH}	aBihiwa_karwA,3.1	samucciwaH,7.1	1	02	017	mahABArawam	mOsalaparvaH	-
10.1	vacanAw	-	vacanAw	vacana{napuM;5;eka}	vacana{napuM;5;eka}	hewuH,7.1	hewuH5,7.1#hewuH5,6.2#hewuH5,1.1	1	02	017	mahABArawam	mOsalaparvaH	-
11.1	Ahukasya	-	Ahukasya	Ahuka{puM;6;eka}	Ahuka{puM;6;eka}	RaRTIsambanXaH,10.1	RaRTIsambanXaH,10.1	1	02	017	mahABArawam	mOsalaparvaH	-
12.1	ca	-	ca	ca{avya}	ca{avya}	samuccaya_xyowakaH,1.1	samuccaya_xyowakaH,7.1#samuccaya_xyowakaH,1.1	1	02	017	mahABArawam	mOsalaparvaH	-
13.1	.	-	.	-	-	-	-	1	02	017	mahABArawam	mOsalaparvaH	-
2.1	sAgare	-	sAgare	sAgara{puM;7;eka}	sAgara{puM;7;eka}	xeSAXikaraNam,1.1	aXikaraNam,7.1#aXikaraNam,6.2#aXikaraNam,1.1#xeSAXikaraNam,1.1	1	02	017	mahABArawam	mOsalaparvaH	-
3.1	waw	-	waw	wax{sarvanAma;napuM;1;eka}/wax{sarvanAma;napuM;2;eka}	wax{sarvanAma;napuM;2;eka}	karma,1.1	prayojyakarwA,7.1#karma,6.2#karma,1.1#prayojakakarwA,7.1#karwA,1.1	1	02	017	mahABArawam	mOsalaparvaH	-
4.1	ca	-	ca	ca{avya}	ca{avya}	sambanXaH,3.1	samuccaya_xyowakaH,7.1#sambanXaH,3.1	1	02	017	mahABArawam	mOsalaparvaH	-
5.1	puruRAH	-	puruRAH	puruRa{puM;1;bahu}/puruRa{puM;8;bahu}	puruRa{puM;1;bahu}	karwA,1.1	prayojakakarwA,7.1#karwA,1.1	1	02	017	mahABArawam	mOsalaparvaH	-
6.1	rAja-	-	rAja-SAsanAw	rAjan	rAjan	samAsaH,6.2	samAsaH,6.2	1	02	017	mahABArawam	mOsalaparvaH	-
6.2	SAsanAw	-	--	SAsana{napuM;5;eka(SAs1;lyut;axAxiH)}/SAsana{puM;5;eka}	SAsana{napuM;5;eka(SAs1;lyut;axAxiH)}	hewuH,1.1	hewuH5,7.1#hewuH5,1.1	1	02	017	mahABArawam	mOsalaparvaH	-
7.1	aGoRayan	-	aGoRayan	GuR2{Nic;karwari;laf;pra;bahu;parasmEpaxI;BvAxiH}	GuR2{Nic;karwari;laf;pra;bahu;parasmEpaxI;BvAxiH}	samucciwaH,1.1	samucciwaH,1.1	1	02	017	mahABArawam	mOsalaparvaH	-
8.1	ca	-	ca	ca{avya}	ca{avya}	sambanXaH,7.1	samuccaya_xyowakaH,7.1#samuccaya_xyowakaH,1.1#sambanXaH,7.1	1	02	017	mahABArawam	mOsalaparvaH	-
9.1	nagare	-	nagare	nagara{napuM;1;xvi}/nagara{napuM;2;xvi}/nagara{napuM;8;xvi}/nagara{napuM;7;eka}	nagara{napuM;7;eka}	xeSAXikaraNam,7.1	aXikaraNam,7.1#aXikaraNam,6.2#aXikaraNam,1.1#prayojyakarwA,7.1#karma,6.2#xeSAXikaraNam,7.1	1	02	017	mahABArawam	mOsalaparvaH	-
1.1	axya	-	axya	axya{avya}	axya{avya}	kAlAXikaraNam,8.1	kAlAXikaraNam,8.1	1	02	018	mahABArawam	mOsalaparvaH	-
10.1	nagara-	-	nagara-vAsiBiH	nagara	nagara	samAsaH,10.2	samAsaH,10.2	1	02	018	mahABArawam	mOsalaparvaH	-
10.2	vAsiBiH	-	--	vAsi{swrI;3;bahu}/vAsin{puM;3;bahu}/vAsi{napuM;3;bahu}/vAsi{puM;3;bahu}	vAsi{swrI;3;bahu}	karwA,8.1	viSeRaNam,9.1#karwA,8.1#karaNam,8.1#hewuH,8.1	1	02	018	mahABArawam	mOsalaparvaH	-
11.1	.	-	.	-	-	-	-	1	02	018	mahABArawam	mOsalaparvaH	-
2.1	praBqwi	-	praBqwi	praBqwi{avya}	praBqwi{avya}	sambanXaH,1.1	sambanXaH,1.1	1	02	018	mahABArawam	mOsalaparvaH	-
3.1	sarveRu	-	sarveRu	sarva{sarvanAma;puM;7;bahu}/sarva{sarvanAma;napuM;7;bahu}	sarva{sarvanAma;puM;7;bahu}	viSeRaNam,4.3	viSeRaNam,4.3#aXikaraNam,8.1	1	02	018	mahABArawam	mOsalaparvaH	-
4.1	vqRNi-	-	vqRNi-anXaka-gqheRu	vqRNi	vqRNi	samAsaH,4.2	samAsaH,4.2	1	02	018	mahABArawam	mOsalaparvaH	-
4.2	anXaka-	-	--	anXaka	anXaka	samAsaH,4.3	samAsaH,4.3	1	02	018	mahABArawam	mOsalaparvaH	-
4.3	gqheRu	-	--	gqha{napuM;7;bahu}/gqha{puM;7;bahu}	gqha{napuM;7;bahu}	xeSAXikaraNam,8.1	viSeRaNam,3.1#aXikaraNam,8.1#xeSAXikaraNam,8.1	1	02	018	mahABArawam	mOsalaparvaH	-
5.1	iha	-	iha	iha{avya}	iha{avya}	xeSAXikaraNam,8.1	xeSAXikaraNam,8.1	1	02	018	mahABArawam	mOsalaparvaH	-
6.1	surA-	-	surA-AsavaH	surA	surA	samAsaH,6.2	samAsaH,6.2	1	02	018	mahABArawam	mOsalaparvaH	-
6.2	AsavaH	-	--	Asava{puM;1;eka}	Asava{puM;1;eka}	karma,8.1	viSeRaNam,8.1#karma,8.1	1	02	018	mahABArawam	mOsalaparvaH	-
7.1	na	-	na	na{avya}	na{avya}	prawiReXaH,8.1	prawiReXaH,8.1	1	02	018	mahABArawam	mOsalaparvaH	-
8.1	karwavyaH	-	karwavyaH	karwavya{puM;1;eka(kq2;wavyaw;svAxiH)}/karwavya{puM;1;eka(kq3;wavyaw;wanAxiH)}	karwavya{puM;1;eka(kq2;wavyaw;svAxiH)}	-	-	1	02	018	mahABArawam	mOsalaparvaH	-
9.1	sarvEH	-	sarvEH	sarva{sarvanAma;puM;3;bahu}/sarva{sarvanAma;napuM;3;bahu}	sarva{sarvanAma;puM;3;bahu}	viSeRaNam,10.2	viSeRaNam,10.2#karwA,8.1#karaNam,8.1#hewuH,8.1	1	02	018	mahABArawam	mOsalaparvaH	-
1.1	yaH	-	yaH	yax{sarvanAma;puM;1;eka}	yax{sarvanAma;puM;1;eka}	viSeRaNam,8.1;niwya_sambanXaH1,11.1	viSeRaNam,16.2;viSeRaNam,11.1;viSeRaNam,10.1;viSeRaNam,8.1;viSeRaNam,7.1;niwya_sambanXaH1,11.1;karwA,5.1;karma,6.1	1	02	019	mahABArawam	mOsalaparvaH	-
10.1	jIvan	-	jIvan	jIvaw{puM;1;eka(jIv1;Sawq_lat;BvAxiH)}	jIvaw{puM;1;eka(jIv1;Sawq_lat;BvAxiH)}	varwamAnasamAnakAlaH,13.1	varwamAnasamAnakAlaH,13.1#varwamAnasamAnakAlaH,5.1#karwA,13.1#karwA,5.1#karma,6.1	1	02	019	mahABArawam	mOsalaparvaH	-
11.1	saH	-	saH	wax{sarvanAma;puM;1;eka}	wax{sarvanAma;puM;1;eka}	karwA,13.1	viSeRaNam,16.2#viSeRaNam,10.1#viSeRaNam,8.1#viSeRaNam,7.1#karwA,13.1#karwA,5.1#karma,6.1	1	02	019	mahABArawam	mOsalaparvaH	-
12.1	SUlam	-	SUlam	SUla{puM;2;eka}	SUla{puM;2;eka}	karma,13.1	karma,15.1#karma,13.1#karma,5.1	1	02	019	mahABArawam	mOsalaparvaH	-
13.1	Arohew	-	Arohew	Af_ruh1{karwari;viXilif;pra;eka;parasmEpaxI;BvAxiH}	Af_ruh1{karwari;viXilif;pra;eka;parasmEpaxI;BvAxiH}	aBihiwa_karwA,11.1;sakarmaka	-	1	02	019	mahABArawam	mOsalaparvaH	-
14.1	svayam	-	svayam	svayam{avya}	svayam{avya}	kriyAviSeRaNam,13.1	kriyAviSeRaNam,15.1#kriyAviSeRaNam,13.1#kriyAviSeRaNam,6.1#kriyAviSeRaNam,5.1	1	02	019	mahABArawam	mOsalaparvaH	-
15.1	kqwvA	-	kqwvA	kq2{avya;kwvA;svAxiH}/kq3{avya;kwvA;wanAxiH}	kq2{avya;kwvA;svAxiH}	pUrvakAlaH,13.1	pUrvakAlaH,13.1#pUrvakAlaH,5.1	1	02	019	mahABArawam	mOsalaparvaH	-
16.1	sa-	-	sa-bAnXavaH	sa	sa	samAsaH,16.2	samAsaH,16.2	1	02	019	mahABArawam	mOsalaparvaH	-
16.2	bAnXavaH	-	--	bAnXava{puM;1;eka}	bAnXava{puM;1;eka}	viSeRaNam,11.1	viSeRaNam,11.1#viSeRaNam,10.1#viSeRaNam,8.1#viSeRaNam,7.1#karwA,13.1	1	02	019	mahABArawam	mOsalaparvaH	-
17.1	.	-	.	-	-	-	-	1	02	019	mahABArawam	mOsalaparvaH	-
2.1	ca	-	ca	ca{avya}	ca{avya}	sambanXaH,1.1	sambanXaH,1.1	1	02	019	mahABArawam	mOsalaparvaH	-
3.1	naH	-	naH	asmax{sarvanAma;2;bahu}/asmax{sarvanAma;6;bahu}/asmax{sarvanAma;4;bahu}/nq{puM;8;eka}	asmax{sarvanAma;6;bahu}	RaRTIsambanXaH,4.1	RaRTIsambanXaH,4.1#prayojanam1,15.1#prayojanam1,13.1#prayojanam1,10.1#prayojanam1,6.1#prayojanam1,5.1#karwA,6.1#karma,6.1#RaRTIsambanXaH,16.2#RaRTIsambanXaH,12.1#RaRTIsambanXaH,8.1#karma,15.1#karma,5.1	1	02	019	mahABArawam	mOsalaparvaH	-
4.1	avixiwam	-	avixiwam	-	-	viSeRaNam,6.1	viSeRaNam,6.1	1	02	019	mahABArawam	mOsalaparvaH	-
5.1	kuryAw	-	kuryAw	kq3{karwari;viXilif;pra;eka;parasmEpaxI;wanAxiH}	kq3{karwari;viXilif;pra;eka;parasmEpaxI;wanAxiH}	aBihiwa_karwA,1.1;sakarmaka	aBihiwa_karwA,1.1;sakarmaka	1	02	019	mahABArawam	mOsalaparvaH	-
6.1	peyam	-	peyam	peya{puM;2;eka(pA2;yaw;axAxiH)}/peya{napuM;1;eka(pA2;yaw;axAxiH)}/peya{napuM;2;eka(pA2;yaw;axAxiH)}/peya{puM;2;eka(pi1;yaw;wuxAxiH)}/peya{napuM;1;eka(pi1;yaw;wuxAxiH)}/peya{napuM;2;eka(pi1;yaw;wuxAxiH)}	peya{puM;2;eka(pA2;yaw;axAxiH)}	karma,5.1	karma,15.1#karma,13.1#karma,5.1#karwA,13.1#karwA,5.1#viSeRaNam,12.1	1	02	019	mahABArawam	mOsalaparvaH	-
7.1	kaSciw	-	kaSciw	kiFciw{sarvanAma;puM;1;eka}	kiFciw{sarvanAma;puM;1;eka}	viSeRaNam,8.1	viSeRaNam,16.2#viSeRaNam,11.1#viSeRaNam,10.1#viSeRaNam,8.1#karwA,13.1#karwA,5.1#karma,6.1	1	02	019	mahABArawam	mOsalaparvaH	-
8.1	naraH	-	naraH	nq{puM;1;bahu}/nara{puM;1;eka}/nq{puM;8;bahu}	nara{puM;1;eka}	karwA,5.1	karwA,13.1#karwA,5.1#karma,6.1	1	02	019	mahABArawam	mOsalaparvaH	-
9.1	kvaciw	-	kvaciw	kvaciw{avya}	kvaciw{avya}	kriyAviSeRaNam,5.1	kriyAviSeRaNam,15.1#kriyAviSeRaNam,13.1#kriyAviSeRaNam,6.1#kriyAviSeRaNam,5.1	1	02	019	mahABArawam	mOsalaparvaH	-
1.1	wawaH	-	wawaH	wawaH{avya}	wawaH{avya}	sambanXaH,5.1	sambanXaH,5.1#kArya_xyowakaH,5.1	1	02	020	mahABArawam	mOsalaparvaH	-
10.1	wasya	-	wasya	wax{sarvanAma;napuM;6;eka}/wax{sarvanAma;puM;6;eka}	wax{sarvanAma;napuM;6;eka}	RaRTIsambanXaH,11.1	viSeRaNam,12.2#viSeRaNam,11.1#RaRTIsambanXaH,11.1#RaRTIsambanXaH,7.1#RaRTIsambanXaH,4.1#RaRTIsambanXaH,2.2	1	02	020	mahABArawam	mOsalaparvaH	-
11.1	rAjFaH	-	rAjFaH	rAjan{puM;2;bahu}/rAjan{puM;5;eka}/rAjan{puM;6;eka}	rAjan{puM;6;eka}	RaRTIsambanXaH,8.1	RaRTIsambanXaH,8.1#RaRTIsambanXaH,7.1#RaRTIsambanXaH,4.1#RaRTIsambanXaH,2.2#hewuH5,8.1#hewuH5,5.1#karma,8.1#karma,5.1	1	02	020	mahABArawam	mOsalaparvaH	-
12.1	mahaw-	-	mahaw-AwmanaH	mahaw	mahaw	samAsaH,12.2	samAsaH,12.2	1	02	020	mahABArawam	mOsalaparvaH	-
12.2	AwmanaH	-	--	Awman{puM;2;bahu}/Awman{puM;5;eka}/Awman{puM;6;eka}	Awman{puM;6;eka}	viSeRaNam,11.1	viSeRaNam,11.1#viSeRaNam,10.1#RaRTIsambanXaH,11.1#RaRTIsambanXaH,7.1#RaRTIsambanXaH,4.1#RaRTIsambanXaH,2.2#viSeRaNam,2.2#hewuH5,8.1#hewuH5,5.1#karma,8.1#karma,5.1	1	02	020	mahABArawam	mOsalaparvaH	-
13.1	.	-	.	-	-	-	-	1	02	020	mahABArawam	mOsalaparvaH	-
2.1	rAja-	-	rAja-BayAw	rAjan	rAjan	samAsaH,2.2	samAsaH,2.2	1	02	020	mahABArawam	mOsalaparvaH	-
2.2	BayAw	-	--	Baya{napuM;5;eka}/Baya{puM;5;eka}	Baya{napuM;5;eka}	hewuH,5.1	viSeRaNam,12.2#viSeRaNam,11.1#hewuH5,8.1#hewuH5,5.1	1	02	020	mahABArawam	mOsalaparvaH	-
3.1	sarve	-	sarve	sarva{sarvanAma;puM;1;bahu}/sarva{sarvanAma;napuM;1;xvi}/sarva{sarvanAma;napuM;2;xvi}/sarvA{sarvanAma;swrI;1;xvi}/sarvA{sarvanAma;swrI;2;xvi}	sarva{sarvanAma;puM;1;bahu}	viSeRaNam,7.1	karma,8.1#karma,5.1#viSeRaNam,7.1#karwA,5.1	1	02	020	mahABArawam	mOsalaparvaH	-
4.1	niyamam	-	niyamam	niyama{puM;2;eka}	niyama{puM;2;eka}	karma,5.1	karma,8.1#karma,5.1	1	02	020	mahABArawam	mOsalaparvaH	-
5.1	cakrire	-	cakrire	kq2{karwari;lit;pra;bahu;AwmanepaxI;svAxiH}/kq2{karmaNi;lit;pra;bahu;AwmanepaxI;svAxiH}/kq3{karwari;lit;pra;bahu;AwmanepaxI;wanAxiH}/kq3{karmaNi;lit;pra;bahu;AwmanepaxI;wanAxiH}	kq2{karwari;lit;pra;bahu;AwmanepaxI;svAxiH}	aBihiwa_karwA,7.1;sakarmaka	-	1	02	020	mahABArawam	mOsalaparvaH	-
6.1	waxA	-	waxA	waxA{avya}	waxA{avya}	kAlAXikaraNam,5.1	kAlAXikaraNam,5.1	1	02	020	mahABArawam	mOsalaparvaH	-
7.1	narAH	-	narAH	nara{puM;1;bahu}/nara{puM;8;bahu}	nara{puM;1;bahu}	karwA,5.1	samboXyaH,5.1#karwA,5.1#karma,5.1	1	02	020	mahABArawam	mOsalaparvaH	-
8.1	SAsanam	-	SAsanam	SAsana{napuM;1;eka(SAs1;lyut;axAxiH)}/SAsana{napuM;2;eka(SAs1;lyut;axAxiH)}	SAsana{napuM;2;eka(SAs1;lyut;axAxiH)}	karma,9.1	karma,5.1#karma,9.1	1	02	020	mahABArawam	mOsalaparvaH	-
9.1	AjFAya	-	AjFAya	Af_jFA{avya;lyap;BvAxiH}	Af_jFA{avya;lyap;BvAxiH}	pUrvakAlaH,5.1	pUrvakAlaH,5.1	1	02	020	mahABArawam	mOsalaparvaH	-
1.1	evam	-	evam	evam{avya}	evam{avya}	kriyAviSeRaNam,9.1	kriyAviSeRaNam,9.1	1	03	001	mahABArawam	mOsalaparvaH	-
10.1	niwyaSaH	-	niwyaSaH	niwyaSaH{avya}	niwyaSaH{avya}	kriyAviSeRaNam,9.1	kriyAviSeRaNam,9.1	1	03	001	mahABArawam	mOsalaparvaH	-
11.1	.	-	.	-	-	-	-	1	03	001	mahABArawam	mOsalaparvaH	-
2.1	prayawamAnAnAm	-	prayawamAnAnAm	prayawamAna{puM;6;bahu(pra_yaw1;SAnac_lat;karwari;BvAxiH)}/prayawamAna{napuM;6;bahu(pra_yaw1;SAnac_lat;karwari;BvAxiH)}/prayawamAnA{swrI;6;bahu(pra_yaw1;SAnac_lat;karwari;BvAxiH)}	prayawamAna{puM;6;bahu(pra_yaw1;SAnac_lat;karwari;BvAxiH)}	viSeRaNam,3.1	RaRTIsambanXaH,7.1#RaRTIsambanXaH,6.1#RaRTIsambanXaH,3.1#BAvalakRaNasapwamI_samAnakAlaH,9.1#viSeRaNam,8.1#viSeRaNam,3.1	1	03	001	mahABArawam	mOsalaparvaH	-
3.1	vqRNInAm	-	vqRNInAm	vqRNi{puM;6;bahu}	vqRNi{puM;6;bahu}	RaRTIsambanXaH,7.1	RaRTIsambanXaH,7.1#RaRTIsambanXaH,6.1#BkarwA,2.1	1	03	001	mahABArawam	mOsalaparvaH	-
4.1	anXakEH	-	anXakEH	anXaka{puM;3;bahu}	anXaka{puM;3;bahu}	sahArWaH,3.1	sahArWaH,3.1	1	03	001	mahABArawam	mOsalaparvaH	-
5.1	saha	-	saha	saha{avya}	saha{avya}	sahArWa_xyowakaH,4.1	kriyAviSeRaNam,9.1#sahArWa_xyowakaH,4.1	1	03	001	mahABArawam	mOsalaparvaH	-
6.1	kAlaH	-	kAlaH	kAla{puM;1;eka}	kAla{puM;1;eka}	karwA,9.1	karwA,9.1	1	03	001	mahABArawam	mOsalaparvaH	-
7.1	gqhANi	-	gqhANi	gqha{napuM;1;bahu}/gqha{napuM;2;bahu}/gqha{napuM;8;bahu}	gqha{napuM;2;bahu}	karma,9.1	karma,9.1	1	03	001	mahABArawam	mOsalaparvaH	-
8.1	sarveRAm	-	sarveRAm	sarva{sarvanAma;puM;6;bahu}/sarva{sarvanAma;napuM;6;bahu}	sarva{sarvanAma;puM;6;bahu}	viSeRaNam,3.1	viSeRaNam,2.1#RaRTIsambanXaH,7.1#RaRTIsambanXaH,6.1#RaRTIsambanXaH,3.1#viSeRaNam,3.1	1	03	001	mahABArawam	mOsalaparvaH	-
9.1	paricakrAma	-	paricakrAma	pari_kram1{karwari;lit;pra;eka;parasmEpaxI;BvAxiH}/pari_kram1{karwari{lit;u;eka;parasmEpaxI;BvAxiH}	pari_kram1{karwari;lit;pra;eka;parasmEpaxI;BvAxiH}	aBihiwa_karwA,6.1	-	1	03	001	mahABArawam	mOsalaparvaH	-
1.1	karAlaH	-	karAlaH	karAla{puM;1;eka}	karAla{puM;1;eka}	viSeRaNam,4.1	viSeRaNam,4.1	1	03	002	mahABArawam	mOsalaparvaH	-
10.1	axqSyawa	-	axqSyawa	xqS1{karmaNi;laf;pra;eka;AwmanepaxI;BvAxiH}	xqS1{karmaNi;laf;pra;eka;AwmanepaxI;BvAxiH}	aBihiwa_karma,4.1	aBihiwa_karma,4.1	1	03	002	mahABArawam	mOsalaparvaH	-
11.1	punaH	-	punaH	punaH{avya}	punaH{avya}	kriyAviSeRaNam,10.1	kriyAviSeRaNam,10.1#kriyAviSeRaNam,7.1	1	03	002	mahABArawam	mOsalaparvaH	-
12.1	kvaciw	-	kvaciw	kvaciw{avya}	kvaciw{avya}	xeSAXikaraNam,10.1	xeSAXikaraNam,10.1#kriyAviSeRaNam,10.1#kriyAviSeRaNam,7.1	1	03	002	mahABArawam	mOsalaparvaH	-
13.1	.	-	.	-	-	-	-	1	03	002	mahABArawam	mOsalaparvaH	-
2.1	vikataH	-	vikataH	vikata{puM;1;eka}	vikata{puM;1;eka}	viSeRaNam,4.1	viSeRaNam,4.1	1	03	002	mahABArawam	mOsalaparvaH	-
3.1	muNdaH	-	muNdaH	muNda{puM;1;eka}	muNda{puM;1;eka}	viSeRaNam,4.1	karma,10.1#viSeRaNam,4.1	1	03	002	mahABArawam	mOsalaparvaH	-
4.1	puruRaH	-	puruRaH	puruRa{puM;1;eka}	puruRa{puM;1;eka}	karma,10.1	karma,10.1	1	03	002	mahABArawam	mOsalaparvaH	-
5.1	kqRNa-	-	kqRNa-pifgalaH	kqRNa	kqRNa	samAsaH,5.2	samAsaH,5.2	1	03	002	mahABArawam	mOsalaparvaH	-
5.2	pifgalaH	-	--	pifgala{puM;1;eka}	pifgala{puM;1;eka}	viSeRaNam,4.1	viSeRaNam,4.1#viSeRaNam,3.1#viSeRaNam,2.1#viSeRaNam,1.1#karma,10.1	1	03	002	mahABArawam	mOsalaparvaH	-
6.1	gqhANi	-	gqhANi	gqha{napuM;1;bahu}/gqha{napuM;2;bahu}/gqha{napuM;8;bahu}	gqha{napuM;1;bahu}	karma,7.1	karma,7.1	1	03	002	mahABArawam	mOsalaparvaH	-
7.1	avekRya	-	avekRya	ava_IkR1{avya;lyap;BvAxiH}	ava_IkR1{avya;lyap;BvAxiH}	pUrvakAlaH,10.1	pUrvakAlaH,10.1	1	03	002	mahABArawam	mOsalaparvaH	-
8.1	vqRNInAm	-	vqRNInAm	vqRNi{puM;6;bahu}	vqRNi{puM;6;bahu}	RaRTIsambanXaH,6.1	RaRTIsambanXaH,6.1#RaRTIsambanXaH,4.1#RaRTIsambanXaH,3.1#RaRTIsambanXaH,2.1#RaRTIsambanXaH,1.1	1	03	002	mahABArawam	mOsalaparvaH	-
9.1	na	-	na	na{avya}	na{avya}	prawiReXaH,10.1	prawiReXaH,10.1	1	03	002	mahABArawam	mOsalaparvaH	-
1.1	uwpexire	-	uwpexire	uw_pax1{karwari;lit;pra;bahu;AwmanepaxI;xivAxiH}/uw_pax1{karmaNi;lit;pra;bahu;AwmanepaxI;xivAxiH}	uw_pax1{karwari;lit;pra;bahu;AwmanepaxI;xivAxiH}	aBihiwa_karwA,2.2	-	1	03	003	mahABArawam	mOsalaparvaH	-
10.1	.	-	.	-	-	-	-	1	03	003	mahABArawam	mOsalaparvaH	-
2.1	mahaw-	-	mahaw-vAwAH	mahaw	mahaw	samAsaH,2.2	samAsaH,2.2	1	03	003	mahABArawam	mOsalaparvaH	-
2.2	vAwAH	-	--	vAwa{puM;1;bahu(vA1;kwa;axAxiH)}/vAwa{puM;8;bahu}/vAwA{swrI;8;bahu}/vAwA{swrI;1;bahu}/vAwA{swrI;2;bahu}	vAwa{puM;1;bahu(vA1;kwa;axAxiH)}	karwA,1.1	viSeRaNam,9.2#viSeRaNam,8.1#sup_samucciwaH,3.1#viSeRaNam,3.1#karwA,1.1	1	03	003	mahABArawam	mOsalaparvaH	-
3.1	xAruNAH	-	xAruNAH	xAruNa{puM;1;bahu}/xAruNa{puM;8;bahu}	xAruNa{puM;1;bahu}	viSeRaNam,2.2	viSeRaNam,9.2#viSeRaNam,8.1#viSeRaNam,2.2	1	03	003	mahABArawam	mOsalaparvaH	-
4.1	ca	-	ca	ca{avya}	ca{avya}	sambanXaH,3.1	sup_samuccaya_xyowakaH,3.1#sambanXaH,3.1	1	03	003	mahABArawam	mOsalaparvaH	-
5.1	xine	-	xine	xina{puM;7;eka}/xina{napuM;7;eka}	xina{puM;7;eka}	vIpsA,6.1	vIpsA,6.1#kAlAXikaraNam,2.2	1	03	003	mahABArawam	mOsalaparvaH	-
6.1	xine	-	xine	xina{puM;7;eka}/xina{napuM;7;eka}	xina{puM;7;eka}	kAlAXikaraNam,1.1	kAlAXikaraNam,2.2#kAlAXikaraNam,1.1	1	03	003	mahABArawam	mOsalaparvaH	-
7.1	vqRNi-	-	vqRNi-anXaka-vinASAya	vqRNi	vqRNi	samAsaH,7.2	samAsaH,7.2	1	03	003	mahABArawam	mOsalaparvaH	-
7.2	anXaka-	-	--	anXaka	anXaka	samAsaH,7.3	samAsaH,7.3	1	03	003	mahABArawam	mOsalaparvaH	-
7.3	vinASAya	-	--	vinASa{puM;4;eka}/vinASa{napuM;4;eka}	vinASa{puM;4;eka}	prayojanam,1.1	prayojanam1,2.2#prayojanam,1.1	1	03	003	mahABArawam	mOsalaparvaH	-
8.1	bahavaH	-	bahavaH	bahu{puM;1;bahu}/bahu{swrI;1;bahu}/bahu{swrI;2;bahu}/bahu{puM;8;bahu}/bahu{swrI;8;bahu}	bahu{puM;1;bahu}	viSeRaNam,2.2	wIvrawAxarSI,9.2#viSeRaNam,9.2#viSeRaNam,2.2#viSeRaNam,3.1	1	03	003	mahABArawam	mOsalaparvaH	-
9.1	roma-	-	roma-harRaNAH	roman	roman	samAsaH,9.2	samAsaH,9.2	1	03	003	mahABArawam	mOsalaparvaH	-
9.2	harRaNAH	-	--	harRaNa{puM;1;bahu}/harRaNA{swrI;1;bahu}/harRaNA{swrI;2;bahu}/harRaNa{puM;8;bahu}/harRaNA{swrI;8;bahu}	harRaNa{puM;1;bahu}	viSeRaNam,2.2	viSeRaNam,8.1#viSeRaNam,2.2#viSeRaNam,3.1	1	03	003	mahABArawam	mOsalaparvaH	-
1.1	vi-	-	vi-vqxXa-mURakAH	vi	vi	samAsaH,1.2	samAsaH,1.2	1	03	004	mahABArawam	mOsalaparvaH	-
1.2	vqxXa-	-	--	vqxXa	vqxXa	samAsaH,1.3	samAsaH,1.3	1	03	004	mahABArawam	mOsalaparvaH	-
1.3	mURakAH	-	--	mURaka{puM;1;bahu}/mURaka{puM;8;bahu}/mURakA{swrI;8;bahu}/mURakA{swrI;1;bahu}/mURakA{swrI;2;bahu}	mURaka{puM;1;bahu}	karwA,11.1	karwA,11.1#viSeRaNam,8.1#viSeRaNam,3.2#viSeRaNam,2.1#sup_samucciwaH,3.2#karma,8.1	1	03	004	mahABArawam	mOsalaparvaH	-
10.1	(Asan)	-	Asan	as1{karwari;laf;pra;bahu;parasmEpaxI;BvAxiH}/as2{karwari;laf;pra;bahu;parasmEpaxI;axAxiH}/Asan{napuM;8;eka}	as1{karwari;laf;pra;bahu;parasmEpaxI;BvAxiH}	aBihiwa_karwA,8.1	aBihiwa_karwA,8.1	1	03	004	mahABArawam	mOsalaparvaH	-
11.1	(Asan)	-	Asan	as1{karwari;laf;pra;bahu;parasmEpaxI;BvAxiH}/as2{karwari;laf;pra;bahu;parasmEpaxI;axAxiH}/Asan{napuM;8;eka}	as1{karwari;laf;pra;bahu;parasmEpaxI;BvAxiH}	aBihiwa_karwA,1.3	aBihiwa_karwA,1.3	1	03	004	mahABArawam	mOsalaparvaH	-
12.1	(Asan)	-	Asan	as1{karwari;laf;pra;bahu;parasmEpaxI;BvAxiH}/as2{karwari;laf;pra;bahu;parasmEpaxI;axAxiH}/Asan{napuM;8;eka}	as1{karwari;laf;pra;bahu;parasmEpaxI;BvAxiH}	aBihiwa_karwA,3.2	aBihiwa_karwA,3.2	1	03	004	mahABArawam	mOsalaparvaH	-
13.1	.	-	.	-	-	-	-	1	03	004	mahABArawam	mOsalaparvaH	-
2.1	raWyAH	-	raWyAH	raWya{puM;1;bahu}/raWyA{swrI;1;bahu}/raWyA{swrI;2;bahu}/raWya{puM;8;bahu}/raWyA{swrI;8;bahu}	raWya{puM;1;bahu}	viSeRaNam,1.3	sup_samucciwaH,3.2#karma,8.1#viSeRaNam,1.3	1	03	004	mahABArawam	mOsalaparvaH	-
3.1	viBinna-	-	viBinna-maNikAH	viBinna	viBinna	samAsaH,3.2	samAsaH,3.2	1	03	004	mahABArawam	mOsalaparvaH	-
3.2	maNikAH	-	--	maNika{puM;1;bahu}/maNika{puM;8;bahu}/maNikA{swrI;8;bahu}/maNikA{swrI;1;bahu}/maNikA{swrI;2;bahu}	maNika{puM;1;bahu}	karwA,12.1	karwA,12.1#viSeRaNam,8.1#viSeRaNam,2.1#viSeRaNam,1.3#karma,8.1	1	03	004	mahABArawam	mOsalaparvaH	-
4.1	waWA	-	waWA	waWA{avya}	waWA{avya}	samuccaya_xyowakaH,3.2	sup_samuccaya_xyowakaH,3.2	1	03	004	mahABArawam	mOsalaparvaH	-
5.1	cIcIkUcI	-	cIcIkUcI	-	-	prawiyogI,6.1	prawiyogI,6.1	1	03	004	mahABArawam	mOsalaparvaH	-
6.1	iwi	-	iwi	iwi{avya}	iwi{avya}	anuyogI,7.1	anuyogI,7.1	1	03	004	mahABArawam	mOsalaparvaH	-
7.1	vASyanwyaH	-	vASyanwyaH	vASyanwI{swrI;1;bahu(vAS;lat;Sawq;xivAxiH;ArRaprayoga)}	vASyanwI{swrI;1;bahu(vAS;lat;Sawq;xivAxiH;ArRaprayoga)}	varwamAnasamAnakAlaH,10.1	varwamAnasamAnakAlaH,10.1	1	03	004	mahABArawam	mOsalaparvaH	-
8.1	sArikAH	-	sArikAH	sArikA{swrI;1;bahu}/sArikA{swrI;8;bahu}/sArikA{swrI;1;bahu(sq1;Nvul;BvAxiH)}/sArikA{swrI;2;bahu(sq1;Nvul;BvAxiH)}/sArikA{swrI;1;bahu(sq2;Nvul;juhowyAxiH)}/sArikA{swrI;2;bahu(sq2;Nvul;juhowyAxiH)}	sArikA{swrI;1;bahu}	karwA,10.1	sup_samucciwaH,3.2#karwA,10.1	1	03	004	mahABArawam	mOsalaparvaH	-
9.1	vqRNi-	-	vqRNi-veSmasu	vqRNi	vqRNi	samAsaH,9.2	samAsaH,9.2	1	03	004	mahABArawam	mOsalaparvaH	-
9.2	veSmasu	-	--	veSman{napuM;7;bahu}	veSman{napuM;7;bahu}	aXikaraNam,10.1	aXikaraNam,8.1#aXikaraNam,10.1	1	03	004	mahABArawam	mOsalaparvaH	-
1.1	na	-	na	na{avya}	na{avya}	prawiReXaH,2.1	prawiReXaH,2.1	2	03	004	mahABArawam	mOsalaparvaH	-
2.1	upaSAmyawi	-	upaSAmyawi	upa_Sam1{karwari;lat;pra;eka;parasmEpaxI;xivAxiH}	upa_Sam1{karwari;lat;pra;eka;parasmEpaxI;xivAxiH}	aBihiwa_karwA,3.1	aBihiwa_karwA,3.1	2	03	004	mahABArawam	mOsalaparvaH	-
3.1	SabxaH	-	SabxaH	Sabxa{puM;1;eka}	Sabxa{puM;1;eka}	karwA,2.1	karwA,2.1	2	03	004	mahABArawam	mOsalaparvaH	-
4.1	ca	-	ca	ca{avya}	ca{avya}	sambanXaH,3.1	sambanXaH,3.1	2	03	004	mahABArawam	mOsalaparvaH	-
5.1	saH	-	saH	wax{sarvanAma;puM;1;eka}	wax{sarvanAma;puM;1;eka}	viSeRaNam,3.1	viSeRaNam,3.1#karwA,2.1	2	03	004	mahABArawam	mOsalaparvaH	-
6.1	xivas-	-	xivArAwram	xivas	xivas	samAsaH,6.2	samAsaH,6.2	2	03	004	mahABArawam	mOsalaparvaH	-
6.2	rAwram	-	-	rAwra{napuM;1;eka}/rAwra{napuM;2;eka}	rAwra{napuM;2;eka}	awyanwasaMyoga_sambanXaH,2.1	awyanwasaMyoga_sambanXaH,2.1	2	03	004	mahABArawam	mOsalaparvaH	-
7.1	eva	-	eva	eva{avya}	eva{avya}	sambanXaH,6.2	sambanXaH,6.2	2	03	004	mahABArawam	mOsalaparvaH	-
8.1	hi	-	hi	hi{avya}	hi{avya}	sambanXaH,2.1	sambanXaH,2.1	2	03	004	mahABArawam	mOsalaparvaH	-
9.1	.	-	.	-	-	-	-	2	03	004	mahABArawam	mOsalaparvaH	-
1.1	anukurvan	-	anukurvan	anukurvaw{puM;1;eka(anu_kq2;Sawq_lat;svAxiH)}/anukurvaw{puM;8;eka(anu_kq2;Sawq_lat;svAxiH)}	anukurvaw{puM;1;eka(anu_kq2;Sawq_lat;svAxiH)}	varwamAnasamAnakAlaH,12.1	varwamAnasamAnakAlaH,12.1	1	03	005	mahABArawam	mOsalaparvaH	-
10.1	anvakurvawa	-	anvakurvawa	anu_kq3{karwari;laf;pra;bahu;AwmanepaxI;wanAxiH}	anu_kq3{karwari;laf;pra;bahu;AwmanepaxI;wanAxiH}	aBihiwa_karwA,6.1;sakarmaka	aBihiwa_karwA,6.1;sakarmaka	1	03	005	mahABArawam	mOsalaparvaH	-
11.1	BArawa	-	BArawa	BArawa{puM;8;eka}	BArawa{puM;8;eka}	samboXyaH,10.1	samboXyaH,10.1#samboXyaH,9.1#samboXyaH,4.1	1	03	005	mahABArawam	mOsalaparvaH	-
12.1	(Asan)	-	Asan	as1{karwari;laf;pra;bahu;parasmEpaxI;BvAxiH}/as2{karwari;laf;pra;bahu;parasmEpaxI;axAxiH}/Asan{napuM;8;eka}	as1{karwari;laf;pra;bahu;parasmEpaxI;BvAxiH}	aBihiwa_karwA,3.1;sakarmaka	aBihiwa_karwA,3.1;sakarmaka	1	03	005	mahABArawam	mOsalaparvaH	-
13.1	.	-	.	-	-	-	-	1	03	005	mahABArawam	mOsalaparvaH	-
2.1	ulUkAnAm	-	ulUkAnAm	ulUka{puM;6;bahu}	ulUka{puM;6;bahu}	RaRTIsambanXaH,4.1	RaRTIsambanXaH,4.1#sup_samucciwaH,7.1#RaRTIsambanXaH,11.1#RaRTIsambanXaH,7.1#RaRTIsambanXaH,6.1#RaRTIsambanXaH,3.1	1	03	005	mahABArawam	mOsalaparvaH	-
3.1	sArasAH	-	sArasAH	sArasa{puM;1;bahu}/sArasA{swrI;1;bahu}/sArasA{swrI;2;bahu}/sArasa{puM;8;bahu}	sArasa{puM;1;bahu}	karwA,12.1	sup_samucciwaH,4.1#karma,1.1#karwA,10.1#karwA,12.1	1	03	005	mahABArawam	mOsalaparvaH	-
4.1	viruwam	-	viruwam	vi_ru2{karwari;lot;ma;xvi;parasmEpaxI;axAxiH}/viruwa{puM;2;eka(vi_ru2;kwa;axAxiH)}/viruwa{napuM;1;eka(vi_ru2;kwa;axAxiH)}/viruwa{napuM;2;eka(vi_ru2;kwa;axAxiH)}	viruwa{puM;2;eka(vi_ru2;kwa;axAxiH)}	karma,12.1	viSeRaNam,9.1#karma,1.1#samucciwaH,9.1#karma,12.1	1	03	005	mahABArawam	mOsalaparvaH	-
5.1	waWA	-	waWA	waWA{avya}	waWA{avya}	sambanXaH,4.1	sambanXaH,4.1#sup_samuccaya_xyowakaH,4.1#samuccaya_xyowakaH,9.1#kriyAviSeRaNam,10.1#kriyAviSeRaNam,9.1#kriyAviSeRaNam,4.1	1	03	005	mahABArawam	mOsalaparvaH	-
6.1	ajAH	-	ajAH	aja{puM;1;bahu}/ajA{swrI;1;bahu}/ajA{swrI;2;bahu}/aja{puM;8;bahu}/ajA{swrI;8;bahu}	aja{puM;1;bahu}	karwA,10.1	sup_samucciwaH,4.1#karma,1.1#karwA,10.1	1	03	005	mahABArawam	mOsalaparvaH	-
7.1	SivAnAm	-	SivAnAm	Siva{puM;6;bahu}/SivA{swrI;6;bahu}	Siva{puM;6;bahu}	RaRTIsambanXaH,9.1	RaRTIsambanXaH,11.1#RaRTIsambanXaH,6.1#RaRTIsambanXaH,3.1#RaRTIsambanXaH,2.1#RaRTIsambanXaH,9.1	1	03	005	mahABArawam	mOsalaparvaH	-
8.1	ca	-	ca	ca{avya}	ca{avya}	sambanXaH,7.1	sup_samuccaya_xyowakaH,7.1#samuccaya_xyowakaH,9.1#sambanXaH,7.1	1	03	005	mahABArawam	mOsalaparvaH	-
9.1	ruwam	-	ruwam	ru2{karwari;lot;ma;xvi;parasmEpaxI;axAxiH}/ruwa{puM;2;eka(ru2;kwa;axAxiH)}/ruwa{napuM;1;eka(ru2;kwa;axAxiH)}/ruwa{napuM;2;eka(ru2;kwa;axAxiH)}	ruwa{puM;2;eka(ru2;kwa;axAxiH)}	karma,10.1	viSeRaNam,4.1#sup_samucciwaH,4.1#karma,10.1	1	03	005	mahABArawam	mOsalaparvaH	-
1.1	pANdurAH	-	pANdurAH	pANdura{puM;1;bahu}/pANdurA{swrI;1;bahu}/pANdurA{swrI;2;bahu}/pANdura{puM;8;bahu}	pANdura{puM;1;bahu}	viSeRaNam,8.1	viSeRaNam,8.1#viSeRaNam,5.2#viSeRaNam,4.1#viSeRaNam,2.2#sup_samucciwaH,2.2	1	03	006	mahABArawam	mOsalaparvaH	-
10.1	waxA	-	waxA	waxA{avya}	waxA{avya}	kAlAXikaraNam,9.1	kAlAXikaraNam,9.1	1	03	006	mahABArawam	mOsalaparvaH	-
11.1	.	-	.	-	-	-	-	1	03	006	mahABArawam	mOsalaparvaH	-
2.1	rakwa-	-	rakwa-pAxAH	rakwa	rakwa	samAsaH,2.2	samAsaH,2.2	1	03	006	mahABArawam	mOsalaparvaH	-
2.2	pAxAH	-	--	pAxa{puM;1;bahu}/pAxa{puM;8;bahu}/pAxA{swrI;8;bahu}/pAxA{swrI;1;bahu}/pAxA{swrI;2;bahu}	pAxa{puM;1;bahu}	viSeRaNam,8.1	viSeRaNam,5.2#viSeRaNam,1.1#karwA,9.1#viSeRaNam,8.1#viSeRaNam,4.1	1	03	006	mahABArawam	mOsalaparvaH	-
3.1	ca	-	ca	ca{avya}	ca{avya}	sambanXaH,2.2	sup_samuccaya_xyowakaH,2.2#sambanXaH,2.2	1	03	006	mahABArawam	mOsalaparvaH	-
4.1	vihagAH	-	vihagAH	vihaga{puM;1;bahu}/vihaga{puM;8;bahu}	vihaga{puM;1;bahu}	viSeRaNam,8.1	karwA,9.1#viSeRaNam,8.1	1	03	006	mahABArawam	mOsalaparvaH	-
5.1	kAla-	-	kAla-coxiwAH	kAla	kAla	samAsaH,5.2	samAsaH,5.2	1	03	006	mahABArawam	mOsalaparvaH	-
5.2	coxiwAH	-	--	coxiwa{puM;1;bahu(cux1;kwa;curAxiH)}/coxiwA{swrI;1;bahu(cux1;kwa;curAxiH)}/coxiwA{swrI;2;bahu(cux1;kwa;curAxiH)}/coxiwa{puM;8;bahu}/coxiwA{swrI;8;bahu}	coxiwa{puM;1;bahu(cux1;kwa;curAxiH)}	viSeRaNam,8.1	viSeRaNam,2.2#viSeRaNam,8.1#viSeRaNam,4.1#viSeRaNam,1.1#karwA,9.1	1	03	006	mahABArawam	mOsalaparvaH	-
6.1	vqRNi-	-	vqRNi-anXakAnAm	vqRNi	vqRNi	samAsaH,6.2	samAsaH,6.2	1	03	006	mahABArawam	mOsalaparvaH	-
6.2	anXakAnAm	-	--	anXaka{puM;6;bahu}/anXaka{napuM;6;bahu}/anXakA{swrI;6;bahu}	anXaka{puM;6;bahu}	RaRTIsambanXaH,7.1	RaRTIsambanXaH,8.1#RaRTIsambanXaH,7.1#RaRTIsambanXaH,5.2#RaRTIsambanXaH,4.1#RaRTIsambanXaH,2.2#RaRTIsambanXaH,1.1	1	03	006	mahABArawam	mOsalaparvaH	-
7.1	geheRu	-	geheRu	geha{napuM;7;bahu}	geha{napuM;7;bahu}	xeSAXikaraNam,9.1	aXikaraNam,9.1#aXikaraNam,5.2#xeSAXikaraNam,9.1	1	03	006	mahABArawam	mOsalaparvaH	-
8.1	kapowAH	-	kapowAH	kapowa{puM;1;bahu}/kapowa{puM;8;bahu}	kapowa{puM;1;bahu}	karwA,9.1	karwA,9.1	1	03	006	mahABArawam	mOsalaparvaH	-
9.1	vyacaran	-	vyacaran	vi_car1{karwari;laf;pra;bahu;parasmEpaxI;BvAxiH}	vi_car1{karwari;laf;pra;bahu;parasmEpaxI;BvAxiH}	aBihiwa_karwA,8.1	aBihiwa_karwA,8.1	1	03	006	mahABArawam	mOsalaparvaH	-
1.1	vyajAyanwa	-	vyajAyanwa	vi_jan2{karwari;laf;pra;bahu;AwmanepaxI;xivAxiH}/vi_jan2{BAve{laf;pra;bahu;AwmanepaxI;xivAxiH}	vi_jan2{karwari;laf;pra;bahu;AwmanepaxI;xivAxiH}	aBihiwa_karwA,10.1	aBihiwa_karwA,10.1	1	03	007	mahABArawam	mOsalaparvaH	-
10.1	mURakAH	-	mURakAH	mURaka{puM;1;bahu}/mURaka{puM;8;bahu}	mURaka{puM;1;bahu}	karwA,1.1	karwA,1.1	1	03	007	mahABArawam	mOsalaparvaH	-
11.1	nakulIRu	-	nakulIRu	nakulI{swrI;7;bahu}	nakulI{swrI;7;bahu}	aXikaraNam,10.1	aXikaraNam,1.1#aXikaraNam,10.1	1	03	007	mahABArawam	mOsalaparvaH	-
12.1	ca	-	ca	ca{avya}	ca{avya}	samuccaya_xyowakaH,10.1	samuccaya_xyowakaH,10.1#sup_samuccaya_xyowakaH,11.1#sambanXaH,11.1	1	03	007	mahABArawam	mOsalaparvaH	-
13.1	.	-	.	-	-	-	-	1	03	007	mahABArawam	mOsalaparvaH	-
2.1	KarAH	-	KarAH	Kara{puM;1;bahu}/KarA{swrI;1;bahu}/KarA{swrI;2;bahu}/Kara{puM;8;bahu}	Kara{puM;1;bahu}	samucciwaH,10.1	samucciwaH,10.1#viSeRaNam,10.1#viSeRaNam,8.1#sup_samucciwaH,8.1#karwA,1.1	1	03	007	mahABArawam	mOsalaparvaH	-
3.1	goRu	-	goRu	go{puM;7;bahu}/go{swrI;7;bahu}	go{puM;7;bahu}	aXikaraNam,2.1	aXikaraNam,2.1#sup_samucciwaH,11.1#sup_samucciwaH,6.1#aXikaraNam,1.1	1	03	007	mahABArawam	mOsalaparvaH	-
4.1	karaBASvawarIRu	-	karaBASvawarIRu	-	-	samucciwaH,10.1	samucciwaH,10.1	1	03	007	mahABArawam	mOsalaparvaH	-
5.1	ca	-	ca	ca{avya}	ca{avya}	sambanXaH,4.1	sambanXaH,4.1	1	03	007	mahABArawam	mOsalaparvaH	-
6.1	SunIRu	-	SunIRu	SunI{swrI;7;bahu}	SunI{swrI;7;bahu}	aXikaraNam,8.1	aXikaraNam,8.1#sup_samucciwaH,11.1#aXikaraNam,1.1	1	03	007	mahABArawam	mOsalaparvaH	-
7.1	api	-	api	api{avya}	api{avya}	sambanXaH,6.1	sup_samuccaya_xyowakaH,6.1#sambanXaH,6.1	1	03	007	mahABArawam	mOsalaparvaH	-
8.1	bidAlAH	-	bidAlAH	bidAla{puM;1;bahu}/bidAlA{swrI;1;bahu}/bidAlA{swrI;2;bahu}/bidAla{puM;8;bahu}	bidAla{puM;1;bahu}	samucciwaH,10.1	karwA,1.1#samucciwaH,10.1	1	03	007	mahABArawam	mOsalaparvaH	-
9.1	ca	-	ca	ca{avya}	ca{avya}	samuccaya_xyowakaH,8.1	sup_samuccaya_xyowakaH,8.1#sambanXaH,8.1	1	03	007	mahABArawam	mOsalaparvaH	-
1.1	na	-	na	na{avya}	na{avya}	prawiReXaH,7.1	prawiReXaH,7.1	1	03	008	mahABArawam	mOsalaparvaH	-
10.1	api	-	api	api{avya}	api{avya}	sambanXaH,9.1	sup_samucciwaH,14.1#sup_samuccaya_xyowakaH,9.1#sambanXaH,9.1	1	03	008	mahABArawam	mOsalaparvaH	-
11.1	piwQn	-	piwQn	piwq{puM;2;bahu}	piwq{puM;2;bahu}	samucciwaH,12.1	sup_samucciwaH,12.1#karma,4.1	1	03	008	mahABArawam	mOsalaparvaH	-
12.1	xevAn	-	xevAn	xeva{puM;2;bahu}	xeva{puM;2;bahu}	karma,7.1	karma,7.1	1	03	008	mahABArawam	mOsalaparvaH	-
13.1	waWA	-	waWA	waWA{avya}	waWA{avya}	samuccaya_xyowakaH,12.1	sup_samucciwaH,14.1#sup_samucciwaH,9.1#sup_samuccaya_xyowakaH,12.1#kriyAviSeRaNam,7.1	1	03	008	mahABArawam	mOsalaparvaH	-
14.1	eva	-	eva	eva{avya}	eva{avya}	sambanXaH,13.1	sambanXaH,13.1	1	03	008	mahABArawam	mOsalaparvaH	-
15.1	ca	-	ca	ca{avya}	ca{avya}	sambanXaH,14.1	sup_samuccaya_xyowakaH,14.1#sambanXaH,14.1	1	03	008	mahABArawam	mOsalaparvaH	-
16.1	.	-	.	-	-	-	-	1	03	008	mahABArawam	mOsalaparvaH	-
2.1	apawrapanwa	-	apawrapanwa	apa_wrap{karwari;laf;pra;bahu;AwmanepaxI;BvAxiH;ArRaprayoga}	apa_wrap{karwari;laf;pra;bahu;AwmanepaxI;BvAxiH;ArRaprayoga}	aBihiwa_karwA,5.1,akarmaka	aBihiwa_karwA,5.1,akarmaka	1	03	008	mahABArawam	mOsalaparvaH	-
3.1	pApAni	-	pApAni	pApa{napuM;1;bahu}/pApa{napuM;2;bahu}/pApa{napuM;8;bahu}	pApa{napuM;2;bahu}	karma,4.1	sup_samucciwaH,12.1#sup_samucciwaH,8.1#karma,4.1#karwA,7.1	1	03	008	mahABArawam	mOsalaparvaH	-
4.1	kurvanwaH	-	kurvanwaH	kurvaw{puM;8;bahu}/kurvaw{puM;1;bahu(kq3;Sawq_lat;wanAxiH)}	kurvaw{puM;1;bahu(kq3;Sawq_lat;wanAxiH)}	varwamAnasamAnakAlaH,2.1	varwamAnasamAnakAlaH,7.1#karwA,7.1#varwamAnasamAnakAlaH,2.1	1	03	008	mahABArawam	mOsalaparvaH	-
5.1	vqRNayaH	-	vqRNayaH	vqRNi{puM;1;bahu}/vqRNi{puM;8;bahu}	vqRNi{puM;1;bahu}	karwA,2.1;karwA,7.1	karwA,7.1;karwA,2.1	1	03	008	mahABArawam	mOsalaparvaH	-
6.1	waxA	-	waxA	waxA{avya}	waxA{avya}	kAlAXikaraNam,2.1	sup_samucciwaH,9.1#kAlAXikaraNam,7.1#kAlAXikaraNam,2.1	1	03	008	mahABArawam	mOsalaparvaH	-
7.1	prAxviRan	-	prAxviRan	pra_xviR1{karwari;laf;pra;bahu;parasmEpaxI;axAxiH}	pra_xviR1{karwari;laf;pra;bahu;parasmEpaxI;axAxiH}	aBihiwa_karwA,5.1;sakarmaka	aBihiwa_karwA,5.1;sakarmaka	1	03	008	mahABArawam	mOsalaparvaH	-
8.1	brAhmaNAn	-	brAhmaNAn	brAhmaNa{puM;2;bahu}	brAhmaNa{puM;2;bahu}	samucciwaH,12.1	sup_samucciwaH,12.1#karma,4.1	1	03	008	mahABArawam	mOsalaparvaH	-
9.1	ca	-	ca	ca{avya}	ca{avya}	samuccaya_xyowakaH,8.1	sup_samuccaya_xyowakaH,8.1#sambanXaH,8.1	1	03	008	mahABArawam	mOsalaparvaH	-
1.1	gurUn	-	gurUn	guru{puM;2;bahu}	guru{puM;2;bahu}	karma,4.1	viSeRaNam,9.1#karma,4.1	1	03	009	mahABArawam	mOsalaparvaH	-
10.1	vyuccaranwa	-	vyuccaranwa	vi_uw_cara{karwari;laf;pra;bahu;AwmanepaxI;BvAxiH;ArRaprayoga}	vi_uw_cara{karwari;laf;pra;bahu;AwmanepaxI;BvAxiH;ArRaprayoga}	aBihiwa_karwA,8.1,sakarmaka	aBihiwa_karwA,8.1,sakarmaka	1	03	009	mahABArawam	mOsalaparvaH	-
11.1	pawnIH	-	pawnIH	pawnI{swrI;2;bahu}	pawnI{swrI;2;bahu}	karma,16.1	karma,16.1	1	03	009	mahABArawam	mOsalaparvaH	-
12.1	ca	-	ca	ca{avya}	ca{avya}	sambanXaH,11.1	sup_samuccaya_xyowakaH,11.1#sambanXaH,11.1	1	03	009	mahABArawam	mOsalaparvaH	-
13.1	pawayaH	-	pawayaH	pawi{puM;1;bahu}/pawi{puM;8;bahu}	pawi{puM;1;bahu}	karwA,16.1	karwA,16.1	1	03	009	mahABArawam	mOsalaparvaH	-
14.1	waWA	-	waWA	waWA{avya}	waWA{avya}	sambanXaH,13.1	sup_samuccaya_xyowakaH,13.1#sambanXaH,13.1	1	03	009	mahABArawam	mOsalaparvaH	-
15.1	avAmanyewAm	-	avAmanyewAm	ava_man{karwari;laf;pra;xvi;AwmanepaxI;xivAxiH}	ava_man{karwari;laf;pra;xvi;AwmanepaxI;xivAxiH}	aBihiwa_karwA,7.2,sakarmaka	aBihiwa_karwA,7.2,sakarmaka	1	03	009	mahABArawam	mOsalaparvaH	-
16.1	vyuccaranwa	-	vyuccaranwa	vi_uw_cara{karwari;laf;pra;bahu;AwmanepaxI;BvAxiH;ArRaprayoga}	vi_uw_cara{karwari;laf;pra;bahu;AwmanepaxI;BvAxiH;ArRaprayoga}	aBihiwa_karwA,13.1,sakarmaka	aBihiwa_karwA,13.1,sakarmaka	1	03	009	mahABArawam	mOsalaparvaH	-
17.1	.	-	.	-	-	-	-	1	03	009	mahABArawam	mOsalaparvaH	-
2.1	ca	-	ca	ca{avya}	ca{avya}	sambanXaH,1.1	sambanXaH,1.1	1	03	009	mahABArawam	mOsalaparvaH	-
3.1	api	-	api	api{avya}	api{avya}	sambanXaH,2.1	sup_samuccaya_xyowakaH,2.1#sambanXaH,2.1	1	03	009	mahABArawam	mOsalaparvaH	-
4.1	avamanyanwa	-	avamanyanwa	ava_man{karwari;laf;pra;bahu;AwmanepaxI;xivAxiH;ArRaprayoga}	ava_man{karwari;laf;pra;bahu;AwmanepaxI;xivAxiH;ArRaprayoga}	aBihiwa_karwA	aBihiwa_karwA	1	03	009	mahABArawam	mOsalaparvaH	-
5.1	na	-	na	na{avya}	na{avya}	prawiReXaH,15.1	prawiReXaH,15.1	1	03	009	mahABArawam	mOsalaparvaH	-
6.1	wu	-	wu	wu{avya}	wu{avya}	sambanXaH,5.1	sup_samucciwaH,2.1#sambanXaH,5.1	1	03	009	mahABArawam	mOsalaparvaH	-
7.1	rAma-	-	rAma-janArxanO	rAma	rAma	samAsaH,7.2	samAsaH,7.2	1	03	009	mahABArawam	mOsalaparvaH	-
7.2	janArxanO	-	--	janArxana{puM;1;xvi}/janArxana{puM;2;xvi}/janArxana{puM;8;xvi}	janArxana{puM;1;xvi}	karwA,15.1	karwA,15.1#sup_samucciwaH,11.1#sup_samucciwaH,13.1	1	03	009	mahABArawam	mOsalaparvaH	-
8.1	pawnyaH	-	pawnyaH	pawnI{swrI;1;bahu}/pawnI{swrI;8;bahu}	pawnI{swrI;1;bahu}	karwA,10.1	sup_samucciwaH,13.1#karwA,10.1	1	03	009	mahABArawam	mOsalaparvaH	-
9.1	pawIn	-	pawIn	pawi{puM;2;bahu}	pawi{puM;2;bahu}	karma,10.1	karma,10.1	1	03	009	mahABArawam	mOsalaparvaH	-
1.1	viBAvasuH	-	viBAvasuH	viBAvasu{puM;1;eka}	viBAvasu{puM;1;eka}	karwA,4.1	karwA,4.1	1	03	010	mahABArawam	mOsalaparvaH	-
2.1	prajvaliwaH	-	prajvaliwaH	prajvaliwa{puM;1;eka}	prajvaliwa{puM;1;eka}	viSeRaNam,1.1	karwA,4.1#viSeRaNam,1.1	1	03	010	mahABArawam	mOsalaparvaH	-
3.1	vAmam	-	vAmam	vAma{puM;2;eka}/vAma{napuM;1;eka}/vAma{napuM;2;eka}	vAma{puM;2;eka}	karma,4.1	karma,6.1#karwA,4.1#karma,4.1	1	03	010	mahABArawam	mOsalaparvaH	-
4.1	viparivarwawe	-	viparivarwawe	vi_pari_vqw1{karwari;lat;pra;eka;AwmanepaxI;BvAxiH}	vi_pari_vqw1{karwari;lat;pra;eka;AwmanepaxI;BvAxiH}	aBihiwa_karwA,1.1,sakarmaka	aBihiwa_karwA,1.1,sakarmaka	1	03	010	mahABArawam	mOsalaparvaH	-
5.1	nIla-	-	nIla-lohiwa-mAFjiRTA	nIla	nIla	samAsaH,5.2	samAsaH,5.2	1	03	010	mahABArawam	mOsalaparvaH	-
5.2	lohiwa-	-	--	lohiwa	lohiwa	samAsaH,5.3	samAsaH,5.3	1	03	010	mahABArawam	mOsalaparvaH	-
5.3	mAFjiRTA	-	--	mAFjiRTA{swrI;1;eka}	mAFjiRTA{swrI;1;eka}	viSeRaNam,7.1	karwA,4.1#viSeRaNam,7.1	1	03	010	mahABArawam	mOsalaparvaH	-
6.1	visqjan	-	visqjan	visqjaw{puM;1;eka(vi_sqj2;Sawq_lat;wuxAxiH)}	visqjaw{puM;1;eka(vi_sqj2;Sawq_lat;wuxAxiH)}	varwamAnasamAnakAlaH,4.1	varwamAnasamAnakAlaH,4.1#karwA,4.1	1	03	010	mahABArawam	mOsalaparvaH	-
7.1	arciRaH	-	arciRaH	arcis{napuM;5;eka}/arcis{napuM;6;eka}/arcis{swrI;1;bahu}/arcis{swrI;2;bahu}/arcis{swrI;5;eka}/arcis{swrI;6;eka}/arcis{swrI;8;bahu}	arcis{napuM;6;eka}	karma,6.1	RaRTIsambanXaH,5.3#RaRTIsambanXaH,3.1#RaRTIsambanXaH,2.1#RaRTIsambanXaH,1.1#hewuH5,6.1#hewuH5,4.1#karma,6.1	1	03	010	mahABArawam	mOsalaparvaH	-
8.1	pqWak	-	pqWak	pqWak{avya}	pqWak{avya}	kriyAviSeRaNam,6.1	kriyAviSeRaNam,4.1#kriyAviSeRaNam,6.1	1	03	010	mahABArawam	mOsalaparvaH	-
9.1	.	-	.	-	-	-	-	1	03	010	mahABArawam	mOsalaparvaH	-
1.1	uxaya-	-	uxaya-aswa-mane	uxaya(uw_i1;GaF;axAxiH)	uxaya(uw_i1;GaF;axAxiH)	samAsaH,1.2	samAsaH,1.2	1	03	011	mahABArawam	mOsalaparvaH	-
1.2	aswa-	-	--	aswa{avya}	aswa{avya}	samAsaH,1.3	samAsaH,1.3	1	03	011	mahABArawam	mOsalaparvaH	-
1.3	mane	-	--	mana{puM;7;eka}/mana{napuM;8;xvi}/mana{napuM;1;xvi}/mana{napuM;2;xvi}/mana{napuM;7;eka}/manA{swrI;8;eka}/manA{swrI;8;xvi}/manA{swrI;1;xvi}/manA{swrI;2;xvi}	mana{puM;7;eka}	kAlAXikaraNam,6.1	kAlAXikaraNam,6.1	1	03	011	mahABArawam	mOsalaparvaH	-
10.1	parivAriwaH	-	parivAriwaH	parivAriwa{puM;1;eka}/parivAriwa{puM;1;eka(pari_vq;Nic;karwari;kwa;BvAxiH)}	parivAriwa{puM;1;eka(pari_vq;Nic;kwa;BvAxiH)}	viSeRaNam,5.2	viSeRaNam,5.2	1	03	011	mahABArawam	mOsalaparvaH	-
11.1	.	-	.	-	-	-	-	1	03	011	mahABArawam	mOsalaparvaH	-
2.1	niwyam	-	niwyam	niwya{puM;2;eka}/niwya{napuM;1;eka}/niwya{napuM;2;eka}/niwya{avya}	niwya{avya}	kriyAviSeRaNam,6.1	kriyAviSeRaNam,1.1#kriyAviSeRaNam,6.1	1	03	011	mahABArawam	mOsalaparvaH	-
3.1	puryAm	-	puryAm	puri{swrI;7;eka}/purI{swrI;7;eka}	puri{swrI;7;eka}	xeSAXikaraNam,6.1	aXikaraNam,1.1#xeSAXikaraNam,6.1	1	03	011	mahABArawam	mOsalaparvaH	-
4.1	wasyAm	-	wasyAm	wax{sarvanAma;swrI;7;eka}	wax{sarvanAma;swrI;7;eka}	viSeRaNam,3.1	viSeRaNam,3.1#aXikaraNam,1.1	1	03	011	mahABArawam	mOsalaparvaH	-
5.1	xivas-	-	xivAkaraH	xivas	xivas	samAsaH,5.2	samAsaH,5.2	1	03	011	mahABArawam	mOsalaparvaH	-
5.2	karaH	-	--	kara{puM;1;eka}	kara{puM;1;eka}	karma,6.1	viSeRaNam,10.1#karma,6.1	1	03	011	mahABArawam	mOsalaparvaH	-
6.1	vyaxqSyawa	-	vyaxqSyawa	vi_xqS{karmaNi;laf;pra;eka;AwmanepaxI;BvAxiH;ArRaprayoga}	vi_xqS{karmaNi;laf;pra;eka;AwmanepaxI;BvAxiH;ArRaprayoga}	aBihiwa_karma,5.2,sakarmaka	aBihiwa_karma,5.2,sakarmaka	1	03	011	mahABArawam	mOsalaparvaH	-
7.1	asakqw	-	asakqw	asakqw{avya}	asakqw{avya}	kriyAviSeRaNam,6.1	kriyAviSeRaNam,6.1	1	03	011	mahABArawam	mOsalaparvaH	-
8.1	pumBiH	-	pumBiH	pums{puM;3;bahu}	pums{puM;3;bahu}	karwA,10.1	hewuH,1.1#karwA,10.1	1	03	011	mahABArawam	mOsalaparvaH	-
9.1	kabanXEH	-	kabanXEH	kabanXa{puM;3;bahu}	kabanXa{puM;3;bahu}	viSeRaNam,8.1	hewuH,1.1#viSeRaNam,8.1	1	03	011	mahABArawam	mOsalaparvaH	-
1.1	mahAnaseRu	-	mahAnaseRu	mahAnasa{puM;7;bahu}/mahAnasa{napuM;7;bahu}	mahAnasa{puM;7;bahu}	xeSAXikaraNam,9.1	aXikaraNam,2.1#xeSAXikaraNam,9.1	1	03	012	mahABArawam	mOsalaparvaH	-
10.1	nara-	-	nara-aXipa	nara	nara	samAsaH,10.2	samAsaH,10.2	1	03	012	mahABArawam	mOsalaparvaH	-
10.2	aXipa	-	--	aXipa{puM;8;eka}/aXipa{napuM;8;eka}	aXipa{puM;8;eka}	samboXyaH,9.1	aBexaH,6.1#samboXyaH,9.1	1	03	012	mahABArawam	mOsalaparvaH	-
11.1	.	-	.	-	-	-	-	1	03	012	mahABArawam	mOsalaparvaH	-
2.1	sixXe	-	sixXe	sixXi{swrI;8;eka}/sixXa{puM;7;eka(RiX2;kwa;BvAxiH)}/sixXa{napuM;7;eka(RiX2;kwa;BvAxiH)}/sixXa{puM;7;eka(RiX3;kwa;xivAxiH)}/sixXa{napuM;7;eka(RiX3;kwa;xivAxiH)}	sixXa{napuM;7;eka(RiX2;kwa;BvAxiH)}	viSeRaNam,3.1	viSeRaNam,3.1	1	03	012	mahABArawam	mOsalaparvaH	-
3.1	anne	-	anne	anna{napuM;1;xvi}/anna{napuM;2;xvi}/anna{napuM;8;xvi}/anna{napuM;7;eka}	anna{napuM;7;eka}	xeSAXikaraNam,9.1	aXikaraNam,2.1#xeSAXikaraNam,9.1	1	03	012	mahABArawam	mOsalaparvaH	-
4.1	saMskqwe	-	saMskqwe	saMskqwa{puM;7;eka}/saMskqwa{napuM;7;eka}	saMskqwa{puM;7;eka}	viSeRaNam,3.1	aXikaraNam,2.1#viSeRaNam,3.1	1	03	012	mahABArawam	mOsalaparvaH	-
5.1	awIva	-	awIva	awIva{avya}	awIva{avya}	wIvrawAxarSI,4.1	viSeRaNam,10.2#viSeRaNam,8.1#viSeRaNam,6.1#wIvrawAxarSI,4.1	1	03	012	mahABArawam	mOsalaparvaH	-
6.1	BArawa	-	BArawa	BArawa{puM;8;eka}	BArawa{puM;8;eka}	samboXyaH,9.1	samboXyaH,9.1	1	03	012	mahABArawam	mOsalaparvaH	-
7.1	AhAryamANe	-	AhAryamANe	-	-	viSeRaNam,3.1	viSeRaNam,3.1	1	03	012	mahABArawam	mOsalaparvaH	-
8.1	kqmayaH	-	kqmayaH	kqmi{puM;1;bahu}/kqmi{puM;8;bahu}	kqmi{puM;1;bahu}	karma,9.1	karma,9.1	1	03	012	mahABArawam	mOsalaparvaH	-
9.1	vyaxqSyanwa	-	vyaxqSyanwa	-	-	aBihiwa_karma,8.1,sakarmaka	aBihiwa_karma,8.1,sakarmaka	1	03	012	mahABArawam	mOsalaparvaH	-
1.1	puNya-	-	puNya-ahe	puNya	puNya	samAsaH,1.2	samAsaH,1.2	1	03	013	mahABArawam	mOsalaparvaH	-
1.2	ahe	-	--	ahi{puM;8;eka}/ahi{napuM;8;eka}/ahi{napuM;1;eka}/ahi{napuM;2;eka}/aha{puM;7;eka}	aha{puM;7;eka}	karma,2.1	karma,7.2#karma,4.1#karma,2.1	1	03	013	mahABArawam	mOsalaparvaH	-
10.1	ca	-	ca	ca{avya}	ca{avya}	sambanXaH,9.1	sup_samuccaya_xyowakaH,9.1#sambanXaH,9.1	1	03	013	mahABArawam	mOsalaparvaH	-
11.1	axqSyawa	-	axqSyawa	xqS1{karmaNi;laf;pra;eka;AwmanepaxI;BvAxiH}	xqS1{karmaNi;laf;pra;eka;AwmanepaxI;BvAxiH}	aBihiwa_karma,12.1;sakarmaka	-	1	03	013	mahABArawam	mOsalaparvaH	-
12.1	kaScana	-	kaScana	kiFcana{sarvanAma;puM;1;eka}	kiFcana{sarvanAma;puM;1;eka}	karma,11.1	karma,11.1	1	03	013	mahABArawam	mOsalaparvaH	-
13.1	.	-	.	-	-	-	-	1	03	013	mahABArawam	mOsalaparvaH	-
2.1	vAcyamAne	-	vAcyamAne	-	-	samucciwaH,4.1	samucciwaH,4.1	1	03	013	mahABArawam	mOsalaparvaH	-
3.1	ca	-	ca	ca{avya}	ca{avya}	samuccaya_xyowakaH,2.1	samuccaya_xyowakaH,2.1	1	03	013	mahABArawam	mOsalaparvaH	-
4.1	japawsu	-	japawsu	japaw{puM;7;bahu(jap1;Sawq_lat;BvAxiH)}/japaw{napuM;7;bahu(jap1;Sawq_lat;BvAxiH)}	japaw{puM;7;bahu(jap1;Sawq_lat;BvAxiH)}	BAvalakRaNasapwamI_samAnakAlaH,8.1	BAvalakRaNasapwamI_samAnakAlaH,11.1#BAvalakRaNasapwamI_samAnakAlaH,8.1	1	03	013	mahABArawam	mOsalaparvaH	-
5.1	ca	-	ca	ca{avya}	ca{avya}	samuccaya_xyowakaH,4.1	sup_samucciwaH,9.1#sup_samuccaya_xyowakaH,4.1#sambanXaH,4.1	1	03	013	mahABArawam	mOsalaparvaH	-
6.1	mahaw-	-	mahaw-Awmasu	mahaw	mahaw	samAsaH,6.2	samAsaH,6.2	1	03	013	mahABArawam	mOsalaparvaH	-
6.2	Awmasu	-	--	Awman{puM;7;bahu}	Awman{puM;7;bahu}	karwA,4.1	viSeRaNam,4.1#sup_samucciwaH,4.1#aXikaraNam,11.1#karwA,4.1#aXikaraNam,8.1#aXikaraNam,7.2#aXikaraNam,4.1#BkarwA,4.1	1	03	013	mahABArawam	mOsalaparvaH	-
7.1	aBi-	-	aBi-XAvanwaH	aBi	aBi	samAsaH,7.2	samAsaH,7.2	1	03	013	mahABArawam	mOsalaparvaH	-
7.2	XAvanwaH	-	--	XAvaw{puM;1;bahu(XAv1;Sawq_lat;BvAxiH)}	XAvaw{puM;1;bahu(XAv1;Sawq_lat;BvAxiH)}	karma,8.1	karma,8.1	1	03	013	mahABArawam	mOsalaparvaH	-
8.1	SrUyanwe	-	SrUyanwe	Sru1{karmaNi;lat;pra;bahu;AwmanepaxI;BvAxiH}	Sru1{karmaNi;lat;pra;bahu;AwmanepaxI;BvAxiH}	aBihiwa_karma,7.2;sakarmaka	-	1	03	013	mahABArawam	mOsalaparvaH	-
9.1	na	-	na	na{avya}	na{avya}	prawiReXaH,11.1	prawiReXaH,11.1	1	03	013	mahABArawam	mOsalaparvaH	-
1.1	parasparam	-	parasparam	paraspara{puM;2;eka}/paraspara{napuM;1;eka}/paraspara{napuM;2;eka}/paraspara{avya}	paraspara{avya}	kriyAviSeRaNam,4.1	kriyAviSeRaNam,8.1#kriyAviSeRaNam,4.1#karma,4.1#karwA,8.1	1	03	014	mahABArawam	mOsalaparvaH	-
10.1	we	-	we	wax{sarvanAma;puM;1;bahu}/wax{sarvanAma;napuM;1;xvi}/wax{sarvanAma;napuM;2;xvi}/wax{sarvanAma;swrI;1;xvi}/wax{sarvanAma;swrI;2;xvi}/yuRmax{sarvanAma;6;eka}/yuRmax{sarvanAma;4;eka}	wax{sarvanAma;puM;1;bahu}	karwA,8.1	prayojanam1,8.1#prayojanam1,4.1#RaRTIsambanXaH,7.1#RaRTIsambanXaH,3.1#RaRTIsambanXaH,1.1#viSeRaNam,9.1#karma,8.1#karma,4.1#karwA,8.1	1	03	014	mahABArawam	mOsalaparvaH	-
11.1	na	-	na	na{avya}	na{avya}	prawiReXaH,15.1	prawiReXaH,15.1	1	03	014	mahABArawam	mOsalaparvaH	-
12.1	AwmanaH	-	AwmanaH	Awman{puM;2;bahu}/Awman{puM;5;eka}/Awman{puM;6;eka}	Awman{puM;6;eka}	RaRTIsambanXaH,16.1	RaRTIsambanXaH,16.1#viSeRaNam,10.1#RaRTIsambanXaH,7.1#RaRTIsambanXaH,3.1#RaRTIsambanXaH,1.1#hewuH5,8.1#hewuH5,4.1#karma,8.1	1	03	014	mahABArawam	mOsalaparvaH	-
13.1	wu	-	wu	wu{avya}	wu{avya}	sambanXaH,12.1	sambanXaH,12.1	1	03	014	mahABArawam	mOsalaparvaH	-
14.1	kaWaFcana	-	kaWaFcana	kaWaFcana{avya}	kaWaFcana{avya}	kriyAviSeRaNam,15.1	kriyAviSeRaNam,15.1	1	03	014	mahABArawam	mOsalaparvaH	-
15.1	(apaSyan)	-	apaSyan	xqS1{karwari;laf;pra;bahu;parasmEpaxI;BvAxiH}	xqS1{karwari;laf;pra;bahu;parasmEpaxI;BvAxiH}	aBihiwa_karwA	aBihiwa_karwA	1	03	014	mahABArawam	mOsalaparvaH	-
16.1	(nakRawram)	-	nakRawram	nakRawra{napuM;1;eka}/nakRawra{napuM;2;eka}	nakRawra{napuM;2;eka}	karma,15.1	karma,8.1#karma,4.1#karma,15.1	1	03	014	mahABArawam	mOsalaparvaH	-
17.1	.	-	.	-	-	-	-	1	03	014	mahABArawam	mOsalaparvaH	-
2.1	ca	-	ca	ca{avya}	ca{avya}	sambanXaH,1.1	sambanXaH,1.1	1	03	014	mahABArawam	mOsalaparvaH	-
3.1	nakRawram	-	nakRawram	nakRawra{napuM;1;eka}/nakRawra{napuM;2;eka}	nakRawra{napuM;2;eka}	karma,8.1	karma,8.1#karma,4.1	1	03	014	mahABArawam	mOsalaparvaH	-
4.1	hanyamAnam	-	hanyamAnam	hanyamAna{puM;2;eka(han1;SAnac_lat;karmaNi;axAxiH)}/hanyamAna{napuM;1;eka(han1;SAnac_lat;karmaNi;axAxiH)}/hanyamAna{napuM;2;eka(han1;SAnac_lat;karmaNi;axAxiH)}	hanyamAna{puM;2;eka(han1;SAnac_lat;karmaNi;axAxiH)}	viSeRaNam,3.1	viSeRaNam,3.1#karma,8.1#viSeRaNam,1.1	1	03	014	mahABArawam	mOsalaparvaH	-
5.1	punaH	-	punaH	punaH{avya}	punaH{avya}	vIpsA,6.1	vIpsA,6.1#kriyAviSeRaNam,8.1	1	03	014	mahABArawam	mOsalaparvaH	-
6.1	punaH	-	punaH	punaH{avya}	punaH{avya}	kriyAviSeRaNam,4.1	kriyAviSeRaNam,8.1#kriyAviSeRaNam,4.1#karma,4.1#karwA,8.1	1	03	014	mahABArawam	mOsalaparvaH	-
7.1	grahEH	-	grahEH	graha{puM;3;bahu}	graha{puM;3;bahu}	karwA,4.1	karwA,4.1#karaNam,8.1#karaNam,4.1#hewuH,8.1#hewuH,4.1	1	03	014	mahABArawam	mOsalaparvaH	-
8.1	apaSyan	-	apaSyan	xqS1{karwari;laf;pra;bahu;parasmEpaxI;BvAxiH}	xqS1{karwari;laf;pra;bahu;parasmEpaxI;BvAxiH}	aBihiwa_karwA,10.1;sakarmaka	aBihiwa_karwA,10.1;sakarmaka	1	03	014	mahABArawam	mOsalaparvaH	-
9.1	sarve	-	sarve	sarva{sarvanAma;puM;1;bahu}/sarva{sarvanAma;napuM;1;xvi}/sarva{sarvanAma;napuM;2;xvi}/sarvA{sarvanAma;swrI;1;xvi}/sarvA{sarvanAma;swrI;2;xvi}	sarva{sarvanAma;puM;1;bahu}	viSeRaNam,10.1	viSeRaNam,10.1#karma,8.1#karma,4.1#karwA,8.1	1	03	014	mahABArawam	mOsalaparvaH	-
1.1	naxanwam	-	naxanwam	naxaw{puM;2;eka(Nax1;Sawq_lat;BvAxiH)}	naxaw{puM;2;eka(Nax1;Sawq_lat;BvAxiH)}	varwamAnasamAnakAlaH,6.1	varwamAnasamAnakAlaH,6.1#viSeRaNam,2.1#sup_samucciwaH,2.1	1	03	015	mahABArawam	mOsalaparvaH	-
2.1	pAFcajanyam	-	pAFcajanyam	pAFcajanya{puM;2;eka}/pAFcajanya{napuM;1;eka}/pAFcajanya{napuM;2;eka}	pAFcajanya{puM;2;eka}	karma,1.1	karma,1.1	1	03	015	mahABArawam	mOsalaparvaH	-
3.1	ca	-	ca	ca{avya}	ca{avya}	sambanXaH,2.1	sup_samuccaya_xyowakaH,2.1#sambanXaH,2.1	1	03	015	mahABArawam	mOsalaparvaH	-
4.1	vqRNi-	-	vqRNi-anXaka-niveSane	vqRNi	vqRNi	samAsaH,4.2	samAsaH,4.2	1	03	015	mahABArawam	mOsalaparvaH	-
4.2	anXaka-	-	--	anXaka	anXaka	samAsaH,4.3	samAsaH,4.3	1	03	015	mahABArawam	mOsalaparvaH	-
4.3	niveSane	-	--	niveSana{napuM;1;xvi(ni_viS1;lyut;wuxAxiH)}/niveSana{napuM;2;xvi(ni_viS1;lyut;wuxAxiH)}/niveSana{napuM;7;eka(ni_viS1;lyut;wuxAxiH)}/niveSana{puM;7;eka}/niveSana{napuM;8;xvi}/niveSanA{swrI;8;eka}/niveSanA{swrI;8;xvi}/niveSanA{swrI;1;xvi}/niveSanA{swrI;2;xvi}	niveSana{napuM;7;eka(ni_viS1;lyut;wuxAxiH)}	xeSAXikaraNam,6.1	aXikaraNam,1.1#xeSAXikaraNam,6.1	1	03	015	mahABArawam	mOsalaparvaH	-
5.1	samanwAw	-	samanwAw	samanwAw{avya}/samanwa{puM;5;eka}/samanwa{napuM;5;eka}	samanwAw{avya}	kriyAviSeRaNam,6.1	kriyAviSeRaNam,6.1#hewuH5,4.3#hewuH5,1.1#kriyAviSeRaNam,4.3	1	03	015	mahABArawam	mOsalaparvaH	-
6.1	prawyavASyanwa	-	prawyavASyanwa	prawi_vASq{karwari;laf;pra;bahu;AwmanepaxI;xivAxiH}	prawi_vASq{karwari;laf;pra;bahu;AwmanepaxI;xivAxiH}	aBihiwa_karwA,7.1	aBihiwa_karwA,7.1	1	03	015	mahABArawam	mOsalaparvaH	-
7.1	rAsaBAH	-	rAsaBAH	rAsaBa{puM;1;bahu}/rAsaBa{puM;8;bahu}	rAsaBa{puM;1;bahu}	karwA,6.1	karwA,6.1	1	03	015	mahABArawam	mOsalaparvaH	-
8.1	xAruNa-	-	xAruNa-svarAH	xAruNa	xAruNa	samAsaH,8.2	samAsaH,8.2	1	03	015	mahABArawam	mOsalaparvaH	-
8.2	svarAH	-	--	svara{puM;1;bahu}/svara{puM;8;bahu}/svarA{swrI;8;bahu}/svarA{swrI;1;bahu}/svarA{swrI;2;bahu}	svara{puM;1;bahu}	viSeRaNam,7.1	viSeRaNam,7.1	1	03	015	mahABArawam	mOsalaparvaH	-
9.1	.	-	.	-	-	-	-	1	03	015	mahABArawam	mOsalaparvaH	-
1.1	evam	-	evam	evam{avya}	evam{avya}	kriyAviSeRaNam,2.1	kriyAviSeRaNam,9.1#kriyAviSeRaNam,2.1	1	03	016	mahABArawam	mOsalaparvaH	-
10.1	prAbravIw	-	prAbravIw	pra_brU{karwari;laf;pra;eka;parasmEpaxI;axAxiH}	pra_brU{karwari;laf;pra;eka;parasmEpaxI;axAxiH}	aBihiwa_karwA,3.1,sakarmaka	aBihiwa_karwA,3.1,sakarmaka	1	03	016	mahABArawam	mOsalaparvaH	-
11.1	ixam	-	ixam	ixam{sarvanAma;napuM;1;eka}/ixam{sarvanAma;napuM;2;eka}	ixam{sarvanAma;napuM;2;eka}	karma,10.1	viSeRaNam,5.2#karma,9.1#karma,10.1	1	03	016	mahABArawam	mOsalaparvaH	-
12.1	.	-	.	-	-	-	-	1	03	016	mahABArawam	mOsalaparvaH	-
2.1	paSyan	-	paSyan	paSyaw{puM;1;eka(xqS1;Sawq_lat;BvAxiH)}	paSyaw{puM;1;eka(xqS1;Sawq_lat;BvAxiH)}	varwamAnasamAnakAlaH,10.1	varwamAnasamAnakAlaH,10.1	1	03	016	mahABArawam	mOsalaparvaH	-
3.1	hqRIkeSaH	-	hqRIkeSaH	hqRIkeSa{puM;1;eka}	hqRIkeSa{puM;1;eka}	karwA,10.1	karwA,10.1	1	03	016	mahABArawam	mOsalaparvaH	-
4.1	samprApwam	-	samprApwam	-	-	viSeRaNam,5.2	viSeRaNam,5.2	1	03	016	mahABArawam	mOsalaparvaH	-
5.1	kAla-	-	kAla-paryayam	kAla	kAla	samAsaH,5.2	samAsaH,5.2	1	03	016	mahABArawam	mOsalaparvaH	-
5.2	paryayam	-	--	paryaya{puM;2;eka(pari_i1;GaF;axAxiH)}/paryaya{napuM;1;eka}/paryaya{napuM;2;eka}	paryaya{puM;2;eka(pari_i1;GaF;axAxiH)}	karma,2.1	viSeRaNam,11.1#karma,9.1#karma,2.1	1	03	016	mahABArawam	mOsalaparvaH	-
6.1	wrayoxaSyAm	-	wrayoxaSyAm	wrayoxaSI{swrI;7;eka}	wrayoxaSI{swrI;7;eka}	kAlAXikaraNam,9.1	kAlAXikaraNam,9.1#viSeRaNam,7.1#aXikaraNam,9.1#aXikaraNam,5.2#aXikaraNam,2.1	1	03	016	mahABArawam	mOsalaparvaH	-
7.1	amAvasyAm	-	amAvasyAm	amAvasI{swrI;7;eka}/amAvasyA{swrI;2;eka}	amAvasyA{swrI;2;eka}	karma,9.1	aXikaraNam,9.1#aXikaraNam,5.2#aXikaraNam,2.1#karma,9.1	1	03	016	mahABArawam	mOsalaparvaH	-
8.1	wAm	-	wAm	wax{sarvanAma;swrI;2;eka}	wax{sarvanAma;swrI;2;eka}	viSeRaNam,7.1	karma,9.1#karma,2.1#viSeRaNam,7.1	1	03	016	mahABArawam	mOsalaparvaH	-
9.1	xqRtvA	-	xqRtvA	xqS1{avya;kwvA;BvAxiH}	xqS1{avya;kwvA;BvAxiH}	pUrvakAlaH,10.1	pUrvakAlaH,10.1	1	03	016	mahABArawam	mOsalaparvaH	-
1.1	cawurxaSI	-	cawurxaSI	cawurxaSI{swrI;1;eka}	cawurxaSI{swrI;1;eka}	karwA,16.1	karwA,16.1#viSeRaNam,4.1#viSeRaNam,3.1#viSeRaNam,2.1#sup_samucciwaH,11.1	1	03	017	mahABArawam	mOsalaparvaH	-
10.1	yuxXe	-	yuxXe	yuxXa{napuM;7;eka}/yuxXa{puM;7;eka}	yuxXa{napuM;7;eka}	viSeRaNam,9.1	viSeRaNam,9.1#aXikaraNam,11.1#aXikaraNam,3.1	1	03	017	mahABArawam	mOsalaparvaH	-
11.1	prApwA	-	prApwA	pra_Ap1{karwari;lut;pra;eka;parasmEpaxI;svAxiH}/pra_Ap1{karmaNi{lut;pra;eka;AwmanepaxI;svAxiH}/prApwq{puM;1;eka(pra_Ap1;wqc;svAxiH)}	pra_Ap1{karmaNi;lut;pra;eka;AwmanepaxI;svAxiH}	viXeya_viSeRaNam,1.1	viXeya_viSeRaNam,1.1	1	03	017	mahABArawam	mOsalaparvaH	-
12.1	ca	-	ca	ca{avya}	ca{avya}	sambanXaH,11.1	sup_samuccaya_xyowakaH,11.1#sambanXaH,11.1	1	03	017	mahABArawam	mOsalaparvaH	-
13.1	axya	-	axya	axya{avya}	axya{avya}	kAlAXikaraNam,16.1	kAlAXikaraNam,16.1#kAlAXikaraNam,11.1#kAlAXikaraNam,3.1	1	03	017	mahABArawam	mOsalaparvaH	-
14.1	kRayAya	-	kRayAya	kRaya{puM;4;eka}/kRaya{napuM;4;eka}	kRaya{puM;4;eka}	prayojanam,16.1	prayojanam,16.1#prayojanam1,11.1#prayojanam1,3.1	1	03	017	mahABArawam	mOsalaparvaH	-
15.1	naH	-	naH	asmax{sarvanAma;2;bahu}/asmax{sarvanAma;6;bahu}/asmax{sarvanAma;4;bahu}/nq{puM;8;eka}	asmax{sarvanAma;6;bahu}	RaRTIsambanXaH,14.1	prayojanam1,11.1#prayojanam1,3.1#RaRTIsambanXaH,14.1#RaRTIsambanXaH,11.1#RaRTIsambanXaH,10.1#RaRTIsambanXaH,9.1#RaRTIsambanXaH,5.1#RaRTIsambanXaH,2.1#karma,11.1	1	03	017	mahABArawam	mOsalaparvaH	-
16.1	(aswi)	-	aswi	as2{karwari;lat;pra;eka;parasmEpaxI;axAxiH}	as2{karwari;lat;pra;eka;parasmEpaxI;axAxiH}	aBihiwa_karwA,1.1,akarmaka	samucciwaH,2.1	1	03	017	mahABArawam	mOsalaparvaH	-
17.1	(AsIw)	-	AsIw	as2{karwari;laf;pra;eka;parasmEpaxI;axAxiH}	as2{karwari;laf;pra;eka;parasmEpaxI;axAxiH}	aBihiwa_karwA	samucciwaH,4.1	1	03	017	mahABArawam	mOsalaparvaH	-
18.1	.	-	.	-	-	-	-	1	03	017	mahABArawam	mOsalaparvaH	-
2.1	paFcaxaSI	-	paFcaxaSI	paFcaxaSI{swrI;1;eka}	paFcaxaSI{swrI;1;eka}	karma,3.1	karma,3.1#viSeRaNam,4.1#viSeRaNam,3.1#viSeRaNam,1.1#sup_samucciwaH,11.1	1	03	017	mahABArawam	mOsalaparvaH	-
3.1	kqwA	-	kqwA	kqwA{swrI;1;eka(kq2;kwa;svAxiH)}/kqwA{swrI;1;eka(kq3;kwa;wanAxiH)}	kqwA{swrI;1;eka(kq2;kwa;svAxiH)}	viSeRaNam,1.1	viSeRaNam,4.1#viSeRaNam,2.1#viSeRaNam,1.1	1	03	017	mahABArawam	mOsalaparvaH	-
4.1	iyam	-	iyam	ixam{sarvanAma;swrI;1;eka}	ixam{sarvanAma;swrI;1;eka}	viSeRaNam,1.1	viSeRaNam,3.1#viSeRaNam,2.1#viSeRaNam,1.1#sup_samucciwaH,11.1#karwA,11.1#karma,11.1	1	03	017	mahABArawam	mOsalaparvaH	-
5.1	rAhuNA	-	rAhuNA	rAhu{puM;3;eka}	rAhu{puM;3;eka}	karwA,3.1	karwA,11.1#karwA,3.1#karaNam,11.1#karaNam,3.1#hewuH,11.1#hewuH,3.1	1	03	017	mahABArawam	mOsalaparvaH	-
6.1	punaH	-	punaH	punaH{avya}	punaH{avya}	kriyAviSeRaNam,11.1	sup_samucciwaH,7.1#kriyAviSeRaNam,11.1#kriyAviSeRaNam,3.1	1	03	017	mahABArawam	mOsalaparvaH	-
7.1	waxA	-	waxA	waxA{avya}	waxA{avya}	kAlAXikaraNam,17.1	kAlAXikaraNam,11.1#kAlAXikaraNam,17.1	1	03	017	mahABArawam	mOsalaparvaH	-
8.1	ca	-	ca	ca{avya}	ca{avya}	sambanXaH,7.1	sup_samuccaya_xyowakaH,7.1#sambanXaH,7.1	1	03	017	mahABArawam	mOsalaparvaH	-
9.1	BArawe	-	BArawe	BArawa{puM;7;eka}	BArawa{puM;7;eka}	kAlAXikaraNam,17.1	kAlAXikaraNam,17.1#aXikaraNam,11.1#aXikaraNam,3.1	1	03	017	mahABArawam	mOsalaparvaH	-
1.1	vimqSan	-	vimqSan	vimqSaw{puM;1;eka(vi_mqS1;Sawq_lat;wuxAxiH)}/vimqSaw{puM;8;eka(vi_mqS1;Sawq_lat;wuxAxiH)}	vimqSaw{puM;1;eka(vi_mqS1;Sawq_lat;wuxAxiH)}	varwamAnasamAnakAlaH,7.1	varwamAnasamAnakAlaH,7.1#karwA,7.1#karma,7.1	1	03	018	mahABArawam	mOsalaparvaH	-
10.1	Rat-	-	Rat-wriMSam	RaR	RaR	samAsaH,10.2	samAsaH,10.2	1	03	018	mahABArawam	mOsalaparvaH	-
10.2	wriMSam	-	--	wriMSa{puM;2;eka}/wriMSa{napuM;1;eka}/wriMSa{napuM;2;eka}/wriMSa{puM;2;eka}/wriMSa{napuM;1;eka}/wriMSa{napuM;2;eka}	wriMSa{puM;2;eka}	viSeRaNam,11.1	viSeRaNam,11.1#viSeRaNam,8.1#viSeRaNam,3.1#karmasamAnAXikaraNam,11.1#karmasamAnAXikaraNam,8.1#karmasamAnAXikaraNam,4.1#karmasamAnAXikaraNam,3.1#karma,7.1#gawikarma,8.1#karwA,7.1#karmasamAnAXikaraNam,13.2#karmasamAnAXikaraNam,9.1#karmasamAnAXikaraNam,6.2#viSeRaNam,4.1	1	03	018	mahABArawam	mOsalaparvaH	-
11.1	varRam	-	varRam	varRa{puM;2;eka}/varRa{napuM;1;eka}/varRa{napuM;2;eka}	varRa{puM;2;eka}	karma,8.1	karmasamAnAXikaraNam,10.2#karmasamAnAXikaraNam,8.1#karmasamAnAXikaraNam,4.1#karmasamAnAXikaraNam,3.1#karma,7.1#gawikarma,8.1#awyanwasaMyoga_sambanXaH,8.1#awyanwasaMyoga_sambanXaH,7.1#awyanwasaMyoga_sambanXaH,5.1#awyanwasaMyoga_sambanXaH,1.1#karwA,7.1#karmasamAnAXikaraNam,13.2#karmasamAnAXikaraNam,9.1#karmasamAnAXikaraNam,6.2	1	03	018	mahABArawam	mOsalaparvaH	-
12.1	vE	-	vE	vE{avya}	vE{avya}	sambanXaH,11.1	sambanXaH,11.1	1	03	018	mahABArawam	mOsalaparvaH	-
13.1	keSi-	-	keSi-sUxanaH	keSin	keSin	samAsaH,13.2	samAsaH,13.2	1	03	018	mahABArawam	mOsalaparvaH	-
13.2	sUxanaH	-	--	sUxana{puM;1;eka}	sUxana{puM;1;eka}	viSeRaNam,6.2	viSeRaNam,9.1#viSeRaNam,6.2#viSeRaNam,1.1#karwA,7.1#karmasamAnAXikaraNam,11.1#karmasamAnAXikaraNam,10.2#karmasamAnAXikaraNam,9.1#karmasamAnAXikaraNam,8.1#karmasamAnAXikaraNam,6.2#karmasamAnAXikaraNam,3.1#karma,7.1	1	03	018	mahABArawam	mOsalaparvaH	-
14.1	.	-	.	-	-	-	-	1	03	018	mahABArawam	mOsalaparvaH	-
2.1	eva	-	eva	eva{avya}	eva{avya}	sambanXaH,1.1	sambanXaH,1.1	1	03	018	mahABArawam	mOsalaparvaH	-
3.1	kAlam	-	kAlam	kAla{puM;2;eka}/kAla{napuM;1;eka}/kAla{napuM;2;eka}	kAla{puM;2;eka}	karma,1.1	karmasamAnAXikaraNam,11.1#karmasamAnAXikaraNam,10.2#karmasamAnAXikaraNam,8.1#karmasamAnAXikaraNam,4.1#karma,7.1#karma,1.1#gawikarma,8.1#karwA,7.1#karmasamAnAXikaraNam,13.2#karmasamAnAXikaraNam,9.1#karmasamAnAXikaraNam,6.2	1	03	018	mahABArawam	mOsalaparvaH	-
4.1	wam	-	wam	wax{sarvanAma;puM;2;eka}	wax{sarvanAma;puM;2;eka}	viSeRaNam,3.1	viSeRaNam,11.1#viSeRaNam,10.2#viSeRaNam,8.1#viSeRaNam,3.1#karma,7.1#karma,1.1#gawikarma,8.1	1	03	018	mahABArawam	mOsalaparvaH	-
5.1	paricinwya	-	paricinwya	pari_ciw2{avya;lyap;curAxiH}	pari_ciw2{avya;lyap;curAxiH}	pUrvakAlaH,7.1	pUrvakAlaH,8.1#pUrvakAlaH,7.1	1	03	018	mahABArawam	mOsalaparvaH	-
6.1	jana-	-	jana-arxanaH	jana	jana	samAsaH,6.2	samAsaH,6.2	1	03	018	mahABArawam	mOsalaparvaH	-
6.2	arxanaH	-	--	arxana{puM;1;eka}	arxana{puM;1;eka}	karwA,7.1	viSeRaNam,13.2#viSeRaNam,9.1#karwA,7.1#karmasamAnAXikaraNam,13.2#karmasamAnAXikaraNam,11.1#karmasamAnAXikaraNam,10.2#karmasamAnAXikaraNam,9.1#karmasamAnAXikaraNam,8.1#karmasamAnAXikaraNam,3.1#karma,7.1	1	03	018	mahABArawam	mOsalaparvaH	-
7.1	mene	-	mene	man1{karwari;lit;pra;eka;AwmanepaxI;xivAxiH}/man1{karwari;lit;u;eka;AwmanepaxI;xivAxiH}/man1{karmaNi;lit;pra;eka;AwmanepaxI;xivAxiH}/man1{karmaNi;lit;u;eka;AwmanepaxI;xivAxiH}/man2{karwari;lit;pra;eka;AwmanepaxI;wanAxiH}/man2{karwari;lit;u;eka;AwmanepaxI;wanAxiH}/man2{karmaNi;lit;pra;eka;AwmanepaxI;wanAxiH}/man2{karmaNi;lit;u;eka;AwmanepaxI;wanAxiH}/menA{swrI;8;eka}	man1{karwari;lit;pra;eka;AwmanepaxI;xivAxiH}	aBihiwa_karwA,6.2	-	1	03	018	mahABArawam	mOsalaparvaH	-
8.1	prApwam	-	prApwam	prApwa{puM;2;eka(pra_Ap1;kwa;svAxiH)}/prApwa{napuM;1;eka(pra_Ap1;kwa;svAxiH)}/prApwa{napuM;2;eka(pra_Ap1;kwa;svAxiH)}	prApwa{puM;2;eka(pra_Ap1;kwa;svAxiH)}	karma,7.1	viSeRaNam,11.1#viSeRaNam,10.2#viSeRaNam,3.1#karmasamAnAXikaraNam,4.1#karmasamAnAXikaraNam,3.1#karma,7.1#karma,1.1#karwA,7.1#karmasamAnAXikaraNam,6.2#karmasamAnAXikaraNam,1.1#viSeRaNam,4.1	1	03	018	mahABArawam	mOsalaparvaH	-
9.1	saH	-	saH	wax{sarvanAma;puM;1;eka}	wax{sarvanAma;puM;1;eka}	viSeRaNam,6.2	viSeRaNam,13.2#viSeRaNam,6.2#karwA,7.1#karma,7.1	1	03	018	mahABArawam	mOsalaparvaH	-
1.1	puwra-	-	puwra-Soka-aBi-sanwapwA	puwra	puwra	samAsaH,1.2	samAsaH,1.2	1	03	019	mahABArawam	mOsalaparvaH	-
1.2	Soka-	-	--	Soka	Soka	samAsaH,1.3	samAsaH,1.3	1	03	019	mahABArawam	mOsalaparvaH	-
1.3	aBi-	-	--	-aBi	-aBi	samAsaH,1.4	samAsaH,1.4	1	03	019	mahABArawam	mOsalaparvaH	-
1.4	sanwapwA	-	--	sam_wap1{karwari;lut;pra;eka;parasmEpaxI;BvAxiH}/sanwapwq{puM;1;eka(sam_wap1;wqc;BvAxiH)}/sanwapwA{swrI;1;eka(sam_wap1;kwa;BvAxiH)}	sanwapwA{swrI;1;eka(sam_wap1;kwa;BvAxiH)}	viSeRaNam,2.1	viSeRaNam,6.1#viSeRaNam,3.2#viSeRaNam,2.1	1	03	019	mahABArawam	mOsalaparvaH	-
10.1	(aswi)	-	aswi	as2{karwari;lat;pra;eka;parasmEpaxI;axAxiH}	as2{karwari;lat;pra;eka;parasmEpaxI;axAxiH}	aBihiwa_karwA,7.1,sakarmaka	aBihiwa_karwA,7.1,sakarmaka	1	03	019	mahABArawam	mOsalaparvaH	-
11.1	.	-	.	-	-	-	-	1	03	019	mahABArawam	mOsalaparvaH	-
2.1	gAnXArI	-	gAnXArI	gAnXAri{puM;1;xvi}/gAnXAri{puM;2;xvi}/gAnXArI{swrI;1;eka}/gAnXAri{puM;8;xvi}	gAnXArI{swrI;1;eka}	karwA,5.1	karwA,5.1#karwA,1.4#karma,9.1#karma,3.1#karma,1.4	1	03	019	mahABArawam	mOsalaparvaH	-
3.1	hawa-	-	hawa-bAnXavA	hawa(han1;kwa;axAxiH)	hawa(han1;kwa;axAxiH)	samAsaH,3.2	samAsaH,3.2	1	03	019	mahABArawam	mOsalaparvaH	-
3.2	bAnXavA	-	--	bAnXavA{swrI;1;eka}	bAnXavA{swrI;1;eka}	viSeRaNam,2.1	viSeRaNam,6.1#viSeRaNam,2.1#viSeRaNam,1.4#karwA,1.4	1	03	019	mahABArawam	mOsalaparvaH	-
4.1	yaw	-	yaw	yaw{avya}/yax{sarvanAma;napuM;1;eka}/yax{sarvanAma;napuM;2;eka}	yax{sarvanAma;napuM;2;eka}	karma,5.1;niwya_sambanXaH1,7.1	karma,5.1;viSeRaNam,9.1;viSeRaNam,7.1;niwya_sambanXaH1,7.1;karma,9.1;karma,3.1;karma,1.4;karwA,1.4	1	03	019	mahABArawam	mOsalaparvaH	-
5.1	anuvyAjahAra	-	anuvyAjahAra	anu_vi_Af_hq{karwari;lit;pra;eka;parasmEpaxI;BvAxiH}	anu_vi_Af_hq{karwari;lit;pra;eka;parasmEpaxI;BvAxiH}	aBihiwa_karwA,2.1,sakarmaka	aBihiwa_karwA,2.1,sakarmaka	1	03	019	mahABArawam	mOsalaparvaH	-
6.1	ArwA	-	ArwA	Arwq{puM;1;eka(Af_q2;wqc;juhowyAxiH)}/ArwA{swrI;1;eka(Af_q2;kwa;juhowyAxiH)}	ArwA{swrI;1;eka(Af_q2;kwa;juhowyAxiH)}	viSeRaNam,2.1	viSeRaNam,3.2#viSeRaNam,2.1#viSeRaNam,1.4#karwA,1.4	1	03	019	mahABArawam	mOsalaparvaH	-
7.1	waw	-	waw	wax{sarvanAma;napuM;1;eka}/wax{sarvanAma;napuM;2;eka}	wax{sarvanAma;napuM;1;eka}	karwA,10.1	karwA,10.1#viSeRaNam,9.1#viSeRaNam,4.1#karma,9.1#karma,3.1#karma,1.4#karwA,1.4	1	03	019	mahABArawam	mOsalaparvaH	-
8.1	ixam	-	ixam	ixam{sarvanAma;napuM;1;eka}/ixam{sarvanAma;napuM;2;eka}	ixam{sarvanAma;napuM;1;eka}	viSeRaNam,7.1	viSeRaNam,9.1#viSeRaNam,7.1#viSeRaNam,4.1#karma,9.1#karma,3.1#karma,1.4#karwA,1.4	1	03	019	mahABArawam	mOsalaparvaH	-
9.1	samupAgawam	-	samupAgawam	samupAgawa{puM;2;eka(sam_upa_Af_gam1;kwa;BvAxiH)}/samupAgawa{napuM;1;eka(sam_upa_Af_gam1;kwa;BvAxiH)}/samupAgawa{napuM;2;eka(sam_upa_Af_gam1;kwa;BvAxiH)}	samupAgawa{napuM;1;eka(sam_upa_Af_gam1;kwa;BvAxiH)}	viXeya_viSeRaNam,4.1	viXeya_viSeRaNam,4.1#viSeRaNam,8.1#viSeRaNam,7.1#viSeRaNam,4.1#karma,3.1	1	03	019	mahABArawam	mOsalaparvaH	-
1.1	ixam	-	ixam	ixam{sarvanAma;napuM;1;eka}/ixam{sarvanAma;napuM;2;eka}	ixam{sarvanAma;napuM;1;eka}	viSeRaNam,3.1	viSeRaNam,6.1;viSeRaNam,4.1;viSeRaNam,3.1;muKyakarma,5.1;karma,11.1;karma,4.1;Bkarma,9.1;karwA,5.1	1	03	020	mahABArawam	mOsalaparvaH	-
10.1	anIkeRu	-	anIkeRu	anIka{puM;7;bahu}	anIka{puM;7;bahu}	karwA,9.1	aXikaraNam,11.1;aXikaraNam,9.1;aXikaraNam,5.1;aXikaraNam,4.1;BkarwA,9.1;karwA,9.1	1	03	020	mahABArawam	mOsalaparvaH	-
11.1	xqRtvA	-	xqRtvA	xqS1{avya;kwvA;BvAxiH}	xqS1{avya;kwvA;BvAxiH}	pUrvakAlaH,5.1	pUrvakAlaH,5.1;pUrvakAlaH,4.1	1	03	020	mahABArawam	mOsalaparvaH	-
12.1	uw-	-	uw-pAwAn	uw	uw	samAsaH,12.2	samAsaH,12.2	1	03	020	mahABArawam	mOsalaparvaH	-
12.2	pAwAn	-	--	pAwa{puM;2;bahu}	pAwa{puM;2;bahu}	karma,11.1	viSeRaNam,13.2;muKyakarma,5.1;karma,11.1;gONakarma,5.1	1	03	020	mahABArawam	mOsalaparvaH	-
13.1	su-	-	su-xAruNAn	su	su	samAsaH,13.2	samAsaH,13.2	1	03	020	mahABArawam	mOsalaparvaH	-
13.2	xAruNAn	-	--	xAruNa{puM;2;bahu}	xAruNa{puM;2;bahu}	viSeRaNam,12.2	viSeRaNam,12.2;karma,11.1	1	03	020	mahABArawam	mOsalaparvaH	-
14.1	(aswi)	-	aswi	as2{karwari;lat;pra;eka;parasmEpaxI;axAxiH}	as2{karwari;lat;pra;eka;parasmEpaxI;axAxiH}	-	samucciwaH,2.1	1	03	020	mahABArawam	mOsalaparvaH	-
15.1	.	-	.	-	-	-	-	1	03	020	mahABArawam	mOsalaparvaH	-
2.1	ca	-	ca	ca{avya}	ca{avya}	sambanXaH,1.1	sambanXaH,1.1	1	03	020	mahABArawam	mOsalaparvaH	-
3.1	waw	-	waw	wax{sarvanAma;napuM;1;eka}/wax{sarvanAma;napuM;2;eka}	wax{sarvanAma;napuM;1;eka}	karwA,14.1	viSeRaNam,6.1;viSeRaNam,4.1;muKyakarma,5.1;karma,11.1;karma,4.1;Bkarma,9.1;karwA,5.1;karwA,14.1	1	03	020	mahABArawam	mOsalaparvaH	-
4.1	anuprApwam	-	anuprApwam	anuprApwa{puM;2;eka(anu_pra_Ap1;kwa;svAxiH)}/anuprApwa{napuM;1;eka(anu_pra_Ap1;kwa;svAxiH)}/anuprApwa{napuM;2;eka(anu_pra_Ap1;kwa;svAxiH)}	anuprApwa{puM;1;eka(anu_pra_Ap1;kwa;svAxiH)}	viXeya_viSeRaNam,3.1	viSeRaNam,6.1;viSeRaNam,3.1;viSeRaNam,1.1;vAkyakarma,5.1;muKyakarma,5.1;karma,11.1;karwA,5.1;gONakarma,5.1;viXeya_viSeRaNam,3.1	1	03	020	mahABArawam	mOsalaparvaH	-
5.1	abravIw	-	abravIw	brU1{karwari;laf;pra;eka;parasmEpaxI;axAxiH}	brU1{karwari;laf;pra;eka;parasmEpaxI;axAxiH}	aBihiwa_karwA,7.1;sakarmaka	aBihiwa_karwA,7.1;sakarmaka	1	03	020	mahABArawam	mOsalaparvaH	-
6.1	yaw	-	yaw	yaw{avya}/yax{sarvanAma;napuM;1;eka}/yax{sarvanAma;napuM;2;eka}	yax{sarvanAma;napuM;2;eka}	karma,5.1;niwya_sambanXaH1,3.1	viSeRaNam,4.1;viSeRaNam,3.1;niwya_sambanXaH1,3.1;muKyakarma,5.1;karma,11.1;karma,4.1;Bkarma,9.1;karwA,5.1;vAkyakarma_xyowakaH,9.1;vAkyakarma_xyowakaH,4.1;karma,5.1;niwya_sambanXaH1,3.1	1	03	020	mahABArawam	mOsalaparvaH	-
7.1	yuXiRTiraH	-	yuXiRTiraH	yuXiRTira{puM;1;eka}	yuXiRTira{puM;1;eka}	karwA,5.1;karwA,11.1	karwA,5.1;karwA,11.1	1	03	020	mahABArawam	mOsalaparvaH	-
8.1	purA	-	purA	purA{avya}	purA{avya}	kriyAviSeRaNam,5.1	kriyAviSeRaNam,11.1;kriyAviSeRaNam,9.1;kriyAviSeRaNam,5.1;kriyAviSeRaNam,4.1	1	03	020	mahABArawam	mOsalaparvaH	-
9.1	vyUDeRu	-	vyUDeRu	vyUDa{puM;7;bahu(vi_Uh1;kwa;BvAxiH)}/vyUDa{napuM;7;bahu(vi_Uh1;kwa;BvAxiH)}/vyUDa{puM;7;bahu(vi_vah1;kwa;BvAxiH)}/vyUDa{napuM;7;bahu(vi_vah1;kwa;BvAxiH)}	vyUDa{puM;7;bahu(vi_Uh1;kwa;BvAxiH)}	BAvalakRaNasapwamI_pUrvakAlaH,5.1	vAkyakarma,5.1;viSeRaNam,10.1;BAvalakRaNasapwamI_pUrvakAlaH,5.1;BAvalakRaNasapwamI_pUrvakAlaH,4.1;BAvalakRaNasapwamI_pUrvakAlaH,5.1;BAvalakRaNasapwamI_pUrvakAlaH,5.1	1	03	020	mahABArawam	mOsalaparvaH	-
1.1	iwi	-	iwi	iwi{avya}	iwi{avya}	sambanXaH,2.1	karma,2.1#sambanXaH,2.1	1	03	021	mahABArawam	mOsalaparvaH	-
10.1	waxA	-	waxA	waxA{avya}	waxA{avya}	kAlAXikaraNam,9.1	kAlAXikaraNam,9.1	1	03	021	mahABArawam	mOsalaparvaH	-
11.1	wIrWa-	-	wIrWa-yAwrAm	wIrWa	wIrWa	samAsaH,11.2	samAsaH,11.2	1	03	021	mahABArawam	mOsalaparvaH	-
11.2	yAwrAm	-	--	yAwrA{swrI;2;eka}	yAwrA{swrI;2;eka}	karma,9.1	karma,9.1#muKyakarma,2.1#karmasamAnAXikaraNam,8.1#karmasamAnAXikaraNam,6.1#gONakarma,2.1	1	03	021	mahABArawam	mOsalaparvaH	-
12.1	arinxama	-	arinxama	-	-	samboXyaH,9.1	samboXyaH,9.1	1	03	021	mahABArawam	mOsalaparvaH	-
13.1	.	-	.	-	-	-	-	1	03	021	mahABArawam	mOsalaparvaH	-
2.1	ukwvA	-	ukwvA	vac1{avya;kwvA;axAxiH}	vac1{avya;kwvA;axAxiH}	pUrvakAlaH,9.1	pUrvakAlaH,9.1	1	03	021	mahABArawam	mOsalaparvaH	-
3.1	vAsuxevaH	-	vAsuxevaH	vAsuxeva{puM;1;eka}	vAsuxeva{puM;1;eka}	karwA,9.1	karwA,9.1	1	03	021	mahABArawam	mOsalaparvaH	-
4.1	wu	-	wu	wu{avya}	wu{avya}	sambanXaH,3.1	sambanXaH,3.1	1	03	021	mahABArawam	mOsalaparvaH	-
5.1	cikIrRan	-	cikIrRan	cikIrRaw{puM;1;eka(kq;san;Sawq;wanAxiH}	cikIrRaw{puM;1;eka(kq;san;Sawq;wanAxiH}	varwamAnasamAnakAlaH,9.1	varwamAnasamAnakAlaH,9.1	1	03	021	mahABArawam	mOsalaparvaH	-
6.1	sawyam	-	sawyam	sawyam{avya}/sawya{puM;2;eka}/sawya{napuM;1;eka}/sawya{napuM;2;eka}	sawya{napuM;1;eka}	karma,5.1	karmasamAnAXikaraNam,11.2#karmasamAnAXikaraNam,8.1#gONakarma,2.1#muKyakarma,2.1#karma,5.1	1	03	021	mahABArawam	mOsalaparvaH	-
7.1	eva	-	eva	eva{avya}	eva{avya}	sambanXaH,6.1	sambanXaH,6.1	1	03	021	mahABArawam	mOsalaparvaH	-
8.1	waw	-	waw	wax{sarvanAma;napuM;1;eka}/wax{sarvanAma;napuM;2;eka}	wax{sarvanAma;napuM;1;eka}	viSeRaNam,6.1	viSeRaNam,6.1#gONakarma,2.1	1	03	021	mahABArawam	mOsalaparvaH	-
9.1	AjFApayAmAsa	-	AjFApayAmAsa	Af_jFA{karwari;lit;pra;eka;parasmEpaxI;curAxiH}	Af_jFA{karwari;lit;pra;eka;parasmEpaxI;curAxiH}	aBihiwa_karwA,3.1	aBihiwa_karwA,3.1	1	03	021	mahABArawam	mOsalaparvaH	-
1.1	aGoRayanwa	-	aGoRayanwa	GuR{karwari;laf;pra;bahu;AwmanepaxI;curAxiH;ArRaprayoga}	GuR{karwari;laf;pra;bahu;AwmanepaxI;curAxiH;ArRaprayoga}	aBihiwa_karwA,2.1,sakarmaka	aBihiwa_karwA,2.1,sakarmaka	1	03	022	mahABArawam	mOsalaparvaH	-
10.1	puruRa-	-	puruRa-qRaBAH	puruRa	puruRa	samAsaH,10.2	samAsaH,10.2	1	03	022	mahABArawam	mOsalaparvaH	-
10.2	qRaBAH	-	--	qRaBa{puM;1;bahu}/qRaBa{puM;8;bahu}/qRaBA{swrI;8;bahu}/qRaBA{swrI;1;bahu}/qRaBA{swrI;2;bahu}	qRaBa{puM;8;bahu}	samboXyaH,1.1	samboXyaH,1.1#viSeRaNam,7.1#karma,5.2#karma,4.2#karma,8.1#viSeRaNam,2.1	1	03	022	mahABArawam	mOsalaparvaH	-
11.1	.	-	.	-	-	-	-	1	03	022	mahABArawam	mOsalaparvaH	-
2.1	puruRAH	-	puruRAH	puruRa{puM;1;bahu}/puruRa{puM;8;bahu}	puruRa{puM;1;bahu}	karwA,1.1	karma,8.1#karwA,1.1	1	03	022	mahABArawam	mOsalaparvaH	-
3.1	wawra	-	wawra	wawra{avya}	wawra{avya}	xeSAXikaraNam,1.1	xeSAXikaraNam,8.1#xeSAXikaraNam,4.2#xeSAXikaraNam,1.1	1	03	022	mahABArawam	mOsalaparvaH	-
4.1	keSava-	-	keSava-SAsanAw	keSava	keSava	samAsaH,4.2	samAsaH,4.2	1	03	022	mahABArawam	mOsalaparvaH	-
4.2	SAsanAw	-	--	SAsana{napuM;5;eka(SAs1;lyut;axAxiH)}/SAsana{puM;5;eka}	SAsana{napuM;5;eka(SAs1;lyut;axAxiH)}	hewuH,1.1	hewuH5,8.1#hewuH5,5.2#apAxAnam,5.2#hewuH,1.1	1	03	022	mahABArawam	mOsalaparvaH	-
5.1	wIrWa-	-	wIrWa-yAwrA	wIrWa	wIrWa	samAsaH,5.2	samAsaH,5.2	1	03	022	mahABArawam	mOsalaparvaH	-
5.2	yAwrA	-	--	yAwrA{swrI;1;eka}/yAwq{puM;3;eka(yA1;wqc;axAxiH)}/yAwq{napuM;3;eka(yA1;wqc;axAxiH)}/yAwq{swrI;3;eka}	yAwrA{swrI;1;eka}	karma,8.1	viSeRaNam,8.1#karwA,8.1#karaNam,8.1#karaNam,4.2#hewuH,8.1#hewuH,4.2#karma,8.1	1	03	022	mahABArawam	mOsalaparvaH	-
6.1	samuxre	-	samuxre	samuxra{puM;7;eka}/samuxra{napuM;7;eka}	samuxra{puM;7;eka}	xeSAXikaraNam,8.1	xeSAXikaraNam,8.1#aXikaraNam,8.1#aXikaraNam,5.2#aXikaraNam,4.2	1	03	022	mahABArawam	mOsalaparvaH	-
7.1	vaH	-	vaH	yuRmax{sarvanAma;2;bahu}/yuRmax{sarvanAma;6;bahu}/yuRmax{sarvanAma;4;bahu}	yuRmax{sarvanAma;6;bahu}	RaRTIsambanXaH,8.1	prayojanam1,8.1#prayojanam1,5.2#prayojanam1,4.2#karwA,8.1#karma,8.1#RaRTIsambanXaH,10.2#RaRTIsambanXaH,8.1#RaRTIsambanXaH,6.1#RaRTIsambanXaH,5.2#RaRTIsambanXaH,4.2#RaRTIsambanXaH,2.1#karma,5.2#karma,4.2	1	03	022	mahABArawam	mOsalaparvaH	-
8.1	kAryA	-	kAryA	kAri{swrI;3;eka}/kArI{swrI;3;eka}/kAryA{swrI;1;eka(kq2;yaw;svAxiH)}/kAryA{swrI;1;eka(kq3;Nyaw;wanAxiH)}/kAryA{swrI;1;eka(kQ1;Nyaw;wuxAxiH)}	kAryA{swrI;1;eka(kq2;yaw;svAxiH)}	vAkyakarma,1.1	karaNam,5.2#karaNam,4.2#hewuH,5.2#hewuH,4.2#vAkyakarma,1.1	1	03	022	mahABArawam	mOsalaparvaH	-
9.1	iwi	-	iwi	iwi{avya}	iwi{avya}	vAkyakarma_xyowakaH,8.1	vAkyakarma_xyowakaH,8.1	1	03	022	mahABArawam	mOsalaparvaH	-
1.1	kAlI	-	kAlI	kAlI{swrI;1;eka}	kAlI{swrI;1;eka}	viSeRaNam,2.1	viSeRaNam,2.1	1	04	001	mahABArawam	mOsalaparvaH	-
10.1	muRNanwI	-	muRNanwI	muRaNanwI{swrI;1;eka(muR,lat,Sawq,kryAxiH,ArRaprayoga}	muRaNanwI{swrI;1;eka(muR,lat,Sawq,kryAxiH,ArRaprayoga}	varwamAnasamAnakAlaH,12.1	varwamAnasamAnakAlaH,12.1	1	04	001	mahABArawam	mOsalaparvaH	-
11.1	xvArakAm	-	xvArakAm	xvArakA{swrI;2;eka}	xvArakA{swrI;2;eka}	karma,12.1	karma,12.1	1	04	001	mahABArawam	mOsalaparvaH	-
12.1	pariXAvawi	-	pariXAvawi	pari_XAv1{karwari;lat;pra;eka;parasmEpaxI;BvAxiH}/pariXAvaw{puM;7;eka(pari_XI1;Sawq_lat;xivAxiH)}/pariXAvaw{napuM;7;eka(pari_XI1;Sawq_lat;xivAxiH)}/pariXAvaw{puM;7;eka(pari_XAv1;Sawq_lat;BvAxiH)}/pariXAvaw{napuM;7;eka(pari_XAv1;Sawq_lat;BvAxiH)}	pari_XAv1{karwari;lat;pra;eka;parasmEpaxI;BvAxiH}	aBihiwa_karwA,1.1,sakarmaka	aBihiwa_karwA,1.1,sakarmaka	1	04	001	mahABArawam	mOsalaparvaH	-
13.1	.	-	.	-	-	-	-	1	04	001	mahABArawam	mOsalaparvaH	-
2.1	swrI	-	swrI	swrI{swrI;1;eka}	swrI{swrI;1;eka}	karwA,12.1	karwA,12.1	1	04	001	mahABArawam	mOsalaparvaH	-
3.1	pANdurEH	-	pANdurEH	pANdura{puM;3;bahu}/pANdura{napuM;3;bahu}	pANdura{puM;3;bahu}	viSeRaNam,4.1	karaNam,5.1#hewuH,12.1#hewuH,5.1#viSeRaNam,4.1	1	04	001	mahABArawam	mOsalaparvaH	-
4.1	xanwEH	-	xanwEH	xanwa{puM;3;bahu}	xanwa{puM;3;bahu}	karaNam,6.1	karaNam,5.1#hewuH,12.1#hewuH,5.1#karaNam,6.1	1	04	001	mahABArawam	mOsalaparvaH	-
5.1	praviSya	-	praviSya	pra_viS1{avya;lyap;wuxAxiH}	pra_viS1{avya;lyap;wuxAxiH}	pUrvakAlaH,12.1	pUrvakAlaH,12.1	1	04	001	mahABArawam	mOsalaparvaH	-
6.1	hasawI	-	hasawI	hasawI{swrI;1;eka(hasa,lat,Sawq,BvAxiH}	hasawI{swrI;1;eka(hasa,lat,Sawq,BvAxiH}	samucciwaH,10.1	samucciwaH,10.1	1	04	001	mahABArawam	mOsalaparvaH	-
7.1	niSi	-	niSi	niS{swrI;7;eka}/niSA{swrI;7;eka}	niS{swrI;7;eka}	aXikaraNam,12.1	aXikaraNam,12.1#aXikaraNam,5.1	1	04	001	mahABArawam	mOsalaparvaH	-
8.1	swriyaH	-	swriyaH	swrI{swrI;1;bahu}/swrI{swrI;2;bahu}/swrI{swrI;8;bahu}	swrI{swrI;2;bahu}	karma,10.1	karma,5.1#karma,10.1	1	04	001	mahABArawam	mOsalaparvaH	-
9.1	svapneRu	-	svapneRu	svapna{puM;7;bahu}	svapna{puM;7;bahu}	aXikaraNam,12.1	aXikaraNam,12.1#aXikaraNam,5.1	1	04	001	mahABArawam	mOsalaparvaH	-
1.1	alafkArAH	-	alafkArAH	alafkAra{puM;1;bahu}/alafkAra{puM;8;bahu}	alafkAra{puM;1;bahu}	samucciwaH,7.1	sup_samucciwaH,7.1#sup_samucciwaH,5.1#sup_samucciwaH,3.1	1	04	002	mahABArawam	mOsalaparvaH	-
10.1	axqSyanwa	-	axqSyanwa	xqS1{karmaNi;laf;pra;bahu;AwmanepaxI;BvAxiH}	xqS1{karmaNi;laf;pra;bahu;AwmanepaxI;BvAxiH}	aBihiwa_karma,7.1;sakarmaka	-	1	04	002	mahABArawam	mOsalaparvaH	-
11.1	rakRoBiH	-	rakRoBiH	rakRas{napuM;3;bahu}	rakRas{napuM;3;bahu}	karwA,10.1	karwA,10.1#karaNam,10.1#hewuH,10.1#hewuH,9.1	1	04	002	mahABArawam	mOsalaparvaH	-
12.1	su-	-	su-BayAnakEH	su	su	samAsaH,12.2	samAsaH,12.2	1	04	002	mahABArawam	mOsalaparvaH	-
12.2	BayAnakEH	-	--	BayAnaka{puM;3;bahu}/BayAnaka{napuM;3;bahu}	BayAnaka{puM;3;bahu}	viSeRaNam,11.1	viSeRaNam,11.1#karwA,10.1#karaNam,10.1#hewuH,10.1#hewuH,9.1	1	04	002	mahABArawam	mOsalaparvaH	-
13.1	.	-	.	-	-	-	-	1	04	002	mahABArawam	mOsalaparvaH	-
2.1	ca	-	ca	ca{avya}	ca{avya}	samuccaya_xyowakaH,1.1	sambanXaH,1.1#samuccaya_xyowakaH,1.1	1	04	002	mahABArawam	mOsalaparvaH	-
3.1	Cawram	-	Cawram	Cawra{puM;2;eka}/Cawra{napuM;1;eka}/Cawra{napuM;2;eka}	Cawra{napuM;1;eka}	samucciwaH,7.1	sup_samucciwaH,7.1#karma,9.1#sup_samucciwaH,5.1#karma,10.1	1	04	002	mahABArawam	mOsalaparvaH	-
4.1	ca	-	ca	ca{avya}	ca{avya}	samuccaya_xyowakaH,3.1	sup_samuccaya_xyowakaH,3.1#sambanXaH,3.1	1	04	002	mahABArawam	mOsalaparvaH	-
5.1	XvajAH	-	XvajAH	Xvaja{puM;1;bahu}/Xvaja{puM;8;bahu}	Xvaja{puM;1;bahu}	samucciwaH,7.1	sup_samucciwaH,7.1#karma,10.1	1	04	002	mahABArawam	mOsalaparvaH	-
6.1	ca	-	ca	ca{avya}	ca{avya}	samuccaya_xyowakaH,5.1	sup_samuccaya_xyowakaH,5.1#sambanXaH,5.1	1	04	002	mahABArawam	mOsalaparvaH	-
7.1	kavacAni	-	kavacAni	kavaca{napuM;1;bahu}/kavaca{napuM;2;bahu}/kavaca{napuM;8;bahu}	kavaca{napuM;1;bahu}	karma,10.1	karma,9.1#karma,10.1	1	04	002	mahABArawam	mOsalaparvaH	-
8.1	ca	-	ca	ca{avya}	ca{avya}	samuccaya_xyowakaH,7.1	sup_samuccaya_xyowakaH,7.1#sambanXaH,7.1	1	04	002	mahABArawam	mOsalaparvaH	-
9.1	hriyamANAni	-	hriyamANAni	hriyamANa{napuM;1;bahu(hq2;SAnac_lat;karwari;juhowyAxiH)}/hriyamANa{napuM;2;bahu(hq2;SAnac_lat;karwari;juhowyAxiH)}/hriyamANa{napuM;1;bahu(hq2;SAnac_lat;karmaNi;juhowyAxiH)}/hriyamANa{napuM;2;bahu(hq2;SAnac_lat;karmaNi;juhowyAxiH)}	hriyamANa{napuM;1;bahu(hq2;SAnac_lat;karwari;juhowyAxiH)}	viSeRaNam,7.1	viSeRaNam,7.1#varwamAnasamAnakAlaH,10.1#karma,10.1	1	04	002	mahABArawam	mOsalaparvaH	-
1.1	waw	-	waw	wax{sarvanAma;napuM;1;eka}/wax{sarvanAma;napuM;2;eka}	wax{sarvanAma;napuM;1;eka}	viSeRaNam,5.1	viSeRaNam,5.1#viSeRaNam,9.1#viSeRaNam,7.1#viSeRaNam,3.2#karma,3.2	1	04	003	mahABArawam	mOsalaparvaH	-
10.1	vqRNInAm	-	vqRNInAm	vqRNi{puM;6;bahu}	vqRNi{puM;6;bahu}	karwA,11.1	karwA,11.1#RaRTIsambanXaH,9.1#RaRTIsambanXaH,7.1#RaRTIsambanXaH,6.1#RaRTIsambanXaH,5.1#BkarwA,11.1	1	04	003	mahABArawam	mOsalaparvaH	-
11.1	paSyawAm	-	paSyawAm	xqS1{karwari;lot;pra;xvi;parasmEpaxI;BvAxiH}/paSyaw{puM;6;bahu(xqS1;Sawq_lat;BvAxiH)}/paSyaw{napuM;6;bahu(xqS1;Sawq_lat;BvAxiH)}	paSyaw{puM;6;bahu(xqS1;Sawq_lat;BvAxiH)}	BAvalakRaNasapwamI_samAnakAlaH,8.1	RaRTIsambanXaH,10.1#RaRTIsambanXaH,9.1#RaRTIsambanXaH,7.1#RaRTIsambanXaH,6.1#RaRTIsambanXaH,5.1#BAvalakRaNasapwamI_samAnakAlaH,8.1#BAvalakRaNasapwamI_samAnakAlaH,3.2#viSeRaNam,10.1	1	04	003	mahABArawam	mOsalaparvaH	-
12.1	waxA	-	waxA	waxA{avya}	waxA{avya}	kAlAXikaraNam,8.1	kAlAXikaraNam,11.1#kAlAXikaraNam,8.1#kAlAXikaraNam,3.2	1	04	003	mahABArawam	mOsalaparvaH	-
13.1	.	-	.	-	-	-	-	1	04	003	mahABArawam	mOsalaparvaH	-
2.1	ca	-	ca	ca{avya}	ca{avya}	samAsaH,3.2	samAsaH,3.2	1	04	003	mahABArawam	mOsalaparvaH	-
3.1	agni-	-	agni-xawwam	agni	agni	samAsaH,3.2	samAsaH,3.2	1	04	003	mahABArawam	mOsalaparvaH	-
3.2	xawwam	-	--	xA3{karwari;lot;ma;xvi;parasmEpaxI;juhowyAxiH}/xawwa{puM;2;eka(xA1;kwa;BvAxiH)}/xawwa{napuM;1;eka(xA1;kwa;BvAxiH)}/xawwa{napuM;2;eka(xA1;kwa;BvAxiH)}/xawwa{puM;2;eka(xA3;kwa;juhowyAxiH)}/xawwa{napuM;1;eka(xA3;kwa;juhowyAxiH)}/xawwa{napuM;2;eka(xA3;kwa;juhowyAxiH)}	xawwa{napuM;1;eka(xA3;kwa;juhowyAxiH)}	viSeRaNam,5.1	viSeRaNam,5.1#viSeRaNam,9.1#viSeRaNam,7.1#viSeRaNam,1.1#viSeRaNam,5.1	1	04	003	mahABArawam	mOsalaparvaH	-
4.1	kqRNasya	-	kqRNasya	kqRNa{puM;6;eka}/kqRNa{napuM;6;eka}	kqRNa{puM;6;eka}	RaRTIsambanXaH,5.1	RaRTIsambanXaH,10.1#RaRTIsambanXaH,9.1#RaRTIsambanXaH,7.1#RaRTIsambanXaH,6.1#RaRTIsambanXaH,5.1#BkarwA,11.1	1	04	003	mahABArawam	mOsalaparvaH	-
5.1	vajranABam	-	vajranABam	vajranABa{puM;2;eka}	vajranABa{puM;1;eka}	karwA,8.1	karma,11.1#karma,3.2#karwA,8.1	1	04	003	mahABArawam	mOsalaparvaH	-
6.1	ayasmayam	-	ayasmayam	ayas{mayat;puM;2;eka}/ayas{mayat;napuM;1;eka}/ayas{mayat;napuM;2;eka}	ayas{mayat;napuM;1;eka}	viSeRaNam,5.1	viSeRaNam,9.1#viSeRaNam,7.1#viSeRaNam,3.2#viSeRaNam,1.1#karma,11.1#karma,3.2#viSeRaNam,5.1	1	04	003	mahABArawam	mOsalaparvaH	-
7.1	xivam	-	xivam	xiv{swrI;2;eka}/xiva{napuM;1;eka}/xiva{napuM;2;eka}	xiva{napuM;2;eka}	karma,8.1	karma,11.1#karma,3.2#karma,8.1	1	04	003	mahABArawam	mOsalaparvaH	-
8.1	Acakrame	-	Acakrame	Af_kram1{karwari;lit;pra;eka;AwmanepaxI;BvAxiH}/Af_kram1{karmaNi{lit;u;eka;AwmanepaxI;BvAxiH}	Af_kram1{karwari;lit;pra;eka;AwmanepaxI;BvAxiH}	aBihiwa_karwA,5.1,sakarmaka	aBihiwa_karwA,5.1,sakarmaka	1	04	003	mahABArawam	mOsalaparvaH	-
9.1	cakram	-	cakram	cakra{puM;2;eka}/cakra{napuM;1;eka}/cakra{napuM;2;eka}	cakra{napuM;1;eka}	viSeRaNam,5.1	karma,11.1#karma,3.2#viSeRaNam,5.1	1	04	003	mahABArawam	mOsalaparvaH	-
1.1	yukwam	-	yukwam	yukwa{puM;2;eka(yuj1;kwa;xivAxiH)}/yukwa{napuM;1;eka(yuj1;kwa;xivAxiH)}/yukwa{napuM;2;eka(yuj1;kwa;xivAxiH)}/yukwa{puM;2;eka(yuj2;kwa;ruXAxiH)}/yukwa{napuM;1;eka(yuj2;kwa;ruXAxiH)}/yukwa{napuM;2;eka(yuj2;kwa;ruXAxiH)}	yukwa{napuM;2;eka(yuj1;kwa;xivAxiH)}	viSeRaNam,2.1	viSeRaNam,4.2#viSeRaNam,3.1#muKyakarma,6.1#karma,7.1#viSeRaNam,2.1#gONakarma,6.1	1	04	004	mahABArawam	mOsalaparvaH	-
10.1	sAgarasya	-	sAgarasya	sAgara{puM;6;eka}	sAgara{puM;6;eka}	RaRTIsambanXaH,11.1	RaRTIsambanXaH,11.1#viSeRaNam,9.1#RaRTIsambanXaH,15.2#RaRTIsambanXaH,14.1#RaRTIsambanXaH,13.2#RaRTIsambanXaH,8.1#RaRTIsambanXaH,7.1#RaRTIsambanXaH,5.1#RaRTIsambanXaH,4.2#RaRTIsambanXaH,2.1	1	04	004	mahABArawam	mOsalaparvaH	-
11.1	upariRTAw	-	upariRTAw	-	-	kriyAviSeRaNam,12.1	kriyAviSeRaNam,12.1	1	04	004	mahABArawam	mOsalaparvaH	-
12.1	avarwan	-	avarwan	-	-	aBihiwa_karwA,5.1	aBihiwa_karwA,5.1	1	04	004	mahABArawam	mOsalaparvaH	-
13.1	manas-	-	manas-javAH	manas	manas	samAsaH,13.2	samAsaH,13.2	1	04	004	mahABArawam	mOsalaparvaH	-
13.2	javAH	-	--	java{puM;1;bahu}/javA{swrI;1;bahu}/javA{swrI;2;bahu}/java{puM;8;bahu}/javA{swrI;8;bahu}	java{puM;1;bahu}	viSeRaNam,5.1	viSeRaNam,15.2#viSeRaNam,7.1#viSeRaNam,5.1#muKyakarma,6.1#karma,7.1#gONakarma,6.1#karwA,6.1#viSeRaNam,9.1	1	04	004	mahABArawam	mOsalaparvaH	-
14.1	cawuraH	-	cawuraH	cawur{saMKyeyam;puM;2;bahu}/cawura{puM;1;eka}	cawur{saMKyeyam;puM;2;bahu}	viSeRaNam,5.1	viSeRaNam,7.1#karma,7.1#viSeRaNam,5.1	1	04	004	mahABArawam	mOsalaparvaH	-
15.1	vAji-	-	vAji-muKyAH	vAjin	vAjin	samAsaH,15.2	samAsaH,15.2	1	04	004	mahABArawam	mOsalaparvaH	-
15.2	muKyAH	-	--	muKya{puM;1;bahu}/muKyA{swrI;1;bahu}/muKyA{swrI;2;bahu}/muKya{puM;8;bahu}/muKyA{swrI;8;bahu}	muKya{puM;1;bahu}	viSeRaNam,5.1	viSeRaNam,13.2#viSeRaNam,7.1#viSeRaNam,5.1#viSeRaNam,9.1	1	04	004	mahABArawam	mOsalaparvaH	-
16.1	.	-	.	-	-	-	-	1	04	004	mahABArawam	mOsalaparvaH	-
2.1	raWam	-	raWam	raWa{puM;2;eka}	raWa{puM;2;eka}	karma,6.1	muKyakarma,6.1#karma,7.1#karma,1.1#gONakarma,6.1#karma,6.1	1	04	004	mahABArawam	mOsalaparvaH	-
3.1	xivyam	-	xivyam	xivya{puM;2;eka}/xivya{napuM;1;eka}/xivya{napuM;2;eka}	xivya{puM;2;eka}	viSeRaNam,2.1	viSeRaNam,4.2#viSeRaNam,1.1#muKyakarma,6.1#karma,7.1#karma,1.1#viSeRaNam,2.1#gONakarma,6.1	1	04	004	mahABArawam	mOsalaparvaH	-
4.1	Axiwya-	-	Axiwya-varNam	Axiwya	Axiwya	samAsaH,4.2	samAsaH,4.2	1	04	004	mahABArawam	mOsalaparvaH	-
4.2	varNam	-	--	varNa{puM;2;eka}/varNa{napuM;1;eka}/varNa{napuM;2;eka}	varNa{puM;2;eka}	viSeRaNam,2.1	viSeRaNam,3.1#viSeRaNam,1.1#muKyakarma,6.1#karma,7.1#karma,1.1#viSeRaNam,2.1#gONakarma,6.1	1	04	004	mahABArawam	mOsalaparvaH	-
5.1	hayA	-	hayA	haya{puM;1;bahu}/haya{puM;8;bahu}	haya{puM;1;bahu;ArRaprayoga}	karwA,6.1	karwA,6.1	1	04	004	mahABArawam	mOsalaparvaH	-
6.1	aharan	-	aharan	hq1{karwari;laf;pra;bahu;parasmEpaxI;BvAxiH}	hq1{karwari;laf;pra;bahu;parasmEpaxI;BvAxiH}	aBihiwa_karwA,5.1;sakarmaka	aBihiwa_karwA,5.1;sakarmaka	1	04	004	mahABArawam	mOsalaparvaH	-
7.1	paSyawaH	-	paSyawaH	xqS1{karwari;lat;pra;xvi;parasmEpaxI;BvAxiH}/paSyaw{puM;8;bahu}/paSyaw{puM;2;bahu(xqS1;Sawq_lat;BvAxiH)}/paSyaw{puM;5;eka(xqS1;Sawq_lat;BvAxiH)}/paSyaw{puM;6;eka(xqS1;Sawq_lat;BvAxiH)}/paSyaw{napuM;5;eka(xqS1;Sawq_lat;BvAxiH)}/paSyaw{napuM;6;eka(xqS1;Sawq_lat;BvAxiH)}	paSyaw{puM;6;eka(xqS1;Sawq_lat;BvAxiH)}	BAvalakRaNasapwamI_samAnakAlaH,6.1	viSeRaNam,9.1#RaRTIsambanXaH,15.2#RaRTIsambanXaH,14.1#RaRTIsambanXaH,13.2#RaRTIsambanXaH,10.1#RaRTIsambanXaH,8.1#RaRTIsambanXaH,5.1#RaRTIsambanXaH,4.2#RaRTIsambanXaH,2.1#BAvalakRaNasapwamI_samAnakAlaH,6.1#BAvalakRaNasapwamI_samAnakAlaH,1.1#wulanA_binxuH,14.1#hewuH5,6.1#hewuH5,1.1#apAxAnam,6.1#viSeRaNam,10.1#viSeRaNam,8.1#viSeRaNam,14.1#muKyakarma,6.1#karma,1.1#gONakarma,6.1	1	04	004	mahABArawam	mOsalaparvaH	-
8.1	xArukasya	-	xArukasya	xAruka{puM;6;eka}	xAruka{puM;6;eka}	karwA,7.1	karwA,7.1#viSeRaNam,9.1#RaRTIsambanXaH,15.2#RaRTIsambanXaH,14.1#RaRTIsambanXaH,13.2#RaRTIsambanXaH,10.1#RaRTIsambanXaH,7.1#RaRTIsambanXaH,5.1#RaRTIsambanXaH,4.2#RaRTIsambanXaH,2.1#BkarwA,7.1	1	04	004	mahABArawam	mOsalaparvaH	-
9.1	we	-	we	wax{sarvanAma;puM;1;bahu}/wax{sarvanAma;napuM;1;xvi}/wax{sarvanAma;napuM;2;xvi}/wax{sarvanAma;swrI;1;xvi}/wax{sarvanAma;swrI;2;xvi}/yuRmax{sarvanAma;6;eka}/yuRmax{sarvanAma;4;eka}	yuRmax{sarvanAma;6;eka}	viSeRaNam,5.1	prayojanam1,7.1#prayojanam1,6.1#prayojanam1,1.1#RaRTIsambanXaH,15.2#RaRTIsambanXaH,14.1#RaRTIsambanXaH,13.2#RaRTIsambanXaH,10.1#RaRTIsambanXaH,8.1#RaRTIsambanXaH,7.1#RaRTIsambanXaH,5.1#RaRTIsambanXaH,4.2#RaRTIsambanXaH,2.1#BkarwA,7.1#muKyakarma,6.1#karma,7.1#gONakarma,6.1#viSeRaNam,15.2#viSeRaNam,13.2#viSeRaNam,5.1#karwA,6.1	1	04	004	mahABArawam	mOsalaparvaH	-
1.1	wAlaH	-	wAlaH	wAla{puM;1;eka}	wAla{puM;1;eka}	GatakaH,4.2	sup_samucciwaH,12.1;sup_samucciwaH,2.2;GatakaH,4.2	1	04	005	mahABArawam	mOsalaparvaH	-
10.1	apsarasaH	-	apsarasaH	apsaras{swrI;1;bahu}/apsaras{swrI;2;bahu}/apsaras{swrI;5;eka}/apsaras{swrI;6;eka}/apsaras{swrI;8;bahu}	apsaras{swrI;1;bahu}	karwA,9.1;karwA,14.1	sup_samucciwaH,12.1;karwA,12.1;karma,12.1;RaRTIsambanXaH,16.2;RaRTIsambanXaH,12.1;RaRTIsambanXaH,11.2;RaRTIsambanXaH,8.1;RaRTIsambanXaH,7.2;RaRTIsambanXaH,6.2;RaRTIsambanXaH,4.2;RaRTIsambanXaH,2.2;hewuH5,16.2;hewuH5,15.1;hewuH5,14.1;hewuH5,12.1;hewuH5,9.1;hewuH5,6.2;apAxAnam,16.2;apAxAnam,15.1;apAxAnam,9.1;muKyakarma,14.1;muKyakarma,9.1;karmasamAnAXikaraNam,12.1;karma,16.2;gONakarma,14.1;gONakarma,9.1;karwA,14.1;karwA,9.1	1	04	005	mahABArawam	mOsalaparvaH	-
11.1	xivas-	-	xivas-niSam	xivas	xivas	samAsaH,11.2	samAsaH,11.2	1	04	005	mahABArawam	mOsalaparvaH	-
11.2	niSam	-	--	niS{swrI;2;eka}/niSa{puM;2;eka}/niSa{napuM;1;eka}/niSa{napuM;2;eka}	niS{swrI;2;eka}	awyanwasaMyoga_sambanXaH,14.1	awyanwasaMyoga_sambanXaH,14.1;sup_samucciwaH,12.1;muKyakarma,14.1;muKyakarma,9.1;karma,16.2;karma,15.1;gONakarma,14.1;gONakarma,9.1	1	04	005	mahABArawam	mOsalaparvaH	-
12.1	vAcaH	-	vAcaH	vAc{swrI;1;bahu}/vAc{swrI;2;bahu}/vAc{swrI;5;eka}/vAc{swrI;6;eka}/vAc{swrI;8;bahu}/vAca{puM;1;eka(brU1;GaF;axAxiH)}	vAc{swrI;2;bahu}	karma,14.1	karma,14.1#viSeRaNam,16.2;viSeRaNam,11.2;viSeRaNam,2.2;karwA,14.1;karwA,9.1;karma,15.1;RaRTIsambanXaH,16.2;RaRTIsambanXaH,11.2;RaRTIsambanXaH,10.1;RaRTIsambanXaH,8.1;RaRTIsambanXaH,7.2;RaRTIsambanXaH,6.2;RaRTIsambanXaH,4.2;RaRTIsambanXaH,2.2;hewuH5,16.2;hewuH5,15.1;hewuH5,14.1;hewuH5,9.1;hewuH5,6.2;apAxAnam,16.2;apAxAnam,15.1;apAxAnam,9.1;muKyakarma,14.1;muKyakarma,9.1;karmasamAnAXikaraNam,10.1;karma,16.2;gONakarma,14.1;gONakarma,9.1	1	04	005	mahABArawam	mOsalaparvaH	-
13.1	ca	-	ca	ca{avya}	ca{avya}	sambanXaH,12.1	sup_samuccaya_xyowakaH,12.1;samuccaya_xyowakaH,14.1;sambanXaH,12.1	1	04	005	mahABArawam	mOsalaparvaH	-
14.1	UcuH	-	UcuH	uc1{karwari;lit;pra;bahu;parasmEpaxI;xivAxiH}/vac1{karwari;lit;pra;bahu;parasmEpaxI;axAxiH}/brU1{karwari;lit;pra;bahu;parasmEpaxI;axAxiH}	uc1{karwari;lit;pra;bahu;parasmEpaxI;xivAxiH}	aBihiwa_karwA,10.1,sakarmaka	aBihiwa_karwA,10.1,sakarmaka	1	04	005	mahABArawam	mOsalaparvaH	-
15.1	gamyawAm	-	gamyawAm	gam1{karmaNi;lot;pra;eka;AwmanepaxI;BvAxiH}	gam1{karmaNi;lot;pra;eka;AwmanepaxI;BvAxiH}	prawiyogI,17.1	prawiyogI,17.1	1	04	005	mahABArawam	mOsalaparvaH	-
16.1	wIrWa-	-	wIrWa-yAwrA	wIrWa	wIrWa	samAsaH,16.2	samAsaH,16.2	1	04	005	mahABArawam	mOsalaparvaH	-
16.2	yAwrA	-	--	yAwrA{swrI;1;eka}/yAwq{puM;3;eka(yA1;wqc;axAxiH)}/yAwq{napuM;3;eka(yA1;wqc;axAxiH)}/yAwq{swrI;3;eka}	yAwrA{swrI;1;eka}	karma,15.1	karma,15.1#karwA,15.1;karaNam,15.1;karaNam,9.1;karaNam,6.2;hewuH,15.1;hewuH,14.1;hewuH,12.1;hewuH,9.1;hewuH,6.2;sup_samucciwaH,12.1;karma,15.1	1	04	005	mahABArawam	mOsalaparvaH	-
17.1	(iwi)	-	iwi	iwi{avya}	iwi{avya}	anuyogI,12.1	anuyogI,12.1	1	04	005	mahABArawam	mOsalaparvaH	-
18.1	.	-	.	-	-	-	-	1	04	005	mahABArawam	mOsalaparvaH	-
2.1	su-	-	su-parNaH	su	su	samAsaH,2.2	samAsaH,2.2	1	04	005	mahABArawam	mOsalaparvaH	-
2.2	parNaH	-	--	parNa{puM;1;eka}	parNa{puM;1;eka}	GatakaH,4.2	viSeRaNam,12.1;sup_samucciwaH,12.1;karwA,9.1;GatakaH,4.2	1	04	005	mahABArawam	mOsalaparvaH	-
3.1	ca	-	ca	ca{avya}	ca{avya}	sambanXaH,2.2	sup_samuccaya_xyowakaH,2.2;sambanXaH,2.2	1	04	005	mahABArawam	mOsalaparvaH	-
4.1	mahaw-	-	mahaw-XvajO	mahaw	mahaw	samAsaH,4.2	samAsaH,4.2	1	04	005	mahABArawam	mOsalaparvaH	-
4.2	XvajO	-	--	Xvaja{puM;1;xvi}/Xvaja{puM;2;xvi}/Xvaja{puM;8;xvi}	Xvaja{puM;2;xvi	karma,9.1	karma,9.1;viSeRaNam,6.2;viSeRaNam,5.1;sup_samucciwaH,12.1;muKyakarma,9.1;karmasamAnAXikaraNam,6.2;karmasamAnAXikaraNam,5.1;gONakarma,9.1	1	04	005	mahABArawam	mOsalaparvaH	-
5.1	wO	-	wO	wax{sarvanAma;puM;1;xvi}/wax{sarvanAma;puM;2;xvi}	wax{sarvanAma;puM;2;xvi}	viSeRaNam,4.2	viSeRaNam,6.2;viSeRaNam,4.2;sup_samucciwaH,12.1;muKyakarma,9.1;gONakarma,9.1	1	04	005	mahABArawam	mOsalaparvaH	-
6.1	su-	-	su-pUjiwO	su	su	samAsaH,6.2	samAsaH,6.2	1	04	005	mahABArawam	mOsalaparvaH	-
6.2	pUjiwO	-	--	pUjiwa{puM;1;xvi(pUj1;kwa;curAxiH)}/pUjiwa{puM;2;xvi(pUj1;kwa;curAxiH)}/pUjiwa{puM;8;xvi}	pUjiwa{puM;2;xvi(pUj1;kwa;curAxiH)}	viSeRaNam,4.2	viSeRaNam,4.2;viSeRaNam,5.1;sup_samucciwaH,12.1;muKyakarma,9.1;karmasamAnAXikaraNam,5.1;karmasamAnAXikaraNam,4.2;gONakarma,9.1	1	04	005	mahABArawam	mOsalaparvaH	-
7.1	rAma-	-	rAma-janArxanAByAm	rAma	rAma	samAsaH,7.2	samAsaH,7.2	1	04	005	mahABArawam	mOsalaparvaH	-
7.2	janArxanAByAm	-	--	janArxana{puM;3;xvi}/janArxana{puM;4;xvi}/janArxana{puM;5;xvi}/janArxana{napuM;3;xvi}/janArxana{napuM;4;xvi}/janArxana{napuM;5;xvi}/janArxanA{swrI;3;xvi}/janArxanA{swrI;4;xvi}/janArxanA{swrI;5;xvi}	janArxana{puM;3;xvi}	karwA,6.2	sup_samucciwaH,12.1;hewuH5,16.2;hewuH5,15.1;hewuH5,14.1;hewuH5,12.1;hewuH5,9.1;hewuH5,6.2;apAxAnam,16.2;apAxAnam,15.1;apAxAnam,9.1;sampraxAnam,14.1;sampraxAnam,12.1;prayojanam1,16.2;prayojanam1,15.1;prayojanam1,14.1;prayojanam1,9.1;prayojanam1,6.2;karwA,6.2;karaNam,16.2;karaNam,15.1;karaNam,9.1;karaNam,6.2;hewuH,16.2;hewuH,15.1;hewuH,14.1;hewuH,12.1;hewuH,9.1;hewuH,6.2;prayojanam1,12.1	1	04	005	mahABArawam	mOsalaparvaH	-
8.1	uccEH	-	uccEH	uccEH{avya}/ucca{puM;3;bahu}/ucca{napuM;3;bahu}	uccEH{avya}	kriyAviSeRaNam,9.1	karwA,15.1;karwA,6.2;karaNam,16.2;karaNam,15.1;karaNam,9.1;karaNam,6.2;hewuH,16.2;hewuH,15.1;hewuH,14.1;hewuH,12.1;hewuH,9.1;hewuH,6.2;kriyAviSeRaNam,15.1;kriyAviSeRaNam,14.1;kriyAviSeRaNam,9.1;kriyAviSeRaNam,6.2	1	04	005	mahABArawam	mOsalaparvaH	-
9.1	jahruH	-	jahruH	hq1{karwari;lit;pra;bahu;parasmEpaxI;BvAxiH}/hq2{karwari;lit;pra;bahu;parasmEpaxI;juhowyAxiH}	hq1{karwari;lit;pra;bahu;parasmEpaxI;BvAxiH}	aBihiwa_karwA,10.1,sakarmaka	samucciwaH,14.1	1	04	005	mahABArawam	mOsalaparvaH	-
1.1	wawaH	-	wawaH	wawaH{avya}	wawaH{avya}	sambanXaH,8.1	sambanXaH,8.1#kArya_xyowakaH,8.1	1	04	006	mahABArawam	mOsalaparvaH	-
10.1	.	-	.	-	-	-	-	1	04	006	mahABArawam	mOsalaparvaH	-
2.1	jigamiRanwaH	-	jigamiRanwaH	-	-	viSeRaNam,4.4	viSeRaNam,4.4	1	04	006	mahABArawam	mOsalaparvaH	-
3.1	we	-	we	wax{sarvanAma;puM;1;bahu}/wax{sarvanAma;napuM;1;xvi}/wax{sarvanAma;napuM;2;xvi}/wax{sarvanAma;swrI;1;xvi}/wax{sarvanAma;swrI;2;xvi}/yuRmax{sarvanAma;6;eka}/yuRmax{sarvanAma;4;eka}	wax{sarvanAma;puM;1;bahu}	viSeRaNam,4.4	prayojanam1,8.1#RaRTIsambanXaH,9.2#RaRTIsambanXaH,7.2#RaRTIsambanXaH,5.2#RaRTIsambanXaH,4.4#karma,8.1#viSeRaNam,9.2#viSeRaNam,4.4#karwA,8.1	1	04	006	mahABArawam	mOsalaparvaH	-
4.1	vqRNi-	-	vqRNi-anXaka-mahaw-raWAH	vqRNi	vqRNi	samAsaH,4.2	samAsaH,4.2	1	04	006	mahABArawam	mOsalaparvaH	-
4.2	anXaka-	-	--	anXaka	anXaka	samAsaH,4.3	samAsaH,4.3	1	04	006	mahABArawam	mOsalaparvaH	-
4.3	mahaw-	-	--	mahaw	mahaw	samAsaH,4.4	samAsaH,4.4	1	04	006	mahABArawam	mOsalaparvaH	-
4.4	raWAH	-	--	raWa{puM;1;bahu}/raWa{puM;8;bahu}/raWA{swrI;8;bahu}/raWA{swrI;1;bahu}/raWA{swrI;2;bahu}	raWa{puM;1;bahu}	karwA,8.1	viSeRaNam,9.2#karma,8.1#karwA,8.1#viSeRaNam,3.1	1	04	006	mahABArawam	mOsalaparvaH	-
5.1	sa-	-	sa-anwaHpuraH	sa	sa	samAsaH,5.2	samAsaH,5.2	1	04	006	mahABArawam	mOsalaparvaH	-
5.2	anwaHpurAH	-	--	anwaHpura{puM;1;bahu}	anwaHpura{puM;1;bahu}	viSeRaNam,4.4	viSeRaNam,4.4	1	04	006	mahABArawam	mOsalaparvaH	-
6.1	waxA	-	waxA	waxA{avya}	waxA{avya}	kAlAXikaraNam,8.1	kAlAXikaraNam,8.1	1	04	006	mahABArawam	mOsalaparvaH	-
7.1	wIrWa-	-	wIrWa-yAwrAm	wIrWa	wIrWa	samAsaH,7.2	samAsaH,7.2	1	04	006	mahABArawam	mOsalaparvaH	-
7.2	yAwrAm	-	--	yAwrA{swrI;2;eka}	yAwrA{swrI;2;eka}	karma,8.1	karma,8.1	1	04	006	mahABArawam	mOsalaparvaH	-
8.1	EcCan	-	EcCan	iR2{karwari;laf;pra;bahu;parasmEpaxI;wuxAxiH}	iR2{karwari;laf;pra;bahu;parasmEpaxI;wuxAxiH}	aBihiwa_karwA,4.4;sakarmaka	-	1	04	006	mahABArawam	mOsalaparvaH	-
9.1	nara-	-	nara-qRaBAH	nara	nara	samAsaH,9.2	samAsaH,9.2	1	04	006	mahABArawam	mOsalaparvaH	-
9.2	qRaBAH	-	--	qRaBa{puM;1;bahu}/qRaBa{puM;8;bahu}/qRaBA{swrI;8;bahu}/qRaBA{swrI;1;bahu}/qRaBA{swrI;2;bahu}	qRaBa{puM;1;bahu}	viSeRaNam,4.4	viSeRaNam,4.4#karma,8.1#karwA,8.1#viSeRaNam,3.1	1	04	006	mahABArawam	mOsalaparvaH	-
1.1	wawaH	-	wawaH	wawaH{avya}	wawaH{avya}	sambanXaH,11.1	sambanXaH,11.1#kArya_xyowakaH,11.1#apAxAnam,2.1	1	04	007	mahABArawam	mOsalaparvaH	-
10.1	nAnA-	-	nAnA-viXam	nAnA	nAnA	samAsaH,10.2	samAsaH,10.2	1	04	007	mahABArawam	mOsalaparvaH	-
10.2	viXam	-	--	viXa{puM;2;eka}/viXa{napuM;1;eka}/viXa{napuM;2;eka}	viXa{napuM;2;eka}	samucciwaH,2.1	viSeRaNam,13.1#viSeRaNam,12.1#viSeRaNam,9.1#viSeRaNam,6.1#viSeRaNam,4.1#viSeRaNam,2.1#sup_samucciwaH,6.1#sup_samucciwaH,4.1#sup_samucciwaH,2.1#karma,11.1#karma,6.1#karma,4.1	1	04	007	mahABArawam	mOsalaparvaH	-
11.1	cakruH	-	cakruH	kq2{karwari;lit;pra;bahu;parasmEpaxI;svAxiH}/kq3{karwari;lit;pra;bahu;parasmEpaxI;wanAxiH}	kq2{karwari;lit;pra;bahu;parasmEpaxI;svAxiH}	aBihiwa_karwA,8.2;sakarmaka	-	1	04	007	mahABArawam	mOsalaparvaH	-
12.1	maxyam	-	maxyam	maxya{puM;2;eka}/maxya{napuM;1;eka}/maxya{napuM;2;eka}	maxya{puM;2;eka}	samucciwaH,13.1	samucciwaH,13.1#sup_samucciwaH,6.1#sup_samucciwaH,4.1#sup_samucciwaH,2.1#karma,11.1#karma,6.1	1	04	007	mahABArawam	mOsalaparvaH	-
13.1	mAMsam	-	mAMsam	mAMsa{napuM;1;eka}/mAMsa{napuM;2;eka}	mAMsa{napuM;2;eka}	karma,11.1	sup_samucciwaH,6.1#sup_samucciwaH,4.1#sup_samucciwaH,2.1#karma,11.1#karma,6.1	1	04	007	mahABArawam	mOsalaparvaH	-
14.1	anekaSaH	-	anekaSaH	anekaSaH{avya}	anekaSaH{avya}	kriyAviSeRaNam,11.1	kriyAviSeRaNam,11.1	1	04	007	mahABArawam	mOsalaparvaH	-
15.1	.	-	.	-	-	-	-	1	04	007	mahABArawam	mOsalaparvaH	-
2.1	Bojyam	-	Bojyam	Bojya{puM;2;eka(Buj1;yaw;wuxAxiH)}/Bojya{napuM;1;eka(Buj1;yaw;wuxAxiH)}/Bojya{napuM;2;eka(Buj1;yaw;wuxAxiH)}/Bojya{puM;2;eka(Buj1;Nyaw;wuxAxiH)}/Bojya{napuM;1;eka(Buj1;Nyaw;wuxAxiH)}/Bojya{napuM;2;eka(Buj1;Nyaw;wuxAxiH)}/Bojya{puM;2;eka(Buj2;Nyaw;ruXAxiH)}/Bojya{napuM;1;eka(Buj2;Nyaw;ruXAxiH)}/Bojya{napuM;2;eka(Buj2;Nyaw;ruXAxiH)}	Bojya{napuM;2;eka(Buj1;yaw;wuxAxiH)}	samucciwaH,13.1	samucciwaH,13.1#viSeRaNam,13.1#viSeRaNam,12.1#viSeRaNam,10.2#viSeRaNam,9.1#viSeRaNam,6.1#viSeRaNam,4.1#sup_samucciwaH,4.1#karma,6.1#karma,4.1#sup_samucciwaH,6.1	1	04	007	mahABArawam	mOsalaparvaH	-
3.1	ca	-	ca	ca{avya}	ca{avya}	samuccaya_xyowakaH,2.1	sup_samuccaya_xyowakaH,2.1#sambanXaH,2.1	1	04	007	mahABArawam	mOsalaparvaH	-
4.1	BakRyam	-	BakRyam	BakRya{puM;2;eka(BakR1;yaw;BvAxiH)}/BakRya{napuM;1;eka(BakR1;yaw;BvAxiH)}/BakRya{napuM;2;eka(BakR1;yaw;BvAxiH)}/BakRya{puM;2;eka(BakR1;Nyaw;BvAxiH)}/BakRya{napuM;1;eka(BakR1;Nyaw;BvAxiH)}/BakRya{napuM;2;eka(BakR1;Nyaw;BvAxiH)}	BakRya{napuM;2;eka(BakR1;yaw;BvAxiH)}	samucciwaH,13.1	samucciwaH,13.1#viSeRaNam,13.1#viSeRaNam,12.1#viSeRaNam,10.2#viSeRaNam,9.1#viSeRaNam,6.1#viSeRaNam,2.1#sup_samucciwaH,2.1#karma,11.1#karwA,11.1#karma,6.1#karma,2.1#sup_samucciwaH,6.1	1	04	007	mahABArawam	mOsalaparvaH	-
5.1	ca	-	ca	ca{avya}	ca{avya}	samuccaya_xyowakaH,4.1	sup_samuccaya_xyowakaH,4.1#sambanXaH,4.1	1	04	007	mahABArawam	mOsalaparvaH	-
6.1	peyam	-	peyam	peya{puM;2;eka(pA2;yaw;axAxiH)}/peya{napuM;1;eka(pA2;yaw;axAxiH)}/peya{napuM;2;eka(pA2;yaw;axAxiH)}/peya{puM;2;eka(pi1;yaw;wuxAxiH)}/peya{napuM;1;eka(pi1;yaw;wuxAxiH)}/peya{napuM;2;eka(pi1;yaw;wuxAxiH)}	peya{napuM;2;eka(pA2;yaw;axAxiH)}	samucciwaH,13.1	samucciwaH,13.1#viSeRaNam,13.1#viSeRaNam,12.1#viSeRaNam,10.2#viSeRaNam,9.1#viSeRaNam,4.1#viSeRaNam,2.1#sup_samucciwaH,4.1#sup_samucciwaH,2.1#karma,11.1#karwA,11.1#karma,4.1#karma,2.1	1	04	007	mahABArawam	mOsalaparvaH	-
7.1	ca	-	ca	ca{avya}	ca{avya}	samuccaya_xyowakaH,6.1	sup_samuccaya_xyowakaH,6.1#sambanXaH,6.1	1	04	007	mahABArawam	mOsalaparvaH	-
8.1	anXaka-	-	anXaka-vqRNayaH	anXaka	anXaka	samAsaH,8.2	samAsaH,8.2	1	04	007	mahABArawam	mOsalaparvaH	-
8.2	vqRNayaH	-	--	vqRNi{puM;1;bahu}/vqRNi{puM;8;bahu}	vqRNi{puM;1;bahu}	karwA,11.1	sup_samucciwaH,6.1#sup_samucciwaH,4.1#sup_samucciwaH,2.1#karwA,11.1#karma,6.1#karma,4.1#karma,2.1	1	04	007	mahABArawam	mOsalaparvaH	-
9.1	bahu	-	bahu	bahu{avya}/bahu{napuM;1;eka}/bahu{napuM;2;eka}/bahu{napuM;8;eka}/bahu{swrI;8;eka}	bahu{napuM;2;eka}	wIvrawAxarSI,10.2	wIvrawAxarSI,10.2#viSeRaNam,13.1#viSeRaNam,12.1#viSeRaNam,10.2#viSeRaNam,6.1#viSeRaNam,4.1#viSeRaNam,2.1#sup_samucciwaH,6.1#sup_samucciwaH,4.1#sup_samucciwaH,2.1#karma,11.1#karma,6.1#karma,4.1#karma,2.1#kriyAviSeRaNam,11.1#kriyAviSeRaNam,6.1#kriyAviSeRaNam,4.1#kriyAviSeRaNam,2.1	1	04	007	mahABArawam	mOsalaparvaH	-
1.1	wawaH	-	wawaH	wawaH{avya}	wawaH{avya}	sambanXaH,5.1	sambanXaH,5.1#kArya_xyowakaH,5.1	1	04	008	mahABArawam	mOsalaparvaH	-
10.1	gajEH	-	gajEH	gaja{puM;3;bahu}	gaja{puM;3;bahu}	karaNam,5.1	karaNam,5.1#karwA,3.1#hewuH,5.1#hewuH,3.1	1	04	008	mahABArawam	mOsalaparvaH	-
11.1	ca	-	ca	ca{avya}	ca{avya}	samuccaya_xyowakaH,10.1	sup_samuccaya_xyowakaH,10.1#sambanXaH,10.1	1	04	008	mahABArawam	mOsalaparvaH	-
12.1	eva	-	eva	eva{avya}	eva{avya}	sambanXaH,11.1	sambanXaH,11.1	1	04	008	mahABArawam	mOsalaparvaH	-
13.1	SrI-	-	SrI-manwaH	SrI	SrI	samAsaH,13.2	samAsaH,13.2	1	04	008	mahABArawam	mOsalaparvaH	-
13.2	manwaH	-	--	manwq{puM;8;eka}/manwq{napuM;8;eka}/manwq{napuM;1;eka}/manwq{napuM;2;eka}/manwq{swrI;8;eka}	manwq{napuM;1;eka}	karwA,5.1	sup_samucciwaH,3.1#karwA,5.1	1	04	008	mahABArawam	mOsalaparvaH	-
14.1	wigma-	-	wigma-wejasaH	wigma	wigma	samAsaH,14.2	samAsaH,14.2	1	04	008	mahABArawam	mOsalaparvaH	-
14.2	wejasaH	-	--	wejas{napuM;5;eka}/wejas{napuM;6;eka}/wejas{puM;8;bahu}/wejas{puM;1;bahu}/wejas{puM;2;bahu}/wejas{puM;5;eka}/wejas{puM;6;eka}	wejas{puM;1;bahu}	viSeRaNam,13.2	viSeRaNam,13.2#RaRTIsambanXaH,13.2#RaRTIsambanXaH,10.1#RaRTIsambanXaH,9.1#RaRTIsambanXaH,8.1#RaRTIsambanXaH,6.1#RaRTIsambanXaH,2.1#hewuH5,5.1#hewuH5,3.1#sup_samucciwaH,3.1#viSeRaNam,3.1#viSeRaNam,6.1	1	04	008	mahABArawam	mOsalaparvaH	-
15.1	.	-	.	-	-	-	-	1	04	008	mahABArawam	mOsalaparvaH	-
2.1	sIXuRu	-	sIXuRu	sIXu{puM;7;bahu}	sIXu{puM;7;bahu}	viRayAXikaraNam,3.1	viRayAXikaraNam,3.1#aXikaraNam,5.1#aXikaraNam,3.1	1	04	008	mahABArawam	mOsalaparvaH	-
3.1	sakwAH	-	sakwAH	sakwa{puM;1;bahu(Rac2;kwa;BvAxiH)}/sakwA{swrI;1;bahu(Rac2;kwa;BvAxiH)}/sakwA{swrI;2;bahu(Rac2;kwa;BvAxiH)}	sakwa{puM;1;bahu(Rac2;kwa;BvAxiH)}	viSeRaNam,13.2	viSeRaNam,13.2#karwA,5.1#viSeRaNam,14.2	1	04	008	mahABArawam	mOsalaparvaH	-
4.1	ca	-	ca	ca{avya}	ca{avya}	sambanXaH,3.1	sup_samuccaya_xyowakaH,3.1#sambanXaH,3.1	1	04	008	mahABArawam	mOsalaparvaH	-
5.1	niryayuH	-	niryayuH	nis_yA1{karwari;lit;pra;bahu;parasmEpaxI;axAxiH}/nir_yA1{karwari{lit;pra;bahu;parasmEpaxI;axAxiH}	nis_yA1{karwari;lit;pra;bahu;parasmEpaxI;axAxiH}	aBihiwa_karwA,13.2	-	1	04	008	mahABArawam	mOsalaparvaH	-
6.1	nagarAw	-	nagarAw	nagara{napuM;5;eka}	nagara{napuM;5;eka}	apAxAnam,5.1	apAxAnam,5.1#upa_apekRA,7.1#hewuH5,5.1#hewuH5,3.1	1	04	008	mahABArawam	mOsalaparvaH	-
7.1	bahiH	-	bahiH	bahiH{avya}	bahiH{avya}	xeSAXikaraNam,5.1	xeSAXikaraNam,5.1#xeSAXikaraNam,3.1	1	04	008	mahABArawam	mOsalaparvaH	-
8.1	yAnEH	-	yAnEH	yAna{napuM;3;bahu}	yAna{napuM;3;bahu}	samucciwaH,10.1	sup_samucciwaH,10.1#karwA,3.1#hewuH,5.1#hewuH,3.1	1	04	008	mahABArawam	mOsalaparvaH	-
9.1	aSvEH	-	aSvEH	aSva{puM;3;bahu}	aSva{puM;3;bahu}	samucciwaH,10.1	sup_samucciwaH,10.1#karwA,3.1#hewuH,5.1#hewuH,3.1	1	04	008	mahABArawam	mOsalaparvaH	-
1.1	wawaH	-	wawaH	wawaH{avya}	wawaH{avya}	sambanXaH,3.1	sambanXaH,6.3#sambanXaH,3.1#kArya_xyowakaH,6.3#kArya_xyowakaH,3.1#apAxAnam,6.1	1	04	009	mahABArawam	mOsalaparvaH	-
10.1	waxA	-	waxA	waxA{avya}	waxA{avya}	kAlAXikaraNam,3.1	kAlAXikaraNam,6.3#kAlAXikaraNam,3.1	1	04	009	mahABArawam	mOsalaparvaH	-
11.1	.	-	.	-	-	-	-	1	04	009	mahABArawam	mOsalaparvaH	-
2.1	praBAse	-	praBAse	praBAsa{puM;7;eka}	praBAsa{puM;7;eka}	xeSAXikaraNam,3.1	xeSAXikaraNam,3.1#karma,6.2#aXikaraNam,6.3#aXikaraNam,4.2#aXikaraNam,3.1	1	04	009	mahABArawam	mOsalaparvaH	-
3.1	nyavasan	-	nyavasan	ni_vas1{karwari;laf;pra;bahu;parasmEpaxI;BvAxiH}	ni_vas1{karwari;laf;pra;bahu;parasmEpaxI;BvAxiH}	aBihiwa_karwA,9.1	aBihiwa_karwA,9.1	1	04	009	mahABArawam	mOsalaparvaH	-
4.1	yaWA-	-	yaWA-uxxeSam	yaWA	yaWA	samAsaH,4.2	samAsaH,4.2	1	04	009	mahABArawam	mOsalaparvaH	-
4.2	uxxeSam	-	--	uxxeSa{puM;2;eka(uw_xiS1;GaF;wuxAxiH)}/uxxeSa{napuM;1;eka}/uxxeSa{napuM;2;eka}/uxxeSa{avya}	uxxeSa{avya}	kriyAviSeRaNam,3.1	kriyAviSeRaNam,3.1#viSeRaNam,5.2#karma,6.3	1	04	009	mahABArawam	mOsalaparvaH	-
5.1	yaWA-	-	yaWA-gqham	yaWA	yaWA	samAsaH,5.2	samAsaH,5.2	1	04	009	mahABArawam	mOsalaparvaH	-
5.2	gqham	-	--	gqha{napuM;1;eka}/gqha{napuM;2;eka}/gqha{puM;2;eka}/gqham{avya}	gqham{avya}	kriyAviSeRaNam,3.1	kriyAviSeRaNam,3.1#viSeRaNam,4.2#karma,6.3	1	04	009	mahABArawam	mOsalaparvaH	-
6.1	praBUwa-	-	praBUwa-BakRya-peyAH	praBUwa(pra_BU1;kwa;BvAxiH)	praBUwa(pra_BU1;kwa;BvAxiH)	samAsaH,6.2	samAsaH,6.2	1	04	009	mahABArawam	mOsalaparvaH	-
6.2	BakRya-	-	--	BakRya(BakR1;yaw;BvAxiH)}/BakRya(BakR1{Nyaw;BvAxiH)	BakRya(BakR1;yaw;BvAxiH)	samAsaH,6.3	samAsaH,6.3	1	04	009	mahABArawam	mOsalaparvaH	-
6.3	peyAH	-	--	pA1{karwari;ASIrlif;ma;eka;parasmEpaxI;BvAxiH}/peya{puM;8;bahu}/peya{puM;1;bahu(pA2;yaw;axAxiH)}/peyA{swrI;1;bahu(pA2;yaw;axAxiH)}/peyA{swrI;2;bahu(pA2;yaw;axAxiH)}/peya{puM;1;bahu(pi1;yaw;wuxAxiH)}/peyA{swrI;1;bahu(pi1;yaw;wuxAxiH)}/peyA{swrI;2;bahu(pi1;yaw;wuxAxiH)}/peyA{swrI;8;bahu}	peya{puM;1;bahu(pi1;yaw;wuxAxiH)}	viSeRaNam,9.1	viSeRaNam,9.1#viSeRaNam,8.2#karwA,3.1#viSeRaNam,9.1#viSeRaNam,7.1	1	04	009	mahABArawam	mOsalaparvaH	-
7.1	we	-	we	wax{sarvanAma;puM;1;bahu}/wax{sarvanAma;napuM;1;xvi}/wax{sarvanAma;napuM;2;xvi}/wax{sarvanAma;swrI;1;xvi}/wax{sarvanAma;swrI;2;xvi}/yuRmax{sarvanAma;6;eka}/yuRmax{sarvanAma;4;eka}	wax{sarvanAma;puM;1;bahu}	viSeRaNam,9.1	sampraxAnam,4.2#prayojanam1,6.3#prayojanam1,3.1#karma,6.2#karma,4.2#RaRTIsambanXaH,9.1#RaRTIsambanXaH,8.2#RaRTIsambanXaH,6.3#RaRTIsambanXaH,5.2#RaRTIsambanXaH,4.2#RaRTIsambanXaH,2.1#viSeRaNam,9.1#viSeRaNam,8.2#viSeRaNam,6.3#karwA,3.1	1	04	009	mahABArawam	mOsalaparvaH	-
8.1	sa-	-	sa-xArAH	sa	sa	samAsaH,8.2	samAsaH,8.2	1	04	009	mahABArawam	mOsalaparvaH	-
8.2	xArAH	-	--	xAra{puM;1;bahu}/xArA{puM;1;bahu}/xAra{puM;8;bahu}/xArA{swrI;8;bahu}/xArA{swrI;1;bahu}/xArA{swrI;2;bahu}	xAra{puM;1;bahu}	viSeRaNam,9.1	viSeRaNam,6.3#karma,6.3#karwA,3.1#viSeRaNam,9.1#viSeRaNam,7.1	1	04	009	mahABArawam	mOsalaparvaH	-
9.1	yAxavAH	-	yAxavAH	yAxava{puM;1;bahu}/yAxava{puM;8;bahu}	yAxava{puM;1;bahu}	karwA,3.1	karma,6.2#karwA,3.1	1	04	009	mahABArawam	mOsalaparvaH	-
1.1	niviRtAn	-	niviRtAn	niviRta{puM;2;bahu(ni_viS1;kwa;wuxAxiH)}	niviRta{puM;2;bahu(ni_viS1;kwa;wuxAxiH)}	viSeRaNam,2.1	viSeRaNam,11.1#viSeRaNam,10.1#viSeRaNam,2.1#karma,9.1#karma,8.1	1	04	010	mahABArawam	mOsalaparvaH	-
10.1	wAn	-	wAn	wax{sarvanAma;puM;2;bahu}	wax{sarvanAma;puM;2;bahu}	karma,9.1	viSeRaNam,11.1#viSeRaNam,2.1#karma,9.1#karma,8.1	1	04	010	mahABArawam	mOsalaparvaH	-
11.1	vIrAn	-	vIrAn	vIra{puM;2;bahu}	vIra{puM;2;bahu}	viSeRaNam,10.1	viSeRaNam,10.1#viSeRaNam,2.1#karma,9.1#karma,8.1	1	04	010	mahABArawam	mOsalaparvaH	-
12.1	uxXavaH	-	uxXavaH	uxXava{puM;1;eka}	uxXava{puM;1;eka}	karwA,8.1	karwA,8.1	1	04	010	mahABArawam	mOsalaparvaH	-
13.1	arWa-	-	arWa-viSAra-xaH	arWa	arWa	samAsaH,13.2	samAsaH,13.2	1	04	010	mahABArawam	mOsalaparvaH	-
13.2	viSAra-	-	--	-viSAra	-viSAra	samAsaH,13.3	samAsaH,13.3	1	04	010	mahABArawam	mOsalaparvaH	-
13.3	xaH	-	--	xa{puM;1;eka}	xa{puM;1;eka}	viSeRaNam,12.1	viSeRaNam,12.1#viSeRaNam,6.1#karwA,8.1	1	04	010	mahABArawam	mOsalaparvaH	-
14.1	.	-	.	-	-	-	-	1	04	010	mahABArawam	mOsalaparvaH	-
2.1	wAn	-	wAn	wax{sarvanAma;puM;2;bahu}	wax{sarvanAma;puM;2;bahu}	karma,3.1	karma,3.1#viSeRaNam,11.1#viSeRaNam,10.1#karma,9.1#karma,8.1	1	04	010	mahABArawam	mOsalaparvaH	-
3.1	niSamya	-	niSamya	ni_Sam1{avya;lyap;xivAxiH}	ni_Sam1{avya;lyap;xivAxiH}	pUrvakAlaH,8.1	pUrvakAlaH,8.1	1	04	010	mahABArawam	mOsalaparvaH	-
4.1	aWa	-	aWa	aWa{avya}	aWa{avya}	sambanXaH,8.1	sambanXaH,8.1	1	04	010	mahABArawam	mOsalaparvaH	-
5.1	samuxra-	-	samuxra-anwe	samuxra	samuxra	samAsaH,5.2	samAsaH,5.2	1	04	010	mahABArawam	mOsalaparvaH	-
5.2	anwe	-	--	anwa{napuM;1;xvi}/anwa{napuM;2;xvi}/anwA{swrI;1;xvi}/anwA{swrI;2;xvi}/anwa{napuM;8;xvi}/anwi{swrI;8;eka}/anwa{puM;7;eka}/anwa{napuM;7;eka}/anwi{puM;8;eka}/anwi{napuM;8;eka}/anwi{napuM;1;eka}/anwi{napuM;2;eka}/anwA{swrI;8;eka}/anwA{swrI;8;xvi}	anwa{puM;7;eka}	aXikaraNam,3.1	karma,9.1#karma,8.1#viSeRaNam,7.2#karwA,8.1#aXikaraNam,9.1#aXikaraNam,8.1#aXikaraNam,3.1#aXikaraNam,1.1	1	04	010	mahABArawam	mOsalaparvaH	-
6.1	saH	-	saH	wax{sarvanAma;puM;1;eka}	wax{sarvanAma;puM;1;eka}	viSeRaNam,12.1	viSeRaNam,13.3#viSeRaNam,12.1#karwA,8.1	1	04	010	mahABArawam	mOsalaparvaH	-
7.1	yoga-	-	yoga-viw	yoga	yoga	samAsaH,7.2	samAsaH,7.2	1	04	010	mahABArawam	mOsalaparvaH	-
7.2	viw	-	--	vix{napuM;1;eka}/vix{napuM;8;eka}	vix{napuM;1;eka}	viSeRaNam,12.1	viSeRaNam,12.1#viSeRaNam,5.2#karwA,8.1	1	04	010	mahABArawam	mOsalaparvaH	-
8.1	jagAma	-	jagAma	gam1{karwari;lit;pra;eka;parasmEpaxI;BvAxiH}/gam1{karwari;lit;u;eka;parasmEpaxI;BvAxiH}	gam1{karwari;lit;pra;eka;parasmEpaxI;BvAxiH}	aBihiwa_karwA,12.1;sakarmaka	-	1	04	010	mahABArawam	mOsalaparvaH	-
9.1	Amanwrya	-	Amanwrya	Af_mawr1{avya;lyap;curAxiH}	Af_mawr1{avya;lyap;curAxiH}	pUrvakAlaH,8.1	pUrvakAlaH,8.1	1	04	010	mahABArawam	mOsalaparvaH	-
1.1	wam	-	wam	wax{sarvanAma;puM;2;eka}	wax{sarvanAma;puM;2;eka}	karma,11.1	karma,11.1#viSeRaNam,7.1#viSeRaNam,5.2#viSeRaNam,3.2#viSeRaNam,2.1#karma,6.1#karma,5.1#gawikarma,2.1	1	04	011	mahABArawam	mOsalaparvaH	-
10.1	EcCaw	-	EcCaw	iR2{karwari;laf;pra;eka;parasmEpaxI;wuxAxiH}	iR2{karwari;laf;pra;eka;parasmEpaxI;wuxAxiH}	aBihiwa_karwA,12.1;sakarmaka	aBihiwa_karwA,12.1;sakarmaka	1	04	011	mahABArawam	mOsalaparvaH	-
11.1	vArayiwum	-	vArayiwum	-	-	iRkarma,10.1	iRkarma,10.1	1	04	011	mahABArawam	mOsalaparvaH	-
12.1	hariH	-	hariH	hari{puM;1;eka}	hari{puM;1;eka}	karwA,10.1	karwA,10.1	1	04	011	mahABArawam	mOsalaparvaH	-
13.1	.	-	.	-	-	-	-	1	04	011	mahABArawam	mOsalaparvaH	-
2.1	prasWiwam	-	prasWiwam	prasWiwa{puM;2;eka(pra_RWA1;kwa;BvAxiH)}/prasWiwa{napuM;1;eka(pra_RWA1;kwa;BvAxiH)}/prasWiwa{napuM;2;eka(pra_RWA1;kwa;BvAxiH)}	prasWiwa{puM;2;eka(pra_RWA1;kwa;BvAxiH)}	viSeRaNam,1.1	karma,6.1#karma,5.1#viSeRaNam,7.1#viSeRaNam,5.2#viSeRaNam,3.2#viSeRaNam,1.1	1	04	011	mahABArawam	mOsalaparvaH	-
3.1	mahaw-	-	mahaw-AwmAnam	mahaw	mahaw	samAsaH,3.2	samAsaH,3.2	1	04	011	mahABArawam	mOsalaparvaH	-
3.2	AwmAnam	-	--	Awman{puM;2;eka}	Awman{puM;2;eka}	viSeRaNam,1.1	viSeRaNam,7.1#viSeRaNam,5.2#viSeRaNam,2.1#viSeRaNam,1.1#karma,10.1#karma,6.1#karma,5.1#gawikarma,2.1	1	04	011	mahABArawam	mOsalaparvaH	-
4.1	aBi-	-	aBi-vAxya	aBi	aBi	samAsaH,4.2	samAsaH,4.2	1	04	011	mahABArawam	mOsalaparvaH	-
4.2	vAxya	-	--	vAxya{napuM;8;eka}/vAxya{puM;8;eka}/vAxya{avya;Nic;lyap,BvAxiH}	vAxya{avya;Nic;lyap,BvAxiH}	pUrvakAlaH,10.1	pUrvakAlaH,10.1	1	04	011	mahABArawam	mOsalaparvaH	-
5.1	kqwa-	-	kqwa-aFjalim	kqwa(kq2;kwa;svAxiH)}/kqwa(kq3{kwa;wanAxiH)	kqwa(kq2;kwa;svAxiH)	samAsaH,5.2	samAsaH,5.2	1	04	011	mahABArawam	mOsalaparvaH	-
5.2	aFjalim	-	--	aFjali{puM;2;eka}	aFjali{puM;2;eka}	viSeRaNam,1.1	viSeRaNam,7.1#viSeRaNam,3.2#viSeRaNam,2.1#viSeRaNam,1.1#karma,10.1#karma,6.1#gawikarma,2.1	1	04	011	mahABArawam	mOsalaparvaH	-
6.1	jAnan	-	jAnan	jAnaw{puM;1;eka(jFA1;Sawq_lat;kryAxiH)}	jAnaw{puM;1;eka(jFA1;Sawq_lat;kryAxiH)}	varwamAnasamAnakAlaH,10.1	varwamAnasamAnakAlaH,10.1#karwA,10.1	1	04	011	mahABArawam	mOsalaparvaH	-
7.1	vinASam	-	vinASam	vinASa{puM;2;eka}	vinASa{puM;2;eka}	karma,6.1	viSeRaNam,5.2#viSeRaNam,3.2#viSeRaNam,2.1#viSeRaNam,1.1#karma,10.1#karma,6.1#karma,5.1#gawikarma,2.1	1	04	011	mahABArawam	mOsalaparvaH	-
8.1	vqRNInAm	-	vqRNInAm	vqRNi{puM;6;bahu}	vqRNi{puM;6;bahu}	RaRTIsambanXaH,7.1	RaRTIsambanXaH,12.1#RaRTIsambanXaH,7.1#RaRTIsambanXaH,5.2#RaRTIsambanXaH,4.2	1	04	011	mahABArawam	mOsalaparvaH	-
9.1	na	-	na	na{avya}	na{avya}	prawiReXaH,10.1	prawiReXaH,10.1	1	04	011	mahABArawam	mOsalaparvaH	-
1.1	wawaH	-	wawaH	wawaH{avya}	wawaH{avya}	sambanXaH,5.1	sambanXaH,5.1#kArya_xyowakaH,5.1#apAxAnam,7.1#apAxAnam,2.3	1	04	012	mahABArawam	mOsalaparvaH	-
10.1	roxasI	-	roxasI	roxas{napuM;1;xvi}/roxas{napuM;2;xvi}/roxas{napuM;8;xvi}	roxas{napuM;2;xvi}	karma,9.1	karma,9.1#karma,7.1#karma,5.1	1	04	012	mahABArawam	mOsalaparvaH	-
11.1	.	-	.	-	-	-	-	1	04	012	mahABArawam	mOsalaparvaH	-
2.1	kAla-	-	kAla-pari-iwAH	kAla	kAla	samAsaH,2.2	samAsaH,2.2	1	04	012	mahABArawam	mOsalaparvaH	-
2.2	pari-	-	--	-pari	-pari	samAsaH,2.3	samAsaH,2.3	1	04	012	mahABArawam	mOsalaparvaH	-
2.3	iwAH	-	--	iwa{puM;1;bahu(i1;kwa;axAxiH)}/iwA{swrI;1;bahu(i1;kwa;axAxiH)}/iwA{swrI;2;bahu(i1;kwa;axAxiH)}	iwa{puM;1;bahu(i1;kwa;axAxiH)}	viSeRaNam,3.1	viSeRaNam,4.4#karma,9.1#karma,7.1#karma,5.1#karwA,5.1#viSeRaNam,3.1	1	04	012	mahABArawam	mOsalaparvaH	-
3.1	we	-	we	wax{sarvanAma;puM;1;bahu}/wax{sarvanAma;napuM;1;xvi}/wax{sarvanAma;napuM;2;xvi}/wax{sarvanAma;swrI;1;xvi}/wax{sarvanAma;swrI;2;xvi}/yuRmax{sarvanAma;6;eka}/yuRmax{sarvanAma;4;eka}	wax{sarvanAma;puM;1;bahu}	karwA,5.1	sampraxAnam,7.1#prayojanam1,9.1#prayojanam1,7.1#prayojanam1,5.1#prayojanam1,2.3#RaRTIsambanXaH,10.1#RaRTIsambanXaH,8.1#RaRTIsambanXaH,6.1#RaRTIsambanXaH,4.4#karma,9.1#karma,7.1#karma,5.1#viSeRaNam,10.1#viSeRaNam,4.4#viSeRaNam,2.3#karwA,5.1	1	04	012	mahABArawam	mOsalaparvaH	-
4.1	vqRNi-	-	vqRNi-anXaka-mahaw-raWAH	vqRNi	vqRNi	samAsaH,4.2	samAsaH,4.2	1	04	012	mahABArawam	mOsalaparvaH	-
4.2	anXaka-	-	--	anXaka	anXaka	samAsaH,4.3	samAsaH,4.3	1	04	012	mahABArawam	mOsalaparvaH	-
4.3	mahaw-	-	--	mahaw	mahaw	samAsaH,4.4	samAsaH,4.4	1	04	012	mahABArawam	mOsalaparvaH	-
4.4	raWAH	-	--	raWa{puM;1;bahu}/raWa{puM;8;bahu}/raWA{swrI;8;bahu}/raWA{swrI;1;bahu}/raWA{swrI;2;bahu}	raWa{puM;1;bahu}	viSeRaNam,3.1	viSeRaNam,2.3#karma,9.1#karma,7.1#karma,5.1#karwA,5.1#viSeRaNam,3.1	1	04	012	mahABArawam	mOsalaparvaH	-
5.1	apaSyan	-	apaSyan	xqS1{karwari;laf;pra;bahu;parasmEpaxI;BvAxiH}	xqS1{karwari;laf;pra;bahu;parasmEpaxI;BvAxiH}	aBihiwa_karwA,3.1;sakarmaka	-	1	04	012	mahABArawam	mOsalaparvaH	-
6.1	uxXavam	-	uxXavam	uxXava{puM;2;eka}	uxXava{puM;2;eka}	karma,5.1	karma,9.1#karma,7.1#karma,5.1	1	04	012	mahABArawam	mOsalaparvaH	-
7.1	yAnwam	-	yAnwam	yAw{puM;2;eka(yA1;Sawq_lat;axAxiH)}/yAnwa{puM;2;eka(yam1;kwa;BvAxiH)}/yAnwa{napuM;1;eka(yam1;kwa;BvAxiH)}/yAnwa{napuM;2;eka(yam1;kwa;BvAxiH)}/yAnwa{puM;2;eka(yam2;kwa;BvAxiH)}/yAnwa{napuM;1;eka(yam2;kwa;BvAxiH)}/yAnwa{napuM;2;eka(yam2;kwa;BvAxiH)}	yAnwa{puM;2;eka(yam1;kwa;BvAxiH)}	viSeRaNam,6.1	karma,9.1#karma,5.1#viSeRaNam,6.1	1	04	012	mahABArawam	mOsalaparvaH	-
8.1	wejasA	-	wejasA	wejas{napuM;3;eka}	wejas{napuM;3;eka}	karaNam,9.1	karwA,7.1#karwA,2.3#karaNam,9.1#karaNam,7.1#karaNam,5.1#karaNam,2.3#hewuH,9.1#hewuH,7.1#hewuH,5.1#hewuH,2.3	1	04	012	mahABArawam	mOsalaparvaH	-
9.1	Avqwya	-	Avqwya	Af_vq1{avya;lyap;svAxiH}/Af_vqw1{avya{lyap;BvAxiH}	Af_vq1{avya;lyap;svAxiH}	pUrvakAlaH,7.1	pUrvakAlaH,7.1#pUrvakAlaH,5.1#pUrvakAlaH,2.3	1	04	012	mahABArawam	mOsalaparvaH	-
1.1	brAhmaNa-	-	brAhmaNa-arWeRu	brAhmaNa	brAhmaNa	samAsaH,1.2	samAsaH,1.2	1	04	013	mahABArawam	mOsalaparvaH	-
1.2	arWeRu	-	--	arWa{puM;7;bahu}/arWa{napuM;7;bahu}	arWa{puM;7;bahu}	viRayAXikaraNam,3.1	viRayAXikaraNam,3.1#aXikaraNam,10.3#aXikaraNam,9.1#aXikaraNam,3.1	1	04	013	mahABArawam	mOsalaparvaH	-
10.1	surA-	-	surA-ganXa-samanviwam	surA	surA	samAsaH,10.2	samAsaH,10.2	1	04	013	mahABArawam	mOsalaparvaH	-
10.2	ganXa-	-	--	ganXa	ganXa	samAsaH,10.3	samAsaH,10.3	1	04	013	mahABArawam	mOsalaparvaH	-
10.3	samanviwam	-	--	sam_anu_i1{karwari;lot;ma;xvi;parasmEpaxI;axAxiH}/samanviwa{puM;2;eka(sam_anu_i1;kwa;axAxiH)}/samanviwa{napuM;1;eka(sam_anu_i1;kwa;axAxiH)}/samanviwa{napuM;2;eka(sam_anu_i1;kwa;axAxiH)}	samanviwa{napuM;2;eka(sam_anu_i1;kwa;axAxiH)}	viSeRaNam,7.1	viSeRaNam,7.1#viSeRaNam,7.1#viSeRaNam,4.1#viSeRaNam,3.1#viSeRaNam,2.1#karma,3.1#karwA,3.1#viSeRaNam,6.2	1	04	013	mahABArawam	mOsalaparvaH	-
11.1	(AsIw)	-	AsIw	as2{karwari;laf;pra;eka;parasmEpaxI;axAxiH}	as2{karwari;laf;pra;eka;parasmEpaxI;axAxiH}	aBihiwa_karwA,4.1,akarmaka	-	1	04	013	mahABArawam	mOsalaparvaH	-
12.1	.	-	.	-	-	-	-	1	04	013	mahABArawam	mOsalaparvaH	-
2.1	yaw	-	yaw	yaw{avya}/yax{sarvanAma;napuM;1;eka}/yax{sarvanAma;napuM;2;eka}	yax{sarvanAma;napuM;1;eka}	viSeRaNam,4.1	viSeRaNam,10.3#viSeRaNam,7.1#viSeRaNam,4.1#viSeRaNam,3.1#niwya_sambanXaH1,7.1#karma,3.1#sambanXaH,10.3#sambanXaH,9.1	1	04	013	mahABArawam	mOsalaparvaH	-
3.1	sixXam	-	sixXam	sixXa{puM;2;eka(RiX2;kwa;BvAxiH)}/sixXa{napuM;1;eka(RiX2;kwa;BvAxiH)}/sixXa{napuM;2;eka(RiX2;kwa;BvAxiH)}/sixXa{puM;2;eka(RiX3;kwa;xivAxiH)}/sixXa{napuM;1;eka(RiX3;kwa;xivAxiH)}/sixXa{napuM;2;eka(RiX3;kwa;xivAxiH)}	sixXa{puM;1;eka(RiX2;kwa;BvAxiH)}	viSeRaNam,4.1	viSeRaNam,4.1#viSeRaNam,10.3#viSeRaNam,7.1#viSeRaNam,4.1#viSeRaNam,2.1#viSeRaNam,6.2	1	04	013	mahABArawam	mOsalaparvaH	-
4.1	annam	-	annam	anna{napuM;1;eka}/anna{napuM;2;eka}	anna{napuM;1;eka}	karwA,11.1	karma,3.1#karwA,11.1	1	04	013	mahABArawam	mOsalaparvaH	-
5.1	weRAm	-	weRAm	wax{sarvanAma;puM;6;bahu}/wax{sarvanAma;napuM;6;bahu}	wax{sarvanAma;puM;6;bahu}	viSeRaNam,6.2	viSeRaNam,6.2#RaRTIsambanXaH,8.1#RaRTIsambanXaH,4.1#RaRTIsambanXaH,1.2	1	04	013	mahABArawam	mOsalaparvaH	-
6.1	mahaw-	-	mahaw-AwmanAm	mahaw	mahaw	samAsaH,6.2	samAsaH,6.2	1	04	013	mahABArawam	mOsalaparvaH	-
6.2	AwmanAm	-	--	Awman{puM;6;bahu}	Awman{puM;6;bahu}	RaRTIsambanXaH,4.1	RaRTIsambanXaH,4.1	1	04	013	mahABArawam	mOsalaparvaH	-
7.1	waw	-	waw	wax{sarvanAma;napuM;1;eka}/wax{sarvanAma;napuM;2;eka}	wax{sarvanAma;napuM;2;eka}	karma,9.1	karma,9.1#viSeRaNam,10.3#viSeRaNam,4.1#viSeRaNam,3.1#viSeRaNam,2.1#karma,3.1	1	04	013	mahABArawam	mOsalaparvaH	-
8.1	vAnareByaH	-	vAnareByaH	vAnara{puM;4;bahu}/vAnara{puM;5;bahu}	vAnara{puM;4;bahu}	sampraxAnam,9.1	sampraxAnam,9.1#hewuH5,10.3#hewuH5,9.1#hewuH5,3.1#prayojanam1,10.3#prayojanam1,9.1#prayojanam1,3.1	1	04	013	mahABArawam	mOsalaparvaH	-
9.1	praxaxuH	-	praxaxuH	pra_xA3{karwari;lit;pra;bahu;parasmEpaxI;juhowyAxiH}	pra_xA3{karwari;lit;pra;bahu;parasmEpaxI;juhowyAxiH}	aBihiwa_karwA	aBihiwa_karwA	1	04	013	mahABArawam	mOsalaparvaH	-
1.1	wawaH	-	wawaH	wawaH{avya}	wawaH{avya}	sambanXaH,4.1	sambanXaH,4.1#kArya_xyowakaH,4.1#apAxAnam,4.1	1	04	014	mahABArawam	mOsalaparvaH	-
2.1	wUrya-	-	wUrya-Sawa-AkIrNam	wUrya	wUrya	samAsaH,2.2	samAsaH,2.2	1	04	014	mahABArawam	mOsalaparvaH	-
2.2	Sawa-	-	--	Sawa	Sawa	samAsaH,2.3	samAsaH,2.3	1	04	014	mahABArawam	mOsalaparvaH	-
2.3	AkIrNam	-	--	AkIrNa{napuM;1;eka}/AkIrNa{napuM;2;eka}/AkIrNa{puM;2;eka}	AkIrNa{napuM;2;eka}	viSeRaNam,3.3	viSeRaNam,5.2#viSeRaNam,3.3#karma,5.2#karwA,4.1	1	04	014	mahABArawam	mOsalaparvaH	-
3.1	nata-	-	nata-narwaka-safkulam	nata	nata	samAsaH,3.2	samAsaH,3.2	1	04	014	mahABArawam	mOsalaparvaH	-
3.2	narwaka-	-	--	narwaka(nqw1;Nvul;xivAxiH)	narwaka(nqw1;Nvul;xivAxiH)	samAsaH,3.3	samAsaH,3.3	1	04	014	mahABArawam	mOsalaparvaH	-
3.3	safkulam	-	--	safkula{puM;2;eka}/safkula{napuM;1;eka}/safkula{napuM;2;eka}	safkula{napuM;2;eka}	samucciwaH,5.2	samucciwaH,5.2#viSeRaNam,5.2#viSeRaNam,2.3#karma,5.2#karwA,4.1	1	04	014	mahABArawam	mOsalaparvaH	-
4.1	prAvarwawa	-	prAvarwawa	pra_vqw1{karwari;laf;pra;eka;AwmanepaxI;BvAxiH}/pra_Af_vqw1{karwari{laf;pra;eka;AwmanepaxI;BvAxiH}	pra_vqw1{karwari;laf;pra;eka;AwmanepaxI;BvAxiH}	aBihiwa_karwA	aBihiwa_karwA	1	04	014	mahABArawam	mOsalaparvaH	-
5.1	mahaw-	-	mahaw-pAnam	mahaw	mahaw	samAsaH,5.2	samAsaH,5.2	1	04	014	mahABArawam	mOsalaparvaH	-
5.2	pAnam	-	--	pAna{napuM;1;eka(pA1;lyut;BvAxiH)}/pAna{napuM;2;eka(pA1;lyut;BvAxiH)}/pAna{napuM;1;eka(pA2;lyut;axAxiH)}/pAna{napuM;2;eka(pA2;lyut;axAxiH)}/pAna{puM;2;eka}	pAna{napuM;2;eka(pA1;lyut;BvAxiH)}	karma,4.1	viSeRaNam,3.3#viSeRaNam,2.3#karwA,4.1#karma,4.1	1	04	014	mahABArawam	mOsalaparvaH	-
6.1	praBAse	-	praBAse	praBAsa{puM;7;eka}	praBAsa{puM;7;eka}	aXikaraNam,4.1	aXikaraNam,5.2#aXikaraNam,4.1#aXikaraNam,3.2	1	04	014	mahABArawam	mOsalaparvaH	-
7.1	wigma-	-	wigma-wejasAm	wigma	wigma	samAsaH,7.2	samAsaH,7.2	1	04	014	mahABArawam	mOsalaparvaH	-
7.2	wejasAm	-	--	wejas{napuM;6;bahu}/wejas{puM;6;bahu}	wejas{napuM;6;bahu}	RaRTIsambanXaH,5.2	RaRTIsambanXaH,6.1#RaRTIsambanXaH,5.2#RaRTIsambanXaH,3.3#RaRTIsambanXaH,2.3	1	04	014	mahABArawam	mOsalaparvaH	-
8.1	.	-	.	-	-	-	-	1	04	014	mahABArawam	mOsalaparvaH	-
1.1	kqRNasya	-	kqRNasya	kqRNa{puM;6;eka}/kqRNa{napuM;6;eka}	kqRNa{puM;6;eka}	RaRTIsambanXaH,2.1	RaRTIsambanXaH,9.1#RaRTIsambanXaH,7.1#RaRTIsambanXaH,5.2#RaRTIsambanXaH,4.1#RaRTIsambanXaH,3.1#RaRTIsambanXaH,2.1	1	04	015	mahABArawam	mOsalaparvaH	-
10.1	baBruH	-	baBruH	Bq1{karwari;lit;pra;bahu;parasmEpaxI;BvAxiH}/Bq2{karwari;lit;pra;bahu;parasmEpaxI;juhowyAxiH}/baBru{puM;1;eka}	baBru{puM;1;eka}	karwA,6.1	karwA,6.1#viSeRaNam,9.1#viSeRaNam,7.1#viSeRaNam,4.1#viSeRaNam,3.1#karwA,6.1#karmasamAnAXikaraNam,3.1	1	04	015	mahABArawam	mOsalaparvaH	-
11.1	waWEva	-	waWEva	waWEva{avya}	waWEva{avya}	kriyAviSeRaNam,6.1	kriyAviSeRaNam,10.1#kriyAviSeRaNam,6.1#kriyAviSeRaNam,3.1	1	04	015	mahABArawam	mOsalaparvaH	-
12.1	ca	-	ca	ca{avya}	ca{avya}	samuccaya_xyowakaH,10.1	samuccaya_xyowakaH,10.1#sup_samuccaya_xyowakaH,11.1#sambanXaH,11.1	1	04	015	mahABArawam	mOsalaparvaH	-
13.1	.	-	.	-	-	-	-	1	04	015	mahABArawam	mOsalaparvaH	-
2.1	sanniXO	-	sanniXO	sanniXi{puM;7;eka}	sanniXi{puM;7;eka}	xeSAXikaraNam,6.1	xeSAXikaraNam,6.1#aXikaraNam,10.1#aXikaraNam,6.1#aXikaraNam,5.1#aXikaraNam,3.1	1	04	015	mahABArawam	mOsalaparvaH	-
3.1	rAmaH	-	rAmaH	rA1{karwari;lat;u;bahu;parasmEpaxI;axAxiH}/rAma{puM;1;eka}	rAma{puM;1;eka}	samucciwaH,10.1	samucciwaH,10.1#sup_samucciwaH,7.1#karwA,6.1	1	04	015	mahABArawam	mOsalaparvaH	-
4.1	sahiwaH	-	sahiwaH	sahiwa{puM;1;eka}/sahiwq{puM;8;eka}/sahiwq{napuM;8;eka}	sahiwa{puM;1;eka}	sahArWa_xyowakaH,5.2	sahArWa_xyowakaH,5.2#viSeRaNam,10.1#viSeRaNam,9.1#viSeRaNam,7.1#viSeRaNam,3.1#sup_samucciwaH,7.1#sambanXa_upa,10.1#sambanXa_upa,6.1#sambanXa_upa,5.1#karwA,6.1#karmasamAnAXikaraNam,3.1	1	04	015	mahABArawam	mOsalaparvaH	-
5.1	kqwa-	-	kqwa-varmaNA	kqwa(kq2;kwa;svAxiH)}/kqwa(kq3{kwa;wanAxiH)	kqwa(kq2;kwa;svAxiH)	samAsaH,5.2	samAsaH,5.2	1	04	015	mahABArawam	mOsalaparvaH	-
5.2	varmaNA	-	--	varman{napuM;3;eka}/varmaNA{swrI;1;eka}	varman{napuM;3;eka}	sahArWaH,3.1	sup_samucciwaH,7.1#karwA,6.1#sahArWaH,10.1#sahArWaH,6.1#sahArWaH,3.1#karaNam,10.1#karaNam,6.1#hewuH,10.1#hewuH,6.1#hewuH,3.1	1	04	015	mahABArawam	mOsalaparvaH	-
6.1	apibaw	-	apibaw	pA1{karwari;laf;pra;eka;parasmEpaxI;BvAxiH}	pA1{karwari;laf;pra;eka;parasmEpaxI;BvAxiH}	aBihiwa_karwA,10.1,sakarmaka	-	1	04	015	mahABArawam	mOsalaparvaH	-
7.1	yuyuXAnaH	-	yuyuXAnaH	yuyuXAna{puM;1;eka}	yuyuXAna{puM;1;eka}	samucciwaH,10.1	samucciwaH,10.1#viSeRaNam,3.1#karwA,10.1#karwA,6.1	1	04	015	mahABArawam	mOsalaparvaH	-
8.1	ca	-	ca	ca{avya}	ca{avya}	samuccaya_xyowakaH,7.1	sup_samucciwaH,11.1#sup_samuccaya_xyowakaH,7.1#sambanXaH,7.1	1	04	015	mahABArawam	mOsalaparvaH	-
9.1	gaxaH	-	gaxaH	gaxa{puM;1;eka}	gaxa{puM;1;eka}	samucciwaH,10.1	samucciwaH,10.1#viSeRaNam,3.1#karwA,6.1	1	04	015	mahABArawam	mOsalaparvaH	-
1.1	wawaH	-	wawaH	wawaH{avya}	wawaH{avya}	sambanXaH,6.1	sambanXaH,6.1#kArya_xyowakaH,6.1	1	04	016	mahABArawam	mOsalaparvaH	-
10.1	ca	-	ca	ca{avya}	ca{avya}	samuccaya_xyowakaH,9.1	sambanXaH,9.1#samuccaya_xyowakaH,9.1	1	04	016	mahABArawam	mOsalaparvaH	-
11.1	.	-	.	-	-	-	-	1	04	016	mahABArawam	mOsalaparvaH	-
2.1	pariRaxaH	-	pariRaxaH	pariRax{swrI;1;bahu}/pariRax{swrI;2;bahu}/pariRax{swrI;5;eka}/pariRax{swrI;6;eka}/pariRax{swrI;8;bahu}	pariRax{swrI;6;eka}	RaRTIsambanXaH,3.1	upa_apekRA,3.1#RaRTIsambanXaH,7.1#RaRTIsambanXaH,5.2#RaRTIsambanXaH,4.1#RaRTIsambanXaH,3.1#hewuH5,9.1#hewuH5,7.1#hewuH5,6.1#muKyakarma,6.1#karma,7.1#gONakarma,6.1	1	04	016	mahABArawam	mOsalaparvaH	-
3.1	maXye	-	maXye	maXya{puM;7;eka}	maXya{puM;7;eka}	xeSAXikaraNam,6.1	xeSAXikaraNam_upa,9.1#xeSAXikaraNam_upa,7.1#xeSAXikaraNam_upa,6.1	1	04	016	mahABArawam	mOsalaparvaH	-
4.1	yuyuXAnaH	-	yuyuXAnaH	yuyuXAna{puM;1;eka}	yuyuXAna{puM;1;eka}	karwA,6.1;karwA,9.1	karwA,6.1;karwA,9.1	1	04	016	mahABArawam	mOsalaparvaH	-
5.1	maxa-	-	maxa-uwkataH	maxa	maxa	samAsaH,5.2	samAsaH,5.2	1	04	016	mahABArawam	mOsalaparvaH	-
5.2	uwkataH	-	--	uwkata{puM;1;eka}	uwkata{puM;1;eka}	viSeRaNam,4.1	viSeRaNam,4.1#karwA,6.1	1	04	016	mahABArawam	mOsalaparvaH	-
6.1	abravIw	-	abravIw	brU1{karwari;laf;pra;eka;parasmEpaxI;axAxiH}	brU1{karwari;laf;pra;eka;parasmEpaxI;axAxiH}	aBihiwa_karwA,4.1	aBihiwa_karwA,4.1	1	04	016	mahABArawam	mOsalaparvaH	-
7.1	kqwavarmANam	-	kqwavarmANam	kqwavarman{puM;2;eka}	kqwavarman{puM;2;eka}	karma,9.1	karma,9.1	1	04	016	mahABArawam	mOsalaparvaH	-
8.1	avahasya	-	avahasya	-	-	samucciwaH,9.1	samucciwaH,9.1	1	04	016	mahABArawam	mOsalaparvaH	-
9.1	avamanya	-	avamanya	ava_man2{avya;lyap;wanAxiH}	ava_man2{avya;lyap;wanAxiH}	pUrvakAlaH,6.1	pUrvakAlaH,6.1	1	04	016	mahABArawam	mOsalaparvaH	-
1.1	kaH	-	kaH	kim{sarvanAma;puM;1;eka}	kim{sarvanAma;puM;1;eka}	viSeRaNam,2.1	viSeRaNam,3.1#viSeRaNam,2.1	1	04	017	mahABArawam	mOsalaparvaH	-
10.1	mqRyanwi	-	mqRyanwi	mqR2{karwari;lat;pra;bahu;parasmEpaxI;xivAxiH}/mqRyaw{napuM;1;bahu(mqR2;Sawq_lat;xivAxiH)}/mqRyaw{napuM;2;bahu(mqR2;Sawq_lat;xivAxiH)}	mqR2{karwari;lat;pra;bahu;parasmEpaxI;xivAxiH}	aBihiwa_karwA,12.1;sakarmaka	karma,15.1#karma,3.1	1	04	017	mahABArawam	mOsalaparvaH	-
11.1	hArxikya	-	hArxikya	-	-	samboXyaH,10.1	samboXyaH,10.1	1	04	017	mahABArawam	mOsalaparvaH	-
12.1	yAxavAH	-	yAxavAH	yAxava{puM;1;bahu}/yAxava{puM;8;bahu}	yAxava{puM;1;bahu}	karwA,10.1	karwA,10.1	1	04	017	mahABArawam	mOsalaparvaH	-
13.1	yaw	-	yaw	yaw{avya}/yax{sarvanAma;napuM;1;eka}/yax{sarvanAma;napuM;2;eka}	yax{sarvanAma;napuM;1;eka}	viSeRaNam,15.1;niwya_sambanXaH1,9.1	viSeRaNam,15.1;niwya_sambanXaH1,9.1	1	04	017	mahABArawam	mOsalaparvaH	-
14.1	wvayA	-	wvayA	yuRmax{sarvanAma;3;eka}	yuRmax{sarvanAma;3;eka}	karwA,15.1	karwA,15.1#hewuH,15.1#hewuH,10.1#hewuH,6.1#hewuH,4.1#hewuH,3.1	1	04	017	mahABArawam	mOsalaparvaH	-
15.1	kqwam	-	kqwam	kqwa{puM;2;eka(kq2;kwa;svAxiH)}/kqwa{napuM;1;eka(kq2;kwa;svAxiH)}/kqwa{napuM;2;eka(kq2;kwa;svAxiH)}/kqwa{puM;2;eka(kq3;kwa;wanAxiH)}/kqwa{napuM;1;eka(kq3;kwa;wanAxiH)}/kqwa{napuM;2;eka(kq3;kwa;wanAxiH)}	kqwa{napuM;1;eka(kq2;kwa;svAxiH)}	karwA,16.1	karwA,16.1#viSeRaNam,13.1#viSeRaNam,9.1#karma,10.1	1	04	017	mahABArawam	mOsalaparvaH	-
16.1	(aswi)	-	aswi	as2{karwari;lat;pra;eka;parasmEpaxI;axAxiH}	as2{karwari;lat;pra;eka;parasmEpaxI;axAxiH}	aBihiwa_karwA,15.1,akarmaka	-	1	04	017	mahABArawam	mOsalaparvaH	-
17.1	.	-	.	-	-	-	-	1	04	017	mahABArawam	mOsalaparvaH	-
2.1	kRawriyaH	-	kRawriyaH	kRawriya{puM;1;eka}	kRawriya{puM;1;eka}	karwA,5.1	karwA,5.1	1	04	017	mahABArawam	mOsalaparvaH	-
3.1	manyamAnaH	-	manyamAnaH	manyamAna{puM;1;eka(man2;SAnac_lat;karmaNi;wanAxiH)}	manyamAna{puM;1;eka(man2;SAnac_lat;karmaNi;wanAxiH)}	viSeRaNam,2.1	viSeRaNam,2.1	1	04	017	mahABArawam	mOsalaparvaH	-
4.1	supwAn	-	supwAn	supwa{puM;2;bahu(Rvap1;kwa;axAxiH)}	supwa{puM;2;bahu(Rvap1;kwa;axAxiH)}	karma,5.1	karma,5.1#viSeRaNam,6.1#karma,10.1#karma,3.1	1	04	017	mahABArawam	mOsalaparvaH	-
5.1	hanyAw	-	hanyAw	han1{karwari;viXilif;pra;eka;parasmEpaxI;axAxiH}	han1{karwari;viXilif;pra;eka;parasmEpaxI;axAxiH}	aBihiwa_karwA,2.1;sakarmaka	aBihiwa_karwA,2.1;sakarmaka	1	04	017	mahABArawam	mOsalaparvaH	-
6.1	mqwAn	-	mqwAn	mqwa{puM;2;bahu(mq1;kwa;wuxAxiH)}	mqwa{puM;2;bahu(mq1;kwa;wuxAxiH)}	upamAnam,4.1	upamAnam,4.1#viSeRaNam,4.1#karma,10.1#karma,3.1	1	04	017	mahABArawam	mOsalaparvaH	-
7.1	iva	-	iva	iva{avya}	iva{avya}	upamAna_xyowakaH,6.1	upamAna_xyowakaH,6.1	1	04	017	mahABArawam	mOsalaparvaH	-
8.1	na	-	na	na{avya}	na{avya}	prawiReXaH,10.1	prawiReXaH,10.1	1	04	017	mahABArawam	mOsalaparvaH	-
9.1	waw	-	waw	wax{sarvanAma;napuM;1;eka}/wax{sarvanAma;napuM;2;eka}	wax{sarvanAma;napuM;2;eka}	karma,10.1	viSeRaNam,15.1#viSeRaNam,13.1#karma,15.1#karma,10.1#karma,3.1	1	04	017	mahABArawam	mOsalaparvaH	-
1.1	iwi	-	iwi	iwi{avya}	iwi{avya}	sambanXaH,2.1	karma,4.1#sambanXaH,2.1	1	04	018	mahABArawam	mOsalaparvaH	-
10.1	hArxikyam	-	hArxikyam	-	-	karma,11.1	karma,11.1	1	04	018	mahABArawam	mOsalaparvaH	-
11.1	avamanya	-	avamanya	ava_man2{avya;lyap;wanAxiH}	ava_man2{avya;lyap;wanAxiH}	pUrvakAlaH,4.1	pUrvakAlaH,4.1	1	04	018	mahABArawam	mOsalaparvaH	-
12.1	ca	-	ca	ca{avya}	ca{avya}	sambanXaH,11.1	sambanXaH,11.1	1	04	018	mahABArawam	mOsalaparvaH	-
13.1	.	-	.	-	-	-	-	1	04	018	mahABArawam	mOsalaparvaH	-
2.1	ukwe	-	ukwe	ukwi{swrI;8;eka}	ukwi{napuM;7;eka}	BAvalakRaNasapwamI_samAnakAlaH,4.1	BAvalakRaNasapwamI_samAnakAlaH,4.1	1	04	018	mahABArawam	mOsalaparvaH	-
3.1	yuyuXAnena	-	yuyuXAnena	yuyuXAna{puM;3;eka}	yuyuXAna{puM;3;eka}	karwA,2.1	karwA,2.1#prayojyakarwA,4.1#karaNam,4.1#hewuH,11.1#hewuH,4.1	1	04	018	mahABArawam	mOsalaparvaH	-
4.1	pUjayAmAsa	-	pUjayAmAsa	pUj1{karwari;lit;u;eka;parasmEpaxI;curAxiH}/pUj1{karwari;lit;pra;eka;parasmEpaxI;curAxiH}/pUj1{karwari;lit;ma;bahu;parasmEpaxI;curAxiH}/pUj1{karmaNi;lit;u;eka;AwmanepaxI;curAxiH}/pUj1{karmaNi;lit;pra;eka;AwmanepaxI;curAxiH}/pUj1{karmaNi;lit;ma;bahu;AwmanepaxI;curAxiH}/pUj1{Nic;karwari;lit;pra;eka;parasmEpaxI;curAxiH}/pUj1{Nic;karwari;lit;pra;eka;AwmanepaxI;curAxiH}/pUj1{Nic;karwari;lit;ma;bahu;parasmEpaxI;curAxiH}/pUj1{Nic;karwari;lit;ma;bahu;AwmanepaxI;curAxiH}/pUj1{Nic;karwari;lit;u;eka;parasmEpaxI;curAxiH}/pUj1{Nic;karwari;lit;u;eka;AwmanepaxI;curAxiH}	pUj1{karwari;lit;pra;eka;parasmEpaxI;curAxiH}	aBihiwa_karwA,7.1;sakarmaka	aBihiwa_karwA,7.1;sakarmaka	1	04	018	mahABArawam	mOsalaparvaH	-
5.1	waw	-	waw	wax{sarvanAma;napuM;1;eka}/wax{sarvanAma;napuM;2;eka}	wax{sarvanAma;napuM;2;eka}	viSeRaNam,6.1	viSeRaNam,6.1#karma,4.1#prayojakakarwA,4.1	1	04	018	mahABArawam	mOsalaparvaH	-
6.1	vacaH	-	vacaH	vaca{puM;1;eka}/vacas{napuM;1;eka}/vacas{napuM;2;eka}/vacas{napuM;8;eka}	vacas{napuM;2;eka}	karma,4.1	karma,4.1#prayojakakarwA,4.1	1	04	018	mahABArawam	mOsalaparvaH	-
7.1	praxyumnaH	-	praxyumnaH	praxyumna{puM;1;eka}	praxyumna{puM;1;eka}	karwA,4.1	karwA,4.1#prayojakakarwA,4.1#karma,4.1	1	04	018	mahABArawam	mOsalaparvaH	-
8.1	raWinAm	-	raWinAm	raWin{puM;6;bahu}	raWin{puM;6;bahu}	nirXAraNam,9.1	nirXAraNam,9.1#RaRTIsambanXaH,7.1#RaRTIsambanXaH,6.1#RaRTIsambanXaH,3.1#RaRTIsambanXaH,2.1	1	04	018	mahABArawam	mOsalaparvaH	-
9.1	SreRTaH	-	SreRTaH	SreRTa{puM;1;eka}	SreRTa{puM;1;eka}	viSeRaNam,7.1	viSeRaNam,7.1#viSeRaNam,6.1#prayojakakarwA,4.1#karma,4.1	1	04	018	mahABArawam	mOsalaparvaH	-
1.1	wawaH	-	wawaH	wawaH{avya}	wawaH{avya}	sambanXaH,5.1	sambanXaH,5.1#kArya_xyowakaH,5.1	1	04	019	mahABArawam	mOsalaparvaH	-
10.1	savyena	-	savyena	savya{puM;3;eka(RU1;yaw;axAxiH)}/savya{napuM;3;eka(RU1;yaw;axAxiH)}/savya{puM;3;eka(RU3;yaw;wuxAxiH)}/savya{napuM;3;eka(RU3;yaw;wuxAxiH)}/savya{puM;3;eka(Ru2;yaw;axAxiH)}/savya{napuM;3;eka(Ru2;yaw;axAxiH)}/savya{puM;3;eka(Ru3;yaw;svAxiH)}/savya{napuM;3;eka(Ru3;yaw;svAxiH)}	savya{puM;3;eka(RU1;yaw;axAxiH)}	viSeRaNam,11.1	karwA,3.1#karaNam,3.1#hewuH,5.1#hewuH,3.1#viSeRaNam,11.1	1	04	019	mahABArawam	mOsalaparvaH	-
11.1	pANinA	-	pANinA	pANi{puM;3;eka}	pANi{puM;3;eka}	karaNam,5.1	karaNam,5.1#karwA,10.1#karaNam,3.1#hewuH,10.1#hewuH,5.1#hewuH,3.1	1	04	019	mahABArawam	mOsalaparvaH	-
12.1	.	-	.	-	-	-	-	1	04	019	mahABArawam	mOsalaparvaH	-
2.1	parama-	-	parama-sam-kruxXaH	parama	parama	samAsaH,2.2	samAsaH,2.2	1	04	019	mahABArawam	mOsalaparvaH	-
2.2	sam-	-	--	-sam	-sam	samAsaH,2.3	samAsaH,2.3	1	04	019	mahABArawam	mOsalaparvaH	-
2.3	kruxXaH	-	--	kruxXa{puM;1;eka}	kruxXa{puM;1;eka}	viSeRaNam,3.1	viSeRaNam,3.1#karwA,5.1#viSeRaNam,3.1	1	04	019	mahABArawam	mOsalaparvaH	-
3.1	kqwavarmA	-	kqwavarmA	kqwavarman{puM;1;eka}	kqwavarman{puM;1;eka}	karwA,5.1	karwA,5.1	1	04	019	mahABArawam	mOsalaparvaH	-
4.1	wam	-	wam	wax{sarvanAma;puM;2;eka}	wax{sarvanAma;puM;2;eka}	karma,5.1	karma,5.1#viSeRaNam,8.2#muKyakarma,5.1#karma,3.1#gONakarma,5.1	1	04	019	mahABArawam	mOsalaparvaH	-
5.1	abravIw	-	abravIw	brU1{karwari;laf;pra;eka;parasmEpaxI;axAxiH}	brU1{karwari;laf;pra;eka;parasmEpaxI;axAxiH}	aBihiwa_karwA,3.1;sakarmaka	aBihiwa_karwA,3.1;sakarmaka	1	04	019	mahABArawam	mOsalaparvaH	-
6.1	nirxiSan	-	nirxiSan	-	-	kriyAviSeRaNam,5.1	kriyAviSeRaNam,5.1	1	04	019	mahABArawam	mOsalaparvaH	-
7.1	iva	-	iva	iva{avya}	iva{avya}	sambanXaH,5.1	sambanXaH,5.1#upamAnam_rahiwa_upamAna_xyowakaH,8.2	1	04	019	mahABArawam	mOsalaparvaH	-
8.1	sa-	-	sa-avajFam	sa	sa	samAsaH,8.2	samAsaH,8.2	1	04	019	mahABArawam	mOsalaparvaH	-
8.2	avajFam	-	--	avajFa{puM;2;eka}/avajFa{napuM;1;eka}/avajFa{napuM;2;eka}/sAvajFam{avya}	sAvajFam{avya}	kriyAviSeRaNam,5.1	kriyAviSeRaNam,5.1#upamAnam,4.1#muKyakarma,5.1#karma,3.1#upamAnam,3.2#karwA,5.1#karma,10.1#viSeRaNam,4.1#gONakarma,5.1	1	04	019	mahABArawam	mOsalaparvaH	-
9.1	waxA	-	waxA	waxA{avya}	waxA{avya}	kAlAXikaraNam,5.1	kAlAXikaraNam,5.1	1	04	019	mahABArawam	mOsalaparvaH	-
1.1	BUriSravAH	-	BUriSravAH	-	-	karwA,11.1	karwA,11.1	1	04	020	mahABArawam	mOsalaparvaH	-
10.1	pAwiwaH	-	pAwiwaH	pAwin{avya;wasil}/pAwiwa{puM;1;eka}/pAwiwa{puM;1;eka(paw;kwa;BvAxiH}	pAwiwa{puM;1;eka(paw;kwa;BvAxiH}	viXeya_viSeRaNam,1.1	viXeya_viSeRaNam,1.1	1	04	020	mahABArawam	mOsalaparvaH	-
11.1	(AsIw)	-	AsIw	as2{karwari;laf;pra;eka;parasmEpaxI;axAxiH}	as2{karwari;laf;pra;eka;parasmEpaxI;axAxiH}	aBihiwa_karwA,1.1	aBihiwa_karwA,1.1	1	04	020	mahABArawam	mOsalaparvaH	-
12.1	.	-	.	-	-	-	-	1	04	020	mahABArawam	mOsalaparvaH	-
2.1	Cinna-	-	Cinna-bAhuH	Cinna	Cinna	samAsaH,2.2	samAsaH,2.2	1	04	020	mahABArawam	mOsalaparvaH	-
2.2	bAhuH	-	--	bAhu{puM;1;eka}	bAhu{puM;1;eka}	viSeRaNam,1.1	viSeRaNam,10.1#viSeRaNam,1.1	1	04	020	mahABArawam	mOsalaparvaH	-
3.1	yuxXe	-	yuxXe	yuxXa{napuM;7;eka}/yuxXa{puM;7;eka}	yuxXa{napuM;7;eka}	xeSAXikaraNam,11.1	xeSAXikaraNam,11.1	1	04	020	mahABArawam	mOsalaparvaH	-
4.1	prAyagawaH	-	prAyagawaH	-	-	viSeRaNam,1.1	viSeRaNam,1.1	1	04	020	mahABArawam	mOsalaparvaH	-
5.1	wvayA	-	wvayA	yuRmax{sarvanAma;3;eka}	yuRmax{sarvanAma;3;eka}	karwA,10.1	karwA,10.1	1	04	020	mahABArawam	mOsalaparvaH	-
6.1	vaXena	-	vaXena	vaXa{puM;3;eka}	vaXa{puM;3;eka}	hewuH,11.1	viSeRaNam,5.1#hewuH,11.1	1	04	020	mahABArawam	mOsalaparvaH	-
7.1	su-	-	su-nqSaMsena	su	su	samAsaH,7.2	samAsaH,7.2	1	04	020	mahABArawam	mOsalaparvaH	-
7.2	nqSaMsena	-	--	nqSaMsa{puM;3;eka}/nqSaMsa{napuM;3;eka}	nqSaMsa{puM;3;eka}	viSeRaNam,5.1	viSeRaNam,9.1#viSeRaNam,5.1#viSeRaNam,6.1	1	04	020	mahABArawam	mOsalaparvaH	-
8.1	kaWam	-	kaWam	kaWam{avya}	kaWam{avya}	kriyAviSeRaNam,11.1	kriyAviSeRaNam,11.1	1	04	020	mahABArawam	mOsalaparvaH	-
9.1	vIreNa	-	vIreNa	vIra{puM;3;eka}/vIra{napuM;3;eka}	vIra{puM;3;eka}	viSeRaNam,5.1	viSeRaNam,7.2#viSeRaNam,5.1#viSeRaNam,6.1	1	04	020	mahABArawam	mOsalaparvaH	-
1.1	iwi	-	iwi	iwi{avya}	iwi{avya}	sambanXaH,4.1	karma,11.1#karma,4.1#sambanXaH,4.1	1	04	021	mahABArawam	mOsalaparvaH	-
10.1	vIkRAm	-	vIkRAm	vIkRA{swrI;2;eka}	vIkRA{swrI;2;eka}	karma,11.1	karma,11.1#karma,4.1	1	04	021	mahABArawam	mOsalaparvaH	-
11.1	cakre	-	cakre	kq2{karwari;lit;pra;eka;AwmanepaxI;svAxiH}/kq2{karwari;lit;u;eka;AwmanepaxI;svAxiH}/kq2{karmaNi;lit;pra;eka;AwmanepaxI;svAxiH}/kq2{karmaNi;lit;u;eka;AwmanepaxI;svAxiH}/kq3{karwari;lit;pra;eka;AwmanepaxI;wanAxiH}/kq3{karwari;lit;u;eka;AwmanepaxI;wanAxiH}/kq3{karmaNi;lit;pra;eka;AwmanepaxI;wanAxiH}/kq3{karmaNi;lit;u;eka;AwmanepaxI;wanAxiH}/cakra{puM;7;eka}/cakra{napuM;7;eka}	kq3{karwari;lit;pra;eka;AwmanepaxI;wanAxiH}	aBihiwa_karwA,5.1;sakarmaka	aXikaraNam,4.1	1	04	021	mahABArawam	mOsalaparvaH	-
12.1	saH	-	saH	wax{sarvanAma;puM;1;eka}	wax{sarvanAma;puM;1;eka}	viSeRaNam,5.1	viSeRaNam,5.1#viSeRaNam,3.1#karwA,11.1#karma,11.1	1	04	021	mahABArawam	mOsalaparvaH	-
13.1	manyumAn	-	manyumAn	manyu{mawup;puM;1;eka}	manyu{mawup;puM;1;eka}	viSeRaNam,5.1	viSeRaNam,12.1#viSeRaNam,5.1#viSeRaNam,3.1#karwA,11.1#karma,11.1	1	04	021	mahABArawam	mOsalaparvaH	-
14.1	.	-	.	-	-	-	-	1	04	021	mahABArawam	mOsalaparvaH	-
2.1	wasya	-	wasya	wax{sarvanAma;napuM;6;eka}/wax{sarvanAma;puM;6;eka}	wax{sarvanAma;napuM;6;eka}	RaRTIsambanXaH,3.1	RaRTIsambanXaH,13.1#RaRTIsambanXaH,11.1#RaRTIsambanXaH,10.1#RaRTIsambanXaH,9.1#RaRTIsambanXaH,8.2#RaRTIsambanXaH,5.1#RaRTIsambanXaH,3.1	1	04	021	mahABArawam	mOsalaparvaH	-
3.1	vacaH	-	vacaH	vaca{puM;1;eka}/vacas{napuM;1;eka}/vacas{napuM;2;eka}/vacas{napuM;8;eka}	vacas{napuM;2;eka}	karma,4.1	karma,4.1#viSeRaNam,5.1#karma,4.1	1	04	021	mahABArawam	mOsalaparvaH	-
4.1	SruwvA	-	SruwvA	Sru1{avya;kwvA;BvAxiH}	Sru1{avya;kwvA;BvAxiH}	pUrvakAlaH,11.1	pUrvakAlaH,11.1	1	04	021	mahABArawam	mOsalaparvaH	-
5.1	keSavaH	-	keSavaH	keSava{puM;1;eka}	keSava{puM;1;eka}	karwA,11.1;karwA,4.1	karwA,11.1;karwA,4.1;karma,11.1	1	04	021	mahABArawam	mOsalaparvaH	-
6.1	para-	-	para-vIra-hA	para	para	samAsaH,6.2	samAsaH,6.2	1	04	021	mahABArawam	mOsalaparvaH	-
6.2	vIra-	-	--	vIra	vIra	samAsaH,6.3	samAsaH,6.3	1	04	021	mahABArawam	mOsalaparvaH	-
6.3	hA	-	--	hA{puM;1;eka}	hA{puM;1;eka}	viSeRaNam,5.1	viSeRaNam,5.1	1	04	021	mahABArawam	mOsalaparvaH	-
7.1	wiryak	-	wiryak	-	-	viSeRaNam,10.1	viSeRaNam,10.1	1	04	021	mahABArawam	mOsalaparvaH	-
8.1	sa-	-	sa-roRayA	sa	sa	samAsaH,8.2	samAsaH,8.2	1	04	021	mahABArawam	mOsalaparvaH	-
8.2	roRayA	-	--	roRA{swrI;3;eka}	roRA{swrI;3;eka}	viSeRaNam,9.1	viSeRaNam,9.1#karwA,11.1#karaNam,11.1#karaNam,4.1#hewuH,11.1#hewuH,4.1	1	04	021	mahABArawam	mOsalaparvaH	-
9.1	xqRtyA	-	xqRtyA	xqRti{swrI;3;eka}	xqRti{swrI;3;eka}	karaNam,11.1	karwA,11.1#karaNam,11.1#karaNam,4.1#hewuH,11.1	1	04	021	mahABArawam	mOsalaparvaH	-
1.1	maNiH	-	maNiH	maNi{puM;1;eka}	maNi{puM;1;eka}	viSeRaNam,2.1	sup_samucciwaH,2.1#karwA_be_verbs,7.1#viSeRaNam,2.1	1	04	022	mahABArawam	mOsalaparvaH	-
10.1	smArayAmAsa	-	smArayAmAsa	smq1{Nic;karwari;lit;u;eka;parasmEpaxI;BvAxiH}/smq1{Nic;karwari;lit;u;eka;AwmanepaxI;BvAxiH}/smq1{Nic;karwari;lit;pra;eka;parasmEpaxI;BvAxiH}/smq1{Nic;karwari;lit;pra;eka;AwmanepaxI;BvAxiH}/smq1{Nic;karwari;lit;ma;bahu;parasmEpaxI;BvAxiH}/smq1{Nic;karwari;lit;ma;bahu;AwmanepaxI;BvAxiH}	smq1{Nic;karwari;lit;pra;eka;parasmEpaxI;BvAxiH}	aBihiwa_karwA,11.1;sakarmaka	-	1	04	022	mahABArawam	mOsalaparvaH	-
11.1	sAwyakiH	-	sAwyakiH	sAwyaki{puM;1;eka}	sAwyaki{puM;1;eka}	prayojakakarwA,10.1	viXeya_viSeRaNam,5.1#prayojakakarwA,10.1#karwA_be_verbs,7.1	1	04	022	mahABArawam	mOsalaparvaH	-
12.1	maXu-	-	maXu-sUxanam	maXu	maXu	samAsaH,12.2	samAsaH,12.2	1	04	022	mahABArawam	mOsalaparvaH	-
12.2	sUxanam	-	--	sUxana{napuM;1;eka(RUx2;lyut;curAxiH)}/sUxana{napuM;2;eka(RUx2;lyut;curAxiH)}/sUxana{puM;2;eka}	sUxana{napuM;2;eka(RUx2;lyut;curAxiH)}	prayojyakarwA,10.1	prayojyakarwA,10.1#karma,10.1#viXeya_viSeRaNam,11.1#viXeya_viSeRaNam,5.1#viXeya_viSeRaNam,4.1#viXeya_viSeRaNam,2.1#prayojakakarwA,10.1#karwA_be_verbs,7.1	1	04	022	mahABArawam	mOsalaparvaH	-
13.1	.	-	.	-	-	-	-	1	04	022	mahABArawam	mOsalaparvaH	-
2.1	syamanwakaH	-	syamanwakaH	syamanwaka{puM;1;eka}	syamanwaka{puM;1;eka}	karwA,7.1	karwA_be_verbs,7.1	1	04	022	mahABArawam	mOsalaparvaH	-
3.1	cEva	-	cEva	cEva{avya}	cEva{avya}	sambanXaH,2.1	sup_samuccaya_xyowakaH,2.1#sambanXaH,2.1	1	04	022	mahABArawam	mOsalaparvaH	-
4.1	yaH	-	yaH	yax{sarvanAma;puM;1;eka}	yax{sarvanAma;puM;1;eka}	viXeya_viSeRaNam,2.1	viXeya_viSeRaNam,2.1#viSeRaNam,11.1#viSeRaNam,5.1#viSeRaNam,2.1#prayojakakarwA,10.1#niwya_sambanXaH1,5.1#karwA_be_verbs,7.1	1	04	022	mahABArawam	mOsalaparvaH	-
5.1	saH	-	saH	wax{sarvanAma;puM;1;eka}	wax{sarvanAma;puM;1;eka}	viSeRaNam,2.1	viSeRaNam,11.1#viSeRaNam,4.1#viSeRaNam,2.1#prayojakakarwA,10.1#karwA_be_verbs,7.1	1	04	022	mahABArawam	mOsalaparvaH	-
6.1	sawrAjiwaH	-	sawrAjiwaH	sawrAjiw{puM;1;bahu}/sawrAjiw{puM;2;bahu}/sawrAjiw{puM;5;eka}/sawrAjiw{puM;6;eka}/sawrAjiw{puM;8;bahu}	sawrAjiw{puM;6;eka}	RaRTIsambanXaH,4.1	RaRTIsambanXaH,4.1#karwA,12.2#karma,12.2#RaRTIsambanXaH,12.2#RaRTIsambanXaH,11.1#RaRTIsambanXaH,9.1#RaRTIsambanXaH,2.1#hewuH5,12.2#hewuH5,10.1#hewuH5,7.1#karma,10.1	1	04	022	mahABArawam	mOsalaparvaH	-
7.1	aBavaw	-	aBavaw	BU1{karwari;laf;pra;eka;parasmEpaxI;BvAxiH}	BU1{karwari;laf;pra;eka;parasmEpaxI;BvAxiH}	aBihiwa_karwA,2.1;akarmaka	-	1	04	022	mahABArawam	mOsalaparvaH	-
8.1	wAm	-	wAm	wax{sarvanAma;swrI;2;eka}	wax{sarvanAma;swrI;2;eka}	viSeRaNam,9.1	viSeRaNam,9.1#karma,12.2#karma,10.1	1	04	022	mahABArawam	mOsalaparvaH	-
9.1	kaWAm	-	kaWAm	kaWA{swrI;2;eka}	kaWA{swrI;2;eka}	karma,10.1	karma,12.2#karma,10.1	1	04	022	mahABArawam	mOsalaparvaH	-
1.1	waw	-	waw	wax{sarvanAma;napuM;1;eka}/wax{sarvanAma;napuM;2;eka}	wax{sarvanAma;napuM;2;eka}	karma,2.1	karma,5.1#karma,4.1#karma,2.1#karwA,5.1	1	04	023	mahABArawam	mOsalaparvaH	-
10.1	kopayanwI	-	kopayanwI	kopayanwI{swrI;1;eka(kup;Nic;Sawq;xivAxiH)	kopayanwI{swrI;1;eka(kup;Nic;Sawq;xivAxiH)	varwamAnasamAnakAlaH,5.1	varwamAnasamAnakAlaH,5.1	1	04	023	mahABArawam	mOsalaparvaH	-
11.1	janArxanam	-	janArxanam	janArxana{puM;2;eka}	janArxana{puM;2;eka}	karma,10.1	karma,5.1#karma,4.1#karma,2.1#karma,10.1	1	04	023	mahABArawam	mOsalaparvaH	-
12.1	.	-	.	-	-	-	-	1	04	023	mahABArawam	mOsalaparvaH	-
2.1	SruwvA	-	SruwvA	Sru1{avya;kwvA;BvAxiH}	Sru1{avya;kwvA;BvAxiH}	pUrvakAlaH,5.1	pUrvakAlaH,9.2#pUrvakAlaH,5.1#pUrvakAlaH,4.1	1	04	023	mahABArawam	mOsalaparvaH	-
3.1	keSavasya	-	keSavasya	keSava{puM;6;eka}	keSava{puM;6;eka}	RaRTIsambanXaH,4.1	RaRTIsambanXaH,11.1#RaRTIsambanXaH,8.1#RaRTIsambanXaH,4.1	1	04	023	mahABArawam	mOsalaparvaH	-
4.1	afkam	-	afkam	afka{puM;2;eka}/afka1{avya;Namul;curAxiH}	afka{puM;2;eka}	karma,5.1	viSeRaNam,11.1#karma,5.1#karma,2.1	1	04	023	mahABArawam	mOsalaparvaH	-
5.1	agamaw	-	agamaw	gam1{karwari;luf;pra;eka;parasmEpaxI;BvAxiH}	gam1{karwari;luf;pra;eka;parasmEpaxI;BvAxiH}	aBihiwa_karwA,8.1;sakarmaka	-	1	04	023	mahABArawam	mOsalaparvaH	-
6.1	ruxawI	-	ruxawI	ruxaw{napuM;1;xvi(rux1;Sawq_lat;axAxiH)}/ruxaw{napuM;2;xvi(rux1;Sawq_lat;axAxiH)}/ruxawI{swrI;1;eka(rux1;Sawq_lat;axAxiH)}	ruxawI{swrI;1;eka(rux1;Sawq_lat;axAxiH)}	viSeRaNam,8.1	viSeRaNam,8.1#varwamAnasamAnakAlaH,5.1#karwA,5.1#karma,5.1#karma,4.1#karma,2.1	1	04	023	mahABArawam	mOsalaparvaH	-
7.1	waxA	-	waxA	waxA{avya}	waxA{avya}	kAlAXikaraNam,5.1	kAlAXikaraNam,5.1	1	04	023	mahABArawam	mOsalaparvaH	-
8.1	sawyaBAmA	-	sawyaBAmA	sawyaBAmA{swrI;1;eka}	sawyaBAmA{swrI;1;eka}	karwA,5.1;karwA,2.1	karwA,5.1;karwA,2.1	1	04	023	mahABArawam	mOsalaparvaH	-
9.1	pra-	-	pra-kupiwA	pra	pra	samAsaH,9.2	samAsaH,9.2	1	04	023	mahABArawam	mOsalaparvaH	-
9.2	kupiwA	-	--	kupiwA{swrI;1;eka(kup1;kwa;xivAxiH)}	kupiwA{swrI;1;eka(kup1;kwa;xivAxiH)}	viSeRaNam,8.1	viSeRaNam,8.1#viSeRaNam,6.1#karwA,5.1	1	04	023	mahABArawam	mOsalaparvaH	-
1.1	wawaH	-	wawaH	wawaH{avya}	wawaH{avya}	sambanXaH,6.1	sambanXaH,6.1#kArya_xyowakaH,6.1#apAxAnam,2.1	1	04	024	mahABArawam	mOsalaparvaH	-
10.1	(gacCAmi)	-	gacCAmi	gam1{karwari;lat;u;eka;parasmEpaxI;BvAxiH}	gam1{karwari;lat;u;eka;parasmEpaxI;BvAxiH}	aBihiwa_karwA,4.1;sakarmaka	samucciwaH,7.1	1	04	024	mahABArawam	mOsalaparvaH	-
11.1	(paxavIm)	-	paxavIm	paxavI{puM;2;eka}	paxavI{puM;2;eka}	karma,10.1	sup_samucciwaH,9.1#karma,7.1#karma,2.1#karma,10.1	1	04	024	mahABArawam	mOsalaparvaH	-
12.1	.	-	.	-	-	-	-	1	04	024	mahABArawam	mOsalaparvaH	-
2.1	uwWAya	-	uwWAya	uw_RWA1{avya;lyap;BvAxiH}	uw_RWA1{avya;lyap;BvAxiH}	pUrvakAlaH,6.1	pUrvakAlaH,6.1	1	04	024	mahABArawam	mOsalaparvaH	-
3.1	sa-	-	sa-kroXaH	sa	sa	samAsaH,3.2	samAsaH,3.2	1	04	024	mahABArawam	mOsalaparvaH	-
3.2	kroXaH	-	--	kroXa{puM;1;eka}	kroXa{puM;1;eka}	viSeRaNam,4.1	viSeRaNam,4.1#karwA,6.1	1	04	024	mahABArawam	mOsalaparvaH	-
4.1	sAwyakiH	-	sAwyakiH	sAwyaki{puM;1;eka}	sAwyaki{puM;1;eka}	karwA,6.1;karwA,2.1	karwA,6.1;karwA,2.1	1	04	024	mahABArawam	mOsalaparvaH	-
5.1	vAkyam	-	vAkyam	vAkya{napuM;1;eka}/vAkya{napuM;2;eka}	vAkya{napuM;2;eka}	karma,6.1	muKyakarma,6.1#karwA,6.1#karma,6.1	1	04	024	mahABArawam	mOsalaparvaH	-
6.1	abravIw	-	abravIw	brU1{karwari;laf;pra;eka;parasmEpaxI;axAxiH}	brU1{karwari;laf;pra;eka;parasmEpaxI;axAxiH}	aBihiwa_karwA,4.1;sakarmaka	aBihiwa_karwA,4.1;sakarmaka	1	04	024	mahABArawam	mOsalaparvaH	-
7.1	paFcAnAm	-	paFcAnAm	paFcan{saMKyeyam;6;bahu}/paFcan{saMKyA;napuM;6;bahu}	paFcan{saMKyeyam;6;bahu}	viSeRaNam,8.1	RaRTIsambanXaH,9.2#RaRTIsambanXaH,8.1#RaRTIsambanXaH,5.1#RaRTIsambanXaH,4.1#RaRTIsambanXaH,3.2#viSeRaNam,8.1	1	04	024	mahABArawam	mOsalaparvaH	-
8.1	xrOpaxeyAnAm	-	xrOpaxeyAnAm	xrOpaxeya{puM;6;bahu}	xrOpaxeya{puM;6;bahu}	samucciwaH,9.2	samucciwaH,9.2#RaRTIsambanXaH,9.2#RaRTIsambanXaH,7.1#RaRTIsambanXaH,5.1#RaRTIsambanXaH,4.1#RaRTIsambanXaH,3.2	1	04	024	mahABArawam	mOsalaparvaH	-
9.1	XqRtaxyumna-	-	XqRtaxyumna-SiKaNdinoH	XqRtaxyumna	XqRtaxyumna	samAsaH,9.2	samAsaH,9.2	1	04	024	mahABArawam	mOsalaparvaH	-
9.2	SiKaNdinoH	-	--	SiKaNdin{puM;6;xvi}/SiKaNdin{napuM;6;xvi}/SiKaNdin{puM;7;xvi}/SiKaNdin{napuM;7;xvi}	SiKaNdin{puM;6;xvi}	RaRTIsambanXaH,11.1	RaRTIsambanXaH,11.1#aXikaraNam,6.1#aXikaraNam,2.1#RaRTIsambanXaH,8.1#RaRTIsambanXaH,7.1#RaRTIsambanXaH,5.1#RaRTIsambanXaH,4.1#RaRTIsambanXaH,3.2	1	04	024	mahABArawam	mOsalaparvaH	-
1.1	eRaH	-	eRaH	ewax{sarvanAma;puM;1;eka}	ewax{sarvanAma;puM;1;eka}	viSeRaNam,15.1	sup_samucciwaH,9.1#viSeRaNam,15.1	1	04	025	mahABArawam	mOsalaparvaH	-
10.1	ca	-	ca	ca{avya}	ca{avya}	sambanXaH,9.1	sup_samuccaya_xyowakaH,9.1#samuccaya_xyowakaH,7.1#samuccaya_xyowakaH,2.1#sambanXaH,9.1	1	04	025	mahABArawam	mOsalaparvaH	-
11.1	nihawAH	-	nihawAH	nihan{wal;swrI;1;bahu}/nihan{wal;swrI;2;bahu}/nihawa{puM;1;bahu(ni_han1;kwa;axAxiH)}/nihawA{swrI;1;bahu(ni_han1;kwa;axAxiH)}/nihawA{swrI;2;bahu(ni_han1;kwa;axAxiH)}	nihawa{puM;1;bahu(ni_han1;kwa;axAxiH)}	viXeya_viSeRaNam,12.1	viXeya_viSeRaNam,12.1#viSeRaNam,12.1#karma,7.1#viSeRaNam,9.1	1	04	025	mahABArawam	mOsalaparvaH	-
12.1	supwAH	-	supwAH	supwa{puM;1;bahu(Rvap1;kwa;axAxiH)}/supwA{swrI;1;bahu(Rvap1;kwa;axAxiH)}/supwA{swrI;2;bahu(Rvap1;kwa;axAxiH)}	supwa{puM;1;bahu(Rvap1;kwa;axAxiH)}	karwA,16.1	karwA,16.1#viSeRaNam,11.1#karma,11.1#karma,7.1#viSeRaNam,9.1	1	04	025	mahABArawam	mOsalaparvaH	-
13.1	anena	-	anena	ixam{sarvanAma;puM;3;eka}/ixam{sarvanAma;napuM;3;eka}/ana{puM;3;eka}	ixam{sarvanAma;puM;3;eka}	viSeRaNam,14.2	karwA,11.1#karaNam,11.1#karaNam,7.1#karaNam,2.1#hewuH,12.1#hewuH,11.1#hewuH,7.1#hewuH,2.1#viSeRaNam,4.1#viSeRaNam,14.2	1	04	025	mahABArawam	mOsalaparvaH	-
14.1	xur-	-	xur-AwmanA	xur	xur	samAsaH,14.2	samAsaH,14.2	1	04	025	mahABArawam	mOsalaparvaH	-
14.2	AwmanA	-	--	Awman{puM;3;eka}	Awman{puM;3;eka}	karwA,11.1	karwA,11.1#viSeRaNam,13.1#viSeRaNam,4.1#karwA,11.1#karaNam,11.1#karaNam,7.1#karaNam,2.1#hewuH,12.1#hewuH,11.1#hewuH,7.1#hewuH,2.1	1	04	025	mahABArawam	mOsalaparvaH	-
15.1	(aham)	-	aham	asmax{sarvanAma;1;eka}	asmax{sarvanAma;1;eka}	karwA,2.1;karwA,7.1	karwA,2.1;karwA,7.1	1	04	025	mahABArawam	mOsalaparvaH	-
16.1	(Asan)	-	Asan	as1{karwari;laf;pra;bahu;parasmEpaxI;BvAxiH}/as2{karwari;laf;pra;bahu;parasmEpaxI;axAxiH}/Asan{napuM;8;eka}	as1{karwari;laf;pra;bahu;parasmEpaxI;BvAxiH}	aBihiwa_karwA,12.1	aBihiwa_karwA,12.1	1	04	025	mahABArawam	mOsalaparvaH	-
17.1	.	-	.	-	-	-	-	1	04	025	mahABArawam	mOsalaparvaH	-
2.1	gacCAmi	-	gacCAmi	gam1{karwari;lat;u;eka;parasmEpaxI;BvAxiH}	gam1{karwari;lat;u;eka;parasmEpaxI;BvAxiH}	samucciwaH,7.1	samucciwaH,7.1	1	04	025	mahABArawam	mOsalaparvaH	-
3.1	paxavIm	-	paxavIm	paxavI{puM;2;eka}	paxavI{puM;2;eka}	karma,2.1	sup_samucciwaH,9.1#karma,7.1#karma,2.1	1	04	025	mahABArawam	mOsalaparvaH	-
4.1	sawyena	-	sawyena	sawya{puM;3;eka}/sawya{napuM;3;eka}	sawya{puM;3;eka}	karaNam,7.1	karwA,11.1#karaNam,11.1#karaNam,7.1#karaNam,2.1#hewuH,12.1#hewuH,11.1#hewuH,7.1#hewuH,2.1	1	04	025	mahABArawam	mOsalaparvaH	-
5.1	ca	-	ca	ca{avya}	ca{avya}	sambanXaH,4.1	samuccaya_xyowakaH,7.1#sambanXaH,4.1	1	04	025	mahABArawam	mOsalaparvaH	-
6.1	waWA	-	waWA	waWA{avya}	waWA{avya}	sambanXaH,5.1	sambanXaH,5.1#samuccaya_xyowakaH,7.1#kriyAviSeRaNam,12.1#kriyAviSeRaNam,11.1#kriyAviSeRaNam,7.1#kriyAviSeRaNam,2.1	1	04	025	mahABArawam	mOsalaparvaH	-
7.1	Sape	-	Sape	Sap1{karwari;lat;u;eka;AwmanepaxI;BvAxiH}	Sap1{karwari;lat;u;eka;AwmanepaxI;BvAxiH}	aBihiwa_karwA,15.1	samucciwaH,2.1	1	04	025	mahABArawam	mOsalaparvaH	-
8.1	sOpwike	-	sOpwike	sOpwika{puM;7;eka}/sOpwika{napuM;7;eka}	sOpwika{puM;7;eka}	kAlAXikaraNam,16.1	kAlAXikaraNam,16.1#aXikaraNam,12.1#aXikaraNam,11.1#aXikaraNam,7.1#aXikaraNam,2.1	1	04	025	mahABArawam	mOsalaparvaH	-
9.1	ye	-	ye	yax{sarvanAma;puM;1;bahu}/yax{sarvanAma;napuM;1;xvi}/yax{sarvanAma;napuM;2;xvi}/yax{sarvanAma;swrI;1;xvi}/yax{sarvanAma;swrI;2;xvi}	yax{sarvanAma;puM;1;bahu}	viSeRaNam,12.1	karma,11.1#karma,7.1#karma,2.1#viSeRaNam,12.1#viSeRaNam,11.1	1	04	025	mahABArawam	mOsalaparvaH	-
1.1	xroNa-	-	xroNa-puwra-sahAyena	xroNa	xroNa	samAsaH,1.2	samAsaH,1.2	1	04	026	mahABArawam	mOsalaparvaH	-
1.2	puwra-	-	--	puwra	puwra	samAsaH,1.3	samAsaH,1.3	1	04	026	mahABArawam	mOsalaparvaH	-
1.3	sahAyena	-	--	sahAya{puM;3;eka}/sahAya{napuM;3;eka}	sahAya{puM;3;eka}	viSeRaNam,3.1	viSeRaNam,2.1#karwA,4.1#karaNam,5.1#hewuH,6.1#hewuH,5.1#hewuH,4.1#viSeRaNam,3.1	1	04	026	mahABArawam	mOsalaparvaH	-
10.1	api	-	api	api{avya}	api{avya}	sambanXaH,9.1	sup_samuccaya_xyowakaH,9.1#sambanXaH,9.1	1	04	026	mahABArawam	mOsalaparvaH	-
11.1	su-	-	su-maXyame	su	su	samAsaH,11.2	samAsaH,11.2	1	04	026	mahABArawam	mOsalaparvaH	-
11.2	maXyame	-	--	maXyamA{swrI;1;xvi}/maXyamA{swrI;2;xvi}/maXyamA{swrI;8;eka}/maXyamA{swrI;8;xvi}/maXyama{puM;7;eka}/maXyama{napuM;8;xvi}/maXyama{napuM;1;xvi}/maXyama{napuM;2;xvi}/maXyama{napuM;7;eka}	maXyama{puM;7;eka}	aXikaraNam,13.1	aXikaraNam,13.1#aXikaraNam,6.1#aXikaraNam,5.1#aXikaraNam,4.1#karma,6.1#karma,4.1	1	04	026	mahABArawam	mOsalaparvaH	-
12.1	(aswi)	-	aswi	as2{karwari;lat;pra;eka;parasmEpaxI;axAxiH}	as2{karwari;lat;pra;eka;parasmEpaxI;axAxiH}	aBihiwa_karwA,4.1	aBihiwa_karwA,4.1	1	04	026	mahABArawam	mOsalaparvaH	-
13.1	(aswi)	-	aswi	as2{karwari;lat;pra;eka;parasmEpaxI;axAxiH}	as2{karwari;lat;pra;eka;parasmEpaxI;axAxiH}	aBihiwa_karwA,8.1	aBihiwa_karwA,8.1	1	04	026	mahABArawam	mOsalaparvaH	-
14.1	.	-	.	-	-	-	-	1	04	026	mahABArawam	mOsalaparvaH	-
2.1	pApena	-	pApena	pApa{napuM;3;eka}	pApa{napuM;3;eka}	viSeRaNam,3.1	viSeRaNam,3.1#karwA,4.1#karaNam,5.1#hewuH,6.1#hewuH,5.1#hewuH,4.1	1	04	026	mahABArawam	mOsalaparvaH	-
3.1	kqwavarmaNA	-	kqwavarmaNA	kqwavarman{puM;3;eka}	kqwavarman{puM;3;eka}	karwA,4.1	karwA,4.1#karaNam,5.1#hewuH,6.1#hewuH,5.1#hewuH,4.1	1	04	026	mahABArawam	mOsalaparvaH	-
4.1	samApwam	-	samApwam	samApwa{puM;2;eka(sam_Ap1;kwa;svAxiH)}/samApwa{napuM;1;eka(sam_Ap1;kwa;svAxiH)}/samApwa{napuM;2;eka(sam_Ap1;kwa;svAxiH)}	samApwa{puM;2;eka(sam_Ap1;kwa;svAxiH)}	karwA,12.1	karwA,12.1#sup_samucciwaH,8.1#karma,6.1	1	04	026	mahABArawam	mOsalaparvaH	-
5.1	AyuH	-	AyuH	Ayus{napuM;1;eka}/Ayus{napuM;2;eka}/Af_yA1{karwari{laf;pra;bahu;parasmEpaxI;axAxiH}/Ayus{napuM;8;eka}	Ayus{napuM;1;eka}	karma,4.1	sup_samucciwaH,8.1#karma,6.1#karma,4.1	1	04	026	mahABArawam	mOsalaparvaH	-
6.1	asya	-	asya	ixam{sarvanAma;puM;6;eka}/ixam{sarvanAma;napuM;6;eka}/as3{karwari;lot;ma;eka;parasmEpaxI;xivAxiH}	ixam{sarvanAma;puM;6;eka}	RaRTIsambanXaH,5.1	RaRTIsambanXaH,11.2#RaRTIsambanXaH,8.1#RaRTIsambanXaH,5.1#RaRTIsambanXaH,3.1#RaRTIsambanXaH,2.1	1	04	026	mahABArawam	mOsalaparvaH	-
7.1	axya	-	axya	axya{avya}	axya{avya}	kAlAXikaraNam,13.1	kAlAXikaraNam,13.1#sup_samucciwaH,9.1#kAlAXikaraNam,6.1#kAlAXikaraNam,5.1#kAlAXikaraNam,4.1	1	04	026	mahABArawam	mOsalaparvaH	-
8.1	yaSaH	-	yaSaH	yaSas{napuM;1;eka}/yaSas{napuM;2;eka}/yaSas{napuM;8;eka}	yaSas{napuM;1;eka}	karwA,13.1	karwA,13.1#karma,6.1#karma,4.1#karwA,5.1	1	04	026	mahABArawam	mOsalaparvaH	-
9.1	ca	-	ca	ca{avya}	ca{avya}	sambanXaH,8.1	sup_samuccaya_xyowakaH,8.1#sambanXaH,8.1	1	04	026	mahABArawam	mOsalaparvaH	-
1.1	iwi	-	iwi	iwi{avya}	iwi{avya}	sambanXaH,3.1	karma,10.1#karma,3.1#sambanXaH,3.1	1	04	027	mahABArawam	mOsalaparvaH	-
10.1	cicCexa	-	cicCexa	Cix1{karwari;lit;pra;eka;parasmEpaxI;ruXAxiH}/Cix1{karwari;lit;u;eka;parasmEpaxI;ruXAxiH}	Cix1{karwari;lit;pra;eka;parasmEpaxI;ruXAxiH}	aBihiwa_karwA,9.1;sakarmaka	aBihiwa_karwA,9.1;sakarmaka	1	04	027	mahABArawam	mOsalaparvaH	-
11.1	kqwavarmaNaH	-	kqwavarmaNaH	kqwavarman{puM;2;bahu}/kqwavarman{puM;5;eka}/kqwavarman{puM;6;eka}	kqwavarman{puM;6;eka}	RaRTIsambanXaH,8.1	viSeRaNam,5.1#RaRTIsambanXaH,9.1#RaRTIsambanXaH,8.1#RaRTIsambanXaH,5.1#RaRTIsambanXaH,4.1#hewuH5,10.1#hewuH5,3.1#apAxAnam,10.1#muKyakarma,3.1#karma,10.1#gONakarma,3.1	1	04	027	mahABArawam	mOsalaparvaH	-
12.1	.	-	.	-	-	-	-	1	04	027	mahABArawam	mOsalaparvaH	-
2.1	ixam	-	ixam	ixam{sarvanAma;napuM;1;eka}/ixam{sarvanAma;napuM;2;eka}	ixam{sarvanAma;napuM;2;eka}	karma,3.1	viSeRaNam,8.1#gONakarma,3.1#karma,3.1	1	04	027	mahABArawam	mOsalaparvaH	-
3.1	ukwvA	-	ukwvA	vac1{avya;kwvA;axAxiH}	vac1{avya;kwvA;axAxiH}	pUrvakAlaH,10.1	pUrvakAlaH,10.1	1	04	027	mahABArawam	mOsalaparvaH	-
4.1	Kadgena	-	Kadgena	Kadga{puM;3;eka}	Kadga{puM;3;eka}	karaNam,10.1	karaNam,10.1#hewuH,10.1#hewuH,3.1	1	04	027	mahABArawam	mOsalaparvaH	-
5.1	keSavasya	-	keSavasya	keSava{puM;6;eka}	keSava{puM;6;eka}	RaRTIsambanXaH,6.1	RaRTIsambanXaH,6.1#RaRTIsambanXaH,11.1#RaRTIsambanXaH,9.1#RaRTIsambanXaH,8.1#RaRTIsambanXaH,4.1	1	04	027	mahABArawam	mOsalaparvaH	-
6.1	samIpawaH	-	samIpawaH	samIpa{avya;wasil}	samIpa{avya;wasil}	kriyAviSeRaNam,7.1	kriyAviSeRaNam,7.1#kriyAviSeRaNam,10.1#kriyAviSeRaNam,3.1	1	04	027	mahABArawam	mOsalaparvaH	-
7.1	aBixruwya	-	aBixruwya	aBi_xru{avya;lyap;BvAxiH}	aBi_xru{avya;lyap;BvAxiH}	pUrvakAlaH,10.1	pUrvakAlaH,10.1	1	04	027	mahABArawam	mOsalaparvaH	-
8.1	SiraH	-	SiraH	Sira{puM;1;eka}/Siras{napuM;1;eka}/Siras{napuM;2;eka}/Siras{napuM;8;eka}	Siras{napuM;2;eka}	karma,10.1	karmasamAnAXikaraNam,2.1#karma,10.1#gONakarma,3.1#karwA,10.1	1	04	027	mahABArawam	mOsalaparvaH	-
9.1	kruxXaH	-	kruxXaH	kruxXa{puM;1;eka}	kruxXa{puM;1;eka}	karwA,10.1;karwA,3.1	karwA,10.1;karwA,3.1	1	04	027	mahABArawam	mOsalaparvaH	-
1.1	waWA	-	waWA	waWA{avya}	waWA{avya}	sambanXaH,2.1	sambanXaH,2.1	1	04	028	mahABArawam	mOsalaparvaH	-
10.1	waxA	-	waxA	waxA{avya}	waxA{avya}	kAlAXikaraNam,7.1	kAlAXikaraNam,7.1	1	04	028	mahABArawam	mOsalaparvaH	-
11.1	.	-	.	-	-	-	-	1	04	028	mahABArawam	mOsalaparvaH	-
2.1	anyAn	-	anyAn	anya{sarvanAma;puM;2;bahu}	anya{sarvanAma;puM;2;bahu}	karma,4.1	karma,4.1	1	04	028	mahABArawam	mOsalaparvaH	-
3.1	api	-	api	api{avya}	api{avya}	sambanXaH,2.1	sambanXaH,2.1	1	04	028	mahABArawam	mOsalaparvaH	-
4.1	niGnanwam	-	niGnanwam	niGnaw{puM;2;eka(ni_han1;Sawq_lat;axAxiH)}	niGnaw{puM;2;eka(ni_han1;Sawq_lat;axAxiH)}	viSeRaNam,5.1	viSeRaNam,5.1	1	04	028	mahABArawam	mOsalaparvaH	-
5.1	yuyuXAnam	-	yuyuXAnam	yuyuXAna{puM;2;eka}	yuyuXAna{puM;2;eka}	karma,7.1	karma,7.1	1	04	028	mahABArawam	mOsalaparvaH	-
6.1	samanwawaH	-	samanwawaH	samanwa{avya;wasil}/samanwawaH{avya}	samanwa{avya;wasil}	kriyAviSeRaNam,4.1	kriyAviSeRaNam,4.1	1	04	028	mahABArawam	mOsalaparvaH	-
7.1	aByaXAvaw	-	aByaXAvaw	aBi_XAv{karwari;laf;pra;eka;1;BvAxiH}	aBi_XAv{karwari;laf;pra;eka;1;BvAxiH}	aBihiwa_karwA,8.1	aBihiwa_karwA,8.1	1	04	028	mahABArawam	mOsalaparvaH	-
8.1	hqRIkeSaH	-	hqRIkeSaH	hqRIkeSa{puM;1;eka}	hqRIkeSa{puM;1;eka}	karwA,7.1	karwA,7.1	1	04	028	mahABArawam	mOsalaparvaH	-
9.1	vi-	-	vi-nivArayiRuH	vi	vi	samAsaH,9.2	samAsaH,9.2	1	04	028	mahABArawam	mOsalaparvaH	-
9.2	nivArayiRuH	-	--	-	-	viSeRaNam,8.1	viSeRaNam,8.1	1	04	028	mahABArawam	mOsalaparvaH	-
1.1	ekI-	-	ekI-BUwAH	ekI	ekI	samAsaH,1.2	samAsaH,1.2	1	04	029	mahABArawam	mOsalaparvaH	-
1.2	BUwAH	-	--	BUwa{puM;1;bahu(BU1;kwa;BvAxiH)}/BUwa{puM;8;bahu}/BUwA{swrI;8;bahu}/BUwA{swrI;1;bahu}/BUwA{swrI;2;bahu}	BUwa{puM;1;bahu(BU1;kwa;BvAxiH)}	viSeRaNam,5.2	viSeRaNam,5.2#viSeRaNam,4.3#viSeRaNam,3.1	1	04	029	mahABArawam	mOsalaparvaH	-
2.1	wawaH	-	wawaH	wawaH{avya}	wawaH{avya}	sambanXaH,8.1	sambanXaH,8.1#sambanXaH,6.2#sambanXaH,5.1#sambanXaH,4.3#sambanXaH,1.2#kArya_xyowakaH,6.2#apAxAnam,5.1	1	04	029	mahABArawam	mOsalaparvaH	-
3.1	sarve	-	sarve	sarva{sarvanAma;puM;1;bahu}/sarva{sarvanAma;napuM;1;xvi}/sarva{sarvanAma;napuM;2;xvi}/sarvA{sarvanAma;swrI;1;xvi}/sarvA{sarvanAma;swrI;2;xvi}	sarva{sarvanAma;puM;1;bahu}	viSeRaNam,5.2	viSeRaNam,5.2#viSeRaNam,4.3#viSeRaNam,1.2	1	04	029	mahABArawam	mOsalaparvaH	-
4.1	kAla-	-	kAla-paryAya-coxiwAH	kAla	kAla	samAsaH,4.2	samAsaH,4.2	1	04	029	mahABArawam	mOsalaparvaH	-
4.2	paryAya-	-	--	paryAya	paryAya	samAsaH,4.3	samAsaH,4.3	1	04	029	mahABArawam	mOsalaparvaH	-
4.3	coxiwAH	-	--	coxiwa{puM;1;bahu(cux1;kwa;curAxiH)}/coxiwA{swrI;1;bahu(cux1;kwa;curAxiH)}/coxiwA{swrI;2;bahu(cux1;kwa;curAxiH)}/coxiwa{puM;8;bahu}/coxiwA{swrI;8;bahu}	coxiwa{puM;1;bahu(cux1;kwa;curAxiH)}	viSeRaNam,5.2	viSeRaNam,5.2#viSeRaNam,1.2#viXeya_viSeRaNam,3.1	1	04	029	mahABArawam	mOsalaparvaH	-
5.1	Boja-	-	Boja-anXakAH	Boja(Buj1;GaF;wuxAxiH)}/Boja(Buj2{GaF;ruXAxiH)	Boja(Buj1;GaF;wuxAxiH)	samAsaH,5.2	samAsaH,5.2	1	04	029	mahABArawam	mOsalaparvaH	-
5.2	anXakAH	-	--	anXaka{puM;8;bahu}/anXaka{puM;1;bahu}/anXakA{swrI;8;bahu}/anXakA{swrI;1;bahu}/anXakA{swrI;2;bahu}	anXaka{puM;1;bahu}	karwA,8.1	karwA,8.1#viSeRaNam,4.3#viSeRaNam,1.2#viXeya_viSeRaNam,4.3#viXeya_viSeRaNam,3.1	1	04	029	mahABArawam	mOsalaparvaH	-
6.1	mahaw-	-	mahaw-rAja	mahaw	mahaw	samAsaH,6.2	samAsaH,6.2	1	04	029	mahABArawam	mOsalaparvaH	-
6.2	rAja	-	--	rAj1{karwari;lot;ma;eka;parasmEpaxI;BvAxiH}/rAja{puM;8;eka}/rAja{napuM;8;eka}	rAja{puM;8;eka}	samboXyaH,8.1	samboXyaH,8.1	1	04	029	mahABArawam	mOsalaparvaH	-
7.1	SEneyam	-	SEneyam	SEneya{puM;2;eka}	SEneya{puM;2;eka}	karma,8.1	karma,8.1	1	04	029	mahABArawam	mOsalaparvaH	-
8.1	paryavArayan	-	paryavArayan	pari_vq{karwari;laf;pra;bahu;parasmEpaxI;BvAxiH}	pari_vq{karwari;laf;pra;bahu;parasmEpaxI;BvAxiH}	aBihiwa_karwA,5.2,sakarmaka	aBihiwa_karwA,5.2,sakarmaka	1	04	029	mahABArawam	mOsalaparvaH	-
9.1	.	-	.	-	-	-	-	1	04	029	mahABArawam	mOsalaparvaH	-
1.1	wAn	-	wAn	wax{sarvanAma;puM;2;bahu}	wax{sarvanAma;puM;2;bahu}	karma,2.1	viSeRaNam,3.1#karma,2.1	1	04	030	mahABArawam	mOsalaparvaH	-
10.1	jAnan	-	jAnan	jAnaw{puM;1;eka(jFA1;Sawq_lat;kryAxiH)}	jAnaw{puM;1;eka(jFA1;Sawq_lat;kryAxiH)}	varwamAnasamAnakAlaH,8.1	varwamAnasamAnakAlaH,8.1#karwA,8.1	1	04	030	mahABArawam	mOsalaparvaH	-
11.1	kAlasya	-	kAlasya	kAla{puM;6;eka}/kAla{napuM;6;eka}	kAla{puM;6;eka}	RaRTIsambanXaH,12.1	karwA,12.1#karma,12.1#RaRTIsambanXaH,12.1#RaRTIsambanXaH,6.1#RaRTIsambanXaH,4.1	1	04	030	mahABArawam	mOsalaparvaH	-
12.1	paryayam	-	paryayam	paryaya{puM;2;eka(pari_i1;GaF;axAxiH)}	paryaya{puM;2;eka(pari_i1;GaF;axAxiH)}	karma,10.1	viSeRaNam,4.1#karma,10.1#karma,2.1	1	04	030	mahABArawam	mOsalaparvaH	-
13.1	.	-	.	-	-	-	-	1	04	030	mahABArawam	mOsalaparvaH	-
2.1	xqRtvA	-	xqRtvA	xqS1{avya;kwvA;BvAxiH}	xqS1{avya;kwvA;BvAxiH}	pUrvakAlaH,8.1	pUrvakAlaH,8.1#pUrvakAlaH,3.1	1	04	030	mahABArawam	mOsalaparvaH	-
3.1	pawawaH	-	pawawaH	pawa{avya;wasil}/paw1{karwari;lat;pra;xvi;parasmEpaxI;BvAxiH}/pawaw{puM;2;bahu(paw1;Sawq_lat;BvAxiH)}/pawaw{puM;5;eka(paw1;Sawq_lat;BvAxiH)}/pawaw{puM;6;eka(paw1;Sawq_lat;BvAxiH)}/pawaw{napuM;5;eka(paw1;Sawq_lat;BvAxiH)}/pawaw{napuM;6;eka(paw1;Sawq_lat;BvAxiH)}	pawaw{puM;6;eka(paw1;Sawq_lat;BvAxiH)}	viSeRaNam,1.1	viSeRaNam,11.1#karwA,12.1#karma,12.1#RaRTIsambanXaH,12.1#RaRTIsambanXaH,11.1#RaRTIsambanXaH,6.1#RaRTIsambanXaH,4.1#hewuH5,12.1#hewuH5,10.1#hewuH5,8.1#hewuH5,2.1#karma,10.1#karma,2.1	1	04	030	mahABArawam	mOsalaparvaH	-
4.1	wUrNam	-	wUrNam	wUrNa{napuM;1;eka}/wUrNa{napuM;2;eka}/wUrNama{avya}	wUrNama{avya}	kriyAviSeRaNam,3.1	karma,10.1#karma,2.1#karwA,8.1	1	04	030	mahABArawam	mOsalaparvaH	-
5.1	aBikruxXAn	-	aBikruxXAn	-	-	viSeRaNam,1.1	-	1	04	030	mahABArawam	mOsalaparvaH	-
6.1	janArxanaH	-	janArxanaH	janArxana{puM;1;eka}	janArxana{puM;1;eka}	karwA,8.1;karwA,2.1	karwA,8.1	1	04	030	mahABArawam	mOsalaparvaH	-
7.1	na	-	na	na{avya}	na{avya}	prawiReXaH,8.1	prawiReXaH,8.1	1	04	030	mahABArawam	mOsalaparvaH	-
8.1	cukroXa	-	cukroXa	kruX1{karwari;lit;pra;eka;parasmEpaxI;xivAxiH}/kruX1{karwari;lit;u;eka;parasmEpaxI;xivAxiH}	kruX1{karwari;lit;pra;eka;parasmEpaxI;xivAxiH}	aBihiwa_karwA,6.1;sakarmaka	-	1	04	030	mahABArawam	mOsalaparvaH	-
9.1	mahaw-	-	mahaw-wejA	mahaw	mahaw	samAsaH,9.2	-	1	04	030	mahABArawam	mOsalaparvaH	-
9.2	wejA	-	--	-	-	viSeRaNam,6.1	-	1	04	030	mahABArawam	mOsalaparvaH	-
1.1	we	-	we	wax{sarvanAma;puM;1;bahu}/wax{sarvanAma;napuM;1;xvi}/wax{sarvanAma;napuM;2;xvi}/wax{sarvanAma;swrI;1;xvi}/wax{sarvanAma;swrI;2;xvi}/yuRmax{sarvanAma;6;eka}/yuRmax{sarvanAma;4;eka}	wax{sarvanAma;puM;1;bahu}	karwA,9.1	prayojanam1,10.2#prayojanam1,9.1#prayojanam1,4.1#prayojanam1,3.3#karwA,3.1#karma,3.1#RaRTIsambanXaH,7.1#RaRTIsambanXaH,6.1#RaRTIsambanXaH,3.3#sup_samucciwaH,4.1#karma,4.1#viSeRaNam,4.1#viSeRaNam,3.3	1	04	031	mahABArawam	mOsalaparvaH	-
10.1	uw-	-	uw-SiRtEH	uw	uw	samAsaH,10.2	samAsaH,10.2	1	04	031	mahABArawam	mOsalaparvaH	-
10.2	SiRtEH	-	--	SiRta{puM;3;bahu(SAs1;kwa;axAxiH)}/SiRta{napuM;3;bahu(SAs1;kwa;axAxiH)}/SiRta{puM;3;bahu(SiR2;kwa;ruXAxiH)}/SiRta{napuM;3;bahu(SiR2;kwa;ruXAxiH)}	SiRta{puM;3;bahu(SAs1;kwa;axAxiH)}	viSeRaNam,11.1	karwA,4.1#karwA,3.3#karaNam,3.1#hewuH,9.1#hewuH,4.1#hewuH,3.3	1	04	031	mahABArawam	mOsalaparvaH	-
11.1	BAjanEH	-	BAjanEH	-	-	karaNam,9.1	-	1	04	031	mahABArawam	mOsalaparvaH	-
12.1	waxA	-	waxA	waxA{avya}	waxA{avya}	kAlAXikaraNam,9.1	kAlAXikaraNam,9.1	1	04	031	mahABArawam	mOsalaparvaH	-
13.1	.	-	.	-	-	-	-	1	04	031	mahABArawam	mOsalaparvaH	-
2.1	wu	-	wu	wu{avya}	wu{avya}	sambanXaH,1.1	sambanXaH,1.1	1	04	031	mahABArawam	mOsalaparvaH	-
3.1	pAna-	-	pAna-maxa-AviRtAH	pAna(pA1;lyut;BvAxiH)}/pAna(pA2{lyut;axAxiH)	pAna(pA1;lyut;BvAxiH)	samAsaH,3.2	samAsaH,3.2	1	04	031	mahABArawam	mOsalaparvaH	-
3.2	maxa-	-	--	maxa	maxa	samAsaH,3.3	samAsaH,3.3	1	04	031	mahABArawam	mOsalaparvaH	-
3.3	AviRtAH	-	--	AviRta{puM;1;bahu(Af_viS1;kwa;wuxAxiH)}/AviRtA{swrI;1;bahu(Af_viS1;kwa;wuxAxiH)}/AviRtA{swrI;2;bahu(Af_viS1;kwa;wuxAxiH)}/AviRta{puM;8;bahu}/AviRtA{swrI;8;bahu}	AviRtA{swrI;2;bahu(Af_viS1;kwa;wuxAxiH)}	viSeRaNam,1.1	viSeRaNam,4.1#sup_samucciwaH,4.1#karma,9.1#karma,4.1#karwA,9.1#viSeRaNam,1.1	1	04	031	mahABArawam	mOsalaparvaH	-
4.1	coxiwAH	-	coxiwAH	coxiwa{puM;1;bahu(cux1;kwa;curAxiH)}/coxiwA{swrI;1;bahu(cux1;kwa;curAxiH)}/coxiwA{swrI;2;bahu(cux1;kwa;curAxiH)}	coxiwA{swrI;2;bahu(cux1;kwa;curAxiH)}	viSeRaNam,1.1	viSeRaNam,3.3#karma,9.1#karma,3.1#karwA,9.1#viSeRaNam,1.1	1	04	031	mahABArawam	mOsalaparvaH	-
5.1	cEva	-	cEva	cEva{avya}	cEva{avya}	sambanXaH,4.1	sup_samuccaya_xyowakaH,4.1#sambanXaH,4.1	1	04	031	mahABArawam	mOsalaparvaH	-
6.1	manyunA	-	manyunA	manyu{puM;3;eka}	manyu{puM;3;eka}	karwA,4.1	karwA,10.2#karwA,4.1#karwA,3.3#karaNam,10.2#karaNam,3.1#hewuH,10.2#hewuH,9.1#hewuH,4.1#hewuH,3.3	1	04	031	mahABArawam	mOsalaparvaH	-
7.1	yuyuXAnam	-	yuyuXAnam	yuyuXAna{puM;2;eka}	yuyuXAna{puM;2;eka}	karma,9.1	sup_samucciwaH,4.1#karma,9.1#karma,4.1#karma,3.1	1	04	031	mahABArawam	mOsalaparvaH	-
8.1	aWa	-	aWa	aWa{avya}	aWa{avya}	sambanXaH,9.1	sambanXaH,9.1	1	04	031	mahABArawam	mOsalaparvaH	-
9.1	aByaGnan	-	aByaGnan	aBi_han1{karwari;laf;pra;bahu;parasmEpaxI;axAxiH}	aBi_han1{karwari;laf;pra;bahu;parasmEpaxI;axAxiH}	aBihiwa_karwA,1.1,sakarmaka	-	1	04	031	mahABArawam	mOsalaparvaH	-
1.1	hanyamAne	-	hanyamAne	hanyamAna{puM;7;eka(han1;SAnac_lat;karmaNi;axAxiH)}/hanyamAna{napuM;7;eka(han1;SAnac_lat;karmaNi;axAxiH)}	hanyamAna{puM;7;eka(han1;SAnac_lat;karmaNi;axAxiH)}	BAvalakRaNasapwamI_samAnakAlaH,10.1	aXikaraNam,10.1#viSeRaNam,3.1#BAvalakRaNasapwamI_samAnakAlaH,10.1	1	04	032	mahABArawam	mOsalaparvaH	-
10.1	suwam	-	suwam	Ru2{karwari;lot;ma;xvi;parasmEpaxI;axAxiH}/suwa{puM;2;eka}/suwa{napuM;1;eka}/suwa{napuM;2;eka}	Ru2{karwari;lot;ma;xvi;parasmEpaxI;axAxiH}	karma,8.1	viSeRaNam,6.2	1	04	032	mahABArawam	mOsalaparvaH	-
11.1	.	-	.	-	-	-	-	1	04	032	mahABArawam	mOsalaparvaH	-
2.1	wu	-	wu	wu{avya}	wu{avya}	sambanXaH,1.1	sambanXaH,1.1	1	04	032	mahABArawam	mOsalaparvaH	-
3.1	SEneye	-	SEneye	SEneya{puM;7;eka}	SEneya{puM;7;eka}	karwA,1.1	karma,1.1#aXikaraNam,10.1#BkarwA,1.1	1	04	032	mahABArawam	mOsalaparvaH	-
4.1	kruxXaH	-	kruxXaH	kruxXa{puM;1;eka}	kruxXa{puM;1;eka}	viSeRaNam,5.2	-	1	04	032	mahABArawam	mOsalaparvaH	-
5.1	rukmiNi-	-	rukmiNi-nanxanaH	rukmiNI	rukmiNI	samAsaH,5.2	samAsaH,5.2	1	04	032	mahABArawam	mOsalaparvaH	-
5.2	nanxanaH	-	--	nanxana{puM;1;eka}	nanxana{puM;1;eka}	karwA,7.1	viSeRaNam,4.1	1	04	032	mahABArawam	mOsalaparvaH	-
6.1	waw-	-	waw-anwaram	waw	waw	samAsaH,6.2	samAsaH,6.2	1	04	032	mahABArawam	mOsalaparvaH	-
6.2	anwaram	-	--	anwara{puM;2;eka}/anwara{napuM;1;eka}/anwara{napuM;2;eka}/anwara{sarvanAma;puM;2;eka}/anwara{sarvanAma;napuM;1;eka}/anwara{sarvanAma;napuM;2;eka}	anwara{puM;2;eka}	karma,7.1	viSeRaNam,10.1#karma,10.1	1	04	032	mahABArawam	mOsalaparvaH	-
7.1	upAXAvaw	-	upAXAvaw	-	-	aBihiwa_karwA,5.2,sakarmaka	-	1	04	032	mahABArawam	mOsalaparvaH	-
8.1	mokRayiRyan	-	mokRayiRyan	-	-	BaviRyawsamAnakAlaH,7.1	-	1	04	032	mahABArawam	mOsalaparvaH	-
9.1	SineH	-	SineH	Sini{puM;5;eka}/Sini{puM;6;eka}	Sini{puM;5;eka}	RaRTIsambanXaH,10.1	RaRTIsambanXaH,6.2#RaRTIsambanXaH,5.2#RaRTIsambanXaH,4.1#RaRTIsambanXaH,3.1#hewuH5,10.1	1	04	032	mahABArawam	mOsalaparvaH	-
1.1	saH	-	saH	wax{sarvanAma;puM;1;eka}	wax{sarvanAma;puM;1;eka}	samucciwaH,5.1	viSeRaNam,5.1#viSeRaNam,4.1#sup_samucciwaH,5.1	1	04	033	mahABArawam	mOsalaparvaH	-
10.1	nihawO	-	nihawO	nihawa{puM;1;xvi(ni_han1;kwa;axAxiH)}/nihawa{puM;2;xvi(ni_han1;kwa;axAxiH)}	nihawa{puM;2;xvi(ni_han1;kwa;axAxiH)}	viXeya_viSeRaNam,12.1	viSeRaNam,12.1#karma,14.1#karwA,14.1	1	04	033	mahABArawam	mOsalaparvaH	-
11.1	wawra	-	wawra	wawra{avya}	wawra{avya}	xeSAXikaraNam,16.1	xeSAXikaraNam,14.1#xeSAXikaraNam,10.1	1	04	033	mahABArawam	mOsalaparvaH	-
12.1	uBO	-	uBO	uBa{sarvanAma;puM;1;xvi}/uBa{sarvanAma;puM;2;xvi}/uBa{puM;8;xvi}	uBa{sarvanAma;puM;2;xvi}	karwA,16.1	viSeRaNam,10.1#karma,14.1#karma,10.1#karwA,14.1	1	04	033	mahABArawam	mOsalaparvaH	-
13.1	kqRNasya	-	kqRNasya	kqRNa{puM;6;eka}/kqRNa{napuM;6;eka}	kqRNa{puM;6;eka}	RaRTIsambanXaH,14.1	viSeRaNam,14.1#RaRTIsambanXaH,14.1#RaRTIsambanXaH,5.1#RaRTIsambanXaH,4.1#RaRTIsambanXaH,2.1#BkarwA,14.1	1	04	033	mahABArawam	mOsalaparvaH	-
14.1	paSyawaH	-	paSyawaH	xqS1{karwari;lat;pra;xvi;parasmEpaxI;BvAxiH}/paSyaw{puM;8;bahu}/paSyaw{puM;2;bahu(xqS1;Sawq_lat;BvAxiH)}/paSyaw{puM;5;eka(xqS1;Sawq_lat;BvAxiH)}/paSyaw{puM;6;eka(xqS1;Sawq_lat;BvAxiH)}/paSyaw{napuM;5;eka(xqS1;Sawq_lat;BvAxiH)}/paSyaw{napuM;6;eka(xqS1;Sawq_lat;BvAxiH)}	paSyaw{puM;6;eka(xqS1;Sawq_lat;BvAxiH)}	varwamAnasamAnakAlaH,16.1	viSeRaNam,13.1#RaRTIsambanXaH,5.1#RaRTIsambanXaH,4.1#RaRTIsambanXaH,2.1#BAvalakRaNasapwamI_samAnakAlaH,10.1#hewuH5,10.1#hewuH5,2.1#apAxAnam,2.1#karma,10.1	1	04	033	mahABArawam	mOsalaparvaH	-
15.1	(AsIw)	-	AsIw	as2{karwari;laf;pra;eka;parasmEpaxI;axAxiH}	as2{karwari;laf;pra;eka;parasmEpaxI;axAxiH}	aBihiwa_karwA,5.1	-	1	04	033	mahABArawam	mOsalaparvaH	-
16.1	(AswAm)	-	AswAm	As1{karwari;lot;pra;eka;AwmanepaxI;axAxiH}/as2{karwari;laf;pra;xvi;parasmEpaxI;axAxiH}	As1{karwari;lot;pra;eka;AwmanepaxI;axAxiH}	aBihiwa_karwA,12.1	-	1	04	033	mahABArawam	mOsalaparvaH	-
17.1	.	-	.	-	-	-	-	1	04	033	mahABArawam	mOsalaparvaH	-
2.1	BojEH	-	BojEH	Boja{puM;3;bahu(Buj1;GaF;wuxAxiH)}/Boja{puM;3;bahu(Buj2;GaF;ruXAxiH)}	Boja{puM;3;bahu(Buj1;GaF;wuxAxiH)}	sahArWaH,1.1	sahArWaH,14.1#sahArWaH,10.1#karaNam,14.1#karaNam,10.1#hewuH,14.1#hewuH,10.1	1	04	033	mahABArawam	mOsalaparvaH	-
3.1	saha	-	saha	saha{avya}	saha{avya}	sahArWa_xyowakaH,2.1	sahArWa_xyowakaH,2.1#kriyAviSeRaNam,14.1#kriyAviSeRaNam,10.1	1	04	033	mahABArawam	mOsalaparvaH	-
4.1	saMyukwaH	-	saMyukwaH	saMyuj{avya;wasil}/saMyukwa{puM;1;eka}	saMyukwa{puM;1;eka}	viXeya_viSeRaNam,5.1	sup_samucciwaH,5.1#hewuH5,14.1#hewuH5,10.1#hewuH5,2.1#apAxAnam,2.1	1	04	033	mahABArawam	mOsalaparvaH	-
5.1	sAwyakiH	-	sAwyakiH	sAwyaki{puM;1;eka}	sAwyaki{puM;1;eka}	karwA,15.1	-	1	04	033	mahABArawam	mOsalaparvaH	-
6.1	ca	-	ca	ca{avya}	ca{avya}	samuccaya_xyowakaH,5.1	sup_samuccaya_xyowakaH,5.1#sambanXaH,5.1	1	04	033	mahABArawam	mOsalaparvaH	-
7.1	anXakEH	-	anXakEH	-	-	sahArWaH,5.1	-	1	04	033	mahABArawam	mOsalaparvaH	-
8.1	saha	-	saha	saha{avya}	saha{avya}	sahArWa_xyowakaH,7.1	sahArWa_xyowakaH,2.1#kriyAviSeRaNam,14.1#kriyAviSeRaNam,10.1	1	04	033	mahABArawam	mOsalaparvaH	-
9.1	bahuwvAw	-	bahuwvAw	-	-	hewuH,16.1	-	1	04	033	mahABArawam	mOsalaparvaH	-
1.1	hawam	-	hawam	han1{karwari;lot;ma;xvi;parasmEpaxI;axAxiH}/hawa{puM;2;eka(han1;kwa;axAxiH)}/hawa{napuM;1;eka(han1;kwa;axAxiH)}/hawa{napuM;2;eka(han1;kwa;axAxiH)}	hawa{puM;2;eka(han1;kwa;axAxiH)}	karma,2.1	sup_samucciwaH,5.1#karma,2.1#viSeRaNam,10.1#viSeRaNam,5.1#viSeRaNam,4.1	1	04	034	mahABArawam	mOsalaparvaH	-
10.1	muRtim	-	muRtim	muRti{puM;2;eka}	muRti{puM;2;eka}	karma,12.1	karma,12.1	1	04	034	mahABArawam	mOsalaparvaH	-
11.1	kopAw	-	kopAw	kopa{puM;5;eka}	kopa{puM;5;eka}	apAxAnam,12.1	hewuH5,12.1#hewuH5,2.1#apAxAnam,12.1	1	04	034	mahABArawam	mOsalaparvaH	-
12.1	jagrAha	-	jagrAha	grah1{karwari;lit;pra;eka;parasmEpaxI;kryAxiH}/grah1{karwari;lit;u;eka;parasmEpaxI;kryAxiH}	grah1{karwari;lit;pra;eka;parasmEpaxI;kryAxiH}	aBihiwa_karwA,13.1;sakarmaka	-	1	04	034	mahABArawam	mOsalaparvaH	-
13.1	keSavaH	-	keSavaH	keSava{puM;1;eka}	keSava{puM;1;eka}	karwA,12.1	karwA,12.1	1	04	034	mahABArawam	mOsalaparvaH	-
14.1	.	-	.	-	-	-	-	1	04	034	mahABArawam	mOsalaparvaH	-
2.1	xqRtvA	-	xqRtvA	xqS1{avya;kwvA;BvAxiH}	xqS1{avya;kwvA;BvAxiH}	pUrvakAlaH,12.1	pUrvakAlaH,8.1#pUrvakAlaH,3.1	1	04	034	mahABArawam	mOsalaparvaH	-
3.1	wu	-	wu	wu{avya}	wu{avya}	sambanXaH,2.1	sambanXaH,2.1	1	04	034	mahABArawam	mOsalaparvaH	-
4.1	SEneyam	-	SEneyam	SEneya{puM;2;eka}	SEneya{puM;2;eka}	samucciwaH,5.1	sup_samucciwaH,5.1#karma,2.1#karma,1.1	1	04	034	mahABArawam	mOsalaparvaH	-
5.1	puwram	-	puwram	puwra{puM;2;eka}	puwra{puM;2;eka}	karma,1.1	karma,12.1#karma,2.1	1	04	034	mahABArawam	mOsalaparvaH	-
6.1	ca	-	ca	ca{avya}	ca{avya}	samuccaya_xyowakaH,5.1	sup_samuccaya_xyowakaH,5.1#sambanXaH,5.1	1	04	034	mahABArawam	mOsalaparvaH	-
7.1	yaxu-	-	yaxu-nanxanaH	yaxu	yaxu	samAsaH,7.2	samAsaH,7.2	1	04	034	mahABArawam	mOsalaparvaH	-
7.2	nanxanaH	-	--	nanxana{puM;1;eka}	nanxana{puM;1;eka}	viSeRaNam,13.1	viSeRaNam,13.1#karwA,12.1	1	04	034	mahABArawam	mOsalaparvaH	-
8.1	erakANAm	-	erakANAm	-	-	RaRTIsambanXaH,10.1	-	1	04	034	mahABArawam	mOsalaparvaH	-
9.1	waxA	-	waxA	waxA{avya}	waxA{avya}	kAlAXikaraNam,12.1	kAlAXikaraNam,12.1	1	04	034	mahABArawam	mOsalaparvaH	-
1.1	waw	-	waw	wax{sarvanAma;napuM;1;eka}/wax{sarvanAma;napuM;2;eka}	wax{sarvanAma;napuM;1;eka}	karwA,2.1	viSeRaNam,6.2#viSeRaNam,5.2#viSeRaNam,4.1#karma,8.1#karma,7.1#karwA_be_verbs,2.1#karwA,7.1	1	04	035	mahABArawam	mOsalaparvaH	-
10.1	wAn	-	wAn	wax{sarvanAma;puM;2;bahu}	wax{sarvanAma;puM;2;bahu}	karma,7.1	karma,12.1#karma,8.1#karma,7.1	1	04	035	mahABArawam	mOsalaparvaH	-
11.1	ye	-	ye	yax{sarvanAma;puM;1;bahu}/yax{sarvanAma;napuM;1;xvi}/yax{sarvanAma;napuM;2;xvi}/yax{sarvanAma;swrI;1;xvi}/yax{sarvanAma;swrI;2;xvi}	yax{sarvanAma;puM;1;bahu}	karwA,14.1;niwya_sambanXaH,10.1	karma,12.1#karma,8.1#karma,7.1#niwya_sambanXaH1,10.1#karwA_be_verbs,14.1	1	04	035	mahABArawam	mOsalaparvaH	-
12.1	asya	-	asya	ixam{sarvanAma;puM;6;eka}/ixam{sarvanAma;napuM;6;eka}/as3{karwari;lot;ma;eka;parasmEpaxI;xivAxiH}	ixam{sarvanAma;puM;6;eka}	RaRTIsambanXaH,11.1	RaRTIsambanXaH,6.2#RaRTIsambanXaH,5.2#RaRTIsambanXaH,3.1	1	04	035	mahABArawam	mOsalaparvaH	-
13.1	pramuKawaH	-	pramuKawaH	pramuKa{avya;wasil}	pramuKa{avya;wasil}	kriyAviSeRaNam,14.1	kriyAviSeRaNam,14.1#kriyAviSeRaNam,12.1#kriyAviSeRaNam,8.1#kriyAviSeRaNam,7.1#kriyAviSeRaNam,2.1	1	04	035	mahABArawam	mOsalaparvaH	-
14.1	aBavan	-	aBavan	BU1{karwari;laf;pra;bahu;parasmEpaxI;BvAxiH}	BU1{karwari;laf;pra;bahu;parasmEpaxI;BvAxiH}	aBihiwa_karwA,11.1	-	1	04	035	mahABArawam	mOsalaparvaH	-
15.1	.	-	.	-	-	-	-	1	04	035	mahABArawam	mOsalaparvaH	-
2.1	aBUw	-	aBUw	BU1{karwari;luf;pra;eka;parasmEpaxI;BvAxiH}	BU1{karwari;luf;pra;eka;parasmEpaxI;BvAxiH}	aBihiwa_karwA,1.1	-	1	04	035	mahABArawam	mOsalaparvaH	-
3.1	musalam	-	musalam	musala{puM;2;eka}	musala{puM;2;eka}	karwqsamAnAXikaraNam,2.1	karma,8.1#karma,7.1	1	04	035	mahABArawam	mOsalaparvaH	-
4.1	Goram	-	Goram	Gora{puM;2;eka}/Gora{napuM;1;eka}/Gora{napuM;2;eka}	Gora{puM;2;eka}	viSeRaNam,3.1	viSeRaNam,6.2#viSeRaNam,5.2#viSeRaNam,1.1#karma,8.1#karma,7.1#viXeya_viSeRaNam,1.1#karwA_be_verbs,2.1#karwA,7.1#viSeRaNam,3.1	1	04	035	mahABArawam	mOsalaparvaH	-
5.1	vajra-	-	vajra-kalpam	vajra	vajra	samAsaH,5.2	samAsaH,5.2	1	04	035	mahABArawam	mOsalaparvaH	-
5.2	kalpam	-	--	kalpa{puM;2;eka}/kalpa{napuM;1;eka}/kalpa{napuM;2;eka}	kalpa{puM;2;eka}	viSeRaNam,3.1	viSeRaNam,6.2#viSeRaNam,4.1#viSeRaNam,1.1#karma,12.1#karma,8.1#karma,7.1#awyanwasaMyoga_sambanXaH,14.1#awyanwasaMyoga_sambanXaH,12.1#awyanwasaMyoga_sambanXaH,8.1#awyanwasaMyoga_sambanXaH,7.1#awyanwasaMyoga_sambanXaH,2.1#viXeya_viSeRaNam,4.1#viXeya_viSeRaNam,1.1#karwA_be_verbs,2.1#karwA,7.1#viSeRaNam,3.1	1	04	035	mahABArawam	mOsalaparvaH	-
6.1	ayas-	-	ayas-mayam	ayas	ayas	samAsaH,6.2	samAsaH,6.2	1	04	035	mahABArawam	mOsalaparvaH	-
6.2	mayam	-	--	maya{puM;2;eka}/maya{napuM;1;eka}/maya{napuM;2;eka}	maya{puM;2;eka}	viSeRaNam,3.1	viSeRaNam,5.2#viSeRaNam,4.1#viSeRaNam,1.1#karma,12.1#karma,8.1#karma,7.1#viXeya_viSeRaNam,5.2#viXeya_viSeRaNam,4.1#viXeya_viSeRaNam,1.1#karwA_be_verbs,2.1#karwA,7.1#viSeRaNam,3.1	1	04	035	mahABArawam	mOsalaparvaH	-
7.1	jaGAna	-	jaGAna	han1{karwari;lit;pra;eka;parasmEpaxI;axAxiH}/han1{karwari;lit;u;eka;parasmEpaxI;axAxiH}	han1{karwari;lit;pra;eka;parasmEpaxI;axAxiH}	aBihiwa_karwA,9.1	-	1	04	035	mahABArawam	mOsalaparvaH	-
8.1	wena	-	wena	wax{sarvanAma;puM;3;eka}/wax{sarvanAma;napuM;3;eka}/wan1{karwari;lit;ma;bahu;parasmEpaxI;wanAxiH}	wax{sarvanAma;puM;3;eka}	karaNam,7.1	karaNam,14.1#karaNam,7.1#karaNam,2.1#hewuH,14.1#hewuH,12.1#hewuH,7.1#hewuH,2.1	1	04	035	mahABArawam	mOsalaparvaH	-
9.1	kqRNaH	-	kqRNaH	kqRNa{puM;1;eka}	kqRNa{puM;1;eka}	karwA,7.1	viXeya_viSeRaNam,6.2#viXeya_viSeRaNam,5.2#viXeya_viSeRaNam,4.1#viXeya_viSeRaNam,1.1#karwA_be_verbs,2.1#karwA,7.1	1	04	035	mahABArawam	mOsalaparvaH	-
1.1	wawaH	-	wawaH	wawaH{avya}	wawaH{avya}	sambanXaH,9.1	sambanXaH,9.1#kArya_xyowakaH,9.1#apAxAnam,4.1	1	04	036	mahABArawam	mOsalaparvaH	-
10.1	anya-	-	anyonyam	anya	anya	samAsaH,10.2	samAsaH,10.2	1	04	036	mahABArawam	mOsalaparvaH	-
10.2	anyam	-	--	anya{sarvanAma;puM;2;eka}/anya{puM;2;eka}	anya{sarvanAma;puM;2;eka}	karma,9.1	karma,9.1	1	04	036	mahABArawam	mOsalaparvaH	-
11.1	Akranxe	-	Akranxe	Akranxa{puM;7;eka(Af_krax2;GaF;BvAxiH)}	Akranxa{puM;7;eka(Af_krax2;GaF;BvAxiH)}	aXikaraNam,9.1	aXikaraNam,13.2#aXikaraNam,9.1#aXikaraNam,4.1	1	04	036	mahABArawam	mOsalaparvaH	-
12.1	musalEH	-	musalEH	musala{puM;3;bahu}	musala{puM;3;bahu}	karaNam,9.1	karwA,13.2#karaNam,9.1#hewuH,13.2#hewuH,11.1#hewuH,9.1#hewuH,4.1	1	04	036	mahABArawam	mOsalaparvaH	-
13.1	kAla-	-	kAla-coxiwAH	kAla	kAla	samAsaH,13.2	samAsaH,13.2	1	04	036	mahABArawam	mOsalaparvaH	-
13.2	coxiwAH	-	--	coxiwa{puM;1;bahu(cux1;kwa;curAxiH)}/coxiwA{swrI;1;bahu(cux1;kwa;curAxiH)}/coxiwA{swrI;2;bahu(cux1;kwa;curAxiH)}/coxiwa{puM;8;bahu}/coxiwA{swrI;8;bahu}	coxiwa{puM;1;bahu(cux1;kwa;curAxiH)}	viSeRaNam,7.1	viSeRaNam,7.1#viSeRaNam,6.1#viSeRaNam,4.1#viSeRaNam,2.1#karma,9.1#sup_samucciwaH,7.1#karwA,9.1	1	04	036	mahABArawam	mOsalaparvaH	-
14.1	.	-	.	-	-	-	-	1	04	036	mahABArawam	mOsalaparvaH	-
2.1	anXakAH	-	anXakAH	anXaka{puM;8;bahu}	anXaka{puM;8;bahu}	samucciwaH,7.1	-	1	04	036	mahABArawam	mOsalaparvaH	-
3.1	ca	-	ca	ca{avya}	ca{avya}	samuccaya_xyowakaH,2.1	sambanXaH,2.1	1	04	036	mahABArawam	mOsalaparvaH	-
4.1	BojAH	-	BojAH	Boja{puM;8;bahu}/Boja{puM;1;bahu(Buj1;GaF;wuxAxiH)}/Boja{puM;1;bahu(Buj2;GaF;ruXAxiH)}	Boja{puM;1;bahu(Buj1;GaF;wuxAxiH)}	samucciwaH,7.1	viSeRaNam,13.2#viSeRaNam,7.1#viSeRaNam,6.1#sup_samucciwaH,7.1#karwA,9.1	1	04	036	mahABArawam	mOsalaparvaH	-
5.1	ca	-	ca	ca{avya}	ca{avya}	samuccaya_xyowakaH,4.1	sup_samuccaya_xyowakaH,4.1#sambanXaH,4.1	1	04	036	mahABArawam	mOsalaparvaH	-
6.1	SEneyAH	-	SEneyAH	SEneya{puM;1;bahu}/SEneya{puM;8;bahu}	SEneya{puM;1;bahu}	samucciwaH,7.1	sup_samucciwaH,7.1#sup_samucciwaH,4.1#karwA,9.1	1	04	036	mahABArawam	mOsalaparvaH	-
7.1	vqRNayaH	-	vqRNayaH	vqRNi{puM;1;bahu}/vqRNi{puM;8;bahu}	vqRNi{puM;1;bahu}	karwA,9.1	sup_samucciwaH,4.1#karwA,9.1	1	04	036	mahABArawam	mOsalaparvaH	-
8.1	waWA	-	waWA	waWA{avya}	waWA{avya}	samuccaya_xyowakaH,7.1	sup_samuccaya_xyowakaH,7.1#kriyAviSeRaNam,13.2#kriyAviSeRaNam,9.1	1	04	036	mahABArawam	mOsalaparvaH	-
9.1	jaGnuH	-	jaGnuH	han1{karwari;lit;pra;bahu;parasmEpaxI;axAxiH}/jaGnu{puM;1;eka}	han1{karwari;lit;pra;bahu;parasmEpaxI;axAxiH}	aBihiwa_karwA,7.1;sakarmaka	sup_samucciwaH,7.1#sup_samucciwaH,4.1	1	04	036	mahABArawam	mOsalaparvaH	-
1.1	yaH	-	yaH	yax{sarvanAma;puM;1;eka}	yax{sarvanAma;puM;1;eka}	karwA,5.1	viSeRaNam,11.1#viSeRaNam,4.1#karwA,5.1	1	04	037	mahABArawam	mOsalaparvaH	-
10.1	sA	-	sA	wax{sarvanAma;swrI;1;eka}	wax{sarvanAma;swrI;1;eka}	karma,12.1	karwA,5.1#karma,12.1	1	04	037	mahABArawam	mOsalaparvaH	-
11.1	rAjan	-	rAjan	rAjan{puM;8;eka}/rAjaw{puM;1;eka(rAj1;Sawq_lat;BvAxiH)}	rAjaw{puM;1;eka(rAj1;Sawq_lat;BvAxiH)}	samboXyaH,12.1	varwamAnasamAnakAlaH,12.1#varwamAnasamAnakAlaH,5.1#karwA,5.1#karma,12.1#samboXyaH,12.1#samboXyaH,5.1	1	04	037	mahABArawam	mOsalaparvaH	-
12.1	axqSyawa	-	axqSyawa	xqS1{karmaNi;laf;pra;eka;AwmanepaxI;BvAxiH}	xqS1{karmaNi;laf;pra;eka;AwmanepaxI;BvAxiH}	aBihiwa_karma,10.1,sakarmaka	upamAnam,5.1	1	04	037	mahABArawam	mOsalaparvaH	-
13.1	waxA	-	waxA	waxA{avya}	waxA{avya}	kAlAXikaraNam,12.1	kAlAXikaraNam,12.1#kAlAXikaraNam,5.1	1	04	037	mahABArawam	mOsalaparvaH	-
14.1	viBo	-	viBo	viBu{puM;8;eka}	viBu{puM;8;eka}	samboXyaH,12.1	-	1	04	037	mahABArawam	mOsalaparvaH	-
15.1	.	-	.	-	-	-	-	1	04	037	mahABArawam	mOsalaparvaH	-
2.1	weRAm	-	weRAm	wax{sarvanAma;puM;6;bahu}/wax{sarvanAma;napuM;6;bahu}	wax{sarvanAma;puM;6;bahu}	RaRTIsambanXaH,3.1	RaRTIsambanXaH,14.1#RaRTIsambanXaH,11.1#RaRTIsambanXaH,8.2#RaRTIsambanXaH,7.1#nirXAraNam,4.1	1	04	037	mahABArawam	mOsalaparvaH	-
3.1	erakAm	-	erakAm	-	-	karma,5.1	-	1	04	037	mahABArawam	mOsalaparvaH	-
4.1	kaSciw	-	kaSciw	kiFciw{sarvanAma;puM;1;eka}	kiFciw{sarvanAma;puM;1;eka}	viSeRaNam,1.1	viSeRaNam,11.1#karwA,5.1	1	04	037	mahABArawam	mOsalaparvaH	-
5.1	jagrAha	-	jagrAha	grah1{karwari;lit;pra;eka;parasmEpaxI;kryAxiH}/grah1{karwari;lit;u;eka;parasmEpaxI;kryAxiH}	grah1{karwari;lit;pra;eka;parasmEpaxI;kryAxiH}	aBihiwa_karwA,1.1;sakarmaka	-	1	04	037	mahABArawam	mOsalaparvaH	-
6.1	ruRiwaH	-	ruRiwaH	-	-	viSeRaNam,1.1	-	1	04	037	mahABArawam	mOsalaparvaH	-
7.1	nqpa	-	nqpa	nqpa{puM;8;eka}	nqpa{puM;8;eka}	samboXyaH,5.1	samboXyaH,12.1#samboXyaH,5.1	1	04	037	mahABArawam	mOsalaparvaH	-
8.1	vajra-	-	vajra-BUwA	vajra	vajra	samAsaH,8.2	samAsaH,1.2	1	04	037	mahABArawam	mOsalaparvaH	-
8.2	BUwA	-	--	BUwA{swrI;1;eka}	BUwA{swrI;1;eka}	upamAnam,10.1	-	1	04	037	mahABArawam	mOsalaparvaH	-
9.1	iva	-	iva	iva{avya}	iva{avya}	upamAna_xyowakaH,8.2	upamAnam_rahiwa_upamAna_xyowakaH,10.1	1	04	037	mahABArawam	mOsalaparvaH	-
1.1	wqNam	-	wqNam	wqNa{napuM;1;eka}/wqNa{napuM;2;eka}	wqNa{napuM;1;eka}	karma,6.1	sup_samucciwaH,3.2#karmasamAnAXikaraNam,10.1#karmasamAnAXikaraNam,8.1#karmasamAnAXikaraNam,7.3#karmasamAnAXikaraNam,3.2	1	04	038	mahABArawam	mOsalaparvaH	-
10.1	waw	-	waw	wax{sarvanAma;napuM;1;eka}/wax{sarvanAma;napuM;2;eka}	wax{sarvanAma;napuM;1;eka}	karma,11.1	viSeRaNam,8.1#viSeRaNam,7.3#viSeRaNam,3.2#viSeRaNam,1.1#sup_samucciwaH,3.2#karma,11.1#viXeya_viSeRaNam,8.1#viXeya_viSeRaNam,7.3#viXeya_viSeRaNam,1.1	1	04	038	mahABArawam	mOsalaparvaH	-
11.1	vixXi	-	vixXi	vix1{karwari;lot;ma;eka;parasmEpaxI;axAxiH}	vix1{karwari;lot;ma;eka;parasmEpaxI;axAxiH}	aBihiwa_karwA	-	1	04	038	mahABArawam	mOsalaparvaH	-
12.1	pArWiva	-	pArWiva	pArWiva{puM;8;eka}	pArWiva{puM;8;eka}	samboXyaH,11.1	-	1	04	038	mahABArawam	mOsalaparvaH	-
13.1	.	-	.	-	-	-	-	1	04	038	mahABArawam	mOsalaparvaH	-
2.1	ca	-	ca	ca{avya}	ca{avya}	sambanXaH,1.1	sambanXaH,1.1	1	04	038	mahABArawam	mOsalaparvaH	-
3.1	musalI-	-	musalI-BUwam	musalI	musalI	samAsaH,3.2	samAsaH,3.2	1	04	038	mahABArawam	mOsalaparvaH	-
3.2	BUwam	-	--	BUwa{napuM;1;eka}/BUwa{napuM;2;eka}/BUwa{puM;2;eka(BU1;kwa;BvAxiH)}/BUwa{napuM;1;eka(BU1;kwa;BvAxiH)}/BUwa{napuM;2;eka(BU1;kwa;BvAxiH)}	BUwa{napuM;1;eka}	karmasamAnAXikaraNam,1.1	viSeRaNam,10.1#viSeRaNam,8.1#viSeRaNam,7.3#karmasamAnAXikaraNam,1.1#vAkyakarma,11.1#karmasamAnAXikaraNam,10.1#karmasamAnAXikaraNam,8.1#karmasamAnAXikaraNam,7.3	1	04	038	mahABArawam	mOsalaparvaH	-
4.1	api	-	api	api{avya}	api{avya}	sambanXaH,1.1	sup_samuccaya_xyowakaH,3.2#sambanXaH,3.2	1	04	038	mahABArawam	mOsalaparvaH	-
5.1	wawra	-	wawra	wawra{avya}	wawra{avya}	xeSAXikaraNam,6.1	xeSAXikaraNam,11.1#xeSAXikaraNam,7.3#xeSAXikaraNam,3.2	1	04	038	mahABArawam	mOsalaparvaH	-
6.1	vyaxqSyawa	-	vyaxqSyawa	-	-	aBihiwa_karma,1.1,sakarmaka	-	1	04	038	mahABArawam	mOsalaparvaH	-
7.1	brahma-	-	brahma-xaNda-kqwam	brahma}/brahman	brahma	samAsaH,7.2	samAsaH,7.2	1	04	038	mahABArawam	mOsalaparvaH	-
7.2	xaNda-	-	--	xaNda	xaNda	samAsaH,7.3	samAsaH,7.3	1	04	038	mahABArawam	mOsalaparvaH	-
7.3	kqwam	-	--	kqwa{puM;2;eka(kq2;kwa;svAxiH)}/kqwa{napuM;1;eka(kq2;kwa;svAxiH)}/kqwa{napuM;2;eka(kq2;kwa;svAxiH)}/kqwa{puM;2;eka(kq3;kwa;wanAxiH)}/kqwa{napuM;1;eka(kq3;kwa;wanAxiH)}/kqwa{napuM;2;eka(kq3;kwa;wanAxiH)}	kqwa{puM;2;eka(kq2;kwa;svAxiH)}	viSeRaNam,8.1	viSeRaNam,10.1#viSeRaNam,8.1#viSeRaNam,3.2#sup_samucciwaH,3.2#karmasamAnAXikaraNam,3.2#karmasamAnAXikaraNam,1.1#karma,11.1#viXeya_viSeRaNam,1.1#vAkyakarma,11.1	1	04	038	mahABArawam	mOsalaparvaH	-
8.1	sarvam	-	sarvam	sarva{sarvanAma;puM;2;eka}/sarva{sarvanAma;napuM;1;eka}/sarva{sarvanAma;napuM;2;eka}	sarva{sarvanAma;puM;2;eka}	prawiyogI,9.1	viSeRaNam,10.1#viSeRaNam,7.3#viSeRaNam,3.2#sup_samucciwaH,3.2#karma,11.1#viXeya_viSeRaNam,7.3#viXeya_viSeRaNam,1.1#vAkyakarma,11.1	1	04	038	mahABArawam	mOsalaparvaH	-
9.1	iwi	-	iwi	iwi{avya}	iwi{avya}	anuyogI,10.1	vAkyakarma_xyowakaH,8.1#vAkyakarma_xyowakaH,7.3#vAkyakarma_xyowakaH,3.2	1	04	038	mahABArawam	mOsalaparvaH	-
1.1	AviXya	-	AviXya	Af_vyaX1{karwari;lot;ma;eka;parasmEpaxI;xivAxiH}/Af_viX1{avya{lyap;wuxAxiH}	Af_vyaX1{karwari;lot;ma;eka;parasmEpaxI;xivAxiH}	samucciwaH,2.1	pUrvakAlaH,10.2#pUrvakAlaH,5.1#pUrvakAlaH,2.1	1	04	039	mahABArawam	mOsalaparvaH	-
10.1	vajra-	-	vajra-BUwam	vajra	vajra	samAsaH,10.2	samAsaH,10.2	1	04	039	mahABArawam	mOsalaparvaH	-
10.2	BUwam	-	--	BUwa{napuM;1;eka}/BUwa{napuM;2;eka}/BUwa{puM;2;eka(BU1;kwa;BvAxiH)}/BUwa{napuM;1;eka(BU1;kwa;BvAxiH)}/BUwa{napuM;2;eka(BU1;kwa;BvAxiH)}	BUwa{napuM;1;eka}	viSeRaNam,11.1	viSeRaNam,14.1#viSeRaNam,9.1#viSeRaNam,8.1#viSeRaNam,7.1#karma,5.1#viSeRaNam,11.1	1	04	039	mahABArawam	mOsalaparvaH	-
11.1	musalam	-	musalam	musala{puM;2;eka}	musala{puM;2;eka}	karma,12.1	karma,5.1	1	04	039	mahABArawam	mOsalaparvaH	-
12.1	vyaxqSyawa	-	vyaxqSyawa	-	-	aBihiwa_karma,11.1	-	1	04	039	mahABArawam	mOsalaparvaH	-
13.1	waxA	-	waxA	waxA{avya}	waxA{avya}	kAlAXikaraNam,12.1	kAlAXikaraNam,5.1#kAlAXikaraNam,2.1#kAlAXikaraNam,1.1	1	04	039	mahABArawam	mOsalaparvaH	-
14.1	xqDam	-	xqDam	xqDa{puM;2;eka}/xqDa{napuM;1;eka}/xqDa{napuM;2;eka}	xqDa{puM;2;eka}	viSeRaNam,11.1	viSeRaNam,10.2#viSeRaNam,9.1#viSeRaNam,8.1#viSeRaNam,7.1#viXeya_viSeRaNam,9.1#viXeya_viSeRaNam,8.1#viXeya_viSeRaNam,7.1#viXeya_viSeRaNam,4.1#viSeRaNam,11.1	1	04	039	mahABArawam	mOsalaparvaH	-
15.1	.	-	.	-	-	-	-	1	04	039	mahABArawam	mOsalaparvaH	-
2.1	AviXya	-	AviXya	Af_vyaX1{karwari;lot;ma;eka;parasmEpaxI;xivAxiH}/Af_viX1{avya{lyap;wuxAxiH}	Af_vyaX1{karwari;lot;ma;eka;parasmEpaxI;xivAxiH}	pUrvakAlaH,5.1	pUrvakAlaH,10.2#pUrvakAlaH,5.1	1	04	039	mahABArawam	mOsalaparvaH	-
3.1	we	-	we	wax{sarvanAma;puM;1;bahu}/wax{sarvanAma;napuM;1;xvi}/wax{sarvanAma;napuM;2;xvi}/wax{sarvanAma;swrI;1;xvi}/wax{sarvanAma;swrI;2;xvi}/yuRmax{sarvanAma;6;eka}/yuRmax{sarvanAma;4;eka}	wax{sarvanAma;puM;1;bahu}	karwA,5.1	prayojanam1,10.2#prayojanam1,5.1#prayojanam1,4.1#prayojanam1,2.1#RaRTIsambanXaH,11.1#RaRTIsambanXaH,10.2#RaRTIsambanXaH,8.1#RaRTIsambanXaH,4.1#karma,5.1#karwA,5.1	1	04	039	mahABArawam	mOsalaparvaH	-
4.1	rAjan	-	rAjan	rAjan{puM;8;eka}/rAjaw{puM;1;eka(rAj1;Sawq_lat;BvAxiH)}	rAjan{puM;8;eka}	samboXyaH,5.1	varwamAnasamAnakAlaH,2.1#varwamAnasamAnakAlaH,1.1#samboXyaH,10.2#samboXyaH,5.1#samboXyaH,2.1	1	04	039	mahABArawam	mOsalaparvaH	-
5.1	prakRipanwi	-	prakRipanwi	pra_kRip2{karwari;lat;pra;bahu;parasmEpaxI;wuxAxiH}/prakRipaw{napuM;1;bahu(pra_kRip2;Sawq_lat;wuxAxiH)}/prakRipaw{napuM;2;bahu(pra_kRip2;Sawq_lat;wuxAxiH)}	pra_kRip2{karwari;lat;pra;bahu;parasmEpaxI;wuxAxiH}	aBihiwa_karwA,3.1,sakarmaka	viXeya_viSeRaNam,3.1	1	04	039	mahABArawam	mOsalaparvaH	-
6.1	sma	-	sma	sma{avya}	sma{avya}	sambanXaH,5.1	sambanXaH,5.1#sambanXaH,2.1#sambanXaH,1.1	1	04	039	mahABArawam	mOsalaparvaH	-
7.1	yaw	-	yaw	yaw{avya}/yax{sarvanAma;napuM;1;eka}/yax{sarvanAma;napuM;2;eka}	yaw{avya}	viSeRaNam,8.1;niwya_sambanXaH,9.1	viSeRaNam,14.1#viSeRaNam,10.2#viSeRaNam,9.1#viSeRaNam,8.1#niwya_sambanXaH1,9.1#karma,5.1#viXeya_viSeRaNam,4.1	1	04	039	mahABArawam	mOsalaparvaH	-
8.1	wqNam	-	wqNam	wqNa{napuM;1;eka}/wqNa{napuM;2;eka}	wqNa{napuM;1;eka}	karma,5.1	karma,5.1#viXeya_viSeRaNam,7.1#viXeya_viSeRaNam,4.1	1	04	039	mahABArawam	mOsalaparvaH	-
9.1	waw	-	waw	wax{sarvanAma;napuM;1;eka}/wax{sarvanAma;napuM;2;eka}	wax{sarvanAma;napuM;1;eka}	viSeRaNam,11.1	viSeRaNam,14.1#viSeRaNam,10.2#viSeRaNam,8.1#viSeRaNam,7.1#karma,5.1#viXeya_viSeRaNam,8.1#viXeya_viSeRaNam,7.1#viXeya_viSeRaNam,4.1	1	04	039	mahABArawam	mOsalaparvaH	-
1.1	avaXIw	-	avaXIw	han1{karwari;luf;pra;eka;parasmEpaxI;axAxiH}	han1{karwari;luf;pra;eka;parasmEpaxI;axAxiH}	samucciwaH,13.1	-	1	04	040	mahABArawam	mOsalaparvaH	-
10.1	sma	-	sma	sma{avya}	sma{avya}	sambanXaH,9.1	sambanXaH,9.1#sambanXaH,1.1	1	04	040	mahABArawam	mOsalaparvaH	-
11.1	poWayanwaH	-	poWayanwaH	-	-	varwamAnasamAnakAlaH,9.1	-	1	04	040	mahABArawam	mOsalaparvaH	-
12.1	parasparam	-	parasparam	paraspara{puM;2;eka}/paraspara{napuM;1;eka}/paraspara{napuM;2;eka}	paraspara{puM;2;eka}	kriyAviSeRaNam,11.1	kriyAviSeRaNam,9.1#kriyAviSeRaNam,1.1	1	04	040	mahABArawam	mOsalaparvaH	-
13.1	(avaXIw)	-	avaXIw	han1{karwari;luf;pra;eka;parasmEpaxI;axAxiH}	han1{karwari;luf;pra;eka;parasmEpaxI;axAxiH}	aBihiwa_karwA,4.1,sakarmaka	-	1	04	040	mahABArawam	mOsalaparvaH	-
14.1	.	-	.	-	-	-	-	1	04	040	mahABArawam	mOsalaparvaH	-
2.1	piwaram	-	piwaram	piwq{puM;2;eka}	piwq{puM;2;eka}	karma,1.1	karma,1.1	1	04	040	mahABArawam	mOsalaparvaH	-
3.1	puwraH	-	puwraH	puwra{puM;1;eka}	puwra{puM;1;eka}	karwA,1.1	karwA,1.1	1	04	040	mahABArawam	mOsalaparvaH	-
4.1	piwA	-	piwA	piwq{puM;1;eka}/piwA{swrI;1;eka}	piwq{puM;1;eka}	karwA,13.1	karwA,1.1	1	04	040	mahABArawam	mOsalaparvaH	-
5.1	puwram	-	puwram	puwra{puM;2;eka}	puwra{puM;2;eka}	karma,13.1	karma,1.1	1	04	040	mahABArawam	mOsalaparvaH	-
6.1	ca	-	ca	ca{avya}	ca{avya}	samuccaya_xyowakaH,13.1	sambanXaH,5.1	1	04	040	mahABArawam	mOsalaparvaH	-
7.1	BArawa	-	BArawa	BArawa{puM;8;eka}	BArawa{puM;8;eka}	samboXyaH,13.1	samboXyaH,9.1#samboXyaH,1.1	1	04	040	mahABArawam	mOsalaparvaH	-
8.1	mawwAH	-	mawwAH	mawwa{puM;1;bahu}/mawwA{swrI;1;bahu}/mawwA{swrI;2;bahu}/mawwa{puM;8;bahu}	mawwa{puM;1;bahu}	karwA,9.1	karma,1.1#karwA,9.1	1	04	040	mahABArawam	mOsalaparvaH	-
9.1	paripawanwi	-	paripawanwi	pari_paw1{karwari;lat;pra;bahu;parasmEpaxI;BvAxiH}/paripawaw{napuM;1;bahu(pari_pax1;Sawq_lat;xivAxiH)}/paripawaw{napuM;2;bahu(pari_pax1;Sawq_lat;xivAxiH)}/paripawaw{napuM;1;bahu(pari_paw1;Sawq_lat;BvAxiH)}/paripawaw{napuM;2;bahu(pari_paw1;Sawq_lat;BvAxiH)}	pari_paw1{karwari;lat;pra;bahu;parasmEpaxI;BvAxiH}	aBihiwa_karwA,8.1	-	1	04	040	mahABArawam	mOsalaparvaH	-
1.1	pawafgAH	-	pawafgAH	pawafga{puM;1;bahu}/pawafga{puM;8;bahu}	pawafga{puM;1;bahu}	upamAnam,7.2	upamAnam,5.1	1	04	041	mahABArawam	mOsalaparvaH	-
10.1	palAyane	-	palAyane	palAyana{napuM;8;xvi(para_Af_ay1;lyut;BvAxiH)}	palAyana{napuM;8;xvi(para_Af_ay1;lyut;BvAxiH)}	viRayAXikaraNam,9.1	-	1	04	041	mahABArawam	mOsalaparvaH	-
11.1	buxXiH	-	buxXiH	buxXi{swrI;1;eka}	buxXi{swrI;1;eka}	karwA,9.1	karwA_be_verbs,9.1	1	04	041	mahABArawam	mOsalaparvaH	-
12.1	vaXyamAnasya	-	vaXyamAnasya	-	-	RaRTIsambanXaH,11.1	-	1	04	041	mahABArawam	mOsalaparvaH	-
13.1	kasyaciw	-	kasyaciw	kiFciw{sarvanAma;puM;6;eka}/kiFciw{sarvanAma;napuM;6;eka}	kiFciw{sarvanAma;puM;6;eka}	viSeRaNam,12.1	viSeRaNam,5.1#RaRTIsambanXaH,11.1#RaRTIsambanXaH,7.2#RaRTIsambanXaH,4.1	1	04	041	mahABArawam	mOsalaparvaH	-
14.1	.	-	.	-	-	-	-	1	04	041	mahABArawam	mOsalaparvaH	-
2.1	iva	-	iva	iva{avya}	iva{avya}	upamAna_xyowakaH,1.1	upamAna_xyowakaH,1.1	1	04	041	mahABArawam	mOsalaparvaH	-
3.1	ca	-	ca	ca{avya}	ca{avya}	sambanXaH,2.1	sambanXaH,2.1	1	04	041	mahABArawam	mOsalaparvaH	-
4.1	agnO	-	agnO	agni{puM;7;eka}	agni{puM;7;eka}	aXikaraNam,1.1	aXikaraNam,9.1	1	04	041	mahABArawam	mOsalaparvaH	-
5.1	we	-	we	wax{sarvanAma;puM;1;bahu}/wax{sarvanAma;napuM;1;xvi}/wax{sarvanAma;napuM;2;xvi}/wax{sarvanAma;swrI;1;xvi}/wax{sarvanAma;swrI;2;xvi}/yuRmax{sarvanAma;6;eka}/yuRmax{sarvanAma;4;eka}	wax{sarvanAma;puM;1;bahu}	viSeRaNam,7.2	prayojanam1,9.1#karwA,10.1#karma,10.1#RaRTIsambanXaH,11.1#RaRTIsambanXaH,7.2#RaRTIsambanXaH,4.1#viSeRaNam,7.2#viSeRaNam,1.1	1	04	041	mahABArawam	mOsalaparvaH	-
6.1	nyapawan	-	nyapawan	-	-	aBihiwa_karwA,7.2	-	1	04	041	mahABArawam	mOsalaparvaH	-
7.1	kukura-	-	kukura-anXakAH	kukura	kukura	samAsaH,7.2	samAsaH,7.2	1	04	041	mahABArawam	mOsalaparvaH	-
7.2	anXakAH	-	--	anXaka{puM;8;bahu}/anXaka{puM;1;bahu}/anXakA{swrI;8;bahu}/anXakA{swrI;1;bahu}/anXakA{swrI;2;bahu}	anXaka{puM;8;bahu}	karwA,6.1	viSeRaNam,5.1#viSeRaNam,1.1	1	04	041	mahABArawam	mOsalaparvaH	-
8.1	na	-	na	na{avya}	na{avya}	prawiReXaH,9.1	prawiReXaH,9.1	1	04	041	mahABArawam	mOsalaparvaH	-
9.1	AsIw	-	AsIw	as2{karwari;laf;pra;eka;parasmEpaxI;axAxiH}	as2{karwari;laf;pra;eka;parasmEpaxI;axAxiH}	aBihiwa_karwA,11.1	-	1	04	041	mahABArawam	mOsalaparvaH	-
1.1	wam	-	wam	wax{sarvanAma;puM;2;eka}	wax{sarvanAma;puM;2;eka}	karma,3.1	viSeRaNam,8.1#viSeRaNam,7.1#karma,5.1#karma,3.1	1	04	042	mahABArawam	mOsalaparvaH	-
10.1	wasWO	-	wasWO	RWA1{karwari;lit;pra;eka;parasmEpaxI;BvAxiH}/RWA1{karwari;lit;u;eka;parasmEpaxI;BvAxiH}/wasWu{puM;7;eka}	RWA1{karwari;lit;pra;eka;parasmEpaxI;BvAxiH}	aBihiwa_karwA,12.2;sakarmaka	aXikaraNam,7.1#aXikaraNam,5.1#aXikaraNam,3.1	1	04	042	mahABArawam	mOsalaparvaH	-
11.1	saH	-	saH	wax{sarvanAma;puM;1;eka}	wax{sarvanAma;puM;1;eka}	viSeRaNam,12.2	viSeRaNam,12.2#viSeRaNam,5.1#viSeRaNam,4.2#viSeRaNam,3.1#karwA,10.1	1	04	042	mahABArawam	mOsalaparvaH	-
12.1	maXu-	-	maXu-sUxanaH	maXu	maXu	samAsaH,12.2	samAsaH,12.2	1	04	042	mahABArawam	mOsalaparvaH	-
12.2	sUxanaH	-	--	sUxana{puM;1;eka}	sUxana{puM;1;eka}	karwA,10.1	viSeRaNam,11.1#viSeRaNam,5.1#viSeRaNam,4.2#viSeRaNam,3.1#karwA,10.1	1	04	042	mahABArawam	mOsalaparvaH	-
13.1	.	-	.	-	-	-	-	1	04	042	mahABArawam	mOsalaparvaH	-
2.1	wu	-	wu	wu{avya}	wu{avya}	sambanXaH,1.1	sambanXaH,1.1	1	04	042	mahABArawam	mOsalaparvaH	-
3.1	paSyan	-	paSyan	paSyaw{puM;1;eka(xqS1;Sawq_lat;BvAxiH)}	paSyaw{puM;1;eka(xqS1;Sawq_lat;BvAxiH)}	varwamAnasamAnakAlaH,10.1	varwamAnasamAnakAlaH,10.1#karwA,10.1	1	04	042	mahABArawam	mOsalaparvaH	-
4.1	mahaw-	-	mahaw-bAhuH	mahaw	mahaw	samAsaH,4.2	samAsaH,4.2	1	04	042	mahABArawam	mOsalaparvaH	-
4.2	bAhuH	-	--	bAhu{puM;1;eka}	bAhu{puM;1;eka}	viSeRaNam,12.2	viSeRaNam,12.2#viSeRaNam,11.1#viSeRaNam,5.1#viSeRaNam,3.1#karwA,10.1	1	04	042	mahABArawam	mOsalaparvaH	-
5.1	jAnan	-	jAnan	jAnaw{puM;1;eka(jFA1;Sawq_lat;kryAxiH)}	jAnaw{puM;1;eka(jFA1;Sawq_lat;kryAxiH)}	varwamAnasamAnakAlaH,10.1	varwamAnasamAnakAlaH,10.1#karwA,10.1	1	04	042	mahABArawam	mOsalaparvaH	-
6.1	kAlasya	-	kAlasya	kAla{puM;6;eka}/kAla{napuM;6;eka}	kAla{puM;6;eka}	RaRTIsambanXaH,7.1	karwA,7.1#karma,7.1#RaRTIsambanXaH,12.2#RaRTIsambanXaH,10.1#RaRTIsambanXaH,8.1#RaRTIsambanXaH,7.1#RaRTIsambanXaH,4.2	1	04	042	mahABArawam	mOsalaparvaH	-
7.1	paryayam	-	paryayam	paryaya{puM;2;eka(pari_i1;GaF;axAxiH)}	paryaya{puM;2;eka(pari_i1;GaF;axAxiH)}	karma,5.1	viSeRaNam,8.1#viSeRaNam,1.1#karma,5.1#karma,3.1	1	04	042	mahABArawam	mOsalaparvaH	-
8.1	musalam	-	musalam	musala{puM;2;eka}	musala{puM;2;eka}	karma,9.1	karma,5.1#karma,3.1	1	04	042	mahABArawam	mOsalaparvaH	-
9.1	samavaRtaBya	-	samavaRtaBya	-	-	pUrvakAlaH,10.1	-	1	04	042	mahABArawam	mOsalaparvaH	-
1.1	sAmbam	-	sAmbam	sAmba{puM;2;eka}	sAmba{puM;2;eka}	samucciwaH,10.1	sup_samucciwaH,10.1#sup_samucciwaH,8.1#karma,4.1#karma,3.1	1	04	043	mahABArawam	mOsalaparvaH	-
10.1	aniruxXam	-	aniruxXam	aniruxXa{puM;2;eka}	aniruxXa{puM;2;eka}	karma,4.1	karma,4.1#karma,3.1	1	04	043	mahABArawam	mOsalaparvaH	-
11.1	ca	-	ca	ca{avya}	ca{avya}	samuccaya_xyowakaH,10.1	sup_samuccaya_xyowakaH,10.1#sambanXaH,10.1	1	04	043	mahABArawam	mOsalaparvaH	-
12.1	wawaH	-	wawaH	wawaH{avya}	wawaH{avya}	sambanXaH,13.1	sambanXaH,13.1#sambanXaH,4.1#sambanXaH,3.1#kArya_xyowakaH,13.1	1	04	043	mahABArawam	mOsalaparvaH	-
13.1	cukroXa	-	cukroXa	kruX1{karwari;lit;pra;eka;parasmEpaxI;xivAxiH}/kruX1{karwari;lit;u;eka;parasmEpaxI;xivAxiH}	kruX1{karwari;lit;pra;eka;parasmEpaxI;xivAxiH}	aBihiwa_karwA,7.1;sakarmaka	-	1	04	043	mahABArawam	mOsalaparvaH	-
14.1	BArawa	-	BArawa	BArawa{puM;8;eka}	BArawa{puM;8;eka}	samboXyaH,13.1	samboXyaH,13.1#samboXyaH,3.1	1	04	043	mahABArawam	mOsalaparvaH	-
15.1	.	-	.	-	-	-	-	1	04	043	mahABArawam	mOsalaparvaH	-
2.1	ca	-	ca	ca{avya}	ca{avya}	samuccaya_xyowakaH,1.1	sambanXaH,1.1	1	04	043	mahABArawam	mOsalaparvaH	-
3.1	nihawam	-	nihawam	ni_han1{karwari;lot;ma;xvi;parasmEpaxI;axAxiH}/nihawa{puM;2;eka(ni_han1;kwa;axAxiH)}/nihawa{napuM;1;eka(ni_han1;kwa;axAxiH)}/nihawa{napuM;2;eka(ni_han1;kwa;axAxiH)}	nihawa{puM;2;eka(ni_han1;kwa;axAxiH)}	viSeRaNam,10.1	sup_samucciwaH,10.1#sup_samucciwaH,8.1#karma,4.1#viSeRaNam,10.1#viSeRaNam,8.1	1	04	043	mahABArawam	mOsalaparvaH	-
4.1	xqRtvA	-	xqRtvA	xqS1{avya;kwvA;BvAxiH}	xqS1{avya;kwvA;BvAxiH}	pUrvakAlaH,13.1	pUrvakAlaH,13.1#pUrvakAlaH,3.1	1	04	043	mahABArawam	mOsalaparvaH	-
5.1	cAruxeRNam	-	cAruxeRNam	-	-	samucciwaH,10.1	-	1	04	043	mahABArawam	mOsalaparvaH	-
6.1	ca	-	ca	ca{avya}	ca{avya}	samuccaya_xyowakaH,5.1	-	1	04	043	mahABArawam	mOsalaparvaH	-
7.1	mAXavaH	-	mAXavaH	mAXava{puM;1;eka}	mAXava{puM;1;eka}	karwA,13.1;karwA,4.1	karwA,13.1	1	04	043	mahABArawam	mOsalaparvaH	-
8.1	praxyumnam	-	praxyumnam	praxyumna{puM;2;eka}	praxyumna{puM;2;eka}	samucciwaH,10.1	sup_samucciwaH,10.1#karma,4.1#karma,3.1	1	04	043	mahABArawam	mOsalaparvaH	-
9.1	ca	-	ca	ca{avya}	ca{avya}	samuccaya_xyowakaH,8.1	sup_samuccaya_xyowakaH,8.1#sambanXaH,8.1	1	04	043	mahABArawam	mOsalaparvaH	-
1.1	gaxam	-	gaxam	gaxa{puM;2;eka}/gaxa{napuM;1;eka}/gaxa{napuM;2;eka}	gaxa{puM;2;eka}	karma,2.1	sup_samucciwaH,3.1#karma,2.1	1	04	044	mahABArawam	mOsalaparvaH	-
10.1	cakre	-	cakre	kq2{karwari;lit;pra;eka;AwmanepaxI;svAxiH}/kq2{karwari;lit;u;eka;AwmanepaxI;svAxiH}/kq2{karmaNi;lit;pra;eka;AwmanepaxI;svAxiH}/kq2{karmaNi;lit;u;eka;AwmanepaxI;svAxiH}/kq3{karwari;lit;pra;eka;AwmanepaxI;wanAxiH}/kq3{karwari;lit;u;eka;AwmanepaxI;wanAxiH}/kq3{karmaNi;lit;pra;eka;AwmanepaxI;wanAxiH}/kq3{karmaNi;lit;u;eka;AwmanepaxI;wanAxiH}/cakra{puM;7;eka}/cakra{napuM;7;eka}	kq2{karwari;lit;pra;eka;AwmanepaxI;svAxiH}	aBihiwa_karwA,7.1;sakarmaka	aXikaraNam,6.2#aXikaraNam,3.1#aXikaraNam,2.1	1	04	044	mahABArawam	mOsalaparvaH	-
11.1	SArfga-	-	SArfga-cakra-gaxA-XaraH	SArfga	SArfga	samAsaH,11.2	samAsaH,11.2	1	04	044	mahABArawam	mOsalaparvaH	-
11.2	cakra-	-	--	cakra	cakra	samAsaH,11.3	samAsaH,11.3	1	04	044	mahABArawam	mOsalaparvaH	-
11.3	gaxA-	-	--	gaxA	gaxA	samAsaH,11.4	samAsaH,11.4	1	04	044	mahABArawam	mOsalaparvaH	-
11.4	XaraH	-	--	Xara{puM;1;eka}	Xara{puM;1;eka}	viSeRaNam,7.1	viSeRaNam,7.1#viSeRaNam,6.2#karwA,10.1#karma,10.1	1	04	044	mahABArawam	mOsalaparvaH	-
12.1	.	-	.	-	-	-	-	1	04	044	mahABArawam	mOsalaparvaH	-
2.1	vIkRya	-	vIkRya	vi_IkR1{avya;lyap;BvAxiH}	vi_IkR1{avya;lyap;BvAxiH}	pUrvakAlaH,10.1	pUrvakAlaH,10.1#pUrvakAlaH,6.2	1	04	044	mahABArawam	mOsalaparvaH	-
3.1	SayAnam	-	SayAnam	SayAna{puM;2;eka(SI1;san;SAnac;axAxiH)}	SayAna{puM;2;eka(SI1;san;SAnac;axAxiH)}	viSeRaNam,1.1	viSeRaNam,8.2#viSeRaNam,1.1#karma,10.1#karma,2.1	1	04	044	mahABArawam	mOsalaparvaH	-
4.1	ca	-	ca	ca{avya}	ca{avya}	sambanXaH,3.1	sup_samuccaya_xyowakaH,3.1#sambanXaH,3.1	1	04	044	mahABArawam	mOsalaparvaH	-
5.1	BqSam	-	BqSam	BqSam{avya}/BqSa{napuM;1;eka}/BqSa{napuM;2;eka}	BqSam{avya}	kriyAviSeRaNam,6.2	sup_samucciwaH,3.1#karma,10.1#karma,2.1#karwA,10.1#kriyAviSeRaNam,10.1#kriyAviSeRaNam,6.2#kriyAviSeRaNam,2.1	1	04	044	mahABArawam	mOsalaparvaH	-
6.1	kopa-	-	kopa-samanviwaH	kopa	kopa	samAsaH,6.2	samAsaH,6.2	1	04	044	mahABArawam	mOsalaparvaH	-
6.2	samanviwaH	-	--	sam_anu_i1{karwari;lat;pra;xvi;parasmEpaxI;axAxiH}/samanviwa{puM;1;eka(sam_anu_i1;kwa;axAxiH)}	samanviwa{puM;1;eka(sam_anu_i1;kwa;axAxiH)}	viSeRaNam,7.1	viSeRaNam,11.4#viSeRaNam,7.1#karwA,10.1#karma,10.1	1	04	044	mahABArawam	mOsalaparvaH	-
7.1	saH	-	saH	wax{sarvanAma;puM;1;eka}	wax{sarvanAma;puM;1;eka}	karwA,10.1	viSeRaNam,11.4#viSeRaNam,6.2#karwA,10.1#karma,10.1	1	04	044	mahABArawam	mOsalaparvaH	-
8.1	nir-	-	nir-SeRam	nir	nir	samAsaH,8.2	samAsaH,8.2	1	04	044	mahABArawam	mOsalaparvaH	-
8.2	SeRam	-	--	SeRa{puM;2;eka}/SeRa{napuM;1;eka}/SeRa{napuM;2;eka}	SeRa{puM;2;eka}	karma,10.1	viSeRaNam,5.1#viSeRaNam,1.1#sup_samucciwaH,3.1#karma,10.1#karma,2.1#karwA,10.1#viSeRaNam,3.1	1	04	044	mahABArawam	mOsalaparvaH	-
9.1	waxA	-	waxA	waxA{avya}	waxA{avya}	kAlAXikaraNam,10.1	kAlAXikaraNam,10.1#kAlAXikaraNam,6.2	1	04	044	mahABArawam	mOsalaparvaH	-
1.1	wam	-	wam	wax{sarvanAma;puM;2;eka}	wax{sarvanAma;puM;2;eka}	viSeRaNam,8.1	viSeRaNam,2.1#karma,4.1#karma,2.1	1	04	045	mahABArawam	mOsalaparvaH	-
10.1	yaw	-	yaw	yaw{avya}/yax{sarvanAma;napuM;1;eka}/yax{sarvanAma;napuM;2;eka}	yaw{avya}	muKyakarma,9.1;niwya_sambanXaH,12.1	viSeRaNam,12.1#niwya_sambanXaH1,12.1#muKyakarma,9.1#karma,11.1#karma,4.1#vAkyakarma_xyowakaH,11.1#vAkyakarma_xyowakaH,4.1#sambanXaH,11.1	1	04	045	mahABArawam	mOsalaparvaH	-
11.1	niboXa	-	niboXa	ni_buX1{karwari;lot;ma;eka;parasmEpaxI;BvAxiH}/ni_buX2{karwari{lot;ma;eka;parasmEpaxI;BvAxiH}	ni_buX1{karwari;lot;ma;eka;parasmEpaxI;BvAxiH}	aBihiwa_karwA	vAkyakarma,9.1	1	04	045	mahABArawam	mOsalaparvaH	-
12.1	waw	-	waw	wax{sarvanAma;napuM;1;eka}/wax{sarvanAma;napuM;2;eka}	wax{sarvanAma;napuM;1;eka}	karma,11.1	viSeRaNam,10.1#muKyakarma,9.1#karma,11.1	1	04	045	mahABArawam	mOsalaparvaH	-
13.1	.	-	.	-	-	-	-	1	04	045	mahABArawam	mOsalaparvaH	-
2.1	niGnanwam	-	niGnanwam	niGnaw{puM;2;eka(ni_han1;Sawq_lat;axAxiH)}	niGnaw{puM;2;eka(ni_han1;Sawq_lat;axAxiH)}	viSeRaNam,8.1	viSeRaNam,1.1#muKyakarma,9.1#karmasamAnAXikaraNam,1.1#karma,4.1#gONakarma,9.1	1	04	045	mahABArawam	mOsalaparvaH	-
3.1	mahaw-	-	mahaw-wejA	mahaw	mahaw	samAsaH,3.2	-	1	04	045	mahABArawam	mOsalaparvaH	-
3.2	wejA	-	--	-	-	viSeRaNam,4.1	-	1	04	045	mahABArawam	mOsalaparvaH	-
4.1	baBruH	-	baBruH	Bq1{karwari;lit;pra;bahu;parasmEpaxI;BvAxiH}/Bq2{karwari;lit;pra;bahu;parasmEpaxI;juhowyAxiH}/baBru{puM;1;eka}	Bq1{karwari;lit;pra;bahu;parasmEpaxI;BvAxiH}	karwA,9.1	viSeRaNam,6.1#viSeRaNam,5.3#sup_samucciwaH,6.1#vAkyakarma,9.1#samucciwaH,9.1	1	04	045	mahABArawam	mOsalaparvaH	-
5.1	para-	-	para-puram-jayaH	para	para	samAsaH,5.2	samAsaH,5.2	1	04	045	mahABArawam	mOsalaparvaH	-
5.2	puram-	-	--	-puram	-puram	samAsaH,5.3	samAsaH,5.3	1	04	045	mahABArawam	mOsalaparvaH	-
5.3	jayaH	-	--	jaya{puM;1;eka}	jaya{puM;1;eka}	viSeRaNam,6.1	viSeRaNam,6.1#viSeRaNam,4.1#sup_samucciwaH,6.1	1	04	045	mahABArawam	mOsalaparvaH	-
6.1	xArukaH	-	xArukaH	xAruka{puM;1;eka}	xAruka{puM;1;eka}	karwA,9.1	-	1	04	045	mahABArawam	mOsalaparvaH	-
7.1	cEva	-	cEva	cEva{avya}	cEva{avya}	sambanXaH,6.1	sup_samuccaya_xyowakaH,6.1#samuccaya_xyowakaH,9.1#sambanXaH,6.1	1	04	045	mahABArawam	mOsalaparvaH	-
8.1	xASArham	-	xASArham	-	-	gONakarma,9.1	-	1	04	045	mahABArawam	mOsalaparvaH	-
9.1	UcawuH	-	UcawuH	uc1{karwari;lit;pra;xvi;parasmEpaxI;xivAxiH}/vac1{karwari;lit;pra;xvi;parasmEpaxI;axAxiH}/brU1{karwari;lit;pra;xvi;parasmEpaxI;axAxiH}	uc1{karwari;lit;pra;xvi;parasmEpaxI;xivAxiH}	aBihiwa_karwA	-	1	04	045	mahABArawam	mOsalaparvaH	-
1.1	Bagavan	-	Bagavan	Baga{mawup;puM;8;eka}	Baga{mawup;puM;8;eka}	samboXyaH,15.1	viSeRaNam,6.1	1	04	046	mahABArawam	mOsalaparvaH	-
10.1	wawra	-	wawra	wawra{avya}	wawra{avya}	xeSAXikaraNam,11.1;niwya_sambanXaH,12.1	xeSAXikaraNam,11.1#xeSAXikaraNam,9.1#xeSAXikaraNam,2.1	1	04	046	mahABArawam	mOsalaparvaH	-
11.1	gacCAmaH	-	gacCAmaH	gam1{karwari;lat;u;bahu;parasmEpaxI;BvAxiH}	gam1{karwari;lat;u;bahu;parasmEpaxI;BvAxiH}	-	-	1	04	046	mahABArawam	mOsalaparvaH	-
12.1	yawra	-	yawra	yawra{avya}	yawra{avya}	xeSAXikaraNam,14.1	xeSAXikaraNam,11.1	1	04	046	mahABArawam	mOsalaparvaH	-
13.1	saH	-	saH	wax{sarvanAma;puM;1;eka}	wax{sarvanAma;puM;1;eka}	karwA,14.1	karwA,14.1	1	04	046	mahABArawam	mOsalaparvaH	-
14.1	(aswi)	-	aswi	as2{karwari;lat;pra;eka;parasmEpaxI;axAxiH}	as2{karwari;lat;pra;eka;parasmEpaxI;axAxiH}	aBihiwa_karwA,13.1	aBihiwa_karwA,13.1	1	04	046	mahABArawam	mOsalaparvaH	-
15.1	(aswi)	-	aswi	as2{karwari;lat;pra;eka;parasmEpaxI;axAxiH}	as2{karwari;lat;pra;eka;parasmEpaxI;axAxiH}	aBihiwa_karwA,2.1	aBihiwa_karwA,2.1	1	04	046	mahABArawam	mOsalaparvaH	-
16.1	.	-	.	-	-	-	-	1	04	046	mahABArawam	mOsalaparvaH	-
2.1	saMhqwam	-	saMhqwam	saMhqwa{puM;2;eka(sam_hq1;kwa;BvAxiH)}/saMhqwa{napuM;1;eka(sam_hq1;kwa;BvAxiH)}/saMhqwa{napuM;2;eka(sam_hq1;kwa;BvAxiH)}/saMhqwa{puM;2;eka(sam_hq2;kwa;juhowyAxiH)}/saMhqwa{napuM;1;eka(sam_hq2;kwa;juhowyAxiH)}/saMhqwa{napuM;2;eka(sam_hq2;kwa;juhowyAxiH)}	saMhqwa{puM;2;eka(sam_hq1;kwa;BvAxiH)}	karwA,15.1	viSeRaNam,8.1#viSeRaNam,5.1#viSeRaNam,3.1#karma,9.1	1	04	046	mahABArawam	mOsalaparvaH	-
3.1	sarvam	-	sarvam	sarva{sarvanAma;puM;2;eka}/sarva{sarvanAma;napuM;1;eka}/sarva{sarvanAma;napuM;2;eka}	sarva{sarvanAma;puM;2;eka}	karma,2.1	viSeRaNam,8.1#viSeRaNam,5.1#viSeRaNam,2.1#karma,9.1#karma,2.1	1	04	046	mahABArawam	mOsalaparvaH	-
4.1	wvayA	-	wvayA	yuRmax{sarvanAma;3;eka}	yuRmax{sarvanAma;3;eka}	karwA,2.1	karwA,2.1#hewuH,9.1#hewuH,2.1	1	04	046	mahABArawam	mOsalaparvaH	-
5.1	BUyiRTam	-	BUyiRTam	BUyiRTa{puM;2;eka}/BUyiRTa{napuM;1;eka}/BUyiRTa{napuM;2;eka}	BUyiRTa{puM;2;eka}	viSeRaNam,3.1	karma,9.1#karma,2.1	1	04	046	mahABArawam	mOsalaparvaH	-
6.1	acyuwa	-	acyuwa	acyuwa{puM;8;eka}	acyuwa{puM;8;eka}	samboXyaH,9.1	-	1	04	046	mahABArawam	mOsalaparvaH	-
7.1	rAmasya	-	rAmasya	rAma{puM;6;eka}	rAma{puM;6;eka}	RaRTIsambanXaH,8.1	RaRTIsambanXaH,8.1#RaRTIsambanXaH,6.1#RaRTIsambanXaH,5.1#RaRTIsambanXaH,1.1	1	04	046	mahABArawam	mOsalaparvaH	-
8.1	paxam	-	paxam	pax{puM;2;eka}/paxa{napuM;1;eka}/paxa{napuM;2;eka}	pax{puM;2;eka}	karma,9.1	karma,9.1#karma,2.1	1	04	046	mahABArawam	mOsalaparvaH	-
9.1	anvicCa	-	anvicCa	anu_iR2{karwari;lot;ma;eka;parasmEpaxI;wuxAxiH}	anu_iR2{karwari;lot;ma;eka;parasmEpaxI;wuxAxiH}	-	-	1	04	046	mahABArawam	mOsalaparvaH	-
1.1	wawaH	-	wawaH	wawaH{avya}	wawaH{avya}	sambanXaH,2.1	sambanXaH,12.1#sambanXaH,6.1#sambanXaH,2.1#kArya_xyowakaH,12.1#kArya_xyowakaH,6.1#kArya_xyowakaH,2.1#apAxAnam,18.1#apAxAnam,10.1#apAxAnam,2.1	1	05	001	mahABArawam	mOsalaparvaH	-
10.1	pawanwaH	-	pawanwaH	pawaw{puM;1;bahu(paw1;Sawq_lat;BvAxiH)}	pawaw{puM;1;bahu(paw1;Sawq_lat;BvAxiH)}	varwamAnasamAnakAlaH,2.1	varwamAnasamAnakAlaH,6.1#varwamAnasamAnakAlaH,2.1#karwA,6.1	1	05	001	mahABArawam	mOsalaparvaH	-
11.1	aWa	-	aWa	aWa{avya}	aWa{avya}	sambanXaH,12.1	viroXa_xyowakaH,18.1#viroXa_xyowakaH,16.1#viroXa_xyowakaH,12.1#sambanXaH,12.1	1	05	001	mahABArawam	mOsalaparvaH	-
12.1	apaSyaw	-	apaSyaw	xqS1{karwari;laf;pra;eka;parasmEpaxI;BvAxiH}	xqS1{karwari;laf;pra;eka;parasmEpaxI;BvAxiH}	aBihiwa_karwA	viroXakaH,6.1#viroXakaH,2.1	1	05	001	mahABArawam	mOsalaparvaH	-
13.1	rAmam	-	rAmam	rAma{puM;2;eka}	rAma{puM;2;eka}	karma,12.1	karma,12.1#karma,6.1#Bkarma,18.1	1	05	001	mahABArawam	mOsalaparvaH	-
14.1	ananwa-	-	ananwa-vIryam	ananwa	ananwa	samAsaH,14.2	samAsaH,14.2	1	05	001	mahABArawam	mOsalaparvaH	-
14.2	vIryam	-	--	vIrya{napuM;1;eka}/vIrya{napuM;2;eka}/vIrya{puM;2;eka}	vIrya{napuM;1;eka}	viSeRaNam,13.1	viSeRaNam,16.1#viSeRaNam,13.1#viSeRaNam,9.1#karma,12.1#Bkarma,18.1#karwA,12.1	1	05	001	mahABArawam	mOsalaparvaH	-
15.1	vqkRe	-	vqkRe	vqkRa{puM;7;eka}	vqkRa{puM;7;eka}	xeSAXikaraNam,16.1	aXikaraNam,18.1#aXikaraNam,16.1#aXikaraNam,12.1#aXikaraNam,10.1#aXikaraNam,6.1#aXikaraNam,2.1#BkarwA,18.1	1	05	001	mahABArawam	mOsalaparvaH	-
16.1	sWiwam	-	sWiwam	sWiwa{puM;2;eka(RWA1;kwa;BvAxiH)}/sWiwa{napuM;1;eka(RWA1;kwa;BvAxiH)}/sWiwa{napuM;2;eka(RWA1;kwa;BvAxiH)}	sWiwa{puM;2;eka(RWA1;kwa;BvAxiH)}	viSeRaNam,13.1	viroXakaH,6.1#viroXakaH,2.1#viSeRaNam,14.2#viSeRaNam,9.1#karma,12.1#karwA,12.1#viSeRaNam,13.1	1	05	001	mahABArawam	mOsalaparvaH	-
17.1	cinwayAnam	-	cinwayAnam	-	-	viSeRaNam,13.1	-	1	05	001	mahABArawam	mOsalaparvaH	-
18.1	vivikwe	-	vivikwe	vivikwa{puM;7;eka(vi_vic1;kwa;ruXAxiH)}/vivikwa{napuM;7;eka(vi_vic1;kwa;ruXAxiH)}	vivikwa{puM;7;eka(vi_vic1;kwa;ruXAxiH)}	viSeRaNam,15.1	viroXakaH,6.1#viroXakaH,2.1#viSeRaNam,15.1#BAvalakRaNasapwamI_pUrvakAlaH,16.1#BAvalakRaNasapwamI_pUrvakAlaH,12.1#BAvalakRaNasapwamI_pUrvakAlaH,6.1#BAvalakRaNasapwamI_pUrvakAlaH,2.1	1	05	001	mahABArawam	mOsalaparvaH	-
19.1	.	-	.	-	-	-	-	1	05	001	mahABArawam	mOsalaparvaH	-
2.1	yayuH	-	yayuH	yA1{karwari;lit;pra;bahu;parasmEpaxI;axAxiH}	yA1{karwari;lit;pra;bahu;parasmEpaxI;axAxiH}	aBihiwa_karwA,6.1	samucciwaH,6.1	1	05	001	mahABArawam	mOsalaparvaH	-
3.1	xArukaH	-	xArukaH	xAruka{puM;1;eka}	xAruka{puM;1;eka}	samucciwaH,6.1	viSeRaNam,4.1#sup_samucciwaH,6.1#sup_samucciwaH,4.1	1	05	001	mahABArawam	mOsalaparvaH	-
4.1	keSavaH	-	keSavaH	keSava{puM;1;eka}	keSava{puM;1;eka}	samucciwaH,6.1	sup_samucciwaH,6.1#karwA,6.1#karwA,2.1	1	05	001	mahABArawam	mOsalaparvaH	-
5.1	ca	-	ca	ca{avya}	ca{avya}	samuccaya_xyowakaH,4.1	sup_samuccaya_xyowakaH,4.1#samuccaya_xyowakaH,6.1#sambanXaH,4.1	1	05	001	mahABArawam	mOsalaparvaH	-
6.1	baBruH	-	baBruH	Bq1{karwari;lit;pra;bahu;parasmEpaxI;BvAxiH}/Bq2{karwari;lit;pra;bahu;parasmEpaxI;juhowyAxiH}/baBru{puM;1;eka}	Bq1{karwari;lit;pra;bahu;parasmEpaxI;BvAxiH}	karwA,2.1	viSeRaNam,4.1#viSeRaNam,3.1#karwA,12.1#karwA,2.1#samucciwaH,2.1	1	05	001	mahABArawam	mOsalaparvaH	-
7.1	ca	-	ca	ca{avya}	ca{avya}	samuccaya_xyowakaH,6.1	sup_samuccaya_xyowakaH,6.1#samuccaya_xyowakaH,2.1#sambanXaH,6.1	1	05	001	mahABArawam	mOsalaparvaH	-
8.1	rAmasya	-	rAmasya	rAma{puM;6;eka}	rAma{puM;6;eka}	RaRTIsambanXaH,9.1	RaRTIsambanXaH,15.1#RaRTIsambanXaH,14.2#RaRTIsambanXaH,13.1#RaRTIsambanXaH,9.1#RaRTIsambanXaH,4.1#RaRTIsambanXaH,3.1#BkarwA,18.1	1	05	001	mahABArawam	mOsalaparvaH	-
9.1	paxam	-	paxam	pax{puM;2;eka}/paxa{napuM;1;eka}/paxa{napuM;2;eka}	pax{puM;2;eka}	karma,10.1	karma,12.1#karma,6.1#karma,2.1#Bkarma,18.1#karwA,12.1#viSeRaNam,13.1	1	05	001	mahABArawam	mOsalaparvaH	-
1.1	wawaH	-	wawaH	wawaH{avya}	wawaH{avya}	sambanXaH,7.1	apAxAnam,8.1	1	05	002	mahABArawam	mOsalaparvaH	-
10.1	SIGram	-	SIGram	SIGram{avya}	SIGram{avya}	kriyAviSeRaNam,8.1	kriyAviSeRaNam,8.1#kriyAviSeRaNam,2.1	1	05	002	mahABArawam	mOsalaparvaH	-
11.1	imam	-	imam	ixam{sarvanAma;puM;2;eka}	ixam{sarvanAma;puM;2;eka}	viSeRaNam,15.1	viSeRaNam,15.1#viSeRaNam,12.1#viSeRaNam,6.1#karma,8.1#karma,2.1	1	05	002	mahABArawam	mOsalaparvaH	-
12.1	mahAnwam	-	mahAnwam	mahaw{puM;2;eka}	mahaw{puM;2;eka}	viSeRaNam,15.1	viSeRaNam,15.1#viSeRaNam,11.1#viSeRaNam,6.1#karma,8.1#karma,2.1	1	05	002	mahABArawam	mOsalaparvaH	-
13.1	pArWAya	-	pArWAya	pArWa{puM;4;eka}	pArWa{puM;4;eka}	sampraxAnam,14.1	prayojanam1,8.1#prayojanam1,2.1	1	05	002	mahABArawam	mOsalaparvaH	-
14.1	SaMsasva	-	SaMsasva	-	-	aBihiwa_karwA	-	1	05	002	mahABArawam	mOsalaparvaH	-
15.1	vaXam	-	vaXam	vaXa{puM;2;eka}	vaXa{puM;2;eka}	karma,14.1	karma,8.1#karma,2.1	1	05	002	mahABArawam	mOsalaparvaH	-
16.1	yaxUnAm	-	yaxUnAm	yaxu{puM;6;bahu}	yaxu{puM;6;bahu}	RaRTIsambanXaH,15.1	RaRTIsambanXaH,15.1#RaRTIsambanXaH,13.1#RaRTIsambanXaH,9.1#RaRTIsambanXaH,6.1	1	05	002	mahABArawam	mOsalaparvaH	-
17.1	.	-	.	-	-	-	-	1	05	002	mahABArawam	mOsalaparvaH	-
2.1	samAsAxya	-	samAsAxya	sam_Af_Rax1{avya;Nic;lyap;BvAxiH}	sam_Af_Rax1{avya;Nic;lyap;BvAxiH}	pUrvakAlaH,7.1	-	1	05	002	mahABArawam	mOsalaparvaH	-
3.1	mahaw-	-	mahaw-anuBAvaH	mahaw	mahaw	samAsaH,3.2	-	1	05	002	mahABArawam	mOsalaparvaH	-
3.2	anuBAvaH	-	--	-	-	viSeRaNam,4.1	-	1	05	002	mahABArawam	mOsalaparvaH	-
4.1	kqRNaH	-	kqRNaH	kqRNa{puM;1;eka}	kqRNa{puM;1;eka}	karwA,7.1	-	1	05	002	mahABArawam	mOsalaparvaH	-
5.1	waxA	-	waxA	waxA{avya}	waxA{avya}	kAlAXikaraNam,7.1	-	1	05	002	mahABArawam	mOsalaparvaH	-
6.1	xArukam	-	xArukam	xAruka{puM;2;eka}	xAruka{puM;2;eka}	karma,7.1	karma,8.1#karma,2.1	1	05	002	mahABArawam	mOsalaparvaH	-
7.1	anvaSAsaw	-	anvaSAsaw	-	-	aBihiwa_karwA,4.1,sakarmaka	-	1	05	002	mahABArawam	mOsalaparvaH	-
8.1	gawvA	-	gawvA	gam1{avya;kwvA;BvAxiH}	gam1{avya;kwvA;BvAxiH}	pUrvakAlaH,14.1	-	1	05	002	mahABArawam	mOsalaparvaH	-
9.1	kurUn	-	kurUn	kuru{puM;2;bahu}	kuru{puM;2;bahu}	karma,8.1	karma,8.1#karma,2.1#awyanwasaMyoga_sambanXaH,8.1#awyanwasaMyoga_sambanXaH,2.1	1	05	002	mahABArawam	mOsalaparvaH	-
1.1	wawaH	-	wawaH	wawaH{avya}	wawaH{avya}	sambanXaH,5.1	sambanXaH,14.1#sambanXaH,5.1#kArya_xyowakaH,14.1#kArya_xyowakaH,5.1#apAxAnam,14.1#apAxAnam,6.1	1	05	003	mahABArawam	mOsalaparvaH	-
10.1	iwi	-	iwi	iwi{avya}	iwi{avya}	sambanXaH,12.1	vAkyakarma_xyowakaH,5.1	1	05	003	mahABArawam	mOsalaparvaH	-
11.1	evam	-	evam	evam{avya}	evam{avya}	sambanXaH,12.1	vAkyakarma_xyowakaH,5.1#kriyAviSeRaNam,19.2#kriyAviSeRaNam,14.1#kriyAviSeRaNam,12.1#kriyAviSeRaNam,7.1#kriyAviSeRaNam,6.1#kriyAviSeRaNam,5.1	1	05	003	mahABArawam	mOsalaparvaH	-
12.1	ukwaH	-	ukwaH	ukwa{puM;1;eka(vac1;kwa;axAxiH)}	ukwa{puM;1;eka(vac1;kwa;axAxiH)}	viSeRaNam,13.1	viSeRaNam,19.2#viSeRaNam,18.1#viSeRaNam,13.1#viSeRaNam,2.1#karwA,14.1#karwA,5.1	1	05	003	mahABArawam	mOsalaparvaH	-
13.1	saH	-	saH	wax{sarvanAma;puM;1;eka}	wax{sarvanAma;puM;1;eka}	viSeRaNam,18.1	viSeRaNam,19.2#viSeRaNam,18.1#viSeRaNam,12.1#viSeRaNam,2.1#karwA,14.1	1	05	003	mahABArawam	mOsalaparvaH	-
14.1	yayO	-	yayO	yA1{karwari;lit;pra;eka;parasmEpaxI;axAxiH}/yA1{karwari;lit;u;eka;parasmEpaxI;axAxiH}/yayi{puM;7;eka}	yA1{karwari;lit;pra;eka;parasmEpaxI;axAxiH}	aBihiwa_karwA,13.1,sakarmaka	aXikaraNam,19.2#aXikaraNam,12.1#aXikaraNam,7.1#aXikaraNam,6.1#aXikaraNam,5.1	1	05	003	mahABArawam	mOsalaparvaH	-
15.1	raWena	-	raWena	raWa{puM;3;eka}	raWa{puM;3;eka}	karaNam,14.1	karwA,19.2#karwA,12.1#karaNam,19.1#karaNam,14.1#karaNam,6.1#karaNam,5.1#hewuH,19.2#hewuH,14.1#hewuH,12.1#hewuH,7.1#hewuH,6.1#hewuH,5.1	1	05	003	mahABArawam	mOsalaparvaH	-
16.1	kurUn	-	kurUn	kuru{puM;2;bahu}	kuru{puM;2;bahu}	karma,14.1	karmasamAnAXikaraNam,19.2#karmasamAnAXikaraNam,8.1#karmasamAnAXikaraNam,7.1#karma,14.1#karma,6.1#gONakarma,12.1#awyanwasaMyoga_sambanXaH,19.2#awyanwasaMyoga_sambanXaH,14.1#awyanwasaMyoga_sambanXaH,12.1#awyanwasaMyoga_sambanXaH,7.1#awyanwasaMyoga_sambanXaH,6.1#awyanwasaMyoga_sambanXaH,5.1	1	05	003	mahABArawam	mOsalaparvaH	-
17.1	waxA	-	waxA	waxA{avya}	waxA{avya}	kAlAXikaraNam,14.1	kAlAXikaraNam,14.1#kAlAXikaraNam,5.1	1	05	003	mahABArawam	mOsalaparvaH	-
18.1	xArukaH	-	xArukaH	xAruka{puM;1;eka}	xAruka{puM;1;eka}	karwA,14.1	viSeRaNam,2.1#karwA,14.1#karmasamAnAXikaraNam,19.2#karmasamAnAXikaraNam,13.1#karmasamAnAXikaraNam,3.1#karmasamAnAXikaraNam,2.1	1	05	003	mahABArawam	mOsalaparvaH	-
19.1	naRta-	-	naRta-cewAH	naRta(NaS1;kwa;xivAxiH)	naRta(NaS1;kwa;xivAxiH)	samAsaH,19.2	samAsaH,19.2	1	05	003	mahABArawam	mOsalaparvaH	-
19.2	cewAH	-	--	cewa{puM;1;bahu(ci1;kwa;svAxiH)}/cewA{swrI;1;bahu(ci1;kwa;svAxiH)}/cewA{swrI;2;bahu(ci1;kwa;svAxiH)}/cewas{puM;1;eka}	cewa{puM;1;bahu(ci1;kwa;svAxiH)}	viSeRaNam,18.1	viSeRaNam,18.1#viSeRaNam,13.1#viSeRaNam,12.1#viSeRaNam,2.1#karwA,14.1#karmasamAnAXikaraNam,18.1#karmasamAnAXikaraNam,13.1#karmasamAnAXikaraNam,3.1#karmasamAnAXikaraNam,2.1#karma,14.1#karma,6.1#gONakarma,12.1	1	05	003	mahABArawam	mOsalaparvaH	-
2.1	arjunaH	-	arjunaH	arjuna{puM;1;eka}	arjuna{puM;1;eka}	karwA,5.1	karwA,5.1	1	05	003	mahABArawam	mOsalaparvaH	-
20.1	.	-	.	-	-	-	-	1	05	003	mahABArawam	mOsalaparvaH	-
3.1	kRipram	-	kRipram	kRipram{avya}/kRipra{napuM;1;eka}/kRipra{napuM;2;eka}	kRipram{avya}	kriyAviSeRaNam,5.1	karma,6.1#karma,5.1#karwA,5.1#karmasamAnAXikaraNam,19.2#karmasamAnAXikaraNam,18.1#karmasamAnAXikaraNam,13.1#karmasamAnAXikaraNam,2.1#kriyAviSeRaNam,19.2#kriyAviSeRaNam,14.1#kriyAviSeRaNam,12.1#kriyAviSeRaNam,7.1#kriyAviSeRaNam,6.1#kriyAviSeRaNam,5.1	1	05	003	mahABArawam	mOsalaparvaH	-
4.1	iha	-	iha	iha{avya}	iha{avya}	xeSAXikaraNam,5.1	xeSAXikaraNam,19.2#xeSAXikaraNam,14.1#xeSAXikaraNam,12.1#xeSAXikaraNam,7.1#xeSAXikaraNam,6.1#xeSAXikaraNam,5.1	1	05	003	mahABArawam	mOsalaparvaH	-
5.1	upayAwu	-	upayAwu	upa_yA1{karwari;lot;pra;eka;parasmEpaxI;axAxiH}	upa_yA1{karwari;lot;pra;eka;parasmEpaxI;axAxiH}	aBihiwa_karwA,2.1,sakarmaka	vAkyakarma,12.1#vAkyakarma,6.1	1	05	003	mahABArawam	mOsalaparvaH	-
6.1	SruwvA	-	SruwvA	Sru1{avya;kwvA;BvAxiH}	Sru1{avya;kwvA;BvAxiH}	pUrvakAlaH,5.1	pUrvakAlaH,19.2#pUrvakAlaH,14.1#pUrvakAlaH,12.1#pUrvakAlaH,5.1	1	05	003	mahABArawam	mOsalaparvaH	-
7.1	mqwAn	-	mqwAn	mqwa{puM;2;bahu(mq1;kwa;wuxAxiH)}	mqwa{puM;2;bahu(mq1;kwa;wuxAxiH)}	viSeRaNam,8.1	viSeRaNam,16.1#viSeRaNam,8.1#karma,14.1#karma,6.1#karma,5.1#gONakarma,12.1	1	05	003	mahABArawam	mOsalaparvaH	-
8.1	yAxavAn	-	yAxavAn	yAxava{puM;2;bahu}	yAxava{puM;2;bahu}	karma,6.1	karmasamAnAXikaraNam,19.2#karmasamAnAXikaraNam,16.1#karmasamAnAXikaraNam,7.1#karma,14.1#karma,6.1#karma,5.1#gONakarma,12.1	1	05	003	mahABArawam	mOsalaparvaH	-
9.1	brahma-	-	brahma-SApAw	brahma}/brahman	brahma	samAsaH,9.2	samAsaH,9.2	1	05	003	mahABArawam	mOsalaparvaH	-
9.2	SApAw	-	--	SApa{puM;5;eka}/SApa{napuM;5;eka}	SApa{puM;5;eka}	hewuH,7.1	hewuH5,19.2#hewuH5,14.1#hewuH5,12.1#hewuH5,7.1#hewuH5,6.1#hewuH5,5.1#apAxAnam,14.1#apAxAnam,6.1	1	05	003	mahABArawam	mOsalaparvaH	-
1.1	wawaH	-	wawaH	wawaH{avya}	wawaH{avya}	sambanXaH,9.1	sambanXaH,18.1#sambanXaH,14.1#sambanXaH,13.1#sambanXaH,9.1#kArya_xyowakaH,18.1#kArya_xyowakaH,14.1#kArya_xyowakaH,13.1#kArya_xyowakaH,9.1#apAxAnam,14.1#apAxAnam,13.1#apAxAnam,2.1	1	05	004	mahABArawam	mOsalaparvaH	-
10.1	vAkyam	-	vAkyam	vAkya{napuM;1;eka}/vAkya{napuM;2;eka}	vAkya{napuM;2;eka}	karma,9.1	muKyakarma,9.1#karmasamAnAXikaraNam,14.1#karmasamAnAXikaraNam,8.1#karma,14.1#karma,13.1#karma,6.1#karwA,14.1#karwA,13.1#karwA,9.1	1	05	004	mahABArawam	mOsalaparvaH	-
11.1	swriyaH	-	swriyaH	swrI{swrI;1;bahu}/swrI{swrI;2;bahu}/swrI{swrI;8;bahu}	swrI{swrI;2;bahu}	karma,13.1	muKyakarma,9.1#karmasamAnAXikaraNam,17.1#karmasamAnAXikaraNam,12.1#karma,18.1#karma,14.1#karma,13.1#karma,6.1#gONakarma,9.1#karwA,18.1	1	05	004	mahABArawam	mOsalaparvaH	-
12.1	BavAn	-	BavAn	Bava{puM;2;bahu}/Bavaw{sarvanAma;puM;1;eka}	Bava{puM;2;bahu}	karwA,13.1	viSeRaNam,4.1#karwA,14.1#karwA,13.1#karwA,9.1#muKyakarma,9.1#karmasamAnAXikaraNam,17.1#karmasamAnAXikaraNam,11.1#karma,18.1#karma,14.1#karma,13.1#karma,6.1#gONakarma,9.1	1	05	004	mahABArawam	mOsalaparvaH	-
13.1	rakRawu	-	rakRawu	rakR1{karwari;lot;pra;eka;parasmEpaxI;BvAxiH}	rakR1{karwari;lot;pra;eka;parasmEpaxI;BvAxiH}	aBihiwa_karwA,12.1;sakarmaka	-	1	05	004	mahABArawam	mOsalaparvaH	-
14.1	yAwu	-	yAwu	yA1{karwari;lot;pra;eka;parasmEpaxI;axAxiH}/yAwu{napuM;1;eka}/yAwu{napuM;2;eka}/yAwu{napuM;8;eka}	yA1{karwari;lot;pra;eka;parasmEpaxI;axAxiH}	aBihiwa_karwA,15.1;sakarmaka	muKyakarma,9.1#karmasamAnAXikaraNam,10.1#karmasamAnAXikaraNam,8.1#karma,18.1#karma,13.1#karma,6.1#karwA,13.1#karwA,9.1	1	05	004	mahABArawam	mOsalaparvaH	-
15.1	SIGram	-	SIGram	SIGram{avya}	SIGram{avya}	kriyAviSeRaNam,14.1	kriyAviSeRaNam,18.1#kriyAviSeRaNam,14.1#kriyAviSeRaNam,13.1#kriyAviSeRaNam,9.1#kriyAviSeRaNam,6.1	1	05	004	mahABArawam	mOsalaparvaH	-
16.1	na	-	na	na{avya}	na{avya}	prawiReXaH,18.1	prawiReXaH,18.1	1	05	004	mahABArawam	mOsalaparvaH	-
17.1	ewAH	-	ewAH	ewax{sarvanAma;swrI;1;bahu}/ewax{sarvanAma;swrI;2;bahu}	ewax{sarvanAma;swrI;2;bahu}	karma,18.1	viSeRaNam,11.1#karma,18.1#karma,14.1#karma,13.1#karma,6.1#karwA,18.1	1	05	004	mahABArawam	mOsalaparvaH	-
18.1	hiMsyuH	-	hiMsyuH	his1{karwari;viXilif;pra;bahu;parasmEpaxI;ruXAxiH}	his1{karwari;viXilif;pra;bahu;parasmEpaxI;ruXAxiH}	aBihiwa_karwA,19.1;sakarmaka	-	1	05	004	mahABArawam	mOsalaparvaH	-
19.1	xasyavaH	-	xasyavaH	xasyu{puM;1;bahu}/xasyu{puM;8;bahu}	xasyu{puM;1;bahu}	karwA,18.1	karwA,18.1	1	05	004	mahABArawam	mOsalaparvaH	-
2.1	gawe	-	gawe	gawi{swrI;8;eka}/gawa{puM;7;eka(gam1;kwa;BvAxiH)}/gawa{napuM;7;eka(gam1;kwa;BvAxiH)}	gawa{puM;7;eka(gam1;kwa;BvAxiH)}	BAvalakRaNasapwamI_pUrvakAlaH,9.1	viSeRaNam,3.1#BAvalakRaNasapwamI_pUrvakAlaH,18.1#BAvalakRaNasapwamI_pUrvakAlaH,14.1#BAvalakRaNasapwamI_pUrvakAlaH,13.1#BAvalakRaNasapwamI_pUrvakAlaH,9.1	1	05	004	mahABArawam	mOsalaparvaH	-
20.1	viwwa-	-	viwwa-loBAw	viwwa	viwwa	samAsaH,20.2	samAsaH,20.2	1	05	004	mahABArawam	mOsalaparvaH	-
20.2	loBAw	-	--	loBa{puM;5;eka}/loBa{napuM;5;eka}	loBa{puM;5;eka}	hewuH,18.1	hewuH5,18.1#hewuH5,14.1#hewuH5,13.1#hewuH5,9.1#hewuH5,6.1#hewuH5,2.1	1	05	004	mahABArawam	mOsalaparvaH	-
21.1	.	-	.	-	-	-	-	1	05	004	mahABArawam	mOsalaparvaH	-
3.1	xAruke	-	xAruke	xAruka{napuM;8;xvi}/xArukA{swrI;8;eka}/xArukA{swrI;8;xvi}/xAruka{puM;7;eka}	xAruka{puM;7;eka}	karwA,2.1	aXikaraNam,18.1#aXikaraNam,14.1#aXikaraNam,13.1#aXikaraNam,9.1#aXikaraNam,6.1#aXikaraNam,2.1#BkarwA,2.1	1	05	004	mahABArawam	mOsalaparvaH	-
4.1	keSavaH	-	keSavaH	keSava{puM;1;eka}	keSava{puM;1;eka}	karwA,9.1;karwA,6.1	karwA,9.1	1	05	004	mahABArawam	mOsalaparvaH	-
5.1	aWa	-	aWa	aWa{avya}	aWa{avya}	sambanXaH,9.1	sambanXaH,18.1#sambanXaH,14.1#sambanXaH,13.1#sambanXaH,9.1	1	05	004	mahABArawam	mOsalaparvaH	-
6.1	xqRtvA	-	xqRtvA	xqS1{avya;kwvA;BvAxiH}	xqS1{avya;kwvA;BvAxiH}	pUrvakAlaH,9.1	pUrvakAlaH,18.1#pUrvakAlaH,14.1#pUrvakAlaH,13.1#pUrvakAlaH,9.1	1	05	004	mahABArawam	mOsalaparvaH	-
7.1	anwike	-	anwike	anwikA{swrI;8;eka}/anwika{puM;7;eka}	anwika{puM;7;eka}	kriyAviSeRaNam,6.1	xeSAXikaraNam_upa,18.1#xeSAXikaraNam_upa,14.1#xeSAXikaraNam_upa,13.1#xeSAXikaraNam_upa,9.1#viSeRaNam,3.1#viSeRaNam,2.1#kriyAviSeRaNam,18.1#kriyAviSeRaNam,14.1#kriyAviSeRaNam,13.1#kriyAviSeRaNam,9.1#kriyAviSeRaNam,6.1#kriyAviSeRaNam,2.1#aXikaraNam,18.1#aXikaraNam,14.1#aXikaraNam,13.1#aXikaraNam,9.1#aXikaraNam,6.1#aXikaraNam,2.1	1	05	004	mahABArawam	mOsalaparvaH	-
8.1	baBrum	-	baBrum	baBru{puM;2;eka}	baBru{puM;2;eka}	karma,6.1	muKyakarma,9.1#karmasamAnAXikaraNam,14.1#karmasamAnAXikaraNam,10.1#karma,14.1#karma,13.1#karma,6.1#gONakarma,9.1	1	05	004	mahABArawam	mOsalaparvaH	-
9.1	uvAca	-	uvAca	vac1{karwari;lit;pra;eka;parasmEpaxI;axAxiH}/vac1{karwari;lit;u;eka;parasmEpaxI;axAxiH}/brU1{karwari;lit;pra;eka;parasmEpaxI;axAxiH}/brU1{karwari;lit;u;eka;parasmEpaxI;axAxiH}	vac1{karwari;lit;pra;eka;parasmEpaxI;axAxiH}	aBihiwa_karwA,4.1;sakarmaka	-	1	05	004	mahABArawam	mOsalaparvaH	-
1.1	saH	-	saH	wax{sarvanAma;puM;1;eka}	wax{sarvanAma;puM;1;eka}	karwA,8.1	viSeRaNam,5.2#viSeRaNam,2.1	1	05	005	mahABArawam	mOsalaparvaH	-
2.1	prasWiwaH	-	prasWiwaH	prasWiwa{puM;1;eka(pra_RWA1;kwa;BvAxiH)}	prasWiwa{puM;1;eka(pra_RWA1;kwa;BvAxiH)}	viXeya_viSeRaNam,1.1	viSeRaNam,5.2#viSeRaNam,1.1	1	05	005	mahABArawam	mOsalaparvaH	-
3.1	keSavena	-	keSavena	keSava{puM;3;eka}	keSava{puM;3;eka}	karwA,4.1	karwA,10.1#hewuH,10.1#hewuH,4.1#hewuH,2.1	1	05	005	mahABArawam	mOsalaparvaH	-
4.1	anuSiRtaH	-	anuSiRtaH	anu_SAs1{karwari;lat;pra;xvi;parasmEpaxI;axAxiH}/anu_SAs1{karwari{lat;ma;xvi;parasmEpaxI;axAxiH}	anu_SAs1{karwari;lat;pra;xvi;parasmEpaxI;axAxiH}	viSeRaNam,1.1	-	1	05	005	mahABArawam	mOsalaparvaH	-
5.1	maxa-	-	maxa-AwuraH	maxa	maxa	samAsaH,5.2	samAsaH,5.2	1	05	005	mahABArawam	mOsalaparvaH	-
5.2	AwuraH	-	--	Awura{puM;1;eka}	Awura{puM;1;eka}	viSeRaNam,1.1	viSeRaNam,2.1#viSeRaNam,1.1	1	05	005	mahABArawam	mOsalaparvaH	-
6.1	jFAwi-	-	jFAwi-vaXa-ArxiwaH	jFAwi	jFAwi	samAsaH,6.2	samAsaH,6.2	1	05	005	mahABArawam	mOsalaparvaH	-
6.2	vaXa-	-	--	vaXa	vaXa	samAsaH,6.3	-	1	05	005	mahABArawam	mOsalaparvaH	-
6.3	ArxiwaH	-	--	-	-	viSeRaNam,1.1	-	1	05	005	mahABArawam	mOsalaparvaH	-
7.1	ca	-	ca	ca{avya}	ca{avya}	sambanXaH,6.3	-	1	05	005	mahABArawam	mOsalaparvaH	-
8.1	(AsIw)	-	AsIw	as2{karwari;laf;pra;eka;parasmEpaxI;axAxiH}	as2{karwari;laf;pra;eka;parasmEpaxI;axAxiH}	aBihiwa_karwA,1.1,akarmaka	-	1	05	005	mahABArawam	mOsalaparvaH	-
9.1	.	-	.	-	-	-	-	1	05	005	mahABArawam	mOsalaparvaH	-
1.1	wam	-	wam	wax{sarvanAma;puM;2;eka}	wax{sarvanAma;puM;2;eka}	karma,10.1	viSeRaNam,14.1#viSeRaNam,10.1#muKyakarma,4.1#karma,10.1#gawikarma,2.1#gONakarma,4.1	2	05	005	mahABArawam	mOsalaparvaH	-
10.1	baBrum	-	baBrum	-	-	karma,12.1	-	2	05	005	mahABArawam	mOsalaparvaH	-
11.1	brahma-	-	brahma-anuSapwam	brahma	brahma	samAsaH,11.2	-	2	05	005	mahABArawam	mOsalaparvaH	-
11.2	anuSapwam	-	--	-	-	viSeRaNam,16.1	-	2	05	005	mahABArawam	mOsalaparvaH	-
12.1	avaXIw	-	avaXIw	han1{karwari;luf;pra;eka;parasmEpaxI;axAxiH}	han1{karwari;luf;pra;eka;parasmEpaxI;axAxiH}	aBihiwa_karwA,16.1	-	2	05	005	mahABArawam	mOsalaparvaH	-
13.1	mahaw	-	mahaw	mahaw{napuM;8;eka}/mahaw{napuM;1;eka}/mahaw{napuM;2;eka}	mahaw{napuM;2;eka}	viSeRaNam,16.1	karma,2.1	2	05	005	mahABArawam	mOsalaparvaH	-
14.1	vE	-	vE	vE{avya}	vE{avya}	sambanXaH,13.1	sambanXaH,3.1	2	05	005	mahABArawam	mOsalaparvaH	-
15.1	kUta-	-	kUta-unmukwam	kUta	kUta	samAsaH,15.2	-	2	05	005	mahABArawam	mOsalaparvaH	-
15.2	unmukwam	-	--	-	-	viSeRaNam,16.1	-	2	05	005	mahABArawam	mOsalaparvaH	-
16.1	musalam	-	musalam	musala{puM;2;eka}	musala{puM;2;eka}	karwA,12.1	karma,2.1	2	05	005	mahABArawam	mOsalaparvaH	-
17.1	lubXakasya	-	lubXakasya	lubXaka{puM;6;eka}	lubXaka{puM;6;eka}	RaRTIsambanXaH,16.1	RaRTIsambanXaH,6.1	2	05	005	mahABArawam	mOsalaparvaH	-
18.1	.	-	.	-	-	-	-	2	05	005	mahABArawam	mOsalaparvaH	-
2.1	vE	-	vE	vE{avya}	vE{avya}	sambanXaH,1.1	sambanXaH,8.1	2	05	005	mahABArawam	mOsalaparvaH	-
3.1	yAnwam	-	yAnwam	yAw{puM;2;eka(yA1;Sawq_lat;axAxiH)}/yAnwa{puM;2;eka(yam1;kwa;BvAxiH)}/yAnwa{napuM;1;eka(yam1;kwa;BvAxiH)}/yAnwa{napuM;2;eka(yam1;kwa;BvAxiH)}/yAnwa{puM;2;eka(yam2;kwa;BvAxiH)}/yAnwa{napuM;1;eka(yam2;kwa;BvAxiH)}/yAnwa{napuM;2;eka(yam2;kwa;BvAxiH)}	yAnwa{napuM;2;eka(yam1;kwa;BvAxiH)}	viSeRaNam,10.1	viSeRaNam,14.1#muKyakarma,4.1#viSeRaNam,8.1#gONakarma,4.1	2	05	005	mahABArawam	mOsalaparvaH	-
4.1	sanniXO	-	sanniXO	sanniXi{puM;7;eka}	sanniXi{puM;7;eka}	xeSAXikaraNam,12.1	aXikaraNam,10.1#aXikaraNam,4.1#aXikaraNam,2.1	2	05	005	mahABArawam	mOsalaparvaH	-
5.1	keSavasya	-	keSavasya	keSava{puM;6;eka}	keSava{puM;6;eka}	RaRTIsambanXaH,11.1	RaRTIsambanXaH,14.1#RaRTIsambanXaH,11.1#RaRTIsambanXaH,5.2#RaRTIsambanXaH,3.1	2	05	005	mahABArawam	mOsalaparvaH	-
6.1	wvaranwam	-	wvaranwam	-	-	viSeRaNam,16.1	-	2	05	005	mahABArawam	mOsalaparvaH	-
7.1	ekam	-	ekam	eka{saMKyeyam;puM;2;eka}/eka{saMKyeyam;napuM;1;eka}/eka{saMKyeyam;napuM;2;eka}/eka{saMKyA;napuM;1;eka}/eka{saMKyA;napuM;2;eka}	eka{saMKyeyam;puM;2;eka}	viSeRaNam,16.1	viSeRaNam,10.1#karma,10.1#viSeRaNam,8.1	2	05	005	mahABArawam	mOsalaparvaH	-
8.1	sahasA	-	sahasA	sahasA{avya}	sahasA{avya}	kriyAviSeRaNam,12.1	kriyAviSeRaNam,10.1#kriyAviSeRaNam,4.1#kriyAviSeRaNam,2.1	2	05	005	mahABArawam	mOsalaparvaH	-
9.1	eva	-	eva	eva{avya}	eva{avya}	sambanXaH,8.1	sambanXaH,15.1	2	05	005	mahABArawam	mOsalaparvaH	-
1.1	wawaH	-	wawaH	wawaH{avya}	wawaH{avya}	sambanXaH,5.1	sambanXaH,20.1#sambanXaH,16.1#sambanXaH,15.1#sambanXaH,5.1#sambanXaH,3.1#kArya_xyowakaH,20.1#kArya_xyowakaH,16.1#kArya_xyowakaH,15.1#kArya_xyowakaH,5.1#kArya_xyowakaH,3.1	1	05	006	mahABArawam	mOsalaparvaH	-
10.1	wu	-	wu	wu{avya}	wu{avya}	sambanXaH,9.1	sambanXaH,9.1	1	05	006	mahABArawam	mOsalaparvaH	-
11.1	iha	-	iha	iha{avya}	iha{avya}	xeSAXikaraNam,15.1	xeSAXikaraNam,20.1#xeSAXikaraNam,16.1#xeSAXikaraNam,15.1#xeSAXikaraNam,5.1#xeSAXikaraNam,3.1	1	05	006	mahABArawam	mOsalaparvaH	-
12.1	eva	-	eva	eva{avya}	eva{avya}	sambanXaH,11.1	sambanXaH,11.1	1	05	006	mahABArawam	mOsalaparvaH	-
13.1	wvam	-	wvam	yuRmax{sarvanAma;1;eka}	yuRmax{sarvanAma;1;eka}	karwA,15.1	karwA,15.1	1	05	006	mahABArawam	mOsalaparvaH	-
14.1	mAm	-	mAm	asmax{sarvanAma;2;eka}	asmax{sarvanAma;2;eka}	karma,15.1	karma,20.1#karma,16.1#karma,15.1	1	05	006	mahABArawam	mOsalaparvaH	-
15.1	prawIkRasva	-	prawIkRasva	prawi_IkR1{karwari;lot;ma;eka;AwmanepaxI;BvAxiH}	prawi_IkR1{karwari;lot;ma;eka;AwmanepaxI;BvAxiH}	aBihiwa_karwA,13.1;sakarmaka	-	1	05	006	mahABArawam	mOsalaparvaH	-
16.1	rAma	-	rAma	rA1{karwari;lot;u;bahu;parasmEpaxI;axAxiH}/rAma{puM;8;eka}	rAma{puM;8;eka}	samboXyaH,15.1	samboXyaH,20.1#samboXyaH,15.1#samboXyaH,5.1#samboXyaH,3.1	1	05	006	mahABArawam	mOsalaparvaH	-
17.1	yAvaw	-	yAvaw	yAvaw{avya}	yAvaw{avya}	sambanXaH,20.1	-	1	05	006	mahABArawam	mOsalaparvaH	-
18.1	swriyaH	-	swriyaH	swrI{swrI;1;bahu}/swrI{swrI;2;bahu}/swrI{swrI;8;bahu}	swrI{swrI;2;bahu}	karma,20.1	karma,20.1#karma,16.1#karma,15.1	1	05	006	mahABArawam	mOsalaparvaH	-
19.1	jFAwi-	-	jFAwi-vaSAH	jFAwi	jFAwi	samAsaH,19.2	samAsaH,19.2	1	05	006	mahABArawam	mOsalaparvaH	-
19.2	vaSAH	-	--	vaSa{puM;1;bahu}/vaSA{swrI;1;bahu}/vaSA{swrI;2;bahu}/vaSa{puM;8;bahu}/vaSA{swrI;8;bahu}	vaSA{swrI;2;bahu}	karmasamAnAXikaraNam,19.2	viSeRaNam,18.1#karma,20.1#karma,16.1#karma,15.1	1	05	006	mahABArawam	mOsalaparvaH	-
2.1	xqRtvA	-	xqRtvA	xqS1{avya;kwvA;BvAxiH}	xqS1{avya;kwvA;BvAxiH}	pUrvakAlaH,5.1	pUrvakAlaH,20.1#pUrvakAlaH,16.1#pUrvakAlaH,15.1#pUrvakAlaH,5.1#pUrvakAlaH,3.1	1	05	006	mahABArawam	mOsalaparvaH	-
20.1	karomi	-	karomi	kq3{karwari;lat;u;eka;parasmEpaxI;wanAxiH}	kq3{karwari;lat;u;eka;parasmEpaxI;wanAxiH}	aBihiwa_karwA	-	1	05	006	mahABArawam	mOsalaparvaH	-
21.1	.	-	.	-	-	-	-	1	05	006	mahABArawam	mOsalaparvaH	-
3.1	nihawam	-	nihawam	ni_han1{karwari;lot;ma;xvi;parasmEpaxI;axAxiH}/nihawa{puM;2;eka(ni_han1;kwa;axAxiH)}/nihawa{napuM;1;eka(ni_han1;kwa;axAxiH)}/nihawa{napuM;2;eka(ni_han1;kwa;axAxiH)}	nihawa{puM;2;eka(ni_han1;kwa;axAxiH)}	viSeRaNam,4.1	viSeRaNam,14.1#viSeRaNam,7.1#muKyakarma,5.1#karma,2.1#viSeRaNam,13.1#karwA,5.1#viSeRaNam,9.1#viSeRaNam,8.1#viSeRaNam,4.1#gONakarma,5.1	1	05	006	mahABArawam	mOsalaparvaH	-
4.1	baBrum	-	baBrum	baBru{puM;2;eka}	baBru{puM;2;eka}	karma,5.1	viSeRaNam,14.1#viSeRaNam,9.1#viSeRaNam,8.1#viSeRaNam,3.1#muKyakarma,5.1#karma,3.1#karma,2.1#gONakarma,5.1	1	05	006	mahABArawam	mOsalaparvaH	-
5.1	Aha	-	Aha	brU1{karwari;lit;pra;eka;AwmanepaxI;axAxiH}	brU1{karwari;lit;pra;eka;AwmanepaxI;axAxiH}	aBihiwa_karwA,6.1;sakarmaka	-	1	05	006	mahABArawam	mOsalaparvaH	-
6.1	kqRNaH	-	kqRNaH	kqRNa{puM;1;eka}	kqRNa{puM;1;eka}	karwA,5.1;karwA,2.1	viSeRaNam,13.1#karwA,5.1	1	05	006	mahABArawam	mOsalaparvaH	-
7.1	vAkyam	-	vAkyam	vAkya{napuM;1;eka}/vAkya{napuM;2;eka}	vAkya{napuM;2;eka}	muKyakarma,5.1	muKyakarma,5.1#karma,3.1#karma,2.1#viSeRaNam,13.1#karwA,5.1	1	05	006	mahABArawam	mOsalaparvaH	-
8.1	BrAwaram	-	BrAwaram	BrAwq{puM;2;eka}	BrAwq{puM;2;eka}	gONakarma,5.1	muKyakarma,5.1#karma,15.1#karma,3.1#karma,2.1#gONakarma,5.1	1	05	006	mahABArawam	mOsalaparvaH	-
9.1	agrajam	-	agrajam	agraja{puM;2;eka}	agraja{puM;2;eka}	viSeRaNam,5.1	muKyakarma,5.1#karma,16.1#karma,15.1#karma,3.1#karma,2.1#gONakarma,5.1	1	05	006	mahABArawam	mOsalaparvaH	-
1.1	wawaH	-	wawaH	wawaH{avya}	wawaH{avya}	sambanXaH,7.1	sambanXaH,11.1#sambanXaH,7.1#kArya_xyowakaH,11.1#kArya_xyowakaH,7.1#apAxAnam,15.1#apAxAnam,11.1	1	05	007	mahABArawam	mOsalaparvaH	-
10.1	BavAn	-	BavAn	Bava{puM;2;bahu}/Bavaw{sarvanAma;puM;1;eka}	Bava{puM;2;bahu}	karwA,11.1	viSeRaNam,5.1#karwA,11.1#karwA,7.1#karmasamAnAXikaraNam,13.1#karmasamAnAXikaraNam,12.1#karmasamAnAXikaraNam,9.1#karma,15.1#karma,11.1#karma,7.1#karma,4.1	1	05	007	mahABArawam	mOsalaparvaH	-
11.1	rakRawu	-	rakRawu	rakR1{karwari;lot;pra;eka;parasmEpaxI;BvAxiH}	rakR1{karwari;lot;pra;eka;parasmEpaxI;BvAxiH}	aBihiwa_karwA,10.1;sakarmaka	-	1	05	007	mahABArawam	mOsalaparvaH	-
12.1	naH	-	naH	asmax{sarvanAma;2;bahu}/asmax{sarvanAma;6;bahu}/asmax{sarvanAma;4;bahu}/nq{puM;8;eka}	asmax{sarvanAma;2;bahu}	RaRTIsambanXaH,9.1	sampraxAnam,7.1#prayojanam1,15.1#prayojanam1,11.1#prayojanam1,4.1#karwA,15.1#karma,15.1#RaRTIsambanXaH,14.1#RaRTIsambanXaH,13.1#RaRTIsambanXaH,10.1#RaRTIsambanXaH,9.1#RaRTIsambanXaH,8.1#RaRTIsambanXaH,7.1#RaRTIsambanXaH,6.1#RaRTIsambanXaH,5.1#RaRTIsambanXaH,3.1#RaRTIsambanXaH,2.1#karma,11.1#karma,7.1#karma,4.1	1	05	007	mahABArawam	mOsalaparvaH	-
13.1	samagrAH	-	samagrAH	samagra{puM;1;bahu}/samagrA{swrI;1;bahu}/samagrA{swrI;2;bahu}/samagra{puM;8;bahu}	samagrA{swrI;2;bahu}	viSeRaNam,9.1	karmasamAnAXikaraNam,12.1#karmasamAnAXikaraNam,10.1#karmasamAnAXikaraNam,9.1#karma,15.1#karma,11.1#karma,7.1#karma,4.1	1	05	007	mahABArawam	mOsalaparvaH	-
14.1	XanaFjayasya	-	XanaFjayasya	XanaFjaya{puM;6;eka}	XanaFjaya{puM;6;eka}	RaRTIsambanXaH,15.1	karwA,15.1#karma,15.1#RaRTIsambanXaH,13.1#RaRTIsambanXaH,12.1#RaRTIsambanXaH,10.1#RaRTIsambanXaH,9.1#RaRTIsambanXaH,8.1#RaRTIsambanXaH,7.1#RaRTIsambanXaH,6.1#RaRTIsambanXaH,5.1#RaRTIsambanXaH,3.1#RaRTIsambanXaH,2.1	1	05	007	mahABArawam	mOsalaparvaH	-
15.1	Agamanam	-	Agamanam	Agamana{napuM;1;eka(Af_gam1;lyut;BvAxiH)}/Agamana{napuM;2;eka(Af_gam1;lyut;BvAxiH)}	Agamana{napuM;1;eka(Af_gam1;lyut;BvAxiH)}	karma,16.1	karmasamAnAXikaraNam,8.1#karmasamAnAXikaraNam,6.1#karmasamAnAXikaraNam,3.1#karmasamAnAXikaraNam,2.1#karma,11.1#karma,4.1#karwA,11.1	1	05	007	mahABArawam	mOsalaparvaH	-
16.1	prawIkRan	-	prawIkRan	-	-	varwamAnasamAnakAlaH,11.1	varwamAnasamAnakAlaH,11.1	1	05	007	mahABArawam	mOsalaparvaH	-
17.1	.	-	.	-	-	-	-	1	05	007	mahABArawam	mOsalaparvaH	-
2.1	purIm	-	purIm	purI{swrI;2;eka}	purI{swrI;2;eka}	viSeRaNam,3.1	karmasamAnAXikaraNam,15.1#karmasamAnAXikaraNam,8.1#karmasamAnAXikaraNam,6.1#karmasamAnAXikaraNam,3.1#karma,7.1#karma,4.1	1	05	007	mahABArawam	mOsalaparvaH	-
3.1	xvAravawIm	-	xvAravawIm	xvAra{mawup;swrI;2;eka}	xvAra{mawup;swrI;2;eka}	karma,4.1	viSeRaNam,2.1#karmasamAnAXikaraNam,2.1#karma,7.1#karma,4.1	1	05	007	mahABArawam	mOsalaparvaH	-
4.1	praviSya	-	praviSya	pra_viS1{avya;lyap;wuxAxiH}	pra_viS1{avya;lyap;wuxAxiH}	pUrvakAlaH,7.1	pUrvakAlaH,11.1#pUrvakAlaH,7.1	1	05	007	mahABArawam	mOsalaparvaH	-
5.1	janArxanaH	-	janArxanaH	janArxana{puM;1;eka}	janArxana{puM;1;eka}	karwA,7.1;karwA,4.1	karwA,11.1#karwA,7.1	1	05	007	mahABArawam	mOsalaparvaH	-
6.1	piwaram	-	piwaram	piwq{puM;2;eka}	piwq{puM;2;eka}	gONakarma,7.1	karmasamAnAXikaraNam,15.1#karmasamAnAXikaraNam,8.1#karmasamAnAXikaraNam,3.1#karmasamAnAXikaraNam,2.1#karma,11.1#karma,7.1#karma,4.1	1	05	007	mahABArawam	mOsalaparvaH	-
7.1	prAha	-	prAha	prAha{puM;8;eka}/pra_brU1{karwari{lat;pra;eka;parasmEpaxI;axAxiH}	pra_brU1{karwari;lat;pra;eka;parasmEpaxI;axAxiH}	aBihiwa_karwA,8.1;sakarmaka	-	1	05	007	mahABArawam	mOsalaparvaH	-
8.1	vAkyam	-	vAkyam	vAkya{napuM;1;eka}/vAkya{napuM;2;eka}	vAkya{napuM;1;eka}	muKyakarma,7.1	karmasamAnAXikaraNam,15.1#karmasamAnAXikaraNam,6.1#karmasamAnAXikaraNam,3.1#karmasamAnAXikaraNam,2.1#karma,15.1#karma,11.1#karma,7.1#karma,4.1#karwA,11.1#karwA,7.1	1	05	007	mahABArawam	mOsalaparvaH	-
9.1	swriyaH	-	swriyaH	swrI{swrI;1;bahu}/swrI{swrI;2;bahu}/swrI{swrI;8;bahu}	swrI{swrI;2;bahu}	karma,11.1	karmasamAnAXikaraNam,13.1#karmasamAnAXikaraNam,12.1#karmasamAnAXikaraNam,10.1#karma,15.1#karma,11.1#karma,7.1#karma,4.1	1	05	007	mahABArawam	mOsalaparvaH	-
1.1	rAmaH	-	rAmaH	rA1{karwari;lat;u;bahu;parasmEpaxI;axAxiH}/rAma{puM;1;eka}	rAma{puM;1;eka}	karwA,5.1	karwA,5.1	2	05	007	mahABArawam	mOsalaparvaH	-
10.1	.	-	.	-	-	-	-	2	05	007	mahABArawam	mOsalaparvaH	-
2.1	vanAnwe	-	vanAnwe	vanAnwa{puM;7;eka}	vanAnwa{puM;7;eka}	aXikaraNam,3.1	aXikaraNam,8.1#aXikaraNam,5.1#aXikaraNam,3.1#aXikaraNam,1.1	2	05	007	mahABArawam	mOsalaparvaH	-
3.1	prawipAlayaw	-	prawipAlayaw	prawipAlayaw{napuM;1;eka(prawi_paN1;Sawq_lat;BvAxiH)}/prawipAlayaw{napuM;2;eka(prawi_paN1;Sawq_lat;BvAxiH)}	prawipAlayaw{napuM;2;eka(prawi_paN1;Sawq_lat;BvAxiH)}	viSeRaNam,4.1	viSeRaNam,4.1#karma,8.1#karma,1.1#varwamAnasamAnakAlaH,5.1#karwA,5.1	2	05	007	mahABArawam	mOsalaparvaH	-
4.1	mAm	-	mAm	asmax{sarvanAma;2;eka}	asmax{sarvanAma;2;eka}	-	karma,8.1#karma,1.1	2	05	007	mahABArawam	mOsalaparvaH	-
5.1	Aswe	-	Aswe	As1{karwari;lat;pra;eka;AwmanepaxI;axAxiH}	As1{karwari;lat;pra;eka;AwmanepaxI;axAxiH}	aBihiwa_karwA,1.1	-	2	05	007	mahABArawam	mOsalaparvaH	-
6.1	axya	-	axya	axya{avya}	axya{avya}	kAlAXikaraNam,5.1	kAlAXikaraNam,8.1#kAlAXikaraNam,5.1#kAlAXikaraNam,1.1	2	05	007	mahABArawam	mOsalaparvaH	-
7.1	aham	-	aham	asmax{sarvanAma;1;eka}	asmax{sarvanAma;1;eka}	viSeRaNam,1.1	viSeRaNam,1.1	2	05	007	mahABArawam	mOsalaparvaH	-
8.1	wena	-	wena	wax{sarvanAma;puM;3;eka}/wax{sarvanAma;napuM;3;eka}/wan1{karwari;lit;ma;bahu;parasmEpaxI;wanAxiH}	wax{sarvanAma;puM;3;eka}	hewuH,5.1	hewuH,5.1#hewuH,3.1#hewuH,1.1	2	05	007	mahABArawam	mOsalaparvaH	-
9.1	samAgamiRye	-	samAgamiRye	-	-	-	-	2	05	007	mahABArawam	mOsalaparvaH	-
1.1	xqRtam	-	xqRtam	xqRta{puM;2;eka(xqS1;kwa;BvAxiH)}/xqRta{napuM;1;eka(xqS1;kwa;BvAxiH)}/xqRta{napuM;2;eka(xqS1;kwa;BvAxiH)}	xqRta{puM;2;eka(xqS1;kwa;BvAxiH)}	-	karma,17.1	1	05	008	mahABArawam	mOsalaparvaH	-
10.1	na	-	na	na{avya}	na{avya}	prawiReXaH,21.1	prawiReXaH,20.1	1	05	008	mahABArawam	mOsalaparvaH	-
11.1	aham	-	aham	asmax{sarvanAma;1;eka}	asmax{sarvanAma;1;eka}	karwA,21.1	-	1	05	008	mahABArawam	mOsalaparvaH	-
12.1	vinA	-	vinA	vinA{avya}	vinA{avya}	vinArWa_xyowakaH,13.1	vinArWa_xyowakaH,13.1#vinArWa_xyowakaH,2.1	1	05	008	mahABArawam	mOsalaparvaH	-
13.1	yaxuBiH	-	yaxuBiH	yaxu{puM;3;bahu}	yaxu{puM;3;bahu}	vinArWaH,17.1	vinArWaH,20.1#vinArWaH,17.1#karwA,20.1#karaNam,17.1#hewuH,20.1#hewuH,17.1	1	05	008	mahABArawam	mOsalaparvaH	-
14.1	yAxavAnAm	-	yAxavAnAm	yAxava{puM;6;bahu}	yAxava{puM;6;bahu}	RaRTIsambanXaH,15.1	karma,17.1#RaRTIsambanXaH,15.1#RaRTIsambanXaH,13.1#RaRTIsambanXaH,6.1#RaRTIsambanXaH,5.1#RaRTIsambanXaH,4.1	1	05	008	mahABArawam	mOsalaparvaH	-
15.1	purIm	-	purIm	purI{swrI;2;eka}	purI{swrI;2;eka}	karma,17.1	karma,20.1#karma,17.1	1	05	008	mahABArawam	mOsalaparvaH	-
16.1	imAm	-	imAm	ixam{sarvanAma;swrI;2;eka}	ixam{sarvanAma;swrI;2;eka}	viSeRaNam,15.1	viSeRaNam,15.1#karma,20.1#karma,17.1	1	05	008	mahABArawam	mOsalaparvaH	-
17.1	xraRtum	-	xraRtum	xqS1{avya;wumun;BvAxiH}	xqS1{avya;wumun;BvAxiH}	wumunkarma,21.1	wumunkarma,20.1#wumunkarma,1.1#prayojanam1,20.1	1	05	008	mahABArawam	mOsalaparvaH	-
18.1	iha	-	iha	iha{avya}	iha{avya}	xeSAXikaraNam,17.1	xeSAXikaraNam,20.1#xeSAXikaraNam,17.1	1	05	008	mahABArawam	mOsalaparvaH	-
19.1	axya	-	axya	axya{avya}	axya{avya}	kAlAXikaraNam,21.1	kAlAXikaraNam,20.1#kAlAXikaraNam,17.1	1	05	008	mahABArawam	mOsalaparvaH	-
2.1	mayA	-	mayA	asmax{sarvanAma;3;eka}	asmax{sarvanAma;3;eka}	karwA,1.1	vinArWaH,20.1#vinArWaH,17.1#karwA,1.1#hewuH,20.1#hewuH,17.1	1	05	008	mahABArawam	mOsalaparvaH	-
20.1	SakwaH	-	SakwaH	Sakwa{puM;1;eka(Sak2;kwa;xivAxiH)}/Sakwa{puM;1;eka(Sak3;kwa;svAxiH)}	Sakwa{puM;1;eka(Sak3;kwa;svAxiH)}	viXeya_viSeRaNam,21.1	-	1	05	008	mahABArawam	mOsalaparvaH	-
21.1	(asmi)	-	asmi	as2{karwari;lat;u;eka;parasmEpaxI;axAxiH}	as2{karwari;lat;u;eka;parasmEpaxI;axAxiH}	aBihiwa_karwA,11.1,akarmaka	-	1	05	008	mahABArawam	mOsalaparvaH	-
22.1	.	-	.	-	-	-	-	1	05	008	mahABArawam	mOsalaparvaH	-
3.1	ixam	-	ixam	ixam{sarvanAma;napuM;1;eka}/ixam{sarvanAma;napuM;2;eka}	ixam{sarvanAma;napuM;1;eka}	viSeRaNam,4.1	viSeRaNam,8.1#viSeRaNam,1.1#karma,17.1#viSeRaNam,11.1	1	05	008	mahABArawam	mOsalaparvaH	-
4.1	niXanam	-	niXanam	niXana{puM;2;eka}	niXana{puM;2;eka}	karma,1.1	karma,17.1	1	05	008	mahABArawam	mOsalaparvaH	-
5.1	yaxUnAm	-	yaxUnAm	yaxu{puM;6;bahu}	yaxu{puM;6;bahu}	samucciwaH,9.2	sup_samucciwaH,6.1#karma,17.1#RaRTIsambanXaH,15.1#RaRTIsambanXaH,14.1#RaRTIsambanXaH,13.1#RaRTIsambanXaH,6.1#RaRTIsambanXaH,4.1	1	05	008	mahABArawam	mOsalaparvaH	-
6.1	rAjFAm	-	rAjFAm	rAjan{puM;6;bahu}	rAjan{puM;6;bahu}	RaRTIsambanXaH,4.1	karma,17.1#RaRTIsambanXaH,15.1#RaRTIsambanXaH,14.1#RaRTIsambanXaH,13.1#RaRTIsambanXaH,5.1#RaRTIsambanXaH,4.1	1	05	008	mahABArawam	mOsalaparvaH	-
7.1	ca	-	ca	ca{avya}	ca{avya}	samuccaya_xyowakaH6.1	sup_samuccaya_xyowakaH,6.1#sambanXaH,6.1	1	05	008	mahABArawam	mOsalaparvaH	-
8.1	pUrvam	-	pUrvam	pUrva{puM;2;eka}/pUrva{sarvanAma;puM;2;eka}/pUrva{sarvanAma;napuM;1;eka}/pUrva{sarvanAma;napuM;2;eka}	pUrva{sarvanAma;napuM;1;eka}	kriyAviSeRaNam,1.1	viSeRaNam,3.1#viSeRaNam,1.1#karma,17.1#kAlAXikaraNam,20.1#kAlAXikaraNam,17.1#aXikaraNam_upa,20.1#aXikaraNam_upa,17.1#viSeRaNam,11.1#viSeRaNam,4.1	1	05	008	mahABArawam	mOsalaparvaH	-
9.1	kuru-	-	kuru-pufgavAnAm	kuru	kuru	samAsaH,9.2	samAsaH,9.2	1	05	008	mahABArawam	mOsalaparvaH	-
9.2	pufgavAnAm	-	--	pufgava{puM;6;bahu}	pufgava{puM;6;bahu}	RaRTIsambanXaH,4.1	viSeRaNam,14.1#viSeRaNam,6.1#viSeRaNam,5.1#karma,17.1#RaRTIsambanXaH,15.1#RaRTIsambanXaH,14.1#RaRTIsambanXaH,13.1#RaRTIsambanXaH,6.1#RaRTIsambanXaH,5.1#RaRTIsambanXaH,4.1	1	05	008	mahABArawam	mOsalaparvaH	-
1.1	wapaH	-	wapaH	wapa{puM;1;eka}/wapas{napuM;1;eka}/wapas{napuM;2;eka}/wapas{napuM;8;eka}	wapas{napuM;2;eka}	karma,2.1	karmasamAnAXikaraNam,11.1#karmasamAnAXikaraNam,8.1#karmasamAnAXikaraNam,7.1#karmasamAnAXikaraNam,4.1#karma,3.1#karma,2.1#gONakarma,12.1	1	05	009	mahABArawam	mOsalaparvaH	-
10.1	iwi	-	iwi	iwi{avya}	iwi{avya}	vAkyakarma_xyowakaH,3.1	vAkyakarma_xyowakaH,3.1#vAkyakarma_xyowakaH,2.1	1	05	009	mahABArawam	mOsalaparvaH	-
11.1	ixam	-	ixam	ixam{sarvanAma;napuM;1;eka}/ixam{sarvanAma;napuM;2;eka}	ixam{sarvanAma;napuM;2;eka}	karma,12.1	viSeRaNam,8.1#viSeRaNam,7.1#viSeRaNam,4.1#viSeRaNam,1.1#karma,14.1#gONakarma,12.1	1	05	009	mahABArawam	mOsalaparvaH	-
12.1	ukwvA	-	ukwvA	vac1{avya;kwvA;axAxiH}	vac1{avya;kwvA;axAxiH}	pUrvakAlaH,18.1	pUrvakAlaH,19.1#pUrvakAlaH,18.1#pUrvakAlaH,14.1#pUrvakAlaH,3.1#pUrvakAlaH,2.1	1	05	009	mahABArawam	mOsalaparvaH	-
13.1	SirasA	-	SirasA	Siras{napuM;3;eka}	Siras{napuM;3;eka}	karaNam,16.1	sahArWaH,19.1#sahArWaH,18.1#sahArWaH,16.1#sahArWaH,14.1#sahArWaH,12.1#sahArWaH,3.1#sahArWaH,2.1#karaNam,19.1#karaNam,2.1#hewuH,19.1#hewuH,18.1#hewuH,16.1#hewuH,14.1#hewuH,12.1#hewuH,3.1#hewuH,2.1	1	05	009	mahABArawam	mOsalaparvaH	-
14.1	asya	-	asya	ixam{sarvanAma;puM;6;eka}/ixam{sarvanAma;napuM;6;eka}/as3{karwari;lot;ma;eka;parasmEpaxI;xivAxiH}	ixam{sarvanAma;puM;6;eka}	RaRTIsambanXaH,13.1	viSeRaNam,5.1#RaRTIsambanXaH,15.1#RaRTIsambanXaH,13.1#RaRTIsambanXaH,8.1#RaRTIsambanXaH,7.1#RaRTIsambanXaH,6.1	1	05	009	mahABArawam	mOsalaparvaH	-
15.1	pAxO	-	pAxO	pAxa{puM;1;xvi}/pAxa{puM;2;xvi}/pAxa{puM;8;xvi}	pAxa{puM;2;xvi}	karma,16.1	muKyakarma,12.1#karma,19.1#karma,14.1#gONakarma,12.1	1	05	009	mahABArawam	mOsalaparvaH	-
16.1	saMspqSya	-	saMspqSya	sam_spqS1{avya;lyap;wuxAxiH}	sam_spqS1{avya;lyap;wuxAxiH}	pUrvakAlaH,19.1	pUrvakAlaH,19.1#pUrvakAlaH,18.1#pUrvakAlaH,14.1#pUrvakAlaH,3.1#pUrvakAlaH,2.1	1	05	009	mahABArawam	mOsalaparvaH	-
17.1	kqRNaH	-	kqRNaH	kqRNa{puM;1;eka}	kqRNa{puM;1;eka}	karwA,19.1	viSeRaNam,18.1#karwA,19.1	1	05	009	mahABArawam	mOsalaparvaH	-
18.1	wvariwaH	-	wvariwaH	wvari{avya;wasil}/wvariwa{puM;1;eka(wvar1;kwa;BvAxiH)}	wvariwa{puM;1;eka(wvar1;kwa;BvAxiH)}	viSeRaNam,17.1	viSeRaNam,17.1#karwA,19.1#hewuH5,16.1#hewuH5,14.1#hewuH5,12.1#hewuH5,3.1#apAxAnam,19.1#apAxAnam,3.1#apAxAnam,2.1	1	05	009	mahABArawam	mOsalaparvaH	-
19.1	jagAma	-	jagAma	gam1{karwari;lit;pra;eka;parasmEpaxI;BvAxiH}/gam1{karwari;lit;u;eka;parasmEpaxI;BvAxiH}	gam1{karwari;lit;pra;eka;parasmEpaxI;BvAxiH}	aBihiwa_karwA,17.1;sakarmaka	-	1	05	009	mahABArawam	mOsalaparvaH	-
2.1	cariRyAmi	-	cariRyAmi	car1{karwari;lqt;u;eka;parasmEpaxI;BvAxiH}	car1{karwari;lqt;u;eka;parasmEpaxI;BvAxiH}	aBihiwa_karwA,1.1;sakarmaka	vAkyakarma,12.1	1	05	009	mahABArawam	mOsalaparvaH	-
20.1	.	-	.	-	-	-	-	1	05	009	mahABArawam	mOsalaparvaH	-
3.1	niboXa	-	niboXa	ni_buX1{karwari;lot;ma;eka;parasmEpaxI;BvAxiH}/ni_buX2{karwari{lot;ma;eka;parasmEpaxI;BvAxiH}	ni_buX1{karwari;lot;ma;eka;parasmEpaxI;BvAxiH}	vAkyakarma,12.1	vAkyakarma,12.1	1	05	009	mahABArawam	mOsalaparvaH	-
4.1	waw	-	waw	wax{sarvanAma;napuM;1;eka}/wax{sarvanAma;napuM;2;eka}	wax{sarvanAma;napuM;2;eka}	karma,3.1	viSeRaNam,8.1#viSeRaNam,7.1#viSeRaNam,1.1#karma,3.1#karma,2.1#gONakarma,12.1	1	05	009	mahABArawam	mOsalaparvaH	-
5.1	me	-	me	asmax{sarvanAma;6;eka}/asmax{sarvanAma;4;eka}	asmax{sarvanAma;6;eka}	RaRTIsambanXaH,4.1	sampraxAnam,12.1#sampraxAnam,3.1#prayojanam1,19.1#prayojanam1,18.1#prayojanam1,16.1#prayojanam1,14.1#prayojanam1,3.1#prayojanam1,2.1#RaRTIsambanXaH,15.1#RaRTIsambanXaH,13.1#RaRTIsambanXaH,8.1#RaRTIsambanXaH,7.1#RaRTIsambanXaH,6.1	1	05	009	mahABArawam	mOsalaparvaH	-
6.1	rAmeNa	-	rAmeNa	rAma{puM;3;eka}	rAma{puM;3;eka}	sahArWaH,3.1	sahArWaH,19.1#sahArWaH,18.1#sahArWaH,16.1#sahArWaH,14.1#sahArWaH,12.1#sahArWaH,3.1#sahArWaH,2.1#hewuH,19.1#hewuH,18.1#hewuH,16.1#hewuH,14.1#hewuH,12.1#hewuH,3.1#hewuH,2.1	1	05	009	mahABArawam	mOsalaparvaH	-
7.1	sArXam	-	sArXam	sArXam{avya}/sArXa{puM;2;eka}/sArXa{napuM;1;eka}/sArXa{napuM;2;eka}	sArXa{puM;2;eka}	sahArWa_xyowakaH,6.1	karmasamAnAXikaraNam,11.1#karmasamAnAXikaraNam,8.1#karmasamAnAXikaraNam,4.1#karma,14.1#karma,3.1#karma,2.1#gONakarma,12.1#muKyakarma,12.1#sahArWa_xyowakaH,13.1#sahArWa_xyowakaH,6.1	1	05	009	mahABArawam	mOsalaparvaH	-
8.1	vanam	-	vanam	vana{napuM;1;eka}/vana{napuM;2;eka}	vana{napuM;2;eka}	viXeya_viSeRaNam,7.1	karmasamAnAXikaraNam,11.1#karmasamAnAXikaraNam,7.1#karmasamAnAXikaraNam,4.1#karma,14.1#karma,3.1#karma,2.1#gONakarma,12.1	1	05	009	mahABArawam	mOsalaparvaH	-
9.1	aByupewya	-	aByupewya	-	-	pUrvakAlaH,19.1	-	1	05	009	mahABArawam	mOsalaparvaH	-
1.1	wawaH	-	wawaH	wawaH{avya}	wawaH{avya}	sambanXaH,4.1	sambanXaH,9.1#sambanXaH,4.1#kArya_xyowakaH,9.1#kArya_xyowakaH,4.1#apAxAnam,13.1	1	05	010	mahABArawam	mOsalaparvaH	-
10.1	keSavaH	-	keSavaH	keSava{puM;1;eka}	keSava{puM;1;eka}	karwA,9.1;karwA,13.1	karwA,9.1#karwA,4.1	1	05	010	mahABArawam	mOsalaparvaH	-
11.1	sannivarwya	-	sannivarwya	-	-	pUrvakAlaH,9.1	-	1	05	010	mahABArawam	mOsalaparvaH	-
12.1	Sabxam	-	Sabxam	Sabxa{puM;2;eka}	Sabxa{puM;2;eka}	karma,13.1	muKyakarma,9.1#karma,13.1#gONakarma,9.1	1	05	010	mahABArawam	mOsalaparvaH	-
13.1	SruwvA	-	SruwvA	Sru1{avya;kwvA;BvAxiH}	Sru1{avya;kwvA;BvAxiH}	pUrvakAlaH,9.1	pUrvakAlaH,9.1	1	05	010	mahABArawam	mOsalaparvaH	-
14.1	yoRiwAm	-	yoRiwAm	yoRiw{swrI;6;bahu}	yoRiw{swrI;6;bahu}	RaRTIsambanXaH,12.1	RaRTIsambanXaH,12.1#RaRTIsambanXaH,10.1#RaRTIsambanXaH,6.1#RaRTIsambanXaH,5.3#RaRTIsambanXaH,3.1	1	05	010	mahABArawam	mOsalaparvaH	-
15.1	kroSawInAm	-	kroSawInAm	-	-	viSeRaNam,14.1	-	1	05	010	mahABArawam	mOsalaparvaH	-
16.1	.	-	.	-	-	-	-	1	05	010	mahABArawam	mOsalaparvaH	-
2.1	mahAn	-	mahAn	mahaw{puM;1;eka}	mahaw{puM;1;eka}	wIvrawAxarSI,3.1	wIvrawAxarSI,3.1#viSeRaNam,10.1#viSeRaNam,3.1	1	05	010	mahABArawam	mOsalaparvaH	-
3.1	ninaxaH	-	ninaxaH	ninaxa{puM;1;eka}	ninaxa{puM;1;eka}	karwA,4.1	viSeRaNam,10.1#karwA,9.1#karwA,4.1	1	05	010	mahABArawam	mOsalaparvaH	-
4.1	prAxurAsIw	-	prAxurAsIw	pra_Af_xus_as2{karwari;laf;pra;eka;parasmEpaxI;axAxiH}	pra_Af_xus_as2{karwari;laf;pra;eka;parasmEpaxI;axAxiH}	aBihiwa_karwA,3.1;sakarmaka	-	1	05	010	mahABArawam	mOsalaparvaH	-
5.1	sa-	-	sa-swrI-kumArasya	sa	sa	samAsaH,5.2	samAsaH,5.2	1	05	010	mahABArawam	mOsalaparvaH	-
5.2	swrI-	-	--	swrI	swrI	samAsaH,5.3	samAsaH,5.3	1	05	010	mahABArawam	mOsalaparvaH	-
5.3	kumArasya	-	--	kumAra{puM;6;eka}/kumAra{napuM;6;eka}	kumAra{puM;6;eka}	RaRTIsambanXaH,3.1	viSeRaNam,7.1#viSeRaNam,6.1#RaRTIsambanXaH,14.1#RaRTIsambanXaH,12.1#RaRTIsambanXaH,10.1#RaRTIsambanXaH,6.1#RaRTIsambanXaH,3.1	1	05	010	mahABArawam	mOsalaparvaH	-
6.1	purasya	-	purasya	pura{napuM;6;eka}	pura{napuM;6;eka}	RaRTIsambanXaH,5.3	RaRTIsambanXaH,14.1#RaRTIsambanXaH,12.1#RaRTIsambanXaH,10.1#RaRTIsambanXaH,5.3#RaRTIsambanXaH,3.1	1	05	010	mahABArawam	mOsalaparvaH	-
7.1	wasya	-	wasya	wax{sarvanAma;napuM;6;eka}/wax{sarvanAma;puM;6;eka}	wax{sarvanAma;napuM;6;eka}	viSeRaNam,6.1	viSeRaNam,5.3#RaRTIsambanXaH,14.1#RaRTIsambanXaH,12.1#RaRTIsambanXaH,10.1#RaRTIsambanXaH,6.1#RaRTIsambanXaH,5.3#RaRTIsambanXaH,3.1#viSeRaNam,6.1	1	05	010	mahABArawam	mOsalaparvaH	-
8.1	aWa	-	aWa	aWa{avya}	aWa{avya}	sambanXaH,9.1	viroXa_xyowakaH,9.1#sambanXaH,9.1	1	05	010	mahABArawam	mOsalaparvaH	-
9.1	abravIw	-	abravIw	brU1{karwari;laf;pra;eka;parasmEpaxI;axAxiH}	brU1{karwari;laf;pra;eka;parasmEpaxI;axAxiH}	aBihiwa_karwA,10.1;sakarmaka	viroXakaH,4.1	1	05	010	mahABArawam	mOsalaparvaH	-
1.1	pUrIm	-	pUrIm	pUrI{swrI;2;eka}	pUrI{swrI;2;eka}	karma,3.1	karma,11.1#karma,8.1#karma,3.1#Bkarma,19.1	1	05	011	mahABArawam	mOsalaparvaH	-
10.1	wawaH	-	wawaH	wawaH{avya}	wawaH{avya}	sambanXaH,14.1	sambanXaH,17.1#sambanXaH,14.1#sambanXaH,4.1#kArya_xyowakaH,14.1#apAxAnam,19.1#apAxAnam,11.1#apAxAnam,8.1#apAxAnam,3.1	1	05	011	mahABArawam	mOsalaparvaH	-
11.1	gawvA	-	gawvA	gam1{avya;kwvA;BvAxiH}	gam1{avya;kwvA;BvAxiH}	pUrvakAlaH,14.1	pUrvakAlaH,17.1#pUrvakAlaH,14.1#pUrvakAlaH,8.1#pUrvakAlaH,3.1	1	05	011	mahABArawam	mOsalaparvaH	-
12.1	keSavaH	-	keSavaH	keSava{puM;1;eka}	keSava{puM;1;eka}	karwA,14.1	prayojakakarwA,8.1#karwA,14.1	1	05	011	mahABArawam	mOsalaparvaH	-
13.1	wam	-	wam	wax{sarvanAma;puM;2;eka}	wax{sarvanAma;puM;2;eka}	viSeRaNam,15.1	viSeRaNam,18.1#viSeRaNam,17.1#viSeRaNam,15.1#karma,14.1#karma,11.1#karma,8.1#Bkarma,19.1	1	05	011	mahABArawam	mOsalaparvaH	-
14.1	xaxarSa	-	xaxarSa	xqS1{karwari;lit;pra;eka;parasmEpaxI;BvAxiH}/xqS1{karwari;lit;u;eka;parasmEpaxI;BvAxiH}	xqS1{karwari;lit;pra;eka;parasmEpaxI;BvAxiH}	aBihiwa_karwA,12.1;sakarmaka	-	1	05	011	mahABArawam	mOsalaparvaH	-
15.1	rAmam	-	rAmam	rAma{puM;2;eka}	rAma{puM;2;eka}	karma,14.1	karma,14.1#karma,11.1#karma,8.1#Bkarma,19.1	1	05	011	mahABArawam	mOsalaparvaH	-
16.1	vane	-	vane	vani{puM;8;eka}/vana{napuM;7;eka}	vana{napuM;7;eka}	xeSAXikaraNam,14.1	aXikaraNam,19.1#aXikaraNam,17.1#aXikaraNam,14.1#aXikaraNam,11.1#aXikaraNam,8.1#aXikaraNam,4.1#aXikaraNam,3.1#BkarwA,19.1	1	05	011	mahABArawam	mOsalaparvaH	-
17.1	sWiwam	-	sWiwam	sWiwa{puM;2;eka(RWA1;kwa;BvAxiH)}/sWiwa{napuM;1;eka(RWA1;kwa;BvAxiH)}/sWiwa{napuM;2;eka(RWA1;kwa;BvAxiH)}	sWiwa{puM;2;eka(RWA1;kwa;BvAxiH)}	viSeRaNam,15.1	viSeRaNam,18.1#karma,14.1#karma,11.1#karwA,14.1#viSeRaNam,15.1#viSeRaNam,13.1	1	05	011	mahABArawam	mOsalaparvaH	-
18.1	ekam	-	ekam	eka{saMKyeyam;puM;2;eka}/eka{saMKyeyam;napuM;1;eka}/eka{saMKyeyam;napuM;2;eka}/eka{saMKyA;napuM;1;eka}/eka{saMKyA;napuM;2;eka}	eka{saMKyeyam;puM;2;eka}	viSeRaNam,15.1	viSeRaNam,17.1#karma,14.1#karma,11.1#Bkarma,19.1#karwA,14.1#viSeRaNam,15.1#viSeRaNam,13.1	1	05	011	mahABArawam	mOsalaparvaH	-
19.1	vivikwe	-	vivikwe	vivikwa{puM;7;eka(vi_vic1;kwa;ruXAxiH)}/vivikwa{napuM;7;eka(vi_vic1;kwa;ruXAxiH)}	vivikwa{puM;7;eka(vi_vic1;kwa;ruXAxiH)}	viSeRaNam,16.1	viSeRaNam,16.1#aXikaraNam,11.1#BAvalakRaNasapwamI_pUrvakAlaH,17.1#BAvalakRaNasapwamI_pUrvakAlaH,14.1#BAvalakRaNasapwamI_pUrvakAlaH,8.1#BAvalakRaNasapwamI_pUrvakAlaH,3.1	1	05	011	mahABArawam	mOsalaparvaH	-
2.1	imAm	-	imAm	ixam{sarvanAma;swrI;2;eka}	ixam{sarvanAma;swrI;2;eka}	viSeRaNam,1.1	viSeRaNam,1.1#karma,11.1#karma,8.1#karma,3.1#Bkarma,19.1	1	05	011	mahABArawam	mOsalaparvaH	-
20.1	.	-	.	-	-	-	-	1	05	011	mahABArawam	mOsalaparvaH	-
3.1	eRyawi	-	eRyawi	i1{karwari;lqt;pra;eka;parasmEpaxI;axAxiH}	i1{karwari;lqt;pra;eka;parasmEpaxI;axAxiH}	aBihiwa_karwA,4.2;sakarmaka	-	1	05	011	mahABArawam	mOsalaparvaH	-
4.1	savya-	-	savya-sAcI	savya(RU1;yaw;axAxiH)}/savya(RU3{yaw;wuxAxiH)}/savya(Ru2{yaw;axAxiH)}/savya(Ru3{yaw;svAxiH)	savya(RU1;yaw;axAxiH)	samAsaH,4.2	samAsaH,4.2	1	05	011	mahABArawam	mOsalaparvaH	-
4.2	sAcI	-	--	sAci{puM;8;xvi}/sAci{puM;1;xvi}/sAci{puM;2;xvi}	sAci{puM;2;xvi}	karwA,3.1	karma,11.1#karma,8.1#karma,3.1#Bkarma,19.1	1	05	011	mahABArawam	mOsalaparvaH	-
5.1	saH	-	saH	wax{sarvanAma;puM;1;eka}	wax{sarvanAma;puM;1;eka}	viSeRaNam,4.2	viSeRaNam,12.1#viSeRaNam,9.2#prayojakakarwA,8.1#karwA,3.1	1	05	011	mahABArawam	mOsalaparvaH	-
6.1	vaH	-	vaH	yuRmax{sarvanAma;2;bahu}/yuRmax{sarvanAma;6;bahu}/yuRmax{sarvanAma;4;bahu}	yuRmax{sarvanAma;6;bahu}	karma,8.1	prayojanam1,19.1#prayojanam1,17.1#prayojanam1,14.1#prayojanam1,11.1#prayojanam1,8.1#prayojanam1,4.1#prayojanam1,3.1#RaRTIsambanXaH,18.1#RaRTIsambanXaH,16.1#RaRTIsambanXaH,15.1#RaRTIsambanXaH,12.1#RaRTIsambanXaH,9.2#RaRTIsambanXaH,4.2#BkarwA,19.1#karma,11.1#karma,8.1#karma,3.1#Bkarma,19.1	1	05	011	mahABArawam	mOsalaparvaH	-
7.1	xuHKAw	-	xuHKAw	xuHKa{napuM;5;eka}	xuHKa{napuM;5;eka}	apAxAnam,8.1	hewuH5,19.1#hewuH5,17.1#hewuH5,14.1#hewuH5,11.1#hewuH5,8.1#hewuH5,4.1#hewuH5,3.1#apAxAnam,19.1#apAxAnam,11.1#apAxAnam,8.1#apAxAnam,3.1	1	05	011	mahABArawam	mOsalaparvaH	-
8.1	mocayiwA	-	mocayiwA	muc2{Nic;karwari;lut;pra;eka;parasmEpaxI;wuxAxiH}/muc2{Nic;karwari;lut;pra;eka;AwmanepaxI;wuxAxiH}	muc2{Nic;karwari;lut;pra;eka;parasmEpaxI;wuxAxiH}	aBihiwa_karwA,4.2;sakarmaka	-	1	05	011	mahABArawam	mOsalaparvaH	-
9.1	nara-	-	nara-agryaH	nara	nara	samAsaH,9.2	samAsaH,9.2	1	05	011	mahABArawam	mOsalaparvaH	-
9.2	agryaH	-	--	agrya{puM;1;eka}	agrya{puM;1;eka}	viSeRaNam,4.2	viSeRaNam,12.1#viSeRaNam,5.1#prayojakakarwA,8.1#karwA,14.1#karwA,3.1	1	05	011	mahABArawam	mOsalaparvaH	-
1.1	aWa	-	aWa	aWa{avya}	aWa{avya}	sambanXaH,2.1	sambanXaH,10.1#sambanXaH,2.1	1	05	012	mahABArawam	mOsalaparvaH	-
10.1	yayO	-	yayO	yA1{karwari;lit;pra;eka;parasmEpaxI;axAxiH}/yA1{karwari;lit;u;eka;parasmEpaxI;axAxiH}/yayi{puM;7;eka}	yA1{karwari;lit;pra;eka;parasmEpaxI;axAxiH}	aBihiwa_karwA,11.1;sakarmaka	aXikaraNam,3.2#aXikaraNam,2.1	1	05	012	mahABArawam	mOsalaparvaH	-
11.1	saH	-	saH	wax{sarvanAma;puM;1;eka}	wax{sarvanAma;puM;1;eka}	karwA,10.1	viSeRaNam,16.2#viSeRaNam,14.2#karwA,10.1	1	05	012	mahABArawam	mOsalaparvaH	-
12.1	wawaH	-	wawaH	wawaH{avya}	wawaH{avya}	sambanXaH,10.1	sambanXaH,3.2#sambanXaH,2.1#apAxAnam,10.1	1	05	012	mahABArawam	mOsalaparvaH	-
13.1	prekRyamANaH	-	prekRyamANaH	-	-	viSeRaNam,11.1	-	1	05	012	mahABArawam	mOsalaparvaH	-
14.1	mahaw-	-	mahaw-arNavaH	mahaw	mahaw	samAsaH,14.2	samAsaH,14.2	1	05	012	mahABArawam	mOsalaparvaH	-
14.2	arNavaH	-	--	arNava{puM;1;eka}	arNava{puM;1;eka}	viSeRaNam,11.1	viSeRaNam,16.2#viSeRaNam,11.1#karwA,10.1	1	05	012	mahABArawam	mOsalaparvaH	-
15.1	yena	-	yena	yena{avya}/yax{sarvanAma;puM;3;eka}/yax{sarvanAma;napuM;3;eka}	yax{sarvanAma;puM;3;eka}	karaNam,14.2	sahArWaH,3.2#niwya_sambanXaH1,4.1#karaNam,10.1#karaNam,3.2#karaNam,2.1#hewuH,10.1#hewuH,3.2#hewuH,2.1#niwya_sambanXaH1,11.1	1	05	012	mahABArawam	mOsalaparvaH	-
16.1	mahaw-	-	mahaw-anuBAvaH	mahaw	mahaw	samAsaH,16.2	samAsaH,16.2	1	05	012	mahABArawam	mOsalaparvaH	-
16.2	anuBAvaH	-	--	anuBAva{puM;1;eka}	anuBAva{puM;1;eka}	viSeRaNam,11.1	viSeRaNam,14.2#viSeRaNam,11.1#karwA,10.1	1	05	012	mahABArawam	mOsalaparvaH	-
17.1	.	-	.	-	-	-	-	1	05	012	mahABArawam	mOsalaparvaH	-
2.1	apaSyaw	-	apaSyaw	xqS1{karwari;laf;pra;eka;parasmEpaxI;BvAxiH}	xqS1{karwari;laf;pra;eka;parasmEpaxI;BvAxiH}	aBihiwa_karwA,5.1;sakarmaka	aBihiwa_karwA,5.1;sakarmaka	1	05	012	mahABArawam	mOsalaparvaH	-
3.1	yoga-	-	yoga-yukwasya	yoga	yoga	samAsaH,3.2	samAsaH,3.2	1	05	012	mahABArawam	mOsalaparvaH	-
3.2	yukwasya	-	--	yukwa{puM;6;eka(yuj1;kwa;xivAxiH)}/yukwa{napuM;6;eka(yuj1;kwa;xivAxiH)}/yukwa{puM;6;eka(yuj2;kwa;ruXAxiH)}/yukwa{napuM;6;eka(yuj2;kwa;ruXAxiH)}	yukwa{puM;6;eka(yuj1;kwa;xivAxiH)}	RaRTIsambanXaH,6.1	viSeRaNam,4.1#RaRTIsambanXaH,16.2#RaRTIsambanXaH,14.2#RaRTIsambanXaH,10.1#RaRTIsambanXaH,6.1#RaRTIsambanXaH,5.1#BAvalakRaNasapwamI_pUrvakAlaH,10.1#BAvalakRaNasapwamI_pUrvakAlaH,2.1	1	05	012	mahABArawam	mOsalaparvaH	-
4.1	wasya	-	wasya	wax{sarvanAma;napuM;6;eka}/wax{sarvanAma;puM;6;eka}	wax{sarvanAma;napuM;6;eka}	viSeRaNam,6.1	viSeRaNam,3.2#RaRTIsambanXaH,16.2#RaRTIsambanXaH,14.2#RaRTIsambanXaH,10.1#RaRTIsambanXaH,6.1#RaRTIsambanXaH,5.1#BkarwA,3.2	1	05	012	mahABArawam	mOsalaparvaH	-
5.1	nAgam	-	nAgam	nAga{puM;2;eka}/nAga{napuM;1;eka}/nAga{napuM;2;eka}	nAga{napuM;1;eka}	karma,2.1	karma,10.1#karma,2.1#Bkarma,3.2#karwA,10.1#karwA,2.1	1	05	012	mahABArawam	mOsalaparvaH	-
6.1	muKAw	-	muKAw	muKa{puM;2;bahu}	muKa{puM;2;bahu}	apAxAnam,2.1	karma,10.1#karma,2.1	1	05	012	mahABArawam	mOsalaparvaH	-
7.1	niHsaranwam	-	niHsaranwam	-	-	viSeRaNam,5.1	-	1	05	012	mahABArawam	mOsalaparvaH	-
8.1	mahAnwam	-	mahAnwam	mahaw{puM;2;eka}	mahaw{puM;2;eka}	viSeRaNam,5.1	wIvrawAxarSI,9.1#viSeRaNam,9.1#viSeRaNam,5.1#karma,10.1#karma,2.1	1	05	012	mahABArawam	mOsalaparvaH	-
9.1	Svewam	-	Svewam	Svewa{puM;2;eka}/Svewa{napuM;1;eka}/Svewa{napuM;2;eka}	Svewa{puM;2;eka}	viSeRaNam,5.1	viSeRaNam,5.1#karma,10.1#karma,2.1#karwA,10.1#karwA,2.1#viSeRaNam,8.1	1	05	012	mahABArawam	mOsalaparvaH	-
1.1	sahasra-	-	sahasra-SIrRaH	sahasra	sahasra	samAsaH,1.2	samAsaH,1.2	1	05	013	mahABArawam	mOsalaparvaH	-
1.2	SIrRaH	-	--	SIrRa{puM;1;eka}	SIrRa{puM;1;eka}	karwA,7.1	viSeRaNam,11.1#viSeRaNam,3.2#viSeRaNam,2.3#sup_samucciwaH,15.1	1	05	013	mahABArawam	mOsalaparvaH	-
10.1	wam	-	wam	wax{sarvanAma;puM;2;eka}	wax{sarvanAma;puM;2;eka}	karma,12.1	viSeRaNam,5.1#sup_samucciwaH,15.1	1	05	013	mahABArawam	mOsalaparvaH	-
11.1	sAgaraH	-	sAgaraH	sAgara{puM;1;eka}	sAgara{puM;1;eka}	karwA,12.1	sup_samucciwaH,15.1	1	05	013	mahABArawam	mOsalaparvaH	-
12.1	prawyagqhNAn	-	prawyagqhNAn	-	-	aBihiwa_karwA,11.1,sakarmaka	-	1	05	013	mahABArawam	mOsalaparvaH	-
13.1	nAgAH	-	nAgAH	nAga{puM;1;bahu}/nAga{puM;8;bahu}	nAga{puM;1;bahu}	samucciwaH,11.1	sup_samucciwaH,15.1	1	05	013	mahABArawam	mOsalaparvaH	-
14.1	xivyAH	-	xivyAH	xivya{puM;1;bahu}/xivyA{swrI;1;bahu}/xivyA{swrI;2;bahu}/xivya{puM;8;bahu}	xivya{puM;1;bahu}	viSeRaNam,13.1	viSeRaNam,13.1#sup_samucciwaH,15.1	1	05	013	mahABArawam	mOsalaparvaH	-
15.1	sariwaH	-	sariwaH	sari{avya;wasil}/sariw{swrI;1;bahu}/sariw{swrI;2;bahu}/sariw{swrI;5;eka}/sariw{swrI;6;eka}/sariw{swrI;8;bahu}	sari{avya;wasil}	samucciwaH,11.1	RaRTIsambanXaH,17.1#RaRTIsambanXaH,14.1#RaRTIsambanXaH,13.1#RaRTIsambanXaH,11.1#RaRTIsambanXaH,3.2#RaRTIsambanXaH,2.3#hewuH5,7.1	1	05	013	mahABArawam	mOsalaparvaH	-
16.1	cEva	-	cEva	cEva{avya}	cEva{avya}	samuccaya_xyowakaH,15.1	sup_samuccaya_xyowakaH,15.1#sambanXaH,15.1	1	05	013	mahABArawam	mOsalaparvaH	-
17.1	puNyAH	-	puNyAH	puNyA{swrI;1;bahu}/puNyA{swrI;2;bahu}/puNyA{swrI;8;bahu}	puNyA{swrI;1;bahu}	viSeRaNam,15.1	-	1	05	013	mahABArawam	mOsalaparvaH	-
18.1	.	-	.	-	-	-	-	1	05	013	mahABArawam	mOsalaparvaH	-
2.1	parvawa-	-	parvawa-ABoga-varRmA	parvawa	parvawa	samAsaH,2.2	samAsaH,2.2	1	05	013	mahABArawam	mOsalaparvaH	-
2.2	ABoga-	-	--	ABoga	ABoga	samAsaH,2.3	samAsaH,2.3	1	05	013	mahABArawam	mOsalaparvaH	-
2.3	varRmA	-	--	varRman{puM;1;eka}/varRmA{swrI;1;eka}	varRman{puM;1;eka}	viSeRaNam,1.2	sup_samucciwaH,15.1#viSeRaNam,11.1#viSeRaNam,3.2	1	05	013	mahABArawam	mOsalaparvaH	-
3.1	rakwa-	-	rakwa-AnanaH	rakwa	rakwa	samAsaH,3.2	samAsaH,3.2	1	05	013	mahABArawam	mOsalaparvaH	-
3.2	AnanaH	-	--	Anana{puM;1;eka}	Anana{puM;1;eka}	viSeRaNam,1.2	viSeRaNam,11.1#viSeRaNam,2.3#sup_samucciwaH,15.1	1	05	013	mahABArawam	mOsalaparvaH	-
4.1	svAm	-	svAm	svA{swrI;2;eka}/svA{sarvanAma;swrI;2;eka}	svA{swrI;2;eka}	viSeRaNam,5.1	viSeRaNam,6.1#viSeRaNam,5.1#sup_samucciwaH,15.1	1	05	013	mahABArawam	mOsalaparvaH	-
5.1	wanum	-	wanum	wanu{puM;2;eka}/wanu{swrI;2;eka}	wanu{puM;2;eka}	karma,7.1	viSeRaNam,6.1#viSeRaNam,4.1#sup_samucciwaH,15.1#viSeRaNam,10.1	1	05	013	mahABArawam	mOsalaparvaH	-
6.1	wAm	-	wAm	wax{sarvanAma;swrI;2;eka}	wax{sarvanAma;swrI;2;eka}	viSeRaNam,5.1	viSeRaNam,5.1#viSeRaNam,4.1#sup_samucciwaH,15.1	1	05	013	mahABArawam	mOsalaparvaH	-
7.1	vimucya	-	vimucya	vi_muc2{avya;lyap;wuxAxiH}	vi_muc2{avya;lyap;wuxAxiH}	pUrvakAlaH,12.1	-	1	05	013	mahABArawam	mOsalaparvaH	-
8.1	samyak	-	samyak	samyak{avya}	samyak{avya}	kriyAviSeRaNam,7.1	kriyAviSeRaNam,7.1	1	05	013	mahABArawam	mOsalaparvaH	-
9.1	ca	-	ca	ca{avya}	ca{avya}	sambanXaH,8.1	sambanXaH,8.1	1	05	013	mahABArawam	mOsalaparvaH	-
1.1	karkotakaH	-	karkotakaH	-	-	samucciwaH,15.1	-	1	05	014	mahABArawam	mOsalaparvaH	-
10.1	SafKaH	-	SafKaH	SafKa{puM;1;eka}	SafKa{puM;1;eka}	samucciwaH,15.1	sup_samucciwaH,12.1#sup_samucciwaH,3.1	1	05	014	mahABArawam	mOsalaparvaH	-
11.1	kumuxaH	-	kumuxaH	kumuxa{puM;1;eka}	kumuxa{puM;1;eka}	samucciwaH,15.1	sup_samucciwaH,12.1#sup_samucciwaH,3.1	1	05	014	mahABArawam	mOsalaparvaH	-
12.1	puNdarIkaH	-	puNdarIkaH	puNdarIka{puM;1;eka}	puNdarIka{puM;1;eka}	samucciwaH,15.1	sup_samucciwaH,3.1	1	05	014	mahABArawam	mOsalaparvaH	-
13.1	waWA	-	waWA	waWA{avya}	waWA{avya}	samuccaya_xyowakaH,12.1	sup_samuccaya_xyowakaH,12.1	1	05	014	mahABArawam	mOsalaparvaH	-
14.1	nAgaH	-	nAgaH	nAga{puM;1;eka}	nAga{puM;1;eka}	samucciwaH,15.1	sup_samucciwaH,12.1#sup_samucciwaH,3.1	1	05	014	mahABArawam	mOsalaparvaH	-
15.1	XqwarARtraH	-	XqwarARtraH	XqwarARtra{puM;1;eka}	XqwarARtra{puM;1;eka}	karwA,17.1	sup_samucciwaH,12.1#sup_samucciwaH,3.1	1	05	014	mahABArawam	mOsalaparvaH	-
16.1	mahaw-	-	mahaw-AwmA	mahaw	mahaw	samAsaH,16.2	samAsaH,16.2	1	05	014	mahABArawam	mOsalaparvaH	-
16.2	AwmA	-	--	Awman{puM;1;eka}	Awman{puM;1;eka}	viSeRaNam,15.1	viSeRaNam,15.1#viSeRaNam,14.1#viSeRaNam,12.1#viSeRaNam,11.1#viSeRaNam,10.1#viSeRaNam,7.1#viSeRaNam,6.1#viSeRaNam,3.1#viSeRaNam,2.1#sup_samucciwaH,12.1#sup_samucciwaH,3.1	1	05	014	mahABArawam	mOsalaparvaH	-
17.1	(prawyagqhNAw)	-	prawyagqhNAw	-	-	aBihiwa_karwA,15.1,sakarmaka	-	1	05	014	mahABArawam	mOsalaparvaH	-
18.1	.	-	.	-	-	-	-	1	05	014	mahABArawam	mOsalaparvaH	-
2.1	vAsukiH	-	vAsukiH	vAsuki{puM;1;eka}	vAsuki{puM;1;eka}	samucciwaH,15.1	sup_samucciwaH,12.1#sup_samucciwaH,7.1#sup_samucciwaH,3.1	1	05	014	mahABArawam	mOsalaparvaH	-
3.1	wakRakaH	-	wakRakaH	wakRaka{puM;1;eka(wakR1;Nvul;BvAxiH)}	wakRaka{puM;1;eka(wakR1;Nvul;BvAxiH)}	samucciwaH,15.1	sup_samucciwaH,12.1#sup_samucciwaH,7.1	1	05	014	mahABArawam	mOsalaparvaH	-
4.1	ca	-	ca	ca{avya}	ca{avya}	samuccaya_xyowakaH,3.1	sup_samuccaya_xyowakaH,3.1#sambanXaH,3.1	1	05	014	mahABArawam	mOsalaparvaH	-
5.1	pqWuSravAH	-	pqWuSravAH	-	-	samucciwaH,15.1	-	1	05	014	mahABArawam	mOsalaparvaH	-
6.1	varuNaH	-	varuNaH	varuNa{puM;1;eka}	varuNa{puM;1;eka}	samucciwaH,15.1	sup_samucciwaH,12.1#sup_samucciwaH,7.1#sup_samucciwaH,3.1	1	05	014	mahABArawam	mOsalaparvaH	-
7.1	kuFjaraH	-	kuFjaraH	kuFjara{puM;1;eka}	kuFjara{puM;1;eka}	samucciwaH,15.1	sup_samucciwaH,12.1#sup_samucciwaH,3.1	1	05	014	mahABArawam	mOsalaparvaH	-
8.1	ca	-	ca	ca{avya}	ca{avya}	samuccaya_xyowakaH,7.1	sup_samuccaya_xyowakaH,7.1#sambanXaH,7.1	1	05	014	mahABArawam	mOsalaparvaH	-
9.1	miSrI	-	miSrI	-	-	samucciwaH,15.1	-	1	05	014	mahABArawam	mOsalaparvaH	-
1.1	hrAxaH	-	hrAxaH	hrAxa{puM;1;eka}	hrAxa{puM;1;eka}	samucciwaH,14.1	sup_samucciwaH,14.1#sup_samucciwaH,9.1#sup_samucciwaH,4.2	1	05	015	mahABArawam	mOsalaparvaH	-
10.1	ca	-	ca	ca{avya}	ca{avya}	samuccaya_xyowakaH,9.1	sup_samuccaya_xyowakaH,9.1#sambanXaH,9.1	1	05	015	mahABArawam	mOsalaparvaH	-
11.1	ambarIRaH	-	ambarIRaH	ambarIRa{puM;1;eka}	ambarIRa{puM;1;eka}	samucciwaH,14.1	sup_samucciwaH,14.1#sup_samucciwaH,4.2	1	05	015	mahABArawam	mOsalaparvaH	-
12.1	svayam	-	svayam	svayam{avya}	svayam{avya}	kriyAviSeRaNam,18.1	sup_samucciwaH,15.1	1	05	015	mahABArawam	mOsalaparvaH	-
13.1	rAjA	-	rAjA	rAjan{puM;1;eka}	rAjan{puM;1;eka}	viSeRaNam,14.1	sup_samucciwaH,14.1#sup_samucciwaH,4.2	1	05	015	mahABArawam	mOsalaparvaH	-
14.1	varuNaH	-	varuNaH	varuNa{puM;1;eka}	varuNa{puM;1;eka}	karwA,18.1	sup_samucciwaH,4.2	1	05	015	mahABArawam	mOsalaparvaH	-
15.1	ca	-	ca	ca{avya}	ca{avya}	samuccaya_xyowakaH,14.1	sup_samuccaya_xyowakaH,14.1#sambanXaH,14.1	1	05	015	mahABArawam	mOsalaparvaH	-
16.1	api	-	api	api{avya}	api{avya}	sambanXaH,15.1	sup_samuccaya_xyowakaH,15.1#sambanXaH,15.1	1	05	015	mahABArawam	mOsalaparvaH	-
17.1	rAjan	-	rAjan	rAjan{puM;8;eka}/rAjaw{puM;1;eka(rAj1;Sawq_lat;BvAxiH)}	rAjan{puM;8;eka}	samboXyaH,18.1	sup_samucciwaH,4.2	1	05	015	mahABArawam	mOsalaparvaH	-
18.1	(prawyagqhNAw)	-	prawyagqhNAw	-	-	aBihiwa_karwA,14.1,sakarmaka	-	1	05	015	mahABArawam	mOsalaparvaH	-
19.1	.	-	.	-	-	-	-	1	05	015	mahABArawam	mOsalaparvaH	-
2.1	krAWaH	-	krAWaH	-	-	samucciwaH,14.1	-	1	05	015	mahABArawam	mOsalaparvaH	-
3.1	SiwikaNTaH	-	SiwikaNTaH	SiwikaNTa{puM;1;eka}	SiwikaNTa{puM;1;eka}	samucciwaH,14.1	sup_samucciwaH,14.1#sup_samucciwaH,9.1#sup_samucciwaH,4.2	1	05	015	mahABArawam	mOsalaparvaH	-
4.1	agra-	-	agra-wejAH	agra	agra	samAsaH,4.2	samAsaH,4.2	1	05	015	mahABArawam	mOsalaparvaH	-
4.2	wejAH	-	--	wejas{puM;1;eka}	wejas{puM;1;eka}	samucciwaH,14.1	viSeRaNam,17.1#viSeRaNam,14.1#viSeRaNam,13.1#viSeRaNam,11.1#viSeRaNam,9.1#viSeRaNam,8.2#viSeRaNam,3.1#sup_samucciwaH,14.1#sup_samucciwaH,9.1	1	05	015	mahABArawam	mOsalaparvaH	-
5.1	waWA	-	waWA	waWA{avya}	waWA{avya}	samuccaya_xyowakaH,4.2	sup_samuccaya_xyowakaH,4.2	1	05	015	mahABArawam	mOsalaparvaH	-
6.1	nAgO	-	nAgO	nAga{puM;1;xvi}/nAga{puM;2;xvi}/nAga{puM;8;xvi}	nAga{puM;1;xvi}	viSeRaNam,7.2	sup_samucciwaH,14.1#sup_samucciwaH,9.1#sup_samucciwaH,4.2	1	05	015	mahABArawam	mOsalaparvaH	-
7.1	cakramanxa-	-	cakramanxa-awiRaNdO	cakramanxa	cakramanxa	samAsaH,7.2	-	1	05	015	mahABArawam	mOsalaparvaH	-
7.2	awiRaNdO	-	--	-	-	samucciwaH,14.1	-	1	05	015	mahABArawam	mOsalaparvaH	-
8.1	nAga-	-	nAga-SreRTaH	nAga	nAga	samAsaH,8.2	samAsaH,8.2	1	05	015	mahABArawam	mOsalaparvaH	-
8.2	SreRTaH	-	--	SreRTa{puM;1;eka}	SreRTa{puM;1;eka}	viSeRaNam,9.1	wIvrawAxarSI,9.1#viSeRaNam,17.1#viSeRaNam,14.1#viSeRaNam,13.1#viSeRaNam,11.1#viSeRaNam,9.1#viSeRaNam,4.2#viSeRaNam,3.1#sup_samucciwaH,14.1#sup_samucciwaH,9.1#sup_samucciwaH,4.2	1	05	015	mahABArawam	mOsalaparvaH	-
9.1	xurmuKaH	-	xurmuKaH	xurmuKa{puM;1;eka}	xurmuKa{puM;1;eka}	samucciwaH,14.1	sup_samucciwaH,14.1#sup_samucciwaH,4.2	1	05	015	mahABArawam	mOsalaparvaH	-
1.1	prawyuxgamya	-	prawyuxgamya	-	-	pUrvakAlaH,3.1	-	2	05	015	mahABArawam	mOsalaparvaH	-
2.1	svAgawena	-	svAgawena	svAgawa{puM;3;eka}	svAgawa{puM;3;eka}	hewuH,3.1	prayojyakarwA,5.1#karma,7.2#karaNam,5.1#hewuH,7.2#hewuH,5.1#hewuH,3.1	2	05	015	mahABArawam	mOsalaparvaH	-
3.1	aByananxan	-	aByananxan	aBi_nax1{karwari;laf;pra;bahu;parasmEpaxI;BvAxiH}	aBi_nax1{karwari;laf;pra;bahu;parasmEpaxI;BvAxiH}	samucciwaH,5.1	samucciwaH,5.1	2	05	015	mahABArawam	mOsalaparvaH	-
4.1	we	-	we	wax{sarvanAma;puM;1;bahu}/wax{sarvanAma;napuM;1;xvi}/wax{sarvanAma;napuM;2;xvi}/wax{sarvanAma;swrI;1;xvi}/wax{sarvanAma;swrI;2;xvi}/yuRmax{sarvanAma;6;eka}/yuRmax{sarvanAma;4;eka}	wax{sarvanAma;puM;1;bahu}	karwA,3.1;karwA,5.1	prayojanam1,7.2#prayojanam1,5.1#prayojanam1,3.1#karma,7.2#karwA,7.2#RaRTIsambanXaH,7.3#RaRTIsambanXaH,2.1#karma,5.1#karma,3.1#prayojakakarwA,5.1#karwA,3.1	2	05	015	mahABArawam	mOsalaparvaH	-
5.1	apUjayan	-	apUjayan	pUj1{karwari;laf;pra;bahu;parasmEpaxI;curAxiH}/pUj1{Nic;karwari;laf;pra;bahu;parasmEpaxI;curAxiH}	pUj1{karwari;laf;pra;bahu;parasmEpaxI;curAxiH}	aBihiwa_karwA,4.1	samucciwaH,3.1	2	05	015	mahABArawam	mOsalaparvaH	-
6.1	ca	-	ca	ca{avya}	ca{avya}	samuccaya_xyowakaH,5.1	samuccaya_xyowakaH,5.1#samuccaya_xyowakaH,3.1#sambanXaH,5.1	2	05	015	mahABArawam	mOsalaparvaH	-
7.1	arGya-	-	arGya-pAxya-kriyABiH	arGya	arGya	samAsaH,7.2	samAsaH,7.2	2	05	015	mahABArawam	mOsalaparvaH	-
7.2	pAxya-	-	--	pAxya(pax1;yaw;xivAxiH)}/pAxya(pax1{Nyaw;xivAxiH)	pAxya(pax1;yaw;xivAxiH)	samAsaH,7.3	samAsaH,7.3	2	05	015	mahABArawam	mOsalaparvaH	-
7.3	kriyABiH	-	--	kriyA{swrI;3;bahu}	kriyA{swrI;3;bahu}	karaNam,5.1	prayojyakarwA,5.1#karaNam,5.1#hewuH,5.1#hewuH,3.1	2	05	015	mahABArawam	mOsalaparvaH	-
8.1	.	-	.	-	-	-	-	2	05	015	mahABArawam	mOsalaparvaH	-
1.1	wawaH	-	wawaH	wawaH{avya}	wawaH{avya}	sambanXaH,15.1	sambanXaH,15.1#kArya_xyowakaH,15.1#apAxAnam,2.1	1	05	016	mahABArawam	mOsalaparvaH	-
10.1	SUnye	-	SUnye	SUnyA{swrI;8;eka}/SUnya{puM;7;eka}/SUnya{napuM;7;eka}	SUnya{puM;7;eka}	viSeRaNam,9.1	aXikaraNam,15.1#aXikaraNam,11.1#aXikaraNam,5.1#aXikaraNam,2.1	1	05	016	mahABArawam	mOsalaparvaH	-
11.1	vicaran	-	vicaran	vicaraw{puM;1;eka(vi_car1;Sawq_lat;BvAxiH)}	vicaraw{puM;1;eka(vi_car1;Sawq_lat;BvAxiH)}	varwamAnasamAnakAlaH,15.1	varwamAnasamAnakAlaH,15.1#karwA,15.1	1	05	016	mahABArawam	mOsalaparvaH	-
12.1	cinwayAnaH	-	cinwayAnaH	-	-	viSeRaNam,4.1	-	1	05	016	mahABArawam	mOsalaparvaH	-
13.1	BUmO	-	BUmO	BUmi{swrI;7;eka}	BUmi{swrI;7;eka}	aXikaraNam,15.1	aXikaraNam,15.1#aXikaraNam,11.1#aXikaraNam,5.1#aXikaraNam,2.1	1	05	016	mahABArawam	mOsalaparvaH	-
14.1	wawaH	-	wawaH	wawaH{avya}	wawaH{avya}	sambanXaH,13.1	sambanXaH,15.1#sambanXaH,11.1#sambanXaH,5.1#kArya_xyowakaH,15.1#apAxAnam,2.1	1	05	016	mahABArawam	mOsalaparvaH	-
15.1	saMviveSa	-	saMviveSa	sam_viS1{karwari;lit;u;eka;parasmEpaxI;wuxAxiH}/sam_viS1{karwari{lit;pra;eka;parasmEpaxI;wuxAxiH}	sam_viS1{karwari;lit;pra;eka;parasmEpaxI;wuxAxiH}	aBihiwa_karwA,4.1	-	1	05	016	mahABArawam	mOsalaparvaH	-
16.1	agrya-	-	agrya-wejAH	agrya	agrya	samAsaH,16.2	samAsaH,16.2	1	05	016	mahABArawam	mOsalaparvaH	-
16.2	wejAH	-	--	wejas{puM;1;eka}	wejas{puM;1;eka}	viSeRaNam,4.1	viSeRaNam,11.1#viSeRaNam,8.2#viSeRaNam,5.1#viSeRaNam,4.1#karwA,15.1	1	05	016	mahABArawam	mOsalaparvaH	-
17.1	.	-	.	-	-	-	-	1	05	016	mahABArawam	mOsalaparvaH	-
2.1	gawe	-	gawe	gawi{swrI;8;eka}/gawa{puM;7;eka(gam1;kwa;BvAxiH)}/gawa{napuM;7;eka(gam1;kwa;BvAxiH)}	gawa{puM;7;eka(gam1;kwa;BvAxiH)}	BAvalakRaNasapwamI_pUrvakAlaH,15.1	viSeRaNam,10.1#viSeRaNam,9.1#viSeRaNam,3.1#BAvalakRaNasapwamI_pUrvakAlaH,15.1	1	05	016	mahABArawam	mOsalaparvaH	-
3.1	BrAwari	-	BrAwari	BrAwq{puM;7;eka}	BrAwq{puM;7;eka}	karwA,2.1	aXikaraNam,15.1#aXikaraNam,11.1#aXikaraNam,5.1#aXikaraNam,2.1#BkarwA,2.1	1	05	016	mahABArawam	mOsalaparvaH	-
4.1	vAsuxevaH	-	vAsuxevaH	vAsuxeva{puM;1;eka}	vAsuxeva{puM;1;eka}	karwA,15.1	-	1	05	016	mahABArawam	mOsalaparvaH	-
5.1	jAnan	-	jAnan	jAnaw{puM;1;eka(jFA1;Sawq_lat;kryAxiH)}	jAnaw{puM;1;eka(jFA1;Sawq_lat;kryAxiH)}	varwamAnasamAnakAlaH,15.1	varwamAnasamAnakAlaH,15.1	1	05	016	mahABArawam	mOsalaparvaH	-
6.1	sarvAH	-	sarvA	sarvA{sarvanAma;swrI;1;eka}	sarvA{sarvanAma;swrI;1;eka}	viSeRaNam,7.1	viSeRaNam,8.2	1	05	016	mahABArawam	mOsalaparvaH	-
7.1	gawayaH	-	gawayaH	gawi{swrI;1;bahu}/gawi{swrI;8;bahu}	gawi{swrI;1;bahu}	karma,5.1	-	1	05	016	mahABArawam	mOsalaparvaH	-
8.1	xivya-	-	xivya-xqRtiH	xivya	xivya	samAsaH,8.2	samAsaH,8.2	1	05	016	mahABArawam	mOsalaparvaH	-
8.2	xqRtiH	-	--	xqRti{swrI;1;eka}/xqRti{puM;1;eka}	xqRti{swrI;1;eka}	viSeRaNam,4.1	viSeRaNam,16.2#viSeRaNam,11.1#viSeRaNam,5.1#viSeRaNam,4.1#karwA,15.1#viSeRaNam,6.1	1	05	016	mahABArawam	mOsalaparvaH	-
9.1	vane	-	vane	vani{puM;8;eka}/vana{napuM;7;eka}	vana{napuM;7;eka}	aXikaraNam,11.1	aXikaraNam,15.1#aXikaraNam,11.1#aXikaraNam,5.1#aXikaraNam,2.1	1	05	016	mahABArawam	mOsalaparvaH	-
1.1	sarvam	-	sarvam	sarva{sarvanAma;puM;2;eka}/sarva{sarvanAma;napuM;1;eka}/sarva{sarvanAma;napuM;2;eka}	sarva{sarvanAma;puM;2;eka}	karma,6.1	viSeRaNam,20.1#viSeRaNam,19.1#viSeRaNam,16.1#viSeRaNam,13.1#viSeRaNam,10.1#viSeRaNam,9.1#viSeRaNam,6.1#sup_samucciwaH,20.1#sup_samucciwaH,16.1#karma,6.1#karma,3.1#karwA_be_verbs,7.1	1	05	017	mahABArawam	mOsalaparvaH	-
10.1	vAkyam	-	vAkyam	vAkya{napuM;1;eka}/vAkya{napuM;2;eka}	vAkya{napuM;1;eka}	karma,11.1	sup_samucciwaH,20.1#sup_samucciwaH,16.1#karmasamAnAXikaraNam,20.1#karmasamAnAXikaraNam,19.1#karmasamAnAXikaraNam,16.1#karmasamAnAXikaraNam,13.1#karmasamAnAXikaraNam,9.1#karmasamAnAXikaraNam,6.1#karma,15.2#karma,6.1#karma,3.1#gONakarma,11.1#karwA_be_verbs,7.1#karmasamAnAXikaraNam,23.1#karmasamAnAXikaraNam,12.1#karmasamAnAXikaraNam,11.1#karmasamAnAXikaraNam,4.1	1	05	017	mahABArawam	mOsalaparvaH	-
11.1	ukwaH	-	ukwaH	ukwa{puM;1;eka(vac1;kwa;axAxiH)}	ukwa{puM;1;eka(vac1;kwa;axAxiH)}	viSeRaNam,10.1	viSeRaNam,23.1#viSeRaNam,12.1#vAkyakarma,19.1#vAkyakarma,6.1#sup_samucciwaH,20.1#sup_samucciwaH,16.1#karwA_be_verbs,7.1	1	05	017	mahABArawam	mOsalaparvaH	-
12.1	saH	-	saH	wax{sarvanAma;puM;1;eka}	wax{sarvanAma;puM;1;eka}	viSeRaNam,23.1	viSeRaNam,23.1#viSeRaNam,11.1#sup_samucciwaH,20.1#sup_samucciwaH,16.1#karwA_be_verbs,7.1	1	05	017	mahABArawam	mOsalaparvaH	-
13.1	pUrvam	-	pUrvam	pUrva{puM;2;eka}/pUrva{sarvanAma;puM;2;eka}/pUrva{sarvanAma;napuM;1;eka}/pUrva{sarvanAma;napuM;2;eka}	pUrva{puM;2;eka}	kAlAXikaraNam,22.1	viSeRaNam,20.1#viSeRaNam,19.1#viSeRaNam,16.1#viSeRaNam,10.1#viSeRaNam,9.1#viSeRaNam,6.1#sup_samucciwaH,20.1#sup_samucciwaH,16.1#karmasamAnAXikaraNam,20.1#karmasamAnAXikaraNam,19.1#karmasamAnAXikaraNam,16.1#karmasamAnAXikaraNam,10.1#karmasamAnAXikaraNam,9.1#karmasamAnAXikaraNam,6.1#karma,15.2#kAlAXikaraNam,22.1#kAlAXikaraNam,19.1#kAlAXikaraNam,15.3#kAlAXikaraNam,11.1#kAlAXikaraNam,7.1#kAlAXikaraNam,6.1#kAlAXikaraNam,3.1#gONakarma,19.1#gONakarma,11.1#aXikaraNam_upa,22.1#aXikaraNam_upa,19.1#aXikaraNam_upa,15.3#viXeya_viSeRaNam,12.1#viXeya_viSeRaNam,11.1#viXeya_viSeRaNam,10.1#viXeya_viSeRaNam,9.1#viXeya_viSeRaNam,6.1#viXeya_viSeRaNam,4.1#karwA_be_verbs,7.1#karmasamAnAXikaraNam,23.1#karmasamAnAXikaraNam,12.1#karmasamAnAXikaraNam,11.1#karmasamAnAXikaraNam,4.1	1	05	017	mahABArawam	mOsalaparvaH	-
14.1	xurvAsasA	-	xurvAsasA	xurvAsas{puM;3;eka}	xurvAsas{puM;3;eka}	karwA,19.1	prayojakakarwA,15.2#karwA,19.1#karwA,11.1#karaNam,22.1#karaNam,15.3#karaNam,6.1#hewuH,22.1#hewuH,19.1#hewuH,15.3#hewuH,11.1#hewuH,7.1#hewuH,6.1#hewuH,3.1	1	05	017	mahABArawam	mOsalaparvaH	-
15.1	pAyasa-	-	pAyasa-ucCiRta-lipwe	pAyasa	pAyasa	samAsaH,15.2	samAsaH,15.2	1	05	017	mahABArawam	mOsalaparvaH	-
15.2	ucCiRta-	-	--	ucCiRta(uw_SAs1;kwa;axAxiH)	ucCiRta(uw_SAs1;kwa;axAxiH)	samAsaH,15.3	vAkyakarma,19.1#vAkyakarma,11.1#vAkyakarma,6.1#samAsaH,15.3	1	05	017	mahABArawam	mOsalaparvaH	-
15.3	lipwe	-	--	lipwa{napuM;1;xvi(lip1;kwa;wuxAxiH)}/lipwa{napuM;2;xvi(lip1;kwa;wuxAxiH)}/lipwA{swrI;1;xvi(lip1;kwa;wuxAxiH)}/lipwA{swrI;2;xvi(lip1;kwa;wuxAxiH)}/lipwa{napuM;8;xvi}/lipwA{swrI;8;eka}/lipwA{swrI;8;xvi}	lipwa{napuM;1;xvi(lip1;kwa;wuxAxiH)}	BAvalakRaNasapwamI_samAnakAlaH,19.1	vAkyakarma,19.1#vAkyakarma,11.1#vAkyakarma,6.1#sup_samucciwaH,20.1#sup_samucciwaH,16.1#karma,22.1#gONakarma,19.1#gONakarma,11.1	1	05	017	mahABArawam	mOsalaparvaH	-
16.1	yaw	-	yaw	yaw{avya}/yax{sarvanAma;napuM;1;eka}/yax{sarvanAma;napuM;2;eka}	yaw{avya}	karma,19.1;niwya_sambanXaH,20.1	viSeRaNam,20.1#viSeRaNam,19.1#viSeRaNam,13.1#viSeRaNam,10.1#viSeRaNam,9.1#viSeRaNam,6.1#sup_samucciwaH,20.1#niwya_sambanXaH1,20.1#niwya_sambanXaH1,3.1#karma,22.1#karma,15.2#gONakarma,19.1#gONakarma,11.1#viXeya_viSeRaNam,12.1#karwA,22.1#vAkyakarma_xyowakaH,22.1#vAkyakarma_xyowakaH,19.1#vAkyakarma_xyowakaH,15.3#vAkyakarma_xyowakaH,11.1#vAkyakarma_xyowakaH,7.1#vAkyakarma_xyowakaH,6.1#vAkyakarma_xyowakaH,3.1#sup_samucciwaH,17.1#sambanXaH,22.1	1	05	017	mahABArawam	mOsalaparvaH	-
17.1	ca	-	ca	ca{avya}	ca{avya}	sambanXaH,16.1	sup_samuccaya_xyowakaH,16.1#sambanXaH,16.1	1	05	017	mahABArawam	mOsalaparvaH	-
18.1	api	-	api	api{avya}	api{avya}	sambanXaH,17.1	sup_samucciwaH,16.1#sup_samuccaya_xyowakaH,17.1#sambanXaH,17.1	1	05	017	mahABArawam	mOsalaparvaH	-
19.1	ukwam	-	ukwam	ukwa{puM;2;eka(vac1;kwa;axAxiH)}/ukwa{napuM;1;eka(vac1;kwa;axAxiH)}/ukwa{napuM;2;eka(vac1;kwa;axAxiH)}	ukwa{puM;2;eka(vac1;kwa;axAxiH)}	-	viSeRaNam,20.1#viSeRaNam,16.1#viSeRaNam,13.1#viSeRaNam,10.1#viSeRaNam,9.1#viSeRaNam,6.1#vAkyakarma,11.1#vAkyakarma,6.1#sup_samucciwaH,20.1#karmasamAnAXikaraNam,16.1#karmasamAnAXikaraNam,13.1#karmasamAnAXikaraNam,10.1#karmasamAnAXikaraNam,9.1#karmasamAnAXikaraNam,6.1#karma,22.1#karma,15.2#viXeya_viSeRaNam,16.1#viXeya_viSeRaNam,13.1#viXeya_viSeRaNam,10.1#viXeya_viSeRaNam,9.1#viXeya_viSeRaNam,6.1#karwA,22.1	1	05	017	mahABArawam	mOsalaparvaH	-
2.1	hi	-	hi	hi{avya}	hi{avya}	sambanXaH,1.1	sambanXaH,1.1	1	05	017	mahABArawam	mOsalaparvaH	-
20.1	waw	-	waw	wax{sarvanAma;napuM;1;eka}/wax{sarvanAma;napuM;2;eka}	wax{sarvanAma;napuM;1;eka}	karma,22.1	viSeRaNam,19.1#viSeRaNam,16.1#viSeRaNam,13.1#viSeRaNam,10.1#viSeRaNam,9.1#viSeRaNam,6.1#karma,22.1#karma,15.2#gONakarma,19.1#viXeya_viSeRaNam,12.1#karwA,22.1	1	05	017	mahABArawam	mOsalaparvaH	-
21.1	ca	-	ca	ca{avya}	ca{avya}	sambanXaH,22.1	sup_samucciwaH,17.1#sup_samuccaya_xyowakaH,20.1#sambanXaH,20.1	1	05	017	mahABArawam	mOsalaparvaH	-
22.1	sasmAra	-	sasmAra	smq1{karwari;lit;pra;eka;parasmEpaxI;BvAxiH}/smq1{karwari;lit;u;eka;parasmEpaxI;BvAxiH}	smq1{karwari;lit;pra;eka;parasmEpaxI;BvAxiH}	aBihiwa_karwA,22.1,sakarmaka	vAkyakarma,19.1#vAkyakarma,11.1#vAkyakarma,6.1	1	05	017	mahABArawam	mOsalaparvaH	-
23.1	kqRNaH	-	kqRNaH	kqRNa{puM;1;eka}	kqRNa{puM;1;eka}	karwA,22.1	viXeya_viSeRaNam,20.1#viXeya_viSeRaNam,19.1#viXeya_viSeRaNam,16.1#viXeya_viSeRaNam,13.1#viXeya_viSeRaNam,12.1#viXeya_viSeRaNam,11.1#viXeya_viSeRaNam,10.1#viXeya_viSeRaNam,9.1#viXeya_viSeRaNam,6.1#viXeya_viSeRaNam,4.1#karwA,22.1#karmasamAnAXikaraNam,20.1#karmasamAnAXikaraNam,19.1#karmasamAnAXikaraNam,16.1#karmasamAnAXikaraNam,13.1#karmasamAnAXikaraNam,12.1#karmasamAnAXikaraNam,11.1#karmasamAnAXikaraNam,10.1#karmasamAnAXikaraNam,9.1#karmasamAnAXikaraNam,6.1#karmasamAnAXikaraNam,4.1	1	05	017	mahABArawam	mOsalaparvaH	-
24.1	.	-	.	-	-	-	-	1	05	017	mahABArawam	mOsalaparvaH	-
3.1	wena	-	wena	wax{sarvanAma;puM;3;eka}/wax{sarvanAma;napuM;3;eka}/wan1{karwari;lit;ma;bahu;parasmEpaxI;wanAxiH}	wax{sarvanAma;puM;3;eka}	karaNam,6.1	vAkyakarma,19.1#vAkyakarma,11.1#vAkyakarma,6.1#karaNam,22.1#karaNam,15.3#karaNam,6.1#hewuH,22.1#hewuH,19.1#hewuH,15.3#hewuH,11.1#hewuH,7.1#hewuH,6.1#viSeRaNam,14.1	1	05	017	mahABArawam	mOsalaparvaH	-
4.1	prAk	-	prAk	prAk{avya}/prAS{swrI;1;eka}	prAk{avya}	kAlAXikaraNam,6.1	xeSAXikaraNam_upa,22.1#xeSAXikaraNam_upa,19.1#xeSAXikaraNam_upa,15.3#xeSAXikaraNam_upa,11.1#xeSAXikaraNam_upa,7.1#xeSAXikaraNam_upa,6.1#sup_samucciwaH,20.1#sup_samucciwaH,16.1#karwA_be_verbs,7.1#karmasamAnAXikaraNam,23.1#karmasamAnAXikaraNam,20.1#karmasamAnAXikaraNam,19.1#karmasamAnAXikaraNam,16.1#karmasamAnAXikaraNam,13.1#karmasamAnAXikaraNam,12.1#karmasamAnAXikaraNam,11.1#karmasamAnAXikaraNam,10.1#karmasamAnAXikaraNam,9.1#karmasamAnAXikaraNam,6.1#kAlAXikaraNam,22.1#kAlAXikaraNam,19.1#kAlAXikaraNam,15.3#kAlAXikaraNam,11.1#kAlAXikaraNam,7.1#kAlAXikaraNam,6.1#kAlAXikaraNam,3.1	1	05	017	mahABArawam	mOsalaparvaH	-
5.1	waxA	-	waxA	waxA{avya}	waxA{avya}	kAlAXikaraNam,7.1	kAlAXikaraNam,22.1#kAlAXikaraNam,7.1#kAlAXikaraNam,6.1#kAlAXikaraNam,3.1	1	05	017	mahABArawam	mOsalaparvaH	-
6.1	viwwam	-	viwwam	vix1{karwari;lot;ma;xvi;parasmEpaxI;axAxiH}/viwwa{puM;2;eka}/viwwa{napuM;1;eka}/viwwa{napuM;2;eka}	vix1{karwari;lot;ma;xvi;parasmEpaxI;axAxiH}	karwA,7.1	sup_samucciwaH,20.1#sup_samucciwaH,16.1#karmasamAnAXikaraNam,20.1#karmasamAnAXikaraNam,19.1#karmasamAnAXikaraNam,16.1#karmasamAnAXikaraNam,13.1#karmasamAnAXikaraNam,10.1#karmasamAnAXikaraNam,9.1#karma,3.1#gONakarma,11.1#karwA_be_verbs,7.1#karmasamAnAXikaraNam,23.1#karmasamAnAXikaraNam,12.1#karmasamAnAXikaraNam,11.1#karmasamAnAXikaraNam,4.1#vAkyakarma,19.1#vAkyakarma,11.1	1	05	017	mahABArawam	mOsalaparvaH	-
7.1	AsIw	-	AsIw	as2{karwari;laf;pra;eka;parasmEpaxI;axAxiH}	as2{karwari;laf;pra;eka;parasmEpaxI;axAxiH}	aBihiwa_karwA,6.1,akarmaka	vAkyakarma,19.1#vAkyakarma,11.1#vAkyakarma,6.1	1	05	017	mahABArawam	mOsalaparvaH	-
8.1	gAnXAryAH	-	gAnXAryAH	gAnXArI{swrI;5;eka}/gAnXArI{swrI;6;eka}	gAnXArI{swrI;5;eka}	RaRTIsambanXaH,10.1	RaRTIsambanXaH,15.3#RaRTIsambanXaH,14.1#RaRTIsambanXaH,10.1#RaRTIsambanXaH,6.1#RaRTIsambanXaH,4.1#hewuH5,22.1#hewuH5,19.1#hewuH5,15.3#hewuH5,11.1#hewuH5,7.1#hewuH5,6.1#hewuH5,3.1#apAxAnam,6.1	1	05	017	mahABArawam	mOsalaparvaH	-
9.1	yaw	-	yaw	yaw{avya}/yax{sarvanAma;napuM;1;eka}/yax{sarvanAma;napuM;2;eka}	yaw{avya}	viSeRaNam,10.1	viSeRaNam,20.1#viSeRaNam,19.1#viSeRaNam,16.1#viSeRaNam,13.1#viSeRaNam,10.1#viSeRaNam,6.1#sup_samucciwaH,20.1#sup_samucciwaH,16.1#niwya_sambanXaH1,20.1#niwya_sambanXaH1,3.1#karma,15.2#karma,6.1#karma,3.1#gONakarma,11.1#karwA_be_verbs,7.1#vAkyakarma_xyowakaH,22.1#vAkyakarma_xyowakaH,19.1#vAkyakarma_xyowakaH,15.3#vAkyakarma_xyowakaH,11.1#vAkyakarma_xyowakaH,7.1#vAkyakarma_xyowakaH,6.1#vAkyakarma_xyowakaH,3.1#sambanXaH,22.1	1	05	017	mahABArawam	mOsalaparvaH	-
1.1	saH	-	saH	wax{sarvanAma;puM;1;eka}	wax{sarvanAma;puM;1;eka}	karwA,12.1;karwA,7.1	viSeRaNam,6.2#sup_samucciwaH,4.2#karwA,7.1#karma,7.1	1	05	018	mahABArawam	mOsalaparvaH	-
10.1	kAlam	-	kAlam	kAla{puM;2;eka}/kAla{napuM;1;eka}/kAla{napuM;2;eka}	kAla{puM;2;eka}	karma,7.1	karmasamAnAXikaraNam,13.2#karmasamAnAXikaraNam,4.2#karmasamAnAXikaraNam,3.3#karma,12.1#karma,7.1#karwA,12.1#karwA,7.1#karmasamAnAXikaraNam,6.2	1	05	018	mahABArawam	mOsalaparvaH	-
11.1	wawaH	-	wawaH	wawaH{avya}	wawaH{avya}	sambanXaH,12.1	sambanXaH,12.1#sambanXaH,7.1#kArya_xyowakaH,12.1	1	05	018	mahABArawam	mOsalaparvaH	-
12.1	cakAra	-	cakAra	kq2{karwari;lit;pra;eka;parasmEpaxI;svAxiH}/kq2{karwari;lit;u;eka;parasmEpaxI;svAxiH}/kq3{karwari;lit;pra;eka;parasmEpaxI;wanAxiH}/kq3{karwari;lit;u;eka;parasmEpaxI;wanAxiH}/kQ1{karwari;lit;pra;eka;parasmEpaxI;wuxAxiH}/kQ1{karwari;lit;u;eka;parasmEpaxI;wuxAxiH}	kq2{karwari;lit;pra;eka;parasmEpaxI;svAxiH}	aBihiwa_karwA,1.1	-	1	05	018	mahABArawam	mOsalaparvaH	-
13.1	inxriya-	-	inxriya-sanniroXam	inxriya	inxriya	samAsaH,13.2	samAsaH,13.2	1	05	018	mahABArawam	mOsalaparvaH	-
13.2	sanniroXam	-	--	sanniroXa{puM;2;eka}/sanniroXa{napuM;1;eka}/sanniroXa{napuM;2;eka}	sanniroXa{puM;2;eka}	karma,12.1	viSeRaNam,10.1#viSeRaNam,4.2#viSeRaNam,3.3#karmasamAnAXikaraNam,10.1#karmasamAnAXikaraNam,4.2#karmasamAnAXikaraNam,3.3#karma,12.1#karma,7.1#karwA,12.1#karwA,7.1#karmasamAnAXikaraNam,6.2	1	05	018	mahABArawam	mOsalaparvaH	-
14.1	.	-	.	-	-	-	-	1	05	018	mahABArawam	mOsalaparvaH	-
2.1	cinwayAnaH	-	cinwayAnaH	-	-	varwamAnasamAnakAlaH,12.1	-	1	05	018	mahABArawam	mOsalaparvaH	-
3.1	anXaka-	-	anXaka-vqRNi-nASam	anXaka	anXaka	samAsaH,3.2	samAsaH,3.2	1	05	018	mahABArawam	mOsalaparvaH	-
3.2	vqRNi-	-	--	vqRNi	vqRNi	samAsaH,3.3	samAsaH,3.3	1	05	018	mahABArawam	mOsalaparvaH	-
3.3	nASam	-	--	nASa{puM;2;eka}/nASa{napuM;1;eka}/nASa{napuM;2;eka}	nASa{puM;2;eka}	samucciwaH,4.2	viSeRaNam,13.2#viSeRaNam,10.1#viSeRaNam,4.2#sup_samucciwaH,4.2#karmasamAnAXikaraNam,13.2#karmasamAnAXikaraNam,10.1#karmasamAnAXikaraNam,4.2#karma,7.1#karwA,7.1#karmasamAnAXikaraNam,6.2	1	05	018	mahABArawam	mOsalaparvaH	-
4.1	kuru-	-	kuru-kRayam	kuru	kuru	samAsaH,4.2	samAsaH,4.2	1	05	018	mahABArawam	mOsalaparvaH	-
4.2	kRayam	-	--	kRaya{puM;2;eka}/kRaya{napuM;1;eka}/kRaya{napuM;2;eka}	kRaya{puM;2;eka}	karma,3.3	viSeRaNam,13.2#viSeRaNam,10.1#viSeRaNam,3.3#karmasamAnAXikaraNam,13.2#karmasamAnAXikaraNam,10.1#karmasamAnAXikaraNam,3.3#karma,7.1#karwA,7.1#karmasamAnAXikaraNam,6.2	1	05	018	mahABArawam	mOsalaparvaH	-
5.1	cEva	-	cEva	cEva{avya}	cEva{avya}	sambanXaH,4.2	sup_samuccaya_xyowakaH,4.2#sambanXaH,4.2	1	05	018	mahABArawam	mOsalaparvaH	-
6.1	mahaw-	-	mahaw-anuBAvaH	mahaw	mahaw	samAsaH,6.2	samAsaH,6.2	1	05	018	mahABArawam	mOsalaparvaH	-
6.2	anuBAvaH	-	--	anuBAva{puM;1;eka}	anuBAva{puM;1;eka}	viSeRaNam,1.1	viSeRaNam,1.1#karwA,12.1#karwA,7.1#karmasamAnAXikaraNam,13.2#karmasamAnAXikaraNam,10.1#karmasamAnAXikaraNam,4.2#karmasamAnAXikaraNam,3.3#karma,7.1	1	05	018	mahABArawam	mOsalaparvaH	-
7.1	mene	-	mene	man1{karwari;lit;pra;eka;AwmanepaxI;xivAxiH}/man1{karwari;lit;u;eka;AwmanepaxI;xivAxiH}/man1{karmaNi;lit;pra;eka;AwmanepaxI;xivAxiH}/man1{karmaNi;lit;u;eka;AwmanepaxI;xivAxiH}/man2{karwari;lit;pra;eka;AwmanepaxI;wanAxiH}/man2{karwari;lit;u;eka;AwmanepaxI;wanAxiH}/man2{karmaNi;lit;pra;eka;AwmanepaxI;wanAxiH}/man2{karmaNi;lit;u;eka;AwmanepaxI;wanAxiH}/menA{swrI;8;eka}	man1{karwari;lit;pra;eka;AwmanepaxI;xivAxiH}	aBihiwa_karwA,1.1	-	1	05	018	mahABArawam	mOsalaparvaH	-
8.1	wawaH	-	wawaH	wawaH{avya}	wawaH{avya}	sambanXaH,7.1	sambanXaH,12.1#sambanXaH,7.1#kArya_xyowakaH,12.1	1	05	018	mahABArawam	mOsalaparvaH	-
9.1	safkramaNasya	-	safkramaNasya	safkramaNa{napuM;6;eka}	safkramaNa{napuM;6;eka}	RaRTIsambanXaH,10.1	RaRTIsambanXaH,13.2#RaRTIsambanXaH,10.1#RaRTIsambanXaH,7.1#RaRTIsambanXaH,6.2#RaRTIsambanXaH,4.2#RaRTIsambanXaH,3.3	1	05	018	mahABArawam	mOsalaparvaH	-
1.1	saH	-	saH	wax{sarvanAma;puM;1;eka}	wax{sarvanAma;puM;1;eka}	viSeRaNam,7.1	viSeRaNam,16.1#viSeRaNam,15.2#viSeRaNam,13.1#viSeRaNam,7.1#viSeRaNam,2.4#karwA,4.1	1	05	019	mahABArawam	mOsalaparvaH	-
10.1	wam	-	wam	wax{sarvanAma;puM;2;eka}	wax{sarvanAma;puM;2;eka}	viSeRaNam,11.1	viSeRaNam,11.1#viSeRaNam,5.2#karma,12.1#karma,6.1	1	05	019	mahABArawam	mOsalaparvaH	-
11.1	xeSam	-	xeSam	xeSa{puM;2;eka}	xeSa{puM;2;eka}	karma,12.1	karma,12.1#karma,6.1	1	05	019	mahABArawam	mOsalaparvaH	-
12.1	upAjagAma	-	upAjagAma	upa_Af_gam1{karwari;lit;u;eka;parasmEpaxI;BvAxiH}/upa_Af_gam1{karwari{lit;pra;eka;parasmEpaxI;BvAxiH}	upa_Af_gam1{karwari;lit;pra;eka;parasmEpaxI;BvAxiH}	viroXakaH,4.1	viroXakaH,4.1	1	05	019	mahABArawam	mOsalaparvaH	-
13.1	lubXaH	-	lubXaH	lubXa{puM;1;eka}	lubXa{puM;1;eka}	viSeRaNam,8.1	karwA,12.1	1	05	019	mahABArawam	mOsalaparvaH	-
14.1	waxAnIm	-	waxAnIm	waxAnIm{avya}	waxAnIm{avya}	kAlAXikaraNam,12.1	kAlAXikaraNam,12.1#kAlAXikaraNam,6.1#kAlAXikaraNam,4.1	1	05	019	mahABArawam	mOsalaparvaH	-
15.1	mqga-	-	mqga-lipsuH	mqga	mqga	samAsaH,15.2	samAsaH,15.2	1	05	019	mahABArawam	mOsalaparvaH	-
15.2	lipsuH	-	--	lipsu{puM;1;eka}	lipsu{puM;1;eka}	viSeRaNam,8.1	viSeRaNam,16.1#viSeRaNam,13.1#viSeRaNam,7.1#viSeRaNam,2.4#karwA,12.1	1	05	019	mahABArawam	mOsalaparvaH	-
16.1	ugraH	-	ugraH	ugra{puM;1;eka}	ugra{puM;1;eka}	viSeRaNam,8.1	viSeRaNam,15.2#viSeRaNam,13.1#viSeRaNam,7.1#viSeRaNam,2.4#karwA,12.1	1	05	019	mahABArawam	mOsalaparvaH	-
17.1	.	-	.	-	-	-	-	1	05	019	mahABArawam	mOsalaparvaH	-
2.1	sanniruxXa-	-	sanniruxXa-inxriya-vAk-manAH	sanniruxXa	sanniruxXa	samAsaH,2.2	samAsaH,2.2	1	05	019	mahABArawam	mOsalaparvaH	-
2.2	inxriya-	-	--	inxriya	inxriya	samAsaH,2.3	samAsaH,2.3	1	05	019	mahABArawam	mOsalaparvaH	-
2.3	vAk-	-	--	vAc	vAc	samAsaH,2.4	samAsaH,2.4	1	05	019	mahABArawam	mOsalaparvaH	-
2.4	manAH	-	--	mana{puM;8;bahu}/mana{puM;1;bahu}/manA{swrI;8;bahu}/manA{swrI;1;bahu}/manA{swrI;2;bahu}/manas{puM;1;eka}	manas{puM;1;eka}	viSeRaNam,7.1	viSeRaNam,16.1#viSeRaNam,15.2#viSeRaNam,13.1#viSeRaNam,7.1#karwA,4.1#karma,6.1	1	05	019	mahABArawam	mOsalaparvaH	-
3.1	wu	-	wu	wu{avya}	wu{avya}	sambanXaH,2.4	sambanXaH,2.4	1	05	019	mahABArawam	mOsalaparvaH	-
4.1	SiSye	-	SiSye	SI1{karwari;lit;pra;eka;AwmanepaxI;axAxiH}/SI1{karwari;lit;u;eka;AwmanepaxI;axAxiH}/SI1{karmaNi;lit;pra;eka;AwmanepaxI;axAxiH}/SI1{karmaNi;lit;u;eka;AwmanepaxI;axAxiH}	SI1{karwari;lit;pra;eka;AwmanepaxI;axAxiH}	aBihiwa_karwA,7.1;sakarmaka	-	1	05	019	mahABArawam	mOsalaparvaH	-
5.1	mahaw-	-	mahaw-yogam	mahaw	mahaw	samAsaH,5.2	samAsaH,5.2	1	05	019	mahABArawam	mOsalaparvaH	-
5.2	yogam	-	--	yoga{puM;2;eka}/yoga{napuM;1;eka}/yoga{napuM;2;eka}	yoga{puM;2;eka}	karma,6.1	karma,12.1#karma,6.1#karwA,12.1#karwA,4.1#viSeRaNam,11.1#viSeRaNam,10.1	1	05	019	mahABArawam	mOsalaparvaH	-
6.1	upewya	-	upewya	upa_i1{avya;lyap;axAxiH}	upa_i1{avya;lyap;axAxiH}	pUrvakAlaH,4.1	pUrvakAlaH,12.1#pUrvakAlaH,4.1	1	05	019	mahABArawam	mOsalaparvaH	-
7.1	kqRNaH	-	kqRNaH	kqRNa{puM;1;eka}	kqRNa{puM;1;eka}	karwA,4.1;karwA,6.1	viSeRaNam,16.1#viSeRaNam,15.2#viSeRaNam,13.1#viSeRaNam,2.4#karwA,12.1#karwA,4.1	1	05	019	mahABArawam	mOsalaparvaH	-
8.1	jarA	-	jarA	jarA{swrI;1;eka}	jarA{swrI;1;eka}	karwA,12.1	karwA,12.1#karwA,4.1	1	05	019	mahABArawam	mOsalaparvaH	-
9.1	aWa	-	aWa	aWa{avya}	aWa{avya}	sambanXaH,12.1	viroXa_xyowakaH,12.1#sambanXaH,12.1	1	05	019	mahABArawam	mOsalaparvaH	-
1.1	saH	-	saH	wax{sarvanAma;puM;1;eka}	wax{sarvanAma;puM;1;eka}	viSeRaNam,8.1	viSeRaNam,6.1	1	05	020	mahABArawam	mOsalaparvaH	-
10.1	pAxa-	-	pAxa-wale	pAxa	pAxa	samAsaH,10.2	samAsaH,10.2	1	05	020	mahABArawam	mOsalaparvaH	-
10.2	wale	-	--	wala{napuM;1;xvi}/wala{napuM;2;xvi}/wala{napuM;8;xvi}/wala{puM;7;eka}/wala{napuM;7;eka}/walA{swrI;8;eka}/walA{swrI;8;xvi}/walA{swrI;1;xvi}/walA{swrI;2;xvi}	wala{napuM;2;xvi}	xeSAXikaraNam,9.1	sup_samucciwaH,12.1#karma,17.1#karma,9.1#aXikaraNam,17.1#aXikaraNam,9.1#aXikaraNam,4.1#aXikaraNam,3.2	1	05	020	mahABArawam	mOsalaparvaH	-
11.1	wvarAvAn	-	wvarAvAn	wvarA{mawup;puM;1;eka}	wvarA{mawup;puM;1;eka}	viSeRaNam,8.1	viSeRaNam,6.1#viSeRaNam,1.1#karwA,17.1#karwA,9.1	1	05	020	mahABArawam	mOsalaparvaH	-
12.1	wam	-	wam	wax{sarvanAma;puM;2;eka}	wax{sarvanAma;puM;2;eka}	sanxarBa_binxuH,14.1	viSeRaNam,4.1#viSeRaNam,3.2#viSeRaNam,2.1#upa_apekRA,14.1#karma,17.1#karma,9.1	1	05	020	mahABArawam	mOsalaparvaH	-
13.1	ca	-	ca	ca{avya}	ca{avya}	sambanXaH,12.1	sup_samuccaya_xyowakaH,12.1#sambanXaH,12.1	1	05	020	mahABArawam	mOsalaparvaH	-
14.1	aBiwaH	-	aBiwaH	aBiwaH{avya}	aBiwaH{avya}	xeSAXikaraNam,17.1	xeSAXikaraNam_upa,17.1	1	05	020	mahABArawam	mOsalaparvaH	-
15.1	waw	-	waw	wax{sarvanAma;napuM;1;eka}/wax{sarvanAma;napuM;2;eka}	wax{sarvanAma;napuM;2;eka}	karma,16.1	viSeRaNam,3.2#upa_apekRA,14.1#karma,17.1#karma,9.1#karwA,17.1#karwA,9.1	1	05	020	mahABArawam	mOsalaparvaH	-
16.1	jiGqkRuH	-	jiGqkRuH	-	-	viSeRaNam,8.1	viSeRaNam,8.1	1	05	020	mahABArawam	mOsalaparvaH	-
17.1	jagAma	-	jagAma	gam1{karwari;lit;pra;eka;parasmEpaxI;BvAxiH}/gam1{karwari;lit;u;eka;parasmEpaxI;BvAxiH}	gam1{karwari;lit;pra;eka;parasmEpaxI;BvAxiH}	aBihiwa_karwA,8.1;sakarmaka	aBihiwa_karwA,8.1;sakarmaka	1	05	020	mahABArawam	mOsalaparvaH	-
18.1	.	-	.	-	-	-	-	1	05	020	mahABArawam	mOsalaparvaH	-
2.1	keSavam	-	keSavam	keSava{puM;2;eka}	keSava{puM;2;eka}	karma,9.1	sup_samucciwaH,12.1#karma,9.1	1	05	020	mahABArawam	mOsalaparvaH	-
3.1	yoga-	-	yoga-yukwam	yoga	yoga	samAsaH,3.2	samAsaH,3.2	1	05	020	mahABArawam	mOsalaparvaH	-
3.2	yukwam	-	--	yukwa{puM;2;eka(yuj1;kwa;xivAxiH)}/yukwa{napuM;1;eka(yuj1;kwa;xivAxiH)}/yukwa{napuM;2;eka(yuj1;kwa;xivAxiH)}/yukwa{puM;2;eka(yuj2;kwa;ruXAxiH)}/yukwa{napuM;1;eka(yuj2;kwa;ruXAxiH)}/yukwa{napuM;2;eka(yuj2;kwa;ruXAxiH)}	yukwa{puM;2;eka(yuj2;kwa;ruXAxiH)}	viSeRaNam,2.1	viSeRaNam,15.1#sup_samucciwaH,12.1#karma,9.1#karwA,9.1#viSeRaNam,12.1#viSeRaNam,4.1#viSeRaNam,2.1	1	05	020	mahABArawam	mOsalaparvaH	-
4.1	SayAnam	-	SayAnam	SayAna{puM;2;eka(SI1;san;SAnac;axAxiH)}	SayAna{puM;2;eka(SI1;san;SAnac;axAxiH)}	viSeRaNam,2.1	viSeRaNam,12.1#viSeRaNam,3.2#viSeRaNam,2.1#sup_samucciwaH,12.1#karma,9.1	1	05	020	mahABArawam	mOsalaparvaH	-
5.1	mqga-	-	mqga-ASafkI	mqga	mqga	samAsaH,5.2	samAsaH,5.2	1	05	020	mahABArawam	mOsalaparvaH	-
5.2	ASafkI	-	--	-	-	viSeRaNam,8.1	viSeRaNam,8.1	1	05	020	mahABArawam	mOsalaparvaH	-
6.1	lubXakaH	-	lubXakaH	lubXaka{puM;1;eka}	lubXaka{puM;1;eka}	viSeRaNam,8.1	karwA,9.1	1	05	020	mahABArawam	mOsalaparvaH	-
7.1	sAyakena	-	sAyakena	sAyaka{puM;3;eka}/sAyaka{napuM;3;eka}	sAyaka{puM;3;eka}	karaNam,9.1	sahArWaH,3.2#karwA,3.2#karaNam,17.1#karaNam,9.1#karaNam,3.2#hewuH,17.1#hewuH,9.1#hewuH,4.1#hewuH,3.2	1	05	020	mahABArawam	mOsalaparvaH	-
8.1	jarA	-	jarA	jarA{swrI;1;eka}	jarA{swrI;1;eka}	karwA,9.1;karwA,17.1	karwA,9.1	1	05	020	mahABArawam	mOsalaparvaH	-
9.1	aviXyaw	-	aviXyaw	vyaX1{karwari;laf;pra;eka;parasmEpaxI;xivAxiH}	vyaX1{karwari;laf;pra;eka;parasmEpaxI;xivAxiH}	aBihiwa_karwA,8.1;sakarmaka	aBihiwa_karwA,8.1;sakarmaka	1	05	020	mahABArawam	mOsalaparvaH	-
1.1	aWa	-	aWa	aWa{avya}	aWa{avya}	sambanXaH,2.1	sambanXaH,2.1	2	05	020	mahABArawam	mOsalaparvaH	-
2.1	apaSyaw	-	apaSyaw	xqS1{karwari;laf;pra;eka;parasmEpaxI;BvAxiH}	xqS1{karwari;laf;pra;eka;parasmEpaxI;BvAxiH}	aBihiwa_karwA,6.1;sakarmaka	-	2	05	020	mahABArawam	mOsalaparvaH	-
3.1	puruRam	-	puruRam	puruRa{puM;2;eka}	puruRa{puM;2;eka}	karma,2.1	karma,5.1#karma,2.1	2	05	020	mahABArawam	mOsalaparvaH	-
4.1	yoga-	-	yoga-yukwam	yoga	yoga	samAsaH,4.2	samAsaH,4.2	2	05	020	mahABArawam	mOsalaparvaH	-
4.2	yukwam	-	--	yukwa{puM;2;eka(yuj1;kwa;xivAxiH)}/yukwa{napuM;1;eka(yuj1;kwa;xivAxiH)}/yukwa{napuM;2;eka(yuj1;kwa;xivAxiH)}/yukwa{puM;2;eka(yuj2;kwa;ruXAxiH)}/yukwa{napuM;1;eka(yuj2;kwa;ruXAxiH)}/yukwa{napuM;2;eka(yuj2;kwa;ruXAxiH)}	yukwa{puM;2;eka(yuj1;kwa;xivAxiH)}	karma,5.1	viSeRaNam,5.2#karma,5.1#karma,2.1#karwA,2.1#viSeRaNam,7.2#viSeRaNam,3.1	2	05	020	mahABArawam	mOsalaparvaH	-
5.1	pIwa-	-	pIwa-ambaram	pIwa(pA1;kwa;BvAxiH)	pIwa(pA1;kwa;BvAxiH)	samAsaH,5.2	samAsaH,5.2	2	05	020	mahABArawam	mOsalaparvaH	-
5.2	ambaram	-	--	ambara{napuM;1;eka}/ambara{napuM;2;eka}/ambara{puM;2;eka}	ambara{puM;2;eka}	viSeRaNam,4.2	viSeRaNam,7.2#viSeRaNam,4.2#viSeRaNam,3.1#karma,2.1#karwA,2.1	2	05	020	mahABArawam	mOsalaparvaH	-
6.1	lubXakaH	-	lubXakaH	lubXaka{puM;1;eka}	lubXaka{puM;1;eka}	karwA,2.1	karwA,2.1	2	05	020	mahABArawam	mOsalaparvaH	-
7.1	aneka-	-	aneka-bAhum	aneka	aneka	samAsaH,7.2	samAsaH,7.2	2	05	020	mahABArawam	mOsalaparvaH	-
7.2	bAhum	-	--	bAhu{puM;2;eka}	bAhu{puM;2;eka}	viSeRaNam,4.2	viSeRaNam,5.2#viSeRaNam,4.2#viSeRaNam,3.1#karma,5.1#karma,2.1	2	05	020	mahABArawam	mOsalaparvaH	-
8.1	.	-	.	-	-	-	-	2	05	020	mahABArawam	mOsalaparvaH	-
1.1	mawvA	-	mawvA	man2{avya;kwvA;wanAxiH}	man2{avya;kwvA;wanAxiH}	pUrvakAlaH,6.1	pUrvakAlaH,11.1#pUrvakAlaH,6.1	1	05	021	mahABArawam	mOsalaparvaH	-
10.1	Arwa-	-	Arwa-rUpaH	Arwa(Af_q2;kwa;juhowyAxiH)	Arwa(Af_q2;kwa;juhowyAxiH)	samAsaH,10.2	samAsaH,10.2	1	05	021	mahABArawam	mOsalaparvaH	-
10.2	rUpaH	-	--	rUpa{puM;1;eka}	rUpa{puM;1;eka}	viSeRaNam,4.1	viSeRaNam,15.1#viSeRaNam,13.2#viSeRaNam,4.1#prayojakakarwA,11.1#karwA,6.1	1	05	021	mahABArawam	mOsalaparvaH	-
11.1	ASvAsayaw	-	ASvAsayaw	Af_Svi1{Nic;karwari;laf;pra;eka;parasmEpaxI;BvAxiH}	Af_Svi1{Nic;karwari;laf;pra;eka;parasmEpaxI;BvAxiH}	aBihiwa_karwA,13.2;sakarmaka	-	1	05	021	mahABArawam	mOsalaparvaH	-
12.1	wam	-	wam	wax{sarvanAma;puM;2;eka}	wax{sarvanAma;puM;2;eka}	karma,11.1	viSeRaNam,3.1#viSeRaNam,2.1#karma,18.1#karma,15.1#karma,6.1	1	05	021	mahABArawam	mOsalaparvaH	-
13.1	mahaw-	-	mahaw-AwmA	mahaw	mahaw	samAsaH,13.2	samAsaH,13.2	1	05	021	mahABArawam	mOsalaparvaH	-
13.2	AwmA	-	--	Awman{puM;1;eka}	Awman{puM;1;eka}	karwA,11.1	viSeRaNam,15.1#viSeRaNam,10.2#viSeRaNam,4.1#prayojakakarwA,11.1#karwA,6.1	1	05	021	mahABArawam	mOsalaparvaH	-
14.1	waxAnIm	-	waxAnIm	waxAnIm{avya}	waxAnIm{avya}	kAlAXikaraNam,11.1	kAlAXikaraNam,18.1#kAlAXikaraNam,11.1#kAlAXikaraNam,6.1	1	05	021	mahABArawam	mOsalaparvaH	-
15.1	gacCan	-	gacCan	gacCaw{puM;1;eka(gam1;Sawq_lat;BvAxiH)}	gacCaw{puM;1;eka(gam1;Sawq_lat;BvAxiH)}	varwamAnasamAnakAlaH,11.1	varwamAnasamAnakAlaH,11.1#varwamAnasamAnakAlaH,6.1#prayojakakarwA,11.1	1	05	021	mahABArawam	mOsalaparvaH	-
16.1	UrXvam	-	UrXvam	UrXvam{avya}	UrXvam{avya}	karma,15.1	-	1	05	021	mahABArawam	mOsalaparvaH	-
17.1	roxasI	-	roxasI	roxas{napuM;1;xvi}/roxas{napuM;2;xvi}/roxas{napuM;8;xvi}	roxas{napuM;2;xvi}	karma,18.1	karma,18.1#karma,15.1	1	05	021	mahABArawam	mOsalaparvaH	-
18.1	vyApya	-	vyApya	vi_Ap1{avya;lyap;svAxiH}	vi_Ap1{avya;lyap;svAxiH}	pUrvakAlaH,11.1	pUrvakAlaH,11.1#pUrvakAlaH,6.1	1	05	021	mahABArawam	mOsalaparvaH	-
19.1	lakRmyA	-	lakRmyA	lakRmI{swrI;3;eka}	lakRmI{swrI;3;eka}	karaNam,18.1	karaNam,18.1#karaNam,15.1#karaNam,6.1#hewuH,18.1#hewuH,15.1#hewuH,11.1#hewuH,10.1#hewuH,6.1	1	05	021	mahABArawam	mOsalaparvaH	-
2.1	AwmAnam	-	AwmAnam	Awman{puM;2;eka}	Awman{puM;2;eka}	karma,1.1	viSeRaNam,12.1#viSeRaNam,3.1#karma,18.1#karma,6.1	1	05	021	mahABArawam	mOsalaparvaH	-
20.1	.	-	.	-	-	-	-	1	05	021	mahABArawam	mOsalaparvaH	-
3.1	aparAxXam	-	aparAxXam	aparAxXa{puM;2;eka}/aparAxXa{napuM;1;eka}/aparAxXa{napuM;2;eka}	aparAxXa{puM;2;eka}	karma_samAnAXikaraNam,1.1	karma,18.1#karma,6.1#karwA,6.1	1	05	021	mahABArawam	mOsalaparvaH	-
4.1	saH	-	saH	wax{sarvanAma;puM;1;eka}	wax{sarvanAma;puM;1;eka}	karwA,6.1;karwA,1.1	viSeRaNam,15.1#viSeRaNam,13.2#viSeRaNam,10.2#prayojakakarwA,11.1#karwA,6.1	1	05	021	mahABArawam	mOsalaparvaH	-
5.1	wasya	-	wasya	wax{sarvanAma;napuM;6;eka}/wax{sarvanAma;puM;6;eka}	wax{sarvanAma;napuM;6;eka}	RaRTIsambanXaH,7.1	RaRTIsambanXaH,19.1#RaRTIsambanXaH,17.1#RaRTIsambanXaH,10.2#RaRTIsambanXaH,8.1#RaRTIsambanXaH,7.1#RaRTIsambanXaH,3.1	1	05	021	mahABArawam	mOsalaparvaH	-
6.1	jagrAha	-	jagrAha	grah1{karwari;lit;pra;eka;parasmEpaxI;kryAxiH}/grah1{karwari;lit;u;eka;parasmEpaxI;kryAxiH}	grah1{karwari;lit;pra;eka;parasmEpaxI;kryAxiH}	aBihiwa_karwA,4.1;sakarmaka	-	1	05	021	mahABArawam	mOsalaparvaH	-
7.1	pAxO	-	pAxO	pAxa{puM;1;xvi}/pAxa{puM;2;xvi}/pAxa{puM;8;xvi}	pAxa{puM;2;xvi}	karma,6.1	karma,18.1#karma,6.1	1	05	021	mahABArawam	mOsalaparvaH	-
8.1	SirasA	-	SirasA	Siras{napuM;3;eka}	Siras{napuM;3;eka}	karaNam,6.1	karwA,11.1#karwA,10.1#karaNam,18.1#karaNam,15.1#karaNam,6.1#hewuH,18.1#hewuH,15.1#hewuH,11.1#hewuH,10.1#hewuH,6.1	1	05	021	mahABArawam	mOsalaparvaH	-
9.1	ca	-	ca	ca{avya}	ca{avya}	sambanXaH,8.1	sambanXaH,8.1	1	05	021	mahABArawam	mOsalaparvaH	-
1.1	xivam	-	xivam	xiv{swrI;2;eka}/xiva{napuM;1;eka}/xiva{napuM;2;eka}	xiv{swrI;2;eka}	karma,2.1	sup_samucciwaH,17.2#sup_samucciwaH,5.1#gawikarma,2.1#sup_samucciwaH,13.1#sup_samucciwaH,8.1	1	05	022	mahABArawam	mOsalaparvaH	-
10.1	aWa	-	aWa	aWa{avya}	aWa{avya}	sambanXaH,12.1	sup_samucciwaH,14.1#sambanXaH,12.1	1	05	022	mahABArawam	mOsalaparvaH	-
11.1	viSve	-	viSve	viSva{sarvanAma;puM;1;bahu}/viSva{sarvanAma;napuM;1;xvi}/viSva{sarvanAma;napuM;2;xvi}/viSva{puM;7;eka}/viSva{napuM;7;eka}	viSva{sarvanAma;puM;1;bahu}	samucciwaH,17.2	aXikaraNam,16.1#aXikaraNam,12.1#aXikaraNam,2.1#sup_samucciwaH,17.2#karma,16.1#sup_samucciwaH,13.1#karwA,12.1	1	05	022	mahABArawam	mOsalaparvaH	-
12.1	prawyuxyayuH	-	prawyuxyayuH	prawi_uw_yA1{karwari;lit;pra;bahu;parasmEpaxI;axAxiH}	prawi_uw_yA1{karwari;lit;pra;bahu;parasmEpaxI;axAxiH}	-	-	1	05	022	mahABArawam	mOsalaparvaH	-
13.1	munayaH	-	munayaH	muni{puM;1;bahu}/muni{puM;8;bahu}	muni{puM;1;bahu}	samucciwaH,17.2	samboXyaH,16.1#samboXyaH,12.1#samboXyaH,2.1#sup_samucciwaH,17.2#karwA,12.1	1	05	022	mahABArawam	mOsalaparvaH	-
14.1	ca	-	ca	ca{avya}	ca{avya}	samuccaya_xyowakaH,13.1	sup_samuccaya_xyowakaH,13.1#sambanXaH,13.1	1	05	022	mahABArawam	mOsalaparvaH	-
15.1	api	-	api	api{avya}	api{avya}	sambanXaH,14.1	sup_samuccaya_xyowakaH,14.1#sambanXaH,14.1	1	05	022	mahABArawam	mOsalaparvaH	-
16.1	sixXAH	-	sixXAH	sixXa{puM;1;bahu(RiX2;kwa;BvAxiH)}/sixXA{swrI;1;bahu(RiX2;kwa;BvAxiH)}/sixXA{swrI;2;bahu(RiX2;kwa;BvAxiH)}/sixXa{puM;1;bahu(RiX3;kwa;xivAxiH)}/sixXA{swrI;1;bahu(RiX3;kwa;xivAxiH)}/sixXA{swrI;2;bahu(RiX3;kwa;xivAxiH)}	sixXa{puM;1;bahu(RiX2;kwa;BvAxiH)}	samucciwaH,17.2	viSeRaNam,17.2#viSeRaNam,7.2#sup_samucciwaH,17.2#karwA,12.1#viSeRaNam,13.1#viSeRaNam,11.1#viSeRaNam,8.1#viSeRaNam,3.1	1	05	022	mahABArawam	mOsalaparvaH	-
17.1	ganXarva-	-	ganXarva-muKyAH	ganXarva	ganXarva	samAsaH,17.2	samAsaH,17.2	1	05	022	mahABArawam	mOsalaparvaH	-
17.2	muKyAH	-	--	muKya{puM;1;bahu}/muKyA{swrI;1;bahu}/muKyA{swrI;2;bahu}/muKya{puM;8;bahu}/muKyA{swrI;8;bahu}	muKya{puM;1;bahu}	samucciwaH,17.2	viSeRaNam,7.2#viSeRaNam,13.1#viSeRaNam,8.1#viSeRaNam,3.1#viSeRaNam,16.1#karma,16.1#karwA,12.1#viSeRaNam,11.1	1	05	022	mahABArawam	mOsalaparvaH	-
18.1	ca	-	ca	ca{avya}	ca{avya}	samucciwaH,14.1	sup_samucciwaH,14.1#sup_samuccaya_xyowakaH,17.2#sambanXaH,17.2	1	05	022	mahABArawam	mOsalaparvaH	-
19.1	saha	-	saha	saha{avya}	saha{avya}	sahArWa_xyowakaH,20.1	sahArWa_xyowakaH,20.1#kriyAviSeRaNam,16.1#kriyAviSeRaNam,12.1#kriyAviSeRaNam,2.1	1	05	022	mahABArawam	mOsalaparvaH	-
2.1	prApwam	-	prApwam	prApwa{puM;2;eka(pra_Ap1;kwa;svAxiH)}/prApwa{napuM;1;eka(pra_Ap1;kwa;svAxiH)}/prApwa{napuM;2;eka(pra_Ap1;kwa;svAxiH)}	prApwa{puM;2;eka(pra_Ap1;kwa;svAxiH)}	-	viSeRaNam,1.1#sup_samucciwaH,17.2#sup_samucciwaH,5.1#sup_samucciwaH,13.1#sup_samucciwaH,8.1	1	05	022	mahABArawam	mOsalaparvaH	-
20.1	apsaroBiH	-	apsaroBiH	apsaras{swrI;3;bahu}	apsaras{swrI;3;bahu}	sahArWaH,16.1	sahArWaH,16.1#sahArWaH,12.1#sahArWaH,2.1#karwA,16.1#karaNam,2.1#hewuH,16.1#hewuH,12.1#hewuH,2.1	1	05	022	mahABArawam	mOsalaparvaH	-
21.1	.	-	.	-	-	-	-	1	05	022	mahABArawam	mOsalaparvaH	-
3.1	vAsavaH	-	vAsavaH	vAsu{puM;1;bahu}/vAsava{puM;1;eka}/vAsu{puM;8;bahu}	vAsu{puM;1;bahu}	samucciwaH,17.2	sup_samucciwaH,17.2#sup_samucciwaH,13.1#sup_samucciwaH,8.1#sup_samucciwaH,5.1	1	05	022	mahABArawam	mOsalaparvaH	-
4.1	aWa	-	aWa	aWa{avya}	aWa{avya}	sambanXaH,12.1	sambanXaH,12.1	1	05	022	mahABArawam	mOsalaparvaH	-
5.1	aSvinO	-	aSvinO	aSvin{puM;1;xvi}/aSvin{puM;2;xvi}/aSvin{puM;8;xvi}	aSvin{puM;1;xvi}	samucciwaH,17.2	sup_samucciwaH,17.2#gawikarma,2.1#sup_samucciwaH,13.1#sup_samucciwaH,8.1#karwA,12.1	1	05	022	mahABArawam	mOsalaparvaH	-
6.1	ca	-	ca	ca{avya}	ca{avya}	samuccaya_xyowakaH,5.1	sup_samuccaya_xyowakaH,5.1#sambanXaH,5.1	1	05	022	mahABArawam	mOsalaparvaH	-
7.1	ruxra-	-	ruxra-AxiwyAH	ruxra	ruxra	samAsaH,7.2	samAsaH,7.2	1	05	022	mahABArawam	mOsalaparvaH	-
7.2	AxiwyAH	-	--	Axiwya{puM;1;bahu}/Axiwya{puM;8;bahu}/AxiwyA{swrI;8;bahu}/AxiwyA{swrI;1;bahu}/AxiwyA{swrI;2;bahu}	Axiwya{puM;1;bahu}	samucciwaH,17.2	viSeRaNam,17.2#viSeRaNam,16.1#sup_samucciwaH,17.2#gawikarma,2.1#sup_samucciwaH,13.1#sup_samucciwaH,8.1#karwA,12.1#viSeRaNam,13.1#viSeRaNam,8.1#viSeRaNam,3.1#viSeRaNam,11.1	1	05	022	mahABArawam	mOsalaparvaH	-
8.1	vasavaH	-	vasavaH	vasu{puM;1;bahu}/vasu{puM;8;bahu}	vasu{puM;1;bahu}	samucciwaH,17.2	sup_samucciwaH,17.2#sup_samucciwaH,13.1#karwA,12.1	1	05	022	mahABArawam	mOsalaparvaH	-
9.1	ca	-	ca	ca{avya}	ca{avya}	samuccaya_xyowakaH,8.1	sup_samuccaya_xyowakaH,8.1#sambanXaH,8.1	1	05	022	mahABArawam	mOsalaparvaH	-
1.1	wawaH	-	wawaH	wawaH{avya}	wawaH{avya}	sambanXaH,15.1	sambanXaH,15.1#sambanXaH,8.1#kArya_xyowakaH,15.1#kArya_xyowakaH,8.1#apAxAnam,15.1	1	05	023	mahABArawam	mOsalaparvaH	-
10.1	yoga-	-	yoga-AcAryaH	yoga	yoga	samAsaH,10.2	samAsaH,10.2	1	05	023	mahABArawam	mOsalaparvaH	-
10.2	AcAryaH	-	--	AcArya{puM;1;eka}	AcArya{puM;1;eka}	viSeRaNam,5.1	viSeRaNam,17.2#viSeRaNam,8.1#viSeRaNam,6.1#viSeRaNam,5.1#viSeRaNam,3.1#viSeRaNam,2.1#karwA,15.1	1	05	023	mahABArawam	mOsalaparvaH	-
11.1	roxasI	-	roxasI	roxas{napuM;1;xvi}/roxas{napuM;2;xvi}/roxas{napuM;8;xvi}	roxas{napuM;1;xvi}	karma,12.1	karma,15.1#karma,12.1#karma,8.1	1	05	023	mahABArawam	mOsalaparvaH	-
12.1	vyApya	-	vyApya	vi_Ap1{avya;lyap;svAxiH}	vi_Ap1{avya;lyap;svAxiH}	pUrvakAlaH,15.1	pUrvakAlaH,15.1#pUrvakAlaH,8.1	1	05	023	mahABArawam	mOsalaparvaH	-
13.1	lakRmyA	-	lakRmyA	lakRmI{swrI;3;eka}	lakRmI{swrI;3;eka}	sahArWaH,5.1	karaNam,15.1#karaNam,12.1#hewuH,15.1#hewuH,12.1#hewuH,8.1#hewuH,2.1	1	05	023	mahABArawam	mOsalaparvaH	-
14.1	sWAnam	-	sWAnam	sWAna{napuM;1;eka}/sWAna{napuM;2;eka}	sWAna{napuM;1;eka}	karma,15.1	karma,15.1#karma,12.1#karma,8.1#karwA,15.1	1	05	023	mahABArawam	mOsalaparvaH	-
15.1	prApa	-	prApa	pra_Ap1{karwari;lit;pra;eka;parasmEpaxI;svAxiH}/pra_Ap1{karwari{lit;ma;bahu;parasmEpaxI;svAxiH}/pra_Ap1{karwari{lit;u;eka;parasmEpaxI;svAxiH}	pra_Ap1{karwari;lit;pra;eka;parasmEpaxI;svAxiH}	aBihiwa_karwA,5.1	-	1	05	023	mahABArawam	mOsalaparvaH	-
16.1	svam	-	svam	sva{puM;2;eka}/sva{napuM;1;eka}/sva{napuM;2;eka}/sva{sarvanAma;puM;2;eka}/sva{sarvanAma;napuM;1;eka}/sva{sarvanAma;napuM;2;eka}	sva{puM;2;eka}	karma,14.1	viSeRaNam,18.1#viSeRaNam,14.1#karma,15.1#karma,12.1#karwA,15.1	1	05	023	mahABArawam	mOsalaparvaH	-
17.1	mahaw-	-	mahaw-AwmA	mahaw	mahaw	samAsaH,17.2	samAsaH,17.2	1	05	023	mahABArawam	mOsalaparvaH	-
17.2	AwmA	-	--	Awman{puM;1;eka}	Awman{puM;1;eka}	viSeRaNam,5.1	viSeRaNam,10.2#viSeRaNam,8.1#viSeRaNam,6.1#viSeRaNam,5.1#viSeRaNam,3.1#viSeRaNam,2.1#karwA,15.1	1	05	023	mahABArawam	mOsalaparvaH	-
18.1	aprameyam	-	aprameyam	aprameya{puM;2;eka}/aprameya{napuM;1;eka}/aprameya{napuM;2;eka}	aprameya{puM;2;eka}	viSeRaNam,14.1	karma,15.1#karma,12.1#karwA,15.1	1	05	023	mahABArawam	mOsalaparvaH	-
19.1	.	-	.	-	-	-	-	1	05	023	mahABArawam	mOsalaparvaH	-
2.1	rAjan	-	rAjan	rAjan{puM;8;eka}/rAjaw{puM;1;eka(rAj1;Sawq_lat;BvAxiH)}	rAjan{puM;8;eka}	samboXyaH,15.1	varwamAnasamAnakAlaH,15.1#varwamAnasamAnakAlaH,8.1#sup_samucciwaH,8.1#sup_samucciwaH,6.1#samboXyaH,15.1#samboXyaH,8.1	1	05	023	mahABArawam	mOsalaparvaH	-
3.1	BagavAn	-	BagavAn	Bagavaw{puM;1;eka}/Baga{mawup;puM;1;eka}	Bagavaw{puM;1;eka}	viSeRaNam,5.1	viSeRaNam,17.2#viSeRaNam,10.2#viSeRaNam,8.1#viSeRaNam,6.1#viSeRaNam,5.1#viSeRaNam,2.1#sup_samucciwaH,8.1#sup_samucciwaH,6.1	1	05	023	mahABArawam	mOsalaparvaH	-
4.1	ugra-	-	ugra-wejA	ugra	ugra	samAsaH,4.2	-	1	05	023	mahABArawam	mOsalaparvaH	-
4.2	wejAH	-	--	-	-	viSeRaNam,5.1	-	1	05	023	mahABArawam	mOsalaparvaH	-
5.1	nArAyaNaH	-	nArAyaNaH	nArAyaNa{puM;1;eka}	nArAyaNa{puM;1;eka}	karwA,15.1	sup_samucciwaH,8.1#sup_samucciwaH,6.1	1	05	023	mahABArawam	mOsalaparvaH	-
6.1	praBavaH	-	praBavaH	praBu{puM;1;bahu}/praBava{puM;1;eka}	praBu{puM;1;bahu}	viSeRaNam,5.1	viSeRaNam,17.2#viSeRaNam,10.2#viSeRaNam,8.1#viSeRaNam,5.1#viSeRaNam,3.1#viSeRaNam,2.1#sup_samucciwaH,8.1	1	05	023	mahABArawam	mOsalaparvaH	-
7.1	ca	-	ca	ca{avya}	ca{avya}	sambanXaH,6.1	sup_samuccaya_xyowakaH,6.1#sambanXaH,6.1	1	05	023	mahABArawam	mOsalaparvaH	-
8.1	avyayaH	-	avyayaH	avyaya{puM;1;eka}/vye1{karwari;laf;ma;eka;parasmEpaxI;BvAxiH}	avyaya{puM;1;eka}	viSeRaNam,5.1	viSeRaNam,17.2#viSeRaNam,10.2#viSeRaNam,6.1#viSeRaNam,5.1#viSeRaNam,3.1#viSeRaNam,2.1#karwA,15.1	1	05	023	mahABArawam	mOsalaparvaH	-
9.1	ca	-	ca	ca{avya}	ca{avya}	sambanXaH,8.1	sup_samuccaya_xyowakaH,8.1#sambanXaH,8.1	1	05	023	mahABArawam	mOsalaparvaH	-
1.1	wawaH	-	wawaH	wawaH{avya}	wawaH{avya}	sambanXaH,19.1	sup_samucciwaH,4.1#sambanXaH,7.1#kArya_xyowakaH,7.1	1	05	024	mahABArawam	mOsalaparvaH	-
10.1	rAjan	-	rAjan	rAjan{puM;8;eka}/rAjaw{puM;1;eka(rAj1;Sawq_lat;BvAxiH)}	rAjan{puM;8;eka}	samboXyaH,19.1	varwamAnasamAnakAlaH,7.1#gawikarwA,7.1#samboXyaH,7.1	1	05	024	mahABArawam	mOsalaparvaH	-
11.1	ganXarva-	-	ganXarva-agryEH	ganXarva	ganXarva	samAsaH,11.2	samAsaH,11.2	1	05	024	mahABArawam	mOsalaparvaH	-
11.2	agryEH	-	--	agrya{puM;3;bahu}/agrya{napuM;3;bahu}	agrya{puM;3;bahu}	samucciwaH,17.1	viSeRaNam,14.1#sahArWaH,7.1#karwA,14.1#karaNam,18.1#hewuH,18.1#hewuH,14.1#hewuH,10.1#hewuH,7.1#viSeRaNam,3.1#viSeRaNam,2.1	1	05	024	mahABArawam	mOsalaparvaH	-
12.1	apsaroBiH	-	apsaroBiH	apsaras{swrI;3;bahu}	apsaras{swrI;3;bahu}	samucciwaH,17.1	sahArWaH,7.1#karwA,14.1#karaNam,18.1#hewuH,18.1#hewuH,14.1#hewuH,10.1#hewuH,7.1	1	05	024	mahABArawam	mOsalaparvaH	-
13.1	varABiH	-	varABiH	varA{swrI;3;bahu}	varA{swrI;3;bahu}	samucciwaH,17.1	sahArWaH,7.1#karwA,14.1#karaNam,18.1#hewuH,18.1#hewuH,14.1#hewuH,10.1#hewuH,7.1	1	05	024	mahABArawam	mOsalaparvaH	-
14.1	sixXEH	-	sixXEH	sixXa{puM;3;bahu(RiX2;kwa;BvAxiH)}/sixXa{napuM;3;bahu(RiX2;kwa;BvAxiH)}/sixXa{puM;3;bahu(RiX3;kwa;xivAxiH)}/sixXa{napuM;3;bahu(RiX3;kwa;xivAxiH)}	sixXa{puM;3;bahu(RiX2;kwa;BvAxiH)}	samucciwaH,17.1	sahArWaH,7.1#karaNam,18.1#hewuH,18.1#hewuH,10.1#hewuH,7.1	1	05	024	mahABArawam	mOsalaparvaH	-
15.1	sAXyEH	-	sAXyEH	-	-	samucciwaH,17.1	-	1	05	024	mahABArawam	mOsalaparvaH	-
16.1	ca	-	ca	ca{avya}	ca{avya}	sambanXaH,15.1	-	1	05	024	mahABArawam	mOsalaparvaH	-
17.1	AnawEH	-	AnawEH	-	-	karwA,18.1	-	1	05	024	mahABArawam	mOsalaparvaH	-
18.1	pUjyamAnaH	-	pUjyamAnaH	pUjyamAna{puM;1;eka(pUj1;SAnac_lat;karmaNi;curAxiH)}	pUjyamAna{puM;1;eka(pUj1;SAnac_lat;karmaNi;curAxiH)}	viXeya_viSeRaNam,6.1	varwamAnasamAnakAlaH,7.1	1	05	024	mahABArawam	mOsalaparvaH	-
19.1	(AsIw)	-	AsIw	as2{karwari;laf;pra;eka;parasmEpaxI;axAxiH}	as2{karwari;laf;pra;eka;parasmEpaxI;axAxiH}	aBihiwa_karwA,6.1,akarmaka	-	1	05	024	mahABArawam	mOsalaparvaH	-
2.1	xevEH	-	xevEH	xeva{puM;3;bahu}	xeva{puM;3;bahu}	samucciwaH,17.1	sup_samucciwaH,3.1#sahArWaH,7.1#karaNam,18.1#hewuH,18.1#hewuH,14.1#hewuH,10.1#hewuH,7.1	1	05	024	mahABArawam	mOsalaparvaH	-
20.1	.	-	.	-	-	-	-	1	05	024	mahABArawam	mOsalaparvaH	-
3.1	qRiBiH	-	qRiBiH	qRi{puM;3;bahu}	qRi{puM;3;bahu}	samucciwaH,17.1	sahArWaH,7.1#hewuH,18.1#hewuH,14.1#hewuH,10.1#hewuH,7.1	1	05	024	mahABArawam	mOsalaparvaH	-
4.1	ca	-	ca	ca{avya}	ca{avya}	sambanXaH,19.1	sup_samuccaya_xyowakaH,3.1#sambanXaH,3.1	1	05	024	mahABArawam	mOsalaparvaH	-
5.1	api	-	api	api{avya}	api{avya}	sambanXaH,4.1	sup_samuccaya_xyowakaH,4.1#sambanXaH,4.1	1	05	024	mahABArawam	mOsalaparvaH	-
6.1	kqRNaH	-	kqRNaH	kqRNa{puM;1;eka}	kqRNa{puM;1;eka}	karwA,19.1	viSeRaNam,18.1#viSeRaNam,10.1#viSeRaNam,7.1#gawikarwA,7.1	1	05	024	mahABArawam	mOsalaparvaH	-
7.1	samAgawaH	-	samAgawaH	samAgawa{puM;1;eka(sam_Af_gam1;kwa;BvAxiH)}	samAgawa{puM;1;eka(sam_Af_gam1;kwa;BvAxiH)}	viSeRaNam,6.1	-	1	05	024	mahABArawam	mOsalaparvaH	-
8.1	cAraNEH	-	cAraNEH	-	-	samucciwaH,17.1	-	1	05	024	mahABArawam	mOsalaparvaH	-
9.1	cEva	-	cEva	cEva{avya}	cEva{avya}	sambanXaH,8.1	-	1	05	024	mahABArawam	mOsalaparvaH	-
1.1	we	-	we	wax{sarvanAma;puM;1;bahu}/wax{sarvanAma;napuM;1;xvi}/wax{sarvanAma;napuM;2;xvi}/wax{sarvanAma;swrI;1;xvi}/wax{sarvanAma;swrI;2;xvi}/yuRmax{sarvanAma;6;eka}/yuRmax{sarvanAma;4;eka}	wax{sarvanAma;puM;1;bahu}	viSeRaNam,3.1	prayojanam1,19.1#prayojanam1,14.1#prayojanam1,13.1#prayojanam1,5.1#RaRTIsambanXaH,18.1#RaRTIsambanXaH,15.1#RaRTIsambanXaH,10.1#RaRTIsambanXaH,9.1#RaRTIsambanXaH,7.1#RaRTIsambanXaH,5.1#RaRTIsambanXaH,3.1#sup_samucciwaH,10.1#viSeRaNam,14.1#viSeRaNam,10.1#viSeRaNam,6.2#viSeRaNam,3.1	1	05	025	mahABArawam	mOsalaparvaH	-
10.1	ganXarvAH	-	ganXarvAH	ganXarva{puM;1;bahu}/ganXarva{puM;8;bahu}	ganXarva{puM;1;bahu}	karwA,13.1	karwA,13.1	1	05	025	mahABArawam	mOsalaparvaH	-
11.1	ca	-	ca	ca{avya}	ca{avya}	sambanXaH,10.1	sup_samuccaya_xyowakaH,10.1#sambanXaH,10.1	1	05	025	mahABArawam	mOsalaparvaH	-
12.1	api	-	api	api{avya}	api{avya}	sambanXaH,11.1	sambanXaH,11.1	1	05	025	mahABArawam	mOsalaparvaH	-
13.1	upawasWuH	-	upawasWuH	upa_RWA1{karwari;lit;pra;bahu;parasmEpaxI;BvAxiH}	upa_RWA1{karwari;lit;pra;bahu;parasmEpaxI;BvAxiH}	aBihiwa_karwA,10.1;sakarmaka	-	1	05	025	mahABArawam	mOsalaparvaH	-
14.1	swuvanwaH	-	swuvanwaH	swuvaw{puM;1;bahu(Rwu1;Sawq_lat;axAxiH)}	swuvaw{puM;1;bahu(Rwu1;Sawq_lat;axAxiH)}	varwamAnasamAnakAlaH,13.1	varwamAnasamAnakAlaH,19.1#varwamAnasamAnakAlaH,13.1#karwA,13.1	1	05	025	mahABArawam	mOsalaparvaH	-
15.1	prIwyA	-	prIwyA	prIwi{swrI;3;eka}	prIwi{swrI;3;eka}	kriyAviSeRaNam,19.1	kriyAviSeRaNam,19.1#kriyAviSeRaNam,14.1#kriyAviSeRaNam,13.1#kriyAviSeRaNam,5.1#hewuH,19.1#hewuH,14.1#hewuH,13.1#hewuH,5.1	1	05	025	mahABArawam	mOsalaparvaH	-
16.1	ca	-	ca	ca{avya}	ca{avya}	sambanXaH,15.1	sup_samuccaya_xyowakaH,15.1#sambanXaH,15.1	1	05	025	mahABArawam	mOsalaparvaH	-
17.1	enam	-	enam	ixam{sarvanAma;puM;2;eka}	ixam{sarvanAma;puM;2;eka}	karma,19.1	viSeRaNam,9.1#karma,19.1#karma,14.1#karma,13.1	1	05	025	mahABArawam	mOsalaparvaH	-
18.1	puruhUwaH	-	puruhUwaH	puruhUwa{puM;1;eka}	puruhUwa{puM;1;eka}	karwA,19.1	-	1	05	025	mahABArawam	mOsalaparvaH	-
19.1	aByananxawa	-	aByananxawa	aBi_nax1{karwari;laf;ma;bahu;parasmEpaxI;BvAxiH}	aBi_nax1{karwari;laf;ma;bahu;parasmEpaxI;BvAxiH}	aBihiwa_karwA,18.1,sakarmaka	-	1	05	025	mahABArawam	mOsalaparvaH	-
2.1	vE	-	vE	vE{avya}	vE{avya}	sambanXaH,1.1	sambanXaH,1.1	1	05	025	mahABArawam	mOsalaparvaH	-
20.1	.	-	.	-	-	-	-	1	05	025	mahABArawam	mOsalaparvaH	-
3.1	xevAH	-	xevAH	xeva{puM;1;bahu}/xeva{puM;8;bahu}	xeva{puM;1;bahu}	samucciwaH,10.1	sup_samucciwaH,10.1	1	05	025	mahABArawam	mOsalaparvaH	-
4.1	prawyananxanwa	-	prawyananxanwaH	-	-	aBihiwa_karwA,3.1;sakarmaka	-	1	05	025	mahABArawam	mOsalaparvaH	-
5.1	rAjan	-	rAjan	rAjan{puM;8;eka}/rAjaw{puM;1;eka(rAj1;Sawq_lat;BvAxiH)}	rAjaw{puM;1;eka(rAj1;Sawq_lat;BvAxiH)}	samboXyaH,4.1	sup_samucciwaH,10.1#samboXyaH,19.1#samboXyaH,13.1	1	05	025	mahABArawam	mOsalaparvaH	-
6.1	muni-	-	muni-SreRTAH	muni	muni	samAsaH,6.2	samAsaH,6.2	1	05	025	mahABArawam	mOsalaparvaH	-
6.2	SreRTAH	-	--	SreRTa{puM;1;bahu}/SreRTA{swrI;1;bahu}/SreRTA{swrI;2;bahu}/SreRTa{puM;8;bahu}/SreRTA{swrI;8;bahu}	SreRTa{puM;1;bahu}	karwA,8.1	viSeRaNam,10.1#viSeRaNam,3.1#karma,13.1#sup_samucciwaH,10.1#viSeRaNam,14.1	1	05	025	mahABArawam	mOsalaparvaH	-
7.1	vAgBiH	-	vAgBiH	vAc{swrI;3;bahu}	vAc{swrI;3;bahu}	karaNam,8.1	sup_samucciwaH,15.1#hewuH,19.1#hewuH,14.1#hewuH,13.1#hewuH,5.1	1	05	025	mahABArawam	mOsalaparvaH	-
8.1	AnarcuH	-	AnarcuH	-	-	aBihiwa_karwA,6.2	-	1	05	025	mahABArawam	mOsalaparvaH	-
9.1	ISam	-	ISam	ISa{puM;2;eka}	ISa{puM;2;eka}	karma,8.1	karma,14.1#karma,13.1	1	05	025	mahABArawam	mOsalaparvaH	-
1.1	xArukaH	-	xArukaH	xAruka{puM;1;eka}	xAruka{puM;1;eka}	karwA,8.1	karwA,8.1	1	06	001	mahABArawam	mOsalaparvaH	-
10.1	vqRNIn	-	vqRNIn	vqRNi{puM;2;bahu}	vqRNi{puM;2;bahu}	muKyakarma,8.1	muKyakarma,8.1	1	06	001	mahABArawam	mOsalaparvaH	-
11.1	anya-	-	anya-anyena	anya	anya	samAsaH,11.2	samAsaH,11.2	1	06	001	mahABArawam	mOsalaparvaH	-
11.2	anyena	-	--	anya{sarvanAma;puM;3;eka}/anya{sarvanAma;napuM;3;eka}/anya{puM;3;eka}	anya{sarvanAma;puM;3;eka}	sambanXaH,12.1	sambanXaH,12.1	1	06	001	mahABArawam	mOsalaparvaH	-
12.1	upasaMhqwAn	-	upasaMhqwAn	-	-	viSeRaNam,10.1	viSeRaNam,10.1	1	06	001	mahABArawam	mOsalaparvaH	-
13.1	.	-	.	-	-	-	-	1	06	001	mahABArawam	mOsalaparvaH	-
2.1	api	-	api	api{avya}	api{avya}	sambanXaH,1.1	sambanXaH,1.1	1	06	001	mahABArawam	mOsalaparvaH	-
3.1	kurUn	-	kurUn	kuru{puM;2;bahu}	kuru{puM;2;bahu}	karma,4.1	viSeRaNam,6.1#karma,8.1#karma,4.1#awyanwasaMyoga_sambanXaH,4.1#karma,4.1	1	06	001	mahABArawam	mOsalaparvaH	-
4.1	gawvA	-	gawvA	gam1{avya;kwvA;BvAxiH}	gam1{avya;kwvA;BvAxiH}	pUrvakAlaH,5.1	pUrvakAlaH,5.1	1	06	001	mahABArawam	mOsalaparvaH	-
5.1	xqRtvA	-	xqRtvA	xqS1{avya;kwvA;BvAxiH}	xqS1{avya;kwvA;BvAxiH}	pUrvakAlaH,8.1	pUrvakAlaH,8.1	1	06	001	mahABArawam	mOsalaparvaH	-
6.1	pArWAn	-	pArWAn	pArWa{puM;2;bahu}	pArWa{puM;2;bahu}	karma,5.1;gONakarma,8.1	karma,5.1;gONakarma,8.1	1	06	001	mahABArawam	mOsalaparvaH	-
7.1	mahaw-	-	mahaw-raWAn	mahaw	mahaw	samAsaH,7.2	samAsaH,7.2	1	06	001	mahABArawam	mOsalaparvaH	-
7.2	raWAn	-	--	raWa{puM;2;bahu}	raWa{puM;2;bahu}	viSeRaNam,6.1	viSeRaNam,6.1	1	06	001	mahABArawam	mOsalaparvaH	-
8.1	AcaRta	-	AcaRta	Af_cakR1{karwari;laf;pra;eka;AwmanepaxI;axAxiH}	Af_cakR1{karwari;laf;pra;eka;AwmanepaxI;axAxiH}	aBihiwa_karwA,1.1	aBihiwa_karwA,1.1	1	06	001	mahABArawam	mOsalaparvaH	-
9.1	mOsale	-	mOsale	mOsala{puM;7;eka}/mOsala{napuM;7;eka}	mOsala{napuM;7;eka}	aXikaraNam,12.1	aXikaraNam,12.1	1	06	001	mahABArawam	mOsalaparvaH	-
-	-	-	-	-	-	-	-	1	06	002	mahABArawam	mOsalaparvaH	-
-	-	-	-	-	-	-	-	1	06	002	mahABArawam	mOsalaparvaH	-
-	-	-	-	-	-	             	-	1	06	002	mahABArawam	mOsalaparvaH	-
-	-	-	-	-	-	-	-	1	06	002	mahABArawam	mOsalaparvaH	-
-	-	-	-	-	-	-	-	1	06	002	mahABArawam	mOsalaparvaH	-
-	-	-	-	-	-	-	-	1	06	002	mahABArawam	mOsalaparvaH	-
-	-	-	-	-	-	-	-	1	06	002	mahABArawam	mOsalaparvaH	-
-	-	-	-	-	-	-	-	1	06	002	mahABArawam	mOsalaparvaH	-
1.1	SruwvA	-	SruwvA	Sru1{avya;kwvA;BvAxiH}	Sru1{avya;kwvA;BvAxiH}	pUrvakAlaH,8.1	pUrvakAlaH,8.1	1	06	002	mahABArawam	mOsalaparvaH	-
2.1	vinaRtAn	-	vinaRtAn	vinaRta{puM;2;bahu}	vinaRta{puM;2;bahu}	karma,1.1	karma,1.1	1	06	002	mahABArawam	mOsalaparvaH	-
3.1	vArRNeyAn	-	vArRNeyAn	vArRNeya{puM;2;bahu}	vArRNeya{puM;2;bahu}	viSeRaNam,2.1	viSeRaNam,2.1	1	06	002	mahABArawam	mOsalaparvaH	-
4.1	sa-	-	sa-Boja-kakura-anXakAn	sa	sa	samAsaH,4.4	samAsaH,4.4	1	06	002	mahABArawam	mOsalaparvaH	-
4.2	Boja-	-	--	Boja(Buj1;GaF;wuxAxiH)}/Boja(Buj2{GaF;ruXAxiH)	Boja(Buj1;GaF;wuxAxiH)	samAsaH,4.4	samAsaH,4.4	1	06	002	mahABArawam	mOsalaparvaH	-
4.3	kakura-	-	--	kakura	kakura	samAsaH,4.4	samAsaH,4.4	1	06	002	mahABArawam	mOsalaparvaH	-
4.4	anXakAn	-	--	anXaka{puM;2;bahu}	anXaka{puM;2;bahu}	samucciwaH,3.1	viSeRaNam,7.2#viSeRaNam,3.1#viSeRaNam,2.1#karma,1.1#samucciwaH,3.1	1	06	002	mahABArawam	mOsalaparvaH	-
5.1	pANdavAH	-	pANdavAH	pANdava{puM;1;bahu}/pANdava{puM;8;bahu}	pANdava{puM;1;bahu}	karwA,8.1	karwA,8.1	1	06	002	mahABArawam	mOsalaparvaH	-
6.1	Soka-	-	Soka-sanwapwAH	Soka	Soka	samAsaH,6.2	samAsaH,6.2	1	06	002	mahABArawam	mOsalaparvaH	-
6.2	sanwapwAH	-	--	sanwapwa{puM;1;bahu}/sanwapwA{swrI;1;bahu(sam_wap1;kwa;BvAxiH)}/sanwapwA{swrI;2;bahu(sam_wap1;kwa;BvAxiH)}/sanwapwa{puM;8;bahu}/sanwapwA{swrI;8;bahu}	sanwapwA{swrI;1;bahu(sam_wap1;kwa;BvAxiH)}	samucciwaH,7.2	viSeRaNam,7.2#viSeRaNam,5.1#karma,1.1#viXeya_viSeRaNam,5.1#karwA_be_verbs,8.1#samucciwaH,7.2	1	06	002	mahABArawam	mOsalaparvaH	-
7.1	viwraswa-	-	viwraswa-manasaH	viwraswa(vi_wras1;kwa;xivAxiH)	viwraswa(vi_wras1;kwa;xivAxiH)	samAsaH,7.2	samAsaH,7.2	1	06	002	mahABArawam	mOsalaparvaH	-
7.2	manasaH	-	--	manas{napuM;5;eka}/manas{napuM;6;eka}/manas{puM;8;bahu}/manas{puM;1;bahu}/manas{puM;2;bahu}/manas{puM;5;eka}/manas{puM;6;eka}/manasa{puM;1;eka}	manas{puM;1;bahu}	viXeya_viSeRaNam,5.1	RaRTIsambanXaH,6.2#RaRTIsambanXaH,5.1#RaRTIsambanXaH,4.4#RaRTIsambanXaH,3.1#RaRTIsambanXaH,2.1#hewuH5,8.1#hewuH5,6.2#hewuH5,4.2#hewuH5,1.1#apAxAnam,4.2#apAxAnam,1.1#viSeRaNam,4.4#viSeRaNam,3.1#viSeRaNam,2.1#karma,1.1#viXeya_viSeRaNam,6.2#viXeya_viSeRaNam,5.1#karwA_be_verbs,8.1#viXeya_viSeRaNam,5.1	1	06	002	mahABArawam	mOsalaparvaH	-
8.1	aBavan	-	aBavan	BU1{karwari;laf;pra;bahu;parasmEpaxI;BvAxiH}	BU1{karwari;laf;pra;bahu;parasmEpaxI;BvAxiH}	aBihiwa_karwA,5.1;sakarmaka	aBihiwa_karwA,5.1;sakarmaka	1	06	002	mahABArawam	mOsalaparvaH	-
9.1	.	-	.	-	-	-	-	1	06	002	mahABArawam	mOsalaparvaH	-
1.1	wawaH	-	wawaH	wawaH{avya}	wawaH{avya}	sambanXaH,8.1	sambanXaH,16.1#sambanXaH,13.1#sambanXaH,8.1#kArya_xyowakaH,16.1#kArya_xyowakaH,13.1#kArya_xyowakaH,8.1	1	06	003	mahABArawam	mOsalaparvaH	-
10.1	xraRtum	-	xraRtum	xqS1{avya;wumun;BvAxiH}	xqS1{avya;wumun;BvAxiH}	prayojanam,8.1	prayojanam1,16.1#prayojanam1,8.1#prayojanam1,4.1	1	06	003	mahABArawam	mOsalaparvaH	-
11.1	na	-	na	na{avya}	na{avya}	prawiReXaH,13.1	prawiReXaH,16.1#prawiReXaH,13.1	1	06	003	mahABArawam	mOsalaparvaH	-
12.1	ixam	-	ixam	ixam{sarvanAma;napuM;1;eka}/ixam{sarvanAma;napuM;2;eka}	ixam{sarvanAma;napuM;1;eka}	karwA,13.1	karwA,13.1#muKyakarma,16.1#karma,10.1#karma,8.1#karma,4.1#karwA_be_verbs,13.1#karwA,16.1#karwA,8.1	1	06	003	mahABArawam	mOsalaparvaH	-
13.1	aswi	-	aswi	as2{karwari;lat;pra;eka;parasmEpaxI;axAxiH}	as2{karwari;lat;pra;eka;parasmEpaxI;axAxiH}	aBihiwa_karwA,12.1;vAkyakarma,16.1	aBihiwa_karwA,12.1;vAkyakarma,16.1	1	06	003	mahABArawam	mOsalaparvaH	-
14.1	iwi	-	iwi	iwi{avya}	iwi{avya}	vAkyakarma_xyowakaH,13.1	vAkyakarma_xyowakaH,13.1#vAkyakarma_xyowakaH,8.1	1	06	003	mahABArawam	mOsalaparvaH	-
15.1	ca	-	ca	ca{avya}	ca{avya}	sambanXaH,14.1	sambanXaH,14.1	1	06	003	mahABArawam	mOsalaparvaH	-
16.1	abravIw	-	abravIw	brU1{karwari;laf;pra;eka;parasmEpaxI;axAxiH}	brU1{karwari;laf;pra;eka;parasmEpaxI;axAxiH}	aBihiwa_karwA,2.1	aBihiwa_karwA,2.1	1	06	003	mahABArawam	mOsalaparvaH	-
17.1	.	-	.	-	-	-	-	1	06	003	mahABArawam	mOsalaparvaH	-
2.1	arjunaH	-	arjunaH	arjuna{puM;1;eka}	arjuna{puM;1;eka}	karwA,8.1	karwA,8.1	1	06	003	mahABArawam	mOsalaparvaH	-
3.1	wAn	-	wAn	wax{sarvanAma;puM;2;bahu}	wax{sarvanAma;puM;2;bahu}	karma,4.1	karma,10.1#karma,8.1#karma,4.1	1	06	003	mahABArawam	mOsalaparvaH	-
4.1	Amanwrya	-	Amanwrya	Af_mawr1{avya;lyap;curAxiH}	Af_mawr1{avya;lyap;curAxiH}	pUrvakAlaH,8.1	pUrvakAlaH,16.1#pUrvakAlaH,8.1	1	06	003	mahABArawam	mOsalaparvaH	-
5.1	keSavasya	-	keSavasya	keSava{puM;6;eka}	keSava{puM;6;eka}	RaRTIsambanXaH,7.1	karma,10.1#RaRTIsambanXaH,9.1#RaRTIsambanXaH,7.1#RaRTIsambanXaH,2.1	1	06	003	mahABArawam	mOsalaparvaH	-
6.1	priyaH	-	priyaH	priya{puM;1;eka}	priya{puM;1;eka}	viSeRaNam,7.1	viXeya_viSeRaNam,2.1#viSeRaNam,7.1#karwA_be_verbs,13.1#karwA,8.1	1	06	003	mahABArawam	mOsalaparvaH	-
7.1	saKA	-	saKA	saKi{puM;1;eka}/saKI{swrI;1;eka}	saKi{puM;1;eka}	viSeRaNam,2.1	karwA_be_verbs,13.1#karwA,8.1#viXeya_viSeRaNam,6.1#viXeya_viSeRaNam,2.1#aBexaH,2.1	1	06	003	mahABArawam	mOsalaparvaH	-
8.1	prayayO	-	prayayO	pra_yA1{karwari;lit;pra;eka;parasmEpaxI;axAxiH}/pra_yA1{karwari{lit;u;eka;parasmEpaxI;axAxiH}	pra_yA1{karwari;lit;pra;eka;parasmEpaxI;axAxiH}	aBihiwa_karwA,2.1	aBihiwa_karwA,2.1#vAkyakarma,16.1#vAkyakarma,10.1#vAkyakarma,4.1	1	06	003	mahABArawam	mOsalaparvaH	-
9.1	mAwulam	-	mAwulam	mAwula{puM;2;eka}	mAwula{puM;2;eka}	karma,10.1	muKyakarma,16.1#karma,10.1#karma,8.1#karma,4.1#gONakarma,16.1	1	06	003	mahABArawam	mOsalaparvaH	-
1.1	saH	-	saH	wax{sarvanAma;puM;1;eka}	wax{sarvanAma;puM;1;eka}	karwA,7.1	viSeRaNam,9.1#karwA,7.1	1	06	004	mahABArawam	mOsalaparvaH	-
10.1	mqwa-	-	mqwa-nAWAm	mqwa(mq1;kwa;wuxAxiH)	mqwa(mq1;kwa;wuxAxiH)	samAsaH,10.2	samAsaH,10.2	1	06	004	mahABArawam	mOsalaparvaH	-
10.2	nAWAm	-	--	nAWA{swrI;2;eka}	nAWA{swrI;2;eka}	viSeRaNam,12.1	viSeRaNam,12.1#upamAnam,12.1#karma,7.1#karma,3.1	1	06	004	mahABArawam	mOsalaparvaH	-
11.1	iva	-	iva	iva{avya}	iva{avya}	upamAna_xyowakaH,12.1	upamAna_xyowakaH,12.1#upamAnam_rahiwa_upamAna_xyowakaH,12.1#upamAna_xyowakaH,10.2	1	06	004	mahABArawam	mOsalaparvaH	-
12.1	swriyam	-	swriyam	swrI{swrI;2;eka}	swrI{swrI;2;eka}	upamAnam,8.1	karma,7.1#karma,3.1#upamAnam,8.1	1	06	004	mahABArawam	mOsalaparvaH	-
13.1	.	-	.	-	-	-	-	1	06	004	mahABArawam	mOsalaparvaH	-
2.1	vqRNi-	-	vqRNi-nilayam	vqRNi	vqRNi	samAsaH,2.2	samAsaH,2.2	1	06	004	mahABArawam	mOsalaparvaH	-
2.2	nilayam	-	--	nilaya{puM;2;eka(ni_lI1;GaF;xivAxiH)}/nilaya{napuM;1;eka}/nilaya{napuM;2;eka}	nilaya{puM;2;eka(ni_lI1;GaF;xivAxiH)}	viSeRaNam,8.1	viSeRaNam,8.1#karma,7.1#karma,3.1#karwA,7.1#viSeRaNam,12.1#viSeRaNam,10.2	1	06	004	mahABArawam	mOsalaparvaH	-
3.1	gawvA	-	gawvA	gam1{avya;kwvA;BvAxiH}	gam1{avya;kwvA;BvAxiH}	pUrvakAlaH,7.1	pUrvakAlaH,7.1	1	06	004	mahABArawam	mOsalaparvaH	-
4.1	xArukeNa	-	xArukeNa	xAruka{puM;3;eka}	xAruka{puM;3;eka}	sahArWaH,3.1	sahArWaH,3.1#sahArWaH,10.1#sahArWaH,7.1#sahArWaH,3.1#sahArWaH,2.2#karaNam,7.1#karaNam,3.1#hewuH,10.1#hewuH,7.1#hewuH,3.1#hewuH,2.2	1	06	004	mahABArawam	mOsalaparvaH	-
5.1	saha	-	saha	saha{avya}	saha{avya}	sahArWa_xyowakaH,4.1	sahArWa_xyowakaH,4.1#kriyAviSeRaNam,7.1#kriyAviSeRaNam,3.1	1	06	004	mahABArawam	mOsalaparvaH	-
6.1	praBo	-	praBo	praBu{puM;8;eka}/praBu{napuM;8;eka}	praBu{puM;8;eka}	samboXyaH,7.1	samboXyaH,7.1	1	06	004	mahABArawam	mOsalaparvaH	-
7.1	xaxarSa	-	xaxarSa	xqS1{karwari;lit;pra;eka;parasmEpaxI;BvAxiH}/xqS1{karwari;lit;u;eka;parasmEpaxI;BvAxiH}	xqS1{karwari;lit;pra;eka;parasmEpaxI;BvAxiH}	aBihiwa_karwA,9.1;sakarmaka	aBihiwa_karwA,9.1;sakarmaka	1	06	004	mahABArawam	mOsalaparvaH	-
8.1	xvArakAm	-	xvArakAm	xvArakA{swrI;2;eka}	xvArakA{swrI;2;eka}	karma,7.1	karma,7.1	1	06	004	mahABArawam	mOsalaparvaH	-
9.1	vIraH	-	vIraH	vIra{puM;1;eka}	vIra{puM;1;eka}	viSeRaNam,1.1	viSeRaNam,1.1#karwA,7.1	1	06	004	mahABArawam	mOsalaparvaH	-
1.1	yAH	-	yAH	yax{sarvanAma;swrI;1;bahu}/yax{sarvanAma;swrI;2;bahu}	yax{sarvanAma;swrI;1;bahu}	karwA,7.1;niwyasambanXaH,8.1	karwA,7.1;niwyasambanXaH,8.1#viSeRaNam,9.2#viSeRaNam,7.1#viSeRaNam,3.1#niwya_sambanXaH1,7.1#niwya_sambanXaH1,3.1#karma,13.1	1	06	005	mahABArawam	mOsalaparvaH	-
10.1	a-	-	a-nAWAH	a	a	samAsaH,9.2	samAsaH,9.2	1	06	005	mahABArawam	mOsalaparvaH	-
10.2	nAWAH	-	--	nAWa{puM;1;bahu}/nAWa{puM;8;bahu}/nAWA{swrI;8;bahu}/nAWA{swrI;1;bahu}/nAWA{swrI;2;bahu}	nAWA{swrI;1;bahu}	viSeRaNam,8.1	viSeRaNam,8.1#viSeRaNam,7.1#viSeRaNam,3.1#viSeRaNam,1.1#karma,13.1#karwA,14.1	1	06	005	mahABArawam	mOsalaparvaH	-
11.1	waxA	-	waxA	waxA{avya}	waxA{avya}	kAlAXikaraNam,15.1	kAlAXikaraNam,15.1	1	06	005	mahABArawam	mOsalaparvaH	-
12.1	nAWam	-	nAWam	nAWa{puM;2;eka}	nAWa{puM;2;eka}	viSeRaNam,13.1	viSeRaNam,13.1#viSeRaNam,12.1#karma,13.1	1	06	005	mahABArawam	mOsalaparvaH	-
13.1	pArWam	-	pArWam	pArWa{puM;2;eka}	pArWa{puM;2;eka}	karma,14.1	karma,14.1	1	06	005	mahABArawam	mOsalaparvaH	-
14.1	xqRtvA	-	xqRtvA	xqS1{avya;kwvA;BvAxiH}	xqS1{avya;kwvA;BvAxiH}	pUrvakAlaH,15.1	pUrvakAlaH,15.1	1	06	005	mahABArawam	mOsalaparvaH	-
15.1	vicukruSuH	-	vicukruSuH	vi_kruS1{karwari;lit;pra;bahu;parasmEpaxI;BvAxiH}	vi_kruS1{karwari;lit;pra;bahu;parasmEpaxI;BvAxiH}	aBihiwa_karwA,8.1;sakarmaka	aBihiwa_karwA,8.1;sakarmaka	1	06	005	mahABArawam	mOsalaparvaH	-
16.1	.	-	.	-	-	-	-	1	06	005	mahABArawam	mOsalaparvaH	-
2.1	sma	-	sma	sma{avya}	sma{avya}	sambanXaH,7.1	sambanXaH,7.1	1	06	005	mahABArawam	mOsalaparvaH	-
3.1	wAH	-	wAH	wax{sarvanAma;swrI;1;bahu}/wax{sarvanAma;swrI;2;bahu}	wax{sarvanAma;swrI;1;bahu}	sambanXaH,1.1	sambanXaH,1.1#viSeRaNam,9.2#viSeRaNam,7.1#viSeRaNam,1.1#karma,13.1	1	06	005	mahABArawam	mOsalaparvaH	-
4.1	loka-	-	loka-nAWena	loka	loka	samAsaH,4.2	samAsaH,4.2	1	06	005	mahABArawam	mOsalaparvaH	-
4.2	nAWena	-	--	nAWa{puM;3;eka}/nAWa{napuM;3;eka}	nAWa{puM;3;eka}	hewuH,5.1	hewuH,5.1#karaNam,13.1#hewuH,14.1#hewuH,13.1	1	06	005	mahABArawam	mOsalaparvaH	-
5.1	nAWavawyaH	-	nAWavawyaH	nAWa{mawup;swrI;1;bahu}	nAWa{mawup;swrI;1;bahu}	viSeRaNam,1.1	viSeRaNam,9.2#viSeRaNam,7.1#viSeRaNam,3.1#viSeRaNam,1.1	1	06	005	mahABArawam	mOsalaparvaH	-
6.1	purA	-	purABavan	-	purA{avya}	kAlAXikaraNam,7.1	kAlAXikaraNam,7.1	1	06	005	mahABArawam	mOsalaparvaH	-
7.1	aBavan	-	-	BU1{karwari;laf;pra;bahu;parasmEpaxI;BvAxiH}	BU1{karwari;laf;pra;bahu;parasmEpaxI;BvAxiH}	aBihiwa_karwA,1.1;akarmaka	aBihiwa_karwA,1.1;akarmaka	1	06	005	mahABArawam	mOsalaparvaH	-
8.1	wAH	-	wAH	wax{sarvanAma;swrI;1;bahu}/wax{sarvanAma;swrI;2;bahu}	wax{sarvanAma;swrI;1;bahu}	karwA,15.1	karwA,15.1#viSeRaNam,9.2#viSeRaNam,3.1#viSeRaNam,1.1#karma,13.1#karwA,14.1	1	06	005	mahABArawam	mOsalaparvaH	-
9.1	wu	-	wu	wu{avya}	wu{avya}	sambanXaH,8.1	sambanXaH,8.1	1	06	005	mahABArawam	mOsalaparvaH	-
1.1	RodaSa-	-	RodaSa-swrI-sahasrANi	RodaSa	RodaSa	samAsaH,1.3	samAsaH,1.3	1	06	006	mahABArawam	mOsalaparvaH	-
1.2	swrI-	-	--	swrI	swrI	samAsaH,1.3	samAsaH,1.3	1	06	006	mahABArawam	mOsalaparvaH	-
1.3	sahasrANi	-	--	sahasra{saMKyA;napuM;1;bahu}/sahasra{saMKyA;napuM;2;bahu}/sahasra{napuM;8;bahu}/sahasra{napuM;1;bahu}/sahasra{napuM;2;bahu}	sahasra{saMKyA;napuM;1;bahu}	karwA,9.2	karma,6.1#karwA,9.2	1	06	006	mahABArawam	mOsalaparvaH	-
10.1	.	-	.	-	-	-	-	1	06	006	mahABArawam	mOsalaparvaH	-
2.1	vAsuxeva-	-	vAsuxeva-parigrahaH	vAsuxeva	vAsuxeva	samAsaH,2.2	samAsaH,2.2	1	06	006	mahABArawam	mOsalaparvaH	-
2.2	parigrahaH	-	--	parigraha{puM;1;eka(pari_grah1;GaF;kryAxiH)}	parigraha{puM;1;eka(pari_grah1;GaF;kryAxiH)}	viXeyaviSeRaNam,1.3	viXeyaviSeRaNam,1.3#viSeRaNam,9.1#viSeRaNam,5.2#karwA_be_verbs,4.1	1	06	006	mahABArawam	mOsalaparvaH	-
3.1	wAsAm	-	wAsAm	wax{sarvanAma;swrI;6;bahu}	wax{sarvanAma;swrI;6;bahu}	RaRTIsambanXaH,5.2;sambanXaH,1.2	RaRTIsambanXaH,5.2;sambanXaH,1.2	1	06	006	mahABArawam	mOsalaparvaH	-
4.1	AsIw	-	AsIw	as2{karwari;laf;pra;eka;parasmEpaxI;axAxiH}	as2{karwari;laf;pra;eka;parasmEpaxI;axAxiH}	aBihiwa_karwA,5.2;akarmaka	aBihiwa_karwA,5.2;akarmaka	1	06	006	mahABArawam	mOsalaparvaH	-
5.1	mahaw-	-	mahaw-nAxaH	mahaw	mahaw	samAsaH,5.2	samAsaH,5.2	1	06	006	mahABArawam	mOsalaparvaH	-
5.2	nAxaH	-	--	nAxa{puM;1;eka}	nAxa{puM;1;eka}	karwA,4.1	karwA,4.1	1	06	006	mahABArawam	mOsalaparvaH	-
6.1	xqRtvA	-	xqRtvA	xqS1{avya;kwvA;BvAxiH}	xqS1{avya;kwvA;BvAxiH}	pUrvakAlaH,4.1	pUrvakAlaH,4.1	1	06	006	mahABArawam	mOsalaparvaH	-
7.1	eva	-	eva	eva{avya}	eva{avya}	sambanXaH,6.1	sambanXaH,6.1	1	06	006	mahABArawam	mOsalaparvaH	-
8.1	arjunam	-	arjunam	arjuna{puM;2;eka}	arjuna{puM;2;eka}	karma,6.1	karma,6.1#gawikarma,9.1	1	06	006	mahABArawam	mOsalaparvaH	-
9.1	Agawam	-	Agawam	Agawa{puM;2;eka(Af_gam1;kwa;BvAxiH)}/Agawa{napuM;1;eka(Af_gam1;kwa;BvAxiH)}/Agawa{napuM;2;eka(Af_gam1;kwa;BvAxiH)}	Agawa{puM;2;eka(Af_gam1;kwa;BvAxiH)}	karmasamAnAXikaraNam,8.1	karmasamAnAXikaraNam,8.1	1	06	006	mahABArawam	mOsalaparvaH	-
9.2	AsIw	-	-	as2{karwari;laf;pra;bahu;parasmEpaxI;axAxiH}	as2{karwari;laf;pra;bahu;parasmEpaxI;axAxiH}	aBihiwa_karwA,1.3;sakarmaka	aBihiwa_karwA,1.3;sakarmaka	1	06	006	mahABArawam	mOsalaparvaH	-
1.1	wAH	-	wAH	wax{sarvanAma;swrI;1;bahu}/wax{sarvanAma;swrI;2;bahu}	wax{sarvanAma;swrI;2;bahu}	karma,3.1;karma,16.1	karma,3.1;karma,16.1	1	06	007	mahABArawam	mOsalaparvaH	-
10.1	kqRNena	-	kqRNena	kqRNa{puM;3;eka}/kqRNa{napuM;3;eka}	kqRNa{puM;3;eka}	samucciwaH,11.1	sup_samucciwaH,11.1#karwA,9.1#karaNam,3.1#hewuH,16.1#hewuH,14.1#hewuH,9.1#hewuH,3.1#viSeRaNam,6.1	1	06	007	mahABArawam	mOsalaparvaH	-
11.1	puwrEH	-	puwrEH	puwra{puM;3;bahu}	puwra{puM;3;bahu}	sambanXaH,9.1	sambanXaH,9.1	1	06	007	mahABArawam	mOsalaparvaH	-
12.1	ca	-	ca	ca{avya}	ca{avya}	samuccayaxyowakaH,11.1	samuccayaxyowakaH,11.1	1	06	007	mahABArawam	mOsalaparvaH	-
13.1	na	-	na	na{avya}	na{avya}	prawiReXaH,14.1	prawiReXaH,14.1	1	06	007	mahABArawam	mOsalaparvaH	-
14.1	aSakaw	-	aSakaw	Sak2{karwari;luf;pra;eka;parasmEpaxI;xivAxiH}/Sak3{karwari;luf;pra;eka;parasmEpaxI;svAxiH}	Sak2{karwari;luf;pra;eka;parasmEpaxI;xivAxiH}	aBihiwa_karwA,8.1;sakarmaka	aBihiwa_karwA,8.1;sakarmaka	1	06	007	mahABArawam	mOsalaparvaH	-
15.1	saH	-	saH	wax{sarvanAma;puM;1;eka}	wax{sarvanAma;puM;1;eka}	viSeRaNam,8.1	viSeRaNam,8.1#viSeRaNam,7.1#viSeRaNam,5.1#karwA,14.1	1	06	007	mahABArawam	mOsalaparvaH	-
16.1	aBivIkRiwum	-	aBivIkRiwum	aBi_vi_IkR1{avya;wumun;BvAxiH}	aBi_vi_IkR1{avya;wumun;BvAxiH}	sahAyakakriyA,14.1	sahAyakakriyA,14.1	1	06	007	mahABArawam	mOsalaparvaH	-
17.1	.	-	.	-	-	-	-	1	06	007	mahABArawam	mOsalaparvaH	-
2.1	wu	-	wu	wu{avya}	wu{avya}	sambanXaH,1.1	sambanXaH,1.1	1	06	007	mahABArawam	mOsalaparvaH	-
3.1	xqRtvA	-	xqRtvA	xqS1{avya;kwvA;BvAxiH}	xqS1{avya;kwvA;BvAxiH}	pUrvakAlaH,14.1	pUrvakAlaH,14.1#pUrvakAlaH,9.1	1	06	007	mahABArawam	mOsalaparvaH	-
4.1	eva	-	eva	eva{avya}	eva{avya}	sambanXaH,3.1	sambanXaH,3.1	1	06	007	mahABArawam	mOsalaparvaH	-
5.1	kOravyaH	-	kOravyaH	kOravya{puM;1;eka}	kOravya{puM;1;eka}	viSeRaNam,8.1	viSeRaNam,8.1	1	06	007	mahABArawam	mOsalaparvaH	-
6.1	bARpeNa	-	bARpeNa	bARpa{puM;3;eka}	bARpa{puM;3;eka}	karaNama,7.1	karaNama,7.1#sup_samucciwaH,11.1#karwA,9.1#karaNam,3.1#hewuH,16.1#hewuH,14.1#hewuH,9.1#hewuH,3.1	1	06	007	mahABArawam	mOsalaparvaH	-
7.1	pihiwaH	-	pihiwaH	pihiwa{puM;1;eka}	pihiwa{puM;1;eka}	viSeRaNam,8.1	viSeRaNam,8.1#karwA,14.1	1	06	007	mahABArawam	mOsalaparvaH	-
8.1	arjunaH	-	arjunaH	arjuna{puM;1;eka}	arjuna{puM;1;eka}	karwA,14.1	karwA,14.1	1	06	007	mahABArawam	mOsalaparvaH	-
9.1	hInAH	-	hInAH	hIna{puM;1;bahu(hA2;kwa;juhowyAxiH)}/hInA{swrI;1;bahu(hA2;kwa;juhowyAxiH)}/hInA{swrI;2;bahu(hA2;kwa;juhowyAxiH)}	hInA{swrI;2;bahu(hA2;kwa;juhowyAxiH)}	viSeRaNam,1.1	viSeRaNam,1.1#karma,14.1#karma,3.1	1	06	007	mahABArawam	mOsalaparvaH	-
1.1	wAm	-	wAm	wax{sarvanAma;swrI;2;eka}	wax{sarvanAma;swrI;2;eka}	viSeRaNam,1.2	viSeRaNam,1.2#viSeRaNam,7.4#viSeRaNam,6.5#viSeRaNam,5.2#viSeRaNam,4.2#viSeRaNam,3.3	1	06	008	mahABArawam	mOsalaparvaH	-
1.2	(naxIm)	-	-	-	-	karma,2.2	karma,2.2	1	06	008	mahABArawam	mOsalaparvaH	-
2.1	saH	-	saH	wax{sarvanAma;puM;1;eka}	wax{sarvanAma;puM;1;eka}	karwA,2.2	karwA,2.2	1	06	008	mahABArawam	mOsalaparvaH	-
2.2	(xqRtavAn)	-	-	-	-	aBihiwa_karwA,2.1	aBihiwa_karwA,2.1	1	06	008	mahABArawam	mOsalaparvaH	-
3.1	vqRNi-	-	vqRNi-anXaka-jalAm	vqRNi	vqRNi	samAsaH,3.2	samAsaH,3.2	1	06	008	mahABArawam	mOsalaparvaH	-
3.2	anXaka-	-	--	anXaka	anXaka	samAsaH,3.3	samAsaH,3.3	1	06	008	mahABArawam	mOsalaparvaH	-
3.3	jalAm	-	--	jalA{swrI;2;eka}	jalA{swrI;2;eka}	viSeRaNam,1.2	viSeRaNam,1.2#viSeRaNam,7.4#viSeRaNam,6.5#viSeRaNam,5.2#viSeRaNam,4.2#viSeRaNam,1.1	1	06	008	mahABArawam	mOsalaparvaH	-
4.1	haya-	-	haya-mInAm	haya	haya	samAsaH,4.2	samAsaH,4.2	1	06	008	mahABArawam	mOsalaparvaH	-
4.2	mInAm	-	--	mInA{swrI;2;eka(mI1;kwa;xivAxiH)}	mInA{swrI;2;eka(mI1;kwa;xivAxiH)}	viSeRaNam,1.2	viSeRaNam,1.2	1	06	008	mahABArawam	mOsalaparvaH	-
5.1	raWa-	-	raWa-udupAm	raWa	raWa	samAsaH,5.2	samAsaH,5.2	1	06	008	mahABArawam	mOsalaparvaH	-
5.2	udupAm	-	--	udupA{swrI;2;eka}	udupA{swrI;2;eka}	viSeRaNam,1.2	viSeRaNam,1.2#viSeRaNam,7.4#viSeRaNam,6.5#viSeRaNam,4.2#viSeRaNam,3.3#viSeRaNam,1.1	1	06	008	mahABArawam	mOsalaparvaH	-
6.1	vAxi-	-	vAxi-wraya-raWa-GoRa-oGAm	vAxi}/vAxin	vAxi	samAsaH,6.2	samAsaH,6.2	1	06	008	mahABArawam	mOsalaparvaH	-
6.2	wraya-	-	--	wraya	wraya	samAsaH,6.3	samAsaH,6.3	1	06	008	mahABArawam	mOsalaparvaH	-
6.3	raWa-	-	--	raWa	raWa	samAsaH,6.4	samAsaH,6.4	1	06	008	mahABArawam	mOsalaparvaH	-
6.4	GoRa-	-	--	GoRa	GoRa	samAsaH,6.5	samAsaH,6.5	1	06	008	mahABArawam	mOsalaparvaH	-
6.5	oGAm	-	--	oGA{swrI;2;eka}	oGA{swrI;2;eka}	viSeRaNam,1.2	viSeRaNam,1.2#viSeRaNam,7.4#viSeRaNam,5.2#viSeRaNam,4.2#viSeRaNam,3.3#viSeRaNam,1.1	1	06	008	mahABArawam	mOsalaparvaH	-
7.1	veSma-	-	veSma-wIrWa-mahaw-grahAm	veSman	veSman	samAsaH,7.2	samAsaH,7.2	1	06	008	mahABArawam	mOsalaparvaH	-
7.2	wIrWa-	-	--	wIrWa	wIrWa	samAsaH,7.3	samAsaH,7.3	1	06	008	mahABArawam	mOsalaparvaH	-
7.3	mahaw-	-	--	mahaw	mahaw	samAsaH,7.4	samAsaH,7.4	1	06	008	mahABArawam	mOsalaparvaH	-
7.4	grahAm	-	--	grahA{swrI;2;eka}	grahA{swrI;2;eka}	viSeRaNam,1.2	viSeRaNam,1.2#viSeRaNam,6.5#viSeRaNam,5.2#viSeRaNam,4.2#viSeRaNam,3.3#viSeRaNam,1.1	1	06	008	mahABArawam	mOsalaparvaH	-
8.1	.	-	.	-	-	-	-	1	06	008	mahABArawam	mOsalaparvaH	-
1.1	rawna-	-	rawna-SEvala-sam-GAtAm	rawna	rawna	samAsaH,1.2	samAsaH,1.2	1	06	009	mahABArawam	mOsalaparvaH	-
1.2	SEvala-	-	--	SEvala	SEvala	samAsaH,1.3	samAsaH,1.3	1	06	009	mahABArawam	mOsalaparvaH	-
1.3	sam-	-	--	-sam	-sam	samAsaH,1.4	samAsaH,1.4	1	06	009	mahABArawam	mOsalaparvaH	-
1.4	GAtAm	-	--	GAtA{swrI;2;eka}	GAtA{swrI;2;eka}	viSeRaNam,5.1	viSeRaNam,5.1#viSeRaNam,4.3#viSeRaNam,3.4#viSeRaNam,2.3#prayojyakarwA,4.2	1	06	009	mahABArawam	mOsalaparvaH	-
2.1	vajra-	-	vajra-prAkAra-mAlinIm	vajra	vajra	samAsaH,2.2	samAsaH,2.2	1	06	009	mahABArawam	mOsalaparvaH	-
2.2	prAkAra-	-	--	prAkAra	prAkAra	samAsaH,2.3	samAsaH,2.3	1	06	009	mahABArawam	mOsalaparvaH	-
2.3	mAlinIm	-	--	mAlinI{swrI;2;eka}	mAlinI{swrI;2;eka}	viSeRaNam,5.1	viSeRaNam,5.1#viSeRaNam,4.3#viSeRaNam,3.4#viSeRaNam,1.4#prayojyakarwA,4.2	1	06	009	mahABArawam	mOsalaparvaH	-
3.1	raWyA-	-	raWyA-srowas-jala-AvarwAm	raWyA	raWyA	samAsaH,3.2	samAsaH,3.2	1	06	009	mahABArawam	mOsalaparvaH	-
3.2	srowas-	-	--	srowas	srowas	samAsaH,3.3	samAsaH,3.3	1	06	009	mahABArawam	mOsalaparvaH	-
3.3	jala-	-	--	jala	jala	samAsaH,3.4	samAsaH,3.4	1	06	009	mahABArawam	mOsalaparvaH	-
3.4	AvarwAm	-	--	AvarwA{swrI;2;eka}	AvarwA{swrI;2;eka}	viSeRaNam,5.1	viSeRaNam,5.1#viSeRaNam,4.3#viSeRaNam,2.3#viSeRaNam,1.4#prayojyakarwA,4.2	1	06	009	mahABArawam	mOsalaparvaH	-
4.1	cawvara-	-	cawvara-swimiwa-hraxAm	cawvara	cawvara	samAsaH,4.2	samAsaH,4.2	1	06	009	mahABArawam	mOsalaparvaH	-
4.2	swimiwa-	-	--	swimiwa(swim1;kwa;xivAxiH)	swimiwa(swim1;kwa;xivAxiH)	samAsaH,4.3	samAsaH,4.3	1	06	009	mahABArawam	mOsalaparvaH	-
4.3	hraxAm	-	--	hraxA{swrI;2;eka}	hraxA{swrI;2;eka}	viSeRaNam,5.1	viSeRaNam,3.4#viSeRaNam,2.3#viSeRaNam,1.4#viSeRaNam,5.1	1	06	009	mahABArawam	mOsalaparvaH	-
5.1	.	-	.	-	-	-	-	1	06	009	mahABArawam	mOsalaparvaH	-
5.1	(naxIm)	-	-	-	-	karma,5.3	karma,5.3	1	06	009	mahABArawam	mOsalaparvaH	-
5.2	(saH)	-	-	-	-	karwA,5.3	karwA,5.3	1	06	009	mahABArawam	mOsalaparvaH	-
5.3	(xqRtavAn)	-	-	-	-	aBihiwa_karwA,5.2	aBihiwa_karwA,5.2	1	06	009	mahABArawam	mOsalaparvaH	-
1.1	rAma-	-	rAma-kqRNa-mahaw-grAhAm	rAma	rAma	samAsaH,1.2	samAsaH,1.2	1	06	010	mahABArawam	mOsalaparvaH	-
1.2	kqRNa-	-	--	kqRNa	kqRNa	samAsaH,1.3	samAsaH,1.3	1	06	010	mahABArawam	mOsalaparvaH	-
1.3	mahaw-	-	--	mahaw	mahaw	samAsaH,1.4	samAsaH,1.4	1	06	010	mahABArawam	mOsalaparvaH	-
1.4	grAhAm	-	--	grAhA{swrI;2;eka}	grAhA{swrI;2;eka}	viSeRaNam,6.1	viSeRaNam,7.1#viSeRaNam,6.1#viSeRaNam,5.1#viSeRaNam,4.3#viSeRaNam,2.2	1	06	010	mahABArawam	mOsalaparvaH	-
2.1	xvArakA-	-	xvArakA-sariwam	xvArakA	xvArakA	samAsaH,2.2	samAsaH,2.2	1	06	010	mahABArawam	mOsalaparvaH	-
2.2	sariwam	-	--	sariw{swrI;2;eka}	sariw{swrI;2;eka}	viSeRaNam,6.1	viSeRaNam,7.1#viSeRaNam,6.1#viSeRaNam,5.1#viSeRaNam,4.3#viSeRaNam,1.4	1	06	010	mahABArawam	mOsalaparvaH	-
3.1	waxA	-	waxA	waxA{avya}	waxA{avya}	kAlAXikaraNam,6.3	kAlAXikaraNam,6.3	1	06	010	mahABArawam	mOsalaparvaH	-
4.1	kAla-	-	kAla-pASa-grahAm	kAla	kAla	samAsaH,4.2	samAsaH,4.2	1	06	010	mahABArawam	mOsalaparvaH	-
4.2	pASa-	-	--	pASa	pASa	samAsaH,4.3	samAsaH,4.3	1	06	010	mahABArawam	mOsalaparvaH	-
4.3	grahAm	-	--	grahA{swrI;2;eka}	grahA{swrI;2;eka}	viSeRaNam,6.1	viSeRaNam,7.1#viSeRaNam,6.1#viSeRaNam,5.1#viSeRaNam,2.2#viSeRaNam,1.4	1	06	010	mahABArawam	mOsalaparvaH	-
5.1	GorAm	-	GorAm	GorA{swrI;2;eka}	GorA{swrI;2;eka}	viSeRaNam,6.1	upamAnam,4.3#viSeRaNam,6.1	1	06	010	mahABArawam	mOsalaparvaH	-
6.1	naxIm	-	naxIm	naxI{swrI;2;eka}	naxI{swrI;2;eka}	karma,6.3	upamAnam,5.1#upamAnam,4.3#karma,6.3	1	06	010	mahABArawam	mOsalaparvaH	-
6.2	(saH)	-	-	-	-	karwA,6.3	karwA,6.3	1	06	010	mahABArawam	mOsalaparvaH	-
6.3	(xqRtavAn)	-	-	-	-	aBihiwa_karwA,6.2	aBihiwa_karwA,6.2	1	06	010	mahABArawam	mOsalaparvaH	-
7.1	vEwaraNIm	-	vEwaraNIm	vEwaraNI{swrI;2;eka}	vEwaraNI{swrI;2;eka}	upamAnam,6.1	upamAnam,6.1#upamAnam,5.1#upamAnam,4.3	1	06	010	mahABArawam	mOsalaparvaH	-
8.1	iva	-	iva	iva{avya}	iva{avya}	upamAna_xyowakaH,7.1	upamAna_xyowakaH,7.1	1	06	010	mahABArawam	mOsalaparvaH	-
9.1	.	-	.	-	-	-	-	1	06	010	mahABArawam	mOsalaparvaH	-
1.1	wAm	-	wAm	wax{sarvanAma;swrI;2;eka}	wax{sarvanAma;swrI;2;eka}	karma,2.1	viSeRaNam,9.1#viSeRaNam,8.2#viSeRaNam,7.2#viSeRaNam,5.1#karma,5.1#karma,2.1#gawikarma,7.1	1	06	011	mahABArawam	mOsalaparvaH	-
10.1	SiSire	-	SiSire	SiSira{puM;7;eka}/SiSira{napuM;7;eka}	SiSira{puM;7;eka}	sambanXaH,9.1	aXikaraNam,7.1#aXikaraNam,5.1#aXikaraNam,2.1#sambanXaH,9.1	1	06	011	mahABArawam	mOsalaparvaH	-
11.1	yaWA	-	yaWA	yaWA{avya}	yaWA{avya}	upamAna_xyowakaH,9.1	kriyAviSeRaNam,5.1#kriyAviSeRaNam,2.1#upamAna_xyowakaH,9.1	1	06	011	mahABArawam	mOsalaparvaH	-
12.1	.	-	.	-	-	-	-	1	06	011	mahABArawam	mOsalaparvaH	-
2.1	xaxarSa	-	xaxarSa	xqS1{karwari;lit;pra;eka;parasmEpaxI;BvAxiH}/xqS1{karwari;lit;u;eka;parasmEpaxI;BvAxiH}	xqS1{karwari;lit;pra;eka;parasmEpaxI;BvAxiH}	aBihiwa_karwA,3.1;sakarmaka	aBihiwa_karwA,3.1;sakarmaka	1	06	011	mahABArawam	mOsalaparvaH	-
3.1	arjunaH	-	arjunaH	arjuna{puM;1;eka}	arjuna{puM;1;eka}	karwA,2.1	karwA,2.1	1	06	011	mahABArawam	mOsalaparvaH	-
4.1	XImAn	-	XImAn	XImaw{puM;1;eka}	XImaw{puM;1;eka}	viSeRaNam,3.1	viSeRaNam,3.1#karwA,2.1	1	06	011	mahABArawam	mOsalaparvaH	-
5.1	vihInAm	-	vihInAm	vihInA{swrI;2;eka(vi_hA1;kwa;juhowyAxiH)}	vihInA{swrI;2;eka(vi_hA1;kwa;juhowyAxiH)}	karmasamAnAXikaraNam,2.1	karmasamAnAXikaraNam,2.1#viSeRaNam,9.1#viSeRaNam,8.2#viSeRaNam,7.2#viSeRaNam,1.1#karma,2.1#gawikarma,7.1	1	06	011	mahABArawam	mOsalaparvaH	-
6.1	vqRNi-	-	vqRNi-pufgavEH	vqRNi	vqRNi	samAsaH,6.2	samAsaH,6.2	1	06	011	mahABArawam	mOsalaparvaH	-
6.2	pufgavEH	-	--	pufgava{puM;3;bahu}	pufgava{puM;3;bahu}	hewu,5.1	hewu,5.1	1	06	011	mahABArawam	mOsalaparvaH	-
7.1	gawa-	-	gawa-Sriyam	gawa(gam1;kwa;BvAxiH)	gawa(gam1;kwa;BvAxiH)	samAsaH,7.2	samAsaH,7.2	1	06	011	mahABArawam	mOsalaparvaH	-
7.2	Sriyam	-	--	SrI{swrI;2;eka}	SrI{swrI;2;eka}	karmasamAnAXikaraNam,1.1	karmasamAnAXikaraNam,1.1#viSeRaNam,9.1#viSeRaNam,8.2#viSeRaNam,5.1#viSeRaNam,1.1#karma,5.1#karma,2.1	1	06	011	mahABArawam	mOsalaparvaH	-
8.1	nir-	-	nir-AnanxAm	nir	nir	samAsaH,8.2	samAsaH,8.2	1	06	011	mahABArawam	mOsalaparvaH	-
8.2	AnanxAm	-	--	AnanxA{swrI;2;eka}	AnanxA{swrI;2;eka}	karmasamAnAXikaraNam,1.1	karmasamAnAXikaraNam,1.1#viSeRaNam,9.1#viSeRaNam,7.2#viSeRaNam,5.1#viSeRaNam,1.1#upamAnam,7.2#karma,5.1#karma,2.1#gawikarma,7.1	1	06	011	mahABArawam	mOsalaparvaH	-
9.1	paxminIm	-	paxminIm	paxminI{swrI;2;eka}	paxminI{swrI;2;eka}	upamAnam,1.1	upamAnam,1.1#upamAnam,8.2#upamAnam,7.2#karma,5.1#karma,2.1#gawikarma,7.1	1	06	011	mahABArawam	mOsalaparvaH	-
1.1	wAm	-	wAm	wax{sarvanAma;swrI;2;eka}	wax{sarvanAma;swrI;2;eka}	viSeRaNam,3.1	sup_samucciwaH,5.1#karma,11.1#karma,2.1#viSeRaNam,3.1	1	06	012	mahABArawam	mOsalaparvaH	-
10.1	bARpam	-	bARpam	bARpa{puM;2;eka}	bARpa{puM;2;eka}	karma,11.1	karma,11.1#karma,2.1	1	06	012	mahABArawam	mOsalaparvaH	-
11.1	uwsqjya	-	uwsqjya	uw_sqj2{avya;lyap;wuxAxiH}	uw_sqj2{avya;lyap;wuxAxiH}	pUrvakAlaH,12.1	pUrvakAlaH,12.1	1	06	012	mahABArawam	mOsalaparvaH	-
12.1	nipapAwa	-	nipapAwa	-	-	aBihiwa_karwA,4.1	aBihiwa_karwA,4.1	1	06	012	mahABArawam	mOsalaparvaH	-
13.1	mahI-	-	mahI-wale	mahI	mahI	samAsaH,13.2	samAsaH,13.2	1	06	012	mahABArawam	mOsalaparvaH	-
13.2	wale	-	--	wala{napuM;1;xvi}/wala{napuM;2;xvi}/wala{napuM;8;xvi}/wala{puM;7;eka}/wala{napuM;7;eka}/walA{swrI;8;eka}/walA{swrI;8;xvi}/walA{swrI;1;xvi}/walA{swrI;2;xvi}	wala{napuM;1;xvi}	xeSAXikaraNam,12.1	karma,11.1#karma,2.1#aXikaraNam,11.1#aXikaraNam,2.1#xeSAXikaraNam,12.1	1	06	012	mahABArawam	mOsalaparvaH	-
14.1	.	-	.	-	-	-	-	1	06	012	mahABArawam	mOsalaparvaH	-
2.1	xqRtvA	-	xqRtvA	xqS1{avya;kwvA;BvAxiH}	xqS1{avya;kwvA;BvAxiH}	pUrvakAlaH,11.1	pUrvakAlaH,11.1	1	06	012	mahABArawam	mOsalaparvaH	-
3.1	xvArakAm	-	xvArakAm	-	-	samucciwaH,5.1	samucciwaH,5.1	1	06	012	mahABArawam	mOsalaparvaH	-
4.1	pArWaH	-	pArWaH	pArWa{puM;1;eka}	pArWa{puM;1;eka}	karwA,12.1	sup_samucciwaH,5.1#karwA,12.1	1	06	012	mahABArawam	mOsalaparvaH	-
5.1	wAH	-	wAH	wax{sarvanAma;swrI;1;bahu}/wax{sarvanAma;swrI;2;bahu}	wax{sarvanAma;swrI;2;bahu}	viSeRaNam,8.1	viSeRaNam,8.1#karma,11.1#karma,2.1	1	06	012	mahABArawam	mOsalaparvaH	-
6.1	ca	-	ca	ca{avya}	ca{avya}	samuccaya_xyowakaH,5.1	samuccaya_xyowakaH,5.1	1	06	012	mahABArawam	mOsalaparvaH	-
7.1	kqRNasya	-	kqRNasya	kqRNa{puM;6;eka}/kqRNa{napuM;6;eka}	kqRNa{puM;6;eka}	RaRTIsambanXaH,8.1	RaRTIsambanXaH,13.2#RaRTIsambanXaH,10.1#RaRTIsambanXaH,9.2#RaRTIsambanXaH,8.1#RaRTIsambanXaH,4.1	1	06	012	mahABArawam	mOsalaparvaH	-
8.1	yoRiwaH	-	yoRiwaH	yoRiw{swrI;1;bahu}/yoRiw{swrI;2;bahu}/yoRiw{swrI;5;eka}/yoRiw{swrI;6;eka}/yoRiw{swrI;8;bahu}	yoRiw{swrI;2;bahu}	karma,2.1	RaRTIsambanXaH,13.2#RaRTIsambanXaH,10.1#RaRTIsambanXaH,9.2#RaRTIsambanXaH,4.1#hewuH5,11.1#hewuH5,2.1#karma,11.1#karma,2.1	1	06	012	mahABArawam	mOsalaparvaH	-
9.1	sa-	-	sa-svanam	sa	sa	samAsaH,9.2	samAsaH,9.2	1	06	012	mahABArawam	mOsalaparvaH	-
9.2	svanam	-	--	svana{puM;2;eka}	svana{puM;2;eka}	kriyAviSeRaNam,11.1	viSeRaNam,10.1#karma,11.1#karma,2.1#kriyAviSeRaNam,11.1	1	06	012	mahABArawam	mOsalaparvaH	-
1.1	sAwrAjiwI	-	sAwrAjiwI	sAwrAjiwI	sAwrAjiwI	samucciwaH,4.1	samucciwaH,4.1	1	06	013	mahABArawam	mOsalaparvaH	-
10.1	parivArya	-	parivArya	-	-	pUrvakAlaH,9.1	pUrvakAlaH,9.1	1	06	013	mahABArawam	mOsalaparvaH	-
11.1	XanaFjayam	-	XanaFjayam	XanaFjaya{puM;2;eka}	XanaFjaya{puM;2;eka}	karma,10.1	karma,10.1	1	06	013	mahABArawam	mOsalaparvaH	-
12.1	.	-	.	-	-	-	-	1	06	013	mahABArawam	mOsalaparvaH	-
2.1	wawaH	-	wawaH	wawaH{avya}	wawaH{avya}	sambanXaH,9.1	sambanXaH,9.1#sambanXaH,8.1#sambanXaH,3.1#kArya_xyowakaH,9.1	1	06	013	mahABArawam	mOsalaparvaH	-
3.1	sawyAH	-	sawyAH	sawi{swrI;5;eka}/sawi{swrI;6;eka}/sawI{swrI;5;eka}/sawI{swrI;6;eka}/sawya{puM;1;bahu}/sawya{puM;8;bahu}/sawyA{swrI;8;bahu}/sawI{swrI;5;eka(as2;Sawq_lat;axAxiH)}/sawI{swrI;6;eka(as2;Sawq_lat;axAxiH)}	sawyA{swrI;1;eka}	samucciwaH,4.1	RaRTIsambanXaH,11.1#RaRTIsambanXaH,7.1#RaRTIsambanXaH,6.1#RaRTIsambanXaH,4.1#hewuH5,9.1#hewuH5,8.1#sup_samucciwaH,4.1#karwA,9.1	1	06	013	mahABArawam	mOsalaparvaH	-
4.1	rukmiNI	-	rukmiNI	rukmiNI{swrI;1;eka}	rukmiNI{swrI;1;eka}	karwA,9.1	karwA,9.1	1	06	013	mahABArawam	mOsalaparvaH	-
5.1	ca	-	ca	ca{avya}	ca{avya}	samuccaya_xyowakaH,4.1	sup_samuccaya_xyowakaH,4.1#sambanXaH,4.1	1	06	013	mahABArawam	mOsalaparvaH	-
6.1	viSAm	-	viSAm	viS{puM;6;bahu}/viS{napuM;6;bahu}	viS{puM;6;bahu}	RaRTIsambanXaH,7.1	RaRTIsambanXaH,11.1#RaRTIsambanXaH,7.1#RaRTIsambanXaH,4.1#RaRTIsambanXaH,3.1#nirXAraNam,7.1	1	06	013	mahABArawam	mOsalaparvaH	-
7.1	pawe	-	pawe	pawi{puM;8;eka}/pawa{puM;7;eka}	pawa{puM;7;eka}	samboXyaH,9.1	aXikaraNam,9.1#aXikaraNam,8.1#aXikaraNam,3.1#samboXyaH,9.1	1	06	013	mahABArawam	mOsalaparvaH	-
8.1	aBipawya	-	aBipawya	aBi_paw1{avya;lyap;BvAxiH}	aBi_paw1{avya;lyap;BvAxiH}	pUrvakAlaH,9.1	pUrvakAlaH,9.1	1	06	013	mahABArawam	mOsalaparvaH	-
9.1	praruruxuH	-	praruruxuH	pra_rux1{karwari;lit;pra;bahu;parasmEpaxI;axAxiH}	pra_rux1{karwari;lit;pra;bahu;parasmEpaxI;axAxiH}	aBihiwa_karwA,4.1	aBihiwa_karwA,4.1	1	06	013	mahABArawam	mOsalaparvaH	-
1.1	wawaH	-	wawaH	wawaH{avya}	wawaH{avya}	sambanXaH,11.1	sambanXaH,11.1#kArya_xyowakaH,11.1	1	06	014	mahABArawam	mOsalaparvaH	-
10.1	parivArya	-	parivArya	-	-	pUrvakAlaH,11.1	pUrvakAlaH,11.1	1	06	014	mahABArawam	mOsalaparvaH	-
11.1	upawasWire	-	upawasWire	upa_RWA1{karmaNi;lit;pra;bahu;AwmanepaxI;BvAxiH}	upa_RWA1{karmaNi;lit;pra;bahu;AwmanepaxI;BvAxiH}	aBihiwa_karwA,2.1	aBihiwa_karwA,2.1	1	06	014	mahABArawam	mOsalaparvaH	-
12.1	.	-	.	-	-	-	-	1	06	014	mahABArawam	mOsalaparvaH	-
2.1	wAH	-	wAH	wax{sarvanAma;swrI;1;bahu}/wax{sarvanAma;swrI;2;bahu}	wax{sarvanAma;swrI;1;bahu}	karwA,11.1	karwA,11.1	1	06	014	mahABArawam	mOsalaparvaH	-
3.1	kAFcane	-	kAFcane	-	-	viSeRaNam,4.1	viSeRaNam,4.1	1	06	014	mahABArawam	mOsalaparvaH	-
4.1	pITe	-	pITe	pITa{puM;7;eka}/pITa{napuM;7;eka}	pITa{puM;7;eka}	xeSAXikaraNam,6.1	aXikaraNam,11.1#xeSAXikaraNam,6.1	1	06	014	mahABArawam	mOsalaparvaH	-
5.1	samuwWAya	-	samuwWAya	samuwWa{puM;4;eka}	samuwWa{puM;4;eka}	pUrvakAlaH,11.1	pUrvakAlaH,11.1	1	06	014	mahABArawam	mOsalaparvaH	-
6.1	upaveSya	-	upaveSya	-	-	pUrvakAlaH,11.1	pUrvakAlaH,11.1	1	06	014	mahABArawam	mOsalaparvaH	-
7.1	ca	-	ca	ca{avya}	ca{avya}	sambanXaH,6.1	sambanXaH,6.1	1	06	014	mahABArawam	mOsalaparvaH	-
8.1	abruvanwyaH	-	abruvanwyaH	-	-	karwqsamAnAXikaraNam,2.1	karwqsamAnAXikaraNam,2.1	1	06	014	mahABArawam	mOsalaparvaH	-
9.1	mahaw-	-	mahaw-AwmAnam	mahaw	mahaw	samAsaH,9.2	samAsaH,9.2	1	06	014	mahABArawam	mOsalaparvaH	-
9.2	AwmAnam	-	--	Awman{puM;2;eka}	Awman{puM;2;eka}	karm,11.1;karm,5.1;karm,6.1	karm,11.1;karm,5.1;karm,6.1	1	06	014	mahABArawam	mOsalaparvaH	-
1.1	wawaH	-	wawaH	wawaH{avya}	wawaH{avya}	sambanXaH,14.1	sambanXaH,14.1#kArya_xyowakaH,14.1#apAxAnam,4.1	1	06	015	mahABArawam	mOsalaparvaH	-
10.1	ca	-	ca	ca{avya}	ca{avya}	sambanXaH,9.1	sup_samuccaya_xyowakaH,9.1#sambanXaH,9.1	1	06	015	mahABArawam	mOsalaparvaH	-
11.1	api	-	api	api{avya}	api{avya}	sambanXaH,10.1	sambanXaH,10.1	1	06	015	mahABArawam	mOsalaparvaH	-
12.1	mAwulam	-	mAwulam	mAwula{puM;2;eka}	mAwula{puM;2;eka}	karma,13.1	muKyakarma,4.1#karma,13.1#karma,7.1#gONakarma,4.1#karma,13.1	1	06	015	mahABArawam	mOsalaparvaH	-
13.1	xraRtum	-	xraRtum	xqS1{avya;wumun;BvAxiH}	xqS1{avya;wumun;BvAxiH}	prayojanam,14.1	prayojanam1,14.1#prayojanam1,7.1#prayojanam1,4.1	1	06	015	mahABArawam	mOsalaparvaH	-
14.1	aByagAw	-	aByagAw	aBi_i1{karwari;luf;pra;eka;parasmEpaxI;axAxiH}	aBi_i1{karwari;luf;pra;eka;parasmEpaxI;axAxiH}	aBihiwa_karwA,6.1	aBihiwa_karwA,6.1	1	06	015	mahABArawam	mOsalaparvaH	-
15.1	.	-	.	-	-	-	-	1	06	015	mahABArawam	mOsalaparvaH	-
2.1	saMswUya	-	saMswUya	-	-	pUrvakAlaH,14.1	pUrvakAlaH,14.1	1	06	015	mahABArawam	mOsalaparvaH	-
3.1	govinxam	-	govinxam	govinxa{puM;2;eka}	govinxa{puM;2;eka}	karma,2.1;karma,4.1	karma,2.1;karma,4.1	1	06	015	mahABArawam	mOsalaparvaH	-
4.1	kaWayiwvA	-	kaWayiwvA	kaWa1{avya;kwvA;curAxiH}	kaWa1{avya;kwvA;curAxiH}	pUrvakAlaH,14.1	pUrvakAlaH,14.1	1	06	015	mahABArawam	mOsalaparvaH	-
5.1	ca	-	ca	ca{avya}	ca{avya}	sambanXaH,4.1	sambanXaH,4.1	1	06	015	mahABArawam	mOsalaparvaH	-
6.1	pANdavaH	-	pANdavaH	pANdu{puM;1;bahu}/pANdu{swrI;1;bahu}/pANdava{puM;1;eka}/pANdu{puM;8;bahu}/pANdu{swrI;8;bahu}	pANdu{puM;1;bahu}	karwA,14.1	viSeRaNam,9.1#sup_samucciwaH,9.1#viSeRaNam,8.1#karwA,14.1	1	06	015	mahABArawam	mOsalaparvaH	-
7.1	ASvAsya	-	ASvAsya	Af_Svas1{avya;lyap;axAxiH}	Af_Svas1{avya;lyap;axAxiH}	pUrvakAlaH,14.1	pUrvakAlaH,14.1	1	06	015	mahABArawam	mOsalaparvaH	-
8.1	wAH	-	wAH	wax{sarvanAma;swrI;1;bahu}/wax{sarvanAma;swrI;2;bahu}	wax{sarvanAma;swrI;2;bahu}	viSeRaNam,9.1	viSeRaNam,9.1#sup_samucciwaH,9.1#muKyakarma,4.1#karma,13.1#karma,7.1#gONakarma,4.1#viSeRaNam,6.1	1	06	015	mahABArawam	mOsalaparvaH	-
9.1	swriyaH	-	swriyaH	swrI{swrI;1;bahu}/swrI{swrI;2;bahu}/swrI{swrI;8;bahu}	swrI{swrI;2;bahu}	karma,7.1	muKyakarma,4.1#karma,13.1#karma,7.1#gONakarma,4.1#karma,7.1	1	06	015	mahABArawam	mOsalaparvaH	-
1.1	waM	-	waM	wax{sarvanAma;puM;2;eka}	wax{sarvanAma;puM;2;eka}	viSeRaNam,3.2	viSeRaNam,4.3#viSeRaNam,3.2#viSeRaNam,2.1#karma,6.1	1	07	001	mahABArawam	mOsalaparvaH	-
2.1	SayAnaM	-	SayAnaM	SayAna{puM;2;eka(SI1;san;SAnac;axAxiH)}	SayAna{puM;2;eka(SI1;san;SAnac;axAxiH)}	viSeRaNam,3.2	viSeRaNam,4.3#viSeRaNam,3.2#viSeRaNam,1.1#karma,6.1	1	07	001	mahABArawam	mOsalaparvaH	-
3.1	mahax-	-	mahax-Awman	mahax	mahax	RaRTI_wawpuruRaH,3.2	RaRTI_wawpuruRaH,3.2	1	07	001	mahABArawam	mOsalaparvaH	-
3.2	AwmAnaM	-	--	Awman{puM;2;eka}	Awman{puM;2;eka}	karma,6.1	viSeRaNam,4.3#viSeRaNam,2.1#viSeRaNam,1.1#karma,6.1	1	07	001	mahABArawam	mOsalaparvaH	-
4.1	vIra-	-	vIra-mAnaka-xunxuBi	vIra	vIra	samAsaH,4.3	samAsaH,4.3	1	07	001	mahABArawam	mOsalaparvaH	-
4.2	mAnaka-	-	--	mAnaka(man2;Nvul;wanAxiH)	mAnaka(man2;Nvul;wanAxiH)	samAsaH,4.3	samAsaH,4.3	1	07	001	mahABArawam	mOsalaparvaH	-
4.3	xunxuBim	-	--	xunxuBi{puM;2;eka}	xunxuBi{puM;2;eka}	viSeRaNam,3.2	viSeRaNam,3.2#viSeRaNam,2.1#viSeRaNam,1.1#karma,6.1	1	07	001	mahABArawam	mOsalaparvaH	-
5.1	puwra-	-	puwra-Soka--	puwra	puwra	samAsaH,5.2	samAsaH,5.2	1	07	001	mahABArawam	mOsalaparvaH	-
5.2	Soka-	-	--	Soka	Soka	samAsaH,5.3	samAsaH,5.3	1	07	001	mahABArawam	mOsalaparvaH	-
5.3	aBisanwapwaM	-	--	-	-	viSeRaNam,3.2	viSeRaNam,3.2	1	07	001	mahABArawam	mOsalaparvaH	-
6.1	xaxarSa	-	xaxarSa	xqS1{karwari;lit;pra;eka;parasmEpaxI;BvAxiH}/xqS1{karwari;lit;u;eka;parasmEpaxI;BvAxiH}	xqS1{karwari;lit;pra;eka;parasmEpaxI;BvAxiH}	aBihiwa_karwA,7.1	aBihiwa_karwA,7.1	1	07	001	mahABArawam	mOsalaparvaH	-
7.1	kurupufgavaH	-	kurupufgavaH	-	-	karwA,6.1	karwA,6.1	1	07	001	mahABArawam	mOsalaparvaH	-
8.1	.	-	.	-	-	-	-	1	07	001	mahABArawam	mOsalaparvaH	-
1.1	wasya	-	wasya	wax{sarvanAma;napuM;6;eka}/wax{sarvanAma;puM;6;eka}	wax{sarvanAma;puM;6;eka}	karwA,5.1	karwA,5.1	1	07	002	mahABArawam	mOsalaparvaH	-
10.1	BArawa	-	BArawa	BArawa{puM;8;eka}	BArawa{puM;8;eka}	samboXyaH,9.1	samboXyaH,9.1	1	07	002	mahABArawam	mOsalaparvaH	-
11.1	.	-	.	-	-	-	-	1	07	002	mahABArawam	mOsalaparvaH	-
2.1	aSru-	-	aSru-paripUrNa-akRa	aSru	aSru	samAsaH,2.2	samAsaH,2.2	1	07	002	mahABArawam	mOsalaparvaH	-
2.2	paripUrNa-	-	--	paripUrNa	paripUrNa	samAsaH,2.3	samAsaH,2.3	1	07	002	mahABArawam	mOsalaparvaH	-
2.3	akRaH	-	--	akRa{puM;1;eka}	akRa{puM;1;eka}	viSeRaNam,7.1	viSeRaNam,7.1#viSeRaNam,4.1#viSeRaNam,3.2#karwA,9.1	1	07	002	mahABArawam	mOsalaparvaH	-
3.1	vyUDa-	-	vyUDa-uraska	vyUDa(vi_Uh1;kwa;BvAxiH)}/vyUDa(vi_vah1{kwa;BvAxiH)	vyUDa(vi_Uh1;kwa;BvAxiH)	samAsaH,3.2	samAsaH,3.2	1	07	002	mahABArawam	mOsalaparvaH	-
3.2	uraskaH	-	--	uraska{puM;1;eka}	uraska{puM;1;eka}	viSeRaNam,7.1	viSeRaNam,7.1#viSeRaNam,4.1#viSeRaNam,2.3#karwA,9.1	1	07	002	mahABArawam	mOsalaparvaH	-
4.1	mahABujaH	-	mahABujaH	mahABuja{puM;1;eka}	mahABuja{puM;1;eka}	viSeRaNam,7.1	viSeRaNam,7.1#karwA,9.1	1	07	002	mahABArawam	mOsalaparvaH	-
5.1	Arwasya	-	Arwasya	Arwa{puM;6;eka(Af_q2;kwa;juhowyAxiH)}/Arwa{napuM;6;eka(Af_q2;kwa;juhowyAxiH)}	Arwa{napuM;6;eka(Af_q2;kwa;juhowyAxiH)}	BAvalakRaNasapwamI_pUrvakAlaH,9.1	viSeRaNam,1.1#RaRTIsambanXaH,10.1#RaRTIsambanXaH,8.1#RaRTIsambanXaH,7.1#RaRTIsambanXaH,4.1#RaRTIsambanXaH,3.2#RaRTIsambanXaH,2.3#BAvalakRaNasapwamI_pUrvakAlaH,9.1	1	07	002	mahABArawam	mOsalaparvaH	-
6.1	ArwawaraH	-	ArwawaraH	-	-	viSeRaNam,7.1	viSeRaNam,7.1	1	07	002	mahABArawam	mOsalaparvaH	-
7.1	pArWaH	-	pArWaH	pArWa{puM;1;eka}	pArWa{puM;1;eka}	karwA,9.1	karwA,9.1	1	07	002	mahABArawam	mOsalaparvaH	-
8.1	pAxO	-	pAxO	pAxa{puM;1;xvi}/pAxa{puM;2;xvi}/pAxa{puM;8;xvi}	pAxa{puM;2;xvi}	karma,9.1	karma,9.1#karma,3.1	1	07	002	mahABArawam	mOsalaparvaH	-
9.1	jagrAha	-	jagrAha	grah1{karwari;lit;pra;eka;parasmEpaxI;kryAxiH}/grah1{karwari;lit;u;eka;parasmEpaxI;kryAxiH}	grah1{karwari;lit;pra;eka;parasmEpaxI;kryAxiH}	aBihiwa_karwA,7.1;sakarmaka	aBihiwa_karwA,7.1;sakarmaka	1	07	002	mahABArawam	mOsalaparvaH	-
1.1	samAlifgya	-	samAlifgya	-	-	pUrvakAlaH,11.1	pUrvakAlaH,11.1	1	07	003	mahABArawam	mOsalaparvaH	-
10.1	sarvAn	-	sarvAn	sarva{sarvanAma;puM;2;bahu}	sarva{sarvanAma;puM;2;bahu}	viSeRaNam,8.1	viSeRaNam,8.1#viSeRaNam,20.1#viSeRaNam,18.1#viSeRaNam,16.1#viSeRaNam,14.1#viSeRaNam,13.1#viSeRaNam,8.1#sup_samucciwaH,20.1#sup_samucciwaH,18.1#sup_samucciwaH,16.1#sup_samucciwaH,14.1#karma,9.1	1	07	003	mahABArawam	mOsalaparvaH	-
11.1	vilalApa	-	vilalApa	vi_lap1{karwari;lit;pra;eka;parasmEpaxI;BvAxiH}/vi_lap1{karwari{lit;u;eka;parasmEpaxI;BvAxiH}	vi_lap1{karwari;lit;pra;eka;parasmEpaxI;BvAxiH}	aBihiwa_karwA,6.1	aBihiwa_karwA,6.1	1	07	003	mahABArawam	mOsalaparvaH	-
12.1	suvihvalaH	-	suvihvalaH	-	-	viSeRaNam,6.1	viSeRaNam,6.1	1	07	003	mahABArawam	mOsalaparvaH	-
13.1	BrAwQn	-	BrAwQn	BrAwq{puM;2;bahu}	BrAwq{puM;2;bahu}	samucciwaH,20.1	karma,9.1#samucciwaH,20.1	1	07	003	mahABArawam	mOsalaparvaH	-
14.1	puwrAn	-	puwrAn	puwra{puM;2;bahu}	puwra{puM;2;bahu}	samucciwaH,20.1	samucciwaH,20.1	1	07	003	mahABArawam	mOsalaparvaH	-
15.1	ca	-	ca	ca{avya}	ca{avya}	samuccaya_xyowakaH,14.1	samuccaya_xyowakaH,14.1	1	07	003	mahABArawam	mOsalaparvaH	-
16.1	pOwrAn	-	pOwrAn	pOwra{puM;2;bahu}	pOwra{puM;2;bahu}	samucciwaH,20.1	karma,9.1#samucciwaH,20.1	1	07	003	mahABArawam	mOsalaparvaH	-
17.1	ca	-	ca	ca{avya}	ca{avya}	samuccaya_xyowakaH,16.1	samuccaya_xyowakaH,16.1	1	07	003	mahABArawam	mOsalaparvaH	-
18.1	xOhiwrAn	-	xOhiwrAn	xOhiwra{puM;2;bahu}	xOhiwra{puM;2;bahu}	samucciwaH,20.1	samucciwaH,20.1	1	07	003	mahABArawam	mOsalaparvaH	-
19.1	ca	-	ca	ca{avya}	ca{avya}	samuccaya_xyowakaH,18.1	samuccaya_xyowakaH,18.1	1	07	003	mahABArawam	mOsalaparvaH	-
2.1	arjunaM	-	arjunaM	arjuna{puM;2;eka}	arjuna{puM;2;eka}	karma,1.1	karma,1.1#sup_samucciwaH,20.1#sup_samucciwaH,18.1#sup_samucciwaH,16.1#sup_samucciwaH,14.1#karma,9.1	1	07	003	mahABArawam	mOsalaparvaH	-
20.1	saKIn	-	saKIn	saKi{puM;2;bahu}	saKi{puM;2;bahu}	karma,9.1	karma,9.1	1	07	003	mahABArawam	mOsalaparvaH	-
21.1	api	-	api	api{avya}	api{avya}	sambanXaH,9.1	sambanXaH,9.1	1	07	003	mahABArawam	mOsalaparvaH	-
22.1	.	-	.	-	-	-	-	1	07	003	mahABArawam	mOsalaparvaH	-
3.1	vqxXaH	-	vqxXaH	vqxXa{puM;1;eka}	vqxXa{puM;1;eka}	viSeRaNam,6.1	viSeRaNam,9.1#viSeRaNam,7.1#viSeRaNam,6.1	1	07	003	mahABArawam	mOsalaparvaH	-
4.1	sa	-	sa	-	-	viSeRaNam,6.1	viSeRaNam,6.1	1	07	003	mahABArawam	mOsalaparvaH	-
5.1	BujAByAM	-	BujAByAM	BujA{swrI;3;xvi}/BujA{swrI;4;xvi}/BujA{swrI;5;xvi}	BujA{swrI;3;xvi}	karaNam,1.1	karaNam,1.1#hewuH5,11.1#hewuH5,9.1#hewuH5,7.1#prayojanam1,11.1#prayojanam1,9.1#prayojanam1,7.1#karaNam,9.1#karaNam,7.1#hewuH,11.1#hewuH,9.1#hewuH,7.1	1	07	003	mahABArawam	mOsalaparvaH	-
6.1	mahABujaH	-	mahABujaH	mahABuja{puM;1;eka}	mahABuja{puM;1;eka}	karwA,1.1;karwA,11.1#karwA,9.1	karwA,1.1;karwA,11.1#karwA,9.1	1	07	003	mahABArawam	mOsalaparvaH	-
7.1	ruxan	-	ruxan	ruxaw{puM;1;eka(rux1;Sawq_lat;axAxiH)}	ruxaw{puM;1;eka(rux1;Sawq_lat;axAxiH)}	varwamAnasamAnakAlaH,11.1	varwamAnasamAnakAlaH,11.1#karwA,11.1	1	07	003	mahABArawam	mOsalaparvaH	-
8.1	puwrAn	-	puwrAn	puwra{puM;2;bahu}	puwra{puM;2;bahu}	samucciwaH,20.1	karma,9.1#samucciwaH,20.1	1	07	003	mahABArawam	mOsalaparvaH	-
9.1	smaran	-	smaran	smaraw{puM;1;eka(smq1;Sawq_lat;BvAxiH)}	smaraw{puM;1;eka(smq1;Sawq_lat;BvAxiH)}	varwamAnasamAnakAlaH,11.1	varwamAnasamAnakAlaH,11.1#karwA,11.1	1	07	003	mahABArawam	mOsalaparvaH	-
1.1	samAlifgya	-	samAlifgya	-	-	pUrvakAlaH,11.1	pUrvakAlaH,11.1	2	07	003	mahABArawam	mOsalaparvaH	-
10.1	sarvAn	-	sarvAn	sarva{sarvanAma;puM;2;bahu}	sarva{sarvanAma;puM;2;bahu}	viSeRaNam,8.1	viSeRaNam,8.1#viSeRaNam,20.1#viSeRaNam,18.1#viSeRaNam,16.1#viSeRaNam,14.1#viSeRaNam,13.1#viSeRaNam,8.1#sup_samucciwaH,20.1#sup_samucciwaH,18.1#sup_samucciwaH,16.1#sup_samucciwaH,14.1#karma,9.1	2	07	003	mahABArawam	mOsalaparvaH	-
11.1	vilalApa	-	vilalApa	vi_lap1{karwari;lit;pra;eka;parasmEpaxI;BvAxiH}/vi_lap1{karwari{lit;u;eka;parasmEpaxI;BvAxiH}	vi_lap1{karwari;lit;pra;eka;parasmEpaxI;BvAxiH}	aBihiwa_karwA,6.1	aBihiwa_karwA,6.1	2	07	003	mahABArawam	mOsalaparvaH	-
12.1	suvihvalaH	-	suvihvalaH	-	-	viSeRaNam,6.1	viSeRaNam,6.1	2	07	003	mahABArawam	mOsalaparvaH	-
13.1	BrAwQn	-	BrAwQn	BrAwq{puM;2;bahu}	BrAwq{puM;2;bahu}	samucciwaH,20.1	karma,9.1#samucciwaH,20.1	2	07	003	mahABArawam	mOsalaparvaH	-
14.1	puwrAn	-	puwrAn	puwra{puM;2;bahu}	puwra{puM;2;bahu}	samucciwaH,20.1	samucciwaH,20.1	2	07	003	mahABArawam	mOsalaparvaH	-
15.1	ca	-	ca	ca{avya}	ca{avya}	samuccaya_xyowakaH,14.1	samuccaya_xyowakaH,14.1	2	07	003	mahABArawam	mOsalaparvaH	-
16.1	pOwrAn	-	pOwrAn	pOwra{puM;2;bahu}	pOwra{puM;2;bahu}	samucciwaH,20.1	karma,9.1#samucciwaH,20.1	2	07	003	mahABArawam	mOsalaparvaH	-
17.1	ca	-	ca	ca{avya}	ca{avya}	samuccaya_xyowakaH,16.1	samuccaya_xyowakaH,16.1	2	07	003	mahABArawam	mOsalaparvaH	-
18.1	xOhiwrAn	-	xOhiwrAn	xOhiwra{puM;2;bahu}	xOhiwra{puM;2;bahu}	samucciwaH,20.1	samucciwaH,20.1	2	07	003	mahABArawam	mOsalaparvaH	-
19.1	ca	-	ca	ca{avya}	ca{avya}	samuccaya_xyowakaH,18.1	samuccaya_xyowakaH,18.1	2	07	003	mahABArawam	mOsalaparvaH	-
2.1	arjunaM	-	arjunaM	arjuna{puM;2;eka}	arjuna{puM;2;eka}	karma,1.1	karma,1.1#sup_samucciwaH,20.1#sup_samucciwaH,18.1#sup_samucciwaH,16.1#sup_samucciwaH,14.1#karma,9.1	2	07	003	mahABArawam	mOsalaparvaH	-
20.1	saKIn	-	saKIn	saKi{puM;2;bahu}	saKi{puM;2;bahu}	karma,9.1	karma,9.1	2	07	003	mahABArawam	mOsalaparvaH	-
21.1	api	-	api	api{avya}	api{avya}	sambanXaH,9.1	sambanXaH,9.1	2	07	003	mahABArawam	mOsalaparvaH	-
22.1	.	-	.	-	-	-	-	2	07	003	mahABArawam	mOsalaparvaH	-
3.1	vqxXaH	-	vqxXaH	vqxXa{puM;1;eka}	vqxXa{puM;1;eka}	viSeRaNam,6.1	viSeRaNam,9.1#viSeRaNam,7.1#viSeRaNam,6.1	2	07	003	mahABArawam	mOsalaparvaH	-
4.1	sa	-	sa	-	-	viSeRaNam,6.1	viSeRaNam,6.1	2	07	003	mahABArawam	mOsalaparvaH	-
5.1	BujAByAM	-	BujAByAM	BujA{swrI;3;xvi}/BujA{swrI;4;xvi}/BujA{swrI;5;xvi}	BujA{swrI;3;xvi}	karaNam,1.1	karaNam,1.1#hewuH5,11.1#hewuH5,9.1#hewuH5,7.1#prayojanam1,11.1#prayojanam1,9.1#prayojanam1,7.1#karaNam,9.1#karaNam,7.1#hewuH,11.1#hewuH,9.1#hewuH,7.1	2	07	003	mahABArawam	mOsalaparvaH	-
6.1	mahABujaH	-	mahABujaH	mahABuja{puM;1;eka}	mahABuja{puM;1;eka}	karwA,1.1;karwA,11.1#karwA,9.1	karwA,1.1;karwA,11.1#karwA,9.1	2	07	003	mahABArawam	mOsalaparvaH	-
7.1	ruxan	-	ruxan	ruxaw{puM;1;eka(rux1;Sawq_lat;axAxiH)}	ruxaw{puM;1;eka(rux1;Sawq_lat;axAxiH)}	varwamAnasamAnakAlaH,11.1	varwamAnasamAnakAlaH,11.1#karwA,11.1	2	07	003	mahABArawam	mOsalaparvaH	-
8.1	puwrAn	-	puwrAn	puwra{puM;2;bahu}	puwra{puM;2;bahu}	samucciwaH,20.1	karma,9.1#samucciwaH,20.1	2	07	003	mahABArawam	mOsalaparvaH	-
9.1	smaran	-	smaran	smaraw{puM;1;eka(smq1;Sawq_lat;BvAxiH)}	smaraw{puM;1;eka(smq1;Sawq_lat;BvAxiH)}	varwamAnasamAnakAlaH,11.1	varwamAnasamAnakAlaH,11.1#karwA,11.1	2	07	003	mahABArawam	mOsalaparvaH	-
1.1	yEH	-	yEH	yax{sarvanAma;puM;3;bahu}/yax{sarvanAma;napuM;3;bahu}	yax{sarvanAma;puM;3;bahu}	viSeRaNam,2.1	viSeRaNam,2.1#karwA,2.1#karaNam,14.1#karaNam,13.1#karaNam,10.1#karaNam,2.1#hewuH,14.1#hewuH,13.1#hewuH,10.1#hewuH,2.1#niwya_sambanXaH1,9.1	1	07	004	mahABArawam	mOsalaparvaH	-
10.1	xqRtvA	-	xqRtvA	xqS1{avya;kwvA;BvAxiH}	xqS1{avya;kwvA;BvAxiH}	pUrvakAlaH,14.1	pUrvakAlaH,14.1#pUrvakAlaH,13.1#pUrvakAlaH,2.1	1	07	004	mahABArawam	mOsalaparvaH	-
11.1	na	-	na	na{avya}	na{avya}	prawiReXaH,13.1	prawiReXaH,14.1#prawiReXaH,13.1	1	07	004	mahABArawam	mOsalaparvaH	-
12.1	iha	-	iha	iha{avya}	iha{avya}	xeSAXikaraNam,13.1	xeSAXikaraNam,13.1#xeSAXikaraNam,14.1#xeSAXikaraNam,13.1#xeSAXikaraNam,10.1#xeSAXikaraNam,2.1	1	07	004	mahABArawam	mOsalaparvaH	-
13.1	paSyAmi	-	paSyAmi	xqS1{karwari;lat;u;eka;parasmEpaxI;BvAxiH}	xqS1{karwari;lat;u;eka;parasmEpaxI;BvAxiH}	aBihiwa_karwA,13.2;aBihiwa_karwA,14.1	aBihiwa_karwA,13.2;aBihiwa_karwA,14.1	1	07	004	mahABArawam	mOsalaparvaH	-
13.2	(aham)	-	-	-	-	karwA,13.1	karwA,13.1	1	07	004	mahABArawam	mOsalaparvaH	-
14.1	jIvAmi	-	jIvAmi	jIv1{karwari;lat;u;eka;parasmEpaxI;BvAxiH}	jIv1{karwari;lat;u;eka;parasmEpaxI;BvAxiH}	aBihiwa_karwA,13.2	aBihiwa_karwA,13.2	1	07	004	mahABArawam	mOsalaparvaH	-
15.1	arjuna	-	arjuna	arjuna{puM;8;eka}	arjuna{puM;8;eka}	samboXyaH,13.1	viSeRaNam,8.1#samboXyaH,14.1#samboXyaH,13.1#samboXyaH,2.1	1	07	004	mahABArawam	mOsalaparvaH	-
16.1	xurmaraH	-	xurmaraH	-	-	viSeRaNam,13.2	viSeRaNam,13.2	1	07	004	mahABArawam	mOsalaparvaH	-
17.1	.	-	.	-	-	-	-	1	07	004	mahABArawam	mOsalaparvaH	-
2.1	jiwAH	-	jiwAH	jiwa{puM;1;bahu(ji1;kwa;BvAxiH)}/jiwA{swrI;1;bahu(ji1;kwa;BvAxiH)}/jiwA{swrI;2;bahu(ji1;kwa;BvAxiH)}	jiwa{puM;1;bahu(ji1;kwa;BvAxiH)}	viSeRaNam,3.1	viSeRaNam,5.1#sup_samucciwaH,5.1#karma,10.1#sup_samucciwaH,3.1#viSeRaNam,3.1	1	07	004	mahABArawam	mOsalaparvaH	-
3.1	BUmipAlAH	-	BUmipAlAH	BUmipAla{puM;1;bahu}	BUmipAla{puM;1;bahu}	samucciwaH,5.1	sup_samucciwaH,5.1	1	07	004	mahABArawam	mOsalaparvaH	-
4.1	ca	-	ca	ca{avya}	ca{avya}	samuccaya_xyowakaH,5.1	samuccaya_xyowakaH,5.1	1	07	004	mahABArawam	mOsalaparvaH	-
5.1	xEwyAH	-	xEwyAH	xEwya{puM;1;bahu}/xEwyA{swrI;1;bahu}/xEwyA{swrI;2;bahu}/xEwya{puM;8;bahu}/xEwyA{swrI;8;bahu}	xEwyA{swrI;2;bahu}	karma,2.1	karma,10.1#gONakarma,2.1#karma,2.1	1	07	004	mahABArawam	mOsalaparvaH	-
6.1	ca	-	ca	ca{avya}	ca{avya}	sambanXaH,5.1	sup_samuccaya_xyowakaH,5.1#sambanXaH,5.1	1	07	004	mahABArawam	mOsalaparvaH	-
7.1	SawaSaH	-	SawaSaH	Sawa{avya;Sas}	Sawa{avya;Sas}	viSeRaNam,5.1	viSeRaNam,5.1	1	07	004	mahABArawam	mOsalaparvaH	-
8.1	arjuna	-	arjuna	arjuna{puM;8;eka}	arjuna{puM;8;eka}	samboXyaH,14.1	viSeRaNam,15.1#samboXyaH,14.1#samboXyaH,13.1#samboXyaH,2.1	1	07	004	mahABArawam	mOsalaparvaH	-
9.1	wAn	-	wAn	wax{sarvanAma;puM;2;bahu}	wax{sarvanAma;puM;2;bahu}	karma,10.1	karma,13.1#karma,10.1#gONakarma,2.1	1	07	004	mahABArawam	mOsalaparvaH	-
1.1	yO	-	yO	yax{sarvanAma;puM;1;xvi}/yax{sarvanAma;puM;2;xvi}	yax{sarvanAma;puM;1;xvi}	viSeRaNam,3.2;niwya_sambanXaH,8.1	viSeRaNam,3.2;niwya_sambanXaH,8.1	1	07	005	mahABArawam	mOsalaparvaH	-
10.1	pArWa	-	pArWa	pArWa{puM;8;eka}	pArWa{puM;8;eka}	samboXyaH,13.1	karwA,13.1#samboXyaH,13.1	1	07	005	mahABArawam	mOsalaparvaH	-
11.1	vqRNayaH	-	vqRNayaH	vqRNi{puM;1;bahu}/vqRNi{puM;8;bahu}	vqRNi{puM;1;bahu}	karwA,13.1	karwA,13.1	1	07	005	mahABArawam	mOsalaparvaH	-
12.1	niXanaM	-	niXanaM	niXana{puM;2;eka}	niXana{puM;2;eka}	karma,13.1	karma,13.1	1	07	005	mahABArawam	mOsalaparvaH	-
13.1	gawAH	-	gawAH	gawa{puM;1;bahu(gam1;kwa;BvAxiH)}/gawA{swrI;1;bahu(gam1;kwa;BvAxiH)}/gawA{swrI;2;bahu(gam1;kwa;BvAxiH)}	gawa{puM;1;bahu(gam1;kwa;BvAxiH)}	aBihiwa_karwA,11.1	aBihiwa_karwA,11.1	1	07	005	mahABArawam	mOsalaparvaH	-
14.1	.	-	.	-	-	-	-	1	07	005	mahABArawam	mOsalaparvaH	-
2.1	wO	-	wO	wax{sarvanAma;puM;1;xvi}/wax{sarvanAma;puM;2;xvi}	wax{sarvanAma;puM;1;xvi}	viSeRaNam,6.1	viSeRaNam,6.1#viSeRaNam,5.1#viSeRaNam,3.2#viSeRaNam,1.1	1	07	005	mahABArawam	mOsalaparvaH	-
3.1	arjuna-	-	arjuna-SiRya	arjuna	arjuna	samAsaH,3.2	samAsaH,3.2	1	07	005	mahABArawam	mOsalaparvaH	-
3.2	SiRyO	-	--	SiRya{puM;1;xvi}/SiRya{puM;2;xvi}/SiRya{puM;8;xvi}	SiRya{puM;1;xvi}	viSeRaNam,6.1	viSeRaNam,5.1#viSeRaNam,6.1#viSeRaNam,2.1#viSeRaNam,1.1	1	07	005	mahABArawam	mOsalaparvaH	-
4.1	we	-	we	wax{sarvanAma;puM;1;bahu}/wax{sarvanAma;napuM;1;xvi}/wax{sarvanAma;napuM;2;xvi}/wax{sarvanAma;swrI;1;xvi}/wax{sarvanAma;swrI;2;xvi}/yuRmax{sarvanAma;6;eka}/yuRmax{sarvanAma;4;eka}	yuRmax{sarvanAma;6;eka}	RaRTIsambanXaH,5.1	RaRTIsambanXaH,5.1	1	07	005	mahABArawam	mOsalaparvaH	-
5.1	priyO	-	priyO	priya{puM;1;xvi}/priya{puM;2;xvi}/priya{puM;8;xvi}	priya{puM;1;xvi}	karwA,5.2	viSeRaNam,3.2#viSeRaNam,6.1#viSeRaNam,2.1#viSeRaNam,1.1#karwA,5.2	1	07	005	mahABArawam	mOsalaparvaH	-
5.2	(AswAm)	-	--	-	-	aBihiwa_karwA,5.1;aBihiwa_karwA,6.1	aBihiwa_karwA,5.1;aBihiwa_karwA,6.1	1	07	005	mahABArawam	mOsalaparvaH	-
6.1	bahumawO	-	bahumawO	bahumawa{puM;1;xvi}/bahumawa{puM;2;xvi}	bahumawa{puM;1;xvi}	karwA,5.2	karwA,5.2	1	07	005	mahABArawam	mOsalaparvaH	-
7.1	saxA	-	saxA	saxA{avya}	saxA{avya}	kAlAXikaraNam,6.1	kAlAXikaraNam,13.1	1	07	005	mahABArawam	mOsalaparvaH	-
8.1	wayoH	-	wayoH	wax{sarvanAma;puM;6;xvi}/wax{sarvanAma;napuM;6;xvi}/wax{sarvanAma;swrI;6;xvi}/wax{sarvanAma;puM;7;xvi}/wax{sarvanAma;napuM;7;xvi}/wax{sarvanAma;swrI;7;xvi}	wax{sarvanAma;puM;6;xvi}	RaRTIsambanXaH,9.1	aXikaraNam,13.1#nirXAraNam,3.2#RaRTIsambanXaH,12.1#RaRTIsambanXaH,11.1#RaRTIsambanXaH,10.1#RaRTIsambanXaH,9.1#RaRTIsambanXaH,6.1#RaRTIsambanXaH,3.2	1	07	005	mahABArawam	mOsalaparvaH	-
9.1	apanayAw	-	apanayAw	apanaya{puM;5;eka}	apanaya{puM;5;eka}	hewuH,13.1	hewuH,13.1#apAxAnam,13.1	1	07	005	mahABArawam	mOsalaparvaH	-
1.1	yO	-	yO	yax{sarvanAma;puM;1;xvi}/yax{sarvanAma;puM;2;xvi}	yax{sarvanAma;puM;1;xvi}	viSeRaNam,6.1	viSeRaNam,14.1#viSeRaNam,7.1#viSeRaNam,6.1#viSeRaNam,4.1#viSeRaNam,2.1#niwya_sambanXaH1,2.1#karma,7.1#sup_samucciwaH,9.1	1	07	006	mahABArawam	mOsalaparvaH	-
10.1	ca	-	ca	ca{avya}	ca{avya}	samuccaya_xyowakaH,9.1	samuccaya_xyowakaH,9.1	1	07	006	mahABArawam	mOsalaparvaH	-
11.1	kaWayan	-	kaWayan	kaWayaw{puM;1;eka(kaWa1;Sawq_lat;curAxiH)}	kaWayaw{puM;1;eka(kaWa1;Sawq_lat;curAxiH)}	varwamAnasamAnakAlaH,12.1	varwamAnasamAnakAlaH,12.1	1	07	006	mahABArawam	mOsalaparvaH	-
12.1	kawWase	-	kawWase	kawW1{karwari;lat;ma;eka;AwmanepaxI;BvAxiH}	kawW1{karwari;lat;ma;eka;AwmanepaxI;BvAxiH}	aBihiwa_karwA,11.1	aBihiwa_karwA,11.1	1	07	006	mahABArawam	mOsalaparvaH	-
13.1	ca	-	ca	ca{avya}	ca{avya}	sambanXaH,12.1	sambanXaH,12.1	1	07	006	mahABArawam	mOsalaparvaH	-
14.1	yO	-	yO	yax{sarvanAma;puM;1;xvi}/yax{sarvanAma;puM;2;xvi}	yax{sarvanAma;puM;2;xvi}	viSeRaNam,6.1	viSeRaNam,7.1#viSeRaNam,6.1#viSeRaNam,4.1#viSeRaNam,2.1#viSeRaNam,1.1#niwya_sambanXaH1,2.1#karma,12.1#karma,11.1#karma,7.1	1	07	006	mahABArawam	mOsalaparvaH	-
15.1	.	-	.	-	-	-	-	1	07	006	mahABArawam	mOsalaparvaH	-
2.1	wO	-	wO	wax{sarvanAma;puM;1;xvi}/wax{sarvanAma;puM;2;xvi}	wax{sarvanAma;puM;2;xvi}	viSeRaNam,4.1	viSeRaNam,14.1#viSeRaNam,7.1#viSeRaNam,6.1#viSeRaNam,4.1#karma,7.1#sup_samucciwaH,9.1	1	07	006	mahABArawam	mOsalaparvaH	-
3.1	vqRNi-	-	vqRNi-pravIra	vqRNi	vqRNi	samAsaH,3.2	samAsaH,3.2	1	07	006	mahABArawam	mOsalaparvaH	-
3.2	pravIrANAM	-	--	pravIra{puM;6;bahu}/pravIrA{swrI;6;bahu}/pravIra{napuM;6;bahu}	pravIra{puM;6;bahu}	RaRTIsambanXaH,6.1	RaRTIsambanXaH,9.1#RaRTIsambanXaH,8.1#RaRTIsambanXaH,7.1#RaRTIsambanXaH,6.1#RaRTIsambanXaH,4.1	1	07	006	mahABArawam	mOsalaparvaH	-
4.1	xvO	-	xvO	xvi{saMKyeyam;puM;1;xvi}/xvi{saMKyeyam;puM;2;xvi}	xvi{saMKyeyam;puM;2;xvi}	viSeRaNam,6.1	viSeRaNam,14.1#viSeRaNam,7.1#viSeRaNam,6.1#viSeRaNam,2.1#karma,11.1#karma,7.1#sup_samucciwaH,9.1	1	07	006	mahABArawam	mOsalaparvaH	-
5.1	eva	-	eva	eva{avya}	eva{avya}	sambanXaH,6.1	sambanXaH,6.1	1	07	006	mahABArawam	mOsalaparvaH	-
6.1	awiraWO	-	awiraWO	awiraWa{puM;1;xvi}/awiraWa{puM;2;xvi}/awiraWa{puM;8;xvi}	awiraWa{puM;1;xvi}	samucciwaH,9.1	samucciwaH,9.1	1	07	006	mahABArawam	mOsalaparvaH	-
7.1	mawO	-	mawO	mawi{swrI;7;eka}/mawa{puM;1;xvi(man2;kwa;wanAxiH)}/mawa{puM;2;xvi(man2;kwa;wanAxiH)}	mawa{puM;1;xvi(man2;kwa;wanAxiH)}	viSeRaNam,6.1	viSeRaNam,14.1#viSeRaNam,6.1#viSeRaNam,4.1#viSeRaNam,2.1#karma,12.1#karma,11.1#sup_samucciwaH,9.1#aXikaraNam,12.1#aXikaraNam,11.1	1	07	006	mahABArawam	mOsalaparvaH	-
8.1	praxyumnaH	-	praxyumnaH	praxyumna{puM;1;eka}	praxyumna{puM;1;eka}	samucciwaH,9.1	samucciwaH,9.1	1	07	006	mahABArawam	mOsalaparvaH	-
9.1	yuyuXAnaH	-	yuyuXAnaH	yuyuXAna{puM;1;eka}	yuyuXAna{puM;1;eka}	karwA,0	karwA,0	1	07	006	mahABArawam	mOsalaparvaH	-
1.1	niwyaM	-	niwyaM	niwya{puM;2;eka}/niwya{napuM;1;eka}/niwya{napuM;2;eka}	niwya{napuM;1;eka}	kriyAviSeRaNam,4.3	kriyAviSeRaNam,4.3#viSeRaNam,11.1#kriyAviSeRaNam,12.1#viSeRaNam,2.1#sup_samucciwaH,4.1	1	07	007	mahABArawam	mOsalaparvaH	-
10.1	vqRNi-	-	vqRNi-nASa	vqRNi	vqRNi	samAsaH,10.2	samAsaH,10.2	1	07	007	mahABArawam	mOsalaparvaH	-
10.2	nASasya	-	--	nASa{puM;6;eka}/nASa{napuM;6;eka}	nASa{puM;6;eka}	RaRTIsambanXaH,13.1	viSeRaNam,6.1#RaRTIsambanXaH,13.1#RaRTIsambanXaH,11.1	1	07	007	mahABArawam	mOsalaparvaH	-
11.1	muKam	-	muKam	muKa{puM;2;eka}/muKa{napuM;1;eka}/muKa{napuM;2;eka}	muKa{napuM;1;eka}	viXeya_viSeRaNam,8.1	viXeya_viSeRaNam,8.1#viSeRaNam,2.1#karwA,12.1	1	07	007	mahABArawam	mOsalaparvaH	-
12.1	AswAM	-	AswAM	As1{karwari;lot;pra;eka;AwmanepaxI;axAxiH}/as2{karwari;laf;pra;xvi;parasmEpaxI;axAxiH}	as2{karwari;laf;pra;xvi;parasmEpaxI;axAxiH}	aBihiwa_karwA,8.1	aBihiwa_karwA,8.1	1	07	007	mahABArawam	mOsalaparvaH	-
13.1	XanaFjaya	-	XanaFjaya	XanaFjaya{puM;8;eka}	XanaFjaya{puM;8;eka}	samboXyaH,12.1	samboXyaH,12.1	1	07	007	mahABArawam	mOsalaparvaH	-
14.1	.	-	.	-	-	-	-	1	07	007	mahABArawam	mOsalaparvaH	-
2.1	wvaM	-	wvaM	yuRmax{sarvanAma;1;eka}	yuRmax{sarvanAma;1;eka}	samucciwaH,7.1	samucciwaH,7.1	1	07	007	mahABArawam	mOsalaparvaH	-
3.1	kuruSArxUla	-	kuruSArxUla	-	-	samboXyaH,4.3	samboXyaH,4.3	1	07	007	mahABArawam	mOsalaparvaH	-
4.1	kqRNaH(kqRNasya)	-	kqRNaH	-	-	RaRTIsambanXaH,4.2	viSeRaNam,2.1#RaRTIsambanXaH,4.2	1	07	007	mahABArawam	mOsalaparvaH	-
4.2	(priyaBAjanO)	-	-	-	-	viXeya_viSeRaNam,7.1	viXeya_viSeRaNam,7.1	1	07	007	mahABArawam	mOsalaparvaH	-
4.3	(AswAm)	-	-	-	-	aBihiwa_karwA,7.1	aBihiwa_karwA,7.1	1	07	007	mahABArawam	mOsalaparvaH	-
5.1	ca	-	ca	ca{avya}	ca{avya}	samuccaya_xyowakaH,7.1	samuccaya_xyowakaH,7.1sup_samuccaya_xyowakaH,4.1#sambanXaH,4.1	1	07	007	mahABArawam	mOsalaparvaH	-
6.1	mama	-	mama	asmax{sarvanAma;6;eka}	asmax{sarvanAma;6;eka}	RaRTIsambanXaH,7.1	RaRTIsambanXaH,13.1#RaRTIsambanXaH,11.1#RaRTIsambanXaH,10.2#RaRTIsambanXaH,7.1	1	07	007	mahABArawam	mOsalaparvaH	-
7.1	puwrakaH	-	puwrakaH	-	-	karwA,4.3	karwA,4.3	1	07	007	mahABArawam	mOsalaparvaH	-
8.1	wO	-	wO	wax{sarvanAma;puM;1;xvi}/wax{sarvanAma;puM;2;xvi}	wax{sarvanAma;puM;1;xvi}	karwA,12.1	karwA,12.1	1	07	007	mahABArawam	mOsalaparvaH	-
9.1	uBO	-	uBO	uBa{sarvanAma;puM;1;xvi}/uBa{sarvanAma;puM;2;xvi}/uBa{puM;8;xvi}	uBa{sarvanAma;puM;1;xvi}	viSeRaNam,8.1	viSeRaNam,8.1#viXeya_viSeRaNam,8.1#karwA_be_verbs,12.1	1	07	007	mahABArawam	mOsalaparvaH	-
1.1	na	-	na	na{avya}	na{avya}	prawiReXaH,3.1	prawiReXaH,3.1	1	07	008	mahABArawam	mOsalaparvaH	-
10.1	rOkmiNeyaM	-	rOkmiNeyaM	-	-	karma,3.1	karma,3.1	1	07	008	mahABArawam	mOsalaparvaH	-
11.1	ca	-	ca	ca{avya}	ca{avya}	samuccaya_xyowakaH,10.1	samuccaya_xyowakaH,10.1	1	07	008	mahABArawam	mOsalaparvaH	-
12.1	SApaH	-	SApaH	SApa{puM;1;eka}	SApa{puM;1;eka}	karwA,16.2	karwA,16.2	1	07	008	mahABArawam	mOsalaparvaH	-
13.1	hi	-	hi	hi{avya}	hi{avya}	sambanXaH,12.1	sambanXaH,12.1	1	07	008	mahABArawam	mOsalaparvaH	-
14.1	eva	-	eva	eva{avya}	eva{avya}	sambanXaH,13.1	sambanXaH,13.1	1	07	008	mahABArawam	mOsalaparvaH	-
15.1	awra	-	awra	awra{avya}	awra{avya}	viRayAXikaraNam,16.2	viRayAXikaraNam,16.2	1	07	008	mahABArawam	mOsalaparvaH	-
16.1	kAraNam	-	kAraNam	kAraNa{napuM;1;eka}/kAraNa{napuM;2;eka}	kAraNa{napuM;1;eka}	viXeya_viSeRaNam,12.1	viXeya_viSeRaNam,12.1	1	07	008	mahABArawam	mOsalaparvaH	-
16.2	(aswi)	-	-	-	-	aBihiwa_karwA,12.1	aBihiwa_karwA,12.1	1	07	008	mahABArawam	mOsalaparvaH	-
17.1	.	-	.	-	-	-	-	1	07	008	mahABArawam	mOsalaparvaH	-
2.1	wu	-	wu	wu{avya}	wu{avya}	sambanXaH,1.1	sambanXaH,1.1	1	07	008	mahABArawam	mOsalaparvaH	-
3.1	garhAmi	-	garhAmi	-	-	aBihiwa_karwA,7.1	aBihiwa_karwA,7.1	1	07	008	mahABArawam	mOsalaparvaH	-
4.1	SEneyaM	-	SEneyaM	SEneya{puM;2;eka}	SEneya{puM;2;eka}	kriyAviSeRaNam,3.1	kriyAviSeRaNam,3.1	1	07	008	mahABArawam	mOsalaparvaH	-
5.1	hArxikyaM	-	hArxikyaM	-	-	samucciwaH,10.1	samucciwaH,10.1	1	07	008	mahABArawam	mOsalaparvaH	-
6.1	ca	-	ca	ca{avya}	ca{avya}	samuccaya_xyowakaH,10.1	samuccaya_xyowakaH,10.1	1	07	008	mahABArawam	mOsalaparvaH	-
7.1	aham	-	aham	asmax{sarvanAma;1;eka}	asmax{sarvanAma;1;eka}	karwA,3.1	karwA,3.1	1	07	008	mahABArawam	mOsalaparvaH	-
8.1	arjuna	-	arjuna	arjuna{puM;8;eka}	arjuna{puM;8;eka}	samboXyaH,3.1	samboXyaH,3.1	1	07	008	mahABArawam	mOsalaparvaH	-
9.1	akrUraM	-	akrUraM	akrUra{puM;2;eka}/akrUra{napuM;1;eka}/akrUra{napuM;2;eka}	akrUra{puM;2;eka}	samucciwaH,10.1	samucciwaH,10.1	1	07	008	mahABArawam	mOsalaparvaH	-
1.1	keSinaM	-	keSinaM	keSin{puM;2;eka}	keSin{puM;2;eka}	samucciwaH,12.1	sup_samucciwaH,12.1#sup_samucciwaH,4.1#samucciwaH,12.1	1	07	009	mahABArawam	mOsalaparvaH	-
10.1	akarow	-	akarow	kq3{karwari;laf;pra;eka;parasmEpaxI;wanAxiH}	kq3{karwari;laf;pra;eka;parasmEpaxI;wanAxiH}	aBihiwa_karwA,8.1;sakarmaka	aBihiwa_karwA,8.1;sakarmaka	1	07	009	mahABArawam	mOsalaparvaH	-
11.1	pArWa	-	pArWa	pArWa{puM;8;eka}	pArWa{puM;8;eka}	samboXyaH,10.1	samboXyaH,10.1	1	07	009	mahABArawam	mOsalaparvaH	-
12.1	cExyaM	-	cExyaM	cExya{puM;2;eka}	cExya{puM;2;eka}	karma,10.1	karma,10.1	1	07	009	mahABArawam	mOsalaparvaH	-
13.1	ca	-	ca	ca{avya}	ca{avya}	samuccaya_xyowakaH,12.1	sup_samuccaya_xyowakaH,12.1#sambanXaH,12.1	1	07	009	mahABArawam	mOsalaparvaH	-
14.1	bala-	-	bala--	bala	bala	samAsaH,14.2	samAsaH,14.2	1	07	009	mahABArawam	mOsalaparvaH	-
14.2	garviwam	-	--	-	-	viSeRaNam,12.1	viSeRaNam,12.1	1	07	009	mahABArawam	mOsalaparvaH	-
15.1	.	-	.	-	-	-	-	1	07	009	mahABArawam	mOsalaparvaH	-
2.1	yaH	-	yaH	yax{sarvanAma;puM;1;eka}	yax{sarvanAma;puM;1;eka}	viSeRaNam,8.1	viSeRaNam,8.1	1	07	009	mahABArawam	mOsalaparvaH	-
3.1	wu	-	wu	wu{avya}	wu{avya}	sambanXaH,2.1	sambanXaH,2.1	1	07	009	mahABArawam	mOsalaparvaH	-
4.1	kaMsaM	-	kaMsaM	kaMsa{puM;2;eka}	kaMsa{puM;2;eka}	samucciwaH,12.1	sup_samucciwaH,12.1#karma,10.1	1	07	009	mahABArawam	mOsalaparvaH	-
5.1	ca	-	ca	ca{avya}	ca{avya}	samuccaya_xyowakaH,4.1	samuccaya_xyowakaH,4.1	1	07	009	mahABArawam	mOsalaparvaH	-
6.1	vikramya	-	vikramya	vi_kram1{avya;lyap;BvAxiH}	vi_kram1{avya;lyap;BvAxiH}	pUrvakAlaH,10.1	pUrvakAlaH,10.1	1	07	009	mahABArawam	mOsalaparvaH	-
7.1	jagawaH	-	jagawaH	jagaw{napuM;5;eka}/jagaw{napuM;6;eka}/jagaw{puM;8;bahu}/jagaw{puM;1;bahu}/jagaw{puM;2;bahu}/jagaw{puM;5;eka}/jagaw{puM;6;eka}	jagaw{napuM;6;eka}	RaRTIsambanXaH,8.1	RaRTIsambanXaH,8.1#RaRTIsambanXaH,12.1#RaRTIsambanXaH,11.1#RaRTIsambanXaH,9.1#RaRTIsambanXaH,4.1#hewuH5,10.1#hewuH5,6.1#sup_samucciwaH,12.1#karma,10.1	1	07	009	mahABArawam	mOsalaparvaH	-
8.1	praBuH	-	praBuH	praBu{puM;1;eka}	praBu{puM;1;eka}	karwA,10.1;karwA,6.1	karwA,10.1;karwA,6.1	1	07	009	mahABArawam	mOsalaparvaH	-
9.1	vixehO	-	vixehO	vixeha{puM;1;xvi}/vixeha{puM;2;xvi}/vixeha{puM;8;xvi}	vixeha{puM;2;xvi}	viXeya_viSeRaNam,10.1	viXeya_viSeRaNam,10.1	1	07	009	mahABArawam	mOsalaparvaH	-
1.1	nERAxim	-	nERAxim	-	-	viSeRaNam,2.1	viSeRaNam,2.1	1	07	010	mahABArawam	mOsalaparvaH	-
10.1	ca	-	ca	ca{avya}	ca{avya}	samuccaya_xyowakaH,11.1	samuccaya_xyowakaH,11.1	1	07	010	mahABArawam	mOsalaparvaH	-
11.1	pArWivAn	-	pArWivAn	pArWiva{puM;2;bahu}	pArWiva{puM;2;bahu}	karma,4.1	karma,4.1	1	07	010	mahABArawam	mOsalaparvaH	-
12.1	.	-	.	-	-	-	-	1	07	010	mahABArawam	mOsalaparvaH	-
2.1	ekalavyaM	-	ekalavyaM	-	-	samucciwaH,11.1	samucciwaH,11.1	1	07	010	mahABArawam	mOsalaparvaH	-
3.1	ca	-	ca	ca{avya}	ca{avya}	samuccaya_xyowakaH,2.1	samuccaya_xyowakaH,2.1	1	07	010	mahABArawam	mOsalaparvaH	-
4.1	cakre	-	cakre	kq2{karwari;lit;pra;eka;AwmanepaxI;svAxiH}/kq2{karwari;lit;u;eka;AwmanepaxI;svAxiH}/kq2{karmaNi;lit;pra;eka;AwmanepaxI;svAxiH}/kq2{karmaNi;lit;u;eka;AwmanepaxI;svAxiH}/kq3{karwari;lit;pra;eka;AwmanepaxI;wanAxiH}/kq3{karwari;lit;u;eka;AwmanepaxI;wanAxiH}/kq3{karmaNi;lit;pra;eka;AwmanepaxI;wanAxiH}/kq3{karmaNi;lit;u;eka;AwmanepaxI;wanAxiH}/cakra{puM;7;eka}/cakra{napuM;7;eka}	kq2{karwari;lit;pra;eka;AwmanepaxI;svAxiH}	aBihiwa_karwA,0	aBihiwa_karwA,0	1	07	010	mahABArawam	mOsalaparvaH	-
5.1	kAlifga-	-	kAlifga-mAgaXa	kAlifga	kAlifga	samAsaH,5.2	samAsaH,5.2	1	07	010	mahABArawam	mOsalaparvaH	-
5.2	mAgaXAn	-	--	mAgaXa{puM;2;bahu}	mAgaXa{puM;2;bahu}	samucciwaH,11.1	samucciwaH,11.1	1	07	010	mahABArawam	mOsalaparvaH	-
6.1	gAnXArAn	-	gAnXArAn	gAnXAra{puM;2;bahu}	gAnXAra{puM;2;bahu}	samucciwaH,11.1	samucciwaH,11.1	1	07	010	mahABArawam	mOsalaparvaH	-
7.1	kASirAjaM	-	kASirAjaM	kASirAja{puM;2;eka}	kASirAja{puM;2;eka}	samucciwaH,11.1	samucciwaH,11.1	1	07	010	mahABArawam	mOsalaparvaH	-
8.1	ca	-	ca	ca{avya}	ca{avya}	samuccaya_xyowakaH,7.1	samuccaya_xyowakaH,7.1	1	07	010	mahABArawam	mOsalaparvaH	-
9.1	maru-	-	maru-BUmi	maru	maru	samAsaH,9.2	samAsaH,9.2	1	07	010	mahABArawam	mOsalaparvaH	-
9.2	BUmO	-	--	BUmi{swrI;7;eka}/BUmi{puM;7;eka}	BUmi{swrI;7;eka}	sambanXaH,11.1	sambanXaH,11.1	1	07	010	mahABArawam	mOsalaparvaH	-
1.1	prAcyA	-	prAcyA	prAcI{swrI;3;eka}/prAcyA{swrI;1;eka}	prAcI{swrI;3;eka}	viSeRaNam,7.1	karaNam,11.1#hewuH,11.1#hewuH,10.1#viSeRaNam,7.1	1	07	011	mahABArawam	mOsalaparvaH	-
10.1	ewam	-	ewam	ewax{sarvanAma;puM;2;eka}/Af_i1{karwari{lot;ma;xvi;parasmEpaxI;axAxiH}	ewax{sarvanAma;puM;2;eka}	viSeRaNam,7.1	sup_samucciwaH,5.1#muKyakarma,11.1#gONakarma,11.1#viSeRaNam,7.1	1	07	011	mahABArawam	mOsalaparvaH	-
11.1	anayaM	-	anayaM	-	-	viSeRaNam,7.1	viSeRaNam,7.1	1	07	011	mahABArawam	mOsalaparvaH	-
12.1	maXusUxanaH	-	maXusUxanaH	maXusUxana{puM;1;eka}	maXusUxana{puM;1;eka}	karwA,9.1	karwA,9.1	1	07	011	mahABArawam	mOsalaparvaH	-
13.1	.	-	.	-	-	-	-	1	07	011	mahABArawam	mOsalaparvaH	-
2.1	ca	-	ca	ca{avya}	ca{avya}	sambanXaH,1.1	sambanXaH,1.1	1	07	011	mahABArawam	mOsalaparvaH	-
3.1	xAkRiNAwyAn	-	xAkRiNAwyAn	xAkRiNAwya{puM;2;bahu}	xAkRiNAwya{puM;2;bahu}	viSeRaNam,7.1	viSeRaNam,7.1#viSeRaNam,5.1#sup_samucciwaH,5.1	1	07	011	mahABArawam	mOsalaparvaH	-
4.1	ca	-	ca	ca{avya}	ca{avya}	sambanXaH,3.1	sambanXaH,3.1	1	07	011	mahABArawam	mOsalaparvaH	-
5.1	pArvawIyAn	-	pArvawIyAn	pArvawIya{puM;2;bahu}	pArvawIya{puM;2;bahu}	viSeRaNam,7.1	muKyakarma,11.1#gONakarma,11.1#viSeRaNam,7.1	1	07	011	mahABArawam	mOsalaparvaH	-
6.1	waWA	-	waWA	waWA{avya}	waWA{avya}	samuccaya_xyowakaH,5.1	samuccaya_xyowakaH,5.1	1	07	011	mahABArawam	mOsalaparvaH	-
7.1	nqpAn	-	nqpAn	nqpa{puM;2;bahu}	nqpa{puM;2;bahu}	karma,9.1	sup_samucciwaH,5.1#muKyakarma,11.1#gONakarma,11.1#karma,9.1	1	07	011	mahABArawam	mOsalaparvaH	-
8.1	saH	-	saH	wax{sarvanAma;puM;1;eka}	wax{sarvanAma;puM;1;eka}	viSeRaNam,12.1	viSeRaNam,12.1	1	07	011	mahABArawam	mOsalaparvaH	-
9.1	aByupekRiwavAn	-	aByupekRiwavAn	-	-	aBihiwa_karwA,12.1	aBihiwa_karwA,12.1	1	07	011	mahABArawam	mOsalaparvaH	-
1.1	wawaH	-	wawaH	wawaH{avya}	wawaH{avya}	sambanXaH,12.1	sambanXaH,12.1	1	07	012	mahABArawam	mOsalaparvaH	-
10.1	SayAnAn	-	SayAnAn	SayAna{puM;2;bahu(SI1;san;SAnac;axAxiH)}	SayAna{puM;2;bahu(SI1;san;SAnac;axAxiH)}	viSeRaNam,8.1	karma,12.1#karma,11.1#viSeRaNam,8.1	1	07	012	mahABArawam	mOsalaparvaH	-
11.1	nihiwAn	-	nihiwAn	nihiwa{puM;2;bahu(ni_XA1;kwa;juhowyAxiH)}	nihiwa{puM;2;bahu(ni_XA1;kwa;juhowyAxiH)}	viSeRaNam,8.1	karma,12.1#viSeRaNam,8.1	1	07	012	mahABArawam	mOsalaparvaH	-
12.1	xqRtvA	-	xqRtvA	xqS1{avya;kwvA;BvAxiH}	xqS1{avya;kwvA;BvAxiH}	pUrvakAlaH,15.1	pUrvakAlaH,15.1	1	07	012	mahABArawam	mOsalaparvaH	-
13.1	wawaH	-	wawaH	wawaH{avya}	wawaH{avya}	sambanXaH,15.1	sambanXaH,15.1#sambanXaH,12.1#sambanXaH,11.1#sambanXaH,10.1	1	07	012	mahABArawam	mOsalaparvaH	-
14.1	mAm	-	mAm	asmax{sarvanAma;2;eka}	asmax{sarvanAma;2;eka}	gONakarma,15.1	karma,12.1#karma,11.1#karma,15.1#gONakarma,15.1	1	07	012	mahABArawam	mOsalaparvaH	-
15.1	abravIx	-	abravIx	-	-	aBihiwa_karwA,15.2	aBihiwa_karwA,15.2	1	07	012	mahABArawam	mOsalaparvaH	-
15.2	(SrIkqRNaH)	-	-	-	-	karwA,15.1;karwA,12.1	karwA,15.1;karwA,12.1	1	07	012	mahABArawam	mOsalaparvaH	-
16.1	ixam	-	ixam	ixam{sarvanAma;napuM;1;eka}/ixam{sarvanAma;napuM;2;eka}	ixam{sarvanAma;napuM;2;eka}	muKyakarma,15.1	viSeRaNam,14.1#karma,12.1#karma,11.1#muKyakarma,15.1	1	07	012	mahABArawam	mOsalaparvaH	-
17.1	.	-	.	-	-	-	-	1	07	012	mahABArawam	mOsalaparvaH	-
2.1	puwrAn	-	puwrAn	puwra{puM;2;bahu}	puwra{puM;2;bahu}	samucciwaH,8.1	karma,12.1#samucciwaH,8.1	1	07	012	mahABArawam	mOsalaparvaH	-
3.1	ca	-	ca	ca{avya}	ca{avya}	samuccaya_xyowakaH,4.1	sambanXaH,2.1#samuccaya_xyowakaH,4.1	1	07	012	mahABArawam	mOsalaparvaH	-
4.1	pOwrAn	-	pOwrAn	pOwra{puM;2;bahu}	pOwra{puM;2;bahu}	samucciwaH,8.1	samucciwaH,8.1	1	07	012	mahABArawam	mOsalaparvaH	-
5.1	ca	-	ca	ca{avya}	ca{avya}	samuccaya_xyowakaH,6.1	sambanXaH,4.1#samuccaya_xyowakaH,6.1	1	07	012	mahABArawam	mOsalaparvaH	-
6.1	BrAwQn	-	BrAwQn	BrAwq{puM;2;bahu}	BrAwq{puM;2;bahu}	samucciwaH,8.1	karma,12.1#karma,11.1#samucciwaH,8.1	1	07	012	mahABArawam	mOsalaparvaH	-
7.1	aWa	-	aWa	aWa{avya}	aWa{avya}	sambanXaH,15.1	sambanXaH,15.1	1	07	012	mahABArawam	mOsalaparvaH	-
8.1	saKIn	-	saKIn	saKi{puM;2;bahu}	saKi{puM;2;bahu}	samucciwaH,8.1	karma,12.1#karma,11.1#samucciwaH,8.1	1	07	012	mahABArawam	mOsalaparvaH	-
9.1	api	-	api	api{avya}	api{avya}	samuccaya_xyowakaH,8.1	samuccaya_xyowakaH,8.1	1	07	012	mahABArawam	mOsalaparvaH	-
1.1	samprApwaH	-	samprApwaH	-	-	aBihiwa_karwA,10.1	aBihiwa_karwA,10.1	1	07	013	mahABArawam	mOsalaparvaH	-
10.1	purIm	-	purIm	purI{swrI;2;eka}	purI{swrI;2;eka}	karma,1.1	karma,6.1#karma,1.1	1	07	013	mahABArawam	mOsalaparvaH	-
11.1	.	-	.	-	-	-	-	1	07	013	mahABArawam	mOsalaparvaH	-
2.1	axya	-	axya	axya{avya}	axya{avya}	kAlAXikaraNam,6.1	kAlAXikaraNam,6.1	1	07	013	mahABArawam	mOsalaparvaH	-
3.1	Ayamasya	-	Ayamasya	-	-	viSeRaNam,10.1	viSeRaNam,10.1	1	07	013	mahABArawam	mOsalaparvaH	-
4.1	anwaHkulasya	-	anwaHkulasya	-	-	karwA,1.1	karwA,1.1	1	07	013	mahABArawam	mOsalaparvaH	-
5.1	puruRarRaBa	-	puruRarRaBa	puruRarRaBa{puM;8;eka}	puruRarRaBa{puM;8;eka}	samboXyaH,6.1	samboXyaH,6.1	1	07	013	mahABArawam	mOsalaparvaH	-
6.1	AgamiRyawi	-	AgamiRyawi	Af_gam1{karwari;lqt;pra;eka;parasmEpaxI;BvAxiH}	Af_gam1{karwari;lqt;pra;eka;parasmEpaxI;BvAxiH}	aBihiwa_karwA,7.1	aBihiwa_karwA,7.1	1	07	013	mahABArawam	mOsalaparvaH	-
7.1	bIBawsuH	-	bIBawsuH	bIBawsu{puM;1;eka}	bIBawsu{puM;1;eka}	karwA,6.1	karwA,6.1	1	07	013	mahABArawam	mOsalaparvaH	-
8.1	imAM	-	imAM	ixam{sarvanAma;swrI;2;eka}	ixam{sarvanAma;swrI;2;eka}	viSeRaNam,10.1	viSeRaNam,10.1#karma,6.1	1	07	013	mahABArawam	mOsalaparvaH	-
9.1	xvAravawIM	-	xvAravawIM	xvAra{mawup;swrI;2;eka}	xvAra{mawup;swrI;2;eka}	viSeRaNam,10.1	viSeRaNam,10.1#viSeRaNam,8.1#karma,6.1	1	07	013	mahABArawam	mOsalaparvaH	-
1.1	AKyeyaM	-	AKyeyaM	-	-	karma,4.3	karma,4.3	1	07	014	mahABArawam	mOsalaparvaH	-
10.1	SruwvA	-	SruwvA	Sru1{avya;kwvA;BvAxiH}	Sru1{avya;kwvA;BvAxiH}	pUrvakAlaH,11.2	pUrvakAlaH,14.1#pUrvakAlaH,5.1#pUrvakAlaH,11.2	1	07	014	mahABArawam	mOsalaparvaH	-
11.1	mahAwejAH	-	mahAwejAH	mahAwejas{puM;1;eka}	mahAwejas{puM;1;eka}	karwA,11.2;karwA,10.1	karwA,11.2;karwA,10.1	1	07	014	mahABArawam	mOsalaparvaH	-
11.2	(AgamiRyawi)	-	-	-	-	aBihiwa_karwA,11.1	aBihiwa_karwA,11.1	1	07	014	mahABArawam	mOsalaparvaH	-
12.1	yaxUnAm	-	yaxUnAm	yaxu{puM;6;bahu}	yaxu{puM;6;bahu}	RaRTIsambanXaH,13.1	RaRTIsambanXaH,12.1#RaRTIsambanXaH,7.1#RaRTIsambanXaH,6.1#RaRTIsambanXaH,4.1#RaRTIsambanXaH,13.1	1	07	014	mahABArawam	mOsalaparvaH	-
13.1	anayaM	-	anayaM	-	-	viSeRaNam,4.1	viSeRaNam,4.1	1	07	014	mahABArawam	mOsalaparvaH	-
14.1	praBo	-	praBo	praBu{puM;8;eka}/praBu{napuM;8;eka}	praBu{puM;8;eka}	samboXyaH,11.2	samboXyaH,5.1#samboXyaH,14.1#samboXyaH,11.2	1	07	014	mahABArawam	mOsalaparvaH	-
15.1	.	-	.	-	-	-	-	1	07	014	mahABArawam	mOsalaparvaH	-
2.1	wasya	-	wasya	wax{sarvanAma;napuM;6;eka}/wax{sarvanAma;puM;6;eka}	wax{sarvanAma;puM;6;eka}	viSeRaNam,5.1	RaRTIsambanXaH,13.1#RaRTIsambanXaH,12.1#RaRTIsambanXaH,7.1#RaRTIsambanXaH,6.1#RaRTIsambanXaH,4.1#karwA,1.1#viSeRaNam,5.1	1	07	014	mahABArawam	mOsalaparvaH	-
3.1	yax	-	yax	yax{sarvanAma;napuM;1;eka}/yax{sarvanAma;napuM;2;eka}/yaw{napuM;1;eka}/yaw{napuM;2;eka}	yax{sarvanAma;napuM;2;eka}	viSeRaNam,1.1	karma,11.1#viXeya_viSeRaNam,2.1#viXeya_viSeRaNam,1.1#viSeRaNam,8.1#viSeRaNam,7.1#viSeRaNam,5.1#niwya_sambanXaH1,3.1#viSeRaNam,4.1#viSeRaNam,1.1	1	07	014	mahABArawam	mOsalaparvaH	-
4.1	vqwwaM	-	vqwwaM	vqwwa{puM;2;eka(vqw1;kwa;BvAxiH)}/vqwwa{napuM;1;eka(vqw1;kwa;BvAxiH)}/vqwwa{napuM;2;eka(vqw1;kwa;BvAxiH)}	vqwwa{puM;2;eka(vqw1;kwa;BvAxiH)}	karma,11.2	viSeRaNam,8.1#viSeRaNam,7.1#viSeRaNam,4.1#karma,11.1#karma,1.1#karma,11.2	1	07	014	mahABArawam	mOsalaparvaH	-
4.2	(BavAn)	-	-	-	-	karwA,4.3	karwA,4.3	1	07	014	mahABArawam	mOsalaparvaH	-
4.3	(kaWayawu)	-	-	-	-	aBihiwa_karwA,4.2	aBihiwa_karwA,4.2	1	07	014	mahABArawam	mOsalaparvaH	-
5.1	vqRNInAM	-	vqRNInAM	vqRNi{puM;6;bahu}	vqRNi{puM;6;bahu}	RaRTIsambanXaH,1.1;RaRTIsambanXaH,4.1	RaRTIsambanXaH,1.1;RaRTIsambanXaH,4.1	1	07	014	mahABArawam	mOsalaparvaH	-
6.1	vESasaM	-	vESasaM	vESasa{napuM;1;eka}/vESasa{napuM;2;eka}	vESasa{napuM;2;eka}	viSeRaNam,4.1	muKyakarma,14.1#karma,11.1#viXeya_viSeRaNam,4.1#viXeya_viSeRaNam,2.1#viXeya_viSeRaNam,1.1#viSeRaNam,4.1	1	07	014	mahABArawam	mOsalaparvaH	-
7.1	mahaw	-	mahaw	mahaw{napuM;8;eka}/mahaw{napuM;1;eka}/mahaw{napuM;2;eka}	mahaw{napuM;2;eka}	viSeRaNam,6.1	viSeRaNam,6.1#viSeRaNam,7.1#viSeRaNam,5.1#viSeRaNam,4.1#muKyakarma,14.1#karma,11.1#viXeya_viSeRaNam,7.1#viXeya_viSeRaNam,4.1#viXeya_viSeRaNam,2.1#viXeya_viSeRaNam,1.1#viSeRaNam,15.1	1	07	014	mahABArawam	mOsalaparvaH	-
8.1	saH	-	saH	wax{sarvanAma;puM;1;eka}	wax{sarvanAma;puM;1;eka}	viSeRaNam,11.1	viXeya_viSeRaNam,8.1#viXeya_viSeRaNam,7.1#viXeya_viSeRaNam,4.1#viXeya_viSeRaNam,2.1#viXeya_viSeRaNam,1.1#viSeRaNam,12.1#viSeRaNam,11.1	1	07	014	mahABArawam	mOsalaparvaH	-
9.1	wu	-	wu	wu{avya}	wu{avya}	sambanXaH,10.1	sambanXaH,10.1	1	07	014	mahABArawam	mOsalaparvaH	-
1.1	AKyeyaM	-	AKyeyaM	-	-	karma,4.3	karma,4.3	2	07	014	mahABArawam	mOsalaparvaH	-
10.1	SruwvA	-	SruwvA	Sru1{avya;kwvA;BvAxiH}	Sru1{avya;kwvA;BvAxiH}	pUrvakAlaH,11.2	pUrvakAlaH,14.1#pUrvakAlaH,5.1#pUrvakAlaH,11.2	2	07	014	mahABArawam	mOsalaparvaH	-
11.1	mahAwejAH	-	mahAwejAH	mahAwejas{puM;1;eka}	mahAwejas{puM;1;eka}	karwA,11.2;karwA,10.1	karwA,11.2;karwA,10.1	2	07	014	mahABArawam	mOsalaparvaH	-
11.2	(AgamiRyawi)	-	-	-	-	aBihiwa_karwA,11.1	aBihiwa_karwA,11.1	2	07	014	mahABArawam	mOsalaparvaH	-
12.1	yaxUnAm	-	yaxUnAm	yaxu{puM;6;bahu}	yaxu{puM;6;bahu}	RaRTIsambanXaH,13.1	RaRTIsambanXaH,12.1#RaRTIsambanXaH,7.1#RaRTIsambanXaH,6.1#RaRTIsambanXaH,4.1#RaRTIsambanXaH,13.1	2	07	014	mahABArawam	mOsalaparvaH	-
13.1	anayaM	-	anayaM	-	-	viSeRaNam,4.1	viSeRaNam,4.1	2	07	014	mahABArawam	mOsalaparvaH	-
14.1	praBo	-	praBo	praBu{puM;8;eka}/praBu{napuM;8;eka}	praBu{puM;8;eka}	samboXyaH,11.2	samboXyaH,5.1#samboXyaH,14.1#samboXyaH,11.2	2	07	014	mahABArawam	mOsalaparvaH	-
15.1	.	-	.	-	-	-	-	2	07	014	mahABArawam	mOsalaparvaH	-
2.1	wasya	-	wasya	wax{sarvanAma;napuM;6;eka}/wax{sarvanAma;puM;6;eka}	wax{sarvanAma;puM;6;eka}	viSeRaNam,5.1	RaRTIsambanXaH,13.1#RaRTIsambanXaH,12.1#RaRTIsambanXaH,7.1#RaRTIsambanXaH,6.1#RaRTIsambanXaH,4.1#karwA,1.1#viSeRaNam,5.1	2	07	014	mahABArawam	mOsalaparvaH	-
3.1	yax	-	yax	yax{sarvanAma;napuM;1;eka}/yax{sarvanAma;napuM;2;eka}/yaw{napuM;1;eka}/yaw{napuM;2;eka}	yax{sarvanAma;napuM;2;eka}	viSeRaNam,1.1	karma,11.1#viXeya_viSeRaNam,2.1#viXeya_viSeRaNam,1.1#viSeRaNam,8.1#viSeRaNam,7.1#viSeRaNam,5.1#niwya_sambanXaH1,3.1#viSeRaNam,4.1#viSeRaNam,1.1	2	07	014	mahABArawam	mOsalaparvaH	-
4.1	vqwwaM	-	vqwwaM	vqwwa{puM;2;eka(vqw1;kwa;BvAxiH)}/vqwwa{napuM;1;eka(vqw1;kwa;BvAxiH)}/vqwwa{napuM;2;eka(vqw1;kwa;BvAxiH)}	vqwwa{puM;2;eka(vqw1;kwa;BvAxiH)}	karma,11.2	viSeRaNam,8.1#viSeRaNam,7.1#viSeRaNam,4.1#karma,11.1#karma,1.1#karma,11.2	2	07	014	mahABArawam	mOsalaparvaH	-
4.2	(BavAn)	-	-	-	-	karwA,4.3	karwA,4.3	2	07	014	mahABArawam	mOsalaparvaH	-
4.3	(kaWayawu)	-	-	-	-	aBihiwa_karwA,4.2	aBihiwa_karwA,4.2	2	07	014	mahABArawam	mOsalaparvaH	-
5.1	vqRNInAM	-	vqRNInAM	vqRNi{puM;6;bahu}	vqRNi{puM;6;bahu}	RaRTIsambanXaH,1.1;RaRTIsambanXaH,4.1	RaRTIsambanXaH,1.1;RaRTIsambanXaH,4.1	2	07	014	mahABArawam	mOsalaparvaH	-
6.1	vESasaM	-	vESasaM	vESasa{napuM;1;eka}/vESasa{napuM;2;eka}	vESasa{napuM;2;eka}	viSeRaNam,4.1	muKyakarma,14.1#karma,11.1#viXeya_viSeRaNam,4.1#viXeya_viSeRaNam,2.1#viXeya_viSeRaNam,1.1#viSeRaNam,4.1	2	07	014	mahABArawam	mOsalaparvaH	-
7.1	mahaw	-	mahaw	mahaw{napuM;8;eka}/mahaw{napuM;1;eka}/mahaw{napuM;2;eka}	mahaw{napuM;2;eka}	viSeRaNam,6.1	viSeRaNam,6.1#viSeRaNam,7.1#viSeRaNam,5.1#viSeRaNam,4.1#muKyakarma,14.1#karma,11.1#viXeya_viSeRaNam,7.1#viXeya_viSeRaNam,4.1#viXeya_viSeRaNam,2.1#viXeya_viSeRaNam,1.1#viSeRaNam,15.1	2	07	014	mahABArawam	mOsalaparvaH	-
8.1	saH	-	saH	wax{sarvanAma;puM;1;eka}	wax{sarvanAma;puM;1;eka}	viSeRaNam,11.1	viXeya_viSeRaNam,8.1#viXeya_viSeRaNam,7.1#viXeya_viSeRaNam,4.1#viXeya_viSeRaNam,2.1#viXeya_viSeRaNam,1.1#viSeRaNam,12.1#viSeRaNam,11.1	2	07	014	mahABArawam	mOsalaparvaH	-
9.1	wu	-	wu	wu{avya}	wu{avya}	sambanXaH,10.1	sambanXaH,10.1	2	07	014	mahABArawam	mOsalaparvaH	-
1.1	yaH	-	yaH	yax{sarvanAma;puM;1;eka}	yax{sarvanAma;puM;1;eka}	viSeRaNam,2.1	viSeRaNam,9.1#viSeRaNam,8.1#viSeRaNam,7.1#viSeRaNam,6.1#viSeRaNam,2.1#sup_samucciwaH,14.1#niwya_sambanXaH1,8.1#niwya_sambanXaH1,3.1#viSeRaNam,2.1	1	07	015	mahABArawam	mOsalaparvaH	-
10.1	eva	-	eva	eva{avya}	eva{avya}	sambanXaH,9.2	sambanXaH,9.2	1	07	015	mahABArawam	mOsalaparvaH	-
11.1	wu	-	wu	wu{avya}	wu{avya}	sambanXaH,10.1	sambanXaH,10.1	1	07	015	mahABArawam	mOsalaparvaH	-
12.1	yax	-	yax	yax{sarvanAma;napuM;1;eka}/yax{sarvanAma;napuM;2;eka}/yaw{napuM;1;eka}/yaw{napuM;2;eka}	yax{sarvanAma;napuM;1;eka}	karma,13.1;niwyasambanXaH,14.1	karma,13.1;niwyasambanXaH,14.1	1	07	015	mahABArawam	mOsalaparvaH	-
13.1	brUyAw	-	brUyAw	brU1{karwari;viXilif;pra;eka;parasmEpaxI;axAxiH}	brU1{karwari;viXilif;pra;eka;parasmEpaxI;axAxiH}	aBihiwa_karwA,12.1;niwyasambanXaH,16.2	aBihiwa_karwA,12.1;niwyasambanXaH,16.2	1	07	015	mahABArawam	mOsalaparvaH	-
14.1	waw	-	waw	wax{sarvanAma;napuM;1;eka}/wax{sarvanAma;napuM;2;eka}	wax{sarvanAma;napuM;1;eka}	viSeRaNam,16.1	viSeRaNam,16.1#viSeRaNam,12.1#muKyakarma,13.1#karma,18.1#viSeRaNam,9.1#viSeRaNam,2.1#karwA,13.1	1	07	015	mahABArawam	mOsalaparvaH	-
15.1	waWA	-	waWA	waWA{avya}	waWA{avya}	kriyAviSeRaNam,16.2	kriyAviSeRaNam,16.2	1	07	015	mahABArawam	mOsalaparvaH	-
16.1	kAryam	-	kAryam	kArya{puM;2;eka}/kArya{napuM;1;eka}/kArya{napuM;2;eka}	kArya{puM;2;eka}	karma,16.2	karma,16.2	1	07	015	mahABArawam	mOsalaparvaH	-
16.2	(kuryAH)	-	-	-	-	vAkyakarma,18.1;aBihiwa_karwA,5.2	vAkyakarma,18.1;aBihiwa_karwA,5.2	1	07	015	mahABArawam	mOsalaparvaH	-
17.1	iwi	-	iwi	iwi{avya}	iwi{avya}	vAkyakarma_xyowakaH,16.2	vAkyakarma_xyowakaH,16.2	1	07	015	mahABArawam	mOsalaparvaH	-
18.1	buXyasva	-	buXyasva	buX1{karmaNi;lot;ma;eka;AwmanepaxI;BvAxiH}/buX3{karwari;lot;ma;eka;AwmanepaxI;xivAxiH}	buX1{karmaNi;lot;ma;eka;AwmanepaxI;BvAxiH}	aBihiwa_karwA,5.2	aBihiwa_karwA,5.2	1	07	015	mahABArawam	mOsalaparvaH	-
19.1	mAXava	-	mAXava	mAXava{puM;8;eka}	mAXava{puM;8;eka}	samboXyaH,18.1	samboXyaH,18.1	1	07	015	mahABArawam	mOsalaparvaH	-
2.1	ahaM	-	ahaM	asmax{sarvanAma;1;eka}	asmax{sarvanAma;1;eka}	karwA,2.2	viSeRaNam,7.1#sup_samucciwaH,14.1#karwA,2.2	1	07	015	mahABArawam	mOsalaparvaH	-
2.2	(asmi)	-	-	-	-	vAkyakarma,5.1;aBihiwa_karwA,2.1	vAkyakarma,5.1;aBihiwa_karwA,2.1	1	07	015	mahABArawam	mOsalaparvaH	-
20.1	.	-	.	-	-	-	-	1	07	015	mahABArawam	mOsalaparvaH	-
3.1	wam	-	wam	wax{sarvanAma;puM;2;eka}	wax{sarvanAma;puM;2;eka}	viSeRaNam,4.1	viSeRaNam,16.1#viSeRaNam,4.1#sup_samucciwaH,14.1#karma,5.1	1	07	015	mahABArawam	mOsalaparvaH	-
4.1	arjunaM	-	arjunaM	arjuna{puM;2;eka}	arjuna{puM;2;eka}	karma,2.2	sup_samucciwaH,14.1#karma,5.1#karma,2.2	1	07	015	mahABArawam	mOsalaparvaH	-
5.1	vixXi	-	vixXi	vix1{karwari;lot;ma;eka;parasmEpaxI;axAxiH}	vix1{karwari;lot;ma;eka;parasmEpaxI;axAxiH}	aBihiwa_karwA,5.2	aBihiwa_karwA,5.2	1	07	015	mahABArawam	mOsalaparvaH	-
5.2	(wvam)	-	-	-	-	karwA,5.1;karwA,16.2;karwA,18.1	karwA,5.1;karwA,16.2;karwA,18.1	1	07	015	mahABArawam	mOsalaparvaH	-
5.3	(iwi)	-	-	-	-	vAkyakarma_xyowakaH,2.2;vAkyakarma_xyowakaH,9.2	vAkyakarma_xyowakaH,2.2;vAkyakarma_xyowakaH,9.2	1	07	015	mahABArawam	mOsalaparvaH	-
6.1	yaH	-	yaH	yax{sarvanAma;puM;1;eka}	yax{sarvanAma;puM;1;eka}	viSeRaNam,7.1	viSeRaNam,9.1#viSeRaNam,8.1#viSeRaNam,7.1#viSeRaNam,2.1#viSeRaNam,1.1#sup_samucciwaH,14.1#niwya_sambanXaH1,8.1#niwya_sambanXaH1,3.1#karwA,13.1#viSeRaNam,7.1	1	07	015	mahABArawam	mOsalaparvaH	-
7.1	arjunaH	-	arjunaH	arjuna{puM;1;eka}	arjuna{puM;1;eka}	karwA,9.2	sup_samucciwaH,14.1#karwA,13.1#karwA,9.2	1	07	015	mahABArawam	mOsalaparvaH	-
8.1	saH	-	saH	wax{sarvanAma;puM;1;eka}	wax{sarvanAma;puM;1;eka}	viSeRaNam,9.1	viSeRaNam,9.1#viSeRaNam,7.1#viSeRaNam,6.1#viSeRaNam,2.1#viSeRaNam,1.1#sup_samucciwaH,14.1#karwA,13.1	1	07	015	mahABArawam	mOsalaparvaH	-
9.1	aham	-	aham	asmax{sarvanAma;1;eka}	asmax{sarvanAma;1;eka}	viXeya_viSeRaNam,7.1	viXeya_viSeRaNam,7.1	1	07	015	mahABArawam	mOsalaparvaH	-
9.2	(aswi)	-	-	-	-	vAkyakarma,5.1;aBihiwa_karwA,7.1	vAkyakarma,5.1;aBihiwa_karwA,7.1	1	07	015	mahABArawam	mOsalaparvaH	-
1.1	saH	-	saH	wax{sarvanAma;puM;1;eka}	wax{sarvanAma;puM;1;eka}	viSeRaNam,5.1	viSeRaNam,9.1#viSeRaNam,5.1	1	07	016	mahABArawam	mOsalaparvaH	-
10.1	BavawaH	-	BavawaH	Bava{avya;wasil}/BU1{karwari;lat;pra;xvi;parasmEpaxI;BvAxiH}/Bavaw{sarvanAma;puM;2;bahu}/Bavaw{sarvanAma;puM;5;eka}/Bavaw{sarvanAma;puM;6;eka}/Bavaw{puM;2;bahu}/Bavaw{puM;5;eka}/Bavaw{puM;6;eka}	Bavaw{sarvanAma;puM;2;bahu}	viSeRaNam,4.1	RaRTIsambanXaH,9.1#RaRTIsambanXaH,6.1#RaRTIsambanXaH,5.1#RaRTIsambanXaH,3.2#RaRTIsambanXaH,2.1#hewuH5,3.1#apAxAnam,3.1#viSeRaNam,4.1#gawikarma,3.1	1	07	016	mahABArawam	mOsalaparvaH	-
11.1	ca	-	ca	ca{avya}	ca{avya}	samuccaya_xyowakaH,10.1	samuccaya_xyowakaH,10.1	1	07	016	mahABArawam	mOsalaparvaH	-
12.1	UrXva-	-	UrXva-	UrXva	UrXva	samAsaH,12.2	samAsaH,12.2	1	07	016	mahABArawam	mOsalaparvaH	-
12.2	xehikam	-	--	-	-	karma,8.1	karma,8.1	1	07	016	mahABArawam	mOsalaparvaH	-
13.1	.	-	.	-	-	-	-	1	07	016	mahABArawam	mOsalaparvaH	-
2.1	swrIRu	-	swrIRu	swrI{swrI;7;bahu}	swrI{swrI;7;bahu}	samucciwaH,6.1	sup_samucciwaH,6.1#aXikaraNam,10.1#aXikaraNam,3.1	1	07	016	mahABArawam	mOsalaparvaH	-
3.1	prApwa-	-	prApwa-kAla	prApwa(pra_Ap1;kwa;svAxiH)	prApwa(pra_Ap1;kwa;svAxiH)	wawpuruRaH,3.2	wawpuruRaH,3.2#karmaXArayaH_1,3.2	1	07	016	mahABArawam	mOsalaparvaH	-
3.2	kAlaM	-	--	kAla{puM;2;eka}/kAla{napuM;1;eka}/kAla{napuM;2;eka}	kAla{puM;2;eka}	viSeRaNam,2.1	viSeRaNam,2.1	1	07	016	mahABArawam	mOsalaparvaH	-
4.1	vaH	-	vaH	yuRmax{sarvanAma;2;bahu}/yuRmax{sarvanAma;6;bahu}/yuRmax{sarvanAma;4;bahu}	yuRmax{sarvanAma;6;bahu}	RaRTIsambanXaH,12.2	prayojanam1,10.1#prayojanam1,3.1#sup_samucciwaH,10.1#RaRTIsambanXaH,9.1#RaRTIsambanXaH,6.1#RaRTIsambanXaH,5.1#RaRTIsambanXaH,3.2#RaRTIsambanXaH,12.2#gawikarma,3.1	1	07	016	mahABArawam	mOsalaparvaH	-
5.1	pANdavaH	-	pANdavaH	pANdu{puM;1;bahu}/pANdu{swrI;1;bahu}/pANdava{puM;1;eka}/pANdu{puM;8;bahu}/pANdu{swrI;8;bahu}	pANdava{puM;1;eka}	viSeRaNam,9.1	viSeRaNam,9.1	1	07	016	mahABArawam	mOsalaparvaH	-
6.1	bAlakeRu	-	bAlakeRu	bAlaka{puM;7;bahu}	bAlaka{puM;7;bahu}	aXikaraNam,8.1	aXikaraNam,10.1#aXikaraNam,3.1#aXikaraNam,8.1	1	07	016	mahABArawam	mOsalaparvaH	-
7.1	ca	-	ca	ca{avya}	ca{avya}	sambanXaH,6.1	sup_samuccaya_xyowakaH,6.1#sambanXaH,6.1	1	07	016	mahABArawam	mOsalaparvaH	-
8.1	prawipawsyawi	-	prawipawsyawi	-	-	aBihiwa_karwA,9.1	aBihiwa_karwA,9.1	1	07	016	mahABArawam	mOsalaparvaH	-
9.1	bIBawsuH	-	bIBawsuH	bIBawsu{puM;1;eka}	bIBawsu{puM;1;eka}	karwA,8.1	karwA,8.1	1	07	016	mahABArawam	mOsalaparvaH	-
1.1	imAM	-	imAM	ixam{sarvanAma;swrI;2;eka}	ixam{sarvanAma;swrI;2;eka}	viSeRaNam,3.1	viSeRaNam,7.3#viSeRaNam,3.1#karma,7.3#Bkarma,5.1	1	07	017	mahABArawam	mOsalaparvaH	-
10.1	.	-	.	-	-	-	-	1	07	017	mahABArawam	mOsalaparvaH	-
2.1	ca	-	ca	ca{avya}	ca{avya}	sambanXaH,1.1	sambanXaH,1.1	1	07	017	mahABArawam	mOsalaparvaH	-
3.1	nagarIM	-	nagarIM	nagarI{swrI;2;eka}	nagarI{swrI;2;eka}	karma,5.1	karma,5.1	1	07	017	mahABArawam	mOsalaparvaH	-
4.1	saxyaH	-	saxyaH	saxyaH{avya}	saxyaH{avya}	kriyAviSeRaNam,5.1	kriyAviSeRaNam,5.1	1	07	017	mahABArawam	mOsalaparvaH	-
5.1	prawiyAwe	-	prawiyAwe	prawiyAw{puM;4;eka(prawi_yA1;Sawq_lat;axAxiH)}/prawiyAw{napuM;4;eka(prawi_yA1;Sawq_lat;axAxiH)}/prawiyAwa{puM;7;eka(prawi_yA1;kwa;axAxiH)}/prawiyAwa{napuM;7;eka(prawi_yA1;kwa;axAxiH)}	prawiyAwa{puM;7;eka(prawi_yA1;kwa;axAxiH)}	BAvalakRaNasapwamI_pUrvakAlaH,9.1	viSeRaNam,6.1#BAvalakRaNasapwamI_pUrvakAlaH,9.1#BAvalakRaNasapwamI_pUrvakAlaH,7.3#prayojanam1,9.1#prayojanam1,7.3	1	07	017	mahABArawam	mOsalaparvaH	-
6.1	XanaFjaye	-	XanaFjaye	XanaFjaya{puM;7;eka}	XanaFjaya{puM;7;eka}	karwA,5.1	karwA,5.1	1	07	017	mahABArawam	mOsalaparvaH	-
7.1	prAkAra-	-	prAkAra--AttAlaka-upewA	prAkAra	prAkAra	wqwIyA_wawpuruRaH,7.3	wqwIyA_wawpuruRaH,7.3#paFcamI_wawpuruRaH,7.3#RaRTI_wawpuruRaH,7.2	1	07	017	mahABArawam	mOsalaparvaH	-
7.2	AttAlaka-	-	--	-AttAlaka	-AttAlaka	paFcamI_wawpuruRaH,7.3	paFcamI_wawpuruRaH,7.3	1	07	017	mahABArawam	mOsalaparvaH	-
7.3	upewAM	-	--	upa_i1{karwari;lot;pra;xvi;parasmEpaxI;axAxiH}/upewA{swrI;2;eka(upa_i1;kwa;axAxiH)}	upewA{swrI;2;eka(upa_i1;kwa;axAxiH)}	karma,9.1	viSeRaNam,3.1#viSeRaNam,1.1#karma,9.1	1	07	017	mahABArawam	mOsalaparvaH	-
8.1	samuxraH	-	samuxraH	samuxra{puM;1;eka}	samuxra{puM;1;eka}	prayojakakarwA,9.1	prayojakakarwA,9.1	1	07	017	mahABArawam	mOsalaparvaH	-
9.1	plAvayiRyawi	-	plAvayiRyawi	plu1{Nic;karwari;lqt;pra;eka;parasmEpaxI;BvAxiH}	plu1{Nic;karwari;lqt;pra;eka;parasmEpaxI;BvAxiH}	aBihiwa_karwA,8.1;sakarmaka	aBihiwa_karwA,8.1;sakarmaka	1	07	017	mahABArawam	mOsalaparvaH	-
1.1	ahaM	-	ahaM	asmax{sarvanAma;1;eka}	asmax{sarvanAma;1;eka}	karwA,7.2	karwA,7.2	1	07	018	mahABArawam	mOsalaparvaH	-
10.1	saxyaH	-	saxyaH	saxyaH{avya}	saxyaH{avya}	kriyAviSeRaNam,7.2	kriyAviSeRaNam,7.2	1	07	018	mahABArawam	mOsalaparvaH	-
11.1	eva	-	eva	eva{avya}	eva{avya}	sambanXaH,10.1	sambanXaH,10.1	1	07	018	mahABArawam	mOsalaparvaH	-
12.1	rAmeNa	-	rAmeNa	rAma{puM;3;eka}	rAma{puM;3;eka}	sahArWaH,7.2	sahArWaH,7.2	1	07	018	mahABArawam	mOsalaparvaH	-
13.1	saha	-	saha	saha{avya}	saha{avya}	sahArWa_xyowakaH,12.1	sahArWa_xyowakaH,12.1	1	07	018	mahABArawam	mOsalaparvaH	-
14.1	XImawA	-	XImawA	XImaw{puM;3;eka}	XImaw{puM;3;eka}	viSeRaNam,12.1	viSeRaNam,12.1	1	07	018	mahABArawam	mOsalaparvaH	-
15.1	.	-	.	-	-	-	-	1	07	018	mahABArawam	mOsalaparvaH	-
2.1	hi	-	hi	hi{avya}	hi{avya}	sambanXaH,1.1	sambanXaH,1.1	1	07	018	mahABArawam	mOsalaparvaH	-
3.1	xeSe	-	xeSe	xeSa{puM;7;eka}	xeSa{puM;7;eka}	xeSAXikaraNam,7.1	aXikaraNam,9.1#aXikaraNam,7.1#xeSAXikaraNam,7.1	1	07	018	mahABArawam	mOsalaparvaH	-
4.1	kasmiMSciw	-	kasmiMSciw	kasmiMSciw{avya}/kiFciw{sarvanAma;puM;7;eka}/kiFciw{sarvanAma;napuM;7;eka}	kiFciw{sarvanAma;puM;7;eka}	viSeRaNam,3.1	viSeRaNam,5.1#aXikaraNam,9.1#aXikaraNam,7.1#viSeRaNam,3.1	1	07	018	mahABArawam	mOsalaparvaH	-
5.1	puNye	-	puNye	puNyA{swrI;8;eka}/puNya{napuM;7;eka}	puNya{napuM;7;eka}	viRayAXikaraNam,7.1	viSeRaNam,4.1#aXikaraNam,9.1#aXikaraNam,7.1#viRayAXikaraNam,7.1	1	07	018	mahABArawam	mOsalaparvaH	-
6.1	niyamamam	-	niyamamam	-	-	karma,7.1	karma,7.1	1	07	018	mahABArawam	mOsalaparvaH	-
7.1	AsWiwaH	-	AsWiwaH	AsWiwa{puM;1;eka(Af_RWA1;kwa;BvAxiH)}	AsWiwa{puM;1;eka(Af_RWA1;kwa;BvAxiH)}	viXeya_viSeRaNam,1.1	viSeRaNam,9.1#viSeRaNam,1.1#karwA,9.1#karma,9.1#viXeya_viSeRaNam,1.1	1	07	018	mahABArawam	mOsalaparvaH	-
7.2	(prawIkRiRyAmi) 	-	-	-	-	aBihiwa_karwA,1.1	aBihiwa_karwA,1.1	1	07	018	mahABArawam	mOsalaparvaH	-
8.1	kAlaM	-	kAlaM	kAla{puM;2;eka}/kAla{napuM;1;eka}/kAla{napuM;2;eka}	kAla{puM;2;eka}	karma,9.1	karma,9.1#gawikarma,7.1#karwA,9.1	1	07	018	mahABArawam	mOsalaparvaH	-
9.1	karwA	-	karwA	kq2{karwari;lut;pra;eka;parasmEpaxI;svAxiH}/kq2{karwari;lut;pra;eka;AwmanepaxI;svAxiH}/kq2{karmaNi;lut;pra;eka;AwmanepaxI;svAxiH}/kq3{karwari;lut;pra;eka;parasmEpaxI;wanAxiH}/kq3{karwari;lut;pra;eka;AwmanepaxI;wanAxiH}/kq3{karmaNi;lut;pra;eka;AwmanepaxI;wanAxiH}/karwq{puM;1;eka}	karwq{puM;1;eka}	viXeya_viSeRaNam,1.1	viXeya_viSeRaNam,1.1	1	07	018	mahABArawam	mOsalaparvaH	-
1.1	evam	-	evam	evam{avya}	evam{avya}	karma,2.1	kriyAviSeRaNam,13.1#kriyAviSeRaNam,6.1#kriyAviSeRaNam,2.1#gONakarma,2.1#karma,2.1	1	07	019	mahABArawam	mOsalaparvaH	-
10.1	xiSaM	-	xiSaM	xiS{swrI;2;eka}	xiS{swrI;2;eka}	karma,13.1	muKyakarma,2.1#karmasamAnAXikaraNam,9.1#karmasamAnAXikaraNam,7.1#karmasamAnAXikaraNam,4.1#karma,13.1#karma,6.1#gONakarma,2.1	1	07	019	mahABArawam	mOsalaparvaH	-
11.1	kAm	-	kAm	kim{sarvanAma;swrI;2;eka}	kim{sarvanAma;swrI;2;eka}	viSeRaNam,10.1	viSeRaNam,10.1#viSeRaNam,7.1#viSeRaNam,4.1#muKyakarma,2.1#karma,13.1#karma,6.1#gONakarma,2.1	1	07	019	mahABArawam	mOsalaparvaH	-
12.1	api	-	api	api{avya}	api{avya}	sambanXaH,11.1	sambanXaH,11.1	1	07	019	mahABArawam	mOsalaparvaH	-
13.1	agAw	-	agAw	i1{karwari;luf;pra;eka;parasmEpaxI;axAxiH}	i1{karwari;luf;pra;eka;parasmEpaxI;axAxiH}	aBihiwa_karwA,14.1;sakarmaka	aBihiwa_karwA,14.1;sakarmaka	1	07	019	mahABArawam	mOsalaparvaH	-
14.1	praBuH	-	praBuH	praBu{puM;1;eka}	praBu{puM;1;eka}	karwA,13.1;karwA,6.1;karwA,2.1	karwA,13.1;karwA,6.1;karwA,2.1	1	07	019	mahABArawam	mOsalaparvaH	-
15.1	.	-	.	-	-	-	-	1	07	019	mahABArawam	mOsalaparvaH	-
2.1	ukwvA	-	ukwvA	vac1{avya;kwvA;axAxiH}	vac1{avya;kwvA;axAxiH}	pUrvakAlaH,13.1	pUrvakAlaH,13.1	1	07	019	mahABArawam	mOsalaparvaH	-
3.1	hqRIkeSaH	-	hqRIkeSaH	hqRIkeSa{puM;1;eka}	hqRIkeSa{puM;1;eka}	viSeRaNam,14.1	viSeRaNam,14.1	1	07	019	mahABArawam	mOsalaparvaH	-
4.1	mAm	-	mAm	asmax{sarvanAma;2;eka}	asmax{sarvanAma;2;eka}	karma,2.1	muKyakarma,2.1#karma,6.1#gONakarma,2.1#karma,2.1	1	07	019	mahABArawam	mOsalaparvaH	-
5.1	acinwya-	-	acinwya-parAkrama	acinwya	acinwya	RaRTI_wawpuruRaH,5.2	RaRTI_wawpuruRaH,5.2	1	07	019	mahABArawam	mOsalaparvaH	-
5.2	parAkramaH	-	--	parAkrama{puM;1;eka}	parAkrama{puM;1;eka}	viSeRaNam,14.1	viSeRaNam,14.1#viSeRaNam,3.1	1	07	019	mahABArawam	mOsalaparvaH	-
6.1	hiwvA	-	hiwvA	hA2{avya;kwvA;juhowyAxiH}/XA1{avya;kwvA;juhowyAxiH}	hA2{avya;kwvA;juhowyAxiH}	pUrvakAlaH,13.1	pUrvakAlaH,13.1	1	07	019	mahABArawam	mOsalaparvaH	-
7.1	mAM	-	mAM	asmax{sarvanAma;2;eka}	asmax{sarvanAma;2;eka}	karma,6.1	muKyakarma,2.1#karma,13.1#karma,6.1#gONakarma,2.1#karma,6.1	1	07	019	mahABArawam	mOsalaparvaH	-
8.1	bAlakEH	-	bAlakEH	bAlaka{puM;3;bahu}	bAlaka{puM;3;bahu}	sahArWaH,6.1	sahArWaH,6.1	1	07	019	mahABArawam	mOsalaparvaH	-
9.1	sArXaM	-	sArXaM	sArXam{avya}/sArXa{puM;2;eka}/sArXa{napuM;1;eka}/sArXa{napuM;2;eka}	sArXam{avya}	sahArWa_xyowakaH,8.1	karmasamAnAXikaraNam,10.1#karmasamAnAXikaraNam,7.1#karmasamAnAXikaraNam,4.1#karma,13.1#karma,6.1#gONakarma,2.1#karwA,13.1#muKyakarma,2.1#sahArWa_xyowakaH,8.1	1	07	019	mahABArawam	mOsalaparvaH	-
1.1	saH	-	saH	wax{sarvanAma;puM;1;eka}	wax{sarvanAma;puM;1;eka}	viSeRaNam,2.1	viSeRaNam,15.2#viSeRaNam,6.1#viSeRaNam,2.1#sup_samucciwaH,10.2#sup_samucciwaH,3.1	1	07	020	mahABArawam	mOsalaparvaH	-
10.1	jFAwi-	-	jFAwi-vaXa	jFAwi	jFAwi	samAsaH,10.2	samAsaH,10.2	1	07	020	mahABArawam	mOsalaparvaH	-
10.2	vaXaM	-	--	vaXa{puM;2;eka}/vaXa{napuM;1;eka}/vaXa{napuM;2;eka}	vaXa{puM;2;eka}	karma,6.1	viSeRaNam,9.1#karma,14.1#karma,6.1#viSeRaNam,2.1	1	07	020	mahABArawam	mOsalaparvaH	-
11.1	ca	-	ca	ca{avya}	ca{avya}	samuccaya_xyowakaH,10.2	sup_samuccaya_xyowakaH,10.2#sambanXaH,10.2	1	07	020	mahABArawam	mOsalaparvaH	-
12.1	eva	-	eva	eva{avya}	eva{avya}	sambanXaH,11.1	sambanXaH,11.1	1	07	020	mahABArawam	mOsalaparvaH	-
13.1	na	-	na	na{avya}	na{avya}	prawiReXaH,14.1	prawiReXaH,14.1	1	07	020	mahABArawam	mOsalaparvaH	-
14.1	BuFje	-	BuFje	Buj2{karwari;lat;u;eka;AwmanepaxI;ruXAxiH}	Buj2{karwari;lat;u;eka;AwmanepaxI;ruXAxiH}	aBihiwa_karwA,2.1	aBihiwa_karwA,2.1	1	07	020	mahABArawam	mOsalaparvaH	-
15.1	Soka-	-	Soka-karSiwa	Soka	Soka	samAsaH,15.2	samAsaH,15.2	1	07	020	mahABArawam	mOsalaparvaH	-
15.2	karSiwaH	-	--	karSiwa{puM;1;eka(kqS1;kwa;xivAxiH)}	karSiwa{puM;1;eka(kqS1;kwa;xivAxiH)}	viSeRaNam,2.1	viSeRaNam,6.1#viSeRaNam,2.1#viSeRaNam,1.1	1	07	020	mahABArawam	mOsalaparvaH	-
16.1	.	-	.	-	-	-	-	1	07	020	mahABArawam	mOsalaparvaH	-
2.1	ahaM	-	ahaM	asmax{sarvanAma;1;eka}	asmax{sarvanAma;1;eka}	karwA,14.1;karwA,6.1	karwA,14.1;karwA,6.1	1	07	020	mahABArawam	mOsalaparvaH	-
3.1	wO	-	wO	wax{sarvanAma;puM;1;xvi}/wax{sarvanAma;puM;2;xvi}	/wax{sarvanAma;puM;2;xvi}	viSeRaNam,7.1	viSeRaNam,7.1#viSeRaNam,5.2#sup_samucciwaH,10.2#karma,6.1	1	07	020	mahABArawam	mOsalaparvaH	-
4.1	ca	-	ca	ca{avya}	ca{avya}	sambanXaH,5.2	sambanXaH,5.2	1	07	020	mahABArawam	mOsalaparvaH	-
5.1	mahax-	-	mahax-Awman	mahax	mahax	RaRTI_wawpuruRaH,5.2	RaRTI_wawpuruRaH,5.2	1	07	020	mahABArawam	mOsalaparvaH	-
5.2	AwmAnO	-	--	Awman{puM;1;xvi}/Awman{puM;2;xvi}/Awman{puM;8;xvi}	Awman{puM;2;xvi}	viSeRaNam,7.1	viSeRaNam,7.1#viSeRaNam,3.1#sup_samucciwaH,10.2#karma,6.1	1	07	020	mahABArawam	mOsalaparvaH	-
6.1	cinwayan	-	cinwayan	cinwayaw{puM;1;eka(ciw2;Sawq_lat;curAxiH)}	cinwayaw{puM;1;eka(ciw2;Sawq_lat;curAxiH)}	varwamAnasamAnakAlaH,14.1	varwamAnasamAnakAlaH,14.1#sup_samucciwaH,10.2	1	07	020	mahABArawam	mOsalaparvaH	-
7.1	BrAwarO	-	BrAwarO	BrAwq{puM;1;xvi}/BrAwq{puM;2;xvi}/BrAwq{puM;8;xvi}	BrAwq{puM;2;xvi}	samucciwaH,10.2	samucciwaH,10.2	1	07	020	mahABArawam	mOsalaparvaH	-
8.1	wava	-	wava	yuRmax{sarvanAma;6;eka}	yuRmax{sarvanAma;6;eka}	RaRTIsambanXaH,7.1	RaRTIsambanXaH,10.2#RaRTIsambanXaH,7.1	1	07	020	mahABArawam	mOsalaparvaH	-
9.1	GoraM	-	GoraM	Gora{puM;2;eka}/Gora{napuM;1;eka}/Gora{napuM;2;eka}	Gora{puM;2;eka}	viSeRaNam,10.2	viSeRaNam,10.2#sup_samucciwaH,10.2#karma,14.1#karma,6.1#viSeRaNam,2.1	1	07	020	mahABArawam	mOsalaparvaH	-
1.1	na	-	na	na{avya}	na{avya}	prawiReXaH,3.1	prawiReXaH,17.1#prawiReXaH,8.1#prawiReXaH,5.1#prawiReXaH,3.1	1	07	021	mahABArawam	mOsalaparvaH	-
10.1	yax	-	yax	yax{sarvanAma;napuM;1;eka}/yax{sarvanAma;napuM;2;eka}/yaw{napuM;1;eka}/yaw{napuM;2;eka}	yax{sarvanAma;napuM;2;eka}	karma,11.1;niwya_sambanXaH,14.1	karma,11.1;niwya_sambanXaH,14.1	1	07	021	mahABArawam	mOsalaparvaH	-
11.1	ukwaM	-	ukwaM	ukwa{puM;2;eka(vac1;kwa;axAxiH)}/ukwa{napuM;1;eka(vac1;kwa;axAxiH)}/ukwa{napuM;2;eka(vac1;kwa;axAxiH)}	ukwa{puM;2;eka(vac1;kwa;axAxiH)}	aBihiwa_karwA,13.1	aBihiwa_karwA,13.1	1	07	021	mahABArawam	mOsalaparvaH	-
12.1	pArWa	-	pArWa	pArWa{puM;8;eka}	pArWa{puM;8;eka}	samboXyaH,8.1	samboXyaH,17.1#samboXyaH,11.1#samboXyaH,8.1#samboXyaH,7.1#samboXyaH,5.1#samboXyaH,3.1	1	07	021	mahABArawam	mOsalaparvaH	-
13.1	kqRNena	-	kqRNena	kqRNa{puM;3;eka}/kqRNa{napuM;3;eka}	kqRNa{puM;3;eka}	karwA,11.1	karwA,11.1#karaNam,17.1#karaNam,7.1#karaNam,5.1#hewuH,17.1#hewuH,11.1#hewuH,8.1#hewuH,7.1#hewuH,5.1#hewuH,3.1	1	07	021	mahABArawam	mOsalaparvaH	-
14.1	waw	-	waw	wax{sarvanAma;napuM;1;eka}/wax{sarvanAma;napuM;2;eka}	wax{sarvanAma;napuM;2;eka}	viSeRaNam,15.1	viSeRaNam,16.1#viSeRaNam,15.1#viSeRaNam,11.1#viSeRaNam,10.1#karma,17.1#gawikarma,7.1#gONakarma,11.1#karwqrahiwakarwqsamAnAXikaraNam,8.1	1	07	021	mahABArawam	mOsalaparvaH	-
15.1	sarvam	-	sarvam	sarva{sarvanAma;puM;2;eka}/sarva{sarvanAma;napuM;1;eka}/sarva{sarvanAma;napuM;2;eka}	sarva{sarvanAma;napuM;2;eka}	karma,17.1	viSeRaNam,16.1#viSeRaNam,14.1#viSeRaNam,11.1#viSeRaNam,10.1#karma,17.1#gONakarma,11.1#karwqrahiwakarwqsamAnAXikaraNam,8.1#karma,17.1	1	07	021	mahABArawam	mOsalaparvaH	-
16.1	aKilaM	-	aKilaM	aKila{napuM;1;eka}/aKila{napuM;2;eka}	aKila{napuM;2;eka}	viXeya_viSeRaNam,15.1	viSeRaNam,15.1#viSeRaNam,14.1#viSeRaNam,11.1#viSeRaNam,10.1#karmasamAnAXikaraNam,15.1#karmasamAnAXikaraNam,14.1#karmasamAnAXikaraNam,10.1#karma,17.1#gONakarma,11.1#karwqrahiwakarwqsamAnAXikaraNam,8.1#karmasamAnAXikaraNam,7.1#viXeya_viSeRaNam,15.1	1	07	021	mahABArawam	mOsalaparvaH	-
17.1	kuru	-	kuru	kq3{karwari;lot;ma;eka;parasmEpaxI;wanAxiH}	kq3{karwari;lot;ma;eka;parasmEpaxI;wanAxiH}	aBihiwa_karwA,7.2;sakarmaka	aBihiwa_karwA,7.2;sakarmaka	1	07	021	mahABArawam	mOsalaparvaH	-
18.1	.	-	.	-	-	-	-	1	07	021	mahABArawam	mOsalaparvaH	-
2.1	ca	-	ca	ca{avya}	ca{avya}	sambanXaH,1.1	sambanXaH,1.1	1	07	021	mahABArawam	mOsalaparvaH	-
3.1	BokRye	-	BokRye	Buj1{karmaNi;lqt;u;eka;AwmanepaxI;wuxAxiH}/Buj2{karwari;lqt;u;eka;AwmanepaxI;ruXAxiH}/Buj2{karmaNi;lqt;u;eka;AwmanepaxI;ruXAxiH}	Buj1{karmaNi;lqt;u;eka;AwmanepaxI;wuxAxiH}	aBihiwa_karwA,0	aBihiwa_karwA,0	1	07	021	mahABArawam	mOsalaparvaH	-
4.1	na	-	na	na{avya}	na{avya}	prawiReXaH,5.1	prawiReXaH,17.1#prawiReXaH,8.1#prawiReXaH,5.1	1	07	021	mahABArawam	mOsalaparvaH	-
5.1	jIviRye	-	jIviRye	jIv1{karmaNi;lqt;u;eka;AwmanepaxI;BvAxiH}	jIv1{karmaNi;lqt;u;eka;AwmanepaxI;BvAxiH}	aBihiwa_karwA,0	aBihiwa_karwA,0	1	07	021	mahABArawam	mOsalaparvaH	-
6.1	xiRtyA	-	xiRtyA	xiRtyA{avya}/xiRti{swrI;3;eka}	xiRti{swrI;3;eka}	karaNam,7.1	karwA,11.1#karwA,5.1#karwA,3.1#karaNam,17.1#karaNam,7.1#karaNam,5.1#hewuH,17.1#hewuH,11.1#hewuH,8.1#hewuH,7.1#hewuH,5.1#hewuH,3.1	1	07	021	mahABArawam	mOsalaparvaH	-
7.1	prApwaH	-	prApwaH	prApwa{puM;1;eka(pra_Ap1;kwa;svAxiH)}	prApwa{puM;1;eka(pra_Ap1;kwa;svAxiH)}	viXeya_viSeRaNam,7.2	viXeya_viSeRaNam,7.2	1	07	021	mahABArawam	mOsalaparvaH	-
7.2	(wvam)	-	-	-	-	karwA,8.1;karwA,17.1	karwA,8.1;karwA,17.1	1	07	021	mahABArawam	mOsalaparvaH	-
8.1	asi	-	asi	as2{karwari;lat;ma;eka;parasmEpaxI;axAxiH}	as2{karwari;lat;ma;eka;parasmEpaxI;axAxiH}	aBihiwa_karwA,7.2	aBihiwa_karwA,7.2	1	07	021	mahABArawam	mOsalaparvaH	-
9.1	pANdava	-	pANdava	pANdava{puM;8;eka}/pANdava{napuM;8;eka}	pANdava{puM;8;eka}	samboXyaH,8.1	samboXyaH,8.1	1	07	021	mahABArawam	mOsalaparvaH	-
1.1	ewaw	-	ewaw	ewax{sarvanAma;napuM;1;eka}/ewax{sarvanAma;napuM;2;eka}	ewax{sarvanAma;napuM;1;eka}	viSeRaNam,4.1	viSeRaNam,4.1#sup_samucciwaH,7.1#sup_samucciwaH,4.1#viSeRaNam,13.1	1	07	022	mahABArawam	mOsalaparvaH	-
10.1	ha	-	ha	ha{avya}	ha{avya}	sambanXaH,9.1	sambanXaH,9.1	1	07	022	mahABArawam	mOsalaparvaH	-
11.1	iRtAn	-	iRtAn	iRta{puM;2;bahu(iR2;kwa;wuxAxiH)}/iRta{puM;2;bahu(yaj1;kwa;BvAxiH)}	iRta{puM;2;bahu(iR2;kwa;wuxAxiH)}	viSeRaNam,12.1	viSeRaNam,15.1#viSeRaNam,12.1#karma,16.1	1	07	022	mahABArawam	mOsalaparvaH	-
12.1	prANAn	-	prANAn	prANa{puM;2;bahu}	prANa{puM;2;bahu}	karma,16.1	karma,16.1#karma,11.1	1	07	022	mahABArawam	mOsalaparvaH	-
13.1	ahaM	-	ahaM	asmax{sarvanAma;1;eka}	asmax{sarvanAma;1;eka}	karwA,16.1	karwA,16.1	1	07	022	mahABArawam	mOsalaparvaH	-
14.1	hi	-	hi	hi{avya}	hi{avya}	sambanXaH,16.1	sambanXaH,16.1#sambanXaH,11.1	1	07	022	mahABArawam	mOsalaparvaH	-
15.1	imAn	-	imAn	ixam{sarvanAma;puM;2;bahu}	ixam{sarvanAma;puM;2;bahu}	viSeRaNam,12.1	viSeRaNam,12.1#viSeRaNam,11.1#karma,16.1#karma,11.1	1	07	022	mahABArawam	mOsalaparvaH	-
16.1	wyakRyAmi	-	wyakRyAmi	wyaj1{karwari;lqt;u;eka;parasmEpaxI;BvAxiH}	wyaj1{karwari;lqt;u;eka;parasmEpaxI;BvAxiH}	aBihiwa_karwA,13.1;sakarmaka	aBihiwa_karwA,13.1;sakarmaka	1	07	022	mahABArawam	mOsalaparvaH	-
17.1	ripusUxana	-	ripusUxana	-	-	samboXyaH,16.1	samboXyaH,16.1	1	07	022	mahABArawam	mOsalaparvaH	-
18.1	.	-	.	-	-	-	-	1	07	022	mahABArawam	mOsalaparvaH	-
2.1	we	-	we	wax{sarvanAma;puM;1;bahu}/wax{sarvanAma;napuM;1;xvi}/wax{sarvanAma;napuM;2;xvi}/wax{sarvanAma;swrI;1;xvi}/wax{sarvanAma;swrI;2;xvi}/yuRmax{sarvanAma;6;eka}/yuRmax{sarvanAma;4;eka}	yuRmax{sarvanAma;4;eka}	sampraxAnam,16.1	sampraxAnam,16.1	1	07	022	mahABArawam	mOsalaparvaH	-
3.1	pArWa	-	pArWa	pArWa{puM;8;eka}	pArWa{puM;8;eka}	samboXyaH,16.1	samboXyaH,16.1	1	07	022	mahABArawam	mOsalaparvaH	-
4.1	rAjyaM	-	rAjyaM	rAjya{napuM;1;eka}/rAjya{napuM;2;eka}	rAjya{napuM;2;eka}	samucciwaH,7.1	samucciwaH,7.1	1	07	022	mahABArawam	mOsalaparvaH	-
5.1	ca	-	ca	ca{avya}	ca{avya}	samuccaya_xyowakaH,4.1	samuccaya_xyowakaH,4.1	1	07	022	mahABArawam	mOsalaparvaH	-
6.1	swriyaH	-	swriyaH	swrI{swrI;1;bahu}/swrI{swrI;2;bahu}/swrI{swrI;8;bahu}	swrI{swrI;2;bahu}	samucciwaH,7.1	sup_samucciwaH,7.1#karma,11.1	1	07	022	mahABArawam	mOsalaparvaH	-
7.1	rawnAni	-	rawnAni	rawna{napuM;1;bahu}/rawna{napuM;2;bahu}/rawna{napuM;8;bahu}	rawna{napuM;2;bahu}	karma,11.1	karma,11.1	1	07	022	mahABArawam	mOsalaparvaH	-
8.1	ca	-	ca	ca{avya}	ca{avya}	samuccaya_xyowakaH,7.1	sup_samuccaya_xyowakaH,7.1#sambanXaH,7.1	1	07	022	mahABArawam	mOsalaparvaH	-
9.1	eva	-	eva	eva{avya}	eva{avya}	sambanXaH,8.1	sambanXaH,8.1	1	07	022	mahABArawam	mOsalaparvaH	-
1.1	evam	-	evam	evam{avya}	evam{avya}	kriyAviSeRaNam,2.1	kriyAviSeRaNam,9.1#kriyAviSeRaNam,2.1#gONakarma,9.1#gONakarma,2.1	1	08	001	mahABArawam	mOsalaparvaH	-
10.1	ha	-	ha	ha{avya}	ha{avya}	sambanXaH,9.1	sambanXaH,9.1	1	08	001	mahABArawam	mOsalaparvaH	-
11.1	.	-	.	-	-	-	-	1	08	001	mahABArawam	mOsalaparvaH	-
2.1	ukwaH	-	ukwaH	ukwa{puM;1;eka(vac1;kwa;axAxiH)}	ukwa{puM;1;eka(vac1;kwa;axAxiH)}	viSeRaNam,3.1	viSeRaNam,6.3#viSeRaNam,4.1#viSeRaNam,3.1#karwA,9.1	1	08	001	mahABArawam	mOsalaparvaH	-
3.1	saH	-	saH	wax{sarvanAma;puM;1;eka}	wax{sarvanAma;puM;1;eka}	karwA,9.1	viSeRaNam,6.3#viSeRaNam,4.1#karwA,9.1	1	08	001	mahABArawam	mOsalaparvaH	-
4.1	bIBawsuH	-	bIBawsuH	bIBawsu{puM;1;eka}	bIBawsu{puM;1;eka}	viSeRaNam,3.1	karwA,9.1#karmasamAnAXikaraNam,3.1	1	08	001	mahABArawam	mOsalaparvaH	-
5.1	mAwulena	-	mAwulena	mAwula{puM;3;eka}	mAwula{puM;3;eka}	kAraNam,2.1	hewuH,9.1#kAraNam,2.1	1	08	001	mahABArawam	mOsalaparvaH	-
6.1	param-	-	param-wapaHxur-manAH	param	param	samAsaH,6.2	samAsaH,6.2	1	08	001	mahABArawam	mOsalaparvaH	-
6.2	wapaHxur-	-	--	wapaHxur	wapaHxur	samAsaH,6.3	samAsaH,6.3	1	08	001	mahABArawam	mOsalaparvaH	-
6.3	manAH	-	--	mana{puM;8;bahu}/mana{puM;1;bahu}/manA{swrI;8;bahu}/manA{swrI;1;bahu}/manA{swrI;2;bahu}/manas{puM;1;eka}	manas{puM;1;eka}	viSeRaNam,3.1	karwA,9.1#karmasamAnAXikaraNam,4.1#karmasamAnAXikaraNam,3.1#muKyakarma,9.1#gONakarma,9.1#viSeRaNam,3.1	1	08	001	mahABArawam	mOsalaparvaH	-
7.1	xIna-	-	xIna-manasam	xIna	xIna	samAsaH,7.2	samAsaH,7.2	1	08	001	mahABArawam	mOsalaparvaH	-
7.2	manasam	-	--	manas{puM;2;eka}/manasa{puM;2;eka}/manasa{napuM;1;eka}/manasa{napuM;2;eka}	manas{puM;2;eka}	viSeRaNam,8.1	viSeRaNam,8.1#muKyakarma,9.1#karwA,9.1#karmasamAnAXikaraNam,6.3#karmasamAnAXikaraNam,4.1#karmasamAnAXikaraNam,3.1#gONakarma,9.1	1	08	001	mahABArawam	mOsalaparvaH	-
8.1	vasuxevam	-	vasuxevam	vasuxeva{puM;2;eka}/vasuxeva{napuM;1;eka}/vasuxeva{napuM;2;eka}	vasuxeva{puM;2;eka}	karma,9.1	karma,9.1#muKyakarma,9.1#karmasamAnAXikaraNam,7.2#karwA,9.1#karmasamAnAXikaraNam,6.3#karmasamAnAXikaraNam,4.1#karmasamAnAXikaraNam,3.1#gONakarma,9.1	1	08	001	mahABArawam	mOsalaparvaH	-
9.1	uvAca	-	uvAca	vac1{karwari;lit;pra;eka;parasmEpaxI;axAxiH}/vac1{karwari;lit;u;eka;parasmEpaxI;axAxiH}/brU1{karwari;lit;pra;eka;parasmEpaxI;axAxiH}/brU1{karwari;lit;u;eka;parasmEpaxI;axAxiH}	vac1{karwari;lit;pra;eka;parasmEpaxI;axAxiH}	aBihiwa_karwA,3.1;sakarmaka	aBihiwa_karwA,3.1;sakarmaka	1	08	001	mahABArawam	mOsalaparvaH	-
1.1	na	-	na	na{avya}	na{avya}	prawiReXaH,11.2	prawiReXaH,11.1#prawiReXaH,8.1#prawiReXaH,11.2	1	08	002	mahABArawam	mOsalaparvaH	-
10.1	xraRtuM	-	xraRtuM	xqS1{avya;wumun;BvAxiH}	xqS1{avya;wumun;BvAxiH}	wumunkarma,11.1	wumunkarma,11.1#prayojanam1,11.1#prayojanam1,8.1	1	08	002	mahABArawam	mOsalaparvaH	-
11.1	SakwaH	-	SakwaH	Sakwa{puM;1;eka(Sak2;kwa;xivAxiH)}/Sakwa{puM;1;eka(Sak3;kwa;svAxiH)}	Sakwa{puM;1;eka(Sak3;kwa;svAxiH)}	viXeya_viSeRaNam,2.1	viXeya_viSeRaNam,2.1	1	08	002	mahABArawam	mOsalaparvaH	-
11.2	(asmi)	-	-	-	-	aBihiwa_karwA,2.1	aBihiwa_karwA,2.1	1	08	002	mahABArawam	mOsalaparvaH	-
12.1	ciram	-	ciram	ciram{avya}/cira{napuM;1;eka}/cira{napuM;2;eka}	ciram{avya}	kriyAviSeRaNam,10.1	karma,11.1#karma,10.1#karma,8.1#kriyAviSeRaNam,11.1#kriyAviSeRaNam,10.1#kriyAviSeRaNam,8.1	1	08	002	mahABArawam	mOsalaparvaH	-
13.1	iha	-	iha	iha{avya}	iha{avya}	xeSAXikaraNam,9.1	xeSAXikaraNam,9.1	1	08	002	mahABArawam	mOsalaparvaH	-
14.1	praBo	-	praBo	praBu{puM;8;eka}/praBu{napuM;8;eka}	praBu{puM;8;eka}	samboXyaH,11.1	samboXyaH,11.1	1	08	002	mahABArawam	mOsalaparvaH	-
15.1	.	-	.	-	-	-	-	1	08	002	mahABArawam	mOsalaparvaH	-
2.1	ahaM	-	ahaM	asmax{sarvanAma;1;eka}	asmax{sarvanAma;1;eka}	karwA,11.2	karwA,11.2	1	08	002	mahABArawam	mOsalaparvaH	-
3.1	vqRNi-	-	vqRNi-pravIreNa	vqRNi	vqRNi	samAsaH,3.2	samAsaH,3.2	1	08	002	mahABArawam	mOsalaparvaH	-
3.2	pravIreNa	-	--	pravIra{puM;3;eka}/pravIra{napuM;3;eka}	pravIra{puM;3;eka}	samucciwaH,4.1	samucciwaH,4.1#karwA,8.1#karaNam,10.1#hewuH,11.1#hewuH,10.1#hewuH,8.1	1	08	002	mahABArawam	mOsalaparvaH	-
4.1	maXuBiH	-	maXuBiH	maXu{puM;3;bahu}/maXu{napuM;3;bahu}/maXu{swrI;3;bahu}	maXu{puM;3;bahu}	vinArWaH,11.1	vinArWaH,11.1#karwA,11.1#karwA,8.1#karaNam,10.1#hewuH,11.1#hewuH,10.1#hewuH,8.1	1	08	002	mahABArawam	mOsalaparvaH	-
5.1	ca	-	ca	ca{avya}	ca{avya}	samuccaya_xyowakaH,4.1	samuccaya_xyowakaH,4.1	1	08	002	mahABArawam	mOsalaparvaH	-
6.1	eva	-	eva	eva{avya}	eva{avya}	sambanXaH,5.1	sambanXaH,5.1	1	08	002	mahABArawam	mOsalaparvaH	-
7.1	mAwula	-	mAwula	mAwula{puM;8;eka}	mAwula{puM;8;eka}	samboXyaH,11.1	samboXyaH,11.1	1	08	002	mahABArawam	mOsalaparvaH	-
8.1	vihInAM	-	vihInAM	vihInA{swrI;2;eka(vi_hA1;kwa;juhowyAxiH)}	vihInA{swrI;2;eka(vi_hA1;kwa;juhowyAxiH)}	vinArWa_xyowakaH,10.1;viSeRaNam,9.1	vinArWa_xyowakaH,10.1;viSeRaNam,9.1	1	08	002	mahABArawam	mOsalaparvaH	-
9.1	pqWivIM	-	pqWivIM	pqWivI{swrI;2;eka}	pqWivI{swrI;2;eka}	karma,10.1	karma,11.1#karma,10.1#karma,8.1	1	08	002	mahABArawam	mOsalaparvaH	-
1.1	rAjA	-	rAjA	rAjan{puM;1;eka}	rAjan{puM;1;eka}	samucciwaH,13.1	sup_samucciwaH,9.1#sup_samucciwaH,5.1#sup_samucciwaH,3.1#samucciwaH,13.1	1	08	003	mahABArawam	mOsalaparvaH	-
10.1	ca	-	ca	ca{avya}	ca{avya}	samuccaya_xyowakaH,9.1	samuccaya_xyowakaH,9.1	1	08	003	mahABArawam	mOsalaparvaH	-
11.1	Rad	-	Rad	RaR{saMKyeyam;napuM;1;bahu}/RaR{saMKyeyam;napuM;2;bahu}/RaR{saMKyA;napuM;1;bahu}/RaR{saMKyA;napuM;2;bahu}	RaR{saMKyeyam;napuM;1;bahu}	viSeRaNam,13.1	viSeRaNam,13.1	1	08	003	mahABArawam	mOsalaparvaH	-
12.1	eka-	-	eka-manasaH	eka	eka	samAsaH,12.2	samAsaH,12.2	1	08	003	mahABArawam	mOsalaparvaH	-
12.2	manasaH	-	--	manas{napuM;5;eka}/manas{napuM;6;eka}/manas{puM;8;bahu}/manas{puM;1;bahu}/manas{puM;2;bahu}/manas{puM;5;eka}/manas{puM;6;eka}/manasa{puM;1;eka}	manas{puM;1;bahu}	viXeya_viSeRaNam,13.1	viXeya_viSeRaNam,13.1#viSeRaNam,8.1#viSeRaNam,7.1#viSeRaNam,5.1#viSeRaNam,3.1#viSeRaNam,1.1#RaRTIsambanXaH,11.1#RaRTIsambanXaH,9.1#RaRTIsambanXaH,8.1#RaRTIsambanXaH,7.1#RaRTIsambanXaH,5.1#RaRTIsambanXaH,3.1#viSeRaNam,13.1	1	08	003	mahABArawam	mOsalaparvaH	-
13.1	vayam	-	vayam	asmax{sarvanAma;1;bahu}	asmax{sarvanAma;1;bahu}	karwA,13.2	karwA,13.2	1	08	003	mahABArawam	mOsalaparvaH	-
13.2	(smaH)	-	-	-	-	aBihiwa_karwA,13.1	aBihiwa_karwA,13.1	1	08	003	mahABArawam	mOsalaparvaH	-
14.1	.	-	.	-	-	-	-	1	08	003	mahABArawam	mOsalaparvaH	-
2.1	ca	-	ca	ca{avya}	ca{avya}	samuccaya_xyowakaH,1.1	samuccaya_xyowakaH,1.1	1	08	003	mahABArawam	mOsalaparvaH	-
3.1	BImasenaH	-	BImasenaH	BImasena{puM;1;eka}	BImasena{puM;1;eka}	samucciwaH,13.1	sup_samucciwaH,9.1#sup_samucciwaH,5.1#samucciwaH,13.1	1	08	003	mahABArawam	mOsalaparvaH	-
4.1	ca	-	ca	ca{avya}	ca{avya}	samuccaya_xyowakaH,3.1	samuccaya_xyowakaH,3.1	1	08	003	mahABArawam	mOsalaparvaH	-
5.1	sahaxevaH	-	sahaxevaH	sahaxeva{puM;1;eka}	sahaxeva{puM;1;eka}	samucciwaH,13.1	sup_samucciwaH,9.1#samucciwaH,13.1	1	08	003	mahABArawam	mOsalaparvaH	-
6.1	ca	-	ca	ca{avya}	ca{avya}	samuccaya_xyowakaH,5.1	samuccaya_xyowakaH,5.1	1	08	003	mahABArawam	mOsalaparvaH	-
7.1	pANdavaH	-	pANdavaH	pANdu{puM;1;bahu}/pANdu{swrI;1;bahu}/pANdava{puM;1;eka}/pANdu{puM;8;bahu}/pANdu{swrI;8;bahu}	pANdu{puM;1;bahu}	viSeRaNam,5.1;viSeRaNam,8.1	viSeRaNam,5.1;viSeRaNam,8.1	1	08	003	mahABArawam	mOsalaparvaH	-
8.1	nakulaH	-	nakulaH	nakula{puM;1;eka}	nakula{puM;1;eka}	samucciwaH,13.1	samucciwaH,13.1	1	08	003	mahABArawam	mOsalaparvaH	-
9.1	yAjFasenI	-	yAjFasenI	yAjFasenI{swrI;1;eka}	yAjFasenI{swrI;1;eka}	samucciwaH,13.1	samucciwaH,13.1	1	08	003	mahABArawam	mOsalaparvaH	-
1.1	rAjFaH	-	rAjFaH	rAjan{puM;2;bahu}/rAjan{puM;5;eka}/rAjan{puM;6;eka}	rAjan{puM;6;eka}	RaRTIsambanXaH,2.1	RaRTIsambanXaH,14.2#RaRTIsambanXaH,13.1#RaRTIsambanXaH,6.1#RaRTIsambanXaH,5.1#RaRTIsambanXaH,2.1#wulanA_binxuH,15.1#hewuH5,11.1#hewuH5,7.1#apAxAnam,11.1#sup_samucciwaH,2.1#RaRTIsambanXaH,2.1	1	08	004	mahABArawam	mOsalaparvaH	-
10.1	imaM	-	imaM	ixam{sarvanAma;puM;2;eka}	ixam{sarvanAma;puM;2;eka}	karma,11.1	viSeRaNam,13.1#viSeRaNam,9.1#viSeRaNam,8.1#viSeRaNam,6.1#karma,11.1	1	08	004	mahABArawam	mOsalaparvaH	-
10.2	(iwi)	-	-	-	-	vAkyakarma_xyowakaH,12.1	vAkyakarma_xyowakaH,12.1	1	08	004	mahABArawam	mOsalaparvaH	-
11.1	vixXi	-	vixXi	vix1{karwari;lot;ma;eka;parasmEpaxI;axAxiH}	vix1{karwari;lot;ma;eka;parasmEpaxI;axAxiH}	karwA,15.2	karwA,15.2	1	08	004	mahABArawam	mOsalaparvaH	-
12.1	samprApwaM	-	samprApwaM	-	-	karma,13.1;vAkyakarma,11.1	karma,13.1;vAkyakarma,11.1	1	08	004	mahABArawam	mOsalaparvaH	-
13.1	kAlaM	-	kAlaM	kAla{puM;2;eka}/kAla{napuM;1;eka}/kAla{napuM;2;eka}	kAla{puM;2;eka}	viXeya_viSeRaNam,10.1	karmasamAnAXikaraNam,14.2#karmasamAnAXikaraNam,10.1#karmasamAnAXikaraNam,9.1#karmasamAnAXikaraNam,8.1#karmasamAnAXikaraNam,6.1#karma,11.1#karwA_be_verbs,7.1#viXeya_viSeRaNam,10.1	1	08	004	mahABArawam	mOsalaparvaH	-
14.1	kAla-	-	kAla-vixAM	kAla	kAla	samAsaH,14.2	samAsaH,14.2	1	08	004	mahABArawam	mOsalaparvaH	-
14.2	vixAM	-	--	vix{puM;6;bahu}/vix{napuM;6;bahu}/vix{swrI;6;bahu}/vixA{swrI;2;eka}	vix{puM;6;bahu}	nirXAraNam,15.1	karmasamAnAXikaraNam,13.1#karmasamAnAXikaraNam,10.1#karmasamAnAXikaraNam,9.1#karmasamAnAXikaraNam,8.1#karmasamAnAXikaraNam,6.1#karma,11.1#RaRTIsambanXaH,13.1#RaRTIsambanXaH,6.1#RaRTIsambanXaH,5.1#RaRTIsambanXaH,2.1#nirXAraNam,15.1	1	08	004	mahABArawam	mOsalaparvaH	-
15.1	vara	-	vara	vara{puM;8;eka}/vara{napuM;8;eka}	vara{puM;8;eka}	samboXyaH,11.1	samboXyaH,11.1	1	08	004	mahABArawam	mOsalaparvaH	-
15.2	(wvaM)	-	-	-	-	aBihiwa_karwA,11.1	aBihiwa_karwA,11.1	1	08	004	mahABArawam	mOsalaparvaH	-
16.1	.	-	.	-	-	-	-	1	08	004	mahABArawam	mOsalaparvaH	-
2.1	safkramaNe(safkramaNaH)	-	safkramaNe	safkramaNa{napuM;1;xvi}/safkramaNa{napuM;2;xvi}/safkramaNa{napuM;8;xvi}/safkramaNa{napuM;7;eka}	safkramaNa{napuM;7;eka}	viSeRaNam,5.1	aXikaraNam,11.1#aXikaraNam,7.1#viSeRaNam,5.1	1	08	004	mahABArawam	mOsalaparvaH	-
3.1	ca	-	ca	ca{avya}	ca{avya}	sambanXaH,2.1	sup_samuccaya_xyowakaH,2.1#sambanXaH,2.1	1	08	004	mahABArawam	mOsalaparvaH	-
4.1	api	-	api	api{avya}	api{avya}	sambanXaH,3.1	sambanXaH,3.1	1	08	004	mahABArawam	mOsalaparvaH	-
5.1	kAlaH	-	kAlaH	kAla{puM;1;eka}	kAla{puM;1;eka}	karwA,7.1	karwA,7.1	1	08	004	mahABArawam	mOsalaparvaH	-
6.1	ayam	-	ayam	ixam{sarvanAma;puM;1;eka}/aya{puM;2;eka}	ixam{sarvanAma;puM;1;eka}	viSeRaNam,5.1	karmasamAnAXikaraNam,14.2#karmasamAnAXikaraNam,13.1#karmasamAnAXikaraNam,10.1#karmasamAnAXikaraNam,9.1#karmasamAnAXikaraNam,8.1#karma,11.1#viSeRaNam,5.1#karwA_be_verbs,7.1	1	08	004	mahABArawam	mOsalaparvaH	-
7.1	varwawe	-	varwawe	vqw1{karwari;lat;pra;eka;AwmanepaxI;BvAxiH}	vqw1{karwari;lat;pra;eka;AwmanepaxI;BvAxiH}	aBihiwa_karwA,5.1;sakarmaka	aBihiwa_karwA,5.1;sakarmaka	1	08	004	mahABArawam	mOsalaparvaH	-
8.1	Xruvam	-	Xruvam	Xruva{puM;2;eka}/Xruva{napuM;1;eka}/Xruva{napuM;2;eka}	Xruva{napuM;1;eka}	viXeya_viSeRaNam,5.1	viSeRaNam,13.1#karmasamAnAXikaraNam,14.2#karmasamAnAXikaraNam,13.1#karmasamAnAXikaraNam,10.1#karmasamAnAXikaraNam,9.1#karmasamAnAXikaraNam,6.1#karma,11.1#viXeya_viSeRaNam,6.1#viXeya_viSeRaNam,5.1#karwA_be_verbs,7.1#viSeRaNam,10.1#viSeRaNam,9.1#viXeya_viSeRaNam,5.1	1	08	004	mahABArawam	mOsalaparvaH	-
9.1	wam	-	wam	wax{sarvanAma;puM;2;eka}	wax{sarvanAma;puM;2;eka}	viSeRaNam,13.1;sambanXaH,9.1	viSeRaNam,13.1;sambanXaH,9.1	1	08	004	mahABArawam	mOsalaparvaH	-
1.1	sarvaWA	-	sarvaWA	sarvaWA{avya}	sarvaWA{avya}	kriyAviSeRaNam,9.1	kriyAviSeRaNam,9.1	1	08	005	mahABArawam	mOsalaparvaH	-
10.1	aham	-	aham	asmax{sarvanAma;1;eka}	asmax{sarvanAma;1;eka}	karwA,9.1	karwA,9.1	1	08	005	mahABArawam	mOsalaparvaH	-
11.1	inxraprasWam	-	inxraprasWam	inxraprasWa{napuM;1;eka}/inxraprasWa{napuM;2;eka}	inxraprasWa{napuM;2;eka}	gONakarma,8.1	sup_samucciwaH,4.2#gONakarma,8.1	1	08	005	mahABArawam	mOsalaparvaH	-
12.1	ariMxama	-	ariMxama	-	-	samboXyaH,8.1	samboXyaH,8.1	1	08	005	mahABArawam	mOsalaparvaH	-
13.1	.	-	.	-	-	-	-	1	08	005	mahABArawam	mOsalaparvaH	-
2.1	vqRNixArAn	-	vqRNixArAn	-	-	samucciwaH,4.2	samucciwaH,4.2	1	08	005	mahABArawam	mOsalaparvaH	-
3.1	wu	-	wu	wu{avya}	wu{avya}	sambanXaH,2.1	sambanXaH,2.1	1	08	005	mahABArawam	mOsalaparvaH	-
4.1	bAla-	-	bAla-vqxXAn	bAla	bAla	samAsaH,4.2	samAsaH,4.2	1	08	005	mahABArawam	mOsalaparvaH	-
4.2	vqxXAn	-	--	vqxXa{puM;2;bahu}	vqxXa{puM;2;bahu}	muKyakarma,8.1	muKyakarma,8.1	1	08	005	mahABArawam	mOsalaparvaH	-
5.1	waWA	-	waWA	waWA{avya}	waWA{avya}	samuccaya_xyowakaH,4.2	samuccaya_xyowakaH,4.2	1	08	005	mahABArawam	mOsalaparvaH	-
6.1	eva	-	eva	eva{avya}	eva{avya}	sambanXaH,5.1	sambanXaH,5.1	1	08	005	mahABArawam	mOsalaparvaH	-
7.1	ca	-	ca	ca{avya}	ca{avya}	samuccaya_xyowakaH,4.2	samuccaya_xyowakaH,4.2	1	08	005	mahABArawam	mOsalaparvaH	-
8.1	nayiRye	-	nayiRye	-	-	aBihiwa_karwA,10.1	aBihiwa_karwA,10.1	1	08	005	mahABArawam	mOsalaparvaH	-
9.1	parigqhya	-	parigqhya	pari_grah1{avya;lyap;kryAxiH}	pari_grah1{avya;lyap;kryAxiH}	kriyAviSeRaNam,8.1	kriyAviSeRaNam,8.1	1	08	005	mahABArawam	mOsalaparvaH	-
1.1	iwi	-	iwi	iwi{avya}	iwi{avya}	sambanXaH,2.1	karma,11.1#karma,10.1#karma,2.1#sambanXaH,2.1	1	08	006	mahABArawam	mOsalaparvaH	-
10.1	xraRtum	-	xraRtum	xqS1{avya;wumun;BvAxiH}	xqS1{avya;wumun;BvAxiH}	prayojanam,9.2	prayojanam1,2.1#iRkarma,11.1#prayojanam,9.2	1	08	006	mahABArawam	mOsalaparvaH	-
11.1	icCAmi	-	icCAmi	iR2{karwari;lat;u;eka;parasmEpaxI;wuxAxiH}	iR2{karwari;lat;u;eka;parasmEpaxI;wuxAxiH}	aBihiwa_karwA,6.1	aBihiwa_karwA,6.1	1	08	006	mahABArawam	mOsalaparvaH	-
12.1	mA	-	mA	mA{avya}	mA{avya}	prawiReXaH,13.1	prawiReXaH,13.1	1	08	006	mahABArawam	mOsalaparvaH	-
13.1	ciram	-	ciram	ciram{avya}/cira{napuM;1;eka}/cira{napuM;2;eka}	ciram{avya}	kriyAviSeRaNam,11.1	karmasamAnAXikaraNam,5.1#karmasamAnAXikaraNam,4.1#karmasamAnAXikaraNam,3.1#karma,11.1#karma,10.1#gONakarma,2.1#kriyAviSeRaNam,11.1#kriyAviSeRaNam,10.1#kriyAviSeRaNam,2.1	1	08	006	mahABArawam	mOsalaparvaH	-
14.1	.	-	.	-	-	-	-	1	08	006	mahABArawam	mOsalaparvaH	-
2.1	ukwvA	-	ukwvA	vac1{avya;kwvA;axAxiH}	vac1{avya;kwvA;axAxiH}	pUrvakAlaH,11.1	pUrvakAlaH,11.1	1	08	006	mahABArawam	mOsalaparvaH	-
3.1	xArukam	-	xArukam	xAruka{puM;2;eka}	xAruka{puM;2;eka}	karma,3.2	karma,3.2#muKyakarma,2.1#karmasamAnAXikaraNam,13.1#karmasamAnAXikaraNam,5.1#karmasamAnAXikaraNam,4.1#karma,10.1#gONakarma,2.1	1	08	006	mahABArawam	mOsalaparvaH	-
3.2	(uvAca)	-	-	-	-	aBihiwa_karwA,7.1	aBihiwa_karwA,7.1	1	08	006	mahABArawam	mOsalaparvaH	-
4.1	ixaM	-	ixaM	ixam{sarvanAma;napuM;1;eka}/ixam{sarvanAma;napuM;2;eka}	ixam{sarvanAma;napuM;2;eka}	viSeRaNam,5.1	viSeRaNam,13.1#viSeRaNam,5.1#karma,11.1#karma,10.1#gONakarma,2.1#viSeRaNam,5.1	1	08	006	mahABArawam	mOsalaparvaH	-
5.1	vAkyam	-	vAkyam	vAkya{napuM;1;eka}/vAkya{napuM;2;eka}	vAkya{napuM;2;eka}	muKyakarma,2.1	muKyakarma,2.1#karmasamAnAXikaraNam,13.1#karmasamAnAXikaraNam,4.1#karmasamAnAXikaraNam,3.1#karma,11.1#karma,10.1#gONakarma,2.1	1	08	006	mahABArawam	mOsalaparvaH	-
6.1	ahaM	-	--	-	-	karwA,11.1	karwA,11.1	1	08	006	mahABArawam	mOsalaparvaH	-
7.1	XanaFjayaH	-	XanaFjayaH	XanaFjaya{puM;1;eka}	XanaFjaya{puM;1;eka}	karwA,2.1;karwA,3.2	karwA,2.1;karwA,3.2	1	08	006	mahABArawam	mOsalaparvaH	-
8.1	amAwyAn	-	amAwyAn	amAwya{puM;2;bahu}	amAwya{puM;2;bahu}	gONakarma,2.1	muKyakarma,2.1#karma,11.1#karma,10.1#gONakarma,2.1	1	08	006	mahABArawam	mOsalaparvaH	-
9.1	vqRNi-	-	vqRNi-vIra	vqRNi	vqRNi	wa_pu_3,9.2	wa_pu_6,9.2#wa_pu_3,9.2	1	08	006	mahABArawam	mOsalaparvaH	-
9.2	vIrANAM	-	--	vIra{puM;6;bahu}/vIra{napuM;6;bahu}/vIrA{swrI;6;bahu}	vIra{puM;6;bahu}	RaRTIsambanXaH,10.1	karma,10.1#RaRTIsambanXaH,13.1#RaRTIsambanXaH,8.1#RaRTIsambanXaH,7.1#RaRTIsambanXaH,5.1#RaRTIsambanXaH,3.1#RaRTIsambanXaH,10.1	1	08	006	mahABArawam	mOsalaparvaH	-
1.1	iwi	-	iwi	iwi{avya}	iwi{avya}	sambanXaH,2.1	karma,8.1#karma,3.1#sambanXaH,2.1	1	08	007	mahABArawam	mOsalaparvaH	-
10.1	SUraH	-	SUraH	SUra{puM;1;eka}	SUra{puM;1;eka}	viSeRaNam,9.1	viSeRaNam,9.1#karwA,8.1	1	08	007	mahABArawam	mOsalaparvaH	-
11.1	SocamAnaH	-	SocamAnaH	-	-	viSeRaNam,9.1	viSeRaNam,9.1	1	08	007	mahABArawam	mOsalaparvaH	-
12.1	mahAraWAn	-	mahAraWAn	mahAraWa{puM;2;bahu}	mahAraWa{puM;2;bahu}	viSeRaNam,6.1	muKyakarma,3.1#karma,8.1#gONakarma,3.1#viSeRaNam,6.1	1	08	007	mahABArawam	mOsalaparvaH	-
13.1	.	-	.	-	-	-	-	1	08	007	mahABArawam	mOsalaparvaH	-
2.1	evam	-	evam	evam{avya}	evam{avya}	viSeRaNam,4.1	kriyAviSeRaNam,8.1#kriyAviSeRaNam,3.1#viSeRaNam,4.1	1	08	007	mahABArawam	mOsalaparvaH	-
3.1	ukwvA	-	ukwvA	vac1{avya;kwvA;axAxiH}	vac1{avya;kwvA;axAxiH}	pUrvakAlaH,8.1	pUrvakAlaH,8.1	1	08	007	mahABArawam	mOsalaparvaH	-
4.1	vacanaM	-	vacanaM	vacana{napuM;1;eka}/vacana{napuM;2;eka}	vacana{napuM;2;eka}	karma,3.1	karma,3.1#karmasamAnAXikaraNam,7.1#karmasamAnAXikaraNam,5.1#karma,8.1#gONakarma,3.1#karwA,8.1	1	08	007	mahABArawam	mOsalaparvaH	-
5.1	suXarmAM	-	suXarmAM	suXarmA{swrI;2;eka}	suXarmA{swrI;2;eka}	saFjFA,7.1	saFjFA,7.1#muKyakarma,3.1#karmasamAnAXikaraNam,7.1#karmasamAnAXikaraNam,4.1#karma,8.1#gONakarma,3.1	1	08	007	mahABArawam	mOsalaparvaH	-
5.2	(nAma)	-	-	-	-	saFjFA_ xyowakaH,5.1	saFjFA_ xyowakaH,5.1	1	08	007	mahABArawam	mOsalaparvaH	-
6.1	yAxavIM	-	yAxavIM	-	-	viSeRaNam,7.1	viSeRaNam,7.1	1	08	007	mahABArawam	mOsalaparvaH	-
7.1	saBAm	-	saBAm	saBA{swrI;2;eka}	saBA{swrI;2;eka}	karma,8.1	karma,8.1#muKyakarma,3.1#karmasamAnAXikaraNam,5.1#karmasamAnAXikaraNam,4.1#karma,8.1#gONakarma,3.1	1	08	007	mahABArawam	mOsalaparvaH	-
8.1	praviveSa	-	praviveSa	pra_viS1{karwari;lit;u;eka;parasmEpaxI;wuxAxiH}/pra_viS1{karwari{lit;pra;eka;parasmEpaxI;wuxAxiH}	pra_viS1{karwari;lit;u;eka;parasmEpaxI;wuxAxiH}	aBihiwa_karwA,9.1	aBihiwa_karwA,9.1	1	08	007	mahABArawam	mOsalaparvaH	-
9.1	arjunaH	-	arjunaH	arjuna{puM;1;eka}	arjuna{puM;1;eka}	karwA,8.1	karwA,8.1	1	08	007	mahABArawam	mOsalaparvaH	-
1.1	wam	-	wam	wax{sarvanAma;puM;2;eka}	wax{sarvanAma;puM;2;eka}	viSeRaNam,2.3	viSeRaNam,2.3	1	08	008	mahABArawam	mOsalaparvaH	-
10.1	eva	-	eva	eva{avya}	eva{avya}	sambanXaH,9.1	sambanXaH,9.1	1	08	008	mahABArawam	mOsalaparvaH	-
11.1	parivArya	-	parivArya	-	-	kriyAviSeRaNam,12.1	kriyAviSeRaNam,12.1	1	08	008	mahABArawam	mOsalaparvaH	-
12.1	upawasWire	-	upawasWire	upa_RWA1{karmaNi;lit;pra;bahu;AwmanepaxI;BvAxiH}	upa_RWA1{karmaNi;lit;pra;bahu;AwmanepaxI;BvAxiH}	aBihiwa_karma,8.1;sakarmaka	aBihiwa_karma,8.1;sakarmaka	1	08	008	mahABArawam	mOsalaparvaH	-
13.1	.	-	.	-	-	-	-	1	08	008	mahABArawam	mOsalaparvaH	-
2.1	Asana-	-	Asana-gawa	Asana	Asana	samAsaH,2.3	samAsaH,2.3	1	08	008	mahABArawam	mOsalaparvaH	-
2.2	gawaM	-	--	gawa{puM;2;eka(gam1;kwa;BvAxiH)}/gawa{napuM;1;eka(gam1;kwa;BvAxiH)}/gawa{napuM;2;eka(gam1;kwa;BvAxiH)}	gawa{puM;2;eka(gam1;kwa;BvAxiH)}	viSeRaNam,2.3	viSeRaNam,2.3#sup_samucciwaH,8.1#sup_samucciwaH,5.1#viSeRaNam,1.1	1	08	008	mahABArawam	mOsalaparvaH	-
2.3	(arjunaM)	-	-	-	-	karma,12.1	karma,12.1	1	08	008	mahABArawam	mOsalaparvaH	-
3.1	wawra	-	wawra	wawra{avya}	wawra{avya}	xeSAXikaraNam,12.1	xeSAXikaraNam,12.1#xeSAXikaraNam,2.2	1	08	008	mahABArawam	mOsalaparvaH	-
4.1	sarvAH	-	sarvAH	sarvA{sarvanAma;swrI;1;bahu}/sarvA{sarvanAma;swrI;2;bahu}	sarvA{sarvanAma;swrI;1;bahu}	viSeRaNam,8.1	viSeRaNam,8.1#viSeRaNam,7.1#viSeRaNam,5.1#sup_samucciwaH,8.1#sup_samucciwaH,5.1	1	08	008	mahABArawam	mOsalaparvaH	-
5.1	prakqwayaH	-	prakqwayaH	prakqwi{swrI;1;bahu}/prakqwi{swrI;8;bahu}	prakqwi{swrI;1;bahu}	samucciwaH,8.1	samucciwaH,8.1#karma,12.1	1	08	008	mahABArawam	mOsalaparvaH	-
6.1	waWA	-	waWA	waWA{avya}	waWA{avya}	samuccaya_xyowakaH,7.1	samuccaya_xyowakaH,7.1#sup_samuccaya_xyowakaH,5.1#kriyAviSeRaNam,12.1#kriyAviSeRaNam,2.2	1	08	008	mahABArawam	mOsalaparvaH	-
7.1	brAhmaNAH	-	brAhmaNAH	brAhmaNa{puM;1;bahu}/brAhmaNA{swrI;1;bahu}/brAhmaNA{swrI;2;bahu}/brAhmaNa{puM;8;bahu}	brAhmaNa{puM;1;bahu}	samucciwaH,8.1	sup_samucciwaH,8.1#sup_samucciwaH,5.1#karma,12.1	1	08	008	mahABArawam	mOsalaparvaH	-
8.1	nEgamAH	-	nEgamAH	nEgama{puM;1;bahu}/nEgama{puM;8;bahu}	nEgama{puM;1;bahu}	karwA,12.1	karwA,12.1#sup_samucciwaH,5.1#karma,12.1	1	08	008	mahABArawam	mOsalaparvaH	-
9.1	ca	-	ca	ca{avya}	ca{avya}	samuccaya_xyowakaH,8.1	samuccaya_xyowakaH,8.1#sambanXaH,8.1	1	08	008	mahABArawam	mOsalaparvaH	-
1.1	wAn	-	wAn	wax{sarvanAma;puM;2;bahu}	wax{sarvanAma;puM;2;bahu}	viSeRaNam,3.1	viSeRaNam,5.2#viSeRaNam,4.1#viSeRaNam,3.1#viSeRaNam,2.2#muKyakarma,6.1#gawikarma,5.1#gONakarma,6.1	1	08	009	mahABArawam	mOsalaparvaH	-
10.1	svayaM	-	svayaM	svayam{avya}	svayam{avya}	viSeRaNam,9.1	kriyAviSeRaNam,6.1#kriyAviSeRaNam,4.1#viSeRaNam,9.1	1	08	009	mahABArawam	mOsalaparvaH	-
11.1	xInawaraH	-	xInawaraH	-	-	viSeRaNam,9.1	viSeRaNam,9.1	1	08	009	mahABArawam	mOsalaparvaH	-
12.1	waxA	-	waxA	waxA{avya}	waxA{avya}	sambanXaH,6.1	kAlAXikaraNam,6.1#sambanXaH,6.1	1	08	009	mahABArawam	mOsalaparvaH	-
13.1	.	-	.	-	-	-	-	1	08	009	mahABArawam	mOsalaparvaH	-
2.1	xIna-	-	xIna-	xIna	xIna	samAsaH,2.2	samAsaH,2.2	1	08	009	mahABArawam	mOsalaparvaH	-
2.2	manasaH	-	manasaH	manas{napuM;5;eka}/manas{napuM;6;eka}/manas{puM;8;bahu}/manas{puM;1;bahu}/manas{puM;2;bahu}/manas{puM;5;eka}/manas{puM;6;eka}/manasa{puM;1;eka}	manas{puM;2;bahu}	viSeRaNam,3.1	viSeRaNam,9.1#viSeRaNam,8.1#karwA,6.1#viSeRaNam,5.2#RaRTIsambanXaH,9.1#RaRTIsambanXaH,8.1#RaRTIsambanXaH,5.2#hewuH5,6.1#hewuH5,5.1#hewuH5,4.1#apAxAnam,5.1#apAxAnam,4.1#viSeRaNam,4.1#viSeRaNam,3.1#viSeRaNam,1.1#muKyakarma,6.1#karmasamAnAXikaraNam,5.2#karmasamAnAXikaraNam,4.1#karmasamAnAXikaraNam,3.1#karmasamAnAXikaraNam,1.1#gawikarma,5.1#gONakarma,6.1#viSeRaNam,3.1	1	08	009	mahABArawam	mOsalaparvaH	-
3.1	sarvAn	-	sarvAn	sarva{sarvanAma;puM;2;bahu}	sarva{sarvanAma;puM;2;bahu}	gONakarma,6.1	viSeRaNam,5.2#viSeRaNam,4.1#viSeRaNam,2.2#viSeRaNam,1.1#muKyakarma,6.1#gawikarma,5.1#gONakarma,6.1	1	08	009	mahABArawam	mOsalaparvaH	-
4.1	niBqwAn	-	niBqwAn	niBqwa{puM;2;bahu(ni_Bq1;kwa;BvAxiH)}	niBqwa{puM;2;bahu(ni_Bq1;kwa;BvAxiH)}	viSeRaNam,3.1	viSeRaNam,5.2#viSeRaNam,3.1#viSeRaNam,2.2#viSeRaNam,1.1#muKyakarma,6.1#karmasamAnAXikaraNam,3.1#karmasamAnAXikaraNam,2.2#karmasamAnAXikaraNam,1.1#gawikarma,5.1#gONakarma,6.1	1	08	009	mahABArawam	mOsalaparvaH	-
5.1	gawa-	-	gawa-cewas	gawa(gam1;kwa;BvAxiH)	gawa(gam1;kwa;BvAxiH)	samAsaH,5.2	samAsaH,5.2	1	08	009	mahABArawam	mOsalaparvaH	-
5.2	cewasaH	-	--	cewas{puM;8;bahu}/cewas{puM;1;bahu}/cewas{puM;2;bahu}/cewas{puM;5;eka}/cewas{puM;6;eka}	cewas{puM;2;bahu}	viSeRaNam,3.1	viSeRaNam,2.2#RaRTIsambanXaH,9.1#RaRTIsambanXaH,8.1#RaRTIsambanXaH,2.2#hewuH5,6.1#hewuH5,4.1#apAxAnam,4.1#viSeRaNam,4.1#viSeRaNam,3.1#viSeRaNam,1.1#muKyakarma,6.1#karmasamAnAXikaraNam,4.1#karmasamAnAXikaraNam,3.1#karmasamAnAXikaraNam,2.2#karmasamAnAXikaraNam,1.1#gONakarma,6.1	1	08	009	mahABArawam	mOsalaparvaH	-
6.1	uvAca	-	uvAca	vac1{karwari;lit;pra;eka;parasmEpaxI;axAxiH}/vac1{karwari;lit;u;eka;parasmEpaxI;axAxiH}/brU1{karwari;lit;pra;eka;parasmEpaxI;axAxiH}/brU1{karwari;lit;u;eka;parasmEpaxI;axAxiH}	vac1{karwari;lit;pra;eka;parasmEpaxI;axAxiH}	aBihiwa_karwA,9.1	aBihiwa_karwA,9.1	1	08	009	mahABArawam	mOsalaparvaH	-
7.1	ixaM	-	ixaM	ixam{sarvanAma;napuM;1;eka}/ixam{sarvanAma;napuM;2;eka}	ixam{sarvanAma;napuM;1;eka}	viXeya_viSeRaNam,8.1	viXeya_viSeRaNam,8.1#viSeRaNam,8.1#muKyakarma,6.1#gawikarma,5.1#karwA,6.1	1	08	009	mahABArawam	mOsalaparvaH	-
8.1	vacaH	-	vacaH	vaca{puM;1;eka}/vacas{napuM;1;eka}/vacas{napuM;2;eka}/vacas{napuM;8;eka}	vacas{napuM;2;eka}	karma,6.1	muKyakarma,6.1#karmasamAnAXikaraNam,7.1#gawikarma,5.1#karwA,6.1#viSeRaNam,9.1#karma,6.1	1	08	009	mahABArawam	mOsalaparvaH	-
9.1	pArWaH	-	pArWaH	pArWa{puM;1;eka}	pArWa{puM;1;eka}	karwA,6.1	karwA,6.1	1	08	009	mahABArawam	mOsalaparvaH	-
1.1	SakraprasWam	-	SakraprasWam	SakraprasWa{napuM;1;eka}/SakraprasWa{napuM;2;eka}	SakraprasWa{napuM;2;eka}	gONakarma,3.1	gONakarma,3.1	1	08	010	mahABArawam	mOsalaparvaH	-
10.1	samuxraH	-	samuxraH	samuxra{puM;1;eka}	samuxra{puM;1;eka}	prayojakakarwA,10.1	prayojakakarwA,10.1	1	08	010	mahABArawam	mOsalaparvaH	-
11.1	plAvayiRyawi	-	plAvayiRyawi	plu1{Nic;karwari;lqt;pra;eka;parasmEpaxI;BvAxiH}	plu1{Nic;karwari;lqt;pra;eka;parasmEpaxI;BvAxiH}	aBihiwa_karwA,10.1;sakarmaka	aBihiwa_karwA,10.1;sakarmaka	1	08	010	mahABArawam	mOsalaparvaH	-
12.1	.	-	.	-	-	-	-	1	08	010	mahABArawam	mOsalaparvaH	-
2.1	ahaM	-	ahaM	asmax{sarvanAma;1;eka}	asmax{sarvanAma;1;eka}	karwA,3.1	karwA,3.1	1	08	010	mahABArawam	mOsalaparvaH	-
3.1	neRye	-	na	NI1{karwari;lqt;u;eka;AwmanepaxI;BvAxiH}/NI1{karmaNi;lqt;u;eka;AwmanepaxI;BvAxiH}	NI1{karwari;lqt;u;eka;AwmanepaxI;BvAxiH}	aBihiwa_karwA,2.1;sakarmaka	aBihiwa_karwA,2.1;sakarmaka	1	08	010	mahABArawam	mOsalaparvaH	-
4.1	vqRNyanXaka-	-	vqRNyanXaka-jana	vqRNyanXaka	vqRNyanXaka	samAsaH,4.2	samAsaH,4.2	1	08	010	mahABArawam	mOsalaparvaH	-
4.2	janaM	-	--	jana{puM;2;eka}/jana{napuM;1;eka}/jana{napuM;2;eka}	jana{puM;2;eka}	karma,3.1	karma,3.1	1	08	010	mahABArawam	mOsalaparvaH	-
5.1	svayam	-	svayam	svayam{avya}	svayam{avya}	viSeRaNam,2.1	viSeRaNam,2.1	1	08	010	mahABArawam	mOsalaparvaH	-
6.1	ixaM	-	ixaM	ixam{sarvanAma;napuM;1;eka}/ixam{sarvanAma;napuM;2;eka}	ixam{sarvanAma;napuM;2;eka}	viSeRaNam,8.1	viSeRaNam,8.1	1	08	010	mahABArawam	mOsalaparvaH	-
7.1	wu	-	wu	wu{avya}	wu{avya}	sambanXaH,6.1	sambanXaH,6.1	1	08	010	mahABArawam	mOsalaparvaH	-
8.1	nagaraM	-	nagaraM	nagara{napuM;1;eka}/nagara{napuM;2;eka}	nagara{napuM;2;eka}	karma,11.1	karma,11.1	1	08	010	mahABArawam	mOsalaparvaH	-
9.1	sarvaM	-	sarvaM	sarva{sarvanAma;puM;2;eka}/sarva{sarvanAma;napuM;1;eka}/sarva{sarvanAma;napuM;2;eka}	sarva{sarvanAma;puM;2;eka}	viSeRaNam,4.2	viSeRaNam,4.2	1	08	010	mahABArawam	mOsalaparvaH	-
1.1	sajjIkuruwa	-	sajjIkuruwa	-	-	aBihiwa_karwA,1.2	aBihiwa_karwA,1.2	1	08	011	mahABArawam	mOsalaparvaH	-
1.2	(BavanwaH)	-	-	-	-	karwA,1.1	karwA,1.1	1	08	011	mahABArawam	mOsalaparvaH	-
10.1	SakraprasWe	-	SakraprasWe	SakraprasWa{napuM;1;xvi}/SakraprasWa{napuM;2;xvi}/SakraprasWa{napuM;7;eka}	SakraprasWa{napuM;7;eka}	aXikaraNam,11.1	aXikaraNam,11.1	1	08	011	mahABArawam	mOsalaparvaH	-
11.1	BaviRyawi	-	BaviRyawi	BU1{karwari;lqt;pra;eka;parasmEpaxI;BvAxiH}	BU1{karwari;lqt;pra;eka;parasmEpaxI;BvAxiH}	aBihiwa_karwA,6.1	aBihiwa_karwA,6.1	1	08	011	mahABArawam	mOsalaparvaH	-
12.1	.	-	.	-	-	-	-	1	08	011	mahABArawam	mOsalaparvaH	-
2.1	yAnAni	-	yAnAni	yAna{napuM;1;bahu}/yAna{napuM;2;bahu}	yAna{napuM;1;bahu}	samucciwaH,3.1	sup_samucciwaH,4.1#samucciwaH,3.1	1	08	011	mahABArawam	mOsalaparvaH	-
3.1	rawnAni	-	rawnAni	rawna{napuM;1;bahu}/rawna{napuM;2;bahu}/rawna{napuM;8;bahu}	rawna{napuM;1;bahu}	karma,1.1	sup_samucciwaH,4.1#karma,1.1	1	08	011	mahABArawam	mOsalaparvaH	-
4.1	viviXAni	-	viviXAni	viviXa{napuM;1;bahu}/viviXa{napuM;2;bahu}/viviXa{napuM;8;bahu}	viviXa{napuM;1;bahu}	viSeRaNam,3.1	karwA,8.1#viSeRaNam,3.1	1	08	011	mahABArawam	mOsalaparvaH	-
5.1	ca	-	ca	ca{avya}	ca{avya}	samuccaya_xyowakaH,4.1	samuccaya_xyowakaH,4.1	1	08	011	mahABArawam	mOsalaparvaH	-
6.1	vajraH	-	vajraH	vajra{puM;1;eka}	vajra{puM;1;eka}	karwA,11.1	karwA,11.1	1	08	011	mahABArawam	mOsalaparvaH	-
7.1	ayaM	-	ayaM	ixam{sarvanAma;puM;1;eka}/aya{puM;2;eka}	ixam{sarvanAma;puM;1;eka}	viSeRaNam,6.1	viSeRaNam,6.1#viSeRaNam,9.1#karwA_be_verbs,11.1	1	08	011	mahABArawam	mOsalaparvaH	-
8.1	BavawAm	-	BavawAm	BU1{karwari;lot;pra;xvi;parasmEpaxI;BvAxiH}/Bavaw{sarvanAma;puM;6;bahu}/Bavaw{puM;6;bahu}/Bavaw{napuM;6;bahu}	Bavaw{sarvanAma;puM;6;bahu}	RaRTIsambanXaH,10.1	RaRTIsambanXaH,10.1#RaRTIsambanXaH,9.1#RaRTIsambanXaH,7.1#RaRTIsambanXaH,6.1#RaRTIsambanXaH,4.1#RaRTIsambanXaH,3.1#RaRTIsambanXaH,2.1	1	08	011	mahABArawam	mOsalaparvaH	-
9.1	rAjA	-	rAjA	rAjan{puM;1;eka}	rAjan{puM;1;eka}	viXeya_viSeRaNam,7.1	viXeya_viSeRaNam,7.1#viXeya_viSeRaNam,6.1#karwA_be_verbs,11.1	1	08	011	mahABArawam	mOsalaparvaH	-
1.1	sapwame	-	sapwame	sapwama{napuM;1;xvi}/sapwama{napuM;2;xvi}/sapwama{napuM;8;xvi}/sapwama{puM;7;eka}/sapwama{napuM;7;eka}/sapwama{puM;7;eka}/sapwama{napuM;7;eka}	sapwama{napuM;1;xvi}	viSeRaNam,2.1	viSeRaNam,6.1#viSeRaNam,5.1#sup_samucciwaH,2.1#aXikaraNam,8.1#aXikaraNam,6.1#BkarwA,6.1#viSeRaNam,4.1#viSeRaNam,2.1#viSeRaNam,9.1#Bkarma,6.1	1	08	012	mahABArawam	mOsalaparvaH	-
10.1	sarve	-	sarve	sarva{sarvanAma;puM;1;bahu}/sarva{sarvanAma;napuM;1;xvi}/sarva{sarvanAma;napuM;2;xvi}/sarvA{sarvanAma;swrI;1;xvi}/sarvA{sarvanAma;swrI;2;xvi}	sarva{sarvanAma;napuM;1;xvi}	karwA,9.1	karwA,9.1	1	08	012	mahABArawam	mOsalaparvaH	-
11.1	sajjIBavawa	-	sajjIBavawa	-	-	viSeRaNam,2.1	viSeRaNam,2.1	1	08	012	mahABArawam	mOsalaparvaH	-
12.1	mA	-	mA	mA{avya}	mA{avya}	prawiReXaH,9.1	prawiReXaH,9.1	1	08	012	mahABArawam	mOsalaparvaH	-
13.1	ciram	-	ciram	ciram{avya}	ciram{avya}	kriyAviSeRaNam,9.1	kriyAviSeRaNam,9.1	1	08	012	mahABArawam	mOsalaparvaH	-
14.1	.	-	.	-	-	-	-	1	08	012	mahABArawam	mOsalaparvaH	-
2.1	xivase	-	xivase	xivasa{puM;7;eka}	xivasa{puM;7;eka}	kAlAXikaraNam,9.1	aXikaraNam,8.1#aXikaraNam,6.1#BkarwA,6.1#kAlAXikaraNam,9.1	1	08	012	mahABArawam	mOsalaparvaH	-
3.1	ca	-	ca	ca{avya}	ca{avya}	sambanXaH,2.1	sup_samuccaya_xyowakaH,2.1#sambanXaH,2.1	1	08	012	mahABArawam	mOsalaparvaH	-
4.1	eva	-	eva	eva{avya}	eva{avya}	sambanXaH,3.1	sambanXaH,3.1	1	08	012	mahABArawam	mOsalaparvaH	-
5.1	ravO	-	ravO	rava{puM;1;xvi}/rava{puM;2;xvi}/rava{puM;8;xvi}/ravi{puM;7;eka}	ravi{puM;7;eka}	karwA,7.1	karwA,7.1#aXikaraNam,8.1#aXikaraNam,6.1#BkarwA,6.1#Bkarma,6.1	1	08	012	mahABArawam	mOsalaparvaH	-
6.1	vimale	-	vimale	vimala{puM;7;eka}/vimala{napuM;7;eka}	vimala{puM;7;eka}	viSeRaNam,5.1	viSeRaNam,5.1#aXikaraNam,8.1#aXikaraNam,6.1#BkarwA,6.1	1	08	012	mahABArawam	mOsalaparvaH	-
7.1	uxgawe	-	uxgawe	uxgawi{swrI;8;eka}/uxgawa{puM;7;eka(uw_gam1;kwa;BvAxiH)}/uxgawa{napuM;7;eka(uw_gam1;kwa;BvAxiH)}	uxgawa{puM;7;eka(uw_gam1;kwa;BvAxiH)}	BAvalakRaNasapwamI_pUrvakAlaH,8.1	BAvalakRaNasapwamI_pUrvakAlaH,8.1	1	08	012	mahABArawam	mOsalaparvaH	-
8.1	bahiH	-	bahiH	bahiH{avya}	bahiH{avya}	xeSAXikaraNam,8.1	xeSAXikaraNam_upa,8.1#xeSAXikaraNam,8.1	1	08	012	mahABArawam	mOsalaparvaH	-
9.1	vawsyAmahe	-	vawsyAmahe	vas1{karmaNi;lqt;u;bahu;AwmanepaxI;BvAxiH}	vas1{karmaNi;lqt;u;bahu;AwmanepaxI;BvAxiH}	aBihiwa_karwA,10.1	aBihiwa_karwA,10.1	1	08	012	mahABArawam	mOsalaparvaH	-
1.1	iwi	-	iwi	iwi{avya}	iwi{avya}	sambanXaH,2.1	karma,11.1#karma,3.1#karma,2.1#sambanXaH,2.1	1	08	013	mahABArawam	mOsalaparvaH	-
10.1	wawaH	-	wawaH	wawaH{avya}	wawaH{avya}	sambanXaH,11.1	sambanXaH,11.1#sambanXaH,3.1#sambanXaH,2.1#kArya_xyowakaH,11.1	1	08	013	mahABArawam	mOsalaparvaH	-
11.1	cakruH	-	cakruH	kq2{karwari;lit;pra;bahu;parasmEpaxI;svAxiH}/kq3{karwari;lit;pra;bahu;parasmEpaxI;wanAxiH}	kq2{karwari;lit;pra;bahu;parasmEpaxI;svAxiH}	aBihiwa_karwA,5.1	aBihiwa_karwA,5.1	1	08	013	mahABArawam	mOsalaparvaH	-
12.1	sva-	-	sva-sixXi	sva	sva	samAsaH,12.2	samAsaH,12.2	1	08	013	mahABArawam	mOsalaparvaH	-
12.2	sixXyarWam	-	--	sixXi{avya;arWam}	sixXi{avya;arWam}	prayojanam,13.1	prayojanam,13.1	1	08	013	mahABArawam	mOsalaparvaH	-
13.1	samuwsukAH	-	samuwsukAH	samuwsuka{puM;1;bahu}/samuwsukA{swrI;1;bahu}/samuwsukA{swrI;2;bahu}/samuwsuka{puM;8;bahu}	samuwsuka{puM;1;bahu}	viSeRaNam,5.1	karma,11.1#karwA,11.1#karmasamAnAXikaraNam,5.1#karmasamAnAXikaraNam,4.1#viSeRaNam,5.1	1	08	013	mahABArawam	mOsalaparvaH	-
14.1	.	-	.	-	-	-	-	1	08	013	mahABArawam	mOsalaparvaH	-
2.1	ukwAH	-	ukwAH	ukwa{puM;1;bahu(vac1;kwa;axAxiH)}/ukwA{swrI;1;bahu(vac1;kwa;axAxiH)}/ukwA{swrI;2;bahu(vac1;kwa;axAxiH)}	ukwa{puM;1;bahu(vac1;kwa;axAxiH)}	viSeRaNam,5.1	viSeRaNam,13.1#karma,3.1#viSeRaNam,5.1#viSeRaNam,4.1	1	08	013	mahABArawam	mOsalaparvaH	-
3.1	wena	-	wena	wax{sarvanAma;puM;3;eka}/wax{sarvanAma;napuM;3;eka}/wan1{karwari;lit;ma;bahu;parasmEpaxI;wanAxiH}	wax{sarvanAma;puM;3;eka}	viSeRaNam,6.1	viSeRaNam,7.2#karwA,2.1#karaNam_vIpsA,4.1#karaNam,11.1#hewuH,11.1#hewuH,2.1#viSeRaNam,6.1	1	08	013	mahABArawam	mOsalaparvaH	-
4.1	we	-	we	wax{sarvanAma;puM;1;bahu}/wax{sarvanAma;napuM;1;xvi}/wax{sarvanAma;napuM;2;xvi}/wax{sarvanAma;swrI;1;xvi}/wax{sarvanAma;swrI;2;xvi}/yuRmax{sarvanAma;6;eka}/yuRmax{sarvanAma;4;eka}	wax{sarvanAma;puM;1;bahu}	viSeRaNam,5.1	sampraxAnam,2.1#prayojanam1,11.1#prayojanam1,3.1#RaRTIsambanXaH,13.1#RaRTIsambanXaH,9.1#RaRTIsambanXaH,8.1#RaRTIsambanXaH,7.2#RaRTIsambanXaH,6.1#RaRTIsambanXaH,5.1#karma,11.1#karma,3.1#gONakarma,2.1#viSeRaNam,13.1#viSeRaNam,5.1#viSeRaNam,2.1#karwA,11.1	1	08	013	mahABArawam	mOsalaparvaH	-
5.1	pOrAH	-	pOrAH	pOra{puM;1;bahu}/pOra{puM;8;bahu}	pOra{puM;1;bahu}	karwA,11.1	karwA,11.1#karmasamAnAXikaraNam,13.1#karmasamAnAXikaraNam,4.1	1	08	013	mahABArawam	mOsalaparvaH	-
6.1	pArWena	-	pArWena	pArWa{puM;3;eka}	pArWa{puM;3;eka}	karwA,2.1	karwA,2.1#hewuH,11.1#hewuH,3.1#hewuH,2.1	1	08	013	mahABArawam	mOsalaparvaH	-
7.1	akliRta-	-	akliRta-karman	akliRta	akliRta	samAsaH,7.2	samAsaH,7.2	1	08	013	mahABArawam	mOsalaparvaH	-
7.2	karmaNA	-	--	karman{napuM;3;eka}	karman{napuM;3;eka}	karaNam,11.1	viSeRaNam,3.1#karwA,2.1#hewuH,11.1#hewuH,3.1#hewuH,2.1#karaNam,11.1	1	08	013	mahABArawam	mOsalaparvaH	-
8.1	sajjam	-	sajjam	sajja{puM;2;eka}	sajja{puM;2;eka}	karma,11.1	karmasamAnAXikaraNam,9.1#karma,11.1#karma,3.1#gONakarma,2.1	1	08	013	mahABArawam	mOsalaparvaH	-
9.1	ASu	-	ASu	ASu{napuM;1;eka}/ASu{napuM;2;eka}/ASu{napuM;8;eka}	ASu{napuM;2;eka}	karmasamAnAXikaraNam,11.1	karmasamAnAXikaraNam,8.1#karma,11.1#karma,3.1#gONakarma,2.1#karmasamAnAXikaraNam,11.1	1	08	013	mahABArawam	mOsalaparvaH	-
1.1	wAM	-	wAM	wax{sarvanAma;swrI;2;eka}	wax{sarvanAma;swrI;2;eka}	viSeRaNam,2.1	viSeRaNam,2.1	1	08	014	mahABArawam	mOsalaparvaH	-
10.1	aBiparipluwaH	-	aBiparipluwaH	aBiparipluwa{puM;1;eka}	aBiparipluwa{puM;1;eka}	viSeRaNam,4.1	viSeRaNam,4.1#karwA,3.1	1	08	014	mahABArawam	mOsalaparvaH	-
11.1	.	-	.	-	-	-	-	1	08	014	mahABArawam	mOsalaparvaH	-
2.1	rAwrim	-	rAwrim	rAwri{swrI;2;eka}	rAwri{swrI;2;eka}	karwA,3.1	karwA,3.1	1	08	014	mahABArawam	mOsalaparvaH	-
3.1	avasaw	-	avasaw	vas1{karwari;laf;pra;eka;parasmEpaxI;BvAxiH}	vas1{karwari;laf;pra;eka;parasmEpaxI;BvAxiH}	aBihiwa_karwA,4.1	aBihiwa_karwA,4.1	1	08	014	mahABArawam	mOsalaparvaH	-
4.1	pArWaH	-	pArWaH	pArWa{puM;1;eka}	pArWa{puM;1;eka}	karwA,3.1	karwA,3.1	1	08	014	mahABArawam	mOsalaparvaH	-
5.1	keSavasya	-	keSavasya	keSava{puM;6;eka}	keSava{puM;6;eka}	karwA,6.1	karwA,6.1#karma,6.1#RaRTIsambanXaH,10.1#RaRTIsambanXaH,8.2#RaRTIsambanXaH,4.1#RaRTIsambanXaH,2.1	1	08	014	mahABArawam	mOsalaparvaH	-
6.1	niveSane	-	niveSane	niveSana{napuM;1;xvi(ni_viS1;lyut;wuxAxiH)}/niveSana{napuM;2;xvi(ni_viS1;lyut;wuxAxiH)}/niveSana{napuM;7;eka(ni_viS1;lyut;wuxAxiH)}	niveSana{napuM;7;eka(ni_viS1;lyut;wuxAxiH)}	aXikaraNam,3.1	aXikaraNam,3.1	1	08	014	mahABArawam	mOsalaparvaH	-
7.1	mahawA	-	mahawA	mahaw{puM;3;eka}/mahaw{napuM;3;eka}	mahaw{puM;3;eka}	viSeRaNam,8.2	wIvrawAxarSI,8.2#viSeRaNam,8.2#hewuH,6.1#hewuH,3.1	1	08	014	mahABArawam	mOsalaparvaH	-
8.1	Soka-	-	Soka-moha	Soka	Soka	samAsaH,8.2	samAsaH,8.2	1	08	014	mahABArawam	mOsalaparvaH	-
8.2	mohena	-	--	moha{puM;3;eka}/moha{napuM;3;eka}	moha{puM;3;eka}	hewuH,10.1	viSeRaNam,7.1#hewuH,6.1#hewuH,3.1#hewuH,10.1	1	08	014	mahABArawam	mOsalaparvaH	-
9.1	sahasA	-	sahasA	sahasA{avya}	sahasA{avya}	viSeRaNam,8.2	kriyAviSeRaNam,6.1#kriyAviSeRaNam,3.1#viSeRaNam,8.2	1	08	014	mahABArawam	mOsalaparvaH	-
1.1	SvoBUwe	-	SvoBUwe	SvoBUwa{napuM;1;xvi}/SvoBUwa{napuM;2;xvi}/SvoBUwa{puM;7;eka}/SvoBUwa{napuM;7;eka}	SvoBUwa{puM;7;eka}	aXikaraNam,10.1	aXikaraNam,10.1#aXikaraNam,7.1#karma,7.1	1	08	015	mahABArawam	mOsalaparvaH	-
10.1	jagAma	-	jagAma	gam1{karwari;lit;pra;eka;parasmEpaxI;BvAxiH}/gam1{karwari;lit;u;eka;parasmEpaxI;BvAxiH}	gam1{karwari;lit;pra;eka;parasmEpaxI;BvAxiH}	aBihiwa_karwA,5.1;sakarmaka	aBihiwa_karwA,5.1;sakarmaka	1	08	015	mahABArawam	mOsalaparvaH	-
11.1	gawim	-	gawim	gawi{swrI;2;eka}	gawi{swrI;2;eka}	karma,10.1	karma,10.1#karma,7.1	1	08	015	mahABArawam	mOsalaparvaH	-
12.1	uwwamAm	-	uwwamAm	uwwamA{swrI;2;eka}	uwwamA{swrI;2;eka}	viSeRaNam,11.1	viSeRaNam,11.1#karma,10.1#karma,7.1	1	08	015	mahABArawam	mOsalaparvaH	-
13.1	.	-	.	-	-	-	-	1	08	015	mahABArawam	mOsalaparvaH	-
2.1	aWa	-	aWa	aWa{avya}	aWa{avya}	sambanXaH,10.1	sambanXaH,10.1	1	08	015	mahABArawam	mOsalaparvaH	-
3.1	wawaH	-	wawaH	wawaH{avya}	wawaH{avya}	sambanXaH,10.1	sambanXaH,10.1#sambanXaH,7.1#kArya_xyowakaH,10.1#apAxAnam,10.1	1	08	015	mahABArawam	mOsalaparvaH	-
4.1	SOriH	-	SOriH	SOri{puM;1;eka}	SOri{puM;1;eka}	viSeRaNam,5.1	karwA,10.1#viSeRaNam,5.1	1	08	015	mahABArawam	mOsalaparvaH	-
5.1	vasuxevaH	-	vasuxevaH	vasuxeva{puM;1;eka}	vasuxeva{puM;1;eka}	karwA,10.1	karwA,10.1	1	08	015	mahABArawam	mOsalaparvaH	-
6.1	prawApavAn	-	prawApavAn	prawApa{mawup;puM;1;eka}	prawApa{mawup;puM;1;eka}	viSeRaNam,5.1	viSeRaNam,9.1#viSeRaNam,5.1#viSeRaNam,4.1#karwA,10.1	1	08	015	mahABArawam	mOsalaparvaH	-
7.1	yukwvA	-	yukwvA	yuj2{avya;kwvA;ruXAxiH}/yuj1{avya;kwvA;xivAxiH}	yuj1{avya;kwvA;xivAxiH}	pUrvakAlaH,10.1	pUrvakAlaH,10.1	1	08	015	mahABArawam	mOsalaparvaH	-
8.1	AwmAnam	-	AwmAnam	Awman{puM;2;eka}	Awman{puM;2;eka}	karma,7.1	karma,10.1#karma,7.1	1	08	015	mahABArawam	mOsalaparvaH	-
9.1	mahAwejAH	-	mahAwejAH	mahAwejas{puM;1;eka}	mahAwejas{puM;1;eka}	viSeRaNam,5.1	karwA,10.1#viSeRaNam,5.1	1	08	015	mahABArawam	mOsalaparvaH	-
1.1	wawaH	-	wawaH	wawaH{avya}	wawaH{avya}	sambanXaH,4.1	sambanXaH,4.1	1	08	016	mahABArawam	mOsalaparvaH	-
10.1	ruxawInAM	-	ruxawInAM	-	-	samucciwaH,12.1	samucciwaH,12.1	1	08	016	mahABArawam	mOsalaparvaH	-
11.1	ca	-	ca	ca{avya}	ca{avya}	samuccaya_xyowakaH,12.1	samuccaya_xyowakaH,12.1	1	08	016	mahABArawam	mOsalaparvaH	-
12.1	yoRiwAm	-	yoRiwAm	yoRiw{swrI;6;bahu}	yoRiw{swrI;6;bahu}	RaRTIsambanXaH,6.1	RaRTIsambanXaH,6.1#RaRTIsambanXaH,5.1#RaRTIsambanXaH,2.1	1	08	016	mahABArawam	mOsalaparvaH	-
13.1	.	.	-	-	-	-	-	1	08	016	mahABArawam	mOsalaparvaH	-
2.1	SabxaH	-	SabxaH	Sabxa{puM;1;eka}	Sabxa{puM;1;eka}	karwA,4.1	karwA,4.1	1	08	016	mahABArawam	mOsalaparvaH	-
3.1	mahAn	-	mahAn	mahaw{puM;1;eka}	mahaw{puM;1;eka}	viSeRaNam,7.1	viSeRaNam,7.1#viSeRaNam,2.1	1	08	016	mahABArawam	mOsalaparvaH	-
4.1	AsIx(AsIw)	-	AsIx	-	-	aBihiwa_karwA,2.1	aBihiwa_karwA,2.1	1	08	016	mahABArawam	mOsalaparvaH	-
5.1	vasuxevasya	-	vasuxevasya	vasuxeva{puM;6;eka}/vasuxeva{napuM;6;eka}	vasuxeva{puM;6;eka}	RaRTIsambanXaH,6.1	RaRTIsambanXaH,12.1#RaRTIsambanXaH,6.1#RaRTIsambanXaH,2.1	1	08	016	mahABArawam	mOsalaparvaH	-
6.1	veSmani	-	veSmani	veSman{napuM;7;eka}	veSman{napuM;7;eka}	aXikaraNam,4.1	aXikaraNam,4.1	1	08	016	mahABArawam	mOsalaparvaH	-
7.1	xAruNaH	-	xAruNaH	xAruNa{puM;1;eka}	xAruNa{puM;1;eka}	viXeya_viSeRaNam,2.1	viSeRaNam,3.1#viSeRaNam,2.1#viXeya_viSeRaNam,2.1	1	08	016	mahABArawam	mOsalaparvaH	-
8.1	kroSawInAM	-	kroSawInAM	-	-	samucciwaH,12.1	samucciwaH,12.1	1	08	016	mahABArawam	mOsalaparvaH	-
9.1	ca	-	ca	ca{avya}	ca{avya}	samuccaya_xyowakaH,10.1	samuccaya_xyowakaH,10.1	1	08	016	mahABArawam	mOsalaparvaH	-
1.1	prakIrNa-	-	prakIrNa-mUrXaja	prakIrNa	prakIrNa	wa_pu_6,1.2	wa_pu_6,1.2	1	08	017	mahABArawam	mOsalaparvaH	-
1.2	mUrXajAH	-	--	mUrXaja{puM;1;bahu}/mUrXajA{swrI;8;bahu}/mUrXajA{swrI;1;bahu}/mUrXajA{swrI;2;bahu}	mUrXajA{swrI;1;bahu}	viSeRaNam,9.1	viSeRaNam,9.1#viSeRaNam,3.3#viSeRaNam,2.1#karwA,7.1	1	08	017	mahABArawam	mOsalaparvaH	-
10.1	.	-	.	-	-	-	-	1	08	017	mahABArawam	mOsalaparvaH	-
2.1	sarvAH	-	sarvAH	sarvA{sarvanAma;swrI;1;bahu}/sarvA{sarvanAma;swrI;2;bahu}	sarvA{sarvanAma;swrI;1;bahu}	viSeRaNam,9.1	viSeRaNam,9.1#viSeRaNam,3.3#viSeRaNam,1.2#karwA,7.1	1	08	017	mahABArawam	mOsalaparvaH	-
3.1	vimukwa-	-	vimukwa-ABaraNa-sraj	vimukwa	vimukwa	samAsaH,3.3	samAsaH,3.3	1	08	017	mahABArawam	mOsalaparvaH	-
3.2	ABaraNa-	-	--	ABaraNa	ABaraNa	samAsaH,3.3	samAsaH,3.3	1	08	017	mahABArawam	mOsalaparvaH	-
3.3	srajaH	-	--	sraj{swrI;1;bahu}/sraj{swrI;2;bahu}/sraj{swrI;5;eka}/sraj{swrI;6;eka}/sraj{swrI;8;bahu}	sraj{swrI;1;bahu}	viSeRaNam,9.1	viSeRaNam,9.1#viSeRaNam,1.2#RaRTIsambanXaH,9.1#RaRTIsambanXaH,5.1#RaRTIsambanXaH,4.1#RaRTIsambanXaH,1.2#hewuH5,7.1#viSeRaNam,2.1#karwA,7.1	1	08	017	mahABArawam	mOsalaparvaH	-
4.1	urAMsi	-	urAMsi	uras{napuM;1;bahu}/uras{napuM;2;bahu}/uras{napuM;8;bahu}	uras{napuM;1;bahu}	xeSAXikaraNam,4.1	karwA,7.1#xeSAXikaraNam,4.1	1	08	017	mahABArawam	mOsalaparvaH	-
5.1	pANiBiH	-	pANiBiH	pANi{puM;3;bahu}	pANi{puM;3;bahu}	hewuH,6.1	hewuH,7.1#hewuH,6.1	1	08	017	mahABArawam	mOsalaparvaH	-
6.1	Gnanwyo	-	Gnanwyo	-	-	pUrvakAlaH,7.1	pUrvakAlaH,7.1	1	08	017	mahABArawam	mOsalaparvaH	-
7.1	vyalapan	-	vyalapan	vi_lap1{karwari;laf;pra;bahu;parasmEpaxI;BvAxiH}	vi_lap1{karwari;laf;pra;bahu;parasmEpaxI;BvAxiH}	aBihiwa_karwA,9.1	aBihiwa_karwA,9.1	1	08	017	mahABArawam	mOsalaparvaH	-
8.1	karuNaM	-	karuNaM	karuNa{puM;2;eka}/karuNa{napuM;1;eka}/karuNa{napuM;2;eka}	karuNa{puM;2;eka}	karma,7.1	karma,7.1	1	08	017	mahABArawam	mOsalaparvaH	-
9.1	swriyaH	-	swriyaH	swrI{swrI;1;bahu}/swrI{swrI;2;bahu}/swrI{swrI;8;bahu}	swrI{swrI;1;bahu}	karwA,6.1;karwA,7.1	karwA,6.1;karwA,7.1	1	08	017	mahABArawam	mOsalaparvaH	-
1.1	waM	-	waM	wax{sarvanAma;puM;2;eka}	wax{sarvanAma;puM;2;eka}	viSeRaNam,11.1	viSeRaNam,11.1	1	08	018	mahABArawam	mOsalaparvaH	-
10.1	vyavasiwAH	-	vyavasiwAH	vyavasiwa{puM;1;bahu(vi_ava_Ro1;kwa;xivAxiH)}/vyavasiwA{swrI;1;bahu(vi_ava_Ro1;kwa;xivAxiH)}/vyavasiwA{swrI;2;bahu(vi_ava_Ro1;kwa;xivAxiH)}	vyavasiwa{puM;1;bahu(vi_ava_Ro1;kwa;xivAxiH)}	aBihiwa_karwA,2.1	sup_samucciwaH,7.1#aBihiwa_karwA,2.1	1	08	018	mahABArawam	mOsalaparvaH	-
11.1	BarwAraM	-	BarwAraM	Barwq{puM;2;eka}	Barwq{puM;2;eka}	karma,10.1	karma,10.1	1	08	018	mahABArawam	mOsalaparvaH	-
12.1	yoRiwAM	-	yoRiwAM	yoRiw{swrI;6;bahu}	yoRiw{swrI;6;bahu}	RaRTIsambanXaH,11.1	RaRTIsambanXaH,11.1#RaRTIsambanXaH,13.1#RaRTIsambanXaH,11.1#RaRTIsambanXaH,7.1#RaRTIsambanXaH,6.1#RaRTIsambanXaH,2.1	1	08	018	mahABArawam	mOsalaparvaH	-
13.1	varAH	-	varAH	vara{puM;1;bahu}/varA{swrI;1;bahu}/varA{swrI;2;bahu}/vara{puM;8;bahu}/varA{swrI;8;bahu}	vara{puM;1;bahu}	viSeRaNam,2.1	sup_samucciwaH,7.1#karwA,10.1#viSeRaNam,10.1#viSeRaNam,2.1	1	08	018	mahABArawam	mOsalaparvaH	-
14.1	.	-	.	-	-	-	-	1	08	018	mahABArawam	mOsalaparvaH	-
2.1	xevakI	-	xevakI	xevakI{swrI;1;eka}	xevakI{swrI;1;eka}	karwA,10.1	sup_samucciwaH,7.1#sup_samucciwaH,4.1#karwA,10.1	1	08	018	mahABArawam	mOsalaparvaH	-
3.1	ca	-	ca	ca{avya}	ca{avya}	samuccaya_xyowakaH,4.1	sambanXaH,2.1#samuccaya_xyowakaH,4.1	1	08	018	mahABArawam	mOsalaparvaH	-
4.1	BaxrA	-	BaxrA	BaxrA{swrI;1;eka}	BaxrA{swrI;1;eka}	samucciwaH,2.1	viSeRaNam,7.1#viSeRaNam,6.1#viSeRaNam,2.1#sup_samucciwaH,7.1#samucciwaH,2.1	1	08	018	mahABArawam	mOsalaparvaH	-
5.1	ca	-	ca	ca{avya}	ca{avya}	samuccaya_xyowakaH,6.1	samuccaya_xyowakaH,6.1	1	08	018	mahABArawam	mOsalaparvaH	-
6.1	rohiNI	-	rohiNI	rohiNI{swrI;1;eka}	rohiNI{swrI;1;eka}	samucciwaH,2.1	samucciwaH,2.1	1	08	018	mahABArawam	mOsalaparvaH	-
7.1	maxirA	-	maxirA	maxirA{swrI;1;eka}	maxirA{swrI;1;eka}	samucciwaH,2.1	samucciwaH,2.1	1	08	018	mahABArawam	mOsalaparvaH	-
8.1	waWA	-	waWA	waWA{avya}	waWA{avya}	samuccaya_xyowakaH,7.1	samuccaya_xyowakaH,7.1#kriyAviSeRaNam,10.1	1	08	018	mahABArawam	mOsalaparvaH	-
9.1	anvAroDuM	-	anvAroDuM	-	-	prayojanam,10.1	prayojanam,10.1	1	08	018	mahABArawam	mOsalaparvaH	-
1.1	wawaH	-	wawaH	wawaH{avya}	wawaH{avya}	kAlAXikaraNam,10.1	kAlAXikaraNam,10.1	1	08	019	mahABArawam	mOsalaparvaH	-
10.1	niRkrAmayaw	-	niRkrAmayaw	-	-	aBihiwa_karwA,8.1	aBihiwa_karwA,8.1	1	08	019	mahABArawam	mOsalaparvaH	-
11.1	waxA	-	waxA	waxA{avya}	waxA{avya}	kAlAXikaraNam,10.1	kAlAXikaraNam,3.2#kAlAXikaraNam,10.1	1	08	019	mahABArawam	mOsalaparvaH	-
12.1	.	-	.	-	-	-	-	1	08	019	mahABArawam	mOsalaparvaH	-
2.1	SOrim	-	SOrim	SOri{puM;2;eka}	SOri{puM;2;eka}	karma,10.1	karma,10.1	1	08	019	mahABArawam	mOsalaparvaH	-
3.1	nq-	-	nq-yukwa	nq	nq	samAsaH,3.2	samAsaH,3.2	1	08	019	mahABArawam	mOsalaparvaH	-
3.2	yukwena	-	--	yukwa{puM;3;eka(yuj1;kwa;xivAxiH)}/yukwa{napuM;3;eka(yuj1;kwa;xivAxiH)}/yukwa{puM;3;eka(yuj2;kwa;ruXAxiH)}/yukwa{napuM;3;eka(yuj2;kwa;ruXAxiH)}	yukwa{puM;3;eka(yuj1;kwa;xivAxiH)}	viSeRaNam,6.1	viSeRaNam,6.1	1	08	019	mahABArawam	mOsalaparvaH	-
4.1	bahu-	-	bahu-mAlya	bahu	bahu	samAsaH,4.2	samAsaH,4.2	1	08	019	mahABArawam	mOsalaparvaH	-
4.2	mAlyena	-	--	mAlya{puM;3;eka}/mAlya{napuM;3;eka}	mAlya{puM;3;eka}	viSeRaNam,6.1	viSeRaNam,7.1#viSeRaNam,6.1#viSeRaNam,3.2#sahArWaH,3.2#karwA,3.2#karaNam,3.2#hewuH,3.2	1	08	019	mahABArawam	mOsalaparvaH	-
5.1	BArawa	-	BArawa	BArawa{puM;8;eka}	BArawa{puM;8;eka}	samboXyaH,10.1	samboXyaH,10.1	1	08	019	mahABArawam	mOsalaparvaH	-
6.1	yAnena	-	yAnena	yAna{napuM;3;eka}	yAna{napuM;3;eka}	hewu,10.1	sahArWaH,3.2#karwA,3.2#karaNam,3.2#hewuH,3.2#hewu,10.1	1	08	019	mahABArawam	mOsalaparvaH	-
7.1	mahawA	-	mahawA	mahaw{puM;3;eka}/mahaw{napuM;3;eka}	mahaw{napuM;3;eka}	viSeRaNam,6.1	viSeRaNam,6.1#viSeRaNam,4.2#viSeRaNam,3.2#sahArWaH,3.2#karwA,3.2#karaNam,3.2#hewuH,3.2	1	08	019	mahABArawam	mOsalaparvaH	-
8.1	pArWaH	-	pArWaH	pArWa{puM;1;eka}	pArWa{puM;1;eka}	karwA,10.1	karwA,10.1	1	08	019	mahABArawam	mOsalaparvaH	-
9.1	bahiH	-	bahiH	bahiH{avya}	bahiH{avya}	xeSAXikaraNam,10.1	xeSAXikaraNam,3.2#xeSAXikaraNam,10.1	1	08	019	mahABArawam	mOsalaparvaH	-
1.1	wam	-	wam	wax{sarvanAma;puM;2;eka}	wax{sarvanAma;puM;2;eka}	karma,2.1	karma,2.1	1	08	020	mahABArawam	mOsalaparvaH	-
10.1	nararRaBa	-	nararRaBa	-	-	samboXyaH,2.1	samboXyaH,2.1	1	08	020	mahABArawam	mOsalaparvaH	-
11.1	.	-	.	-	-	-	-	1	08	020	mahABArawam	mOsalaparvaH	-
2.1	anvayuH	-	anvayuH	anu_yA1{karwari;laf;pra;bahu;parasmEpaxI;axAxiH}	anu_yA1{karwari;laf;pra;bahu;parasmEpaxI;axAxiH}	aBihiwa_karwA,7.1	aBihiwa_karwA,7.1	1	08	020	mahABArawam	mOsalaparvaH	-
3.1	wawra	-	wawra	wawra{avya}	wawra{avya}	vIpsA,4.1	xeSAXikaraNam,5.3#xeSAXikaraNam,2.1#vIpsA,4.1	1	08	020	mahABArawam	mOsalaparvaH	-
4.1	wawra	-	wawra	wawra{avya}	wawra{avya}	xeSAXikaraNam,5.3	xeSAXikaraNam,5.3#xeSAXikaraNam,2.1	1	08	020	mahABArawam	mOsalaparvaH	-
5.1	xuHKa-	-	xuHKa-Soka-samAhawa	xuHKa	xuHKa	samAsaH,5.3	samAsaH,5.3	1	08	020	mahABArawam	mOsalaparvaH	-
5.2	Soka-	-	--	Soka	Soka	samAsaH,5.3	samAsaH,5.3	1	08	020	mahABArawam	mOsalaparvaH	-
5.3	samAhawAH	-	--	samAhawa{puM;1;bahu(sam_Af_han1;kwa;axAxiH)}/samAhawA{swrI;1;bahu(sam_Af_han1;kwa;axAxiH)}/samAhawA{swrI;2;bahu(sam_Af_han1;kwa;axAxiH)}	samAhawa{puM;1;bahu(sam_Af_han1;kwa;axAxiH)}	viSeRaNam,7.1	karwA,2.1#viSeRaNam,8.1#viSeRaNam,7.1#viSeRaNam,6.2	1	08	020	mahABArawam	mOsalaparvaH	-
6.1	xvArakA-	-	xvArakA-vAsin	xvArakA	xvArakA	wa_pu_6,6.2	wa_pu_6,6.2	1	08	020	mahABArawam	mOsalaparvaH	-
6.2	vAsinaH	-	--	vAsin{puM;1;bahu}/vAsin{puM;2;bahu}/vAsin{puM;5;eka}/vAsin{puM;6;eka}/vAsi{napuM;5;eka}/vAsi{napuM;6;eka}	vAsin{puM;1;bahu}	viSeRaNam,7.1	viSeRaNam,7.1#RaRTIsambanXaH,7.1#hewuH5,5.3#hewuH5,2.1#viSeRaNam,8.1#viSeRaNam,7.1#viSeRaNam,5.3#karwA,2.1	1	08	020	mahABArawam	mOsalaparvaH	-
7.1	pOrAH	-	pOrAH	pOra{puM;1;bahu}/pOra{puM;8;bahu}	pOra{puM;1;bahu}	karwA,2.1	karwA,2.1	1	08	020	mahABArawam	mOsalaparvaH	-
8.1	sarve	-	sarve	sarva{sarvanAma;puM;1;bahu}/sarva{sarvanAma;napuM;1;xvi}/sarva{sarvanAma;napuM;2;xvi}/sarvA{sarvanAma;swrI;1;xvi}/sarvA{sarvanAma;swrI;2;xvi}	sarva{sarvanAma;puM;1;bahu}	viSeRaNam,7.1	viSeRaNam,7.1#viSeRaNam,6.2#viSeRaNam,5.3#karwA,2.1	1	08	020	mahABArawam	mOsalaparvaH	-
9.1	eva	-	eva	eva{avya}	eva{avya}	sambanXaH,8.1	sambanXaH,8.1	1	08	020	mahABArawam	mOsalaparvaH	-
1.1	wasya	-	wasya	wax{sarvanAma;napuM;6;eka}/wax{sarvanAma;puM;6;eka}	wax{sarvanAma;napuM;6;eka}	RaRTIsambanXaH,9.1	viSeRaNam,8.1#RaRTIsambanXaH,10.1#RaRTIsambanXaH,9.1#RaRTIsambanXaH,6.1#RaRTIsambanXaH,3.1#viSeRaNam,9.1	1	08	021	mahABArawam	mOsalaparvaH	-
10.1	yAjakAH	-	yAjakAH	yAjaka{puM;1;bahu}/yAjaka{puM;8;bahu}	yAjaka{puM;1;bahu}	karwA,13.1	sup_samucciwaH,4.1#karwA,13.1	1	08	021	mahABArawam	mOsalaparvaH	-
11.1	ca	-	ca	ca{avya}	ca{avya}	samuccaya_xyowakaH,6.1	sup_samuccaya_xyowakaH,10.1#sambanXaH,10.1#samuccaya_xyowakaH,6.1	1	08	021	mahABArawam	mOsalaparvaH	-
12.1	wawaH	-	wawaH	wawaH{avya}	wawaH{avya}	sambanXaH,13.1	sambanXaH,13.1#sambanXaH,4.1#kArya_xyowakaH,13.1#apAxAnam,13.1	1	08	021	mahABArawam	mOsalaparvaH	-
13.1	yayuH	-	yayuH	yA1{karwari;lit;pra;bahu;parasmEpaxI;axAxiH}	yA1{karwari;lit;pra;bahu;parasmEpaxI;axAxiH}	aBihiwa_karwA,10.1	aBihiwa_karwA,10.1	1	08	021	mahABArawam	mOsalaparvaH	-
14.1	.	-	.	-	-	-	-	1	08	021	mahABArawam	mOsalaparvaH	-
2.1	ASvameXikaM	-	ASvameXikaM	-	-	karmasamAnAXikaraNam,13.1	karmasamAnAXikaraNam,13.1	1	08	021	mahABArawam	mOsalaparvaH	-
3.1	CawraM	-	CawraM	Cawra{puM;2;eka}/Cawra{napuM;1;eka}/Cawra{napuM;2;eka}	Cawra{puM;2;eka}	karma,13.1	sup_samucciwaH,4.1#sup_samucciwaH,10.1#karma,13.1	1	08	021	mahABArawam	mOsalaparvaH	-
4.1	xIpyamAnAH	-	xIpyamAnAH	xIpyamAna{puM;1;bahu(xIp1;SAnac_lat;karwari;xivAxiH)}/xIpyamAnA{swrI;1;bahu(xIp1;SAnac_lat;karwari;xivAxiH)}/xIpyamAnA{swrI;2;bahu(xIp1;SAnac_lat;karwari;xivAxiH)}/xIpyamAna{puM;1;bahu(xIp1;SAnac_lat;karmaNi;xivAxiH)}/xIpyamAnA{swrI;1;bahu(xIp1;SAnac_lat;karmaNi;xivAxiH)}/xIpyamAnA{swrI;2;bahu(xIp1;SAnac_lat;karmaNi;xivAxiH)}	xIpyamAna{puM;1;bahu(xIp1;SAnac_lat;karwari;xivAxiH)}	viSeRaNam,6.1	varwamAnasamAnakAlaH,13.1#sup_samucciwaH,10.1#viSeRaNam,10.1#viSeRaNam,6.1	1	08	021	mahABArawam	mOsalaparvaH	-
5.1	ca	-	ca	ca{avya}	ca{avya}	sambanXaH,13.1	sup_samuccaya_xyowakaH,4.1#sambanXaH,4.1#sambanXaH,13.1	1	08	021	mahABArawam	mOsalaparvaH	-
6.1	pAvakAH	-	pAvakAH	pAvaka{puM;1;bahu}/pAvaka{puM;8;bahu}	pAvaka{puM;1;bahu}	samucciwaH,3.1	sup_samucciwaH,10.1#sup_samucciwaH,4.1#karwA,13.1#samucciwaH,3.1	1	08	021	mahABArawam	mOsalaparvaH	-
7.1	puraswAw	-	puraswAw	puraswAw{avya}	puraswAw{avya}	apAxAnam,13.1	xeSAXikaraNam_upa,13.1#apAxAnam_upa,13.1#apAxAnam,13.1	1	08	021	mahABArawam	mOsalaparvaH	-
8.1	wasya	-	wasya	wax{sarvanAma;napuM;6;eka}/wax{sarvanAma;puM;6;eka}	wax{sarvanAma;napuM;6;eka}	RaRTIsambanXaH,9.1	viSeRaNam,1.1#upa_apekRA,7.1#RaRTIsambanXaH,10.1#RaRTIsambanXaH,9.1#RaRTIsambanXaH,6.1#RaRTIsambanXaH,3.1#viSeRaNam,9.1	1	08	021	mahABArawam	mOsalaparvaH	-
9.1	yAnasya	-	yAnasya	yAna{napuM;6;eka}	yAna{napuM;6;eka}	sanxarBa_binxuH,7.1	RaRTIsambanXaH,10.1#RaRTIsambanXaH,6.1#RaRTIsambanXaH,3.1#sanxarBa_binxuH,7.1	1	08	021	mahABArawam	mOsalaparvaH	-
1.1	anujagmuH	-	anujagmuH	anu_gam1{karwari;lit;pra;bahu;parasmEpaxI;BvAxiH}	anu_gam1{karwari;lit;pra;bahu;parasmEpaxI;BvAxiH}	aBihiwa_karwA,5.1;sakarmaka	aBihiwa_karwA,5.1;sakarmaka	1	08	022	mahABArawam	mOsalaparvaH	-
10.1	parivqwAH	-	parivqwAH	parivqwa{puM;1;bahu(pari_vq1;kwa;svAxiH)}/parivqwA{swrI;1;bahu(pari_vq1;kwa;svAxiH)}/parivqwA{swrI;2;bahu(pari_vq1;kwa;svAxiH)}	parivqwA{swrI;1;bahu(pari_vq1;kwa;svAxiH)}	viSeRaNam,11.1	viSeRaNam,6.1#viSeRaNam,5.1#viSeRaNam,11.1	1	08	022	mahABArawam	mOsalaparvaH	-
11.1	vaXUBiH	-	vaXUBiH	vaXU{swrI;3;bahu}	vaXU{swrI;3;bahu}	sahArWaH,10.1	karwA,10.1#karwA,5.1#hewuH,10.1#hewuH,5.1#sahArWaH,10.1	1	08	022	mahABArawam	mOsalaparvaH	-
12.1	ca	-	ca	ca{avya}	ca{avya}	sambanXaH,11.1	sambanXaH,11.1	1	08	022	mahABArawam	mOsalaparvaH	-
13.1	sahasraSaH	-	sahasraSaH	sahasra{avya;Sas}	sahasra{avya;Sas}	kriyAviSeRaNam,10.1	kriyAviSeRaNam,10.1	1	08	022	mahABArawam	mOsalaparvaH	-
14.1	.	-	.	-	-	-	-	1	08	022	mahABArawam	mOsalaparvaH	-
2.1	ca	-	ca	ca{avya}	ca{avya}	sambanXaH,1.1	sambanXaH,1.1	1	08	022	mahABArawam	mOsalaparvaH	-
3.1	waM	-	waM	wax{sarvanAma;puM;2;eka}	wax{sarvanAma;puM;2;eka}	viSeRaNam,4.1	viSeRaNam,4.1#karma,1.1	1	08	022	mahABArawam	mOsalaparvaH	-
4.1	vIraM	-	vIraM	vIra{puM;2;eka}/vIra{napuM;1;eka}/vIra{napuM;2;eka}	vIra{puM;2;eka}	karma,1.1	karma,1.1#viSeRaNam,3.1	1	08	022	mahABArawam	mOsalaparvaH	-
5.1	xevyaH	-	xevyaH	xevI{swrI;1;bahu}/xevI{swrI;8;bahu}/xevya{puM;1;eka(xev1;Nyaw;BvAxiH)}	xevI{swrI;1;bahu}	karwA,1.1	samboXyaH,10.1#karwA,1.1	1	08	022	mahABArawam	mOsalaparvaH	-
6.1	wAH	-	wAH	wax{sarvanAma;swrI;1;bahu}/wax{sarvanAma;swrI;2;bahu}	wax{sarvanAma;swrI;1;bahu}	viSeRaNam,5.1	viSeRaNam,10.1#karma,1.1#viSeRaNam,5.1#karwA,1.1	1	08	022	mahABArawam	mOsalaparvaH	-
7.1	vE	-	vE	vE{avya}	vE{avya}	sambanXaH,6.1	sambanXaH,6.1	1	08	022	mahABArawam	mOsalaparvaH	-
8.1	svalafkqwAH	-	svalafkqwAH	-	-	viSeRaNam,5.1	viSeRaNam,5.1	1	08	022	mahABArawam	mOsalaparvaH	-
9.1	swrIsahasrEH	-	swrIsahasrEH	-	-	viSeRaNam,11.1	viSeRaNam,11.1	1	08	022	mahABArawam	mOsalaparvaH	-
1.1	yaH	-	yaH	yax{sarvanAma;puM;1;eka}	yax{sarvanAma;puM;1;eka}	viSeRaNam,3.1	viSeRaNam,4.1#viSeRaNam,3.1#niwya_sambanXaH1,5.1#karwA_be_verbs,7.1	1	08	023	mahABArawam	mOsalaparvaH	-
10.1	enam	-	enam	ixam{sarvanAma;puM;2;eka}	ixam{sarvanAma;puM;2;eka}	viSeRaNam,12.2	viSeRaNam,12.2#karma,13.1	1	08	023	mahABArawam	mOsalaparvaH	-
11.1	upasafkalpya	-	upasafkalpya	-	-	pUrvakAlaH,13.1	pUrvakAlaH,13.1	1	08	023	mahABArawam	mOsalaparvaH	-
12.1	piwq-	-	piwq-meXa	piwq	piwq	samAsaH,12.2	samAsaH,12.2	1	08	023	mahABArawam	mOsalaparvaH	-
12.2	meXaM	-	--	meXa{puM;2;eka}/meXa{napuM;1;eka}/meXa{napuM;2;eka}	meXa{puM;2;eka}	karma,13.1	karma,13.1#viXeya_viSeRaNam,4.1#viXeya_viSeRaNam,3.1#viXeya_viSeRaNam,1.1#karwA_be_verbs,7.1#viSeRaNam,10.1	1	08	023	mahABArawam	mOsalaparvaH	-
13.1	pracakrire	-	pracakrire	pra_kq2{karmaNi;lit;pra;bahu;AwmanepaxI;svAxiH}/pra_kq3{karwari{lit;pra;bahu;AwmanepaxI;wanAxiH}/pra_kq3{karmaNi{lit;pra;bahu;AwmanepaxI;wanAxiH}	pra_kq3{karwari{lit;pra;bahu;AwmanepaxI;wanAxiH}	aBihiwa_karwA,0;sakarmaka	aBihiwa_karwA,0;sakarmaka	1	08	023	mahABArawam	mOsalaparvaH	-
14.1	.	-	.	-	-	-	-	1	08	023	mahABArawam	mOsalaparvaH	-
2.1	wu	-	wu	wu{avya}	wu{avya}	sambanXaH,1.1	sambanXaH,1.1	1	08	023	mahABArawam	mOsalaparvaH	-
3.1	xeSaH	-	xeSaH	xeSa{puM;1;eka}	xeSa{puM;1;eka}	karwA,7.1	karwA,7.1	1	08	023	mahABArawam	mOsalaparvaH	-
4.1	priyaH	-	priyaH	priya{puM;1;eka}	priya{puM;1;eka}	viSeRaNam,3.1	viXeya_viSeRaNam,3.1#viXeya_viSeRaNam,1.1#karwA_be_verbs,7.1#viSeRaNam,3.1	1	08	023	mahABArawam	mOsalaparvaH	-
5.1	wasya	-	wasya	wax{sarvanAma;napuM;6;eka}/wax{sarvanAma;puM;6;eka}	wax{sarvanAma;puM;6;eka}	RaRTIsambanXaH,12.2	viSeRaNam,8.1#viSeRaNam,6.1#RaRTIsambanXaH,12.2#RaRTIsambanXaH,8.1#RaRTIsambanXaH,3.1#BkarwA,6.1	1	08	023	mahABArawam	mOsalaparvaH	-
6.1	jIvawaH	-	jIvawaH	jIva{avya;wasil}/jIv1{karwari;lat;pra;xvi;parasmEpaxI;BvAxiH}/jIvaw{puM;2;bahu(jIv1;Sawq_lat;BvAxiH)}/jIvaw{puM;5;eka(jIv1;Sawq_lat;BvAxiH)}/jIvaw{puM;6;eka(jIv1;Sawq_lat;BvAxiH)}/jIvaw{napuM;5;eka(jIv1;Sawq_lat;BvAxiH)}/jIvaw{napuM;6;eka(jIv1;Sawq_lat;BvAxiH)}	jIvaw{puM;6;eka(jIv1;Sawq_lat;BvAxiH)}	viSeRaNam,8.1	viSeRaNam,5.1#RaRTIsambanXaH,12.2#RaRTIsambanXaH,8.1#RaRTIsambanXaH,3.1#BAvalakRaNasapwamI_samAnakAlaH,13.1#BAvalakRaNasapwamI_samAnakAlaH,7.1#hewuH5,13.1#hewuH5,7.1#viSeRaNam,8.1#karma,13.1	1	08	023	mahABArawam	mOsalaparvaH	-
7.1	aBUw	-	aBUw	BU1{karwari;luf;pra;eka;parasmEpaxI;BvAxiH}	BU1{karwari;luf;pra;eka;parasmEpaxI;BvAxiH}	aBihiwa_karwA,3.1;sakarmaka	aBihiwa_karwA,3.1;sakarmaka	1	08	023	mahABArawam	mOsalaparvaH	-
8.1	mahAwmanaH	-	mahAwmanaH	mahAwman{puM;2;bahu}/mahAwman{puM;5;eka}/mahAwman{puM;6;eka}	mahAwman{puM;6;eka}	RaRTIsambanXaH,3.1	RaRTIsambanXaH,12.2#RaRTIsambanXaH,3.1#BkarwA,6.1#hewuH5,13.1#hewuH5,7.1#hewuH5,6.1#karma,13.1	1	08	023	mahABArawam	mOsalaparvaH	-
9.1	wawra	-	wawra	wawra{avya}	wawra{avya}	xeSAXikaraNam,13.1	xeSAXikaraNam,13.1#xeSAXikaraNam,7.1#xeSAXikaraNam,6.1	1	08	023	mahABArawam	mOsalaparvaH	-
1.1	waM	-	waM	wax{sarvanAma;puM;2;eka}	wax{sarvanAma;puM;2;eka}	viSeRaNam,3.1	viSeRaNam,3.1	1	08	024	mahABArawam	mOsalaparvaH	-
10.1	cawasraH	-	cawasraH	cawur{saMKyeyam;swrI;1;bahu}/cawur{saMKyeyam;swrI;2;bahu}	cawur{saMKyeyam;swrI;1;bahu}	viSeRaNam,9.1	viSeRaNam,5.1#viSeRaNam,9.1	1	08	024	mahABArawam	mOsalaparvaH	-
11.1	pawilokagAH	-	pawilokagAH	-	-	karma,8.1	karma,8.1	1	08	024	mahABArawam	mOsalaparvaH	-
12.1	.	-	.	-	-	-	-	1	08	024	mahABArawam	mOsalaparvaH	-
2.1	ciwA-	-	ciwA--	ciwA	ciwA	samAsaH,2.2	samAsaH,2.2	1	08	024	mahABArawam	mOsalaparvaH	-
2.2	agnigawaM	-	--	-	-	viSeRaNam,3.1	viSeRaNam,3.1	1	08	024	mahABArawam	mOsalaparvaH	-
3.1	vIraM	-	vIraM	vIra{puM;2;eka}/vIra{napuM;1;eka}/vIra{napuM;2;eka}	vIra{puM;2;eka}	karma,8.1	viSeRaNam,1.1#karma,8.1	1	08	024	mahABArawam	mOsalaparvaH	-
4.1	SUrapuwraM	-	SUrapuwraM	-	-	viSeRaNam,3.1	viSeRaNam,3.1	1	08	024	mahABArawam	mOsalaparvaH	-
5.1	varAfganAH	-	varAfganAH	varAfganA{swrI;1;bahu}/varAfganA{swrI;2;bahu}	varAfganA{swrI;1;bahu}	karwA,8.1	karwA,8.1	1	08	024	mahABArawam	mOsalaparvaH	-
6.1	wawaH	-	wawaH	wawaH{avya}	wawaH{avya}	kAlAXikaraNam,8.1	kAlAXikaraNam,8.1	1	08	024	mahABArawam	mOsalaparvaH	-
7.1	awaH	-	awaH	awaH{avya}	awaH{avya}	sambanXaH,8.1	sambanXaH,8.1	1	08	024	mahABArawam	mOsalaparvaH	-
8.1	anvAruruhuH	-	anvAruruhuH	-	-	aBihiwa_karwA,5.1	aBihiwa_karwA,5.1	1	08	024	mahABArawam	mOsalaparvaH	-
9.1	pawnyaH	-	pawnyaH	pawnI{swrI;1;bahu}/pawnI{swrI;8;bahu}	pawnI{swrI;1;bahu}	sahArWaH,5.1	sahArWaH,5.1	1	08	024	mahABArawam	mOsalaparvaH	-
1.1	waM	-	waM	wax{sarvanAma;puM;2;eka}	wax{sarvanAma;puM;2;eka}	karma,7.1	viSeRaNam,5.1#karma,8.1#karma,7.1	1	08	025	mahABArawam	mOsalaparvaH	-
10.1	ganXEH	-	ganXEH	ganXa{puM;3;bahu}	ganXa{puM;3;bahu}	viSeRaNam,8.1	viSeRaNam,8.1#sup_samucciwaH,11.1#sup_samucciwaH,8.1#prayojyakarwA,7.1#karwA,5.1#hewuH,8.1#hewuH,7.1#hewuH,5.1	1	08	025	mahABArawam	mOsalaparvaH	-
11.1	uccAvacEH	-	uccAvacEH	uccAvaca{puM;3;bahu}/uccAvaca{napuM;3;bahu}	uccAvaca{puM;3;bahu}	viSeRaNam,8.1	viSeRaNam,8.1#sup_samucciwaH,8.1#prayojyakarwA,7.1#karwA,5.1#karaNam,7.1#hewuH,8.1#hewuH,7.1#hewuH,5.1	1	08	025	mahABArawam	mOsalaparvaH	-
12.1	api	-	api	api{avya}	api{avya}	samuccaya_xyowakaH,11.1	sup_samuccaya_xyowakaH,11.1#sambanXaH,11.1	1	08	025	mahABArawam	mOsalaparvaH	-
13.1	.	-	.	-	-	-	-	1	08	025	mahABArawam	mOsalaparvaH	-
2.1	vE	-	vE	vE{avya}	vE{avya}	sambanXaH,1.1	sambanXaH,1.1	1	08	025	mahABArawam	mOsalaparvaH	-
3.1	cawasqBiH	-	cawasqBiH	cawur{saMKyeyam;swrI;3;bahu}	cawur{saMKyeyam;swrI;3;bahu}	viSeRaNam,4.1	viSeRaNam,4.1#sup_samucciwaH,11.1#sup_samucciwaH,8.1#prayojyakarwA,7.1#karwA,5.1#karaNam,7.1#hewuH,8.1#hewuH,5.1	1	08	025	mahABArawam	mOsalaparvaH	-
4.1	swrIBiH	-	swrIBiH	swrI{swrI;3;bahu}	swrI{swrI;3;bahu}	sahArWaH,1.1	sahArWaH,1.1#sup_samucciwaH,11.1#sup_samucciwaH,8.1#prayojyakarwA,7.1#karwA,5.1#hewuH,8.1#hewuH,7.1#hewuH,5.1	1	08	025	mahABArawam	mOsalaparvaH	-
5.1	anviwaM	-	anviwaM	anu_i1{karwari;lot;ma;xvi;parasmEpaxI;axAxiH}/anviwa{puM;2;eka(anu_i1;kwa;axAxiH)}	anviwa{puM;2;eka(anu_i1;kwa;axAxiH)}	viSeRaNam,1.1	viSeRaNam,1.1#karma,8.1#karma,7.1	1	08	025	mahABArawam	mOsalaparvaH	-
6.1	pANdunanxanaH	-	pANdunanxanaH	-	-	karwA,7.1	karwA,7.1	1	08	025	mahABArawam	mOsalaparvaH	-
7.1	axAhayaw	-	axAhayaw	xah1{Nic;karwari;laf;pra;eka;parasmEpaxI;BvAxiH}	xah1{Nic;karwari;laf;pra;eka;parasmEpaxI;BvAxiH}	aBihiwa_karwA,7.1	aBihiwa_karwA,7.1	1	08	025	mahABArawam	mOsalaparvaH	-
8.1	canxanEH	-	canxanEH	canxana{puM;3;bahu}/canxana{napuM;3;bahu(cax2;lyut;BvAxiH)}	canxana{napuM;3;bahu(cax2;lyut;BvAxiH)}	karaNam,7.1	karaNam,7.1#sup_samucciwaH,11.1#prayojyakarwA,7.1#karwA,5.1#karaNam,7.1#hewuH,7.1#hewuH,5.1	1	08	025	mahABArawam	mOsalaparvaH	-
9.1	ca	-	ca	ca{avya}	ca{avya}	samuccaya_xyowakaH,8.1	sup_samuccaya_xyowakaH,8.1#sambanXaH,8.1	1	08	025	mahABArawam	mOsalaparvaH	-
1.1	wawaH	-	wawaH	wawaH{avya}	wawaH{avya}	sambanXaH,2.2	sambanXaH,2.2#kArya_xyowakaH,2.2	1	08	026	mahABArawam	mOsalaparvaH	-
10.1	ruxawAm	-	ruxawAm	ruxaw{puM;6;bahu(rux1;Sawq_lat;axAxiH)}/ruxaw{napuM;6;bahu(rux1;Sawq_lat;axAxiH)}	ruxaw{puM;6;bahu(rux1;Sawq_lat;axAxiH)}	viSeRaNam,9.1	RaRTIsambanXaH,9.1#RaRTIsambanXaH,8.1#RaRTIsambanXaH,5.1#RaRTIsambanXaH,4.1#RaRTIsambanXaH,3.1#BAvalakRaNasapwamI_samAnakAlaH,2.2#viSeRaNam,9.1	1	08	026	mahABArawam	mOsalaparvaH	-
11.1	api	-	api	api{avya}	api{avya}	sambanXaH,8.1	sambanXaH,8.1#sup_samuccaya_xyowakaH,10.1#sambanXaH,10.1	1	08	026	mahABArawam	mOsalaparvaH	-
12.1	.	-	.	-	-	-	-	1	08	026	mahABArawam	mOsalaparvaH	-
2.1	prAxuH-	-	prAxuH-BU1	prAxuH	prAxuH	samAsaH,2.2	samAsaH,2.2	1	08	026	mahABArawam	mOsalaparvaH	-
2.2	aBUw	-	--	BU1{karwari;luf;pra;eka;parasmEpaxI;BvAxiH}	BU1{karwari;luf;pra;eka;parasmEpaxI;BvAxiH}	aBihiwa_karwA,8.1	aBihiwa_karwA,8.1	1	08	026	mahABArawam	mOsalaparvaH	-
3.1	SabxaH	-	SabxaH	Sabxa{puM;1;eka}	Sabxa{puM;1;eka}	samucciwaH,10.1	karwA_be_verbs,2.2#samucciwaH,10.1	1	08	026	mahABArawam	mOsalaparvaH	-
4.1	samixXasya	-	samixXasya	samixXa{puM;6;eka}/samixXa{napuM;6;eka}	samixXa{puM;6;eka}	RaRTIsambanXaH,5.1	sup_samucciwaH,10.1#RaRTIsambanXaH,9.1#RaRTIsambanXaH,8.1#RaRTIsambanXaH,5.1#RaRTIsambanXaH,3.1#BkarwA,10.1#viSeRaNam,5.1	1	08	026	mahABArawam	mOsalaparvaH	-
5.1	viBAvasoH	-	viBAvasoH	viBAvasu{puM;5;eka}/viBAvasu{puM;6;eka}	viBAvasu{puM;6;eka}	RaRTIsambanXaH,3.1	RaRTIsambanXaH,3.1#sup_samucciwaH,10.1#RaRTIsambanXaH,9.1#RaRTIsambanXaH,8.1#RaRTIsambanXaH,4.1#RaRTIsambanXaH,3.1#BkarwA,10.1#hewuH5,10.1#hewuH5,2.2	1	08	026	mahABArawam	mOsalaparvaH	-
6.1	sAmaganAM	-	sAmaganAM	-	-	RaRTIsambanXaH,8.1	RaRTIsambanXaH,8.1	1	08	026	mahABArawam	mOsalaparvaH	-
7.1	ca	-	ca	ca{avya}	ca{avya}	samuccaya_xyowakaH,3.1	samuccaya_xyowakaH,3.1	1	08	026	mahABArawam	mOsalaparvaH	-
8.1	nirGoRaH	-	nirGoRaH	nirGoRa{puM;1;eka}	nirGoRa{puM;1;eka}	karwA,2.2	karwA,2.2	1	08	026	mahABArawam	mOsalaparvaH	-
9.1	narANAM	-	narANAM	nara{puM;6;bahu}	nara{puM;6;bahu}	RaRTIsambanXaH,8.1	sup_samucciwaH,10.1#RaRTIsambanXaH,8.1#RaRTIsambanXaH,5.1#RaRTIsambanXaH,4.1#RaRTIsambanXaH,3.1#BkarwA,10.1	1	08	026	mahABArawam	mOsalaparvaH	-
1.1	wawaH	-	wawaH	wawaH{avya}	wawaH{avya}	sambanXaH,8.1	sambanXaH,8.1#kArya_xyowakaH,8.1	1	08	027	mahABArawam	mOsalaparvaH	-
10.1	ca	-	ca	ca{avya}	ca{avya}	samuccaya_xyowakaH,9.1	sup_samuccaya_xyowakaH,9.1#sambanXaH,9.1	1	08	027	mahABArawam	mOsalaparvaH	-
11.1	eva	-	eva	eva{avya}	eva{avya}	sambanXaH,10.1	sambanXaH,10.1	1	08	027	mahABArawam	mOsalaparvaH	-
12.1	mahAwmanaH	-	mahAwmanaH	mahAwman{puM;2;bahu}/mahAwman{puM;5;eka}/mahAwman{puM;6;eka}	mahAwman{puM;2;bahu}	karma,8.1	viSeRaNam,3.1#RaRTIsambanXaH,9.1#RaRTIsambanXaH,7.1#RaRTIsambanXaH,4.2#hewuH5,8.1#karma,8.1	1	08	027	mahABArawam	mOsalaparvaH	-
13.1	.	-	.	-	-	-	-	1	08	027	mahABArawam	mOsalaparvaH	-
2.1	vajrapraXAnAH	-	vajrapraXAnAH	-	-	viSeRaNam,4.2	viSeRaNam,4.2	1	08	027	mahABArawam	mOsalaparvaH	-
3.1	we	-	we	wax{sarvanAma;puM;1;bahu}/wax{sarvanAma;napuM;1;xvi}/wax{sarvanAma;napuM;2;xvi}/wax{sarvanAma;swrI;1;xvi}/wax{sarvanAma;swrI;2;xvi}/yuRmax{sarvanAma;6;eka}/yuRmax{sarvanAma;4;eka}	wax{sarvanAma;puM;1;bahu}	samucciwaH,9.1	prayojanam1,8.1#RaRTIsambanXaH,12.1#RaRTIsambanXaH,9.1#RaRTIsambanXaH,7.1#RaRTIsambanXaH,4.2#viSeRaNam,5.1#sup_samucciwaH,9.1#karma,8.1#karwA,8.1	1	08	027	mahABArawam	mOsalaparvaH	-
4.1	vqRNivIra-	-	vqRNivIra-kumAraka	vqRNivIra	vqRNivIra	wa_pu_6,4.2	wa_pu_6,4.2	1	08	027	mahABArawam	mOsalaparvaH	-
4.2	kumArakAH	-	--	kumAraka{puM;8;bahu}/kumArakA{swrI;8;bahu}/kumArakA{swrI;1;bahu}/kumArakA{swrI;2;bahu}	kumArakA{swrI;1;bahu}	samucciwaH,9.1	viSeRaNam,9.1#sup_samucciwaH,9.1#karma,8.1#karwA,8.1	1	08	027	mahABArawam	mOsalaparvaH	-
5.1	sarve	-	sarve	sarva{sarvanAma;puM;1;bahu}/sarva{sarvanAma;napuM;1;xvi}/sarva{sarvanAma;napuM;2;xvi}/sarvA{sarvanAma;swrI;1;xvi}/sarvA{sarvanAma;swrI;2;xvi}	sarva{sarvanAma;puM;1;bahu}	viSeRaNam,3.1	viSeRaNam,3.1#sup_samucciwaH,9.1#karma,8.1#karwA,8.1	1	08	027	mahABArawam	mOsalaparvaH	-
6.1	eva	-	eva	eva{avya}	eva{avya}	sambanXaH,5.1	sambanXaH,5.1	1	08	027	mahABArawam	mOsalaparvaH	-
7.1	uxakaM	-	uxakaM	uxaka{napuM;1;eka}/uxaka{napuM;2;eka}	uxaka{napuM;1;eka}	gONakarma,8.1	sup_samucciwaH,9.1#karma,8.1#gONakarma,8.1	1	08	027	mahABArawam	mOsalaparvaH	-
8.1	cakruH	-	cakruH	kq2{karwari;lit;pra;bahu;parasmEpaxI;svAxiH}/kq3{karwari;lit;pra;bahu;parasmEpaxI;wanAxiH}	kq2{karwari;lit;pra;bahu;parasmEpaxI;svAxiH}	aBihiwa_karwA,9.1;sakarmaka	aBihiwa_karwA,9.1;sakarmaka	1	08	027	mahABArawam	mOsalaparvaH	-
9.1	swriyaH	-	swriyaH	swrI{swrI;1;bahu}/swrI{swrI;2;bahu}/swrI{swrI;8;bahu}	swrI{swrI;1;bahu}	karwA,8.1	karma,8.1#karwA,8.1	1	08	027	mahABArawam	mOsalaparvaH	-
1.1	alupwaXarmaH	-	alupwaXarmaH	-	-	viSeRaNam,5.1	viSeRaNam,5.1	1	08	028	mahABArawam	mOsalaparvaH	-
10.1	vinaRtAH	-	vinaRtAH	vinaRta{puM;1;bahu}/vinaRtA{swrI;1;bahu}/vinaRtA{swrI;2;bahu}/vinaRta{puM;8;bahu}	vinaRta{puM;1;bahu}	karwA,10.2	karma,7.1#karma,4.1	1	08	028	mahABArawam	mOsalaparvaH	-
10.2	(Asan)	-	-	-	-	aBihiwa_karwA,10.1	aBihiwa_karwA,10.1	1	08	028	mahABArawam	mOsalaparvaH	-
11.1	BarawarRaBa	-	BarawarRaBa	BarawarRaBa{puM;8;eka}	BarawarRaBa{puM;8;eka}	samboXyaH,7.1	samboXyaH,7.1	1	08	028	mahABArawam	mOsalaparvaH	-
11.2	(wawra)	-	-	-	-	xeSAXikaraNam,7.1	xeSAXikaraNam,7.1	1	08	028	mahABArawam	mOsalaparvaH	-
12.1	.	-	.	-	-	-	-	1	08	028	mahABArawam	mOsalaparvaH	-
2.1	waM	-	waM	wax{sarvanAma;puM;2;eka}	wax{sarvanAma;puM;2;eka}	viSeRaNam,3.1	viSeRaNam,3.1	1	08	028	mahABArawam	mOsalaparvaH	-
3.1	XarmaM	-	XarmaM	Xarma{puM;2;eka}	Xarma{puM;2;eka}	karma,4.1	karmasamAnAXikaraNam,2.1#karma,7.1#karma,4.1	1	08	028	mahABArawam	mOsalaparvaH	-
4.1	kArayiwvA	-	kArayiwvA	kq1{avya;Nic;kwvA;wanAxiH}	kq1{avya;Nic;kwvA;wanAxiH}	pUrvakAlaH,7.1	pUrvakAlaH,7.1	1	08	028	mahABArawam	mOsalaparvaH	-
5.1	sa	-	sa	-	-	karwA,7.1;karwA,5.1	karwA,7.1;karwA,5.1	1	08	028	mahABArawam	mOsalaparvaH	-
6.1	PalgunaH	-	PalgunaH	Palguna{puM;1;eka}	Palguna{puM;1;eka}	viSeRaNam,5.1	karwA,7.1#viSeRaNam,5.1	1	08	028	mahABArawam	mOsalaparvaH	-
7.1	jagAma	-	jagAma	gam1{karwari;lit;pra;eka;parasmEpaxI;BvAxiH}/gam1{karwari;lit;u;eka;parasmEpaxI;BvAxiH}	gam1{karwari;lit;pra;eka;parasmEpaxI;BvAxiH}	aBihiwa_karwA,5.1;sakarmaka	aBihiwa_karwA,5.1;sakarmaka	1	08	028	mahABArawam	mOsalaparvaH	-
8.1	vqRNayo	-	vqRNayo	-	-	RaRTIsambanXaH,10.1	RaRTIsambanXaH,10.1	1	08	028	mahABArawam	mOsalaparvaH	-
9.1	yawra	-	yawra	yawra{avya}	yawra{avya}	xeSAXikaraNam,10.2;niwyasambanXaH,11.2	xeSAXikaraNam,10.2;niwyasambanXaH,11.2	1	08	028	mahABArawam	mOsalaparvaH	-
1.1	saH	-	saH	wax{sarvanAma;puM;1;eka}	wax{sarvanAma;puM;1;eka}	viSeRaNam,9.1	viSeRaNam,9.1#viSeRaNam,6.1#karwA_be_verbs,7.1	1	08	029	mahABArawam	mOsalaparvaH	-
10.1	prApwakAlaM	-	prApwakAlaM	prApwakAla{puM;2;eka}/prApwakAla{napuM;1;eka}/prApwakAla{napuM;2;eka}	prApwakAla{puM;2;eka}	karma,11.1	karma,11.1#karma,3.1#viXeya_viSeRaNam,1.1#karwA_be_verbs,7.1#karwA,11.1	1	08	029	mahABArawam	mOsalaparvaH	-
11.1	cakAra	-	cakAra	kq2{karwari;lit;pra;eka;parasmEpaxI;svAxiH}/kq2{karwari;lit;u;eka;parasmEpaxI;svAxiH}/kq3{karwari;lit;pra;eka;parasmEpaxI;wanAxiH}/kq3{karwari;lit;u;eka;parasmEpaxI;wanAxiH}/kQ1{karwari;lit;pra;eka;parasmEpaxI;wuxAxiH}/kQ1{karwari;lit;u;eka;parasmEpaxI;wuxAxiH}	kq2{karwari;lit;pra;eka;parasmEpaxI;svAxiH}	aBihiwa_karwA,9.1;sakarmaka	aBihiwa_karwA,9.1;sakarmaka	1	08	029	mahABArawam	mOsalaparvaH	-
12.1	ca	-	ca	ca{avya}	ca{avya}	samuccaya_xyowakaH,7.1	samuccaya_xyowakaH,11.1#samuccaya_xyowakaH,7.1#sambanXaH,11.1	1	08	029	mahABArawam	mOsalaparvaH	-
13.1	.	-	.	-	-	-	-	1	08	029	mahABArawam	mOsalaparvaH	-
2.1	wAn	-	wAn	wax{sarvanAma;puM;2;bahu}	wax{sarvanAma;puM;2;bahu}	karma,3.1	karma,3.1	1	08	029	mahABArawam	mOsalaparvaH	-
3.1	xqRtvA	-	xqRtvA	xqS1{avya;kwvA;BvAxiH}	xqS1{avya;kwvA;BvAxiH}	pUrvakAlaH,7.1	pUrvakAlaH,11.1#pUrvakAlaH,7.1	1	08	029	mahABArawam	mOsalaparvaH	-
4.1	nipawiwAn	-	nipawiwAn	-	-	viSeRaNam,2.1	viSeRaNam,2.1	1	08	029	mahABArawam	mOsalaparvaH	-
5.1	kaxane	-	kaxane	kaxana{napuM;1;xvi}/kaxana{napuM;2;xvi}/kaxana{napuM;8;xvi}/kaxana{napuM;7;eka}	kaxana{napuM;7;eka}	aXikaraNam,3.1	aXikaraNam,11.1#aXikaraNam,7.1#aXikaraNam,3.1#karma,11.1#karma,3.1	1	08	029	mahABArawam	mOsalaparvaH	-
6.1	BqSaxuHKiwaH	-	BqSaxuHKiwaH	BqSaxuHKiwa{puM;1;eka}	BqSaxuHKiwa{puM;1;eka}	viXeya_viSeRaNam,9.1	viXeya_viSeRaNam,1.1#karwA_be_verbs,7.1#karwA,11.1#viXeya_viSeRaNam,9.1	1	08	029	mahABArawam	mOsalaparvaH	-
7.1	baBUva	-	baBUva	BU1{karwari;lit;pra;eka;parasmEpaxI;BvAxiH}/BU1{karwari;lit;ma;bahu;parasmEpaxI;BvAxiH}/BU1{karwari;lit;u;eka;parasmEpaxI;BvAxiH}	BU1{karwari;lit;pra;eka;parasmEpaxI;BvAxiH}	aBihiwa_karwA,9.1;sakarmaka	aBihiwa_karwA,9.1;sakarmaka	1	08	029	mahABArawam	mOsalaparvaH	-
8.1	awIva	-	awIva	awIva{avya}	awIva{avya}	wIvrawAxarSI,6.1	viSeRaNam,10.1#viSeRaNam,9.1#wIvrawAxarSI,6.1	1	08	029	mahABArawam	mOsalaparvaH	-
9.1	kOravyaH	-	kOravyaH	kOravya{puM;1;eka}	kOravya{puM;1;eka}	karwA,7.1;karwA,11.1	karwA,7.1;karwA,11.1	1	08	029	mahABArawam	mOsalaparvaH	-
1.1	yaWA-	-	yaWA-praXAna	yaWA	yaWA	samAsaH,1.2	samAsaH,1.2	1	08	030	mahABArawam	mOsalaparvaH	-
1.2	praXAnawaH	-	--	praXAna{avya;wasil}	praXAna{avya;wasil}	viXeyaviSeRaNam,6.1	hewuH5,9.1#hewuH5,6.1#hewuH5,4.1#viXeyaviSeRaNam,6.1	1	08	030	mahABArawam	mOsalaparvaH	-
10.1	brahma-	-	brahma-SApa	brahma}/brahman	brahma	samAsaH,10.2	samAsaH,10.2	1	08	030	mahABArawam	mOsalaparvaH	-
10.2	SApena	-	--	SApa{puM;3;eka}/SApa{napuM;3;eka}	SApa{puM;3;eka}	hewuH,9.1	karwA,9.1#karwA,4.1#karaNam,9.1#karaNam,6.1#karaNam,4.1#hewuH,9.1#hewuH,6.1#hewuH,4.1	1	08	030	mahABArawam	mOsalaparvaH	-
11.1	musalEH	-	musalEH	musala{puM;3;bahu}	musala{puM;3;bahu}	karaNam,9.1	karwA,9.1#karwA,4.1#karaNam,9.1#karaNam,6.1#karaNam,4.1#hewuH,9.1#hewuH,6.1#hewuH,4.1	1	08	030	mahABArawam	mOsalaparvaH	-
12.1	ekoxBavEH	-	ekoxBavEH	-	-	viSeRaNam,11.1	viSeRaNam,11.1	1	08	030	mahABArawam	mOsalaparvaH	-
13.1	.	-	.	-	-	-	-	1	08	030	mahABArawam	mOsalaparvaH	-
2.1	ca	-	ca	ca{avya}	ca{avya}	sambanXaH,1.2	sambanXaH,1.2	1	08	030	mahABArawam	mOsalaparvaH	-
3.1	eva	-	eva	eva{avya}	eva{avya}	sambanXaH,2.1	sambanXaH,2.1	1	08	030	mahABArawam	mOsalaparvaH	-
4.1	cakre	-	cakre	kq2{karwari;lit;pra;eka;AwmanepaxI;svAxiH}/kq2{karwari;lit;u;eka;AwmanepaxI;svAxiH}/kq2{karmaNi;lit;pra;eka;AwmanepaxI;svAxiH}/kq2{karmaNi;lit;u;eka;AwmanepaxI;svAxiH}/kq3{karwari;lit;pra;eka;AwmanepaxI;wanAxiH}/kq3{karwari;lit;u;eka;AwmanepaxI;wanAxiH}/kq3{karmaNi;lit;pra;eka;AwmanepaxI;wanAxiH}/kq3{karmaNi;lit;u;eka;AwmanepaxI;wanAxiH}/cakra{puM;7;eka}/cakra{napuM;7;eka}	kq2{karwari;lit;pra;eka;AwmanepaxI;svAxiH}	aBihiwa_karwA,5.2	aXikaraNam,9.1#aXikaraNam,6.1#aBihiwa_karwA,5.2	1	08	030	mahABArawam	mOsalaparvaH	-
5.1	sarvAH	-	sarvAH	sarvA{sarvanAma;swrI;1;bahu}/sarvA{sarvanAma;swrI;2;bahu}	sarvA{sarvanAma;swrI;2;bahu}	viSeRaNam,6.1	viSeRaNam,9.1#viSeRaNam,6.1#karma,9.1#karma,6.1#karma,4.1	1	08	030	mahABArawam	mOsalaparvaH	-
5.2	(kurunanxanaH)	-	-	-	-	karwA,4.1	karwA,4.1	1	08	030	mahABArawam	mOsalaparvaH	-
6.1	kriyAH	-	kriyAH	kq2{karwari;ASIrlif;ma;eka;parasmEpaxI;svAxiH}/kq3{karwari;ASIrlif;ma;eka;parasmEpaxI;wanAxiH}/kriyA{swrI;1;bahu}/kriyA{swrI;2;bahu}/kriyA{swrI;8;bahu}	kriyA{swrI;2;bahu}	karma,4.1	karma,9.1#karma,4.1	1	08	030	mahABArawam	mOsalaparvaH	-
7.1	waxA	-	waxA	waxA{avya}	waxA{avya}	kAlAXikaraNam,4.1	kAlAXikaraNam,6.1#kAlAXikaraNam,4.1	1	08	030	mahABArawam	mOsalaparvaH	-
8.1	ye	-	ye	yax{sarvanAma;puM;1;bahu}/yax{sarvanAma;napuM;1;xvi}/yax{sarvanAma;napuM;2;xvi}/yax{sarvanAma;swrI;1;xvi}/yax{sarvanAma;swrI;2;xvi}	yax{sarvanAma;puM;1;bahu}	viSeRaNam,9.1	karma,9.1#karma,6.1#karma,4.1#viSeRaNam,9.1	1	08	030	mahABArawam	mOsalaparvaH	-
9.1	hawAH	-	hawAH	han{wal;swrI;1;bahu}/han{wal;swrI;2;bahu}/hawa{puM;1;bahu(han1;kwa;axAxiH)}/hawA{swrI;1;bahu(han1;kwa;axAxiH)}/hawA{swrI;2;bahu(han1;kwa;axAxiH)}	hawa{puM;1;bahu(han1;kwa;axAxiH)}	viSeRaNam,6.1	viSeRaNam,6.1#viSeRaNam,5.1#karma,6.1#karma,4.1#viSeRaNam,8.1	1	08	030	mahABArawam	mOsalaparvaH	-
1.1	wawaH	-	wawaH	wawaH{avya}	wawaH{avya}	sambanXaH,8.1	sambanXaH,8.1#sambanXaH,7.1#kArya_xyowakaH,8.1#kArya_xyowakaH,7.1#sambanXaH,8.1	1	08	031	mahABArawam	mOsalaparvaH	-
10.1	ApwakAriBiH	-	ApwakAriBiH	-	-	viSeRaNam,9.1	viSeRaNam,9.1	1	08	031	mahABArawam	mOsalaparvaH	-
11.1	.	-	.	-	-	-	-	1	08	031	mahABArawam	mOsalaparvaH	-
2.1	SarIre	-	SarIre	SarIra{napuM;1;xvi}/SarIra{napuM;2;xvi}/SarIra{napuM;8;xvi}/SarIra{napuM;7;eka}	SarIra{napuM;2;xvi}	karma,8.1	aXikaraNam,8.1#aXikaraNam,7.1#karma,8.1#karma,7.1	1	08	031	mahABArawam	mOsalaparvaH	-
3.1	rAmasya	-	rAmasya	rAma{puM;6;eka}	rAma{puM;6;eka}	RaRTIsambanXaH,2.1	viSeRaNam,4.1#sup_samucciwaH,4.1#RaRTIsambanXaH,9.1#RaRTIsambanXaH,4.1#RaRTIsambanXaH,2.1	1	08	031	mahABArawam	mOsalaparvaH	-
4.1	vAsuxevasya	-	vAsuxevasya	vAsuxeva{puM;6;eka}	vAsuxeva{puM;6;eka}	RaRTIsambanXaH,2.1	viSeRaNam,3.1#RaRTIsambanXaH,9.1#RaRTIsambanXaH,3.1#RaRTIsambanXaH,2.1	1	08	031	mahABArawam	mOsalaparvaH	-
5.1	ca	-	ca	ca{avya}	ca{avya}	sambanXaH,4.1	sup_samuccaya_xyowakaH,4.1#sambanXaH,4.1	1	08	031	mahABArawam	mOsalaparvaH	-
6.1	uBayoH	-	uBayoH	uBA{sarvanAma;swrI;6;xvi}/uBa{sarvanAma;puM;6;xvi}/uBa{sarvanAma;napuM;6;xvi}/uBA{sarvanAma;swrI;7;xvi}/uBa{sarvanAma;puM;7;xvi}/uBa{sarvanAma;napuM;7;xvi}	uBa{sarvanAma;puM;7;xvi}	aXikaraNam,7.1	aXikaraNam,8.1#aXikaraNam,7.1#RaRTIsambanXaH,9.1#RaRTIsambanXaH,4.1#RaRTIsambanXaH,3.1#RaRTIsambanXaH,2.1#aXikaraNam,7.1	1	08	031	mahABArawam	mOsalaparvaH	-
7.1	anviRya	-	anviRya	anu_iR1{karwari;lot;ma;eka;parasmEpaxI;xivAxiH}/anu_iR2{avya{lyap;wuxAxiH}/anu_iR4{avya{lyap;kryAxiH}/anu_iR1{avya{lyap;xivAxiH}	anu_iR2{avya;lyap;wuxAxiH}	pUrvakAlaH,8.1	pUrvakAlaH,8.1	1	08	031	mahABArawam	mOsalaparvaH	-
8.1	xAhayAmAsa	-	xAhayAmAsa	xah1{Nic;karwari;lit;pra;eka;parasmEpaxI;BvAxiH}/xah1{Nic;karwari;lit;pra;eka;AwmanepaxI;BvAxiH}/xah1{Nic;karwari;lit;ma;bahu;parasmEpaxI;BvAxiH}/xah1{Nic;karwari;lit;ma;bahu;AwmanepaxI;BvAxiH}/xah1{Nic;karwari;lit;u;eka;parasmEpaxI;BvAxiH}/xah1{Nic;karwari;lit;u;eka;AwmanepaxI;BvAxiH}	xah1{Nic;karwari;lit;pra;eka;parasmEpaxI;BvAxiH}	aBihiwa_karwA,0	aBihiwa_karwA,0	1	08	031	mahABArawam	mOsalaparvaH	-
9.1	puruREH	-	puruREH	puruRa{puM;3;bahu}	puruRa{puM;3;bahu}	hewuH,8.1	prayojyakarwA,8.1#hewuH,8.1#hewuH,7.1	1	08	031	mahABArawam	mOsalaparvaH	-
1.1	sa	-	sa	-	-	viSeRaNam,6.1	viSeRaNam,6.1	1	08	032	mahABArawam	mOsalaparvaH	-
10.1	raWam	-	raWam	raWa{puM;2;eka}	raWa{puM;2;eka}	karma,11.1	karma,11.1#karma,4.1	1	08	032	mahABArawam	mOsalaparvaH	-
11.1	Aruhya	-	Aruhya	Af_ruh1{avya;lyap;BvAxiH}	Af_ruh1{avya;lyap;BvAxiH}	pUrvakAlaH,9.1	pUrvakAlaH,9.1	1	08	032	mahABArawam	mOsalaparvaH	-
12.1	sawvaraH	-	sawvaraH	sawvara{puM;1;eka}	sawvara{puM;1;eka}	viXeyaviSeRaNam,6.1	viXeyaviSeRaNam,6.1	1	08	032	mahABArawam	mOsalaparvaH	-
13.1	aSvayukwEH	-	aSvayukwEH	-	-	samucciwaH,17.3	samucciwaH,17.3	1	08	032	mahABArawam	mOsalaparvaH	-
14.1	raWEH	-	raWEH	raWa{puM;3;bahu}	raWa{puM;3;bahu}	samucciwaH,17.3	sup_samucciwaH,17.3#karwA,17.3#karaNam,4.1#hewuH,17.3#hewuH,11.1#hewuH,4.1#samucciwaH,17.3	1	08	032	mahABArawam	mOsalaparvaH	-
15.1	ca	-	ca	ca{avya}	ca{avya}	sambanXaH,14.1	sambanXaH,14.1	1	08	032	mahABArawam	mOsalaparvaH	-
16.1	api	-	api	api{avya}	api{avya}	sambanXaH,15.1	sup_samuccaya_xyowakaH,15.1#sambanXaH,15.1	1	08	032	mahABArawam	mOsalaparvaH	-
17.1	go-	-	go--KaroRtra-yuwa	go	go	samAsaH,17.3	samAsaH,17.3	1	08	032	mahABArawam	mOsalaparvaH	-
17.2	KaroRtra-	-	--	-KaroRtra	-KaroRtra	samAsaH,17.3	samAsaH,17.3	1	08	032	mahABArawam	mOsalaparvaH	-
17.3	yuwEH	-	--	yuwa{puM;3;bahu(yu1;kwa;axAxiH)}/yuwa{napuM;3;bahu(yu1;kwa;axAxiH)}/yuwa{puM;3;bahu(yu2;kwa;kryAxiH)}/yuwa{napuM;3;bahu(yu2;kwa;kryAxiH)}	yuwa{puM;3;bahu(yu1;kwa;axAxiH)}	sahArWaH,9.1	sahArWaH,9.1	1	08	032	mahABArawam	mOsalaparvaH	-
18.1	api	-	api	api{avya}	api{avya}	sambanXaH,17.3	sambanXaH,17.3	1	08	032	mahABArawam	mOsalaparvaH	-
19.1	.	-	.	-	-	-	-	1	08	032	mahABArawam	mOsalaparvaH	-
2.1	weRAM	-	weRAM	wax{sarvanAma;puM;6;bahu}/wax{sarvanAma;napuM;6;bahu}	wax{sarvanAma;puM;6;bahu}	RaRTIsambanXaH,5.1	RaRTIsambanXaH,5.1#RaRTIsambanXaH,14.1#RaRTIsambanXaH,12.1#RaRTIsambanXaH,10.1#RaRTIsambanXaH,8.1#RaRTIsambanXaH,7.1#RaRTIsambanXaH,6.1	1	08	032	mahABArawam	mOsalaparvaH	-
3.1	viXivaw	-	viXivaw	viXi{avya;vaw}	viXi{avya;vaw}	kriyAviSeRaNam,4.1	kriyAviSeRaNam,17.3#kriyAviSeRaNam,11.1#kriyAviSeRaNam,4.1	1	08	032	mahABArawam	mOsalaparvaH	-
4.1	kqwvA	-	kqwvA	kq2{avya;kwvA;svAxiH}/kq3{avya;kwvA;wanAxiH}	kq2{avya;kwvA;svAxiH}	pUrvakAlaH,9.1	pUrvakAlaH,9.1	1	08	032	mahABArawam	mOsalaparvaH	-
5.1	prewakAryANi	-	prewakAryANi	-	-	karma,4.1	karma,4.1	1	08	032	mahABArawam	mOsalaparvaH	-
6.1	pANdavaH	-	pANdavaH	pANdu{puM;1;bahu}/pANdu{swrI;1;bahu}/pANdava{puM;1;eka}/pANdu{puM;8;bahu}/pANdu{swrI;8;bahu}	pANdu{puM;1;bahu}	karwA,9.1	karwA,9.1	1	08	032	mahABArawam	mOsalaparvaH	-
7.1	sapwame	-	sapwame	sapwama{napuM;1;xvi}/sapwama{napuM;2;xvi}/sapwama{napuM;8;xvi}/sapwama{puM;7;eka}/sapwama{napuM;7;eka}/sapwama{puM;7;eka}/sapwama{napuM;7;eka}	sapwama{napuM;1;xvi}	viSeRaNam,8.1	viSeRaNam,8.1#aXikaraNam,17.3#aXikaraNam,11.1#aXikaraNam,4.1#viSeRaNam,8.1#karma,11.1#karma,4.1	1	08	032	mahABArawam	mOsalaparvaH	-
8.1	xivase	-	xivase	xivasa{puM;7;eka}	xivasa{puM;7;eka}	kAlAXikaraNam,9.1	aXikaraNam,17.3#aXikaraNam,11.1#aXikaraNam,4.1#kAlAXikaraNam,9.1	1	08	032	mahABArawam	mOsalaparvaH	-
9.1	prAyAx	-	prAyAx	-	-	aBihiwa_karwA,6.1	aBihiwa_karwA,6.1	1	08	032	mahABArawam	mOsalaparvaH	-
1.1	sa	-	sa	-	-	viSeRaNam,6.1	viSeRaNam,6.1	2	08	032	mahABArawam	mOsalaparvaH	-
10.1	raWam	-	raWam	raWa{puM;2;eka}	raWa{puM;2;eka}	karma,11.1	karma,11.1#karma,4.1	2	08	032	mahABArawam	mOsalaparvaH	-
11.1	Aruhya	-	Aruhya	Af_ruh1{avya;lyap;BvAxiH}	Af_ruh1{avya;lyap;BvAxiH}	pUrvakAlaH,9.1	pUrvakAlaH,9.1	2	08	032	mahABArawam	mOsalaparvaH	-
12.1	sawvaraH	-	sawvaraH	sawvara{puM;1;eka}	sawvara{puM;1;eka}	viXeyaviSeRaNam,6.1	viXeyaviSeRaNam,6.1	2	08	032	mahABArawam	mOsalaparvaH	-
13.1	aSvayukwEH	-	aSvayukwEH	-	-	samucciwaH,17.3	samucciwaH,17.3	2	08	032	mahABArawam	mOsalaparvaH	-
14.1	raWEH	-	raWEH	raWa{puM;3;bahu}	raWa{puM;3;bahu}	samucciwaH,17.3	sup_samucciwaH,17.3#karwA,17.3#karaNam,4.1#hewuH,17.3#hewuH,11.1#hewuH,4.1#samucciwaH,17.3	2	08	032	mahABArawam	mOsalaparvaH	-
15.1	ca	-	ca	ca{avya}	ca{avya}	sambanXaH,14.1	sambanXaH,14.1	2	08	032	mahABArawam	mOsalaparvaH	-
16.1	api	-	api	api{avya}	api{avya}	sambanXaH,15.1	sup_samuccaya_xyowakaH,15.1#sambanXaH,15.1	2	08	032	mahABArawam	mOsalaparvaH	-
17.1	go-	-	go--KaroRtra-yuwa	go	go	samAsaH,17.3	samAsaH,17.3	2	08	032	mahABArawam	mOsalaparvaH	-
17.2	KaroRtra-	-	--	-KaroRtra	-KaroRtra	samAsaH,17.3	samAsaH,17.3	2	08	032	mahABArawam	mOsalaparvaH	-
17.3	yuwEH	-	--	yuwa{puM;3;bahu(yu1;kwa;axAxiH)}/yuwa{napuM;3;bahu(yu1;kwa;axAxiH)}/yuwa{puM;3;bahu(yu2;kwa;kryAxiH)}/yuwa{napuM;3;bahu(yu2;kwa;kryAxiH)}	yuwa{puM;3;bahu(yu1;kwa;axAxiH)}	sahArWaH,9.1	sahArWaH,9.1	2	08	032	mahABArawam	mOsalaparvaH	-
18.1	api	-	api	api{avya}	api{avya}	sambanXaH,17.3	sambanXaH,17.3	2	08	032	mahABArawam	mOsalaparvaH	-
19.1	.	-	.	-	-	-	-	2	08	032	mahABArawam	mOsalaparvaH	-
2.1	weRAM	-	weRAM	wax{sarvanAma;puM;6;bahu}/wax{sarvanAma;napuM;6;bahu}	wax{sarvanAma;puM;6;bahu}	RaRTIsambanXaH,5.1	RaRTIsambanXaH,5.1#RaRTIsambanXaH,14.1#RaRTIsambanXaH,12.1#RaRTIsambanXaH,10.1#RaRTIsambanXaH,8.1#RaRTIsambanXaH,7.1#RaRTIsambanXaH,6.1	2	08	032	mahABArawam	mOsalaparvaH	-
3.1	viXivaw	-	viXivaw	viXi{avya;vaw}	viXi{avya;vaw}	kriyAviSeRaNam,4.1	kriyAviSeRaNam,17.3#kriyAviSeRaNam,11.1#kriyAviSeRaNam,4.1	2	08	032	mahABArawam	mOsalaparvaH	-
4.1	kqwvA	-	kqwvA	kq2{avya;kwvA;svAxiH}/kq3{avya;kwvA;wanAxiH}	kq2{avya;kwvA;svAxiH}	pUrvakAlaH,9.1	pUrvakAlaH,9.1	2	08	032	mahABArawam	mOsalaparvaH	-
5.1	prewakAryANi	-	prewakAryANi	-	-	karma,4.1	karma,4.1	2	08	032	mahABArawam	mOsalaparvaH	-
6.1	pANdavaH	-	pANdavaH	pANdu{puM;1;bahu}/pANdu{swrI;1;bahu}/pANdava{puM;1;eka}/pANdu{puM;8;bahu}/pANdu{swrI;8;bahu}	pANdu{puM;1;bahu}	karwA,9.1	karwA,9.1	2	08	032	mahABArawam	mOsalaparvaH	-
7.1	sapwame	-	sapwame	sapwama{napuM;1;xvi}/sapwama{napuM;2;xvi}/sapwama{napuM;8;xvi}/sapwama{puM;7;eka}/sapwama{napuM;7;eka}/sapwama{puM;7;eka}/sapwama{napuM;7;eka}	sapwama{napuM;1;xvi}	viSeRaNam,8.1	viSeRaNam,8.1#aXikaraNam,17.3#aXikaraNam,11.1#aXikaraNam,4.1#viSeRaNam,8.1#karma,11.1#karma,4.1	2	08	032	mahABArawam	mOsalaparvaH	-
8.1	xivase	-	xivase	xivasa{puM;7;eka}	xivasa{puM;7;eka}	kAlAXikaraNam,9.1	aXikaraNam,17.3#aXikaraNam,11.1#aXikaraNam,4.1#kAlAXikaraNam,9.1	2	08	032	mahABArawam	mOsalaparvaH	-
9.1	prAyAx	-	prAyAx	-	-	aBihiwa_karwA,6.1	aBihiwa_karwA,6.1	2	08	032	mahABArawam	mOsalaparvaH	-
1.1	swriyaH	-	swriyaH	swrI{swrI;1;bahu}/swrI{swrI;2;bahu}/swrI{swrI;8;bahu}	swrI{swrI;1;bahu}	karwA,6.1	karma,6.1#karwA,6.1	1	08	033	mahABArawam	mOsalaparvaH	-
10.1	.	-	.	-	-	-	-	1	08	033	mahABArawam	mOsalaparvaH	-
2.1	wAH	-	wAH	wax{sarvanAma;swrI;1;bahu}/wax{sarvanAma;swrI;2;bahu}	wax{sarvanAma;swrI;1;bahu}	viSeRaNam,1.1	viSeRaNam,5.2#viSeRaNam,1.1#karma,6.1#viSeRaNam,4.1#karwA,6.1	1	08	033	mahABArawam	mOsalaparvaH	-
3.1	vqRNivIrANAM	-	vqRNivIrANAM	-	-	RaRTIsambanXaH,1.1	RaRTIsambanXaH,1.1	1	08	033	mahABArawam	mOsalaparvaH	-
4.1	ruxawyaH	-	ruxawyaH	ruxawI{swrI;1;bahu(rux1;Sawq_lat;axAxiH)}	ruxawI{swrI;1;bahu(rux1;Sawq_lat;axAxiH)}	varwamAnasamAnakAlaH,6.1	varwamAnasamAnakAlaH,6.1#karwA,6.1	1	08	033	mahABArawam	mOsalaparvaH	-
5.1	Soka-	-	Soka-karSiwa	Soka	Soka	samAsaH,5.2	samAsaH,5.2	1	08	033	mahABArawam	mOsalaparvaH	-
5.2	karSiwAH	-	--	karSiwa{puM;1;bahu(kqS1;kwa;xivAxiH)}/karSiwA{swrI;1;bahu(kqS1;kwa;xivAxiH)}/karSiwA{swrI;2;bahu(kqS1;kwa;xivAxiH)}	karSiwA{swrI;1;bahu(kqS1;kwa;xivAxiH)}	viSeRaNam,1.1	viSeRaNam,2.1#viSeRaNam,1.1#karma,6.1#viSeRaNam,4.1#karwA,6.1	1	08	033	mahABArawam	mOsalaparvaH	-
6.1	anujagmuH	-	anujagmuH	anu_gam1{karwari;lit;pra;bahu;parasmEpaxI;BvAxiH}	anu_gam1{karwari;lit;pra;bahu;parasmEpaxI;BvAxiH}	aBihiwa_karwA,1.1;sakarmaka	aBihiwa_karwA,1.1;sakarmaka	1	08	033	mahABArawam	mOsalaparvaH	-
7.1	mahAwmAnaM	-	mahAwmAnaM	mahAwman{puM;2;eka}	mahAwman{puM;2;eka}	viSeRaNam,9.1	viSeRaNam,9.1#karma,6.1	1	08	033	mahABArawam	mOsalaparvaH	-
8.1	pANdupuwraM	-	pANdupuwraM	pANdupuwra{puM;2;eka}	pANdupuwra{puM;2;eka}	viSeRaNam,9.1	viSeRaNam,9.1#karma,6.1	1	08	033	mahABArawam	mOsalaparvaH	-
9.1	XanaFjayam	-	XanaFjayam	XanaFjaya{puM;2;eka}	XanaFjaya{puM;2;eka}	karma,6.1	karma,6.1	1	08	033	mahABArawam	mOsalaparvaH	-
1.1	BqwyAH	-	BqwyAH	Bqwi{swrI;5;eka}/Bqwi{swrI;6;eka}/Bqwya{puM;1;bahu}/BqwyA{swrI;1;bahu}/BqwyA{swrI;2;bahu}/Bqwya{puM;8;bahu}/BqwyA{swrI;8;bahu}	Bqwya{puM;1;bahu}	samucciwaH,10.2	samucciwaH,10.2#sup_samucciwaH,5.1#viSeRaNam,13.1#karwA,17.2#karma,17.2#RaRTIsambanXaH,17.2#RaRTIsambanXaH,16.1#RaRTIsambanXaH,10.2#RaRTIsambanXaH,5.1#RaRTIsambanXaH,4.1#RaRTIsambanXaH,3.1#hewuH5,17.2#hewuH5,12.1#apAxAnam,12.1	1	08	034	mahABArawam	mOsalaparvaH	-
10.1	pOra-	-	pOra-jAnapaxa	pOra	pOra	samAsaH,10.2	samAsaH,10.2	1	08	034	mahABArawam	mOsalaparvaH	-
10.2	jAnapaxAH	-	--	jAnapaxa{puM;1;bahu}/jAnapaxA{swrI;1;bahu}/jAnapaxA{swrI;2;bahu}/jAnapaxa{puM;8;bahu}/jAnapaxA{swrI;8;bahu}	jAnapaxa{puM;1;bahu}	karwA,12.1	viSeRaNam,1.1#viSeRaNam,5.1#viSeRaNam,4.1#karma,17.2#karma,12.1#karwA,12.1#viSeRaNam,13.1#viSeRaNam,7.1	1	08	034	mahABArawam	mOsalaparvaH	-
11.1	waWA	-	waWA	waWA{avya}	waWA{avya}	samuccaya_xyowakaH,10.2	samuccaya_xyowakaH,10.2#kriyAviSeRaNam,17.2#kriyAviSeRaNam,12.1	1	08	034	mahABArawam	mOsalaparvaH	-
12.1	yayuH	-	yayuH	yA1{karwari;lit;pra;bahu;parasmEpaxI;axAxiH}	yA1{karwari;lit;pra;bahu;parasmEpaxI;axAxiH}	aBihiwa_karwA,10.2	aBihiwa_karwA,10.2	1	08	034	mahABArawam	mOsalaparvaH	-
13.1	we	-	we	wax{sarvanAma;puM;1;bahu}/wax{sarvanAma;napuM;1;xvi}/wax{sarvanAma;napuM;2;xvi}/wax{sarvanAma;swrI;1;xvi}/wax{sarvanAma;swrI;2;xvi}/yuRmax{sarvanAma;6;eka}/yuRmax{sarvanAma;4;eka}	wax{sarvanAma;puM;1;bahu}	viSeRaNam,10.2	prayojanam1,17.2#prayojanam1,12.1#karwA,17.2#karma,17.2#RaRTIsambanXaH,17.2#RaRTIsambanXaH,16.1#RaRTIsambanXaH,10.2#RaRTIsambanXaH,5.1#RaRTIsambanXaH,4.1#RaRTIsambanXaH,3.1#viSeRaNam,7.1#sup_samucciwaH,10.2#karma,12.1#viSeRaNam,10.2#viSeRaNam,5.1#viSeRaNam,4.1#karwA,12.1	1	08	034	mahABArawam	mOsalaparvaH	-
14.1	parivArya	-	parivArya	-	-	pUrvakAlaH,12.1	pUrvakAlaH,12.1	1	08	034	mahABArawam	mOsalaparvaH	-
15.1	aWa	-	aWa	aWa{avya}	aWa{avya}	sambanXaH,14.1	sambanXaH,14.1	1	08	034	mahABArawam	mOsalaparvaH	-
16.1	kalawraM	-	kalawraM	kalawra{napuM;1;eka}/kalawra{napuM;2;eka}	kalawra{napuM;1;eka}	karma,12.1	sup_samucciwaH,10.2#karma,17.2#karma,12.1	1	08	034	mahABArawam	mOsalaparvaH	-
17.1	pArWa-	-	pArWa-SAsana	pArWa	pArWa	samAsaH,17.2	samAsaH,17.2	1	08	034	mahABArawam	mOsalaparvaH	-
17.2	SAsanAw	-	--	SAsana{napuM;5;eka(SAs1;lyut;axAxiH)}/SAsana{puM;5;eka}	SAsana{napuM;5;eka(SAs1;lyut;axAxiH)}	karaNam,12.1	karaNam,12.1	1	08	034	mahABArawam	mOsalaparvaH	-
18.1	.	-	.	-	-	-	-	1	08	034	mahABArawam	mOsalaparvaH	-
2.1	wu	-	wu	wu{avya}	wu{avya}	sambanXaH,12.1	sambanXaH,1.1#sambanXaH,12.1	1	08	034	mahABArawam	mOsalaparvaH	-
3.1	anXaka-	-	anXaka-vqRNInAM	anXaka	anXaka	samAsaH,3.2	samAsaH,3.2	1	08	034	mahABArawam	mOsalaparvaH	-
3.2	vqRNInAM	-	-	vqRNi{puM;6;bahu}	vqRNi{puM;6;bahu}	RaRTIsambanXaH,5.1;RaRTIsambanXaH,4.1	RaRTIsambanXaH,5.1;RaRTIsambanXaH,4.1	1	08	034	mahABArawam	mOsalaparvaH	-
4.1	sAxinaH	-	sAxinaH	sAxin{puM;1;bahu}/sAxin{puM;2;bahu}/sAxin{puM;5;eka}/sAxin{puM;6;eka}/sAxin{puM;8;bahu}	sAxin{puM;1;bahu}	samucciwaH,10.2	viSeRaNam,13.1#sup_samucciwaH,5.1#karwA,17.2#karma,17.2#RaRTIsambanXaH,17.2#RaRTIsambanXaH,16.1#RaRTIsambanXaH,10.2#RaRTIsambanXaH,5.1#RaRTIsambanXaH,3.1#hewuH5,17.2#hewuH5,12.1#apAxAnam,12.1#samucciwaH,10.2	1	08	034	mahABArawam	mOsalaparvaH	-
5.1	raWinaH	-	raWinaH	raWin{puM;1;bahu}/raWin{puM;2;bahu}/raWin{puM;5;eka}/raWin{puM;6;eka}/raWin{puM;8;bahu}	raWin{puM;1;bahu}	samucciwaH,10.2	viSeRaNam,13.1#karwA,17.2#karma,17.2#RaRTIsambanXaH,17.2#RaRTIsambanXaH,16.1#RaRTIsambanXaH,10.2#RaRTIsambanXaH,4.1#RaRTIsambanXaH,3.1#hewuH5,17.2#hewuH5,12.1#apAxAnam,12.1#samucciwaH,10.2#karma,12.1#karwA,12.1	1	08	034	mahABArawam	mOsalaparvaH	-
6.1	ca	-	ca	ca{avya}	ca{avya}	samuccaya_xyowakaH,5.1	samuccaya_xyowakaH,5.1#sambanXaH,5.1	1	08	034	mahABArawam	mOsalaparvaH	-
7.1	ye	-	ye	yax{sarvanAma;puM;1;bahu}/yax{sarvanAma;napuM;1;xvi}/yax{sarvanAma;napuM;2;xvi}/yax{sarvanAma;swrI;1;xvi}/yax{sarvanAma;swrI;2;xvi}	yax{sarvanAma;puM;1;bahu}	viSeRaNam,5.1	viSeRaNam,13.1#sup_samucciwaH,10.2#niwya_sambanXaH1,13.1#karma,12.1#viSeRaNam,10.2#viSeRaNam,5.1#viSeRaNam,4.1#karwA,12.1	1	08	034	mahABArawam	mOsalaparvaH	-
8.1	vIrahInaM	-	vIrahInaM	-	-	viSeRaNam,9.2	viSeRaNam,9.2	1	08	034	mahABArawam	mOsalaparvaH	-
9.1	vqxXa-	-	vqxXa-bAla	vqxXa	vqxXa	samAsaH,9.2	samAsaH,9.2	1	08	034	mahABArawam	mOsalaparvaH	-
9.2	bAlaM	-	--	bAla{puM;2;eka}/bAla{napuM;1;eka}/bAla{napuM;2;eka}	bAla{puM;2;eka}	viSeRaNam,16.1	viSeRaNam,16.1#sup_samucciwaH,10.2#karma,12.1	1	08	034	mahABArawam	mOsalaparvaH	-
1.1	BqwyAH	-	BqwyAH	Bqwi{swrI;5;eka}/Bqwi{swrI;6;eka}/Bqwya{puM;1;bahu}/BqwyA{swrI;1;bahu}/BqwyA{swrI;2;bahu}/Bqwya{puM;8;bahu}/BqwyA{swrI;8;bahu}	Bqwya{puM;1;bahu}	samucciwaH,10.2	samucciwaH,10.2#sup_samucciwaH,5.1#viSeRaNam,13.1#karwA,17.2#karma,17.2#RaRTIsambanXaH,17.2#RaRTIsambanXaH,16.1#RaRTIsambanXaH,10.2#RaRTIsambanXaH,5.1#RaRTIsambanXaH,4.1#RaRTIsambanXaH,3.1#hewuH5,17.2#hewuH5,12.1#apAxAnam,12.1	2	08	034	mahABArawam	mOsalaparvaH	-
10.1	pOra-	-	pOra-jAnapaxa	pOra	pOra	samAsaH,10.2	samAsaH,10.2	2	08	034	mahABArawam	mOsalaparvaH	-
10.2	jAnapaxAH	-	--	jAnapaxa{puM;1;bahu}/jAnapaxA{swrI;1;bahu}/jAnapaxA{swrI;2;bahu}/jAnapaxa{puM;8;bahu}/jAnapaxA{swrI;8;bahu}	jAnapaxa{puM;1;bahu}	karwA,12.1	viSeRaNam,1.1#viSeRaNam,5.1#viSeRaNam,4.1#karma,17.2#karma,12.1#karwA,12.1#viSeRaNam,13.1#viSeRaNam,7.1	2	08	034	mahABArawam	mOsalaparvaH	-
11.1	waWA	-	waWA	waWA{avya}	waWA{avya}	samuccaya_xyowakaH,10.2	samuccaya_xyowakaH,10.2#kriyAviSeRaNam,17.2#kriyAviSeRaNam,12.1	2	08	034	mahABArawam	mOsalaparvaH	-
12.1	yayuH	-	yayuH	yA1{karwari;lit;pra;bahu;parasmEpaxI;axAxiH}	yA1{karwari;lit;pra;bahu;parasmEpaxI;axAxiH}	aBihiwa_karwA,10.2	aBihiwa_karwA,10.2	2	08	034	mahABArawam	mOsalaparvaH	-
13.1	we	-	we	wax{sarvanAma;puM;1;bahu}/wax{sarvanAma;napuM;1;xvi}/wax{sarvanAma;napuM;2;xvi}/wax{sarvanAma;swrI;1;xvi}/wax{sarvanAma;swrI;2;xvi}/yuRmax{sarvanAma;6;eka}/yuRmax{sarvanAma;4;eka}	wax{sarvanAma;puM;1;bahu}	viSeRaNam,10.2	prayojanam1,17.2#prayojanam1,12.1#karwA,17.2#karma,17.2#RaRTIsambanXaH,17.2#RaRTIsambanXaH,16.1#RaRTIsambanXaH,10.2#RaRTIsambanXaH,5.1#RaRTIsambanXaH,4.1#RaRTIsambanXaH,3.1#viSeRaNam,7.1#sup_samucciwaH,10.2#karma,12.1#viSeRaNam,10.2#viSeRaNam,5.1#viSeRaNam,4.1#karwA,12.1	2	08	034	mahABArawam	mOsalaparvaH	-
14.1	parivArya	-	parivArya	-	-	pUrvakAlaH,12.1	pUrvakAlaH,12.1	2	08	034	mahABArawam	mOsalaparvaH	-
15.1	aWa	-	aWa	aWa{avya}	aWa{avya}	sambanXaH,14.1	sambanXaH,14.1	2	08	034	mahABArawam	mOsalaparvaH	-
16.1	kalawraM	-	kalawraM	kalawra{napuM;1;eka}/kalawra{napuM;2;eka}	kalawra{napuM;1;eka}	karma,12.1	sup_samucciwaH,10.2#karma,17.2#karma,12.1	2	08	034	mahABArawam	mOsalaparvaH	-
17.1	pArWa-	-	pArWa-SAsana	pArWa	pArWa	samAsaH,17.2	samAsaH,17.2	2	08	034	mahABArawam	mOsalaparvaH	-
17.2	SAsanAw	-	--	SAsana{napuM;5;eka(SAs1;lyut;axAxiH)}/SAsana{puM;5;eka}	SAsana{napuM;5;eka(SAs1;lyut;axAxiH)}	karaNam,12.1	karaNam,12.1	2	08	034	mahABArawam	mOsalaparvaH	-
18.1	.	-	.	-	-	-	-	2	08	034	mahABArawam	mOsalaparvaH	-
2.1	wu	-	wu	wu{avya}	wu{avya}	sambanXaH,12.1	sambanXaH,1.1#sambanXaH,12.1	2	08	034	mahABArawam	mOsalaparvaH	-
3.1	anXaka-	-	anXaka-vqRNInAM	anXaka	anXaka	samAsaH,3.2	samAsaH,3.2	2	08	034	mahABArawam	mOsalaparvaH	-
3.2	vqRNInAM	-	-	vqRNi{puM;6;bahu}	vqRNi{puM;6;bahu}	RaRTIsambanXaH,5.1;RaRTIsambanXaH,4.1	RaRTIsambanXaH,5.1;RaRTIsambanXaH,4.1	2	08	034	mahABArawam	mOsalaparvaH	-
4.1	sAxinaH	-	sAxinaH	sAxin{puM;1;bahu}/sAxin{puM;2;bahu}/sAxin{puM;5;eka}/sAxin{puM;6;eka}/sAxin{puM;8;bahu}	sAxin{puM;1;bahu}	samucciwaH,10.2	viSeRaNam,13.1#sup_samucciwaH,5.1#karwA,17.2#karma,17.2#RaRTIsambanXaH,17.2#RaRTIsambanXaH,16.1#RaRTIsambanXaH,10.2#RaRTIsambanXaH,5.1#RaRTIsambanXaH,3.1#hewuH5,17.2#hewuH5,12.1#apAxAnam,12.1#samucciwaH,10.2	2	08	034	mahABArawam	mOsalaparvaH	-
5.1	raWinaH	-	raWinaH	raWin{puM;1;bahu}/raWin{puM;2;bahu}/raWin{puM;5;eka}/raWin{puM;6;eka}/raWin{puM;8;bahu}	raWin{puM;1;bahu}	samucciwaH,10.2	viSeRaNam,13.1#karwA,17.2#karma,17.2#RaRTIsambanXaH,17.2#RaRTIsambanXaH,16.1#RaRTIsambanXaH,10.2#RaRTIsambanXaH,4.1#RaRTIsambanXaH,3.1#hewuH5,17.2#hewuH5,12.1#apAxAnam,12.1#samucciwaH,10.2#karma,12.1#karwA,12.1	2	08	034	mahABArawam	mOsalaparvaH	-
6.1	ca	-	ca	ca{avya}	ca{avya}	samuccaya_xyowakaH,5.1	samuccaya_xyowakaH,5.1#sambanXaH,5.1	2	08	034	mahABArawam	mOsalaparvaH	-
7.1	ye	-	ye	yax{sarvanAma;puM;1;bahu}/yax{sarvanAma;napuM;1;xvi}/yax{sarvanAma;napuM;2;xvi}/yax{sarvanAma;swrI;1;xvi}/yax{sarvanAma;swrI;2;xvi}	yax{sarvanAma;puM;1;bahu}	viSeRaNam,5.1	viSeRaNam,13.1#sup_samucciwaH,10.2#niwya_sambanXaH1,13.1#karma,12.1#viSeRaNam,10.2#viSeRaNam,5.1#viSeRaNam,4.1#karwA,12.1	2	08	034	mahABArawam	mOsalaparvaH	-
8.1	vIrahInaM	-	vIrahInaM	-	-	viSeRaNam,9.2	viSeRaNam,9.2	2	08	034	mahABArawam	mOsalaparvaH	-
9.1	vqxXa-	-	vqxXa-bAla	vqxXa	vqxXa	samAsaH,9.2	samAsaH,9.2	2	08	034	mahABArawam	mOsalaparvaH	-
9.2	bAlaM	-	--	bAla{puM;2;eka}/bAla{napuM;1;eka}/bAla{napuM;2;eka}	bAla{puM;2;eka}	viSeRaNam,16.1	viSeRaNam,16.1#sup_samucciwaH,10.2#karma,12.1	2	08	034	mahABArawam	mOsalaparvaH	-
1.1	kuFjarEH	-	kuFjarEH	kuFjara{puM;3;bahu}	kuFjara{puM;3;bahu}	samucciwaH,7.2	sup_samucciwaH,5.2#karaNam,10.1#karaNam,4.1#hewuH,10.1#hewuH,4.1#samucciwaH,7.2	1	08	035	mahABArawam	mOsalaparvaH	-
10.1	yayuH	-	yayuH	yA1{karwari;lit;pra;bahu;parasmEpaxI;axAxiH}	yA1{karwari;lit;pra;bahu;parasmEpaxI;axAxiH}	aBihiwa_karwA,9.2;sakarmaka	aBihiwa_karwA,9.2;sakarmaka	1	08	035	mahABArawam	mOsalaparvaH	-
11.1	.	-	.	-	-	-	-	1	08	035	mahABArawam	mOsalaparvaH	-
2.1	ca	-	ca	ca{avya}	ca{avya}	sambanXaH,1.1	sambanXaH,1.1	1	08	035	mahABArawam	mOsalaparvaH	-
3.1	gajArohAH	-	gajArohAH	gajAroha{puM;1;bahu}	gajAroha{puM;1;bahu}	viSeRaNam,9.2	karwA,10.1#karwA,4.1#viSeRaNam,9.2	1	08	035	mahABArawam	mOsalaparvaH	-
4.1	yayuH	-	yayuH	yA1{karwari;lit;pra;bahu;parasmEpaxI;axAxiH}	yA1{karwari;lit;pra;bahu;parasmEpaxI;axAxiH}	aBihiwa_karwA,3.1;sakarmaka	aBihiwa_karwA,3.1;sakarmaka	1	08	035	mahABArawam	mOsalaparvaH	-
5.1	SEla-	-	SEla-niBa	SEla	SEla	wa_pu_6,5.2	wa_pu_6,5.2	1	08	035	mahABArawam	mOsalaparvaH	-
5.2	niBEH	-	--	niBa{puM;3;bahu}/niBa{napuM;3;bahu}	niBa{puM;3;bahu}	hewuH,4.1	viSeRaNam,7.2#karaNam,10.1#karaNam,4.1#hewuH,10.1#hewuH,4.1#viSeRaNam,1.1	1	08	035	mahABArawam	mOsalaparvaH	-
6.1	waWA	-	waWA	waWA{avya}	waWA{avya}	samuccaya_xyowakaH,4.1	samuccaya_xyowakaH,4.1#sup_samuccaya_xyowakaH,5.2#samuccaya_xyowakaH,4.1#kriyAviSeRaNam,10.1#kriyAviSeRaNam,4.1	1	08	035	mahABArawam	mOsalaparvaH	-
7.1	sapAxa-	-	sapAxa-rakRa	sapAxa	sapAxa	wa_pu_6,7.2	wa_pu_6,7.2	1	08	035	mahABArawam	mOsalaparvaH	-
7.2	rakREH	-	--	rakRa{puM;3;bahu}/rakRa{napuM;3;bahu}	rakRa{puM;3;bahu}	sahArWaH,10.1	sahArWaH,10.1#viSeRaNam,5.2#sup_samucciwaH,5.2#karaNam,10.1#karaNam,4.1#hewuH,10.1#hewuH,4.1#viSeRaNam,1.1	1	08	035	mahABArawam	mOsalaparvaH	-
8.1	saMyukwAH	-	saMyukwAH	saMyukwa{puM;1;bahu}/saMyukwa{puM;8;bahu}	saMyukwa{puM;1;bahu}	sahArWa_xyowakaH,7.2	sahArWa_xyowakaH,7.2	1	08	035	mahABArawam	mOsalaparvaH	-
9.1	sowwara-	-	sowwara-AyuXika	sowwara	sowwara	samAsaH,9.2	samAsaH,9.2	1	08	035	mahABArawam	mOsalaparvaH	-
9.2	AyuXikAH	-	--	AyuXika{puM;1;bahu}/AyuXika{puM;8;bahu}/AyuXikA{swrI;8;bahu}/AyuXikA{swrI;1;bahu}/AyuXikA{swrI;2;bahu}	AyuXika{puM;1;bahu}	karwA,10.1	aBihiwa_karwA,9.2;sakarmaka#karwA,10.1	1	08	035	mahABArawam	mOsalaparvaH	-
1.1	puwrAH	-	puwrAH	puwra{puM;1;bahu}/puwra{puM;8;bahu}	puwra{puM;1;bahu}	karwA,6.2	karwA,6.2	1	08	036	mahABArawam	mOsalaparvaH	-
10.1	SUxrAH	-	SUxrAH	SUxra{puM;1;bahu}/SUxrA{swrI;1;bahu}/SUxrA{swrI;2;bahu}/SUxra{puM;8;bahu}/SUxrA{swrI;8;bahu}	SUxra{puM;1;bahu}	samucciwaH,1.1	samucciwaH,1.1#viSeRaNam,9.1#viSeRaNam,8.1#viSeRaNam,7.1#viSeRaNam,1.1#viSeRaNam,13.1#viSeRaNam,4.1	1	08	036	mahABArawam	mOsalaparvaH	-
11.1	ca	-	ca	ca{avya}	ca{avya}	samuccaya_xyowakaH,10.1	samuccaya_xyowakaH,10.1	1	08	036	mahABArawam	mOsalaparvaH	-
12.1	eva	-	eva	eva{avya}	eva{avya}	sambanXaH,11.1	sambanXaH,11.1	1	08	036	mahABArawam	mOsalaparvaH	-
13.1	mahAXanAH	-	mahAXanAH	mahAXana{puM;1;bahu}	mahAXana{puM;1;bahu}	viSeRaNam,10.1	viSeRaNam,10.1	1	08	036	mahABArawam	mOsalaparvaH	-
14.1	.	-	.	-	-	-	-	1	08	036	mahABArawam	mOsalaparvaH	-
2.1	ca	-	ca	ca{avya}	ca{avya}	samuccaya_xyowakaH,1.1	sambanXaH,1.1#samuccaya_xyowakaH,1.1	1	08	036	mahABArawam	mOsalaparvaH	-
3.1	anXakavqRNInAM	-	anXakavqRNInAM	anXakavqRNi{puM;6;bahu}	anXakavqRNi{puM;6;bahu}	RaRTIsambanXaH,1.1	RaRTIsambanXaH,1.1#nirXAraNam,1.1#RaRTIsambanXaH,13.1#RaRTIsambanXaH,10.1#RaRTIsambanXaH,9.1#RaRTIsambanXaH,8.1#RaRTIsambanXaH,7.1#RaRTIsambanXaH,6.1#RaRTIsambanXaH,5.1	1	08	036	mahABArawam	mOsalaparvaH	-
4.1	sarve	-	sarve	sarva{sarvanAma;puM;1;bahu}/sarva{sarvanAma;napuM;1;xvi}/sarva{sarvanAma;napuM;2;xvi}/sarvA{sarvanAma;swrI;1;xvi}/sarvA{sarvanAma;swrI;2;xvi}	sarva{sarvanAma;puM;1;bahu}	viSeRaNam,1.1	viSeRaNam,1.1#sup_samucciwaH,10.1#viSeRaNam,13.1#viSeRaNam,10.1#viSeRaNam,9.1#viSeRaNam,8.1#viSeRaNam,7.1	1	08	036	mahABArawam	mOsalaparvaH	-
5.1	pArWam	-	pArWam	pArWa{puM;2;eka}	pArWa{puM;2;eka}	karma,6.2	karma,6.2#sup_samucciwaH,10.1	1	08	036	mahABArawam	mOsalaparvaH	-
6.1	anuvrawAH	-	anuvrawAH	anuvrawA{swrI;1;bahu}/anuvrawA{swrI;2;bahu}	anuvrawA{swrI;1;bahu}	viXeya_viSeRaNam,1.1	viXeya_viSeRaNam,1.1#sup_samucciwaH,10.1	1	08	036	mahABArawam	mOsalaparvaH	-
6.2	(Asan)	-	-	-	-	aBihiwa_karwA,1.1	aBihiwa_karwA,1.1	1	08	036	mahABArawam	mOsalaparvaH	-
7.1	brAhmaNAH	-	brAhmaNAH	brAhmaNa{puM;1;bahu}/brAhmaNA{swrI;1;bahu}/brAhmaNA{swrI;2;bahu}/brAhmaNa{puM;8;bahu}	brAhmaNa{puM;1;bahu}	samucciwaH,1.1	samucciwaH,1.1#sup_samucciwaH,10.1	1	08	036	mahABArawam	mOsalaparvaH	-
8.1	kRawriyAH	-	kRawriyAH	kRawriya{puM;1;bahu}/kRawriyA{swrI;1;bahu}/kRawriyA{swrI;2;bahu}/kRawriya{puM;8;bahu}/kRawriyA{swrI;8;bahu}	kRawriya{puM;1;bahu}	samucciwaH,1.1	samucciwaH,1.1	1	08	036	mahABArawam	mOsalaparvaH	-
9.1	vESyAH	-	vESyAH	vESya{puM;1;bahu}/vESya{puM;8;bahu}	vESya{puM;1;bahu}	samucciwaH,10.1	samucciwaH,10.1	1	08	036	mahABArawam	mOsalaparvaH	-
1.1	xaSa	-	xaSa	xanS1{karwari;lot;ma;eka;parasmEpaxI;BvAxiH}/xaSan{saMKyeyam;1;bahu}/xaSan{saMKyeyam;2;bahu}/xaSan{saMKyA;napuM;1;bahu}/xaSan{saMKyA;napuM;2;bahu}	xaSan{saMKyeyam;1;bahu}	viSeRaNam,2.1	viSeRaNam,4.1#viSeRaNam,2.1#sup_samucciwaH,2.1#karma,7.1#karma,5.2#karwA,7.1#viSeRaNam,11.1	1	08	037	mahABArawam	mOsalaparvaH	-
10.1	kqRNasya	-	kqRNasya	kqRNa{puM;6;eka}/kqRNa{napuM;6;eka}	kqRNa{puM;6;eka}	RaRTIsambanXaH,11.1	RaRTIsambanXaH,11.1#RaRTIsambanXaH,9.1#RaRTIsambanXaH,8.1#RaRTIsambanXaH,5.2#RaRTIsambanXaH,4.1#RaRTIsambanXaH,2.1#viSeRaNam,11.1	1	08	037	mahABArawam	mOsalaparvaH	-
11.1	XImawaH	-	XImawaH	XImaw{puM;2;bahu}/XImaw{puM;5;eka}/XImaw{puM;6;eka}	XImaw{puM;6;eka}	karwA,7.1	viSeRaNam,10.1#RaRTIsambanXaH,9.1#RaRTIsambanXaH,8.1#RaRTIsambanXaH,5.2#RaRTIsambanXaH,4.1#RaRTIsambanXaH,2.1#RaRTIsambanXaH,1.1#hewuH5,7.1#hewuH5,6.1#hewuH5,5.2#hewuH5,1.1#apAxAnam,7.1#karma,7.1#karma,5.2#karwA,7.1	1	08	037	mahABArawam	mOsalaparvaH	-
12.1	.	-	.	-	-	-	-	1	08	037	mahABArawam	mOsalaparvaH	-
2.1	Rat	-	Rat	RaR{saMKyeyam;napuM;1;bahu}/RaR{saMKyeyam;napuM;2;bahu}/RaR{saMKyA;napuM;1;bahu}/RaR{saMKyA;napuM;2;bahu}	RaR{saMKyeyam;napuM;1;bahu}	viSeRaNam,4.1	viSeRaNam,4.1#viSeRaNam,1.1#karma,7.1#karma,5.2#karma,1.1#karwA,7.1	1	08	037	mahABArawam	mOsalaparvaH	-
3.1	ca	-	ca	ca{avya}	ca{avya}	samuccaya_xyowakaH,2.1	samuccaya_xyowakaH,2.1	1	08	037	mahABArawam	mOsalaparvaH	-
4.1	sahasrANi	-	sahasrANi	sahasra{saMKyA;napuM;1;bahu}/sahasra{saMKyA;napuM;2;bahu}	sahasra{saMKyA;napuM;1;bahu}	viSeRaNam,11.1	viSeRaNam,11.1#viSeRaNam,2.1#viSeRaNam,1.1#karma,7.1#karma,5.2#karma,1.1#karwA,7.1	1	08	037	mahABArawam	mOsalaparvaH	-
5.1	vAsuxeva-	-	vAsuxeva-avaroXana	vAsuxeva	vAsuxeva	wa_pu_6,5.2	wa_pu_6,5.2	1	08	037	mahABArawam	mOsalaparvaH	-
5.2	avaroXanam	-	--	avaroXana{napuM;1;eka(ava_ruX1;lyut;ruXAxiH)}/avaroXana{napuM;2;eka(ava_ruX1;lyut;ruXAxiH)}/avaroXana{puM;2;eka}	avaroXana{puM;2;eka}	viSeRaNam,8.1	viSeRaNam,9.1#viSeRaNam,8.1#karma,7.1#karma,1.1	1	08	037	mahABArawam	mOsalaparvaH	-
6.1	puraskqwya	-	puraskqwya	puras_kq3{avya;lyap;wanAxiH}	puras_kq3{avya;lyap;wanAxiH}	pUrvakAlaH,7.1	pUrvakAlaH,7.1#pUrvakAlaH,1.1	1	08	037	mahABArawam	mOsalaparvaH	-
7.1	yayuH	-	yayuH	yA1{karwari;lit;pra;bahu;parasmEpaxI;axAxiH}	yA1{karwari;lit;pra;bahu;parasmEpaxI;axAxiH}	aBihiwa_karwA,11.1;sakarmaka	aBihiwa_karwA,11.1;sakarmaka	1	08	037	mahABArawam	mOsalaparvaH	-
8.1	vajraM	-	vajraM	vajra{puM;2;eka}/vajra{napuM;1;eka}/vajra{napuM;2;eka}	vajra{puM;2;eka}	karma,6.1	karma,6.1#karma,7.1#karma,5.2#karma,1.1	1	08	037	mahABArawam	mOsalaparvaH	-
9.1	pOwraM	-	pOwraM	pOwra{puM;2;eka}	pOwra{puM;2;eka}	viSeRaNam,8.1	karma,7.1#karma,5.2#viSeRaNam,8.1	1	08	037	mahABArawam	mOsalaparvaH	-
1.1	bahUni	-	bahUni	bahu{napuM;1;bahu}/bahu{napuM;2;bahu}/bahu{napuM;8;bahu}	bahu{napuM;2;bahu}	viSeRaNam,7.3	viSeRaNam,7.3#viSeRaNam,8.2#viSeRaNam,5.1#viSeRaNam,4.1#viSeRaNam,3.1#sup_samucciwaH,5.1#karma,8.1	1	08	038	mahABArawam	mOsalaparvaH	-
10.1	.	-	.	-	-	-	-	1	08	038	mahABArawam	mOsalaparvaH	-
2.1	ca	-	ca	ca{avya}	ca{avya}	sambanXaH,1.1	sambanXaH,1.1	1	08	038	mahABArawam	mOsalaparvaH	-
3.1	sahasrANi	-	sahasrANi	sahasra{saMKyA;napuM;1;bahu}/sahasra{saMKyA;napuM;2;bahu}	sahasra{saMKyA;napuM;2;bahu}	viSeRaNam,7.3	viSeRaNam,7.3#viSeRaNam,8.2#viSeRaNam,5.1#viSeRaNam,4.1#viSeRaNam,1.1#sup_samucciwaH,5.1#karma,8.1#karwA,9.1	1	08	038	mahABArawam	mOsalaparvaH	-
4.1	prayuwAni	-	prayuwAni	prayuwa{napuM;1;bahu}/prayuwa{napuM;2;bahu}/prayuwa{saMKyA;napuM;1;bahu}/prayuwa{saMKyA;napuM;2;bahu}/prayuwa{napuM;8;bahu}	prayuwa{napuM;2;bahu}	viSeRaNam,7.3	viSeRaNam,7.3#viSeRaNam,8.2#viSeRaNam,5.1#viSeRaNam,1.1#viSeRaNam,3.1#sup_samucciwaH,5.1#karma,8.1#karwA,9.1	1	08	038	mahABArawam	mOsalaparvaH	-
5.1	arbuxAni	-	arbuxAni	arbuxa{napuM;1;bahu}/arbuxa{napuM;2;bahu}/arbuxa{saMKyA;napuM;1;bahu}/arbuxa{saMKyA;napuM;2;bahu}/arbuxa{napuM;8;bahu}	arbuxa{napuM;2;bahu}	viSeRaNam,7.3	viSeRaNam,7.3#viSeRaNam,8.2#viSeRaNam,4.1#viSeRaNam,1.1#viSeRaNam,3.1#karma,8.1#karwA,9.1	1	08	038	mahABArawam	mOsalaparvaH	-
6.1	ca	-	ca	ca{avya}	ca{avya}	sambanXaH,5.1	sup_samuccaya_xyowakaH,5.1#sambanXaH,5.1	1	08	038	mahABArawam	mOsalaparvaH	-
7.1	Boja-	-	Boja-vqRNi--	Boja(Buj1;GaF;wuxAxiH)}/Boja(Buj2{GaF;ruXAxiH)	Boja(Buj1;GaF;wuxAxiH)	samAsaH,7.3	samAsaH,7.3	1	08	038	mahABArawam	mOsalaparvaH	-
7.2	vqRNi-	-	--	vqRNi	vqRNi	samAsaH,7.3	samAsaH,7.3	1	08	038	mahABArawam	mOsalaparvaH	-
7.3	anXakaswrINAM	-	--	-	-	karwA,9.1	karwA,9.1	1	08	038	mahABArawam	mOsalaparvaH	-
8.1	hawa-	-	hawa-nAWa	hawa(han1;kwa;axAxiH)	hawa(han1;kwa;axAxiH)	samAsaH,8.2	samAsaH,8.2	1	08	038	mahABArawam	mOsalaparvaH	-
8.2	nAWAni	-	--	nAWa{napuM;8;bahu}/nAWa{napuM;1;bahu}/nAWa{napuM;2;bahu}	nAWa{napuM;2;bahu}	karma,9.1	viSeRaNam,5.1#viSeRaNam,4.1#viSeRaNam,3.1#viSeRaNam,1.1#karwA,9.1	1	08	038	mahABArawam	mOsalaparvaH	-
9.1	niryayuH	-	niryayuH	nis_yA1{karwari;lit;pra;bahu;parasmEpaxI;axAxiH}/nir_yA1{karwari{lit;pra;bahu;parasmEpaxI;axAxiH}	nis_yA1{karwari;lit;pra;bahu;parasmEpaxI;axAxiH}	aBihiwa_karwA,7.3;sakarmaka	aBihiwa_karwA,7.3;sakarmaka	1	08	038	mahABArawam	mOsalaparvaH	-
1.1	waw	-	waw	wax{sarvanAma;napuM;1;eka}/wax{sarvanAma;napuM;2;eka}	wax{sarvanAma;napuM;1;eka}	viSeRaNam,2.3	viSeRaNam,3.2#viSeRaNam,2.3#muKyakarma,5.1#karwA,5.1	1	08	039	mahABArawam	mOsalaparvaH	-
10.1	.	-	.	-	-	-	-	1	08	039	mahABArawam	mOsalaparvaH	-
2.1	sAgara-	-	sAgara-sama-praKya	sAgara	sAgara	samAsaH,2.2	samAsaH,2.2#wa_pu_6,2.3#wa_pu_3,2.2#upamAnam,9.1#upamAnam,3.1#upamAnam,2.2	1	08	039	mahABArawam	mOsalaparvaH	-
2.2	sama-	-	--	sama	sama	samAsaH,2.3	samAsaH,2.3	1	08	039	mahABArawam	mOsalaparvaH	-
2.3	praKyaM	-	--	praKya{puM;2;eka}/praKya{napuM;1;eka}/praKya{napuM;2;eka}	praKya{napuM;1;eka}	upamAnam,8.1	upamAnam,8.1#viSeRaNam,3.2#viSeRaNam,1.1#muKyakarma,5.1#karwA,5.1#gONakarma,5.1	1	08	039	mahABArawam	mOsalaparvaH	-
2.4	(iva)	-	-	-	-	upamAna_xyowakaH,2.3	upamAna_xyowakaH,2.3	1	08	039	mahABArawam	mOsalaparvaH	-
3.1	vqRNi-	-	vqRNi-cakra	vqRNi	vqRNi	samAsaH,3.2	samAsaH,3.2	1	08	039	mahABArawam	mOsalaparvaH	-
3.2	cakraM	-	--	cakra{puM;2;eka}/cakra{napuM;1;eka}/cakra{napuM;2;eka}	cakra{puM;2;eka}	karma,5.1	karma,5.1#viSeRaNam,2.3#viSeRaNam,1.1#muKyakarma,5.1#karwA,5.1#gONakarma,5.1	1	08	039	mahABArawam	mOsalaparvaH	-
4.1	maharxXimaw	-	maharxXimaw	maharxXi{mawup;napuM;1;eka}/maharxXi{mawup;napuM;2;eka}	maharxXi{mawup;napuM;2;eka}	viSeRaNam,2.3	viSeRaNam,3.2#viSeRaNam,2.3#viSeRaNam,1.1#muKyakarma,5.1#karwA,5.1	1	08	039	mahABArawam	mOsalaparvaH	-
5.1	uvAha	-	uvAha	vah1{karwari;lit;pra;eka;parasmEpaxI;BvAxiH}/vah1{karwari;lit;u;eka;parasmEpaxI;BvAxiH}	vah1{karwari;lit;pra;eka;parasmEpaxI;BvAxiH}	aBihiwa_karwA,8.1;sakarmaka	aBihiwa_karwA,8.1;sakarmaka	1	08	039	mahABArawam	mOsalaparvaH	-
6.1	raWinAM	-	raWinAM	raWin{puM;6;bahu}	raWin{puM;6;bahu}	nirXAraNam,7.1	nirXAraNam,7.1#RaRTIsambanXaH,8.1#RaRTIsambanXaH,4.1#RaRTIsambanXaH,3.2#RaRTIsambanXaH,2.3	1	08	039	mahABArawam	mOsalaparvaH	-
7.1	SreRTaH	-	SreRTaH	SreRTa{puM;1;eka}	SreRTa{puM;1;eka}	viSeRaNam,8.1	wIvrawAxarSI,8.1#viSeRaNam,8.1	1	08	039	mahABArawam	mOsalaparvaH	-
8.1	pArWaH	-	pArWaH	pArWa{puM;1;eka}	pArWa{puM;1;eka}	karwA,5.1	karwA,5.1	1	08	039	mahABArawam	mOsalaparvaH	-
9.1	para-	-	para--	para	para	samAsaH,9.2	samAsaH,9.2	1	08	039	mahABArawam	mOsalaparvaH	-
9.2	puraFjayaH	-	--	-	-	viSeRaNam,8.1	viSeRaNam,8.1	1	08	039	mahABArawam	mOsalaparvaH	-
1.1	niryAwe	-	niryAwe	niryAwi{swrI;7;eka}	niryAwi{swrI;7;eka}	BAvalakRaNasapwamI_pUrvakAlaH,10.1	BAvalakRaNasapwamI_pUrvakAlaH,10.1	1	08	040	mahABArawam	mOsalaparvaH	-
10.1	plAvayaw	-	plAvayaw	-	-	aBihiwa_karwA,7.1	aBihiwa_karwA,7.1	1	08	040	mahABArawam	mOsalaparvaH	-
11.1	waxA	-	waxA	waxA{avya}	waxA{avya}	kAlAXikaraNam,10.1	kAlAXikaraNam,10.1	1	08	040	mahABArawam	mOsalaparvaH	-
12.1	.	-	.	-	-	-	-	1	08	040	mahABArawam	mOsalaparvaH	-
2.1	wu	-	wu	wu{avya}	wu{avya}	sambanXaH,1.1	sambanXaH,1.1	1	08	040	mahABArawam	mOsalaparvaH	-
3.1	jane	-	jane	jani{swrI;8;eka}/jana{puM;7;eka}	jani{swrI;8;eka}	karwA,1.1	karwA,1.1	1	08	040	mahABArawam	mOsalaparvaH	-
4.1	wasmin	-	wasmin	wax{sarvanAma;puM;7;eka}/wax{sarvanAma;napuM;7;eka}	wax{sarvanAma;puM;7;eka}	kAlAXikaraNam,10.1	kAlAXikaraNam,10.1#viSeRaNam,3.1	1	08	040	mahABArawam	mOsalaparvaH	-
5.1	sAgaraH	-	sAgaraH	sAgara{puM;1;eka}	sAgara{puM;1;eka}	karwA,10.1	karwA,10.1	1	08	040	mahABArawam	mOsalaparvaH	-
6.1	makarAlayaH	-	makarAlayaH	makarAlaya{puM;1;eka}	makarAlaya{puM;1;eka}	viSeRaNam,6.1	viSeRaNam,6.1	1	08	040	mahABArawam	mOsalaparvaH	-
7.1	xvArakAM	-	xvArakAM	-	-	karma,10.1	karma,10.1	1	08	040	mahABArawam	mOsalaparvaH	-
8.1	rawna-	-	rawna-sampUrNA	rawna	rawna	samAsaH,8.2	samAsaH,8.2	1	08	040	mahABArawam	mOsalaparvaH	-
8.2	sampUrNAM	-	--	sampUrNA{swrI;2;eka}	sampUrNA{swrI;2;eka}	viSeRaNam,7.1	viSeRaNam,7.1	1	08	040	mahABArawam	mOsalaparvaH	-
9.1	jalena	-	jalena	jala{napuM;3;eka}	jala{napuM;3;eka}	karaNam,10.1	karaNam,10.1	1	08	040	mahABArawam	mOsalaparvaH	-
1.1	wax	-	wax	wax{sarvanAma;napuM;1;eka}/wax{sarvanAma;napuM;2;eka}	wax{sarvanAma;napuM;2;eka}	viSeRaNam,2.1	viSeRaNam,9.1#viSeRaNam,2.1#karma,7.1	1	08	041	mahABArawam	mOsalaparvaH	-
10.1	iwi	-	iwi	iwi{avya}	iwi{avya}	vAkyakarma_xyowakaH,9.1	vAkyakarma_xyowakaH,9.1#vAkyakarma_xyowakaH,7.1	1	08	041	mahABArawam	mOsalaparvaH	-
11.1	bruvan	-	bruvan	bruvaw{puM;1;eka(brU1;Sawq_lat;axAxiH)}	bruvaw{puM;1;eka(brU1;Sawq_lat;axAxiH)}	aBihiwa_karwA,5.1;varwamAnasamAnakAlaH,7.1	aBihiwa_karwA,5.1;varwamAnasamAnakAlaH,7.1	1	08	041	mahABArawam	mOsalaparvaH	-
12.1	.	-	.	-	-	-	-	1	08	041	mahABArawam	mOsalaparvaH	-
2.1	axBuwam	-	axBuwam	axBuwa{puM;2;eka}/axBuwa{napuM;1;eka}/axBuwa{napuM;2;eka}	axBuwa{napuM;2;eka}	karma,3.1	viSeRaNam,9.1#viSeRaNam,1.1#karma,7.1#karma,3.1	1	08	041	mahABArawam	mOsalaparvaH	-
3.1	aBiprekRya	-	aBiprekRya	aBi_vi_IkR1{avya;lyap;BvAxiH}	aBi_vi_IkR1{avya;lyap;BvAxiH}	pUrvakAlaH,11.1	pUrvakAlaH,11.1	1	08	041	mahABArawam	mOsalaparvaH	-
4.1	xvArakAvAsinaH	-	xvArakAvAsinaH	-	-	viSeRaNam,5.1	viSeRaNam,5.1	1	08	041	mahABArawam	mOsalaparvaH	-
5.1	janAH	-	janAH	jana{puM;1;bahu}/jana{puM;8;bahu}	jana{puM;1;bahu}	karwA,7.1;karwA,11.1	karwA,7.1;karwA,11.1	1	08	041	mahABArawam	mOsalaparvaH	-
6.1	wUrNAwwUrNawaraM	-	wUrNAwwUrNawaraM	-	-	kriyAviSeRaNam,7.1	kriyAviSeRaNam,7.1	1	08	041	mahABArawam	mOsalaparvaH	-
7.1	jagmuH	-	jagmuH	gam1{karwari;lit;pra;bahu;parasmEpaxI;BvAxiH}	gam1{karwari;lit;pra;bahu;parasmEpaxI;BvAxiH}	aBihiwa_karwA,5.1	vAkyakarma,11.1	1	08	041	mahABArawam	mOsalaparvaH	-
8.1	aho	-	aho	aho{avya}	aho{avya}	sambanXaH,11.1	sambanXaH,11.1	1	08	041	mahABArawam	mOsalaparvaH	-
9.1	xEvam	-	xEvam	xEva{puM;2;eka}/xEva{napuM;1;eka}/xEva{napuM;2;eka}	xEva{napuM;2;eka}	vAkyakarma,11.1	viSeRaNam,2.1#viSeRaNam,1.1#karma,11.1#karma,7.1#vAkyakarma,11.1	1	08	041	mahABArawam	mOsalaparvaH	-
1.1	kAnaneRu	-	kAnaneRu	kAnana{napuM;7;bahu}	kAnana{napuM;7;bahu}	samucciwaH,5.1	sup_samucciwaH,5.1#aXikaraNam,8.1#aXikaraNam,7.1#samucciwaH,5.1	1	08	042	mahABArawam	mOsalaparvaH	-
10.1	XanaFjayaH	-	XanaFjayaH	XanaFjaya{puM;1;eka}	XanaFjaya{puM;1;eka}	prayojakakarwA,8.1	prayojakakarwA,8.1	1	08	042	mahABArawam	mOsalaparvaH	-
11.1	.	-	.	-	-	-	-	1	08	042	mahABArawam	mOsalaparvaH	-
2.1	ca	-	ca	ca{avya}	ca{avya}	samuccaya_xyowakaH,3.1	sambanXaH,1.1#samuccaya_xyowakaH,3.1	1	08	042	mahABArawam	mOsalaparvaH	-
3.1	ramyeRu	-	ramyeRu	ramya{puM;7;bahu}/ramya{napuM;7;bahu}	ramya{puM;7;bahu}	viSeRaNam,4.1	viSeRaNam,1.1#sup_samucciwaH,5.1#aXikaraNam,8.1#aXikaraNam,7.1#viSeRaNam,4.1	1	08	042	mahABArawam	mOsalaparvaH	-
4.1	parvaweRu	-	parvaweRu	parvawa{puM;7;bahu}	parvawa{puM;7;bahu}	samucciwaH,5.1	samucciwaH,5.1#aXikaraNam,8.1#aXikaraNam,7.1	1	08	042	mahABArawam	mOsalaparvaH	-
5.1	naxIRu	-	naxIRu	naxI{swrI;7;bahu}	naxI{swrI;7;bahu}	aXikaraNam,7.1	aXikaraNam,8.1#aXikaraNam,7.1	1	08	042	mahABArawam	mOsalaparvaH	-
6.1	ca	-	ca	ca{avya}	ca{avya}	samuccaya_xyowakaH,5.1	samuccaya_xyowakaH,5.1#sambanXaH,5.1	1	08	042	mahABArawam	mOsalaparvaH	-
7.1	nivasan	-	nivasan	nivasaw{puM;1;eka(ni_vas2;Sawq_lat;axAxiH)}/nivasaw{puM;1;eka(ni_vas1;Sawq_lat;BvAxiH)}	nivasaw{puM;1;eka(ni_vas2;Sawq_lat;axAxiH)}	varwamAnasamAnakAlaH,8.1	varwamAnasamAnakAlaH,8.1#prayojakakarwA,8.1	1	08	042	mahABArawam	mOsalaparvaH	-
8.1	AnayAmAsa	-	AnayAmAsa	an1{Nic;karwari;lit;pra;eka;parasmEpaxI;axAxiH}/an1{Nic;karwari;lit;pra;eka;AwmanepaxI;axAxiH}/an1{Nic;karwari;lit;ma;bahu;parasmEpaxI;axAxiH}/an1{Nic;karwari;lit;ma;bahu;AwmanepaxI;axAxiH}/an1{Nic;karwari;lit;u;eka;parasmEpaxI;axAxiH}/an1{Nic;karwari;lit;u;eka;AwmanepaxI;axAxiH}	an1{Nic;karwari;lit;pra;eka;parasmEpaxI;axAxiH}	aBihiwa_karwA,10.1	aBihiwa_karwA,10.1	1	08	042	mahABArawam	mOsalaparvaH	-
9.1	vqRNixArAn	-	vqRNixArAn	-	-	karma,8.1	karma,8.1	1	08	042	mahABArawam	mOsalaparvaH	-
1.1	sa	-	sa	-	-	viSeRaNam,10.1	viSeRaNam,10.1	1	08	043	mahABArawam	mOsalaparvaH	-
10.1	praBuH	-	praBuH	praBu{puM;1;eka}	praBu{puM;1;eka}	karwA,9.1	karwA,9.1	1	08	043	mahABArawam	mOsalaparvaH	-
11.1	.	-	.	-	-	-	-	1	08	043	mahABArawam	mOsalaparvaH	-
2.1	paFcanaxam	-	paFcanaxam	paFcanaxa{puM;2;eka}/paFcanaxa{napuM;1;eka}/paFcanaxa{napuM;2;eka}	paFcanaxa{puM;2;eka}	karma,3.1	karma,3.1	1	08	043	mahABArawam	mOsalaparvaH	-
3.1	AsAxya	-	AsAxya	Af_Rax1{avya;Nic;lyap;BvAxiH}	Af_Rax1{avya;Nic;lyap;BvAxiH}	pUrvakAlaH,9.1	pUrvakAlaH,9.1	1	08	043	mahABArawam	mOsalaparvaH	-
4.1	XImAn	-	XImAn	XImaw{puM;1;eka}	XImaw{puM;1;eka}	viSeRaNam,10.1	viSeRaNam,10.1	1	08	043	mahABArawam	mOsalaparvaH	-
5.1	awisamqxXimaw	-	awisamqxXimaw	-	-	viSeRaNam,10.1	viSeRaNam,10.1	1	08	043	mahABArawam	mOsalaparvaH	-
6.1	xeSe	-	xeSe	xeSa{puM;7;eka}	xeSa{puM;7;eka}	aXikaraNam,9.1	aXikaraNam,9.1	1	08	043	mahABArawam	mOsalaparvaH	-
7.1	go-	-	go-paSu-XAnya-ADyA	go	go	samAsaH,7.4	samAsaH,7.4	1	08	043	mahABArawam	mOsalaparvaH	-
7.2	paSu-	-	--	paSu	paSu	samAsaH,7.4	samAsaH,7.4	1	08	043	mahABArawam	mOsalaparvaH	-
7.3	XAnya-	-	--	XAnya	XAnya	samAsaH,7.4	samAsaH,7.4	1	08	043	mahABArawam	mOsalaparvaH	-
7.4	ADye	-	--	ADyA{swrI;1;xvi}/ADyA{swrI;2;xvi}/ADya{puM;7;eka}/ADya{napuM;8;xvi}/ADya{napuM;1;xvi}/ADya{napuM;2;xvi}/ADya{napuM;7;eka}/ADyA{swrI;8;eka}/ADyA{swrI;8;xvi}	ADya{puM;7;eka}	viSeRaNam,6.1	viSeRaNam,6.1	1	08	043	mahABArawam	mOsalaparvaH	-
8.1	nivAsam	-	nivAsam	nivAsa{puM;2;eka}	nivAsa{puM;2;eka}	karma,9.1	karma,9.1	1	08	043	mahABArawam	mOsalaparvaH	-
9.1	akarow	-	akarow	kq3{karwari;laf;pra;eka;parasmEpaxI;wanAxiH}	kq3{karwari;laf;pra;eka;parasmEpaxI;wanAxiH}	aBihiwa_karwA,10.1;sakarmaka	aBihiwa_karwA,10.1;sakarmaka	1	08	043	mahABArawam	mOsalaparvaH	-
1.1	wawaH	-	wawaH	wawaH{avya}	wawaH{avya}	kAlAXikaraNam,6.1	kAlAXikaraNam,6.1	1	08	044	mahABArawam	mOsalaparvaH	-
10.1	ekena	-	ekena	eka{saMKyeyam;puM;3;eka}/eka{saMKyeyam;napuM;3;eka}/eka{saMKyA;napuM;3;eka}	eka{saMKyeyam;puM;3;eka}	viSeRaNam,9.1	karwA,5.1#karaNam,8.1#karaNam,6.1#karaNam,5.1#viSeRaNam,9.1	1	08	044	mahABArawam	mOsalaparvaH	-
11.1	BArawa	-	BArawa	BArawa{puM;8;eka}	BArawa{puM;8;eka}	samboXyaH,3.1	samboXyaH,3.1	1	08	044	mahABArawam	mOsalaparvaH	-
12.1	.	-	.	-	-	-	-	1	08	044	mahABArawam	mOsalaparvaH	-
2.1	loBaH	-	loBaH	loBa{puM;1;eka}	loBa{puM;1;eka}	karwA,3.1	karwA,3.1	1	08	044	mahABArawam	mOsalaparvaH	-
3.1	samaBavaw 	-	samaBavaw 	sam_BU1{karwari;laf;pra;eka;parasmEpaxI;BvAxiH}	sam_BU1{karwari;laf;pra;eka;parasmEpaxI;BvAxiH}	aBihiwa_karwA,2.1	aBihiwa_karwA,2.1	1	08	044	mahABArawam	mOsalaparvaH	-
4.1	xasyUnAm 	-	syUnAM	xasyu{puM;6;bahu}	xasyu{puM;6;bahu}	RaRTIsambanXaH,2.1	karma,8.1#karma,6.1#karma,5.1#RaRTIsambanXaH,2.1	1	08	044	mahABArawam	mOsalaparvaH	-
5.1	nihawa-	-	nihawa-ISvara	nihawa(ni_han1;kwa;axAxiH)	nihawa(ni_han1;kwa;axAxiH)	samAsaH,5.2	samAsaH,5.2	1	08	044	mahABArawam	mOsalaparvaH	-
5.2	ISvarAH	-	--	ISvara{puM;1;bahu}/ISvarA{swrI;1;bahu}/ISvarA{swrI;2;bahu}/ISvara{puM;8;bahu}/ISvarA{swrI;8;bahu}	ISvarA{swrI;2;bahu}	viSeRaNam,7.1	viSeRaNam,7.1#viSeRaNam,8.1#karma,8.1#karma,6.1	1	08	044	mahABArawam	mOsalaparvaH	-
6.1	xqRtvA	-	xqRtvA	xqS1{avya;kwvA;BvAxiH}	xqS1{avya;kwvA;BvAxiH}	pUrvakAlaH,3.1	pUrvakAlaH,3.1	1	08	044	mahABArawam	mOsalaparvaH	-
7.1	swriyaH	-	swriyaH	swrI{swrI;1;bahu}/swrI{swrI;2;bahu}/swrI{swrI;8;bahu}	swrI{swrI;2;bahu}	karma,6.1	karma,8.1#karma,6.1#karma,5.1	1	08	044	mahABArawam	mOsalaparvaH	-
8.1	nIyamAnAH	-	nIyamAnAH	nIyamAna{puM;1;bahu(NI1;SAnac_lat;karmaNi;BvAxiH)}/nIyamAnA{swrI;1;bahu(NI1;SAnac_lat;karmaNi;BvAxiH)}/nIyamAnA{swrI;2;bahu(NI1;SAnac_lat;karmaNi;BvAxiH)}	nIyamAnA{swrI;2;bahu(NI1;SAnac_lat;karmaNi;BvAxiH)}	viSeRaNam,7.1	karma,6.1#karma,5.1#viSeRaNam,7.1	1	08	044	mahABArawam	mOsalaparvaH	-
9.1	pArWena	-	pArWena	pArWa{puM;3;eka}	pArWa{puM;3;eka}	karwA,8.1	karwA,5.1#hewuH,8.1#hewuH,6.1#hewuH,5.1#karwA,8.1	1	08	044	mahABArawam	mOsalaparvaH	-
1.1	wawaH	-	wawaH	wawaH{avya}	wawaH{avya}	kAlAXikaraNam,6.1	kAlAXikaraNam,6.1	1	08	045	mahABArawam	mOsalaparvaH	-
2.1	we	-	we	wax{sarvanAma;puM;1;bahu}/wax{sarvanAma;napuM;1;xvi}/wax{sarvanAma;napuM;2;xvi}/wax{sarvanAma;swrI;1;xvi}/wax{sarvanAma;swrI;2;xvi}/yuRmax{sarvanAma;6;eka}/yuRmax{sarvanAma;4;eka}	wax{sarvanAma;puM;1;bahu}	viSeRaNam,3.2	viSeRaNam,3.2#prayojanam1,4.2#RaRTIsambanXaH,8.2#RaRTIsambanXaH,5.1#RaRTIsambanXaH,4.3#RaRTIsambanXaH,3.2#karma,4.2#viSeRaNam,8.2#viSeRaNam,5.1#viSeRaNam,4.3	1	08	045	mahABArawam	mOsalaparvaH	-
3.1	pApa-	-	pApa-karman	pApa	pApa	samAsaH,3.2	samAsaH,3.2	1	08	045	mahABArawam	mOsalaparvaH	-
3.2	karmANaH	-	--	karman{puM;8;bahu}	karman{puM;8;bahu}	viSeRaNam,5.1	viSeRaNam,8.2#viSeRaNam,5.1#viSeRaNam,4.3	1	08	045	mahABArawam	mOsalaparvaH	-
4.1	loBa-	-	loBa-upahawa-cewas	loBa	loBa	samAsaH,4.2	samAsaH,4.2	1	08	045	mahABArawam	mOsalaparvaH	-
4.2	upahawa-	-	--	upahawa(upa_han1;kwa;axAxiH)	upahawa(upa_han1;kwa;axAxiH)	samAsaH,4.3	samAsaH,4.3	1	08	045	mahABArawam	mOsalaparvaH	-
4.3	cewasaH	-	--	cewas{puM;8;bahu}/cewas{puM;1;bahu}/cewas{puM;2;bahu}/cewas{puM;5;eka}/cewas{puM;6;eka}	cewas{puM;8;bahu}	viSeRaNam,5.1	viSeRaNam,5.1#viSeRaNam,2.1#RaRTIsambanXaH,8.2#RaRTIsambanXaH,5.1#RaRTIsambanXaH,3.2#viSeRaNam,8.2#viSeRaNam,5.1#viSeRaNam,3.2	1	08	045	mahABArawam	mOsalaparvaH	-
5.1	ABIrAH	-	ABIrAH	ABIra{puM;1;bahu}/ABIra{puM;8;bahu}	ABIra{puM;8;bahu}	karwA,6.1	karwA,6.1	1	08	045	mahABArawam	mOsalaparvaH	-
6.1	manwrayAmAsuH	-	manwrayAmAsuH	-	-	aBihiwa_karwA,5.1	aBihiwa_karwA,5.1	1	08	045	mahABArawam	mOsalaparvaH	-
7.1	samewya	-	samewya	-	-	pUrvakAlaH,6.1	pUrvakAlaH,6.1	1	08	045	mahABArawam	mOsalaparvaH	-
8.1	aSuBa-	-	aSuBa-xarSana	aSuBa	aSuBa	samAsaH,8.2	samAsaH,8.2	1	08	045	mahABArawam	mOsalaparvaH	-
8.2	xarSanAH	-	--	xarSana{puM;1;bahu}/xarSana{puM;8;bahu}/xarSanA{swrI;8;bahu}/xarSanA{swrI;1;bahu}/xarSanA{swrI;2;bahu}	xarSanA{swrI;2;bahu}	viSeRaNam,5.1	prayojyakarwA,4.2#karma,4.2#viSeRaNam,5.1#viSeRaNam,4.3#viSeRaNam,3.2#viSeRaNam,2.1	1	08	045	mahABArawam	mOsalaparvaH	-
9.1	.	-	.	-	-	-	-	1	08	045	mahABArawam	mOsalaparvaH	-
1.1	ayam	-	ayam	ixam{sarvanAma;puM;1;eka}/aya{puM;2;eka}	ixam{sarvanAma;puM;1;eka}	viSeRaNam,3.1	muKyakarma,7.1#karma,6.1#gONakarma,7.1#viSeRaNam,3.1#viSeRaNam,2.1#karwA,7.1	1	08	046	mahABArawam	mOsalaparvaH	-
10.1	yoXAH	-	yoXAH	yoXa{puM;1;bahu}/yoXa{puM;8;bahu}	yoXa{puM;1;bahu}	karwA,7.1	karwA,7.1	1	08	046	mahABArawam	mOsalaparvaH	-
11.1	ca	-	ca	ca{avya}	ca{avya}	samuccaya_xyowakaH,10.1	sambanXaH,1.1#samuccaya_xyowakaH,10.1	1	08	046	mahABArawam	mOsalaparvaH	-
12.1	ime	-	ime	ixam{sarvanAma;puM;1;bahu}/ixam{sarvanAma;napuM;1;xvi}/ixam{sarvanAma;napuM;2;xvi}/ixam{sarvanAma;swrI;1;xvi}/ixam{sarvanAma;swrI;2;xvi}	ixam{sarvanAma;puM;1;bahu}	viSeRaNam,13.1	viSeRaNam,1.1#viSeRaNam,13.1	1	08	046	mahABArawam	mOsalaparvaH	-
13.1	hawOjasaH	-	hawOjasaH	-	-	viSeRaNam,10.1	viSeRaNam,10.1	1	08	046	mahABArawam	mOsalaparvaH	-
14.1	.	-	.	-	-	-	-	1	08	046	mahABArawam	mOsalaparvaH	-
2.1	ekaH	-	ekaH	eka{saMKyeyam;puM;1;eka}	eka{saMKyeyam;puM;1;eka}	viSeRaNam,3.1	viSeRaNam,3.1#viSeRaNam,1.1#karwA,7.1	1	08	046	mahABArawam	mOsalaparvaH	-
3.1	arjunaH	-	arjunaH	arjuna{puM;1;eka}	arjuna{puM;1;eka}	samuucciwaH,10.1	karwA,7.1#samuucciwaH,10.1	1	08	046	mahABArawam	mOsalaparvaH	-
4.1	yoxXA	-	yoxXA	-	-	viSeRaNam,3.1	viSeRaNam,3.1	1	08	046	mahABArawam	mOsalaparvaH	-
5.1	vqxXa-	-	vqxXa-bAlaM	vqxXa	vqxXa	samAsaH,5.2	samAsaH,5.2	1	08	046	mahABArawam	mOsalaparvaH	-
5.2	bAlaM	-	-	bAla{puM;2;eka}/bAla{napuM;1;eka}/bAla{napuM;2;eka}	bAla{puM;2;eka}	samuucciwaH,6.2	samuucciwaH,6.2	1	08	046	mahABArawam	mOsalaparvaH	-
6.1	hawa-	-	hawa--	hawa(han1;kwa;axAxiH)	hawa(han1;kwa;axAxiH)	samAsaH,6.2	samAsaH,6.2	1	08	046	mahABArawam	mOsalaparvaH	-
6.2	iSvaram	-	--	-	-	karma,7.1	karma,7.1	1	08	046	mahABArawam	mOsalaparvaH	-
7.1	nayawi	-	nayawi	NI1{karwari;lat;pra;eka;parasmEpaxI;BvAxiH}	NI1{karwari;lat;pra;eka;parasmEpaxI;BvAxiH}	aBihiwa_karwA,10.1	aBihiwa_karwA,10.1	1	08	046	mahABArawam	mOsalaparvaH	-
8.1	asmAn	-	asmAn	asmax{sarvanAma;2;bahu}	asmax{sarvanAma;2;bahu}	karma,9.1	karma,9.1	1	08	046	mahABArawam	mOsalaparvaH	-
9.1	awikramya	-	awikramya	awi_kram1{avya;lyap;BvAxiH}	awi_kram1{avya;lyap;BvAxiH}	pUrvakAlaH,7.1	pUrvakAlaH,7.1	1	08	046	mahABArawam	mOsalaparvaH	-
1.1	wawaH	-	wawaH	wawaH{avya}	wawaH{avya}	sambanXaH,6.1	sambanXaH,6.1	1	08	047	mahABArawam	mOsalaparvaH	-
10.1	lopwrahAriNaH	-	lopwrahAriNaH	-	-	viSeRaNam,3.1	viSeRaNam,3.1	1	08	047	mahABArawam	mOsalaparvaH	-
11.1	.	-	.	-	-	-	-	1	08	047	mahABArawam	mOsalaparvaH	-
2.1	yaRtipraharaNA	-	yaRtipraharaNA	-	-	hewuH,6.1	hewuH,6.1	1	08	047	mahABArawam	mOsalaparvaH	-
3.1	xasyavaH	-	xasyavaH	xasyu{puM;1;bahu}/xasyu{puM;8;bahu}	xasyu{puM;1;bahu}	karwA,6.1	karwA,6.1	1	08	047	mahABArawam	mOsalaparvaH	-
4.1	we	-	we	wax{sarvanAma;puM;1;bahu}/wax{sarvanAma;napuM;1;xvi}/wax{sarvanAma;napuM;2;xvi}/wax{sarvanAma;swrI;1;xvi}/wax{sarvanAma;swrI;2;xvi}/yuRmax{sarvanAma;6;eka}/yuRmax{sarvanAma;4;eka}	wax{sarvanAma;puM;1;bahu}	viSeRaNam,3.1	RaRTIsambanXaH,9.1#RaRTIsambanXaH,7.1#RaRTIsambanXaH,3.1#viSeRaNam,3.1	1	08	047	mahABArawam	mOsalaparvaH	-
5.1	sahasraSaH	-	sahasraSaH	sahasra{avya;Sas}	sahasra{avya;Sas}	viSeRaNam,3.1	viSeRaNam,3.1	1	08	047	mahABArawam	mOsalaparvaH	-
6.1	aByaXAvanwa	-	aByaXAvanwa	-	-	aBihiwa_karwA,3.1	aBihiwa_karwA,3.1	1	08	047	mahABArawam	mOsalaparvaH	-
7.1	vqRNInAM	-	vqRNInAM	vqRNi{puM;6;bahu}	vqRNi{puM;6;bahu}	RaRTIsambanXaH,9.1	RaRTIsambanXaH,9.1#RaRTIsambanXaH,3.1	1	08	047	mahABArawam	mOsalaparvaH	-
8.1	waM	-	waM	wax{sarvanAma;puM;2;eka}	wax{sarvanAma;puM;2;eka}	viSeRaNam,9.1	viSeRaNam,9.1	1	08	047	mahABArawam	mOsalaparvaH	-
9.1	janaM	-	janaM	jana{puM;2;eka}	jana{puM;2;eka}	karma,6.1	karma,6.1	1	08	047	mahABArawam	mOsalaparvaH	-
1.1	mahawA	-	mahawA	mahaw{puM;3;eka}/mahaw{napuM;3;eka}	mahaw{puM;3;eka}	wIvrawAxarSI,2.2	wIvrawAxarSI,2.2	1	08	048	mahABArawam	mOsalaparvaH	-
10.1	.	-	.	-	-	-	-	1	08	048	mahABArawam	mOsalaparvaH	-
2.1	siMha-	-	siMha-nAxa	siMha	siMha	samAsaH,2.2	samAsaH,2.2	1	08	048	mahABArawam	mOsalaparvaH	-
2.2	nAxena	-	--	nAxa{puM;3;eka}/nAxa{napuM;3;eka}	nAxa{puM;3;eka}	karwA,3.1	karwA,3.1	1	08	048	mahABArawam	mOsalaparvaH	-
3.1	xrAvayanwaH	-	xrAvayanwaH	-	-	viSeRaNam,8.1	viSeRaNam,8.1	1	08	048	mahABArawam	mOsalaparvaH	-
4.1	pqWak	-	pqWak	pqWak{avya}	pqWak{avya}	vinArWa_xyowakaH,2.2	vinArWa_xyowakaH,2.2	1	08	048	mahABArawam	mOsalaparvaH	-
5.1	janam	-	janam	jana{puM;2;eka}	jana{puM;2;eka}	karma,6.1	karma,6.1	1	08	048	mahABArawam	mOsalaparvaH	-
6.1	aBipewuH	-	aBipewuH	-	-	viSeRaNam,8.1	viSeRaNam,8.1	1	08	048	mahABArawam	mOsalaparvaH	-
7.1	XanArWaM	-	XanArWaM	Xana{avya;arWam}	Xana{avya;arWam}	prayojanam,6.1	prayojanam,6.1	1	08	048	mahABArawam	mOsalaparvaH	-
8.1	we	-	we	wax{sarvanAma;puM;1;bahu}/wax{sarvanAma;napuM;1;xvi}/wax{sarvanAma;napuM;2;xvi}/wax{sarvanAma;swrI;1;xvi}/wax{sarvanAma;swrI;2;xvi}/yuRmax{sarvanAma;6;eka}/yuRmax{sarvanAma;4;eka}	yuRmax{sarvanAma;6;eka}	karwA,8.2	karwA,8.2	1	08	048	mahABArawam	mOsalaparvaH	-
8.2	(Asan)	-	--	-	-	aBihiwa_karwA,8.1	aBihiwa_karwA,8.1	1	08	048	mahABArawam	mOsalaparvaH	-
9.1	kAla-	-	kAla-paryAya-coxiwa	kAla	kAla	samAsaH,9.3	samAsaH,9.3	1	08	048	mahABArawam	mOsalaparvaH	-
9.2	paryAya	-	--	paryAya	paryAya	samAsaH,9.3	samAsaH,9.3	1	08	048	mahABArawam	mOsalaparvaH	-
9.3	coxiwAH	-	--	coxiwa{puM;1;bahu(cux1;kwa;curAxiH)}/coxiwA{swrI;1;bahu(cux1;kwa;curAxiH)}/coxiwA{swrI;2;bahu(cux1;kwa;curAxiH)}/coxiwa{puM;8;bahu}/coxiwA{swrI;8;bahu}	coxiwa{puM;1;bahu(cux1;kwa;curAxiH)}	viXeya_viSeRaNam,8.1	viXeya_viSeRaNam,8.1	1	08	048	mahABArawam	mOsalaparvaH	-
1.1	wawaH	-	wawaH	wawaH{avya}	wawaH{avya}	sambanXaH,6.1	sambanXaH,6.1#kArya_xyowakaH,6.1	1	08	049	mahABArawam	mOsalaparvaH	-
10.1	prahasan	-	prahasan	prahasaw{puM;1;eka(pra_has1;Sawq_lat;BvAxiH)}	prahasaw{puM;1;eka(pra_has1;Sawq_lat;BvAxiH)}	varwamAnasamAnakAlaH,6.1	varwamAnasamAnakAlaH,6.1#karwA,6.1	1	08	049	mahABArawam	mOsalaparvaH	-
11.1	iva	-	iva	iva{avya}	iva{avya}	sambanXaH,10.1	sambanXaH,10.1	1	08	049	mahABArawam	mOsalaparvaH	-
12.1	.	-	.	-	-	-	-	1	08	049	mahABArawam	mOsalaparvaH	-
2.1	nivqwwaH	-	nivqwwaH	nivqwwa{puM;1;eka}	nivqwwa{puM;1;eka}	viSeRaNam,9.1	viSeRaNam,9.1#viSeRaNam,3.1#karwA,6.1	1	08	049	mahABArawam	mOsalaparvaH	-
3.1	kOnweyaH	-	kOnweyaH	kOnweya{puM;1;eka}	kOnweya{puM;1;eka}	viSeRaNam,9.1	viSeRaNam,9.1#karwA,6.1	1	08	049	mahABArawam	mOsalaparvaH	-
4.1	sahasA	-	sahasA	sahasA{avya}	sahasA{avya}	kriyAviSeRaNam,6.1	kriyAviSeRaNam,6.1	1	08	049	mahABArawam	mOsalaparvaH	-
5.1	sapaxAnugaH	-	sapaxAnugaH	-	-	viSeRaNam,9.1	viSeRaNam,9.1	1	08	049	mahABArawam	mOsalaparvaH	-
6.1	uvAca	-	uvAca	vac1{karwari;lit;pra;eka;parasmEpaxI;axAxiH}/vac1{karwari;lit;u;eka;parasmEpaxI;axAxiH}/brU1{karwari;lit;pra;eka;parasmEpaxI;axAxiH}/brU1{karwari;lit;u;eka;parasmEpaxI;axAxiH}	vac1{karwari;lit;pra;eka;parasmEpaxI;axAxiH}	aBihiwa_karwA,9.1;sakarmaka	aBihiwa_karwA,9.1;sakarmaka	1	08	049	mahABArawam	mOsalaparvaH	-
7.1	wAn	-	wAn	wax{sarvanAma;puM;2;bahu}	wax{sarvanAma;puM;2;bahu}	karma,6.1	muKyakarma,6.1#gONakarma,6.1#karma,6.1	1	08	049	mahABArawam	mOsalaparvaH	-
8.1	mahAbAhuH	-	mahAbAhuH	mahAbAhu{puM;1;eka}	mahAbAhu{puM;1;eka}	viSeRaNam,9.1	viSeRaNam,9.1#viSeRaNam,3.1#karwA,6.1	1	08	049	mahABArawam	mOsalaparvaH	-
9.1	arjunaH	-	arjunaH	arjuna{puM;1;eka}	arjuna{puM;1;eka}	karwA,6.1	viSeRaNam,3.1#upamAnam,8.1#karwA,6.1	1	08	049	mahABArawam	mOsalaparvaH	-
1.1	nivarwaXvam	-	nivarwaXvam	-	-	karma,4.1	karma,4.1	1	08	050	mahABArawam	mOsalaparvaH	-
10.1	SocaXvaM	-	SocaXvaM	-	-	viSeRaNam,9.2	viSeRaNam,9.2	1	08	050	mahABArawam	mOsalaparvaH	-
11.1	nihawAH	-	nihawAH	nihan{wal;swrI;1;bahu}/nihan{wal;swrI;2;bahu}/nihawa{puM;1;bahu(ni_han1;kwa;axAxiH)}/nihawA{swrI;1;bahu(ni_han1;kwa;axAxiH)}/nihawA{swrI;2;bahu(ni_han1;kwa;axAxiH)}	nihan{wal;swrI;1;bahu}	viSeRaNam,4.2	karwqrahiwakarwqsamAnAXikaraNam,4.1#viSeRaNam,4.2	1	08	050	mahABArawam	mOsalaparvaH	-
12.1	mayA	-	mayA	asmax{sarvanAma;3;eka}	asmax{sarvanAma;3;eka}	karwA,11.1	karwA,11.1#hewuH,11.1#hewuH,4.1	1	08	050	mahABArawam	mOsalaparvaH	-
13.1	.	-	.	-	-	-	-	1	08	050	mahABArawam	mOsalaparvaH	-
2.1	aXarmajFAH	-	aXarmajFAH	-	-	samboXyaH,4.1	samboXyaH,4.1	1	08	050	mahABArawam	mOsalaparvaH	-
3.1	yaxi	-	yaxi	yaxi{avya}	yaxi{avya}	niwyasambanXaH,4.1	AvaSyakawA_xyowakaH,4.1#niwyasambanXaH,4.1	1	08	050	mahABArawam	mOsalaparvaH	-
3.2	(warhi)	-	-	-	-	anuyogI,11.1	anuyogI,11.1	1	08	050	mahABArawam	mOsalaparvaH	-
4.1	sWa	-	sWa	as2{karwari;lat;ma;bahu;parasmEpaxI;axAxiH}/sWa{puM;8;eka}/sWa{napuM;8;eka}	as2{karwari;lat;ma;bahu;parasmEpaxI;axAxiH}	aBihiwa_karwA,4.2;prawiyogI,3.1	aBihiwa_karwA,4.2;prawiyogI,3.1	1	08	050	mahABArawam	mOsalaparvaH	-
4.2	yUyam	-	-	-	-	karwA,4.1	karwA,4.1	1	08	050	mahABArawam	mOsalaparvaH	-
5.1	na	-	na	na{avya}	na{avya}	prawiReXaH,4.1	prawiReXaH,4.1	1	08	050	mahABArawam	mOsalaparvaH	-
6.1	mumUrRavaH	-	mumUrRavaH	-	-	kAlAXikaraNam,11.1	kAlAXikaraNam,11.1	1	08	050	mahABArawam	mOsalaparvaH	-
7.1	na	-	na	na{avya}	na{avya}	prawiReXaH,1.1	prawiReXaH,1.1	1	08	050	mahABArawam	mOsalaparvaH	-
8.1	ixAnIM	-	ixAnIM	ixAnIm{avya}	ixAnIm{avya}	kAlAXikaraNam,11.1	kAlAXikaraNam,11.1#kAlAXikaraNam,4.1	1	08	050	mahABArawam	mOsalaparvaH	-
9.1	Sara-	-	Sara--	Sara	Sara	samAsaH,9.2	samAsaH,9.2	1	08	050	mahABArawam	mOsalaparvaH	-
9.2	nirBinnAH	-	--	-	-	viSeRaNam,4.2	viSeRaNam,4.2	1	08	050	mahABArawam	mOsalaparvaH	-
1.1	waWA	-	waWA	waWA{avya}	waWA{avya}	sambanXaH,2.1	sambanXaH,3.1#sambanXaH,2.1#kriyAviSeRaNam,3.1#kriyAviSeRaNam,2.1	1	08	051	mahABArawam	mOsalaparvaH	-
10.1	mUDAH	-	mUDAH	mUDa{puM;1;bahu}	mUDa{puM;1;bahu}	karwA,11.2	viSeRaNam,2.1#karwA,11.2	1	08	051	mahABArawam	mOsalaparvaH	-
11.1	vAryamANAH	-	vAryamANAH	-	-	viXeya_viSeRaNam,10.1	viXeya_viSeRaNam,10.1	1	08	051	mahABArawam	mOsalaparvaH	-
11.2	(Asan)	-	-	-	-	aBihiwa_karwA,10.1	aBihiwa_karwA,10.1	1	08	051	mahABArawam	mOsalaparvaH	-
12.1	punaH	-	punaH	punaH{avya}	punaH{avya}	vIpsA,13.1	vIpsA,13.1#kriyAviSeRaNam,3.1#kriyAviSeRaNam,2.1	1	08	051	mahABArawam	mOsalaparvaH	-
13.1	punaH	-	punaH	punaH{avya}	punaH{avya}	kriyAviSeRaNam,8.1	kriyAviSeRaNam,3.1#kriyAviSeRaNam,2.1#kriyAviSeRaNam,8.1	1	08	051	mahABArawam	mOsalaparvaH	-
14.1	.	-	.	-	-	-	-	1	08	051	mahABArawam	mOsalaparvaH	-
2.1	ukwAH	-	ukwAH	ukwa{puM;1;bahu(vac1;kwa;axAxiH)}/ukwA{swrI;1;bahu(vac1;kwa;axAxiH)}/ukwA{swrI;2;bahu(vac1;kwa;axAxiH)}	ukwa{puM;1;bahu(vac1;kwa;axAxiH)}	pUrvakAlaH,11.2	karma,3.1#pUrvakAlaH,11.2	1	08	051	mahABArawam	mOsalaparvaH	-
3.1	wena	-	wena	wax{sarvanAma;puM;3;eka}/wax{sarvanAma;napuM;3;eka}/wan1{karwari;lit;ma;bahu;parasmEpaxI;wanAxiH}	wax{sarvanAma;puM;3;eka}	viSeRaNam,4.1	viSeRaNam,4.1#karwA,2.1#hewuH,2.1	1	08	051	mahABArawam	mOsalaparvaH	-
4.1	vIreNa	-	vIreNa	vIra{puM;3;eka}/vIra{napuM;3;eka}	vIra{puM;3;eka}	karwA,2.1	viSeRaNam,3.1#karwA,2.1#hewuH,3.1#hewuH,2.1	1	08	051	mahABArawam	mOsalaparvaH	-
5.1	kaxarWIkqwya	-	kaxarWIkqwya	-	-	pUrvakAlaH,11.2	pUrvakAlaH,11.2	1	08	051	mahABArawam	mOsalaparvaH	-
6.1	wax	-	wax	wax{sarvanAma;napuM;1;eka}/wax{sarvanAma;napuM;2;eka}	wax{sarvanAma;napuM;2;eka}	viSeRaNam,7.1	viSeRaNam,7.1#karma,3.1#gONakarma,2.1#viSeRaNam,7.1	1	08	051	mahABArawam	mOsalaparvaH	-
7.1	vacaH	-	vacaH	vaca{puM;1;eka}/vacas{napuM;1;eka}/vacas{napuM;2;eka}/vacas{napuM;8;eka}	vacas{napuM;2;eka}	karma,8.1	karmasamAnAXikaraNam,9.1#karmasamAnAXikaraNam,6.1#karma,3.1#gONakarma,2.1#karma,8.1	1	08	051	mahABArawam	mOsalaparvaH	-
8.1	aBipewuH	-	aBipewuH	-	-	pUrvakAlaH,11.2	pUrvakAlaH,11.2	1	08	051	mahABArawam	mOsalaparvaH	-
9.1	janaM	-	janaM	jana{puM;2;eka}	jana{puM;2;eka}	karma,11.2	karmasamAnAXikaraNam,7.1#karmasamAnAXikaraNam,6.1#karma,3.1#gONakarma,2.1#karma,11.2	1	08	051	mahABArawam	mOsalaparvaH	-
1.1	wawaH	-	wawaH	wawaH{avya}	wawaH{avya}	sambanXaH,9.1	sambanXaH,5.1#kArya_xyowakaH,5.1#sambanXaH,9.1	1	08	052	mahABArawam	mOsalaparvaH	-
10.1	yawnAw	-	yawnAw	yawna{puM;5;eka}	yawna{puM;5;eka}	kriyAviSeRaNam,9.1	kriyAviSeRaNam,9.1	1	08	052	mahABArawam	mOsalaparvaH	-
11.1	iva	-	iva	iva{avya}	iva{avya}	sambanXaH,10.1	sambanXaH,10.1	1	08	052	mahABArawam	mOsalaparvaH	-
12.1	kaWaFcana	-	kaWaFcana	kaWaFcana{avya}	kaWaFcana{avya}	kriyAviSeRaNam,9.1	kriyAviSeRaNam,9.1	1	08	052	mahABArawam	mOsalaparvaH	-
13.1	.	-	.	-	-	-	-	1	08	052	mahABArawam	mOsalaparvaH	-
2.1	arjunaH	-	arjunaH	arjuna	arjuna	karwA,9.1	karwA,9.1	1	08	052	mahABArawam	mOsalaparvaH	-
3.1	XanuH	-	XanuH	Xanu{puM;1;eka}/Xanus{napuM;1;eka}/Xanus{napuM;2;eka}/Xanus{napuM;8;eka}	Xanus{napuM;2;eka}	karm,9.1	viSeRaNam,6.1#viSeRaNam,3.1#karma,5.1#karm,9.1	1	08	052	mahABArawam	mOsalaparvaH	-
4.1	xivyaM	-	xivyaM	xivya{puM;2;eka}/xivya{napuM;1;eka}/xivya{napuM;2;eka}	xivya{napuM;2;eka}	viSeRaNam,3.1	viSeRaNam,6.1#viSeRaNam,2.2#karma,5.1#viSeRaNam,4.1#viSeRaNam,3.1	1	08	052	mahABArawam	mOsalaparvaH	-
5.1	gANdIvam	-	gANdIvam	gANdIva{puM;2;eka}	gANdIva{puM;2;eka}	viSeRaNam,3.1	karma,5.1#viSeRaNam,3.1	1	08	052	mahABArawam	mOsalaparvaH	-
6.1	ajaraM	-	ajaraM	jQ1{karwari;luf;u;eka;parasmEpaxI;xivAxiH}/ajara{puM;2;eka}/ajara{napuM;2;eka}	ajara{napuM;2;eka}	viSeRaNam,3.1	viSeRaNam,3.1	1	08	052	mahABArawam	mOsalaparvaH	-
7.1	mahaw	-	mahaw	mahaw{napuM;8;eka}/mahaw{napuM;1;eka}/mahaw{napuM;2;eka}	mahaw{napuM;1;eka}	viSeRaNam,3.1	viSeRaNam,3.1#viSeRaNam,2.2#karma,5.1	1	08	052	mahABArawam	mOsalaparvaH	-
8.1	Aropayiwum	-	Aropayiwum	Aropayiwum{avya}	Aropayiwum{avya}	sahAyakakriyA,9.1	sahAyakakriyA,9.1	1	08	052	mahABArawam	mOsalaparvaH	-
9.1	AreBe	-	AreBe	A_raB{karwari;lit;pra;eka;AwmanepaxI;BvAxiH}	A_raB{karwari;lit;pra;eka;AwmanepaxI;BvAxiH}	aBihiwa_karwA,2.1	aBihiwa_karwA,2.1	1	08	052	mahABArawam	mOsalaparvaH	-
1.1	cakAra	-	cakAra	kq2{karwari;lit;pra;eka;parasmEpaxI;svAxiH}/kq2{karwari;lit;u;eka;parasmEpaxI;svAxiH}/kq3{karwari;lit;pra;eka;parasmEpaxI;wanAxiH}/kq3{karwari;lit;u;eka;parasmEpaxI;wanAxiH}/kQ1{karwari;lit;pra;eka;parasmEpaxI;wuxAxiH}/kQ1{karwari;lit;u;eka;parasmEpaxI;wuxAxiH}	kq2{karwari;lit;pra;eka;parasmEpaxI;svAxiH}	aBihiwa_karwA,1.2	aBihiwa_karwA,1.2	1	08	053	mahABArawam	mOsalaparvaH	-
1.2	arjunaH	-	-	-	-	karwA,1.1;karwA,7.1;karwA,12.1	karwA,1.1;karwA,7.1;karwA,12.1	1	08	053	mahABArawam	mOsalaparvaH	-
10.1	na	-	na	na{avya}	na{avya}	prawiReXaH,12.1	prawiReXaH,12.1	1	08	053	mahABArawam	mOsalaparvaH	-
11.1	ca	-	ca	ca{avya}	ca{avya}	sambanXaH,10.1	samuccaya_xyowakaH,7.1#samuccaya_xyowakaH,1.1#sambanXaH,9.1#sambanXaH,10.1	1	08	053	mahABArawam	mOsalaparvaH	-
12.1	sasmAra	-	sasmAra	smq1{karwari;lit;pra;eka;parasmEpaxI;BvAxiH}/smq1{karwari;lit;u;eka;parasmEpaxI;BvAxiH}	smq1{karwari;lit;pra;eka;parasmEpaxI;BvAxiH}	aBihiwa_karwA,1.2	samucciwaH,7.1#samucciwaH,1.1#aBihiwa_karwA,1.2	1	08	053	mahABArawam	mOsalaparvaH	-
13.1	wAni	-	wAni	wax{sarvanAma;napuM;1;bahu}/wax{sarvanAma;napuM;2;bahu}	wax{sarvanAma;napuM;2;bahu}	viSeRaNam,9.1	viSeRaNam,9.1	1	08	053	mahABArawam	mOsalaparvaH	-
14.1	api	-	-	-	-	sambanXaH,13.1	sambanXaH,13.1	1	08	053	mahABArawam	mOsalaparvaH	-
15.1	.	-	.	-	-	-	-	1	08	053	mahABArawam	mOsalaparvaH	-
2.1	sajyaM	-	sajyaM	sajya{puM;2;eka}/sajya{napuM;1;eka}/sajya{napuM;2;eka}	sajya{puM;2;eka}	karma,1.1	prayojyakarwA,7.1#karma,7.1#karma,1.1#prayojakakarwA,7.1#karwA,1.1	1	08	053	mahABArawam	mOsalaparvaH	-
3.1	kqcCreNa	-	kqcCreNa	kqcCra{puM;3;eka}/kqcCra{napuM;3;eka}	kqcCra{puM;3;eka}	kriyaviSeRaNam,1.1	kriyaviSeRaNam,1.1#karwA,7.1#karaNam,11.1#karaNam,7.1#hewuH,11.1#hewuH,7.1#hewuH,6.1#hewuH,4.1	1	08	053	mahABArawam	mOsalaparvaH	-
4.1	samBrame	-	samBrame	samBrama{puM;7;eka(sam_Bram1;GaF;BvAxiH)}/samBrama{puM;7;eka(sam_Bram2;GaF;xivAxiH)}	samBrama{puM;7;eka(sam_Bram1;GaF;BvAxiH)}	karwA,6.1	karwA,6.1#viSeRaNam,6.1#aXikaraNam,11.1#aXikaraNam,7.1#aXikaraNam,6.1	1	08	053	mahABArawam	mOsalaparvaH	-
5.1	wumule	-	wumule	wumulA{swrI;1;xvi}/wumulA{swrI;2;xvi}	wumulA{swrI;1;xvi}	viSeRaNam,4.1	prayojyakarwA,7.1#karma,11.1#karma,7.1#viSeRaNam,4.1	1	08	053	mahABArawam	mOsalaparvaH	-
6.1	sawi	-	sawi	sawI{swrI;8;eka}/saw{puM;7;eka}/saw{puM;7;eka(as2;Sawq_lat;axAxiH)}/saw{napuM;7;eka(as2;Sawq_lat;axAxiH)}	saw{puM;7;eka}	BAvalakRaNasapwamI_pUrvakAlaH,12.1	aXikaraNam,11.1#aXikaraNam,7.1#aXikaraNam,4.1#samboXyaH,11.1#samboXyaH,7.1#BAvalakRaNasapwamI_pUrvakAlaH,12.1	1	08	053	mahABArawam	mOsalaparvaH	-
7.1	cinwayAmAsa	-	cinwayAmAsa	ciw2{Nic;karwari;lit;u;eka;parasmEpaxI;curAxiH}/ciw2{Nic;karwari;lit;u;eka;AwmanepaxI;curAxiH}/ciw2{Nic;karwari;lit;pra;eka;parasmEpaxI;curAxiH}/ciw2{Nic;karwari;lit;pra;eka;AwmanepaxI;curAxiH}/ciw2{Nic;karwari;lit;ma;bahu;parasmEpaxI;curAxiH}/ciw2{Nic;karwari;lit;ma;bahu;AwmanepaxI;curAxiH}/ciw2{karwari;lit;u;eka;parasmEpaxI;curAxiH}/ciw2{karwari;lit;pra;eka;parasmEpaxI;curAxiH}/ciw2{karwari;lit;ma;bahu;parasmEpaxI;curAxiH}/ciw2{karmaNi;lit;u;eka;AwmanepaxI;curAxiH}/ciw2{karmaNi;lit;pra;eka;AwmanepaxI;curAxiH}/ciw2{karmaNi;lit;ma;bahu;AwmanepaxI;curAxiH}	ciw2{Nic;karwari;lit;u;eka;parasmEpaxI;curAxiH}	aBihiwa_karwA,1.2	aBihiwa_karwA,1.2	1	08	053	mahABArawam	mOsalaparvaH	-
8.1	ca	-	ca	-	-	sambanXaH,7.1	sambanXaH,7.1	1	08	053	mahABArawam	mOsalaparvaH	-
9.1	aswrANi	-	aswrANi	aswra{napuM;1;bahu}/aswra{napuM;2;bahu}/aswra{napuM;8;bahu}	aswra{napuM;2;bahu}	karma,12.1	karma,12.1	1	08	053	mahABArawam	mOsalaparvaH	-
1.1	vEkqwyaM	-	vEkqwyaM	vEkqwya{napuM;1;eka}/vEkqwya{napuM;2;eka}	vEkqwya{napuM;2;eka}	karma,4.1	karma,4.1	1	08	054	mahABArawam	mOsalaparvaH	-
10.1	mahAswrANAM	-	mahAswrANAM	-	-	RaRTIsambanXaH,11.1	RaRTIsambanXaH,11.1	1	08	054	mahABArawam	mOsalaparvaH	-
11.1	vinASAx	-	vinASAx	vinASa{napuM;5;eka}	vinASa{napuM;5;eka}	hewuH,12.1	hewuH,12.1	1	08	054	mahABArawam	mOsalaparvaH	-
12.1	vridiwaH	-	vridiwaH	-	-	viXeya_viSeRaNam,12.2	viXeya_viSeRaNam,12.2	1	08	054	mahABArawam	mOsalaparvaH	-
12.2	(arjunaH)	-	-	-	-	karwA,13.1	karwA,13.1	1	08	054	mahABArawam	mOsalaparvaH	-
13.1	aBavaw	-	aBavaw	BU1{karwari;laf;pra;eka;parasmEpaxI;BvAxiH}	BU1{karwari;laf;pra;eka;parasmEpaxI;BvAxiH}	aBihiwa_karwA,12.2	aBihiwa_karwA,12.2	1	08	054	mahABArawam	mOsalaparvaH	-
14.1	.	-	.	-	-	-	-	1	08	054	mahABArawam	mOsalaparvaH	-
2.1	wax	-	wanmahax	wax{napuM;2;eka}	wax{napuM;2;eka}	viSeRaNam,1.1	viSeRaNam,1.1	1	08	054	mahABArawam	mOsalaparvaH	-
3.1	mahax	-	-	mahax{napuM;2;eka}	mahax{napuM;2;eka}	viSeRaNam,1.1	viSeRaNam,1.1	1	08	054	mahABArawam	mOsalaparvaH	-
4.1	xqRtvA	-	xqRtvA	xqS1{avya;kwvA;BvAxiH}	xqS1{avya;kwvA;BvAxiH}	pUrvakAlaH,13.1	pUrvakAlaH,13.1	1	08	054	mahABArawam	mOsalaparvaH	-
5.1	BujavIrye	-	BujavIrye	BujavIrya{puM;7;eka}/BujavIrya{napuM;7;eka}	BujavIrya{napuM;7;eka}	samucciwaH,7.1	aXikaraNam,12.1#aXikaraNam,3.1#samucciwaH,7.1	1	08	054	mahABArawam	mOsalaparvaH	-
6.1	waWA	-	waWA	waWA{avya}	waWA{avya}	samuccaya_xyowakaH,7.1	sup_samuccaya_xyowakaH,4.1#kriyAviSeRaNam,12.1#kriyAviSeRaNam,3.1#samuccaya_xyowakaH,7.1	1	08	054	mahABArawam	mOsalaparvaH	-
7.1	yuXi	-	yuXi	yuX{swrI;7;eka}	yuX{swrI;7;eka}	aXikaraNam,1.1	sup_samucciwaH,4.1#aXikaraNam,12.1#aXikaraNam,3.1#aXikaraNam,1.1	1	08	054	mahABArawam	mOsalaparvaH	-
8.1	xivyAnAM	-	xivyAnAM	xivya{puM;6;bahu}/xivya{napuM;6;bahu}/xivyA{swrI;6;bahu}	xivya{puM;6;bahu}	viSeRaNam,10.1	RaRTIsambanXaH,10.1#RaRTIsambanXaH,6.1#RaRTIsambanXaH,4.1#viSeRaNam,10.1	1	08	054	mahABArawam	mOsalaparvaH	-
9.1	ca	-	ca	ca{avya}	ca{avya}	sambanXaH,8.1	sambanXaH,7.1#sambanXaH,8.1	1	08	054	mahABArawam	mOsalaparvaH	-
1.1	vqRNiyoXAH	-	vqRNiyoXAH	-	-	karwA,7.1	karwA,7.1	1	08	055	mahABArawam	mOsalaparvaH	-
10.1	ca	-	ca	ca{avya}	ca{avya}	sambanXaH,9.1	sup_samuccaya_xyowakaH,9.1#sambanXaH,9.1	1	08	055	mahABArawam	mOsalaparvaH	-
11.1	waM	-	waM	wax{sarvanAma;puM;2;eka}	wax{sarvanAma;puM;2;eka}	viSeRaNam,12.1	viSeRaNam,12.1#viSeRaNam,9.1#sup_samucciwaH,9.1#karma,9.1#karma,7.1	1	08	055	mahABArawam	mOsalaparvaH	-
12.1	janam	-	janam	jana{puM;2;eka}	jana{puM;2;eka}	karma,7.1	sup_samucciwaH,9.1#karma,9.1#karma,7.1	1	08	055	mahABArawam	mOsalaparvaH	-
13.1	.	-	.	-	-	-	-	1	08	055	mahABArawam	mOsalaparvaH	-
2.1	ca	-	ca	ca{avya}	ca{avya}	sambanXaH,7.1	sambanXaH,7.1	1	08	055	mahABArawam	mOsalaparvaH	-
3.1	we	-	we	wax{sarvanAma;puM;1;bahu}/wax{sarvanAma;napuM;1;xvi}/wax{sarvanAma;napuM;2;xvi}/wax{sarvanAma;swrI;1;xvi}/wax{sarvanAma;swrI;2;xvi}/yuRmax{sarvanAma;6;eka}/yuRmax{sarvanAma;4;eka}	wax{sarvanAma;napuM;2;xvi}	viSeRaNam,1.1	viSeRaNam,1.1#prayojanam1,9.1#prayojanam1,7.1#RaRTIsambanXaH,12.1#viSeRaNam,4.1#sup_samucciwaH,9.1#karma,9.1#karma,7.1#karwA,7.1	1	08	055	mahABArawam	mOsalaparvaH	-
4.1	sarve	-	sarve	sarva{sarvanAma;puM;1;bahu}/sarva{sarvanAma;napuM;1;xvi}/sarva{sarvanAma;napuM;2;xvi}/sarvA{sarvanAma;swrI;1;xvi}/sarvA{sarvanAma;swrI;2;xvi}	sarva{sarvanAma;puM;1;bahu}	viSeRaNam,1.1	viSeRaNam,3.1#sup_samucciwaH,9.1#karma,9.1#karma,7.1#karwA,7.1#viSeRaNam,1.1	1	08	055	mahABArawam	mOsalaparvaH	-
5.1	gaja-	-	gaja-aSva-raWa--	gaja	gaja	samAsaH,5.2	samAsaH,5.2	1	08	055	mahABArawam	mOsalaparvaH	-
5.2	aSva-	-	--	aSva	aSva	samAsaH,5.3	samAsaH,5.3	1	08	055	mahABArawam	mOsalaparvaH	-
5.3	raWa-	-	--	raWa	raWa	samAsaH,5.4	samAsaH,5.4	1	08	055	mahABArawam	mOsalaparvaH	-
5.4	yAyinaH	-	--	anuyAyin{puM;1;bahu}	anuyAyin{puM;1;bahu}	viSeRaNam,1.1	viSeRaNam,1.1	1	08	055	mahABArawam	mOsalaparvaH	-
6.1	na	-	na	na{avya}	na{avya}	prawiReXaH,7.1	prawiReXaH,7.1	1	08	055	mahABArawam	mOsalaparvaH	-
7.1	SekuH	-	SekuH	Sak2{karwari;lit;pra;bahu;parasmEpaxI;xivAxiH}/Sak3{karwari;lit;pra;bahu;parasmEpaxI;svAxiH}	Sak2{karwari;lit;pra;bahu;parasmEpaxI;xivAxiH}	aBihiwa_karwA,1.1;sakarmaka	aBihiwa_karwA,1.1;sakarmaka	1	08	055	mahABArawam	mOsalaparvaH	-
8.1	avarwayiwuM	-	avarwayiwuM	-	-	sahAyakakriyA,7.1	sahAyakakriyA,7.1	1	08	055	mahABArawam	mOsalaparvaH	-
9.1	hriyamANaM	-	hriyamANaM	hriyamANa{puM;2;eka(hq2;SAnac_lat;karwari;juhowyAxiH)}/hriyamANa{napuM;1;eka(hq2;SAnac_lat;karwari;juhowyAxiH)}/hriyamANa{napuM;2;eka(hq2;SAnac_lat;karwari;juhowyAxiH)}/hriyamANa{puM;2;eka(hq2;SAnac_lat;karmaNi;juhowyAxiH)}/hriyamANa{napuM;1;eka(hq2;SAnac_lat;karmaNi;juhowyAxiH)}/hriyamANa{napuM;2;eka(hq2;SAnac_lat;karmaNi;juhowyAxiH)}	hriyamANa{puM;2;eka(hq2;SAnac_lat;karwari;juhowyAxiH)}	viSeRaNam,12.1	karma,7.1#karwA,7.1#viSeRaNam,12.1#viSeRaNam,11.1#viSeRaNam,12.1	1	08	055	mahABArawam	mOsalaparvaH	-
1.1	kalawrasya	-	kalawrasya	kalawra{napuM;6;eka}	kalawra{napuM;6;eka}	RaRTIsambanXaH,2.1	RaRTIsambanXaH,2.1#karwA,11.1#karma,11.1#RaRTIsambanXaH,10.1#RaRTIsambanXaH,9.1#RaRTIsambanXaH,7.1	1	08	056	mahABArawam	mOsalaparvaH	-
10.1	janasya	-	janasya	jana{puM;6;eka}	jana{puM;6;eka}	karma,11.1	karwA,11.1#karma,11.1#RaRTIsambanXaH,9.1#RaRTIsambanXaH,7.1#RaRTIsambanXaH,1.1	1	08	056	mahABArawam	mOsalaparvaH	-
11.1	parirakRaNe	-	parirakRaNe	parirakRaNa{napuM;1;xvi(pari_rakR1;lyut;BvAxiH)}/parirakRaNa{napuM;2;xvi(pari_rakR1;lyut;BvAxiH)}/parirakRaNa{napuM;7;eka(pari_rakR1;lyut;BvAxiH)}	parirakRaNa{napuM;7;eka(pari_rakR1;lyut;BvAxiH)}	aXikaraNam,7.1	aXikaraNam,7.1	1	08	056	mahABArawam	mOsalaparvaH	-
12.1	.	-	.	-	-	-	-	1	08	056	mahABArawam	mOsalaparvaH	-
2.1	bahuwvAw	-	bahuwvAw	-	-	hewuH,4.1	hewuH,4.1	1	08	056	mahABArawam	mOsalaparvaH	-
3.1	wu	-	wu	wu{avya}	wu{avya}	sambanXaH,2.1	sambanXaH,2.1	1	08	056	mahABArawam	mOsalaparvaH	-
4.1	sampawawsu	-	sampawawsu	-	-	BAvalakRaNasapwamI_varwamAnasamakAlaH,8.1	BAvalakRaNasapwamI_varwamAnasamakAlaH,8.1	1	08	056	mahABArawam	mOsalaparvaH	-
5.1	wawaH	-	wawaH	wawaH{avya}	wawaH{avya}	sambanXaH,4.1	sambanXaH,4.1#vIpsA,6.1#sambanXaH,11.1#sambanXaH,8.1#kArya_xyowakaH,8.1	1	08	056	mahABArawam	mOsalaparvaH	-
6.1	wawaH	-	wawaH	wawaH{avya}	wawaH{avya}	sambanXaH,4.1	sambanXaH,4.1#sambanXaH,11.1#sambanXaH,8.1#kArya_xyowakaH,8.1	1	08	056	mahABArawam	mOsalaparvaH	-
7.1	prayawnam	-	prayawnam	prayawna{puM;2;eka}	prayawna{puM;2;eka}	karma,8.1	karma,8.1	1	08	056	mahABArawam	mOsalaparvaH	-
8.1	akarow	-	akarow	kq3{karwari;laf;pra;eka;parasmEpaxI;wanAxiH}	kq3{karwari;laf;pra;eka;parasmEpaxI;wanAxiH}	aBihiwa_karwA,9.1;sakarmaka	aBihiwa_karwA,9.1;sakarmaka	1	08	056	mahABArawam	mOsalaparvaH	-
9.1	pArWaH	-	pArWaH	pArWa{puM;1;eka}	pArWa{puM;1;eka}	karwA,8.1	karwA,8.1	1	08	056	mahABArawam	mOsalaparvaH	-
1.1	miRawAM	-	miRawAM	miR2{karwari;lot;pra;xvi;parasmEpaxI;wuxAxiH}/miRaw{puM;6;bahu(miR2;Sawq_lat;wuxAxiH)}/miRaw{napuM;6;bahu(miR2;Sawq_lat;wuxAxiH)}	miRaw{puM;6;bahu(miR2;Sawq_lat;wuxAxiH)}	varwamAnasamakAlaH,7.1	varwamAnasamakAlaH,7.1	1	08	057	mahABArawam	mOsalaparvaH	-
10.1	anyAH	-	anyAH	an1{karwari;ASIrlif;ma;eka;parasmEpaxI;axAxiH}/an1{karwari;viXilif;ma;eka;parasmEpaxI;axAxiH}/anyA{swrI;1;bahu}/anyA{swrI;2;bahu}/anyA{sarvanAma;swrI;1;bahu}/anyA{sarvanAma;swrI;2;bahu}	anyA{swrI;1;bahu}	karwA,11.1	karwA,11.1	1	08	057	mahABArawam	mOsalaparvaH	-
11.1	pravavrajuH	-	pravavrajuH	pra_vraj1{karwari;lit;pra;bahu;parasmEpaxI;BvAxiH}	pra_vraj1{karwari;lit;pra;bahu;parasmEpaxI;BvAxiH}	aBihiwa_karwA,10.1	aBihiwa_karwA,10.1	1	08	057	mahABArawam	mOsalaparvaH	-
12.1	.	-	.	-	-	-	-	1	08	057	mahABArawam	mOsalaparvaH	-
2.1	sarvayoXAnAM	-	sarvayoXAnAM	-	sarvayoXa{puM;6;bahu}	karwA,1.1	karwA,1.1	1	08	057	mahABArawam	mOsalaparvaH	-
3.1	wawaH	-	wawaH	wawaH{avya}	wawaH{avya}	sambanXaH,1.1	sambanXaH,1.1#sambanXaH,11.1#sambanXaH,10.1#kArya_xyowakaH,11.1#kArya_xyowakaH,10.1	1	08	057	mahABArawam	mOsalaparvaH	-
4.1	wAH	-	wAH	wax{sarvanAma;swrI;1;bahu}/wax{sarvanAma;swrI;2;bahu}	wax{sarvanAma;swrI;1;bahu}	viSeRaNam,5.1	viSeRaNam,5.1#viSeRaNam,10.1#karwA,11.1	1	08	057	mahABArawam	mOsalaparvaH	-
5.1	pramaxowwamAH	-	pramaxowwamAH	-	pramaxowwamA{swrI;1;bahu}	karma,7.1	karma,7.1	1	08	057	mahABArawam	mOsalaparvaH	-
6.1	samanwawaH	-	samanwawaH	samanwa{avya;wasil}/samanwawaH{avya}	samanwa{avya;wasil}	kriyAviSeRaNam,7.1	kriyAviSeRaNam,7.1#kriyAviSeRaNam,11.1#kriyAviSeRaNam,10.1	1	08	057	mahABArawam	mOsalaparvaH	-
7.1	avakqRyanwa	-	avakqRyanwa	-	ava_kqR{karwari;laf;pra;bahu;parasmEpaxI;xivAxiH}	aBihiwa_karwA,0	aBihiwa_karwA,0	1	08	057	mahABArawam	mOsalaparvaH	-
8.1	kAmAw	-	kAmAw	kAma{puM;5;eka}	kAma{puM;5;eka}	hewuH,11.1	hewuH,11.1	1	08	057	mahABArawam	mOsalaparvaH	-
9.1	ca	-	ca	ca{avya}	ca{avya}	sambanXaH,8.1	sambanXaH,8.1	1	08	057	mahABArawam	mOsalaparvaH	-
1.1	wawaH	-	wawaH	wawaH{avya}	wawaH{avya}	sambanXaH,6.1	sambanXaH,6.1#kArya_xyowakaH,6.1	1	08	058	mahABArawam	mOsalaparvaH	-
10.1	saha	-	saha	saha{avya}	saha{avya}	sahArWa_xyowakaH,9.1	sahArWa_xyowakaH,9.1#sahArWa_xyowakaH,2.2#kriyAviSeRaNam,6.1	1	08	058	mahABArawam	mOsalaparvaH	-
11.1	praBuH	-	praBuH	praBu{puM;1;eka}	praBu{puM;1;eka}	viSeRaNam,5.1	karwA,6.1#aBexaH,5.1#aBexaH,4.1#viSeRaNam,5.1	1	08	058	mahABArawam	mOsalaparvaH	-
12.1	.	-	.	-	-	-	-	1	08	058	mahABArawam	mOsalaparvaH	-
2.1	gANdIva-	-	gANdIva-nirmukwa	gANdIva	gANdIva	wa_pu_6,2.2	wa_pu_6,2.2	1	08	058	mahABArawam	mOsalaparvaH	-
2.2	nirmukwEH	-	--	nirmukwa{puM;3;bahu}/nirmukwa{napuM;3;bahu}	nirmukwa{puM;3;bahu}	viSeRaNam,3.1	viSeRaNam,3.1#sahArWaH,6.1#karaNam,6.1#hewuH,6.1	1	08	058	mahABArawam	mOsalaparvaH	-
3.1	SarEH	-	SarEH	Sara{puM;3;bahu}/Sara{napuM;3;bahu}	Sara{puM;3;bahu}	sahArWaH,6.1	sahArWaH,6.1#karaNam,6.1#hewuH,6.1	1	08	058	mahABArawam	mOsalaparvaH	-
4.1	pArWaH	-	pArWaH	pArWa{puM;1;eka}	pArWa{puM;1;eka}	viSeRaNam,5.1	viSeRaNam,11.1#viSeRaNam,5.1#karwA,6.1	1	08	058	mahABArawam	mOsalaparvaH	-
5.1	XanaFjayaH	-	XanaFjayaH	XanaFjaya{puM;1;eka}	XanaFjaya{puM;1;eka}	karwA,6.1	viSeRaNam,11.1#viSeRaNam,4.1#karwA,6.1	1	08	058	mahABArawam	mOsalaparvaH	-
6.1	jaGAna	-	jaGAna	han1{karwari;lit;pra;eka;parasmEpaxI;axAxiH}/han1{karwari;lit;u;eka;parasmEpaxI;axAxiH}	han1{karwari;lit;pra;eka;parasmEpaxI;axAxiH}	aBihiwa_karwA,5.1;sakarmaka	aBihiwa_karwA,5.1;sakarmaka	1	08	058	mahABArawam	mOsalaparvaH	-
7.1	xasyUn	-	xasyUn	xasyu{puM;2;bahu}	xasyu{puM;2;bahu}	karma,6.1	karma,6.1	1	08	058	mahABArawam	mOsalaparvaH	-
8.1	soxvegaH	-	soxvegaH	soxvega{puM;1;eka}	soxvega{puM;1;eka}	viSeRaNam,5.1	viSeRaNam,11.1#viSeRaNam,5.1#viSeRaNam,4.1#karwA,6.1#viSeRaNam,5.1	1	08	058	mahABArawam	mOsalaparvaH	-
9.1	vqRNiBqwyEH	-	vqRNiBqwyEH	-	-	sahArWaH,6.1	sahArWaH,6.1	1	08	058	mahABArawam	mOsalaparvaH	-
1.1	kRaNena	-	kRaNena	kRaNa{puM;3;eka}/kRaNa{napuM;3;eka}	kRaNa{puM;3;eka}	karaNam,6.1	karaNam,6.1#hewuH,12.1#hewuH,11.1#hewuH,6.1#hewuH,4.1	1	08	059	mahABArawam	mOsalaparvaH	-
10.1	purA	-	purA	purA{avya}	purA{avya}	viSeRaNam,8.1	kriyAviSeRaNam,12.1#kriyAviSeRaNam,11.1#kriyAviSeRaNam,6.1#viSeRaNam,8.1	1	08	059	mahABArawam	mOsalaparvaH	-
11.1	BUwvA	-	BUwvA	as2{avya;kwvA;axAxiH}	as2{avya;kwvA;axAxiH}	pUrvakAlaH,6.1	pUrvakAlaH,12.1#pUrvakAlaH,6.1	1	08	059	mahABArawam	mOsalaparvaH	-
12.1	kRINAH	-	kRINAH	kRINa{puM;1;bahu(kRi1;kwa;BvAxiH)}/kRINA{swrI;1;bahu(kRi1;kwa;BvAxiH)}/kRINA{swrI;2;bahu(kRi1;kwa;BvAxiH)}/kRINA{swrI;1;bahu(kRi3;kwa;wuxAxiH)}/kRINA{swrI;2;bahu(kRi3;kwa;wuxAxiH)}/kRINa{puM;1;bahu(kRI1;kwa;kryAxiH)}/kRINA{swrI;1;bahu(kRI1;kwa;kryAxiH)}/kRINA{swrI;2;bahu(kRI1;kwa;kryAxiH)}	kRINa{puM;1;bahu(kRi1;kwa;BvAxiH)}	viSeRaNam,8.1	viSeRaNam,13.2#viSeRaNam,8.1#viSeRaNam,7.1#karma,6.1#viXeya_viSeRaNam,8.1#viXeya_viSeRaNam,7.1#viXeya_viSeRaNam,3.1#karwqrahiwakarwqsamAnAXikaraNam,11.1#karwA,6.1	1	08	059	mahABArawam	mOsalaparvaH	-
13.1	kRawaja-	-	kRawaja-Bojana	kRawaja	kRawaja	samAsaH,13.2	samAsaH,13.2	1	08	059	mahABArawam	mOsalaparvaH	-
13.2	BojanAH	-	--	Bojana{puM;8;bahu}/Bojana{puM;1;bahu}/BojanA{swrI;8;bahu}/BojanA{swrI;1;bahu}/BojanA{swrI;2;bahu}	BojanA{swrI;2;bahu}	karma,6.1	viSeRaNam,12.1#viSeRaNam,8.1#viSeRaNam,7.1#karma,12.1#karma,6.1#viXeya_viSeRaNam,12.1#viXeya_viSeRaNam,8.1#viXeya_viSeRaNam,7.1#viXeya_viSeRaNam,3.1#karwqrahiwakarwqsamAnAXikaraNam,11.1#karwA,6.1	1	08	059	mahABArawam	mOsalaparvaH	-
14.1	.	-	.	-	-	-	-	1	08	059	mahABArawam	mOsalaparvaH	-
2.1	wasya	-	wasya	wax{sarvanAma;napuM;6;eka}/wax{sarvanAma;puM;6;eka}	wax{sarvanAma;napuM;6;eka}	RaRTIsambanXaH,3.1	viSeRaNam,3.1#RaRTIsambanXaH,13.2#RaRTIsambanXaH,8.1#RaRTIsambanXaH,7.1#RaRTIsambanXaH,5.1#RaRTIsambanXaH,4.1#RaRTIsambanXaH,3.1	1	08	059	mahABArawam	mOsalaparvaH	-
3.1	we	-	we	wax{sarvanAma;puM;1;bahu}/wax{sarvanAma;napuM;1;xvi}/wax{sarvanAma;napuM;2;xvi}/wax{sarvanAma;swrI;1;xvi}/wax{sarvanAma;swrI;2;xvi}/yuRmax{sarvanAma;6;eka}/yuRmax{sarvanAma;4;eka}	wax{sarvanAma;puM;1;bahu}	karwA,6.1	prayojanam1,12.1#prayojanam1,11.1#prayojanam1,6.1#prayojanam1,4.1#RaRTIsambanXaH,13.2#RaRTIsambanXaH,8.1#RaRTIsambanXaH,7.1#RaRTIsambanXaH,5.1#RaRTIsambanXaH,4.1#karma,6.1#karwqrahiwakarwqsamAnAXikaraNam,11.1#viSeRaNam,13.2#viSeRaNam,12.1#viSeRaNam,7.1#karwA,6.1	1	08	059	mahABArawam	mOsalaparvaH	-
4.1	rAjan	-	rAjan	rAjan{puM;8;eka}/rAjaw{puM;1;eka(rAj1;Sawq_lat;BvAxiH)}	rAjan{puM;8;eka}	samboXyaH,6.1	karwqrahiwakarwqsamAnAXikaraNam,11.1#samboXyaH,12.1#samboXyaH,6.1	1	08	059	mahABArawam	mOsalaparvaH	-
5.1	kRayaM	-	kRayaM	kRaya{puM;2;eka}/kRaya{napuM;1;eka}/kRaya{napuM;2;eka}	kRaya{puM;2;eka}	karma,5.1	karma,12.1#karma,6.1#viXeya_viSeRaNam,4.1#karwqrahiwakarwqsamAnAXikaraNam,11.1#karma,5.1	1	08	059	mahABArawam	mOsalaparvaH	-
6.1	jagmuH	-	jagmuH	gam1{karwari;lit;pra;bahu;parasmEpaxI;BvAxiH}	gam1{karwari;lit;pra;bahu;parasmEpaxI;BvAxiH}	aBihiwa_karwA,3.1	aBihiwa_karwA,3.1	1	08	059	mahABArawam	mOsalaparvaH	-
7.1	ajihmagAH	-	ajihmagAH	ajihmaga{puM;1;bahu}/ajihmagA{swrI;1;bahu}/ajihmagA{swrI;2;bahu}	ajihmaga{puM;1;bahu}	viSeRaNam,8.1	karma,12.1#karma,6.1#viXeya_viSeRaNam,3.1#karwqrahiwakarwqsamAnAXikaraNam,11.1#karwA,6.1#viSeRaNam,8.1	1	08	059	mahABArawam	mOsalaparvaH	-
8.1	akRayAH	-	akRayAH	akRayA{swrI;1;bahu}/akRayA{swrI;2;bahu}	akRayA{swrI;1;bahu}	viSeRaNam,8.1	karma,12.1#karma,6.1#viXeya_viSeRaNam,7.1#viXeya_viSeRaNam,3.1#karwqrahiwakarwqsamAnAXikaraNam,11.1#karwA,6.1#viSeRaNam,8.1	1	08	059	mahABArawam	mOsalaparvaH	-
9.1	hi	-	hi	hi{avya}	hi{avya}	sambanXaH,6.1	sambanXaH,12.1#sambanXaH,6.1	1	08	059	mahABArawam	mOsalaparvaH	-
1.1	saH	-	saH	wax{sarvanAma;puM;1;eka}	wax{sarvanAma;puM;1;eka}	karwA,8.1	viSeRaNam,9.1#viSeRaNam,4.3#karwA,8.1	1	08	060	mahABArawam	mOsalaparvaH	-
10.1	.	-	.	-	-	-	-	1	08	060	mahABArawam	mOsalaparvaH	-
2.1	Sara-	-	Sara-kRaya	Sara	Sara	samAsaH,2.2	samAsaH,2.2	1	08	060	mahABArawam	mOsalaparvaH	-
2.2	kRayam	-	--	kRaya{puM;2;eka}/kRaya{napuM;1;eka}/kRaya{napuM;2;eka}	kRaya{puM;2;eka}	karma,3.1	karma,8.1#karma,3.1#karwA,8.1	1	08	060	mahABArawam	mOsalaparvaH	-
3.1	AsAxya	-	AsAxya	Af_Rax1{avya;Nic;lyap;BvAxiH}	Af_Rax1{avya;Nic;lyap;BvAxiH}	pUrvakAlaH,8.1	pUrvakAlaH,8.1#pUrvakAlaH,4.3	1	08	060	mahABArawam	mOsalaparvaH	-
4.1	xuHKa-	-	xuHKa-Soka-samAhawa	xuHKa	xuHKa	samAsaH,4.3	samAsaH,4.3	1	08	060	mahABArawam	mOsalaparvaH	-
4.2	Soka-	-	--	Soka	Soka	samAsaH,4.3	samAsaH,4.3	1	08	060	mahABArawam	mOsalaparvaH	-
4.3	samAhawaH	-	--	sam_Af_han1{karwari;lat;pra;xvi;parasmEpaxI;axAxiH}/samAhawa{puM;1;eka(sam_Af_han1;kwa;axAxiH)}	samAhawa{puM;1;eka(sam_Af_han1;kwa;axAxiH)}	viSeRaNam,1.1	viSeRaNam,9.1#viSeRaNam,1.1#karwA,8.1	1	08	060	mahABArawam	mOsalaparvaH	-
5.1	XanuRkotyA	-	XanuRkotyA	-	-	karaNam,8.1	karaNam,8.1	1	08	060	mahABArawam	mOsalaparvaH	-
6.1	waxA	-	waxA	waxA{avya}	waxA{avya}	kAlAXikaraNam,8.1	kAlAXikaraNam,8.1#kAlAXikaraNam,4.3	1	08	060	mahABArawam	mOsalaparvaH	-
7.1	xasyUn	-	xasyUn	xasyu{puM;2;bahu}	xasyu{puM;2;bahu}	karma,8.1	karma,8.1#karma,3.1	1	08	060	mahABArawam	mOsalaparvaH	-
8.1	avaXIw	-	avaXIw	han1{karwari;luf;pra;eka;parasmEpaxI;axAxiH}	han1{karwari;luf;pra;eka;parasmEpaxI;axAxiH}	aBihiwa_karwA,1.1;sakarmaka	aBihiwa_karwA,1.1;sakarmaka	1	08	060	mahABArawam	mOsalaparvaH	-
9.1	pAkaSAsaniH	-	pAkaSAsaniH	pAkaSAsani{puM;1;eka}	pAkaSAsani{puM;1;eka}	viSeRaNam,1.1	karwA,8.1#viSeRaNam,1.1	1	08	060	mahABArawam	mOsalaparvaH	-
1.1	prekRawaH	-	prekRawaH	-	-	kriyAviSeRaNam,6.1	kriyAviSeRaNam,6.1	1	08	061	mahABArawam	mOsalaparvaH	-
10.1	samanwAw	-	samanwAw	samanwAw{avya}/samanwa{puM;5;eka}/samanwa{napuM;5;eka}	samanwAw{avya}	lyapkarmAXikaraNam,7.1	lyapkarmAXikaraNam,7.1	1	08	061	mahABArawam	mOsalaparvaH	-
11.1	janamejaya	-	janamejaya	janamejaya{puM;8;eka}	janamejaya{puM;8;eka}	samboXyaH,6.1	samboXyaH,6.1	1	08	061	mahABArawam	mOsalaparvaH	-
12.1	.	-	.	-	-	-	-	1	08	061	mahABArawam	mOsalaparvaH	-
2.1	wu	-	wu	wu{avya}	wu{avya}	sambanXaH,1.1	sambanXaH,1.1	1	08	061	mahABArawam	mOsalaparvaH	-
3.1	eva	-	eva	eva{avya}	eva{avya}	sambanXaH,2.1	sambanXaH,2.1	1	08	061	mahABArawam	mOsalaparvaH	-
4.1	pArWasya	-	pArWasya	pArWa{puM;6;eka}	pArWa{puM;6;eka}	RaRTIsambanXaH,10.1	viSeRaNam,8.1#RaRTIsambanXaH,5.4#RaRTIsambanXaH,10.1	1	08	061	mahABArawam	mOsalaparvaH	-
5.1	vqRNi-	-	vqRNi-anXaka-vara-swrI	vqRNi	vqRNi	samAsaH,5.4	samAsaH,5.4	1	08	061	mahABArawam	mOsalaparvaH	-
5.2	anXaka-	-	--	anXaka	anXaka	samAsaH,5.4	samAsaH,5.4	1	08	061	mahABArawam	mOsalaparvaH	-
5.3	vara-	-	--	vara	vara	samAsaH,5.4	samAsaH,5.4	1	08	061	mahABArawam	mOsalaparvaH	-
5.4	swriyaH	-	--	swrI{swrI;1;bahu}/swrI{swrI;2;bahu}/swrI{swrI;8;bahu}	swrI{swrI;2;bahu}	karma,7.1	karma,7.1#karma,6.1#karwA,6.1	1	08	061	mahABArawam	mOsalaparvaH	-
6.1	jagmuH	-	jagmuH	gam1{karwari;lit;pra;bahu;parasmEpaxI;BvAxiH}	gam1{karwari;lit;pra;bahu;parasmEpaxI;BvAxiH}	aBihiwa_karwA,9.1	aBihiwa_karwA,9.1	1	08	061	mahABArawam	mOsalaparvaH	-
7.1	AxAya	-	AxAya	Af_xE1{karwari;lot;ma;eka;parasmEpaxI;BvAxiH}/Af_xA3{avya{lyap;juhowyAxiH}/Af_xA1{avya{lyap;BvAxiH}/Af_xA2{avya{lyap;axAxiH}	Af_xE1{karwari;lot;ma;eka;parasmEpaxI;BvAxiH}	pUrvakAlaH,6.1	pUrvakAlaH,6.1	1	08	061	mahABArawam	mOsalaparvaH	-
8.1	we	-	we	wax{sarvanAma;puM;1;bahu}/wax{sarvanAma;napuM;1;xvi}/wax{sarvanAma;napuM;2;xvi}/wax{sarvanAma;swrI;1;xvi}/wax{sarvanAma;swrI;2;xvi}/yuRmax{sarvanAma;6;eka}/yuRmax{sarvanAma;4;eka}	wax{sarvanAma;puM;1;bahu}	viSeRaNam,9.1	RaRTIsambanXaH,11.1#RaRTIsambanXaH,10.1#RaRTIsambanXaH,9.1#viSeRaNam,9.1	1	08	061	mahABArawam	mOsalaparvaH	-
9.1	mlecCAH	-	mlecCAH	mlecCa{puM;1;bahu}/mlecCa{puM;8;bahu}	mlecCa{puM;1;bahu}	karwA,6.1	karwA,6.1	1	08	061	mahABArawam	mOsalaparvaH	-
1.1	XanaFjayaH	-	XanaFjayaH	XanaFjaya{puM;1;eka}	XanaFjaya{puM;1;eka}	karwA,10.1	viSeRaNam,7.1#prayojakakarwA,6.1#karwA,10.1	1	08	062	mahABArawam	mOsalaparvaH	-
10.1	aBavaw	-	aBavaw	BU1{karwari;laf;pra;eka;parasmEpaxI;BvAxiH}	BU1{karwari;laf;pra;eka;parasmEpaxI;BvAxiH}	aBihiwa_karwA,1.1;sakarmaka	aBihiwa_karwA,1.1;sakarmaka	1	08	062	mahABArawam	mOsalaparvaH	-
11.1	.	-	.	-	-	-	-	1	08	062	mahABArawam	mOsalaparvaH	-
2.1	wu	-	wu	wu{avya}	wu{avya}	sambanXaH,6.1	sambanXaH,1.1#sambanXaH,6.1	1	08	062	mahABArawam	mOsalaparvaH	-
3.1	xEvaM	-	xEvaM	xEva{puM;2;eka}/xEva{napuM;1;eka}/xEva{napuM;2;eka}	xEva{napuM;2;eka}	viSeRaNam,4.1	viSeRaNam,4.1#prayojyakarwA,6.1#karma,6.1#viXeya_viSeRaNam,1.1#prayojakakarwA,6.1#karwA_be_verbs,10.1	1	08	062	mahABArawam	mOsalaparvaH	-
4.1	wax	-	wax	wax{sarvanAma;napuM;1;eka}/wax{sarvanAma;napuM;2;eka}	wax{sarvanAma;napuM;2;eka}	karma,6.1	viSeRaNam,3.1#prayojyakarwA,6.1#karma,6.1#prayojakakarwA,6.1#karwA_be_verbs,10.1	1	08	062	mahABArawam	mOsalaparvaH	-
5.1	manasA	-	manasA	manas{napuM;3;eka}/manasA{swrI;1;eka}	manas{napuM;3;eka}	karaNam,6.1	viXeya_viSeRaNam,4.1#prayojakakarwA,6.1#karwA_be_verbs,10.1#karwA,8.3#karaNam,10.1#karaNam,6.1#hewuH,10.1#hewuH,8.3#hewuH,6.1	1	08	062	mahABArawam	mOsalaparvaH	-
6.1	acinwayaw	-	acinwayaw	ciw2{Nic;karwari;laf;pra;eka;parasmEpaxI;curAxiH}/ciw2{karwari;laf;pra;eka;parasmEpaxI;curAxiH}	ciw2{karwari;laf;pra;eka;parasmEpaxI;curAxiH}	varwamAnasamAnakAlaH,10.1	varwamAnasamAnakAlaH,10.1	1	08	062	mahABArawam	mOsalaparvaH	-
7.1	praBuH	-	praBuH	praBu{puM;1;eka}	praBu{puM;1;eka}	viSeRaNam,1.1	viSeRaNam,1.1#viXeya_viSeRaNam,5.1#viXeya_viSeRaNam,4.1#viXeya_viSeRaNam,3.1#viXeya_viSeRaNam,1.1#prayojakakarwA,6.1#karwA_be_verbs,10.1#aBexaH,1.1	1	08	062	mahABArawam	mOsalaparvaH	-
8.1	xuHKa-	-	xuHKa-Soka-samAviRta	xuHKa	xuHKa	samAsaH,8.3	samAsaH,8.3	1	08	062	mahABArawam	mOsalaparvaH	-
8.2	Soka-	-	--	Soka	Soka	samAsaH,8.3	samAsaH,8.3	1	08	062	mahABArawam	mOsalaparvaH	-
8.3	samAviRtaH	-	--	samAviRta{puM;1;eka(sam_Af_viS1;kwa;wuxAxiH)}	samAviRta{puM;1;eka(sam_Af_viS1;kwa;wuxAxiH)}	viSeRaNam,1.1	viSeRaNam,1.1#viXeya_viSeRaNam,7.1#viXeya_viSeRaNam,5.1#viXeya_viSeRaNam,4.1#viXeya_viSeRaNam,3.1#viXeya_viSeRaNam,1.1#viSeRaNam,9.2#prayojakakarwA,6.1#karwA_be_verbs,10.1	1	08	062	mahABArawam	mOsalaparvaH	-
9.1	niHSvAsa-	-	niHSvAsa-parama	niHSvAsa	niHSvAsa	samAsaH,9.2	samAsaH,9.2	1	08	062	mahABArawam	mOsalaparvaH	-
9.2	paramaH	-	--	parama{puM;1;eka}	parama{puM;1;eka}	viXeya_viSeRaNam,1.1	viXeya_viSeRaNam,8.3#viXeya_viSeRaNam,7.1#viXeya_viSeRaNam,5.1#viXeya_viSeRaNam,4.1#viXeya_viSeRaNam,3.1#viXeya_viSeRaNam,1.1#prayojakakarwA,6.1#karwA_be_verbs,10.1	1	08	062	mahABArawam	mOsalaparvaH	-
1.1	aswrANAM	-	aswrANAM	aswra{napuM;6;bahu}	aswra{napuM;6;bahu}	RaRTIsambanXaH,3.1	sup_samucciwaH,6.1#karwA,5.1#karma,5.1#RaRTIsambanXaH,9.1#RaRTIsambanXaH,6.1#RaRTIsambanXaH,5.1#RaRTIsambanXaH,4.1#RaRTIsambanXaH,3.1	1	08	063	mahABArawam	mOsalaparvaH	-
10.1	safkRayeNa	-	safkRayeNa	-	-	karaNam,14.1	karaNam,14.1	1	08	063	mahABArawam	mOsalaparvaH	-
11.1	ca	-	ca	ca{avya}	ca{avya}	sambanXaH,14.1	sambanXaH,14.1	1	08	063	mahABArawam	mOsalaparvaH	-
12.1	(vimanAH)	-	-	-	-	viXeya_viSeRaNam,13.1	viXeya_viSeRaNam,13.1	1	08	063	mahABArawam	mOsalaparvaH	-
12.1	.	-	.	-	-	-	-	1	08	063	mahABArawam	mOsalaparvaH	-
13.1	(pArWaH)	-	-	-	-	karwA,14.1	karwA,14.1	1	08	063	mahABArawam	mOsalaparvaH	-
14.1	(baBUva)	-	-	-	-	aBihiwa_karwA,13.1	aBihiwa_karwA,13.1	1	08	063	mahABArawam	mOsalaparvaH	-
2.1	ca	-	ca	ca{avya}	ca{avya}	samuccaya_xyowakaH,10.1	sambanXaH,1.1#samuccaya_xyowakaH,10.1	1	08	063	mahABArawam	mOsalaparvaH	-
3.1	praNASena	-	praNASena	praNASa{puM;3;eka}	praNASa{puM;3;eka}	samucciwaH,10.1	hewuH,5.1#samucciwaH,10.1	1	08	063	mahABArawam	mOsalaparvaH	-
4.1	bAhuvIryasya	-	bAhuvIryasya	bAhuvIrya{napuM;6;eka}	bAhuvIrya{napuM;6;eka}	RaRTIsambanXaH,5.1	sup_samucciwaH,6.1#karwA,5.1#karma,5.1#RaRTIsambanXaH,9.1#RaRTIsambanXaH,6.1#RaRTIsambanXaH,5.1#RaRTIsambanXaH,3.1#RaRTIsambanXaH,1.1	1	08	063	mahABArawam	mOsalaparvaH	-
5.1	safkRayAw	-	safkRayAw	safkRaya{puM;5;eka(sam_kRi3;GaF;wuxAxiH)}/safkRaya{puM;5;eka(sam_kRi1;GaF;BvAxiH)}	safkRaya{puM;5;eka(sam_kRi3;GaF;wuxAxiH)}	samucciwaH,10.1	sup_samucciwaH,6.1#samucciwaH,10.1	1	08	063	mahABArawam	mOsalaparvaH	-
6.1	XanuRaH	-	XanuRaH	Xanus{napuM;5;eka}/Xanus{napuM;6;eka}	Xanus{napuM;6;eka}	RaRTIsambanXaH,8.1	RaRTIsambanXaH,8.1#RaRTIsambanXaH,9.1#RaRTIsambanXaH,5.1#RaRTIsambanXaH,4.1#RaRTIsambanXaH,3.1#RaRTIsambanXaH,1.1#hewuH5,5.1	1	08	063	mahABArawam	mOsalaparvaH	-
7.1	ca	-	ca	ca{avya}	ca{avya}	samuccaya_xyowakaH,10.1	sup_samuccaya_xyowakaH,6.1#sambanXaH,6.1#samuccaya_xyowakaH,10.1	1	08	063	mahABArawam	mOsalaparvaH	-
8.1	aviXeyawvAw	-	aviXeyawvAw	-	-	samucciwaH,10.1	samucciwaH,10.1	1	08	063	mahABArawam	mOsalaparvaH	-
9.1	SarANAM	-	SarANAM	Sara{puM;6;bahu}/Sara{napuM;6;bahu}	Sara{puM;6;bahu}	RaRTIsambanXaH,10.1	RaRTIsambanXaH,10.1#RaRTIsambanXaH,6.1#RaRTIsambanXaH,5.1#RaRTIsambanXaH,4.1#RaRTIsambanXaH,3.1#RaRTIsambanXaH,1.1	1	08	063	mahABArawam	mOsalaparvaH	-
1.1	baBUva	-	baBUva	BU1{karwari;lit;pra;eka;parasmEpaxI;BvAxiH}/BU1{karwari;lit;ma;bahu;parasmEpaxI;BvAxiH}/BU1{karwari;lit;u;eka;parasmEpaxI;BvAxiH}	BU1{karwari;lit;pra;eka;parasmEpaxI;BvAxiH}	aBihiwa_karwA,3.1	vAkyakarma,14.1#aBihiwa_karwA,3.1	1	08	064	mahABArawam	mOsalaparvaH	-
10.1	ixam	-	ixam	ixam{sarvanAma;napuM;1;eka}/ixam{sarvanAma;napuM;2;eka}	ixam{sarvanAma;napuM;1;eka}	viSeRaNam,10.3	viSeRaNam,4.1#muKyakarma,14.1#karma,7.1#karwA,14.1#karwA,7.1#viSeRaNam,10.3	1	08	064	mahABArawam	mOsalaparvaH	-
10.2	(aniwyaH)	-	-	-	-	viXeya_viSeRaNam,10.3	viXeya_viSeRaNam,10.3	1	08	064	mahABArawam	mOsalaparvaH	-
10.3	(sarvam)	-	-	-	-	karwA,11.1	karwA,11.1	1	08	064	mahABArawam	mOsalaparvaH	-
11.1	aswwi	-	aswwi	-	-	vAkyakarma,14.1;aBihiwa_karwA,10.3	vAkyakarma,14.1;aBihiwa_karwA,10.3	1	08	064	mahABArawam	mOsalaparvaH	-
12.1	iwi	-	iwi	iwi{avya}	iwi{avya}	vAkyakarma_xyowakaH,11.1	vAkyakarma_xyowakaH,9.1#vAkyakarma_xyowakaH,7.1#vAkyakarma_xyowakaH,6.1#vAkyakarma_xyowakaH,1.1#vAkyakarma_xyowakaH,11.1	1	08	064	mahABArawam	mOsalaparvaH	-
13.1	ca	-	ca	ca{avya}	ca{avya}	sambanXaH,14.1	sup_samuccaya_xyowakaH,12.1#samuccaya_xyowakaH,7.1#sambanXaH,12.1#sambanXaH,14.1	1	08	064	mahABArawam	mOsalaparvaH	-
14.1	abravIw	-	abravIw	brU1{karwari;laf;pra;eka;parasmEpaxI;axAxiH}	brU1{karwari;laf;pra;eka;parasmEpaxI;axAxiH}	aBihiwa_karwA,3.1	aBihiwa_karwA,3.1	1	08	064	mahABArawam	mOsalaparvaH	-
15.1	.	-	.	-	-	-	-	1	08	064	mahABArawam	mOsalaparvaH	-
2.1	vimanAH	-	vimanAH	vimanas{puM;1;eka}	vimanas{puM;1;eka}	viXeya_viSeRaNam,3.1	viXeya_viSeRaNam,3.1	1	08	064	mahABArawam	mOsalaparvaH	-
3.1	pArWo	-	pArWo	-	-	karwA,1.1;karwA,6.1;karwA,14.1	karwA,1.1;karwA,6.1;karwA,14.1	1	08	064	mahABArawam	mOsalaparvaH	-
4.1	xEvam	-	xEvam	xEva{puM;2;eka}/xEva{napuM;1;eka}/xEva{napuM;2;eka}	xEva{puM;2;eka}	karma,6.1	viSeRaNam,10.1#karma,7.1#viXeya_viSeRaNam,2.1#vAkyakarma,14.1#karwA_be_verbs,1.1#karwA,7.1#karma,6.1	1	08	064	mahABArawam	mOsalaparvaH	-
5.1	iwi	-	iwi	iwi{avya}	iwi{avya}	sambanXaH,4.1	vAkyakarma_xyowakaH,4.1#vAkyakarma_xyowakaH,1.1#sambanXaH,4.1	1	08	064	mahABArawam	mOsalaparvaH	-
6.1	anucinwayan	-	anucinwayan	anucinwayaw{puM;1;eka(anu_ciw2;Sawq_lat;curAxiH)}	anucinwayaw{puM;1;eka(anu_ciw2;Sawq_lat;curAxiH)}	aBihiwa_karwA,3.1	viXeya_viSeRaNam,4.1#viXeya_viSeRaNam,2.1#varwamAnasamAnakAlaH,14.1#varwamAnasamAnakAlaH,7.1#vAkyakarma,14.1#karwA_be_verbs,1.1#karwA,7.1#aBihiwa_karwA,3.1	1	08	064	mahABArawam	mOsalaparvaH	-
7.1	nyavarwawa	-	nyavarwawa	ni_vqw1{karwari;laf;pra;eka;AwmanEpaxI;BvAxiH}	ni_vqw1{karwari;laf;pra;eka;AwmanEpaxI;BvAxiH}	aBihiwa_karwA,3.1	vAkyakarma,14.1#aBihiwa_karwA,3.1	1	08	064	mahABArawam	mOsalaparvaH	-
8.1	wawaH	-	wawaH	wawaH{avya}	wawaH{avya}	kAlAXikaraNam,7.1	sup_samucciwaH,12.1#sambanXaH,14.1#sambanXaH,9.1#sambanXaH,6.1#kArya_xyowakaH,14.1#apAxAnam,7.1#kAlAXikaraNam,7.1	1	08	064	mahABArawam	mOsalaparvaH	-
9.1	rAjan	-	rAjan	rAjan{puM;8;eka}/rAjaw{puM;1;eka(rAj1;Sawq_lat;BvAxiH)}	rAjan{puM;8;eka}	samboXyaH,7.1	viXeya_viSeRaNam,6.1#viXeya_viSeRaNam,4.1#viXeya_viSeRaNam,2.1#varwamAnasamAnakAlaH,14.1#varwamAnasamAnakAlaH,7.1#vAkyakarma,14.1#karwA,14.1#karwA,7.1#samboXyaH,14.1#samboXyaH,7.1	1	08	064	mahABArawam	mOsalaparvaH	-
1.1	wawaH	-	wawaH	wawaH{avya}	wawaH{avya}	sambanXaH,9.1	sambanXaH,9.1#sambanXaH,4.1#kArya_xyowakaH,9.1#kArya_xyowakaH,4.1#apAxAnam,9.1#apAxAnam,7.1	1	08	065	mahABArawam	mOsalaparvaH	-
10.1	.	-	.	-	-	-	-	1	08	065	mahABArawam	mOsalaparvaH	-
2.1	saH	-	saH	-	-	karwA,9.1	karwA,9.1	1	08	065	mahABArawam	mOsalaparvaH	-
3.1	SeRam	-	SeRam	SeRa{puM;2;eka}/SeRa{napuM;1;eka}/SeRa{napuM;2;eka}	SeRa{puM;2;eka}	viSeRaNam,7.3	muKyakarma,7.1#karma,4.1#karwA,9.1#viSeRaNam,7.3	1	08	065	mahABArawam	mOsalaparvaH	-
4.1	AxAya	-	AxAya	Af_xE1{karwari;lot;ma;eka;parasmEpaxI;BvAxiH}/Af_xA3{avya{lyap;juhowyAxiH}/Af_xA1{avya{lyap;BvAxiH}/Af_xA2{avya{lyap;axAxiH}	Af_xA3{avya;lyap;juhowyAxiH}	pUrvakAlaH,9.1	pUrvakAlaH,9.1	1	08	065	mahABArawam	mOsalaparvaH	-
5.1	kalawrasya	-	kalawrasya	kalawra{napuM;6;eka}	kalawra{napuM;6;eka}	samucciwaH,7.3	samucciwaH,7.3#RaRTIsambanXaH,8.1#RaRTIsambanXaH,7.3#RaRTIsambanXaH,3.1	1	08	065	mahABArawam	mOsalaparvaH	-
6.1	mahAmawiH	-	mahAmawiH	-	-	viSeRaNam,2.1	viSeRaNam,2.1	1	08	065	mahABArawam	mOsalaparvaH	-
7.1	hqwa-	-	hqwa-BUyiRTa-rawna	hqwa(hq1;kwa;BvAxiH)}/hqwa(hq2{kwa;juhowyAxiH)	hqwa(hq1;kwa;BvAxiH)	samAsaH,7.3	samAsaH,7.3	1	08	065	mahABArawam	mOsalaparvaH	-
7.2	BUyiRTa-	-	--	BUyiRTa	BUyiRTa	samAsaH,7.3	samAsaH,7.3	1	08	065	mahABArawam	mOsalaparvaH	-
7.3	rawnasya	-	--	rawna{napuM;6;eka}/rawna{puM;6;eka}	rawna{napuM;6;eka}	karma,4.1	RaRTIsambanXaH,8.1#RaRTIsambanXaH,5.1#RaRTIsambanXaH,3.1#viSeRaNam,5.1#karma,4.1	1	08	065	mahABArawam	mOsalaparvaH	-
8.1	kurukRewram	-	kurukRewram	kurukRewra{napuM;1;eka}/kurukRewra{napuM;2;eka}	kurukRewra{napuM;2;eka}	karma,9.1	muKyakarma,7.1#karma,4.1#karwA,9.1	1	08	065	mahABArawam	mOsalaparvaH	-
9.1	avAwaraw	-	avAwaraw	ava_wQ1{karwari;laf;pra;eka;parasmEpaxI;BvAxiH}	ava_wQ1{karwari;laf;pra;eka;parasmEpaxI;BvAxiH}	aBihiwa_karwA,8.1;sakarmaka	aBihiwa_karwA,8.1;sakarmaka	1	08	065	mahABArawam	mOsalaparvaH	-
1.1	evaM	-	evaM	evam{avya}	evam{avya}	kriyAviSeRaNam,3.1	kriyAviSeRaNam,3.1	1	08	066	mahABArawam	mOsalaparvaH	-
10.1	XanaFjayaH	-	XanaFjayaH	XanaFjaya{puM;1;eka}	XanaFjaya{puM;1;eka}	karwA,6.1	karwA,6.1	1	08	066	mahABArawam	mOsalaparvaH	-
11.1	.	-	.	-	-	-	-	1	08	066	mahABArawam	mOsalaparvaH	-
2.1	kalawram	-	kalawram	kalawra{napuM;1;eka}/kalawra{napuM;2;eka}	kalawra{napuM;2;eka}	karma,3.1	muKyakarma,3.1#gONakarma,3.1#karma,3.1	1	08	066	mahABArawam	mOsalaparvaH	-
3.1	AnIya	-	AnIya	Af_NI1{avya;lyap;BvAxiH}	Af_NI1{avya;lyap;BvAxiH}	pUrvakAlaH,6.1	pUrvakAlaH,6.1	1	08	066	mahABArawam	mOsalaparvaH	-
4.1	vqRNInAM	-	vqRNInAM	vqRNi{puM;6;bahu}	vqRNi{puM;6;bahu}	RaRTIsambanXaH,2.1	RaRTIsambanXaH,10.1#RaRTIsambanXaH,7.1#RaRTIsambanXaH,2.1	1	08	066	mahABArawam	mOsalaparvaH	-
5.1	hqwaSeRiwam	-	hqwaSeRiwam	-	-	viSeRaNam,2.1	viSeRaNam,2.1	1	08	066	mahABArawam	mOsalaparvaH	-
6.1	nyaveSayawa	-	nyaveSayawa	-	-	aBihiwa_karwA,10.1	aBihiwa_karwA,10.1	1	08	066	mahABArawam	mOsalaparvaH	-
7.1	kOravyaH	-	kOravyaH	kOravya{puM;1;eka}	kOravya{puM;1;eka}	viSeRaNam,10.1	viSeRaNam,10.1	1	08	066	mahABArawam	mOsalaparvaH	-
8.1	wawra	-	wawra	wawra{avya}	wawra{avya}	vIpsA,9.1	xeSAXikaraNam,3.1#vIpsA,9.1	1	08	066	mahABArawam	mOsalaparvaH	-
9.1	wawra	-	wawra	wawra{avya}	wawra{avya}	xeSAXikaraNam,6.1	xeSAXikaraNam,6.1	1	08	066	mahABArawam	mOsalaparvaH	-
1.1	hArxikyawanayaM	-	hArxikyawanayaM	-	-	samucciwaH,5.2	samucciwaH,5.2	1	08	067	mahABArawam	mOsalaparvaH	-
2.1	pArWaH	-	pArWaH	pArWa{puM;1;eka}	pArWa{puM;1;eka}	karwA,8.2	sup_samucciwaH,5.2#karwA,8.2	1	08	067	mahABArawam	mOsalaparvaH	-
3.1	nagaraM	-	nagaraM	nagara{napuM;1;eka}/nagara{napuM;2;eka}	nagara{napuM;1;eka}	muKyakarma,8.2	muKyakarma,8.2#sup_samucciwaH,5.2#muKyakarma,7.1	1	08	067	mahABArawam	mOsalaparvaH	-
4.1	mArwikAvawam	-	mArwikAvawam	-	-	viSeRaNam,3.1	viSeRaNam,3.1	1	08	067	mahABArawam	mOsalaparvaH	-
5.1	BojarAja-	-	BojarAja-kalawra	BojarAja	BojarAja	samAsaH,5.2	samAsaH,5.2	1	08	067	mahABArawam	mOsalaparvaH	-
5.2	kalawraM	-	--	kalawra{napuM;1;eka}/kalawra{napuM;2;eka}/kalawra{puM;2;eka}	kalawra{napuM;1;eka}	gONakarma,8.2	gONakarma,8.2#viSeRaNam,7.2#muKyakarma,7.1#viSeRaNam,3.1	1	08	067	mahABArawam	mOsalaparvaH	-
6.1	ca	-	ca	ca{avya}	ca{avya}	samuccaya_xyowakaH,5.2	sup_samuccaya_xyowakaH,5.2#sambanXaH,5.2	1	08	067	mahABArawam	mOsalaparvaH	-
7.1	hqwa-	-	hqwa-SeRa	hqwa(hq1;kwa;BvAxiH)}/hqwa(hq2{kwa;juhowyAxiH)	hqwa(hq1;kwa;BvAxiH)	samAsaH,7.2	samAsaH,7.2	1	08	067	mahABArawam	mOsalaparvaH	-
7.2	SeRaM	-	--	SeRa{puM;2;eka}/SeRa{napuM;1;eka}/SeRa{napuM;2;eka}	SeRa{napuM;1;eka}	viSeRaNam,5.2	viSeRaNam,5.2#viSeRaNam,3.1	1	08	067	mahABArawam	mOsalaparvaH	-
8.1	narowwamavaH	-	narowwamavaH	-	-	viSeRaNam,2.1	viSeRaNam,2.1	1	08	067	mahABArawam	mOsalaparvaH	-
8.2	(sWApiwavAn)	-	-	-	-	aBihiwa_karwA,2.1	aBihiwa_karwA,2.1	1	08	067	mahABArawam	mOsalaparvaH	-
9.1	.	-	.	-	-	-	-	1	08	067	mahABArawam	mOsalaparvaH	-
1.1	wawaH	-	wawaH	wawaH{avya}	wawaH{avya}	sambanXaH,8.1	sambanXaH,8.1#kArya_xyowakaH,8.1	1	08	068	mahABArawam	mOsalaparvaH	-
10.1	vIrEH	-	vIrEH	vIra{puM;3;bahu}/vIra{napuM;3;bahu}	vIra{puM;3;bahu}	karwA,11.1	karwA,11.1#hewuH,11.1#hewuH,8.1	1	08	068	mahABArawam	mOsalaparvaH	-
11.1	vihInAn	-	vihInAn	vihIna{puM;2;bahu}/vihIna{puM;2;bahu(vi_hA1;kwa;juhowyAxiH)}	vihIna{puM;2;bahu(vi_hA1;kwa;juhowyAxiH)}	viSeRaNam,4.1	viSeRaNam,13.1#viSeRaNam,12.1#viSeRaNam,4.1#viSeRaNam,2.1#karma,8.1	1	08	068	mahABArawam	mOsalaparvaH	-
12.1	sarvAn	-	sarvAn	sarva{sarvanAma;puM;2;bahu}	sarva{sarvanAma;puM;2;bahu}	viSeRaNam,6.1	viSeRaNam,6.1#viSeRaNam,13.1#viSeRaNam,11.1#viSeRaNam,4.1#viSeRaNam,2.1#karma,11.1#karma,8.1	1	08	068	mahABArawam	mOsalaparvaH	-
13.1	wAn	-	wAn	wax{sarvanAma;puM;2;bahu}	wax{sarvanAma;puM;2;bahu}	viSeRaNam,2.1	viSeRaNam,12.1#viSeRaNam,11.1#viSeRaNam,4.1#viSeRaNam,2.1#karma,11.1#karma,8.1	1	08	068	mahABArawam	mOsalaparvaH	-
14.1	SakraprasWe	-	SakraprasWe	SakraprasWa{napuM;1;xvi}/SakraprasWa{napuM;2;xvi}/SakraprasWa{napuM;7;eka}	SakraprasWa{napuM;7;eka}	aXikaraNam,8.1	aXikaraNam,11.1#aXikaraNam,8.1#karma,11.1#karma,8.1	1	08	068	mahABArawam	mOsalaparvaH	-
15.1	nyaveSayaw	-	nyaveSayaw	-	-	aBihiwa_karwA,15.1	aBihiwa_karwA,15.1	1	08	068	mahABArawam	mOsalaparvaH	-
16.1	.	-	.	-	-	-	-	1	08	068	mahABArawam	mOsalaparvaH	-
2.1	vqxXAn	-	vqxXAn	vqxXa{puM;2;bahu}	vqxXa{puM;2;bahu}	samucciwaH,6.1	viSeRaNam,13.1#viSeRaNam,12.1#viSeRaNam,11.1#viSeRaNam,4.1#samucciwaH,6.1#sup_samucciwaH,4.1#karma,8.1	1	08	068	mahABArawam	mOsalaparvaH	-
3.1	ca	-	ca	ca{avya}	ca{avya}	samuccaya_xyowakaH,6.1	sambanXaH,2.1#samuccaya_xyowakaH,6.1	1	08	068	mahABArawam	mOsalaparvaH	-
4.1	bAlAn	-	bAlAn	bAla{puM;2;bahu}	bAla{puM;2;bahu}	samucciwaH,6.1	viSeRaNam,13.1#viSeRaNam,12.1#viSeRaNam,11.1#viSeRaNam,2.1#samucciwaH,6.1#karma,11.1#karma,8.1	1	08	068	mahABArawam	mOsalaparvaH	-
5.1	ca	-	ca	ca{avya}	ca{avya}	samuccaya_xyowakaH,6.1	sup_samuccaya_xyowakaH,4.1#sambanXaH,4.1#samuccaya_xyowakaH,6.1	1	08	068	mahABArawam	mOsalaparvaH	-
6.1	swriyaH	-	swriyaH	swrI{swrI;1;bahu}/swrI{swrI;2;bahu}/swrI{swrI;8;bahu}	swrI{swrI;2;bahu}	karma,8.1	karma,11.1#karma,8.1	1	08	068	mahABArawam	mOsalaparvaH	-
7.1	ca	-	ca	ca{avya}	ca{avya}	sambanXaH,6.1	sup_samuccaya_xyowakaH,6.1#sambanXaH,6.1	1	08	068	mahABArawam	mOsalaparvaH	-
8.1	AxAya	-	AxAya	Af_xE1{karwari;lot;ma;eka;parasmEpaxI;BvAxiH}/Af_xA3{avya{lyap;juhowyAxiH}/Af_xA1{avya{lyap;BvAxiH}/Af_xA2{avya{lyap;axAxiH}	Af_xE1{karwari;lot;ma;eka;parasmEpaxI;BvAxiH}	pUrvakAlaH,15.1	pUrvakAlaH,15.1	1	08	068	mahABArawam	mOsalaparvaH	-
9.1	pANdavaH	-	pANdavaH	pANdu{puM;1;bahu}/pANdu{swrI;1;bahu}/pANdava{puM;1;eka}/pANdu{puM;8;bahu}/pANdu{swrI;8;bahu}	pANdu{swrI;1;bahu}	karwA,15.1	viSeRaNam,6.1#karwA,15.1	1	08	068	mahABArawam	mOsalaparvaH	-
1.1	yOyuXAniM	-	yOyuXAniM	-	-	viSeRaNam,3.1	viSeRaNam,3.1	1	08	069	mahABArawam	mOsalaparvaH	-
2.1	sarasvawyAM	-	sarasvawyAM	saras{mawup;swrI;7;eka}/sarasvawI{swrI;7;eka}	saras{mawup;swrI;7;eka}	xeSAXikaraNam,6.1	xeSAXikaraNam,6.1	1	08	069	mahABArawam	mOsalaparvaH	-
3.1	puwraM	-	puwraM	puwra{puM;2;eka}	puwra{puM;2;eka}	karma,6.1	karma,6.1	1	08	069	mahABArawam	mOsalaparvaH	-
4.1	sAwyakinaH	-	sAwyakinaH	-	-	viSeRaNam,1.1	viSeRaNam,1.1	1	08	069	mahABArawam	mOsalaparvaH	-
5.1	priyam	-	priyam	priya{puM;2;eka}/priya{napuM;1;eka}/priya{napuM;2;eka}	priya{puM;2;eka}	viSeRaNam,3.1	viSeRaNam,8.3#viSeRaNam,3.1	1	08	069	mahABArawam	mOsalaparvaH	-
6.1	nyaveSayawa	-	nyaveSayawa	-	-	aBihiwa_karwA,7.1	aBihiwa_karwA,7.1	1	08	069	mahABArawam	mOsalaparvaH	-
7.1	XarmAwmA	-	XarmAwmA	XarmAwman{puM;1;eka}	XarmAwman{puM;1;eka}	karwA,6.1	karwA,6.1	1	08	069	mahABArawam	mOsalaparvaH	-
8.1	vqxXa-	-	vqxXa-bAla-puraskqwa	vqxXa	vqxXa	samAsaH,8.3	samAsaH,8.3	1	08	069	mahABArawam	mOsalaparvaH	-
8.2	bAla-	-	--	bAla	bAla	samAsaH,8.3	samAsaH,8.3	1	08	069	mahABArawam	mOsalaparvaH	-
8.3	puraskqwam	-	--	puraskqwa{puM;2;eka}/puraskqwa{napuM;1;eka}/puraskqwa{napuM;2;eka}	puraskqwa{puM;2;eka}	samucciwaH,3.1	samucciwaH,3.1#viSeRaNam,5.1#viSeRaNam,3.1	1	08	069	mahABArawam	mOsalaparvaH	-
9.1	.	-	.	-	-	-	-	1	08	069	mahABArawam	mOsalaparvaH	-
1.1	inxraprasWe	-	inxraprasWe	inxraprasWa{napuM;1;xvi}/inxraprasWa{napuM;2;xvi}/inxraprasWa{napuM;7;eka}	inxraprasWa{napuM;2;xvi}	karma,2.1	aXikaraNam,10.1#aXikaraNam,2.1#karma,2.1	1	08	070	mahABArawam	mOsalaparvaH	-
10.1	pravavrajuH	-	pravavrajuH	pra_vraj1{karwari;lit;pra;bahu;parasmEpaxI;BvAxiH}	pra_vraj1{karwari;lit;pra;bahu;parasmEpaxI;BvAxiH}	aBihiwa_karwA,7.1	aBihiwa_karwA,7.1	1	08	070	mahABArawam	mOsalaparvaH	-
11.1	.	-	.	-	-	-	-	1	08	070	mahABArawam	mOsalaparvaH	-
2.1	xaxO	-	xaxO	xA1{karwari;lit;pra;eka;parasmEpaxI;BvAxiH}/xA1{karwari;lit;u;eka;parasmEpaxI;BvAxiH}/xA2{karwari;lit;pra;eka;parasmEpaxI;axAxiH}/xA2{karwari;lit;u;eka;parasmEpaxI;axAxiH}/xA3{karwari;lit;pra;eka;parasmEpaxI;juhowyAxiH}/xA3{karwari;lit;u;eka;parasmEpaxI;juhowyAxiH}	xA3{karwari;lit;pra;eka;parasmEpaxI;juhowyAxiH}	aBihiwa_karwA,5.1;sakarmaka	aBihiwa_karwA,5.1;sakarmaka	1	08	070	mahABArawam	mOsalaparvaH	-
3.1	rAjyaM	-	rAjyaM	rAjya{napuM;1;eka}/rAjya{napuM;2;eka}	rAjya{napuM;1;eka}	karma,2.1	karma,2.1#karwA,2.1	1	08	070	mahABArawam	mOsalaparvaH	-
4.1	vajrAya	-	vajrAya	vajra{puM;4;eka}/vajra{napuM;4;eka}	vajra{puM;4;eka}	sampraxAnam,2.1	prayojanam1,10.1#prayojanam1,2.1#sampraxAnam,2.1#sampraxAnam,2.1	1	08	070	mahABArawam	mOsalaparvaH	-
5.1	paravIrahA	-	paravIrahA	-	-	karwA,2.1	karwA,2.1	1	08	070	mahABArawam	mOsalaparvaH	-
6.1	vajreNa	-	vajreNa	vajra{puM;3;eka}/vajra{napuM;3;eka}	vajra{puM;3;eka}	karwA,9.1	karaNam,2.1#hewuH,10.1#hewuH,2.1#karwA,9.1	1	08	070	mahABArawam	mOsalaparvaH	-
7.1	akrUraxArAH	-	akrUraxArAH	-	-	karwA,10.1	karwA,10.1	1	08	070	mahABArawam	mOsalaparvaH	-
8.1	wu	-	wu	wu{avya}	wu{avya}	sambanXaH,10.1	sambanXaH,10.1	1	08	070	mahABArawam	mOsalaparvaH	-
9.1	vAryamANAH	-	vAryamANAH	-	-	viSeRaNam,7.1	viSeRaNam,7.1	1	08	070	mahABArawam	mOsalaparvaH	-
1.1	rukmiNI	-	rukmiNI	rukmiNI{swrI;1;eka}	rukmiNI{swrI;1;eka}	samucciwaH,10.1	samucciwaH,10.1	1	08	071	mahABArawam	mOsalaparvaH	-
10.1	jAmbavawI	-	jAmbavawI	jAmbavawI{swrI;1;eka}	jAmbavawI{swrI;1;eka}	karwA,13.1	karwA,13.1	1	08	071	mahABArawam	mOsalaparvaH	-
11.1	ca	-	ca	ca{avya}	ca{avya}	samuccaya_xyowakaH,10.1	sup_samucciwaH,7.1#sup_samuccaya_xyowakaH,10.1#sambanXaH,10.1	1	08	071	mahABArawam	mOsalaparvaH	-
12.1	eva	-	eva	eva{avya}	eva{avya}	sambanXaH,11.1	sambanXaH,11.1	1	08	071	mahABArawam	mOsalaparvaH	-
13.1	viviSuH	-	viviSuH	viS1{karwari;lit;pra;bahu;parasmEpaxI;wuxAxiH}	viS1{karwari;lit;pra;bahu;parasmEpaxI;wuxAxiH}	aBihiwa_karwA,10.1	aBihiwa_karwA,10.1	1	08	071	mahABArawam	mOsalaparvaH	-
14.1	jAwavexasam	-	jAwavexasam	jAwavexas{puM;2;eka}	jAwavexas{puM;2;eka}	karma,13.1	karma,12.1#karma,13.1	1	08	071	mahABArawam	mOsalaparvaH	-
15.1	.	-	.	-	-	-	-	1	08	071	mahABArawam	mOsalaparvaH	-
2.1	wu	-	wu	wu{avya}	wu{avya}	sambanXaH,13.1	sambanXaH,1.1#sambanXaH,13.1	1	08	071	mahABArawam	mOsalaparvaH	-
3.1	aWa	-	aWa	aWa{avya}	aWa{avya}	sambanXaH,10.1	sup_samucciwaH,7.1#sambanXaH,12.1#sambanXaH,10.1	1	08	071	mahABArawam	mOsalaparvaH	-
4.1	gAnXArI	-	gAnXArI	gAnXAri{puM;1;xvi}/gAnXAri{puM;2;xvi}/gAnXArI{swrI;1;eka}/gAnXAri{puM;8;xvi}	gAnXAri{puM;1;xvi}	samucciwaH,10.1	sup_samucciwaH,10.1#samucciwaH,10.1	1	08	071	mahABArawam	mOsalaparvaH	-
5.1	SEbyA	-	SEbyA	SEbyA{swrI;1;eka}	SEbyA{swrI;1;eka}	samucciwaH,10.1	sup_samucciwaH,10.1#samucciwaH,10.1	1	08	071	mahABArawam	mOsalaparvaH	-
6.1	hEmavawI	-	hEmavawI	hEmavawI{swrI;1;eka}/hEma{mawup;swrI;1;eka}	hEmavawI{swrI;1;eka}	samucciwaH,10.1	viSeRaNam,10.1#viSeRaNam,9.1#viSeRaNam,5.1#viSeRaNam,4.1#sup_samucciwaH,10.1	1	08	071	mahABArawam	mOsalaparvaH	-
7.1	iwi	-	iwi	iwi{avya}	iwi{avya}	sambanXaH,10.1	sambanXaH,10.1	1	08	071	mahABArawam	mOsalaparvaH	-
8.1	api	-	api	api{avya}	api{avya}	sambanXaH,7.1	sup_samuccaya_xyowakaH,7.1#sambanXaH,7.1	1	08	071	mahABArawam	mOsalaparvaH	-
9.1	xevI	-	xevI	xevI{swrI;1;eka}	xevI{swrI;1;eka}	viSeRaNam,10.1	viSeRaNam,10.1	1	08	071	mahABArawam	mOsalaparvaH	-
1.1	sawyaBAmA	-	sawyaBAmA	sawyaBAmA{swrI;1;eka}	sawyaBAmA{swrI;1;eka}	samucciwaH,4.1	samucciwaH,4.1	1	08	072	mahABArawam	mOsalaparvaH	-
10.1	wApasye	-	wApasye	wApasya{napuM;1;xvi}/wApasya{napuM;2;xvi}/wApasya{napuM;8;xvi}/wApasya{napuM;7;eka}	wApasya{napuM;7;eka}	karma,11.1	aXikaraNam,11.2#aXikaraNam,9.1#aXikaraNam,8.1#aXikaraNam,4.1#karma,11.1#karma,8.1#karma,6.1	1	08	072	mahABArawam	mOsalaparvaH	-
11.1	kqwa-	-	kqwa-niScaya	kqwa(kq2;kwa;svAxiH)}/kqwa(kq3{kwa;wanAxiH)	kqwa(kq2;kwa;svAxiH)	samAsaH,11.2	samAsaH,11.2	1	08	072	mahABArawam	mOsalaparvaH	-
11.2	niScayAH	-	--	niScaya{puM;1;bahu}/niScaya{puM;8;bahu}/niScaya{puM;1;bahu(nis_ci1;GaF;svAxiH)}/niScayA{swrI;8;bahu}/niScayA{swrI;1;bahu}/niScayA{swrI;2;bahu}	niScaya{puM;1;bahu}	viSeRaNam,4.1	karma,8.1#karma,6.1#viSeRaNam,4.1#karwA,8.1#viSeRaNam,6.1	1	08	072	mahABArawam	mOsalaparvaH	-
12.1	.	-	.	-	-	-	-	1	08	072	mahABArawam	mOsalaparvaH	-
2.1	waWEva	-	waWEva	waWEva{avya}	waWEva{avya}	kriyAviSeRaNam,6.1	kriyAviSeRaNam,8.1#kriyAviSeRaNam,6.1	1	08	072	mahABArawam	mOsalaparvaH	-
3.1	anyA	-	anyA	anyA{swrI;1;eka}/anyA{sarvanAma;swrI;1;eka}	anyA{swrI;1;eka}	viSeRaNam,1.1	viSeRaNam,1.1	1	08	072	mahABArawam	mOsalaparvaH	-
4.1	xevyaH	-	xevyaH	xevI{swrI;1;bahu}/xevI{swrI;8;bahu}/xevya{puM;1;eka(xev1;Nyaw;BvAxiH)}	xevI{swrI;1;bahu}	karwA,8.1	viSeRaNam,9.1#samboXyaH,8.1#karwA,8.1	1	08	072	mahABArawam	mOsalaparvaH	-
5.1	kqRNasya	-	kqRNasya	kqRNa{puM;6;eka}/kqRNa{napuM;6;eka}	kqRNa{puM;6;eka}	RaRTIsambanXaH,4.1	karwA,11.2#karma,11.2#RaRTIsambanXaH,11.2#RaRTIsambanXaH,10.1#RaRTIsambanXaH,9.1#RaRTIsambanXaH,7.1#RaRTIsambanXaH,4.1	1	08	072	mahABArawam	mOsalaparvaH	-
6.1	saMmawAH	-	saMmawAH	sammawa{puM;8;bahu(sam_man1;kwa;xivAxiH)}/sammawA{swrI;8;bahu(sam_man1;kwa;xivAxiH)}	sammawA{swrI;8;bahu(sam_man1;kwa;xivAxiH)}	viSeRaNam,4.1	viSeRaNam,11.2#viSeRaNam,4.1	1	08	072	mahABArawam	mOsalaparvaH	-
7.1	vanaM	-	vanaM	vana{napuM;1;eka}/vana{napuM;2;eka}	vana{napuM;2;eka}	karma,8.1	karma,11.1#karma,8.1#karma,6.1	1	08	072	mahABArawam	mOsalaparvaH	-
8.1	praviviSuH	-	praviviSuH	pra_viS1{karwari;lit;pra;bahu;parasmEpaxI;wuxAxiH}	pra_viS1{karwari;lit;pra;bahu;parasmEpaxI;wuxAxiH}	aBihiwa_karwA,4.1;sakarmaka	aBihiwa_karwA,4.1;sakarmaka	1	08	072	mahABArawam	mOsalaparvaH	-
9.1	rAjan	-	rAjan	rAjan{puM;8;eka}/rAjaw{puM;1;eka(rAj1;Sawq_lat;BvAxiH)}	rAjan{puM;8;eka}	samboXyaH,8.1	samboXyaH,8.1	1	08	072	mahABArawam	mOsalaparvaH	-
1.1	xvArakAvAsinaH	-	xvArakAvAsinaH	-	-	viSeRaNam,4.1	viSeRaNam,4.1	1	08	073	mahABArawam	mOsalaparvaH	-
10.1	vajre	-	vajre	vajra{puM;7;eka}/vajra{napuM;7;eka}	vajra{puM;7;eka}	aXikaraNam,11.1	aXikaraNam,11.1#aXikaraNam,8.1#aXikaraNam,6.1	1	08	073	mahABArawam	mOsalaparvaH	-
11.1	paryaxaxaw	-	paryaxaxaw	-	-	aBihiwa_karwA,12.1	aBihiwa_karwA,12.1	1	08	073	mahABArawam	mOsalaparvaH	-
12.1	jayaH	-	jayaH	jaya{puM;1;eka}	jaya{puM;1;eka}	karwA,11.1	karwA,11.1	1	08	073	mahABArawam	mOsalaparvaH	-
13.1	.	-	.	-	-	-	-	1	08	073	mahABArawam	mOsalaparvaH	-
2.1	ye	-	ye	yax{sarvanAma;puM;1;bahu}/yax{sarvanAma;napuM;1;xvi}/yax{sarvanAma;napuM;2;xvi}/yax{sarvanAma;swrI;1;xvi}/yax{sarvanAma;swrI;2;xvi}	yax{sarvanAma;puM;1;bahu}	viSeRaNam,1.1	viSeRaNam,4.1#karwA,6.1#viSeRaNam,1.1	1	08	073	mahABArawam	mOsalaparvaH	-
3.1	wu	-	wu	wu{avya}	wu{avya}	sambanXaH,2.1	sambanXaH,2.1	1	08	073	mahABArawam	mOsalaparvaH	-
4.1	puruRAH	-	puruRAH	puruRa{puM;1;bahu}/puruRa{puM;8;bahu}	puruRa{puM;1;bahu}	karwA,6.1;karwA,8.1	karwA,6.1;karwA,8.1	1	08	073	mahABArawam	mOsalaparvaH	-
5.1	pArWam	-	pArWam	pArWa{puM;2;eka}	pArWa{puM;2;eka}	karma,6.1	karma,6.1	1	08	073	mahABArawam	mOsalaparvaH	-
6.1	anvayuH	-	anvayuH	anu_yA1{karwari;laf;pra;bahu;parasmEpaxI;axAxiH}	anu_yA1{karwari;laf;pra;bahu;parasmEpaxI;axAxiH}	aBihiwa_karwA,4.1;niwyasambanXaH,11.1	aBihiwa_karwA,4.1;niwyasambanXaH,11.1	1	08	073	mahABArawam	mOsalaparvaH	-
7.1	yaWArhaM	-	yaWArhaM	yaWArha{puM;2;eka}/yaWArha{napuM;1;eka}/yaWArha{napuM;2;eka}	yaWArha{puM;2;eka}	kriyAviSeRaNam,8.1	viSeRaNam,5.1#kriyAviSeRaNam,8.1	1	08	073	mahABArawam	mOsalaparvaH	-
8.1	saMviBajya	-	saMviBajya	sam_vi_Baj1{avya;lyap;BvAxiH}	sam_vi_Baj1{avya;lyap;BvAxiH}	pUrvakAlaH,11.1	pUrvakAlaH,11.1	1	08	073	mahABArawam	mOsalaparvaH	-
9.1	enAn	-	enAn	ixam{sarvanAma;puM;2;bahu}	ixam{sarvanAma;puM;2;bahu}	karma,11.1	karma,11.1	1	08	073	mahABArawam	mOsalaparvaH	-
1.1	saH	-	saH	wax{sarvanAma;puM;1;eka}	wax{sarvanAma;puM;1;eka}	viSeRaNam,7.1	viSeRaNam,9.1#viSeRaNam,7.1#viSeRaNam,6.1	1	08	074	mahABArawam	mOsalaparvaH	-
10.1	xaxarSa	-	xaxarSa	xqS1{karwari;lit;pra;eka;parasmEpaxI;BvAxiH}/xqS1{karwari;lit;u;eka;parasmEpaxI;BvAxiH}	xqS1{karwari;lit;pra;eka;parasmEpaxI;BvAxiH}	aBihiwa_karwA,7.1;sakarmaka	aBihiwa_karwA,7.1;sakarmaka	1	08	074	mahABArawam	mOsalaparvaH	-
11.1	AsInam	-	AsInam	AsIna{puM;2;eka(As1;kwa;axAxiH)}	AsIna{puM;2;eka(As1;kwa;axAxiH)}	varwamAnasamAnakAlaH,10.1	viSeRaNam,8.1#viSeRaNam,4.2#karma,10.1#karma,3.1#gawikarma,4.1#varwamAnasamAnakAlaH,10.1	1	08	074	mahABArawam	mOsalaparvaH	-
12.1	ASrame	-	ASrame	ASrama{puM;7;eka}/ASrama{napuM;7;eka}	ASrama{puM;7;eka}	aXikaraNam,10.1	aXikaraNam,11.1#aXikaraNam,10.1#aXikaraNam,9.1#aXikaraNam,6.1#aXikaraNam,4.1#aXikaraNam,3.1	1	08	074	mahABArawam	mOsalaparvaH	-
13.1	.	-	.	-	-	-	-	1	08	074	mahABArawam	mOsalaparvaH	-
2.1	waw	-	waw	wax{sarvanAma;napuM;1;eka}/wax{sarvanAma;napuM;2;eka}	wax{sarvanAma;napuM;2;eka}	muKyakarma,3.1	viSeRaNam,4.2#karma,3.1#gawikarma,4.1#muKyakarma,3.1	1	08	074	mahABArawam	mOsalaparvaH	-
3.1	kqwvA	-	kqwvA	kq2{avya;kwvA;svAxiH}/kq3{avya;kwvA;wanAxiH}	kq2{avya;kwvA;svAxiH}	pUrvakAlaH,10.1	pUrvakAlaH,10.1#pUrvakAlaH,6.1	1	08	074	mahABArawam	mOsalaparvaH	-
4.1	prApwa-	-	prApwa-kAla	prApwa(pra_Ap1;kwa;svAxiH)	prApwa(pra_Ap1;kwa;svAxiH)	samAsaH,4.2	samAsaH,4.2	1	08	074	mahABArawam	mOsalaparvaH	-
4.2	kAlaM	-	--	kAla{puM;2;eka}/kAla{napuM;1;eka}/kAla{napuM;2;eka}	kAla{puM;2;eka}	gONakarma,3.1	gONakarma,3.1#viSeRaNam,2.1#karma,11.1#karma,10.1#karma,3.1#karwA,10.1#viSeRaNam,11.1#viSeRaNam,8.1	1	08	074	mahABArawam	mOsalaparvaH	-
5.1	bARpeNa	-	bARpeNa	bARpa{puM;3;eka}	bARpa{puM;3;eka}	karwA,6.1	karwA,6.1#karaNam,10.1#karaNam,4.1#karaNam,3.1#hewuH,11.1#hewuH,10.1#hewuH,9.1#hewuH,6.1#hewuH,4.1#hewuH,3.1	1	08	074	mahABArawam	mOsalaparvaH	-
6.1	apihiwaH	-	apihiwaH	apihiwa{puM;1;eka(api_XA1;kwa;juhowyAxiH)}	apihiwa{puM;1;eka(api_XA1;kwa;juhowyAxiH)}	viSeRaNam,7.1	viSeRaNam,9.1#viSeRaNam,7.1#viSeRaNam,1.1#karwA,10.1	1	08	074	mahABArawam	mOsalaparvaH	-
7.1	arjunaH	-	arjunaH	arjuna{puM;1;eka}	arjuna{puM;1;eka}	karwA,10.1	karwA,10.1	1	08	074	mahABArawam	mOsalaparvaH	-
8.1	kqRNaxvEpAyanaM	-	kqRNaxvEpAyanaM	kqRNaxvEpAyana{puM;2;eka}	kqRNaxvEpAyana{puM;2;eka}	karma,10.1	karma,11.1#karma,10.1#karma,3.1#gawikarma,4.1	1	08	074	mahABArawam	mOsalaparvaH	-
9.1	rAjan	-	rAjan	rAjan{puM;8;eka}/rAjaw{puM;1;eka(rAj1;Sawq_lat;BvAxiH)}	rAjaw{puM;1;eka(rAj1;Sawq_lat;BvAxiH)}	viSeRaNam,7.1	varwamAnasamAnakAlaH,10.1#karwA,10.1#samboXyaH,10.1#samboXyaH,6.1#viSeRaNam,7.1	1	08	074	mahABArawam	mOsalaparvaH	-
1.1	sawya-	-	sawya-vAxinaH	sawya	sawya	samAsaH,1.2	samAsaH,1.2	1	09	001	mahABArawam	mOsalaparvaH	-
1.2	vAxinaH	-	--	vAxi{napuM;6;eka}/vAxi{napuM;5;eka}/vAxin{puM;1;bahu}/vAxin{puM;2;bahu}/vAxin{puM;5;eka}/vAxin{puM;6;eka}/vAxin{puM;8;bahu}	vAxi{napuM;6;eka}	RaRTIsambanXaH,2.1	RaRTIsambanXaH,10.1#RaRTIsambanXaH,8.1#RaRTIsambanXaH,7.1#RaRTIsambanXaH,5.2#RaRTIsambanXaH,4.1#RaRTIsambanXaH,2.1#hewuH5,10.1#hewuH5,9.1#hewuH5,7.2#hewuH5,6.1#hewuH5,3.1#karma,7.2#karma,6.1#karma,3.1	1	09	001	mahABArawam	mOsalaparvaH	-
10.1	rAjan	-	rAjan	rAjan{puM;8;eka}/rAjaw{puM;1;eka(rAj1;Sawq_lat;BvAxiH)}	rAjan{puM;8;eka}	samboXyaH,9.1	samboXyaH,9.1	1	09	001	mahABArawam	mOsalaparvaH	-
11.1	.	-	.	-	-	-	-	1	09	001	mahABArawam	mOsalaparvaH	-
2.1	ASramam	-	ASramam	ASrama{puM;2;eka}/ASrama{napuM;1;eka}/ASrama{napuM;2;eka}	ASrama{puM;2;eka}	karma,3.1	karma,9.1#karma,7.2#karma,6.1#karma,3.1#karwA,9.1	1	09	001	mahABArawam	mOsalaparvaH	-
3.1	praviSan	-	praviSan	praviSaw{puM;1;eka(pra_viS1;Sawq_lat;wuxAxiH)}	praviSaw{puM;1;eka(pra_viS1;Sawq_lat;wuxAxiH)}	varwamAnasamAnakAlaH,9.1	varwamAnasamAnakAlaH,9.1#karwA,9.1	1	09	001	mahABArawam	mOsalaparvaH	-
4.1	arjunaH	-	arjunaH	arjuna{puM;1;eka}	arjuna{puM;1;eka}	karwA,9.1	karwA,9.1	1	09	001	mahABArawam	mOsalaparvaH	-
5.1	eka-	-	eka-anwe	eka	eka	samAsaH,5.2	samAsaH,5.2	1	09	001	mahABArawam	mOsalaparvaH	-
5.2	anwe	-	--	anwa{napuM;1;xvi}/anwa{napuM;2;xvi}/anwA{swrI;1;xvi}/anwA{swrI;2;xvi}/anwa{napuM;8;xvi}/anwi{swrI;8;eka}/anwa{puM;7;eka}/anwa{napuM;7;eka}/anwi{puM;8;eka}/anwi{napuM;8;eka}/anwi{napuM;1;eka}/anwi{napuM;2;eka}/anwA{swrI;8;eka}/anwA{swrI;8;xvi}	anwa{napuM;7;eka}	aXikaraNam,6.1	viSeRaNam,7.2#karma,9.1#karma,7.2#karma,6.1#karwA,9.1#viSeRaNam,10.1#aXikaraNam,10.1#aXikaraNam,9.1#aXikaraNam,7.2#aXikaraNam,6.1	1	09	001	mahABArawam	mOsalaparvaH	-
6.1	AsInaM	-	AsInaM	AsIna{puM;2;eka(As1;kwa;axAxiH)}	AsIna{puM;2;eka(As1;kwa;axAxiH)}	viSeRaNam,8.1	viSeRaNam,8.1#viSeRaNam,7.2#karma,9.1#karma,7.2	1	09	001	mahABArawam	mOsalaparvaH	-
7.1	sawyavawI-	-	sawyavawI-suwaM	sawya{mawup}/sawyavawI	sawya{mawup}	samAsaH,7.2	samAsaH,7.2	1	09	001	mahABArawam	mOsalaparvaH	-
7.2	suwaM	-	--	Ru2{karwari;lot;ma;xvi;parasmEpaxI;axAxiH}/suwa{puM;2;eka}/suwa{napuM;1;eka}/suwa{napuM;2;eka}	suwa{puM;2;eka}	viSeRaNam,8.1	karma,9.1#karwA,9.1#viSeRaNam,8.1	1	09	001	mahABArawam	mOsalaparvaH	-
8.1	muniM	-	muniM	muni{puM;2;eka}	muni{puM;2;eka}	karma,9.1	karma,9.1	1	09	001	mahABArawam	mOsalaparvaH	-
9.1	xaxarSa	-	xaxarSa	xqS1{karwari;lit;pra;eka;parasmEpaxI;BvAxiH}/xqS1{karwari;lit;u;eka;parasmEpaxI;BvAxiH}	xqS1{karwari;lit;pra;eka;parasmEpaxI;BvAxiH}	-	-	1	09	001	mahABArawam	mOsalaparvaH	-
1.1	saH	-	saH	wax{sarvanAma;puM;1;eka}	wax{sarvanAma;puM;1;eka}	karwA,6.1	viSeRaNam,7.1#karwqrahiwakarwqsamAnAXikaraNam,9.1#karwA,6.1	1	09	002	mahABArawam	mOsalaparvaH	-
10.1	iwi	-	iwi	iwi{avya}	iwi{avya}	vAkyakarma_xyowakaH,9.1	vAkyakarma_xyowakaH,9.1#vAkyakarma_xyowakaH,6.1	1	09	002	mahABArawam	mOsalaparvaH	-
11.1	asmE	-	asmE	ixam{sarvanAma;puM;4;eka}/ixam{sarvanAma;napuM;4;eka}	ixam{sarvanAma;puM;4;eka}	sampraxAnam,12.1	prayojanam1,13.1#prayojanam1,12.1#prayojanam1,9.1#prayojanam1,6.1#prayojanam1,5.1#sampraxAnam,12.1	1	09	002	mahABArawam	mOsalaparvaH	-
12.1	nivexya	-	nivexya	ni_vix3{avya;lyap;wuxAxiH}/ni_vix1{avya{lyap;axAxiH}	ni_vix1{avya;lyap;axAxiH}	pUrvakAlaH,13.1	pUrvakAlaH,13.1#pUrvakAlaH,6.1	1	09	002	mahABArawam	mOsalaparvaH	-
13.1	aByavaxaw	-	aByavaxaw	aBi_vax1{karwari;laf;pra;eka;parasmEpaxI;BvAxiH}	aBi_vax1{karwari;laf;pra;eka;parasmEpaxI;BvAxiH}	-	-	1	09	002	mahABArawam	mOsalaparvaH	-
14.1	wawaH	-	wawaH	wawaH{avya}	wawaH{avya}	kAlAXikaraNam,13.1	sambanXaH,13.1#sambanXaH,12.1#sambanXaH,9.1#sambanXaH,6.1#sambanXaH,5.1#kAlAXikaraNam,13.1	1	09	002	mahABArawam	mOsalaparvaH	-
15.1	(aham)	-	aham	asmax{sarvanAma;1;eka} 	asmax{sarvanAma;1;eka} 	karwA,9.1	-	1	09	002	mahABArawam	mOsalaparvaH	-
16.1	.	-	.	-	-	-	-	1	09	002	mahABArawam	mOsalaparvaH	-
16.1	-	-	-	-	-	-	-	1	09	002	mahABArawam	mOsalaparvaH	-
2.1	waM	-	waM	wax{sarvanAma;puM;2;eka}	wax{sarvanAma;puM;2;eka}	viSeRaNam,3.2	viSeRaNam,4.2#viSeRaNam,3.2#karma,12.1#karma,5.1	1	09	002	mahABArawam	mOsalaparvaH	-
3.1	mahA-	-	mahA-vrawam	mahaw	mahaw	samAsaH,3.2	samAsaH,3.2	1	09	002	mahABArawam	mOsalaparvaH	-
3.2	vrawam	-	--	vrawa{puM;2;eka}/vrawa{napuM;1;eka}/vrawa{napuM;2;eka}	vrawa{puM;2;eka}	karma,5.1	karma,12.1#karma,5.1#karwqrahiwakarwqsamAnAXikaraNam,9.1#viSeRaNam,4.2#viSeRaNam,2.1	1	09	002	mahABArawam	mOsalaparvaH	-
4.1	Xarma-	-	Xarma-jFaM	Xarma	Xarma	samAsaH,4.2	samAsaH,4.2	1	09	002	mahABArawam	mOsalaparvaH	-
4.2	jFaM	-	--	jFa{puM;2;eka}	jFa{puM;2;eka}	viSeRaNam,3.2	viSeRaNam,3.2#viSeRaNam,2.1#karma,12.1#karma,5.1	1	09	002	mahABArawam	mOsalaparvaH	-
5.1	AsAxya	-	AsAxya	Af_Rax1{avya;Nic;lyap;BvAxiH}	Af_Rax1{avya;Nic;lyap;BvAxiH}	pUrvakAlaH,6.1	pUrvakAlaH,13.1#pUrvakAlaH,6.1	1	09	002	mahABArawam	mOsalaparvaH	-
6.1	upawasWe	-	upawasWe	upa_RWA1{karmaNi;lit;pra;eka;AwmanepaxI;BvAxiH}/upa_RWA1{karmaNi;lit;u;eka;AwmanepaxI;BvAxiH}	upa_RWA1{karmaNi;lit;pra;eka;AwmanepaxI;BvAxiH}	-	vAkyakarma,12.1	1	09	002	mahABArawam	mOsalaparvaH	-
7.1	arjunaH	-	arjunaH	arjuna{puM;1;eka}	arjuna{puM;1;eka}	saMjFA,15.1	karwqrahiwakarwqsamAnAXikaraNam,9.1#karwA,13.1#karwA,9.1#saMjFA,15.1	1	09	002	mahABArawam	mOsalaparvaH	-
8.1	nAma	-	nAma	nAma{avya}	nAma{avya}	saMjFA_xyowakaH,7.1	saMjFA_xyowakaH,7.1	1	09	002	mahABArawam	mOsalaparvaH	-
9.1	asmi	-	asmi	as2{karwari;lat;u;eka;parasmEpaxI;axAxiH}	as2{karwari;lat;u;eka;parasmEpaxI;axAxiH}	vAkyakarma,13.1	vAkyakarma,13.1	1	09	002	mahABArawam	mOsalaparvaH	-
1.1	svAgawaM	-	svAgawaM	svAgawa{napuM;1;eka}	svAgawa{napuM;1;eka}	karwA,3.1	karma,8.1#karma,7.1#karma,6.2#karwA,3.1	1	09	003	mahABArawam	mOsalaparvaH	-
10.1	ca	-	ca	ca{avya}	ca{avya}	sambanXaH,9.1	samuccaya_xyowakaH,7.1#samuccaya_xyowakaH,6.2#sambanXaH,9.1	1	09	003	mahABArawam	mOsalaparvaH	-
11.1	prasanna-	-	prasanna-AwmA	prasanna	prasanna	samAsaH,11.2	samAsaH,11.2	1	09	003	mahABArawam	mOsalaparvaH	-
11.2	AwmA	-	--	Awman{puM;1;eka}	Awman{puM;1;eka}	viSeRaNam,12.2	viSeRaNam,12.2#viSeRaNam,6.2#viSeRaNam,5.1#karwA,13.1#karwA,7.1	1	09	003	mahABArawam	mOsalaparvaH	-
12.1	mahA-	-	mahA-muniH	mahaw	mahaw	samAsaH,12.2	samAsaH,12.2	1	09	003	mahABArawam	mOsalaparvaH	-
12.2	muniH	-	--	muni{puM;1;eka}	muni{puM;1;eka}	karwA,13.1	viSeRaNam,11.2#viSeRaNam,6.2#viSeRaNam,5.1#karwA,13.1#karwA,7.1	1	09	003	mahABArawam	mOsalaparvaH	-
13.1	uvAca	-	uvAca	vac1{karwari;lit;pra;eka;parasmEpaxI;axAxiH}/vac1{karwari;lit;u;eka;parasmEpaxI;axAxiH}/brU1{karwari;lit;pra;eka;parasmEpaxI;axAxiH}/brU1{karwari;lit;u;eka;parasmEpaxI;axAxiH}	vac1{karwari;lit;pra;eka;parasmEpaxI;axAxiH}	-	-	1	09	003	mahABArawam	mOsalaparvaH	-
14.1	.	-	.	-	-	-	-	1	09	003	mahABArawam	mOsalaparvaH	-
2.1	we	-	we	wax{sarvanAma;puM;1;bahu}/wax{sarvanAma;napuM;1;xvi}/wax{sarvanAma;napuM;2;xvi}/wax{sarvanAma;swrI;1;xvi}/wax{sarvanAma;swrI;2;xvi}/yuRmax{sarvanAma;6;eka}/yuRmax{sarvanAma;4;eka}	yuRmax{sarvanAma;6;eka}	sambanXaH,3.1	sampraxAnam,13.1#sambanXaH,3.1#sampraxAnam,7.1#prayojanam1,8.1#prayojanam1,6.2#RaRTIsambanXaH,12.2#RaRTIsambanXaH,7.1#RaRTIsambanXaH,6.1#RaRTIsambanXaH,5.1#karma,8.1#karma,7.1#karma,6.2#karwA,6.2	1	09	003	mahABArawam	mOsalaparvaH	-
3.1	aswvu	-	aswvu	aswu{avya} 	aswu{avya} 	vAkyakarma,7.1	vAkyakarma,7.1	1	09	003	mahABArawam	mOsalaparvaH	-
4.1	iwi	-	iwi	iwi{avya}	iwi{avya}	vAkyakarma_xyowakaH,3.1	vAkyakarma_xyowakaH,3.1	1	09	003	mahABArawam	mOsalaparvaH	-
5.1	muniH	-	muniH	muni{puM;1;eka}	muni{puM;1;eka}	karwA,7.1	karwA,7.1	1	09	003	mahABArawam	mOsalaparvaH	-
6.1	sawyavawI-	-	sawyavawI-suwaH	sawya{mawup}/sawyavawI	sawya{mawup}	samAsaH,6.2	samAsaH,6.2	1	09	003	mahABArawam	mOsalaparvaH	-
6.2	suwaH	-	--	Ru2{karwari;lat;pra;xvi;parasmEpaxI;axAxiH}/suwa{puM;1;eka}/suwa{puM;1;eka(Ru2;kwa;axAxiH)}/suwa{puM;1;eka(Ru3;kwa;svAxiH)}	suwa{puM;1;eka(Ru2;kwa;axAxiH)}	viSeRaNam,5.1	viSeRaNam,12.2#viSeRaNam,11.2#viSeRaNam,5.1#vAkyakarma,13.1#vAkyakarma,7.1#karwA,13.1#karwA,7.1#samucciwaH,7.1	1	09	003	mahABArawam	mOsalaparvaH	-
7.1	prAha	-	prAha	prAha{puM;8;eka}/pra_brU1{karwari{lat;pra;eka;parasmEpaxI;axAxiH}	pra_brU1{karwari{lat;pra;eka;parasmEpaxI;axAxiH}	-	vAkyakarma,13.1#samucciwaH,6.2	1	09	003	mahABArawam	mOsalaparvaH	-
8.1	AsyawAm	-	AsyawAm	As1{karmaNi;lot;pra;eka;AwmanepaxI;axAxiH} 	As1{karmaNi;lot;pra;eka;AwmanepaxI;axAxiH} 	vAkyakarma,13.1	vAkyakarma,13.1#vAkyakarma,7.1	1	09	003	mahABArawam	mOsalaparvaH	-
9.1	iwi	-	iwi	iwi{avya}	iwi{avya}	vAkyakarma_xyowakaH,8.1	vAkyakarma_xyowakaH,8.1#vAkyakarma_xyowakaH,7.1#vAkyakarma_xyowakaH,6.2	1	09	003	mahABArawam	mOsalaparvaH	-
1.1	wam	-	wam	wax{sarvanAma;puM;2;eka}	wax{sarvanAma;puM;2;eka}	viSeRaNam,7.1	viSeRaNam,7.1#viSeRaNam,6.2#viSeRaNam,2.3#karma,8.1	1	09	004	mahABArawam	mOsalaparvaH	-
10.1	ixam	-	ixam	ixam{sarvanAma;napuM;1;eka}/ixam{sarvanAma;napuM;2;eka}	ixam{sarvanAma;napuM;2;eka}	karma,11.1	muKyakarma,11.1#karwA,11.1#karma,11.1	1	09	004	mahABArawam	mOsalaparvaH	-
11.1	abravIw	-	abravIw	brU1{karwari;laf;pra;eka;parasmEpaxI;axAxiH}	brU1{karwari;laf;pra;eka;parasmEpaxI;axAxiH}	aBihiwa_karwA,9.1;sakarmaka	-	1	09	004	mahABArawam	mOsalaparvaH	-
12.1	.	-	.	-	-	-	-	1	09	004	mahABArawam	mOsalaparvaH	-
2.1	a-	-	a-prIwa-manasaM	a	a	samAsaH,2.2	samAsaH,2.2	1	09	004	mahABArawam	mOsalaparvaH	-
2.2	prIwa-	-	--	prIwa	prIwa	samAsaH,2.3	samAsaH,2.3	1	09	004	mahABArawam	mOsalaparvaH	-
2.3	manasaM	-	--	manas{puM;2;eka}/manasa{puM;2;eka}/manasa{napuM;1;eka}/manasa{napuM;2;eka}	manas{puM;2;eka}	viSeRaNam,7.1	viSeRaNam,10.1#viSeRaNam,6.2#karma,8.1#viSeRaNam,7.1	1	09	004	mahABArawam	mOsalaparvaH	-
3.1	punaH	-	punaH	punaH{avya}	punaH{avya}	vIpsA,4.1	vIpsA,4.1#kriyAviSeRaNam,8.1	1	09	004	mahABArawam	mOsalaparvaH	-
4.1	punaH	-	punaH	punaH{avya}	punaH{avya}	kriyAviSeRaNam,5.1	kriyAviSeRaNam,5.1	1	09	004	mahABArawam	mOsalaparvaH	-
5.1	niHSvasanwaM	-	niHSvasanwaM	niHSvasaw{puM;2;eka}	niHSvasaw{puM;2;eka}	viSeRaNam,7.1	viSeRaNam,7.1	1	09	004	mahABArawam	mOsalaparvaH	-
6.1	nirviNNa-	-	nirviNNa-manasaM	nirviNNa	nirviNNa	samAsaH,6.2	samAsaH,6.2	1	09	004	mahABArawam	mOsalaparvaH	-
6.2	manasaM	-	--	manas{puM;2;eka}/manasa{puM;2;eka}/manasa{napuM;1;eka}/manasa{napuM;2;eka}	manas{puM;2;eka}	viSeRaNam,7.1	viSeRaNam,10.1#muKyakarma,11.1#karma,8.1#karwA,11.1#viSeRaNam,7.1#gONakarma,11.1	1	09	004	mahABArawam	mOsalaparvaH	-
7.1	pArWaM	-	pArWaM	pArWa{puM;2;eka}	pArWa{puM;2;eka}	karma,8.1	muKyakarma,11.1#karma,8.1#gONakarma,11.1	1	09	004	mahABArawam	mOsalaparvaH	-
8.1	xqRtvA	-	xqRtvA	xqS1{avya;kwvA;BvAxiH}	xqS1{avya;kwvA;BvAxiH}	pUrvakAlaH,11.1	pUrvakAlaH,11.1	1	09	004	mahABArawam	mOsalaparvaH	-
9.1	vyAsaH	-	vyAsaH	vyAsa{puM;1;eka(vi_as3;GaF;xivAxiH)}	vyAsa{puM;1;eka(vi_as3;GaF;xivAxiH)}	karwA,11.1;karwA,8.1	viSeRaNam,10.1#karwA,11.1#karwA,8.1	1	09	004	mahABArawam	mOsalaparvaH	-
1.1	a-	-	a-vIra-jaH	a	a	samAsaH,1.2	samAsaH,1.2	1	09	005	mahABArawam	mOsalaparvaH	-
1.2	vIra-	-	--	vIra	vIra	samAsaH,1.3	samAsaH,1.3	1	09	005	mahABArawam	mOsalaparvaH	-
1.3	jaH	-	--	ja{puM;1;eka}	ja{puM;1;eka}	anyawaraH,10.1	viSeRaNam,9.1#viSeRaNam,6.1#viSeRaNam,4.1#anyawaraH,10.1#viSeRaNam,2.1#karwqrahiwakarwqsamAnAXikaraNam,11.1#anyawaraH,9.1#anyawaraH,4.1	1	09	005	mahABArawam	mOsalaparvaH	-
10.1	vA	-	vA	vA{avya}	vA{avya}	anyawara_xyowakaH,11.1	sambanXaH,9.1#anyawara_xyowakaH,11.1	1	09	005	mahABArawam	mOsalaparvaH	-
11.1	asi	-	asi	as2{karwari;lat;ma;eka;parasmEpaxI;axAxiH}	as2{karwari;lat;ma;eka;parasmEpaxI;axAxiH}	-	-	1	09	005	mahABArawam	mOsalaparvaH	-
12.1	gawa-	-	gawa-SrIH	gawa(gam1;kwa;BvAxiH)	gawa(gam1;kwa;BvAxiH)	samAsaH,12.2	samAsaH,12.2	1	09	005	mahABArawam	mOsalaparvaH	-
12.2	SrIH	-	--	SrI{swrI;1;eka}/SrI{swrI;8;eka}	SrI{swrI;1;eka}	upamAnam,14.1	karwqrahiwakarwqsamAnAXikaraNam,11.1#upamAnam,14.1	1	09	005	mahABArawam	mOsalaparvaH	-
13.1	iva	-	iva	iva{avya}	iva{avya}	upamAna_xyowakaH,12.1	upamAna_xyowakaH,12.1	1	09	005	mahABArawam	mOsalaparvaH	-
14.1	lakRyase	-	lakRyase	lakR1{karmaNi;lat;ma;eka;AwmanepaxI;curAxiH}	lakR1{karmaNi;lat;ma;eka;AwmanepaxI;curAxiH}	-	upamAnam,11.1	1	09	005	mahABArawam	mOsalaparvaH	-
15.1	.	-	.	-	-	-	-	1	09	005	mahABArawam	mOsalaparvaH	-
2.1	aBiGAwaH	-	aBiGAwaH	aBiGAwa{puM;1;eka}	aBiGAwa{puM;1;eka}	anyawaraH,10.1	karwqrahiwakarwqsamAnAXikaraNam,11.1#anyawaraH,9.1#anyawaraH,4.1#anyawaraH,10.1	1	09	005	mahABArawam	mOsalaparvaH	-
3.1	we	-	we	wax{sarvanAma;puM;1;bahu}/wax{sarvanAma;napuM;1;xvi}/wax{sarvanAma;napuM;2;xvi}/wax{sarvanAma;swrI;1;xvi}/wax{sarvanAma;swrI;2;xvi}/yuRmax{sarvanAma;6;eka}/yuRmax{sarvanAma;4;eka}	yuRmax{sarvanAma;6;eka}	sambanXaH,8.1	prayojanam1,14.1#prayojanam1,12.1#prayojanam1,11.1#sambanXaH,8.1#prayojanam1,9.1#prayojanam1,6.1#RaRTIsambanXaH,12.2#RaRTIsambanXaH,8.1#RaRTIsambanXaH,4.1#RaRTIsambanXaH,2.1#karma,6.1#karwqrahiwakarwqsamAnAXikaraNam,11.1#karwA,6.1	1	09	005	mahABArawam	mOsalaparvaH	-
4.1	brAhmaNaH	-	brAhmaNaH	brAhmaNa{puM;1;eka}	brAhmaNa{puM;1;eka}	karma,6.1	karwqrahiwakarwqsamAnAXikaraNam,11.1#anyawaraH,9.1#karma,6.1	1	09	005	mahABArawam	mOsalaparvaH	-
5.1	vA	-	vA	vA{avya}	vA{avya}	sambanXaH,4.1	sambanXaH,4.1#anyawara_xyowakaH,4.1	1	09	005	mahABArawam	mOsalaparvaH	-
6.1	hawaH	-	hawaH	han{avya;wasil}/han1{karwari;lat;pra;xvi;parasmEpaxI;axAxiH}/hawa{puM;1;eka(han1;kwa;axAxiH)}	hawa{puM;1;eka(han1;kwa;axAxiH)}	-	viSeRaNam,9.1#karwqrahiwakarwqsamAnAXikaraNam,11.1#anyawaraH,9.1#hewuH5,14.1#hewuH5,11.1#apAxAnam,12.1#apAxAnam,9.1	1	09	005	mahABArawam	mOsalaparvaH	-
7.1	wvayA	-	wvayA	yuRmax{sarvanAma;3;eka}	yuRmax{sarvanAma;3;eka}	karwA,6.1	karwA,14.1#karwA,9.1#hewuH,14.1#hewuH,12.1#hewuH,11.1#hewuH,9.1#karwA,6.1	1	09	005	mahABArawam	mOsalaparvaH	-
8.1	yuxXe	-	yuxXe	yuxXa{napuM;7;eka}/yuxXa{puM;7;eka}	yuxXa{napuM;7;eka}	aXikaraNam,9.1	aXikaraNam,14.1#aXikaraNam,12.1#aXikaraNam,11.1#aXikaraNam,9.1	1	09	005	mahABArawam	mOsalaparvaH	-
9.1	parAjiwaH	-	parAjiwaH	parAjiwa{puM;1;eka(para_Af_ji1;kwa;BvAxiH)}	parAjiwa{puM;1;eka(para_Af_ji1;kwa;BvAxiH)}	karwqrahiwakarwqsamAnAXikaraNam,11.1	karwqrahiwakarwqsamAnAXikaraNam,11.1	1	09	005	mahABArawam	mOsalaparvaH	-
1.1	na	-	na	na{avya}	na{avya}	prawiReXaH,3.1	prawiReXaH,12.1#prawiReXaH,3.1	1	09	006	mahABArawam	mOsalaparvaH	-
10.1	kRipraM	-	kRipraM	kRipram{avya}/kRipra{napuM;1;eka}/kRipra{napuM;2;eka}	kRipra{napuM;1;eka}	kriyAviSeRaNam,11.1	viSeRaNam,2.1#karma,12.1#karma,11.1#karma,3.1#karma,8.1#kriyAviSeRaNam,12.1#kriyAviSeRaNam,11.1#kriyAviSeRaNam,3.1	1	09	006	mahABArawam	mOsalaparvaH	-
11.1	AKyAwuM	-	AKyAwuM	Af_KyA1{avya;wumun;axAxiH}	Af_KyA1{avya;wumun;axAxiH}	wumunkarma,12.1	wumunkarma,12.1#wumunkarma,3.1#prayojanam1,8.1	1	09	006	mahABArawam	mOsalaparvaH	-
12.1	arhasi	-	arhasi	arh1{karwari;lat;ma;eka;parasmEpaxI;BvAxiH}	arh1{karwari;lat;ma;eka;parasmEpaxI;BvAxiH}	-	-	1	09	006	mahABArawam	mOsalaparvaH	-
13.1	pArWa	-	pArWa	pArWa{puM;8;eka}	pArWa{puM;8;eka}	samboXyaH,12.1	samboXyaH,12.1#samboXyaH,3.1	1	09	006	mahABArawam	mOsalaparvaH	-
14.1	aswi	-	aswi	as2{karwari;lat;pra;eka;parasmEpaxI;axAxiH}	as2{karwari;lat;pra;eka;parasmEpaxI;axAxiH}	-	-	1	09	006	mahABArawam	mOsalaparvaH	-
15.1	.	-	.	-	-	-	-	1	09	006	mahABArawam	mOsalaparvaH	-
2.1	wvAM	-	wvAM	yuRmax{sarvanAma;2;eka}	yuRmax{sarvanAma;2;eka}	karma,3.1	karma,11.1#karma,3.1	1	09	006	mahABArawam	mOsalaparvaH	-
3.1	prawyaBijAnAmi	-	prawyaBijAnAmi	prawi_aBi_jFA1{karwari;lat;u;eka;parasmEpaxI;kryAxiH}	prawi_aBi_jFA1{karwari;lat;u;eka;parasmEpaxI;kryAxiH}	-	-	1	09	006	mahABArawam	mOsalaparvaH	-
4.1	ixaM	-	ixaM	ixam{sarvanAma;napuM;1;eka}/ixam{sarvanAma;napuM;2;eka}	ixam{sarvanAma;napuM;1;eka}	karwA,14.1	viSeRaNam,10.1#viSeRaNam,8.1#viSeRaNam,2.1#karma,11.1#karma,3.1#karma,8.1#karwA,14.1	1	09	006	mahABArawam	mOsalaparvaH	-
5.1	kiM	-	kiM	kim{avya}/kim{sarvanAma;napuM;1;eka}/kim{sarvanAma;napuM;2;eka}	kim{avya}	viXeya_viSeRaNam,14.1	viSeRaNam,10.1#viSeRaNam,8.1#viXeya_viSeRaNam,14.1#viSeRaNam,2.1#karma,12.1#karma,11.1#karma,3.1#karma,8.1#sambanXaH,12.1#sambanXaH,11.1#prayojanam1,12.1#prayojanam1,11.1	1	09	006	mahABArawam	mOsalaparvaH	-
6.1	Barawa-	-	Barawa-qRaBa	Barawa	Barawa	samAsaH,6.2	samAsaH,6.2	1	09	006	mahABArawam	mOsalaparvaH	-
6.2	qRaBa	-	--	qRaBa{puM;8;eka}/qRaBa{napuM;8;eka}	qRaBa{puM;8;eka}	samboXyaH,14.1	viSeRaNam,13.1#samboXyaH,14.1	1	09	006	mahABArawam	mOsalaparvaH	-
7.1	mayA	-	mayA	asmax{sarvanAma;3;eka}	asmax{sarvanAma;3;eka}	karwA,8.1	karwA,8.1#hewuH,12.1#hewuH,11.1#hewuH,8.1#hewuH,3.1	1	09	006	mahABArawam	mOsalaparvaH	-
8.1	SrowavyaM	-	SrowavyaM	Srowavya{puM;2;eka(Sru1;wavyaw;BvAxiH)}/Srowavya{napuM;1;eka(Sru1;wavyaw;BvAxiH)}/Srowavya{napuM;2;eka(Sru1;wavyaw;BvAxiH)}	Srowavya{puM;2;eka(Sru1;wavyaw;BvAxiH)}	aBihiwa_karwA,7.1;sakarmaka	karma,11.1	1	09	006	mahABArawam	mOsalaparvaH	-
9.1	cew	-	cew	cew{avya}	cew{avya}	AvaSyakawA_xyowakaH,8.1	AvaSyakawA_xyowakaH,8.1	1	09	006	mahABArawam	mOsalaparvaH	-
1.1	yaH	-	yaH	yax{sarvanAma;puM;1;eka}	yax{sarvanAma;puM;1;eka}	viSeRaNam,6.1;niwya_sambanXaH1,2.1	viSeRaNam,12.1#viSeRaNam,6.1#viSeRaNam,5.3#viSeRaNam,4.2#viSeRaNam,2.1#niwya_sambanXaH1,2.1	1	09	007	mahABArawam	mOsalaparvaH	-
10.1	wyakwvA	-	wyakwvA	wyaj1{avya;kwvA;BvAxiH}	wyaj1{avya;kwvA;BvAxiH}	pUrvakAlaH,12.1	pUrvakAlaH,12.1	1	09	007	mahABArawam	mOsalaparvaH	-
11.1	xivaM	-	xivaM	xiv{swrI;2;eka}/xiva{napuM;1;eka}/xiva{napuM;2;eka}	xiva{napuM;2;eka}	karma,12.1	karma,10.1#karma,4.2#gawikarma,12.1#karma,12.1	1	09	007	mahABArawam	mOsalaparvaH	-
12.1	gawaH	-	gawaH	gawa{puM;1;eka(gam1;kwa;BvAxiH)}	gawa{puM;1;eka(gam1;kwa;BvAxiH)}	-	-	1	09	007	mahABArawam	mOsalaparvaH	-
13.1	.	-	.	-	-	-	-	1	09	007	mahABArawam	mOsalaparvaH	-
2.1	saH	-	saH	wax{sarvanAma;puM;1;eka}	wax{sarvanAma;puM;1;eka}	viSeRaNam,6.1	viSeRaNam,12.1#viSeRaNam,6.1#viSeRaNam,5.3#viSeRaNam,4.2	1	09	007	mahABArawam	mOsalaparvaH	-
3.1	meXa-	-	meXa-vapuH	meXa	meXa	samAsaH,3.2	samAsaH,3.2	1	09	007	mahABArawam	mOsalaparvaH	-
3.2	vapuH	-	--	vapus{napuM;1;eka}/vapus{napuM;2;eka}/vapus{napuM;8;eka}	vapus{napuM;1;eka}	viSeRaNam,6.1	viSeRaNam,11.1#viSeRaNam,6.1#karma,10.1#karma,4.2	1	09	007	mahABArawam	mOsalaparvaH	-
4.1	SrI-	-	SrI-mAn	SrI	SrI	samAsaH,4.2	samAsaH,4.2	1	09	007	mahABArawam	mOsalaparvaH	-
4.2	mAn	-	--	mAw{puM;1;eka(mA1;Sawq_lat;axAxiH)}/ma{puM;2;bahu}	mAw{puM;1;eka(mA1;Sawq_lat;axAxiH)}	viSeRaNam,6.1	karma,10.1#viSeRaNam,6.1	1	09	007	mahABArawam	mOsalaparvaH	-
5.1	bqhaw-	-	bqhaw-pafkaja-locanaH	bqhaw	bqhaw	samAsaH,5.2	samAsaH,5.2	1	09	007	mahABArawam	mOsalaparvaH	-
5.2	pafkaja-	-	--	pafkaja	pafkaja	samAsaH,5.3	samAsaH,5.3	1	09	007	mahABArawam	mOsalaparvaH	-
5.3	locanaH	-	--	locana{puM;1;eka}	locana{puM;1;eka}	viSeRaNam,6.1	viSeRaNam,12.1#viSeRaNam,6.1#viSeRaNam,4.2#viSeRaNam,2.1#gawikarwA,12.1	1	09	007	mahABArawam	mOsalaparvaH	-
6.1	kqRNaH	-	kqRNaH	kqRNa{puM;1;eka}	kqRNa{puM;1;eka}	karwA,12.1;karwA,10.1	viSeRaNam,12.1#viSeRaNam,5.3#viSeRaNam,4.2#viSeRaNam,2.1#gawikarwA,12.1#karwA,12.1#karwA,10.1	1	09	007	mahABArawam	mOsalaparvaH	-
7.1	rAmeNa	-	rAmeNa	rAma{puM;3;eka}	rAma{puM;3;eka}	sahArWaH,12.1	sahArWaH,12.1#sahArWaH,10.1#sahArWaH,4.2#hewuH,12.1#hewuH,10.1#hewuH,4.2	1	09	007	mahABArawam	mOsalaparvaH	-
8.1	saha	-	saha	saha{avya}	saha{avya}	sahArWa_xyowakaH,7.1	sahArWa_xyowakaH,7.1#kriyAviSeRaNam,12.1#kriyAviSeRaNam,10.1	1	09	007	mahABArawam	mOsalaparvaH	-
9.1	xehaM	-	xehaM	xeha{puM;2;eka}/xeha{napuM;1;eka}/xeha{napuM;2;eka}	xeha{puM;2;eka}	karma,10.1	karma,10.1#karma,4.2#gawikarma,12.1	1	09	007	mahABArawam	mOsalaparvaH	-
1.1	vqRNi-	-	vqRNi-vIrANAM	vqRNi	vqRNi	samAsaH,1.2	samAsaH,1.2	1	09	008	mahABArawam	mOsalaparvaH	-
1.2	vIrANAM	-	--	vIra{puM;6;bahu}/vIra{napuM;6;bahu}/vIrA{swrI;6;bahu}	vIra{puM;6;bahu}	RaRTIsambanXaH,4.1	RaRTIsambanXaH,9.1#RaRTIsambanXaH,8.1#RaRTIsambanXaH,7.1#RaRTIsambanXaH,5.1#RaRTIsambanXaH,4.1#RaRTIsambanXaH,3.3#RaRTIsambanXaH,2.3	1	09	008	mahABArawam	mOsalaparvaH	-
10.1	(baBUva)	-	baBUva	BU1{karwari;lit;pra;eka;parasmEpaxI;BvAxiH}/BU1{karwari;lit;ma;bahu;parasmEpaxI;BvAxiH}/BU1{karwari;lit;u;eka;parasmEpaxI;BvAxiH}	BU1{karwari;lit;pra;eka;parasmEpaxI;BvAxiH}	aBihiwa_karwA,7.1	-	1	09	008	mahABArawam	mOsalaparvaH	-
11.1	.	-	.	-	-	-	-	1	09	008	mahABArawam	mOsalaparvaH	-
2.1	vIra-	-	vIra-anwa-karaH	vIra	vIra	samAsaH,2.2	samAsaH,2.2	1	09	008	mahABArawam	mOsalaparvaH	-
2.2	anwa-	-	--	anwa	anwa	samAsaH,2.3	samAsaH,2.3	1	09	008	mahABArawam	mOsalaparvaH	-
2.3	karaH	-	--	kara{puM;1;eka}	kara{puM;1;eka}	viSeRaNam,4.1	viSeRaNam,8.1#viSeRaNam,7.1#viSeRaNam,4.1#viSeRaNam,3.3#karwA_be_verbs,6.1	1	09	008	mahABArawam	mOsalaparvaH	-
3.1	brahma-	-	brahma-SApa-jaH	brahma}/brahman	brahma	samAsaH,3.2	samAsaH,3.2	1	09	008	mahABArawam	mOsalaparvaH	-
3.2	SApa-	-	--	SApa	SApa	samAsaH,3.3	samAsaH,3.3	1	09	008	mahABArawam	mOsalaparvaH	-
3.3	jaH	-	--	ja{puM;1;eka}	ja{puM;1;eka}	viSeRaNam,4.1	viXeya_viSeRaNam,2.3#viSeRaNam,8.1#viSeRaNam,7.1#viSeRaNam,4.1#karwA_be_verbs,10.1#karwA_be_verbs,6.1	1	09	008	mahABArawam	mOsalaparvaH	-
4.1	vinASaH	-	vinASaH	vinASa{puM;1;eka}	vinASa{puM;1;eka}	karwA,6.1	viSeRaNam,8.1#viSeRaNam,7.1#viSeRaNam,3.3#viSeRaNam,2.3#karwA_be_verbs,10.1#karwA_be_verbs,6.1#karwA,6.1	1	09	008	mahABArawam	mOsalaparvaH	-
5.1	mOsale	-	mOsale	mOsala{puM;7;eka}/mOsala{napuM;7;eka}	mOsala{puM;7;eka}	aXikaraNam,6.1	aXikaraNam,10.1#aXikaraNam,6.1	1	09	008	mahABArawam	mOsalaparvaH	-
6.1	baBUva	-	baBUva	BU1{karwari;lit;pra;eka;parasmEpaxI;BvAxiH}/BU1{karwari;lit;ma;bahu;parasmEpaxI;BvAxiH}/BU1{karwari;lit;u;eka;parasmEpaxI;BvAxiH}	BU1{karwari;lit;pra;eka;parasmEpaxI;BvAxiH}	aBihiwa_karwA,2.3	-	1	09	008	mahABArawam	mOsalaparvaH	-
7.1	romaharRaNaH	-	romaharRaNaH	romaharRan{puM;6;eka}	romaharRan{puM;6;eka}	karwA,8.1	karwA_be_verbs,10.1#karwA_be_verbs,6.1#karwA,8.1	1	09	008	mahABArawam	mOsalaparvaH	-
8.1	(vinASaH)	-	vinASaH	vinASa{puM;1;eka}	vinASa{puM;1;eka}	karwA,10.1	viSeRaNam,7.1#viSeRaNam,4.1#viSeRaNam,3.3#viSeRaNam,2.3#karwA_be_verbs,10.1#karwA_be_verbs,6.1#karwA,10.1	1	09	008	mahABArawam	mOsalaparvaH	-
9.1	praBAse	-	praBAse	praBAsa{puM;7;eka}	praBAsa{puM;7;eka}	aXikaraNam,10.1	aXikaraNam,10.1#aXikaraNam,6.1	1	09	008	mahABArawam	mOsalaparvaH	-
1.1	ye	-	ye	yax{sarvanAma;puM;1;bahu}/yax{sarvanAma;napuM;1;xvi}/yax{sarvanAma;napuM;2;xvi}/yax{sarvanAma;swrI;1;xvi}/yax{sarvanAma;swrI;2;xvi}	yax{sarvanAma;puM;1;bahu}	niwya_sambanXaH1,8.1;viSeRaNam,2.1	viSeRaNam,2.1#niwya_sambanXaH1,8.1#viSeRaNam,2.1#niwya_sambanXaH1,8.1#viSeRaNam,7.3#viSeRaNam,6.2#viSeRaNam,5.2#viSeRaNam,4.2#viSeRaNam,3.1#niwya_sambanXaH1,8.1	1	09	009	mahABArawam	mOsalaparvaH	-
10.1	hawaM	-	hawaM	hawa{napuM;1;eka(han1;kwa;axAxiH)} 	hawa{napuM;1;eka(han1;kwa;axAxiH)} 	-	-	1	09	009	mahABArawam	mOsalaparvaH	-
11.1	yuXi	-	yuXi	yuX{swrI;7;eka}	yuX{swrI;7;eka}	aXikaraNam,10.1	aXikaraNam,10.1	1	09	009	mahABArawam	mOsalaparvaH	-
12.1	brahman	-	brahman	brahman{puM;8;eka}/brahman{napuM;8;eka}	brahman{puM;8;eka}	samboXyaH,10.1	samboXyaH,10.1	1	09	009	mahABArawam	mOsalaparvaH	-
13.1	.	-	.	-	-	-	-	1	09	009	mahABArawam	mOsalaparvaH	-
2.1	we	-	we	wax{sarvanAma;puM;1;bahu}/wax{sarvanAma;napuM;1;xvi}/wax{sarvanAma;napuM;2;xvi}/wax{sarvanAma;swrI;1;xvi}/wax{sarvanAma;swrI;2;xvi}/yuRmax{sarvanAma;6;eka}/yuRmax{sarvanAma;4;eka}	wax{sarvanAma;puM;1;bahu}	viSeRaNam,3.1	prayojanam1,7.1#karwA,7.1#karma,7.1#RaRTIsambanXaH,12.1#RaRTIsambanXaH,11.1#RaRTIsambanXaH,9.1#RaRTIsambanXaH,7.3#RaRTIsambanXaH,6.2#RaRTIsambanXaH,5.2#RaRTIsambanXaH,3.1#viSeRaNam,7.3#viSeRaNam,6.2#viSeRaNam,5.2#viSeRaNam,4.2#viSeRaNam,3.1	1	09	009	mahABArawam	mOsalaparvaH	-
3.1	SUrAH	-	SUrAH	SUra{puM;1;bahu}/SUrA{swrI;1;bahu}/SUrA{swrI;2;bahu}/SUra{puM;8;bahu}	SUra{puM;1;bahu}	viSeRaNam,7.3	viSeRaNam,7.3#viSeRaNam,6.2#viSeRaNam,5.2#viSeRaNam,4.2	1	09	009	mahABArawam	mOsalaparvaH	-
4.1	mahA-	-	mahA-AwmAnaH	mahaw	mahaw	samAsaH,4.2	samAsaH,4.2	1	09	009	mahABArawam	mOsalaparvaH	-
4.2	AwmAnaH	-	--	Awman{puM;1;bahu}/Awman{puM;8;bahu}	Awman{puM;1;bahu}	viSeRaNam,7.3	viSeRaNam,7.3#viSeRaNam,6.2#viSeRaNam,5.2	1	09	009	mahABArawam	mOsalaparvaH	-
5.1	siMha-	-	siMha-xarpAH	siMha	siMha	samAsaH,5.2	samAsaH,5.2	1	09	009	mahABArawam	mOsalaparvaH	-
5.2	xarpAH	-	--	xarpa{puM;1;bahu}/xarpa{puM;8;bahu}/xarpA{swrI;8;bahu}/xarpA{swrI;1;bahu}/xarpA{swrI;2;bahu}	xarpa{puM;1;bahu}	viSeRaNam,7.3	viSeRaNam,7.3#viSeRaNam,6.2	1	09	009	mahABArawam	mOsalaparvaH	-
6.1	mahA-	-	mahA-balAH	mahaw	mahaw	samAsaH,6.2	samAsaH,6.2	1	09	009	mahABArawam	mOsalaparvaH	-
6.2	balAH	-	--	balA{swrI;1;bahu}/balA{swrI;2;bahu}/balA{swrI;8;bahu}/bala{puM;8;bahu}/bala{puM;1;bahu}	bala{puM;1;bahu}	viSeRaNam,7.3	viSeRaNam,7.3	1	09	009	mahABArawam	mOsalaparvaH	-
7.1	Boja-	-	Boja-vqRNi-anXakAH	Boja(Buj1;GaF;wuxAxiH)}/Boja(Buj2{GaF;ruXAxiH)	Boja(Buj2{GaF;ruXAxiH)	samAsaH,7.2	samAsaH,7.2	1	09	009	mahABArawam	mOsalaparvaH	-
7.2	vqRNi-	-	--	vqRNi	vqRNi	samAsaH,7.3	samAsaH,7.3	1	09	009	mahABArawam	mOsalaparvaH	-
7.3	anXakAH	-	--	anXaka{puM;8;bahu}/anXaka{puM;1;bahu}/anXakA{swrI;8;bahu}/anXakA{swrI;1;bahu}/anXakA{swrI;2;bahu}	anXaka{puM;1;bahu}	karwA,10.1	karwA,10.1	1	09	009	mahABArawam	mOsalaparvaH	-
8.1	wEH	-	wEH	wax{sarvanAma;puM;3;bahu}/wax{sarvanAma;napuM;3;bahu}	wax{sarvanAma;puM;3;bahu}	karwqsamAnAXikaraNam,10.1	karwqsamAnAXikaraNam,10.1	1	09	009	mahABArawam	mOsalaparvaH	-
9.1	anyonyaM	-	anyonyaM	anyonya{puM;2;eka}/anyonya{napuM;1;eka}/anyonya{napuM;2;eka}	anyonya{napuM;1;eka}	kriyAviSeRaNam,10.1	kriyAviSeRaNam,10.1	1	09	009	mahABArawam	mOsalaparvaH	-
1.1	gaxA-	-	gaxA-pariGa-SakwInAM	gaxA	gaxA	samAsaH,1.2	samAsaH,1.2	1	09	010	mahABArawam	mOsalaparvaH	-
1.2	pariGa-	-	--	-pariGa	-pariGa	samAsaH,1.3	samAsaH,1.3	1	09	010	mahABArawam	mOsalaparvaH	-
1.3	SakwInAM	-	--	Sakwi{puM;6;bahu}/Sakwi{swrI;6;bahu}/Sakwi{napuM;6;bahu}	Sakwi{puM;6;bahu}	RaRTIsambanXaH,2.1	karwA,9.1#karma,9.1#RaRTIsambanXaH,9.1#RaRTIsambanXaH,8.1#RaRTIsambanXaH,6.1#RaRTIsambanXaH,3.2#RaRTIsambanXaH,2.1	1	09	010	mahABArawam	mOsalaparvaH	-
10.1	.	-	.	-	-	-	-	1	09	010	mahABArawam	mOsalaparvaH	-
2.1	sahAH	-	sahAH	saha{puM;1;bahu}/sahA{swrI;1;bahu}/sahA{swrI;2;bahu}/saha{puM;8;bahu}/sahA{swrI;8;bahu}	saha{puM;1;bahu}	viSeRaNam,4.1	karma,7.1#karma,6.1#viSeRaNam,4.1	1	09	010	mahABArawam	mOsalaparvaH	-
3.1	pariGa-	-	pariGa-bAhavaH	pariGa	pariGa	samAsaH,3.2	samAsaH,3.2	1	09	010	mahABArawam	mOsalaparvaH	-
3.2	bAhavaH	-	--	bAhu{puM;1;bahu}/bAhu{puM;8;bahu}	bAhu{puM;1;bahu}	viSeRaNam,4.1	viSeRaNam,2.1#viSeRaNam,6.1#viSeRaNam,4.1	1	09	010	mahABArawam	mOsalaparvaH	-
4.1	we	-	we	wax{sarvanAma;puM;1;bahu}/wax{sarvanAma;napuM;1;xvi}/wax{sarvanAma;napuM;2;xvi}/wax{sarvanAma;swrI;1;xvi}/wax{sarvanAma;swrI;2;xvi}/yuRmax{sarvanAma;6;eka}/yuRmax{sarvanAma;4;eka}	wax{sarvanAma;puM;1;bahu}	karwA,6.1	prayojanam1,9.1#prayojanam1,7.1#prayojanam1,6.1#karwA,6.1#karma,9.1#RaRTIsambanXaH,9.1#RaRTIsambanXaH,8.1#RaRTIsambanXaH,6.1#RaRTIsambanXaH,3.2#RaRTIsambanXaH,2.1#RaRTIsambanXaH,1.3#karma,7.1#karma,6.1#viSeRaNam,6.1#viSeRaNam,3.2#viSeRaNam,2.1	1	09	010	mahABArawam	mOsalaparvaH	-
5.1	erakABiH	-	erakABiH	erakA{swrI;3;eka}	erakA{swrI;3;eka}	karaNam,6.1	karaNam,6.1	1	09	010	mahABArawam	mOsalaparvaH	-
6.1	nihawAH	-	nihawAH	nihan{wal;swrI;1;bahu}/nihan{wal;swrI;2;bahu}/nihawa{puM;1;bahu(ni_han1;kwa;axAxiH)}/nihawA{swrI;1;bahu(ni_han1;kwa;axAxiH)}/nihawA{swrI;2;bahu(ni_han1;kwa;axAxiH)}	nihawa{puM;1;bahu(ni_han1;kwa;axAxiH)}	-	viSeRaNam,2.1#karma,7.1#viSeRaNam,4.1#viSeRaNam,3.2	1	09	010	mahABArawam	mOsalaparvaH	-
7.1	paSya	-	paSya	xqS1{karwari;lot;ma;eka;parasmEpaxI;BvAxiH}	xqS1{karwari;lot;ma;eka;parasmEpaxI;BvAxiH}	-	-	1	09	010	mahABArawam	mOsalaparvaH	-
8.1	kAlasya	-	kAlasya	kAla{puM;6;eka}/kAla{napuM;6;eka}	kAla{puM;6;eka}	RaRTIsambanXaH,9.1	viSeRaNam,4.1#karwA,9.1#karma,9.1#RaRTIsambanXaH,9.1#RaRTIsambanXaH,6.1#RaRTIsambanXaH,3.2#RaRTIsambanXaH,2.1#RaRTIsambanXaH,1.3	1	09	010	mahABArawam	mOsalaparvaH	-
9.1	paryayam	-	paryayam	paryaya{puM;2;eka(pari_i1;GaF;axAxiH)}	paryaya{puM;2;eka(pari_i1;GaF;axAxiH)}	karma,7.1	karma,7.1#karma,6.1	1	09	010	mahABArawam	mOsalaparvaH	-
1.1	bAhuSAlinAm	-	bAhuSAlinAm	bAhuSAli{puM;6;bahu} 	bAhuSAli{puM;6;bahu} 	RaRTIsambanXaH,4.1	RaRTIsambanXaH,4.1	1	09	011	mahABArawam	mOsalaparvaH	-
10.1	wEH	-	wEH	wax{sarvanAma;puM;3;bahu}/wax{sarvanAma;napuM;3;bahu}	wax{sarvanAma;puM;3;bahu}	karwA,9.1	prayojakakarwqrahiwaprayojyakarwA,7.1#karwA,9.1#karaNam,5.1#hewuH,7.1#hewuH,5.1	1	09	011	mahABArawam	mOsalaparvaH	-
11.1	.	-	.	-	-	-	-	1	09	011	mahABArawam	mOsalaparvaH	-
2.1	weRAM	-	weRAM	wax{sarvanAma;puM;6;bahu}/wax{sarvanAma;napuM;6;bahu}	wax{sarvanAma;puM;6;bahu}	viSeRaNam,1.1	viSeRaNam,1.1#RaRTIsambanXaH,8.1#RaRTIsambanXaH,4.1#RaRTIsambanXaH,3.2	1	09	011	mahABArawam	mOsalaparvaH	-
3.1	paFca-	-	paFca-SawaM	paFca}/paFcan	paFca	samAsaH,3.2	samAsaH,3.2	1	09	011	mahABArawam	mOsalaparvaH	-
3.2	SawaM	-	--	Sawa{napuM;1;eka}/Sawa{napuM;2;eka}/Sawa{saMKyeyam;napuM;1;eka}/Sawa{saMKyeyam;napuM;2;eka}/Sawa{saMKyA;napuM;1;eka}/Sawa{saMKyA;napuM;2;eka}/Sawa{puM;2;eka}	Sawa{napuM;1;eka}	viSeRaNam,4.1	viSeRaNam,8.1#viSeRaNam,6.2#viSeRaNam,5.1#karma,7.1#karma,5.1#viSeRaNam,4.1	1	09	011	mahABArawam	mOsalaparvaH	-
4.1	sahasraM	-	sahasraM	sahasra{saMKyeyam;napuM;1;eka}/sahasra{saMKyeyam;napuM;2;eka}/sahasra{saMKyA;napuM;1;eka}/sahasra{saMKyA;napuM;2;eka}	sahasra{saMKyeyam;napuM;1;eka}	karma,5.1	viSeRaNam,6.2#viSeRaNam,5.1#viSeRaNam,3.2#karma,7.1#karma,5.1	1	09	011	mahABArawam	mOsalaparvaH	-
5.1	hawaM	-	hawaM	han1{karwari;lot;ma;xvi;parasmEpaxI;axAxiH}/hawa{puM;2;eka(han1;kwa;axAxiH)}/hawa{napuM;1;eka(han1;kwa;axAxiH)}/hawa{napuM;2;eka(han1;kwa;axAxiH)}	hawa{napuM;1;eka(han1;kwa;axAxiH)}	-	viSeRaNam,6.2#viSeRaNam,4.1#viSeRaNam,3.2#karma,7.1#viSeRaNam,8.1	1	09	011	mahABArawam	mOsalaparvaH	-
6.1	iware-	-	iware-iwaram	iware	iware	samAsaH,6.2	samAsaH,6.2	1	09	011	mahABArawam	mOsalaparvaH	-
6.2	iwaram	-	--	iwara{puM;2;eka}/iwara{napuM;1;eka}/iwara{napuM;2;eka}/iwara{sarvanAma;puM;2;eka}	iwara{napuM;1;eka}	kriyAviSeRaNam,7.1	kriyAviSeRaNam,7.1#viSeRaNam,5.1#viSeRaNam,3.2#karma,7.1#karma,5.1#viSeRaNam,4.1	1	09	011	mahABArawam	mOsalaparvaH	-
7.1	samAsAxya	-	samAsAxya	sam_Af_Rax1{avya;Nic;lyap;BvAxiH}	sam_Af_Rax1{avya;Nic;lyap;BvAxiH}	pUrvakAlaH,9.1	pUrvakAlaH,9.1	1	09	011	mahABArawam	mOsalaparvaH	-
8.1	niXanaM	-	niXanaM	niXana{puM;2;eka}	niXana{puM;2;eka}	karma,9.1	karma,7.1#karma,5.1#karma,9.1	1	09	011	mahABArawam	mOsalaparvaH	-
9.1	samanuprApwaM	-	samanuprApwaM	sam_anu_prApwa{napuM;1;eka(anu_pra_Ap1;kwa;svAxiH)}	sam_anu_prApwa{napuM;1;eka(anu_pra_Ap1;kwa;svAxiH)}	-	-	1	09	011	mahABArawam	mOsalaparvaH	-
1.1	a-	-	a-miwa-ojasAM	a	a	samAsaH,1.2	samAsaH,1.2	1	09	012	mahABArawam	mOsalaparvaH	-
1.2	miwa-	-	--	miwa(mA1;kwa;axAxiH)}/miwa(mA2{kwa;juhowyAxiH)}/miwa(mi1{kwa;svAxiH)}/miwa(me1{kwa;BvAxiH)	miwa(mA1;kwa;axAxiH)	samAsaH,1.3	samAsaH,1.3	1	09	012	mahABArawam	mOsalaparvaH	-
1.3	ojasAM	-	--	ojas{napuM;6;bahu}/ojas{puM;6;bahu}	ojas{napuM;6;bahu}	viSeRaNam,2.1	viSeRaNam,2.1#sup_samucciwaH,5.1#sup_samucciwaH,2.1#RaRTIsambanXaH,7.1#RaRTIsambanXaH,2.1	1	09	012	mahABArawam	mOsalaparvaH	-
10.1	punaHpunaH	-	punaHpunaH	punaHpunaH{avya} 	punaHpunaH{avya} 	kriyAviSeRaNam,11.1	kriyAviSeRaNam,11.1	1	09	012	mahABArawam	mOsalaparvaH	-
11.1	mqSyAmi	-	mqSyAmi	-	-	-	-	1	09	012	mahABArawam	mOsalaparvaH	-
12.1	.	-	.	-	-	-	-	1	09	012	mahABArawam	mOsalaparvaH	-
2.1	yaxUnAM	-	yaxUnAM	yaxu{puM;6;bahu}	yaxu{puM;6;bahu}	samucciwaH,5.1	sup_samucciwaH,5.1#RaRTIsambanXaH,7.1#RaRTIsambanXaH,1.3	1	09	012	mahABArawam	mOsalaparvaH	-
3.1	ca	-	ca	ca{avya}	ca{avya}	samuccaya_xyowakaH,2.1	sup_samuccaya_xyowakaH,2.1#sambanXaH,2.1	1	09	012	mahABArawam	mOsalaparvaH	-
4.1	yaSasvinaH	-	yaSasvinaH	yaSasvin{puM;1;bahu}/yaSasvin{puM;2;bahu}/yaSasvin{puM;5;eka}/yaSasvin{puM;6;eka}/yaSasvin{napuM;5;eka}/yaSasvin{napuM;6;eka}/yaSasvin{puM;8;bahu}	yaSasvin{puM;6;eka}	viSeRaNam,5.1	viSeRaNam,5.1#sup_samucciwaH,5.1#RaRTIsambanXaH,7.1#RaRTIsambanXaH,2.1#RaRTIsambanXaH,1.3#hewuH5,1.2#karma,1.2	1	09	012	mahABArawam	mOsalaparvaH	-
5.1	kqRNasya	-	kqRNasya	kqRNa{puM;6;eka}/kqRNa{napuM;6;eka}	kqRNa{puM;6;eka}	RaRTIsambanXaH,7.1	viSeRaNam,4.1#RaRTIsambanXaH,7.1#RaRTIsambanXaH,2.1#RaRTIsambanXaH,1.3	1	09	012	mahABArawam	mOsalaparvaH	-
6.1	ca	-	ca	ca{avya}	ca{avya}	sambanXaH,5.1	sup_samuccaya_xyowakaH,5.1#sambanXaH,5.1	1	09	012	mahABArawam	mOsalaparvaH	-
7.1	vinASaM	-	vinASaM	vinASa{puM;2;eka}	vinASa{puM;2;eka}	karma,8.1	karma,8.1	1	09	012	mahABArawam	mOsalaparvaH	-
8.1	cinwayAnaH	-	cinwayAnaH	cinwayAna{puM;1;eka}	cinwayAna{puM;1;eka}	viSeRaNam,9.1	viSeRaNam,9.1	1	09	012	mahABArawam	mOsalaparvaH	-
9.1	(aham)	-	aham	asmax{sarvanAma;1;eka}	asmax{sarvanAma;1;eka}	karwA,11.1	karwA,11.1	1	09	012	mahABArawam	mOsalaparvaH	-
1.1	sAgarasya	-	sAgarasya	sAgara{puM;6;eka}	sAgara{puM;6;eka}	RaRTIsambanXaH,2.1	viSeRaNam,13.1#karwA,8.1#karwA,2.1#karma,8.1#karma,2.1#RaRTIsambanXaH,14.1#RaRTIsambanXaH,13.1#RaRTIsambanXaH,7.1#RaRTIsambanXaH,4.1#RaRTIsambanXaH,2.1	1	09	013	mahABArawam	mOsalaparvaH	-
10.1	ca	-	ca	ca{avya}	ca{avya}	sambanXaH,9.1	sup_samucciwaH,11.1#sup_samuccaya_xyowakaH,9.1#sambanXaH,9.1	1	09	013	mahABArawam	mOsalaparvaH	-
11.1	waWA	-	waWA	waWA{avya}	waWA{avya}	sambanXaH,12.1	sambanXaH,12.1#sup_samucciwaH,9.1#sup_samuccaya_xyowakaH,10.1#kriyAviSeRaNam,8.1#kriyAviSeRaNam,2.1	1	09	013	mahABArawam	mOsalaparvaH	-
12.1	ca	-	ca	ca{avya}	ca{avya}	sambanXaH,13.1	sambanXaH,13.1#sup_samucciwaH,10.1#sup_samucciwaH,9.1#sup_samuccaya_xyowakaH,11.1#sambanXaH,11.1	1	09	013	mahABArawam	mOsalaparvaH	-
13.1	agneH	-	agneH	agni{puM;5;eka}/agni{puM;6;eka}	agni{puM;6;eka}	RaRTIsambanXaH,14.1	upamAnam,7.1#RaRTIsambanXaH,14.1#RaRTIsambanXaH,7.1#RaRTIsambanXaH,4.1#RaRTIsambanXaH,2.1#hewuH5,8.1#hewuH5,2.1#apAxAnam,8.1	1	09	013	mahABArawam	mOsalaparvaH	-
14.1	SEwyam	-	SEwyam	SEwya{napuM;1;eka}/SEwya{napuM;2;eka}	SEwya{napuM;1;eka}	-	-	1	09	013	mahABArawam	mOsalaparvaH	-
15.1	iva	-	iva	iva{avya}	iva{avya}	upamAna_xyowakaH,14.1	sup_samucciwaH,11.1#upamAna_xyowakaH,14.1	1	09	013	mahABArawam	mOsalaparvaH	-
16.1	.	-	.	-	-	-	-	1	09	013	mahABArawam	mOsalaparvaH	-
2.1	SoRaNaM	-	SoRaNaM	SoRaNa{napuM;1;eka}/SoRaNa{napuM;2;eka}/SoRaNa{napuM;1;eka(SuR1;lyut;xivAxiH)}/SoRaNa{napuM;2;eka(SuR1;lyut;xivAxiH)}	SoRaNa{napuM;1;eka(SuR1;lyut;xivAxiH)}	-	upamAnam,7.1	1	09	013	mahABArawam	mOsalaparvaH	-
3.1	iva	-	iva	iva{avya}	iva{avya}	upamAna_xyowakaH,2.1	upamAna_xyowakaH,2.1#upamAna_xyowakaH,2.1	1	09	013	mahABArawam	mOsalaparvaH	-
4.1	parvawasya	-	parvawasya	parvawa{puM;6;eka}	parvawa{puM;6;eka}	RaRTIsambanXaH,5.1	RaRTIsambanXaH,5.1#viSeRaNam,13.1#upamAnam,1.1#karwA,8.1#karma,8.1#RaRTIsambanXaH,14.1#RaRTIsambanXaH,13.1#RaRTIsambanXaH,7.1#RaRTIsambanXaH,2.1	1	09	013	mahABArawam	mOsalaparvaH	-
5.1	cAlanam	-	cAlanam	cAlana{napuM;1;eka}	cAlana{napuM;1;eka}	-	-	1	09	013	mahABArawam	mOsalaparvaH	-
6.1	iva	-	iva	iva{avya}	iva{avya}	upamAna_xyowakaH,5.1	upamAna_xyowakaH,5.1#sup_samucciwaH,10.1#sup_samucciwaH,9.1	1	09	013	mahABArawam	mOsalaparvaH	-
7.1	naBasaH	-	naBasaH	naBas{napuM;5;eka}/naBas{napuM;6;eka}/naBasa{puM;1;eka}	naBas{napuM;6;eka}	RaRTIsambanXaH,5.1	RaRTIsambanXaH,5.1#upamAnam,2.1#upamAnam,4.1#upamAnam,1.1#karwA,8.1#karma,8.1#RaRTIsambanXaH,14.1#RaRTIsambanXaH,13.1#RaRTIsambanXaH,4.1#RaRTIsambanXaH,2.1#hewuH5,8.1#hewuH5,2.1#apAxAnam,8.1	1	09	013	mahABArawam	mOsalaparvaH	-
8.1	pawanaM	-	pawanaM	pawana{napuM;1;eka(paw1;lyut;BvAxiH)}/pawana{napuM;2;eka(paw1;lyut;BvAxiH)}	pawana{napuM;1;eka(paw1;lyut;BvAxiH)}	-	karma,2.1	1	09	013	mahABArawam	mOsalaparvaH	-
9.1	iva	-	iva	iva{avya}	iva{avya}	upamAna_xyowakaH,8.1	sup_samucciwaH,11.1#sup_samucciwaH,10.1#upamAna_xyowakaH,8.1	1	09	013	mahABArawam	mOsalaparvaH	-
1.1	SArfgaXanvanaH	-	SArfgaXanvanaH	SArfgaXanvan{puM;2;bahu}/SArfgaXanvan{puM;5;eka}/SArfgaXanvan{puM;6;eka}	SArfgaXanvan{puM;6;eka}	RaRTIsambanXaH,2.1	karma,11.1#RaRTIsambanXaH,9.1#RaRTIsambanXaH,2.1#hewuH5,13.1#hewuH5,11.1#hewuH5,9.1#hewuH5,7.1#karma,7.1	1	09	014	mahABArawam	mOsalaparvaH	-
10.1	ahaM	-	ahaM	asmax{sarvanAma;1;eka}	asmax{sarvanAma;1;eka}	karwA,13.1	karwA,13.1#karwA,9.1#karwA,7.1#karma,7.1	1	09	014	mahABArawam	mOsalaparvaH	-
11.1	sWAwuM	-	sWAwuM	RWA1{avya;wumun;BvAxiH}	RWA1{avya;wumun;BvAxiH}	iRkarma,13.1	prayojanam1,9.1#prayojanam1,7.1#iRkarma,13.1	1	09	014	mahABArawam	mOsalaparvaH	-
12.1	na	-	na	na{avya}	na{avya}	prawiReXaH,13.1	prawiReXaH,13.1	1	09	014	mahABArawam	mOsalaparvaH	-
13.1	icCAmi	-	icCAmi	iR2{karwari;lat;u;eka;parasmEpaxI;wuxAxiH}	iR2{karwari;lat;u;eka;parasmEpaxI;wuxAxiH}	aBihiwa_karwA,10.1;sakarmaka	-	1	09	014	mahABArawam	mOsalaparvaH	-
14.1	.	-	.	-	-	-	-	1	09	014	mahABArawam	mOsalaparvaH	-
2.1	vinASaM	-	vinASaM	vinASa{puM;2;eka}	vinASa{puM;2;eka}	karma,7.1	karma,9.1#karma,7.1	1	09	014	mahABArawam	mOsalaparvaH	-
3.1	iyaM	-	iyaM	ixam{sarvanAma;swrI;1;eka}	ixam{sarvanAma;swrI;1;eka}	viSeRaNam,4.1	viSeRaNam,10.1#viSeRaNam,4.1	1	09	014	mahABArawam	mOsalaparvaH	-
4.1	aSraxXA	-	aSraxXA	aSraxXA{swrI;1;eka}	aSraxXA{swrI;1;eka}	viXeya_viSeRaNam,2.1	viXeya_viSeRaNam,2.1	1	09	014	mahABArawam	mOsalaparvaH	-
5.1	iwi	-	iwi	iwi{avya}	iwi{avya}	sambanXaH,4.1	sambanXaH,4.1	1	09	014	mahABArawam	mOsalaparvaH	-
6.1	aham	-	aham	asmax{sarvanAma;1;eka}	asmax{sarvanAma;1;eka}	karwA,7.1	karwA,13.1#karwA,9.1#karwA,7.1#karma,7.1	1	09	014	mahABArawam	mOsalaparvaH	-
7.1	manye	-	manye	man2{karmaNi;lat;u;eka;AwmanepaxI;wanAxiH}/man1{karwari;lat;u;eka;AwmanepaxI;xivAxiH}	man1{karwari;lat;u;eka;AwmanepaxI;xivAxiH}	aBihiwa_karwA,6.1;sakarmaka	-	1	09	014	mahABArawam	mOsalaparvaH	-
8.1	kqRNa-	-	kqRNa-vinA-kqwe	kqRNa	kqRNa	samAsaH,8.2	samAsaH,8.2	1	09	014	mahABArawam	mOsalaparvaH	-
8.2	vinA-	-	--	-vinA	-vinA	samAsaH,8.3	samAsaH,8.3	1	09	014	mahABArawam	mOsalaparvaH	-
8.3	kqwe	-	--	kqwa{puM;7;eka}	kqwa{puM;7;eka}	viSeRaNam,9.1	viSeRaNam,9.1	1	09	014	mahABArawam	mOsalaparvaH	-
9.1	loke	-	loke	lok1{karwari;lat;u;eka;AwmanepaxI;BvAxiH}/loka{puM;7;eka}	loka{puM;7;eka}	aXikaraNam,13.1	aXikaraNam,13.1#aXikaraNam,13.1#aXikaraNam,7.1	1	09	014	mahABArawam	mOsalaparvaH	-
1.1	iwaH	-	iwaH	iwaH{avya}/i1{karwari;lat;pra;xvi;parasmEpaxI;axAxiH}/iwa{puM;1;eka(i1;kwa;axAxiH)}	iwaH{avya}	sanxarBa_binxuH,4.1	sambanXaH,13.1#sambanXaH,5.1#sanxarBa_binxuH,4.1	1	09	015	mahABArawam	mOsalaparvaH	-
10.1	manaH	-	manaH	manas{napuM;1;eka}/manas{napuM;2;eka}/manas{napuM;8;eka}	manas{napuM;1;eka}	karwA,13.1	karma,5.1#sup_samucciwaH,1.1#karma,13.1#karwA,13.1	1	09	015	mahABArawam	mOsalaparvaH	-
11.1	vE	-	vE	vE{avya}	vE{avya}	sambanXaH,10.1	sambanXaH,10.1	1	09	015	mahABArawam	mOsalaparvaH	-
12.1	muhuH	-	muhuH	muhuH{avya}	muhuH{avya}	kriyAviSeRaNam,13.1	kriyAviSeRaNam,13.1	1	09	015	mahABArawam	mOsalaparvaH	-
13.1	xIryawe	-	xIryawe	xQ2{karmaNi;lat;pra;eka;AwmanepaxI;kryAxiH}	xQ2{karmaNi;lat;pra;eka;AwmanepaxI;kryAxiH}	aBihiwa_karma,10.1;sakarmaka	-	1	09	015	mahABArawam	mOsalaparvaH	-
14.1	.	-	.	-	-	-	-	1	09	015	mahABArawam	mOsalaparvaH	-
2.1	ca	-	ca	ca{avya}	ca{avya}	sambanXaH,1.1	sup_samuccaya_xyowakaH,1.1#sambanXaH,1.1	1	09	015	mahABArawam	mOsalaparvaH	-
3.1	kaRtawaraM	-	kaRtawaraM	kaRta{warap;puM;2;eka}/kaRta{warap;napuM;1;eka}/kaRta{warap;napuM;2;eka}	kaRta{warap;napuM;2;eka}	viSeRaNam,4.1	viSeRaNam,10.1#viSeRaNam,4.1#karma,5.1#karma,1.1#sup_samucciwaH,1.1	1	09	015	mahABArawam	mOsalaparvaH	-
4.1	anyaw	-	anyaw	anyaw{avya}/anya{sarvanAma;napuM;1;eka}/anya{sarvanAma;napuM;2;eka}	anya{sarvanAma;napuM;2;eka}	karma,5.1	viSeRaNam,10.1#karma,5.1#karma,1.1#sup_samucciwaH,1.1	1	09	015	mahABArawam	mOsalaparvaH	-
5.1	SqNu	-	SqNu	Sru1{karwari;lot;ma;eka;parasmEpaxI;BvAxiH}	Sru1{karwari;lot;ma;eka;parasmEpaxI;BvAxiH}	aBihiwa_karma,4.1;sakarmaka	-	1	09	015	mahABArawam	mOsalaparvaH	-
6.1	wapo-	-	wapo-Xana	wapas	wapas	samAsaH,6.2	samAsaH,6.2	1	09	015	mahABArawam	mOsalaparvaH	-
6.2	Xana	-	--	Xana{napuM;8;eka}/Xana{puM;8;eka}	Xana{napuM;8;eka}	samboXyaH,5.1	viSeRaNam,10.1#samboXyaH,5.1	1	09	015	mahABArawam	mOsalaparvaH	-
7.1	yena	-	yena	yena{avya}/yax{sarvanAma;puM;3;eka}/yax{sarvanAma;napuM;3;eka}	yax{sarvanAma;puM;3;eka}	karaNam,13.1	karwA,13.1#karaNam,5.1#karaNam,13.1#hewuH,13.1#hewuH,5.1	1	09	015	mahABArawam	mOsalaparvaH	-
8.1	cinwayAnasya	-	cinwayAnasya	cinwayAna{puM;6;eka}	cinwayAna{puM;6;eka}	viSeRaNam,9.1	viSeRaNam,9.1	1	09	015	mahABArawam	mOsalaparvaH	-
9.1	me	-	me	asmax{sarvanAma;6;eka}/asmax{sarvanAma;4;eka}	asmax{sarvanAma;6;eka}	RaRTIsambanXaH,10.1	prayojanam1,13.1#prayojanam1,5.1#RaRTIsambanXaH,10.1#RaRTIsambanXaH,6.2#RaRTIsambanXaH,3.1	1	09	015	mahABArawam	mOsalaparvaH	-
1.1	paSyawaH	-	paSyawaH	xqS1{karwari;lat;pra;xvi;parasmEpaxI;BvAxiH}/paSyaw{puM;8;bahu}/paSyaw{puM;2;bahu(xqS1;Sawq_lat;BvAxiH)}/paSyaw{puM;5;eka(xqS1;Sawq_lat;BvAxiH)}/paSyaw{puM;6;eka(xqS1;Sawq_lat;BvAxiH)}/paSyaw{napuM;5;eka(xqS1;Sawq_lat;BvAxiH)}/paSyaw{napuM;6;eka(xqS1;Sawq_lat;BvAxiH)}	paSyaw{puM;6;eka(xqS1;Sawq_lat;BvAxiH)}	viSeRaNam,2.1	viSeRaNam,2.1#upa_apekRA,3.1#RaRTIsambanXaH,10.1#RaRTIsambanXaH,7.1#RaRTIsambanXaH,6.3#RaRTIsambanXaH,5.2#BAvalakRaNasapwamI_samAnakAlaH,9.1#hewuH5,9.1#hewuH5,8.1#apAxAnam,9.1#karma,8.1	1	09	016	mahABArawam	mOsalaparvaH	-
10.1	brahman	-	brahman	brahman{puM;8;eka}/brahman{napuM;8;eka}	brahman{puM;8;eka}	samboXyaH,9.1	samboXyaH,9.1	1	09	016	mahABArawam	mOsalaparvaH	-
11.1	.	-	.	-	-	-	-	1	09	016	mahABArawam	mOsalaparvaH	-
2.1	mama	-	mama	asmax{sarvanAma;6;eka}	asmax{sarvanAma;6;eka}	RaRTIsambanXaH,3.1	upa_apekRA,3.1#RaRTIsambanXaH,10.1#RaRTIsambanXaH,3.1#RaRTIsambanXaH,6.3#RaRTIsambanXaH,5.2#BkarwA,1.1	1	09	016	mahABArawam	mOsalaparvaH	-
3.1	(puraswAw)	-	puraswAw	puraswAw{avya}	puraswAw{avya}	xeSAXikaraNam_upa,9.1	xeSAXikaraNam_upa,9.1#xeSAXikaraNam_upa,9.1#apAxAnam_upa,9.1	1	09	016	mahABArawam	mOsalaparvaH	-
4.1	sahasraSaH	-	sahasraSaH	sahasra{avya;Sas}	sahasra{avya;Sas}	kriyAviSeRaNam,9.1	kriyAviSeRaNam,9.1#kriyAviSeRaNam,8.1#kriyAviSeRaNam,1.1	1	09	016	mahABArawam	mOsalaparvaH	-
5.1	vqRNi-	-	vqRNi-xArAH	vqRNi	vqRNi	samAsaH,5.2	samAsaH,5.2	1	09	016	mahABArawam	mOsalaparvaH	-
5.2	xArAH	-	--	xAra{puM;1;bahu}/xArA{puM;1;bahu}/xAra{puM;8;bahu}/xArA{swrI;8;bahu}/xArA{swrI;1;bahu}/xArA{swrI;2;bahu}	xAra{puM;1;bahu}	karma,9.1	viSeRaNam,9.1#muKyakarma,9.1#karma,9.1#karma,1.1#viSeRaNam,1.1	1	09	016	mahABArawam	mOsalaparvaH	-
6.1	paFca-	-	paFca-naxa-AlayEH	paFca}/paFcan	paFca	samAsaH,6.2	samAsaH,6.2	1	09	016	mahABArawam	mOsalaparvaH	-
6.2	naxa-	-	--	naxa	naxa	samAsaH,6.3	samAsaH,6.3	1	09	016	mahABArawam	mOsalaparvaH	-
6.3	AlayEH	-	--	Alaya{puM;3;bahu}/Alaya{napuM;3;bahu}	Alaya{puM;3;bahu}	viSeRaNam,7.1	karwA,9.1#karaNam,9.1#karaNam,1.1#hewuH,9.1#hewuH,8.1#hewuH,1.1#viSeRaNam,7.1	1	09	016	mahABArawam	mOsalaparvaH	-
7.1	ABIrEH	-	ABIrEH	ABIra{puM;3;bahu}	ABIra{puM;3;bahu}	karaNam,9.1	karwA,9.1#karaNam,9.1#karaNam,1.1#hewuH,9.1#hewuH,8.1#hewuH,1.1	1	09	016	mahABArawam	mOsalaparvaH	-
8.1	anusqwya	-	anusqwya	anu_sq1{avya;lyap;BvAxiH}/anu_sq2{avya{lyap;juhowyAxiH}	anu_sq1{avya;lyap;BvAxiH}	pUrvakAlaH,9.1	pUrvakAlaH,9.1#pUrvakAlaH,1.1	1	09	016	mahABArawam	mOsalaparvaH	-
9.1	hqwAH	-	hqwAH	hqwa{puM;1;bahu(hq1;kwa;BvAxiH)}/hqwA{swrI;1;bahu(hq1;kwa;BvAxiH)}/hqwA{swrI;2;bahu(hq1;kwa;BvAxiH)}/hqwa{puM;1;bahu(hq2;kwa;juhowyAxiH)}/hqwA{swrI;1;bahu(hq2;kwa;juhowyAxiH)}/hqwA{swrI;2;bahu(hq2;kwa;juhowyAxiH)}	hqwa{puM;1;bahu(hq1;kwa;BvAxiH)}	-	viSeRaNam,5.2#karma,8.1	1	09	016	mahABArawam	mOsalaparvaH	-
1.1	wawra	-	wawra	wawra{avya}	wawra{avya}	xeSAXikaraNam,3.1	xeSAXikaraNam,14.1#xeSAXikaraNam,8.1#xeSAXikaraNam,3.1	1	09	017	mahABArawam	mOsalaparvaH	-
10.1	me	-	me	asmax{sarvanAma;6;eka}/asmax{sarvanAma;4;eka}	asmax{sarvanAma;6;eka}	RaRTIsambanXaH,11.1	prayojanam1,14.1#RaRTIsambanXaH,13.1#RaRTIsambanXaH,11.1	1	09	017	mahABArawam	mOsalaparvaH	-
11.1	BujayoH	-	BujayoH	BujA{swrI;6;xvi}/BujA{swrI;7;xvi}	BujA{swrI;6;xvi}	upamAnam,13.1	aXikaraNam,14.1#upamAnam,13.1#RaRTIsambanXaH,13.1	1	09	017	mahABArawam	mOsalaparvaH	-
12.1	yaWA	-	yaWA	yaWA{avya}	yaWA{avya}	upamAna_xyowakaH,11.1;niwya_sambanXaH,15.1	upamAna_xyowakaH,11.1#niwya_sambanXaH,15.1#kriyAviSeRaNam,14.1	1	09	017	mahABArawam	mOsalaparvaH	-
13.1	vIryaM	-	vIryaM	vIrya{napuM;1;eka}/vIrya{napuM;2;eka}	vIrya{napuM;1;eka}	karwA,14.1	karwA_be_verbs,14.1	1	09	017	mahABArawam	mOsalaparvaH	-
14.1	AsIw	-	AsIw	as2{karwari;laf;pra;eka;parasmEpaxI;axAxiH}	as2{karwari;laf;pra;eka;parasmEpaxI;axAxiH}	upamAnam,8.1	upamAnam,8.1	1	09	017	mahABArawam	mOsalaparvaH	-
15.1	waWA	-	waWA	waWA{avya}	waWA{avya}	kriyAviSeRaNam,17.1	kriyAviSeRaNam,17.1	1	09	017	mahABArawam	mOsalaparvaH	-
16.1	na	-	na	na{avya}	na{avya}	prawiReXaH,17.1	prawiReXaH,17.1	1	09	017	mahABArawam	mOsalaparvaH	-
17.1	aBavaw	-	aBavaw	BU1{karwari;laf;pra;eka;parasmEpaxI;BvAxiH}	BU1{karwari;laf;pra;eka;parasmEpaxI;BvAxiH}	-	-	1	09	017	mahABArawam	mOsalaparvaH	-
18.1	.	-	.	-	-	-	-	1	09	017	mahABArawam	mOsalaparvaH	-
2.1	XanuH	-	XanuH	Xanu{puM;1;eka}/Xanus{napuM;1;eka}/Xanus{napuM;2;eka}/Xanus{napuM;8;eka}	Xanus{napuM;2;eka}	karma,3.1	karma,8.1#karma,3.1	1	09	017	mahABArawam	mOsalaparvaH	-
3.1	AxAya	-	AxAya	Af_xE1{karwari;lot;ma;eka;parasmEpaxI;BvAxiH}/Af_xA3{avya{lyap;juhowyAxiH}/Af_xA1{avya{lyap;BvAxiH}/Af_xA2{avya{lyap;axAxiH}	Af_xA3{avya;lyap;juhowyAxiH}	pUrvakAlaH,8.1	pUrvakAlaH,8.1	1	09	017	mahABArawam	mOsalaparvaH	-
4.1	ahaM	-	ahaM	asmax{sarvanAma;1;eka}	asmax{sarvanAma;1;eka}	karwA,8.1	karwA,8.1	1	09	017	mahABArawam	mOsalaparvaH	-
5.1	wasya	-	wasya	wax{sarvanAma;napuM;6;eka}/wax{sarvanAma;puM;6;eka}	wax{sarvanAma;napuM;6;eka}	RaRTIsambanXaH,6.1	viSeRaNam,10.1#RaRTIsambanXaH,6.1#RaRTIsambanXaH,11.1	1	09	017	mahABArawam	mOsalaparvaH	-
6.1	pUraNe	-	pUraNe	pUraNa{napuM;7;eka}	pUraNa{napuM;7;eka}	viRayAXikaraNam,8.1	viRayAXikaraNam,8.1	1	09	017	mahABArawam	mOsalaparvaH	-
7.1	na	-	na	na{avya}	na{avya}	prawiReXaH,8.1	prawiReXaH,14.1#prawiReXaH,8.1	1	09	017	mahABArawam	mOsalaparvaH	-
8.1	aSakaM	-	aSakaM	Sak2{karwari;luf;u;eka;parasmEpaxI;xivAxiH}/Sak3{karwari;luf;u;eka;parasmEpaxI;svAxiH}	Sak2{karwari;luf;u;eka;parasmEpaxI;xivAxiH}	-	-	1	09	017	mahABArawam	mOsalaparvaH	-
9.1	purA	-	purA	purA{avya}	purA{avya}	kAlAXikaraNam,14.1	kAlAXikaraNam,14.1	1	09	017	mahABArawam	mOsalaparvaH	-
1.1	me	-	me	asmax{sarvanAma;6;eka}/asmax{sarvanAma;4;eka}	asmax{sarvanAma;6;eka}	RaRTIsambanXaH,3.1	prayojanam1,12.1#prayojanam1,4.1#RaRTIsambanXaH,3.1#RaRTIsambanXaH,8.1#RaRTIsambanXaH,6.1#RaRTIsambanXaH,5.2#RaRTIsambanXaH,3.1#RaRTIsambanXaH,2.1	1	09	018	mahABArawam	mOsalaparvaH	-
10.1	samanwawaH	-	samanwawaH	samanwa{avya;wasil}/samanwawaH{avya}	samanwa{avya;wasil}	kriyAviSeRaNam,12.1	kriyAviSeRaNam,12.1#kriyAviSeRaNam,4.1	1	09	018	mahABArawam	mOsalaparvaH	-
11.1	kRayam	-	kRayam	kRaya{puM;2;eka}/kRaya{napuM;1;eka}/kRaya{napuM;2;eka}	kRaya{puM;2;eka}	karma,12.1	viSeRaNam,5.2#karma,12.1	1	09	018	mahABArawam	mOsalaparvaH	-
12.1	ApannAH	-	ApannAH	Apanna{puM;1;bahu(Af_pax1;kwa;xivAxiH)}/ApannA{swrI;1;bahu(Af_pax1;kwa;xivAxiH)}/ApannA{swrI;2;bahu(Af_pax1;kwa;xivAxiH)}	Apanna{puM;1;bahu(Af_pax1;kwa;xivAxiH)}	-	-	1	09	018	mahABArawam	mOsalaparvaH	-
13.1	.	-	.	-	-	-	-	1	09	018	mahABArawam	mOsalaparvaH	-
2.1	viviXAni	-	viviXAni	viviXa{napuM;1;bahu}/viviXa{napuM;2;bahu}/viviXa{napuM;8;bahu}	viviXa{napuM;1;bahu}	viSeRaNam,3.1	sup_samucciwaH,6.1#viSeRaNam,3.1	1	09	018	mahABArawam	mOsalaparvaH	-
3.1	aswrANi	-	aswrANi	aswra{napuM;1;bahu}/aswra{napuM;2;bahu}/aswra{napuM;8;bahu}	aswra{napuM;1;bahu}	samucciwaH,6.1	sup_samucciwaH,6.1	1	09	018	mahABArawam	mOsalaparvaH	-
4.1	pranaRtAni	-	pranaRtAni	pranaRta{napuM;1;bahu(pra_NaS1;kwa;xivAxiH)}/pranaRta{napuM;2;bahu(pra_NaS1;kwa;xivAxiH)}	pranaRta{napuM;1;bahu(pra_NaS1;kwa;xivAxiH)}	-	sup_samucciwaH,6.1	1	09	018	mahABArawam	mOsalaparvaH	-
5.1	mahA-	-	mahA-mune	mahaw	mahaw	samAsaH,5.2	samAsaH,5.2	1	09	018	mahABArawam	mOsalaparvaH	-
5.2	mune	-	--	muni{puM;8;eka}/muni{napuM;8;eka}/muni{napuM;1;eka}/muni{napuM;2;eka}	muni{puM;8;eka}	samboXyaH,4.1	viSeRaNam,11.1#gawikarma,12.1#sup_samucciwaH,6.1#samboXyaH,12.1#samboXyaH,4.1	1	09	018	mahABArawam	mOsalaparvaH	-
6.1	SarAH	-	SarAH	Sara{puM;1;bahu}/Sara{puM;8;bahu}	Sara{puM;1;bahu}	karwA,12.1	karwA,12.1	1	09	018	mahABArawam	mOsalaparvaH	-
7.1	ca	-	ca	ca{avya}	ca{avya}	sambanXaH,6.1	sup_samuccaya_xyowakaH,6.1#sambanXaH,6.1	1	09	018	mahABArawam	mOsalaparvaH	-
8.1	kRaNena	-	kRaNena	kRaNa{puM;3;eka}/kRaNa{napuM;3;eka}	kRaNa{puM;3;eka}	kAlAXikaraNam,12.1	karwA,4.1#hewuH,12.1#hewuH,4.1#kAlAXikaraNam,12.1	1	09	018	mahABArawam	mOsalaparvaH	-
9.1	eva	-	eva	eva{avya}	eva{avya}	sambanXaH,8.1	sambanXaH,8.1	1	09	018	mahABArawam	mOsalaparvaH	-
1.1	a-	-	a-prameya-AwmA	a	a	samAsaH,1.2	samAsaH,1.2	1	09	019	mahABArawam	mOsalaparvaH	-
1.2	prameya-	-	--	prameya	prameya	samAsaH,1.3	samAsaH,1.3	1	09	019	mahABArawam	mOsalaparvaH	-
1.3	AwmA	-	--	Awman{puM;1;eka}	Awman{puM;1;eka}	samucciwaH,6.3	viSeRaNam,8.1#viSeRaNam,6.3#viSeRaNam,5.1#viSeRaNam,4.2#viSeRaNam,3.2#viSeRaNam,2.4#sup_samucciwaH,6.3	1	09	019	mahABArawam	mOsalaparvaH	-
10.1	.	-	.	-	-	-	-	1	09	019	mahABArawam	mOsalaparvaH	-
2.1	SafKa-	-	SafKa-cakra-gaxA-XaraH	SafKa	SafKa	samAsaH,2.2	samAsaH,2.2	1	09	019	mahABArawam	mOsalaparvaH	-
2.2	cakra-	-	--	cakra	cakra	samAsaH,2.3	samAsaH,2.3	1	09	019	mahABArawam	mOsalaparvaH	-
2.3	gaxA-	-	--	gaxA	gaxA	samAsaH,2.4	samAsaH,2.4	1	09	019	mahABArawam	mOsalaparvaH	-
2.4	XaraH	-	--	Xara{puM;1;eka}	Xara{puM;1;eka}	samucciwaH,6.3	viSeRaNam,8.1#viSeRaNam,6.3#viSeRaNam,5.1#viSeRaNam,4.2#viSeRaNam,3.2#viSeRaNam,1.3#sup_samucciwaH,6.3#karwA,9.1	1	09	019	mahABArawam	mOsalaparvaH	-
3.1	cawur-	-	cawur-BujaH	cawur	cawur	samAsaH,3.2	samAsaH,3.2	1	09	019	mahABArawam	mOsalaparvaH	-
3.2	BujaH	-	--	Buja{puM;1;eka}	Buja{puM;1;eka}	samucciwaH,6.3	viSeRaNam,8.1#viSeRaNam,6.3#viSeRaNam,5.1#viSeRaNam,4.2#viSeRaNam,2.4#viSeRaNam,1.3#sup_samucciwaH,6.3#karwA,9.1	1	09	019	mahABArawam	mOsalaparvaH	-
4.1	pIwa-	-	pIwa-vAsAH	pIwa(pA1;kwa;BvAxiH)	pIwa(pA1;kwa;BvAxiH)	samAsaH,4.2	samAsaH,4.2	1	09	019	mahABArawam	mOsalaparvaH	-
4.2	vAsAH	-	--	vAsa{puM;1;bahu}/vAsa{puM;8;bahu}/vAsA{swrI;8;bahu}/vAsA{swrI;1;bahu}/vAsA{swrI;2;bahu}/vAsas{puM;1;eka}	vAsa{puM;1;bahu}	samucciwaH,6.3	viSeRaNam,8.1#viSeRaNam,6.3#viSeRaNam,5.1#viSeRaNam,3.2#viSeRaNam,2.4#viSeRaNam,1.3#sup_samucciwaH,6.3#karwA,9.1#karma,9.1#karma,5.1	1	09	019	mahABArawam	mOsalaparvaH	-
5.1	SyAmaH	-	SyAmaH	So1{karwari;lat;u;bahu;parasmEpaxI;xivAxiH}/SyAma{puM;1;eka}	SyAma{puM;1;eka}	samucciwaH,6.3	viSeRaNam,8.1#viSeRaNam,6.3#viSeRaNam,4.2#viSeRaNam,3.2#viSeRaNam,2.4#viSeRaNam,1.3#sup_samucciwaH,6.3#karwA,9.1	1	09	019	mahABArawam	mOsalaparvaH	-
6.1	paxma-	-	paxma-Ayawa-IkRaNaH	paxma	paxma	samAsaH,6.2	samAsaH,6.2	1	09	019	mahABArawam	mOsalaparvaH	-
6.2	Ayawa-	-	--	Ayawa(Af_yaw1;GaF;BvAxiH)	Ayawa(Af_yaw1;GaF;BvAxiH)	samAsaH,6.3	samAsaH,6.3	1	09	019	mahABArawam	mOsalaparvaH	-
6.3	IkRaNaH	-	--	IkRaNa{puM;1;eka}	IkRaNa{puM;1;eka}	viSeRaNam,8.1	viSeRaNam,8.1#viSeRaNam,5.1#viSeRaNam,4.2#viSeRaNam,3.2#viSeRaNam,2.4#viSeRaNam,1.3#karwA,9.1	1	09	019	mahABArawam	mOsalaparvaH	-
7.1	ca	-	ca	ca{avya}	ca{avya}	samuccaya_xyowakaH,6.3	sup_samuccaya_xyowakaH,6.3#sambanXaH,6.3	1	09	019	mahABArawam	mOsalaparvaH	-
8.1	puruRaH	-	puruRaH	puruRa{puM;1;eka}	puruRa{puM;1;eka}	karwA,9.1	karwA,9.1	1	09	019	mahABArawam	mOsalaparvaH	-
9.1	yAwi	-	yAwi	yA1{karwari;lat;pra;eka;parasmEpaxI;axAxiH}	yA1{karwari;lat;pra;eka;parasmEpaxI;axAxiH}	aBihiwa_karwA,8.1	-	1	09	019	mahABArawam	mOsalaparvaH	-
1.1	yaH	-	yaH	yax{sarvanAma;puM;1;eka}	yax{sarvanAma;puM;1;eka}	viSeRaNam,2.3;niwya_sambanXaH1,7.1	viSeRaNam,11.1#viSeRaNam,7.1#viSeRaNam,2.3#niwya_sambanXaH1,10.1#niwya_sambanXaH1,7.1#karwA,6.1	1	09	020	mahABArawam	mOsalaparvaH	-
10.1	waM	-	waM	wax{sarvanAma;puM;2;eka}	wax{sarvanAma;puM;2;eka}	karma,14.1	karma,14.1#karma,6.1	1	09	020	mahABArawam	mOsalaparvaH	-
11.1	ahaM	-	ahaM	asmax{sarvanAma;1;eka}	asmax{sarvanAma;1;eka}	karwA,14.1	karwA,14.1	1	09	020	mahABArawam	mOsalaparvaH	-
12.1	axya	-	axya	axya{avya}	axya{avya}	kAlAXikaraNam,14.1	kAlAXikaraNam,14.1#kAlAXikaraNam,6.1	1	09	020	mahABArawam	mOsalaparvaH	-
13.1	na	-	na	na{avya}	na{avya}	prawiReXaH,14.1	prawiReXaH,14.1	1	09	020	mahABArawam	mOsalaparvaH	-
14.1	paSyAmi	-	paSyAmi	xqS1{karwari;lat;u;eka;parasmEpaxI;BvAxiH}	xqS1{karwari;lat;u;eka;parasmEpaxI;BvAxiH}	aBihiwa_karwA,11.1;sakarmaka	-	1	09	020	mahABArawam	mOsalaparvaH	-
15.1	.	-	.	-	-	-	-	1	09	020	mahABArawam	mOsalaparvaH	-
2.1	su-	-	su-mahA-xyuwiH	su	su	samAsaH,2.2	samAsaH,2.2	1	09	020	mahABArawam	mOsalaparvaH	-
2.2	mahA-	-	--	mahaw	mahaw	samAsaH,2.3	samAsaH,2.3	1	09	020	mahABArawam	mOsalaparvaH	-
2.3	xyuwiH	-	--	xyuwi{swrI;1;eka}/xyuwi{puM;1;eka}	xyuwi{puM;1;eka}	karwA,6.1	viSeRaNam,11.1#viSeRaNam,7.1#karwA,6.1	1	09	020	mahABArawam	mOsalaparvaH	-
3.1	me	-	me	asmax{sarvanAma;6;eka}/asmax{sarvanAma;4;eka}	asmax{sarvanAma;6;eka}	RaRTIsambanXaH,4.1	prayojanam1,14.1#prayojanam1,9.1#prayojanam1,6.1#upa_apekRA,5.1#RaRTIsambanXaH,8.2#RaRTIsambanXaH,4.1	1	09	020	mahABArawam	mOsalaparvaH	-
4.1	raWasya	-	raWasya	raWa{puM;6;eka}	raWa{puM;6;eka}	sanxarBa_binxuH,5.1	upa_apekRA,5.1#RaRTIsambanXaH,8.2#sanxarBa_binxuH,5.1	1	09	020	mahABArawam	mOsalaparvaH	-
5.1	puraswAw	-	puraswAw	puraswAw{avya}	puraswAw{avya}	xeSAXikaraNam_upa,6.1	xeSAXikaraNam_upa,14.1#xeSAXikaraNam_upa,9.1#xeSAXikaraNam_upa,6.1#apAxAnam_upa,6.1	1	09	020	mahABArawam	mOsalaparvaH	-
6.1	yAwi	-	yAwi	yA1{karwari;lat;pra;eka;parasmEpaxI;axAxiH}	yA1{karwari;lat;pra;eka;parasmEpaxI;axAxiH}	aBihiwa_karwA,2.3;sakarmaka	-	1	09	020	mahABArawam	mOsalaparvaH	-
7.1	saH	-	saH	wax{sarvanAma;puM;1;eka}	wax{sarvanAma;puM;1;eka}	viSeRaNam,11.1	viSeRaNam,11.1#viSeRaNam,2.3#karwA,6.1	1	09	020	mahABArawam	mOsalaparvaH	-
8.1	ripu-	-	ripu-sEnyAni	ripu	ripu	samAsaH,8.2	samAsaH,8.2	1	09	020	mahABArawam	mOsalaparvaH	-
8.2	sEnyAni	-	--	sEnya{napuM;8;bahu}/sEnya{napuM;1;bahu}/sEnya{napuM;2;bahu}	sEnya{napuM;2;bahu}	karma,9.1	karma,14.1#karma,9.1	1	09	020	mahABArawam	mOsalaparvaH	-
9.1	prAxahaw	-	prAxahaw	pra_xah1{karwari;laf;pra;eka;parasmEpaxI;BvAxiH} 	pra_xah1{karwari;laf;pra;eka;parasmEpaxI;BvAxiH}	-	karma,14.1#karma,6.1#varwamAnasamAnakAlaH,14.1#varwamAnasamAnakAlaH,6.1#karwA,6.1	1	09	020	mahABArawam	mOsalaparvaH	-
1.1	yena	-	yena	yena{avya}/yax{sarvanAma;puM;3;eka}/yax{sarvanAma;napuM;3;eka}	yax{sarvanAma;napuM;3;eka}	karwA,5.1	viSeRaNam,3.1#karwA,5.1#karaNam,10.1#hewuH,10.1#hewuH,5.1	1	09	021	mahABArawam	mOsalaparvaH	-
10.1	vyanASayam	-	vyanASayam	vi_NaS1{Nic;karwari;laf;u;eka;parasmEpaxI;xivAxiH}	vi_NaS1{Nic;karwari;laf;u;eka;parasmEpaxI;xivAxiH}	aBihiwa_karwA,5.1	-	1	09	021	mahABArawam	mOsalaparvaH	-
11.1	.	-	.	-	-	-	-	1	09	021	mahABArawam	mOsalaparvaH	-
2.1	pUrvaM	-	pUrvaM	pUrva{puM;2;eka}/pUrva{sarvanAma;puM;2;eka}/pUrva{sarvanAma;napuM;1;eka}/pUrva{sarvanAma;napuM;2;eka}	pUrva{sarvanAma;napuM;1;eka}	kAlAXikaraNam,5.1	kAlAXikaraNam,10.1#kAlAXikaraNam,5.1#aXikaraNam_upa,10.1#aXikaraNam_upa,5.1#viSeRaNam,8.1	1	09	021	mahABArawam	mOsalaparvaH	-
3.1	wejasA	-	wejasA	wejas{napuM;3;eka}	wejas{napuM;3;eka}	karaNam,5.1	karwA,5.1#karaNam,5.1#hewuH,10.1#hewuH,5.1	1	09	021	mahABArawam	mOsalaparvaH	-
4.1	Sawru-	-	Sawru-sEnyAni	Sawru	Sawru	samAsaH,4.2	samAsaH,4.2	1	09	021	mahABArawam	mOsalaparvaH	-
4.2	sEnyAni	-	--	sEnya{napuM;8;bahu}/sEnya{napuM;1;bahu}/sEnya{napuM;2;bahu}	sEnya{napuM;1;bahu}	karma,5.1	viSeRaNam,5.1#prayojyakarwA,10.1#karma,5.1	1	09	021	mahABArawam	mOsalaparvaH	-
5.1	praxagXAni	-	praxagXAni	praxagXa{napuM;1;bahu(pra_xah1;kwa;BvAxiH)}/praxagXa{napuM;2;bahu(pra_xah1;kwa;BvAxiH)}	praxagXa{napuM;1;bahu(pra_xah1;kwa;BvAxiH)}	-	viSeRaNam,4.2#prayojyakarwA,10.1	1	09	021	mahABArawam	mOsalaparvaH	-
6.1	gANdIva-	-	gANdIva-nirmukwEH	gANdIva	gANdIva	samAsaH,6.2	samAsaH,6.2	1	09	021	mahABArawam	mOsalaparvaH	-
6.2	nirmukwEH	-	--	nirmukwa{puM;3;bahu}/nirmukwa{napuM;3;bahu}	nirmukwa{puM;3;bahu}	viSeRaNam,7.1	viSeRaNam,7.1#karwA,5.1#karaNam,10.1#hewuH,10.1#hewuH,5.1	1	09	021	mahABArawam	mOsalaparvaH	-
7.1	SarEH	-	SarEH	Sara{puM;3;bahu}/Sara{napuM;3;bahu}	Sara{puM;3;bahu}	karaNam,10.1	karwA,5.1#karaNam,10.1#hewuH,10.1#hewuH,5.1	1	09	021	mahABArawam	mOsalaparvaH	-
8.1	ahaM	-	ahaM	asmax{sarvanAma;1;eka}	asmax{sarvanAma;1;eka}	prayojakakarwA,10.1	prayojakakarwA,10.1	1	09	021	mahABArawam	mOsalaparvaH	-
9.1	paScAw	-	paScAw	paScAw{avya}	paScAw{avya}	kAlAXikaraNam,10.1	kAlAXikaraNam,10.1#kAlAXikaraNam,5.1#aXikaraNam_upa,10.1	1	09	021	mahABArawam	mOsalaparvaH	-
1.1	yena	-	yena	yena{avya}/yax{sarvanAma;puM;3;eka}/yax{sarvanAma;napuM;3;eka}	yax{sarvanAma;napuM;3;eka}	karwA,5.1	viSeRaNam,3.1#karwA,5.1#karaNam,10.1#hewuH,10.1#hewuH,5.1	1	09	022	mahABArawam	mOsalaparvaH	-
10.1	vyanASayam	-	vyanASayam	vi_NaS1{Nic;karwari;laf;u;eka;parasmEpaxI;xivAxiH}	vi_NaS1{Nic;karwari;laf;u;eka;parasmEpaxI;xivAxiH}	aBihiwa_karwA,5.1	-	1	09	022	mahABArawam	mOsalaparvaH	-
11.1	.	-	.	-	-	-	-	1	09	022	mahABArawam	mOsalaparvaH	-
2.1	pUrvaM	-	pUrvaM	pUrva{puM;2;eka}/pUrva{sarvanAma;puM;2;eka}/pUrva{sarvanAma;napuM;1;eka}/pUrva{sarvanAma;napuM;2;eka}	pUrva{sarvanAma;napuM;1;eka}	kAlAXikaraNam,5.1	kAlAXikaraNam,10.1#kAlAXikaraNam,5.1#aXikaraNam_upa,10.1#aXikaraNam_upa,5.1#viSeRaNam,8.1	1	09	022	mahABArawam	mOsalaparvaH	-
3.1	wejasA	-	wejasA	wejas{napuM;3;eka}	wejas{napuM;3;eka}	karaNam,5.1	karwA,5.1#karaNam,5.1#hewuH,10.1#hewuH,5.1	1	09	022	mahABArawam	mOsalaparvaH	-
4.1	Sawru-	-	Sawru-sEnyAni	Sawru	Sawru	samAsaH,4.2	samAsaH,4.2	1	09	022	mahABArawam	mOsalaparvaH	-
4.2	sEnyAni	-	--	sEnya{napuM;8;bahu}/sEnya{napuM;1;bahu}/sEnya{napuM;2;bahu}	sEnya{napuM;1;bahu}	karma,5.1	viSeRaNam,5.1#prayojyakarwA,10.1#karma,5.1	1	09	022	mahABArawam	mOsalaparvaH	-
5.1	praxagXAni	-	praxagXAni	praxagXa{napuM;1;bahu(pra_xah1;kwa;BvAxiH)}/praxagXa{napuM;2;bahu(pra_xah1;kwa;BvAxiH)}	praxagXa{napuM;1;bahu(pra_xah1;kwa;BvAxiH)}	-	viSeRaNam,4.2#prayojyakarwA,10.1	1	09	022	mahABArawam	mOsalaparvaH	-
6.1	gANdIva-	-	gANdIva-nirmukwEH	gANdIva	gANdIva	samAsaH,6.2	samAsaH,6.2	1	09	022	mahABArawam	mOsalaparvaH	-
6.2	nirmukwEH	-	--	nirmukwa{puM;3;bahu}/nirmukwa{napuM;3;bahu}	nirmukwa{puM;3;bahu}	viSeRaNam,7.1	viSeRaNam,7.1#karwA,5.1#karaNam,10.1#hewuH,10.1#hewuH,5.1	1	09	022	mahABArawam	mOsalaparvaH	-
7.1	SarEH	-	SarEH	Sara{puM;3;bahu}/Sara{napuM;3;bahu}	Sara{puM;3;bahu}	karaNam,10.1	karwA,5.1#karaNam,10.1#hewuH,10.1#hewuH,5.1	1	09	022	mahABArawam	mOsalaparvaH	-
8.1	ahaM	-	ahaM	asmax{sarvanAma;1;eka}	asmax{sarvanAma;1;eka}	prayojakakarwA,10.1	prayojakakarwA,10.1	1	09	022	mahABArawam	mOsalaparvaH	-
9.1	paScAw	-	paScAw	paScAw{avya}	paScAw{avya}	kAlAXikaraNam,10.1	kAlAXikaraNam,10.1#kAlAXikaraNam,5.1#aXikaraNam_upa,10.1	1	09	022	mahABArawam	mOsalaparvaH	-
1.1	vIraM	-	vIraM	vIra{puM;2;eka}/vIra{napuM;1;eka}/vIra{napuM;2;eka}	vIra{puM;2;eka}	viSeRaNam,2.1	viSeRaNam,8.1#karma,10.1#gawikarma,8.1#viSeRaNam,4.1#viSeRaNam,9.1#viSeRaNam,2.1	1	09	023	mahABArawam	mOsalaparvaH	-
10.1	SruwvA	-	SruwvA	Sru1{avya;kwvA;BvAxiH}	Sru1{avya;kwvA;BvAxiH}	pUrvakAlaH,16.1	pUrvakAlaH,16.1#pUrvakAlaH,8.1#pUrvakAlaH,7.1	1	09	023	mahABArawam	mOsalaparvaH	-
11.1	eva	-	eva	eva{avya}	eva{avya}	sambanXaH,10.1	sambanXaH,10.1	1	09	023	mahABArawam	mOsalaparvaH	-
12.1	hi	-	hi	hi{avya}	hi{avya}	sambanXaH,8.1	sambanXaH,16.1#sambanXaH,8.1#sambanXaH,7.1	1	09	023	mahABArawam	mOsalaparvaH	-
13.1	mama	-	mama	asmax{sarvanAma;6;eka}	asmax{sarvanAma;6;eka}	RaRTIsambanXaH,15.1	karma,5.1#RaRTIsambanXaH,15.1#RaRTIsambanXaH,9.1#RaRTIsambanXaH,2.1	1	09	023	mahABArawam	mOsalaparvaH	-
14.1	api	-	api	api{avya}	api{avya}	sambanXaH,15.1	sambanXaH,13.1	1	09	023	mahABArawam	mOsalaparvaH	-
15.1	xiSaH	-	xiSaH	xiS{swrI;1;bahu}/xiS{swrI;2;bahu}/xiS{swrI;5;eka}/xiS{swrI;6;eka}/xiS{swrI;8;bahu}	xiS{swrI;1;bahu}	karwA,16.1	karma,5.1#RaRTIsambanXaH,9.1#RaRTIsambanXaH,2.1#hewuH5,16.1#hewuH5,10.1#hewuH5,8.1#hewuH5,7.1#hewuH5,5.1#apAxAnam,10.1#apAxAnam,8.1#karma,10.1#gawikarma,8.1#karwA,16.1	1	09	023	mahABArawam	mOsalaparvaH	-
16.1	mumuhuH	-	mumuhuH	muh1{karwari;lit;pra;bahu;parasmEpaxI;xivAxiH}	muh1{karwari;lit;pra;bahu;parasmEpaxI;xivAxiH}	aBihiwa_karwA,15.1;sakarmaka	-	1	09	023	mahABArawam	mOsalaparvaH	-
17.1	.	-	.	-	-	-	-	1	09	023	mahABArawam	mOsalaparvaH	-
2.1	janArxanaM	-	janArxanaM	janArxana{puM;2;eka}	janArxana{puM;2;eka}	karma,8.1	karma,10.1#gawikarma,8.1	1	09	023	mahABArawam	mOsalaparvaH	-
3.1	vinA	-	vinA	vinA{avya}	vinA{avya}	vinArWa_xyowakaH,2.1	vinArWa_xyowakaH,2.1	1	09	023	mahABArawam	mOsalaparvaH	-
4.1	ahaM	-	ahaM	asmax{sarvanAma;1;eka}	asmax{sarvanAma;1;eka}	karwA,7.1;karwA,10.1	karwA,7.1	1	09	023	mahABArawam	mOsalaparvaH	-
5.1	jIviwuM	-	jIviwuM	jIv1{avya;wumun;BvAxiH}	jIv1{avya;wumun;BvAxiH}	prayojanam,7.1	prayojanam1,16.1#prayojanam1,10.1#prayojanam1,8.1#prayojanam1,7.1	1	09	023	mahABArawam	mOsalaparvaH	-
6.1	na	-	na	na{avya}	na{avya}	prawiReXaH,7.1	prawiReXaH,16.1#prawiReXaH,10.1#prawiReXaH,7.1	1	09	023	mahABArawam	mOsalaparvaH	-
7.1	uwsahe	-	uwsahe	uw_Rah1{karwari;lat;u;eka;AwmanepaxI;BvAxiH}	uw_Rah1{karwari;lat;u;eka;AwmanepaxI;BvAxiH}	aBihiwa_karwA,4.1;sakarmaka	-	1	09	023	mahABArawam	mOsalaparvaH	-
8.1	gawaM	-	gawaM	gawa{puM;2;eka(gam1;kwa;BvAxiH)}/gawa{napuM;1;eka(gam1;kwa;BvAxiH)}/gawa{napuM;2;eka(gam1;kwa;BvAxiH)}	gawa{puM;2;eka(gam1;kwa;BvAxiH)}	viSeRaNam,9.1	viSeRaNam,1.1#karma,10.1#viSeRaNam,4.1#viSeRaNam,9.1#viSeRaNam,2.1	1	09	023	mahABArawam	mOsalaparvaH	-
9.1	viRNuM	-	viRNuM	viRNu{puM;2;eka}/viRNu{swrI;2;eka}	viRNu{puM;2;eka}	karma,10.1	karma,10.1#gawikarma,8.1#viSeRaNam,2.1	1	09	023	mahABArawam	mOsalaparvaH	-
1.1	pranaRta-	-	pranaRta-jFAwi-vIryasya	pranaRta(pra_NaS1;kwa;xivAxiH)	pranaRta(pra_NaS1;kwa;xivAxiH)	samAsaH,1.2	samAsaH,1.2	1	09	024	mahABArawam	mOsalaparvaH	-
1.2	jFAwi-	-	--	jFAwi	jFAwi	samAsaH,1.3	samAsaH,1.3	1	09	024	mahABArawam	mOsalaparvaH	-
1.3	vIryasya	-	--	vIrya{napuM;6;eka}/vIrya{puM;6;eka}	vIrya{napuM;6;eka}	viSeRaNam,4.1	viSeRaNam,4.1#viSeRaNam,3.1#viSeRaNam,2.1#karma,6.1#RaRTIsambanXaH,9.1#RaRTIsambanXaH,7.1#RaRTIsambanXaH,5.1#RaRTIsambanXaH,2.1#BkarwA,3.1	1	09	024	mahABArawam	mOsalaparvaH	-
10.1	.	-	.	-	-	-	-	1	09	024	mahABArawam	mOsalaparvaH	-
2.1	SUnyasya	-	SUnyasya	SUnya{puM;6;eka}/SUnya{napuM;6;eka}	SUnya{napuM;6;eka}	viSeRaNam,4.1	karma,6.1#RaRTIsambanXaH,9.1#RaRTIsambanXaH,7.1#RaRTIsambanXaH,5.1#RaRTIsambanXaH,1.3#BkarwA,3.1	1	09	024	mahABArawam	mOsalaparvaH	-
3.1	pariXAvawaH	-	pariXAvawaH	pari_XAv1{karwari;lat;pra;xvi;parasmEpaxI;BvAxiH}/pariXAvaw{puM;2;bahu(pari_XI1;Sawq_lat;xivAxiH)}/pariXAvaw{puM;5;eka(pari_XI1;Sawq_lat;xivAxiH)}/pariXAvaw{puM;6;eka(pari_XI1;Sawq_lat;xivAxiH)}/pariXAvaw{napuM;5;eka(pari_XI1;Sawq_lat;xivAxiH)}/pariXAvaw{napuM;6;eka(pari_XI1;Sawq_lat;xivAxiH)}/pariXAvaw{puM;2;bahu(pari_XAv1;Sawq_lat;BvAxiH)}/pariXAvaw{puM;5;eka(pari_XAv1;Sawq_lat;BvAxiH)}/pariXAvaw{puM;6;eka(pari_XAv1;Sawq_lat;BvAxiH)}/pariXAvaw{napuM;5;eka(pari_XAv1;Sawq_lat;BvAxiH)}/pariXAvaw{napuM;6;eka(pari_XAv1;Sawq_lat;BvAxiH)}	pariXAvaw{puM;6;eka(pari_XI1;Sawq_lat;xivAxiH)}	viSeRaNam,4.1	viSeRaNam,4.1#viSeRaNam,2.1#viSeRaNam,1.3#karma,6.1#RaRTIsambanXaH,9.1#RaRTIsambanXaH,7.1#RaRTIsambanXaH,5.1#RaRTIsambanXaH,2.1#RaRTIsambanXaH,1.3#BAvalakRaNasapwamI_samAnakAlaH,8.1#wulanA_binxuH,5.1#hewuH5,8.1#hewuH5,6.1#hewuH5,1.1#viSeRaNam,7.1#karma,8.1	1	09	024	mahABArawam	mOsalaparvaH	-
4.1	mama	-	mama	asmax{sarvanAma;6;eka}	asmax{sarvanAma;6;eka}	sambanXaH,6.1	karma,6.1#sambanXaH,6.1#RaRTIsambanXaH,7.1#RaRTIsambanXaH,5.1#RaRTIsambanXaH,2.1#RaRTIsambanXaH,1.3#BkarwA,3.1	1	09	024	mahABArawam	mOsalaparvaH	-
5.1	SreyaH	-	SreyaH	Sreyas{napuM;1;eka}/Sreyas{napuM;2;eka}/Sreyas{napuM;8;eka}/Sreya{puM;1;eka}	Sreyas{napuM;2;eka}	karma,6.1	karwA,8.1#karma,8.1#karma,6.1	1	09	024	mahABArawam	mOsalaparvaH	-
6.1	upaxeRtuM	-	upaxeRtuM	upa_xiS1{avya;wumun;wuxAxiH}	upa_xiS1{avya;wumun;wuxAxiH}	wumunkarma,8.1	wumunkarma,8.1#prayojanam1,8.1#prayojanam1,3.1#prayojanam1,1.1	1	09	024	mahABArawam	mOsalaparvaH	-
7.1	BavAn	-	BavAn	Bava{puM;2;bahu}/Bavaw{sarvanAma;puM;1;eka}	Bavaw{sarvanAma;puM;1;eka}	karwA,8.1;karwA,6.1	viSeRaNam,5.1#karwA,8.1#karma,8.1#karma,6.1	1	09	024	mahABArawam	mOsalaparvaH	-
8.1	arhawi	-	arhawi	arh2{karwari;lat;pra;eka;parasmEpaxI;curAxiH}/arh1{karwari;lat;pra;eka;parasmEpaxI;BvAxiH}	arh1{karwari;lat;pra;eka;parasmEpaxI;BvAxiH}	aBihiwa_karwA,7.1;sakarmaka	-	1	09	024	mahABArawam	mOsalaparvaH	-
9.1	sawwama	-	sawwama	sawwama{puM;8;eka}	sawwama{puM;8;eka}	samboXyaH,8.1	samboXyaH,8.1	1	09	024	mahABArawam	mOsalaparvaH	-
1.1	brahma-	-	brahma-SApa-vinirxagXAH	brahma}/brahman	brahma	samAsaH,1.2	samAsaH,1.2	1	09	025	mahABArawam	mOsalaparvaH	-
1.2	SApa-	-	--	SApa	SApa	samAsaH,1.3	samAsaH,1.3	1	09	025	mahABArawam	mOsalaparvaH	-
1.3	vinirxagXAH	-	--	-	-	viSeRaNam,2.4	viSeRaNam,2.4	1	09	025	mahABArawam	mOsalaparvaH	-
10.1	.	-	.	-	-	-	-	1	09	025	mahABArawam	mOsalaparvaH	-
2.1	vqRNi-	-	vqRNi-anXaka-mahA-raWAH	vqRNi	vqRNi	samAsaH,2.2	samAsaH,2.2	1	09	025	mahABArawam	mOsalaparvaH	-
2.2	anXaka-	-	--	anXaka	anXaka	samAsaH,2.3	samAsaH,2.3	1	09	025	mahABArawam	mOsalaparvaH	-
2.3	mahA-	-	--	mahaw	mahaw	samAsaH,2.4	samAsaH,2.4	1	09	025	mahABArawam	mOsalaparvaH	-
2.4	raWAH	-	--	raWa{puM;1;bahu}/raWa{puM;8;bahu}/raWA{swrI;8;bahu}/raWA{swrI;1;bahu}/raWA{swrI;2;bahu}	raWa{puM;1;bahu}	karwA,9.1	viSeRaNam,3.1#karma,7.1#karwA,9.1#karma,5.1	1	09	025	mahABArawam	mOsalaparvaH	-
3.1	vinaRtAH	-	vinaRtAH	vinaRta{puM;1;bahu}/vinaRtA{swrI;1;bahu}/vinaRtA{swrI;2;bahu}/vinaRta{puM;8;bahu}	vinaRta{puM;1;bahu}	viXeya_viSeRaNam,2.4	karma,7.1#karma,5.1#viXeya_viSeRaNam,2.4	1	09	025	mahABArawam	mOsalaparvaH	-
4.1	wAn	-	wAn	wax{sarvanAma;puM;2;bahu}	wax{sarvanAma;puM;2;bahu}	karma,5.1	karma,7.1#karma,5.1	1	09	025	mahABArawam	mOsalaparvaH	-
5.1	Sociwum	-	Sociwum	Suc1{avya;wumun;BvAxiH}	Suc1{avya;wumun;BvAxiH}	wumunkarma,7.1	wumunkarma,7.1	1	09	025	mahABArawam	mOsalaparvaH	-
6.1	na	-	na	na{avya}	na{avya}	prawiReXaH,7.1	prawiReXaH,7.1	1	09	025	mahABArawam	mOsalaparvaH	-
7.1	arhasi	-	arhasi	arh1{karwari;lat;ma;eka;parasmEpaxI;BvAxiH}	arh1{karwari;lat;ma;eka;parasmEpaxI;BvAxiH}	-	-	1	09	025	mahABArawam	mOsalaparvaH	-
8.1	kuru-	-	kuru-SArxUla	kuru	kuru	samAsaH,8.2	samAsaH,8.2	1	09	025	mahABArawam	mOsalaparvaH	-
8.2	SArxUla	-	--	SArxUla{puM;8;eka}/SArxUla{napuM;8;eka}	SArxUla{puM;8;eka}	samboXyaH,7.1	samboXyaH,7.1	1	09	025	mahABArawam	mOsalaparvaH	-
9.1	(sanwi)	-	sanwi	as2{karwari;lat;pra;bahu;parasmEpaxI;axAxiH} 	as2{karwari;lat;pra;bahu;parasmEpaxI;axAxiH} 	-	-	1	09	025	mahABArawam	mOsalaparvaH	-
1.1	waWA	-	waWA	waWA{avya}	waWA{avya}	kriyAviSeRaNam,3.1	sambanXaH,8.1#kriyAviSeRaNam,3.1#kriyAviSeRaNam,10.1#kriyAviSeRaNam,8.1#kriyAviSeRaNam,7.1	1	09	026	mahABArawam	mOsalaparvaH	-
10.1	Sakwena	-	Sakwena	Sakwa{puM;3;eka(Sak2;kwa;xivAxiH)}/Sakwa{napuM;3;eka(Sak2;kwa;xivAxiH)}/Sakwa{puM;3;eka(Sak3;kwa;svAxiH)}/Sakwa{napuM;3;eka(Sak3;kwa;svAxiH)}	Sakwa{puM;3;eka(Sak2;kwa;xivAxiH)}	viSeRaNam,11.1	viSeRaNam,11.1#sup_samucciwaH,11.1#karwA,13.1#karwA,7.1#karwA,3.1#karaNam,3.1#hewuH,13.1#hewuH,8.1#hewuH,7.1#hewuH,3.1	1	09	026	mahABArawam	mOsalaparvaH	-
11.1	kqRNena	-	kqRNena	kqRNa{puM;3;eka}/kqRNa{napuM;3;eka}	kqRNa{puM;3;eka}	karwA,13.1	viSeRaNam,10.1#karwA,13.1#karwA,10.1#karwA,7.1#karaNam,3.1#hewuH,13.1#hewuH,10.1#hewuH,8.1#hewuH,7.1#hewuH,3.1	1	09	026	mahABArawam	mOsalaparvaH	-
12.1	api	-	api	api{avya}	api{avya}	sambanXaH,11.1	sup_samuccaya_xyowakaH,11.1#sambanXaH,11.1	1	09	026	mahABArawam	mOsalaparvaH	-
13.1	upekRiwaM	-	upekRiwaM	upekRiwa{puM;2;eka(upa_IkR1;kwa;BvAxiH)}/upekRiwa{napuM;1;eka(upa_IkR1;kwa;BvAxiH)}/upekRiwa{napuM;2;eka(upa_IkR1;kwa;BvAxiH)}	upekRiwa{napuM;1;eka(upa_IkR1;kwa;BvAxiH)}	-	viSeRaNam,7.1#viSeRaNam,6.1#viSeRaNam,3.1#viSeRaNam,2.1#karma,10.1#karma,7.1#viXeya_viSeRaNam,7.1#viXeya_viSeRaNam,6.1#viXeya_viSeRaNam,3.1#viXeya_viSeRaNam,2.1#karwA_be_verbs,8.1	1	09	026	mahABArawam	mOsalaparvaH	-
14.1	.	-	.	-	-	-	-	1	09	026	mahABArawam	mOsalaparvaH	-
2.1	waw	-	waw	wax{sarvanAma;napuM;1;eka}/wax{sarvanAma;napuM;2;eka}	wax{sarvanAma;napuM;1;eka}	karwA,3.1	viSeRaNam,13.1#viSeRaNam,7.1#viSeRaNam,6.1#viSeRaNam,3.1#karma,7.1#karwA_be_verbs,8.1	1	09	026	mahABArawam	mOsalaparvaH	-
3.1	BaviwavyaM	-	BaviwavyaM	Baviwavya{puM;2;eka(as2;wavyaw;axAxiH)}/Baviwavya{napuM;1;eka(as2;wavyaw;axAxiH)}/Baviwavya{napuM;2;eka(as2;wavyaw;axAxiH)}/Baviwavya{puM;2;eka(BU1;wavyaw;BvAxiH)}/Baviwavya{napuM;1;eka(BU1;wavyaw;BvAxiH)}/Baviwavya{napuM;2;eka(BU1;wavyaw;BvAxiH)}	Baviwavya{napuM;1;eka(as2;wavyaw;axAxiH)}	-	karma,10.1#karma,7.1#viXeya_viSeRaNam,2.1	1	09	026	mahABArawam	mOsalaparvaH	-
4.1	hi	-	hi	hi{avya}	hi{avya}	sambanXaH,3.1	sambanXaH,13.1#sambanXaH,10.1#sambanXaH,8.1#sambanXaH,7.1#sambanXaH,3.1	1	09	026	mahABArawam	mOsalaparvaH	-
5.1	mahA-	-	mahA-AwmanAM	mahaw	mahaw	samAsaH,5.2	samAsaH,5.2	1	09	026	mahABArawam	mOsalaparvaH	-
5.2	AwmanAM	-	--	Awman{puM;6;bahu}	Awman{puM;6;bahu}	sambanXaH,7.1	RaRTIsambanXaH,3.1#sambanXaH,7.1	1	09	026	mahABArawam	mOsalaparvaH	-
6.1	ewaw	-	ewaw	ewax{sarvanAma;napuM;1;eka}/ewax{sarvanAma;napuM;2;eka}	ewax{sarvanAma;napuM;1;eka}	viSeRaNam,3.1	viSeRaNam,13.1#viSeRaNam,7.1#viSeRaNam,3.1#viSeRaNam,2.1#karma,13.1#karma,10.1#karma,7.1#viXeya_viSeRaNam,2.1#karwA_be_verbs,8.1	1	09	026	mahABArawam	mOsalaparvaH	-
7.1	xiRtaM	-	xiRtaM	xiRta{puM;2;eka(xiS1;kwa;wuxAxiH)}/xiRta{napuM;1;eka(xiS1;kwa;wuxAxiH)}/xiRta{napuM;2;eka(xiS1;kwa;wuxAxiH)}	xiRta{napuM;1;eka(xiS1;kwa;wuxAxiH)}	karwA,8.1	viSeRaNam,13.1#viSeRaNam,6.1#viSeRaNam,3.1#viSeRaNam,2.1#karma,13.1#karma,10.1#viXeya_viSeRaNam,6.1#viXeya_viSeRaNam,3.1#viXeya_viSeRaNam,2.1#karwA_be_verbs,8.1	1	09	026	mahABArawam	mOsalaparvaH	-
8.1	(aswi)	-	aswi	as2{karwari;lat;pra;eka;parasmEpaxI;axAxiH}	as2{karwari;lat;pra;eka;parasmEpaxI;axAxiH}	aBihiwa_karwA,7.1;sakarmaka	-	1	09	026	mahABArawam	mOsalaparvaH	-
9.1	vyapohiwum	-	vyapohiwum	vi_apa_Uh1{avya;wumun;BvAxiH} 	vi_apa_Uh1{avya;wumun;BvAxiH} 	prayojanam,10.1	prayojanam,10.1	1	09	026	mahABArawam	mOsalaparvaH	-
1.1	pqWivyAH	-	pqWivyAH	pqWivI{swrI;5;eka}/pqWivI{swrI;6;eka}	pqWivI{swrI;6;eka}	RaRTIsambanXaH,2.2	RaRTIsambanXaH,9.2#RaRTIsambanXaH,7.2#RaRTIsambanXaH,2.2#wulanA_binxuH,6.1#hewuH5,8.1#hewuH5,3.1#apAxAnam,8.1	1	09	028	mahABArawam	mOsalaparvaH	-
10.1	.	-	.	-	-	-	-	1	09	028	mahABArawam	mOsalaparvaH	-
2.1	BAra-	-	BAra-avawaraNaM	BAra	BAra	samAsaH,2.2	samAsaH,2.2	1	09	028	mahABArawam	mOsalaparvaH	-
2.2	avawaraNaM	-	--	avawaraNa{puM;2;eka}	avawaraNa{puM;2;eka}	karma,3.1	viSeRaNam,7.2#viSeRaNam,6.1#viSeRaNam,4.2#karma,3.1#gawikarma,8.1	1	09	028	mahABArawam	mOsalaparvaH	-
3.1	kqwvA	-	kqwvA	kq2{avya;kwvA;svAxiH}/kq3{avya;kwvA;wanAxiH}	kq2{avya;kwvA;svAxiH}	pUrvakAlaH,8.1	pUrvakAlaH,8.1	1	09	028	mahABArawam	mOsalaparvaH	-
4.1	jagaw-	-	jagaw-sarvaM	jagaw	jagaw	samAsaH,4.2	samAsaH,4.2	1	09	028	mahABArawam	mOsalaparvaH	-
4.2	sarvaM	-	--	sarva{sarvanAma;puM;2;eka}/sarva{sarvanAma;napuM;1;eka}/sarva{sarvanAma;napuM;2;eka}/sarva{puM;2;eka}/sarva{napuM;1;eka}/sarva{napuM;2;eka}	sarva{sarvanAma;puM;2;eka}	karma,5.1	viSeRaNam,7.2#viSeRaNam,6.1#karma,5.1#gawikarma,8.1#viSeRaNam,2.2	1	09	028	mahABArawam	mOsalaparvaH	-
5.1	mokRayiwvA	-	mokRayiwvA	mokRayiwvA{avya}	mokRayiwvA{avya}	pUrvakAlaH,8.1	pUrvakAlaH,8.1	1	09	028	mahABArawam	mOsalaparvaH	-
6.1	uwwamam	-	uwwamam	uwwama{puM;2;eka}/uwwama{napuM;1;eka}/uwwama{napuM;2;eka}	uwwama{puM;2;eka}	wIvrawAxarSI,7.2	wIvrawAxarSI,7.2#viSeRaNam,7.2#viSeRaNam,4.2#karma,3.1#gawikarma,8.1#viSeRaNam,2.2	1	09	028	mahABArawam	mOsalaparvaH	-
7.1	sva-	-	sva-sWAnaM	sva	sva	samAsaH,7.2	samAsaH,7.2	1	09	028	mahABArawam	mOsalaparvaH	-
7.2	sWAnaM	-	--	sWAna{napuM;1;eka}/sWAna{napuM;2;eka}/sWAna{puM;2;eka}	sWAna{puM;2;eka}	karma,8.1	viSeRaNam,6.1#viSeRaNam,4.2#viSeRaNam,2.2#karma,8.1#gawikarma,8.1	1	09	028	mahABArawam	mOsalaparvaH	-
8.1	gawaH	-	gawaH	gawa{puM;1;eka(gam1;kwa;BvAxiH)}	gawa{puM;1;eka(gam1;kwa;BvAxiH)}	-	-	1	09	028	mahABArawam	mOsalaparvaH	-
9.1	pqWu-	-	pqWu-locanaH	pqWu	pqWu	samAsaH,9.2	samAsaH,9.2	1	09	028	mahABArawam	mOsalaparvaH	-
9.2	locanaH	-	--	locana{puM;1;eka}	locana{puM;1;eka}	karwA,8.1	viSeRaNam,8.1#gawikarwA,8.1#karwA,8.1	1	09	028	mahABArawam	mOsalaparvaH	-
1.1	pqWivyAH	-	pqWivyAH	pqWivI{swrI;5;eka}/pqWivI{swrI;6;eka}	pqWivI{swrI;6;eka}	RaRTIsambanXaH,2.2	RaRTIsambanXaH,9.2#RaRTIsambanXaH,7.2#RaRTIsambanXaH,2.2#wulanA_binxuH,6.1#hewuH5,8.1#hewuH5,3.1#apAxAnam,8.1	1	09	029	mahABArawam	mOsalaparvaH	-
10.1	.	-	.	-	-	-	-	1	09	029	mahABArawam	mOsalaparvaH	-
2.1	BAra-	-	BAra-avawaraNaM	BAra	BAra	samAsaH,2.2	samAsaH,2.2	1	09	029	mahABArawam	mOsalaparvaH	-
2.2	avawaraNaM	-	--	avawaraNa{puM;2;eka}	avawaraNa{puM;2;eka}	karma,3.1	viSeRaNam,7.2#viSeRaNam,6.1#viSeRaNam,4.2#karma,3.1#gawikarma,8.1	1	09	029	mahABArawam	mOsalaparvaH	-
3.1	kqwvA	-	kqwvA	kq2{avya;kwvA;svAxiH}/kq3{avya;kwvA;wanAxiH}	kq2{avya;kwvA;svAxiH}	pUrvakAlaH,8.1	pUrvakAlaH,8.1	1	09	029	mahABArawam	mOsalaparvaH	-
4.1	jagaw-	-	jagaw-sarvaM	jagaw	jagaw	samAsaH,4.2	samAsaH,4.2	1	09	029	mahABArawam	mOsalaparvaH	-
4.2	sarvaM	-	--	sarva{sarvanAma;puM;2;eka}/sarva{sarvanAma;napuM;1;eka}/sarva{sarvanAma;napuM;2;eka}/sarva{puM;2;eka}/sarva{napuM;1;eka}/sarva{napuM;2;eka}	sarva{sarvanAma;puM;2;eka}	karma,5.1	viSeRaNam,7.2#viSeRaNam,6.1#karma,5.1#gawikarma,8.1#viSeRaNam,2.2	1	09	029	mahABArawam	mOsalaparvaH	-
5.1	mokRayiwvA	-	mokRayiwvA	mokRayiwvA{avya}	mokRayiwvA{avya}	pUrvakAlaH,8.1	pUrvakAlaH,8.1	1	09	029	mahABArawam	mOsalaparvaH	-
6.1	uwwamam	-	uwwamam	uwwama{puM;2;eka}/uwwama{napuM;1;eka}/uwwama{napuM;2;eka}	uwwama{puM;2;eka}	wIvrawAxarSI,7.2	wIvrawAxarSI,7.2#viSeRaNam,7.2#viSeRaNam,4.2#karma,3.1#gawikarma,8.1#viSeRaNam,2.2	1	09	029	mahABArawam	mOsalaparvaH	-
7.1	sva-	-	sva-sWAnaM	sva	sva	samAsaH,7.2	samAsaH,7.2	1	09	029	mahABArawam	mOsalaparvaH	-
7.2	sWAnaM	-	--	sWAna{napuM;1;eka}/sWAna{napuM;2;eka}/sWAna{puM;2;eka}	sWAna{puM;2;eka}	karma,8.1	viSeRaNam,6.1#viSeRaNam,4.2#viSeRaNam,2.2#karma,8.1#gawikarma,8.1	1	09	029	mahABArawam	mOsalaparvaH	-
8.1	gawaH	-	gawaH	gawa{puM;1;eka(gam1;kwa;BvAxiH)}	gawa{puM;1;eka(gam1;kwa;BvAxiH)}	-	-	1	09	029	mahABArawam	mOsalaparvaH	-
9.1	pqWu-	-	pqWu-locanaH	pqWu	pqWu	samAsaH,9.2	samAsaH,9.2	1	09	029	mahABArawam	mOsalaparvaH	-
9.2	locanaH	-	--	locana{puM;1;eka}	locana{puM;1;eka}	karwA,8.1	viSeRaNam,8.1#gawikarwA,8.1#karwA,8.1	1	09	029	mahABArawam	mOsalaparvaH	-
1.1	BIma-	-	BIma-sahAyena	BIma	BIma	samAsaH,1.2	samAsaH,1.2	1	09	030	mahABArawam	mOsalaparvaH	-
1.2	sahAyena	-	--	sahAya{puM;3;eka}/sahAya{napuM;3;eka}	sahAya{puM;3;eka}	karaNam,11.1	viSeRaNam,7.1#karaNam,11.1#hewuH,13.2#hewuH,11.1#viSeRaNam,6.1	1	09	030	mahABArawam	mOsalaparvaH	-
10.1	mahaw-	-	mahaw-karma	mahaw	mahaw	samAsaH,10.2	samAsaH,10.2	1	09	030	mahABArawam	mOsalaparvaH	-
10.2	karma	-	--	karman{napuM;1;eka}/karman{napuM;2;eka}/karma{puM;8;eka}/karma{napuM;8;eka}	karman{napuM;1;eka}	karma,11.1	viSeRaNam,13.2#viSeRaNam,12.2#viSeRaNam,11.1#karma,11.1	1	09	030	mahABArawam	mOsalaparvaH	-
11.1	kqwaM	-	kqwaM	kqwa{puM;2;eka(kq2;kwa;svAxiH)}/kqwa{napuM;1;eka(kq2;kwa;svAxiH)}/kqwa{napuM;2;eka(kq2;kwa;svAxiH)}/kqwa{puM;2;eka(kq3;kwa;wanAxiH)}/kqwa{napuM;1;eka(kq3;kwa;wanAxiH)}/kqwa{napuM;2;eka(kq3;kwa;wanAxiH)}	kqwa{puM;2;eka(kq2;kwa;svAxiH)}	-	viSeRaNam,10.2	1	09	030	mahABArawam	mOsalaparvaH	-
12.1	puruRa-	-	puruRa-qRaBa	puruRa	puruRa	samAsaH,12.2	samAsaH,12.2	1	09	030	mahABArawam	mOsalaparvaH	-
12.2	qRaBa	-	--	qRaBa{puM;8;eka}/qRaBa{napuM;8;eka}	qRaBa{puM;8;eka}	samboXyaH,11.1	viSeRaNam,13.2#viSeRaNam,10.2#samboXyaH,11.1	1	09	030	mahABArawam	mOsalaparvaH	-
13.1	mahA-	-	mahA-Buja	mahaw	mahaw	samAsaH,13.2	samAsaH,13.2	1	09	030	mahABArawam	mOsalaparvaH	-
13.2	Buja	-	--	Buj1{karwari;lot;ma;eka;parasmEpaxI;wuxAxiH}/Buja{puM;8;eka}/Buja{napuM;8;eka}	Buja{puM;8;eka}	samboXyaH,11.1	viSeRaNam,12.2#viSeRaNam,10.2#samboXyaH,11.1	1	09	030	mahABArawam	mOsalaparvaH	-
14.1	.	-	.	-	-	-	-	1	09	030	mahABArawam	mOsalaparvaH	-
2.1	ca	-	ca	ca{avya}	ca{avya}	sambanXaH,1.2	sambanXaH,1.2	1	09	030	mahABArawam	mOsalaparvaH	-
3.1	yamAByAM	-	yamAByAM	yama{puM;3;xvi}/yama{puM;4;xvi}/yama{puM;5;xvi}	yama{puM;3;xvi}	samucciwaH,1.2	hewuH5,13.2#hewuH5,11.1#apAxAnam,13.2#prayojanam1,13.2#prayojanam1,11.1#karaNam,11.1#hewuH,13.2#hewuH,11.1	1	09	030	mahABArawam	mOsalaparvaH	-
4.1	xevAnAM	-	xevAnAM	xeva{puM;6;bahu}	xeva{puM;6;bahu}	RaRTIsambanXaH,6.1	RaRTIsambanXaH,6.1#RaRTIsambanXaH,12.2#RaRTIsambanXaH,10.2#RaRTIsambanXaH,6.1#RaRTIsambanXaH,3.1	1	09	030	mahABArawam	mOsalaparvaH	-
5.1	ca	-	ca	ca{avya}	ca{avya}	sambanXaH,4.1	sambanXaH,4.1#samuccaya_xyowakaH,4.1	1	09	030	mahABArawam	mOsalaparvaH	-
6.1	(sahAyena)	-	sahAyena	sahAya{puM;3;eka}	sahAya{puM;3;eka}	karaNam,11.1	viSeRaNam,7.1#karwA,11.1#karaNam,11.1#hewuH,13.2#hewuH,11.1	1	09	030	mahABArawam	mOsalaparvaH	-
7.1	wvayA	-	wvayA	yuRmax{sarvanAma;3;eka}	yuRmax{sarvanAma;3;eka}	karwA,11.1	karwA,11.1#hewuH,13.2#hewuH,11.1	1	09	030	mahABArawam	mOsalaparvaH	-
8.1	wu	-	wu	wu{avya}	wu{avya}	sambanXaH,7.1	sambanXaH,7.1	1	09	030	mahABArawam	mOsalaparvaH	-
9.1	iha	-	iha	iha{avya}	iha{avya}	xeSAXikaraNam,11.1	xeSAXikaraNam,11.1	1	09	030	mahABArawam	mOsalaparvaH	-
1.1	vaH	-	vaH	yuRmax{sarvanAma;2;bahu}/yuRmax{sarvanAma;6;bahu}/yuRmax{sarvanAma;4;bahu}	yuRmax{sarvanAma;2;bahu}	karma,5.1	karma,5.1#prayojanam1,14.1#prayojanam1,9.1#prayojanam1,8.1#prayojanam1,5.1#prayojanam1,2.2#karmasamAnAXikaraNam,5.1#karwA,9.1#karwA,2.2#karma,9.1#karma,2.2#RaRTIsambanXaH,11.1#RaRTIsambanXaH,9.1#RaRTIsambanXaH,8.2#RaRTIsambanXaH,3.1#RaRTIsambanXaH,2.1#sup_samucciwaH,3.1#karma,5.1#gawikarma,8.1	1	09	031	mahABArawam	mOsalaparvaH	-
10.1	hi	-	hi	hi{avya}	hi{avya}	sambanXaH,9.1	sambanXaH,14.1#sambanXaH,9.1#sambanXaH,5.1#sambanXaH,2.1	1	09	031	mahABArawam	mOsalaparvaH	-
11.1	SreyaH	-	SreyaH	Sreyas{napuM;1;eka}/Sreyas{napuM;2;eka}/Sreyas{napuM;8;eka}/Sreya{puM;1;eka}	Sreyas{napuM;1;eka}	viSeRaNam,9.1	viSeRaNam,9.1#vAkyakarma,14.1#vAkyakarma,5.1#karmasamAnAXikaraNam,14.1#karmasamAnAXikaraNam,9.1#karmasamAnAXikaraNam,8.2#karmasamAnAXikaraNam,7.1#karma,9.1#gawikarma,8.1	1	09	031	mahABArawam	mOsalaparvaH	-
12.1	(iwi)	-	iwi	iwi{avya}	iwi{avya}	vAkyakarma_xyowakaH,11.1	vAkyakarma_xyowakaH,11.1#vAkyakarma_xyowakaH,9.1#vAkyakarma_xyowakaH,5.1	1	09	031	mahABArawam	mOsalaparvaH	-
13.1	mama	-	mama	asmax{sarvanAma;6;eka}	asmax{sarvanAma;6;eka}	RaRTIsambanXaH,14.1	RaRTIsambanXaH,14.1#RaRTIsambanXaH,9.1#RaRTIsambanXaH,8.2#RaRTIsambanXaH,3.1#RaRTIsambanXaH,2.1	1	09	031	mahABArawam	mOsalaparvaH	-
14.1	mawaM	-	mawaM	mawa{puM;2;eka(man2;kwa;wanAxiH)}/mawa{napuM;1;eka(man2;kwa;wanAxiH)}/mawa{napuM;2;eka(man2;kwa;wanAxiH)}	mawa{napuM;1;eka(man2;kwa;wanAxiH)}	-	viSeRaNam,11.1#viSeRaNam,9.1#viSeRaNam,8.2#viSeRaNam,7.1#karmasamAnAXikaraNam,11.1#karmasamAnAXikaraNam,9.1#karmasamAnAXikaraNam,8.2#karmasamAnAXikaraNam,7.1#karma,9.1#gawikarma,8.1	1	09	031	mahABArawam	mOsalaparvaH	-
15.1	.	-	.	-	-	-	-	1	09	031	mahABArawam	mOsalaparvaH	-
2.1	kqwa-	-	kqwa-kqwyAn	kqwa(kq2;kwa;svAxiH)}/kqwa(kq3{kwa;wanAxiH)	kqwa(kq2;kwa;svAxiH)	samAsaH,2.2	samAsaH,2.2	1	09	031	mahABArawam	mOsalaparvaH	-
2.2	kqwyAn	-	--	kqwya{puM;2;bahu(kqw1;Nyaw;wuxAxiH)}	kqwya{puM;2;bahu(kqw1;Nyaw;wuxAxiH)}	viSeRaNam,3.1	viSeRaNam,3.1#viSeRaNam,1.1#sup_samucciwaH,3.1#karmasamAnAXikaraNam,1.1#karma,9.1#karma,5.1#gawikarma,8.1	1	09	031	mahABArawam	mOsalaparvaH	-
3.1	saMsixXAn	-	saMsixXAn	saMsixXa{puM;2;bahu}	saMsixXa{puM;2;bahu}	karmasamAnAXikaraNam,1.1	viSeRaNam,1.1#karmasamAnAXikaraNam,1.1#karmasamAnAXikaraNam,1.1#karma,9.1#karma,5.1#karma,2.1#gawikarma,8.1	1	09	031	mahABArawam	mOsalaparvaH	-
4.1	ca	-	ca	ca{avya}	ca{avya}	sambanXaH,3.1	sup_samuccaya_xyowakaH,3.1#sambanXaH,3.1	1	09	031	mahABArawam	mOsalaparvaH	-
5.1	manye	-	manye	man2{karmaNi;lat;u;eka;AwmanepaxI;wanAxiH}/man1{karwari;lat;u;eka;AwmanepaxI;xivAxiH}	man2{karmaNi;lat;u;eka;AwmanepaxI;wanAxiH}	-	vAkyakarma,14.1	1	09	031	mahABArawam	mOsalaparvaH	-
6.1	kuru-	-	kuru-puMgava	kuru	kuru	samAsaH,6.2	samAsaH,6.2	1	09	031	mahABArawam	mOsalaparvaH	-
6.2	puMgava	-	--	puMgava{puM;8;eka}	puMgava{puM;8;eka}	samboXyaH,5.1	samboXyaH,5.1	1	09	031	mahABArawam	mOsalaparvaH	-
7.1	waw	-	waw	wax{sarvanAma;napuM;1;eka}/wax{sarvanAma;napuM;2;eka}	wax{sarvanAma;napuM;1;eka}	viSeRaNam,9.1	viSeRaNam,14.1#viSeRaNam,11.1#viSeRaNam,9.1#viSeRaNam,8.2#karma,14.1#karma,9.1#karma,5.1#karma,2.1#gawikarma,8.1	1	09	031	mahABArawam	mOsalaparvaH	-
8.1	prApwa-	-	prApwa-kAlaM	prApwa(pra_Ap1;kwa;svAxiH)	prApwa(pra_Ap1;kwa;svAxiH)	samAsaH,8.2	samAsaH,8.2	1	09	031	mahABArawam	mOsalaparvaH	-
8.2	kAlaM	-	--	kAla{puM;2;eka}/kAla{napuM;1;eka}/kAla{napuM;2;eka}	kAla{napuM;1;eka}	viSeRaNam,9.1	viSeRaNam,14.1#viSeRaNam,11.1#viSeRaNam,9.1#viSeRaNam,7.1#karmasamAnAXikaraNam,14.1#karmasamAnAXikaraNam,11.1#karmasamAnAXikaraNam,9.1#karmasamAnAXikaraNam,7.1#karma,14.1#karma,9.1#karma,5.1#karma,2.1	1	09	031	mahABArawam	mOsalaparvaH	-
9.1	gamanaM	-	gamanaM	gamana{napuM;1;eka}/gamana{napuM;2;eka}/gamana{napuM;1;eka(gam1;lyut;BvAxiH)}/gamana{napuM;2;eka(gam1;lyut;BvAxiH)}	gamana{napuM;1;eka}	vAkyakarma,14.1	karmasamAnAXikaraNam,8.2#karmasamAnAXikaraNam,7.1#vAkyakarma,14.1#karma,5.1#karma,2.1#gawikarma,8.1#vAkyakarma,14.1#vAkyakarma,5.1#karmasamAnAXikaraNam,14.1#karmasamAnAXikaraNam,11.1	1	09	031	mahABArawam	mOsalaparvaH	-
1.1	balaM	-	balaM	bala{napuM;1;eka}/bala{napuM;2;eka}	bala{napuM;1;eka}	samucciwaH,6.1	sup_samucciwaH,4.1#sup_samucciwaH,6.1#sup_samucciwaH,2.1	1	09	032	mahABArawam	mOsalaparvaH	-
10.1	BArawa	-	BArawa	BArawa{puM;8;eka}	BArawa{puM;8;eka}	samboXyaH,9.1	samboXyaH,13.1#samboXyaH,9.1	1	09	032	mahABArawam	mOsalaparvaH	-
11.1	viparyaye	-	viparyaye	viparyaya{puM;7;eka}	viparyaya{puM;7;eka}	viSeRaNam,12.1	aXikaraNam,13.1#aXikaraNam,9.1#viSeRaNam,12.1	1	09	032	mahABArawam	mOsalaparvaH	-
12.1	(kAle)	-	kAle	kAlA{swrI;8;eka}/kAla{puM;7;eka}/kAla{napuM;7;eka}	kAla{puM;7;eka}	kAlAXikaraNam,13.1	kAlAXikaraNam,13.1#kAlAXikaraNam,9.1	1	09	032	mahABArawam	mOsalaparvaH	-
13.1	vipaxyanwe	-	vipaxyanwe	vi_pax1{karwari;lat;pra;bahu;AwmanepaxI;xivAxiH}/vi_pax1{karmaNi{lat;pra;bahu;AwmanepaxI;xivAxiH}	vi_pax1{karwari;lat;pra;bahu;AwmanepaxI;xivAxiH}	-	-	1	09	032	mahABArawam	mOsalaparvaH	-
14.1	.	-	.	-	-	-	-	1	09	032	mahABArawam	mOsalaparvaH	-
2.1	buxXiH	-	buxXiH	buxXi{swrI;1;eka}	buxXi{swrI;1;eka}	samucciwaH,6.1	sup_samucciwaH,6.1#sup_samucciwaH,4.1#karwA,9.1	1	09	032	mahABArawam	mOsalaparvaH	-
3.1	ca	-	ca	ca{avya}	ca{avya}	samuccaya_xyowakaH,2.1	sup_samuccaya_xyowakaH,2.1#sambanXaH,2.1	1	09	032	mahABArawam	mOsalaparvaH	-
4.1	wejaH	-	wejaH	wejas{napuM;1;eka}/wejas{napuM;2;eka}/wejas{napuM;8;eka}	wejas{napuM;1;eka}	samucciwaH,6.1	sup_samucciwaH,6.1#karwA,9.1	1	09	032	mahABArawam	mOsalaparvaH	-
5.1	ca	-	ca	ca{avya}	ca{avya}	samuccaya_xyowakaH,4.1	sup_samuccaya_xyowakaH,4.1#sambanXaH,4.1	1	09	032	mahABArawam	mOsalaparvaH	-
6.1	prawipawwiH	-	prawipawwiH	prawipawwi{swrI;1;eka}	prawipawwi{swrI;1;eka}	karwA,9.1;karwA,13.1	karwA,13.1#karwA,9.1	1	09	032	mahABArawam	mOsalaparvaH	-
7.1	ca	-	ca	ca{avya}	ca{avya}	samuccaya_xyowakaH,6.1	sup_samuccaya_xyowakaH,6.1#sambanXaH,6.1	1	09	032	mahABArawam	mOsalaparvaH	-
8.1	Bava-	-	Bava-kAleRu	Bava	Bava	samAsaH,8.2	samAsaH,8.2	1	09	032	mahABArawam	mOsalaparvaH	-
8.2	kAleRu	-	--	kAla{puM;7;bahu}/kAla{napuM;7;bahu}	kAla{puM;7;bahu}	kAlAXikaraNam,9.1	nirXAraNam,12.1#kAlAXikaraNam,13.1#kAlAXikaraNam,9.1	1	09	032	mahABArawam	mOsalaparvaH	-
9.1	Bavanwi	-	Bavanwi	BU1{karwari;lat;pra;bahu;parasmEpaxI;BvAxiH}/BavanwI{swrI;8;eka}/Bavaw{napuM;1;bahu}/Bavaw{napuM;2;bahu}	BU1{karwari;lat;pra;bahu;parasmEpaxI;BvAxiH}	aBihiwa_karwA,6.1	karwA,13.1	1	09	032	mahABArawam	mOsalaparvaH	-
1.1	ixaM	-	ixaM	ixam{sarvanAma;napuM;1;eka}/ixam{sarvanAma;napuM;2;eka}	ixam{sarvanAma;napuM;1;eka}	viSeRaNam,3.1	viSeRaNam,4.2#viSeRaNam,3.2#viSeRaNam,2.1#muKyakarma,6.2#karwA_be_verbs,5.1	1	09	033	mahABArawam	mOsalaparvaH	-
10.1	yaxqcCayA	-	yaxqcCayA	yaxqcCA{swrI;3;eka}	yaxqcCA{swrI;3;eka}	kriyAviSeRaNam,12.1	hewuH,6.2#hewuH,5.1#kriyAviSeRaNam,12.1	1	09	033	mahABArawam	mOsalaparvaH	-
11.1	eva	-	eva	eva{avya}	eva{avya}	sambanXaH,10.1	sambanXaH,10.1	1	09	033	mahABArawam	mOsalaparvaH	-
12.1	samAxawwe	-	samAxawwe	sam_A_xA3{karwari;lat;pra;eka;AwmanepaxI;juhowyAxiH}	sam_A_xA3{karwari;lat;pra;eka;AwmanepaxI;juhowyAxiH}	-	-	1	09	033	mahABArawam	mOsalaparvaH	-
13.1	.	-	.	-	-	kriyAviSeRaNam,12.1	-	1	09	033	mahABArawam	mOsalaparvaH	-
2.1	sarvaM	-	sarvaM	sarva{sarvanAma;puM;2;eka}/sarva{sarvanAma;napuM;1;eka}/sarva{sarvanAma;napuM;2;eka}	sarva{sarvanAma;napuM;1;eka}	viSeRaNam,3.1	viSeRaNam,4.2#viSeRaNam,3.2#viSeRaNam,1.1#muKyakarma,6.2#karwA_be_verbs,5.1#gONakarma,6.2	1	09	033	mahABArawam	mOsalaparvaH	-
3.1	jagax-	-	jagax-bIjaM	jagax	jagax	samAsaH,3.2	samAsaH,3.2	1	09	033	mahABArawam	mOsalaparvaH	-
3.2	bIjaM	-	--	bIja{napuM;1;eka}/bIja{napuM;2;eka}/bIja{puM;2;eka}	bIja{napuM;1;eka}	karwA,5.1	viSeRaNam,4.2#viSeRaNam,2.1#muKyakarma,6.2#gONakarma,6.2#viSeRaNam,1.1#viXeya_viSeRaNam,2.1#viXeya_viSeRaNam,1.1#karwA_be_verbs,5.1	1	09	033	mahABArawam	mOsalaparvaH	-
4.1	kAla-	-	kAla-mUlam	kAla	kAla	samAsaH,4.2	samAsaH,4.2	1	09	033	mahABArawam	mOsalaparvaH	-
4.2	mUlam	-	--	mUla{puM;2;eka}/mUla{napuM;1;eka}/mUla{napuM;2;eka}	mUla{napuM;1;eka}	viXeya_viSeRaNam,3.2	viSeRaNam,3.2#viSeRaNam,2.1#viSeRaNam,1.1#muKyakarma,6.2#viXeya_viSeRaNam,3.2#viXeya_viSeRaNam,2.1#viXeya_viSeRaNam,1.1#karwA_be_verbs,5.1#gONakarma,6.2	1	09	033	mahABArawam	mOsalaparvaH	-
5.1	(aswi)	-	aswi	as2{karwari;lat;pra;eka;parasmEpaxI;axAxiH}	as2{karwari;lat;pra;eka;parasmEpaxI;axAxiH}	aBihiwa_karwA,3.2	-	1	09	033	mahABArawam	mOsalaparvaH	-
6.1	XanaM-	-	XanaM-jaya	XanaM	XanaM	samAsaH,6.2	samAsaH,6.2	1	09	033	mahABArawam	mOsalaparvaH	-
6.2	jaya	-	--	ji1{karwari;lot;ma;eka;parasmEpaxI;BvAxiH}/jaya{puM;8;eka}/jaya{napuM;8;eka}	jaya{puM;8;eka}	samboXyaH,5.1	samboXyaH,5.1	1	09	033	mahABArawam	mOsalaparvaH	-
7.1	kAlaH	-	kAlaH	kAla{puM;1;eka}	kAla{puM;1;eka}	karwA,12.1	karwA_be_verbs,5.1#karwA,12.1	1	09	033	mahABArawam	mOsalaparvaH	-
8.1	eva	-	eva	eva{avya}	eva{avya}	sambanXaH,7.1	sambanXaH,7.1	1	09	033	mahABArawam	mOsalaparvaH	-
9.1	punaH	-	punaH	punaH{avya}	punaH{avya}	kriyAviSeRaNam,12.1	kriyAviSeRaNam,12.1	1	09	033	mahABArawam	mOsalaparvaH	-
1.1	saH	-	saH	wax{sarvanAma;puM;1;eka}	wax{sarvanAma;puM;1;eka}	karwA,4.1	viSeRaNam,10.1#viSeRaNam,8.1#viSeRaNam,6.1#sup_samucciwaH,10.1#karwqrahiwakarwqsamAnAXikaraNam,12.1#karwqrahiwakarwqsamAnAXikaraNam,4.1#karwA_be_verbs,7.1	1	09	034	mahABArawam	mOsalaparvaH	-
10.1	ISaH	-	ISaH	ISa{puM;1;eka}	ISa{puM;1;eka}	viXeya_viSeRaNam,8.1	viXeya_viSeRaNam,8.1#viXeya_viSeRaNam,6.1#viXeya_viSeRaNam,3.1#viXeya_viSeRaNam,1.1#karwqrahiwakarwqsamAnAXikaraNam,12.1#karwqrahiwakarwqsamAnAXikaraNam,4.1#karwA_be_verbs,7.1	1	09	034	mahABArawam	mOsalaparvaH	-
11.1	ca	-	ca	ca{avya}	ca{avya}	sambanXaH,10.1	sup_samuccaya_xyowakaH,10.1#sambanXaH,10.1	1	09	034	mahABArawam	mOsalaparvaH	-
12.1	BUwvA	-	BUwvA	as2{avya;kwvA;axAxiH}	as2{avya;kwvA;axAxiH}	pUrvakAlaH,15.1	pUrvakAlaH,14.1	1	09	034	mahABArawam	mOsalaparvaH	-
13.1	iha	-	iha	iha{avya}	iha{avya}	xeSAXikaraNam,15.1	xeSAXikaraNam,14.1#xeSAXikaraNam,12.1#xeSAXikaraNam,7.1#xeSAXikaraNam,4.1	1	09	034	mahABArawam	mOsalaparvaH	-
14.1	parEH	-	parEH	para{sarvanAma;puM;3;bahu}/para{sarvanAma;napuM;3;bahu}/para_Af_i1{karwari{laf;ma;eka;parasmEpaxI;axAxiH}	para{sarvanAma;puM;3;bahu}	karaNam,15.1	karaNam,7.1#hewuH,12.1#hewuH,7.1#hewuH,4.1	1	09	034	mahABArawam	mOsalaparvaH	-
15.1	AjFApyawe	-	AjFApyawe	-	-	-	-	1	09	034	mahABArawam	mOsalaparvaH	-
16.1	punaH	-	punaH	punaH{avya}	punaH{avya}	kriyAviSeRaNam,15.1	kriyAviSeRaNam,14.1#kriyAviSeRaNam,12.1#kriyAviSeRaNam,7.1#kriyAviSeRaNam,4.1	1	09	034	mahABArawam	mOsalaparvaH	-
17.1	.	-	.	-	-	-	-	1	09	034	mahABArawam	mOsalaparvaH	-
2.1	eva	-	eva	eva{avya}	eva{avya}	sambanXaH,1.1	sambanXaH,1.1	1	09	034	mahABArawam	mOsalaparvaH	-
3.1	balavAn	-	balavAn	bala{mawup;puM;1;eka}	bala{mawup;puM;1;eka}	viXeya_viSeRaNam,1.1	viXeya_viSeRaNam,1.1#viSeRaNam,10.1#viSeRaNam,8.1#viSeRaNam,6.1#sup_samucciwaH,10.1#karwqrahiwakarwqsamAnAXikaraNam,12.1#karwqrahiwakarwqsamAnAXikaraNam,4.1#karwA_be_verbs,7.1	1	09	034	mahABArawam	mOsalaparvaH	-
4.1	BUwvA	-	BUwvA	as2{avya;kwvA;axAxiH}	as2{avya;kwvA;axAxiH}	pUrvakAlaH,7.1	pUrvakAlaH,7.1	1	09	034	mahABArawam	mOsalaparvaH	-
5.1	punaH	-	punaH	punaH{avya}	punaH{avya}	kriyAviSeRaNam7.1	kriyAviSeRaNam,7.1#kriyAviSeRaNam,12.1#kriyAviSeRaNam,7.1#kriyAviSeRaNam,4.1	1	09	034	mahABArawam	mOsalaparvaH	-
6.1	xurbalaH	-	xurbalaH	xurbala{puM;1;eka}	xurbala{puM;1;eka}	karwA,7.1	viXeya_viSeRaNam,3.1#viXeya_viSeRaNam,1.1#viSeRaNam,10.1#viSeRaNam,8.1#sup_samucciwaH,10.1#karwqrahiwakarwqsamAnAXikaraNam,12.1#karwqrahiwakarwqsamAnAXikaraNam,4.1#karwA_be_verbs,7.1	1	09	034	mahABArawam	mOsalaparvaH	-
7.1	Bavawi	-	Bavawi	BU1{karwari;lat;pra;eka;parasmEpaxI;BvAxiH}/BavawI{swrI;8;eka}/Bavaw{sarvanAma;puM;7;eka}/Bavaw{puM;7;eka}	BU1{karwari;lat;pra;eka;parasmEpaxI;BvAxiH}	aBihiwa_karwA,6.1	-	1	09	034	mahABArawam	mOsalaparvaH	-
8.1	saH	-	saH	wax{sarvanAma;puM;1;eka}	wax{sarvanAma;puM;1;eka}	karwA,12.1	viXeya_viSeRaNam,6.1#viXeya_viSeRaNam,3.1#viXeya_viSeRaNam,1.1#viSeRaNam,10.1#sup_samucciwaH,10.1#karwqrahiwakarwqsamAnAXikaraNam,12.1#karwqrahiwakarwqsamAnAXikaraNam,4.1#karwA_be_verbs,7.1	1	09	034	mahABArawam	mOsalaparvaH	-
9.1	eva	-	eva	eva{avya}	eva{avya}	sambanXaH,8.1	sambanXaH,8.1	1	09	034	mahABArawam	mOsalaparvaH	-
1.1	kqwa-	-	kqwa-kqwyAni	kqwa(kq2;kwa;svAxiH)}/kqwa(kq3{kwa;wanAxiH)	kqwa(kq2;kwa;svAxiH)	samAsaH,1.2	samAsaH,1.2	1	09	035	mahABArawam	mOsalaparvaH	-
1.2	kqwyAni	-	--	kqwya{napuM;8;bahu}/kqwya{napuM;1;bahu(kqw1;Nyaw;wuxAxiH)}/kqwya{napuM;2;bahu(kqw1;Nyaw;wuxAxiH)}	kqwya{napuM;2;bahu(kqw1;Nyaw;wuxAxiH)}	viSeRaNam,3.1	viSeRaNam,5.1#viSeRaNam,3.1#gawikarma,5.1	1	09	035	mahABArawam	mOsalaparvaH	-
10.1	(waxA)	-	waxA	waxA{avya}	waxA{avya}	kAlAXikaraNam,15.1	kAlAXikaraNam,15.1#kAlAXikaraNam,9.1	1	09	035	mahABArawam	mOsalaparvaH	-
11.1	punaH	-	punaH	punaH{avya}	punaH{avya}	kriyAviSeRaNam,15.1	kriyAviSeRaNam,15.1	1	09	035	mahABArawam	mOsalaparvaH	-
12.1	we	-	we	wax{sarvanAma;puM;1;bahu}/wax{sarvanAma;napuM;1;xvi}/wax{sarvanAma;napuM;2;xvi}/wax{sarvanAma;swrI;1;xvi}/wax{sarvanAma;swrI;2;xvi}/yuRmax{sarvanAma;6;eka}/yuRmax{sarvanAma;4;eka}	wax{sarvanAma;puM;1;bahu}	karwA,15.1	prayojanam1,15.1#viSeRaNam,13.1#RaRTIsambanXaH,14.1#karma,15.1#karwA,15.1	1	09	035	mahABArawam	mOsalaparvaH	-
13.1	(wava)	-	wava	yuRmax{sarvanAma;6;eka}	yuRmax{sarvanAma;6;eka}	RaRTIsambanXaH,14.1	viSeRaNam,12.1#RaRTIsambanXaH,14.1	1	09	035	mahABArawam	mOsalaparvaH	-
14.1	haswaM	-	haswaM	haswa{puM;2;eka}	haswa{puM;2;eka}	karma,15.1	karma,15.1	1	09	035	mahABArawam	mOsalaparvaH	-
15.1	eRyanwi	-	eRyanwi	i1{karwari;lqt;pra;bahu;parasmEpaxI;axAxiH}	i1{karwari;lqt;pra;bahu;parasmEpaxI;axAxiH}	aBihiwa_karwA,12.1;sakarmaka	-	1	09	035	mahABArawam	mOsalaparvaH	-
16.1	.	-	.	-	-	-	-	1	09	035	mahABArawam	mOsalaparvaH	-
2.1	ca	-	ca	ca{avya}	ca{avya}	sambanXaH,1.1	sup_samuccaya_xyowakaH,1.2#sambanXaH,1.1	1	09	035	mahABArawam	mOsalaparvaH	-
3.1	aswrANi	-	aswrANi	aswra{napuM;1;bahu}/aswra{napuM;2;bahu}/aswra{napuM;8;bahu}	aswra{napuM;2;bahu}	karwA,5.1	sup_samucciwaH,1.2#karma,1.1#karwA,5.1	1	09	035	mahABArawam	mOsalaparvaH	-
4.1	axya	-	axya	axya{avya}	axya{avya}	kAlAXikaraNam,5.1	kAlAXikaraNam,9.1#kAlAXikaraNam,6.2#kAlAXikaraNam,5.1	1	09	035	mahABArawam	mOsalaparvaH	-
5.1	gawAni	-	gawAni	gawa{napuM;1;bahu(gam1;kwa;BvAxiH)}/gawa{napuM;2;bahu(gam1;kwa;BvAxiH)}	gawa{napuM;2;bahu(gam1;kwa;BvAxiH)}	-	viSeRaNam,3.1#viSeRaNam,1.2#karma,1.1	1	09	035	mahABArawam	mOsalaparvaH	-
6.1	yaWA-	-	yaWA-Agawam	yaWA	yaWA	samAsaH,6.2	samAsaH,6.2	1	09	035	mahABArawam	mOsalaparvaH	-
6.2	Agawam	-	--	Agawa{puM;2;eka(Af_gam1;kwa;BvAxiH)}/Agawa{napuM;1;eka(Af_gam1;kwa;BvAxiH)}/Agawa{napuM;2;eka(Af_gam1;kwa;BvAxiH)}	Agawa{puM;2;eka(Af_gam1;kwa;BvAxiH)}	kriyAviSeRaNam,5.1	karma,1.1#gawikarma,5.1#karwA_be_verbs,9.1#kriyAviSeRaNam,5.1	1	09	035	mahABArawam	mOsalaparvaH	-
7.1	yaxA	-	yaxA	yaxA{avya}	yaxA{avya}	kAlAXikaraNam,9.1;niwya_sambanXaH,10.1	niwya_sambanXaH,10.1#kAlAXikaraNam,9.1#kAlAXikaraNam,6.2#kAlAXikaraNam,5.1	1	09	035	mahABArawam	mOsalaparvaH	-
8.1	kAlaH	-	kAlaH	kAla{puM;1;eka}	kAla{puM;1;eka}	karwA,9.1	sup_samucciwaH,1.2#karwA_be_verbs,9.1	1	09	035	mahABArawam	mOsalaparvaH	-
9.1	BaviRyawi	-	BaviRyawi	BU1{karwari;lqt;pra;eka;parasmEpaxI;BvAxiH}	BU1{karwari;lqt;pra;eka;parasmEpaxI;BvAxiH}	aBihiwa_karwA,8.1;sakarmaka	-	1	09	035	mahABArawam	mOsalaparvaH	-
1.1	muKyAM	-	muKyAM	muKyA{swrI;2;eka}	muKyA{swrI;2;eka}	viSeRaNam,2.1	karmasamAnAXikaraNam,13.1#karmasamAnAXikaraNam,12.1#karmasamAnAXikaraNam,9.1#karmasamAnAXikaraNam,2.1#karma,3.1#gawikarma,7.1	1	09	036	mahABArawam	mOsalaparvaH	-
10.1	hi	-	hi	hi{avya}	hi{avya}	sambanXaH,7.1	sambanXaH,14.1#sambanXaH,7.1#sambanXaH,4.1	1	09	036	mahABArawam	mOsalaparvaH	-
11.1	vaH	-	vaH	yuRmax{sarvanAma;2;bahu}/yuRmax{sarvanAma;6;bahu}/yuRmax{sarvanAma;4;bahu}	yuRmax{sarvanAma;6;bahu}	RaRTIsambanXaH,13.1	prayojanam1,14.1#prayojanam1,7.1#prayojanam1,4.1#prayojanam1,3.1#karmasamAnAXikaraNam,14.1#karma,3.1#RaRTIsambanXaH,15.2#RaRTIsambanXaH,13.1#RaRTIsambanXaH,8.1#RaRTIsambanXaH,6.1#RaRTIsambanXaH,2.1#karma,14.1#gawikarma,7.1	1	09	036	mahABArawam	mOsalaparvaH	-
12.1	paramaM	-	paramaM	paramam{avya}/parama{puM;2;eka}/parama{napuM;1;eka}/parama{napuM;2;eka}	parama{napuM;1;eka}	viSeRaNam,13.1	viSeRaNam,13.1#viSeRaNam,9.1#karmasamAnAXikaraNam,13.1#karmasamAnAXikaraNam,9.1#karmasamAnAXikaraNam,2.1#karma,14.1#karma,3.1#gawikarma,7.1	1	09	036	mahABArawam	mOsalaparvaH	-
13.1	SreyaH	-	SreyaH	Sreyas{napuM;1;eka}/Sreyas{napuM;2;eka}/Sreyas{napuM;8;eka}/Sreya{puM;1;eka}	Sreyas{napuM;1;eka}	karma,14.1	karmasamAnAXikaraNam,12.1#karmasamAnAXikaraNam,9.1#karmasamAnAXikaraNam,2.1#karma,14.1#karma,3.1#gawikarma,7.1	1	09	036	mahABArawam	mOsalaparvaH	-
14.1	manye	-	manye	man2{karmaNi;lat;u;eka;AwmanepaxI;wanAxiH}/man1{karwari;lat;u;eka;AwmanepaxI;xivAxiH}	man1{karwari;lat;u;eka;AwmanepaxI;xivAxiH}	-	-	1	09	036	mahABArawam	mOsalaparvaH	-
15.1	Barawa-	-	Barawa-qRaBa	Barawa	Barawa	samAsaH,15.2	samAsaH,15.2	1	09	036	mahABArawam	mOsalaparvaH	-
15.2	qRaBa	-	--	qRaBa{puM;8;eka}/qRaBa{napuM;8;eka}	qRaBa{puM;8;eka}	samboXyaH,14.1	viSeRaNam,13.1#viSeRaNam,8.1#samboXyaH,14.1	1	09	036	mahABArawam	mOsalaparvaH	-
16.1	.	-	.	-	-	-	-	1	09	036	mahABArawam	mOsalaparvaH	-
2.1	gawiM	-	gawiM	gawi{swrI;2;eka}	gawi{swrI;2;eka}	karma,3.1	karmasamAnAXikaraNam,13.1#karmasamAnAXikaraNam,12.1#karmasamAnAXikaraNam,9.1#karma,3.1#gawikarma,7.1	1	09	036	mahABArawam	mOsalaparvaH	-
3.1	ganwuM	-	ganwuM	gam1{avya;wumun;BvAxiH}	gam1{avya;wumun;BvAxiH}	prayojanam,7.1	prayojanam1,14.1#prayojanam1,7.1#prayojanam1,4.1	1	09	036	mahABArawam	mOsalaparvaH	-
4.1	BavawAM	-	BavawAM	BU1{karwari;lot;pra;xvi;parasmEpaxI;BvAxiH}/Bavaw{sarvanAma;puM;6;bahu}/Bavaw{puM;6;bahu}/Bavaw{napuM;6;bahu}	Bavaw{sarvanAma;puM;6;bahu}	RaRTIsambanXaH,6.1	viSeRaNam,11.1#karma,3.1#RaRTIsambanXaH,15.2#RaRTIsambanXaH,13.1#RaRTIsambanXaH,8.1#RaRTIsambanXaH,6.1#RaRTIsambanXaH,2.1	1	09	036	mahABArawam	mOsalaparvaH	-
5.1	api	-	api	api{avya}	api{avya}	sambanXaH,4.1	sambanXaH,4.1	1	09	036	mahABArawam	mOsalaparvaH	-
6.1	kAlaH	-	kAlaH	kAla{puM;1;eka}	kAla{puM;1;eka}	karwA,7.1	karwA,7.1	1	09	036	mahABArawam	mOsalaparvaH	-
7.1	AgawaH	-	AgawaH	Agawa{puM;1;eka(Af_gam1;kwa;BvAxiH)}	Agawa{puM;1;eka(Af_gam1;kwa;BvAxiH)}	-	viSeRaNam,13.1#viSeRaNam,6.1	1	09	036	mahABArawam	mOsalaparvaH	-
8.1	BArawa	-	BArawa	BArawa{puM;8;eka}	BArawa{puM;8;eka}	samboXyaH,7.1	samboXyaH,14.1#samboXyaH,7.1#samboXyaH,4.1	1	09	036	mahABArawam	mOsalaparvaH	-
9.1	ewaw	-	ewaw	ewax{sarvanAma;napuM;1;eka}/ewax{sarvanAma;napuM;2;eka}	ewax{sarvanAma;napuM;1;eka}	viSeRaNam,13.1	viSeRaNam,13.1#viSeRaNam,12.1#karma,14.1#karma,3.1#gawikarma,7.1	1	09	036	mahABArawam	mOsalaparvaH	-
1.1	a-	-	a-miwa-wejasaH	a	a	samAsaH,1.2	samAsaH,1.2	1	09	037	mahABArawam	mOsalaparvaH	-
1.2	miwa-	-	--	miwa(mA1;kwa;axAxiH)}/miwa(mA2{kwa;juhowyAxiH)}/miwa(mi1{kwa;svAxiH)}/miwa(me1{kwa;BvAxiH)	miwa(mA1;kwa;axAxiH)	samAsaH,1.3	samAsaH,1.3	1	09	037	mahABArawam	mOsalaparvaH	-
1.3	wejasaH	-	--	wejas{napuM;5;eka}/wejas{napuM;6;eka}/wejas{puM;8;bahu}/wejas{puM;1;bahu}/wejas{puM;2;bahu}/wejas{puM;5;eka}/wejas{puM;6;eka}	wejas{napuM;6;eka}	viSeRaNam,2.1	viSeRaNam,2.1#karwA,2.1#karma,2.1#RaRTIsambanXaH,10.1#RaRTIsambanXaH,9.1#RaRTIsambanXaH,8.1#RaRTIsambanXaH,7.1#RaRTIsambanXaH,4.1#RaRTIsambanXaH,2.1#hewuH5,10.1#hewuH5,6.1#hewuH5,2.1#apAxAnam,10.1	1	09	037	mahABArawam	mOsalaparvaH	-
10.1	yayO	-	yayO	yA1{karwari;lit;pra;eka;parasmEpaxI;axAxiH}/yA1{karwari;lit;u;eka;parasmEpaxI;axAxiH}/yayi{puM;7;eka}	yA1{karwari;lit;pra;eka;parasmEpaxI;axAxiH}	aBihiwa_karwA,7.1;sakarmaka	aXikaraNam,6.1#aXikaraNam,2.1#aXikaraNam,1.2	1	09	037	mahABArawam	mOsalaparvaH	-
11.1	.	-	.	-	-	-	-	1	09	037	mahABArawam	mOsalaparvaH	-
2.1	vyAsasya	-	vyAsasya	vyAsa{puM;6;eka(vi_as3;GaF;xivAxiH)}	vyAsa{puM;6;eka(vi_as3;GaF;xivAxiH)}	RaRTIsambanXaH,4.1	viSeRaNam,1.3#RaRTIsambanXaH,10.1#RaRTIsambanXaH,9.1#RaRTIsambanXaH,4.1#RaRTIsambanXaH,7.1#RaRTIsambanXaH,4.1	1	09	037	mahABArawam	mOsalaparvaH	-
3.1	ewaw	-	ewaw	ewax{sarvanAma;napuM;1;eka}/ewax{sarvanAma;napuM;2;eka}	ewax{sarvanAma;napuM;2;eka}	viSeRaNam,4.1	viSeRaNam,9.1#viSeRaNam,8.1#viSeRaNam,4.1#karma,10.1#karwA,10.1	1	09	037	mahABArawam	mOsalaparvaH	-
4.1	vacanaM	-	vacanaM	vacana{napuM;1;eka}/vacana{napuM;2;eka}	vacana{napuM;2;eka}	karma,5.1	karma,5.1#karwA,10.1	1	09	037	mahABArawam	mOsalaparvaH	-
5.1	AjFAya	-	AjFAya	-	-	pUrvakAlaH,10.1	pUrvakAlaH,10.1	1	09	037	mahABArawam	mOsalaparvaH	-
6.1	anujFAwaH	-	anujFAwaH	anujFA{avya;wasil}/anujFAwa{puM;1;eka(anu_jFA1;kwa;kryAxiH)}	anujFAwa{puM;1;eka(anu_jFA1;kwa;kryAxiH)}	viSeRaNam,7.1	viSeRaNam,7.1#karwA,10.1#hewuH5,2.1#hewuH5,1.2#apAxAnam,10.1	1	09	037	mahABArawam	mOsalaparvaH	-
7.1	pArWaH	-	pArWaH	pArWa{puM;1;eka}	pArWa{puM;1;eka}	karwA,10.1	karwA,10.1	1	09	037	mahABArawam	mOsalaparvaH	-
8.1	nAgasAhvayam	-	nAgasAhvayam	nAgasAhvaya{napuM;1;eka}/nAgasAhvaya{napuM;2;eka}	nAgasAhvaya{napuM;1;eka}	karma,10.1	karma,10.1#karwA,10.1	1	09	037	mahABArawam	mOsalaparvaH	-
9.1	nagaraM	-	nagaraM	nagara{napuM;1;eka}/nagara{napuM;2;eka}	nagara{napuM;2;eka}	viSeRaNam,8.1	karma,10.1#karwA,10.1#viSeRaNam,8.1	1	09	037	mahABArawam	mOsalaparvaH	-
1.1	praviSya	-	praviSya	pra_viS1{avya;lyap;wuxAxiH}	pra_viS1{avya;lyap;wuxAxiH}	pUrvakAlaH,11.1	pUrvakAlaH,11.1#pUrvakAlaH,10.2	1	09	038	mahABArawam	mOsalaparvaH	-
10.1	yaWA-	-	yaWA-vqwwaM	yaWA	yaWA	samAsaH,10.2	samAsaH,10.2	1	09	038	mahABArawam	mOsalaparvaH	-
10.2	vqwwaM	-	--	vqwwa{puM;2;eka(vqw1;kwa;BvAxiH)}/vqwwa{napuM;1;eka(vqw1;kwa;BvAxiH)}/vqwwa{napuM;2;eka(vqw1;kwa;BvAxiH)}	vqwwa{puM;2;eka(vqw1;kwa;BvAxiH)}	karma,11.1	viSeRaNam,9.3#viSeRaNam,8.1#karma,11.1#karma,5.1#karwA,11.1#viSeRaNam,6.1	1	09	038	mahABArawam	mOsalaparvaH	-
11.1	AcaRte	-	AcaRte	Af_cakR1{karwari;lat;pra;eka;AwmanepaxI;axAxiH}	Af_cakR1{karwari;lat;pra;eka;AwmanepaxI;axAxiH}	aBihiwa_karwA,4.1;sakarmaka	-	1	09	038	mahABArawam	mOsalaparvaH	-
12.1	.	-	.	-	-	-	-	1	09	038	mahABArawam	mOsalaparvaH	-
2.1	ca	-	ca	ca{avya}	ca{avya}	samuccaya_xyowakaH,1.1	sup_samuccaya_xyowakaH,1.1#sambanXaH,1.1	1	09	038	mahABArawam	mOsalaparvaH	-
3.1	purIM	-	purIM	purI{swrI;2;eka}	purI{swrI;2;eka}	karma,1.1	karma,5.1#karma,1.1	1	09	038	mahABArawam	mOsalaparvaH	-
4.1	vIraH	-	vIraH	vIra{puM;1;eka}	vIra{puM;1;eka}	karwA,11.1;karwA,1.1	karwA,11.1	1	09	038	mahABArawam	mOsalaparvaH	-
5.1	samAsAxya	-	samAsAxya	sam_Af_Rax1{avya;Nic;lyap;BvAxiH}	sam_Af_Rax1{avya;Nic;lyap;BvAxiH}	samucciwaH,1.1	sup_samucciwaH,1.1#pUrvakAlaH,11.1#pUrvakAlaH,10.2	1	09	038	mahABArawam	mOsalaparvaH	-
6.1	yuXiRTiram	-	yuXiRTiram	yuXiRTira{puM;2;eka}	yuXiRTira{puM;2;eka}	karma,5.1	upa_karmapravacanIyaH,7.1#upa_ABimuKyam,7.1#karma,11.1#karma,5.1	1	09	038	mahABArawam	mOsalaparvaH	-
7.1	prawi	-	prawi	prawi{avya}	prawi{avya}	ABimuKyam,10.2	sambanXa_upa,11.1#sambanXa_upa,10.2	1	09	038	mahABArawam	mOsalaparvaH	-
8.1	waw	-	waw	wax{sarvanAma;napuM;1;eka}/wax{sarvanAma;napuM;2;eka}	wax{sarvanAma;napuM;2;eka}	sanxarBa_binxuH,7.1	viSeRaNam,10.2#viSeRaNam,9.3#upa_karmapravacanIyaH,7.1#upa_ABimuKyam,7.1#karma,11.1#karma,5.1#viXeya_viSeRaNam,4.1#karwA,11.1	1	09	038	mahABArawam	mOsalaparvaH	-
9.1	vqRNya-	-	vqRNya-anXaka-janaM	vqRNya	vqRNya	samAsaH,9.2	samAsaH,9.2	1	09	038	mahABArawam	mOsalaparvaH	-
9.2	anXaka-	-	--	anXaka	anXaka	samAsaH,9.3	samAsaH,9.3	1	09	038	mahABArawam	mOsalaparvaH	-
9.3	janaM	-	--	jana{puM;2;eka}/jana{napuM;1;eka}/jana{napuM;2;eka}	jana{puM;2;eka}	viSeRaNam,10.2	viSeRaNam,10.2#viSeRaNam,8.1#karma,11.1#karma,5.1#viXeya_viSeRaNam,8.1#viXeya_viSeRaNam,4.1#karwA,11.1#viSeRaNam,6.1	1	09	038	mahABArawam	mOsalaparvaH	-
