anvaya_no	word	poem	sandhied_word	morph_analysis	morph_in_context	kaaraka_sambandha	possible_relations	sentno	chaptno	slokano	book	part1	part2
1.1	(ahaM)	9.1	ahaM	asmax{sarvanAma;1;eka}	asmax{sarvanAma;1;eka}	karwA,9.1	karwA,9.1	1	001	01	vexa	qgvexa	maNdala-1
2.1	agniM	1.1	agniM	agni{puM;2;eka}	agni{puM;2;eka}	karma,9.1	karma,9.1	1	001	01	vexa	qgvexa	maNdala-1
3.1	yajFasya	4.1	yajFasya	yajFa{puM;6;eka}	yajFa{puM;6;eka}	RaRTIsambanXaH,4.2	RaRTIsambanXaH,4.2	1	001	01	vexa	qgvexa	maNdala-1
4.1	puraH-	3.1	puraH-hiwam	puraH	puraH	samAsaH,4.2	samAsaH,4.2	1	001	01	vexa	qgvexa	maNdala-1
4.2	hiwam	3.2	--	hiwa{puM;2;eka(XA1;kwa;juhowyAxiH)}/hiwa{napuM;1;eka(XA1;kwa;juhowyAxiH)}/hiwa{napuM;2;eka(XA1;kwa;juhowyAxiH)}/hiwa{puM;2;eka(hi1;kwa;svAxiH)}/hiwa{napuM;1;eka(hi1;kwa;svAxiH)}/hiwa{napuM;2;eka(hi1;kwa;svAxiH)}	hiwa{puM;2;eka(XA1;kwa;juhowyAxiH)}	viSeRaNam,2.1	viSeRaNam,2.1	1	001	01	vexa	qgvexa	maNdala-1
5.1	xevaM	5.1	xevaM	xeva{puM;2;eka}	xeva{puM;2;eka}	viSeRaNam,2.1	viSeRaNam,2.1	1	001	01	vexa	qgvexa	maNdala-1
6.1	howAram	7.1	howAram	howq{puM;2;eka}	howq{puM;2;eka}	viSeRaNam,2.1	viSeRaNam,2.1	1	001	01	vexa	qgvexa	maNdala-1
7.1	qwvijam	6.1	qwvijam	qwvij{puM;2;eka}	qwvij{puM;2;eka}	viSeRaNam,2.1	viSeRaNam,2.1	1	001	01	vexa	qgvexa	maNdala-1
8.1	rawna-	8.1	rawna-XAwamam	rawna	rawna	samAsaH,8.2	samAsaH,8.2	1	001	01	vexa	qgvexa	maNdala-1
8.2	XAwamam	8.2	--	XAwama{puM;2;eka(XA1;wamap;juhowyAxiH)}	XAwama{puM;2;eka(XA1;wamap;juhowyAxiH)}	viSeRaNam,2.1	viSeRaNam,2.1	1	001	01	vexa	qgvexa	maNdala-1
9.1	IlYe	2.1	Ide	Id1{karwari;lat;u;eka;AwmanepaxI;axAxiH}/IdA{swrI;8;eka}	Id1{karwari;lat;u;eka;AwmanepaxI;axAxiH}	-	-	1	001	01	vexa	qgvexa	maNdala-1
1.1	agniH	1.1	agniH	agni{puM;1;eka}	agni{puM;1;eka}	karwA,7.1	karwA,7.1	1	001	02	vexa	qgvexa	maNdala-1
10.1	xevAn	8.1	xevAn	xeva{puM;2;bahu}	xeva{puM;2;bahu}	karma,11.1	karma,11.1	1	001	02	vexa	qgvexa	maNdala-1
11.1	A_vakRawi	10.1	A_vakRawi	Af_vah1{karwari;let;pra;eka;parasmEpaxI;BvAxiH}	Af_vah1{karwari;let;pra;eka;parasmEpaxI;BvAxiH}	aBihiwa_karwA,8.1;sakarmaka	-	1	001	02	vexa	qgvexa	maNdala-1
2.1	pUrveBiH	2.1	pUrveBiH	pUrva{puM;3;bahu}/pUrva{sarvanAma;puM;3;bahu}/pUrva{sarvanAma;napuM;3;bahu}	pUrva{puM;3;bahu}	viSeRaNam,5.1	viSeRaNam,5.1	1	001	02	vexa	qgvexa	maNdala-1
3.1	nUwanEH	5.1	nUwanEH	nUwana{puM;3;bahu}/nUwana{napuM;3;bahu}	nUwana{puM;3;bahu}	samucciwaH,2.1	samucciwaH,2.1	1	001	02	vexa	qgvexa	maNdala-1
4.1	uwa	6.1	uwa	uwa{avya}	uwa{avya}	samuccaya_xyowakaH,2.1	samuccaya_xyowakaH,2.1	1	001	02	vexa	qgvexa	maNdala-1
5.1	qRiBiH	3.1	qRiBiH	qRi{puM;3;bahu}	qRi{puM;3;bahu}	karaNam,6.1	karaNam,6.1	1	001	02	vexa	qgvexa	maNdala-1
6.1	IdyaH	4.1	IdyaH	Idya{puM;1;eka(Id1;Nyaw;axAxiH)}	Idya{puM;1;eka(Id;Nyaw;axAxiH)}	viXeyaviSeRaNam,1.1	viXeyaviSeRaNam,1.1	1	001	02	vexa	qgvexa	maNdala-1
7.1	(aswi)	11.1	aswi	as{karwari;lat;pra;eka;parasmEpaxI;axAxiH}	as{karwari;lat;pra;eka;parasmEpaxI;axAxiH}	-	-	1	001	02	vexa	qgvexa	maNdala-1
8.1	saH	7.1	saH	wax{sarvanAma;puM;1;eka}	wax{sarvanAma;puM;1;eka}	karwA,11.1	karwA,11.1	1	001	02	vexa	qgvexa	maNdala-1
9.1	iha	9.1	iha	iha{avya}	iha{avya}	aXikaraNam,11.1	xeSAXikaraNam,11.1	1	001	02	vexa	qgvexa	maNdala-1
1.1	agninA	1.1	agninA	agni{puM;3;eka}	agni{puM;3;eka}	karaNam,8.1	karaNam,8.1	1	001	03	vexa	qgvexa	maNdala-1
2.1	eva	5.1	eva	eva{avya}	eva{avya}	sambanXaH,1.1	sambanXaH,1.1	1	001	03	vexa	qgvexa	maNdala-1
3.1	poRam	4.1	poRam	poRa{puM;2;eka}	poRa{puM;2;eka}	viSeRaNam,6.1	viSeRaNam,6.1	1	001	03	vexa	qgvexa	maNdala-1
4.1	yaSasaM	7.1	yaSasaM	yaSas{puM;2;eka}	yaSas{puM;2;eka}	viSeRaNam,6.1	viSeRaNam,6.1	1	001	03	vexa	qgvexa	maNdala-1
5.1	vIravawwamam	8.1	vIravawwamam	vIravawwama{puM;2;eka}	vIravawwama{puM;2;eka}	viSeRaNam,6.1	viSeRaNam,6.1	1	001	03	vexa	qgvexa	maNdala-1
6.1	rayiM	2.1	rayiM	rayi{swrI;2;eka}	rayi{swrI;2;eka}	karma,8.1	karma,8.1	1	001	03	vexa	qgvexa	maNdala-1
7.1	xive-	6.1	xive-xive	xive	xive	vIpsA,7.2	vIpsA,7.2	1	001	03	vexa	qgvexa	maNdala-1
7.2	xive	6.2	--	xiv{swrI;4;eka}/xiva{napuM;1;xvi}/xiva{napuM;2;xvi}/xiva{napuM;8;xvi}/xivi{puM;8;eka}/xiva{napuM;7;eka}/xiva{puM;7;eka}/xivi{napuM;8;eka}/xivi{napuM;1;eka}/xivi{napuM;2;eka}/xivA{swrI;8;eka}/xivA{swrI;8;xvi}/xivA{swrI;1;xvi}/xivA{swrI;2;xvi}	xiva{napuM;7;eka}	aXikaraNam,8.1	aXikaraNam,8.1	1	001	03	vexa	qgvexa	maNdala-1
8.1	aSnavaw	3.1	aSnavaw	aS1{karwari;let;pra;eka;AwmanepaxI;svAxiH}	aS1{karwari;let;pra;eka;AwmanepaxI;svAxiH}	-	-	1	001	03	vexa	qgvexa	maNdala-1
1.1	agne	1.1	agne	agni{puM;8;eka}	agni{puM;8;eka}	samboXyaH,8.1	samboXyaH,8.1	1	001	04	vexa	qgvexa	maNdala-1
10.1	iw	9.1	iw	iw{avyaya}	iw{avyaya}	sambanXaH,9.1	sambanXaH,9.1	1	001	04	vexa	qgvexa	maNdala-1
11.1	xeveRu	10.1	xeveRu	xeva{puM;7;bahu}	xeva{puM;7;bahu}	aXikaraNam,12.1	aXikaraNam,12.1	1	001	04	vexa	qgvexa	maNdala-1
12.1	gacCawi	11.1	gacCawi	gam1{karwari;lat;pra;eka;parasmEpaxI;BvAxiH}/gacCaw{puM;7;eka(gam1;Sawq_lat;BvAxiH)}/gacCaw{napuM;7;eka(gam1;Sawq_lat;BvAxiH)}	gam1{karwari;lat;pra;eka;parasmEpaxI;BvAxiH}	aBihiwa_karwA,9.1;sakarmaka	-	1	001	04	vexa	qgvexa	maNdala-1
2.1	yaM	2.1	yaM	yax{sarvanAma;puM;2;eka}	yax{sarvanAma;puM;2;eka}	viSeRaNam,4.1	viSeRaNam,4.1	1	001	04	vexa	qgvexa	maNdala-1
3.1	aXvaraM	4.1	aXvaraM	aXvara{aXvara;xvi;eka(na_Xvq;ac)}/aXvara{puM;2;eka(na_Xvq;ac)}	aXvara{puM;2;eka(na_Xvq;ac)}	viSeRaNam,4.1	viSeRaNam,4.1	1	001	04	vexa	qgvexa	maNdala-1
4.1	yajFaM	3.1	yajFaM	yajFa{puM;2;eka}	yajFa{puM;2;eka}	karma,6.2	karma,6.2	1	001	04	vexa	qgvexa	maNdala-1
5.1	viSvawaH	5.1	viSvawaH	viSva{avya;wasil}	viSva{avya;wasil}	kriyAviSeRaNam,6.2	kriyAviSeRaNam,6.2	1	001	04	vexa	qgvexa	maNdala-1
6.1	pari-	6.1	pari-BUH	pari	pari	samAsaH,6.2	samAsaH,6.2	1	001	04	vexa	qgvexa	maNdala-1
6.2	BUH	6.2	--	BU{swrI;1;eka}/BU{swrI;8;eka}/BU{puM;8;eka}/BU{puM;1;eka}	BU{swrI;1;eka}	viXeya_viSeRaNam,7.1	viXeya_viSeRaNam,7.1	1	001	04	vexa	qgvexa	maNdala-1
7.1	(wvaM)	12.1	wvaM	yuRmax{sarvanAma;1;eka}	yuRmax{sarvanAma;1;eka}	karwA,8.1	karwA,8.1	1	001	04	vexa	qgvexa	maNdala-1
8.1	asi	7.1	asi	as2{karwari;lat;ma;eka;parasmEpaxI;axAxiH}	as2{karwari;lat;ma;eka;parasmEpaxI;axAxiH}	-	-	1	001	04	vexa	qgvexa	maNdala-1
9.1	saH	8.1	saH	wax{sarvanAma;puM;1;eka}	wax{sarvanAma;puM;1;eka}	karwA,12.1	karwA,12.1	1	001	04	vexa	qgvexa	maNdala-1
1.1	howA	2.1	howA	hu1{karwari;lut;pra;eka;parasmEpaxI;juhowyAxiH}/hu1{karmaNi;lut;pra;eka;AwmanepaxI;juhowyAxiH}/howq{puM;1;eka}	howq{puM;1;eka}	viSeRaNam,6.1	viSeRaNam,6.1	1	001	05	vexa	qgvexa	maNdala-1
2.1	kavi-	3.1	kavi-krawuH	kavi	kavi	samAsaH,2.2	samAsaH,2.2	1	001	05	vexa	qgvexa	maNdala-1
2.2	krawuH	3.2	--	krawu{puM;1;eka}	krawu{puM;1;eka}	viSeRaNam,6.1	viSeRaNam,6.1	1	001	05	vexa	qgvexa	maNdala-1
3.1	sawyaH	4.1	sawyaH	sawI{swrI;1;bahu}/sawya{puM;1;eka}/sawI{swrI;8;bahu}/sawI{swrI;1;bahu(as2;Sawq_lat;axAxiH)}	sawya{puM;1;eka}	viSeRaNam,6.1	viSeRaNam,6.1	1	001	05	vexa	qgvexa	maNdala-1
4.1	ciwra-	5.1	ciwra-SravaswamaH	ciwra	ciwra	samAsaH,4.2	samAsaH,4.2	1	001	05	vexa	qgvexa	maNdala-1
4.2	SravaswamaH	5.2	--	Sravas{wamap;puM;1;eka}	Sravas{wamap;puM;1;eka}	viSeRaNam,6.1	viSeRaNam,6.1	1	001	05	vexa	qgvexa	maNdala-1
5.1	xevaH	6.1	xevaH	xeva{puM;1;eka}/xevq{puM;8;eka}	xeva{puM;1;eka}	viSeRaNam,6.1	viSeRaNam,6.1	1	001	05	vexa	qgvexa	maNdala-1
6.1	agniH	1.1	agniH	agni{puM;1;eka}	agni{puM;1;eka}	karwA,8.1	karwA,8.1	1	001	05	vexa	qgvexa	maNdala-1
7.1	xeveBiH	7.1	xeveBiH	xeva{puM;3;bahu}	xeva{puM;3;bahu}	sahArWaH,8.1	sahArWaH,8.1	1	001	05	vexa	qgvexa	maNdala-1
8.1	Agamaw	8.1	Agamaw	Af_gam1{karwari;luf;pra;eka;parasmEpaxI;BvAxiH}	Af_gam1{karwari;luf;pra;eka;parasmEpaxI;BvAxiH}	aBihiwa_karwA,6.1	-	1	001	05	vexa	qgvexa	maNdala-1
1.1	afga	2.1	afga	afga{avya}/ag2{karwari;lot;ma;eka;parasmEpaxI;BvAxiH}/afga{puM;8;eka}/afga{napuM;8;eka}	afga{puM;8;eka}	samboXya_sUcakaH,2.1	samboXya_sUcakaH,2.1	1	001	06	vexa	qgvexa	maNdala-1
10.1	iw	9.1	iw	iw{avya}	iw{avya}	sambanXaH,9.1	sambanXaH,9.1	1	001	06	vexa	qgvexa	maNdala-1
11.1	waw	10.1	waw	wax{sarvanAma;napuM;1;eka}/wax{sarvanAma;napuM;2;eka}	wax{sarvanAma;napuM;1;eka}	viSeRaNam,12.1	viSeRaNam,12.1	1	001	06	vexa	qgvexa	maNdala-1
12.1	(BaxraM)	13.1	BaxraM	Baxra{puM;2;eka}/Baxra{napuM;1;eka}/Baxra{napuM;2;eka}	Baxra{napuM;1;eka}	karwA,13.1	karwA,13.1	1	001	06	vexa	qgvexa	maNdala-1
13.1	(aswi)	14.1	aswi	as2{karwari;lat;pra;eka;parasmEpaxI;axAxiH}	as2{karwari;lat;pra;eka;parasmEpaxI;axAxiH}	vAkyArWa_sUcakaH,14.1	vAkyArWa_sUcakaH,14.1	1	001	06	vexa	qgvexa	maNdala-1
14.1	(iwi)	15.1	iwi	iwi{avya}	iwi{avya}	sambanXaH,16.1	sambanXaH,16.1	1	001	06	vexa	qgvexa	maNdala-1
15.1	sawyam	11.1	sawyam	sawyam{avya}/sawya{puM;2;eka}/sawya{napuM;1;eka}/sawya{napuM;2;eka}	sawya{napuM;1;eka}	karwA,16.1	karwA,16.1	1	001	06	vexa	qgvexa	maNdala-1
16.1	(aswi)	16.1	aswi	as2{karwari;lat;pra;eka;parasmEpaxI;axAxiH}	as2{karwari;lat;pra;eka;parasmEpaxI;axAxiH}	-	-	1	001	06	vexa	qgvexa	maNdala-1
2.1	agne	5.1	agne	agni{puM;8;eka}	agni{puM;8;eka}	samboXyaH,7.1	samboXyaH,7.1	1	001	06	vexa	qgvexa	maNdala-1
3.1	wvaM	4.1	wvaM	yuRmax{sarvanAma;1;eka}	yuRmax{sarvanAma;1;eka}	karwA,7.1	karwA,7.1	1	001	06	vexa	qgvexa	maNdala-1
4.1	xASuRe	3.1	xASuRe	xASvas{puM;4;eka}	xASvas{puM;4;eka}	sampraxAnam,7.1	sampraxAnam,7.1	1	001	06	vexa	qgvexa	maNdala-1
5.1	yaw	1.1	yaw	yaw{avya}/yax{sarvanAma;napuM;1;eka}/yax{sarvanAma;napuM;2;eka}	yax{sarvanAma;napuM;2;eka}	viSeRaNam,6.1	viSeRaNam,6.1	1	001	06	vexa	qgvexa	maNdala-1
6.1	BaxraM	6.1	BaxraM	Baxra{puM;2;eka}/Baxra{napuM;1;eka}/Baxra{napuM;2;eka}	Baxra{napuM;2;eka}	karma,7.1	karma,7.1	1	001	06	vexa	qgvexa	maNdala-1
7.1	kariRyasi	7.1	kariRyasi	kq2{karwari;lqt;ma;eka;parasmEpaxI;svAxiH}/kq3{karwari;lqt;ma;eka;parasmEpaxI;wanAxiH}/kQ1{karwari;lqt;ma;eka;parasmEpaxI;wuxAxiH}	kq2{karwari;lqt;ma;eka;parasmEpaxI;svAxiH}	aBihiwa_karwA,3.1;sakarmaka	-	1	001	06	vexa	qgvexa	maNdala-1
8.1	afgiraH	12.1	afgiraH	afgiras{puM;8;eka}	afgiras{puM;8;eka}	samboXyaH,16.1	samboXyaH,16.1	1	001	06	vexa	qgvexa	maNdala-1
9.1	wava	8.1	wava	yuRmax{sarvanAma;6;eka}	yuRmax{sarvanAma;6;eka}	RaRTIsambanXaH,12.1	RaRTIsambanXaH,12.1	1	001	06	vexa	qgvexa	maNdala-1
1.1	agne	3.1	agne	agni{puM;8;eka}	agni{puM;8;eka}	samboXyaH,11.1	samboXyaH,11.1	1	001	07	vexa	qgvexa	maNdala-1
10.1	wvA	2.1	wvA	yuRmax{sarvanAma;2;eka}	yuRmax{sarvanAma;2;eka}	karmapravacanIya_anviwaH,11.1	karmapravacanIya_anviwaH,11.1	1	001	07	vexa	qgvexa	maNdala-1
11.1	A_imasi	10.1	A_imasi	A_i1{karwari;lat;u;bahu;parasmEpaxI;axAxiH}	A_i1{karwari;lat;u;bahu;parasmEpaxI;axAxiH}	aBihiwa_karwA,5.1;sakarmaka	-	1	001	07	vexa	qgvexa	maNdala-1
2.1	XiyA	6.1	XiyA	XI{swrI;3;eka}	XI{swrI;3;eka}	karaNam,4.1	karaNam,4.1	1	001	07	vexa	qgvexa	maNdala-1
3.1	namaH	8.1	namaH	namaH{napuM;2;eka}	namaH{napuM;2;eka}	karma,4.1	karma,4.1	1	001	07	vexa	qgvexa	maNdala-1
4.1	BaranwaH	9.1	BaranwaH	Baraw{puM;1;bahu}	Baraw{puM;1;bahu}	viSeRaNam,5.1	viSeRaNam,5.1	1	001	07	vexa	qgvexa	maNdala-1
5.1	vayaM	7.1	vayaM	asmax{sarvanAma;1;bahu}	asmax{sarvanAma;1;bahu}	karwA,11.1	karwA,11.1	1	001	07	vexa	qgvexa	maNdala-1
6.1	xive-	4.1	xive-xive	xive	xive	vIpsA,6.2	vIpsA,6.2	1	001	07	vexa	qgvexa	maNdala-1
6.2	xive	4.2	--	xiv{swrI;4;eka}/xiva{napuM;1;xvi}/xiva{napuM;2;xvi}/xiva{napuM;8;xvi}/xivi{puM;8;eka}/xiva{napuM;7;eka}/xiva{puM;7;eka}/xivi{napuM;8;eka}/xivi{napuM;1;eka}/xivi{napuM;2;eka}/xivA{swrI;8;eka}/xivA{swrI;8;xvi}/xivA{swrI;1;xvi}/xivA{swrI;2;xvi}	xiva{napuM;7;xvi}	aXikaraNam,11.1	aXikaraNam,11.1	1	001	07	vexa	qgvexa	maNdala-1
7.1	xoRA-	5.1	xoRA-vaswaH	xoRA	xoRA	samAsaH,7.2	samAsaH,7.2	1	001	07	vexa	qgvexa	maNdala-1
7.2	vaswaH	5.2	--	vaswar{avya}	vaswar{avya}	samucciwaH,6.2	samucciwaH,6.2	1	001	07	vexa	qgvexa	maNdala-1
8.1	(ca)	11.1	ca	ca{avya}	ca{avya}	samuccaya_xyowakaH,6.2	samuccaya_xyowakaH,6.2	1	001	07	vexa	qgvexa	maNdala-1
9.1	upa	1.1	upa	upa{avya}	upa{avya}	karmapravacanIyaH,10.1	karmapravacanIyaH,10.1	1	001	07	vexa	qgvexa	maNdala-1
1.1	sve	7.1	sve	sva{sarvanAma;puM;1;bahu}/sva{sarvanAma;napuM;1;xvi}/sva{sarvanAma;napuM;2;xvi}/svA{sarvanAma;swrI;1;xvi}/svA{sarvanAma;swrI;2;xvi}/sva{puM;7;eka}/sva{napuM;7;eka}	sva{sarvanAma;puM;7;eka}	viSeRaNam,2.1	viSeRaNam,2.1	1	001	08	vexa	qgvexa	maNdala-1
10.1	(wvA)	10.1	wvA	yuRmax{sarvanAma;2;eka}	yuRmax{sarvanAma;2;eka}	karmapravacanIya_anviwaH,12.1	karmapravacanIya_anviwaH,12.1	1	001	08	vexa	qgvexa	maNdala-1
11.1	(vayaM)	11.1	vayaM	asmax{sarvanAma;1;bahu}	asmax{sarvanAma;1;bahu}	karwA,12.1	karwA,12.1	1	001	08	vexa	qgvexa	maNdala-1
12.1	(A_imasi)	12.1	A_imasi	A_i1{karwari;lat;u;bahu;parasmEpaxI;axAxiH}	A_i1{karwari;lat;u;bahu;parasmEpaxI;axAxiH}	aBihiwa_karwA,11.1;sakarmaka	-	1	001	08	vexa	qgvexa	maNdala-1
2.1	xame	8.1	xame	xama{puM;7;eka}	xama{puM;7;eka}	aXikaraNam,3.1	aXikaraNam,3.1	1	001	08	vexa	qgvexa	maNdala-1
3.1	varXamAnam	6.1	varXamAnam	varXamAna{puM;2;eka}/varXamAna{puM;2;eka(vqX1;SAnac_lat;karwari;BvAxiH)}/varXamAna{napuM;1;eka(vqX1;SAnac_lat;karwari;BvAxiH)}/varXamAna{napuM;2;eka(vqX1;SAnac_lat;karwari;BvAxiH)}	varXamAna{puM;2;eka}	viSeRaNam,10.1	viSeRaNam,10.1	1	001	08	vexa	qgvexa	maNdala-1
4.1	rAjanwaM	1.1	rAjanwaM	rAjaw{puM;2;eka(rAj1;Sawq_lat;BvAxiH)}	rAjaw{puM;2;eka(rAj;Sawq_lat;BvAxiH)}	viSeRaNam,10.1	viSeRaNam,10.1	1	001	08	vexa	qgvexa	maNdala-1
5.1	aXvarANAM	2.1	aXvarANAM	aXvara{puM;6;bahu}/aXvara{napuM;6;bahu}/aXvarA{swrI;6;bahu}	aXvara{puM;6;bahu}	RaRTIsambanXaH,6.2	RaRTIsambanXaH,6.2	1	001	08	vexa	qgvexa	maNdala-1
6.1	go-	3.1	go-pAM	go	go	samAsaH,6.2	samAsaH,6.2	1	001	08	vexa	qgvexa	maNdala-1
6.2	pAM	3.2	--	pA{swrI;2;eka}	pA{swrI;2;eka}	viSeRaNam,10.1	viSeRaNam,10.1	1	001	08	vexa	qgvexa	maNdala-1
7.1	qwasya	4.1	qwasya	qwa{napuM;6;eka}/qwa{puM;6;eka(q1;kwa;BvAxiH)}/qwa{napuM;6;eka(q1;kwa;BvAxiH)}/qwa{puM;6;eka(q2;kwa;juhowyAxiH)}/qwa{napuM;6;eka(q2;kwa;juhowyAxiH)}	qwa{puM;6;eka(q1;kwa;BvAxiH)}	RaRTIsambanXaH,8.1	RaRTIsambanXaH,8.1	1	001	08	vexa	qgvexa	maNdala-1
8.1	xIxiviM	5.1	xIxiviM	xIxivi{puM;2;eka}	xIxivi{puM;2;eka}	viSeRaNam,10.1	viSeRaNam,10.1	1	001	08	vexa	qgvexa	maNdala-1
9.1	(upa)	9.1	upa	upa{avya}	upa{avya}	karmapravacanIyaH,10.1	karmapravacanIyaH,10.1	1	001	08	vexa	qgvexa	maNdala-1
1.1	agne	5.1	agne	agni{puM;8;eka}	agni{puM;8;eka}	samboXyaH,8.1	samboXyaH,8.1	1	001	09	vexa	qgvexa	maNdala-1
10.1	svaswaye	10.1	svaswaye	svaswi{swrI;4;eka}	svaswi{swrI;4;eka}	prayojanam,11.1	prayojanam,11.1	1	001	09	vexa	qgvexa	maNdala-1
11.1	sacasva	8.1	sacasva	Rac2{karwari;lot;ma;eka;AwmanepaxI;BvAxiH}	Rac2{karwari;lot;ma;eka;AwmanepaxI;BvAxiH}	-	-	1	001	09	vexa	qgvexa	maNdala-1
2.1	saH	1.1	sa	wax{sarvanAma;puM;1;eka}	wax{sarvanAma;puM;1;eka}	viSeRaNam,3.1	viSeRaNam,3.1	1	001	09	vexa	qgvexa	maNdala-1
3.1	(wvaM)	11.1	wvaM	yuRmax{sarvanAma;1;eka}	yuRmax{sarvanAma;1;eka}	karwA,8.1	karwA,8.1	1	001	09	vexa	qgvexa	maNdala-1
4.1	sUnave	4.1	sUnave	sUnu{puM;4;eka}	sUnu{puM;4;eka}	upamAnam,6.1	upamAnam,6.1	1	001	09	vexa	qgvexa	maNdala-1
5.1	piwA-	3.1	piwA-iva	piwq{puM;1;eka}/piwA{swrI;1;eka}	piwq{puM;1;eka}	kevalasamAsaH,5.2	kevalasamAsaH,5.2	1	001	09	vexa	qgvexa	maNdala-1
5.2	iva	3.2	-	iva{avyayaH}	iva{avyayaH}	upamAnam,3.1	upamAnam,3.1	1	001	09	vexa	qgvexa	maNdala-1
6.1	naH	2.1	naH	asmax{sarvanAma;2;bahu}/asmax{sarvanAma;6;bahu}/asmax{sarvanAma;4;bahu}/nq{puM;8;eka}	asmax{sarvanAma;4;bahu}	prayojanam,8.1	prayojanam,8.1	1	001	09	vexa	qgvexa	maNdala-1
7.1	sUpAyanaH	6.1	sUpAyanaH	sUpAyana{puM;1;eka}	sUpAyana{puM;1;eka}	viXeya_viSeRaNam,3.1	-#viXeya_viSeRaNam,3.1	1	001	09	vexa	qgvexa	maNdala-1
8.1	Bava	7.1	Bava	BU1{karwari;lot;ma;eka;parasmEpaxI;BvAxiH}/Bava{puM;8;eka}	BU1{karwari;lot;ma;eka;parasmEpaxI;BvAxiH}	aBihiwa_karwA,3.1;sakarmaka	-	1	001	09	vexa	qgvexa	maNdala-1
9.1	naH	9.1	naH	asmax{sarvanAma;2;bahu}/asmax{sarvanAma;6;bahu}/asmax{sarvanAma;4;bahu}/nq{puM;8;eka}	asmax{sarvanAma;6;bahu}	RaRTIsambanXaH,10.1	RaRTIsambanXaH,10.1	1	001	09	vexa	qgvexa	maNdala-1
1.1	xarSawa	3.1	xarSawa	xarSawa{puM;8;eka}	xarSawa{puM;8;eka}	viSeRaNam,2.1	viSeRaNam,2.1	1	002	01	vexa	qgvexa	maNdala-1
10.1	(somAn)	13.1	somAn	soma{puM;2;bahu}	soma{puM;2;bahu}	karma,11.1	karma,11.1	1	002	01	vexa	qgvexa	maNdala-1
11.1	pAhi	8.1	pAhi	pA2{karwari;lot;ma;eka;parasmEpaxI;axAxiH}	pA2{karwari;lot;ma;eka;parasmEpaxI;axAxiH}	-	samucciwaH,4.1	1	002	01	vexa	qgvexa	maNdala-1
12.1	havaM	10.1	havaM	hava{puM;2;eka}	hava{puM;2;eka}	karma,13.1	karma,13.1	1	002	01	vexa	qgvexa	maNdala-1
13.1	SruXi	9.1	SruXi	Sru{karwari;lot;ma;eka;parasmEpaxI;BvAxiH}	Sru{karwari;lot;ma;eka;parasmEpaxI;BvAxiH}	-	-	1	002	01	vexa	qgvexa	maNdala-1
2.1	vAyo	1.1	vAyo	vAyu{puM;8;eka}	vAyu{puM;8;eka}	samboXya,4.1	samboXya,4.1	1	002	01	vexa	qgvexa	maNdala-1
3.1	(wvaM)	11.1	wvaM	yuRmax{sarvanAma;1;eka}	yuRmax{sarvanAma;1;eka}	karwA,4.1;karwA,11.1;karwA,13.1	karwA,4.1;karwA,11.1;karwA,13.1	1	002	01	vexa	qgvexa	maNdala-1
4.1	AyAhi	2.1	AyAhi	Af_yA1{karwari;lot;ma;eka;parasmEpaxI;axAxiH}	Af_yA1{karwari;lot;ma;eka;parasmEpaxI;axAxiH}	-	samucciwaH,11.1	1	002	01	vexa	qgvexa	maNdala-1
5.1	ime	4.1	ime	ixam{sarvanAma;puM;1;bahu}/ixam{sarvanAma;napuM;1;xvi}/ixam{sarvanAma;napuM;2;xvi}/ixam{sarvanAma;swrI;1;xvi}/ixam{sarvanAma;swrI;2;xvi}	ixam{sarvanAma;puM;1;bahu}	viSeRaNam,6.1	viSeRaNam,6.1	1	002	01	vexa	qgvexa	maNdala-1
6.1	somAH	5.1	somAH	soma{puM;1;bahu}/soma{puM;8;bahu}	soma{puM;1;bahu}	karwA,8.1	karwA,8.1	1	002	01	vexa	qgvexa	maNdala-1
7.1	araf-	6.1	araf-kqwAH	araf	araf	samAsaH,7.2	samAsaH,7.2	1	002	01	vexa	qgvexa	maNdala-1
7.2	kqwAH	6.2	--	kqwa{puM;1;bahu(kq2;kwa;svAxiH)}/kqwA{swrI;1;bahu(kq2;kwa;svAxiH)}/kqwA{swrI;2;bahu(kq2;kwa;svAxiH)}/kqwa{puM;1;bahu(kq3;kwa;wanAxiH)}/kqwA{swrI;1;bahu(kq3;kwa;wanAxiH)}/kqwA{swrI;2;bahu(kq3;kwa;wanAxiH)}/kqwa{puM;8;bahu}/kqwA{swrI;8;bahu}	kqwa{puM;1;bahu(kq2;kwa;svAxiH)}	viXeya_viSeRaNam,6.1	viXeya_viSeRaNam,6.1	1	002	01	vexa	qgvexa	maNdala-1
8.1	(sanwi)	12.1	sanwi	as{karwari;lat;pra;bahu;parasmEpaxI;axAxiH}	as{karwari;lat;pra;bahu;parasmEpaxI;axAxiH}	-	-	1	002	01	vexa	qgvexa	maNdala-1
9.1	weRAM(wAn)	7.1	weRAM	wax{sarvanAma;puM;6;bahu}/wax{sarvanAma;napuM;6;bahu}	wax{sarvanAma;puM;6;bahu}	RaRTIsambanXaH,10.1	RaRTIsambanXaH,10.1	1	002	01	vexa	qgvexa	maNdala-1
1.1	vAyo	1.1	vAyo	vAyu{puM;8;eka}	vAyu{puM;8;eka}	samboXya,9.1	samboXya,9.1	1	002	02	vexa	qgvexa	maNdala-1
2.1	jariwAraH	6.1	jariwAraH	jQ1{karwari;lut;pra;bahu;parasmEpaxI;xivAxiH}/jQ1{karmaNi;lut;pra;bahu;AwmanepaxI;xivAxiH}	jariwq{puM;1;bahu(jQ;wqc)}	viSeRaNam,5.1	viSeRaNam,5.1	1	002	02	vexa	qgvexa	maNdala-1
3.1	suwa-	7.1	suwa-somAH	suwa(Ru2;kwa;axAxiH)}/suwa(Ru3{kwa;svAxiH)	suwa(Ru2;kwa;axAxiH)	samAsaH,3.2	samAsaH,3.2	1	002	02	vexa	qgvexa	maNdala-1
3.2	somAH	7.2	--	soma{puM;1;bahu}/soma{puM;8;bahu}/somA{swrI;8;bahu}/somA{swrI;1;bahu}/somA{swrI;2;bahu}	soma{puM;1;bahu}	viSeRaNam,5.1	viSeRaNam,5.1	1	002	02	vexa	qgvexa	maNdala-1
4.1	ahar-	8.1	ahar-vixaH	ahar	ahar	samAsaH,4.2	samAsaH,4.2	1	002	02	vexa	qgvexa	maNdala-1
4.2	vixaH	8.2	--	vix{puM;1;bahu}/vix{puM;2;bahu}/vix{puM;5;eka}/vix{puM;6;eka}/vix{swrI;1;bahu}/vix{swrI;2;bahu}/vix{swrI;5;eka}/vix{swrI;6;eka}/vixa{puM;1;eka}/vix{puM;8;bahu}/vix{swrI;8;bahu}	vix{puM;1;eka}	viSeRaNam,5.1	viSeRaNam,5.	1	002	02	vexa	qgvexa	maNdala-1
5.1	(we)	9.1	we	wax{sarvanAma;puM;1;bahu}/wax{sarvanAma;napuM;1;xvi}/wax{sarvanAma;napuM;2;xvi}/wax{sarvanAma;swrI;1;xvi}/wax{sarvanAma;swrI;2;xvi}/yuRmax{sarvanAma;6;eka}/yuRmax{sarvanAma;4;eka}	yuRmax{sarvanAma;1;bahu}	karwA,9.1	karwA,9.1	1	002	02	vexa	qgvexa	maNdala-1
6.1	wvAm	4.1	wvAm	yuRmax{sarvanAma;2;eka}	yuRmax{sarvanAma;2;eka}	karma,9.1	karma,9.1	1	002	02	vexa	qgvexa	maNdala-1
7.1	acCA	5.1	acCA	acCA{avyayaH}	acCA{avyayaH}	sambanXaH,6.1	sambanXaH,6.1	1	002	02	vexa	qgvexa	maNdala-1
8.1	ukWeBiH	2.1	ukWeBiH	ukWa{napuM;3;bahu}	ukWa{napuM;3;bahu}	karaNam,9.1	karaNam,9.1	1	002	02	vexa	qgvexa	maNdala-1
9.1	jaranwe	3.1	jaranwe	jarawe{lat;pra;bahu(jarawe_swuwikarmA,arcawikarmA)}	jaranwe{lat;pra;bahu}	-	-	1	002	02	vexa	qgvexa	maNdala-1
1.1	vAyo	1.1	vAyo	vAyu{puM;8;eka}	vAyu{puM;8;eka}	samboXyaH,8.1	samboXyaH,8.1	1	002	03	vexa	qgvexa	maNdala-1
2.1	wava	2.1	wava	yuRmax{sarvanAma;6;eka}	yuRmax{sarvanAma;6;eka}	RaRTIsambanXaH,5.1	RaRTIsambanXaH,5.1	1	002	03	vexa	qgvexa	maNdala-1
3.1	pra-	3.1	pra-pqFcawI	pra	pra	samAsaH,3.2	samAsaH,3.2	1	002	03	vexa	qgvexa	maNdala-1
3.2	pqFcawI	3.2	--	pqFcaw{swrI;Sawq_lata;1;eka}	pqFcaw{swrI;Sawq_lata;1;eka}	viSeRaNam,5.1	viSeRaNam,5.1	1	002	03	vexa	qgvexa	maNdala-1
4.1	urUcI	7.1	urUcI	urUcI{swrI;1;eka}	urUcI{swrI;1;eka}	viSeRaNam,5.1	viSeRaNam,5.1	1	002	03	vexa	qgvexa	maNdala-1
5.1	XenA	4.1	XenA	XenA{swrI;1;eka}	XenA{swrI;1;eka}	karwA,8.1	karwA,8.1	1	002	03	vexa	qgvexa	maNdala-1
6.1	soma-	8.1	soma-pIwaye	soma}/soman	soma	samAsaH,6.2	samAsaH,6.2	1	002	03	vexa	qgvexa	maNdala-1
6.2	pIwaye	8.2	--	pIwi{swrI;4;eka}	pIwi{swrI;4;eka}	prayojanam,8.1	prayojanam,8.1	1	002	03	vexa	qgvexa	maNdala-1
7.1	xASuRe	6.1	xASuRe	xASvas{swrI;4;eka}	xASvas{swrI;4;eka}	gawyarWakarma,8.1	gawyarWakarma,8.1	1	002	03	vexa	qgvexa	maNdala-1
8.1	jigAwi	5.1	jigAwi	gA2{karwari;lat;pra;eka;parasmEpaxI;juhowyAxiH,gawikarmA}	gA2{karwari;lat;pra;eka;parasmEpaxI;gawikarmA}	aBihiwa_karwA,5.1	-	1	002	03	vexa	qgvexa	maNdala-1
1.1	inxra-	1.1	inxra-vAyU	inxra	inxra	samAsaH,1.2	samAsaH,1.2	1	002	04	vexa	qgvexa	maNdala-1
1.2	vAyU	1.2	--	vAyu{puM;1;xvi}/vAyu{puM;2;xvi}/vAyu{puM;8;xvi}	vAyu{puM;8;xvi}	samboXyaH,10.1	samboXyaH,10.1	1	002	04	vexa	qgvexa	maNdala-1
10.1	upa_Af_gawam(AgacCawam)	5.1	upa_Af_gawam	upa_Af_gam{puM;2;eka(upa_Af_gam1;kwa;BvAxiH)}/upAgawa{napuM;1;eka(upa_Af_gam1;kwa;BvAxiH)}/upAgawa{napuM;2;eka(upa_Af_gam1;kwa;BvAxiH)}}/{upa_Af_gam1;lot;ma;2;BvAxiH}	upa_Af_gam{lot;ma;2;BvAxiH}	-	karma,12.1	1	002	04	vexa	qgvexa	maNdala-1
2.1	ime	2.1	ime	ixam{sarvanAma;puM;1;bahu}/ixam{sarvanAma;napuM;1;xvi}/ixam{sarvanAma;napuM;2;xvi}/ixam{sarvanAma;swrI;1;xvi}/ixam{sarvanAma;swrI;2;xvi}	ixam{sarvanAma;napuM;1;bahu}	viSeRaNam,4.1	viSeRaNam,4.1	1	002	04	vexa	qgvexa	maNdala-1
3.1	suwAH	3.1	suwAH	suwa{puM;1;bahu}/suwa{puM;1;bahu(Ru2;kwa;axAxiH)}/suwA{swrI;1;bahu(Ru2;kwa;axAxiH)}/suwA{swrI;2;bahu(Ru2;kwa;axAxiH)}/suwa{puM;1;bahu(Ru3;kwa;svAxiH)}/suwA{swrI;1;bahu(Ru3;kwa;svAxiH)}/suwA{swrI;2;bahu(Ru3;kwa;svAxiH)}	suwa{puM;1;bahu(Ru2;kwa;axAxiH)}	viSeRaNam,4.1	viSeRaNam,4.1	1	002	04	vexa	qgvexa	maNdala-1
4.1	inxavaH	6.1	inxavaH	inxu{puM;1;bahu}/inxu{puM;8;bahu}	inxu{puM;1;bahu}	karwA,7.1	karwA,7.1	1	002	04	vexa	qgvexa	maNdala-1
5.1	hi	9.1	hi	hi{avya}	hi{avya}	kAraNa_xyowakaH,7.1	kAraNa_xyowakaH,7.1	1	002	04	vexa	qgvexa	maNdala-1
6.1	vAM(inxravAyU)	7.1	vAM	vAm{avya}/yuRmax{sarvanAma;2;xvi}/yuRmax{sarvanAma;6;xvi}/yuRmax{sarvanAma;4;xvi}	yuRmax{sarvanAma;2;xvi}	karma,7.1	karma,7.1	1	002	04	vexa	qgvexa	maNdala-1
7.1	uSanwi	8.1	uSanwi	vaS1{karwari;lat;pra;bahu;parasmEpaxI;axAxiH}/uSaw{napuM;1;bahu(vaS1;Sawq_lat;axAxiH)}/uSaw{napuM;2;bahu(vaS1;Sawq_lat;axAxiH)}	vaS1{karwari;lat;pra;bahu;parasmEpaxI;axAxiH}	aBihiwa_karwA,4.1;sakarmaka	aBihiwa_karwA,4.1;sakarmaka	1	002	04	vexa	qgvexa	maNdala-1
8.1	prayoBiH	4.1	prayoBiH	prayas{puM;3;bahu}	prayas{puM;3;bahu}	sahArWaH,10.1	sahArWaH,10.1	1	002	04	vexa	qgvexa	maNdala-1
9.1	(yuvAM)	10.1	yuvAM	yuRmax{sarvanAma;1;xvi}/yuRmax{sarvanAma;2;xvi}	yuRmax{sarvanAma;1;xvi}	karwA,10.1	karma,10.1	1	002	04	vexa	qgvexa	maNdala-1
1.1	vAyo	1.1	vAyo	vAyu{puM;8;eka}	vAyu{puM;8;eka}	samboXyaH,9.1	samboXyaH,9.1	1	002	05	vexa	qgvexa	maNdala-1
10.1	wO(inxravAyU)	7.1	wO	wax{sarvanAma;puM;1;xvi}/wax{sarvanAma;puM;2;xvi}	wax{sarvanAma;puM;1;xvi}	viSeRaNam,11.1	viSeRaNam,11.1	1	002	05	vexa	qgvexa	maNdala-1
11.1	(yuvAM)	13.1	yuvAM	yuRmax{sarvanAma;1;xvi}/yuRmax{sarvanAma;2;xvi}	yuRmax{sarvanAma;1;xvi}	karwA,13.1	karwA,13.1	1	002	05	vexa	qgvexa	maNdala-1
12.1	xravaw	9.1	xravaw	xra{avya;vaw}/xra{mawup;napuM;1;eka}/xra{mawup;napuM;2;eka}/xravaw{napuM;1;eka(xru1;Sawq_lat;BvAxiH)}/xravaw{napuM;2;eka(xru1;Sawq_lat;BvAxiH)}	xra{avya;vaw}	kriyAviSeRaNam,13.1	kriyAviSeRaNam,13.1	1	002	05	vexa	qgvexa	maNdala-1
13.1	upa_AyAwam	8.1	upa_AyAwam	upa_yA1{karwari;laf;ma;xvi;parasmEpaxI;axAxiH}/upa_Af_yA1{karwari{lot;ma;xvi;parasmEpaxI;axAxiH}/upa_Af_yA1{karwari{laf;ma;xvi;parasmEpaxI;axAxiH}	upa_Af_yA1{karwari{lot;ma;xvi;parasmEpaxI;axAxiH}	aBihiwa_karwA,11.1;sakarmaka	-	1	002	05	vexa	qgvexa	maNdala-1
2.1	(wvaM)	10.1	wvaM	yuRmax{sarvanAma;1;eka}	yuRmax{sarvanAma;1;eka}	samucciwaH,3.1	samucciwaH,3.1	1	002	05	vexa	qgvexa	maNdala-1
3.1	inxraH	2.1	inxraH	inxra{puM;1;eka}	inxra{puM;1;eka}	viSeRaNam,6.1	viSeRaNam,6.1	1	002	05	vexa	qgvexa	maNdala-1
4.1	ca	3.1	ca	ca{avya}	ca{avya}	samuccaya_xyowakaH,3.1	samuccaya_xyowakaH,3.1	1	002	05	vexa	qgvexa	maNdala-1
5.1	vAjinI-	6.1	vAjinI-vasU	vAjinI	vAjinI	samAsaH,5.2	samAsaH,5.2	1	002	05	vexa	qgvexa	maNdala-1
5.2	vasU	6.2	--	vasu{puM;1;xvi}/vasu{puM;2;xvi}/vasu{puM;8;xvi}	vasu{puM;1;xvi}	viSeRaNam,6.1	viSeRaNam,11.2#viSeRaNam,12.1#viSeRaNam,10.1#viSeRaNam,6.1#karma,7.1	1	002	05	vexa	qgvexa	maNdala-1
6.1	(yuvAM)	11.1	yuvAM	yuRmax{sarvanAma;1;xvi}/yuRmax{sarvanAma;2;xvi}	yuRmax{sarvanAma;1;xvi}	karwA,9.1	viSeRaNam,6.1	1	002	05	vexa	qgvexa	maNdala-1
7.1	suwAnAM(suwAn)	5.1	suwAn	suwa{puM;6;bahu}/suwa{puM;6;bahu(Ru2;kwa;axAxiH)}/suwa{napuM;6;bahu(Ru2;kwa;axAxiH)}/suwA{swrI;6;bahu(Ru2;kwa;axAxiH)}/suwa{puM;6;bahu(Ru3;kwa;svAxiH)}/suwa{napuM;6;bahu(Ru3;kwa;svAxiH)}/suwA{swrI;6;bahu(Ru3;kwa;svAxiH)}	suwa{puM;6;bahu}	RaRTIsambanXaH,8.1	RaRTIsambanXaH,8.1	1	002	05	vexa	qgvexa	maNdala-1
8.1	(somAn)	12.1	somAn	soma{puM;2;bahu}	soma{puM;2;bahu}	karma,9.1	karma,9.1	1	002	05	vexa	qgvexa	maNdala-1
9.1	cewaWaH	4.1	cewaWaH	ciw1{karwari;lat;ma;xvi;parasmEpaxI;BvAxiH}	ciw1{karwari;lat;ma;xvi;parasmEpaxI;BvAxiH}	aBihiwa_karwA,6.1;sakarmaka	-	1	002	05	vexa	qgvexa	maNdala-1
1.1	vAyo	1.1	vAyo	vAyu{puM;8;eka}	vAyu{puM;8;eka}	samboXyaH,8.1	samboXyaH,8.1	1	002	06	vexa	qgvexa	maNdala-1
10.1	XiyA	9.1	XiyA	XI{swrI;3;eka}	XI{swrI;3;eka}	karaNam,12.1	karwA,13.1#hewuH,13.1	1	002	06	vexa	qgvexa	maNdala-1
11.1	makRu	7.1	makRu	makRu{avyaya}	makRu{avyaya}	kriyAviSeRaNam,12.1	kriyAviSeRaNam,12.1	1	002	06	vexa	qgvexa	maNdala-1
12.1	(sampawsyewe)	13.1	sampawsyewe	sam_pax1{karwari;lqt;pra;xvi;AwmanepaxI;xivAxiH}/sam_pax1{karmaNi{lqt;pra;xvi;AwmanepaxI;xivAxiH}	sam_pax1{karwari;lqt;pra;xvi;AwmanepaxI;xivAxiH}	-	-	1	002	06	vexa	qgvexa	maNdala-1
13.1	iwWA	8.1	iwWA	iwWA{ixam;sarvanAma;avyaya}	iwWA{ixam;sarvanAma;avyaya}	-	-	1	002	06	vexa	qgvexa	maNdala-1
2.1	(wvaM)	11.1	wvaM	yuRmax{sarvanAma;1;eka}	yuRmax{sarvanAma;1;eka}	samucciwaH,3.1	sup_samucciwaH,3.1	1	002	06	vexa	qgvexa	maNdala-1
3.1	inxraH	2.1	inxraH	inxra{puM;1;eka}	inxra{puM;1;eka}	viSeRaNam,5.1	viSeRaNam,5.1	1	002	06	vexa	qgvexa	maNdala-1
4.1	ca	3.1	ca	ca{avya}	ca{avya}	samuccaya_xyowakaH,3.1	samuccaya_xyowakaH,3.1	1	002	06	vexa	qgvexa	maNdala-1
5.1	(yuvAM)	12.1	yuvAM	yuRmax{sarvanAma;1;xvi}/yuRmax{sarvanAma;2;xvi}	yuRmax{sarvanAma;1;xvi}	karwA,8.1	karwA,8.1	1	002	06	vexa	qgvexa	maNdala-1
6.1	sunvawaH	4.1	sunvawaH	sunvaw{puM;2;bahu(Ru3;Sawq_lat;svAxiH)}/sunvaw{puM;5;eka(Ru3;Sawq_lat;svAxiH)}/sunvaw{puM;6;eka(Ru3;Sawq_lat;svAxiH)}/sunvaw{napuM;5;eka(Ru3;Sawq_lat;svAxiH)}/sunvaw{napuM;6;eka(Ru3;Sawq_lat;svAxiH)}	sunvaw{puM;6;eka(Ru3;Sawq_lat;svAxiH)}	RaRTIsambanXaH,7.1	RaRTIsambanXaH,7.1	1	002	06	vexa	qgvexa	maNdala-1
7.1	niRkqwaM	6.1	niRkqwaM	niRkqwa{puM;2;eka}/niRkqwa{napuM;1;eka}/niRkqwa{napuM;2;eka}	niRkqwa{puM;2;eka}	karma,8.1	karma,8.1	1	002	06	vexa	qgvexa	maNdala-1
8.1	upa_AyAwam	5.1	upa_AyAwam	upa_Af_yA1{karwari;laf;ma;xvi;parasmEpaxI;axAxiH}/upa_Af_yA1{karwari{lot;ma;xvi;parasmEpaxI;axAxiH}/upa_Af_yA1{karwari{laf;ma;xvi;parasmEpaxI;axAxiH}	upa_Af_yA1{karwari{lot;ma;xvi;parasmEpaxI;axAxiH}	-	-	1	002	06	vexa	qgvexa	maNdala-1
9.1	narO	10.1	narO	nq{puM;1;xvi}/nq{puM;2;xvi}/nara{puM;1;xvi}/nara{puM;2;xvi}/nq{puM;8;xvi}/nara{puM;8;xvi}	nq{puM;8;xvi}	samboXyaH,12.1	samboXyaH,12.1	1	002	06	vexa	qgvexa	maNdala-1
1.1	GqwAcIM	8.1	GqwAcIM	GqwAcI{swrI;2;eka}	GqwAcI{swrI;2;eka}	viSeRaNam,2.1	viSeRaNam,2.1	1	002	07	vexa	qgvexa	maNdala-1
10.1	huve	2.1	huve	hu1{karmaNi;lat;u;eka;AwmanepaxI;juhowyAxiH}/hve1{karmaNi;lat;u;eka;AwmanepaxI;BvAxiH}	hu1{karmaNi;lat;u;eka;AwmanepaxI;juhowyAxiH}	-	-	1	002	07	vexa	qgvexa	maNdala-1
2.1	XiyaM	7.1	XiyaM	XI{swrI;2;eka}	XI{swrI;2;eka}	karma,3.1	karma,3.1	1	002	07	vexa	qgvexa	maNdala-1
3.1	sAXanwO	9.1	sAXanwO	sAXanwa{puM;1;xvi}/sAXanwa{puM;2;xvi}/sAXanwa{puM;8;xvi}	sAXanwa{puM;2;xvi}	viSeRaNam,5.1	viSeRaNam,5.1	1	002	07	vexa	qgvexa	maNdala-1
4.1	pUwa-	3.1	pUwa-xakRaM	pUwa(pU1;kwa;BvAxiH)}/pUwa(pU2{kwa;kryAxiH)}/pUwa(pUy1{kwa;BvAxiH)	pUwa(pU1;kwa;BvAxiH)	samAsaH,4.2	samAsaH,4.2	1	002	07	vexa	qgvexa	maNdala-1
4.2	xakRaM	3.2	--	xakRa{puM;2;eka}/xakRa{napuM;1;eka}/xakRa{napuM;2;eka}	xakRa{puM;2;eka}	viSeRaNam,5.1	viSeRaNam,5.1	1	002	07	vexa	qgvexa	maNdala-1
5.1	miwraM	1.1	miwraM	miwra{puM;2;eka}/miwra{napuM;1;eka}/miwra{napuM;2;eka}	miwra{puM;2;eka}	karma,10.1	karma,10.1	1	002	07	vexa	qgvexa	maNdala-1
6.1	riSa-	6.1	riSa-axasaM	riSa	riSa	samAsaH,6.2	samAsaH,6.2	1	002	07	vexa	qgvexa	maNdala-1
6.2	axasaM	6.2	--	axas{puM;2;eka}/axas{swrI;2;eka}/xas1{karwari;luf;u;eka;parasmEpaxI;xivAxiH}	axas{puM;2;eka}	viSeRaNam,7.1	viSeRaNam,7.1	1	002	07	vexa	qgvexa	maNdala-1
7.1	varuNaM	4.1	varuNaM	varuNa{puM;2;eka}	varuNa{puM;2;eka}	samucciwaH,5.1	samucciwaH,5.1	1	002	07	vexa	qgvexa	maNdala-1
8.1	ca	5.1	ca	ca{avya}	ca{avya}	samuccaya_xyowakaH,5.1	samuccaya_xyowakaH,5.1	1	002	07	vexa	qgvexa	maNdala-1
9.1	(ahaM)	10.1	(ahaM)	asmax{sarvanAma;puM;1;eka}	asmax{sarvanAma;puM;1;eka}	karwA,10.1	karwA,10.1	1	002	07	vexa	qgvexa	maNdala-1
1.1	miwrA-	2.1	miwrA-varuNO	miwrA	miwrA	samAsaH,1.2	samAsaH,1.2	1	002	08	vexa	qgvexa	maNdala-1
1.2	varuNO	2.2	varuNO	varuNa{puM;1;xvi}/varuNa{puM;2;xvi}/varuNa{puM;8;xvi}	varuNa{puM;8;xvi}	samboXyaH,9.1	samboXyaH,9.1	1	002	08	vexa	qgvexa	maNdala-1
2.1	qwA-	3.1	qwA-vqXO	qwA(q1;kwa;BvAxiH)}/qwA(q2{kwa;juhowyAxiH)	qwA(q1;kwa;BvAxiH)	samAsaH,2.2	samAsaH,2.2	1	002	08	vexa	qgvexa	maNdala-1
2.2	vqXO	3.2	vqXO	vaX{puM;1;xvi}	vaX{puM;1;xvi}	viSeRaNam,8.1	viSeRaNam,8.1	1	002	08	vexa	qgvexa	maNdala-1
3.1	qwa-	4.1	qwa-spqSA	qwa(q1;kwa;BvAxiH)}/qwa(q2{kwa;juhowyAxiH)	qwa(q1;kwa;BvAxiH)	samAsaH,3.2	samAsaH,3.2	1	002	08	vexa	qgvexa	maNdala-1
3.2	spqSA(spqSO)	4.2	spqSA	spqS{puM;1;xvi}/spqS{puM;2;xvi}/spqS{napuM;1;xvi}/spqS{napuM;2;xvi}/spqS{swrI;1;xvi}/spqS{swrI;2;xvi}/spqS{puM;8;xvi}/spqS{napuM;8;xvi}/spqS{swrI;8;xvi}/spqSi{swrI;7;eka}	spqS{puM;1;xvi}	viSeRaNam,8.1	viSeRaNam,8.1	1	002	08	vexa	qgvexa	maNdala-1
4.1	bqhanwam	6.1	bqhanwam	bqhaw{puM;2;eka}	bqhaw{puM;2;eka}	viSeRaNam,5.1	viSeRaNam,5.1	1	002	08	vexa	qgvexa	maNdala-1
5.1	krawuM	5.1	krawuM	krawu{puM;2;eka}	krawu{puM;2;eka}	karma,9.1	karma,9.1	1	002	08	vexa	qgvexa	maNdala-1
7.1	qwena	1.1	qwena	qwa{napuM;3;eka}/qwa{puM;3;eka(q1;kwa;BvAxiH)}/qwa{napuM;3;eka(q1;kwa;BvAxiH)}/qwa{puM;3;eka(q2;kwa;juhowyAxiH)}/qwa{napuM;3;eka(q2;kwa;juhowyAxiH)}	qwa{puM;3;eka(q1;kwa;BvAxiH)}	karaNam,9.1	karaNam,9.1	1	002	08	vexa	qgvexa	maNdala-1
8.1	(yuvAM)	8.1	yuvAM	yuRmax{sarvanAma;1;xvi}/yuRmax{sarvanAma;2;xvi}	yuRmax{sarvanAma;1;xvi}	karwA,9.1	karwA,9.1	1	002	08	vexa	qgvexa	maNdala-1
9.1	ASAWe	7.1	ASAWe	aS1{karwari;lit;ma;xvi;AwmanepaxI;svAxiH}/aS1{karmaNi;lit;ma;xvi;AwmanepaxI;svAxiH}	aS1{karwari;lit;ma;xvi;AwmanepaxI;svAxiH}	-	-	1	002	08	vexa	qgvexa	maNdala-1
1.1	kavI	1.1	kavI	kavi{puM;1;xvi}/kavi{puM;2;xvi}/kavi{puM;8;xvi}	kavi{puM;1;xvi}	viSeRaNam,4.2	viSeRaNam,4.2	1	002	09	vexa	qgvexa	maNdala-1
2.1	wuvi-	4.1	wuvi-jAwA	wuvi	wuvi	samAsaH,2.2	samAsaH,2.2	1	002	09	vexa	qgvexa	maNdala-1
2.2	jAwA	4.2	--	jAwi{swrI;7;eka}/jAwa{puM;1;xvi(jan2;kwa;xivAxiH)}/jAwa{puM;2;xvi(jan2;kwa;xivAxiH)}/jAwa{puM;8;xvi}/jAwi{puM;7;eka}	jAwa{puM;1;xvi(jan2;kwa;xivAxiH)}	viSeRaNam,4.2	viSeRaNam,4.2	1	002	09	vexa	qgvexa	maNdala-1
3.1	uru-	5.1	uru-kRayA	uru	uru	samAsaH,3.2	samAsaH,3.2	1	002	09	vexa	qgvexa	maNdala-1
3.2	kRayA	5.2	--	kRaya{puM;1;xvi}/kRaya{puM;2;xvi}/kRaya{puM;8;xvi}	kRaya{puM;1;xvi}	viSeRaNam,4.2	viSeRaNam,4.2	1	002	09	vexa	qgvexa	maNdala-1
4.1	miwrA-	3.1	miwrA-varuNA	miwrA	miwrA	samAsaH,4.2	samAsaH,4.2	1	002	09	vexa	qgvexa	maNdala-1
4.2	varuNA	3.2	--	varuNa{puM;1;xvi}/varuNa{puM;2;xvi}/varuNa{puM;8;xvi}	varuNa{puM;1;xvi}	karwA,9.1	karwA,9.1	1	002	09	vexa	qgvexa	maNdala-1
5.1	naH	2.1	naH	asmax{sarvanAma;2;bahu}/asmax{sarvanAma;6;bahu}/asmax{sarvanAma;4;bahu}/nq{puM;8;eka}	asmax{sarvanAma;6;bahu}	RaRTIsambanXaH,6.1	RaRTIsambanXaH,6.1	1	002	09	vexa	qgvexa	maNdala-1
6.1	xakRaM	6.1	xakRaM	xakRa{puM;2;eka}	xakRa{puM;2;eka}	karma,9.1	karma,9.1	1	002	09	vexa	qgvexa	maNdala-1
7.1	apasaM	8.1	apasaM	apas{puM;2;eka}	apas{puM;2;eka}	samucciwaH,6.1	samucciwaH,6.1	1	002	09	vexa	qgvexa	maNdala-1
8.1	(ca)	9.1	ca	ca{avya}	ca{avya}	samuccaya_xyowakaH,6.1	samuccaya_xyowakaH,6.1	1	002	09	vexa	qgvexa	maNdala-1
9.1	xaXAwe	7.1	xaXAwe	XA1{karwari;lat;pra;xvi;AwmanepaxI;juhowyAxiH}/XA1{karwari;lit;pra;xvi;AwmanepaxI;juhowyAxiH}/XA1{karmaNi;lit;pra;xvi;AwmanepaxI;juhowyAxiH}/Xe1{karmaNi;lit;pra;xvi;AwmanepaxI;BvAxiH}	XA1{karwari;lat;pra;xvi;AwmanepaxI;juhowyAxiH}	aBihiwa_karwA,4.2;sakarmaka	-	1	002	09	vexa	qgvexa	maNdala-1
1.1	xravaw-	4.1	xravaw-prANI	xravaw(xru1;Sawq_lat;BvAxiH)	xravaw(xru1;Sawq_lat;BvAxiH)	samAsaH,1.2	samAsaH,1.2	1	003	01	vexa	qgvexa	maNdala-1
1.2	pANI	4,2	--	pANi{puM;1;xvi}/pANi{puM;2;xvi}/pANi{puM;8;xvi}	pANi{puM;8;xvi}	viSeRaNam,5.1	viSeRaNam,5.1	1	003	01	vexa	qgvexa	maNdala-1
2.1	SuBaH	5.1	SuBaH	SuB{puM;6;eka}	SuB{puM;6;eka}	RaRTIsambanXaH,3.1	RaRTIsambanXaH,3.1	1	003	01	vexa	qgvexa	maNdala-1
3.1	pawI	6.1	pawI	pawi{puM;1;xvi}/pawi{puM;2;xvi}/pawi{puM;8;xvi}	pawi{puM;8;xvi}	viSeRaNam,5.1	viSeRaNam,5.1	1	003	01	vexa	qgvexa	maNdala-1
4.1	puru-	7.1	puru-BujA	puru	puru	samAsaH,4.2	samAsaH,4.2	1	003	01	vexa	qgvexa	maNdala-1
4.2	BujA	7.2	--	Buja{puM;8;xvi}/Buja{puM;1;xvi}/Buja{puM;2;xvi}	Buja{puM;8;xvi}	viSeRaNam,5.1	viSeRaNam,5.1	1	003	01	vexa	qgvexa	maNdala-1
5.1	aSvinA	1.1	aSvinA	aSvin{puM;1;xvi}/aSvin{puM;2;xvi}/aSvin{puM;8;xvi}	aSvin{puM;8;xvi}	samboXyaH,9.1	samboXyaH,9.1	1	003	01	vexa	qgvexa	maNdala-1
6.1	yajvarIH	2.1	yajvarIH	yajvarI{swrI;2;bahu}	yajvarI{swrI;2;bahu}	viSeRaNam,7.1	viSeRaNam,7.1	1	003	01	vexa	qgvexa	maNdala-1
7.1	iRaH	3.1	iRaH	iRa{swrI;2;bahu}	iRa{swrI;2;bahu}	karma,9.1	karma,9.1	1	003	01	vexa	qgvexa	maNdala-1
8.1	(yuvAM)	9.1	yuvAM	yuRmax{sarvanAma;1;xvi}/yuRmax{sarvanAma;2;xvi}	yuRmax{sarvanAma;1;xvi}	karwA,9.1	karwA,9.1	1	003	01	vexa	qgvexa	maNdala-1
9.1	canasyawam	8.1	canasyawam	canasya{(cAy;asun;)canas;kyac;parasmE;lot;ma;xvi;BvAxi}	canasya{(cAy;asun;)canas;kyac;parasmE;lot;ma;xvi;BvAxi}	-	-	1	003	01	vexa	qgvexa	maNdala-1
1.1	puru-	2.1	puru-xaMsasA	puru	puru	samAsaH,1.2	samAsaH,1.2	1	003	02	vexa	qgvexa	maNdala-1
1.2	xaMsasA(karmANO)	2.2	--	xaMsas{puM;1;xvi}	xaMsas{puM;8;xvi}	viSeRaNam,4.1	viSeRaNam,4.1	1	003	02	vexa	qgvexa	maNdala-1
2.1	narA	3.1	narA	nq{puM;1;xvi}/nq{puM;2;xvi}/nara{puM;1;xvi}/nara{puM;2;xvi}/nq{puM;8;xvi}/nara{puM;8;xvi}	nq{puM;8;xvi}	viSeRaNam,4.1	viSeRaNam,4.1	1	003	02	vexa	qgvexa	maNdala-1
3.1	XiRNyA	6.1	XiRNyA	XiRNya{puM;1;xvi}/XiRNya{puM;2;xvi}/XiRNya{puM;8;xvi}	XiRNya{puM;8;xvi}	viSeRaNam,4.1	viSeRaNam,4.1	1	003	02	vexa	qgvexa	maNdala-1
4.1	aSvinA	1.1	aSvinA	aSvin{puM;1;xvi}/aSvin{puM;2;xvi}/aSvin{puM;8;xvi}	aSvin{puM;8;xvi}	samboXyaH,9.1	samboXyaH,9.1	1	003	02	vexa	qgvexa	maNdala-1
5.1	SavIrayA	4.1	SavIrayA	SavIrA{swrI;3;eka}	SavIrA{swrI;3;eka}	viSeRaNam,6.1	viSeRaNam,6.1	1	003	02	vexa	qgvexa	maNdala-1
6.1	XiyA	5.1	XiyA	XI{swrI;3;eka}	XI{swrI;3;eka}	karaNa,9.1	karaNa,9.1	1	003	02	vexa	qgvexa	maNdala-1
7.1	giraH	8.1	giraH	gir{swrI;1;bahu}/gir{swrI;2;bahu}/gir{swrI;5;eka}/gir{swrI;6;eka}/gir{swrI;8;bahu}	gir{swrI;2;bahu}	karma,9.1	karma,9.1	1	003	02	vexa	qgvexa	maNdala-1
8.1	(yuvAM)	9.1	yuvAM	yuRmax{sarvanAma;1;xvi}/yuRmax{sarvanAma;2;xvi}	yuRmax{sarvanAma;1;xvi}	karwA,9.1	karwA,9.1	1	003	02	vexa	qgvexa	maNdala-1
9.1	vanawam	7.1	vanawam	van1{karwari;lot;ma;xvi;parasmEpaxI;BvAxiH}	van1{karwari;lot;ma;xvi;parasmEpaxI;BvAxiH}	aBihiwa_karwA,8.1	-	1	003	02	vexa	qgvexa	maNdala-1
1.1	xasrA	1.1	xasrA	xasra{puM;1;xvi}/xasra{puM;2;xvi}/xasra{puM;8;xvi}	xasra{puM;8;xvi}	viSeRaNam,4.1	viSeRaNam,4.1	1	003	03	vexa	qgvexa	maNdala-1
10.1	(yuvAM)	11.1	yuvAM	yuRmax{sarvanAma;1;xvi}/yuRmax{sarvanAma;2;xvi}	yuRmax{sarvanAma;1;xvi}	karwA,11.1	karwA,11.1	1	003	03	vexa	qgvexa	maNdala-1
11.1	AyAwam	6.1	AyAwam	Af_yA1{karwari;lot;ma;xvi;parasmEpaxI;axAxiH}/Af_yA1{karwari{laf;ma;xvi;parasmEpaxI;axAxiH}/AyAwa{puM;2;eka(Af_yA1;kwa;axAxiH)}/AyAwa{napuM;1;eka(Af_yA1;kwa;axAxiH)}/AyAwa{napuM;2;eka(Af_yA1;kwa;axAxiH)}	Af_yA1{karwari;lot;ma;xvi;parasmEpaxI;axAxiH}	aBihiwa_karwA,10.1	aBihiwa_karwA,10.1	1	003	03	vexa	qgvexa	maNdala-1
2.1	nAsawyA	4.1	nAsawyA	nAsawya{puM;1;xvi}	nAsawya{puM;8;xvi}	viSeRaNam,4.1	viSeRaNam,4.1	1	003	03	vexa	qgvexa	maNdala-1
3.1	ruxra-	7.1	ruxra-varwanI	ruxra	ruxra	samAsaH,3.2	samAsaH,3.2	1	003	03	vexa	qgvexa	maNdala-1
3.2	varwanI	7.2	--	varwani{swrI;1;xvi}/varwani{swrI;2;xvi}/varwanI{swrI;1;eka}/varwani{swrI;8;xvi}/varwani{puM;8;xvi}/varwani{puM;1;xvi}/varwani{puM;2;xvi}	varwani{puM;8;xvi}	viSeRaNam,4.1	viSeRaNam,9.1#viSeRaNam,4.1#karma,10.1#karma,8.1#karma,7.1#karma,6.1#gawikarma,10.1	1	003	03	vexa	qgvexa	maNdala-1
4.1	(aSvinO)	8.1	aSvinO	aSvin{puM;1;xvi}/aSvin{puM;2;xvi}/aSvin{puM;8;xvi}	aSvin{puM;8;xvi}	samboXyaH,11.1	samboXyaH,11.1	1	003	03	vexa	qgvexa	maNdala-1
5.1	yuvAkavaH	2.1	yuvAkavaH	yuvAku{puM;1;bahu}	yuvAku{puM;1;bahu}	viSeRaNam,7.1	viSeRaNam,7.1	1	003	03	vexa	qgvexa	maNdala-1
6.1	vqkwa-	5.1	vqkwa-barhiRaH	vqkwa(vqj3;kwa;ruXAxiH)	vqkwa(vqj3;kwa;ruXAxiH)	samAsaH,6.2	samAsaH,6.2	1	003	03	vexa	qgvexa	maNdala-1
6.2	barhiRaH	5.2	--	barhis{napuM;5;eka}/barhis{napuM;6;eka}/barhis{puM;8;bahu}	vqkwabarhis{puM;1;bahu}	viSeRaNam,7.1	viSeRaNam,7.1	1	003	03	vexa	qgvexa	maNdala-1
7.1	suwAH(aBiRuwasomAH)	3.1	suwAH	suwa{puM;1;bahu}/suwa{puM;1;bahu(Ru2;kwa;axAxiH)}/suwA{swrI;1;bahu(Ru2;kwa;axAxiH)}/suwA{swrI;2;bahu(Ru2;kwa;axAxiH)}/suwa{puM;1;bahu(Ru3;kwa;svAxiH)}/suwA{swrI;1;bahu(Ru3;kwa;svAxiH)}/suwA{swrI;2;bahu(Ru3;kwa;svAxiH)}	suwa{puM;1;bahu}	karwA,9.1	karwA,9.1	1	003	03	vexa	qgvexa	maNdala-1
8.1	(wAn)	9.1	wAn	wax{sarvanAma;puM;2;bahu}	wax{sarvanAma;puM;2;bahu}	karma,9.1	karma,9.1	1	003	03	vexa	qgvexa	maNdala-1
9.1	(svIkarwuM)	10.1	(svIkarwuM)	svIkarwuM{avyayaH}	svIkarwuM{avyayaH}	prayojanam,11.1	prayojanam,11.1	1	003	03	vexa	qgvexa	maNdala-1
1.1	ciwra-	3.1	ciwra-BAno	ciwra	ciwra	samAsaH,1.2	samAsaH,1.2	1	003	04	vexa	qgvexa	maNdala-1
1.2	BAno	3.2	--	BAnu{puM;8;eka}/BAnu{napuM;8;eka}/BAnu{napuM;1;eka}/BAnu{napuM;2;eka}	BAnu{puM;8;eka}	viSeRaNam,2.1	viSeRaNam,2.1	1	003	04	vexa	qgvexa	maNdala-1
10.1	suwAH	4.1	suwAH	suwa{puM;1;bahu(Ru2;kwa;axAxiH)}	suwa{puM;1;bahu(Ru2;kwa;axAxiH)}	-	-	1	003	04	vexa	qgvexa	maNdala-1
2.1	inxra	1.1	inxra	inxra{puM;8;eka}	inxra{puM;8;eka}	samboXya,4.1	samboXya,4.1	1	003	04	vexa	qgvexa	maNdala-1
3.1	(wvaM)	10.1	wvaM	yuRmax{sarvanAma;1;eka}	yuRmax{sarvanAma;1;eka}	karwA,4.1	karwA,4.1	1	003	04	vexa	qgvexa	maNdala-1
4.1	AyAhi	2.1	AyAhi	Af_yA1{karwari;lot;ma;eka;parasmEpaxI;axAxiH}	Af_yA1{karwari;lot;ma;eka;parasmEpaxI;axAxiH}	-	-	1	003	04	vexa	qgvexa	maNdala-1
5.1	ime(somAH)	5.1	ime	ixam{sarvanAma;puM;1;bahu}/ixam{sarvanAma;napuM;1;xvi}/ixam{sarvanAma;napuM;2;xvi}/ixam{sarvanAma;swrI;1;xvi}/ixam{sarvanAma;swrI;2;xvi}	ixam{sarvanAma;puM;1;bahu}	karwA,10.1	karma,10.1	1	003	04	vexa	qgvexa	maNdala-1
6.1	aNvIBiH	7.1	aNvIBiH	aNvI{swrI;3;bahu}	aNvI{swrI;3;bahu}	karaNam,10.1	karaNam,10.1	1	003	04	vexa	qgvexa	maNdala-1
7.1	wanA	8.1	wanA	wanA{avyaya}	wanA{swrI;1;eka}	kriyAviSeRaNam,8.1	kriyAviSeRaNam,8.1	1	003	04	vexa	qgvexa	maNdala-1
8.1	pUwAsaH	9.1	pUwAsaH	pUwAs{puM;1;bahu}	pUwAs{puM;1;bahu}	viSeRaNam,5.1	viSeRaNam,5.1	1	003	04	vexa	qgvexa	maNdala-1
9.1	wvAyavaH	6.1	wvAyavaH	wvAyu{puM;1;bahu}	wvAyu{puM;1;bahu}	viSeRaNam,5.1	viSeRaNam,5.1	1	003	04	vexa	qgvexa	maNdala-1
1.1	inxra	1.1	inxra	inxra{puM;8;eka}	inxra{puM;8;eka}	samboXyaH,10.1	samboXyaH,10.1	1	003	05	vexa	qgvexa	maNdala-1
10.1	A_yAhi	2.1	A_yAhi	Af_yA1{karwari;lot;ma;eka;parasmEpaxI;axAxiH}	Af_yA1{karwari;lot;ma;eka;parasmEpaxI;axAxiH}	aBihiwa_karwA,5.1	-	1	003	05	vexa	qgvexa	maNdala-1
2.1	vipra-	5.1	vipra-jUwaH	vipra	vipra	samAsaH,2.2	samAsaH,2.2	1	003	05	vexa	qgvexa	maNdala-1
2.2	jUwaH	5.2	--	jUwa{puM;1;eka(jU;kwa;sOwra)}	jUwa{puM;1;eka(jU;kwa;sOwra)}	viSeRaNam,5.1	viSeRaNam,5.1	1	003	05	vexa	qgvexa	maNdala-1
3.1	XiyA	3.1	XiyA	XI{swrI;3;eka}	XI{swrI;3;eka}	karaNam,4.1	karaNam,4.1	1	003	05	vexa	qgvexa	maNdala-1
4.1	iRiwaH	4.1	iRiwaH	iRi{avya;wasil}/iRiwa{puM;1;eka(iR1;kwa;xivAxiH)}/iRiwa{puM;1;eka(iR2;kwa;wuxAxiH)}/iRiwa{puM;1;eka(iR4;kwa;kryAxiH)}	iRiwa{puM;1;eka(iR1;kwa;xivAxiH)}	viSeRaNam,5.1	viSeRaNam,5.1	1	003	05	vexa	qgvexa	maNdala-1
5.1	(wvaM)	10.1	wvaM	yuRmax{sarvanAma;1;eka}	yuRmax{sarvanAma;1;eka}	karwA,10.1	karwA,10.1	1	003	05	vexa	qgvexa	maNdala-1
6.1	suwAvawaH	6.1	suwAvawaH	suwAvaw{puM;6;eka}	suwAvawa{puM;6;eka}	viSeRaNam,7.1	viSeRaNam,7.1	1	003	05	vexa	qgvexa	maNdala-1
7.1	vAGawaH	9.1	vAGawaH	vAGaw{puM;6;eka}	vAGaw{puM;6;eka}	RaRTIsambanXaH,8.1	RaRTIsambanXaH,8.1	1	003	05	vexa	qgvexa	maNdala-1
8.1	brahmANi	8.1	brahmANi	brahma{napuM;1;bahu}/brahma{napuM;2;bahu}/brahman{napuM;1;bahu}/brahman{napuM;2;bahu}/brahma{napuM;8;bahu}/brahman{napuM;8;bahu}	brahma{napuM;2;bahu}	karmapravacanIya_anviwaH,10.1	karmapravacanIya_anviwaH,10.1	1	003	05	vexa	qgvexa	maNdala-1
9.1	upa	7.1	upa	upa{avya}	upa{avya}	karmapravacanIyaH,8.1	karmapravacanIyaH,8.1	1	003	05	vexa	qgvexa	maNdala-1
1.1	harivaH	6.1	harivaH	harivaw{puM;8;eka}	harivaw{puM;8;eka}	viSeRaNam,2.1	viSeRaNam,2.1	1	003	06	vexa	qgvexa	maNdala-1
10.1	canaH	10.1	canaH	canas{napuM;2;eka}	canas{napuM;2;eka}	karma,11.1	karma,11.1	1	003	06	vexa	qgvexa	maNdala-1
11.1	xaXiRva	8.1	xaXiRva	XA{karwari;lot;ma;eka;AwmanepaxI;juhowyAxiH}	XA{karwari;lot;ma;eka;AwmanepaxI;juhowyAxiH}	-	-	1	003	06	vexa	qgvexa	maNdala-1
2.1	inxra	1.1	inxra	inxra{puM;8;eka}	inxra{puM;8;eka}	samboXyaH,7.1	samboXyaH,7.1	1	003	06	vexa	qgvexa	maNdala-1
3.1	wUwujAnaH	3.1	wUwujAnaH	wUwujAnaH{wuj;lit;litaH_kAnac;1;eka;parasmEpaxI;BvAxiH}	wUwujAnaH{wuj;lit;litaH_kAnac;8;eka;parasmEpaxI;BvAxiH}	viSeRaNam,4.1	viSeRaNam,4.1	1	003	06	vexa	qgvexa	maNdala-1
4.1	(wvaM)	11.1	wvaM	yuRmax{sarvanAma;1;eka}	yuRmax{sarvanAma;1;eka}	karwA,7.1;karwA,11.1	karwA,7.1	1	003	06	vexa	qgvexa	maNdala-1
5.1	brahmANi	5.1	brahmANi	brahma{napuM;1;bahu}/brahma{napuM;2;bahu}/brahman{napuM;1;bahu}/brahman{napuM;2;bahu}/brahma{napuM;8;bahu}/brahman{napuM;8;bahu}	brahma{napuM;2;bahu}	karmapravacanIya_anviwaH,7.1	karmapravacanIya_anviwaH,7.1	1	003	06	vexa	qgvexa	maNdala-1
6.1	upa	4.1	upa	upa{avyaya}	upa{avyaya}	karmapravacanIyaH,5.1	karmapravacanIyaH,5.1	1	003	06	vexa	qgvexa	maNdala-1
7.1	A_yAhi	2.1	A_yAhi	Af_yA1{karwari;lot;ma;eka;parasmEpaxI;axAxiH}	Af_yA1{karwari;lot;ma;eka;parasmEpaxI;axAxiH}	-	-	1	003	06	vexa	qgvexa	maNdala-1
8.1	suwe	7.1	suwe	suwi{swrI;8;eka}/suwa{puM;7;eka}	suwi{swrI;7;eka}	aXikaraNam,11.1	aXikaraNam,11.1	1	003	06	vexa	qgvexa	maNdala-1
9.1	naH	9.1	naH	asmax{sarvanAma;2;bahu}/asmax{sarvanAma;6;bahu}/asmax{sarvanAma;4;bahu}/nq{puM;8;eka}	asmax{sarvanAma;6;bahu}	RaRTIsambanXaH,10.1	RaRTIsambanXaH,10.1	1	003	06	vexa	qgvexa	maNdala-1
1.1	omAsaH	1.1	omAsaH	oma{puM;1;bahu}/oma{puM;8;bahu}	oma{puM;8;bahu}	viSeRaNam,5.1	viSeRaNam,5.1	1	003	07	vexa	qgvexa	maNdala-1
2.1	carRaNI-	2.1	carRaNI-XqwaH	carRaNI	carRaNI	samAsaH,2.2	samAsaH,2.2	1	003	07	vexa	qgvexa	maNdala-1
2.2	XqwaH	2.2	--	Xqw{puM;1;bahu(Xq;kvip;BvAxiH)}/Xqw{puM;8;bahu	Xqw{puM;8;bahu(Xq;kvip;BvAxiH)}	viSeRaNam,5.1	viSeRaNam,5.1	1	003	07	vexa	qgvexa	maNdala-1
3.1	xASvAMsaH	6.1	xASvAMsaH	xASvas{puM;1;bahu}/xASvas{puM;8;bahu}	xASvas{puM;8;bahu}	viSeRaNam,5.1	viSeRaNam,5.1	1	003	07	vexa	qgvexa	maNdala-1
4.1	viSve	3.1	viSve	viSva{sarvanAma;puM;1;bahu}/viSva{sarvanAma;napuM;1;xvi}/viSva{sarvanAma;napuM;2;xvi}/viSva{puM;7;eka}/viSva{napuM;7;eka}	viSva{sarvanAma;puM;1;bahu}	upAXiH,5.1	upAXiH,5.1	1	003	07	vexa	qgvexa	maNdala-1
5.1	xevAsaH	4.1	xevAsaH	xevAs{puM;1;bahu}/xeva{puM;1;bahu}/xeva{puM;8;bahu}	xeva{puM;8;bahu}	samboXya,9.1	samboXya,9.1	1	003	07	vexa	qgvexa	maNdala-1
6.1	xASuRaH	7.1	xASuRaH	xASvas{puM;6;bahu}	xASvas{puM;6;bahu}	RaRTIsambanXaH,7.1	RaRTIsambanXaH,7.1	1	003	07	vexa	qgvexa	maNdala-1
7.1	suwam	8.1	suwam	Ru2{suwa{puM;2;eka}/suwa{napuM;1;eka}/suwa{napuM;2;eka}	suwa{puM;2;eka(su;kwa)}	karma,9.1	karma,9.1	1	003	07	vexa	qgvexa	maNdala-1
8.1	(yUyaM)	9.1	yUyaM	yuRmax{puM;pra;3}/yuRmax{puM;1;bahu}	yuRmax{puM;1;bahu}	karwA,9.1	karwA,9.1	1	003	07	vexa	qgvexa	maNdala-1
9.1	Agawa	5.1	Agawa	gam{karwAri;lot;ma;bahu;(Af_gam1;BvAxiH)}	gam{karwAri;lot;ma;bahu;(Af_gam1;BvAxiH)}	-	-	1	003	07	vexa	qgvexa	maNdala-1
1.1	apwuraH	3.1	apwuraH	apwur{swrI;1;bahu}	apwur{swrI;8;bahu}	viSeRaNam,4.1	viSeRaNam,4.1	1	003	08	vexa	qgvexa	maNdala-1
10.1	Aganwa(AgacCawa)	5.1	Aganwa	Af_gam1{karwari;lot;ma;bahu;parasmEpaxI;BvAxiH}/Af_gam1{karwari{laf;ma;bahu;parasmEpaxI;BvAxiH}	Af_gam1{karwari;lot;ma;bahu;parasmEpaxI;BvAxiH}	aBihiwa_karwA,5.1;sakarmaka	-	1	003	08	vexa	qgvexa	maNdala-1
2.1	wUrNayaH	6.1	wUrNayaH	wUrNi{swrI;1;bahu}	wUrNi{swrI;8;bahu}	viSeRaNam,4.1	viSeRaNam,4.1	1	003	08	vexa	qgvexa	maNdala-1
3.1	viSve	1.1	viSve	viSva{sarvanAma;puM;1;bahu}/viSva{sarvanAma;napuM;1;xvi}/viSva{sarvanAma;napuM;2;xvi}/viSva{puM;7;eka}/viSva{napuM;7;eka}	viSva{sarvanAma;puM;1;bahu}	upAXiH,4.1	upAXiH,4.1	1	003	08	vexa	qgvexa	maNdala-1
4.1	xevAsaH	2.1	xevAsaH	xevAs{puM;1;bahu}	xevAs{puM;8;bahu}	samboXyaH,10.1	samboXyaH,10.1	1	003	08	vexa	qgvexa	maNdala-1
5.1	usrAH	7.1	usrAH	usra{puM;1;bahu}/usra{puM;8;bahu}	usra{puM;1;bahu}	upamAnam,7.1	upamAnam,7.1	1	003	08	vexa	qgvexa	maNdala-1
6.1	iva	8.1	iva	iva{avya}	iva{avya}	upamAna_xyowakaH,5.1	upamAna_xyowakaH,5.1	1	003	08	vexa	qgvexa	maNdala-1
7.1	(yUyaM)	10.1	yUyaM	yuRmax{sarvanAma;1;bahu}	yuRmax{sarvanAma;1;bahu}	karwA,10.1	karwA,10.1	1	003	08	vexa	qgvexa	maNdala-1
8.1	svasarANi	9.1	svasarANi	svasara{napuM;1;bahu}/svasara{napuM;2;bahu}	svasara{napuM;2;bahu}	upamAnam,9.1	upamAnam,9.1	1	003	08	vexa	qgvexa	maNdala-1
9.1	suwaM	4.1	suwaM	Ru2{karwari;lot;ma;xvi;parasmEpaxI;axAxiH}/suwa{puM;2;eka}/suwa{napuM;1;eka}/suwa{napuM;2;eka}	suwa{puM;2;eka}	karma,10.1	karma,10.1	1	003	08	vexa	qgvexa	maNdala-1
1.1	viSve	1.1	viSve	viSva{sarvanAma;puM;1;bahu}/viSva{sarvanAma;napuM;1;xvi}/viSva{sarvanAma;napuM;2;xvi}/viSva{puM;7;eka}/viSva{napuM;7;eka}	viSva{sarvanAma;puM;1;bahu}	upAXiH,6.1	upAXiH,6.1	1	003	09	vexa	qgvexa	maNdala-1
2.1	ehi-	4.1	ehi-mAyAsaH	ehi	ehi	samAsaH,2.2	samAsaH,2.2	1	003	09	vexa	qgvexa	maNdala-1
2.2	mAyAsaH	4.2	--	mAyA{swrI;1;bahu}	mAyA{swrI;1;bahu}	viSeRaNam,6.1	viSeRaNam,6.1	1	003	09	vexa	qgvexa	maNdala-1
3.1	a-	3.1	a-sriXaH	a	a	samAsaH,3.2	samAsaH,3.2	1	003	09	vexa	qgvexa	maNdala-1
3.2	sriXaH	3.2	--	sriX{swrI;1;bahu}/sriX{swrI;2;bahu}/sriX{swrI;5;eka}/sriX{swrI;6;eka}	sriX{swrI;1;bahu(sriX;BAve_kvip)}	viSeRaNam,6.1	RaRTIsambanXaH,6.1	1	003	09	vexa	qgvexa	maNdala-1
4.1	a-	5.1	a-xruhaH	a	a	samAsaH,4.2	samAsaH,4.2	1	003	09	vexa	qgvexa	maNdala-1
4.2	xruhaH	5.2	--	xruh{puM;1;bahu}	xruh{puM;1;bahu}	viSeRaNam,6.1	viSeRaNam,6.1	1	003	09	vexa	qgvexa	maNdala-1
5.1	vahnayaH	8.1	vahnayaH	vahni{puM;1;bahu}/vahni{puM;8;bahu}	vahni{puM;1;bahu}	viSeRaNam,6.1	viSeRaNam,6.1	1	003	09	vexa	qgvexa	maNdala-1
6.1	xevAsaH	2.1	xevAsaH	xevAs{puM;1;bahu}	xevAs{puM;1;bahu}	karwA,8.1	karwA,8.1	1	003	09	vexa	qgvexa	maNdala-1
7.1	meXaM	6.1	meXaM	meXa{puM;2;eka}	meXa{puM;2;eka}	karma,8.1	karma,8.1	1	003	09	vexa	qgvexa	maNdala-1
8.1	juRanwa	7.1	juRanwa	juR1{karwari;laf;pra;bahu;AwmanepaxI;wuxAxiH}	juR1{karwari;laf;pra;bahu;AwmanepaxI;wuxAxiH}	-	-	1	003	09	vexa	qgvexa	maNdala-1
1.1	pAvakA	1.1	pAvakA	pAvakA{swrI;1;eka}	pAvakA{swrI;1;eka}	viSeRaNam,4.1	viSeRaNam,4.1	1	003	10	vexa	qgvexa	maNdala-1
2.1	vAjinIvawI	5.1	vAjinIvawI	vAjinIvawI{swrI;1;eka}	vAjinIvawI{swrI;1;eka}	viSeRaNam,4.1	viSeRaNam,4.1	1	003	10	vexa	qgvexa	maNdala-1
3.1	XiyA-	8.1	XiyA-vasuH	XiyA	XiyA	samAsaH,3.2	samAsaH,3.2	1	003	10	vexa	qgvexa	maNdala-1
3.2	vasuH	8.2	--	vasu{swrI;1;eka}	vasu{swrI;1;eka}	viSeRaNam,4.1	viSeRaNam,4.1	1	003	10	vexa	qgvexa	maNdala-1
4.1	sarasvawI	3.1	sarasvawI	sarasvawI{swrI;1;eka}/saras{mawup;swrI;1;eka}	sarasvawI{swrI;1;eka}	karwA,8.1	karwA,8.1	1	003	10	vexa	qgvexa	maNdala-1
5.1	vAjeBiH	4.1	vAjeBiH	vAja{puM;3;bahu}	vAja{puM;3;bahu}	karaNa,8.1	karaNa,8.1	1	003	10	vexa	qgvexa	maNdala-1
6.1	naH	2.1	naH	asmax{sarvanAma;2;bahu}/asmax{sarvanAma;6;bahu}/asmax{sarvanAma;4;bahu}/nq{puM;8;eka}	asmax{sarvanAma;6;bahu}	RaRTIsambanXaH,7.1	RaRTIsambanXaH,7.1	1	003	10	vexa	qgvexa	maNdala-1
7.1	yajFaM	6.1	yajFaM	yajFa{puM;2;eka}	yajFa{puM;2;eka}	karma,8.1	karma,8.1	1	003	10	vexa	qgvexa	maNdala-1
8.1	vaRtu	7.1	vaRtu	vaS1{karwari;lot;pra;eka;parasmEpaxI;axAxiH}	vaS1{karwari;lot;pra;eka;parasmEpaxI;axAxiH}	aBihiwa_karwA,1.1;sakarmaka	-	1	003	10	vexa	qgvexa	maNdala-1
1.1	sUn-	2.1	sUn-qwAnAM	sUn	sUn	samAsaH,1.2	samAsaH,1.2	1	003	11	vexa	qgvexa	maNdala-1
1.2	qwAnAM	2.2	--	qwa{napuM;6;bahu}/qwa{puM;6;bahu(q1;kwa;BvAxiH)}/qwa{napuM;6;bahu(q1;kwa;BvAxiH)}/qwA{swrI;6;bahu(q1;kwa;BvAxiH)}/qwa{puM;6;bahu(q2;kwa;juhowyAxiH)}/qwa{napuM;6;bahu(q2;kwa;juhowyAxiH)}/qwA{swrI;6;bahu(q2;kwa;juhowyAxiH)}	qwa{napuM;6;bahu}	RaRTIsambanXaH,2.1	RaRTIsambanXaH,2.1	1	003	11	vexa	qgvexa	maNdala-1
2.1	coxayiwrI	1.1	coxayiwrI	coxayiwq{swrI;1;eka(cux1;wqc;curAxiH)}	coxayiwq{swrI;1;eka(cux1;wqc;curAxiH)}	viSeRaNam,5.1	viSeRaNam,5.1	1	003	11	vexa	qgvexa	maNdala-1
3.1	su-	4.1	su-mawInAM	su	su	samAsaH,3.2	samAsaH,3.2	1	003	11	vexa	qgvexa	maNdala-1
3.2	mawInAM	4.2	--	mawi{swrI;6;bahu}/mawi{puM;6;bahu}/mawi{napuM;6;bahu}	mawi{swrI;6;bahu}	RaRTIsambanXaH,4.1	RaRTIsambanXaH,4.1	1	003	11	vexa	qgvexa	maNdala-1
4.1	cewanwI	3.1	cewanwI	wanwI{swrI;1;eka(ciw;Sawq_lat;fIp;BvAxiH)}	cewanwI{swrI;1;eka(ciw;Sawq_lat;fIp;BvAxiH)}	viSeRaNam,5.1	viSeRaNam,5.1	1	003	11	vexa	qgvexa	maNdala-1
5.1	sarasvawI	7.1	sarasvawI	sarasvawI{swrI;1;eka}/saras{mawup;swrI;1;eka}	sarasvawI{swrI;1;eka}	karwA,7.1	karwA,7.1	1	003	11	vexa	qgvexa	maNdala-1
6.1	yajFaM	5.1	yajFaM	yajFa{puM;2;eka}	yajFa{puM;2;eka}	karma,7.1	karma,7.1	1	003	11	vexa	qgvexa	maNdala-1
7.1	xaXe	6.1	xaXe	XA1{karwari;lat;u;eka;AwmanepaxI;juhowyAxiH}/XA1{karwari;lit;pra;eka;AwmanepaxI;juhowyAxiH}/XA1{karwari;lit;u;eka;AwmanepaxI;juhowyAxiH}/XA1{karmaNi;lit;pra;eka;AwmanepaxI;juhowyAxiH}/XA1{karmaNi;lit;u;eka;AwmanepaxI;juhowyAxiH}/Xe1{karmaNi;lit;pra;eka;AwmanepaxI;BvAxiH}/Xe1{karmaNi;lit;u;eka;AwmanepaxI;BvAxiH}/xaXi{napuM;8;eka}	XA1{karwari;lit;pra;eka;AwmanepaxI;juhowyAxiH}	aBihiwa_karwA,5.1;sakarmaka	-	1	003	11	vexa	qgvexa	maNdala-1
1.1	sarasvawI	3.1	sarasvawI	sarasvawI{swrI;1;eka}/saras{mawup;swrI;1;eka}	sarasvawI{swrI;1;eka}	karwA,5.1;karwA,8.1	karwA,5.1;karwA,8.1	1	003	12	vexa	qgvexa	maNdala-1
2.1	kewunA(prajFayA)	5.1	kewunA	kewu{puM;3;eka}	kewu{puM;3;eka}	karaNam,5.1	karaNam,5.1	1	003	12	vexa	qgvexa	maNdala-1
3.1	mahaH	1.1	mahaH	mahaw{napuM;2;eka}	mahaw{napuM;2;eka}	viSeRaNam,4.1	viSeRaNam,4.1	1	003	12	vexa	qgvexa	maNdala-1
4.1	arNaH	2.1	arNaH	arNas{napuM;2;eka}	arNa{napuM;2;eka}	karma,5.1	karma,5.1	1	003	12	vexa	qgvexa	maNdala-1
5.1	pra_cewayawi	4.1	pra_cewayawi	pra_ciw{karwari;Nic;lat;pra;eka;parasmEpaxI;BvAxiH}	pra_ciw{karwari;Nic;lat;pra;eka;parasmEpaxI;BvAxiH}	-	-	1	003	12	vexa	qgvexa	maNdala-1
6.1	viSvAH	7.1	viSvAH	viSva{puM;1;bahu}/viSva{puM;8;bahu}	viSva{swrI;2;bahu}	viSeRaNam,7.1	viSeRaNam,7.1	1	003	12	vexa	qgvexa	maNdala-1
7.1	XiyaH	6.1	XiyaH	XI{swrI;1;bahu}/XI{swrI;6;eka}/XI{swrI;5;eka}/XI{swrI;2;bahu}	XI{swrI;2;bahu}	karma,8.1	karma,8.1	1	003	12	vexa	qgvexa	maNdala-1
8.1	virAjawi	8.1	virAjawi	vi_rAj1{karwari;lat;pra;eka;parasmEpaxI;BvAxiH}	vi_rAj1{karwari;lat;pra;eka;parasmEpaxI;BvAxiH}	-	-	1	003	12	vexa	qgvexa	maNdala-1
1.1	su-	1.1	su-rUpa-kqwnum	su	su	samAsaH,1.2	samAsaH,1.2	1	004	01	vexa	qgvexa	maNdala-1
1.2	rUpa-	1.2	--	rUpa-	rUpa-	samAsaH,1.3	samAsaH,1.3	1	004	01	vexa	qgvexa	maNdala-1
1.3	kqwnum	1.3	--	kqwnu{puM;2;eka}	kqwnu{puM;2;eka}	viSeRaNam,2.1	viSeRaNam,2.1	1	004	01	vexa	qgvexa	maNdala-1
2.1	(inxram)	8.1	inxram	inxra{puM;2;eka}	inxra{puM;2;eka}	karma,9.1	karma,9.1	1	004	01	vexa	qgvexa	maNdala-1
3.1	su-	3.1	su-xuGAm	su	su	samAsaH,3.2	samAsaH,3.2	1	004	01	vexa	qgvexa	maNdala-1
3.2	xuGAm	3.2	--	xuGA{swrI;2;eka}	xuGA{swrI;2;eka}	upamAnam,2.1	upamAna,2.1	1	004	01	vexa	qgvexa	maNdala-1
4.1	iva	4.1	iva	iva{avya}	iva{avya}	upamAna_xyowakaH,3.2	upamAna_xyowakaH,3.2	1	004	01	vexa	qgvexa	maNdala-1
5.1	go-	5.1	go-xuhe	go	go	samAsaH,5.2	samAsaH,7.2	1	004	01	vexa	qgvexa	maNdala-1
5.2	xuhe	5.2	--	xuh2{karwari;lat;u;eka;AwmanepaxI;axAxiH}/xuha{napuM;8;xvi}/xuha{napuM;1;xvi}/xuha{napuM;2;xvi}/xuha{napuM;7;eka}/xuhA{swrI;8;eka}/xuhA{swrI;8;xvi}/xuhA{swrI;1;xvi}/xuhA{swrI;2;xvi}/xuh{puM;4;eka}/goxuha{napuM;7;eka}	goxuh{puM;4;eka}	upamAnam,6.1	upamAnam,6.1	1	004	01	vexa	qgvexa	maNdala-1
6.1	Uwaye	2.1	Uwaye	Uwi{swrI;4;eka}	Uwi{swrI;4;eka}	prayojanam,9.1	prayojanam,9.1	1	004	01	vexa	qgvexa	maNdala-1
7.1	xyavi-	7.1	xyavi-xyavi	xyavi	xyavi	vIpsA,7.2	vIpsA,7.2	1	004	01	vexa	qgvexa	maNdala-1
7.2	xyavi	7.2	--	xyo{swrI;7;eka}	xyo{swrI;7;eka}	aXikaraNam,9.1	aXikaraNam,9.1	1	004	01	vexa	qgvexa	maNdala-1
8.1	(vayaM)	9.1	vayaM	asmax{sarvanAma;1;bahu}	asmax{sarvanAma;1;bahu}	karwA,9.1	karwA,9.1	1	004	01	vexa	qgvexa	maNdala-1
9.1	juhUmasi	6.1	juhUmasi	hve1{karwari;lat;u;bahu;parasmEpaxI;BvAxiH}	hve1{karwari;lat;u;bahu;parasmEpaxI;BvAxiH}	aBihiwa_karwA,5.1	-	1	004	01	vexa	qgvexa	maNdala-1
1.1	soma-	5.1	soma-pA	soma}/soman	soma	samAsaH,1.2	samAsaH,1.2	1	004	02	vexa	qgvexa	maNdala-1
1.2	pAH	5.2	--	pA{swrI;1;eka}	pA{puM;8;eka}	samboXyaH,10.1	samboXyaH,10.1	1	004	02	vexa	qgvexa	maNdala-1
10.1	upa_A_gahi	3.1	upa_A_gahi	upa_A_gam{karwari;lot;ma;eka;parasmEpaxI;BvAxiH	upa_A_gam{karwari;lot;ma;eka;parasmEpaxI;BvAxiH	-	-	1	004	02	vexa	qgvexa	maNdala-1
11.1	somasya	4.1	somasya	soma{puM;6;eka}	soma{puM;6;eka}	karma,12.1	karma,12.1	1	004	02	vexa	qgvexa	maNdala-1
12.1	piba	6.1	piba	pA1{karwari;lot;ma;eka;parasmEpaxI;BvAxiH}	pA1{karwari;lot;ma;eka;parasmEpaxI;BvAxiH}	-	-	1	004	02	vexa	qgvexa	maNdala-1
2.1	revawaH	9.1	revawaH	revawa{puM;6;eka}	revawa{puM;6;eka}	RaRTIsambanXaH,3.1	RaRTIsambanXaH,3.1	1	004	02	vexa	qgvexa	maNdala-1
3.1	maxaH	10.1	maxaH	maxa{puM;1;eka}	maxa{puM;1;eka}	karwA,6.1	karwA,6.1	1	004	02	vexa	qgvexa	maNdala-1
4.1	go-	7.1	go-xA	go	go	samAsaH,4.2	samAsaH,4.2	1	004	02	vexa	qgvexa	maNdala-1
4.2	xAH	7.2	--	xA{swrI;1;eka}	xA{swrI;1;eka}	viXeya_viSeRaNam,3.1	viXeya_viSeRaNam,3.1	1	004	02	vexa	qgvexa	maNdala-1
5.1	iw(eva)	8.1	iw	iw{avyaya}	iw{avyaya}	sambanXaH,4.2	sambanXaH,4.2	1	004	02	vexa	qgvexa	maNdala-1
6.1	(aswi)	11.1	aswi	as{karwari;lat;pra;eka;parasmEpaxI;axAxiH}	as{karwari;lat;pra;eka;parasmEpaxI;axAxiH}	-	-	1	004	02	vexa	qgvexa	maNdala-1
7.1	(wvaM)	12.1	wvaM	yuRmax{sarvanAma;1;eka}	yuRmax{sarvanAma;1;eka}	karwA,10.1;karwA,12.1	karwA,10.1;karwA,12.1	1	004	02	vexa	qgvexa	maNdala-1
8.1	naH	1.1	naH	asmax{sarvanAma;2;bahu}/asmax{sarvanAma;6;bahu}/asmax{sarvanAma;4;bahu}/nq{puM;8;eka}	asmax{sarvanAma;6;bahu}	RaRTIsambanXaH,9.1	RaRTIsambanXaH,9.1	1	004	02	vexa	qgvexa	maNdala-1
9.1	savanA(savanAni)	2.1	savanA	savanA{swrI;2;bahu}	savanA{swrI;2;bahu}	karma,10.1	karma,10.1	1	004	02	vexa	qgvexa	maNdala-1
1.1	aWA	1.1	aWA	aWa{avya}	aWa{avya}	sambanXaH,6.1	sambanXaH,6.1	1	004	03	vexa	qgvexa	maNdala-1
10.1	KyaH	9.1	KyaH	KyA1{karwari;luf;ma;eka;parasmEpaxI;axAxiH}/cakR1{karwari;luf;ma;eka;parasmEpaxI;axAxiH}	KyA1{karwari;luf;ma;eka;parasmEpaxI;axAxiH}	-	-	1	004	03	vexa	qgvexa	maNdala-1
11.1	(wvaM)	12.1	wvaM	yuRmax{sarvanAma;1;eka}	yuRmax{sarvanAma;1;eka}	karwA,12.1;karwA,10.1	karwA,12.1;karwA,10.1	1	004	03	vexa	qgvexa	maNdala-1
12.1	Agahi	10.1	Agahi	A_gam{karwari;lot;ma;eka;parasmEpaxI;BvAxiH}	A_gam{karwari;lot;ma;eka;parasmEpaxI;BvAxiH}	-	-	1	004	03	vexa	qgvexa	maNdala-1
2.1	we	2.1	we	wax{sarvanAma;puM;1;bahu}/wax{sarvanAma;napuM;1;xvi}/wax{sarvanAma;napuM;2;xvi}/wax{sarvanAma;swrI;1;xvi}/wax{sarvanAma;swrI;2;xvi}/yuRmax{sarvanAma;6;eka}/yuRmax{sarvanAma;4;eka}	yuRmax{sarvanAma;6;eka}	viSeRaNam,3.1	viSeRaNam,3.1	1	004	03	vexa	qgvexa	maNdala-1
3.1	anwamAnAm	3.1	anwamAnAm	anwama{puM;6;bahu}	anwama{puM;6;bahu}	viSeRaNam,4.2	viSeRaNam,4.2	1	004	03	vexa	qgvexa	maNdala-1
4.1	su-	5.1	su-mawInAM	su	su	samAsaH,4.2	samAsaH,4.2	1	004	03	vexa	qgvexa	maNdala-1
4.2	mawInAM	5.2	--	mawi{swrI;6;bahu}/mawi{puM;6;bahu}/mawi{napuM;6;bahu}	mawi{puM;6;bahu}	nirXAraNa_RaRTI,5.1	RaRTIsambanXaH,5.1	1	004	03	vexa	qgvexa	maNdala-1
5.1	(vayaM)	11.1	vayaM	asmax{sarvanAma;1;bahu}	asmax{sarvanAma;1;bahu}	karwA,6.1	karwA,6.1	1	004	03	vexa	qgvexa	maNdala-1
6.1	vixyAma	4.1	vixyAma	vix1{karwari;viXilif;u;bahu;parasmEpaxI;axAxiH}	vix1{karwari;viXilif;u;bahu;parasmEpaxI;axAxiH}	aBihiwa_karwA,5.1;sakarmaka	-	1	004	03	vexa	qgvexa	maNdala-1
7.1	naH	7.1	naH	asmax{sarvanAma;2;bahu}/asmax{sarvanAma;6;bahu}/asmax{sarvanAma;4;bahu}/nq{puM;8;eka}	asmax{sarvanAma;2;bahu}	karmapravacanIya_anviwaH,10.1	karmapravacanIya_anviwaH,10.1	1	004	03	vexa	qgvexa	maNdala-1
8.1	awi	8.1	awi	awi{avya}	awi{avya}	karmapravacanIyaH,7.1	karmapravacanIyaH,7.1	1	004	03	vexa	qgvexa	maNdala-1
9.1	mA	6.1	mA	mA{avya}	mA{avya}	prawiReXaH,10.1	prawiReXaH,10.1	1	004	03	vexa	qgvexa	maNdala-1
1.1	yaH	7.1	yaH	yax{sarvanAma;puM;1;eka}	yax{sarvanAma;puM;1;eka}	karwA,6.1;niwya_sambanXaH1,7.1	karwA,6.1;niwya_sambanXaH1,7.1	1	004	04	vexa	qgvexa	maNdala-1
10.1	vipaSciwaM	6.1	vipaSciwaM	vipaSciw{puM;2;eka}	vipaSciw{puM;2;eka}	viSeRaNam,11.1	viSeRaNam,11.1	1	004	04	vexa	qgvexa	maNdala-1
11.1	inxraM	4.1	inxraM	inxra{puM;2;eka}	inxra{puM;2;eka}	karma,13.1	karma,13.1	1	004	04	vexa	qgvexa	maNdala-1
12.1	(wvaM)	14.1	wvaM	yuRmax{sarvanAma;1;eka}	yuRmax{sarvanAma;1;eka}	karwA,14.1;karwA,13.1	karwA,15.1#karwA,13.1	1	004	04	vexa	qgvexa	maNdala-1
13.1	pqcCA(pqcCa)	5.0	pqcCA	praC1{karwari;lot;ma;eka;parasmEpaxI;wuxAxiH}	praC1{karwari;lot;ma;eka;parasmEpaxI;wuxAxiH}	-	samucciwaH,13.1	1	004	04	vexa	qgvexa	maNdala-1
14.1	parA_ihi(parehi)	1.1	parA_ihi	parA_i1{karwari;lot;ma;eka;parasmEpaxI;axAxiH}	parA_i1{karwari;lot;ma;eka;parasmEpaxI;axAxiH}	-	-	1	004	04	vexa	qgvexa	maNdala-1
2.1	we	8.1	we	wax{sarvanAma;puM;1;bahu}/wax{sarvanAma;napuM;1;xvi}/wax{sarvanAma;napuM;2;xvi}/wax{sarvanAma;swrI;1;xvi}/wax{sarvanAma;swrI;2;xvi}/yuRmax{sarvanAma;6;eka}/yuRmax{sarvanAma;4;eka}	yuRmax{sarvanAma;6;eka}	RaRTIsambanXaH,3.1	RaRTIsambanXaH,3.1	1	004	04	vexa	qgvexa	maNdala-1
3.1	saKiByaH	9.1	saKiByaH	saKi{puM;4;bahu}/saKi{puM;5;bahu}	saKi{puM;4;bahu}	sampraxAnam,6.1	sampraxAna,6.1	1	004	04	vexa	qgvexa	maNdala-1
4.1	A	10.1	A	A{upasargaH}	A{upasargaH}	kriyAviSeRaNam,6.1	kriyAviSeRaNam,6.1	1	004	04	vexa	qgvexa	maNdala-1
5.1	varam	11.1	varam	varam{avya}/vara{puM;2;eka}/vara{napuM;1;eka}/vara{napuM;2;eka}	vara{puM;2;eka}	karma,6.1	karma,6.1	1	004	04	vexa	qgvexa	maNdala-1
6.1	(prayacCawi)	12.1	prayacCawi	pra_yam2{karwari;lat;pra;eka;parasmEpaxI;BvAxiH}	pra_yam2{karwari;lat;pra;eka;parasmEpaxI;BvAxiH}	aBihiwa_karwA,1.1;sakarmaka	-	1	004	04	vexa	qgvexa	maNdala-1
7.1	(waM)	13.1	waM	wax{sarvanAma;puM;2;eka}	wax{sarvanAma;puM;2;eka}	viSeRaNam,11.1	viSeRaNam,11.1	1	004	04	vexa	qgvexa	maNdala-1
8.1	vigraM(meXAvinaM)	2.1	vigraM	vigra{puM;2;eka}	vigra{puM;2;eka}	viSeRaNam,11.1	viSeRaNam,11.1	1	004	04	vexa	qgvexa	maNdala-1
9.1	a-	3.1	a-swqwam	a	a	samAsaH,9.2	samAsaH,9.2	1	004	04	vexa	qgvexa	maNdala-1
9.2	swqwam	3.2	--	swqwa{puM;2;eka(swq1;kwa;svAxiH)}/swqwa{napuM;1;eka(swq1;kwa;svAxiH)}/swqwa{napuM;2;eka(swq1;kwa;svAxiH)}	swqwa{puM;2;eka(swq1;kwa;svAxiH)}	viSeRaNam,11.1	viSeRaNam,11.1	1	004	04	vexa	qgvexa	maNdala-1
1.1	inxre	9.1	inxre	inxra{puM;7;eka}	inxra{puM;7;eka}	nimiwwasapwamI,3.1	nimiwwasapwamI,3.1	1	004	05	vexa	qgvexa	maNdala-1
11.1	nixaH	4.1	nixaH	nix{swrI;1;bahu}/nix{swrI;2;bahu}/nix{swrI;5;eka}/nix{swrI;6;eka}	nix{swrI;8;bahu}	samboXyaH,15.1	samboXyaH,15.1	1	004	05	vexa	qgvexa	maNdala-1
12.1	(iwaH)	14.1	iwaH	iwa{avya}	iwa{avya}	apAxAnam,15.1	apAxAnam,15.1	1	004	05	vexa	qgvexa	maNdala-1
13.1	anyawaH	5.1	anyawaH	anyawas{avya}	anyawas{avya}	samucciwaH,12.1	samucciwaH,12.1	1	004	05	vexa	qgvexa	maNdala-1
14.1	ciw(api)	6.1	ciw	ciw{avya}	ciw{avya}	sambanXaH,13.1	sambanXaH,13.1	1	004	05	vexa	qgvexa	maNdala-1
15.1	nir_Arawa	7.1	nir_Arawa	nir_q2{karwari;luf;ma;bahu;parasmEpaxI;juhowyAxiH}	nir_q2{karwari;luf;ma;bahu;parasmEpaxI;juhowyAxiH}	-	-	1	004	05	vexa	qgvexa	maNdala-1
2.1	xuvaH	11.1	xuvaH	xu{puM;2;bahu}	xu{puM;2;bahu}	karma,3.1	karma,3.1	1	004	05	vexa	qgvexa	maNdala-1
3.1	xaXAnAH	8.1	xaXAnAH	xaXAna{puM;1;bahu(XA1;SAnac_lat;karwari;juhowyAxiH)}/xaXAnA{swrI;1;bahu(XA1;SAnac_lat;karwari;juhowyAxiH)}/xaXAnA{swrI;2;bahu(XA1;SAnac_lat;karwari;juhowyAxiH)}	xaXAnA{puM;1;bahu(XA1;SAnac_lat;karwari;juhowyAxiH)}	viSeRaNam,5.1	viSeRaNam,5.1	1	004	05	vexa	qgvexa	maNdala-1
4.1	iw	10.1	iw	iw{avya}	iw{avya}	sambanXaH,3.1	sambanXaH,3.1	1	004	05	vexa	qgvexa	maNdala-1
5.1	(we)	12.1	we	wax{sarvanAma;puM;1;bahu}/wax{sarvanAma;napuM;1;xvi}/wax{sarvanAma;napuM;2;xvi}/wax{sarvanAma;swrI;1;xvi}/wax{sarvanAma;swrI;2;xvi}/yuRmax{sarvanAma;6;eka}/yuRmax{sarvanAma;4;eka}	wax{sarvanAma;puM;1;bahu}	karwA,8.1	karwA,8.1	1	004	05	vexa	qgvexa	maNdala-1
6.1	naH	3.1	naH	asmax{sarvanAma;2;bahu}/asmax{sarvanAma;6;bahu}/asmax{sarvanAma;4;bahu}/nq{puM;8;eka}	asmax{sarvanAma;6;bahu}	RaRTIsambanXaH,7.1	RaRTIsambanXaH,7.1	1	004	05	vexa	qgvexa	maNdala-1
7.1	(inxraM)	13.1	inxraM	inxra{puM;2;eka}	inxra{puM;2;eka}	karma,8.1	karma,8.1	1	004	05	vexa	qgvexa	maNdala-1
8.1	bruvanwu	2.1	bruvanwu	brU1{karwari;lot;pra;bahu;parasmEpaxI;axAxiH}	brU1{karwari;lot;pra;bahu;parasmEpaxI;axAxiH}	aBihiwa_karwA,5.1;sakarmaka	aBihiwa_karwA,5.1;sakarmaka	1	004	05	vexa	qgvexa	maNdala-1
9.1	uwa	1.1	uwa	uwa{avya}	uwa{avya}	sambanXaH,15.1	sambanXaH,15.1	1	004	05	vexa	qgvexa	maNdala-1
1.1	xasma	6.1	xasma	xasma{puM;8;eka}	xasma{puM;8;eka}	samboXyaH,7.1	samboXyaH,7.1	1	004	06	vexa	qgvexa	maNdala-1
10.1	(vayaM)	12.1	vayaM	asmax{sarvanAma;1;bahu}	asmax{sarvanAma;1;bahu}	karwA,11.1	karwA,11.1	1	004	06	vexa	qgvexa	maNdala-1
11.1	syAma	8.1	syAma	as2{karwari;viXilif;u;bahu;parasmEpaxI;axAxiH}/Ro1{karwari;lot;u;bahu;parasmEpaxI;xivAxiH}	as2{karwari;viXilif;u;bahu;parasmEpaxI;axAxiH}	aBihiwa_karwA,10.1;sakarmaka	-	1	004	06	vexa	qgvexa	maNdala-1
12.1	iw(eva)	9.1	iw	iw{avya}	iw{avya}	sambanXaH,11.1	sambanXaH,11.1	1	004	06	vexa	qgvexa	maNdala-1
2.1	kqRtayaH	7.1	kqRtayaH	kqRti{puM;1;bahu}/kqRti{puM;8;bahu}	kqRti{puM;1;bahu}	karwA,7.1	karwA,7.1	1	004	06	vexa	qgvexa	maNdala-1
3.1	ariH	4.1	ariH	ari{puM;1;eka}	ari{puM;1;eka}	samucciwaH,2.1	samucciwaH,2.1	1	004	06	vexa	qgvexa	maNdala-1
4.1	uwa(api)	1.1	uwa	uwa{avya}	uwa{avya}	samuccaya_xyowakaH,2.1	samuccaya_xyowakaH,2.1	1	004	06	vexa	qgvexa	maNdala-1
5.1	naH	2.1	naH	asmax{sarvanAma;2;bahu}/asmax{sarvanAma;6;bahu}/asmax{sarvanAma;4;bahu}/nq{puM;8;eka}	asmax{sarvanAma;2;bahu}	viSeRaNam,6.2	viSeRaNam,6.2	1	004	06	vexa	qgvexa	maNdala-1
6.1	su-	3.1	su-BagAn	su	su	samAsaH,6.2	samAsaH,6.2	1	004	06	vexa	qgvexa	maNdala-1
6.2	BagAn	3.2	--	Baga{puM;2;bahu}	Baga{puM;2;bahu}	karma,7.1	karma,7.1	1	004	06	vexa	qgvexa	maNdala-1
7.1	voceyuH	5.1	voceyuH	uc1{karwari;ASIrlif;pra;bahu;parasmEpaxI;xivAxiH}/vac1{karwari;ASIrlif;pra;bahu;parasmEpaxI;axAxiH}/brU1{karwari;ASIrlif;pra;bahu;parasmEpaxI;axAxiH}	vac1{karwari;ASIrlif;pra;bahu;parasmEpaxI;axAxiH}	-	-	1	004	06	vexa	qgvexa	maNdala-1
8.1	inxrasya	10.1	inxrasya	inxra{puM;6;eka}	inxra{puM;6;eka}	RaRTIsambanXaH,9.1	RaRTIsambanXaH,9.1	1	004	06	vexa	qgvexa	maNdala-1
9.1	SarmaNi	11.1	SarmaNi	Sarman{puM;7;eka}/Sarman{napuM;7;eka}	Sarman{puM;7;eka}	aXikaraNam,11.1	aXikaraNam,11.1	1	004	06	vexa	qgvexa	maNdala-1
1.1	ASave(inxrAya)	3.1	ASave	ASu{puM;4;eka}	ASu{puM;4;eka}	prayojanam,10.1	prayojanam1,10.1	1	004	07	vexa	qgvexa	maNdala-1
10.1	A_Bara	4.1	ABara	Af_Bq1{karwari;lot;ma;eka;parasmEpaxI;BvAxiH}	Af_Bq1{karwari;lot;ma;eka;parasmEpaxI;BvAxiH}	-	-	1	004	07	vexa	qgvexa	maNdala-1
2.1	(wvaM)(yajamAnaH)	9.1	wvaM	yuRmax{sarvanAma;1;eka}	yuRmax{sarvanAma;1;eka}	karwA,10.1	karwA,10.1	1	004	07	vexa	qgvexa	maNdala-1
3.1	ASuM	2.1	ASuM	ASu{puM;2;eka}	ASu{puM;2;eka}	viSeRaNam,9.1	viSeRaNam,9.1	1	004	07	vexa	qgvexa	maNdala-1
4.1	yajFa-	5.1	yajFa-SriyaM	yajFa	yajFa	samAsaH,4.2	samAsaH,4.2	1	004	07	vexa	qgvexa	maNdala-1
4.2	SriyaM	5.2	--	SrI{swrI;2;eka}	SrI{swrI;2;eka}	viSeRaNam,9.1	viSeRaNam,9.1	1	004	07	vexa	qgvexa	maNdala-1
5.1	nq-	6.1	nq-mAxanaM	nq	nq	samAsaH,5.2	samAsaH,5.2	1	004	07	vexa	qgvexa	maNdala-1
5.2	mAxanaM	6.2	--	mAxana{puM;2;eka}/mAxana{napuM;1;eka}/mAxana{napuM;2;eka}	mAxana{puM;2;eka}	viSeRaNam,9.1	viSeRaNam,9.1	1	004	07	vexa	qgvexa	maNdala-1
6.1	pawayaw(pawayanwam)	7.1	pawayaw	pawayaw{(paw_Nic_Sawq;karwari;lat;2;eka;parasmEpaxI;curAxiH)}	pawayaw{(paw_Nic_Sawq;karwari;lat;2;eka;parasmEpaxI;curAxiH)}	viSeRaNam,9.1	viSeRaNam,9.1	1	004	07	vexa	qgvexa	maNdala-1
7.1	manxayaw-	8.1	manxayaw-saKam	manxayaw	manxayaw	samAsaH,7.2	samAsaH,7.2	1	004	07	vexa	qgvexa	maNdala-1
7.2	saKam	8.2	--	saKa{puM;2;eka}/saKa{napuM;1;eka}/saKa{napuM;2;eka}	saKa{puM;2;eka}	viSeRaNam,9.1	viSeRaNam,9.1	1	004	07	vexa	qgvexa	maNdala-1
8.1	Im(ixam)	1.1	Im	Im{avyaya}	Im{avyaya}	viSeRaNam,9.1	viSeRaNam,9.1	1	004	07	vexa	qgvexa	maNdala-1
9.1	(somaM)	10.1	somaM	soma{puM;2;eka}	soma{puM;2;eka}	karma,10.1	karma,10.1	1	004	07	vexa	qgvexa	maNdala-1
1.1	Sawa-	3.1	Sawa-krawo	Sawa	Sawa	samAsaH,1.2	samAsaH,1.2	1	004	08	vexa	qgvexa	maNdala-1
1.2	krawo	3.2	--	krawu{puM;8;eka}	krawu{puM;8;eka}	samboXyaH,8.1	samboXyaH,8.1	1	004	08	vexa	qgvexa	maNdala-1
10.1	vAjinaM	9.1	vAjinaM	vAjin{puM;2;eka}	vAjin{puM;2;eka}	karma,11.1	karma,11.1	1	004	08	vexa	qgvexa	maNdala-1
11.1	pra_AvaH	7.1	pra_AvaH	pra_AvaH{karwari;laf;ma;eka;parasmEpaxI;BvAxiH}	pra_AvaH{karwari;laf;ma;eka;parasmEpaxI;BvAxiH}	-	-	1	004	08	vexa	qgvexa	maNdala-1
2.1	asya(somasya)	1.1	asya	ixam{sarvanAma;puM;6;eka}/ixam{sarvanAma;napuM;6;eka}/as3{karwari;lot;ma;eka;parasmEpaxI;xivAxiH}	ixam{sarvanAma;puM;6;eka}	RaRTIsambanXaH,3.1	RaRTIsambanXaH,3.1	1	004	08	vexa	qgvexa	maNdala-1
3.1	(rasaM)	10.1	somarasaM	somarasa{puM;2;eka}	somarasa{puM;2;eka}	karma,4.1	karma,4.1	1	004	08	vexa	qgvexa	maNdala-1
4.1	pIwvA	2.1	pIwvA	pA1{avya;kwvA;BvAxiH}	pA1{avya;kwvA;BvAxiH}	pUrvakAlaH,8.1	pUrvakAlaH,8.1	1	004	08	vexa	qgvexa	maNdala-1
5.1	vqwrANAM	5.1	vqwrANAM	vqwra{puM;6;bahu}/vqwra{napuM;6;bahu}	vqwra{puM;6;bahu}	RaRTIsambanXaH,6.1	RaRTIsambanXaH,6.1	1	004	08	vexa	qgvexa	maNdala-1
6.1	GanaH	4.1	GanaH	Gana{puM;1;eka}	Gana{puM;1;eka}	viXeya_viSeRaNam,7.1	viXeya_viSeRaNam,7.1	1	004	08	vexa	qgvexa	maNdala-1
7.1	(wvaM)	11.1	wvaM	yuRmax{sarvanAma;1;eka}	yuRmax{sarvanAma;1;eka}	karwA,8.1	karwA,8.1	1	004	08	vexa	qgvexa	maNdala-1
8.1	aBavaH	6.1	aBavaH	aBava{puM;1;eka}/BU1{karwari;laf;ma;eka;parasmEpaxI;BvAxiH}	BU1{karwari;laf;ma;eka;parasmEpaxI;BvAxiH}	aBihiwa_karwA,6.1;sakarmaka	-	1	004	08	vexa	qgvexa	maNdala-1
9.1	vAjeRu	8.1	vAjeRu	vAja{puM;7;bahu}	vAja{puM;7;bahu}	viRaya_aXikaraNam,11.1	aXikaraNam,11.1	1	004	08	vexa	qgvexa	maNdala-1
1.1	Sawa-	6.1	Sawa-krawo	Sawa	Sawa	samAsaH,1.2	samAsaH,1.2	1	004	09	vexa	qgvexa	maNdala-1
1.2	krawo	6.2	--	krawu{puM;8;eka}	krawu{puM;8;eka}	viSeRaNam,2.1	viSeRaNam,2.1	1	004	09	vexa	qgvexa	maNdala-1
10.1	vAjayAmaH	5.1	vAjayAmaH	vaj1{Nijanwa;karwari;lat;u;bahu;parasmEpaxI;BvAxiH}	vaj1{Nijanwa;karwari;lat;u;bahu;parasmEpaxI;BvAxiH}	aBihiwa_karwA,9.1;sakarmaka	-	1	004	09	vexa	qgvexa	maNdala-1
2.1	inxra	8.1	inxra	inxra{puM;8;eka}	inxra{puM;8;eka}	samboXyaH,10.1	samboXyaH,10.1	1	004	09	vexa	qgvexa	maNdala-1
3.1	XanAnAM	7.1	XanAnAM	Xana{napuM;6;bahu}	Xana{napuM;6;bahu}	RaRTIsambanXaH,4.1	RaRTIsambanXaH,4.1	1	004	09	vexa	qgvexa	maNdala-1
4.1	sAwaye	9.1	sAwaye	sAwi{swrI;4;eka}	sAwi{swrI;4;eka}	prayojanam,10.1	prayojanam,10.1	1	004	09	vexa	qgvexa	maNdala-1
5.1	vAjeRu	3.1	vAjeRu	vAja{puM;7;bahu}	vAja{puM;7;bahu}	aXikaraNam,10.1	aXikaraNam,10.1	1	004	09	vexa	qgvexa	maNdala-1
6.1	vAjinaM	4.1	vAjinaM	vAjin{puM;2;eka}	vAjin{puM;2;eka}	viSeRaNam,8.1	viSeRaNam,8.1	1	004	09	vexa	qgvexa	maNdala-1
7.1	waM	1.1	waM	wax{sarvanAma;2;eka}	wax{sarvanAma;2;eka}	viSeRaNam,8.1	viSeRaNam,8.1	1	004	09	vexa	qgvexa	maNdala-1
8.1	wvA	2.1	wvA	yuRmax{sarvanAma;2;eka}	yuRmax{sarvanAma;2;eka}	karma,10.1	karma,10.1	1	004	09	vexa	qgvexa	maNdala-1
9.1	(vayaM)	10.1	vayaM	asmax{sarvanAma;1;bahu}	asmax{sarvanAma;1;bahu}	karwA,10.1	karwA,10.1	1	004	09	vexa	qgvexa	maNdala-1
1.1	mahAn	4.1	mahAn	mahaw{puM;1;eka}	mahaw{puM;1;eka}	viSeRaNam,5.1	viSeRaNam,5.	1	004	10	vexa	qgvexa	maNdala-1
10.1	inxrAya	9.1	inxrAya	inxra{puM;4;eka}	inxra{puM;4;eka}	wAxarWya,12.1	wAxarWya,12.1	1	004	10	vexa	qgvexa	maNdala-1
11.1	(yUyaM)	12.1	yUyaM	yuRmax{sarvanAma;1;bahu}	yuRmax{sarvanAma;1;bahu}	karwA,12.1	karwA,12.1	1	004	10	vexa	qgvexa	maNdala-1
12.1	gAyawa	10.1	gAyawa	gE1{karwari;lot;ma;bahu;parasmEpaxI;BvAxiH}	gE1{karwari;lot;ma;bahu;parasmEpaxI;BvAxiH}	aBihiwa_karwA,10.1	-	1	004	10	vexa	qgvexa	maNdala-1
2.1	su-	5.1	su-pAraH	su	su	samAsaH,2.2	samAsaH,1.2	1	004	10	vexa	qgvexa	maNdala-1
2.2	pAraH	5.2	--	pAra{puM;1;eka}	pAra{puM;1;eka}	viSeRaNam,5.1	viSeRaNam,5.1	1	004	10	vexa	qgvexa	maNdala-1
3.1	sunvawaH	6.1	sunvawaH	sunvaw{puM;2;bahu(Ru3;Sawq_lat;svAxiH)}/sunvaw{puM;5;eka(Ru3;Sawq_lat;svAxiH)}/sunvaw{puM;6;eka(Ru3;Sawq_lat;svAxiH)}/sunvaw{napuM;5;eka(Ru3;Sawq_lat;svAxiH)}/sunvaw{napuM;6;eka(Ru3;Sawq_lat;svAxiH)}	sunvaw{puM;6;eka(Ru3;Sawq_lat;svAxiH)}	RaRTIsambanXaH,4.1	RaRTIsambanXaH,4.1	1	004	10	vexa	qgvexa	maNdala-1
4.1	saKA	7.1	saKA	saKi{puM;1;eka}/saKI{swrI;1;eka}	saKi{puM;1;eka}	viSeRaNam,5.1	viSeRaNam,5.1	1	004	10	vexa	qgvexa	maNdala-1
5.1	yaH(inxraH)	1.1	yaH	yax{sarvanAma;puM;1;eka}	yax{sarvanAma;puM;1;eka}	karwA,8.1;niwya_sambanXaH,9.1	karwA,8.1;niwya_sambanXaH,9.1	1	004	10	vexa	qgvexa	maNdala-1
6.1	rAyaH	2.1	rAyaH	rE{puM;1;bahu}/rE{puM;6;eka}/rE{puM;5;eka}/rE{puM;2;bahu}	rE{puM;6;eka}	RaRTIsambanXaH,7.1	RaRTIsambanXaH,7.1	1	004	10	vexa	qgvexa	maNdala-1
7.1	avaniH	3.1	avaniH	avani{swrI;1;eka}	avani{swrI;1;eka}	viXeya_viSeRaNam,5.1	viXeya_viSeRaNam,5.1	1	004	10	vexa	qgvexa	maNdala-1
8.1	(aswi)	11.1	aswi	as{karwari;lat;pra;eka;parasmEpaxI;axAxiH}	as{karwari;lat;pra;eka;parasmEpaxI;axAxiH}	-	-	1	004	10	vexa	qgvexa	maNdala-1
9.1	wasmA(wasmE)	8.1	wasmA	wax{sarvanAma;puM;4;eka}/wax{sarvanAma;napuM;4;eka}	wax{sarvanAma;puM;4;eka}	viSeRaNam,10.1	viSeRaNam,10.1	1	004	10	vexa	qgvexa	maNdala-1
1.1	swoma-	9.1	swoma-vAhasaH	swoma	swoma	samAsaH,1.2	samAsaH,1.2	1	005	01	vexa	qgvexa	maNdala-1
1.2	vAhasaH	9.2	--	vAhas{puM;1;bahu}	vAhas{puM;8;bahu}	viSeRaNam,2.1	viSeRaNam,2.1	1	005	01	vexa	qgvexa	maNdala-1
10.1	A_(iwa)	3.1	-	Af_i1{karwari;lot;ma;bahu;parasmEpaxI;axAxiH}	A_i1{karwari;lot;ma;bahu;parasmEpaxI;axAxiH}	-	-	1	005	01	vexa	qgvexa	maNdala-1
2.1	saKAyaH	8.1	saKAyaH	saKi{puM;1;bahu}/saKI{swrI;1;bahu}/saKi{puM;8;bahu}	saKi{puM;8;bahu}	samboXyaH,4.1	samboXyaH,4.1	1	005	01	vexa	qgvexa	maNdala-1
3.1	(yUyaM)	10.1	yUyaM	yuRmax{sarvanAma;1;bahu}	yuRmax{sarvanAma;1;bahu}	karwA,4.1;karwA,7.1;karwA,9.1;karwA,10.1	karwA,4.1;karwA,7.1;karwA,9.1;karwA,10.1	1	005	01	vexa	qgvexa	maNdala-1
4.1	ni_RIxawa	4.1	ni_RIxawa	ni_sax{karwari;lot;ma;bahu;parasmEpaxI;BvAxiH}	ni_sax{karwari;lot;ma;bahu;parasmEpaxI;BvAxiH}	-	-	1	005	01	vexa	qgvexa	maNdala-1
5.1	inxram	5.1	inxram	inxra{puM;2;eka}	inxra{puM;2;eka}	karma,7.1	karma,7.1	1	005	01	vexa	qgvexa	maNdala-1
6.1	aBi	6.1	aBi	aBi{upasarga}	aBi{upasarga}	karmapravacanIyaH,5.1	karmapravacanIyaH,5.1	1	005	01	vexa	qgvexa	maNdala-1
7.1	pra_gAyawa	7.1	pra_gAyawa	pra_gE{karwari;lot;ma;bahu;parasmEpaxI;BvAxiH}	pra_gE{karwari;lot;ma;bahu;parasmEpaxI;BvAxiH}	-	-	1	005	01	vexa	qgvexa	maNdala-1
8.1	wu	2.1	wu	wu{avya}	wu{avya}	kriyAviSeRaNam,9.1	kriyAviSeRaNam,9.1	1	005	01	vexa	qgvexa	maNdala-1
9.1	A_iwa	1.1	ewa	Af_i1{karwari;lot;ma;bahu;parasmEpaxI;axAxiH}	A_i1{karwari;lot;ma;bahu;parasmEpaxI;axAxiH}	-	-	1	005	01	vexa	qgvexa	maNdala-1
1.1	(saKAyaH)	9.1	saKAyaH	saKi{puM;1;bahu}/saKI{swrI;1;bahu}/saKi{puM;8;bahu}	saKi{puM;8;bahu}	samboXyaH,12.1	samboXyaH,12.1	1	005	02	vexa	qgvexa	maNdala-1
10.1	inxram	5.1	inxram	inxra{puM;2;eka}	inxra{puM;2;eka}	karmapravacanIya_anviwaH,12.1	karma,12.1	1	005	02	vexa	qgvexa	maNdala-1
11.1	(aBi)	11.1	aBi	aBi{upasarga}	aBi{upasargaH}	karmapravacanIyaH,10.1	karmapravacanIyaH,10.1	1	005	02	vexa	qgvexa	maNdala-1
12.1	(pra_gAyawa)	12.1	gAyawa	gE1{karwari;lot;ma;bahu;parasmEpaxI;BvAxiH}	gE1{karwari;lot;ma;bahu;parasmEpaxI;BvAxiH}	-	-	1	005	02	vexa	qgvexa	maNdala-1
2.1	(yUyaM)	10.1	yUyaM	yuRmax{sarvanAma;1;bahu}	yuRmax{sarvanAma;1;bahu}	karwA,12.1	karwA,12.1	1	005	02	vexa	qgvexa	maNdala-1
3.1	sacA	7.1	sacA	sac{avya}	sac{avya}	kriyAviSeRaNam,12.1	kriyAviSeRaNam,12.1	1	005	02	vexa	qgvexa	maNdala-1
4.1	some	6.1	some	soma{puM;7;eka}	soma{puM;BAvalakRaNa_7;eka}	karma,5.1	karma,5.1	1	005	02	vexa	qgvexa	maNdala-1
5.1	suwe	8.1	suwe	suwi{swrI;8;eka}/suwa{puM;7;eka}/suwa{puM;7;eka(Ru2;kwa;axAxiH)}/suwa{napuM;7;eka(Ru2;kwa;axAxiH)}/suwa{puM;7;eka(Ru3;kwa;svAxiH)}/suwa{napuM;7;eka(Ru3;kwa;svAxiH)}	suwa{puM;7;eka(Ru2;karmaNi;kwa;axAxiH)}	BAvalakRaNasapwamI_pUrvakAlaH,12.1	BAvalakRaNasapwamI_pUrvakAlaH,11.1#aXikaraNam,11.1#aXikaraNam,9.1#aXikaraNam,8.1	1	005	02	vexa	qgvexa	maNdala-1
6.1	purUwamam	1.1	purU(puru)-wamam	purUwama{puM;2;eka}	purUwama{puM;2;eka}	viSeRaNam,10.1	viSeRaNam,10.1	1	005	02	vexa	qgvexa	maNdala-1
7.1	purUNAM	2.1	purUNAM	puru{puM;6;bahu}	puru{puM;6;bahu}	viSeRaNam,8.1	viSeRaNam,8.1	1	005	02	vexa	qgvexa	maNdala-1
8.1	vAryANAM	4.1	vAryANAM	vArya{puM;6;bahu(vq2;Nyaw;kryAxiH)}/vAryA{swrI;6;bahu(vq2;Nyaw;kryAxiH)}	vArya{puM;6;bahu(vq2;Nyaw;kryAxiH)}	RaRTIsambanXaH,9.1	RaRTIsambanXaH,9.1	1	005	02	vexa	qgvexa	maNdala-1
9.1	ISAnaM	3.1	ISAnaM	ISAna{puM;2;eka}/ISAna{puM;2;eka(IS1;SAnac_lat;karwari;axAxiH)}/ISAna{napuM;1;eka(IS1;SAnac_lat;karwari;axAxiH)}/ISAna{napuM;2;eka(IS1;SAnac_lat;karwari;axAxiH)}	ISAna{puM;2;eka(IS1;SAnac_lat;karwari;axAxiH)}	viSeRaNam,10.1	viSeRaNam,10.1	1	005	02	vexa	qgvexa	maNdala-1
1.1	saH	1.1	saH	wax{sarvanAma;puM;1;eka}	wax{sarvanAma;puM;1;eka}	karwA,5.1	karwA,5.1	1	005	03	vexa	qgvexa	maNdala-1
10.1	puraM-	9.1	puraM-XyAm	puraM	puraM	samAsaH,10.2	samAsaH,10.2	1	005	03	vexa	qgvexa	maNdala-1
10.2	XyAm	9.2	--	XI{swrI;7;eka}	XI{swrI;7;eka}	aXikaraNam,11.1	aXikaraNam,11.1	1	005	03	vexa	qgvexa	maNdala-1
11.1	(ABuvaw)	15.1	ABuvaw	BU1{karwari;ASIrlif;pra;eka;parasmEpaxI;BvAxiH}/BUya{napuM;5;eka}	BU1{karwari;ASIrlif;pra;eka;parasmEpaxI;BvAxiH}	aBihiwa_karwA,11.1;sakarmaka	aBihiwa_karwA,11.1;sakarmaka	1	005	03	vexa	qgvexa	maNdala-1
12.1	saH	12.1	saH	wax{sarvanAma;puM;1;eka}	wax{sarvanAma;puM;1;eka}	karwA,16.1	karwA,16.1	1	005	03	vexa	qgvexa	maNdala-1
13.1	vAjeBiH	11.1	vAjeBiH	vAja{puM;3;bahu}	vAja{puM;3;bahu}	sahArWaH,16.1	sahArWaH,16.1	1	005	03	vexa	qgvexa	maNdala-1
14.1	(saha)	16.1	saha	saha{avya}	saha{avya}	sahArWa_xyowakaH,13.1	sahArWa_xyowakaH,13.1	1	005	03	vexa	qgvexa	maNdala-1
15.1	naH	13.1	naH	asmax{sarvanAma;2;bahu}/asmax{sarvanAma;6;bahu}/asmax{sarvanAma;4;bahu}/nq{puM;8;eka}	asmax{sarvanAma;2;bahu}	karma,16.1	karma,16.1	1	005	03	vexa	qgvexa	maNdala-1
16.1	A_gamaw	10.1	Agamaw	Af_gam1{karwari;luf;pra;eka;parasmEpaxI;BvAxiH}	Af_gam1{karwari;luf;pra;eka;parasmEpaxI;BvAxiH}	aBihiwa_karwA,12.1;sakarmaka	aBihiwa_karwA,12.1;sakarmaka	1	005	03	vexa	qgvexa	maNdala-1
2.1	GA(Ga)	2.1	GA	Ga{avya}	Ga{avya}	sambanXaH,1.1	sambanXaH,1.1	1	005	03	vexa	qgvexa	maNdala-1
3.1	naH	3.1	naH	asmax{sarvanAma;2;bahu}/asmax{sarvanAma;6;bahu}/asmax{sarvanAma;4;bahu}/nq{puM;8;eka}	asmax{sarvanAma;6;bahu}	RaRTIsambanXaH,4.1	RaRTIsambanXaH,4.1	1	005	03	vexa	qgvexa	maNdala-1
4.1	yoge	4.1	yoge	yoga{puM;7;eka}	yoga{puM;7;eka}	aXikaraNam,5.1	aXikaraNam,5.1	1	005	03	vexa	qgvexa	maNdala-1
5.1	ABuvaw	5.1	ABuvaw	BU1{karwari;ASIrlif;pra;eka;parasmEpaxI;BvAxiH}/BUya{napuM;5;eka}	BU1{karwari;ASIrlif;pra;eka;parasmEpaxI;BvAxiH}	aBihiwa_karwA,5.1;sakarmaka	aBihiwa_karwA,5.1;sakarmaka	1	005	03	vexa	qgvexa	maNdala-1
6.1	saH	6.1	saH	wax{sarvanAma;puM;1;eka}	wax{sarvanAma;puM;1;eka}	karwA,8.1	karwA,8.1	1	005	03	vexa	qgvexa	maNdala-1
7.1	rAye	7.1	rAye	rE{puM;4;eka}/rA1{karmaNi;lat;u;eka;AwmanepaxI;axAxiH}	rE{puM;4;eka}	wAxarWya,8.1	wAxarWya,8.1	1	005	03	vexa	qgvexa	maNdala-1
8.1	(ABuvaw)	14.1	ABuvaw	BU1{karwari;ASIrlif;pra;eka;parasmEpaxI;BvAxiH}/BUya{napuM;5;eka}	BU1{karwari;ASIrlif;pra;eka;parasmEpaxI;BvAxiH}	aBihiwa_karwA,8.1;sakarmaka	aBihiwa_karwA,8.1;sakarmaka	1	005	03	vexa	qgvexa	maNdala-1
9.1	saH	8.1	saH	wax{sarvanAma;puM;1;eka}	wax{sarvanAma;puM;1;eka}	karwA,11.1	karwA,11.1	1	005	03	vexa	qgvexa	maNdala-1
1.1	yasya	1.1	yasya	yax{sarvanAma;puM;6;eka}/yax{sarvanAma;napuM;6;eka}/yas1{karwari;lot;ma;eka;parasmEpaxI;xivAxiH}	yax{sarvanAma;puM;6;eka}	RaRTIsambanXaH,4.1;niwya_sambanXaH1,9.1	RaRTIsambanXaH,4.1;niwya_sambanXaH1,9.1	1	005	04	vexa	qgvexa	maNdala-1
10.1	inxrAya	9.1	inxrAya	inxra{puM;4;eka}	inxra{puM;4;eka}	prayojanam,12.1	prayojanam1,12.1	1	005	04	vexa	qgvexa	maNdala-1
11.1	(yUyaM)	12.1	yUyaM	yuRmax{sarvanAma;1;bahu}	yuRmax{sarvanAma;1;bahu}	karwA,12.1	karwA,12.1	1	005	04	vexa	qgvexa	maNdala-1
12.1	gAyawa	10.1	gAyawa	gE1{karwari;lot;ma;bahu;parasmEpaxI;BvAxiH}	gE1{karwari;lot;ma;bahu;parasmEpaxI;BvAxiH}	aBihiwa_karwA,10.1;sakarmaka	-	1	005	04	vexa	qgvexa	maNdala-1
2.1	saMsWe	2.1	saMsWe	saMsWA{swrI;8;eka}/saMsWa{puM;7;eka}/saMsWa{napuM;7;eka}	saMsWa{puM;7;eka}	aXikaraNam,3.1	aXikaraNam,3.1	1	005	04	vexa	qgvexa	maNdala-1
3.1	(yukwO)	11.1	yukwO	yukwa{pra;xvi;(yuj;kwa)}/yukwa{puM:pra;xvi;(yuj;kwa)}	yukwa{puM:pra;xvi;(yuj;kwa)}	viSeRaNam,4.1	viSeRaNam,4.1	1	005	04	vexa	qgvexa	maNdala-1
4.1	harI	5.1	harI	hari{puM;1;xvi}/hari{puM;2;xvi}/harI{swrI;1;eka}/hari{puM;8;xvi}	hari{puM;2;xvi}	karma,8.1	karma,8.1	1	005	04	vexa	qgvexa	maNdala-1
5.1	samawsu	6.1	samawsu	samaw{puM;7;bahu}	samaw{puM;7;bahu}	aXikaraNam,8.1	aXikaraNam,8.1	1	005	04	vexa	qgvexa	maNdala-1
6.1	SawravaH	7.1	SawravaH	Sawru{puM;1;bahu}	Sawru{puM;1;bahu}	karwA,8.1	karwA,8.1	1	005	04	vexa	qgvexa	maNdala-1
7.1	na	3.1	na	na{avya}	na{avya}	prawiReXaH,8.1	prawiReXaH,8.1	1	005	04	vexa	qgvexa	maNdala-1
8.1	vqNvawe	4.1	vqNvawe	vq1{karwari;lat;pra;bahu;AwmanepaxI;svAxiH}	vq1{karwari;lat;pra;bahu;AwmanepaxI;svAxiH}	aBihiwa_karwA,6.1;sakarmaka	-	1	005	04	vexa	qgvexa	maNdala-1
9.1	wasmE	8.1	wasmE	wax{sarvanAma;puM;4;eka}/wax{sarvanAma;napuM;4;eka}	wax{sarvanAma;puM;4;eka}	viSeRaNam,10.1	viSeRaNam,10.1	1	005	04	vexa	qgvexa	maNdala-1
1.1	ime	3.1	ime	ixam{sarvanAma;puM;1;bahu}/ixam{sarvanAma;napuM;1;xvi}/ixam{sarvanAma;napuM;2;xvi}/ixam{sarvanAma;swrI;1;xvi}/ixam{sarvanAma;swrI;2;xvi}	ixam{sarvanAma;puM;1;bahu}	viSeRaNam,5.1	viSeRaNam,5.1	1	005	05	vexa	qgvexa	maNdala-1
2.1	suwAH	2.1	suwAH	suwa{puM;1;bahu}/suwa{puM;1;bahu(Ru2;kwa;axAxiH)}/suwA{swrI;1;bahu(Ru2;kwa;axAxiH)}/suwA{swrI;2;bahu(Ru2;kwa;axAxiH)}/suwa{puM;1;bahu(Ru3;kwa;svAxiH)}/suwA{swrI;1;bahu(Ru3;kwa;svAxiH)}/suwA{swrI;2;bahu(Ru3;kwa;svAxiH)}	suwa{puM;1;bahu(Ru2;kwa;axAxiH)}	viSeRaNam,5.1	viSeRaNam,5.1	1	005	05	vexa	qgvexa	maNdala-1
3.1	SucayaH	4.1	SucayaH	Suci{puM;1;bahu}/Suci{swrI;1;bahu}/Suci{puM;8;bahu}/Suci{swrI;8;bahu}	Suci{puM;1;bahu}	viSeRaNam,5.1	viSeRaNam,5.1	1	005	05	vexa	qgvexa	maNdala-1
4.1	xaXi-	8.1	xaXi-ASiraH	xaXi	xaXi	samAsaH,4.2	samAsaH,4.2	1	005	05	vexa	qgvexa	maNdala-1
4.2	ASiraH	8.2	--	ASir{puM;1;bahu}	ASir{puM;1;bahu}	viSeRaNam,5.1	viSeRaNam,5.1	1	005	05	vexa	qgvexa	maNdala-1
5.1	somAsaH	7.1	somAsaH	somAs{puM;1;bahu}	somAs{puM;1;bahu}	karwA,8.1	karwA,8.1	1	005	05	vexa	qgvexa	maNdala-1
6.1	suwa-	1.1	suwa-pAvne	suwa(Ru2;kwa;axAxiH)}/suwa(Ru3{kwa;svAxiH)	suwa(Ru2;kwa;axAxiH)	samAsaH,6.2	samAsaH,6.2	1	005	05	vexa	qgvexa	maNdala-1
6.2	pAvne	1.2	--	pAvan{puM;4;eka}	pAvan{puM;4;eka}	RaRTyarWe_cawurWI,7.1	RaRTyarWe_cawurWI,7.1	1	005	05	vexa	qgvexa	maNdala-1
7.1	vIwaye	6.1	vIwaye	vIwi{swrI;4;eka}	vIwi{swrI;4;eka}	prayojanam,8.1	prayojanam,8.1	1	005	05	vexa	qgvexa	maNdala-1
8.1	yanwi	5.1	yanwi	i1{karwari;lat;pra;bahu;parasmEpaxI;axAxiH}/yaw{napuM;1;bahu}/yaw{napuM;2;bahu}	i1{karwari;lat;pra;bahu;parasmEpaxI;axAxiH}	aBihiwa_karwA,3.1;sakarmaka	-	1	005	05	vexa	qgvexa	maNdala-1
1.1	su-	9.1	su-krawo	su	su	samAsaH,1.2	samAsaH,1.2	1	005	06	vexa	qgvexa	maNdala-1
1.2	krawo	9.2	--	krawu{puM;8;eka}	krawu{puM;8;eka}	viSeRaNam,2.1	viSeRaNam,2.1	1	005	06	vexa	qgvexa	maNdala-1
2.1	inxra	7.1	inxra	inxra{puM;8;eka}	inxra{puM;8;eka}	samboXyaH,9.1	samboXyaH,9.1	1	005	06	vexa	qgvexa	maNdala-1
3.1	wvaM	1.1	wvaM	yuRmax{sarvanAma;1;eka}	yuRmax{sarvanAma;1;eka}	karwA,9.1	karwA,9.1	1	005	06	vexa	qgvexa	maNdala-1
4.1	suwasya	2.1	suwasya	suwa{puM;6;eka}/suwa{puM;6;eka(Ru2;kwa;axAxiH)}/suwa{napuM;6;eka(Ru2;kwa;axAxiH)}/suwa{puM;6;eka(Ru3;kwa;svAxiH)}/suwa{napuM;6;eka(Ru3;kwa;svAxiH)}	suwa{puM;6;eka}	RaRTIsambanXaH,5.1	RaRTIsambanXaH,5.1	1	005	06	vexa	qgvexa	maNdala-1
5.1	pIwaye	3.1	pIwaye	pIwi{puM;4;eka}	pIwi{puM;4;eka}	prayojanam,9.1	prayojanam1,9.1	1	005	06	vexa	qgvexa	maNdala-1
6.1	jyERTyAya	8.1	jyERTyAya	jyERTya{puM;4;eka}	jyERTya{puM;4;eka}	prayojanam,9.1	prayojanam,9.1	1	005	06	vexa	qgvexa	maNdala-1
7.1	saxyaH	4.1	saxyaH	saxyaH{avya}	saxyaH{avya}	kriyAviSeRaNam,9.1	kriyAviSeRaNam,9.1	1	005	06	vexa	qgvexa	maNdala-1
8.1	vqxXaH	5.1	vqxXaH	vqxXa{puM;1;eka}	vqxXa{puM;1;eka}	viXeya_viSeRaNam,3.1	viXeya_viSeRaNam,3.1	1	005	06	vexa	qgvexa	maNdala-1
9.1	ajAyaWAH	6.1	ajAyaWAH	jan2{karmaNi;laf;ma;eka;AwmanepaxI;xivAxiH}/jan2{karwari;laf;ma;eka;AwmanepaxI;xivAxiH}	jan2{karwari;laf;ma;eka;AwmanepaxI;xivAxiH}	aBihiwa_karwA,3.1	-	1	005	06	vexa	qgvexa	maNdala-1
1.1	girvaNaH	6.1	girvaNaH	girvaNas{puM;8;eka}	girvaNas{puM;8;eka}	viSeRaNam,2.1	viSeRaNam,2.1	1	005	07	vexa	qgvexa	maNdala-1
10.1	SaM	7.1	SaM	Sam{avya}	Sam{avya}	viXeya_viSeRaNam,9.1	-#viXeya_viSeRaNam,9.1	1	005	07	vexa	qgvexa	maNdala-1
11.1	sanwu	9.1	sanwu	as2{karwari;lot;pra;bahu;parasmEpaxI;axAxiH}	as2{karwari;lot;pra;bahu;parasmEpaxI;axAxiH}	-	-	1	005	07	vexa	qgvexa	maNdala-1
2.1	inxra	5.1	inxra	inxra{puM;8;eka}	inxra{puM;8;eka}	samboXyaH,6.1	samboXyaH,6.1	1	005	07	vexa	qgvexa	maNdala-1
3.1	wvA	1.1	wvA	yuRmax{sarvanAma;2;eka}	yuRmax{sarvanAma;2;eka}	karma,6.1	karma,6.1	1	005	07	vexa	qgvexa	maNdala-1
4.1	ASavaH	3.1	ASavaH	ASu{puM;1;bahu}/ASu{puM;8;bahu}	ASu{puM;1;bahu}	viSeRaNam,5.1	viSeRaNam,5.1	1	005	07	vexa	qgvexa	maNdala-1
5.1	somAsaH	4.1	somAsaH	soma{puM;1;bahu}	soma{puM;1;bahu}	karwA,6.1	karwA,6.1	1	005	07	vexa	qgvexa	maNdala-1
6.1	A_viSanwu1	2.1	AviSanwu	Af_viS1{karwari;lot;pra;bahu;parasmEpaxI;wuxAxiH}	Af_viS1{karwari;lot;pra;bahu;parasmEpaxI;wuxAxiH}	aBihiwa_karwA,4.1;sakarmaka	-	1	005	07	vexa	qgvexa	maNdala-1
7.1	we	8.1	we	wax{sarvanAma;puM;1;bahu}/wax{sarvanAma;napuM;1;xvi}/wax{sarvanAma;napuM;2;xvi}/wax{sarvanAma;swrI;1;xvi}/wax{sarvanAma;swrI;2;xvi}/yuRmax{sarvanAma;6;eka}/yuRmax{sarvanAma;4;eka}	yuRmax{sarvanAma;6;eka}	RaRTIsambanXaH,8.2	prayojanam,8.2	1	005	07	vexa	qgvexa	maNdala-1
8.1	pra-	10.1	pra-cewase	pra	pra	samAsaH,8.2	samAsaH,8.2	1	005	07	vexa	qgvexa	maNdala-1
8.2	cewase	10.2	--	cewas{puM;4;eka}	cewas{puM;4;eka}	prayojanam,11.1	prayojanam,11.1	1	005	07	vexa	qgvexa	maNdala-1
9.1	(somAsaH)	11.1	somAsaH	soma{puM;1;bahu}	soma{puM;1;bahu}	karwA,11.1	karwA,11.1	1	005	07	vexa	qgvexa	maNdala-1
1.1	Sawakrawo	6.1	Sawakrawo	Sawakrawu{puM;8;bahu}	Sawakrawu{puM;8;bahu}	samboXyaH,5.1;samboXyaH,8.1	samboXyaH,5.1;samboXyaH,8.1	1	005	08	vexa	qgvexa	maNdala-1
10.1	naH	9.1	naH	asmax{sarvanAma;2;bahu}/asmax{sarvanAma;6;bahu}/asmax{sarvanAma;4;bahu}/nq{puM;8;eka}	asmax{sarvanAma;6;bahu}	RaRTIsambanXaH,11.1	RaRTIsambanXaH,11.1	1	005	08	vexa	qgvexa	maNdala-1
11.1	giraH	10.1	giraH	gir{swrI;1;bahu}/gir{swrI;2;bahu}/gir{swrI;5;eka}/gir{swrI;6;eka}/gir{swrI;8;bahu}	gir{swrI;1;bahu}	karwA,13.1	karwA,13.1	1	005	08	vexa	qgvexa	maNdala-1
12.1	wvAM	7.1	wvAM	yuRmax{sarvanAma;2;eka}	yuRmax{sarvanAma;2;eka}	karma,13.1	karma,13.1	1	005	08	vexa	qgvexa	maNdala-1
13.1	varXanwu	8.1	varXanwu	vqX1{Nijanwa;karwari;lot;pra;bahu;parasmEpaxI;BvAxiH}	vqX1{Nijanwa;karwari;lot;pra;bahu;parasmEpaxI;BvAxiH}	aBihiwa_karwA,11.1	-	1	005	08	vexa	qgvexa	maNdala-1
2.1	(yaWA)	11.1	yaWA	yaWA{avya}	yaWA{avya}	kriyAviSeRaNam,5.1	kriyAviSeRaNam,5.1	1	005	08	vexa	qgvexa	maNdala-1
3.1	wvAM	1.1	wvAM	yuRmax{sarvanAma;2;eka}	yuRmax{sarvanAma;2;eka}	karma,5.1	karma,5.1	1	005	08	vexa	qgvexa	maNdala-1
4.1	swomAH	2.1	swomAH	swoma{puM;1;bahu}/swoma{puM;8;bahu}	swoma{puM;1;bahu}	karwA,5.1	karwA,5.1	1	005	08	vexa	qgvexa	maNdala-1
5.1	avIvqXan	3.1	avIvqXan	vqX1{Nijanwa;karwari;luf;pra;bahu;parasmEpaxI;BvAxiH}	vqX1{Nijanwa;karwari;luf;pra;bahu;parasmEpaxI;BvAxiH}	aBihiwa_karwA,5.1	-	1	005	08	vexa	qgvexa	maNdala-1
6.1	wvAM	4.1	wvAM	yuRmax{sarvanAma;2;eka}	yuRmax{sarvanAma;2;eka}	karma,8.1	karma,8.1	1	005	08	vexa	qgvexa	maNdala-1
7.1	ukWA(ukWAni)	5.1	ukWA	ukWA{napuM;1;eka}	ukWA{napuM;1;eka}	karwA,8.1	karwA,8.1	1	005	08	vexa	qgvexa	maNdala-1
8.1	(avIvqXan)	12.1	avIvqXan	vqX1{Nijanwa;karwari;luf;pra;bahu;parasmEpaxI;BvAxiH}	vqX1{Nijanwa;karwari;luf;pra;bahu;parasmEpaxI;BvAxiH}	-	-	1	005	08	vexa	qgvexa	maNdala-1
9.1	(waWA)	13.1	waWA	waWA{avya}	waWA{avya}	sambanXaH,13.1	sambanXaH,13.1	1	005	08	vexa	qgvexa	maNdala-1
1.1	akRiwa-	1.1	akRiwa-UwiH	akRiwa	akRiwa	samAsaH,1.2	samAsaH,1.2	1	005	09	vexa	qgvexa	maNdala-1
1.2	UwiH	1.2	--	Uwi{swrI;1;eka}/Uwi{puM;1;eka}	Uwi{swrI;1;eka}	viSeRaNam,2.1	viSeRaNam,2.1	1	005	09	vexa	qgvexa	maNdala-1
10.1	vAjaM	4.1	vAjaM	vAja{puM;2;eka}	vAja{puM;2;eka}	karma,11.1	karma,11.1	1	005	09	vexa	qgvexa	maNdala-1
11.1	sanew	2.1	sanew	san{karwari;viXilif;pra;eka;parasmEpaxI;BvAxiH}	san{karwari;viXilif;pra;eka;parasmEpaxI;BvAxiH}	-	-	1	005	09	vexa	qgvexa	maNdala-1
2.1	inxraH	5.1	inxraH	inxra{puM;1;eka}	inxra{puM;1;eka}	karwA,11.1	karwA,11.1	1	005	09	vexa	qgvexa	maNdala-1
3.1	yasmin(vAje)	7.1	yasmin	yax{sarvanAma;puM;7;eka}/yax{sarvanAma;napuM;7;eka}	yax{sarvanAma;puM;7;eka}	aXikaraNam,6.1	aXikaraNam,6.1	1	005	09	vexa	qgvexa	maNdala-1
4.1	viSvAni	8.1	viSvAni	viSva{napuM;1;bahu}/viSva{napuM;2;bahu}/viSva{sarvanAma;napuM;1;bahu}/viSva{sarvanAma;napuM;2;bahu}/viSva{napuM;8;bahu}	viSva{napuM;1;bahu}	viSeRaNam,5.1	viSeRaNam,5.1	1	005	09	vexa	qgvexa	maNdala-1
5.1	pOMsyA	9.1	pOMsyA	pOMsya{napuM;1;bahu}	pOMsya{napuM;1;bahu}	karwA,6.1	karwA,6.1	1	005	09	vexa	qgvexa	maNdala-1
6.1	(sanwi)	-	sanwi	as2{karwari;lat;pra;bahu;parasmEpaxI;axAxiH}/saw{napuM;8;bahu}/saw{napuM;1;bahu(as2;Sawq_lat;axAxiH)}/saw{napuM;2;bahu(as2;Sawq_lat;axAxiH)}	as2{karwari;lat;pra;bahu;parasmEpaxI;axAxiH}	-	viSeRaNam,4.1	1	005	09	vexa	qgvexa	maNdala-1
7.1	(wAxqSaM)	11.1	wAxqSaM	wAxqS{sarvanAma;puM;2;eka}/wAxqSa{puM;2;eka}/wAxqSa{napuM;1;eka}/wAxqSa{napuM;2;eka}	wAxqS{sarvanAma;puM;2;eka}	viSeRaNam,10.1	viSeRaNam,10.1	1	005	09	vexa	qgvexa	maNdala-1
8.1	imaM	3.1	imaM	ixam{sarvanAma;puM;2;eka}	ixam{sarvanAma;puM;2;eka}	viSeRaNam,10.1	viSeRaNam,10.1	1	005	09	vexa	qgvexa	maNdala-1
9.1	sahasriNaM	6.1	sahasriNaM	sahasrin{puM;2;eka}	sahasrin{puM;2;eka}	viSeRaNam,10.1	viSeRaNam,10.1	1	005	09	vexa	qgvexa	maNdala-1
1.1	girvaNaH	8.1	girvaNaH	girvaNas{puM;8;eka}	girvaNas{puM;8;eka}	viSeRaNam,2.1	viSeRaNam,2.1	1	005	10	vexa	qgvexa	maNdala-1
10.1	(wvaM)	12.1	(wvaM)	yuRmax{sarvanAma;1;eka}	yuRmax{sarvanAma;1;eka}	karwA,12.1	karwA,12.1	1	005	10	vexa	qgvexa	maNdala-1
11.1	vaXaM	11.1	vaXaM	vaXa{puM;2;eka}	vaXa{puM;2;eka}	karma,12.1	karma,12.1	1	005	10	vexa	qgvexa	maNdala-1
12.1	yavayA(yavaya)	10.1	yavayA	yu{Nijanwa;karwari;lot;ma;eka;parasmEpaxI;axAxiH}	yu{Nijanwa;karwari;lot;ma;eka;parasmEpaxI;axAxiH}	-	-	1	005	10	vexa	qgvexa	maNdala-1
2.1	inxra	7.1	inxra	inxra{puM;8;eka}	inxra{puM;8;eka}	samboXyaH,8.1	samboXyaH,8.1	1	005	10	vexa	qgvexa	maNdala-1
3.1	naH	2.1	naH	asmax{sarvanAma;2;bahu}/asmax{sarvanAma;6;bahu}/asmax{sarvanAma;4;bahu}/nq{puM;8;eka}	asmax{sarvanAma;6;bahu}	viSeRaNam,4.1	viSeRaNam,4.1	1	005	10	vexa	qgvexa	maNdala-1
4.1	wanUnAM	6.1	wanUnAM	wanu{puM;6;bahu}/wanu{napuM;6;bahu}/wanu{swrI;6;bahu}/wanU{swrI;6;bahu}	wanU{swrI;6;bahu}	karmapravacanIya_anviwaH,7.1	karmapravacanIya_anviwaH,7.1	1	005	10	vexa	qgvexa	maNdala-1
5.1	marwwAH	3.1	marwwAH	marwa{puM;1;bahu}/marwa{puM;8;bahu}	marwa{puM;1;bahu}	karwA,8.1	karwA,8.1	1	005	10	vexa	qgvexa	maNdala-1
6.1	mA	1.1	mA	mA{avya}	mA{avya}	prawiReXaH,8.1	prawiReXaH,8.1	1	005	10	vexa	qgvexa	maNdala-1
7.1	aBi	4.1	aBi	aBi{avya}	aBi{avya}	karmapravacanIyaH,8.1	karmapravacanIyaH,8.1	1	005	10	vexa	qgvexa	maNdala-1
8.1	xruhan	5.1	xruhan	xruh1{karwari;let;pra;bahu;parasmEpaxI;xivAxiH}	xruh1{karwari;let;pra;bahu;parasmEpaxI;xivAxiH}	aBihiwa_karwA,6.1;sakarmaka	aBihiwa_karwA,6.1;sakarmaka	1	005	10	vexa	qgvexa	maNdala-1
9.1	ISAnaH	9.1	ISAnaH	ISAna{puM;1;eka}/ISAna{puM;1;eka(IS1;SAnac_lat;karwari;axAxiH)}	ISAna{puM;1;eka(IS1;SAnac_lat;karwari;axAxiH)}	viSeRaNam,10.1	viSeRaNam,10.1	1	005	10	vexa	qgvexa	maNdala-1
1.1	braXnam	2.1	braXnam	braXna{puM;2;eka}	braXna{puM;2;eka}	viSeRaNam,4.1	viSeRaNam,4.1	1	006	01	vexa	qgvexa	maNdala-1
10.1	rocanA	8.1	rocanAni	rocana{napuM;1;bahu(ruc1;lyut;BvAxiH)}/rocana{napuM;2;bahu(ruc1;lyut;BvAxiH)}	rocana{napuM;1;bahu(ruc1;lyut;BvAxiH)}	karwA,11.1	karwA,11.1	1	006	01	vexa	qgvexa	maNdala-1
11.1	rocanwe	7.1	rocanwe	ruc1{karwari;lat;pra;bahu;AwmanepaxI;BvAxiH}	ruc1{karwari;lat;pra;bahu;AwmanepaxI;BvAxiH}	aBihiwa_karwA,9.1;sakarmaka	-	1	006	01	vexa	qgvexa	maNdala-1
2.1	a-	3.1	-	a	a-	naF_bahuvrIhiH,2.2	naF_bahuvrIhiH,2.2	1	006	01	vexa	qgvexa	maNdala-1
2.2	ruRaM	3.2	aruRaM	ruRa{puM;2;eka}	ruRa{puM;2;eka}	viSeRaNam,4.1	viSeRaNam,4.1	1	006	01	vexa	qgvexa	maNdala-1
3.1	caranwaM	4.1	caranwaM	caraw{puM;2;eka(car1;Sawq_lat;BvAxiH)}	caraw{puM;2;eka(car1;Sawq_lat;BvAxiH)}	viSeRaNam,4.1	viSeRaNam,4.1	1	006	01	vexa	qgvexa	maNdala-1
4.1	(inxraM)	10.1	inxraM	inxra{puM;2;eka}	inxra{puM;2;eka}	karma,8.1	-	1	006	01	vexa	qgvexa	maNdala-1
5.1	pari(pariwaH)	5.1	pari-wasWuRaH	pari	pari	karmapravacanIyaH,6.1	karmapravacanIya,6.1	1	006	01	vexa	qgvexa	maNdala-1
6.1	wasWuRaH	6.1	-	wasWivas{puM;2;baha{sWA;lit-kvasu;parasmEpaxI;BvAxiH})	wasWivas{puM;2;baha{sWA;lit-kvasu;parasmEpaxI;BvAxiH})	karmapravacanIya-anviwa,8.1	karmapravacanIya-anviwa,8.1	1	006	01	vexa	qgvexa	maNdala-1
7.1	(prANinaH)	11.1	prANinaH	prANin{puM;1;bahu}/prANin{puM;2;bahu}/prANin{puM;5;eka}/prANin{puM;6;eka}/prANin{napuM;5;eka}/prANin{napuM;6;eka}/prANin{puM;8;bahu}	prANin{puM;1;bahu}	karwA,8.1	karwA,8.1	1	006	01	vexa	qgvexa	maNdala-1
8.1	yuFjanwi	1.1	yuFjanwi	yuj2{karwari;lat;pra;bahu;parasmEpaxI;ruXAxiH}/yuFjaw{napuM;1;bahu(yuj2;Sawq_lat;ruXAxiH)}/yuFjaw{napuM;2;bahu(yuj2;Sawq_lat;ruXAxiH)}	yuj2{karwari;lat;pra;bahu;parasmEpaxI;ruXAxiH	-	viSeRaNam,9.1#varwamAnasamAnakAlaH,10.1#karwA,10.1	1	006	01	vexa	qgvexa	maNdala-1
9.1	xivi	9.1	xivi	xiv{swrI;7;eka}	xiv{swrI;7;eka}	aXikaraNam,11.1	aXikaraNam,11.1	1	006	01	vexa	qgvexa	maNdala-1
1.1	asya	2.1	asya	ixam{sarvanAma;puM;6;eka}/ixam{sarvanAma;napuM;6;eka}/as3{karwari;lot;ma;eka;parasmEpaxI;xivAxiH}	ixam{sarvanAma;puM;6;eka}	RaRTIsambanXaH,2.1	RaRTIsambanXaH,2.1	1	006	02	vexa	qgvexa	maNdala-1
10.1	(sAraWayaH)	10.1	-	sAraWi{puM;1;bahu}	sAraWi{puM;1;bahu}	karwA,9.1	karwA,9.1	1	006	02	vexa	qgvexa	maNdala-1
2.1	raWe	6.1	raWe	raWa{puM;7;eka}	raWa{puM;7;eka}	aXikaraNam,9.1	aXikaraNam,9.1	1	006	02	vexa	qgvexa	maNdala-1
3.1	kAmyA(kAmyO)	3.1	kAmyA	kAmya{puM;1;xvi(kam1;Nyaw;BvAxiH)}/kAmya{puM;2;xvi(kam1;Nyaw;BvAxiH)}	kAmya{puM;2;xvi(kam1;Nyaw;BvAxiH)}	viSeRaNam,8.1	viSeRaNam,8.1	1	006	02	vexa	qgvexa	maNdala-1
4.1	vi-	5.1	vi-pakRasA	vi	vi	samAsaH,4.2	samAsaH,4.2	1	006	02	vexa	qgvexa	maNdala-1
4.2	pakRasA(pakRasO)	5.2	--	pakRas{puM;1;xvi}	pakRas{puM;2;xvi}	viSeRaNam,8.1	viSeRaNam,8.1	1	006	02	vexa	qgvexa	maNdala-1
5.1	SoNA(SoNO)	7.1	SoNA	SoNa{puM;1;xvi}/SoNa{puM;2;xvi}/SoNa{puM;8;xvi}	SoNa{puM;2;xvi}	viSeRaNam,8.1	viSeRaNam,8.1	1	006	02	vexa	qgvexa	maNdala-1
6.1	XqRNU	8.1	XqRNU	XqRNu{puM;1;xvi}/XqRNu{puM;2;xvi}/XqRNu{puM;8;xvi}	XqRNu{puM;2;xvi}	viSeRaNam,8.1	viSeRaNam,8.1	1	006	02	vexa	qgvexa	maNdala-1
7.1	nq-	9.1	nq-vAhasA	nq	nq	samAsaH,7.2	samAsaH,7.2	1	006	02	vexa	qgvexa	maNdala-1
7.2	vAhasA(vAhasO)	9.2	--	vAhasa{puM;1;xvi}/vAhasa{puM;2;xvi}/vAhasa{puM;8;xvi}	vAhasa{puM;2;xvi}	viSeRaNam,8.1	viSeRaNam,8.1	1	006	02	vexa	qgvexa	maNdala-1
8.1	harI	4.1	harI	hari{puM;1;xvi}/hari{puM;2;xvi}/harI{swrI;1;eka}/hari{puM;8;xvi}	hari{puM;2;xvi}	karma,9.1	karma,9.1	1	006	02	vexa	qgvexa	maNdala-1
9.1	yuFjanwi	1.1	yuFjanwi	yuj2{karwari;lat;pra;bahu;parasmEpaxI;ruXAxiH}/yuFjaw{napuM;1;bahu(yuj2;Sawq_lat;ruXAxiH)}/yuFjaw{napuM;2;bahu(yuj2;Sawq_lat;ruXAxiH)}	yuj2{karwari;lat;pra;bahu;parasmEpaxI;ruXAxiH}	-	-	1	006	02	vexa	qgvexa	maNdala-1
1.1	maryAH	5.1	maryAH	maryA{swrI;1;bahu}/maryA{swrI;2;bahu}/maryA{swrI;8;bahu}	maryA{swrI;8;bahu}	samboXyaH,10.1	samboXyaH,10.1	1	006	03	vexa	qgvexa	maNdala-1
10.1	samajAyaWAH	8.1	ajAyaWAH	sam_jan2{karmaNi;laf;ma;eka;AwmanepaxI;xivAxiH}/jan2{karwari;laf;ma;eka;AwmanepaxI;xivAxiH}	sam_jan2{karwari;laf;ma;eka;AwmanepaxI;xivAxiH}	aBihiwa_karwA,9.1;sakarmaka	-	1	006	03	vexa	qgvexa	maNdala-1
2.1	uRaxBiH	7.1	--	uRaw{swrI;3;bahu}	uRaw{swrI;3;bahu}	sahArWaH,10.1	sahArWaH,10.1	1	006	03	vexa	qgvexa	maNdala-1
3.1	a-	3.1	a-kewave	a	a	samAsaH,3.2	samAsaH,3.2	1	006	03	vexa	qgvexa	maNdala-1
3.2	kewave(kewoH)	3.2	--	kewu{puM;4;eka}	kewu{puM;4;eka}	RaRTIsambanXaH,4.1	RaRTIsambanXaH,4.1	1	006	03	vexa	qgvexa	maNdala-1
4.1	kewuM	1.1	kewuM	kewu{puM;2;eka}	kewu{puM;2;eka}	karma,5.1	karma,5.1	1	006	03	vexa	qgvexa	maNdala-1
5.1	kqNvan	2.1	kqNvan	kqNvan{puM;1;eka(kqnvan;Sawq_lat;axAxiH)}	kqNvan{puM;1;eka(kqnvan;Sawq_lat;axAxiH)}	viSeRaNam,9.1	viSeRaNam,9.1	1	006	03	vexa	qgvexa	maNdala-1
6.1	a-	6.1	a-peSase	a	a	samAsaH,6.2	samAsaH,6.2	1	006	03	vexa	qgvexa	maNdala-1
6.2	peSase(peSasaH)	6.2	--	peSas{napuM;4;eka}	peSas{napuM;4;eka}	RaRTIsambanXaH,7.1	RaRTIsambanXaH,7.1	1	006	03	vexa	qgvexa	maNdala-1
7.1	peSaH	4.1	peSaH	peSas{napuM;2;eka}	peSas{napuM;2;eka}	karma,8.1	karma,8.1	1	006	03	vexa	qgvexa	maNdala-1
8.1	(kqNvan)	9.1	kqNvan	kqNvan{puM;1;eka(kqnvan;Sawq_lat;axAxiH)}	kqNvan{puM;1;eka(kqnvan;Sawq_lat;axAxiH)}	viSeRaNam,9.1	viSeRaNam,9.1	1	006	03	vexa	qgvexa	maNdala-1
9.1	(wvaM)	10.1	wvaM	yuRmax{sarvanAma;1;eka}	yuRmax{sarvanAma;1;eka}	karwA,10.1	karwA,4.1	1	006	03	vexa	qgvexa	maNdala-1
1.1	Aw(ananwaraM)	1.1	Aw_aha	Aw{avya}	Aw{avya}	kriyAviSeRaNam,11.1	kriyAviSeRaNam,11.1	1	006	04	vexa	qgvexa	maNdala-1
10.1	garBawvam	6.1	garBawvam	garBawva{puM;2;eka}	garBawva{puM;2;eka}	karma,11.1	karma,11.1	1	006	04	vexa	qgvexa	maNdala-1
11.1	A_Irire	7.1	A_Irire	Ir1{karwari;lit;pra;bahu;AwmanepaxI;axAxiH}/Ir1{karmaNi;lit;pra;bahu;AwmanepaxI;axAxiH}	Ir1{karwari;lit;pra;bahu;AwmanepaxI;axAxiH}	aBihiwa_karwA,6.1;sakarmaka	aBihiwa_karwA,6.1;sakarmaka	1	006	04	vexa	qgvexa	maNdala-1
2.1	aha	2.1	-	aha{avya}	aha{avya}	sambanXaH,1.1	sambanXaH,1.1	1	006	04	vexa	qgvexa	maNdala-1
3.1	yajFiyaM	10.1	yajFiyaM	yajFiya{puM;2;eka}/yajFiya{napuM;1;eka}/yajFiya{napuM;2;eka}	yajFiya{puM;2;eka}	viSeRaNam,4.1	viSeRaNam,4.1	1	006	04	vexa	qgvexa	maNdala-1
4.1	nAma	9.1	nAma(jala)	nAma{puM;2;eka}	nAma{puM;2;eka}	karma,5.1	karma,5.1	1	006	04	vexa	qgvexa	maNdala-1
5.1	xaXAnAH	8.1	xaXAnAH	xaXAna{puM;1;bahu(XA1;SAnac_lat;karwari;juhowyAxiH)}/xaXAnA{swrI;1;bahu(XA1;SAnac_lat;karwari;juhowyAxiH)}/xaXAnA{swrI;2;bahu(XA1;SAnac_lat;karwari;juhowyAxiH)}	xaXAna{puM;1;bahu(XA1;SAnac_lat;karwari;juhowyAxiH)}	viSeRaNam,6.1	viSeRaNam,6.1	1	006	04	vexa	qgvexa	maNdala-1
6.1	(maruwaH)	11.1	maruwaH	maruw{puM;1;bahu}/maruw{puM;2;bahu}/maruw{puM;5;eka}/maruw{puM;6;eka}/maruwa{puM;1;eka}/maruw{puM;8;bahu}	maruw{puM;1;bahu}	karwA,11.1	karwA,11.1	1	006	04	vexa	qgvexa	maNdala-1
7.1	svaXAm	3.1	svaXAm	svaXA{swrI;2;eka}	svaXA{swrI;2;eka}	karmapravacanIya_anviwaH,11.1	ukarmapravacanIya_anviwaH,11.1	1	006	04	vexa	qgvexa	maNdala-1
8.1	anu	4.1	anu	anu{avya}	anu{avya}	karmapravacanIya,7.1	karmapravacanIya,7.1	1	006	04	vexa	qgvexa	maNdala-1
9.1	punaH	5.1	punaH	punaH{avya}	punaH{avya}	kriyAviSeRaNam,11.1	kriyAviSeRaNam,11.1	1	006	04	vexa	qgvexa	maNdala-1
1.1	inxra	6.1	inxra	inxra{puM;8;eka}	inxra{puM;8;eka}	samboXyaH,11.1	samboXyaH,11.1	1	006	05	vexa	qgvexa	maNdala-1
10.1	(wvaM)	11.1	wvaM	yuRmax{swrI;1;eka}	yuRmax{swrI;1;eka}	karwA,11.1	karwA,11.1	1	006	05	vexa	qgvexa	maNdala-1
11.1	anu_avinxaH	8.1	anvavinxaH	anu_vix3{karwari;laf;ma;eka;parasmEpaxI;wuxAxiH}	anu_vix3{karwari;laf;ma;eka;parasmEpaxI;wuxAxiH}	-	-	1	006	05	vexa	qgvexa	maNdala-1
2.1	vIlYu	1.1	vIlYu	vIlYu{napuM;2;eka}	vIlYu{napuM;2;eka}	karma,4.2	karma,4.2	1	006	05	vexa	qgvexa	maNdala-1
3.1	ciw(api)	2.1	ciw(api)	ciw{avya}/ciw{swrI;1;eka}/ciw{swrI;8;eka}	ciw{avya}	sambanXaH,2.1	sambanXaH,2.1	1	006	05	vexa	qgvexa	maNdala-1
4.1	A-	3.1	A-rujawnuBiH	A	A	samAsaH,4.2	samAsaH,4.2	1	006	05	vexa	qgvexa	maNdala-1
4.2	rujawnuBiH	3.2	--	rujawnu{puM;3;bahu}	rujawnu{puM;3;bahu}	viSeRaNam,6.1	viSeRaNam,6.1	1	006	05	vexa	qgvexa	maNdala-1
5.1	vahniBiH	7.1	vahniBiH	vahni{puM;3;bahu}	vahni{puM;3;bahu}	viSeRaNam,6.1	viSeRaNam,6.1	1	006	05	vexa	qgvexa	maNdala-1
6.1	(maruxBiH)	10.1	maruxBiH	maruw{puM;3;bahu}	maruw{puM;3;bahu}	sahArWaH,11.1	sahArWaH,11.1	1	006	05	vexa	qgvexa	maNdala-1
7.1	guhA(guhAyAM)	4.1	guhA	guhA{swrI;7;eka}	guhA{swrI;7;eka}	aXikaraNam,11.1	aXikaraNam,11.1	1	006	05	vexa	qgvexa	maNdala-1
8.1	ciw	5.1	ciw	ciw{avya}/ciw{swrI;1;eka}/ciw{swrI;8;eka}	ciw{avya}	sambanXaH,7.1	sambanXaH,7.1	1	006	05	vexa	qgvexa	maNdala-1
9.1	usriyAH	9.1	uswriyAH	usriyA{swrI;2;bahu}	usriyA{swrI;2;bahu}	karma,11.1	karma,11.1	1	006	05	vexa	qgvexa	maNdala-1
1.1	yaWA	2.1	yaWA	yaWA{avya}	yaWA{avya}	xqRtAnwaxyowakaH,2.1	xqRtAnwaxyowakaH,2.1	1	006	06	vexa	qgvexa	maNdala-1
10.1	anURawa	8.1	anURawa	Nu1{karwari;luf;pra;bahu;AwmanepaxI;axAxiH}	Nu1{karwari;luf;pra;bahu;AwmanepaxI;axAxiH}	-	-	1	006	06	vexa	qgvexa	maNdala-1
2.1	mawiM	3.1	mawiM	mawi{swrI;2;eka}	mawi{swrI;2;eka}	xqRtAnwaH,8.1	xqRtAnwaH,8.1	1	006	06	vexa	qgvexa	maNdala-1
3.1	xevayanwaH	1.1	xevayanwaH	xevayaw{(xeva_kyac_Sawq)puM;1;bahu}	xevayaw{(xeva_kyac_Sawq)puM;1;bahu}	viSeRaNam,4.1	viSeRaNam,4.1	1	006	06	vexa	qgvexa	maNdala-1
4.1	giraH	6.1	giraH	gir{swrI;1;bahu}/gir{swrI;2;bahu}/gir{swrI;5;eka}/gir{swrI;6;eka}/gir{swrI;8;bahu}	gir{swrI;1;bahu}	karwA,10.1	karwA,10.1	1	006	06	vexa	qgvexa	maNdala-1
5.1	vixaxvasuM	5.1	vixaxvasuM	vixaxvas{puM;2;eka}	vixaxvas{puM;2;eka}	viSeRaNam,8.1	viSeRaNam,8.1	1	006	06	vexa	qgvexa	maNdala-1
6.1	SruwaM	9.1	SruwaM	Sruwa{puM;2;eka(Sru1;kwa;BvAxiH)}/Sruwa{napuM;1;eka(Sru1;kwa;BvAxiH)}/Sruwa{napuM;2;eka(Sru1;kwa;BvAxiH)}	Sruwa{puM;2;eka(Sru1;kwa;BvAxiH)}	viSeRaNam,8.1	viSeRaNam,8.1	1	006	06	vexa	qgvexa	maNdala-1
7.1	mahAm(mahAnwam)	7.1	mahAM	mahaw{puM;2;eka}	mahaw{puM;2;eka}	viSeRaNam,8.1	viSeRaNam,8.1	1	006	06	vexa	qgvexa	maNdala-1
8.1	(maruxgaNam)	10.1	maruxgaNam	maruxgaNa{puM;2;eka}/maruxgaNa{napuM;1;eka}/maruxgaNa{napuM;2;eka}	maruxgaNa{puM;2;eka}	karma,10.1	karma,10.1	1	006	06	vexa	qgvexa	maNdala-1
9.1	acCA(acCa)	4.1	acCA	acCa{puM;8;eka}/acCa{napuM;8;eka}/acCA{avya}	acCA{avya}	sambanXaH,8.1	sambanXaH,8.1	1	006	06	vexa	qgvexa	maNdala-1
1.1	maruxgaNa	8.1	-	maruxgaNa{puM;1;eka}	maruxgaNa{puM;1;eka}	samboXyaH,6.1	-#samboXyaH,6.1	1	006	07	vexa	qgvexa	maNdala-1
10.1	inxramaruxgaNO)	10.1	wO	inxramaruxgaNa{puM;1;xvi}	inxramaruxgaNa{puM;1;xvi}	karwA,11.1	karwA,11.1	1	006	07	vexa	qgvexa	maNdala-1
11.1	(swaH)	10.1	swaH	as2{karwari;lat;ma;xvi;parasmEpaxI;axAxiH}	as2{karwari;lat;ma;xvi;parasmEpaxI;axAxiH}	-	-	1	006	07	vexa	qgvexa	maNdala-1
2.1	a-	5.1	a-biByuRA	a	a	samAsaH,2.2	samAsaH,2.2	1	006	07	vexa	qgvexa	maNdala-1
2.2	biByuRA	5.2	--	biByuR{pu;3;bahu(BI;lit_kvasu;parasmEpaxI;juhowyAxiH)}	biByuR{pu;3;bahu(BI;lit_kvasu;parasmEpaxI;juhowyAxiH)}	viSeRaNam,3.1	viSeRaNam,3.1	1	006	07	vexa	qgvexa	maNdala-1
3.1	inxreNa	1.1	inxreNa	inxra{puM;3;eka}	inxra{puM;3;eka}	sahArWaH,4.2	sahArWaH,4.2	1	006	07	vexa	qgvexa	maNdala-1
4.1	saM-	4.1	saM-jagmAnaH	saM	saM	samAsaH,4.2	samAsaH,4.2	1	006	07	vexa	qgvexa	maNdala-1
4.2	jagmAnaH	4.2	--	jagmAna{puM;1;eka(sam_gam;lit_kAnac;AwmanepaxI;BvAxiH)}	jagmAna{puM;1;eka(sam_gam;lit_kAnac;AwmanepaxI;BvAxiH)}	viSeRaNam,5.1	viSeRaNam,5.1	1	006	07	vexa	qgvexa	maNdala-1
5.1	(wvaM)	9.1	wvaM	yuRmax{sarvanAma;1;eka}	yuRmax{sarvanAma;1;eka}	karwA,6.1	karma,6.1	1	006	07	vexa	qgvexa	maNdala-1
6.1	saM_xqkRase	3.1	saMxqkRase	sam_xqS1{karmaNi;let;ma;eka;AwmanepaxI;BvAxiH}	sam_xqS1{karmaNi;let;ma;eka;AwmanepaxI;BvAxiH}	aBihiwa_karma,5.1;sakarmaka	-	1	006	07	vexa	qgvexa	maNdala-1
7.1	hi	2.1	hi	hi{avya}	hi{avya}	sambanXaH,6.1	sambanXaH,6.1	1	006	07	vexa	qgvexa	maNdala-1
8.1	manxU	6.1	manxU	manxu{puM;1;xvi}	manxu{puM;1;xvi}	viSeRaNam,10.1	viXeya_viSeRaNam,10.1	1	006	07	vexa	qgvexa	maNdala-1
9.1	samAna-	7.1	samAna-varcasA	samAna(sam_an1;GaF;axAxiH)	samAna(sam_an1;GaF;axAxiH)	samAsaH,9.2	samAsaH,9.2	1	006	07	vexa	qgvexa	maNdala-1
9.2	varcasA(varcasO)	7.2	--	varcas{puM;8;xvi}/varcas{puM;1;xvi}/varcas{puM;2;xvi}	varcas{puM;1;xvi}	viSeRaNam,10.1	viSeRaNam,10.1	1	006	07	vexa	qgvexa	maNdala-1
1.1	maKaH	3.1	maKaH	maKa{puM;1;eka}	maKa{puM;1;eka}	karwA,9.1	karwA,9.1	1	006	08	vexa	qgvexa	maNdala-1
2.1	inxrasya(inxram)	7.1	inxrasya	inxra{puM;6;eka}	inxra{puM;6;eka}	karma,9.1	karma,9.1	1	006	08	vexa	qgvexa	maNdala-1
3.1	anavaxyEH	1.1	anavaxyEH	anavaxya{puM;3;bahu}/anavaxya{napuM;3;bahu}	anavaxya{puM;3;bahu}	viSeRaNam,6.1	viSeRaNam,6.1	1	006	08	vexa	qgvexa	maNdala-1
4.1	aBixyuBiH	2.1	aBixyuBiH	aBixyu{puM;3;bahu}	aBixyu{puM;3;bahu}	viSeRaNam,6.1	viSeRaNam,6.1	1	006	08	vexa	qgvexa	maNdala-1
5.1	kAmyEH	8.1	kAmyEH	kAmya{puM;3;bahu(kam1;Nyaw;BvAxiH)}/kAmya{napuM;3;bahu(kam1;Nyaw;BvAxiH)}	kAmya{puM;3;bahu(kam1;Nyaw;BvAxiH)}	viSeRaNam,6.1	viSeRaNam,6.1	1	006	08	vexa	qgvexa	maNdala-1
6.1	gaNEH	6.1	gaNEH	gaNa{puM;3;bahu}	gaNa{puM;3;bahu}	sahArWaH,1.1	sahArWaH,1.1	1	006	08	vexa	qgvexa	maNdala-1
7.1	(saha)	9.1	saha	saha{avya}	saha{avya}	sahArWa_xyowakaH,6.1	sahArWa_xyowakaH,6.1	1	006	08	vexa	qgvexa	maNdala-1
8.1	sahasvaw(sahasvanwam)	4.1	sahasvaw	sahas{avya;vaw}/sahas{mawup;napuM;1;eka}/sahas{mawup;napuM;2;eka}	sahasvaw{puM;2;eka(sahas;mawup)}	viSeRaNam,2.1	viSeRaNam,2.1	1	006	08	vexa	qgvexa	maNdala-1
9.1	arcawi	5.1	arcawi	arc{karwari;lat;pra;eka;parasmEpaxI;BvAxiH}	arc{karwari;lat;pra;eka;parasmEpaxI;BvAxiH}	-	-	1	006	08	vexa	qgvexa	maNdala-1
1.1	parijman	2.1	parijman	parijman{puM;8;eka}	parijman{puM;8;eka}	samboXyaH,7.1	samboXyaH,7.1	1	006	09	vexa	qgvexa	maNdala-1
10.1	sam_qFjawe	9.1	samqFjawe	sam_qj2{karwari;lat;pra;eka;AwmanepaxI;BvAxiH}	sam_qj2{karwari;lat;pra;eka;AwmanepaxI;BvAxiH}	-	-	1	006	09	vexa	qgvexa	maNdala-1
2.1	awaH(anwarikRAw)	1.1	awaH	awaH{ewax;wasil;avya}	awaH{ewax;wasil;avya}	apAxAnam,7.1	apAxAnam,7.1	1	006	09	vexa	qgvexa	maNdala-1
3.1	xivaH(xyulokAw)	4.1	xivaH	xiv{swrI;1;bahu}/xiv{swrI;2;bahu}/xiv{swrI;5;eka}/xiv{swrI;6;eka}/xiv{swrI;8;bahu}	xiv{swrI;5;eka}	anyawaraH,2.1	anyawaraH,2.1	1	006	09	vexa	qgvexa	maNdala-1
4.1	rocanAw(AxiwyamaNdalAw)	6.1	rocanAw	rocana{napuM;5;eka(ruc1;lyut;BvAxiH)}	rocana{napuM;5;eka(ruc1;lyut;BvAxiH)}	anyawaraH,2.1	anyawaraH,2.1	1	006	09	vexa	qgvexa	maNdala-1
5.1	aXi	7.1	aXi	aXi{avya}	aXi{avya}	karmapravacanIyaH,4.1	karmapravacanIyaH,4.1	1	006	09	vexa	qgvexa	maNdala-1
6.1	vA	5.1	vA	vA{avya}	vA{avya}	anyawara_xyowakaH,2.1	anyawara_xyowakaH,2.1	1	006	09	vexa	qgvexa	maNdala-1
7.1	Agahi	3.1	Agahi	Af_gam1{karwari;lot;ma;eka;parasmEpaxI;BvAxiH}	Af_gam1{karwari;lot;ma;eka;parasmEpaxI;BvAxiH}	-	-	1	006	09	vexa	qgvexa	maNdala-1
8.1	asmin	8.1	asmin	ixam{sarvanAma;puM;7;eka}/ixam{sarvanAma;napuM;7;eka}	ixam{sarvanAma;puM;7;eka}	aXikaraNam,10.1	aXikaraNam,10.1	1	006	09	vexa	qgvexa	maNdala-1
9.1	giraH	10.1	giraH	gir{swrI;1;bahu}/gir{swrI;2;bahu}/gir{swrI;5;eka}/gir{swrI;6;eka}/gir{swrI;8;bahu}	gir{swrI;2;bahu}	karma,10.1	karma,10.1	1	006	09	vexa	qgvexa	maNdala-1
1.1	iwaH	1.1	iwaH	iwaH{ixaM;wasil;avya}/i1{karwari;lat;pra;xvi;parasmEpaxI;axAxiH}/iwa{puM;1;eka(i1;kwa;axAxiH)}	iwaH{ixaM;wasil;avya}	viSeRaNam,2.1	viSeRaNam,2.1	1	006	10	vexa	qgvexa	maNdala-1
10.1	sAwiM	3.1	sAwiM	sAwi{swrI;2;eka}	sAwi{swrI;2;eka}	karma,11.1	karma,11.1	1	006	10	vexa	qgvexa	maNdala-1
11.1	aXi_Imahe	4.1	aXImahe	aXi_i2{karwari;lat;u;bahu;AwmanepaxI;axAxiH}	aXi_i2{karwari;lat;u;bahu;AwmanepaxI;axAxiH}	-	-	1	006	10	vexa	qgvexa	maNdala-1
2.1	pArWivAw	7.1	pArWivAw	pArWiva{puM;5;eka}	pArWiva{puM;5;eka}	apAxAnam,11.1	apAxAnam,11.1	1	006	10	vexa	qgvexa	maNdala-1
3.1	vA	2.1	vA	vA{avya}	vA{avya}	anyawara_xyowakaH,2.1	anyawara_xyowakaH,2.1	1	006	10	vexa	qgvexa	maNdala-1
4.1	xivaH	5.1	xivo	xiv{swrI;1;bahu}/xiv{swrI;2;bahu}/xiv{swrI;5;eka}/xiv{swrI;6;eka}/xiv{swrI;8;bahu}	xiv{swrI;5;eka}	anyawaraH,2.1	anyawaraH,2.1	1	006	10	vexa	qgvexa	maNdala-1
5.1	vA	6.1	vA	vA{avya}	vA{avya}	anyawara_xyowakaH,4.1	anyawara_xyowakaH,4.1	1	006	10	vexa	qgvexa	maNdala-1
6.1	mahaH(mahawaH)	9.1	mahaH	maha{puM;1;eka}/mahas{napuM;1;eka}/mahas{napuM;2;eka}/mahas{napuM;8;eka}/{puM;5;eka;akArawakArayorlopaSCAnxasaH}	maha{puM;5;eka;akArawakArayorlopaSCAnxasaH}	viSeRaNam,7.1	viSeRaNam,7.1	1	006	10	vexa	qgvexa	maNdala-1
7.1	rajasaH	11.1	rajasaH	rajas{puM;1;bahu}/rajas{puM;2;bahu}/rajas{puM;5;eka}/rajas{puM;6;eka}/rajas{napuM;5;eka}/rajas{napuM;6;eka}/rajas{puM;8;bahu}	rajas{puM;5;eka}	anyawaraH,2.1	anyawaraH,2.1	1	006	10	vexa	qgvexa	maNdala-1
8.1	vA	10.1	vA	vA{avya}	vA{avya}	anyawara_xyowakaH,7.1	anyawara_xyowakaH,7.1	1	006	10	vexa	qgvexa	maNdala-1
9.1	inxraM	8.1	inxraM	inxra{puM;2;eka}	inxra{puM;2;eka}	karma,11.1	karma,11.1	1	006	10	vexa	qgvexa	maNdala-1
1.1	gAWinaH	3.1	gAWinaH	gAWin{puM;1;bahu}	gAWin{puM;1;bahu}	karwA,5.1	karwA,5.1	1	007	01	vexa	qgvexa	maNdala-1
10.1	(aXvaryavaH)	12.1	aXvaryavaH	aXvaryu{puM;1;bahu}	aXvaryu{puM;1;bahu}	karwA,13.1	karwA,13.1	1	007	01	vexa	qgvexa	maNdala-1
11.1	vANIH(vAgBiH)	9.1	vANIH	vAc{swrI;3;bahu}	vAc{swrI;3;bahu}	karaNam,13.1	karaNam,13.1	1	007	01	vexa	qgvexa	maNdala-1
12.1	inxram	8.1	inxram	inxra{puM;2;eka}	inxra{puM;2;eka}	karma,13.1	karma,13.1	1	007	01	vexa	qgvexa	maNdala-1
13.1	[anURawa]	13.1	anURawa	Nu1{karwari;luf;pra;bahu;parasmEpaxI;axAxiH}	Nu1{karwari;luf;pra;bahu;parasmEpaxI;axAxiH}	-	-	1	007	01	vexa	qgvexa	maNdala-1
2.1	inxraM	1.1	inxraM	inxra{puM;2;eka}	inxra{puM;2;eka}	karma,5.1	karma,5.1	1	007	01	vexa	qgvexa	maNdala-1
3.1	iw	2.1	iw	iw{avya}	iw{avya}	sambanXaH,2.1	sambanXaH,2.1	1	007	01	vexa	qgvexa	maNdala-1
4.1	bqhaw(bqhawA)	4.1	bqhaw	bqhaw{puM;1;eka}/bqhaw{napuM;1;eka}/bqhaw{napuM;2;eka}/bqhaw{swrI;1;eka}/bqhaw{puM;8;eka}/bqhaw{napuM;8;eka}/bqhaw{swrI;8;eka}	bqhaw{puM;3;eka}	karaNam,5.1	karaNam,5.1	1	007	01	vexa	qgvexa	maNdala-1
5.1	anURawa	10.1	anURawa	Nu1{karwari;luf;pra;bahu;parasmEpaxI;axAxiH}	Nu1{karwari;luf;pra;bahu;parasmEpaxI;axAxiH}	-	-	1	007	01	vexa	qgvexa	maNdala-1
6.1	arkiNaH	7.1	arkiNaH	arkin{puM;1;bahu}	arkin{puM;1;bahu}	karwA,9.1	karwA,9.1	1	007	01	vexa	qgvexa	maNdala-1
7.1	arkeBiH	6.1	arkEBiH	arka{puM;3;bahu}	arka{puM;3;bahu}	karaNam,9.1	karaNam,9.1	1	007	01	vexa	qgvexa	maNdala-1
8.1	inxram	5.1	inxram	inxra{puM;2;eka}	inxra{puM;2;eka}	karma,9.1	karma,9.1	1	007	01	vexa	qgvexa	maNdala-1
9.1	[anURawa]	11.1	anURawa	Nu1{karwari;luf;pra;bahu;parasmEpaxI;axAxiH}	Nu1{karwari;luf;pra;bahu;parasmEpaxI;axAxiH}	-	-	1	007	01	vexa	qgvexa	maNdala-1
1.1	A_saMmiSlaH	5.1	A_saMmiSlaH	A_sammiSla{puM;1;eka}	A_sammiSla{puM;1;eka}	viXeya_viSeRaNam,2.1	viXeya_viSeRaNam,2.1	1	007	02	vexa	qgvexa	maNdala-1
10.1	inxraH	7.1	inxraH	inxra{puM;1;eka}	inxra{puM;1;eka}	karwA,11.1	karwA,11.1	1	007	02	vexa	qgvexa	maNdala-1
11.1	(aswi)	11.1	aswi	as2{karwari;lat;pra;eka;parasmEpaxI;axAxiH}	as2{karwari;lat;pra;eka;parasmEpaxI;axAxiH}	aBihiwa_karwA,10.1	-	1	007	02	vexa	qgvexa	maNdala-1
2.1	inxraH	1.1	inxraH	inxra{puM;1;eka}	inxra{puM;1;eka}	karwA,7.1	karwA,7.1	1	007	02	vexa	qgvexa	maNdala-1
3.1	iw	2.1	iw	iw{avya}	iw{avya}	sambanXaH,2.1	sambanXaH,2.1	1	007	02	vexa	qgvexa	maNdala-1
4.1	vaco-	6.1	vaco-yujA	vacas	vacas	samAsaH,4.2	samAsaH,4.2	1	007	02	vexa	qgvexa	maNdala-1
4.2	yujA(yujoH)	6.2	--	yuj{puM;6;xvi}/yuj{puM;7;xvi}	yuj{puM;6;xvi}	viSeRaNam,5.1	viSeRaNam,5.1	1	007	02	vexa	qgvexa	maNdala-1
5.1	haryoH	3.1	haryoH	hari{puM;6;xvi}/harI{swrI;6;xvi}/hari{puM;7;xvi}/harI{swrI;7;xvi}	hari{puM;6;xvi}	RaRTIsambanXaH,1.1	RaRTIsambanXaH,1.1	1	007	02	vexa	qgvexa	maNdala-1
6.1	sacA	4.1	sacA	sacA{avya}	sacA{avya}	kriyAviSeRaNam,1.1	kriyAviSeRaNam,1.1	1	007	02	vexa	qgvexa	maNdala-1
7.1	(aswi)	10.1	aswi	as2{karwari;lat;pra;eka;parasmEpaxI;axAxiH}	as2{karwari;lat;pra;eka;parasmEpaxI;axAxiH}	aBihiwa_karwA,2.1	-	1	007	02	vexa	qgvexa	maNdala-1
8.1	vajrI	8.1	vajrI	vajrin{puM;1;eka}	vajrin{puM;1;eka}	viXeya_viSeRaNam,10.1	viXeya_viSeRaNam,10.1	1	007	02	vexa	qgvexa	maNdala-1
9.1	hiraNyayaH	9.1	hiraNyayaH	hiraNyayaH{puM;1;eka}	hiraNyayaH{puM;1;eka}	viXeya_viSeRaNam,10.1	viXeya_viSeRaNam,10.1	1	007	02	vexa	qgvexa	maNdala-1
1.1	inxraH	1.1	inxraH	inxra{puM;1;eka}	inxra{puM;1;eka}	karwA,6.1	karwA,6.1	1	007	03	vexa	qgvexa	maNdala-1
10.1	(sUryaH)	10.1	-	sUrya{puM;1;eka}	sUrya{puM;1;eka}	karwA,9.1	karwA,9.1	1	007	03	vexa	qgvexa	maNdala-1
2.1	xIrGAya	2.1	xIrGAya	xIrGa{puM;4;eka}/xIrGa{napuM;4;eka}	xIrGa{puM;4;eka}	viSeRaNam,3.1	viSeRaNam,3.1	1	007	03	vexa	qgvexa	maNdala-1
3.1	cakRase	3.1	cakRase	cakRas{puM;4;eka}	cakRas{puM;4;eka}	prayojanam,6.1	praprayojanam,6.1	1	007	03	vexa	qgvexa	maNdala-1
4.1	xivi	6.1	xivi	xiv{swrI;7;eka}	xiv{swrI;7;eka}	aXikaraNam,6.1	aXikaraNam,6.1	1	007	03	vexa	qgvexa	maNdala-1
5.1	sUryam	4.1	sUryam	sUrya{puM;2;eka}	sUrya{puM;2;eka}	karma,6.1	karma,6.1	1	007	03	vexa	qgvexa	maNdala-1
6.1	A_rohayaw	5.1	arohayaw	ruh1{Nijanwa;karwari;laf;pra;eka;parasmEpaxI;BvAxiH}	ruh1{Nijanwa;karwari;laf;pra;eka;parasmEpaxI;BvAxiH}	aBihiwa_karwA,1.1;sakarmaka	-	1	007	03	vexa	qgvexa	maNdala-1
7.1	goBiH	7.1	goBiH	go{puM;3;bahu}/go{swrI;3;bahu}	go{puM;3;bahu}	karaNam,9.1	karaNam,9.1	1	007	03	vexa	qgvexa	maNdala-1
8.1	axriM	8.1	axriM	axri{puM;2;eka}	axri{puM;2;eka}	karma,9.1	karma,9.1	1	007	03	vexa	qgvexa	maNdala-1
9.1	vi_Erayaw	9.1	Erayaw	Ir1{Nijanwa;karwari;laf;pra;eka;parasmEpaxI;axAxiH}	Ir1{Nijanwa;karwari;laf;pra;eka;parasmEpaxI;axAxiH}	-	-	1	007	03	vexa	qgvexa	maNdala-1
1.1	inxra	1.1	inxra	inxra{puM;8;eka}	inxra{puM;8;eka}	samboXyaH,10.1	samboXyaH,10.1	1	007	04	vexa	qgvexa	maNdala-1
10.1	ava	4.1	ava	av1{karwari;lot;ma;eka;parasmEpaxI;BvAxiH}	av1{karwari;lot;ma;eka;parasmEpaxI;BvAxiH}	-	-	1	007	04	vexa	qgvexa	maNdala-1
11.1	(vAjeRu)	11.1	-	vAja{puM;7;bahu}	vAja{puM;7;bahu}	samucciwaH,7.1	samucciwaH,7.1	1	007	04	vexa	qgvexa	maNdala-1
2.1	ugraH	7.1	ugraH	ugra{puM;1;eka}	ugra{puM;1;eka}	viSeRaNam,3.1	viSeRaNam,3.1	1	007	04	vexa	qgvexa	maNdala-1
3.1	(wvaM)	10.1	wvaM	yuRmax{sarvanAma;1;eka}	yuRmax{sarvanAma;1;eka}	karwA,10.1	karwA,10.1	1	007	04	vexa	qgvexa	maNdala-1
4.1	ugrABiH	8.1	ugrABiH	ugrA{swrI;3;bahu}	ugrA{swrI;3;bahu}	viSeRaNam,5.1	viSeRaNam,5.1	1	007	04	vexa	qgvexa	maNdala-1
5.1	UwiBiH	9.1	UwiBiH	Uwi{swrI;3;bahu}	Uwi{swrI;3;bahu}	karaNam,10.1	karaNam,10.1	1	007	04	vexa	qgvexa	maNdala-1
6.1	sahasra-	5.1	sahasra-praXaneRu	sahasra	sahasra	samAsaH,6.2	samAsaH,6.2	1	007	04	vexa	qgvexa	maNdala-1
6.2	praXaneRu	5.2	--	praXana{napuM;7;bahu}/praXana{puM;7;bahu}	praXana{puM;7;bahu}	viSeRaNam,11.1	viSeRaNam,11.1	1	007	04	vexa	qgvexa	maNdala-1
7.1	vAjeRu	2.1	vAjeRu	vAja{puM;7;bahu}	vAja{puM;7;bahu}	aXikaraNam,10.1	aXikaraNam,10.1	1	007	04	vexa	qgvexa	maNdala-1
8.1	ca	6.1	ca	ca{avya}	ca{avya}	samuccaya_xyowakaH,7.1	samuccaya_xyowakaH,7.1	1	007	04	vexa	qgvexa	maNdala-1
9.1	naH	3.1	naH	asmax{sarvanAma;2;bahu}/asmax{sarvanAma;6;bahu}/asmax{sarvanAma;4;bahu}/nq{puM;8;eka}	asmax{sarvanAma;2;bahu}	karma,10.1	karma,10.1	1	007	04	vexa	qgvexa	maNdala-1
1.1	vayam	2.1	vayam	asmax{sarvanAma;1;bahu}	asmax{sarvanAma;1;bahu}	karwA,4.1	karwA,4.1	1	007	05	vexa	qgvexa	maNdala-1
10.1	vajriNaM	9.1	vajriNaM	vajrin{puM;2;eka}	vajrin{puM;2;eka}	viSeRaNam,11.1	viSeRaNam,11.1	1	007	05	vexa	qgvexa	maNdala-1
11.1	(inxraM)	11.1	inxraM	inxra{puM;2;eka}	inxra{puM;2;eka}	karma,12.1	karma,12.1	1	007	05	vexa	qgvexa	maNdala-1
12.1	(havAmahe)	12.1	havAmahe	hve1{karwari;lat;u;bahu;AwmanepaxI;BvAxiH;CAnxasarUpam}	hve1{karwari;lat;u;bahu;AwmanepaxI;BvAxiH;CAnxasarUpam}	-	-	1	007	05	vexa	qgvexa	maNdala-1
2.1	mahA-	3.1	mahA-Xane	mahaw	mahaw	samAsaH,2.2	samAsaH,2.2	1	007	05	vexa	qgvexa	maNdala-1
2.2	Xane	3,2	--	Xana{napuM;1;xvi}/Xana{napuM;2;xvi}/Xana{napuM;8;xvi}/Xana{napuM;7;eka}/Xana{puM;7;eka}/XanA{swrI;8;eka}/XanA{swrI;8;xvi}/XanA{swrI;1;xvi}/XanA{swrI;2;xvi}	Xana{napuM;7;eka}	nimiwwasapwamI,4.1	nimiwwasapwamI,4.1	1	007	05	vexa	qgvexa	maNdala-1
3.1	inxraM	1.1	inxraM	inxra{puM;2;eka}	inxra{puM;2;eka}	karma,4.1	karma,4.1	1	007	05	vexa	qgvexa	maNdala-1
4.1	havAmahe	6	havAmahe	hve1{karwari;lat;u;bahu;AwmanepaxI;BvAxiH;CAnxasarUpam}	hve1{karwari;lat;u;bahu;AwmanepaxI;BvAxiH;CAnxasarUpam}	-	samucciwaH,11.1	1	007	05	vexa	qgvexa	maNdala-1
5.1	arBe	5.1	arBe	arBa{puM;7;eka}	arBa{puM;7;eka}	nimiwwasapwamI,7.1	nimiwwasapwamI,7.1	1	007	05	vexa	qgvexa	maNdala-1
6.1	inxraM	4.1	-	inxra{puM;2;eka}	inxra{puM;2;eka}	karma,7.1	karma,7.1	1	007	05	vexa	qgvexa	maNdala-1
7.1	(havAmahe)	10.1	-	hve1{karwari;lat;u;bahu;AwmanepaxI;BvAxiH;CAnxasarUpam}	hve1{karwari;lat;u;bahu;AwmanepaxI;BvAxiH;CAnxasarUpam}	-	-	1	007	05	vexa	qgvexa	maNdala-1
8.1	yujaM	7.1	yujaM	yuj{puM;2;eka}	yuj{puM;2;eka}	viSeRaNam,11.1	viSeRaNam,11.1	1	007	05	vexa	qgvexa	maNdala-1
9.1	vqwreRu	8.1	vqwreRu	vqwra{puM;7;bahu}/vqwra{napuM;7;bahu}	vqwra{puM;7;bahu}	aXikaraNam,12.1	aXikaraNam,12.1	1	007	05	vexa	qgvexa	maNdala-1
1.1	sawrA-	6.1	sawrA-xAvan	sawrA	sawrA	samAsaH,1.2	\@t samAsaH,1.2	1	007	06	vexa	qgvexa	maNdala-1
1.2	xAvan	6.2	--	xAvan{puM;8;eka(xA;vanip)}	xAvan{puM;8;eka(xA;vanip)}	samboXyaH,10.1	samboXyaH,10.1	1	007	06	vexa	qgvexa	maNdala-1
10.1	vqXi	8.1	apAvqXi	vq1{karwari;lot;ma;eka;parasmEpaxI;svAxiH}	vq1{karwari;lot;ma;eka;parasmEpaxI;svAxiH}	aBihiwa_karwA,5.1	-	1	007	06	vexa	qgvexa	maNdala-1
11.1	(wvam)	13.1	-	yuRmax{sarvanAma;1;eka}	yuRmax{sarvanAma;1;eka}	karwA,14.1	karwA,14.1	1	007	06	vexa	qgvexa	maNdala-1
12.1	asmaByam	9.1	asmaByam	asmax{sarvanAma;4;bahu}	asmax{sarvanAma;4;bahu}	prayojanam,14.1	prayojanam,14.1	1	007	06	vexa	qgvexa	maNdala-1
13.1	a-	10.1	a-prawiRkuwaH	a	a	samAsaH,13.2	samAsaH,13.2	1	007	06	vexa	qgvexa	maNdala-1
13.2	prawiRkuwaH	10.2	--	prawiRkuwa{puM;1;eka(prawi_sut_ku;kwa)}	prawiRkuwa{puM;1;eka(prawi_sut_ku;kwa)}	viXeya_viSeRaNam,11.1	viXeya_viSeRaNam,11.1	1	007	06	vexa	qgvexa	maNdala-1
14.1	(asi)	14.1	-	as{karwari;lat;ma;eka;parasmEpaxI;axAxiH}	as{karwari;lat;ma;eka;parasmEpaxI;axAxiH}	aBihiwa_karwA,14.1	aBihiwa_karwA,14.1	1	007	06	vexa	qgvexa	maNdala-1
2.1	vqRan	3.1	vqRan	vqRan{napuM;8;eka}	vqRan{napuM;8;eka}	samucciwaH,1.2	samucciwaH,1.2	1	007	06	vexa	qgvexa	maNdala-1
3.1	(ca)	11.1	ca	ca{avya}	ca{avya}	samaccaya_xyowakaH,1.2	samaccaya_xyowakaH,1.2	1	007	06	vexa	qgvexa	maNdala-1
4.1	saH	1.1	saH	wax{sarvanAma;puM;1;eka}	wax{sarvanAma;puM;1;eka}	viSeRaNam,5.1	viSeRaNam,5.1	1	007	06	vexa	qgvexa	maNdala-1
5.1	(wvam)	12.1	wvam	yuRmax{sarvanAma;1;eka}	yuRmax{sarvanAma;1;eka}	karwA,10.1	karwA,10.1	1	007	06	vexa	qgvexa	maNdala-1
6.1	naH	2.1	naH	asmax{sarvanAma;2;bahu}/asmax{sarvanAma;6;bahu}/asmax{sarvanAma;4;bahu}/nq{puM;8;eka}	asmax{sarvanAma;6;bahu}	prayojanam,10.1	prayojanam,10.1	1	007	06	vexa	qgvexa	maNdala-1
7.1	amuM	4.1	amuM	axas{sarvanAma;puM;2;eka}	axas{sarvanAma;puM;2;eka}	viSeRaNam,8.1	viSeRaNam,8.1	1	007	06	vexa	qgvexa	maNdala-1
8.1	caruM	5.1	caruM	caru{puM;2;eka}	caru{puM;2;eka}	karmapravacanIya_anviwaH,10.1	karmapravacanIya_anviwaH,10.1	1	007	06	vexa	qgvexa	maNdala-1
9.1	apa	7.1	-	apa{avya}	apa{avya}	karmapravacanIyaH,8.1	karmapravacanIyaH,8.1	1	007	06	vexa	qgvexa	maNdala-1
1.1	wuFje-	1.1	wuFje-wuFje	wuFje	wuFje	kevalasamAsaH,1.2	kevalasamAsaH,1.2	1	007	07	vexa	qgvexa	maNdala-1
1.2	wuFje	1.2	--	wuFja{puM;7;eka}/wuFja{napuM;8;xvi}/wuFja{napuM;1;xvi}/wuFja{napuM;2;xvi}/wuFja{napuM;7;eka}/wuFjA{swrI;8;eka}/wuFjA{swrI;8;xvi}/wuFjA{swrI;1;xvi}/wuFjA{swrI;2;xvi}	wuFja{puM;7;eka}	aXikaraNam,5.1	aXikaraNam,5.1	1	007	07	vexa	qgvexa	maNdala-1
10.1	su-	10.1	suRtuwiM	su	su	samAsaH,10.2	samAsaH,10.2	1	007	07	vexa	qgvexa	maNdala-1
10.2	swuwiM	10.2	-	swuwi{swrI;2;eka(swu;kwin)}	swuwi{swrI;2;eka(swu;kwin)}	karma,13.1	samAsaH,10.2	1	007	07	vexa	qgvexa	maNdala-1
11.1	na	7.1	na	na{avya}	na{avya}	prawiReXaH,13.1	prawiReXaH,13.1	1	007	07	vexa	qgvexa	maNdala-1
12.1	(ahaM)	13.1	ahaM	asmax{sarvanAma;1;eka}	asmax{sarvanAma;1;eka}	karwA,13.1	karwA,13.1	1	007	07	vexa	qgvexa	maNdala-1
13.1	vinXe	8.1	vinxe	vix4{karwari;lat;u;eka;AwmanepaxI;ruXAxiH}/vix3{karwari;lat;u;eka;AwmanepaxI;wuxAxiH}	vix3{karwari;lat;u;eka;AwmanepaxI;wuxAxiH}	aBihiwa_karwA,12.1	-	1	007	07	vexa	qgvexa	maNdala-1
2.1	ye	2.1	ye	yax{sarvanAma;puM;1;bahu}/yax{sarvanAma;napuM;1;xvi}/yax{sarvanAma;napuM;2;xvi}/yax{sarvanAma;swrI;1;xvi}/yax{sarvanAma;swrI;2;xvi}	yax{sarvanAma;puM;1;bahu}	viSeRaNam,3.1;niwya_sambanXaH,6.1	viSeRaNam,3.1;niwya_sambanXaH,6.1	1	007	07	vexa	qgvexa	maNdala-1
3.1	swomAH	4.1	swomAH	swoma{puM;1;bahu}/swoma{puM;8;bahu}	swoma{puM;1;bahu}	karwA,5.1	karwA,5.1	1	007	07	vexa	qgvexa	maNdala-1
4.1	uwware	3.1	uwware	uwwara{sarvanAma;puM;1;bahu}/uwwara{sarvanAma;napuM;1;xvi}/uwwara{sarvanAma;napuM;2;xvi}/uwwarA{sarvanAma;swrI;1;xvi}/uwwarA{sarvanAma;swrI;2;xvi}/uwwarA{swrI;8;eka}/uwwara{puM;7;eka}/uwwara{napuM;7;eka}/uwwara{sarvanAma;puM;7;eka}/uwwara{sarvanAma;napuM;7;eka}	uwwara{sarvanAma;puM;1;bahu	viXeya_viSeRaNam,3.1	viXeya_viSeRaNam,3.1	1	007	07	vexa	qgvexa	maNdala-1
5.1	(sanwi)	-	sanwi	as2{karwari;lat;pra;bahu;parasmEpaxI;axAxiH}/saw{napuM;8;bahu}/saw{napuM;1;bahu(as2;Sawq_lat;axAxiH)}/saw{napuM;2;bahu(as2;Sawq_lat;axAxiH)}	as2{karwari;lat;pra;bahu;parasmEpaxI;axAxiH}	aBihiwa_karwA,2.1	karma,8.1	1	007	07	vexa	qgvexa	maNdala-1
6.1	(wEH)(swomEH)	12.1	wEH	wax{sarvanAma;puM;3;bahu}/wax{sarvanAma;napuM;3;bahu}	wax{sarvanAma;puM;3;bahu}	karaNam,13.1	karaNam,13.1	1	007	07	vexa	qgvexa	maNdala-1
7.1	vajriNaH	6.1	vajriNaH	vajrin{puM;1;bahu}/vajrin{puM;2;bahu}/vajrin{puM;5;eka}/vajrin{puM;6;eka}/vajrin{puM;8;bahu}	vajrin{puM;6;eka}	viSeRaNam,9.1	viSeRaNam,9.1	1	007	07	vexa	qgvexa	maNdala-1
8.1	asya	9.1	asya	ixam{sarvanAma;puM;6;eka}/ixam{sarvanAma;napuM;6;eka}/as3{karwari;lot;ma;eka;parasmEpaxI;xivAxiH}	ixam{sarvanAma;puM;6;eka}	viSeRaNam,9.1	viSeRaNam,9.1	1	007	07	vexa	qgvexa	maNdala-1
9.1	inxrasya	5.1	inxrasya	inxra{puM;6;eka}	inxra{puM;6;eka}	RaRTIsambanXaH,10.2	RaRTIsambanXaH,10.2	1	007	07	vexa	qgvexa	maNdala-1
1.1	yUWA(yUWAni)-	2.1	yUWa	yUWa{napuM;2;bahu}	yUWa{napuM;2;bahu}	kevalasamAsaH,1.2	kevalasamAsaH,1.2	1	007	08	vexa	qgvexa	maNdala-1
1.2	iva	3.1	-	iva{avyayaH}	iva{avyayaH}	upamAnam,7.1	upamAnam,7.1	1	007	08	vexa	qgvexa	maNdala-1
2.1	vaMsagaH	4.1	vaMsagaH	vaMsagaH{puM;1;eka}	vaMsagaH{puM;1;eka}	upamAnam,5.1	upamAnam,5.1	1	007	08	vexa	qgvexa	maNdala-1
3.1	a-	9.1	a-prawiRkuwaH	a	a	samAsaH,3.2	samAsaH,3.2	1	007	08	vexa	qgvexa	maNdala-1
3.2	prawiRkuwaH	9.2	--	prawiRkuwa{puM;1;eka(prawi_sut_ku;kwa)}	prawiRkuwa{puM;1;eka(prawi_sut_ku;kwa)}	viSeRaNam,5.1	viSeRaNam,5.1	1	007	08	vexa	qgvexa	maNdala-1
4.1	ISAnaH	8.1	ISAnaH	ISAna{puM;1;eka}/ISAna{puM;1;eka(IS1;SAnac_lat;karwari;axAxiH)}	ISAna{puM;1;eka(IS1;SAnac_lat;karwari;axAxiH)}	viSeRaNam,5.1	viSeRaNam,5.1	1	007	08	vexa	qgvexa	maNdala-1
5.1	vqRA(varRiwenxraH)	1.1	vqRA	vqRan{puM;1;eka}	vqRan{puM;1;eka}	karwA,8.1	karwA,8.1	1	007	08	vexa	qgvexa	maNdala-1
6.1	ojasA	7.1	ojasA	ojas{napuM;3;eka}	ojas{napuM;3;eka}	karaNam,8.1	karaNam,8.1	1	007	08	vexa	qgvexa	maNdala-1
7.1	kqRtIH	5.1	kqRtIH	kqRti{swrI;2;bahu(kqR;kwic)}	kqRti{swrI;2;bahu(kqR;kwic)}	karma,8.1	karma,13.1	1	007	08	vexa	qgvexa	maNdala-1
8.1	iyarwi	6.1	iyarwi	q2{karwari;lat;pra;eka;parasmEpaxI;juhowyAxiH}	q2{karwari;lat;pra;eka;parasmEpaxI;juhowyAxiH}	aBihiwa_karwA,6.1;sakarmaka	-	1	007	08	vexa	qgvexa	maNdala-1
1.1	yaH	1.1	yaH	yax{sarvanAma;puM;1;eka}	yax{sarvanAma;puM;1;eka}	viSeRaNam,2.1;niwya_sambanXaH1,9.1	viSeRaNam,2.1;niwya_sambanXaH1,9.1	1	007	09	vexa	qgvexa	maNdala-1
10.1	inxraH	6.1	inxraH	inxra{puM;1;eka}	inxra{puM;1;eka}	karwA,11.1	karwA,11.1	1	007	09	vexa	qgvexa	maNdala-1
11.1	(anugqhNAwi)	11.1	aswi	anu_grah1{karwari;lat;pra;eka;parasmEpaxI;kryAxi}	anu_grah1{karwari;lat;pra;eka;parasmEpaxI;kryAxi}	aBihiwa_karwA,10.1	-	1	007	09	vexa	qgvexa	maNdala-1
2.1	ekaH	2.1	ekaH	eka{saMKyeyam;puM;1;eka}	eka{saMKyeyam;puM;1;eka}	karwA,8.1	karwA,8.1	1	007	09	vexa	qgvexa	maNdala-1
3.1	carRaNInAM	3.1	carRaNInAM	carRaNi{puM;6;bahu}	carRaNi{puM;6;bahu}	karma,8.1	karma,8.1	1	007	09	vexa	qgvexa	maNdala-1
4.1	vasUnAM	4.1	vasUnAM	vasu{puM;6;bahu}/vasu{napuM;6;bahu}	vasu{napuM;6;bahu}	samucciwaH,3.1	samucciwaH,3.1	1	007	09	vexa	qgvexa	maNdala-1
5.1	paFca	7.1	paFca	paFcan{saMKyeyam;2;bahu}	paFcan{saMKyeyam;2;bahu}	viSeRaNam,6.1	viSeRaNam,6.1	1	007	09	vexa	qgvexa	maNdala-1
6.1	kRiwInAM	8.1	kRiwInAM	kRiwi{swrI;6;bahu}	kRiwi{swrI;6;bahu}	karma,11.1	karma,11.1	1	007	09	vexa	qgvexa	maNdala-1
7.1	(ca)	9.1	ca	ca{avya}	ca{avya}	samuccaya_xyowakaH,3.1	samuccaya_xyowakaH,3.1	1	007	09	vexa	qgvexa	maNdala-1
8.1	irajyawi	5.1	irajyawi	iraj1{karwari;lat;pra;eka;parasmEpaxI;kaNdvAxiH}	iraj1{karwari;lat;pra;eka;parasmEpaxI;kaNdvAxiH}	aBihiwa_karwA,2.1	-	1	007	09	vexa	qgvexa	maNdala-1
9.1	(saH)	10.1	saH	wax{sarvanAma;puM;1;eka}	wax{sarvanAma;puM;1;eka}	viSeRaNam,10.1	viSeRaNam,10.1	1	007	09	vexa	qgvexa	maNdala-1
1.1	viSvawaH	3.1	viSvawaH	viSva{avya;wasil}	viSva{avya;wasil}	viSeRaNam,2.1	viSeRaNam,2.1	1	007	10	vexa	qgvexa	maNdala-1
2.1	janeByaH	6.1	janeByaH	jana{puM;4;bahu}/jana{puM;5;bahu}	jana{puM;5;bahu}	karmapravacanIya_anviwaH,6.1	karmapravacanIya_anviwaH,6.1	1	007	10	vexa	qgvexa	maNdala-1
3.1	pari	4.1	pari	pari{avya}	pari{avya}	karmapravacanIyaH,2.1	karmapravacanIyaH,2.1	1	007	10	vexa	qgvexa	maNdala-1
4.1	inxraM	1.1	inxraM	inxra{puM;2;eka}	inxra{puM;2;eka}	karma,6.1	karma,6.1	1	007	10	vexa	qgvexa	maNdala-1
5.1	vaH	2.1	vaH	yuRmax{sarvanAma;2;bahu}/yuRmax{sarvanAma;6;bahu}/yuRmax{sarvanAma;4;bahu}	yuRmax{sarvanAma;4;bahu}	prayojanam,6.1	prayojanam,6.1	1	007	10	vexa	qgvexa	maNdala-1
6.1	havAmahe	5.1	hvayAmahe	hve1{karwari;lat;u;bahu;AwmanepaxI;BvAxiH}	hve1{karwari;lat;u;bahu;AwmanepaxI;BvAxiH}	-	-	1	007	10	vexa	qgvexa	maNdala-1
7.1	asmAkaM	7.1	asmAkaM	asmax{sarvanAma;6;bahu}	asmax{sarvanAma;6;bahu}	RaRTIsambanXaH,8.1	RaRTIsambanXaH,8.1	1	007	10	vexa	qgvexa	maNdala-1
8.1	kevalaH	9.1	kevalaH	kevala{puM;1;eka}	kevala{puM;1;eka}	karwA,9.1	karwA,9.1	1	007	10	vexa	qgvexa	maNdala-1
9.1	aswu	8.1	aswu	aswu{avya}/as2{karwari;lot;pra;eka;parasmEpaxI;axAxiH}	as2{karwari;lot;pra;eka;parasmEpaxI;axAxiH}	-	-	1	007	10	vexa	qgvexa	maNdala-1
1.1	inxra	1.1	inxra	inxra{puM;8;eka}	inxra{puM;8;eka}	samboXyaH,9.1	samboXyaH,9.1	1	008	01	vexa	qgvexa	maNdala-1
2.1	Uwaye	7.1	Uwaye	Uwi{swrI;4;eka}	Uwi{swrI;4;eka}	prayojanam,9.1	prayojanam1,9.1	1	008	01	vexa	qgvexa	maNdala-1
3.1	sAnasiM	2.1	sAnasiM	sAnasi{puM;2;eka}	sAnasi{puM;2;eka}	viSeRaNam,7.1	viSeRaNam,7.1	1	008	01	vexa	qgvexa	maNdala-1
4.1	sa-	4.1	sa-jiwvAnaM	sa	sa	samAsaH,4.2	samAsaH,4.2	1	008	01	vexa	qgvexa	maNdala-1
4.2	jiwvAnaM	4.2	--	jiwvan{puM;2;eka}	jiwvan{puM;2;eka}	viSeRaNam,7.1	viSeRaNam,7.1	1	008	01	vexa	qgvexa	maNdala-1
5.1	saxA-	5.1	saxA-sahaM	saxA	saxA	samAsaH,5.2	samAsaH,5.2	1	008	01	vexa	qgvexa	maNdala-1
5.2	sahaM	5.2	--	saha{puM;2;eka}/saha{napuM;1;eka}/saha{napuM;2;eka}	saha{puM;2;eka}	viSeRaNam,7.1	viSeRaNam,7.1	1	008	01	vexa	qgvexa	maNdala-1
6.1	varRiRTam	6.1	varRiRtam	varRiRTa{puM;2;eka}	varRiRTa{puM;2;eka}	viSeRaNam,7.1	viSeRaNam,7.1	1	008	01	vexa	qgvexa	maNdala-1
7.1	rayiM	3.1	rayiM	rayi{swrI;2;eka}	rayi{swrI;2;eka}	karma,9.1	karma,9.1	1	008	01	vexa	qgvexa	maNdala-1
8.1	(wvaM)	9.1	wvaM	yuRmax{sarvanAma;1;eka}	yuRmax{sarvanAma;1;eka}	karwA,9.1	karwA,9.1	1	008	01	vexa	qgvexa	maNdala-1
9.1	A_Bara	8.1	ABara	Af_Bq1{karwari;lot;ma;eka;parasmEpaxI;BvAxiH}	Af_Bq1{karwari;lot;ma;eka;parasmEpaxI;BvAxiH}	-	-	1	008	01	vexa	qgvexa	maNdala-1
1.1	yena(Xanena)	2.1	yena	yena{avya}/yax{sarvanAma;puM;3;eka}/yax{sarvanAma;napuM;3;eka}	yax{sarvanAma;puM;3;eka}	karaNam,2.1	karaNam,2.1	1	008	02	vexa	qgvexa	maNdala-1
10.1	ni_ruNaXAmahE	5.1	niruNaXAmahE	ni_ruX1{karwari;lot;u;bahu;AwmanepaxI;ruXAxiH}	ni_ruX1{karwari;lot;u;bahu;AwmanepaxI;ruXAxiH}	aBihiwa_karwA,11.1;sakarmaka	aBihiwa_karwA,11.1;sakarmaka	1	008	02	vexa	qgvexa	maNdala-1
11.1	ni_(ruNaXAmahE)	7.1	-	ni_ruX1{karwari;lot;u;bahu;AwmanepaxI;ruXAxiH}	ni_ruX1{karwari;lot;u;bahu;AwmanepaxI;ruXAxiH}	aBihiwa_karwA,11.1;sakarmaka	aBihiwa_karwA,11.1;sakarmaka	1	008	02	vexa	qgvexa	maNdala-1
2.1	(saMpAxiwAnAM)	9.1	-	saMpAxiwa{puM;6;bahu}	saMpAxiwa{puM;6;bahu}	viSeRaNam,3.1	viSeRaNam,3.1	1	008	02	vexa	qgvexa	maNdala-1
3.1	(BatAnAM)	10.1	-	Bata{puM;6;bahu}	Bata{puM;6;bahu}	RaRTIsambanXaH,5.2	RaRTIsambanXaH,5.2	1	008	02	vexa	qgvexa	maNdala-1
4.1	ni	1.1	ni	ni{avya}	ni{avya}	kriyAviSeRaNam,5.2	-#kriyAviSeRaNam,5.2	1	008	02	vexa	qgvexa	maNdala-1
5.1	muRti-	3.1	muRti-hawyayA	muRti	muRti	samAsaH,5.2	samAsaH,5.2	1	008	02	vexa	qgvexa	maNdala-1
5.2	hawyayA	3.2	--	hawyA{swrI;3;eka}	hawyA{swrI;3;eka}	karaNam,10.1	karaNam,10.1	1	008	02	vexa	qgvexa	maNdala-1
6.1	arvawA	8.1	arvawA	arvan{wal;swrI;1;eka}/arvan{puM;3;eka}	arvan{puM;3;eka}	karaNam,11.1	karaNam,11.1	1	008	02	vexa	qgvexa	maNdala-1
7.1	vqwrA(vqwrANi)	4.1	--	vqwra{napuM;1;bahu}/vqwra{napuM;2;bahu}/vqwra{napuM;8;bahu}	vqwra{napuM;2;bahu}	karma,10.1	karma,10.1	1	008	02	vexa	qgvexa	maNdala-1
8.1	wvA-	6.1	wvA-UwAsaH	wvA	wvA	samAsaH,8.2	-#samAsaH,8.2	1	008	02	vexa	qgvexa	maNdala-1
8.2	UwAsaH	6.2	--	uwa{puM;1;bahu(yuRmax;ava;kwa;BvAxi)}	uwa{puM;1;bahu(yuRmax;ava;kwa;BvAxi)}	viSeRaNam,9.1	-#viSeRaNam,9.1	1	008	02	vexa	qgvexa	maNdala-1
9.1	(vayaM)	11.1	vayaM	asmax{sarvanAma;1;bahu}	asmax{sarvanAma;1;bahu}	karwA,10.1	karwA,10.1	1	008	02	vexa	qgvexa	maNdala-1
1.1	inxra	1.1	inxra	inxra{puM;8;eka}	inxra{puM;8;eka}	samboXyaH,6.1	samboXyaH,6.1	1	008	03	vexa	qgvexa	maNdala-1
2.1	wvA-	2.1	wvA-UwAsaH	wvA	wvA	samAsaH,2.2	samAsaH,2.2	1	008	03	vexa	qgvexa	maNdala-1
2.2	UwAsaH	2.2	--	uwa{puM;1;bahu(yuRmax;ava;kwa;BvAxi)}	uwa{puM;1;bahu(yuRmax;ava;kwa;BvAxi)}	viSeRaNam,3.1	viSeRaNam,3.1	1	008	03	vexa	qgvexa	maNdala-1
3.1	vayaM	3.1	vayaM	asmax{sarvanAma;1;bahu}	asmax{sarvanAma;1;bahu}	karwA,6.1;karwA,9.1	karwA,6.1;karwA,9.1	1	008	03	vexa	qgvexa	maNdala-1
4.1	GanA	5.1	GanA	GanA{napuM;2;eka(supAM_dAxeSaH)}	GanA{puM;2;eka(supAM_dAxeSaH)}	viSeRaNam,5.1	viSeRaNam,5.1	1	008	03	vexa	qgvexa	maNdala-1
5.1	vajraM	4.1	vajraM	vajra{puM;2;eka}/vajra{napuM;1;eka}/vajra{napuM;2;eka}	vajra{puM;2;eka}	karma,6.1	karma,6.1	1	008	03	vexa	qgvexa	maNdala-1
6.1	A_xaxImahi	6.1	AxaxImahi	Af_xA3{karwari;viXilif;u;bahu;AwmanepaxI;juhowyAxiH}	Af_xA3{karwari;viXilif;u;bahu;AwmanepaxI;juhowyAxiH}	-	-	1	008	03	vexa	qgvexa	maNdala-1
7.1	yuXi	8.1	yuXi	yuX{swrI;7;eka}	yuX{swrI;7;eka}	aXikaraNam,9.1	aXikaraNam,9.1	1	008	03	vexa	qgvexa	maNdala-1
8.1	spqXaH	9.1	spqXaH	spqX{swrI;1;bahu}/spqX{swrI;2;bahu}/spqX{swrI;5;eka}/spqX{swrI;6;eka}	spqX{swrI;2;bahu}	karma,9.1	karma,9.1	1	008	03	vexa	qgvexa	maNdala-1
9.1	saM_jayema	7.1	saMjayema	sam_ji1{karwari;viXilif;u;bahu;parasmEpaxI;BvAxiH}	sam_ji1{karwari;viXilif;u;bahu;parasmEpaxI;BvAxiH}	-	-	1	008	03	vexa	qgvexa	maNdala-1
1.1	vayaM	1.1	vayaM	asmax{sarvanAma;1;bahu}	asmax{sarvanAma;1;bahu}	karwA,4.1	karwA,4.1	1	008	04	vexa	qgvexa	maNdala-1
10.1	(SawrUn)	11.1	SawrUn	Sawru{puM;2;bahu}	Sawru{puM;2;bahu}	karma,11.1	karma,11.1	1	008	04	vexa	qgvexa	maNdala-1
11.1	sAsahyAma	8.1	sAsahyAma	Rah1{yafluk;karwari;viXilif;u;bahu;parasmE;xivAxiH}	Rah1{yafluk;karwari;viXilif;u;bahu;parasmE;xivAxiH}	aBihiwa_karwA,8.1;sakarmaka	-#aBihiwa_karwA,8.1;sakarmaka	1	008	04	vexa	qgvexa	maNdala-1
2.1	SUreBiH	2.1	-	SUreBiH{puM;3;bahu}	SUreBiH{puM;3;bahu}	viSeRaNam,3.1	viSeRaNam,3.1	1	008	04	vexa	qgvexa	maNdala-1
3.1	aswqBiH	3.1	-	aswq{puM;3;bahu}	aswq{puM;3;bahu}	sahArWaH,4.1	sahArWaH,4.1	1	008	04	vexa	qgvexa	maNdala-1
4.1	(saMyujyemahi)	10.1	saMyujyemahi	sam_yuj{karwari;viXilif;u;bahu;AwmanepaxI;ruXAxiH}	sam_yuj{karwari;viXilif;u;bahu;AwmanepaxI;ruXAxiH}	-	-	1	008	04	vexa	qgvexa	maNdala-1
5.1	inxra	4.1	inxra	inxra{puM;8;eka}	inxra{puM;8;eka}	samboXyaH,11.1	samboXyaH,11.1	1	008	04	vexa	qgvexa	maNdala-1
6.1	yujA	6.1	yujA	yuj{puM;3;eka}/yuj{puM;3;eka}yuj{puM;3;eka(yuj;kvin)}	yuj{puM;3;eka(yuj;kvin)}	viSeRaNam,7.1	viSeRaNam,7.1	1	008	04	vexa	qgvexa	maNdala-1
7.1	wvayA	5.1	wvayA	yuRmax{sarvanAma;3;eka}	yuRmax{sarvanAma;3;eka}	sahArWaH,11.1	sahArWaH,11.1	1	008	04	vexa	qgvexa	maNdala-1
8.1	vayaM	7.1	vayaM	asmax{sarvanAma;1;bahu}	asmax{sarvanAma;1;bahu}	karwA,11.1	karwA,11.1	1	008	04	vexa	qgvexa	maNdala-1
9.1	pqwanyawaH	9.1	pqwanyawaH	pqwanyaw{puM;2;bahu(pqwanya;Sawq)}	pqwanyaw{puM;2;bahu(pqwanya;Sawq)}	viSeRaNam,10.1	-#viSeRaNam,10.1	1	008	04	vexa	qgvexa	maNdala-1
1.1	ye	3.1	ye	yax{sarvanAma;puM;1;bahu}/yax{sarvanAma;napuM;1;xvi}/yax{sarvanAma;napuM;2;xvi}/yax{sarvanAma;swrI;1;xvi}/yax{sarvanAma;swrI;2;xvi}	yax{sarvanAma;puM;1;eka}	viSeRaNam,2.1	karma,7.1#viSeRaNam,2.1	1	008	06	vexa	qgvexa	maNdala-1
10.1	vA	9.1	vA	vA{avya}	vA{avya}	anyawara_xyowakaH,2.1	anyawara_xyowakaH,2.1	1	008	06	vexa	qgvexa	maNdala-1
11.1	ASawa	4.1	-	aS1{karwari;luf;pra;bahu;AwmanepaxI;svAxiH}	aS1{karwari;luf;pra;bahu;AwmanepaxI;svAxiH}	aBihiwa_karwA,2.1;sakarmaka	-	1	008	06	vexa	qgvexa	maNdala-1
2.1	naraH	5.1	naraH	nq{puM;1;bahu}	nq{puM;1;bahu}	karwA,11.1	karwA,12.1	1	008	06	vexa	qgvexa	maNdala-1
3.1	sam-	1.1	samohe	sam	sam	samAsaH,3.2	samAsaH,3.2	1	008	06	vexa	qgvexa	maNdala-1
3.2	ohe	1.2	-	oha{puM;7;eka}	oha{puM;7;eka}	aXikaraNam,11.1	aXikaraNam,12.1	1	008	06	vexa	qgvexa	maNdala-1
4.1	wokasya	6.1	wokasya	woka{napuM;6;eka}	woka{napuM;6;eka}	RaRTIsambanXaH,5.1	RaRTIsambanXaH,2.1	1	008	06	vexa	qgvexa	maNdala-1
5.1	saniwO	7.1	saniwO	saniwi{swrI;7;eka}	saniwi{swrI;7;eka}	anyawaraH,3.2	anyawaraH,3.2	1	008	06	vexa	qgvexa	maNdala-1
6.1	vA	2.1	vA	vA{avya}	vA{avya}	anyawara_xyowakaH,3.2	anyawara_xyowakaH,3.2	1	008	06	vexa	qgvexa	maNdala-1
7.1	XiyAyavaH	10.1	XiyAyavaH	XiyAyu{puM;1;bahu(Xi;kyac;u)}	XiyAyu{puM;1;bahu(Xi;kyac;u)}	viXeya_viSeRaNam,9.1	viSeRaNam,9.1	1	008	06	vexa	qgvexa	maNdala-1
8.1	(ye)	11.1	-	yax{sarvanAma;puM;1;bahu}/yax{sarvanAma;napuM;1;xvi}/yax{sarvanAma;napuM;2;xvi}/yax{sarvanAma;swrI;1;xvi}/yax{sarvanAma;swrI;2;xvi}	yax{sarvanAma;puM;1;eka}	viSeRaNam,9.1	-#viSeRaNam,9.1	1	008	06	vexa	qgvexa	maNdala-1
9.1	viprAsaH	8.1	-	vipra{puM;1;bahu}	vipra{puM;1;bahu}	anyawaraH,2.1	anyawaraH,2.1	1	008	06	vexa	qgvexa	maNdala-1
1.1	urvI	7.1	urvI	urvI{swrI;1;bahu}	urvI{swrI;1;bahu}	viSeRaNam,2.1	viSeRaNam,2.1	1	008	07	vexa	qgvexa	maNdala-1
10.1	yaH	1.1	yaH	yax{sarvanAma;puM;1;eka}	yax{sarvanAma;puM;1;eka}	viSeRaNam,11.2	viSeRaNam,11.2	1	008	07	vexa	qgvexa	maNdala-1
11.1	soma-	3.1	-	soma}/soman	soma	samAsaH,11.2	samAsaH,11.2	1	008	07	vexa	qgvexa	maNdala-1
11.2	pAwamaH	3.2	-	pAwama{puM;1;eka}	pAwama{puM;1;eka}	viSeRaNam,13.1	#viSeRaNam,13.1	1	008	07	vexa	qgvexa	maNdala-1
12.1	(inxrasya)	14.1	-	{puM;6;eka}	{puM;6;eka}	RaRTIsambanXaH,13.1	RaRTIsambanXaH,13.1	1	008	07	vexa	qgvexa	maNdala-1
13.1	kukRiH	2.1	-	kukRi{puM;1;eka}	kukRi{puM;1;eka}	karwA,14.1	karwA,14.1	1	008	07	vexa	qgvexa	maNdala-1
14.1	pinvawe	6.1	pinvawe	pinv{karwari;lat;pra;eka;Canxasi_AwmanepaxI;BvAxiH}	pinv{karwari;lat;pra;eka;Canxasi_AwmanepaxI;BvAxiH}	-	-	1	008	07	vexa	qgvexa	maNdala-1
2.1	ApaH	8.1	ApaH	ap{swrI;1;bahu}/Ap1{karwari;luf;ma;eka;parasmEpaxI;svAxiH}/Apas{napuM;1;eka}/Apas{napuM;2;eka}/Apas{napuM;8;eka}	ap{swrI;1;bahu}	upamAnam,4.1	upamAnam,4.1	1	008	07	vexa	qgvexa	maNdala-1
3.1	na	9.1	na	na{avya}	na{avya}	upamAna_xyowakaH,2.1	upamAna_xyowakaH,2.1	1	008	07	vexa	qgvexa	maNdala-1
4.1	kAkuxaH	10.1	-	kAkux{swrI;1;bahu}/kAkux{swrI;2;bahu}/kAkux{swrI;5;eka}/kAkux{swrI;6;eka}	kAkux{swrI;1;bahu}	karwA,6.1	karwA,6.1	1	008	07	vexa	qgvexa	maNdala-1
5.1	(yaWA)	11.1	yaWA	yaWA{avya}	yaWA{avya}	sambanXaH,6.1	sambanXaH,6.1	1	008	07	vexa	qgvexa	maNdala-1
6.1	(pinvanwe)	12.1	varXawe	pinv{karwari;lat;pra;bahu;Canxasi_AwmanepaxI;BvAxiH}paxI;BvAxiH}	pinv{karwari;lat;pra;bahu;Canxasi_AwmanepaxI;BvAxiH}	-	-	1	008	07	vexa	qgvexa	maNdala-1
7.1	(waWA)	13.1	-	waWA{avya}	waWA{avya}	sambanXaH,14.1	sambanXaH,14.1	1	008	07	vexa	qgvexa	maNdala-1
8.1	samuxraH	4.1	-	samuxra{puM;8;eka}/samuxra{napuM;8;eka}	samuxra{puM;1;eka}	upamAnam,13.1	upamAnam,13.1	1	008	07	vexa	qgvexa	maNdala-1
9.1	iva	5.1	-	iva{avya}	iva{avya}	upamAna_xyowakaH,8.1	upamAna_xyowakaH,8.1	1	008	07	vexa	qgvexa	maNdala-1
1.1	eva	1.1	evA	evA{swrI;1;eka}	evA{swrI;1;eka}	sambanXaH,12.1	sambanXaH,12.1	1	008	08	vexa	qgvexa	maNdala-1
10.1	sUnqwA	4.1	sUnqwA	sUnqwA{swrI;1;eka}	sUnqwA{swrI;1;eka}	karwA,12.1	karwA,12.1	1	008	08	vexa	qgvexa	maNdala-1
11.1	xASuRe	11.1	xASuRe	xASvas{puM;1;eka}	xASvas{puM;1;eka}	prayojanam,12.1	prayojanam,12.1	1	008	08	vexa	qgvexa	maNdala-1
12.1	(pinvawe)	12.1	pinvawe	pinv{karwari;lat;pra;eka;Canxasi_AwmanepaxI;BvAxiH}	pinv{karwari;lat;pra;eka;Canxasi_AwmanepaxI;BvAxiH}	-	-	1	008	08	vexa	qgvexa	maNdala-1
2.1	hi	2.1	hi	hi{avya}	hi{avya}	sambanXaH,12.1	sambanXaH,12.1	1	008	08	vexa	qgvexa	maNdala-1
3.1	pakvA	8.1	pakvA	pakvA{swrI;1;eka(pac1;kwa;BvAxiH)}	pakvA{swrI;1;eka(pac1;kwa;BvAxiH)}	viSeRaNam,4.1	viSeRaNam,4.1	1	008	08	vexa	qgvexa	maNdala-1
4.1	SAKA	9.1	SAKA	SAKA{swrI;1;eka}	SAKA{swrI;1;eka}	upamAnam,10.1	upamAnam,10.1	1	008	08	vexa	qgvexa	maNdala-1
5.1	na	10.1	na	na{avya}	na{avya}	upamAna_xyowakaH,4.1	upamAna_xyowakaH,4.1	1	008	08	vexa	qgvexa	maNdala-1
6.1	asya	3.1	asya	ixam{sarvanAma;puM;6;eka}/ixam{sarvanAma;napuM;6;eka}/as3{karwari;lot;ma;eka;parasmEpaxI;xivAxiH}	ixam{sarvanAma;puM;6;eka}	RaRTIsambanXaH,10.1	RaRTIsambanXaH,10.1	1	008	08	vexa	qgvexa	maNdala-1
7.1	gomawI	6.1	gomawI	go{mawup;swrI;1;eka}	go{mawup;swrI;1;eka}	viSeRaNam,10.1	viSeRaNam,10.1	1	008	08	vexa	qgvexa	maNdala-1
8.1	virapSI	5.1	virapSI	virapSin{swrI;1;eka}	virapSin{swrI;1;eka}	viSeRaNam,10.1	viSeRaNam,10.1	1	008	08	vexa	qgvexa	maNdala-1
9.1	mahI	7.1	mahI	mahaw{swrI;1;eka;(acCabxalopaSCAnxasaH)}	mahaw{swrI;1;eka;(acCabxalopaSCAnxasaH)}	viSeRaNam,10.1	viSeRaNam,10.1	1	008	08	vexa	qgvexa	maNdala-1
1.1	inxra	6.1	inxra	inxra{puM;8;eka}	inxra{puM;8;eka}	samboXyaH,11.1	samboXyaH,11.1	1	008	09	vexa	qgvexa	maNdala-1
10.1	ciw	9.1	ciw	ciw{avya}/ciw{swrI;1;eka}/ciw{swrI;8;eka}	ciw{avya}	sambanXaH,9.1	-#sambanXaH,9.1	1	008	09	vexa	qgvexa	maNdala-1
11.1	sanwi	10.1	sanwi	as2{karwari;lat;pra;bahu;parasmEpaxI;axAxiH}/saw{napuM;8;bahu}/saw{napuM;1;bahu(as2;Sawq_lat;axAxiH)}/saw{napuM;2;bahu(as2;Sawq_lat;axAxiH)}	as2{karwari;lat;pra;bahu;parasmEpaxI;axAxiH}	-	-	1	008	09	vexa	qgvexa	maNdala-1
2.1	we	3.1	we	wax{sarvanAma;puM;1;bahu}/wax{sarvanAma;napuM;1;xvi}/wax{sarvanAma;napuM;2;xvi}/wax{sarvanAma;swrI;1;xvi}/wax{sarvanAma;swrI;2;xvi}/yuRmax{sarvanAma;6;eka}/yuRmax{sarvanAma;4;eka}	wax{sarvanAma;puM;1;bahu}	RaRTIsambanXaH,3.1	RaRTIsambanXaH,3.1	1	008	09	vexa	qgvexa	maNdala-1
3.1	viBUwayaH	4.1	viBUwayaH	viBUwi{swrI;1;bahu}/viBUwi{swrI;8;bahu}	viBUwi{swrI;1;bahu}	karwA,11.1	karwA,11.1	1	008	09	vexa	qgvexa	maNdala-1
4.1	evA	1.1	evA	eva{avya}	eva{avya}	sambanXaH,11.1	sambanXaH,11.1	1	008	09	vexa	qgvexa	maNdala-1
5.1	hi	2.1	hi	hi{avya}	hi{avya}	sambanXaH,11.1	sambanXaH,11.1	1	008	09	vexa	qgvexa	maNdala-1
6.1	mAvawe	7.1	-	mAvaw{puM;4;eka(asmax;vawup)}	mAvaw{puM;4;eka(asmax;vawup)}	viSeRaNam,7.1	viSeRaNam,7.1	1	008	09	vexa	qgvexa	maNdala-1
7.1	xASuRe	11.1	xASuRe	xASvas{puM;4;eka}	xASvas{puM;4;eka}	prayojanam,11.1	prayojanam,11.1	1	008	09	vexa	qgvexa	maNdala-1
8.1	UwayaH	5.1	UwayaH	Uwi{swrI;1;bahu}/Uwi{swrI;8;bahu}	Uwi{swrI;1;bahu}	viXeya_viSeRaNam,3.1	viXeya_viSeRaNam,3.1	1	008	09	vexa	qgvexa	maNdala-1
9.1	saxyaH	8.1	saxyaH	saxyaH{avya}	saxyaH{avya}	kriyAviSeRaNam,11.1	kriyAviSeRaNam,11.1	1	008	09	vexa	qgvexa	maNdala-1
1.1	asya(inxrasya)	3.1	asya	ixam{sarvanAma;puM;6;eka}/ixam{sarvanAma;napuM;6;eka}/as3{karwari;lot;ma;eka;parasmEpaxI;xivAxiH}	ixam{sarvanAma;puM;6;eka}	RaRTIsambanXaH,2.1;RaRTIsambanXaH,3.1	RaRTIsambanXaH,2.1;RaRTIsambanXaH,3.1	1	008	10	vexa	qgvexa	maNdala-1
10.1	SaMsyA	8.1	SaMsye	SaMsyA{puM;1;xvi(Sans;NijanwAw_yaw;supaH_dAxeSaH;BvAxiH)}/SaMsya{napuM;7;eka(Sans1;Nyaw;BvAxiH)}	SaMsyA{puM;1;xvi(Sans;NijanwAw_yaw;supaH_dAxeSaH;BvAxiH)}	viSeRaNam,2.1;viSeRaNam,3.1	viSeRaNam,2.1;viSeRaNam,3.1	1	008	10	vexa	qgvexa	maNdala-1
11.1	kAmyA	4.1	ca	kam1{karmaNi;lat;u;eka;AwmanepaxI;BvAxiH}/kAmyA{swrI;8;eka}/kAmya{puM;7;eka(kam1;Nyaw;BvAxiH)}/kAmya{napuM;7;eka(kam1;Nyaw;BvAxiH)}	kamyA{puM;1;xvi(kam;NifanwAw_yaw;supaH_dAxeSaH;BvAxiH)}	viSeRaNam,2.1;viSeRaNam,3.1	viSeRaNam,2.1;viSeRaNam,3.1	1	008	10	vexa	qgvexa	maNdala-1
2.1	swomaH	5.1	-	swoma{puM;1;eka}	swoma{puM;1;eka}	karwA,7.1	karwA,7.1	1	008	10	vexa	qgvexa	maNdala-1
3.1	ukWaM	6.1	ukWaM	ukWa{napuM;1;eka}/ukWa{napuM;2;eka}	ukWa{napuM;1;eka}	samucciwaH,2.1	samucciwaH,2.1	1	008	10	vexa	qgvexa	maNdala-1
4.1	ca	7.1	-	ca(avyaya)	ca(avyaya)	samuccaya_xyowakaH,2.1	-#samuccaya_xyowakaH,21	1	008	10	vexa	qgvexa	maNdala-1
5.1	evA(eva)	1.1	evA	evA{avya}	evA{avya}	sambanXaH,7.1	sambanXaH,7.1	1	008	10	vexa	qgvexa	maNdala-1
6.1	hi	2.1	hi	hi{avya}	hi{avya}	sambanXaH,7.1	sambanXaH,7.1	1	008	10	vexa	qgvexa	maNdala-1
7.1	(swaH)	-	-	as{karwari;lat;pra;xvi;paraspamExI;BvAxiH}	as{karwari;lat;pra;xvi;paraspamExI;BvAxiH}	-	-	1	008	10	vexa	qgvexa	maNdala-1
8.1	inxrAya	9.1	-	inxra{puM;4;eka}	inxra{puM;4;eka}	RaRTIsambanXaH,9.2	RaRTIsambanXaH,9.2	1	008	10	vexa	qgvexa	maNdala-1
9.1	soma-	10.1	-	soma	samAsaH9.2	samAsaH,9.2	samAsaH,9.2	1	008	10	vexa	qgvexa	maNdala-1
9.2	pIwaye	10.2	-	somapIwi{swrI;4;eka}	somapIwi{swrI;4;eka}	prayojanam,10.1	prayojanam,10.1	1	008	10	vexa	qgvexa	maNdala-1
1.1	inxra	1.1	inxra	inxra{puM;8;eka}	inxra{puM;8;eka}	samboXyaH,2.1	samboXyaH,2.1	1	009	01	vexa	qgvexa	maNdala-1
10.1	soma-	6.1	soma-parvaBiH	soma}/soman	soma	samAsaH,10.2	samAsaH,10.2	1	009	01	vexa	qgvexa	maNdala-1
10.2	parvaBiH	6.2	--	parvan{napuM;3;bahu}/parvan{puM;3;bahu}	parvan{napuM;3;bahu}	viSeRaNam,11.1	viSeRaNam,11.1	1	009	01	vexa	qgvexa	maNdala-1
11.1	anXasaH(anXoBiH)	4.1	anXasaH	anXas{puM;3;vyawyayena_bahu}	anXas{puM;3;vyawyayena_bahu}	sahArWaH,13.1	-#sahArWaH,13.1	1	009	01	vexa	qgvexa	maNdala-1
12.1	(wvaM)	13.1	wvaM	yuRmax{sarvanAma;1;eka}	yuRmax{sarvanAma;1;eka}	karwA,13.1	karwA,13.1	1	009	01	vexa	qgvexa	maNdala-1
13.1	mawsi	3.1	mawsi	max2{karwari;lot;ma;eka;parasmEpaxI;xivAxiH}	max2{karwari;lot;ma;eka;parasmEpaxI;xivAxiH}	aBihiwa_karwA,12.1	-	1	009	01	vexa	qgvexa	maNdala-1
2.1	ehi(A_ihi)	2.1	-	i1{karwari;lot;ma;eka;parasmEpaxI;axAxiH}	i1{karwari;lot;ma;eka;parasmEpaxI;axAxiH}	-	-	1	009	01	vexa	qgvexa	maNdala-1
3.1	ojasA	9.1	ojasA	ojas{napuM;3;eka}	ojas{napuM;3;eka}	hewu,5.1	hewu,5.1	1	009	01	vexa	qgvexa	maNdala-1
4.1	mahAn	7.1	mahAn	mahaw{puM;1;eka}	mahaw{puM;1;eka}	viXeya_viSeRaNam,5.1	viXeya_viSeRaNam,5.1	1	009	01	vexa	qgvexa	maNdala-1
5.1	(BUwvA)	10.1	-	BUwvA{avyaya}	BUwvA{avyaya}	pUrvakAlaH,8.1	-#pUrvakAlaH,8.1	1	009	01	vexa	qgvexa	maNdala-1
6.1	aBiRtiH	8.1	-	aBiRti{swrI1;eka(aBi_iR;kwin)}	aBiRti{swrI1;eka(iR;kwin)}	viXeya_viSeRaNam,7.1	viXeya_viSeRaN,7.1	1	009	01	vexa	qgvexa	maNdala-1
7.1	(wvaM)	11.1	-	yuRmax{sarvanAma;1;eka}	yuRmax{sarvanAma;1;eka}	karwA,8.1;karwA,5.1	karwA,8.1;karwA,5.1	1	009	01	vexa	qgvexa	maNdala-1
8.1	(Bava)	12.1	-	BU{karwari;lot;ma;eka;parasmEpaxI;BvAxiH}	BU{karwari;lot;ma;eka;parasmEpaxI;BvAxiH}	aBihiwa_karwA,7.1	aBihiwa_karwA,4.1	1	009	01	vexa	qgvexa	maNdala-1
9.1	viSveBiH	5.1	viSveBiH	viSva{puM;3;bahu}/viSva{napuM;3;bahu}/viSva{sarvanAma;puM;3;bahu}/viSva{sarvanAma;napuM;3;bahu}	viSva{puM;3;bahu}	viSeRaNam,10.2	karaNam,10.2	1	009	01	vexa	qgvexa	maNdala-1
1.1	Im	1.1	Im	Im{avyayaH}	Im{avyayaH}	sambanXaH,11.1	sambanXaH,11.1	1	009	02	vexa	qgvexa	maNdala-1
10.1	(yUyam)(aXvaryavaH)	11.1	yUyaM	yuRmax{sarvanAma;1;bahu}	yuRmax{sarvanAma;1;bahu}	karwA,11.1	karwA,11.1	1	009	02	vexa	qgvexa	maNdala-1
11.1	A_sqjawa	3.1	Asqjawa	Af_sqj2{karwari;lot;ma;bahu;parasmEpaxI;wuxAxiH}	Af_sqj2{karwari;lot;ma;bahu;parasmEpaxI;wuxAxiH}	-	-	1	009	02	vexa	qgvexa	maNdala-1
2.1	suwe	4.1	suwe	suwi{swrI;8;eka}/suwa{puM;7;eka(su;kwa)}	suwa{puM;7;eka(su;kwa)}	aXikaraNam,11.1	aXikaraNam,11.1	1	009	02	vexa	qgvexa	maNdala-1
3.1	manxiM	5.1	manxiM	manxi{puM;2;eka(manx;Nic;i;AwmanepaxI;BvAxiH)}	manxi{puM;2;eka(manx;Nic;i;AwmanepaxI;BvAxiH)}	viSeRaNam,5.1	viSeRaNam,5.1	1	009	02	vexa	qgvexa	maNdala-1
4.1	cakriM	8.1	cakriM	cakri{puM;2;eka(kq;kin;lixevaxBAvaH)}	cakri{puM;2;eka}	viSeRaNam,5.1	viSeRaNam,5.1	1	009	02	vexa	qgvexa	maNdala-1
5.1	enaM(somam)	2.1	enaM	ixam{sarvanAma;puM;2;eka}	ixam{sarvanAma;puM;2;eka}	karma,11.1	karma,11.1	1	009	02	vexa	qgvexa	maNdala-1
6.1	manxine	7.1	manxine	manxi{puM;4;eka;vyawyayena-numAgamaH(manx;Nic;i;AwmanepaxI;BvAxiH)}	manxi{puM;4;eka;vyawyayena-numAgamaH(manx;Nic;i;AwmanepaxI;BvAxiH)}	viSeRaNam,9.1	viSeRaNam,9.1	1	009	02	vexa	qgvexa	maNdala-1
7.1	viSvAni	9.1	viSvAni	viSva{napuM;1;bahu}/viSva{napuM;2;bahu}/viSva{sarvanAma;napuM;1;bahu}/viSva{sarvanAma;napuM;2;bahu}/viSva{napuM;8;bahu}	viSva{napuM;1;bahu}	karma,8.1	karma,8.1	1	009	02	vexa	qgvexa	maNdala-1
8.1	cakraye	10.1	cakraye	cakri{swrI;4;eka}	cakri{swrI;4;eka}	viSeRaNam,9.1	viSeRaNam,5.1	1	009	02	vexa	qgvexa	maNdala-1
9.1	inxrAya	6.1	inxrAya	inxra{puM;4;eka}	inxra{puM;4;eka}	prayojanam,11.1	prayojanam1,7.1	1	009	02	vexa	qgvexa	maNdala-1
1.1	su-	2.1	-	su	su	samAsaH,1.2	samAsaH,1.2	1	009	03	vexa	qgvexa	maNdala-1
1.2	Sipra	2.2	-	Sipra{puM;8;eka}/Sipra{napuM;8;eka}	Sipra{puM;8;eka}	viSeRaNam,2.1	viSeRaNam,2.1	1	009	03	vexa	qgvexa	maNdala-1
10.1	sacA	6.1	sacA	sacA{swrI;1;eka}/sacA{swrI;3;eka(sac;kvip)}	sac{swrI;3;eka(sac;kvip)}	sahArWa_xyowakaH,9.1	sahArWa_xyowakaH,9.1	1	009	03	vexa	qgvexa	maNdala-1
11.1	(wvaM)	12.1	-	yuRmax{sarvanAma;1;eka}	yuRmax{sarvanAma;1;eka}	karwA,5.1;karwA,12.1	karwA,12.1	1	009	03	vexa	qgvexa	maNdala-1
12.1	A_(gacCa)	9.1	-	Af_gam1{karwari;lot;ma;eka;parasmEpaxI;BvAxiH}	Af_gam1{karwari;lot;ma;eka;parasmEpaxI;BvAxiH}	aBihiwa_karwA,11.1	aBihiwa_karwA,11.1	1	009	03	vexa	qgvexa	maNdala-1
2.1	(inxra)	10.1	-	inxra{puM;8;eka}	inxra{puM;8;eka}	samboXyaH,5.1	samboXyaH,5.1	1	009	03	vexa	qgvexa	maNdala-1
3.1	manxiBiH	3.1	manxiBiH	manxi{puM;3;bahu}	manxi{puM;3;bahu}	viSeRaNam,4.1	viSeRaNam,4.1	1	009	03	vexa	qgvexa	maNdala-1
4.1	swomeBiH	4.1	swomeBiH	swoma{puM;3;bahu}	swoma{puM;3;bahu}	karaNam,5.1	karaNam,5.1	1	009	03	vexa	qgvexa	maNdala-1
5.1	mawsva	1.1	-	max1{karwari;lot;ma;eka;AwmanepaxI;BvAxiH}/max1{karwari;lot;ma;eka;AwmanepaxI;BvAxiH;CAnxasaH}}	max1{karwari;lot;ma;eka;AwmanepaxI;BvAxiH}/max1{karwari;lot;ma;eka;AwmanepaxI;BvAxiH;CAnxasaH}}	-	-	1	009	03	vexa	qgvexa	maNdala-1
6.1	viSva-	5.1	-	viSva	viSva	samAsaH,6.2	-#samAsaH,6.1	1	009	03	vexa	qgvexa	maNdala-1
6.2	carRaNe	5.2	-	carRaNi{puM;8;eka}	carRaNi{puM;8;eka}	samboXyaH,12.1	-#samboXyaH,12.1	1	009	03	vexa	qgvexa	maNdala-1
7.1	eRu	7.1	eRu	ixam{sarvanAma;puM;7;bahu}/ixam{sarvanAma;napuM;7;bahu}	ixam{sarvanAma;napuM;7;bahu}	viSeRaNam,8.1	viSeRaNam,8.1#aXikaraNam,11.1#aXikaraNam,14.1	1	009	03	vexa	qgvexa	maNdala-1
8.1	savaneRu	8.1	savaneRu	savana{napuM;7;bahu(RU3;lyut;wuxAxiH)}/savana{napuM;7;bahu(Ru2;lyut;axAxiH)}/savana{napuM;7;bahu(Ru3;lyut;svAxiH)}	savana{napuM;7;bahu}	aXikaraNam,12.1	aXikaraNam,12.1	1	009	03	vexa	qgvexa	maNdala-1
9.1	(xevEH)	11.1	-	xeva{puM;3;bahu}	xeva{puM;3;bahu}	sahArWaH,12.1	sahArWaH,11.1	1	009	03	vexa	qgvexa	maNdala-1
1.1	inxra	2.1	inxra	inxra{puM;8;eka}	inxra{puM;8;eka}	samboXyaH,5.1	samboXyaH,5.1	1	009	04	vexa	qgvexa	maNdala-1
10.1	(giraH)	12.1	giraH	gir{swrI;1;bahu}/gir{swrI;2;bahu}/gir{swrI;5;eka}/gir{swrI;6;eka}/gir{swrI;8;bahu}	gir{swrI;1;bahu}	karwA,11.1	karwA,11.1	1	009	04	vexa	qgvexa	maNdala-1
11.1	uxahAsawa	7.1	uxahAsawa	uw_hA1{karwari;luf;pra;bahu;AwmanepaxI;juhowyAxiH}/uw_hA2{karmaNi{luf;pra;bahu;AwmanepaxI;juhowyAxiH}	uw_hA1{karwari;luf;pra;bahu;AwmanepaxI;juhowyAxiH}	7	-	1	009	04	vexa	qgvexa	maNdala-1
12.1	(wAxqSIH)(giraH)	13.1	-	wAxqSI{sarvanAma;swrI;2;eka}	wAxqSI{sarvanAma;swrI;2;eka}	karma,14.1	karma,14.1	1	009	04	vexa	qgvexa	maNdala-1
13.1	(wvaM)	14.1	wvaM	yuRmax{sarvanAma;1;eka}	yuRmax{sarvanAma;1;eka}	karwA,14.1	karwA,14.1	1	009	04	vexa	qgvexa	maNdala-1
14.1	ajoRAH	8.1	ajoRAH	juR1{karwari;laf;ma;eka;AwmanepaxI;wuxAxiH}	juR1{karwari;laf;ma;eka;AwmanepaxI;wuxAxiH}	-	-	1	009	04	vexa	qgvexa	maNdala-1
2.1	we	3.1	we	wax{sarvanAma;puM;1;bahu}/wax{sarvanAma;napuM;1;xvi}/wax{sarvanAma;napuM;2;xvi}/wax{sarvanAma;swrI;1;xvi}/wax{sarvanAma;swrI;2;xvi}/yuRmax{sarvanAma;6;eka}/yuRmax{sarvanAma;4;eka}	yuRmax{sarvanAma;6;eka}	RaRTIsambanXaH,3.1	RaRTIsambanXaH,3.1	1	009	04	vexa	qgvexa	maNdala-1
3.1	giraH	4.1	giraH	gir{swrI;1;bahu}/gir{swrI;2;bahu}/gir{swrI;5;eka}/gir{swrI;6;eka}/gir{swrI;8;bahu}	gir{swrI;2;bahu}	karma,5.1	karma,5.1	1	009	04	vexa	qgvexa	maNdala-1
4.1	(aham)	11.1	aham	asmax{sarvanAma;1;eka}	asmax{sarvanAma;1;eka}	karwA,5.1	karwA,5.1	1	009	04	vexa	qgvexa	maNdala-1
5.1	asqgram	1.1	asqgram	sqj2{karwari;laf;u;eka;parasmEpaxI;wuxAxiH}	sqj2{karwari;laf;u;eka;parasmEpaxI;wuxAxiH}	aBihiwa_karwA,4.1;sakarmaka	-	1	009	04	vexa	qgvexa	maNdala-1
6.1	vqRaBaM	9.1	vqRaBaM	vqRaBa{puM;2;eka}	vqRaBa{puM;2;eka}	viSeRaNam,8.1	viSeRaNam,8.1	1	009	04	vexa	qgvexa	maNdala-1
7.1	pawiM	10.1	pawiM	pawi{puM;2;eka(pA;dawi)}	pawi{puM;2;eka(pA;dawi)}	viSeRaNam,8.1	viSeRaNam,8.1	1	009	04	vexa	qgvexa	maNdala-1
8.1	wvAM	6.1	wvAM	yuRmax{sarvanAma;2;eka}	yuRmax{sarvanAma;2;eka}	karmapravacanIya_anviwaH,11.1	karmapravacanIya_anviwaH,11.1	1	009	04	vexa	qgvexa	maNdala-1
9.1	prawi	5.1	prawi	prawi{avya}	prawi{avya}	karmapravacanIyaH,8.1	karmapravacanIyaH,8.1	1	009	04	vexa	qgvexa	maNdala-1
1.1	inxra	5.1	inxra	inxra{puM;8;eka}	inxra{puM;8;eka}	samboXyaH,7.1	samboXyaH,7.1	1	009	05	vexa	qgvexa	maNdala-1
10.1	we	9.1	-	wax{sarvanAma;puM;1;bahu}/wax{sarvanAma;napuM;1;xvi}/wax{sarvanAma;napuM;2;xvi}/wax{sarvanAma;swrI;1;xvi}/wax{sarvanAma;swrI;2;xvi}/yuRmax{sarvanAma;6;eka}/yuRmax{sarvanAma;4;eka}	yuRmax{sarvanAma;6;eka}	RaRTIsambanGaH,11.1	-#RaRTIsambanGaH,11.1	1	009	05	vexa	qgvexa	maNdala-1
11.1	(XanaM)	13.1	-	Xana{napuM;1;eka}	Xana{napuM;1;eka}	karwA,12.1	-#karwA,12.1	1	009	05	vexa	qgvexa	maNdala-1
12.1	asaw	7.1	asaw	as2{karwari;let;pra;eka;parasmEpaxI;axAxiH}	as2{karwari;let;pra;eka;parasmEpaxI;axAxiH}	aBihiwa_karwA,4.1	-	1	009	05	vexa	qgvexa	maNdala-1
13.1	iw	8.1	eva	iw{avya}	iw{avya}	sambanXaH,12.1	sambanXaH,12.1	1	009	05	vexa	qgvexa	maNdala-1
2.1	vareNyaM	6.1	-	vareNyaM{napuM;2;eka}	vareNyaM{napuM;2;eka}	viSeRaNam,4.1	-#viSeRaNam,4.1	1	009	05	vexa	qgvexa	maNdala-1
3.1	ciwraM	2.1	ciwraM	ciwra{napuM;2;eka}	ciwra{napuM;2;eka}	viSeRaNam,4.1	-#viSeRaNam,4.1	1	009	05	vexa	qgvexa	maNdala-1
4.1	rAXaH	4.1	rAXaH	rAXas{napuM;2;eka}	rAXas{napuM;2;eka}	karma,7.1	karma,7.1	1	009	05	vexa	qgvexa	maNdala-1
5.1	(wvaM)	12.1	-	yuRmax{sarvanAma;puM;1;eka]	-yuRmax{sarvanAma;puM;1;eka]	karwA,7.1	-#karwA,7.1	1	009	05	vexa	qgvexa	maNdala-1
6.1	arvAk	3.1	-	arvAk{avya}	arvAk{avya}	kriyAviSeRaNam,7.1	kriyAviSeRaNam,7.1	1	009	05	vexa	qgvexa	maNdala-1
7.1	saM_coxaya	1.1	-	sam_cux{karwari;lot;ma;eka;parasmEpaxI;curAxiH}	sam_cux{karwari;lot;ma;eka;parasmEpaxI;curAxiH}	-	-	1	009	05	vexa	qgvexa	maNdala-1
8.1	viBu	10.1	-	viBu{napuM;1;eka}/viBu{napuM;2;eka}/viBu{napuM;8;eka}	viBu{napuM;1;eka}	viSeRaNam,11.1	-#viSeRaNam,11.1	1	009	05	vexa	qgvexa	maNdala-1
9.1	praBu	11.1	-	praBu{napuM;1;eka}/praBu{napuM;2;eka}/praBu{napuM;8;eka}	praBu{napuM;1;eka}	viSeRaNam,11.1	-#viSeRaNam,11.1	1	009	05	vexa	qgvexa	maNdala-1
1.1	wuvi-	7.1	wuvi-xyumna	wuvi	wuvi	samAsaH,1.2	samAsaH,1.2	1	009	06	vexa	qgvexa	maNdala-1
1.2	xyumna	7.2	--	xyumna{napuM;8;eka}/xyumna{puM;8;eka}	xyumna{puM;8;eka}	viSeRaNam,2.1	viSeRaNam,2.1	1	009	06	vexa	qgvexa	maNdala-1
2.1	inxra	4.1	inxra	inxra{puM;8;eka}	inxra{puM;8;eka}	samboXyaH,9.1	samboXyaH,9.1	1	009	06	vexa	qgvexa	maNdala-1
3.1	raBasvawaH	6.1	raBasvawaH	raBas{mawup;puM;5;eka}/raBas{mawup;puM;6;eka}/raBas{mawup;puM;2;bahu}/raBas{mawup;napuM;6;eka}/raBas{mawup;napuM;5;eka}	raBas{mawup;puM;2;bahu}	viSeRaNam,5.1	viSeRaNam,5.1	1	009	06	vexa	qgvexa	maNdala-1
4.1	yaSasvawaH	8.1	yaSasvawaH	yaSas{mawup;puM;5;eka}/yaSas{mawup;puM;6;eka}/yaSas{mawup;puM;2;bahu}/yaSas{mawup;napuM;6;eka}/yaSas{mawup;napuM;5;eka}	yaSas{mawup;puM;2;bahu}	viSeRaNam,5.1	viSeRaNam,5.1	1	009	06	vexa	qgvexa	maNdala-1
5.1	asmAn	1.1	asmAn	asmax{sarvanAma;2;bahu}	asmax{sarvanAma;2;bahu}	karma,9.1	karma,9.1	1	009	06	vexa	qgvexa	maNdala-1
6.1	wawra	2.1	wawra	wawra{avya}	wawra{avya}	xeSAXikaraNam,9.1	xeSAXikaraNam,9.1	1	009	06	vexa	qgvexa	maNdala-1
7.1	rAye	5.1	rAye	rE{puM;4;eka}/rA1{karmaNi;lat;u;eka;AwmanepaxI;axAxiH}	rE{puM;4;eka}	prayojanam,9.1	prayojanam1,9.1	1	009	06	vexa	qgvexa	maNdala-1
8.1	(wvaM)	9.1	wvaM	yuRmax{sarvanAma;1;eka}	yuRmax{sarvanAma;1;eka}	karwA,9.1	karwA,9.1	1	009	06	vexa	qgvexa	maNdala-1
9.1	su_coxaya	3.1	su_coxaya	su_cux1{karwari;lot;ma;eka;parasmEpaxI;curAxiH}/cux1{Nijanwa;karwari;lot;ma;eka;parasmEpaxI;curAxiH}	su_cux1{karwari;lot;ma;eka;parasmEpaxI;curAxiH}	aBihiwa_karwA,8.1;sakarmaka	-	1	009	06	vexa	qgvexa	maNdala-1
1.1	inxra	2.1	inxra	inxra{puM;8;eka}	inxra{puM;8;eka}	samboXyaH,11.1	samboXyaH,11.1	1	009	07	vexa	qgvexa	maNdala-1
10.1	SravaH	6.1	SravaH	Srava{puM;1;eka}/Sravas{napuM;1;eka}/Sravas{napuM;2;eka}/Sravas{napuM;8;eka}	Sravas{napuM;2;eka}	karma,11.1	karma,11.2	1	009	07	vexa	qgvexa	maNdala-1
11.1	saM_Xehi	9.1	--	saM_XA1{karwari;lot;ma;eka;parasmEpaxI;juhowyAxiH}	saM_XA1{karwari;lot;ma;eka;parasmEpaxI;juhowyAxiH}	-	-	1	009	07	vexa	qgvexa	maNdala-1
2.1	(wvaM)	11.1	wvaM	yuRmax{sarvanAma;1;eka}	yuRmax{sarvanAma;1;eka}	karwA,11.1	karwA,11.1	1	009	07	vexa	qgvexa	maNdala-1
3.1	asme	4.1	asme	asmax{sarvanAma;4;bahu(asmax;Se)}	asmax{sarvanAma;4;bahu(asmax;Se)}	sampraxAnam,11.1	sampraxAnam,11.1	1	009	07	vexa	qgvexa	maNdala-1
4.1	gomaw	1.1	gomaw	go{mawup;napuM;1;eka}/go{mawup;napuM;2;eka}	go{mawup;napuM;2;eka}	viSeRaNam,10.1	viSeRaNam,10.1	1	009	07	vexa	qgvexa	maNdala-1
5.1	vAjavaw	3.1	vAjavaw	vAja{avya;vaw}/vAja{mawup;napuM;1;eka}/vAja{mawup;napuM;2;eka}	vAja{mawup;napuM;2;eka}	viSeRaNam,10.1	viSeRaNam,10.1	1	009	07	vexa	qgvexa	maNdala-1
6.1	pqWu	5.1	pqWu	pqWu{napuM;1;eka}/pqWu{napuM;2;eka}/pqWu{napuM;8;eka}	pqWu{napuM;2;eka}	viSeRaNam,10.1	viSeRaNam,10.1	1	009	07	vexa	qgvexa	maNdala-1
7.1	bqhaw	7.1	bqhaw	bqhaw{puM;1;eka}/bqhaw{napuM;1;eka}/bqhaw{napuM;2;eka}/bqhaw{swrI;1;eka}/bqhaw{puM;8;eka}/bqhaw{napuM;8;eka}/bqhaw{swrI;8;eka}	bqhaw{puM;2;eka}	viSeRaNam,10.1	viSeRaNam,10.1	1	009	07	vexa	qgvexa	maNdala-1
8.1	viSva-	8.1	-	viSva	viSva	samAsaH,8.2	-#samAsaH,8.2	1	009	07	vexa	qgvexa	maNdala-1
8.2	AyuH	8.2	viSvAyuH	Ayus{napuM;1;eka}/Ayus{napuM;2;eka}/Af_yA1{karwari{laf;pra;bahu;parasmEpaxI;axAxiH}/Ayus{napuM;8;eka}	Ayus{napuM;2;eka}	viSeRaNam,10.1	viSeRaNam,10.1	1	009	07	vexa	qgvexa	maNdala-1
9.1	a-	10.1	-	a	a	samAsaH,9.2	-#samAsaH,9.2	1	009	07	vexa	qgvexa	maNdala-1
9.2	kRiwaM	10.2	akRiwaM	kRiwa{puM;2;eka(kRi1;kwa;BvAxiH)}/kRiwa{napuM;1;eka(kRi1;kwa;BvAxiH)}/kRiwa{napuM;2;eka(kRi1;kwa;BvAxiH)}/kRiwa{puM;2;eka(kRi3;kwa;wuxAxiH)}/kRiwa{napuM;1;eka(kRi3;kwa;wuxAxiH)}/kRiwa{napuM;2;eka(kRi3;kwa;wuxAxiH)}/kRiwa{puM;2;eka(kRI1;kwa;kryAxiH)}/kRiwa{napuM;1;eka(kRI1;kwa;kryAxiH)}/kRiwa{napuM;2;eka(kRI1;kwa;kryAxiH)}	kRiwa{napuM;2;eka(kRi1;kwa;BvAxiH)}	viSeRaNam,10.1	viSeRaNam,10.1	1	009	07	vexa	qgvexa	maNdala-1
1.1	vasoH	1.1	vasoH	vasu{puM;5;eka}/vasu{puM;6;eka}	vasu{puM;6;eka}	RaRTIsambanXaH,2.1	RaRTIsambanXaH,2.1	1	009	09	vexa	qgvexa	maNdala-1
10.1	homa	7.1	homa	Af_hve1{karwari;lat;u;bahu;parasmEpaxI;BvAxiH}	Af_hve1{karwari;lat;u;bahu;parasmEpaxI;CAnxas_rUpa;BvAxiH}	-	-	1	009	09	vexa	qgvexa	maNdala-1
2.1	Uwaye	9.1	Uwaye	Uwi{swrI;4;eka}	Uwi{swrI;4;eka}	prayojanam,10.1	prayojanam1,10.1	1	009	09	vexa	qgvexa	maNdala-1
3.1	gIrBiH	4.1	gIrBiH	gir{swrI;3;bahu}	gir{swrI;3;bahu}	karaNam,4.1	karaNam,4.1	1	009	09	vexa	qgvexa	maNdala-1
4.1	gqNanwaH	5.1	gqNanwaH	gqNaw{puM;1;bahu(gQ2;Sawq_lat;kryAxiH)}	gqNaw{puM;1;bahu(gQ2;Sawq_lat;kryAxiH)}	viSeRaNam,5.1	viSeRaNam,5.1	1	009	09	vexa	qgvexa	maNdala-1
5.1	(vayaM)	10.1	-	asmax{sarvanAma;1;bahu}	asmax{sarvanAma;1;bahu}	karwA,10.1	karwA,10.1	1	009	09	vexa	qgvexa	maNdala-1
6.1	vasu-	3.1	vasu-pawiM	vasu	vasu	samAsaH,6.2	samAsaH,6.2	1	009	09	vexa	qgvexa	maNdala-1
6.2	pawiM	3.2	--	pawi{puM;2;eka}	pawi{puM;2;eka}	viSeRaNam,9.1	viSeRaNam,9.1	1	009	09	vexa	qgvexa	maNdala-1
7.1	qg-	6.1	qg-miyam	qg	qg	samAsaH,7.2	samAsaH,7.2	1	009	09	vexa	qgvexa	maNdala-1
7.2	miyam	6.2	--	miya{puM;2;eka(mA;lat;juhowyAxiH)}	miya{puM;2;eka(mA;lat;juhowyAxiH)}	viSeRaNam,9.1	viSeRaNam,9.1	1	009	09	vexa	qgvexa	maNdala-1
8.1	ganwAraM	8.1	ganwAraM	ganwq{puM;2;eka(gam1;wqc;BvAxiH)}	ganwq{puM;2;eka(gam1;wqc;BvAxiH)}	viSeRaNam,9.1	viSeRaNam,9.1	1	009	09	vexa	qgvexa	maNdala-1
9.1	inxraM	2.1	inxraM	inxra{puM;2;eka}	inxra{puM;2;eka}	karma,10.1	karma,10.1	1	009	09	vexa	qgvexa	maNdala-1
1.1	ariH	6.1	ariH	ari{puM;1;eka}	ari{puM;1;eka}	karwA,9.1	karwA,9.1	1	009	10	vexa	qgvexa	maNdala-1
2.1	iw	5.1	api	iw{avyayam}	iw{avyayam}	sambanXaH,1.1	sambanXaH,1.1	1	009	10	vexa	qgvexa	maNdala-1
3.1	ni-	2.1	ni-okase	ni	ni	samAsaH,3.2	samAsaH,3.2	1	009	10	vexa	qgvexa	maNdala-1
3.2	okase	2.2	ni-okase	okas{puM;4;eka}	okas{puM;4;eka}	viSeRaNam,5.1	viSeRaNam,5.1	1	009	10	vexa	qgvexa	maNdala-1
4.1	bqhawe	4.1	bqhawe	bqhaw{puM;4;eka}/bqhaw{napuM;4;eka}/bqhaw{swrI;4;eka}	bqhaw{puM;4;eka}	viSeRaNam,5.1	viSeRaNam,5.1	1	009	10	vexa	qgvexa	maNdala-1
5.1	inxrAya	7.1	inxrAya	inxra{puM;4;eka}	inxra{puM;4;eka}	prayojanam,9.1	prayojanam,9.1	1	009	10	vexa	qgvexa	maNdala-1
6.1	suwe-	1.1	suwe-suwe	--	suwe	samAsaH,6.2	samAsaH,6.2	1	009	10	vexa	qgvexa	maNdala-1
6.2	suwe	1.2	--	suwa{swrI;8;eka}/suwa{puM;7;eka}/suwa{napuM;1;xvi(Ru2;kwa;axAxiH)}/suwa{napuM;2;xvi(Ru2;kwa;axAxiH)}/suwA{swrI;1;xvi(Ru2;kwa;axAxiH)}/suwA{swrI;2;xvi(Ru2;kwa;axAxiH)}/suwa{napuM;1;xvi(Ru3;kwa;svAxiH)}/suwa{napuM;2;xvi(Ru3;kwa;svAxiH)}/suwA{swrI;1;xvi(Ru3;kwa;svAxiH)}/suwA{swrI;2;xvi(Ru3;kwa;svAxiH)}/suwa{napuM;8;xvi}/suwi{puM;8;eka}/suwi{napuM;8;eka}/suwi{napuM;1;eka}/suwi{napuM;2;eka}/suwA{swrI;8;eka}/suwA{swrI;8;xvi}	suwa{swrI;8;eka}/suwa{puM;7;eka}/suwa{napuM;1;xvi(Ru2;kwa;axAxiH)}/suwa{napuM;2;xvi(Ru2;kwa;axAxiH)}/suwA{swrI;1;xvi(Ru2;kwa;axAxiH)}/suwA{swrI;2;xvi(Ru2;kwa;axAxiH)}/suwa{napuM;1;xvi(Ru3;kwa;svAxiH)}/suwa{napuM;2;xvi(Ru3;kwa;svAxiH)}/suwA{swrI;1;xvi(Ru3;kwa;svAxiH)}/suwA{swrI;2;xvi(Ru3;kwa;svAxiH)}/suwa{napuM;8;xvi}/suwi{puM;8;eka}/suwi{napuM;8;eka}/suwi{napuM;1;eka}/suwi{napuM;2;eka}/suwA{swrI;8;eka}/suwA{swrI;8;xvi}	aXikaraNam,9.1	aXikaraNam,9.1	1	009	10	vexa	qgvexa	maNdala-1
7.1	bqhaw	3.1	bqhaw	bqhaw{puM;1;eka}/bqhaw{napuM;1;eka}/bqhaw{napuM;2;eka}/bqhaw{swrI;1;eka}/bqhaw{puM;8;eka}/bqhaw{napuM;8;eka}/bqhaw{swrI;8;eka}	bqhaw{napuM;2;eka}	viSeRaNam,8.1	viSeRaNam,8.1	1	009	10	vexa	qgvexa	maNdala-1
8.1	SURaM	8.1	SURaM	SURa{napuM;2;eka}	SURa{puM;2;eka}	karma,9.1	-#karma,9.1	1	009	10	vexa	qgvexa	maNdala-1
9.1	A_arcawi	9.1	A_arcawi	arc{karwari;lat;pra;eka;parasmEpaxI;BvAxiH}	arc{karwari;lat;pra;eka;parasmEpaxI;BvAxiH}	-	-	1	009	10	vexa	qgvexa	maNdala-1
1.1	Sawa-	9.1	-	Sawa	Sawa	samAsaH,1.2	-#samAsaH,1.2	1	010	01	vexa	qgvexa	maNdala-1
1.2	krawo	9.2	Sawakrawo	krawu{puM;8;eka}	krawu{puM;8;eka}	samboXyaH,4.1	-#samboXyaH,4.1	1	010	01	vexa	qgvexa	maNdala-1
10.1	iva	11.1	iva	iva{avyayam}	iva{avyayam}	upamAna_xyowakaH,9.1	upamAna_xyowakaH,9.1	1	010	01	vexa	qgvexa	maNdala-1
11.1	wvA	8.1	wvA	yuRmax{sarvanAma;2;eka}	yuRmax{sarvanAma;2;eka}	karma,12.1	karma,12.1	1	010	01	vexa	qgvexa	maNdala-1
12.1	uw_yemire	12.1	uw_yemire	yam1{karmaNi;lit;pra;bahu;AwmanepaxI;BvAxiH}/yam2{karmaNi;lit;pra;bahu;AwmanepaxI;BvAxiH}	yam1{vexe_karwari;lit;pra;bahu;AwmanepaxI;BvAxiH}	-	-	1	010	01	vexa	qgvexa	maNdala-1
2.1	wvA	2.1	wvA	yuRmax{sarvanAma;2;eka}	yuRmax{sarvanAma;2;eka}	karma,4.1	karma,4.1	1	010	01	vexa	qgvexa	maNdala-1
3.1	gAyawriNaH	3.1	gAyawriNaH	gAyawrin{puM;1;bahu}/gAyawrin{puM;2;bahu}/gAyawrin{puM;5;eka}/gAyawrin{puM;6;eka}/gAyawrin{puM;8;bahu}	gAyawrin{puM;1;bahu}	karwA,4.1	karwA,4.1	1	010	01	vexa	qgvexa	maNdala-1
4.1	gAyanwi	-	gAyanwi	gE1{karwari;lat;pra;bahu;parasmEpaxI;BvAxiH}/gAyaw{napuM;1;bahu(gE1;Sawq_lat;BvAxiH)}/gAyaw{napuM;2;bahu(gE1;Sawq_lat;BvAxiH)}	gAyaw{napuM;1;bahu(gE1;Sawq_lat;BvAxiH)}	-	varwamAnasamAnakAlaH,12.1	1	010	01	vexa	qgvexa	maNdala-1
5.1	arkiNaH	6.1	arkiNaH	arkin{puM;1;bahu}	arkin{puM;1;bahu}	karwA,7.1	karwA,7.1	1	010	01	vexa	qgvexa	maNdala-1
6.1	arkam	5.1	arkam	arka{puM;2;eka}	arka{puM;2;eka}	karma,7.1	karma,7.1	1	010	01	vexa	qgvexa	maNdala-1
7.1	arcanwi	4.1	arcanwi	arc{karwari;lat;pra;bahu;parasmEpaxI;BvAxiH}	arc{karwari;lat;pra;bahu;parasmEpaxI;BvAxiH}	-	-	1	010	01	vexa	qgvexa	maNdala-1
8.1	brahmANaH	7.1	brahmANaH	brahman{puM;1;bahu}/brahman{puM;8;bahu}	brahman{puM;1;bahu}	karwA,12.1	karwA,12.1	1	010	01	vexa	qgvexa	maNdala-1
9.1	vaMSam	10.1	vaMSam	vaMSa{puM;2;eka}	vaMSa{puM;2;eka}	upamAnam,11.1	upamAnam,11.1	1	010	01	vexa	qgvexa	maNdala-1
1.1	yaw(yaxA)	1.1	yaxA	yaw{avya}	yaw{avya}	sambanXaH,4.1	sambanXaH,4.1	1	010	02	vexa	qgvexa	maNdala-1
10.1	arWaM	10.1	arWaM	arWa{puM;2;eka}/arWa{napuM;1;eka}/arWa{napuM;2;eka}	arWa{puM;2;eka}	karma,11.1	karma,11.1	1	010	02	vexa	qgvexa	maNdala-1
11.1	cewawi	11.1	inxraH	ciw{karwari;lat;pra;eka;parasmEpaxI;BvAxiH}	ciw{karwari;lat;pra;eka;parasmEpaxI;BvAxiH}	aBihiwakarwA,11.1	aBihiwakarwA,11.1	1	010	02	vexa	qgvexa	maNdala-1
12.1	yUWena	12.1	yUWena	yUWa{napuM;3;eka}	yUWa{napuM;3;eka}	sahArWaH,14.1	sahArWaH,14.1	1	010	02	vexa	qgvexa	maNdala-1
13.1	(saha)	15.1	saha	saha{avya}	saha{avya}	sahArWa_xyowakaH,12.1	sahArWa_xyowakaH,12.1	1	010	02	vexa	qgvexa	maNdala-1
14.1	vqRNiH	13.1	-	vqRNi{puM;1;eka}	vqRNi{puM;1;eka}	karwA,16.1	-#karwA,16.1	1	010	02	vexa	qgvexa	maNdala-1
15.1	(yajFaBUmiM)	16.1	yajFaBUmiM	yajFaBUmi{swrI;2;eka}	yajFaBUmi{swrI;2;eka}	karma,16.1	-#karma,16.1	1	010	02	vexa	qgvexa	maNdala-1
16.1	ejawi	14.1	ejawi	ej{karwari;lat;pra;eka;parasmEpaxI;BvAxiH}	ej{karwari;lat;pra;eka;parasmEpaxI;BvAxiH}	-	-	1	010	02	vexa	qgvexa	maNdala-1
2.1	sAnoH	2.1	sAnoH	sAnu{puM;5;eka}/sAnu{puM;6;eka}	sAnu{puM;5;eka}	apAxAnam,4.1	apAxAnam,4.1	1	010	02	vexa	qgvexa	maNdala-1
3.1	sAnum	3.1	-	sAnu{puM;2;eka}	sAnu{puM;2;eka}	karma,4.1	-#karma,4.1	1	010	02	vexa	qgvexa	maNdala-1
4.1	A_ruhaw	4.1	Aruhaw	Af_ruh1{karwari;laf;pra;eka;parasmEpaxI;BvAxiH}	Af_ruh1{karwari;laf;pra;eka;parasmEpaxI;BvAxiH}	-	-	1	010	02	vexa	qgvexa	maNdala-1
5.1	BUri	5.1	-	BUri{avya}	BUri{avya}	kriyAviSeRaNam,7.1	-#kriyAviSeRaNam,7.1	1	010	02	vexa	qgvexa	maNdala-1
6.1	karwvaM	7.1	karwvaM	karwva{puM;2;eka}	karwva{puM;2;eka}	karma,7.1	-#karma,7.1	1	010	02	vexa	qgvexa	maNdala-1
7.1	aspaRta	6.1	aspaSawa	spaS{karwari;laf;pra;ekaAwmanepaxI;CAnxas_rUpam;BvAxiH}	spaS{karwari;laf;pra;ekaAwmanepaxI;CAnxas_rUpam;BvAxiH}	-	-	1	010	02	vexa	qgvexa	maNdala-1
8.1	waw(waxA)	8.1	waxA	waw{avya}	waw{avya}	sambanXaH,11.1	sambanXaH,11.1	1	010	02	vexa	qgvexa	maNdala-1
9.1	inxraH	9.1	-	inxra{puM;1;eka}	inxra{puM;1;eka}	karwA,11.1	-#karwA,11.1	1	010	02	vexa	qgvexa	maNdala-1
1.1	soma-	10.1	-	soma	soma	samAsaH,1.2	-#samAsaH,1.2	1	010	03	vexa	qgvexa	maNdala-1
1.2	pAH	10.2	somapAH	pA{puM;1;eka}/pA{puM;1;bahu}pA{puM;2;bahu}/pA{puM;8;eka}/pA{puM;8;bahu}	pA{puM;8;eka}	viSeRaNam,2.1	viSeRaNam,2.1	1	010	03	vexa	qgvexa	maNdala-1
10.1	aWA(aWa)	7.1	aWa	aWa{avya}	aWa{avya}	sambanXaH,14.1	sambanXaH,14.1	1	010	03	vexa	qgvexa	maNdala-1
11.1	naH	8.1	naH	asmax{sarvanAma;2;bahu}/asmax{sarvanAma;6;bahu}/asmax{sarvanAma;4;bahu}/nq{puM;8;eka}	asmax{sarvanAma;6;bahu}	RaRTIsamabanXaH,12.1	RaRTIsambanXaH,12.1	1	010	03	vexa	qgvexa	maNdala-1
12.1	girAM	11.1	girAM	gir{swrI;6;bahu}/girA{swrI;2;eka}	gir{swrI;6;bahu}	RaRTIsamabanXaH,13.1	#RaRTIsambanXaH,13.1	1	010	03	vexa	qgvexa	maNdala-1
13.1	upaSruwiM	12.1	upaSruwiM	upaSruwi{puM;1;xvi}	upaSruwi{puM;2;xvi}	karma,14.1	-#karma,14.1	1	010	03	vexa	qgvexa	maNdala-1
14.1	cara	13.1	cara	car1{karwari;lot;ma;eka;parasmEpaxI;BvAxiH}/cara{puM;8;eka}/cara{napuM;8;eka}	car1{karwari;lot;ma;eka;parasmEpaxI;BvAxiH}	-	viroXakaH,7.1	1	010	03	vexa	qgvexa	maNdala-1
2.1	inxra	9.1	inxra	inxra{puM;8;eka}	inxra{puM;8;eka}	samboXyaH,8.1	samboXyaH,8.1	1	010	03	vexa	qgvexa	maNdala-1
3.1	keSinA(keSinO)	3.1	keSinO	keSin{puM;1;xvi}/keSin{puM;2;xvi}/keSin{puM;8;xvi}	keSin{puM;2;xvi}	viSeRaNam,6.1	viSeRaNam,6.1	1	010	03	vexa	qgvexa	maNdala-1
4.1	vqRaNA(vqRaNO)	5.1	vqRaNO	vqRaNa{puM;1;xvi}/vqRaNa{puM;2;xvi}/vqRaNa{puM;8;xvi}	vqRaNa{puM;2;xvi}	viSeRaNam,6.1	viSeRaNam,6.1	1	010	03	vexa	qgvexa	maNdala-1
5.1	kakRya-	6.1	-	kakRya	kakRya	samAsaH,5.2	-#samAsaH,5.2	1	010	03	vexa	qgvexa	maNdala-1
5.2	prA(prO)	6.2	kakRyaprO	pra{puM;8;xvi}/pra{puM;1;xvi}/pra{puM;2;xvi}	pra{puM;2;xvi}	viSeRaNam,6.1	-#viSeRaNam,6.1	1	010	03	vexa	qgvexa	maNdala-1
6.1	harI	4.1	harI	hari{puM;1;xvi}/hari{puM;2;xvi}/harI{swrI;1;eka}/hari{puM;8;xvi}	hari{puM;2;xvi}	karma,8.1	karma,8.1	1	010	03	vexa	qgvexa	maNdala-1
7.1	(wvaM)	14.1	wvaM	yuRmax{sarvanAma;1;eka}	yuRmax{sarvanAma;1;eka}	karwA,8.1;karwA,14.1	-#karwA,8.1	1	010	03	vexa	qgvexa	maNdala-1
8.1	yu_kRvA(yukRva)	1.1	yu_kRva	yuj2{karwari;lot;ma;eka;AwmanepaxI;ruXAxiH}	yuj2{karwari;lot;ma;eka;AwmanepaxI;ruXAxiH}	-	-	1	010	03	vexa	qgvexa	maNdala-1
9.1	hi	2.1	hi	hi{avya}	hi{avya}	sambanXaH,8.1	-#sambanXaH,8.1	1	010	03	vexa	qgvexa	maNdala-1
1.1	vaso	9.1	vaso	vasu{puM;8;eka}/vasu{napuM;8;eka}	vasu{puM;8;eka}	viSeRaNam,2.1	viSeRaNam,2.1	1	010	04	vexa	qgvexa	maNdala-1
10.1	A_ruva	5	Aruva	Af_ru2{karwari;lot;ma;eka;parasmEpaxI;axAxiH}	Af_ru2{karwari;lot;ma;eka;parasmEpaxI;axAxiH}	-	samucciwaH,17.1#samucciwaH,5.1#samucciwaH,3.1	1	010	04	vexa	qgvexa	maNdala-1
11.1	naH	8.1	naH	asmax{sarvanAma;2;bahu}/asmax{sarvanAma;6;bahu}/asmax{sarvanAma;4;bahu}/nq{puM;8;eka}	asmax{sarvanAma;6;bahu}	RaRTIsambanXaH,12.1	RaRTIsambanXaH,12.1	1	010	04	vexa	qgvexa	maNdala-1
12.1	brahma	6.1	brahma	brahman{napuM;1;eka}/brahman{napuM;2;eka}/brahma{napuM;8;eka}	brahman{napuM;2;eka}	karma,18.1	karma,18.1	1	010	04	vexa	qgvexa	maNdala-1
13.1	ca	7.1	ca	ca{avya}	ca{avya}	samuccaya_xyowakaH,12.1	samuccaya_xyowakaH,12.1	1	010	04	vexa	qgvexa	maNdala-1
14.1	yajFaM	12.1	yajFaM	yajFa{puM;2;eka}	yajFa{puM;2;eka}	samucciwaH,12.1	samucciwaH,12.1	1	010	04	vexa	qgvexa	maNdala-1
15.1	ca	13.1	ca	ca{avya}	ca{avya}	samuccaya_xyowakaH,14.1	samuccaya_xyowakaH,14.1	1	010	04	vexa	qgvexa	maNdala-1
16.1	sacA	10.1	sacA	sacA{avyayam}	sacA{avyayam}	kriyAviSeRaNam,18.1	kriyAviSeRaNam,18.1	1	010	04	vexa	qgvexa	maNdala-1
17.1	(wvaM)	18.1	-	yuRmax{sarvanAma;1;eka}	yuRmax{sarvanAma;1;eka}	karwA,18.1	-#karwA,18.1	1	010	04	vexa	qgvexa	maNdala-1
18.1	varXaya	14.1	varXaya	vqX1{Nijanwa;karwari;lot;ma;eka;parasmEpaxI;BvAxiH}	vqX1{Nijanwa;karwari;lot;ma;eka;parasmEpaxI;BvAxiH}	-	-	1	010	04	vexa	qgvexa	maNdala-1
2.1	inxra	11.1	inxra	inxra{puM;8;eka}	inxra{puM;8;eka}	samboXyaH,3.1	samboXyaH,3.1	1	010	04	vexa	qgvexa	maNdala-1
3.1	A_ihi	1	A_ihi	Af_i1{karwari;lot;ma;eka;parasmEpaxI;axAxiH}	Af_i1{karwari;lot;ma;eka;parasmEpaxI;axAxiH}	-	samucciwaH,17.1#samucciwaH,10.1#samucciwaH,5.1	1	010	04	vexa	qgvexa	maNdala-1
4.1	swomAn	2.1	swomAn	swoma{puM;2;bahu}	swoma{puM;2;bahu}	karma,5.1	karma,5.1	1	010	04	vexa	qgvexa	maNdala-1
5.1	aBi_svara	3	aBisvara	aBi_svq1{karwari;lot;ma;eka;parasmEpaxI;BvAxiH}	aBi_svq1{karwari;lot;ma;eka;parasmEpaxI;BvAxiH}	-	samucciwaH,17.1#samucciwaH,10.1#samucciwaH,3.1	1	010	04	vexa	qgvexa	maNdala-1
6.1	(AXvaryavam)	15.1	AXvaryavam	AXvaryava{puM;2;eka}/AXvaryava{napuM;1;eka}/AXvaryava{napuM;2;eka}	AXvaryava{puM;2;eka}	karma,7.1	karma,7.1	1	010	04	vexa	qgvexa	maNdala-1
7.1	aBi_gqNIhi	4.1	aBigqNIhi	aBi_gQ{karwari;lot;ma;eka;parasmEpaxI;krayAxiH}	aBi_gQ{karwari;lot;ma;eka;parasmEpaxI;krayAxiH}	-	-	1	010	04	vexa	qgvexa	maNdala-1
8.1	(howqprayukwAni)	16.1	howqprayukwAni	howqprayukwa{napuM;2;eka}	howqprayukwa{napuM;2;eka}	viSeRaNam,9.1	viSeRaNam,9.1	1	010	04	vexa	qgvexa	maNdala-1
9.1	(SaswrANi)	17.1	SaswrANi	Saswra{napuM;1;bahu}/Saswra{napuM;2;bahu}/Saswra{napuM;8;bahu}	Saswra{napuM;2;bahu}	karma,10.1	karma,10.1	1	010	04	vexa	qgvexa	maNdala-1
1.1	puru-	5.1	-	puru	puru	samAsaH,1.3	-#samAsaH,1.3	1	010	05	vexa	qgvexa	maNdala-1
1.2	nis-	5.2	-	nis	nis	samAsaH,1.3	-#samAsaH,1.3	1	010	05	vexa	qgvexa	maNdala-1
1.3	siXe	5.3	puruniRpiXe	siX{puM;4;eka(siX;kvip)}	siX{puM;4;eka(siX;kvip)}	viSeRaNam,2.1	-#viSeRaNam,2.1	1	010	05	vexa	qgvexa	maNdala-1
10.1	suweRu	8.1	suweRu	suwa{puM;7;bahu}/suwa{puM;7;bahu(Ru2;kwa;axAxiH)}/suwa{napuM;7;bahu(Ru2;kwa;axAxiH)}/suwa{puM;7;bahu(Ru3;kwa;svAxiH)}/suwa{napuM;7;bahu(Ru3;kwa;svAxiH)}	suwa{puM;7;bahu(Ru2;kwa;axAxiH)}	samucciwaH,11.1	samucciwaH,11.1	1	010	05	vexa	qgvexa	maNdala-1
11.1	saKyeRu	11.1	saKyeRu	saKya{napuM;7;bahu}	saKya{napuM;7;bahu}	aXikaraNam,14.1	-#aXikaraNam,14.1	1	010	05	vexa	qgvexa	maNdala-1
12.1	ca	12.1	ca	ca{avya}	ca{avya}	samuccaya_xyowakaH,11.1	susamuccaya_xyowakaH,11.1	1	010	05	vexa	qgvexa	maNdala-1
13.1	yaWA	7.1	yaWA	yaWA{avya}	yaWA{avya}	sambanXaH,14.1	sambanXaH,14.1	1	010	05	vexa	qgvexa	maNdala-1
14.1	rAraNaw	10.1	rAraNaw	raN{yafluk;karwari;let;pra;eka;parasmEpaxI;BvAxiH}	raN{yafluk;karwari;let;pra;eka;parasmEpaxI;BvAxiH}	-	-	1	010	05	vexa	qgvexa	maNdala-1
2.1	inxrAya	2.1	inxrAya	inxra{puM;4;eka}	inxra{puM;4;eka}	prayojanam,7.1	prayojanam,7.11	1	010	05	vexa	qgvexa	maNdala-1
3.1	varXanaM	4.1	varXanaM	varXana{napuM;1;eka(vqX1;lyut;BvAxiH)}/varXana{napuM;2;eka(vqX1;lyut;BvAxiH)}	varXana{napuM;1;eka(vqX1;lyut;BvAxiH)}	viSeRaNam,4.1	viSeRaNam,4.1	1	010	05	vexa	qgvexa	maNdala-1
4.1	ukWaM	1.1	ukWaM	ukWa{napuM;1;eka}/ukWa{napuM;2;eka}	ukWa{napuM;1;eka}	karma,7.1	karma,7.1	1	010	05	vexa	qgvexa	maNdala-1
5.1	(asmABiH)	13.1	asmABiH	asmax{sarvanAma;3;bahu}	asmax{sarvanAma;3;bahu}	karwA,7.1	karwA,7.1	1	010	05	vexa	qgvexa	maNdala-1
6.1	(waWA)	14.1	-	waWA{avya}	waWA{avya}	sambanXaH,7.1	-#sambanXaH,7.1	1	010	05	vexa	qgvexa	maNdala-1
7.1	SaMsyam	3.1	SaMsyam	SaMsya{puM;2;eka(SaMs;Nic_yaw;BvAxiH)}	SaMsya{puM;1;eka(SaMs;Nic_yaw;BvAxiH)}	-	-	1	010	05	vexa	qgvexa	maNdala-1
8.1	SakraH	6.1	SakraH	Sakra{puM;1;eka}	Sakra{puM;1;eka}	karwA,14.1	-#karwA,14.1	1	010	05	vexa	qgvexa	maNdala-1
9.1	naH	9.1	naH	asmax{sarvanAma;2;bahu}/asmax{sarvanAma;6;bahu}/asmax{sarvanAma;4;bahu}/nq{puM;8;eka}	asmax{sarvanAma;6;bahu}	RaRTIsambanXaH,11.1	RaRTIsambanXaH,11.1	1	010	05	vexa	qgvexa	maNdala-1
1.1	saKiwve	3.1	saKiwve	saKi{wva;napuM;1;xvi}/saKi{wva;napuM;2;xvi}/saKi{wva;napuM;7;eka}/saKi{wva;8;xvi}	saKiwva{napuM;7;eka(saKi;wva)}	nimiwwasapwamI,4.1	prayojanam,4.1	1	010	06	vexa	qgvexa	maNdala-1
10.1	(Imahe)	-	IyAmahe	i1{karmaNi;lat;u;bahu;AwmanepaxI;axAxiH}	i1{karmaNi;lat;u;bahu;AwmanepaxI;axAxiH}	-	-	1	010	06	vexa	qgvexa	maNdala-1
11.1	uwa	11.1	uwa	uwa{avya}	uwa{avya}	sambanXaH,18.1	sambanXaH,18.1	1	010	06	vexa	qgvexa	maNdala-1
12.1	SakraH	10.1	Sakra	Sakra{puM;1;eka}	Sakra{puM;1;eka}	viSeRaNam,14.1	viSeRaNam,14.1	1	010	06	vexa	qgvexa	maNdala-1
13.1	saH	9.1	saH	wax{sarvanAma;puM;1;eka}	wax{sarvanAma;puM;1;eka}	viSeRaNam,14.1	viSeRaNam,14.1	1	010	06	vexa	qgvexa	maNdala-1
14.1	inxraH	14.1	inxraH	inxra{puM;1;eka}	inxra{puM;1;eka}	karwA,18.1	karwA,18.1	1	010	06	vexa	qgvexa	maNdala-1
15.1	naH	12.1	naH	asmax{sarvanAma;2;bahu}/asmax{sarvanAma;6;bahu}/asmax{sarvanAma;4;bahu}/nq{puM;8;eka}	asmax{sarvanAma;4;bahu}	sampraxAnam,17.1	sampraxAnam,17.1	1	010	06	vexa	qgvexa	maNdala-1
16.1	vasu	15.1	vasu	vasu{napuM;1;eka}/vasu{napuM;2;eka}/vasu{napuM;8;eka}	vasu{napuM;1;eka}	karma,17.1	karma,17.1	1	010	06	vexa	qgvexa	maNdala-1
17.1	xayamAnaH	16.1	xayamAnaH	xayamAna{puM;1;eka(xay1;SAnac_lat;karwari;BvAxiH)}	xayamAna{puM;1;eka(xay1;SAnac_lat;karwari;BvAxiH)}	viSeRaNam,14.1	viSeRaNam,14.1	1	010	06	vexa	qgvexa	maNdala-1
18.1	Sakaw(aSakaw)	13.1	aSakaw	Sak2{karwari;luf;pra;eka;parasmEpaxI;xivAxiH}/Sak3{karwari;luf;pra;eka;parasmEpaxI;svAxiH}	Sak2{karwari;luf;pra;eka;parasmEpaxI;xivAxiH}	-	-	1	010	06	vexa	qgvexa	maNdala-1
2.1	wam	1.1	wam	wax{sarvanAma;puM;2;eka}	wax{sarvanAma;puM;2;eka}	karma,4.1	karma,4.1	1	010	06	vexa	qgvexa	maNdala-1
3.1	iw	2.1	iw	iw{avya}	iw{avya}	sambanXaH,2.1	sambanXaH,2.1	1	010	06	vexa	qgvexa	maNdala-1
4.1	Imahe	4.1	IyAmahe	i1{karmaNi;lat;u;bahu;AwmanepaxI;axAxiH}	i1{karmaNi;lat;u;bahu;AwmanepaxI;axAxiH}	-	-	1	010	06	vexa	qgvexa	maNdala-1
5.1	rAye	6.1	rAye	rE{puM;4;eka}/rA1{karmaNi;lat;u;eka;AwmanepaxI;axAxiH}	rE{puM;4;eka}	prayojanam,7.1	prayojanam,7.1	1	010	06	vexa	qgvexa	maNdala-1
6.1	wam	5.1	wam	wax{sarvanAma;puM;2;eka}	wax{sarvanAma;puM;2;eka}	karma,7.1	karma,7.1	1	010	06	vexa	qgvexa	maNdala-1
7.1	(Imahe)	-	IyAmahe	i1{karmaNi;lat;u;bahu;AwmanepaxI;axAxiH}	i1{karmaNi;lat;u;bahu;AwmanepaxI;axAxiH}	-	-	1	010	06	vexa	qgvexa	maNdala-1
8.1	suvIrye	8.1	suvIrye	suvIrya{puM;7;eka}/suvIrya{napuM;7;eka}	suvIrya{puM;7;eka}	nimiwwasapwamI,10.1	prayojanam,10.1	1	010	06	vexa	qgvexa	maNdala-1
9.1	wam	7.1	wam	wax{sarvanAma;puM;2;eka}	wax{sarvanAma;puM;2;eka}	karma,10.1	karma,10.1	1	010	06	vexa	qgvexa	maNdala-1
1.1	inxra	3.1	inxra	inxra{puM;8;eka}	inxra{puM;8;eka}	samboXyaH,7.1	-#samboXyaH,7.1	1	010	07	vexa	qgvexa	maNdala-1
10.1	vrajaM	8.1	vrajaM	vraja{puM;2;eka}	vraja{puM;2;eka}	karma,11.1	karma,11.1	1	010	07	vexa	qgvexa	maNdala-1
11.1	apa_vqXi	9.1	apa_vqXi	vq{karwari;lot;ma;eka;parasmEpaxI;svAxiH}	vq{karwari;lot;ma;eka;parasmEpaxI;svAxiH}	-	-	1	010	07	vexa	qgvexa	maNdala-1
12.1	axrivaH	12.1	-	axrivanw{puM;8;eka}	axrivanw{puM;8;eka}	samboXyaH,14.1	samboXyaH,14.1	1	010	07	vexa	qgvexa	maNdala-1
13.1	rAXaH	11.1	-	rAXa{napuM;2;eka}	rAXa{napuM;2;eka}	karma,14.1	samboXyaH,14.1	1	010	07	vexa	qgvexa	maNdala-1
14.1	kqNuRva	10.1	-	kq2{karwari;lot;ma;eka;AwmanepaxI;svAxiH}	kq2{karwari;lot;ma;eka;AwmanepaxI;svAxiH}	-	-	1	010	07	vexa	qgvexa	maNdala-1
2.1	su-	1.1	-	su	su	samAsaH,2.3	-#samAsaH,2.3	1	010	07	vexa	qgvexa	maNdala-1
2.2	vi-	1.2	-	vi	vi	samAsaH,2.3	-#samAsaH,2.3	1	010	07	vexa	qgvexa	maNdala-1
2.3	vqwam	1.3	-	vqwa{napuM;2;eka(vq;karmaNi_kwa)}	vqwa{napuM;2;eka(vq;karmaNi_kwa)}	viSeRaNam,4.1	-#viSeRaNam,4.1	1	010	07	vexa	qgvexa	maNdala-1
3.1	su-	2.1	-	su	su	samAsaH,3.3	samAsaH,3.3	1	010	07	vexa	qgvexa	maNdala-1
3.2	nir-	2.2	suvivqwaM	nir	nir	samAsaH,3.3	samAsaH,3.3	1	010	07	vexa	qgvexa	maNdala-1
3.3	ajaM	2.3	sunirajaM	aja{napuM;2;eka}	aja{napuM;2;eka}	viSeRaNam,4.1	-#viSeRaNam,4.1	1	010	07	vexa	qgvexa	maNdala-1
4.1	yaSaH	6.1	-	yaSas{napuM;1;eka}/yaSas{napuM;2;eka}/yaSas{napuM;8;eka}	yaSas{napuM;2;eka}	karwA,7.1	karwA,7.1	1	010	07	vexa	qgvexa	maNdala-1
5.1	wvA-	4.1	wvAxAwam	wvA	wvAxAwa{puM;2;eka}	samAsaH,5.2	-#viSeRaNam,5.2	1	010	07	vexa	qgvexa	maNdala-1
5.2	xAwam	4.2	-	xAwa{puM;2;eka(xAp;karmaNi_kwa)}	xAwa{puM;2;eka(xAp;karmaNi_kwa)}	viXeya_viSeRaNam,4.1	viXeya_viSeRaNam,7.1	1	010	07	vexa	qgvexa	maNdala-1
6.1	iw	5.1	-	iw{avya}	iw{avya}	sambanXaH,5.2	sambanXaH,5.2	1	010	07	vexa	qgvexa	maNdala-1
7.1	(aswi)	13.1	-	as{karwari;lat;pra;eka;parasmEpaxI;BvAxiH}	as{karwari;lat;pra;eka;parasmEpaxI;BvAxiH}	-	-	1	010	07	vexa	qgvexa	maNdala-1
8.1	(wvaM)	14.1	-	yuRmax{wrilifgaH;1;eka}	yuRmax{wrilifgaH;1;eka}	karwA,11.1;karwA,14.1	-#karwA,11.1;karwA,14.1	1	010	07	vexa	qgvexa	maNdala-1
9.1	gavAM	7.1	gavAM	go{puM;6;bahu}/go{swrI;6;bahu}	go{puM;6;bahu}	RaRTIsambanXaH,10.1	RaRTIsambanXaH,10.1	1	010	07	vexa	qgvexa	maNdala-1
1.1	roxasI	3.1	roxasI	roxas{napuM;1;xvi}/roxas{napuM;2;xvi}/roxas{napuM;8;xvi}/roxas{swrI;1;xvi}	roxas{swrI;1;xvi}	karwA,6.1	viSeRaNam,2.1;karwA,6.1	1	010	08	vexa	qgvexa	maNdala-1
10.1	jeRaH	7.1	jeRaH	ji{karwari;let;ma;eka;parasmEpaxI;BvAxiH}	ji{karwari;let;ma;eka;parasmEpaxI;BvAxiH}	-	-	1	010	08	vexa	qgvexa	maNdala-1
11.1	asmaByaM	11.1	asmaByaM	asmax{sarvanAma;4;bahu}	asmax{sarvanAma;4;bahu}	prayojanam,13.1	prayojanam,13.1	1	010	08	vexa	qgvexa	maNdala-1
12.1	gAH	10.1	gAH	go{puM;2;bahu}/go{swrI;2;bahu}	go{puM;2;bahu}	karma,13.1	karma,13.1	1	010	08	vexa	qgvexa	maNdala-1
13.1	saM_XUnuhi	12.1	saM_XUnuhi	XU{karwari;lot;ma;eka;parasmEpaxI;svAxiH}	XU{karwari;lot;ma;eka;parasmEpaxI;svAxiH}	samucciwaH,10.1	samucciwaH,10.1	1	010	08	vexa	qgvexa	maNdala-1
2.1	uBe	4.1	uBe	uBa{sarvanAma;napuM;1;xvi}/uBa{sarvanAma;napuM;2;xvi}/uBA{sarvanAma;swrI;1;xvi}/uBA{sarvanAma;swrI;2;xvi}/uBa{napuM;8;xvi}	uBA{sarvanAma;swrI;1;xvi}	viSeRaNam,1.1	karwA,6.1;viSeRaNam,1.1	1	010	08	vexa	qgvexa	maNdala-1
3.1	qGAyamANaM	5.1	qGAyamANaM	qGAyamANa{puM;2;xvi}	qGAyamANa{puM;2;xvi}	viSeRaNam,4.1	viSeRaNam,4.1	1	010	08	vexa	qgvexa	maNdala-1
4.1	wvA	2.1	wvA	yuRmax{sarvanAma;2;eka}	yuRmax{sarvanAma;2;eka}	karma,6.1	karma,6.1	1	010	08	vexa	qgvexa	maNdala-1
5.1	nahi	1.1	nahi	nahi{avya}	nahi{avya}	prawiReXaH,6.1	prawiReXaH,6.1	1	010	08	vexa	qgvexa	maNdala-1
6.1	invawaH	6	invawaH	iv1{karwari;lat;pra;xvi;parasmEpaxI;BvAxiH}/invaw{puM;2;bahu(iv1;Sawq_lat;BvAxiH)}/invaw{puM;5;eka(iv1;Sawq_lat;BvAxiH)}/invaw{puM;6;eka(iv1;Sawq_lat;BvAxiH)}/invaw{napuM;5;eka(iv1;Sawq_lat;BvAxiH)}/invaw{napuM;6;eka(iv1;Sawq_lat;BvAxiH)}	iv1{karwari;lat;pra;xvi;parasmEpaxI;BvAxiH}	-	RaRTIsambanXaH,11.1#RaRTIsambanXaH,9.1#RaRTIsambanXaH,8.1#viSeRaNam,11.1	1	010	08	vexa	qgvexa	maNdala-1
7.1	svarvawIH	8.1	svarvawIH	{swrI;2;bahu}	{swrI;2;bahu}	viSeRaNam,8.1	viSeRaNam,8.1	1	010	08	vexa	qgvexa	maNdala-1
8.1	apaH	9.1	apaH	ap{swrI;2;bahu}	ap{swrI;2;bahu}	karma,10.1	karma,10.1	1	010	08	vexa	qgvexa	maNdala-1
9.1	(wvaM)	-	wvaM	yuRmax{sarvanAma;2;eka}	yuRmax{sarvanAma;2;eka}	karwA,10.1;karwA,13.1	karwA,10.1;karwA,13.1	1	010	08	vexa	qgvexa	maNdala-1
1.1	A-	1.1	ASruwkarNa	A	A	samAsaH,1.3	samAsaH,1.3	1	010	09	vexa	qgvexa	maNdala-1
1.2	Sruw-	1.2	-	Sruw{Sru;kvip}	Sruw{Sru;kvip}	samAsaH,1.3	samAsaH,1.3	1	010	09	vexa	qgvexa	maNdala-1
1.3	karNa	1.3	-	karNa{puM;8;eka}	karNa{puM;8;eka}	viSeRaNam,2.1	viSeRaNam,2.1	1	010	09	vexa	qgvexa	maNdala-1
10.1	xaXiRva	6.1	xaXiRva	XA1{karwari;lot;ma;eka;AwmanepaxI;juhowyAxiH}	XA1{karwari;lot;ma;eka;AwmanepaxI;juhowyAxiH}	-	-	1	010	09	vexa	qgvexa	maNdala-1
11.1	mama	12.1	mama	asmax{sarvanAma;6;eka}	asmax{sarvanAma;6;eka}	RaRTIsambanXaH,13.1	RaRTIsambanXaH,13.1	1	010	09	vexa	qgvexa	maNdala-1
12.1	imaM	11.1	imaM	ixam{sarvanAma;puM;2;eka}	ixam{sarvanAma;puM;2;eka}	viSeRaNam,13.1	viSeRaNam,13.1	1	010	09	vexa	qgvexa	maNdala-1
13.1	swomaM	10.1	swomaM	swoma{puM;2;eka}	swoma{puM;2;eka}	karma,17.1	karma,17.1	1	010	09	vexa	qgvexa	maNdala-1
14.1	yujaH	14.1	yujaH	yuj{puM;2;bahu}/yuj{puM;5;eka}/yuj{puM;6;eka}	yuj{puM;6;eka(yuj;kvin;ruXAxi)}	RaRTIsambanXaH,16.1	RaRTIsambanXaH,16.1	1	010	09	vexa	qgvexa	maNdala-1
15.1	ciw	15.1	ciw(api)	ciw{avya}/ciw{swrI;1;eka}/ciw{swrI;8;eka}	ciw{avya}	sambanXaH,14.1	sambanXaH,14.1	1	010	09	vexa	qgvexa	maNdala-1
16.1	anwaraM	16.1	anwaraM	anwara{puM;2;eka}/anwara{napuM;1;eka}/anwara{napuM;2;eka}/anwara{sarvanAma;puM;2;eka}/anwara{sarvanAma;napuM;1;eka}/anwara{sarvanAma;napuM;2;eka}	anwara{puM;2;eka}	kriyAviSeRaNam,17.1	karma,17.1;karmasamAnAXikaraNam17.1;kriyAviSeRaNam,17.1	1	010	09	vexa	qgvexa	maNdala-1
17.1	kqRva	13.1	kqRva	kq3{karwari;lot;ma;eka;parasmEpaxI;wanAxiH;CAnxasaprayogaH}	kq3{karwari;lot;ma;eka;parasmEpaxI;wanAxiH;CAnxasaprayogaH}	-	-	1	010	09	vexa	qgvexa	maNdala-1
2.1	inxra	9.1	inxra	inxra{puM;8;eka}	inxra{puM;8;eka}	samboXyaH,6.1	samboXyaH,6.1	1	010	09	vexa	qgvexa	maNdala-1
3.1	(wvaM)	17.1	wvaM	yuRmax{sarvanAma;1;eka}	yuRmax{sarvanAma;1;eka}	karwA,6.1;karwA,10.1;karwA,17.1	-#karwA,6.1;karwA,10.1;karwA,17.1	1	010	09	vexa	qgvexa	maNdala-1
4.1	havam	3.1	havam	hava{puM;2;eka}	hava{puM;2;eka}	karma,6.1	karma,6.1	1	010	09	vexa	qgvexa	maNdala-1
5.1	nu(kRipraM)	4.1	nu	nu{avya}	nu{avya}	kriyAviSeRaNam,6.1	sambanXaH,6.1	1	010	09	vexa	qgvexa	maNdala-1
6.1	SruXi	2.1	SrqXi	Sru{karwari;lot;ma;eka;parasmEpaxI;BvAxiH}	Sru{karwari;lot;ma;eka;parasmEpaxI;BvAxiH}	-	-	1	010	09	vexa	qgvexa	maNdala-1
7.1	me	7.1	me	asmax{sarvanAma;6;eka}/asmax{sarvanAma;4;eka}	asmax{sarvanAma;6;eka}	RaRTIsambanXaH,8.1	RaRTIsambanXaH,8.1	1	010	09	vexa	qgvexa	maNdala-1
8.1	giraH	8.1	giraH	gir{swrI;1;bahu}/gir{swrI;2;bahu}/gir{swrI;5;eka}/gir{swrI;6;eka}/gir{swrI;8;bahu}	gir{swrI;2;bahu}	karma,10.1	karma,10.1	1	010	09	vexa	qgvexa	maNdala-1
9.1	ciw(api)	5.1	ciw	ciw{avya}/ciw{swrI;1;eka}/ciw{swrI;8;eka}	ciw{avya}	sambanXaH,8.1	sambanXaH,8.1	1	010	09	vexa	qgvexa	maNdala-1
1.1	(inxra)	11.1	inxra	inxra{puM;8;eka}	inxra{puM;8;eka}	samboXyaH,7.1	samboXyaH,7.1	1	010	10	vexa	qgvexa	maNdala-1
10.1	sahasra-	10.1	sahasrasAwamAm	sahasra	sahasra	samAsaH,10.2	samAsaH,10.2	1	010	10	vexa	qgvexa	maNdala-1
10.2	sAwamAm	10.2	-	sAwama{puM;2;eka}	sAwama{puM;2;eka}	viSeRaNam,11.1	viSeRaNam,11.1	1	010	10	vexa	qgvexa	maNdala-1
11.1	UwiM	9.1	UwiM	Uwi{swrI;2;eka}	Uwi{swrI;2;eka}	karma,12.1	karma,12.1	1	010	10	vexa	qgvexa	maNdala-1
12.1	hUmahe	8.1	hUmahe	hve{karwari;lat;u;bahu;AwmanepaxI;BvAxiH}	hve{karwari;lat;u;bahu;AwmanepaxI;BvAxiH}	-	-	1	010	10	vexa	qgvexa	maNdala-1
2.1	(vayam)	12.1	vayam	asmax{sarvanAma;1;eka}	asmax{sarvanAma;1;eka}	karwA,7.1;karwA,12.1	karwA,7.1;karwA,12.1	1	010	10	vexa	qgvexa	maNdala-1
3.1	vqRanwamaM	4.1	vqRanwamaM	vqRanwama{puM;2;eka}	vqRanwama{puM;2;eka}	viSeRaNam,4.1	viSeRaNam,4.1	1	010	10	vexa	qgvexa	maNdala-1
4.1	wvA	3.1	wvA	yuRmax{sarvanAma;2;eka}	yuRmax{sarvanAma;2;eka}	karma,7.1	karma,7.1	1	010	10	vexa	qgvexa	maNdala-1
5.1	vAjeRu	5.1	vAjeRu	vAja{puM;7;bahu}	vAja{puM;7;bahu}	aXikaraNam,6.2	aXikaraNam,6.1	1	010	10	vexa	qgvexa	maNdala-1
6.1	havana-	6.1	havanaSruwaM	havana	havana	samAsaH,6.2	samAsaH,6.2	1	010	10	vexa	qgvexa	maNdala-1
6.2	SruwaM	6.2	-	SruwaM{puM;2;bahu}	SruwaM{puM;2;bahu}	viSeRaNam,4.1	viSeRaNam,4.1	1	010	10	vexa	qgvexa	maNdala-1
7.1	vixma	1.1	vixma	vix1{karwari;lat;u;bahu;parasmEpaxI;axAxiH}	vix1{karwari;lat;u;bahu;parasmEpaxI;axAxiH}	-	-	1	010	10	vexa	qgvexa	maNdala-1
8.1	hi	2.1	hi	hi{avya}	hi{avya}	sambanXaH,7.1	sambanXaH,7.1	1	010	10	vexa	qgvexa	maNdala-1
9.1	vqRanwamasya	7.1	vqRanwamasya	vqRanwama{puM;6;eka}	vqRanwama{puM;6;eka}	RaRTIsambanXaH,11.1	RaRTIsambanXaH,11.1	1	010	10	vexa	qgvexa	maNdala-1
1.1	kOSika	5.1	kOSika	kOSika{puM;8;eka}/kOSika{napuM;8;eka}	kOSika{puM;8;eka}	samboXyaH,9.1	viSeRaNam,2.1;samboXyaH,9.1	1	010	11	vexa	qgvexa	maNdala-1
10.1	navyaM	9.1	navyaM	navya{puM;2;eka(Nu1;yaw;axAxiH)}/navya{napuM;1;eka(Nu1;yaw;axAxiH)}/navya{napuM;2;eka(Nu1;yaw;axAxiH)}	navya{napuM;2;eka(Nu1;yaw;axAxiH)}	viSeRaNam,11.1	viSeRaNam,11.1	1	010	11	vexa	qgvexa	maNdala-1
11.1	AyuH	10.1	AyuH	Ayus{napuM;1;eka}/Ayus{napuM;2;eka}/Af_yA1{karwari{laf;pra;bahu;parasmEpaxI;axAxiH}/Ayus{napuM;8;eka}	Ayus{napuM;2;eka}	karma,12.1	karma,12.1	1	010	11	vexa	qgvexa	maNdala-1
12.1	pra_su_wira	11.1	pra_sU_wira	pra_su_wQ1{karwari;lot;ma;eka;parasmEpaxI;BvAxiH}/prawara{puM;8;eka}	pra_su_wQ1{karwari;lot;ma;eka;parasmEpaxI;BvAxiH}	-	-	1	010	11	vexa	qgvexa	maNdala-1
13.1	sahasra-	13.1	sahasrasAM	sahasra	sahasrasA	samAsaH,13.2	samAsaH,13.2	1	010	11	vexa	qgvexa	maNdala-1
13.2	sAM	13.2	-	sA{puM;2;eka}	sA{puM;2;eka}	viSeRaNam,14.1	viSeRaNam,14.1	1	010	11	vexa	qgvexa	maNdala-1
14.1	qRiM	14.1	qRiM	qRi{puM;2;eka}	qRi{puM;2;eka}	karma,15.1	karma,15.1	1	010	11	vexa	qgvexa	maNdala-1
15.1	kqXi	12.1	kqXi	kq{karwari;lot;ma;eka;parasmEpaxI;BvAxiH}	kq{karwari;lot;ma;eka;parasmEpaxI;BvAxiH}	-	-	1	010	11	vexa	qgvexa	maNdala-1
2.1	inxra	4.1	inxra	inxra{puM;8;eka}	inxra{puM;8;eka}	samboXyaH,5.1	samboXyaH,5.1	1	010	11	vexa	qgvexa	maNdala-1
3.1	naH	3.1	-	asmax{sarvanAma;2;bahu}/asmax{sarvanAma;6;bahu}/asmax{sarvanAma;4;bahu}/nq{puM;8;eka}	asmax{sarvanAma;2;bahu}	karma,5.1	karma,5.1	1	010	11	vexa	qgvexa	maNdala-1
4.1	wu(kRipraM)	2.1	-	wu{avya}	wu{avya}	kriyAviSeRaNam,5.1	sambanXaH,5.1;kriyAviSeRaNam,5.1	1	010	11	vexa	qgvexa	maNdala-1
5.1	A_(gacCa)	1.1	-	A_gam{karwari;lot;ma;eka;parasmEpaxI;BvAxiH}	A_gam{karwari;lot;ma;eka;parasmEpaxI;BvAxiH}	-	-	1	010	11	vexa	qgvexa	maNdala-1
6.1	(wvaM)	15.1	-	yuRmax{sarvanAma;1;eka}	yuRmax{sarvanAma;1;eka}	karwA,9.1	karwA,9.1	1	010	11	vexa	qgvexa	maNdala-1
7.1	manxasAnaH	6.1	manxasAnaH	manxasAna{puM;1;eka}	manxasAna{puM;1;eka}	viSeRaNam,6.1	viSeRaNam,6.1	1	010	11	vexa	qgvexa	maNdala-1
8.1	suwaM	7.1	suwaM	Ru2{karwari;lot;ma;xvi;parasmEpaxI;axAxiH}/suwa{puM;2;eka}/suwa{napuM;1;eka}/suwa{napuM;2;eka}	suwa{puM;2;eka}	karma,9.1	karma,9.1	1	010	11	vexa	qgvexa	maNdala-1
9.1	piba	8.1	Apiba	pA1{karwari;lot;ma;eka;parasmEpaxI;BvAxiH}	pA1{karwari;lot;ma;eka;parasmEpaxI;BvAxiH}	-	-	1	010	11	vexa	qgvexa	maNdala-1
1.1	girvaNaH	2.1	girvaNaH	girvaN{puM;8;eka}	girvaN{puM;8;eka}	viSeRaNam,1.2	-#viSeRaNam,1.2	1	010	12	vexa	qgvexa	maNdala-1
1.2	(inxra)	13.1	-	inxra{puM;8;eka}	inxra{puM;8;eka}	samboXyaH,10.1;samboXyaH,14.1	samboXyaH,10.1;samboXyaH,14.1	1	010	12	vexa	qgvexa	maNdala-1
10.1	Bavanwu	5.1	-	BU1{karwari;lot;pra;bahu;parasmEpaxI;BvAxiH}	BU1{karwari;lot;pra;bahu;parasmEpaxI;BvAxiH}	-	-	1	010	12	vexa	qgvexa	maNdala-1
11.1	juRtAH	10.1	-	juRta{swrI;1;bahu(juR;kwa)}	juRta{swrI;1;bahu(juR;kwa)}	viSeRaNam,12.1	viSeRaNam,12.1	1	010	12	vexa	qgvexa	maNdala-1
12.1	(giraH)	14.1	anuBavanwu	gir{swrI;1;bahu}/gir{swrI;2;bahu}/gir{swrI;5;eka}/gir{swrI;6;eka}/gir{swrI;8;bahu}	gir{swrI;1;bahu}	karwA,14.1	-#karwA,14.1	1	010	12	vexa	qgvexa	maNdala-1
13.1	juRtayaH	12.1	-	juRti{swrI;1;bahu(juR;kwin)}	juRti{swrI;1;bahu(juR;kwin)}	viXeya_viSeRaNam,12.1	-#viXeya_viSeRaNam,12.1	1	010	12	vexa	qgvexa	maNdala-1
14.1	Bavanwu	11.1	-	BU1{karwari;lot;pra;bahu;parasmEpaxI;BvAxiH}	BU1{karwari;lot;pra;bahu;parasmEpaxI;BvAxiH}	-	-	1	010	12	vexa	qgvexa	maNdala-1
2.1	viSvawaH	6.1	viSvawaH	viSva{avya;wasil}	viSva{avya;wasil}	sambanXaH,7.1	apAxAnam,10.1;sambanXaH,7.1	1	010	12	vexa	qgvexa	maNdala-1
3.1	imAH	4.1	imAH	ixam{sarvanAma;swrI;1;bahu}/ixam{sarvanAma;swrI;2;bahu}	ixam{sarvanAma;swrI;1;bahu}	viSeRaNam,7.1	viSeRaNam,7.1	1	010	12	vexa	qgvexa	maNdala-1
4.1	vqxXa-	7.1	-	vqxXa{vqX;kwa}	vqxXa{vqX;kwa}	samAsaH,4.2	-#samAsaH,4.2	1	010	12	vexa	qgvexa	maNdala-1
4.2	Ayum	7.2	-	Ayu{puM;2;eka}	Ayu{puM;2;eka}	karmapravacanIya_anviwaH,6.1	-#karmapravacanIya_anviwaH,6.1	1	010	12	vexa	qgvexa	maNdala-1
5.1	anu	8.1	-	anu{avyayaH}	anu{avyayaH}	karmapravacanIyaH,4.2	-#karmapravacanIyaH,4.2	1	010	12	vexa	qgvexa	maNdala-1
6.1	vqxXayaH	9.1	-	vqxXi{swrI;1;bahu}/vqxXi{swrI;8;bahu}	vqxXi{swrI;1;bahu}	viSeRaNam,7.1	viSeRaNam,7.1	1	010	12	vexa	qgvexa	maNdala-1
7.1	giraH	3.1	-	gir{swrI;1;bahu}/gir{swrI;2;bahu}/gir{swrI;5;eka}/gir{swrI;6;eka}/gir{swrI;8;bahu}	gir{swrI;1;bahu}	karwA,10.1	karwA,10.1	1	010	12	vexa	qgvexa	maNdala-1
8.1	wvA	1.1	-	yuRmax{sarvanAma;2;eka}	yuRmax{sarvanAma;2;eka}	karmapravacanIya_anviwaH,10.1	karma,10.1;karmapravacanIya_anviwaH,10.1	1	010	12	vexa	qgvexa	maNdala-1
9.1	pari	-	-	pari	pari	karmapravacanIyaH,8.1	karmapravacanIyaH,8.1	1	010	12	vexa	qgvexa	maNdala-1
1.1	viSvAH	2.1	viSvAH	viSva{puM;1;bahu}/viSva{puM;8;bahu}	viSva{puM;1;bahu}	viSeRaNam,2.1	viSeRaNam,2.1	1	011	01	vexa	qgvexa	maNdala-1
10.1	avIvqXan	3.1	avIvqXan	vqX1{Nijanwa;karwari;luf;pra;bahu;parasmEpaxI;BvAxiH}	vqX1{Nijanwa;karwari;luf;pra;bahu;parasmEpaxI;BvAxiH}	aBihiwa_karwA,2.1	-	1	011	01	vexa	qgvexa	maNdala-1
2.1	giraH	5.1	giraH	gir{swrI;1;bahu}/gir{swrI;2;bahu}/gir{swrI;5;eka}/gir{swrI;6;eka}/gir{swrI;8;bahu}	gir{swrI;1;bahu}	karwA,10.1	karwA,10.1	1	011	01	vexa	qgvexa	maNdala-1
3.1	samuxra-	4.1	samuxravyacasaM	samuxra	samuxra	samAsaH,3.2	-#samAsaH,3.2	1	011	01	vexa	qgvexa	maNdala-1
3.2	vyacasam	4.2	-	vyacas{puM;2;eka}	vyacas{puM;2;eka}	viSeRaNam,9.1	viSeRaNam,9.1	1	011	01	vexa	qgvexa	maNdala-1
4.1	raWinAM	7.1	raWInAM	raWin{swrI;6;bahu}	raWin{swrI;6;bahu}	RaRTIsambanXaH,5.1	RaRTIsambanXaH,5.1	1	011	01	vexa	qgvexa	maNdala-1
5.1	raWiwamam	6.1	raWIwamam	raWi{wamap;puM;2;eka}/raWI{wamap;napuM;1;eka}/raWI{wamap;napuM;2;eka}	raWi{wamap;puM;2;eka}	viSeRaNam,9.1	viSeRaNam,9.1	1	011	01	vexa	qgvexa	maNdala-1
6.1	vAjAnAm	8.1	vAjAnAm	vAja{puM;6;bahu}	vAja{puM;6;bahu}	RaRTIsambanXaH,7.1	RaRTIsambanXaH,7.1	1	011	01	vexa	qgvexa	maNdala-1
7.1	pawiM	10.1	pawiM	pawi{puM;2;eka}	pawi{puM;2;eka}	viSeRaNam,9.1	viSeRaNam,9.1	1	011	01	vexa	qgvexa	maNdala-1
8.1	saw-	9.1	sawpawiM	saw	saw	samAsaH,8.2	-#samAsaH,8.2	1	011	01	vexa	qgvexa	maNdala-1
8.2	pawim	9.2	-	pawi{puM;2;eka}	pawi{puM;2;eka}	viSeRaNam,9.1	viSeRaNam,9.1	1	011	01	vexa	qgvexa	maNdala-1
9.1	inxram	1.1	inxram	inxra{puM;2;eka}	inxra{puM;2;eka}	karma,10.1	prayojyakarwA,4.1	1	011	01	vexa	qgvexa	maNdala-1
1.1	SavasaH	7.1	Savasaspawe	Savas{napuM;6;eka}	Savas{napuM;6;eka}	RaRTIsambanXaH,2.1	RaRTIsambanXaH,2.1	1	011	02	vexa	qgvexa	maNdala-1
10.1	jewAraM	12.1	jewAraM	jewq{puM;2;eka(ji1;wqn;BvAxiH)}	jewq{puM;2;eka(ji1;wqn;BvAxiH)}	viSeRaNam,12.1	-#viSeRaNam,12.1	1	011	02	vexa	qgvexa	maNdala-1
11.1	a-	13.1	aparAjiwaM	a{naF;avyayaH}	a{naF;avyayaH}	samAsaH,11.3	samAsaH,11.3	1	011	02	vexa	qgvexa	maNdala-1
11.2	parA-	13.2	-	parA	parA	samAsaH,11.3	samAsaH,11.3	1	011	02	vexa	qgvexa	maNdala-1
11.3	jiwaM	13.3	-	jiwa{puM;2;eka}	jiwa{puM;2;eka}	viSeRaNam,12.1	-#viSeRaNam,12.1	1	011	02	vexa	qgvexa	maNdala-1
12.1	wvAm	9.1	wvAm	yuRmax{sarvanAma;2;eka}	yuRmax{sarvanAma;2;eka}	karmapravacanIya_anviwaH,14.1	-#karmapravacanIya_anviwaH,14.1	1	011	02	vexa	qgvexa	maNdala-1
13.1	aBi	10.1	-	aBi{upasargaH;karmapravacanIyaH}	aBi{upasargaH;karmapravacanIyaH}	karmapravacanIyaH,12.1	-#karmapravacanIyaH,12.1	1	011	02	vexa	qgvexa	maNdala-1
14.1	pra_NonumaH	11.1	NonumaH	pra_nu{karwari;lat;u;bahu;parasmEpaxI;axAxi(nu;yaf;yYaf_luk)}	pra_nu{karwari;lat;u;bahu;parasmEpaxI;axAxi(nu;yaf;yYaf_luk)}	-	-	1	011	02	vexa	qgvexa	maNdala-1
2.1	pawe	8.1	-	pawi{puM;8;eka}	pawi{puM;8;eka}	viSeRaNam,3.1	-#viSeRaNam,3.1	1	011	02	vexa	qgvexa	maNdala-1
3.1	inxra	3.1	inxra	inxra{puM;8;eka}	inxra{puM;8;eka}	samboXyaH,9.1;samboXyaH,14.1	-#samboXyaH,9.1;samboXyaH,14	1	011	02	vexa	qgvexa	maNdala-1
4.1	we	2.1	we	wax{sarvanAma;puM;1;bahu}/wax{sarvanAma;napuM;1;xvi}/wax{sarvanAma;napuM;2;xvi}/wax{sarvanAma;swrI;1;xvi}/wax{sarvanAma;swrI;2;xvi}/yuRmax{sarvanAma;6;eka}/yuRmax{sarvanAma;4;eka}	yuRmax{sarvanAma;6;eka}	RaRTIsambanXaH,5.1	RaRTIsambanXaH,5.1	1	011	02	vexa	qgvexa	maNdala-1
5.1	saKye	1.1	saKye	saKi{puM;4;eka}/saKI{puM;4;eka}/saKya{napuM;7;eka}/saKya{napuM;1;xvi}/saKya{napuM;2;xvi}/saKya{napuM;8;xvi}	saKya{napuM;7;eka(saKi;karmArWe_yaw)}	aXikaraNam,9.1	aXikaraNam,9.1	1	011	02	vexa	qgvexa	maNdala-1
6.1	vAjinaH	4.1	-	vAjin{puM;1;bahu}/vAjin{puM;2;bahu}/vAjin{puM;5;eka}/vAjin{puM;6;eka}/vAjin{puM;8;bahu}	vAjin{puM;1;bahu}	viSeRaNam,7.1	-#viSeRaNam,7.1	1	011	02	vexa	qgvexa	maNdala-1
7.1	(vayaM)	14.1	-	asmax{sarvanAma;1;bahu}	asmax{sarvanAma;1;bahu}	karwA,9.1	-#karwA,9.1	1	011	02	vexa	qgvexa	maNdala-1
8.1	mA	5.1	mA	mA{avya}	mA{avya}	prawiReXaH,9.1	-#prawiReXaH,9.1	1	011	02	vexa	qgvexa	maNdala-1
9.1	Bema	6.1	Bema	BI{karwari;luf;u;bahu;parasmEpaxI;juhowyAxi}	BI{karwari;luf;u;bahu;parasmEpaxI;juhowyAxi}	-	-	1	011	02	vexa	qgvexa	maNdala-1
1.1	inxrasya	2.1	inxrasya	inxra{puM;6;eka}	inxra{puM;6;eka}	RaRTIsambanXaH,3.1	RaRTIsambanXaH,3.1	1	011	03	vexa	qgvexa	maNdala-1
10.1	yaxi	7.1	yaxi	yaxi{avya}	yaxi{avya}	sambanXaH,11.1	sambanXaH,11.1	1	011	03	vexa	qgvexa	maNdala-1
11.1	maMhawe(xaxAwi)	11.1	maMhawe	mah2{karwari;lat;pra;eka;AwmanepaxI;BvAxiH}	mah2{karwari;lat;pra;eka;AwmanepaxI;BvAxiH}	-	-	1	011	03	vexa	qgvexa	maNdala-1
12.1	(warhi)	15.1	warhi	warhi{avya}	warhi{avya}	sambanXaH,15.1	-#sambanXaH,15.1	1	011	03	vexa	qgvexa	maNdala-1
13.1	UwayaH	6.1	UwayaH	Uwi{swrI;1;bahu}/Uwi{swrI;8;bahu}	Uwi{swrI;1;bahu}	karwA,15.1	karwA,15.1	1	011	03	vexa	qgvexa	maNdala-1
14.1	na	4.1	na	na{avya}	na{avya}	prawiReXaH,15.1	prawiReXaH,15.1	1	011	03	vexa	qgvexa	maNdala-1
15.1	vixasyanwi	5.1	vixasyanwi	vi_xas1{karwari;lat;pra;bahu;parasmEpaxI;xivAxiH}	vi_xas1{karwari;lat;pra;bahu;parasmEpaxI;xivAxiH}	aBihiwa_karwA,12.1;sakarmaka	-	1	011	03	vexa	qgvexa	maNdala-1
2.1	pUrvIH	1.1	pUrvIH	pUrvI{swrI;1;bahu}	pUrvI{swrI;1;bahu}	viSeRaNam,3.1	viSeRaNam,3.1	1	011	03	vexa	qgvexa	maNdala-1
3.1	rAwayaH	3.1	rAwayaH	rAwi{swrI;1;bahu}	rAwi{swrI;1;bahu}	karwA,4.1	karwA,4.1	1	011	03	vexa	qgvexa	maNdala-1
4.1	(sanwi)	13.1	sanwi	as{karwari;lat;pra;bahu;parasmEpaxI;axAxiH}	as{karwari;lat;pra;bahu;parasmEpaxI;axAxiH}	-	-	1	011	03	vexa	qgvexa	maNdala-1
5.1	swowqByaH	10.1	swowqByaH	swowq{puM;4;bahu(Rwu1;wqc;axAxiH)}/swowq{puM;5;bahu(Rwu1;wqc;axAxiH)}/swowq{napuM;4;bahu(Rwu1;wqc;axAxiH)}/swowq{napuM;5;bahu(Rwu1;wqc;axAxiH)}	swowq{puM;4;bahu(Rwu1;wqc;axAxiH)}	sampraxAnam,11.1	sampraxAnam,11.1	1	011	03	vexa	qgvexa	maNdala-1
6.1	gomawaH	9.1	gomawaH	go{mawup;puM;5;eka}/go{mawup;puM;6;eka}/go{mawup;puM;2;bahu}/go{mawup;napuM;6;eka}/go{mawup;napuM;5;eka}	go{mawup;puM;6;eka}	RaRTIsambanXaH,9.1	RaRTIsambanXaH,9.1	1	011	03	vexa	qgvexa	maNdala-1
7.1	vAjasya	8.1	vAjasya	vAja{puM;6;eka}	vAja{puM;6;eka}	samucciwaH,6.1	samucciwaH,6.1	1	011	03	vexa	qgvexa	maNdala-1
8.1	(ca)	14.1	-	ca{avyayaH}	ca{avyayaH}	samuccaya_xyowakaH,6.1	-#samuccaya_xyowakaH,6.1	1	011	03	vexa	qgvexa	maNdala-1
9.1	maGaM	12.1	maGaM	maGa{puM;2;eka}	maGa{puM;2;eka}	karma,11.1	karma,11.1	1	011	03	vexa	qgvexa	maNdala-1
1.1	purAm	1.1	purAm	pur{swrI;6;bahu}/purA{swrI;2;eka}	pur{swrI;6;bahu}	RaRTIsambanXaH,2.1	RaRTIsambanXaH,2.1	1	011	04	vexa	qgvexa	maNdala-1
10.1	puru-	12.1	puruRtuwaH	puru	puruZ	samAsaH,10.2	samAsaH,10.2	1	011	04	vexa	qgvexa	maNdala-1
10.2	swuwaH	12.2	-	swuwa{1;eka;;axAxi(swu;kwa)}	swuwa{1;eka;;axAxi(swu;kwa)}	viSeRaNam,11.1	viSeRaNam,11.1	1	011	04	vexa	qgvexa	maNdala-1
11.1	inxraH	7.1	inxraH	inxra{puM;1;eka}	inxra{puM;1;eka}	karwA,12.1	karwA,12.1	1	011	04	vexa	qgvexa	maNdala-1
12.1	ajAyawa	6.1	ajAyawa	jan1{karwari;laf;pra;eka;AwmanepaxI;xivAxiH}	jan1{karwari;laf;pra;eka;AwmanepaxI;xivAxiH}	-	-	1	011	04	vexa	qgvexa	maNdala-1
2.1	BinxuH	2.1	BinxuH	Binxu{puM;1;eka}	Binxu{puM;1;eka}	viSeRaNam,11.1	viSeRaNam,11.1	1	011	04	vexa	qgvexa	maNdala-1
3.1	yuvA	3.1	yuvA	yuvan{puM;1;eka}	yuvan{puM;1;eka}	viSeRaNam,11.1	viSeRaNam,11.1	1	011	04	vexa	qgvexa	maNdala-1
4.1	kaviH	4.1	kaviH	kavi{puM;1;eka}	kavi{puM;1;eka}	viSeRaNam,11.1	viSeRaNam,11.1	1	011	04	vexa	qgvexa	maNdala-1
5.1	amiwa-	5.1	amiwOjAH	amiwa	amiwa	samAsaH,5.2	samAsaH,5.2	1	011	04	vexa	qgvexa	maNdala-1
5.2	ojAH	5.2	-	ojas{puM;1;eka}	ojas{puM;1;eka}	viSeRaNam,11.1	viSeRaNam,11.1	1	011	04	vexa	qgvexa	maNdala-1
6.1	viSvasya	8.1	viSvasya	viSva{puM;6;eka}/viSva{napuM;6;eka}/viSva{sarvanAma;puM;6;eka}/viSva{sarvanAma;napuM;6;eka}/vi_Svas1{avya{lyap;axAxiH}	viSva{puM;6;eka}	viSeRaNam,7.1	viSeRaNam,7.1	1	011	04	vexa	qgvexa	maNdala-1
7.1	karmaNaH	9.1	karmaNaH	karman{napuM;5;eka}/karman{napuM;6;eka}	karman{napuM;6;eka}	RaRTIsambanXaH,8.1	RaRTIsambanXaH,8.1	1	011	04	vexa	qgvexa	maNdala-1
8.1	XarwA	10.1	XarwA	Xq1{karwari;lut;pra;eka;parasmEpaxI;BvAxiH}/Xq1{karwari;lut;pra;eka;AwmanepaxI;BvAxiH}/Xq1{karmaNi;lut;pra;eka;AwmanepaxI;BvAxiH}/Xq2{karwari;lut;pra;eka;AwmanepaxI;BvAxiH}/Xq2{karmaNi;lut;pra;eka;AwmanepaxI;BvAxiH}/Xarwq{puM;1;eka(Xq1;wqc;BvAxiH)}/Xarwq{puM;1;eka(Xq2;wqc;BvAxiH)}	Xarwq{puM;1;eka(Xq;wqc;BvAxiH)}	viSeRaNam,11.1	viSeRaNam,11.1	1	011	04	vexa	qgvexa	maNdala-1
9.1	vajrI	11.1	vajrI	vajrin{puM;1;eka}	vajrin{puM;1;eka}	viSeRaNam,11.1	viSeRaNam,11.1	1	011	04	vexa	qgvexa	maNdala-1
1.1	axrivaH	5.1	axrivaH	axrivaw{samboXana;1;eka}	axrivaw{samboXana;1;eka}	samboXyaH,6.1;samboXyaH,11.1	samboXyaH,6.1;samboXyaH,11.1	1	011	05	vexa	qgvexa	maNdala-1
10.1	wvAm	7.1	wvAm	yuRmax{sarvanAma;2;eka}	yuRmax{sarvanAma;2;eka}	karma,11.1	karma,11.1	1	011	05	vexa	qgvexa	maNdala-1
11.1	AviRuH	11.1	AviRuH	av1{karwari;luf;pra;bahu;parasmEpaxI;BvAxiH}	av1{karwari;luf;pra;bahu;parasmEpaxI;BvAxiH}	-	-	1	011	05	vexa	qgvexa	maNdala-1
2.1	wvaM	1.1	wvaM	yuRmax{sarvanAma;1;eka}	yuRmax{sarvanAma;1;eka}	karwA,6.1	karwA,6.1	1	011	05	vexa	qgvexa	maNdala-1
3.1	gomawaH	3.1	gomawaH	go{mawup;puM;5;eka}/go{mawup;puM;6;eka}/go{mawup;puM;2;bahu}/go{mawup;napuM;6;eka}/go{mawup;napuM;5;eka}	gomaw{puM;6;eka(go;mawup)}	viSeRaNam,4.1	viSeRaNam,4.1	1	011	05	vexa	qgvexa	maNdala-1
4.1	valasya	2.1	valasya	vala{puM;6;eka}	vala{puM;6;eka}	RaRTIsambanXaH,5.1	RaRTIsambanXaH,5.1	1	011	05	vexa	qgvexa	maNdala-1
5.1	bilam	6.1	bilam	bila{puM;2;eka}/bila{napuM;1;eka}/bila{napuM;2;eka}	bila{puM;2;eka}	karma,6.1	karma,6.1	1	011	05	vexa	qgvexa	maNdala-1
6.1	apAvaH	4.1	apAvaH	apa_vq{karwari;laf;ma;eka;parasmEpaxI;svAxiH}	apa_vq{karwari;laf;ma;eka;parasmEpaxI;svAxiH}	-	-	1	011	05	vexa	qgvexa	maNdala-1
7.1	wujyamAnAsaH	10.1	wujyamAnAsaH	wujyamAna{puM;1;bahu(wuj;karmaNi_lataH_SAnac)}	wujyamAna{puM;1;bahu(wuj;karmaNi_lataH_SAnac)}	viSeRaNam,8.1	-#viSeRaNam,8.1	1	011	05	vexa	qgvexa	maNdala-1
8.1	xevAH	8.1	xevAH	xeva{puM;1;bahu}/xeva{puM;8;bahu}	xeva{puM;1;bahu}	karwA,11.1	karwA,11.1	1	011	05	vexa	qgvexa	maNdala-1
9.1	a-	9.1	-	a{naF;avyayaH}	a{naF;avyayaH}	samAsaH,9.2	-#samAsaH,9.2	1	011	05	vexa	qgvexa	maNdala-1
9.2	biByuRaH	9.2	-	biByus{puM;1;bahu}(karwari;lit_kvasu;parasmEpaxI;juhowyAxiH}	biByus{puM;1;bahu(karwari;lit_kvasu;parasmEpaxI;juhowyAxiH)}	viSeRaNam,8.1	-#viSeRaNam,8.1	1	011	05	vexa	qgvexa	maNdala-1
1.1	SUra	3.1	SUra	SUra{puM;8;eka}	SUra{puM;8;eka}	samboXyaH,7.1	samboXyaH,7.1	1	011	06	vexa	qgvexa	maNdala-1
10.1	upa_awiRTanwa	8.1	upAwiRTanwa	upa_sWA{karwari;laf;pra;bahu;AwmanepaxI;axAxiH}	upa_sWA{karwari;laf;pra;bahu;AwmanepaxI;axAxiH}	-	-	1	011	06	vexa	qgvexa	maNdala-1
11.1	wasya	12.1	wasya	wax{sarvanAma;napuM;6;eka}/wax{sarvanAma;puM;6;eka}	wax{sarvanAma;napuM;6;eka}	viSeRaNam,12.1	viSeRaNam,12.1	1	011	06	vexa	qgvexa	maNdala-1
12.1	we	11.1	-	wax{sarvanAma;puM;1;bahu}/wax{sarvanAma;napuM;1;xvi}/wax{sarvanAma;napuM;2;xvi}/wax{sarvanAma;swrI;1;xvi}/wax{sarvanAma;swrI;2;xvi}/yuRmax{sarvanAma;6;eka}/yuRmax{sarvanAma;4;eka}	yuRmax{sarvanAma;6;eka}	RaRTIsambanXaH,13.1	-#RaRTIsambanXaH,13.1	1	011	06	vexa	qgvexa	maNdala-1
13.1	(XanaxAnaM)	14.1	-	XanaxAnaM{puM;2;eka}	XanaxAnaM{puM;2;eka}	karma,14.1	-karma,14.1	1	011	06	vexa	qgvexa	maNdala-1
14.1	vixuH	10.1	vixuH	vix1{karwari;lat;pra;bahu;parasmEpaxI;axAxiH}/vixu{puM;1;eka}	vix1{karwari;lat;pra;bahu;parasmEpaxI;axAxiH}	-	-	1	011	06	vexa	qgvexa	maNdala-1
2.1	wava	1.1	wava	yuRmax{sarvanAma;6;eka}	yuRmax{sarvanAma;6;eka}	RaRTIsambanXaH,3.1	RaRTIsambanXaH,3.1	1	011	06	vexa	qgvexa	maNdala-1
3.1	rAwiBiH	4.1	rAwiBiH	rAwi{swrI;3;eka(rA;kwin)}	rAwi{swrI;3;eka9(rA;kwin)}	karaNam,7.1	karaNam,7.1	1	011	06	vexa	qgvexa	maNdala-1
4.1	ahaM	2.1	ahaM	asmax{sarvanAma;1;eka}	asmax{sarvanAma;1;eka}	karwA,7.1	karwA,7.1	1	011	06	vexa	qgvexa	maNdala-1
5.1	siMXuM	6.1	siMXuM	sinXu{puM;2;eka}	sinXu{puM;2;eka}	karma,6.1	karma,6.1	1	011	06	vexa	qgvexa	maNdala-1
6.1	Avaxan	7.1	Avaxan	A_vaxaw{karwari;Sawq_lat;1;bahu;parasmEpaxI;BvAxiH}	A_vaxaw{karwari;Sawq_lat;1;bahu;parasmEpaxI;BvAxiH}	viSeRaNam,4.1	viSeRaNam,4.1	1	011	06	vexa	qgvexa	maNdala-1
7.1	prawi_Ayam	5	prawyAyaM	prawi_i1{karwari;laf;u;eka;parasmEpaxI;axAxiH}/prawi_Af_i1{karwari{laf;u;eka;parasmEpaxI;axAxiH}/prawyAya{puM;2;eka(prawi_Af_i1;GaF;axAxiH)}/prawyAya{puM;2;eka(prawi_i1;GaF;axAxiH)}/prawyAya{puM;2;eka(prawi_Af_yA1;GaF;axAxiH)}	prawi_i1{karwari;laf;u;eka;parasmEpaxI;axAxiH}	-	karmasamAnAXikaraNam,5.1#karma,13.1	1	011	06	vexa	qgvexa	maNdala-1
8.1	girvaNaH	9.1	girvaNaH	girvaNas{puM;8;eka}	girvaNas{puM;8;eka}	samboXyaH,10.1	samboXyaH,10.1	1	011	06	vexa	qgvexa	maNdala-1
9.1	kAravaH	13.1	kAravaH	kAru{puM;1;bahu}/kArava{puM;1;eka}	kAru{puM;1;bahu}	karwA,10.1;karwA,14.1	karwA,10.1;karwA,14.1	1	011	06	vexa	qgvexa	maNdala-1
1.1	inxra	2.1	inxra	inxra{puM;8;eka}	inxra{puM;8;eka}	samboXyaH,6.1;samboXyaH,11.1;samboXyaH,14.1	samboXyaH,6.1;samboXyaH,11.1;samboXyaH,14.1	1	011	07	vexa	qgvexa	maNdala-1
10.1	(mahimAnaM)	14.1	mahimAnaM	mahimAna{puM;2;eka}	mahimAna{puM;2;eka}	karma,11.1	-#karma,11.1	1	011	07	vexa	qgvexa	maNdala-1
11.1	vixuH	7.1	vixuH	vix1{karwari;lat;pra;bahu;parasmEpaxI;axAxiH}/vixu{puM;1;eka}	vix1{karwari;lat;pra;bahu;parasmEpaxI;axAxiH}	-	-	1	011	07	vexa	qgvexa	maNdala-1
12.1	weRAM	11.1	weRAM	wax{sarvanAma;puM;6;bahu}/wax{sarvanAma;napuM;6;bahu}	wax{sarvanAma;puM;6;bahu}	RaRTIsambanXaH,13.1	RaRTIsambanXaH,13.1	1	011	07	vexa	qgvexa	maNdala-1
13.1	SravAMsi	12.1	SravAMsi	Sravas{napuM;1;bahu}/Sravas{napuM;2;bahu}/Sravas{napuM;8;bahu}	Sravas{napuM;1;bahu}	karma,14.1	karma,14.1	1	011	07	vexa	qgvexa	maNdala-1
14.1	uw_wira	13.1	uwwira	uw_wQ1{karwari;lot;ma;eka;parasmEpaxI;BvAxiH}/uwwara{puM;8;eka}/uwwara{napuM;8;eka}	uw_wQ1{karwari;lot;ma;eka;parasmEpaxI;BvAxiH}	aBihiwakarwA,2.1	-	1	011	07	vexa	qgvexa	maNdala-1
2.1	wvaM	4.1	wvaM	yuRmax{sarvanAma;1;eka}	yuRmax{sarvanAma;1;eka}	karwA,6.1;karwA,14.1	karwA,6.1;karwA,14.1	1	011	07	vexa	qgvexa	maNdala-1
3.1	mAyABiH	1.1	mAyABiH	mAyA{swrI;3;bahu}	mAyA{swrI;3;bahu}	karaNam,6.1	karaNam,6.1	1	011	07	vexa	qgvexa	maNdala-1
4.1	mAyinaM	3.1	mAyinaM	mAyin{puM;2;eka}	mAyin{puM;2;eka}	viSeRaNam,5.1	viSeRaNam,5.1	1	011	07	vexa	qgvexa	maNdala-1
5.1	SuRNaM	5.1	-	SuRNaM{puM;2;eka}	SuRNaM{puM;2;eka}	karma,6.1	karma,6.1	1	011	07	vexa	qgvexa	maNdala-1
6.1	ava_awiraH	6.1	avAwiraH	ava_wQ1{karwari;laf;ma;eka;parasmEpaxI;BvAxiH}	ava_wQ1{karwari;laf;ma;eka;parasmEpaxI;BvAxiH}	-	-	1	011	07	vexa	qgvexa	maNdala-1
7.1	meXirAH	10.1	meXirAH	meXira{puM;2;bahu}	meXira{puM;2;bahu}	karwA,11.1	karwA,11.1	1	011	07	vexa	qgvexa	maNdala-1
8.1	wasya	9.1	wasya	wax{sarvanAma;napuM;6;eka}/wax{sarvanAma;puM;6;eka}	wax{sarvanAma;napuM;6;eka}	viSeRaNam,9.1	viSeRaNam,9.1	1	011	07	vexa	qgvexa	maNdala-1
9.1	we	8.1	we	wax{sarvanAma;puM;1;bahu}/wax{sarvanAma;napuM;1;xvi}/wax{sarvanAma;napuM;2;xvi}/wax{sarvanAma;swrI;1;xvi}/wax{sarvanAma;swrI;2;xvi}/yuRmax{sarvanAma;6;eka}/yuRmax{sarvanAma;4;eka}	wax{sarvanAma;puM;1;bahu}	RaRTIsambanXaH,10.1	RaRTIsambanXaH,10.1	1	011	07	vexa	qgvexa	maNdala-1
1.1	swomAH	4.1	swomAH	swoma{puM;1;bahu}/swoma{puM;8;bahu}	swoma{puM;1;bahu}	karwA,5.1	karwA,5.1	1	011	08	vexa	qgvexa	maNdala-1
10.1	vA	10.1	vA	vA{avya}	vA{avya}	anyawara_xyowakaH,8.1	sambanXaH,8.1	1	011	08	vexa	qgvexa	maNdala-1
11.1	BUyasIH	12.1	BUyasIH	BUyasI{swrI;CAnxasa_1;bahu}	BUyasI{swrI;CAnxasa_1;bahu}	anyawaraH,8.1	anyawaraH,8.1	1	011	08	vexa	qgvexa	maNdala-1
12.1	rAwayaH	8.1	rAwayaH	rAwi{swrI;21bahu(rA;kwin)}	rAwi{swrI;1;bahu(rA;kwin)}	karwA,13.1	karwA,13.1	1	011	08	vexa	qgvexa	maNdala-1
13.1	sanwi	11.1	sanwi	as2{karwari;lat;pra;bahu;parasmEpaxI;axAxiH}/saw{napuM;8;bahu}/saw{napuM;1;bahu(as2;Sawq_lat;axAxiH)}/saw{napuM;2;bahu(as2;Sawq_lat;axAxiH)}	as2{karwari;lat;pra;bahu;parasmEpaxI;axAxiH}	-	-	1	011	08	vexa	qgvexa	maNdala-1
2.1	ojasA	3.1	ojasA	ojas{napuM;3;eka}	ojas{napuM;3;eka}	kriyA_viSeRaNam,5.1	karaNam,5.1;kriyA_viSeRaNam,5.1	1	011	08	vexa	qgvexa	maNdala-1
3.1	ISAnaM	2.1	ISAnaM	ISAna{puM;2;eka}/ISAna{puM;2;eka(IS1;SAnac_lat;karwari;axAxiH)}/ISAna{napuM;1;eka(IS1;SAnac_lat;karwari;axAxiH)}/ISAna{napuM;2;eka(IS1;SAnac_lat;karwari;axAxiH)}	ISAna{puM;2;eka(IS1;SAnac_lat;karwari;axAxiH)}	viSeRaNam,4.1	viSeRaNam,4.1	1	011	08	vexa	qgvexa	maNdala-1
4.1	inxraM	1.1	inxraM	inxra{puM;2;eka}	inxra{puM;2;eka}	karma,5.1	karma,5.1	1	011	08	vexa	qgvexa	maNdala-1
5.1	aBi_anURawa	5.1	aByanURawa	aBi_Nu1{karwari;luf;pra;bahu;parasmEpaxI;axAxiH}	aBi_Nu1{karwari;luf;pra;bahu;parasmEpaxI;axAxiH}	aBihiwa_karwA,1.1;sakarmaka	-	1	011	08	vexa	qgvexa	maNdala-1
6.1	yasya	7.1	yasya	yax{sarvanAma;puM;6;eka}/yax{sarvanAma;napuM;6;eka}/yas1{karwari;lot;ma;eka;parasmEpaxI;xivAxiH}	yax{sarvanAma;puM;6;eka}	viSeRaNam,7.1	viSeRaNam,7.1	1	011	08	vexa	qgvexa	maNdala-1
7.1	(inxrasya)	-	inxrasya	inxra{puM;6;eka}	inxra{puM;6;eka}	RaRTIsambanXaH,12.1	RaRTIsambanXaH,12.1q	1	011	08	vexa	qgvexa	maNdala-1
8.1	sahasraM	6.1	sahasraM	sahasra{saMKyeyam;napuM;1;eka}/sahasra{saMKyeyam;napuM;2;eka}/sahasra{saMKyA;napuM;1;eka}/sahasra{saMKyA;napuM;2;eka}	sahasra{saMKyeyam;napuM;1;eka}	viXeya_viSeRaNam,12.1	viXeya_viSeRaNam,12.1	1	011	08	vexa	qgvexa	maNdala-1
9.1	uwa	9.1	uwa	uwa{avya}	uwa{avya}	sambanXaH,10.1	sambanXaH,8.1;sambanXaH,10.1	1	011	08	vexa	qgvexa	maNdala-1
1.1	asya	6.1	asya	ixam{sarvanAma;puM;6;eka}/ixam{sarvanAma;napuM;6;eka}/as3{karwari;lot;ma;eka;parasmEpaxI;xivAxiH}	ixam{sarvanAma;puM;6;eka}	viSeRaNam,2.1	viSeRaNam,2.1	1	012	01	vexa	qgvexa	maNdala-1
2.1	yajFasya	7.1	yajFasya	yajFa{puM;6;eka}	yajFa{puM;6;eka}	RaRTIsambanXaH,3.2	RaRTIsambanXaH,3.2	1	012	01	vexa	qgvexa	maNdala-1
3.1	su-	8.1	su-krawuM	su	su	samAsaH,3.2	samAsaH,3.2	1	012	01	vexa	qgvexa	maNdala-1
3.2	krawuM	8.2	--	krawu{puM;2;eka}	krawu{puM;2;eka}	viSeRaNam,7.1	viSeRaNam,7.1	1	012	01	vexa	qgvexa	maNdala-1
4.1	viSva-	5.1	viSva-vexasaM	viSva	viSva	samAsaH,4.2	samAsaH,4.2	1	012	01	vexa	qgvexa	maNdala-1
4.2	vexasaM	5.2	--	vexas{puM;2;eka}	vexas{puM;2;eka}	viSeRaNam,7.1	viSeRaNam,7.1	1	012	01	vexa	qgvexa	maNdala-1
5.1	howAraM	4.1	howAraM	howq{puM;2;eka}	howq{puM;2;eka}	viSeRaNam,7.1	viSeRaNam,7.1	1	012	01	vexa	qgvexa	maNdala-1
6.1	xUwam	2.1	xUwam	xUwa{puM;2;eka}	xUwa{puM;2;eka}	viSeRaNam,7.1	viSeRaNam,7.1	1	012	01	vexa	qgvexa	maNdala-1
7.1	agniM	1.1	agniM	agni{puM;2;eka}	agni{puM;2;eka}	karma,9.1	karma,9.1	1	012	01	vexa	qgvexa	maNdala-1
8.1	(vayaM)	9.1	vayaM	asmax{sarvanAma;1;bahu}	asmax{sarvanAma;1;bahu}	karwA,9.1	karwA,9.1	1	012	01	vexa	qgvexa	maNdala-1
9.1	vqNImahe	3.1	vqNImahe	vq2{karwari;lat;u;bahu;AwmanepaxI;kryAxiH}	vq2{karwari;lat;u;bahu;AwmanepaxI;kryAxiH}	aBihiwa_karwA,8.1;sakarmaka	-	1	012	01	vexa	qgvexa	maNdala-1
1.1	viSpawiM	6.1	viSpawiM	viSpawi{puM;2;eka}	viSpawi{puM;2;eka}	viSeRaNam,4.1	viSeRaNam,4.1	1	012	02	vexa	qgvexa	maNdala-1
2.1	havya-	7.1	havya-vAhaM	havya(hu1;yaw;juhowyAxiH)	havya(hu1;yaw;juhowyAxiH)	samAsaH,2.2	samAsaH,2.2	1	012	02	vexa	qgvexa	maNdala-1
2.2	vAhaM	7.2	--	vAha{puM;2;eka}/vAha{napuM;1;eka}/vAha{napuM;2;eka}	vAha{puM;2;eka(vah;Nvi)}	viSeRaNam,4.1	viSeRaNam,4.1	1	012	02	vexa	qgvexa	maNdala-1
3.1	puru-	8.1	puru-priyaM	puru	puru	samAsaH,3.2	samAsaH,3.2	1	012	02	vexa	qgvexa	maNdala-1
3.2	priyaM	8.2	--	priya{puM;2;eka}/priya{napuM;1;eka}/priya{napuM;2;eka}	priya{puM;2;eka}	viSeRaNam,4.1	viSeRaNam,4.1	1	012	02	vexa	qgvexa	maNdala-1
4.1	agniM	1.1	agniM	agni{puM;2;eka}	agni{puM;2;eka}	vIpsA,5.1	vIpsA,5.1	1	012	02	vexa	qgvexa	maNdala-1
5.1	agniM	2.1	agniM	agni{puM;2;eka}	agni{puM;2;eka}	karma,8.1	karma,8.1	1	012	02	vexa	qgvexa	maNdala-1
6.1	havImaBiH	3.1	havImaBiH	havIman{puM;3;bahu}	havIman{puM;3;bahu}	karaNam,8.1	karaNam,8.1	1	012	02	vexa	qgvexa	maNdala-1
7.1	saxA	4.1	saxA	saxA{avya}	saxA{avya}	kAlAXikaraNam,8.1	kAlAXikaraNam,8.1	1	012	02	vexa	qgvexa	maNdala-1
8.1	havanwa	5.1	havanwa	hve1{karwari;lat;pra;bahu;AwmanepaxI;BvAxiH}	hve1{karwari;lat;pra;bahu;AwmanepaxI;BvAxiH}	-	-	1	012	02	vexa	qgvexa	maNdala-1
1.1	agne	1.1	agne	agni{puM;8;eka}	agni{puM;8;eka}	samboXyaH,7.1	samboXyaH,7.1	1	012	03	vexa	qgvexa	maNdala-1
10.1	(wvaM)	12.1	-	yuRmax{sarvanAma;1;eka}	yuRmax{sarvanAma;1;eka}	karwA,12.1	-#karwA,12.1	1	012	03	vexa	qgvexa	maNdala-1
11.1	IdyaH	10.1	IdyaH	Idya{puM;1;eka(Id1;Nyaw;axAxiH)}	Idya{puM;1;eka(Id1;Nyaw;axAxiH)}	viXeya_viSeRaNam,10.1	viXeya_viSeRaNam,10.1	1	012	03	vexa	qgvexa	maNdala-1
12.1	asi	7.1	asi	as2{karwari;lat;ma;eka;parasmEpaxI;axAxiH}	as2{karwari;lat;ma;eka;parasmEpaxI;axAxiH}	-	-	1	012	03	vexa	qgvexa	maNdala-1
2.1	jajFAnaH	5.1	jajFAnaH	jajFAnaH{puM;1;eka(jan;lit_kAnac)}	jajFAnaH{puM;1;eka(jan;lit_kAnac)}	viSeRaNam,3.1	viSeRaNam,3.1	1	012	03	vexa	qgvexa	maNdala-1
3.1	(wvaM)	11.1	wvaM	yuRmax{sarvanAma;1;eka}	yuRmax{sarvanAma;1;eka}	karwA,7.1	karwA,7.1	1	012	03	vexa	qgvexa	maNdala-1
4.1	vqkwa-	6.1	vqkwa-barhiRe	vqkwa(vqj3;kwa;ruXAxiH)	vqkwa(vqj3;kwa;ruXAxiH)	samAsaH,4.2	samAsaH,4.2	1	012	03	vexa	qgvexa	maNdala-1
4.2	barhiRe	6.2	--	barhis{napuM;4;eka}	barhis{napuM;4;eka}	prayojanam,7.1	prayojanam1,11.17.1	1	012	03	vexa	qgvexa	maNdala-1
5.1	iha	3.1	iha	iha{avya}	iha{avya}	xeSAXikaraNam,7.1	xeSAXikaraNam,7.1	1	012	03	vexa	qgvexa	maNdala-1
6.1	xevAn	2.1	xevAn	xeva{puM;2;bahu}	xeva{puM;2;bahu}	karma,7.1	karma,7.1	1	012	03	vexa	qgvexa	maNdala-1
7.1	Avaha	4.1	Avaha	Af_vah1{karwari;lot;ma;eka;parasmEpaxI;BvAxiH}/Avaha{puM;8;eka}	Af_vah1{karwari;lot;ma;eka;parasmEpaxI;BvAxiH}	aBihiwa_karwA,2.1;sakarmaka	-	1	012	03	vexa	qgvexa	maNdala-1
8.1	naH	9.1	naH	asmax{sarvanAma;2;bahu}/asmax{sarvanAma;6;bahu}/asmax{sarvanAma;4;bahu}/nq{puM;8;eka}	asmax{sarvanAma;4;bahu}	prayojanam,12.1	prayojanam,12.1	1	012	03	vexa	qgvexa	maNdala-1
9.1	howA	8.1	howA	hu1{karwari;lut;pra;eka;parasmEpaxI;juhowyAxiH}/hu1{karmaNi;lut;pra;eka;AwmanepaxI;juhowyAxiH}/howq{puM;1;eka}	howq{puM;1;eka}	viSeRaNam,10.1	viSeRaNam,10.1	1	012	03	vexa	qgvexa	maNdala-1
1.1	agne	5.1	agne	agni{puM;8;eka}	agni{puM;8;eka}	samboXyaH,5.1	samboXyaH,5.1	1	012	04	vexa	qgvexa	maNdala-1
10.1	barhiRi	10.1	barhiRi	barhis{napuM;7;eka(bqh;is)}	barhis{napuM;7;eka(bqh;is)}	aXikaraNam,13.1	aXikaraNam,13.1	1	012	04	vexa	qgvexa	maNdala-1
11.1	xevEH	8.1	xevEH	xeva{puM;3;bahu}	xeva{puM;3;bahu}	sahArWaH,13.1	sahArWaH,13.1	1	012	04	vexa	qgvexa	maNdala-1
12.1	(saha)	13.1	sah	sah{avya}	sah{avya}	sahArWa_xyowakaH,11.1	sahArWa_xyowakaH,11.1	1	012	04	vexa	qgvexa	maNdala-1
13.1	A_sawsi	9.1	A_sawsi	Rax1{karwari;lat;ma;eka;parasmEpaxI;BvAxiH}	Rax1{karwari;lat;ma;eka;parasmEpaxI;BvAxiH}	-	-	1	012	04	vexa	qgvexa	maNdala-1
2.1	(wvaM)	11.1	wvaM	yuRmax{sarvanAma;1;eka}	yuRmax{sarvanAma;1;eka}	karwA,5.1;karwA,9.1	karwA,5.1;karwA,9.1	1	012	04	vexa	qgvexa	maNdala-1
3.1	yaw(yasmAw)	4.1	yaw	yaw{avya}/yax{sarvanAma;napuM;1;eka}/yax{sarvanAma;napuM;2;eka}	yaw{avya}	sambanXaH,5.1	sambanXaH,5.1	1	012	04	vexa	qgvexa	maNdala-1
4.1	xUwyaM	7.1	xUwyaM	xUwya{napuM;1;eka}/xUwya{napuM;2;eka}	xUwya{napuM;2;eka}	karma,5.1	karma,5.1	1	012	04	vexa	qgvexa	maNdala-1
5.1	yAsi	6.1	yAsi	A_yA1{karwari;lat;ma;eka;parasmEpaxI;axAxiH}	yA1{karwari;lat;ma;eka;parasmEpaxI;axAxiH}	-	-	1	012	04	vexa	qgvexa	maNdala-1
6.1	(wasmAw)	12.1	-	wax{sarvanAma;puM;5;eka}	wax{sarvanAma;puM;5;eka}	sambanXaH,9.1	sambanXaH,9.1	1	012	04	vexa	qgvexa	maNdala-1
7.1	uSawaH	2.1	uSawaH	uSaw{puM;2;bahu(vaS1;Sawq_lat;axAxiH)}/uSaw{puM;5;eka(vaS1;Sawq_lat;axAxiH)}/uSaw{puM;6;eka(vaS1;Sawq_lat;axAxiH)}/uSaw{napuM;5;eka(vaS1;Sawq_lat;axAxiH)}/uSaw{napuM;6;eka(vaS1;Sawq_lat;axAxiH)}	uSaw{puM;2;bahu(vaS1;Sawq_lat;axAxiH)}	viSeRaNam,8.1	viSeRaNam,8.1	1	012	04	vexa	qgvexa	maNdala-1
8.1	wAn(xevAn)	1.1	wAn	wax{sarvanAma;puM;2;bahu}	wax{sarvanAma;puM;2;bahu}	karma,9.1	karma,9.1	1	012	04	vexa	qgvexa	maNdala-1
9.1	vi_boXaya	3.1	viboXaya	vi_buX1{Nic;karwari;lot;ma;eka;parasmEpaxI;BvAxiH}/buX3{Nic;karwari;lot;ma;eka;parasmEpaxI;xivAxiH}	vi_buX1{Nic;karwari;lot;ma;eka;parasmEpaxI;BvAxiH}	-	-	1	012	04	vexa	qgvexa	maNdala-1
1.1	Gqwa-	1.1	GqwAhavana	Gqwa-	GqwAhavana{puM;8;eka}	samAsaH,1.2	-#samAsaH,1.2	1	012	05	vexa	qgvexa	maNdala-1
1.2	Ahavana	1.2	-	Ahavana{puM;8;eka}	Ahavana{puM;8;eka}	viSeRaNam,3.1	-#viSeRaNam,3.1	1	012	05	vexa	qgvexa	maNdala-1
2.1	xIxivaH	2.1	xIxivaH	xIxivaH{puM;8;eka}	xIxivaH{puM;8;eka}	viSeRaNam,3.1	viSeRaNam,3.1	1	012	05	vexa	qgvexa	maNdala-1
3.1	agne	6.1	agne	agni{puM;8;eka}	agni{puM;8;eka}	samboXyaH,7.1	samboXyaH,7.1	1	012	05	vexa	qgvexa	maNdala-1
4.1	wvaM	7.1	wvaM	yuRmax{sarvanAma;1;eka}	yuRmax{sarvanAma;1;eka}	karwA,7.1	karwA,7.1	1	012	05	vexa	qgvexa	maNdala-1
5.1	rakRasvinaH	8.1	rakRasvinaH	rakRasvin{puM;2bahu}/rakRasvin{puM;2;bahu}	rakRasvin{puM;2;bahu}	viSeRaNam,6.1	viSeRaNam,6.1	1	012	05	vexa	qgvexa	maNdala-1
6.1	riRawaH	4.1	riRawaH	riRaw{puM;2bahu}/riRaw{puM;2;bahu}	riRaw{puM;2;bahu}	karma,7.1	karma,7.1	1	012	05	vexa	qgvexa	maNdala-1
7.1	prawi_xaha	5.1	prawixaha	prawi_xah1{karwari;lot;ma;eka;parasmEpaxI;BvAxiH}	prawi_xah1{karwari;lot;ma;eka;parasmEpaxI;BvAxiH}	-	-	1	012	05	vexa	qgvexa	maNdala-1
8.1	sma	3.1	sma	sma{avya}	sma{avya}	sambanXaH,7.1	sambanXaH,7.1	1	012	05	vexa	qgvexa	maNdala-1
1.1	agninA	1.1	agninA	agni{puM;3;eka}	agni{puM;3;eka}	karwA,8.1	karwA,8.1	1	012	06	vexa	qgvexa	maNdala-1
2.1	kaviH	4.1	kaviH	kavi{puM;1;eka}	kavi{puM;1;eka}	viSeRaNam,7.1	viSeRaNam,7.1	1	012	06	vexa	qgvexa	maNdala-1
3.1	gqha-	5.1	gqhapawiH	gqha	gqha	samAsaH,3.2	samAsaH,3.2	1	012	06	vexa	qgvexa	maNdala-1
3.2	pawiH	5.2	-	pawi{puM;1;eka}	pawi{puM;1;eka}	viSeRaNam,7.1	viSeRaNam,7.1	1	012	06	vexa	qgvexa	maNdala-1
4.1	yuvA	6.1	yuvA	yuvan{puM;1;eka}	yuvan{puM;1;eka}	viSeRaNam,7.1	viSeRaNam,7.1	1	012	06	vexa	qgvexa	maNdala-1
5.1	havya-	7.1	havyavAt	havya	havya	samAsaH,5.2	samAsaH,5.2	1	012	06	vexa	qgvexa	maNdala-1
5.2	vAt	7.2	-	vah{puM;1;eka}	vah{puM;1;eka}	viSeRaNam,7.1	viSeRaNam,7.1	1	012	06	vexa	qgvexa	maNdala-1
6.1	juhvAsyaH	8.1	juhvAsyaH	juhvAsya{puM;1;eka}	juhvAsya{puM;1;eka}	viSeRaNam,7.1	viSeRaNam,7.1	1	012	06	vexa	qgvexa	maNdala-1
7.1	agniH	2.1	agniH	agni{puM;1;eka}	agni{puM;1;eka}	karma,8.1	karma,8.1	1	012	06	vexa	qgvexa	maNdala-1
8.1	sam_iXyawe	3.1	sam_iXyawe	sam_inX1{karmaNi;lat;pra;eka;AwmanepaxI;ruXAxiH}	sam_inX1{karmaNi;lat;pra;eka;AwmanepaxI;ruXAxiH}	-	-	1	012	06	vexa	qgvexa	maNdala-1
1.1	kaviM	1.1	kaviM	kavi{puM;2;eka}	kavi{puM;2;eka}	viSeRaNam,6.1	viSeRaNam,6.1	1	012	07	vexa	qgvexa	maNdala-1
2.1	sawya-	4.1	sawya-XarmANaM	sawya	sawya	samAsaH,2.2	samAsaH,2.2	1	012	07	vexa	qgvexa	maNdala-1
2.2	XarmANaM	4.2	--	Xarman{puM;2;eka}	Xarman{puM;2;eka}	viSeRaNam,6.1	viSeRaNam,6.1	1	012	07	vexa	qgvexa	maNdala-1
3.1	xevaM	6.1	xevaM	xeva{puM;2;eka}	xeva{puM;2;eka}	viSeRaNam,6.1	viSeRaNam,6.1	1	012	07	vexa	qgvexa	maNdala-1
4.1	amIva-	7.1	amIva-cAwanam	amIva	amIva	samAsaH,4.2	samAsaH,4.2	1	012	07	vexa	qgvexa	maNdala-1
4.2	cAwanam	7.2-	--	cAwana{napuM;1;eka}/cAwana{napuM;2;eka}/cAwana{puM;2;eka}	cAwana{napuM;2;eka}	viSeRaNam,6.1	viSeRaNam,6.1	1	012	07	vexa	qgvexa	maNdala-1
5.1	aXvare	5.1	aXvare	aXvara{puM;7;eka}/aXvara{napuM;7;eka}	aXvara{puM;7;eka}	aXikaraNam,8.1	aXikaraNam,8.1	1	012	07	vexa	qgvexa	maNdala-1
6.1	agnim	2.1	agnim	agni{puM;2;eka}	agni{puM;2;eka}	karma,8.1	karma,8.1	1	012	07	vexa	qgvexa	maNdala-1
7.1	(wvaM)	7.1	wvaM	yuRmax{sarvanAma;1;eka}	yuRmax{sarvanAma;1;eka}	karwA,8.1	karwA,8.1	1	012	07	vexa	qgvexa	maNdala-1
8.1	upa_swuhi	3.1	upa_swuhi	upa_Rwu1{karwari;lot;ma;eka;parasmEpaxI;axAxiH}	upa_Rwu1{karwari;lot;ma;eka;parasmEpaxI;axAxiH}	aBihiwa_karwA,7.1;sakarmaka	-	1	012	07	vexa	qgvexa	maNdala-1
1.1	agne	3.1	agne	agni{puM;8;eka}	agni{puM;8;eka}	viSeRaNam,2.1	viSeRaNam,2.1	1	012	08	vexa	qgvexa	maNdala-1
10.1	Bava	11.1	Bava	BU1{karwari;lot;ma;eka;parasmEpaxI;BvAxiH}/Bava{puM;8;eka}	BU1{karwari;lot;ma;eka;parasmEpaxI;BvAxiH}	-	-	1	012	08	vexa	qgvexa	maNdala-1
11.1	sma	9.1	sma	sma{avya}	sma{avya}	sambanXaH,10.1	sambanXaH,10.1	1	012	08	vexa	qgvexa	maNdala-1
2.1	xeva	6.1	xeva	xeva{puM;8;eka}	xeva{puM;8;eka}	samboXyaH,10.1	samboXyaH,10.1	1	012	08	vexa	qgvexa	maNdala-1
3.1	yaH	1.1	yaH	yax{sarvanAma;puM;1;eka}	yax{sarvanAma;puM;1;eka}	viSeRaNam,4.2	viSeRaNam,4.2	1	012	08	vexa	qgvexa	maNdala-1
4.1	havis-	4.1	haviRpawiH	havis	havis	samAsaH,4.2	-#samAsaH,4.2	1	012	08	vexa	qgvexa	maNdala-1
4.2	pawiH	4.2	-	pawi{puM;1;eka}	pawi{puM;1;eka}	karwA,7.1	-#karwA,7.1	1	012	08	vexa	qgvexa	maNdala-1
5.1	xUwaM	5.1	xUwaM	xUwa{puM;2;eka}	xUwa{puM;2;eka}	viSeRaNam,6.1	viSeRaNam,6.1	1	012	08	vexa	qgvexa	maNdala-1
6.1	wvAM	2.1	wvAM	yuRmax{sarvanAma;2;eka}	yuRmax{sarvanAma;2;eka}	karma,7.1	karma,7.1	1	012	08	vexa	qgvexa	maNdala-1
7.1	saparyawi	7.1	saparyawi	sapary{karwari;lat;pra;eka;parasmEpaxI;kaNdavAxiH}	sapary{karwari;lat;pra;eka;parasmEpaxI;kaNdavAxiH}	-	-	1	012	08	vexa	qgvexa	maNdala-1
8.1	wasya	8.1	waM	wax{sarvanAma;puM;6;eka}	wax{sarvanAma;puM;6;eka}	RaRTIsambanXaH,9.1	RaRTIsambanXaH,9.1	1	012	08	vexa	qgvexa	maNdala-1
9.1	pra_aviwA	10.1	prAviwA	pru1{karmaNi;lut;pra;eka;AwmanepaxI;BvAxiH}/pra_av1{karwari{lut;pra;eka;parasmEpaxI;BvAxiH}/pra_av1{karmaNi{lut;pra;eka;AwmanepaxI;BvAxiH}/prAviwq{puM;1;eka(pra_av1;wqc;BvAxiH)}/prAviwA{swrI;1;eka(pra_av1;kwa;BvAxiH)}	prAviwq{puM;1;eka(pra_av1;wqc;BvAxiH)}	viXeya_viSeRaNam,10.1	viXeya_viSeRaNam,10.1	1	012	08	vexa	qgvexa	maNdala-1
1.1	pAvaka	7.1	pAvaka	pAvaka{puM;8;eka}/pAvaka{napuM;8;eka}	pAvaka{puM;8;eka}	samboXyaH,9.1	-#samboXyaH,9.1	1	012	09	vexa	qgvexa	maNdala-1
2.1	haviRmAn	4.1	haviRmAn	haviR{mawup;puM;1;eka}	haviR{mawup;puM;1;eka}	viSeRaNam,3.1	viSeRaNam,3.1	1	012	09	vexa	qgvexa	maNdala-1
3.1	yaH	1.1	yaH	yax{sarvanAma;puM;1;eka}	yax{sarvanAma;puM;1;eka}	karwA,6.1;niwya_sambanXaH1,7.1	karwA,6.1;niwya_sambanXaH1,7.1	1	012	09	vexa	qgvexa	maNdala-1
4.1	xeva-	3.1	xeva-vIwaye	xeva	xeva	samAsaH,4.2	samAsaH,4.2	1	012	09	vexa	qgvexa	maNdala-1
4.2	vIwaye	3.2	--	vIwi{swrI;4;eka}/vIwi{puM;4;eka}	vIwi{swrI;4;eka}	prayojanam,6.1	prayojanam,6.1	1	012	09	vexa	qgvexa	maNdala-1
5.1	agniM	2.1	agniM	agni{puM;2;eka}	agni{puM;2;eka}	karma,6.1	karma,6.1	1	012	09	vexa	qgvexa	maNdala-1
6.1	A_vivAsawi	5.1	A_vivAsawi	A_vA1{karwari;san_lat;pra;eka;parasmEpaxI;axAxiH}	A_vA1{karwari;san_lat;pra;eka;parasmEpaxI;axAxiH}	aBihiwa_karwA,3.1;sakarmaka	-	1	012	09	vexa	qgvexa	maNdala-1
7.1	wasmE	6.1	wasmE	wax{sarvanAma;puM;4;eka}/wax{sarvanAma;napuM;4;eka}	wax{sarvanAma;puM;4;eka}	prayojanam,9.1	prayojanam,9.1	1	012	09	vexa	qgvexa	maNdala-1
8.1	(wvaM)	9.1	wvaM	yuRmaxx{sarvanAma;puM;1;eka}	yuRmaxx{sarvanAma;puM;1;eka}	karwA,9.1	karwA,9.1	1	012	09	vexa	qgvexa	maNdala-1
9.1	mqlYaya	8.1	mqlYaya	mqd1{karwari;Nic;lot;ma;eka;parasmEpaxI}	mqd1{karwari;Nic;lot;ma;eka;parasmEpaxI;wuxAxiH}	-	-	1	012	09	vexa	qgvexa	maNdala-1
1.1	xIxivaH	4.1	xIxivaH	xIxivas{puM;8;eka}	xIxivas{puM;8;eka}	viSeRaNam,3.1	viSeRaNam,3.1	1	012	10	vexa	qgvexa	maNdala-1
10.1	yajFaM	10.1	yajFaM	yajFa{puM;2;eka}	yajFa{puM;2;eka}	karma,13.1	karma,13.1	1	012	10	vexa	qgvexa	maNdala-1
11.1	haviH	11.1	haviH	havis{napuM;1;eka}/havis{napuM;2;eka}/havis{napuM;8;eka}	havis{napuM;2;eka}	samucciwaH,10.1	samucciwaH,10.1	1	012	10	vexa	qgvexa	maNdala-1
12.1	ca	12.1	ca	ca{avya}	ca{avya}	samuccaya_xyowakaH,10.1	samuccaya_xyowakaH,10.1	1	012	10	vexa	qgvexa	maNdala-1
13.1	upa_(A_vaha)	9.1	upa_A_vaha	upa_A_vah1{karwari;lot;ma;eka;parasmEpaxI;BvAxiH}/vaha{puM;8;eka}	upa_A_vah1{karwari;lot;ma;eka;parasmEpaxI;BvAxiH}	-	-	1	012	10	vexa	qgvexa	maNdala-1
2.1	pAvaka	3.1	pAvaka	pAvaka{puM;8;eka}/pAvaka{napuM;8;eka}	pAvaka{puM;8;eka}	viSeRaNam,3.1	viSeRaNam,3.1	1	012	10	vexa	qgvexa	maNdala-1
3.1	agne	5.1	agne	agni{puM;8;eka}	agni{puM;8;eka}	samboXyaH,8.1;samboXyaH,13.1	samboXyaH,8.1;samboXyaH,13.1	1	012	10	vexa	qgvexa	maNdala-1
4.1	saH(wvaM)	1.1	saH	wax{sarvanAma;puM;1;eka}	wax{sarvanAma;puM;1;eka}	karwA,8.1	karwA,8.1	1	012	10	vexa	qgvexa	maNdala-1
5.1	naH	2.1	naH	asmax{sarvanAma;2;bahu}/asmax{sarvanAma;6;bahu}/asmax{sarvanAma;4;bahu}/nq{puM;8;eka}	asmax{sarvanAma;4;bahu}	prayojanam,8.1	prayojanam,8.1	1	012	10	vexa	qgvexa	maNdala-1
6.1	iha	7.1	iha	iha{avya}	iha{avya}	xeSAXikaraNam,8.1	xeSAXikaraNam,8.1	1	012	10	vexa	qgvexa	maNdala-1
7.1	xevAn	6.1	xevAn	xeva{puM;2;bahu}	xeva{puM;2;bahu}	karma,8.1	karma,8.1	1	012	10	vexa	qgvexa	maNdala-1
8.1	A_vaha	7,8	A_vaha	A_vah1{karwari;lot;ma;eka;parasmEpaxI;BvAxiH}/vaha{puM;8;eka}	A_vah1{karwari;lot;ma;eka;parasmEpaxI;BvAxiH}	-	samucciwaH,13.1	1	012	10	vexa	qgvexa	maNdala-1
9.1	naH	13.1	naH	asmax{sarvanAma;2;bahu}/asmax{sarvanAma;6;bahu}/asmax{sarvanAma;4;bahu}/nq{puM;8;eka}	asmax{sarvanAma;6;bahu}	RaRTIsambanXaH,10.1	RaRTIsambanXaH,10.1	1	012	10	vexa	qgvexa	maNdala-1
1.1	navIyasA	6.1	navIyasA	navIyas{puM;3;eka}	navIyas{puM;3;eka}	viSeRaNam,2.1	viSeRaNam,2.1	1	012	11	vexa	qgvexa	maNdala-1
10.1	A_Bara	4.1	ABara	Af_Bq1{karwari;lot;ma;eka;parasmEpaxI;BvAxiH}	Af_Bq1{karwari;lot;ma;eka;parasmEpaxI;BvAxiH}	-	-	1	012	11	vexa	qgvexa	maNdala-1
2.1	gAyawreNa	5.1	gAyawreNa	gAyawra{puM;3;eka}/gAyawra{napuM;3;eka}	gAyawra{puM;3;eka}	karaNam,3.1	karaNam,3.1	1	012	11	vexa	qgvexa	maNdala-1
3.1	swavAnaH	3.1	swavAnaH	swavAnaH{puM;1;eka(swu;lat_SAnac)}	swavAnaH{puM;1;eka(swu;lat_SAnac)}	viSeRaNam,4.1	viSeRaNam,4.1	1	012	11	vexa	qgvexa	maNdala-1
4.1	saH(wvaM)	1.1	saH	wax{sarvanAma;puM;1;eka}	wax{sarvanAma;puM;1;eka}	karwA,10.1	karwA,10.1	1	012	11	vexa	qgvexa	maNdala-1
5.1	naH	2.1	naH	asmax{sarvanAma;2;bahu}/asmax{sarvanAma;6;bahu}/asmax{sarvanAma;4;bahu}/nq{puM;8;eka}	asmax{sarvanAma;4;bahu}	prayojanam,10.1	prayojanam1,10.1	1	012	11	vexa	qgvexa	maNdala-1
6.1	rayiM	7.1	rayiM	rayi{swrI;2;eka}	rayi{swrI;2;eka}	karma,10.1	karma,10.1	1	012	11	vexa	qgvexa	maNdala-1
7.1	vIravawIM	8.1	vIravawIM	vIravaw{swrI;2;eka(vIra;mawup)}	vIravaw{swrI;2;eka(vIra;mawup;fIp)}	viSeRaNam,8.1	viSeRaNam,8.1	1	012	11	vexa	qgvexa	maNdala-1
8.1	iRam	9.1	iRam	iR{swrI;2;eka}	iR{swrI;2;eka}	samucciwaH,6.1	samucciwaH,6.1	1	012	11	vexa	qgvexa	maNdala-1
9.1	(ca)	10.1	ca	ca{avya}	ca{avya}	samuccaya_xyowakaH,6.1	samuccaya_xyowakaH,6.1	1	012	11	vexa	qgvexa	maNdala-1
1.1	agne	1.1	agne	agni{puM;8;eka}	agni{puM;8;eka}	samboXyaH,11.1	samboXyaH,11.1	1	012	12	vexa	qgvexa	maNdala-1
10.1	swomaM	7.1	swomaM	swoma{puM;2;eka}	swoma{puM;2;eka}	karma,11.1	karma,11.1	1	012	12	vexa	qgvexa	maNdala-1
11.1	juRasva	8.1	juRasva	juR1{karwari;lot;ma;eka;AwmanepaxI;wuxAxiH}	juR1{karwari;lot;ma;eka;AwmanepaxI;wuxAxiH}	-	-	1	012	12	vexa	qgvexa	maNdala-1
2.1	(wvaM)	10.1	wvaM	yuRmax{sarvanAma;puM;1;eka}	yuRmax{sarvanAma;puM;1;eka}	karwA,11.1	karwA,11.1	1	012	12	vexa	qgvexa	maNdala-1
3.1	SukreNa	2.1	SukreNa	Sukra{napuM;3;eka}	Sukra{napuM;3;eka}	viSeRaNam,4.1	viSeRaNam,4.1	1	012	12	vexa	qgvexa	maNdala-1
4.1	SociRA	3.1	SociRA	Socis{puM;3;eka}/Socis{napuM;3;eka}	Socis{napuM;3;eka}	karaNam,11.1	karaNam,11.1	1	012	12	vexa	qgvexa	maNdala-1
5.1	viSvABiH	4.1	viSvABiH	viSvA{sarvanAma;swrI;3;bahu}	viSvA{sarvanAma;swrI;3;bahu}	viSeRaNam,6.2	viSeRaNam,6.2	1	012	12	vexa	qgvexa	maNdala-1
6.1	xeva-	5.1	xeva-hUwiBiH	xeva	xeva	samAsaH,6.2	samAsaH,5.2	1	012	12	vexa	qgvexa	maNdala-1
6.2	hUwiBiH	5.2	--	hUwi{swrI;3;bahu}/hUwi{napuM;3;bahu}/hUwi{puM;3;bahu}	hUwi{swrI;3;bahu}	samucciwaH,4.1	samucciwaH,4.1	1	012	12	vexa	qgvexa	maNdala-1
7.1	(ca)	11.1	-	ca{avyayaH}	ca{avyayaH}	samuccaya_xyowakaH,4.1	samuccaya_xyowakaH,4.1	1	012	12	vexa	qgvexa	maNdala-1
8.1	naH	9.1	naH	asmax{sarvanAma;2;bahu}/asmax{sarvanAma;6;bahu}/asmax{sarvanAma;4;bahu}/nq{puM;8;eka}	asmax{sarvanAma;6;bahu}	RaRTIsambanXaH,10.1	RaRTIsambanXaH,10.1	1	012	12	vexa	qgvexa	maNdala-1
9.1	imaM	6.1	imaM	ixam{sarvanAma;puM;2;eka}	ixam{sarvanAma;puM;2;eka}	viSeRaNam,10.1	viSeRaNam,10.1	1	012	12	vexa	qgvexa	maNdala-1
1.1	agne	5.1	agne	agni{puM;8;eka}	agni{puM;8;eka}	samboXyaH,7.1	samboXyaH,7.1	1	013	01	vexa	qgvexa	maNdala-1
10.1	yakRi	9.1	yaja	yaj1{karwari;lot;ma;eka;parasmEpaxI;BvAxiH}	yaj1{karwari;lot;ma;eka;parasmEpaxI;BvAxiH}	samucciwaH,7.1	samucciwaH,7.1	1	013	01	vexa	qgvexa	maNdala-1
11.1	ca	10.1	-	ca{avyayaH}	ca{avyayaH}	samuccaya_xyowakaH,7.1	samuccaya_xyowakaH,7.1	1	013	01	vexa	qgvexa	maNdala-1
2.1	su-	1.1	su-samixXaH	su	su	samAsaH,2.2	samAsaH,2.2	1	013	01	vexa	qgvexa	maNdala-1
2.2	samixXaH	1.2	--	samixXa{puM;1;eka}	samixXa{puM;1;eka}	viSeRaNam,3.1	viSeRaNam,3.1	1	013	01	vexa	qgvexa	maNdala-1
3.1	(wvaM)	11.1	wvaM	yuRmax{sarvanAma;1;eka}	yuRmax{sarvanAma;1;eka}	karwA,7.1	karwA,7.1	1	013	01	vexa	qgvexa	maNdala-1
4.1	naH	2.1	naH	asmax{sarvanAma;2;bahu}/asmax{sarvanAma;6;bahu}/asmax{sarvanAma;4;bahu}/nq{puM;8;eka}	asmax{sarvanAma;6;bahu}	RaRTIsambanXaH,5.1	RaRTIsambanXaH,5.1	1	013	01	vexa	qgvexa	maNdala-1
5.1	haviRmawe	6.1	haviRmawe	haviR{mawup;puM;4;eka}/haviR{mawup;napuM;4;eka}	haviR{mawup;puM;4;eka}	prayojanam,7.1	prayojanam,7.1	1	013	01	vexa	qgvexa	maNdala-1
6.1	xevAn	4.1	xevAn	xeva{puM;2;bahu}	xeva{puM;2;bahu}	karma,7.1	karma,7.1	1	013	01	vexa	qgvexa	maNdala-1
7.1	A_vaha	3,4	Avaha	Af_vah1{karwari;lot;ma;eka;parasmEpaxI;BvAxiH}/Avaha{puM;8;eka}	Af_vah1{karwari;lot;ma;eka;parasmEpaxI;BvAxiH}	aBihiwa_karwA,3.1;sakarmaka	samucciwaH,11.1	1	013	01	vexa	qgvexa	maNdala-1
8.1	pAvaka	8.1	-	pAvaka{puM;8;eka}/pAvaka{napuM;8;eka}	pAvaka{puM;8;eka}	viSeRaNam,9.1	-#viSeRaNam,9.1	1	013	01	vexa	qgvexa	maNdala-1
9.1	howaH	7.1	howaH	howq{puM;8;eka}	howq{puM;8;eka}	samboXyaH,10.1	viSeRaNam,10.1	1	013	01	vexa	qgvexa	maNdala-1
1.1	wanU-	2.1	wanU-napAw	wanU	wanU	samAsaH,1.2	samAsaH,2.2	1	013	02	vexa	qgvexa	maNdala-1
1.2	napAw	2.2	--	napAw{puM;1;eka}/napAw{puM;8;eka}	napAw{puM;8;eka}	viSeRaNam,2.1	viSeRaNam,2.1	1	013	02	vexa	qgvexa	maNdala-1
10.1	kqNuhi	8.1	kqNuhi	kq2{karwari;lot;ma;eka;parasmEpaxI;svAxiH}	kq2{karwari;lot;ma;eka;parasmEpaxI;svAxiH}	aBihiwa_karwA,3.1;sakarmaka	-	1	013	02	vexa	qgvexa	maNdala-1
2.1	kave	6.1	kave	kavi{puM;8;eka}	kavi{puM;8;eka}	samboXyaH,10.1	samboXyaH,10.1	1	013	02	vexa	qgvexa	maNdala-1
3.1	(wvaM)	10.1	wvaM	yuRmax{sarvanAma;1;eka}	yuRmax{sarvanAma;1;eka}	karwA,10.1	karwA,10.1	1	013	02	vexa	qgvexa	maNdala-1
4.1	axya	7.1	axya	axya{avya}	axya{avya}	kAlAXikaraNam,10.1	kAlAXikaraNam,10.1	1	013	02	vexa	qgvexa	maNdala-1
5.1	naH	5.1	naH	asmax{sarvanAma;2;bahu}/asmax{sarvanAma;6;bahu}/asmax{sarvanAma;4;bahu}/nq{puM;8;eka}	asmax{sarvanAma;6;bahu}	RaRTIsambanXaH,7.1	RaRTIsambanXaH,7.1	1	013	02	vexa	qgvexa	maNdala-1
6.1	maXumanwaM	1.1	maXumanwaM	maXumaw{puM;2;eka}	maXumaw{puM;2;eka}	viSeRaNam,7.1	viSeRaNam,7.1	1	013	02	vexa	qgvexa	maNdala-1
7.1	yajFaM	3.1	yajFaM	yajFa{puM;2;eka}	yajFa{puM;2;eka}	karma,10.1	karma,10.1	1	013	02	vexa	qgvexa	maNdala-1
8.1	vIwaye	9.1	vIwaye	vIwi{swrI;4;eka}	vIwi{swrI;4;eka}	prayojanam,10.1	prayojanam1,10.1	1	013	02	vexa	qgvexa	maNdala-1
9.1	xeveRu	4.1	xeveRu	xeva{puM;7;bahu}	xeva{puM;7;bahu}	aXikaraNam,10.1	aXikaraNam,10.1	1	013	02	vexa	qgvexa	maNdala-1
1.1	iha	2.1	iha	iha{avya}	iha{avya}	xeSAXikaraNam,9.1	xeSAXikaraNam,9.1	1	013	03	vexa	qgvexa	maNdala-1
2.1	(ahaM)	9.1	ahaM	asmax{sarvanAma;1;eka}	asmax{sarvanAma;1;eka}	karwA,9.1	karwA,9.1	1	013	03	vexa	qgvexa	maNdala-1
3.1	asmin	4.1	asmin	ixam{sarvanAma;puM;7;eka}/ixam{sarvanAma;napuM;7;eka}	ixam{sarvanAma;puM;7;eka}	viSeRaNam,4.1	viSeRaNam,4.1	1	013	03	vexa	qgvexa	maNdala-1
4.1	yajFe	5.1	yajFe	yajFa{puM;7;eka}	yajFa{puM;7;eka}	aXikaraNam,9.1	aXikaraNam,9.1	1	013	03	vexa	qgvexa	maNdala-1
5.1	priyaM	3.1	priyaM	priya{puM;2;eka}/priya{napuM;1;eka}/priya{napuM;2;eka}	priya{puM;2;eka}	viSeRaNam,8.2	viSeRaNam,8.2	1	013	03	vexa	qgvexa	maNdala-1
6.1	maXu-	7.1	maXu-jihvaM	maXu	maXu	samAsaH,6.2	samAsaH,6.2	1	013	03	vexa	qgvexa	maNdala-1
6.2	jihvaM	7.2	--	jihva{puM;2;eka}/jihva{napuM;1;eka}/jihva{napuM;2;eka}	jihva{puM;2;eka}	viSeRaNam,8.2	viSeRaNam,8.2	1	013	03	vexa	qgvexa	maNdala-1
7.1	havis-	8.1	haviR-kqwaM	havis	havis	samAsaH,7.2	samAsaH,7.2	1	013	03	vexa	qgvexa	maNdala-1
7.2	kqwaM	8.2	--	kqwa{puM;2;eka(kq2;kwa;svAxiH)}/kqwa{napuM;1;eka(kq2;kwa;svAxiH)}/kqwa{napuM;2;eka(kq2;kwa;svAxiH)}/kqwa{puM;2;eka(kq3;kwa;wanAxiH)}/kqwa{napuM;1;eka(kq3;kwa;wanAxiH)}/kqwa{napuM;2;eka(kq3;kwa;wanAxiH)}	kqwa{puM;2;eka(kq2;kwa;svAxiH)}	viSeRaNam,8.2	viSeRaNam,8.2	1	013	03	vexa	qgvexa	maNdala-1
8.1	narA-	1.1	narA-SaMsam	narA	narA	samAsaH,8.2	samAsaH,8.2	1	013	03	vexa	qgvexa	maNdala-1
8.2	SaMsam	1.2	--	SaMsa{puM;2;eka}/SaMsa{napuM;1;eka}/SaMsa{napuM;2;eka}	SaMsa{puM;2;eka}	karma,9.1	karma,9.1	1	013	03	vexa	qgvexa	maNdala-1
9.1	upa_hvaye	6.1	upa_hvaye	upa_hve1{karwari;lat;u;eka;AwmanepaxI;BvAxiH}	upa_hve1{karwari;lat;u;eka;AwmanepaxI;BvAxiH}	aBihiwa_karwA,2.1;sakarmaka	-	1	013	03	vexa	qgvexa	maNdala-1
1.1	agne	1.1	agne	agni{puM;8;eka}	agni{puM;8;eka}	samboXyaH,7.1	samboXyaH,7.1	1	013	04	vexa	qgvexa	maNdala-1
10.1	howA	8.1	howA	hu1{karwari;lut;pra;eka;parasmEpaxI;juhowyAxiH}/hu1{karmaNi;lut;pra;eka;AwmanepaxI;juhowyAxiH}/howq{puM;1;eka}	howq{puM;1;eka}	viXeya_viSeRaNam,9.1	viXeya_viSeRaNam,9.1	1	013	04	vexa	qgvexa	maNdala-1
11.1	asi	7.1	asi	as2{karwari;lat;ma;eka;parasmEpaxI;axAxiH}	as2{karwari;lat;ma;eka;parasmEpaxI;axAxiH}	aBihiwa_karwA,9.1;sakarmaka	-	1	013	04	vexa	qgvexa	maNdala-1
2.1	IlYiwaH	5.1	IdiwaH	Idiwa{puM;1;eka(Id1;kwa;axAxiH)}	Idiwa{puM;1;eka(Id1;kwa;axAxiH)}	viSeRaNam,3.1	viSeRaNam,3.1	1	013	04	vexa	qgvexa	maNdala-1
3.1	(wvaM)	10.1	wvaM	yuRmax{sarvanAma;1;eka}	yuRmax{sarvanAma;1;eka}	karwA,7.1	karwA,7.1	1	013	04	vexa	qgvexa	maNdala-1
4.1	suKawame	2.1	suKawame	suKa{wamap;puM;7;eka}/suKa{wamap;napuM;1;xvi}/suKa{wamap;napuM;2;xvi}/suKa{wamap;napuM;7;eka}	suKa{wamap;puM;7;eka}	viSeRaNam,5.1	viSeRaNam,5.1	1	013	04	vexa	qgvexa	maNdala-1
5.1	raWe	3.1	raWe	raWa{puM;7;eka}	raWa{puM;7;eka}	aXikaraNam,7.1	aXikaraNam,7.1	1	013	04	vexa	qgvexa	maNdala-1
6.1	xevAn	4.1	xevAn	xeva{puM;2;bahu}	xeva{puM;2;bahu}	karma,7.1	karma,7.1	1	013	04	vexa	qgvexa	maNdala-1
7.1	A_vaha	6.1	Avaha	Af_vah1{karwari;lot;ma;eka;parasmEpaxI;BvAxiH}/Avaha{puM;8;eka}	Af_vah1{karwari;lot;ma;eka;parasmEpaxI;BvAxiH}	aBihiwa_karwA,3.1;sakarmaka	-	1	013	04	vexa	qgvexa	maNdala-1
8.1	manu-	9.1	manurhiwaH	manu	manu	samAsaH,8.2	samAsaH,8.2	1	013	04	vexa	qgvexa	maNdala-1
8.2	hiwaH	9.2	-	hiwa{puM;1;eka}	hiwa{puM;1;eka}	viSeRaNam,9.1	viSeRaNam,9.1	1	013	04	vexa	qgvexa	maNdala-1
9.1	(wvaM)	11.1	wvaM	yuRmax{sarvanAma;1;eka}	yuRmax{sarvanAma;1;eka}	karwA,11.1	karwA,11.1	1	013	04	vexa	qgvexa	maNdala-1
1.1	manIRiNaH	5.1	manIRiNaH	manIRin{puM;1;bahu}/manIRin{puM;2;bahu}/manIRin{puM;5;eka}/manIRin{puM;6;eka}/manIRin{puM;8;bahu}	manIRin{puM;8;bahu}	samboXyaH,9.1	samboXyaH,9.1	1	013	05	vexa	qgvexa	maNdala-1
2.1	(yUyaM)	9.1	yUyaM	yuRmax{sarvanAma;1;bahu}	yuRmax{sarvanAma;1;bahu}	karwA,9.1	karwA,9.1	1	013	05	vexa	qgvexa	maNdala-1
3.1	AnuRak	3.1	AnuRak	AnuRak{napuM;2;eka(A_anu_saFj_kvip)}	AnuRak{napuM;2;eka(A_anu_saFj_kvip)}	viSeRaNam,8.1	viSeRaNam,8.1	1	013	05	vexa	qgvexa	maNdala-1
4.1	Gqwa-	4.1	Gqwa-pqRTaM	Gqwa	Gqwa	samAsaH,4.2	samAsaH,4.2	1	013	05	vexa	qgvexa	maNdala-1
4.2	pqRTaM	4.2	--	pqRTa{napuM;1;eka}/pqRTa{napuM;2;eka}/pqRTa{puM;2;eka}	pqRTa{napuM;2;eka}	viSeRaNam,8.1	viSeRaNam,8.1	1	013	05	vexa	qgvexa	maNdala-1
5.1	yawra	6.1	yawra	yawra{avya}	yawra{avya}	xeSAXikaraNam,7.1	xeSAXikaraNam,7.1	1	013	05	vexa	qgvexa	maNdala-1
6.1	amqwasya	7.1	amqwasya	amqwa{puM;6;eka}/amqwa{napuM;6;eka}	amqwa{puM;6;eka}	RaRTIsambanXaH,7.1	RaRTIsambanXaH,7.11	1	013	05	vexa	qgvexa	maNdala-1
7.1	cakRaNaM	8.1	cakRaNaM	cakRaNaM{napuM;2;eka}	cakRaNaM{napuM;2;eka}	viSeRaNam,8.1	viSeRaNam,8.1	1	013	05	vexa	qgvexa	maNdala-1
8.1	barhiH	2.1	barhiH	barhis{napuM;1;eka}/barhis{napuM;2;eka}/barhis{napuM;8;eka}	barhis{napuM;2;eka}	karma,9.1	karma,9.1	1	013	05	vexa	qgvexa	maNdala-1
9.1	swqNIwa	1.1	swqNIwa	swQ1{karwari;lot;ma;bahu;parasmEpaxI;kryAxiH}/swQ1{karwari;viXilif;pra;eka;AwmanepaxI;kryAxiH}	swQ1{karwari;lot;ma;bahu;parasmEpaxI;kryAxiH}	aBihiwa_karwA,2.1;sakarmaka	-	1	013	05	vexa	qgvexa	maNdala-1
1.1	axya	6.1	axya	axya{avya}	axya{avya}	kAlAXikaraNam,9.1	kAlAXikaraNam,9.1	1	013	06	vexa	qgvexa	maNdala-1
2.1	ca(xinAnwareRvapi)	8.1	ca	ca{avya}	ca{avya}	samucciwaH,1.1	samucciwaH,1.1	1	013	06	vexa	qgvexa	maNdala-1
3.1	yaRtave	9.1	yaRtave	yaRtave{avya(yaj;waven)}	yaRtave{avya(yaj;waven)}	prayojanam,9.1	prayojanam,9.1	1	013	06	vexa	qgvexa	maNdala-1
4.1	qwA-	2.1	qwA-vqXaH	qwA(q1;kwa;BvAxiH)}/qwA(q2{kwa;juhowyAxiH)	qwA(q1;kwa;BvAxiH)	samAsaH,4.2	samAsaH,4.2	1	013	06	vexa	qgvexa	maNdala-1
4.2	vqXaH	2.2	--	vqX{swrI;2;bahu}	vqX{swrI;1;bahu}	viSeRaNam,7.1	viSeRaNam,7.1	1	013	06	vexa	qgvexa	maNdala-1
5.1	xevIH	4.1	xevIH	xevI{swrI;CAnxasa_1;bahu}	xevI{swrI;CAnxasa_1;bahu}	viSeRaNam,7.1	viSeRaNam,7.1	1	013	06	vexa	qgvexa	maNdala-1
6.1	a-	5.1	asaScawaH	a	a	samAsaH,6.2	-#samAsaH,6.2	1	013	06	vexa	qgvexa	maNdala-1
6.2	saScawaH	5.2	-	saScaw{swrI;2;bahu(na;saFj;lat_Sawq)}	saScaw{swrI;1;bahu(na;saFj;lat_Sawq)}	viSeRaNam,7.1	-#viSeRaNam,7.1	1	013	06	vexa	qgvexa	maNdala-1
7.1	xvAraH	3.1	xvAraH	xvAr{swrI;1;bahu(xvq;kvip)}	xvAr{swrI;1;bahu(xvq;kvip)}	karwA,9.1	karwA,9.1	1	013	06	vexa	qgvexa	maNdala-1
8.1	nUnam	7.1	nUnam	nUnam{avya}	nUnam{avya}	kriyAviSeRaNam,9.1	kriyAviSeRaNam,9.1	1	013	06	vexa	qgvexa	maNdala-1
9.1	vi_SrayanwAm	1.1	vi_SrayanwAm	vi_Sri1{karwari;lot;pra;bahu;AwmanepaxI;BvAxiH}	vi_Sri1{karwari;lot;pra;bahu;AwmanepaxI;BvAxiH}	-	-	1	013	06	vexa	qgvexa	maNdala-1
1.1	naH	7.1	naH	asmax{sarvanAma;2;bahu}/asmax{sarvanAma;6;bahu}/asmax{sarvanAma;4;bahu}/nq{puM;8;eka}	asmax{sarvanAma;6;bahu}	RaRTIsambanXaH,3.1	RaRTIsambanXaH,3.1	1	013	07	vexa	qgvexa	maNdala-1
10.1	upa_hvaye	5.1	upa_hvaye	upa_hve1{karwari;lat;u;eka;AwmanepaxI;BvAxiH}	upa_hve1{karwari;lat;u;eka;AwmanepaxI;BvAxiH}	aBihiwa_karwA,9.1;sakarmaka	-	1	013	07	vexa	qgvexa	maNdala-1
2.1	ixaM	6.1	ixaM	ixam{sarvanAma;napuM;1;eka}/ixam{sarvanAma;napuM;2;eka}	ixam{sarvanAma;napuM;2;eka}	viSeRaNam,3.1	viSeRaNam,3.1	1	013	07	vexa	qgvexa	maNdala-1
3.1	barhiH	8.1	barhiH	barhis{napuM;1;eka}/barhis{napuM;2;eka}/barhis{napuM;8;eka}	barhis{napuM;2;eka}	karma,4.1	karma,4.1	1	013	07	vexa	qgvexa	maNdala-1
4.1	Asaxe	9.1	Asaxe	Asax{puM;4;eka(A_sax;kvip)}	Asax{puM;4;eka(A_sax;kvip)}	prayojanam,10.1	prayojanam,10.1	1	013	07	vexa	qgvexa	maNdala-1
5.1	su-	2.1	su-peSasO	su	su	samAsaH,5.2	samAsaH,5.2	1	013	07	vexa	qgvexa	maNdala-1
5.2	peSasO	2.2	--	peSas{;2;xvi}	peSas{swrI;2;xvi}	viSeRaNam,6.1	viSeRaNam,6.1	1	013	07	vexa	qgvexa	maNdala-1
6.1	nakwoRAsA(nakwoRAsO)	1.1	nakwa-uRAsO	nakwoRas{swrI;2;xvi}	nakwoRas{swrI;2;xvi}	karma,10.1	karma,10.1	1	013	07	vexa	qgvexa	maNdala-1
7.1	asmin	3.1	asmin	ixam{sarvanAma;puM;7;eka}/ixam{sarvanAma;napuM;7;eka}	ixam{sarvanAma;puM;7;eka}	viSeRaNam,8.1	viSeRaNam,8.1	1	013	07	vexa	qgvexa	maNdala-1
8.1	yajFe	4.1	yajFe	yajFa{puM;7;eka}	yajFa{puM;7;eka}	aXikaraNam,10.1	aXikaraNam,10.1	1	013	07	vexa	qgvexa	maNdala-1
9.1	(ahaM)	10.1	ahaM	asmax{sarvanAma;1;eka}	asmax{sarvanAma;1;eka}	karwA,10.1	karwA,10.1	1	013	07	vexa	qgvexa	maNdala-1
1.1	su-	2.1	su-jihvO	su	su	samAsaH,1.2	samAsaH,1.2	1	013	08	vexa	qgvexa	maNdala-1
1.2	jihvA(jihvO)	2.2	--	jihva{puM;1;xvi}/jihva{puM;2;xvi}/jihva{puM;8;xvi}	jihva{puM;2;xvi}	viSeRaNam,5.1	viSeRaNam,5.1	1	013	08	vexa	qgvexa	maNdala-1
10.1	imaM	10.1	-	ixam{sarvanAma;pu;2;eka}	ixam{sarvanAma;pu;2;eka}	viSeRaNam,11.1	-#viSeRaNam,11.1	1	013	08	vexa	qgvexa	maNdala-1
11.1	yajFaM	7.1	-	yajFa{puM;2;eka}	yajFa{puM;2;eka}	karma,12.1	-#karma,12.1	1	013	08	vexa	qgvexa	maNdala-1
12.1	yakRawAm	9.1	yajawAm	yaj1{karwari;lot;pra;eka;AwmanepaxI;BvAxiH}/yaj1{karwari;lot;pra;xvi;parasmEpaxI;BvAxiH}/yajaw{puM;6;bahu(yaj1;Sawq_lat;BvAxiH)}/yajaw{napuM;6;bahu(yaj1;Sawq_lat;BvAxiH)}	yaj{karwari;lot;pra;xvi;parasmEpaxI;BvAxiH}	aBihiwa_karwA,8.1;sakarmaka	aBihiwa_karwA,8.1;sakarmaka	1	013	08	vexa	qgvexa	maNdala-1
2.1	howArA(howArO)	4.1	howArO	hu1{karwari;lut;pra;xvi;parasmEpaxI;juhowyAxiH}/hu1{karmaNi;lut;pra;xvi;AwmanepaxI;juhowyAxiH}/(hu;wqn;juhowyAxi)}	howq{puM;2;xvi(hu;wqn;juhowyAxi)}	viSeRaNam,5.1	viSeRaNam,5.1	1	013	08	vexa	qgvexa	maNdala-1
3.1	xEvyA(xEvyO)	5.1	xEvyO	xEvI{swrI;1;xvi}/xEvI{swrI;2;xvi}/xEvya{puM;1;xvi}/xEvya{puM;2;xvi}/xEvya{puM;8;xvi}	xEvya{puM;2;xvi}	viSeRaNam,5.1	viSeRaNam,5.1	1	013	08	vexa	qgvexa	maNdala-1
4.1	kavI	6.1	kavI	kavi{puM;1;xvi}/kavi{puM;2;xvi}/kavi{puM;8;xvi}	kavi{puM;2;xvi}	viSeRaNam,5.1	viSeRaNam,5.1	1	013	08	vexa	qgvexa	maNdala-1
5.1	wA(wO)	1.1	wO	wax{sarvanAma;puM;1;xvi}/wax{sarvanAma;puM;2;xvi}	wax{sarvanAma;puM;2;xvi}	karma,7.1	karma,7.1	1	013	08	vexa	qgvexa	maNdala-1
6.1	(ahaM)	11.1	-	asmax{sarvanAma;1;eka}	asmax{sarvanAma;1;eka}	karwA,7.1	karwA,7.1	1	013	08	vexa	qgvexa	maNdala-1
7.1	upa_hvaye	3.1	-	upa_hve1{karwari;lat;u;eka;AwmanepaxI;BvAxiH}	upa_hve1{karwari;lat;u;eka;AwmanepaxI;BvAxiH}	aBihiwa_karwA,6.1;sakarmaka	-#aBihiwa_karwA,6.1;sakarmaka	1	013	08	vexa	qgvexa	maNdala-1
8.1	(wO)	12.1	-	wax{sarvanAma;puM;1;xvi}/wax{sarvanAma;puM;2;xvi}	wax{sarvanAma;puM;2;xvi}	karwA,12.1	karwA,12.1	1	013	08	vexa	qgvexa	maNdala-1
9.1	naH	8.1	-	asmax{sarvanAma;2;bahu}/asmax{sarvanAma;6;bahu}/asmax{sarvanAma;4;bahu}/nq{puM;8;eka}	asmax{sarvanAma;6;bahu}	RaRTIsambanXaH,11.1	RaRTIsambanXaH,11.1	1	013	08	vexa	qgvexa	maNdala-1
1.1	ilYA	1.1	idA	idA{swrI;1;eka}	idA{swrI;1;eka}	viSeRaNam,4.1	viSeRaNam,4.1	1	013	09	vexa	qgvexa	maNdala-1
10.1	sIxanwu	8.1	sIxanwu	Rax1{karwari;lot;pra;bahu;parasmEpaxI;BvAxiH}	Rax1{karwari;lot;pra;bahu;parasmEpaxI;BvAxiH}	aBihiwa_karwA,6.2	-	1	013	09	vexa	qgvexa	maNdala-1
2.1	sarasvawI	2.1	sarasvawI	sarasvawI{swrI;1;eka}/saras{mawup;swrI;1;eka}	saras{mawup;swrI;1;eka}	viSeRaNam,4.1	viSeRaNam,4.1	1	013	09	vexa	qgvexa	maNdala-1
3.1	mahI	3.1	mahI	mahI{swrI;1;eka}	mahI{swrI;1;eka}	viSeRaNam,4.1	viSeRaNam,4.1	1	013	09	vexa	qgvexa	maNdala-1
4.1	(iwi)	10.1	iwi	iwi{avya}	iwi{avya}	sambanXaH,5.1	sambanXaH,5.1	1	013	09	vexa	qgvexa	maNdala-1
5.1	wisraH	4.1	wisraH	wri{saMKyeyam;swrI;1;bahu}/wri{saMKyeyam;swrI;2;bahu}/wisi{saMKyeyam;puM;1;bahu}/wisi{saMKyeyam;puM;2;bahu}	wri{saMKyeyam;swrI;1;bahu}	viSeRaNam,8.1	viSeRaNam,8.1	1	013	09	vexa	qgvexa	maNdala-1
6.1	mayo-	6.1	mayo-BuvaH	mayo	mayo	samAsaH,6.2	samAsaH,6.2	1	013	09	vexa	qgvexa	maNdala-1
6.2	BuvaH	6.2	--	BU{swrI;1;bahu}/BU{swrI;6;eka}/BU{swrI;5;eka}/BU{swrI;2;bahu}/BU{swrI;8;bahu}/BU{puM;8;bahu}/BU{puM;5;eka}/BU{puM;6;eka}/BU{puM;1;bahu}/BU{puM;2;bahu}	BU{swrI;1;bahu}	viSeRaNam,8.1	viSeRaNam,8.1	1	013	09	vexa	qgvexa	maNdala-1
7.1	a-	9.1	a-sriXaH	a	a	samAsaH,7.2	samAsaH,7.2	1	013	09	vexa	qgvexa	maNdala-1
7.2	sriXaH	9.2	--	sriX{swrI;1;bahu}/sriX{swrI;2;bahu}/sriX{swrI;5;eka}/sriX{swrI;6;eka}	sriX{swrI;6;eka}	viSeRaNam,8.1	viSeRaNam,8.1	1	013	09	vexa	qgvexa	maNdala-1
8.1	xevIH	5.1	xevyaH	xevI{swrI;1;bahu}/xevI{swrI;8;bahu}/xevya{puM;1;eka(xev1;Nyaw;BvAxiH)}	xevI{swrI;1;bahu}	karwA,10.1	karwA,10.1	1	013	09	vexa	qgvexa	maNdala-1
9.1	barhiH	7.1	barhiH	barhis{napuM;1;eka}/barhis{napuM;2;eka}/barhis{napuM;8;eka}	barhis{napuM;2;eka}	karma,10.1	karma,10.1	1	013	09	vexa	qgvexa	maNdala-1
1.1	agriyaM	3.1	agriyaM	agriya{puM;2;eka}	agriya{puM;2;eka}	viSeRaNam,3.1	viSeRaNam,3.1	1	013	10	vexa	qgvexa	maNdala-1
10.1	aswu	7.1	aswu	aswu{avya}/as2{karwari;lot;pra;eka;parasmEpaxI;axAxiH}	as2{karwari;lot;pra;eka;parasmEpaxI;axAxiH}	aBihiwa_karwA,6.1;sakarmaka	-	1	013	10	vexa	qgvexa	maNdala-1
2.1	viSva-	4.1	viSvarUpaM	viSva	viSva	samAsaH,2.2	samAsaH,2.2	1	013	10	vexa	qgvexa	maNdala-1
2.2	rUpaM	4.2	-	rUpa{puM;2;eka}/viSvarUpa{napuM;1;eka}/viSvarUpa{napuM;2;eka}	-rUpa{puM;2;eka}	viSeRaNam,3.1	-#viSeRaNam,3.1	1	013	10	vexa	qgvexa	maNdala-1
3.1	wvaRtAraM	2.1	wvaRtAraM	wvaRtq{puM;2;eka(wvakR1;wqc;BvAxiH)}	wvaRtq{puM;2;eka(wvakR1;wqc;BvAxiH)}	karma,6.1	karma,6.1	1	013	10	vexa	qgvexa	maNdala-1
4.1	iha	1.1	iha	iha{avya}	iha{avya}	xeSAXikaraNam,6.1	xeSAXikaraNam,6.1	1	013	10	vexa	qgvexa	maNdala-1
5.1	(ahaM)	9.1	ahaM	asmax{sarvanAma;1;eka}	asmax{sarvanAma;1;eka}	karwA,6.1	karwA,6.1	1	013	10	vexa	qgvexa	maNdala-1
6.1	upa_hvaye	5.1	upa_hvaye	upa_hve1{karwari;lat;u;eka;AwmanepaxI;BvAxiH}	upa_hve1{karwari;lat;u;eka;AwmanepaxI;BvAxiH}	-	-	1	013	10	vexa	qgvexa	maNdala-1
7.1	(saH)	10.1	saH	wax{sarvanAma;puM;1;eka}	wax{sarvanAma;puM;1;eka}	karwA,10.1	karwA,10.1	1	013	10	vexa	qgvexa	maNdala-1
8.1	asmAkaM	6.1	asmAkaM	asmax{sarvanAma;6;bahu}	asmax{sarvanAma;6;bahu}	RaRTIsambanXaH,7.1	RaRTIsambanXaH,7.1	1	013	10	vexa	qgvexa	maNdala-1
9.1	kevalaH	8.1	kevalaH	kevala{puM;1;eka}	kevala{puM;1;eka}	viXeya_viSeRaNam,7.1	viXeya_viSeRaNam,7.1	1	013	10	vexa	qgvexa	maNdala-1
1.1	vanaspawe	2.1	vanaspawe	vanaspawi{puM;8;eka}/vanaspawi{swrI;8;eka}	vanaspawi{puM;8;eka}	viSeRaNam,2.1	viSeRaNam,2.1	1	013	11	vexa	qgvexa	maNdala-1
2.1	xeva	3.1	xeva	xeva{puM;8;eka}	xeva{puM;8;eka}	samboXyaH,6.1	samboXyaH,6.1	1	013	11	vexa	qgvexa	maNdala-1
3.1	xeveByaH	4.1	xeveByaH	xeva{puM;4;bahu}/xeva{puM;5;bahu}	xeva{puM;4;bahu}	sampraxAnam,6.1	sampraxAnam,6.1	1	013	11	vexa	qgvexa	maNdala-1
4.1	haviH	5.1	haviH	havis{napuM;1;eka}/havis{napuM;2;eka}/havis{napuM;8;eka}	havis{napuM;2;eka}	karma,6.1	karma,6.1	1	013	11	vexa	qgvexa	maNdala-1
5.1	(wvaM)	9.1	wvaM	yuRmax{sarvanAma;1;eka}	yuRmax{sarvanAma;1;eka}	karwA,6.1	karwA,6.1	1	013	11	vexa	qgvexa	maNdala-1
6.1	ava_sqja	1.1	avasqja	ava_sqj2{karwari;lot;ma;eka;parasmEpaxI;wuxAxiH}	ava_sqj2{karwari;lot;ma;eka;parasmEpaxI;wuxAxiH}	aBihiwa_karwA,5.1	aBihiwa_karwA,5.1	1	013	11	vexa	qgvexa	maNdala-1
7.1	pra_xAwuH	6.1	praxAwuH	pra_xAwq{puM;5;eka(pra_xA3;wqc;juhowyAxiH)}/praxAwq{puM;6;eka(pra_xA3;wqc;juhowyAxiH)}/praxAwq{napuM;5;eka(pra_xA3;wqc;juhowyAxiH)}/praxAwq{napuM;6;eka(pra_xA3;wqc;juhowyAxiH)}	pra_xAwq{puM;6;eka(pra_xA3;wqc;juhowyAxiH)}	RaRTIsambanXaH,8.1	RaRTIsambanXaH,8.1	1	013	11	vexa	qgvexa	maNdala-1
8.1	cewanaM	8.1	cewanaM	cewana{puM;1;eka}	cewana{puM;1;eka}	karwA,9.1	karwA,9.1	1	013	11	vexa	qgvexa	maNdala-1
9.1	aswu	7.1	aswu	aswu{avya}/as2{karwari;lot;pra;eka;parasmEpaxI;axAxiH}	aswu{karwari;lot;pra;eka;parasmEpaxI;axAxiH}	-	-	1	013	11	vexa	qgvexa	maNdala-1
1.1	yajvanaH	5.1	yajvanaH	yajvan{puM;2;bahu}/yajvan{puM;5;eka}/yajvan{puM;6;eka}	yajvan{puM;6;eka(yaj;vanip)}	RaRTIsambanXaH,2.1	RaRTIsambanXaH,2.1	1	013	12	vexa	qgvexa	maNdala-1
10.1	(ahaM)	12.1	ahaM	asmax{sarvanAma;1;eka}	asmax{sarvanAma;1;eka}	karwA,12.1	karwA,12.1	1	013	12	vexa	qgvexa	maNdala-1
11.1	xevAn	8.1	xevAn	xeva{puM;2;bahu}	xeva{puM;2;bahu}	karma,12.1	karma,12.1	1	013	12	vexa	qgvexa	maNdala-1
12.1	upa_hvaye	9.1	upa_hvaye	upa_hve1{karwari;lat;u;eka;AwmanepaxI;BvAxiH}	upa_hve1{karwari;lat;u;eka;AwmanepaxI;BvAxiH}	aBihiwa_karwA,10.1;sakarmaka	-	1	013	12	vexa	qgvexa	maNdala-1
2.1	gqhe	6.1	gqhe	gqha{napuM;1;xvi}/gqha{napuM;2;xvi}/gqha{napuM;8;xvi}/gqha{napuM;7;eka}	gqha{napuM;1;xvi}	aXikaraNam,8.1	aXikaraNam,8.1	1	013	12	vexa	qgvexa	maNdala-1
3.1	inxrAya	4.1	inxrAya	inxra{puM;4;eka}	inxra{puM;4;eka}	prayojanam,4.1	prayojanam1,4.1	1	013	12	vexa	qgvexa	maNdala-1
4.1	svAhA	1.1	svAhA	svAhA{avya}/svAhA{swrI;1;eka}	svAhA{avya}	sambanXaH,5.1	sambanXaH,5.1	1	013	12	vexa	qgvexa	maNdala-1
5.1	(iwi)	10.1	iwi	iwi{avya}	iwi{avya}	sambanXaH,8.1	sambanXaH,8.1	1	013	12	vexa	qgvexa	maNdala-1
6.1	(yUyaM)	11.1	yUyaM	yuRmax{sarvanAma;1;bahu}	yuRmax{sarvanAma;1;bahu}	karwA,8.1	karwA,8.1	1	013	12	vexa	qgvexa	maNdala-1
7.1	yajFam	2.1	yajFam	yajFa{puM;2;eka}	yajFa{puM;2;eka}	karma,8.1	karma,8.1	1	013	12	vexa	qgvexa	maNdala-1
8.1	kqNowana	3.1	kqNuwa	kq2{karwari;lot;ma;bahu;parasmEpaxI;svAxiH}	kq2{karwari;lot;ma;bahu;parasmEpaxI;svAxiH}	aBihiwa_karwA,6.1;sakarmaka	-	1	013	12	vexa	qgvexa	maNdala-1
9.1	wawra	7.1	wawra	wawra{avya}	wawra{avya}	xeSAXikaraNam,12.1	xeSAXikaraNam,12.1	1	013	12	vexa	qgvexa	maNdala-1
1.1	agne	2.1	agne	agni{puM;8;eka}	agni{puM;8;eka}	samboXyaH,10.1	samboXyaH,10.1	1	014	01	vexa	qgvexa	maNdala-1
10.1	A_yAhi	8.1	AyAhi	Af_yA1{karwari;lot;ma;eka;parasmEpaxI;axAxiH}	Af_yA1{karwari;lot;ma;eka;parasmEpaxI;axAxiH}	anaBihiwa_karwA,6.1	anaBihiwa_karwA,6.1	1	014	01	vexa	qgvexa	maNdala-1
11.1	yakRi	9.1	yakRi	yaj1{karwari;lot;ma;eka;parasmEpaxI;BvAxiH}	yaj1{karwari;lot;ma;eka;parasmEpaxI;BvAxiH}	samucciwaH,10.1	samucciwaH,10.1	1	014	01	vexa	qgvexa	maNdala-1
12.1	ca	10.1	ca	ca{avya}	ca{avya}	samuccaya_xyowakaH,10.1	samuccaya_xyowakaH,10.1	1	014	01	vexa	qgvexa	maNdala-1
2.1	eBiH	1.1	eBiH	ixam{sarvanAma;puM;3;bahu}/ixam{sarvanAma;napuM;3;bahu}	ixam{sarvanAma;puM;3;bahu}	viSeRaNam,4.1	viSeRaNam,4.1	1	014	01	vexa	qgvexa	maNdala-1
3.1	viSveBiH	5.1	viSveBiH	viSva{puM;3;bahu}/viSva{napuM;3;bahu}/viSva{sarvanAma;puM;3;bahu}/viSva{sarvanAma;napuM;3;bahu}	viSva{puM;3;bahu}	viSeRaNam,4.1	viSeRaNam,4.1	1	014	01	vexa	qgvexa	maNdala-1
4.1	xeveBiH	7.1	xeveBiH	xeva{puM;3;bahu}	xeva{puM;3;bahu}	sahArWaH,10.1	sahArWaH,10.1	1	014	01	vexa	qgvexa	maNdala-1
5.1	soma-	6.1	soma-pIwaye	soma}/soman	soma	samAsaH,5.2	samAsaH,6.2	1	014	01	vexa	qgvexa	maNdala-1
5.2	pIwaye	6.2	--	pIwi{puM;4;eka}	pIwi{puM;4;eka}	prayojanam,10.1	prayojanam,10.1	1	014	01	vexa	qgvexa	maNdala-1
6.1	(wvaM)	11.1	wvaM	yuRmax{sarvanAma;1;eka}	yuRmax{sarvanAma;1;eka}	karwA,10.1	karwA,10.1	1	014	01	vexa	qgvexa	maNdala-1
7.1	xuvaH	3.1	xuvaH	xuvas{napuM;2;eka}	xuvas{napuM;2;eka}	samucciwaH,8.1	samucciwaH,8.1	1	014	01	vexa	qgvexa	maNdala-1
8.1	giraH	4.1	giraH	gir{swrI;1;bahu}/gir{swrI;2;bahu}/gir{swrI;5;eka}/gir{swrI;6;eka}/gir{swrI;8;bahu}	gir{swrI;2;eka}	karma,10.1	karma,10.1	1	014	01	vexa	qgvexa	maNdala-1
9.1	(ca)	12.1	ca	ca{avya}	ca{avya}	samuccaya_xyowakaH,8.1	samuccaya_xyowakaH,8.1	1	014	01	vexa	qgvexa	maNdala-1
1.1	vipra	5.1	vipra	vipra{puM;8;eka}	vipra{puM;8;eka}	samboXyaH,4.1	samboXyaH,4.1	1	014	02	vexa	qgvexa	maNdala-1
10.1	(wvaM)	11.1	wvaM	yuRmax{sarvanAma;1;eka}	yuRmax{sarvanAma;1;eka}	karwA,11.1	karwA,11.1	1	014	02	vexa	qgvexa	maNdala-1
11.1	A_gahi	10.1	Agahi	Af_gam1{karwari;lot;ma;eka;parasmEpaxI;BvAxiH}	Af_gam1{karwari;lot;ma;eka;parasmEpaxI;BvAxiH}	-	-	1	014	02	vexa	qgvexa	maNdala-1
2.1	kaNvAH	2.1	kaNvAH	kaNva{puM;1;bahu}/kaNva{puM;8;bahu}	kaNva{puM;1;bahu}	karwA,4.1	karwA,4.1	1	014	02	vexa	qgvexa	maNdala-1
3.1	wvA	1.1	wvA	yuRmax{sarvanAma;2;eka}	yuRmax{sarvanAma;2;eka}	karma,4.1	karma,4.1	1	014	02	vexa	qgvexa	maNdala-1
4.1	A_ahURawa	3.1	A_ahURawa	Af_hve1{karwari;luf;pra;bahu;AwmanepaxI;BvAxiH}/Af_hve1{karwari{luf;pra;bahu;AwmanepaxI;BvAxiH}	Af_hve1{karwari;luf;pra;bahu;AwmanepaxI;BvAxiH}	aBihiwa_karwA,2.1;sakarmaka	-	1	014	02	vexa	qgvexa	maNdala-1
5.1	we	6.1	we	wax{sarvanAma;puM;1;bahu}/wax{sarvanAma;napuM;1;xvi}/wax{sarvanAma;napuM;2;xvi}/wax{sarvanAma;swrI;1;xvi}/wax{sarvanAma;swrI;2;xvi}/yuRmax{sarvanAma;6;eka}/yuRmax{sarvanAma;4;eka}	wax{sarvanAma;puM;1;bahu}	karwA,7.1	karwA,7.1	1	014	02	vexa	qgvexa	maNdala-1
6.1	XiyaH	7.1	XiyaH	XI{swrI;1;bahu}/XI{swrI;6;eka}/XI{swrI;5;eka}/XI{swrI;2;bahu}	XI{swrI;2;bahu}	karma,7.1	karma,7.1	1	014	02	vexa	qgvexa	maNdala-1
7.1	gqNanwi	5	gqNanwi	gQ2{karwari;lat;pra;bahu;parasmEpaxI;kryAxiH}/gqNaw{napuM;1;bahu(gQ2;Sawq_lat;kryAxiH)}/gqNaw{napuM;2;bahu(gQ2;Sawq_lat;kryAxiH)}	gQ2{karwari;lat;pra;bahu;parasmEpaxI;kryAxiH}	aBihiwa_karwA,5.1;sakarmaka	karma,10.1	1	014	02	vexa	qgvexa	maNdala-1
8.1	agne	9.1	agne	agni{puM;8;eka}	agni{puM;8;eka}	samboXyaH,11.1	samboXyaH,11.1	1	014	02	vexa	qgvexa	maNdala-1
9.1	xeveBiH	8.1	xeveBiH	xeva{puM;3;bahu}	xeva{puM;3;bahu}	sahArWaH,10.1	sahArWaH,10.1	1	014	02	vexa	qgvexa	maNdala-1
1.1	(agne)	10.1	-	agni{puM;8;eka}	agni{puM;8;eka}	samboXyaH,12.1	-#samboXyaH,12.1	1	014	03	vexa	qgvexa	maNdala-1
10.1	gaNam	9.1	--	gaNa{puM;2;eka}/gaNa{napuM;1;eka}/gaNa{napuM;2;eka}	gaNa{puM;2;eka}	viSeRaNam,9.1	viSeRaNam,9.1	1	014	03	vexa	qgvexa	maNdala-1
11.1	(ca)	11.1	-	ca{avyayaH}	ca{avyayaH}	samuccaya_xyowakaH,2.2	-#samuccaya_xyowakaH,2.2	1	014	03	vexa	qgvexa	maNdala-1
12.1	(yakRi)	12.1	-	yaj1{karwari;lot;ma;eka;parasmEpaxI;BvAxiH}	yaj1{karwari;lot;ma;eka;parasmEpaxI;BvAxiH}	-	-	1	014	03	vexa	qgvexa	maNdala-1
2.1	inxra-	1.1	inxra-vAyU	inxra	inxra	samAsaH,2.2	samAsaH,2.2	1	014	03	vexa	qgvexa	maNdala-1
2.2	vAyU	1.2	--	vAyu{puM;1;xvi}/vAyu{puM;2;xvi}/vAyu{puM;8;xvi}	vAyu{puM;2;xvi}	karma,12.1	karma,12.1	1	014	03	vexa	qgvexa	maNdala-1
3.1	bqhaspawiM	2.1	bqhaspawiM	bqhaspawi{puM;2;eka}	bqhaspawi{puM;2;eka}	samucciwaH,2.2	samucciwaH,2.2	1	014	03	vexa	qgvexa	maNdala-1
4.1	miwrA(miwram)	3.1	miwraM	miwra{puM;2;eka}/miwra{napuM;1;eka}/miwra{napuM;2;eka}	miwra{napuM;2;eka}	samucciwaH,2.2	samucciwaH,2.2	1	014	03	vexa	qgvexa	maNdala-1
5.1	agniM	4.1	agniM	agni{puM;2;eka}	agni{puM;2;eka}	samucciwaH,2.2	samucciwaH,2.2	1	014	03	vexa	qgvexa	maNdala-1
6.1	pURaNaM	5.1	pURaNaM	pURan{puM;2;eka}	pURan{puM;2;eka}	samucciwaH,2.2	samucciwaH,2.2	1	014	03	vexa	qgvexa	maNdala-1
7.1	Bagam	6.1	Bagam	Baga{puM;2;eka}	Baga{puM;2;eka}	samucciwaH,2.2	samucciwaH,2.2	1	014	03	vexa	qgvexa	maNdala-1
8.1	AxiwyAn	7.1	AxiwyAn	Axiwya{puM;2;bahu}	Axiwya{puM;2;bahu}	samucciwaH,2.2	samucciwaH,2.2	1	014	03	vexa	qgvexa	maNdala-1
9.1	mAruwaM	8.1	mAruwaM-gaNam	mAruwaM{puM;2;eka}	mAruwaM{puM;2;eka}	samucciwaH,2.2	samucciwaH,2.2	1	014	03	vexa	qgvexa	maNdala-1
1.1	(inxrAxixevAH)	9.1	inxrAxiBiH	inxrAxixeva{puM;8;bahu}	inxrAxi{puM;8;bahu}	samboXyaH,9.1	samboXyaH,9.1	1	014	04	vexa	qgvexa	maNdala-1
2.1	vaH	1.1	vaH	yuRmax{sarvanAma;2;bahu}/yuRmax{sarvanAma;6;bahu}/yuRmax{sarvanAma;4;bahu}	yuRmax{sarvanAma;4;bahu}	prayojanam,9.1	prayojanam,9.1	1	014	04	vexa	qgvexa	maNdala-1
3.1	mawsarAH	4.1	mawsarAH	mawsara{puM;1;bahu}/mawsara{puM;8;bahu}	mawsara{puM;1;bahu}	viSeRaNam,8.1	viSeRaNam,8.1	1	014	04	vexa	qgvexa	maNdala-1
4.1	mAxayiRNavaH	5.1	mAxayiRNavaH	mAxayiRNu{puM;1;bahu}	mAxayiRNu{puM;1;bahu}	viSeRaNam,8.1	viSeRaNam,8.1	1	014	04	vexa	qgvexa	maNdala-1
5.1	xrapsAH	6.1	xrapsAH	xrapsa{puM;1;bahu}/xrapsa{puM;8;bahu}	xrapsa{puM;1;bahu}	viSeRaNam,8.1	viSeRaNam,8.1	1	014	04	vexa	qgvexa	maNdala-1
6.1	maXvaH	7.1	maXvaH	maXva{puM;1;bahu}	maXva{puM;1;bahu}	viSeRaNam,8.1	viSeRaNam,8.1	1	014	04	vexa	qgvexa	maNdala-1
7.1	camU-	8.1	camURaxaH	camU	camU	samAsaH,7.2	-#samAsaH,7.2	1	014	04	vexa	qgvexa	maNdala-1
7.2	saxaH	8.2	-	Rax{puM;1;bahu}	Rax{puM;1;bahu}	viSeRaNam,8.1	-#viSeRaNam,8.1	1	014	04	vexa	qgvexa	maNdala-1
8.1	inxavaH	3.1	inxavaH	inxu{puM;1;bahu}/inxu{puM;8;bahu}	inxu{puM;1;bahu}	karwA,9.1	karwA,9.1	1	014	04	vexa	qgvexa	maNdala-1
9.1	pra_Briyanwe	2.1	praBriyanwe	pra_Bq1{karmaNi;lat;pra;bahu;AwmanepaxI;BvAxiH}	pra_Bq1{karmaNi;lat;pra;bahu;AwmanepaxI;BvAxiH}	-	-	1	014	04	vexa	qgvexa	maNdala-1
1.1	(agne)	8.1	-	agni{puM;8;eka}	agni{puM;8;eka}	samboXyaH,9.1	-#samboXyaH,9.1	1	014	05	vexa	qgvexa	maNdala-1
2.1	(qwvijaH)	9.1	-	qwvik{puM;1;bahu}	qwvik{puM;1;bahu}	karwA,9.1	karwA,9.1	1	014	05	vexa	qgvexa	maNdala-1
3.1	avasyavaH	3.1	avasyavaH	avasyu{puM;1;bahu}	avasyu{puM;1;bahu}	viSeRaNam,2.1	viSeRaNam,2.1	1	014	05	vexa	qgvexa	maNdala-1
4.1	kaNvAsaH	4.1	kaNvAsaH	kaNva{puM;1;bahu}/kaNva{puM;8;bahu}	kaNva{puM;1;bahu}	viSeRaNam,2.1	viSeRaNam,2.1	1	014	05	vexa	qgvexa	maNdala-1
5.1	vqkwa-	5.1	vqkwabarhiRaH	vqkwa	vqkwa	samAsaH,5.2	samAsaH,5.2	1	014	05	vexa	qgvexa	maNdala-1
5.2	barhiRaH	5.2	-	barhis{puM;1;bahu}	barhis{puM;1;bahu}	viSeRaNam,2.1	viSeRaNam,2.1	1	014	05	vexa	qgvexa	maNdala-1
6.1	haviRmanwaH	6.1	haviryukwAH	haviryukwa{puM;1;bahu}	haviryukwa{puM;1;bahu}	viSeRaNam,2.1	viSeRaNam,2.1	1	014	05	vexa	qgvexa	maNdala-1
7.1	araM-	7.1	araMkqwaH	araM	araM	samAsaH,7.2	samAsaH,7.2	1	014	05	vexa	qgvexa	maNdala-1
7.2	kqwaH	7.2	-	kqw{puM;1;bahu}	kqw{puM;1;bahu}	viSeRaNam,2.1	viSeRaNam,2.1	1	014	05	vexa	qgvexa	maNdala-1
8.1	wvAm	2.1	wvAm	yuRmax{sarvanAma;2;eka}	yuRmax{sarvanAma;2;eka}	karma,9.1	karma,9.1	1	014	05	vexa	qgvexa	maNdala-1
9.1	IlYawe	1.1	IlYawe	Id1{karwari;lat;pra;bahu;AwmanepaxI;axAxiH}	Id1{karwari;lat;pra;bahu;AwmanepaxI;axAxiH}	-	-	1	014	05	vexa	qgvexa	maNdala-1
1.1	(agne)	10.1	-	agni{puM;8;eka}	agni{puM;8;eka}	samboXyaH,7.1	samboXyaH,7.1	1	014	06	vexa	qgvexa	maNdala-1
10.1	A_(vaha)	7.1	Avahanwi	Af_vah1{karwari;lot;ma;eka;parasmEpaxI;BvAxiH}	Af_vah1{karwari;lot;ma;eka;parasmEpaxI;BvAxiH}	aBihiwa_karwA,4.1;sakarmaka	-	1	014	06	vexa	qgvexa	maNdala-1
2.1	Gqwa-	1.1	Gqwa-pqRtAH	Gqwa	Gqwa	samAsaH,2.2	samAsaH,2.2	1	014	06	vexa	qgvexa	maNdala-1
2.2	pqRTAH	1.2	--	pqRta{puM;1;bahu(pqR1;kwa;BvAxiH)}/pqRta{puM;1;bahu(praC1;kwa;wuxAxiH)}/pqRta{puM;8;bahu}/pqRtA{swrI;8;bahu}/pqRtA{swrI;1;bahu}/pqRtA{swrI;2;bahu}	pqRtA{swrI;1;bahu}	viSeRaNam,5.1	suviSeRaNam,5.1	1	014	06	vexa	qgvexa	maNdala-1
3.1	mano-	2.1	mano-yujaH	manas	manas	samAsaH,3.2	samAsaH,3.2	1	014	06	vexa	qgvexa	maNdala-1
3.2	yujaH	2.2	--	yuj{puM;1;bahu}/yuj{puM;2;bahu}/yuj{puM;5;eka}/yuj{puM;6;eka}	yuj{puM;1;bahu}	viSeRaNam,5.1	viSeRaNam,5.1	1	014	06	vexa	qgvexa	maNdala-1
4.1	vahnayaH	6.1	vahnayaH	vahni{puM;1;bahu}/vahni{puM;8;bahu}	vahni{puM;1;bahu}	viSeRaNam,5.1	viSeRaNam,5.1	1	014	06	vexa	qgvexa	maNdala-1
5.1	ye	3.1	ye	yax{sarvanAma;puM;1;bahu}/yax{sarvanAma;napuM;1;xvi}/yax{sarvanAma;napuM;2;xvi}/yax{sarvanAma;swrI;1;xvi}/yax{sarvanAma;swrI;2;xvi}	yax{sarvanAma;puM;1;bahu}	karwA,7.1;sambanXaH,8.1	karwA,7.1;sambanXaH,8.1	1	014	06	vexa	qgvexa	maNdala-1
6.1	wvA	4.1	-	yuRmax{sarvanAma;2;eka}	yuRmax{sarvanAma;2;eka}	karma,7.1	-#karma,7.1	1	014	06	vexa	qgvexa	maNdala-1
7.1	vahanwi	5.1	-	vah1{karwari;lat;pra;bahu;parasmEpaxI;BvAxiH}	vah1{karwari;lat;pra;bahu;parasmEpaxI;BvAxiH}	-	-	1	014	06	vexa	qgvexa	maNdala-1
8.1	soma-	9.1	soma-pIwaye	soma}/soman	soma	samAsaH,8.2	samAsaH,8.2	1	014	06	vexa	qgvexa	maNdala-1
8.2	pIwaye	9.2	--	pIwi{puM;4;eka}	pIwi{puM;4;eka}	prayojanam,10.1	prayojanam,10.1	1	014	06	vexa	qgvexa	maNdala-1
9.1	xevAn	8.1	xevAn	xeva{puM;2;bahu}	xeva{puM;2;bahu}	karma,10.1	karma,10.1	1	014	06	vexa	qgvexa	maNdala-1
1.1	agne	4.1	agne	agni{puM;8;eka}	agni{puM;8;eka}	samboXyaH,8.1	samboXyaH,8.1	1	014	07	vexa	qgvexa	maNdala-1
10.1	(wvaM)	12.1	wvaM	yuRmax{sarvanAma;1;eka}	yuRmax{sarvanAma;1;eka}	karwA,12.1	karwA,12.1	1	014	07	vexa	qgvexa	maNdala-1
11.1	maXvaH	7.1	maXvaH	maXu{puM;2;bahu(lifgavyawyayaH;yaNAxeSaSCAnxasaH)}	maXu{puM;2;bahu(lifgavyawyayaH;yaNAxeSaSCAnxasaH)}	karma,12.1	karma,12.1	1	014	07	vexa	qgvexa	maNdala-1
12.1	pAyaya	9.1	pAyaya	pA1{Nic;karwari;lot;ma;eka;parasmEpaxI;BvAxiH}/pi1{Nic;karwari;lot;ma;eka;parasmEpaxI;wuxAxiH}	pA1{Nic;karwari;lot;ma;eka;parasmEpaxI;BvAxiH}	-	-	1	014	07	vexa	qgvexa	maNdala-1
2.1	(wvaM)	10.1	wvaM	yuRmax{sarvanAma;1;eka}	yuRmax{sarvanAma;1;eka}	karwA,8.1	karwA,8.1	1	014	07	vexa	qgvexa	maNdala-1
3.1	wAn	1.1	wAn	wax{sarvanAma;puM;2;bahu}	wax{sarvanAma;puM;2;bahu}	muKyakarma,8.1	karma,8.1	1	014	07	vexa	qgvexa	maNdala-1
4.1	yajawrAn	2.1	yajawrAn	yajawra{puM;2;bahu}	yajawra{puM;2;bahu}	gONakarma,8.1	gONakarma,8.1	1	014	07	vexa	qgvexa	maNdala-1
5.1	qwA-	3.1	qwAvqXaH	qwA(q1;kwa;BvAxiH)}/qwA(q2{kwa;juhowyAxiH)	qwA(q1;kwa;BvAxiH)	samAsaH,5.2	-#samAsaH,5.2	1	014	07	vexa	qgvexa	maNdala-1
5.2	vqXaH	3.2	-	vqX{puM;2;bahu}	vqX{puM;2;bahu}	samucciwaH,4.1	samucciwaH,4.1	1	014	07	vexa	qgvexa	maNdala-1
6.1	pawnIvawaH	5.1	pawnIvawaH	pawnIvaw{puM;2;bahu}	pawnIvaw{puM;2;bahu}	samucciwaH,4.1	-#samucciwaH,4.1	1	014	07	vexa	qgvexa	maNdala-1
7.1	(ca)	11.1	ca	ca{avya}	ca{avya}	samuccaya_xyowakaH,4.1	samuccaya_xyowakaH,4.1	1	014	07	vexa	qgvexa	maNdala-1
8.1	kqXi	6.1	kqXi	kq3{karwari;lot;ma;eka;parasmEpaxI;wanAxiH}	kq3{karwari;lot;ma;eka;parasmEpaxI;wanAxiH}	-	-	1	014	07	vexa	qgvexa	maNdala-1
9.1	su-	8.1	su-jihva	su	su	samAsaH,9.2	samAsaH,9.2	1	014	07	vexa	qgvexa	maNdala-1
9.2	jihva	8.2	jihva	jihva{puM;8;eka}	jihva{puM;8;eka}	samboXyaH,12.1	samboXyaH,12.1	1	014	07	vexa	qgvexa	maNdala-1
1.1	agne	10.1	agne	agni{puM;8;eka}	agni{puM;8;eka}	samboXyaH,14.1	samboXyaH,14	1	014	08	vexa	qgvexa	maNdala-1
10.1	we	6.1	-	wax{sarvanAma;puM;1;bahu}/wax{sarvanAma;napuM;1;xvi}/wax{sarvanAma;napuM;2;xvi}/wax{sarvanAma;swrI;1;xvi}/wax{sarvanAma;swrI;2;xvi}/yuRmax{sarvanAma;6;eka}/yuRmax{sarvanAma;4;eka}	yuRmax{sarvanAma;6;eka}	RaRTIsambanXaH,11.1	RaRTIsambanXaH,11.1	1	014	08	vexa	qgvexa	maNdala-1
11.1	jihvayA	8.1	jihvayA	jihvA{swrI;3;eka}	jihvA{swrI;3;eka}	karaNam,14.1	karaNam,14.1	1	014	08	vexa	qgvexa	maNdala-1
12.1	maXoH	9.1	-	maXu{swrI;6;eka}	maXu{swrI;6;eka}	RaRTIsambanXaH,13.1	RaRTIsambanXaH,13.1	1	014	08	vexa	qgvexa	maNdala-1
13.1	(rasaM)	14.1	-	rasa{puM;2;eka}	rasa{puM;2;eka}	karma,14.1	-#karma,14.1	1	014	08	vexa	qgvexa	maNdala-1
14.1	pibanwu	7.1	-	pA{karwari;lot;pra;bahu;parasmEpaxI;BvAxi}	pA{karwari;lot;pra;bahu;parasmEpaxI;BvAxi}	-	-	1	014	08	vexa	qgvexa	maNdala-1
2.1	ye	1.1	ye	yax{sarvanAma;puM;1;bahu}/yax{sarvanAma;napuM;1;xvi}/yax{sarvanAma;napuM;2;xvi}/yax{sarvanAma;swrI;1;xvi}/yax{sarvanAma;swrI;2;xvi}	yax{sarvanAma;puM;1;bahu}	viSeRaNam,3.1;niwya_sambanXaH1,8.1	viSeRaNam,3.1;niwya_sambanXaH1,8.1	1	014	08	vexa	qgvexa	maNdala-1
3.1	yajawrAH	2.1	yajawrAH	yajawra{puM;1;bahu}/yajawra{puM;8;bahu}	yajawra{puM;1;bahu}	karwA,7.1	karwA,7.1	1	014	08	vexa	qgvexa	maNdala-1
4.1	ye	3.1	ye	yax{sarvanAma;puM;1;bahu}/yax{sarvanAma;napuM;1;xvi}/yax{sarvanAma;napuM;2;xvi}/yax{sarvanAma;swrI;1;xvi}/yax{sarvanAma;swrI;2;xvi}	yax{sarvanAma;puM;1;bahu}	viSeRaNam,5.1	viSeRaNam,5.1	1	014	08	vexa	qgvexa	maNdala-1
5.1	IdyAH	4.1	IdyAH	Id1{Nic;karwari;ASIrlif;ma;eka;parasmEpaxI;axAxiH}/Idya{puM;1;bahu(Id1;Nyaw;axAxiH)}/IdyA{swrI;1;bahu(Id1;Nyaw;axAxiH)}/IdyA{swrI;2;bahu(Id1;Nyaw;axAxiH)}	Idya{puM;1;bahu(Id1;Nyaw;axAxiH)}	samucciwaH,3.1	samucciwaH,3.1	1	014	08	vexa	qgvexa	maNdala-1
6.1	(ca)	12.1	ca	ca{avyayaH}	ca{avyayaH}	samuccaya_xyowakaH,3.1	samuccaya_xyowakaH,3.1	1	014	08	vexa	qgvexa	maNdala-1
7.1	(sanwi)	13.1	sanwi	as{karwari;lat;pra;bahu;parasmEpaxI;axAxiH}	as{karwari;lat;pra;bahu;parasmEpaxI;axAxiH}	-	-	1	014	08	vexa	qgvexa	maNdala-1
8.1	we	5.1	we	wax{sarvanAma;puM;1;bahu}/wax{sarvanAma;napuM;1;xvi}/wax{sarvanAma;napuM;2;xvi}/wax{sarvanAma;swrI;1;xvi}/wax{sarvanAma;swrI;2;xvi}/yuRmax{sarvanAma;6;eka}/yuRmax{sarvanAma;4;eka}	wax{sarvanAma;puM;1;bahu}	karwA,14.1	karwA,14.1	1	014	08	vexa	qgvexa	maNdala-1
9.1	vaRat-	11.1	vaRat-kqwi	vaRat	vaRat	samAsaH,9.2	samAsaH,9.2	1	014	08	vexa	qgvexa	maNdala-1
9.2	kqwi	11.2	--	kqw{puM;7;eka(kq;kvip)}	kqw{puM;7;eka(kq;kvip)}	aXikaraNam,14.1	-#aXikaraNam,14.1	1	014	08	vexa	qgvexa	maNdala-1
1.1	vipraH	7.1	vipraH	vipra{puM;1;eka}	vipra{puM;1;eka}	viSeRaNam,2.1	viSeRaNam,2.1	1	014	09	vexa	qgvexa	maNdala-1
10.1	vakRawi	10.1	vakRawi	vah{karwari;let;pra;eka;parasmEpaxI;BvAxiH}	vah{karwari;let;pra;eka;parasmEpaxI;BvAxiH}	aBihiwa_karwA,6.1	-	1	014	09	vexa	qgvexa	maNdala-1
2.1	howA	8.1	howA	hu1{karwari;lut;pra;eka;parasmEpaxI;juhowyAxiH}/hu1{karmaNi;lut;pra;eka;AwmanepaxI;juhowyAxiH}/howq{puM;1;eka}	howq{puM;1;eka}	karwA,10.1	karwA,10.1	1	014	09	vexa	qgvexa	maNdala-1
3.1	sUryasya	2.1	sUryasya	sUrya{puM;6;eka}	sUrya{puM;6;eka}	RaRTIsambanXaH,4.1	RaRTIsambanXaH,4.1	1	014	09	vexa	qgvexa	maNdala-1
4.1	rocanAw	3.1	rocanAw	rocana{napuM;5;eka(ruc1;lyut;BvAxiH)}	rocana{napuM;5;eka(ruc1;yuc;BvAxiH)}	apAxAnam,10.1	apAxAnam,10.1	1	014	09	vexa	qgvexa	maNdala-1
5.1	iha	9.1	iha	iha{avya}	iha{avya}	xeSAXikaraNam,10.1	xeSAXikaraNam,10.1	1	014	09	vexa	qgvexa	maNdala-1
6.1	uRas-	6.1	uRarbuXaH	uRas	uRas	samAsaH,6.2	samAsaH,6.2	1	014	09	vexa	qgvexa	maNdala-1
6.2	buXaH	6.2	-	buXa{puM;2;bahu.buX;kvip)}	buXa{puM;2;bahu(buX;kvip)}	viSeRaNam,8.1	-#viSeRaNam,8.1	1	014	09	vexa	qgvexa	maNdala-1
7.1	viSvAn	4.1	viSvAn	viSva{puM;2;bahu}/viSva{sarvanAma;puM;2;bahu}	viSva{puM;2;bahu}	viSeRaNam,8.1	viSeRaNam,8.1	1	014	09	vexa	qgvexa	maNdala-1
8.1	xevAn	5.1	xevAn	xeva{puM;2;bahu}	xeva{puM;2;bahu}	karma,10.1	karma,10.1	1	014	09	vexa	qgvexa	maNdala-1
9.1	AkIM	1.1	AkIM	AkIM{nipAwanam}	AkIM{nipAwanam}	sambanXaH,10.1	sambanXaH,10.1	1	014	09	vexa	qgvexa	maNdala-1
1.1	agne	4.1	agne	agni{puM;8;eka}	agni{puM;8;eka}	samboXyaH,11.1	samboXyaH,11.1	1	014	10	vexa	qgvexa	maNdala-1
10.1	maXu	3.1	maXu	maXu{napuM;1;eka}/maXu{napuM;2;eka}/maXu{napuM;8;eka}	maXu{napuM;2;eka}	karma,11.1	karma,11.1	1	014	10	vexa	qgvexa	maNdala-1
11.1	piba	7.1	piba	pA1{karwari;lot;ma;eka;parasmEpaxI;BvAxiH}	pA1{karwari;lot;ma;eka;parasmEpaxI;BvAxiH}	-	-	1	014	10	vexa	qgvexa	maNdala-1
2.1	(wvaM)	10.1	wvaM	yuRmax{sarvanAma;1;eka}	yuRmax{sarvanAma;1;eka}	karwA,11.1	karwA,11.1	1	014	10	vexa	qgvexa	maNdala-1
3.1	viSveBiH	1.1	-	viSva{puM;3;bahu}	viSva{puM;3;bahu}	sahArWaH,2.1	-#sahArWaH,11.1	1	014	10	vexa	qgvexa	maNdala-1
4.1	inxreNa	5.1	inxreNa	inxra{puM;3;eka}	inxra{puM;3;eka}	samucciwaH,3.1	samucciwaH,3.1	1	014	10	vexa	qgvexa	maNdala-1
5.1	vAyunA	6.1	vAyunA	vAyu{puM;3;eka}	vAyu{puM;3;eka}	samucciwaH,3.1	samucciwaH,3.1	1	014	10	vexa	qgvexa	maNdala-1
6.1	miwrasya	8.1	miwrasya	miwra{puM;6;eka}/miwra{napuM;6;eka}	miwra{napuM;6;eka}	RaRTIsambanXaH,7.1	RaRTIsambanXaH,7.1	1	014	10	vexa	qgvexa	maNdala-1
7.1	XAmaBiH	9.1	XAmaBiH	XAman{napuM;3;bahu}	XAman{napuM;3;bahu}	samucciwaH,3.1	samucciwaH,3.1	1	014	10	vexa	qgvexa	maNdala-1
8.1	(ca)	11.1	ca	ca{avya}	ca{avya}	samuccaya_xyowakaH,3.1	samuccaya_xyowakaH,3.1	1	014	10	vexa	qgvexa	maNdala-1
9.1	somyaM	2.1	somyaM	somya{puM;2;eka}/somya{napuM;1;eka}/somya{napuM;2;eka}	somya{napuM;2;eka}	viSeRaNam,10.1	viSeRaNam,10.1	1	014	10	vexa	qgvexa	maNdala-1
1.1	agne	4.1	agne	agni{puM;8;eka}	agni{puM;8;eka}	samboXyaH,6.1	samboXyaH,6.1	1	014	11	vexa	qgvexa	maNdala-1
10.1	aXvaraM	10.1	aXvaraM	aXvara{puM;2;eka}	aXvara{puM;2;eka}	karma,11.1	karma,11.1	1	014	11	vexa	qgvexa	maNdala-1
11.1	yaja	11.1	yaja	yaj1{karwari;lot;ma;eka;parasmEpaxI;BvAxiH}	yaj1{karwari;lot;ma;eka;parasmEpaxI;BvAxiH}	-	-	1	014	11	vexa	qgvexa	maNdala-1
2.1	manu-	3.1	manurhiwaH	manu	manu	samAsaH,2.2	-#samAsaH,2.2	1	014	11	vexa	qgvexa	maNdala-1
2.2	hiwaH	3.2	-	hiwa{puM;1;eka}	hiwa{puM;1;eka}	viSeRaNam,4.1	-#viSeRaNam,4.1	1	014	11	vexa	qgvexa	maNdala-1
3.1	howA	2.1	howA	hu1{karwari;lut;pra;eka;parasmEpaxI;juhowyAxiH}/hu1{karmaNi;lut;pra;eka;AwmanepaxI;juhowyAxiH}/howq{puM;1;eka}	howq{puM;1;eka}	viSeRaNam,4.1	viSeRaNam,4.1	1	014	11	vexa	qgvexa	maNdala-1
4.1	wvaM	1.1	wvaM	yuRmax{sarvanAma;1;eka}	yuRmax{sarvanAma;1;eka}	karwA,6.1	karwA,6.1	1	014	11	vexa	qgvexa	maNdala-1
5.1	yajFeRu	5.1	yajFeRu	yajFa{puM;7;bahu}	yajFa{puM;7;bahu}	aXikaraNam,6.1	aXikaraNam,6.1	1	014	11	vexa	qgvexa	maNdala-1
6.1	sIxasi	6.1	sIxasi	Rax1{karwari;lat;ma;eka;parasmEpaxI;BvAxiH}	Rax1{karwari;lat;ma;eka;parasmEpaxI;BvAxiH}	aBihiwa_karwA,4.1;sakarmaka	-	1	014	11	vexa	qgvexa	maNdala-1
7.1	saH(wvaM)	7.1	saH	wax{sarvanAma;puM;1;eka}	wax{sarvanAma;puM;1;eka}	karwA,11.1	karwA,11.1	1	014	11	vexa	qgvexa	maNdala-1
8.1	naH	9.1	naH	asmax{sarvanAma;2;bahu}/asmax{sarvanAma;6;bahu}/asmax{sarvanAma;4;bahu}/nq{puM;8;eka}	asmax{sarvanAma;6;bahu}	RaRTIsambanXaH,10.1	RaRTIsambanXaH,10.1	1	014	11	vexa	qgvexa	maNdala-1
9.1	imam	8.1	imam	ixam{sarvanAma;puM;2;eka}	ixam{sarvanAma;puM;2;eka}	viSeRaNam,10.1	viSeRaNam,10.1	1	014	11	vexa	qgvexa	maNdala-1
1.1	xeva	6.1	xeva	xeva{puM;8;eka}	xeva{puM;8;eka}	samboXyaH,6.1	samboXyaH,6.1	1	014	12	vexa	qgvexa	maNdala-1
10.1	iha	10.1	iha	iha{avya}	iha{avya}	xeSAXikaraNam,12.1	xeSAXikaraNam,12.1	1	014	12	vexa	qgvexa	maNdala-1
11.1	xevAn	9.1	xevAn	xeva{puM;2;bahu}	xeva{puM;2;bahu}	karma,12.1	karma,12.1	1	014	12	vexa	qgvexa	maNdala-1
12.1	A_vaha	11.1	Avaha	Af_vah1{karwari;lot;ma;eka;parasmEpaxI;BvAxiH}/Avaha{puM;8;eka}	Af_vah1{karwari;lot;ma;eka;parasmEpaxI;BvAxiH}	-	-	1	014	12	vexa	qgvexa	maNdala-1
2.1	raWe	4.1	raWe	raWa{puM;7;eka}	raWa{puM;7;eka}	aXikaraNam,6.1	aXikaraNam,6.1	1	014	12	vexa	qgvexa	maNdala-1
3.1	aruRIH	3.1	aruRIH	aruRI{swrI;2;bahu}	aruRI{swrI;2;bahu}	viSeRaNam,5.1	viSeRaNam,5.1	1	014	12	vexa	qgvexa	maNdala-1
4.1	hariwaH	-	-	hariw{swrI;2;bahu}	hariw{swrI;2;bahu}	viSeRaNam,5.1	viSeRaNam,5.1	1	014	12	vexa	qgvexa	maNdala-1
5.1	rohiwaH	-	-	rohi{avya;wasil}/rohiwa{puM;1;eka}	rohiw{swrI;2;bahu}	karma,6.1	karma,6.1	1	014	12	vexa	qgvexa	maNdala-1
6.1	yukRva	1.1	yufkRva	yuj2{karwari;lot;ma;eka;AwmanepaxI;ruXAxiH}	yuj2{karwari;lot;ma;eka;AwmanepaxI;ruXAxiH}	aBihiwa_karwA,2.1;sakarmaka	-	1	014	12	vexa	qgvexa	maNdala-1
7.1	hi	2.1	-	hi{avyayaH}	hi{avyayaH}	sambanXaH,6.1	-#sambanXaH,6.1	1	014	12	vexa	qgvexa	maNdala-1
8.1	wABiH	8.1	wABiH	wax{sarvanAma;swrI;3;bahu}	wax{sarvanAma;swrI;3;bahu}	sahArWaH,9.1	sahArWaH,9.1	1	014	12	vexa	qgvexa	maNdala-1
9.1	wvaM	12.1	-	yuRmax{sarvanAma;1;eka}	yuRmax{sarvanAma;1;eka}	karwA,12.1	karwA,12.1	1	014	12	vexa	qgvexa	maNdala-1
1.1	inxra	1.1	inxra	inxra{puM;8;eka}	inxra{puM;8;eka}	samboXyaH,10.1	samboXyaH,10.1	1	015	01	vexa	qgvexa	maNdala-1
10.1	A_viSanwu	6.1	AviSanwu	Af_viS1{karwari;lot;pra;bahu;parasmEpaxI;wuxAxiH}	Af_viS1{karwari;lot;pra;bahu;parasmEpaxI;wuxAxiH}	aBihiwa_karwA,8.1;sakarmaka	-	1	015	01	vexa	qgvexa	maNdala-1
2.1	(wvaM)	10.1	wvaM	yuRmax{sarvanAma;1;eka}	yuRmax{sarvanAma;1;eka}	karwA,5.1	karwA,5.1	1	015	01	vexa	qgvexa	maNdala-1
3.1	qwunA	4.1	qwunA	qwu{puM;3;eka}	qwu{puM;3;eka}	sahArWaH,2.1	sahArWaH,2.1	1	015	01	vexa	qgvexa	maNdala-1
4.1	somaM	2.1	somaM	soma{puM;2;eka}	soma{puM;2;eka}	karma,5.1	karma,5.1	1	015	01	vexa	qgvexa	maNdala-1
5.1	piba	3.1	piba	pA1{karwari;lot;ma;eka;parasmEpaxI;BvAxiH}	pA1{karwari;lot;ma;eka;parasmEpaxI;BvAxiH}	aBihiwa_karwA,2.1;sakarmaka	-	1	015	01	vexa	qgvexa	maNdala-1
6.1	mawsarAsaH	8.1	mawsarAsaH	mawsara{puM;1;bahu}/mawsara{puM;8;bahu}	mawsara{puM;1;bahu}	viSeRaNam,8.1	viSeRaNam,8.1	1	015	01	vexa	qgvexa	maNdala-1
7.1	wax-	9.1	wax-okasaH	wax	wax	samAsaH,7.2	samAsaH,7.2	1	015	01	vexa	qgvexa	maNdala-1
7.2	okasaH	9.2	--	okas{napuM;5;eka}/okas{napuM;6;eka}/okas{puM;8;bahu}/okas{puM;1;bahu}/okas{puM;2;bahu}/okas{puM;5;eka}/okas{puM;6;eka}	okas{puM;1;bahu}	viSeRaNam,8.1	viSeRaNam,8.1	1	015	01	vexa	qgvexa	maNdala-1
8.1	inxavaH	7.1	inxavaH	inxu{puM;1;bahu}/inxu{puM;8;bahu}	inxu{puM;1;bahu}	karwA,10.1	karwA,10.1	1	015	01	vexa	qgvexa	maNdala-1
9.1	wvA	5.1	wvA	yuRmax{sarvanAma;2;eka}	yuRmax{sarvanAma;2;eka}	karma,10.1	karma,10.1	1	015	01	vexa	qgvexa	maNdala-1
1.1	maruwaH	1.1	maruwaH	maruw{puM;1;bahu}/maruw{puM;2;bahu}/maruw{puM;5;eka}/maruw{puM;6;eka}/maruwa{puM;1;eka}/maruw{puM;8;bahu}	maruw{puM;8;bahu}	samboXyaH,6.1	samboXyaH,6.1	1	015	02	vexa	qgvexa	maNdala-1
10.1	(yUyaM)	12.1	-	yuRmax{sarvanAma;1;bahu}	yuRmax{sarvanAma;1;bahu}	karwA,12.1	-#karwA,12.1	1	015	02	vexa	qgvexa	maNdala-1
11.1	su-	10.1	su-xAnavaH	su	su	samAsaH,11.2	samAsaH,11.2	1	015	02	vexa	qgvexa	maNdala-1
11.2	xAnavaH	10.2	--	xAnava{puM;1;eka}	xAnava{puM;1;eka}	viXeya_viSeRaNam,10.1	viXeya_viSeRaNam,10.1	1	015	02	vexa	qgvexa	maNdala-1
12.1	sWa	9.1	sWa	as2{karwari;lat;ma;bahu;parasmEpaxI;axAxiH}/sWa{puM;8;eka}/sWa{napuM;8;eka}	as2{karwari;lat;ma;bahu;parasmEpaxI;axAxiH}	aBihiwa_karwA,10.1	-	1	015	02	vexa	qgvexa	maNdala-1
2.1	yUyaM	7.1	yUyaM	yuRmax{sarvanAma;1;bahu}	yuRmax{sarvanAma;1;bahu}	karwA,6.1	karwA,6.1	1	015	02	vexa	qgvexa	maNdala-1
3.1	qwunA	3.1	qwunA	qwu{puM;3;eka}	qwu{puM;3;eka}	sahArWaH,2.1	sahArWaH,2.1	1	015	02	vexa	qgvexa	maNdala-1
4.1	powrAw	4.1	powrAw	powra{napuM;5;eka}	powra{napuM;5;eka}	apAxAnam,6.1	apAxAnam,6.1	1	015	02	vexa	qgvexa	maNdala-1
5.1	(somaM)	11.1	somaM	soma{puM;2;eka}	soma{puM;2;eka}	karma,6.1	karma,6.1	1	015	02	vexa	qgvexa	maNdala-1
6.1	pibawa	2.1	pibawa	pA1{karwari;lot;ma;bahu;parasmEpaxI;BvAxiH}	pA1{karwari;lot;ma;bahu;parasmEpaxI;BvAxiH}	-	-	1	015	02	vexa	qgvexa	maNdala-1
7.1	yajFaM	5.1	yajFaM	yajFa{puM;2;eka}	yajFa{puM;2;eka}	karma,8.1	karma,8.1	1	015	02	vexa	qgvexa	maNdala-1
8.1	punIwana	6.1	punIwana	pU2{karwari;lot;ma;bahu;parasmEpaxI;kryAxiH}/pU2{karwari;viXilif;pra;eka;AwmanepaxI;kryAxiH}	pU2{karwari;lot;ma;bahu;parasmEpaxI;kryAxiH}	aBihiwa_karwA,2.1	-	1	015	02	vexa	qgvexa	maNdala-1
9.1	hi	8.1	hi	hi{avyaya}	hi{avyaya}	sambanXaH,12.1	sambanXaH,12.1	1	015	02	vexa	qgvexa	maNdala-1
1.1	gnAvaH	5.1	gnAvaH	gnAvaw{puM;8;eka}	gnAvaw{puM;8;eka}	viSeRaNam,2.1	viSeRaNam,2.1	1	015	03	vexa	qgvexa	maNdala-1
10.1	(somaM)	15.1	somaM	soma{puM;2;eka}	soma{puM;2;eka}	karma,11.1	karma,11.1	1	015	03	vexa	qgvexa	maNdala-1
11.1	piba	7.1	piba	pA1{karwari;lot;ma;eka;parasmEpaxI;BvAxiH}	pA1{karwari;lot;ma;eka;parasmEpaxI;BvAxiH}	aBihiwa_karwA,8.1	aBihiwa_karwA,8.1	1	015	03	vexa	qgvexa	maNdala-1
12.1	hi	10.1	hi	hi{avya}	hi{avya}	sambanXaH,15.1	sambanXaH,15.1	1	015	03	vexa	qgvexa	maNdala-1
13.1	wvaM	9.1	-	yuRmax{sarvanAma;1;eka}	yuRmax{sarvanAma;1;eka}	karwA,15.1	-#karwA,15.1	1	015	03	vexa	qgvexa	maNdala-1
14.1	rawna-	11.1	rawna-XAH	rawna	rawna	samAsaH,14.2	-#samAsaH,14.2	1	015	03	vexa	qgvexa	maNdala-1
14.2	XAH	11.2	--	XAH{puM;1;bahu}	XAH{puM;1;bahu}	viXeya_viSeRaNam,13.1	-#viXeya_viSeRaNam,13.1	1	015	03	vexa	qgvexa	maNdala-1
15.1	asi	12.1	asi	as2{karwari;lat;ma;eka;parasmEpaxI;axAxiH}	as2{karwari;lat;ma;eka;parasmEpaxI;axAxiH}	aBihiwa_karwA,13.1	-	1	015	03	vexa	qgvexa	maNdala-1
2.1	neRtaH	6.1	neRtaH	neRtq{puM;8;eka}	neRtq{puM;8;eka}	samboXyaH,7.1	samboXyaH,7.1	1	015	03	vexa	qgvexa	maNdala-1
3.1	(wvaM)	13.1	wvaM	yuRmax{sarvanAma;1;eka}	yuRmax{sarvanAma;1;eka}	karwA,7.1	karwA,7.1	1	015	03	vexa	qgvexa	maNdala-1
4.1	naH	4.1	naH	asmax{sarvanAma;2;bahu}/asmax{sarvanAma;6;bahu}/asmax{sarvanAma;4;bahu}/nq{puM;8;eka}	asmax{sarvanAma;6;bahu}	RaRTIsambanXaH,5.1	RaRTIsambanXaH,5.1	1	015	03	vexa	qgvexa	maNdala-1
5.1	yajFam	2.1	yajFam	yajFa{puM;2;eka}	yajFa{puM;2;eka}	karmapravacanIya_xyowakaH,7.1	karmapravacanIya_xyowakaH,7.1	1	015	03	vexa	qgvexa	maNdala-1
6.1	aBi	1.1	aBi	aBi{avyayaH}	aBi{avyayaH}	karmapravacanIyaH,5.1	karmapravacanIyaH,5.1	1	015	03	vexa	qgvexa	maNdala-1
7.1	gqNIhi	3.1	gqNIhi	gQ2{karwari;lot;ma;eka;parasmEpaxI;kryAxiH}	gQ2{karwari;lot;ma;eka;parasmEpaxI;kryAxiH}	aBihiwa_karwA,3.1;sakarmaka	aBihiwa_karwA,3.1;sakarmaka	1	015	03	vexa	qgvexa	maNdala-1
8.1	(wvaM)	14.1	-	yuRmax{sarvanAma;1;eka}	yuRmax{sarvanAma;1;eka}	karwA,11.1	karwA,11.1	1	015	03	vexa	qgvexa	maNdala-1
9.1	qwunA	8.1	qwunA	qwu{puM;3;eka}	qwu{puM;3;eka}	sahArWaH,8.1	sahArWaH,8.1	1	015	03	vexa	qgvexa	maNdala-1
1.1	agne	1.1	agne	agni{puM;8;eka}	agni{puM;8;eka}	samboXyaH,5.1	samboXyaH,15.1	1	015	04	vexa	qgvexa	maNdala-1
10.1	(ca)	12.1	ca	ca{avya}	ca{avya}	samuccaya_xyowakaH,8.1	samuccaya_xyowakaH,18.1	1	015	04	vexa	qgvexa	maNdala-1
11.1	qwunA	10.1	qwunA	qwu{puM;3;eka}	qwu{puM;3;eka}	sahArWaH,12.1	sahArWaH,12.1	1	015	04	vexa	qgvexa	maNdala-1
12.1	(wvaM)	13.1	-	yuRmax{sarvanAma;1;eka}	yuRmax{sarvanAma;1;eka}	karwA,14.1	-#karwA,14.1	1	015	04	vexa	qgvexa	maNdala-1
13.1	(somaM)	14.1	-	soma{puM;2;eka}	soma{puM;2;eka}	karma,14.1	-#karma,14.1	1	015	04	vexa	qgvexa	maNdala-1
14.1	piba	9.1	piba	pA1{karwari;lot;ma;eka;parasmEpaxI;BvAxiH}	pA1{karwari;lot;ma;eka;parasmEpaxI;BvAxiH}	aBihiwa_karwA,12.1	aBihiwa_karwA,12.1	1	015	04	vexa	qgvexa	maNdala-1
2.1	(wvaM)	11.1	wvaM	yuRmax{sarvanAma;1;eka}	yuRmax{sarvanAma;1;eka}	karwA,5.1	karwA,5.1	1	015	04	vexa	qgvexa	maNdala-1
3.1	xevAn	2.1	xevAn	xeva{puM;2;bahu}	xeva{puM;2;bahu}	karma,5.1	karma,5.1	1	015	04	vexa	qgvexa	maNdala-1
4.1	iha	3.1	iha	iha{avya}	iha{avya}	xeSAXikaraNam,5.1	xeSAXikaraNam,5.1	1	015	04	vexa	qgvexa	maNdala-1
5.1	A_vaha	4.1	Avaha	Af_vah1{karwari;lot;ma;eka;parasmEpaxI;BvAxiH}/Avaha{puM;8;eka}	Af_vah1{karwari;lot;ma;eka;parasmEpaxI;BvAxiH}	aBihiwa_karwA,2.1	aBihiwa_karwA,2.1	1	015	04	vexa	qgvexa	maNdala-1
6.1	wriRu	7.1	wriRu	wri{saMKyeyam;puM;7;bahu}/wri{saMKyeyam;napuM;7;bahu}/wri{saMKyA;napuM;7;bahu}	wri{saMKyeyam;puM;7;bahu}	viSeRaNam,7.1	viSeRaNam,7.1	1	015	04	vexa	qgvexa	maNdala-1
7.1	yoniRu	6.1	yoniRu	yoni{swrI;7;bahu}	yoni{swrI;7;bahu}	aXikaraNam,8.1	aXikaraNam,8.1	1	015	04	vexa	qgvexa	maNdala-1
8.1	sAxaya	6	sAxaya	Rax1{Nic;karwari;lot;ma;eka;parasmEpaxI;BvAxiH}	Rax1{Nic;karwari;lot;ma;eka;parasmEpaxI;BvAxiH}	-	samucciwaH,11.1#samucciwaH,9.1#samucciwaH,5.1	1	015	04	vexa	qgvexa	maNdala-1
9.1	pari_BURa	9,10	pari_BURa	pari_BUR1{karwari;lot;ma;eka;parasmEpaxI;BvAxiH}	pari_BUR1{karwari;lot;ma;eka;parasmEpaxI;BvAxiH}	samucciwaH,8.1	samucciwaH,11.1#samucciwaH,8.1#samucciwaH,5.1	1	015	04	vexa	qgvexa	maNdala-1
1.1	inxra	2.1	inxra	inxra{puM;8;eka}	inxra{puM;8;eka}	samboXyaH,8.1	samboXyaH,8.1	1	015	05	vexa	qgvexa	maNdala-1
10.1	wava	8.1	wava	yuRmax{sarvanAma;6;eka}	yuRmax{sarvanAma;6;eka}	RaRTIsambanXaH,12.1	RaRTIsambanXaH,12.1	1	015	05	vexa	qgvexa	maNdala-1
11.1	iw	9.1	iw	iw{avya}	iw{avya}	sambanXaH,10.1	sambanXaH,10.1	1	015	05	vexa	qgvexa	maNdala-1
12.1	saKyam	11.1	saKyam	saKI{swrI;2;eka}/saKya{napuM;1;eka}/saKya{napuM;2;eka}	saKI{napuM;1;eka}	karwA,14.1	karwA,14.1	1	015	05	vexa	qgvexa	maNdala-1
13.1	aswqwam	12.1	aswqwam	a_swqwa{swQ;kwa;1;eka}	a_swqwa{swQ;kwa;1;eka}	viXeya_viSeRaNam,12.1	viXeya_viSeRaNam,12.1	1	015	05	vexa	qgvexa	maNdala-1
14.1	(aswi)	14.1	-	as{karwari;lat;pra;eka;parasmEpaxI;BvAxiH}	as{karwari;lat;pra;eka;parasmEpaxI;BvAxiH}	--	-	1	015	05	vexa	qgvexa	maNdala-1
2.1	(wvaM)	13.1	wvaM	yuRmax{sarvanAma;1;eka}	yuRmax{sarvanAma;1;eka}	karwA,8.1	karwA,8.1	1	015	05	vexa	qgvexa	maNdala-1
3.1	brAhmaNAw	1.1	brAhmaNAw	brAhmaNa{puM;5;eka}	brAhmaNa{puM;5;eka}	viSeRaNam,4.1	viSeRaNam,4.1	1	015	05	vexa	qgvexa	maNdala-1
4.1	rAXasaH	3.1	rAXasaH	rAXas{puM;5;eka}	rAXas{puM;5;eka}	apAxAnam,8.1	apAxAnam,8.1	1	015	05	vexa	qgvexa	maNdala-1
5.1	qwUn	6.1	qwUn	qwu{puM;2;bahu}	qwu{puM;2;bahu}	karmapravacanIya_anviwaH,8.1	karmapravacanIya_anviwaH,8.1	1	015	05	vexa	qgvexa	maNdala-1
6.1	anu	7.1	anu	anu{avya}	anu{avya}	karmapravacanIyaH,5.1	karmapravacanIyaH,5.1	1	015	05	vexa	qgvexa	maNdala-1
7.1	somaM	5.1	somaM	soma{puM;2;eka}	soma{puM;2;eka}	karma,8.1	karma,8.1	1	015	05	vexa	qgvexa	maNdala-1
8.1	piba	4.1	piba	pA1{karwari;lot;ma;eka;parasmEpaxI;BvAxiH}	pA1{karwari;lot;ma;eka;parasmEpaxI;BvAxiH}	aBihiwa_karwA,2.1;sakarmaka	-	1	015	05	vexa	qgvexa	maNdala-1
9.1	hi	10.1	hi	hi{avya}	hi{avya}	sambanXaH,14.1	sambanXaH,14.1	1	015	05	vexa	qgvexa	maNdala-1
1.1	Xqwa-	3.1	Xqwa-vrawO	Xqwa(Xq1;kwa;BvAxiH)}/Xqwa(Xq2{kwa;BvAxiH)	Xqwa(Xq1;kwa;BvAxiH)	samAsaH,1.2	samAsaH,1.2	1	015	06	vexa	qgvexa	maNdala-1
1.2	vrawO	3.2	--	vrawa{puM;1;xvi}/vrawa{puM;2;xvi}/vrawa{puM;8;xvi}	vrawa{puM;8;xvi}	viSeRaNam,2.2	viSeRaNam,2.2	1	015	06	vexa	qgvexa	maNdala-1
2.1	miwrA-	4.1	miwrA-varuNO	miwrA	miwrA	samAsaH,2.2	samAsaH,2.2	1	015	06	vexa	qgvexa	maNdala-1
2.2	varuNO	4.2	--	varuNa{puM;1;xvi}/varuNa{puM;2;xvi}/varuNa{puM;8;xvi}	varuNa{puM;8;xvi}	samboXyaH,8.1	samboXyaH,8.1	1	015	06	vexa	qgvexa	maNdala-1
3.1	yuvam	1.1	yuvam	yuRmax{sarvanAma;1;xvi}/yuRmax{sarvanAma;2;xvi}	yuRmax{sarvanAma;1;xvi}	karwA,8.1	karma,8.1	1	015	06	vexa	qgvexa	maNdala-1
4.1	qwunA	6.1	qwunA	qwu{puM;3;eka}	qwu{puM;3;eka}	sahArWaH,3.1	sahArWaH,3.1	1	015	06	vexa	qgvexa	maNdala-1
5.1	xakRaM	2.1	xakRaM	xakRa{puM;2;eka}	xakRa{puM;2;eka}	viSeRaNam,7.1	viSeRaNam,7.1	1	015	06	vexa	qgvexa	maNdala-1
6.1	xuH-(xUlYaBaM)	5.1	xUdaBaM	xuH-	xuH-	samAsaH,6.2	samAsaH,6.2	1	015	06	vexa	qgvexa	maNdala-1
6.2	xaBam	5.2	-	xaBa{puM;2;eka}	xaBa{puM;2;eka}	viSeRaNam,7.1	viSeRaNam,7.1	1	015	06	vexa	qgvexa	maNdala-1
7.1	yajFam	7.1	yajFam	yajFa{puM;2;eka}	yajFa{puM;2;eka}	karma,8.1	karma,8.1	1	015	06	vexa	qgvexa	maNdala-1
8.1	ASAWe	8.1	ASAWe	aS{karwari;varwamAne_lit;ma;xvi;AwmanepaxI_CAnxasaM;svAxiH}	aS{karwari;varwamAne_lit;ma;xvi;AwmanepaxI_CAnxasaM;svAxiH}	aBihiwa_karwA,3.1;sakarmaka	-	1	015	06	vexa	qgvexa	maNdala-1
1.1	grAva-	3.1	grAva-haswAsaH	grAva	grAva	samAsaH,1.2	samAsaH,1.2	1	015	07	vexa	qgvexa	maNdala-1
1.2	haswAsaH	3.2	--	haswa{puM;1;bahu}	haswa{puM;1;bahu}	viSeRaNam,2.1	viSeRaNam,2.1	1	015	07	vexa	qgvexa	maNdala-1
2.1	xraviNasaH	2.1	xraviNasaH	xraviNas{puM;1;bahu}	xraviNas{puM;1;bahu}	karwA,8.1	-#karwA,8.1	1	015	07	vexa	qgvexa	maNdala-1
3.1	aXvare	4.1	aXvare	aXvara{puM;7;eka}/aXvara{napuM;7;eka}	aXvara{puM;7;eka}	samucciwaH,4.1	samucciwaH,4.1	1	015	07	vexa	qgvexa	maNdala-1
4.1	yajFeRu	5.1	yajFeRu	yajFa{puM;7;bahu}	yajFa{puM;7;bahu}	aXikaraNam,8.1	aXikaraNam,8.1	1	015	07	vexa	qgvexa	maNdala-1
5.1	(ca)	8.1	ca	ca(avyayaH)	ca(avyayaH)	samuccaya_xyowakaH,4.1	samuccaya_xyowakaH,4.1	1	015	07	vexa	qgvexa	maNdala-1
6.1	xraviNas-	1.1	-	xraviNas	xraviNas	samAsaH,6.2	-#samAsaH,6.2	1	015	07	vexa	qgvexa	maNdala-1
6.2	xAH	1.2	-	xA{puM;2;bahu(xA;kvip)}	xA{puM;2;bahu(xA;kvip)}	viSeRaNam,7.1	-#viSeRaNam,7.1	1	015	07	vexa	qgvexa	maNdala-1
7.1	xevam	6.1	xevam	xeva{puM;2;eka}	xeva{puM;2;eka}	karma,8.1	karma,8.1	1	015	07	vexa	qgvexa	maNdala-1
8.1	IlYawe	7.1	Idawe	Id1{karwari;lat;pra;bahu;AwmanepaxI;axAxiH}	Id1{karwari;lat;pra;bahu;AwmanepaxI;axAxiH}	-	-	1	015	07	vexa	qgvexa	maNdala-1
1.1	xraviNas-	1.1	xraviNoxAH	xraviNas	xraviNas	samAsaH,1.2	-#samAsaH,1.2	1	015	08	vexa	qgvexa	maNdala-1
1.2	xAH	1.2	-	xA{puM;1;eka}	xA{puM;1;eka}	karwA,4.1	-#karwA,4.1	1	015	08	vexa	qgvexa	maNdala-1
2.1	naH	3.1	naH	asmax{sarvanAma;2;bahu}/asmax{sarvanAma;6;bahu}/asmax{sarvanAma;4;bahu}/nq{puM;8;eka}	asmax{sarvanAma;4;bahu}	sampraxAnam,4.1	sampraxAnam,4.1	1	015	08	vexa	qgvexa	maNdala-1
3.1	vasUni	4.1	vasUni	vasu{napuM;1;bahu}/vasu{napuM;2;bahu}/vasu{napuM;8;bahu}	vasu{napuM;2;bahu}	karma,4.1	karma,4.1	1	015	08	vexa	qgvexa	maNdala-1
4.1	xaxAwu	2.1	xaxAwu	xA3{karwari;lot;pra;eka;parasmEpaxI;juhowyAxiH}	xA3{karwari;lot;pra;eka;parasmEpaxI;juhowyAxiH}	-	-	1	015	08	vexa	qgvexa	maNdala-1
5.1	yAni(XanAni)	5.1	yAni	yax{sarvanAma;napuM;1;bahu}/yax{sarvanAma;napuM;2;bahu}/yA1{karwari;lot;u;eka;parasmEpaxI;axAxiH}	yax{sarvanAma;napuM;2;bahu}	karwA,6.1;sambanXaH,7.1	viSekarwA,6.1;sambanXaH,7.1	1	015	08	vexa	qgvexa	maNdala-1
6.1	SqNvire	6.1	SqNvire	Sru{karwari;varwamAne_lit;pra;bahu;parasmEpaxI;BvAxiH}	Sru{karwari;varwamAne_lit;pra;bahu;parasmEpaxI;BvAxiH}	-	-	1	015	08	vexa	qgvexa	maNdala-1
7.1	wA(wAni)	8.1	wAni	wax{sarvanAma;napuM;1;bahu}/wax{sarvanAma;napuM;2;bahu}	wax{sarvanAma;napuM;2;bahu}	karma,9.1	karma,9.1	1	015	08	vexa	qgvexa	maNdala-1
8.1	xeveRu	7.1	xeveRu	xeva{puM;7;bahu}	xeva{puM;7;bahu}	aXikaraNam,9.1	aXikaraNam,9.1	1	015	08	vexa	qgvexa	maNdala-1
9.1	vanAmahe	9.1	vanAmahe	van{karwari;lat;u;bahu;vyawyayenAwmanepaxam;BvAxiH}	van{karwari;lat;u;bahu;vyawyayenAwmanepaxam;BvAxiH}	-	-	1	015	08	vexa	qgvexa	maNdala-1
1.1	xraviNoxas-	1.1	xraviNoxAH	xraviNas	xraviNas	samAsaH,1.2	samAsaH,1.2	1	015	09	vexa	qgvexa	maNdala-1
1.2	xAH	1.2	-	xA{puM;1;eka}	xA{puM;1;eka}	karwA,5.1	karwA,5.1	1	015	09	vexa	qgvexa	maNdala-1
10.1	ca	4.1	ca	ca{avya}	ca{avya}	samuccaya_xyowakaH,7.1	samuccaya_xyowakaH,7.1	1	015	09	vexa	qgvexa	maNdala-1
2.1	qwuBiH	7.1	qwuBiH	qwu{puM;3;bahu}	qwu{puM;3;bahu}	sahArWaH,1.2	sahArWaH,5.1	1	015	09	vexa	qgvexa	maNdala-1
3.1	neRtrAw	6.1	neRtrAw	neRtra{napuM;5;eka}	neRtra{napuM;5;eka}	apAxAnam,5.1	apAxAnam,5.1	1	015	09	vexa	qgvexa	maNdala-1
4.1	(somaM)	9.1	somaM	soma{puM;2;eka}	soma{puM;2;eka}	karma,5.1	karma,5.1	1	015	09	vexa	qgvexa	maNdala-1
5.1	pipIRawi	2.1	pipIRawi	pA{karwari;sannanwa;lat;pra;eka;CAnxasa_IkAra;parasmEpaxI;BvAxiH}/pI{karwari;sannanwAw_lat;pra;eka;vyawyayena_parasmEpaxI;xivAxi} 	pA{karwari;sannanwa;lat;pra;eka;;CAnxasa_IkAra;parasmEpaxI;BvAxiH}	-	-	1	015	09	vexa	qgvexa	maNdala-1
6.1	(yUyaM)	10.1	yUyaM	yuRmax{sarvanAma;1;bahu}	yuRmax{sarvanAma;1;bahu}	karwA,7.1	karwA,7.1	1	015	09	vexa	qgvexa	maNdala-1
7.1	iRyawa	9	iRyawa	iR1{karwari;lot;ma;bahu;parasmEpaxI;xivAxiH}	iR1{karwari;lot;ma;bahu;parasmEpaxI;xivAxiH}	aBihiwa_karwA,6.1	samucciwaH,8.1#samucciwaH,7.1	1	015	09	vexa	qgvexa	maNdala-1
8.1	juhowa	3.1	juhuwa	hu1{karwari;lot;ma;bahu;parasmEpaxI;juhowyAxiH}	hu1{karwari;lot;ma;bahu;parasmEpaxI;juhowyAxiH}	samucciwaH,7.1	samucciwaH,7.1	1	015	09	vexa	qgvexa	maNdala-1
9.1	pra_wiRTawa	5.1	prawiRTawa	pra_RWA1{karwari;lot;ma;bahu;parasmEpaxI;BvAxiH}	pra_RWA1{karwari;lot;ma;bahu;parasmEpaxI;BvAxiH}	samucciwaH,7.1	samucciwaH,7.1	1	015	09	vexa	qgvexa	maNdala-1
1.1	xraviNas-	5.1	xraviNoxaH	xraviNas	xraviNas	samAsaH,1.2	-#samAsaH,1.2	1	015	10	vexa	qgvexa	maNdala-1
1.2	xaH	5.2	-	xA{puM;8;eka}	xA{puM;8;eka}	samboXyaH,7.1	-#samboXyaH,7.1	1	015	10	vexa	qgvexa	maNdala-1
10.1	naH	9.1	naH	asmax{sarvanAma;4;bahu}	asmax{sarvanAma;4;bahu}	prayojanam,12.1	prayojanam1,12.1	1	015	10	vexa	qgvexa	maNdala-1
11.1	xaxiH	10.1	xaxiH	xaxi{swrI;1;eka}	xaxi{swrI;1;eka}	viXeya_viSeRaNam,9.1	viXeya_viSeRaNam,9.1	1	015	10	vexa	qgvexa	maNdala-1
12.1	Bava	11.1	Bava	BU1{karwari;lot;ma;eka;parasmEpaxI;BvAxiH}/Bava{puM;8;eka}	BU1{karwari;lot;ma;eka;parasmEpaxI;BvAxiH}	aBihiwa_karwA,10.1;sakarmaka	-	1	015	10	vexa	qgvexa	maNdala-1
13.1	sma	8.1	-	sma{avya}	sma{avya}	sambanXaH,12.1	-#sambanXaH,12.1	1	015	10	vexa	qgvexa	maNdala-1
2.1	(vayaM)	12.1	vayaM	asmax{sarvanAma;1;bahu}	asmax{sarvanAma;1;bahu}	karwA,7.1	karwA,7.1	1	015	10	vexa	qgvexa	maNdala-1
3.1	yaw	1.1	yaw	yaw{avya}	yaw{avya}	sambanXaH,7.1;sambanXaH,8.1	sambanXaH,7.1	1	015	10	vexa	qgvexa	maNdala-1
4.1	wurIyaM	3.1	wurIyaM	wurIya{puM;2;eka}/wurIya{napuM;1;eka}/wurIya{napuM;2;eka}	wurIya{puM;2;eka}	viSeRaNam,5.1	viSeRaNam,5.1	1	015	10	vexa	qgvexa	maNdala-1
5.1	wvA	2.1	wvA	yuRmax{sarvanAma;2;eka}	yuRmax{sarvanAma;2;eka}	karma,7.1	karma,7.1	1	015	10	vexa	qgvexa	maNdala-1
6.1	qwuBiH	4.1	qwuBiH	qwu{puM;3;bahu}	qwu{puM;3;bahu}	sahArWaH,2.1	sahArWaH,2.1	1	015	10	vexa	qgvexa	maNdala-1
7.1	yajAmahe	6.1	yajAmahe	yaj1{karwari;lat;u;bahu;AwmanepaxI;BvAxiH}	yaj1{karwari;lat;u;bahu;AwmanepaxI;BvAxiH}	aBihiwa_karwA,2.1;sakarmaka	-	1	015	10	vexa	qgvexa	maNdala-1
8.1	aXa(waw)	7.1	aXa	aXa{avya}	aXa{avya}	sambanXaH,12.1	sambanXaH,12.1	1	015	10	vexa	qgvexa	maNdala-1
9.1	(wvaM)	13.1	wvaM	yuRmax{sarvanAma;1;eka}	yuRmax{sarvanAma;1;eka}	karwA,12.1	karwA,12.1	1	015	10	vexa	qgvexa	maNdala-1
1.1	qwunA	6.1	-	qwu{puM;3;eka}	qwu{puM;3;eka}	sahArWaH,2.2	-#sahArWaH,2.2	1	015	11	vexa	qgvexa	maNdala-1
2.1	yajFa-	7.1	yajFa-vAhasO	yajFa	yajFa	samAsaH,2.2	samAsaH,2.2	1	015	11	vexa	qgvexa	maNdala-1
2.2	vAhasO(yajFavAhasA)	7.2	--	vAhasa{puM;1;xvi}/vAhasa{puM;2;xvi}/vAhasa{puM;8;xvi}	vAhasa{puM;8;xvi}	viSeRaNam,5.1	viSeRaNam,5.1	1	015	11	vexa	qgvexa	maNdala-1
3.1	Suci-	5.1	Suci-vrawO	Suci	Suci	samAsaH,3.2	samAsaH,3.2	1	015	11	vexa	qgvexa	maNdala-1
3.2	vrawO(SucivrawA)	5.2	--	vrawa{puM;1;xvi}/vrawa{puM;2;xvi}/vrawa{puM;8;xvi}	vrawa{puM;8;xvi}	viSeRaNam,5.1	viSeRaNam,5.1	1	015	11	vexa	qgvexa	maNdala-1
4.1	xIxyagnI	4.1	xIxyagnI	xIxyagni{puM;8;xvi}	xIxyagni{puM;8;xvi}	viSeRaNam,5.1	viSeRaNam,5.1	1	015	11	vexa	qgvexa	maNdala-1
5.1	aSvinO(aSvinA)	1.1	aSvinO	aSvin{puM;1;xvi}/aSvin{puM;2;xvi}/aSvin{puM;8;xvi}	aSvin{puM;8;xvi}	samboXyaH,8.1	samboXyaH,8.1	1	015	11	vexa	qgvexa	maNdala-1
6.1	(yuvAM)	8.1	yuvAM	yuRmax{sarvanAma;1;xvi}/yuRmax{sarvanAma;2;xvi}	yuRmax{sarvanAma;1;xvi}	karwA,8.1	karwA,8.1	1	015	11	vexa	qgvexa	maNdala-1
7.1	maXu	3.1	maXu	maXu{napuM;1;eka}/maXu{napuM;2;eka}/maXu{napuM;8;eka}	maXu{napuM;2;eka}	karma,8.1	karma,8.1	1	015	11	vexa	qgvexa	maNdala-1
8.1	pibawam	2.1	pibawam	pA1{karwari;lot;ma;xvi;parasmEpaxI;BvAxiH}	pA1{karwari;lot;ma;xvi;parasmEpaxI;BvAxiH}	aBihiwa_karwA,5.1;sakarmaka	-	1	015	11	vexa	qgvexa	maNdala-1
1.1	sanwya	2.1	sanwya	sanwya{puM;8;eka}	sanwya{puM;8;eka}	samboXyaH,6.1	samboXyaH,6.1	1	015	12	vexa	qgvexa	maNdala-1
2.1	wvaM	9.1	wvaM	yuRmax{sarvanAma;1;eka}	yuRmax{sarvanAma;1;eka}	karwA,6.1	karwA,6.1	1	015	12	vexa	qgvexa	maNdala-1
3.1	gArhapawyena	1.1	gArhapawyena	gArhapawya{puM;3;eka}	gArhapawya{puM;3;eka}	viSeRaNam,4.1	viSeRaNam,4.1	1	015	12	vexa	qgvexa	maNdala-1
4.1	qwunA	3.1	qwunA	qwu{puM;3;eka}	qwu{puM;3;eka}	sahArWaH,2.1	sahArWaH,6.1	1	015	12	vexa	qgvexa	maNdala-1
5.1	yajFa-	4.1	yajFanIH	yajFa	yajFa	samAsaH,5.2	-#samAsaH,5.2	1	015	12	vexa	qgvexa	maNdala-1
5.2	nIH	4.2	-	nI{puM;1;eka}	nI{puM;1;eka}	viXeya_viSeRaNam,2.1	-#viXeya_viSeRaNam,2.1	1	015	12	vexa	qgvexa	maNdala-1
6.1	asi	5.1	asi	as2{karwari;lat;ma;eka;parasmEpaxI;axAxiH}	as2{karwari;lat;ma;eka;parasmEpaxI;axAxiH}	-	-	1	015	12	vexa	qgvexa	maNdala-1
7.1	xevayawe	7.1	xevayawe	xevayaw{puM;4;eka(xeva;kyac_Sawq)}	xevayaw{puM;4;eka(xeva;kyac_Sawq)}	prayojanam,9.1	prayojanam,9.1	1	015	12	vexa	qgvexa	maNdala-1
8.1	xevAn	6.1	xevAn	xeva{puM;2;bahu}	xeva{puM;2;bahu}	karma,9.1	karma,9.1	1	015	12	vexa	qgvexa	maNdala-1
9.1	yaja	8.1	yaja	yaj1{karwari;lot;ma;eka;parasmEpaxI;BvAxiH}	yaj1{karwari;lot;ma;eka;parasmEpaxI;BvAxiH}	samucciwam,6.1	-	1	015	12	vexa	qgvexa	maNdala-1
1.1	inxra	6.1	inxra	inxra{puM;8;eka}	inxra{puM;8;eka}	samboXyaH,6.1	-#samboXyaH,6.1	1	016	01	vexa	qgvexa	maNdala-1
2.1	soma-	5.1	soma-pIwaye	soma}/soman	soma	samAsaH,2.2	samAsaH,2.2	1	016	01	vexa	qgvexa	maNdala-1
2.2	pIwaye	5.2	--	pIwi{puM;4;eka}	pIwi{puM;4;eka}	prayojanam,6.1	prayojanam,6.1	1	016	01	vexa	qgvexa	maNdala-1
3.1	vqRaNaM	4.1	vqRaNaM	vqRan{puM;2;eka}	vqRan{puM;2;eka}	viSeRaNam,4.1	viSeRaNam,4.1	1	016	01	vexa	qgvexa	maNdala-1
4.1	wvA	1.1	wvA	yuRmax{sarvanAma;2;eka}	yuRmax{sarvanAma;2;eka}	karma,6.1	karma,6.1	1	016	01	vexa	qgvexa	maNdala-1
5.1	harayaH	3.1	harayaH	hari{puM;1;bahu}/hari{puM;8;bahu}	hari{puM;1;bahu}	karwA,6.1	karwA,6.1	1	016	01	vexa	qgvexa	maNdala-1
6.1	A_vahanwu	2.1	Avahanwu	Af_vah1{karwari;lot;pra;bahu;parasmEpaxI;BvAxiH}	Af_vah1{karwari;lot;pra;bahu;parasmEpaxI;BvAxiH}	aBihiwa_karwA,5.1;sakarmaka	-	1	016	01	vexa	qgvexa	maNdala-1
7.1	sUra-	8.1	sUracakRasaH	sUra	sUra	samAsaH,7.2	-#samAsaH,7.2	1	016	01	vexa	qgvexa	maNdala-1
7.2	cakRasaH	8..2	-	cakRas{puM;1;bahu}	cakRas{puM;1;bahu}	karwA,9.1	-#karwA,9.1	1	016	01	vexa	qgvexa	maNdala-1
8.1	wvA	7.1	wvA	yuRmax{sarvanAma;2;eka}	yuRmax{sarvanAma;2;eka}	karma,9.1	karma,9.1	1	016	01	vexa	qgvexa	maNdala-1
9.1	(prakASayanwu)	9.1	Avahanwu	pra_kAS{karwari;Nic;lot;pra;bahu;parasmEpaxI;BvAxiH}	pra_kAS{karwari;Nic;lot;pra;bahu;parasmEpaxI;BvAxiH}	aBihiwa_karwA,5.1;sakarmaka	-	1	016	01	vexa	qgvexa	maNdala-1
1.1	harI	4.1	harI	hari{puM;1;xvi}/hari{puM;2;xvi}/harI{swrI;1;eka}/hari{puM;8;xvi}	hari{puM;2;xvi}	karwA,10.1	karwA,10.1	1	016	02	vexa	qgvexa	maNdala-1
10.1	upa_vakRawaH	6.1	upavakRawaH	upa_vah{karwari;let;pra;xvi;parasmEpaxI;BvAxiH}	upa_vah{karwari;let;pra;xvi;parasmEpaxI;BvAxiH}	aBihiwa_karwA,1.1	-	1	016	02	vexa	qgvexa	maNdala-1
2.1	imAH	1.1	imAH	ixam{sarvanAma;swrI;1;bahu}/ixam{sarvanAma;swrI;2;bahu}	ixam{sarvanAma;swrI;2;bahu}	viSeRaNam,4.1	viSeRaNam,4.1	1	016	02	vexa	qgvexa	maNdala-1
3.1	Gqwa-	3.1	Gqwa-sruvaH	Gqwa	Gqwa	samAsaH,3.2	samAsaH,3.2	1	016	02	vexa	qgvexa	maNdala-1
3.2	sruvaH	3.2	--	sruva{puM;1;eka}	sruva{puM;2;bahu}	viSeRaNam,4.1	viSeRaNam,4.1	1	016	02	vexa	qgvexa	maNdala-1
4.1	XAnAH	2.1	XAnAH	XAnA{swrI;1;bahu}/XAnA{swrI;2;bahu}/XAnA{swrI;8;bahu}	XAnA{swrI;2;bahu}	karma,10.1	karma,10.1	1	016	02	vexa	qgvexa	maNdala-1
5.1	inxram	7.1	inxram	inxra{puM;2;eka}	inxra{puM;2;eka}	samucciwaH,4.1	samucciwaH,4.1	1	016	02	vexa	qgvexa	maNdala-1
6.1	(ca)	10.1	ca	ca{avya}	ca{avya}	samuccaya_xyowakaH,4.1	samuccaya_xyowakaH,4.1	1	016	02	vexa	qgvexa	maNdala-1
7.1	iha	5.1	iha	iha{avya}	iha{avya}	viSeRaNam,9.1	viSeRaNam,9.1	1	016	02	vexa	qgvexa	maNdala-1
8.1	suKawame	8.1	suKawame	suKa{wamap;puM;7;eka}/suKa{wamap;napuM;1;xvi}/suKa{wamap;napuM;2;xvi}/suKa{wamap;napuM;7;eka}	suKawama{napuM;7;eka(suKa;wamap)}	viSeRaNam,9.1	viSeRaNam,9.1	1	016	02	vexa	qgvexa	maNdala-1
9.1	raWe	9.1	raWe	raWa{puM;7;eka}	raWa{puM;7;eka}	aXikaraNam,10.1	aXikaraNam,10.1	1	016	02	vexa	qgvexa	maNdala-1
1.1	prAwaH	2.1	prAwaH	prAwaH{avya}	prAwaH{avya}	kAlAXikaraNam,3.1	kAlAXikaraNam,3.1	1	016	03	vexa	qgvexa	maNdala-1
10.1	inxraM	7.1	inxraM	inxra{puM;2;eka}	inxra{puM;2;eka}	karma,11.1	karma,11.1	1	016	03	vexa	qgvexa	maNdala-1
11.1	(havAmahe)	11.1	havAmahe	hve1{karwari;lat;u;bahu;parasmEpaxI;BvAxiH}	hve1{karwari;lat;u;bahu;parasmEpaxI;BvAxiH}	-	-	1	016	03	vexa	qgvexa	maNdala-1
2.1	inxraM	1.1	inxraM	inxra{puM;2;eka}	inxra{puM;2;eka}	karma,3.1	karma,3.1	1	016	03	vexa	qgvexa	maNdala-1
3.1	havAmahe	3.1	havAmahe	hve1{karwari;lat;u;bahu;parasmEpaxI;BvAxiH}	hve1{karwari;lat;u;bahu;parasmEpaxI;BvAxiH}	-	-	1	016	03	vexa	qgvexa	maNdala-1
4.1	aXvare	6.1	aXvare	aXvara{puM;7;eka}/aXvara{napuM;7;eka}	aXvara{puM;7;eka}	viSeRaNam,5.2	viSeRaNam,5.2	1	016	03	vexa	qgvexa	maNdala-1
5.1	pra-	5.1	prayawi	pra	pra	samAsaH,5.2	-#samAsaH,5.2	1	016	03	vexa	qgvexa	maNdala-1
5.2	yawi	5.2	-	yaw{7;eka;(pra_iN;Sawq_lat;parasmEpaxI;axAxiH)}	yaw{7;eka;(pra_iN;Sawq_lat;parasmEpaxI;axAxiH)}	aXikaraNam,7.1	-#aXikaraNam,7.1	1	016	03	vexa	qgvexa	maNdala-1
6.1	inxraM	4.1	inxraM	inxra{puM;2;eka}	inxra{puM;2;eka}	karma,7.1	karma,7.1	1	016	03	vexa	qgvexa	maNdala-1
7.1	(havAmahe)	10.1	havAmahe	hve1{karwari;lat;u;bahu;parasmEpaxI;BvAxiH}	hve1{karwari;lat;u;bahu;parasmEpaxI;BvAxiH}	-	-	1	016	03	vexa	qgvexa	maNdala-1
8.1	somasya	8.1	somasya	soma{puM;6;eka}	soma{puM;6;eka}	RaRTIsambanXaH,9.1	RaRTIsambanXaH,9.1	1	016	03	vexa	qgvexa	maNdala-1
9.1	pIwaye	9.1	pIwaye	pIwi{puM;4;eka}	pIwi{puM;4;eka}	prayojanam,11.1	prayojanam1,11.1	1	016	03	vexa	qgvexa	maNdala-1
1.1	inxra	5.1	inxra	inxra{puM;8;eka}	inxra{puM;8;eka}	samboXyaH,7.1	samboXyaH,7.1	1	016	04	vexa	qgvexa	maNdala-1
10.1	wvA	9.1	wvA	yuRmax{sarvanAma;2;eka}	yuRmax{sarvanAma;2;eka}	karma,12.1	karma,12.1	1	016	04	vexa	qgvexa	maNdala-1
11.1	(vayaM)	12.1	vayaM	asmax{sarvanAma;1;bahu}	asmax{sarvanAma;1;bahu}	karwA,12.1	karwA,13.1	1	016	04	vexa	qgvexa	maNdala-1
12.1	havAmahe	10.1	havAmahe	hve1{karwari;lat;u;bahu;parasmEpaxI;BvAxiH}	hve1{karwari;lat;u;bahu;parasmEpaxI;BvAxiH}	-	-	1	016	04	vexa	qgvexa	maNdala-1
2.1	keSiBiH	6.1	keSiBiH	keSin{puM;3;bahu}	keSin{puM;3;bahu}	viSeRaNam,3.1	viSeRaNam,3.1	1	016	04	vexa	qgvexa	maNdala-1
3.1	hariBiH	4.1	hariBiH	hari{puM;3;bahu}	hari{puM;3;bahu}	sahArWaH,6.1	sahArWaH,7.1	1	016	04	vexa	qgvexa	maNdala-1
4.1	naH	1.1	naH	asmax{sarvanAma;2;bahu}/asmax{sarvanAma;6;bahu}/asmax{sarvanAma;4;bahu}/nq{puM;8;eka}	asmax{sarvanAma;6;bahu}	RaRTIsambanXaH,5.1	RaRTIsambanXaH,5.1	1	016	04	vexa	qgvexa	maNdala-1
5.1	suwam	2.1	suwam	Ru2{karwari;lot;ma;xvi;parasmEpaxI;axAxiH}/suwa{puM;2;eka}/suwa{napuM;1;eka}/suwa{napuM;2;eka}	suwa{puM;2;eka}	karma,7.1	karma,7.1	1	016	04	vexa	qgvexa	maNdala-1
6.1	(wvaM)	11.1	wvaM	yuRmax{sarvanAma;1;eka}	yuRmax{sarvanAma;1;eka}	karwA,7.1	karwA,7.1	1	016	04	vexa	qgvexa	maNdala-1
7.1	upa_A_gahi	3.1	upa_Agahi	upa_Af_gam1{karwari;lot;ma;eka;parasmEpaxI;BvAxiH}	upa_Af_gam1{karwari;lot;ma;eka;parasmEpaxI;BvAxiH}	-	-	1	016	04	vexa	qgvexa	maNdala-1
8.1	suwe	7.1	suwe	suwi{swrI;8;eka}/suwa{puM;7;eka}	suwa{puM;7;eka}	BAvalakRaNasapwamI,12.1	BAvalakRaNasapwamI,12.1	1	016	04	vexa	qgvexa	maNdala-1
9.1	hi	8.1	hi	hi{avya}	hi{avya}	sambanXaH,8.1	sambanXaH,8.1	1	016	04	vexa	qgvexa	maNdala-1
1.1	saH	1.1	saH	wax{sarvanAma;puM;1;eka}	wax{sarvanAma;puM;1;eka}	viSeRaNam,2.1	viSeRaNam,2.1	1	016	05	vexa	qgvexa	maNdala-1
10.1	savanaM	9.1	savanaM	savana{napuM;1;eka(RU3;lyut;wuxAxiH)}/savana{napuM;2;eka(RU3;lyut;wuxAxiH)}/savana{napuM;1;eka(Ru2;lyut;axAxiH)}/savana{napuM;2;eka(Ru2;lyut;axAxiH)}/savana{napuM;1;eka(Ru3;lyut;svAxiH)}/savana{napuM;2;eka(Ru3;lyut;svAxiH)}	savana{napuM;2;eka(RU3;lyut;wuxAxiH)}	karma,15.1	karma,15.1	1	016	05	vexa	qgvexa	maNdala-1
11.1	gOraH	11.1	gOraH	gOra{puM;1;eka}	gOra{puM;1;eka}	upamAnam,14.1	upamAnam,14.1	1	016	05	vexa	qgvexa	maNdala-1
12.1	na(iva)	12.1	na	na{avya}	na{avya}	upamAna_xyowakaH,11.1	upamAna_xyowakaH,11.1	1	016	05	vexa	qgvexa	maNdala-1
13.1	wqRiwaH	13.1	-	wqRiwa{puM;1;eka}	wqRiwa{puM;1;eka}	viSeRaNam,14.1	-#viSeRaNam,14.1	1	016	05	vexa	qgvexa	maNdala-1
14.1	(wvaM)	16.1	wvaM	yuRmax{sarvanAma;1;eka}	yuRmax{sarvanAma;1;eka}	karwA,15.1	karwA,15.1	1	016	05	vexa	qgvexa	maNdala-1
15.1	piba	14.1	piba	pA1{karwari;lot;ma;eka;parasmEpaxI;BvAxiH}	pA1{karwari;lot;ma;eka;parasmEpaxI;BvAxiH}	-	-	1	016	05	vexa	qgvexa	maNdala-1
2.1	(wvaM)	15.1	wvaM	yuRmax{sarvanAma;1;eka}	yuRmax{sarvanAma;1;eka}	karwA,6.1	karwA,6.1	1	016	05	vexa	qgvexa	maNdala-1
3.1	naH	3.1	naH	asmax{sarvanAma;2;bahu}/asmax{sarvanAma;6;bahu}/asmax{sarvanAma;4;bahu}/nq{puM;8;eka}	asmax{sarvanAma;6;bahu}	RaRTIsambanXaH,5.1	RaRTIsambanXaH,5.1	1	016	05	vexa	qgvexa	maNdala-1
4.1	imaM	2.1	imaM	ixam{sarvanAma;puM;2;eka}	ixam{sarvanAma;puM;2;eka}	viSeRaNam,5.1	viSeRaNam,5.1	1	016	05	vexa	qgvexa	maNdala-1
5.1	swomaM	4.1	swomaM	swoma{puM;2;eka}	swoma{puM;2;eka}	karma,6.1	karma,6.1	1	016	05	vexa	qgvexa	maNdala-1
6.1	A_gahi	5.1	-	Af_gam1{karwari;lot;ma;eka;parasmEpaxI;BvAxiH}	Af_gam1{karwari;lot;ma;eka;parasmEpaxI;BvAxiH}	-	-	1	016	05	vexa	qgvexa	maNdala-1
7.1	upa	7.1	upa	upa{avya}	upa{avya}	sambanXaH,8.1	sambanXaH,8.1	1	016	05	vexa	qgvexa	maNdala-1
8.1	suwam	10.1	-	Ru2{karwari;lot;ma;xvi;parasmEpaxI;axAxiH}/suwa{puM;2;eka}/suwa{napuM;1;eka}/suwa{napuM;2;eka}	suwa{napuM;2;eka(Ru;kwa;axAxiH}	viSeRaNam,10.1	-#viSeRaNam,10.1	1	016	05	vexa	qgvexa	maNdala-1
9.1	ixam	8.1	ixam	ixam{sarvanAma;napuM;1;eka}/ixam{sarvanAma;napuM;2;eka}	ixam{sarvanAma;napuM;2;eka}	viSeRaNam,10.1	viSeRaNam,10.1	1	016	05	vexa	qgvexa	maNdala-1
1.1	inxavaH	3.1	inxavaH	inxu{puM;1;bahu}/inxu{puM;8;bahu}	inxu{puM;1;bahu}	viSeRaNam,3.1	viSeRaNam,3.1	1	016	06	vexa	qgvexa	maNdala-1
10.1	wAn	7.1	wAn	wax{sarvanAma;puM;2;bahu}	wax{sarvanAma;puM;2;bahu}	karma,11.1	karma,11.1	1	016	06	vexa	qgvexa	maNdala-1
11.1	piba	10.1	piba	pA1{karwari;lot;ma;eka;parasmEpaxI;BvAxiH}	pA1{karwari;lot;ma;eka;parasmEpaxI;BvAxiH}	-	-	1	016	06	vexa	qgvexa	maNdala-1
2.1	ime	1.1	ime	ixam{sarvanAma;puM;1;bahu}/ixam{sarvanAma;napuM;1;xvi}/ixam{sarvanAma;napuM;2;xvi}/ixam{sarvanAma;swrI;1;xvi}/ixam{sarvanAma;swrI;2;xvi}	ixam{sarvanAma;puM;1;bahu}	viSeRaNam,3.1	viSeRaNam,3.1	1	016	06	vexa	qgvexa	maNdala-1
3.1	somAsaH	2.1	somAsaH	soma{puM;1;bahu}/soma{puM;8;bahu}	soma{puM;1;bahu}	karwA,7.1	karwA,7.1	1	016	06	vexa	qgvexa	maNdala-1
4.1	barhiRi	6.1	barhiRi	barhis{napuM;7;eka}	barhis{napuM;7;eka}	aXikaraNam,7.1	aXikaraNam,7.1	1	016	06	vexa	qgvexa	maNdala-1
5.1	aXi	5.1	aXi	aXi{avya}	aXi{avya}	sambanXaH,6.1	sambanXaH,5.1	1	016	06	vexa	qgvexa	maNdala-1
6.1	suwAsaH	4.1	suwAsaH	suwa{puM;1;bahu}/suwa{puM;1;bahu(Ru2;kwa;axAxiH)}/suwA{swrI;1;bahu(Ru2;kwa;axAxiH)}/suwA{swrI;2;bahu(Ru2;kwa;axAxiH)}/suwa{puM;1;bahu(Ru3;kwa;svAxiH)}/suwA{swrI;1;bahu(Ru3;kwa;svAxiH)}/suwA{swrI;2;bahu(Ru3;kwa;svAxiH)}	suwA{swrI;1;bahu(Ru2;kwa;axAxiH)}	viXeya_viSeRaNam,3.1	-#viXeya_viSeRaNam,3.1	1	016	06	vexa	qgvexa	maNdala-1
7.1	(sanwi)	11.1	sanwi	as2{karwari;lat;pra;bahu;parasmEpaxI;axAxiH}/saw{napuM;8;bahu}/saw{napuM;1;bahu(as2;Sawq_lat;axAxiH)}/saw{napuM;2;bahu(as2;Sawq_lat;axAxiH)}	as2{karwari;lat;pra;bahu;parasmEpaxI;axAxiH}	-	-	1	016	06	vexa	qgvexa	maNdala-1
8.1	inxra	8.1	inxra	inxra{puM;8;eka}	inxra{puM;8;eka}	samboXyaH,11.1	samboXyaH,11.1	1	016	06	vexa	qgvexa	maNdala-1
9.1	sahase	9.1	sahase	Rah1{karwari;lat;ma;eka;AwmanepaxI;BvAxiH}/sahas{puM;4;eka}/sahas{napuM;4;eka}/sahasA{swrI;8;eka}	sahas{puM;4;eka}	prayojanam,11.1	prayojanam,11.1	1	016	06	vexa	qgvexa	maNdala-1
1.1	agriyaH	4.1	agriyaH	agriya{puM;1;eka}	agriya{puM;1;eka}	viSeRaNam,5.1	viSeRaNam,5.1	1	016	07	vexa	qgvexa	maNdala-1
10.1	somaM	9.1	somaM	soma{puM;2;eka}	soma{puM;2;eka}	karma,11.1	karma,11.1	1	016	07	vexa	qgvexa	maNdala-1
11.1	piba	11	piba	pA1{karwari;lot;ma;eka;parasmEpaxI;BvAxiH}	pA1{karwari;lot;ma;eka;parasmEpaxI;BvAxiH}	-	viroXakaH,7.1	1	016	07	vexa	qgvexa	maNdala-1
2.1	we	2.1	we	wax{sarvanAma;puM;1;bahu}/wax{sarvanAma;napuM;1;xvi}/wax{sarvanAma;napuM;2;xvi}/wax{sarvanAma;swrI;1;xvi}/wax{sarvanAma;swrI;2;xvi}/yuRmax{sarvanAma;6;eka}/yuRmax{sarvanAma;4;eka}	yuRmax{sarvanAma;6;eka}	RaRTIsambanXaH,3.2	RaRTIsambanXaH,3.2	1	016	07	vexa	qgvexa	maNdala-1
3.1	hqxi-	5.1	hqxispqk	hqxi	hqxi	samAsaH,3.2	samAsaH,3.2	1	016	07	vexa	qgvexa	maNdala-1
3.2	spqk	5.2	-	spqS{napuM;1;eka}/hqxispqS{napuM;2;eka}/hqxispqS{napuM;8;eka}	spqS{napuM;1;eka}	viSeRaNam,6.1	-#viSeRaNam,6.1	1	016	07	vexa	qgvexa	maNdala-1
4.1	ayam	1.1	ayam	ixam{sarvanAma;puM;1;eka}/aya{puM;2;eka}	ixam{sarvanAma;puM;1;eka}	viSeRaNam,5.1	viSeRaNam,5.1	1	016	07	vexa	qgvexa	maNdala-1
5.1	swomaH	3.1	swomaH	swoma{puM;1;eka}	swoma{puM;1;eka}	karwA,7.1	karwA,7.1	1	016	07	vexa	qgvexa	maNdala-1
6.1	SaMwamaH	7.1	SaMwamaH	SaMwama{puM;1;eka}	SaMwama{puM;1;eka}	viXeya_viSeRaNam,5.1	viXeya_viSeRaNam,5.1	1	016	07	vexa	qgvexa	maNdala-1
7.1	aswu	6.1	aswu	aswu{avya}/as2{karwari;lot;pra;eka;parasmEpaxI;axAxiH}	as2{karwari;lot;pra;eka;parasmEpaxI;axAxiH}	aBihiwa_karwA,5.1;sakarmaka	-	1	016	07	vexa	qgvexa	maNdala-1
8.1	aWa	8.1	aWa	aWa{avya}	aWa{avya}	sambanXaH,11.1	sambanXaH,11.1	1	016	07	vexa	qgvexa	maNdala-1
9.1	suwam	10.1	suwam	Ru2{karwari;lot;ma;xvi;parasmEpaxI;axAxiH}/suwa{puM;2;eka}/suwa{napuM;1;eka}/suwa{napuM;2;eka}	suwa{puM;2;eka}	viSeRaNam,10.1	viSeRaNam,10.1	1	016	07	vexa	qgvexa	maNdala-1
1.1	vqwra-	8.1	vqwrahA	vqwra	vqwra	samAsaH,1.2	-#samAsaH,1.2	1	016	08	vexa	qgvexa	maNdala-1
1.2	hA	8.2	-	han{puM;1;eka}	han{puM;1;eka}	viSeRaNam,2.1	-#viSeRaNam,2.1	1	016	08	vexa	qgvexa	maNdala-1
10.1	gacCawi	7.1	gacCawi	gam1{karwari;lat;pra;eka;parasmEpaxI;BvAxiH}	gam1{karwari;lat;pra;eka;parasmEpaxI;BvAxiH}	aBihiwa_karwA,2.1;sakarmaka	-	1	016	08	vexa	qgvexa	maNdala-1
2.1	inxraH	5.1	inxraH	inxra{puM;1;eka}	inxra{puM;1;eka}	karwA,10.1	karwA,10.1	1	016	08	vexa	qgvexa	maNdala-1
3.1	soma-	9.1	soma-pIwaye	soma}/soman	soma	samAsaH,3.2	samAsaH,3.2	1	016	08	vexa	qgvexa	maNdala-1
3.2	pIwaye	9.2	--	pIwi{puM;4;eka}	pIwi{puM;4;eka}	prayojanam,10.1	prayojanam,10.1	1	016	08	vexa	qgvexa	maNdala-1
4.1	maxAya	6.1	maxAya	maxa{puM;4;eka}/maxa{napuM;4;eka}	maxa{puM;4;eka}	samucciwaH,3.2	samucciwaH,3.2	1	016	08	vexa	qgvexa	maNdala-1
5.1	(ca)	10.1	ca	ca/ca{avya}	ca{avya}	samuccaya_xyowakaH,3.2	samuccaya_xyowakaH,3.2	1	016	08	vexa	qgvexa	maNdala-1
6.1	viSvam	1.1	viSvAm	viSva{sarvanAma;puM;2;eka}	viSva{sarvanAma;puM;2;eka}	viSeRaNam,9.1	viSeRaNam,9.1	1	016	08	vexa	qgvexa	maNdala-1
7.1	iw	2.1	iw	iw{avya}	iw{avya}	sambanXaH,6.1	-#sambanXaH,6.1	1	016	08	vexa	qgvexa	maNdala-1
8.1	suwam	4.1	suwam	Ru2{karwari;lot;ma;xvi;parasmEpaxI;axAxiH}/suwa{puM;2;eka}/suwa{napuM;1;eka}/suwa{napuM;2;eka}	suwa{napuM;2;eka}	viSeRaNam,9.1	viSeRaNam,9.1	1	016	08	vexa	qgvexa	maNdala-1
9.1	savanaM	3.1	savanaM	savana{napuM;1;eka(RU3;lyut;wuxAxiH)}/savana{napuM;2;eka(RU3;lyut;wuxAxiH)}/savana{napuM;1;eka(Ru2;lyut;axAxiH)}/savana{napuM;2;eka(Ru2;lyut;axAxiH)}/savana{napuM;1;eka(Ru3;lyut;svAxiH)}/savana{napuM;2;eka(Ru3;lyut;svAxiH)}	savana{napuM;2;eka(RU3;lyut;wuxAxiH)}	karma,10.1	karma,10.1	1	016	08	vexa	qgvexa	maNdala-1
1.1	Sawakrawo	8.1	Sawakrawo	Sawakrawu{puM;8;eka}	Sawakrawu{puM;8;eka}	samboXyaH,10.1	samboXyaH,10.1	1	016	09	vexa	qgvexa	maNdala-1
10.1	A_pqNa	5.1	ApqNa	A_pqNa{karwari;lot;ma;eka;parasmEpaxI;wuxAxiH}	{karwari;lot;u;bahu;parasmEpaxI;wuxAxiH}	-	-	1	016	09	vexa	qgvexa	maNdala-1
11.1	su-	11.1	svAXyaH	su-	su	samAsaH,11.2	-#samAsaH,11.2	1	016	09	vexa	qgvexa	maNdala-1
11.2	AXyaH	11.2	-	AXI{puM;1;eka(su_A_XyE;kvip)}	AXI{puM;1;eka(su_A_XyE;kvip)}	viSeRaNam,12.1	viSeRaNam,12.1	1	016	09	vexa	qgvexa	maNdala-1
12.1	(vayaM)	14.1	-	asmax{sarvanAma;1;bahu}	asmax{sarvanAma;1;bahu}	karwA,14.1	-#karwA,14.1	1	016	09	vexa	qgvexa	maNdala-1
13.1	wvA	10.1	wvA	yuRmax{sarvanAma;2;eka}	yuRmax{sarvanAma;2;eka}	karma,14.1	karma,14.1	1	016	09	vexa	qgvexa	maNdala-1
14.1	swavAma	9.1	swavAma	Rwu1{karwari;lot;u;bahu;parasmEpaxI;axAxiH}	Rwu1{karwari;lot;u;bahu;parasmEpaxI;axAxiH}	-	-	1	016	09	vexa	qgvexa	maNdala-1
2.1	saH	1.1	saH	wax{sarvanAma;puM;1;eka}	wax{sarvanAma;puM;1;eka}	viSeRaNam,3.1	viSeRaNam,3.1	1	016	09	vexa	qgvexa	maNdala-1
3.1	(wvaM)	12.1	wvaM	yuRmax{sarvanAma;1;eka}	yuRmax{sarvanAma;1;eka}	karwA,10.1	karwA,10.1	1	016	09	vexa	qgvexa	maNdala-1
4.1	naH	3.1	naH	asmax{sarvanAma;2;bahu}/asmax{sarvanAma;6;bahu}/asmax{sarvanAma;4;bahu}/nq{puM;8;eka}	asmax{sarvanAma;6;bahu}	RaRTIsambanXaH,6.1	RaRTIsambanXaH,6.1	1	016	09	vexa	qgvexa	maNdala-1
5.1	imaM	2.1	imaM	ixam{sarvanAma;puM;2;eka}	ixam{sarvanAma;puM;2;eka}	viSeRaNam,6.1	viSeRaNam,6.1	1	016	09	vexa	qgvexa	maNdala-1
6.1	kAmaM	4.1	kAmaM	kAmam{avya}/kAma{puM;2;eka}	kAmampuM;2;eka}	karma,10.1	karma,10.1	1	016	09	vexa	qgvexa	maNdala-1
7.1	goBiH	6.1	goBiH	go{puM;3;bahu}/go{swrI;3;bahu}	go{swrI;3;bahu}	sahArWaH,3.1	sahArWaH,3.1	1	016	09	vexa	qgvexa	maNdala-1
8.1	aSvEH	7.1	aSvEH	aSva{puM;3;bahu}	aSva{puM;3;bahu}	samucciwaH,7.1	samucciwaH,7.1	1	016	09	vexa	qgvexa	maNdala-1
9.1	(ca)	13.1	ca	ca{avya}	ca{avya}	samuccaya_xyowakaH,7.1	samuccaya_xyowakaH,7.1	1	016	09	vexa	qgvexa	maNdala-1
1.1	aham	2.1	aham	asmax{sarvanAma;1;eka}	asmax{sarvanAma;1;eka}	karwA,5.1	karwA,5.1	1	017	01	vexa	qgvexa	maNdala-1
2.1	samrAjoH	3.1	samrAjoH	samrAj{puM;6;xvi}	samrAj{puM;6;xvi}	viSeRaNam,3.2	viSeRaNam,3.2	1	017	01	vexa	qgvexa	maNdala-1
3.1	inxrA-	1.1	inxrA-varuNayoH	inxrA	inxrA	samAsaH,3.2	samAsaH,3.2	1	017	01	vexa	qgvexa	maNdala-1
3.2	varuNayoH	1.2	--	varuNa{puM;6;xvi}/varuNa{puM;7;xvi}/varuNa{napuM;6;xvi}/varuNa{napuM;7;xvi}/varuNA{swrI;6;xvi}/varuNA{swrI;7;xvi}	varuNa{puM;6;xvi}	RaRTIsambanXaH,4.1	RaRTIsambanXaH,4.1	1	017	01	vexa	qgvexa	maNdala-1
4.1	avaH	4.1	avaH	avas{napuM;2;eka}	avas{napuM;2;eka}	karma,5.1	karma,5.1	1	017	01	vexa	qgvexa	maNdala-1
5.1	A_vqNe	5.1	A_vqNe	A_vq2{karwari;lat;u;eka;AwmanepaxI;kryAxiH}	A_vq2{karwari;lat;u;eka;AwmanepaxI;kryAxiH}	aBihiwa_karwA,1.1;sakarmaka	-	1	017	01	vexa	qgvexa	maNdala-1
6.1	wO	6.1	wO	wax{sarvanAma;puM;1;xvi}/wax{sarvanAma;puM;2;xvi}	wax{sarvanAma;puM;1;xvi}	karwA,9.1	karwA,9.1	1	017	01	vexa	qgvexa	maNdala-1
7.1	IxqSe	9.1	IxqSe	IxqSa{puM;7;eka}/IxqSa{napuM;7;eka}	IxqSa{puM;7;eka}	aXikaraNam,9.1	aXikaraNam,9.1	1	017	01	vexa	qgvexa	maNdala-1
8.1	naH	7.1	naH	asmax{sarvanAma;2;bahu}/asmax{sarvanAma;6;bahu}/asmax{sarvanAma;4;bahu}/nq{puM;8;eka}	asmax{sarvanAma;2;bahu}	karma,9.1	karma,9.1	1	017	01	vexa	qgvexa	maNdala-1
9.1	mqlYAwaH	-	mqlYAwaH	mqd{karwari;let;pra;xvi;parasmEpaxI;wuxAxiH}	mqd{karwari;let;pra;xvi;parasmEpaxI;wuxAxiH}	-	RaRTIsambanXaH,3.2#BAvalakRaNasapwamI_samAnakAlaH,5.1#viSeRaNam,8.1	1	017	01	vexa	qgvexa	maNdala-1
1.1	(inxrA-	10.1	inxrA-varuNO	inxrA	inxrA	samAsaH,1.2	samAsaH,1.2	1	017	02	vexa	qgvexa	maNdala-1
1.2	varuNO)	10.2	--	varuNa{puM;1;xvi}/varuNa{puM;2;xvi}/varuNa{puM;8;xvi}	varuNa{puM;8;xvi}	samboXyaH,12.1	samboXyaH,12.1	1	017	02	vexa	qgvexa	maNdala-1
10.1	(ca)	11.1	ca	ca{avya}	ca{avya}	samuccaya_xyowakaH,7.1	samuccaya_xyowakaH,7.1	1	017	02	vexa	qgvexa	maNdala-1
11.1	(yuvAM)	12.1	yuvAM	yuRmax{sarvanAma;1;xvi}/yuRmax{sarvanAma;2;xvi}	yuRmax{sarvanAma;1;xvi}	karwA,12.1	karwA,12.1	1	017	02	vexa	qgvexa	maNdala-1
12.1	sWaH	3.1	sWaH	as2{karwari;lat;ma;xvi;parasmEpaxI;axAxiH}/sWa{puM;1;eka}	as2{karwari;lat;ma;xvi;parasmEpaxI;axAxiH}	-	-	1	017	02	vexa	qgvexa	maNdala-1
2.1	hi	2.1	hi	hi{avya}	hi{avya}	kAraNa_xyowakaH,12.1	kAraNa_xyowakaH,12.1#kAraNa_xyowakaH,9.1#kAraNa_xyowakaH,7.1	1	017	02	vexa	qgvexa	maNdala-1
3.1	avase	4.1	avase	avase{avyaya(av;wumarWe_asen)}	avase{avyaya(av;wumarWe_asen)}	prayojanam,12.1	prayojanam,12.1	1	017	02	vexa	qgvexa	maNdala-1
4.1	mAvawaH	7.1	mAvawaH	mAvaw{puM;6;eka(asmax;vawup)}	mAvaw{puM;6;eka(asmax;vawup)}	viSeRaNam,5.1	viSeRaNam,5.1	1	017	02	vexa	qgvexa	maNdala-1
5.1	viprasya	6.1	viprasya	vipra{puM;6;eka(vap;ran)}	vipra{puM;6;eka(vap;ran)}	RaRTIsambanXaH,6.1	RaRTIsambanXaH6.1	1	017	02	vexa	qgvexa	maNdala-1
6.1	havam	5.1	havam	hava{puM;2;eka(hve;ap)}	hava{puM;2;eka(hve;ap)}	karma,7.1	karma,7.1	1	017	02	vexa	qgvexa	maNdala-1
7.1	ganwArO	1.1	ganwArO	ganwq{pra;xvi;(gam;wqn;BvAxiH)}	ganwq{pra;xvi;(gam;wqn;BvAxiH)}	viSeRaNam,11.1	viSeRaNam,11.1	1	017	02	vexa	qgvexa	maNdala-1
8.1	carRaNInAM	9.1	carRaNInAM	carRaNi{puM;6;bahu}	carRaNi{puM;6;bahu}	RaRTIsambanXaH,9.1	RaRTIsambanXaH,9.1	1	017	02	vexa	qgvexa	maNdala-1
9.1	XarwArO	8.1	XarwArO	Xarwq{pra;xvi;(Xq;wqc;BvAxiH}	Xarwq{pra;xvi;(Xq;wqc;BvAxiH}	samucciwaH,7.1	samucciwaH,7.1	1	017	02	vexa	qgvexa	maNdala-1
1.1	inxrA-	3.1	inxrA-varuNO	inxrA	inxrA	samAsaH,1.2	samAsaH,1.2	1	017	03	vexa	qgvexa	maNdala-1
1.2	varuNO	3.2	--	varuNa{puM;1;xvi}/varuNa{puM;2;xvi}/varuNa{puM;8;xvi}	varuNa{puM;8;xvi}	samboXyaH,5.1	samboXyaH,5.1	1	017	03	vexa	qgvexa	maNdala-1
10.1	Imahe	8.1	Imahe	i{lat;u;bahu;AwmanepaxI;xivAxiH}	i{lat;u;bahu;AwmanepaxI;xivAxiH}	aBihiwa_karma,9.1;sakarmaka	-	1	017	03	vexa	qgvexa	maNdala-1
2.1	anukAmam	1.1	anukAmam	aanukAmam{avyayaH}	aanukAmam{avyayaH}	viSeRaNam,3.1	viSeRaNam,3.1	1	017	03	vexa	qgvexa	maNdala-1
3.1	rAyaH	4.1	rAyaH	rE{puM;1;bahu}/rE{puM;6;eka}/rE{puM;5;eka}/rE{puM;2;bahu}	rE{puM;2;bahu}	karma,5.1	karma,5.1	1	017	03	vexa	qgvexa	maNdala-1
4.1	(yuvAM)	9.1	yuvAM	yuRmax{sarvanAma;1;xvi}/yuRmax{sarvanAma;2;xvi}	yuRmax{sarvanAma;1;xvi}	karwA,5.1	karwA,5.1	1	017	03	vexa	qgvexa	maNdala-1
5.1	A_warpayeWAM	2.1	A_warpayeWAM	A_wqp1{Nic;karwari;lot;ma;xvi;AwmanepaxI;xivAxiH}	A_wqp1{Nic;karwari;lot;ma;xvi;AwmanepaxI;xivAxiH}	aBihiwa_karma,2.1;sakarmaka	-	1	017	03	vexa	qgvexa	maNdala-1
6.1	wO	5.1	wO	wax{sarvanAma;puM;1;xvi}/wax{sarvanAma;puM;2;xvi}	wax{sarvanAma;puM;2;xvi}	viSeRaNam,7.1	viSeRaNam,7.1	1	017	03	vexa	qgvexa	maNdala-1
7.1	vAM	6.1	vAM	vAm{avya}/yuRmax{sarvanAma;2;xvi}/yuRmax{sarvanAma;6;xvi}/yuRmax{sarvanAma;4;xvi}	yuRmax{sarvanAma;2;xvi}	gONakarma,10.1	karma,10.1	1	017	03	vexa	qgvexa	maNdala-1
8.1	nexiRTam	7.1	nexiRTam	nexiRTa{puM;2;eka}	nexiRTa{puM;2;eka}	muKyakarma,10.1	karma,10.1	1	017	03	vexa	qgvexa	maNdala-1
9.1	(vayaM)	10.1	vayaM	asmax{sarvanAma;1;bahu}	asmax{sarvanAma;1;bahu}	karwA,10.1	karwA,10.1	1	017	03	vexa	qgvexa	maNdala-1
1.1	hi	2.1	hi	hi{avya}	hi{avya}	sambanXaH,9.1	sambanXaH,9.1	1	017	04	vexa	qgvexa	maNdala-1
2.1	SacInAm	3.1	SacInAm	SacI{swrI;6;bahu}	SacI{swrI;6;bahu}	RaRTIsambanXaH,3.1	RaRTIsambanXaH,3.1	1	017	04	vexa	qgvexa	maNdala-1
3.1	yuvAku	1.1	yuvAku	yuvAku{puM;1;eka}	yuvAku{puM;;1eka}	viXeya_viSeRaNam,8.1	-#karwA,9.1	1	017	04	vexa	qgvexa	maNdala-1
4.1	su-	5.1	sumawInAM	su	su	samAsaH,4.2	RaRTIsambanXaH,4.2	1	017	04	vexa	qgvexa	maNdala-1
4.2	mawInAM	5.2	-	mawi{puM;6;bahu}/sumawi{napuM;6;bahu}/sumawi{swrI;6;bahu}	mawi{swrI;6;bahu}	RaRTIsambanXaH,5.1	-#RaRTIsambanXaH,5.1	1	017	04	vexa	qgvexa	maNdala-1
5.1	yuvAku	4.1	yuvAku	yuvAku{puM;1;eka}	yuvAku{puM;1;eka}	samucciwaH,3.1	samucciwaH,3.1	1	017	04	vexa	qgvexa	maNdala-1
6.1	(ca)	8.1	ca	ca{avya}	ca{avya}	samuccaya_xyowakaH,3.1	samuccaya_xyowakaH,3.1	1	017	04	vexa	qgvexa	maNdala-1
7.1	vAja-	7.1	vAjaxAvnAm	vAja	vAja	samAsaH,7.2	-#samAsaH,7.2	1	017	04	vexa	qgvexa	maNdala-1
7.2	xAvnAm	7.1	-	xAvan{puM;6;bahu(xA;vanip)}	xAvan{puM;6;bahu(xA;vanip)}	nirXAraNa_RaRTIsambanXaH,8.1	-nirXAraNa_RaRTIsambanXaH,8.1	1	017	04	vexa	qgvexa	maNdala-1
8.1	(vayaM)	9.1	-	asmax{sarvanAma;1;bahu}	asmax{sarvanAma;1;bahu}	karwA,9.1	-#karwA,9.1	1	017	04	vexa	qgvexa	maNdala-1
9.1	BUyAma	6.1	BUyAma	BU1{karwari;viXilif;u;bahu;parasmEpaxI;BvAxiH}	BU1{karwari;viXilif;u;bahu;parasmEpaxI;BvAxiH}	-	-	1	017	04	vexa	qgvexa	maNdala-1
1.1	inxraH	1.1	inxraH	inxra{puM;1;eka}	inxra{puM;1;eka}	karwA,4.1	karwA,4.1	1	017	05	vexa	qgvexa	maNdala-1
2.1	sahasra-	2.1	sahasra-xAvnAm	sahasra	sahasra	samAsaH,2.2	samAsaH,2.2	1	017	05	vexa	qgvexa	maNdala-1
2.2	xAvnAm	2.2	--	xAvan{puM;6;bahu}	xAvan{puM;6;bahu}	RaRTIsambanXaH,1.1	RaRTIsambanXaH,1.1	1	017	05	vexa	qgvexa	maNdala-1
3.1	krawuH	5.1	krawuH	krawu{puM;1;eka}	krawu{puM;1;eka}	viXeya_viSeRaNam,1.1	viXeya_viSeRaNam,1.1	1	017	05	vexa	qgvexa	maNdala-1
4.1	(Bavawi)	-	Bavawi	BU1{karwari;lat;pra;eka;parasmEpaxI;BvAxiH}/BavawI{swrI;8;eka}/Bavaw{sarvanAma;puM;7;eka}/Bavaw{puM;7;eka}	BU1{karwari;lat;pra;eka;parasmEpaxI;BvAxiH}	aBihiwa_karwA,3.1;sakarmaka	viSeRaNam,8.1	1	017	05	vexa	qgvexa	maNdala-1
5.1	varuNaH	3.1	varuNaH	varuNa{puM;1;eka}	varuNa{puM;1;eka}	karwA,8.1	karwA,8.1	1	017	05	vexa	qgvexa	maNdala-1
6.1	SaMsyAnAM	4.1	SaMsyAnAM	SaMsya{puM;6;bahu(Sans1;Nyaw;BvAxiH)}/SaMsya{napuM;6;bahu(Sans1;Nyaw;BvAxiH)}/SaMsyA{swrI;6;bahu(Sans1;Nyaw;BvAxiH)}	SaMsya{puM;6;bahu(Sans1;Nyaw;BvAxiH)}	RaRTIsambanXaH,5.1	RaRTIsambanXaH,5.1	1	017	05	vexa	qgvexa	maNdala-1
7.1	ukWyaH	7.1	ukWyaH	ukWya{puM;1;eka}	ukWya{puM;1;eka}	viXeya_viSeRaNam,5.1	viXeya_viSeRaNam,5.1	1	017	05	vexa	qgvexa	maNdala-1
8.1	Bavawi	6.1	Bavawi	BU1{karwari;lat;pra;eka;parasmEpaxI;BvAxiH}/BavawI{swrI;8;eka}/Bavaw{sarvanAma;puM;7;eka}/Bavaw{puM;7;eka}	BU1{karwari;lat;pra;eka;parasmEpaxI;BvAxiH}	aBihiwa_karwA,1.1;sakarmaka	-	1	017	05	vexa	qgvexa	maNdala-1
1.1	wayoH(inxrAvaruNayoH)	1.1	wayoH	wax{sarvanAma;puM;6;xvi}/wax{sarvanAma;napuM;6;xvi}/wax{sarvanAma;swrI;6;xvi}/wax{sarvanAma;puM;7;xvi}/wax{sarvanAma;napuM;7;xvi}/wax{sarvanAma;swrI;7;xvi}	wax{sarvanAma;puM;6;xvi}	RaRTIsambanXaH,3.1	RaRTIsambanXaH,3.1	1	017	06	vexa	qgvexa	maNdala-1
10.1	syAw	8.1	syAw	as2{karwari;viXilif;pra;eka;parasmEpaxI;axAxiH}	as2{karwari;viXilif;pra;eka;parasmEpaxI;axAxiH}	-	-	1	017	06	vexa	qgvexa	maNdala-1
2.1	iw	2.1	iw	iw{avya}	iw{avya}	sambanXaH,1.1	sambanXaH,1.1	1	017	06	vexa	qgvexa	maNdala-1
3.1	avasA	3.1	avasA	avas{puM;3;eka(av;asun)}	avas{puM;3;eka(av;asun)}	karaNam,5.1	karaNam,5.1	1	017	06	vexa	qgvexa	maNdala-1
4.1	vayam	4.1	vayam	asmax{sarvanAma;1;bahu}	asmax{sarvanAma;1;bahu}	karwA,5.1	karwA,5.1	1	017	06	vexa	qgvexa	maNdala-1
5.1	sanema	5.1	sanema	san{karwari;ASIrlif;u;bahu;parasmEpaxI;BvAxiH}	san{karwari;ASIrlif;u;bahu;parasmEpaxI;BvAxiH}	-	-	1	017	06	vexa	qgvexa	maNdala-1
6.1	ni_XImahi	7.1	niXImahi	ni_XyE1{karwari;ASIrlif;u;bahu;vpawyayena_AwmanepaxI;BvAxiH}	ni_XyE1{karwari;ASIrlif;u;bahu;vpawyayena_AwmanepaxI;BvAxiH}	samucciwaH,5.1	samucciwaH,5.1	1	017	06	vexa	qgvexa	maNdala-1
7.1	ca	6.1	ca	ca{avya}	ca{avya}	samuccaya_xyowakaH,5.1	samuccaya_xyowakaH,5.1	1	017	06	vexa	qgvexa	maNdala-1
8.1	uwa	9.1	uwa	uwa{avya}	uwa{avya}	sambanXaH,10.1	sambanXaH,10.1	1	017	06	vexa	qgvexa	maNdala-1
9.1	pra-	10.1	pra-recanaM	pra	pra	samAsaH,9.2	samAsaH,9.2	1	017	06	vexa	qgvexa	maNdala-1
9.2	recanaM	10.2	--	recana{napuM;1;eka(ric1;lyut;ruXAxiH)}/recana{napuM;2;eka(ric1;lyut;ruXAxiH)}/recana{puM;2;eka}	recana{napuM;1;eka(ric1;lyut;ruXAxiH)}	karwA,10.1	karwA,10.1	1	017	06	vexa	qgvexa	maNdala-1
1.1	inxrA-	1.1	inxrA-varuNO	inxrA	inxrA	samAsaH,1.2	samAsaH,1.2	1	017	07	vexa	qgvexa	maNdala-1
1.2	varuNO	1.2	--	varuNa{puM;1;xvi}/varuNa{puM;2;xvi}/varuNa{puM;8;xvi}	varuNa{puM;8;xvi}	samboXyaH,6.1	samboXyaH,6.1	1	017	07	vexa	qgvexa	maNdala-1
10.1	kqwam	9.1	kqwam	kq3{karwari;lot;ma;xvi;parasmEpaxI;wanAxiH}	kq3{karwari;lot;ma;xvi;parasmEpaxI;wanAxiH}	aBihiwa_karwA,7.1;sakarmaka	-	1	017	07	vexa	qgvexa	maNdala-1
2.1	vAM	2.1	vAM	vAm{avya}/yuRmax{sarvanAma;2;xvi}/yuRmax{sarvanAma;6;xvi}/yuRmax{sarvanAma;4;xvi}	yuRmax{sarvanAma;2;xvi}	karma,6.1	karma,6.1	1	017	07	vexa	qgvexa	maNdala-1
3.1	ahaM	3.1	ahaM	asmax{sarvanAma;1;eka}	asmax{sarvanAma;1;eka}	karwA,6.1	karwA,6.1	1	017	07	vexa	qgvexa	maNdala-1
4.1	ciwrAya	5.1	ciwrAya	ciwra{napuM;4;eka}	ciwra{napuM;4;eka}	viSeRaNam,5.1	viSeRaNam,5.1	1	017	07	vexa	qgvexa	maNdala-1
5.1	rAXase	6.1	rAXase	rAXas{napuM;4;eka}	rAXas{napuM;4;eka}	prayojanam,6.1	prayojanam,6.1	1	017	07	vexa	qgvexa	maNdala-1
6.1	huve	4.1	huve	hve1{karwari;lat;u;eka;AwmanepaxI;BvAxiH}	hve1{karwari;lat;u;eka;AwmanepaxI;BvAxiH}	aBihiwa_karwA,3.1;sakarmaka	-	1	017	07	vexa	qgvexa	maNdala-1
7.1	(yuvAM)	10.1	yuvAM	yuRmax{sarvanAma;1;xvi}/yuRmax{sarvanAma;2;xvi}	yuRmax{sarvanAma;1;xvi}	karwA,10.1	karwA,10.1	1	017	07	vexa	qgvexa	maNdala-1
8.1	asmAn	7.1	asmAn	asmax{sarvanAma;2;bahu}	asmax{sarvanAma;2;bahu}	gONakarma,10.1	karma,10.1	1	017	07	vexa	qgvexa	maNdala-1
9.1	su_jigyuRaH	8.1	su_jigyuRaH	su_jigivas{puM;2;bahu(ji;lit_kvasu)}	su_jigivas{puM;2;bahu(ji;lit_kvasu)}	muKyakarma,10.1	karma,10.1	1	017	07	vexa	qgvexa	maNdala-1
1.1	inxrA-	1.1	inxrA-varuNO	inxrA	inxrA	samAsaH,1.2	samAsaH,1.2	1	017	08	vexa	qgvexa	maNdala-1
1.2	varuNO	1.2	--	varuNa{puM;1;xvi}/varuNa{puM;2;xvi}/varuNa{puM;8;xvi}	varuNa{puM;8;xvi}	samboXyaH,10.1	samboXyaH,10.1	1	017	08	vexa	qgvexa	maNdala-1
10.1	A_yacCawaM	9.1	A_yacCawaM	xA{karwari;lot;ma;xvi;parasmEpaxI;BvAxiH}/xA1{karwari;lot;ma;xvi;parasmEpaxI;BvAxiH}	xA{karwari;lot;ma;xvi;parasmEpaxI;BvAxiH}	-	-	1	017	08	vexa	qgvexa	maNdala-1
2.1	vAM	4.1	vAM	vAm{avya}/yuRmax{sarvanAma;2;xvi}/yuRmax{sarvanAma;6;xvi}/yuRmax{sarvanAma;4;xvi}	yuRmax{sarvanAma;2;xvi}	karma,3.1	karma,3.1	1	017	08	vexa	qgvexa	maNdala-1
3.1	siRAsanwIRu	5.1	siRAsanwIRu	siRAsanwI{swrI;7;bahu}	siRAsanwI{swrI;7;bahu}	viSeRaNam,4.1	viSeRaNam,4.1	1	017	08	vexa	qgvexa	maNdala-1
4.1	XIRu	6.1	XIRu	XI{swrI;7;bahu}	XI{swrI;7;bahu}	aXikaraNam,10.1	aXikaraNam,10.1	1	017	08	vexa	qgvexa	maNdala-1
5.1	(yuvAM)	10.1	yuvAM	yuRmax{sarvanAma;1;xvi}	yuRmax{sarvanAma;1;xvi}	karwA,10.1	karwA,10.1	1	017	08	vexa	qgvexa	maNdala-1
6.1	asmaByaM	7.1	asmaByaM	asmax{sarvanAma;4;bahu}	asmax{sarvanAma;4;bahu}	sampraxAnam,10.1	sampraxAnam,10.1	1	017	08	vexa	qgvexa	maNdala-1
7.1	Sarma	8.1	Sarma	Sarman{napuM;1;eka}/Sarman{napuM;2;eka}	Sarman{napuM;2;eka}	karma,10.1	karma,10.1	1	017	08	vexa	qgvexa	maNdala-1
8.1	nU(awiSayena)	2.1	nU	nU{avya}	nU{avya}	viSeRaNam,9.1	viSeRaNam,9.1	1	017	08	vexa	qgvexa	maNdala-1
9.1	nu(SIGra)	3.1	nu	nu{avya}	nu{avya}	sambanXaH,10.1	sambanXaH,10.1	1	017	08	vexa	qgvexa	maNdala-1
1.1	inxrA-	4.1	inxrA-varuNO	inxrA	inxrA	samAsaH,1.2	samAsaH,1.2	1	017	09	vexa	qgvexa	maNdala-1
1.2	varuNO	4.2	--	varuNa{puM;1;xvi}/varuNa{puM;2;xvi}/varuNa{puM;8;xvi}	varuNa{puM;8;xvi}	samboXyaH,12.1	samboXyaH,12.1	1	017	09	vexa	qgvexa	maNdala-1
10.1	suRtuwiH	12.1	-	suRtuwi{swrI;1;eka}	suRtuwi{swrI;1;eka}	karwA,12.1	karwA,12.1	1	017	09	vexa	qgvexa	maNdala-1
11.1	vAM	1.1	vAM	vAm{avya}/yuRmax{sarvanAma;2;xvi}/yuRmax{sarvanAma;6;xvi}/yuRmax{sarvanAma;4;xvi}	yuRmax{sarvanAma;2;xvi}	karma,12.1	karma,12.1	1	017	09	vexa	qgvexa	maNdala-1
12.1	pra_aSnowu	2.1	prASnowu	pra_aS1{karwari;lat;pra;eka;CAnxasa_parasmEpaxI;svAxiH}	pra_aS1{karwari;lat;pra;eka;CAnxasa_parasmEpaxI;svAxiH}	-	-	1	017	09	vexa	qgvexa	maNdala-1
2.1	(ahaM)	10.1	ahaM	asmax{sarvanAma;1;eka}	asmax{sarvanAma;1;eka}	karwA,5.1	karwA,5.1	1	017	09	vexa	qgvexa	maNdala-1
3.1	yAm	5.1	yAm	yax{sarvanAma;swrI;2;eka}	yax{sarvanAma;swrI;2;eka}	viSeRaNam,4.2	viSeRaNam,4.2	1	017	09	vexa	qgvexa	maNdala-1
4.1	(su-	3.1	suRtuwiM	-/su	su	samAsaH,4.2	-#samAsaH,4.2	1	017	09	vexa	qgvexa	maNdala-1
4.2	swuwiM)	3.2	-	swuwi{swrI;2;eka(swu;kwin)}	swuwi{swrI;2;eka(swu;kwin)}	karma,5.1	karma,5.1	1	017	09	vexa	qgvexa	maNdala-1
5.1	huve	6.1	huve	hve1{karwari;lat;u;eka;AwmanepaxI;BvAxiH}	hve1{karwari;lat;u;eka;AwmanepaxI;BvAxiH}	aBihiwa_karwA,2.1	aBihiwa_karwA,2.1	1	017	09	vexa	qgvexa	maNdala-1
6.1	yAM	7.1	yAM	yax{sarvanAma;swrI;2;eka}	yax{sarvanAma;swrI;2;eka}	viSeRaNam,7.2	viSeRaNam,7.2	1	017	09	vexa	qgvexa	maNdala-1
7.1	saXa-	9.1	saXa-swuwiM	saXa	saXa	samAsaH,7.2	samAsaH,4.2	1	017	09	vexa	qgvexa	maNdala-1
7.2	swuwiM	9.2	--	swuwi{swrI;2;eka}/swuwi{puM;2;eka}	swuwi{swrI;2;eka}	karma,9.1	karma,9.1	1	017	09	vexa	qgvexa	maNdala-1
8.1	(yuvAM)	11.1	yuvAM	yuRmax{sarvanAma;1;xvi}/yuRmax{sarvanAma;2;xvi}	yuRmax{sarvanAma;1;xvi}	karwA,9.1	karwA,9.1	1	017	09	vexa	qgvexa	maNdala-1
9.1	qXAWe	8.1	qXyAWe	qX1{karwari;lat;ma;xvi;CAnxasa_AwmanepaxI;svAxiH}	qX1{karwari;lat;ma;xvi;CAnxasa_AwmanepaxI;svAxiH}	aBihiwa_karwA,8.1	aBihiwa_karwA,8.1	1	017	09	vexa	qgvexa	maNdala-1
1.1	brahmaNaspawe	4.1	brahmaNaspawe	brahmaNaspawi{puM;8;eka}	brahmaNaspawi{puM;8;eka}	samboXyaH,9.1	-#samboXyaH,9.1	1	018	01	vexa	qgvexa	maNdala-1
2.1	yaH	6.1	yaH	yax{sarvanAma;puM;1;eka}	yax{sarvanAma;puM;1;eka}	viSeRaNam,3.1	viSeRaNam,4.1	1	018	01	vexa	qgvexa	maNdala-1
3.1	OSijaH	7.1	OSijaH	OSija{puM;1;eka}	OSija{puM;1;eka}	viSeRaNam,4.1	viSeRaNam,4.1	1	018	01	vexa	qgvexa	maNdala-1
4.1	(wvaM)	8.1	wvaM	yuRmax{sarvanAma;1;eka}	yuRmax{sarvanAma;1;eka}	karwA,9.1	karwA,9.1	1	018	01	vexa	qgvexa	maNdala-1
5.1	kakRIvanwam	5.1	-	kakRIvaw{puM;2;eka}	kakRIvaw{puM;2;eka}	upamAnam,7.1	-#upamAnam,7.1	1	018	01	vexa	qgvexa	maNdala-1
6.1	(iva)	9.1	-	iva{avyaya}	iva{avyaya}	upamAna_xyowakaH,5.1	-#upamAna_xyowakaH,5.1	1	018	01	vexa	qgvexa	maNdala-1
7.1	somAnam	1.1	somAnam	soman{puM;2;eka}	soman{puM;2;eka}	gONakarma,9.1	gONakarma,9.1	1	018	01	vexa	qgvexa	maNdala-1
8.1	svaraNaM	2.1	svaraNaM	svaraNa{napuM;1;eka(svq1;lyut;BvAxiH)}/svaraNa{napuM;2;eka(svq1;lyut;BvAxiH)}	svaraNa{napuM;2;eka(svq1;lyut;BvAxiH)}	muKyakarma,9.1	muKyakarma,9.1	1	018	01	vexa	qgvexa	maNdala-1
9.1	kqNuhi	3.1	-	kqnv{karwari;lot;ma;eka;parasmEpaxI;svAxiH}	kqnv{karwari;lot;ma;eka;parasmEpaxI;svAxiH}	-	-	1	018	01	vexa	qgvexa	maNdala-1
1.1	yaH(brahmaNaspawiH)	1.1	yaH	yax{sarvanAma;puM;1;eka}	yax{sarvanAma;puM;1;eka}	karwA,9.1	karwA,9.1	1	018	02	vexa	qgvexa	maNdala-1
10.1	saH	7.1	saH	wax{sarvanAma;puM;1;eka}	wax{sarvanAma;puM;1;eka}	karwA,12.1	karwA,12.1	1	018	02	vexa	qgvexa	maNdala-1
11.1	naH	8.1	naH	asmax{sarvanAma;2;bahu}/asmax{sarvanAma;6;bahu}/asmax{sarvanAma;4;bahu}/nq{puM;8;eka}	asmax{sarvanAma;2;bahu}	karma,12.1	karma,12.1	1	018	02	vexa	qgvexa	maNdala-1
12.1	siRakwu	9	siRakwu	Rac2{karwari;lot;pra;eka;parasmEpaxI;BvAxiH}	Rac2{karwari;lot;pra;eka;parasmEpaxI;BvAxiH}	-	viSeRaNam,11.1#RaRTIsambanXaH,6.2#RaRTIsambanXaH,5.2	1	018	02	vexa	qgvexa	maNdala-1
2.1	revAn	2.1	revAn	revaw{puM;1;eka}	revaw{puM;1;eka}	viSeRaNam,1.1	viSeRaNam,1.1	1	018	02	vexa	qgvexa	maNdala-1
3.1	yaH	3.1	yaH	yax{sarvanAma;puM;1;eka}	yax{sarvanAma;puM;1;eka}	viSeRaNam,4.2	viSeRaNam,4.2	1	018	02	vexa	qgvexa	maNdala-1
4.1	amIva-	4.1	amIva-hA	amIva	amIva	samAsaH,4.2	samAsaH,4.2	1	018	02	vexa	qgvexa	maNdala-1
4.2	hA	4.2	--	hA{puM;1;eka(han;kvip)}	hA{puM;1;eka(han;kvip)}	viSeRaNam,1.1	viSeRaNam,1.1	1	018	02	vexa	qgvexa	maNdala-1
5.1	vasu-	5.1	vasu-viw	vasu	vasu	samAsaH,5.2	samAsaH,5.2	1	018	02	vexa	qgvexa	maNdala-1
5.2	viw	5.2	--	vix{napuM;1;eka}/vix{napuM;8;eka}	vix{puM;1;eka(vix;kvip)}	viSeRaNam,1.1	viSeRaNam,1.1	1	018	02	vexa	qgvexa	maNdala-1
6.1	puRti-	6.1	puRti-varXanaH	puRti	puRti	samAsaH,6.2	samAsaH,6.2	1	018	02	vexa	qgvexa	maNdala-1
6.2	varXanaH	6.2	--	varXana{puM;1;eka}	varXana{puM;1;eka}	viSeRaNam,1.1	viSeRaNam,1.1	1	018	02	vexa	qgvexa	maNdala-1
7.1	yaH	10.1	yaH	yax{sarvanAma;puM;1;eka}	yax{sarvanAma;puM;1;eka}	viSeRaNam,8.1	viSeRaNam,8.1	1	018	02	vexa	qgvexa	maNdala-1
8.1	wuraH	11.1	wuraH	wura{puM;1;eka}	wura{puM;1;eka}	viSeRaNam,1.1	viSeRaNam,1.1	1	018	02	vexa	qgvexa	maNdala-1
9.1	(aswi)	-	aswi	as{karwari;lat;pra;eka;parasmEpaxI;axAxiH}	as{karwari;lat;pra;eka;parasmEpaxI;axAxiH}	-	-	1	018	02	vexa	qgvexa	maNdala-1
1.1	araruRaH	4.1	araruRaH	araru{puM;6;eka}	araru{puM;6;eka}	viSeRaNam,2.1	viSeRaNam,2.1	1	018	03	vexa	qgvexa	maNdala-1
10.1	naH	9.1	naH	asmax{sarvanAma;2;bahu}/asmax{sarvanAma;6;bahu}/asmax{sarvanAma;4;bahu}/nq{puM;8;eka}	asmax{sarvanAma;2;bahu}	karma,11.1	karma,11.1	1	018	03	vexa	qgvexa	maNdala-1
11.1	rakRa	8.1	rakRa	rakR1{karwari;lot;ma;eka;parasmEpaxI;BvAxiH}	rakR1{karwari;lot;ma;eka;parasmEpaxI;BvAxiH}	-	-	1	018	03	vexa	qgvexa	maNdala-1
2.1	marwyasya	7.1	marwyasya	marwya{puM;6;eka}	marwya{puM;6;eka}	RaRTIsambanXaH,3.1	RaRTIsambanXaH,3.1	1	018	03	vexa	qgvexa	maNdala-1
3.1	XUrwiH	5.1	XUrwiH	XUrwi{swrI;1;eka}	XUrwi{swrI;1;eka}	karwA,8.1	karwA,8.1	1	018	03	vexa	qgvexa	maNdala-1
4.1	SaMsaH	3.1	SaMsaH	SaMsa{puM;1;eka}	SaMsa{puM;1;eka}	samucciwaH,3.1	samucciwaH,3.1	1	018	03	vexa	qgvexa	maNdala-1
5.1	(ca)	11.1	ca	ca{avya}	ca{avya}	samuccaya_xyowakaH,3.1	samuccaya_xyowakaH,3.1	1	018	03	vexa	qgvexa	maNdala-1
6.1	naH	2.1	naH	asmax{sarvanAma;2;bahu}/asmax{sarvanAma;6;bahu}/asmax{sarvanAma;4;bahu}/nq{puM;8;eka}	asmax{sarvanAma;2;bahu}	karma,8.1	karma,8.1	1	018	03	vexa	qgvexa	maNdala-1
7.1	mA	1.1	mA	mA{avya}	mA{avya}	prawiReXaH,8.1	prawiReXaH,8.1	1	018	03	vexa	qgvexa	maNdala-1
8.1	praNak	6.1	praNak	pqc{karwari;laf;pra;eka;parasmEpaxI;BvAxiH}	pqc{karwari;laf;pra;eka;parasmEpaxI;BvAxiH}	-	-	1	018	03	vexa	qgvexa	maNdala-1
9.1	brahmaNaspawe	10.1	brahmaNaspawe	brahmaNaspawi{puM;8;eka}	brahmaNaspawi{puM;8;eka}	samboXyaH,11.1	samboXyaH,11.1	1	018	03	vexa	qgvexa	maNdala-1
1.1	yaM	6.1	yaM	yax{sarvanAma;puM;2;eka}	yax{sarvanAma;puM;2;eka}	viSeRaNam,2.1;niwya_sambanXaH1,8.1	viSeRaNam,2.1#niwya_sambanXaH1,8.1#karma,7.1	1	018	04	vexa	qgvexa	maNdala-1
10.1	vIraH	3.1	-	vIra{puM;1;eka}	vIra{puM;1;eka}	karwA,13.1	-#karwA,13.1	1	018	04	vexa	qgvexa	maNdala-1
12.1	na	4.1	na	na{avya}	na{avya}	prawiReXaH,13.1	prawiReXaH,13.1	1	018	04	vexa	qgvexa	maNdala-1
13.1	riRyawi	5.1	riRyawi	riR{karwari;lat;pra;eka;parasmEpaxI;xivAxiH}	riR{karwari;lat;pra;eka;parasmEpaxI;xivAxiH}	-	-	1	018	04	vexa	qgvexa	maNdala-1
2.1	marwyaM	11.1	marwyaM	marwya{puM;2;eka}	marwya{puM;2;eka}	karma,7.1	karma,7.1	1	018	04	vexa	qgvexa	maNdala-1
3.1	inxraH	7.1	inxraH	inxra{puM;1;eka}	inxra{puM;1;eka}	karwA,7.1	samucciwaH,3.1	1	018	04	vexa	qgvexa	maNdala-1
4.1	brahmaNaspawiH	8.1	brahmaNaspawiH	brahmaNaspawi{puM;1;eka}	brahmaNaspawi{puM;1;eka}	samucciwaH,3.1	samucciwaH,3.1	1	018	04	vexa	qgvexa	maNdala-1
5.1	somaH	9.1	somaH	soma{puM;1;eka}	soma{puM;1;eka}	samucciwaH,3.1	karwA,7.1	1	018	04	vexa	qgvexa	maNdala-1
6.1	(ca)	12.1	ca	ca{avya}	ca{avya}	samuccaya_xyowakaH,3.1	sup_samuccaya_xyowakaH,5.1#sambanXaH,5.1	1	018	04	vexa	qgvexa	maNdala-1
7.1	hinowi	10.1	hinowi	hi1{karwari;lat;pra;eka;parasmEpaxI;svAxiH}	hi1{karwari;lat;pra;eka;parasmEpaxI;svAxiH}	aBihiwa_karwA,3.1;sakarmaka	-	1	018	04	vexa	qgvexa	maNdala-1
8.1	saH	1.1	saH	wax{sarvanAma;puM;1;eka}	wax{sarvanAma;puM;1;eka}	viSeRaNam,10.1	viSeRaNam,10.1	1	018	04	vexa	qgvexa	maNdala-1
9.1	Ga	2.1	-	Ga{avya}	Ga{avya}	sambanXaH,8.1	sambanXaH,8.1	1	018	04	vexa	qgvexa	maNdala-1
1.1	brahmaNaspawe	3.1	brahmaNaspawe	brahmaNaspawi{puM;1;eka}	brahmaNaspawi{puM;8;eka}	samboXyaH,10.1	samboXyaH,10.1	1	018	05	vexa	qgvexa	maNdala-1
10.1	pAwu	9.1	pAwu	pA2{karwari;lot;pra;eka;parasmEpaxI;axAxiH}	pA2{karwari;lot;pra;eka;parasmEpaxI;axAxiH}	-	-	1	018	05	vexa	qgvexa	maNdala-1
2.1	somaH	4.1	somaH	soma{puM;1;eka}	soma{puM;1;eka}	karwA,10.1	karwA,10.1	1	018	05	vexa	qgvexa	maNdala-1
3.1	inxraH	5.1	inxraH	inxra{puM;1;eka}	inxra{puM;1;eka}	samucciwaH,2.1	samucciwaH,2.1	1	018	05	vexa	qgvexa	maNdala-1
4.1	xakRiNA	8.1	xakRiNA	xakRiNA{avya}/xakRiNA{swrI;1;eka}/xakRiNA{sarvanAma;swrI;1;eka}	xakRiNA{swrI;1;eka}	samucciwaH,2.1	samucciwaH,2.1	1	018	05	vexa	qgvexa	maNdala-1
5.1	wvaM	1.1	wvaM	yuRmax{sarvanAma;1;eka}	yuRmax{sarvanAma;1;eka}	samucciwaH,2.1	samucciwaH,2.1	1	018	05	vexa	qgvexa	maNdala-1
6.1	ca	6.1	ca	ca{avya}	ca{avya}	samuccaya_xyowakaH,2.1	samuccaya_xyowakaH,2.1	1	018	05	vexa	qgvexa	maNdala-1
7.1	waM	2.1	waM	wax{sarvanAma;puM;2;eka}	wax{sarvanAma;puM;2;eka}	viSeRaNam,8.1	viSeRaNam,8.1	1	018	05	vexa	qgvexa	maNdala-1
8.1	marwyam	7.1	marwyam	marwya{puM;2;eka}	marwya{puM;2;eka}	karma,10.1	karma,10.1	1	018	05	vexa	qgvexa	maNdala-1
9.1	aMhasaH	10.1	aMhasaH	aMhas{napuM;5;eka}/aMhas{napuM;6;eka}	aMhas{napuM;5;eka}	apAxAnam,10.1	apAxAnam,10.1	1	018	05	vexa	qgvexa	maNdala-1
1.1	(ahaM)	10.1	ahaM	asmax{sarvanAma;1;eka}	asmax{sarvanAma;1;eka}	karwA,11.1	karwA,11.1	1	018	06	vexa	qgvexa	maNdala-1
10.1	pawim	2.1	-	pawi{puM;2;eka}	pawi{puM;2;eka}	karma,11.1	-#karma,11.1	1	018	06	vexa	qgvexa	maNdala-1
11.1	ayAsiRaM	9.1	ayAsiRaM	yA1{karwari;luf;u;eka;parasmEpaxI;axAxiH}	yA1{karwari;luf;u;eka;parasmEpaxI;axAxiH}	-	-	1	018	06	vexa	qgvexa	maNdala-1
2.1	meXAM	8.1	meXAM	meXA{swrI;2;eka}	meXA{swrI;2;eka}	karma,3.1	karma,3.1	1	018	06	vexa	qgvexa	maNdala-1
3.1	(labXum)	11.1	labXum	laB1{avya;wumun;BvAxiH}	laB1{avya;wumun;BvAxiH}	prayojanam,11.1	prayojanam,11.1	1	018	06	vexa	qgvexa	maNdala-1
4.1	axBuwam	3.1	axBuwam	axBuwa{puM;2;eka}/axBuwa{napuM;1;eka}/axBuwa{napuM;2;eka}	axBuwa{puM;2;eka}	viSeRaNam,10.1	viSeRaNam,10.1	1	018	06	vexa	qgvexa	maNdala-1
5.1	inxrasya	5.1	-	inxra{puM;6;eka}	inxra{puM;6;eka}	RaRTIsambanXaH,6.1	-#RaRTIsambanXaH,6.1	1	018	06	vexa	qgvexa	maNdala-1
6.1	priyaM	4.1	priyaM	priya{puM;2;eka}/priya{napuM;1;eka}/priya{napuM;2;eka}	priya{puM;2;eka}	viSeRaNam,10.1	viSeRaNam,10.1	1	018	06	vexa	qgvexa	maNdala-1
7.1	kAmyaM	6.1	kAmyaM	kAmya{puM;2;eka(kam1;Nyaw;BvAxiH)}/kAmya{napuM;1;eka(kam1;Nyaw;BvAxiH)}/kAmya{napuM;2;eka(kam1;Nyaw;BvAxiH)}	kAmya{puM;2;eka(kam1;Nyaw;BvAxiH)}	viSeRaNam,10.1	viSeRaNam,10.1	1	018	06	vexa	qgvexa	maNdala-1
8.1	saniM	7.1	saniM	sani{puM;2;eka}/sani{swrI;2;eka}	sani{puM;2;eka}	viSeRaNam,10.1	viSeRaNam,10.1	1	018	06	vexa	qgvexa	maNdala-1
9.1	saxasaH	1.1	saxaspawim	saxas{puM;6;eka}	saxas{puM;6;eka}	RaRTIsambanXaH,10.1	-#RaRTIsambanXaH,10.1	1	018	06	vexa	qgvexa	maNdala-1
1.1	yajFaH	5.1	-	yajFa{puM;1;eka}	yajFa{puM;1;eka}	karwA,8.1	karwA,8.1	1	018	07	vexa	qgvexa	maNdala-1
10.1	XInAM	9.1	XInAM	XI{swrI;6;bahu}/XInA{swrI;2;eka(XI1;kwa;xivAxiH)}	XI{swrI;6;bahu}	RaRTIsambanXaH,11.1	RaRTIsambanXaH,11.1	1	018	07	vexa	qgvexa	maNdala-1
11.1	yogaM	10.1	yogaM	yoga{puM;2;eka}	yoga{puM;2;eka}	karma,12.1	karma,12.1	1	018	07	vexa	qgvexa	maNdala-1
12.1	invawi	11.1	invawi	iv1{karwari;lat;pra;eka;parasmEpaxI;BvAxiH}	iv1{karwari;lat;pra;eka;parasmEpaxI;BvAxiH}	aBihiwa_karwA,12.1;sakarmaka	-	1	018	07	vexa	qgvexa	maNdala-1
2.1	vipaSciwaH	6.1	-	vipaSciw{puM;5;eka}	vipaSciw{puM;5;eka}	samucciwaH,5.1	-samucciwaH,5.1	1	018	07	vexa	qgvexa	maNdala-1
3.1	cana	7.1	-	cana{avya}	cana{avya}	sambanXaH,2.1	-#sambanXaH,2.1	1	018	07	vexa	qgvexa	maNdala-1
4.1	(ca)	5.1	-	ca{avya}	ca{avya}	samuccaya_xyowakaH,5.1	-#samuccaya_xyowakaH,5.1	1	018	07	vexa	qgvexa	maNdala-1
5.1	yasmAw	1.1	yasmAw	yax{sarvanAma;puM;5;eka}/yax{sarvanAma;napuM;5;eka}	yax{sarvanAma;puM;5;eka}	qweZrWaH,8.1	qweZrWaH,8.1	1	018	07	vexa	qgvexa	maNdala-1
6.1	qwe	2.1	qwe	qwe{avya}/qwa{napuM;7;eka}	qwe{avya}	qweZrWa_xyowakaH,5.1	qweZrWa_xyowakaH,5.1	1	018	07	vexa	qgvexa	maNdala-1
7.1	na	3.1	na	na{avya}	na{avya}	prawiReXaH,8.1	prawiReXaH,8.1	1	018	07	vexa	qgvexa	maNdala-1
8.1	siXyawi	4.1	-	RiX3{karwari;lat;pra;eka;parasmEpaxI;xivAxiH}	RiX3{karwari;lat;pra;eka;parasmEpaxI;xivAxiH}	-	-	1	018	07	vexa	qgvexa	maNdala-1
9.1	saH	8.1	saH	wax{sarvanAma;puM;1;eka}	wax{sarvanAma;puM;1;eka}	karwA,12.1	karwA,12.1	1	018	07	vexa	qgvexa	maNdala-1
1.1	Aw	1.1	-	Aw{avyayaH}	Aw{avyayaH}	sambanXaH,3.1	-#sambanXaH,3.1	1	018	08	vexa	qgvexa	maNdala-1
2.1	havis-	3.1	havis-kqwiM	havis	havis	samAsaH,2.2	samAsaH,2.2	1	018	08	vexa	qgvexa	maNdala-1
2.2	kqwiM	3.2	--	kqwi{swrI;2;eka}/kqwi{puM;2;eka}	kqwi{swrI;2;eka}	karma,3.1	karma,3.1	1	018	08	vexa	qgvexa	maNdala-1
3.1	qXnowi	2.1	Aw_qXnowi	AqX2{karwari;lat;pra;eka;parasmEpaxI;svAxiH}	qX2{karwari;lat;pra;eka;parasmEpaxI;svAxiH}	-	-	1	018	08	vexa	qgvexa	maNdala-1
4.1	aXvaraM	6.1	aXvaraM	aXvara{puM;2;eka}	aXvara{puM;2;eka}	gONakarma,6.1	-#gONakarma,6.1	1	018	08	vexa	qgvexa	maNdala-1
5.1	prAFcaM	4.1	prAFcaM	prAFc{puM;2;eka}	prAFc{puM;2;eka}	muKyakarma,6.1	muKyakarma,6.1	1	018	08	vexa	qgvexa	maNdala-1
6.1	kqNowi	5.1	kqNowi	kqnv{karwari;lat;pra;eka;parasmEpaxI;BvAxiH}	kqnv{karwari;lat;pra;eka;parasmEpaxI;BvAxiH}	-	-	1	018	08	vexa	qgvexa	maNdala-1
7.1	howrA	7.1	howrA	howq{puM;3;eka}/howrA{swrI;1;eka}	howrA{swrI;1;eka}	karwA,9.1	karwA,9.	1	018	08	vexa	qgvexa	maNdala-1
8.1	xeveRu	8.1	xeveRu	xeva{puM;7;bahu}	xeva{puM;7;bahu}	aXikaraNam,9.1	aXikaraNam,9.1	1	018	08	vexa	qgvexa	maNdala-1
9.1	gacCawi	9.1	gacCawi	gam1{karwari;lat;pra;eka;parasmEpaxI;BvAxiH}/gacCaw{puM;7;eka(gam1;Sawq_lat;BvAxiH)}/gacCaw{napuM;7;eka(gam1;Sawq_lat;BvAxiH)}	gam1{karwari;lat;pra;eka;parasmEpaxI;BvAxiH}	aBihiwa_karwA,7.1;sakarmaka	-	1	018	08	vexa	qgvexa	maNdala-1
1.1	su-	2.1	su-XqRtamam	su	su	samAsaH,1.2	samAsaH,1.2	1	018	09	vexa	qgvexa	maNdala-1
1.2	XqRtamam	2.2	--	XqRtama{puM;2;eka}	XqRtama{puM;2;eka}	viSeRaNam,6.2	viSeRaNam,6.2	1	018	09	vexa	qgvexa	maNdala-1
2.1	sa-	4.1	sa-praWaswamam	sa	sa	samAsaH,2.2	samAsaH,2.2	1	018	09	vexa	qgvexa	maNdala-1
2.2	praWaswamam	4.2	--	praWaswama{puM;2;eka}	praWaswama{puM;2;eka}	viSeRaNam,6.2	viSeRaNam,6.2	1	018	09	vexa	qgvexa	maNdala-1
3.1	saxma-	7.1	saxma-maKasaM	saxman	saxman	samAsaH,3.2	samAsaH,3.2	1	018	09	vexa	qgvexa	maNdala-1
3.2	maKasaM	7.2	--	maKas{puM;2;eka}	maKas{puM;2;eka}	viSeRaNam,6.2	viSeRaNam,6.2	1	018	09	vexa	qgvexa	maNdala-1
4.1	xivaH	5.1	xivaH	xiv{swrI;1;bahu}/xiv{swrI;2;bahu}/xiv{swrI;5;eka}/xiv{swrI;6;eka}/xiv{swrI;8;bahu}	xiv{swrI;2;bahu}	upamAnam,6.2	upamAnam,6.2	1	018	09	vexa	qgvexa	maNdala-1
5.1	na	6.1	na	na{avya}	na{avya}	upamAna_xyowakaH,4.1	upamAna_xyowakaH,4.1	1	018	09	vexa	qgvexa	maNdala-1
6.1	narA-	1.1	narA-SaMsam	narA	narA	samAsaH,6.2	samAsaH,6.2	1	018	09	vexa	qgvexa	maNdala-1
6.2	SaMsam	1.2	--	SaMsa{puM;2;eka}/SaMsa{napuM;1;eka}/SaMsa{napuM;2;eka}	SaMsa{puM;2;eka}	karma,8.1	karma,8.1	1	018	09	vexa	qgvexa	maNdala-1
7.1	(ahaM)	8.1	ahaM	asmax{sarvanAma;u;eka}/asmax{sarvanAma;1;eka}	asmax{sarvanAma;1;eka}	karwA,8.1	karwA,8.1	1	018	09	vexa	qgvexa	maNdala-1
8.1	apaSyam	3.1	apaSyam	xqS1{karwari;laf;u;eka;parasmEpaxI;BvAxiH}	xqS1{karwari;laf;u;eka;parasmEpaxI;BvAxiH}	-	-	1	018	09	vexa	qgvexa	maNdala-1
1.1	agne	8.1	agne	agni{puM;8;eka}	agni{puM;8;eka}	samboXyaH,10.1;	samboXyaH,10.1;	1	019	01	vexa	qgvexa	maNdala-1
10.1	A_gahi	9.1	Agahi	Af_gam1{karwari;lot;ma;eka;parasmEpaxI;BvAxiH}	Af_gam1{karwari;lot;ma;eka;parasmEpaxI;BvAxiH}	-	-	1	019	01	vexa	qgvexa	maNdala-1
2.1	(wvaM)	9	wvaM	yuRmax{sarvanAma;1;eka}	yuRmax{sarvanAma;1;eka}	karwA,8.1;karwA,10.1	karwA,8.1;karwA,10.1	1	019	01	vexa	qgvexa	maNdala-1
3.1	wyaM	2.1	wyaM	wyax{sarvanAma;2;eka}	wyax{sarvanAma;2;eka}	viSeRaNam,5.1	viSeRaNam,5.1	1	019	01	vexa	qgvexa	maNdala-1
4.1	cArum	3.1	cArum	cAru{puM;2;eka}	cAru{puM;2;eka}	viSeRaNam,5.1	viSeRaNam,5.1	1	019	01	vexa	qgvexa	maNdala-1
5.1	aXvaraM	4.1	aXvaraM	aXvaraM{puM;2;eka}	aXvaraM{puM;2;eka}	karma,8.1	karma,8.1	1	019	01	vexa	qgvexa	maNdala-1
6.1	prawi	1.1	prawi	prawi{avya}	prawi{avya}	sambanXaH,5.1	sambanXaH,5.1	1	019	01	vexa	qgvexa	maNdala-1
7.1	gopIWAya	5.1	gopIWAya	gopIWa{puM;4;eka}	gopIWa{puM;4;eka}	prayojanam,8.1	prayojanam,8.1	1	019	01	vexa	qgvexa	maNdala-1
8.1	pra_hUyase	6.1	prahUyase	pra_hve{lat;ma;eka;karmaNi;BvAxi}	pra_hve{lat;ma;eka;karmaNi;BvAxi}	-	-	1	019	01	vexa	qgvexa	maNdala-1
9.1	maruxBiH	7.1	maruxBiH	maruw{puM;3;bahu}	maruw{puM;3;bahu}	sahArWaH,10.1	sahArWaH,10.1	1	019	01	vexa	qgvexa	maNdala-1
1.1	agne	10.1	agne	agni{puM;8;eka}	agni{puM;8;eka}	samboXyaH,15.1	samboXyaH,15.1	1	019	02	vexa	qgvexa	maNdala-1
10.1	na	3.1	-	na{avya}	na{avya}	prawiReXaH,13.1	-#prawiReXaH,13.1	1	019	02	vexa	qgvexa	maNdala-1
11.1	marwyaH	4.1	marwyaH	marwya{puM;1;eka}	marwya{puM;1;eka}	karwA,13.1	karwA,13.1	1	019	02	vexa	qgvexa	maNdala-1
12.1	(paraH)	14.1	-	para{sarvanAma;puM;1;eka}	para{sarvanAma;puM;1;eka}	viXeya_viSeRaNam,11.1	viXeya_viSeRaNam,11.1	1	019	02	vexa	qgvexa	maNdala-1
13.1	(Bavawi)	15.1	aswi	as2{karwari;lat;pra;eka;parasmEpaxI;axAxiH}	as2{karwari;lat;pra;eka;parasmEpaxI;axAxiH}	aBihiwa_karwA,11.1	-	1	019	02	vexa	qgvexa	maNdala-1
14.1	maruxBiH	9.1	maruxBiH	maruw{puM;3;bahu}	maruw{puM;3;bahu}	sahArWaH,15.1	sahArWaH,15.1	1	019	02	vexa	qgvexa	maNdala-1
15.1	Agahi	11.1	Agahi	Af_gam1{karwari;lot;ma;eka;parasmEpaxI;BvAxiH}	Af_gam1{karwari;lot;ma;eka;parasmEpaxI;BvAxiH}	-	-	1	019	02	vexa	qgvexa	maNdala-1
2.1	mahaH	5.1	-	mahaw{puM;6;eka;walopa_CAnxasaH}	mahaw{puM;6;eka;walopa_CAnxasaH}	viSeRaNam,3.1	-#viSeRaNam,3.1	1	019	02	vexa	qgvexa	maNdala-1
3.1	wava	6.1	wava	yuRmax{sarvanAma;6;eka}	yuRmax{sarvanAma;6;eka}	RaRTIsambanXaH,4.1	RaRTIsambanXaH,4.1	1	019	02	vexa	qgvexa	maNdala-1
4.1	krawuM	7.1	krawuM	krawu{puM;2;eka}	krawu{puM;2;eka}	karma,5.1	karma,5.1	1	019	02	vexa	qgvexa	maNdala-1
5.1	(ullafGya)	12.1	ullafGya	ullafGya{avya(uw_lafG;lyap;BvAxiH)}	ullafGya{avya(uw_lafG;lyap;BvAxiH)}	pUrvakAlaH,9.1	-#pUrvakAlaH,9.1	1	019	02	vexa	qgvexa	maNdala-1
6.1	nahi	1.1	nahi	nahi{avya}	nahi{avya}	prawiReXaH,9.1	prawiReXaH,9.1	1	019	02	vexa	qgvexa	maNdala-1
7.1	xevaH	2.1	xevaH	xeva{puM;1;eka}/xevq{puM;8;eka}	xeva{puM;1;eka}	karwA,9.1	karwA,9.1	1	019	02	vexa	qgvexa	maNdala-1
8.1	paraH	8.1	-	para{sarvanAma;puM;1;eka}	para{sarvanAma;puM;1;eka}	viXeya_viSeRaNam,7.1	-#viXeya_viSeRaNam,7.1	1	019	02	vexa	qgvexa	maNdala-1
9.1	(Bavawi)	13.1	-	BU{karwari;lat;pra;eka;parasmEpaxI;BvAxiH}	BU{karwari;lat;pra;eka;parasmEpaxI;BvAxiH}	-	-	1	019	02	vexa	qgvexa	maNdala-1
1.1	agne	9.1	agne	agni{puM;8;eka}	agni{puM;8;eka}	samboXyaH,9.1	samboXyaH,9.1	1	019	03	vexa	qgvexa	maNdala-1
10.1	(wvaM)	12.1	-	yuRmax{sarvanAma;puM;1;eka}	yuRmax{sarvanAma;puM;1;eka}	karwA,13.1	karwA,13.1	1	019	03	vexa	qgvexa	maNdala-1
11.1	(wEH)	13.1	-	wax{sarvanAma;puM;3;bahu}	wax{sarvanAma;puM;3;bahu}	viSeRaNam,12.1	-#viSeRaNam,12.1	1	019	03	vexa	qgvexa	maNdala-1
12.1	maruxBiH	8.1	maruxBiH	maruw{puM;3;bahu}	maruw{puM;3;bahu}	sahArWaH,10.1	sahArWaH,10.1	1	019	03	vexa	qgvexa	maNdala-1
13.1	A_gahi	10.1	Agahi	Af_gam1{karwari;lot;ma;eka;parasmEpaxI;BvAxiH}	Af_gam1{karwari;lot;ma;eka;parasmEpaxI;BvAxiH}	-	-	1	019	03	vexa	qgvexa	maNdala-1
2.1	ye	1.1	ye	yax{sarvanAma;puM;1;bahu}/yax{sarvanAma;napuM;1;xvi}/yax{sarvanAma;napuM;2;xvi}/yax{sarvanAma;swrI;1;xvi}/yax{sarvanAma;swrI;2;xvi}	yax{sarvanAma;puM;1;bahu}	viSeRaNam,3.1;sambanXaH,11.1	viSeRaNam,3.1;sambanXaH,11.1	1	019	03	vexa	qgvexa	maNdala-1
3.1	(maruwaH)	11.1	-	maruw{puM;1;bahu}	maruw{puM;1;bahu}	karwA,9.1	-#karwA,9.1	1	019	03	vexa	qgvexa	maNdala-1
4.1	axruhaH	7.1	axruhaH	axruh{puM;1;bahu(na_xruh;kvip;)}	axruh{puM;1;bahu(na_xruh;kvip;)}	viSeRaNam,3.1	-#viSeRaNam,3.1	1	019	03	vexa	qgvexa	maNdala-1
5.1	viSve	5.1	viSve	viSva{sarvanAma;puM;1;bahu}/viSva{sarvanAma;napuM;1;xvi}/viSva{sarvanAma;napuM;2;xvi}/viSva{puM;7;eka}/viSva{napuM;7;eka}	viSva{puM;1;bahu}	viSeRaNam,3.1	viSeRaNam,3.1	1	019	03	vexa	qgvexa	maNdala-1
6.1	xevAsaH	6.1	xevAsaH	xeva{puM;1;bahu}/xeva{puM;8;bahu}	xeva{puM;1;bahu}	viSeRaNam,3.1	viSeRaNam,3.1	1	019	03	vexa	qgvexa	maNdala-1
7.1	mahaH	2.1	mahaH	maha{puM;1;eka}/mahas{napuM;1;eka}/mahas{napuM;2;eka}/mahas{napuM;8;eka}	mahaw{puM;2;eka;walopa_CAnxasaH}	viSeRaNam,8.1	viSeRaNam,8.1	1	019	03	vexa	qgvexa	maNdala-1
8.1	rajasaH	3.1	rajasaH	rajas{puM;1;bahu}/rajas{puM;2;bahu}/rajas{puM;5;eka}/rajas{puM;6;eka}/rajas{napuM;5;eka}/rajas{napuM;6;eka}/rajas{puM;8;bahu}	rajas{puM;2;bahu}	karma,9.1	karma,9.1	1	019	03	vexa	qgvexa	maNdala-1
9.1	vixuH	4.1	vixuH	vix1{karwari;lat;pra;bahu;parasmEpaxI;axAxiH}/vixu{puM;1;eka}	vix1{karwari;lat;pra;bahu;parasmEpaxI;axAxiH}	aBihiwa_karwA,4.1;sakarmaka	-	1	019	03	vexa	qgvexa	maNdala-1
1.1	agne	8.1	agne	agni{puM;8;eka}	agni{puM;8;eka}	samboXyaH,7.1	samboXyaH,7.1	1	019	04	vexa	qgvexa	maNdala-1
10.1	maruxBiH	7.1	maruxBiH	maruw{puM;3;bahu}	maruw{puM;3;bahu}	sahArWaH,11.1	sahArWaH,11.1	1	019	04	vexa	qgvexa	maNdala-1
11.1	A_gahi	9.1	AgacCa	Af_gam1{karwari;lot;ma;eka;parasmEpaxI;BvAxiH}	Af_gam1{karwari;lot;ma;eka;parasmEpaxI;BvAxiH}	-	-	1	019	04	vexa	qgvexa	maNdala-1
2.2	ojasA	6.1	-	ojas{napuM;3;eka}	-ojas{napuM;3;eka}	karaNam,3.2	-#karaNam,3.2	1	019	04	vexa	qgvexa	maNdala-1
3.1	a-	5.1	na-aXqRtAsaH	na	na	samAsaH,3.2	samAsaH,3.2	1	019	04	vexa	qgvexa	maNdala-1
3.2	aXqRtAsaH	5.2	--	aXqRta{puM;1;bahu(na_XqR1;kwa;svAxiH)}/XqRtA{swrI;1;bahu((na_XqR1;kwa;svAxiH)}/XqRtA{swrI;2;bahu((na_XqR1;kwa;svAxiH)}/XqRta{puM;8;bahu}/(na_XqRtA{swrI;8;bahu}	XqRta{puM;1;bahu((na_XqR1;kwa;svAxiH)}	viSeRaNam,5.1	viSeRaNam,5.1	1	019	04	vexa	qgvexa	maNdala-1
4.1	ugrAH	2.1	ugrAH	ugra{puM;1;bahu}/ugrA{swrI;1;bahu}/ugrA{swrI;2;bahu}/ugra{puM;8;bahu}	ugra{puM;1;bahu}	viSeRaNam,5.1	viSeRaNam,5.1	1	019	04	vexa	qgvexa	maNdala-1
5.1	ye(maruwaH)	1.1	ye	yax{sarvanAma;puM;1;bahu}/yax{sarvanAma;napuM;1;xvi}/yax{sarvanAma;napuM;2;xvi}/yax{sarvanAma;swrI;1;xvi}/yax{sarvanAma;swrI;2;xvi}	yax{sarvanAma;puM;1;bahu}	karwA,7.1;karwA,9.1	karwA,7.1;karwA,9.1	1	019	04	vexa	qgvexa	maNdala-1
6.1	arkam	3.1	arkam	arka{puM;2;eka}	arka{puM;2;eka}	karma,7.1	karma,7.1	1	019	04	vexa	qgvexa	maNdala-1
7.1	AnqcuH	4.1	AnqcuH	qc1{karwari;lit;pra;bahu;parasmEpaxI;wuxAxiH}	qc1{karwari;lit;pra;bahu;parasmEpaxI;wuxAxiH}	aBihiwa_karwA,5.1;sakarmaka	-	1	019	04	vexa	qgvexa	maNdala-1
8.1	(wvaM)	10.1	-	yuRmaxsarvanAma;puM;1;eka}	yuRmaxsarvanAma;puM;1;eka}	karwA,11.1	-#karwA,11.1	1	019	04	vexa	qgvexa	maNdala-1
9.1	(wEH)	11.1	-	yuRmaxsarvanAma;puM;3;bahu}	yuRmaxsarvanAma;puM;3;bahu}	viSeRaNam,10.1	-#viSeRaNam,10.1	1	019	04	vexa	qgvexa	maNdala-1
1.1	agne	7.1	agne	agni{puM;8;eka}	agni{puM;8;eka}	samboXyaH,7.1	samboXyaH,7.1	1	019	05	vexa	qgvexa	maNdala-1
10.1	maruxBiH	6.1	maruxBiH	maruw{puM;3;bahu}	maruw{puM;3;bahu}	sahArWaH,11.1	sahArWaH,11.1	1	019	05	vexa	qgvexa	maNdala-1
11.1	A_gahi	8.1	Agahi	Af_gam1{karwari;lot;ma;eka;parasmEpaxI;BvAxiH}	Af_gam1{karwari;lot;ma;eka;parasmEpaxI;BvAxiH}	-	-	1	019	05	vexa	qgvexa	maNdala-1
2.1	SuBrAH	2.1	SuBrAH	SuBra{puM;1;bahu}	SuBra{puM;1;bahu}	viSeRaNam,6.1	viSeRaNam,6.1	1	019	05	vexa	qgvexa	maNdala-1
3.1	Gora-	3.1	Gora-varpasaH	Gora	Gora	samAsaH,3.2	samAsaH,3.2	1	019	05	vexa	qgvexa	maNdala-1
3.2	varpasaH	3.2	--	varpas{puM;1;bahu}	varpas{puM;1;bahu}	viSeRaNam,6.1	viSeRaNam,6.1	1	019	05	vexa	qgvexa	maNdala-1
4.1	su-	4.1	su-kRawrAH	su	su	samAsaH,4.2	samAsaH,4.2	1	019	05	vexa	qgvexa	maNdala-1
4.2	kRawrAsaH	4.2	--	kRawra{puM;8;bahu}/kRawra{puM;1;bahu}/kRawrA{swrI;8;bahu}/kRawrA{swrI;1;bahu}/kRawrA{swrI;2;bahu}	kRawra{puM;1;bahu}	viSeRaNam,6.1	viSeRaNam,6.1	1	019	05	vexa	qgvexa	maNdala-1
5.1	riSa-	5.1	riSA-axasaH	riSa	riSa	samAsaH,5.2	samAsaH,5.2	1	019	05	vexa	qgvexa	maNdala-1
5.2	axasaH	5.2	--	axas{puM;1;bahu}/axas{puM;2;bahu}/axas{puM;5;eka}/axas{puM;6;eka}/axas{swrI;1;bahu}/axas{swrI;2;bahu}/axas{swrI;5;eka}/axas{swrI;6;eka}/xas1{karwari;luf;ma;eka;parasmEpaxI;xivAxiH}/axas{puM;8;bahu}/axas{swrI;8;bahu}	axas{puM;1;bahu}	viSeRaNam,6.1	viSeRaNam,6.1	1	019	05	vexa	qgvexa	maNdala-1
6.1	ye(maruwaH)	1.1	ye	yax{sarvanAma;puM;1;bahu}/yax{sarvanAma;napuM;1;xvi}/yax{sarvanAma;napuM;2;xvi}/yax{sarvanAma;swrI;1;xvi}/yax{sarvanAma;swrI;2;xvi}	yax{sarvanAma;puM;1;bahu}	karwA,7.1;sambanXaH,9.1	karwA,7.1;sambanXaH,9.1	1	019	05	vexa	qgvexa	maNdala-1
7.1	(sanwi)	-	sanwi	as2{karwari;lat;pra;bahu;parasmEpaxI;axAxiH}/saw{napuM;8;bahu}/saw{napuM;1;bahu(as2;Sawq_lat;axAxiH)}/saw{napuM;2;bahu(as2;Sawq_lat;axAxiH)}	as2{karwari;lat;pra;bahu;parasmEpaxI;axAxiH}	-	karma,11.1	1	019	05	vexa	qgvexa	maNdala-1
8.1	(wvaM)	10.1	-	yuRmax{sarvanAma;puM;1;eka}	yuRmax{sarvanAma;puM;1;eka}	karwA,11.1	-#karwA,11.1	1	019	05	vexa	qgvexa	maNdala-1
9.1	(wEH)	11.1	wEH	wax{sarvanAma;puM;3;bahu}/wax{sarvanAma;napuM;3;bahu}	wax{sarvanAma;puM;3;bahu}	viSeRaNam,10.1	viSeRaNam,10.1	1	019	05	vexa	qgvexa	maNdala-1
1.1	agne	9.1	agne	agni{puM;8;eka}	agni{puM;8;eka}	samboXyaH,13.1	samboXyaH,13.1	1	019	06	vexa	qgvexa	maNdala-1
10.1	(wEH)	12.1	wEH	wax{sarvanAma;puM;3;bahu}/wax{sarvanAma;napuM;3;bahu}	wax{sarvanAma;puM;3;bahu}	viSeRaNam,11.1	viSeRaNam,11.1	1	019	06	vexa	qgvexa	maNdala-1
11.1	maruxBiH	8.1	maruxBiH	maruw{puM;3;bahu}	maruw{puM;3;bahu}	sahArWaH,13.1	sahArWaH,13.1	1	019	06	vexa	qgvexa	maNdala-1
12.1	(wvaM)	13.1	-	yuRmax{sarvanAma;puM;1;eka}	yuRmax{sarvanAma;puM;1;eka}	karwA,13.1	-#karwA,13.1	1	019	06	vexa	qgvexa	maNdala-1
13.1	A_gahi	10.1	Agahi	Af_gam1{karwari;lot;ma;eka;parasmEpaxI;BvAxiH}	Af_gam1{karwari;lot;ma;eka;parasmEpaxI;BvAxiH}	-	-	1	019	06	vexa	qgvexa	maNdala-1
2.1	ye	1.1	ye	yax{sarvanAma;puM;1;bahu}/yax{sarvanAma;napuM;1;xvi}/yax{sarvanAma;napuM;2;xvi}/yax{sarvanAma;swrI;1;xvi}/yax{sarvanAma;swrI;2;xvi}	yax{sarvanAma;puM;1;bahu}	viSeRaNam,4.1;niwya_sambanXaH1,10.1	viSeRaNam,4.1;niwya_sambanXaH1,10.1	1	019	06	vexa	qgvexa	maNdala-1
3.1	xevAsaH	6.1	-	xeva{puM;1;bahu}	xeva{puM;1;bahu}	viSeRaNam,4.1	-#viSeRaNam,4.1	1	019	06	vexa	qgvexa	maNdala-1
4.1	(maruwaH)	11.1	-	maruw{puM;1;bahu}	maruw{puM;1;bahu}	karwA,9.1	-#karwA,9.1	1	019	06	vexa	qgvexa	maNdala-1
5.1	nAkasya	2.1	nAkasya	nAka{puM;6;eka}	nAka{puM;6;eka}	RaRTIsambanXaH,6.1	RaRTIsambanXaH,6.1	1	019	06	vexa	qgvexa	maNdala-1
6.1	aXi	3.1	-	aXi{avyayaH)	aXi{avyayaH)	aXikaraNam,9.1	aXikaraNam,9.1	1	019	06	vexa	qgvexa	maNdala-1
7.1	rocane	4.1	rocane	rocanA{swrI;8;eka}/rocana{napuM;7;eka(ruc1;lyut;BvAxiH)}	rocana{puM;7;eka(ruc;yuc;BvAxiH)}	viSeRaNam,8.1	viSeRaNam,8.1	1	019	06	vexa	qgvexa	maNdala-1
8.1	xivi	5.1	xivi	xiv{puM;7;eka}	xiv{puM;7;eka}	aXikaraNam,9.1	aXikaraNam,9.1	1	019	06	vexa	qgvexa	maNdala-1
9.1	Asawe	7.1	aXyAsawe	As1{karwari;lat;pra;bahu;AwmanepaxI;axAxiH}	As1{karwari;lat;pra;bahu;AwmanepaxI;axAxiH}	aBihiwa_karwA,2.1	-	1	019	06	vexa	qgvexa	maNdala-1
1.1	agne	8.1	agne	agni{puM;8;eka}	agni{puM;8;eka}	samboXyaH,10.1	samboXyaH,10.1	1	019	07	vexa	qgvexa	maNdala-1
10.1	A_gahi	9.1	Agahi	Af_gam1{karwari;lot;ma;eka;parasmEpaxI;BvAxiH}	Af_gam1{karwari;lot;ma;eka;parasmEpaxI;BvAxiH}	-	-	1	019	07	vexa	qgvexa	maNdala-1
2.1	ye	1.1	ye	yax{sarvanAma;puM;1;bahu}/yax{sarvanAma;napuM;1;xvi}/yax{sarvanAma;napuM;2;xvi}/yax{sarvanAma;swrI;1;xvi}/yax{sarvanAma;swrI;2;xvi}	yax{sarvanAma;puM;1;bahu}	karwA,4.1;niwya_sambanXaH1,8.1	karwA,4.1;niwya_sambanXaH1,8.1	1	019	07	vexa	qgvexa	maNdala-1
3.1	parvawAn	3.1	parvawAn	parvawa{puM;2;bahu}	parvawa{puM;2;bahu}	karma,4.1	karma,4.1	1	019	07	vexa	qgvexa	maNdala-1
4.1	IfKayanwi	2.1	IfKayanwi	IK1{Nic;karwari;lat;pra;bahu;parasmEpaxI;BvAxiH}	IK1{Nic;karwari;lat;pra;bahu;parasmEpaxI;BvAxiH}	aBihiwa_karwA,2.1;sakarmaka	-	1	019	07	vexa	qgvexa	maNdala-1
5.1	arNavaM	6.1	arNavaM	arNava{puM;2;eka}	arNava{puM;2;eka}	viSeRaNam,6.1	viSeRaNam,6.1	1	019	07	vexa	qgvexa	maNdala-1
6.1	samuxraM	5.1	samuxraM	samuxra{puM;2;eka}/samuxra{napuM;1;eka}/samuxra{napuM;2;eka}	samuxra{puM;2;eka}	karma,7.1	karma,7.1	1	019	07	vexa	qgvexa	maNdala-1
7.1	wiras_(kurvanwi)	4	wiraskurvanwi	wiras_kq3{karwari;lat;pra;bahu;parasmEpaxI;wanAxiH}/wiraskurvaw{napuM;1;bahu(wiras_kq2;Sawq_lat;svAxiH)}/wiraskurvaw{napuM;2;bahu(wiras_kq2;Sawq_lat;svAxiH)}	wiras_kq3{karwari;lat;pra;bahu;parasmEpaxI;wanAxiH}	-	karma,10.1	1	019	07	vexa	qgvexa	maNdala-1
8.1	(wEH)	10.1	wEH	wax{sarvanAma;puM;3;bahu}/wax{sarvanAma;napuM;3;bahu}	wax{sarvanAma;puM;3;bahu}	viSeRaNam,9.1	viSeRaNam,9.1	1	019	07	vexa	qgvexa	maNdala-1
9.1	maruxBiH	7.1	maruxBiH	maruw{puM;3;bahu}	maruw{puM;3;bahu}	sahArWaH,10.1	sahArWaH,10.1	1	019	07	vexa	qgvexa	maNdala-1
1.1	agne	8.1	-	agni{samboXyaH;1;eka}	agni{samboXyaH;8;eka}	samboXyaH,10.1	-#samboXyaH,10.1	1	019	08	vexa	qgvexa	maNdala-1
10.1	A_gahi	9.1	Agahi	Af_gam1{karwari;lot;ma;eka;parasmEpaxI;BvAxiH}	Af_gam1{karwari;lot;ma;eka;parasmEpaxI;BvAxiH}	-	-	1	019	08	vexa	qgvexa	maNdala-1
2.1	ye	1.1	ye	yax{sarvanAma;puM;1;bahu}/yax{sarvanAma;napuM;1;xvi}/yax{sarvanAma;napuM;2;xvi}/yax{sarvanAma;swrI;1;xvi}/yax{sarvanAma;swrI;2;xvi}	yax{sarvanAma;puM;1;bahu}	karwA,4.1;karwA,7.1;niwya_sambanXaH1,8.1	karwA,4.1;karwA,7.1;niwya_sambanXaH1,8.1	1	019	08	vexa	qgvexa	maNdala-1
3.1	raSmiBiH	3.1	raSmiBiH	raSmi{puM;3;bahu}	raSmi{puM;3;bahu}	sahArWaH,4.1	sahArWaH,4.1	1	019	08	vexa	qgvexa	maNdala-1
4.1	A_wanvanwi	1,3	Awanvanwi	Af_wan1{karwari;lat;pra;bahu;parasmEpaxI;wanAxiH}/Awanvaw{napuM;1;bahu(Af_wan1;Sawq_lat;wanAxiH)}/Awanvaw{napuM;2;bahu(Af_wan1;Sawq_lat;wanAxiH)}	Af_wan1{karwari;lat;pra;bahu;parasmEpaxI;wanAxiH}	aBihiwa_karwA,2.1	viSeRaNam,7.1#karma,10.1#varwamAnasamAnakAlaH,7.1#karwA,7.1	1	019	08	vexa	qgvexa	maNdala-1
5.1	ojasA	6.1	ojasA	ojas{napuM;3;eka}	ojas{napuM;3;eka}	karaNam,7.1	karaNam,7.1	1	019	08	vexa	qgvexa	maNdala-1
6.1	samuxraM	5.1	samuxraM	samuxra{puM;2;eka}/samuxra{napuM;1;eka}/samuxra{napuM;2;eka}	samuxra{puM;2;eka}	karma,7.1	karma,7.1	1	019	08	vexa	qgvexa	maNdala-1
7.1	wiras_(kurvanwi)	5,	wiraskurvanwi	wiras_kq3{karwari;lat;pra;bahu;parasmEpaxI;wanAxiH}/wiraskurvaw{napuM;1;bahu(wiras_kq2;Sawq_lat;svAxiH)}/wiraskurvaw{napuM;2;bahu(wiras_kq2;Sawq_lat;svAxiH)}	wiras_kq3{karwari;lat;pra;bahu;parasmEpaxI;wanAxiH}	-	viSeRaNam,4.1#karma,10.1	1	019	08	vexa	qgvexa	maNdala-1
8.1	(wEH)	10.1	wEH	wax{sarvanAma;puM;3;bahu}/wax{sarvanAma;napuM;3;bahu}	wax{sarvanAma;puM;3;bahu}	viSeRaNam,9.1	viSeRaNam,9.1	1	019	08	vexa	qgvexa	maNdala-1
9.1	maruxBiH	7.1	maruxBiH	maruw{puM;3;bahu}	maruw{puM;3;bahu}	sahArWaH,10.1	sahArWaH,10.1	1	019	08	vexa	qgvexa	maNdala-1
1.1	agne	8.1	agne	agni{puM;8;eka}	agni{puM;8;eka}	samboXyaH,10.1	samboXyaH,10.1	1	019	09	vexa	qgvexa	maNdala-1
10.1	A_gahi	9.1	Agahi	Af_gam1{karwari;lot;ma;eka;parasmEpaxI;BvAxiH}	Af_gam1{karwari;lot;ma;eka;parasmEpaxI;BvAxiH}	-	-	1	019	09	vexa	qgvexa	maNdala-1
2.1	somyaM	5.1	somyaM	somya{napuM;2;eka}/somya{napuM;1;eka}/somya{napuM;2;eka}	somya{napuM;2;eka}	viSeRaNam,3.1	viSeRaNam,3.1	1	019	09	vexa	qgvexa	maNdala-1
3.1	maXu	6.1	maXu	maXu{napuM;1;eka}/maXu{napuM;2;eka}/maXu{napuM;8;eka}	maXu{napuM;2;eka}	karma,7.1	karma,7.1	1	019	09	vexa	qgvexa	maNdala-1
4.1	pUrva-	3.1	pUrva-pIwaye	pUrva	pUrva	samAsaH,4.2	samAsaH,4.2	1	019	09	vexa	qgvexa	maNdala-1
4.2	pIwaye	3.2	--	pIwi{puM;4;eka}	pIwi{puM;4;eka}	prayojanam,7.1	prayojanam,7.1	1	019	09	vexa	qgvexa	maNdala-1
5.1	wvA	2.1	wvA	yuRmax{sarvanAma;2;eka}	yuRmax{sarvanAma;2;eka}	karmapravacanIya_anviwaH,7.1	karmapravacanIya_anviwaH,7.1	1	019	09	vexa	qgvexa	maNdala-1
6.1	aBi	1.1	-	aBi{avyayaH}	aBi{avyayaH}	karmapravacanIyaH,5.1	-#karmapravacanIyaH,5.1	1	019	09	vexa	qgvexa	maNdala-1
7.1	sqjAmi	4.1	sqjAmi	sqj2{karwari;lat;u;eka;parasmEpaxI;wuxAxiH}	aBi_sqj2{karwari;lat;u;eka;parasmEpaxI;wuxAxiH}	-	-	1	019	09	vexa	qgvexa	maNdala-1
8.1	(wvaM)	10.1	-	yuRmaxsarvanAma;1;eka}	yuRmaxsarvanAma;1;eka}	karwA,10.1	-#karwA,10.1	1	019	09	vexa	qgvexa	maNdala-1
9.1	maruxBiH	7.1	maruxBiH	maruw{puM;3;bahu}	maruw{puM;3;bahu}	sahArWaH,10.1	sahArWaH,10.1	1	019	09	vexa	qgvexa	maNdala-1
1.1	xevAya	2.1	xevAya	xeva{puM;4;eka}	xeva{puM;4;eka}	prayojanam,8.1	prayojanam,8.1	1	020	01	vexa	qgvexa	maNdala-1
2.1	janmane	3.1	janmane	janman{napuM;4;eka}	janman{napuM;4;eka}	viSeRaNam,1.1	viSeRaNam,1.1	1	020	01	vexa	qgvexa	maNdala-1
3.1	rawna-	8.1	rawna-XAwamaH	rawna	rawna	samAsaH,3.2	samAsaH,3.2	1	020	01	vexa	qgvexa	maNdala-1
3.2	XAwamaH	8.2	--	XAwama{puM;1;eka}	XAwama{puM;1;eka}	viSeRaNam,5.1	viSeRaNam,5.1	1	020	01	vexa	qgvexa	maNdala-1
4.1	ayaM	1.1	ayaM	ixam{sarvanAma;puM;1;eka}/aya{puM;2;eka}	ixam{sarvanAma;puM;1;eka}	viSeRaNam,5.1	viSeRaNam,5.1	1	020	01	vexa	qgvexa	maNdala-1
5.1	swomaH	4.1	swomaH	swoma{puM;1;eka}	swoma{puM;1;eka}	karma,8.1	karma,8.1	1	020	01	vexa	qgvexa	maNdala-1
6.1	vipreBiH	5.1	vipreBiH	vipra{puM;3;bahu}	vipra{puM;3;bahu}	karwA,8.1	karwA,8.1	1	020	01	vexa	qgvexa	maNdala-1
7.1	AsayA	6.1	AsayA	Asya{napuM;3;eka}/Asya{puM;3;eka(as1;Nyaw;BvAxiH)}/Asya{napuM;3;eka(as1;Nyaw;BvAxiH)}/Asya{puM;3;eka(as3;Nyaw;xivAxiH)}/Asya{napuM;3;eka(as3;Nyaw;xivAxiH)}/Asya{puM;3;eka(As1;Nyaw;axAxiH)}/Asya{napuM;3;eka(As1;Nyaw;axAxiH)}	Asya{puM;3;eka(as1;Nyaw;BvAxiH)}	karaNam,8.1	karaNam,8.1	1	020	01	vexa	qgvexa	maNdala-1
8.1	akAri	7.1	akAri	kq2{karmaNi;luf;pra;eka;AwmanepaxI;svAxiH}/kq3{karmaNi;luf;pra;eka;AwmanepaxI;wanAxiH}/kQ1{karmaNi;luf;pra;eka;AwmanepaxI;wuxAxiH}	kq2{karmaNi;luf;pra;eka;AwmanepaxI;svAxiH}	-	-	1	020	01	vexa	qgvexa	maNdala-1
1.1	ye	1.1	ye	yax{sarvanAma;puM;1;bahu}/yax{sarvanAma;napuM;1;xvi}/yax{sarvanAma;napuM;2;xvi}/yax{sarvanAma;swrI;1;xvi}/yax{sarvanAma;swrI;2;xvi}	yax{sarvanAma;puM;1;bahu}	karwA,6.1;niwya_sambanXaH1,7.1	karwA,6.1;niwya_sambanXaH1,7.1	1	020	02	vexa	qgvexa	maNdala-1
10.1	ASawa	9.1	ASawa	aS1{karwari;laf;pra;bahu;AwmanepaxI;svAxiH}	aS1{karwari;laf;pra;bahu;AwmanepaxI;svAxiH}	aBihiwa_karwA,7.1;sakarmaka	-	1	020	02	vexa	qgvexa	maNdala-1
2.1	manasA	5.1	manasA	manas{napuM;3;eka}/manasA{swrI;1;eka}	manas{napuM;3;eka}	karaNam,6.1	karaNam,6.1	1	020	02	vexa	qgvexa	maNdala-1
3.1	vaco-	3.1	vaco-yujA	vacas	vacas	samAsaH,3.2	samAsaH,3.2	1	020	02	vexa	qgvexa	maNdala-1
3.2	yujA	3.2	--	yuj{puM;2;xvi}	yuj{puM;2;xvi}	viSeRaNam,4.1	viSeRaNam,4.1	1	020	02	vexa	qgvexa	maNdala-1
4.1	harI	6.1	harI	hari{puM;1;xvi}/hari{puM;2;xvi}/harI{swrI;1;eka}/hari{puM;8;xvi}	hari{puM;2;xvi}	karma,6.1	karma,6.1	1	020	02	vexa	qgvexa	maNdala-1
5.1	inxrAya	2.1	inxrAya	inxra{puM;4;eka}	inxra{puM;4;eka}	prayojanam,6.1	prayojanam,6.1	1	020	02	vexa	qgvexa	maNdala-1
6.1	wawakRuH	4.1	wawakRuH	wakR1{karwari;lit;pra;bahu;parasmEpaxI;BvAxiH}	wakR1{karwari;lit;pra;bahu;parasmEpaxI;BvAxiH}	aBihiwa_karwA,1.1;sakarmaka	-	1	020	02	vexa	qgvexa	maNdala-1
7.1	(we)	-	we	wax{sarvanAma;puM;1;bahu}/wax{sarvanAma;napuM;1;xvi}/wax{sarvanAma;napuM;2;xvi}/wax{sarvanAma;swrI;1;xvi}/wax{sarvanAma;swrI;2;xvi}/yuRmax{sarvanAma;6;eka}/yuRmax{sarvanAma;4;eka}	wax{sarvanAma;puM;1;bahu}	karwA,10.1	karwA,10.1	1	020	02	vexa	qgvexa	maNdala-1
8.1	SamIBiH(karmaBiH)	7.1	SamIBiH	SamI{swrI;3;bahu}	SamI{swrI;3;bahu}	karaNam,10.1	karaNam,10.1	1	020	02	vexa	qgvexa	maNdala-1
9.1	yajFam	8.1	yajFam	yajFa{puM;2;eka}	yajFa{puM;2;eka}	karma,10.1	karma,10.1	1	020	02	vexa	qgvexa	maNdala-1
1.1	nAsawyAByAm	2.1	nAsawyAByAm	nAsawyA{swrI;3;xvi}/nAsawyA{swrI;4;xvi}/nAsawyA{swrI;5;xvi}	nAsawyA{swrI;4;xvi}	prayojanam,5.1	prayojanam,5.1	1	020	03	vexa	qgvexa	maNdala-1
2.1	parijmAnaM	3.1	parijmAnaM	parijman{puM;2;eka}	parijman{puM;2;eka}	viSeRaNam,4.1	viSeRaNam,4.1	1	020	03	vexa	qgvexa	maNdala-1
3.1	suKaM	4.1	suKaM	suKam{avya}/suKa{puM;2;eka}/suKa{napuM;1;eka}/suKa{napuM;2;eka}	suKa{puM;2;eka}	viSeRaNam,4.1	viSeRaNam,4.1	1	020	03	vexa	qgvexa	maNdala-1
4.1	raWaM	5.1	raWaM	raWa{puM;2;eka}	raWa{puM;2;eka}	karma,5.1	karma,5.1	1	020	03	vexa	qgvexa	maNdala-1
5.1	wakRan	1.1	awakRan	wakR1{karwari;laf;pra;bahu;parasmEpaxI;BvAxiH}	wakR1{karwari;laf;pra;bahu;parasmEpaxI;BvAxiH}	-	-	1	020	03	vexa	qgvexa	maNdala-1
6.1	sabar-	8.1	sabar-xuGAM	sabar	sabar	samAsaH,6.2	samAsaH,6.2	1	020	03	vexa	qgvexa	maNdala-1
6.2	xuGAM	8.2	--	xuGA{swrI;2;eka}	xuGA{swrI;2;eka}	viSeRaNam,7.1	viSeRaNam,7.1	1	020	03	vexa	qgvexa	maNdala-1
7.1	XenuM	7.1	XenuM	Xenu{swrI;2;eka}	Xenu{swrI;2;eka}	karma,8.1	karma,8.1	1	020	03	vexa	qgvexa	maNdala-1
8.1	wakRan	6.1	wakRan	wakR1{karwari;laf;pra;bahu;parasmEpaxI;BvAxiH}	wakR1{karwari;laf;pra;bahu;parasmEpaxI;BvAxiH}	-	-	1	020	03	vexa	qgvexa	maNdala-1
1.1	sawya-	4.1	sawya-manwrAH	sawya	sawya	samAsaH,1.2	samAsaH,1.2	1	020	04	vexa	qgvexa	maNdala-1
1.2	manwrAH	4.2	--	manwra{puM;1;bahu}/manwra{puM;8;bahu}/manwrA{swrI;8;bahu}/manwrA{swrI;1;bahu}/manwrA{swrI;2;bahu}	manwrA{swrI;1;bahu}	viSeRaNam,4.1	viSeRaNam,4.1	1	020	04	vexa	qgvexa	maNdala-1
2.1	qjUyavaH	5.1	qjUyavaH	qjUyu{puM;1;bahu}	qjUyu{puM;1;bahu}	viSeRaNam,4.1	viSeRaNam,4.1	1	020	04	vexa	qgvexa	maNdala-1
3.1	viRtI(viRtayaH)	7.1	viRtI	viRti{swrI;1;bahu}	viRti{swrI;1;bahu}	viSeRaNam,4.1	viSeRaNam,4.1	1	020	04	vexa	qgvexa	maNdala-1
4.1	qBavaH	6.1	qBavaH	qBu{puM;1;bahu}/qBu{puM;8;bahu}	qBu{puM;1;bahu}	karwA,8.1	karwA,8.1	1	020	04	vexa	qgvexa	maNdala-1
5.1	piwarA(piwarO)	2.1	piwarA	piwq{puM;1;xvi}/piwq{puM;2;xvi}/piwq{puM;8;xvi}	piwq{puM;2;xvi}	karma,8.1	karma,8.1	1	020	04	vexa	qgvexa	maNdala-1
6.1	punaH	3.1	punaH	punaH{avya}	punaH{avya}	kriyAviSeRaNam,8.1	kriyAviSeRaNam,8.1	1	020	04	vexa	qgvexa	maNdala-1
7.1	yuvAnA(yuvAnO)	1.1	yuvAnA	yuvan{puM;1;xvi}/yuvan{puM;2;xvi}/yuvan{puM;8;xvi}	yuvan{puM;2;xvi}	karmasamAnAXikaraNam,5.1	karmasamAnAXikaraNam,5.1	1	020	04	vexa	qgvexa	maNdala-1
8.1	akrawa	8.1	akrawa	kq2{karmaNi;luf;pra;bahu;AwmanepaxI;svAxiH}/kq3{karmaNi;luf;pra;bahu;AwmanepaxI;wanAxiH}/kq2{karwari;luf;pra;bahu;AwmanepaxI;svAxiH}/kq3{karwari;luf;pra;bahu;AwmanepaxI;wanAxiH}/kqR2{karwari;laf;pra;eka;AwmanepaxI;wuxAxiH}/kqR2{karwari;laf;ma;bahu;parasmEpaxI;wuxAxiH}	kq2{karwari;luf;pra;bahu;AwmanepaxI;svAxiH}	aBihiwa_karwA,4.1	-	1	020	04	vexa	qgvexa	maNdala-1
1.1	vaH	1.1	vaH	yuRmax{sarvanAma;2;bahu}/yuRmax{sarvanAma;6;bahu}/yuRmax{sarvanAma;4;bahu}	yuRmax{sarvanAma;6;bahu}	RaRTIsambanXaH,2.1	RaRTIsambanXaH,2.1	1	020	05	vexa	qgvexa	maNdala-1
2.1	maxAsaH	2.1	maxAsaH	maxa{puM;1;bahu}/maxa{puM;8;bahu}	maxa{puM;1;bahu}	karwA,9.1	karwA,9.1	1	020	05	vexa	qgvexa	maNdala-1
3.1	maruwvawA	6.1	maruwvawA	maruw{mawup;puM;3;eka}/maruw{mawup;napuM;3;eka}	maruw{mawup;puM;3;eka}	viSeRaNam,4.1	viSeRaNam,4.1	1	020	05	vexa	qgvexa	maNdala-1
4.1	inxreNa	4.1	inxreNa	inxra{puM;3;eka}	inxra{puM;3;eka}	sahArWaH,9.1	sahArWaH,9.1	1	020	05	vexa	qgvexa	maNdala-1
5.1	ca	5.1	ca	ca{avya}	ca{avya}	samuccaya_xyowakaH,4.1	samuccaya_xyowakaH,4.1	1	020	05	vexa	qgvexa	maNdala-1
6.1	rAjaBiH	9.1	rAjaBiH	rAjan{puM;3;bahu}	rAjan{puM;3;bahu}	viSeRaNam,7.1	viSeRaNam,7.1	1	020	05	vexa	qgvexa	maNdala-1
7.1	AxiwyeBiH	7.1	AxiwyeBiH	Axiwya{puM;3;bahu}	Axiwya{puM;3;bahu}	samucciwam,4.1	samucciwam,4.1	1	020	05	vexa	qgvexa	maNdala-1
8.1	ca	8.1	ca	ca{avya}	ca{avya}	samuccaya_xyowakaH,7.1	samuccaya_xyowakaH,7.1	1	020	05	vexa	qgvexa	maNdala-1
9.1	sam_agmawa	3.1	sam_agmawa	sam_gam1{karwari;luf;pra;bahu;parasmEpaxI;BvAxiH}	sam_gam1{karwari;luf;pra;bahu;parasmEpaxI;BvAxiH}	aBihiwa_karwA,2.1	-	1	020	05	vexa	qgvexa	maNdala-1
1.1	uwa	1.1	uwa	uwa{avya}	uwa{avya}	sambanXaH,7.2	sambanXaH,7.2	1	020	06	vexa	qgvexa	maNdala-1
10.1	punaH	10.1	punaH	punaH{avya}	punaH{avya}	kriyAviSeRaNam,13.1	kriyAviSeRaNam,13.1	1	020	06	vexa	qgvexa	maNdala-1
11.1	cawuraH	9.1	cawuraH	cawur{saMKyeyam;puM;2;bahu}/cawura{puM;1;eka}	cawur{saMKyA;puM;2;bahu}	karmasamAnAXikaraNam,13.1	karmasamAnAXikaraNam,13.1	1	020	06	vexa	qgvexa	maNdala-1
12.1	(qBavaH)	13.1	-	qBu{puM;1;bahu}	qBu{puM;1;bahu}	karwA,13.1	karwA,13.1	1	020	06	vexa	qgvexa	maNdala-1
13.1	akarwa	8.1	akarwa	kq2{karmaNi;luf;pra;bahu;AwmanepaxI;svAxiH}/kq3{karmaNi;luf;pra;bahu;AwmanepaxI;wanAxiH}/kq2{karwari;luf;pra;bahu;AwmanepaxI;svAxiH}/kq3{karwari;luf;pra;bahu;AwmanepaxI;wanAxiH}/kqR2{karwari;laf;pra;eka;AwmanepaxI;wuxAxiH}/kqR2{karwari;laf;ma;bahu;parasmEpaxI;wuxAxiH}	kqR2{karwari;laf;pra;eka;AwmanepaxI;wuxAxiH}	aBihiwa_karwA,6.1;sakarmaka	-	1	020	06	vexa	qgvexa	maNdala-1
2.1	wvaRtuH	5.1	wvaRtuH	wvaRtq{puM;5;eka(wvakR1;wqc;BvAxiH)}/wvaRtq{puM;6;eka(wvakR1;wqc;BvAxiH)}/wvaRtq{napuM;5;eka(wvakR1;wqc;BvAxiH)}/wvaRtq{napuM;6;eka(wvakR1;wqc;BvAxiH)}	wvaRtq{puM;6;eka(wvakR1;wqc;BvAxiH)}	viSeRaNam,3.1	viSeRaNam,3.1	1	020	06	vexa	qgvexa	maNdala-1
3.1	xevasya	6.1	xevasya	xeva{puM;6;eka}	xeva{puM;6;eka}	RaRTIsambanXaH,6.1	RaRTIsambanXaH,6.1	1	020	06	vexa	qgvexa	maNdala-1
4.1	wyaM	2.1	wyaM	wyax{sarvanAma,puM;2;eka	wyax{sarvanAma,puM;2;eka	viSeRaNam,6.1	viSeRaNam,6.1	1	020	06	vexa	qgvexa	maNdala-1
5.1	navaM	4.1	navaM	nava{puM;2;eka}/nava{napuM;1;eka}/nava{napuM;2;eka}	nava{napuM;2;eka}	viSeRaNam,6.1	viSeRaNam,6.1	1	020	06	vexa	qgvexa	maNdala-1
6.1	camasaM	3.1	camasaM	camasa{puM;2;eka}	camasa{puM;2;eka}	karma,7.2	karma,7.2	1	020	06	vexa	qgvexa	maNdala-1
7.1	nis-	7.1	-	nis	nis	samAsaH,7.2	samAsaH,7.2	1	020	06	vexa	qgvexa	maNdala-1
7.2	kqwaM	7.2	-	kqwa{puM;2;eka(kq2;kwa;svAxiH)}/kqwa{napuM;1;eka(kq2;kwa;svAxiH)}/kqwa{napuM;2;eka(kq2;kwa;svAxiH)}/kqwa{puM;2;eka(kq3;kwa;wanAxiH)}/kqwa{napuM;1;eka(kq3;kwa;wanAxiH)}/kqwa{napuM;2;eka(kq3;kwa;wanAxiH)}	kqwa{napuM;2;eka(kq2;kwa;svAxiH)}	karma,8.1	-#karma,8.1	1	020	06	vexa	qgvexa	maNdala-1
8.1	(akarow)	11.1	-	kq{kq;laf;pra;eka;wanAxiH}	kq{kq;laf;pra;eka;wanAxiH}	aBihiwa_karwA,7.2;sakarmaka	-	1	020	06	vexa	qgvexa	maNdala-1
9.1	(camasaM)	12.1	-	camasa{puM;2;eka}	camasa{puM;2;eka}	karma,13.1	karma,13.1	1	020	06	vexa	qgvexa	maNdala-1
1.1	we(yUyaM)	1.1	we	wax{sarvanAma;puM;1;bahu}/wax{sarvanAma;napuM;1;xvi}/wax{sarvanAma;napuM;2;xvi}/wax{sarvanAma;swrI;1;xvi}/wax{sarvanAma;swrI;2;xvi}/yuRmax{sarvanAma;6;eka}/yuRmax{sarvanAma;4;eka}	wax{sarvanAma;puM;1;bahu}	karwA,10.1	karwA,10.1	1	020	07	vexa	qgvexa	maNdala-1
10.1	Xawwana	4.1	Xawwana	XA1{karwari;lot;ma;bahu;parasmEpaxI;juhowyAxiH}	XA1{karwari;lot;ma;bahu;parasmEpaxI;juhowyAxiH}	-	-	1	020	07	vexa	qgvexa	maNdala-1
2.1	su-	10.1	su-SaswiBiH	su	su	samAsaH,2.2	samAsaH,2.2	1	020	07	vexa	qgvexa	maNdala-1
2.2	SaswiBiH	10.2	--	Saswi{swrI;3;bahu}/Saswi{napuM;3;bahu}/Saswi{puM;3;bahu}	Saswi{swrI;3;bahu}	karaNam,10.1	karaNam,10.1	1	020	07	vexa	qgvexa	maNdala-1
3.1	naH	2.1	naH	asmax{sarvanAma;2;bahu}/asmax{sarvanAma;6;bahu}/asmax{sarvanAma;4;bahu}/nq{puM;8;eka}	asmax{sarvanAma;6;bahu}	RaRTIsambanXaH,8.1	RaRTIsambanXaH,8.1	1	020	07	vexa	qgvexa	maNdala-1
4.1	sunvawe	8.1	sunvawe	Ru3{karwari;lat;pra;bahu;AwmanepaxI;svAxiH}/sunvaw{puM;4;eka(Ru3;Sawq_lat;svAxiH)}/sunvaw{napuM;4;eka(Ru3;Sawq_lat;svAxiH)}	sunvaw{puM;4;eka(Ru;Sawq_lat;svAxiH)}	sampraxAnam,10.1	sampraxAnam,10.1	1	020	07	vexa	qgvexa	maNdala-1
5.1	wriH	5.1	wriH	wris{avyayam}	wris{avyayam}	viSeRaNam,8.1	viSeRaNam,8.1	1	020	07	vexa	qgvexa	maNdala-1
6.1	A	6.1	A	A{upasargaH}	A{upasargaH}	sambanXaH,5.1	sambanXaH,5.1	1	020	07	vexa	qgvexa	maNdala-1
7.1	sApwAni	7.1	sApwAni	sapwa{napuM;2;bahu}	sapwa{napuM;2;bahu}	viSeRaNam,8.1	viSeRaNam,8.1	1	020	07	vexa	qgvexa	maNdala-1
8.1	rawnAni	3.1	rawnAni	rawna{napuM;1;bahu}/rawna{napuM;2;bahu}/rawna{napuM;8;bahu}	rawna{napuM;2;bahu}	karma,10.1	karma,10.1	1	020	07	vexa	qgvexa	maNdala-1
9.1	ekaM-	9.1	ekaM-ekaM	ekaM	ekaM	samAsaH,9.2	samAsaH,9.2	1	020	07	vexa	qgvexa	maNdala-1
9.2	ekaM	9.2	--	eka{saMKyeyam;puM;2;eka}/eka{saMKyeyam;napuM;1;eka}/eka{saMKyeyam;napuM;2;eka}/eka{saMKyA;napuM;1;eka}/eka{saMKyA;napuM;2;eka}/eka{puM;2;eka}/eka{napuM;1;eka}/eka{napuM;2;eka}	eka{saMKyeyam;puM;2;eka}	karmasamAnAXikaraNam,8.1	karmasamAnAXikaraNam,10.1	1	020	07	vexa	qgvexa	maNdala-1
1.1	vahnayaH	2.1	vahnayaH	vahni{puM;1;bahu}/vahni{puM;8;bahu}	vahni{puM;1;bahu}	viSeRaNam,2.1	viSeRaNam,2.1	1	020	08	vexa	qgvexa	maNdala-1
2.1	(qBavaH)	8.1	-	qBu{puM;1;bahu}	qBu{puM;1;bahu}	karwA,4.1;karwA,9.1	-#karwA,4.1	1	020	08	vexa	qgvexa	maNdala-1
3.1	(amqwawvaM)	9.1	-	amqwawva{puM;2;eka}	amqwawva{puM;2;eka}	karma,4.1	-#karma,4.1	1	020	08	vexa	qgvexa	maNdala-1
4.1	aXArayanwa	1.1	-	Xq2{Nic;karwari;laf;pra;bahu;AwmanepaxI;BvAxiH}	Xq{Nic;karwari;laf;pra;bahu;AwmanepaxI;BvAxiH}	-	-	1	020	08	vexa	qgvexa	maNdala-1
5.1	su-	4.1	su-kqwyayA	su	su	samAsaH,5.2	samAsaH,5.2	1	020	08	vexa	qgvexa	maNdala-1
5.2	kqwyayA	4.2	--	kqwyA{swrI;3;eka(kqw1;Nyaw;wuxAxiH)}	kqwyA{swrI;3;eka(kqw1;Nyaw;wuxAxiH)}	karaNam,9.1	karaNam,9.1	1	020	08	vexa	qgvexa	maNdala-1
6.1	xeveRu	6.1	xeveRu	xeva{puM;7;bahu}	xeva{puM;7;bahu}	aXikaraNam,9.1	aXikaraNam,9.1	1	020	08	vexa	qgvexa	maNdala-1
7.1	yajFiyaM	7.1	yajFiyaM	yajFiya{puM;2;eka}/yajFiya{napuM;1;eka}/yajFiya{napuM;2;eka}	yajFiya{puM;2;eka}	viSeRaNam,8.1	viSeRaNam,8.1	1	020	08	vexa	qgvexa	maNdala-1
8.1	BAgaM	5.1	BAgaM	BAga{puM;2;eka}/BAga{napuM;1;eka}/BAga{napuM;2;eka}	BAga{puM;2;eka}	karma,9.1	karma,9.1	1	020	08	vexa	qgvexa	maNdala-1
9.1	aBajanwa	3.1	aBajanwa	Baj1{karwari;laf;pra;bahu;AwmanepaxI;BvAxiH}	Baj1{karwari;laf;pra;bahu;AwmanepaxI;BvAxiH}	aBihiwa_karwA,2.1	,#aBihiwa_karwA,	1	020	08	vexa	qgvexa	maNdala-1
1.1	iha	1.1	iha	iha{avya}	iha{avya}	xeSAXikaraNam,5.1	xeSAXikaraNam,5.1	1	021	01	vexa	qgvexa	maNdala-1
10.1	uSmasi	7.1	uSmasi	vaS1{karwari;lat;u;bahu;parasmEpaxI;axAxiH}	vaS1{karwari;lat;u;bahu;parasmEpaxI;axAxiH}	aBihiwa_karwA,9.1;sakarmaka	-	1	021	01	vexa	qgvexa	maNdala-1
11.1	somapAwamA(somapAwamO)	10.1	-	somapA{wamap;puM;1;xvi}/somapA{wamap;puM;2;xvi}	somapAwama{puM;1;xvi(somapA;wamap}	viSeRaNam,12.1	-#viSeRaNam,12.1	1	021	01	vexa	qgvexa	maNdala-1
12.1	wA(wO)	8.1	-	wax{sarvanAma;puM;1;xvi}/wax{sarvanAma;puM;2;xvi}	wax{sarvanAma;puM;1;xvi}	karwA,14.1	-#karwA,14.1	1	021	01	vexa	qgvexa	maNdala-1
13.1	somaM	9.1	-	soma{puM;2;eka}	soma{puM;2;eka}	karma,14.1	-#karma,14.1	1	021	01	vexa	qgvexa	maNdala-1
14.1	(pibawAm)	14.1	-	pA1{karwari;lot;pra;xvi;parasmEpaxI;BvAxiH}/pibaw{puM;6;bahu(pA1;Sawq_lat;BvAxiH)}/pibaw{napuM;6;bahu(pA1;Sawq_lat;BvAxiH)}	pA1{karwari;lot;pra;xvi;parasmEpaxI;BvAxiH}	-	-	1	021	01	vexa	qgvexa	maNdala-1
2.1	(yO)	11.1	yO	yax{sarvanAma;puM;1;xvi}/yax{sarvanAma;puM;2;xvi}	yax{sarvanAma;puM;2;xvi}	viSeRaNam,3.2;niwya_sambanXaH,12.1	viSeRaNam,3.2;niwya_sambanXaH1,12.1.1	1	021	01	vexa	qgvexa	maNdala-1
3.1	inxra-	2.1	inxra-agnI	inxra	inxra	samAsaH,3.2	samAsaH,3.2	1	021	01	vexa	qgvexa	maNdala-1
3.2	agnI	2.2	--	agni{puM;1;xvi}/agni{puM;2;xvi}/agni{puM;8;xvi}	agni{puM;2;xvi}	karma,5.1	karma,5.1	1	021	01	vexa	qgvexa	maNdala-1
4.1	(ahaM)	12.1	upa_hvaye	asmax{sarvanAma;puM;1;eka}	asmax{sarvanAma;puM;1;eka}	karwA,5.1	-#karwA,5.1	1	021	01	vexa	qgvexa	maNdala-1
5.1	upa_hvaye	3.1	-	upa_hve{karwari;lat;u;eka;AwpamanexI;BvAxiH}	upa_hve{karwari;lat;u;eka;AwpamanexI;BvAxiH}	-	-	1	021	01	vexa	qgvexa	maNdala-1
6.1	wayoH	4.1	wayoH	wax{sarvanAma;puM;6;xvi}/wax{sarvanAma;napuM;6;xvi}/wax{sarvanAma;swrI;6;xvi}/wax{sarvanAma;puM;7;xvi}/wax{sarvanAma;napuM;7;xvi}/wax{sarvanAma;swrI;7;xvi}	wax{sarvanAma;puM;6;xvi}	RaRTIsambanXaH,8.1	RaRTIsambanXaH,8.1	1	021	01	vexa	qgvexa	maNdala-1
7.1	iw(eva)	5.1	iw	eva{avya}	iw(eva){avya}	sambanXaH,6.1	sambanXaH,6.1	1	021	01	vexa	qgvexa	maNdala-1
8.1	swomaM	6.1	swomaM	swoma{puM;2;eka}	swoma{puM;2;eka}	karma,10.1	karma,10.1	1	021	01	vexa	qgvexa	maNdala-1
9.1	(vayaM)	13.1	vayaM	asmax{sarvanAma;1;bahu}	asmax{sarvanAma;1;bahu}	karwA,10.1	karwA,10.1	1	021	01	vexa	qgvexa	maNdala-1
1.1	naraH	6.1	naraH	nq{puM;1;bahu}/nara{puM;1;eka}/nq{puM;8;bahu}	nq{puM;8;bahu}	samboXyaH,6.1	viSeRaNam,2.1	1	021	02	vexa	qgvexa	maNdala-1
10.1	gAyawreRu	8.1	gAyawreRu	gAyawra{puM;7;bahu}/gAyawra{napuM;7;bahu}	gAyawra{puM;7;bahu}	aXikaraNam,11.1	aXikaraNam,11.1	1	021	02	vexa	qgvexa	maNdala-1
11.1	gAyawa	9.1	gAyawa	gE1{karwari;lot;ma;bahu;parasmEpaxI;BvAxiH}	gE1{karwari;lot;ma;bahu;parasmEpaxI;BvAxiH}	-	-	1	021	02	vexa	qgvexa	maNdala-1
2.1	(yUyaM)	10.1	yUyaM	yuRmax{sarvanAma;1;bahu}	yuRmax{sarvanAma;1;bahu}	karwA,6.1;karwA,11.1	karwA,6.1;karwA,11.1	1	021	02	vexa	qgvexa	maNdala-1
3.1	wA(wO)	1.1	wA	wax{sarvanAma;puM;1;xvi}/wax{sarvanAma;puM;2;xvi}	wax{sarvanAma;puM;2;xvi}	viSeRaNam,4.2	viSeRaNam,4.2#karma,6.1	1	021	02	vexa	qgvexa	maNdala-1
4.1	inxra-	4.1	inxra-agnI	inxra	inxra	samAsaH,4.2	samAsaH,4.2	1	021	02	vexa	qgvexa	maNdala-1
4.2	agnI	4.2	--	agni{puM;1;xvi}/agni{puM;2;xvi}/agni{puM;8;xvi}	agni{puM;2;xvi}	karma,6.1	karma,6.1	1	021	02	vexa	qgvexa	maNdala-1
5.1	yajFeRu	2.1	yajFeRu	yajFa{puM;7;bahu}	yajFa{puM;7;bahu}	aXikaraNam,6.1	aXikaraNam,6.1	1	021	02	vexa	qgvexa	maNdala-1
6.1	praSaMsawa	3.0	praSaMsawa	pra_Sans1{karwari;lot;ma;bahu;parasmEpaxI;BvAxiH}	pra_Sans1{karwari;lot;ma;bahu;parasmEpaxI;BvAxiH}	-	samucciwaH,11.1	1	021	02	vexa	qgvexa	maNdala-1
7.1	SumBawa	5.1	SumBawA	SumB{karwari;lot;ma;bahu;parasmEpaxI;BvAxiH}	SumB{karwari;lot;ma;bahu;parasmEpaxI;BvAxiH}	samucciwaH,6.1	-	1	021	02	vexa	qgvexa	maNdala-1
8.1	(ca)	11.1	ca	ca{avya}	ca{avya}	samuccaya_xyowakaH,6.1	samuccaya_xyowakaH,6.1	1	021	02	vexa	qgvexa	maNdala-1
9.1	wA(wO)	7.1	wA	wax{sarvanAma;puM;1;xvi}/wax{sarvanAma;puM;2;xvi}	wax{sarvanAma;puM;2;xvi}	karma,11.1	karma,11.1	1	021	02	vexa	qgvexa	maNdala-1
1.1	miwrasya	2.1	-	miwra{puM;6;eka}/miwra{napuM;6;eka}	miwra{puM;6;eka}	RaRTIsambanXaH,2.2	-#RaRTIsambanXaH,2.2	1	021	03	vexa	qgvexa	maNdala-1
10.1	(vayaM)	10.1	ca	asmax{sarvanAma;1;bahu}	asmax{sarvanAma;1;bahu}	karwA,11.1	karwA,11.1	1	021	03	vexa	qgvexa	maNdala-1
11.1	havAmahe	6.1	havAmahe	Af_hve1{karwari;lat;u;bahu;parasmEpaxI;BvAxiH}	Af_hve1{karwari;lat;u;bahu;parasmEpaxI;BvAxiH}	-	-	1	021	03	vexa	qgvexa	maNdala-1
2.1	pra-	3.1	vayaM	pra	pra	samAsaH,2.2	-#samAsaH,2.2	1	021	03	vexa	qgvexa	maNdala-1
2.2	Saswaye	3.2	-	Saswi{swrI;4;eka}/Saswi{puM;4;eka}	Saswi{swrI;4;eka}	prayojanam,4.1	-#prayojanam,4.1	1	021	03	vexa	qgvexa	maNdala-1
3.1	wA(inxrAgnI)	1.1	wA	wax{sarvanAma;puM;1;xvi}/wax{sarvanAma;puM;2;xvi}	wax{sarvanAma;puM;1;xvi}	karwA,4.1	karwA,4.1	1	021	03	vexa	qgvexa	maNdala-1
4.1	(saMpaxyewAm)	9.1	-	sam_pax{karwari;lot;pra;xvi;AwmanepaxI;xivAxiH}	sam_pax{karwari;lot;pra;xvi;AwmanepaxI;xivAxiH}	-	-	1	021	03	vexa	qgvexa	maNdala-1
5.1	soma-	7.1	soma-pA	soma}/soman	soma	samAsaH,5.2	samAsaH,5.2	1	021	03	vexa	qgvexa	maNdala-1
5.2	pA(somapO)	7.2	--	pa{puM;2;xvi;(pA;kvip)}	pa{puM;2;xvi;(pA;kvip)}	viSeRaNam,7.2	viSeRaNam,7.2	1	021	03	vexa	qgvexa	maNdala-1
6.1	wA(wO)	5.1	wA	wax{sarvanAma;puM;1;xvi}/wax{sarvanAma;puM;2;xvi}	wax{sarvanAma;puM;2;xvi}	viSeRaNam,7.2	viSeRaNam,7.2	1	021	03	vexa	qgvexa	maNdala-1
7.1	inxra-	4.1	inxra-agnI	inxra	inxra	samAsaH,7.2	samAsaH,7.2	1	021	03	vexa	qgvexa	maNdala-1
7.2	agnI	4.2	--	agni{puM;1;xvi}/agni{puM;2;xvi}/agni{puM;8;xvi}	agni{puM;2;xvi}	karma,11.1	karma,11.1	1	021	03	vexa	qgvexa	maNdala-1
9.1	soma-	8.1	soma-pIwaye	soma}/soman	soma	samAsaH,9.2	samAsaH,9.2	1	021	03	vexa	qgvexa	maNdala-1
9.2	pIwaye	8.2	--	pIwi{puM;4;eka}	pIwi{puM;4;eka}	prayojanam,11.1	prayojanam,11.1	1	021	03	vexa	qgvexa	maNdala-1
1.1	suwam	7.1	suwam	Ru2{karwari;lot;ma;xvi;parasmEpaxI;axAxiH}/suwa{puM;2;eka}/suwa{napuM;1;eka}/suwa{napuM;2;eka}	suwa{napuM;2;eka}	viSeRaNam,3.1	viSeRaNam,3.1	1	021	04	vexa	qgvexa	maNdala-1
10.1	havAmahe	3.1	havAmahe	hve1{karwari;lat;u;bahu;parasmEpaxI;BvAxiH}	hve1{karwari;lat;u;bahu;parasmEpaxI;BvAxiH}	aBihiwa_karwA,9.1;sakarmaka	-	1	021	04	vexa	qgvexa	maNdala-1
11.1	inxra-	8.1	-	inxra	inxra	samAsaH,11.2	-#samAsaH,11.2	1	021	04	vexa	qgvexa	maNdala-1
11.2	agnI	8.2	-	agni{puM;1;xvi}/agni{puM;2;xvi}/agni{puM;8;xvi}	agni{puM;1;xvi}	karwA,13.1	-#karwA,13.1	1	021	04	vexa	qgvexa	maNdala-1
12.1	iha	9.1	-	iha{avya}	iha{avya}	xeSAXikaraNam,13.1	-#xeSAXikaraNam,13.1	1	021	04	vexa	qgvexa	maNdala-1
13.1	A_gacCawAm	10.1	-	Af_gam1{karwari;lot;pra;xvi;parasmEpaxI;BvAxiH}/upa_Af_gam1{karwari{laf;pra;xvi;parasmEpaxI;BvAxiH}/AgacCaw{puM;6;bahu(upa_Af_gam1;Sawq_lat;BvAxiH)}/AgacCaw{napuM;6;bahu(upa_Af_gam1;Sawq_lat;BvAxiH)}	Af_gam1{karwari;lot;pra;xvi;parasmEpaxI;BvAxiH}	-	-	1	021	04	vexa	qgvexa	maNdala-1
2.1	ixam	5.1	ixam	ixam{sarvanAma;napuM;1;eka}/ixam{sarvanAma;napuM;2;eka}	ixam{sarvanAma;napuM;2;eka}	viSeRaNam,3.1	viSeRaNam,3.1	1	021	04	vexa	qgvexa	maNdala-1
3.1	savanaM	6.1	savanaM	savana{napuM;1;eka(RU3;lyut;wuxAxiH)}/savana{napuM;2;eka(RU3;lyut;wuxAxiH)}/savana{napuM;1;eka(Ru2;lyut;axAxiH)}/savana{napuM;2;eka(Ru2;lyut;axAxiH)}/savana{napuM;1;eka(Ru3;lyut;svAxiH)}/savana{napuM;2;eka(Ru3;lyut;svAxiH)}	savana{napuM;2;eka(RU3;lyut;wuxAxiH)}	karma,5.1	karma,5.1	1	021	04	vexa	qgvexa	maNdala-1
4.1	upa	4.1	upa_A_gacCawAm	upa{avyayaH}	upa{avyayaH}	kriyAviSeRaNam,5.1	kriyAviSeRaNam,5.1	1	021	04	vexa	qgvexa	maNdala-1
5.1	(prApwum)	11.1	-	prApwum{avyayaH(pra_Ap;wumun)}	prApwum{avyayaH(pra_Ap;wumun)}	pUrvakAlaH,10.1	pUrvakAlaH,10.1	1	021	04	vexa	qgvexa	maNdala-1
6.1	ugrA	1.1	ugrA	ugra{puM;1;xvi}/ugra{puM;2;xvi}/ugra{puM;8;xvi}	ugra{puM;1;xvi}	karwA,7.1	karwA,7.1	1	021	04	vexa	qgvexa	maNdala-1
7.1	sanwA	2.1	sanwA	saw{puM;2;xvi;puM;1;xvi(as;Sawq)}	saw{puM;2;xvi;(as;Sawq)}	viSeRaNam,8.1	viSeRaNam,8.1	1	021	04	vexa	qgvexa	maNdala-1
8.1	(inxrAgnI)	12.1	-	inxrAgni{puM;2;xvi}	inxrAgni{puM;2;xvi}	karma,10.1	-#karma,10.1	1	021	04	vexa	qgvexa	maNdala-1
9.1	(vayaM)	13.1	vayaM	asmax{sarvanAma;1;bahu}	asmax{sarvanAma;1;bahu}	karwA,10.1	karwA,10.1	1	021	04	vexa	qgvexa	maNdala-1
1.1	wA(wO)	1.1	wA	wax{sarvanAma;puM;1;xvi}/wax{sarvanAma;puM;2;xvi}	wax{sarvanAma;puM;1;xvi}	viSeRaNam,4.2	viSeRaNam,4.2	1	021	05	vexa	qgvexa	maNdala-1
10.1	sanwu	8.1	sanwu	as2{karwari;lot;pra;bahu;parasmEpaxI;axAxiH}	as2{karwari;lot;pra;bahu;parasmEpaxI;axAxiH}	aBihiwa_karwA,9.2	-	1	021	05	vexa	qgvexa	maNdala-1
2.1	mahAnwA(mahAnwO)	2.1	mahAnwA	mahaw{puM;1;xvi}/mahaw{puM;2;xvi}/mahaw{puM;8;xvi}	mahaw{puM;1;xvi}	viSeRaNam,4.2	viSeRaNam,4.2	1	021	05	vexa	qgvexa	maNdala-1
3.1	saxaspawI	3.1	saxaspawI	saxaspawi{puM;1;xvi}	saxaspawi{puM;1;xvi}	viSeRaNam,4.2	viSeRaNam,4.2	1	021	05	vexa	qgvexa	maNdala-1
4.1	inxra-	4.1	inxra-agnI	inxra	inxra	samAsaH,4.2	samAsaH,4.2	1	021	05	vexa	qgvexa	maNdala-1
4.2	agnI	4.2	--	agni{puM;1;xvi}/agni{puM;2;xvi}/agni{puM;8;xvi}	agni{puM;1;xvi}	viSeRaNam,5.1	viSeRaNam,5.1	1	021	05	vexa	qgvexa	maNdala-1
5.1	(yuvAM)	-	-	yuRmax{sarvanAma;puM;1;xvi}	yuRmax{sarvanAma;puM;1;xvi}	karwA,7.1	karwA,7.1	1	021	05	vexa	qgvexa	maNdala-1
6.1	rakRaH	5.1	rakRaH	rakRas{napuM;1;eka}/rakRas{napuM;2;eka}/rakRas{napuM;8;eka}	rakRas{napuM;2;eka}	karma,7.1	karma,7.1	1	021	05	vexa	qgvexa	maNdala-1
7.1	ubjawam	6.1	ubjawam	ubj{karwari;lot;pra;bahu;parasmEpaxI;wuxAxiH}	ubj{karwari;lot;pra;bahu;parasmEpaxI;wuxAxiH}	-	-	1	021	05	vexa	qgvexa	maNdala-1
8.1	awriNaH	9.1	awriNaH	awrin{puM;1;bahu}	awrin{puM;1;bahu}	karwA,10.1	karwA,10.1	1	021	05	vexa	qgvexa	maNdala-1
9.1	a-	7.1	a-prajAH	a	a	samAsaH,9.2	samAsaH,9.2	1	021	05	vexa	qgvexa	maNdala-1
9.2	prajAH	7.2	--	prajA{swrI;1;bahu}/prajA{swrI;2;bahu}/praja{puM;8;bahu}/prajA{swrI;8;bahu}/praja{puM;1;bahu}	prajA{swrI;1;bahu}	viXeya_viSeRaNam,8.1	viXeya_viSeRaNam,8.1	1	021	05	vexa	qgvexa	maNdala-1
1.1	inxra-	6.1	inxra-agnI	inxra	inxra	samAsaH,1.2	samAsaH,1.2	1	021	06	vexa	qgvexa	maNdala-1
1.2	agnI	6.2	--	agni{puM;1;xvi}/agni{puM;2;xvi}/agni{puM;8;xvi}	agni{puM;8;xvi}	samboXyaH,7.1	samboXyaH,7.1	1	021	06	vexa	qgvexa	maNdala-1
2.1	(yuvAM)	9.1	yuvAM	yuRmax{sarvanAma;1;xvi}/yuRmax{sarvanAma;2;xvi}	yuRmax{sarvanAma;1;xvi}	karwA,7.1;karwA,9.1	karwA,7.1;karwA,9.1	1	021	06	vexa	qgvexa	maNdala-1
3.1	wena	1.1	wena	wax{sarvanAma;puM;3;eka}/wax{sarvanAma;napuM;3;eka}/wan1{karwari;lit;ma;bahu;parasmEpaxI;wanAxiH}	wax{sarvanAma;napuM;3;eka}	viSeRaNam,4.1	viSeRaNam,4.1	1	021	06	vexa	qgvexa	maNdala-1
4.1	sawyena	2.1	sawyena	sawya{puM;3;eka}/sawya{napuM;3;eka}	sawya{napuM;3;eka}	karaNam,7.1	karaNam,7.1	1	021	06	vexa	qgvexa	maNdala-1
5.1	pra-	4.1	pra-cewune	pra	pra	samAsaH,5.2	samAsaH,5.2	1	021	06	vexa	qgvexa	maNdala-1
5.2	cewune	4.2	--	cewuna{puM;7;eka}	cewuna{puM;7;eka}	viSeRaNam,6.1	viSeRaNam,6.1	1	021	06	vexa	qgvexa	maNdala-1
6.1	paxe	5.1	paxe	pax{puM;4;eka}/pAxa{puM;4;eka}/paxa{napuM;7;eka}	paxa{napuM;7;eka}	aXikaraNam,7.1	aaXikaraNam,7.1	1	021	06	vexa	qgvexa	maNdala-1
7.1	aXi_jAgqwaM	3.1	aXi_jAgqwaM	aXi_jAgq1{karwari;lot;ma;xvi;parasmEpaxI;axAxiH}	aXi_jAgq1{karwari;lot;ma;xvi;parasmEpaxI;axAxiH}	-	-	1	021	06	vexa	qgvexa	maNdala-1
8.1	SarmaM	7.1	SarmaM	Sarman{napuM;2;eka}	Sarman{napuM;2;eka}	karma,9.1	karma,9.1	1	021	06	vexa	qgvexa	maNdala-1
9.1	yacCawaM	8.1	yacCawaM	yam2{karwari;lot;ma;xvi;parasmEpaxI;BvAxiH}/xA1{karwari;lot;ma;xvi;parasmEpaxI;BvAxiH}	yam2{karwari;lot;ma;xvi;parasmEpaxI;BvAxiH}	aBihiwa_karwA,2.1	-	1	021	06	vexa	qgvexa	maNdala-1
1.1	(aXvaryo)	9.1	-	aXvaryu{puM;8;eka}	aXvaryu{puM;8;eka}	samboXyaH,5.1	-#samboXyaH,5.1	1	022	01	vexa	qgvexa	maNdala-1
10.1	iha	4.1	wvaM	iha{avyayaH(ixam;ha)}	iha{avyayaH(ixam;ha)}	aXikaraNam,11.1	aXikaraNam,11.1	1	022	01	vexa	qgvexa	maNdala-1
11.1	A_gacCawAm	5.1	vi_boXaya	Af_gam1{karwari;lot;pra;xvi;parasmEpaxI;BvAxiH}/Af_gam1{karwari{laf;pra;xvi;parasmEpaxI;BvAxiH}/AgacCaw{puM;6;bahu(Af_gam1;Sawq_lat;BvAxiH)}/AgacCaw{napuM;6;bahu(Af_gam1;Sawq_lat;BvAxiH)}	Af_gam1{karwari;lot;pra;xvi;parasmEpaxI;BvAxiH}	aBihiwa_karwA,6.1	-#aBihiwa_karwA,6.1	1	022	01	vexa	qgvexa	maNdala-1
2.1	prAwar-	1.1	prAwar-yujO	prAwar{avya}	prAwar{avya}	kAlAXikaraNam,2.2	kAlAXikaraNam,2.2	1	022	01	vexa	qgvexa	maNdala-1
2.2	yujA(yujO)	1.2	yujA	yuj{puM;2;xvi}	yuj{puM;2;xvi}	viSeRaNam,3.1	viSeRaNam,3.1	1	022	01	vexa	qgvexa	maNdala-1
3.1	(aSvinO)	10.1	aSvinO	aSvin{puM;1;xvi}/aSvin{puM;2;xvi}/aSvin{puM;8;xvi}	aSvin{puM;2;xvi}	karma,5.1	karma,5.1	1	022	01	vexa	qgvexa	maNdala-1
4.1	(wvaM)	11.1	-	yuRmax{sarvanAma;1;eka}	yuRmax{sarvanAma;1;eka}	karwA,5.1	-#karwA,5.1	1	022	01	vexa	qgvexa	maNdala-1
5.1	vi_boXaya	2.1	-	vi_buX1{Nic;karwari;lot;ma;eka;parasmEpaxI;BvAxiH}/vi_buX3{Nic;karwari;lot;ma;eka;parasmEpaxI;xivAxiH}	vi_buX1{Nic;karwari;lot;ma;eka;parasmEpaxI;BvAxiH}	aBihiwa_karwA,4.1	-	1	022	01	vexa	qgvexa	maNdala-1
6.1	aSvinO	3.1	iha	aSvin{puM;1;xvi}/aSvin{puM;2;xvi}/aSvin{puM;8;xvi}	aSvin{puM;2;xvi}	karwA,11.1	karwA,11.1	1	022	01	vexa	qgvexa	maNdala-1
7.1	asya	6.1	asya	ixam{sarvanAma;puM;6;eka}/ixam{sarvanAma;napuM;6;eka}/as3{karwari;lot;ma;eka;parasmEpaxI;xivAxiH}	ixam{sarvanAma;puM;6;eka}	viSeRaNam,8.1	viSeRaNam,8.1	1	022	01	vexa	qgvexa	maNdala-1
8.1	somasya	7.1	somasya	soma{puM;6;eka}	soma{puM;6;eka}	RaRTIsambanXaH,9.1	RaRTIsambanXaH,9.1	1	022	01	vexa	qgvexa	maNdala-1
9.1	pIwaye	8.1	pIwaye	pIwi{puM;4;eka}	pIwi{puM;4;eka}	prayojanam,11.1	prayojanam1,11.1	1	022	01	vexa	qgvexa	maNdala-1
1.1	yA(yO)	1.1	yA	yax{sarvanAma;puM;1;xvi}/yax{sarvanAma;puM;2;xvi}	yax{sarvanAma;puM;1;xvi}	viSeRaNam,7.1;niwya_sambanXaH,9.1	viSeRaNam,7.1;niwya_sambanXaH,9.1	1	022	02	vexa	qgvexa	maNdala-1
10.1	(vayaM)	11.1	vayaM	asmax{sarvanAma;1;bahu}	asmax{sarvanAma;1;bahu}	karwA,11.1	karwA,11.1	1	022	02	vexa	qgvexa	maNdala-1
11.1	havAmahe	9.1	havAmahe	hve1{karwari;lat;u;bahu;AwmanepaxI;BvAxiH}	hve1{karwari;lat;u;bahu;AwmanepaxI;BvAxiH}	aBihiwa_karwA,10.1,sakarmaka	-	1	022	02	vexa	qgvexa	maNdala-1
2.1	uBA(uBO)	4.1	-	uBa{sarvanAma;puM;1;xvi}/uBa{sarvanAma;puM;2;xvi}/uBa{puM;8;xvi}	uBa{sarvanAma;puM;1;xvi}	viSeRaNam,7.1	-#viSeRaNam,7.1	1	022	02	vexa	qgvexa	maNdala-1
3.1	xivi-	6.1	xivi-spqSA	xivi	xivi	samAsaH,3.2	samAsaH,3.2	1	022	02	vexa	qgvexa	maNdala-1
3.2	spqSA(spqSO)	6.2	--	spqS{puM;1;xvi}/spqS{puM;2;xvi}/spqS{napuM;1;xvi}/spqS{napuM;2;xvi}/spqS{swrI;1;xvi}/spqS{swrI;2;xvi}/spqS{puM;8;xvi}/spqS{napuM;8;xvi}/spqS{swrI;8;xvi}/spqSi{swrI;7;eka}	spqS{puM;1;xvi}	viSeRaNam,7.1	viSeRaNam,7.1	1	022	02	vexa	qgvexa	maNdala-1
4.1	raWIwamA(raWIwamO)	3.1	raWIwamA	raWI{wamap;puM;1;xvi}/raWI{wamap;puM;2;xvi}	raWI{wamap;puM;1;xvi}	viSeRaNam,7.1	viSeRaNam,7.1	1	022	02	vexa	qgvexa	maNdala-1
5.1	su-	2.1	su-raWA	su	su	samAsaH,5.2	samAsaH,5.2	1	022	02	vexa	qgvexa	maNdala-1
5.2	raWA(raWO)	2.2	--	raWa{puM;1;xvi}/raWa{puM;2;xvi}/raWa{puM;8;xvi}	raWa{puM;1;xvi}	viSeRaNam,7.1	viSeRaNam,7.1	1	022	02	vexa	qgvexa	maNdala-1
6.1	xevA(xevO)	5.1	xevA	xeva{puM;1;xvi}/xeva{puM;2;xvi}/xeva{puM;8;xvi}	xeva{puM;1;xvi}	viSeRaNam,7.1	viSeRaNam,7.1	1	022	02	vexa	qgvexa	maNdala-1
7.1	aSvinA(aSvinO)	7.1	aSvinA	aSvin{puM;1;xvi}/aSvin{puM;2;xvi}/aSvin{puM;8;xvi}	aSvin{puM;1;xvi}	karwA,8.1	karwA,8.1	1	022	02	vexa	qgvexa	maNdala-1
8.1	(swaH)	10.1	swaH	as{sarvanAma;puM;1;xvi}	as{sarvanAma;puM;1;xvi}	-	-	1	022	02	vexa	qgvexa	maNdala-1
9.1	wA(wO)	8.1	wA	wax{sarvanAma;puM;1;xvi}/wax{sarvanAma;puM;2;xvi}	wax{sarvanAma;puM;2;xvi}	karma,11.1	karma,11.1	1	022	02	vexa	qgvexa	maNdala-1
1.1	aSvinA	5.1	aSvinA	aSvin{puM;1;xvi}/aSvin{puM;2;xvi}/aSvin{puM;8;xvi}	aSvin{puM;8;xvi}	samboXyaH,11.1	samboXyaH,11.1	1	022	03	vexa	qgvexa	maNdala-1
10.1	(yuvAM)	11.1	yuvAM	yuRmax{sarvanAma;1;xvi}/yuRmax{sarvanAma;2;xvi}	yuRmax{sarvanAma;1;xvi}	karwA,11.1	karwA,11.1	1	022	03	vexa	qgvexa	maNdala-1
11.1	mimikRawam	9.1	mimikRawam	mih(karwari;lot;ma;xvi;parasmEpaxI;BvAxiH}	mih(karwari;lot;ma;xvi;parasmEpaxI;BvAxiH}	-	-	1	022	03	vexa	qgvexa	maNdala-1
2.1	vAM	2.1	vAM	vAm{avya}/yuRmax{sarvanAma;2;xvi}/yuRmax{sarvanAma;6;xvi}/yuRmax{sarvanAma;4;xvi}	yuRmax{sarvanAma;6;xvi}	RaRTIsambanXaH,6.1	RaRTIsambanXaH,6.1	1	022	03	vexa	qgvexa	maNdala-1
3.1	maXumawI	4.1	maXumawI	maXu{mawup;swrI;1;eka}	maXu{mawup;swrI;1;eka}	viSeRaNam,6.1	viSeRaNam,6.1	1	022	03	vexa	qgvexa	maNdala-1
4.1	sUnqwAvawI	6.1	sUnqwAvawI	sUnqwA{mawup;swrI;1;eka}	sUnqwA{mawup;swrI;1;eka}	viSeRaNam,6.1	viSeRaNam,6.1	1	022	03	vexa	qgvexa	maNdala-1
5.1	yA	1.1	yA	yax{sarvanAma;swrI;1;eka}	yax{sarvanAma;swrI;1;eka}	viSeRaNam,6.1;niwya_sambanXaH,8.1	viSeRaNam,6.1	1	022	03	vexa	qgvexa	maNdala-1
6.1	kaSA	3.1	kaSA	kaSA{swrI;1;eka}	kaSA{swrI;1;eka}	karwA,7.1	karwA,7.1	1	022	03	vexa	qgvexa	maNdala-1
7.1	(aswi)	10.1	aswi	as2{karwari;lat;pra;eka;parasmEpaxI;axAxiH}	as2{karwari;lat;pra;eka;parasmEpaxI;axAxiH}	aBihiwa_karwA,6.1	-	1	022	03	vexa	qgvexa	maNdala-1
8.1	wayA	7.1	wayA	wax{sarvanAma;swrI;3;eka}	wax{sarvanAma;swrI;3;eka}	sahArWaH,11.1	-#sahArWaH,11.1	1	022	03	vexa	qgvexa	maNdala-1
9.1	yajFam	8.1	yajFam	yajFa{puM;2;eka}	yajFa{puM;2;eka}	karma,11.1	karma,11.1	1	022	03	vexa	qgvexa	maNdala-1
1.1	aSvinA	8.1	aSvinA	aSvin{puM;1;xvi}/aSvin{puM;2;xvi}/aSvin{puM;8;xvi}	aSvin{puM;1;xvi}	samboXyaH,6.1	samboXyaH,6.1	1	022	04	vexa	qgvexa	maNdala-1
10.1	nahi	1.1	nahi	nahi{avya}	nahi{avya}	prawiReXaH,11.1	prawiReXaH,11.1	1	022	04	vexa	qgvexa	maNdala-1
11.1	aswi	3.1	aswi	as2{karwari;lat;pra;eka;parasmEpaxI;axAxiH}	as2{karwari;lat;pra;eka;parasmEpaxI;axAxiH}	-	-	1	022	04	vexa	qgvexa	maNdala-1
2.1	yawra(yax)	5.1	yawrA	yawra{avya}	yawra{avya}	viSeRaNam,4.1	viSeRaNam,4.1	1	022	04	vexa	qgvexa	maNdala-1
3.1	sominaH	9.1	sominaH	somin{puM;1;bahu}/somin{puM;2;bahu}/somin{puM;5;eka}/somin{puM;6;eka}/somin{puM;8;bahu}	somin{puM;6;eka}	RaRTIsambanXaH,4.1	RaRTIsambanXaH,4.1	1	022	04	vexa	qgvexa	maNdala-1
4.1	gqhaM	10.1	gqhaM	gqha{napuM;1;eka}/gqha{napuM;2;eka}	gqha{napuM;2;eka}	karma,6.1	karma,6.1	1	022	04	vexa	qgvexa	maNdala-1
5.1	raWena	6.1	raWena	raWa{puM;3;eka}	raWa{puM;3;eka}	karaNam,6.1	karaNam,6.1	1	022	04	vexa	qgvexa	maNdala-1
6.1	gacCaWaH	7.1	gacCaWaH	gam1{karwari;lat;ma;xvi;parasmEpaxI;BvAxiH}	gam1{karwari;lat;ma;xvi;parasmEpaxI;BvAxiH}	-	-	1	022	04	vexa	qgvexa	maNdala-1
7.1	(wax)(gqhaM)	11.1	wawra	wax{sarvanAma;2;eka}	wax{sarvanAma;2;eka}	karma,11.1	karma,11.1	1	022	04	vexa	qgvexa	maNdala-1
8.1	vAM	2.1	vAM	vAm{avya}/yuRmax{sarvanAma;2;xvi}/yuRmax{sarvanAma;6;xvi}/yuRmax{sarvanAma;4;xvi}	yuRmax{sarvanAma;4;xvi}	RaRTIsambanXaH,9.1	RaRTIsambanXaH,9.1	1	022	04	vexa	qgvexa	maNdala-1
9.1	xUrake	4.1	xUrake	xUraka{puM;7;eka}	xUraka{puM;7;eka}	aXikaraNam,11.1	aXikaraNam,11.1	1	022	04	vexa	qgvexa	maNdala-1
1.1	hiraNya-	1.1	hiraNya-pANiM	hiraNya	hiraNya	samAsaH,1.2	samAsaH,1.2	1	022	05	vexa	qgvexa	maNdala-1
1.2	pANiM	1.2	--	pANi{puM;2;eka}	pANi{puM;2;eka}	viSeRaNam,2.1	viSeRaNam,2.1	1	022	05	vexa	qgvexa	maNdala-1
10.1	(Bavawi)	10.1	-	BU{karwari;lat;pra;eka;parasmEpaxI;BvAxiH}	BU{karwari;lat;pra;eka;parasmEpaxI;BvAxiH}	-	-	1	022	05	vexa	qgvexa	maNdala-1
2.1	saviwAraM	3.1	saviwAraM	saviwq{puM;2;eka(RU1;wqc;axAxiH)}/saviwq{puM;2;eka(RU3;wqc;wuxAxiH)}	saviwq{puM;2;eka(RU1;wqc;axAxiH)}	karma,4.1	karma,4.1	1	022	05	vexa	qgvexa	maNdala-1
3.1	Uwaye	2.1	Uwaye	Uwi{swrI;4;eka}	Uwi{swrI;4;eka}	prayojanam,4.1	prayojanam,4.1	1	022	05	vexa	qgvexa	maNdala-1
4.1	upa_hvaye	4.1	upa_hvaye	upa_hve1{karwari;lat;u;eka;AwmanepaxI;BvAxiH}	upa_hve1{karwari;lat;u;eka;AwmanepaxI;BvAxiH}	-	-	1	022	05	vexa	qgvexa	maNdala-1
5.1	saH	5.1	saH	wax{sarvanAma;puM;1;eka}	wax{sarvanAma;puM;1;eka}	karwA,7.1	karwA,7.1	1	022	05	vexa	qgvexa	maNdala-1
6.1	xevawA	7.1	-	xevawA{swrI;1;eka}	xevawA{swrI;1;eka}	viXeya_viSeRaNam,5.1	-#viXeya_viSeRaNam,5.1	1	022	05	vexa	qgvexa	maNdala-1
7.1	(BUwvA)	9.1	-	BuwvA{avyayaH(BU;kwvA)}	BuwvA{avyayaH(BU;kwvA)}	pUrvakAlaH,10.1	-#pUrvakAlaH,10.1	1	022	05	vexa	qgvexa	maNdala-1
8.1	paxaM	8.1	paxaM	pax{puM;2;eka}/paxa{napuM;1;eka}/paxa{napuM;2;eka}	pax{napuM;1;eka}	karwA,10.1	karwA,10.1	1	022	05	vexa	qgvexa	maNdala-1
9.1	cewwA	6.1	cewwA	cewq{swrI;1;eka(ciw;wqn,idABAvaH}	cewq{swrI;1;eka(ciw;wqn,idABAvaH}	viXeya_viSeRaNam,8.1	-#viXeya_viSeRaNam,8.1	1	022	05	vexa	qgvexa	maNdala-1
1.1	avase	3.1	avase	avasA{swrI;1;xvi}/avasA{swrI;2;xvi}	avase{wumarWe_avyayam}	prayojanam,5.1	prayojanam,5.1	1	022	06	vexa	qgvexa	maNdala-1
2.1	apAM	1.1	apAM	ap{swrI;6;bahu}/pA1{karwari;luf;u;eka;parasmEpaxI;BvAxiH}/pA2{karwari;laf;u;eka;parasmEpaxI;axAxiH}	ap{swrI;6;bahu}	RaRTIsambanXaH,3.2	RaRTIsambanXaH,3.2	1	022	06	vexa	qgvexa	maNdala-1
3.1	na-	2.1	na-pAwaM	na	na	samAsaH,3.2	samAsaH,3.2	1	022	06	vexa	qgvexa	maNdala-1
3.2	pAwaM	2.2	--	pA{karwari;lot;ma;xvi;parasmEpaxI;axAxiH}/pAwa{puM;2;eka}/pAwa{napuM;1;eka}/pAwa{napuM;2;eka}	pAw{puM;2;eka(pA;Sawq)}	viSeRaNam,4.1	viSeRaNam,4.1	1	022	06	vexa	qgvexa	maNdala-1
4.1	saviwAram	4.1	saviwAram	saviwq{puM;2;eka(RU1;wqc;axAxiH)}/saviwq{puM;2;eka(RU3;wqc;wuxAxiH)}	saviwq{puM;2;eka(RU1;wqc;axAxiH)}	karma,5.1	karma,5.1	1	022	06	vexa	qgvexa	maNdala-1
5.1	upa_swuhi	5.1	upa_swuhi	upa_Rwu1{karwari;lot;ma;eka;parasmEpaxI;axAxiH}	upa_Rwu1{karwari;lot;ma;eka;parasmEpaxI;axAxiH}	-	-	1	022	06	vexa	qgvexa	maNdala-1
6.1	wasya	6.1	wasya	wax{sarvanAma;napuM;6;eka}/wax{sarvanAma;puM;6;eka}	wax{sarvanAma;napuM;6;eka}	RaRTIsambanXaH,7.1	RaRTIsambanXaH,7.1	1	022	06	vexa	qgvexa	maNdala-1
7.1	vrawAni	7.1	vrawAni	vrawa{napuM;1;bahu}/vrawa{napuM;2;bahu}/vrawa{napuM;8;bahu}	vrawa{napuM;2;bahu}	karma,8.1	karma,8.1	1	022	06	vexa	qgvexa	maNdala-1
8.1	uSmasi	8.1	uSmasi	vaS1{karwari;lat;u;bahu;parasmEpaxI;axAxiH}	vaS1{karwari;lat;u;bahu;parasmEpaxI;axAxiH}	-	-	1	022	06	vexa	qgvexa	maNdala-1
1.1	vasoH	3.1	vasoH	vasu{puM;5;eka}/vasu{puM;6;eka}	vasu{puM;5;eka}	hewuH,4.2	hewuH,4.2	1	022	07	vexa	qgvexa	maNdala-1
2.1	ciwrasya	4.1	ciwrasya	ciwra{napuM;6;eka}	ciwra{napuM;6;eka}	viSeRaNam,3.1	viSeRaNam,3.1	1	022	07	vexa	qgvexa	maNdala-1
3.1	rAXasaH	5.1	rAXasaH	rAXas{puM;6;eka(rAX;asun)}	rAXas{puM;6;eka(rAX;asun)}	RaRTIsambanXaH,4.2	RaRTIsambanXaH,4.2	1	022	07	vexa	qgvexa	maNdala-1
4.1	vi-	1.1	vi-BakwAram	vi	vi	samAsaH,4.2	samAsaH,4.2	1	022	07	vexa	qgvexa	maNdala-1
4.2	BakwAram	1.2	--	Bakwq{puM;2;eka(Baj1;wqc;BvAxiH)}	Bakwq{puM;2;eka(Baj1;wqc;BvAxiH)}	viSeRaNam,6.1	viSeRaNam,6.1	1	022	07	vexa	qgvexa	maNdala-1
5.1	nq-	7.1	nq-cakRasaM	nq	nq	samAsaH,5.2	samAsaH,5.2	1	022	07	vexa	qgvexa	maNdala-1
5.2	cakRasaM	7.2	--	cakRas{puM;2;eka}	cakRas{puM;2;eka}	viSeRaNam,6.1	viSeRaNam,6.1	1	022	07	vexa	qgvexa	maNdala-1
6.1	saviwAraM	6.1	saviwAraM	saviwq{puM;2;eka(RU1;wqc;axAxiH)}/saviwq{puM;2;eka(RU3;wqc;wuxAxiH)}	saviwq{puM;2;eka(RU1;wqc;axAxiH)}	karma,7.1	karma,7.1	1	022	07	vexa	qgvexa	maNdala-1
7.1	havAmahe	2.1	havAmahe	hve1{karwari;lat;u;bahu;AwmanepaxI;BvAxiH}	hve1{karwari;lat;u;bahu;AwmanepaxI;BvAxiH}	-	-	1	022	07	vexa	qgvexa	maNdala-1
1.1	saKAyaH	1.1	saKAyaH	saKi{puM;1;bahu}/saKI{swrI;1;bahu}/saKi{puM;8;bahu}	saKi{puM;1;bahu}	samboXyaH,4.1	samboXyaH,4.1	1	022	08	vexa	qgvexa	maNdala-1
10.1	nu	6.1	nu	nu{avya}	nu{avya}	sambanXaH,11.1	sambanXaH,11.1	1	022	08	vexa	qgvexa	maNdala-1
11.1	SumBawi	10.1	SumBawi	SumB{karwari;lat;pra;eka;parasmEpaxI;BvAxiH}/SumB{karwari;lat;pra;eka;parasmEpaxI;wuxAxi}	SuB1{karwari;lat;pra;eka;AwmanepaxI;BvAxiH}	aBihiwa_karwA,9.1	-	1	022	08	vexa	qgvexa	maNdala-1
2.1	yUyaM	11.1	-	yuRmax{sarvanAma;1;eka}	yuRmax{sarvanAma;1;eka}	karwA,4.1	-#karwA,4.1	1	022	08	vexa	qgvexa	maNdala-1
3.1	A	2.1	A	A{avya}	A{avya}	sambanXaH,4.1	sambanXaH,4.1	1	022	08	vexa	qgvexa	maNdala-1
4.1	ni_RIxawa	3.1	niRIxawa	ni_sax{karwari;lot;ma;bahu;parasmEpaxI;BvAxiH}	ni_sax{karwari;lot;ma;bahu;parasmEpaxI;BvAxiH}	-	-	1	022	08	vexa	qgvexa	maNdala-1
5.1	naH	7.1	naH	asmax{sarvanAma;2;bahu}/asmax{sarvanAma;6;bahu}/asmax{sarvanAma;4;bahu}/nq{puM;8;eka}	asmax{sarvanAma;6;bahu}	RaRTIsambanXaH,9.1	RaRTIsambanXaH,9.1	1	022	08	vexa	qgvexa	maNdala-1
6.1	rAXAMsi	9.1	rAXAMsi	rAXAMs{napuM;2;bahu}	rAXAMs{napuM;2;bahu}	karma,7.1	karma,7.1	1	022	08	vexa	qgvexa	maNdala-1
7.1	xAwA	8.1	xAwA	xA1{karwari;lut;pra;eka;parasmEpaxI;BvAxiH}/xA1{karmaNi;lut;pra;eka;AwmanepaxI;BvAxiH}/xA2{karwari;lut;pra;eka;parasmEpaxI;axAxiH}/xA2{karmaNi;lut;pra;eka;AwmanepaxI;axAxiH}/xA3{karwari;lut;pra;eka;parasmEpaxI;juhowyAxiH}/xA3{karwari;lut;pra;eka;AwmanepaxI;juhowyAxiH}/xA3{karmaNi;lut;pra;eka;AwmanepaxI;juhowyAxiH}/xAw{puM;3;eka(xA2;Sawq_lat;axAxiH)}/xAw{napuM;3;eka(xA2;Sawq_lat;axAxiH)}/xAwq{puM;1;eka(xA1;wqc;BvAxiH)}/xAwq{puM;1;eka(xA2;wqc;axAxiH)}/xAwA{swrI;1;eka(xA2;kwa;axAxiH)}/xAwq{puM;1;eka(xA3;wqc;juhowyAxiH)}	xAw{puM;1eka(xA;wqc)}	viSeRaNam,9.1	viSeRaNam,9.1	1	022	08	vexa	qgvexa	maNdala-1
8.1	swomyaH	5.1	-	swomya{puM;1;bahu}	swomya{puM;1;bahu}	viSeRaNam,9.1	-#viSeRaNam,9.1	1	022	08	vexa	qgvexa	maNdala-1
9.1	saviwA	4.1	saviwA	RU1{karwari;lut;pra;eka;AwmanepaxI;axAxiH}/RU1{karmaNi;lut;pra;eka;AwmanepaxI;axAxiH}/RU3{karwari;lut;pra;eka;parasmEpaxI;wuxAxiH}/RU3{karmaNi;lut;pra;eka;AwmanepaxI;wuxAxiH}/saviwq{puM;1;eka(RU1;wqc;axAxiH)}/saviwq{puM;1;eka(RU3;wqc;wuxAxiH)}	saviwq{puM;1;eka(RU1;wqc;axAxiH)}	karwA,11.1	karwA,11.1	1	022	08	vexa	qgvexa	maNdala-1
1.1	agne	1.1	agne	agni{puM;8;eka}	agni{puM;8;eka}	samboXyaH,6.1	samboXyaH,6.1	1	022	09	vexa	qgvexa	maNdala-1
2.1	uSawIH	6.1	uSawIH	uSawI{swrI;2;bahu(vaS1;Sawq_lat;axAxiH)}	uSawI{swrI;2;bahu(vaS1;Sawq_lat;axAxiH)}	viSeRaNam,4.1	viSeRaNam,4.	1	022	09	vexa	qgvexa	maNdala-1
3.1	xevAnAM	5.1	xevAnAM	xeva{puM;6;bahu}	xeva{puM;6;bahu}	RaRTIsambanXaH,4.1	RaRTIsambanXaH,4.1	1	022	09	vexa	qgvexa	maNdala-1
4.1	pawnIH	2.1	pawnIH	pawnI{swrI;2;bahu}	pawnI{swrI;2;bahu}	karma,6.1	karma,6.1	1	022	09	vexa	qgvexa	maNdala-1
5.1	iha	3.1	iha	iha{avya}	iha{avya}	xeSAXikaraNam,6.1	xeSAXikaraNam,6.1	1	022	09	vexa	qgvexa	maNdala-1
6.1	Avaha	4.1	Avaha	Af_vah1{karwari;lot;ma;eka;parasmEpaxI;BvAxiH}/Avaha{puM;8;eka}	Af_vah1{karwari;lot;ma;eka;parasmEpaxI;BvAxiH}	-	-	1	022	09	vexa	qgvexa	maNdala-1
7.1	wvaRtAraM	8.1	wvaRtAraM	wvaRtq{puM;2;eka(wvakR1;wqc;BvAxiH)}	wvaRtq{puM;2;eka(wvakR1;wqc;BvAxiH)}	karma,9.1	karma,9.1	1	022	09	vexa	qgvexa	maNdala-1
8.1	soma-	9.1	soma-pIwaye	soma}/soman	soma	samAsaH,8.2	samAsaH,8.2	1	022	09	vexa	qgvexa	maNdala-1
8.2	pIwaye	9.2	--	pIwi{puM;4;eka}	pIwi{puM;4;eka}	prayojanam,9.1	prayojanam,9.1	1	022	09	vexa	qgvexa	maNdala-1
9.1	upa_(A_vaha)	7.1	upAvaha	upa_Af_vah1{karwari;lot;ma;eka;parasmEpaxI;BvAxiH}/Avaha{puM;8;eka}	upa_Af_vah1{karwari;lot;ma;eka;parasmEpaxI;BvAxiH}	-	-	1	022	09	vexa	qgvexa	maNdala-1
1.1	yaviRTa	6.1	yaviRTa	yaviRTa{puM;8;eka}/yaviRTa{napuM;8;eka}	yaviRTa{puM;8;eka}	viSeRaNam,2.1	viSeRaNam,2.1	1	022	10	vexa	qgvexa	maNdala-1
10.1	iha	3.1	iha	iha{avya}	iha{avya}	xeSAXikaraNam,11.1	xeSAXikaraNam,10.1	1	022	10	vexa	qgvexa	maNdala-1
11.1	A_vaha	10.1	Avaha	Af_vah1{karwari;lot;ma;eka;parasmEpaxI;BvAxiH}/Avaha{puM;8;eka}	Af_vah1{karwari;lot;ma;eka;parasmEpaxI;BvAxiH}	-	-	1	022	10	vexa	qgvexa	maNdala-1
2.1	agne	2.1	agne	agni{puM;8;eka}	agni{puM;8;eka}	samboXyaH,11.1	samboXyaH,11.1	1	022	10	vexa	qgvexa	maNdala-1
3.1	avase	4.1	avase	avas{swrI;4;eka(av;asic)}	avas{swrI;4;eka(av;asic)}	prayojanam,11.1	prayojanam,11.1	1	022	10	vexa	qgvexa	maNdala-1
4.1	howrAM	5.1	-	howrA{swrI;2;eka(hu;wran)}	howrA{swrI;2;eka(hu;wran)}	samucciwaH,8.1	samucciwaH,8.1	1	022	10	vexa	qgvexa	maNdala-1
5.1	BArawIM	7.1	BArawIM	BArawI{swrI;2;eka}	BArawI{swrI;2;eka}	samucciwaH,8.1	samucciwaH,8.1	1	022	10	vexa	qgvexa	maNdala-1
6.1	varUwrIM	8.1	varUwrIM	varUwrI{swrI;2;eka}	varUwrI{swrI;2;eka}	samucciwaH,8.1	samucciwaH,8.1	1	022	10	vexa	qgvexa	maNdala-1
7.1	XiRaNAM	9.1	XiRaNAM	XiRaNA{swrI;2;eka}	XiRaNA{swrI;2;eka}	samucciwaH,8.1	samucciwaH,8.1	1	022	10	vexa	qgvexa	maNdala-1
8.1	gnAH	1.1	-	gnA{swrI;2;bahu}	gnA{swrI;2;bahu}	karma,11.1	-#karma,11.1	1	022	10	vexa	qgvexa	maNdala-1
9.1	(ca)	11.1	-	ca{avyayaH}	ca{avyayaH}	samuccaya_xyowakaH,8.1	-#samuccaya_xyowakaH,8.1	1	022	10	vexa	qgvexa	maNdala-1
1.1	nq-	6.1	nq-pawnIH	nq	nq	samAsaH,1.2	samAsaH,1.2	1	022	11	vexa	qgvexa	maNdala-1
1.2	pawnIH	6.2	--	pawnI{swrI;1;bahu}	pawnI{swrI;1;bahu}	viSeRaNam,3.1	#viSeRaNam,3.1	1	022	11	vexa	qgvexa	maNdala-1
2.1	a-	7.1	a-cCina-pawrAH	a	a	samAsaH,2.2	samAsaH,2.2	1	022	11	vexa	qgvexa	maNdala-1
2.2	cCina-	7.2	--	-cCina	-cCina	samAsaH,2.3	samAsaH,2.3	1	022	11	vexa	qgvexa	maNdala-1
2.3	pawrAH	7.3	--	pawra{puM;8;bahu}/pawra{puM;1;bahu}/pawrA{swrI;8;bahu}/pawrA{swrI;1;bahu}/pawrA{swrI;2;bahu}	pawrA{swrI;1;bahu}	viSeRaNam,3.1	#viSeRaNam,3.1	1	022	11	vexa	qgvexa	maNdala-1
3.1	xevIH	2.1	xevIH	xevI{swrI;1;bahu}	xevI{swrI;1;bahu}	karwA,9.1	karma,9.1	1	022	11	vexa	qgvexa	maNdala-1
4.1	avasA	3.1	avasA	avas{swrI;3;eka}	avas{swrI;3;eka}	karaNam,9.1	karaNam,9.1	1	022	11	vexa	qgvexa	maNdala-1
5.1	mahaH	4.1	mahaH	maha{puM;1;eka}/mahas{napuM;1;eka}/mahas{napuM;2;eka}/mahas{napuM;8;eka}	mah{puM;3;eka(mah;kvip;supAM_fasAxeSaH)}	viSeRaNam,6.1	viSeRaNam,6.1	1	022	11	vexa	qgvexa	maNdala-1
6.1	SarmaNA	5.1	SarmaNA	Sarman{puM;3;eka}/Sarman{napuM;3;eka}	Sarman{puM;3;eka}	samucciwaH,4.1	samucciwaH,4.1	1	022	11	vexa	qgvexa	maNdala-1
7.1	(ca)	9.1	ca	ca{avya}	ca{avya}	samuccaya_xyowakaH,4.1	samuccaya_xyowakaH,4.1	1	022	11	vexa	qgvexa	maNdala-1
8.1	naH	1.1	naH	asmax{sarvanAma;2;bahu}/asmax{sarvanAma;6;bahu}/asmax{sarvanAma;4;bahu}/nq{puM;8;eka}	asmax{sarvanAma;2;bahu}	karma,9.1	karma,9.1	1	022	11	vexa	qgvexa	maNdala-1
9.1	aBi_sacanwAm	8.1	aBi_sacanwAm	aBi_Rac2{karwari;lot;pra;bahu;AwmanepaxI;BvAxiH}	aBi_Rac2{karwari;lot;pra;bahu;AwmanepaxI;BvAxiH}	-	-	1	022	11	vexa	qgvexa	maNdala-1
1.1	iha	1.1	iha	iha{avya}	iha{avya}	xeSAXikaraNam,9.1	xeSAXikaraNam,9.1	1	022	12	vexa	qgvexa	maNdala-1
2.1	svaswaye	5.1	svaswaye	svaswi{puM;4;eka}	svaswi{puM;4;eka}	samucciwaH,3.2	samucciwaH,3.2	1	022	12	vexa	qgvexa	maNdala-1
3.1	soma-	7.1	soma-pIwaye	soma}/soman	soma	samAsaH,3.2	samAsaH,3.2	1	022	12	vexa	qgvexa	maNdala-1
3.2	pIwaye	7.1	--	pIwi{swrI;4;eka}	pIwi{swrI;4;eka}	prayojanam,9.1	prayojanam1,9.1	1	022	12	vexa	qgvexa	maNdala-1
4.1	(ca)	8.1	ca	ca{avya}	ca{avya}	samuccaya_xyowakaH,3.2	samuccaya_xyowakaH,3.2	1	022	12	vexa	qgvexa	maNdala-1
5.1	inxrANIM	2.1	inxrANIM	inxrANI{swrI;2;eka}	inxrANI{swrI;2;eka}	samucciwaH,7.1	samucciwaH,7.1	1	022	12	vexa	qgvexa	maNdala-1
6.1	varuNAnIM	4.1	varuNAnIM	varuNAnI{swrI;2;eka}	varuNAnI{swrI;2;eka}	samucciwaH,7.1	samucciwaH,7.1	1	022	12	vexa	qgvexa	maNdala-1
7.1	agnAyIm	6.1	agnAyIm	agnAyI{swrI;2;eka}	agnAyI{swrI;2;eka}	karma,9.1	karma,9.1	1	022	12	vexa	qgvexa	maNdala-1
8.1	(ca)	9.1	ca	ca{avya}	ca{avya}	samuccaya_xyowakaH,7.1	samuccaya_xyowakaH,7.1	1	022	12	vexa	qgvexa	maNdala-1
9.1	upa_hvaye	3.1	upa_hvaye	upa_hve1{karwari;lat;u;eka;AwmanepaxI;BvAxiH}	upa_hve1{karwari;lat;u;eka;AwmanepaxI;BvAxiH}	-	-	1	022	12	vexa	qgvexa	maNdala-1
1.1	mahI	1.1	mahI	mahI{swrI;1;eka}	mahI{swrI;1;eka}	viSeRaNam,2.1	viSeRaNam,2.1	1	022	13	vexa	qgvexa	maNdala-1
10.1	naH	10.1	naH	asmax{sarvanAma;2;bahu}/asmax{sarvanAma;6;bahu}/asmax{sarvanAma;4;bahu}/nq{puM;8;eka}	asmax{sarvanAma;2;bahu}	karma,11.1	karma,11.1	1	022	13	vexa	qgvexa	maNdala-1
11.1	pipqwAm	9.1	pipqwAm	pq1{karwari;lot;pra;xvi;parasmEpaxI;juhowyAxiH}	pq1{karwari;lot;pra;xvi;parasmEpaxI;juhowyAxiH}	-	-	1	022	13	vexa	qgvexa	maNdala-1
2.1	xyOH	2.1	xyOH	xiv{swrI;1;eka}/xyo{swrI;1;eka}/xyo{swrI;8;eka}/xiv{swrI;8;eka}	xiv{swrI;1;eka}	samucciwaH,3.1	samucciwaH,3.1	1	022	13	vexa	qgvexa	maNdala-1
3.1	pqWivI	3.1	pqWivI	pqWivI{swrI;1;eka}	pqWivI{swrI;1;eka}	karwA,8.1	karwA,8.1	1	022	13	vexa	qgvexa	maNdala-1
4.1	ca	4.1	ca	ca{avya}	ca{avya}	samuccaya_xyowakaH,3.1	samuccaya_xyowakaH,3.1	1	022	13	vexa	qgvexa	maNdala-1
5.1	naH	5.1	naH	asmax{sarvanAma;2;bahu}/asmax{sarvanAma;6;bahu}/asmax{sarvanAma;4;bahu}/nq{puM;8;eka}	asmax{sarvanAma;6;bahu}	RaRTIsambanXaH,7.1	RaRTIsambanXaH,7.1	1	022	13	vexa	qgvexa	maNdala-1
6.1	imaM	6.1	imaM	ixam{sarvanAma;puM;2;eka}	ixam{sarvanAma;puM;2;eka}	viSeRaNam,7.1	viSeRaNam,7.1	1	022	13	vexa	qgvexa	maNdala-1
7.1	yajFaM	7.1	yajFaM	yajFa{puM;2;eka}	yajFa{puM;2;eka}	karma,8.1	karma,8.1	1	022	13	vexa	qgvexa	maNdala-1
8.1	mimikRawAm	8.1	mimikRawAm	mih{karwari;sannanwAw_lot;pra;xvi;parasmEpaxI;BvAxiH}	mih{karwari;sannanwAw_lot;pra;xvi;parasmEpaxI;BvAxiH}	aBihiwa_karwA,3.1;sakarmaka	karaNam,11.1	1	022	13	vexa	qgvexa	maNdala-1
9.1	BarImaBiH	11.1	BarImaBiH	BarIman{puM;3;bahu}	BarIman{puM;3;bahu}	karaNam,11.1	karaNam,11.1	1	022	13	vexa	qgvexa	maNdala-1
1.1	ganXarvasya	8.1	ganXarvasya	ganXarva{puM;6;eka}	ganXarva{puM;6;eka}	RaRTIsambanXaH,3.1	RaRTIsambanXaH,3.1	1	022	14	vexa	qgvexa	maNdala-1
10.1	rihanwi	6.1	rihanwi	lih1{karwari;lat;pra;bahu;parasmEpaxI;axAxiH}/lihaw{napuM;1;bahu(lih1;Sawq_lat;axAxiH)}/lihaw{napuM;2;bahu(lih1;Sawq_lat;axAxiH)}	lih1{karwari;lat;pra;bahu;parasmEpaxI;axAxiH}	aBihiwa_karwA,8.1;sakarmaka	-	1	022	14	vexa	qgvexa	maNdala-1
2.1	Xruve	9.1	Xruve	XruvA{swrI;8;eka}/Xruva{puM;7;eka}/Xruva{napuM;7;eka}	Xruva{napuM;7;eka}	viSeRaNam,3.1	viSeRaNam,3.1	1	022	14	vexa	qgvexa	maNdala-1
3.1	paxe	10.1	paxe	pax{puM;4;eka}/pAxa{puM;4;eka}/paxa{napuM;7;eka}	paxa{napuM;7;eka}	aXikaraNam,10.1	aXikaraNam,10.1	1	022	14	vexa	qgvexa	maNdala-1
4.1	wayoH	1.1	wayoH	wax{sarvanAma;puM;6;xvi}/wax{sarvanAma;napuM;6;xvi}/wax{sarvanAma;swrI;6;xvi}/wax{sarvanAma;puM;7;xvi}/wax{sarvanAma;napuM;7;xvi}/wax{sarvanAma;swrI;7;xvi}	wax{sarvanAma;puM;6;xvi}	RaRTIsambanXaH,6.1	RaRTIsambanXaH,6.1	1	022	14	vexa	qgvexa	maNdala-1
5.1	iw	2.1	iw	iw{avya}	iw{avya}	sambanXaH,4.1	sambanXaH,4.1	1	022	14	vexa	qgvexa	maNdala-1
6.1	payaH	4.1	payaH	payas{napuM;1;eka}/payas{napuM;2;eka}/payas{napuM;8;eka}	payas{napuM;2;eka}	karma,10.1	karma,10.1	1	022	14	vexa	qgvexa	maNdala-1
7.1	Gqwavaw	3.1	Gqwavaw	Gqwavaw{avyayaH}	Gqwavaw{avyayaH}	upamAnam,8.1	upamAnam,8.1	1	022	14	vexa	qgvexa	maNdala-1
8.1	viprAH	5.1	viprAH	vipra{puM;1;bahu}/viprA{swrI;1;bahu}/viprA{swrI;2;bahu}/vipra{puM;8;bahu}	vipra{puM;1;bahu}	karwA,10.1	karwA,10.1	1	022	14	vexa	qgvexa	maNdala-1
9.1	XIwiBiH	7.1	XIwiBiH	XIwi{swrI;3;bahu}	XIwi{swrI;3;bahu}	karaNam,10.1	karaNam,10.1	1	022	14	vexa	qgvexa	maNdala-1
1.1	pqWivi	2.1	pqWivi	pqWivI{swrI;8;eka}	pqWivI{swrI;8;eka}	samboXyaH,7.1	-#samboXyaH,7.1	1	022	15	vexa	qgvexa	maNdala-1
10.1	naH	7.1	naH	asmax{sarvanAma;2;bahu}/asmax{sarvanAma;6;bahu}/asmax{sarvanAma;4;bahu}/nq{puM;8;eka}	asmax{sarvanAma;4;bahu}	sampraxAnam,11.1	sampraxAnam,11.1	1	022	15	vexa	qgvexa	maNdala-1
11.1	yacCa	6.1	yacCa	yam2{karwari;lot;ma;eka;parasmEpaxI;BvAxiH}/xA1{karwari;lot;ma;eka;parasmEpaxI;BvAxiH}	yam2{karwari;lot;ma;eka;parasmEpaxI;BvAxiH}	-	-	1	022	15	vexa	qgvexa	maNdala-1
2.1	(wvaM)	10.1	-	yuRmax{sarvanAma;1;eka}	yuRmax{sarvanAma;1;eka}	karwA,7.1	-#karwA,7.1	1	022	15	vexa	qgvexa	maNdala-1
4.1	an-	4.1	-	an	an	samAsaH,4.2	samAsaH,4.2	1	022	15	vexa	qgvexa	maNdala-1
4.2	qkRarA	4.2	--	qkRarA{swrI;1;eka}	qkRarA{swrI;1;eka}	viSeRaNam,6.1	viSeRaNam,6.1	1	022	15	vexa	qgvexa	maNdala-1
5.1	ni-	5.1	ni-veSanI	ni	ni	samAsaH,5.2	samAsaH,5.2	1	022	15	vexa	qgvexa	maNdala-1
5.2	veSanI	5.2	--	veSanI{swrI;1;eka}	veSanI{swrI;1;eka}	viSeRaNam,6.1	viSeRaNam,6.1	1	022	15	vexa	qgvexa	maNdala-1
6.1	syonA	1.1	-	syonA{swrI;1;eka}	syonA{swrI;1;eka}	viXeya_viSeRaNam,2.1	-#viXeya_viSeRaNam,2.1	1	022	15	vexa	qgvexa	maNdala-1
7.1	Bava	3.1	-	BU1{karwari;lot;ma;eka;parasmEpaxI;BvAxiH}/Bava{puM;8;eka}	BU1{karwari;lot;ma;eka;parasmEpaxI;BvAxiH}	-	-	1	022	15	vexa	qgvexa	maNdala-1
8.1	sa-	9.1	sa-praWaH	sa	sa	samAsaH,8.2	samAsaH,8.2	1	022	15	vexa	qgvexa	maNdala-1
8.2	praWaH	9.2	--	praWas{napuM;2;eka}	praWas{napuM;2;eka}	viSeRaNam,9.1	viSeRaNam,9.1	1	022	15	vexa	qgvexa	maNdala-1
9.1	Sarma	8.1	Sarma	Sarman{napuM;1;eka}/Sarman{napuM;2;eka}	Sarman{napuM;2;eka}	karma,11.1	karma,11.1	1	022	15	vexa	qgvexa	maNdala-1
1.1	viRNuH	6.1	viRNuH	viRNu{puM;1;eka}/viRNu{swrI;1;eka}	viRNu{puM;1;eka}	karwA,6.1	karwA,6.1	1	022	16	vexa	qgvexa	maNdala-1
10.1	avanwu	3.1	avanwu	av1{karwari;lot;pra;bahu;parasmEpaxI;BvAxiH}	av1{karwari;lot;pra;bahu;parasmEpaxI;BvAxiH}	aBihiwa_karwA,9.1;sakarmaka	-	1	022	16	vexa	qgvexa	maNdala-1
2.1	yawaH	5.1	yawaH	yawaH{avya}	yawaH{avya}	viSeRaNam,3.1;sambanXaH,7.1	viSeRaNam,3.1	1	022	16	vexa	qgvexa	maNdala-1
3.1	pqWivyAH	8.1	pqWivyAH	pqWivI{swrI;5;eka}/pqWivI{swrI;6;eka}	pqWivI{swrI;5;eka}	apAxAnam,6.1	apAxAnam,6.1	1	022	16	vexa	qgvexa	maNdala-1
4.1	sapwa	9.1	sapwa	sapwan{saMKyeyam;1;bahu}/sapwan{saMKyeyam;2;bahu}	sapwan{saMKyeyam;3;bahu(supAMsulur_Bisluk)}	viSeRaNam,5.1	viSeRaNam,5.1	1	022	16	vexa	qgvexa	maNdala-1
5.1	XAmaBiH	10.1	XAmaBiH	XAman{napuM;3;bahu}	XAman{napuM;3;bahu}	karaNam,6.1	karaNam,6.1	1	022	16	vexa	qgvexa	maNdala-1
6.1	vicakrame	7.1	vicakrame	vi_kram{karmaNi;lit;pra;eka;AwmanepaxI;BvAxiH}/vi_kram1{karmaNi{lit;u;eka;AwmanepaxI;BvAxiH}	vi_kram{lit;pra;eka;AwmanepaxI;BvAxiH}	-	-	1	022	16	vexa	qgvexa	maNdala-1
7.1	awaH	1.1	awaH	awaH{avya}	awaH{avya}	apAxAnam,10.1	apAxAnam,10.1	1	022	16	vexa	qgvexa	maNdala-1
8.1	naH	4.1	naH	asmax{sarvanAma;2;bahu}/asmax{sarvanAma;6;bahu}/asmax{sarvanAma;4;bahu}/nq{puM;8;eka}	asmax{sarvanAma;2;bahu}	karma,10.1	karma,10.1	1	022	16	vexa	qgvexa	maNdala-1
9.1	xevAH	2.1	xevAH	xeva{puM;1;bahu}/xeva{puM;8;bahu}	xeva{puM;1;bahu}	karwA,10.1	karwA,10.1	1	022	16	vexa	qgvexa	maNdala-1
1.1	viRNuH	2.1	viRNuH	viRNu{puM;1;eka}/viRNu{swrI;1;eka}	viRNu{puM;1;eka}	karwA,3.1	karwA,3.1	1	022	17	vexa	qgvexa	maNdala-1
10.1	(aswi)	10.1	aswi	as{karwari;lat;pra;eka;parasmEpaxI;axAxiH}	as{karwari;lat;pra;eka;parasmEpaxI;axAxiH}	-	-	1	022	17	vexa	qgvexa	maNdala-1
2.1	ixaM	1.1	ixaM	ixam{sarvanAma;napuM;1;eka}/ixam{sarvanAma;napuM;2;eka}	ixam{sarvanAma;napuM;2;eka}	karma,3.1	karma,3.1	1	022	17	vexa	qgvexa	maNdala-1
3.1	vicakrame	3.1	vicakrame	vi_kram1{karmaNi;lit;pra;eka;AwmanepaxI;BvAxiH}/vi_kram1{karmaNi{lit;u;eka;AwmanepaxI;BvAxiH}	vi_kram1{karmaNi;lit;pra;eka;AwmanepaxI;BvAxiH}	-	-	1	022	17	vexa	qgvexa	maNdala-1
4.1	wreXA	4.1	wreXA	wreXA{avya}	wreXA{avya}	karaNam,6.1	karaNam,6.1	1	022	17	vexa	qgvexa	maNdala-1
5.1	paxaM	6.1	paxaM	pax{puM;2;eka}/paxa{napuM;1;eka}/paxa{napuM;2;eka}	paxa{napuM;2;eka}	karma,6.1	karma,6.1	1	022	17	vexa	qgvexa	maNdala-1
6.1	nixaXe	5.1	nixaXe	ni_XA1{karwari;lat;u;eka;AwmanepaxI;juhowyAxiH}/ni_XA1{karwari{lit;pra;eka;AwmanepaxI;juhowyAxiH}/ni_XA1{karwari{lit;u;eka;AwmanepaxI;juhowyAxiH}/ni_XA1{karmaNi{lit;pra;eka;AwmanepaxI;juhowyAxiH}/ni_XA1{karmaNi{lit;u;eka;AwmanepaxI;juhowyAxiH}	ni_XA1{karwari;lit;pra;eka;AwmanepaxI;juhowyAxiH}	aBihiwa_karwA,1.1;sakarmaka	-	1	022	17	vexa	qgvexa	maNdala-1
7.1	asya	8.1	asya	ixam{sarvanAma;puM;6;eka}/ixam{sarvanAma;napuM;6;eka}/as3{karwari;lot;ma;eka;parasmEpaxI;xivAxiH}	ixam{sarvanAma;puM;6;eka}	RaRTIsambanXaH,8.1	RaRTIsambanXaH,8.1	1	022	17	vexa	qgvexa	maNdala-1
8.1	pAMsure	9.1	pAMsure	pAMsura{puM;7;eka}/pAMsura{napuM;7;eka}	pAMsura{puM;7;eka}	aXikaraNam,10.1	aXikaraNam,10.1	1	022	17	vexa	qgvexa	maNdala-1
9.1	samUlYham	7.1	samUlYham	samUDa{puM;2;eka(sam_vah1;kwa;BvAxiH)}/samUDa{napuM;1;eka(sam_vah1;kwa;BvAxiH)}/samUDa{napuM;2;eka(sam_vah1;kwa;BvAxiH)}	samUDa{napuM;1;eka(sam_vah1;kwa;BvAxiH)}	karwA,10.1	karwA,9.1	1	022	17	vexa	qgvexa	maNdala-1
1.1	a-	6.1	a-xAByaH	a	a	samAsaH,1.2	samAsaH,1.2	1	022	18	vexa	qgvexa	maNdala-1
1.2	xAByaH	6.2	--	xABya{puM;1;eka}	xABya{puM;1;eka}	viSeRaNam,3.1	viSeRaNam,3.1	1	022	18	vexa	qgvexa	maNdala-1
2.1	gopAH	5.1	gopAH	gopa{puM;1;bahu}/gopA{puM;1;eka}/gopA{puM;1;bahu}/gopA{swrI;1;bahu}/gopA{swrI;2;bahu}/gopa{puM;8;bahu}	gopa{puM;1;eka}	viSeRaNam,3.1	viSeRaNam,3.1	1	022	18	vexa	qgvexa	maNdala-1
3.1	viRNuH	4.1	viRNuH	viRNu{puM;1;eka}/viRNu{swrI;1;eka}	viRNu{puM;1;eka}	karwA,9.1	karwA,9.1	1	022	18	vexa	qgvexa	maNdala-1
4.1	awaH	7.1	awaH	awaH{avya}	awaH{avya}	sambanXaH,9.1	sambanXaH,9.1	1	022	18	vexa	qgvexa	maNdala-1
5.1	wrINi	1.1	wrINi	wri{saMKyeyam;napuM;1;bahu}/wri{saMKyeyam;napuM;2;bahu}/wri{saMKyA;napuM;1;bahu}/wri{saMKyA;napuM;2;bahu}	wri{saMKyeyam;napuM;1;bahu}	viSeRaNam,6.1	viSeRaNam,6.1	1	022	18	vexa	qgvexa	maNdala-1
6.1	paxA	2.1	paxA	paxa{napuM;1;bahu}/paxa{napuM;2;bahu}/paxa{napuM;8;bahu}	paxa{napuM;1;bahu}	karma,9.1	karma,9.1	1	022	18	vexa	qgvexa	maNdala-1
7.1	XarmANi	8.1	XarmANi	Xarman{napuM;1;bahu}	Xarman{napuM;1;bahu}	karma,8.1	karma,8.1	1	022	18	vexa	qgvexa	maNdala-1
8.1	XArayan	9.1	XArayan	XArayaw{puM;1;eka}	XArayaw{puM;1;eka}	viSeRaNam,3.1	viSeRaNam,3.1	1	022	18	vexa	qgvexa	maNdala-1
9.1	vicakrame	3.1	vicakrame	vi_kram1{karmaNi;lit;pra;eka;AwmanepaxI;BvAxiH}/vi_kram1{karmaNi{lit;u;eka;AwmanepaxI;BvAxiH}/{karwari;lit;pra;eka;AwmanepaxI;BvAxiH}/{karwari;lit;u;eka;AwmanepaxI;BvAxiH}	vi_kram1{karwari;lit;pra;eka;AwmanepaxI;BvAxiH}	-	-	1	022	18	vexa	qgvexa	maNdala-1
1.1	viRNoH	-	viRNoH	viRNu{puM;5;eka}/viRNu{puM;6;eka}/viRNu{swrI;5;eka}/viRNu{swrI;6;eka}	viRNu{puM;6;eka}	RaRTIsambanXaH,2.1	RaRTIsambanXaH,2.1#hewuH5,3.1	1	022	19	vexa	qgvexa	maNdala-1
2.1	karmANi	-	karmANi	karman{napuM;1;bahu}/karman{napuM;2;bahu}/karman{napuM;8;bahu}	karman{napuM;1;bahu}	karma,3.1	karma,3.1	1	022	19	vexa	qgvexa	maNdala-1
3.1	paSyawa	-	paSyawa	xqS1{karwari;lot;ma;bahu;parasmEpaxI;BvAxiH}	xqS1{karwari;lot;ma;bahu;parasmEpaxI;BvAxiH}	-	-	1	022	19	vexa	qgvexa	maNdala-1
4.1	yawaH	-	yawaH	yawaH{avya}	yawaH{avya}	sambanXaH,6.1	-	1	022	19	vexa	qgvexa	maNdala-1
5.1	vrawAni	-	vrawAni	vrawa{napuM;1;bahu}/vrawa{napuM;2;bahu}/vrawa{napuM;8;bahu}	vrawa{napuM;1;bahu}	karma,6.1	-	1	022	19	vexa	qgvexa	maNdala-1
6.1	paspaSe	-	paspaSe	paspaSa{puM;7;eka}/paspaSa{napuM;7;eka}	spaS{lit;pra;eka}	-	-	1	022	19	vexa	qgvexa	maNdala-1
7.1	yujyaH	-	--	yujI{swrI;1;bahu}	yujI{swrI;1;bahu}	-	-	1	022	19	vexa	qgvexa	maNdala-1
8.1	saKA	-	--	saKi{puM;1;eka}	saKi{puM;1;eka}	-	-	1	022	19	vexa	qgvexa	maNdala-1
9.1	.	-	--	-	-	-	-	1	022	19	vexa	qgvexa	maNdala-1
1.1	sUrayaH	7.1	sUrayaH	sUri{puM;1;bahu}/sUri{puM;8;bahu}	sUri{puM;1;bahu}	karwA,7.1	karwA,7.1	1	022	20	vexa	qgvexa	maNdala-1
10.1	A-	10.1	A-wawaM	A	A	samAsaH,10.2	samAsaH,10.2	1	022	20	vexa	qgvexa	maNdala-1
10.2	wawaM	10.2	--	wawa{puM;2;eka}/wawa{napuM;1;eka}/wawa{napuM;2;eka}	wawa{puM;2;eka(wan;karmaNi;kwa)}	viSeRaNam,11.1	viSeRaNam,11.1	1	022	20	vexa	qgvexa	maNdala-1
11.1	cakRuH	9.1	cakRuH	cakRus{napuM;1;eka}/cakRus{napuM;2;eka}/cakRus{napuM;8;eka}	cakRus{napuM;2;eka}	upamAnam,5.1	upamAnam,5.1	1	022	20	vexa	qgvexa	maNdala-1
2.1	viRNoH	2.1	viRNoH	viRNu{puM;5;eka}/viRNu{puM;6;eka}/viRNu{swrI;5;eka}/viRNu{swrI;6;eka}	viRNu{puM;6;eka}	RaRTIsambanXaH,5.1	RaRTIsambanXaH,5.1	1	022	20	vexa	qgvexa	maNdala-1
3.1	paramaM	3.1	paramaM	paramam{avya}/parama{puM;2;eka}/parama{napuM;1;eka}/parama{napuM;2;eka}	parama{napuM;2;eka}	viSeRaNam,5.1	viSeRaNam,5.1	1	022	20	vexa	qgvexa	maNdala-1
4.1	waw	1.1	waw	wax{sarvanAma;napuM;1;eka}/wax{sarvanAma;napuM;2;eka}	wax{sarvanAma;napuM;2;eka}	viSeRaNam,5.1	viSeRaNam,5.1	1	022	20	vexa	qgvexa	maNdala-1
5.1	paxaM	4.1	paxaM	pax{puM;2;eka}/paxa{napuM;1;eka}/paxa{napuM;2;eka}	paxa{napuM;2;eka}	karma,7.1	karma,7.1	1	022	20	vexa	qgvexa	maNdala-1
6.1	saxA	5.1	saxA	saxA{avya}	saxA{avya}	kAlAXikaraNam,7.1	kAlAXikaraNam,7.1	1	022	20	vexa	qgvexa	maNdala-1
7.1	paSyanwi	6.1	paSyanwi	xqS1{karwari;lat;pra;bahu;parasmEpaxI;BvAxiH}/paSyanwI{swrI;8;eka}/paSyaw{napuM;1;bahu(xqS1;Sawq_lat;BvAxiH)}/paSyaw{napuM;2;bahu(xqS1;Sawq_lat;BvAxiH)}	xqS1{karwari;lat;pra;bahu;parasmEpaxI;BvAxiH}	aBihiwa_karwA,2.1;sakarmaka	aBihiwa_karwA,2.1;sakarmaka	1	022	20	vexa	qgvexa	maNdala-1
8.1	xivi	8..1	xivi	xiv{swrI;7;eka}	xiv{swrI;7;eka}	aXikaraNam,10.2	aXikaraNam,10.2	1	022	20	vexa	qgvexa	maNdala-1
9.1	iva	8.2	iva	iva{avya}	iva{avya}	upamAna_xyowakaH,11.1	upamAna_xyowakaH,11.1	1	022	20	vexa	qgvexa	maNdala-1
1.1	viRNoH	6.1	viRNoH	viRNu{puM;5;eka}/viRNu{puM;6;eka}/viRNu{swrI;5;eka}/viRNu{swrI;6;eka}	viRNu{puM;6;eka}	RaRTIsambanXaH,4.1	RaRTIsambanXaH,4.1	1	022	21	vexa	qgvexa	maNdala-1
10.1	sam_inXawe	5.1	sam_inXawe	sam_inX1{karwari;lat;pra;bahu;AwmanepaxI;ruXAxiH}	sam_inX1{karwari;lat;pra;bahu;AwmanepaxI;ruXAxiH}	aBihiwa_karwA,9.1	-	1	022	21	vexa	qgvexa	maNdala-1
2.1	yaw	7.1	yaw	yaw{avya}/yax{sarvanAma;napuM;1;eka}/yax{sarvanAma;napuM;2;eka}	yaw{sarvanAma;napuM;1;eka}	viSeRaNam,4.1	viSeRaNam,4.1	1	022	21	vexa	qgvexa	maNdala-1
3.1	paramaM	8.1	paramaM	paramam{avya}/parama{puM;2;eka}/parama{napuM;1;eka}/parama{napuM;2;eka}	parama{napuM;1;eka}	viSeRaNam,4.1	viSeRaNam,4.1	1	022	21	vexa	qgvexa	maNdala-1
4.1	paxam	9.1	paxam	pax{puM;2;eka}/paxa{napuM;1;eka}/paxa{napuM;2;eka}	paxa{napuM;1;eka}	karwA,5.1;sambanXaH,6.1	karwA,5.1	1	022	21	vexa	qgvexa	maNdala-1
5.1	(aswi)	10.1	aswi	as2{karwari;lat;pra;eka;parasmEpaxI;axAxiH}	as2{karwari;lat;pra;eka;parasmEpaxI;axAxiH}	aBihiwa_karwA,4.1	-	1	022	21	vexa	qgvexa	maNdala-1
6.1	waw(paxaM)	1.1	waw	wax{sarvanAma;napuM;1;eka}/wax{sarvanAma;napuM;2;eka}	wax{sarvanAma;napuM;2;eka}	karma,10.1	karma,10.1	1	022	21	vexa	qgvexa	maNdala-1
7.1	vi-	3.1	vi-panyavaH	vi	vi	samAsaH,7.2	samAsaH,7.2	1	022	21	vexa	qgvexa	maNdala-1
7.2	panyavaH	3.2	--	panyu{puM;1;bahu}	panyu{puM;1;bahu}	viSeRaNam,9.1	viSeRaNam,9.1	1	022	21	vexa	qgvexa	maNdala-1
8.1	jAgqvAMsaH	4.1	jAgqvAMsaH	jAgqvas{puM;1;bahu(jAgq;litaH_kvasu)}	jAgqvas{puM;1;bahu(jAgq;litaH_kvasu)}	viSeRaNam,9.1	viSeRaNam,9.1	1	022	21	vexa	qgvexa	maNdala-1
9.1	viprAsaH	2.1	viprAsaH	vipraviprA{swrI;1;bahu}/viprA{swrI;2;bahu}/vipra{puM;8;bahu}	vipra{puM;1;bahu}	karwA,10.1	karwA,10.1	1	022	21	vexa	qgvexa	maNdala-1
1.1	vAyo	7.1	vAyo	vAyu{puM;8;eka}	vAyu{puM;8;eka}	samboXyaH,11.1	samboXyaH,11.1	1	023	01	vexa	qgvexa	maNdala-1
10.1	wAn	8.1	wAn	wax{sarvanAma;puM;2;bahu}	wax{sarvanAma;puM;2;bahu}	karma,11.1	karma,11.1	1	023	01	vexa	qgvexa	maNdala-1
11.1	piba	10.1	piba	pA1{karwari;lot;ma;eka;parasmEpaxI;BvAxiH}	pA1{karwari;lot;ma;eka;parasmEpaxI;BvAxiH}	-	-	1	023	01	vexa	qgvexa	maNdala-1
2.1	ime	6.1	ime	ixam{sarvanAma;puM;1;bahu}/ixam{sarvanAma;napuM;1;xvi}/ixam{sarvanAma;napuM;2;xvi}/ixam{sarvanAma;swrI;1;xvi}/ixam{sarvanAma;swrI;2;xvi}	ixam{sarvanAma;puM;1;bahu}	viSeRaNam,5.1	viSeRaNam,5.1	1	023	01	vexa	qgvexa	maNdala-1
3.1	wIvAH	1.1	wIvAH	wIva{puM;1;bahu}	wIva{puM;1;bahu}	viSeRaNam,5.1	viSeRaNam,5.1	1	023	01	vexa	qgvexa	maNdala-1
4.1	ASIrvanwaH	4.1	ASIrvanwaH	ASIrvaw{puM;1;bahu}	ASIrvaw{puM;1;bahu}	viSeRaNam,5.1	viSeRaNam,5.1	1	023	01	vexa	qgvexa	maNdala-1
5.1	somAsaH	2.1	somAsaH	soma{puM;1;bahu}/soma{puM;8;bahu}	soma{puM;1;bahu}	karwA,6.1	karwA,6.1	1	023	01	vexa	qgvexa	maNdala-1
6.1	suwAH	5.0	suwAH	suwa{puM;1;bahu}/suwa{puM;1;bahu(Ru2;kwa;axAxiH)}/suwA{swrI;1;bahu(Ru2;kwa;axAxiH)}/suwA{swrI;2;bahu(Ru2;kwa;axAxiH)}/suwa{puM;1;bahu(Ru3;kwa;svAxiH)}/suwA{swrI;1;bahu(Ru3;kwa;svAxiH)}/suwA{swrI;2;bahu(Ru3;kwa;svAxiH)}	suwa{puM;1;bahu}	-	karma,11.1#karma,8.1#gawikarma,9.1	1	023	01	vexa	qgvexa	maNdala-1
7.1	(wvaM)	11.1	wvaM	yuRmax{sarvanAma;1;eka}	yuRmax{sarvanAma;1;eka}	karwA,8.1;karwA,11.1	karwA,8.1;karwA,11.1	1	023	01	vexa	qgvexa	maNdala-1
8.1	Agahi	3.1	Agahi	Af_gam1{karwari;lot;ma;eka;parasmEpaxI;BvAxiH}	Af_gam1{karwari;lot;ma;eka;parasmEpaxI;BvAxiH}	-	-	1	023	01	vexa	qgvexa	maNdala-1
9.1	prasWiwAn	9.1	prasWiwAn	prasWiwa{puM;2;bahu(pra_RWA1;kwa;BvAxiH)}	prasWiwa{puM;2;bahu(pra_RWA1;kwa;BvAxiH)}	viSeRaNam,10.1	viSeRaNam,10.1	1	023	01	vexa	qgvexa	maNdala-1
1.1	xivi-	3.1	xivi-spqSA	xivi	xivi	samAsaH,1.2	samAsaH,1.2	1	023	02	vexa	qgvexa	maNdala-1
1.2	spqSA(spqSO)	3.2	--	spqS{puM;1;xvi}/spqS{puM;2;xvi}/spqS{napuM;1;xvi}/spqS{napuM;2;xvi}/spqS{swrI;1;xvi}/spqS{swrI;2;xvi}/spqS{puM;8;xvi}/spqS{napuM;8;xvi}/spqS{swrI;8;xvi}/spqSi{swrI;7;eka}	spqS{puM;2;xvi}	viSeRaNam,4.2	aviSeRaNam,4.2	1	023	02	vexa	qgvexa	maNdala-1
2.1	uBA(uBO)	1.1	uBA	uBa{sarvanAma;puM;1;xvi}/uBa{sarvanAma;puM;2;xvi}/uBa{puM;8;xvi}	uBa{sarvanAma;puM;2;xvi}	viSeRaNam,4.2	viSeRaNam,4.2	1	023	02	vexa	qgvexa	maNdala-1
3.1	xevA(xevO)	2.1	xevA	xeva{puM;1;xvi}/xeva{puM;2;xvi}/xeva{puM;8;xvi}	xeva{puM;2;xvi}	viSeRaNam,4.2	viSeRaNam,4.2	1	023	02	vexa	qgvexa	maNdala-1
4.1	inxra-	4.1	inxra-vAyU	inxra	inxra	samAsaH,4.2	samAsaH,4.2	1	023	02	vexa	qgvexa	maNdala-1
4.2	vAyU	4.2	--	vAyu{puM;1;xvi}/vAyu{puM;2;xvi}/vAyu{puM;8;xvi}	vAyu{puM;2;xvi}	karma,8.1	karma,8.1	1	023	02	vexa	qgvexa	maNdala-1
5.1	asya	6.1	asya	ixam{sarvanAma;puM;6;eka}/ixam{sarvanAma;napuM;6;eka}/as3{karwari;lot;ma;eka;parasmEpaxI;xivAxiH}	ixam{sarvanAma;puM;6;eka}	viSeRaNam,6.1	viSeRaNam,6.1	1	023	02	vexa	qgvexa	maNdala-1
6.1	somasya	7.1	somasya	soma{puM;6;eka}	soma{puM;6;eka}	RaRTIsambanXaH,7.1	RaRTIsambanXaH,7.1	1	023	02	vexa	qgvexa	maNdala-1
7.1	pIwaye	8.1	pIwaye	pIwi{puM;4;eka}	pIwi{puM;4;eka}	prayojanam,8.1	prayojanam1,8.1	1	023	02	vexa	qgvexa	maNdala-1
8.1	havAmahe	5.1	hvayAmahe	hve1{karwari;lat;u;bahu;AwmanepaxI;BvAxiH}	hve1{karwari;lat;u;bahu;AwmanepaxI;BvAxiH}	-	-	1	023	02	vexa	qgvexa	maNdala-1
1.1	viprAH	3.1	viprAH	vipra{puM;1;bahu}/viprA{swrI;1;bahu}/viprA{swrI;2;bahu}/vipra{puM;8;bahu}	vipra{puM;1;bahu}	karwA,7.1	karwA,7.1	1	023	03	vexa	qgvexa	maNdala-1
2.1	Uwaye	5.1	Uwaye	Uwi{swrI;4;eka}	Uwi{swrI;4;eka}	prayojanam,7.1	prayojanam,7.1	1	023	03	vexa	qgvexa	maNdala-1
3.1	manas-	2.1	manas-juvA	manas	manas	samAsaH,3.2	samAsaH,3.2	1	023	03	vexa	qgvexa	maNdala-1
3.2	juvA(juvO)	2.1	--	jU{puM;2;xvi(jU;kvip)}	jU{puM;2;xvi(jU;kvip)}	viSeRaNam,6.2	viSeRaNam,6.2	1	023	03	vexa	qgvexa	maNdala-1
4.1	sahasra-	6.1	sahasra-akRA	sahasra	sahasra	samAsaH,4.2	samAsaH,4.2	1	023	03	vexa	qgvexa	maNdala-1
4.2	akRA(akRO)	6.2	--	akRa{puM;1;xvi}/akRa{puM;2;xvi}/akRa{puM;8;xvi}/akRi{puM;7;eka}	akRa{puM;2;xvi}	viSeRaNam,6.2	viSeRaNam,6.2	1	023	03	vexa	qgvexa	maNdala-1
5.1	XiyaH-	7.1	XiyaH-pawI	XiyaH	XiyaH	samAsaH,5.2	samAsaH,5.2	1	023	03	vexa	qgvexa	maNdala-1
5.2	pawI	7.2	--	pawi{puM;1;xvi}/pawi{puM;2;xvi}/pawi{puM;8;xvi}	pawi{puM;2;xvi}	viSeRaNam,6.2	viSeRaNam,6.2	1	023	03	vexa	qgvexa	maNdala-1
6.1	inxra-	1.1	inxra-vAyU	inxra	inxra	samAsaH,6.2	samAsaH,6.2	1	023	03	vexa	qgvexa	maNdala-1
6.2	vAyU	1.2	--	vAyu{puM;1;xvi}/vAyu{puM;2;xvi}/vAyu{puM;8;xvi}	vAyu{puM;2;xvi}	karma,7.1	karma,7.1	1	023	03	vexa	qgvexa	maNdala-1
7.1	havanwe	4.1	havanwe	hve1{karwari;lat;pra;bahu;AwmanepaxI;BvAxiH}	hve1{karwari;lat;pra;bahu;AwmanepaxI;BvAxiH}	aBihiwa_karwA,1.1;sakarmaka	-	1	023	03	vexa	qgvexa	maNdala-1
1.1	vayaM	2.1	vayaM	asmax{sarvanAma;1;bahu}	asmax{sarvanAma;1;bahu}	karwA,8.1	karwA,8.1	1	023	04	vexa	qgvexa	maNdala-1
2.1	soma-	5.1	soma-pIwaye	soma}/soman	soma	samAsaH,2.2	samAsaH,2.2	1	023	04	vexa	qgvexa	maNdala-1
2.2	pIwaye	5.2	--	pIwi{puM;4;eka}	pIwi{puM;4;eka}	prayojanam,8.1	prayojanam,8.1	1	023	04	vexa	qgvexa	maNdala-1
3.1	jajFAnA(jajFAnO)	6.1	jajFAnA	jajFAna{puM;2;xvi(jan;lit_kAnac)}	jajFAna{puM;2;xvi(jan;lit_kAnac)}	viSeRaNam,6.1	viSeRaNam,6.1	1	023	04	vexa	qgvexa	maNdala-1
4.1	pUwa-	7.1	pUwa-xakRasO	pUwa(pU1;kwa;BvAxiH)}/pUwa(pU2{kwa;kryAxiH)}/pUwa(pUy1{kwa;BvAxiH)	pUwa(pU1;kwa;BvAxiH)	samAsaH,4.2	samAsaH,4.2	1	023	04	vexa	qgvexa	maNdala-1
4.2	xakRasA(xakRasO)	7.2	--	xakRas{puM;2;xvi}	xakRas{puM;2;xvi}	viSeRaNam,6.1	viSeRaNam,6.1	1	023	04	vexa	qgvexa	maNdala-1
5.1	miwraM	1.1	miwraM	miwra{puM;2;eka}/miwra{napuM;1;eka}/miwra{napuM;2;eka}	miwra{puM;2;eka}	samucciwaH,6.1	samucciwaH,6.1	1	023	04	vexa	qgvexa	maNdala-1
6.1	varuNaM	4.1	varuNaM	varuNa{puM;2;eka}	varuNa{puM;2;eka}	karma,8.1	karma,8.1	1	023	04	vexa	qgvexa	maNdala-1
7.1	(ca)	8.1	ca	ca{avya}	ca{avya}	samuccaya_xyowakaH,6.1	\@t samuccaya_xyowakaH,6.1	1	023	04	vexa	qgvexa	maNdala-1
8.1	havAmahe	3.1	havAmahe	hve1{karwari;lat;u;bahu;AwmanepaxI;BvAxiH}	hve1{karwari;lat;u;bahu;AwmanepaxI;BvAxiH}	aBihiwa_karwA,1.1;sakarmaka	-	1	023	04	vexa	qgvexa	maNdala-1
1.1	yO[miwrAvaruNO]	2.1	yO	yax{sarvanAma;puM;1;xvi}/yax{sarvanAma;puM;2;xvi}	yax{sarvanAma;puM;1;xvi}	karwA,7.1;niwya_sambanXaH1,8.1	karwA,7.1;niwya_sambanXaH1,8.1	1	023	05	vexa	qgvexa	maNdala-1
10.1	(ahaM)	11.1	ahaM	asmax{sarvanAma;1;eka}	asmax{sarvanAma;1;eka}	karwA,11.1	karwA,11.1	1	023	05	vexa	qgvexa	maNdala-1
11.1	huve	9.1	huve	hve1{karwari;lat;u;eka;AwmanepaxI;BvAxiH}	hve1{karwari;lat;u;eka;AwmanepaxI;BvAxiH}	aBihiwa_karwA,10.1;sakarmaka	-	1	023	05	vexa	qgvexa	maNdala-1
2.1	qwena	1.1	qwena	qwa{napuM;3;eka}/qwa{puM;3;eka(q1;kwa;BvAxiH)}/qwa{napuM;3;eka(q1;kwa;BvAxiH)}/qwa{puM;3;eka(q2;kwa;juhowyAxiH)}/qwa{napuM;3;eka(q2;kwa;juhowyAxiH)}	qwa{napuM;3;eka(q1;kwa;BvAxiH)}	karaNam,6.2	karaNam,6.2	1	023	05	vexa	qgvexa	maNdala-1
3.1	qwasya	4.1	qwasya	qwa{napuM;6;eka}/qwa{puM;6;eka(q1;kwa;BvAxiH)}/qwa{napuM;6;eka(q1;kwa;BvAxiH)}/qwa{puM;6;eka(q2;kwa;juhowyAxiH)}/qwa{napuM;6;eka(q2;kwa;juhowyAxiH)}	qwa{puM;6;eka(q1;kwa;BvAxiH)}	viSeRaNam,4.1	viSeRaNam,4.1	1	023	05	vexa	qgvexa	maNdala-1
4.1	jyowiRaH	5.1	jyowiRaH	jyowis{puM;1;bahu}/jyowis{puM;2;bahu}/jyowis{puM;5;eka}/jyowis{puM;6;eka}/jyowis{napuM;5;eka}/jyowis{napuM;6;eka}/jyowis{puM;8;bahu}	jyowis{puM;6;eka}	RaRTIsambanXaH,5.1	RaRTIsambanXaH,5.1	1	023	05	vexa	qgvexa	maNdala-1
5.1	pawI	6.1	pawI	pawi{puM;1;xvi}/pawi{puM;2;xvi}/pawi{puM;8;xvi}	pawi{puM;1;xvi}	viSeRaNam,1.1	viSeRaNam,1.1	1	023	05	vexa	qgvexa	maNdala-1
6.1	qwA-	3.1	qwA-vqXO	qwA(q1;kwa;BvAxiH)}/qwA(q2{kwa;juhowyAxiH)	qwA(q1;kwa;BvAxiH)	samAsaH,6.2	samAsaH,6.2	1	023	05	vexa	qgvexa	maNdala-1
6.2	vqXO	3.2	--	vqX(puM;1;xvi;(vqX;kvip;BvAxiH)}	vqX(puM;1;xvi;(vqX;kvip;BvAxiH)}	karwA,1.1	karwA,1.1	1	023	05	vexa	qgvexa	maNdala-1
7.1	(swaH)	10.1	swaH	as2{karwari;lat;pra;xvi;parasmEpaxI;axAxiH}/swq{puM;8;eka}	as2{karwari;lat;pra;xvi;parasmEpaxI;axAxiH}	-	-	1	023	05	vexa	qgvexa	maNdala-1
8.1	wA(wO)	7.1	wA	wax{sarvanAma;puM;1;xvi}/wax{sarvanAma;puM;2;xvi}	wax{sarvanAma;puM;2;xvi}	viSeRaNam,9.2	viSeRaNam,9.2	1	023	05	vexa	qgvexa	maNdala-1
9.1	miwrA-	8.1	miwrA-varuNA	miwrA	miwrA	samAsaH,9.2	samAsaH,9.2	1	023	05	vexa	qgvexa	maNdala-1
9.2	varuNA(varuNO)	8.2	--	varuNa{puM;1;xvi}/varuNa{puM;2;xvi}/varuNa{puM;8;xvi}	varuNa{puM;2;xvi}	karma,11.1	karma,11.1	1	023	05	vexa	qgvexa	maNdala-1
1.1	varuNaH	1.1	varuNaH	varuNa{puM;1;eka}	varuNa{puM;1;eka}	samucciwaH,2.1	samucciwaH,2.1	1	023	06	vexa	qgvexa	maNdala-1
10.1	su-	9.1	su-rAXasaH	su	su	samAsaH,10.2	samAsaH,10.2	1	023	06	vexa	qgvexa	maNdala-1
10.2	rAXasaH	9.2	--	rAXas{puM;2;bahu}	rAXas{puM;2;bahu}	karma,11.1	karma,11.1	1	023	06	vexa	qgvexa	maNdala-1
11.1	karawAm	7.1	karawAm	kq{karwari;lot;pra;xvi;parasmEpaxI;BvAxiH	kq{karwari;lot;pra;xvi;parasmEpaxI;BvAxiH	-	-	1	023	06	vexa	qgvexa	maNdala-1
2.1	miwraH	4.1	miwraH	miwra{puM;1;eka}	miwra{puM;1;eka}	karwA,7.1	karwA,7.1	1	023	06	vexa	qgvexa	maNdala-1
3.1	(ca)	10.1	ca	ca{avya}	ca{avya}	samuccaya_xyowakaH,2.1	samuccaya_xyowakaH,2.1	1	023	06	vexa	qgvexa	maNdala-1
4.1	viSvABiH	5.1	viSvABiH	viSvA{sarvanAma;swrI;3;bahu}	viSvA{sarvanAma;swrI;3;bahu}	karaNam,5.1	karaNam,5.1	1	023	06	vexa	qgvexa	maNdala-1
5.1	UwiBiH	6.1	UwiBiH	Uwi{swrI;3;bahu}	Uwi{swrI;3;bahu}	karaNam,6.2	karaNam,6.2	1	023	06	vexa	qgvexa	maNdala-1
6.1	pra-	2.1	pra-aviwA	pra	pra	samAsaH,6.2	samAsaH,6.2	1	023	06	vexa	qgvexa	maNdala-1
6.2	aviwA	2.2	--	av1{karwari;lut;pra;eka;parasmEpaxI;BvAxiH}/av1{karmaNi;lut;pra;eka;AwmanepaxI;BvAxiH}/aviwA{swrI;1;eka(ava_i1;kwa;axAxiH)}/aviwq{puM;1;eka(av1;wqc;BvAxiH)}/aviwA{swrI;1;eka(av1;kwa;BvAxiH)}	aviwq{puM;1;eka(av1;wqc;BvAxiH)}	viXeya_viSeRaNam,2.1	viXeya_viSeRaNam,2.1	1	023	06	vexa	qgvexa	maNdala-1
7.1	Buvaw	3.1	Buvaw	BU1{karwari;let;pra;eka;parasmEpaxI;BvAxiH}	BU1{karwari;let;pra;eka;parasmEpaxI;BvAxiH}	aBihiwa_karwA,2.1;sakarmaka	-	1	023	06	vexa	qgvexa	maNdala-1
8.1	(wO)	10.1	-	wax{sarvanAma;puM;1;xvi}	wax{sarvanAma;puM;1;xvi}	karwA,11.1	-#karwA,11.1	1	023	06	vexa	qgvexa	maNdala-1
9.1	naH	8.1	naH	asmax{sarvanAma;2;bahu}/asmax{sarvanAma;6;bahu}/asmax{sarvanAma;4;bahu}/nq{puM;8;eka}	asmax{sarvanAma;2;bahu}	viSeRaNam,10.2	viSeRaNam,10.2	1	023	06	vexa	qgvexa	maNdala-1
1.1	maruwvanwaM	1.1	maruwvanwaM	maruw{mawup;puM;2;eka}	maruw{mawup;puM;2;eka}	viSeRaNam,2.1	viSeRaNam,2.1	1	023	07	vexa	qgvexa	maNdala-1
2.1	inxraM	3.1	inxraM	inxra{puM;2;eka}	inxra{puM;2;eka}	karma,4.1	karma,4.1	1	023	07	vexa	qgvexa	maNdala-1
3.1	soma-	4.1	soma-pIwaye	soma}/soman	soma	samAsaH,3.2	samAsaH,3.2	1	023	07	vexa	qgvexa	maNdala-1
3.2	pIwaye	4.2	--	pIwi{puM;4;eka}	pIwi{puM;4;eka}	prayojanam,4.1	prayojanam1,4.1	1	023	07	vexa	qgvexa	maNdala-1
4.1	A_havAmahe	2.1	A_havAmahe	A_hve1{karwari;lat;u;bahu;AwmanepaxI;BvAxiH}	A_hve1{karwari;lat;u;bahu;AwmanepaxI;BvAxiH}	-	-	1	023	07	vexa	qgvexa	maNdala-1
5.1	gaNena	6.1	gaNena	gaNa{puM;3;eka}	gaNa{puM;3;eka}	sahArWaH,8.1	sahArWaH,8.1	1	023	07	vexa	qgvexa	maNdala-1
6.1	sajUH	5.1	sajUH	sajuR{swrI;1;eka}/sajuR{swrI;8;eka}	sajuR{swrI;1;eka(samAna_juR;kvip)}	sahArWa_xyowakaH,5.1	sahArWa_xyowakaH,5.1	1	023	07	vexa	qgvexa	maNdala-1
7.1	(inxraH)	8.1	-	inxra{puM;1;eka}	inxra{puM;1;eka}	karwA,8.1	-#karwA,8.1	1	023	07	vexa	qgvexa	maNdala-1
8.1	wqmpawu	7.1	wqmpawu	wqmp{karwari;lot;pra;eka;parasmEpaxI;wuxAxiH}	wqmp{karwari;lot;pra;eka;parasmEpaxI;wuxAxiH}	-	-	1	023	07	vexa	qgvexa	maNdala-1
1.1	inxra-	1.1	inxra-jyeRTAH	inxra	inxra	samAsaH,1.2	samAsaH,1.2	1	023	08	vexa	qgvexa	maNdala-1
1.2	jyeRTAH	1.2	--	jyeRTa{puM;1;bahu}/jyeRTA{swrI;1;bahu}/jyeRTA{swrI;2;bahu}/jyeRTa{puM;8;bahu}/jyeRTA{swrI;8;bahu}	jyeRTa{puM;8;bahu}	viSeRaNam,5.1	viSeRaNam,5.1	1	023	08	vexa	qgvexa	maNdala-1
2.1	maruw-	2.1	maruw-gaNAH	maruw	maruw	samAsaH,2.2	samAsaH,2.2	1	023	08	vexa	qgvexa	maNdala-1
2.2	gaNAH	2.2	--	gaNa{puM;1;bahu}/gaNa{puM;8;bahu}/gaNA{swrI;8;bahu}/gaNA{swrI;1;bahu}/gaNA{swrI;2;bahu}	gaNa{puM;8;bahu}	viSeRaNam,5.1	viSeRaNam,5.1	1	023	08	vexa	qgvexa	maNdala-1
3.1	pURa-	4.1	pURa-rAwayaH	pURa}/pURan	pURa	samAsaH,3.2	samAsaH,3.2	1	023	08	vexa	qgvexa	maNdala-1
3.2	rAwayaH	4.2	--	rAwi{puM;8;bahu}	rAwi{puM;8;bahu}	viSeRaNam,5.1	viSeRaNam,5.1	1	023	08	vexa	qgvexa	maNdala-1
4.1	viSve	5.1	viSve	viSva{sarvanAma;puM;1;bahu}/viSva{sarvanAma;napuM;1;xvi}/viSva{sarvanAma;napuM;2;xvi}/viSva{puM;7;eka}/viSva{napuM;7;eka}	viSva{sarvanAma;puM;8;bahu}	viSeRaNam,5.1	viSeRaNam,5.1	1	023	08	vexa	qgvexa	maNdala-1
5.1	xevAsaH	3.1	xevAsaH	xeva{puM;1;bahu}/xeva{puM;8;bahu}	xeva{puM;8;bahu}	samboXyaH,9.1	samboXyaH,9.1	1	023	08	vexa	qgvexa	maNdala-1
6.1	(yUyaM)	9.1	yUyaM	yuRmax{sarvanAma;puM;1;bahu}	yuRmax{sarvanAma;puM;1;bahu}	karwA,9.1	karwA,9.1	1	023	08	vexa	qgvexa	maNdala-1
7.1	mama	6.1	mama	asmax{sarvanAma;6;eka}	asmax{sarvanAma;6;e}	RaRTIsambanXaH,8.1	RaRTIsambanXaH,8.1	1	023	08	vexa	qgvexa	maNdala-1
8.1	havam	8.1	havam	hava{puM;2;eka}	hava{puM;2;ekaka}	karma,9.1	karma,9.1	1	023	08	vexa	qgvexa	maNdala-1
9.1	SruwA(Sruwa)	7.1	SruwA	Sru{karwari;lot;ma;bahu;parasmEpaxI;BvAxiH}	Sru{karwari;lot;ma;bahu;parasmEpaxI;BvAxiH}	-	-	1	023	08	vexa	qgvexa	maNdala-1
1.1	su-	3.1	su-xAnavaH	su	su	samAsaH,1.2	samAsaH,1.2	1	023	09	vexa	qgvexa	maNdala-1
1.2	xAnavaH	3.2	--	xAnu{puM;8;bahu(xA;nu)}	xAnu{puM;8;bahu(xA;nu)}	samboXyaH,7.1	samboXyaH,7.1	1	023	09	vexa	qgvexa	maNdala-1
10.1	mA	7.1	mA	mA{avya}	mA{avya}	prawiReXaH,11.1	prawiReXaH,11.1	1	023	09	vexa	qgvexa	maNdala-1
11.1	ISawa	10.1	ISawa	IS1{karwari;laf;pra;eka;AwmanepaxI;axAxiH}	IS1{karwari;laf;pra;eka;AwmanepaxI;axAxiH}	-	-	1	023	09	vexa	qgvexa	maNdala-1
2.1	sahasA	5.1	sahasA	sahasA{avya}	sahasA{avya}	viSeRaNam,3.1	viSeRaNam,3.1	1	023	09	vexa	qgvexa	maNdala-1
3.1	inxreNa	4.1	inxreNa	inxra{puM;3;eka}	inxra{puM;3;eka}	sahArWaH,7.1	sahArWaH,7.1	1	023	09	vexa	qgvexa	maNdala-1
4.1	yujA	6.1	yujA	yuj{puM;3;eka}	yuj{puM;3;eka(yuj;kvin)}	viSeRaNam,3.1	viSeRaNam,3.1	1	023	09	vexa	qgvexa	maNdala-1
5.1	(yUyaM)	11.1	yUyaM	yuRmax{sarvanAma;puM;1;bahu}	yuRmax{sarvanAma;puM;1;bahu}	karwA,7.1	karwA,7.1	1	023	09	vexa	qgvexa	maNdala-1
6.1	vqwraM	2.1	vqwraM	vqwra{puM;2;eka}/vqwra{napuM;1;eka}/vqwra{napuM;2;eka}	vqwra{puM;2;eka}	karma,7.1	karma,7.1	1	023	09	vexa	qgvexa	maNdala-1
7.1	hawa	1.1	hawa	han1{karwari;lot;ma;bahu;parasmEpaxI;axAxiH}	han1{karwari;lot;ma;bahu;parasmEpaxI;axAxiH}	-	-	1	023	09	vexa	qgvexa	maNdala-1
8.1	xuH-	9.1	xuH-SaMsaH	xur	xur	samAsaH,8.2	samAsaH,8.2	1	023	09	vexa	qgvexa	maNdala-1
8.2	SaMsaH	9.2	--	SaMsa{puM;1;eka}	SaMsa{puM;1;eka(SaMs;Kal)}	karwA,11.1	karwA,11.1	1	023	09	vexa	qgvexa	maNdala-1
9.1	naH	8.1	naH	asmax{sarvanAma;2;bahu}/asmax{sarvanAma;6;bahu}/asmax{sarvanAma;4;bahu}/nq{puM;8;eka}	asmax{sarvanAma;2;bahu}	karma,11.1	karma,11.1	1	023	09	vexa	qgvexa	maNdala-1
1.1	hi	7.1	hi	hi{avya}	hi{avya}	sambanXaH,8.1	sambanXaH,8.1	1	023	10	vexa	qgvexa	maNdala-1
2.1	ugrAH	6.1	ugrAH	ugra{puM;1;bahu}/ugrA{swrI;1;bahu}/ugrA{swrI;2;bahu}/ugra{puM;8;bahu}	ugra{puM;2;bahu}	viSeRaNam,6.1	viSeRaNam,6.1	1	023	10	vexa	qgvexa	maNdala-1
3.1	pqSni-	8.1	pqSni-mAwaraH	pqSni}/pqSnI	pqSni	samAsaH,3.2	samAsaH,3.2	1	023	10	vexa	qgvexa	maNdala-1
3.2	mAwaraH	8.2	--	mAwq{swrI;1;bahu}/mAwq{swrI;8;bahu}/mAwq{puM;8;bahu}/mAwq{puM;1;bahu}/mAwq{puM;2;bahu}	mAwq{puM;2;bahu}	viSeRaNam,6.1	viSeRaNam,6.1	1	023	10	vexa	qgvexa	maNdala-1
4.1	viSvAn	1.1	viSvAn	viSva{puM;2;bahu}/viSva{sarvanAma;puM;2;bahu}	viSva{puM;2;bahu}	viSeRaNam,5.1	viSeRaNam,5.1	1	023	10	vexa	qgvexa	maNdala-1
5.1	xevAn	2.1	xevAn	xeva{puM;2;bahu}	xeva{puM;2;bahu}	viSeRaNam,6.1	#viSeRaNam,6.1	1	023	10	vexa	qgvexa	maNdala-1
6.1	maruwaH	4.1	-	maruw{puM;1;bahu}/maruw{puM;2;bahu}/maruw{puM;5;eka}/maruw{puM;6;eka}/maruwa{puM;1;eka}/maruw{puM;8;bahu}	maruw{puM;2;bahu}	karma,8.1	karma,8.1	1	023	10	vexa	qgvexa	maNdala-1
7.1	soma-	5.1	soma-pIwaye	soma}/soman	soma	samAsaH,7.2	samAsaH,7.2	1	023	10	vexa	qgvexa	maNdala-1
7.2	pIwaye	5.2	--	pIwi{puM;4;eka}	pIwi{puM;4;eka}	prayojanam,8.1	prayojanam1,8.1	1	023	10	vexa	qgvexa	maNdala-1
8.1	havAmahe	3.1	havAmahe	hve1{karwari;lat;u;bahu;AwmanepaxI;BvAxiH}	hve1{karwari;lat;u;bahu;AwmanepaxI;BvAxiH}	-	-	1	023	10	vexa	qgvexa	maNdala-1
1.1	jayawAM	1.1	jayawAM	ji1{karwari;lot;pra;xvi;parasmEpaxI;BvAxiH}/jayaw{puM;6;bahu(ji1;Sawq_lat;BvAxiH)}/jayaw{napuM;6;bahu(ji1;Sawq_lat;BvAxiH)}	jayaw{puM;6;bahu(ji1;Sawq_lat;BvAxiH)}	upamAnam,3.1	upamAnam,3.1	1	023	11	vexa	qgvexa	maNdala-1
10.1	SuBaM	8.1	SuBaM	SuBa{puM;2;eka}/SuBa{napuM;1;eka}/SuBa{napuM;2;eka}	SuBa{napuM;2;eka}	karma,12.1	karma,12.1	1	023	11	vexa	qgvexa	maNdala-1
11.1	(yUyaM)	12.1	-	{sarvanAma;puM;1;eka}	{sarvanAma;puM;1;eka}	karwA,12.1	-#karwA,12.1	1	023	11	vexa	qgvexa	maNdala-1
12.1	yAWanA(yAWana)	9.1	yAWana	yA{karwari;lot;ma;bahu;parasmEpaxI;axAxiH}	yA{karwari;lot;ma;bahu;parasmEpaxI;axAxiH}	-	-	1	023	11	vexa	qgvexa	maNdala-1
2.1	iva	2.1	iva	iva{avya}	iva{avya}	upamAna_xyowakaH,1.1	upamAna_xyowakaH,1.1	1	023	11	vexa	qgvexa	maNdala-1
3.1	maruwAM	4.1	maruwAM	maruw{puM;6;bahu}	maruw{puM;6;bahu}	RaRTIsambanXaH,5.1	RaRTIsambanXaH,5.1	1	023	11	vexa	qgvexa	maNdala-1
4.1	XqRNuyA	6.1	XqRNuyA	XqRNuyA{puM;1;eka(XqR;knu;supAM_yAc)}	XqRNuyA{puM;1;eka(XqR;knu;supAM_yAc)}	viSeRaNam,5.1	viSeRaNam,5.1	1	023	11	vexa	qgvexa	maNdala-1
5.1	wanyawuH	3.1	wanyawuH	wanyawu{puM;1;eka(wana;yawuc)}	wanyawu{puM;1;eka(wan;yawuc)}	karwA,7.1	karwA,7.1	1	023	11	vexa	qgvexa	maNdala-1
6.1	(waxA)	11.1	-	wax{sarvanAma;avyayaH}	wax{sarvanAma;avyayaH}	aXikaraNam,7.1	-#aXikaraNam,7.1	1	023	11	vexa	qgvexa	maNdala-1
7.1	ewi	5.1	ewi	i1{karwari;lat;pra;eka;parasmEpaxI;axAxiH}	i1{karwari;lat;pra;eka;parasmEpaxI;axAxiH}	-	-	1	023	11	vexa	qgvexa	maNdala-1
8.1	naraH	10.1	naraH	nq{puM;1;bahu}/nara{puM;1;eka}/nq{puM;8;bahu}	nq{puM;8;bahu}	samboXyaH,12.1	samboXyaH,12.1	1	023	11	vexa	qgvexa	maNdala-1
9.1	yaw(yaxA)	7.1	yaw	yaw{avya}	yaw{avya}	viSeRaNam,10.1	viSeRaNam,10.1	1	023	11	vexa	qgvexa	maNdala-1
1.1	awaH(anwarikRAw)	4.1	-	awaH{avya}	awaH{avya}	apAxAnam,4.2	apAxAnam,4.2	1	023	12	vexa	qgvexa	maNdala-1
10.1	mqlYayanwu	9.1	mqlYayanwu	mqd1{karwari;Nic;lot;pra;bahu;parasmEpaxI;wuxAxiH}	mqd1{karwari;Nic;lot;pra;bahu;parasmEpaxI;wuxAxiH}	aBihiwa_karwA,10.1;sakarmaka	-	1	023	12	vexa	qgvexa	maNdala-1
2.1	has-	1.1	has-kArAw	has	has	samAsaH,2.2	samAsaH,2.2	1	023	12	vexa	qgvexa	maNdala-1
2.2	kArAw	1.2	--	kAra{puM;5;eka}/kAra{napuM;5;eka}	kAra{puM;5;eka}	viSeRaNam,3.1	viSeRaNam,3.1	1	023	12	vexa	qgvexa	maNdala-1
3.1	vixyuwaH	2.1	vixyuwaH	vixyuw{swrI;1;bahu}/vixyuw{swrI;2;bahu}/vixyuw{swrI;5;eka}/vixyuw{swrI;6;eka}/vixyuw{swrI;8;bahu}	vixyuw{swrI;5;eka}	apAxAnam,4.2	apAxAnam,4.2	1	023	12	vexa	qgvexa	maNdala-1
4.1	pari-	3.1	pari-jAwAH	pari	pari	samAsaH,4.2	samAsaH,4.2	1	023	12	vexa	qgvexa	maNdala-1
4.2	jAwAH	5.1	--	jAwa{puM;1;bahu(jan2;kwa;xivAxiH)}/jAwA{swrI;1;bahu(jan2;kwa;xivAxiH)}/jAwA{swrI;2;bahu(jan2;kwa;xivAxiH)}/jAwa{puM;8;bahu}/jAwA{swrI;8;bahu}	jAwa{puM;1;bahu(jan2;kwa;xivAxiH)}	viSeRaNam,5.1	viSeRaNam,5.1	1	023	12	vexa	qgvexa	maNdala-1
5.1	(maruwaH)	11.1	maruwaH	maruw{puM;1;bahu}/maruw{puM;2;bahu}/maruw{puM;5;eka}/maruw{puM;6;eka}/maruwa{puM;1;eka}/maruw{puM;8;bahu}	maruw{puM;1;bahu}	karwA,7.1	karwA,7.1	1	023	12	vexa	qgvexa	maNdala-1
6.1	naH	7.1	naH	asmax{sarvanAma;2;bahu}/asmax{sarvanAma;6;bahu}/asmax{sarvanAma;4;bahu}/nq{puM;8;eka}	asmax{sarvanAma;2;bahu}	karma,7.1	karma,7.1	1	023	12	vexa	qgvexa	maNdala-1
7.1	avanwu	6.1	avanwu	av1{karwari;lot;pra;bahu;parasmEpaxI;BvAxiH}	av1{karwari;lot;pra;bahu;parasmEpaxI;BvAxiH}	aBihiwa_karwA,5.1;sakarmaka	-	1	023	12	vexa	qgvexa	maNdala-1
8.1	maruwaH	8.1	maruwaH	maruw{puM;1;bahu}/maruw{puM;2;bahu}/maruw{puM;5;eka}/maruw{puM;6;eka}/maruwa{puM;1;eka}/maruw{puM;8;bahu}	maruw{puM;1;bahu}	karwA,10.1	karwA,10.1	1	023	12	vexa	qgvexa	maNdala-1
9.1	naH	10.1	naH	asmax{sarvanAma;2;bahu}/asmax{sarvanAma;6;bahu}/asmax{sarvanAma;4;bahu}/nq{puM;8;eka}	asmax{sarvanAma;2;bahu}	karma,10.1	karma,10.1	1	023	12	vexa	qgvexa	maNdala-1
1.1	aja	8.1	-	aja{puM;8;eka}	aja{puM;8;eka}	samboXyaH,5.1	-#samboXyaH,5.1	1	023	13	vexa	qgvexa	maNdala-1
10.1	ciwra-	3.1	ciwra-barhiRaM	ciwra	ciwra	samAsaH,10.2	samAsaH,10.2	1	023	13	vexa	qgvexa	maNdala-1
10.2	barhiRaM	3.2	--	barhis{puM;2;eka}	barhis{puM;2;eka}	viSeRaNam,11.1	viSeRaNam,11.1	1	023	13	vexa	qgvexa	maNdala-1
11.1	XaruNaM	5.1	XaruNaM	XaruNa{puM;2;eka}	XaruNa{puM;2;eka}	karma,13.1	karma,13.1	1	023	13	vexa	qgvexa	maNdala-1
12.1	(wvaM)	13.1	wvaM	yuRmax{sarvanAma;1;eka}	yuRmax{sarvanAma;1;eka}	karwA,13.1	karwA,13.1	1	023	13	vexa	qgvexa	maNdala-1
13.1	A_(hara)	7.1	A_aja	A_hq1{karwari;lot;ma;eka;parasmEpaxI;BvAxiH}	A_hq1{karwari;lot;ma;eka;parasmEpaxI;BvAxiH}	aBihiwa_karwA,12.1;sakarmaka	-	1	023	13	vexa	qgvexa	maNdala-1
2.1	yaWA	10.1	yaWA	yaWA{avya}	yaWA{avya}	sambanXaH,5.1;niwya_sambanXaH,6.1	sambanXaH,5.1;niwya_sambanXaH,6.1	1	023	13	vexa	qgvexa	maNdala-1
3.1	naRtaM	9.1	naRtaM	naRta{puM;2;eka(NaS1;kwa;xivAxiH)}/naRta{napuM;1;eka(NaS1;kwa;xivAxiH)}/naRta{napuM;2;eka(NaS1;kwa;xivAxiH)}	naRta{puM;2;eka(naS;kwa;xivAxiH)}	viSeRaNam,4.1	viSeRaNam,4.1	1	023	13	vexa	qgvexa	maNdala-1
4.1	paSuM	11.1	paSuM	paSu{puM;2;eka}	paSu{puM;2;eka}	karma,5.1	karma,5.1	1	023	13	vexa	qgvexa	maNdala-1
5.1	A_(harawi)	1.1	ajawi	A_hq{karwari;lat;pra;eka;parasmEpaxI;BvAxiH}	A_hq{karwari;lat;pra;eka;parasmEpaxI;BvAxiH}	-	-	1	023	13	vexa	qgvexa	maNdala-1
6.1	(waWA)	12.1	waWA	waWA{avya}	waWA{avya}	sambanXaH,13.1	sambanXaH,13.1	1	023	13	vexa	qgvexa	maNdala-1
7.1	A-	4.1	A-GqNe	A	A	samAsaH,7.2	samAsaH,7.2	1	023	13	vexa	qgvexa	maNdala-1
7.2	GqNe	4.2	--	GqNA{swrI;1;xvi}/GqNA{swrI;2;xvi}/GqNA{swrI;8;eka}/GqNA{swrI;8;xvi}/GqNi{puM;8;eka}/GqNa{puM;7;eka}/GqNa{napuM;8;xvi}/GqNa{napuM;1;xvi}/GqNa{napuM;2;xvi}/GqNa{napuM;7;eka}/GqNi{napuM;8;eka}/GqNi{napuM;1;eka}/GqNi{napuM;2;eka}	GqNi{puM;8;eka}	viSeRaNam,8.1	viSeRaNam,8.1	1	023	13	vexa	qgvexa	maNdala-1
8.1	pURan	2.1	-	pURan{puM;8;eka}	pURan{puM;8;eka}	samboXyaH,13.1	-#samboXyaH,13.1	1	023	13	vexa	qgvexa	maNdala-1
9.1	xivaH	6.1	xivaH	xiv{swrI;1;bahu}/xiv{swrI;2;bahu}/xiv{swrI;5;eka}/xiv{swrI;6;eka}/xiv{swrI;8;bahu}	xiv{swrI;5;eka}	apAxAnam,13.1	apAxAnam,13.1	1	023	13	vexa	qgvexa	maNdala-1
1.1	A-	3.1	A-GqNiH	A	A	samAsaH,1.2	samAsaH,1.2	1	023	14	vexa	qgvexa	maNdala-1
1.2	GqNiH	3.2	--	GqNi{puM;1;eka(Gq;ni)}	GqNi{puM;1;eka(Gq;ni)}	viSeRaNam,2.1	viSeRaNam,2.1	1	023	14	vexa	qgvexa	maNdala-1
2.1	pURA	1.1	pURA	pURA{swrI;1;eka}	pURA{swrI;1;eka}	karwA,8.1	karwA,8.1	1	023	14	vexa	qgvexa	maNdala-1
3.1	apa-	4.1	apa-gUlYham	apa	apa	samAsaH,3.2	samAsaH,3.2	1	023	14	vexa	qgvexa	maNdala-1
3.2	gUlYham	4.2	--	gUlYha{puM;2;eka(gUh;karmaNi_kwa)}	gUlYha{puM;2;eka(gUh;karmaNi_kwa)}	viSeRaNam,7.1	viSeRaNam,7.1	1	023	14	vexa	qgvexa	maNdala-1
4.1	guhA	5.1	guhA	guhA{swrI;7;e(supAM_sapwamyA_luk)}	guhA{swrI;7;e(supAM_sapwamyA_luk)}	aXikaraNam,5.1	aXikaraNam,5.1	1	023	14	vexa	qgvexa	maNdala-1
5.1	hiwaM	6.1	hiwaM	hiwa{puM;2;eka(XA1;kwa;juhowyAxiH)}/hiwa{napuM;1;eka(XA1;kwa;juhowyAxiH)}/hiwa{napuM;2;eka(XA1;kwa;juhowyAxiH)}/hiwa{puM;2;eka(hi1;kwa;svAxiH)}/hiwa{napuM;1;eka(hi1;kwa;svAxiH)}/hiwa{napuM;2;eka(hi1;kwa;svAxiH)}	hiwa{puM;2;eka(XA1;kwa;juhowyAxiH)}	viSeRaNam,3.2	viSeRaNam,3.2	1	023	14	vexa	qgvexa	maNdala-1
6.1	ciwra-	8.1	ciwra-barhiRaM	ciwra	ciwra	samAsaH,6.2	samAsaH,6.2	1	023	14	vexa	qgvexa	maNdala-1
6.2	barhiRaM	8.2	--	barhis{puM;2;eka}	barhis{puM;2;eka}	viSeRaNam,7.1	viSeRaNam,7.1	1	023	14	vexa	qgvexa	maNdala-1
7.1	rAjAnaM	2.1	rAjAnaM	rAjan{puM;2;eka}	rAjan{puM;2;eka}	karma,8.1	karma,8.1	1	023	14	vexa	qgvexa	maNdala-1
8.1	avinxaw	7.1	avinxaw	vix3{karwari;laf;pra;eka;parasmEpaxI;wuxAxiH}	vix3{karwari;laf;pra;eka;parasmEpaxI;wuxAxiH}	-	-	1	023	14	vexa	qgvexa	maNdala-1
1.1	uwo	1.1	uwo	uwo{pragqhya_avyayaH}	uwo{pragqhya_avyayaH}	sambanXaH,7.1	sambanXaH,7.1	1	023	15	vexa	qgvexa	maNdala-1
10.1	na(iva)	10.1	na	na{avya}	na{avya}	upamAna_xyowakaH,9.1	upamAna_xyowakaH,9.1	1	023	15	vexa	qgvexa	maNdala-1
11.1	yavaM	9.1	yavaM	yava{puM;2;eka}	yava{puM;2;eka}	karma,12.1	karma,12.1	1	023	15	vexa	qgvexa	maNdala-1
12.1	carkqRaw	11.1	carkqRaw	kqR{karwari;yafluganwa;let;pra;eka;parasmEpaxI;BvAxiH}	kqR{karwari;yafluganwa;let;pra;eka;parasmEpaxI;BvAxiH}	-	-	1	023	15	vexa	qgvexa	maNdala-1
2.1	saH(pURA)	2.1	saH	wax{sarvanAma;puM;1;eka}	wax{sarvanAma;puM;1;eka}	karwA,7.1	karwA,7.1	1	023	15	vexa	qgvexa	maNdala-1
3.1	mahyaM	3.1	mahyaM	asmax{sarvanAma;4;eka}	asmax{sarvanAma;4;eka}	prayojanam,7.1	prayojanam,7.1	1	023	15	vexa	qgvexa	maNdala-1
4.1	inxuBiH	4.1	-	inxu{puM;3;bahu}	inxu{puM;3;bahu}	sahArWaH,5.1	-#sahArWaH,5.1	1	023	15	vexa	qgvexa	maNdala-1
5.1	yukwAn	6.1	yukwAn	yukwa{puM;2;bahu(yuj1;kwa;xivAxiH)}/yukwa{puM;2;bahu(yuj2;kwa;ruXAxiH)}	yukwa{puM;2;bahu(yuj2;kwa;ruXAxiH)}	viSeRaNam,6.1	viSeRaNam,6.1	1	023	15	vexa	qgvexa	maNdala-1
6.1	Rat	5.1	Rat	RaR{saMKyeyam;napuM;1;bahu}/RaR{saMKyeyam;napuM;2;bahu}/RaR{saMKyA;napuM;1;bahu}/RaR{saMKyA;napuM;2;bahu}	RaR{saMKyeyam;napuM;2;bahu}	karma,7.1	karma,7.1	1	023	15	vexa	qgvexa	maNdala-1
7.1	anu_seRiXaw	7.1	anu_seRiXaw	anuseRiXaw{puM;pra;eka(anu_RiX;karwari;yafluganwa;let;Sawq_lat;parasmEpaxI;BvAxiH)}	anuseRiXaw{puM;pra;eka(anu_RiX;karwari;yafluganwa;let;Sawq_lat;parasmEpaxI;BvAxiH)}	karwA,8.1	-#karwA,8.1	1	023	15	vexa	qgvexa	maNdala-1
8.1	(varwawe)	12.1	-	vqw{karwari;lat;pra;eka;AwmanepaxI;BvAxiH}	vqw{karwari;lat;pra;eka;AwmanepaxI;BvAxiH}	-	-	1	023	15	vexa	qgvexa	maNdala-1
9.1	goBiH	8.1	goBiH	go{puM;3;bahu}/go{swrI;3;bahu}	go{puM;3;bahu}	karaNam,12.1;upamAnam,4.1	karaNam,12.1	1	023	15	vexa	qgvexa	maNdala-1
1.1	aXvarIyawAm	5.1	aXvarIyawAm	aXvarIyaw{{puM;6;bahu(aXvara;kyac;Sawq_lat)}	aXvarIyaw{{puM;6;bahu(aXvara;kyac;Sawq_lat)}	RaRTIsambanXaH,6.1	-#RaRTIsambanXaH,6.1	1	023	16	vexa	qgvexa	maNdala-1
2.1	jAmayaH	4.1	jAmayaH	jAmi{swrI;1;bahu}/jAmi{swrI;8;bahu}	jAmi{swrI;1;bahu(jam;i)}	viSeRaNam,6.1	viSeRaNam,6.1	1	023	16	vexa	qgvexa	maNdala-1
3.1	maXunA	7.1	maXunA	maXu{puM;3;eka}/maXu{napuM;3;eka}	maXu{puM;3;eka}	sahArWaH,5.1	sahArWaH,5.1	1	023	16	vexa	qgvexa	maNdala-1
4.1	payaH	8.1	payaH	payas{napuM;1;eka}/payas{napuM;2;eka}/payas{napuM;8;eka}	payas{napuM;2;eka}	karma,5.1	karma,5.1	1	023	16	vexa	qgvexa	maNdala-1
5.1	pqFcawIH	6.1	pqFcawIH	pqFcawI{swrI;1;bahu(pqc;Sawq_lat;ruXAxiH)}	pqFcawI{swrI;1;bahu(pqc;Sawq_lat;ruXAxiH)}	viSeRaNam,6.1	viSeRaNam,6.1	1	023	16	vexa	qgvexa	maNdala-1
6.1	ambayaH	1.1	ambayaH	ambi{swrI;1;bahu(amb;i)}	ambi{swrI;1;bahu(amb;i)}	karwA,8.1	karwA,8.1	1	023	16	vexa	qgvexa	maNdala-1
7.1	aXvaBiH	3.1	aXvaBiH	aXvan{puM;3;bahu}	aXvan{puM;3;bahu}	karaNam,8.1	karaNam,8.1	1	023	16	vexa	qgvexa	maNdala-1
8.1	yanwi	2.1	yanwi	i1{karwari;lat;pra;bahu;parasmEpaxI;axAxiH}/yaw{napuM;1;bahu}/yaw{napuM;2;bahu}	i1{karwari;lat;pra;bahu;parasmEpaxI;axAxiH}	-	-	1	023	16	vexa	qgvexa	maNdala-1
1.1	yAH	2.1	yAH	yax{sarvanAma;swrI;1;bahu}/yax{sarvanAma;swrI;2;bahu}	yax{sarvanAma;swrI;1;bahu}	viSeRaNam,3.1;niwya_sambanXaH1,11.1	viSeRaNam,3.1;niwya_sambanXaH1,11.1	1	023	17	vexa	qgvexa	maNdala-1
10.1	(varwwawe)	14.1	varwwawe	vqw1{karwari;lat;pra;eka;AwmanepaxI;BvAxiH}	vqw1{karwari;lat;pra;eka;AwmanepaxI;BvAxiH}	anyawaraH,5.1	anyawaraH,5.1	1	023	17	vexa	qgvexa	maNdala-1
11.1	wAH	9.1	wAH	wax{sarvanAma;swrI;1;bahu}/wax{sarvanAma;swrI;2;bahu}	wax{sarvanAma;swrI;1;bahu}	viSeRaNam,12.1	viSeRaNam,12.1	1	023	17	vexa	qgvexa	maNdala-1
12.1	(ApaH)	15.1	ApaH	ap{swrI;1;bahu}	ap{swrI;1;bahu}	karwA,15.1	karwA,15.1	1	023	17	vexa	qgvexa	maNdala-1
13.1	naH	10.1	naH	asmax{sarvanAma;2;bahu}/asmax{sarvanAma;6;bahu}/asmax{sarvanAma;4;bahu}/nq{puM;8;eka}	asmax{sarvanAma;6;bahu}	RaRTIsambanXaH,14.1	RaRTIsambanXaH,14.1	1	023	17	vexa	qgvexa	maNdala-1
14.1	aXvaraM	12.1	aXvaraM	aXvara{puM;2;eka}	aXvara{puM;2;eka}	karma,15.1	karma,15.1	1	023	17	vexa	qgvexa	maNdala-1
15.1	hinvanwu	11.1	hinvanwu	hi1{karwari;lot;pra;bahu;parasmEpaxI;svAxiH}	hi1{karwari;lot;pra;bahu;parasmEpaxI;svAxiH}	aBihiwa_karwA,12.1;sakarmaka	-	1	023	17	vexa	qgvexa	maNdala-1
2.1	amUH	1.1	amUH	axas{sarvanAma;swrI;1;bahu}/axas{sarvanAma;swrI;2;bahu}	axas{sarvanAma;swrI;1;bahu}	viSeRaNam,3.1	viSeRaNam,3.1	1	023	17	vexa	qgvexa	maNdala-1
3.1	(ApaH)	13.1	ApaH	ap{swrI;1;bahu}	ap{swrI;1;bahu}	karwA,5.1	karwA,5.1	1	023	17	vexa	qgvexa	maNdala-1
4.1	sUrye	4.1	sUrye	sUryA{swrI;8;eka}/sUrya{puM;7;eka}	sUrya{puM;7;eka}	aXikaraNam,5.1	aXikaraNam,5.1	1	023	17	vexa	qgvexa	maNdala-1
5.1	upa_(sWiwAH)	3.1	upa_sWiwAH	upasWiwa{puM;1;bahu(upa_RWA1;kwa;BvAxiH)}/upasWiwA{swrI;1;bahu(upa_RWA1;kwa;BvAxiH)}/upasWiwA{swrI;2;bahu(upa_RWA1;kwa;BvAxiH)}	upasWiwA{swrI;1;bahu(upa_RWA1;kwa;BvAxiH)}	anyawaraH,10.1	anyawaraH,10.1	1	023	17	vexa	qgvexa	maNdala-1
6.1	vA	6.1	vA	vA{avya}	vA{avya}	anyawara_xyowakaH,10.1	anyawara_xyowakaH,10.1	1	023	17	vexa	qgvexa	maNdala-1
7.1	yABiH(axBiH)	5.1	yABiH	yax{sarvanAma;swrI;3;bahu}	yax{sarvanAma;swrI;3;bahu}	sahArWaH,10.1	sahArWaH,10.1	1	023	17	vexa	qgvexa	maNdala-1
8.1	saha	8.1	saha	saha{avya}	saha{avya}	sahArWa_xyowakaH,7.1	sahArWa_xyowakaH,7.1	1	023	17	vexa	qgvexa	maNdala-1
9.1	sUryaH	7.1	sUryaH	sUrI{swrI;1;bahu}/sUrya{puM;1;eka}	sUrI{swrI;1;bahu}	karwA,10.1	karwA,10.1	1	023	17	vexa	qgvexa	maNdala-1
1.1	yawra	4.1	yawra	yawra{avya}	yawra{avya}	xeSAXikaraNam,4.1;sambanXaH,5.1	xeSAXikaraNam,4.1;sambanXaH,5.1	1	023	18	vexa	qgvexa	maNdala-1
10.1	haviH	10.1	haviH	havis{napuM;1;eka}/havis{napuM;2;eka}/havis{napuM;8;eka}	havis{napuM;karmaNi;1;eka}	karma,12.1	karma,12.1	1	023	18	vexa	qgvexa	maNdala-1
11.1	(asmABiH)	11.1	-	asmax{sarvanAma;wrilifga;3;bahu}	asmax{sarvanAma;wrilifga;3;bahu}	karwA,12.1	-#karwA,12.1	1	023	18	vexa	qgvexa	maNdala-1
12.1	karwvaM	9.1	karwvaM	karwva{2;eka(kq;karmaNi_kqwyArWe_wvan;wanAxiH)}	karwva{2;eka(kq;karmaNi_kqwyArWe_wvan;wanAxiH)}	aBihiwa_karwA,10.1	-	1	023	18	vexa	qgvexa	maNdala-1
2.1	naH	7.1	naH	asmax{sarvanAma;2;bahu}/asmax{sarvanAma;6;bahu}/asmax{sarvanAma;4;bahu}/nq{puM;8;eka}	asmax{sarvanAma;6;bahu}	RaRTIsambanXaH,3.1	RaRTIsambanXaH,3.1	1	023	18	vexa	qgvexa	maNdala-1
3.1	gAvaH	5.1	gAvaH	go{puM;1;bahu}/go{swrI;1;bahu}/go{puM;8;bahu}/go{swrI;8;bahu}	go{puM;1;bahu}	karwA,4.1	karwA,4.1	1	023	18	vexa	qgvexa	maNdala-1
4.1	pibanwi	6.1	-	pA1{karwari;lat;pra;bahu;parasmEpaxI;BvAxiH}	pA1{karwari;lat;pra;bahu;parasmEpaxI;BvAxiH}	-	-	1	023	18	vexa	qgvexa	maNdala-1
5.1	(wAH)	-	-	wax{sarvanAma;swrI;2;bahu}	wax{sarvanAma;swrI;2;bahu}	viSeRaNam,7.1	-#viSeRaNam,7.1	1	023	18	vexa	qgvexa	maNdala-1
6.1	apaH	1.1	-	ap{swrI;2;bahu}	ap{swrI;2;bahu}	viSeRaNam,7.1	viSeRaNam,7.1	1	023	18	vexa	qgvexa	maNdala-1
7.1	xevIH	2.1	xevIH	xevI{swrI;2;bahu}	xevI{swrI;2;bahu}	karma,8.1	karma,8.1	1	023	18	vexa	qgvexa	maNdala-1
8.1	upa_hvaye	3.1	-	upa_hve1{karwari;lat;u;eka;AwmanepaxI;BvAxiH}	upa_hve1{karwari;lat;u;eka;AwmanepaxI;BvAxiH}	-	-	1	023	18	vexa	qgvexa	maNdala-1
9.1	sinXuByaH	8.1	apaH	sinXu{puM;4;bahu}/sinXu{puM;5;bahu}	sinXu{puM;5;bahu}	apAxAnam,12.1	apAxAnam,12.1	1	023	18	vexa	qgvexa	maNdala-1
1.1	apsu	1.1	apsu	ap{swrI;7;bahu}	ap{swrI;7;bahu}	aXikaraNam,4.1	aXikaraNam,4.1	1	023	19	vexa	qgvexa	maNdala-1
10.1	apAM	6.1	apAM	ap{swrI;6;bahu}/pA1{karwari;luf;u;eka;parasmEpaxI;BvAxiH}/pA2{karwari;laf;u;eka;parasmEpaxI;axAxiH}	ap{swrI;6;bahu}	RaRTIsambanXaH,11.1	RaRTIsambanXaH,11.1	1	023	19	vexa	qgvexa	maNdala-1
11.1	praSaswaye	8.1	praSaswaye	praSaswi{swrI;4;eka}	praSaswi{swrI;4;eka}	prayojanam,14.1	prayojanam1,14.1	1	023	19	vexa	qgvexa	maNdala-1
12.1	(yUyaM)	13.1	yUyaM	yuRmax{sarvanAma;1;bahu}	yuRmax{sarvanAma;1;bahu}	karwA,14.1	karwA,14.1	1	023	19	vexa	qgvexa	maNdala-1
13.1	vAjinaH	11.1	vAjinaH	vAjin{puM;1;bahu}/vAjin{puM;2;bahu}/vAjin{puM;5;eka}/vAjin{puM;6;eka}/vAjin{puM;8;bahu}	vAjin{puM;1;bahu}	viXeya_viSeRaNam,12.1	viXeya_viSeRaNam,12.1	1	023	19	vexa	qgvexa	maNdala-1
14.1	Bavawa	10.1	Bavawa	BU1{karwari;lot;ma;bahu;parasmEpaxI;BvAxiH}	BU1{karwari;lot;ma;bahu;parasmEpaxI;BvAxiH}	aBihiwa_karwA,12.1	-	1	023	19	vexa	qgvexa	maNdala-1
2.1	anwaH	2.1	anwaH	anwaH{avya}/anwa{puM;1;eka}	anwaH{avya}	sambanXaH,1.1	karwqrahiwakarwqsamAnAXikaraNam,14.1#karwA_be_verbs,7.1#karwA_be_verbs,4.1#xeSAXikaraNam_upa,14.1#xeSAXikaraNam_upa,9.1#xeSAXikaraNam_upa,7.1#xeSAXikaraNam_upa,4.1	1	023	19	vexa	qgvexa	maNdala-1
3.1	amqwaM	3.1	amqwaM	amqwa{puM;2;eka}/amqwa{napuM;1;eka}/amqwa{napuM;2;eka}	amqwa{napuM;1;eka}	karwA,4.1	karma,9.1#karwqrahiwakarwqsamAnAXikaraNam,14.1#karwA_be_verbs,7.1#karwA_be_verbs,4.1	1	023	19	vexa	qgvexa	maNdala-1
4.1	(varwwawe)	12.1	varwwawe	vqw1{karwari;lat;pra;eka;AwmanepaxI;BvAxiH}	vqw1{karwari;lat;pra;eka;AwmanepaxI;BvAxiH}	aBihiwa_karwA,3.1	-	1	023	19	vexa	qgvexa	maNdala-1
5.1	apsu	4.1	apsu	ap{swrI;7;bahu}	ap{swrI;7;bahu}	aXikaraNam,7.1	aXikaraNam,7.1	1	023	19	vexa	qgvexa	maNdala-1
6.1	BeRajam	5.1	BeRajam	BeRaja{puM;2;eka}/BeRaja{napuM;1;eka}/BeRaja{napuM;2;eka}	BeRaja{napuM;1;eka}	karwA,7.1	karwA,7.1	1	023	19	vexa	qgvexa	maNdala-1
7.1	(varwwawe)	-	varwwawe	vqw1{karwari;lat;pra;eka;AwmanepaxI;BvAxiH}	vqw1{karwari;lat;pra;eka;AwmanepaxI;BvAxiH}	aBihiwa_karwA,6.1	-	1	023	19	vexa	qgvexa	maNdala-1
8.1	uwa	7.1	uwa	uwa{avya}	uwa{avya}	sambanXaH,14.1	sambanXaH,7.1	1	023	19	vexa	qgvexa	maNdala-1
9.1	xevAH	9.1	xevAH	xeva{puM;1;bahu}/xeva{puM;8;bahu}	xeva{puM;8;bahu}	samboXyaH,14.1	samboXyaH,14.1	1	023	19	vexa	qgvexa	maNdala-1
1.1	apsu	1.1	apsu	ap{swrI;7;bahu}	ap{swrI;7;bahu}	aXikaraNam,11.1	aXikaraNam,11.1	1	023	20	vexa	qgvexa	maNdala-1
10.1	ca	12.1	-	ca{avya}	ca{avya}	samuccaya_xyowakaH,9.1	samuccaya_xyowakaH,9.1	1	023	20	vexa	qgvexa	maNdala-1
11.1	(sanwi)	14.1	-	as2{karwari;lat;pra;bahu;parasmEpaxI;axAxiH}/saw{napuM;8;bahu}/saw{napuM;1;bahu(as2;Sawq_lat;axAxiH)}/saw{napuM;2;bahu(as2;Sawq_lat;axAxiH)	as2{karwari;lat;pra;bahu;parasmEpaxI;axAxiH}	vAkyakarma,12.1	-	1	023	20	vexa	qgvexa	maNdala-1
12.1	(iwi)	15.1	-	iwi{avya}	iwi{avya}	vAkyakarma_xyowakaH,15.1	vAkyArWa_xyowakaH,15.1	1	023	20	vexa	qgvexa	maNdala-1
13.1	somaH	3.1	-	soma{puM;1;eka}	soma{puM;1;eka}	karwA,15.1	karwA,15.1	1	023	20	vexa	qgvexa	maNdala-1
14.1	me	2.1	-	asmax{sarvanAma;6;eka}/asmax{sarvanAma;4;eka}	asmax{sarvanAma;4;eka}	sampraxAnam,15.1	sampraxAnam,15.1	1	023	20	vexa	qgvexa	maNdala-1
15.1	abravIw	4.1	abravIw	brU1{karwari;laf;pra;eka;parasmEpaxI;axAxiH}	brU1{karwari;laf;pra;eka;parasmEpaxI;axAxiH}	aBihiwa_karwA,13.1;sakarmaka	-	1	023	20	vexa	qgvexa	maNdala-1
2.1	anwaH	5.1	anwaH	anwaH{avya}/anwa{puM;1;eka}	anwa{puM;1;eka}	sambanXaH,1.1	sambanXaH,1.1	1	023	20	vexa	qgvexa	maNdala-1
3.1	viSvAni	6.1	viSvAni	viSva{napuM;1;bahu}/viSva{napuM;2;bahu}/viSva{sarvanAma;napuM;1;bahu}/viSva{sarvanAma;napuM;2;bahu}/viSva{napuM;8;bahu}	viSva{napuM;1;bahu}	viSeRaNam,4.1	viSeRaNam,4.1	1	023	20	vexa	qgvexa	maNdala-1
4.1	BeRajA(BeRajAni)	7.1	BeRajA	BeRaja{napuM;1;bahu}/BeRaja{napuM;2;bahu}/BeRaja{napuM;8;bahu}	BeRaja{napuM;1;bahu}	karwA,11.1	karwA,11.1	1	023	20	vexa	qgvexa	maNdala-1
5.1	viSva-	10.1	viSva-SaM-BuvaM	viSva	viSva	samAsaH,5.3	samAsaH,5.3	1	023	20	vexa	qgvexa	maNdala-1
5.2	SaM-	10.2	--	-SaM	-SaM	samAsaH,5.3	samAsaH,5.3	1	023	20	vexa	qgvexa	maNdala-1
5.3	BuvaM	10.3	--	BU{swrI;2;eka}/BU{puM;2;eka}/Buva{napuM;1;eka}/Buva{napuM;2;eka}	BU{puM;2;eka(BU;anwarBAviwaNyarWAw_kvip)}	viSeRaNam,6.1	viSeRaNam,6.1	1	023	20	vexa	qgvexa	maNdala-1
6.1	agniM	8.1	agniM	agni{puM;2;eka}	agni{puM;2;eka}	karma,15.1	karma,15.1	1	023	20	vexa	qgvexa	maNdala-1
7.1	ca	9.1	ca	ca{avya}	ca{avya}	samuccaya_xyowakaH,6.1	samuccaya_xyowakaH,6.1	1	023	20	vexa	qgvexa	maNdala-1
8.1	viSva-	13.1	-	viSva	viSva	samAsaH,8.2	samAsaH,8.2	1	023	20	vexa	qgvexa	maNdala-1
8.2	BeRajIH	13.2	-	BeRaja{swrI;2;bahu}	BeRaja{swrI;2;bahu}	viSeRaNam,9.1	viSeRaNam,9.1	1	023	20	vexa	qgvexa	maNdala-1
9.1	ApaH	11.1	-	ap{swrI;1;bahu}/Ap1{karwari;luf;ma;eka;parasmEpaxI;svAxiH}/Apas{napuM;1;eka}/Apas{napuM;2;eka}/Apas{napuM;8;eka}	ap{swrI;1;bahu}	samucciwaH,6.1	samucciwaH,6.1	1	023	20	vexa	qgvexa	maNdala-1
1.1	ApaH	1.1	ApaH	ap{swrI;1;bahu}/Ap1{karwari;luf;ma;eka;parasmEpaxI;svAxiH}/Apas{napuM;1;eka}/Apas{napuM;2;eka}/Apas{napuM;8;eka}	Apas{napuM;8;eka}	samboXyaH,7.1	samboXyaH,7.1	1	023	21	vexa	qgvexa	maNdala-1
10.1	sUryaM	9.1	sUryaM	sUrya{puM;2;eka}	sUrya{puM;2;eka}	karma,11.1	karma,11.1	1	023	21	vexa	qgvexa	maNdala-1
11.1	xqSe	10.1	xqSe	xqS{swrI;4;eka}/xqSA{swrI;8;eka}/xqSi{swrI;8;eka}	xqS{swrI;4;eka(xqS;wumarWe_ke)}	prayojanam,14.1	prayojanam,14.1	1	023	21	vexa	qgvexa	maNdala-1
12.1	(vayaM)	12.1	-	asmax{sarvanAma;1;eka}	asmax{sarvanAma;1;eka}	karwA,14.1	-#karwA,14.1	1	023	21	vexa	qgvexa	maNdala-1
13.1	(nIrogAH)	13.1	-	nIroga{puM;1;bahu}	nIroga{puM;1;bahu}	viSeRaNam,12.1	viSeRaNam,12.1	1	023	21	vexa	qgvexa	maNdala-1
14.1	(SaknumaH)	14.1	SaknumaH	Sak{karwari;lat;u;bahu;parasmEpaxI;svAxiH}	Sak{karwari;lat;u;bahu;parasmEpaxI;svAxiH}	-	-	1	023	21	vexa	qgvexa	maNdala-1
2.1	mama	6.1	mama	asmax{sarvanAma;6;eka}	asmax{sarvanAma;6;eka}	RaRTIsambanXaH,3.1	RaRTIsambanXaH,3.1	1	023	21	vexa	qgvexa	maNdala-1
3.1	wanve	5.1	wanve	wanU{swrI;4;eka}/wan1{karwari;lat;u;eka;AwmanepaxI;wanAxiH}	wanU{swrI;4;eka}	prayojanam,7.1	prayojanam,7.1	1	023	21	vexa	qgvexa	maNdala-1
4.1	varUWaM	4.1	varUWaM	varUWa{puM;2;eka}	varUWa{napuM;2;eka}	viSeRaNam,5.1	viSeRaNam,5.1	1	023	21	vexa	qgvexa	maNdala-1
5.1	BeRajaM	3.1	BeRajaM	BeRaja{puM;2;eka}/BeRaja{napuM;1;eka}/BeRaja{napuM;2;eka}	BeRaja{napuM;2;eka}	karma,7.1	karma,7.1	1	023	21	vexa	qgvexa	maNdala-1
6.1	(yUyaM)	11.1	-	yuRmax{sarvanAma;1;eka}	yuRmax{sarvanAma;1;eka}	karwA,7.1	karwA,7.1	1	023	21	vexa	qgvexa	maNdala-1
7.1	pqNIwa	2.1	pqNIwa	pQ2{karwari;lot;ma;bahu;parasmEpaxI;kryAxiH}	pQ2{karwari;lot;ma;bahu;parasmEpaxI;kryAxiH}	-	-	1	023	21	vexa	qgvexa	maNdala-1
8.1	jyok	7.1	jyok	jyok{avya}	jyok{avya}	kriyAviSeRaNam,11.1	kriyAviSeRaNam,11.1	1	023	21	vexa	qgvexa	maNdala-1
9.1	ca(kiMca)	8.1	ca	ca{avya}	ca{avya}	sambanXaH,11.1	sambanXaH,14.1	1	023	21	vexa	qgvexa	maNdala-1
1.1	ApaH	2.1	ApaH	ap{swrI;1;bahu}/ap{swrI;8;bahu}/Ap1{karwari;luf;ma;eka;parasmEpaxI;svAxiH}/Apas{napuM;1;eka}/Apas{napuM;2;eka}/Apas{napuM;8;eka}	Apa{swrI;8;eka}	samboXyaH,21.1	samboXyaH,21.1	1	023	22	vexa	qgvexa	maNdala-1
10.1	aBixuxroha	11.1	aBixuxroha	aBi_xruh1{karwari;lit;u;eka;parasmEpaxI;xivAxiH}/aBi_xruh1{karwari{lit;pra;eka;parasmEpaxI;xivAxiH}	aBi_xruh1{karwari;lit;u;eka;parasmEpaxI;xivAxiH}	aBihiwa_karwA,8.1	aBihiwa_karwA,8.1	1	023	22	vexa	qgvexa	maNdala-1
11.1	vA	13.1	vA	vA{avya}	vA{avya}	anyawara_xyowakaH,13.1	anyawara_xyowakaH,13.1	1	023	22	vexa	qgvexa	maNdala-1
12.1	yaw	8.1	yaw	yaw{napuM;2;eka}	yaw{napuM;2;eka}	karma,13.1;niwya_sambanXaH,19.1	karma,13.1	1	023	22	vexa	qgvexa	maNdala-1
13.1	Sepe	14.1	Sepe	Sap1{karwari;lit;pra;eka;AwmanepaxI;BvAxiH}/Sap1{karwari;lit;u;eka;AwmanepaxI;BvAxiH}/Sap1{karmaNi;lit;pra;eka;AwmanepaxI;BvAxiH}/Sap1{karmaNi;lit;u;eka;AwmanepaxI;BvAxiH}/Sepa{puM;7;eka}	Sap1{karwari;lit;u;eka;AwmanepaxI;BvAxiH}	aBihiwa_karwA,8.1	aBihiwa_karwA,8.1	1	023	22	vexa	qgvexa	maNdala-1
14.1	uwa	15.1	uwa	uwa{avya}	uwa{avya}	sambanXaH,17.1	sambanXaH,17.1	1	023	22	vexa	qgvexa	maNdala-1
15.1	(yaw)	21.1	-	yaw{napuM;1;eka}	yaw{napuM;1;eka}	viSeRaNam,16.2;niwya_sambanXaH,19.1	-#viSeRaNam,16.2;niwya_sambanXaH,19.1	1	023	22	vexa	qgvexa	maNdala-1
16.1	a-	16.1	a-nqwam	a	a	samAsaH,16.2	samAsaH,16.2	1	023	22	vexa	qgvexa	maNdala-1
16.2	nqwam	16.2	--	nqwa{napuM;1;eka}	nqwa{napuM;1;eka}	karwA,17.1	karwA,17.1	1	023	22	vexa	qgvexa	maNdala-1
17.1	(aswi)	18.1	(aswi)	as2{karwari;lat;pra;eka;parasmEpaxI;axAxiH}	as2{karwari;lat;pra;eka;parasmEpaxI;axAxiH}	-	-	1	023	22	vexa	qgvexa	maNdala-1
18.1	(yUyaM)	19.1	yUyaM	yuRmax{sarvanAma;1;bahu}	yuRmax{sarvanAma;1;bahu}	karwA,21.1	karwA,21.1	1	023	22	vexa	qgvexa	maNdala-1
19.1	(waw)	20.1	-	wax{sarvanAma;napuM;2;eka}	wax{sarvanAma;napuM;2;eka}	viSeRaNam,20.1	viSeRaNam,20.1	1	023	22	vexa	qgvexa	maNdala-1
2.1	mayi	7.1	mayi	asmax{sarvanAma;7;eka}	asmax{sarvanAma;7;eka}	xeSAXikaraNam,6.1	xeSAXikaraNam,6.1	1	023	22	vexa	qgvexa	maNdala-1
20.1	ixaM	1.1	ixaM	ixam{sarvanAma;napuM;1;eka}/ixam{sarvanAma;napuM;2;eka}	ixam{sarvanAma;napuM;2;eka}	karma,21.1	karma,21.1	1	023	22	vexa	qgvexa	maNdala-1
21.1	pra_vahawa	3.1	pravahawa	pra_vah1{karwari;lot;ma;bahu;parasmEpaxI;BvAxiH}	pra_vah1{karwari;lot;ma;bahu;parasmEpaxI;BvAxiH}	-	-	1	023	22	vexa	qgvexa	maNdala-1
3.1	yaw	4.1	yaw	yaw{napuM;1;eka}	yaw{napuM;1;eka}	viSeRaNam,5.1;niwya_sambanXaH,19.1	viSeRaNam,5.1;niwya_sambanXaH,19.1	1	023	22	vexa	qgvexa	maNdala-1
4.1	kiFca	5.1	kiM	kiFca{avya}	kiFca{avya}	sambanXaH,5.1	sambanXaH,5.1	1	023	22	vexa	qgvexa	maNdala-1
5.1	xuriwam	6.1	xuriwam	xuriwa{puM;2;eka}/xuriwa{napuM;1;eka}/xuriwa{napuM;2;eka}	xuriwa{napuM;1;eka}	karwA,6.1	karwA,6.1	1	023	22	vexa	qgvexa	maNdala-1
6.1	(aswi)	17.1	(aswi)	as2{karwari;lat;pra;eka;parasmEpaxI;axAxiH}	as2{karwari;lat;pra;eka;parasmEpaxI;axAxiH}	aBihiwa_karwA,5.1	aBihiwa_karwA,5.1	1	023	22	vexa	qgvexa	maNdala-1
7.1	vA	9.1	vA	vA{avya}	vA{avya}	anyawara_xyowakaH,10.1	anyawara_xyowakaH,10.1	1	023	22	vexa	qgvexa	maNdala-1
8.1	ahaM	10.1	ahaM	asmax{sarvanAma;1;eka}	asmax{sarvanAma;1;eka}	karwA,10.1;karwA,13.1	karwA,10.1;karwA,13.1	1	023	22	vexa	qgvexa	maNdala-1
9.1	yaw	-	-	yaw{napuM;2;eka}	yaw{napuM;2;eka}	karma,10.1;niwya_sambanXaH,19.1	-#karma,10.1	1	023	22	vexa	qgvexa	maNdala-1
1.1	axya	2.1	axya	axya{avya}	axya{avya}	kAlAXikaraNam,4.1	kAlAXikaraNam,4.1	1	023	23	vexa	qgvexa	maNdala-1
10.1	(wvaM)	15.1	wvaM	yuRmax{sarvanAma;1;eka}	yuRmax{sarvanAma;1;eka}	karwA,11.1	karwA,11.1	1	023	23	vexa	qgvexa	maNdala-1
11.1	A_gahi	9.1	Agahi	Af_gam1{karwari;lot;ma;eka;parasmEpaxI;BvAxiH}	Af_gam1{karwari;lot;ma;eka;parasmEpaxI;BvAxiH}	-	-	1	023	23	vexa	qgvexa	maNdala-1
12.1	waM	10.1	waM	wax{sarvanAma;puM;2;eka}	wax{sarvanAma;puM;2;eka}	viSeRaNam,13.1	viSeRaNam,13.1	1	023	23	vexa	qgvexa	maNdala-1
13.1	mA	11.1	mA	mA{sarvanAma;2;eka}	mA{sarvanAma;2;eka}	karma,15.1	karma,15.1	1	023	23	vexa	qgvexa	maNdala-1
14.1	varcasA	13.1	varcasA	varcas{puM;3;eka}/varcas{napuM;3;eka}	varcas{napuM;3;eka}	karaNam,15.1	karaNam,15.1	1	023	23	vexa	qgvexa	maNdala-1
15.1	saMsqja	12.1	saMsqja	sam_sqj2{karwari;lot;ma;eka;parasmEpaxI;wuxAxiH}	sam_sqj2{karwari;lot;ma;eka;parasmEpaxI;wuxAxiH}	-	-	1	023	23	vexa	qgvexa	maNdala-1
2.1	ApaH	1.1	ApaH	ap{swrI;1;bahu}/Ap1{karwari;luf;ma;eka;parasmEpaxI;svAxiH}/Apas{napuM;1;eka}/Apas{napuM;2;eka}/Apas{napuM;8;eka}	ap{swrI;1;bahu(Sasi_prApwe_vyawyayena_jas)}	karma,4.1	karma,4.1	1	023	23	vexa	qgvexa	maNdala-1
3.1	(ahaM)	13.1	ahaM	asmax{sarvanAma;1;eka}	asmax{sarvanAma;1;eka}	karwA,4.1	karwA,4.1	1	023	23	vexa	qgvexa	maNdala-1
4.1	anu_acAriRaM	3.1	anvacAriRaM	anYu_car1{karwari;luf;u;eka;parasmEpaxI;BvAxiH}	anYu_car1{karwari;luf;u;eka;parasmEpaxI;BvAxiH}	-	-	1	023	23	vexa	qgvexa	maNdala-1
5.1	rasena	4.1	rasena	rasa{puM;3;eka}	rasa{puM;3;eka}	karaNam,7.1	karaNam,7.1	1	023	23	vexa	qgvexa	maNdala-1
6.1	(vayaM)	14.1	vayaM	asmax{sarvanAma;1;bahu}	asmax{sarvanAma;1;bahu}	karwA,7.1	karwA,7.1	1	023	23	vexa	qgvexa	maNdala-1
7.1	samagasmahi	5.1	samagasmahi	sam_gam1{karmaNi;luf;u;bahu;AwmanepaxI;BvAxiH}	sam_gam1{karmaNi;luf;u;bahu;AwmanepaxI;BvAxiH}	-	-	1	023	23	vexa	qgvexa	maNdala-1
8.1	agne	8.1	agne	agni{puM;8;eka}	agni{puM;8;eka}	samboXyaH,11.1	samboXyaH,11.1	1	023	23	vexa	qgvexa	maNdala-1
9.1	payasvAn	7.1	payasvAn	payas{mawup;puM;1;eka}	payas{mawup;puM;1;eka}	viSeRaNam,10.1	viSeRaNam,10.1	1	023	23	vexa	qgvexa	maNdala-1
1.1	agne	2.1	agne	agni{puM;8;eka}	agni{puM;8;eka}	samboXyaH,4.1	samboXyaH,4.1	1	023	24	vexa	qgvexa	maNdala-1
10.1	asya	11.1	asya	ixam{sarvanAma;puM;6;eka}/ixam{sarvanAma;napuM;6;eka}/as3{karwari;lot;ma;eka;parasmEpaxI;xivAxiH}	ixam{sarvanAma;puM;6;eka}	viSeRaNam,11.1	viSeRaNam,11.1	1	023	24	vexa	qgvexa	maNdala-1
11.1	me	10.1	me	asmax{sarvanAma;6;eka}/asmax{sarvanAma;4;eka}	asmax{sarvanAma;6;eka}	RaRTIsambanXaH,12.1	RaRTIsambanXaH,12.1	1	023	24	vexa	qgvexa	maNdala-1
12.1	(anuRTAnaM)	17.1	anuRTAnaM	anuRTAnaM{puM;2;eka}	anuRTAnaM{puM;2;eka}	karma,13.1	karma,13.1	1	023	24	vexa	qgvexa	maNdala-1
13.1	vixyuH	9.1	vixyuH	vix1{karwari;viXilif;pra;bahu;parasmEpaxI;axAxiH}	vix1{karwari;viXilif;pra;bahu;parasmEpaxI;axAxiH}	-	-	1	023	24	vexa	qgvexa	maNdala-1
14.1	qRiBiH	16.1	qRiBiH	qRi{puM;3;bahu}	qRi{puM;3;bahu}	sahArWaH,17.1	sahArWaH,17.1	1	023	24	vexa	qgvexa	maNdala-1
15.1	saha	15.1	saha	saha{avya}	saha{avya}	sahArWa_xyowakaH,14.1	sahArWa_xyowakaH,14.1	1	023	24	vexa	qgvexa	maNdala-1
16.1	inxraH	13.1	inxraH	inxra{puM;1;eka}	inxra{puM;1;eka}	karwA,17.1	karwA,17.1	1	023	24	vexa	qgvexa	maNdala-1
17.1	vixyAw	14.1	vixyAw	vix{karwari;viXilif;pra;eka;parasmEpaxI;axAxiH}	vix{karwari;viXilif;pra;eka;parasmEpaxI;axAxiH}	aBihiwa_karwA,16.1	-	1	023	24	vexa	qgvexa	maNdala-1
2.1	mA	1.1	mA	mA{sarvanAma;2;eka}	mA{sarvanAma;2;eka}	karma,4.1	karma,4.1	1	023	24	vexa	qgvexa	maNdala-1
3.1	varcasA	3.1	varcasA	varcas{puM;3;eka}/varcas{napuM;3;eka}	varcas{napuM;3;eka}	karaNam,4.1	karaNam,4.1	1	023	24	vexa	qgvexa	maNdala-1
4.1	saM_sqja	4.1	saMsqja	sam_sqj2{karwari;lot;ma;eka;parasmEpaxI;wuxAxiH}	sam_sqj2{karwari;lot;ma;eka;parasmEpaxI;wuxAxiH}	-	-	1	023	24	vexa	qgvexa	maNdala-1
5.1	prajayA	6.1	prajayA	prajA{swrI;3;eka}	prajA{swrI;3;eka}	karaNam,6.1	karaNam,6.1	1	023	24	vexa	qgvexa	maNdala-1
6.1	saM_(sqja)	5.1	saMsqja	sam_sqj2{karwari;lot;ma;eka;parasmEpaxI;wuxAxiH}	sam_sqj2{karwari;lot;ma;eka;parasmEpaxI;wuxAxiH}	-	-	1	023	24	vexa	qgvexa	maNdala-1
7.1	AyuRA	8.1	AyuRA	Ayus{napuM;3;eka}	Ayus{napuM;3;eka}	karaNam,8.1	karaNam,8.1	1	023	24	vexa	qgvexa	maNdala-1
8.1	saM_(sqja)	7.1	saMsqja	sam_sqj2{karwari;lot;ma;eka;parasmEpaxI;wuxAxiH}	sam_sqj2{karwari;lot;ma;eka;parasmEpaxI;wuxAxiH}	-	-	1	023	24	vexa	qgvexa	maNdala-1
9.1	xevAH	12.1	xevAH	xeva{puM;1;bahu}/xeva{puM;8;bahu}	xeva{puM;1;bahu}	karwA,13.1	karwA,13.1	1	023	24	vexa	qgvexa	maNdala-1
1.1	nUnaM	2.1	nUnaM	nUnam{avya}	nUnam{avya}	kriyAviSeRaNam,8.1	kriyAviSeRaNam,8.1	1	024	01	vexa	qgvexa	maNdala-1
10.1	naH	10.1	naH	asmax{sarvanAma;2;bahu}/asmax{sarvanAma;6;bahu}/asmax{sarvanAma;4;bahu}/nq{puM;8;eka}	asmax{sarvanAma;2;bahu}	karma,14.1	karma,14.1	1	024	01	vexa	qgvexa	maNdala-1
11.1	punaH	13.1	punaH	punaH{avya}	punaH{avya}	kriyAviSeRaNam,14.1	kriyAviSeRaNam,14.1	1	024	01	vexa	qgvexa	maNdala-1
12.1	mahyA(mahyE)	11.1	mahyA	mahI{swrI;4;eka}/mah1{karmaNi;lot;u;eka;AwmanepaxI;BvAxiH}	mahI{swrI;4;eka}	viSeRaNam,13.1	\@t viSeRaNam,13.1	1	024	01	vexa	qgvexa	maNdala-1
13.1	axiwaye	12.1	axiwaye	axiwi{swrI;4;eka}	axiwi{swrI;4;eka}	prayojanam,14.1	prayojanam,14.1	1	024	01	vexa	qgvexa	maNdala-1
14.1	xAw(axAw)	14.0	axAw	axa{puM;5;eka}/axa{napuM;5;eka}/xA1{karwari;luf;pra;eka;parasmEpaxI;BvAxiH}/xA3{karwari;luf;pra;eka;parasmEpaxI;juhowyAxiH}/xA2{karwari;laf;pra;eka;parasmEpaxI;axAxiH}	xA2{karwari;laf;pra;eka;parasmEpaxI;axAxiH}	aBihiwa_karwA,9.1;sakarmaka	hewuH5,11.1	1	024	01	vexa	qgvexa	maNdala-1
15.1	piwaraM	15.1	piwaraM	piwq{puM;2;eka}	piwq{puM;2;eka}	karma,19.1	karma,19.1	1	024	01	vexa	qgvexa	maNdala-1
16.1	ca	16.1	ca	ca{avya}	ca{avya}	samuccaya_xyowakaH,15.1	samuccaya_xyowakaH,15.1	1	024	01	vexa	qgvexa	maNdala-1
17.1	mAwaraM	18.1	mAwaraM	mAwq{swrI;2;eka}	mAwq{swrI;2;eka}	samucciwaH,15.1	samucciwaH,15.1	1	024	01	vexa	qgvexa	maNdala-1
18.1	ca	19.1	ca	ca{avya}	ca{avya}	samuccaya_xyowakaH,17.1	samuccaya_xyowakaH,17.1	1	024	01	vexa	qgvexa	maNdala-1
19.1	xqSeyaM	17.1	xqSeyaM	xqS1{karwari;ASIrlif;u;eka;parasmEpaxI;BvAxiH}	xqS{karwari;ASIrlif;u;eka;parasmEpaxI;BvAxiH}	-	-	1	024	01	vexa	qgvexa	maNdala-1
2.1	amqwAnAM	4.1	amqwAnAM	amqwa{puM;6;bahu}/amqwa{napuM;6;bahu}/amqwA{swrI;6;bahu}	amqwa{puM;6;bahu}	nirXAraNaRaRTI,3.1	nirXAraNaRaRTI,3.1	1	024	01	vexa	qgvexa	maNdala-1
3.1	kawamasya	3.1	kawamasya	kawama{puM;6;eka}/kawama{napuM;6;eka}/kawama{sarvanAma;puM;6;eka}/kawama{sarvanAma;napuM;6;eka}	kawama{puM;6;eka}	viSeRaNam,5.1	viSeRaNam,5.1	1	024	01	vexa	qgvexa	maNdala-1
4.1	kasya	1.1	kasya	kim{sarvanAma;puM;6;eka}/kim{sarvanAma;napuM;6;eka}	kim{sarvanAma;puM;6;eka}	viSeRaNam,5.1	viSeRaNam,5.1	1	024	01	vexa	qgvexa	maNdala-1
5.1	xevasya	7.1	xevasya	xeva{puM;6;eka}	xeva{puM;6;eka}	RaRTIsambanXaH,7.1	RaRTIsambanXaH,7.1	1	024	01	vexa	qgvexa	maNdala-1
6.1	cAru	6.1	cAru	cAru{napuM;1;eka}/cAru{napuM;2;eka}/cAru{napuM;8;eka}	cAru{napuM;2;eka}	viSeRaNam,7.1	viSeRaNam,7.1	1	024	01	vexa	qgvexa	maNdala-1
7.1	nAma	8.1	nAma	nAmanapuM;1;eka}/nAma{napuM;2;eka}/nAma{napuM;8;eka}	nAma{napuM;2;eka}	karma,8.1	karma,8.1	1	024	01	vexa	qgvexa	maNdala-1
8.1	manAmahe	5.1	manAmahe	man1{karwari;lat;u;bahu;AwmanepaxI;xivAxiH}/man2{karmaNi;lat;u;bahu;AwmanepaxI;wanAxiH}	man1{karwari;lat;u;bahu;AwmanepaxI;xivAxiH}	-	-	1	024	01	vexa	qgvexa	maNdala-1
9.1	kaH	9.1	kaH	kim{sarvanAma;puM;1;eka}	kim{sarvanAma;puM;1;eka}	karwA,14.1	karwA,14.1	1	024	01	vexa	qgvexa	maNdala-1
1.1	vayaM	2.1	vayaM	asmax{sarvanAma;1;bahu}	asmax{sarvanAma;1;bahu}	karwA,8.1	karwA,8.1	1	024	02	vexa	qgvexa	maNdala-1
10.1	naH	10.1	naH	asmax{sarvanAma;2;bahu}/asmax{sarvanAma;6;bahu}/asmax{sarvanAma;4;bahu}/nq{puM;8;eka}	asmax{sarvanAma;2;bahu}	karma,14.1	karma,14.1	1	024	02	vexa	qgvexa	maNdala-1
11.1	punaH	13.1	punaH	punaH{avya}	punaH{avya}	kriyAviSeRaNam,14.1	kriyAviSeRaNam,14.1	1	024	02	vexa	qgvexa	maNdala-1
12.1	mahyA(mahyE)	11.1	mahyA	mahI{swrI;4;eka}/mah1{karmaNi;lot;u;eka;AwmanepaxI;BvAxiH}	mahI{swrI;4;eka}	viSeRaNam,13.1	viSeRaNam,13.1	1	024	02	vexa	qgvexa	maNdala-1
13.1	axiwaye	12.1	axiwaye	axiwi{swrI;4;eka}	axiwi{swrI;4;eka}	prayojanam,14.1	prayojanam,14.1	1	024	02	vexa	qgvexa	maNdala-1
14.1	xAw(axAw)	14.0	xAw	axa{puM;5;eka}/axa{napuM;5;eka}/xA1{karwari;luf;pra;eka;parasmEpaxI;BvAxiH}/xA3{karwari;luf;pra;eka;parasmEpaxI;juhowyAxiH}/xA2{karwari;laf;pra;eka;parasmEpaxI;axAxiH}	xA2{karwari;laf;pra;eka;parasmEpaxI;axAxiH}	aBihiwa_karwA,9.1;sakarmaka	hewuH5,11.1	1	024	02	vexa	qgvexa	maNdala-1
15.1	piwaraM	15.1	piwaraM	piwq{puM;2;eka}	piwq{puM;2;eka}	karma,19.1	karma,19.1	1	024	02	vexa	qgvexa	maNdala-1
16.1	ca	16.1	ca	ca{avya}	ca{avya}	samuccaya_xyowakaH,15.1	samuccaya_xyowakaH,15.1	1	024	02	vexa	qgvexa	maNdala-1
17.1	mAwaraM	18.1	mAwaraM	mAwq{swrI;2;eka}	mAwq{swrI;2;eka}	samucciwaH,15.1	samucciwaH,15.1	1	024	02	vexa	qgvexa	maNdala-1
18.1	ca	19.1	ca	ca{avya}	ca{avya}	samuccaya_xyowakaH,17.1	samuccaya_xyowakaH,17.1	1	024	02	vexa	qgvexa	maNdala-1
19.1	xqSeyaM	17.1	xqSeyaM	xqS1{karwari;ASIrlif;u;eka;parasmEpaxI;BvAxiH}	xqS1{karwari;ASIrlif;u;eka;parasmEpaxI;BvAxiH}	-	-	1	024	02	vexa	qgvexa	maNdala-1
2.1	amqwAnAM	4.1	amqwAnAM	amqwa{puM;6;bahu}/amqwa{napuM;6;bahu}/amqwA{swrI;6;bahu}	amqwa{puM;6;bahu}	nirXAraNaRaRTI,3.1	nirXAraNaRaRTI,3.1	1	024	02	vexa	qgvexa	maNdala-1
3.1	praWamasya	3.1	praWamasya	praWama{napuM;6;eka}/praWama{puM;6;eka}/praWama{napuM;6;eka}	praWama{napuM;6;eka}	viSeRaNam,5.1	viSeRaNam,5.1	1	024	02	vexa	qgvexa	maNdala-1
4.1	agneH	1.1	agneH	agni{puM;5;eka}/agni{puM;6;eka}	agni{puM;6;eka}	viSeRaNam,5.1	viSeRaNam,5.1	1	024	02	vexa	qgvexa	maNdala-1
5.1	xevasya	7.1	xevasya	xeva{puM;6;eka}	xeva{puM;6;eka}	RaRTIsambanXaH,7.1	RaRTIsambanXaH,7.1	1	024	02	vexa	qgvexa	maNdala-1
6.1	cAru	6.1	cAru	cAru{napuM;1;eka}/cAru{napuM;2;eka}/cAru{napuM;8;eka}	cAru{napuM;2;eka}	viSeRaNam,7.1	viSeRaNam,7.1	1	024	02	vexa	qgvexa	maNdala-1
7.1	nAma	8.1	nAma	nAman{puM;1;eka}/nAman{napuM;2;eka}/nAman{napuM;8;eka}	nAman{napuM;2;eka}	karma,8.1	karma,8.1	1	024	02	vexa	qgvexa	maNdala-1
8.1	manAmahe	5.1	manAmahe	man1{karwari;lat;u;bahu;AwmanepaxI;xivAxiH}/man2{karmaNi;lat;u;bahu;AwmanepaxI;wanAxiH}	man1{karwari;lat;u;bahu;AwmanepaxI;xivAxiH}	-	-	1	024	02	vexa	qgvexa	maNdala-1
9.1	saH	9.1	saH	ewax{sarvanAma;puM;1;eka}	ewax{sarvanAma;puM;1;eka}	karwA,14.1	karwA146.1	1	024	02	vexa	qgvexa	maNdala-1
1.1	saxA	6.1	saxAvan	saxA{avyayaH}	saxA{avyayaH}	aXikaraNam,2.1	aXikaraNam,2.1	1	024	03	vexa	qgvexa	maNdala-1
10.1	aBi_Imahe	9.1	aBi_Imahe	aBi_I{karwari;lat;u;bahu;AwmanepaxI;xivAxiH}	aBi_I{karwari;lat;u;bahu;AwmanepaxI;xivAxiH}	-	-	1	024	03	vexa	qgvexa	maNdala-1
2.1	avan	7.1	-	avaw{puM;8;eka(av;Sawq)}	avaw{puM;8;eka(av;Sawq)}	viSeRaNam,4.1	-#viSeRaNam,4.1	1	024	03	vexa	qgvexa	maNdala-1
3.1	saviwaH	3.1	saviwaH	saviwq{puM;8;eka}	saviwq{puM;8;eka}	viSeRaNam,4.1	viSeRaNam,4.1	1	024	03	vexa	qgvexa	maNdala-1
4.1	xeva	2.1	xeva	xeva{puM;8;eka}	xeva{puM;8;eka}	samboXyaH,10.1	samboXyaH,10.1	1	024	03	vexa	qgvexa	maNdala-1
5.1	vAryANAM	5.1	vAryANAM	vArya{puM;6;bahu(vq2;Nyaw;kryAxiH)}/vAryA{swrI;6;bahu(vq2;Nyaw;kryAxiH)}	vArya{puM;6;bahu(vq2;Nyaw;kryAxiH)}	RaRTIsambanXaH,6.1	RaRTIsambanXaH,6.1	1	024	03	vexa	qgvexa	maNdala-1
6.1	ISAnaM	4.1	ISAnaM	ISAna{puM;2;eka}/ISAna{puM;2;eka(IS1;SAnac_lat;karwari;axAxiH)}/ISAna{napuM;1;eka(IS1;SAnac_lat;karwari;axAxiH)}/ISAna{napuM;2;eka(IS1;SAnac_lat;karwari;axAxiH)}	ISAna{puM;2;eka}	viSeRaNam,7.1	viSeRaNam,7.1	1	024	03	vexa	qgvexa	maNdala-1
7.1	wvA	1.1	wvA	yuRmax{sarvanAma;2;eka}	yuRmax{sarvanAma;2;eka}	gONakarma,10.1	gONakarma,10.1	1	024	03	vexa	qgvexa	maNdala-1
8.1	BAgaM	8.1	BAgaM	BAga{puM;2;eka}/BAga{napuM;1;eka}/BAga{napuM;2;eka}	BAga{puM;2;eka}	muKyakarma,10.1	muKyakarma,10.1	1	024	03	vexa	qgvexa	maNdala-1
9.1	(vayaM)	10.1	vayaM	asmaxsarvanAma;u;bahu}/asmaxsarvanAma;1;bahu}	asmaxsarvanAma;1;bahu}	karwA,10.1	karwA,10.1	1	024	03	vexa	qgvexa	maNdala-1
1.1	ciw(pUjArWaH)	2.1	ciw	ciw{avya}/ciw{swrI;1;eka}/ciw{swrI;8;eka}	ciw{swrI;1;eka}	sambanXaH,3.1	sambanXaH,3.1	1	024	04	vexa	qgvexa	maNdala-1
10.1	yaH	1.1	yaH	yax{sarvanAma;puM;1;eka}	yax{sarvanAma;puM;1;eka}	viSeRaNam,13.1;niwya_sambanXaH,15.1	viSeRaNam,13.1;niwya_sambanXaH,15.1	1	024	04	vexa	qgvexa	maNdala-1
11.1	BagaH	6.1	BagaH	Baga{puM;1;eka}	Baga{puM;1;eka}	karma,13.1	karma,13.1	1	024	04	vexa	qgvexa	maNdala-1
12.1	(asmABiH)	13.1	-	asmax{sarvanAma;puM;3;eka}	asmax{sarvanAma;puM;3;eka}	karwA,13.1	-#karwA,13.1	1	024	04	vexa	qgvexa	maNdala-1
13.1	xaXe	12.1	xaXe	XA1{karwari;lat;u;eka;AwmanepaxI;juhowyAxiH}/XA1{karwari;lit;pra;eka;AwmanepaxI;juhowyAxiH}/XA1{karwari;lit;u;eka;AwmanepaxI;juhowyAxiH}/XA1{karmaNi;lit;pra;eka;AwmanepaxI;juhowyAxiH}/XA1{karmaNi;lit;u;eka;AwmanepaxI;juhowyAxiH}/Xe1{karmaNi;lit;pra;eka;AwmanepaxI;BvAxiH}/Xe1{karmaNi;lit;u;eka;AwmanepaxI;BvAxiH}/xaXi{napuM;8;eka}	XA1{karmaNi;lit;pra;eka;AwmanepaxI;juhowyAxiH}	-	-	1	024	04	vexa	qgvexa	maNdala-1
14.1	(waM)	14.1	waM	wax{sarvanAma;puM;2;eka}	wax{sarvanAma;puM;2;eka}	viSeRaNam,15.1	viSeRaNam,15.1	1	024	04	vexa	qgvexa	maNdala-1
15.1	(BagaM)	15.1	BagaM	Baga{puM;2;eka}	Baga{puM;2;eka}	karma,17.1	karma,17.1	1	024	04	vexa	qgvexa	maNdala-1
16.1	(vayaM)	16.1	vayaM	asmax{sarvanAma;1;bahu}	asmax{sarvanAma;1;bahu}	karwA,17.1	karwA,17.1	1	024	04	vexa	qgvexa	maNdala-1
17.1	(aBi_Imahe)	17.1	aBi_Imahe	aBi_I{karwari;lat;u;bahu;AwmanepaxI;xivAxiH}	aBi_I{karwari;lat;u;bahu;AwmanepaxI;xivAxiH}	-	-	1	024	04	vexa	qgvexa	maNdala-1
2.1	hi(prasixXiH)	3.1	hi	hi{avya}	hi{avya}	kAraNa_xyowakaH,1.1	kAraNa_xyowakaH,1.1	1	024	04	vexa	qgvexa	maNdala-1
3.1	iwWA	5.1	iwWA	iwWA{avya(ixam;Wam)}	iwWA{avya(ixam;Wam)}	kriyAviSeRaNam,7.1	-#kriyAviSeRaNam,7.1	1	024	04	vexa	qgvexa	maNdala-1
4.1	nixaH	9.1	nixaH	nix{swrI;1;bahu}/nix{swrI;2;bahu}/nix{swrI;5;eka}/nix{swrI;6;eka}	nix{swrI;6;bahu}	RaRTIsambanXaH,5.1	RaRTIsambanXaH,5.1	1	024	04	vexa	qgvexa	maNdala-1
5.1	purA	8.1	purA	purA{avya}	purA{avya}	kriyAviSeRaNam,6.2	kriyAviSeRaNam,6.2	1	024	04	vexa	qgvexa	maNdala-1
6.1	a-	10.1	a-xveRaH	a	a	samAsaH,6.2	samAsaH,1.2	1	024	04	vexa	qgvexa	maNdala-1
6.2	xveRaH	10.2	--	xveRa{puM;1;eka}	xveRa{puM;1;eka}	viSeRaNam,7.1	-#viSeRaNam,7.1	1	024	04	vexa	qgvexa	maNdala-1
7.1	SaSamAnaH	7.1	-	SaSamAna{puM;1;eka(SaS;cAnaS)}	SaSamAna{puM;1;eka(SaS;cAnaS)}	viSeRaNam,11.1	viSeRaNam,11.1	1	024	04	vexa	qgvexa	maNdala-1
8.1	we	4.1	we	wax{sarvanAma;puM;1;bahu}/wax{sarvanAma;napuM;1;xvi}/wax{sarvanAma;napuM;2;xvi}/wax{sarvanAma;swrI;1;xvi}/wax{sarvanAma;swrI;2;xvi}/yuRmax{sarvanAma;6;eka}/yuRmax{sarvanAma;4;eka}	yuRmax{sarvanAma;puM;6;eka}	viSeRaNam,9.1	viSeRaNam,9.1	1	024	04	vexa	qgvexa	maNdala-1
9.1	haswayoH	11.1	haswayoH	haswa{puM;6;xvi}/haswa{puM;7;xvi}	haswa{puM;6;xvi}	RaRTIsambanXaH,11.1	RaRTIsambanXaH,11.1	1	024	04	vexa	qgvexa	maNdala-1
1.1	rAyaH	8.1	rAyaH	rE{puM;1;bahu}/rE{puM;6;eka}/rE{puM;5;eka}/rE{puM;2;bahu}	rE{puM;6;eka}	RaRTIsambanXaH,2.1	RaRTIsambanXaH,2.1	1	024	05	vexa	qgvexa	maNdala-1
2.1	mUrXAnam	7.1	mUrXAnam	mUrXan{puM;2;eka}	mUrXan{puM;2;eka}	karma,3.1	karma,3.1	1	024	05	vexa	qgvexa	maNdala-1
3.1	AraBe	9.1	AraBe	AraBe{avya;(A_raB;ken)}	AraBe{avya;(A_raB;ken)}	prayojanam,9.1	prayojanam,9.1	1	024	05	vexa	qgvexa	maNdala-1
4.1	we	2.1	we	wax{sarvanAma;puM;1;bahu}/wax{sarvanAma;napuM;1;xvi}/wax{sarvanAma;napuM;2;xvi}/wax{sarvanAma;swrI;1;xvi}/wax{sarvanAma;swrI;2;xvi}/yuRmax{sarvanAma;6;eka}/yuRmax{sarvanAma;4;eka}	yuRmax{sarvanAma;puM;6;eka}	RaRTIsambanXaH,5.1	RaRTIsambanXaH,5.1	1	024	05	vexa	qgvexa	maNdala-1
5.1	vayaM	3.1	vayaM	asmax{sarvanAma;1;bahu}	asmax{sarvanAma;1;bahu}	karwA,9.1	karwA,9.1	1	024	05	vexa	qgvexa	maNdala-1
6.1	Baga-	1.1	Baga-Bakwasya	Baga	Baga	samAsaH,6.2	samAsaH,6.2	1	024	05	vexa	qgvexa	maNdala-1
6.2	Bakwasya	1.2	--	Bakwa{puM;6;eka}/Bakwa{napuM;6;eka}	Bakwa{puM;6;eka}	viSeRaNam,7.1	viSeRaNam,7.1	1	024	05	vexa	qgvexa	maNdala-1
7.1	wava	5.1	wava	yuRmax{sarvanAma;6;eka}	yuRmax{sarvanAma;6;eka}	RaRTIsambanXaH,8.1	RaRTIsambanXaH,8.1	1	024	05	vexa	qgvexa	maNdala-1
8.1	avasA	6.1	avasA	avas{swrI;3;eka}	avas{swrI;3;eka}	karaNam,9.1	karaNam,9.1	1	024	05	vexa	qgvexa	maNdala-1
9.1	uw_aSema	4.1	uxaSema	aS1{karwari;viXilif;u;bahu;Canxasi_parasmEpaxI;Sap;svAxiH}	aS1{karwari;viXilif;u;bahu;Canxasi_parasmEpaxI;Sap;svAxiH}	aBihiwa_karwA,5.1;sakarmaka	-	1	024	05	vexa	qgvexa	maNdala-1
1.1	pawayanwaH	11.1	pawayanwaH	pawayaw{puM;1;bahu(pawa;Nic_Saw)}	pawayaw{puM;1;bahu(pawa;Nic_Saw)}	viSeRaNam,3.1	viSeRaNam,3.1	1	024	06	vexa	qgvexa	maNdala-1
10.1	sahaH	5.1	sahaH	saha{puM;1;eka}/sahas{napuM;1;eka}/sahas{napuM;2;eka}/sahas{puM;8;eka}/sahas{napuM;8;eka}	sahas{napuM;2;eka}	karma,11.1	karma,11.1	1	024	06	vexa	qgvexa	maNdala-1
11.1	(ApuH)	-	ApuH	Ap1{karwari;lit;pra;bahu;parasmEpaxI;svAxiH}/Af_pA1{karwari{luf;pra;bahu;parasmEpaxI;BvAxiH}	Ap1{karwari;lit;pra;bahu;parasmEpaxI;svAxiH}	aBihiwa_karwA,10.1;sakarmaka	-	1	024	06	vexa	qgvexa	maNdala-1
12.1	na	6.1	na	na{avya}	na{avya}	prawiReXaH,14.1	prawiReXaH,14.1	1	024	06	vexa	qgvexa	maNdala-1
13.1	manyuM	7.1	manyuM	manyu{puM;2;eka}	manyu{puM;2;eka}	karma,14.1	karma,14.1	1	024	06	vexa	qgvexa	maNdala-1
14.1	(ApuH)	-	ApuH	Ap1{karwari;lit;pra;bahu;parasmEpaxI;svAxiH}/Af_pA1{karwari{luf;pra;bahu;parasmEpaxI;BvAxiH}	Ap1{karwari;lit;pra;bahu;parasmEpaxI;svAxiH}	aBihiwa_karwA,7.1;sakarmaka	-	1	024	06	vexa	qgvexa	maNdala-1
15.1	a-	16.1	a-nimiRaM	a	a	samAsaH,15.2	samAsaH,15.2	1	024	06	vexa	qgvexa	maNdala-1
15.2	nimiRaM	16.2	--	nimiRa{puM;2;eka}/nimiRa{napuM;1;eka}/nimiRa{napuM;2;eka}	nimiRa{puM;2;eka}	karma,16.1	karma,16.1	1	024	06	vexa	qgvexa	maNdala-1
16.1	caranwIH	17.1	caranwIH	caranwI{swrI;2;bahu(car1;Sawq_lat;BvAxiH)}	caranwI{swrI;1;bahu(car;Sawq_lat;jasi_pUrvasavarNaxIrGaH;BvAxiH)}	viSeRaNam,18.1	viSeRaNam,18.1	1	024	06	vexa	qgvexa	maNdala-1
17.1	imAH	14.1	imAH	ixam{sarvanAma;swrI;1;bahu}/ixam{sarvanAma;swrI;2;bahu}	ixam{sarvanAma;swrI;1;bahu}	viSeRaNam,18.1	viSeRaNam,18.1	1	024	06	vexa	qgvexa	maNdala-1
18.1	ApaH	15.1	ApaH	ap{swrI;1;bahu}/Ap1{karwari;luf;ma;eka;parasmEpaxI;svAxiH}/Apas{napuM;1;eka}/Apas{napuM;2;eka}/Apas{napuM;8;eka}	ap{swrI;1;bahu}	karwA,20.1	karwA,20.1	1	024	06	vexa	qgvexa	maNdala-1
19.1	na	13.1	na	na{avya}	na{avya}	prawiReXaH,20.1	prawiReXaH,20.1	1	024	06	vexa	qgvexa	maNdala-1
2.1	amI	10.1	amI	axas{sarvanAma;puM;1;bahu}	axas{sarvanAma;puM;1;bahu}	viSeRaNam,3.1	viSeRaNam,3.1	1	024	06	vexa	qgvexa	maNdala-1
20.1	(ApuH)	-	ApuH	Ap1{karwari;lit;pra;bahu;parasmEpaxI;svAxiH}/Af_pA1{karwari{luf;pra;bahu;parasmEpaxI;BvAxiH}	Ap1{karwari;lit;pra;bahu;parasmEpaxI;svAxiH}	aBihiwa_karwA,18.1;sakarmaka	-	1	024	06	vexa	qgvexa	maNdala-1
21.1	vAwasya	20.1	vAwasya	vAwa{puM;6;eka(vA1;kwa;axAxiH)}/vAwa{napuM;6;eka(vA1;kwa;axAxiH)}	vAwa{puM;6;eka(vA1;kwa;axAxiH)}	RaRTIsambanXaH,22.1	RaRTIsambanXaH,22.1	1	024	06	vexa	qgvexa	maNdala-1
22.1	aBvaM	22.1	aBvaM	aBva{puM;2;eka}	aBva{puM;2;eka}	karma,25.1	karma,25.1	1	024	06	vexa	qgvexa	maNdala-1
23.1	ye	19.1	ye	yax{sarvanAma;puM;1;bahu}/yax{sarvanAma;napuM;1;xvi}/yax{sarvanAma;napuM;2;xvi}/yax{sarvanAma;swrI;1;xvi}/yax{sarvanAma;swrI;2;xvi}	yax{sarvanAma;puM;1;bahu}	karwA,25.1	karwA,25.1	1	024	06	vexa	qgvexa	maNdala-1
24.1	na	18.1	na	na{avya}	na{avya}	prawiReXaH,25.1	prawiReXaH,25.1	1	024	06	vexa	qgvexa	maNdala-1
25.1	pramInanwi	21.1	pramInanwi	pramI2{karwari;lat;pra;bahu;parasmEpaxI;kryAxiH}/mInaw{napuM;1;bahu(mI2;Sawq_lat;kryAxiH)}/mInaw{napuM;2;bahu(mI2;Sawq_lat;kryAxiH)}	pramI2{karwari;lat;pra;bahu;parasmEpaxI;kryAxiH}	aBihiwa_karwA,23.1	-	1	024	06	vexa	qgvexa	maNdala-1
3.1	vayaH	8.1	vayaH	vayas{napuM;1;eka}/vayas{napuM;2;eka}/vayas{napuM;8;eka}	vayas{napuM;1;eka}	karwA,8.1	karwA,8.1	1	024	06	vexa	qgvexa	maNdala-1
4.1	cana	9.1	cana	cana{avya}	cana{avya}	sambanXaH,3.1	sambanXaH,3.1	1	024	06	vexa	qgvexa	maNdala-1
5.1	we	2.1	we	wax{sarvanAma;puM;1;bahu}/wax{sarvanAma;napuM;1;xvi}/wax{sarvanAma;napuM;2;xvi}/wax{sarvanAma;swrI;1;xvi}/wax{sarvanAma;swrI;2;xvi}/yuRmax{sarvanAma;6;eka}/yuRmax{sarvanAma;4;eka}	yuRmax{sarvanAma;6;eka}	RaRTIsambanXaH,6.1	RaRTIsambanXaH,6.1	1	024	06	vexa	qgvexa	maNdala-1
6.1	kRawraM	3.1	kRawraM	kRawra{napuM;1;eka}/kRawra{napuM;2;eka}	kRawra{napuM;2;eka}	karma,8.1	karma,8.1	1	024	06	vexa	qgvexa	maNdala-1
7.1	nahi	1.1	nahi	nahi{avya}	nahi{avya}	prawiReXaH,8.1	prawiReXaH,8.1	1	024	06	vexa	qgvexa	maNdala-1
8.1	ApuH	12.1	ApuH	Ap1{karwari;lit;pra;bahu;parasmEpaxI;svAxiH}/Af_pA1{karwari{luf;pra;bahu;parasmEpaxI;BvAxiH}	Ap1{karwari;lit;pra;bahu;parasmEpaxI;svAxiH}	aBihiwa_karwA,2.1;sakarmaka	-	1	024	06	vexa	qgvexa	maNdala-1
9.1	na	4.1	na	na{avya}	na{avya}	prawiReXaH,11.1	prawiReXaH,11.1	1	024	06	vexa	qgvexa	maNdala-1
1.1	pUwa-	8.1	pUwa-xakRaH	pUwa(pU1;kwa;BvAxiH)}/pUwa(pU2{kwa;kryAxiH)}/pUwa(pUy1{kwa;BvAxiH)	pUwa(pU1;kwa;BvAxiH)	samAsaH,1.2	samAsaH,1.2	1	024	07	vexa	qgvexa	maNdala-1
1.2	xakRaH	8.2	--	xakRa{puM;1;eka}	xakRa{puM;1;eka}	viSeRaNam,3.1	viSeRaNam,3.1	1	024	07	vexa	qgvexa	maNdala-1
10.1	nIcInAH	9.1	-	nIcInA{puM;1;bahu(ni,aFc;kvin=nyac_Ka)}	nIcInA{puM;1;bahu(ni,aFc;kvin=nyac_Ka)}	viXeya_viSeRaNam,11.1	viXeya_viSeRaNam,11.1	1	024	07	vexa	qgvexa	maNdala-1
11.1	sWuH(asWuH)	10.1	-	RWA1{karwari;luf;pra;bahu;parasmEpaxI;BvAxiH}	RWA1{karwari;luf;pra;bahu;parasmEpaxI;BvAxiH}	-	-	1	024	07	vexa	qgvexa	maNdala-1
12.1	eRAM(raSmInAM)	13.1	eRAM	ixam{sarvanAma;puM;6;bahu}/ixam{sarvanAma;napuM;6;bahu}	ixam{sarvanAma;puM;6;bahu}	RaRTIsambanXaH,13.1	RaRTIsambanXaH,13.1	1	024	07	vexa	qgvexa	maNdala-1
13.1	buXnaH	12.1	buXnaH	buXna{puM;1;eka}	buXna{puM;1;eka}	karwA,15.1	karwA,15.1	1	024	07	vexa	qgvexa	maNdala-1
14.1	upari	11.1	-	upari{avya}	upari{avya}	xeSAXikaraNam,15.1	xeSAXikaraNam,15.1	1	024	07	vexa	qgvexa	maNdala-1
15.1	(wiRTawi)	20.1	wiRTawi	sWA{karwari;lat;pra;eka;parasmEpaxI;BvAxiH}	sWA{karwari;lat;pra;eka;parasmEpaxI;BvAxiH}	-	-	1	024	07	vexa	qgvexa	maNdala-1
16.1	kewavaH	17.1	kewavaH	kewu{puM;1;bahu}/kewu{puM;8;bahu}	kewu{puM;1;bahu}	karwA,20.1	karwA,20.1	1	024	07	vexa	qgvexa	maNdala-1
17.1	asme	14.1	asme	asme{pragqhyasaMjFA(asmax;Se)}/asmax{pragqhyasaMjFA(asmax;Se)}/asmax{sarvanAma;7;eka;pragqhyasaMjFA(Se)}	asmax{sarvanAma;7_pragqhyasaMjFA(Se)}	aXikaraNam,19.1	aXikaraNam,19.1	1	024	07	vexa	qgvexa	maNdala-1
18.1	anwar	15.1	anwar	anwar{avya}	anwar{avya}	sambanXaH,19.1	sambanXaH,19.1	1	024	07	vexa	qgvexa	maNdala-1
19.1	nihiwAH	16.1	nihiwAH	nihiwa{puM;1;bahu(ni_XA1;kwa;juhowyAxiH)}/nihiwA{swrI;1;bahu(ni_XA1;kwa;juhowyAxiH)}/nihiwA{swrI;2;bahu(ni_XA1;kwa;juhowyAxiH)}	nihiwa{puM;1;bahu(ni_XA1;kwa;juhowyAxiH)}	viXeya_viSeRaNam,16.1	viXeya_viSeRaNam,16.1	1	024	07	vexa	qgvexa	maNdala-1
2.1	rAjA	2.1	rAjA	rAjan{puM;1;eka}	rAjan{puM;1;eka}	viSeRaNam,3.1	viSeRaNam,3.1	1	024	07	vexa	qgvexa	maNdala-1
20.1	syuH	18.1	syuH	as2{karwari;viXilif;pra;bahu;parasmEpaxI;axAxiH}	as2{karwari;viXilif;pra;bahu;parasmEpaxI;axAxiH}	aBihiwa_karwA,16.1	-	1	024	07	vexa	qgvexa	maNdala-1
3.1	varuNaH	3.1	varuNaH	varuNa{puM;1;eka}	varuNa{puM;1;eka}	karwA,8.1	karwA,8.1	1	024	07	vexa	qgvexa	maNdala-1
4.1	a-	1.1	a-buXne	a	a	samAsaH,4.2	samAsaH,4.2	1	024	07	vexa	qgvexa	maNdala-1
4.2	buXne	1.2	--	buXna{puM;7;eka}/buXna{napuM;8;xvi}/buXna{napuM;1;xvi}/buXna{napuM;2;xvi}/buXna{napuM;7;eka}/buXnA{swrI;8;eka}/buXnA{swrI;8;xvi}/buXnA{swrI;1;xvi}/buXnA{swrI;2;xvi}	buXna{puM;7;eka}	aXikaraNam,8.1	aXikaraNam,8.1	1	024	07	vexa	qgvexa	maNdala-1
5.1	vanasya	4.1	vanasya	vana{napuM;6;eka}	vana{napuM;6;eka}	RaRTIsambanXaH,6.1	RaRTIsambanXaH,6.1	1	024	07	vexa	qgvexa	maNdala-1
6.1	swUpaM	6.1	swUpaM	swUpa{puM;2;eka}	swUpa{puM;2;eka}	karma,8.1	karma,8.1	1	024	07	vexa	qgvexa	maNdala-1
7.1	UrXvam	5.1	-	UrXvam{avyayaH}	UrXvam{avyayaH}	sambanXaH,8.1	sambanXaH,8.1	1	024	07	vexa	qgvexa	maNdala-1
8.1	xaxawe	7.1	xaxawe	xax{karwari;lat;pra;eka;AwmanepaxI;BvAxi}	xax{karwari;lat;pra;eka;AwmanepaxI;BvAxi}	-	-	1	024	07	vexa	qgvexa	maNdala-1
9.1	(we)	19.1	-	wax{sarvanAma;puM;1;bahu}	wax{sarvanAma;puM;1;bahu}	karwA,10.1	karwA,11.1	1	024	07	vexa	qgvexa	maNdala-1
1.1	rAjA	3.1	rAjA	rAjan{puM;1;eka}	rAjan{puM;1;eka}	viSeRaNam,2.1	viSeRaNam,2.1	1	024	08	vexa	qgvexa	maNdala-1
10.1	cakAra	5.1	-	kq{karwari;lit;pra;eka;parasmEpaxI;wanAxiH}	kq{karwari;lit;pra;eka;parasmEpaxI;wanAxiH}	-	-	1	024	08	vexa	qgvexa	maNdala-1
11.1	a-	10.1	a-paxe	a	a	samAsaH,11.2	samAsaH,11.2	1	024	08	vexa	qgvexa	maNdala-1
11.2	paxe	10.2	--	pax{puM;4;eka}/pAxa{puM;4;eka}/paxa{napuM;1;xvi}/paxa{napuM;2;xvi}/paxa{napuM;8;xvi}/paxa{napuM;7;eka}/paxa{puM;7;eka}/paxA{swrI;8;eka}/paxA{swrI;8;xvi}/paxA{swrI;1;xvi}/paxA{swrI;2;xvi}	pax{puM;4;eka}	aXikaraNam,13.2	aXikaraNam,13.2	1	024	08	vexa	qgvexa	maNdala-1
12.1	pAxO	11.1	pAxO	pAxa{puM;1;xvi}/pAxa{puM;2;xvi}/pAxa{puM;8;xvi}	pAxa{puM;1;xvi}	karma,13.2	karma,13.2	1	024	08	vexa	qgvexa	maNdala-1
13.1	prawi-	12.1	prawi-XAwave	prawi	prawi	samAsaH,13.2	samAsaH,13.2	1	024	08	vexa	qgvexa	maNdala-1
13.2	XAwave	12.2	--	XAwave{avya(XA;waven)}	XAwave{avya(XA;waven)}	prayojanam,14.1	prayojanam,14.1	1	024	08	vexa	qgvexa	maNdala-1
14.1	akaH(akArRIw)	13.1	akaH	kq{karwari;lodarWe_luf;pra;eka;parasmEpaxI;wanAxiH}	kq{karwari;lodarWe_luf;pra;eka;parasmEpaxI;wanAxiH}	-	-	1	024	08	vexa	qgvexa	maNdala-1
15.1	uwa	14.1	uwa	uwa{avya}	uwa{avya}	sambanXaH,19.1	sambanXaH,19.1	1	024	08	vexa	qgvexa	maNdala-1
16.1	hqxayA-	16.1	hqxayA-viXaH	hqxayA	hqxayA	samAsaH,16.2	samAsaH,16.2	1	024	08	vexa	qgvexa	maNdala-1
16.2	viXaH	16.2	--	viX{puM;1;bahu(vyaX;kvip)}/viX{puM;2;bahu(vyaX;kvip)}//viX{puM;6;eka)}/viX{puM;8;bahu(vyaX;kvip)}	viX{puM;6;eka(vyaX;kvip)}	RaRTIsambanXaH,18.2	RaRTIsambanXaH,18.2	1	024	08	vexa	qgvexa	maNdala-1
17.1	ciw	17.1	ciw	ciw{avya}/ciw{swrI;1;eka}/ciw{swrI;8;eka}	ciw{avya}	sambanXaH,16.2	sambanXaH,16.2	1	024	08	vexa	qgvexa	maNdala-1
18.1	apa-	15.1	apa-vakwA	apa	apa	samAsaH,18.2	samAsaH,18.2	1	024	08	vexa	qgvexa	maNdala-1
18.2	vakwA	15.2	--	vac1{karwari;lut;pra;eka;parasmEpaxI;axAxiH}/vac1{karmaNi;lut;pra;eka;AwmanepaxI;axAxiH}/brU1{karwari;lut;pra;eka;parasmEpaxI;axAxiH}/brU1{karwari;lut;pra;eka;AwmanepaxI;axAxiH}/brU1{karmaNi;lut;pra;eka;AwmanepaxI;axAxiH}/vakwq{puM;1;eka(vac1;wqc;axAxiH)}/vakwq{puM;1;eka(brU1;wqc;axAxiH)}/vakwA{swrI;1;eka(vanc1;kwa;BvAxiH)}/vakwq{swrI;1;eka}	kwq{puM;1;eka(vac1;wqc;axAxiH)}	karwA,19.1	karwA,19.1	1	024	08	vexa	qgvexa	maNdala-1
19.1	(Bavawu)	18.1	Bavawu	BU1{karwari;lot;pra;eka;parasmEpaxI;BvAxiH}	BU1{karwari;lot;pra;eka;parasmEpaxI;BvAxiH}	-	-	1	024	08	vexa	qgvexa	maNdala-1
2.1	varuNaH	4.1	varuNaH	varuNa{puM;1;eka}	varuNa{puM;1;eka}	karwA,10.1	karwA,10.1	1	024	08	vexa	qgvexa	maNdala-1
3.1	sUryAya(sUryasya)	6.1	sUryAya	sUrya{puM;4;eka}	sUrya{puM;4;eka}	RaRTIsambanXaH,4.1	RaRTIsambanXaH,4.1	1	024	08	vexa	qgvexa	maNdala-1
4.1	panWAM	7.1	-	paWin{puM;2;eka}	paWin{puM;2;eka}	gONakarma,10.1	gONakarma,10.1	1	024	08	vexa	qgvexa	maNdala-1
5.1	uruM	1.1	-	uru{puM;2;eka}	uru{puM;2;eka}	muKyakarma,10.1	-muKyakarma,10.1	1	024	08	vexa	qgvexa	maNdala-1
6.1	hi	2.1	-	hi{avya}	hi{avya}	sambanXaH,7.2	sambanXaH,7.2	1	024	08	vexa	qgvexa	maNdala-1
7.1	anu-	8.1	anu-ewavE	anu	anu	samAsaH,7.2	sambanXaH,7.2	1	024	08	vexa	qgvexa	maNdala-1
7.2	ewavE	8.2	--	ewavE{avya(i;wumarWe_wavE)}	ewavE{avya(i;wumarWe_wavE)}	prayojanam,10.1	prayojanam,10.1	1	024	08	vexa	qgvexa	maNdala-1
8.1	u(eva)	9.1	u	u{avya}	u{avya}	sambanXaH,7.2	-#sambanXaH,7.2	1	024	08	vexa	qgvexa	maNdala-1
1.1	rAjan	3.1	rAjan	rAjan{puM;8;eka}/rAjaw{puM;1;eka(rAj1;Sawq_lat;BvAxiH)}	rAjan{puM;8;eka}	samboXyaH,7.1	samboXyaH,7.1	1	024	09	vexa	qgvexa	maNdala-1
10.1	urvI	6.1	urvI	urvI{swrI;1;eka}	urvI{swrI;1;eka}	viSeRaNam,11.1	viSeRaNam,11.1	1	024	09	vexa	qgvexa	maNdala-1
11.1	gaBIrA	7.1	gaBIrA	gaBIrA{swrI;1;eka}	gaBIrA{swrI;1;eka}	viXeya_viSeRaNam,9.2	viXeya_viSeRaNam,9.2	1	024	09	vexa	qgvexa	maNdala-1
12.1	aswu	10.1	aswu	aswu{avya}/as2{karwari;lot;pra;eka;parasmEpaxI;axAxiH}	as{karwari;lot;pra;eka;parasmEpaxI;axAxiH}	-	-	1	024	09	vexa	qgvexa	maNdala-1
13.1	nir-	13.1	nir-qwim	nir	nir	samAsaH,13.2	samAsaH,13.2	1	024	09	vexa	qgvexa	maNdala-1
13.2	qwim	13.2	--	qwi{swrI;2;eka}	qwi{swrI;2;eka}	karma,14.1	karma,14.1	1	024	09	vexa	qgvexa	maNdala-1
14.1	parAcEH	14.1	parAcEH	parAcEH{avyayaH)	parAcEH{avyayaH)	kriyAviSeRaNam,16.1	kriyAviSeRaNam,16.1	1	024	09	vexa	qgvexa	maNdala-1
15.1	xUre	12.1	xUre	xUra{puM;7;eka}/xUra{napuM;7;eka}	xUra{puM;7;eka}	xeSAXikaraNam,16.1	xeSAXikaraNam,16.1	1	024	09	vexa	qgvexa	maNdala-1
16.1	bAXasva	11.1	bAXasva	bAX1{karwari;lot;ma;eka;AwmanepaxI;BvAxiH}	bAX1{karwari;lot;ma;eka;AwmanepaxI;BvAxiH}	-	-	1	024	09	vexa	qgvexa	maNdala-1
17.1	kqwaM	15.1	kqwaM	kqwa{puM;2;eka(kq2;kwa;svAxiH)}/kqwa{napuM;1;eka(kq2;kwa;svAxiH)}/kqwa{napuM;2;eka(kq2;kwa;svAxiH)}/kqwa{puM;2;eka(kq3;kwa;wanAxiH)}/kqwa{napuM;1;eka(kq3;kwa;wanAxiH)}/kqwa{napuM;2;eka(kq3;kwa;wanAxiH)}	kqwa{puM;2;eka(kq2;kwa;svAxiH)}	viSeRaNam,19.1	viSeRaNam,19.1	1	024	09	vexa	qgvexa	maNdala-1
18.1	ciw(api)	16.1	ciw	ciw{avya}/ciw{swrI;1;eka}/ciw{swrI;8;eka}	ciw{avya}	sambanXaH,17.1	sambanXaH,17.1	1	024	09	vexa	qgvexa	maNdala-1
19.1	enaH	17.1	enaH	enas{napuM;1;eka}/enas{napuM;2;eka}/enas{napuM;8;eka}	enas{napuM;2;eka}	karma,21.1	karma,21.1	1	024	09	vexa	qgvexa	maNdala-1
2.1	we	2.1	we	wax{sarvanAma;puM;1;bahu}/wax{sarvanAma;napuM;1;xvi}/wax{sarvanAma;napuM;2;xvi}/wax{sarvanAma;swrI;1;xvi}/wax{sarvanAma;swrI;2;xvi}/yuRmax{sarvanAma;6;eka}/yuRmax{sarvanAma;4;eka}	yuRmax{sarvanAma;6;eka}	RaRTIsambanXaH,6.1	RaRTIsambanXaH,6.1	1	024	09	vexa	qgvexa	maNdala-1
20.1	asmaw	19.1	asmaw	asmax{sarvanAma;5;bahu}	asmax{sarvanAma;5;bahu}	apAxAnam,21.1	apAxAnam,21.1	1	024	09	vexa	qgvexa	maNdala-1
21.1	pramumugXi	18.1	pramumugXi	muc2{karwari;lot;ma;eka;AwmanepaxI;wuxAxiH}	muc2{karwari;lot;ma;eka;AwmanepaxI;wuxAxiH}	-	-	1	024	09	vexa	qgvexa	maNdala-1
3.1	SawaM	1.1	SawaM	Sawa{napuM;1;eka}/Sawa{napuM;2;eka}/Sawa{saMKyeyam;napuM;1;eka}/Sawa{saMKyeyam;napuM;2;eka}/Sawa{saMKyA;napuM;1;eka}/Sawa{saMKyA;napuM;2;eka}	Sawa{napuM;1;eka}	viSeRaNam,6.1	viSeRaNam,6.1	1	024	09	vexa	qgvexa	maNdala-1
4.1	sahasram	5.1	sahasram	sahasra{saMKyeyam;napuM;1;eka}/sahasra{saMKyeyam;napuM;2;eka}/sahasra{saMKyA;napuM;1;eka}/sahasra{saMKyA;napuM;2;eka}	sahasra{saMKyeyam;napuM;1;eka}	anyawaraH,3.1	anyawaraH,3.1	1	024	09	vexa	qgvexa	maNdala-1
5.1	(vA)	-	vA	vA{avya}	vA{avya}	anyawara_xyowakaH,3.1	anyawara_xyowakaH,3.1	1	024	09	vexa	qgvexa	maNdala-1
6.1	BiRajaH	4.1	BiRajaH	BiRaj{puM;1;bahu}/BiRaj{puM;2;bahu}/BiRaj{puM;5;eka}/BiRaj{puM;6;eka}/BiRaj{puM;8;bahu}	BiRaj{puM;1;bahu}	karwA,7.1	karwA,7.1	1	024	09	vexa	qgvexa	maNdala-1
7.1	(sanwi)	-	sanwi	as2{karwari;lat;pra;bahu;parasmEpaxI;axAxiH}/saw{napuM;8;bahu}/saw{napuM;1;bahu(as2;Sawq_lat;axAxiH)}/saw{napuM;2;bahu(as2;Sawq_lat;axAxiH)}	as2{karwari;lat;pra;bahu;parasmEpaxI;axAxiH}	-	-	1	024	09	vexa	qgvexa	maNdala-1
8.1	we	9.1	we	wax{sarvanAma;puM;1;bahu}/wax{sarvanAma;napuM;1;xvi}/wax{sarvanAma;napuM;2;xvi}/wax{sarvanAma;swrI;1;xvi}/wax{sarvanAma;swrI;2;xvi}/yuRmax{sarvanAma;6;eka}/yuRmax{sarvanAma;4;eka}	yuRmax{sarvanAma;6;eka}	RaRTIsambanXaH,9.2	RaRTIsambanXaH,9.2	1	024	09	vexa	qgvexa	maNdala-1
9.1	su-	8.1	su-mawiH	su	su	samAsaH,9.2	samAsaH,9.2	1	024	09	vexa	qgvexa	maNdala-1
9.2	mawiH	8.2	--	mawi{swrI;1;eka}/mawi{puM;1;eka}	mawi{swrI;1;eka}	karwA,12.1	karwA,12.1	1	024	09	vexa	qgvexa	maNdala-1
1.1	uccEH	5.1	uccEH	uccEH{avya}/ucca{puM;3;bahu}/ucca{napuM;3;bahu}	uccEH{avya}	kriyAviSeRaNam,2.2	kriyAviSeRaNam,2.2	1	024	10	vexa	qgvexa	maNdala-1
10.1	kuha	8.1	kuha	kuha{puM;7;eka}	kuha{puM;7;eka}	aXikaraNam,12.1	aXikaraNam,12.1	1	024	10	vexa	qgvexa	maNdala-1
11.1	ciw	9.1	ciw	ciw{avya}/ciw{swrI;1;eka}/ciw{swrI;8;eka}	ciw{avya}	sanbanXaH,10.1	sanbanXaH,10.1	1	024	10	vexa	qgvexa	maNdala-1
12.1	IyuH	11.1	IyuH	i{karwari;lit;pra;bahu;parasmEpaxI;axAxiH}	i{karwari;lit;pra;bahu;parasmEpaxI;axAxiH}	-	-	1	024	10	vexa	qgvexa	maNdala-1
13.1	varuNasya	13.1	varuNasya	varuNa{puM;6;eka}	varuNa{puM;6;eka}	RaRTIsambanXaH,14.1	RaRTIsambanXaH,14.1	1	024	10	vexa	qgvexa	maNdala-1
14.1	vrawAni	14.1	vrawAni	vrawa{napuM;1;bahu}/vrawa{napuM;2;bahu}/vrawa{napuM;8;bahu}	vrawa{napuM;1;bahu}	karwA,16.1	karwA,16.1	1	024	10	vexa	qgvexa	maNdala-1
15.1	a-	12.1	a-xabXAni	a	a	samAsaH,15.2	samAsaH,15.2	1	024	10	vexa	qgvexa	maNdala-1
15.2	xabXAni	12.2	--	xabXa{napuM;1;bahu(xamBu;kwa)}	xabXa{napuM;1;bahu(xamBu;kwa)}	viXeya_viSeRaNam,14.1	viXeya_viSeRaNam,14.1	1	024	10	vexa	qgvexa	maNdala-1
16.1	(sanwi)	-	sanwi	as2{karwari;lat;pra;bahu;parasmEpaxI;axAxiH}/saw{napuM;8;bahu}/saw{napuM;1;bahu(as2;Sawq_lat;axAxiH)}/saw{napuM;2;bahu(as2;Sawq_lat;axAxiH)}	as2{karwari;lat;pra;bahu;parasmEpaxI;axAxiH}/	-	viSeRaNam,	1	024	10	vexa	qgvexa	maNdala-1
17.1	vi	15.1	-	vi	vi	samAsaH,17.2	-#samAsaH,17.2	1	024	10	vexa	qgvexa	maNdala-1
17.2	cAkaSaw	15.2	-	cAkaSaw{puM;1;eka(kaS;yafluk_Sawq_lat)}	cAkaSaw{puM;1;eka(kaS;yafluk_Sawq_lat)}	viSeRaNam,18.1	-#viSeRaNam,18.1	1	024	10	vexa	qgvexa	maNdala-1
18.1	canxramAH	16.1	canxramAH	canxramas{puM;1;eka}	canxramas{puM;1;eka}	karwA,20.1	karwA,20.1	1	024	10	vexa	qgvexa	maNdala-1
19.1	nakwaM	17.1	nakwaM	nakwam{avya}/nakwa{napuM;1;eka}/nakwa{napuM;2;eka}	nakwam{avya}	aXikaraNam,20.1	aXikaraNam,20.1	1	024	10	vexa	qgvexa	maNdala-1
2.1	ni-	4.1	ni-hiwAH	ni	ni	samAsaH,2.2	samAsaH,2.2	1	024	10	vexa	qgvexa	maNdala-1
2.2	hiwAH	4.2	--	hiwa{puM;1;bahu(XA1;kwa;juhowyAxiH)}/hiwA{swrI;1;bahu(XA1;kwa;juhowyAxiH)}/hiwA{swrI;2;bahu(XA1;kwa;juhowyAxiH)}/hiwa{puM;1;bahu(hi1;kwa;svAxiH)}/hiwA{swrI;1;bahu(hi1;kwa;svAxiH)}/hiwA{swrI;2;bahu(hi1;kwa;svAxiH)}/hiwa{puM;8;bahu}/hiwA{swrI;8;bahu}	hiwa{puM;1;bahu(XA1;kwa;juhowyAxiH)}	viXeya_viSeRaNam,	viXeya_viSeRaNam,	1	024	10	vexa	qgvexa	maNdala-1
20.1	ewi	18.1	ewi	i1{karwari;lat;pra;eka;parasmEpaxI;axAxiH}	i1{karwari;lat;pra;eka;parasmEpaxI;axAxiH}	aBihiwa_karwA,21.1;sakarmaka	-	1	024	10	vexa	qgvexa	maNdala-1
3.1	ye	2.1	-	yax{sarvanAma;puM;1;bahu}/yax{sarvanAma;napuM;1;xvi}/yax{sarvanAma;napuM;2;xvi}/yax{sarvanAma;swrI;1;xvi}/yax{sarvanAma;swrI;2;xvi}	yax{sarvanAma;puM;karma_1;bahu}	viSeRaNam,7.1	-#viSeRaNam,7.1	1	024	10	vexa	qgvexa	maNdala-1
4.1	qkRAH	3.1	-	qkRa{puM;1;bahu}/qkRa{puM;8;bahu}	qkRa{puM;karma_1;bahu}	karma,7.1	-#karma,7.1	1	024	10	vexa	qgvexa	maNdala-1
5.1	amI(amIBiH)	1.1	-	axas{sarvanAma;puM;1;bahu}	axas{sarvanAma;puM;wqwIyArWe_1;bahu}	karwA,7.1	-#karwA,7.1	1	024	10	vexa	qgvexa	maNdala-1
6.1	nakwaM	6.1	nakwaM	nakwam{avya}/nakwa{napuM;1;eka}/nakwa{napuM;2;eka}	nakwam{avya	aXikaraNam,7.1	aXikaraNam,7.1	1	024	10	vexa	qgvexa	maNdala-1
7.1	xaxqSre	7.1	xaxqSre	xqS1{karmaNi;lit;pra;bahu;AwmanepaxI;BvAxiH}	xqS1{karmaNi;lit;pra;bahu;AwmanepaxI;BvAxiH}	aBihiwa_karma,10.1;sakarmaka	-	1	024	10	vexa	qgvexa	maNdala-1
8.1	(we)	19.1	-	wax{sarvanAma;puM;1;bahu}/wax{sarvanAma;napuM;1;xvi}/wax{sarvanAma;napuM;2;xvi}/wax{sarvanAma;swrI;1;xvi}/wax{sarvanAma;swrI;2;xvi}	wax{sarvanAma;puM;1;bahu}	karwA,12.1	-#karwA,12.1	1	024	10	vexa	qgvexa	maNdala-1
9.1	xivA	10.1	xivA	xivA{avya}/xiv{swrI;3;eka}	xivA{avya}	kAlAXikaraNam,12.1	kAlAXikaraNam,12.1	1	024	10	vexa	qgvexa	maNdala-1
1.1	brahmaNA	4.1	-	brahman{puM;3;eka}/brahman{napuM;3;eka}	brahman{puM;3;eka}	karaNam,2.1	karaNam,2.1	1	024	11	vexa	qgvexa	maNdala-1
10.1	A_SAswe	7.1	-	Af_SAs{karwari;lat;pra;eka;AwmanepaxI;axAxiH}	Af_SAs{karwari;lat;pra;eka;AwmanepaxI;axAxiH}	-	-	1	024	11	vexa	qgvexa	maNdala-1
11.1	iha	12.1	iha	iha{avya}	iha{avya}	aXikaraNam,14.1	aXikaraNam,14.1	1	024	11	vexa	qgvexa	maNdala-1
12.1	a-	10.1	wvaM	a	a	samAsaH,12.2	-#samAsaH,12.2	1	024	11	vexa	qgvexa	maNdala-1
12.2	helYamAnaH	10.2	-	helYamAnaH{puM;1;eka(hed;SAnac_lat;karwari;BvAxiH)}	helYamAnaH{puM;1;eka(hed;SAnac_lat;karwari;BvAxiH)}	viSeRaNam,13.1	-#viSeRaNam,13.1	1	024	11	vexa	qgvexa	maNdala-1
13.1	(wvaM)	20.1	-	yuRmax{sarvanAma;1;eka}	yuRmax{sarvanAma;1;eka}	karwA,14.1	-#karwA,14.1	1	024	11	vexa	qgvexa	maNdala-1
14.1	boXi	13.1	boXi	buX1{karmaNi;lot;ma;eka;AwmanepaxI;BvAxiH}/buX3{karwari;lot;ma;eka;AwmanepaxI;xivAxiH}	buX1{karmaNi;lot;ma;eka;AwmanepaxI;BvAxiH}	-	-	1	024	11	vexa	qgvexa	maNdala-1
15.1	uru-	14.1	-	uru	uru	samAsaH,15.2	-#samAsaH,15.2	1	024	11	vexa	qgvexa	maNdala-1
15.2	SaMsa	14.2	-	Sans1{karwari;lot;ma;eka;parasmEpaxI;BvAxiH}/SaMsa{puM;8;eka}/SaMsa{napuM;8;eka}	SaMsa{puM;8;eka}	viSeRaNam,16.1	-#viSeRaNam,16.1	1	024	11	vexa	qgvexa	maNdala-1
16.1	varuNa	11.1	-	varuNa{puM;8;eka}	varuNa{puM;8;eka}	samboXyaH,20.1	-#samboXyaH,20.1	1	024	11	vexa	qgvexa	maNdala-1
17.1	naH	16.1	naH	asmax{sarvanAma;2;bahu}/asmax{sarvanAma;6;bahu}/asmax{sarvanAma;4;bahu}/nq{puM;8;eka}	asmax{sarvanAma;6;bahu}	RaRTIsambanXaH,18.1	RaRTIsambanXaH,18.1	1	024	11	vexa	qgvexa	maNdala-1
18.1	AyuH	17.1	AyuH	Ayus{napuM;1;eka}/Ayus{napuM;2;eka}/Af_yA1{karwari{laf;pra;bahu;parasmEpaxI;axAxiH}/Ayus{napuM;8;eka}	Ayus{napuM;2;eka}	karma,20.1	karma,20.1	1	024	11	vexa	qgvexa	maNdala-1
19.1	mA	15.1	mA	mA{avya}	mA{avya}	prawiReXaH,20.1	prawiReXaH,20.1	1	024	11	vexa	qgvexa	maNdala-1
2.1	vanxamAnaH	5.1	havirBiH	vanxamAna{puM;1;eka(vax2;SAnac_lat;karwari;BvAxiH)}	vanxamAna{puM;1;eka(vax2;SAnac_lat;karwari;BvAxiH)}	viSeRaNam,3.1	viSeRaNam,3.1	1	024	11	vexa	qgvexa	maNdala-1
20.1	pra_moRIH(amoRIH)	18.1	pra_moRIH	pra_muR2{karwari;luf;ma;eka;parasmEpaxI;kryAxiH}	pra_muR2{karwari;luf;ma;eka;parasmEpaxI;kryAxiH}	-	-	1	024	11	vexa	qgvexa	maNdala-1
3.1	(ahaM)	19.1	-	asmax{sarvanAma;1;eka}	asmax{sarvanAma;1;eka}	karwA,6.1	-#karwA,6.1	1	024	11	vexa	qgvexa	maNdala-1
4.1	wvA	2.1	-	yuRmax{sarvanAma;2;eka}	yuRmax{sarvanAma;2;eka}	gONakarma,6.1	-#karma,6.1	1	024	11	vexa	qgvexa	maNdala-1
5.1	waw(AyuH)	1.1	-	wax{sarvanAma;napuM;1;eka}/wax{sarvanAma;napuM;2;eka}	wax{sarvanAma;napuM;1;eka}	muKyakarma,6.1	muKkayarma,6.1	1	024	11	vexa	qgvexa	maNdala-1
6.1	yAmi(yAce)	3.1	-	yA1{karwari;lat;u;eka;parasmEpaxI;axAxiH}/yAmI{swrI;8;eka}	yA1{karwari;lat;u;eka;parasmEpaxI;axAxiH}	-	-	1	024	11	vexa	qgvexa	maNdala-1
7.1	yajamAnaH	8.1	-	yajamAna{puM;1;eka}	yajamAna{puM;1;eka}	karwA,10.1	-#karwA,10.1	1	024	11	vexa	qgvexa	maNdala-1
8.1	havirBiH	9.1	-	havis{napuM;3;bahu}	-	karaNam,10.1	-#karaNam,10.1	1	024	11	vexa	qgvexa	maNdala-1
9.1	waw	6.1	-	wax{sarvanAma;napuM;1;eka}/wax{sarvanAma;napuM;2;eka}	wax{sarvanAma;napuM;1;eka}	karma,10.1	-#karma,10.1	1	024	11	vexa	qgvexa	maNdala-1
1.1	waw	1.1	waw	wax{sarvanAma;napuM;1;eka}/wax{sarvanAma;napuM;2;eka}	wax{sarvanAma;napuM;2;eka}	karma,5.1	karma,5.1	1	024	12	vexa	qgvexa	maNdala-1
10.1	ayaM	9.1	ayaM	ixam{sarvanAma;puM;1;eka}/aya{puM;2;eka}	ixam{sarvanAma;puM;1;eka}	viSeRaNam,11.1	viSeRaNam,11.1	1	024	12	vexa	qgvexa	maNdala-1
11.1	kewaH	10.1	kewaH	kewa{puM;1;eka}	kewa{puM;1;eka}	karwA,14.1	karwA,14.1	1	024	12	vexa	qgvexa	maNdala-1
12.1	waw	8.1	waw	wax{sarvanAma;napuM;1;eka}/wax{sarvanAma;napuM;2;eka}	wax{sarvanAma;napuM;2;eka}	karma,14.1	karma,14.1	1	024	12	vexa	qgvexa	maNdala-1
13.1	A	12.1	A	A{avya}	A{avya}	kriyAviSeRaNam,14.1	kriyAviSeRaNam,14.1	1	024	12	vexa	qgvexa	maNdala-1
14.1	vi_caRte	13.1	vi_caRte	vi_cakR1{karwari;lat;pra;eka;AwmanepaxI;axAxiH}	vi_cakR1{karwari;lat;pra;eka;AwmanepaxI;axAxiH}	aBihiwa_karwA,11.1;sakarmaka	-	1	024	12	vexa	qgvexa	maNdala-1
15.1	gqBIwaH	17.1	gqBIwaH	gqBIwaH{puM;1;eka(grah;kwa)}	gqBIwaH{puM;1;eka(grah;kwa)}	viSeRaNam,16.1	viSeRaNam,16.1	1	024	12	vexa	qgvexa	maNdala-1
16.1	SunaHSepaH	14.1	SunaHSepaH	SunaHSepa{puM;1;eka}	SunaHSepa{puM;1;eka}	karwA,18.1	karwA,18.1	1	024	12	vexa	qgvexa	maNdala-1
17.1	yaM	15.0	yaM	yax{sarvanAma;puM;2;eka}	yax{sarvanAma;puM;2;eka}	karma,18.1;niwya_sambanXaH1,19.1	karma,18.1;niwya_sambanXaH1,19.1	1	024	12	vexa	qgvexa	maNdala-1
18.1	ahvaw	16.1	ahvaw	hve1{karwari;luf;pra;eka;parasmEpaxI;BvAxiH}	hve1{karwari;luf;pra;eka;parasmEpaxI;BvAxiH}	-	-	1	024	12	vexa	qgvexa	maNdala-1
19.1	saH	18.1	saH	wax{sarvanAma;puM;1;eka}	wax{sarvanAma;puM;1;eka}	viSeRaNam,21.1	viSeRaNam,21.1	1	024	12	vexa	qgvexa	maNdala-1
2.1	iw(eva)	2.1	iw	iw{avya}	iw{avya}	sambanXaH,1.1	sambanXaH,1.1	1	024	12	vexa	qgvexa	maNdala-1
20.1	rAjA	20.1	rAjA	rAjan{puM;1;eka}	rAjan{puM;1;eka}	viSeRaNam,21.1	viSeRaNam,21.1	1	024	12	vexa	qgvexa	maNdala-1
21.1	varuNaH	21.1	varuNaH	varuNa{puM;1;eka}	varuNa{puM;1;eka}	karwA,23.1	karwA,23.1	1	024	12	vexa	qgvexa	maNdala-1
22.1	asmAn	19.1	asmAn	asmax{sarvanAma;2;bahu}	asmax{sarvanAma;2;bahu}	karma,23.1	karma,23.1	1	024	12	vexa	qgvexa	maNdala-1
23.1	mumokwu	22.1	muFcawu	muc2{karwari;lot;pra;eka;parasmEpaxI;wuxAxiH}	muc2{karwari;lot;pra;eka;parasmEpaxI;wuxAxiH}	aBihiwa_karwA,7.1;sakarmaka	-	1	024	12	vexa	qgvexa	maNdala-1
3.1	nakwaM	3.1	nakwaM	nakwam{avya}/nakwa{napuM;1;eka}/nakwa{napuM;2;eka}	nakwam{avya}	kAlAXikaraNam,5.1	kAlAXikaraNam,5.1	1	024	12	vexa	qgvexa	maNdala-1
4.1	mahyaM	6.1	mahyaM	asmax{sarvanAma;4;eka}	asmax{sarvanAma;4;eka}	sampraxAnam,5.1	sampraxAnam,51	1	024	12	vexa	qgvexa	maNdala-1
5.1	AhuH	7.1	AhuH	brU1{karwari;lat;pra;bahu;parasmEpaxI;axAxiH}	brU1{karwari;lat;pra;bahu;parasmEpaxI;axAxiH}	-	-	1	024	12	vexa	qgvexa	maNdala-1
6.1	waw	4.1	waw	wax{sarvanAma;napuM;1;eka}/wax{sarvanAma;napuM;2;eka}	wax{sarvanAma;napuM;2;eka}	karma,8.1	karma,8.1	1	024	12	vexa	qgvexa	maNdala-1
7.1	xivA	5.1	xivA	xivA{avya}/xiv{swrI;3;eka}	xivA{avya}	kAlAXikaraNam,8.1	kAlAXikaraNam,8.1	1	024	12	vexa	qgvexa	maNdala-1
8.1	(AhuH)	-	AhuH	brU1{karwari;lat;pra;bahu;parasmEpaxI;axAxiH}	brU1{karwari;lat;pra;bahu;parasmEpaxI;axAxiH}	-	-	1	024	12	vexa	qgvexa	maNdala-1
9.1	hqxaH	11.1	hqxaH	hqx{napuM;2;bahu}/hqxaya{napuM;5;eka}/hqxaya{napuM;6;eka}	hqx{napuM;6;eka}	RaRTIsambanXaH,11.1	RaRTIsambanXaH,11.1	1	024	12	vexa	qgvexa	maNdala-1
1.1	wriRu	5.1	wriRu	wri{saMKyeyam;puM;7;bahu}/wri{saMKyeyam;napuM;7;bahu}/wri{saMKyA;napuM;7;bahu}	wri{saMKyeyam;puM;7;bahu}	aXikaraNam,2.1	aXikaraNam,2.1	1	024	13	vexa	qgvexa	maNdala-1
10.1	a-	14.1	a-xabXaH	a	a	samAsaH,10.2	samAsaH,10.2	1	024	13	vexa	qgvexa	maNdala-1
10.2	xabXaH	14.2	-	xabXaH{puM;1;eka(xamB;kwa)}	xabXaH{puM;1;eka(xamB;kwa)}	viSeRaNam,12.1	viSeRaNam,12.1	1	024	13	vexa	qgvexa	maNdala-1
11.1	rAjA	10.1	rAjA	rAjan{puM;1;eka}	rAjan{puM;1;eka}	viSeRaNam,12.1	viSeRaNam,12.1	1	024	13	vexa	qgvexa	maNdala-1
12.1	varuNaH	11.1	varuNaH	varuNa{puM;1;eka}	varuNa{puM;1;eka}	karwA,14.1;karwA,16.1	karwA,14.1;karwA,16.1	1	024	13	vexa	qgvexa	maNdala-1
13.1	enaM	9.1	enaM	ixam{sarvanAma;puM;2;eka}	ixam{sarvanAma;puM;2;eka}	karma,14.1	karma,14.1	1	024	13	vexa	qgvexa	maNdala-1
14.1	ava_sasqjyAw	12.1	ava_sasqjyAw	ava_sqj{karwari;viXilif;pra;eka;SapaH_Slu;parasmEpaxI;wuxAxiH}/sqjya{puM;5;eka(sqj2;yaw;wuxAxiH)}/sqjya{napuM;5;eka(sqj2;yaw;wuxAxiH)}/sqjya{puM;5;eka(sqj2;Nyaw;wuxAxiH)}/sqjya{napuM;5;eka(sqj2;Nyaw;wuxAxiH)}	ava_sqj{karwari;viXilif;pra;eka;SapaH_Slu;parasmEpaxI;wuxAxiH}	-	hewuH5,17.1#apAxAnam,17.1	1	024	13	vexa	qgvexa	maNdala-1
15.1	pASAn	16.1	pASAn	pASa{puM;2;bahu}	pASa{puM;2;bahu}	karma,16.1	karma,16.1	1	024	13	vexa	qgvexa	maNdala-1
16.1	vi_mumokwu	15.1	vi_mumokwu	muc2{karwari;lot;pra;eka;parasmEpaxI;wuxAxiH}	muc2{karwari;lot;pra;eka;parasmEpaxI;wuxAxiH}	aBihiwa_karwA,12.1;sakarmaka	-	1	024	13	vexa	qgvexa	maNdala-1
2.1	gqBIwaH	4.1	gqBIwaH	gqhI{avya;wasil}/gqhIwa{puM;1;eka(grah1;kwa;kryAxiH)}	gqhIwa{puM;1;eka(grah1;kwa;kryAxiH)}	viSeRaNam,5.1	viSeRaNam,5.1	1	024	13	vexa	qgvexa	maNdala-1
3.1	xru-	7.1	xru-paxeRu	xru}/xrU	xru	samAsaH,3.2	samAsaH,3.2	1	024	13	vexa	qgvexa	maNdala-1
3.2	paxeRu	7.2	--	paxa{napuM;7;bahu}/paxa{puM;7;bahu}	paxa{puM;7;bahu}	aXikaraNam,4.1	aXikaraNam,4.1	1	024	13	vexa	qgvexa	maNdala-1
4.1	baxXaH	8.1	baxXaH	baxXa{puM;1;eka}/baxXa{puM;1;eka(banX1;kwa;kryAxiH)}	baxXa{puM;1;eka(banX1;kwa;kryAxiH)}	viSeRaNam,5.1	viSeRaNam,5.1	1	024	13	vexa	qgvexa	maNdala-1
5.1	SunaHSepaH	1.1	SunaHSepaH	SunaHSepa{puM;1;eka}	SunaHSepa{puM;1;eka}	karwA,7.1	karwA,7.1	1	024	13	vexa	qgvexa	maNdala-1
6.1	Axiwyam	6.1	Axiwyam	Axiwya{puM;2;eka}	Axiwya{puM;2;eka}	karma,7.1	karma,7.1	1	024	13	vexa	qgvexa	maNdala-1
7.1	ahvaw	3.1	ahvaw	hve1{karwari;luf;pra;eka;parasmEpaxI;BvAxiH}	hve1{karwari;luf;pra;eka;parasmEpaxI;BvAxiH}	aBihiwa_karwA,5.1;sakarmaka	-	1	024	13	vexa	qgvexa	maNdala-1
8.1	hi	2.1	hi	hi{avya}	hi{avya}	sambanXaH,14.1	sambanXaH,14.1	1	024	13	vexa	qgvexa	maNdala-1
9.1	vixvAn	13.1	vixvAn	vixvas{puM;1;eka}	vixvas{puM;1;eka}	viSeRaNam,12.1	karwA,17.1	1	024	13	vexa	qgvexa	maNdala-1
1.1	rAjan	13.1	rAjan	rAjan{puM;8;eka}/rAjaw{puM;1;eka(rAj1;Sawq_lat;BvAxiH)}	rAjan{puM;8;eka}	viSeRaNam,4.1	viSeRaNam,4.1	1	024	14	vexa	qgvexa	maNdala-1
10.1	yajFeBiH	6.1	yajFeBiH	yajFa{puM;3;bahu}	yajFa{puM;3;bahu}	viSeRaNam,11.1	viSeRaNam,11.1	1	024	14	vexa	qgvexa	maNdala-1
11.1	havirBiH	8.1	havirBiH	havis{napuM;3;bahu}	havis{napuM;3;bahu}	karaNam,12.1	karaNam,12.1	1	024	14	vexa	qgvexa	maNdala-1
12.1	ava_(Imahe)	5.1	ava_Imahe	ava_I{karwari;lat;u;bahu;AwmanepaxI;axAxiH}	ava_I{karwari;lat;u;bahu;AwmanepaxI;axAxiH}	-	-	1	024	14	vexa	qgvexa	maNdala-1
13.1	asmaByam	10.1	asmaByam	asmax{sarvanAma;4;bahu}	asmax{sarvanAma;4;bahu}	prayojanam,16.1	prayojanam,16.1	1	024	14	vexa	qgvexa	maNdala-1
14.1	kqwAni	16.1	kqwAni	kqwa{napuM;1;bahu(kq2;kwa;svAxiH)}/kqwa{napuM;2;bahu(kq2;kwa;svAxiH)}/kqwa{napuM;1;bahu(kq3;kwa;wanAxiH)}/kqwa{napuM;2;bahu(kq3;kwa;wanAxiH)}	kqwa{napuM;2;bahu(kq2;kwa;svAxiH)}	viSeRaNam,15.1	viSeRaNam,15.1	1	024	14	vexa	qgvexa	maNdala-1
15.1	enAMsi	14.1	enAMsi	enas{napuM;1;bahu}/enas{napuM;2;bahu}/enas{napuM;8;bahu}	enas{napuM;2;bahu}	karma,18.1	-#karma,18.1	1	024	14	vexa	qgvexa	maNdala-1
16.1	kRayan	9.1	kRayan	kRayaw{puM;1;eka(kRi1;Sawq_lat;BvAxiH)}	kRayaw{puM;1;eka(kRi1;Sawq_lat;BvAxiH)}	viSeRaNam,17.1	viSeRaNam,17.1	1	024	14	vexa	qgvexa	maNdala-1
17.1	(wvaM)	18.1	wvaM	yuRmax{sarvanAma;1;eka}	yuRmax{sarvanAma;1;eka}	karwA,18.1	karwA,18.1	1	024	14	vexa	qgvexa	maNdala-1
18.1	SiSraWaH(aSiSraWaH)	15.1	aSiSraWaH	SraWa{karwari;luf;ma;eka;parasmEpaxI;curAxiH_axanwaH}	SraWa{karwari;luf;ma;eka;parasmEpaxI;curAxiH_axanwaH}	-	-	1	024	14	vexa	qgvexa	maNdala-1
2.1	pra-	12.1	pra-cewaH	pra	pra	samAsaH,2.2	samAsaH,2.2	1	024	14	vexa	qgvexa	maNdala-1
2.2	cewA(cewaH)	12.2	--	cewa{puM;1;eka(ci1;kwa;svAxiH)}/cewas{puM;8;eka}	cewa{puM;8;eka(ci1;kwa;svAxiH)}	viSeRaNam,4.1	viSeRaNam,4.1	1	024	14	vexa	qgvexa	maNdala-1
3.1	asura	11.1	asura	asura{puM;8;eka}	asura{puM;8;eka}	viSeRaNam,4.1	viSeRaNam,4.1	1	024	14	vexa	qgvexa	maNdala-1
4.1	varuNa	3.1	varuNa	varuNa{puM;8;eka}	varuNa{puM;8;eka}	samboXyaH,18.1	samboXyaH,18.1	1	024	14	vexa	qgvexa	maNdala-1
5.1	we	1.1	we	wax{sarvanAma;puM;1;bahu}/wax{sarvanAma;napuM;1;xvi}/wax{sarvanAma;napuM;2;xvi}/wax{sarvanAma;swrI;1;xvi}/wax{sarvanAma;swrI;2;xvi}/yuRmax{sarvanAma;6;eka}/yuRmax{sarvanAma;4;eka}	wax{sarvanAma;puM;6;bahu}	RaRTIsambanXaH,6.1	RaRTIsambanXaH,6.1	1	024	14	vexa	qgvexa	maNdala-1
6.1	helYaH	2.1	helYaH	helYa{napuM;2;eka}	helYa{napuM;2;eka}	karma,9.1	karma,9.1	1	024	14	vexa	qgvexa	maNdala-1
7.1	(vayaM)	17.1	vayaM	asmax{sarvanAma;1;bahu}	asmax{sarvanAma;1;bahu}	karwA,9.1;karwA,12.1	karwA,9.1;karwA,12.1	1	024	14	vexa	qgvexa	maNdala-1
8.1	namoBiH	4.1	namoBiH	namas{puM;3;bahu}/namas{napuM;3;bahu}	namas{puM;3;bahu}	karaNam,9.1	karaNam,9.1	1	024	14	vexa	qgvexa	maNdala-1
9.1	ava_Imahe	7.1	ava_Imahe	ava_I{karwari;lat;u;bahu;AwmanepaxI;axAxiH}	ava_I{karwari;lat;u;bahu;AwmanepaxI;axAxiH}	-	-	1	024	14	vexa	qgvexa	maNdala-1
1.1	varuNa	2.1	varuNa	varuNa{puM;8;eka}	varuNa{puM;8;eka}	samboXyaH,6.1	samboXyaH,6.1	1	024	15	vexa	qgvexa	maNdala-1
10.1	vi_(SraWAya)	7.1	vi_SraWAya	vi_SraW{karwari;lot;ma;eka;parasmEpaxI}	vi_SraW{karwari;lot;ma;eka;parasmEpaxI}	-	-	1	024	15	vexa	qgvexa	maNdala-1
11.1	aWA(aWa)	10.1	aWA	aWa{avya}	aWa{avya}	sambanXaH,18.1	sambanXaH,18.1	1	024	15	vexa	qgvexa	maNdala-1
12.1	Axiwya	12.1	Axiwya	Axiwya{puM;8;eka}	Axiwya{puM;8;eka}	samboXyaH,18.1	samboXyaH,18.1	1	024	15	vexa	qgvexa	maNdala-1
13.1	vayaM	11.1	vayaM	asmax{sarvanAma;1;bahu}	asmax{sarvanAma;1;bahu}	karwA,18.1	karwA,18.1	1	024	15	vexa	qgvexa	maNdala-1
14.1	wava	14.1	wava	yuRmax{sarvanAma;6;eka}	yuRmax{sarvanAma;6;eka}	RaRTIsambanXaH,15.1	RaRTIsambanXaH,15.1	1	024	15	vexa	qgvexa	maNdala-1
15.1	vrawe	13.1	vrawe	vrawa{puM;7;eka}/vrawa{napuM;7;eka}	vrawa{puM;7;eka}	aXikaraNam,18.1	aXikaraNam,18.1	1	024	15	vexa	qgvexa	maNdala-1
16.1	axiwaye	16.1	axiwaye	axiwi{swrI;4;eka}	axiwi{swrI;4;eka}	prayojanam,18.1	prayojanam,18.1	1	024	15	vexa	qgvexa	maNdala-1
17.1	an-	15.1	an-AgasaH	an	an	samAsaH,17.2	samAsaH,17.2	1	024	15	vexa	qgvexa	maNdala-1
17.2	AgasaH	15.2	--	Agas{napuM;5;eka}/Agas{napuM;6;eka}/Agas{puM;8;bahu}/Agas{puM;1;bahu}/Agas{puM;2;bahu}/Agas{puM;5;eka}/Agas{puM;6;eka}	Agas{puM;1;bahu}	viXeya_viSeRaNam,13.1	viXeya_viSeRaNam,13.1	1	024	15	vexa	qgvexa	maNdala-1
18.1	syAma	17.1	syAma	as2{karwari;viXilif;u;bahu;parasmEpaxI;axAxiH}/Ro1{karwari;lot;u;bahu;parasmEpaxI;xivAxiH}	Ro1{karwari;lot;u;bahu;parasmEpaxI;xivAxiH}	aBihiwa_karwA,13.1;sakarmaka	-	1	024	15	vexa	qgvexa	maNdala-1
2.1	(wvaM)	18.1	wvaM	yuRmax{sarvanAma;1;eka}	yuRmax{sarvanAma;1;eka}	karwA,6.1;karwA,8.1;karwA,10.1	karwA,6.1;karwA,8.1;karwA,10.1	1	024	15	vexa	qgvexa	maNdala-1
3.1	uwwamam	1.1	uwwamam	uwwama{puM;2;eka}/uwwama{napuM;1;eka}/uwwama{napuM;2;eka}	uwwama{puM;2;eka}	viSeRaNam,4.1	viSeRaNam,4.1	1	024	15	vexa	qgvexa	maNdala-1
4.1	pASam	3.1	pASam	pASa{puM;2;eka}	pASa{puM;2;eka}	karma,6.1	karma,6.1	1	024	15	vexa	qgvexa	maNdala-1
5.1	asmaw	4.1	asmaw	asmax{sarvanAma;5;bahu}	asmax{sarvanAma;5;bahu}	apAxAnam,6.1	apAxAnam,6.1	1	024	15	vexa	qgvexa	maNdala-1
6.1	uw_SraWAya	9.1	uw_SraWAya	uw_SraW{karwari;lot;ma;eka;parasmEpaxI}	uw_SraW{karwari;lot;ma;eka;parasmEpaxI}	-	-	1	024	15	vexa	qgvexa	maNdala-1
7.1	aXamaM	6.1	aXamaM	aXama{puM;2;eka}	aXama{puM;2;eka}	karma,8.1	karma,8.1	1	024	15	vexa	qgvexa	maNdala-1
8.1	ava_(SraWAya)	5.1	ava_SraWAya	ava_SraW{karwari;lot;ma;eka;parasmEpaxI}	ava_SraW{karwari;lot;ma;eka;parasmEpaxI}	-	-	1	024	15	vexa	qgvexa	maNdala-1
9.1	maXyamaM	8.1	maXyamaM	maXyama{puM;2;eka}	maXyama{puM;2;eka}	karma,10.1	karma,10.1	1	024	15	vexa	qgvexa	maNdala-1
1.1	yaw	-	yaw	yaw{avya}/yax{sarvanAma;napuM;1;eka}/yax{sarvanAma;napuM;2;eka}	yaw{avya}	-	-	1	025	01	vexa	qgvexa	maNdala-1
10.1	vrawam	-	vrawam	vrawa{puM;2;eka}/vrawa{napuM;1;eka}/vrawa{napuM;2;eka}	vrawa{puM;2;eka}	-	-	1	025	01	vexa	qgvexa	maNdala-1
11.1	minImasi	-	minImasi	-	-	-	-	1	025	01	vexa	qgvexa	maNdala-1
12.1	xyavi-	-	xyavi-xyavi	xyavi	xyavi	-	-	1	025	01	vexa	qgvexa	maNdala-1
12.2	xyavi	-	--	xyo{swrI;7;eka}	xyo{swrI;7;eka}	-	-	1	025	01	vexa	qgvexa	maNdala-1
13.1	.	-	.	-	-	-	-	1	025	01	vexa	qgvexa	maNdala-1
2.1	ciw	-	ciw	ciw{avya}/ciw{swrI;1;eka}/ciw{swrI;8;eka}	ciw{avya}	-	-	1	025	01	vexa	qgvexa	maNdala-1
3.1	hi	-	hi	hi{avya}	hi{avya}	-	-	1	025	01	vexa	qgvexa	maNdala-1
4.1	we	-	we	wax{sarvanAma;puM;1;bahu}/wax{sarvanAma;napuM;1;xvi}/wax{sarvanAma;napuM;2;xvi}/wax{sarvanAma;swrI;1;xvi}/wax{sarvanAma;swrI;2;xvi}/yuRmax{sarvanAma;6;eka}/yuRmax{sarvanAma;4;eka}	wax{sarvanAma;puM;1;bahu}	-	-	1	025	01	vexa	qgvexa	maNdala-1
5.1	viSaH	-	viSaH	viS{puM;1;bahu}/viS{puM;2;bahu}/viS{puM;5;eka}/viS{puM;6;eka}/viS{napuM;1;bahu}/viS{napuM;2;bahu}/viS{napuM;5;eka}/viS{napuM;6;eka}/viS{puM;8;bahu}/viS{napuM;8;bahu}	viS{puM;1;bahu}	-	-	1	025	01	vexa	qgvexa	maNdala-1
6.1	yaWA	-	yaWA	yaWA{avya}	yaWA{avya}	-	-	1	025	01	vexa	qgvexa	maNdala-1
7.1	pra	-	pra	pra{napuM;8;eka}	pra{napuM;8;eka}	-	-	1	025	01	vexa	qgvexa	maNdala-1
8.1	xeva	-	xeva	xeva{puM;8;eka}	xeva{puM;8;eka}	-	-	1	025	01	vexa	qgvexa	maNdala-1
9.1	varuNa	-	varuNa	varuNa{puM;8;eka}	varuNa{puM;8;eka}	-	-	1	025	01	vexa	qgvexa	maNdala-1
1.1	viRNoH	-	viRNoH	viRNu{puM;6;eka}/viRNu{puM;6;eka}/viRNu{swrI;5;eka}/viRNu{swrI;6;eka}	viRNu{puM;6;eka}	-	RaRTIsambanXaH,2.1#hewuH5,3.1	1	22	19	vexa	qgvexa	maNdala-1
10.1	.Bavawi	-	.	BU{lat;pra;eka}	BU{lat;pra;eka}	-	-	1	22	19	vexa	qgvexa	maNdala-1
2.1	karmANi	-	karmANi	karman{napuM;1;bahu}/karman{napuM;2;bahu}/karman{napuM;8;bahu}	karman{napuM;2;bahu}	-	karma,3.1	1	22	19	vexa	qgvexa	maNdala-1
3.1	paSyawa	-	paSyawa	xqS1{karwari;lot;ma;bahu;parasmEpaxI;BvAxiH}	xqS1{karwari;lot;ma;bahu;parasmEpaxI;BvAxiH}	-	-	1	22	19	vexa	qgvexa	maNdala-1
4.1	yawaH	-	yawaH	yawaH{avya}	yawaH{avya}	sambanXaH,6.1	-	1	22	19	vexa	qgvexa	maNdala-1
5.1	vrawAni	-	vrawAni	vrawa{napuM;1;bahu}/vrawa{napuM;2;bahu}/vrawa{napuM;8;bahu}	vrawa{napuM;2;bahu}	karma,6.1	-	1	22	19	vexa	qgvexa	maNdala-1
6.1	paspaSe	-	paspaSe	spaS{lit;pra;eka}	spaS{lit;pra;eka}	-	-	1	22	19	vexa	qgvexa	maNdala-1
7.1	inxrasya	-	inxrasya	inxra{puM;6;eka}	inxra{puM;6;eka}	RaRTIsambanXaH,6.1	RaRTIsambanXaH,8.1#RaRTIsambanXaH,8.1#RaRTIsambanXaH,6.1#RaRTIsambanXaH,5.1	1	22	19	vexa	qgvexa	maNdala-1
8.1	yujyaH	-	yujyaH	yujI{swrI;1;bahu}	yujI{swrI;1;bahu}	viSeRaNam,9.1	-	1	22	19	vexa	qgvexa	maNdala-1
9.1	saKA	-	saKA	saKi{puM;1;eka}	saKi{puM;1;eka}	karwA,10.1	-	1	22	19	vexa	qgvexa	maNdala-1
