anvaya_no	word	poem	sandhied_word	morph_analysis	morph_in_context	kaaraka_sambandha	possible_relations	sentno	chaptno	slokano	book	part1	part2
1.1	wapaH-	3.1	wapaH-svAXyAya-nirawam	wapas	wapas	iwarewara-xvanxvaH,1.2	iwarewara-xvanxvaH,1.2	1	01	001	safkReparAmAyaNam	bAlakANda	sarga-1
1.2	svAXyAya-	3.2	--	svAXyAya	svAXyAya	sapwamI-wawpuruRaH,1.3	sapwamI-wawpuruRaH,1.3	1	01	001	safkReparAmAyaNam	bAlakANda	sarga-1
1.3	nirawam	3.3	--	nirawa{puM;2;eka(ni_ram1;kwa;BvAxiH)}/nirawa{napuM;1;eka(ni_ram1;kwa;BvAxiH)}/nirawa{napuM;2;eka(ni_ram1;kwa;BvAxiH)}	nirawa{puM;2;eka(ni_ram1;kwa;BvAxiH)}	viSeRaNam,5.1	viSeRaNam,4.1#karma,6.1#karwA,6.1#viSeRaNam,8.2#viSeRaNam,5.1	1	01	001	safkReparAmAyaNam	bAlakANda	sarga-1
2.1	wapasvI	1.1	--	wapasvin{puM;1;eka}	wapasvin{puM;1;eka}	viSeRaNam,7.1	viSeRaNam,7.1#karwA,6.1	1	01	001	safkReparAmAyaNam	bAlakANda	sarga-1
3.1	vAk-	4.1	--	vAc	vAc	upapaxa-wawpuruRaH,3.2	upapaxa-wawpuruRaH,3.2	1	01	001	safkReparAmAyaNam	bAlakANda	sarga-1
3.2	vixAm	4.2	--	vix{puM;6;bahu}/vix{napuM;6;bahu}/vix{swrI;6;bahu}/vixA{swrI;2;eka}	vix{puM;6;bahu}	nirXAraNam,4.1	karma,6.1#RaRTIsambanXaH,4.1#RaRTIsambanXaH,2.1#RaRTIsambanXaH,1.3#nirXAraNam,4.1	1	01	001	safkReparAmAyaNam	bAlakANda	sarga-1
4.1	varam	5.1	--	varam{avya}/vara{puM;2;eka}/vara{napuM;1;eka}/vara{napuM;2;eka}	vara{puM;2;eka}	viSeRaNam,5.1	viSeRaNam,1.3#karma,6.1#karwA,6.1#viSeRaNam,8.2#viSeRaNam,5.1	1	01	001	safkReparAmAyaNam	bAlakANda	sarga-1
5.1	nAraxam	7.1	--	nAraxa{puM;2;eka}	nAraxa{puM;2;eka}	karma,6.1	karma,6.1	1	01	001	safkReparAmAyaNam	bAlakANda	sarga-1
6.1	paripapracCa	8.1	--	pari_praC1{karwari;lit;pra;eka;parasmEpaxI;wuxAxiH}/pari_praC1{karwari{lit;ma;bahu;parasmEpaxI;wuxAxiH}/pari_praC1{karwari{lit;u;eka;parasmEpaxI;wuxAxiH}	pari_praC1{karwari;lit;pra;eka;parasmEpaxI;wuxAxiH}	aBihiwa_karwA,7.1;sakarmaka	aBihiwa_karwA,7.1;sakarmaka	1	01	001	safkReparAmAyaNam	bAlakANda	sarga-1
7.1	vAlmIkiH	2.1	--	vAlmIki{puM;1;eka}	vAlmIki{puM;1;eka}	karwA,6.1	karwA,6.1	1	01	001	safkReparAmAyaNam	bAlakANda	sarga-1
8.1	muni-	6.1	--	muni	muni	sapwamI-wawpuruRaH,8.2	sapwamI-wawpuruRaH,8.2	1	01	001	safkReparAmAyaNam	bAlakANda	sarga-1
8.2	pufgavam	6.2	--	pufgava{puM;2;eka}	pufgava{puM;2;eka}	viSeRaNam,5.1	viSeRaNam,5.1#viSeRaNam,4.1#viSeRaNam,1.3#karma,6.1	1	01	001	safkReparAmAyaNam	bAlakANda	sarga-1
9.1	.	9.1	-	-	-	-	-	1	01	001	safkReparAmAyaNam	bAlakANda	sarga-1
1.1	kaH	4.1	kaH	kim{sarvanAma;puM;1;eka}	kim{sarvanAma;puM;1;eka}	karwA,7.1	karwA,7.1	1	01	002	safkReparAmAyaNam	bAlakANda	sarga-1
2.1	nu	5.1	nu	nu{avya}	nu{avya}	sambanXaH,1.1	sambanXaH,1.1	1	01	002	safkReparAmAyaNam	bAlakANda	sarga-1
3.1	asmin	2.1	asmin	ixam{sarvanAma;puM;7;eka}/ixam{sarvanAma;napuM;7;eka}	ixam{sarvanAma;puM;7;eka}	viSeRaNam,5.1	aXikaraNam,7.1#aXikaraNam,5.1#viSeRaNam,5.1	1	01	002	safkReparAmAyaNam	bAlakANda	sarga-1
4.1	sAmprawam	1.1	sAmprawam	sAmprawam{avya}	sAmprawam{avya}	kAlAXikaraNam,7.1	kAlAXikaraNam,7.1#kAlAXikaraNam,5.1	1	01	002	safkReparAmAyaNam	bAlakANda	sarga-1
5.1	loke	3.1	loke	lok1{karwari;lat;u;eka;AwmanepaxI;BvAxiH}/loka{puM;7;eka}	loka{puM;7;eka}	aXikaraNam,7.1	aXikaraNam,7.1	1	01	002	safkReparAmAyaNam	bAlakANda	sarga-1
6.1	guNavAn	6.1	guNavAn	guNa{mawup;puM;1;eka}	guNa{mawup;puM;1;eka}	viXeya_viSeRaNam,1.1	viXeya_viSeRaNam,1.1#karwA_be_verbs,7.1	1	01	002	safkReparAmAyaNam	bAlakANda	sarga-1
7.1	(aswi)	7.1	(aswi)	as2{karwari;lat;pra;eka;parasmEpaxI;axAxiH}	as2{karwari;lat;pra;eka;parasmEpaxI;axAxiH}	aBihiwa_karwA,1.1	aBihiwa_karwA,1.1	1	01	002	safkReparAmAyaNam	bAlakANda	sarga-1
8.1	.	8.1	.	-	-	-	-	1	01	002	safkReparAmAyaNam	bAlakANda	sarga-1
1.1	kaH	1.1	kaH	kim{sarvanAma;puM;1;eka}	kim{sarvanAma;puM;1;eka}	karwA,10.1	viXeya_viSeRaNam,3.1#viSeRaNam,9.2#viSeRaNam,8.2#viSeRaNam,6.2#viSeRaNam,4.2#karwA,10.1	2	01	002	safkReparAmAyaNam	bAlakANda	sarga-1
10.1	(aswi)	10.1	(aswi)	as2{karwari;lat;pra;eka;parasmEpaxI;axAxiH}	as2{karwari;lat;pra;eka;parasmEpaxI;axAxiH}	aBihiwa_karwA,1.1	aBihiwa_karwA,1.1	2	01	002	safkReparAmAyaNam	bAlakANda	sarga-1
11.1	.	11.1	.	-	-	-	-	2	01	002	safkReparAmAyaNam	bAlakANda	sarga-1
2.1	ca	2.1	ca	ca{avya}	ca{avya}	sambanXaH,1.1	sambanXaH,1.1	2	01	002	safkReparAmAyaNam	bAlakANda	sarga-1
3.1	vIryavAn	3.1	vIryavAn	vIryavaw{puM;1;eka}	vIryavaw{puM;1;eka}	samucciwaH,9.2	viXeya_viSeRaNam,1.1#viSeRaNam,9.2#viSeRaNam,8.2#viSeRaNam,6.2#viSeRaNam,4.2#sup_samucciwaH,4.2#karwA_be_verbs,10.1#samucciwaH,9.2	2	01	002	safkReparAmAyaNam	bAlakANda	sarga-1
4.1	Xarma-	4.1	Xarma-jFaH	Xarma	Xarma	upapaxa-wawpuruRaH,4.2	upapaxa-wawpuruRaH,4.2	2	01	002	safkReparAmAyaNam	bAlakANda	sarga-1
4.2	jFaH	4.2	--	jFa{puM;1;eka}	jFa{puM;1;eka}	samucciwaH,9.2	samucciwaH,9.2#viXeya_viSeRaNam,3.1#viXeya_viSeRaNam,1.1#viSeRaNam,9.2#viSeRaNam,8.2#viSeRaNam,6.2#karwA_be_verbs,10.1	2	01	002	safkReparAmAyaNam	bAlakANda	sarga-1
5.1	ca	9.1	ca	ca{avya}	ca{avya}	samuccaya_xyowakaH,4.2	sup_samuccaya_xyowakaH,4.2#sambanXaH,4.2	2	01	002	safkReparAmAyaNam	bAlakANda	sarga-1
6.1	kqwa-	5.1	kqwa-jFaH	kqwa(kq2;kwa;svAxiH)}/kqwa(kq3{kwa;wanAxiH)	kqwa(kq2;kwa;svAxiH)	upapaxa-wawpuruRaH,6.2	upapaxa-wawpuruRaH,6.2	2	01	002	safkReparAmAyaNam	bAlakANda	sarga-1
6.2	jFaH	5.2	--	jFa{puM;1;eka}	jFa{puM;1;eka}	samucciwaH,9.2	samucciwaH,9.2#viXeya_viSeRaNam,4.2#viXeya_viSeRaNam,3.1#viXeya_viSeRaNam,1.1#viSeRaNam,9.2#viSeRaNam,8.2#karwA_be_verbs,10.1	2	01	002	safkReparAmAyaNam	bAlakANda	sarga-1
7.1	ca	6.1	ca	ca{avya}	ca{avya}	samuccaya_xyowakaH,6.2	sup_samuccaya_xyowakaH,6.2#sambanXaH,6.2	2	01	002	safkReparAmAyaNam	bAlakANda	sarga-1
8.1	sawya-	7.1	sawya-vAkyaH	sawya	sawya	bahuvrIhiH,8.2	bahuvrIhiH,8.2	2	01	002	safkReparAmAyaNam	bAlakANda	sarga-1
8.2	vAkyaH	7.2	--	vAkya{puM;1;eka}	vAkya{puM;1;eka}	samucciwaH,9.2	samucciwaH,9.2#viXeya_viSeRaNam,6.2#viXeya_viSeRaNam,4.2#viXeya_viSeRaNam,3.1#viXeya_viSeRaNam,1.1#viSeRaNam,9.2#karwA_be_verbs,10.1	2	01	002	safkReparAmAyaNam	bAlakANda	sarga-1
9.1	xqDa-	8.1	xqDa-vrawaH	xqDa	xqDa	bahuvrIhiH,9.2	bahuvrIhiH,9.2	2	01	002	safkReparAmAyaNam	bAlakANda	sarga-1
9.2	vrawaH	8.2	--	vrawa{puM;1;eka}	vrawa{puM;1;eka}	viXeya_viSeRaNam,1.1	viXeya_viSeRaNam,8.2#viXeya_viSeRaNam,6.2#viXeya_viSeRaNam,4.2#viXeya_viSeRaNam,3.1#viXeya_viSeRaNam,1.1#karwA_be_verbs,10.1	2	01	002	safkReparAmAyaNam	bAlakANda	sarga-1
1.1	cAriwreNa	2.1	cAriwreNa	cAriwra{napuM;3;eka}	cAriwra{napuM;3;eka}	sahArWaH,4.1	sahArWaH,4.1#karwA,4.1#karaNam,4.1#hewuH,5.1#hewuH,4.1	1	01	003	safkReparAmAyaNam	bAlakANda	sarga-1
2.1	ca	3.1	ca	ca{avya}	ca{avya}	sambanXaH,1.1	sambanXaH,1.1	1	01	003	safkReparAmAyaNam	bAlakANda	sarga-1
3.1	kaH	1.1	kaH	kim{sarvanAma;puM;1;eka}	kim{sarvanAma;puM;1;eka}	karwA,5.1	viSeRaNam,4.1#karwA_be_verbs,5.1	1	01	003	safkReparAmAyaNam	bAlakANda	sarga-1
4.1	yukwaH	4.1	yukwaH	yuj{avya;wasil}/yukwa{puM;1;eka(yuj1;kwa;xivAxiH)}/yukwa{puM;1;eka(yuj2;kwa;ruXAxiH)}	yukwa{puM;1;eka(yuj2;kwa;ruXAxiH)}	viXeya_viSeRaNam,3.1	viXeya_viSeRaNam,3.1#karwA_be_verbs,5.1#hewuH5,5.1	1	01	003	safkReparAmAyaNam	bAlakANda	sarga-1
5.1	(aswi)	5.1	(aswi)	as2{karwari;lat;pra;eka;parasmEpaxI;axAxiH}	as2{karwari;lat;pra;eka;parasmEpaxI;axAxiH}	aBihiwa_karwA,4.1	-#aBihiwa_karwA,4.1	1	01	003	safkReparAmAyaNam	bAlakANda	sarga-1
6.1	.	6.1	.	-	-	-	-	1	01	003	safkReparAmAyaNam	bAlakANda	sarga-1
1.1	sarva-	2.1	sarva-BUweRu	sarva	sarva	karmaXArayaH,1.2	karmaXArayaH,1.2	2	01	003	safkReparAmAyaNam	bAlakANda	sarga-1
1.2	BUweRu	2.2	--	BUwa{napuM;7;bahu}	BUwa{napuM;7;bahu}	aXikaraNam,4.1	aXikaraNam,4.1#aXikaraNam,3.1	2	01	003	safkReparAmAyaNam	bAlakANda	sarga-1
2.1	kaH	1.1	kaH	kim{sarvanAma;puM;1;eka}	kim{sarvanAma;puM;1;eka}	karwA,4.1	viSeRaNam,3.1#karwA_be_verbs,4.1	2	01	003	safkReparAmAyaNam	bAlakANda	sarga-1
3.1	hiwaH	3.1	hiwaH	hiwa{puM;1;eka(XA1;kwa;juhowyAxiH)}/hiwa{puM;1;eka(hi1;kwa;svAxiH)}	hiwa{puM;1;eka(XA1;kwa;juhowyAxiH)}	viXeya_viSeRaNam,2.1	viXeya_viSeRaNam,2.1#karwA_be_verbs,4.1	2	01	003	safkReparAmAyaNam	bAlakANda	sarga-1
4.1	(aswi)	4.1	(aswi)	as2{karwari;lat;pra;eka;parasmEpaxI;axAxiH}	as2{karwari;lat;pra;eka;parasmEpaxI;axAxiH}	aBihiwa_karwA,2.1	-#aBihiwa_karwA,2.1	2	01	003	safkReparAmAyaNam	bAlakANda	sarga-1
5.1	.	5.1	.	-	-	-	-	2	01	003	safkReparAmAyaNam	bAlakANda	sarga-1
1.1	vixvAn	2.1	vixvAn	vixvas{puM;1;eka}	vixvas{puM;1;eka}	viXeya_viSeRaNam,2.1	viXeya_viSeRaNam,2.1#karwA_be_verbs,3.1	3	01	003	safkReparAmAyaNam	bAlakANda	sarga-1
2.1	kaH	1.1	kaH	kim{sarvanAma;puM;1;eka}	kim{sarvanAma;puM;1;eka}	karwA,3.1	viSeRaNam,1.1#karwA_be_verbs,3.1	3	01	003	safkReparAmAyaNam	bAlakANda	sarga-1
3.1	(aswi)	3.1	(aswi)	as2{karwari;lat;pra;eka;parasmEpaxI;axAxiH}	as2{karwari;lat;pra;eka;parasmEpaxI;axAxiH}	aBihiwa_karwA,2.1	-#aBihiwa_karwA,2.1	3	01	003	safkReparAmAyaNam	bAlakANda	sarga-1
4.1	.	4.1	.	-	-	-	-	3	01	003	safkReparAmAyaNam	bAlakANda	sarga-1
1.1	kaH	1.1	kaH	kim{sarvanAma;puM;1;eka}	kim{sarvanAma;puM;1;eka}	karwA,4.1	viSeRaNam,2.1#karwA_be_verbs,4.1	4	01	003	safkReparAmAyaNam	bAlakANda	sarga-1
2.1	samarWaH	2.1	samarWaH	samarWa{puM;1;eka}	samarWa{puM;1;eka}	viXeya_viSeRaNam,1.1	viXeya_viSeRaNam,1.1#karwA_be_verbs,4.1	4	01	003	safkReparAmAyaNam	bAlakANda	sarga-1
3.1	ca	3.1	ca	ca{avya}	ca{avya}	sambanXaH,2.1	sambanXaH,2.1	4	01	003	safkReparAmAyaNam	bAlakANda	sarga-1
4.1	(aswi)	4.1	(aswi)	as2{karwari;lat;pra;eka;parasmEpaxI;axAxiH}	as2{karwari;lat;pra;eka;parasmEpaxI;axAxiH}	aBihiwa_karwA,1.1	-#aBihiwa_karwA,1.1	4	01	003	safkReparAmAyaNam	bAlakANda	sarga-1
5.1	.	5.1	.	-	-	-	-	4	01	003	safkReparAmAyaNam	bAlakANda	sarga-1
1.1	kaH	1.1	kaH	kim{sarvanAma;puM;1;eka}	kim{sarvanAma;puM;1;eka}	karwA,4.1	viSeRaNam,3.3#karwA_be_verbs,4.1	5	01	003	safkReparAmAyaNam	bAlakANda	sarga-1
2.1	ca	2.1	ca	ca{avya}	ca{avya}	sambanXaH,1.1	sambanXaH,1.1	5	01	003	safkReparAmAyaNam	bAlakANda	sarga-1
3.1	eka-	3.1	eka-priya-xarSanaH	eka	eka	karmaXArayaH,3.3	karmaXArayaH,3.3	5	01	003	safkReparAmAyaNam	bAlakANda	sarga-1
3.2	priya-	3.2	--	priya	priya	RaRTI_bahuvrIhiH,3.3	RaRTI_bahuvrIhiH,3.3	5	01	003	safkReparAmAyaNam	bAlakANda	sarga-1
3.3	xarSanaH	3.3	--	xarSana{puM;1;eka}	xarSana{puM;1;eka}	viXeya_viSeRaNam,1.1	viXeya_viSeRaNam,1.1#karwA_be_verbs,4.1	5	01	003	safkReparAmAyaNam	bAlakANda	sarga-1
4.1	(aswi)	4.1	(aswi)	as2{karwari;lat;pra;eka;parasmEpaxI;axAxiH}	as2{karwari;lat;pra;eka;parasmEpaxI;axAxiH}	aBihiwa_karwA,1.1	-#aBihiwa_karwA,1.1	5	01	003	safkReparAmAyaNam	bAlakANda	sarga-1
5.1	.	5.1	.	-	-	-	-	5	01	003	safkReparAmAyaNam	bAlakANda	sarga-1
1.1	AwmavAn	2.1	AwmavAn	Awman{mawup;puM;1;eka}	Awman{mawup;puM;1;eka}	viXeya_viSeRaNam,2.1	viXeya_viSeRaNam,2.1#karwA_be_verbs,3.1	1	01	004	safkReparAmAyaNam	bAlakANda	sarga-1
2.1	kaH	1.1	kaH	kim{sarvanAma;puM;1;eka}	kim{sarvanAma;puM;1;eka}	karwA,3.1	karwA_be_verbs,3.1	1	01	004	safkReparAmAyaNam	bAlakANda	sarga-1
3.1	(aswi)	3.1	(aswi)	as2{karwari;lat;pra;eka;parasmEpaxI;axAxiH}	as2{karwari;lat;pra;eka;parasmEpaxI;axAxiH}	aBihiwa_karwA,2.1	-#aBihiwa_karwA,2.1	1	01	004	safkReparAmAyaNam	bAlakANda	sarga-1
4.1	.	4.1	.	-	-	-	-	1	01	004	safkReparAmAyaNam	bAlakANda	sarga-1
1.1	jiwa-	2.1	jiwa-kroXaH	jiwa	jiwa	bahuvrIhiH,1.2	bahuvrIhiH,1.2	2	01	004	safkReparAmAyaNam	bAlakANda	sarga-1
1.2	kroXaH	2.2	--	kroXa{puM;1;eka}	kroXa{puM;1;eka}	samucciwaH,2.1	sup_samucciwaH,2.1#karwA_be_verbs,5.1	2	01	004	safkReparAmAyaNam	bAlakANda	sarga-1
2.1	xyuwimAn	3.1	xyuwimAn	xyuwi{mawup;puM;1;eka}	xyuwi{mawup;puM;1;eka}	viXeya_viSeRaNam,4.1	viXeya_viSeRaNam,4.1#viXeya_viSeRaNam,1.2#karwA_be_verbs,5.1	2	01	004	safkReparAmAyaNam	bAlakANda	sarga-1
3.1	(ca)	4.1	(ca)	ca{avya}	ca{avya}	samuccaya_xyowakaH,2.1	sup_samuccaya_xyowakaH,2.1#sambanXaH,2.1	2	01	004	safkReparAmAyaNam	bAlakANda	sarga-1
4.1	(kaH)	1.1	(kaH)	kim{sarvanAma;puM;1;eka}	kim{sarvanAma;puM;1;eka}	karwA,5.1	viSeRaNam,1.2#karwA_be_verbs,5.1	2	01	004	safkReparAmAyaNam	bAlakANda	sarga-1
5.1	(aswi)	5.1	(aswi)	as2{karwari;lat;pra;eka;parasmEpaxI;axAxiH}	as2{karwari;lat;pra;eka;parasmEpaxI;axAxiH}	aBihiwa_karwA,4.1	-#aBihiwa_karwA,4.1	2	01	004	safkReparAmAyaNam	bAlakANda	sarga-1
6.1	.	6.1	.	-	-	-	-	2	01	004	safkReparAmAyaNam	bAlakANda	sarga-1
1.1	kaH	1.1	kaH	kim{sarvanAma;puM;1;eka}	kim{sarvanAma;puM;1;eka}	karwA,4.1	viSeRaNam,2.2#karwA_be_verbs,4.1	3	01	004	safkReparAmAyaNam	bAlakANda	sarga-1
2.1	an-	2.1	an-asUyakaH	an	an	naF-wawpuruRaH,2.2	naF-wawpuruRaH,2.2	3	01	004	safkReparAmAyaNam	bAlakANda	sarga-1
2.2	asUyakaH	2.2	--	asUyaka{puM;1;eka}	asUyaka{puM;1;eka}	viXeya_viSeRaNam,1.1	viXeya_viSeRaNam,1.1#karwA_be_verbs,4.1	3	01	004	safkReparAmAyaNam	bAlakANda	sarga-1
3.1	(ca)	3.1	(ca)	ca{avya}	ca{avya}	sambanXaH,2.2	sambanXaH,2.2	3	01	004	safkReparAmAyaNam	bAlakANda	sarga-1
4.1	(aswi)	4.1	(aswi)	as2{karwari;lat;pra;eka;parasmEpaxI;axAxiH}	as2{karwari;lat;pra;eka;parasmEpaxI;axAxiH}	aBihiwa_karwA,1.1	-#aBihiwa_karwA,1.1	3	01	004	safkReparAmAyaNam	bAlakANda	sarga-1
5.1	.	5.1	.	-	-	-	-	3	01	004	safkReparAmAyaNam	bAlakANda	sarga-1
1.1	kasya(kasmAw)	1.1	kasya	kim{sarvanAma;puM;6;eka}/kim{sarvanAma;napuM;6;eka}	kim{sarvanAma;puM;6;eka}	apAxAnam,2.1	viSeRaNam,5.2#RaRTIsambanXaH,6.1#RaRTIsambanXaH,5.2#RaRTIsambanXaH,3.1#sambanXaH,3.1#apAxAnam,2.1	4	01	004	safkReparAmAyaNam	bAlakANda	sarga-1
2.1	biByawi	6.1	biByawi	BI1{karwari;lat;pra;bahu;parasmEpaxI;juhowyAxiH}/biByaw{puM;7;eka(BI1;Sawq_lat;juhowyAxiH)}/biByaw{napuM;1;bahu(BI1;Sawq_lat;juhowyAxiH)}/biByaw{napuM;2;bahu(BI1;Sawq_lat;juhowyAxiH)}/biByaw{napuM;7;eka(BI1;Sawq_lat;juhowyAxiH)}	BI1{karwari;lat;pra;bahu;parasmEpaxI;juhowyAxiH}	aBihiwa_karwA,3.1	sup_samucciwaH,3.1#aBihiwa_karwA,3.1	4	01	004	safkReparAmAyaNam	bAlakANda	sarga-1
3.1	xevAH	4.1	xevAH	xeva{puM;1;bahu}/xeva{puM;8;bahu}	xeva{puM;1;bahu}	karwA,2.1	karwA,2.1	4	01	004	safkReparAmAyaNam	bAlakANda	sarga-1
4.1	ca	5.1	ca	ca{avya}	ca{avya}	sambanXaH,3.1	sup_samuccaya_xyowakaH,3.1#sambanXaH,3.1	4	01	004	safkReparAmAyaNam	bAlakANda	sarga-1
5.1	jAwa-	2.1	jAwa-roRasya	jAwa(jan2;kwa;xivAxiH)	jAwa(jan2;kwa;xivAxiH)	bahuvrIhiH,5.2	bahuvrIhiH,5.2	4	01	004	safkReparAmAyaNam	bAlakANda	sarga-1
5.2	roRasya	2.2	--	roRa{puM;6;eka}/roRa{napuM;6;eka}	roRa{puM;6;eka}	RaRTIsambanXaH,6.1	viSeRaNam,1.1#RaRTIsambanXaH,6.1#RaRTIsambanXaH,3.1	4	01	004	safkReparAmAyaNam	bAlakANda	sarga-1
6.1	saMyuge	3.1	saMyuge	saMyuga{puM;7;eka}	saMyuga{puM;7;eka}	aXikaraNam,2.1	aXikaraNam,5.1#aXikaraNam,2.1	4	01	004	safkReparAmAyaNam	bAlakANda	sarga-1
7.1	.	7.1	.	-	-	-	-	4	01	004	safkReparAmAyaNam	bAlakANda	sarga-1
1.1	ewaw	2.1	ewax	ewax{sarvanAma;napuM;1;eka}/ewax{sarvanAma;napuM;2;eka}	ewax{sarvanAma;napuM;2;eka}	karma,4.1	karma,4.1#karma,2.1#viSeRaNam,3.1	1	01	005	safkReparAmAyaNam	bAlakANda	sarga-1
2.1	icCAmi	4.1	icCAmi	iR2{karwari;lat;u;eka;parasmEpaxI;wuxAxiH}	iR2{karwari;lat;u;eka;parasmEpaxI;wuxAxiH}	aBihiwa_karwA,3.1;sakarmaka	aBihiwa_karwA,3.1;sakarmaka	1	01	005	safkReparAmAyaNam	bAlakANda	sarga-1
3.1	aham	1.1	ahaM	asmax{sarvanAma;1;eka}	asmax{sarvanAma;1;eka}	karwA,2.1	karwA,2.1	1	01	005	safkReparAmAyaNam	bAlakANda	sarga-1
4.1	Srowum	3.1	SrowuM	Sru1{avya;wumun;BvAxiH}	Sru1{avya;wumun;BvAxiH}	wumunkarma,2.1	iRkarma,2.1#wumunkarma,2.1	1	01	005	safkReparAmAyaNam	bAlakANda	sarga-1
5.1	.	5.1	.	-	-	-	-	1	01	005	safkReparAmAyaNam	bAlakANda	sarga-1
1.1	param	2.1	paraM	param{avya}/para{sarvanAma;puM;2;eka}/para{sarvanAma;napuM;1;eka}/para{sarvanAma;napuM;2;eka}	para{sarvanAma;napuM;1;eka}	viSeRaNam,2.1	viSeRaNam,2.1#viXeya_viSeRaNam,2.1#karwA_be_verbs,5.1	2	01	005	safkReparAmAyaNam	bAlakANda	sarga-1
2.1	kOwUhalam	3.1	kOwUhalaM	kOwUhala{napuM;1;eka}/kOwUhala{napuM;2;eka}	kOwUhala{napuM;1;eka}	karwA,5.1	karwA_be_verbs,5.1	2	01	005	safkReparAmAyaNam	bAlakANda	sarga-1
3.1	hi	1.1	hi	hi{avya}	hi{avya}	kAraNa_xyowakaH,5.1	kAraNa_xyowakaH,5.1	2	01	005	safkReparAmAyaNam	bAlakANda	sarga-1
4.1	me	4.1	me	asmax{sarvanAma;6;eka}/asmax{sarvanAma;4;eka}	asmax{sarvanAma;4;eka}	prayojanam,5.1	prayojanam1,5.1#RaRTIsambanXaH,2.1#RaRTIsambanXaH,1.1	2	01	005	safkReparAmAyaNam	bAlakANda	sarga-1
5.1	(aswi)	5.1	(aswi)	as2{karwari;lat;pra;eka;parasmEpaxI;axAxiH}	as2{karwari;lat;pra;eka;parasmEpaxI;axAxiH}	aBihiwa_karwA,2.1	-#aBihiwa_karwA,2.1	2	01	005	safkReparAmAyaNam	bAlakANda	sarga-1
6.1	.	6.1	.	-	-	-	-	2	01	005	safkReparAmAyaNam	bAlakANda	sarga-1
1.1	maharRe	1.1	maharRe	maharRi{puM;8;eka}	maharRi{puM;8;eka}	samboXyaH,4.1	samboXyaH,4.1	3	01	005	safkReparAmAyaNam	bAlakANda	sarga-1
2.1	wvam	2.1	wvaM	yuRmax{sarvanAma;1;eka}	yuRmax{sarvanAma;1;eka}	karwA,4.1	karwA_be_verbs,4.1	3	01	005	safkReparAmAyaNam	bAlakANda	sarga-1
3.1	samarWaH	6.1	samarWaH	samarWa{puM;1;eka}	samarWa{puM;1;eka}	viXeya_viSeRaNam,2.1	viXeya_viSeRaNam,2.1	3	01	005	safkReparAmAyaNam	bAlakANda	sarga-1
4.1	asi	7.1	asi	as2{karwari;lat;ma;eka;parasmEpaxI;axAxiH}	as2{karwari;lat;ma;eka;parasmEpaxI;axAxiH}	aBihiwa_karwA,2.1;sakarmaka	-#aBihiwa_karwA,2.1;sakarmaka	3	01	005	safkReparAmAyaNam	bAlakANda	sarga-1
5.1	jFAwum	5.1	jFAwum	jFA1{avya;wumun;kryAxiH}	jFA1{avya;wumun;kryAxiH}	prayojanam,3.1	prayojanam1,3.1	3	01	005	safkReparAmAyaNam	bAlakANda	sarga-1
6.1	evam-	3.1	evaM-viXaM	evaM	evaM	RaRTI-bahuvrIhiH,6.2	RaRTI-bahuvrIhiH,6.2	3	01	005	safkReparAmAyaNam	bAlakANda	sarga-1
6.2	viXam	3.2	--	viXa{puM;2;eka}/viXa{napuM;1;eka}/viXa{napuM;2;eka}	viXa{puM;2;eka}	viSeRaNam,7.1	karma,5.1#viXeya_viSeRaNam,2.1#viSeRaNam,7.1	3	01	005	safkReparAmAyaNam	bAlakANda	sarga-1
7.1	naram	4.1	naram	nq{puM;2;eka}/nara{puM;2;eka}	nq{puM;2;eka}	karma,5.1	karma,5.1	3	01	005	safkReparAmAyaNam	bAlakANda	sarga-1
8.1	.	8.1	.	-	-	-	-	3	01	005	safkReparAmAyaNam	bAlakANda	sarga-1
1.1	SruwvA	6.1	SruwvA	Sru1{avya;kwvA;BvAxiH}	Sru1{avya;kwvA;BvAxiH}	pUrvakAlaH,15.1	pUrvakAlaH,12.1#pUrvakAlaH,8.1#pUrvakAlaH,15.1	1	01	006	safkReparAmAyaNam	bAlakANda	sarga-1
10.1	ca	11.1	ca	ca{avya}	ca{avya}	sambanXaH,9.1	sambanXaH,9.1	1	01	006	safkReparAmAyaNam	bAlakANda	sarga-1
11.1	Amanwrya	10.1	Amanwrya	Af_mawr1{avya;lyap;curAxiH}	Af_mawr1{avya;lyap;curAxiH}	pUrvakAlaH,15.1	pUrvakAlaH,12.1#pUrvakAlaH,8.1#pUrvakAlaH,15.1	1	01	006	safkReparAmAyaNam	bAlakANda	sarga-1
12.1	prahqRtaH	12.1	prahqRtaH	prahqRta{puM;1;eka(pra_hqR2;kwa;xivAxiH)}	prahqRta{puM;1;eka(pra_hqR2;kwa;xivAxiH)}	viSeRaNam,6.1	viSeRaNam,7.1#viSeRaNam,6.1#viSeRaNam,4.2#karwA,14.1#karma,8.1#karwA,13.1	1	01	006	safkReparAmAyaNam	bAlakANda	sarga-1
14.1	vAkyam	14.1	vAkyam	vAkya{napuM;1;eka}/vAkya{napuM;2;eka}	vAkya{napuM;2;eka}	karma,15.1	muKyakarma,15.1#karmasamAnAXikaraNam,7.1#karmasamAnAXikaraNam,3.1#karma,11.1#karwA,15.1#karma,8.1#karma,15.1	1	01	006	safkReparAmAyaNam	bAlakANda	sarga-1
15.1	abravIw	15.1	abravIw	brU1{karwari;laf;pra;eka;parasmEpaxI;axAxiH}	brU1{karwari;laf;pra;eka;parasmEpaxI;axAxiH}	aBihiwa_karwA,6.1;sakarmaka	-#aBihiwa_karwA,6.1;sakarmaka	1	01	006	safkReparAmAyaNam	bAlakANda	sarga-1
16.1	.	16.1	.	-	-	-	-	1	01	006	safkReparAmAyaNam	bAlakANda	sarga-1
2.1	ca	7.1	ca	ca{avya}	ca{avya}	sambanXaH,1.1	sambanXaH,1.1	1	01	006	safkReparAmAyaNam	bAlakANda	sarga-1
3.1	ewaw	4.1	ewaw	ewax{sarvanAma;napuM;1;eka}/ewax{sarvanAma;napuM;2;eka}	ewax{sarvanAma;napuM;2;eka}	viSeRaNam,7.1	viSeRaNam,13.1#viSeRaNam,7.1#muKyakarma,14.1#karma,11.1#karwA,14.1#karma,8.1	1	01	006	safkReparAmAyaNam	bAlakANda	sarga-1
4.1	wri-	1.1	wri-lokajFaH	wri	wri	xvigusamAsaH,4.2	xviguH,4.2#xvigusamAsaH,4.2	1	01	006	safkReparAmAyaNam	bAlakANda	sarga-1
4.2	loka-	1.2	--	loka	loka	upapaxa-wawpuruRaH,4.3	upapaxa-wawpuruRaH,4.3	1	01	006	safkReparAmAyaNam	bAlakANda	sarga-1
4.3	jFaH	1.3	--	jFa{puM;1;eka}	jFa{puM;1;eka}	viSeRaNam,6.1	viSeRaNam,12.1#viSeRaNam,7.1#viSeRaNam,6.1#karwA,14.1#karma,8.1	1	01	006	safkReparAmAyaNam	bAlakANda	sarga-1
5.1	vAlmIkeH	3.1	vAlmIkeH	vAlmIki{puM;5;eka}/vAlmIki{puM;6;eka}	vAlmIki{puM;6;eka}	RaRTIsambanXaH,7.1	RaRTIsambanXaH,13.1#RaRTIsambanXaH,7.1#hewuH5,14.1#hewuH5,12.1#hewuH5,11.1#hewuH5,8.1#apAxAnam,8.1#apAxAnam,1.1	1	01	006	safkReparAmAyaNam	bAlakANda	sarga-1
6.1	nAraxaH	2.1	nAraxaH	nAraxa{puM;1;eka}	nAraxa{puM;1;eka}	karwA,15.1;karwA,11.1;karwA,1.1	karwA,15.1#karwA,11.1#karwA,1.1	1	01	006	safkReparAmAyaNam	bAlakANda	sarga-1
7.1	vacaH	5.1	vacaH	vaca{puM;1;eka}/vacas{napuM;1;eka}/vacas{napuM;2;eka}/vacas{napuM;8;eka}	vacas{napuM;2;eka}	karma,1.1	samboXyaH,12.1#muKyakarma,14.1#karmasamAnAXikaraNam,3.1#karma,11.1#karwA,14.1#karma,8.1#viSeRaNam,6.1#karma,1.1	1	01	006	safkReparAmAyaNam	bAlakANda	sarga-1
8.1	SrUyawAm	8.1	SrUyawAm	Sru1{karmaNi;lot;pra;eka;AwmanepaxI;BvAxiH}	Sru1{karmaNi;lot;pra;eka;AwmanepaxI;BvAxiH}	vAkyakarma,11.1	vAkyakarma,15.1#vAkyakarma,11.1	1	01	006	safkReparAmAyaNam	bAlakANda	sarga-1
9.1	iwi	9.1	iwi	iwi{avya}	iwi{avya}	vAkyakarma_xyowakaH,8.1	vAkyakarma_xyowakaH,8.1	1	01	006	safkReparAmAyaNam	bAlakANda	sarga-1
1.1	bahavaH	-	bahavaH	bahu{puM;1;bahu}/bahu{swrI;1;bahu}/bahu{swrI;2;bahu}/bahu{puM;8;bahu}/bahu{swrI;8;bahu}	bahu{puM;1;bahu}	karwA,2.1	viSeRaNam,2.1#sup_samucciwaH,2.1#karwA,2.1	1	01	007	safkReparAmAyaNam	bAlakANda	sarga-1
2.1	xurlaBAH	-	xurlaBAH	xurlaBa{puM;1;bahu(xur_laB;ac)}/xurlaBA{swrI;1;bahu}/xurlaBA{swrI;2;bahu}	xurlaBa{puM;1;bahu(xur_laB;ac)}	-	-	1	01	007	safkReparAmAyaNam	bAlakANda	sarga-1
3.1	ca	-	ca	ca{avya}	ca{avya}	sambanXaH,2.1	sup_samuccaya_xyowakaH,2.1#sambanXaH,2.1	1	01	007	safkReparAmAyaNam	bAlakANda	sarga-1
4.1	eva	-	eva	eva{avya}	eva{avya}	sambanXaH,3.1	sambanXaH,3.1	1	01	007	safkReparAmAyaNam	bAlakANda	sarga-1
5.1	.	-	.	-	-	-	-	1	01	007	safkReparAmAyaNam	bAlakANda	sarga-1
2.1	wvayA	-	--	yuRmax{sarvanAma;3;eka}	yuRmax{sarvanAma;3;eka}	karwA,3.1	karwA,3.1#hewuH,3.1	2	01	007	safkReparAmAyaNam	bAlakANda	sarga-1
3.1	kIrwiwAH	-	--	kIrwiwa{puM;1;bahu(kIrw1{kwa;BvAxiH)}/kIrwiwa{puM;1;bahu(kQw1;kwa;curAxiH)}/kIrwiwA{swrI;1;bahu(kQw1;kwa;curAxiH)}/kIrwiwA{swrI;2;bahu(kQw1;kwa;curAxiH)}	kIrwiwa{puM;1;bahu(kQw1;kwa;curAxiH)}	-	-	2	01	007	safkReparAmAyaNam	bAlakANda	sarga-1
4.1	guNAH	-	--	guNa{puM;1;bahu}/guNA{swrI;1;bahu}/guNA{swrI;2;bahu}/guNa{puM;8;bahu}	guNa{puM;1;bahu}	karma,3.1	samboXyaH,3.1#karma,3.1#viSeRaNam,3.1#viSeRaNam,1.1	2	01	007	safkReparAmAyaNam	bAlakANda	sarga-1
5.1	.	-	-	-	-	-	-	2	01	007	safkReparAmAyaNam	bAlakANda	sarga-1
1.1	mune	-	mune	muni{puM;8;eka}	muni{puM;8;eka}	samboXyaH,2.1	samboXyaH,9.1#samboXyaH,6.1#samboXyaH,2.1	3	01	007	safkReparAmAyaNam	bAlakANda	sarga-1
10.1	(iwi)	-	--	iwi{avya}	iwi{avya}	vAkyakarma_xyowakaH,9.1	vAkyakarma_xyowakaH,9.1#vAkyakarma_xyowakaH,6.1	3	01	007	safkReparAmAyaNam	bAlakANda	sarga-1
11.1	.	-	-	-	-	-	-	3	01	007	safkReparAmAyaNam	bAlakANda	sarga-1
2.1	vakRyAmi	-	vakRyAmi	vac1{karwari;lqt;u;eka;parasmEpaxI;axAxiH}/vah1{karwari;lqt;u;eka;parasmEpaxI;BvAxiH}/brU1{karwari;lqt;u;eka;parasmEpaxI;axAxiH}	vac1{karwari;lqt;u;eka;parasmEpaxI;axAxiH}	aBihiwa_karwA,3.1;sakarmaka	-	3	01	007	safkReparAmAyaNam	bAlakANda	sarga-1
3.1	aham	-	ahaM	asmax{sarvanAma;1;eka}	asmax{sarvanAma;1;eka}	karwA,2.1;karwA,4.1	karwA,2.1#karwA,4.1	3	01	007	safkReparAmAyaNam	bAlakANda	sarga-1
4.1	buxXvA	-	--	buX3{avya;kwvA;xivAxiH}	buX3{avya;kwvA;xivAxiH}	pUrvakAlaH,2.1	pUrvakAlaH,9.1#pUrvakAlaH,6.1#pUrvakAlaH,2.1	3	01	007	safkReparAmAyaNam	bAlakANda	sarga-1
5.1	wEH	-	--	wax{sarvanAma;puM;3;bahu}/wax{sarvanAma;napuM;3;bahu}	wax{sarvanAma;puM;3;bahu}	sahArWaH,6.1	sahArWaH,6.1#karwA,6.1#karaNam,6.1#karaNam,2.1#hewuH,9.1#hewuH,6.1#hewuH,4.1#hewuH,2.1	3	01	007	safkReparAmAyaNam	bAlakANda	sarga-1
6.1	yukwaH	-	--	yuj{avya;wasil}/yukwa{puM;1;eka(yuj1;kwa;xivAxiH)}/yukwa{puM;1;eka(yuj2;kwa;ruXAxiH)}	yukwa{puM;1;eka(yuj2;kwa;ruXAxiH)}	viSeRaNam,7.1	viXeya_viSeRaNam,8.1#viSeRaNam,7.1#viSeRaNam,3.1#vAkyakarma,2.1#karwA_be_verbs,9.1#hewuH5,9.1#hewuH5,4.1#hewuH5,2.1#apAxAnam,2.1	3	01	007	safkReparAmAyaNam	bAlakANda	sarga-1
7.1	naraH	-	--	nq{puM;1;bahu}/nara{puM;1;eka}/nq{puM;8;bahu}	nq{puM;1;bahu}	viXeya_viSeRaNam,8.1	samboXyaH,9.1#samboXyaH,6.1#samboXyaH,2.1#viXeya_viSeRaNam,8.1#viXeya_viSeRaNam,6.1#karwA_be_verbs,9.1#viXeya_viSeRaNam,8.1	3	01	007	safkReparAmAyaNam	bAlakANda	sarga-1
8.1	(kaH)	-	--	kim{sarvanAma;puM;1;eka}	kim{sarvanAma;puM;1;eka}	karwA,9.1	viSeRaNam,7.1#viSeRaNam,6.1#viSeRaNam,3.1#karwA_be_verbs,9.1	3	01	007	safkReparAmAyaNam	bAlakANda	sarga-1
9.1	(aswi)	-	--	as2{karwari;lat;pra;eka;parasmEpaxI;axAxiH}	as2{karwari;lat;pra;eka;parasmEpaxI;axAxiH}	vAkyakarma,2.1	vAkyakarma,2.1	3	01	007	safkReparAmAyaNam	bAlakANda	sarga-1
1.1	(BavAn)	1.1	(BavAn)	Bava{puM;2;bahu}/Bavaw{sarvanAma;puM;1;eka}	Bavaw{sarvanAma;puM;1;eka}	karma,2.1	karma,2.1	4	01	007	safkReparAmAyaNam	bAlakANda	sarga-1
2.1	SrUyawAM	2.1	SrUyawAM	Sru1{karmaNi;lot;pra;eka;AwmanepaxI;BvAxiH}	Sru1{karmaNi;lot;pra;eka;AwmanepaxI;BvAxiH}	aBihiwa_karma,1.1;sakarmaka	-	4	01	007	safkReparAmAyaNam	bAlakANda	sarga-1
3.1	.	-	.	-	-	-	-	4	01	007	safkReparAmAyaNam	bAlakANda	sarga-1
1.1	ikRvAku-	2.1	ikRvAku-vaMSa-praBavaH	ikRvAku	ikRvAku	RaRTI-wawpuruRaH,1.2	RaRTI-wawpuruRaH,1.2	1	01	008	safkReparAmAyaNam	bAlakANda	sarga-1
1.2	vaMSa-	2.2	--	vaMSa	vaMSa	RaRTI-bahuvrIhiH,1.3	RaRTI-bahuvrIhiH,1.3	1	01	008	safkReparAmAyaNam	bAlakANda	sarga-1
1.3	praBavaH	2.3	--	praBu{puM;1;bahu}/praBava{puM;1;eka}	praBava{puM;1;eka}	karma,5.1	viXeya_viSeRaNam,5.1#viXeya_viSeRaNam,2.1#karwA_be_verbs,6.1#karma,2.1#karma,5.1	1	01	008	safkReparAmAyaNam	bAlakANda	sarga-1
2.1	rAmaH	3.1	rAmaH	rAma{puM;1;eka}	rAma{puM;1;eka}	saFjFA,1.3	karwA_be_verbs,6.1#saFjFA,1.3	1	01	008	safkReparAmAyaNam	bAlakANda	sarga-1
3.1	nAma	4.1	nAma	nAma{avya}	nAma{avya}	saFjFA_xyowakaH,2.1	saFjFA_xyowakaH,2.1	1	01	008	safkReparAmAyaNam	bAlakANda	sarga-1
4.1	janEH	1.1	janEH	jana{puM;3;bahu}	jana{puM;3;bahu}	karwA,5.1	karwA,5.1#hewuH,6.1#hewuH,5.1	1	01	008	safkReparAmAyaNam	bAlakANda	sarga-1
5.1	SruwaH	5.1	SruwaH	Sruwa{puM;1;eka(Sru1;kwa;BvAxiH)}	Sruwa{puM;1;eka(Sru1;kwa;BvAxiH)}	-	-	1	01	008	safkReparAmAyaNam	bAlakANda	sarga-1
7.1	.	7.1	.	-	-	-	-	1	01	008	safkReparAmAyaNam	bAlakANda	sarga-1
1.1	(saH)	1.1	(saH)	wax{sarvanAma;puM;1;eka}	wax{sarvanAma;puM;1;eka}	karwA,5.1	viSeRaNam,3.2#viSeRaNam,2.2#sup_samucciwaH,3.2#karwA_be_verbs,5.1	2	01	008	safkReparAmAyaNam	bAlakANda	sarga-1
2.1	niyawa-	2.1	niyawa-AwmA	niyawa(ni_yaw1;GaF;BvAxiH)	niyawa(ni_yaw1;GaF;BvAxiH)	RaRTI-bahuvrIhiH,2.2	RaRTI-bahuvrIhiH,2.2	2	01	008	safkReparAmAyaNam	bAlakANda	sarga-1
2.2	AwmA	2.2	--	Awman{puM;1;eka}	Awman{puM;1;eka}	samucciwaH,3.2	viXeya_viSeRaNam,3.2#viXeya_viSeRaNam,1.1#sup_samucciwaH,3.2#karwA_be_verbs,5.1	2	01	008	safkReparAmAyaNam	bAlakANda	sarga-1
3.1	mahA-	3.1	mahA-vIryaH	mahA}/mahaw	mahaw	RaRTI-bahuvrIhiH,3.2	RaRTI-bahuvrIhiH,3.2	2	01	008	safkReparAmAyaNam	bAlakANda	sarga-1
3.2	vIryaH	3.2	--	vIrya{puM;1;eka}	vIrya{puM;1;eka}	viXeya_viSeRaNam,1.1	viXeya_viSeRaNam,2.2#viXeya_viSeRaNam,1.1#karwA_be_verbs,5.1	2	01	008	safkReparAmAyaNam	bAlakANda	sarga-1
4.1	(ca)	4.1	(ca)	ca{avya}	ca{avya}	samuccaya_xyowakaH,3.2	sup_samuccaya_xyowakaH,3.2#sambanXaH,3.2	2	01	008	safkReparAmAyaNam	bAlakANda	sarga-1
5.1	(aswi)	5.1	(aswi)	as2{karwari;lat;pra;eka;parasmEpaxI;axAxiH}	as2{karwari;lat;pra;eka;parasmEpaxI;axAxiH}	aBihiwa_karwA,1.1	-	2	01	008	safkReparAmAyaNam	bAlakANda	sarga-1
6.1	.	6.1	.	-	-	-	-	2	01	008	safkReparAmAyaNam	bAlakANda	sarga-1
1.1	(saH)	1.1	(saH)	wax{sarvanAma;puM;1;eka}	wax{sarvanAma;puM;1;eka}	karwA,6.1	viSeRaNam,4.1#sup_samucciwaH,4.1#karwA_be_verbs,6.1	3	01	008	safkReparAmAyaNam	bAlakANda	sarga-1
2.1	xyuwimAn	2.1	xyuwimAn	xyuwi{mawup;puM;1;eka}	xyuwi{mawup;puM;1;eka}	samucciwaH,4.1	viXeya_viSeRaNam,1.1#viSeRaNam,4.1#sup_samucciwaH,4.1#karwA_be_verbs,6.1	3	01	008	safkReparAmAyaNam	bAlakANda	sarga-1
3.1	XqwimAn	3.1	XqwimAn	Xqwi{mawup;puM;1;eka}	Xqwi{mawup;puM;1;eka}	samucciwaH,4.1	viXeya_viSeRaNam,2.1#viXeya_viSeRaNam,1.1#viSeRaNam,4.1#sup_samucciwaH,4.1#karwA_be_verbs,6.1	3	01	008	safkReparAmAyaNam	bAlakANda	sarga-1
4.1	vaSI	4.1	vaSI	vaSi{puM;1;xvi}/vaSi{puM;2;xvi}/vaSin{puM;1;eka}/vaSi{puM;8;xvi}	vaSin{puM;1;eka}	viXeya_viSeRaNam,1.1	samboXyaH,6.1#viXeya_viSeRaNam,3.1#viXeya_viSeRaNam,2.1#viXeya_viSeRaNam,1.1#karwA_be_verbs,6.1	3	01	008	safkReparAmAyaNam	bAlakANda	sarga-1
5.1	(ca)	5.1	(ca)	ca{avya}	ca{avya}	samuccaya_xyowakaH,4.1	sup_samuccaya_xyowakaH,4.1#sambanXaH,4.1	3	01	008	safkReparAmAyaNam	bAlakANda	sarga-1
6.1	(aswi)	6.1	(aswi)	as2{karwari;lat;pra;eka;parasmEpaxI;axAxiH}	as2{karwari;lat;pra;eka;parasmEpaxI;axAxiH}	aBihiwa_karwA,1.1	-	3	01	008	safkReparAmAyaNam	bAlakANda	sarga-1
7.1	.	7.1	.	-	-	-	-	3	01	008	safkReparAmAyaNam	bAlakANda	sarga-1
1.1	(saH)	1.1	(saH)	wax{sarvanAma;puM;1;eka}	wax{sarvanAma;puM;1;eka}	karwA,5.1	sup_samucciwaH,3.1#karwA_be_verbs,5.1	1	01	009	safkReparAmAyaNam	bAlakANda	sarga-1
2.1	buxXimAn	2.1	buxXimAn	buxXi{mawup;puM;1;eka}	buxXi{mawup;puM;1;eka}	samucciwaH,3.1	viXeya_viSeRaNam,1.1#sup_samucciwaH,3.1#karwA_be_verbs,5.1	1	01	009	safkReparAmAyaNam	bAlakANda	sarga-1
3.1	nIwimAn	3.1	nIwimAn	nIwi{mawup;puM;1;eka}	nIwi{mawup;puM;1;eka}	viXeya_viSeRaNam,1.1	viXeya_viSeRaNam,2.1#viXeya_viSeRaNam,1.1#karwA_be_verbs,5.1	1	01	009	safkReparAmAyaNam	bAlakANda	sarga-1
4.1	(ca)	4.1	(ca)	ca{avya}	ca{avya}	samuccaya_xyowakaH,3.1	sup_samuccaya_xyowakaH,3.1#sambanXaH,3.1	1	01	009	safkReparAmAyaNam	bAlakANda	sarga-1
5.1	(aswi)	5.1	(aswi)	as2{karwari;lat;pra;eka;parasmEpaxI;axAxiH}	as2{karwari;lat;pra;eka;parasmEpaxI;axAxiH}	aBihiwa_karwA,1.1	-	1	01	009	safkReparAmAyaNam	bAlakANda	sarga-1
6.1	.	6.1	.	-	-	-	-	1	01	009	safkReparAmAyaNam	bAlakANda	sarga-1
1.1	(saH)	1.1	(saH)	wax{sarvanAma;puM;1;eka}	wax{sarvanAma;puM;1;eka}	karwA,5.1	viSeRaNam,3.1#viSeRaNam,2.1#sup_samucciwaH,3.1#karwA_be_verbs,5.1	2	01	009	safkReparAmAyaNam	bAlakANda	sarga-1
2.1	vAggmI	2.1	vAggmI	vAggmin{puM;1;eka}	vAggmin{puM;1;eka}	samucciwaH,3.1	viXeya_viSeRaNam,1.1#sup_samucciwaH,3.1#karwA_be_verbs,5.1	2	01	009	safkReparAmAyaNam	bAlakANda	sarga-1
3.1	SrImAn	3.1	SrImAn	SrImaw{puM;1;eka}/SrI{mawup;puM;1;eka}	SrI{mawup;puM;1;eka}	viXeya_viSeRaNam,1.1	viXeya_viSeRaNam,2.1#viXeya_viSeRaNam,1.1#karwA_be_verbs,5.1	2	01	009	safkReparAmAyaNam	bAlakANda	sarga-1
4.1	(ca)	4.1	(ca)	ca{avya}	ca{avya}	samuccaya_xyowakaH,3.1	sup_samuccaya_xyowakaH,3.1#sambanXaH,3.1	2	01	009	safkReparAmAyaNam	bAlakANda	sarga-1
5.1	(aswi)	5.1	(aswi)	as2{karwari;lat;pra;eka;parasmEpaxI;axAxiH}	as2{karwari;lat;pra;eka;parasmEpaxI;axAxiH}	aBihiwa_karwA,2.1	-	2	01	009	safkReparAmAyaNam	bAlakANda	sarga-1
6.1	.	6.1	.	-	-	-	-	2	01	009	safkReparAmAyaNam	bAlakANda	sarga-1
1.1	(saH)	1.1	(saH)	wax{sarvanAma;puM;1;eka}	wax{sarvanAma;puM;1;eka}	karwA,5.1	viSeRaNam,3.2#viSeRaNam,2.2#sup_samucciwaH,3.2#karwA_be_verbs,5.1	3	01	009	safkReparAmAyaNam	bAlakANda	sarga-1
2.1	Sawru-	2.1	Sawru-nibarhaNaH	Sawru	Sawru	upapaxa-wawpuruRaH,2.2	upapaxa-wawpuruRaH,2.2	3	01	009	safkReparAmAyaNam	bAlakANda	sarga-1
2.2	nibarhaNaH	2.2	--	nibarhaNa{puM;1;eka}	nibarhaNa{puM;1;eka}	samucciwaH,3.2	viXeya_viSeRaNam,3.2#viXeya_viSeRaNam,1.1#sup_samucciwaH,3.2#karwA_be_verbs,5.1	3	01	009	safkReparAmAyaNam	bAlakANda	sarga-1
3.1	vipula-	3.1	vipula-aMSaH	vipula	vipula	RaRTI-bahuvrIhiH,3.2	RaRTI-bahuvrIhiH,3.2	3	01	009	safkReparAmAyaNam	bAlakANda	sarga-1
3.2	aMSaH	3.2	--	aMSa{puM;1;eka}	aMSa{puM;1;eka}	viXeya_viSeRaNam,1.1	viXeya_viSeRaNam,2.2#viXeya_viSeRaNam,1.1#karwA_be_verbs,5.1	3	01	009	safkReparAmAyaNam	bAlakANda	sarga-1
4.1	(ca)	4.1	(ca)	ca{avya}	ca{avya}	samuccaya_xyowakaH,3.2	sup_samuccaya_xyowakaH,3.2#sambanXaH,3.2	3	01	009	safkReparAmAyaNam	bAlakANda	sarga-1
5.1	(aswi)	5.1	(aswi)	as2{karwari;lat;pra;eka;parasmEpaxI;axAxiH}	as2{karwari;lat;pra;eka;parasmEpaxI;axAxiH}	aBihiwa_karwA,1.1	-	3	01	009	safkReparAmAyaNam	bAlakANda	sarga-1
6.1	.	6.1	.	-	-	-	-	3	01	009	safkReparAmAyaNam	bAlakANda	sarga-1
1.1	(saH)	1.1	(saH)	wax{sarvanAma;puM;1;eka}	wax{sarvanAma;puM;1;eka}	karwA,6.1	viSeRaNam,4.2#viSeRaNam,3.2#viSeRaNam,2.2#sup_samucciwaH,4.2#karwA_be_verbs,6.1	4	01	009	safkReparAmAyaNam	bAlakANda	sarga-1
2.1	mahA-	2.1	mahA-bAhuH	mahA}/mahaw	mahaw	RaRTI-bahuvrIhiH,2.2	RaRTI-bahuvrIhiH,2.2	4	01	009	safkReparAmAyaNam	bAlakANda	sarga-1
2.2	bAhuH	2.2	--	bAhu{puM;1;eka}	bAhu{puM;1;eka}	samucciwaH,4.2	viXeya_viSeRaNam,4.2#viXeya_viSeRaNam,3.2#viXeya_viSeRaNam,1.1#sup_samucciwaH,4.2#karwA_be_verbs,6.1	4	01	009	safkReparAmAyaNam	bAlakANda	sarga-1
3.1	kambu-	3.1	kambu-grIvaH	kambu	kambu	RaRTI-bahuvrIhiH,3.2	RaRTI-bahuvrIhiH,3.2	4	01	009	safkReparAmAyaNam	bAlakANda	sarga-1
3.2	grIvaH	3.2	--	grIva{puM;1;eka}	grIva{puM;1;eka}	samucciwaH,4.2	viXeya_viSeRaNam,4.2#viXeya_viSeRaNam,2.2#viXeya_viSeRaNam,1.1#sup_samucciwaH,4.2#karwA_be_verbs,6.1	4	01	009	safkReparAmAyaNam	bAlakANda	sarga-1
4.1	mahA-	4.1	mahA-hanuH	mahA}/mahaw	mahaw	RaRTI-bahuvrIhiH,4.2	RaRTI-bahuvrIhiH,4.2	4	01	009	safkReparAmAyaNam	bAlakANda	sarga-1
4.2	hanuH	4.2	--	hanu{puM;1;eka}/hanu{swrI;1;eka}	hanu{puM;1;eka}	viXeya_viSeRaNam,1.1	viXeya_viSeRaNam,3.2#viXeya_viSeRaNam,2.2#viXeya_viSeRaNam,1.1#karwA_be_verbs,6.1	4	01	009	safkReparAmAyaNam	bAlakANda	sarga-1
5.1	(ca)	5.1	(ca)	ca{avya}	ca{avya}	samuccaya_xyowakaH,4.2	sup_samuccaya_xyowakaH,4.2#sambanXaH,4.2	4	01	009	safkReparAmAyaNam	bAlakANda	sarga-1
6.1	(aswi)	6.1	(aswi)	as2{karwari;lat;pra;eka;parasmEpaxI;axAxiH}	as2{karwari;lat;pra;eka;parasmEpaxI;axAxiH}	aBihiwa_karwA,3.2	-	4	01	009	safkReparAmAyaNam	bAlakANda	sarga-1
7.1	.	7.1	.	-	-	-	-	4	01	009	safkReparAmAyaNam	bAlakANda	sarga-1
1.1	(saH)	1.1	(saH)	wax{sarvanAma;puM;1;eka}	wax{sarvanAma;puM;1;eka}	karwA,5.1	viSeRaNam,3.2#viSeRaNam,2.2#sup_samucciwaH,3.2#karwA_be_verbs,5.1	1	01	010	safkReparAmAyaNam	bAlakANda	sarga-1
2.1	mahA-	2.1	mahA-uraskaH	mahaw	mahaw	RaRTI-bahuvrIhiH,2.2	RaRTI-bahuvrIhiH,2.2	1	01	010	safkReparAmAyaNam	bAlakANda	sarga-1
2.2	uraskaH	2.2	--	uraska{puM;1;eka}	uraska{puM;1;eka}	samucciwaH,3.2	viXeya_viSeRaNam,3.2#viXeya_viSeRaNam,1.1#sup_samucciwaH,3.2#karwA_be_verbs,5.1	1	01	010	safkReparAmAyaNam	bAlakANda	sarga-1
3.1	mahA-	3.1	mahA-IRvAsaH	mahaw	mahaw	RaRTI-bahuvrIhiH,3.2	RaRTI-bahuvrIhiH,3.2	1	01	010	safkReparAmAyaNam	bAlakANda	sarga-1
3.2	IRvAsaH	3.2	--	IRvAsa{puM;1;eka}	IRvAsa{puM;1;eka}	viXeya_viSeRaNam,1.1	viXeya_viSeRaNam,2.2#viXeya_viSeRaNam,1.1#karwA_be_verbs,5.1	1	01	010	safkReparAmAyaNam	bAlakANda	sarga-1
4.1	(ca)	4.1	(ca)	ca{avya}	ca{avya}	samuccaya_xyowakaH,3.2	sup_samuccaya_xyowakaH,3.2#sambanXaH,3.2	1	01	010	safkReparAmAyaNam	bAlakANda	sarga-1
5.1	(aswi)	5.1	(aswi)	as2{karwari;lat;pra;eka;parasmEpaxI;axAxiH}	as2{karwari;lat;pra;eka;parasmEpaxI;axAxiH}	aBihiwa_karwA,1.1	-	1	01	010	safkReparAmAyaNam	bAlakANda	sarga-1
6.1	.	6.1	.	-	-	-	-	1	01	010	safkReparAmAyaNam	bAlakANda	sarga-1
1.1	(saH)	1.1	(saH)	wax{sarvanAma;puM;1;eka}	wax{sarvanAma;puM;1;eka}	karwA,5.1	viSeRaNam,3.2#viSeRaNam,2.2#sup_samucciwaH,3.2#karwA_be_verbs,5.1	2	01	010	safkReparAmAyaNam	bAlakANda	sarga-1
2.1	gUDa-	2.1	gUDa-jawruH	gUDa(guh1;kwa;BvAxiH)	gUDa(guh1;kwa;BvAxiH)	RaRTI-bahuvrIhiH,2.2	RaRTI-bahuvrIhiH,2.2	2	01	010	safkReparAmAyaNam	bAlakANda	sarga-1
2.2	jawruH	2.2	--	jawru{puM;1;eka}	jawru{puM;1;eka}	samucciwaH,3.2	viXeya_viSeRaNam,3.2#viXeya_viSeRaNam,1.1#sup_samucciwaH,3.2#karwA_be_verbs,5.1	2	01	010	safkReparAmAyaNam	bAlakANda	sarga-1
3.1	arin-	3.1	arin-xamaH	arin	arin	upapaxa-wawpuruRaH,3.2	upapaxa-wawpuruRaH,3.2	2	01	010	safkReparAmAyaNam	bAlakANda	sarga-1
3.2	xamaH	3.2	--	xama{puM;1;eka}	xama{puM;1;eka}	viXeya_viSeRaNam,1.1	viXeya_viSeRaNam,2.2#viXeya_viSeRaNam,1.1#karwA_be_verbs,5.1	2	01	010	safkReparAmAyaNam	bAlakANda	sarga-1
4.1	(ca)	4.1	(ca)	ca{avya}	ca{avya}	samuccaya_xyowakaH,3.2	sup_samuccaya_xyowakaH,3.2#sambanXaH,3.2	2	01	010	safkReparAmAyaNam	bAlakANda	sarga-1
5.1	(aswi)	5.1	(aswi)	as2{karwari;lat;pra;eka;parasmEpaxI;axAxiH}	as2{karwari;lat;pra;eka;parasmEpaxI;axAxiH}	aBihiwa_karwA,1.1	-	2	01	010	safkReparAmAyaNam	bAlakANda	sarga-1
6.1	.	6.1	.	-	-	-	-	2	01	010	safkReparAmAyaNam	bAlakANda	sarga-1
1.1	(saH)	1.1	(saH)	wax{sarvanAma;puM;1;eka}	wax{sarvanAma;puM;1;eka}	karwA,5.1	viSeRaNam,3.2#viSeRaNam,2.2#sup_samucciwaH,3.2#karwA_be_verbs,5.1	3	01	010	safkReparAmAyaNam	bAlakANda	sarga-1
2.1	AjAnu-	2.1	AjAnu-bAhuH	AjAnu	AjAnu	RaRTI-bahuvrIhiH,2.2	RaRTI-bahuvrIhiH,2.2	3	01	010	safkReparAmAyaNam	bAlakANda	sarga-1
2.2	bAhuH	2.2	--	bAhu{puM;1;eka}	bAhu{puM;1;eka}	samucciwaH,3.2	viXeya_viSeRaNam,3.2#viXeya_viSeRaNam,1.1#sup_samucciwaH,3.2#karwA_be_verbs,5.1	3	01	010	safkReparAmAyaNam	bAlakANda	sarga-1
3.1	su-	3.1	su-SirAH	su	su	bahuvrIhiH,3.2	bahuvrIhiH,3.2	3	01	010	safkReparAmAyaNam	bAlakANda	sarga-1
3.2	SirAH	3.2	--	Sira{puM;1;bahu}/Sira{puM;8;bahu}/SirA{swrI;8;bahu}/SirA{swrI;1;bahu}/SirA{swrI;2;bahu}/Siras{puM;1;eka}	Siras{puM;1;eka}	viXeya_viSeRaNam,1.1	viXeya_viSeRaNam,2.2#viXeya_viSeRaNam,1.1#karwA_be_verbs,5.1#samboXyaH,5.1	3	01	010	safkReparAmAyaNam	bAlakANda	sarga-1
4.1	(ca)	4.1	(ca)	ca{avya}	ca{avya}	samuccaya_xyowakaH,3.2	sup_samuccaya_xyowakaH,3.2#sambanXaH,3.2	3	01	010	safkReparAmAyaNam	bAlakANda	sarga-1
5.1	(aswi)	5.1	(aswi)	as2{karwari;lat;pra;eka;parasmEpaxI;axAxiH}	as2{karwari;lat;pra;eka;parasmEpaxI;axAxiH}	aBihiwa_karwA,1.1	-	3	01	010	safkReparAmAyaNam	bAlakANda	sarga-1
6.1	.	6.1	.	-	-	-	-	3	01	010	safkReparAmAyaNam	bAlakANda	sarga-1
1.1	(saH)	1.1	(saH)	wax{sarvanAma;puM;1;eka}	wax{sarvanAma;puM;1;eka}	karwA,5.1	viSeRaNam,3.2#viSeRaNam,2.2#sup_samucciwaH,3.2#karwA_be_verbs,5.1	4	01	010	safkReparAmAyaNam	bAlakANda	sarga-1
2.1	su-	2.1	su-lalAtaH	su	su	bahuvrIhiH,2.2	bahuvrIhiH,2.2	4	01	010	safkReparAmAyaNam	bAlakANda	sarga-1
2.2	lalAtaH	2.2	--	lalAta{puM;1;eka}	lalAta{puM;1;eka}	samucciwaH,3.2	viXeya_viSeRaNam,3.2#viXeya_viSeRaNam,1.1#sup_samucciwaH,3.2#karwA_be_verbs,5.1	4	01	010	safkReparAmAyaNam	bAlakANda	sarga-1
3.1	su-	3.1	su-vikramaH	su	su	bahuvrIhiH,3.2	bahuvrIhiH,3.2	4	01	010	safkReparAmAyaNam	bAlakANda	sarga-1
3.2	vikramaH	3.2	--	vikrama{puM;1;eka}/vikrama{puM;1;eka(vi_kram1;GaF;BvAxiH)}	vikrama{puM;1;eka}	viXeya_viSeRaNam,1.1	viXeya_viSeRaNam,2.2#viXeya_viSeRaNam,1.1#karwA_be_verbs,5.1	4	01	010	safkReparAmAyaNam	bAlakANda	sarga-1
4.1	(ca)	4.1	(ca)	ca{avya}	ca{avya}	samuccaya_xyowakaH,3.2	sup_samuccaya_xyowakaH,3.2#sambanXaH,3.2	4	01	010	safkReparAmAyaNam	bAlakANda	sarga-1
5.1	(aswi)	5.1	(aswi)	as2{karwari;lat;pra;eka;parasmEpaxI;axAxiH}	as2{karwari;lat;pra;eka;parasmEpaxI;axAxiH}	aBihiwa_karwA,1.1	-	4	01	010	safkReparAmAyaNam	bAlakANda	sarga-1
6.1	.	6.1	.	-	-	-	-	4	01	010	safkReparAmAyaNam	bAlakANda	sarga-1
1.1	(saH)	1.1	(saH)	wax{sarvanAma;puM;1;eka}	wax{sarvanAma;puM;1;eka}	karwA,5.1	viSeRaNam,3.3#viSeRaNam,2.1#sup_samucciwaH,3.3#karwA_be_verbs,5.1	1	02	011	safkReparAmAyaNam	bAlakANda	sarga-1
2.1	samaH	2.1	samaH	sama{puM;1;eka}/sama{sarvanAma;puM;1;eka}	sama{puM;1;eka}	samucciwaH,3.3	viXeya_viSeRaNam,3.3#viXeya_viSeRaNam,1.1#sup_samucciwaH,3.3	1	02	011	safkReparAmAyaNam	bAlakANda	sarga-1
3.1	sama-	3.1	sama-viBakwa-afgaH	sama	sama	bahupaxa-bahuvrIhiH,3.2	bahupaxa-bahuvrIhiH,3.2	1	02	011	safkReparAmAyaNam	bAlakANda	sarga-1
3.2	viBakwa-	3.2	--	viBakwa(vi_Baj1;kwa;BvAxiH)	viBakwa(vi_Baj1;kwa;BvAxiH)	bahupaxa-bahuvrIhiH,3.3	bahupaxa-bahuvrIhiH,3.3	1	02	011	safkReparAmAyaNam	bAlakANda	sarga-1
3.3	afgaH	3.3	--	afga{puM;1;eka}/afgas{napuM;1;eka}/afgas{napuM;2;eka}/afgas{napuM;8;eka}/afgas{puM;8;eka}	afga{puM;1;eka}	viXeya_viSeRaNam,1.1	samboXyaH,5.1#viXeya_viSeRaNam,2.1#viXeya_viSeRaNam,1.1#karwA_be_verbs,5.1	1	02	011	safkReparAmAyaNam	bAlakANda	sarga-1
4.1	(ca)	4.1	(ca)	ca{avya}	ca{avya}	samuccaya_xyowakaH,3.3	sup_samuccaya_xyowakaH,3.3#sambanXaH,3.3	1	02	011	safkReparAmAyaNam	bAlakANda	sarga-1
5.1	(aswi)	5.1	(aswi)	as2{karwari;lat;pra;eka;parasmEpaxI;axAxiH}	as2{karwari;lat;pra;eka;parasmEpaxI;axAxiH}	aBihiwa_karwA,1.1	-	1	02	011	safkReparAmAyaNam	bAlakANda	sarga-1
6.1	.	6.1	.	-	-	-	-	1	02	011	safkReparAmAyaNam	bAlakANda	sarga-1
1.1	(saH)	1.1	(saH)	wax{sarvanAma;puM;1;eka}	wax{sarvanAma;puM;1;eka}	karwA,5.1	viSeRaNam,2.2#sup_samucciwaH,3.1#karwA_be_verbs,5.1	2	02	011	safkReparAmAyaNam	bAlakANda	sarga-1
2.1	snigXa-	2.1	snigXa-varNaH	snigXa(Rnih1;kwa;xivAxiH)	snigXa(Rnih1;kwa;xivAxiH)	RaRTI-bahuvrIhiH,2.2	RaRTI-bahuvrIhiH,2.2	2	02	011	safkReparAmAyaNam	bAlakANda	sarga-1
2.2	varNaH	2.2	--	varNa{puM;1;eka}	varNa{puM;1;eka}	samucciwaH,3.1	viXeya_viSeRaNam,3.1#viXeya_viSeRaNam,1.1#sup_samucciwaH,3.1#karwA_be_verbs,5.1	2	02	011	safkReparAmAyaNam	bAlakANda	sarga-1
3.1	prawApavAn	3.1	prawApavAn	prawApa{mawup;puM;1;eka}	prawApa{mawup;puM;1;eka}	viXeya_viSeRaNam,1.1	viXeya_viSeRaNam,2.2#viXeya_viSeRaNam,1.1#karwA_be_verbs,5.1	2	02	011	safkReparAmAyaNam	bAlakANda	sarga-1
4.1	(ca)	4.1	(ca)	ca{avya}	ca{avya}	samuccaya_xyowakaH,3.1	sup_samuccaya_xyowakaH,3.1#sambanXaH,3.1	2	02	011	safkReparAmAyaNam	bAlakANda	sarga-1
5.1	(aswi)	5.1	(aswi)	as2{karwari;lat;pra;eka;parasmEpaxI;axAxiH}	as2{karwari;lat;pra;eka;parasmEpaxI;axAxiH}	aBihiwa_karwA,1.1	-	2	02	011	safkReparAmAyaNam	bAlakANda	sarga-1
6.1	.	6.1	.	-	-	-	-	2	02	011	safkReparAmAyaNam	bAlakANda	sarga-1
1.1	(saH)	1.1	(saH)	wax{sarvanAma;puM;1;eka}	wax{sarvanAma;puM;1;eka}	karwA,7.1	viSeRaNam,5.2#viSeRaNam,3.2#sup_samucciwaH,5.2#karwA_be_verbs,7.1	3	02	011	safkReparAmAyaNam	bAlakANda	sarga-1
2.1	pIna-	2.1	pIna-vakRaH	pIna	pIna	RaRTI-bahuvrIhiH,2.2	RaRTI-bahuvrIhiH,2.2	3	02	011	safkReparAmAyaNam	bAlakANda	sarga-1
2.2	vakRaH	2.2	--	vakRas{napuM;1;eka}/vakRas{napuM;2;eka}/vakRas{napuM;8;eka}/vakRas{puM;8;eka}	vakRas{napuM;1;eka}	samucciwaH,5.2	samboXyaH,7.1#viXeya_viSeRaNam,5.2#viXeya_viSeRaNam,3.2#viXeya_viSeRaNam,1.1#sup_samucciwaH,5.2#karwA_be_verbs,7.1	3	02	011	safkReparAmAyaNam	bAlakANda	sarga-1
3.1	viSAla-	3.1	viSAla-akRaH	viSAla	viSAla	RaRTI-bahuvrIhiH,3.2	RaRTI-bahuvrIhiH,3.2	3	02	011	safkReparAmAyaNam	bAlakANda	sarga-1
3.2	akRaH	3.2	--	akRa{puM;1;eka}	akRa{puM;1;eka}	samucciwaH,5.2	viXeya_viSeRaNam,5.2#viXeya_viSeRaNam,2.2#viXeya_viSeRaNam,1.1#sup_samucciwaH,5.2#karwA_be_verbs,7.1	3	02	011	safkReparAmAyaNam	bAlakANda	sarga-1
4.1	lakRmIvAn	4.1	lakRmIvAn	lakRmI{mawup;puM;1;eka}	lakRmI	samucciwaH,5.2	samucciwaH,5.2	3	02	011	safkReparAmAyaNam	bAlakANda	sarga-1
5.1	SuBa-	5.1	SuBa-lakRaNaH	SuBa	SuBa	RaRTI-bahuvrIhiH,5.2	RaRTI-bahuvrIhiH,5.2	3	02	011	safkReparAmAyaNam	bAlakANda	sarga-1
5.2	lakRaNaH	5.2	--	lakRaNa{puM;1;eka}	lakRaNa{puM;1;eka}	viXeya_viSeRaNam,1.1	viXeya_viSeRaNam,3.2#viXeya_viSeRaNam,2.2#viXeya_viSeRaNam,1.1#karwA_be_verbs,7.1	3	02	011	safkReparAmAyaNam	bAlakANda	sarga-1
6.1	(ca)	6.1	(ca)	ca{avya}	ca{avya}	samuccaya_xyowakaH,5.2	sup_samuccaya_xyowakaH,5.2#sambanXaH,5.2	3	02	011	safkReparAmAyaNam	bAlakANda	sarga-1
7.1	(aswi)	7.1	(aswi)	as2{karwari;lat;pra;eka;parasmEpaxI;axAxiH}	as2{karwari;lat;pra;eka;parasmEpaxI;axAxiH}	aBihiwa_karwA,1.1	-	3	02	011	safkReparAmAyaNam	bAlakANda	sarga-1
8.1	.	8.1	.	-	-	-	-	3	02	011	safkReparAmAyaNam	bAlakANda	sarga-1
1.1	(saH)	1.1	(saH)	wax{sarvanAma;puM;1;eka}	wax{sarvanAma;puM;1;eka}	karwA,5.1	viSeRaNam,3.2#viSeRaNam,2.1#sup_samucciwaH,3.2#karwA_be_verbs,5.1	1	02	012	safkReparAmAyaNam	bAlakANda	sarga-1
2.1	XarmajFaH	2.1	XarmajFaH	XarmajFa{puM;1;eka}	XarmajFa{puM;1;eka}	samucciwaH,3.2	viXeya_viSeRaNam,3.2#viXeya_viSeRaNam,1.1#sup_samucciwaH,3.2#karwA_be_verbs,5.1	1	02	012	safkReparAmAyaNam	bAlakANda	sarga-1
3.1	sawya-	3.1	sawya-sanXaH	sawya	sawya	RaRTI-bahuvrIhiH,3.2	RaRTI-bahuvrIhiH,3.2	1	02	012	safkReparAmAyaNam	bAlakANda	sarga-1
3.2	sanXaH	3.2	--	sanXa{puM;1;eka}	sanXa{puM;1;eka}	viXeya_viSeRaNam,1.1	viXeya_viSeRaNam,2.1#viXeya_viSeRaNam,1.1#karwA_be_verbs,5.1	1	02	012	safkReparAmAyaNam	bAlakANda	sarga-1
4.1	(ca)	4.1	(ca)	ca{avya}	ca{avya}	samuccaya_xyowakaH,3.2	sup_samuccaya_xyowakaH,3.2#sambanXaH,3.2	1	02	012	safkReparAmAyaNam	bAlakANda	sarga-1
5.1	(aswi)	5.1	(aswi)	as2{karwari;lat;pra;eka;parasmEpaxI;axAxiH}	as2{karwari;lat;pra;eka;parasmEpaxI;axAxiH}	aBihiwa_karwA,1.1	-	1	02	012	safkReparAmAyaNam	bAlakANda	sarga-1
6.1	.	6.1	.	-	-	-	-	1	02	012	safkReparAmAyaNam	bAlakANda	sarga-1
1.1	(saH)	1.1	(saH)	wax{sarvanAma;puM;1;eka}	wax{sarvanAma;puM;1;eka}	karwA,6.1	viSeRaNam,5.1#karwA_be_verbs,6.1	2	02	012	safkReparAmAyaNam	bAlakANda	sarga-1
2.1	prajAnAm	2.1	prajAnAM	prajA{swrI;6;bahu}	prajA{swrI;6;bahu}	RaRTIsambanXaH,4.1	RaRTIsambanXaH,4.1	2	02	012	safkReparAmAyaNam	bAlakANda	sarga-1
3.1	ca	5.1	ca	ca{avya}	ca{avya}	sambanXaH,2.1	sambanXaH,2.1	2	02	012	safkReparAmAyaNam	bAlakANda	sarga-1
4.1	hiwe	3.1	hiwe	hiwa{napuM;1;xvi(XA1;kwa;juhowyAxiH)}/hiwa{napuM;2;xvi(XA1;kwa;juhowyAxiH)}/hiwA{swrI;1;xvi(XA1;kwa;juhowyAxiH)}/hiwA{swrI;2;xvi(XA1;kwa;juhowyAxiH)}/hiwa{napuM;1;xvi(hi1;kwa;svAxiH)}/hiwa{napuM;2;xvi(hi1;kwa;svAxiH)}/hiwA{swrI;1;xvi(hi1;kwa;svAxiH)}/hiwA{swrI;2;xvi(hi1;kwa;svAxiH)}/hiwa{napuM;7;eka(hi1;kwa;svAxiH)}	hiwa{napuM;7;eka(hi1;kwa;svAxiH)}	aXikaraNam,5.1	gawikarma,5.1#aXikaraNam,5.1	2	02	012	safkReparAmAyaNam	bAlakANda	sarga-1
5.1	rawaH	4.1	rawaH	rawa{puM;1;eka(ram1;kwa;BvAxiH)}	rawa{puM;1;eka(ram1;kwa;BvAxiH)}	viXeya_viSeRaNam,1.1	viXeya_viSeRaNam,1.1#karwA_be_verbs,6.1	2	02	012	safkReparAmAyaNam	bAlakANda	sarga-1
6.1	(aswi)	6.1	(aswi)	as2{karwari;lat;pra;eka;parasmEpaxI;axAxiH}	as2{karwari;lat;pra;eka;parasmEpaxI;axAxiH}	aBihiwa_karwA,1.1;sakarmaka	-	2	02	012	safkReparAmAyaNam	bAlakANda	sarga-1
7.1	.	7.1	.	-	-	-	-	2	02	012	safkReparAmAyaNam	bAlakANda	sarga-1
1.1	(saH)	1.1	(saH)	wax{sarvanAma;puM;1;eka}	wax{sarvanAma;puM;1;eka}	karwA,5.1	viSeRaNam,3.2#viSeRaNam,2.1#karwA_be_verbs,5.1	3	02	012	safkReparAmAyaNam	bAlakANda	sarga-1
2.1	yaSasvI	2.1	yaSasvI	yaSasvin{puM;1;eka}	yaSasvin{puM;1;eka}	samucciwaH,3.2	viXeya_viSeRaNam,3.2#viXeya_viSeRaNam,1.1#karwA_be_verbs,5.1#samucciwaH,3.2	3	02	012	safkReparAmAyaNam	bAlakANda	sarga-1
3.1	jFAna-	3.1	jFAna-sampannaH	jFAna	jFAna	wqwIyA-wawpuruRaH,3.2	wqwIyA-wawpuruRaH,3.2	3	02	012	safkReparAmAyaNam	bAlakANda	sarga-1
3.2	sampannaH	3.2	--	sampanna{puM;1;eka(sam_pax1;kwa;xivAxiH)}	sampanna{puM;1;eka(sam_pax1;kwa;xivAxiH)}	viXeya_viSeRaNam,1.1	viXeya_viSeRaNam,2.1#viXeya_viSeRaNam,1.1#karwA_be_verbs,5.1#samucciwaH,1.1#samucciwaH,2.1#samucciwaH,2.1	3	02	012	safkReparAmAyaNam	bAlakANda	sarga-1
4.1	(ca)	4.1	(ca)	ca{avya}	ca{avya}	samuccaya_xyowakaH,3.2	sambanXaH,3.2#samuccaya_xyowakaH,3.2	3	02	012	safkReparAmAyaNam	bAlakANda	sarga-1
5.1	(aswi)	5.1	(aswi)	as2{karwari;lat;pra;eka;parasmEpaxI;axAxiH}	as2{karwari;lat;pra;eka;parasmEpaxI;axAxiH}	aBihiwa_karwA,1.1	-	3	02	012	safkReparAmAyaNam	bAlakANda	sarga-1
6.1	.	6.1	.	-	-	-	-	3	02	012	safkReparAmAyaNam	bAlakANda	sarga-1
1.1	(saH)	1.1	(saH)	wax{sarvanAma;puM;1;eka}	wax{sarvanAma;puM;1;eka}	karwA,6.1	viSeRaNam,4.1#viSeRaNam,3.1#viSeRaNam,2.1#sup_samucciwaH,4.1#karwA_be_verbs,6.1	4	02	012	safkReparAmAyaNam	bAlakANda	sarga-1
2.1	SuciH	2.1	SuciH	Suci{puM;1;eka}/Suci{swrI;1;eka}	Suci{puM;1;eka}	samucciwaH,4.1	viXeya_viSeRaNam,4.1#viXeya_viSeRaNam,4.1#viXeya_viSeRaNam,3.1#viXeya_viSeRaNam,1.1#sup_samucciwaH,4.1#karwA_be_verbs,6.1	4	02	012	safkReparAmAyaNam	bAlakANda	sarga-1
3.1	vaSyaH	3.1	vaSyaH	vaSya{puM;1;eka}	vaSya{puM;1;eka}	samucciwaH,4.1	viXeya_viSeRaNam,1.1#sup_samucciwaH,5.1#karwA_be_verbs,7.1#samucciwaH,4.1	4	02	012	safkReparAmAyaNam	bAlakANda	sarga-1
4.1	samAXimAn	4.1	samAXimAn	samAXi{mawup;puM;1;eka}	samAXi{mawup;puM;1;eka}	viXeya_viSeRaNam,1.1	viXeya_viSeRaNam,3.1#viXeya_viSeRaNam,2.1#viXeya_viSeRaNam,1.1#karwA_be_verbs,6.1	4	02	012	safkReparAmAyaNam	bAlakANda	sarga-1
5.1	(ca)	5.1	(ca)	ca{avya}	ca{avya}	samuccaya_xyowakaH,4.1	sup_samuccaya_xyowakaH,5.1#sambanXaH,5.1#samuccaya_xyowakaH,4.1	4	02	012	safkReparAmAyaNam	bAlakANda	sarga-1
6.1	(aswi)	6.1	(aswi)	as2{karwari;lat;pra;eka;parasmEpaxI;axAxiH}	as2{karwari;lat;pra;eka;parasmEpaxI;axAxiH}	aBihiwa_karwA,1.1	-	4	02	012	safkReparAmAyaNam	bAlakANda	sarga-1
7.1	.	7.1	.	-	-	-	-	4	02	012	safkReparAmAyaNam	bAlakANda	sarga-1
1.1	(saH)	1.1	(saH)	wax{sarvanAma;puM;1;eka}	wax{sarvanAma;puM;1;eka}	karwA,5.1	viSeRaNam,3.1#viSeRaNam,2.3#sup_samucciwaH,3.1#karwA_be_verbs,5.1	1	02	013	safkReparAmAyaNam	bAlakANda	sarga-1
2.1	prajA-	2.1	prajA-pawi-samaH	prajA	prajA	RaRTI-wawpuruRaH,2.2	RaRTI-wawpuruRaH,2.2	1	02	013	safkReparAmAyaNam	bAlakANda	sarga-1
2.2	pawi-	2.2	--	pawi	pawi	wqwIyA-wawpuruRaH,2.3	wqwIyA-wawpuruRaH,2.3	1	02	013	safkReparAmAyaNam	bAlakANda	sarga-1
2.3	samaH	2.3	--	sama{puM;1;eka}/sama{sarvanAma;puM;1;eka}	sama{sarvanAma;puM;1;eka}	samucciwaH,3.1	viXeya_viSeRaNam,3.1#viXeya_viSeRaNam,1.1#sup_samucciwaH,3.1#karwA_be_verbs,5.1	1	02	013	safkReparAmAyaNam	bAlakANda	sarga-1
3.1	SrImAn	3.1	SrImAn	SrImaw{puM;1;eka}/SrI{mawup;puM;1;eka}	SrImaw{puM;1;eka}	viXeya_viSeRaNam,1.1	viXeya_viSeRaNam,2.3#viXeya_viSeRaNam,1.1#karwA_be_verbs,5.1	1	02	013	safkReparAmAyaNam	bAlakANda	sarga-1
4.1	(ca)	4.1	(ca)	ca{avya}	ca{avya}	samuccaya_xyowakaH,3.1	sup_samuccaya_xyowakaH,3.1#sambanXaH,3.1	1	02	013	safkReparAmAyaNam	bAlakANda	sarga-1
5.1	(aswi)	5.1	(aswi)	as2{karwari;lat;pra;eka;parasmEpaxI;axAxiH}	as2{karwari;lat;pra;eka;parasmEpaxI;axAxiH}	aBihiwa_karwA,1.1	-	1	02	013	safkReparAmAyaNam	bAlakANda	sarga-1
6.1	.	6.1	.	-	-	-	-	1	02	013	safkReparAmAyaNam	bAlakANda	sarga-1
1.1	(saH)	1.1	(saH)	wax{sarvanAma;puM;1;eka}	wax{sarvanAma;puM;1;eka}	karwA,5.1	viSeRaNam,3.2#viSeRaNam,2.1#sup_samucciwaH,3.2#karwA_be_verbs,5.1#karwA,2.1#karma,2.1	2	02	013	safkReparAmAyaNam	bAlakANda	sarga-1
2.1	XAwA	2.1	XAwA	XA1{karwari;lut;pra;eka;parasmEpaxI;juhowyAxiH}/XA1{karwari;lut;pra;eka;AwmanepaxI;juhowyAxiH}/XA1{karmaNi;lut;pra;eka;AwmanepaxI;juhowyAxiH}/Xe1{karwari;lut;pra;eka;parasmEpaxI;BvAxiH}/Xe1{karmaNi;lut;pra;eka;AwmanepaxI;BvAxiH}/XAwq{puM;1;eka}	XAwq{puM;1;eka}	samucciwaH,3.2	viXeya_viSeRaNam,1.1#sup_samucciwaH,3.2#karwA_be_verbs,5.1	2	02	013	safkReparAmAyaNam	bAlakANda	sarga-1
3.1	ripu-	3.1	ripu-niRUxanaH	ripu	ripu	upapaxa-wawpuruRaH,3.2	upapaxa-wawpuruRaH,3.2	2	02	013	safkReparAmAyaNam	bAlakANda	sarga-1
3.2	niRUxanaH	3.2	--	niRUxana{puM;1;eka}	niRUxana{puM;1;eka}	viXeya_viSeRaNam,1.1	viXeya_viSeRaNam,2.1#viXeya_viSeRaNam,1.1#karwA_be_verbs,5.1#karwA,2.1#karma,2.1	2	02	013	safkReparAmAyaNam	bAlakANda	sarga-1
4.1	(ca)	4.1	(ca)	ca{avya}	ca{avya}	samuccaya_xyowakaH,3.2	sup_samuccaya_xyowakaH,3.2#sambanXaH,3.2	2	02	013	safkReparAmAyaNam	bAlakANda	sarga-1
5.1	(aswi)	5.1	(aswi)	as2{karwari;lat;pra;eka;parasmEpaxI;axAxiH}	as2{karwari;lat;pra;eka;parasmEpaxI;axAxiH}	aBihiwa_karwA,1.1	-	2	02	013	safkReparAmAyaNam	bAlakANda	sarga-1
6.1	.	6.1	.	-	-	-	-	2	02	013	safkReparAmAyaNam	bAlakANda	sarga-1
1.1	(saH)	1.1	(saH)	wax{sarvanAma;puM;1;eka}	wax{sarvanAma;puM;1;eka}	karwA,7.1	viSeRaNam,5.1#viSeRaNam,2.1#karwA_be_verbs,7.1#karwA,5.1#karwA,2.1#karma,2.1	3	02	013	safkReparAmAyaNam	bAlakANda	sarga-1
2.1	rakRiwA	3.1	rakRiwA	rakR1{karwari;lut;pra;eka;parasmEpaxI;BvAxiH}/rakR1{karmaNi;lut;pra;eka;AwmanepaxI;BvAxiH}/rakRiwq{puM;1;eka(rakR1;wqc;BvAxiH)}/rakRiwA{swrI;1;eka(rakR1;kwa;BvAxiH)}	rakRiwq{puM;1;eka(rakR1;wqc;BvAxiH)}	samucciwaH,5.1	viSeRaNam,5.1#sup_samucciwaH,5.1#karwA_be_verbs,7.1#karwA,5.1#viXeya_viSeRaNam,1.1	3	02	013	safkReparAmAyaNam	bAlakANda	sarga-1
3.1	jIva-	2.1	jIva-lokasya	jIva	jIva	RaRTI-wawpuruRaH,3.2	RaRTI-wawpuruRaH,3.2	3	02	013	safkReparAmAyaNam	bAlakANda	sarga-1
3.2	lokasya	2.2	--	loka{puM;6;eka}/loka{napuM;6;eka}	loka{puM;6;eka}	RaRTIsambanXaH,2.1	RaRTIsambanXaH,5.1#RaRTIsambanXaH,4.1#RaRTIsambanXaH,2.1#viSeRaNam,4.1	3	02	013	safkReparAmAyaNam	bAlakANda	sarga-1
4.1	Xarmasya	4.1	Xarmasya	Xarma{puM;6;eka}	Xarma{puM;6;eka}	RaRTIsambanXaH,5.1	RaRTIsambanXaH,5.1#RaRTIsambanXaH,2.1	3	02	013	safkReparAmAyaNam	bAlakANda	sarga-1
5.1	parirakRiwA	5.1	parirakRiwA	pari_rakR1{karwari;lut;pra;eka;parasmEpaxI;BvAxiH}/pari_rakR1{karmaNi{lut;pra;eka;AwmanepaxI;BvAxiH}/parirakRiwq{puM;1;eka(pari_rakR1;wqc;BvAxiH)}/parirakRiwA{swrI;1;eka(pari_rakR1;kwa;BvAxiH)}	parirakRiwq{puM;1;eka(pari_rakR1;wqc;BvAxiH)}	viXeya_viSeRaNam,1.1	viXeya_viSeRaNam,2.1#karwA_be_verbs,7.1#karwA,2.1#karma,2.1#viXeya_viSeRaNam,1.1#samucciwaH,2.1	3	02	013	safkReparAmAyaNam	bAlakANda	sarga-1
6.1	(ca)	6.1	(ca)	ca{avya}	ca{avya}	samuccaya_xyowakaH,5.1	sup_samuccaya_xyowakaH,5.1#samuccaya_xyowakaH,2.1#sambanXaH,5.1	3	02	013	safkReparAmAyaNam	bAlakANda	sarga-1
7.1	(aswi)	7.1	(aswi)	as2{karwari;lat;pra;eka;parasmEpaxI;axAxiH}	as2{karwari;lat;pra;eka;parasmEpaxI;axAxiH}	aBihiwa_karwA,1.1	-	3	02	013	safkReparAmAyaNam	bAlakANda	sarga-1
8.1	.	8.1	.	-	-	-	-	3	02	013	safkReparAmAyaNam	bAlakANda	sarga-1
1.1	(saH)	1.1	(saH)	wax{sarvanAma;puM;1;eka}	wax{sarvanAma;puM;1;eka}	karwA,8.1	viSeRaNam,7.1#viSeRaNam,2.1#karwA_be_verbs,8.1#karwA,7.1#karwA,2.1#karma,7.1#karma,2.1	1	02	014	safkReparAmAyaNam	bAlakANda	sarga-1
2.1	rakRiwA	4.1	rakRiwA	rakR1{karwari;lut;pra;eka;parasmEpaxI;BvAxiH}/rakR1{karmaNi;lut;pra;eka;AwmanepaxI;BvAxiH}/rakRiwq{puM;1;eka(rakR1;wqc;BvAxiH)}/rakRiwA{swrI;1;eka(rakR1;kwa;BvAxiH)}	rakRiwq{puM;1;eka(rakR1;wqc;BvAxiH)}	samucciwaH,7.1	karwA_be_verbs,8.1#karwA,7.1#karma,7.1#viXeya_viSeRaNam,1.1#samucciwaH,7.1	1	02	014	safkReparAmAyaNam	bAlakANda	sarga-1
3.1	svasya	2.1	svasya	sva{puM;6;eka}/sva{napuM;6;eka}/sva{sarvanAma;puM;6;eka}/sva{sarvanAma;napuM;6;eka}/su_as3{avya{lyap;xivAxiH}/su_as1{avya{lyap;BvAxiH}/su_as2{avya{lyap;axAxiH}	sva{puM;6;eka}	RaRTIsambanXaH,4.1	pUrvakAlaH,7.1#pUrvakAlaH,2.1#sup_samucciwaH,5.1#RaRTIsambanXaH,7.1#RaRTIsambanXaH,5.1#RaRTIsambanXaH,4.1#RaRTIsambanXaH,2.1#RaRTIsambanXaH,1.1#viSeRaNam,5.1#viSeRaNam,4.1	1	02	014	safkReparAmAyaNam	bAlakANda	sarga-1
4.1	Xarmasya	3.1	Xarmasya	Xarma{puM;6;eka}	Xarma{puM;6;eka}	RaRTIsambanXaH,2.1	sup_samucciwaH,5.1#RaRTIsambanXaH,7.1#RaRTIsambanXaH,5.1#RaRTIsambanXaH,3.1#RaRTIsambanXaH,2.1#RaRTIsambanXaH,1.1	1	02	014	safkReparAmAyaNam	bAlakANda	sarga-1
5.1	sva-	5.1	sva-janasya	sva-	sva-	RaRTI-wawpuruRaH,5.2	RaRTI-wawpuruRaH,5.2	1	02	014	safkReparAmAyaNam	bAlakANda	sarga-1
5.2	janasya	5.2	janasya	jana{puM;6;eka}	jana{puM;6;eka}	RaRTIsambanXaH,7.1	RaRTIsambanXaH,7.1#RaRTIsambanXaH,4.1#RaRTIsambanXaH,3.1#RaRTIsambanXaH,2.1#RaRTIsambanXaH,1.1	1	02	014	safkReparAmAyaNam	bAlakANda	sarga-1
6.1	ca	7.1	ca	ca{avya}	ca{avya}	samuccaya_xyowakaH,7.1	sup_samuccaya_xyowakaH,5.1#samuccaya_xyowakaH,7.1#sambanXaH,5.1#samuccaya_xyowakaH,2.1	1	02	014	safkReparAmAyaNam	bAlakANda	sarga-1
7.1	rakRiwA	6.1	rakRiwA	rakR1{karwari;lut;pra;eka;parasmEpaxI;BvAxiH}/rakR1{karmaNi;lut;pra;eka;AwmanepaxI;BvAxiH}/rakRiwq{puM;1;eka(rakR1;wqc;BvAxiH)}/rakRiwA{swrI;1;eka(rakR1;kwa;BvAxiH)}	rakRiwq{puM;1;eka(rakR1;wqc;BvAxiH)}	viXeya_viSeRaNam,1.1	viXeya_viSeRaNam,2.1#karwA_be_verbs,8.1#karwA,2.1#karma,2.1#viXeya_viSeRaNam,1.1	1	02	014	safkReparAmAyaNam	bAlakANda	sarga-1
8.1	(aswi)	8.1	(aswi)	as2{karwari;lat;pra;eka;parasmEpaxI;axAxiH}	as2{karwari;lat;pra;eka;parasmEpaxI;axAxiH}	aBihiwa_karwA,2.1	-	1	02	014	safkReparAmAyaNam	bAlakANda	sarga-1
9.1	.	9.1	.	-	-	-	-	1	02	014	safkReparAmAyaNam	bAlakANda	sarga-1
1.1	(saH)	2.1	(saH)	wax{sarvanAma;puM;1;eka}	wax{sarvanAma;puM;1;eka}	karwA,6.1	viSeRaNam,5.1#viSeRaNam,2.3#karwA_be_verbs,6.1	2	02	014	safkReparAmAyaNam	bAlakANda	sarga-1
2.1	vexa-	1.1	vexa-vexAfga-wawwvajFaH	vexa	vexa	iwarewara-xvanxvaH,2.3	iwarewara-xvanxvaH,2.3	2	02	014	safkReparAmAyaNam	bAlakANda	sarga-1
2.2	vexa-	1.2	--	vexa	vexa	RaRTI-wawpuruRaH,2.3	RaRTI-wawpuruRaH,2.3	2	02	014	safkReparAmAyaNam	bAlakANda	sarga-1
2.3	afga-	1.3	--	afga	afga	RaRTI-wawpuruRaH,2.4	RaRTI-wawpuruRaH,2.4	2	02	014	safkReparAmAyaNam	bAlakANda	sarga-1
2.4	wawwva-	1.4	--	wawwva	wawwva	upapaxa-wawpuruRaH,2.5	upapaxa-wawpuruRaH,2.5	2	02	014	safkReparAmAyaNam	bAlakANda	sarga-1
2.5	jFaH	1.5	--	jFa{puM;1;eka}	wawwvajFa{puM;1;eka}	viSeRaNam,1.1	viXeya_viSeRaNam,5.1#viXeya_viSeRaNam,1.1#karwA_be_verbs,6.1#viSeRaNam,1.1	2	02	014	safkReparAmAyaNam	bAlakANda	sarga-1
3.1	Xanurvexe	3.1	Xanurvexe	Xanurvexa{puM;7;eka}	Xanurvexa{puM;7;eka}	aXikaraNam,5.1	aXikaraNam,6.1#aXikaraNam,5.1	2	02	014	safkReparAmAyaNam	bAlakANda	sarga-1
4.1	ca	5.1	ca	ca{avya}	ca{avya}	sambanXaH,3.1	sambanXaH,3.1	2	02	014	safkReparAmAyaNam	bAlakANda	sarga-1
5.1	niRTiwaH	4.1	niRTiwaH	niRTiwa{puM;1;eka(ni_RWA1;kwa;BvAxiH)}	niRTiwa{puM;1;eka(ni_RWA1;kwa;BvAxiH)}	viXeya_viSeRaNam,1.1	viXeya_viSeRaNam,2.3#viXeya_viSeRaNam,1.1#karwA_be_verbs,6.1	2	02	014	safkReparAmAyaNam	bAlakANda	sarga-1
6.1	(aswi)	6.1	(aswi)	as2{karwari;lat;pra;eka;parasmEpaxI;axAxiH}	as2{karwari;lat;pra;eka;parasmEpaxI;axAxiH}	aBihiwa_karwA,1.1	-	2	02	014	safkReparAmAyaNam	bAlakANda	sarga-1
7.1	.	7.1	.	-	-	-	-	2	02	014	safkReparAmAyaNam	bAlakANda	sarga-1
1.1	(saH)	1.1	(saH)	wax{sarvanAma;puM;1;eka}	wax{sarvanAma;puM;1;eka}	karwA,5.1	viSeRaNam,2.4#sup_samucciwaH,3.1#karwA_be_verbs,5.1	1	02	015	safkReparAmAyaNam	bAlakANda	sarga-1
2.1	sarva-	2.1	sarva-SAswra-arWa-wawwvajFaH	sarva	sarva	karmaXArayaH,2.2	karmaXArayaH,2.2	1	02	015	safkReparAmAyaNam	bAlakANda	sarga-1
2.2	SAswra-	2.2	--	SAswra	SAswra	RaRTI-wawpuruRaH,2.3	RaRTI-wawpuruRaH,2.3	1	02	015	safkReparAmAyaNam	bAlakANda	sarga-1
2.3	arWa-	2.3	--	arWa	arWa	RaRTI-wawpuruRaH,2.4	RaRTI-wawpuruRaH,2.4	1	02	015	safkReparAmAyaNam	bAlakANda	sarga-1
2.4	wawwva-	2.4	--	wawwva{puM;1;eka}/wawwva	wawwva	upapaxa-wawpuruRaH,2.5	upapaxa-wawpuruRaH,2.5	1	02	015	safkReparAmAyaNam	bAlakANda	sarga-1
2.5	jFaH	2.5	--	jFa{puM;1;eka}	jFa{puM;1;eka}	samucciwaH,3.1	viXeya_viSeRaNam,3.1#viXeya_viSeRaNam,1.1#sup_samucciwaH,3.1#karwA_be_verbs,5.1	1	02	015	safkReparAmAyaNam	bAlakANda	sarga-1
3.1	smqwimAn	3.1	smqwimAn	smqwi{mawup;puM;1;eka}	smqwi{mawup;puM;1;eka}	viXeya_viSeRaNam,1.1	viXeya_viSeRaNam,2.4#viXeya_viSeRaNam,1.1#karwA_be_verbs,5.1	1	02	015	safkReparAmAyaNam	bAlakANda	sarga-1
4.1	(ca)	4.1	(ca)	ca{avya}	ca{avya}	samuccaya_xyowakaH,3.1	sup_samuccaya_xyowakaH,3.1#sambanXaH,3.1	1	02	015	safkReparAmAyaNam	bAlakANda	sarga-1
5.1	(aswi)	5.1	(aswi)	as2{karwari;lat;pra;eka;parasmEpaxI;axAxiH}	as2{karwari;lat;pra;eka;parasmEpaxI;axAxiH}	aBihiwa_karwA,1.1	-	1	02	015	safkReparAmAyaNam	bAlakANda	sarga-1
6.1	.	6.1	.	-	-	-	-	1	02	015	safkReparAmAyaNam	bAlakANda	sarga-1
1.1	(saH)	1.1	(saH)	wax{sarvanAma;puM;1;eka}	wax{sarvanAma;puM;1;eka}	karwA,5.1	viSeRaNam,3.3#sup_samucciwaH,3.3#karwA_be_verbs,5.1	2	02	015	safkReparAmAyaNam	bAlakANda	sarga-1
2.1	prawiBAnavAn	2.1	prawiBAnavAn	prawiBAnavaw{puM;1;eka(prawi_BA;lyut;mawup)}	prawiBAnavaw{puM;1;eka(prawi_BA;lyut;mawup)}	samucciwaH,3.3	viXeya_viSeRaNam,1.1#viSeRaNam,3.3#sup_samucciwaH,3.3#karwA_be_verbs,5.1	2	02	015	safkReparAmAyaNam	bAlakANda	sarga-1
3.1	sarva-	3.1	sarva-loka-priyaH	sarva	sarva	karmaXArayaH,3.2	karmaXArayaH,3.2	2	02	015	safkReparAmAyaNam	bAlakANda	sarga-1
3.2	loka-	3.2	--	loka	loka	RaRTI-bahuvrIhiH,3.3	RaRTI-bahuvrIhiH,3.3	2	02	015	safkReparAmAyaNam	bAlakANda	sarga-1
3.3	priyaH	3.3	--	priya{puM;1;eka}	priya{puM;1;eka}	viXeya_viSeRaNam,1.1	viXeya_viSeRaNam,2.1#viXeya_viSeRaNam,1.1#karwA_be_verbs,5.1	2	02	015	safkReparAmAyaNam	bAlakANda	sarga-1
4.1	(ca)	4.1	(ca)	ca{avya}	ca{avya}	samuccaya_xyowakaH,3.3	sup_samuccaya_xyowakaH,3.3#sambanXaH,3.3	2	02	015	safkReparAmAyaNam	bAlakANda	sarga-1
5.1	(aswi)	5.1	(aswi)	as2{karwari;lat;pra;eka;parasmEpaxI;axAxiH}	as2{karwari;lat;pra;eka;parasmEpaxI;axAxiH}	aBihiwa_karwA,1.1	-	2	02	015	safkReparAmAyaNam	bAlakANda	sarga-1
6.1	.	6.1	.	-	-	-	-	2	02	015	safkReparAmAyaNam	bAlakANda	sarga-1
1.1	(saH)	1.1	(saH)	wax{sarvanAma;puM;1;eka}	wax{sarvanAma;puM;1;eka}	karwA,6.1	viSeRaNam,4.1#viSeRaNam,3.2#viSeRaNam,2.1#sup_samucciwaH,4.1#karwA_be_verbs,6.1	3	02	015	safkReparAmAyaNam	bAlakANda	sarga-1
2.1	sAXuH	2.1	sAXuH	sAXu{puM;1;eka}	sAXu{puM;1;eka}	samucciwaH,4.1	viXeya_viSeRaNam,4.1#viXeya_viSeRaNam,3.2#viXeya_viSeRaNam,1.1#sup_samucciwaH,4.1#karwA_be_verbs,6.1	3	02	015	safkReparAmAyaNam	bAlakANda	sarga-1
3.1	a-	3.1	a-xIna-AwmA	a-	a-	naF-wawpuruRaH,3.2	naF-wawpuruRaH,3.2	3	02	015	safkReparAmAyaNam	bAlakANda	sarga-1
3.2	xIna-	3.2	-	xIna	xIna	RaRTI-bahuvrIhiH,3.3	RaRTI-bahuvrIhiH,3.3	3	02	015	safkReparAmAyaNam	bAlakANda	sarga-1
3.3	AwmA	3.3	--	Awman{puM;1;eka}	Awman{puM;1;eka}	samucciwaH,4.1	viXeya_viSeRaNam,4.1#viXeya_viSeRaNam,2.1#viXeya_viSeRaNam,1.1#sup_samucciwaH,4.1#karwA_be_verbs,6.1	3	02	015	safkReparAmAyaNam	bAlakANda	sarga-1
4.1	vicakRaNaH	4.1	vicakRaNaH	vicakRaNa{puM;1;eka}	vicakRaNa{puM;1;eka}	viXeya_viSeRaNam,1.1	viXeya_viSeRaNam,3.2#viXeya_viSeRaNam,2.1#viXeya_viSeRaNam,1.1#karwA_be_verbs,6.1	3	02	015	safkReparAmAyaNam	bAlakANda	sarga-1
5.1	(ca)	5.1	(ca)	ca{avya}	ca{avya}	samuccaya_xyowakaH,4.1	sup_samuccaya_xyowakaH,4.1#sambanXaH,4.1	3	02	015	safkReparAmAyaNam	bAlakANda	sarga-1
6.1	(aswi)	6.1	(aswi)	as2{karwari;lat;pra;eka;parasmEpaxI;axAxiH}	as2{karwari;lat;pra;eka;parasmEpaxI;axAxiH}	aBihiwa_karwA,1.1	-	3	02	015	safkReparAmAyaNam	bAlakANda	sarga-1
7.1	.	7.1	.	-	-	-	-	3	02	015	safkReparAmAyaNam	bAlakANda	sarga-1
1.1	(saH)	1.1	(saH)	wax{sarvanAma;puM;1;eka}	wax{sarvanAma;puM;1;eka}	karma,3.1	viSeRaNam,5.1#viSeRaNam,3.1#karma,3.1	1	02	016	safkReparAmAyaNam	bAlakANda	sarga-1
2.1	sarvaxA	2.1	sarvaxA	sarvaxA{avya}	sarvaxA{avya}	kAlAXikaraNam,3.1	kAlAXikaraNam,3.1	1	02	016	safkReparAmAyaNam	bAlakANda	sarga-1
3.1	aBigawaH	7.1	aBigawaH	aBigawa{puM;1;eka(aBi_gam1;kwa;BvAxiH)}	aBigawa{puM;1;eka(aBi_gam1;kwa;BvAxiH)}	-	-	1	02	016	safkReparAmAyaNam	bAlakANda	sarga-1
4.1	saxBiH	6.1	saxBiH	saw{puM;3;bahu}/saw{napuM;3;bahu(as2;Sawq_lat;axAxiH)}/saw{puM;3;bahu(as2;Sawq_lat;axAxiH)}	saw{puM;3;bahu}	karwA,3.1	karwA,3.1#karaNam,3.1#hewuH,3.1	1	02	016	safkReparAmAyaNam	bAlakANda	sarga-1
5.1	samuxraH	4.1	samuxraH	samuxra{puM;1;eka}	samuxra{puM;1;eka}	upamAnam,1.1	viXeya_viSeRaNam,3.1#viXeya_viSeRaNam,1.1#upamAnam,1.1#karma,3.1	1	02	016	safkReparAmAyaNam	bAlakANda	sarga-1
6.1	iva	5.1	iva	iva{avya}	iva{avya}	upamAna_xyowakaH,5.1	upamAna_xyowakaH,7.1#upamAna_xyowakaH,5.1	1	02	016	safkReparAmAyaNam	bAlakANda	sarga-1
7.1	sinXuBiH	3.1	sinXuBiH	sinXu{puM;3;bahu}	sinXu{puM;3;bahu}	upamAnam,4.1	upamAnam,4.1#karwA,3.1#karaNam,3.1#hewuH,4.1#hewuH,3.1	1	02	016	safkReparAmAyaNam	bAlakANda	sarga-1
8.1	.	8.1	.	-	-	-	-	1	02	016	safkReparAmAyaNam	bAlakANda	sarga-1
1.1	(saH)	1.1	(saH)	wax{sarvanAma;puM;1;eka}	wax{sarvanAma;puM;1;eka}	viSeRaNam,2.1	viSeRaNam,8.2#viSeRaNam,3.2#viSeRaNam,2.1#sup_samucciwaH,8.2#sup_samucciwaH,3.2#karwA_be_verbs,9.1	2	02	016	safkReparAmAyaNam	bAlakANda	sarga-1
10.1	.	10.1	.	-	-	-	-	2	02	016	safkReparAmAyaNam	bAlakANda	sarga-1
2.1	AryaH	2.1	AryaH	Arya{puM;1;eka}	Arya{puM;1;eka}	karwA,9.1	viXeya_viSeRaNam,8.2#viXeya_viSeRaNam,3.2#viXeya_viSeRaNam,1.1#sup_samucciwaH,8.2#sup_samucciwaH,3.2#karwA_be_verbs,9.1	2	02	016	safkReparAmAyaNam	bAlakANda	sarga-1
3.1	sarva-	3.1	sarva-samaH	sarva	sarva	sapwamI_wawpuruRaH,3.2	wqwIyA_wawpuruRaH,3.2#sapwamI_wawpuruRaH,3.2	2	02	016	safkReparAmAyaNam	bAlakANda	sarga-1
3.2	samaH	3.2	--	sama{puM;1;eka}/sama{sarvanAma;puM;1;eka}	sama{sarvanAma;puM;1;eka}	samucciwaH,8.2	viXeya_viSeRaNam,8.2#viXeya_viSeRaNam,2.1#viXeya_viSeRaNam,1.1#sup_samucciwaH,8.2#karwA_be_verbs,9.1	2	02	016	safkReparAmAyaNam	bAlakANda	sarga-1
4.1	ca	7.1	ca	ca{avya}	ca{avya}	samuccaya_xyowakaH,8.2	sup_samuccaya_xyowakaH,3.2#sambanXaH,3.2#samuccaya_xyowakaH,8.2	2	02	016	safkReparAmAyaNam	bAlakANda	sarga-1
5.1	eva	8.1	eva	eva{avya}	eva{avya}	sambanXaH,4.1	sambanXaH,4.1	2	02	016	safkReparAmAyaNam	bAlakANda	sarga-1
6.1	saxA	4.1	saxA	saxA{avya}	saxA{avya}	kAlAXikaraNam,8.2	kAlAXikaraNam,9.1#kAlAXikaraNam,8.2	2	02	016	safkReparAmAyaNam	bAlakANda	sarga-1
7.1	eva	5.1	eva	eva{avya}	eva{avya}	sambanXaH,6.1	sambanXaH,6.1	2	02	016	safkReparAmAyaNam	bAlakANda	sarga-1
8.1	priya-	6.1	priya-xarSanaH	priya	priya	RaRTI-bahuvrIhiH,8.2	RaRTI-bahuvrIhiH,8.2	2	02	016	safkReparAmAyaNam	bAlakANda	sarga-1
8.2	xarSanaH	6.2	--	xarSana{puM;1;eka}/xarSana{puM;1;eka(xqS;lyut;BvAxiH)}	xarSana{puM;1;eka(xqS;lyut;BvAxiH)}	viXeya_viSeRaNam,2.1	viXeya_viSeRaNam,3.2#viXeya_viSeRaNam,2.1#viXeya_viSeRaNam,1.1#sup_samucciwaH,3.2#karwA_be_verbs,9.1	2	02	016	safkReparAmAyaNam	bAlakANda	sarga-1
9.1	(aswi)	9.1	(aswi)	as2{karwari;lat;pra;eka;parasmEpaxI;axAxiH}	as2{karwari;lat;pra;eka;parasmEpaxI;axAxiH}	aBihiwa_karwA,2.1	-	2	02	016	safkReparAmAyaNam	bAlakANda	sarga-1
1.1	saH	1.1	saH	wax{sarvanAma;puM;1;eka}	wax{sarvanAma;puM;1;eka}	karwA,6.1	viSeRaNam,2.3#viSeRaNam,3.3#sup_samucciwaH,2.3#karwA_be_verbs,6.1	1	02	017	safkReparAmAyaNam	bAlakANda	sarga-1
2.1	ca	2.1	ca	ca{avya}	ca{avya}	sambanXaH,1.1	sambanXaH,1.1	1	02	017	safkReparAmAyaNam	bAlakANda	sarga-1
3.1	sarva-	3.1	sarva-guNa-upewaH	sarva	sarva	karmaXArayaH,3.2	karmaXArayaH,3.2	1	02	017	safkReparAmAyaNam	bAlakANda	sarga-1
3.2	guNa-	3.2	--	guNa	guNa	wqwIyA-wawpuruRaH,3.3	wqwIyA-wawpuruRaH,3.3	1	02	017	safkReparAmAyaNam	bAlakANda	sarga-1
3.3	upewaH	3.3	--	upa_i1{karwari;lat;pra;xvi;parasmEpaxI;axAxiH}/upewa{puM;1;eka(upa_i1;kwa;axAxiH)}	upewa{puM;1;eka(upa_i1;kwa;axAxiH)}	samucciwaH,4.3	viXeya_viSeRaNam,1.1#viSeRaNam,4.3#karwA_be_verbs,6.1#samucciwaH,6.1#samucciwaH,4.1#samucciwaH,4.3	1	02	017	safkReparAmAyaNam	bAlakANda	sarga-1
4.1	kOsalyA-	4.1	kOsalyA-Ananxa-varXanaH	kOsalyA	kOsalyA	RaRTI-wawpuruRaH,4.2	RaRTI-wawpuruRaH,4.2	1	02	017	safkReparAmAyaNam	bAlakANda	sarga-1
4.2	Ananxa-	4.2	--	Ananxa	Ananxa	RaRTI-wawpuruRaH,4.3	RaRTI-wawpuruRaH,4.3	1	02	017	safkReparAmAyaNam	bAlakANda	sarga-1
4.3	varXanaH	4.3	--	varXana{puM;1;eka}	varXana{puM;1;eka}	viXeya_viSeRaNam,1.1	viXeya_viSeRaNam,3.3#viXeya_viSeRaNam,1.1#karwA_be_verbs,6.1#karwA,3.3	1	02	017	safkReparAmAyaNam	bAlakANda	sarga-1
5.1	(ca)	5.1	(ca)	ca{avya}	ca{avya}	samuccaya_xyowakaH,4.3	sup_samuccaya_xyowakaH,4.3#samuccaya_xyowakaH,6.1#sambanXaH,4.3#samuccaya_xyowakaH,6.1#samuccaya_xyowakaH,4.1#samuccaya_xyowakaH,4.3	1	02	017	safkReparAmAyaNam	bAlakANda	sarga-1
6.1	(aswi)	6.1	(aswi)	as2{karwari;lat;pra;eka;parasmEpaxI;axAxiH}	as2{karwari;lat;pra;eka;parasmEpaxI;axAxiH}	aBihiwa_karwA,1.1	-	1	02	017	safkReparAmAyaNam	bAlakANda	sarga-1
7.1	.	7.1	.	-	-	-	-	1	02	017	safkReparAmAyaNam	bAlakANda	sarga-1
1.1	(saH)	1.1	(saH)	wax{sarvanAma;puM;1;eka}	wax{sarvanAma;puM;1;eka}	karwA,5.1	viSeRaNam,2.1#karwA_be_verbs,5.1	2	02	017	safkReparAmAyaNam	bAlakANda	sarga-1
2.1	samuxraH	3.1	samuxraH	samuxra{puM;1;eka}	samuxra{puM;1;eka}	upamAnam,1.1	viXeya_viSeRaNam,1.1#upamAnam,4.1#upamAnam,1.1#karwA_be_verbs,5.1	2	02	017	safkReparAmAyaNam	bAlakANda	sarga-1
3.1	iva	4.1	iva	iva{avya}	iva{avya}	upamAna_xyowakaH,2.1	upamAna_xyowakaH,4.1#upamAna_xyowakaH,2.1	2	02	017	safkReparAmAyaNam	bAlakANda	sarga-1
4.1	gAmBIrye	2.1	gAmBIrye	gAmBIrya{napuM;1;xvi}/gAmBIrya{napuM;2;xvi}/gAmBIrya{napuM;8;xvi}/gAmBIrya{napuM;7;eka}	gAmBIrya{napuM;7;eka}	viRayAXikaraNam,5.1	aXikaraNam,5.1#upamAnam,1.1#viRayAXikaraNam,5.1	2	02	017	safkReparAmAyaNam	bAlakANda	sarga-1
5.1	(aswi)	5.1	(aswi	as2{karwari;lat;pra;eka;parasmEpaxI;axAxiH}	as2{karwari;lat;pra;eka;parasmEpaxI;axAxiH}	aBihiwa_karwA,1.1	-	2	02	017	safkReparAmAyaNam	bAlakANda	sarga-1
6.1	.	6.1	.	-	-	-	-	2	02	017	safkReparAmAyaNam	bAlakANda	sarga-1
1.1	(saH)	1.1	(saH)	wax{sarvanAma;puM;1;eka}	wax{sarvanAma;puM;1;eka}	karwA,5.1	karwA_be_verbs,5.1	3	02	017	safkReparAmAyaNam	bAlakANda	sarga-1
2.1	XEryeNa	4.1	--	XErya{napuM;3;eka}	XErya{napuM;3;eka}	?,5.1	hewuH,5.1#viRayAXikaraNam,5.1	3	02	017	safkReparAmAyaNam	bAlakANda	sarga-1
3.1	himavAn	2.1	--	hima{mawup;puM;1;eka}	hima{mawup;puM;1;eka}	upamAnam,1.1	viXeya_viSeRaNam,1.1#upamAnam,1.1#karwA_be_verbs,5.1	3	02	017	safkReparAmAyaNam	bAlakANda	sarga-1
4.1	iva	3.1	--	iva{avya}	iva{avya}	upamAna_xyowakaH,3.1	upamAna_xyowakaH,3.1	3	02	017	safkReparAmAyaNam	bAlakANda	sarga-1
5.1	(aswi)	5.1	--	as2{karwari;lat;pra;eka;parasmEpaxI;axAxiH}	as2{karwari;lat;pra;eka;parasmEpaxI;axAxiH}	aBihiwa_karwA,1.1	-	3	02	017	safkReparAmAyaNam	bAlakANda	sarga-1
6.1	.	6.1	-	-	-	-	-	3	02	017	safkReparAmAyaNam	bAlakANda	sarga-1
1.1	(saH)	1.1	(saH)	wax{sarvanAma;puM;1;eka}	wax{sarvanAma;puM;1;eka}	karwA,5.1	viSeRaNam,3.1#karwA_be_verbs,5.1	1	02	018	safkReparAmAyaNam	bAlakANda	sarga-1
2.1	viRNunA	3.1	viRNunA	viRNu{puM;3;eka}/viRNu{napuM;3;eka}	viRNu{puM;3;eka}	wulanA_binxuH,3.1	wulanA_binxuH,3.1#hewuH,5.1	1	02	018	safkReparAmAyaNam	bAlakANda	sarga-1
3.1	saxqSaH	4.1	saxqSaH	saxqS{puM;1;bahu}/saxqS{puM;2;bahu}/saxqS{puM;5;eka}/saxqS{puM;6;eka}/saxqS{napuM;1;bahu}/saxqS{napuM;2;bahu}/saxqS{napuM;5;eka}/saxqS{napuM;6;eka}/saxqSa{puM;1;eka}/saxqS{puM;8;bahu}/saxqS{napuM;8;bahu}	saxqSa{puM;1;eka}	viXeya_viSeRaNam,1.1	samboXyaH,5.1#viXeya_viSeRaNam,1.1#karwA_be_verbs,5.1#RaRTIsambanXaH,4.1#RaRTIsambanXaH,2.1#hewuH5,5.1	1	02	018	safkReparAmAyaNam	bAlakANda	sarga-1
4.1	vIrye	2.1	vIrye	vIrya{napuM;1;xvi}/vIrya{napuM;2;xvi}/vIrya{napuM;8;xvi}/vIrya{napuM;7;eka}	vIrya{napuM;7;eka}	aXikaraNam,5.1	aXikaraNam,5.1	1	02	018	safkReparAmAyaNam	bAlakANda	sarga-1
5.1	(aswi)	5.1	(aswi)	as2{karwari;lat;pra;eka;parasmEpaxI;axAxiH}	as2{karwari;lat;pra;eka;parasmEpaxI;axAxiH}	aBihiwa_karwA,1.1	-	1	02	018	safkReparAmAyaNam	bAlakANda	sarga-1
6.1	.	6.1	.	-	-	-	-	1	02	018	safkReparAmAyaNam	bAlakANda	sarga-1
1.1	(saH)	1.1	(saH)	wax{sarvanAma;puM;1;eka}	wax{sarvanAma;puM;1;eka}	karwA,5.1	viSeRaNam,3.2#sup_samucciwaH,3.2#karwA_be_verbs,5.1	2	02	018	safkReparAmAyaNam	bAlakANda	sarga-1
2.1	somavaw	2.1	somavaw	soma{avya;vaw}/soman{avya;vaw}/soma{mawup;napuM;1;eka}/soma{mawup;napuM;2;eka}/soman{mawup;napuM;1;eka}/soman{mawup;napuM;2;eka}	soma{mawup;napuM;1;eka}	upamAnam,1.1	upamAna,1.1#sup_samucciwaH,3.2#karwA_be_verbs,5.1#kriyAviSeRaNam,5.1#upamAnam,1.1	2	02	018	safkReparAmAyaNam	bAlakANda	sarga-1
3.1	priya-	3.1	priya-xarSanaH	priya	priya	RaRTI-bahuvrIhiH,3.2	RaRTI-bahuvrIhiH,3.2	2	02	018	safkReparAmAyaNam	bAlakANda	sarga-1
3.2	xarSanaH	3.2	--	xarSana{puM;1;eka}	xarSana{puM;1;eka}	viXeya_viSeRaNam,1.1	viXeya_viSeRaNam,2.1#viXeya_viSeRaNam,1.1#karwA_be_verbs,5.1	2	02	018	safkReparAmAyaNam	bAlakANda	sarga-1
4.1	(ca)	4.1	(ca)	ca{avya}	ca{avya}	samuccaya_xyowakaH,3.2	sup_samuccaya_xyowakaH,3.2#sambanXaH,3.2	2	02	018	safkReparAmAyaNam	bAlakANda	sarga-1
5.1	(aswi)	5.1	(aswi)	as2{karwari;lat;pra;eka;parasmEpaxI;axAxiH}	as2{karwari;lat;pra;eka;parasmEpaxI;axAxiH}	aBihiwa_karwA,1.1	-	2	02	018	safkReparAmAyaNam	bAlakANda	sarga-1
6.1	.	6.1	.	-	-	-	-	2	02	018	safkReparAmAyaNam	bAlakANda	sarga-1
1.1	(saH)	1.1	(saH)	wax{sarvanAma;puM;1;eka}	wax{sarvanAma;puM;1;eka}	karwA,4.1	viSeRaNam,2.2#karwA_be_verbs,4.1	3	02	018	safkReparAmAyaNam	bAlakANda	sarga-1
2.1	kAlAgni-	3.1	kAlAgni-saxqSaH	kAlAgni	kAlAgni	karmaXArayaH,2.2	karmaXArayaH,2.2	3	02	018	safkReparAmAyaNam	bAlakANda	sarga-1
2.2	saxqSaH	3.2	--	saxqS{puM;1;bahu}/saxqS{puM;2;bahu}/saxqS{puM;5;eka}/saxqS{puM;6;eka}/saxqS{napuM;1;bahu}/saxqS{napuM;2;bahu}/saxqS{napuM;5;eka}/saxqS{napuM;6;eka}/saxqSa{puM;1;eka}/saxqS{puM;8;bahu}/saxqS{napuM;8;bahu}	saxqSa{puM;1;eka}	viXeya_viSeRaNam,1.1	samboXyaH,4.1#viXeya_viSeRaNam,1.1#viSeRaNam,4.1#RaRTIsambanXaH,3.1#hewuH5,4.1	3	02	018	safkReparAmAyaNam	bAlakANda	sarga-1
3.1	kroXe	2.1	kroXe	kroXa{puM;7;eka}/kroXa{napuM;7;eka}	kroXa{puM;7;eka}	aXikaraNam,4.1	aXikaraNam,4.1	3	02	018	safkReparAmAyaNam	bAlakANda	sarga-1
4.1	(aswi)	4.1	(aswi)	as2{karwari;lat;pra;eka;parasmEpaxI;axAxiH}	as2{karwari;lat;pra;eka;parasmEpaxI;axAxiH}	aBihiwa_karwA,1.1	-	3	02	018	safkReparAmAyaNam	bAlakANda	sarga-1
5.1	.	5.1	.	-	-	-	-	3	02	018	safkReparAmAyaNam	bAlakANda	sarga-1
1.1	(saH)	1.1	(saH)	wax{sarvanAma;puM;1;eka}	wax{sarvanAma;puM;1;eka}	karwA,4.1	viSeRaNam,3.2#karwA_be_verbs,4.1	4	02	018	safkReparAmAyaNam	bAlakANda	sarga-1
2.1	kRamayA	2.1	kRamayA	kRamA{swrI;3;eka}	kRamA{swrI;3;eka}	hewuH,4.1	hewuH,4.1	4	02	018	safkReparAmAyaNam	bAlakANda	sarga-1
3.1	pqWivI-	3.1	pqWivI-samaH	pqWivI	pqWivI	wqwIyA-wawpuruRaH,3.2	wqwIyA-wawpuruRaH,3.2	4	02	018	safkReparAmAyaNam	bAlakANda	sarga-1
3.2	samaH	3.2	--	sama{puM;1;eka}/sama{sarvanAma;puM;1;eka}	sama{puM;1;eka}	viXeya_viSeRaNam,1.1	viXeya_viSeRaNam,1.1#karwA_be_verbs,4.1	4	02	018	safkReparAmAyaNam	bAlakANda	sarga-1
4.1	(aswi)	4.1	(aswi)	as2{karwari;lat;pra;eka;parasmEpaxI;axAxiH}	as2{karwari;lat;pra;eka;parasmEpaxI;axAxiH}	aBihiwa_karwA,1.1	-	4	02	018	safkReparAmAyaNam	bAlakANda	sarga-1
5.1	.	5.1	.	-	-	-	-	4	02	018	safkReparAmAyaNam	bAlakANda	sarga-1
1.1	(saH)	1.1	(saH)	wax{sarvanAma;puM;1;eka}	wax{sarvanAma;puM;1;eka}	karwA,5.1	viSeRaNam,3.1#karwA_be_verbs,5.1	1	02	019	safkReparAmAyaNam	bAlakANda	sarga-1
2.1	Xanaxena	3.1	Xanaxena	Xanaxa{puM;3;eka}/Xanaxa{napuM;3;eka}	Xanaxa{puM;3;eka}	wulanA_binxuH,3.1	wulanA_binxuH,3.1#hewuH,5.1	1	02	019	safkReparAmAyaNam	bAlakANda	sarga-1
3.1	samaH	4.1	samaH	sama{puM;1;eka}/sama{sarvanAma;puM;1;eka}	sama{sarvanAma;puM;1;eka}	viXeya_viSeRaNam,1.1	viXeya_viSeRaNam,1.1	1	02	019	safkReparAmAyaNam	bAlakANda	sarga-1
4.1	wyAge	2.1	wyAge	wyAga{puM;7;eka}	wyAga{puM;7;eka}	aXikaraNam,5.1	viRayAXikaraNam,3.1#aXikaraNam,5.1	1	02	019	safkReparAmAyaNam	bAlakANda	sarga-1
5.1	(aswi)	5.1	(aswi)	as2{karwari;lat;pra;eka;parasmEpaxI;axAxiH}	as2{karwari;lat;pra;eka;parasmEpaxI;axAxiH}	aBihiwa_karwA,1.1	-	1	02	019	safkReparAmAyaNam	bAlakANda	sarga-1
6.1	.	6.1	.	-	-	-	-	1	02	019	safkReparAmAyaNam	bAlakANda	sarga-1
1.1	(saH)	1.1	(saH)	wax{sarvanAma;puM;1;eka}	wax{sarvanAma;puM;1;eka}	karwA,6.1	viSeRaNam,5.1#viSeRaNam,3.1#karwA_be_verbs,6.1	2	02	019	safkReparAmAyaNam	bAlakANda	sarga-1
2.1	sawye	2.1	sawye	sawyA{swrI;8;eka}/sawya{puM;7;eka}/sawya{napuM;7;eka}	sawya{puM;7;eka}	aXikaraNam,6.1	aXikaraNam,6.1#samboXyaH,6.1	2	02	019	safkReparAmAyaNam	bAlakANda	sarga-1
3.1	XarmaH	3.1	XarmaH	Xarma{puM;1;eka}	Xarma{puM;1;eka}	upamAnam,5.1	viXeya_viSeRaNam,1.1#upamAnam,1.1#karwA_be_verbs,6.1#upamAnam,5.1	2	02	019	safkReparAmAyaNam	bAlakANda	sarga-1
4.1	iva	4.1	iva	iva{avya}	iva{avya}	upamAna_xyowakaH,3.1	upamAna_xyowakaH,3.1	2	02	019	safkReparAmAyaNam	bAlakANda	sarga-1
5.1	aparaH	5.1	aparaH	apara{puM;1;eka}/apara{sarvanAma;puM;1;eka}	apara{puM;1;eka}	viXeya_viSeRaNam,1.1	viXeya_viSeRaNam,3.1#viXeya_viSeRaNam,1.1#karwA_be_verbs,6.1	2	02	019	safkReparAmAyaNam	bAlakANda	sarga-1
6.1	(aswi)	6.1	(aswi)	as2{karwari;lat;pra;eka;parasmEpaxI;axAxiH}	as2{karwari;lat;pra;eka;parasmEpaxI;axAxiH}	aBihiwa_karwA,1.1	-	2	02	019	safkReparAmAyaNam	bAlakANda	sarga-1
7.1	.	7.1	.	-	-	-	-	2	02	019	safkReparAmAyaNam	bAlakANda	sarga-1
1.1	mahI-	19.1	mahI-pawiH	mahI	mahI	RaRTI-wawpuruRaH,1.2	RaRTI-wawpuruRaH,1.2	1	02	019_3-21_1	safkReparAmAyaNam	bAlakANda	sarga-1
1.2	pawiH	19.2	--	pawi{puM;1;eka}	pawi{puM;1;eka}	viSeRaNam,2.1	sup_samucciwaH,13.1#karwA,20.1#aBexaH,2.1#viSeRaNam,2.1	1	02	019_3-21_1	safkReparAmAyaNam	bAlakANda	sarga-1
10.1	yukwam	13.1	--	yukwa{puM;2;eka(yuj1;kwa;xivAxiH)}/yukwa{napuM;1;eka(yuj1;kwa;xivAxiH)}/yukwa{napuM;2;eka(yuj1;kwa;xivAxiH)}/yukwa{puM;2;eka(yuj2;kwa;ruXAxiH)}/yukwa{napuM;1;eka(yuj2;kwa;ruXAxiH)}/yukwa{napuM;2;eka(yuj2;kwa;ruXAxiH)}	yukwa{puM;2;eka(yuj2;kwa;ruXAxiH)}	viSeRaNam,15.1	viSeRaNam,13.1#viSeRaNam,12.1#viSeRaNam,11.1#karma,20.1#karma,19.1#karma,13.1#viSeRaNam,15.1	1	02	019_3-21_1	safkReparAmAyaNam	bAlakANda	sarga-1
11.1	priyam	8.1	--	priya{puM;2;eka}/priya{napuM;1;eka}/priya{napuM;2;eka}	priya{puM;2;eka}	viSeRaNam,13.1	viSeRaNam,13.1#viSeRaNam,12.1#sup_samucciwaH,13.1#karma,20.1#karma,19.1#karma,13.1#viSeRaNam,15.1	1	02	019_3-21_1	safkReparAmAyaNam	bAlakANda	sarga-1
12.1	jyeRTam	5.1	--	jyeRTa{puM;2;eka}/jyeRTa{napuM;1;eka}/jyeRTa{napuM;2;eka}	jyeRTa{puM;2;eka}	viSeRaNam,13.1	viSeRaNam,13.1#sup_samucciwaH,13.1#karma,20.1#karma,19.1#karma,13.1#viSeRaNam,15.1	1	02	019_3-21_1	safkReparAmAyaNam	bAlakANda	sarga-1
13.1	suwam	10.1	--	Ru2{karwari;lot;ma;xvi;parasmEpaxI;axAxiH}/suwa{puM;2;eka}/suwa{napuM;1;eka}/suwa{napuM;2;eka}	suwa{puM;2;eka}	aBexaH,15.1	karma,20.1#karma,19.1#aBexaH,15.1	1	02	019_3-21_1	safkReparAmAyaNam	bAlakANda	sarga-1
14.1	(ca)	20.1	--	ca{avya}	ca{avya}	sambanXaH,13.1	sup_samuccaya_xyowakaH,13.1#sambanXaH,13.1	1	02	019_3-21_1	safkReparAmAyaNam	bAlakANda	sarga-1
15.1	rAmam	3.1	--	rAma{puM;2;eka}	rAma{puM;2;eka}	karma,19.1	sup_samucciwaH,13.1#karma,20.1#karma,19.1	1	02	019_3-21_1	safkReparAmAyaNam	bAlakANda	sarga-1
16.1	prakqwi-	14.1	--	prakqwi	prakqwi	RaRTI-wawpuruRaH,16.2	RaRTI-wawpuruRaH,16.2	1	02	019_3-21_1	safkReparAmAyaNam	bAlakANda	sarga-1
16.2	priya-	14.2	--	priya	priya	upapaxa-wawpuruRaH,16.3	upapaxa-wawpuruRaH,16.3	1	02	019_3-21_1	safkReparAmAyaNam	bAlakANda	sarga-1
16.3	kAmyayA	14.3	--	kAmyA{swrI;3;eka(kam1;Nyaw;BvAxiH)}	kAmyA{swrI;3;eka(kam1;Nyaw;BvAxiH)}	hewuH,19.1	hewuH,20.1#hewuH,19.1	1	02	019_3-21_1	safkReparAmAyaNam	bAlakANda	sarga-1
17.1	prIwyA	18.1	--	prIwi{swrI;3;eka}	prIwi{swrI;3;eka}	hewuH,19.1	hewuH,20.1#hewuH,19.1	1	02	019_3-21_1	safkReparAmAyaNam	bAlakANda	sarga-1
18.1	yOvarAjyena	15.1	--	yOvarAjya{napuM;3;eka}	yOvarAjya{napuM;3;eka}	sahArWaH,19.1	hewuH,20.1#hewuH,19.1#sahArWaH,19.1	1	02	019_3-21_1	safkReparAmAyaNam	bAlakANda	sarga-1
19.1	saMyokwum	16.1	--	sam_yuj1{avya;wumun;xivAxiH}	sam_yuj1{avya;wumun;xivAxiH}	wumunkarma,20.1	iRkarma,20.1#wumunkarma,20.1	1	02	019_3-21_1	safkReparAmAyaNam	bAlakANda	sarga-1
2.1	xaSaraWaH	9.1	xaSaraWaH	xaSaraWa{puM;1;eka}	xaSaraWa{puM;1;eka}	karwA,20.1	sup_samucciwaH,13.1#karwA,20.1	1	02	019_3-21_1	safkReparAmAyaNam	bAlakANda	sarga-1
20.1	EcCaw	17.1	--	iR2{karwari;laf;pra;eka;parasmEpaxI;wuxAxiH}	iR2{karwari;laf;pra;eka;parasmEpaxI;wuxAxiH}	aBihiwa_karwA,2.1;sakarmaka	-	1	02	019_3-21_1	safkReparAmAyaNam	bAlakANda	sarga-1
21.1	.	21.1	-	-	-	-	-	1	02	019_3-21_1	safkReparAmAyaNam	bAlakANda	sarga-1
3.1	wam	1.1	wam	wax{sarvanAma;puM;2;eka}	wax{sarvanAma;puM;2;eka}	viSeRaNam,13.1	viSeRaNam,15.1#viSeRaNam,13.1#viSeRaNam,12.1#viSeRaNam,11.1#viSeRaNam,10.1#viSeRaNam,7.1#viSeRaNam,5.2#viSeRaNam,4.3#sup_samucciwaH,13.1#karma,20.1#karma,19.1#karma,13.1	1	02	019_3-21_1	safkReparAmAyaNam	bAlakANda	sarga-1
4.1	evam-	2.1	evaM-guNa-sampannaM	evaM	evaM	karmaXArayaH,4.2	karmaXArayaH,4.2	1	02	019_3-21_1	safkReparAmAyaNam	bAlakANda	sarga-1
4.2	guNa-	2.2	--	guNa	guNa	wqwIyA-wawpuruRaH,4.3	wqwIyA-wawpuruRaH,4.3	1	02	019_3-21_1	safkReparAmAyaNam	bAlakANda	sarga-1
4.3	sampannam	2.3	--	sampanna{puM;2;eka(sam_pax1;kwa;xivAxiH)}/sampanna{napuM;1;eka(sam_pax1;kwa;xivAxiH)}/sampanna{napuM;2;eka(sam_pax1;kwa;xivAxiH)}	sampanna{puM;2;eka(sam_pax1;kwa;xivAxiH)}	viSeRaNam,15.1	viSeRaNam,13.1#viSeRaNam,12.1#viSeRaNam,11.1#viSeRaNam,10.1#viSeRaNam,7.1#viSeRaNam,5.2#karma,20.1#karma,19.1#karma,13.1#viSeRaNam,15.1	1	02	019_3-21_1	safkReparAmAyaNam	bAlakANda	sarga-1
5.1	sawya-	4.1	--	sawya	sawya	RaRTI-bahuvrIhiH,5.2	RaRTI-bahuvrIhiH,5.2	1	02	019_3-21_1	safkReparAmAyaNam	bAlakANda	sarga-1
5.2	parAkramam	4.2	--	parAkrama{puM;2;eka}/parAkrama{napuM;1;eka}/parAkrama{napuM;2;eka}	parAkrama{puM;2;eka}	viSeRaNam,15.1	viSeRaNam,13.1#viSeRaNam,12.1#viSeRaNam,11.1#viSeRaNam,10.1#viSeRaNam,7.1#sup_samucciwaH,13.1#karma,20.1#karma,19.1#karma,13.1#viSeRaNam,15.1	1	02	019_3-21_1	safkReparAmAyaNam	bAlakANda	sarga-1
6.1	jyeRTa-	6.1	--	jyeRTa	jyeRTa	karmaXArayaH,6.2	karmaXArayaH,6.2	1	02	019_3-21_1	safkReparAmAyaNam	bAlakANda	sarga-1
6.2	guNEH	6.2	--	guNa{puM;3;bahu}/guNa{napuM;3;bahu}	guNa{puM;3;bahu}	sahArWaH,7.1	viSeRaNam,9.1#sahArWaH,10.1#sahArWaH,7.1#karwA,10.1#karwA,9.1#karwA,7.1#karaNam,10.1#karaNam,7.1#hewuH,20.1#hewuH,19.1#hewuH,16.3#hewuH,13.1#hewuH,10.1#hewuH,9.1#hewuH,7.1	1	02	019_3-21_1	safkReparAmAyaNam	bAlakANda	sarga-1
7.1	yukwam	7.1	--	yukwa{puM;2;eka(yuj1;kwa;xivAxiH)}/yukwa{napuM;1;eka(yuj1;kwa;xivAxiH)}/yukwa{napuM;2;eka(yuj1;kwa;xivAxiH)}/yukwa{puM;2;eka(yuj2;kwa;ruXAxiH)}/yukwa{napuM;1;eka(yuj2;kwa;ruXAxiH)}/yukwa{napuM;2;eka(yuj2;kwa;ruXAxiH)}	yukwa{puM;2;eka(yuj2;kwa;ruXAxiH)}	viSeRaNam,15.1	viSeRaNam,13.1#viSeRaNam,12.1#viSeRaNam,11.1#karma,20.1#karma,19.1#karma,13.1#viSeRaNam,15.1	1	02	019_3-21_1	safkReparAmAyaNam	bAlakANda	sarga-1
8.1	prakqwInAM	11.1	--	prakqwi{swrI;6;bahu}	prakqwi{swrI;6;bahu}	RaRTIsambanXaH,9.1	karwA,16.3#karma,19.1#karma,16.3#RaRTIsambanXaH,18.1#RaRTIsambanXaH,17.1#RaRTIsambanXaH,15.1#RaRTIsambanXaH,10.1#RaRTIsambanXaH,9.1#RaRTIsambanXaH,6.2#RaRTIsambanXaH,5.2	1	02	019_3-21_1	safkReparAmAyaNam	bAlakANda	sarga-1
9.1	hiwEH	12.1	--	hiwa{puM;3;bahu(XA1;kwa;juhowyAxiH)}/hiwa{napuM;3;bahu(XA1;kwa;juhowyAxiH)}/hiwa{puM;3;bahu(hi1;kwa;svAxiH)}/hiwa{napuM;3;bahu(hi1;kwa;svAxiH)}	hiwa{puM;3;bahu(XA1;kwa;juhowyAxiH)}	sahArWaH,10.1	sahArWaH,10.1#karwA,10.1#karaNam,10.1#hewuH,20.1#hewuH,19.1#hewuH,16.3#hewuH,13.1#hewuH,10.1	1	02	019_3-21_1	safkReparAmAyaNam	bAlakANda	sarga-1
1.1	wasya	7.1	wasya	wax{sarvanAma;napuM;6;eka}/wax{sarvanAma;puM;6;eka}	wax{sarvanAma;puM;6;eka}	RaRTIsambanXaH,2.2	RaRTIsambanXaH,10.1#RaRTIsambanXaH,9.1#RaRTIsambanXaH,8.1#RaRTIsambanXaH,7.1#RaRTIsambanXaH,4.1#RaRTIsambanXaH,2.2	1	03	021_2-22_1	safkReparAmAyaNam	bAlakANda	sarga-1
10.1	varam	11.1	varam	varam{avya}/vara{puM;2;eka}/vara{napuM;1;eka}/vara{napuM;2;eka}	vara{napuM;2;eka}	karma,12.1	viSeRaNam,7.1#muKyakarma,12.1#karma,3.1#karwA,12.1#viSeRaNam,11.1#gONakarma,12.1#karma,12.1	1	03	021_2-22_1	safkReparAmAyaNam	bAlakANda	sarga-1
11.1	enam	10.1	enam	ixam{sarvanAma;puM;2;eka}	ixam{sarvanAma;puM;2;eka}	viSeRaNam,10.1	viSeRaNam,10.1#viSeRaNam,7.1#muKyakarma,12.1#karma,3.1#gONakarma,12.1	1	03	021_2-22_1	safkReparAmAyaNam	bAlakANda	sarga-1
12.1	ayAcawa	12.1	ayAcawa	yAc1{karwari;laf;pra;eka;AwmanepaxI;BvAxiH}/yAc1{karwari;laf;ma;bahu;parasmEpaxI;BvAxiH}	yAc1{karwari;laf;pra;eka;AwmanepaxI;BvAxiH}	aBihiwa_karwA,6.1	-#aBihiwa_karwA,6.1	1	03	021_2-22_1	safkReparAmAyaNam	bAlakANda	sarga-1
13.1	.	13.1	.	-	-	-	-	1	03	021_2-22_1	safkReparAmAyaNam	bAlakANda	sarga-1
2.1	aBiReka-	8.1	aBiReka-samBArAn	aBiReka	aBiReka	RaRTI-wawpuruRaH,2.2	RaRTI-wawpuruRaH,2.2	1	03	021_2-22_1	safkReparAmAyaNam	bAlakANda	sarga-1
2.2	samBArAn	8.2	--	samBAra{puM;2;bahu}	samBAra{puM;2;bahu}	karma,3.1	muKyakarma,12.1#karma,3.1#gONakarma,12.1	1	03	021_2-22_1	safkReparAmAyaNam	bAlakANda	sarga-1
3.1	xqRtvA	9.1	xqRtvA	xqS1{avya;kwvA;BvAxiH}	xqS1{avya;kwvA;BvAxiH}	pUrvakAlaH,12.1	pUrvakAlaH,12.1	1	03	021_2-22_1	safkReparAmAyaNam	bAlakANda	sarga-1
4.1	BAryA	4.1	BAryA	BAryA{swrI;1;eka}	BAryA{swrI;1;eka}	viSeRaNam,6.1	karwA,12.1#aBexaH,6.1#viSeRaNam,6.1	1	03	021_2-22_1	safkReparAmAyaNam	bAlakANda	sarga-1
5.1	aWa	1.1	aWa	aWa{avya}	aWa{avya}	sambanXaH,12.1	sambanXaH,12.1	1	03	021_2-22_1	safkReparAmAyaNam	bAlakANda	sarga-1
6.1	kEkayI	6.1	kEkayI	kEkayI{swrI;1;eka}	kEkayI{swrI;1;eka}	karwA,12.1;karwA,3.1	karwA,12.1#karwA,3.1	1	03	021_2-22_1	safkReparAmAyaNam	bAlakANda	sarga-1
7.1	pUrvam	2.1	pUrvaM	pUrva{puM;2;eka}/pUrva{sarvanAma;puM;2;eka}/pUrva{sarvanAma;napuM;1;eka}/pUrva{sarvanAma;napuM;2;eka}/pUrva{napuM;2;eka}	pUrva{napuM;2;eka}	kAlAXikaraNam,8.1	viSeRaNam,10.1#muKyakarma,12.1#karma,3.1#kAlAXikaraNam,12.1#kAlAXikaraNam,8.1#kAlAXikaraNam,3.1#aXikaraNam_upa,12.1#aXikaraNam_upa,8.1#karwA,12.1#viSeRaNam,11.1#gONakarma,12.1	1	03	021_2-22_1	safkReparAmAyaNam	bAlakANda	sarga-1
8.1	xawwa-	3.1	xawwa-varA	xawwa(xA1;kwa;BvAxiH)}/xawwa(xA3{kwa;juhowyAxiH)	xawwa(xA1;kwa;BvAxiH)	cawurWI-bahuvrIhiH,8.2	cawurWI-bahuvrIhiH,8.2	1	03	021_2-22_1	safkReparAmAyaNam	bAlakANda	sarga-1
8.2	varA	3.2	--	varA{swrI;1;eka}	varA{swrI;1;eka}	viSeRaNam,6.1	viSeRaNam,9.1#viSeRaNam,6.1#viSeRaNam,4.1#karwA,12.1	1	03	021_2-22_1	safkReparAmAyaNam	bAlakANda	sarga-1
9.1	xevI	5.1	xevI	xevI{swrI;1;eka}	xevI{swrI;1;eka}	viSeRaNam,6.1	karwA,12.1#aBexaH,6.1#viSeRaNam,6.1	1	03	021_2-22_1	safkReparAmAyaNam	bAlakANda	sarga-1
1.1	vivAsanam	2.1	vivAsanaM	vivAsana{napuM;1;eka}/vivAsana{napuM;2;eka}/vivAsana{napuM;2;eka(vi_vas;Nic;lyut;BvAxiH)}	vivAsana{napuM;2;eka(vi_vas;Nic;lyut;BvAxiH)}	-	-	1	03	022_2	safkReparAmAyaNam	bAlakANda	sarga-1
2.1	ca	5.1	ca	ca{avya}	ca{avya}	samuccaya_xyowakaH,1.1	sup_samuccaya_xyowakaH,1.1#sambanXaH,1.1	1	03	022_2	safkReparAmAyaNam	bAlakANda	sarga-1
3.1	rAmasya	1.1	rAmasya	rAma{puM;6;eka}	rAma{puM;6;eka}	RaRTIsambanXaH,1.1	viSeRaNam,4.1#RaRTIsambanXaH,5.1#RaRTIsambanXaH,1.1	1	03	022_2	safkReparAmAyaNam	bAlakANda	sarga-1
4.1	Barawasya	3.1	Barawasya	Barawa{puM;6;eka}	Barawa{puM;6;eka}	RaRTIsambanXaH,5.1	viSeRaNam,3.1#RaRTIsambanXaH,5.1#RaRTIsambanXaH,1.1	1	03	022_2	safkReparAmAyaNam	bAlakANda	sarga-1
5.1	aBiRecanam	4.1	aBiRecanam	aBiRecana{napuM;1;eka}/aBiRecana{napuM;2;eka}/aBiRecana{napuM;2;eka(aBi_sic;lyut;wuxAxiH)}	aBiRecana{napuM;2;eka(aBi_sic;lyut;wuxAxiH)}	samucciwaH,1.1	sup_samucciwaH,1.1	1	03	022_2	safkReparAmAyaNam	bAlakANda	sarga-1
6.1	.	6.1	.	-	-	-	-	1	03	022_2	safkReparAmAyaNam	bAlakANda	sarga-1
1.1	saH	4.1	saH	wax{sarvanAma;puM;1;eka}	wax{sarvanAma;puM;1;eka}	viSeRaNam,9.1	viSeRaNam,9.1#viSeRaNam,5.1#viSeRaNam,3.1#karwA,6.1	1	03	023	safkReparAmAyaNam	bAlakANda	sarga-1
10.1	priyam	7.1	priyam	priya{puM;2;eka}/priya{napuM;1;eka}/priya{napuM;2;eka}	priya{puM;2;eka}	viSeRaNam,7.1	viSeRaNam,7.1#karma,7.1#karma,6.1#karwA,6.1#viSeRaNam,8.1	1	03	023	safkReparAmAyaNam	bAlakANda	sarga-1
11.1	.	11.1	.	-	-	-	-	1	03	023	safkReparAmAyaNam	bAlakANda	sarga-1
2.1	sawya-	1.1	sawya-vacanAw	sawya	sawya	karmaXArayaH,2.2	karmaXArayaH,2.2	1	03	023	safkReparAmAyaNam	bAlakANda	sarga-1
2.2	vacanAx	1.2	--	vacana{napuM;5;eka}	vacana{napuM;5;eka}	hewuH,5.1	hewuH5,7.1#hewuH5,6.1#hewuH5,5.1	1	03	023	safkReparAmAyaNam	bAlakANda	sarga-1
3.1	rAjA	5.1	rAjA	rAjan{puM;1;eka}	rAjan{puM;1;eka}	viSeRaNam,9.1	karwA,6.1#aBexaH,9.1#viSeRaNam,9.1	1	03	023	safkReparAmAyaNam	bAlakANda	sarga-1
4.1	Xarma-	2.1	Xarma-pASena	Xarma	Xarma	karmaXArayaH,4.2	karmaXArayaH,4.2	1	03	023	safkReparAmAyaNam	bAlakANda	sarga-1
4.2	pASena	2.2	--	pASa{puM;3;eka}/pASa{napuM;3;eka}	pASa{puM;3;eka}	hewuH,5.1	hewuH,7.1#hewuH,6.1#hewuH,5.1	1	03	023	safkReparAmAyaNam	bAlakANda	sarga-1
5.1	saMyawaH	3.1	saMyawaH	saMyawa{puM;1;eka(sam_yaw1;GaF;BvAxiH)}	saMyawa{puM;1;eka(sam_yaw1;GaF;BvAxiH)}	viSeRaNam,9.1	viSeRaNam,10.1#viSeRaNam,9.1#viSeRaNam,7.1#viSeRaNam,3.1#karwA,6.1	1	03	023	safkReparAmAyaNam	bAlakANda	sarga-1
6.1	vivAsayAmAsa	10.1	vivAsayAmAsa	vi_vas1{karwari;lit;pra;eka;AwmanepaxI;curAxiH}	vi_vas1{karwari;lit;pra;eka;AwmanepaxI;curAxiH}	aBihiwa_karwA,9.1;sakarmaka	-#aBihiwa_karwA,9.1;sakarmaka	1	03	023	safkReparAmAyaNam	bAlakANda	sarga-1
7.1	suwam	8.1	suwaM	Ru2{karwari;lot;ma;xvi;parasmEpaxI;axAxiH}/suwa{puM;2;eka}/suwa{napuM;1;eka}/suwa{napuM;2;eka}	suwa{puM;2;eka}	aBexaH,8.1	viSeRaNam,10.1#karma,6.1#karwA,6.1#aBexaH,8.1	1	03	023	safkReparAmAyaNam	bAlakANda	sarga-1
8.1	rAmam	9.1	rAmaM	rAma{puM;2;eka}	rAma{puM;2;eka}	karma,6.1	karma,7.1#karma,6.1	1	03	023	safkReparAmAyaNam	bAlakANda	sarga-1
9.1	xaSaraWaH	6.1	xaSaraWaH	xaSaraWa{puM;1;eka}	xaSaraWa{puM;1;eka}	karwA,6.1	karwA,6.1	1	03	023	safkReparAmAyaNam	bAlakANda	sarga-1
1.1	saH	1.1	saH	wax{sarvanAma;puM;1;eka}	wax{sarvanAma;puM;1;eka}	viSeRaNam,4.1	viSeRaNam,6.1#viSeRaNam,4.1#karwA,2.1	1	03	024	safkReparAmAyaNam	bAlakANda	sarga-1
10.1	priya-	6.1	priya-kAraNAw	priya	priya	karmaXArayaH,10.2	karmaXArayaH,10.2	1	03	024	safkReparAmAyaNam	bAlakANda	sarga-1
10.2	kAraNAw	6.2	--	kAraNa{napuM;5;eka}/kAraNa{puM;5;eka}	kAraNa{napuM;5;eka}	hewuH,2.1	viSeRaNam,8.2#viSeRaNam,7.1#hewuH5,6.1#hewuH5,2.1#apAxAnam,2.1	1	03	024	safkReparAmAyaNam	bAlakANda	sarga-1
11.1	.	11.1	-	-	-	-	-	1	03	024	safkReparAmAyaNam	bAlakANda	sarga-1
2.1	jagAma	10.1	jagAma	gam1{karwari;lit;pra;eka;parasmEpaxI;BvAxiH}/gam1{karwari;lit;u;eka;parasmEpaxI;BvAxiH}	gam1{karwari;lit;pra;eka;parasmEpaxI;BvAxiH}	aBihiwa_karwA,4.1;sakarmaka	-#aBihiwa_karwA,4.1;sakarmaka	1	03	024	safkReparAmAyaNam	bAlakANda	sarga-1
3.1	vanam	9.1	vanaM	vana{napuM;1;eka}/vana{napuM;2;eka}	vana{napuM;2;eka}	karma,2.1	karma,6.1#karma,2.1#karwA,2.1	1	03	024	safkReparAmAyaNam	bAlakANda	sarga-1
4.1	vIraH	2.1	vIraH	vIra{puM;1;eka}	vIra{puM;1;eka}	karwA,2.1	viSeRaNam,6.1#viSeRaNam,1.1#karwA,2.1	1	03	024	safkReparAmAyaNam	bAlakANda	sarga-1
5.1	prawijFAm	7.1	prawijFAm	prawijFA{swrI;2;eka}	prawijFA{swrI;2;eka}	karma,6.1	karma,6.1#karma,2.1	1	03	024	safkReparAmAyaNam	bAlakANda	sarga-1
6.1	anupAlayan	8.1	anupAlayan	anupAlayaw{puM;1;eka(anu_pAl1;Sawq_lat;curAxiH)}	anupAlayaw{puM;1;eka(anu_pAl1;Sawq_lat;curAxiH)}	varwamAnasamAnakAlaH,2.1	varwamAnasamAnakAlaH,2.1#karwA,2.1	1	03	024	safkReparAmAyaNam	bAlakANda	sarga-1
7.1	piwuH	3.1	piwuH	piwq{puM;5;eka}/piwq{puM;6;eka}	piwq{puM;6;eka}	RaRTIsambanXaH,8.2	RaRTIsambanXaH,10.2#RaRTIsambanXaH,9.1#RaRTIsambanXaH,8.2#RaRTIsambanXaH,8.1#RaRTIsambanXaH,5.1#RaRTIsambanXaH,3.1#sup_samucciwaH,10.2#hewuH5,6.1#hewuH5,2.1#apAxAnam,2.1	1	03	024	safkReparAmAyaNam	bAlakANda	sarga-1
8.1	vacana-	4.1	vacana-nirxeSAw	vacana	vacana	RaRTI-wawpuruRaH,8.2	RaRTI-wawpuruRaH,8.2	1	03	024	safkReparAmAyaNam	bAlakANda	sarga-1
8.2	nirxeSAw	4.2	--	nirxeSa{puM;5;eka}/nirxeSa{napuM;5;eka}	nirxeSa{puM;5;eka}	hewuH,2.1	viSeRaNam,10.2#hewuH5,6.1#hewuH5,2.1#apAxAnam,2.1#viSeRaNam,7.1	1	03	024	safkReparAmAyaNam	bAlakANda	sarga-1
9.1	kEkeyyAH	5.1	kEkeyyAH	kEkeyI{swrI;5;eka}/kEkeyI{swrI;6;eka}	kEkeyI{swrI;6;eka}	RaRTIsambanXaH,10.2	RaRTIsambanXaH,10.2#RaRTIsambanXaH,8.2#RaRTIsambanXaH,7.1#RaRTIsambanXaH,5.1#RaRTIsambanXaH,3.1#hewuH5,6.1#hewuH5,2.1#apAxAnam,2.1	1	03	024	safkReparAmAyaNam	bAlakANda	sarga-1
1.1	wam	11.1	waM	wax{sarvanAma;puM;2;eka}	wax{sarvanAma;puM;2;eka}	viSeRaNam,11.1	viSeRaNam,11.1#viSeRaNam,2.1#karma,15.1#karma,6.2#karma,2.1	1	03	025-26_1	safkReparAmAyaNam	bAlakANda	sarga-1
10.1	sumiwrA-	2.1	sumiwrAnanxa-varXanaH	sumiwrA	sumiwrA	RaRTI-wawpuruRaH,10.2	RaRTI-wawpuruRaH,10.2	1	03	025-26_1	safkReparAmAyaNam	bAlakANda	sarga-1
10.2	Ananxa-	2.2	--	Ananxa	Ananxa	RaRTI-wawpuruRaH,10.3	RaRTI-wawpuruRaH,10.3	1	03	025-26_1	safkReparAmAyaNam	bAlakANda	sarga-1
10.3	varXanaH	2.3	--	varXana{puM;1;eka}	varXana{puM;1;eka}	viSeRaNam,5.1	viSeRaNam,15.1#viSeRaNam,12.1#viSeRaNam,9.2#viSeRaNam,5.1#viSeRaNam,4.1#viSeRaNam,3.1#karwA,6.2	1	03	025-26_1	safkReparAmAyaNam	bAlakANda	sarga-1
11.1	BrAwaram	13.1	BrAwaraM	BrAwq{puM;2;eka}	BrAwq{puM;2;eka}	karma,6.2	karma,15.1#karma,6.2#karma,2.1	1	03	025-26_1	safkReparAmAyaNam	bAlakANda	sarga-1
12.1	xayiwaH	4.1	xayiwaH	xayiwa{puM;1;eka}	xayiwa{puM;1;eka}	viSeRaNam,5.1	karwA,6.2#aBexaH,5.1#viSeRaNam,5.1	1	03	025-26_1	safkReparAmAyaNam	bAlakANda	sarga-1
13.1	BrAwuH	3.1	BrAwuH	BrAwq{puM;5;eka}/BrAwq{puM;6;eka}	BrAwq{puM;6;eka}	RaRTIsambanXaH,12.1	RaRTIsambanXaH,14.1#RaRTIsambanXaH,12.1#RaRTIsambanXaH,11.1#RaRTIsambanXaH,9.2#RaRTIsambanXaH,8.1#RaRTIsambanXaH,4.1#RaRTIsambanXaH,3.1#hewuH5,15.1#hewuH5,9.2#hewuH5,6.2#hewuH5,2.1#apAxAnam,15.1#apAxAnam,6.2	1	03	025-26_1	safkReparAmAyaNam	bAlakANda	sarga-1
14.1	sOBrAwram	9.1	sOBrAwram	sOBrAwra{napuM;1;eka}/sOBrAwra{napuM;2;eka}	sOBrAwra{napuM;2;eka}	karma,15.1	karma,14.1#karma,6.2#karma,2.1#karwA,6.2#karma,15.1	1	03	025-26_1	safkReparAmAyaNam	bAlakANda	sarga-1
15.1	anuxarSayan	10.1	anuxarSayan	anuxarSayaw{puM;1;eka(anu_xqS1;Sawq_lat;BvAxiH)}	anuxarSayaw{puM;1;eka(anu_xqS1;Sawq_lat;BvAxiH)}	varwamAnasamAnakAlaH,6.2	varwamAnasamAnakAlaH,6.2#karwA,6.2	1	03	025-26_1	safkReparAmAyaNam	bAlakANda	sarga-1
16.1	.	16.1	.	-	-	-	-	1	03	025-26_1	safkReparAmAyaNam	bAlakANda	sarga-1
2.1	vrajanwam	12.1	vrajanwaM	vrajaw{puM;2;eka(vraj1;Sawq_lat;BvAxiH)}	vrajaw{puM;2;eka(vraj1;Sawq_lat;BvAxiH)}	viSeRaNam,11.1	viSeRaNam,11.1#karma,15.1#karma,6.2	1	03	025-26_1	safkReparAmAyaNam	bAlakANda	sarga-1
3.1	priyaH	5.1	priyaH	priya{puM;1;eka}	priya{puM;1;eka}	viSeRaNam,4.1	viSeRaNam,15.1#viSeRaNam,12.1#viSeRaNam,10.2#viSeRaNam,9.2#viSeRaNam,5.1#viSeRaNam,4.1#karwA,6.2	1	03	025-26_1	safkReparAmAyaNam	bAlakANda	sarga-1
4.1	BrAwA	6.1	BrAwA	BrAwq{puM;1;eka}	BrAwq{puM;1;eka}	aBexaH,5.1	karwA,6.2#aBexaH,5.1	1	03	025-26_1	safkReparAmAyaNam	bAlakANda	sarga-1
5.1	lakRmaNaH	7.1	lakRmaNaH	lakRmaNa{puM;1;eka}	lakRmaNa{puM;1;eka}	karwA,6.2	karwA,6.2	1	03	025-26_1	safkReparAmAyaNam	bAlakANda	sarga-1
6.2	anujagAma	14.1	--	anu_gam1{karwari;lit;pra;eka;parasmEpaxI;BvAxiH}/gam1{karwari;lit;u;eka;parasmEpaxI;BvAxiH}	gam1{karwari;lit;pra;eka;parasmEpaxI;BvAxiH}	aBihiwa_karwA,5.1;sakarmaka	-#aBihiwa_karwA,5.1;sakarmaka	1	03	025-26_1	safkReparAmAyaNam	bAlakANda	sarga-1
7.1	ha	15.1	ha	ha{avya}	ha{avya}	sambanXaH,6.2	sambanXaH,6.2	1	03	025-26_1	safkReparAmAyaNam	bAlakANda	sarga-1
8.1	snehAw	8.1	snehAw	sneha{puM;5;eka}	sneha{puM;5;eka}	hewuH,6.2	hewuH5,15.1#hewuH5,9.2#hewuH5,6.2#hewuH5,2.1	1	03	025-26_1	safkReparAmAyaNam	bAlakANda	sarga-1
9.1	vinaya-	1.1	vinaya-sampannaH	vinaya	vinaya	wqwIyA-wawpuruRaH,9.2	wqwIyA-wawpuruRaH,9.2	1	03	025-26_1	safkReparAmAyaNam	bAlakANda	sarga-1
9.2	sampannaH	1.2	--	sampanna{puM;1;eka(sam_pax1;kwa;xivAxiH)}	sampanna{puM;1;eka(sam_pax1;kwa;xivAxiH)}	viSeRaNam,5.1	viSeRaNam,15.1#viSeRaNam,12.1#viSeRaNam,10.2#viSeRaNam,5.1#viSeRaNam,4.1#viSeRaNam,3.1#karwA,6.2	1	03	025-26_1	safkReparAmAyaNam	bAlakANda	sarga-1
1.1	rAmasya	1.1	rAmasya	rAma{puM;6;eka}	rAma{puM;6;eka}	RaRTIsambanXaH,3.1	RaRTIsambanXaH,3.1#RaRTIsambanXaH,2.1	1	03	026_2	safkReparAmAyaNam	bAlakANda	sarga-1
2.1	xayiwA	2.1	xayiwA	xay1{karwari;lut;pra;eka;AwmanepaxI;BvAxiH}/xay1{karmaNi;lut;pra;eka;AwmanepaxI;BvAxiH}/xayiwq{puM;1;eka(xay1;wqc;BvAxiH)}/xayiwA{swrI;1;eka(xay1;kwa;BvAxiH)}	xayiwA{swrI;1;eka(xay1;kwa;BvAxiH)}	viSeRaNam,3.1	viSeRaNam,7.1#viSeRaNam,5.2#viSeRaNam,3.1#karwA_be_verbs,8.1	1	03	026_2	safkReparAmAyaNam	bAlakANda	sarga-1
3.1	BAryA	3.1	BAryA	BAryA{swrI;1;eka}	BAryA{swrI;1;eka}	karwA,8.1	viXeya_viSeRaNam,7.1#viXeya_viSeRaNam,5.2#viXeya_viSeRaNam,4.1#viXeya_viSeRaNam,2.1#sup_samucciwaH,5.2#karwA_be_verbs,8.1#karwA,2.1#karma,2.1	1	03	026_2	safkReparAmAyaNam	bAlakANda	sarga-1
4.1	niwyam	4.1	niwyaM	niwya{puM;2;eka}/niwya{napuM;1;eka}/niwya{napuM;2;eka}/niwya{avya}	niwya{avya}	kriyAviSeRaNam,7.1	kriyAviSeRaNam,8.1#kriyAviSeRaNam,7.1#kriyAviSeRaNam,2.1#karma,2.1#viXeya_viSeRaNam,7.1#viXeya_viSeRaNam,5.2#viXeya_viSeRaNam,3.1#viXeya_viSeRaNam,2.1#sup_samucciwaH,5.2#karwA_be_verbs,8.1#karwA,2.1	1	03	026_2	safkReparAmAyaNam	bAlakANda	sarga-1
5.1	prANa-	6.1	prANa-samA	prANa	prANa	wqwIyA-wawpuruRaH,5.2	wqwIyA-wawpuruRaH,5.2	1	03	026_2	safkReparAmAyaNam	bAlakANda	sarga-1
5.2	samA	6.2	--	samA{sarvanAma;swrI;1;eka}/samA{swrI;1;eka}	samA{sarvanAma;swrI;1;eka}	samucciwaH,7.1	viXeya_viSeRaNam,7.1#viXeya_viSeRaNam,4.1#viXeya_viSeRaNam,3.1#viXeya_viSeRaNam,2.1#karwA_be_verbs,8.1#karwA,2.1#karma,2.1#samucciwaH,7.1	1	03	026_2	safkReparAmAyaNam	bAlakANda	sarga-1
6.1	(ca)	7.1	(ca)	ca{avya}	ca{avya}	samuccaya_xyowakaH,5.2	sup_samuccaya_xyowakaH,5.2#sambanXaH,5.2	1	03	026_2	safkReparAmAyaNam	bAlakANda	sarga-1
7.1	hiwA	5.1	hiwA	hiwA{swrI;1;eka(XA1;kwa;juhowyAxiH)}/hiwA{swrI;1;eka(hi1;kwa;svAxiH)}	hiwA{swrI;1;eka(XA1;kwa;juhowyAxiH)}	viXeya_viSeRaNam,3.1	viXeya_viSeRaNam,3.1#viXeya_viSeRaNam,2.1#karwA_be_verbs,8.1#karwA,2.1#karma,2.1	1	03	026_2	safkReparAmAyaNam	bAlakANda	sarga-1
8.1	(aswi)	8.1	aswi	as2{karwari;lat;pra;eka;parasmEpaxI;axAxiH}	as2{karwari;lat;pra;eka;parasmEpaxI;axAxiH}	aBihiwa_karwA,7.1	-#aBihiwa_karwA,7.1	1	03	026_2	safkReparAmAyaNam	bAlakANda	sarga-1
9.1	.	9.1	.	-	-	-	-	1	03	026_2	safkReparAmAyaNam	bAlakANda	sarga-1
1.1	janakasya	1.1	janakasya	janaka{puM;6;eka}	janaka{puM;6;eka}	RaRTIsambanXaH,2.1	RaRTIsambanXaH,5.2#RaRTIsambanXaH,4.1#RaRTIsambanXaH,2.1	1	03	027	safkReparAmAyaNam	bAlakANda	sarga-1
2.1	kule	2.1	kule	kuli{puM;8;eka}/kula{napuM;7;eka}	kula{napuM;7;eka}	aXikaraNam,3.1	aXikaraNam,8.1#aXikaraNam,3.1#samboXyaH,8.1#samboXyaH,3.1	1	03	027	safkReparAmAyaNam	bAlakANda	sarga-1
3.1	jAwA	3.1	jAwA	jAwA{swrI;1;eka(jan2;kwa;xivAxiH)}	jAwA{swrI;1;eka(jan2;kwa;xivAxiH)}	viSeRaNam,4.1	viSeRaNam,7.1#viSeRaNam,5.2#viSeRaNam,4.1#karwA_be_verbs,8.1	1	03	027	safkReparAmAyaNam	bAlakANda	sarga-1
4.1	(sA)	4.1	sA	wax{sarvanAma;swrI;1;eka}	wax{sarvanAma;swrI;1;eka}	karwA,8.1	viSeRaNam,7.1#viSeRaNam,5.2#viSeRaNam,3.1#karwA_be_verbs,8.1	1	03	027	safkReparAmAyaNam	bAlakANda	sarga-1
5.1	xeva-	5.1	xeva-mAyA	xeva	xeva	RaRTI-wawpuruRaH,5.2	RaRTI-wawpuruRaH,5.2	1	03	027	safkReparAmAyaNam	bAlakANda	sarga-1
5.2	mAyA	5.2	--	mAyA{swrI;1;eka}	mAyA{swrI;1;eka}	upamAnam,7.1	viXeya_viSeRaNam,7.1#viXeya_viSeRaNam,4.1#viXeya_viSeRaNam,3.1#upamAnam,4.1#karwA_be_verbs,8.1#upamAnam,7.1	1	03	027	safkReparAmAyaNam	bAlakANda	sarga-1
6.1	iva	6.1	iva	iva{avya}	iva{avya}	upamAna_xyowakaH,5.2	upamAna_xyowakaH,5.2	1	03	027	safkReparAmAyaNam	bAlakANda	sarga-1
7.1	nirmiwA	7.1	nirmiwA	nirmiwA{swrI;1;eka}	nirmiwA{swrI;1;eka}	viXeya_viSeRaNam,4.1	viXeya_viSeRaNam,5.2#viXeya_viSeRaNam,4.1#viXeya_viSeRaNam,3.1#karwA_be_verbs,8.1	1	03	027	safkReparAmAyaNam	bAlakANda	sarga-1
8.1	(aswi)	8.1	aswi	as2{karwari;lat;pra;eka;parasmEpaxI;axAxiH}	as2{karwari;lat;pra;eka;parasmEpaxI;axAxiH}	aBihiwa_karwA,4.1	-#aBihiwa_karwA,4.1	1	03	027	safkReparAmAyaNam	bAlakANda	sarga-1
9.1	.	9.1	.	-	-	-	-	1	03	027	safkReparAmAyaNam	bAlakANda	sarga-1
1.1	(sA)	1.1	(sA)	wax{sarvanAma;swrI;1;eka}	wax{sarvanAma;swrI;1;eka}	karwA,6.1	viSeRaNam,5.1#viSeRaNam,4.1#viSeRaNam,2.3#karwA_be_verbs,6.1	2	03	027	safkReparAmAyaNam	bAlakANda	sarga-1
2.1	sarva-	2.1	sarva-lakRaNa-sampannA	sarva	sarva	karmaXArayaH,2.2	karmaXArayaH,2.2	2	03	027	safkReparAmAyaNam	bAlakANda	sarga-1
2.2	lakRaNa-	2.2	--	lakRaNa(lakR1;lyut;curAxiH)}/lakRaNa(lakR2{lyut;curAxiH)	lakRaNa(lakR1;lyut;curAxiH)	wqwIyA-wawpuruRaH,2.3	wqwIyA-wawpuruRaH,2.3	2	03	027	safkReparAmAyaNam	bAlakANda	sarga-1
2.3	sampannA	2.3	--	sampannA{swrI;1;eka(sam_pax1;kwa;xivAxiH)}	sampannA{swrI;1;eka(sam_pax1;kwa;xivAxiH)}	viSeRaNam,5.1	viXeya_viSeRaNam,1.1#viSeRaNam,5.1#viSeRaNam,4.1#karwA_be_verbs,6.1	2	03	027	safkReparAmAyaNam	bAlakANda	sarga-1
3.1	nArINAm	3.1	--	nArI{swrI;6;bahu}	nArI{swrI;6;bahu}	nirXAraNam,4.1	nirXAraNam,4.1#RaRTIsambanXaH,5.1	2	03	027	safkReparAmAyaNam	bAlakANda	sarga-1
4.1	uwwamA	4.1	--	uwwamA{swrI;1;eka}	uwwamA{swrI;1;eka}	viSeRaNam,5.1	viXeya_viSeRaNam,2.3#viXeya_viSeRaNam,1.1#viSeRaNam,5.1#karwA_be_verbs,6.1	2	03	027	safkReparAmAyaNam	bAlakANda	sarga-1
5.1	vaXUH	5.1	--	vaXu{swrI;2;bahu}/vaXU{swrI;1;eka}/vaXU{swrI;2;bahu}	vaXU{swrI;1;eka}	viXeya_viSeRaNam,1.1	viXeya_viSeRaNam,4.1#viXeya_viSeRaNam,2.3#viXeya_viSeRaNam,1.1#karwA_be_verbs,6.1#viXeya_viSeRaNam,1.1	2	03	027	safkReparAmAyaNam	bAlakANda	sarga-1
6.1	(aswi)	6.1	--	as2{karwari;lat;pra;eka;parasmEpaxI;axAxiH}	as2{karwari;lat;pra;eka;parasmEpaxI;axAxiH}	aBihiwa_karwA,4.1	-#aBihiwa_karwA,4.1	2	03	027	safkReparAmAyaNam	bAlakANda	sarga-1
7.1	.	7.1	-	-	-	-	-	2	03	027	safkReparAmAyaNam	bAlakANda	sarga-1
1.1	sIwA	1.1	sIwA	sIwA{swrI;1;eka}	sIwA{swrI;1;eka}	karwA,3.1	gawikarwA,3.1#karwA,3.1	1	03	028_1	safkReparAmAyaNam	bAlakANda	sarga-1
2.1	api	2.1	api	api{avya}	api{avya}	sambanXaH,1.1	sup_samuccaya_xyowakaH,1.1#sambanXaH,1.1	1	03	028_1	safkReparAmAyaNam	bAlakANda	sarga-1
3.1	anugawA	4.1	anugawA	anuga{wal;swrI;1;eka}/anugawA{swrI;1;eka(anu_gam1;kwa;BvAxiH)}	anugawA{swrI;1;eka(anu_gam1;kwa;BvAxiH)}	aBihiwa_karwA,1.1	-#aBihiwa_karwA,1.1	1	03	028_1	safkReparAmAyaNam	bAlakANda	sarga-1
4.1	rAmam	3.1	rAmaM	rAma{puM;2;eka}	rAma{puM;2;eka}	karma,3.1	gawikarma,3.1#karma,3.1	1	03	028_1	safkReparAmAyaNam	bAlakANda	sarga-1
5.1	SaSinam	7.1	SaSinaM	SaSin{puM;2;eka}	SaSin{puM;2;eka}	upamAnam,4.1	viSeRaNam,4.1#upamAnam,4.1#gawikarma,3.1	1	03	028_1	safkReparAmAyaNam	bAlakANda	sarga-1
6.1	rohiNI	6.1	rohiNI	rohiNI{swrI;1;eka}	rohiNI{swrI;1;eka}	upamAnam,1.1	viSeRaNam,1.1#upamAnam,3.1#upamAnam,1.1#sup_samucciwaH,1.1#gawikarwA,3.1	1	03	028_1	safkReparAmAyaNam	bAlakANda	sarga-1
7.1	yaWA	5.1	yaWA	yaWA{avya}	yaWA{avya}	upamAna_xyowakaH,6.1	upamAna_xyowakaH,6.1	1	03	028_1	safkReparAmAyaNam	bAlakANda	sarga-1
8.1	.	8.1	.	-	-	-	-	1	03	028_1	safkReparAmAyaNam	bAlakANda	sarga-1
1.1	pOrEH	1.1	pOrEH	pOra{puM;3;bahu}/pOra{napuM;3;bahu}	pOra{puM;3;bahu}	samucciwaH,3.1	sup_samucciwaH,3.1#maXyasWakarwA,12.1#hewuH,12.1#hewuH,9.1#hewuH,6.1	1	03	028_2-29	safkReparAmAyaNam	bAlakANda	sarga-1
10.1	priyam	10.1	--	priya{puM;2;eka}/priya{napuM;1;eka}/priya{napuM;2;eka}	priya{puM;2;eka}	viSeRaNam,11.1	viSeRaNam,13.1#karma,15.1#karma,12.1#karwA,15.1#viSeRaNam,11.1	1	03	028_2-29	safkReparAmAyaNam	bAlakANda	sarga-1
11.1	guham	11.1	--	guha{puM;2;eka}	guha{puM;2;eka}	karma,12.1	karma,15.1#karma,12.1	1	03	028_2-29	safkReparAmAyaNam	bAlakANda	sarga-1
12.1	AsAxya	12.1	--	Af_Rax1{avya;Nijanwa;lyap;BvAxiH}	Af_Rax1{avya;Nijanwa;lyap;BvAxiH}	pUrvakAlaH,15.1	pUrvakAlaH,15.1#pUrvakAlaH,13.1	1	03	028_2-29	safkReparAmAyaNam	bAlakANda	sarga-1
13.1	sUwaM	14.1	--	sUwa{puM;2;eka(RU1;kwa;axAxiH)}/sUwa{napuM;1;eka(RU1;kwa;axAxiH)}/sUwa{napuM;2;eka(RU1;kwa;axAxiH)}/sUwa{puM;2;eka(RU3;kwa;wuxAxiH)}/sUwa{napuM;1;eka(RU3;kwa;wuxAxiH)}/sUwa{napuM;2;eka(RU3;kwa;wuxAxiH)}	sUwa{puM;2;eka(RU1;kwa;axAxiH)}	karma,15.1	karma,15.1#karwA,15.1	1	03	028_2-29	safkReparAmAyaNam	bAlakANda	sarga-1
14.1	gafgA-	13.1	--	gafgA	gafgA	RaRTI-wawpuruRaH,14.2	RaRTI-wawpuruRaH,14.2	1	03	028_2-29	safkReparAmAyaNam	bAlakANda	sarga-1
14.2	kUle	13.2	--	kUla{napuM;1;xvi}/kUla{napuM;2;xvi}/kUla{napuM;8;xvi}/kUla{napuM;7;eka}/kUla{puM;7;eka}/kUlA{swrI;8;eka}/kUlA{swrI;8;xvi}/kUlA{swrI;1;xvi}/kUlA{swrI;2;xvi}	kUla{napuM;7;eka}	aXikaraNam,15.1	karma,15.1#aXikaraNam,15.1	1	03	028_2-29	safkReparAmAyaNam	bAlakANda	sarga-1
15.1	vyasarjayaw	15.1	--	vi_sq2{karwari;laf;pra;eka;parasmEpaxI;wuxAxiH}	vi_sq2{karwari;laf;pra;eka;parasmEpaxI;wuxAxiH}	aBihiwa_karwA,7.2;sakarmaka	-#aBihiwa_karwA,7.2;sakarmaka	1	03	028_2-29	safkReparAmAyaNam	bAlakANda	sarga-1
16.1	.	16.1	-	-	-	-	-	1	03	028_2-29	safkReparAmAyaNam	bAlakANda	sarga-1
2.1	piwrA	2.1	piwrA	piwq{puM;3;eka}	piwq{puM;3;eka}	aBexaH,3.1	sup_samucciwaH,3.1#maXyasWakarwA,12.1#hewuH,12.1#hewuH,9.1#hewuH,6.1#aBexaH,3.1	1	03	028_2-29	safkReparAmAyaNam	bAlakANda	sarga-1
3.1	xaSaraWena	3.1	xaSaraWena	xaSaraWa{puM;3;eka}/xaSaraWa{napuM;3;eka}	xaSaraWa{puM;3;eka}	sahArWaH,6.1	maXyasWakarwA,12.1#hewuH,12.1#hewuH,9.1#hewuH,6.1#sahArWaH,6.1	1	03	028_2-29	safkReparAmAyaNam	bAlakANda	sarga-1
4.1	ca	4.1	ca	ca{avya}	ca{avya}	samuccaya_xyowakaH,3.1	sup_samuccaya_xyowakaH,3.1#sambanXaH,3.1	1	03	028_2-29	safkReparAmAyaNam	bAlakANda	sarga-1
5.1	xUram	5.1	xUraM	xUra{puM;2;eka}/xUra{napuM;1;eka}/xUra{napuM;2;eka}	xUra{puM;2;eka}	karma,6.1	xeSAXikaraNam_upa,12.1#xeSAXikaraNam_upa,9.1#xeSAXikaraNam_upa,6.1#viSeRaNam,13.1#viSeRaNam,10.1#viSeRaNam,8.2#karma,15.1#karma,12.1#gawikarma,6.1#karwA,15.1#viSeRaNam,11.1#viSeRaNam,9.2#karma,6.1	1	03	028_2-29	safkReparAmAyaNam	bAlakANda	sarga-1
6.1	anugawaH	6.1	anugawaH	anuga{avya;wasil}/anugawa{puM;1;eka(anu_gam1;kwa;BvAxiH)}	anugawa{puM;1;eka(anu_gam1;kwa;BvAxiH)}	viSeRaNam,7.2	viSeRaNam,7.2#karwA,15.1#hewuH5,12.1#hewuH5,9.1	1	03	028_2-29	safkReparAmAyaNam	bAlakANda	sarga-1
7.1	Xarma-	7.1	Xarma-AwmA	Xarma	Xarma	bahuvrIhiH,7.2	bahuvrIhiH,7.2	1	03	028_2-29	safkReparAmAyaNam	bAlakANda	sarga-1
7.2	AwmA	7.2	--	Awman{puM;1;eka}	Awman{puM;1;eka}	karwA,15.1;karwA,12.1	karwA,15.1#karwA,12.1	1	03	028_2-29	safkReparAmAyaNam	bAlakANda	sarga-1
8.1	Sqfgavera-	8.1	--	Sqfgavera	Sqfgavera	karmaXArayaH,8.2	karmaXArayaH,8.2	1	03	028_2-29	safkReparAmAyaNam	bAlakANda	sarga-1
8.2	pure	8.2	--	pur{swrI;4;eka}/pura{napuM;1;xvi}/pura{napuM;2;xvi}/purA{swrI;1;xvi}/purA{swrI;2;xvi}/pura{napuM;8;xvi}/purA{swrI;8;eka}/purA{swrI;8;xvi}/puri{swrI;8;eka}/pura{napuM;7;eka}/pura{puM;7;eka}/puri{puM;8;eka}/puri{napuM;8;eka}/puri{napuM;1;eka}/puri{napuM;2;eka}	pura{napuM;7;eka}	aXikaraNam,12.1	viSeRaNam,13.1#viSeRaNam,10.1#karma,15.1#karma,12.1#karwA,15.1#viSeRaNam,14.2#aXikaraNam,12.1#aXikaraNam,9.1#aBexaH,9.2#prayojanam1,12.1#prayojanam1,9.1	1	03	028_2-29	safkReparAmAyaNam	bAlakANda	sarga-1
9.1	niRAxa-	9.1	--	niRAxa(ni_Rax1;GaF;BvAxiH)	niRAxa(ni_Rax1;GaF;BvAxiH)	RaRTI-wawpuruRaH,9.2	RaRTI-wawpuruRaH,9.2	1	03	028_2-29	safkReparAmAyaNam	bAlakANda	sarga-1
9.2	aXipawim	9.2	--	aXipawi{puM;2;eka}	aXipawi{puM;2;eka}	viSeRaNam,11.1	viSeRaNam,13.1#viSeRaNam,11.1#viSeRaNam,10.1#karma,15.1#karma,12.1	1	03	028_2-29	safkReparAmAyaNam	bAlakANda	sarga-1
1.1	rAmaH	6.1	rAmaH	rAma{puM;1;eka}	rAma{puM;1;eka}	karwA,9.1;karwA,12.1	karwA,9.1#karwA,12.1	1	03	030-32_1	safkReparAmAyaNam	bAlakANda	sarga-1
10.1	bahu-	10.1	--	bahu	bahu	RaRTI-bahuvrIhiH,10.2	RaRTI-bahuvrIhiH,10.2	1	03	030-32_1	safkReparAmAyaNam	bAlakANda	sarga-1
10.2	uxakAH	10.2	--	uxaka{puM;8;bahu}/uxaka{puM;1;bahu}/uxakA{swrI;8;bahu}/uxakA{swrI;1;bahu}/uxakA{swrI;2;bahu}	uxakA{swrI;2;bahu}	viSeRaNam,11.1	viSeRaNam,22.1#viSeRaNam,20.3#viSeRaNam,11.1#karma,12.1#karwA,27.1#viSeRaNam,24.1#viSeRaNam,23.1	1	03	030-32_1	safkReparAmAyaNam	bAlakANda	sarga-1
11.1	naxIH	11.1	--	naxI{swrI;2;bahu}	naxI{swrI;2;bahu}	karma,12.1	karma,12.1	1	03	030-32_1	safkReparAmAyaNam	bAlakANda	sarga-1
12.1	wIrwvA	12.1	--	wQ1{avya;kwvA;BvAxiH}	wQ1{avya;kwvA;BvAxiH}	pUrvakAlaH,27.1	pUrvakAlaH,27.1	1	03	030-32_1	safkReparAmAyaNam	bAlakANda	sarga-1
13.1	ciwrakUtam	15.1	--	ciwrakUta{puM;2;eka}	ciwrakUta{puM;2;eka}	karma,14.1	karma,14.1	1	03	030-32_1	safkReparAmAyaNam	bAlakANda	sarga-1
14.1	anuprApya	16.1	--	anu_pra_Ap1{avya;lyap;svAxiH}	anu_pra_Ap1{avya;lyap;svAxiH}	pUrvakAlaH,27.1	pUrvakAlaH,27.1	1	03	030-32_1	safkReparAmAyaNam	bAlakANda	sarga-1
15.1	BaraxvAjasya	13.1	--	BaraxvAja{puM;6;eka}	BaraxvAja{puM;6;eka}	karwA,16.1	viSeRaNam,23.1#karwA,16.1#karma,16.1#RaRTIsambanXaH,24.1#RaRTIsambanXaH,23.1#RaRTIsambanXaH,21.1#RaRTIsambanXaH,20.3#RaRTIsambanXaH,18.1	1	03	030-32_1	safkReparAmAyaNam	bAlakANda	sarga-1
16.1	SAsanAw	14.1	--	SAsana{napuM;5;eka(SAs1;lyut;axAxiH)}	SAsana{napuM;5;eka(SAs1;lyut;axAxiH)}	hewuH,14.1	hewuH5,27.1#hewuH5,22.1#hewuH5,19.1#hewuH,14.1	1	03	030-32_1	safkReparAmAyaNam	bAlakANda	sarga-1
17.1	ramyam	17.1	--	ramya{puM;2;eka}/ramya{napuM;1;eka}/ramya{napuM;2;eka}	ramya{puM;2;eka}	viSeRaNam,18.1	viSeRaNam,26.1#karma,22.1#karma,19.1#viSeRaNam,18.1	1	03	030-32_1	safkReparAmAyaNam	bAlakANda	sarga-1
18.1	AvasaWam	18.1	--	AvasaWa{puM;2;eka}	AvasaWa{puM;2;eka}	karma,19.1	karma,22.1#karma,19.1	1	03	030-32_1	safkReparAmAyaNam	bAlakANda	sarga-1
19.1	kqwvA	19.1	--	kq2{avya;kwvA;svAxiH}/kq3{avya;kwvA;wanAxiH}	kq2{avya;kwvA;svAxiH}	pUrvakAlaH,27.1	pUrvakAlaH,27.1	1	03	030-32_1	safkReparAmAyaNam	bAlakANda	sarga-1
2.1	guhena	1.1	guhena	guha{puM;3;eka}	guha{puM;3;eka}	samucciwaH,4.1	viSeRaNam,3.1#sup_samucciwaH,4.1#sahArWaH,27.1#sahArWaH,22.1#sahArWaH,19.1#sahArWaH,16.1#sahArWaH,14.1#sahArWaH,12.1#sahArWaH,9.1#hewuH,9.1	1	03	030-32_1	safkReparAmAyaNam	bAlakANda	sarga-1
20.1	xeva-	20.1	--	xeva	xeva	iwarewara-xvanxvaH,20.2	iwarewara-xvanxvaH,20.2	1	03	030-32_1	safkReparAmAyaNam	bAlakANda	sarga-1
20.2	ganXarva-	20.2	--	ganXarva	ganXarva	bahuvrIhiH,20.3	bahuvrIhiH,20.3	1	03	030-32_1	safkReparAmAyaNam	bAlakANda	sarga-1
20.3	safkASAH	20.3	--	safkASa{puM;1;bahu}/safkASa{puM;8;bahu}/safkASA{swrI;8;bahu}/safkASA{swrI;1;bahu}/safkASA{swrI;2;bahu}	safkASa{puM;1;bahu}	viSeRaNam,24.1	viSeRaNam,22.1#karma,22.1#karwA,27.1#viSeRaNam,27.1#viSeRaNam,24.1	1	03	030-32_1	safkReparAmAyaNam	bAlakANda	sarga-1
21.1	vane	21.1	--	vani{puM;8;eka}/vana{napuM;7;eka}	vana{napuM;7;eka}	aXikaraNam,22.1	aXikaraNam,27.1#aXikaraNam,22.1	1	03	030-32_1	safkReparAmAyaNam	bAlakANda	sarga-1
22.1	ramamANAH	22.1	--	ramamANa{puM;1;bahu(ram1;SAnac_lat;karwari;BvAxiH)}/ramamANA{swrI;1;bahu(ram1;SAnac_lat;karwari;BvAxiH)}/ramamANA{swrI;2;bahu(ram1;SAnac_lat;karwari;BvAxiH)}/ramamANa{puM;1;bahu}	ramamANa{puM;1;bahu}	viSeRaNam,24.1	varwamAnasamAnakAlaH,27.1#karwA,27.1#viSeRaNam,24.1#viSeRaNam,23.1#viSeRaNam,24.1	1	03	030-32_1	safkReparAmAyaNam	bAlakANda	sarga-1
23.1	we	23.1	--	wax{sarvanAma;puM;1;bahu}/wax{sarvanAma;napuM;1;xvi}/wax{sarvanAma;napuM;2;xvi}/wax{sarvanAma;swrI;1;xvi}/wax{sarvanAma;swrI;2;xvi}/yuRmax{sarvanAma;4;eka}/yuRmax{sarvanAma;6;eka}	wax{sarvanAma;puM;1;bahu}	viSeRaNam,24.1	RaRTIsambanXaH,24.1#RaRTIsambanXaH,21.1#RaRTIsambanXaH,20.3#RaRTIsambanXaH,18.1#RaRTIsambanXaH,17.1#RaRTIsambanXaH,15.1#prayojanam1,27.1#viSeRaNam,24.1#karwA,27.1	1	03	030-32_1	safkReparAmAyaNam	bAlakANda	sarga-1
24.1	wrayaH	24.1	--	wri{saMKyeyam;puM;1;bahu}/wraya{puM;1;eka}/wri{puM;8;bahu}	wri{saMKyeyam;puM;1;bahu}	karwA,27.1;karwA,19.1;karwA,14.1	karwA,27.1#karwA,19.1#karwA,14.1	1	03	030-32_1	safkReparAmAyaNam	bAlakANda	sarga-1
25.1	wawra	25.1	--	wawra{avya}	wawra{avya}	xeSAXikaraNam,27.1	xeSAXikaraNam,27.1	1	03	030-32_1	safkReparAmAyaNam	bAlakANda	sarga-1
26.1	suKam	26.1	--	suKam{avya}/suKa{puM;2;eka}/suKa{napuM;1;eka}/suKa{napuM;2;eka}	suKa{napuM;2;eka}	kriyAviSeRaNam,27.1	kriyAviSeRaNam,27.1	1	03	030-32_1	safkReparAmAyaNam	bAlakANda	sarga-1
27.1	nyavasan	27.1	--	ni_vas1{karwari;laf;pra;bahu;parasmEpaxI;BvAxiH}	ni_vas1{karwari;laf;pra;bahu;parasmEpaxI;BvAxiH}	aBihiwa_karwA,24.1;sakarmaka	-#aBihiwa_karwA,24.1;sakarmaka	1	03	030-32_1	safkReparAmAyaNam	bAlakANda	sarga-1
28.1	.	28.1	-	-	-	-	-	1	03	030-32_1	safkReparAmAyaNam	bAlakANda	sarga-1
3.1	lakRmaNena	2.1	--	lakRmaNa{puM;3;eka}	lakRmaNa{puM;3;eka}	samucciwaH,4.1	sup_samucciwaH,4.1#sahArWaH,27.1#sahArWaH,22.1#sahArWaH,19.1#sahArWaH,16.1#sahArWaH,14.1#sahArWaH,12.1#sahArWaH,9.1#hewuH,9.1	1	03	030-32_1	safkReparAmAyaNam	bAlakANda	sarga-1
4.1	sIwayA	3.1	--	sIwA{swrI;3;eka}	sIwA{swrI;3;eka}	sahArWaH,6.1	sahArWaH,27.1#sahArWaH,22.1#sahArWaH,19.1#sahArWaH,16.1#sahArWaH,14.1#sahArWaH,12.1#sahArWaH,9.1#hewuH,9.1#sahArWaH,6.1	1	03	030-32_1	safkReparAmAyaNam	bAlakANda	sarga-1
5.1	ca	4.1	--	ca{avya}	ca{avya}	samuccaya_xyowakaH,4.1	sup_samuccaya_xyowakaH,4.1#sambanXaH,4.1	1	03	030-32_1	safkReparAmAyaNam	bAlakANda	sarga-1
6.1	sahiwaH	5.1	--	sahiwa{puM;1;eka}/sahiwq{puM;8;eka}/sahiwq{napuM;8;eka}	sahiwa{puM;1;eka}	viSeRaNam,1.1	sahArWa_xyowakaH,7.1#sahArWa_xyowakaH,4.1#sahArWa_xyowakaH,3.1#sahArWa_xyowakaH,2.1#viSeRaNam,24.1#sambanXa_upa,9.1#viSeRaNam,1.1	1	03	030-32_1	safkReparAmAyaNam	bAlakANda	sarga-1
7.1	vanena	7.1	--	vana{napuM;3;eka}	vana{napuM;3;eka}	karaNavIpsA,8.1	sup_samucciwaH,4.1#sahArWaH,27.1#sahArWaH,22.1#sahArWaH,19.1#sahArWaH,16.1#sahArWaH,14.1#sahArWaH,12.1#sahArWaH,9.1#karaNam,9.1#hewuH,9.1#karaNavIpsA,8.1	1	03	030-32_1	safkReparAmAyaNam	bAlakANda	sarga-1
8.1	vanam	8.1	--	vana{napuM;1;eka}/vana{napuM;2;eka}	vana{napuM;2;eka}	karma,9.1	karma,9.1	1	03	030-32_1	safkReparAmAyaNam	bAlakANda	sarga-1
9.1	gawvA	9.1	--	gam1{avya;kwvA;BvAxiH}	gam1{avya;kwvA;BvAxiH}	pUrvakAlaH,27.1	pUrvakAlaH,27.1	1	03	030-32_1	safkReparAmAyaNam	bAlakANda	sarga-1
1.1	ciwrakUtam	2.1	ciwrakUtaM	ciwrakUta{puM;2;eka}	ciwrakUta{puM;2;eka}	karma,2.1	karma,11.1#karma,10.1#karma,9.1#Bkarma,2.1#karma,2.1	1	04	032_2-33_1	safkReparAmAyaNam	bAlakANda	sarga-1
10.1	vilapan	8.1	vilapan	vilapaw{puM;1;eka(vi_lap1;Sawq_lat;BvAxiH)}	vilapaw{puM;1;eka(vi_lap1;Sawq_lat;BvAxiH)}	varwamAnasamAnakAlaH,9.1	varwamAnasamAnakAlaH,9.1#karwA,9.1	1	04	032_2-33_1	safkReparAmAyaNam	bAlakANda	sarga-1
11.1	suwam	7.1	suwam	Ru2{karwari;lot;ma;xvi;parasmEpaxI;axAxiH}/suwa{puM;2;eka}/suwa{napuM;1;eka}/suwa{napuM;2;eka}	suwa{puM;2;eka}	karma,10.1	karma,10.1#karma,9.1#karwA,9.1#viSeRaNam,8.1#viSeRaNam,1.1	1	04	032_2-33_1	safkReparAmAyaNam	bAlakANda	sarga-1
12.1	.	12.1	.	-	-	-	-	1	04	032_2-33_1	safkReparAmAyaNam	bAlakANda	sarga-1
2.1	gawe	3.1	gawe	gawi{swrI;8;eka}/gawa{puM;7;eka(gam1;kwa;BvAxiH)}/gawa{napuM;7;eka(gam1;kwa;BvAxiH)}	gawa{puM;7;eka(gam1;kwa;BvAxiH)}	BAvalakRaNasapwamI_pUrvakAlaH,9.1	aXikaraNam,9.1#viSeRaNam,3.1#BAvalakRaNasapwamI_pUrvakAlaH,11.1#BAvalakRaNasapwamI_pUrvakAlaH,9.1#samboXyaH,11.1#samboXyaH,9.1	1	04	032_2-33_1	safkReparAmAyaNam	bAlakANda	sarga-1
3.1	rAme	1.1	rAme	rAmA{swrI;8;eka}/rAma{puM;7;eka}	rAma{puM;7;eka}	karwA,2.1	aXikaraNam,11.1#aXikaraNam,10.1#aXikaraNam,9.1#aXikaraNam,2.1#samboXyaH,11.1#samboXyaH,9.1#karwA,2.1	1	04	032_2-33_1	safkReparAmAyaNam	bAlakANda	sarga-1
4.1	puwra-	4.1	puwra-Soka-AwuraH	puwra	puwra	RaRTI-wawpuruRaH,4.2	RaRTI-wawpuruRaH,4.2	1	04	032_2-33_1	safkReparAmAyaNam	bAlakANda	sarga-1
4.2	Soka-	4.2	--	Soka	Soka	wqwIyA-wawpuruRaH,4.3	wqwIyA-wawpuruRaH,4.3	1	04	032_2-33_1	safkReparAmAyaNam	bAlakANda	sarga-1
4.3	AwuraH	4.3	--	Awura{puM;1;eka}	Awura{puM;1;eka}	viSeRaNam,7.1	viSeRaNam,10.1#viSeRaNam,7.1#viSeRaNam,6.1#karwA,9.1	1	04	032_2-33_1	safkReparAmAyaNam	bAlakANda	sarga-1
5.1	waWA	9.1	waWA	waWA{avya}	waWA{avya}	sambanXaH,9.1	kriyAviSeRaNam,11.1#kriyAviSeRaNam,9.1#sambanXaH,9.1	1	04	032_2-33_1	safkReparAmAyaNam	bAlakANda	sarga-1
6.1	rAjA	5.1	rAjA	rAjan{puM;1;eka}	rAjan{puM;1;eka}	viSeRaNam,7.1	karwA,9.1#aBexaH,7.1#viSeRaNam,7.1	1	04	032_2-33_1	safkReparAmAyaNam	bAlakANda	sarga-1
7.1	xaSaraWaH	6.1	xaSaraWaH	xaSaraWa{puM;1;eka}	xaSaraWa{puM;1;eka}	karwA,9.1	karwA,9.1	1	04	032_2-33_1	safkReparAmAyaNam	bAlakANda	sarga-1
8.1	svargam	10.1	svargaM	svarga{puM;2;eka}	svarga{puM;2;eka}	karma,9.1	karma,11.1#karma,10.1#karma,9.1	1	04	032_2-33_1	safkReparAmAyaNam	bAlakANda	sarga-1
9.1	jagAma	11.1	jagAma	gam1{karwari;lit;pra;eka;parasmEpaxI;BvAxiH}/gam1{karwari;lit;u;eka;parasmEpaxI;BvAxiH}	gam1{karwari;lit;pra;eka;parasmEpaxI;BvAxiH}	aBihiwa_karwA,7.1;sakarmaka	-#aBihiwa_karwA,7.1;sakarmaka	1	04	032_2-33_1	safkReparAmAyaNam	bAlakANda	sarga-1
1.1	gawe	2.1	gawe	gawi{swrI;8;eka}/gawa{puM;7;eka(gam1;kwa;BvAxiH)}/gawa{napuM;7;eka(gam1;kwa;BvAxiH)}	gawa{puM;7;eka(gam1;kwa;BvAxiH)}	BAvalakRaNapwamI_pUrvakAlaH,10.1	viSeRaNam,3.1#samboXyaH,10.1#samboXyaH,4.1#BAvalakRaNapwamI_pUrvakAlaH,10.1	1	04	033_2-34_1	safkReparAmAyaNam	bAlakANda	sarga-1
10.1	EcCaw	12.1	EcCaw	iR2{karwari;laf;pra;eka;parasmEpaxI;wuxAxiH}	iR2{karwari;laf;pra;eka;parasmEpaxI;wuxAxiH}	aBihiwa_karwA,12.2;sakarmaka	-#aBihiwa_karwA,12.2;sakarmaka	1	04	033_2-34_1	safkReparAmAyaNam	bAlakANda	sarga-1
11.1	rAjyam	10.1	rAjyaM	rAjya{napuM;1;eka}/rAjya{napuM;2;eka}	rAjya{napuM;2;eka}	karma,10.1	karma,10.1#karma,7.1#karma,4.1	1	04	033_2-34_1	safkReparAmAyaNam	bAlakANda	sarga-1
12.1	mahA-	8.1	mahA-balaH	mahA}/mahaw	mahA	RaRTI-bahuvrIhiH,12.2	RaRTI-bahuvrIhiH,12.2	1	04	033_2-34_1	safkReparAmAyaNam	bAlakANda	sarga-1
12.2	balaH	8.2	--	bala{puM;1;eka}	bala{puM;1;eka}	viSeRaNam,4.1	viSeRaNam,7.1#viSeRaNam,4.1#karwA,10.1	1	04	033_2-34_1	safkReparAmAyaNam	bAlakANda	sarga-1
13.1	.	13.1	.	-	-	-	-	1	04	033_2-34_1	safkReparAmAyaNam	bAlakANda	sarga-1
2.1	wu	3.1	wu	wu{avya}	wu{avya}	sambanXaH,1.1	sambanXaH,1.1	1	04	033_2-34_1	safkReparAmAyaNam	bAlakANda	sarga-1
3.1	wasmin	1.1	wasmin	wax{sarvanAma;napuM;7;eka}/wax{sarvanAma;puM;7;eka}	wax{sarvanAma;puM;7;eka}	karwA,1.1	viSeRaNam,1.1#aXikaraNam,10.1#aXikaraNam,7.1#aXikaraNam,4.1#karwA,1.1	1	04	033_2-34_1	safkReparAmAyaNam	bAlakANda	sarga-1
4.1	BarawaH	9.1	BarawaH	Bq1{karwari;lat;pra;xvi;parasmEpaxI;BvAxiH}/Barawa{puM;1;eka}/Baraw{puM;2;bahu}/Baraw{puM;5;eka}/Baraw{puM;6;eka}/Baraw{napuM;5;eka}/Baraw{napuM;6;eka}	Barawa{puM;1;eka}	karwA,10.1	RaRTIsambanXaH,12.2#RaRTIsambanXaH,11.1#RaRTIsambanXaH,8.1#RaRTIsambanXaH,6.1#RaRTIsambanXaH,3.1#hewuH5,10.1#hewuH5,7.1#apAxAnam,1.1#karma,10.1#karma,7.1#karwA,10.1	1	04	033_2-34_1	safkReparAmAyaNam	bAlakANda	sarga-1
5.1	vasiRTa-	4.1	vasiRTa-pramuKEH	vasiRTa	vasiRTa	RaRTI-bahuvrIhiH,5.2	RaRTI-bahuvrIhiH,5.2	1	04	033_2-34_1	safkReparAmAyaNam	bAlakANda	sarga-1
5.2	pramuKEH	4.2	--	pramuKa{puM;3;bahu}/pramuKa{napuM;3;bahu}	pramuKa{puM;3;bahu}	viSeRaNam,6.1	viSeRaNam,6.1#sahArWaH,7.1#karaNam,4.1#karaNam,1.1#hewuH,10.1#hewuH,7.1#hewuH,4.1	1	04	033_2-34_1	safkReparAmAyaNam	bAlakANda	sarga-1
6.1	xvijEH	5.1	xvijEH	xvija{puM;3;bahu}/xvija{napuM;3;bahu}	xvija{puM;3;bahu}	karwA,7.1	sahArWaH,7.1#karaNam,4.1#karaNam,1.1#hewuH,10.1#hewuH,7.1#hewuH,4.1#karwA,7.1	1	04	033_2-34_1	safkReparAmAyaNam	bAlakANda	sarga-1
7.1	niyujyamAnaH	7.1	niyujyamAnaH	niyujyamAna{puM;1;eka(ni_yuj2;SAnac_lat;karwari;ruXAxiH)}/niyujyamAna{puM;1;eka(ni_yuj1;SAnac_lat;karwari;xivAxiH);niyujyamAna{puM;1;eka(ni_yuj2;SAnac_lat;karmaNi;ruXAxiH)}	niyujyamAna{puM;1;eka(ni_yuj2;SAnac_lat;karmaNi;ruXAxiH)}	viSeRaNam,4.1	viSeRaNam,12.2#viSeRaNam,4.1#varwamAnasamAnakAlaH,10.1#karwA,10.1	1	04	033_2-34_1	safkReparAmAyaNam	bAlakANda	sarga-1
8.1	rAjyAya	6.1	rAjyAya	rAjya{napuM;4;eka}	rAjya{napuM;4;eka}	prayojanam,7.1	prayojanam1,10.1#prayojanam1,7.1#prayojanam1,4.1	1	04	033_2-34_1	safkReparAmAyaNam	bAlakANda	sarga-1
9.1	na	11.1	na	na{avya}	na{avya}	prawiReXaH,10.1	prawiReXaH,10.1	1	04	033_2-34_1	safkReparAmAyaNam	bAlakANda	sarga-1
1.1	saH	3.1	saH	wax{sarvanAma;puM;1;eka}	wax{sarvanAma;puM;1;eka}	karwA,2.1	viSeRaNam,5.3#viSeRaNam,4.1#karwA,2.1	1	04	034_2	safkReparAmAyaNam	bAlakANda	sarga-1
2.1	jagAma	5.1	jagAma	gam1{karwari;lit;pra;eka;parasmEpaxI;BvAxiH}/gam1{karwari;lit;u;eka;parasmEpaxI;BvAxiH}	gam1{karwari;lit;pra;eka;parasmEpaxI;BvAxiH}	aBihiwa_karwA,4.1;sakarmaka	-#aBihiwa_karwA,4.1;sakarmaka	1	04	034_2	safkReparAmAyaNam	bAlakANda	sarga-1
3.1	vanam	4.1	vanaM	vana{napuM;1;eka}/vana{napuM;2;eka}	vana{napuM;2;eka}	karma,2.1	karma,2.1#karwA,2.1	1	04	034_2	safkReparAmAyaNam	bAlakANda	sarga-1
4.1	vIraH	2.1	vIraH	vIra{puM;1;eka}	vIra{puM;1;eka}	viSeRaNam,1.1	viSeRaNam,5.3#viSeRaNam,1.1#karwA,2.1	1	04	034_2	safkReparAmAyaNam	bAlakANda	sarga-1
5.1	rAma-	1.1	rAma-pAxa-prasAxakaH	rAma	rAma	RaRTI-wawpuruRaH,5.2	RaRTI-wawpuruRaH,5.2	1	04	034_2	safkReparAmAyaNam	bAlakANda	sarga-1
5.2	pAxa-	1.2	--	pAxa	pAxa	upapaxa-wawpuruRaH,5.3	upapaxa-wawpuruRaH,5.3	1	04	034_2	safkReparAmAyaNam	bAlakANda	sarga-1
5.3	prasAxakaH	1.3	--	prasAxaka{puM;1;eka}	prasAxaka{puM;1;eka}	viSeRaNam,1.1	viSeRaNam,4.1#viSeRaNam,1.1#karwA,2.1	1	04	034_2	safkReparAmAyaNam	bAlakANda	sarga-1
6.1	.	6.1	.	-	-	-	-	1	04	034_2	safkReparAmAyaNam	bAlakANda	sarga-1
1.1	gawvA	6.1	gawvA	gam1{avya;kwvA;BvAxiH}	gam1{avya;kwvA;BvAxiH}	pUrvakAlaH,7.1	pUrvakAlaH,7.1	1	04	035	safkReparAmAyaNam	bAlakANda	sarga-1
10.1	Arya-	1.1	Arya-BAva-puraskqwaH	Arya	Arya	karmaXArayaH,10.2	karmaXArayaH,10.2	1	04	035	safkReparAmAyaNam	bAlakANda	sarga-1
10.2	BAva-	1.2	--	BAva(BU1;GaF;BvAxiH)	BAva(BU1;GaF;BvAxiH)	wqwIyA-wawpuruRaH,10.3	wqwIyA-wawpuruRaH,10.3	1	04	035	safkReparAmAyaNam	bAlakANda	sarga-1
10.3	puraskqwaH	1.3	--	puraskqwa{puM;1;eka}	puraskqwa{puM;1;eka}	viSeRaNam,3.1	viSeRaNam,3.1#karwA,7.1	1	04	035	safkReparAmAyaNam	bAlakANda	sarga-1
11.1	.	11.1	.	-	-	-	-	1	04	035	safkReparAmAyaNam	bAlakANda	sarga-1
2.1	wu	7.1	wu	wu{avya}	wu{avya}	sambanXaH,1.1	sambanXaH,1.1	1	04	035	safkReparAmAyaNam	bAlakANda	sarga-1
3.1	saH	2.1	saH	wax{sarvanAma;puM;1;eka}	wax{sarvanAma;puM;1;eka}	karwA,7.1;karwA,1.1	karwA,7.1#karwA,1.1	1	04	035	safkReparAmAyaNam	bAlakANda	sarga-1
4.1	mahAwmAnam	3.1	mahAwmAnaM	mahAwman{puM;2;eka}	mahAwman{puM;2;eka}	viSeRaNam,5.1	viSeRaNam,9.1#viSeRaNam,5.1#muKyakarma,7.1#karma,1.1#gONakarma,7.1	1	04	035	safkReparAmAyaNam	bAlakANda	sarga-1
5.1	rAmam	5.1	rAmaM	rAma{puM;2;eka}	rAma{puM;2;eka}	karma,1.1	viSeRaNam,9.1#muKyakarma,7.1#karma,1.1#gONakarma,7.1	1	04	035	safkReparAmAyaNam	bAlakANda	sarga-1
6.1	sawya-	4.1	sawya-parAkramam	sawya	sawya	RaRTI-bahuvrIhiH,6.2	RaRTI-bahuvrIhiH,6.2	1	04	035	safkReparAmAyaNam	bAlakANda	sarga-1
6.2	parAkramam	4.2	--	parAkrama{puM;2;eka}/parAkrama{napuM;1;eka}/parAkrama{napuM;2;eka}	parAkrama{puM;2;eka}	viSeRaNam,5.1	muKyakarma,7.1#karma,1.1#viXeya_viSeRaNam,3.1#karwA,7.1#viSeRaNam,9.1#viSeRaNam,8.1#viSeRaNam,5.1#viSeRaNam,4.1#gONakarma,7.1	1	04	035	safkReparAmAyaNam	bAlakANda	sarga-1
7.1	ayAcaw	10.1	ayAcaw	yAc1{karwari;laf;pra;eka;parasmEpaxI;BvAxiH}	yAc1{karwari;laf;pra;eka;parasmEpaxI;BvAxiH}	aBihiwa_karwA,10.3;sakarmaka	aBihiwa_karwA,10.3;sakarmaka	1	04	035	safkReparAmAyaNam	bAlakANda	sarga-1
8.1	BrAwaram	8.1	BrAwaraM	BrAwq{puM;2;eka}	BrAwq{puM;2;eka}	viSeRaNam,9.1	muKyakarma,7.1#karma,1.1#gONakarma,7.1#aBexaH,9.1#aBexaH,5.1#viSeRaNam,9.1	1	04	035	safkReparAmAyaNam	bAlakANda	sarga-1
9.1	rAmam	9.1	rAmam	rAma{puM;2;eka}	rAma{puM;2;eka}	karma,7.1	viSeRaNam,5.1#muKyakarma,7.1#karma,1.1#gONakarma,7.1#karma,7.1	1	04	035	safkReparAmAyaNam	bAlakANda	sarga-1
1.1	wvam	2.1	wvam	yuRmax{sarvanAma;1;eka}	yuRmax{sarvanAma;1;eka}	karwA,5.1	karwA_be_verbs,5.1	1	04	036	safkReparAmAyaNam	bAlakANda	sarga-1
10.1	.	10.1	.	-	-	-	-	1	04	036	safkReparAmAyaNam	bAlakANda	sarga-1
2.1	eva	3.1	eva	eva{avya}	eva{avya}	sambanXaH,1.1	sambanXaH,1.1	1	04	036	safkReparAmAyaNam	bAlakANda	sarga-1
3.1	rAjA	1.1	rAjA	rAjan{puM;1;eka}	rAjan{puM;1;eka}	viSeRaNam,1.1	viXeya_viSeRaNam,1.1#karwA,9.1#viSeRaNam,1.1	1	04	036	safkReparAmAyaNam	bAlakANda	sarga-1
4.1	XarmajFaH	4.1	XarmajFaH	XarmajFa{puM;1;eka}	XarmajFa{puM;1;eka}	viXeya_viSeRaNam,1.1	viXeya_viSeRaNam,1.1#viSeRaNam,8.1#viSeRaNam,3.1#karwA,9.1	1	04	036	safkReparAmAyaNam	bAlakANda	sarga-1
5.1	(asi)	5.1	asi	as2{karwari;lat;ma;eka;parasmEpaxI;axAxiH}	as2{karwari;lat;ma;eka;parasmEpaxI;axAxiH}	vAkyArWaH,8.1	vAkyArWaH,8.1#vAkyakarma,9.1	1	04	036	safkReparAmAyaNam	bAlakANda	sarga-1
6.1	iwi	6.1	iwi	iwi{avya}	iwi{avya}	vAkyArWa_xyowakaH,5.1	vAkyakarma_xyowakaH,5.1#vAkyArWa_xyowakaH,5.1	1	04	036	safkReparAmAyaNam	bAlakANda	sarga-1
7.1	rAmam	8.1	rAmaM	rAma{puM;2;eka}	rAma{puM;2;eka}	karma,9.1	muKyakarma,9.1#gONakarma,9.1#karma,9.1	1	04	036	safkReparAmAyaNam	bAlakANda	sarga-1
8.1	vacaH	7.1	vacaH	vaca{puM;1;eka}/vacas{napuM;1;eka}/vacas{napuM;2;eka}/vacas{napuM;8;eka}	vacas{napuM;2;eka}	karma,9.1	muKyakarma,9.1#karmasamAnAXikaraNam,7.1#viSeRaNam,1.1#karwA,9.1#karma,9.1	1	04	036	safkReparAmAyaNam	bAlakANda	sarga-1
9.1	abravIw	9.1	abravIw	brU1{karwari;laf;pra;eka;parasmEpaxI;axAxiH}	brU1{karwari;laf;pra;eka;parasmEpaxI;axAxiH}	aBihiwa_karwA,3.1	-#aBihiwa_karwA,3.1	1	04	036	safkReparAmAyaNam	bAlakANda	sarga-1
1.1	rAmaH	1.1	rAmaH	rA1{karwari;lat;u;bahu;parasmEpaxI;axAxiH}/rAma{puM;1;eka}	rAma{puM;1;eka}	karwA,7.1	karwA_be_verbs,7.1	2	04	036	safkReparAmAyaNam	bAlakANda	sarga-1
2.1	api	2.1	api	api{avya}	api{avya}	sambanXaH,1.1	sambanXaH,1.1	2	04	036	safkReparAmAyaNam	bAlakANda	sarga-1
3.1	parama-	3.1	parama-uxAraH	parama	parama	karmaXArayaH,3.2	karmaXArayaH,3.2	2	04	036	safkReparAmAyaNam	bAlakANda	sarga-1
3.2	uxAraH	3.2	--	uw_q2{karwari;luf;ma;eka;parasmEpaxI;juhowyAxiH}/uxAra{puM;1;eka(uw_q1;GaF;BvAxiH)}/uxAra{puM;1;eka(uw_q2;GaF;juhowyAxiH)}	uxAra{puM;1;eka(uw_q1;GaF;BvAxiH)}	samucciwaH,5.3	viXeya_viSeRaNam,1.1#viSeRaNam,5.3#viSeRaNam,4.2#karwA_be_verbs,7.1#sup_samucciwaH,5.3	2	04	036	safkReparAmAyaNam	bAlakANda	sarga-1
4.1	su-	4.1	su-muKaH	su	su	bahuvrIhiH,4.2	bahuvrIhiH,4.2	2	04	036	safkReparAmAyaNam	bAlakANda	sarga-1
4.2	muKaH	4.2	--	muKa{puM;1;eka}	muKa{puM;1;eka}	samucciwaH,5.3	viXeya_viSeRaNam,3.2#viXeya_viSeRaNam,1.1#viSeRaNam,5.3#karwA_be_verbs,7.1#sup_samucciwaH,5.3	2	04	036	safkReparAmAyaNam	bAlakANda	sarga-1
5.1	su-	5.1	su-mahA-yaSAH	su	su	bahuvrIhiH,5.2	bahuvrIhiH,5.2	2	04	036	safkReparAmAyaNam	bAlakANda	sarga-1
5.2	mahA-	5.2	--	mahaw	mahaw	karmaXArayaH,5.3	karmaXArayaH,5.3	2	04	036	safkReparAmAyaNam	bAlakANda	sarga-1
5.3	yaSAH	5.3	--	yaSas{puM;1;eka}	yaSas{puM;1;eka}	viXeya_viSeRaNam,1.1	viXeya_viSeRaNam,4.2#viXeya_viSeRaNam,3.2#viXeya_viSeRaNam,1.1#karwA_be_verbs,7.1	2	04	036	safkReparAmAyaNam	bAlakANda	sarga-1
6.1	(ca)	6.1	-	ca{avya}	ca{avya}	samuccaya_xyowakaH,5.3	sup_samuccaya_xyowakaH,5.3	2	04	036	safkReparAmAyaNam	bAlakANda	sarga-1
7.1	(AsIw)	7.1	(AsIw)	as2{karwari;laf;pra;eka;parasmEpaxI;axAxiH}	as2{karwari;laf;pra;eka;parasmEpaxI;axAxiH}	aBihiwa_karwA,1.1	-#aBihiwa_karwA,1.1	2	04	036	safkReparAmAyaNam	bAlakANda	sarga-1
8.1	.	8.1	.	-	-	-	-	2	04	036	safkReparAmAyaNam	bAlakANda	sarga-1
1.1	na	6.1	na	na{avya}	na{avya}	prawiReXaH,3.1	prawiReXaH,7.1#prawiReXaH,3.1	1	04	037_1	safkReparAmAyaNam	bAlakANda	sarga-1
2.1	ca	8.1	ca	ca{avya}	ca{avya}	sambanXaH,1.1	sambanXaH,1.1	1	04	037_1	safkReparAmAyaNam	bAlakANda	sarga-1
3.1	EcCaw	7.1	EcCaw	iR2{karwari;laf;pra;eka;parasmEpaxI;wuxAxiH}	iR2{karwari;laf;pra;eka;parasmEpaxI;wuxAxiH}	aBihiwa_karwA,7.1;sakarmaka	-#aBihiwa_karwA,7.1;sakarmaka	1	04	037_1	safkReparAmAyaNam	bAlakANda	sarga-1
4.1	piwuH	3.1	piwuH	piwq{puM;5;eka}/piwq{puM;6;eka}	piwq{puM;6;eka}	RaRTIsambanXaH,5.1	karwA,5.1#karma,5.1#RaRTIsambanXaH,8.2#RaRTIsambanXaH,7.1#RaRTIsambanXaH,6.1#RaRTIsambanXaH,5.1#hewuH5,7.1#hewuH5,5.1#hewuH5,3.1	1	04	037_1	safkReparAmAyaNam	bAlakANda	sarga-1
5.1	AxeSAw	4.1	AxeSAw	AxeSa{puM;5;eka(Af_xiS1;GaF;wuxAxiH)}	AxeSa{puM;5;eka(Af_xiS1;GaF;wuxAxiH)}	hewuH,3.1	viSeRaNam,4.1#hewuH5,7.1#hewuH5,3.1	1	04	037_1	safkReparAmAyaNam	bAlakANda	sarga-1
6.1	rAjyam	5.1	rAjyaM	rAjya{napuM;1;eka}/rAjya{napuM;2;eka}	rAjya{napuM;2;eka}	karma,3.1	karma,7.1#karma,3.1	1	04	037_1	safkReparAmAyaNam	bAlakANda	sarga-1
7.1	rAmaH	2.1	rAmaH	rA1{karwari;lat;u;bahu;parasmEpaxI;axAxiH}/rAma{puM;1;eka}	rAma{puM;1;eka}	karwA,3.1	karwA,3.1	1	04	037_1	safkReparAmAyaNam	bAlakANda	sarga-1
8.1	mahA-	1.1	mahA-balaH	mahaw	mahaw	samAsaH,8.2	samAsaH,8.2	1	04	037_1	safkReparAmAyaNam	bAlakANda	sarga-1
8.2	balaH	1.2	--	bala{puM;1;eka}	bala{puM;1;eka}	viSeRaNam,7.1	viSeRaNam,7.1#karwA,3.1	1	04	037_1	safkReparAmAyaNam	bAlakANda	sarga-1
9.1	.	9.1	.	-	-	-	-	1	04	037_1	safkReparAmAyaNam	bAlakANda	sarga-1
1.1	pAxuke	-	pAxuke	pAxukA{swrI;8;eka}/pAxuka{puM;7;eka}/pAxuka{napuM;7;eka}	pAxuka{swrI;2;xvi}	karma,6.1	aXikaraNam,11.1#aXikaraNam,9.1#aXikaraNam,6.1#aXikaraNam,3.1#samboXyaH,11.1#samboXyaH,9.1#samboXyaH,3.1#karma,6.1	1	04	037_2-38_1	safkReparAmAyaNam	bAlakANda	sarga-1
10.1	wawaH	-	wawaH	wawaH{avya}	wawaH{avya}	sambanXaH,9.1	sambanXaH,9.1#kArya_xyowakaH,9.1#apAxAnam,9.1	1	04	037_2-38_1	safkReparAmAyaNam	bAlakANda	sarga-1
11.1	Barawam	-	BarawaM	Bq1{karwari;lot;ma;xvi;parasmEpaxI;BvAxiH}/Barawa{puM;2;eka}	Barawa{puM;2;eka}	karma,9.1	karma,6.1#karma,9.1	1	04	037_2-38_1	safkReparAmAyaNam	bAlakANda	sarga-1
12.1	Barawa-	-	Barawa-agrajaH	Barawa	Barawa	RaRTI-bahuvrIhiH,12.2	RaRTI-bahuvrIhiH,12.2	1	04	037_2-38_1	safkReparAmAyaNam	bAlakANda	sarga-1
12.2	agra-	-	--	agra-	agra-	upapaxa-wawpuruRaH,12.3	upapaxa-wawpuruRaH,12.3	1	04	037_2-38_1	safkReparAmAyaNam	bAlakANda	sarga-1
12.3	jaH	-	--	ja{puM;1;eka}/ja{puM{1;eka}	ja{puM;1;eka}	karwA,9.1	karwA,9.1	1	04	037_2-38_1	safkReparAmAyaNam	bAlakANda	sarga-1
13.1	.	-	.	-	-	-	-	1	04	037_2-38_1	safkReparAmAyaNam	bAlakANda	sarga-1
2.1	ca	-	ca	ca{avya}	ca{avya}	sambanXaH,1.1	sambanXaH,1.1	1	04	037_2-38_1	safkReparAmAyaNam	bAlakANda	sarga-1
3.1	asya	-	asya	ixam{sarvanAma;puM;6;eka}/ixam{sarvanAma;napuM;6;eka}/as3{karwari;lot;ma;eka;parasmEpaxI;xivAxiH}	ixam{sarvanAma;puM;6;eka}	RaRTIsambanXaH,4.1	RaRTIsambanXaH,5.1#RaRTIsambanXaH,4.1#RaRTIsambanXaH,1.1	1	04	037_2-38_1	safkReparAmAyaNam	bAlakANda	sarga-1
4.1	rAjyAya	-	rAjyAya	rAjya{napuM;4;eka}	rAjya{napuM;4;eka}	prayojanam,6.1	prayojanam1,11.1#prayojanam1,9.1#prayojanam1,6.1#prayojanam1,3.1	1	04	037_2-38_1	safkReparAmAyaNam	bAlakANda	sarga-1
5.1	nyAsam	-	nyAsaM	nyAsa{puM;2;eka}	nyAsa{puM;2;eka}	karma,6.1	viSeRaNam,11.1#karma,11.1#karma,6.1#karma,3.1	1	04	037_2-38_1	safkReparAmAyaNam	bAlakANda	sarga-1
6.1	xawwvA	-	xawwvA	xA1{avya;kwvA;BvAxiH}	xA1{avya;kwvA;BvAxiH}	pUrvakAlaH,9.1	pUrvakAlaH,11.1#pUrvakAlaH,9.1#pUrvakAlaH,3.1	1	04	037_2-38_1	safkReparAmAyaNam	bAlakANda	sarga-1
7.1	punaH	-	punaH	punaH{avya}	punaH{avya}	vIpsA,8.1	vIpsA,8.1#kriyAviSeRaNam,11.1#kriyAviSeRaNam,9.1#kriyAviSeRaNam,6.1#kriyAviSeRaNam,3.1	1	04	037_2-38_1	safkReparAmAyaNam	bAlakANda	sarga-1
8.1	punaH	-	punaH	punaH{avya}	punaH{avya}	kriyAviSeRaNam,9.1	kriyAviSeRaNam,11.1#kriyAviSeRaNam,9.1#kriyAviSeRaNam,6.1#kriyAviSeRaNam,3.1	1	04	037_2-38_1	safkReparAmAyaNam	bAlakANda	sarga-1
9.1	nivarwayAmAsa	-	nivarwayAmAsa	ni_vqw1{karwari;lit;pra;eka;parasmEpaxI;BvAxiH}	ni_vqw1{karwari;lit;pra;eka;parasmEpaxI;BvAxiH}	aBihiwa_karwA,12.3;sakarmaka	-#aBihiwa_karwA,12.3;sakarmaka	1	04	037_2-38_1	safkReparAmAyaNam	bAlakANda	sarga-1
1.1	saH	1.1	saH	wax{sarvanAma;puM;1;eka}	wax{sarvanAma;puM;1;eka}	karwA,8.1;karwA,3.2	karwA,8.1#karwA,3.2	1	04	038_2-39_1	safkReparAmAyaNam	bAlakANda	sarga-1
10.1	rAma-	7.1	rAma-Agamana-kAfkRayA	rAma	rAma	RaRTI-wawpuruRaH,10.2	RaRTI-wawpuruRaH,10.2	1	04	038_2-39_1	safkReparAmAyaNam	bAlakANda	sarga-1
10.2	Agamana-	7.2	--	Agamana(Af_gam1;lyut;BvAxiH)	Agamana(Af_gam1;lyut;BvAxiH)	RaRTI-wawpuruRaH,10.3	RaRTI-wawpuruRaH,10.3	1	04	038_2-39_1	safkReparAmAyaNam	bAlakANda	sarga-1
10.3	kAfkRayA	7.3	--	kAfkRA{swrI;3;eka}	kAfkRA{swrI;3;eka}	hewuH,8.1	karaNam,8.1#hewuH,8.1#hewuH,6.1#hewuH,3.2	1	04	038_2-39_1	safkReparAmAyaNam	bAlakANda	sarga-1
11.1	.	11.1	.	-	-	-	-	1	04	038_2-39_1	safkReparAmAyaNam	bAlakANda	sarga-1
2.1	kAmam	2.1	kAmam	kAmam{avya}/kAma{puM;2;eka}	kAma{puM;2;eka}	karma,3.2	karma,8.1#karma,6.1#karma,3.2	1	04	038_2-39_1	safkReparAmAyaNam	bAlakANda	sarga-1
3.1	an-	3.1	an-avApya	an	an	naF-wawpuruRaH,3.2	naF-wawpuruRaH,3.2	1	04	038_2-39_1	safkReparAmAyaNam	bAlakANda	sarga-1
3.2	avApya	3.2	--	ava_Ap1{avya;lyap;svAxiH}/avApya{puM;8;eka}/avApya{napuM;8;eka}	ava_Ap1{avya;lyap;svAxiH}	pUrvakAlaH,8.1	samboXyaH,8.1#pUrvakAlaH,8.1	1	04	038_2-39_1	safkReparAmAyaNam	bAlakANda	sarga-1
4.1	eva	4.1	eva	eva{avya}	eva{avya}	sambanXaH,3.2	sambanXaH,3.2	1	04	038_2-39_1	safkReparAmAyaNam	bAlakANda	sarga-1
5.1	rAma-	5.1	rAma-pAxO	rAma	rAma	RaRTI-wawpuruRaH,5.2	RaRTI-wawpuruRaH,5.2	1	04	038_2-39_1	safkReparAmAyaNam	bAlakANda	sarga-1
5.2	pAxO	5.2	--	pAxa{puM;1;xvi}/pAxa{puM;2;xvi}/pAxa{puM;8;xvi}	pAxa{puM;2;xvi}	karma,6.1	samboXyaH,8.1#karma,8.1#karma,6.1#karma,3.2	1	04	038_2-39_1	safkReparAmAyaNam	bAlakANda	sarga-1
6.1	upaspqSan	6.1	upaspqSan	upaspqSaw{puM;1;eka(upa_spqS1;Sawq_lat;wuxAxiH)}	upaspqSaw{puM;1;eka(upa_spqS1;Sawq_lat;wuxAxiH)}	varwamAnasamAnakAlaH,8.1	varwamAnasamAnakAlaH,8.1#karwA,8.1	1	04	038_2-39_1	safkReparAmAyaNam	bAlakANda	sarga-1
7.1	nanxi-	8.1	nanxi-grAme	nanxi}/nanxin	nanxi	karmaXAraya,7.2	karmaXAraya,7.2	1	04	038_2-39_1	safkReparAmAyaNam	bAlakANda	sarga-1
7.2	grAme	8.2	--	grAma{puM;7;eka}/grAma{napuM;8;xvi}/grAma{napuM;1;xvi}/grAma{napuM;2;xvi}/grAma{napuM;7;eka}/grAmA{swrI;8;eka}/grAmA{swrI;8;xvi}/grAmA{swrI;1;xvi}/grAmA{swrI;2;xvi}	grAma{puM;7;eka}	aXikaraNam,8.1	karma,8.1#karma,6.1#karma,3.2#samboXyaH,8.1#aXikaraNam,10.2#aXikaraNam,8.1#aXikaraNam,6.1#aXikaraNam,3.2	1	04	038_2-39_1	safkReparAmAyaNam	bAlakANda	sarga-1
8.1	akarow	10.1	akarow	kq3{karwari;laf;pra;eka;parasmEpaxI;wanAxiH}	kq3{karwari;laf;pra;eka;parasmEpaxI;wanAxiH}	aBihiwa_karwA,1.1;sakarmaka	-#aBihiwa_karwA,1.1;sakarmaka	1	04	038_2-39_1	safkReparAmAyaNam	bAlakANda	sarga-1
9.1	rAjyam	9.1	rAjyaM	rAjya{napuM;1;eka}/rAjya{napuM;2;eka}	rAjya{napuM;2;eka}	karma,8.1	karma,8.1#karma,6.1#karma,3.2#karwA,8.1	1	04	038_2-39_1	safkReparAmAyaNam	bAlakANda	sarga-1
1.1	gawe	2.1	gawe	gawi{swrI;8;eka}/gawa{puM;7;eka(gam1;kwa;BvAxiH)}/gawa{napuM;7;eka(gam1;kwa;BvAxiH)}	gawa{puM;7;eka(gam1;kwa;BvAxiH)}	BAvalakRaNasapwamI_pUrvakAlaH,18.1	aXikaraNam,15.1#viSeRaNam,3.1#samboXyaH,18.1#samboXyaH,3.1#BAvalakRaNasapwamI_pUrvakAlaH,18.1	1	04	039_2-40	safkReparAmAyaNam	bAlakANda	sarga-1
10.1	AlakRya	16.1	AlakRya	Af_lakR1{avya;lyap;curAxiH}/Af_lakR2{avya{lyap;curAxiH}	Af_lakR2{avya;lyap;curAxiH}	pUrvakAlaH,18.1	pUrvakAlaH,18.1#pUrvakAlaH,3.1	1	04	039_2-40	safkReparAmAyaNam	bAlakANda	sarga-1
11.1	nAgarasya	10.1	nAgarasya	nAgara{puM;6;eka}/nAgara{napuM;6;eka}	nAgara{puM;6;eka}	samucciwaH,12.1	sup_samucciwaH,12.1#karwA,15.1#karma,15.1#RaRTIsambanXaH,17.1#RaRTIsambanXaH,16.1#RaRTIsambanXaH,12.1#RaRTIsambanXaH,6.2#RaRTIsambanXaH,4.1#RaRTIsambanXaH,3.1	1	04	039_2-40	safkReparAmAyaNam	bAlakANda	sarga-1
12.1	janasya	11.1	janasya	jana{puM;6;eka}	jana{puM;6;eka}	RaRTIsambanXaH,15.1	karwA,15.1#karma,15.1#RaRTIsambanXaH,17.1#RaRTIsambanXaH,16.1#RaRTIsambanXaH,11.1#RaRTIsambanXaH,6.2#RaRTIsambanXaH,4.1#RaRTIsambanXaH,3.1#RaRTIsambanXaH,15.1	1	04	039_2-40	safkReparAmAyaNam	bAlakANda	sarga-1
13.1	ca	12.1	ca	ca{avya}	ca{avya}	samuccaya_xyowakaH,12.1	sup_samuccaya_xyowakaH,12.1#sambanXaH,12.1	1	04	039_2-40	safkReparAmAyaNam	bAlakANda	sarga-1
14.1	wawra	13.1	wawra	wawra{avya}	wawra{avya}	xeSAXikaraNam,10.1	xeSAXikaraNam,18.1#xeSAXikaraNam,10.1#xeSAXikaraNam,3.1	1	04	039_2-40	safkReparAmAyaNam	bAlakANda	sarga-1
15.1	Agamanam	15.1	Agamanam	Agamana{napuM;1;eka(Af_gam1;lyut;BvAxiH)}/Agamana{napuM;2;eka(Af_gam1;lyut;BvAxiH)}	Agamana{napuM;2;eka(Af_gam1;lyut;BvAxiH)}	karma,10.1	karma,18.1#karma,10.1#karma,3.1#karwA,18.1#karwA,3.1	1	04	039_2-40	safkReparAmAyaNam	bAlakANda	sarga-1
16.1	ekAgraH	7.1	ekAgraH	ekAgra{puM;1;eka}	ekAgra{puM;1;eka}	viSeRaNam,7.1	viSeRaNam,7.1#viSeRaNam,6.2#viSeRaNam,5.2#viSeRaNam,4.1#karwA,18.1#karwA,3.1	1	04	039_2-40	safkReparAmAyaNam	bAlakANda	sarga-1
17.1	xaNdakAn	17.1	xaNdakAn	xaNdaka{puM;2;bahu}	xaNdaka{puM;2;bahu}	karma,18.1	karma,18.1#karma,15.1#karma,10.1#karma,3.1	1	04	039_2-40	safkReparAmAyaNam	bAlakANda	sarga-1
18.1	praviveSa	18.1	praviveSa	pra_viS1{karwari;lit;u;eka;parasmEpaxI;wuxAxiH}/pra_viS1{karwari{lit;pra;eka;parasmEpaxI;wuxAxiH}	pra_viS1{karwari;lit;pra;eka;parasmEpaxI;wuxAxiH}	aBihiwa_karwA,16.1;sakarmaka	-#aBihiwa_karwA,16.1;sakarmaka	1	04	039_2-40	safkReparAmAyaNam	bAlakANda	sarga-1
19.1	ha	19.1	ha	ha{avya}	ha{avya}	sambanXaH,18.1	sambanXaH,18.1	1	04	039_2-40	safkReparAmAyaNam	bAlakANda	sarga-1
2.1	wu	3.1	wu	wu{avya}	wu{avya}	sambanXaH,1.1	sambanXaH,1.1	1	04	039_2-40	safkReparAmAyaNam	bAlakANda	sarga-1
20.1	.	20.1	.	-	-	-	-	1	04	039_2-40	safkReparAmAyaNam	bAlakANda	sarga-1
3.1	Barawe	1.1	Barawe	Bq1{karwari;lat;pra;eka;AwmanepaxI;BvAxiH}/Baraw{puM;4;eka}/Baraw{napuM;4;eka}/Barawa{puM;7;eka}	Barawa{puM;7;eka}	karwA,1.1	aXikaraNam,18.1#aXikaraNam,15.1#aXikaraNam,10.1#prayojanam1,18.1#prayojanam1,15.1#prayojanam1,10.1#karwA,1.1	1	04	039_2-40	safkReparAmAyaNam	bAlakANda	sarga-1
4.1	SrImAn	4.1	SrImAn	SrImaw{puM;1;eka}/SrI{mawup;puM;1;eka}	SrImaw{puM;1;eka}	viSeRaNam,7.1	viSeRaNam,16.1#viSeRaNam,7.1#viSeRaNam,6.2#viSeRaNam,5.2#karwA,18.1#karwA,3.1	1	04	039_2-40	safkReparAmAyaNam	bAlakANda	sarga-1
5.1	sawya-	5.1	sawya-sanXaH	sawya	sawya	RaRTI-wawpuruRaH,5.2	RaRTI-wawpuruRaH,5.2	1	04	039_2-40	safkReparAmAyaNam	bAlakANda	sarga-1
5.2	sanXaH	5.2	--	sanXa{puM;1;eka}	sanXa{puM;1;eka}	viSeRaNam,7.1	viSeRaNam,16.1#viSeRaNam,7.1#viSeRaNam,6.2#viSeRaNam,4.1#karwA,18.1#karwA,3.1	1	04	039_2-40	safkReparAmAyaNam	bAlakANda	sarga-1
6.1	jiwa-	6.1	jiwenxriyaH	jiwa	jiwa	RaRTI-bahuvrIhiH,6.2	RaRTI-bahuvrIhiH,6.2	1	04	039_2-40	safkReparAmAyaNam	bAlakANda	sarga-1
6.2	inxriyaH	6.2	--	inxriya{puM;1;eka}	inxriya{puM;1;eka}	viSeRaNam,7.1	viSeRaNam,7.2#karwA,18.1#karwA,3.1#viSeRaNam,7.1	1	04	039_2-40	safkReparAmAyaNam	bAlakANda	sarga-1
7.1	rAmaH	8.1	rAmaH	rAma{puM;1;eka}	rAma{puM;1;eka}	karwA,18.1;karwA,10.1	karwA,18.1#karwA,10.1	1	04	039_2-40	safkReparAmAyaNam	bAlakANda	sarga-1
8.1	wu	9.1	wu	wu{avya}	wu{avya}	sambanXaH,7.1	sambanXaH,7.1	1	04	039_2-40	safkReparAmAyaNam	bAlakANda	sarga-1
9.1	punaH	14.1	punaH	punaH{avya}	punaH{avya}	kriyAviSeRaNam,10.1	kriyAviSeRaNam,18.1#kriyAviSeRaNam,10.1#kriyAviSeRaNam,3.1	1	04	039_2-40	safkReparAmAyaNam	bAlakANda	sarga-1
1.1	praviSya	4.1	praviSya	pra_viS1{avya;lyap;wuxAxiH}	pra_viS1{avya;lyap;wuxAxiH}	pUrvakAlaH,10.1	pUrvakAlaH,10.1	1	05	041-42_1	safkReparAmAyaNam	bAlakANda	sarga-1
10.1	xaxarSa	17.1	xaxarSa	xqS1{karwari;lit;pra;eka;parasmEpaxI;BvAxiH}/xqS1{karwari;lit;u;eka;parasmEpaxI;BvAxiH}	xqS1{karwari;lit;pra;eka;parasmEpaxI;BvAxiH}	aBihiwa_karwA,4.1;sakarmaka	-#aBihiwa_karwA,4.1;sakarmaka	1	05	041-42_1	safkReparAmAyaNam	bAlakANda	sarga-1
11.1	ha	18.1	ha	ha{avya}	ha{avya}	sambanXaH,10.1	sup_samucciwaH,13.1#sambanXaH,10.1	1	05	041-42_1	safkReparAmAyaNam	bAlakANda	sarga-1
12.1	suwIkRNam	10.1	suwIkRNaM	suwIkRNa{puM;2;eka}	suwIkRNa{puM;2;eka}	samucciwaH,17.2	sup_samucciwaH,17.2#sup_samucciwaH,15.1#karma,10.1#karma,8.1#samucciwaH,9.1	1	05	041-42_1	safkReparAmAyaNam	bAlakANda	sarga-1
13.1	ca	12.1	ca	ca{avya}	ca{avya}	samuccaya_xyowakaH,12.1	sup_samuccaya_xyowakaH,12.1#sambanXaH,12.1	1	05	041-42_1	safkReparAmAyaNam	bAlakANda	sarga-1
14.1	api	13.1	api	api{avya}	api{avya}	sambanXaH,13.1	sup_samuccaya_xyowakaH,13.1#sambanXaH,13.1	1	05	041-42_1	safkReparAmAyaNam	bAlakANda	sarga-1
15.1	agaswyam	14.1	agaswyaM	agaswya{puM;2;eka}	agaswya{puM;2;eka}	samucciwaH,17.2	sup_samucciwaH,17.2#sup_samucciwaH,12.1#karma,10.1#karma,8.1#samucciwaH,9.1	1	05	041-42_1	safkReparAmAyaNam	bAlakANda	sarga-1
16.1	ca	16.1	ca	ca{avya}	ca{avya}	samuccaya_xyowakaH,15.1	sup_samucciwaH,13.1#sup_samuccaya_xyowakaH,15.1#sambanXaH,15.1	1	05	041-42_1	safkReparAmAyaNam	bAlakANda	sarga-1
17.1	agaswya-	15.1	agaswya-BrAwaraM	agaswya	agaswya	RaRTI-wawpuruRaH,17.2	RaRTI-wawpuruRaH,17.2	1	05	041-42_1	safkReparAmAyaNam	bAlakANda	sarga-1
17.2	BrAwaram	15.2	--	BrAwq{puM;2;eka}/BrAwq{swrI;2;eka}	BrAwq{puM;2;eka}	karma,10.1	sup_samucciwaH,15.1#sup_samucciwaH,12.1#karma,10.1#karma,8.1#viSeRaNam,15.1#viSeRaNam,12.1#viSeRaNam,9.1#viSeRaNam,7.1#viSeRaNam,6.1#samucciwaH,9.1	1	05	041-42_1	safkReparAmAyaNam	bAlakANda	sarga-1
18.1	waWA	11.1	waWA	waWA{avya}	waWA{avya}	samuccaya_xyowakaH,17.2	sup_samuccaya_xyowakaH,17.2#kriyAviSeRaNam,10.1#kriyAviSeRaNam,8.1	1	05	041-42_1	safkReparAmAyaNam	bAlakANda	sarga-1
19.1	.	19.1	.	-	-	-	-	1	05	041-42_1	safkReparAmAyaNam	bAlakANda	sarga-1
2.1	wu	5.1	wu	wu{avya}	wu{avya}	sambanXaH,1.1	sambanXaH,1.1	1	05	041-42_1	safkReparAmAyaNam	bAlakANda	sarga-1
3.1	mahA-	3.1	mahA-araNyaM	mahA	mahA	karmaXAraya,3.2	karmaXAraya,3.2	1	05	041-42_1	safkReparAmAyaNam	bAlakANda	sarga-1
3.2	araNyam	3.2	--	araNya{napuM;1;eka}/araNya{napuM;2;eka}	araNya{napuM;2;eka}	karma,1.1	sup_samucciwaH,17.2#sup_samucciwaH,15.1#sup_samucciwaH,12.1#karma,10.1#karma,8.1#karwA,10.1#karma,1.1	1	05	041-42_1	safkReparAmAyaNam	bAlakANda	sarga-1
4.1	rAmaH	2.1	rAmaH	rAma{puM;1;eka}	rAma{puM;1;eka}	karwA,10.1;karwA,8.1;karwA,1.1	karwA,10.1#karwA,8.1#karwA,1.1	1	05	041-42_1	safkReparAmAyaNam	bAlakANda	sarga-1
5.1	rAjIva-	1.1	rAjIva-locanaH	rAjIva	rAjIva	RaRTI-bahuvrIhiH,5.2	RaRTI-bahuvrIhiH,5.2	1	05	041-42_1	safkReparAmAyaNam	bAlakANda	sarga-1
5.2	locanaH	1.2	--	locana{puM;1;eka}	locana{puM;1;eka}	viSeRaNam,4.1	viSeRaNam,4.1#karwA,10.1	1	05	041-42_1	safkReparAmAyaNam	bAlakANda	sarga-1
6.1	virAXam	6.1	virAXaM	virAXa{puM;2;eka}/virAXa{puM;2;eka(vi_rAX2;GaF;svAxiH)}/virAXa{puM;2;eka(vi_rAX1;GaF;xivAxiH)}	virAXa{puM;2;eka}	viSeRaNam,7.1	viSeRaNam,17.2#viSeRaNam,15.1#viSeRaNam,12.1#viSeRaNam,9.1#viSeRaNam,7.1#viSeRaNam,5.2#viSeRaNam,4.1#viSeRaNam,3.2#karma,10.1#karma,8.1#sup_samucciwaH,17.2#sup_samucciwaH,15.1#sup_samucciwaH,12.1	1	05	041-42_1	safkReparAmAyaNam	bAlakANda	sarga-1
7.1	rAkRasam	7.1	rAkRasaM	rAkRasa{puM;2;eka}	rAkRasa{puM;2;eka}	karma,8.1	sup_samucciwaH,17.2#sup_samucciwaH,15.1#sup_samucciwaH,12.1#karma,10.1#karma,8.1	1	05	041-42_1	safkReparAmAyaNam	bAlakANda	sarga-1
8.1	hawvA	8.1	hawvA	han1{avya;kwvA;axAxiH}	han1{avya;kwvA;axAxiH}	pUrvakAlaH,10.1	pUrvakAlaH,10.1	1	05	041-42_1	safkReparAmAyaNam	bAlakANda	sarga-1
9.1	SaraBafgam	9.1	SaraBafgaM	SaraBafga{puM;2;eka}	SaraBafga{puM;2;eka}	samucciwaH,17.2	sup_samucciwaH,17.2#sup_samucciwaH,15.1#sup_samucciwaH,12.1#karma,10.1#karma,8.1	1	05	041-42_1	safkReparAmAyaNam	bAlakANda	sarga-1
1.1	agaswya-	2.1	agaswya-vacanAw	agaswya	agaswya	RaRTI-wawpuruRaH,1.2	samAsaH,1.2#RaRTI-wawpuruRaH,1.2	1	05	042_2-43_1	safkReparAmAyaNam	bAlakANda	sarga-1
1.2	vacanAw	2.2	--	vacana{napuM;5;eka}	vacana{napuM;5;eka}	hewuH5,4.1	hewuH5,4.1#apAxAnam,4.1	1	05	042_2-43_1	safkReparAmAyaNam	bAlakANda	sarga-1
10.1	wUNI	10.1	wUNI	wUNI{swrI;1;eka}	wUNI{puM;2;xvi}	samucciwaH,6.2	sup_samucciwaH,6.2	1	05	042_2-43_1	safkReparAmAyaNam	bAlakANda	sarga-1
11.1	ca	11.1	ca	ca{avya}	ca{avya}	samuccaya_xyowakaH,10.1	sup_samuccaya_xyowakaH,10.1#sambanXaH,10.1	1	05	042_2-43_1	safkReparAmAyaNam	bAlakANda	sarga-1
12.1	akRaya-	9.1	akRaya-sAyakO	akRaya	akRaya	RaRTI-bahuvrIhiH,12.2	samAsaH,12.2#RaRTI-bahuvrIhiH,12.2	1	05	042_2-43_1	safkReparAmAyaNam	bAlakANda	sarga-1
12.2	sAyakO	9.2	--	sAyaka{puM;1;xvi}/sAyaka{puM;2;xvi}	sAyaka{puM;2;xvi}	viSeRaNam,10.1	viSeRaNam,10.1	1	05	042_2-43_1	safkReparAmAyaNam	bAlakANda	sarga-1
13.1	.	13.1	.	-	-	-	-	1	05	042_2-43_1	safkReparAmAyaNam	bAlakANda	sarga-1
2.1	ca	3.1	ca	ca{avya}	ca{avya}	sambanXaH,1.2	sambanXaH,1.2	1	05	042_2-43_1	safkReparAmAyaNam	bAlakANda	sarga-1
3.1	eva	4.1	eva	eva{avya}	eva{avya}	sambanXaH,2.1	sambanXaH,2.1	1	05	042_2-43_1	safkReparAmAyaNam	bAlakANda	sarga-1
4.1	jagrAha	12.1	jagrAha	grah1{karwari;lit;pra;eka;parasmEpaxI;kryAxiH}/grah1{karwari;lit;u;eka;parasmEpaxI;kryAxiH}	grah1{karwari;lit;pra;eka;parasmEpaxI;kryAxiH}	aBihiwa_karwA,10.1;sakarmaka	-#aBihiwa_karwA,10.1;sakarmaka	1	05	042_2-43_1	safkReparAmAyaNam	bAlakANda	sarga-1
5.1	Enxram	5.1	EnxraM	Enxra{puM;2;eka}/Enxra{napuM;1;eka}/Enxra{napuM;2;eka}	Enxra{napuM;2;eka}	viSeRaNam,6.2	viSeRaNam,6.2#sup_samucciwaH,7.1#karma,4.1#sup_samucciwaH,10.1#karwA,4.1#viSeRaNam,7.1	1	05	042_2-43_1	safkReparAmAyaNam	bAlakANda	sarga-1
6.1	Sara-	6.1	Sara-Asanam	Sara	Sara	RaRTI-wawpuruRaH,6.2	samAsaH,6.2#RaRTI-wawpuruRaH,6.2	1	05	042_2-43_1	safkReparAmAyaNam	bAlakANda	sarga-1
6.2	Asanam	6.2	--	Asana{napuM;1;eka}/Asana{napuM;2;eka}/Asana{puM;2;eka}	Asana{napuM;2;eka}	karma,4.1	viSeRaNam,7.1#viSeRaNam,5.1#sup_samucciwaH,7.1#karma,4.1#sup_samucciwaH,10.1#karwA,4.1	1	05	042_2-43_1	safkReparAmAyaNam	bAlakANda	sarga-1
7.1	Kadgam	7.1	KadgaM	Kadga{puM;2;eka}	Kadga{puM;2;eka}	samucciwaH,6.2	karma,4.1#samucciwaH,6.2	1	05	042_2-43_1	safkReparAmAyaNam	bAlakANda	sarga-1
8.1	ca	8.1	ca	ca{avya}	ca{avya}	samuccaya_xyowakaH,7.1	sup_samuccaya_xyowakaH,7.1#sambanXaH,7.1	1	05	042_2-43_1	safkReparAmAyaNam	bAlakANda	sarga-1
9.1	parama-	1.1	parama-prIwaH	parama	parama	karmaXArayaH,9.2	samAsaH,9.2#karmaXArayaH,9.2	1	05	042_2-43_1	safkReparAmAyaNam	bAlakANda	sarga-1
9.2	prIwaH	1.2	--	prIwa{puM;1;eka}	prIwa{puM;1;eka}	karwA,4.1	sup_samucciwaH,10.1#karwA,4.1	1	05	042_2-43_1	safkReparAmAyaNam	bAlakANda	sarga-1
1.1	saH	2.1	saH	wax{sarvanAma;puM;1;eka}	wax{sarvanAma;puM;1;eka}	karwA,3.1	karwA,3.1	1	05	044_2	safkReparAmAyaNam	bAlakANda	sarga-1
2.1	weRAm	4.1	weRAM	wax{sarvanAma;puM;6;bahu}/wax{sarvanAma;napuM;6;bahu}	wax{sarvanAma;puM;6;bahu}	viSeRaNam,4.1	RaRTIsambanXaH,7.1#RaRTIsambanXaH,5.1#RaRTIsambanXaH,4.1#RaRTIsambanXaH,1.1#viSeRaNam,4.1	1	05	044_2	safkReparAmAyaNam	bAlakANda	sarga-1
3.1	prawiSuSrAva	7.1	prawiSuSrAva	prawi_Sru1{karwari;lit;u;eka;parasmEpaxI;BvAxiH}/prawi_Sru1{karwari{lit;pra;eka;parasmEpaxI;BvAxiH}	prawi_Sru1{karwari;lit;pra;eka;parasmEpaxI;BvAxiH}	aBihiwa_karwA,1.1;sakarmaka	-#aBihiwa_karwA,1.1;sakarmaka	1	05	044_2	safkReparAmAyaNam	bAlakANda	sarga-1
4.1	rAkRasAnAm	5.1	rAkRasAnAM	rAkRasa{puM;6;bahu}	rAkRasa{puM;6;bahu}	RaRTIsambanXaH,5.1	RaRTIsambanXaH,7.1#RaRTIsambanXaH,5.1#RaRTIsambanXaH,2.1#RaRTIsambanXaH,1.1	1	05	044_2	safkReparAmAyaNam	bAlakANda	sarga-1
5.1	(vaXam)	6.1	vaXam	vaXa{puM;2;eka}	vaXa{puM;2;eka}	karma,3.1	karma,3.1	1	05	044_2	safkReparAmAyaNam	bAlakANda	sarga-1
6.1	waxA	1.1	waxA	waxA{avya}	waxA{avya}	kAlAXikaraNam,3.1	kAlAXikaraNam,3.1	1	05	044_2	safkReparAmAyaNam	bAlakANda	sarga-1
7.1	vane	3.1	vane	vani{puM;8;eka}/vana{napuM;7;eka}	vana{napuM;7;eka}	aXikaraNam,3.1	aXikaraNam,3.1#samboXyaH,3.1	1	05	044_2	safkReparAmAyaNam	bAlakANda	sarga-1
8.1	.	8.1	.	-	-	-	-	1	05	044_2	safkReparAmAyaNam	bAlakANda	sarga-1
1.1	prawijFAwaH	9.1	prawijFAwaH	prawijFA{avya;wasil}/prawijFAwa{puM;1;eka}/prawijFAwa{puM;1;eka(prawi_jFA1;kwa;krayAxiH)}	prawijFAwa{puM;1;eka(prawi_jFA1;kwa;krayAxiH)}	aBihiwa_karwA,3.1	-#aBihiwa_karwA,3.1	1	05	045	safkReparAmAyaNam	bAlakANda	sarga-1
10.1	xaNdaka-	3.1	xaNdaka-araNya-vAsinAm	xaNdaka	xaNdaka	karmaXAraya,10.2	karmaXAraya,10.2	1	05	045	safkReparAmAyaNam	bAlakANda	sarga-1
10.2	araNya-	3.2	--	araNya	araNya	RaRTI-wawpuruRaH,10.3	RaRTI-wawpuruRaH,10.3	1	05	045	safkReparAmAyaNam	bAlakANda	sarga-1
10.3	vAsinAm	3.3	--	vAsin{puM;6;bahu}	vAsin{puM;6;bahu}	viSeRaNam,8.1	viSeRaNam,9.2#viSeRaNam,8.1#RaRTIsambanXaH,9.2#RaRTIsambanXaH,8.1#RaRTIsambanXaH,7.1#RaRTIsambanXaH,6.1#RaRTIsambanXaH,5.1#RaRTIsambanXaH,4.1#RaRTIsambanXaH,3.1#RaRTIsambanXaH,1.1	1	05	045	safkReparAmAyaNam	bAlakANda	sarga-1
11.1	.	11.1	.	-	-	-	-	1	05	045	safkReparAmAyaNam	bAlakANda	sarga-1
2.1	ca	10.1	ca	ca{avya}	ca{avya}	sambanXaH,1.1	sup_samuccaya_xyowakaH,1.1#sambanXaH,1.1	1	05	045	safkReparAmAyaNam	bAlakANda	sarga-1
3.1	rAmeNa	1.1	rAmeNa	rAma{puM;3;eka}	rAma{puM;3;eka}	karwA,1.1	karwA,1.1#hewuH,1.1	1	05	045	safkReparAmAyaNam	bAlakANda	sarga-1
4.1	vaXaH	8.1	vaXaH	vaXa{puM;1;eka(han1;kap;axAxiH)}	vaXa{puM;1;eka(han1;kap;axAxiH)}	karma,1.1	sup_samucciwaH,1.1#karma,1.1	1	05	045	safkReparAmAyaNam	bAlakANda	sarga-1
5.1	saMyawi	6.1	saMyawi	saMyaw{swrI;7;eka}	saMyaw{swrI;7;eka}	aXikaraNam,4.1	aXikaraNam,1.1#aXikaraNam,4.1	1	05	045	safkReparAmAyaNam	bAlakANda	sarga-1
6.1	rakRasAm	7.1	rakRasAm	rakRas{napuM;6;bahu}	rakRas{napuM;6;bahu}	karma,4.1	RaRTIsambanXaH,10.3#RaRTIsambanXaH,9.2#RaRTIsambanXaH,8.1#RaRTIsambanXaH,7.1#RaRTIsambanXaH,5.1#RaRTIsambanXaH,4.1#RaRTIsambanXaH,3.1#karma,4.1	1	05	045	safkReparAmAyaNam	bAlakANda	sarga-1
7.1	(sanniXO)	5.1	sanniXO	sanniXi{puM;7;eka}	sanniXi{puM;7;eka}	aXikaraNam,1.1	aXikaraNam,1.1	1	05	045	safkReparAmAyaNam	bAlakANda	sarga-1
8.1	qRINAm	4.1	qRINAm	qRi{puM;6;bahu}	qRi{puM;6;bahu}	RaRTIsambanXaH,7.1	RaRTIsambanXaH,10.3#RaRTIsambanXaH,9.2#RaRTIsambanXaH,7.1#RaRTIsambanXaH,6.1#RaRTIsambanXaH,5.1#RaRTIsambanXaH,4.1#RaRTIsambanXaH,3.1	1	05	045	safkReparAmAyaNam	bAlakANda	sarga-1
9.1	agni-	2.1	agni-kalpAnAM	agni	agni	RaRTI-bahuvrIhiH,9.2	RaRTI-bahuvrIhiH,9.2	1	05	045	safkReparAmAyaNam	bAlakANda	sarga-1
9.2	kalpAnAm	2.2	--	kalpa{puM;6;bahu}/kalpa{napuM;6;bahu}/kalpA{swrI;6;bahu}	kalpa{puM;6;bahu}	viSeRaNam,8.1	RaRTIsambanXaH,10.3#RaRTIsambanXaH,8.1#RaRTIsambanXaH,7.1#RaRTIsambanXaH,6.1#RaRTIsambanXaH,5.1#RaRTIsambanXaH,4.1#RaRTIsambanXaH,3.1#viSeRaNam,6.1#viSeRaNam,10.3#viSeRaNam,8.1	1	05	045	safkReparAmAyaNam	bAlakANda	sarga-1
1.1	wena	4.1	wena	wax{sarvanAma;puM;3;eka}/wax{sarvanAma;napuM;3;eka}/wan1{karwari;lit;ma;bahu;parasmEpaxI;wanAxiH}	wax{sarvanAma;puM;3;eka}	karwA,6.1	viSeRaNam,4.1#hewuH,4.1#karwA,61#karwA,6.1	1	05	046	safkReparAmAyaNam	bAlakANda	sarga-1
10.1	.	10.1	.	-	-	-	-	1	05	046	safkReparAmAyaNam	bAlakANda	sarga-1
2.1	wawra	1.1	wawra	wawra{avya}	wawra{avya}	xeSAXikaraNam,4.1	xeSAXikaraNam,1.1#xeSAXikaraNam,6.1#xeSAXikaraNam,4.1	1	05	046	safkReparAmAyaNam	bAlakANda	sarga-1
3.1	eva	2.1	eva	eva{avya}	eva{avya}	sambanXaH,2.1	sambanXaH,2.1	1	05	046	safkReparAmAyaNam	bAlakANda	sarga-1
4.1	vasawA	3.1	vasawA	vasaw{puM;3;eka(vas1;Sawq_lat;BvAxiH)}/vasaw{napuM;3;eka(vas1;Sawq_lat;BvAxiH)}	vasaw{puM;3;eka(vas1;Sawq_lat;BvAxiH)}	viSeRaNam,1.1	viSeRaNam,1.1#hewuH,1.1	1	05	046	safkReparAmAyaNam	bAlakANda	sarga-1
5.1	jana-	5.1	jana-sWAna-nivAsinI	jana	jana	RaRTI-wawpuruRaH,5.2	RaRTI-wawpuruRaH,5.2	1	05	046	safkReparAmAyaNam	bAlakANda	sarga-1
5.2	sWAna-	5.2	--	sWAna	sWAna	upapaxa-wawpuruRaH,5.3	upapaxa-wawpuruRaH,5.3	1	05	046	safkReparAmAyaNam	bAlakANda	sarga-1
5.3	nivAsinI	5.3	--	nivAsinI{swrI;1;eka}	nivAsinI{swrI;1;eka}	viSeRaNam,7.1	viSeRaNam,9.2#viSeRaNam,8.1#viSeRaNam,7.1#viSeRaNam,6.1	1	05	046	safkReparAmAyaNam	bAlakANda	sarga-1
6.1	virUpiwA	9.1	virUpiwA	virUpiwA{swrI;1;eka(vi_rUp;kwa;curAxiH)}	virUpiwA{swrI;1;eka(vi_rUp;kwa;curAxiH)}	aBihiwa_karwA,1.1	viSeRaNam,9.2#viSeRaNam,8.1#viSeRaNam,7.1#viSeRaNam,5.3#aBihiwa_karwA,1.1	1	05	046	safkReparAmAyaNam	bAlakANda	sarga-1
7.1	SUrpaNaKA	8.1	SUrpaNaKA	SUrpaNaKA{swrI;1;eka}	SUrpaNaKA{swrI;1;eka}	karma,6.1	karma,6.1	1	05	046	safkReparAmAyaNam	bAlakANda	sarga-1
8.1	rAkRasI	7.1	rAkRasI	rAkRasI{swrI;1;eka}	rAkRasI{swrI;1;eka}	viSeRaNam,7.1	viSeRaNam,9.2#viSeRaNam,6.1#viSeRaNam,5.3#aBexaH,7.1#viSeRaNam,7.1	1	05	046	safkReparAmAyaNam	bAlakANda	sarga-1
9.1	kAma-	6.1	kAma-rUpiNI	kAma	kAma	karmaXAraya,9.2	karmaXAraya,9.2	1	05	046	safkReparAmAyaNam	bAlakANda	sarga-1
9.2	rUpiNI	6.2	--	rUpin{napuM;1;xvi}/rUpin{napuM;2;xvi}/rUpin{napuM;8;xvi}/rUpiNI{swrI;1;eka}	rUpiNI{swrI;1;eka}	viSeRaNam,7.1	viSeRaNam,8.1#viSeRaNam,7.1#viSeRaNam,6.1#viSeRaNam,5.3	1	05	046	safkReparAmAyaNam	bAlakANda	sarga-1
1.1	wawaH	1.1	wawaH	wawaH{avya}	wawaH{avya}	sambanXaH,19.1	sambanXaH,19.1#kArya_xyowakaH,19.1	1	05	047-48_1	safkReparAmAyaNam	bAlakANda	sarga-1
10.1	ca	10.1	ca	ca{avya}	ca{avya}	sambanXaH,9.1	sup_samuccaya_xyowakaH,9.1#sambanXaH,9.1	1	05	047-48_1	safkReparAmAyaNam	bAlakANda	sarga-1
11.1	eva	11.1	eva	eva{avya}	eva{avya}	sambanXaH,10.1	sambanXaH,10.1	1	05	047-48_1	safkReparAmAyaNam	bAlakANda	sarga-1
12.1	rAkRasam	12.1	rAkRasam	rAkRasa{puM;2;eka}	rAkRasa{puM;2;eka}	viSeRaNam,9.1	viSeRaNam,7.1#sup_samucciwaH,14.1#sup_samucciwaH,9.1#karma,19.1#viSeRaNam,9.1	1	05	047-48_1	safkReparAmAyaNam	bAlakANda	sarga-1
13.1	weRAm	16.1	--	wax{sarvanAma;puM;6;bahu}/wax{sarvanAma;napuM;6;bahu}	wax{sarvanAma;puM;6;bahu}	RaRTIsambanXaH,14.1	RaRTIsambanXaH,14.1#RaRTIsambanXaH,6.1#RaRTIsambanXaH,5.1#RaRTIsambanXaH,4.2#RaRTIsambanXaH,2.2	1	05	047-48_1	safkReparAmAyaNam	bAlakANda	sarga-1
14.1	paxAnugAn	19.1	--	paxAnuga{puM;2;bahu}	paxAnuga{puM;2;bahu}	karma,19.1	sup_samucciwaH,9.1#karma,19.1	1	05	047-48_1	safkReparAmAyaNam	bAlakANda	sarga-1
15.1	ca	17.1	--	ca{avya}	ca{avya}	samuccaya_xyowakaH,14.1	sup_samuccaya_xyowakaH,14.1#sambanXaH,14.1	1	05	047-48_1	safkReparAmAyaNam	bAlakANda	sarga-1
16.1	eva	18.1	--	eva{avya}	eva{avya}	sambanXaH,15.1	sambanXaH,15.1	1	05	047-48_1	safkReparAmAyaNam	bAlakANda	sarga-1
17.1	raNe	14.1	--	raNa{puM;7;eka}/raNa{napuM;7;eka}	raNa{puM;7;eka}	aXikaraNam,19.1	aXikaraNam,19.1	1	05	047-48_1	safkReparAmAyaNam	bAlakANda	sarga-1
18.1	rAmaH	15.1	--	rAma{puM;1;eka}	rAma{puM;1;eka}	karwA,19.1	sup_samucciwaH,9.1#karwA,19.1	1	05	047-48_1	safkReparAmAyaNam	bAlakANda	sarga-1
19.1	nijaGAna	13.1	--	ni_han1{karwari;lit;pra;eka;parasmEpaxI;axAxiH}/ni_han1{karwari{lit;u;eka;parasmEpaxI;axAxiH}	ni_han1{karwari;lit;pra;eka;parasmEpaxI;axAxiH}	aBihiwa_karwA,16.1;sakarmaka	-	1	05	047-48_1	safkReparAmAyaNam	bAlakANda	sarga-1
2.1	SUrpaNaKA-	2.1	SUrpaNaKA-vAkyAw	SUrpaNaKA	SUrpaNaKA	RaRTI-wawpuruRaH,2.2	RaRTI-wawpuruRaH,2.2	1	05	047-48_1	safkReparAmAyaNam	bAlakANda	sarga-1
2.2	vAkyAw	2.2	--	vAkya{napuM;5;eka}/vAkya{puM;5;eka}	vAkya{napuM;5;eka}	hewuH,3.1	hewuH5,17.1#hewuH5,3.1	1	05	047-48_1	safkReparAmAyaNam	bAlakANda	sarga-1
20.1	.	20.1	-	-	-	-	-	1	05	047-48_1	safkReparAmAyaNam	bAlakANda	sarga-1
3.1	uxyukwAn	3.1	uxyukwAn	uxyukwa{puM;2;bahu(uw_vac1;kwa;axAxiH)}	uxyukwa{puM;2;bahu(uw_vac1;kwa;axAxiH)}	viSeRaNam,4.2	viSeRaNam,16.1#viSeRaNam,15.1#viSeRaNam,12.1#viSeRaNam,11.1#viSeRaNam,10.1#viSeRaNam,7.1#viSeRaNam,6.1#viSeRaNam,5.1#viSeRaNam,4.2#karma,17.1	1	05	047-48_1	safkReparAmAyaNam	bAlakANda	sarga-1
4.1	sarva-	4.1	sarva-rAkRasAn	sarva	sarva	karmaXAraya,4.2	karmaXAraya,4.2	1	05	047-48_1	safkReparAmAyaNam	bAlakANda	sarga-1
4.2	rAkRasAn	4.2	--	rAkRasa{puM;2;bahu}	rAkRasa{puM;2;bahu}	samucciwaH,14.1	viSeRaNam,14.1#sup_samucciwaH,14.1#sup_samucciwaH,9.1#karma,19.1	1	05	047-48_1	safkReparAmAyaNam	bAlakANda	sarga-1
5.1	Karam	5.1	KaraM	Kara{puM;2;eka}	Kara{puM;2;eka}	GatakaH,4.2	GatakaH,4.2#viSeRaNam,10.1#viSeRaNam,7.1#viSeRaNam,6.1#sup_samucciwaH,12.1#sup_samucciwaH,7.1#karma,17.1	1	05	047-48_1	safkReparAmAyaNam	bAlakANda	sarga-1
6.1	wriSirasam	6.1	wriSirasaM	wriSiras{puM;2;eka}	wriSiras{puM;2;eka}	GatakaH,4.2	GatakaH,4.2#sup_samucciwaH,12.1#sup_samucciwaH,7.1#karma,17.1	1	05	047-48_1	safkReparAmAyaNam	bAlakANda	sarga-1
7.1	ca	7.1	-	ca{avya}	ca{avya}	sambanXaH,6.1	sambanXaH,6.1	1	05	047-48_1	safkReparAmAyaNam	bAlakANda	sarga-1
8.1	eva	8.1	-	eva{avya}	eva{avya}	sambanXaH,7.1	sambanXaH,7.1	1	05	047-48_1	safkReparAmAyaNam	bAlakANda	sarga-1
9.1	xURaNam	9.1	xURaNaM	xURaNa{puM;2;eka}/xURaNa{napuM;1;eka}/xURaNa{napuM;2;eka}	xURaNa{puM;2;eka}	GatakaH,4.2	GatakaH,4.2#sup_samucciwaH,12.1#karma,17.1#karwA,17.1#viSeRaNam,10.1	1	05	047-48_1	safkReparAmAyaNam	bAlakANda	sarga-1
1.1	vane	2.1	vane	vana{napuM;1;xvi}/vana{napuM;2;xvi}/vana{napuM;8;xvi}/vani{puM;8;eka}/vana{napuM;7;eka}	vana{napuM;7;eka}	aXikaraNam,3.1	aXikaraNam,7.1#aXikaraNam,6.1#aXikaraNam,3.1#karma,7.1#karma,6.1	1	05	048_2-49_1	safkReparAmAyaNam	bAlakANda	sarga-1
10.1	.	10.1	.	-	-	-	-	1	05	048_2-49_1	safkReparAmAyaNam	bAlakANda	sarga-1
2.1	wasmin	1.1	wasmin	wax{sarvanAma;puM;7;eka}/wax{sarvanAma;napuM;7;eka}	wax{sarvanAma;puM;7;eka}	viSeRaNam,1.1	viSeRaNam,1.1#aXikaraNam,7.1#aXikaraNam,6.1#aXikaraNam,3.1	1	05	048_2-49_1	safkReparAmAyaNam	bAlakANda	sarga-1
3.1	nivasawA	3.1	nivasawA	nivasaw{puM;3;eka(ni_vas2;Sawq_lat;axAxiH)}/nivasaw{napuM;3;eka(ni_vas2;Sawq_lat;axAxiH)}/nivasaw{puM;3;eka(ni_vas1;Sawq_lat;BvAxiH)}/nivasaw{napuM;3;eka(ni_vas1;Sawq_lat;BvAxiH)}	nivasaw{puM;3;eka(ni_vas2;Sawq_lat;axAxiH)}	karwA,6.1	karwA,6.1#karaNam,6.1#hewuH,7.1#hewuH,6.1	1	05	048_2-49_1	safkReparAmAyaNam	bAlakANda	sarga-1
4.1	jana-	4.1	jana-sWAna-nivAsinAm	jana	jana	RaRTI-wawpuruRaH,4.2	RaRTI-wawpuruRaH,4.2	1	05	048_2-49_1	safkReparAmAyaNam	bAlakANda	sarga-1
4.2	sWAna-	4.2	--	sWAna	sWAna	upapaxa-wawpuruRaH,4.3	upapaxa-wawpuruRaH,4.3	1	05	048_2-49_1	safkReparAmAyaNam	bAlakANda	sarga-1
4.3	nivAsinAm	4.3	--	nivAsin{puM;6;bahu}/nivAsin{napuM;6;bahu}	nivAsin{napuM;6;bahu}	viSeRaNam,5.1	RaRTIsambanXaH,9.1#RaRTIsambanXaH,8.1#RaRTIsambanXaH,7.1#RaRTIsambanXaH,5.1#RaRTIsambanXaH,1.1#viSeRaNam,5.1	1	05	048_2-49_1	safkReparAmAyaNam	bAlakANda	sarga-1
5.1	rakRasAm	5.1	rakRasAM	rakRas{napuM;6;bahu}	rakRas{napuM;6;bahu}	RaRTIsambanXaH,8.1	RaRTIsambanXaH,9.1#RaRTIsambanXaH,8.1#RaRTIsambanXaH,7.1#RaRTIsambanXaH,4.3#RaRTIsambanXaH,1.1	1	05	048_2-49_1	safkReparAmAyaNam	bAlakANda	sarga-1
6.1	nihawAni	8.1	nihawAni	nihawa{napuM;1;bahu(ni_han1;kwa;axAxiH)}/nihawa{napuM;2;bahu(ni_han1;kwa;axAxiH)}	nihawa{napuM;1;bahu(ni_han1;kwa;axAxiH)}	karwA,7.1	viSeRaNam,9.1#viSeRaNam,8.1#karma,7.1#karwA_be_verbs,7.1#karwA,7.1	1	05	048_2-49_1	safkReparAmAyaNam	bAlakANda	sarga-1
7.1	Asan	9.1	Asan	as1{karwari;laf;pra;bahu;parasmEpaxI;BvAxiH}/as2{karwari;laf;pra;bahu;parasmEpaxI;axAxiH}/Asan{napuM;8;eka}	as1{karwari;laf;pra;bahu;parasmEpaxI;BvAxiH}	aBihiwa_karwA,6.1	-#aBihiwa_karwA,6.1	1	05	048_2-49_1	safkReparAmAyaNam	bAlakANda	sarga-1
8.1	sahasrANi	7.1	sahasrANi	sahasra{saMKyA;napuM;1;bahu}/sahasra{saMKyA;napuM;2;bahu}	sahasra{saMKyA;napuM;1;bahu}	karma,6.1	viSeRaNam,9.1#viSeRaNam,6.1#karma,7.1#karma,6.1#karwA_be_verbs,7.1#karwA,7.1	1	05	048_2-49_1	safkReparAmAyaNam	bAlakANda	sarga-1
9.1	cawurxaSa	6.1	cawurxaSa	cawurxaSa{puM;8;eka}/cawurxaSa{napuM;8;eka}/cawurxaSan{saMKyeyam;1;bahu}/cawurxaSan{saMKyeyam;2;bahu}/cawurxaSan{saMKyA;napuM;1;bahu}/cawurxaSan{saMKyA;napuM;2;bahu}	cawurxaSan{saMKyA;napuM;1;bahu}	viSeRaNam,8.1	viSeRaNam,8.1#viSeRaNam,6.1#karma,7.1#karma,6.1#karwA_be_verbs,7.1#karwA,7.1#viSeRaNam,7.1#viSeRaNam,1.1	1	05	048_2-49_1	safkReparAmAyaNam	bAlakANda	sarga-1
1.1	wawaH	1.1	wawaH	wawaH{avya}	wawaH{avya}	sambanXaH,5.2	sambanXaH,5.2#kArya_xyowakaH,5.2#apAxAnam,3.1	1	05	049_2	safkReparAmAyaNam	bAlakANda	sarga-1
2.1	jFAwi-	2.1	jFAwi-vaXaM	jFAwi	jFAwi	RaRTI-wawpuruRaH,2.2	RaRTI-wawpuruRaH,2.2	1	05	049_2	safkReparAmAyaNam	bAlakANda	sarga-1
2.2	vaXam	2.2	--	vaXa{puM;2;eka}/vaXa{napuM;1;eka}/vaXa{napuM;2;eka}	vaXa{puM;2;eka}	karma,3.1	karma,3.1	1	05	049_2	safkReparAmAyaNam	bAlakANda	sarga-1
3.1	SruwvA	3.1	SruwvA	Sru1{avya;kwvA;BvAxiH}	Sru1{avya;kwvA;BvAxiH}	pUrvakAlaH,5.2	pUrvakAlaH,5.2	1	05	049_2	safkReparAmAyaNam	bAlakANda	sarga-1
4.1	rAvaNaH	4.1	rAvaNaH	rAvaNa{puM;1;eka}	rAvaNa{puM;1;eka}	karwA,5.2;karwA,3.1	karwA,5.2#karwA,3.1	1	05	049_2	safkReparAmAyaNam	bAlakANda	sarga-1
5.1	kroXa-	5.1	kroXa-mUrCiwaH	kroXa	kroXa	wqwIyA-wawpuruRaH,5.2	wqwIyA-wawpuruRaH,5.2	1	05	049_2	safkReparAmAyaNam	bAlakANda	sarga-1
5.2	mUrCiwaH	5.2	--	mUrCiwa{puM;1;eka(murC1;kwa;BvAxiH)}	mUrCiwa{puM;1;eka(murC1;kwa;BvAxiH)}	aBihiwa_karwA,4.1	-#aBihiwa_karwA,4.1	1	05	049_2	safkReparAmAyaNam	bAlakANda	sarga-1
6.1	.	6.1	.	-	-	-	-	1	05	049_2	safkReparAmAyaNam	bAlakANda	sarga-1
1.1	sahAyam	4.1	sahAyaM	sahAya{puM;2;eka}	sahAya{puM;2;eka}	karma,2.1	muKyakarma,2.1#gONakarma,2.1#karma,2.1	1	05	050	safkReparAmAyaNam	bAlakANda	sarga-1
2.1	varayAmAsa	5.1	varayAmAsa	vq2{karwari;lit;pra;eka;parasmEpaxI;axAxiH}	vq2{karwari;lit;pra;eka;parasmEpaxI;axAxiH}	aBihiwa_karwA	-#aBihiwa_karwA	1	05	050	safkReparAmAyaNam	bAlakANda	sarga-1
3.1	mArIcam	1.1	mArIcaM	mArIca{puM;2;eka}	mArIca{puM;2;eka}	saFjFA,5.1	saFjFA,5.1#muKyakarma,2.1#gONakarma,2.1	1	05	050	safkReparAmAyaNam	bAlakANda	sarga-1
4.1	nAma	2.1	nAma	nAma{avya}	nAma{avya}	saFjFA_xyowakaH,3.1	saFjFA_xyowakaH,3.1	1	05	050	safkReparAmAyaNam	bAlakANda	sarga-1
5.1	rAkRasam	3.1	rAkRasam	rAkRasa{puM;2;eka}	rAkRasa{puM;2;eka}	karma,2.1	muKyakarma,2.1#gONakarma,2.1#karma,2.1	1	05	050	safkReparAmAyaNam	bAlakANda	sarga-1
6.1	.	6.1	.	-	-	-	-	1	05	050	safkReparAmAyaNam	bAlakANda	sarga-1
1.1	vAryamANaH	5.1	vAryamANaH	vAryamANa{puM;1;eka(vq1;Nic;SAnac_lat;karmaNi}	vAryamANa{puM;1;eka(vq1;Nic;SAnac_lat;karmaNi}	karwA,6.1	karwA,6.1	2	05	050	safkReparAmAyaNam	bAlakANda	sarga-1
2.1	su-	4.1	su-bahuSaH	su	su	avyayIBAvaH,2.2	avyayIBAvaH,2.2	2	05	050	safkReparAmAyaNam	bAlakANda	sarga-1
2.2	bahuSaH	4.2	--	bahuSaH{avya}	bahuSaH{avya}	kriyAviSeRaNam,1.1	kriyAviSeRaNam,1.1	2	05	050	safkReparAmAyaNam	bAlakANda	sarga-1
3.1	mArIcena	1.1	mArIcena	mArIca{puM;3;eka}	mArIca{puM;3;eka}	prayojakakarwA,1.1	hewuH,6.1#prayojakakarwA,1.1	2	05	050	safkReparAmAyaNam	bAlakANda	sarga-1
4.1	saH	2.1	saH	wax{sarvanAma;puM;1;eka}	wax{sarvanAma;puM;1;eka}	viSeRaNam,5.1	viSeRaNam,5.1#karwA_be_verbs,6.1	2	05	050	safkReparAmAyaNam	bAlakANda	sarga-1
5.1	rAvaNaH	3.1	rAvaNaH	rAvaNa{puM;1;eka}	rAvaNa{puM;1;eka}	prayojyakarwA,1.1	viXeya_viSeRaNam,4.1#karwA_be_verbs,6.1#prayojyakarwA,1.1	2	05	050	safkReparAmAyaNam	bAlakANda	sarga-1
6.1	(AsIw)	6.1	(AsIw)	as2{karwari;laf;pra;eka;parasmEpaxI;axAxiH}	as2{karwari;laf;pra;eka;parasmEpaxI;axAxiH}	aBihiwa_karwA,1.1	-#aBihiwa_karwA,1.1	2	05	050	safkReparAmAyaNam	bAlakANda	sarga-1
7.1	.	7.1	.	-	-	-	-	2	05	050	safkReparAmAyaNam	bAlakANda	sarga-1
1.1	na	6.1	na	na{avya}	na{avya}	prawiReXaH,4.1	prawiReXaH,6.1#prawiReXaH,4.1	1	06	051_1	safkReparAmAyaNam	bAlakANda	sarga-1
2.1	viroXaH	5.1	viroXaH	viroXa{puM;1;eka}/viroXa{puM;1;eka(vi_ruX1;GaF;ruXAxiH)}	viroXa{puM;1;eka}	karwA,4.1	karwA,4.1	1	06	051_1	safkReparAmAyaNam	bAlakANda	sarga-1
3.1	balavawA	2.1	balavawA	bala{mawup;puM;3;eka}/bala{mawup;napuM;3;eka}	bala{mawup;puM;3;eka}	viSeRaNam,6.1	hewuH,6.1#hewuH,2.1#viSeRaNam,6.1	1	06	051_1	safkReparAmAyaNam	bAlakANda	sarga-1
4.1	kRamaH	7.1	kRamaH	kRama{puM;1;eka(kRam1;ac;BvAxiH)}	kRama{puM;1;eka(kRam1;ac;BvAxiH)}	aBihiwa_karwA	-#aBihiwa_karwA	1	06	051_1	safkReparAmAyaNam	bAlakANda	sarga-1
5.1	rAvaNa	1.1	rAvaNa	rAvaNa{puM;8;eka}	rAvaNa{puM;8;eka}	samboXyaH,4.1	samboXyaH,4.1	1	06	051_1	safkReparAmAyaNam	bAlakANda	sarga-1
6.1	wena	3.1	wena	wax{sarvanAma;puM;3;eka}/wax{sarvanAma;napuM;3;eka}/wan1{karwari;lit;ma;bahu;parasmEpaxI;wanAxiH}	wax{sarvanAma;puM;3;eka}	sahArWaH,2.1	karaNam_vIpsA,7.1#hewuH,2.1#sahArWaH,2.1	1	06	051_1	safkReparAmAyaNam	bAlakANda	sarga-1
7.1	we	4.1	we	wax{sarvanAma;puM;1;bahu}/wax{sarvanAma;napuM;1;xvi}/wax{sarvanAma;napuM;2;xvi}/wax{sarvanAma;swrI;1;xvi}/wax{sarvanAma;swrI;2;xvi}/yuRmax{sarvanAma;6;eka}/yuRmax{sarvanAma;4;eka}	yuRmax{sarvanAma;6;eka}	RaRTIsambanXaH,2.1	prayojanam1,6.1#prayojanam1,2.1#RaRTIsambanXaH,5.1#RaRTIsambanXaH,4.1#RaRTIsambanXaH,3.1#RaRTIsambanXaH,2.1#karma,6.1	1	06	051_1	safkReparAmAyaNam	bAlakANda	sarga-1
8.1	.	8.1	.	-	-	-	-	1	06	051_1	safkReparAmAyaNam	bAlakANda	sarga-1
1.1	an-	7.1	an-Axqwya	an	an	naF-wawpuruRaH,1.2	naF-wawpuruRaH,1.2	1	06	051_2-52_1	safkReparAmAyaNam	bAlakANda	sarga-1
1.2	Axqwya	7.2	--	A-xq1{avya;lyap;wuxAxiH}	A-xq1{avya;lyap;wuxAxiH}	pUrvakAlaH,7.1	pUrvakAlaH,7.1	1	06	051_2-52_1	safkReparAmAyaNam	bAlakANda	sarga-1
10.1	ASrama-	10.1	ASrama-paxaM	ASrama	ASrama	karmaXArayaH,10.2	karmaXArayaH,10.2	1	06	051_2-52_1	safkReparAmAyaNam	bAlakANda	sarga-1
10.2	paxam	10.2	--	pax{puM;2;eka}/paxa{napuM;1;eka}/paxa{napuM;2;eka}/paxa{puM;2;eka}	paxa{napuM;2;eka}	karma,7.1	karma,7.1#viSeRaNam,4.1#viSeRaNam,3.1#karwA,7.1	1	06	051_2-52_1	safkReparAmAyaNam	bAlakANda	sarga-1
11.1	waxA	1.1	waxA	waxA{avya}	waxA{avya}	kAlAXikaraNam,7.1	kAlAXikaraNam,7.1	1	06	051_2-52_1	safkReparAmAyaNam	bAlakANda	sarga-1
12.1	.	12.1	.	-	-	-	-	1	06	051_2-52_1	safkReparAmAyaNam	bAlakANda	sarga-1
2.1	wu	8.1	wu	wu{avya}	wu{avya}	sambanXaH,1.2	sambanXaH,1.2	1	06	051_2-52_1	safkReparAmAyaNam	bAlakANda	sarga-1
3.1	waw	5.1	waw	wax{sarvanAma;napuM;1;eka}/wax{sarvanAma;napuM;2;eka}	wax{sarvanAma;napuM;2;eka}	viSeRaNam,4.1	viSeRaNam,10.2#viSeRaNam,4.1#karma,7.1#karwA,7.1	1	06	051_2-52_1	safkReparAmAyaNam	bAlakANda	sarga-1
4.1	vAkyam	6.1	vAkyaM	vAkya{napuM;1;eka}/vAkya{napuM;2;eka}	vAkya{napuM;2;eka}	karma,1.2	karma,7.1#karwA,7.1#karma,1.2	1	06	051_2-52_1	safkReparAmAyaNam	bAlakANda	sarga-1
5.1	rAvaNaH	4.1	rAvaNaH	rAvaNa{puM;1;eka}	rAvaNa{puM;1;eka}	karwA,7.1;karwA,1.2	karwA,7.1#karwA,1.2	1	06	051_2-52_1	safkReparAmAyaNam	bAlakANda	sarga-1
6.1	kAla-	2.1	kAla-coxiwaH	kAla	kAla	wqwIyA-wawpuruRaH,6.2	wqwIyA-wawpuruRaH,6.2	1	06	051_2-52_1	safkReparAmAyaNam	bAlakANda	sarga-1
6.2	coxiwaH	2.2	--	coxiwa{puM;1;eka(cux1;kwa;curAxiH)}	coxiwa{puM;1;eka(cux1;kwa;curAxiH)}	viSeRaNam,5.1	viSeRaNam,8.2#viSeRaNam,5.1#karwA,7.1	1	06	051_2-52_1	safkReparAmAyaNam	bAlakANda	sarga-1
7.1	jagAma	11.1	jagAma	gam1{karwari;lit;pra;eka;parasmEpaxI;BvAxiH}/gam1{karwari;lit;u;eka;parasmEpaxI;BvAxiH}	gam1{karwari;lit;pra;eka;parasmEpaxI;BvAxiH}	aBihiwa_karwA,5.1;sakarmaka	-#aBihiwa_karwA,5.1;sakarmaka	1	06	051_2-52_1	safkReparAmAyaNam	bAlakANda	sarga-1
8.1	saha-	3.1	saha-mArIcaH	saha	saha	sahapUrvapaxa-vyaXikaraNa-bahuvrIhiH,8.2	sahapUrvapaxa-vyaXikaraNa-bahuvrIhiH,8.2	1	06	051_2-52_1	safkReparAmAyaNam	bAlakANda	sarga-1
8.2	mArIcaH	3.2	--	mArIca{puM;1;eka}	mArIca{puM;1;eka}	viSeRaNam,5.1	viSeRaNam,6.2#viSeRaNam,5.1#karwA,7.1	1	06	051_2-52_1	safkReparAmAyaNam	bAlakANda	sarga-1
9.1	wasya	9.1	wasya	wax{sarvanAma;napuM;6;eka}/wax{sarvanAma;puM;6;eka}	wax{sarvanAma;napuM;6;eka}	RaRTIsambanXaH,10.2	RaRTIsambanXaH,10.2#RaRTIsambanXaH,8.2#RaRTIsambanXaH,5.1#RaRTIsambanXaH,4.1	1	06	051_2-52_1	safkReparAmAyaNam	bAlakANda	sarga-1
1.1	wena	1.1	wena	wax{sarvanAma;puM;3;eka}/wax{sarvanAma;napuM;3;eka}/wan1{karwari;lit;ma;bahu;parasmEpaxI;wanAxiH}	wax{sarvanAma;puM;3;eka}	viSeRaNam,2.1	prayojakakarwqrahiwaprajyakarwA,5.1#hewuH,5.1#viSeRaNam,2.1	1	06	052_2-53_1	safkReparAmAyaNam	bAlakANda	sarga-1
10.1	BAryAm	7.1	--	BAryA{swrI;2;eka}	BAryA{swrI;2;eka}	karma,11.1	muKyakarma,11.1#gONakarma,11.1#karma,11.1	1	06	052_2-53_1	safkReparAmAyaNam	bAlakANda	sarga-1
11.1	jahAra	6.1	--	hq1{karwari;lit;pra;eka;parasmEpaxI;BvAxiH}/hq1{karwari;lit;u;eka;parasmEpaxI;BvAxiH}/hq2{karwari;lit;pra;eka;parasmEpaxI;juhowyAxiH}/hq2{karwari;lit;u;eka;parasmEpaxI;juhowyAxiH}	hq2{karwari;lit;pra;eka;parasmEpaxI;juhowyAxiH}	aBihiwa_karwA	-#aBihiwa_karwA	1	06	052_2-53_1	safkReparAmAyaNam	bAlakANda	sarga-1
12.1	.	12.1	-	-	-	-	-	1	06	052_2-53_1	safkReparAmAyaNam	bAlakANda	sarga-1
2.1	mAyAvinA	2.1	mAyAvinA	mAyAvin{puM;3;eka}	mAyAvin{puM;3;eka}	prayojakakarwqrahiwaprayojyakarwA,5.1	prayojakakarwqrahiwaprajyakarwA,5.1#hewuH,5.1#prayojakakarwqrahiwaprayojyakarwA,5.1	1	06	052_2-53_1	safkReparAmAyaNam	bAlakANda	sarga-1
3.1	nqpa-	5.1	nqpa-AwmajO	nqpa	nqpa	RaRTI-wawpuruRaH,3.2	RaRTI-wawpuruRaH,3.2	1	06	052_2-53_1	safkReparAmAyaNam	bAlakANda	sarga-1
3.2	Awma-	5.2	--	Awma-	Awma-	upapaxa-wawpuruRaH,3.3	upapaxa-wawpuruRaH,3.3	1	06	052_2-53_1	safkReparAmAyaNam	bAlakANda	sarga-1
3.3	jO	5.3	--	ja{puM;1;xvi}/ja{puM;2;xvi}/ja{puM;8;xvi}	ja{puM;2;xvi}	karma,5.1	muKyakarma,11.1#muKyakarma,5.1#gONakarma,11.1#gONakarma,5.1#karma,5.1	1	06	052_2-53_1	safkReparAmAyaNam	bAlakANda	sarga-1
4.1	xUram	3.1	xUram	xUra{puM;2;eka}/xUra{napuM;1;eka}/xUra{napuM;2;eka}	xUra{napuM;2;eka}	karma,5.1	xeSAXikaraNam_upa,5.1#muKyakarma,11.1#muKyakarma,5.1#gONakarma,5.1#karwA,11.1#viSeRaNam,7.1#viSeRaNam,6.1#gONakarma,11.1#karma,5.1	1	06	052_2-53_1	safkReparAmAyaNam	bAlakANda	sarga-1
5.1	apavAhya	4.1	apavAhya	apa_vah1{Nijanwa;avya;lyap;BvAxiH}	apa_vah1{Nijanwa;avya;lyap;BvAxiH}	pUrvakAlaH,11.1	pUrvakAlaH,11.1	1	06	052_2-53_1	safkReparAmAyaNam	bAlakANda	sarga-1
6.1	gqXram	9.1	--	gqXra{puM;2;eka}	gqXra{puM;2;eka}	viSeRaNam,7.1	viSeRaNam,7.1#muKyakarma,11.1#karma,8.1#gONakarma,11.1	1	06	052_2-53_1	safkReparAmAyaNam	bAlakANda	sarga-1
7.1	jatAyuRam	11.1	--	jatAyus{puM;2;eka}	jatAyus{puM;2;eka}	karma,8.1	muKyakarma,11.1#karma,8.1#gONakarma,11.1	1	06	052_2-53_1	safkReparAmAyaNam	bAlakANda	sarga-1
8.1	hawvA	10.1	--	han1{avya;kwvA;axAxiH}	han1{avya;kwvA;axAxiH}	pUrvakAlaH,11.1	pUrvakAlaH,11.1	1	06	052_2-53_1	safkReparAmAyaNam	bAlakANda	sarga-1
9.1	rAmasya	8.1	--	rAma{puM;6;eka}	rAma{puM;6;eka}	RaRTIsambanXaH,10.1	RaRTIsambanXaH,10.1	1	06	052_2-53_1	safkReparAmAyaNam	bAlakANda	sarga-1
1.1	gqXram	1.1	gqXraM	gqXra{puM;2;eka}	gqXra{puM;2;eka}	karma,3.1	viSeRaNam,3.1#muKyakarma,5.1#karma,11.1#karma,6.1#karma,4.1#karma,3.1	1	06	053_2-54_1	safkReparAmAyaNam	bAlakANda	sarga-1
10.1	Soka-	9.1	Soka-saMwapwaH	Soka	Soka	wqwIyA-wawpuruRaH,10.2	wqwIyA-wawpuruRaH,10.2	1	06	053_2-54_1	safkReparAmAyaNam	bAlakANda	sarga-1
10.2	saMwapwaH	9.2	--	sanwapwa{puM;1;eka}	sanwapwa{puM;1;eka}	viSeRaNam,9.1	viSeRaNam,12.2#viSeRaNam,9.1#karwA,11.1	1	06	053_2-54_1	safkReparAmAyaNam	bAlakANda	sarga-1
11.1	vilalApa	12.1	vilalApa	vi_lap1{karwari;lit;pra;eka;parasmEpaxI;BvAxiH}/vi_lap1{karwari{lit;u;eka;parasmEpaxI;BvAxiH}	vi_lap1{karwari;lit;pra;eka;parasmEpaxI;BvAxiH}	aBihiwa_karwA,9.1;sakarmaka	-#aBihiwa_karwA,9.1;sakarmaka	1	06	053_2-54_1	safkReparAmAyaNam	bAlakANda	sarga-1
12.1	Akula-	10.1	Akula-inxriyaH	Akula	Akula	RaRTI-bahuvrIhiH,12.2	RaRTI-bahuvrIhiH,12.2	1	06	053_2-54_1	safkReparAmAyaNam	bAlakANda	sarga-1
12.2	inxriyaH	10.2	--	inxriya{puM;1;eka}	inxriya{puM;1;eka}	viSeRaNam,9.1	viSeRaNam,10.2#viSeRaNam,9.1#karwA,11.1	1	06	053_2-54_1	safkReparAmAyaNam	bAlakANda	sarga-1
13.1	.	13.1	.	-	-	-	-	1	06	053_2-54_1	safkReparAmAyaNam	bAlakANda	sarga-1
2.1	ca	2.1	ca	ca{avya}	ca{avya}	samuccaya_xyowakaH,1.1	sup_samuccaya_xyowakaH,1.1#sambanXaH,1.1#samuccaya_xyowakaH,4.1	1	06	053_2-54_1	safkReparAmAyaNam	bAlakANda	sarga-1
3.1	nihawam	3.1	nihawaM	ni_han1{karwari;lot;ma;xvi;parasmEpaxI;axAxiH}/nihawa{puM;2;eka(ni_han1;kwa;axAxiH)}/nihawa{napuM;1;eka(ni_han1;kwa;axAxiH)}/nihawa{napuM;2;eka(ni_han1;kwa;axAxiH)}	nihawa{puM;2;eka(ni_han1;kwa;axAxiH)}	karma,4.1	muKyakarma,5.1#karma,11.1#karma,6.1#karma,4.1#karwA,11.1#viSeRaNam,1.1	1	06	053_2-54_1	safkReparAmAyaNam	bAlakANda	sarga-1
4.1	xqRtvA	4.1	xqRtvA	xqS1{avya;kwvA;BvAxiH}	xqS1{avya;kwvA;BvAxiH}	samucciwaH,6.1	sup_samucciwaH,6.1#pUrvakAlaH,11.1#pUrvakAlaH,3.1	1	06	053_2-54_1	safkReparAmAyaNam	bAlakANda	sarga-1
5.1	hqwAm	6.1	hqwAM	hqwA{swrI;2;eka(hq1;kwa;BvAxiH)}/hqwA{swrI;2;eka(hq2;kwa;juhowyAxiH)}	hqwA{swrI;2;eka(hq1;kwa;BvAxiH)}	karma,6.1	viSeRaNam,8.1#karma,11.1#karma,6.1#karma,4.1#karma,3.1	1	06	053_2-54_1	safkReparAmAyaNam	bAlakANda	sarga-1
6.1	SruwvA	7.1	SruwvA	Sru1{avya;kwvA;BvAxiH}	Sru1{avya;kwvA;BvAxiH}	pUrvakAlaH,11.1	pUrvakAlaH,11.1#pUrvakAlaH,3.1	1	06	053_2-54_1	safkReparAmAyaNam	bAlakANda	sarga-1
7.1	ca	8.1	ca	ca{avya}	ca{avya}	samuccaya_xyowakaH,6.1	sup_samuccaya_xyowakaH,6.1#sambanXaH,6.1	1	06	053_2-54_1	safkReparAmAyaNam	bAlakANda	sarga-1
8.1	mEWilIm	5.1	mEWilIm	mEWilI{swrI;2;eka}	mEWilI{swrI;2;eka}	karma,5.1	sup_samucciwaH,1.1#muKyakarma,5.1#karma,11.1#karma,6.1#karma,4.1#karma,3.1#karma,5.1	1	06	053_2-54_1	safkReparAmAyaNam	bAlakANda	sarga-1
9.1	rAGavaH	11.1	rAGavaH	rAGava{puM;1;eka}	rAGava{puM;1;eka}	karwA,11.1;karwA,6.1;karwA,4.1	karwA,11.1#karwA,6.1#karwA,4.1	1	06	053_2-54_1	safkReparAmAyaNam	bAlakANda	sarga-1
1.1	wawaH	1.1	-	wawaH{avya}	wawaH{avya}	sambanXaH,12.1	sambanXaH,12.1	1	06	054_2-55	safkReparAmAyaNam	bAlakANda	sarga-1
10.1	sIwAm	9.1	sIwAM	sIwA{swrI;2;eka}	sIwA{swrI;2;eka}	karma,8.1	karma,12.1#karma,8.1#karma,6.1	1	06	054_2-55	safkReparAmAyaNam	bAlakANda	sarga-1
11.1	rAkRasam	16.1	rAkRasaM	rAkRasa{puM;2;eka}	rAkRasa{puM;2;eka}	karma,12.1	karma,12.1#karma,8.1#karma,6.1	1	06	054_2-55	safkReparAmAyaNam	bAlakANda	sarga-1
12.1	saMxaxarSa	17.1	saMxaxarSa	sam_xqS1{karwari;lit;pra;eka;parasmEpaxI;BvAxiH}/sam_xqS1{karwari{lit;u;eka;parasmEpaxI;BvAxiH}	sam_xqS1{karwari;lit;pra;eka;parasmEpaxI;BvAxiH}	aBihiwa_karwA,8.1;sakarmaka	-	1	06	054_2-55	safkReparAmAyaNam	bAlakANda	sarga-1
13.1	ha	18.1	ha	ha{avya}	ha{avya}	sambanXaH,12.1	sambanXaH,12.1	1	06	054_2-55	safkReparAmAyaNam	bAlakANda	sarga-1
14.1	kabanXam	14.1	kabanXaM	kabanXa{puM;2;eka}	kabanXa{puM;2;eka}	saFjFA,11.1	saFjFA,11.1#karma,12.1#karma,8.1#karma,6.1	1	06	054_2-55	safkReparAmAyaNam	bAlakANda	sarga-1
15.1	nAma	15.1	nAma	nAma{avya}	nAma{avya}	saFjFA_xyowakaH,14.1	saFjFA_xyowakaH,14.1	1	06	054_2-55	safkReparAmAyaNam	bAlakANda	sarga-1
16.1	rUpeNa	11.1	rUpeNa	rUpa{napuM;3;eka}	rUpa{napuM;3;eka}	afgavikAraH,17.1	karaNam,6.1#hewuH,12.1#hewuH,8.1#hewuH,6.1#afgavikAraH,17.1	1	06	054_2-55	safkReparAmAyaNam	bAlakANda	sarga-1
17.1	vikqwam	12.1	vikqwaM	vikqwa{puM;2;eka(vi_kq3;kwa;wanAxiH)}/vikqwa{napuM;1;eka(vi_kq3;kwa;wanAxiH)}/vikqwa{napuM;2;eka(vi_kq3;kwa;wanAxiH)}/vikqwa{puM;2;eka(vi_kq2;kwa;svAxiH)}/vikqwa{napuM;1;eka(vi_kq2;kwa;svAxiH)}/vikqwa{napuM;2;eka(vi_kq2;kwa;svAxiH)}	vikqwa{puM;2;eka(vi_kq3;kwa;wanAxiH)}	viSeRaNam,11.1	viSeRaNam,18.2#karma,12.1#karma,8.1#karma,6.1#viSeRaNam,14.1#viSeRaNam,11.1#viSeRaNam,7.1#viSeRaNam,5.1	1	06	054_2-55	safkReparAmAyaNam	bAlakANda	sarga-1
18.1	Gora-	13.1	Gora-xarSanam	Gora	Gora	RaRTI-bahuvrIhiH,18.2	RaRTI-bahuvrIhiH,18.2	1	06	054_2-55	safkReparAmAyaNam	bAlakANda	sarga-1
18.2	xarSanam	13.2	--	xarSana{puM;2;eka}/xarSana{napuM;1;eka}/xarSana{napuM;2;eka}	xarSana{puM;2;eka}	viSeRaNam,11.1	viSeRaNam,17.1#karma,12.1#karma,8.1#karma,6.1#viSeRaNam,14.1#viSeRaNam,11.1#viSeRaNam,7.1#viSeRaNam,5.1	1	06	054_2-55	safkReparAmAyaNam	bAlakANda	sarga-1
19.1	.	19.1	.	-	-	-	-	1	06	054_2-55	safkReparAmAyaNam	bAlakANda	sarga-1
2.1	wena	2.1	wena	wax{sarvanAma;puM;3;eka}/wax{sarvanAma;napuM;3;eka}/wan1{karwari;lit;ma;bahu;parasmEpaxI;wanAxiH}	wax{sarvanAma;puM;3;eka}	viSeRaNam,4.1	viSeRaNam,16.1#karwA,17.1#karaNam,6.1#hewuH,17.1#hewuH,12.1#hewuH,8.1#hewuH,6.1#viSeRaNam,4.1	1	06	054_2-55	safkReparAmAyaNam	bAlakANda	sarga-1
3.1	eva	3.1	eva	eva{avya}	eva{avya}	sambanXaH,2.1	sambanXaH,2.1	1	06	054_2-55	safkReparAmAyaNam	bAlakANda	sarga-1
4.1	Sokena	4.1	Sokena	Soka{puM;3;eka}	Soka{puM;3;eka}	hewuH,6.1	karwA,17.1#hewuH,17.1#hewuH,12.1#hewuH,8.1#hewuH,6.1	1	06	054_2-55	safkReparAmAyaNam	bAlakANda	sarga-1
5.1	gqXram	5.1	gqXraM	gqXra{puM;2;eka}	gqXra{puM;2;eka}	viSeRaNam,7.1	viSeRaNam,18.2#viSeRaNam,17.1#viSeRaNam,14.1#viSeRaNam,11.1#viSeRaNam,7.1#karma,12.1#karma,8.1#karma,6.1	1	06	054_2-55	safkReparAmAyaNam	bAlakANda	sarga-1
6.1	xagXvA	7.1	xagXvA	xah1{avya;kwvA;BvAxiH}	xah1{avya;kwvA;BvAxiH}	pUrvakAlaH,12.1	pUrvakAlaH,17.1#pUrvakAlaH,12.1	1	06	054_2-55	safkReparAmAyaNam	bAlakANda	sarga-1
7.1	jatAyuRam	6.1	jatAyuRam	jatAyus{puM;2;eka}	jatAyus{puM;2;eka}	karma,6.1	karma,12.1#karma,8.1#karma,6.1	1	06	054_2-55	safkReparAmAyaNam	bAlakANda	sarga-1
8.1	mArgamANaH	10.1	mArgamANaH	mArgamANa{puM;1;eka(mArg1;SAnac_lat;curAxiH)}	mArgamANa{puM;1;eka(mArg1;SAnac_lat;curAxiH)}	karwA,12.1;karwA,6.1	karwA,12.1#karwA,6.1	1	06	054_2-55	safkReparAmAyaNam	bAlakANda	sarga-1
9.1	vane	8.1	vane	vani{puM;8;eka}/vana{napuM;7;eka}	vana{napuM;7;eka}	aXikaraNam,8.1	aXikaraNam,17.1#aXikaraNam,12.1#aXikaraNam,8.1#aXikaraNam,6.1#samboXyaH,17.1#samboXyaH,12.1	1	06	054_2-55	safkReparAmAyaNam	bAlakANda	sarga-1
1.1	wam	2.1	waM	wax{sarvanAma;puM;2;eka}	wax{sarvanAma;puM;2;eka}	karma,2.1;karma,4.1	karma,4.1#karma,2.1	1	06	056	safkReparAmAyaNam	bAlakANda	sarga-1
2.1	nihawya	3.1	nihawya	ni_han1{avya;lyap;axAxiH}	ni_han1{avya;lyap;axAxiH}	pUrvakAlaH,4.1	pUrvakAlaH,4.1	1	06	056	safkReparAmAyaNam	bAlakANda	sarga-1
3.1	mahA-	1.1	mahA-bAhuH	mahA}/mahaw	mahA	RaRTI-bahuvrIhiH,3.2	RaRTI-bahuvrIhiH,3.2	1	06	056	safkReparAmAyaNam	bAlakANda	sarga-1
3.2	bAhuH	1.2	--	bAhu{puM;1;eka}	bAhu{puM;1;eka}	karwA,4.1;karwA,2.1	karwA,4.1#karwA,2.1	1	06	056	safkReparAmAyaNam	bAlakANda	sarga-1
4.1	xaxAha	4.1	xaxAha	xah1{karwari;lit;pra;eka;parasmEpaxI;BvAxiH}/xah1{karwari;lit;u;eka;parasmEpaxI;BvAxiH}	xah1{karwari;lit;pra;eka;parasmEpaxI;BvAxiH}	aBihiwa_karwA,3.2;sakarmaka	-#aBihiwa_karwA,3.2;sakarmaka	1	06	056	safkReparAmAyaNam	bAlakANda	sarga-1
5.1	.	5.1	.	-	-	-	-	1	06	056	safkReparAmAyaNam	bAlakANda	sarga-1
1.1	svar	2.1	svar	svar{avya}	svar{avya}	karma,2.1	gawikarma,2.1#karma,2.1	2	06	056	safkReparAmAyaNam	bAlakANda	sarga-1
2.1	gawaH	3.1	gawaH	gawa{puM;1;eka(gam1;kwa;BvAxiH)}	gawa{puM;1;eka(gam1;kwa;BvAxiH)}	aBihiwa_karwA,4.1	-#aBihiwa_karwA,4.1	2	06	056	safkReparAmAyaNam	bAlakANda	sarga-1
3.1	ca	4.1	ca	ca{avya}	ca{avya}	sambanXaH,2.1	sambanXaH,2.1	2	06	056	safkReparAmAyaNam	bAlakANda	sarga-1
4.1	saH	1.1	saH	wax{sarvanAma;puM;1;eka}	wax{sarvanAma;puM;1;eka}	karwA,2.1	viSeRaNam,2.1#gawikarwA,2.1#karwA,2.1	2	06	056	safkReparAmAyaNam	bAlakANda	sarga-1
5.1	.	5.1	.	-	-	-	-	2	06	056	safkReparAmAyaNam	bAlakANda	sarga-1
1.1	saH	1.1	saH	wax{sarvanAma;puM;1;eka}	wax{sarvanAma;puM;1;eka}	karwA,4.1	prayojakakarwA,4.1#gONakarma,4.1#karwA,4.1	1	06	056_3-57_1	safkReparAmAyaNam	bAlakANda	sarga-1
10.1	iwi	9.1	iwi	iwi{avya}	iwi{avya}	vAkyakarma_xyowakaH,9.1	vAkyakarma_xyowakaH,9.1	1	06	056_3-57_1	safkReparAmAyaNam	bAlakANda	sarga-1
11.1	rAGava	3.1	rAGava	rAGava{puM;8;eka}	rAGava{puM;8;eka}	samboXyaH,9.1	samboXyaH,9.1#samboXyaH,4.1	1	06	056_3-57_1	safkReparAmAyaNam	bAlakANda	sarga-1
12.1	.	12.1	.	-	-	-	-	1	06	056_3-57_1	safkReparAmAyaNam	bAlakANda	sarga-1
2.1	ca	2.1	ca	ca{avya}	ca{avya}	sambanXaH,1.1	sambanXaH,1.1	1	06	056_3-57_1	safkReparAmAyaNam	bAlakANda	sarga-1
3.1	asya(enam)	10.1	asya	ixam{sarvanAma;puM;6;eka}	ixam{sarvanAma;puM;6;eka}	karma,4.1	muKyakarma,4.1#karma,9.1#gONakarma,4.1#karma,4.1	1	06	056_3-57_1	safkReparAmAyaNam	bAlakANda	sarga-1
4.1	kaWayAmAsa	11.1	kaWayAmAsa	kaWa1{karwari;lit;u;eka;parasmEpaxI;curAxiH}/kaWa1{karwari;lit;pra;eka;parasmEpaxI;curAxiH}/kaWa1{karwari;lit;ma;bahu;parasmEpaxI;curAxiH}/kaWa1{karmaNi;lit;u;eka;AwmanepaxI;curAxiH}/kaWa1{karmaNi;lit;pra;eka;AwmanepaxI;curAxiH}/kaWa1{karmaNi;lit;ma;bahu;AwmanepaxI;curAxiH}/kaWa1{Nijanwa;karwari;lit;ma;bahu;parasmEpaxI;curAxiH}/kaWa1{Nijanwa;karwari;lit;ma;bahu;AwmanepaxI;curAxiH}/kaWa1{Nijanwa;karwari;lit;pra;eka;parasmEpaxI;curAxiH}/kaWa1{Nijanwa;karwari;lit;pra;eka;AwmanepaxI;curAxiH}/kaWa1{Nijanwa;karwari;lit;u;eka;parasmEpaxI;curAxiH}/kaWa1{Nijanwa;karwari;lit;u;eka;AwmanepaxI;curAxiH}	kaWa1{karwari;lit;pra;eka;parasmEpaxI;curAxiH}	aBihiwa_karwA,1.1;sakarmaka	-#aBihiwa_karwA,1.1;sakarmaka	1	06	056_3-57_1	safkReparAmAyaNam	bAlakANda	sarga-1
5.1	SabarIm	7.1	SabarIM	SabarI{swrI;2;eka}	SabarI{swrI;2;eka}	karma,9.1	muKyakarma,4.1#karma,9.1#gONakarma,4.1	1	06	056_3-57_1	safkReparAmAyaNam	bAlakANda	sarga-1
6.1	XarmacAriNIm	4.1	XarmacAriNIm	XarmacAriNI{swrI;2;eka}	XarmacAriNI{swrI;2;eka}	viSeRaNam,5.1	viSeRaNam,8.2#viSeRaNam,7.1#viSeRaNam,5.1#muKyakarma,4.1#karma,9.1#gONakarma,4.1	1	06	056_3-57_1	safkReparAmAyaNam	bAlakANda	sarga-1
7.1	SramaNAm	5.1	SramaNAM	SramaNA{swrI;2;eka}	SramaNA{swrI;2;eka}	viSeRaNam,5.1	viSeRaNam,8.2#viSeRaNam,6.1#viSeRaNam,5.1#muKyakarma,4.1#karma,9.1#gONakarma,4.1	1	06	056_3-57_1	safkReparAmAyaNam	bAlakANda	sarga-1
8.1	Xarma-	6.1	Xarma-nipuNAm	Xarma	Xarma	sapwamI-wawpuruRaH,8.2	sapwamI-wawpuruRaH,8.2	1	06	056_3-57_1	safkReparAmAyaNam	bAlakANda	sarga-1
8.2	nipuNAm	6.2	--	nipuNA{swrI;2;eka}	nipuNA{swrI;2;eka}	viSeRaNam,5.1	viSeRaNam,7.1#viSeRaNam,6.1#viSeRaNam,5.1#muKyakarma,4.1#karma,9.1#gONakarma,4.1	1	06	056_3-57_1	safkReparAmAyaNam	bAlakANda	sarga-1
9.1	aBigacCa	8.1	aBigacCa	aBi_gam1{karwari;lot;ma;eka;parasmEpaxI;BvAxiH}	aBi_gam1{karwari;lot;ma;eka;parasmEpaxI;BvAxiH}	vAkyakarma,4.1	vAkyakarma,4.1	1	06	056_3-57_1	safkReparAmAyaNam	bAlakANda	sarga-1
1.1	saH	3.1	saH	wax{sarvanAma;puM;1;eka}	wax{sarvanAma;puM;1;eka}	karwA,2.1	viSeRaNam,5.2#viSeRaNam,3.2#karwA,2.1	1	06	057_2	safkReparAmAyaNam	bAlakANda	sarga-1
2.1	aByagacCaw	5.1	aByagacCaw	aBi_gam1{karwari;laf;pra;eka;parasmEpaxI;BvAxiH}	aBi_gam1{karwari;laf;pra;eka;parasmEpaxI;BvAxiH}	aBihiwa_karwA,1.1;sakarmaka	-#aBihiwa_karwA,1.1;sakarmaka	1	06	057_2	safkReparAmAyaNam	bAlakANda	sarga-1
3.1	mahA-	1.1	mahA-wejAH	mahA}/mahaw	mahaw	RaRTI-bahuvrIhiH,3.2	RaRTI-bahuvrIhiH,3.2	1	06	057_2	safkReparAmAyaNam	bAlakANda	sarga-1
3.2	wejAH	1.2	--	wejas{puM;1;eka}	wejas{puM;1;eka}	viSeRaNam,1.1	viSeRaNam,5.2#viSeRaNam,1.1#karwA,2.1	1	06	057_2	safkReparAmAyaNam	bAlakANda	sarga-1
4.1	SabarIm	4.1	SabarIM	SabarI{swrI;2;eka}	SabarI{swrI;2;eka}	karma,2.1	karma,2.1	1	06	057_2	safkReparAmAyaNam	bAlakANda	sarga-1
5.1	Sawru-	2.1	Sawru-sUxanaH	Sawru	Sawru	RaRTI-bahuvrIhiH,5.2	RaRTI-bahuvrIhiH,5.2	1	06	057_2	safkReparAmAyaNam	bAlakANda	sarga-1
5.2	sUxanaH	2.2	--	sUxana{puM;1;eka}	sUxana{puM;1;eka}	viSeRaNam,1.1	viSeRaNam,3.2#viSeRaNam,1.1#karwA,2.1	1	06	057_2	safkReparAmAyaNam	bAlakANda	sarga-1
6.1	.	6.1	.	-	-	-	-	1	06	057_2	safkReparAmAyaNam	bAlakANda	sarga-1
1.1	SabaryA	1.1	SabaryA	SabarI{swrI;3;eka}	SabarI{swrI;3;eka}	karwA,2.1	karwA,2.1#hewuH,2.1	1	06	058	safkReparAmAyaNam	bAlakANda	sarga-1
2.1	pUjiwaH	5.1	pUjiwaH	pUjiwa{puM;1;eka(pUj1;kwa;curAxiH)}	pUjiwa{puM;1;eka(pUj1;kwa;curAxiH)}	aBihiwa_karwA,1.1	-#aBihiwa_karwA,1.1	1	06	058	safkReparAmAyaNam	bAlakANda	sarga-1
3.1	samyak	4.1	samyak	samyak{avya}	samyak{avya}	kriyAviSeRaNam,2.1	kriyAviSeRaNam,2.1	1	06	058	safkReparAmAyaNam	bAlakANda	sarga-1
4.1	rAmaH	3.1	rAmaH	rAma{puM;1;eka}	rAma{puM;1;eka}	karma,2.1	karma,2.1	1	06	058	safkReparAmAyaNam	bAlakANda	sarga-1
5.1	xaSaraWa-	2.1	xaSaraWa-AwmajaH	xaSaraWa	xaSaraWa	RaRTI-wawpuruRaH,5.2	RaRTI-wawpuruRaH,5.2	1	06	058	safkReparAmAyaNam	bAlakANda	sarga-1
5.2	AwmajaH	2.2	--	Awmaja{puM;1;eka}/Awma-ja{puM{1;eka}	Awma-ja{puM;1;eka}	viSeRaNam,4.1	viSeRaNam,4.1#viSeRaNam,2.1#karma,2.1#aBexaH,4.1	1	06	058	safkReparAmAyaNam	bAlakANda	sarga-1
6.1	.	6.1	.	-	-	-	-	1	06	058	safkReparAmAyaNam	bAlakANda	sarga-1
1.1	pampA-	1.1	pampA-wIre	pampA	pampA	samAsaH,1.2	samAsaH,1.2	2	06	058	safkReparAmAyaNam	bAlakANda	sarga-1
1.2	wIre	1.2	--	wIra{napuM;1;xvi}/wIra{napuM;2;xvi}/wIra{napuM;8;xvi}/wIra{puM;7;eka}/wIra{napuM;7;eka}/wIrA{swrI;8;eka}/wIrA{swrI;8;xvi}/wIrA{swrI;1;xvi}/wIrA{swrI;2;xvi}	wIra{napuM;7;eka}	aXikaraNam,3.1	gawikarma,3.1#samboXyaH,3.1#aXikaraNam,3.1	2	06	058	safkReparAmAyaNam	bAlakANda	sarga-1
2.1	hanumawA	3.1	hanumawA	hanumaw{puM;3;eka}/hanu{mawup;puM;3;eka}/hanu{mawup;napuM;3;eka}	hanumaw{puM;3;eka}	sahArWaH,3.1	sahArWaH,3.1#hewuH,3.1#viSeRaNam,4.1	2	06	058	safkReparAmAyaNam	bAlakANda	sarga-1
3.1	safgawaH	4.1	safgawaH	safga{avya;wasil}/safgawa{puM;1;eka(sam_gam1;kwa;BvAxiH)}	safgawa{puM;1;eka(sam_gam1;kwa;BvAxiH)}	aBihiwa_karwA	-#aBihiwa_karwA	2	06	058	safkReparAmAyaNam	bAlakANda	sarga-1
4.1	vAnareNa	2.1	vAnareNa	vAnara{puM;3;eka}	vAnara{puM;3;eka}	aBexaH,2.1	sahArWaH,3.1#hewuH,3.1#viSeRaNam,2.1#aBexaH,2.1	2	06	058	safkReparAmAyaNam	bAlakANda	sarga-1
5.1	ha	5.1	ha	ha{avya}	ha{avya}	sambanXaH,3.1	sambanXaH,4.1#sambanXaH,3.1	2	06	058	safkReparAmAyaNam	bAlakANda	sarga-1
6.1	.	6.1	.	-	-	-	-	2	06	058	safkReparAmAyaNam	bAlakANda	sarga-1
1.1	hanumax-	1.1	hanumaxvacanAw	hanumax	hanumax	RaRTI-wawpuruRaH,1.2	RaRTI-wawpuruRaH,1.2	1	06	059_1	safkReparAmAyaNam	bAlakANda	sarga-1
1.2	vacanAw	1.2	-	vacana{napuM;5;eka}	vacana{napuM;5;eka}	hewuH,5.1	hewuH5,5.1	1	06	059_1	safkReparAmAyaNam	bAlakANda	sarga-1
2.1	ca	2.1	ca	ca{avya}	ca{avya}	sambanXaH,1.2	sambanXaH,3.1#sambanXaH,1.2	1	06	059_1	safkReparAmAyaNam	bAlakANda	sarga-1
3.1	eva	3.1	eva	eva{avya}	eva{avya}	sambanXaH,1.2	sambanXaH,4.1#sambanXaH,3.1#sambanXaH,1.2	1	06	059_1	safkReparAmAyaNam	bAlakANda	sarga-1
4.1	sugrIveNa	4.1	sugrIveNa	sugrIva{puM;3;eka}/sugrIva{napuM;3;eka}	sugrIva{puM;3;eka}	sahArWaH,5.1	sahArWaH,5.1#hewuH,5.1	1	06	059_1	safkReparAmAyaNam	bAlakANda	sarga-1
5.1	samAgawaH	5.1	samAgawaH	samAgawa{puM;1;eka(sam_Af_gam1;kwa;BvAxiH)}	samAgawa{puM;1;eka(sam_Af_gam1;kwa;BvAxiH)}	aBihiwa_karwA	-#aBihiwa_karwA	1	06	059_1	safkReparAmAyaNam	bAlakANda	sarga-1
6.1	.	6.1	.	-	-	-	-	1	06	059_1	safkReparAmAyaNam	bAlakANda	sarga-1
1.1	sugrIvAya	-	sugrIvAya	sugrIva{puM;4;eka}/sugrIva{napuM;4;eka}	sugrIva{puM;4;eka}	prayojanam,4.1	prayojanam1,12.1#prayojanam1,4.1	1	06	059_2-60_1	safkReparAmAyaNam	bAlakANda	sarga-1
10.1	sIwAyAH	-	sIwAyAH	sIwA{swrI;6;eka}/sIwA{swrI;5;eka}	sIwA{swrI;6;eka}	RaRTIsambanXaH,9.2	hewuH5,12.1#hewuH5,4.1#RaRTIsambanXaH,9.2#RaRTIsambanXaH,6.1	1	06	059_2-60_1	safkReparAmAyaNam	bAlakANda	sarga-1
11.1	ca	-	ca	ca{avya}	ca{avya}	sambanXaH,10.1	sambanXaH,10.1	1	06	059_2-60_1	safkReparAmAyaNam	bAlakANda	sarga-1
12.1	viSeRawaH	-	viSeRawaH	viSeRawaH{avya}/vi_SiR3{karwari{lat;pra;xvi;parasmEpaxI;curAxiH}	viSeRawaH{avya}	kriyAviSeRaNam,4.1	kriyAviSeRaNam,4.1	1	06	059_2-60_1	safkReparAmAyaNam	bAlakANda	sarga-1
13.1	.	-	.	-	-	-	-	1	06	059_2-60_1	safkReparAmAyaNam	bAlakANda	sarga-1
2.1	ca	-	ca	ca{avya}	ca{avya}	sambanXaH,1.1	sambanXaH,1.1	1	06	059_2-60_1	safkReparAmAyaNam	bAlakANda	sarga-1
3.1	waw-	-	waw-sarvaM	waw	waw	karmaXArayaH,3.2	karmaXArayaH,3.2	1	06	059_2-60_1	safkReparAmAyaNam	bAlakANda	sarga-1
3.2	sarvam	-	--	sarva{sarvanAma;puM;2;eka}/sarva{sarvanAma;napuM;1;eka}/sarva{sarvanAma;napuM;2;eka}	sarva{sarvanAma;napuM;2;eka}	viSeRaNam,9.2	viSeRaNam,9.2#karma,4.1#karwA,4.1	1	06	059_2-60_1	safkReparAmAyaNam	bAlakANda	sarga-1
4.1	(a)SaMsaw	-	(a)SaMsaw	Sans1{karwari;laf;pra;eka;parasmEpaxI;BvAxiH}	Sans1{karwari;laf;pra;eka;parasmEpaxI;BvAxiH}	aBihiwa_karwA,5.1;sakarmaka	-#aBihiwa_karwA,5.1;sakarmaka	1	06	059_2-60_1	safkReparAmAyaNam	bAlakANda	sarga-1
5.1	rAmaH	-	rAmaH	rAma{puM;1;eka}	rAma{puM;1;eka}	karwA,4.1	karwA,4.1	1	06	059_2-60_1	safkReparAmAyaNam	bAlakANda	sarga-1
6.1	mahAbalaH	-	mahAbalaH	mahAbala{puM;1;eka}	mahAbala{puM;1;eka}	viSeRaNam,5.1	viSeRaNam,5.1#karwA,4.1	1	06	059_2-60_1	safkReparAmAyaNam	bAlakANda	sarga-1
7.1	AxiwaH	-	AxiwaH	Axi{avya;wasil}/AxiwaH{avya}	Axi{avya;wasil}	AramBa_binxuH,4.1	apAxAnam,9.2#hewuH5,4.1#AramBa_binxuH,4.1	1	06	059_2-60_1	safkReparAmAyaNam	bAlakANda	sarga-1
8.1	waw	-	waw	wax{sarvanAma;napuM;1;eka}/wax{sarvanAma;napuM;2;eka}	wax{sarvanAma;napuM;2;eka}	viSeRaNam,9.2	viSeRaNam,9.2	1	06	059_2-60_1	safkReparAmAyaNam	bAlakANda	sarga-1
9.1	yaWA-	-	yaWAvqwwaM	yaWA	yaWA	avyayIBAvaH,9.2	avyayIBAvaH,9.2	1	06	059_2-60_1	safkReparAmAyaNam	bAlakANda	sarga-1
9.2	vqwwam	-	--	yaWAvqwwa{puM;2;eka}/yaWAvqwwa{napuM;1;eka}/yaWAvqwwa{napuM;2;eka}	yaWAvqwwa{napuM;2;eka}	karma,4.1	karma,4.1#karwA,4.1	1	06	059_2-60_1	safkReparAmAyaNam	bAlakANda	sarga-1
1.1	rAmeNa	10.1	rAmeNa	rAma{puM;3;eka}	rAma{puM;3;eka}	karwA,2.1	sambanXaH,11.1#karwA,2.1	1	07	060_2-61_1	safkReparAmAyaNam	bAlakANda	sarga-1
10.1	agni-	14.1	--	agni	agni	RaRTI-bahuvrIhiH,10.2	RaRTI-bahuvrIhiH,10.2	1	07	060_2-61_1	safkReparAmAyaNam	bAlakANda	sarga-1
10.2	sAkRikam	14.2	--	sAkRika{puM;2;eka}	sAkRika{puM;2;eka}	viSeRaNam,11.1	sup_samucciwaH,11.1#karma,14.1#viSeRaNam,11.1	1	07	060_2-61_1	safkReparAmAyaNam	bAlakANda	sarga-1
11.1	saKyam	9.1	--	saKI{swrI;2;eka}/saKya{napuM;1;eka}/saKya{napuM;2;eka}	saKya{napuM;2;eka}	karma,14.1	karma,14.1#sup_samucciwaH,4.1#karwA,14.1	1	07	060_2-61_1	safkReparAmAyaNam	bAlakANda	sarga-1
12.1	ca	12.1	--	ca{avya}	ca{avya}	sambanXaH,11.1	sup_samuccaya_xyowakaH,11.1#sambanXaH,11.1	1	07	060_2-61_1	safkReparAmAyaNam	bAlakANda	sarga-1
13.1	eva	13.1	--	eva{avya}	eva{avya}	sambanXaH,12.1	sambanXaH,12.1	1	07	060_2-61_1	safkReparAmAyaNam	bAlakANda	sarga-1
14.1	cakAra	8.1	--	kq2{karwari;lit;pra;eka;parasmEpaxI;svAxiH}/kq2{karwari;lit;u;eka;parasmEpaxI;svAxiH}/kq3{karwari;lit;pra;eka;parasmEpaxI;wanAxiH}/kq3{karwari;lit;u;eka;parasmEpaxI;wanAxiH}/kQ1{karwari;lit;pra;eka;parasmEpaxI;wuxAxiH}/kQ1{karwari;lit;u;eka;parasmEpaxI;wuxAxiH}	kq3{karwari;lit;pra;eka;parasmEpaxI;wanAxiH}	aBihiwa_karwA,4.1;sakarmaka	-#aBihiwa_karwA,4.1;sakarmaka	1	07	060_2-61_1	safkReparAmAyaNam	bAlakANda	sarga-1
15.1	.	15.1	-	-	-	-	-	1	07	060_2-61_1	safkReparAmAyaNam	bAlakANda	sarga-1
2.1	prIwaH	11.1	prIwaH	prIwa{puM;1;eka(prI2;kwa;kryAxiH)}	prIwa{puM;1;eka(prI2;kwa;kryAxiH)}	viSeRaNam,4.1	viSeRaNam,11.1#viSeRaNam,10.2#viSeRaNam,8.2#viSeRaNam,7.1#viSeRaNam,4.1#viSeRaNam,3.1#karwA,14.1	1	07	060_2-61_1	safkReparAmAyaNam	bAlakANda	sarga-1
3.1	vAnaraH	7.1	vAnaraH	vAnara{puM;1;eka}	vAnara{puM;1;eka}	aBexaH,4.1	viSeRaNam,4.1#sup_samucciwaH,11.1#sup_samucciwaH,4.1#karwA,14.1#aBexaH,4.1	1	07	060_2-61_1	safkReparAmAyaNam	bAlakANda	sarga-1
4.1	sugrIvaH	1.1	sugrIvaH	sugrIva{puM;1;eka}	sugrIva{puM;1;eka}	karwA,14.1;karwA,9.1	karwA,14.1#karwA,9.1	1	07	060_2-61_1	safkReparAmAyaNam	bAlakANda	sarga-1
5.1	ca	2.1	ca	ca{avya}	ca{avya}	sambanXaH,4.1	sup_samuccaya_xyowakaH,4.1#sambanXaH,4.1	1	07	060_2-61_1	safkReparAmAyaNam	bAlakANda	sarga-1
6.1	api	3.1	api	api{avya}	api{avya}	sambanXaH,5.1	sambanXaH,5.1	1	07	060_2-61_1	safkReparAmAyaNam	bAlakANda	sarga-1
7.1	rAmasya	6.1	--	rAma{puM;6;eka}	rAma{puM;6;eka}	RaRTIsambanXaH,8.2	RaRTIsambanXaH,8.2#RaRTIsambanXaH,3.1	1	07	060_2-61_1	safkReparAmAyaNam	bAlakANda	sarga-1
8.1	waw-	4.1	--	waw	waw	karmaXArayaH,8.2	karmaXArayaH,8.2	1	07	060_2-61_1	safkReparAmAyaNam	bAlakANda	sarga-1
8.2	sarvam	4.2	--	sarva{sarvanAma;puM;2;eka}/sarva{sarvanAma;napuM;1;eka}/sarva{sarvanAma;napuM;2;eka}/sarva{puM;2;eka}/sarva{napuM;1;eka}/sarva{napuM;2;eka}	sarva{napuM;2;eka}	karma,9.1	viSeRaNam,11.1#sup_samucciwaH,11.1#karma,14.1#karma,9.1#sup_samucciwaH,4.1#karwA,14.1#viSeRaNam,10.2	1	07	060_2-61_1	safkReparAmAyaNam	bAlakANda	sarga-1
9.1	SruwvA	5.1	--	Sru1{avya;kwvA;BvAxiH}	Sru1{avya;kwvA;BvAxiH}	pUrvakAlaH,14.1	pUrvakAlaH,14.1	1	07	060_2-61_1	safkReparAmAyaNam	bAlakANda	sarga-1
1.1	wawaH	1.1	wawaH	wawaH{avya}	wawaH{avya}	sambanXaH,6.1	sambanXaH,6.1#kArya_xyowakaH,6.1	1	07	061_2-62_1	safkReparAmAyaNam	bAlakANda	sarga-1
10.1	ca	4.1	ca	ca{avya}	ca{avya}	sambanXaH,9.1	sup_samuccaya_xyowakaH,9.1#sambanXaH,9.1	1	07	061_2-62_1	safkReparAmAyaNam	bAlakANda	sarga-1
11.1	.	11.1	.	-	-	-	-	1	07	061_2-62_1	safkReparAmAyaNam	bAlakANda	sarga-1
2.1	vAnara-	5.1	vAnara-rAjena	vAnara	vAnara	RaRTI-wawpuruRaH,2.2	RaRTI-wawpuruRaH,2.2	1	07	061_2-62_1	safkReparAmAyaNam	bAlakANda	sarga-1
2.2	rAjena	5.2	--	rAja{puM;3;eka}/rAja{napuM;3;eka}	rAja{puM;3;eka}	karwA,6.1	sup_samucciwaH,9.1#karwA,6.1#hewuH,6.1#viSeRaNam,9.1	1	07	061_2-62_1	safkReparAmAyaNam	bAlakANda	sarga-1
3.1	vEra-	7.1	vEra-anukaWanaM	vEra	vEra	RaRTI-wawpuruRaH,3.2	RaRTI-wawpuruRaH,3.2	1	07	061_2-62_1	safkReparAmAyaNam	bAlakANda	sarga-1
3.2	anukaWanam	7.2	--	anukaWana{puM;2;eka}	anukaWana{puM;2;eka}	ABimuKyam,6.1	viSeRaNam,7.1#viSeRaNam,6.1#upa_karmapravacanIyaH,4.1#upa_ABimuKyam,4.1#karma,6.1#ABimuKyam,6.1	1	07	061_2-62_1	safkReparAmAyaNam	bAlakANda	sarga-1
4.1	prawi	8.1	prawi	prawi{avya}	prawi{avya}	ABimuKya_xyowakaH,3.2	ABimuKya_xyowakaH,3.2	1	07	061_2-62_1	safkReparAmAyaNam	bAlakANda	sarga-1
5.1	rAmAya	6.1	rAmAya	rAma{puM;4;eka}	rAma{puM;4;eka}	prayojanam,6.1	prayojanam1,6.1	1	07	061_2-62_1	safkReparAmAyaNam	bAlakANda	sarga-1
6.1	Avexiwam	10.1	AvexiwaM	Avexiwa{puM;2;eka(Af_vix1;kwa;axAxiH)}/Avexiwa{napuM;1;eka(Af_vix1;kwa;axAxiH)}/Avexiwa{napuM;2;eka(Af_vix1;kwa;axAxiH)}	Avexiwa{napuM;1;eka(Af_vix1;kwa;axAxiH)}	aBihiwa_karwA,2.2	-#aBihiwa_karwA,2.2	1	07	061_2-62_1	safkReparAmAyaNam	bAlakANda	sarga-1
7.1	sarvam	9.1	sarvaM	sarva{sarvanAma;puM;2;eka}/sarva{sarvanAma;napuM;1;eka}/sarva{sarvanAma;napuM;2;eka}	sarva{sarvanAma;puM;2;eka}	karma,6.1	viSeRaNam,6.1#karma,6.1#viSeRaNam,3.2	1	07	061_2-62_1	safkReparAmAyaNam	bAlakANda	sarga-1
8.1	praNayAw	2.1	praNayAw	praNaya{puM;5;eka}	praNaya{puM;5;eka}	hewuH,9.1	hewuH5,6.1#hewuH,9.1	1	07	061_2-62_1	safkReparAmAyaNam	bAlakANda	sarga-1
9.1	xuHKiwena	3.1	xuHKiwena	xuHKiwa{puM;3;eka}	xuHKiwa{puM;3;eka}	viSeRaNam,2.2	viSeRaNam,2.2#karwA,6.1#hewuH,6.1	1	07	061_2-62_1	safkReparAmAyaNam	bAlakANda	sarga-1
1.1	prawijFAwam	5.1	prawijFAwaM	prawijFAwa{puM;2;eka}/prawijFAwa{napuM;1;eka}/prawijFAwa{napuM;2;eka}/prawijFAwa{puM;2;eka(prawi_jFA1;kwa;kryAxiH)}/prawijFAwa{napuM;1;eka(prawi_jFA1;kwa;kryAxiH)}/prawijFAwa{napuM;2;eka(prawi_jFA1;kwa;kryAxiH)}	prawijFAwa{puM;2;eka(prawi_jFA1;kwa;kryAxiH)}	-	-	1	07	062_2	safkReparAmAyaNam	bAlakANda	sarga-1
2.1	ca	6.1	ca	ca{avya}	ca{avya}	sambanXaH,1.1	sup_samuccaya_xyowakaH,1.1#sambanXaH,1.1	1	07	062_2	safkReparAmAyaNam	bAlakANda	sarga-1
3.1	rAmeNa	2.1	rAmeNa	rAma{puM;3;eka}	rAma{puM;3;eka}	karwA,1.1	karwA,1.1#hewuH,1.1	1	07	062_2	safkReparAmAyaNam	bAlakANda	sarga-1
4.1	waxA	1.1	waxA	waxA{avya}	waxA{avya}	kAlAXikaraNam,1.1	kAlAXikaraNam,1.1	1	07	062_2	safkReparAmAyaNam	bAlakANda	sarga-1
5.1	vAli-	3.1	vAli-vaXaM	vAli	vAli	RaRTI-wawpuruRaH,5.2	RaRTI-wawpuruRaH,5.2	1	07	062_2	safkReparAmAyaNam	bAlakANda	sarga-1
5.2	vaXam	3.2	--	vaXa{puM;2;eka}/vaXa{napuM;1;eka}/vaXa{napuM;2;eka}	vaXa{puM;2;eka}	ABimuKyam,1.1	viSeRaNam,1.1#upa_karmapravacanIyaH,6.1#upa_ABimuKyam,6.1#sup_samucciwaH,1.1#karma,1.1#ABimuKyam,1.1	1	07	062_2	safkReparAmAyaNam	bAlakANda	sarga-1
6.1	prawi	4.1	prawi	prawi{avya}	prawi{avya}	ABimuKya_xyowakaH,1.1	ABimuKya_xyowakaH,1.1	1	07	062_2	safkReparAmAyaNam	bAlakANda	sarga-1
7.1	.	7.1	.	-	-	-	-	1	07	062_2	safkReparAmAyaNam	bAlakANda	sarga-1
1.1	vAlinaH	3.1	vAlinaH	vAlin{puM;1;bahu}/vAlin{puM;2;bahu}/vAlin{puM;5;eka}/vAlin{puM;6;eka}	vAlin{puM;6;eka}	RaRTIsambanXaH,3.1	RaRTIsambanXaH,6.1#RaRTIsambanXaH,3.1#hewuH5,5.1#apAxAnam,5.1#muKyakarma,5.1#gONakarma,5.1	1	07	063	safkReparAmAyaNam	bAlakANda	sarga-1
2.1	ca	5.1	ca	ca{avya}	ca{avya}	sambanXaH,1.1	sup_samuccaya_xyowakaH,1.1#sambanXaH,1.1	1	07	063	safkReparAmAyaNam	bAlakANda	sarga-1
3.1	balam	4.1	balaM	bala{napuM;1;eka}/bala{napuM;2;eka}	bala{napuM;2;eka}	karma,5.1	sup_samucciwaH,1.1#muKyakarma,5.1#prayojakakarwA,5.1#gONakarma,5.1#karma,5.1	1	07	063	safkReparAmAyaNam	bAlakANda	sarga-1
4.1	wawra	2.1	wawra	wawra{avya}	wawra{avya}	xeSAXikaraNam,5.1	xeSAXikaraNam,5.1	1	07	063	safkReparAmAyaNam	bAlakANda	sarga-1
5.1	kaWayAmAsa	6.1	kaWayAmAsa	kaWa1{karwari;lit;u;eka;parasmEpaxI;curAxiH}/kaWa1{karwari;lit;pra;eka;parasmEpaxI;curAxiH}/kaWa1{karwari;lit;ma;bahu;parasmEpaxI;curAxiH}/kaWa1{karmaNi;lit;u;eka;AwmanepaxI;curAxiH}/kaWa1{karmaNi;lit;pra;eka;AwmanepaxI;curAxiH}/kaWa1{karmaNi;lit;ma;bahu;AwmanepaxI;curAxiH}/kaWa1{Nijanwa;karwari;lit;ma;bahu;parasmEpaxI;curAxiH}/kaWa1{Nijanwa;karwari;lit;ma;bahu;AwmanepaxI;curAxiH}/kaWa1{Nijanwa;karwari;lit;pra;eka;parasmEpaxI;curAxiH}/kaWa1{Nijanwa;karwari;lit;pra;eka;AwmanepaxI;curAxiH}/kaWa1{Nijanwa;karwari;lit;u;eka;parasmEpaxI;curAxiH}/kaWa1{Nijanwa;karwari;lit;u;eka;AwmanepaxI;curAxiH}	kaWa1{karwari;lit;pra;eka;parasmEpaxI;curAxiH}	aBihiwa_karwA,6.1;sakarmaka	-#aBihiwa_karwA,6.1;sakarmaka	1	07	063	safkReparAmAyaNam	bAlakANda	sarga-1
6.1	vAnaraH	1.1	vAnaraH	vAnara{puM;1;eka}	vAnara{puM;1;eka}	karwA,5.1	karwA,5.1	1	07	063	safkReparAmAyaNam	bAlakANda	sarga-1
7.1	.	7.1	.	-	-	-	-	1	07	063	safkReparAmAyaNam	bAlakANda	sarga-1
1.1	sugrIvaH	1.1	sugrIvaH	sugrIva{puM;1;eka}	sugrIva{puM;1;eka}	karwA,4.1	karwA,4.1	2	07	063	safkReparAmAyaNam	bAlakANda	sarga-1
2.1	SafkiwaH	5.1	SafkiwaH	Safkin{avya;wasil}/Safkiwa{puM;1;eka(Sak1;kwa;BvAxiH)}	Safkiwa{puM;1;eka(Sak1;kwa;BvAxiH)}	viXeya_viSeRaNam,1.1	viXeya_viSeRaNam,1.1	2	07	063	safkReparAmAyaNam	bAlakANda	sarga-1
3.1	ca	6.1	ca	ca{avya}	ca{avya}	sambanXaH,1.1	sambanXaH,2.1#sambanXaH,1.1	2	07	063	safkReparAmAyaNam	bAlakANda	sarga-1
4.1	AsIw	7.1	AsIw	as2{karwari;laf;pra;eka;parasmEpaxI;axAxiH}	as2{karwari;laf;pra;eka;parasmEpaxI;axAxiH}	aBihiwa_karwA,2.1	-#aBihiwa_karwA,2.1	2	07	063	safkReparAmAyaNam	bAlakANda	sarga-1
5.1	niwyam	4.1	niwyaM	niwya{puM;2;eka}/niwya{napuM;1;eka}/niwya{napuM;2;eka}	niwya{napuM;2;eka}	kriyAviSeRaNam,2.1	kriyAviSeRaNam,2.1#kriyAviSeRaNam,1.1#viXeya_viSeRaNam,2.1#karwA_be_verbs,4.1	2	07	063	safkReparAmAyaNam	bAlakANda	sarga-1
6.1	vIryeNa	3.1	vIryeNa	vIrya{napuM;3;eka}	vIrya{napuM;3;eka}	hewuH,2.1	karwA,2.1#hewuH,4.1#hewuH,2.1	2	07	063	safkReparAmAyaNam	bAlakANda	sarga-1
7.1	rAGave	2.1	rAGave	rAGava{puM;7;eka}	rAGava{puM;7;eka}	aXikaraNam,2.1	aXikaraNam,4.1#aXikaraNam,2.1	2	07	063	safkReparAmAyaNam	bAlakANda	sarga-1
8.1	.	8.1	.	-	-	-	-	2	07	063	safkReparAmAyaNam	bAlakANda	sarga-1
1.1	rAGava-	2.1	rAGava-prawyayArWaM	rAGava	rAGava	RaRTI-wawpuruRaH,1.2	RaRTI-wawpuruRaH,1.2	1	07	064	safkReparAmAyaNam	bAlakANda	sarga-1
1.2	prawyaya-	2.2	--	prawyaya	prawyaya	cawurWI-wawpuruRaH,1.3	cawurWI-wawpuruRaH,1.3	1	07	064	safkReparAmAyaNam	bAlakANda	sarga-1
1.3	arWam	2.3	--	arWa{napuM;2;eka}	arWa{napuM;2;eka}	prayojanam,6.1	prayojanam,6.1	1	07	064	safkReparAmAyaNam	bAlakANda	sarga-1
2.1	wu	3.1	wu	wu{avya}	wu{avya}	sambanXaH,1.3	sambanXaH,1.3	1	07	064	safkReparAmAyaNam	bAlakANda	sarga-1
3.1	xunxuBeH	4.1	xunxuBeH	xunxuBi{puM;5;eka}/xunxuBi{puM;6;eka}	xunxuBi{puM;6;eka}	RaRTIsambanXaH,4.1	RaRTIsambanXaH,5.1#RaRTIsambanXaH,4.1#wulanA_binxuH,5.1#hewuH5,6.1	1	07	064	safkReparAmAyaNam	bAlakANda	sarga-1
4.1	kAyam	7.1	kAyam	kAya{puM;2;eka}/kAya{napuM;1;eka}/kAya{napuM;2;eka}	kAya{puM;2;eka}	karma,6.1	karma,6.1#prayojakakarwA,6.1	1	07	064	safkReparAmAyaNam	bAlakANda	sarga-1
5.1	uwwamam	6.1	uwwamam	uwwama{puM;2;eka}/uwwama{napuM;1;eka}/uwwama{napuM;2;eka}	uwwama{puM;2;eka}	viSeRaNam,4.1	viSeRaNam,8.3#viSeRaNam,4.1#karma,6.1#prayojakakarwA,6.1	1	07	064	safkReparAmAyaNam	bAlakANda	sarga-1
6.1	xarSayAmAsa	8.1	xarSayAmAsa	xqS1{Nic;karwari;lit;u;eka;parasmEpaxI;BvAxiH}/xqS1{Nijanwa;karwari;lit;u;eka;AwmanepaxI;BvAxiH}/xqS1{Nijanwa;karwari;lit;pra;eka;parasmEpaxI;BvAxiH}/xqS1{Nijanwa;karwari;lit;pra;eka;AwmanepaxI;BvAxiH}/xqS1{Nijanwa;karwari;lit;ma;bahu;parasmEpaxI;BvAxiH}/xqS1{Nijanwa;karwari;lit;ma;bahu;AwmanepaxI;BvAxiH}	xqS1{Nic;karwari;lit;pra;eka;parasmEpaxI;BvAxiH}	aBihiwa_karwA,7.1;sakarmaka	-#aBihiwa_karwA,7.1;sakarmaka	1	07	064	safkReparAmAyaNam	bAlakANda	sarga-1
7.1	sugrIvaH	1.1	sugrIvaH	sugrIva{puM;1;eka}	sugrIva{puM;1;eka}	prayojaka_karwA,6.1	prayojakakarwA,6.1#prayojaka_karwA,6.1	1	07	064	safkReparAmAyaNam	bAlakANda	sarga-1
8.1	mahA-	5.1	mahA-parvawa-saMniBam	mahA}/mahaw	mahA	karmaXArayaH,8.2	karmaXArayaH,8.2	1	07	064	safkReparAmAyaNam	bAlakANda	sarga-1
8.2	parvawa-	5.2	--	parvawa	parvawa	wqwIyA-wawpuruRaH,8.3	wqwIyA-wawpuruRaH,8.3	1	07	064	safkReparAmAyaNam	bAlakANda	sarga-1
8.3	saMniBam	5.3	--	sanniBa{puM;2;eka}/sanniBa{napuM;1;eka}/sanniBa{napuM;2;eka}	sanniBa{puM;2;eka}	viSeRaNam,4.1	viSeRaNam,5.1#viSeRaNam,4.1#karma,6.1#prayojakakarwA,6.1	1	07	064	safkReparAmAyaNam	bAlakANda	sarga-1
9.1	.	9.1	.	-	-	-	-	1	07	064	safkReparAmAyaNam	bAlakANda	sarga-1
1.1	uwsmayiwvA	5.1	uwsmayiwvA	uw_smi1{avya;kwvA;BvAxiH}	uw_smi1{avya;kwvA;BvAxiH}	samucciwaH,3.1	pUrvakAlaH,8.1#samucciwaH,3.1	1	07	065	safkReparAmAyaNam	bAlakANda	sarga-1
10.1	xaSa-	9.1	xaSa-yojanam	xaSan	xaSan	karmaXArayaH,10.2	karmaXArayaH,10.2	1	07	065	safkReparAmAyaNam	bAlakANda	sarga-1
10.2	yojanam	9.2	--	yojana{napuM;1;eka}/yojana{napuM;2;eka}/yojana{puM;2;eka}	yojana{puM;2;eka}	karma,8.1	viSeRaNam,9.1#karma,8.1#karma,3.1#viSeRaNam,5.1#karwA,8.1	1	07	065	safkReparAmAyaNam	bAlakANda	sarga-1
11.1	.	11.1	.	-	-	-	-	1	07	065	safkReparAmAyaNam	bAlakANda	sarga-1
2.1	mahA-	1.1	mahA-bAhuH	mahA}/mahaw	mahA	RaRTI-bahuvrIhiH,2.2	RaRTI-bahuvrIhiH,2.2	1	07	065	safkReparAmAyaNam	bAlakANda	sarga-1
2.2	bAhuH	1.2	--	bAhu{puM;1;eka}	bAhu{puM;1;eka}	viSeRaNam,6.2	viSeRaNam,6.2#karwA,8.1	1	07	065	safkReparAmAyaNam	bAlakANda	sarga-1
3.1	prekRya	4.1	prekRya	pra_IkR1{avya;lyap;BvAxiH}/pra_Af_IkR1{avya{lyap;BvAxiH}	pra_IkR1{avya;lyap;BvAxiH}	pUrvakAlaH,8.1	pUrvakAlaH,8.1#samucciwaH,1.1	1	07	065	safkReparAmAyaNam	bAlakANda	sarga-1
4.1	ca	6.1	ca	ca{avya}	ca{avya}	samuccaya_xyowakaH,3.1	sambanXaH,3.1#samuccaya_xyowakaH,3.1	1	07	065	safkReparAmAyaNam	bAlakANda	sarga-1
5.1	asWi	3.1	asWi	asWi{napuM;1;eka}/asWi{napuM;2;eka}/asWi{napuM;8;eka}	asWi{napuM;2;eka}	karma,3.1	karma,8.1#karma,3.1#karwA,8.1	1	07	065	safkReparAmAyaNam	bAlakANda	sarga-1
6.1	mahA-	2.1	mahA-balaH	mahA}/mahaw	mahA	RaRTI-bahuvrIhiH,6.2	RaRTI-bahuvrIhiH,6.2	1	07	065	safkReparAmAyaNam	bAlakANda	sarga-1
6.2	balaH	2.2	--	bala{puM;1;eka}	bala{puM;1;eka}	karwA,8.1;karwA,3.1;karwA,1.1	karwA,8.1#karwA,3.1#karwA,1.1	1	07	065	safkReparAmAyaNam	bAlakANda	sarga-1
7.1	pAxa-	7.1	pAxa-afguRTena	pAxa	pAxa	RaRTI-wawpuruRaH,7.2	RaRTI-wawpuruRaH,7.2	1	07	065	safkReparAmAyaNam	bAlakANda	sarga-1
7.2	afguRTena	7.2	--	afguRTa{puM;3;eka}/afguRTa{napuM;3;eka}	afguRTa{puM;3;eka}	karaNam,8.1	karaNam,8.1#hewuH,8.1#hewuH,3.1#hewuH,1.1	1	07	065	safkReparAmAyaNam	bAlakANda	sarga-1
8.1	cikRepa	10.1	cikRepa	kRip2{karwari;lit;pra;eka;parasmEpaxI;wuxAxiH}/kRip2{karwari;lit;u;eka;parasmEpaxI;wuxAxiH}	kRip2{karwari;lit;pra;eka;parasmEpaxI;wuxAxiH}	aBihiwa_karwA,6.2;sakarmaka	-#aBihiwa_karwA,6.2;sakarmaka	1	07	065	safkReparAmAyaNam	bAlakANda	sarga-1
9.1	sampUrNam	8.1	sampUrNaM	sampUrNa{puM;2;eka}/sampUrNa{napuM;1;eka}/sampUrNa{napuM;2;eka}	sampUrNa{puM;2;eka}	viSeRaNam,10.2	viSeRaNam,10.2#viSeRaNam,5.1#karma,8.1#karma,3.1#karwA,8.1	1	07	065	safkReparAmAyaNam	bAlakANda	sarga-1
1.1	biBexa	13.1	biBexa	Bix1{karwari;lit;pra;eka;parasmEpaxI;ruXAxiH}/Bix1{karwari;lit;u;eka;parasmEpaxI;ruXAxiH}	Bix1{karwari;lit;pra;eka;parasmEpaxI;ruXAxiH}	aBihiwa_karwA,12.1;sakarmaka	-#aBihiwa_karwA,12.1;sakarmaka	1	07	066	safkReparAmAyaNam	bAlakANda	sarga-1
10.1	ca	11.1	ca	ca{avya}	ca{avya}	samuccaya_xyowakaH,9.1	sup_samuccaya_xyowakaH,9.1#sambanXaH,9.1	1	07	066	safkReparAmAyaNam	bAlakANda	sarga-1
11.1	eva	12.1	eva	eva{avya}	eva{avya}	sambanXaH,10.1	sambanXaH,10.1	1	07	066	safkReparAmAyaNam	bAlakANda	sarga-1
12.1	janayan	4.1	janayan	janayaw{puM;1;eka(jan2;Nijanwa;Sawq_lat;xivAxiH)}	janayaw{puM;1;eka(jan2;Nijanwa;Sawq_lat;xivAxiH)}	varwamAnasamAnakAlaH,1.1	varwamAnasamAnakAlaH,1.1#karwA,1.1	1	07	066	safkReparAmAyaNam	bAlakANda	sarga-1
13.1	prawyayam	3.1	prawyayaM	prawyaya{puM;2;eka}	prawyaya{puM;2;eka}	karma,12.1	sup_samucciwaH,9.1#karma,12.1	1	07	066	safkReparAmAyaNam	bAlakANda	sarga-1
14.1	waxA	1.1	waxA	waxA{avya}	waxA{avya}	kAlAXikaraNam,1.1	kAlAXikaraNam,1.1	1	07	066	safkReparAmAyaNam	bAlakANda	sarga-1
15.1	.	15.1	.	-	-	-	-	1	07	066	safkReparAmAyaNam	bAlakANda	sarga-1
2.1	ca	14.1	ca	ca{avya}	ca{avya}	sambanXaH,1.1	sambanXaH,1.1	1	07	066	safkReparAmAyaNam	bAlakANda	sarga-1
3.1	punaH	2.1	punaH	punaH{avya}	punaH{avya}	sambanXaH,1.1	kriyAviSeRaNam,1.1#kriyAviSeRaNam,12.1#sambanXaH,1.1	1	07	066	safkReparAmAyaNam	bAlakANda	sarga-1
4.1	sAlAn	8.1	sAlAn	sAla{puM;2;bahu}	sAla{puM;2;bahu}	samucciwaH,9.1	sup_samucciwaH,9.1#karma,12.1	1	07	066	safkReparAmAyaNam	bAlakANda	sarga-1
5.1	sapwa	7.1	sapwa	sapwan{saMKyeyam;1;bahu}/sapwan{saMKyeyam;2;bahu}	sapwan{saMKyeyam;2;bahu}	viSeRaNam,4.1	viSeRaNam,4.1#sup_samucciwaH,9.1#karma,12.1	1	07	066	safkReparAmAyaNam	bAlakANda	sarga-1
6.1	ekena	5.1	ekena	eka{saMKyeyam;puM;3;eka}/eka{saMKyeyam;napuM;3;eka}	eka{saMKyeyam;puM;3;eka}	viSeRaNam,7.2	karaNam,1.1#hewuH,12.1#viSeRaNam,7.2	1	07	066	safkReparAmAyaNam	bAlakANda	sarga-1
7.1	mahA-	6.1	mahA-iRuNA	mahA}/mahaw	mahaw	karmaXArayaH,7.2	karmaXArayaH,7.2	1	07	066	safkReparAmAyaNam	bAlakANda	sarga-1
7.2	iRuNA	6.2	--	iRu{puM;3;eka}	iRu{puM;3;eka}	karaNam,1.1	viSeRaNam,6.1#karaNam,1.1#hewuH,12.1	1	07	066	safkReparAmAyaNam	bAlakANda	sarga-1
8.1	girim	9.1	giriM	giri{puM;2;eka}/giri{swrI;2;eka}	giri{puM;2;eka}	samucciwaH,9.1	sup_samucciwaH,9.1#karma,12.1	1	07	066	safkReparAmAyaNam	bAlakANda	sarga-1
9.1	rasAwalam	10.1	rasAwalaM	rasAwala{napuM;1;eka}/rasAwala{napuM;2;eka}	rasAwala{napuM;2;eka}	karma,1.1	karma,12.1#karwA,1.1#karma,1.1	1	07	066	safkReparAmAyaNam	bAlakANda	sarga-1
1.1	wawaH	1.1	wawaH	wawaH{avya}	wawaH{avya}	sambanXaH,11.1	sambanXaH,11.1#sambanXaH,3.1#kArya_xyowakaH,11.1#kArya_xyowakaH,3.1#apAxAnam,11.1	1	07	067	safkReparAmAyaNam	bAlakANda	sarga-1
10.1	guhAm	10.1	--	guhA{swrI;2;eka}	guhA{swrI;2;eka}	karma,11.1	karma,11.1	1	07	067	safkReparAmAyaNam	bAlakANda	sarga-1
11.1	jagAma	11.1	--	gam1{karwari;lit;pra;eka;parasmEpaxI;BvAxiH}/gam1{karwari;lit;u;eka;parasmEpaxI;BvAxiH}	gam1{karwari;lit;pra;eka;parasmEpaxI;BvAxiH}	aBihiwa_karwA,5.1;sakarmaka	-#aBihiwa_karwA,5.1;sakarmaka	1	07	067	safkReparAmAyaNam	bAlakANda	sarga-1
12.1	ca	12.1	--	ca{avya}	ca{avya}	sambanXaH,11.1	sambanXaH,11.1	1	07	067	safkReparAmAyaNam	bAlakANda	sarga-1
13.1	.	13.1	-	-	-	-	-	1	07	067	safkReparAmAyaNam	bAlakANda	sarga-1
2.1	prIwa-	5.1	prIwa-manAH	prIwa(prI2;kwa;kryAxiH)	prIwa(prI2;kwa;kryAxiH)	RaRTI-bahuvrIhiH,2.2	RaRTI-bahuvrIhiH,2.2	1	07	067	safkReparAmAyaNam	bAlakANda	sarga-1
2.2	manAH	5.2	--	mana{puM;8;bahu}/mana{puM;1;bahu}/manA{swrI;8;bahu}/manA{swrI;1;bahu}/manA{swrI;2;bahu}/manas{puM;1;eka}	manas{puM;1;eka}	viSeRaNam,5.1	viSeRaNam,8.2#viSeRaNam,6.2#viSeRaNam,5.1#viSeRaNam,4.1#karwA,11.1#karma,11.1#karma,3.1#samboXyaH,11.1#samboXyaH,3.1	1	07	067	safkReparAmAyaNam	bAlakANda	sarga-1
3.1	wena	3.1	wena	wax{sarvanAma;puM;3;eka}/wax{sarvanAma;napuM;3;eka}/wan1{karwari;lit;ma;bahu;parasmEpaxI;wanAxiH}	wax{sarvanAma;puM;3;eka}	karwA,4.1	karwA,4.1#karaNam,11.1#hewuH,11.1#hewuH,4.1	1	07	067	safkReparAmAyaNam	bAlakANda	sarga-1
4.1	viSvaswaH	4.1	viSvaswaH	viSvaswa{puM;1;eka(vi_Svas1;kwa;axAxiH)}	viSvaswa{puM;1;eka(vi_Svas1;kwa;axAxiH)}	viSeRaNam,5.1	viSeRaNam,8.2#viSeRaNam,6.2#viSeRaNam,5.1#karwA,11.1	1	07	067	safkReparAmAyaNam	bAlakANda	sarga-1
5.1	saH	8.1	saH	wax{sarvanAma;puM;1;eka}	wax{sarvanAma;puM;1;eka}	karwA,11.1	viSeRaNam,8.2#viSeRaNam,6.2#karwA,11.1	1	07	067	safkReparAmAyaNam	bAlakANda	sarga-1
6.1	mahA-	7.1	mahA-kapiH	mahA}/mahaw	mahA	karmaXArayaH,6.2	karmaXArayaH,6.2	1	07	067	safkReparAmAyaNam	bAlakANda	sarga-1
6.2	kapiH	7.2	--	kapi{puM;1;eka}	kapi{puM;1;eka}	viSeRaNam,5.1	viSeRaNam,8.2#karwA,11.1#viSeRaNam,5.1	1	07	067	safkReparAmAyaNam	bAlakANda	sarga-1
7.1	waxA	2.1	--	waxA{avya}	waxA{avya}	kAlAXikaraNam,11.1	kAlAXikaraNam,11.1	1	07	067	safkReparAmAyaNam	bAlakANda	sarga-1
8.1	rAma-	6.1	--	rAma	rAma	wqwIyA-wawpuruRaH,8.2	wqwIyA-wawpuruRaH,8.2	1	07	067	safkReparAmAyaNam	bAlakANda	sarga-1
8.2	sahiwaH	6.2	--	sahiwa{puM;1;eka}/sahiwq{puM;8;eka}/sahiwq{napuM;8;eka}/sahiwq{napuM;1;eka}/sahiwq{napuM;2;eka}/sahiwq{swrI;8;eka}	sahiwa{puM;1;eka}	viSeRaNam,5.1	sahArWaH,11.1#viSeRaNam,5.1	1	07	067	safkReparAmAyaNam	bAlakANda	sarga-1
9.1	kiRkinXAm	9.1	--	kiRkinXA{swrI;2;eka}	kiRkinXA{swrI;2;eka}	viSeRaNam,10.1	viSeRaNam,10.1#karma,11.1	1	07	067	safkReparAmAyaNam	bAlakANda	sarga-1
1.1	wawaH	1.1	wawaH	wawaH{avya}	wawaH{avya}	sambanXaH,2.1	sambanXaH,2.1#kArya_xyowakaH,2.1	1	07	068	safkReparAmAyaNam	bAlakANda	sarga-1
2.1	agarjaw	5.1	agarjaw	garj1{karwari;laf;pra;eka;parasmEpaxI;BvAxiH}	garj1{karwari;laf;pra;eka;parasmEpaxI;BvAxiH}	aBihiwa_karwA,4.1	-#aBihiwa_karwA,4.1	1	07	068	safkReparAmAyaNam	bAlakANda	sarga-1
3.1	hari-	2.1	hari-varaH	hari	hari	RaRTI-wawpuruRaH,3.2	RaRTI-wawpuruRaH,3.2	1	07	068	safkReparAmAyaNam	bAlakANda	sarga-1
3.2	varaH	2.2	--	vara{puM;1;eka}	vara{puM;1;eka}	viSeRaNam,4.1	viSeRaNam,5.2#viSeRaNam,4.1#karwA,2.1	1	07	068	safkReparAmAyaNam	bAlakANda	sarga-1
4.1	sugrIvaH	4.1	sugrIvaH	sugrIva{puM;1;eka}	sugrIva{puM;1;eka}	karwA,2.1	karwA,2.1	1	07	068	safkReparAmAyaNam	bAlakANda	sarga-1
5.1	hema-	3.1	hema-pifgalaH	hema}/heman	hema	bahuvrIhiH,5.2	bahuvrIhiH,5.2	1	07	068	safkReparAmAyaNam	bAlakANda	sarga-1
5.2	pifgalaH	3.2	--	pifgala{puM;1;eka}	pifgala{puM;1;eka}	viSeRaNam,4.1	viSeRaNam,4.1#viSeRaNam,3.2#karwA,2.1	1	07	068	safkReparAmAyaNam	bAlakANda	sarga-1
6.1	.	6.1	.	-	-	-	-	1	07	068	safkReparAmAyaNam	bAlakANda	sarga-1
1.1	wena	1.1	wena	wax{sarvanAma;puM;3;eka}/wax{sarvanAma;napuM;3;eka}/wan1{karwari;lit;ma;bahu;parasmEpaxI;wanAxiH}	wax{sarvanAma;puM;3;eka}	viSeRaNam,2.1	viSeRaNam,3.1#hewuH,4.1#viSeRaNam,2.1	2	07	068	safkReparAmAyaNam	bAlakANda	sarga-1
2.1	nAxena	3.1	nAxena	nAxa{puM;3;eka}	nAxa{puM;3;eka}	hewuH,4.1	hewuH,4.1#hewuH,1.1	2	07	068	safkReparAmAyaNam	bAlakANda	sarga-1
3.1	mahawA	2.1	mahawA	mahaw{puM;3;eka}/mahaw{napuM;3;eka}	mahaw{puM;3;eka}	viSeRaNam,2.1	viSeRaNam,1.1#hewuH,4.1#hewuH,1.1#viSeRaNam,2.1	2	07	068	safkReparAmAyaNam	bAlakANda	sarga-1
4.1	nirjagAma	5.1	nirjagAma	nir_gam1{karwari;lit;u;eka;parasmEpaxI;BvAxiH}/nir_gam1{karwari{lit;pra;eka;parasmEpaxI;BvAxiH}	nir_gam1{karwari;lit;pra;eka;parasmEpaxI;BvAxiH}	aBihiwa_karwA,5.2	-#aBihiwa_karwA,5.2	2	07	068	safkReparAmAyaNam	bAlakANda	sarga-1
5.1	hari-	4.1	hari-ISvaraH	hari	hari	RaRTI-wawpuruRaH,5.2	RaRTI-wawpuruRaH,5.2	2	07	068	safkReparAmAyaNam	bAlakANda	sarga-1
5.2	ISvaraH	4.2	--	ISvara{puM;1;eka}	ISvara{puM;1;eka}	karwA,4.1	karwA,4.1	2	07	068	safkReparAmAyaNam	bAlakANda	sarga-1
6.1	.	6.1	.	-	-	-	-	2	07	068	safkReparAmAyaNam	bAlakANda	sarga-1
1.1	anumAnya	3.1	anumAnya	anu_man2{avya;Nijanwa;lyap;wanAxiH}	anu_man2{avya;Nijanwa;lyap;wanAxiH}	pUrvakAlaH,5.1	pUrvakAlaH,5.1	1	07	069	safkReparAmAyaNam	bAlakANda	sarga-1
2.1	waxA	1.1	waxA	waxA{avya}	waxA{avya}	kAlAXikaraNam,5.1	kAlAXikaraNam,5.1	1	07	069	safkReparAmAyaNam	bAlakANda	sarga-1
3.1	wArAm	2.1	wArAM	wArA{swrI;2;eka}	wArA{swrI;2;eka}	karma,1.1	prayojyakarwA,1.1#karma,1.1#gawikarma,5.1	1	07	069	safkReparAmAyaNam	bAlakANda	sarga-1
4.1	sugrIveNa	4.1	sugrIveNa	sugrIva{puM;3;eka}/sugrIva{napuM;3;eka}	sugrIva{puM;3;eka}	sahArWaH,5.1	sahArWaH,5.1#maXyasWakarwA,1.1#hewuH,5.1#hewuH,1.1	1	07	069	safkReparAmAyaNam	bAlakANda	sarga-1
5.1	samAgawaH	5.1	samAgawaH	samAgawa{puM;1;eka(sam_Af_gam1;kwa;BvAxiH)}	samAgawa{puM;1;eka(sam_Af_gam1;kwa;BvAxiH)}	-	-	1	07	069	safkReparAmAyaNam	bAlakANda	sarga-1
6.1	.	6.1	.	-	-	-	-	1	07	069	safkReparAmAyaNam	bAlakANda	sarga-1
1.1	nijaGAna	6.1	nijaGAna	ni_han1{karwari;lit;pra;eka;parasmEpaxI;axAxiH}/ni_han1{karwari{lit;u;eka;parasmEpaxI;axAxiH}	ni_han1{karwari;lit;pra;eka;parasmEpaxI;axAxiH}	aBihiwa_karwA,7.1;sakarmaka	-#aBihiwa_karwA,7.1;sakarmaka	2	07	069	safkReparAmAyaNam	bAlakANda	sarga-1
2.1	ca	7.1	ca	ca{avya}	ca{avya}	sambanXaH,1.1	sambanXaH,1.1	2	07	069	safkReparAmAyaNam	bAlakANda	sarga-1
3.1	wawra	1.1	wawra	wawra{avya}	wawra{avya}	xeSAXikaraNam,1.1	xeSAXikaraNam,1.1	2	07	069	safkReparAmAyaNam	bAlakANda	sarga-1
4.1	enam	5.1	enaM	ixam{sarvanAma;puM;2;eka}	ixam{sarvanAma;puM;2;eka}	karma,1.1	karma,1.1	2	07	069	safkReparAmAyaNam	bAlakANda	sarga-1
5.1	SareNa	4.1	SareNa	Sara{puM;3;eka}/Sara{napuM;3;eka}	Sara{puM;3;eka}	karaNam,1.1	karaNam,1.1#hewuH,1.1	2	07	069	safkReparAmAyaNam	bAlakANda	sarga-1
6.1	ekena	3.1	ekena	eka{saMKyeyam;puM;3;eka}/eka{saMKyeyam;napuM;3;eka}	eka{saMKyeyam;puM;3;eka}	viSeRaNam,5.1	viSeRaNam,5.1#karaNam,1.1	2	07	069	safkReparAmAyaNam	bAlakANda	sarga-1
7.1	rAGavaH	2.1	rAGavaH	rAGava{puM;1;eka}	rAGava{puM;1;eka}	karwA,1.1	karwA,1.1	2	07	069	safkReparAmAyaNam	bAlakANda	sarga-1
8.1	.	8.1	.	-	-	-	-	2	07	069	safkReparAmAyaNam	bAlakANda	sarga-1
1.1	wawaH	1.1	wawaH	wawaH{avya}	wawaH{avya}	sambanXaH,10.1	sambanXaH,10.1#sambanXaH,8.2#kArya_xyowakaH,10.1#kArya_xyowakaH,8.2	1	07	070	safkReparAmAyaNam	bAlakANda	sarga-1
10.1	prawyapAxayaw	10.1	prawyapAxayaw	prawi_pax1{Nic;karwari;laf;pra;eka;parasmEpaxI;xivAxiH}	prawi_pax1{Nic;karwari;laf;pra;eka;parasmEpaxI;xivAxiH}	aBihiwa_karwA,9.1;sakarmaka	-#aBihiwa_karwA,9.1;sakarmaka	1	07	070	safkReparAmAyaNam	bAlakANda	sarga-1
11.1	.	11.1	.	-	-	-	-	1	07	070	safkReparAmAyaNam	bAlakANda	sarga-1
2.1	sugrIva-	3.1	sugrIva-vacanAw	sugrIva	sugrIva	RaRTI-wawpuruRaH,2.2	RaRTI-wawpuruRaH,2.2	1	07	070	safkReparAmAyaNam	bAlakANda	sarga-1
2.2	vacanAw	3.2	--	vacana{napuM;5;eka}	vacana{napuM;5;eka}	hewuH,3.1	hewuH5,10.1#hewuH5,8.2#hewuH5,5.1#hewuH5,3.1	1	07	070	safkReparAmAyaNam	bAlakANda	sarga-1
3.1	hawvA	6.1	hawvA	han1{avya;kwvA;axAxiH}	han1{avya;kwvA;axAxiH}	pUrvakAlaH,10.1	pUrvakAlaH,10.1#pUrvakAlaH,8.2	1	07	070	safkReparAmAyaNam	bAlakANda	sarga-1
4.1	vAlinam	4.1	vAlinam	vAlin{puM;2;eka}	vAlin{puM;2;eka}	karma,3.1	viSeRaNam,6.1#karma,10.1#karma,3.1	1	07	070	safkReparAmAyaNam	bAlakANda	sarga-1
5.1	Ahave	5.1	Ahave	Ahava{puM;7;eka(Af_hu1;GaF;juhowyAxiH)}	Ahava{puM;7;eka(Af_hu1;GaF;juhowyAxiH)}	aXikaraNam,3.1	viSeRaNam,8.2#aXikaraNam,10.1#aXikaraNam,8.2#aXikaraNam,3.1	1	07	070	safkReparAmAyaNam	bAlakANda	sarga-1
6.1	sugrIvam	8.1	sugrIvam	sugrIva{puM;2;eka}/sugrIva{napuM;1;eka}/sugrIva{napuM;2;eka}	sugrIva{puM;2;eka}	karma,10.1	karma,10.1#karma,3.1#prayojakakarwA,10.1	1	07	070	safkReparAmAyaNam	bAlakANda	sarga-1
7.1	eva	9.1	eva	eva{avya}	eva{avya}	sambanXaH,6.1	sambanXaH,6.1	1	07	070	safkReparAmAyaNam	bAlakANda	sarga-1
8.1	wax-	7.1	wax-rAjye	wax	wax	sapwamI-wawpuruRaH,8.2	sapwamI-wawpuruRaH,8.2	1	07	070	safkReparAmAyaNam	bAlakANda	sarga-1
8.2	rAjye	7.2	--	rAj1{karmaNi;lat;u;eka;AwmanepaxI;BvAxiH}/rAjya{napuM;1;xvi}/rAjya{napuM;2;xvi}/rAjya{napuM;8;xvi}/rAjya{napuM;7;eka}/rAjya{puM;7;eka}/rAjyA{swrI;8;eka}/rAjyA{swrI;8;xvi}/rAjyA{swrI;1;xvi}/rAjyA{swrI;2;xvi}	rAjya{napuM;7;eka}	aXikaraNam,10.1	karma,10.1#karma,3.1#samboXyaH,10.1#viSeRaNam,5.1#aXikaraNam,10.1#aXikaraNam,5.1#aXikaraNam,3.1	1	07	070	safkReparAmAyaNam	bAlakANda	sarga-1
9.1	rAGavaH	2.1	rAGavaH	rAGava{puM;1;eka}	rAGava{puM;1;eka}	prayojaka_karwA,10.1;karwA,3.1	prayojaka_karwA,10.1#karwA,3.1	1	07	070	safkReparAmAyaNam	bAlakANda	sarga-1
1.1	saH	4.1	saH	wax{sarvanAma;puM;1;eka}	wax{sarvanAma;puM;1;eka}	prayojaka_karwA,8.1;karwA,4.1	prayojaka_karwA,8.1#karwA,4.1	1	08	071	safkReparAmAyaNam	bAlakANda	sarga-1
10.1	janaka-	1.1	janaka-AwmajAm	janaka	janaka	RaRTI-wawpuruRaH,10.2	RaRTI-wawpuruRaH,10.2	1	08	071	safkReparAmAyaNam	bAlakANda	sarga-1
10.2	AwmajAm	1.2	--	AwmajA{swrI;2;eka}	AwmajA{swrI;2;eka}	karma,9.1	prayojyakarwA,8.1#karma,9.1#karma,8.1	1	08	071	safkReparAmAyaNam	bAlakANda	sarga-1
11.1	.	11.1	.	-	-	-	-	1	08	071	safkReparAmAyaNam	bAlakANda	sarga-1
2.1	ca	5.1	ca	ca{avya}	ca{avya}	sambanXaH,1.1	sup_samuccaya_xyowakaH,1.1#sambanXaH,1.1	1	08	071	safkReparAmAyaNam	bAlakANda	sarga-1
3.1	sarvAn	6.1	sarvAn	sarva{sarvanAma;puM;2;bahu}	sarva{sarvanAma;puM;2;bahu}	viSeRaNam,5.1	viSeRaNam,5.1#prayojyakarwA,8.1#karma,9.1#karma,8.1	1	08	071	safkReparAmAyaNam	bAlakANda	sarga-1
4.1	samAnIya	8.1	samAnIya	sam_Af_NI1{avya;lyap;BvAxiH}	sam_Af_NI1{avya;lyap;BvAxiH}	pUrvakAlaH,8.1	pUrvakAlaH,8.1	1	08	071	safkReparAmAyaNam	bAlakANda	sarga-1
5.1	vAnarAn	7.1	vAnarAn	vAnara{puM;2;bahu}	vAnara{puM;2;bahu}	prayojya_karwA,8.1;karma,4.1	prayojya_karwA,8.1#karma,4.1	1	08	071	safkReparAmAyaNam	bAlakANda	sarga-1
6.1	vAnararRaBaH	3.1	vAnararRaBaH	vAnararRaBa{puM;1;eka}	vAnararRaBa{puM;1;eka}	viSeRaNam,1.1	viSeRaNam,1.1#prayojakakarwA,8.1#karwA,9.1	1	08	071	safkReparAmAyaNam	bAlakANda	sarga-1
7.1	xiSaH	9.1	xiSaH	xiS{swrI;1;bahu}/xiS{swrI;2;bahu}/xiS{swrI;5;eka}/xiS{swrI;6;eka}/xiS{swrI;8;bahu}	xiS{swrI;2;bahu}	karma,8.1	samboXyaH,8.1#RaRTIsambanXaH,5.1#hewuH5,9.1#hewuH5,8.1#hewuH5,4.1#apAxAnam,8.1#prayojyakarwA,8.1#karma,9.1#karma,8.1#sup_samucciwaH,1.1	1	08	071	safkReparAmAyaNam	bAlakANda	sarga-1
8.1	prasWApayAmAsa	10.1	prasWApayAmAsa	pra_RWA1{Nic;karwari;lit;pra;eka;parasmEpaxI;BvAxiH}	pra_RWA1{Nic;karwari;lit;pra;eka;parasmEpaxI;BvAxiH}	aBihiwa_karwA,7.1;sakarmaka	-#aBihiwa_karwA,7.1;sakarmaka	1	08	071	safkReparAmAyaNam	bAlakANda	sarga-1
9.1	xixqkRuH	2.1	xixqkRuH	xixqkRu{puM;1;eka(xqS1;sananwa;u;BvAxiH)}	xixqkRu{puM;1;eka(xqS1;sananwa;u;BvAxiH)}	viSeRaNam,1.1	viSeRaNam,1.1#prayojakakarwA,8.1	1	08	071	safkReparAmAyaNam	bAlakANda	sarga-1
1.1	wawaH	1.1	wawaH	wawaH{avya}	wawaH{avya}	sambanXaH,8.1	sambanXaH,8.1#kArya_xyowakaH,8.1	1	08	072	safkReparAmAyaNam	bAlakANda	sarga-1
10.1	.	10.1	.	-	-	-	-	1	08	072	safkReparAmAyaNam	bAlakANda	sarga-1
2.1	gqXrasya	4.1	gqXrasya	gqXra{puM;6;eka}	gqXra{puM;6;eka}	viSeRaNam,4.1	viSeRaNam,4.1#RaRTIsambanXaH,7.3#RaRTIsambanXaH,6.1#RaRTIsambanXaH,5.1#RaRTIsambanXaH,3.1	1	08	072	safkReparAmAyaNam	bAlakANda	sarga-1
3.1	vacanAw	6.1	vacanAw	vacana{napuM;5;eka}	vacana{napuM;5;eka}	hewuH,8.1	hewuH5,8.1#hewuH5,7.3	1	08	072	safkReparAmAyaNam	bAlakANda	sarga-1
4.1	sampAweH	5.1	sampAweH	sampAwi{puM;5;eka}/sampAwi{puM;6;eka}	sampAwi{puM;6;eka}	RaRTIsambanXaH,3.1	RaRTIsambanXaH,7.3#RaRTIsambanXaH,6.1#RaRTIsambanXaH,5.1#RaRTIsambanXaH,3.1#RaRTIsambanXaH,2.1#hewuH5,8.1#hewuH5,7.3	1	08	072	safkReparAmAyaNam	bAlakANda	sarga-1
5.1	hanumAn	3.1	hanumAn	hanumaw{puM;1;eka}/hanu{mawup;puM;1;eka}	hanu{mawup;puM;1;eka}	karwA,8.1	viSeRaNam,6.1#karwA,8.1#karma,8.1	1	08	072	safkReparAmAyaNam	bAlakANda	sarga-1
6.1	balI	2.1	balI	bali{puM;1;xvi}/bali{puM;2;xvi}/balin{puM;1;eka}/bali{puM;8;xvi}	balin{puM;1;eka}	viSeRaNam,5.1	samboXyaH,8.1#samboXyaH,7.3#karwA,8.1#karma,8.1#viSeRaNam,5.1	1	08	072	safkReparAmAyaNam	bAlakANda	sarga-1
7.1	Sawa-	7.1	Sawa-yojana-viswIrNaM	Sawa	Sawa	karmaXAraya,7.2	karmaXAraya,7.2	1	08	072	safkReparAmAyaNam	bAlakANda	sarga-1
7.2	yojana-	7.2	--	yojana	yojana	RaRTI-bahuvrIhiH,7.3	RaRTI-bahuvrIhiH,7.3	1	08	072	safkReparAmAyaNam	bAlakANda	sarga-1
7.3	viswIrNam	7.3	--	viswIrNa{napuM;1;eka(vi_swQ1;kwa;kryAxiH)}/viswIrNa{napuM;2;eka(vi_swQ1;kwa;kryAxiH)}/viswIrNa{puM;2;eka}	viswIrNa{napuM;2;eka(vi_swQ1;kwa;kryAxiH)}	viSeRaNam,9.2	viSeRaNam,9.2#karma,8.1#karwA,8.1	1	08	072	safkReparAmAyaNam	bAlakANda	sarga-1
8.1	pupluve	9.1	pupluve	plu1{karwari;lit;u;eka;AwmanepaxI;BvAxiH}/plu1{karwari;lit;pra;eka;AwmanepaxI;BvAxiH}/plu1{karmaNi;lit;u;eka;AwmanepaxI;BvAxiH}/plu1{karmaNi;lit;pra;eka;AwmanepaxI;BvAxiH}	plu1{karwari;lit;pra;eka;AwmanepaxI;BvAxiH}	aBihiwa_karwA,6.1;sakarmaka	-#aBihiwa_karwA,6.1;sakarmaka	1	08	072	safkReparAmAyaNam	bAlakANda	sarga-1
9.1	lavaNa-	8.1	lavaNa-arNavam	lavaNa	lavaNa	RaRTI-wawpuruRaH,9.2	RaRTI-wawpuruRaH,9.2	1	08	072	safkReparAmAyaNam	bAlakANda	sarga-1
9.2	arNavam	8.2	--	arNava{puM;2;eka}/arNava{napuM;1;eka}/arNava{napuM;2;eka}	arNava{napuM;2;eka}	karma,8.1	viSeRaNam,7.3#karma,8.1#karwA,8.1	1	08	072	safkReparAmAyaNam	bAlakANda	sarga-1
1.1	wawra	1.1	wawra	wawra{avya}	wawra{avya}	xeSAXikaraNam,10.1	xeSAXikaraNam,10.1#xeSAXikaraNam,7.1#xeSAXikaraNam,5.1#xeSAXikaraNam,2.2	1	08	073	safkReparAmAyaNam	bAlakANda	sarga-1
10.1	xaxarSa	6.1	--	xqS1{karwari;lit;pra;eka;parasmEpaxI;BvAxiH}/xqS1{karwari;lit;u;eka;parasmEpaxI;BvAxiH}	xqS1{karwari;lit;pra;eka;parasmEpaxI;BvAxiH}	aBihiwa_karwA	-#aBihiwa_karwA	1	08	073	safkReparAmAyaNam	bAlakANda	sarga-1
11.1	.	11.1	-	-	-	-	-	1	08	073	safkReparAmAyaNam	bAlakANda	sarga-1
2.1	rAvaNa-	5.1	--	rAvaNa	rAvaNa	wqwIyA_wawpuruRaH,2.2	wqwIyA_wawpuruRaH,2.2	1	08	073	safkReparAmAyaNam	bAlakANda	sarga-1
2.2	pAliwAm	5.2	--	pAli{wal;swrI;2;eka}/pAliwA{swrI;2;eka(pAl1;kwa;curAxiH)}	pAliwA{swrI;2;eka(pAl1;kwa;curAxiH)}	viSeRaNam,4.1	viSeRaNam,9.1#viSeRaNam,8.1#viSeRaNam,7.1#viSeRaNam,6.2#viSeRaNam,4.1#viSeRaNam,3.1#karma,10.1#karma,5.1	1	08	073	safkReparAmAyaNam	bAlakANda	sarga-1
3.1	lafkAm	2.1	--	lafkA{swrI;2;eka}	lafkA{swrI;2;eka}	viSeRaNam,4.1	viSeRaNam,9.1#viSeRaNam,8.1#viSeRaNam,7.1#viSeRaNam,6.2#viSeRaNam,4.1#karma,10.1#karma,5.1	1	08	073	safkReparAmAyaNam	bAlakANda	sarga-1
4.1	purIm	4.1	--	purI{swrI;2;eka}	purI{swrI;2;eka}	karma,5.1	viSeRaNam,9.1#karma,10.1#karma,5.1	1	08	073	safkReparAmAyaNam	bAlakANda	sarga-1
5.1	samAsAxya	3.1	--	sam_Af_Rax1{avya;Nijanwa;lyap;BvAxiH}	sam_Af_Rax1{avya;Nijanwa;lyap;BvAxiH}	pUrvakAlaH,10.1	pUrvakAlaH,10.1	1	08	073	safkReparAmAyaNam	bAlakANda	sarga-1
6.1	aSoka-	9.1	--	aSoka	aSoka	karmaXArayaH,6.2	karmaXArayaH,6.2	1	08	073	safkReparAmAyaNam	bAlakANda	sarga-1
6.2	vanikAm	9.2	--	vanikA{swrI;2;eka}	vanikA{swrI;2;eka}	karma,7.1	viSeRaNam,9.1#viSeRaNam,8.1#viSeRaNam,7.1#karma,10.1#karma,8.1#gawikarma,7.1#karma,7.1	1	08	073	safkReparAmAyaNam	bAlakANda	sarga-1
7.1	gawAm	10.1	--	gawA{swrI;2;eka(gam1;kwa;BvAxiH)}	gawA{swrI;2;eka(gam1;kwa;BvAxiH)}	viSeRaNam,9.1	viSeRaNam,9.1#viSeRaNam,8.1#karma,10.1#karma,8.1	1	08	073	safkReparAmAyaNam	bAlakANda	sarga-1
8.1	XyAyanwIm	8.1	--	XyAyanwI{swrI;2;eka(XyE1;Sawq_lat;BvAxiH)}	XyAyanwI{swrI;2;eka(XyE1;Sawq_lat;BvAxiH)}	viSeRaNam,9.1	viSeRaNam,9.1#viSeRaNam,7.1#viSeRaNam,6.2#viSeRaNam,4.1#viSeRaNam,3.1#viSeRaNam,2.2#karma,10.1	1	08	073	safkReparAmAyaNam	bAlakANda	sarga-1
9.1	sIwAm	7.1	--	sIwA{swrI;2;eka}	sIwA{swrI;2;eka}	karma,10.1	karma,10.1	1	08	073	safkReparAmAyaNam	bAlakANda	sarga-1
1.1	nivexayiwvA	2.1	nivexayiwvA	ni_vix1{avya;kwvA;axAxiH}	ni_vix1{avya;kwvA;axAxiH}	samucciwaH,6.1	sup_samucciwaH,6.1#sup_samucciwaH,4.1#pUrvakAlaH,9.1	1	08	074	safkReparAmAyaNam	bAlakANda	sarga-1
10.1	woraNam	9.1	woraNam	woraNa{puM;2;eka}	woraNa{puM;2;eka}	karma,9.1	karma,9.1#karma,6.1#karma,4.1#karma,1.1	1	08	074	safkReparAmAyaNam	bAlakANda	sarga-1
11.1	.	11.1	.	-	-	-	-	1	08	074	safkReparAmAyaNam	bAlakANda	sarga-1
2.1	aBijFAnam	1.1	aBi_jFanam	aBi_jFAna{napuM;1;eka}/aBi_jFAna{napuM;2;eka}/aBi_jFAna{puM;2;eka}	aBi_jFAna{napuM;2;eka}	karma,1.1	viSeRaNam,10.1#karma,9.1#karma,6.1#karma,4.1#karma,1.1#prayojakakarwA,9.1	1	08	074	safkReparAmAyaNam	bAlakANda	sarga-1
3.1	pravqwwim	3.1	pravqwwiM	pravqwwi{swrI;2;eka}	pravqwwi{swrI;2;eka}	karma,4.1	viSeRaNam,8.1#karma,9.1#karma,6.1#karma,4.1#karma,1.1	1	08	074	safkReparAmAyaNam	bAlakANda	sarga-1
4.1	vinivexya	5.1	vinivexya	vi_ni_vix1{avya;lyap;axAxiH}	vi_ni_vix1{avya;lyap;axAxiH}	samucciwaH,6.1	sup_samucciwaH,6.1#pUrvakAlaH,9.1	1	08	074	safkReparAmAyaNam	bAlakANda	sarga-1
5.1	ca	4.1	ca	ca{avya}	ca{avya}	samuccaya_xyowakaH,4.1	sup_samuccaya_xyowakaH,4.1#sambanXaH,4.1	1	08	074	safkReparAmAyaNam	bAlakANda	sarga-1
6.1	samASvAsya	7.1	samASvAsya	sam_Af_Svas1{avya;Nijanwa;lyap;axAxiH}	sam_Af_Svas1{avya;Nijanwa;lyap;axAxiH}	pUrvakAlaH,9.1	sup_samucciwaH,4.1#pUrvakAlaH,9.1	1	08	074	safkReparAmAyaNam	bAlakANda	sarga-1
7.1	ca	8.1	ca	ca{avya}	ca{avya}	samuccaya_xyowakaH,6.1	sup_samuccaya_xyowakaH,6.1#sambanXaH,6.1	1	08	074	safkReparAmAyaNam	bAlakANda	sarga-1
8.1	vExehIm	6.1	vExehIM	vExehI{swrI;2;eka}	vExehI{swrI;2;eka}	karma,6.1	karma,9.1#karma,6.1#karma,4.1#karma,1.1	1	08	074	safkReparAmAyaNam	bAlakANda	sarga-1
9.1	marxayAmAsa	10.1	marxayAmAsa	mqx1{Nijanwa;karwari;lit;u;eka;parasmEpaxI;kryAxiH}/mqx1{Nijanwa;karwari;lit;u;eka;AwmanepaxI;kryAxiH}/mqx1{Nijanwa;karwari;lit;pra;eka;parasmEpaxI;kryAxiH}/mqx1{Nijanwa;karwari;lit;pra;eka;AwmanepaxI;kryAxiH}/mqx1{Nijanwa;karwari;lit;ma;bahu;parasmEpaxI;kryAxiH}/mqx1{Nijanwa;karwari;lit;ma;bahu;AwmanepaxI;kryAxiH}	mqx1{Nijanwa;karwari;lit;u;eka;parasmEpaxI;kryAxiH}	aBihiwa_karwA	-#aBihiwa_karwA	1	08	074	safkReparAmAyaNam	bAlakANda	sarga-1
1.1	paFca	1.1	paFca	paFcan{saMKyeyam;1;bahu}/paFcan{saMKyeyam;2;bahu}	paFcan{saMKyeyam;2;bahu}	viSeRaNam,2.2	viSeRaNam,5.2#viSeRaNam,4.1#viSeRaNam,2.2#sup_samucciwaH,8.1#sup_samucciwaH,5.2#karma,12.1#karma,11.1#karma,10.1#karma,3.1	1	08	075	safkReparAmAyaNam	bAlakANda	sarga-1
10.1	niRpiRya	10.1	niRpiRya	nis_piR1{avya;lyap;ruXAxiH}	nis_piR1{avya;lyap;ruXAxiH}	pUrvakAlaH,12.1	pUrvakAlaH,12.1	1	08	075	safkReparAmAyaNam	bAlakANda	sarga-1
11.1	grahaNam	11.1	grahaNaM	grahaNa{napuM;1;eka(grah1;lyut;kryAxiH)}/grahaNa{napuM;2;eka(grah1;lyut;kryAxiH)}	grahaNa{napuM;2;eka(grah1;lyut;kryAxiH)}	karma,12.1	karma,12.1#karma,10.1#karma,3.1#karwA,12.1	1	08	075	safkReparAmAyaNam	bAlakANda	sarga-1
12.1	samupAgamaw	12.1	samupAgamaw	sam_upa_Af_gam1{karwari;luf;pra;eka;parasmEpaxI;BvAxiH}	sam_upa_Af_gam1{karwari;luf;pra;eka;parasmEpaxI;BvAxiH}	aBihiwa_karwA	-#aBihiwa_karwA	1	08	075	safkReparAmAyaNam	bAlakANda	sarga-1
13.1	.	13.1	.	-	-	-	-	1	08	075	safkReparAmAyaNam	bAlakANda	sarga-1
2.1	sena-	2.1	sena-agragAn	sena	sena	RaRTI-wawpuruRaH,2.2	RaRTI-wawpuruRaH,2.2	1	08	075	safkReparAmAyaNam	bAlakANda	sarga-1
2.2	agragAn	2.2	--	agraga{puM;2;bahu}	agraga{puM;2;bahu}	samucciwaH,5.2	viSeRaNam,5.2#viSeRaNam,4.1#viSeRaNam,1.1#sup_samucciwaH,8.1#sup_samucciwaH,5.2#karma,12.1#karma,11.1#karma,10.1#karma,3.1	1	08	075	safkReparAmAyaNam	bAlakANda	sarga-1
3.1	hawvA	6.1	hawvA	han1{avya;kwvA;axAxiH}	han1{avya;kwvA;axAxiH}	pUrvakAlaH,12.1	pUrvakAlaH,12.1	1	08	075	safkReparAmAyaNam	bAlakANda	sarga-1
4.1	sapwa	3.1	sapwa	sapwan{saMKyeyam;1;bahu}/sapwan{saMKyeyam;2;bahu}	sapwan{saMKyeyam;2;bahu}	viSeRaNam,5.2	viSeRaNam,5.2#viSeRaNam,2.2#viSeRaNam,1.1#sup_samucciwaH,8.1#sup_samucciwaH,5.2#karma,12.1#karma,11.1#karma,10.1#karma,3.1	1	08	075	safkReparAmAyaNam	bAlakANda	sarga-1
5.1	manwri-	4.1	manwri-suwAn	manwri}/manwrin	manwrin	RaRTI-wawpuruRaH,5.2	RaRTI-wawpuruRaH,5.2	1	08	075	safkReparAmAyaNam	bAlakANda	sarga-1
5.2	suwAn	4.2	--	suwa{puM;2;bahu}/suwa{puM;2;bahu(Ru2;kwa;axAxiH)}/suwa{puM;2;bahu(Ru3;kwa;svAxiH)}	suwa{puM;2;bahu}	karma,3.1	viSeRaNam,4.1#viSeRaNam,2.2#viSeRaNam,1.1#karma,12.1#karma,11.1#karma,10.1#karma,3.1#sup_samucciwaH,8.1	1	08	075	safkReparAmAyaNam	bAlakANda	sarga-1
6.1	api	5.1	api	api{avya}	api{avya}	samuccaya_xyowakaH,5.2	sup_samuccaya_xyowakaH,5.2#sambanXaH,5.2	1	08	075	safkReparAmAyaNam	bAlakANda	sarga-1
7.1	SUram	7.1	SUram	SUra{puM;2;eka}	SUra{puM;2;eka}	viSeRaNam,8.1	viSeRaNam,8.1#sup_samucciwaH,8.1#sup_samucciwaH,5.2#karma,12.1#karma,11.1#karma,10.1#karma,3.1	1	08	075	safkReparAmAyaNam	bAlakANda	sarga-1
8.1	akRam	8.1	akRaM	akRa{puM;2;eka}	akRa{puM;2;eka}	karma,10.1	sup_samucciwaH,5.2#karma,12.1#karma,11.1#karma,10.1#karma,3.1	1	08	075	safkReparAmAyaNam	bAlakANda	sarga-1
9.1	ca	9.1	ca	ca{avya}	ca{avya}	sambanXaH,8.1	sup_samuccaya_xyowakaH,8.1#sambanXaH,8.1	1	08	075	safkReparAmAyaNam	bAlakANda	sarga-1
1.1	aswreNa	4.1	aswreNa	aswra{napuM;3;eka}	aswra{napuM;3;eka}	karaNam,2.1	prayojya_karwA,7.1#karwA,2.1#karaNam,14.1#karaNam,4.1#hewuH,14.1#hewuH,7.1#hewuH,4.1#hewuH,2.1#karaNam,2.1	1	08	076	safkReparAmAyaNam	bAlakANda	sarga-1
10.1	yanwriNaH	8.1	yanwriNaH	yanwrin{puM;1;bahu}/yanwrin{puM;2;bahu}/yanwrin{puM;5;eka}/yanwrin{puM;6;eka}/yanwrin{napuM;5;eka}/yanwrin{napuM;6;eka}/yanwrin{puM;8;bahu}	yanwrin{puM;2;bahu}	viSeRaNam,8.1	samboXyaH,14.1#karwA,14.1#karma,14.1#RaRTIsambanXaH,13.1#RaRTIsambanXaH,12.1#RaRTIsambanXaH,9.1#RaRTIsambanXaH,8.1#RaRTIsambanXaH,6.1#RaRTIsambanXaH,3.1#RaRTIsambanXaH,2.1#wulanA_binxuH,6.1#viSeRaNam,6.1#viSeRaNam,5.1#hewuH5,14.1#hewuH5,7.1#hewuH5,4.1#hewuH5,2.1#apAxAnam,14.1#viSeRaNam,11.1#viSeRaNam,8.1#karma,7.1#karma,4.1	1	08	076	safkReparAmAyaNam	bAlakANda	sarga-1
11.1	wAn	9.1	wAn	wax{sarvanAma;puM;2;bahu}	wax{sarvanAma;puM;2;bahu}	viSeRaNam,8.1	viSeRaNam,10.1#viSeRaNam,8.1#karma,14.1#karma,7.1#karma,4.1	1	08	076	safkReparAmAyaNam	bAlakANda	sarga-1
12.1	yaxqcCayA	12.1	yaxqcCayA	yaxqcCA{swrI;3;eka}	yaxqcCA{swrI;3;eka}	hewuH,14.1	prayojya_karwA,7.1#karwA,2.1#hewuH,14.1#hewuH,7.1#hewuH,4.1#hewuH,2.1	1	08	076	safkReparAmAyaNam	bAlakANda	sarga-1
13.1	(rAvaNam)	13.1	(rAvaNaM)	rAvaNa{puM;2;eka}	rAvaNa{puM;2;eka}	karma,14.1	karma,14.1#karma,7.1#karma,4.1	1	08	076	safkReparAmAyaNam	bAlakANda	sarga-1
14.1	(prApwavAn)	14.1	(prApwavAn)	prApwavaw{puM;1;eka(pra_Ap1;kwavawu;svAxiH)}	prApwavaw{puM;1;eka(pra_Ap1;kwavawu;svAxiH)}	aBihiwa_karwA	-#aBihiwa_karwA	1	08	076	safkReparAmAyaNam	bAlakANda	sarga-1
15.1	.	15.1	.	-	-	-	-	1	08	076	safkReparAmAyaNam	bAlakANda	sarga-1
2.1	unmukwam	6.1	unmukwam	unmukwa{puM;2;eka(uw_muc1;kwa;BvAxiH)}	unmukwa{puM;2;eka(uw_muc1;kwa;BvAxiH)}	karma,4.1	karma,14.1#karma,7.1#karma,4.1	1	08	076	safkReparAmAyaNam	bAlakANda	sarga-1
3.1	AwmAnam	5.1	AwmAnaM	Awman{puM;2;eka}	Awman{puM;2;eka}	karma,2.1	viSeRaNam,13.1#viSeRaNam,2.1#karma,14.1#karma,7.1#karma,4.1#karma,2.1	1	08	076	safkReparAmAyaNam	bAlakANda	sarga-1
4.1	jFAwvA	7.1	jFAwvA	jFA1{avya;kwvA;kryAxiH}	jFA1{avya;kwvA;kryAxiH}	pUrvakAlaH,14.1	pUrvakAlaH,14.1	1	08	076	safkReparAmAyaNam	bAlakANda	sarga-1
5.1	pEwAmahAw	2.1	pEwAmahAw	pEwAmaha{napuM;5;eka}	pEwAmaha{napuM;5;eka}	viSeRaNam,6.1	wulanA_binxuH,6.1#viSeRaNam,10.1#viSeRaNam,6.1#hewuH5,14.1#hewuH5,7.1#hewuH5,4.1#hewuH5,2.1#apAxAnam,14.1	1	08	076	safkReparAmAyaNam	bAlakANda	sarga-1
6.1	varAw	3.1	varAw	vara{puM;5;eka}/vara{napuM;5;eka}	vara{napuM;5;eka}	hewuH,2.1	viSeRaNam,10.1#viSeRaNam,5.1#hewuH5,14.1#hewuH5,7.1#hewuH5,4.1#hewuH5,2.1#apAxAnam,14.1	1	08	076	safkReparAmAyaNam	bAlakANda	sarga-1
7.1	marRayan	11.1	marRayan	marRayaw{puM;1;eka(mqR1;Nijanwa;Sawq_lat;BvAxiH)}	marRayaw{puM;1;eka(mqR1;Nijanwa;Sawq_lat;BvAxiH)}	varwamAnasamAnakAlaH,14.1	varwamAnasamAnakAlaH,14.1#varwamAnasamAnakAlaH,2.1#karwA,14.1	1	08	076	safkReparAmAyaNam	bAlakANda	sarga-1
8.1	rAkRasAn	10.1	rAkRasAn	rAkRasa{puM;2;bahu}	rAkRasa{puM;2;bahu}	karma,7.1	karma,14.1#karma,7.1#karma,4.1	1	08	076	safkReparAmAyaNam	bAlakANda	sarga-1
9.1	vIraH	1.1	vIraH	vIra{puM;1;eka}	vIra{puM;1;eka}	karwA,14.1;karwA,4.1	karwA,14.1#karwA,4.1	1	08	076	safkReparAmAyaNam	bAlakANda	sarga-1
1.1	wawaH	-	wawaH	wawaH{avya}	wawaH{avya}	sambanXaH,13.1	sambanXaH,13.1#kArya_xyowakaH,13.1	1	08	077	safkReparAmAyaNam	bAlakANda	sarga-1
10.1	priyam	-	priyam	priya{puM;2;eka}/priya{napuM;1;eka}/priya{napuM;2;eka}	priya{puM;2;eka}	karma,11.1	viSeRaNam,13.1#karma,11.1#karma,2.1#karwA,13.1	1	08	077	safkReparAmAyaNam	bAlakANda	sarga-1
11.1	AKyAwum	-	AKyAwuM	Af_KyA1{avya;wumun;axAxiH}	Af_KyA1{avya;wumun;axAxiH}	prayojanam,13.1	prayojanam1,13.1#prayojanam1,2.1	1	08	077	safkReparAmAyaNam	bAlakANda	sarga-1
12.1	punaH	-	punaH	punaH{avya}	punaH{avya}	kriyAviSeRaNam,13.1	kriyAviSeRaNam,13.1#kriyAviSeRaNam,11.1#kriyAviSeRaNam,2.1	1	08	077	safkReparAmAyaNam	bAlakANda	sarga-1
13.1	AyAw	-	AyAw	Af_yA1{karwari;laf;pra;eka;parasmEpaxI;axAxiH}/Aya{puM;5;eka(Af_i1;GaF;axAxiH)}/Aya{puM;5;eka(Af_yA1;GaF;axAxiH)}/AyAw{napuM;1;eka(Af_yA1;Sawq_lat;axAxiH)}/AyAw{napuM;2;eka(Af_yA1;Sawq_lat;axAxiH)}	Af_yA1{karwari;laf;pra;eka;parasmEpaxI;axAxiH}	aBihiwa_karwA,14.2;sakarmaka	viSeRaNam,10.1#karma,11.1#karma,2.1#vinArWaH,11.1#vinArWaH,2.1#hewuH5,11.1#hewuH5,2.1	1	08	077	safkReparAmAyaNam	bAlakANda	sarga-1
14.1	mahA-	-	mahA-kapiH	mahaw	mahaw	karmaXArayaH,14.2	karmaXArayaH,14.2	1	08	077	safkReparAmAyaNam	bAlakANda	sarga-1
14.2	kapiH	-	--	kapi{puM;1;eka}	kapi{puM;1;eka}	karwA,13.1;karwA,2.1	karwA,13.1#karwA,2.1	1	08	077	safkReparAmAyaNam	bAlakANda	sarga-1
15.1	.	-	.	-	-	-	-	1	08	077	safkReparAmAyaNam	bAlakANda	sarga-1
2.1	xagXvA	-	xagXvA	xah1{avya;kwvA;BvAxiH}	xah1{avya;kwvA;BvAxiH}	pUrvakAlaH,13.1	pUrvakAlaH,13.1	1	08	077	safkReparAmAyaNam	bAlakANda	sarga-1
3.1	purIm	-	purIM	purI{swrI;2;eka}	purI{swrI;2;eka}	karma,2.1	viSeRaNam,8.1#viSeRaNam,6.1#sup_samucciwaH,6.1#karma,11.1#karma,2.1	1	08	077	safkReparAmAyaNam	bAlakANda	sarga-1
4.1	lafkAm	-	lafkAm	lafkA{swrI;2;eka}	lafkA{swrI;2;eka}	viSeRaNam,3.1	viSeRaNam,8.1#viSeRaNam,6.1#viSeRaNam,3.1#sup_samucciwaH,6.1#karma,11.1#karma,2.1	1	08	077	safkReparAmAyaNam	bAlakANda	sarga-1
5.1	qwe	-	qwe	qwe{avya}/qwa{napuM;7;eka}	qwa{avya}	vinArWa_xyowakaH,6.1	aXikaraNam,13.1#aXikaraNam,11.1#aXikaraNam,2.1#vinArWa_xyowakaH,13.1#vinArWa_xyowakaH,6.1	1	08	077	safkReparAmAyaNam	bAlakANda	sarga-1
6.1	sIwAm	-	sIwAM	sIwA{swrI;2;eka}	sIwA{swrI;2;eka}	vinArWaH,13.1	viSeRaNam,8.1#karma,11.1#karma,2.1#vinArWaH,13.1	1	08	077	safkReparAmAyaNam	bAlakANda	sarga-1
7.1	ca	-	ca	ca{avya}	ca{avya}	sambanXaH,6.1	sup_samuccaya_xyowakaH,6.1#sambanXaH,6.1	1	08	077	safkReparAmAyaNam	bAlakANda	sarga-1
8.1	mEWilIm	-	mEWilIm	mEWilI{swrI;2;eka}	mEWilI{swrI;2;eka}	viSeRaNam,6.1	viSeRaNam,6.1#karma,11.1#karma,2.1	1	08	077	safkReparAmAyaNam	bAlakANda	sarga-1
9.1	rAmAya	-	rAmAya	rAma{puM;4;eka}	rAma{puM;4;eka}	prayojanam,11.1	prayojanam1,13.1#prayojanam1,11.1#prayojanam1,2.1	1	08	077	safkReparAmAyaNam	bAlakANda	sarga-1
1.1	saH	2.1	saH	wax{sarvanAma;puM;1;eka}	wax{sarvanAma;puM;1;eka}	karwA,7.1;karwA,4.1;karwA,2.1	karwA,7.1#karwA,4.1#karwA,2.1	1	08	078	safkReparAmAyaNam	bAlakANda	sarga-1
10.1	sIwA	9.1	sIwA	sIwA{swrI;1;eka}	sIwA{swrI;1;eka}	karma,9.1	karma,9.1	1	08	078	safkReparAmAyaNam	bAlakANda	sarga-1
11.1	iwi	11.1	iwi	iwi{avya}	iwi{avya}	vAkyakarma_xyowakaH,9.1	vAkyakarma_xyowakaH,9.1	1	08	078	safkReparAmAyaNam	bAlakANda	sarga-1
12.1	wawwvawaH	8.1	wawwvawaH	wawwvawaH{avya}	wawwvawaH{avya}	kriyAviSeRaNam,9.1	kriyAviSeRaNam,9.1	1	08	078	safkReparAmAyaNam	bAlakANda	sarga-1
13.1	.	13.1	.	-	-	-	-	1	08	078	safkReparAmAyaNam	bAlakANda	sarga-1
2.1	aBigamya	5.1	aBigamya	aBi_gam1{avya;lyap;BvAxiH}	aBi_gam1{avya;lyap;BvAxiH}	pUrvakAlaH,7.1	pUrvakAlaH,7.1	1	08	078	safkReparAmAyaNam	bAlakANda	sarga-1
3.1	mahA-	3.1	mahA-AwmAnam	mahaw	mahaw	bahuvrIhiH,3.2	bahuvrIhiH,3.2	1	08	078	safkReparAmAyaNam	bAlakANda	sarga-1
3.2	AwmAnam	3.2	--	Awman{puM;2;eka}	Awman{puM;2;eka}	viSeRaNam,5.1	viSeRaNam,5.1#karma,7.1#karma,4.1#karma,2.1	1	08	078	safkReparAmAyaNam	bAlakANda	sarga-1
4.1	kqwvA	7.1	kqwvA	kq2{avya;kwvA;svAxiH}/kq3{avya;kwvA;wanAxiH}	kq2{avya;kwvA;svAxiH}	pUrvakAlaH,7.1	pUrvakAlaH,7.1	1	08	078	safkReparAmAyaNam	bAlakANda	sarga-1
5.1	rAmam	4.1	rAmaM	rAma{puM;2;eka}	rAma{puM;2;eka}	karma,2.1;karma,4.1;karma,7.1	karma,2.1#karma,4.1#karma,7.1	1	08	078	safkReparAmAyaNam	bAlakANda	sarga-1
6.1	praxakRiNam	6.1	praxakRiNam	praxakRiNa{napuM;1;eka}/praxakRiNa{napuM;2;eka}	praxakRiNa{napuM;2;eka}	karma,4.1	karma,7.1#karma,4.1#karma,2.1#karwA,7.1	1	08	078	safkReparAmAyaNam	bAlakANda	sarga-1
7.1	nyavexayaw	12.1	nyavexayaw	ni_vix1{karwari;laf;pra;eka;parasmEpaxI;BvAxiH}	ni_vix1{karwari;laf;pra;eka;parasmEpaxI;BvAxiH}	aBihiwa_karwA,8.2;sakarmaka	-#aBihiwa_karwA,8.2;sakarmaka	1	08	078	safkReparAmAyaNam	bAlakANda	sarga-1
8.1	ameya-	1.1	ameya-AwmA	ameya	ameya	bahuvrIhiH,8.2	bahuvrIhiH,8.2	1	08	078	safkReparAmAyaNam	bAlakANda	sarga-1
8.2	AwmA	1.2	--	Awman{puM;1;eka}	Awman{puM;1;eka}	viSeRaNam,1.1	karwA,7.1#viSeRaNam,1.1	1	08	078	safkReparAmAyaNam	bAlakANda	sarga-1
9.1	xqRtA	10.1	xqRtA	xqRtA{swrI;1;eka(xqS1;kwa;BvAxiH)}	xqRtA{swrI;1;eka(xqS1;kwa;BvAxiH)}	vAkyakarma,7.1	vAkyakarma,7.1	1	08	078	safkReparAmAyaNam	bAlakANda	sarga-1
1.1	wawaH	1.1	wawaH	wawaH{avya}	wawaH{avya}	sambanXaH,7.1	sambanXaH,7.1#kArya_xyowakaH,7.1#apAxAnam,3.1	1	08	079	safkReparAmAyaNam	bAlakANda	sarga-1
10.1	(rAmaH)	3.1	-	rAma{puM;1;eka}	rAma{puM;1;eka}	karwA,7.1;karwA,3.1	karwA,7.1#karwA,3.1	1	08	079	safkReparAmAyaNam	bAlakANda	sarga-1
11.1	.	11.1	.	-	-	-	-	1	08	079	safkReparAmAyaNam	bAlakANda	sarga-1
2.1	sugrIva-	2.1	sugrIva-sahiwaH	sugrIva	sugrIva	wqwIyA-wawpuruRaH,2.2	wqwIyA-wawpuruRaH,2.2	1	08	079	safkReparAmAyaNam	bAlakANda	sarga-1
2.2	sahiwaH	2.2	--	sahiwa{puM;1;eka}/sahiwq{puM;8;eka}/sahiwq{napuM;8;eka}/sahiwq{napuM;1;eka}/sahiwq{napuM;2;eka}/sahiwq{swrI;8;eka}	sahiwa{puM;1;eka}	viSeRaNam,10.1	samboXyaH,7.1#viSeRaNam,6.1#viSeRaNam,4.1#sahArWaH,7.1#sahArWaH,3.1#viSeRaNam,10.1	1	08	079	safkReparAmAyaNam	bAlakANda	sarga-1
3.1	gawvA	6.1	gawvA	gam1{avya;kwvA;BvAxiH}	gam1{avya;kwvA;BvAxiH}	pUrvakAlaH,7.1	pUrvakAlaH,7.1	1	08	079	safkReparAmAyaNam	bAlakANda	sarga-1
4.1	wIram	5.1	wIraM	wIra{puM;2;eka}/wIra{napuM;1;eka}/wIra{napuM;2;eka}	wIra{puM;2;eka}	karma,3.1	prayojyakarwA,7.1#karma,7.1#karma,3.1#prayojakakarwA,7.1	1	08	079	safkReparAmAyaNam	bAlakANda	sarga-1
5.1	mahA-	4.1	mahA-uxaXeH	mahaw	mahaw	karmaXArayaH,5.2	karmaXArayaH,5.2	1	08	079	safkReparAmAyaNam	bAlakANda	sarga-1
5.2	uxaXeH	4.2	--	uxaXi{puM;5;eka}/uxaXi{puM;6;eka}	uxaXi{puM;6;eka}	RaRTIsambanXaH,4.1	RaRTIsambanXaH,8.1#RaRTIsambanXaH,6.1#RaRTIsambanXaH,4.1#hewuH5,7.1#hewuH5,3.1#apAxAnam,3.1	1	08	079	safkReparAmAyaNam	bAlakANda	sarga-1
6.1	samuxram	9.1	samuxraM	samuxra{puM;2;eka}/samuxra{napuM;1;eka}/samuxra{napuM;2;eka}	samuxra{puM;2;eka}	karma,7.1	prayojyakarwA,7.1#karma,7.1#karma,3.1#prayojakakarwA,7.1	1	08	079	safkReparAmAyaNam	bAlakANda	sarga-1
7.1	kRoBayAmAsa	10.1	kRoBayAmAsa	kRuB2{Nijanwa;karwari;lit;pra;eka;parasmEpaxI;xivAxiH}/kRuB2{Nijanwa;karwari;lit;ma;bahu;parasmEpaxI;xivAxiH}/kRuB2{Nijanwa;karwari;lit;u;eka;parasmEpaxI;xivAxiH}/kRuB3{Nijanwa;karwari;lit;pra;eka;parasmEpaxI;kryAxiH}/kRuB3{Nijanwa;karwari;lit;ma;bahu;parasmEpaxI;kryAxiH}/kRuB3{Nijanwa;karwari;lit;u;eka;parasmEpaxI;kryAxiH}	kRuB2{Nijanwa;karwari;lit;ma;bahu;parasmEpaxI;xivAxiH}	aBihiwa_karwA,10.1	-#aBihiwa_karwA,10.1	1	08	079	safkReparAmAyaNam	bAlakANda	sarga-1
8.1	SarEH	8.1	SarEH	Sara{puM;3;bahu}/Sara{napuM;3;bahu}	Sara{puM;3;bahu}	karaNam,7.1	karaNam,7.1#karaNam,3.1#hewuH,7.1#hewuH,3.1	1	08	079	safkReparAmAyaNam	bAlakANda	sarga-1
9.1	Axiwya-	7.1	Axiwya-sanniBEH	Axiwya	Axiwya	bahuvrIhiH,9.2	bahuvrIhiH,9.2	1	08	079	safkReparAmAyaNam	bAlakANda	sarga-1
9.2	sanniBEH	7.2	--	sanniBa{puM;3;bahu}/sanniBa{napuM;3;bahu}	sanniBa{puM;3;bahu}	viSeRaNam,8.1	viSeRaNam,8.1#karaNam,7.1#karaNam,3.1#hewuH,7.1#hewuH,3.1	1	08	079	safkReparAmAyaNam	bAlakANda	sarga-1
1.1	xarSayAmAsa	5.1	xarSayAmAsa	xqS1{Nic;karwari;lit;u;eka;parasmEpaxI;BvAxiH}/xqS1{Nijanwa;karwari;lit;u;eka;AwmanepaxI;BvAxiH}/xqS1{Nijanwa;karwari;lit;pra;eka;parasmEpaxI;BvAxiH}/xqS1{Nijanwa;karwari;lit;pra;eka;AwmanepaxI;BvAxiH}/xqS1{Nijanwa;karwari;lit;ma;bahu;parasmEpaxI;BvAxiH}/xqS1{Nijanwa;karwari;lit;ma;bahu;AwmanepaxI;BvAxiH}/xqS1{Nic;karwari;lit;pra;eka;parasmEpaxI;BvAxiH}	xqS1{Nic;karwari;lit;pra;eka;parasmEpaxI;BvAxiH}	aBihiwa_karwA,4.1;sakarmaka	-#aBihiwa_karwA,4.1;sakarmaka	1	08	080	safkReparAmAyaNam	bAlakANda	sarga-1
2.1	ca	6.1	ca	ca{avya}	ca{avya}	sambanXaH,1.1	sambanXaH,1.1	1	08	080	safkReparAmAyaNam	bAlakANda	sarga-1
3.1	AwmAnam	4.1	AwmAnaM	Awman{puM;2;eka}	Awman{puM;2;eka}	karma,1.1	karma,1.1	1	08	080	safkReparAmAyaNam	bAlakANda	sarga-1
4.1	samuxraH	3.1	samuxraH	samuxra{puM;1;eka}	samuxra{puM;1;eka}	prayojaka_karwA,1.1	prayojakakarwA,1.1#prayojaka_karwA,1.1	1	08	080	safkReparAmAyaNam	bAlakANda	sarga-1
5.1	sariwAm	1.1	sariwAM	sariw{swrI;6;bahu}	sariw{swrI;6;bahu}	RaRTIsambanXaH,6.1	RaRTIsambanXaH,6.1#RaRTIsambanXaH,4.1#RaRTIsambanXaH,3.1	1	08	080	safkReparAmAyaNam	bAlakANda	sarga-1
6.1	pawiH	2.1	pawiH	pawi{puM;1;eka}	pawi{puM;1;eka}	viSeRaNam,4.1	prayojakakarwA,1.1#aBexaH,4.1#viSeRaNam,4.1	1	08	080	safkReparAmAyaNam	bAlakANda	sarga-1
7.1	.	7.1	.	-	-	-	-	1	08	080	safkReparAmAyaNam	bAlakANda	sarga-1
1.1	samuxra-	1.1	-	samuxra	samuxra	RaRTI-wawpuruRaH,1.2	RaRTI-wawpuruRaH,1.2	2	08	080	safkReparAmAyaNam	bAlakANda	sarga-1
1.2	vacanAw	1.2	-	vacana{napuM;5;eka}	vacana{napuM;5;eka}	hewuH,6.1	hewuH,6.1	2	08	080	safkReparAmAyaNam	bAlakANda	sarga-1
2.1	ca	2.1	-	ca{avya}	ca{avya}	sambanXaH,1.2	sambanXaH,6.1#sambanXaH,1.2	2	08	080	safkReparAmAyaNam	bAlakANda	sarga-1
3.1	eva	3.1	-	eva{avya}	eva{avya}	sambanXaH,2.1	sambanXaH,2.1	2	08	080	safkReparAmAyaNam	bAlakANda	sarga-1
4.1	nalam	4.1	-	nala{puM;2;eka}	nala{puM;2;eka}	prayojyakarwA,6.1	prayojyakarwA,6.1	2	08	080	safkReparAmAyaNam	bAlakANda	sarga-1
5.1	sewum	5.1	-	sewu{puM;2;eka}	sewu{puM;2;eka}	karma,6.1	karma,6.1	2	08	080	safkReparAmAyaNam	bAlakANda	sarga-1
6.1	akArayaw	6.1	-	kq3{Nic;karwari;laf;pra;eka;parasmEpaxI;wanAxiH}	kq3{Nic;karwari;laf;pra;eka;parasmEpaxI;wanAxiH}	-	-	2	08	080	safkReparAmAyaNam	bAlakANda	sarga-1
7.1	-	7.1	-	-	-	-	-	2	08	080	safkReparAmAyaNam	bAlakANda	sarga-1
1.1	wena	2.1	wena	wax{sarvanAma;puM;3;eka}/wax{sarvanAma;napuM;3;eka}/wan1{karwari;lit;ma;bahu;parasmEpaxI;wanAxiH}	wax{sarvanAma;puM;3;eka}	karaNam,2.1	karaNam,5.1#karaNam,2.1#hewuH,13.1#hewuH,10.1#hewuH,7.1#hewuH,5.1#hewuH,2.1	1	09	081	safkReparAmAyaNam	bAlakANda	sarga-1
10.1	anuprApya	10.1	anuprApya	anu_pra_Ap1{avya;lyap;svAxiH}	anu_pra_Ap1{avya;lyap;svAxiH}	pUrvakAlaH,13.1	pUrvakAlaH,13.1	1	09	081	safkReparAmAyaNam	bAlakANda	sarga-1
11.1	parAm	11.1	parAM	parA{sarvanAma;swrI;2;eka}	parA{sarvanAma;swrI;2;eka}	viSeRaNam,12.1	viSeRaNam,12.1#viSeRaNam,9.1#viSeRaNam,4.1#viSeRaNam,3.1#karma,13.1#karma,10.1#karma,5.1#karma,2.1	1	09	081	safkReparAmAyaNam	bAlakANda	sarga-1
12.1	vrIdAm	12.1	vrIdAm	vrIdA{swrI;2;eka}	vrIdA{swrI;2;eka}	karma,13.1	viSeRaNam,11.1#viSeRaNam,9.1#viSeRaNam,4.1#viSeRaNam,3.1#karma,13.1#karma,10.1#karma,5.1#karma,2.1	1	09	081	safkReparAmAyaNam	bAlakANda	sarga-1
13.1	upAgamaw	13.1	upAgamaw	upa_gam1{karwari;luf;pra;eka;parasmEpaxI;BvAxiH}/upa_Af_gam1{karwari{luf;pra;eka;parasmEpaxI;BvAxiH}	upa_Af_gam1{karwari;luf;pra;eka;parasmEpaxI;BvAxiH}	aBihiwa_karwA,8.1;sakarmaka	-#aBihiwa_karwA,8.1;sakarmaka	1	09	081	safkReparAmAyaNam	bAlakANda	sarga-1
14.1	.	14.1	.	-	-	-	-	1	09	081	safkReparAmAyaNam	bAlakANda	sarga-1
2.1	gawvA	5.1	gawvA	gam1{avya;kwvA;BvAxiH}	gam1{avya;kwvA;BvAxiH}	pUrvakAlaH,13.1	pUrvakAlaH,13.1	1	09	081	safkReparAmAyaNam	bAlakANda	sarga-1
3.1	purIm	4.1	purIM	purI{swrI;2;eka}	purI{swrI;2;eka}	karma,2.1	viSeRaNam,9.1#karma,13.1#karma,10.1#karma,5.1#karma,2.1	1	09	081	safkReparAmAyaNam	bAlakANda	sarga-1
4.1	lafkAm	3.1	lafkAM	lafkA{swrI;2;eka}	lafkA{swrI;2;eka}	viSeRaNam,3.1	viSeRaNam,12.1#viSeRaNam,11.1#viSeRaNam,9.1#viSeRaNam,3.1#karma,13.1#karma,10.1#karma,5.1#karma,2.1	1	09	081	safkReparAmAyaNam	bAlakANda	sarga-1
5.1	hawvA	8.1	hawvA	han1{avya;kwvA;axAxiH}	han1{avya;kwvA;axAxiH}	pUrvakAlaH,13.1	pUrvakAlaH,13.1	1	09	081	safkReparAmAyaNam	bAlakANda	sarga-1
6.1	rAvaNam	7.1	rAvaNam	rAvaNa{puM;2;eka}	rAvaNa{puM;2;eka}	karma,5.1	karma,13.1#karma,10.1#karma,5.1#karma,2.1	1	09	081	safkReparAmAyaNam	bAlakANda	sarga-1
7.1	Ahave	6.1	Ahave	Ahava{puM;7;eka(Af_hu1;GaF;juhowyAxiH)}	Ahava{puM;7;eka(Af_hu1;GaF;juhowyAxiH)}	aXikaraNam,5.1	aXikaraNam,10.1#aXikaraNam,5.1	1	09	081	safkReparAmAyaNam	bAlakANda	sarga-1
8.1	rAmaH	1.1	rAmaH	rAma{puM;1;eka}	rAma{puM;1;eka}	karwA,13.1;karwA,10.1;karwA,5.1;karwA,2.1	karwA,13.1#karwA,10.1#karwA,5.1#karwA,2.1	1	09	081	safkReparAmAyaNam	bAlakANda	sarga-1
9.1	sIwAm	9.1	sIwAm	sIwA{swrI;2;eka}	sIwA{swrI;2;eka}	karma,10.1	karma,13.1#karma,10.1#karma,5.1#karma,2.1	1	09	081	safkReparAmAyaNam	bAlakANda	sarga-1
1.1	wAm	4.1	wAm	wax{sarvanAma;swrI;2;eka}	wax{sarvanAma;swrI;2;eka}	karma,2.1	muKyakarma,2.1#gONakarma,2.1#karma,2.1	1	09	082	safkReparAmAyaNam	bAlakANda	sarga-1
2.1	uvAca	6.1	uvAca	vac1{karwari;lit;pra;eka;parasmEpaxI;axAxiH}/vac1{karwari;lit;u;eka;parasmEpaxI;axAxiH}/brU1{karwari;lit;pra;eka;parasmEpaxI;axAxiH}/brU1{karwari;lit;u;eka;parasmEpaxI;axAxiH}	vac1{karwari;lit;pra;eka;parasmEpaxI;axAxiH}	aBihiwa_karwA,4.1;sakarmaka	-#aBihiwa_karwA,4.1;sakarmaka	1	09	082	safkReparAmAyaNam	bAlakANda	sarga-1
3.1	wawaH	1.1	wawaH	wawaH{avya}	wawaH{avya}	sambanXaH,2.1	sambanXaH,2.1	1	09	082	safkReparAmAyaNam	bAlakANda	sarga-1
4.1	rAmaH	2.1	rAmaH	rAma{puM;1;eka}	rAma{puM;1;eka}	karwA,2.1	karwA,2.1	1	09	082	safkReparAmAyaNam	bAlakANda	sarga-1
5.1	paruRam	5.1	paruRaM	paruRa{puM;2;eka}/paruRa{napuM;1;eka}/paruRa{napuM;2;eka}	paruRa{napuM;2;eka}	karma,2.1	muKyakarma,2.1#karmasamAnAXikaraNam,1.1#karwA,2.1#gONakarma,2.1#karma,2.1	1	09	082	safkReparAmAyaNam	bAlakANda	sarga-1
6.1	jana-	3.1	jana-saMsaxi	jana	jana	RaRTI-wawpuruRaH,6.2	RaRTI-wawpuruRaH,6.2	1	09	082	safkReparAmAyaNam	bAlakANda	sarga-1
6.2	saMsaxi	3.2	--	saMsax{swrI;7;eka}	saMsax{swrI;7;eka}	aXikaraNam,2.1	aXikaraNam,2.1	1	09	082	safkReparAmAyaNam	bAlakANda	sarga-1
7.1	.	7.1	.	-	-	-	-	1	09	082	safkReparAmAyaNam	bAlakANda	sarga-1
1.1	a-	1.1	a-mqRyamANA	a	a	naF-wawpuruRaH,1.2	naF-wawpuruRaH,1.2	2	09	082	safkReparAmAyaNam	bAlakANda	sarga-1
1.2	mqRyamANA	1.2	--	mqRyamANA{swrI;1;eka(mqR2;SAnac_lat;karwari;xivAxiH)}/mqRyamANA{swrI;1;eka(mqR2;SAnac_lat;karmaNi;xivAxiH)}	mqRyamANA{swrI;1;eka(mqR2;SAnac_lat;karmaNi;xivAxiH)}	viSeRaNam,3.1	viSeRaNam,6.1#viSeRaNam,3.1#viSeRaNam,2.1#karwA,4.1	2	09	082	safkReparAmAyaNam	bAlakANda	sarga-1
2.1	sA	2.1	sA	wax{sarvanAma;swrI;1;eka}	wax{sarvanAma;swrI;1;eka}	viSeRaNam,3.1	viXeya_viSeRaNam,1.2#viSeRaNam,6.1#viSeRaNam,3.1#karwA,4.1	2	09	082	safkReparAmAyaNam	bAlakANda	sarga-1
3.1	sIwA	4.1	sIwA	sIwA{swrI;1;eka}	sIwA{swrI;1;eka}	karwA,4.1	viXeya_viSeRaNam,2.1#viXeya_viSeRaNam,1.2#karwA,4.1	2	09	082	safkReparAmAyaNam	bAlakANda	sarga-1
4.1	viveSa	6.1	viveSa	viS1{karwari;lit;pra;eka;parasmEpaxI;wuxAxiH}/viS1{karwari;lit;u;eka;parasmEpaxI;wuxAxiH}	viS1{karwari;lit;pra;eka;parasmEpaxI;wuxAxiH}	aBihiwa_karwA,3.1;sakarmaka	-#aBihiwa_karwA,3.1;sakarmaka	2	09	082	safkReparAmAyaNam	bAlakANda	sarga-1
5.1	jvalanam	5.1	jvalanaM	jvalana{napuM;1;eka(jval1;lyut;BvAxiH)}/jvalana{napuM;2;eka(jval1;lyut;BvAxiH)}	jvalana{napuM;2;eka(jval1;lyut;BvAxiH)}	karma,4.1	karma,4.1#viXeya_viSeRaNam,3.1#viXeya_viSeRaNam,2.1#viXeya_viSeRaNam,1.2#karwA,4.1	2	09	082	safkReparAmAyaNam	bAlakANda	sarga-1
6.1	sawI	3.1	sawI	sawI{swrI;1;eka}/sawI{swrI;1;eka(as2;Sawq_lat;axAxiH)}	sawI{swrI;1;eka}	viSeRaNam,3.1	varwamAnasamAnakAlaH,4.1#karwA,4.1#viSeRaNam,2.1#viSeRaNam,1.2#aBexaH,3.1#viSeRaNam,3.1	2	09	082	safkReparAmAyaNam	bAlakANda	sarga-1
7.1	.	7.1	.	-	-	-	-	2	09	082	safkReparAmAyaNam	bAlakANda	sarga-1
1.1	wawaH	1.1	wawaH	wawaH{avya}	wawaH{avya}	sambanXaH,6.1	sambanXaH,7.1#sambanXaH,6.1#kArya_xyowakaH,7.1#kArya_xyowakaH,6.1	1	09	083	safkReparAmAyaNam	bAlakANda	sarga-1
10.1	sarva-	8.1	sarva-xEvawEH	sarva	sarva	karmaXArayaH,10.2	karmaXArayaH,10.2	1	09	083	safkReparAmAyaNam	bAlakANda	sarga-1
10.2	xEvawEH	8.2	--	xEvawa{napuM;3;bahu}/xEvawa{puM;3;bahu}	xEvawa{napuM;3;bahu}	karwA,9.1	karwA,9.1#karwA,8.1#karwA,5.1#karaNam,9.1#karaNam,5.1#karaNam,4.1#hewuH,9.1#hewuH,8.1#hewuH,7.1#hewuH,6.1#hewuH,5.1#hewuH,4.1	1	09	083	safkReparAmAyaNam	bAlakANda	sarga-1
11.1	.	11.1	.	-	-	-	-	1	09	083	safkReparAmAyaNam	bAlakANda	sarga-1
2.1	agni-	2.1	agni-vacanAw	agni	agni	RaRTI-wawpuruRaH,2.2	RaRTI-wawpuruRaH,2.2	1	09	083	safkReparAmAyaNam	bAlakANda	sarga-1
2.2	vacanAw	2.2	--	vacana{napuM;5;eka}	vacana{napuM;5;eka}	hewuH,4.1	hewuH5,9.1#hewuH5,8.1#hewuH5,7.1#hewuH5,6.1#hewuH5,5.1#hewuH5,4.1	1	09	083	safkReparAmAyaNam	bAlakANda	sarga-1
3.1	sIwAm	3.1	sIwAM	sIwA{swrI;2;eka}	sIwA{swrI;2;eka}	karma,4.1	karma,9.1#karma,7.1#karma,5.1#karma,4.1	1	09	083	safkReparAmAyaNam	bAlakANda	sarga-1
4.1	jFAwvA	5.1	jFAwvA	jFA1{avya;kwvA;kryAxiH}	jFA1{avya;kwvA;kryAxiH}	pUrvakAlaH,8.1	pUrvakAlaH,9.1#pUrvakAlaH,8.1#pUrvakAlaH,7.1#pUrvakAlaH,6.1	1	09	083	safkReparAmAyaNam	bAlakANda	sarga-1
5.1	vigawa-	4.1	vigawa-kalmaRAm	vigawa(vi_gam1;kwa;BvAxiH)	vigawa(vi_gam1;kwa;BvAxiH)	bahuvrIhiH,5.2	bahuvrIhiH,5.2	1	09	083	safkReparAmAyaNam	bAlakANda	sarga-1
5.2	kalmaRAm	4.2	--	kalmaRA{swrI;2;eka}	kalmaRA{swrI;2;eka}	viXeya_viSeRaNam,3.1	viXeya_viSeRaNam,3.1#viSeRaNam,3.1#karma,9.1#karma,7.1#karma,4.1	1	09	083	safkReparAmAyaNam	bAlakANda	sarga-1
6.1	baBO	10.1	baBO	BA1{karwari;lit;pra;eka;parasmEpaxI;axAxiH}/BA1{karwari;lit;u;eka;parasmEpaxI;axAxiH}	BA1{karwari;lit;pra;eka;parasmEpaxI;axAxiH}	aBihiwa_karwA,7.1;sakarmaka	-#aBihiwa_karwA,7.1;sakarmaka	1	09	083	safkReparAmAyaNam	bAlakANda	sarga-1
7.1	rAmaH	7.1	rAmaH	rA1{karwari;lat;u;bahu;parasmEpaxI;axAxiH}/rAma{puM;1;eka}	rAma{puM;1;eka}	karwA,6.1	karwA,6.1	1	09	083	safkReparAmAyaNam	bAlakANda	sarga-1
8.1	samprahqRtaH	6.1	samprahqRtaH	saMprahqRta{puM;1;eka(sam_pra_hqR;kwa;xivAxiH)}	saMprahqRta{puM;1;eka(sam_pra_hqR;kwa;xivAxiH)}	viSeRaNam,7.1	viSeRaNam,9.1#viSeRaNam,7.1#karwA,6.1	1	09	083	safkReparAmAyaNam	bAlakANda	sarga-1
9.1	pUjiwaH	9.1	pUjiwaH	pUjiwa{puM;1;eka(pUj1;kwa;curAxiH)}	pUjiwa{puM;1;eka(pUj1;kwa;curAxiH)}	viXeya_viSeRaNam,7.1	viSeRaNam,8.1#viSeRaNam,7.1#karwA,6.1#viXeya_viSeRaNam,7.1	1	09	083	safkReparAmAyaNam	bAlakANda	sarga-1
1.1	karmaNA	5.1	karmaNA	karman{napuM;3;eka}	karman{napuM;3;eka}	hewuH,7.1	viSeRaNam,3.1#viSeRaNam,2.1#karwA,4.1#hewuH,7.1#hewuH,4.1#hewuH,2.1	1	09	084	safkReparAmAyaNam	bAlakANda	sarga-1
10.1	.	10.1	.	-	-	-	-	1	09	084	safkReparAmAyaNam	bAlakANda	sarga-1
2.1	wena	3.1	wena	wax{sarvanAma;puM;3;eka}/wax{sarvanAma;napuM;3;eka}/wan1{karwari;lit;ma;bahu;parasmEpaxI;wanAxiH}	wax{sarvanAma;napuM;3;eka}	viSeRaNam,1.1	viSeRaNam,3.1#viSeRaNam,1.1#karwA,4.1#karaNam,7.1#hewuH,7.1#hewuH,4.1	1	09	084	safkReparAmAyaNam	bAlakANda	sarga-1
3.1	mahawA	4.1	mahawA	mahaw{puM;3;eka}/mahaw{napuM;3;eka}	mahaw{napuM;3;eka}	viSeRaNam,1.1	viSeRaNam,2.1#viSeRaNam,1.1#karwA,4.1#karaNam,7.1#hewuH,7.1#hewuH,4.1#hewuH,2.1	1	09	084	safkReparAmAyaNam	bAlakANda	sarga-1
4.1	wrElokyam	8.1	wrElokyaM	wrElokya{napuM;1;eka}/wrElokya{napuM;2;eka}	wrElokya{napuM;1;eka}	karwA,7.1	karma,2.1#karwA,7.1	1	09	084	safkReparAmAyaNam	bAlakANda	sarga-1
5.1	sa-	6.1	sa-cara-a-caram	sa	sa	bahuvrIhiH,5.2	bahuvrIhiH,5.2	1	09	084	safkReparAmAyaNam	bAlakANda	sarga-1
5.2	cara-	6.2	--	cara	cara	xvanxvaH,5.3	xvanxvaH,5.3	1	09	084	safkReparAmAyaNam	bAlakANda	sarga-1
5.3	a-	6.3	--	a	a	naF-wawpuruRaH,5.4	naF-wawpuruRaH,5.4	1	09	084	safkReparAmAyaNam	bAlakANda	sarga-1
5.4	caram	6.4	--	cara{puM;2;eka}/cara{napuM;1;eka}/cara{napuM;2;eka}	cara{napuM;1;eka}	viSeRaNam,4.1	viSeRaNam,7.1#viSeRaNam,6.4#viSeRaNam,4.1#karma,2.1#karwA,7.1	1	09	084	safkReparAmAyaNam	bAlakANda	sarga-1
6.1	sa-	7.1	sa-xeva-qRi-gaNaM	sa	sa	bahuvrIhiH,6.2	bahuvrIhiH,6.2	1	09	084	safkReparAmAyaNam	bAlakANda	sarga-1
6.2	xeva-	7.2	--	xeva	xeva	xvanxvaH,6.3	xvanxvaH,6.3	1	09	084	safkReparAmAyaNam	bAlakANda	sarga-1
6.3	qRi-	7.3	--	qRi	qRi	RaRTI-wawpuruRaH,6.4	RaRTI-wawpuruRaH,6.4	1	09	084	safkReparAmAyaNam	bAlakANda	sarga-1
6.4	gaNam	7.4	--	gaNa{puM;2;eka}/gaNa{napuM;1;eka}/gaNa{napuM;2;eka}	gaNa{napuM;1;eka}	viSeRaNam,4.1	viSeRaNam,7.1#viSeRaNam,5.4#viSeRaNam,4.1#karma,2.1#karwA,7.1	1	09	084	safkReparAmAyaNam	bAlakANda	sarga-1
7.1	wuRtam	9.1	wuRtaM	wuRta{puM;2;eka(wuR1;kwa;xivAxiH)}/wuRta{napuM;1;eka(wuR1;kwa;xivAxiH)}/wuRta{napuM;2;eka(wuR1;kwa;xivAxiH)}	wuRta{napuM;1;eka(wuR1;kwa;xivAxiH)}	aBihiwa_karwA,2.1	karma,2.1#aBihiwa_karwA,2.1	1	09	084	safkReparAmAyaNam	bAlakANda	sarga-1
8.1	rAGavasya	2.1	rAGavasya	rAGava{puM;6;eka}	rAGava{puM;6;eka}	RaRTIsambanXaH,1.1	RaRTIsambanXaH,6.4#RaRTIsambanXaH,5.4#RaRTIsambanXaH,1.1	1	09	084	safkReparAmAyaNam	bAlakANda	sarga-1
9.1	mahA-	1.1	mahA-AwmanaH	mahaw	mahaw	bahuvrIhiH,9.2	bahuvrIhiH,9.2	1	09	084	safkReparAmAyaNam	bAlakANda	sarga-1
9.2	AwmanaH	1.2	--	Awman{puM;2;bahu}/Awman{puM;5;eka}/Awman{puM;6;eka}	Awman{puM;6;eka}	viSeRaNam,8.1	viSeRaNam,8.1#RaRTIsambanXaH,8.1#RaRTIsambanXaH,6.4#RaRTIsambanXaH,5.4#RaRTIsambanXaH,1.1#hewuH5,7.1#hewuH5,4.1#hewuH5,2.1#karma,2.1	1	09	084	safkReparAmAyaNam	bAlakANda	sarga-1
1.1	aBiRicya	5.1	aBiRicya	aBi_Ric1{avya;lyap;wuxAxiH}	aBi_Ric1{avya;lyap;wuxAxiH}	pUrvakAlaH,10.1	pUrvakAlaH,10.1	1	09	085	safkReparAmAyaNam	bAlakANda	sarga-1
10.1	pramumoxa	10.1	pramumoxa	pra_mux1{karwari;lit;pra;eka;parasmEpaxI;BvAxiH}	pra_mux1{karwari;lit;pra;eka;parasmEpaxI;BvAxiH}	aBihiwa_karwA,8.1;sakarmaka	-#aBihiwa_karwA,8.1;sakarmaka	1	09	085	safkReparAmAyaNam	bAlakANda	sarga-1
11.1	ha	11.1	ha	ha{avya}	ha{avya}	sambanXaH,10.1	sambanXaH,10.1	1	09	085	safkReparAmAyaNam	bAlakANda	sarga-1
12.1	.	12.1	.	-	-	-	-	1	09	085	safkReparAmAyaNam	bAlakANda	sarga-1
2.1	ca	6.1	ca	ca{avya}	ca{avya}	sambanXaH,1.1	sambanXaH,1.1	1	09	085	safkReparAmAyaNam	bAlakANda	sarga-1
3.1	lafkAyAm	4.1	lafkAyAM	lafkA{swrI;7;eka}	lafkA{swrI;7;eka}	aXikaraNam,1.1	aXikaraNam,10.1#aXikaraNam,1.1	1	09	085	safkReparAmAyaNam	bAlakANda	sarga-1
4.1	rAkRasa-	2.1	rAkRasa-inxraM	rAkRasa	rAkRasa	RaRTI-wawpuruRaH,4.2	RaRTI-wawpuruRaH,4.2	1	09	085	safkReparAmAyaNam	bAlakANda	sarga-1
4.2	inxram	2.2	--	inxra{puM;2;eka}/inxra{napuM;1;eka}/inxra{napuM;2;eka}	inxra{puM;2;eka}	viSeRaNam,5.1	karma,10.1#karwA,10.1#viSeRaNam,5.1	1	09	085	safkReparAmAyaNam	bAlakANda	sarga-1
5.1	viBIRaNam	3.1	viBIRaNam	viBIRaNa{puM;2;eka}	viBIRaNa{puM;2;eka}	karma,1.1	karma,10.1#karma,1.1	1	09	085	safkReparAmAyaNam	bAlakANda	sarga-1
6.1	kqwakqwyaH	7.1	kqwakqwyaH	kqwakqwya{puM;1;eka}	kqwakqwya{puM;1;eka}	viSeRaNam,8.1	viSeRaNam,9.1#viSeRaNam,8.1#karwA,10.1	1	09	085	safkReparAmAyaNam	bAlakANda	sarga-1
7.1	waxA	1.1	waxA	waxA{avya}	waxA{avya}	kAlAXikaraNam,10.1	kAlAXikaraNam,10.1	1	09	085	safkReparAmAyaNam	bAlakANda	sarga-1
8.1	rAmaH	9.1	rAmaH	rAma{puM;1;eka}	rAma{puM;1;eka}	karwA,10.1;karwA,1.1	karwA,10.1#karwA,1.1	1	09	085	safkReparAmAyaNam	bAlakANda	sarga-1
9.1	vijvaraH	8.1	vijvaraH	vijvara{puM;1;eka}	vijvara{puM;1;eka}	viSeRaNam,8.1	viSeRaNam,8.1#viSeRaNam,6.1#karwA,10.1	1	09	085	safkReparAmAyaNam	bAlakANda	sarga-1
1.1	xevawAByaH	3.1	xevawAByaH	xevawA{swrI;4;bahu}/xevawA{swrI;5;bahu}	xevawA{swrI;5;bahu}	apAxAnam,3.1	wulanA_binxuH,2.1#hewuH5,11.2#hewuH5,8.1#hewuH5,4.1#hewuH5,3.1#apAxAnam,8.1#apAxAnam,3.1#prayojanam1,11.2#prayojanam1,8.1#prayojanam1,4.1#prayojanam1,3.1	1	09	086	safkReparAmAyaNam	bAlakANda	sarga-1
10.1	puRpakeNa	9.1	puRpakeNa	puRpaka{puM;3;eka}	puRpaka{puM;3;eka}	karaNam,8.1	maXyasWakarwA,4.1#karaNam,8.1#karaNam,3.1#hewuH,11.2#hewuH,8.1#hewuH,4.1#hewuH,3.1	1	09	086	safkReparAmAyaNam	bAlakANda	sarga-1
11.1	suhqx-	1.1	suhqx-vqwaH	suhq}/suhqx	suhq	wqwIyA-wawpuruRaH,11.2	wqwIyA-wawpuruRaH,11.2	1	09	086	safkReparAmAyaNam	bAlakANda	sarga-1
11.2	vqwaH	1.2	--	vqw{puM;1;bahu}/vqw{puM;2;bahu}/vqw{puM;5;eka}/vqw{puM;6;eka}/vqw{napuM;5;eka}/vqw{napuM;6;eka}/vqw{puM;8;bahu}/vqwa{puM;1;eka(vq2;kwa;kryAxiH)}	vqwa{puM;1;eka}	viSeRaNam,9.1	gawikarwA,8.1#samboXyaH,8.1#RaRTIsambanXaH,10.1#RaRTIsambanXaH,7.1#RaRTIsambanXaH,6.1#RaRTIsambanXaH,2.1#wulanA_binxuH,2.1#hewuH5,8.1#hewuH5,4.1#hewuH5,3.1#apAxAnam,8.1#apAxAnam,3.1#viSeRaNam,6.1#karma,4.1#karma,3.1#gawikarma,8.1#viSeRaNam,9.1	1	09	086	safkReparAmAyaNam	bAlakANda	sarga-1
12.1	.	12.1	.	-	-	-	-	1	09	086	safkReparAmAyaNam	bAlakANda	sarga-1
2.1	varam	4.1	varaM	varam{avya}/vara{puM;2;eka}/vara{napuM;1;eka}/vara{napuM;2;eka}	vara{puM;2;eka}	karma,3.1	karma,4.1#karma,3.1#gawikarma,8.1	1	09	086	safkReparAmAyaNam	bAlakANda	sarga-1
3.1	prApya	5.1	prApya	pra_Ap1{avya;lyap;svAxiH}/pra_Af_Ap1{avya{lyap;svAxiH}	pra_Ap1{avya;lyap;svAxiH}	samucciwaH,4.1	sup_samucciwaH,4.1#pUrvakAlaH,11.2#pUrvakAlaH,8.1	1	09	086	safkReparAmAyaNam	bAlakANda	sarga-1
4.1	samuwWApya	7.1	samuwWApya	sam_uw_RWA1{avya;Nijanwa;lyap;BvAxiH}	sam_uw_RWA1{avya;Nijanwa;lyap;BvAxiH}	pUrvakAlaH,8.1	pUrvakAlaH,11.2#pUrvakAlaH,8.1	1	09	086	safkReparAmAyaNam	bAlakANda	sarga-1
5.1	ca	8.1	ca	ca{avya}	ca{avya}	samuccaya_xyowakaH,4.1	sup_samuccaya_xyowakaH,4.1#sambanXaH,4.1	1	09	086	safkReparAmAyaNam	bAlakANda	sarga-1
6.1	vAnarAn	6.1	vAnarAn	vAnara{puM;2;bahu}	vAnara{puM;2;bahu}	karma,4.1	karma,4.1#karma,3.1#gawikarma,8.1	1	09	086	safkReparAmAyaNam	bAlakANda	sarga-1
7.1	ayoXyAm	10.1	ayoXyAM	ayoXyA{swrI;2;eka}	ayoXyA{swrI;2;eka}	karma,8.1	karma,4.1#karma,3.1#gawikarma,8.1#karma,8.1	1	09	086	safkReparAmAyaNam	bAlakANda	sarga-1
8.1	prasWiwaH	11.1	prasWiwaH	prasWiwa{puM;1;eka(pra_RWA1;kwa;BvAxiH)}	prasWiwa{puM;1;eka(pra_RWA1;kwa;BvAxiH)}	aBihiwa_karwA,9.1	-#aBihiwa_karwA,9.1	1	09	086	safkReparAmAyaNam	bAlakANda	sarga-1
9.1	rAmaH	2.1	rAmaH	rAma{puM;1;eka}	rAma{puM;1;eka}	karwA,8.1;karwA,4.1	karwA,8.1#karwA,4.1	1	09	086	safkReparAmAyaNam	bAlakANda	sarga-1
1.1	BaraxvAja-	4.1	BaraxvAja-ASramaM	BaraxvAja	BaraxvAja	RaRTI-wawpuruRaH,1.2	RaRTI-wawpuruRaH,1.2	1	09	087	safkReparAmAyaNam	bAlakANda	sarga-1
1.2	ASramam	4.2	--	ASrama{puM;2;eka}/ASrama{napuM;1;eka}/ASrama{napuM;2;eka}	ASrama{puM;2;eka}	karma,2.1	karma,9.1#karma,2.1#karwA,9.1#viSeRaNam,8.1	1	09	087	safkReparAmAyaNam	bAlakANda	sarga-1
10.1	.	10.1	.	-	-	-	-	1	09	087	safkReparAmAyaNam	bAlakANda	sarga-1
2.1	gawvA	5.1	gawvA	gam1{avya;kwvA;BvAxiH}	gam1{avya;kwvA;BvAxiH}	pUrvakAlaH,9.1	pUrvakAlaH,9.1	1	09	087	safkReparAmAyaNam	bAlakANda	sarga-1
3.1	ArAmaH	1.1	ArAmaH	ArAma{puM;1;eka}/ArAma{puM;1;eka(Af_ram1;GaF;BvAxiH)}	ArAma{puM;1;eka}	viSeRaNam,7.1	viSeRaNam,7.1#viSeRaNam,4.2#viSeRaNam,1.2#karwA,9.1	1	09	087	safkReparAmAyaNam	bAlakANda	sarga-1
4.1	sawya-	2.1	sawya-parAkramaH	sawya	sawya	RaRTI-bahuvrIhiH,4.2	RaRTI-bahuvrIhiH,4.2	1	09	087	safkReparAmAyaNam	bAlakANda	sarga-1
4.2	parAkramaH	2.2	--	parAkrama{puM;1;eka}	parAkrama{puM;1;eka}	viSeRaNam,7.1	viSeRaNam,7.1#viSeRaNam,3.1#karwA,9.1	1	09	087	safkReparAmAyaNam	bAlakANda	sarga-1
5.1	Barawasya	6.1	Barawasya	Barawa{puM;6;eka}	Barawa{puM;6;eka}	RaRTIsambanXaH,6.1	upa_apekRA,6.1#RaRTIsambanXaH,8.1#RaRTIsambanXaH,6.1#RaRTIsambanXaH,3.1	1	09	087	safkReparAmAyaNam	bAlakANda	sarga-1
6.1	anwike	7.1	anwike	anwikA{swrI;8;eka}/anwika{puM;7;eka}	anwika{puM;7;eka}	aXikaraNam,9.1	xeSAXikaraNam_upa,9.1#aXikaraNam,9.1#aXikaraNam,3.1#aXikaraNam,2.1#samboXyaH,9.1	1	09	087	safkReparAmAyaNam	bAlakANda	sarga-1
7.1	rAmaH	3.1	rAmaH	rAma{puM;1;eka}	rAma{puM;1;eka}	karwA,9.1;karwA,2.1	karwA,9.1#karwA,2.1	1	09	087	safkReparAmAyaNam	bAlakANda	sarga-1
8.1	hanUmanwam	8.1	hanUmanwaM	hanUmaw{puM;2;eka}	hanUmaw{puM;2;eka}	karma,9.1	karma,9.1#karma,2.1	1	09	087	safkReparAmAyaNam	bAlakANda	sarga-1
9.1	vyasarjayaw	9.1	vyasarjayaw	vi_sq2{karwari;laf;pra;eka;parasmEpaxI;wuxAxiH}	vi_sq2{karwari;laf;pra;eka;parasmEpaxI;wuxAxiH}	aBihiwa_karwA,7.1;sakarmaka	-#aBihiwa_karwA,7.1;sakarmaka	1	09	087	safkReparAmAyaNam	bAlakANda	sarga-1
1.1	punaH	-	punaH	punaH{avya}	punaH{avya}	kriyAviSeRaNam,3.1	kriyAviSeRaNam,3.1#kriyAviSeRaNam,8.1	1	09	088	safkReparAmAyaNam	bAlakANda	sarga-1
10.1	yayO	-	yayO	yA1{karwari;lit;pra;eka;parasmEpaxI;axAxiH}/yA1{karwari;lit;u;eka;parasmEpaxI;axAxiH}/yayi{puM;7;eka}	yA1{karwari;lit;pra;eka;parasmEpaxI;axAxiH}	aBihiwa_karwA,3.1;sakarmaka	aXikaraNam,8.1#aXikaraNam,3.1#aXikaraNam,2.1	1	09	088	safkReparAmAyaNam	bAlakANda	sarga-1
11.1	waxA	-	waxA	waxA{avya}	waxA{avya}	kAlAXikaraNam,10.1	kAlAXikaraNam,10.1	1	09	088	safkReparAmAyaNam	bAlakANda	sarga-1
12.1	.	-	.	-	-	-	-	1	09	088	safkReparAmAyaNam	bAlakANda	sarga-1
2.1	AKyAyikAm	-	AKyAyikAM	AKyAyikA{swrI;2;eka(Af_KyA1;Nvul;axAxiH)}	AKyAyikA{swrI;2;eka(Af_KyA1;Nvul;axAxiH)}	karma,3.1	karma,10.1#karma,8.1#karma,3.1	1	09	088	safkReparAmAyaNam	bAlakANda	sarga-1
3.1	jalpan	-	jalpan	jalpaw{puM;1;eka(jalp1;Sawq_lat;BvAxiH)}	jalpaw{puM;1;eka(jalp1;Sawq_lat;BvAxiH)}	karwA,10.1;karwA,8.1	karwA,10.1#karwA,8.1	1	09	088	safkReparAmAyaNam	bAlakANda	sarga-1
4.1	sugrIva-	-	sugrIva-sahiwaH	sugrIva	sugrIva	wqwIyA-wawpuruRaH,4.2	wqwIyA-wawpuruRaH,4.2	1	09	088	safkReparAmAyaNam	bAlakANda	sarga-1
4.2	sahiwaH	-	--	sahiwa{puM;1;eka}/sahiwq{puM;8;eka}/sahiwq{napuM;8;eka}/sahiwq{napuM;1;eka}/sahiwq{napuM;2;eka}/sahiwq{swrI;8;eka}	sahiwa{puM;1;eka}	sahArWaH,3.1	samboXyaH,10.1#sahArWaH,3.1#sahArWaH,2.1#viSeRaNam,9.2#viSeRaNam,7.1#sahArWaH,10.1#viSeRaNam,3.1	1	09	088	safkReparAmAyaNam	bAlakANda	sarga-1
5.1	waxA	-	waxA	waxA{avya}	waxA{avya}	kAlAXikaraNam,3.1	kAlAXikaraNam,3.1	1	09	088	safkReparAmAyaNam	bAlakANda	sarga-1
6.1	puRpakam	-	puRpakaM	puRpaka{napuM;2;eka}	puRpaka{napuM;2;eka}	karma,8.1	viSeRaNam,9.2#karma,10.1#karma,8.1#karma,3.1#karma,2.1	1	09	088	safkReparAmAyaNam	bAlakANda	sarga-1
7.1	waw	-	waw	wax{sarvanAma;napuM;1;eka}/wax{sarvanAma;napuM;2;eka}	wax{sarvanAma;napuM;2;eka}	viSeRaNam,6.1	viSeRaNam,9.2#viSeRaNam,4.2#karma,10.1#karma,8.1#karma,3.1#karma,2.1#karwA,10.1#viSeRaNam,6.1	1	09	088	safkReparAmAyaNam	bAlakANda	sarga-1
8.1	samAruhya	-	samAruhya	sam_Af_ruh1{avya;lyap;BvAxiH}	sam_Af_ruh1{avya;lyap;BvAxiH}	pUrvakAlaH,10.1	pUrvakAlaH,10.1	1	09	088	safkReparAmAyaNam	bAlakANda	sarga-1
9.1	nanxi-	-	nanxi-grAmaM	nanxi}/nanxin	nanxi	karmaXAraya,9.2	karmaXAraya,9.2	1	09	088	safkReparAmAyaNam	bAlakANda	sarga-1
9.2	grAmam	-	--	grAma{puM;2;eka}/grAma{napuM;1;eka}/grAma{napuM;2;eka}	grAma{napuM;2;eka}	karma,10.1	viSeRaNam,7.1#viSeRaNam,4.2#karma,10.1#karma,8.1#karma,3.1#karma,2.1#karwA,10.1#viSeRaNam,6.1	1	09	088	safkReparAmAyaNam	bAlakANda	sarga-1
1.1	nanxi-	5.1	nanxi-grAme	nanxi}/nanxin	nanxi	karmaXAraya,1.2	karmaXAraya,1.2	1	09	089	safkReparAmAyaNam	bAlakANda	sarga-1
1.2	grAme	5.2	--	grAma{puM;7;eka}/grAma{napuM;8;xvi}/grAma{napuM;1;xvi}/grAma{napuM;2;xvi}/grAma{napuM;7;eka}/grAmA{swrI;8;eka}/grAmA{swrI;8;xvi}/grAmA{swrI;1;xvi}/grAmA{swrI;2;xvi}	grAma{puM;7;eka}	aXikaraNam,3.1	karma,12.1#karma,9.1#karma,3.1#samboXyaH,12.1#aXikaraNam,12.1#aXikaraNam,9.1#aXikaraNam,3.1	1	09	089	safkReparAmAyaNam	bAlakANda	sarga-1
10.1	rAjyam	10.1	rAjyaM	rAjya{napuM;1;eka}/rAjya{napuM;2;eka}	rAjya{napuM;2;eka}	karma,12.1	karma,12.1#karma,9.1#karma,3.1	1	09	089	safkReparAmAyaNam	bAlakANda	sarga-1
11.1	punaH	11.1	punaH	punaH{avya}	punaH{avya}	kriyAviSeRaNam,12.1	kriyAviSeRaNam,12.1#kriyAviSeRaNam,9.1#kriyAviSeRaNam,3.1	1	09	089	safkReparAmAyaNam	bAlakANda	sarga-1
12.1	avApwavAn	12.1	avApwavAn	avApwavaw{puM;1;eka(ava_Ap1;kwavawu;svAxiH)}	avApwavaw{puM;1;eka(ava_Ap1;kwavawu;svAxiH)}	-	-	1	09	089	safkReparAmAyaNam	bAlakANda	sarga-1
13.1	.	13.1	.	-	-	-	-	1	09	089	safkReparAmAyaNam	bAlakANda	sarga-1
2.1	jatAm	6.1	jatAM	jatA{swrI;2;eka}	jatA{swrI;2;eka}	karma,3.1	viSeRaNam,8.1#karma,12.1#karma,9.1#karma,3.1	1	09	089	safkReparAmAyaNam	bAlakANda	sarga-1
3.1	hiwvA	7.1	hiwvA	hA2{avya;kwvA;juhowyAxiH}/XA1{avya;kwvA;juhowyAxiH}	hA2{avya;kwvA;juhowyAxiH}	pUrvakAlaH,12.1	pUrvakAlaH,12.1	1	09	089	safkReparAmAyaNam	bAlakANda	sarga-1
4.1	BrAwqBiH	3.1	BrAwqBiH	BrAwq{puM;3;bahu}	BrAwq{puM;3;bahu}	sahArWaH,3.1	sahArWaH,12.1#sahArWaH,9.1#sahArWaH,3.1#hewuH,12.1#hewuH,9.1#hewuH,3.1	1	09	089	safkReparAmAyaNam	bAlakANda	sarga-1
5.1	sahiwaH	4.1	sahiwaH	sahiwa{puM;1;eka}/sahiwq{puM;8;eka}/sahiwq{napuM;8;eka}	sahiwa{puM;1;eka}	sahArWa_xyowakaH,4.1	samboXyaH,12.1#sahArWa_xyowakaH,4.1#viSeRaNam,12.1#viSeRaNam,7.1#viSeRaNam,6.1#sambanXa_upa,12.1#sambanXa_upa,9.1#karwA,12.1	1	09	089	safkReparAmAyaNam	bAlakANda	sarga-1
6.1	anaGaH	1.1	anaGaH	anaGa{puM;1;eka}	anaGa{puM;1;eka}	viSeRaNam,7.1	viSeRaNam,12.1#viSeRaNam,7.1#viSeRaNam,5.1#karwA,12.1	1	09	089	safkReparAmAyaNam	bAlakANda	sarga-1
7.1	rAmaH	2.1	rAmaH	rAma{puM;1;eka}	rAma{puM;1;eka}	karwA,12.1;karwA,9.1;karwA,3.1	karwA,12.1#karwA,9.1#karwA,3.1	1	09	089	safkReparAmAyaNam	bAlakANda	sarga-1
8.1	sIwAm	8.1	sIwAm	sIwA{swrI;2;eka}	sIwA{swrI;2;eka}	karma,9.1	karma,12.1#karma,9.1#karma,3.1	1	09	089	safkReparAmAyaNam	bAlakANda	sarga-1
9.1	anuprApya	9.1	anuprApya	anu_pra_Ap1{avya;lyap;svAxiH}	anu_pra_Ap1{avya;lyap;svAxiH}	pUrvakAlaH,12.1	pUrvakAlaH,12.1	1	09	089	safkReparAmAyaNam	bAlakANda	sarga-1
1.1	prahqRta-	1.1	prahqRta-muxiwaH	prahqRta(pra_hqR2;kwa;xivAxiH)	prahqRta(pra_hqR2;kwa;xivAxiH)	karmaXArayaH,1.2	karmaXArayaH,1.2	1	09	090	safkReparAmAyaNam	bAlakANda	sarga-1
1.2	muxiwaH	1.2	--	muxiwa{puM;1;eka}	muxiwa{puM;1;eka}	viSeRaNam,2.1	viXeya_viSeRaNam,5.2#viXeya_viSeRaNam,4.1#viXeya_viSeRaNam,3.1#viXeya_viSeRaNam,2.1#karwA_be_verbs,6.2#viSeRaNam,2.1	1	09	090	safkReparAmAyaNam	bAlakANda	sarga-1
10.1	xur-	8.1	xur-BikRa-Baya-varjiwaH	xur	xur	avyayIBAvaH,10.2	avyayIBAvaH,10.2	1	09	090	safkReparAmAyaNam	bAlakANda	sarga-1
10.2	BikRa-	8.2	--	BikRa	BikRa	RaRTI-wawpuruRaH,10.3	RaRTI-wawpuruRaH,10.3	1	09	090	safkReparAmAyaNam	bAlakANda	sarga-1
10.3	Baya-	8.3	--	Baya	Baya	wqwIyA-wawpuruRaH,10.4	wqwIyA-wawpuruRaH,10.4	1	09	090	safkReparAmAyaNam	bAlakANda	sarga-1
10.4	varjiwaH	8.4	--	varjiwa{puM;1;eka}	varjiwa{puM;1;eka}	viXeya_viSeRaNam,2.1	viXeya_viSeRaNam,3.1#viXeya_viSeRaNam,1.1#sup_samucciwaH,3.1#karwA_be_verbs,6.2#viXeya_viSeRaNam,2.1	1	09	090	safkReparAmAyaNam	bAlakANda	sarga-1
11.1	(BaviRyawi)	10.1	(BaviRyawi)	BU1{karwari;lqt;pra;eka;parasmEpaxI;BvAxiH}/BaviRyaw{puM;7;eka}/BaviRyaw{napuM;7;eka}	BU1{karwari;lqt;pra;eka;parasmEpaxI;BvAxiH}	aBihiwa_karwA,3.1	-#aBihiwa_karwA,3.1	1	09	090	safkReparAmAyaNam	bAlakANda	sarga-1
12.1	.	12.1	.	-	-	-	-	1	09	090	safkReparAmAyaNam	bAlakANda	sarga-1
2.1	lokaH	2.1	lokaH	loka{puM;1;eka}	loka{puM;1;eka}	karwA,11.1	karwA_be_verbs,11.1	1	09	090	safkReparAmAyaNam	bAlakANda	sarga-1
3.1	wuRtaH	3.1	wuRtaH	wuR{avya;wasil}/wuRta{puM;1;eka(wuR1;kwa;xivAxiH)}	wuRta{puM;1;eka(wuR1;kwa;xivAxiH)}	samucciwaH,10.4	viXeya_viSeRaNam,2.1#viXeya_viSeRaNam,1.2#viSeRaNam,5.2#viSeRaNam,4.1#karwA_be_verbs,6.2#hewuH5,6.2#hewuH5,1.1#samucciwaH,10.4	1	09	090	safkReparAmAyaNam	bAlakANda	sarga-1
4.1	puRtaH	4.1	puRtaH	puRta{puM;1;eka}	puRta{puM;1;eka}	samucciwaH,10.4	viXeya_viSeRaNam,5.2#viXeya_viSeRaNam,3.1#viXeya_viSeRaNam,2.1#viXeya_viSeRaNam,1.2#karwA_be_verbs,6.2#samucciwaH,3.1#samucciwaH,10.4	1	09	090	safkReparAmAyaNam	bAlakANda	sarga-1
5.1	su-	5.1	su-XArmikaH	su	su	karmaXArayaH,5.2	karmaXArayaH,5.2	1	09	090	safkReparAmAyaNam	bAlakANda	sarga-1
5.2	XArmikaH	5.2	--	XArmika{puM;1;eka}	XArmika{puM;1;eka}	samucciwaH,10.4	viXeya_viSeRaNam,4.1#viXeya_viSeRaNam,3.1#viXeya_viSeRaNam,2.1#viXeya_viSeRaNam,1.2#karwA_be_verbs,6.2#samucciwaH,3.1#samucciwaH,10.4	1	09	090	safkReparAmAyaNam	bAlakANda	sarga-1
6.1	nir-	6.1	nir-AmayaH	nir	nir	bahuvrIhiH,6.2	bahuvrIhiH,6.2	1	09	090	safkReparAmAyaNam	bAlakANda	sarga-1
6.2	AmayaH	6.2	--	Amaya{puM;1;eka}	Amaya{puM;1;eka}	samucciwaH,10.4	viXeya_viSeRaNam,5.3#viXeya_viSeRaNam,3.1#sup_samucciwaH,3.1#karwA_be_verbs,6.2#samucciwaH,10.4	1	09	090	safkReparAmAyaNam	bAlakANda	sarga-1
7.1	hi	11.1	hi	hi{avya}	hi{avya}	sambanXaH,11.1	sambanXaH,11.1	1	09	090	safkReparAmAyaNam	bAlakANda	sarga-1
8.1	a-	7.1	a-rogaH	a	a	naF-wawpuruRaH,8.2	naF-wawpuruRaH,8.2	1	09	090	safkReparAmAyaNam	bAlakANda	sarga-1
8.2	rogaH	7.2	--	roga{puM;1;eka}	roga{puM;1;eka}	samucciwaH,10.4	viXeya_viSeRaNam,5.3#viXeya_viSeRaNam,1.1#karwA_be_verbs,6.2#samucciwaH,3.1#samucciwaH,10.4	1	09	090	safkReparAmAyaNam	bAlakANda	sarga-1
9.1	ca	9.1	ca	ca{avya}	ca{avya}	samuccaya_xyowakaH,10.4	sup_samuccaya_xyowakaH,3.1#sambanXaH,3.1#samuccaya_xyowakaH,10.4	1	09	090	safkReparAmAyaNam	bAlakANda	sarga-1
1.1	na	5.1	na	na{avya}	na{avya}	prawiReXaH,4.1	prawiReXaH,4.1	1	10	091	safkReparAmAyaNam	bAlakANda	sarga-1
2.1	puwra-	4.1	puwra-maraNaM	puwra	puwra	RaRTI-wawpuruRaH,2.2	RaRTI-wawpuruRaH,2.2	1	10	091	safkReparAmAyaNam	bAlakANda	sarga-1
2.2	maraNam	4.2	--	maraNa{napuM;1;eka}/maraNa{napuM;2;eka}/maraNa{puM;2;eka}	maraNa{napuM;2;eka}	karma,4.1	karma,4.1	1	10	091	safkReparAmAyaNam	bAlakANda	sarga-1
3.1	keciw	1.1	keciw	kiFciw{sarvanAma;puM;1;bahu}/kiFciw{sarvanAma;napuM;1;xvi}/kiFciw{sarvanAma;napuM;2;xvi}/kiFciw{sarvanAma;swrI;1;xvi}/kiFciw{sarvanAma;swrI;2;xvi}	kiFciw{sarvanAma;puM;1;bahu}	viSeRaNam,5.1	karma,4.1#viSeRaNam,5.1#karwA,4.1	1	10	091	safkReparAmAyaNam	bAlakANda	sarga-1
4.1	xrakRyanwi	6.1	xrakRyanwi	xqS1{karwari;lqt;pra;bahu;parasmEpaxI;BvAxiH}	xqS1{karwari;lqt;pra;bahu;parasmEpaxI;BvAxiH}	aBihiwa_karwA,5.1;sakarmaka	-#aBihiwa_karwA,5.1;sakarmaka	1	10	091	safkReparAmAyaNam	bAlakANda	sarga-1
5.1	puruRAH	2.1	puruRAH	puruRa{puM;1;bahu}/puruRa{puM;8;bahu}	puruRa{puM;1;bahu}	karwA,4.1	samboXyaH,4.1#karwA,4.1	1	10	091	safkReparAmAyaNam	bAlakANda	sarga-1
6.1	kvaciw	3.1	kvaciw	kvaciw{avya}	kvaciw{avya}	sambanXaH,4.1	sambanXaH,4.1	1	10	091	safkReparAmAyaNam	bAlakANda	sarga-1
7.1	.	7.1	.	-	-	-	-	1	10	091	safkReparAmAyaNam	bAlakANda	sarga-1
1.1	nAryaH	2.1	nAryaH	nArI{swrI;1;bahu}/nArI{swrI;8;bahu}	nArI{swrI;1;bahu}	karwA,5.1	samboXyaH,5.1#karwA_be_verbs,5.1#karwA,5.1	2	10	091	safkReparAmAyaNam	bAlakANda	sarga-1
2.1	ca	3.1	ca	ca{avya}	ca{avya}	sambanXaH,1.1	sup_samuccaya_xyowakaH,1.1#sambanXaH,1.1	2	10	091	safkReparAmAyaNam	bAlakANda	sarga-1
3.1	aviXavAH	5.1	aviXavAH	aviXavA{swrI;1;bahu}/aviXavA{swrI;2;bahu}/aviXavA{swrI;8;bahu}	aviXavA{swrI;1;bahu}	viXeya_viSeRaNam,1.1	viSeRaNam,1.1#samboXyaH,5.1#viSeRaNam,6.2#viXeya_viSeRaNam,6.2#viXeya_viSeRaNam,1.1#sup_samucciwaH,1.1#karwA_be_verbs,5.1	2	10	091	safkReparAmAyaNam	bAlakANda	sarga-1
4.1	niwyam	4.1	niwyaM	niwya{puM;2;eka}/niwya{napuM;1;eka}/niwya{napuM;2;eka}	niwya{napuM;2;eka}	kriyAviSeRaNam,5.1	kriyAviSeRaNam,5.1#sup_samucciwaH,1.1	2	10	091	safkReparAmAyaNam	bAlakANda	sarga-1
5.1	BaviRyanwi	6.1	BaviRyanwi	BU1{karwari;lqt;pra;bahu;parasmEpaxI;BvAxiH}/BaviRyaw{napuM;1;bahu}/BaviRyaw{napuM;2;bahu}/BaviRyaw{napuM;8;bahu}	BU1{karwari;lqt;pra;bahu;parasmEpaxI;BvAxiH}	aBihiwa_karwA,1.1	sup_samucciwaH,1.1	2	10	091	safkReparAmAyaNam	bAlakANda	sarga-1
6.1	pawi-	1.1	pawi-vrawAH	pawi	pawi	bahuvrIhiH,6.2	bahuvrIhiH,6.2	2	10	091	safkReparAmAyaNam	bAlakANda	sarga-1
6.2	vrawAH	1.2	--	vrawa{puM;1;bahu}/vrawa{puM;8;bahu}/vrawA{swrI;8;bahu}/vrawA{swrI;1;bahu}/vrawA{swrI;2;bahu}	vrawA{swrI;1;bahu}	viSeRaNam,1.1	viSeRaNam,3.1#viXeya_viSeRaNam,3.1#viXeya_viSeRaNam,1.1#sup_samucciwaH,1.1#karwA_be_verbs,5.1#viSeRaNam,1.1	2	10	091	safkReparAmAyaNam	bAlakANda	sarga-1
7.1	.	7.1	.	-	-	-	-	2	10	091	safkReparAmAyaNam	bAlakANda	sarga-1
1.1	na	4.1	na	na{avya}	na{avya}	prawiReXaH,6.1	prawiReXaH,6.1	1	10	092	safkReparAmAyaNam	bAlakANda	sarga-1
2.1	ca	5.1	ca	ca{avya}	ca{avya}	sambanXaH,1.1	sup_samuccaya_xyowakaH,1.1#sambanXaH,1.1	1	10	092	safkReparAmAyaNam	bAlakANda	sarga-1
3.1	agni-	1.1	agni-jam	agni	agni	upapaxa-wawpuruRaH,3.2	upapaxa-wawpuruRaH,3.2	1	10	092	safkReparAmAyaNam	bAlakANda	sarga-1
3.2	jam	2.1	--	ja{puM;2;eka}/ja{napuM{1;eka}/ja{napuM{2;eka}/ja{napuM;1;eka}	ja{napuM;1;eka}	viSeRaNam,4.1	viSeRaNam,5.1#viSeRaNam,4.1#viSeRaNam,4.1#karwA_be_verbs,6.1	1	10	092	safkReparAmAyaNam	bAlakANda	sarga-1
4.1	Bayam	3.1	Bayam	Baya{napuM;1;eka}/Baya{napuM;2;eka}	Baya{napuM;1;eka}	karwA,6.1	karwA_be_verbs,6.1	1	10	092	safkReparAmAyaNam	bAlakANda	sarga-1
5.1	kiFciw	2.1	kiFciw	kiFciw{avya}/kiFciw{sarvanAma;napuM;1;eka}/kiFciw{sarvanAma;napuM;2;eka}	kiFciw{sarvanAma;napuM;1;eka}	viSeRaNam,4.1	viSeRaNam,4.1#viSeRaNam,3.2#karwA_be_verbs,6.1#sup_samucciwaH,1.1	1	10	092	safkReparAmAyaNam	bAlakANda	sarga-1
6.1	(BaviRyawi)	6.1	(BaviRyawi)	BU1{karwari;lqt;pra;eka;parasmEpaxI;BvAxiH}	BU1{karwari;lqt;pra;eka;parasmEpaxI;BvAxiH}	aBihiwa_karwA,4.1	-#aBihiwa_karwA,4.1	1	10	092	safkReparAmAyaNam	bAlakANda	sarga-1
7.1	.	7.1	.	-	-	-	-	1	10	092	safkReparAmAyaNam	bAlakANda	sarga-1
1.1	na	3.1	na	na{avya}	na{avya}	prawiReXaH,3.1	prawiReXaH,3.1	2	10	092	safkReparAmAyaNam	bAlakANda	sarga-1
2.1	apsu	1.1	apsu	ap{swrI;7;bahu}	ap{swrI;7;bahu}	aXikaraNam,3.1	aXikaraNam,3.1	2	10	092	safkReparAmAyaNam	bAlakANda	sarga-1
3.1	majjanwi	4.1	majjanwi	masj1{karwari;lat;pra;bahu;parasmEpaxI;wuxAxiH}	masj1{karwari;lat;pra;bahu;parasmEpaxI;wuxAxiH}	aBihiwa_karwA,4.1	-#aBihiwa_karwA,4.1	2	10	092	safkReparAmAyaNam	bAlakANda	sarga-1
4.1	janwavaH	2.1	janwavaH	janwu{puM;1;bahu}/janwu{puM;8;bahu}	janwu{puM;1;bahu}	karwA,3.1	samboXyaH,3.1#karwA,3.1	2	10	092	safkReparAmAyaNam	bAlakANda	sarga-1
5.1	.	5.1	.	-	-	-	-	2	10	092	safkReparAmAyaNam	bAlakANda	sarga-1
1.1	na	4.1	na	na{avya}	na{avya}	prawiReXaH,6.1	prawiReXaH,6.1	3	10	092	safkReparAmAyaNam	bAlakANda	sarga-1
2.1	ca	5.1	ca	ca{avya}	ca{avya}	sambanXaH,1.1	sup_samuccaya_xyowakaH,1.1#sambanXaH,1.1	3	10	092	safkReparAmAyaNam	bAlakANda	sarga-1
3.1	vAwa-	1.1	vAwa-jam	vAwa(vA1;kwa;axAxiH)	vAwa(vA1;kwa;axAxiH)	upapaxa-wawpuruRaH,3.2	upapaxa-wawpuruRaH,3.2	3	10	092	safkReparAmAyaNam	bAlakANda	sarga-1
3.2	jam	1.2	--	ja{puM;2;eka}/ja{napuM{1;eka}/ja{napuM{2;eka}	ja{napuM;1;eka}	viSeRaNam,4.1	viSeRaNam,5.1#viSeRaNam,4.1#viXeya_viSeRaNam,4.1#karwA_be_verbs,6.1	3	10	092	safkReparAmAyaNam	bAlakANda	sarga-1
4.1	Bayam	3.1	Bayam	Baya{napuM;1;eka}/Baya{napuM;2;eka}	Baya{napuM;1;eka}	karwA,6.1	karwA_be_verbs,6.1	3	10	092	safkReparAmAyaNam	bAlakANda	sarga-1
5.1	kiFcaw	2.1	kiFcaw	kiFciw{sarvanAma;napuM;1;eka}/kiFciw{sarvanAma;napuM;2;eka}	kiFciw{sarvanAma;napuM;1;eka}	viSeRaNam,4.1	viSeRaNam,4.1#viSeRaNam,3.2#karwA_be_verbs,6.1#sup_samucciwaH,1.1	3	10	092	safkReparAmAyaNam	bAlakANda	sarga-1
6.1	(BaviRyawi)	6.1	(BaviRyawi)	BU1{karwari;lqt;pra;eka;parasmEpaxI;BvAxiH}	BU1{karwari;lqt;pra;eka;parasmEpaxI;BvAxiH}	aBihiwa_karwA,4.1	-#aBihiwa_karwA,4.1	3	10	092	safkReparAmAyaNam	bAlakANda	sarga-1
7.1	.	7.1	.	-	-	-	-	3	10	092	safkReparAmAyaNam	bAlakANda	sarga-1
1.1	na	5.1	na	na{avya}	na{avya}	prawiReXaH,6.1	prawiReXaH,6.1	4	10	092	safkReparAmAyaNam	bAlakANda	sarga-1
2.1	api	4.1	api	api{avya}	api{avya}	sambanXaH,1.1	sup_samuccaya_xyowakaH,1.1#sambanXaH,1.1	4	10	092	safkReparAmAyaNam	bAlakANda	sarga-1
3.1	jvara-	2.1	jvara-kqwaM	jvara	jvara	wqwIyA-wawpuruRaH,3.2	wqwIyA-wawpuruRaH,3.2	4	10	092	safkReparAmAyaNam	bAlakANda	sarga-1
3.2	kqwam	2.2	--	kqw{puM;2;eka}/kqwa{puM;2;eka(kq2;kwa;svAxiH)}/kqwa{napuM;1;eka(kq2;kwa;svAxiH)}/kqwa{napuM;2;eka(kq2;kwa;svAxiH)}/kqwa{puM;2;eka(kq3;kwa;wanAxiH)}/kqwa{napuM;1;eka(kq3;kwa;wanAxiH)}/kqwa{napuM;2;eka(kq3;kwa;wanAxiH)}	kqwa{napuM;1;eka(kq2;kwa;svAxiH)}	viSeRaNam,4.1	viSeRaNam,4.1#karwA_be_verbs,6.1	4	10	092	safkReparAmAyaNam	bAlakANda	sarga-1
4.1	Bayam	3.1	BayaM	Baya{napuM;1;eka}/Baya{napuM;2;eka}	Baya{napuM;1;eka}	karwA,6.1	karwA_be_verbs,6.1	4	10	092	safkReparAmAyaNam	bAlakANda	sarga-1
5.1	waWA	1.1	waWA	waWA{avya}	waWA{avya}	sambanXaH,6.1	sup_samucciwaH,1.1#kriyAviSeRaNam,6.1#kriyAviSeRaNam,3.2#sambanXaH,6.1	4	10	092	safkReparAmAyaNam	bAlakANda	sarga-1
6.1	(BaviRyawi)	6.1	(BaviRyawi)	BU1{karwari;lqt;pra;eka;parasmEpaxI;BvAxiH}	BU1{karwari;lqt;pra;eka;parasmEpaxI;BvAxiH}	aBihiwa_karwA,4.1	-#aBihiwa_karwA,4.1	4	10	092	safkReparAmAyaNam	bAlakANda	sarga-1
7.1	.	7.1	.	-	-	-	-	4	10	092	safkReparAmAyaNam	bAlakANda	sarga-1
1.1	na	4.1	na	na{avya}	na{avya}	prawiReXaH,6.1	prawiReXaH,6.1	1	10	093	safkReparAmAyaNam	bAlakANda	sarga-1
2.1	ca	5.1	ca	ca{avya}	ca{avya}	sambanXaH,1.1	sup_samuccaya_xyowakaH,1.1#sambanXaH,1.1	1	10	093	safkReparAmAyaNam	bAlakANda	sarga-1
3.1	api	3.1	api	api{avya}	api{avya}	sambanXaH,2.1	sup_samucciwaH,1.1#sup_samuccaya_xyowakaH,2.1#sambanXaH,2.1	1	10	093	safkReparAmAyaNam	bAlakANda	sarga-1
4.1	kRux-	2.1	kRux-BayaM	kRux	kRux	paFcamI-wawpuruRaH,4.2	paFcamI-wawpuruRaH,4.2	1	10	093	safkReparAmAyaNam	bAlakANda	sarga-1
4.2	Bayam	2.2	--	Baya{napuM;1;eka}/Baya{napuM;2;eka}/Baya{puM;2;eka}	Baya{napuM;1;eka}	karwA,6.1	karwA_be_verbs,6.1	1	10	093	safkReparAmAyaNam	bAlakANda	sarga-1
5.1	wawra	1.1	wawra	wawra{avya}	wawra{avya}	xeSAXikaraNam,6.1	xeSAXikaraNam,6.1#sup_samucciwaH,2.1#sup_samucciwaH,1.1	1	10	093	safkReparAmAyaNam	bAlakANda	sarga-1
6.1	(BaviRyawi)	6.1	-	BU1{karwari;lqt;pra;eka;parasmEpaxI;BvAxiH}	BU1{karwari;lqt;pra;eka;parasmEpaxI;BvAxiH}	aBihiwa_karwA,4.2	-#aBihiwa_karwA,4.2	1	10	093	safkReparAmAyaNam	bAlakANda	sarga-1
7.1	-	7.1	-	-	-	-	-	1	10	093	safkReparAmAyaNam	bAlakANda	sarga-1
1.1	na	3.1	na	na{avya}	na{avya}	prawiReXaH,4.1	prawiReXaH,4.1	2	10	093	safkReparAmAyaNam	bAlakANda	sarga-1
2.1	waskara-	2.1	waskara-BayaM	waskara	waskara	paFcamI-wawpuruRaH,2.2	paFcamI-wawpuruRaH,2.2	2	10	093	safkReparAmAyaNam	bAlakANda	sarga-1
2.2	Bayam	2.2	--	Baya{napuM;1;eka}/Baya{napuM;2;eka}/Baya{puM;2;eka}	Baya{napuM;1;eka}	karwA,4.1	karwA_be_verbs,4.1	2	10	093	safkReparAmAyaNam	bAlakANda	sarga-1
3.1	waWA	1.1	waWA	waWA{avya}	waWA{avya}	sambanXaH,4.1	sambanXaH,4.1	2	10	093	safkReparAmAyaNam	bAlakANda	sarga-1
4.1	(BaviRyawi)	4.1	-	BU1{karwari;lqt;pra;eka;parasmEpaxI;BvAxiH}	BU1{karwari;lqt;pra;eka;parasmEpaxI;BvAxiH}	aBihiwa_karwA,2.2	-#aBihiwa_karwA,2.2	2	10	093	safkReparAmAyaNam	bAlakANda	sarga-1
5.1	-	5.1	-	-	-	-	-	2	10	093	safkReparAmAyaNam	bAlakANda	sarga-1
1.1	niwyam	3.1	niwyaM	niwya{puM;2;eka}/niwya{napuM;1;eka}/niwya{napuM;2;eka}	niwya{napuM;2;eka}	kriyAviSeRaNam,2.1	kriyAviSeRaNam,7.1#kriyAviSeRaNam,2.1#gawikarma,2.1	1	10	094_1	safkReparAmAyaNam	bAlakANda	sarga-1
2.1	pramuxiwAH	5.1	pramuxiwAH	pramuxiwa{puM;1;bahu(pra_mux1;kwa;BvAxiH)}/pramuxiwA{swrI;1;bahu(pra_mux1;kwa;BvAxiH)}/pramuxiwA{swrI;2;bahu(pra_mux1;kwa;BvAxiH)}	pramuxiwa{puM;1;bahu(pra_mux1;kwa;BvAxiH)}	aBihiwa_karwA,3.1	viSeRaNam,3.1#aBihiwa_karwA,3.1	1	10	094_1	safkReparAmAyaNam	bAlakANda	sarga-1
3.1	sarve	2.1	sarve	sarva{sarvanAma;puM;1;bahu}/sarva{sarvanAma;napuM;1;xvi}/sarva{sarvanAma;napuM;2;xvi}/sarvA{sarvanAma;swrI;1;xvi}/sarvA{sarvanAma;swrI;2;xvi}	sarva{sarvanAma;puM;1;bahu}	karwA,2.1	karwA,2.1#upamAnam,5.1#gawikarma,2.1#viSeRaNam,5.1#viSeRaNam,2.1	1	10	094_1	safkReparAmAyaNam	bAlakANda	sarga-1
4.1	yaWA	4.1	yaWA	yaWA{avya}	yaWA{avya}	kriyAviSeRaNam,2.1;niwya_sambanXaH,6.1	upamAna_xyowakaH,3.1#niwya_sambanXaH,6.1#kriyAviSeRaNam,2.1	1	10	094_1	safkReparAmAyaNam	bAlakANda	sarga-1
5.1	kqwa-	1.1	kqwa-yuge	kqwa(kq2;kwa;svAxiH)}/kqwa(kq3{kwa;wanAxiH)	kqwa(kq2;kwa;svAxiH)	karmaXArayaH,5.2	karmaXArayaH,5.2	1	10	094_1	safkReparAmAyaNam	bAlakANda	sarga-1
5.2	yuge	1.2	--	yuga{napuM;1;xvi}/yuga{napuM;2;xvi}/yuga{napuM;8;xvi}/yuga{napuM;7;eka}/yuga{puM;7;eka}/yugA{swrI;8;eka}/yugA{swrI;8;xvi}/yugA{swrI;1;xvi}/yugA{swrI;2;xvi}	yuga{napuM;7;eka}	aXikaraNam,2.1	aXikaraNam,2.1#gawikarma,2.1	1	10	094_1	safkReparAmAyaNam	bAlakANda	sarga-1
6.1	waWA	5.1	waWA	waWA{avya}	waWA{avya}	kriyAviSeRaNam,7.1	kriyAviSeRaNam,7.1#kriyAviSeRaNam,2.1	1	10	094_1	safkReparAmAyaNam	bAlakANda	sarga-1
7.1	(BaviRyanwi)	7.1	(BaviRyanwi)	BU1{karwari;lqt;pra;bahu;parasmEpaxI;BvAxiH}/BaviRyaw{napuM;8;bahu}	BU1{karwari;lqt;pra;bahu;parasmEpaxI;BvAxiH}	aBihiwa_karwA	-#aBihiwa_karwA	1	10	094_1	safkReparAmAyaNam	bAlakANda	sarga-1
8.1	.	8.1	.	-	-	-	-	1	10	094_1	safkReparAmAyaNam	bAlakANda	sarga-1
1.1	aSvameXa-	3.1	aSvameXa-SawEH	aSvameXa	aSvameXa	RaRTI-wawpuruRaH,1.2	RaRTI-wawpuruRaH,1.2	1	10	094_2-96_1	safkReparAmAyaNam	bAlakANda	sarga-1
1.2	SawEH	3.2	--	Sawa{napuM;3;bahu}/Sawa{puM;3;bahu}	Sawa{napuM;3;bahu}	karaNam,2.1	karaNam,2.1#hewuH,17.1#hewuH,12.1#hewuH,7.1#hewuH,6.1#hewuH,2.1	1	10	094_2-96_1	safkReparAmAyaNam	bAlakANda	sarga-1
10.1	a-	13.1	a-saMKyeyaM	a	a	naF-wawpuruRaH,10.2	naF-wawpuruRaH,10.2	1	10	094_2-96_1	safkReparAmAyaNam	bAlakANda	sarga-1
10.2	saMKyeyam	13.2	--	safKyeya{puM;2;eka}/safKyeya{napuM;1;eka}/safKyeya{napuM;2;eka}	safKyeya{napuM;2;eka}	viSeRaNam,11.1	viSeRaNam,11.1#viSeRaNam,9.2#viSeRaNam,6.1#prayojyakarwA,17.1#karma,12.1#karma,7.1#karma,6.1#karma,2.1#prayojakakarwA,17.1	1	10	094_2-96_1	safkReparAmAyaNam	bAlakANda	sarga-1
11.1	Xanam	14.1	XanaM	Xana{napuM;1;eka}/Xana{napuM;2;eka}	Xana{napuM;2;eka}	karma,12.1	prayojyakarwA,17.1#karma,12.1#karma,7.1#karma,6.1#karma,2.1#prayojakakarwA,17.1	1	10	094_2-96_1	safkReparAmAyaNam	bAlakANda	sarga-1
12.1	xawwvA	15.1	xawwvA	xA1{avya;kwvA;BvAxiH}	xA1{avya;kwvA;BvAxiH}	pUrvakAlaH,17.1	pUrvakAlaH,17.1#pUrvakAlaH,6.1	1	10	094_2-96_1	safkReparAmAyaNam	bAlakANda	sarga-1
13.1	brAhmaNeByaH	12.1	brAhmaNeByaH	brAhmaNa{puM;4;bahu}/brAhmaNa{puM;5;bahu}	brAhmaNa{puM;4;bahu}	sampraxAnam,12.1	hewuH5,17.1#hewuH5,12.1#hewuH5,7.1#hewuH5,6.1#hewuH5,2.1#sampraxAnam,12.1#sampraxAnam,7.1#prayojanam1,17.1#prayojanam1,6.1#prayojanam1,2.1	1	10	094_2-96_1	safkReparAmAyaNam	bAlakANda	sarga-1
14.1	mahA-	1,1	mahA-yaSAH	mahA}/mahaw	mahA	RaRTI-bahuvrIhiH,14.2	RaRTI-bahuvrIhiH,14.2	1	10	094_2-96_1	safkReparAmAyaNam	bAlakANda	sarga-1
14.2	yaSAH	1.2	--	yaSas{puM;1;eka}	yaSas{puM;1;eka}	viSeRaNam,18.1	viSeRaNam,18.1	1	10	094_2-96_1	safkReparAmAyaNam	bAlakANda	sarga-1
15.1	rAja-	17.1	rAja-vaMSAn	rAjan	rAjan	RaRTI-wawpuruRaH,15.2	RaRTI-wawpuruRaH,15.2	1	10	094_2-96_1	safkReparAmAyaNam	bAlakANda	sarga-1
15.2	vaMSAn	17.2	--	vaMSa{puM;2;bahu}	vaMSa{puM;2;bahu}	prayojyakarwA,17.1	viSeRaNam,16.2#prayojyakarwA,17.1#karma,12.1#karma,7.1#karma,6.1#karma,2.1	1	10	094_2-96_1	safkReparAmAyaNam	bAlakANda	sarga-1
16.1	Sawa-	16.1	Sawa-guNAn	Sawa	Sawa	RaRTI-bahuvrIhiH,16.2	RaRTI-bahuvrIhiH,16.2	1	10	094_2-96_1	safkReparAmAyaNam	bAlakANda	sarga-1
16.2	guNAn	16.2	--	guNa{puM;2;bahu}	guNa{puM;2;bahu}	viSeRaNam,15.2	viSeRaNam,15.2#prayojyakarwA,17.1#karma,12.1#karma,7.1#karma,6.1#karma,2.1	1	10	094_2-96_1	safkReparAmAyaNam	bAlakANda	sarga-1
17.1	sWApayiRyawi	18.1	sWApayiRyawi	RWA1{Nic;karwari;lqt;pra;eka;parasmEpaxI;BvAxiH}	RWA1{Nic;karwari;lqt;pra;eka;parasmEpaxI;BvAxiH}	aBihiwa_karwA,14.2;sakarmaka	-#aBihiwa_karwA,14.2;sakarmaka	1	10	094_2-96_1	safkReparAmAyaNam	bAlakANda	sarga-1
18.1	rAGavaH	2.1	--	rAGava{puM;1;eka}	rAGava{puM;1;eka}	prayojaka_karwA,17.1;karwA,12.1;karwA,7.1;karwA,2.1	prayojaka_karwA,17.1#karwA,12.1#karwA,7.1#karwA,2.1	1	10	094_2-96_1	safkReparAmAyaNam	bAlakANda	sarga-1
19.1	.	19.1	.	-	-	-	-	1	10	094_2-96_1	safkReparAmAyaNam	bAlakANda	sarga-1
2.1	iRtvA	6.1	iRtvA	iR2{avya;kwvA;wuxAxiH}/yaj1{avya;kwvA;BvAxiH}	yaj1{avya;kwvA;BvAxiH}	pUrvakAlaH,17.1	pUrvakAlaH,17.1#pUrvakAlaH,6.1	1	10	094_2-96_1	safkReparAmAyaNam	bAlakANda	sarga-1
3.1	waWA	4.1	waWA	waWA{avya}	waWA{avya}	samuccaya_xyowakaH,4.2	samuccaya_xyowakaH,4.2	1	10	094_2-96_1	safkReparAmAyaNam	bAlakANda	sarga-1
4.1	bahu-	5.1	bahu-suvarNakEH	bahu	bahu	bahuvrIhiH,4.2	RaRTI-wawpuruRa,1.2#bahuvrIhiH,4.2	1	10	094_2-96_1	safkReparAmAyaNam	bAlakANda	sarga-1
4.2	suvarNakEH	5.2	--	suvarNaka{napuM;3;bahu}/suvarNaka{puM;3;bahu}	suvarNaka{napuM;3;bahu}	samucciwaH,1.2	sup_samucciwaH,1.2#karaNam,2.1#hewuH,17.1#hewuH,12.1#hewuH,7.1#hewuH,6.1#hewuH,2.1	1	10	094_2-96_1	safkReparAmAyaNam	bAlakANda	sarga-1
5.1	gavAm	8.1	gavAM	go{puM;6;bahu}/go{swrI;6;bahu}	go{puM;6;bahu}	RaRTIsambanXaH,6.2	RaRTIsambanXaH,13.1#RaRTIsambanXaH,11.1#RaRTIsambanXaH,8.1#RaRTIsambanXaH,6.2	1	10	094_2-96_1	safkReparAmAyaNam	bAlakANda	sarga-1
6.1	koti-	9.1	koti-ayuwaM	koti	koti	RaRTI-wawpuruRaH,6.2	RaRTI-wawpuruRaH,6.2	1	10	094_2-96_1	safkReparAmAyaNam	bAlakANda	sarga-1
6.2	ayuwam	9.2	-	yu1{karwari;laf;ma;xvi;parasmEpaxI;axAxiH}/ayuwa{saMKyeyam;napuM;1;eka}/ayuwa{saMKyeyam;napuM;2;eka}	ayuwa{saMKyeyam;napuM;2;eka}	karma,7.1	viSeRaNam,11.1#viSeRaNam,10.2#viSeRaNam,9.2#prayojyakarwA,17.1#karma,12.1#karma,7.1#karma,2.1#prayojakakarwA,17.1	1	10	094_2-96_1	safkReparAmAyaNam	bAlakANda	sarga-1
7.1	xawwvA	11.1	xawwvA	xA1{avya;kwvA;BvAxiH}	xA1{avya;kwvA;BvAxiH}	pUrvakAlaH,17.1	pUrvakAlaH,17.1#pUrvakAlaH,6.1	1	10	094_2-96_1	safkReparAmAyaNam	bAlakANda	sarga-1
8.1	vixvaxByaH	7.1	vixvaxByaH	vixvas{puM;4;bahu}/vixvas{puM;5;bahu}	vixvas{puM;4;bahu}	sampraxAnam,7.1	viSeRaNam,13.1#hewuH5,17.1#hewuH5,12.1#hewuH5,7.1#hewuH5,6.1#hewuH5,2.1#sampraxAnam,12.1#sampraxAnam,7.1#prayojanam1,17.1#prayojanam1,6.1#prayojanam1,2.1	1	10	094_2-96_1	safkReparAmAyaNam	bAlakANda	sarga-1
9.1	viXi-	10.1	viXi-pUrvakam	viXi	viXi	bahuvrIhiH,9.2	bahuvrIhiH,9.2	1	10	094_2-96_1	safkReparAmAyaNam	bAlakANda	sarga-1
9.2	pUrvakam	10.2	--	pUrvaka{puM;2;eka}/pUrvaka{napuM;1;eka}/pUrvaka{napuM;2;eka}	pUrvaka{napuM;2;eka}	kriyAviSeRaNam,7.1	kriyAviSeRaNam,17.1#kriyAviSeRaNam,12.1#kriyAviSeRaNam,7.1#kriyAviSeRaNam,6.1#kriyAviSeRaNam,2.1#prayojyakarwA,17.1	1	10	094_2-96_1	safkReparAmAyaNam	bAlakANda	sarga-1
1.1	cAwurvarNyam	6.1	cAwurvarNyaM	cAwurvarNya{napuM;1;eka}/cAwurvarNya{napuM;2;eka}	cAwurvarNya{napuM;2;eka}	karma,8.1	karma,8.1#karma,3.1#karwA,8.1	1	10	096_2	safkReparAmAyaNam	bAlakANda	sarga-1
2.1	ca	7.1	ca	ca{avya}	ca{avya}	sambanXaH,1.1	sup_samuccaya_xyowakaH,1.1#sambanXaH,1.1	1	10	096_2	safkReparAmAyaNam	bAlakANda	sarga-1
3.1	loke	2.1	loke	lok1{karwari;lat;u;eka;AwmanepaxI;BvAxiH}/loka{puM;7;eka}	loka{puM;7;eka}	aXikaraNam,8.1	aXikaraNam,8.1	1	10	096_2	safkReparAmAyaNam	bAlakANda	sarga-1
4.1	asmin	1.1	asmin	ixam{sarvanAma;puM;7;eka}/ixam{sarvanAma;napuM;7;eka}	ixam{sarvanAma;puM;7;eka}	viSeRaNam,3.1	viSeRaNam,7.1#aXikaraNam,8.1#aXikaraNam,3.1#viSeRaNam,3.1	1	10	096_2	safkReparAmAyaNam	bAlakANda	sarga-1
5.1	sve	3.1	sve	sva{puM;7;eka}	sve{puM;7;eka}	vIpsA,6.1	vIpsA,6.1	1	10	096_2	safkReparAmAyaNam	bAlakANda	sarga-1
6.1	sve	4.1	sve	sva{puM;7;eka}	sva{puM;7;eka}	viSeRaNam,7.1	viSeRaNam,7.1	1	10	096_2	safkReparAmAyaNam	bAlakANda	sarga-1
7.1	Xarme	5.1	Xarme	Xarma{puM;7;eka}/Xarma{napuM;8;xvi}/Xarma{napuM;1;xvi}/Xarma{napuM;2;xvi}/Xarma{napuM;7;eka}/XarmA{swrI;8;eka}/XarmA{swrI;8;xvi}/XarmA{swrI;1;xvi}/XarmA{swrI;2;xvi}	Xarma{puM;7;eka}	aXikaraNam,8.1	sup_samucciwaH,1.1#karma,8.1#karma,3.1#samboXyaH,8.1#samboXyaH,3.1#viSeRaNam,4.1#aXikaraNam,8.1#aXikaraNam,3.1#viSeRaNam,3.1	1	10	096_2	safkReparAmAyaNam	bAlakANda	sarga-1
8.1	niyokRyawi	8.1	niyokRyawi	ni_yuj2{karwari;lqt;pra;eka;parasmEpaxI;ruXAxiH}	ni_yuj2{karwari;lqt;pra;eka;parasmEpaxI;ruXAxiH}	aBihiwa_karwA	-#aBihiwa_karwA	1	10	096_2	safkReparAmAyaNam	bAlakANda	sarga-1
9.1	.	9.1	.	-	-	-	-	1	10	096_2	safkReparAmAyaNam	bAlakANda	sarga-1
1.1	xaSa-	2.1	xaSa-varRa-sahasrANi	xaSan	xaSan	karmaXAraya,1.2	karmaXAraya,1.2	1	10	097	safkReparAmAyaNam	bAlakANda	sarga-1
1.2	varRa-	2.2	--	varRa	varRa	RaRTI-wawpuruRaH,1.3	RaRTI-wawpuruRaH,1.3	1	10	097	safkReparAmAyaNam	bAlakANda	sarga-1
1.3	sahasrANi	2.3	--	sahasra{napuM;8;bahu}/sahasra{napuM;1;bahu}/sahasra{napuM;2;bahu}	sahasra{napuM;2;bahu}	samucciwaH,2.3	viSeRaNam,2.3#sup_samucciwaH,2.3#karma,8.1#karma,6.1	1	10	097	safkReparAmAyaNam	bAlakANda	sarga-1
2.1	xaSa-	3.1	xaSa-varRa-SawAni	xaSan	xaSan	karmaXArayaH,2.2	karmaXArayaH,2.2	1	10	097	safkReparAmAyaNam	bAlakANda	sarga-1
2.2	varRa-	3.2	--	varRa	varRa	RaRTI-wawpuruRaH,2.3	RaRTI-wawpuruRaH,2.3	1	10	097	safkReparAmAyaNam	bAlakANda	sarga-1
2.3	SawAni	3.3	--	Sawa{napuM;1;bahu}/Sawa{napuM;2;bahu}/Sawa{napuM;8;bahu}	Sawa{napuM;2;bahu}	awyanwasaMyoga_sambanXaH,6.1	viSeRaNam,1.3#karma,8.1#karma,6.1#awyanwasaMyoga_sambanXaH,6.1	1	10	097	safkReparAmAyaNam	bAlakANda	sarga-1
3.1	ca	4.1	ca	ca{avya}	ca{avya}	samuccaya_xyowakaH,2.3	sup_samuccaya_xyowakaH,2.3#sambanXaH,2.3	1	10	097	safkReparAmAyaNam	bAlakANda	sarga-1
4.1	rAmaH	1.1	rAmaH	rAma{puM;1;eka}	rAma{puM;1;eka}	karwA,8.1;karwA,6.1	karwA,8.1#karwA,6.1	1	10	097	safkReparAmAyaNam	bAlakANda	sarga-1
5.1	rAjyam	5.1	rAjyam	rAjya{napuM;1;eka}/rAjya{napuM;2;eka}	rAjya{napuM;2;eka}	karma,6.1	sup_samucciwaH,2.3#karma,8.1#karma,6.1#karwA,8.1	1	10	097	safkReparAmAyaNam	bAlakANda	sarga-1
6.1	upAsiwvA	6.1	upAsiwvA	upa_As1{avya;kwvA;axAxiH}	upa_As1{avya;kwvA;axAxiH}	pUrvakAlaH,8.1	pUrvakAlaH,8.1	1	10	097	safkReparAmAyaNam	bAlakANda	sarga-1
7.1	brahma-	7.1	-	brahma	brahma	RaRTI-wawpuruRaH,7.2	RaRTI-wawpuruRaH,7.2	1	10	097	safkReparAmAyaNam	bAlakANda	sarga-1
7.2	lokam	7.2	-	loka{puM;2;eka}	loka{puM;2;eka}	karma,8.1	karma,8.1#karma,6.1#sup_samucciwaH,2.3	1	10	097	safkReparAmAyaNam	bAlakANda	sarga-1
8.1	prayAsyawi	8.1	prayAsyawi	pra_yA1{karwari;lqt;pra;eka;parasmEpaxI;axAxiH}	pra_yA1{karwari;lqt;pra;eka;parasmEpaxI;axAxiH}	aBihiwa_karwA,4.1;sakarmaka	-#aBihiwa_karwA,4.1;sakarmaka	1	10	097	safkReparAmAyaNam	bAlakANda	sarga-1
9.1	.	9.1	.	-	-	-	-	1	10	097	safkReparAmAyaNam	bAlakANda	sarga-1
1.1	ixam	2.1	ixaM	ixam{sarvanAma;napuM;1;eka}/ixam{sarvanAma;napuM;2;eka}	ixam{sarvanAma;napuM;2;eka}	viSeRaNam,10.1	viSeRaNam,10.1#viSeRaNam,7.1#viSeRaNam,4.1#viSeRaNam,3.1#viSeRaNam,2.1#karma,9.1#karwA,9.1	1	10	098	safkReparAmAyaNam	bAlakANda	sarga-1
10.1	rAmacariwam	9.1	--	rAmacariwa{napuM;2;eka}	rAmacariwa{napuM;2;eka}	karma,9.1	karma,9.1	1	10	098	safkReparAmAyaNam	bAlakANda	sarga-1
11.1	.	11.1	-	-	-	-	-	1	10	098	safkReparAmAyaNam	bAlakANda	sarga-1
2.1	paviwram	3.1	paviwraM	paviwra{puM;2;eka}/paviwra{napuM;1;eka}/paviwra{napuM;2;eka}	paviwra{napuM;2;eka}	viSeRaNam,10.1	viSeRaNam,10.1#viSeRaNam,7.1#viSeRaNam,4.1#viSeRaNam,3.1#karma,9.1#karwA,9.1	1	10	098	safkReparAmAyaNam	bAlakANda	sarga-1
3.1	pApaGnam	4.1	pApaGnaM	pApaGna{puM;2;eka}/pApaGna{napuM;1;eka}/pApaGna{napuM;2;eka}	pApaGna{napuM;2;eka}	viSeRaNam,10.1	viSeRaNam,10.1#viSeRaNam,7.1#viSeRaNam,4.1#karma,9.1#karwA,9.1	1	10	098	safkReparAmAyaNam	bAlakANda	sarga-1
4.1	puNyam	5.1	puNyaM	puNya{napuM;1;eka}/puNya{napuM;2;eka}	puNya{napuM;2;eka}	viSeRaNam,10.1	viSeRaNam,10.1#viSeRaNam,7.1#karma,9.1#karwA,9.1	1	10	098	safkReparAmAyaNam	bAlakANda	sarga-1
5.1	vexEH	6.1	--	vexa{puM;3;bahu}	vexa{puM;3;bahu}	karwA,7.1	karwA,7.1#karaNam,9.1#hewuH,7.1	1	10	098	safkReparAmAyaNam	bAlakANda	sarga-1
6.1	ca	7.1	--	ca{avya}	ca{avya}	sambanXaH,5.1	sambanXaH,5.1	1	10	098	safkReparAmAyaNam	bAlakANda	sarga-1
7.1	sammiwam	8.1	--	sammiwa{puM;2;eka(sam_mA1;kwa;axAxiH)}/sammiwa{napuM;1;eka(sam_mA1;kwa;axAxiH)}/sammiwa{napuM;2;eka(sam_mA1;kwa;axAxiH)}/sammiwa{puM;2;eka(sam_mi1;kwa;svAxiH)}/sammiwa{napuM;1;eka(sam_mi1;kwa;svAxiH)}/sammiwa{napuM;2;eka(sam_mi1;kwa;svAxiH)}	sammiwa{napuM;2;eka(sam_mA1;kwa;axAxiH)}	viSeRaNam,10.1	viSeRaNam,10.1#karma,9.1#karwA,9.1	1	10	098	safkReparAmAyaNam	bAlakANda	sarga-1
8.1	yaH	1.1	--	yax{sarvanAma;puM;1;eka}	yax{sarvanAma;puM;1;eka}	karwA,9.1	karwA,9.1	1	10	098	safkReparAmAyaNam	bAlakANda	sarga-1
9.1	paTew	10.1	--	paT1{karwari;viXilif;pra;eka;parasmEpaxI;BvAxiH}	paT1{karwari;viXilif;pra;eka;parasmEpaxI;BvAxiH}	aBihiwa_karwA,8.1;sakarmaka	-#aBihiwa_karwA,8.1;sakarmaka	1	10	098	safkReparAmAyaNam	bAlakANda	sarga-1
1.1	(saH)	2.1	(saH)	wax{sarvanAma;puM;1;eka}	wax{sarvanAma;puM;1;eka}	karma,3.1	karma,3.1	2	10	098	safkReparAmAyaNam	bAlakANda	sarga-1
2.1	sarva-	1.1	sarva-pApEH	sarva	sarva	karmaXArayaH,2.2	karmaXArayaH,2.2	2	10	098	safkReparAmAyaNam	bAlakANda	sarga-1
2.2	pApEH	1.2	--	pApa{napuM;3;bahu}/pApa{puM;3;bahu}	pApa{napuM;3;bahu}	karwA,3.1	karwA,3.1#karaNam,3.1#hewuH,3.1	2	10	098	safkReparAmAyaNam	bAlakANda	sarga-1
3.1	pramucyawe	3.1	pramucyawe	pra_muc1{karmaNi;lat;pra;eka;AwmanepaxI;wuxAxiH}	pra_muc1{karmaNi;lat;pra;eka;AwmanepaxI;wuxAxiH}	aBihiwa_karma,1.1;sakarmaka	-#aBihiwa_karma,1.1;sakarmaka	2	10	098	safkReparAmAyaNam	bAlakANda	sarga-1
4.1	.	4.1	.	-	-	-	-	2	10	098	safkReparAmAyaNam	bAlakANda	sarga-1
1.1	ewaw	1.1	ewaw	ewax{sarvanAma;napuM;1;eka}/ewax{sarvanAma;napuM;2;eka}	ewax{sarvanAma;napuM;2;eka}	viSeRaNam,2.1	viSeRaNam,5.1#viSeRaNam,3.1#viSeRaNam,2.1#karma,9.1#karma,4.1#karma,2.1#karwA,11.1	1	10	099	safkReparAmAyaNam	bAlakANda	sarga-1
10.1	svarge	10.1	svarge	svarga{puM;7;eka}	svarga{puM;7;eka}	aXikaraNam,11.1	aXikaraNam,11.1#aXikaraNam,9.1#aXikaraNam,4.1#aXikaraNam,2.1	1	10	099	safkReparAmAyaNam	bAlakANda	sarga-1
11.1	mahIyawe	11.1	mahIyawe	mahI{karwari;lat;pra;eka;AwmanepaxI;nAmaXawu}	mahI{karwari;lat;pra;eka;AwmanepaxI;nAmaXawu}	aBihiwa_karwA,6.1;sakarmaka	-#aBihiwa_karwA,6.1;sakarmaka	1	10	099	safkReparAmAyaNam	bAlakANda	sarga-1
12.1	.	12.1	.	-	-	-	-	1	10	099	safkReparAmAyaNam	bAlakANda	sarga-1
2.1	AKyAnam	3.1	AKyAnam	AKyAna{napuM;1;eka(Af_KyA1;lyut;axAxiH)}/AKyAna{napuM;2;eka(Af_KyA1;lyut;axAxiH)}	AKyAna{napuM;2;eka(Af_KyA1;lyut;axAxiH)}	karma,4.1	karma,9.1#karma,4.1#karwA,11.1	1	10	099	safkReparAmAyaNam	bAlakANda	sarga-1
3.1	AyuRyam	2.1	AyuRyaM	AyuRya{puM;2;eka}/AyuRya{napuM;1;eka}/AyuRya{napuM;2;eka}	AyuRya{napuM;2;eka}	viSeRaNam,2.1	viSeRaNam,5.1#viSeRaNam,2.1#viSeRaNam,1.1#karma,9.1#karma,4.1#karma,2.1#karwA,11.1	1	10	099	safkReparAmAyaNam	bAlakANda	sarga-1
4.1	paTan	5.1	paTan	paTaw{puM;1;eka(paT1;Sawq_lat;BvAxiH)}	paTaw{puM;1;eka(paT1;Sawq_lat;BvAxiH)}	viSeRaNam,6.1	varwamAnasamAnakAlaH,11.1#karwA,11.1#viSeRaNam,6.1	1	10	099	safkReparAmAyaNam	bAlakANda	sarga-1
5.1	rAmAyaNam	4.1	rAmAyaNaM	rAmAyaNa{napuM;1;eka}/rAmAyaNa{napuM;2;eka}	rAmAyaNa{napuM;2;eka}	viSeRaNam,2.1	viSeRaNam,2.1#karma,9.1#karma,4.1#karma,2.1#karwA,11.1	1	10	099	safkReparAmAyaNam	bAlakANda	sarga-1
6.1	naraH	8.1	naraH	nq{puM;1;bahu}/nara{puM;1;eka}/nq{puM;8;bahu}	nq{puM;1;bahu}	karwA,11.1;karwA,9.1	karwA,11.1#karwA,9.1	1	10	099	safkReparAmAyaNam	bAlakANda	sarga-1
7.1	sa-	6.1	sapuwra-pOwraH	sa-	sa-	bahuvrIhiH,7.3	bahuvrIhiH,7.3	1	10	099	safkReparAmAyaNam	bAlakANda	sarga-1
7.2	puwra-	6.2	sapuwra-pOwraH	-puwra-	puwra-	iwarewara-xvanxvaH,7.3	iwarewara-xvanxvaH,7.3	1	10	099	safkReparAmAyaNam	bAlakANda	sarga-1
7.3	pOwraH	6.3	--	pOwra{puM;1;eka}	pOwra{puM;1;eka}	viSeRaNam,6.1	viSeRaNam,6.1#viSeRaNam,4.1#karwA,11.1	1	10	099	safkReparAmAyaNam	bAlakANda	sarga-1
8.1	sa-	7.1	sa-	sa-	sa-	bahuvrIhiH,8.2	bahuvrIhiH,8.2	1	10	099	safkReparAmAyaNam	bAlakANda	sarga-1
8.2	gaNaH	7.2	sa-gaNaH	gaNa{puM;1;eka}	gaNa{puM;1;eka}	viSeRaNam,6.1	karwA,11.1;karwA,9.1;viSeRaNam,6.1	1	10	099	safkReparAmAyaNam	bAlakANda	sarga-1
9.1	prewya	9.1	prewya	pra_i1{avya;lyap;axAxiH}	pra_i1{avya;lyap;axAxiH}	pUrvakAlaH,11.1	pUrvakAlaH,11.1#kriyAviSeRaNam,11.1	1	10	099	safkReparAmAyaNam	bAlakANda	sarga-1
1.1	paTan	1.1	paTan	paTaw{puM;1;eka(paT1;Sawq_lat;BvAxiH)}	paTaw{puM;1;eka(paT1;Sawq_lat;BvAxiH)}	viSeRaNam,2.1	varwamAnasamAnakAlaH,4.1#karwA,4.1#viSeRaNam,2.1	1	10	100	safkReparAmAyaNam	bAlakANda	sarga-1
2.1	xvijaH	2.1	xvijaH	xvija{puM;1;eka}	xvija{puM;1;eka}	karwA,4.1	karwA,4.1	1	10	100	safkReparAmAyaNam	bAlakANda	sarga-1
3.1	vAk-	3.1	vAk-qRaBawvam	vAc	vAc	RaRTI-wawpuruRaH,3.2	RaRTI-wawpuruRaH,3.2	1	10	100	safkReparAmAyaNam	bAlakANda	sarga-1
3.2	qRaBawvam	3.2	--	qRaBa{wva;napuM;1;eka}/qRaBa{wva;napuM;2;eka}	qRaBa{wva;napuM;2;eka}	karma,4.1	karma,4.1#karma,1.1#karwA,4.1	1	10	100	safkReparAmAyaNam	bAlakANda	sarga-1
4.1	IyAw	4.1	IyAw	i1{karwari;ASIrlif;pra;eka;parasmEpaxI;axAxiH}	i1{karwari;ASIrlif;pra;eka;parasmEpaxI;axAxiH}	aBihiwa_karwA,2.1;sakarmaka	-#aBihiwa_karwA,2.1;sakarmaka	1	10	100	safkReparAmAyaNam	bAlakANda	sarga-1
5.1	.	5.1	.	-	-	-	-	1	10	100	safkReparAmAyaNam	bAlakANda	sarga-1
1.1	syAw	2.1	syAw	as2{karwari;viXilif;pra;eka;parasmEpaxI;axAxiH}	as2{karwari;viXilif;pra;eka;parasmEpaxI;axAxiH}	aBihiwa_karwA,2.1	-#aBihiwa_karwA,2.1	2	10	100	safkReparAmAyaNam	bAlakANda	sarga-1
2.1	kRawriyaH	1.1	kRawriyaH	kRawriya{puM;1;eka}	kRawriya{puM;1;eka}	karwA,1.1	karwA_be_verbs,1.1	2	10	100	safkReparAmAyaNam	bAlakANda	sarga-1
3.1	.	3.1	.	-	-	-	-	2	10	100	safkReparAmAyaNam	bAlakANda	sarga-1
1.1	BUmi-	1.1	BUmi-pawiwvam	BUmi	BUmi	RaRTI-wawpuruRaH,1.2	RaRTI-wawpuruRaH,1.2	3	10	100	safkReparAmAyaNam	bAlakANda	sarga-1
1.2	pawiwvam	1.2	--	pawi{wva;napuM;1;eka}/pawi{wva;napuM;2;eka}	pawi{wva;napuM;2;eka}	karma,2.1	karma,2.1#karwA,2.1	3	10	100	safkReparAmAyaNam	bAlakANda	sarga-1
2.1	IyAw	2.1	IyAw	i1{karwari;ASIrlif;pra;eka;parasmEpaxI;axAxiH}	i1{karwari;ASIrlif;pra;eka;parasmEpaxI;axAxiH}	aBihiwa_karwA	-#aBihiwa_karwA	3	10	100	safkReparAmAyaNam	bAlakANda	sarga-1
3.1	.	3.1	.	-	-	-	-	3	10	100	safkReparAmAyaNam	bAlakANda	sarga-1
1.1	vaNik-	1.1	vaNik-janaH	vaNij	vaNij	karmaXAraya,1.2	karmaXAraya,1.2	4	10	100	safkReparAmAyaNam	bAlakANda	sarga-1
1.2	janaH	1.2	--	jana{puM;1;eka}/janas{puM;8;eka}	jana{puM;1;eka}	karwA,3.1	samboXyaH,3.1#karwA,3.1	4	10	100	safkReparAmAyaNam	bAlakANda	sarga-1
2.1	paNya-	2.1	paNya-Palam	paNya(paN1;yaw;BvAxiH)	paNya(paN1;yaw;BvAxiH)	RaRTI-wawpuruRaH,2.2	RaRTI-wawpuruRaH,2.2	4	10	100	safkReparAmAyaNam	bAlakANda	sarga-1
2.2	Palawvam	2.2	--	Pala{wva;napuM;1;eka}/Pala{wva;napuM;2;eka}	Pala{wva;napuM;2;eka}	karma,3.1	karma,3.1#karwA,3.1	4	10	100	safkReparAmAyaNam	bAlakANda	sarga-1
3.1	IyAw	3.1	IyAw	i1{karwari;ASIrlif;pra;eka;parasmEpaxI;axAxiH}	i1{karwari;ASIrlif;pra;eka;parasmEpaxI;axAxiH}	aBihiwa_karwA,1.2;sakarmaka	-#aBihiwa_karwA,1.2;sakarmaka	4	10	100	safkReparAmAyaNam	bAlakANda	sarga-1
4.1	.	4.1	.	-	-	-	-	4	10	100	safkReparAmAyaNam	bAlakANda	sarga-1
1.1	janaH	2.1	janaH	jana{puM;1;eka}	jana{puM;1;eka}	karwA,6.1	sup_samucciwaH,3.1#karwA,6.1	5	10	100	safkReparAmAyaNam	bAlakANda	sarga-1
2.1	ca	6.1	ca	ca{avya}	ca{avya}	sambanXaH,6.1	samuccaya_xyowakaH,6.1#sambanXaH,1.1#sambanXaH,6.1	5	10	100	safkReparAmAyaNam	bAlakANda	sarga-1
3.1	SUxraH	1.1	SUxraH	SUxra{puM;1;eka}	SUxra{puM;1;eka}	viSeRaNam,1.1	viSeRaNam,1.1#sup_samucciwaH,1.1#karwA,6.1	5	10	100	safkReparAmAyaNam	bAlakANda	sarga-1
4.1	api	3.1	api	api{avya}	api{avya}	sambanXaH,3.1	sup_samuccaya_xyowakaH,3.1#sambanXaH,3.1	5	10	100	safkReparAmAyaNam	bAlakANda	sarga-1
5.1	mahawwvam	4.1	mahawwvam	mahawwva{napuM;1;eka}/mahawwva{napuM;2;eka}	mahawwva{napuM;2;eka}	karma,6.1	karma,6.1#sup_samucciwaH,3.1#sup_samucciwaH,1.1#karwA,6.1	5	10	100	safkReparAmAyaNam	bAlakANda	sarga-1
6.1	IyAw	5.1	IyAw	i1{karwari;ASIrlif;pra;eka;parasmEpaxI;axAxiH}	i1{karwari;ASIrlif;pra;eka;parasmEpaxI;axAxiH}	aBihiwa_karwA,1.1;sakarmaka	-#aBihiwa_karwA,1.1;sakarmaka	5	10	100	safkReparAmAyaNam	bAlakANda	sarga-1
7.1	.	7.1	.	-	-	-	-	5	10	100	safkReparAmAyaNam	bAlakANda	sarga-1
