"padacchedah","anvaya","spart"
"वाक्-अर्थौ-इव सम्पृक्तौ वाक्-अर्थ-प्रतिपत्तये जगतः पितरौ वन्दे पार्वती-परम-ईश्वरौ (अहम्)","(अहम्) वाक्-अर्थौ-इव सम्पृक्तौ जगतः पितरौ पार्वती-परम-ईश्वरौ वाक्-अर्थ-प्रतिपत्तये वन्दे"," वागर्थाविव संपृक्तौ वागर्थप्रतिपत्तये।# जगतः पितरौ वन्दे पार्वतीपरमेश्वरौ।।"
"क्व सूर्य-प्रभवः वंशः (अस्ति) च क्व अल्प-विषया (मम) मतिः (अस्ति); तितीर्षुः दुः-तरं मोहात् उडुपेन अस्मि सागरम् (अहम्)","सूर्य-प्रभवः वंशः क्व (अस्ति) अल्प-विषया (मम) मतिः च क्व (अस्ति); (अहम्) मोहात् उडुपेन दुः-तरं सागरम् तितीर्षुः अस्मि"," क्व सूर्यप्रभवो वंशः क्व चाल्पविषया मतिः।# तितीर्षुर्दुस्तरं मोहादुडुपेनास्मि सागरम्।।"
"मन्दः कवि-यश-प्रार्थी गमिष्यामि उपहास्यताम् प्रांशु-लभ्ये फले लोभात् उद्बाहुः वामनः-इव (अहम्)","प्रांशु-लभ्ये फले लोभात् कवि-यश-प्रार्थी मन्दः (अहम्) उद्बाहुः वामनः-इव उपहास्यताम् गमिष्यामि"," मन्दः कवियशःप्रार्थी गमिष्याम्युपहास्यताम्।# प्रांशुलभ्ये फले लोभादुद्बाहुरिव वामनः।।"
"अथवा पूर्व-सूरिभिः कृत-वाक्-द्वारे अस्मिन् वंशे वज्र-समुत्कीर्णे मणौ सूत्रस्य-इव मे गतिः अस्ति","अथवा पूर्व-सूरिभिः कृत-वाक्-द्वारे अस्मिन् वंशे वज्र-समुत्कीर्णे मणौ सूत्रस्य-इव मे गतिः अस्ति"," अथवा कृतवाग्द्वारे वंशेऽस्मिन्पूर्वसूरिभिः।# मणौ वज्रसमुत्कीर्णे सूत्रस्येवास्ति मे गतिः।।"
"सः अहम् आ-फल-उदय-कर्मणाम् आ-समुद्र-क्षिति-ईशानाम् आ-जन्म-शुद्धानाम् आ-नाक-रथ-वर्त्मनाम् (वक्ष्ये) (रघूणाम्) (अन्वयं)","सः अहम् आ-जन्म-शुद्धानाम् आ-फल-उदय-कर्मणाम् आ-समुद्र-क्षिति-ईशानाम् आ-नाक-रथ-वर्त्मनाम् (रघूणाम्) (अन्वयं) (वक्ष्ये)"," सोऽहमाजन्मशुद्धानामाफलोदयकर्मणाम्।# आसमुद्रक्षितीशानामानाकरथवर्त्मनाम्।।"
"(अहम्) यथा-विधि-हुताग्नीनाम् यथा-काम-अर्चितार्थिनाम् यथा-अपराध-दण्डानाम् यथा-काल-प्रबोधिनाम् (रघूणाम्) (अन्वयं) (वक्ष्ये)","(अहम्) यथा-विधि-हुताग्नीनाम् यथा-काम-अर्चितार्थिनाम् यथा-अपराध-दण्डानाम् यथा-काल-प्रबोधिनाम् (रघूणाम्) (अन्वयं) (वक्ष्ये)"," यथाविधिहुताग्नीनां यथाकामार्चितार्थिनाम्।# यथापराधदण्डानां यथाकालप्रबोधिनाम्।।"
"(अहम्) यशसे विजिगीषूणाम् प्रजायै गृह-मेधिनाम् (रघूणाम्) (अन्वयम्) सम्भृत-अर्थानाम् त्यागाय सत्याय मित-भाषिणाम् (वक्ष्ये)","(अहम्) त्यागाय सम्भृत-अर्थानाम् सत्याय मित-भाषिणाम् यशसे विजिगीषूणाम् प्रजायै गृह-मेधिनाम् (रघूणाम्) (अन्वयम्) (वक्ष्ये)"," त्यागाय संभृतार्थानां सत्याय मितभाषिणाम्।# यशसे विजिगीषूणां प्रजायै गृहमेधिनाम्।।"
"(अहं) शैशवे अभ्यस्त-विद्यानाम् यौवने विषय-एषिणाम् वार्द्धके मुनि-वृत्तीनां अन्ते योगेन तनु-त्यजाम् (रघूणाम्) (अन्वयं) (वक्ष्ये)","(अहं) शैशवे अभ्यस्त-विद्यानाम् यौवने विषय-एषिणाम् वार्द्धके मुनि-वृत्तीनां अन्ते योगेन तनु-त्यजाम् (रघूणाम्) (अन्वयं) (वक्ष्ये)"," शैशवेऽभ्यस्तविद्यानां यौवने विषयैषिणाम्।# वार्द्धके मुनिवृत्तीनां योगेनान्ते तनुत्यजाम्।।"
"तनु-वाक्-विभवः सन् अपि तद्-गुणैः कर्णम् आगत्य चापलाय प्रचोदितः (अहम्) रघूणाम् अन्वयं वक्ष्ये सन्","(अहम्) तनु-वाक्-विभवः अपि सन् तद्-गुणैः कर्णम् आगत्य चापलाय प्रचोदितः सन् रघूणाम् अन्वयं वक्ष्ये"," रघूणामन्वयं वक्ष्ये तनुवाग्विभवोऽपि सन्।# तद्गुणैः कर्णमागत्य चापलाय प्रचोदितः।।"
"सत्-असत्-व्यक्ति-हेतवः सन्तः तम् श्रोतुम् अर्हन्ति; हि हेम्नः विशुद्धिः वा श्यामिका अपि अग्नौ संलक्ष्यते","सत्-असत्-व्यक्ति-हेतवः सन्तः तम् श्रोतुम् अर्हन्ति; हि हेम्नः विशुद्धिः वा श्यामिका अपि अग्नौ संलक्ष्यते"," तं सन्तः श्रोतुमर्हन्ति सदसद्व्यक्तिहेतवः।# हेम्नः संलक्ष्यते ह्यग्नौ विशुद्धिः श्यामिकाऽपि वा।।"
"मनीषिणाम् माननीयः वैवस्वतः नाम मनुः महीक्षिताम् आद्यः प्रणवः-इव छन्दसाम् आसीत्","मनीषिणाम् माननीयः छन्दसाम् प्रणवः-इव महीक्षिताम् आद्यः वैवस्वतः नाम मनुः आसीत्"," वैवस्वतो मनुर्नाम माननीयो मनीषिणाम्।# आसीन्महीक्षितामाद्यः प्रणवश्छन्दसामिव।।"
"तत्-अन्वये शुद्धिमति प्रसूतः शुद्धिमत्तरः दिलीपः इति राजा-इन्दुः इन्दुः-इव क्षीर-निधौ","शुद्धिमति तत्-अन्वये शुद्धिमत्तरः राजा-इन्दुः दिलीपः इति क्षीर-निधौ इन्दुः-इव प्रसूतः"," तदन्वये शुद्धिमति प्रसूतः शुद्धिमत्तरः।# दिलीप इति राजेन्दुरिन्दुः क्षीरनिधाविव।।"
"व्युढ-उरस्कः वृष-स्कन्धः शाल-प्रांशुः महा-भुजः आत्म-कर्म-क्षमं देहं क्षात्रः धर्मः इव आश्रितः (दिलीपः) (स्थितः)","व्युढ-उरस्कः वृष-स्कन्धः शाल-प्रांशुः महा-भुजः आत्म-कर्म-क्षमं देहं आश्रितः क्षात्रः धर्मः इव (दिलीपः) (स्थितः)"," व्यूढोरस्को वृषस्कन्धः शालप्रांशुर्महाभुजः।# आत्मकर्मक्षमं देहं क्षात्रो धर्म इवाश्रितः।।"
"सर्वातिरिक्त-सारेण सर्वतेज-अभिभाविना (स्थितः) सर्व-उन्नतेन उर्वीं क्रान्त्वा मेरुः-इव आत्मना (दिलीपः)","सर्वातिरिक्त-सारेण सर्वतेज-अभिभाविना सर्व-उन्नतेन आत्मना मेरुः-इव उर्वीं क्रान्त्वा (स्थितः) (दिलीपः)"," सर्वातिरिक्तसारेण सर्वतेजोभिभाविना।# स्थितः सर्वोन्नतेनोर्वीं क्रान्त्वा मेरुरिवात्मना।।"
"आकार-सदृश-प्रज्ञः प्रज्ञया सदृश-आगमः आगमैः सदृश-आरम्भः आरम्भ-सदृश-उदयः (दिलीपः) (आसीत्)","आकार-सदृश-प्रज्ञः प्रज्ञया सदृश-आगमः आगमैः सदृश-आरम्भः आरम्भ-सदृश-उदयः (दिलीपः) (आसीत्)"," आकारसदृशप्रज्ञः प्रज्ञया सदृशागमः।# आगमैः सदृशारम्भ आरम्भसदृशोदयः।।"
"भीम-कान्तैः नृप-गुणैः सः बभूव उपजीविनाम् अ-धृष्यः अभिगम्यः च यादो-रत्नैः अर्णवः-इव च","भीम-कान्तैः नृप-गुणैः सः उपजीविनाम् यादो-रत्नैः अर्णवः-इव अ-धृष्यः च अभिगम्यः च बभूव"," भीमकान्तैर्नृपगुणैः स बभूवोपजीविनाम्।# अधृष्यश्चाभिगम्यश्च यादोरत्नैरिवार्णवः।।"
"रेखामात्रम् अपि क्षुण्णात् आमनोः वर्त्मनः परम् न व्यतीयुः प्रजाः तस्य नियन्तुः नेमि-वृत्तयः (इव)","नियन्तुः तस्य नेमि-वृत्तयः (इव) प्रजाः आमनोः क्षुण्णात् वर्त्मनः परम् रेखामात्रम् अपि न व्यतीयुः"," रेखामात्रमपि क्षुण्णादामनोर्वर्त्मनः परम्।# न व्यतीयुः प्रजास्तस्य नियन्तुर्नेमिवृत्तयः।।"
"प्रजानाम् एव भूति-अर्थम् सः ताभ्यः बलिम् अग्रहीत्; सहस्र-गुणम् उत्स्रष्टुम् आदत्ते हि रसम् रविः जलम्","सः प्रजानाम् भूति-अर्थम् एव ताभ्यः बलिम् अग्रहीत्; हि रविः सहस्र-गुणम् जलम् उत्स्रष्टुम् रसम् आदत्ते"," प्रजानामेव भूत्यर्थं स ताभ्यो बलिमग्रहीत्।# सहस्रगुणमुत्स्रष्टुमादत्ते हि रसं रविः।।"
"सेना परिच्छदः तस्य (बभूव); द्वयम् एव अर्थ-साधनम् (अस्ति) शास्त्रेषु अ-कुन्ठिता बुद्धिः मौर्वी धनुषी आतता (अस्ति) च","तस्य सेना परिच्छदः (बभूव); अर्थ-साधनम् द्वयम् एव (अस्ति) शास्त्रेषु अ-कुन्ठिता बुद्धिः च धनुषी आतता मौर्वी (अस्ति)"," सेनापरिच्छदस्तस्य द्वयमेवार्थसाधनम्।# शास्त्रेष्वकुण्ठिता बुद्धिर्मौर्वी धनुषि चातता।।"
"तस्य संवृत-मन्त्रस्य गूढ-आकारा-इङ्गितस्य च प्रारम्भाः संस्काराः प्राक्तनाः इव फलानुमेयाः (आसन्)","संवृत-मन्त्रस्य च गूढ-आकारा-इङ्गितस्य तस्य प्रारम्भाः प्राक्तनाः संस्काराः इव फलानुमेयाः (आसन्)"," तस्य संवृतमन्त्रस्य गूढाकारेङ्गितस्य च।# फलानुमेयाः प्रारम्भाः संस्काराः प्राक्तना इव।।"
"जुगोप आत्मानम् (सः) अ-त्रस्तः (सन्); भेजे धर्मम् (सः) अन-आतुरः (सन्); सः अ-गृध्नुः (सन्) अर्थम् आददे; (सः) अ-सक्तः (सन्) अन्वभूत् सुखम्","(सः) अ-त्रस्तः (सन्) आत्मानम् जुगोप; (सः) अन-आतुरः (सन्) धर्मम् भेजे; सः अ-गृध्नुः (सन्) अर्थम् आददे; (सः) अ-सक्तः (सन्) सुखम् अन्वभूत्"," जुगोपात्मानमत्रस्तो भेजे धर्ममनातुरः।# अगृध्नुराददे सोऽर्थमसक्तः सुखमन्वभूत्।।"
"ज्ञाने (तस्य) मौनम् (आसीत्); शक्तौ क्षमा (आसीत्); त्यागे श्लाघा-विपर्ययः (आसीत्); गुणाः गुण-अनुबन्धित्वात् तस्य स-प्रसवाः इव (आसन्)","(तस्य) ज्ञाने मौनम् (आसीत्); शक्तौ क्षमा (आसीत्); त्यागे श्लाघा-विपर्ययः (आसीत्); तस्य गुणाः गुण-अनुबन्धित्वात् स-प्रसवाः इव (आसन्)"," ज्ञाने मौनं क्षमा शक्तौ त्यागे श्लाघाविपर्ययः।# गुणा गुणानुबन्धित्वात्तस्य सप्रसवा इव।।"
"विषयैः अन्-आकृष्टस्य विद्यानां पारदृश्वनः धर्म-रतेः तस्य जरसा विना वृद्धत्वं आसीत्","विषयैः अन्-आकृष्टस्य विद्यानां पारदृश्वनः धर्म-रतेः तस्य जरसा विना वृद्धत्वं आसीत्"," अनाकृष्टस्य विषयैर्विद्यानां पारदृश्वनः।# तस्य धर्मरतेरासीद्वृद्धत्वं जरसा विना।।"
"प्रजानां विनयाधानात् रक्षणात् भरणात् अपि सः पिता (अभूत्); तासां (प्रजानां) पितरः केवलं जन्म-हेतवः (आसन्)","प्रजानां विनयाधानात् रक्षणात् भरणात् अपि सः पिता (अभूत्); तासां (प्रजानां) पितरः जन्म-हेतवः केवलं (आसन्)"," प्रजानां विनयाधानाद्रक्षणाद्भरणादपि।# स पिता पितरस्तासां केवलं जन्महेतवः।।"
"दण्ड्यान् स्थित्यै दण्डयतः प्रसूतये परिणेतुः मनीषिणः तस्य अर्थ-कामौ अपि धर्मः एव आस्ताम्","स्थित्यै दण्डयतः दण्ड्यान् परिणेतुः प्रसूतये अपि अर्थ-कामौ तस्य आस्ताम् धर्मः एव मनीषिणः"," स्थित्यै दण्डयतो दण्ड्यान्परिणेतुः प्रसूतये।# अप्यर्थकामौ तस्यास्तां धर्म एव मनीषिणः।।"
"दुदोह गां सः यज्ञाय; सस्याय मघवा दिवं (दुदोह); सम्पद्-विनिमयेन उभौ दधतु भुवन-द्वयं","सः यज्ञाय गां दुदोह; मघवा सस्याय दिवं (दुदोह); उभौ सम्पद्-विनिमयेन भुवन-द्वयं दधतु"," दुदोह गां स यज्ञाय सस्याय मघवा दिवम्।# सम्पद्विनियमयेनोभौ दधतुर्भुवनद्वयम्।।"
"न किल अनुययुः तस्य राजानः रक्षितुः यशः; व्यावृत्ता यत् पर-स्वेभ्यः श्रुतौ तस्करता स्थिता (सती)","राजानः रक्षितुः तस्य यशः न अनुययुः किल; यत् तस्करता पर-स्वेभ्यः व्यावृत्ता (सती) श्रुतौ स्थिता"," न किलानुययुस्तस्य राजानो रक्षितुर्यशः।# व्यावृत्ता यत्परस्वेभ्यः श्रुतौ तस्करता स्थिता।।"
"द्वेष्यः अपि सम्मतः शिष्टः तस्य आर्तस्य यथा औषधम्; त्याज्यः दुष्टः प्रियः अपि अङ्गुली-इव उरग-क्षता","शिष्टः द्वेष्यः अपि आर्तस्य औषधम् यथा तस्य सम्मतः; दुष्टः प्रियः अपि उरग-क्षता त्याज्यः अङ्गुली-इव"," द्वेष्योऽपि सम्मतः शिष्टस्तस्यार्तस्य यथौषधम्।# त्याज्यो दुष्टः प्रियोऽप्यासीदङ्गुलीवोरगक्षता।।"
"तम् वेधाः विदधे नूनम् महाभूत-समाधिना तथाहि सर्वे तस्य आसन् परार्थ-एकफलाः गुणाः","वेधाः तम् महाभूत-समाधिना नूनम् विदधे तथाहि तस्य सर्वे गुणाः परार्थ-एकफलाः आसन्"," तं वेधा विदधे नूनं महाभूतसमाधिना।# तथा हि सर्वे तस्यासन्परार्थैकफला गुणाः।।"
"सः वेला-वप्र-वलयां परिखीकृत-सागराम् अनन्य-शासनाम् उर्वीं शशास एक-पुरीम्-इव","सः वेला-वप्र-वलयां परिखीकृत-सागराम् अनन्य-शासनाम् उर्वीं एक-पुरीम्-इव शशास"," स वेलावप्रवलयां परिखीकृतसागराम्।# अनन्यशासनामुर्वीं शशासैकपुरीमिव।।"
"तस्य दाक्षिण्य-रूढेन नाम्ना मगध-वंशजा पत्नी सुदक्षिणा इति अध्वरस्य दक्षिणा-इव (आसीत्)","तस्य मगध-वंशजा दाक्षिण्य-रूढेन नाम्ना अध्वरस्य पत्नी दक्षिणा-इव सुदक्षिणा इति (आसीत्)"," तस्य दाक्षिण्यरूढेन नाम्ना मगधवंशजा।# पत्नी सुदक्षिणेत्यासीदध्वरस्येव दक्षिणा।।"
"कलत्रवन्तम् आत्मानम् अवरोधे महति अपि तया मेने मनस्विन्या लक्ष्म्या च वसुधा-अधिपः (सति)","वसुधा-अधिपः अवरोधे महति (सति) अपि मनस्विन्या तया लक्ष्म्या च आत्मानम् कलत्रवन्तम् मेने"," कलत्रवन्तमात्मानमवरोधे महत्यपि।# तया मेने मनस्विन्या लक्ष्म्या च वसुधाधिपः।।"
"अनुरूपायाम् तस्याम् आत्म-जन्म-समुत्सुकः सः विलम्बित-फलैः मनः-रथैः कालम् निनाय","सः अनुरूपायाम् तस्याम् आत्म-जन्म-समुत्सुकः विलम्बित-फलैः मनः-रथैः कालम् निनाय"," तस्यामात्मानुरूपायामात्मजन्मसमुत्सुकः।# विलम्बितफलैः कालं स निनाय मनोरथैः।।"
"सन्तान-अर्थाय विधये स्व-भुजात् अवतारिता (तेन) धूः जगतः गुर्वी सचिवेषु निचिक्षिपे","(तेन) सन्तान-अर्थाय विधये स्व-भुजात् अवतारिता जगतः गुर्वी धूः सचिवेषु निचिक्षिपे"," सन्तानार्थाय विधये स्वभुजादवतारिता।# तेन धूर्जगतो गुर्वी सचिवेषु निचिक्षिपे।।"
"अथ अभ्यर्च्य विधातारम् प्रयतौ पुत्रकाम्यया तौ दम्-पती वसिष्ठस्य गुरोः जग्मतुः आश्रमम्","अथ पुत्रकाम्यया प्रयतौ तौ दम्-पती विधातारम् अभ्यर्च्य गुरोः वसिष्ठस्य आश्रमम् जग्मतुः"," अथाभ्यर्च्य विधातारं प्रयतौ पुत्रकाम्यया।# तौ दम्पती वसिष्ठस्य गुरोर्जग्मतुराश्रमम्।।"
"स्निग्ध-गम्भीर-निर्घोषम् एकम् स्यन्दनम् प्रावृषेण्यं पयोवाहं विद्युत्-ऐरावतौ-इव आस्थितौ (तौ) (जग्मतुः)","स्निग्ध-गम्भीर-निर्घोषम् एकम् स्यन्दनम् प्रावृषेण्यं पयोवाहं विद्युत्-ऐरावतौ-इव आस्थितौ (तौ) (जग्मतुः)"," स्निग्धगम्भीरनिर्घोषमेकं स्यन्दनमास्थितौ।# प्रावृषेण्यं पयोवाहं विद्युदैरावताविव।।"
"मा भूत् आश्रम-पीडा इति (चिन्तयित्वा) परिमेयपुरः-सरौ अनुभाव-विशेषात् तु सेना-परिवृतौ इव (तौ) (जग्मतुः) (स्तिथौ)","आश्रम-पीडा मा भूत् इति (चिन्तयित्वा) परिमेयपुरः-सरौ अनुभाव-विशेषात् तु सेना-परिवृतौ इव (तौ) (स्तिथौ) (जग्मतुः)"," मा भूदाश्रमपीडेति परिमेयपुरःसरौ।# अनुभावविशेषात्तु सेनापरिवृताविव।।"
"सुख-स्पर्शैः शाल-निर्यास-गन्धिभिः पुष्प-रेणू-उत्किरैः आधूत-वनराजिभिः वातैः सेव्यमानौ (तौ) (जग्मतुः)","सुख-स्पर्शैः शाल-निर्यास-गन्धिभिः पुष्प-रेणू-उत्किरैः आधूत-वनराजिभिः वातैः सेव्यमानौ (तौ) (जग्मतुः)"," सेव्यमानौ सुखस्पर्शैः शालनिर्यासगन्धिभिः।# पुष्परेणूत्किरैर्वातैराधूतवनराजिभिः।।"
"रथ-नेमि-स्वन-उन्मुखैः शिखण्डिभिः द्विधा भिन्नाः मनो-अभिरामाः षड्ज-संवादिनीः केकाः श्रृण्वन्तौ (तौ) (जग्मतुः)","रथ-नेमि-स्वन-उन्मुखैः शिखण्डिभिः द्विधा भिन्नाः मनो-अभिरामाः षड्ज-संवादिनीः केकाः श्रृण्वन्तौ (तौ) (जग्मतुः)"," मनोभिरामाः शृण्वन्तौ रथनेमिस्वनोन्मुखैः।# षड्जसंवादिनीः केका द्विधा भिन्नाः शिखण्डिभिः।।"
"अदूर-उज्झित-वर्त्मसु स्यन्दन-अबद्ध-दृष्टिषु मृग-द्वन्द्वेषु परस्पर-अक्षी-सादृश्यम् पश्यन्तौ (तौ) (जग्मतुः)","अदूर-उज्झित-वर्त्मसु स्यन्दन-अबद्ध-दृष्टिषु मृग-द्वन्द्वेषु परस्पर-अक्षी-सादृश्यम् पश्यन्तौ (तौ) (जग्मतुः)"," परस्पराक्षिसादृश्यमदूरोज्झितवर्त्मसु।# मृगद्वन्द्वेषु पश्यन्तौ स्यन्दनाबद्धदृष्टिषु।।"
"श्रेणी-बन्धात् अ-स्तम्भाम् तोरण-स्रजम् वितन्वद्भिः (इव) कल-निर्ह्रादैः सारसैः क्वचित् उन्मित-आननौ (तौ) (जग्मतुः)","श्रेणी-बन्धात् अ-स्तम्भाम् तोरण-स्रजम् वितन्वद्भिः (इव) कल-निर्ह्रादैः सारसैः क्वचित् उन्मित-आननौ (तौ) (जग्मतुः)"," श्रेणीबन्धाद्वितन्वद्भिरस्तम्भां तोरणस्रजम्।# सारसैः कलनिर्ह्रादैः क्वचिदुन्नमिताननौ।। "
"प्रार्थनासिद्धि-शंसिनः पवनस्य अनुकूलत्वात् तुरग-उत्कीर्णैः रजोभिः अस्पृष्टा-अलकवेष्टनौ (तौ) (जग्मतुः)","प्रार्थनासिद्धि-शंसिनः पवनस्य अनुकूलत्वात् तुरग-उत्कीर्णैः रजोभिः अस्पृष्टा-अलकवेष्टनौ (तौ) (जग्मतुः)"," पवनस्यानुकूलत्वात्प्रार्थनासिद्धिशंसिनः।# रजोभिस्तुरगोत्कीर्णैरस्पृष्टालकवेष्टनौ॥"
"सरसीषु वीचि-विक्षोभ-शीतलम् स्व-निःश्वास-अनुकारिणाम् अरविन्दानाम् आमोदम् उपजिघ्रन्तौ (तौ) (जग्मतुः)","सरसीषु वीचि-विक्षोभ-शीतलम् स्व-निःश्वास-अनुकारिणाम् अरविन्दानाम् आमोदम् उपजिघ्रन्तौ (तौ) (जग्मतुः)"," सरसीष्वरविन्दानां वीचिविक्षोभशीतलम्।# आमोदमुपजिघ्रन्तौ स्वनिःश्वासानुकारिणम्॥"
"आत्म-विसृष्टेषु यूप-चिह्नेषु ग्रामेषु यज्वनाम् अ-मोघाः आशिषः अर्घ्य-अनुपदम् प्रतिगृह्णन्तौ (तौ) (जग्मतुः)","आत्म-विसृष्टेषु यूप-चिह्नेषु ग्रामेषु यज्वनाम् अर्घ्य-अनुपदम् अ-मोघाः आशिषः प्रतिगृह्णन्तौ (तौ) (जग्मतुः)","ग्रामेष्वात्मविसृष्टेषु यूपचिह्नेषु यज्वनाम्।#अमोघाः प्रतिगृह्णन्तावर्घ्यानुपदमाशिषः॥"
"हैयङ्गवीनम् आदाय उपस्थितान् घोष-वृद्धान् वन्यानां मार्ग-शाखिनाम् नामधेयानि पृच्छन्तौ (तौ) (जग्मतुः)","हैयङ्गवीनम् आदाय उपस्थितान् घोष-वृद्धान् वन्यानां मार्ग-शाखिनाम् नामधेयानि पृच्छन्तौ (तौ) (जग्मतुः)","हैयङ्गवीनमादाय घोषवृद्धानुपस्थितान्।#नामधेयानि पृच्छन्तौ वन्यानां मार्गशाखिनाम्॥"
"व्रजतोः शुद्ध-वेषयोः तयोः हिम-निर्मुक्तयोः चित्रा-चन्द्रमसोः-इव योगे सति का अपि अभिख्या आसीत्","व्रजतोः शुद्ध-वेषयोः तयोः हिम-निर्मुक्तयोः चित्रा-चन्द्रमसोः-इव योगे सति का अपि अभिख्या आसीत्","काऽप्यभिख्या तयोरासीद्व्रजतोः शुद्धवेषयोः।#हिमनिर्मुक्तयोर्योगे चित्राचन्द्रमसोरिव॥"
"तत् तत् भूमि-पतिः बुध-उपमः पत्न्यै प्रिय-दर्शनः अध्वानम् दर्शयन् अपि न बुबुधे लङ्घितम्","प्रिय-दर्शनः बुध-उपमः भूमि-पतिः तत् तत् पत्न्यै दर्शयन् लङ्घितम् अध्वानम् अपि न बुबुधे","तत्तद्भूमिपतिः पत्न्यै दर्शयन्प्रियदर्शनः।#अपि लङ्घितमध्वानं बुबुधे न बुधोपमः॥"
"दुष्प्राप-यशाः श्रान्त-वाहनः महिषी-सखः सः सायम् संयमिनः तस्य महर्षेः आश्रमम् प्रापत्","दुष्प्राप-यशाः श्रान्त-वाहनः महिषी-सखः सः सायम् संयमिनः तस्य महर्षेः आश्रमम् प्रापत्","स दुष्प्रापयशाः प्रापदाश्रमं श्रान्तवाहनः।#सायं संयमिनस्तस्य महर्षेर्महिषीसखः॥"
"वनान्तरात् उपावृत्तैः समित्-कुश-फल-आहरैः अदृश्य-अग्नि-प्रत्युद्यातैः तपस्विभिः पूर्यमाणम् (आश्रमम्) (प्रापत्) (सः)","वनान्तरात् उपावृत्तैः समित्-कुश-फल-आहरैः अदृश्य-अग्नि-प्रत्युद्यातैः तपस्विभिः पूर्यमाणम् (आश्रमम्) (सः) (प्रापत्)","वनान्तरादुपावृत्तैः समित्कुशफलाहरैः।#पूर्यमाणमदृश्याग्निप्रत्युद्यातैस्तपस्विभिः॥"
"नीवार-भागधेय-उचितैः उटज-द्वार-रोधिभिः मृगैः ऋषि-पत्नीनाम् अपत्यैः-इव आकीर्णम् (आश्रमम्) (प्रापत्) (सः)","नीवार-भागधेय-उचितैः उटज-द्वार-रोधिभिः ऋषि-पत्नीनाम् अपत्यैः-इव मृगैः आकीर्णम् (आश्रमम्) (सः) (प्रापत्)","आकीर्णमृषिपत्नीनामुटजद्वाररोधिभिः।#अपत्यैरिव नीवारभागधेयोचितैर्मृगैः॥"
"सेक-अन्ते मुनि-कन्याभिः तत्क्षण-उज्झित-वृक्षकम् विश्वासाय विहङ्गानाम् आलवाल-अम्बु-पायिनाम् (आश्रमम्) (सः) (प्रापत्)","मुनि-कन्याभिः तत्क्षण-सेक-अन्ते आलवाल-अम्बु-पायिनाम् विहङ्गानाम् विश्वासाय उज्झित-वृक्षकम् (आश्रमम्) (सः) (प्रापत्)","सेकान्ते मुनिकन्याभिस्तत्क्षणोज्झितवृक्षकम्।#विश्वासाय विहङ्गानामालवालाम्बुपायिनाम्॥"
"आतप​-अत्यय-संक्षित्प​-नीवारासु निषादिभिः मृगैः वर्तित-रोमन्थम् उटज-अङ्गनभूमिषु (आश्रमं) (सः) (प्रापत्)","आतप​-अत्यय-संक्षित्प​-नीवारासु उटज-अङ्गनभूमिषु निषादिभिः मृगैः वर्तित-रोमन्थम् (आश्रमं) (सः) (प्रापत्)","आतपात्ययसंक्षिप्तनीवारासु निषादिभिः।#मृगैर्वर्तितरोमन्थमुटजाङ्गनभूमिषु॥"
"अभ्युत्थित-अग्नि-पिशुनैः अतिथीन् आश्रम-उन्मुखान् पुनानम् पवन-उद्धूतैः धूमैः आहुति-गन्धिभिः (आश्रमं) (प्रापत्) (सः)","अभ्युत्थित-अग्नि-पिशुनैः पवन-उद्धूतैः आहुति-गन्धिभिः धूमैः आश्रम-उन्मुखान् अतिथीन् पुनानम् (आश्रमं) (सः) (प्रापत्)","अभ्युत्थिताग्निपिशुनैरतिथीनाश्रमोन्मुखान्।#पुनानं पवनोद्धूतैर्धूमैराहुतिगन्धिभिः॥"
"अथ सः यन्तारम् धुर्यान् विश्रामय इति आदिश्य ताम् पत्नीम् रथात् अवारोहयत् अवततार च","अथ सः यन्तारम् धुर्यान् विश्रामय इति आदिश्य ताम् पत्नीम् रथात् अवारोहयत् अवततार च","अथ यन्तारमादिश्य धुर्यान्विश्रामयेति सः।#तामवारोहयत्पत्नीं रथादवततार च॥"
"तस्मै सभ्याः सभार्याय गोप्त्रे गुप्ततम-इन्द्रियाः अर्हणाम् अर्हते चक्रुः मुनयः नय-चक्षुषे","सभ्याः गुप्ततम-इन्द्रियाः मुनयः गोप्त्रे नय-चक्षुषे अर्हते सभार्याय तस्मै अर्हणाम् चक्रुः","तस्मै सभ्याः सभार्याय गोप्त्रे गुप्ततमेन्द्रियाः।#अर्हणामर्हते चक्रुर्मुनयो नयचक्षुषे॥"
"विधेः सायन्तनस्य अन्ते सः ददर्श तपः-निधिम् अन्वासितम् अरुन्धत्या स्वाहया हवि-भुजम्-इव (वशिष्ठम्) (अन्वासितम्)","सः सायन्तनस्य विधेः अन्ते अरुन्धत्या अन्वासितम् तपः-निधिम् (वशिष्ठम्) स्वाहया (अन्वासितम्) हवि-भुजम्-इव ददर्श","विधेः सायन्तनस्यान्ते स ददर्श तपोनिधिम्।#अन्वासितमरुन्धत्या स्वाहयेव हविर्भुजम्॥"
"तयोः जगृहतुः पादान् राजा राज्ञी च मागधी तौ गुरुः गुरु-पत्नी च प्रीत्या प्रतिननन्दतुः","मागधी राज्ञी राजा च तयोः पादान् जगृहतुः गुरु-पत्नी गुरुः च तौ प्रीत्या प्रतिननन्दतुः","तयोर्जगृहतुः पादान्राजा राज्ञी च मागधी।#तौ गुरुर्गुरुपत्नी च प्रीत्या प्रतिननन्दतुः॥"
"तम् आतिथ्य-क्रिया-शान्त-रथ-क्षोभ-परिश्रमम् पप्रच्छ कुशलम् राज्ये राज्य-आश्रम-मुनिम् मुनिः","मुनिः आतिथ्य-क्रिया-शान्त-रथ-क्षोभ-परिश्रमम् राज्य-आश्रम-मुनिम् तम् राज्ये कुशलम् पप्रच्छ","तमातिथ्यक्रियाशान्तरथक्षोभपरिश्रमम्।#पप्रच्छ कुशलं राज्ये राज्याश्रममुनिं मुनिः॥"
"अथ अथर्व-निधेः तस्य विजित-अरि-पुरः पुरः अर्थ्याम् अर्थ-पतिः वाचम् आददे वदताम् वरः","अथ विजित-अरि-पुरः वदताम् वरः अर्थ-पतिः अथर्व-निधेः तस्य पुरः अर्थ्याम् वाचम् आददे","अथाथर्वनिधेस्तस्य विजितारिपुरः पुरः।#अर्थ्यामर्थपतिर्वाचमाददे वदतां वरः॥"
"उपपन्नम् ननु शिवम् सप्तसु अङ्गेषु यस्य मे (राज्यस्य) दैवीनां मानुषीणां च प्रतिहर्ता त्वम् आपदां (असि)","(राज्यस्य) सप्तसु अङ्गेषु मे शिवम् उपपन्नम् ननु यस्य दैवीनां मानुषीणां च आपदां त्वम् प्रतिहर्ता (असि)","उपपन्नं ननु शिवं सप्तस्वङ्गेषु यस्य मे।#दैवीनां मानुषीणां च प्रतिहर्ता त्वमापदाम्॥"
"तव मन्त्रकृतः मन्त्रैः दूरात् प्राशमित-अरिभिः प्रत्यादिश्यन्ते इव मे दृष्ट-लक्ष्य-भिदः शराः आसन्","दूरात् प्राशमित-अरिभिः मन्त्रकृतः तव मन्त्रैः दृष्ट-लक्ष्य-भिदः मे शराः प्रत्यादिश्यन्ते इव आसन्","तव मन्त्रकृतो मन्त्रैर्दूरात्प्रशमितारिभिः।#प्रत्यादिश्यन्त इव मे दृष्टलक्ष्यभिदः शराः॥"
"हविः आवर्जितं होतः त्वया विधिवत् अग्निषु वृष्टिः भवति सस्यानाम् अवग्रह-विशोषिणाम्","होतः त्वया विधिवत् अग्निषु आवर्जितं हविः अवग्रह-विशोषिणाम् सस्यानाम् वृष्टिः भवति","हविरावर्जितं होतस्त्वया विधिवदग्निषु।#वृष्टिर्भवति सस्यानामवग्रहविशोषिणाम्॥"
"पुरुष-आयुष्य-जीविन्यः निर्-आतङ्काः निर्-ईतयः यत् मदीयाः प्रजाः तस्य हेतुः त्वत्-ब्रह्म-वर्चसं (सन्ति) (भवति) (च)","मदीयाः प्रजाः पुरुष-आयुष्य-जीविन्यः निर्-आतङ्काः निर्-ईतयः (च) (सन्ति) यत् तस्य हेतुः त्वत्-ब्रह्म-वर्चसं (भवति)","पुरुषायुष्यजीविन्यो निरातङ्का निरीतयः।#यन्मदीयाः प्रजास्तस्य हेतुस्त्वद्ब्रह्मवर्चसम्॥"
"त्वया एवं चिन्त्यमानस्य गुरुणा ब्रह्म-योनिना स-अनुबन्धाः कथं न स्युः संपदः मे निर्-आपदः","ब्रह्म-योनिना गुरुणा त्वया एवं चिन्त्यमानस्य निर्-आपदः मे संपदः स-अनुबन्धाः कथं न स्युः","त्वयैवं चिन्त्यमानस्य गुरुणा ब्रह्मयोनिना।#सानुबन्धाः कथं न स्युः संपदो मे निरापदः॥"
"किन्तु वध्वाम् तव एतस्याम् अ-दृष्ट-सदृशप्रजम् न माम् अवति स-द्वीपा रत्नसूः अपि मेदिनी","किन्तु तव एतस्याम् वध्वाम् अ-दृष्ट-सदृशप्रजम् माम् स-द्वीपा अपि रत्नसूः मेदिनी न अवति","किन्तु वध्वां तवैतस्यामदृष्टसदृशप्रजम्।#न मामवति सद्वीपा रत्नसूरपि मेदिनी॥"
"नूनं मत्तः परं वंश्याः पिण्ड-विच्छेद-दर्शिनः स्वधा-संग्रह-तत्पराः श्राद्धे प्रकामभुजः न (भवन्ति)","मत्तः परं पिण्ड-विच्छेद-दर्शिनः वंश्याः स्वधा-संग्रह-तत्पराः श्राद्धे प्रकामभुजः नूनं न (भवन्ति)","नूनं मत्तः परं वंश्याः पिण्डविच्छेददर्शिनः।#न प्रकामभुजः श्राद्धे स्वधासंग्रहतत्पराः॥"
"मत्-परं दुर्लभं मत्वा नूनं आवर्जितं मया पयः पूर्वैः स्व-निःश्वासैः कवोष्णम् उपभुज्यते (पितृतर्पणजलम्)","मत्-परं दुर्लभं (पितृतर्पणजलम्) मत्वा मया आवर्जितं पयः पूर्वैः स्व-निःश्वासैः कवोष्णम् नूनं उपभुज्यते","मत्परं दुर्लभं मत्वा नूनमावर्जितं मया।#पयः पूर्वैः स्वनिःश्वासैः कवोष्णमुपभुज्यते॥"
"इज्या-विशुद्ध-आत्मा प्रजा-लोप-निमीलितः सः अहं लोक-अलोकः अचलः-इव प्रकाशः च अप्रकाशः च (अस्मि)","इज्या-विशुद्ध-आत्मा प्रजा-लोप-निमीलितः सः अहं लोक-अलोकः अचलः-इव प्रकाशः च अप्रकाशः च (अस्मि)","सोऽहमिज्याविशुद्धात्मा प्रजालोपनिमीलितः।#प्रकाशश्चाप्रकाशश्च लोकालोक इवाचलः॥"
"तपः-दान-समुद्भवं पुण्यं लोकान्तर-सुखं (भवति); सन्ततिः शुद्धवंश्या हि परत्र इह च शर्मणे (भवति)","तपः-दान-समुद्भवं पुण्यं लोकान्तर-सुखं (भवति); शुद्धवंश्या सन्ततिः हि इह परत्र च शर्मणे (भवति)","लोकान्तरसुखं पुण्यं तपोदानसमुद्भवम्।#संततिः शुद्धवंश्या हि परत्रेह च शर्मणे॥"
"तया हीनम् विधातः माम् कथम् पश्यन् न दूयसे सिक्तम् स्वयम् स्नेहात् वन्ध्यम् आश्रम-वृक्षकम्-इव (त्वम्)","विधातः तया हीनम् माम् स्नेहात् स्वयम् सिक्तम् वन्ध्यम् आश्रम-वृक्षकम्-इव पश्यन् (त्वम्) कथम् न दूयसे","तया हीनं विधातर्मां कथं पश्यन्न दूयसे।#सिक्तं स्वयमिव स्नेहाद्वन्ध्यमाश्रमवृक्षकम्॥"
"अ-सह्य-पीडं भगवन् ऋणम् अन्त्यम् अवेहि मे अरुन्तुदम् आलानम्-इव अ-निर्वाणस्य दन्तिनः (त्वम्)","भगवन् मे अन्त्यम् ऋणम् अ-निर्वाणस्य दन्तिनः अरुन्तुदम् आलानम्-इव अ-सह्य-पीडं (त्वम्) अवेहि","असह्यपीडं भगवन्नृणमन्त्यमवेहि मे।#अरुन्तुदमिवालानमनिर्वाणस्य दन्तिनः॥"
"तस्मात् मुच्ये यथा तात संविधातुम् तथा अर्हसि (त्वम्); इक्ष्वाकूणाम् दुरापे अर्थे त्वत्-अधीनाः हि सिद्धयः (भवन्ति)","तात तस्मात् यथा मुच्ये तथा संविधातुम् (त्वम्) अर्हसि; हि इक्ष्वाकूणाम् दुरापे अर्थे सिद्धयः त्वत्-अधीनाः (भवन्ति)","तस्मान्मुच्ये यथा तात संविधातुं तथार्हसि।#इक्ष्वाकूणां दुरापेऽर्थे त्वदधीना हि सिद्धयः॥"
"इति विज्ञापितः राज्ञा ध्यान-स्तिमित-लोचनः क्षणमात्रं ऋषिः तस्थौ सुप्तमीनः ह्रदः-इव","इति राज्ञा विज्ञापितः ऋषिः ध्यान-स्तिमित-लोचनः क्षणमात्रं सुप्तमीनः ह्रदः-इव तस्थौ","इति विज्ञापितो राज्ञा ध्यानस्तिमितलोचनः।#क्षणमात्रमृषिस्तस्थौ सुप्तमीन इव ह्रदः॥"
"सः अपश्यत् प्रणिधानेन सन्ततेः स्तम्भ-कारणम् भावित-आत्मा भुवः भर्तुः अथ एनम् प्रत्यबोधयत् (च)","सः भावित-आत्मा भुवः भर्तुः सन्ततेः स्तम्भ-कारणम् प्रणिधानेन अपश्यत् अथ एनम् प्रत्यबोधयत् (च)","सोऽपश्यत्प्रणिधानेन सन्ततेः स्तम्भकारणम्।#भावितात्मा भुवो भर्तुरथैनं प्रत्यबोधयत्॥"
"पुरा शक्रम् उपस्थाय तव उर्वीम् प्रति यास्यतः आसीत् कल्पतरु-छायाम् आश्रिता सुरभिः पथि","पुरा शक्रम् उपस्थाय उर्वीम् प्रति यास्यतः तव पथि कल्पतरु-छायाम् आश्रिता सुरभिः आसीत्","पुरा शक्रमुपस्थाय तवोर्वीं प्रति यास्यतः।#आसीत्कल्पतरुच्छायामाश्रिता सुरभिः पथि॥"
"धर्म-लोप-भयात् राज्ञीम् ॠतु-स्नाताम् इमाम् स्मरन् प्रदक्षिण-क्रिया-अर्हायाम् तस्याम् त्वम् साधु न आचर","ॠतु-स्नाताम् इमाम् राज्ञीम् धर्म-लोप-भयात् स्मरन् प्रदक्षिण-क्रिया-अर्हायाम् तस्याम् त्वम् साधु न आचर","धर्मलोपभयाद्राज्ञीमृतुस्नातामिमां स्मरन्।#प्रदक्षिणक्रियार्हायां तस्यां त्वं साधु नाचरः॥"
"अवजानासि माम् यस्मात् अतः ते न भविष्यति मत्-प्रसूतिम् अनाराध्य प्रजा इति त्वां शशाप सा (त्वम्)","यस्मात् (त्वम्) माम् अवजानासि अतः मत्-प्रसूतिम् अनाराध्य ते प्रजा न भविष्यति इति सा त्वां शशाप","अवजानासि मां यस्मादतस्ते न भविष्यति।#मत्प्रसूतिमनाराध्य प्रजेति त्वां शशाप सा॥"
"सः शापः न त्वया राजन् न च सारथिना श्रुतः नदति आकाश-गङ्गायाः स्रोतसि उद्दाम-दिक्-गजे","राजन् सः शापः त्वया न श्रुतः सारथिना च न उद्दाम-दिक्-गजे आकाश-गङ्गायाः स्रोतसि नदति","स शापो न त्वया राजन्न च सारथिना श्रुतः।#नदत्याकाशगङ्गायाः स्रोतस्युद्दामदिग्गजे॥"
"ईप्सितम् तद्-अवज्ञानात् विद्धि स-अर्गलम् आत्मनः प्रतिबध्नाति हि श्रेयः पूज्य-पूजा-व्यतिक्रमः (भवति) (इति) (त्वम्)","तद्-अवज्ञानात् आत्मनः ईप्सितम् स-अर्गलम् (भवति) (इति) हि (त्वम्) विद्धि पूज्य-पूजा-व्यतिक्रमः श्रेयः प्रतिबध्नाति","ईप्सितं तदवज्ञानाद्विद्धि सार्गलमात्मनः।#प्रतिबध्नाति हि श्रेयः पूज्यपूजाव्यतिक्रमः॥"
"हविषे दीर्घ-सत्रस्य सा च इदानीम् प्रचेतसः भुजङ्ग-पिहित-द्वारम् पातालम् अधितिष्ठति","सा च इदानीम् दीर्घ-सत्रस्य प्रचेतसः हविषे भुजङ्ग-पिहित-द्वारम् पातालम् अधितिष्ठति","हविषे दीर्घसत्रस्य सा चेदानीं प्रचेतसः।#भुजङ्गपिहितद्वारं पातालमधितिष्ठति॥"
"सुताम् तदीयाम् सुरभेः कृत्वा प्रतिनिधिम् शुचिः आराधय सपत्नीकः (त्वम्); सा प्रीता कामदुघा हि (भवति)","तदीयाम् सुताम् सुरभेः प्रतिनिधिम् कृत्वा शुचिः सपत्नीकः (त्वम्) आराधय; हि सा प्रीता कामदुघा (भवति)","सुतां तदीयां सुरभेः कृत्वा प्रतिनिधिं शुचिः।#आराधय सपत्नीकः प्रीता कामदुघा हि सा॥"
"इति वादिनः एव अस्य होतुः आहुति-साधनम् अ-निन्द्या नन्दिनी नाम धेनुः आववृते वनात्","इति वादिनः एव होतुः अस्य आहुति-साधनम् नन्दिनी नाम अ-निन्द्या धेनुः वनात् आववृते","इति वादिन एवास्य होतुराहुतिसाधनम्।#अनिन्द्या नन्दिनी नाम धेनुराववृते वनात्॥"
"ललाट-उदयम् आभुग्नम् पल्लव-स्निग्ध-पाटला बिभ्रती श्वेत-रोम-अङ्कम् सन्ध्या-इव शशिनम् नवम् (धेनुः) (आववृते) (वनात्) (बिभ्रती)","पल्लव-स्निग्ध-पाटला ललाट-उदयम् आभुग्नम् श्वेत-रोम-अङ्कम् बिभ्रती नवम् शशिनम् (बिभ्रती) सन्ध्या-इव (धेनुः) (वनात्) (आववृते)","ललाटोदयमाभुग्नं पल्लवस्निग्धपाटला।#बिभ्रती श्वेतरोमाङ्कं सन्ध्येव शशिनं नवम्॥"
"कोष्णेन अवभृथात् अपि मेध्येन वत्स-आलोक-प्रवर्तिना प्रस्नवेन भुवं अभिवर्षन्ती कुण्ड-ऊध्नी (सा) (वनात्) (आववृते)","कोष्णेन अवभृथात् अपि मेध्येन वत्स-आलोक-प्रवर्तिना प्रस्नवेन भुवं अभिवर्षन्ती कुण्ड-ऊध्नी (सा) (वनात्) (आववृते)","भुवं कोष्णेन कुण्डोध्नी मेध्येनावभृथादपि।#प्रस्रवेनाभिवर्षन्ती वत्सालोकप्रवर्तिना॥"
"रज-कणैः खुर-उद्धूतैः स्पृशद्भिः गात्रं अन्तिकात् तीर्थ-अभिषेक-जां शुद्धिं आदधाना महीक्षितः (नन्दिनी) (वनात्) (आववृते) (स्थितस्य)","खुर-उद्धूतैः रज-कणैः अन्तिकात् (स्थितस्य) महीक्षितः गात्रं स्पृशद्भिः तीर्थ-अभिषेक-जां शुद्धिं आदधाना (नन्दिनी) (वनात्) (आववृते)","रजःकणैः खुरोद्धूतैः स्पृशद्भिर्गात्रमन्तिकात्।#तीर्थाभिषेकजां शुद्धिमादधाना महीक्षितः॥"
"निमित्त-ज्ञः तपो-निधिः पुण्य-दर्शनां तां दृष्ट्वा आशंसित-अवन्ध्य-प्रार्थनं याज्यम् पुनः अब्रवीत्","निमित्त-ज्ञः तपो-निधिः पुण्य-दर्शनां तां दृष्ट्वा आशंसित-अवन्ध्य-प्रार्थनं याज्यम् पुनः अब्रवीत्","तां पुण्यदर्शनां दृष्ट्वा निमित्तज्ञस्तपोनिधिः।#याज्यमाशंसितावन्ध्यप्रार्थनं पुनरब्रवीत्॥"
"अदूर-वर्तिनीम् सिद्धिम् राजन् विगणय आत्मनः (त्वम्); यत् कल्याणी इयं नाम्नि कीर्तिते एव उपस्थिता","राजन् (त्वम्) आत्मनः सिद्धिम् अदूर-वर्तिनीम् विगणय; यत् कल्याणी इयं नाम्नि कीर्तिते एव उपस्थिता","अदूरवर्तिनीं सिद्धिं राजन् विगणयात्मनः।#उपस्थितेयं कल्याणी नाम्नि कीर्तित एव यत्॥"
"वन्य-वृत्तिः (सन्) इमाम् शश्वत् आत्मा-अनुगमनेन विद्यां-इव अभ्यसनेन गाम् प्रसादयितुम् अर्हसि (त्वम्)","वन्य-वृत्तिः (सन्) इमाम् गाम् शश्वत् आत्मा-अनुगमनेन अभ्यसनेन विद्यां-इव प्रसादयितुम् (त्वम्) अर्हसि","वन्यवृत्तिरिमां शश्वदात्मानुगमनेन गाम्।#विद्यामभ्यसनेनेव प्रसादयितुमर्हसि॥"
"(अस्यां) प्रस्थितायां प्रतिष्ठेथाः (त्वम्); स्थितायां स्थितिम् आचरेः (अस्यां) (त्वम्); (अस्यां) निषण्णायां (त्वम्) निषीद; पीत-अम्भसि अपः पिबेः (त्वम्) (अस्यां)","(अस्यां) प्रस्थितायां (त्वम्) प्रतिष्ठेथाः; (अस्यां) स्थितायां (त्वम्) स्थितिम् आचरेः; (अस्यां) निषण्णायां (त्वम्) निषीद; (त्वम्) (अस्यां) पीत-अम्भसि अपः पिबेः","प्रस्थितायां प्रतिष्ठेथाः स्थितायां स्थितिमाचरेः।#निषण्णायां निषीदास्यां पीताम्भसि पिबेरपः॥"
"वधूः भक्तिमती च एनाम् अर्चिताम् आङ्-तपोवनात् प्रयता प्रातः अन्वेतु सायम् प्रत्युद्व्रजेत् अपि (वधूः)","वधूः भक्तिमती प्रयता च अर्चिताम् एनाम् प्रातः आङ्-तपोवनात् अन्वेतु सायम् अपि (वधूः) प्रत्युद्व्रजेत्","वधूर्भक्तिमती चैनामर्चितामा तपोवनात्।#प्रयता प्रातरन्वेतु सायं प्रत्युद्व्रजेदपि॥"
"इति आङ्-प्रसादात् अस्याः त्वम् परिचर्या-परः भव अ-विघ्नम् अस्तु ते स्थेयाः पिता इव धुरि पुत्रिणाम् (त्वम्)","इति त्वम् आङ्-प्रसादात् अस्याः परिचर्या-परः भव ते अ-विघ्नम् अस्तु पिता इव पुत्रिणाम् धुरि (त्वम्) स्थेयाः","इत्याप्रसादादस्यास्त्वं परिचर्यापरो भव।#अविघ्नमस्तु ते स्थेयाः पितेव धुरि पुत्रिणाम्॥"
"तथा इति प्रतिजग्राह प्रीतिमान् स-परिग्रहः आदेशं देश-काल-ज्ञः शिष्यः शासितुः आनतः","देश-काल-ज्ञः प्रीतिमान् शिष्यः स-परिग्रहः आनतः शासितुः आदेशं तथा इति प्रतिजग्राह","तथेति प्रतिजग्राह प्रीतिमान्सपरिग्रहः।#आदेशं देशकालज्ञः शिष्यः शासितुरानतः॥"
"अथ प्रदोषे दोष-ज्ञः संवेशाय विशां पतिम् सूनुः सूनृत-वाक् स्रष्टुः विससर्ज ऊर्जित-श्रियम्","अथ प्रदोषे दोष-ज्ञः सूनृत-वाक् स्रष्टुः सूनुः ऊर्जित-श्रियम् विशां पतिम् संवेशाय विससर्ज","अथ प्रदोषे दोषज्ञः संवेशाय विशांपतिम्।#सूनुः सूनृतवाक्स्रष्टुर्विससर्जोर्जितश्रियम्॥"
"सत्याम् अपि तपः-सिद्धौ नियम-अपेक्षया मुनिः कल्प-वित् कल्पयामास वन्याम् एव अस्य संविधाम्","कल्प-वित् मुनिः तपः-सिद्धौ सत्याम् अपि नियम-अपेक्षया अस्य वन्याम् एव संविधाम् कल्पयामास","सत्यामपि तपःसिद्धौ नियमापेक्षया मुनिः।#कल्पवित्कल्पयामास वन्यामेवास्य संविधाम्॥"
"निर्दिष्टाम् कुल-पतिना सः पर्ण-शालाम् अध्यास्य प्रयत-परिग्रहद्वितीयः तत्-शिष्य-अध्ययन-निवेदित-अवसानाम् संविष्टः कुश-शयने निशाम् निनाय","प्रयत-परिग्रहद्वितीयः सः कुल-पतिना निर्दिष्टाम् पर्ण-शालाम् अध्यास्य कुश-शयने संविष्टः तत्-शिष्य-अध्ययन-निवेदित-अवसानाम् निशाम् निनाय","निर्दिष्टां कुलपतिना स पर्णशाला-मध्यास्य प्रयतपरिग्रहद्वितीयः।#तच्छिष्याध्ययननिवेदितावसानां संविष्टः कुशशयने निशां निनाय॥"
"अथ प्रजानाम् अधिपः प्रभाते जाया-प्रतिग्राहित-गन्ध-माल्याम् वनाय पीत-प्रतिबद्ध-वत्साम् यशः-धनः धेनुम् ऋषेः मुमोच","अथ यशः-धनः प्रजानाम् अधिपः प्रभाते जाया-प्रतिग्राहित-गन्ध-माल्याम् पीत-प्रतिबद्ध-वत्साम् ऋषेः धेनुम् वनाय मुमोच","अथ प्रजानामधिपः प्रभाते जायाप्रतिग्राहितगन्धमाल्याम्।#वनाय पीतप्रतिबद्धवत्सां यशोधनो धेनुमृषेर्मुमोच॥"
"तस्याः खुर-न्यास-पवित्र-पांसुम् अ-पांसुलानाम् धुरि कीर्तनीया मार्गम् मनुष्य-ईश्वर-धर्म-पत्नी श्रुतेः अर्थम्-इव स्मृतिः अन्वगच्छत्","अ-पांसुलानाम् धुरि कीर्तनीया मनुष्य-ईश्वर-धर्म-पत्नी खुर-न्यास-पवित्र-पांसुम् तस्याः मार्गम् स्मृतिः श्रुतेः अर्थम्-इव अन्वगच्छत्","तस्याः खुरन्यासपवित्रपांसुमपांसुलानां धुरि कीर्तनीया।#मार्गं मनुष्येश्वरधर्मपत्नी श्रुतेरिवार्थं स्मृतिरन्वगच्छत्॥"
"निवर्त्य राजा दयिताम् दयालुः ताम् सौरभेयीम् सुरभिः यशोभिः पयो-धरी-भूत-चतुः-समुद्राम् जुगोप गो-रूपधराम् उर्वीम्-इव","दयालुः यशोभिः सुरभिः राजा दयिताम् ताम् निवर्त्य सौरभेयीम् पयो-धरी-भूत-चतुः-समुद्राम् गो-रूपधराम् उर्वीम्-इव जुगोप","निवर्त्य राजा दयितां दयालुस्तां सौरभेयीं सुरभिर्यशोभिः।#पयोधरीभूतचतुःसमुद्रां जुगोप गोरूपधरामिवोर्वीम्॥"
"व्रताय तेन अनुचरेण धेनोः न्यषेधि शेषः अपि अनुयायि-वर्गः; न च अन्यतः तस्य शरीर-रक्षा (भवति); स्व-वीर्य-गुप्ता हि मनोः प्रसूतिः (भवति)","व्रताय धेनोः अनुचरेण तेन शेषः अपि अनुयायि-वर्गः न्यषेधि; तस्य शरीर-रक्षा अन्यतः न च (भवति); हि मनोः प्रसूतिः स्व-वीर्य-गुप्ता (भवति)","व्रताय तेनानुचरेण धेनोर्न्यषेधि शेषोऽप्यनुयायिवर्गः।#न चान्यतस्तस्य शरीररक्षा स्ववीर्यगुप्ता हि मनोःप्रसूतिः॥"
"आस्वादवद्भिः कवलैः तृणानाम् कण्डूयनैः दंश-निवारणैः च अ-व्याहतैः स्वैर-गतैः सः तस्याः सम्राट् समाराधन-तत्परः अभूत्","सम्राट् सः आस्वादवद्भिः तृणानाम् कवलैः कण्डूयनैः दंश-निवारणैः अ-व्याहतैः स्वैर-गतैः च तस्याः समाराधन-तत्परः अभूत्","आस्वादवद्भिः कवलैस्तृणानां कण्डूयनैर्दंशनिवारणैश्च।#अव्याहतैः स्वैरगतैः स तस्याः सम्राट् समाराधनतत्परोऽभूत्॥"
"स्थितः स्थिताम् उच्चलितः प्रयाताम् निषेदुषीम् आसन-बन्ध-धीरः जल-अभिलाषी जलम् आ-ददानाम् छाया-इव ताम् भूपतिः अन्वगच्छत्","भूपतिः ताम् स्थिताम् स्थितः प्रयाताम् उच्चलितः निषेदुषीम् आसन-बन्ध-धीरः जलम् आ-ददानाम् जल-अभिलाषी छाया-इव अन्वगच्छत्","स्थितः स्थितामुच्चलितः प्रयातां निषेदुषीमासनबन्धधीरः।#जलाभिलाषी जलमाददानां छायेव तां भूपतिरन्वगच्छत्॥"
"सः न्यस्त-चिह्नाम् अपि राजलक्ष्मीम् तेज-विशेषः-अनुमिताम् दधानः आसीत् अनाविष्कृत-दान-राजिः अन्तः-मद-अवस्थः द्विप-इन्द्रः-इव","न्यस्त-चिह्नाम् अपि तेज-विशेषः-अनुमिताम् राजलक्ष्मीम् दधानः सः अनाविष्कृत-दान-राजिः अन्तः-मद-अवस्थः द्विप-इन्द्रः-इव आसीत्","स न्यस्तचिह्नामपि राजलक्ष्मीं तेजोविशेषानुमितां दधानः।#आसीदनाविष्कृतदानराजिरन्तर्मदावस्थ इव द्विपेन्द्रः॥"
"लता-प्रतानोत्-ग्रथितैः सः केशैः अधिज्य-धन्वा वि_चचार दावम् रक्षा-अपदेशात् मुनि-होम-धेनोः वन्यान् वि-नेष्यन् इव दुष्ट-सत्त्वान् सन्","लता-प्रतानोत्-ग्रथितैः केशैः सः अधिज्य-धन्वा सन् मुनि-होम-धेनोः रक्षा-अपदेशात् वन्यान् दुष्ट-सत्त्वान् वि-नेष्यन् इव दावम् वि_चचार","लताप्रतानोद्ग्रथितैः स केशैरधिज्यधन्वा विचचार दावम्।#रक्षापदेशान्मुनिहोमधेनोर्वन्यान्विनेष्यन्निव दुष्टसत्त्वान्॥"
"विसृष्ट-पार्श्व-अनुचरस्य तस्य पार्श्व-द्रुमाः पाशभृता समस्य उदीरयामासुः इव उन्मदानां आलोकशब्दम् वयसां विरावैः","विसृष्ट-पार्श्व-अनुचरस्य पाशभृता समस्य तस्य पार्श्व-द्रुमाः उन्मदानां वयसां विरावैः आलोकशब्दम् उदीरयामासुः इव","विसृष्टपार्श्वानुचरस्य तस्य पार्श्वद्रुमाः पाशभृता समस्य।#उदीरयामासुरिवोन्मदानामालोकशब्दं वयसां विरावैः॥"
"मरुत्-प्रयुक्ताः च मरुत्सखाभम् तम् अर्च्यम् आरात् अभिवर्तमानम् अवाकिरन् बाललताः प्रसूनैः आचार-लाजैः-इव पौरकन्याः","मरुत्-प्रयुक्ताः बाललताः च आरात् अभिवर्तमानम् मरुत्सखाभम् अर्च्यम् तम् प्रसूनैः पौरकन्याः आचार-लाजैः-इव अवाकिरन्","मरुत्प्रयुक्ताश्च मरुत्सखाभं तमर्च्यमारादभिवर्तमानम्।#अवाकिरन्बाललताः प्रसूनैराचारलाजैरिव पौरकन्याः॥"
"धनुस्-भृतः अपि अस्य विशङ्कैः अन्तः-करणैः दया-आर्द्र-भावम् आख्यातं वपुः विलोकयन्त्यः हरिण्यः अक्ष्णाम् प्रकाम-विस्तार-फलम् आपुः","धनुस्-भृतः अपि अस्य विशङ्कैः अन्तः-करणैः दया-आर्द्र-भावम् आख्यातं वपुः विलोकयन्त्यः हरिण्यः अक्ष्णाम् प्रकाम-विस्तार-फलम् आपुः","धनुर्भृतोऽप्यस्य दयार्द्रभावमाख्यातमन्तःकरणैर्विशङ्कैः।#विलोकयन्त्यो वपुरापुरक्ष्णां प्रकामविस्तारफलं हरिण्यः॥"
"सः मारुत-पूर्ण-रन्ध्रैः कूजद्भिः कीचकैः आपादित-वंश-कृत्यम् कुञ्जेषु वन-देवताभिः उच्चैः उद्गीयमानम् स्व यशः शुश्राव","सः कीचकैः मारुत-पूर्ण-रन्ध्रैः कूजद्भिः आपादित-वंश-कृत्यम् शुश्राव कुञ्जेषु यशः स्व उच्चैः उद्गीयमानम् वन-देवताभिः","स कीचकैर्मारुतपूर्णरन्ध्रैः कूजद्भिरापादितवंशकृत्यम्।#शुश्राव कुञ्जेषु यशः स्वमुच्चैरुद्गीयमानं वनदेवताभिः॥"
"गिरि-निर्झराणाम् तुषारैः पृक्तः अनोकहा-कम्पित-पुष्पगन्धी पवनः अन-आतपत्रम् आतप-क्लान्तम् आचार-पूतं तं सिषेवे","गिरि-निर्झराणाम् तुषारैः पृक्तः अनोकहा-कम्पित-पुष्पगन्धी पवनः अन-आतपत्रम् आतप-क्लान्तम् आचार-पूतं तं सिषेवे","पृक्तस्तुषारैर्गिरिनिर्झराणामनोकहाकम्पितपुष्पगन्धी।#तमातपक्लान्तमनातपत्रमाचारपूतं पवनो सिषेवे॥"
"तस्मिन् गोप्तरि वनम् गाहमाने वृष्टि विना अपि दवाग्निः शशाम; फल-पुष्प-वृद्धिः विशेषा आसीत्; सत्त्वेषु अधिकः ऊनं न बबाधे","गोप्तरि तस्मिन् वनम् गाहमाने वृष्टि विना अपि दवाग्निः शशाम; फल-पुष्प-वृद्धिः विशेषा आसीत्; सत्त्वेषु अधिकः ऊनं न बबाधे","शशाम वृष्ट्यापि विना दवाग्निरासीद्विशेषा फलपुष्पवृद्धिः।#ऊनं न सत्त्वेष्वधिको बबाधे तस्मिन्वनं गोप्तरि गाहमाने॥"
"सञ्चार-पूतानि दिक्-अन्तराणि कृत्वा दिन-आन्ते निलयाय गन्तुम् प्रचक्रमे पल्लव-राग-ताम्रा प्रभा पतङ्गस्य मुनेः च धेनुः","पल्लव-राग-ताम्रा पतङ्गस्य प्रभा मुनेः धेनुः च दिक्-अन्तराणि सञ्चार-पूतानि कृत्वा दिन-आन्ते निलयाय गन्तुम् प्रचक्रमे","संचारपूतानि दिगन्तराणि कृत्वा दिनान्ते निलयाय गन्तुम्।#प्रचक्रमे पल्लवरागताम्रा प्रभा पतङ्गस्य मुनेश्च धेनुः॥"
"ताम् देवता-पितृ-अतिथि-क्रिया-अर्थाम् अन्वक् ययौ मध्यम-लोक-पालः; बभौ च सा तेन सताम् मतेन श्रद्धा-इव साक्षात् विधिना उपपन्ना (उपपन्ना)","मध्यम-लोक-पालः देवता-पितृ-अतिथि-क्रिया-अर्थाम् ताम् अन्वक् ययौ; सताम् मतेन तेन उपपन्ना सा विधिना (उपपन्ना) साक्षात् श्रद्धा-इव बभौ च","तां देवतापित्रतिथिक्रियार्थामन्वग्ययौ मध्यमलोकपालः।#बभौ च सा तेन सतां मतेन श्रद्धेव साक्षाद्विधिनोपपन्ना॥"
"सः पल्वल-उत्तीर्ण-वराह-यूथानि आवास-वृक्ष-उन्मुख-बर्हिणानि ययौ मृग-अध्यासित-शाद्वलानि श्यामायमानानि वनानि पश्यन्","सः पल्वल-उत्तीर्ण-वराह-यूथानि आवास-वृक्ष-उन्मुख-बर्हिणानि मृग-अध्यासित-शाद्वलानि श्यामायमानानि वनानि पश्यन् ययौ","स पल्वलोत्तीर्णवराहयूथान्यावासवृक्षोन्मुखबर्हिणानि।#ययौ मृगाध्यासितशाद्वलानि श्यामायमानानि वनानि पश्यन्॥"
"आपीन-भार-उद्वहन-प्रयत्नात् गृष्टिः गुरुत्वात् (च) वपुषः नरेन्द्रः (च) उभौ अलञ्चक्रतुः अञ्चिताभ्याम् तपः-वन-आवृत्ति-पथम् गताभ्याम्","गृष्टिः नरेन्द्रः उभौ (च) आपीन-भार-उद्वहन-प्रयत्नात् वपुषः गुरुत्वात् (च) अञ्चिताभ्याम् गताभ्याम् तपः-वन-आवृत्ति-पथम् अलञ्चक्रतुः","आपीनभारोद्वहनप्रयत्नाद्गृष्टिर्गुरुत्वाद्वपुषो नरेन्द्रः।#उभावलञ्चक्रतुरञ्चिताभ्यां तपोवनावृत्तिपथं गताभ्याम्॥"
"वसिष्ठ-धेनोः अनुयायिनम् तम् आवर्तम्-आनम् वन-अन्तात् वनिता निमेष-अलस-पक्ष्म-पङ्क्तिः उपोषिताभ्याम् इव लोचनाभ्याम् पपौ","वसिष्ठ-धेनोः अनुयायिनम् वन-अन्तात् आवर्तम्-आनम् तम् वनिता निमेष-अलस-पक्ष्म-पङ्क्तिः लोचनाभ्याम् उपोषिताभ्याम् इव पपौ","वसिष्ठधेनोरनुयायिनं तमावर्तमानं वनिता वनान्तात्।#पपौ निमेषालसपक्ष्मपङ्क्तिरुपोषिताभ्यामिव लोचनाभ्याम्॥"
"पुरस्कृता वर्त्मनि पार्थिवेन प्रति-उद्गता पार्थिव-धर्म-पत्न्या तत्-अन्तरे सा रराज धेनुः दिन-क्षपा-मध्य-गता सन्ध्या-इव","वर्त्मनि पार्थिवेन पुरस्कृता पार्थिव-धर्म-पत्न्या प्रति-उद्गता सा धेनुः तत्-अन्तरे दिन-क्षपा-मध्य-गता सन्ध्या-इव रराज","पुरस्कृता वर्त्मनि पार्थिवेन प्रत्युद्गता पार्थिवधर्मपत्न्या।#तदन्तरे सा विरराज धेनुर्दिनक्षपामध्यगतेव सन्ध्या॥"
"प्रदक्षिणी-कृत्य पयस्विनीम् ताम् सुदक्षिणा सा अक्षत-पात्र-हस्ता प्रणम्य च आनर्च विशालम् अस्याः शृङ्ग-अन्तरम् द्वारम् इव अर्थ-सिद्धेः","सा अक्षत-पात्र-हस्ता सुदक्षिणा ताम् पयस्विनीम् प्रदक्षिणी-कृत्य प्रणम्य च अस्याः विशालम् शृङ्ग-अन्तरम् अर्थ-सिद्धेः द्वारम् इव आनर्च","प्रदक्षिणीकृत्य पयस्विनीं तां सुदक्षिणा साक्षतपात्रहस्ता।#प्रणम्य चानर्च विशालमस्याः शृङ्गान्तरं द्वारमिवार्थसिद्धेः॥"
"वत्स-उत्सुका अपि स्तिमिता (सती) सपर्याम् प्रत्यग्रहीत् सा; इति ननन्दतुः तौ; भक्त्या उपपन्नेषु तत्-विधानाम् प्रसाद-चिह्नानि पुरः-फलानि हि (भूयते)","सा वत्स-उत्सुका अपि स्तिमिता (सती) सपर्याम् प्रत्यग्रहीत्; इति तौ ननन्दतुः; भक्त्या उपपन्नेषु तत्-विधानाम् प्रसाद-चिह्नानि पुरः-फलानि (भूयते) हि","वत्सोत्सुकापि स्तिमिता सपर्यां प्रत्यग्रहीत्सेति ननन्दतुस्तौ।#भक्त्योपपन्नेषु हि तद्विधानां प्रसादचिह्नानि पुरःफलानि॥"
"गुरोः स-दारस्य निपीड्य पादौ समाप्य सान्ध्यम् च विधिम् दिलीपः दोह-अवसाने पुनः एव दोग्ध्रीम् भेजे भुज-उच्छिन्न-रिपुः निषण्णाम्","भुज-उच्छिन्न-रिपुः दिलीपः स-दारस्य गुरोः पादौ निपीड्य सान्ध्यम् विधिम् च समाप्य दोह-अवसाने निषण्णाम् दोग्ध्रीम् पुनः एव भेजे","गुरोः सदारस्य निपीड्य पादौ समाप्य सान्ध्यं च विधिं दिलीपः।#दोहावसाने पुनरेव दोग्ध्रीं भेजे भुजोच्छिन्नरिपुर्निषण्णाम्॥"
"ताम् अन्तिक-न्यस्त-बलि-प्रदीपाम् अन्वास्य गोप्ता गृहिणी-सहायः क्रमेण सुप्ताम् अनुसंविवेश सुप्त-उत्थिताम् प्रातः अनूदतिष्ठत् च​","गोप्ता गृहिणी-सहायः अन्तिक-न्यस्त-बलि-प्रदीपाम् ताम् अन्वास्य क्रमेण सुप्ताम् अनुसंविवेश च​ प्रातः सुप्त-उत्थिताम् अनूदतिष्ठत्","तामन्तिकन्यस्तबलिप्रदीपामन्वास्य गोप्ता गृहिणीसहायः।#क्रमेण सुप्तामनुसंविवेश सुप्तोत्थितां प्रातरनूदतिष्ठत्॥"
"इत्थम् व्रतम् धारयतः प्रजा-अर्थम् समम् महिष्या महनीय-कीर्तेः सप्त व्यतीयुः त्रि-गुणानि तस्य दिनानि दीन-उद्धरण-उचितस्य","इत्थम् प्रजा-अर्थम् महिष्या समम् व्रतम् धारयतः महनीय-कीर्तेः दीन-उद्धरण-उचितस्य तस्य त्रि-गुणानि सप्त दिनानि व्यतीयुः","इत्थं व्रतं धारयतः प्रजार्थं समं महिष्या महनीयकीर्तेः।#सप्त व्यतीयुस्त्रिगुणानि तस्य दिनानि दीनोद्धरणोचितस्य॥"
"अन्येद्युः आत्मा-अनुचरस्य भावम् जिज्ञासमाना मुनि-होम-धेनुः गङ्गा-प्रपात-अन्त-विरुढ-शष्पम् गौरी-गुरोः गह्वरम् आविवेश","अन्येद्युः मुनि-होम-धेनुः आत्मा-अनुचरस्य भावम् जिज्ञासमाना गङ्गा-प्रपात-अन्त-विरुढ-शष्पम् गौरी-गुरोः गह्वरम् आविवेश","अन्येद्युरात्मानुचरस्य भावं जिज्ञासमाना मुनिहोमधेनुः।#गङ्गाप्रपातान्तविरूढशष्पं गौरीगुरोर्गह्वरमाविवेश॥"
"नृपेण मनसा अपि अद्रि-शोभा-प्रहित-ईक्षणेन अलक्षित-अभ्युत्पतनः सा सिंहः दुष्प्रधर्षा हिंस्रैः इति प्रसह्य किल ताम् चकर्ष","सा हिंस्रैः मनसा अपि दुष्प्रधर्षा इति अद्रि-शोभा-प्रहित-ईक्षणेन नृपेण अलक्षित-अभ्युत्पतनः सिंहः ताम् प्रसह्य चकर्ष किल","सा दुष्प्रधर्षा मनसाऽपि हिंस्रैरित्यद्रिशोभाप्रहितेक्षणेन।#अलक्षिताभ्युत्पतनो नृपेण प्रसह्य सिंहः किल तां चकर्ष॥"
"तद-इयम् आक्रन्दितम् आर्त-साधोः गुहा-निबद्ध-प्रति-शब्द-दीर्घम् रश्मिषु इव आदाय नग-इन्द्र-सक्तां निवर्तयामास नृपस्य दृष्टिम्","गुहा-निबद्ध-प्रति-शब्द-दीर्घम् तद-इयम् आक्रन्दितम् आर्त-साधोः नृपस्य नग-इन्द्र-सक्तां दृष्टिम् रश्मिषु आदाय इव निवर्तयामास","तदीयमाक्रन्दितमार्तसाधोर्गुहानिबद्धप्रतिशब्ददीर्घम्।#रश्मिष्विवादाय नगेन्द्रसक्तां निवर्तयामास नृपस्य दृष्टिम्॥"
"सः पाटलायां गवि तस्थिवांसं(स्थितवन्तम्) धनुर्धरः केसरिणं ददर्श अधित्यकायाम् धातुमय्यां लोध्र-द्रुमम्-इव सानुमतः प्रफुल्लम्","धनुर्धरः सः पाटलायां गवि तस्थिवांसं(स्थितवन्तम्) केसरिणं सानुमतः धातुमय्यां अधित्यकायाम् प्रफुल्लम् लोध्र-द्रुमम्-इव ददर्श","स पाटलायां गवि तस्थिवांसं धनुर्धरः केसरिणं ददर्श।#अधित्यकायामिव धातुमय्यां लोध्रद्रुमं सानुमतः प्रफुल्लम्॥"
"ततः मृगेन्द्रस्य मृगेन्द्रगामी वधाय वध्यस्य शरं शरण्यः जात-अभिषङ्गः नृपतिः निषङ्गात् उद्धर्तुम् ऐच्छत् प्रसभ-उद्धृत-अरिः","ततः मृगेन्द्रगामी शरण्यः प्रसभ-उद्धृत-अरिः नृपतिः जात-अभिषङ्गः वध्यस्य मृगेन्द्रस्य वधाय निषङ्गात् शरं उद्धर्तुम् ऐच्छत्","ततो मृगेन्द्रस्य मृगेन्द्रगामी वधाय वध्यस्य शरं शरण्यः।#जाताभिषङ्गो नृपतिर्निषङ्गादुद्धर्तुमैच्छत्प्रसभोद्धृतारिः॥"
"वाम-इतरः तस्य करः प्रहर्तुः नख-प्रभा-भूषित-कङ्क-पत्रे सक्त-अङ्गुलिः सायक-पुङ्खे एव चित्र-अर्पित-आरम्भः-इव अवतस्थे (सन्)","प्रहर्तुः तस्य वाम-इतरः करः नख-प्रभा-भूषित-कङ्क-पत्रे सायक-पुङ्खे एव सक्त-अङ्गुलिः (सन्) चित्र-अर्पित-आरम्भः-इव अवतस्थे","वामेतरस्तस्य करः प्रहर्तुर्नखप्रभाभूषितकङ्कपत्रे।#सक्ताङ्गुलिः सायकपुङ्ख एव चित्रार्पितारम्भ इवावतस्थे॥"
"बाहु-प्रतिष्टम्भ-विवृद्ध-मन्युः अभ्यर्णम् आगः-कृतम् अ-स्पृशद्भिः राजा स्वतेजोभिः अदह्यत अन्तः भोगी-इव मन्त्र-औषधि-रुद्ध-वीर्यः","बाहु-प्रतिष्टम्भ-विवृद्ध-मन्युः राजा मन्त्र-औषधि-रुद्ध-वीर्यः भोगी-इव अभ्यर्णम् आगः-कृतम् अ-स्पृशद्भिः स्वतेजोभिः अन्तः अदह्यत","बाहुप्रतिष्टम्भविवृद्धमन्युरभ्यर्णमागस्कृतमस्पृशद्भिः।#राजा स्वतेजोभिरदह्यतान्तर्भोगीव मन्त्रौषधिरुद्धवीर्यः॥"
"तम् आर्य-गृह्यम् निगृहीत-धेनुः मनुष्य-वाचा मनु-वंश-केतुम् विस्माययन् विस्मितम् आत्म-वृत्तौ सिंह-ऊरु-सत्त्वम् निजगाद सिंहः","निगृहीत-धेनुः सिंहः आर्य-गृह्यम् मनु-वंश-केतुम् सिंह-ऊरु-सत्त्वम् आत्म-वृत्तौ विस्मितम् तम् मनुष्य-वाचा विस्माययन् निजगाद","तमार्यगृह्यं निगृहीतधेनुर्मनुष्यवाचा मनुवंशकेतुम्।#विस्माययन्विस्मितमात्मवृत्तौ सिंहोरुसत्त्वं निजगाद सिंहः॥"
"अलं मही-पाल तव श्रमेण (अस्तु); प्रयुक्तम् अस्त्रम् अपि इतः वृथा स्यात् न पादप-उन्मूलन-शक्ति रंहः शिला-उच्चये मूर्च्छति मारुतस्य","(अस्तु) मही-पाल तव श्रमेण अलं; इतः प्रयुक्तम् अपि अस्त्रम् वृथा स्यात् पादप-उन्मूलन-शक्ति मारुतस्य रंहः शिला-उच्चये न मूर्च्छति","अलं महीपाल तव श्रमेण प्रयुक्तमप्यस्त्रमितो वृथा स्यात्।#न पादपोन्मूलनशक्ति रंहः शिलोच्चये मूर्च्छति मारुतस्य॥"
"(त्वम्) कैलास-गौरम् वृषम् आरुरुक्षोः पाद-अर्पण-अनुग्रह-पूत-पृष्ठम् अवेहि माम् किङ्करम् अष्ट-मूर्तेः कुम्भोदरम् नाम निकुम्भ-मित्रम्","कैलास-गौरम् वृषम् आरुरुक्षोः अष्ट-मूर्तेः पाद-अर्पण-अनुग्रह-पूत-पृष्ठम् निकुम्भ-मित्रम् कुम्भोदरम् नाम किङ्करम् माम् (त्वम्) अवेहि","कैलासगौरं वृषमारुरुक्षोः पादार्पणानुग्रहपूतपृष्ठम्।# अवेहि मां किङ्करम् अष्टमूर्तेः कुम्भोदरं नाम निकुम्भमित्रम्॥"
"(त्वम्) अमुं पुरः पश्यसि देवदारुं; पुत्रीकृतः (अस्ति) असौ वृषभध्वजेन यः हेम-कुम्भ-स्तन-निः-सृतानाम् स्कन्दस्य मातुः पयसां रसज्ञः (अस्ति)","(त्वम्) पुरः अमुं देवदारुं पश्यसि; असौ वृषभध्वजेन पुत्रीकृतः (अस्ति) यः स्कन्दस्य मातुः हेम-कुम्भ-स्तन-निः-सृतानाम् पयसां रसज्ञः (अस्ति)","अमुं पुरः पश्यसि देवदारुं पुत्रीकृतोऽसौ वृषभध्वजेन।#यो हेमकुम्भस्तननिःसृतानां स्कन्दस्य मातुः पयसां रसज्ञः॥"
"कण्डूयमानेन कटम् कदाचित् वन्य-द्विपेन उत्-मथिता त्वक् अस्य; अथ एनम् अद्रेः तनया शुशोच सेनान्यम्-इव आलीढम् असुर-अस्त्रैः","कदाचित् कटम् कण्डूयमानेन वन्य-द्विपेन अस्य त्वक् उत्-मथिता; अथ अद्रेः तनया असुर-अस्त्रैः आलीढम् सेनान्यम्-इव एनम् शुशोच","कण्डूयमानेन कटं कदाचिद्वन्यद्विपेनोन्मथिता त्वगस्य।#अथैनमद्रेस्तनया शुशोच सेनान्यमालीढमिवासुरास्त्रैः॥"
"तदा-प्रभृति एव वन-द्विपानाम् त्रास-अर्थम् शूल-भृता अङ्क-आगत-सत्त्व-वृत्ति सिंहत्वम् विधाय अस्मिन् हिम-अद्रि-कुक्षौ अहम् व्यापारितः","तदा-प्रभृति एव वन-द्विपानाम् त्रास-अर्थम् शूल-भृता अङ्क-आगत-सत्त्व-वृत्ति सिंहत्वम् विधाय अस्मिन् हिम-अद्रि-कुक्षौ अहम् व्यापारितः","तदाप्रभृत्येव वनद्विपानां त्रासार्थमस्मिन्नहमद्रिकुक्षौ।#व्यापारितः शूलभृता विधाय सिंहत्वमङ्कागतसत्त्ववृत्ति॥"
"परम्-ईश्वरेण प्रदिष्ट-काला उपस्थिता एषा शोणित-पारणा सुरद्विषः चान्द्रमसी सुधा-इव क्षुधितस्य तस्य मे तृप्त्यै अलम् (अस्ति)","तस्य अलम् एषा क्षुधितस्य तृप्त्यै प्रदिष्ट-काला परम्-ईश्वरेण उपस्थिता शोणित-पारणा मे सुरद्विषः चान्द्रमसी सुधा-इव (अस्ति)","तस्यालमेषा क्षुधितस्य तृप्त्यै प्रदिष्टकाला परमेश्वरेण।#उपस्थिता शोणितपारणा मे सुरद्विषश्चान्द्रमसी सुधेव॥"
"सः त्वम् निवर्तस्व विहाय लज्जाम् गुरोः भवान् दर्शित-शिष्य-भक्तिः (अस्ति); शस्त्रेण रक्ष्यम् यत् अशक्य-रक्ष्यम् न तत् यशः शस्त्र-भृताम् क्षिणोति (अस्ति)","सः त्वम् लज्जाम् विहाय निवर्तस्व भवान् गुरोः दर्शित-शिष्य-भक्तिः (अस्ति); यत् रक्ष्यम् शस्त्रेण अशक्य-रक्ष्यम् (अस्ति) तत् शस्त्र-भृताम् यशः न क्षिणोति","स त्वं निवर्तस्व विहाय लज्जां गुरोर्भवान्दर्शितशिष्यभक्तिः।#शस्त्रेण रक्ष्यं यदशक्यरक्षं न तद्यशः शस्त्रभृतां क्षिणोति॥"
"","","इति प्रगल्भं पुरुषाधिराजो मृगाधिराजस्य वचो निशम्य।#प्रत्याहतास्त्रो गिरिशप्रभावादात्मन्यवज्ञां शिथिलीचकार॥"
"प्रत्यब्रवीत् च तत्-पूर्व-भङ्गे एनम् इषु-प्रयोगे वितथ-प्रयत्नः जडीकृतः त्रि-अम्बक-वीक्षणेन वज्रम् मुमुक्षन् वज्र-पाणिः-इव","तत्-पूर्व-भङ्गे इषु-प्रयोगे वितथ-प्रयत्नः वज्रम् मुमुक्षन् त्रि-अम्बक-वीक्षणेन जडीकृतः वज्र-पाणिः-इव एनम् च प्रत्यब्रवीत्","प्रत्यब्रवीच्चैनमिषुप्रयोगे तत्पूर्वभङ्गे वितथप्रयत्नः।#जडीकृतस्त्र्यम्बकवीक्षणेन वज्रं मुमुक्षन्निव वज्रपाणिः॥"
"संरुद्ध-चेष्टस्य मृग-इन्द्र कामम् हास्यम् वचः तत् यत् अहम् विवक्षुः (अस्ति) (वचः) (अस्मि); अन्तः-गतम् प्राण-भृताम् हि वेद सर्वम् भवान् भावम् अतः अभिधास्ये (अहम्)","मृग-इन्द्र संरुद्ध-चेष्टस्य तत् वचः कामम् हास्यम् (अस्ति) यत् (वचः) अहम् विवक्षुः (अस्मि); हि भवान् प्राण-भृताम् अन्तः-गतम् सर्वम् भावम् वेद अतः (अहम्) अभिधास्ये","संरुद्धचेष्टस्य मृगेन्द्र कामं हास्यं वचस्तद्यदहं विवक्षुः।#अन्तर्गतं प्राणभृतां हि वेद सर्वं भवान्भावमतोऽभिधास्ये॥"
"मान्यः सः मे स्थावर-जङ्गमानां सर्ग-स्थिति-प्रत्यवहार-हेतुः (अस्ति); पुरस्तात् नश्यत् आहित-अग्नेः गुरोः इदं धनम् अपि अन्-उपेक्षणीयम् (अस्ति)","स्थावर-जङ्गमानां सर्ग-स्थिति-प्रत्यवहार-हेतुः सः मे मान्यः (अस्ति); पुरस्तात् नश्यत् इदं आहित-अग्नेः गुरोः धनम् अपि अन्-उपेक्षणीयम् (अस्ति)","मान्यः स मे स्थावरजङ्गमानां सर्गस्थितिप्रत्यवहारहेतुः।#गुरोरपीदं धनमाहिताग्नेर्नश्यत्पुरस्तादनुपेक्षणीयम्॥"
"सः त्वं मदीयेन देहेन शरीर-वृत्तिं निवर्तयितुम् प्रसीद; दिन-अवसान-उत्सुक-बाल-वत्सा महर्षेः इयं धेनुः (त्वया) विसृज्यतां","सः त्वं मदीयेन देहेन शरीर-वृत्तिं निवर्तयितुम् प्रसीद; दिन-अवसान-उत्सुक-बाल-वत्सा महर्षेः इयं धेनुः (त्वया) विसृज्यतां","स त्वं मदीयेन शरीरवृत्तिं देहेन निर्वर्तयितुं प्रसीद।#दिनावसानोत्सुकबालवत्सा विसृज्यतां धेनुरियं महर्षेः॥"
"अथ भूतेश्वर-पार्श्ववर्ती सः (मृगेन्द्रः) गिरि-गह्वराणाम् (गतवान्) अन्धकारं दंष्ट्रा-मयूखैः शकलानि कुर्वन्; किंचित् विहस्य अर्थपतिं भूयः बभाषे (सः)","अथ भूतेश्वर-पार्श्ववर्ती सः (मृगेन्द्रः) गिरि-गह्वराणाम् (गतवान्) अन्धकारं दंष्ट्रा-मयूखैः शकलानि कुर्वन्; किंचित् विहस्य अर्थपतिं भूयः बभाषे (सः)","अथान्धकारं गिरिगह्वराणां दंष्ट्रामयूखैः शकलानि कुर्वन्।#भूयः स भूतेश्वरपार्श्ववर्ती किंचिद्विहस्यार्थपतिं बभाषे॥"
"एक-आतपत्रम् जगतः प्रभुत्वं नवं वयः कान्तम् इदं वपुः च अल्पस्य हेतोः बहु हातुम् इच्छन् विचारमूढः प्रतिभासि मे त्वम्","एक-आतपत्रम् जगतः प्रभुत्वं नवं वयः इदं कान्तम् वपुः च बहु अल्पस्य हेतोः हातुम् इच्छन् त्वम् विचारमूढः मे प्रतिभासि","एकातपत्रं जगतः प्रभुत्वं नवं वयः कान्तमिदं वपुश्च।#अल्पस्य हेतोर्बहु हातुमिच्छन्विचारमूढः प्रतिभासि मे त्वम्॥"
"तव भूत-अनुकम्पा (अस्ति) चेत् त्वत्-अन्ते (सति) इयम् एका गौः स्वस्तिमती भवेत्; प्रजा-नाथ जीवन् पुनः पिता-इव प्रजाः उपप्लवेभ्यः शश्वत् पासि (त्वम्)","तव भूत-अनुकम्पा (अस्ति) चेत् त्वत्-अन्ते (सति) इयम् एका गौः स्वस्तिमती भवेत्; प्रजा-नाथ जीवन् पुनः पिता-इव प्रजाः उपप्लवेभ्यः शश्वत् (त्वम्) पासि","भूतानुकम्पा तव चेदियं गौरेका भवेत्स्वस्तिमती त्वदन्ते।#जीवन्पुनः शश्वदुपप्लवेभ्यः प्रजाः प्रजानाथ पितेव पासि॥"
"अथ (त्वं) एक-धेनोः अपराध-चण्डात् कृशानु-प्रतिमात् गुरोः बिभेषि चेत्; अस्य मन्युः गाः स्पर्शयता भवता विनेतुम् शक्यः कोटिशः घटोध्नीः","अथ (त्वं) एक-धेनोः अपराध-चण्डात् कृशानु-प्रतिमात् गुरोः बिभेषि चेत्; अस्य मन्युः घटोध्नीः कोटिशः गाः स्पर्शयता भवता विनेतुम् शक्यः","अथैकधेनोरपराधचण्डाद्गुरोः कृशानुप्रतिमाद्बिभेषि।#शक्योऽस्य मन्युर्भवता विनेतुं गाः कोटिशः स्पर्शयता घटोध्नीः॥"
"तत् रक्ष कल्याण-परम्पराणां भोक्तारम् ऊर्जस्वलम् आत्म-देहं (त्वम्); मही-तल-स्पर्श-मात्र-भिन्नम् ऋद्धं हि राज्यं पदम् ऐन्द्रम् आहुः","तत् कल्याण-परम्पराणां भोक्तारम् ऊर्जस्वलम् आत्म-देहं (त्वम्) रक्ष; हि ऋद्धं राज्यं मही-तल-स्पर्श-मात्र-भिन्नम् ऐन्द्रम् पदम् आहुः","तद्रक्ष कल्याणपरम्पराणां भोक्तारमूर्जस्वलमात्मदेहम्।#महीतलस्पर्शनमात्रभिन्नमृद्धं हि राज्यं पदमैन्द्रमाहुः॥"
"एतावत् उक्त्वा विरते मृगेन्द्रे प्रतिस्वनेन अस्य गुहा-गतेन शिलोच्चयः अपि क्षिति-पालम् उच्चैः प्रीत्या तम् एव अर्थम् अभाषत इव","मृगेन्द्रे एतावत् उक्त्वा विरते गुहा-गतेन अस्य प्रतिस्वनेन शिलोच्चयः अपि प्रीत्या तम् एव अर्थम् क्षिति-पालम् उच्चैः अभाषत इव","एतावदुक्त्वा विरते मृगेन्द्रे प्रतिस्वनेनास्य गुहागतेन।#शिलोच्चयोऽपि क्षितिपालमुच्चैः प्रीत्या तमेवार्थमभाषतेव॥"
"देव-अनुचरस्य वाचम् निशम्य तद्-अधि-आसित-कातरा-अक्ष्या धेन्वा निरीक्ष्यमाणः सुतराम् दयालुः मनुष्य-देवः पुनः अपि उवाच","देव-अनुचरस्य वाचम् निशम्य तद्-अधि-आसित-कातरा-अक्ष्या धेन्वा निरीक्ष्यमाणः सुतराम् दयालुः मनुष्य-देवः पुनः अपि उवाच","निशम्य देवानुचरस्य वाचं मनुष्यदेवः पुनरप्युवाच।#धेन्वा तदध्यासितकातराक्ष्या निरीक्ष्यमाणः सुतरां दयालुः॥"
"क्षतात् किल त्रायते इति क्षत्रस्य उदग्रः शब्दः भुवनेषु रूढः; राज्येन किम् तत्विपरीतवृत्तेः प्राणैः उपक्रोश-मलीमसैः वा (भवति)","उदग्रः क्षत्रस्य शब्दः क्षतात् त्रायते इति भुवनेषु रूढः किल; तत्विपरीतवृत्तेः राज्येन उपक्रोश-मलीमसैः प्राणैः वा किम् (भवति)","क्षतात्किल त्रायत इत्युदग्रः क्षत्रस्य शब्दो भुवनेषु रूढः।#राज्येन किं तद्विपरीतवृत्तेः प्राणैरुपक्रोशमलीमसैर्वा॥"
"महर्षेः अनुनयः च अन्य-पयस्विनीनाम् विश्राणनात् कथं नु शक्यः; (त्वं) इमाम् सुरभेः अन्-ऊनां अवेहि; अस्याम् त्वया प्रहृतं तु रुद्र-ओजसा (भाव्यम्)","कथं नु शक्यः अनुनयः महर्षेः विश्राणनात् च अन्य-पयस्विनीनाम्; (त्वं) इमाम् अन्-ऊनां सुरभेः अवेहि; रुद्र-ओजसा (भाव्यम्) तु प्रहृतं त्वया अस्याम्","कथं नु शक्योऽनुनयो महर्षेर्विश्राणनाच्चान्यपयस्विनीनाम्।#इमामनूनां सुरभेरवेहि रुद्रौजसा तु प्रहृतं त्वयाऽस्याम्॥"
"सा इयं मया स्व-देह-अर्पण-निष्क्रयेण भवत्तः मोचयितुं न्याय्या; एवं (सति) तव पारणा विहता न स्यात्; मुनेः क्रिया-अर्थः च अ-लुप्तः भवेत्","सा इयं मया स्व-देह-अर्पण-निष्क्रयेण भवत्तः मोचयितुं न्याय्या; एवं (सति) तव पारणा विहता न स्यात्; मुनेः क्रिया-अर्थः च अ-लुप्तः भवेत्","सेयं स्वदेहार्पणनिष्क्रयेण न्याय्या मया मोचयितुं भवत्तः।#न पारणा स्याद्विहता तवैवं भवेदलुप्तश्च मुनेः क्रियार्थः॥"
"तव देवदारौ महान् यत्नः (अस्ति) हि; परवान् भवान् अपि इदम् अवैति; रक्ष्यम् विनाश्य हि स्वयम् अक्षतेन नियोक्तुः अग्रे स्थातुम् न शक्यम् (भूयात्)","तव देवदारौ महान् यत्नः (अस्ति) हि; परवान् भवान् अपि इदम् अवैति; हि रक्ष्यम् विनाश्य स्वयम् अक्षतेन नियोक्तुः अग्रे स्थातुम् शक्यम् न (भूयात्)","भवानपीदं परवानवैति महान्हि यत्नस्तव देवदारौ।#स्थातुं नियोक्तुर्न हि शक्यमग्रे विनाश्य रक्ष्यं स्वयमक्षतेन॥"
"किमपि अहम् तव मतः अ-हिंस्यः (अस्मि) चेत् यशस्-शरीरे (त्वम्) मे दयालुः भव; मत्-विधानाम् एकान्त-विध्वंसिषु भौतिकेषु पिण्डेषु अनास्था (अस्ति) खलु","किमपि अहम् तव अ-हिंस्यः मतः चेत् (अस्मि) मे यशस्-शरीरे दयालुः (त्वम्) भव; मत्-विधानाम् एकान्त-विध्वंसिषु भौतिकेषु पिण्डेषु अनास्था (अस्ति) खलु","किमप्यहिंस्यस्तव चेन्मतोऽहं यशःशरीरे भव मे दयालुः।#एकान्तविध्वंसिषु मद्विधानां पिण्डेष्वनास्था खलु भौतिकेषु॥"
"सम्बन्धम् आभाषण-पूर्वम् आहुः; वृत्तः सः नौ सङ्गतयोः वन-अन्ते; तत् भूत-नाथ-अनुग न अर्हसि त्वम् सम्बन्धिनः मे प्रणयम् विहन्तुम्","सम्बन्धम् आभाषण-पूर्वम् आहुः; सः वन-अन्ते सङ्गतयोः नौ वृत्तः; तत् भूत-नाथ-अनुग त्वम् सम्बन्धिनः मे प्रणयम् विहन्तुम् न अर्हसि","संबन्धमाभाषणपूर्वमाहुर्वृत्तः स नौ संगतयोर्वनान्ते।#तद्भूतनाथानुग नार्हसि त्वं संबन्धिनो मे प्रणयं विहन्तुम्॥"
"तथा इति गाम् उक्तवते हरये सद्यः प्रतिष्टम्भ-विमुक्त-बाहुः सः दिलीपः न्यस्त-शस्त्रः (सन्) स्व-देहम् आमिषस्य पिण्डम् इव उपानयत्","तथा इति गाम् उक्तवते हरये सद्यः प्रतिष्टम्भ-विमुक्त-बाहुः सः दिलीपः न्यस्त-शस्त्रः (सन्) स्व-देहम् आमिषस्य पिण्डम् इव उपानयत्","तथेति गामुक्तवते दिलीपः सद्यः प्रतिष्टम्भविमुक्तबाहुः।#स न्यस्तशस्त्रो हरये स्वदेहमुपानयत्पिण्डमिवामिषस्य॥"
"तस्मिन् क्षणे प्रजानाम् उग्रम् सिंह-निपातम् उत्पश्यतः अवाङ्-मुखस्य पालयितुः उपरि विद्या-धर-हस्त-मुक्ता पुष्प-वृष्टिः पपात","तस्मिन् क्षणे उग्रम् सिंह-निपातम् उत्पश्यतः अवाङ्-मुखस्य प्रजानाम् पालयितुः उपरि विद्या-धर-हस्त-मुक्ता पुष्प-वृष्टिः पपात","तस्मिन्क्षणे पालयितुः प्रजानामुत्पश्यतः सिंहनिपातमुग्रम्।#अवाङ्मुखस्योपरि पुष्पवृष्टिः पपात विद्याधरहस्तमुक्ता॥"
"उत्तिष्ठ वत्स इति अमृतायमानं उत्थितम् वचः निशम्य राजा उत्थितः सन् अग्रतः प्रस्रविणीं गाम् स्वाम् जननीम्-इव ददर्श न सिंहं (ददर्श)","राजा अमृतायमानं उत्थितम् उत्तिष्ठ वत्स इति वचः निशम्य उत्थितः सन् अग्रतः प्रस्रविणीं गाम् स्वाम् जननीम्-इव ददर्श सिंहं न (ददर्श)","उत्तिष्ठ वत्सेत्यमृतायमानं वचो निशम्योत्थितमुत्थितः सन्।#ददर्श राजा जननीमिव स्वां गामग्रतः प्रस्रविणीं न सिंहम्॥"
"तम् विस्मितम् धेनुः उवाच; साधो मायां मया उद्भाव्य परीक्षितः असि (त्वम्); ऋषि-प्रभावात् मयि न अन्तकः अपि प्रभुः प्रहर्तुम् किम् उत अन्यहिंस्राः (अस्ति) (स्युः)","विस्मितम् तम् धेनुः उवाच; साधो मया मायां उद्भाव्य परीक्षितः असि (त्वम्); ऋषि-प्रभावात् मयि अन्तकः अपि प्रहर्तुम् न प्रभुः (अस्ति) अन्यहिंस्राः (स्युः) किम् उत","तं विस्मितं धेनुरुवाच साधो मायां मयोद्भाव्य परीक्षितोऽसि।#ऋषिप्रभावान्मयि नान्तकोऽपि प्रभुः प्रहर्तुं किमुतान्यहिंस्राः॥"
"भक्त्या गुरौ मयि अनुकम्पया च प्रीता अस्मि ते; पुत्र वरम् वृणीष्व; न केवलानां पयसां प्रसूतिम् अवेहि; माम् काम-दुघाम् प्रसन्नाम् (अवेहि)","गुरौ भक्त्या मयि अनुकम्पया च ते प्रीता अस्मि; पुत्र वरम् वृणीष्व; केवलानां पयसां प्रसूतिम् न अवेहि; प्रसन्नाम् माम् काम-दुघाम् (अवेहि)","भक्त्या गुरौ मय्यनुकम्पया च प्रीताऽस्मि ते पुत्र वरं वृणीष्व।#न केवलानां पयसां प्रसूतिमवेहि मां कामदुघां प्रसन्नाम्॥"
"ततः समानीय सः मानिता-अर्थी हस्तौ स्व-हस्त-अर्जित-वीरशब्दः वंशस्य कर्तारम् अनन्त-कीर्तिम् सुदक्षिणायाम् तनयम् ययाचे","ततः मानिता-अर्थी स्व-हस्त-अर्जित-वीरशब्दः सः हस्तौ समानीय वंशस्य कर्तारम् अनन्त-कीर्तिम् तनयम् सुदक्षिणायाम् ययाचे","ततः समानीय स मानितार्थी हस्तौ स्वहस्तार्जितवीरशब्दः।#वंशस्य कर्तारमनन्तकीर्तिं सुदक्षिणायां तनयं ययाचे॥"
"सन्तान-कामाय तथा कामम् राज्ञे प्रतिश्रुत्य पयस्विनी सा इति (अददात्); दुग्ध्वा पयः पत्र-पुटे मदीयम् पुत्र उपभुङ्क्ष्व इति तम् आदिदेश","सा पयस्विनी सन्तान-कामाय राज्ञे तथा इति कामम् प्रतिश्रुत्य (अददात्); पुत्र मदीयम् पयः पत्र-पुटे दुग्ध्वा उपभुङ्क्ष्व इति तम् आदिदेश","सन्तानकामाय तथेति कामं राज्ञे प्रतिश्रुत्य पयस्विनी सा।#दुग्ध्वा पयः पत्रपुटे मदीयं पुत्रोपभुङ्क्ष्वेति तमादिदेश॥"
"वत्सस्य होम-अर्थ-विधेः च शेषम् ऋषेः अनुज्ञाम् अधिगम्य मातः औधस्यम् इच्छामि तव उपभोक्तुम् षष्ठ-अंशम्-इव उर्व्याः रक्षितायाः","मातः वत्सस्य होम-अर्थ-विधेः च शेषम् तव औधस्यम् रक्षितायाः उर्व्याः षष्ठ-अंशम्-इव ऋषेः अनुज्ञाम् अधिगम्य उपभोक्तुम् इच्छामि","वत्सस्य होमार्थविधेश्च शेषमृषेरनुज्ञामधिगम्य मातः।#औधस्यमिच्छामि तवोपभोक्तुं षष्ठांशमुर्व्या इव रक्षितायाः॥"
"इत्थम् क्षितीशेन विज्ञापिता वसिष्ठ-धेनुः प्रीततरा बभूव तत्-अन्विता हैमवतात् च कुक्षेः प्रत्याययौ आश्रमम् अ-श्रमेण (वसिष्ठधेनुः)","इत्थम् क्षितीशेन विज्ञापिता वसिष्ठ-धेनुः प्रीततरा बभूव तत्-अन्विता (वसिष्ठधेनुः) हैमवतात् कुक्षेः अ-श्रमेण आश्रमम् प्रत्याययौ च","इत्थं क्षितीशेन वसिष्ठधेनुर्विज्ञापिता प्रीततरा बभूव।#तदन्विता हैमवताच्च कुक्षेः प्रत्याययावाश्रममश्रमेण॥"
"तस्याः प्रसन्न-इन्दु-मुखः प्रसादं गुरुः नृपाणाम् गुरवे निवेद्य प्रहर्ष-चिह्न-अनुमितम् प्रियायै शशंस वाचा पुनः उक्ता इव","प्रसन्न-इन्दु-मुखः नृपाणाम् गुरुः प्रहर्ष-चिह्न-अनुमितम् तस्याः प्रसादं पुनः उक्ता इव वाचा गुरवे निवेद्य प्रियायै शशंस","तस्याः प्रसन्नेन्दुमुखः प्रसादं गुरुर्नृपाणां गुरवे निवेद्य।#प्रहर्षचिह्नानुमितं प्रियायै शशंस वाचा पुनरुक्तयेव​॥"
"सः नन्दिनी-स्तन्यम् अनिन्दित-आत्मा सत्-वत्सलः वत्स-हुत-अवशेषम् पपौ वसिष्ठेन कृत-अभ्यनुज्ञः शुभ्रम् यशः मूर्तम् इव अति-तृष्णः (सन्)","अनिन्दित-आत्मा सत्-वत्सलः वसिष्ठेन कृत-अभ्यनुज्ञः सः वत्स-हुत-अवशेषम् नन्दिनी-स्तन्यम् शुभ्रम् मूर्तम् यशः इव अति-तृष्णः (सन्) पपौ","स नन्दिनीस्तन्यमनिन्दितात्मा सद्वत्सलो वत्सहुतावशेषम्।#पपौ वसिष्ठेन कृताभ्यनुज्ञः शुभ्रं यशो मूर्तमिवातितृष्णः॥"
"प्रातः यथा-उक्त-व्रत-पारण-अन्तेे प्रास्थानिकं स्वस्त्ययनं प्रयुज्य तौ दंपती स्वां प्रति राजधानीं प्रस्थापयामास वशी वसिष्ठः","वशी वसिष्ठः प्रातः यथा-उक्त-व्रत-पारण-अन्तेे प्रास्थानिकं स्वस्त्ययनं प्रयुज्य तौ दंपती स्वां राजधानीं प्रति प्रस्थापयामास","प्रातर्यथोक्तव्रतपारणान्ते प्रास्थानिकं स्वस्त्ययनं प्रयुज्य।#तौ दंपती स्वां प्रति राजधानीं प्रस्थापयामास वशी वसिष्ठः॥"
"प्रदक्षिणीकृत्य हुतं हुताशम् अनन्तरम् भर्तुः अरुन्धतीम् च धेनुं स-वत्सां च नृपः प्रतस्थे सत्-मङ्गल-उदग्रतर-प्रभावः (सन्)","नृपः हुतं हुताशम् भर्तुः अनन्तरम् अरुन्धतीम् च स-वत्सां धेनुं च प्रदक्षिणीकृत्य सत्-मङ्गल-उदग्रतर-प्रभावः (सन्) प्रतस्थे","प्रदक्षिणीकृत्य हुतं हुताशमनन्तरं भर्तुररुन्धतीं च।#धेनुं सवत्सां च नृपः प्रतस्थे सन्मङ्गलोदग्रतरप्रभावः॥"
"सः सहिष्णुः धर्म-पत्नी-सहितः श्रोत्र-अभिराम-ध्वनिना सुखेन रथेन स्वेन पूर्णेन मनोरथेन इव मार्गं ययौ अन्-उद्घातेन","धर्म-पत्नी-सहितः सहिष्णुः सः श्रोत्र-अभिराम-ध्वनिना अन्-उद्घातेन सुखेन रथेन स्वेन पूर्णेन मनोरथेन इव मार्गं ययौ","श्रोत्राभिरामध्वनिना रथेन स धर्मपत्नीसहितः सहिष्णुः।#ययावनुद्घातसुखेन मार्गं स्वेनेव पूर्णेन मनोरथेन॥"
"अदर्शनेन आहित-औत्सुक्यम् प्रजा-अर्थ-व्रत-कर्शित-अङ्गम् नव-उदयं तम् प्रजाः तृप्तिम् नेत्रैः औषधीनाम् नाथम् इव पपुः अन्-आप्नुवद्भिः","अदर्शनेन आहित-औत्सुक्यम् प्रजा-अर्थ-व्रत-कर्शित-अङ्गम् नव-उदयं प्रजाः तृप्तिम् अन्-आप्नुवद्भिः नेत्रैः औषधीनाम् नाथम् इव तम् पपुः","तमाहितौत्सुक्यमदर्शनेन प्रजाः प्रजार्थव्रतकर्शिताङ्गम्।#नेत्रैः पपुस्तृप्तिमनाप्नुवद्भिर्नवोदयं नाथमिवौषधीनाम्॥"
"पुरन्दरश्रीः पुरम् उत्-पताकं प्रविश्य पौरैः अभि-नन्द्यमानः भुजे भुजङ्ग-इन्द्र-समान-सारे भूयः सः भूमेः धुरम् आससञ्ज","पुरन्दरश्रीः सः पौरैः अभि-नन्द्यमानः उत्-पताकं पुरम् प्रविश्य भुजङ्ग-इन्द्र-समान-सारे भुजे भूयः भूमेः धुरम् आससञ्ज","पुरन्दरश्रीः पुरमुत्पताकं प्रविश्य पौरैरभिनन्द्यमानः।#भुजे भुजङ्गेन्द्रसमानसारे भूयः स भूमेर्धुरमाससञ्ज॥"
"अथ नयन-समुत्थं ज्योतिः अत्रेः द्यौः-इव सुर-सरित्-इव तेजः वह्नि-निष्ठ्यूतम् ऐशम् नर-पति-कुल-भूत्यै गर्भम् राज्ञी गुरुभिः अभिनिविष्टम् लोक-पाल-अनुभावैः आधत्त","अथ द्यौः-इव अत्रेः नयन-समुत्थं ज्योतिः सुर-सरित्-इव वह्नि-निष्ठ्यूतम् ऐशम् तेजः राज्ञी नर-पति-कुल-भूत्यै गुरुभिः लोक-पाल-अनुभावैः अभिनिविष्टम् गर्भम् आधत्त","अथ नयनसमुत्थं ज्योतिरत्रेरिव द्यौः सुरसरिदिव तेजो वह्निनिष्ठ्यूतमैशम्।#नरपतिकुलभूत्यै गर्भमाधत्त राज्ञी गुरुभिरभिनिविष्टं लोकपालानुभावैः॥"
"अथ ईप्सितम् उपस्थित-उदयम् भर्तुः सुदक्षिणा दौहृद-लक्षणम् दधौ सखी-जन-उद्वीक्षण-कौमुदी-मुखम् निदानम् इक्ष्वाकु-कुलस्य सन्ततेः","अथ सुदक्षिणा उपस्थित-उदयम् भर्तुः ईप्सितम् सखी-जन-उद्वीक्षण-कौमुदी-मुखम् इक्ष्वाकु-कुलस्य सन्ततेः निदानम् दौहृद-लक्षणम् दधौ","अथेप्सितं भर्तुरुपस्थितोदयं सखीजनोद्वीक्षणकौमुदीमुखम्।#निदानमिक्ष्वाकुकुलस्य सन्ततेः सुदक्षिणा दौर्हृदलक्षणं दधौ॥"
"शरीर-सादात् अ-समग्र-भूषणा मुखेन सा अलक्ष्यत लोध्र-पाण्डुना तनु-प्रकाशेन विचेय-तारका प्रभात-कल्पा शशिना शर्वरी-इव (उपलक्षिता) (उपलक्षिता) (जनैः)","शरीर-सादात् अ-समग्र-भूषणा लोध्र-पाण्डुना मुखेन (उपलक्षिता) सा विचेय-तारका तनु-प्रकाशेन शशिना (उपलक्षिता) प्रभात-कल्पा शर्वरी-इव (जनैः) अलक्ष्यत","शरीरसादादसमग्रभूषणा मुखेन साऽलक्ष्यत लोध्रपाण्डुना।#तनुप्रकाशेन विचेयतारका प्रभातकल्पा शशिनेव शर्वरी॥"
"तत्-आननम् मृत्-सुरभि क्षिति-ईश्वरः रहसि उपाघ्राय न तृप्तिम् आययौ करी-इव सिक्तम् पृषतैः पय-मुचाम् शुचि-व्यपाये वन-राजि-पल्वलम्","क्षिति-ईश्वरः रहसि मृत्-सुरभि तत्-आननम् उपाघ्राय तृप्तिम् न आययौ शुचि-व्यपाये पय-मुचाम् पृषतैः सिक्तम् वन-राजि-पल्वलम् करी-इव","तदाननं मृत्सुरभि क्षितीश्वरो रहस्युपघ्राय न तृप्तिमाययौ।#करीव सिक्तं पृषतैः पयोमुचां शुचिष्यपाये वनराजिपल्लवम्॥"
"दिवम् मरुत्वान्-इव भोक्ष्यते भुवम् दिक्-अन्त-विश्रान्त-रथः हि तत्-सुतः अतः अभिलाषे प्रथमम् तथा-विधे मनः बबन्ध अन्य-रसान् विलङ्घ्य सा","हि दिक्-अन्त-विश्रान्त-रथः तत्-सुतः मरुत्वान्-दिवम् इव भुवम् भोक्ष्यते अतः प्रथमम् सा तथा-विधे अभिलाषे अन्य-रसान् विलङ्घ्य मनः बबन्ध","दिवं मरुत्वानिव भोक्ष्यते भुवं दिगन्तविश्रान्तरथो हि तत्सुतः।#अतोऽभिलाषे प्रथमं तथाविधे मनो बबन्धान्यरसान्विलङ्घ्य सा॥"
"न मे(माम्) ह्रिया शंसति किञ्चिद् ईप्सितम् (इति) (मागधी); स्पृहावती वस्तुषु केषु मागधी इति स्म पृच्छति अनु-वेलम् आदृतः प्रिया-सखीः उत्तर-कोसल-ईश्वरः (अस्ति)","मे(माम्) किञ्चिद् ईप्सितम् न (इति) (मागधी) ह्रिया शंसति; मागधी केषु वस्तुषु स्पृहावती (अस्ति) इति अनु-वेलम् आदृतः प्रिया-सखीः उत्तर-कोसल-ईश्वरः पृच्छति स्म","न मे ह्रिया शंसति किञ्चिदीप्सितं स्पृहावती वस्तुषु केषु मागधी।#इति स्म पृच्छत्यनुवेलमादृतः प्रियासखीरुत्तरकोसलेश्वरः॥"
"उपेत्य सा दोहद-दुःखशीलताम् यद् एव वव्रे तद् अपश्यत् आहृतम्; न हि इष्टम् अस्य त्रिदिवे अपि भू-पतेः अभूत् अन्-आसाद्यम् अधि-ज्य-धन्वनः","सा दोहद-दुःखशीलताम् उपेत्य यद् वव्रे तद् एव आहृतम् अपश्यत्; अधि-ज्य-धन्वनः अस्य भू-पतेः त्रिदिवे अपि इष्टम् अन्-आसाद्यम् न हि अभूत्","उपेत्य सा दोहददुःखशीलतां यदेव व्रवे तदपश्यदाहृतम्।#न हीष्टमस्य त्रिदिवेऽपि भूपतेरभूदनासाद्यमधिज्यधन्वनः॥"
"क्रमेण निस्तीर्य च दोहद-व्यथाम् प्रचीयमाना-अवयवा रराज सा पुराण-पत्र-अपगमात् अन्-अन्तरम् लता-इव सन्नद्ध-मनोज्ञ-पल्लवा","सा क्रमेण दोहद-व्यथाम् निस्तीर्य प्रचीयमाना-अवयवा रराज पुराण-पत्र-अपगमात् अन्-अन्तरम् सन्नद्ध-मनोज्ञ-पल्लवा लता-इव च","क्रमेण निस्तीर्य च दोहदव्यथां प्रचीयमानावयवा रराज सा।#पुराणपत्रापगमादनन्तरं लतेव सन्नद्धमनोज्ञपल्लवा॥"
"दिनेषु गच्छत्सु नितान्त-पीवरम् तदीयम् आनील-मुखम् स्तन-द्वयम् तिरश्चकार भ्रमर-अभिलीनयोः सुजातयोः पङ्क-ज-कोशयोः श्रियम्","दिनेषु गच्छत्सु नितान्त-पीवरम् आनील-मुखम् तदीयम् स्तन-द्वयम् भ्रमर-अभिलीनयोः सुजातयोः पङ्क-ज-कोशयोः श्रियम् तिरश्चकार","दिनेषु गच्छत्सु नितान्तपीवरं तदीयमानीलमुखं स्तनद्वयम्।#तिरश्चकार भ्रमराभिलीनयोः सुजातयोः पङ्कजकोशयोः श्रियम्॥"
"निधान-गर्भाम् सागर-अम्बराम्-इव शमीम्-इव अभ्यन्तर-लीन-पावकाम् नदीम्-इव अन्तः-सलिलाम् सरस्वतीम् नृपः स-सत्त्वाम् महिषीम् अमन्यत","नृपः स-सत्त्वाम् महिषीम् निधान-गर्भाम् सागर-अम्बराम्-इव अभ्यन्तर-लीन-पावकाम् शमीम्-इव अन्तः-सलिलाम् सरस्वतीम् नदीम्-इव अमन्यत","निधानगर्भामिव सागराम्बरां शमीमिवाभ्यन्तरलीनपावकाम्।#नदीमिवान्तःसलिलां सरस्वतीं नृपः ससत्त्वां महिषीममन्यत॥"
"प्रिया-अनुरागस्य मनः-समुन्नतेः भुज-अर्जितानाम् च दिगन्त-संपदाम् यथा-क्रमम् पुंसवन-आदिकाः क्रियाः धृतेः च धीरः सदृशीः व्यधत्त सः","धीरः सः प्रिया-अनुरागस्य मनः-समुन्नतेः भुज-अर्जितानाम् दिगन्त-संपदाम् च धृतेः च सदृशीः पुंसवन-आदिकाः क्रियाः यथा-क्रमम् व्यधत्त","प्रियानुरागस्य मनःसमुन्नतेर्भुजार्जितानां च दिगन्तसम्पदाम्।#यथाक्रमं पुंसवनादिकाः क्रिया धृतेश्च धीरः सदृशीर्व्यधत्त सः॥"
"सुर-इन्द्र-मात्र-आश्रित-गर्भ-गौरवात् प्रयत्न-मुक्त-आसनया गृह-आगतः तया उपचार-अञ्जलि-खिन्न-हस्तया ननन्द पारिप्लव-नेत्रया नृ-पः","गृह-आगतः नृ-पः सुर-इन्द्र-मात्र-आश्रित-गर्भ-गौरवात् प्रयत्न-मुक्त-आसनया उपचार-अञ्जलि-खिन्न-हस्तया पारिप्लव-नेत्रया तया ननन्द","सुरेन्द्रमात्राश्रितगर्भगौरवात् प्रयत्‍नमुक्तासनया गृहागतः।#तयोपचाराञ्जलिखिन्नहस्तया ननन्द पारिप्लवनेत्रया नृपः॥"
"कुमार-भृत्या-कुशलैः अनुष्ठिते भिषग्भिः आप्तैः अथ गर्भ-भर्मणि पतिः प्रतीतः प्रसव-उन्मुखीम् प्रियाम् ददर्श काले दिवम्-इव अभ्रिताम्","अथ कुमार-भृत्या-कुशलैः आप्तैः भिषग्भिः गर्भ-भर्मणि अनुष्ठिते काले प्रसव-उन्मुखीम् प्रियाम् अभ्रिताम् दिवम्-इव पतिः प्रतीतः ददर्श","कुमारभृत्याकुशलैरनुष्ठिते भिषग्भिराप्तैरथ गर्भभर्मणि।#पतिः प्रतीतः प्रसवोन्मुखीं प्रियां ददर्श काले दिवमभ्रितामिव॥"
"ग्रहैः ततः पञ्चभिः उच्च-संश्रयैः अ-सूर्य-गैः सूचित-भाग्य-सम्पदम् असूत पुत्रम् समये शची-समा त्रि-साधना शक्तिः इव अर्थम् अ-क्षयम् (असूत)","ततः शची-समा समये उच्च-संश्रयैः अ-सूर्य-गैः पञ्चभिः ग्रहैः सूचित-भाग्य-सम्पदम् पुत्रम् त्रि-साधना शक्तिः अ-क्षयम् अर्थम् (असूत) इव असूत","ग्रहैस्ततः पञ्चभिरुच्चसंश्रयैरसूर्यगैः सूचितभाग्यसम्पदम्।#असूत पुत्रं समये शचीसमा त्रिसाधना शक्तिरिवार्थमक्षयम्॥"
"दिशः प्रसेदुः मरुतः ववुः सुखाः प्रदक्षिणा-अर्चिः हविः अग्निः आददे बभूव सर्वम् शुभ-शंसि तत्-क्षणम् भवः हि लोक-अभ्युदयाय तादृशाम् (भवति)","तत्-क्षणम् दिशः प्रसेदुः मरुतः सुखाः ववुः अग्निः प्रदक्षिणा-अर्चिः हविः आददे सर्वम् शुभ-शंसि बभूव हि तादृशाम् भवः लोक-अभ्युदयाय (भवति)","दिशः प्रसेदुर्मरुतो ववुः सुखाः प्रदक्षिणार्चिर्हविरग्निराददे।#बभूव सर्वं शुभशंसि तत्क्षणं भवो हो लोकभ्युदयाय तादृशाम्॥"
"अरिष्ट-शय्याम् परितः वि-सारिणा सु-जन्मनः तस्य निजेन तेजसा निशीथ-दीपाः सहसा हत-त्विषः बभूवुः आलेख्य-समर्पिताः इव","अरिष्ट-शय्याम् परितः वि-सारिणा सु-जन्मनः तस्य निजेन तेजसा सहसा हत-त्विषः निशीथ-दीपाः आलेख्य-समर्पिताः इव बभूवुः","अरिष्टशय्यां परितो विसारिणा सुजन्मनस्तस्य निजेन तेजसा।#निशीथदीपाः सहसा हतत्विषो बभूवुरालेख्यसमर्पिता इव॥"
"जनाय शुद्धान्त-चराय शंसते कुमार-जन्म अमृत-संमित-अक्षरम् अ-देयम् आसीत् त्रयम् एव भू-पतेः शशि-प्रभम् छत्रम् उभे च चामरे (च)","भू-पतेः अमृत-संमित-अक्षरम् कुमार-जन्म शंसते शुद्धान्त-चराय जनाय त्रयम् एव अ-देयम् आसीत् शशि-प्रभम् छत्रम् च उभे चामरे (च)","जनाय शुद्धान्तचराय शंसते कुमारजन्मामृतसंमिताक्षरम्।#अदेयमासीत्‍त्रयमेव भूपतेः शशिप्रभं छत्रमुभे च चामरे॥"
"निवात-पद्म-स्तिमितेन चक्षुषा नृपस्य कान्तम् पिबतः सुत-आननम् गुरुः प्रहर्षः प्रबभूव न आत्मनि महा-उदधेः पूरः इव इन्दु-दर्शनात्","निवात-पद्म-स्तिमितेन चक्षुषा कान्तम् सुत-आननम् पिबतः नृपस्य गुरुः प्रहर्षः इन्दु-दर्शनात् महा-उदधेः पूरः इव आत्मनि न प्रबभूव","निवातपद्मस्तिमितेन चक्षुषा नृपस्य कान्तं पिबतः सुताननम्।#महोदधेः पूर इवेन्दुदर्शनाद् गुरुः प्रहर्षः प्रबभूव नात्मनि॥"
"सः जात-कर्मणि अखिले तपस्विना तपः-वनात् एत्य पुरोधसा कृते दिलीप-सूनुः मणि-इव आकर-उद्भवः प्रयुक्त-संस्कारः अधिकम् बभौ","सः दिलीप-सूनुः तपस्विना पुरोधसा तपः-वनात् एत्य अखिले जात-कर्मणि कृते प्रयुक्त-संस्कारः आकर-उद्भवः मणि-इव अधिकम् बभौ","स जातकर्मण्यखिले तपस्विना तपोवनादेत्य पुरोधसा कृते।#दिलीपसूनुर्मणिराकरोद्भवः प्रयुक्तसंस्कार इवाधिकं बभौ॥"
"सुख-श्रवाः मङ्गल-तूर्य-निस्वनाः प्रमोद-नृत्यैः सह वार-योषिताम् न केवलम् सद्मनि मागधी-पतेः पथि व्यजृम्भन्त दिवौकसाम् अपि (व्यजृम्भन्त)","सुख-श्रवाः मङ्गल-तूर्य-निस्वनाः वार-योषिताम् प्रमोद-नृत्यैः सह मागधी-पतेः सद्मनि केवलम् न व्यजृम्भन्त दिवौकसाम् पथि अपि (व्यजृम्भन्त)","सुखश्रवा मङ्गलतूर्यनिस्वनाः प्रमोदनृत्यैः सह वारयोषिताम्।#न केवलं सद्मनि मागधीपतेः पथि व्यजृम्भन्त दिवौकसामपि॥"
"न संयतः तस्य बभूव रक्षितुः विसर्जयेत् यम् सुत-जन्म-हर्षितः (सन्); ऋण-अभिधानात् स्वयम् एव केवलम् तदा पितॄणाम् मुमुचे सः बन्धनात्","रक्षितुः तस्य संयतः न बभूव यम् सुत-जन्म-हर्षितः (सन्) विसर्जयेत्; तदा सः पितॄणाम् ऋण-अभिधानात् बन्धनात् केवलम् स्वयम् एव मुमुचे","न संयतस्तस्य बभूव रक्षितुर्विसर्जयेद्यं सुतजन्महर्षितः।#ऋणाभिधानात्स्वयमेव केवलं तदा पितॄणां मुमुचे स बन्धनात्॥"
"अर्थ-वित् पार्थिवः अयम् अर्भकः श्रुतस्य अन्तम् तथा युधि परेषाम् (अन्तम्) च यायात् इति (मत्वा) आत्म-सम्भवम् धातोः गमन-अर्थम् अवेक्ष्य नाम्ना रघुम् चकार","(अन्तम्) श्रुतस्य यायात् अयम् अन्तम् अर्भकः तथा परेषाम् युधि च इति (मत्वा) पार्थिवः अवेक्ष्य धातोः गमन-अर्थम् अर्थ-वित् चकार नाम्ना रघुम् आत्म-सम्भवम्","श्रुतस्य यायादयमन्तमर्भकस्तथा परेषां युधि चेति पार्थिवः।#अवेक्ष्य धातोर्गमनार्थमर्थविच्चकार नाम्ना रघुमात्मसम्भवम्॥"
"सः समग्र-सम्पदः पितुः प्रयत्नात् शुभैः शरीर-अवयवैः हरित्-अश्व-दीधितेः अनु-प्रवेशात् बाल-चन्द्रमा-इव दिने दिने वृद्धिम् पुपोष","पितुः प्रयत्नात् सः समग्र-सम्पदः शुभैः शरीर-अवयवैः दिने दिने पुपोष वृद्धिम् हरित्-अश्व-दीधितेः अनु-प्रवेशात् इव बाल-चन्द्रमा-","पितुः प्रयत्नात्स समग्रसम्पदः शुभैः शरीरावयवैर्दिने दिने।#पुपोष वॄद्धिं हरिदश्वदीधितेरनुप्रवेशादिव बालचन्द्रमाः॥"
"यथा शर-जन्मना उमा-वृष-अङ्कौ (ननन्दतुः) यथा जयन्तेन शची-पुरन्दरौ (ननन्दतुः) तथा तत्-सदृशेन सुतेन तत्-समौ नृपः सा मागधी च ननन्दतुः","उमा-वृष-अङ्कौ शर-जन्मना यथा (ननन्दतुः) शची-पुरन्दरौ जयन्तेन यथा (ननन्दतुः) तथा नृपः सा च सुतेन मागधी ननन्दतुः तत्-सदृशेन तत्-समौ","उमावृषाङ्कौ शरजन्मना यथा यथा जयन्तेन शचीपुरन्दरौ।#तथा नृपः सा च सुतेन मागधी ननन्दतुस्तत्सदृशेन तत्समौ॥"
"रथ-अङ्ग-नाम्‍नोः-इव भाव-बन्धनम् बभूव यत् प्रेम परस्पर-आश्रयम् तयोः; विभक्तम् अपि एक-सुतेन तत् परस्परस्य उपरि पर्यचीयत (प्रेम)","रथ-अङ्ग-नाम्‍नोः-इव तयोः भाव-बन्धनम् परस्पर-आश्रयम् यत् प्रेम बभूव; तत् (प्रेम) एक-सुतेन विभक्तम् अपि परस्परस्य उपरि पर्यचीयत","रथाङ्गनाम्‍नोरिव भावबन्धनं बभूव यत्प्रेम परस्पराश्रयम्।#विभक्तमप्येकसुतेन तत्तयोः परस्परस्योपरि पर्यचीयत॥"
"उवाच धात्र्या प्रथम-उदितं वचः (सः) (अर्भकः); ययौ तदीयाम् अवलम्ब्य च अङ्गुलिम् (सः) (अर्भकः); अभूत् च नम्रः प्रणिपात-शिक्षया (सः) (अर्भकः); पितुः मुदम् तेन ततान सः अर्भकः","(सः) (अर्भकः) धात्र्या प्रथम-उदितं वचः उवाच; (सः) (अर्भकः) तदीयाम् अङ्गुलिम् अवलम्ब्य च ययौ; (सः) (अर्भकः) प्रणिपात-शिक्षया नम्रः च अभूत्; तेन सः अर्भकः पितुः मुदम् ततान","उवाच धात्र्या प्रथमोदितं वचो ययौ तदीयामवलम्ब्य चाङ्गुलिम्।#अभूच्च नम्रः प्रणिपातशिक्षया पितुर्मुदं तेन ततान सोऽर्भकः॥"
"तम् अङ्कम् आरोप्य शरीर-योगजैः सुखैः निषिञ्चन्तम् इव अमृतम् त्वचि उपान्त-संमीलित-लोचनः नृ-पः चिरात् सुत-स्पर्शरसज्ञताम् ययौ (सन्)","शरीर-योगजैः सुखैः त्वचि अमृतम् निषिञ्चन्तम् इव तम् अङ्कम् उपान्त-संमीलित-लोचनः आरोप्य (सन्) नृ-पः चिरात् सुत-स्पर्शरसज्ञताम् ययौ","तमङ्कमारोप्य शरीरयोगजैः सुखैर्निषिञ्चन्तमिवामृतं त्वचि।#उपान्तसम्मीलितलोचनो नृपश्चिरात्सुतस्पर्शरसज्ञतां ययौ॥"
"अमंस्त च अनेन परार्ध्य-जन्मना स्थितेः अ-भेत्ता स्थितिमन्तम् अन्वयम् स्व-मूर्ति-भेदेन गुण-अग्र्य-वर्तिना पतिः प्रजानाम् सर्गम्-इव आत्मनः","स्थितेः अ-भेत्ता परार्ध्य-जन्मना अनेन अन्वयम् प्रजानाम् पतिः गुण-अग्र्य-वर्तिना स्व-मूर्ति-भेदेन आत्मनः सर्गम्-इव स्थितिमन्तम् अमंस्त च","अमंस्त चानेन परार्ध्यजन्मना स्थितेरभेत्ता स्थितिमन्तमन्वयम्।#स्वमूर्तिभेदेन गुणाग्र्यवर्तिना पतिः प्रजानामिव सर्गमात्मनः॥"
"सः वृत्त-चूलः चल-काक-पक्षकैः अमात्य-पुत्रैः सवयोभिः अन्वितः लिपेः यथावत् ग्रहणेन वाङ्मयं नदी-मुखेन इव समुद्रम् आविशत्","वृत्त-चूलः सः चल-काक-पक्षकैः सवयोभिः अमात्य-पुत्रैः अन्वितः लिपेः यथावत् ग्रहणेन वाङ्मयं नदी-मुखेन इव समुद्रम् आविशत्","स वृत्तचूलश्चलकाकपक्षकैरमात्यपुत्रैः सवयोभिरन्वितः।#लिपेर्यथावद्ग्रहणेन वाङ्मयं नदीमुखेनेव​ समुद्रमाविशत्॥"
"अथ उपनीतम् विधिवत् विपश्चितः विनिन्युः एनम् गुरवः गुरू-प्रियम् अवन्ध्य-यत्नाः च बभूवुः अत्र ते; क्रिया हि वस्तु-उपहिता प्रसीदति","अथ विधिवत् उपनीतम् गुरू-प्रियम् एनम् विपश्चितः गुरवः विनिन्युः ते अत्र अवन्ध्य-यत्नाः च बभूवुः; हि क्रिया वस्तु-उपहिता प्रसीदति","अथोपनीतं विधिवद्विपश्चितो विनिन्युरेनं गुरवो गुरुप्रियम्।#अवन्ध्ययत्‍नाश्च बभूवुरत्र ते क्रिया हि वस्तूपहिता प्रसीदति॥"
"धियः समग्रैः सः गुणैः उदार-धीः क्रमात् चतस्रः चतुर्-अर्णव-उपमाः ततार विद्याः पवन-अतिपातिभिः दिशः हरिद्भिः हरिताम् ईश्वरः-इव","उदार-धीः सः समग्रैः धियः गुणैः चतुर्-अर्णव-उपमाः चतस्रः विद्याः हरिताम् ईश्वरः-इव पवन-अतिपातिभिः हरिद्भिः दिशः क्रमात् ततार","धियः समग्रैः स गुणैरुदारधीः क्रमाच्चतस्रश्चतुरर्णवोपमाः।#ततार विद्याः पवनातिपातिभिर्दिशो हरिद्भिर्हरितामिवेश्वरः॥"
"रौरवीम् त्वचं सः मेध्यां परिधाय पितुः एव मन्त्रवत् अशिक्षत अस्त्रम्; तत्-गुरुः एक-पार्थिवः न केवलं (अभूत्); क्षितौ अभूत् एक-धनुर्‌-धरः अपि सः","सः मेध्यां रौरवीम् त्वचं परिधाय मन्त्रवत् अस्त्रम् पितुः एव अशिक्षत; तत्-गुरुः एक-पार्थिवः केवलं न (अभूत्); क्षितौ सः एक-धनुर्‌-धरः अपि अभूत्","त्वचं स मेध्यां परिधाय रौरवीमशिक्षतास्त्रं पितुरेव मन्त्रवत्।#न केवलं तद्गुरुरेकपार्थिवः क्षितावभूदेकधनुर्धरोऽपि सः॥"
"महोक्षतां वत्सतरः-इव स्पृशन् द्विप-इन्द्र-भावम् कलभः-इव श्रयन् रघुः क्रमात् यौवन-भिन्न-शैशवः पुपोष गाम्भीर्य-मनोहरं वपुः","रघुः क्रमात् यौवन-भिन्न-शैशवः महोक्षतां स्पृशन् वत्सतरः-इव द्विप-इन्द्र-भावम् श्रयन् कलभः-इव गाम्भीर्य-मनोहरं वपुः पुपोष","महोक्षतां वत्सतरः स्पृशन्निव द्विपेन्द्रभावः कलभः श्रयन्निव।#रघुः क्रमाद्यौवनभिन्नशैशवः पुपोष गाम्भीर्यमनोहरं वपुः॥"
"अथ अस्य गो-दान-विधेः अनन्तरम् विवाह-दीक्षाम् निरवर्तयत् गुरुः; नर-इन्द्र-कन्याः तम् अवाप्य सत्-पतिम् तमः-नुदम् दक्ष-सुताः-इव आबभुः","अथ गुरुः अस्य गो-दान-विधेः अनन्तरम् विवाह-दीक्षाम् निरवर्तयत्; नर-इन्द्र-कन्याः तम् दक्ष-सुताः-इव तमः-नुदम् सत्-पतिम् अवाप्य आबभुः","अथास्य गोदानविधेरनन्तरं विवाहदीक्षां निरवर्तयद् गुरुः।#नरेन्द्रकन्यास्तमवाप्य सत्पतिं तमोनुदं दक्षसुता इवाबभुः"
"युवा युग-व्यायात-बाहुः अंसलः कपाट-वक्षाः परिणद्ध-कंधरः वपु-प्रकर्षात् अजयत् गुरुम् रघुः तथापि नीचैः विनयात् अदृश्यत","युवा युग-व्यायात-बाहुः अंसलः कपाट-वक्षाः परिणद्ध-कंधरः रघुः वपु-प्रकर्षात् गुरुम् अजयत् तथापि विनयात् नीचैः अदृश्यत","युवा युगव्यायतबाहुरंसलः कपाटवक्षाः परिणद्धकन्धरः।#वपुःप्रकर्षादजयद् गुरुं रघुस्तथाऽपि नीचैर्विनयाददृश्यत॥"
"ततः आत्मना चिरम् धृताम् नितान्त-गुर्वीम् प्रजानाम् धुरम् लघयिष्यता नृ-पेण निसर्ग-संस्कार-विनीतः इति असौ युव-राज-शब्द-भाक् चक्रे","ततः आत्मना चिरम् धृताम् नितान्त-गुर्वीम् प्रजानाम् धुरम् लघयिष्यता नृ-पेण असौ निसर्ग-संस्कार-विनीतः इति युव-राज-शब्द-भाक् चक्रे","ततः प्रजानां चिरमात्मना धृतां नितान्तगुर्वीं लघयिष्यता धुरम्।#निसर्गसंस्कारविनीत इत्यसौ नृपेण चक्रे युवराजशब्दभाक्॥"
"गुण-अभिलाषिणी श्रीः कमलात् नव-अवतारम् उत्पलम्-इव नर-इन्द्र-मूल-आयतनात् अनन्तरम् तद्-आस्पदम् युव-राज-संज्ञितम् अंशेन अगच्छत्","गुण-अभिलाषिणी श्रीः नर-इन्द्र-मूल-आयतनात् अनन्तरम् युव-राज-संज्ञितम् तद्-आस्पदम् कमलात् नव-अवतारम् उत्पलम्-इव अंशेन अगच्छत्","नरेन्द्रमूलायतनादनन्तरं तदास्पदं श्रीर्युवराजसंज्ञितम्।#अगच्छदंशेन गुणाभिलाषिणी नवावतारं कमलादिवोत्पलम्॥"
"सारथिना वायुना विभावसुः-इव घन-व्यपायेन गभस्तिमान्-इव कट-प्रभेदेन करी-इव पार्थिवः तेन अतितराम् सु-दुः-सहः बभूव","सारथिना वायुना विभावसुः-इव घन-व्यपायेन गभस्तिमान्-इव कट-प्रभेदेन करी-इव पार्थिवः तेन अतितराम् सु-दुः-सहः बभूव","विभावसुः सारथिनेव वायुना घनव्यपायेन गभस्तिमानिव।#बभूवतेनातितरां सुदुःसहः कटप्रभेदेन करीव पार्थिवः॥"
"शत-क्रतु-उपमः सः राज-सुतैः अनुदृतम् धनुर्‌-धरम् तम् होम-तुरङ्ग-रक्षणे नियुज्य एकेन अ-पूर्णम् क्रतूनाम् शतम् अप-विघ्नम् आप","शत-क्रतु-उपमः सः राज-सुतैः अनुदृतम् धनुर्‌-धरम् तम् होम-तुरङ्ग-रक्षणे नियुज्य एकेन अ-पूर्णम् क्रतूनाम् शतम् अप-विघ्नम् आप","नियुज्य तं होमतुरङ्गरक्षणे धनुर्धरं राजसुतैरनुद्रुतम्।#अपूर्णमेकेन शतक्रतूपमः शतं क्रतूनामपविघ्नमाप सः॥"
"ततः परम् तेन मखाय पुनः उत्सृष्टम् अन्-अर्गलम् यज्वना तुरङ्गम् धनु-भृताम् रक्षिणाम् अग्रतः एव शक्रः गूढ-विग्रहः जहार किल","ततः परम् यज्वना तेन पुनः मखाय उत्सृष्टम् अन्-अर्गलम् तुरङ्गम् धनु-भृताम् रक्षिणाम् अग्रतः एव शक्रः गूढ-विग्रहः जहार किल","ततः परं तेन मखाय यज्वना तुरङ्गमुत्सृष्टमनर्गलं पुनः#धनुर्भृतामग्रत एव रक्षिणां जहार शक्रः किल गूढविग्रहः॥"
"कुमार-सैन्यम् सपदि विषाद-लुप्त-प्रतिपत्तिः विस्मितम् स्थितम् तत् च श्रुत-प्रभावा यदृच्छया आगता नन्दिनी वसिष्ठ-धेनुः ददृशे अथ च (सत्) (नाम)","तत् कुमार-सैन्यम् सपदि विषाद-लुप्त-प्रतिपत्तिः विस्मितम् (सत्) स्थितम् च अथ श्रुत-प्रभावा यदृच्छया आगता नन्दिनी (नाम) वसिष्ठ-धेनुः च ददृशे","विषादलुप्तप्रतिपत्ति विस्मितं कुमारसैन्यं सपदि स्थितं च तत्।#वसिष्ठधेनुश्च यदृच्छयागता श्रुतप्रभावा ददृशेऽथ नन्दिनी॥"
"तत्-अङ्ग-निस्यन्द-जलेन लोचने प्रमृज्य पुण्येन पुरस्कृतः सताम् अतीन्द्रियेषु अपि उपपन्न-दर्शनः भावेषु बभूव दिलीप-नन्दनः","सताम् पुरस्कृतः दिलीप-नन्दनः पुण्येन तत्-अङ्ग-निस्यन्द-जलेन लोचने प्रमृज्य अतीन्द्रियेषु भावेषु अपि उपपन्न-दर्शनः बभूव","तदङ्गनिस्यन्दजलेन लोचने प्रमृज्य पुण्येन पुरस्कृतः सताम्।#अतीन्द्रियेष्वप्युपपन्नदर्शनो बभूव भावेषु दिलीपनन्दनः॥"
"सः पूर्वतः पर्वत-पक्ष-शातनम् ददर्श देवम् नर-देव-संभवः पुनः पुनः सूत-निषिद्ध-चापलम् हरन्तम् अश्वम् रथ-रश्मि-संयतम्","नर-देव-संभवः सः पुनः पुनः सूत-निषिद्ध-चापलम् रथ-रश्मि-संयतम् अश्वम् हरन्तम् पर्वत-पक्ष-शातनम् देवम् पूर्वतः ददर्श","स पूर्वतः पर्वतपक्षशातनं ददर्श देवं नरदेवसम्भवः।#पुनः पुनः सूतनिषिद्धचापलं हरन्तमश्वं रथरश्मिसंयतम्॥"
"अ-निमेष-वृत्तिभिः शतैः अक्ष्णां हरिभिः वाजिभिः च तम् हरिम् विदित्वा रघुः एनं निवर्तयन् इव गगन-स्पृशा धीरेण स्वरेण अवोचत्","रघुः तम् अ-निमेष-वृत्तिभिः अक्ष्णां शतैः हरिभिः वाजिभिः च हरिम् विदित्वा एनं गगन-स्पृशा धीरेण स्वरेण निवर्तयन् इव अवोचत्","शतैस्तमक्ष्णामनिमेषवृत्तिभिर्हरिं विदित्वा हरिभिश्च वाजिभिः।#अवोचदेनं गगनस्पृशा रघुः स्वरेण धीरेण निवर्त्तयन्निव॥"
"मख-अंश-भाजाम् प्रथमः मनीषिभिः त्वम् एव देव-इन्द्र सदा निगद्यसे; अजस्र-दीक्षा-प्रयतस्य मद्-गुरोः क्रिया-विघाताय कथं प्रवर्तसे (त्वम्)","देव-इन्द्र मनीषिभिः त्वम् एव मख-अंश-भाजाम् प्रथमः सदा निगद्यसे; अजस्र-दीक्षा-प्रयतस्य मद्-गुरोः क्रिया-विघाताय (त्वम्) कथं प्रवर्तसे","मखांशभाजां प्रथमो मनीषिभिस्त्वमेव देवेन्द्र! सदा निगद्यसे#अजस्रदीक्षाप्रयतस्य मद्गुरोः क्रियाविघाताय कथं प्रवर्तसे॥"
"त्रि-लोक-नाथेन सदा मख-द्विषः त्वया नियम्याः ननु दिव्य-चक्षुषा; सः चेत् स्वयम् कर्मसु धर्म-चारिणाम् त्वम् अन्तरायः भवसि च्युतः विधिः (भविष्यति)","त्रि-लोक-नाथेन दिव्य-चक्षुषा त्वया मख-द्विषः सदा नियम्याः ननु; सः त्वम् धर्म-चारिणाम् कर्मसु स्वयम् अन्तरायः भवसि चेत् विधिः च्युतः (भविष्यति)","त्रिलोकनाथेन सदा मखद्विषस्त्वया नियम्या ननु दिव्यचक्षुषा।#स चेत्स्वयं कर्मसु धर्मचारिणां त्वमन्तरायो भवसि च्युतो विधिः॥"
"तद्(तस्मात्) अङ्गम् अग्र्यम् मघवन् महा-क्रतोः अमुम् तुरङ्गम् प्रतिमोक्तुम् अर्हसि (त्वम्); पथः श्रुतेः दर्शयितारः ईश्वराः मलीमसाम् आददते न पद्धतिम्","मघवन् तद्(तस्मात्) महा-क्रतोः अग्र्यम् अङ्गम् अमुम् तुरङ्गम् प्रतिमोक्तुम् (त्वम्) अर्हसि; श्रुतेः पथः दर्शयितारः ईश्वराः मलीमसाम् पद्धतिम् न आददते","तदङ्गमग्र्यं मघवन्महाक्रतोरमुं तुरङ्गं प्रतिमोक्तुमर्हसि।#पथः श्रुतेदर्शयितार ईश्वरा मलीमसामाददते न पद्धतिम्॥"
"इति प्रगल्भं रघुणा समीरितम् वचः निशम्य अधिपतिः दिवौकसाम् निवर्तयामास रथम् सविस्मयः (सन्) प्रचक्रमे च प्रतिवक्तुम् उत्तरम्","इति रघुणा समीरितम् प्रगल्भं वचः निशम्य दिवौकसाम् अधिपतिः सविस्मयः (सन्) रथम् निवर्तयामास उत्तरम् प्रतिवक्तुम् प्रचक्रमे च","इति प्रगल्भं रघुणा समीरितं वचो निशम्याधिपतिर्दिवौकसाम्।#निवर्तयामास रथं सविस्मयः प्रचक्रमे च प्रतिवक्तुमुत्तरम्॥"
"राजन्य-कुमार (त्वम्) यत् आत्थ तत् तथा यशः यशो-धनैः तु परतः रक्ष्यम्; भवद्-गुरुः लङ्घयितुम् तत् अ-शेषम् इज्यया जगत्-प्रकाशम् मम (यशः) उद्यतः","राजन्य-कुमार यत् (त्वम्) आत्थ तत् तथा तु यशो-धनैः परतः यशः रक्ष्यम्; भवद्-गुरुः जगत्-प्रकाशम् अ-शेषम् मम तत् (यशः) इज्यया लङ्घयितुम् उद्यतः","यदात्थ राजन्यकुमार तत्तथा यशस्तु रक्ष्यं परतो यशोधनैः।#जगत्प्रकाश तदशेषमिज्यया भवद्गुरुर्लङ्घयितुं ममोद्यतः॥"
"यथा हरिः एकः पुरुषोत्तमः महेश्वरः त्र्यम्बकः एव अपरः न स्मृतः तथा मुनयः मां शत-क्रतुं विदुः (स्मृतः) (स्मृतः); नः एषः शब्दः द्वितीय-गामी न हि (भवति)","यथा हरिः एकः पुरुषोत्तमः (स्मृतः) त्र्यम्बकः महेश्वरः एव स्मृतः न अपरः (स्मृतः) तथा मुनयः मां शत-क्रतुं विदुः; नः एषः शब्दः द्वितीय-गामी न हि (भवति)","हरिर्यथैकः पुरुषोत्तमः स्मृतो महेश्वरस्त्र्यम्बक एव नापरः।#तथा विदुर्मां मुनयः शतक्रतुं द्वितीयगामी नहि शब्द एष नः॥"
"अतः अयम् अश्वः त्वदीयस्य पितुः कपिल-अनुकारिणा मया अपहारितः; अलं प्रयत्नेन तव अत्र (अस्तु); सगरस्य सन्ततेः पदव्यां पदम् मा निधाः (त्वम्)","अतः त्वदीयस्य पितुः अयम् अश्वः कपिल-अनुकारिणा मया अपहारितः; तव अत्र प्रयत्नेन अलं (अस्तु); सगरस्य सन्ततेः पदव्यां (त्वम्) पदम् मा निधाः","अतोऽयमश्वः कपिलानुकारिणा पितुस्त्वदीयस्य मयापहारितः#अलं प्रयत्नेन तवात्र मा निधाः पदं पदव्यां  सगरस्य सन्ततेः॥"
"ततः प्रहस्य अप-भयः पुरन्दरम् पुनः बभाषे तुरगस्य रक्षिता; गृहाण शस्त्रम् (तर्हि) (त्वम्) यदि एषः सर्गः ते (अस्ति); न अ-निर्जित्य रघुम् कृती भवान् (भविष्यति) खलु","ततः तुरगस्य रक्षिता प्रहस्य अप-भयः पुनः पुरन्दरम् बभाषे; यदि एषः ते सर्गः (अस्ति) (तर्हि) (त्वम्) शस्त्रम् गृहाण; भवान् रघुम् अ-निर्जित्य कृती न खलु (भविष्यति)","ततः प्रहस्यापभयः पुरन्दरं पुनर्बभाषे तुरगस्य रक्षिता।#गृहाण शस्त्रं यदि सर्ग एष ते न खल्वनिर्जित्य रघुं कृती भवान्॥"
"सः एवम् उक्त्वा मघवन्तम् उन्‌-मुखः (सन्) करिष्यमाणः स-शरम् शर-आसनम् अतिष्ठत् आलीढ-विशेष-शोभिना वपुः-प्रकर्षेण विडम्बित-ईश्वरः (सन्)","सः उन्‌-मुखः (सन्) मघवन्तम् एवम् उक्त्वा शर-आसनम् स-शरम् करिष्यमाणः आलीढ-विशेष-शोभिना वपुः-प्रकर्षेण विडम्बित-ईश्वरः (सन्) अतिष्ठत्","स एवमुक्त्वा मघवन्तमुन्मुखः करिष्यमाणः सशरं शरासनम्।#अतिष्ठदालीढविशेषशोभिना वपुःप्रकर्षेण विडम्बितेश्वरः॥"
"रघोः अवष्टम्भमयेन पत्रिणा गो-त्र-भिद् हृदि क्षतः अपि अ-मर्षणः नव-अम्बु-द-अनीक-मुहूर्त-लाञ्छने धनुषि अ-मोघम् समधत्त सायकम्","रघोः अवष्टम्भमयेन पत्रिणा हृदि क्षतः गो-त्र-भिद् अ-मर्षणः अपि नव-अम्बु-द-अनीक-मुहूर्त-लाञ्छने धनुषि अ-मोघम् सायकम् समधत्त","रघोरवष्टम्भमयेन पत्रिणा हृदि क्षतो गोत्रभिदप्यमर्षणः।#नवाम्बुदानीकमुहूर्तलाञ्छने धनुष्यमोघं समधत्त सायकम्॥"
"दिलीप-सूनोः सः बृहत् भुजा-अन्तरम् प्रविश्य भीम-असुर-शोणित-उचितः पपौ अन्-आस्वादित-पूर्वम् आशु-गः कुतूहलेन इव मनुष्य-शोणितम्","भीम-असुर-शोणित-उचितः सः आशु-गः दिलीप-सूनोः बृहत् भुजा-अन्तरम् प्रविश्य अन्-आस्वादित-पूर्वम् मनुष्य-शोणितम् कुतूहलेन इव पपौ","दिलीपसूनोः स बृहद्भुजान्तरं प्रविश्य भीमासुरशोणितोचितः।#पपावनास्वादितपूर्वमाशुगः कुतूहलेनेव​ मनुष्यशोणितम्॥"
"हरेः कुमारः अपि कुमार-विक्रमः सुर-द्विप-आस्फालन-कर्कश-अङ्गुलौ भुजे शची-पत्र-विशेषक-अङ्किते स्व-नाम-चिह्नम् निचखान सायकम्","कुमार-विक्रमः कुमारः अपि सुर-द्विप-आस्फालन-कर्कश-अङ्गुलौ शची-पत्र-विशेषक-अङ्किते हरेः भुजे स्व-नाम-चिह्नम् सायकम् निचखान","हरेः कुमारोऽपि कुमारविक्रमः सुरद्विपास्फालनकर्कशाङ्गुलौ।#भुजे शचीपत्रविशेषकाङ्किते स्वनामचिह्नं निचखान सायकम्॥"
"जहार च अन्येन मयुरपत्रिणा शरेण शक्रस्य महा-अशनि-ध्वजम् (सः); चुकोप तस्मै सः भृशम् सुर-श्रियः प्रसह्य केश-व्यपरोपणात् इव","(सः) अन्येन मयुरपत्रिणा शरेण शक्रस्य महा-अशनि-ध्वजम् जहार च; सः सुर-श्रियः प्रसह्य केश-व्यपरोपणात् इव तस्मै भृशम् चुकोप","जहार चान्येन मयुरपत्रिणा शरेण शक्रस्य महाशनिध्वजम्। #चुकोप तस्मै स भृशं सुरश्रियः प्रसह्य केशव्यरोपणादिव॥"
"जय-एषिणोः अधः-मुखैः ऊर्ध्व-मुखैः च पत्रिभिः तुमुलम् युद्धम् तयोः उपान्त-स्थित-सिद्ध-सैनिकम् गरुत्मत्-आशी-विष-भीम-दर्शनैः बभूव (इव)","जय-एषिणोः तयोः गरुत्मत्-आशी-विष-भीम-दर्शनैः (इव) अधः-मुखैः ऊर्ध्व-मुखैः च पत्रिभिः उपान्त-स्थित-सिद्ध-सैनिकम् तुमुलम् युद्धम् बभूव","तयोरुपान्तस्थितसिद्धसैनिकं गरुत्मदाशीविषभीमदर्शनैः।#बभूव युद्धं तुमुलं जयैषिणोरधोमुखैरूर्ध्वमुखैश्च पत्रिभिः॥"
"वासवः अति-प्रबन्ध-प्रहिता-अस्त्र-वृष्टिभिः अम्बु-दः अद्भिः स्वतः च्युतम् वह्निम्-इव निर्वापयितुम् न शशाक दुः-प्रसहस्य तेजसः आश्रयम् तम्","वासवः अति-प्रबन्ध-प्रहिता-अस्त्र-वृष्टिभिः दुः-प्रसहस्य तेजसः आश्रयम् तम् अम्बु-दः अद्भिः स्वतः च्युतम् वह्निम्-इव निर्वापयितुम् न शशाक","अतिप्रबन्धप्रहितास्त्रवृष्टिभिस्तमाश्रयं दुष्प्रसहस्य तेजसः।#शशाक निर्वापयितुं न वासवः स्वतश्च्युतं वह्निमिवाद्भिरम्बुदः॥"
"ततः रघुः हरि-चन्दन-अङ्किते प्रकोष्ठे शश-अङ्क-अर्ध-मुखेन पत्रिणा प्रमथ्यमान-अर्णव-धीर-नादिनीम् शर-आसन-ज्याम् अलुनात् बिडौजसः","ततः रघुः हरि-चन्दन-अङ्किते प्रकोष्ठे प्रमथ्यमान-अर्णव-धीर-नादिनीम् बिडौजसः शर-आसन-ज्याम् शश-अङ्क-अर्ध-मुखेन पत्रिणा अलुनात्","ततः प्रकोष्ठे हरिचन्दनाङ्किते प्रमथ्यमानार्णवधीरनादिनीम्।#रघुः शशाङ्कार्धमुखेन पत्रिणा शरासनज्यामलुनाद्बिडौजसः॥"
"विवृद्ध-मत्सरः सः चापम् उत्सृज्य प्रबलस्य विद्विषः प्रणाशनाय स्फुरत्-प्रभा-मण्डलम् मही-ध्र-पक्ष-व्यपरोपण-उचितम् अस्त्रम् आददे","विवृद्ध-मत्सरः सः चापम् उत्सृज्य प्रबलस्य विद्विषः प्रणाशनाय मही-ध्र-पक्ष-व्यपरोपण-उचितम् स्फुरत्-प्रभा-मण्डलम् अस्त्रम् आददे","स चापमुत्सृज्य विवृद्धमत्सरः प्रणाशनाय प्रबलस्य विद्विषः।#महीध्रपक्षव्यपरोपणोचितं स्फुरत्प्रभामण्डलमस्त्रमाददे॥"
"तेन रघुः भृशम् वक्षसि ताडितः सैनिका-अश्रुभिः सह भूमौ पपात; तद्‌-व्यथाम् अवधूय निमेष-मात्रात् सैनिक-हर्ष-निस्वनैः सह उत्थितः (सः)","रघुः तेन भृशम् वक्षसि ताडितः सैनिका-अश्रुभिः सह भूमौ पपात; निमेष-मात्रात् तद्‌-व्यथाम् अवधूय सैनिक-हर्ष-निस्वनैः सह (सः) उत्थितः","रघुर्भृशं वक्षसि तेन ताडितः पपात भूमौ सह सैनिकाश्रुभिः।#निमेषमात्रादवधूय च व्यथां सहोत्थितः सैनिकहर्षनिस्वनैः॥"
"तथा अपि शस्त्र-व्यवहार-निष्ठुरे वि-पक्ष-भावे चिरम् तस्थुषः अस्य वीर्य-अतिशयेन वृत्र-हा तुतोष; हि सर्वत्र गुणैः पदम् निधीयते","तथा अपि शस्त्र-व्यवहार-निष्ठुरे वि-पक्ष-भावे चिरम् अस्य तस्थुषः तुतोष वीर्य-अतिशयेन वृत्र-हा; पदम् हि सर्वत्र गुणैः निधीयते","तथापि शस्त्रव्यवहारनिष्ठुरे विपक्षभावे चिरमस्य तस्थुषः।#तुतोष वीर्यातिशयेन वृत्रहा पदं हि सर्वत्र गुणैर्निधीयते॥"
"सारवत्तया अद्रिषु अपि अ-सङ्गम् मे आयुधं त्वद्-अन्येन न विसोढम् माम् प्रीतम् अवेहि (अतः) (त्वम्); ऋते तुरङ्गमात् किम् इच्छसि (त्वम्) इति स्फुटम् वासवः आह","सारवत्तया अद्रिषु अपि अ-सङ्गम् मे आयुधं त्वद्-अन्येन न विसोढम् (अतः) माम् प्रीतम् (त्वम्) अवेहि; तुरङ्गमात् ऋते (त्वम्) किम् इच्छसि इति स्फुटम् वासवः आह","असङ्गमद्रिष्वपि सारवत्तया न मे त्वदन्येन विसोढमायुधम्।#अवेहि मां प्रीतमृते तुरङ्गमात्किमिच्छसीति स्फुटमाह वासवः॥"
"ततः निषङ्गात् अ-समग्रम् उद्धृतम् सुवर्ण-पुङ्ख-द्युति-रञ्जित-अङ्गुलिम् नर-इन्द्र-सूनुः प्रतिसंहरन् इषुम् प्रियं-वदः प्रत्यवदत् सुर-ईश्वरम्","ततः निषङ्गात् अ-समग्रम् उद्धृतम् सुवर्ण-पुङ्ख-द्युति-रञ्जित-अङ्गुलिम् इषुम् प्रतिसंहरन् प्रियं-वदः नर-इन्द्र-सूनुः सुर-ईश्वरम् प्रत्यवदत्","ततो निषङ्गादसमग्रमुद्धृतं सुवर्णपुङ्खद्युतिरञ्जिताङ्गुलिम्।#नरेन्द्रसूनुः प्रतिसंहरन्निषुं प्रियंवदः प्रत्यवदत्सुरेश्वरम्॥"
"यदि मन्यसे प्रभो ततः समाप्ते विधिना एव कर्मणि अजस्र-दीक्षा-प्रयतः सः मत्-गुरुः फलेन युज्यताम् क्रतोः अ-शेषेण अ-मोच्यम् अश्वम्","प्रभो यदि अश्वम् अ-मोच्यम् मन्यसे ततः अजस्र-दीक्षा-प्रयतः सः मत्-गुरुः विधिना एव कर्मणि समाप्ते क्रतोः अ-शेषेण फलेन युज्यताम्","अमोच्यमश्वं यदि मन्यसे प्रभो ततः समाप्ते विधिनैव कर्मणि।#अजस्रदीक्षाप्रयतः स मद्गुरुः क्रतोरशेषेण फलेन युज्यताम्॥"
"सदो-गतः त्रि-लोचन-एक-अंशतया दुर्-आसदः विशां-पतिः यथा इमम् वृत्तान्तम् तव सन्देश-हरात् एव शृणोति लोक-ईश तथा विधीयताम् च तथा","सदो-गतः त्रि-लोचन-एक-अंशतया दुर्-आसदः विशां-पतिः यथा इमम् वृत्तान्तम् तव सन्देश-हरात् तथा एव शृणोति च लोक-ईश तथा विधीयताम्","यथा स वृत्तान्तमिमं सदोगतस्त्रिलोचनैकांशतया दुरासदः।#तवैव संदेशहराद्विशांपतिः शृणोति लोकेश तथा विधीयताम्॥"
"मातलि-सारथिः रघोः कामम् तथा इति प्रतिशुश्रुवान् यथागतम् ययौ; सुदक्षिणा-सूनुः अपि न-अति-प्र-मनाः (सन्) नृ-पस्य सदो-गृहम् न्यवर्तत","तथा इति कामम् प्रतिशुश्रुवान् रघोः यथागतम् मातलि-सारथिः ययौ; नृ-पस्य न-अति-प्र-मनाः (सन्) सदो-गृहम् सुदक्षिणा-सूनुः अपि न्यवर्तत","तथेति कामं प्रतिशुश्रुवान्रघोर्यथागतं मातलिसारथिर्ययौ।#नृपस्य नातिप्रमनाः सदोगृहं सुदक्षिणासूनुरपि न्यवर्तत॥"
"तम् अभ्यनन्दत् प्रथमम् प्रबोधितः प्रजा-ईश्वरः शासन-हारिणा हरेः परामृशन् हर्ष-जडेन पाणिना तदीयम् अङ्गम् कुलिश-व्रण-अङ्कितम्","हरेः शासन-हारिणा प्रथमम् प्रबोधितः प्रजा-ईश्वरः हर्ष-जडेन पाणिना कुलिश-व्रण-अङ्कितम् तदीयम् अङ्गम् परामृशन् तम् अभ्यनन्दत्","तमभ्यनन्दत्प्रथमं प्रबोधितः प्रजेश्वरः शासनहारिणा हरेः।#परामृशन्हर्षजडेन पाणिना तदीयमङ्गं कुलिशव्रणाङ्कितम्॥"
"इति क्षिति-ईशः नवतिम् नव-अधिकां महा-क्रतूनाम् महनीय-शासनः समारुरुक्षुः दिवम् आयुषः क्षये ततान सोपान-परम्पराम् इव (सति)","महनीय-शासनः क्षिति-ईशः इति महा-क्रतूनाम् नव-अधिकां नवतिम् आयुषः क्षये (सति) दिवम् समारुरुक्षुः सोपान-परम्पराम् इव ततान","इति क्षितीशो नवतिं नवाधिकां महाक्रतूनां महनीयशासनः।#समारुरुक्षुर्दिवमायुषः क्षये ततान सोपानपरम्परामिव॥"
"अथ विषय-व्यावृत्त-आत्मा सः यथा-विधि यूने सूनवे नृ-पति-ककुदम् सित-आतप-वारणम् दत्त्वा तया देव्या सह मुनि-वन-तरु-छायां शिश्रिये हि गलित-वयसाम् इक्ष्वाकूणाम् इदं कुलव्रतम् (अस्ति)","अथ विषय-व्यावृत्त-आत्मा सः यथा-विधि यूने सूनवे नृ-पति-ककुदम् सित-आतप-वारणम् दत्त्वा तया देव्या सह मुनि-वन-तरु-छायां शिश्रिये हि गलित-वयसाम् इक्ष्वाकूणाम् इदं कुलव्रतम् (अस्ति)","अथ स विषयव्यावृत्तात्मा यथाविधि सूनवे नृपतिककुदं दत्त्वा यूने सितातपवारणम्।#मुनिवनतरुच्छायां देव्या तया सह शिश्रिये गलितवयसामिक्ष्वाकूणामिदं हि कुलव्रतम्॥"
"सः राज्यम् गुरुणा दत्तम् प्रतिपद्य अधिकम् बभौ दिन-अन्ते निहितम् तेजः सवित्रा हुता-अशन-इव (प्राप्तः)","सः गुरुणा दत्तम् राज्यम् प्रतिपद्य दिन-अन्ते सवित्रा निहितम् तेजः (प्राप्तः) हुता-अशन-इव अधिकम् बभौ","स राज्यं गुरुणा दत्तं प्रतिपद्याधिकं बभौ।#दिनान्ते निहितं तेजः सवित्रेव हुताशनः॥"
"दिलीप-अनन्तरं राज्ये तं निशम्य प्रतिष्ठितम् पूर्वं प्रधूमितः राज्ञां हृदये अग्निः-इव उत्थितः","दिलीप-अनन्तरं राज्ये तं प्रतिष्ठितम् निशम्य पूर्वं राज्ञां हृदये प्रधूमितः अग्निः-इव उत्थितः","दिलीपानन्तरं राज्ये तं निशम्य प्रतिष्ठितम्।#पूर्वं प्रधूमितो राज्ञां हृदयेऽग्निरिवोत्थितः॥"
"पुरुहूत-ध्वजस्य-इव तस्य उन्नयन-पङ्क्तयः नव-अभ्युत्थान-दर्शिन्यः ननन्दुः स-प्रजाः प्रजाः","पुरुहूत-ध्वजस्य-इव तस्य उन्नयन-पङ्क्तयः नव-अभ्युत्थान-दर्शिन्यः स-प्रजाः प्रजाः ननन्दुः","पुरुहूतध्वजस्येव तस्योन्नयनपङ्क्तयः।#नवाभ्युत्थानदर्शिन्यो ननन्दुः सप्रजाः प्रजाः॥"
"समम् एव समाक्रान्तम् द्वयं द्विरद-गामिना तेन सिंहासनं पित्र्यम् अखिलम् च अरि-मण्डलम्","द्विरद-गामिना तेन पित्र्यम् सिंहासनं अखिलम् अरि-मण्डलम् द्वयं च समम् एव समाक्रान्तम्","सममेव समाक्रान्तं द्वयं द्विरदगामिना।#तेन सिंहासनं पित्र्यमखिलं चारिमण्डलम्॥"
"छाया-मण्डल-लक्षेण तं अदृश्या किल स्वयम् पद्मा भेजे पद्म-आतपत्रेण साम्राज्य-दीक्षितम्","पद्मा स्वयम् अदृश्या साम्राज्य-दीक्षितम् तं छाया-मण्डल-लक्षेण पद्म-आतपत्रेण भेजे किल","छायामण्डललक्ष्येण तमदृश्या किल स्वयम्।#पद्मा पद्मातपत्रेण भेजे साम्राज्यदीक्षितम्॥"
"परिकल्पित-सान्निध्या काले काले च वन्दिषु स्तुत्यं स्तुतिभिः अर्थ्याभिः उपतस्थे सरस्वती","काले काले च वन्दिषु परिकल्पित-सान्निध्या सरस्वती अर्थ्याभिः स्तुतिभिः स्तुत्यं उपतस्थे","परिकल्पितसांनिध्या काले काले च बन्दिषु।#स्तुत्यं स्तुतिभिरर्थ्याभिरुपतस्थे सरस्वती॥"
"मनु-प्रभृतिभिः मान्यैः भुक्ता यद्यपि राजभिः तथापि अनन्यपूर्वा इव तस्मिन् आसीत् वसुन्धरा (वसुन्धरा)","यद्यपि वसुन्धरा मान्यैः मनु-प्रभृतिभिः राजभिः भुक्ता तथापि (वसुन्धरा) तस्मिन् अनन्यपूर्वा इव आसीत्","मनुप्रभृतिभिर्मान्यैर्भुक्ता यद्यपि राजभिः।#तथाप्यनन्यपूर्वेव तस्मिन्नासीद्वसुन्धरा॥"
"सः हि सर्वस्य लोकस्य युक्त-दण्डतया मनः आददे न-अति-शीतः-उष्णः नभस्वान्-इव दक्षिणः","सः हि युक्त-दण्डतया न-अति-शीतः-उष्णः दक्षिणः नभस्वान्-इव सर्वस्य लोकस्य मनः आददे","स हि सर्वस्य लोकस्य युक्तदण्डतया मनः।#आददे नातिशीतोष्णो नभस्वानिव दक्षिणः॥"
"मन्द-उत्कण्ठाः कृताः तेन गुण-अधिकतया गुरौ फलेन सहकारस्य पुष्प-उद्गमे-इव प्रजाः","तेन प्रजाः गुरौ सहकारस्य फलेन पुष्प-उद्गमे-इव गुण-अधिकतया मन्द-उत्कण्ठाः कृताः","मन्दोत्कण्ठाः कृतास्तेन गुणाधिकतया गुरौ।#फलेन सहकारस्य पुष्पोद्गम इव प्रजाः॥"
"नय-विद्भिः नवे राज्ञि सद् असत् च उपदर्शितम् पूर्वः एव अभवत् पक्षः तस्मिन् न अभवत् उत्तरः","नय-विद्भिः नवे राज्ञि सद् असत् च उपदर्शितम् तस्मिन् पूर्वः एव पक्षः अभवत् उत्तरः न अभवत्","नयविद्भिर्नवे राज्ञि सदसच्चोपदर्शितम्।#पूर्व एवाभवत्पक्षस्तस्मिन्नाभवदुत्तरः॥"
"पञ्चानाम् अपि भूतानाम् उत्कर्षम् पुपुषुः गुणाः नवे तस्मिन् मही-पाले सर्वम् नवम् इव अभवत् (सति)","पञ्चानाम् भूतानाम् गुणाः अपि उत्कर्षम् पुपुषुः तस्मिन् नवे मही-पाले (सति) सर्वम् नवम् इव अभवत्","पञ्चानामपि भूतानामुत्कर्षं पुपुषुर्गुणाः।#नवे तस्मिन्महीपाले सर्वं नवमिवाभवत्॥"
"यथा प्रह्लादनात् चन्द्रः प्रतापात् तपनः यथा तथा एव सः अभूत् अन्वर्थः राजा प्रकृति-रञ्जनात्","यथा चन्द्रः प्रह्लादनात् यथा तपनः प्रतापात् अन्वर्थः तथा एव सः राजा प्रकृति-रञ्जनात् अभूत्","यथा प्रह्लादनाच्चन्द्रः प्रतापात्तपनो यथा।#तथैव सोऽभूदन्वर्थो राजा प्रकृतिरञ्जनात्॥"
"कामम् कर्ण-अन्त-विश्रान्ते विशाले तस्य लोचने चक्षुष्मत्ता तु शास्त्रेण सूक्ष्म-कार्या-अर्थ-दर्शिना (आसीत्) (आस्ताम्)","तस्य विशाले लोचने कामम् कर्ण-अन्त-विश्रान्ते (आस्ताम्) चक्षुष्मत्ता तु सूक्ष्म-कार्या-अर्थ-दर्शिना शास्त्रेण (आसीत्)","कामं कर्णान्तविश्रान्ते विशाले तस्य लोचने।#चक्षुष्मत्ता तु शास्त्रेण सूक्ष्मकार्यार्थदर्शिना॥"
"लब्ध-प्रशमन-स्वस्थम् अथ एनम् सम्_उप_स्थिता पार्थिव-श्रीः-इव द्वितीया शरत् पङ्कज-लक्षणा","अथ लब्ध-प्रशमन-स्वस्थम् एनम् पङ्कज-लक्षणा शरत् द्वितीया पार्थिव-श्रीः-इव सम्_उप_स्थिता","लब्धप्रशमनस्वस्थमथैनं समुपस्थिता।#पार्थिवश्रीर्द्वितीयेव शरत्पङ्कजलक्षणा॥"
"निर्वृष्ट-लघुभिः मेघैः मुक्त-वर्त्मा सु-दुःसहः प्रतापः तस्य भानोः च युगपत् व्यानशे दिशः","निर्वृष्ट-लघुभिः मेघैः मुक्त-वर्त्मा सु-दुःसहः तस्य भानोः प्रतापः च युगपत् दिशः व्यानशे","निर्वृष्टलघुभिर्मेघैर्मुक्तवर्त्मा सुदुःसहः।#प्रतापस्तस्य भानोश्च युगपद्व्यानशे दिशः॥"
"वार्षिकम् सञ्जहार इन्द्रः धनुः जैत्रम् रघुः दधौ प्रजा-अर्थ-साधने तौ हि पर्याय-उद्यत-कार्मुकौ (आसाञ्चक्राते)","इन्द्रः वार्षिकम् धनुः सञ्जहार रघुः जैत्रम् दधौ हि तौ प्रजा-अर्थ-साधने पर्याय-उद्यत-कार्मुकौ (आसाञ्चक्राते)","वार्षिकं संजहारेन्द्रो धनुर्जैत्रं रघुर्दधौ।#प्रजार्थसाधने तौ हि पर्यायोद्यतकार्मुकौ॥"
"पुण्डरीक-आतपत्रः तम् विकसत्-काश-चामरः ऋतुः विडम्बयामास न पुनः प्राप तत् श्रियम्","पुण्डरीक-आतपत्रः विकसत्-काश-चामरः ऋतुः तम् विडम्बयामास पुनः तत् श्रियम् न प्राप","पुण्डरीकातपत्रस्तं विकसत्काशचामरः।#ऋतुर्विडम्बयामास न पुनः प्राप तच्छ्रियम्॥"
"प्रसाद-सुमुखे तस्मिन् चन्द्रे च विशद-प्रभे तदा चक्षुष्मताम् प्रीतिः आसीत् सम-रसाः द्वयोः","तदा प्रसाद-सुमुखे तस्मिन् विशद-प्रभे चन्द्रे च द्वयोः चक्षुष्मताम् प्रीतिः सम-रसाः आसीत्","प्रसादसुमुखे तस्मिंश्चन्द्रे च विशदप्रभे।#तदा चक्षुष्मतां प्रीतिरासीत्समरसा द्वयोः॥"
"हंस-श्रेणीषु तारासु कुमुद्वत्सु च वारिषु विभूतयः तदीयानाम् पर्यस्ताः यशसाम् इव (आसन्)","तदीयानाम् यशसाम् विभूतयः हंस-श्रेणीषु तारासु कुमुद्वत्सु वारिषु च पर्यस्ताः इव (आसन्)","हंसश्रेणीषु तारासु कुमुद्वत्सु च वारिषु।#विभूतयस्तदीयानां पर्यस्ता यशसामिव॥"
"इक्षु-च्छाया-निषादिन्यः तस्य गोप्तुः गुण-उदयम् आ-कुमार-कथ-उद्घातम् शालि-गोप्यः जगुः यशः","इक्षु-च्छाया-निषादिन्यः शालि-गोप्यः गोप्तुः तस्य गुण-उदयम् आ-कुमार-कथ-उद्घातम् यशः जगुः","इक्षुच्छायनिषादिन्यस्तस्य गोप्तुर्गुणोदयम्।#आकुमारकथोद्धातं शालिगोप्यो जगुर्यशः॥"
"प्रससाद उदयात् अम्भः कुम्भ-योनेः महा-ओजसः; रघोः (उदयात्) अभिभव-आशङ्कि द्विषतां मनः चुक्षुभे","महा-ओजसः कुम्भ-योनेः उदयात् अम्भः प्रससाद; रघोः (उदयात्) अभिभव-आशङ्कि द्विषतां मनः चुक्षुभे","प्रससादोदयादम्भः कुम्भयोनेर्महौजसः।#रघोरभिभवाशङ्कि चुक्षुभे द्विषतां मनः॥"
"मद-उदग्राः ककुद्मन्तः सरितां कूलमुद्रुजाः लीलाखेलं अनु_प्रापुः महोक्षाः तस्य विक्रमम्","मद-उदग्राः ककुद्मन्तः सरितां कूलमुद्रुजाः महोक्षाः तस्य लीलाखेलं विक्रमम् अनु_प्रापुः","मदोदग्राः ककुद्मन्तः सरितां कूलमुद्रुजाः।#लीलाखेलमनुप्रापुर्महोक्षास्तस्य विक्रमम्॥"
"प्रसवैः सप्त-पर्णानां मद-गन्धिभिः आहताः असूयया इव तत्-नागाः सप्तधा एव प्रसुस्रुवुः","मद-गन्धिभिः सप्त-पर्णानां प्रसवैः आहताः तत्-नागाः असूयया इव सप्तधा एव प्रसुस्रुवुः","प्रसवैः सप्तपर्णानां मदगन्धिभिराहताः।#असूययेव तन्नागाः सप्तधैव प्रसुस्रुवुः॥"
"सरितः कुर्वती गाधाः पथः च आस्यान-कर्दमा यात्रायै चोदयामास कुर्वती तं शक्तेः प्रथमं शरत्","सरितः गाधाः कुर्वती पथः च आस्यान-कर्दमा कुर्वती शरत् तं शक्तेः प्रथमं यात्रायै चोदयामास","सरितः कुर्वती गाधाः पथश्चाश्यानकर्दमान्।#यात्रायै चोदयामास तं शक्तेः प्रथमं शरत्॥"
"तस्मै सम्यक् हुतः वह्निः वाजि-नीराजन-विधौ प्रदक्षिण-अर्चिः-व्याजेन हस्तेन इव जयम् ददौ","वाजि-नीराजन-विधौ सम्यक् हुतः वह्निः प्रदक्षिण-अर्चिः-व्याजेन हस्तेन इव तस्मै जयम् ददौ","तस्मै सम्यग्घुतो वह्निर्वाजिनीराजनाविधौ।#प्रदक्षिणार्चिर्व्याजेन हस्तेनेव जयं ददौ॥"
"सः गुप्तमूल-प्रत्यन्तः शुद्ध-पार्ष्णिः अयान्वितः षड्-विधं बलम् आदाय प्रतस्थे दिक्-जिगीषया","गुप्तमूल-प्रत्यन्तः शुद्ध-पार्ष्णिः अयान्वितः सः षड्-विधं बलम् आदाय दिक्-जिगीषया प्रतस्थे","स गुप्तमूलप्रत्यन्तः शुद्धपार्ष्णिरयान्वितः।#षड्विधं बलमादाय प्रतस्थे दिग्जिगीषया॥"
"अवाकिरन् वयो-वृद्धाः तं लाजैः पौर-योषितः पृषतैः मन्दर-उद्धूतैः क्षीर-ऊर्मयः अच्युतम्-इव","वयो-वृद्धाः पौर-योषितः लाजैः मन्दर-उद्धूतैः पृषतैः क्षीर-ऊर्मयः अच्युतम्-इव तं अवाकिरन्","अवाकिरन्वयोवृद्धास्तं लाजैः पौरयोषितः।#पृषतैर्मन्दरोद्धूतैः क्षीरोर्मय इवाच्युतम्॥"
"सः ययौ प्रथमं प्राचीं तुल्यः प्राचीनबर्हिषा अहितान् अनिल-उद्धूतैः तर्जयन् इव केतुभिः","प्राचीनबर्हिषा तुल्यः सः अनिल-उद्धूतैः केतुभिः अहितान् तर्जयन् इव प्रथमं प्राचीं ययौ","स ययौ प्रथमं प्राचीं तुल्यः प्राचीनबर्हिषा।#अहिताननिलोद्धूतैस्तर्जयन्निव केतुभिः॥"
"(सः) रजोभिः स्यन्दन-उद्धूतैः गजैः च घन-सन्निभैः भुव-तलम्-इव व्योम (कुर्वन्) (ययौ) व्योम-इव भू-तलम् कुर्वन्","घन-सन्निभैः गजैः च भू-तलम् व्योम-इव कुर्वन् स्यन्दन-उद्धूतैः रजोभिः व्योम भुव-तलम्-इव (कुर्वन्) (सः) (ययौ)","रजोभिः स्यन्दनोद्धूतैर्गजैश्च घनसंनिभैः।#भुवस्तलमिव व्योम कुर्वन्व्योमेव भूतलम्॥"
"प्रतापः अग्रे ततः शब्दः परागः तत् अनन्तरम् ययौ पश्चात् रथ-आदि इति चतुः-स्कन्धा इव सा चमूः","अग्रे प्रतापः ततः शब्दः तत् अनन्तरम् परागः पश्चात् रथ-आदि इति सा चमूः चतुः-स्कन्धा इव ययौ","प्रतापोऽग्रे ततः शब्दः परागस्तदनन्तरम्।#ययौ पश्चाद्रथादीति चतुःस्कन्धेव सा चमूः॥"
"मरुपृष्ठानि उदम्भांसि नाव्याः सुप्रतराः नदीः विपिनानि प्रकाशानि शक्तिमत्त्वात् च चकार सः (चकार) (चकार)","सः शक्तिमत्त्वात् विपिनानि प्रकाशानि (चकार) मरुपृष्ठानि उदम्भांसि (चकार) नाव्याः नदीः च सुप्रतराः चकार","मरुपृष्ठान्युदम्भांसि नाव्याः सुप्रतरा नदीः।#विपिनानि प्रकाशानि शक्तिमत्त्वाच्चकार सः॥"
"सः सेनां महतीं कर्षन् पूर्वसागर-गामिनीं बभौ हर-जटा-भ्रष्टां गङ्गाम् भगीरथः-इव","सः पूर्वसागर-गामिनीं महतीं सेनां कर्षन् हर-जटा-भ्रष्टां गङ्गाम् भगीरथः-इव बभौ","स सेनां महतीं कर्षन्पूर्वसागरगामिनीम्।#बभौ हरजटाभ्रष्टां गङ्गामिव भगीरथः॥"
"त्याजितैः फलम् उत्खातैः भग्नैः च बहुधा नृपैः तस्य आसीत् उल्बणः मार्गः पादपैः दन्तिनः-इव","फलम् त्याजितैः उत्खातैः बहुधा भग्नैः नृपैः च पादपैः दन्तिनः-इव तस्य मार्गः उल्बणः आसीत्","त्याजितैः फलमुत्खातैर्भग्नैश्च बहुधा नृपैः।#तस्यासीदुल्बणो मार्गः पादपैरिव दन्तिनः॥"
"पौरस्त्यान् एवम् आक्रामन् तान् तान् जनपदान् जयी प्राप ताली-वन-श्यामम् उप-कण्ठम् महा-उदधेः","जयी एवम् तान् तान् पौरस्त्यान् जनपदान् आक्रामन् ताली-वन-श्यामम् महा-उदधेः उप-कण्ठम् प्राप","पौरस्त्यानेवमाक्रामंस्तांस्ताञ्जनपदाञ्जयी।#प्राप तालीवनश्याममुपकण्ठं महोदधेः॥"
"अ-नम्राणाम् समुत्-हर्तुः तस्मात् सिन्धु-रयात्-इव आत्मा संरक्षितः सुह्मैः वृत्तिम् आश्रित्य वैतसीम्","सुह्मैः वैतसीम् वृत्तिम् आश्रित्य अ-नम्राणाम् समुत्-हर्तुः तस्मात् सिन्धु-रयात्-इव आत्मा संरक्षितः","अनम्राणां समुद्धर्तुस्तस्मात्सिन्धुरयादिव।#आत्मा संरक्षितः सुह्मैर्वृत्तिमाश्रित्य वैतसीम्॥"
"वङ्गान् उत्खाय तरसा नेता नौ-साधन-उद्यतान् निचखान जय-स्तम्भान् गङ्गा-स्रोतोन्तरेषु सः","नेता सः नौ-साधन-उद्यतान् वङ्गान् तरसा उत्खाय गङ्गा-स्रोतोन्तरेषु जय-स्तम्भान् निचखान","वङ्गानुत्खाय तरसा नेता नौसाधनोद्यतान्।#निचखान जयस्तम्भान्गङ्गास्रोतोन्तरेषु सः॥"
"आपाद-पद्म-प्रणताः कलमाः-इव ते रघुम् फलैः संवर्धयामासुः उत्खात-प्रतिरोपिताः","आपाद-पद्म-प्रणताः उत्खात-प्रतिरोपिताः ते कलमाः-इव रघुम् फलैः संवर्धयामासुः","आपादपद्मप्रणताः कलमा इव ते रघुम्।#फलैः संवर्धयामासुरुत्खातप्रतिरोपिताः॥"
"सः तीर्त्वा कपिशाम् सैन्यैः बद्ध-द्विरद-सेतुभिः उत्कल-आदर्शित-पथः कलिङ्गा-अभिमुखः ययौ (सन्)","सः बद्ध-द्विरद-सेतुभिः सैन्यैः कपिशाम् तीर्त्वा उत्कल-आदर्शित-पथः (सन्) कलिङ्गा-अभिमुखः ययौ","स तीर्त्वा कपिशां सैन्यैर्बद्धद्विरदसेतुभिः।#उत्कलादर्शितपथः कलिङ्गाभिमुखो ययौ॥"
"सः प्रतापम् महेन्द्रस्य मूर्ध्नि तीक्ष्णम् न्यवेशयत् अङ्कुशम् द्विरदस्य यन्ता-इव गम्भिर-वेदिनः","सः महेन्द्रस्य मूर्ध्नि तीक्ष्णम् प्रतापम् यन्ता-गम्भिर-वेदिनः द्विरदस्य अङ्कुशम् इव न्यवेशयत्","स प्रतापं महेन्द्रस्य मूर्ध्नि तीक्ष्णं न्यवेशयत्।#अङ्कुशं द्विरदस्येव यन्ता गम्भीरवेदिनः॥"
"प्रतिजग्राह कालिङ्गः तम् अस्त्रैः गज-साधनः पक्ष-छेद-उद्यतम् शक्रम् शिला-वर्षी पर्वतः-इव","गज-साधनः कालिङ्गः अस्त्रैः तम् पक्ष-छेद-उद्यतम् शक्रम् शिला-वर्षी पर्वतः-इव प्रतिजग्राह","प्रतिजग्राह कालिङ्गस्तमस्त्रैर्गजसाधनः।#पक्षच्छेदोद्यतं शक्रं शिलावर्षीव पर्वतः॥"
"द्विषाम् विष्ह्य काकुत्स्थः तत्र नाराच-दुर्दिनम् सत्-मङ्गल-स्नातः इव प्रतिपेदे जय-श्रियम्","काकुत्स्थः तत्र द्विषाम् नाराच-दुर्दिनम् विष्ह्य सत्-मङ्गल-स्नातः इव जय-श्रियम् प्रतिपेदे","द्विषां विष्ह्य काकुत्स्थस्तत्र नाराचदुर्दिनम्।#
सन्मङ्गलस्नात इव प्रतिपेदे जयश्रियम्॥"
"ताम्बूलीनाम् दलैः तत्र रचिता-आपान-भूमयः नारिकेल-आसवं योधाः शात्रवं च पपुः यशः","तत्र योधाः रचिता-आपान-भूमयः ताम्बूलीनाम् दलैः नारिकेल-आसवं शात्रवं यशः च पपुः","ताम्बूलीनां दलैस्तत्र रचितापानभूमयः।#नारिकेलासवं योधाः शात्रवं च पपुर्यशः॥"
"गृहीत-प्रतिमुक्तस्य सः धर्म-विजयी नृपः श्रियम् महेन्द्र-नाथस्य जहार न तु मेदिनीम् जहार","धर्म-विजयी सः नृपः गृहीत-प्रतिमुक्तस्य महेन्द्र-नाथस्य श्रियम् जहार मेदिनीम् तु न जहार","गृहीतप्रतिमुक्तस्य स धर्मविजयी नृपः।#श्रियं महेन्द्रनाथस्य जहार न तु मेदिनीम्॥"
"ततः वेला-तटेन एव फलवत्-पूगमालिना अगस्त्याचरिताम् आशां अनाशास्य-जयः ययौ","ततः अनाशास्य-जयः फलवत्-पूगमालिना वेला-तटेन एव अगस्त्याचरिताम् आशां ययौ","ततो वेलातटेनैव फलवत्पूगमालिना।#अगस्त्याचरितामाशामनाशास्यजयो ययौ॥"
"सः सैन्य-परिभोगेण गज-दान-सुगन्धिना कावेरीं सरितां पत्युः शङ्कनीयाम् इव अकरोत्","सः गज-दान-सुगन्धिना सैन्य-परिभोगेण कावेरीं सरितां पत्युः शङ्कनीयाम् इव अकरोत्","स सैन्यपरिभोगेण गजदानसुगन्धिना।#कावेरीं सरितां पत्युः शङ्कनीयामिवाकरोत्॥"
"बलैः अध्युषिताः तस्य विजिगीषोः गत-अध्वनः मारीच-उद्भ्रान्त-हारिताः मलयाद्रेः उपत्यकाः","विजिगीषोः गत-अध्वनः तस्य बलैः मारीच-उद्भ्रान्त-हारिताः मलयाद्रेः उपत्यकाः अध्युषिताः","बलैरध्युषितास्तस्य विजिगीषोर्गताध्वनः।#मारीचोद्भ्रान्तहारीता मलयाद्रेरुपत्यकाः॥"
"ससञ्जुः अश्व-क्षुण्णानाम् एलानां उत्पतिष्णवः तुल्य-गन्धिषु मत्तेभ-कटेषु फल-रेणवः","अश्व-क्षुण्णानाम् एलानां उत्पतिष्णवः फल-रेणवः तुल्य-गन्धिषु मत्तेभ-कटेषु ससञ्जुः","ससञ्जुरश्वक्षुण्णानामेलानामुत्पतिष्णवः।#तुल्यगन्धिषु मत्तेभकटेषु फलरेणवः॥"
"भोगि-वेष्टन-मार्गेषु चन्दनानाम् समर्पितम् न अस्रसत् करिणाम् ग्रैवम् त्रिपदी-छेदिनाम् अपि","चन्दनानाम् भोगि-वेष्टन-मार्गेषु समर्पितम् त्रिपदी-छेदिनाम् अपि करिणाम् ग्रैवम् न अस्रसत्","भोगिवेष्टनमार्गेषु चन्दनानां समर्पितम्।#नास्रसत्करिणां ग्रैवं त्रिपदीच्छेदिनामपि॥"
"दिशि मन्दायते तेजः दक्षिणस्याम् रवेः अपि तस्याम् एव रघोः पाण्ड्याः प्रतापम् न विषेहिरे","दक्षिणस्याम् दिशि रवेः अपि तेजः मन्दायते पाण्ड्याः तस्याम् एव रघोः प्रतापम् न विषेहिरे","दिशि मन्दायते तेजो दक्षिणस्यां रवेरपि।#तस्यामेव रघोः पाण्ड्याः प्रतापं न विषेहिरे॥"
"ताम्रपर्णी-समेतस्य मुक्ता-सारम् महा-उदधेः ते निपत्य ददुः तस्मै यशः स्वम् इव संचितम्","ते ताम्रपर्णी-समेतस्य महा-उदधेः संचितम् मुक्ता-सारम् स्वम् इव यशः तस्मै निपत्य ददुः","ताम्रपर्णीसमेतस्य मुक्तासारं महोदधेः।#ते निपत्य ददुस्तस्मै यशः स्वमिव संचितम्॥"
"सः निर्विश्य यथा-कामम् तटेषु आलीन-चन्दनौ स्तनौ इव दिशः तस्याः शैलौ मलय-दर्दुरौ अ-सह्य-विक्रमः सह्यं दूरात् मुक्तम् उदन्वता नितम्बम् इव मेदिन्याः स्रस्त-अंशुकम् अलङ्घयत्","अ-सह्य-विक्रमः सः तटेषु आलीन-चन्दनौ तस्याः दिशः स्तनौ इव मलय-दर्दुरौ शैलौ यथा-कामम् निर्विश्य उदन्वता दूरात् मुक्तम् स्रस्त-अंशुकम् मेदिन्याः नितम्बम् इव सह्यं अलङ्घयत्","स निर्विश्य यथाकामं तटेष्वालीनचन्दनौ।#स्तनाविव दिशस्तस्याः शैलौ मलयदर्दुरौ॥51॥#असह्यविक्रमः सह्यं दूरान्मुक्तमुदन्वता।#नितम्बमिव मेदिन्याः स्रस्तांशुकमलङ्घयत्॥52॥"
"अ-सह्य-विक्रमः सह्यं दूरात् मुक्तम् उदन्वता नितम्बम् इव मेदिन्याः स्रस्त-अंशुकम् अलङ्घयत्","अ-सह्य-विक्रमः दूरात् उदन्वता मुक्तम् स्रस्त-अंशुकम् मेदिन्याः नितम्बम् इव सह्यं अलङ्घयत्","असह्यविक्रमः सह्यं दूरान्मुक्तमुदन्वता।#नितम्बमिव मेदिन्याः स्रस्तांशुकमलङ्घयत्॥"
"तस्य अनीकैः वि-सर्पद्भिः अपर-अन्त-जय-उद्यतैः राम-अस्त्र-उत्सारितः अपि आसीत् सह्य-लग्नः इव अर्णवः","अपर-अन्त-जय-उद्यतैः वि-सर्पद्भिः तस्य अनीकैः अर्णवः राम-अस्त्र-उत्सारितः अपि सह्य-लग्नः इव आसीत्","तस्यानीकैर्विसर्पद्भिरपरान्तजयोद्यतैः।#रामास्त्रोत्सारितोऽप्यासीत्सह्यलग्न इवार्णवः॥"
"भय-उत्सृष्ट-विभूषाणां तेन केरल-योषिताम् अलकेषु चमू-रेणुः चूर्ण-प्रतिनिधी-कृतः","तेन भय-उत्सृष्ट-विभूषाणां केरल-योषिताम् अलकेषु चमू-रेणुः चूर्ण-प्रतिनिधी-कृतः","भयोत्सृष्टविभूषाणां तेन केरलयोषिताम्।#अलकेषु चमूरेणुश्चूर्णप्रतिनिधीकृतः॥"
"मुरला-मारुत-उद्धूतं अगमत् कैतकम् रजः तत् योध-वार-बाणानाम् अ-यत्न-पट-वासताम्","मुरला-मारुत-उद्धूतं कैतकम् रजः तत् योध-वार-बाणानाम् अ-यत्न-पट-वासताम् अगमत्","मुरलामारुतोद्धूतमगमत्कैतकं रजः।#तद्योधवारबाणानामयत्नपटवासताम्॥"
"अभ्यभूयत वाहानां चरतां गात्र-शिञ्जितैः वर्मभिः पवन-उद्धूत-राजताली-वन-ध्वनिः","चरतां वाहानां गात्र-शिञ्जितैः वर्मभिः पवन-उद्धूत-राजताली-वन-ध्वनिः अभ्यभूयत","अभ्यभूयत वाहानां चरतां गात्रशिञ्जितैः।#वर्मभिः पवनोद्धूतराजतालीवनध्वनिः॥"
"खर्जूरी-स्कन्ध-नद्धानां मद-उद्गार-सुगन्धिषु कटेषु करिणां पेतुः पुंनागेभ्यः शिलीमुखाः","शिलीमुखाः पुंनागेभ्यः खर्जूरी-स्कन्ध-नद्धानां करिणां मद-उद्गार-सुगन्धिषु कटेषु पेतुः","खर्जूरीस्कन्धनद्धानां मदोद्गारसुगन्धिषु।#कटेषु करिणां पेतुः पुंनागेभ्यः शिलीमुखाः॥"
"अवकाशं किल उदन्वान् रामाय अभि-अर्थितः ददौ अपरान्त-मही-पाल-व्याजेन रघवे करम् (ददौ)","उदन्वान् अभि-अर्थितः रामाय अवकाशं ददौ किल रघवे अपरान्त-मही-पाल-व्याजेन करम् (ददौ)","अवकाशं किलोदन्वान् रामायाभ्यर्थितो ददौ।#अपरान्तमहीपालव्याजेन रघवे करम्॥"
"मत्त-इभ-रदन-उत्कीर्ण-व्यक्त-विक्रम-लक्षणम् त्रि-कूटम् एव तत्र उच्चैः जय-स्तम्बम् चकार सः","सः तत्र मत्त-इभ-रदन-उत्कीर्ण-व्यक्त-विक्रम-लक्षणम् त्रि-कूटम् एव उच्चैः जय-स्तम्बम् चकार","मत्तेभरदनोत्कीर्णव्यक्तविक्रमलक्षणम्।#त्रिकूटमेव तत्रोच्चैर्जयस्तम्भं चकार सः॥"
"पारसीकान् ततः जेतुं प्रतस्थे स्थल-वर्त्मना इन्द्रिय-आख्यान् रिपून्-इव तत्त्व-ज्ञानेन संयमी","ततः संयमी तत्त्व-ज्ञानेन इन्द्रिय-आख्यान् रिपून्-इव पारसीकान् जेतुं स्थल-वर्त्मना प्रतस्थे","पारसीकांस्ततो जेतुं प्रतस्थे स्थलवर्त्मना।#इन्द्रियाख्यानिव रिपूंस्तत्त्वज्ञानेन संयमी॥"
"यवनी-मुख-पद्मानाम् सेहे मधु-मदम् न सः बाल-आतपम्-इव अब्जानाम् अकाल-जलद-उदयः","सः अकाल-जलद-उदयः अब्जानाम् बाल-आतपम्-इव यवनी-मुख-पद्मानाम् मधु-मदम् न सेहे","यवनीमुखपद्मानां सेहे मधुमदं न सः।#बालातपमिवाब्जनामकालजलदोदयः॥"
"सङ्ग्रामः तुमुलः तस्य पाश्चात्यैः अश्व-साधनैः (सह) शार्ङ्ग-कूजित-विज्ञेय-प्रतियोधे रजसि अभूत्","तस्य अश्व-साधनैः पाश्चात्यैः (सह) शार्ङ्ग-कूजित-विज्ञेय-प्रतियोधे रजसि तुमुलः सङ्ग्रामः अभूत्","सङ्ग्रामस्तुमुलस्तस्य पाश्चात्यैरश्वसाधनैः।#शार्ङ्गकूजितविज्ञेयप्रतियोधे रजस्यभूत्॥"
"भल्ल-अप-वर्जितैः तेषाम् शिरोभिः श्मश्रुलैः महीम् तस्तार सरघा-व्याप्तैः सः क्षौद्र-पटलैः-इव","सः भल्ल-अप-वर्जितैः श्मश्रुलैः तेषाम् शिरोभिः सरघा-व्याप्तैः क्षौद्र-पटलैः-इव महीम् तस्तार","भल्लापवर्जितैस्तेषां शिरोभिः श्मश्रुलैर्महीम्।#तस्तार सरघाव्याप्तैः स क्षौद्रपटलैरिव॥"
"अपनीत-शिरः-त्राणाः शेषाः तम् शरणम् ययुः; प्रणिपात-प्रतीकारः संरम्भः हि महा-आत्मनाम् (भवति)","शेषाः अपनीत-शिरः-त्राणाः तम् शरणम् ययुः; हि महा-आत्मनाम् संरम्भः प्रणिपात-प्रतीकारः (भवति)","अपनीतशिरस्त्राणाः शेषास्तं शरणं ययुः।#प्रणिपातप्रतीकारः संरम्भो हि महात्मनाम्॥"
"विनयन्ते स्म तद्-योधाः विजय-श्रमम् मधुभिः आस्तीर्ण-अजिन-रत्नासु द्राक्षा-वलय-भूमिषु","तद्-योधाः आस्तीर्ण-अजिन-रत्नासु द्राक्षा-वलय-भूमिषु मधुभिः विजय-श्रमम् विनयन्ते स्म","विनयन्ते स्म तद्योधा मधुभिर्विजयश्रमम्।#आस्तीर्णाजिनरत्नासु द्राक्षावलयभूमिषु॥"
"ततः प्रतस्थे कौबेरीं भास्वान्-इव रघुः दिशम् शरैः उस्रैः-इव उदीच्यान् उद्धः-इष्यन् रसान्-इव","ततः भास्वान्-इव रघुः उस्रैः-इव शरैः रसान्-इव उदीच्यान् उद्धः-इष्यन् कौबेरीं दिशम् प्रतस्थे","ततः प्रतस्थे कौबेरीं भास्वानिव रघुर्दिशम्।#शरैरुस्रैरिवोदीच्यानुद्धरिष्यन् रसानिव॥"
"विनीत-अध्व-श्रमाः तस्य सिन्धु-तीर-विचेष्टनैः दुधुवुः वाजिनः स्कन्धान् लग्न-कुङ्कुम-केसरान्","सिन्धु-तीर-विचेष्टनैः विनीत-अध्व-श्रमाः तस्य वाजिनः लग्न-कुङ्कुम-केसरान् स्कन्धान् दुधुवुः","विनीताध्वश्रमास्तस्य सिन्धुतीरविचेष्टनैः।#दुधुवुर्वाजिनः स्कन्धाँल्लग्नकुङ्कुमकेसरान्॥"
"तत्र हूण-अवरोधानाम् भर्तृषु व्यक्तविक्रमम् कपोल-पाटल-आदेशि बभूव रघु-चेष्टितम्","तत्र भर्तृषु व्यक्तविक्रमम् रघु-चेष्टितम् हूण-अवरोधानाम् कपोल-पाटल-आदेशि बभूव","तत्र हूणावरोधानां भर्तृषु व्यक्तविक्रमम्।#कपोलपाटलादेशि बभूव रघुचेष्टितम्॥"
"काम्बोजाः समरे सोढुम् तस्य वीर्यम् अन्-ईश्वराः गज-आलान-परिक्लिष्टैः अक्षोटैः सार्धम् आनताः","काम्बोजाः समरे तस्य वीर्यम् सोढुम् अन्-ईश्वराः गज-आलान-परिक्लिष्टैः अक्षोटैः सार्धम् आनताः","काम्बोजाः समरे सोढुं तस्य वीर्यमनीश्वराः।#गजालानपरिक्लिष्टैरक्षोटैः सार्धमानताः॥"
"तेषाम् सद्-अश्व-भूयिष्ठाः तुङ्गाः द्रविण-राशयः उपदाः विविशुः शश्वत् न उत्सेका कोसल-ईश्वरम् (विविशुः)","तेषाम् सद्-अश्व-भूयिष्ठाः तुङ्गाः द्रविण-राशयः उपदाः शश्वत् कोसल-ईश्वरम् विविशुः उत्सेका न (विविशुः)","तेषां सदश्वभूयिष्ठास्तुङ्गा द्रविणराशयः।#उपदा विविशुः शश्वन्नोत्सेकाः कोसलेश्वरम्॥"
"ततः गौरी-गुरुम् शैलम् आरुरोह अश्व-साधनः वर्धयन् इव तत्-कूटान् उद्धूतैः धातु-रेणुभिः","ततः अश्व-साधनः गौरी-गुरुम् शैलम् उद्धूतैः धातु-रेणुभिः तत्-कूटान् वर्धयन् इव आरुरोह","ततो गौरीगुरुं शैलमारुरोहाश्वसाधनः।#वर्धयन्निव तत्कूटानुद्धूतैर्धातुरेणुभिः॥"
"शशंस तुल्य-सत्त्वानाम् सैन्य-घोषे अपि अ-संभ्रमम् गुहा-शयानाम् सिंहानां परिवृत्य अवलोकितम्","तुल्य-सत्त्वानाम् गुहा-शयानाम् सिंहानां परिवृत्य अवलोकितम् सैन्य-घोषे अपि अ-संभ्रमम् शशंस","शशंस तुल्यसत्त्वानां सैन्यघोषेऽप्यसंभ्रमम्।#गुहाशयानां सिंहानां परिवृत्यावलोकितम्॥"
"भूर्जेषु मर्मरी-भूताः कीचक-ध्वनि-हेतवः गङ्गा-शीकरिणः मार्गे मरुतः तम् सिषेविरे","भूर्जेषु मर्मरी-भूताः कीचक-ध्वनि-हेतवः गङ्गा-शीकरिणः मरुतः मार्गे तम् सिषेविरे","भूर्जेषु मर्मरीभूताः कीचकध्वनिहेतवः।#गङ्गाशीकरिणो मार्गे मरुतस्तं सिषेविरे॥"
"विशश्रमुः नमेरूणाम् छायासु अध्यास्य सैनिकाः दृषदः वासित-उत्-सङ्गाः निषण्ण-मृग-नाभिभिः","सैनिकाः नमेरूणाम् छायासु निषण्ण-मृग-नाभिभिः वासित-उत्-सङ्गाः दृषदः अध्यास्य विशश्रमुः","विशश्रमुर्नमेरूणां छायास्वध्यास्य सैनिकाः।#दृषदो वासितोत्सङ्गा निषण्णमृगनाभिभिः॥"
"सरल-आसक्त-मातङ्ग-ग्रैवेय-स्फुरित-द्विषः आसन् ओषधयः नेतुः नक्तम् अस्नेह-दीपिका","सरल-आसक्त-मातङ्ग-ग्रैवेय-स्फुरित-द्विषः ओषधयः नेतुः नक्तम् अस्नेह-दीपिका आसन्","सरलासक्तमातङ्गग्रैवेयस्फुरितत्विषः।#आसन्नोषधयो नेतुर्नक्तमस्नेहदीपिकाः॥"
"तस्य उत्सृष्ट-निवासेषु कण्ठ-रज्जु-क्षत-त्वचः गज-वर्ष्म किरातेभ्यः शशंसुः देव-दारवः","तस्य उत्सृष्ट-निवासेषु कण्ठ-रज्जु-क्षत-त्वचः देव-दारवः किरातेभ्यः गज-वर्ष्म शशंसुः","तस्योत्सृष्टनिवासेषु कण्ठरज्जुक्षतत्वचः।#गजवर्ष्म किरातेभ्यः शशंसुर्देवदारवः॥"
"तत्र जन्यम् रघोः घोरं पर्वतीयैः गणैः (सह​) अभूत् नाराच-क्षेपणीय-अश्म-निष्पेष-उत्पतित-अनलम्","तत्र रघोः पर्वतीयैः गणैः (सह​) नाराच-क्षेपणीय-अश्म-निष्पेष-उत्पतित-अनलम् घोरं जन्यम् अभूत्","तत्र जन्यं रघोर्घोरं पर्वतीयैर्गणैरभूत्।#नाराचक्षेपणीयाश्मनिष्पेषोत्पतितानलम्॥"
"शरैः उत्सवसङ्केतान् सः कृत्वा विरत-उत्सवान् जय-उदाहरणम् बाह्वोः गापयामास किन्नरान्","सः शरैः उत्सवसङ्केतान् विरत-उत्सवान् कृत्वा किन्नरान् बाह्वोः जय-उदाहरणम् गापयामास","शरैरुत्सवसङ्केतान्स कृत्वा विरतोत्सवान्।#जयोदाहरणं बाह्वोर्गापयामास किन्नरान्॥"
"परस्परेण विज्ञातः तेषु उपायन-पाणिषु राज्ञा हिमवतः सारः राज्ञः सारः हिम-अद्रिणा","तेषु उपायन-पाणिषु परस्परेण राज्ञा हिमवतः सारः हिम-अद्रिणा राज्ञः सारः विज्ञातः","परस्परेण विज्ञातस्तेषूपायनपाणिषु।#राज्ञा हिमवतः सारो राज्ञः सारो हिमाद्रिणा॥"
"तत्र अ-क्षोभ्यम् यश-राशिम् निवेश्य अवरुरोह सः पौलस्त्य-तुलितस्य अद्रेः आदधानः इव ह्रियम्","सः तत्र अ-क्षोभ्यम् यश-राशिम् निवेश्य पौलस्त्य-तुलितस्य अद्रेः ह्रियम् आदधानः इव अवरुरोह","तत्राक्षोभ्यं यशोराशिं निवेश्यावरुरोह सः।#पौलस्त्यतुलितस्याद्रेरादधान इव ह्रियम्॥"
"चकम्पे तीर्ण-लौहित्ये तस्मिन् प्राग्ज्योतिष-ईश्वरः तत्-गज-आलानताम् प्राप्तैः सह काला-गुरु-द्रुमैः","तस्मिन् तीर्ण-लौहित्ये प्राग्ज्योतिष-ईश्वरः तत्-गज-आलानताम् प्राप्तैः काला-गुरु-द्रुमैः सह चकम्पे","चकम्पे तीर्णलौहित्ये तस्मिन्प्राग्ज्योतिषेश्वरः।#तद्गजालानतां प्राप्तैः सह कालागुरुद्रुमैः॥"
"","","न प्रसेहे स रुद्धार्कमधारावर्षदुर्दिनम्।#रथवर्त्मरजोऽप्यस्य कुत एव पताकिनीम्॥"
"तम् ईशः कामरूपाणाम् अत्याखण्डल-विक्रमम् भेजे भिन्न-कटैः नागैः अन्यान् उपरुरोध यैः","कामरूपाणाम् ईशः अत्याखण्डल-विक्रमम् तम् भिन्न-कटैः नागैः भेजे यैः अन्यान् उपरुरोध","तमीशः कामरूपाणामत्याखण्डलविक्रमम्।#भेजे भिन्नकटैर्नागैरन्यानुपरुरोध यैः॥"
"कामरूप-ईश्वर तस्य हेम-पीठ-अधिदेवताम् रत्न-पुष्प-उपहारेण छायाम् आनर्च पादयोः","कामरूप-ईश्वर हेम-पीठ-अधिदेवताम् तस्य पादयोः छायाम् रत्न-पुष्प-उपहारेण आनर्च","कामरूपेश्वरस्तस्य हेमपीठाधिदेवताम्।#रत्नपुष्पोपहारेण छायामानर्च पादयोः॥"
"इति जित्वा दिशः जिष्णुः न्यवर्तत रथ-उद्धतम् रजः विश्रामयन् राज्ञाम् छत्र-शून्येषु मौलिषु","जिष्णुः इति दिशः जित्वा रथ-उद्धतम् रजः छत्र-शून्येषु राज्ञाम् मौलिषु विश्रामयन् न्यवर्तत","इति जित्वा दिशो जिष्णुर्न्यवर्तत रथोद्धतम्।#रजो विश्रामयन्राज्ञां छत्रशून्येषु मौलिषु॥"
"सः विश्व-जितम् आजह्रे यज्ञम् सर्वस्व-दक्षिणम्; आदानम् हि विसर्गाय सताम् वारि-मुचाम्-इव (भवति)","सः सर्वस्व-दक्षिणम् विश्व-जितम् यज्ञम् आजह्रे; हि वारि-मुचाम्-इव सताम् आदानम् विसर्गाय (भवति)","स विश्वजितमाजह्रे यज्ञं सर्वस्वदक्षिणम्।#आदानं हि विसर्गाय सतां वारिमुचामिव॥"
"सत्र-अन्ते सचिव-सखः पुरस्क्रियाभिः गुर्वीभिः शमित-पराजय-व्यलीकान् काकुत्स्थः चिर-विरहोत्सुक-अवरोधान् राजन्यान् स्वपुर-निवृत्तये अनुमेने (सन्)","काकुत्स्थः सत्र-अन्ते सचिव-सखः (सन्) गुर्वीभिः पुरस्क्रियाभिः शमित-पराजय-व्यलीकान् चिर-विरहोत्सुक-अवरोधान् राजन्यान् स्वपुर-निवृत्तये अनुमेने","सत्रान्ते सचिवसखः पुरस्क्रियाभि-र्गुर्वीभिः शमितपराजयव्यलीकान्।#काकुत्स्थश्चिरविरहोत्सुकावरोधान् राजन्यान्स्वपुरनिवृत्तयेऽनुमेने॥"
"ते रेखाध्वज-कुलिश-आतपत्र-चिह्नम् सम्राजः चरणयुगं प्रसाद-लभ्यम् प्रस्थान-प्रणतिभिः अङ्गुलीषु चक्रुः मौलि-स्रक्-च्युत-मकरन्द-रेणु-गौरम्","ते रेखाध्वज-कुलिश-आतपत्र-चिह्नम् प्रसाद-लभ्यम् सम्राजः चरणयुगं प्रस्थान-प्रणतिभिः अङ्गुलीषु मौलि-स्रक्-च्युत-मकरन्द-रेणु-गौरम् चक्रुः","ते रेखाध्वज​कुलिशातपत्रचिह्नं सम्राजश्चरणयुगं प्रसादलभ्यम्।#प्रस्थानप्रणतिभिरङ्गुलीषु चक्रु-र्मौलिस्रक्च्युतमकरन्दरेणुगौरम्॥"
"न प्रसेहे सः रुध्दा-कर्म अ-धारा-वर्ष-दुर्दिनम् रथ-वर्त्म-रजः अपि अस्य कुतः एव पताकिनीम् (प्रसेहे)","सः रुध्दा-कर्म अ-धारा-वर्ष-दुर्दिनम् अस्य रथ-वर्त्म-रजः अपि न प्रसेहे पताकिनीम् कुतः एव (प्रसेहे)","न प्रसेहे स रुध्दाकर्मधारावर्षदुर्दिनम् ।#
रथवर्त्मरजोऽप्यस्य कुत एव पताकिनीम्॥"
"विश्वजिति अध्वरे निःशेष-विश्राणित-कोश-जातम् तं क्षितीशम् उपात्त-विद्यः गुरु-दक्षिण-अर्थी वरतन्तु-शिष्यः कौत्सः प्रपेदे (सन्)","विश्वजिति अध्वरे निःशेष-विश्राणित-कोश-जातम् क्षितीशम् उपात्त-विद्यः वरतन्तु-शिष्यः कौत्सः गुरु-दक्षिण-अर्थी (सन्) तं प्रपेदे"," तमध्वरे विश्वजिति क्षितीशं निःशेषविश्राणितकोशजातम्।# उपात्तविद्यो गुरुदक्षिणार्थी कौत्सः प्रपेदे वरतन्तुशिष्यः।।"
"अनर्घ-शीलः यशसा प्रकाशः आतिथेयः सः वीतहिरण्मयत्वात् अर्घ्यं मृण्मये पात्रे निधाय श्रुत-प्रकाशं अतिथिम् प्रत्युज्जगाम (रघुः)","अनर्घ-शीलः यशसा प्रकाशः आतिथेयः सः (रघुः) वीतहिरण्मयत्वात् मृण्मये पात्रे अर्घ्यं निधाय श्रुत-प्रकाशं अतिथिम् प्रत्युज्जगाम"," स मृण्मये वीतहिरण्मयत्वात्पात्रे निधायार्घ्यमनर्घशीलः।# श्रुतप्रकाशं यशसा प्रकाशः प्रत्युज्जगामातिथिमातिथेयः।।"
"विधि-ज्ञः मान-धन-अग्रयायी कृत्य-वित् विशां पतिः विष्टर-भाजं तं तपो-धनं विधिवत् अर्चयित्वा आरात् कृत-अञ्जलिः इति उवाच (सन्)","विधि-ज्ञः मान-धन-अग्रयायी कृत्य-वित् विशां पतिः तपो-धनं आरात् विष्टर-भाजं तं विधिवत् अर्चयित्वा कृत-अञ्जलिः (सन्) इति उवाच"," तमर्चयित्वा विधिवद्विधिज्ञस्तपोधनं मानधनाग्रयायी।# विशांपतिर्विष्टरभाजमारात्कृताञ्जलिः कृत्यविदित्युवाच।।"
"कुश-अग्र-बुद्धे मन्त्र-कृतां ऋषीणां अग्रणीः ते गुरुः कुशली अपि यतः त्वया अशेषं ज्ञानं लोकेन उष्ण-रश्मेः चैतन्यम्-इव आप्तम् (किम्) (अस्ति)","कुश-अग्र-बुद्धे मन्त्र-कृतां ऋषीणां अग्रणीः ते गुरुः कुशली अपि (अस्ति) लोकेन उष्ण-रश्मेः चैतन्यम्-इव (किम्) त्वया यतः अशेषं ज्ञानं आप्तम्"," अप्यग्रणीर्मन्त्रकृतामृषीणां कुशाग्रबुद्धे कुशली गुरुस्ते।# यतस्त्वया ज्ञानमशेषमाप्तं लोकेन चैतन्यमिवोष्णरश्मेः।।"
"कायेन वाचा मनसा अपि वासव-धैर्य-लोपि यत् शश्वत् सम्भृतम् महर्षेः त्रि-विधम् तत् तपः अन्तरायैः व्ययम् न आपाद्यते कच्चित् (च) (अस्ति) (तपः)","कायेन वाचा मनसा अपि (च) वासव-धैर्य-लोपि यत् (तपः) शश्वत् सम्भृतम् (अस्ति) महर्षेः त्रि-विधम् तत् तपः अन्तरायैः व्ययम् न आपाद्यते कच्चित्"," कायेन वाचा मनसाऽपि शश्वद्यत्संभृतं वासवधैर्यलोपि।# आपाद्यते न व्ययमन्तरायैः कच्चिन्महर्षेस्त्रिविधं तपस्तत्।।"
"आधार-बन्ध-प्रमुखैः प्रयत्नैः संवर्धितानाम् सुत-निर्विशेषम् कच्चित् न वाय्वादिः उपप्लवः वः श्रम-च्छिदाम् आश्रम-पादपानाम् (कारयति)","आधार-बन्ध-प्रमुखैः प्रयत्नैः सुत-निर्विशेषम् संवर्धितानाम् श्रम-च्छिदाम् वः आश्रम-पादपानाम् वाय्वादिः उपप्लवः न (कारयति) कच्चित्"," आधारबन्धप्रमुखैः प्रयत्नैः संवर्धितानां सुतनिर्विशेषम्।# कच्चिन्न वाय्वादिरुपप्लवो वः श्रमच्छिदामाश्रमपादपानाम्।।"
"क्रिया-निमित्तेषु अपि वत्सलत्वात् अ-भग्न-कामा मुनिभिः कुशेषु तत्-अङ्क-शय्या-च्युत-नाभि-नाला कच्चित् मृगीनाम् अनघा प्रसूतिः (भवति)","मुनिभिः वत्सलत्वात् क्रिया-निमित्तेषु अपि कुशेषु अ-भग्न-कामा तत्-अङ्क-शय्या-च्युत-नाभि-नाला मृगीनाम् प्रसूतिः अनघा (भवति) कच्चित्"," क्रियानिमित्तेष्वपि वत्सलत्वादभग्नकामा मुनिभिः कुशेषु।# तदङ्कशय्याच्युतनाभिनाला कच्चिन्मृगीणामनघा प्रसूतिः।।"
"निर्वर्त्यते यैः नियम-अभिषेकः येभ्यः निवाप-अञ्जलयः पितॄणाम् तानि उञ्छ-षष्ठ-अङ्कित-सैकतानि शिवानि वः तीर्थ-जलानि कच्चित् (भवन्ति) (निर्वर्त्यन्ते)","यैः नियम-अभिषेकः निर्वर्त्यते येभ्यः पितॄणाम् निवाप-अञ्जलयः (निर्वर्त्यन्ते) उञ्छ-षष्ठ-अङ्कित-सैकतानि तानि वः तीर्थ-जलानि शिवानि (भवन्ति) कच्चित्"," निर्वर्त्यते यैर्नियमाभिषेको येभ्यो निवापाञ्जलयः पितॄणाम्।# तान्युञ्छषष्ठाङ्कितसैकतानि शिवानि वस्तीर्थजलानि कच्चित्।।"
"काल-उपपन्न-अ-तिथि-कल्प्य-भागम् वन्यम् शरीर-स्थिति-साधनम् वः नीवार-पाकादि जानपदैः कडङ्गरीयैः न आमृश्यते कच्चित्","काल-उपपन्न-अ-तिथि-कल्प्य-भागम् वन्यम् वः शरीर-स्थिति-साधनम् नीवार-पाकादि जानपदैः कडङ्गरीयैः न आमृश्यते कच्चित्"," नीवारपाकादि कडङ्गरीयैरामृश्यते जानपदैर्न कच्चित्।# कालोपपन्नातिथिकल्प्यभागं वन्यं शरीरस्थितिसाधनं वः।।"
"त्वं प्रसन्नेन महर्षिणा सम्यक् विनीय गृहाय अपि अनुमतः हि ते सर्व-उपकार-क्षमं द्वितीयम् आश्रमं संक्रमितुं अयं कालः (भवति)","महर्षिणा प्रसन्नेन सम्यक् विनीय त्वं गृहाय अनुमतः अपि हि सर्व-उपकार-क्षमं द्वितीयम् आश्रमं संक्रमितुं अयं ते कालः (भवति)"," अपि प्रसन्नेन महर्षिणा त्वं सम्यग्विनीयानुमतो गृहाय।# कालो ह्ययं संक्रमितुं द्वितीयं सर्वोपकारक्षममाश्रमं ते।।"
"तव अर्हतः न अभिगमेन तृप्तम् मनः नियोग-क्रियया उत्सुकम् मे अपि आज्ञया शासितुः आत्मना वा प्राप्तः असि सम्भावयितुम् वनात् माम् (अस्ति) (अस्ति) (किन्तु) (मे) (मनः) (त्वम्)","अर्हतः तव अभिगमेन मे मनः न तृप्तम् (अस्ति) (किन्तु) नियोग-क्रियया (मे) (मनः) उत्सुकम् (अस्ति) (त्वम्) अपि शासितुः आज्ञया वा आत्मना माम् सम्भावयितुम् वनात् प्राप्तः असि"," तवार्हतो नाभिगमेन तृप्तं मनो नियोगक्रिययोत्सुकं मे।# अप्याज्ञया शासितुरात्मना वा प्राप्तोऽसि संभावयितुं वनान्माम्।।"
"इति अर्घ्य-पात्र-अनुमितव्ययस्य रघोः उदाराम् अपि गां निशम्य स्वार्थ-उपपत्तिं प्रति दुर्बलाशः तं इति अवोचत् वरतन्तु-शिष्यः (सन्)","वरतन्तु-शिष्यः अर्घ्य-पात्र-अनुमितव्ययस्य रघोः इति उदाराम् अपि गां निशम्य स्वार्थ-उपपत्तिं प्रति दुर्बलाशः (सन्) तं इति अवोचत्"," इत्यर्घ्यपात्रानुमितव्ययस्य रघोरुदारामपि गां निशम्य।# स्वार्थोपपत्तिं प्रति दुर्बलाशस्तमित्यवोचद्वरतन्तुशिष्यः।।"
"सर्वत्र नः वार्तम् अवेहि राजन् नाथे कुतः त्वयि अशुभम् प्रजानाम् सूर्ये तपति आवरणाय दृष्टेः कल्पेत लोकस्य कथं तमिस्रा (त्वम्) (सति) (अस्ति)","राजन् (त्वम्) नः सर्वत्र वार्तम् अवेहि त्वयि नाथे (सति) प्रजानाम् अशुभम् कुतः (अस्ति) सूर्ये तपति लोकस्य दृष्टेः आवरणाय तमिस्रा कथं कल्पेत"," सर्वत्र नो वार्तमवेहि राजन्नाथे कुतस्त्वय्यशुभं प्रजानाम्।# सूर्ये तपत्यावरणाय दृष्टेः कल्पेत लोकस्य कथं तमिस्रा।।"
"भक्तिः प्रतीक्ष्येषु कुल-उचिता ते पूर्वान् महाभाग तया अतिशेषे व्यतीत-कालः तु अहम् अभ्युपेतः त्वाम् अर्थि-भावात् इति मे विषादः (अस्ति) (सन्) (अस्ति)","महाभाग ते भक्तिः प्रतीक्ष्येषु कुल-उचिता (अस्ति) तया पूर्वान् अतिशेषे अहम् तु अर्थि-भावात् व्यतीत-कालः (सन्) त्वाम् अभ्युपेतः इति मे विषादः (अस्ति)"," भक्तिः प्रतीक्ष्येषु कुलोचिता ते पूर्वान्महाभाग तयातिशेषे।# व्यतीतकालस्त्वहमभ्युपेतस्त्वामर्थिभावादिति मे विषादः।।"
"शरीर-मात्रेण नरेन्द्र तिष्ठन् आभासि तीर्थ-प्रतिपादित-ऋद्धिः आरण्यक-उपात्तफलप्रसूतिः स्तम्बेन नीवारः-इव अवशिष्टः (त्वम्)","नरेन्द्र तीर्थ-प्रतिपादित-ऋद्धिः (त्वम्) शरीर-मात्रेण तिष्ठन् आरण्यक-उपात्तफलप्रसूतिः स्तम्बेन अवशिष्टः नीवारः-इव आभासि"," शरीरमात्रेण नरेन्द्र तिष्ठन्नाभासि तीर्थप्रतिपादितर्द्धिः।# आरण्यकोपात्तफलप्रसूतिः स्तम्बेन नीवार इवावशिष्टः।।"
"स्थाने भवान् एक-नर-अधिपः सन् अकिञ्चनत्वम् मखजम् व्यनक्ति पर्याय-पीतस्य सुरैः हिमांशोः कला-क्षयः श्लाघ्यतरः हि वृद्धेः (यत्) (तत्) (भवति) (भवति)","भवान् एक-नर-अधिपः सन् मखजम् अकिञ्चनत्वम् (यत्) व्यनक्ति (तत्) स्थाने (भवति) हि सुरैः पर्याय-पीतस्य हिमांशोः कला-क्षयः वृद्धेः श्लाघ्यतरः (भवति)"," स्थाने भवानेकनराधिपः सन्नकिञ्चनत्वं मखजं व्यनक्ति।# पर्यायपीतस्य सुरैर्हिमांशोः कलाक्षयः श्लाघ्यतरो हि वृद्धेः।।"
"तत् अन्यतः तावत् अनन्य-कार्यः गुर्वर्थम् आहर्तुम् अहं यतिष्ये; स्वस्ति अस्तु ते; निर्गलित-अम्बु-गर्भम् शरद्-घनम् न अर्दति चातकः अपि","तत् अनन्य-कार्यः अहं तावत् अन्यतः गुर्वर्थम् आहर्तुम् यतिष्ये; ते स्वस्ति अस्तु; चातकः अपि निर्गलित-अम्बु-गर्भम् शरद्-घनम् न अर्दति"," तदन्यतस्तावदनन्यकार्यो गुर्वर्थमाहर्तुमहं यतिष्ये।# स्वस्त्यस्तु ते निर्गलिताम्बुगर्भं शरद्घनं नार्दति चातकोऽपि।।"
"एतावत् उक्त्वा प्रतियातु-कामम् शिष्यम् महर्षेः नृपतिः निषिध्य किम् वस्तु विद्वन् गुरवे प्रदेयम् त्वया कियत् वा इति तम् अन्वयुङ्क्त (अस्ति)","एतावत् उक्त्वा प्रतियातु-कामम् महर्षेः शिष्यम् नृपतिः निषिध्य विद्वन् त्वया गुरवे प्रदेयम् किम् वस्तु वा कियत् (अस्ति) इति तम् अन्वयुङ्क्त"," एतावदुक्त्वा प्रतियातुकामं शिष्यं महर्षेर्नृपतिर्निषिध्य।# किं वस्तु विद्वन्गुरवे प्रदेयं त्वया कियद्वेति तमन्वयुङ्क्त।।"
"ततः यथावत् विहित-अध्वराय स्मय-आवेश-विवर्जिताय वर्ण-आश्रमाणां गुरवे तस्मै सः वर्णी विचक्षणः प्रस्तुतम् आचचक्षे","ततः यथावत् विहित-अध्वराय स्मय-आवेश-विवर्जिताय वर्ण-आश्रमाणां गुरवे तस्मै सः विचक्षणः वर्णी प्रस्तुतम् आचचक्षे"," ततो यथावद्विहिताध्वराय तस्मै स्मयावेशविवर्जिताय।# वर्णाश्रमाणां गुरवे स वर्णी विचक्षणः प्रस्तुतमाचचक्षे।।"
"समाप्त-विद्येन मया महा-ऋषिः विज्ञापितः अभूत् गुरु-दक्षिणायै; सः चिराय अ-स्खलित-उपचारां मे तां भक्तिम् एव अगणयत् पुरस्तात्","समाप्त-विद्येन मया महा-ऋषिः गुरु-दक्षिणायै विज्ञापितः अभूत्; सः चिराय अ-स्खलित-उपचारां तां मे भक्तिम् एव अगणयत् पुरस्तात्"," समाप्तविद्येन मया महर्षिर्विज्ञापितोऽभूद्गुरुदक्षिणायै।# स मे चिरायास्खलितोपचारां तां भक्तिमेवागणयत्पुरस्तात्।।"
"निर्बन्ध-सञ्जात-रुषा अर्थ-कार्श्यम् अचिन्तयित्वा गुरुणा अहम् उक्तः वित्तस्य विद्या-परिसङ्ख्यया मे कोटीः चतस्रः दश च आहर इति","निर्बन्ध-सञ्जात-रुषा गुरुणा अर्थ-कार्श्यम् अचिन्तयित्वा इति अहम् उक्तः विद्या-परिसङ्ख्यया वित्तस्य चतस्रः दश च कोटीः मे आहर"," निर्बन्धसंजातरुषार्थकार्श्यमचिन्तयित्वा गुरुणाहमुक्तः।# वित्तस्य विद्यापरिसंख्यया मे कोटीश्चतस्रो दश चाहरेति।।"
"सः अहम् सपर्याविधि-भाजनेन मत्वा भवन्तं प्रभुशब्द-शेषम् अभ्युत्सहे संप्रति न उपरोद्धुम् अल्प-इतरत्वात् श्रुत-निष्क्रयस्य","सः अहम् सपर्याविधि-भाजनेन भवन्तं प्रभुशब्द-शेषम् मत्वा श्रुत-निष्क्रयस्य अल्प-इतरत्वात् संप्रति उपरोद्धुम् न अभ्युत्सहे"," सोऽहं सपर्याविधिभाजनेन मत्वा भवन्तं प्रभुशब्दशेषम्।# अभ्युत्सहे संप्रति नोपरोद्धुमल्पेतरत्वाच्छ्रुतनिष्क्रयस्य।।"
"इत्थम् द्विजेन द्विज-राज-कान्तिः आवेदितः वेदविदां वरेण एनो-निवृत्त-इन्द्रिय-वृत्तिः एनं जगाद भूयः जगत्-एक-नाथः (सन्)","इत्थम् वेदविदां वरेण द्विजेन आवेदितः (सन्) द्विज-राज-कान्तिः एनो-निवृत्त-इन्द्रिय-वृत्तिः जगत्-एक-नाथः भूयः एनं जगाद"," इत्थं द्विजेन द्विजराजकान्तिरावेदितो वेदविदां वरेण।# एनोनिवृत्तेन्द्रियवृत्तिरेनं जगाद भूयो जगदेकनाथः।।"
"गुर्वर्थम् अर्थी श्रुत-पारदृश्वा रघोः सकाशात् अन्-अवाप्य कामम् गतः वदान्य-अन्तरम् इति अयम् मे मा भूत् परीवाद-नव-अवतारः","श्रुत-पारदृश्वा गुर्वर्थम् अर्थी रघोः सकाशात् कामम् अन्-अवाप्य वदान्य-अन्तरम् गतः इति अयम् मे परीवाद-नव-अवतारः मा भूत्"," गुर्वर्थमर्थी श्रुतपारदृश्वा रघोः सकाशादनवाप्य कामम्।# गतो वदान्यान्तरमित्ययं मे मा भूत्परीवादनवावतारः।।"
"सः त्वं प्रशस्ते महिते मदीये अग्न्यगारे चतुर्थः अग्निः-इव वसन् द्वित्राणि अहानि सोढुम् अर्हसि अर्हन् त्वत्-अर्थम् साधयितुम् यावत् यते","अर्हन् सः त्वं प्रशस्ते महिते मदीये अग्न्यगारे चतुर्थः अग्निः-इव वसन् द्वित्राणि अहानि सोढुम् अर्हसि यावत् त्वत्-अर्थम् साधयितुम् यते"," स त्वं प्रशस्ते महिते मदीये वसंश्चतुर्थोऽग्निरिवाग्न्यगारे।# द्वित्राण्यहान्यर्हसि सोढुमर्हन् यावद्यते साधयितुं त्वदर्थम्।।"
"अग्रजन्मा प्रतीतः तस्य अवितथं संगरम् तथा इति प्रत्यग्रहीत् (सन्) (कौत्सः); रघुः अपि गां आत्तसारां अवेक्ष्य कुबेरात् अर्थं निष्क्रष्टुम् चकमे","अग्रजन्मा (कौत्सः) प्रतीतः (सन्) तस्य अवितथं संगरम् तथा इति प्रत्यग्रहीत्; रघुः अपि गां आत्तसारां अवेक्ष्य कुबेरात् अर्थं निष्क्रष्टुम् चकमे"," तथेति तस्यावितथं प्रतीतः प्रत्यग्रहीत्संगरमग्रजन्मा।# गामात्तसारां रघुरप्यवेक्ष्य निष्क्रष्टुमर्थं चकमे कुबेरात्।।"
"वसिष्ठ-मन्त्रोक्षण-जात् प्रभावात् उदन्वत्-आकाश-महीधरेषु मरुत्-सखस्य इव बलाहकस्य गतिः विजघ्ने न हि तद्-रथस्य (गतिः)","वसिष्ठ-मन्त्रोक्षण-जात् प्रभावात् उदन्वत्-आकाश-महीधरेषु मरुत्-सखस्य बलाहकस्य (गतिः) इव तद्-रथस्य गतिः न हि विजघ्ने"," वसिष्ठमन्त्रोक्षणजात्प्रभावादुदन्वदाकाशमहीधरेषु।# मरुत्सखस्येव बलाहकस्य गतिर्विजघ्ने न हि तद्रथस्य।।"
"अथ अधिशिश्ये प्रयतः प्रदोषे रथम् रघुः कल्पितशस्त्र-गर्भम् सामन्त-सम्भावनया एव धीरः कैलास-नाथम् तरसा जिगीषुः (सन्)","अथ प्रयतः धीरः रघुः सामन्त-सम्भावनया एव कैलास-नाथम् तरसा जिगीषुः (सन्) प्रदोषे कल्पितशस्त्र-गर्भम् रथम् अधिशिश्ये"," अथाधिशिश्ये प्रयतः प्रदोषे रथं रघुः कल्पितशस्त्रगर्भम्।# सामन्तसंभावनयैव धीरः कैलासनाथं तरसा जिगीषुः।।"
"प्रातः प्रयाण-अभिमुखाय तस्मै स-विस्मयाः कोष-गृहे नियुक्ताः हिरण्मयीम् कोष-गृहस्य मध्ये वृष्टिं शशंसुः पतितां नभस्तः (जनाः) सन्तः (रघवे)","कोष-गृहे नियुक्ताः (जनाः) स-विस्मयाः सन्तः प्रातः प्रयाण-अभिमुखाय तस्मै (रघवे) कोष-गृहस्य मध्ये हिरण्मयीम् नभस्तः पतितां वृष्टिं शशंसुः"," प्रातः प्रयाणाभिमुखाय तस्मै सविस्मयाः कोषगृहे नियुक्ताः।# हिरण्मयीं कोषगृहस्य मध्ये वृष्टिं शशंसुः पतितां नभस्तः।।"
"तं भूपतिः भासुर-हेम-राशिम् लब्धम् कुबेरात् अभियास्यमानात् दिदेश कौत्साय समस्तम् एव पादम्-इव सुमेरोः वज्र-भिन्नम्","भूपतिः अभियास्यमानात् कुबेरात् लब्धम् वज्र-भिन्नम् सुमेरोः पादम्-इव तं भासुर-हेम-राशिम् समस्तम् एव कौत्साय दिदेश"," स भूपतिर्भासुरहेमराशिं लब्धं कुबेरादभियास्यमानात्।# दिदेश कौत्साय समस्तमेव पादं सुमेरोरिव वज्रभिन्नम्।।"
"जनस्य साकेत-निवासिनः तौ द्वौ अपि अभूताम् अभिनन्द्य-सत्त्वौ गुरुप्रदेयाधिक-निःस्पृहः अर्थी नृपः अर्थि-कामात् अधिक-प्रदः च","गुरुप्रदेयाधिक-निःस्पृहः अर्थी अर्थि-कामात् अधिक-प्रदः च नृपः साकेत-निवासिनः जनस्य तौ द्वौ अपि अभिनन्द्य-सत्त्वौ अभूताम्"," जनस्य साकेतनिवासिनस्तौ द्वावप्यभूतावभिनन्द्यसत्त्वौ।# गुरुप्रदेयाधिकनिःस्पृहोऽर्थी नृपोऽर्थिकामादधिकप्रदश्च।।"
"अथ उष्ट्र-वामी-शत-वाहितार्थम् प्रजा-ईश्वरम् प्रीत-मना महर्षिः स्पृशन् करेण आनत-पूर्वकायम् संप्रस्थितः वाचम् उवाच कौत्सः","अथ प्रीत-मना संप्रस्थितः महर्षिः कौत्सः उष्ट्र-वामी-शत-वाहितार्थम् आनत-पूर्वकायम् प्रजा-ईश्वरम् करेण स्पृशन् वाचम् उवाच"," अथोष्ट्रवामीशतवाहितार्थं प्रजेश्वरं प्रीतमना महर्षिः।# स्पृशन्करेणानतपूर्वकायं संप्रस्थितो वाचमुवाच कौत्सः।।"
"किम् अत्र चित्रम् यदि कामसूः भूः वृत्ते स्थितस्य अधिपतेः प्रजानाम् (अस्ति); अ-चिन्तनीयः तु तव प्रभावः (अस्ति); मनीषितं द्यौः अपि येन दुग्धा","वृत्ते स्थितस्य प्रजानाम् अधिपतेः यदि भूः कामसूः (अस्ति) अत्र किम् चित्रम्; तव प्रभावः तु अ-चिन्तनीयः (अस्ति); येन द्यौः अपि मनीषितं दुग्धा"," किमत्र चित्रं यदि कामसूर्भूर्वृत्ते स्थितस्याधिपतेः प्रजानाम्।# अचिन्तनीयस्तु तव प्रभावो मनीषितं द्यौरपि येन दुग्धा।।"
"आशास्यं अन्यत् पुनरुक्तभूतं श्रेयांसि सर्वाणि अधिजग्मुषः ते; ईड्यम् भवतः पिता-इव पुत्रं लभस्व आत्म-गुण-अनुरूपं भवन्तम् (त्वम्)","सर्वाणि श्रेयांसि अधिजग्मुषः ते अन्यत् आशास्यं पुनरुक्तभूतं; ईड्यम् भवन्तम् भवतः पिता-इव (त्वम्) आत्म-गुण-अनुरूपं पुत्रं लभस्व"," आशास्यमन्यत्पुनरुक्तभूतं श्रेयांसि सर्वाण्यधिजग्मुषस्ते।# पुत्रं लभस्वात्मगुणानुरूपं भवन्तमीड्यं भवतः पितेव।।"
"इत्थं प्रयुज्य आशिषम् अग्रजन्मा राज्ञे प्रतीयाय गुरोः सकाशम्; राजा अपि लेभे सुतम् आशु तस्मात् आलोकम्-इव अर्कात् जीवलोकः","अग्रजन्मा इत्थं राज्ञे आशिषम् प्रयुज्य गुरोः सकाशम् प्रतीयाय; राजा अपि जीवलोकः अर्कात् आलोकम्-इव तस्मात् आशु सुतम् लेभे"," इत्थं प्रयुज्याशिषमग्रजन्मा राज्ञे प्रतीयाय गुरोः सकाशम्।# राजापि लेभे सुतमाशु तस्मादालोकमर्कादिव जीवलोकः॥।।"
"ब्राह्मे मुहूर्ते किल तस्य देवी कुमार-कल्पम् सुषुवे कुमारम्; अतः पिता ब्रह्मणः एव नाम्ना तम् आत्म-जन्मानम् अजम् चकार","तस्य देवी ब्राह्मे मुहूर्ते किल कुमार-कल्पम् कुमारम् सुषुवे; अतः पिता ब्रह्मणः एव नाम्ना तम् आत्म-जन्मानम् अजम् चकार"," ब्राह्मे मुहूर्ते किल तस्य देवी कुमारकल्पं सुषुवे कुमारम्।# अतः पिता ब्रह्मण एव नाम्ना तमात्मजन्मानमजं चकार।।"
"रूपम् तत् ओजस्वि तत् एव वीर्यम् तत् एव नैसर्गिकम् उन्नतत्वम् न कारणात् स्वात् बिभिदे कुमारः प्रवर्तितः दीपः-इव प्रदीपात् (अस्ति) (अजस्य) (अस्ति) (अजस्य) (अस्ति) (अजस्य)","(अजस्य) तत् ओजस्वि रूपम् (अस्ति) (अजस्य) तत् एव वीर्यम् (अस्ति) (अजस्य) तत् एव नैसर्गिकम् उन्नतत्वम् (अस्ति) प्रदीपात् प्रवर्तितः दीपः-इव कुमारः स्वात् कारणात् बिभिदे न"," रूपं तदोजस्वि तदेव वीर्यं तदेव नैसर्गिकमुन्नतत्वम्।# न कारणात्स्वाद्बिभिदे कुमारः प्रवर्तितो दीप इव प्रदीपात्।।"
"उपात्त-विद्यम् विधिवत् गुरुभ्यः तं यौवन-उद्भेद-विशेष-कान्तम् श्रीः साभिलाषा अपि गुरोः अनुज्ञाम् धीरा कन्या-इव पितुः आचकाङ्क्ष","गुरुभ्यः विधिवत् उपात्त-विद्यम् यौवन-उद्भेद-विशेष-कान्तम् तं साभिलाषा अपि श्रीः धीरा कन्या-पितुः इव गुरोः अनुज्ञाम् आचकाङ्क्ष"," उपात्तविद्यं विधिवद्गुरुभ्यस्तं यौवनोद्भेदविशेषकान्तम्।# श्रीः साभिलाषापि गुरोरनुज्ञां धीरेव कन्या पितुराचकाङ्क्ष।।"
"अथ ईश्वरेण क्रथकैशिकानाम् स्वयम्वर-अर्थम् स्वसुः इन्दुमत्याः आप्तः कुमार-आनयन-उत्सुकेन भोजेन दूतः रघवे विसृष्टः","अथ स्वसुः इन्दुमत्याः स्वयम्वर-अर्थम् कुमार-आनयन-उत्सुकेन क्रथकैशिकानाम् ईश्वरेण भोजेन आप्तः दूतः रघवे विसृष्टः"," अथेश्वरेण क्रथकैशिकानां स्वयंवरार्थं स्वसुरिन्दुमत्याः।# आप्तः कुमारानयनोत्सुकेन भोजेन दूतो रघवे विसृष्टः।।"
"तं श्लाघ्य-संबन्धम् असौ विचिन्त्य दार-क्रिया-योग्यदशम् च पुत्रम् प्रस्थापयामास ससैन्यम् एनम् ऋद्धाम् विदर्भ-अधिप-राजधानीम् विचिन्त्य","असौ तं श्लाघ्य-संबन्धम् विचिन्त्य पुत्रम् च दार-क्रिया-योग्यदशम् विचिन्त्य एनम् ससैन्यम् ऋद्धाम् विदर्भ-अधिप-राजधानीम् प्रस्थापयामास"," तं श्लाघ्यसंबन्धमसौ विचिन्त्य दारक्रियायोग्यदश च पुत्रम्।# प्रस्थापयामास ससैन्यमेनमृद्धां विदर्भाधिपराजधानीम्।।"
"उपकार्य-अरचितोपचाराः जानपद-उपदाभिः वन्य-इतराः तस्य मनुजेन्द्र-सूनोः मार्गे निवासाः उद्यान-विहार-कल्पाः बभूवुः","उपकार्य-अरचितोपचाराः जानपद-उपदाभिः वन्य-इतराः तस्य मनुजेन्द्र-सूनोः मार्गे निवासाः उद्यान-विहार-कल्पाः बभूवुः"," तस्योपकार्यारचितोपचारा वन्येतरा जानपदोपदाभिः।# मार्गे निवासा मनुजेन्द्रसूनोर्बभूवुरुद्यानविहारकल्पाः।। "
"सः नर्मदा-रोधसि सीकर-आर्द्रैः मरुद्भिः आनर्तित-नक्तमाले निवेशयामास विलङ्घित-अध्वा क्लान्तं रजोधूसरकेतु-सैन्यम्","विलङ्घित-अध्वा सः सीकर-आर्द्रैः मरुद्भिः आनर्तित-नक्तमाले नर्मदा-रोधसि क्लान्तं रजोधूसरकेतु-सैन्यम् निवेशयामास"," स नर्मदारोधसि सीकरार्द्रैर्मरुद्भिरानर्तितनक्तमाले।# निवेशयामास विलङ्घिताध्वा क्लान्तं रजोधूसरकेतु सैन्यम्॥"
"अथ उपरिष्टात् भ्रमरैः भ्रमद्भिः प्राक्सूचित-अन्तः-सलिल-प्रवेशः निर्धौतदान-अमलगण्डभित्तिः वन्यः सरित्तः गजः उन्ममज्ज","अथ उपरिष्टात् भ्रमद्भिः भ्रमरैः प्राक्सूचित-अन्तः-सलिल-प्रवेशः निर्धौतदान-अमलगण्डभित्तिः वन्यः गजः सरित्तः उन्ममज्ज"," अथोपरिष्टाद्भ्रमरैर्भ्रमद्भिः प्राक्सूचितान्तःसलिलप्रवेशः।# निर्धौतदानामलगण्डभित्तिर्वन्यः सरित्तो गज उन्ममज्ज॥"
"निःशेष-विक्षालित-धातुना अपि वप्र-क्रियाम् ऋक्षवतः तटेषु नील-ऊर्ध्व-रेखा-शबलेन शंसन् दन्त-द्वयेन अश्म-विकुण्ठितेन (बभौ) (गजः)","निःशेष-विक्षालित-धातुना अपि नील-ऊर्ध्व-रेखा-शबलेन अश्म-विकुण्ठितेन दन्त-द्वयेन ऋक्षवतः तटेषु वप्र-क्रियाम् शंसन् (गजः) (बभौ)","निःशेषविक्षालितधातुनापि वप्रक्रियामृक्षवतस्तटेषु।#नीलोर्ध्वरेखाशबलेन शंसन्दन्तद्वयेनाश्मविकुण्ठितेन॥"
"संहार-विक्षेप-लघुक्रियेण हस्तेन तीर-अभिमुखः सशब्दम् बभौ सः भिन्दन् बृहतः तरङ्गान् वार्यार्गगला-भङ्गे इव प्रवृत्तः","संहार-विक्षेप-लघुक्रियेण हस्तेन सशब्दम् बृहतः तरङ्गान् भिन्दन् तीर-अभिमुखः सः वार्यार्गगला-भङ्गे प्रवृत्तः इव बभौ","संहारविक्षेपलघुक्रियेण हस्तेन तीराभिमुखः सशब्दम्।#बभौ स भिन्दन्बृहतस्तरङ्गान्वार्यर्गलाभङ्ग इव प्रवृत्तः॥"
"शैल-उपमः शैवल-मञ्जरीणाम् जालानि कर्षन् उरसा सः पश्चात् पूर्वम् तत्-उत्पीडित-वारि-राशिः सरित्-प्रवाहः तटम् उत्ससर्प (उत्ससर्प)","शैल-उपमः सः उरसा शैवल-मञ्जरीणाम् जालानि कर्षन् पश्चात् उत्ससर्प तत्-उत्पीडित-वारि-राशिः सरित्-प्रवाहः पूर्वम् तटम् (उत्ससर्प)","शैलोपमः शैवलमञ्जरीणां जालानि कर्षन्नुरसा स पश्चात्।#पूर्वं तदुत्पीडितवारिराशिः सरित्प्रवाहस्तटमुत्ससर्प॥"
"तस्य एक-नागस्य कपोल-भित्त्योः जल-अवगाह-क्षण-मात्र-शान्ता वन्य-इतर-अनेकप-दर्शनेन पुनः दिदीपे मद-दुर्दिन-श्रीः","तस्य एक-नागस्य कपोल-भित्त्योः जल-अवगाह-क्षण-मात्र-शान्ता मद-दुर्दिन-श्रीः वन्य-इतर-अनेकप-दर्शनेन पुनः दिदीपे","तस्यैकनागस्य कपोलभित्त्योर्जलावगाहक्षणमेकशान्ता।#वन्येतरानेकपदर्शनेन पुनर्दिदीपे मददुर्दिनश्रीः॥"
"सप्त-छद-क्षीर-कटुप्रवाहम् अ-सह्यम् आघ्राय मदम् तदीयम् विलङ्घित-आधोरण-तीव्रयत्नाः सेना-गजेन्द्राः विमुखाः बभूवुः","सप्त-छद-क्षीर-कटुप्रवाहम् अ-सह्यम् तदीयम् मदम् आघ्राय सेना-गजेन्द्राः विलङ्घित-आधोरण-तीव्रयत्नाः विमुखाः बभूवुः","सप्तच्छदक्षीरकटुप्रवाहमसह्यमाघ्राय मदं तदीयम्।#विलङ्घिताधोरणतीव्रयत्नाः सेनागजेन्द्रा विमुखा बभूवुः॥"
"सः छिन्न-बन्ध-द्रुत-युग्य-शून्यं भग्न-अक्ष-पर्यस्तरथम् क्षणेन रामा-परित्राण-विहस्तयोधं सेना-निवेशं तुमुलं चकार","सः छिन्न-बन्ध-द्रुत-युग्य-शून्यं भग्न-अक्ष-पर्यस्तरथम् रामा-परित्राण-विहस्तयोधं सेना-निवेशं क्षणेन तुमुलं चकार","स च्छिन्नबन्धद्रुतयुग्यशून्यं भग्नक्षपर्यस्तरथं क्षणेन।#रामापरित्राणविहस्तयोधं सेनानिवेशं तुमुलं चकार॥"
"नृपतेः वन्यः करी अवध्यः (अस्ति) इति श्रुतवान् न-आत्यायत-कृष्टशार्ङ्गः कुमारः आपतन्तम् तम् निवर्त्तयिष्यन् विशिखेन कुम्भे जघान","नृपतेः वन्यः करी अवध्यः (अस्ति) इति श्रुतवान् कुमारः आपतन्तम् तम् निवर्त्तयिष्यन् न-आत्यायत-कृष्टशार्ङ्गः विशिखेन कुम्भे जघान","तमापतन्तं नृपतेरवध्यो वन्यः करीति श्रुतवान्कुमारः।#निर्वर्तयिष्यन्विशिखेन कुम्भे जघान नात्यायतकृष्टशार्ङ्गः॥"
"सः विद्ध-मात्रः किल नाग-रूपम् उत्सृज्य तत्-विस्मित-सैन्य-दृष्टः स्फुरत्-प्रभा-मण्डल-मध्य-वर्ति कान्तं वपुः व्योम-चरं प्रपेदे","सः विद्ध-मात्रः किल नाग-रूपम् उत्सृज्य तत्-विस्मित-सैन्य-दृष्टः स्फुरत्-प्रभा-मण्डल-मध्य-वर्ति कान्तं व्योम-चरं वपुः प्रपेदे","स विद्धमात्रः किल नागरूपमुत्सृज्य तद्विस्मितसैन्यदृष्टः।#स्फुरत्प्रभामण्डलमध्यवर्ति कान्तं वपुर्व्योमचरः प्रपेदे॥"
"अथ प्रभाव-उपनतैः कल्पद्रुम-उत्थैः पुष्पैः कुमारम् अवकीर्य दशन-प्रभाभिः संवर्धित-उरःस्थलतारहारः वाग्मी उवाच","अथ प्रभाव-उपनतैः कल्पद्रुम-उत्थैः पुष्पैः कुमारम् अवकीर्य दशन-प्रभाभिः संवर्धित-उरःस्थलतारहारः वाग्मी उवाच","अथ प्रभावोपनतैः कुमारं कल्पद्रुमोत्थैरवकीर्य पुष्पैः।#उवाच वाग्ग्मी दशनप्रभाभिः संवर्धितोरःस्थलतारहारः॥"
"(अहम्) मतङ्ग-शापात् अवलेप-मूलात् अवाप्तवान् अस्मि मतङ्गजत्वम्; मां गन्धर्व-पतेः प्रियदर्शनस्य तनूजं प्रियंवदं अवेहि","(अहम्) अवलेप-मूलात् मतङ्ग-शापात् मतङ्गजत्वम् अवाप्तवान् अस्मि; मां प्रियदर्शनस्य गन्धर्व-पतेः तनूजं प्रियंवदं अवेहि","मतङ्गशापादवलेपमूलादवाप्तवानस्मि मतङ्गजत्वम्।#अवेहि गन्धर्वपतेस्तनूजं प्रियंवदं मां प्रियदर्शनस्य॥"
"सः महर्षिः च प्रणतेन मया अनुनीतः पश्चात् मृदुतां अगच्छत्; उष्णत्वम् अग्न्या-तप-संप्रयोगात् शैत्यं हि यत् सा प्रकृतिः जलस्य (भवति) (अस्ति)","प्रणतेन मया अनुनीतः सः महर्षिः च पश्चात् मृदुतां अगच्छत्; हि जलस्य उष्णत्वम् अग्न्या-तप-संप्रयोगात् यत् (भवति) शैत्यं सा प्रकृतिः (अस्ति)","स चानुनीतः प्रणतेन पश्चान्मया महर्षिर्मृदुतामगच्छत्।#उष्णत्वमग्न्यातपसंप्रयोगाच्छैत्यं हि यत्सा प्रकृतिर्जलस्य॥"
"यदा इक्ष्वाकुवंश-प्रभवः अजः ते कुम्भम् अयोमुखेन भेत्स्यति तदा स्वेन वपुः-महिम्ना संयोक्ष्यसे इति सः तपोनिधिः माम् अवोचत्","इक्ष्वाकुवंश-प्रभवः यदा ते भेत्स्यति अजः कुम्भम् अयोमुखेन संयोक्ष्यसे स्वेन वपुः-महिम्ना तदा इति अवोचत् सः तपोनिधिः माम्","इक्ष्वाकुवंशप्रभवो यदा ते भेत्स्यत्यजः कुम्भमयोमुखेन।#संयोक्ष्यसे स्वेन वपुर्महिम्ना तदेत्यवोचत्स तपोनिधिर्माम्॥"
"संमोचितः सत्त्ववता त्वया अहम् शापात् चिरप्रार्थित-दर्शनेन; भवतः प्रतिप्रियम् न कुर्याम् चेत् मे स्व-पद-उपलब्धिः वृथा स्यात् हि","सत्त्ववता चिरप्रार्थित-दर्शनेन त्वया अहम् शापात् संमोचितः; भवतः प्रतिप्रियम् न हि कुर्याम् चेत् मे स्व-पद-उपलब्धिः वृथा स्यात्","संमोचितः सत्त्ववता त्वयाहं शापाच्चिरप्रार्थितदर्शनेन।#प्रतिप्रियं चेद्भवतो न कुर्यां वृथा हि मे स्यात्स्वपदोपलब्धिः॥"
"सखे यतः प्रयोक्तुः अरि-हिंसा च विजयः च हस्ते न (भवति) प्रयोग-संहार-विभक्तमन्त्रम् गान्धर्वम् सम्मोहनम् नाम मम अस्त्रम् आदत्स्व","सखे प्रयोग-संहार-विभक्तमन्त्रम् गान्धर्वम् सम्मोहनम् नाम मम अस्त्रम् आदत्स्व यतः प्रयोक्तुः अरि-हिंसा न च विजयः च हस्ते (भवति)","संमोहनं नाम सखे ममास्त्रं प्रयोगसंहारविभक्तमन्त्रम्।#गान्धर्वमादत्स्व यतः प्रयोक्तुर्न चारिहिंसा विजयश्च हस्ते॥"
"ह्रिया अलम् (अस्तु); यत् माम् प्रति त्वम् प्रहरन् अपि मुहूर्तम् दया-परः अभूः; तस्मात् मयि उपच्छन्दयति त्वया प्रतिषेध-रौक्ष्यम् न प्रयोज्यम्","ह्रिया अलम् (अस्तु); यत् माम् प्रति त्वम् प्रहरन् अपि मुहूर्तम् दया-परः अभूः; तस्मात् उपच्छन्दयति मयि त्वया प्रतिषेध-रौक्ष्यम् न प्रयोज्यम्","अलं ह्रिया मां प्रति यन्मुहूर्तं दयापरोऽभूः प्रहरन्नपि त्वम्।#तस्मादुपच्छन्दयति प्रयोज्यं मयि त्वया न प्रतिषेधरौक्ष्यम्॥"
"नृसोमः अस्त्र-वित् सः तथा इति सोम-उद्भवायाः सरितः पवित्रं पयः उपस्पृश्य उदङ्-मुखः निगृहीत-शापात् तस्मात् अस्त्र-मन्त्रं जग्राह","अस्त्र-वित् नृसोमः सः तथा इति सोम-उद्भवायाः सरितः पवित्रं पयः उपस्पृश्य उदङ्-मुखः निगृहीत-शापात् तस्मात् अस्त्र-मन्त्रं जग्राह","तथेत्युपस्पृश्य पयः पवित्रं सोमोद्भवायाः सरितो नृसोमः।#उदङ्मुखः सोऽस्त्रविदस्त्रमन्त्रं जग्राह तस्मान्निगृहीतशापात्॥"
"एवम् अध्वनि दैव-योगात् अचिन्त्य-हेतु सख्यम् आसेदुषोः तयोः एकः चैत्ररथ-प्रदेशान् ययौ अपरः सौराज्य-रम्यान् विदर्भान् (ययौ)","अध्वनि दैव-योगात् एवम् अचिन्त्य-हेतु सख्यम् आसेदुषोः तयोः एकः चैत्ररथ-प्रदेशान् ययौ अपरः सौराज्य-रम्यान् विदर्भान् (ययौ)","एवं तयोरध्वनि दैवयोगादासेदुषोः सख्यमचिन्त्यहेतु।#एको ययौ चैत्ररथप्रदेशान्सौराज्यरम्यानपरो विदर्भान्॥"
"तं तस्थिवांसं नगर-उपकण्ठे तद्-आगम-आरूढरूढगुरुप्रहर्षः प्रत्युज्जगाम क्रथकैशिक-इन्द्रः चन्द्रं प्रवृद्ध-ऊर्मिः ऊर्मि-माली-इव","नगर-उपकण्ठे तस्थिवांसं तं तद्-आगम-आरूढरूढगुरुप्रहर्षः क्रथकैशिक-इन्द्रः प्रवृद्ध-ऊर्मिः चन्द्रं ऊर्मि-माली-इव प्रत्युज्जगाम","तं तस्थिवांसं नगरोपकण्ठे तदागमारूढगुरुप्रहर्षः।#प्रत्युज्जगाम क्रथकैशिकेन्द्रश्चन्द्रं प्रवृद्धोर्मिरिवोर्मिमाली॥"
"प्रवेश्य च एनं पुरम् अग्रयायी नीचैः तथा उपाचरत् अर्पितश्रीः मेने यथा तत्र जनः समेतः वैदर्भम् आगन्तुम् अजं गृहेशम्","अग्रयायी एनं नीचैः पुरम् प्रवेश्य अर्पितश्रीः तथा उपाचरत् च यथा तत्र समेतः जनः वैदर्भम् आगन्तुम् अजं गृहेशम् मेने","प्रवेश्य चैनं पुनरग्रयायी नीचैस्तथोपाचरदर्पितश्रीः।#मेने यथा तत्र जनः समेतो वैदर्भमागन्तुमजं गृहेशम्॥"
"रघु-प्रतिनिधिः सः प्रणतैः तस्य अधिकार-पुरुषैः प्रदिष्टां प्राक्-द्वार-वेदिविनिवेशितपूर्णकुम्भाम् रम्याम् नव-उपकार्यां अध्युवास मदनः-इव बाल्यात् पराम् दशाम्","रघु-प्रतिनिधिः सः प्रणतैः तस्य अधिकार-पुरुषैः प्रदिष्टां प्राक्-द्वार-वेदिविनिवेशितपूर्णकुम्भाम् रम्याम् नव-उपकार्यां मदनः-इव बाल्यात् पराम् दशाम् अध्युवास","तस्याधिकारपुरुषैः प्रणतैः प्रदिष्टां प्राग्द्वारवेदिविनिवेशितपूर्णकुम्भाम्।#रम्यां रघुप्रतिनिधिः स नवोपकार्यां बाल्यात्परामिव दशां मदनोऽध्युवास॥"
"तत्र स्वयंवर-समाहृतराजलोकं कमनीयम् कन्या-ललाम लिप्सोः अजस्य भावावबोध-कलुषा दयिता-इव रात्रौ निद्रा चिरेण नयनाभिमुखी बभूव","तत्र स्वयंवर-समाहृतराजलोकं कन्या-ललाम कमनीयम् लिप्सोः अजस्य रात्रौ भावावबोध-कलुषा दयिता-इव निद्रा चिरेण नयनाभिमुखी बभूव","तत्र स्वयंवरसमाहृतराजलोकं कन्याललाम कमनीयमजस्य लिप्सोः।#भावावबोधकलुषा दयितेव रात्रौ निद्रा चिरेण नयनाभिमुखी बभूव॥"
"कर्ण-भूषण-निपीडितपीवरांसं शय्योत्तरच्छद-विमर्द-कृशाङ्गरागम् प्रथित-प्रबोधं तं सवयसः उदार-वाचः सूत-आत्मजाः वाग्भिः उषसि प्राबोधयन्","सवयसः उदार-वाचः सूत-आत्मजाः उषसि कर्ण-भूषण-निपीडितपीवरांसं शय्योत्तरच्छद-विमर्द-कृशाङ्गरागम् प्रथित-प्रबोधं तं वाग्भिः प्राबोधयन्","तं कर्णभूषणनिपीडितपीवरांसं शय्योत्तरच्छदविमर्दकृशाङ्गरागम्।#सूतात्मजाः सवयसः प्रथितप्रबोधं प्राबोधयन्नुषसि वाग्भिरुदारवाचः॥"
"रात्रिः गता मतिमताम् वर; मुञ्च शय्याम् (त्वम्); धात्रा द्विधा एव ननु धूः जगतः विभक्ता; ताम् एकतः तव बिभर्ति गुरुः विनिद्रः; तस्याः भवान् अपरधुर्यपद-अवलम्बी (भवतु)","मतिमताम् वर रात्रिः गता; (त्वम्) शय्याम् मुञ्च; धात्रा जगतः धूः द्विधा एव विभक्ता ननु; ताम् एकतः तव गुरुः विनिद्रः बिभर्ति; तस्याः अपरधुर्यपद-अवलम्बी भवान् (भवतु)","रात्रिर्गता मतिमतां वर मुञ्च शय्यां धात्रा द्विधैव ननु धूर्जगतो विभक्ता।#तामेकतस्तव बिभर्ति गुरुर्विनिद्र-स्तस्या भवानपरधुर्यपदावलम्बी॥"
"निद्रा-वशेन भवता अपि अन्-अवेक्षमाणा पर्युत्सुकत्वम् अबला-इव निशि खण्डिता लक्ष्मीः विनोदयति येन दिक्-अन्त-लम्बी सः अपि त्वत्-आनन-रुचिम् विजहाति चन्द्रः","लक्ष्मीः निद्रा-वशेन भवता पर्युत्सुकत्वम् अपि अन्-अवेक्षमाणा खण्डिता अबला-इव निशि येन विनोदयति सः चन्द्रः अपि दिक्-अन्त-लम्बी त्वत्-आनन-रुचिम् विजहाति","निद्रावशेन भवताप्यनवेक्षमाणा पर्युत्सुकत्वमबला निशि खण्डितेव।#लक्ष्मीर्विनोदयति येन दिगन्तलम्बी सोऽपि त्वदाननरुचिं विजहाति चन्द्रः॥"
"तत् वल्गुना युगपत् उन्मिषितेन तावत् सद्यः परस्पर-तुलाम् अधिरोहताम् द्वे प्रस्पन्दमान-पुरुषेतरतारम् अन्तः चक्षुः तव प्रचलित-भ्रमरम् च पद्मम्","तत् अन्तः प्रस्पन्दमान-पुरुषेतरतारम् तव चक्षुः प्रचलित-भ्रमरम् पद्मम् च द्वे वल्गुना युगपत् तावत् उन्मिषितेन सद्यः परस्पर-तुलाम् अधिरोहताम्","तद्वल्गुना युगपदुन्मिषितेन तावत्-सद्यः परस्परतुलामधिरोहतां द्वे।#प्रस्पन्दमानपरुषेतरतारमन्त-श्चक्षुस्तव प्रचलितभ्रमरं च पद्मम्॥"
"विभातवायुः स्वाभाविकम् ते मुख-मारुतस्य सौरभ्यम् पर-गुणेन ईप्सुः इव अनोकहानाम् श्लथम् पुष्पम् वृन्तात् हरति अरुण-अंशु-भिन्नैः सरसिजैः संसृज्यते","विभातवायुः ते मुख-मारुतस्य स्वाभाविकम् सौरभ्यम् पर-गुणेन ईप्सुः इव अनोकहानाम् श्लथम् पुष्पम् वृन्तात् हरति अरुण-अंशु-भिन्नैः सरसिजैः संसृज्यते","वृन्ताच्छ्लथं हरति पुष्पमनोकहानां संसृज्यते सरसिजैररुणांशुभिन्नैः।#स्वाभाविकं परगुणेन विभातवायुः सौरभ्यमीप्सुरिव ते मुखमारुतस्य॥"
"ताम्र-उदरेषु तरु-पल्लवेषु पतितम् निर्धौत-हार-गुलिका-विशदम् हिम-अम्भः लब्धपरभागतया अधर-ओष्ठे त्वदीयम् सदशनार्चि लीलास्मितम्-इव आभाति","ताम्र-उदरेषु तरु-पल्लवेषु पतितम् निर्धौत-हार-गुलिका-विशदम् हिम-अम्भः लब्धपरभागतया अधर-ओष्ठे त्वदीयम् सदशनार्चि लीलास्मितम्-इव आभाति","ताम्रोदरेषु पतितं तरुपल्लवेषु निर्धौतहारगुलिकाविशदं हिमाम्भः।#आभाति लब्धपरभागतयाधरोष्ठे लीलास्मितं सदशनार्चिरिव त्वदीयम्॥"
"प्रताप-निधिः भानुः यावत् न आक्रमते तावत् अह्नाय अरुणेन तमः निरस्तम् (अस्ति); वीर त्वयि आयोधन-अग्रसरताम् याते तव गुरुः रिपून् स्वयम् उच्छिनत्ति किम् वा","प्रताप-निधिः भानुः यावत् न आक्रमते तावत् अह्नाय अरुणेन तमः निरस्तम् (अस्ति); वीर त्वयि आयोधन-अग्रसरताम् याते तव गुरुः रिपून् स्वयम् उच्छिनत्ति किम् वा","यावत्प्रतापनिधिराक्रमते न भानु-रह्नाय तावदरुणेन तमो निरस्तम्।#आयोधनाग्रसरतां त्वयि वीर याते किं वा रिपूंस्तव गुरुः स्वयमुच्छिनत्ति॥"
"उभयपक्ष-विनीतनिद्राः मुखरशृङ्खल-कर्षिणः ते स्तम्बेरमाः शय्याम् जहति येषाम् दन्त-कोशाः तरुण-अरुण-राग-योगात् भिन्न-अद्रि-गैरिक-तटाः-इव विभान्ति","येषाम् दन्त-कोशाः तरुण-अरुण-राग-योगात् भिन्न-अद्रि-गैरिक-तटाः-इव विभान्ति ते मुखरशृङ्खल-कर्षिणः उभयपक्ष-विनीतनिद्राः स्तम्बेरमाः शय्याम् जहति","शय्यां जहत्युभयपक्षविनीतनिद्राः स्तम्बेरमा मुखरशृङ्खलकर्षिणस्ते।#येषां विभाति तरुणारुणरागयोगा-द्भिन्नाद्रिगैरिकतटा इव दन्तकोशाः॥"
"वनज-अक्ष दीर्घेषु पट-मण्डपेषु नियमिताः वनायुदेश्याः अमी वाहाः निद्राम् विहाय पुरोगतानि लेह्यानि सैन्धव-शिला-शकलानि वक्त्र-उष्मणा मलिनयन्ति","वनज-अक्ष दीर्घेषु पट-मण्डपेषु नियमिताः वनायुदेश्याः अमी वाहाः निद्राम् विहाय पुरोगतानि लेह्यानि सैन्धव-शिला-शकलानि वक्त्र-उष्मणा मलिनयन्ति","दीर्घेष्वमी नियमिताः पटमण्डपेषु निद्रां विहाय वनजाक्ष वनायुदेश्याः।#वक्त्रोष्मणा मलिनयन्ति पुरोगतानि लेह्यानि सैन्धवशिलाशकलानि वाहाः॥"
"म्लानपुष्प-उपहारः विरल-भक्तिः भवति; प्रदीपाः स्वकिरण-परिवेष-उद्भेद-शून्याः (भवन्ति); अपि च अयम् मञ्जु-वाक् पञ्जरस्थः ते शुकः त्वद्बोध-प्रयुक्तां नः गिरम् अनुवदति","म्लानपुष्प-उपहारः विरल-भक्तिः भवति; प्रदीपाः स्वकिरण-परिवेष-उद्भेद-शून्याः (भवन्ति); अपि च अयम् मञ्जु-वाक् पञ्जरस्थः ते शुकः त्वद्बोध-प्रयुक्तां नः गिरम् अनुवदति","भवति विरलभक्तिर्म्लानपुष्पोपहारः स्वकिरणपरिवेषोद्भेदशून्याः प्रदीपाः।#अयमपि च गिरं नस्त्वत्प्रबोधप्रयुक्ता-मनुवदति शुकस्ते मञ्जुवाक्पञ्जरस्थः॥"
"इति विरचित-वाग्भिः वन्दि-पुत्रैः सपदि विगत-निद्रः कुमारः तल्पम् उज्झाञ्चकार मदपटु-निनदद्भिः राज-हंसैः बोधितः सुप्रतीकः सुर-गजः गाङ्गम् सैकतं इव उज्झाञ्चकार","इति विरचित-वाग्भिः वन्दि-पुत्रैः सपदि विगत-निद्रः कुमारः तल्पम् उज्झाञ्चकार मदपटु-निनदद्भिः राज-हंसैः बोधितः सुप्रतीकः सुर-गजः गाङ्गम् सैकतं उज्झाञ्चकार इव","इति विरचितवाग्भिर्बन्दिपुत्रैः कुमारः सपदि विगतनिद्रस्तल्पमुज्झांचकार।#मदपटुनिनदद्भिर्बोधितो राजहंसैः सुरगज इव गाङ्गं सैकतं सुप्रतीकः॥"
"अथ विधिम् अवसाय्य शास्त्र-दृष्टं दिवसमुख-उचितम् अञ्चिताक्षि-पक्ष्मा कुशलविरचितानुकूल-वेशः क्षितिप-समाजम् अगात् स्वयंवरस्थम्","अथ अञ्चिताक्षि-पक्ष्मा शास्त्र-दृष्टं दिवसमुख-उचितम् विधिम् अवसाय्य कुशलविरचितानुकूल-वेशः स्वयंवरस्थम् क्षितिप-समाजम् अगात्","अथ विधिमवसाय्य शास्त्रदृष्टं दिवसमुखोचितमञ्चिताक्षिपक्ष्मा।#कुशलविरचितानुकूलवेशः क्षितिपसमाजमगात्स्वयंवरस्थम्॥"
"सः तत्र उपचारवत्सु मञ्चेषु सिंह-आसन-स्थान् मनोज्ञ-वेषान् वैमानिकानां मरुताम् आकृष्ट-लीलान् नर-लोक-पालान् अपश्यत्","सः तत्र उपचारवत्सु मञ्चेषु सिंह-आसन-स्थान् मनोज्ञ-वेषान् वैमानिकानां मरुताम् आकृष्ट-लीलान् नर-लोक-पालान् अपश्यत्","स तत्र मञ्चेषु मनोज्ञवेषान्सिंहासनस्थानुपचारवत्सु।#वैमानिकानां मरुतामपश्यदाकृष्टलीलान्नरलोकपालान्॥"
"रतेः गृहीत-अनुनयेन ईश्वरेण प्रति-अर्पित-स्व-अङ्गं कामम्-इव काकुत्स्थम् आलोकयतां नृपाणां मनः इन्दुमती-निराशं बभूव","रतेः गृहीत-अनुनयेन ईश्वरेण प्रति-अर्पित-स्व-अङ्गं कामम्-इव काकुत्स्थम् आलोकयतां नृपाणां मनः इन्दुमती-निराशं बभूव","रतेर्गृहीतानुनयेन कामं प्रत्यर्पितस्वाङ्गमिवेश्वरेण।#काकुत्स्थमालोकयतां नृपाणां मनो बभूवेन्दुमतीनिराशम्॥"
"असौ कुमारः वैदर्भ-निर्दिष्टं मञ्चं कॢप्तेन सोपान-पथेन मृग-राज-शावः शिला-विभङ्गैः तुङ्गं नग-उत्सङ्गम्-इव आरुरोह","असौ कुमारः वैदर्भ-निर्दिष्टं मञ्चं शिला-विभङ्गैः कॢप्तेन सोपान-पथेन मृग-राज-शावः तुङ्गं नग-उत्सङ्गम्-इव आरुरोह","वैदर्भनिर्दिष्टमसौ कुमारः कॢप्तेन सोपानपथेन मञ्चम्।#शिलाविभङ्गैर्मृगराजशावस्तुङ्गं नगोत्सङ्गमिवारुरोह॥"
"परार्ध्य-वर्णा-आस्तरण-उपपन्नम् आसेदिवान् रत्नवत् आसनं सः भूयिष्ठम् आसीत् उपमेय-कान्तिः मयूर-पृष्ठ-आश्रयिणा गुहेन","सः परार्ध्य-वर्णा-आस्तरण-उपपन्नम् रत्नवत् आसनं आसेदिवान् मयूर-पृष्ठ-आश्रयिणा गुहेन भूयिष्ठम् उपमेय-कान्तिः आसीत्","परार्ध्यवर्णास्तरणोपपन्नमासेदिवान्रत्नवदासनं सः।#भूयिष्ठमासीदुपमेयकान्तिर्मयूरपृष्ठाश्रयिणा गुहेन॥"
"तासु श्रिया राज-परम्परासु प्रभा-विशेष-उदय-दुर्निरीक्ष्यः सहस्रधा आत्मा व्यरुचत् विभक्तः पयोमुचां पङ्क्तिषु विद्युता-इव","तासु राज-परम्परासु श्रिया पयोमुचां पङ्क्तिषु विद्युता-इव सहस्रधा विभक्तः प्रभा-विशेष-उदय-दुर्निरीक्ष्यः आत्मा व्यरुचत्","तासु श्रिया राजपरम्परासु प्रभाविशेषोदयदुर्निरीक्ष्यः।#सहस्रधात्मा व्यरुचद्विभक्तः पयोमुचां पङ्क्तिषु विद्युतेव॥"
"महा-अर्ह-आसन-संस्थितानां उदार-नेपथ्य-भृतां तेषां मध्ये सः रघु-सूनुः एव कल्पद्रुमाणां पारिजातः-इव धाम्ना रराज","महा-अर्ह-आसन-संस्थितानां उदार-नेपथ्य-भृतां तेषां मध्ये सः रघु-सूनुः एव कल्पद्रुमाणां पारिजातः-इव धाम्ना रराज","तेषां महार्हासनसंस्थितानामुदारनेपथ्यभृतां स मध्ये।#रराज धाम्ना रघुसूनुरेव कल्पद्रुमाणामिव पारिजातः॥"
"पौर-जनस्य नेत्र-व्रजाः सर्वान् नृ-पतीन् विहाय मद-उत्कटे गन्ध-द्विपे रेचित-पुष्प-वृक्षाः द्वि-रेफाः-इव तस्मिन् निपेतुः वन्ये","पौर-जनस्य नेत्र-व्रजाः सर्वान् नृ-पतीन् विहाय वन्ये मद-उत्कटे गन्ध-द्विपे रेचित-पुष्प-वृक्षाः द्वि-रेफाः-इव तस्मिन् निपेतुः","नेत्रव्रजाः पौरजनस्य तस्मिन्विहाय सर्वान्नृपतीन्निपेतुः।#मदोत्कटे रेचितपुष्पवृक्षा गन्धद्विपे वन्य इव द्विरेफाः॥"
"अथ अन्वय-ज्ञैः बन्दिभिः सोम-अर्क-वंश्ये नर-देव-लोके स्तुते च सञ्चारिते अगुरु-सार-योनौ धूपे वैजयन्तीः सम्-उत्सर्पति पुर-उपकण्ठ-उपवन-आश्रयाणाम् कलापिनाम् उद्धत-नृत्य-हेतौ प्रध्मात-शङ्खे मङ्गल-अर्थे तूर्य-स्वने दिगन्तान् परितः मूर्च्छति कॢप्त-विवाह-वेषा पतिं-वरा कन्या परिवार-शोभि मनुष्य-वाह्यं चतुरस्र-यानम् अध्यास्य मञ्च-अन्तर-राजमार्गम् विवेश","अथ अन्वय-ज्ञैः बन्दिभिः सोम-अर्क-वंश्ये नर-देव-लोके स्तुते च सञ्चारिते अगुरु-सार-योनौ धूपे वैजयन्तीः सम्-उत्सर्पति पुर-उपकण्ठ-उपवन-आश्रयाणाम् कलापिनाम् उद्धत-नृत्य-हेतौ प्रध्मात-शङ्खे मङ्गल-अर्थे तूर्य-स्वने परितः दिगन्तान् मूर्च्छति पतिं-वरा कॢप्त-विवाह-वेषा कन्या मनुष्य-वाह्यं परिवार-शोभि चतुरस्र-यानम् अध्यास्य मञ्च-अन्तर-राजमार्गम् विवेश","अथ स्तुते बन्दिभिरन्वयज्ञैः सोमार्कवंश्ये नरदेवलोके।#संचारिते चागुरुसारयोनौ धूपे समुत्सर्पति वैजयन्तीः॥08॥#पुरोपकण्ठोपवनाश्रयाणां कलापिनामुद्धतनृत्तहेतौ।#प्रध्मातशङ्खे परितो दिगन्तांस्तूर्यस्वने मूर्च्छति मङ्गलार्थे॥09॥#मनुष्यवाह्यं चतुरन्तयानमध्यास्य कन्या परिवारशोभि।#विवेश मञ्चान्तरराजमार्गं पतिंवरा कॢप्तविवाहवेषा॥10॥"
"पुर-उपकण्ठ-उपवन-आश्रयाणाम् कलापिनाम् उद्धत-नृत्य-हेतौ प्रध्मात-शङ्खे मङ्गल-अर्थे तूर्य-स्वने दिगन्तान् परितः मूर्च्छति (विवेश)","पुर-उपकण्ठ-उपवन-आश्रयाणाम् कलापिनाम् उद्धत-नृत्य-हेतौ प्रध्मात-शङ्खे मङ्गल-अर्थे तूर्य-स्वने परितः दिगन्तान् मूर्च्छति (विवेश)","पुरोपकण्ठोपवनाश्रयाणां कलापिनामुद्धतनृत्तहेतौ।#प्रध्मातशङ्खे परितो दिगन्तांस्तूर्यस्वने मूर्च्छति मङ्गलार्थे॥"
"कॢप्त-विवाह-वेषा पतिं-वरा कन्या परिवार-शोभि मनुष्य-वाह्यं चतुरस्र-यानम् अध्यास्य मञ्च-अन्तर-राजमार्गम् विवेश","पतिं-वरा कॢप्त-विवाह-वेषा कन्या मनुष्य-वाह्यं परिवार-शोभि चतुरस्र-यानम् अध्यास्य मञ्च-अन्तर-राजमार्गम् विवेश","मनुष्यवाह्यं चतुरन्तयानमध्यास्य कन्या परिवारशोभि।#विवेश मञ्चान्तरराजमार्गं पतिंवरा कॢप्तविवाहवेषा॥"
"नेत्र-शत-एक-लक्ष्ये कन्या-मये तस्मिन् विधातुः विधान-अतिशये नरेन्द्राः अन्तःकरणैः निपेतुः आसनेषु देहैः केवलं स्थिताः","नेत्र-शत-एक-लक्ष्ये कन्या-मये तस्मिन् विधातुः विधान-अतिशये नरेन्द्राः अन्तःकरणैः निपेतुः आसनेषु देहैः केवलं स्थिताः","तस्मिन्विधानातिशये विधातुः कन्यामये नेत्रशतैकलक्ष्ये।#निपेतुरन्तःकरणैर्नरेन्द्रा देहैः स्थिताः केवलमासनेषु॥"
"तां प्रति अभिव्यक्त-मनोरथानां मही-पतीनां प्रणय-अग्रदूत्यः विविधाः शृङ्गार-चेष्टाः पाद-पानां प्रवाल-शोभा-इव बभूवुः","तां प्रति अभिव्यक्त-मनोरथानां मही-पतीनां प्रणय-अग्रदूत्यः विविधाः शृङ्गार-चेष्टाः पाद-पानां प्रवाल-शोभा-इव बभूवुः","तां प्रत्यभिव्यक्तमनोरथानां महीपतीनां प्रणयाग्रदूत्यः।#प्रवालशोभा इव पादपानां शृङ्गारचेष्टा विविधा बभूवुः॥"
"कश्चित् कराभ्याम् उपगूढ-नालम् आलोल-पत्र-अभिहत-द्वि-रेफं रजोभिः अन्तःपरिवेष-बन्धि लीला-अरविन्दं भ्रमयाञ्चकार","कश्चित् कराभ्याम् उपगूढ-नालम् आलोल-पत्र-अभिहत-द्वि-रेफं रजोभिः अन्तःपरिवेष-बन्धि लीला-अरविन्दं भ्रमयाञ्चकार","कश्चित्कराभ्यामुपगूढनालमालोलपत्राभिहतद्विरेफम्।#रजोभिरन्तःपरिवेषबन्धि लीलारविन्दं भ्रमयांचकार॥"
"अपरः विलासी अंसात् विस्रस्तं रत्न-अनुविद्ध-अङ्गद-कोटि-लग्नं प्रालम्बम् उत्कृष्य साची-कृत-चारु-वक्त्रः (सन्) यथा-अवकाशं निनाय","अपरः विलासी अंसात् विस्रस्तं रत्न-अनुविद्ध-अङ्गद-कोटि-लग्नं प्रालम्बम् उत्कृष्य साची-कृत-चारु-वक्त्रः (सन्) यथा-अवकाशं निनाय","विस्रस्तमंसादपरो विलासी रत्नानुविद्धाङ्गदकोटिलग्नम्।#प्रालम्बमुत्कृष्य यथावकाशं निनाय साचीकृतचारुवक्त्रः॥"
"ततः अन्यः किञ्चित्-समावर्जित-नेत्र-शोभः (सन्) आकुञ्चित-अग्र-अङ्गुलिना तिर्यक्-विसंसर्पि-नख-प्रभेण पादेन हैमं पीठं विलिलेख","ततः अन्यः किञ्चित्-समावर्जित-नेत्र-शोभः (सन्) आकुञ्चित-अग्र-अङ्गुलिना तिर्यक्-विसंसर्पि-नख-प्रभेण पादेन हैमं पीठं विलिलेख","आकुञ्चिताग्राङ्गुलिना ततोऽन्यः किञ्चित्समावर्जितनेत्रशोभः।#तिर्यग्विसंसर्पिनखप्रभेण पादेन हैमं विलिलेख पीठम्॥"
"कश्चित् विवृत्त-त्रिक-भिन्न-हारः वामम् भुजम् आसन-अर्धे निवेश्य तत्-संनिवेशात् अधिक-उन्नत-अंसः सुहृत्-समाभाषण-तत्परः अभूत् (सन्) (सन्)","कश्चित् वामम् भुजम् आसन-अर्धे निवेश्य तत्-संनिवेशात् अधिक-उन्नत-अंसः (सन्) विवृत्त-त्रिक-भिन्न-हारः (सन्) सुहृत्-समाभाषण-तत्परः अभूत्","निवेश्य वामं भुजमासनार्धे तत्संनिवेशात् अधिकोन्नतांसः।#कश्चिद्विवृत्तत्रिकभिन्नहारः सुहृत्समाभाषणतत्परोऽभूत्॥"
"विलसिनी-विभ्रम-दन्त-पत्रम् आ-पाण्डुरम् केतक-बर्हम् अन्यः युवा प्रिया-नितम्ब-उचित-सन्निवेशैः विपाटयामास नख-अग्रैः","अन्यः युवा विलसिनी-विभ्रम-दन्त-पत्रम् आ-पाण्डुरम् केतक-बर्हम् प्रिया-नितम्ब-उचित-सन्निवेशैः नख-अग्रैः विपाटयामास","विलासिनीविभ्रमदन्तपत्रमापाण्डुरं केतकबर्हमन्यः।#प्रियानितम्बोचितसंनिवेशैर्विपाटयामास युवा नखाग्रैः॥"
"कश्चित् करेण कुशेशय-अताम्र-तलेन रेखा-ध्वज-लाञ्छनेन रत्न-अङ्गुलीय-प्रभया अनुविद्धान् उदीरयामास अक्षान् सलीलम्","कश्चित् कुशेशय-अताम्र-तलेन रेखा-ध्वज-लाञ्छनेन करेण रत्न-अङ्गुलीय-प्रभया अनुविद्धान् अक्षान् सलीलम् उदीरयामास","कुशेशयाताम्रतलेन कश्चित्करेण रेखाध्वजलाञ्छनेन।#रत्नाङ्गुलीयप्रभयानुविद्धानुदीरयामास सलीलमक्षान्॥"
"कश्चित् यथा-भागम् अवस्थिते अपि स्व-सन्निवेशात् व्यतिलङ्घिनि इव एकं वज्र-अंशु-गर्भ-अङ्गुलि-रन्ध्रम् करं व्यापारयामास किरीटे","कश्चित् यथा-भागम् अवस्थिते अपि स्व-सन्निवेशात् व्यतिलङ्घिनि किरीटे इव वज्र-अंशु-गर्भ-अङ्गुलि-रन्ध्रम् एकं करं व्यापारयामास","कश्चिद्यथाभागमवस्थितेऽपि स्वसंनिवेशाद्व्यतिलङ्घिनीव।#वज्रांशुगर्भाङ्गुलिरन्ध्रमेकं व्यापारयामास करं किरीटे॥"
"ततः नृपाणां श्रुतः-वृत्त-वंशा पुं-वत्-प्रगल्भा प्रतिहार-रक्षी प्राक् मगध-ईश्वरस्य संनिकर्षम् कुमारीं नीत्वा सुनन्दा अवदत्","ततः नृपाणां श्रुतः-वृत्त-वंशा पुं-वत्-प्रगल्भा सुनन्दा प्रतिहार-रक्षी प्राक् कुमारीं मगध-ईश्वरस्य संनिकर्षम् नीत्वा अवदत्","ततो नृपाणां श्रुतवृत्तवंशा पुंवत्प्रगल्भा प्रतिहाररक्षी।#प्राक्संनिकर्षं मगधेश्वरस्य नीत्वा कुमारीमवदत्सुनन्दा॥"
"असौ शरण-उन्मुखानां शरण्यः अगाध-सत्त्वः मगध-प्रतिष्ठः राजा प्रजा-रञ्जन-लब्ध-वर्णः परन्तपः नाम यथार्थ-नामा (अस्ति)","असौ राजा शरण-उन्मुखानां शरण्यः अगाध-सत्त्वः मगध-प्रतिष्ठः प्रजा-रञ्जन-लब्ध-वर्णः परन्तपः नाम यथार्थ-नामा (अस्ति)","असौ शरण्यः शरणोन्मुखानामगाधसत्त्वो मगधप्रतिष्ठः।#राजा प्रजारञ्जनलब्धवर्णः परन्तपो नाम यथार्थनामा॥"
"अन्ये नृपाः कामं सहस्रशः सन्तु भूमिम् अनेन राजन्वतीम् आहुः नक्षत्र-तारा-ग्रह-सङ्कुला अपि रात्रिः चन्द्रमसा एव ज्योतिष्मती (भवति)","अन्ये नृपाः कामं सहस्रशः सन्तु भूमिम् अनेन राजन्वतीम् आहुः नक्षत्र-तारा-ग्रह-सङ्कुला अपि रात्रिः चन्द्रमसा एव ज्योतिष्मती (भवति)","कामं नृपाः सन्तु सहस्रशोऽन्ये राजन्वतीमाहुरनेन भूमिम्।#नक्षत्रताराग्रहसंकुलापि ज्योतिष्मती चन्द्रमसैव रात्रिः॥"
"अयं अध्वराणां क्रिया-प्रबन्धात् अजस्रं आहूत-सहस्र-नेत्रः (सन्) शच्याः अलकान् मन्दार-शून्यान् पाण्डु-कपोल-लम्बान् चिरं चकार","अयं अध्वराणां क्रिया-प्रबन्धात् अजस्रं आहूत-सहस्र-नेत्रः (सन्) चिरं शच्याः अलकान् पाण्डु-कपोल-लम्बान् मन्दार-शून्यान् चकार","क्रियाप्रबन्धादयमध्वराणामजस्रमाहूतसहस्रनेत्रः।#शच्याश्चिरं पाण्डुकपोललम्बान्मन्दारशून्यानलकांश्चकार॥"
"(त्वम्) वरेण्येन अनेन गृह्यमाणम् पाणिम् इच्छसि चेत् प्रवेशे प्रासाद-वातायन-संस्थितानाम् पुष्प-पुर-अङ्गनानां नेत्रोत्सवम् कुरु","(त्वम्) वरेण्येन अनेन गृह्यमाणम् पाणिम् इच्छसि चेत् प्रवेशे प्रासाद-वातायन-संस्थितानाम् पुष्प-पुर-अङ्गनानां नेत्रोत्सवम् कुरु","अनेन चेदिच्छसि गृह्यमाणं पाणिं वरेण्येन कुरु प्रवेशे।#प्रासादवातायनसंस्थितानां नेत्रोत्सवं पुष्पपुराङ्गनानाम्॥"
"एवं तया उक्ते तम् अवेक्ष्य किंचित् विस्रंसि-दूर्वा-अङ्क-मधूक-माला तन्वी एनम् अभाषमाणा ऋजु-प्रणाम-क्रियया एव प्रत्यादिदेश (सत्याम्)","एवं तया उक्ते (सत्याम्) तम् अवेक्ष्य किंचित् विस्रंसि-दूर्वा-अङ्क-मधूक-माला तन्वी एनम् अभाषमाणा ऋजु-प्रणाम-क्रियया एव प्रत्यादिदेश","एवं तयोक्ते तमवेक्ष्य किंचिद्विस्रंसिदूर्वाङ्कमधूकमाला।#ऋजुप्रणामक्रिययैव तन्वी प्रत्यादिदेशैनमभाषमाणा॥"
"सा एव वेत्र-ग्रहणे नियुक्ता तां राज-सुतां समीरण-उत्था तरङ्ग-लेखा-इव मानस-राजहंसीं पद्म-अन्तरम् राज-अन्तरं निनाय","सा एव वेत्र-ग्रहणे नियुक्ता तां राज-सुतां समीरण-उत्था तरङ्ग-लेखा-इव मानस-राजहंसीं पद्म-अन्तरम् राज-अन्तरं निनाय","तां सैव वेत्रग्रहणे नियुक्ता राजान्तरं राजसुतां निनाय।#समीरणोत्थेव तरङ्गलेखा पद्मान्तरं मानसराजहंसीम्॥"
"एनाम् च जगाद अयम् अङ्ग-नाथः सुर-अङ्गना-प्रार्थित-यौवन-श्रीः सूत्र-कारैः विनीत-नागः किल भूमि-गतः अपि ऐन्द्रं पदं भुङ्क्ते (अस्ति) (इति) (सः)","अयम् अङ्ग-नाथः सुर-अङ्गना-प्रार्थित-यौवन-श्रीः सूत्र-कारैः विनीत-नागः (अस्ति) किल (सः) भूमि-गतः अपि ऐन्द्रं पदं भुङ्क्ते (इति) एनाम् च जगाद","जगाद चैनामयमङ्गनाथः सुराङ्गनाप्रार्थितयौवनश्रीः।#विनीतनागः किल सूत्रकारैरैन्द्रं पदं भूमिगतोऽपि भुङ्क्ते॥"
"शत्रु-विलासिनीनाम् स्तनेषु मुक्ता-फल-स्थूल-तमान् अश्रु-बिन्दून् परि-आसयता अनेन उन्मुच्य सूत्रेण विना हाराः एव प्रति_अर्पिताः","शत्रु-विलासिनीनाम् स्तनेषु मुक्ता-फल-स्थूल-तमान् अश्रु-बिन्दून् परि-आसयता अनेन उन्मुच्य सूत्रेण विना हाराः एव प्रति_अर्पिताः","अनेन पर्यासयताश्रुबिन्दून्मुक्ताफलस्थूलतमान्स्तनेषु।#प्रत्यर्पिताः शत्रुविलासिनीनामुन्मुच्य सूत्रेण विनैव हाराः॥"
"निसर्ग-भिन्न-आस्पदम् एक-संस्थम् अस्मिन् द्वयम् श्रीः च सरस्वती च कान्त्या गिरा सूनृतया च योग्या त्वम् एव कल्याणि तयोः तृतीया (वर्तते) (भवति)","निसर्ग-भिन्न-आस्पदम् श्रीः च सरस्वती च द्वयम् अस्मिन् एक-संस्थम् (वर्तते) कल्याणि कान्त्या सूनृतया गिरा च योग्या त्वम् एव तयोः तृतीया (भवति)","निसर्गभिन्नास्पदमेकसंस्थमस्मिन्द्वयं श्रीश्च सरस्वती च।#कान्त्या गिरा सूनृतया च योग्या त्वमेव कल्याणि तयोस्तृतीया॥"
"अथ अङ्ग-राजात् अवतार्य चक्षुः याहि इति जन्याम् अवदत् कुमारी; न असौ न काम्यः (अस्ति) (इति) (अस्ति); न च वेद सम्यक् द्रष्टुम् न सा (अस्ति) (इति); भिन्न-रुचिः हि लोकः (भवति)","अथ कुमारी अङ्ग-राजात् चक्षुः अवतार्य जन्याम् याहि इति अवदत्; असौ काम्यः न (अस्ति) (इति) न (अस्ति); सा च सम्यक् द्रष्टुम् न वेद (इति) न (अस्ति); हि लोकः भिन्न-रुचिः (भवति)","अथाङ्गराजादवतार्य चक्षुर्याहीति जन्यामवदत्कुमारी।#नासौ न काम्यो न च वेद सम्यग्द्रष्टुं न सा भिन्नरुचिर्हि लोकः॥"
"ततः परम् दुः-प्रसहम् द्विषद्भिः नृपम् नियुक्ता प्रतिहार-भूमौ निदर्शयामास विशेष-दृश्यम् इन्दुम्-इव नव-उत्थानम् इन्दुमत्यै","ततः प्रतिहार-भूमौ नियुक्ता द्विषद्भिः दुः-प्रसहम् विशेष-दृश्यम् परम् नृपम् नव-उत्थानम् इन्दुम्-इव इन्दुमत्यै निदर्शयामास","ततः परं दुःप्रसहं द्विषद्भिर्नृपं नियुक्ता प्रतिहारभूमौ।#निदर्शयामास विशेषदृश्यमिन्दुं नवोत्थानमिवेन्दुमत्यै॥"
"अवन्ति-नाथः अयम् उदग्र-बाहुः विशाल-वक्षाः तनु-वृत्त-मध्यः आरोप्य चक्र-भ्रमम् उष्ण-तेजाः-इव त्वष्ट्रा यत्न-उल्लिखितः विभाति","उदग्र-बाहुः विशाल-वक्षाः तनु-वृत्त-मध्यः अयम् अवन्ति-नाथः त्वष्ट्रा चक्र-भ्रमम् आरोप्य यत्न-उल्लिखितः उष्ण-तेजाः-इव विभाति","अवन्तिनाथोऽयमुदग्रबाहुर्विशालवक्षास्तनुवृत्तमध्यः।#आरोप्य चक्रभ्रममुष्णतेजास्त्वष्ट्रेव यत्नोल्लिखितो विभाति॥"
"अस्य प्रयाणेषु समग्र-शक्तेः अग्रेसरैः वाजिभिः उत्थितानि कुर्वन्ति सामन्त-शिखामणीनां प्रभा-प्ररोह-अस्तमयं रजांसि","समग्र-शक्तेः अस्य प्रयाणेषु अग्रेसरैः वाजिभिः उत्थितानि रजांसि सामन्त-शिखामणीनां प्रभा-प्ररोह-अस्तमयं कुर्वन्ति","अस्य प्रयाणेषु समग्रशक्तेरग्रेसरैर्वाजिभिरुत्थितानि।#कुर्वन्ति सामन्तशिखामणीनां प्रभाप्ररोहास्तमयं रजांसि॥"
"असौ महाकाल-निकेतनस्य चन्द्रमौलेः अदूरे वसन् तमिस्र-पक्षे अपि प्रियाभिः सह ज्योत्स्नावतः प्रदोषान् निर्विशति किल","असौ महाकाल-निकेतनस्य चन्द्रमौलेः अदूरे वसन् तमिस्र-पक्षे अपि प्रियाभिः सह ज्योत्स्नावतः प्रदोषान् निर्विशति किल","असौ महाकालनिकेतनस्य वसन्नदूरे किल चन्द्रमौलेः।#तमिस्रपक्षेऽपि सहप्रियाभिर्ज्योत्स्नावतो निर्विशति प्रदोषान्॥"
"अनेन यूना पार्थिवेन सह रम्भा-ऊरु सिप्रा-तरङ्ग-अनिल-कम्पितासु उद्यान-परम्परासु विहर्तुम् ते मनसः रुचिः कच्चित् (अस्ति)","रम्भा-ऊरु यूना अनेन पार्थिवेन सह सिप्रा-तरङ्ग-अनिल-कम्पितासु उद्यान-परम्परासु विहर्तुम् ते मनसः रुचिः कच्चित् (अस्ति)","अनेन यूना सह पार्थिवेन रम्भोरु कच्चिन्मनसो रुचिस्ते।#सिप्रातरङ्गानिलकम्पितासु विहर्तुमुद्यानपरम्परासु॥"
"तस्मिन् अभिद्योतित-बन्धु-पद्मे प्रताप-संशोषित-शत्रु-पङ्के भानुमती-इव कुमुद्वती भावम् उत्तम-सौकुमार्या सा न बबन्ध","उत्तम-सौकुमार्या सा अभिद्योतित-बन्धु-पद्मे प्रताप-संशोषित-शत्रु-पङ्के तस्मिन् कुमुद्वती भानुमती-इव भावम् न बबन्ध","तस्मिन्नभिद्योतितबन्धुपद्मे प्रतापसंशोषितशत्रुपङ्के।#बबन्ध सा नोत्तमसौकुमार्या कुमुद्वती भानुमतीव भावम्॥"
"सुनन्दा तामरस-अन्तर-आभाम् गुणैः अनूनाम् सुदतीं ताम् विधातुः ललितां सृष्टिं अनूप-राजस्य अग्रतः विधाय भूयः जगाद","सुनन्दा तामरस-अन्तर-आभाम् गुणैः अनूनाम् सुदतीं ताम् विधातुः ललितां सृष्टिं अनूप-राजस्य अग्रतः विधाय भूयः जगाद","तामग्रतस्तामरसान्तराभामनूपराजस्य गुणैरनूनाम्।#विधाय सृष्टिं ललितां विधातुर्जगाद भूयः सुदतीं सुनन्दा॥"
"सङ्ग्राम-निर्विष्ट-सहस्र-बाहुः अष्टादश-द्वीप-निखात-यूपः अनन्य-साधारण-राज-शब्दः योगी कार्तवीर्यः (नाम​) बभूव किल","सङ्ग्राम-निर्विष्ट-सहस्र-बाहुः अष्टादश-द्वीप-निखात-यूपः अनन्य-साधारण-राज-शब्दः योगी कार्तवीर्यः (नाम​) बभूव किल","सङ्ग्रामनिर्विष्टसहस्रबाहुरष्टादशद्वीपनिखातयूपः।#अनन्यसाधारणराजशब्दो बभूव योगी किल कार्तवीर्यः॥"
"विनेता यः अ-कार्य-चिन्ता-सम-कालम् एव पुरस्तात् चाप-धरः प्रादुर्-भवन् प्रजानाम् अन्तःशरीरेषु अपि अ-विनयं प्रत्यादिदेश (स्यात्) (तस्य)","यः अ-कार्य-चिन्ता-सम-कालम् एव (स्यात्) विनेता (तस्य) पुरस्तात् चाप-धरः प्रादुर्-भवन् प्रजानाम् अन्तःशरीरेषु अपि अ-विनयं प्रत्यादिदेश","अकार्यचिन्तासमकालमेव प्रादुर्भवंश्चापधरः पुरस्तात्।#अन्तःशरीरेष्वपि यः प्रजानां प्रत्यादिदेशाविनयं विनेता॥"
"यस्य कारा-गृहे ज्या-बन्ध-निष्पन्द-भुजेन विनिःश्वसत्-वक्त्र-परम्परेण निर्जित-वासवेन लङ्का-ईश्वरेण आ-प्रसादात् उषितम्","ज्या-बन्ध-निष्पन्द-भुजेन विनिःश्वसत्-वक्त्र-परम्परेण निर्जित-वासवेन लङ्का-ईश्वरेण यस्य कारा-गृहे आ-प्रसादात् उषितम्","ज्याबन्धनिष्पन्दभुजेन यस्य विनिःश्वसद्वक्त्रपरम्परेण।#कारागृहे निर्जितवासवेन लङ्केश्वरेणोषितमा प्रसादात्॥"
"आगम-वृद्ध-सेवी प्रतीपः इति एषः भूपतिः तस्य अन्वये जातः येन संश्रय-दोष-रूढम् श्रियः स्वभाव-लोला इति अयशः प्रमृष्टम् (प्रसिद्धः)","आगम-वृद्ध-सेवी प्रतीपः इति (प्रसिद्धः) एषः भूपतिः तस्य अन्वये जातः येन संश्रय-दोष-रूढम् श्रियः स्वभाव-लोला इति अयशः प्रमृष्टम्","तस्यान्वये भूपतिरेष जातः प्रतीप इत्यागमवृद्धसेवी।#येन श्रियः संश्रयदोषरूढं स्वभावलोलेत्ययशः प्रमृष्टम्॥"
"यः आयोधने कृष्णगतिम् सहायम् अवाप्य क्षत्रिय-कालरात्रिम् राम-परश्वधस्य शिताम् धाराम् उत्पल-पत्र-साराम् संभावयति","यः आयोधने कृष्णगतिम् सहायम् अवाप्य क्षत्रिय-कालरात्रिम् राम-परश्वधस्य शिताम् धाराम् उत्पल-पत्र-साराम् संभावयति","आयोधने कृष्णगतिं सहायमवाप्य यः क्षत्रियकालरात्रिम्।#धारां शितां रामपरश्वधस्य संभावयत्युत्पलपत्रसाराम्॥"
"यदि माहिष्मती-वप्र-नितम्ब-काञ्चीम् जल-वेणि-रम्याम् रेवाम् प्रासादजालैः प्रेक्षितुम् कामः अस्ति (त्वं) दीर्घ-बाहोः अस्य अङ्क-लक्ष्मीः भव","यदि माहिष्मती-वप्र-नितम्ब-काञ्चीम् जल-वेणि-रम्याम् रेवाम् प्रासादजालैः प्रेक्षितुम् कामः अस्ति (त्वं) दीर्घ-बाहोः अस्य अङ्क-लक्ष्मीः भव","अस्याङ्कलक्ष्मीर्भव दीर्घबाहोर्माहिष्मतीवप्रनितम्बकाञ्चीम्।#प्रासादजालैर्जलवेणिरम्यां रेवां यदि प्रेक्षितुमस्ति कामः॥"
"प्र-कामम् प्रिय-दर्शनः अपि सः क्षितीशः तस्याः रुचये न बभूव शरत्-प्रमृष्ट-अम्बु-धर-उपरोधः पर्याप्त-कलः शशी नलिन्याः-इव","प्र-कामम् प्रिय-दर्शनः अपि सः क्षितीशः शरत्-प्रमृष्ट-अम्बु-धर-उपरोधः पर्याप्त-कलः शशी नलिन्याः-इव तस्याः रुचये न बभूव","तस्याः प्रकामं प्रियदर्शनोऽपि न स क्षितीशो रुचये बभूव।#शरत्प्रमृष्टाम्बुधरोपरोधः शशीव पर्याप्तकलो नलिन्याः॥"
"सा शूरसेन-अधिपतिम् सुषेणम् उद्दिश्य लोक-अन्तर-गीत-कीर्तिम् आचार-शुद्ध-उभय-वंश-दीपम् जगदे कुमारी शुद्ध-अन्त-रक्ष्या","लोक-अन्तर-गीत-कीर्तिम् आचार-शुद्ध-उभय-वंश-दीपम् शूरसेन-अधिपतिम् सुषेणम् उद्दिश्य शुद्ध-अन्त-रक्ष्या सा कुमारी जगदे","सा शूरसेनाधिपतिं सुषेणमुद्दिश्य लोकान्तरगीतकीर्तिम्।#आचारशुद्धोभयवंशदीपं शुद्धान्तरक्ष्या जगदे कुमारी॥"
"नीप-अन्वयः पार्थिवः एषः यज्वा गुणैः यम् आश्रित्य परस्परेण सिद्ध-आश्रमम् शान्तम् एत्य सत्त्वैः-इव नैसर्गिकः अपि उत्ससृजे विरोधः (अस्ति)","नीप-अन्वयः यज्वा एषः पार्थिवः (अस्ति) यम् आश्रित्य गुणैः शान्तम् सिद्ध-आश्रमम् एत्य सत्त्वैः-इव नैसर्गिकः अपि परस्परेण विरोधः उत्ससृजे","नीपान्वयः पार्थिव एष यज्वा गुणैर्यमाश्रित्य परस्परेण।#सिद्धाश्रमं शान्तमिवेत्य सत्त्वैर्नैसर्गिकोऽप्युत्ससृजे विरोधः॥"
"हिम-अंशोः कान्तिः-इव नयन-अभिरामा यस्य कान्तिः आत्म-गेहे सन्निविष्टा हर्म्य-अग्र-संरूढ-तृण-अङ्कुरेषु अविषह्यम् तेजः रिपु-मन्दिरेषु सन्निविष्टम् (अस्ति)","हिम-अंशोः कान्तिः-इव नयन-अभिरामा यस्य कान्तिः आत्म-गेहे सन्निविष्टा (अस्ति) अविषह्यम् हर्म्य-अग्र-संरूढ-तृण-अङ्कुरेषु तेजः रिपु-मन्दिरेषु सन्निविष्टम्","यस्यात्मगेहे नयनाभिरामा कान्तिर्हिमांशोरिव संनिविष्टा।#हर्म्याग्रसंरूढतृणाङ्कुरेषु तेजोऽविषह्यं रिपुमन्दिरेषु॥"
"यस्य अवरोध-स्तन-चन्दनानाम् प्रक्षालनात् वारि-विहार-काले कलिन्द-कन्या मथुराम् गता अपि गङ्गा-ऊर्मी-संसक्त-जलाः इव भाति","यस्य वारि-विहार-काले अवरोध-स्तन-चन्दनानाम् प्रक्षालनात् कलिन्द-कन्या मथुराम् गता अपि गङ्गा-ऊर्मी-संसक्त-जलाः इव भाति","यस्यावरोधस्तनचन्दनानां प्रक्षालनाद्वारिविहारकाले।#कलिन्दकन्या मथुरां गतापि गङ्गोर्मिसंसक्तजलेव भाति॥"
"तार्क्ष्यात् त्रस्तेन किल कालियेन मणिम् विसृष्टम् यमुना-ओकसा यः वक्ष-स्थल-व्यापि-रुचम् दधानः स-कौस्तुभम् कृष्णम् इव ह्रेपयति (सः)","तार्क्ष्यात् त्रस्तेन यमुना-ओकसा कालियेन विसृष्टम् किल वक्ष-स्थल-व्यापि-रुचम् मणिम् दधानः यः स-कौस्तुभम् कृष्णम् ह्रेपयति इव (सः)","त्रस्तेन तार्क्ष्यात्किल कालियेन मणिं विसृष्टं यमुनौकसा यः।#वक्षःस्थलव्यापिरुचं दधानः सकौस्तुभं ह्रेपयतीव कृष्णम्॥"
"सम्भाव्य भर्तारम् अमुम् युवानम् मृदु-प्रवाल-उत्तर-पुष्प-शय्ये वृन्दावने चैत्र-रथ-अ-नूने निर्विश्यताम् सुन्दरि यौवन-श्रीः","युवानम् अमुम् भर्तारम् सम्भाव्य मृदु-प्रवाल-उत्तर-पुष्प-शय्ये चैत्र-रथ-अ-नूने वृन्दावने सुन्दरि यौवन-श्रीः निर्विश्यताम्","संभाव्य भर्तारममुं युवानं मृदुप्रवालोत्तरपुष्पशय्ये।#वृन्दावने चैत्ररथादनूने निर्विश्यतां सुन्दरि यौवनश्रीः॥"
"च प्रावृषि कान्तासु गोवर्धन-कन्दरासु अम्भः-पृषत-उक्षितानि शैलेय-गन्धीनि शिला-तलानि अध्यास्य (त्वं) कलापिनां नृत्यं पश्य","च प्रावृषि कान्तासु गोवर्धन-कन्दरासु अम्भः-पृषत-उक्षितानि शैलेय-गन्धीनि शिला-तलानि अध्यास्य कलापिनां नृत्यं (त्वं) पश्य","अध्यास्य चाम्भःपृषतोक्षितानि शैलेयगन्धीनि शिलातलानि।#कलापिनां प्रावृषि पश्य नृत्यं कान्तासु गोवर्धनकन्दरासु॥"
"सागर-गामिनि स्रोतोवहा-इव मार्ग-वशात् उपेतम् मही-धरम् आवर्त-मनोज्ञ-नाभिः अन्य-वधूः-भवित्री सा तम् नृपं व्यत्यगात्","आवर्त-मनोज्ञ-नाभिः अन्य-वधूः-भवित्री सा तम् नृपं मार्ग-वशात् उपेतम् मही-धरम् सागर-गामिनि स्रोतोवहा-इव व्यत्यगात्","नृपं तमावर्तमनोज्ञनाभिः सा व्यत्यगादन्यवधूर्भवित्री।#महीधरं मार्गवशादुपेतं स्रोतोवहा सागरगामिनीव॥"
"अथ भुजिष्या अङ्गद-आश्लिष्ट-भुजं सादित-शत्रु-पक्षं हेमाङ्गदं नाम कलिङ्ग-नाथम् आसेदुषीम् अबाल-इन्दु-मुखीं बालाम् बभाषे","अथ भुजिष्या अङ्गद-आश्लिष्ट-भुजं सादित-शत्रु-पक्षं हेमाङ्गदं नाम कलिङ्ग-नाथम् आसेदुषीम् अबाल-इन्दु-मुखीं बालाम् बभाषे","अथाङ्गदाश्लिष्टभुजं भुजिष्या हेमाङ्गदं नाम कलिङ्गनाथम्।#आसेदुषीं सादितशत्रुपक्षं बालामबालेन्दुमुखीं बभाषे॥"
"महेन्द्र-अद्रि-समान-सारः असौ महेन्द्रस्य महोदधेः च पतिः (अस्ति) यस्य यात्रासु क्षरत्-सैन्य-गज-छलेन महेन्द्रः पुरः याति इव","महेन्द्र-अद्रि-समान-सारः असौ महेन्द्रस्य महोदधेः च पतिः (अस्ति) यस्य यात्रासु क्षरत्-सैन्य-गज-छलेन महेन्द्रः पुरः याति इव","असौ महेन्द्राद्रिसमानसारः पतिर्महेन्द्रस्य महोदधेश्च।#यस्य क्षरत्सैन्यगजच्छलेन यात्रासु यातीव पुरो महेन्द्रः॥"
"ज्या-घात-रेखे सु-भुजः भुजाभ्याम् बिभर्ति यः चाप-भृताम् पुरोगः रिपु-श्रियाम् सा-अञ्जन-बाष्प-सेके बन्दी-कृतानाम् इव पद्धती द्वे","सु-भुजः चाप-भृताम् पुरोगः यः बन्दी-कृतानाम् रिपु-श्रियाम् सा-अञ्जन-बाष्प-सेके पद्धती इव द्वे ज्या-घात-रेखे भुजाभ्याम् बिभर्ति","ज्याघातरेखे सुभुजो भुजाभ्यां बिभर्ति यश्चापभृतां पुरोगः।#रिपुश्रियां साञ्जनबाष्पसेके बन्दीकृतानामिव पद्धती द्वे॥"
"यम् आत्मनः सद्मनि सन्निकृष्टः मन्द्र-ध्वनि-त्याजित-याम-तूर्यः प्रासाद-वात-अयन-दृश्य-वीचिः प्रबोधयति अर्णवः एव सुप्तम्","आत्मनः सद्मनि सुप्तम् यम् सन्निकृष्टः प्रासाद-वात-अयन-दृश्य-वीचिः मन्द्र-ध्वनि-त्याजित-याम-तूर्यः अर्णवः एव प्रबोधयति","यमात्मनः सद्मनि संनिकृष्टो मन्द्रध्वनित्याजितयामतूर्यः।#प्रासादवातायनदृश्यवीचिः प्रबोधयत्यर्णव एव सुप्तम्॥"
"अनेन सार्धं अम्बु-राशेः तीरेषु ताली-वन-मर्मरेषु विहर द्वीप-अन्तर-आनीत-लवङ्ग-पुष्पैः अपाकृत-स्वेद-लवा मरुद्भिः","अनेन सार्धं ताली-वन-मर्मरेषु अम्बु-राशेः तीरेषु द्वीप-अन्तर-आनीत-लवङ्ग-पुष्पैः मरुद्भिः अपाकृत-स्वेद-लवा विहर","अनेन सार्धं विहराम्बुराशेस्तीरेषु तालीवनमर्मरेषु।#द्वीपान्तरानीतलवङ्गपुष्पैरपाकृतस्वेदलवा मरुद्भिः॥"
"प्रलोभिता अपि आकृति-लोभनीया विदर्भ-राजा-अवरजा तया एवम् तस्मात् अपावर्तत दूर-कृष्टा नीत्या लक्ष्मीः-इव प्रतिकूल-दैवात्","आकृति-लोभनीया विदर्भ-राजा-अवरजा तया एवम् प्रलोभिता अपि नीत्या दूर-कृष्टा प्रतिकूल-दैवात् लक्ष्मीः-इव तस्मात् अपावर्तत","प्रलोभिताप्याकृतिलोभनीया विदर्भराजावरजा तयैवम्।#तस्मादपावर्तत दूरकृष्टा नीत्येव लक्ष्मीः प्रतिकूलदैवात्॥"
"अथ दौवारिकी देव-सरूपम् उरग-आख्यस्य पुरस्य नाथम् एत्य हे चकोर-अक्षि इतः विलोकय इति पूर्वं-अनुशिष्टम् भोज्याम् निजगाद","अथ दौवारिकी देव-सरूपम् उरग-आख्यस्य पुरस्य नाथम् एत्य हे चकोर-अक्षि इतः विलोकय इति पूर्वं-अनुशिष्टम् भोज्याम् निजगाद","अथोरगाख्यस्य पुरस्य नाथं दौवारिकी देवसरूपमेत्य।#इतश्चकोराक्षि विलोकयेति पूर्वानुशिष्टां निजगाद भोज्याम्॥"
"अंस-अर्पित-लम्ब-हारः हरि-चन्दनेन कॢप्राङ्ग-रागः अयम् पाण्ड्यः बाल-आतप-रक्त-सानुः स-निर्झर-उद्गारः अद्रिराजः-इव आभाति","अंस-अर्पित-लम्ब-हारः हरि-चन्दनेन कॢप्राङ्ग-रागः अयम् पाण्ड्यः बाल-आतप-रक्त-सानुः स-निर्झर-उद्गारः अद्रिराजः-इव आभाति","पाण्ड्योऽयमंसार्पितलम्बहारः कॢप्ताङ्गरागो हरिचन्दनेन।#आभाति बालातपरक्तसानुः सनिर्झरोद्गार इवाद्रिराजः॥"
"विन्ध्यस्य महा-अद्रेः संस्तम्भयिता निःशेष-पीत-उज्झित-सिन्धु-राजः अगस्त्यः अश्वमेध-अवभृथ-आर्द्र-मूर्तेः यस्य प्रीत्या सौस्नातिकः भवति","विन्ध्यस्य महा-अद्रेः संस्तम्भयिता निःशेष-पीत-उज्झित-सिन्धु-राजः अगस्त्यः अश्वमेध-अवभृथ-आर्द्र-मूर्तेः यस्य प्रीत्या सौस्नातिकः भवति","विन्ध्यस्य संस्तम्भयिता महाद्रेर्निःशेषपीतोज्झितसिन्धुराजः।#प्रीत्याश्वमेधावभृथार्द्रमूर्तेः सौस्नातिको यस्य भवत्यगस्त्यः॥"
"पुरा जन-स्थान-विमर्द-शङ्की दृप्तः दुरापम् अस्त्रम् हरात् आप्तवता येन सन्धाय लङ्का-अधिपतिः इन्द्र-लोक-अव​जयाय प्रतस्थे","पुरा जन-स्थान-विमर्द-शङ्की दृप्तः दुरापम् अस्त्रम् हरात् आप्तवता येन सन्धाय लङ्का-अधिपतिः इन्द्र-लोक-अव​जयाय प्रतस्थे","अस्त्रं हरादाप्तवता दुरापं येनेन्द्रलोकावजयाय दृप्तः।#पुरा जनस्थानविमर्दशङ्की संधाय लङ्काधिपतिः प्रतस्थे॥"
"अनेन पाणौ विधिवत् गृहीते महा-कुलीनेन मही-इव गुर्वी रत्न-अनुविद्ध-अर्णव-मेखलायाः दिशः सपत्नी भव दक्षिणस्याः","महा-कुलीनेन अनेन पाणौ विधिवत् गृहीते गुर्वी मही-इव रत्न-अनुविद्ध-अर्णव-मेखलायाः दक्षिणस्याः दिशः सपत्नी भव","अनेन पाणौ विधिवद्गृहीते महाकुलीनेन महीव गुर्वी।#रत्नानुविद्धार्णवमेखलाया दिशः सपत्नी भव दक्षिणस्याः॥"
"ताम्बूल-वल्ली-परिणद्ध-पूगासु एला-लता-लिङ्गित-चन्दनासु तमाल-पत्त्रा-तरणासु रन्तुं प्रसीद शश्वत् मलय-स्थलीषु","ताम्बूल-वल्ली-परिणद्ध-पूगासु एला-लता-लिङ्गित-चन्दनासु तमाल-पत्त्रा-तरणासु मलय-स्थलीषु शश्वत् रन्तुं प्रसीद","ताम्बूलवल्लीपरिणद्धपूगास्वेलालतालिङ्गितचन्दनासु।#तमालपत्रास्तरणासु रन्तुं प्रसीद शश्वन्मलयस्थलीषु॥"
"असौ नृपः इन्दीवर-श्याम-तनुः (अस्ति) त्वम् रोचना-गौर-शरीर-यष्टिः (असि) तडित्-तोयदयोः-इव वां योगः अन्योन्य-शोभा-परि-वृद्धये अस्तु","असौ नृपः इन्दीवर-श्याम-तनुः (अस्ति) त्वम् रोचना-गौर-शरीर-यष्टिः (असि) तडित्-तोयदयोः-इव वां योगः अन्योन्य-शोभा-परि-वृद्धये अस्तु","इन्दीवरश्यामतनुर्नृपोऽसौ त्वं रोचनागौरशरीरयष्टिः।#अन्योन्यशोभापरिवृद्धये वां योगस्तडित्तोयदयोरिवास्तु॥"
"विदर्भ-अधिपतेः स्वसुः चेतसि तदीयः उपदेशः अन्तरम् न लेभे दिवाकर-अदर्शन-बद्ध-कोशे अरविन्दे नक्षत्रनाथ-अन्शुः-इव","विदर्भ-अधिपतेः स्वसुः चेतसि तदीयः उपदेशः दिवाकर-अदर्शन-बद्ध-कोशे अरविन्दे नक्षत्रनाथ-अन्शुः-इव अन्तरम् न लेभे","स्वसुर्विदर्भाधिपतेस्तदीयो लेभेऽन्तरं चेतसि नोपदेशः।#दिवाकरादर्शनबद्धकोशे नक्षत्रनाथांशुरिवारविन्दे॥"
"सञ्चारिणी दीप-शिखाः-इव रात्रौ यम् यम् व्यतीयाय पतिम्-वरा सा नरेन्द्र-मार्गा-अट्टः-इव प्रपेदे विवर्ण-भावम् सः सः भूमि-पालः","पतिम्-वरा सा रात्रौ सञ्चारिणी दीप-शिखाः-इव यम् यम् व्यतीयाय सः सः भूमि-पालः नरेन्द्र-मार्गा-अट्टः-इव विवर्ण-भावम् प्रपेदे","संचारिणी दीपशिखेव रात्रौ यं यं व्यतीयाय पतिंवरा सा।#नरेन्द्रमार्गाट्ट इव प्रपेदे विवर्णभावं स स भूमिपालः॥"
"तस्याम् रघोः सूनुः उपस्थितायां वृणीत माम् न इति सम-आकुलः अभूत् वाम-इतरः संशयम् अस्य बाहुः केयूर-बन्धः-उच्छ्वसितैः नुनोद","तस्याम् उपस्थितायां रघोः सूनुः माम् न वृणीत इति सम-आकुलः अभूत् अस्य वाम-इतरः बाहुः केयूर-बन्धः-उच्छ्वसितैः संशयम् नुनोद","तस्यां रघोः सूनुरुपस्थितायां वृणीत मां नेति समाकुलोऽभूत्।#वामेतरः संशयमस्य बाहुः केयूरबन्धोच्छ्वसितैर्नुनोद॥"
"तं प्राप्य सर्व-अवयवान् अनवद्यं व्यावर्तत अन्य-उपगमात् कुमारी षट्-पद-आलि प्रफुल्लम् सहकारम् एत्य वृक्ष-अन्तरम् न काङ्क्षति","कुमारी सर्व-अवयवान् अनवद्यं तं प्राप्य अन्य-उपगमात् व्यावर्तत षट्-पद-आलि प्रफुल्लम् सहकारम् एत्य वृक्ष-अन्तरम् न काङ्क्षति","तं प्राप्य सर्वावयवानवद्यं व्यावर्ततान्योपगमात्कुमारी।#न हि प्रफुल्लं सहकारमेत्य वृक्षान्तरं काङ्क्षति षट्पदाली॥"
"तस्मिन् सं-आवेशित-चित्त-वृत्तिम् इन्दु-प्रभाम् इन्दुमतीम् अवेक्ष्य प्रचक्रमे वक्तुम् अनुक्रम​ज्ञा सविस्तरम् वाक्यं इदं सुनन्दा","तस्मिन् सं-आवेशित-चित्त-वृत्तिम् इन्दु-प्रभाम् इन्दुमतीम् अवेक्ष्य अनुक्रम​ज्ञा सुनन्दा इदं सविस्तरम् वाक्यं वक्तुम् प्रचक्रमे","तस्मिन्समावेशितचित्तवृत्तिमिन्दुप्रभामिन्दुमतीमवेक्ष्य।#प्रचक्रमे वक्तुमनुक्रमज्ञा सविस्तरं वाक्यमिदं सुनन्दा॥"
"इक्ष्वाकु-वंश्यः ककुदं नृपाणां आहित-लक्षणः ककुत्स्थः इति (कश्चित्) अभूत् यत(यस्मात्) उन्नत-इच्छाः उत्तर-कोसल-इन्द्राः श्लाघ्यं काकुत्स्थ-शब्दं दधति","इक्ष्वाकु-वंश्यः नृपाणां ककुदं आहित-लक्षणः ककुत्स्थः इति (कश्चित्) अभूत् यत(यस्मात्) उन्नत-इच्छाः उत्तर-कोसल-इन्द्राः श्लाघ्यं काकुत्स्थ-शब्दं दधति","इक्ष्वाकुवंश्यः ककुदं नृपाणां ककुत्स्थ इत्याहितलक्षणोऽभूत्।#काकुत्स्थशब्दं यत उन्नतेच्छाः श्लाघ्यं दधत्युत्तरकोसलेन्द्राः॥"
"यः संयति महोक्ष-रूपम् महा-इन्द्रम् आस्थाय प्राप्तपिनाकिलीलः (सन्) बाणैः असुर-अङ्गनानाम् गण्ड-स्थलीः प्रोषितपत्रलेखाः चकार","यः संयति महोक्ष-रूपम् महा-इन्द्रम् आस्थाय प्राप्तपिनाकिलीलः (सन्) बाणैः असुर-अङ्गनानाम् गण्ड-स्थलीः प्रोषितपत्रलेखाः चकार","महेन्द्रमास्थाय महोक्षरूपं यः संयति प्राप्तपिनाकिलीलः।#चकार बाणैरसुराङ्गनानां गण्डस्थलीः प्रोषितपत्रलेखाः॥"
"ऐरावत-आस्फालन-विश्लथम् यः अंगदम् अंगदेन संघट्टयन् उपेयुषः स्वाम् अपि मूर्तिम् अग्र्याम् अर्ध-आसनम् गोत्रभिदः अधितष्ठौ","यः ऐरावत-आस्फालन-विश्लथम् अंगदम् अंगदेन संघट्टयन् स्वाम् अग्र्याम् मूर्तिम् उपेयुषः अपि गोत्रभिदः अर्ध-आसनम् अधितष्ठौ","ऐरावतस्फालनविश्लथं यः संघट्टयन्नङ्गदमङ्गदेन।#उपेयुषः स्वामपि मूर्तिमग्र्यामर्धासनं गोत्रभिदोऽधितष्ठौ॥"
"जातः कुले तस्य किल उरु-कीर्तिः कुल-प्रदीपः नृपतिः दिलीपः अतिष्ठत् एकोन-शत-क्रतुत्वे शक्र-अभ्यसूया-विनिवृत्तये यः","उरु-कीर्तिः कुल-प्रदीपः दिलीपः नृपतिः तस्य कुले जातः किल यः शक्र-अभ्यसूया-विनिवृत्तये एकोन-शत-क्रतुत्वे अतिष्ठत्","जातः कुले तस्य किलोरुकीर्तिः कुलप्रदीपो नृपतिर्दिलीपः।#अतिष्ठदेकोनशतक्रतुत्वे शक्राभ्यसूयाविनिवृत्तये यः॥"
"यस्मिन् महीम् शासति वातः अपि विहार-अर्ध-पथे निद्रां गतानाम् वाणिनीनां अंशुकानि न अस्रंसयत् कः आहरणाय हस्तं लम्बयेत्","यस्मिन् महीम् शासति विहार-अर्ध-पथे निद्रां गतानाम् वाणिनीनां अंशुकानि वातः अपि न अस्रंसयत् आहरणाय कः हस्तं लम्बयेत्","यस्मिन्महीं शासति वाणिनीनां निद्रां विहारार्धपथे गतानाम्।#वातोऽपि नास्रंसयदंशुकानि को लम्बयेदाहरणाय हस्तम्॥"
"पुत्रः रघुः तस्य पदम् प्रशास्ति महा-क्रतोः विश्व-जितः प्रयोक्ता चतुः-दिक्-आवर्जित-सम्भृताम् यः मृत्-पात्र-शेषाम् अकरोत् विभूतिम्","विश्व-जितः महा-क्रतोः प्रयोक्ता तस्य पुत्रः रघुः पदम् प्रशास्ति यः चतुः-दिक्-आवर्जित-सम्भृताम् विभूतिम् मृत्-पात्र-शेषाम् अकरोत्","पुत्रो रघुस्तस्य पदं प्रशास्ति महाक्रतोर्विश्वजितः प्रयोक्ता।#
चतुर्दिगावर्जितसंभृतां यो मृत्पात्रशेषामकरोद्विभूतिम्॥"
"अद्रीन् आरूढम् उदधीन् वितीर्णम् भुजंगमानां वसतिम् प्रविष्टम् ऊर्ध्वं गतम् अनुबन्धि च यस्य यशः इयत्तया परिच्छेत्तुं न अलम् (अस्ति)","अद्रीन् आरूढम् उदधीन् वितीर्णम् भुजंगमानां वसतिम् प्रविष्टम् ऊर्ध्वं गतम् अनुबन्धि च यस्य यशः इयत्तया परिच्छेत्तुं न अलम् (अस्ति)","आरूढमद्रीनुदधीन्वितीर्णं भुजङ्गमानां वसतिं प्रविष्टम्।#ऊर्ध्वं गतं यस्य न चानुबन्धि यशः परिच्छेत्तुमियत्तयालम्॥"
"असौ कुमारः अजः त्रिविष्टपस्य पतिम्-इव जयन्तः तम् अनुजातः दम्यः यः गुर्वीम् भुवनस्य धुरम् धुर्येण पित्रा सदृशम् बिभर्ति","असौ कुमारः अजः जयन्तः त्रिविष्टपस्य पतिम्-इव तम् अनुजातः दम्यः यः गुर्वीम् भुवनस्य धुरम् धुर्येण पित्रा सदृशम् बिभर्ति","असौ कुमारस्तमजोऽनुजातस्त्रिविष्टपस्येव पतिं जयन्तः।#गुर्वीं धुरं यो भुवनस्य पित्रा धुर्येण दम्यः सदृशं बिभर्ति॥"
"कुलेन कान्त्या वयसा नवेन गुणैः च तैः तैः विनय-प्रधानैः त्वम् आत्मनः तुल्यम् अमुम् वृणीष्व रत्नम् समागच्छतु काञ्चनेन","कुलेन कान्त्या नवेन वयसा च विनय-प्रधानैः तैः तैः गुणैः आत्मनः तुल्यम् अमुम् त्वम् वृणीष्व रत्नम् काञ्चनेन समागच्छतु","कुलेन कान्त्या वयसा नवेन गुणैश्च तैस्तैर्विनयप्रधानैः।#त्वमात्मनस्तुल्यममुं वृणीष्व रत्नं समागच्छतु काञ्चनेन॥"
"ततः सुनन्दा-वचन-अवसाने लज्जाम् तनू-कृत्य नरेन्द्र-कन्या दृष्ट्या प्रसाद-अमलया कुमारम् प्रत्यग्रहीत् संवरण-स्रजा इव सति","ततः सुनन्दा-वचन-अवसाने सति नरेन्द्र-कन्या लज्जाम् तनू-कृत्य प्रसाद-अमलया संवरण-स्रजा दृष्ट्या इव कुमारम् प्रत्यग्रहीत्","ततः सुनन्दावचनावसाने लज्जां तनूकृत्य नरेन्द्रकन्या।#दृष्ट्या प्रसादामलया कुमारं प्रत्यग्रहीत्संवरणस्रजेव॥"
"सा यूनि तस्मिन् अभिलाष-बन्धम् शालीनतया वक्तुम् न शशाक अराल-केश्याः सः(अभिलाषबन्धः) रोमाञ्चलक्ष्येण गात्र-यष्टिम् भित्वा निराक्रामत्","सा यूनि तस्मिन् अभिलाष-बन्धम् शालीनतया वक्तुम् न शशाक अराल-केश्याः सः(अभिलाषबन्धः) रोमाञ्चलक्ष्येण गात्र-यष्टिम् भित्वा निराक्रामत्","सा यूनि तस्मिन्नभिलाषबन्धं शशाक शालीनतया न वक्तुम्।#रोमाञ्चलक्ष्येण स गात्रयष्टिं भित्त्वा निराक्रामदरालकेश्याः॥"
"तथा-गतायाम् (सत्याम्) परिहास-पूर्वम् सख्याम् सखी वेत्र-भृत् आबभाषे आर्ये व्रजामः अन्यतः इति अथ एनाम् वधूः असूया-कुटिलम् ददर्श","सख्याम् तथा-गतायाम् (सत्याम्) सखी वेत्र-भृत् आर्ये अन्यतः व्रजामः इति परिहास-पूर्वम् आबभाषे अथ वधूः एनाम् असूया-कुटिलम् ददर्श","तथागतायां परिहासपूर्वं सख्यां सखी वेत्रभृदाबभाषे।#
आर्ये! व्रजामोऽन्यत इत्यथैनां वधूरसूयाकुटिलं ददर्श​॥"
"सा चूर्ण-गौरम् रघु-नन्दनस्य धात्री-कराभ्याम् करभ-उपम-ऊरूः आसञ्जयामास यथा-प्रदेशम् कण्ठे गुणम् मूर्तम् इव अनुरागम्","करभ-उपम-ऊरूः सा चूर्ण-गौरम् गुणम् मूर्तम् अनुरागम् इव धात्री-कराभ्याम् रघु-नन्दनस्य कण्ठे यथा-प्रदेशम् आसञ्जयामास","सा चूर्णगौरं रघुनन्दनस्य धात्रीकराभ्यां करभोपमोरूः।#आसञ्जयामास यथाप्रदेशं कण्ठे गुणं मूर्तमिवानुरागम्॥"
"तया स्रजा मङ्गल-पुष्पमय्याः विशाल-वक्षः-स्थल-लम्बया सः अमंस्त कण्ठ-अर्पित-बाहु-पाशाम् विदर्भ-राज-अवरजाम् वरेण्यः","वरेण्यः सः मङ्गल-पुष्पमय्याः विशाल-वक्षः-स्थल-लम्बया तया स्रजा विदर्भ-राज-अवरजाम् कण्ठ-अर्पित-बाहु-पाशाम् अमंस्त","तया स्रजा मङ्गलपुष्पमय्या विशालवक्षःस्थललम्बया सः।#अमंस्त कण्ठार्पितबाहुपाशां विदर्भराजावरजां वरेण्यः॥"
"शशिनम् उपगता इयम् कौमुदी मेघमुक्तम् (अस्ति) जल-निधिम् अनुरूपम् जह्नु-कन्या अवतीर्णा (च) इति सम-गुण-योग-प्रीतयः तत्र पौराः श्रवण-कटु नृपाणाम् एक-वाक्यम् विवव्रुः","तत्र सम-गुण-योग-प्रीतयः पौराः इयम् मेघमुक्तम् शशिनम् उपगता कौमुदी (च) अनुरूपम् जल-निधिम् अवतीर्णा जह्नु-कन्या (अस्ति) इति नृपाणाम् श्रवण-कटु एक-वाक्यम् विवव्रुः","शशिनमुपगतेयं कौमुदी मेघमुक्तं जलनिधिमनुरूपं जह्नुकन्यावतीर्णा।#इति समगुणयोगप्रीतयस्तत्र पौराः श्रवणकटु नृपाणामेकवाक्यं विवव्रुः॥"
"प्रमुदित-वर-पक्षम् एकतः तत्-क्षिति-पति-मण्डलम् अन्यतः वितानम् उषसि सरः-इव प्रफुल्ल-पद्मम् कुमुद-वन-प्रतिपन्न-निद्रम् आसीत् (च​)","एकतः प्रमुदित-वर-पक्षम् अन्यतः वितानम् तत्-क्षिति-पति-मण्डलम् (च​) उषसि प्रफुल्ल-पद्मम् कुमुद-वन-प्रतिपन्न-निद्रम् सरः-इव आसीत्","प्रमुदितवरपक्षमेकतस्तत्क्षितिपतिमण्डलमन्यतो वितानम्।#उषसि सर इव प्रफुल्लपद्मं कुमुदवनप्रतिपन्ननिद्रमासीत्॥"
"अथ उपयन्त्रा सदृशेन युक्ताम् स्कन्देन साक्षात् देव-सेनाम्-इव स्वसारम् आदाय विदर्भ-नाथः पुर-प्रवेश-अभिमुखः बभूव","अथ विदर्भ-नाथः सदृशेन उपयन्त्रा युक्ताम् साक्षात् स्कन्देन देव-सेनाम्-इव स्वसारम् आदाय पुर-प्रवेश-अभिमुखः बभूव","अथोपयन्त्रा सदृशेन युक्तां स्कन्देन साक्षादिव देवसेनाम्।#स्वसारमादाय विदर्भनाथः पुरप्रवेशाभिमुखो बभूव॥1॥"
"सेना-निवेशान् पृथिवी-क्षितः अपि जग्मुः विभात-ग्रह-मन्द-भासः भोज्याम् प्रति व्यर्थ-मनोरथत्वात् रूपेषु वेशेषु च स-अभ्यसूयाः","भोज्याम् प्रति व्यर्थ-मनोरथत्वात् रूपेषु वेशेषु च स-अभ्यसूयाः विभात-ग्रह-मन्द-भासः पृथिवी-क्षितः अपि सेना-निवेशान् जग्मुः","सेनानिवेशान्पृथिवीक्षितोऽपि जग्मुर्विभातग्रहमन्दभासः।#भोज्यां प्रति व्यर्थमनोरथत्वाद्रूपेषु वेशेषु च साभ्यसूयाः॥2॥"
"सान्निध्य-योगात् किल तत्र शच्याः स्वयम्-वर-क्षोभ-कृताम् अभावः काकुत्स्थम् उद्दिश्य स-मत्सरः अपि शशाम तेन क्षिति-पाल-लोकः (बभूव)","तत्र शच्याः सान्निध्य-योगात् स्वयम्-वर-क्षोभ-कृताम् अभावः किल (बभूव) तेन काकुत्स्थम् उद्दिश्य स-मत्सरः अपि क्षिति-पाल-लोकः शशाम","सान्निध्ययोगात्किल तत्र शच्याः स्वयंवरक्षोभकृतामभावः।#काकुत्स्थमुद्दिश्य समत्सरोऽपि शशाम तेन क्षितिपाललोकः॥3॥"
"तावत् प्रकीर्ण-अभिनव-उपचारम् इन्द्र-आयुध-द्योतित-तोरण-अङ्कम् वरः सः वध्वा सह राज-मार्गम् प्राप ध्वज-छाय-निवारित-उष्णम्","सः वरः वध्वा सह तावत् प्रकीर्ण-अभिनव-उपचारम् इन्द्र-आयुध-द्योतित-तोरण-अङ्कम् ध्वज-छाय-निवारित-उष्णम् राज-मार्गम् प्राप","तावत्प्रकीर्णाभिनवोपचारमिन्द्रायुधद्योतिततोरणाङ्कम्।#वरः स वध्वा सह राजमार्गं प्राप ध्वजच्छायनिवारितोष्णम्॥4॥"
"ततः तत्-आलोकन-तत्पराणाम् सौधेषु चामीकर-जालवत्सु बभूवुः इत्थम् पुर-सुन्दरीणाम् त्यक्त-अन्य-कार्याणि वि-चेष्टितानि","ततः चामीकर-जालवत्सु सौधेषु तत्-आलोकन-तत्पराणाम् पुर-सुन्दरीणाम् इत्थम् त्यक्त-अन्य-कार्याणि वि-चेष्टितानि बभूवुः","ततस्तदालोकनतत्पराणां सौधेषु चामीकरजालवत्सु।#बभूवुरित्थं पुरसुन्दरीणां त्यक्तान्यकार्याणि विचेष्टितानि॥5॥"
"आलोक-मार्गम् सहसा व्रजन्त्या कयाचित् उत्-वेष्टन-वान्त-माल्यः बन्धुम् न सम्भावितः एव तावत् करेण रुद्धः अपि च केश-पाशः","सहसा आलोक-मार्गम् व्रजन्त्या कयाचित् उत्-वेष्टन-वान्त-माल्यः करेण रुद्धः अपि च केश-पाशः तावत् बन्धुम् न सम्भावितः एव","आलोकमार्गं सहसा व्रजन्त्या कयाचिदुद्वेष्टनवान्तमाल्यः।#बन्धुं न सम्भावित एव तावत्करेण रुद्धोऽपि च केशपाशः॥6॥"
"प्रसाधिका-आलम्बितम् अग्र-पादम् आक्षिप्य काचित् द्रव-रागम् एव उत्सृष्ट-लीला-गतिः आ-गवाक्षात् अलक्तक-अङ्काम् पदवीम् ततान","काचित् प्रसाधिका-आलम्बितम् द्रव-रागम् एव अग्र-पादम् आक्षिप्य उत्सृष्ट-लीला-गतिः आ-गवाक्षात् पदवीम् अलक्तक-अङ्काम् ततान","प्रसाधिकालम्बितमग्रपादमाक्षिप्य काचिद् द्रवरागमेव।#उत्सृष्टलीलागतिरागवाक्षादलक्तकाङ्कां पदवीं ततान॥7॥"
"विलोचनम् दक्षिणम् अञ्जनेन सम्भाव्य तत्-वञ्चित-वाम-नेत्रा तथा एव वातायन-सन्निकर्षम् ययौ शलाकाम् अपरा वहन्ती","अपरा दक्षिणम् विलोचनम् अञ्जनेन सम्भाव्य तत्-वञ्चित-वाम-नेत्रा तथा एव शलाकाम् वहन्ती वातायन-सन्निकर्षम् ययौ","विलोचनं दक्षिणमञ्जनेन सम्भाव्य तद्वञ्चितवामनेत्रा।#तथैव वातायनसन्निकर्षं ययौ शलाकामपरा वहन्ती॥8॥"
"जाल-अन्तर-प्रेषित-दृष्टिः अन्या प्रस्थान-भिन्नाम् न बबन्ध नीवीम् नाभि-प्रविष्ट-आभरण-प्रभेण हस्तेन तस्थौ अवलम्ब्य वासः","अन्या जाल-अन्तर-प्रेषित-दृष्टिः प्रस्थान-भिन्नाम् नीवीम् न बबन्ध नाभि-प्रविष्ट-आभरण-प्रभेण हस्तेन वासः अवलम्ब्य तस्थौ","जालान्तरप्रेषितदृष्टिरन्या प्रस्थानभिन्नां न बबन्ध नीवीम्।#नाभिप्रविष्टाभरणप्रभेण हस्तेन तस्थाववलम्ब्य वासः॥9॥"
"अर्ध-अञ्चिता सत्वरम् उत्थितायाः पदे पदे दुर्-निर्मिते गलन्ती कस्याश्चित् आसीत् रशना तदानीम् अङ्गुष्ठ-मूल-अर्पित-सूत्र-शेषा","सत्वरम् उत्थितायाः कस्याश्चित् अर्ध-अञ्चिता दुर्-निर्मिते पदे पदे गलन्ती रशना तदानीम् अङ्गुष्ठ-मूल-अर्पित-सूत्र-शेषा आसीत्","अर्धाञ्चिता सत्वरमुत्थितायाः पदे पदे दुर्निर्मिते गलन्ती।#कस्याश्चिदासीद्रशना तदानीमङ्गुष्ठमूलार्पितसूत्रशेषा॥10॥"
"तासाम् मुखैः आसव-गन्ध-गर्भैः व्याप्त-अन्तराः सान्द्र-कुतूहलानाम् विलोल-नेत्र-भ्रमरैः गवाक्षाः सहस्र-पत्र-आभरणाः इव आसन्","सान्द्र-कुतूहलानाम् तासाम् आसव-गन्ध-गर्भैः विलोल-नेत्र-भ्रमरैः मुखैः व्याप्त-अन्तराः गवाक्षाः सहस्र-पत्र-आभरणाः इव आसन्","तासां मुखैरासवगन्धगर्भैर्व्याप्तान्तराः सान्द्रकुतूहलानाम्।#विलोलनेत्रभ्रमरैर्गवाक्षाः सहस्रपत्राभरणा इवासन्॥11॥"
"ताः राघवम् दृष्टिभिः आपिबन्त्यः नार्यः न जग्मुः विषय-अन्तराणि तथाहि शेष-इन्द्रिय-वृत्तिः आसाम् सर्व-आत्मना चक्षुः इव प्रविष्टा","ताः नार्यः राघवम् दृष्टिभिः आपिबन्त्यः विषय-अन्तराणि न जग्मुः तथाहि आसाम् शेष-इन्द्रिय-वृत्तिः सर्व-आत्मना चक्षुः प्रविष्टा इव","ता राघवं दृष्टिभिरापिबन्त्यो नार्यो न जग्मुर्विषयान्तराणि।#तथा हि शेषेन्द्रियवृत्तिरासां सर्वात्मना चक्षुरिव प्रविष्टा॥12॥"
"स्थाने वृता भू-पतिभिः परः-अक्षैः स्वयम्-वरम् साधुम् अमंस्त भोज्या पद्मा-इव नारायणम् अन्यथा असौ लभेत कान्तं कथम् आत्म-तुल्यम् (अपि) (इति)","भोज्या परः-अक्षैः भू-पतिभिः वृता (अपि) स्वयम्-वरम् साधुम् अमंस्त (इति) स्थाने अन्यथा असौ पद्मा-नारायणम् इव आत्म-तुल्यम् कान्तं कथम् लभेत","स्थाने वृता भूपतिभिः परोक्षैः स्वयंवरं साधुममंस्त भोज्या।#पद्मेव नारायणमन्यथासौ लभेत कान्तं कथमात्मतुल्यम्॥13॥"
"परस्परेण स्पृहणीय-शोभम् न चेत् इदम् द्वन्द्वम् अयोजयिष्यत् अस्मिन् द्वये रूप-विधान-यत्नः पत्युः प्रजानाम् वितथः अभविष्यत्","स्पृहणीय-शोभम् इदम् द्वन्द्वम् परस्परेण न अयोजयिष्यत् चेत् प्रजानाम् पत्युः अस्मिन् द्वये रूप-विधान-यत्नः वितथः अभविष्यत्","परस्परेण स्पृहणीयशोभं न चेदिदं द्वन्द्वमयोजयिष्यत् ।#अस्मिन्द्वये रूपविधानयत्नः पत्युः प्रजानां वितथोऽभविष्यत्॥14॥"
"रति-स्मरौ नूनम् इमौ अभूताम् राज्ञाम् सहस्रेषु तथाहि बालाः गता इयम् आत्म-प्रतिरूपम् एव मनः हि जन्म-अन्तर-सङ्गति-ज्ञम् (भवति)","रति-स्मरौ नूनम् इमौ अभूताम् तथाहि इयम् बालाः राज्ञाम् सहस्रेषु आत्म-प्रतिरूपम् एव गता हि मनः जन्म-अन्तर-सङ्गति-ज्ञम् (भवति)","रतिस्मरौ नूनमिमावभूतां राज्ञां सहस्रेषु तथा हि बाला।#गतेयमात्मप्रतिरूपमेव मनो हि जन्मान्तरसङ्गतिज्ञम्॥15॥"
"इति उद्गताः पौर-वधू-मुखेभ्यः शृण्वन् कथाः श्रोत्र-सुखाः कुमारः उद्भासितम् मङ्गल-संविधाभिः सम्बन्धिनः सद्म समाससाद","इति पौर-वधू-मुखेभ्यः उद्गताः श्रोत्र-सुखाः कथाः शृण्वन् कुमारः मङ्गल-संविधाभिः उद्भासितम् सम्बन्धिनः सद्म समाससाद","इत्युद्गताः पौरवधूमुखेभ्यः शृण्वन्कथाः श्रोत्रसुखाः कुमारः।#उद्भासितं मङ्गलसंविधाभिः सम्बन्धिनः सद्म समाससाद॥16॥"
"ततः अवतीर्य आशु करेणुकायाः सः कामरूप-ईश्वर-दत्त-हस्तः वैदर्भ-निर्दिष्टम् अथ विवेश नारी-मनांसि-इव चतुष्कम् अन्तः","ततः करेणुकायाः आशु अवतीर्य कामरूप-ईश्वर-दत्त-हस्तः सः अथ वैदर्भ-निर्दिष्टम् अन्तः चतुष्कम् नारी-मनांसि-इव विवेश","ततोऽवतीर्याशु करेणुकायाः स कामरूपेश्वरदत्तहस्तः।#वैदर्भनिर्दिष्टमथो विवेश नारीमनांसीव चतुष्कमन्तः॥17॥"
"महा-अर्ह-सिंह-आसन-संस्थितः असौ स-रत्नम् अर्घ्यम् मधुपर्क-मिश्रम् भोज-उपनीतम् च दुकूल-युग्मम् जग्राह सार्धम् वनिता-कटाक्षैः","महा-अर्ह-सिंह-आसन-संस्थितः असौ भोज-उपनीतम् स-रत्नम् मधुपर्क-मिश्रम् अर्घ्यम् दुकूल-युग्मम् च वनिता-कटाक्षैः सार्धम् जग्राह","महार्हसिंहासनसंस्थितोऽसौ सरत्नमर्घ्यं मधुपर्कमिश्रम्।#भोजोपनीतं च दुकूलयुग्मं जग्राह सार्धं वनिताकटाक्षैः॥18॥"
"दुकुल-वासाः सः वधू-समीपम् निन्ये विनीतैः अवरोध-रक्षैः वेला-सकाशम् स्फुट-फेन-राजिः नवैः उदन्वान्-इव चन्द्र-पादैः","दुकुल-वासाः सः विनीतैः अवरोध-रक्षैः स्फुट-फेन-राजिः नवैः चन्द्र-पादैः वेला-सकाशम् उदन्वान्-इव वधू-समीपम् निन्ये","दुकुलवासाः स वधूसमीपं निन्ये विनीतैरवरोधरक्षैः।# वेलासकाशं स्फुटफेनराजिर्नवैरुदन्वानिव चन्द्रपादैः॥19॥"
"तत्र अर्चितः भोज-पतेः पुरः-धाः हुत्वा अग्निम् आज्य-आदिभिः अग्नि-कल्पः तम् एव च आधाय विवाह-साक्ष्ये वधू-वरौ सङ्गमयाञ्चकार","तत्र अर्चितः अग्नि-कल्पः भोज-पतेः पुरः-धाः आज्य-आदिभिः अग्निम् हुत्वा तम् एव च विवाह-साक्ष्ये आधाय वधू-वरौ सङ्गमयाञ्चकार","तत्रार्चितो भोजपतेः पुरोधा हुत्वाग्निमाज्यादिभिरग्निकल्पः।# तमेव चाधाय विवाहसाक्ष्ये वधूवरौ सङ्गमयाञ्चकार॥20॥"
"हस्तेन हस्तम् परिगृह्य वध्वाः सः राज-सूनुः सुतराम् चकाशे अन्-अन्तरा-अशोक-लता-प्रवालम् प्राप्य चूतः-इव प्रति-पल्लवेन","सः राज-सूनुः हस्तेन वध्वाः हस्तम् परिगृह्य अन्-अन्तरा-अशोक-लता-प्रवालम् प्रति-पल्लवेन प्राप्य चूतः-इव सुतराम् चकाशे","हस्तेन हस्तं परिगृह्य वध्वाः स राजसूनुः सुतरां चकासे।# अनन्तराशोकलताप्रवालं प्राप्येव चूतः प्रतिपल्लवेन॥21॥"
"आसीत् वरः कण्टकित-प्रकोष्ठः स्विन्न-अङ्गुलिः संववृते कुमारी तस्मिन् द्वये तत्-क्षणम् आत्म-वृत्तिः समम् विभक्ता इव मनः-भवेन","वरः कण्टकित-प्रकोष्ठः आसीत् कुमारी स्विन्न-अङ्गुलिः संववृते तस्मिन् द्वये तत्-क्षणम् आत्म-वृत्तिः मनः-भवेन समम् विभक्ता इव","आसीद्वरः कण्टकितप्रकोष्ठः स्विन्नाङ्गुलिः संववृते कुमारी।# तस्मिन्द्वये तत्क्षणमात्मवृत्तिः समं विभक्तेव मनोभवेन॥22॥"
"तयोः अपाङ्ग-प्रतिसारितानि क्रिया-समापत्ति-निवर्तितानि ह्री-यन्त्रणाम् आनशिरे मनः-ज्ञाम् अन्योन्य-लोलानि विलोचनानि","अपाङ्ग-प्रतिसारितानि क्रिया-समापत्ति-निवर्तितानि अन्योन्य-लोलानि तयोः विलोचनानि मनः-ज्ञाम् ह्री-यन्त्रणाम् आनशिरे","तयोरपाङ्गप्रतिसारितानि क्रियासमापत्तिनिवर्तितानि।# ह्रीयन्त्रणामानशिरे मनोज्ञामन्योन्यलोलानि विलोचनानि॥23॥"
"प्रदक्षिण-प्रक्रमणात् कृशानोः उद्-अर्चिषः तत्-मिथुनम् चकासे(चकाशे) मेरोः उपान्तेषु इव वर्तमानम् अन्योन्य-संसक्तम् अहः-त्रियामम्","तत्-मिथुनम् उद्-अर्चिषः कृशानोः प्रदक्षिण-प्रक्रमणात् मेरोः उपान्तेषु वर्तमानम् अन्योन्य-संसक्तम् अहः-त्रियामम् इव चकासे(चकाशे)","प्रदक्षिणप्रक्रमणात्कृशानोरुदर्चिषस्तन्मिथुनं चकासे।# मेरोरुपान्तेष्विव वर्तमानमन्योन्यसंसक्तमहस्त्रियामम्॥24॥"
"नितम्ब-गुर्वी गुरुणा प्रयुक्ता वधूः विधातृ-प्रतिमेन तेन चकार सा मत्त-चकोर-नेत्रा लज्जावती लाज-विसर्गम् अग्नौ","नितम्ब-गुर्वी विधातृ-प्रतिमेन तेन गुरुणा प्रयुक्ता मत्त-चकोर-नेत्रा लज्जावती सा वधूः अग्नौ लाज-विसर्गम् चकार","नितम्बगुर्वी गुरुणा प्रयुक्ता वधूर्विधातृप्रतिमेन तेन।# चकार सा मत्तचकोरनेत्रा लज्जावती लाजविसर्गमग्नौ॥25॥"
"हविः-शमी-पल्लव-लाज-गन्धी पुण्यः कृशानोः उदियाय धूमः कपोल-संसर्पि-शिखः सः तस्याः मुहूर्त-कर्ण-उत्पलताम् प्रपेदे","हविः-शमी-पल्लव-लाज-गन्धी पुण्यः धूमः कृशानोः उदियाय कपोल-संसर्पि-शिखः सः तस्याः मुहूर्त-कर्ण-उत्पलताम् प्रपेदे","हविःशमीपल्लवलाजगन्धी पुण्यः कृशानोरुदियाय धूमः।# कपोलसंसर्पिशिखः स तस्या मुहूर्तकर्णोत्पलतां प्रपेदे॥26॥"
"तत् अञ्जन-क्लेद-समाकुल-अक्षम् प्र-म्लान-बीज-अङ्कुर-कर्णपूरम् वधू-मुखम् पाटल-गण्ड-लेखम् आचार-धूम-ग्रहणात् बभूव (च)","तत् वधू-मुखम् आचार-धूम-ग्रहणात् अञ्जन-क्लेद-समाकुल-अक्षम् प्र-म्लान-बीज-अङ्कुर-कर्णपूरम् पाटल-गण्ड-लेखम् (च) बभूव","तदञ्जनक्लेदसमाकुलाक्षं प्रम्लानबीजाङ्कुरकर्णपूरम्।#वधूमुखं पाटलगण्डलेखमाचारधूमग्रहणाद्बभूव॥27॥"
"तौ स्नातकैः बन्धुमता च राज्ञा पुरन्ध्रिभिः च क्रमशः प्रयुक्तम् कन्या-कुमारौ कनक-आसन-स्थौ आर्द्र-अक्षत-आरोपणम् अन्वभूताम्","कनक-आसन-स्थौ तौ कन्या-कुमारौ स्नातकैः बन्धुमता च राज्ञा पुरन्ध्रिभिः च क्रमशः प्रयुक्तम् आर्द्र-अक्षत-आरोपणम् अन्वभूताम्","तौ स्नातकैर्बन्धुमता च राज्ञा पुरंध्रिभिश्च क्रमशः प्रयुक्तम्।#कन्याकुमारौ कनकासनस्थावार्द्राक्षतारोपणमन्वभूताम्॥28॥"
"इति स्वसुः भोज-कुल-प्रदीपः सम्पाद्य पाणि-ग्रहणम् सः राजा मही-पतीनाम् पृथक्-अर्हण-अर्थम् समादिदेश अधि-कृतान् अधि-श्रीः","अधि-श्रीः भोज-कुल-प्रदीपः सः राजा इति स्वसुः पाणि-ग्रहणम् सम्पाद्य मही-पतीनाम् पृथक्-अर्हण-अर्थम् अधि-कृतान् समादिदेश","इति स्वसुर्भोजकुलप्रदीपः सम्पाद्य पाणिग्रहणं स राजा।# महीपतीनां पृथगर्हणार्थं समादिदेशाधिकृतानधिश्रीः॥29॥"
"लिङ्गैः मुदः संवृत-विक्रियाः ते ह्रदाः-इव प्रसन्नाः गूढ-नक्राः वैदर्भम् आमन्त्र्य ययुः तदीयाम् प्रत्यर्प्य पूजाम् उपदा-छलेन","मुदः लिङ्गैः संवृत-विक्रियाः प्रसन्नाः गूढ-नक्राः ह्रदाः-इव ते वैदर्भम् आमन्त्र्य तदीयाम् पूजाम् उपदा-छलेन प्रत्यर्प्य ययुः","लिङ्गैर्मुदः संवृतविक्रियास्ते ह्रदाः प्रसन्ना इव गूढनक्राः।# वैदर्भमामन्त्र्य ययुस्तदीयां प्रत्यर्प्य पूजामुपदाछलेन॥30॥"
"सः राज-लोकः कृत-पूर्व-संवित् आरम्भ-सिद्धौ समय-उपलभ्यम् आदास्यमानः प्रमदा-आमिषम् तत् आवृत्य पन्थानम् अजस्य तस्थौ (सन्)","आरम्भ-सिद्धौ कृत-पूर्व-संवित् सः राज-लोकः समय-उपलभ्यम् तत् प्रमदा-आमिषम् आदास्यमानः (सन्) अजस्य पन्थानम् आवृत्य तस्थौ","स राजलोकः कृतपूर्वसंविदारम्भसिद्धौ समयोपलभ्यम्।# आदास्यमानः प्रमदामिषं तदावृत्य पन्थानमजस्य तस्थौ॥31॥"
"भर्ता अपि तावत् क्रथकैशिकानाम् अनुष्ठित-अन्-अन्तर-जा-विवाहः सत्त्व-अनु-रूप-आहरणीकृत-श्रीः प्रास्थापयत् राघवम् अन्वगात् च","रूप-अनुष्ठित-अन्-अन्तर-जा-विवाहः क्रथकैशिकानाम् भर्ता अपि तावत् सत्त्व-अनु-आहरणीकृत-श्रीः राघवम् प्रास्थापयत् अन्वगात् च","भर्तापि तावत्क्रथकैशिकानामनुष्ठितानन्तरजाविवाहः।# सत्त्वानुरूपाहरणीकृतश्रीः प्रास्थापयद्राघवमन्वगाच्च॥32॥"
"तिस्रः त्रि-लोक-प्रथितेन सार्धम् अजेन मार्गे वसतीः उषित्वा तस्मात् अपावर्तत कुण्डिन-ईशः पर्व-अत्यये सोमः-इव उष्ण-रश्मेः","कुण्डिन-ईशः त्रि-लोक-प्रथितेन अजेन सार्धम् मार्गे तिस्रः वसतीः उषित्वा तस्मात् पर्व-अत्यये सोमः-इव उष्ण-रश्मेः अपावर्तत","तिस्रस्त्रिलोकप्रथितेन सार्धमजेन मार्गे वसतीरुषित्वा।# तस्मादपावर्तत कुण्डिनेशः पर्वात्यये सोम इवोष्णरश्मेः॥33॥"
"प्र-मन्यवः प्राक् अपि कोसल-इन्द्रे प्रति-एकम् आत्तस्वतया बभूवुः अतः नृ-पाः चक्षमिरे समेताः स्त्री-रत्न-लाभम् न तत्-आत्म-जस्य","नृ-पाः प्राक् अपि प्रति-एकम् आत्तस्वतया कोसल-इन्द्रे प्र-मन्यवः बभूवुः अतः समेताः तत्-आत्म-जस्य स्त्री-रत्न-लाभम् न चक्षमिरे","प्रमन्यवः प्रागपि कोसलेन्द्रे प्रत्येकमात्तस्वतया बभूवुः।# अतो नृपाश्चक्षमिरे समेताः स्त्रीरत्‍नलाभं न तदात्मजस्य॥34॥"
"तम् उद्वहन्तम् पथि भोज-कन्याम् रुरोध राजन्य-गणः सः दृप्तः बलि-प्रदिष्टाम् श्रियम् आददानम् त्रैविक्रमम् पादम् इन्द्र-शत्रुः-इव","दृप्तः सः राजन्य-गणः भोज-कन्याम् उद्वहन्तम् तम् बलि-प्रदिष्टाम् श्रियम् आददानम् त्रैविक्रमम् पादम् इन्द्र-शत्रुः-इव पथि रुरोध","तमुद्वहन्तं पथि भोजकन्यां रुरोध राजन्यगणः स दृप्तः।# बलिप्रदिष्टां श्रियमाददानं त्रैविक्रमं पादमिवेन्द्रशत्रुः॥35॥"
"तस्याः सः रक्षा-अर्थम् अन्-अल्प-योधम् आदिश्य पित्र्यम् सचिवम् कुमारः प्रत्यग्रहीत् पार्थिव-वाहिनीम् ताम् भागीरथीम् शोणः-इव उत्-तरङ्गः","सः कुमारः तस्याः रक्षा-अर्थम् अन्-अल्प-योधम् पित्र्यम् सचिवम् आदिश्य ताम् पार्थिव-वाहिनीम् भागीरथीम् उत्-तरङ्गः शोणः-इव प्रत्यग्रहीत्","तस्याः स रक्षार्थमनल्पयोधमादिश्य पित्र्यं सचिवं कुमारः।# प्रत्यग्रहीत्पार्थिववाहिनीं तां भागीरथीं शोण इवोत्तरङ्गः॥36॥"
"पत्तिः पदातिम् रथिनम् रथ-ईशः तुरङ्ग-सादी तुरग-अधिरूढम् यन्ता गजस्य अभ्यपतत् गज-स्थम् तुल्य-प्रतिद्वन्द्वि बभूव युद्धम् (अभ्यपतत्) (अभ्यपतत्) (अभ्यपतत्)","पत्तिः पदातिम् (अभ्यपतत्) रथ-ईशः रथिनम् (अभ्यपतत्) तुरङ्ग-सादी तुरग-अधिरूढम् (अभ्यपतत्) गजस्य यन्ता गज-स्थम् अभ्यपतत् तुल्य-प्रतिद्वन्द्वि युद्धम् बभूव","पत्तिः पदातिं रथिनं रथेशस्तुरङ्गसादी तुरगाधिरूढम्।# यन्ता गजस्याभ्यपतद् गजस्थं तुल्यप्रतिद्वन्द्वि बभूव युद्धम्॥37॥"
"नदत्सु तूर्येषु अ-विभाव्य-वाचः न उदीरयन्ति स्म कुल-उपदेशान् बाण-अक्षरैः एव परस्परस्य नाम ऊर्जितम् चाप-भृतः शशंसुः","तूर्येषु नदत्सु अ-विभाव्य-वाचः चाप-भृतः कुल-उपदेशान् न उदीरयन्ति स्म बाण-अक्षरैः एव परस्परस्य ऊर्जितम् नाम शशंसुः","नदत्सु तूर्येष्वविभाव्यवाचो नोदीरयन्ति स्म कुलोपदेशान्।# बाणाक्षरैरेव परस्परस्य नामोर्जितं चापभृतः शशंसुः॥38॥"
"उत्थापितः संयति रेणुः अश्वैः सान्द्री-कृतः स्यन्दन-वंश-चक्रैः विस्तारितः कुञ्जर-कर्ण-तालैः नेत्र-क्रमेण (इव) उपरुरोध सूर्यम्","संयति अश्वैः उत्थापितः स्यन्दन-वंश-चक्रैः सान्द्री-कृतः कुञ्जर-कर्ण-तालैः विस्तारितः रेणुः नेत्र-क्रमेण (इव) सूर्यम् उपरुरोध","उत्थापितः संयति रेणुरश्वैः सान्द्रीकृतः स्यन्दनवंशचक्रैः।#
विस्तारितः कुञ्जरकर्णतालैर्नेत्रक्रमेणोपरुरोध सूर्यम्॥39॥"
"मत्स्य-ध्वजाः वायु-वशात् विदीर्णैः मुखैः प्रवृद्ध-ध्वजिनी-रजांसि बभुः पिबन्तः परम-अर्थ-मत्स्याः-इव परि-आविलानि नव-उदकानि","वायु-वशात् विदीर्णैः मुखैः प्रवृद्ध-ध्वजिनी-रजांसि पिबन्तः मत्स्य-ध्वजाः परि-आविलानि नव-उदकानि परम-अर्थ-मत्स्याः-इव बभुः","मत्स्यध्वजा वायुवशाद्विदीर्णैर्मुखैः प्रवृद्धध्वजिनीरजांसि। #बभुः पिबन्तः परमार्थमत्स्याः पर्याविलानीव नवोदकानि॥40॥"
"रथः रथ-अङ्ग-ध्वनिना विजज्ञे विलोल-घण्टा-क्वणितेन नागः स्व-भर्तृ-नाम-ग्रहणात् बभूव सान्द्रे रजसि आत्म-पर-अवबोधः (विजज्ञे)","सान्द्रे रजसि रथः रथ-अङ्ग-ध्वनिना विजज्ञे नागः विलोल-घण्टा-क्वणितेन (विजज्ञे) आत्म-पर-अवबोधः स्व-भर्तृ-नाम-ग्रहणात् बभूव","रथो रथाङ्गध्वनिना विजज्ञे विलोलघण्टाक्वणितेन नागः।# स्वभर्तृनामग्रहणाद् बभूव सान्द्रे रजस्यात्मपरावबोधः॥41॥"
"आवृण्वतः लोचन-मार्गम् आजौ रजः-अन्धकारस्य विजृम्भितस्य शस्त्र-क्षत-अश्व-द्विप-वीर-जन्मा बाल-अरुणः अभूत् रुधिर-प्रवाहः (सम्पर्कात्)","लोचन-मार्गम् आवृण्वतः आजौ विजृम्भितस्य रजः-अन्धकारस्य (सम्पर्कात्) शस्त्र-क्षत-अश्व-द्विप-वीर-जन्मा रुधिर-प्रवाहः बाल-अरुणः अभूत्","आवृण्वतो लोचनमार्गमाजौ रजोन्धकारस्य विजृम्भितस्य।# शस्त्रक्षताश्वद्विपवीरजन्मा बालारुणोऽभूद्रुधिरप्रवाहः॥42॥"
"सः छिन्न-मूलः क्षत-जेन रेणुः तस्य उपरिष्टात् पवन-अवधूतः अङ्गार-शेषस्य हुत-अशनस्य पूर्व-उत्थितः धूमः-इव आबभासे","क्षत-जेन छिन्न-मूलः तस्य उपरिष्टात् पवन-अवधूतः सः रेणुः अङ्गार-शेषस्य हुत-अशनस्य पूर्व-उत्थितः धूमः-इव आबभासे","स च्छिन्नमूलः क्षतजेन रेणुस्तस्योपरिष्टात्पवनावधूतः।# अङ्गारशेषस्य हुताशनस्य पूर्वोत्थितो धूम इवाबभासे॥43॥"
"प्रहार-मूर्च्छा-अपगमे रथ-स्थाः यन्तॄन् उपालभ्य निवर्तित-अश्वान् यैः सादिताः लक्षित-पूर्व-केतून् तान् एव स-अमर्षतया निजघ्नुः (सति)","रथ-स्थाः प्रहार-मूर्च्छा-अपगमे (सति) निवर्तित-अश्वान् यन्तॄन् उपालभ्य यैः सादिताः लक्षित-पूर्व-केतून् तान् एव स-अमर्षतया निजघ्नुः","प्रहारमूर्च्छापगमे रथस्था यन्तॄनुपालभ्य निवर्तिताश्वान्।# यैः सादिता लक्षितपूर्वकेतूंस्तानेव सामर्षतया निजघ्नुः॥44॥"
"अपि अर्ध-मार्गे पर-बाण-लूनाः धनुः-भृताम् हस्तवताम् पृषत्काः सम्प्रापुः एव आत्म-जव-अनुवृत्त्या पूर्व-अर्ध-भागैः फलिभिः शरव्यम्","अर्ध-मार्गे पर-बाण-लूनाः अपि हस्तवताम् धनुः-भृताम् पृषत्काः आत्म-जव-अनुवृत्त्या फलिभिः पूर्व-अर्ध-भागैः शरव्यम् सम्प्रापुः एव","अप्यर्धमार्गे परबाणलूना धनुर्भृतां हस्तवतां पृषत्काः।# संप्रापुरेवात्मजवानुवृत्त्या पूर्वार्धभागैः फलिभिः शरव्यम्॥45॥"
"आधोरणानाम् गज-सन्निपाते शिरांसि चक्रैः निशितैः क्षुर-अग्रैः हतानि अपि श्येन-नख-अग्र-कोटि-व्यासक्त-केशानि चिरेण पेतुः","गज-सन्निपाते निशितैः क्षुर-अग्रैः चक्रैः हतानि अपि श्येन-नख-अग्र-कोटि-व्यासक्त-केशानि आधोरणानाम् शिरांसि चिरेण पेतुः","आधोरणानां गजसंनिपाते शिरांसि चक्रैर्निशितैः क्षुराग्रैः।# हतान्यपि श्येननखाग्रकोटिव्यासक्तकेशानि चिरेण पेतुः॥46॥"
"पूर्वम् प्रहर्ता न जघान भूयः प्रतिप्रहार-अ-क्षमम् अश्व-सादी तुरङ्गम-स्कन्ध-निषण्ण-देहम् प्रत्याश्वसन्तम् रिपुम् आचकाङ्क्ष","पूर्वम् प्रहर्ता अश्व-सादी प्रतिप्रहार-अ-क्षमम् तुरङ्गम-स्कन्ध-निषण्ण-देहम् रिपुम् भूयः न जघान प्रत्याश्वसन्तम् आचकाङ्क्ष","पूर्वं प्रहर्ता न जघान भूयः प्रतिप्रहाराक्षममश्वसादी।#तुरङ्गमस्कन्धनिषण्णदेहं प्रत्याश्वसन्तं रिपुमाचकाङ्क्ष॥47॥"
"तनु-त्यजाम् वर्म-भृताम् विकोशैः बृहत्सु दन्तेषु असिभिः पतद्भिः उद्यन्तम् अग्निम् शमयाम्बभूवुः गजाः विविग्नाः कर-शीकरेण","तनु-त्यजाम् वर्म-भृताम् बृहत्सु दन्तेषु पतद्भिः विकोशैः असिभिः उद्यन्तम् अग्निम् विविग्नाः गजाः कर-शीकरेण शमयाम्बभूवुः","तनुत्यजां वर्मभृतां विकोशैर्बृहत्सु दन्तेष्वसिभिः पतद्भिः।# उद्यन्तमग्निं शमयांबभूवुर्गजा विविग्नाः करशीकरेण॥48॥"
"शिली-मुख-उत्कृत्त-शिरः-फल-आढ्या च्युतैः शिरः-त्रैः चषक-उत्तरा-इव रण-क्षितिः शोणित-मद्य-कुल्या रराज मृत्योः पान-भूमिः-इव","शिली-मुख-उत्कृत्त-शिरः-फल-आढ्या च्युतैः शिरः-त्रैः चषक-उत्तरा-इव शोणित-मद्य-कुल्या रण-क्षितिः मृत्योः पान-भूमिः-इव रराज","शिलीमुखोत्कृत्तशिरःफलाढ्या च्युतैः शिरस्त्रैश्चषकोत्तरेव।# रणक्षितिः शोणितमद्यकुल्या रराज मृत्योरिव पानभूमिः॥49॥"
"उप-अन्तयोः निष्कुषितम् विहङ्गैः आक्षिप्य तेभ्यः पिशित-प्रिया अपि केयूर-कोटि-क्षत-तालु-देशा शिवा भुज-छेदम् अपाचकार (सति)","उप-अन्तयोः विहङ्गैः निष्कुषितम् भुज-छेदम् तेभ्यः आक्षिप्य पिशित-प्रिया अपि शिवा केयूर-कोटि-क्षत-तालु-देशा (सति) अपाचकार","उपान्तयोर्निष्कुषितं विहङ्गैराक्षिप्य तेभ्यः पिशितप्रियापि।# केयूरकोटिक्षततालुदेशा शिवा भुजच्छेदमपाचकार॥50॥"
"कश्चित् द्विषत्-खड्ग-हत-उत्तम-अङ्गः सद्यः विमान-प्रभुताम् उपेत्य वाम-अङ्ग-संसक्त-सुर-अङ्गनः स्वम् नृत्यत् कबन्धम् समरे ददर्श","द्विषत्-खड्ग-हत-उत्तम-अङ्गः कश्चित् सद्यः विमान-प्रभुताम् उपेत्य वाम-अङ्ग-संसक्त-सुर-अङ्गनः समरे नृत्यत् स्वम् कबन्धम् ददर्श","कश्चिद्द्विषत्खड्गहतोत्तमाङ्गः सद्यो विमानप्रभुतामुपेत्य।# वामाङ्गसंसक्तसुराङ्गनः स्वं नृत्यत्कबन्धं समरे ददर्श॥51॥"
"अन्य-अन्य-सूत-उन्मथनात् अभूताम् तौ एव सूतौ रथिनौ च कौचित् वि-अश्वौ गदा-व्यायत-सम्प्रहारौ भग्न-आयुधौ बाहु-विमर्द-निष्ठौ (अभूताम्) (अभूताम्)","कौचित् अन्य-अन्य-सूत-उन्मथनात् तौ एव सूतौ रथिनौ च अभूताम् वि-अश्वौ गदा-व्यायत-सम्प्रहारौ (अभूताम्) भग्न-आयुधौ बाहु-विमर्द-निष्ठौ (अभूताम्)","अन्योन्यसूतोन्मथनादभूतां तावेव सूतौ रथिनौ च कौचित्।# व्यश्वौ गदाव्यायतसम्प्रहारौ भग्नायुधौ बाहुविमर्दनिष्ठौ॥52॥"
"परस्परेण क्षतयोः प्रहर्त्रोः उत्क्रान्त-वाय्वोः सम-कालम् एव अमर्त्य-भावे अपि कयोश्चित् आसीत् एक-अप्सरः-प्रार्थितयोः विवादः","परस्परेण क्षतयोः सम-कालम् एव उत्क्रान्त-वाय्वोः एक-अप्सरः-प्रार्थितयोः कयोश्चित् प्रहर्त्रोः अमर्त्य-भावे अपि विवादः आसीत्","परस्परेण क्षतयोः प्रहर्त्रोरुत्क्रान्तवाय्वोः समकालमेव।# अमर्त्यभावेऽपि कयोश्चिदासीदेकाप्सरःप्रार्थितयोर्विवादः॥53॥"
"व्यूहौ उभौ तौ इतर-इतरस्मात् भङ्गम् जयम् च आपतुः अव्यवस्थम् पश्चात्-पुरः-मारुतयोः प्र-वृद्धौ पर्याय-वृत्त्या महा-अर्णव-ऊर्मी-इव","तौ उभौ व्यूहौ पश्चात्-पुरः-मारुतयोः पर्याय-वृत्त्या प्र-वृद्धौ महा-अर्णव-ऊर्मी-इव इतर-इतरस्मात् अव्यवस्थम् भङ्गम् जयम् च आपतुः","व्यूहावुभौ तावितरेतरस्माद् भङ्गं जयं चापतुरव्यवस्थम्।# पश्चात्पुरो मारुतयोः प्रवृद्धौ पर्यायवृत्त्येव महार्णवोर्मी॥54॥"
"परेण भग्ने अपि बले महा-ओजाः ययौ अजः प्रति अरि-सैन्यम् एव धूमः निवर्त्येत समीरणेन यतः(यत्र) तु कक्षः ततः(तत्र) एव वह्निः (भवति) (प्रवर्तते)","बले परेण भग्ने अपि महा-ओजाः अजः अरि-सैन्यम् प्रति एव ययौ समीरणेन धूमः निवर्त्येत वह्निः तु यतः(यत्र) कक्षः (भवति) ततः(तत्र) एव (प्रवर्तते)","परेण भग्नेऽपि बले महौजा ययावजः प्रत्यरिसैन्यमेव।# धूमो निवर्त्येत समीरणेन यतस्तु कक्षस्तत एव वह्निः॥55॥"
"रथी निषङ्गी कवची धनुष्मान् दृप्तः सः राजन्यकम् एक-वीरः निवारयामास महा-वराहः कल्प-क्षय-उद्वृत्तम् अर्णव-अम्भः-इव","रथी निषङ्गी कवची धनुष्मान् दृप्तः एक-वीरः सः राजन्यकम् महा-वराहः कल्प-क्षय-उद्वृत्तम् अर्णव-अम्भः-इव निवारयामास","रथी निषङ्गी कवची धनुष्मान्दृप्तः स राजन्यकमेकवीरः।# निवारयामास महावराहः कल्पक्षयोद्वृत्तमिवार्णवाम्भः॥56॥"
"सः दक्षिणम् तूण-मुखेन वामम् व्यापारयन् हस्तम् अलक्ष्यत आजौ आ-कर्ण-कृष्टा सकृत् अस्य योद्धुः मौर्वी इव बाणान् सुषुवे रिपु-घ्नान्","सकृत् सः आजौ दक्षिणम् हस्तम् तूण-मुखेन वामम् व्यापारयन् अलक्ष्यत आ-कर्ण-कृष्टा योद्धुः अस्य मौर्वी रिपु-घ्नान् बाणान् सुषुवे इव","स दक्षिणं तूणमुखेन वामं व्यापारयन्हस्तमलक्ष्यताजौ।# आकर्णकृष्टा सकृदस्य योद्धुर्मौर्वीव बाणान्सुषुवे रिपुघ्नान्॥57॥"
"सः रोष-दष्टा-अधिक-लोहित-ओष्ठैः व्यक्त-ऊर्ध्व-रेखाः भ्रुकुटीः वहद्भिः तस्तार गाम् भल्ल-निकृत्त-कण्ठैः हुंकार-गर्भैः द्विषताम् शिरोभिः","सः रोष-दष्टा-अधिक-लोहित-ओष्ठैः व्यक्त-ऊर्ध्व-रेखाः भ्रुकुटीः वहद्भिः भल्ल-निकृत्त-कण्ठैः हुंकार-गर्भैः द्विषताम् शिरोभिः गाम् तस्तार","स रोषदष्टाधिकलोहितोष्ठैर्व्यक्तोर्ध्वरेखा भ्रुकुटीर्वहद्भिः।# तस्तार गां भल्लनिकृत्तकण्ठैर्हुंकारगर्भैर्द्विषतां शिरोभिः॥58॥"
"सर्वैः बल-अङ्गैः द्वि-रद-प्रधानैः सर्व-आयुधैः कङ्कट-भेदिभिः च सर्व-प्रयत्नेन च भूमि-पालाः तस्मिन् प्रजह्रुः युधि सर्वे एव","द्वि-रद-प्रधानैः सर्वैः बल-अङ्गैः कङ्कट-भेदिभिः सर्व-आयुधैः च सर्व-प्रयत्नेन च सर्वे एव भूमि-पालाः युधि तस्मिन् प्रजह्रुः","सर्वैर्बलाङ्गैर्द्विरदप्रधानैः सर्वायुधैः कङ्कटभेदिभिश्च।# सर्वप्रयत्नेन च भूमिपालास्तस्मिन्प्रजह्रुर्युधि सर्व एव॥59॥"
"सः अस्त्र-व्रजैः छन्न-रथः परेषाम् ध्वज-अग्र-मात्रेण बभूव लक्ष्यः नीहार-मग्नः दिन-पूर्व-भागः किञ्चित्-प्रकाशेन विवस्वता-इव","परेषाम् अस्त्र-व्रजैः छन्न-रथः सः नीहार-मग्नः दिन-पूर्व-भागः किञ्चित्-प्रकाशेन विवस्वता-इव ध्वज-अग्र-मात्रेण लक्ष्यः बभूव","सोऽस्त्रव्रजैश्छन्नरथः परेषां ध्वजाग्रमात्रेण बभूव लक्ष्यः।# नीहारमग्नो दिनपूर्वभागः किञ्चित्प्रकाशेन विवस्वतेव॥60॥"
"प्रियम्‌-वदात् प्राप्तम् असौ कुमारः प्रायुङ्क्त राजसु अधि-राज-सूनुः गान्धर्वम् अस्त्रम् कुसुम-अस्त्र-कान्तः प्रस्वापनम् स्वप्न-निवृत्त-लौल्यः","अधि-राज-सूनुः कुसुम-अस्त्र-कान्तः स्वप्न-निवृत्त-लौल्यः असौ कुमारः प्रियम्‌-वदात् प्राप्तम् गान्धर्वम् प्रस्वापनम् अस्त्रम् राजसु प्रायुङ्क्त","प्रियंवदात्प्राप्तमसौ कुमारः प्रायुङ्क्त राजस्वधिराजसूनुः।# गान्धर्वमस्त्रं कुसुमास्त्रकान्तः प्रस्वापनं स्वप्ननिवृत्तलौल्यः॥61॥"
"ततः धनुष्‌-कर्षण-मूढ-हस्तम् एक-अंस-पर्यस्त-शिरः-त्र-जालम् तस्थौ ध्वज-स्तम्भ-निषण्ण-देहम् निद्रा-विधेयम् नर-देव-सैन्यम्","ततः धनुष्‌-कर्षण-मूढ-हस्तम् एक-अंस-पर्यस्त-शिरः-त्र-जालम् ध्वज-स्तम्भ-निषण्ण-देहम् नर-देव-सैन्यम् निद्रा-विधेयम् तस्थौ","ततो धनुष्कर्षणमूढहस्तमेकांसपर्यस्तशिरस्त्रजालम्।# तस्थौ ध्वजस्तम्भनिषण्णदेहं निद्राविधेयं नरदेवसैन्यम्॥62॥"
"ततः प्रिय-उपात्त-रसे अधर-ओष्ठे निवेश्य दध्मौ जल-जम् कुमारः तेन स्व-हस्त-अर्जितम् एक-वीरः पिबन् यशः मूर्तम् इव आबभासे","ततः कुमारः प्रिय-उपात्त-रसे अधर-ओष्ठे जल-जम् निवेश्य दध्मौ तेन एक-वीरः स्व-हस्त-अर्जितम् मूर्तम् यशः पिबन् इव आबभासे","ततः प्रियोपात्तरसेऽधरोष्ठे निवेश्य दध्मौ जलजं कुमारः।# तेन स्वहस्तार्जितमेकवीरः पिबन्यशो मूर्तमिवाबभासे॥63॥"
"शङ्ख-स्वन-अभिज्ञतया निवृत्ताः तम् सन्न-शत्रुम् ददृशुः स्व-योधाः निमीलितानाम् पङ्कजानाम् मध्ये स्फुरन्तम् प्रतिमा-शश-अङ्कम्-इव","शङ्ख-स्वन-अभिज्ञतया निवृत्ताः स्व-योधाः सन्न-शत्रुम् तम् निमीलितानाम् पङ्कजानाम् मध्ये स्फुरन्तम् प्रतिमा-शश-अङ्कम्-इव ददृशुः","शङ्खस्वनाभिज्ञतया निवृत्तास्तं सन्नशत्रुं ददृशुः स्वयोधाः।# निमीलितानामिव पङ्कजानां मध्ये स्फुरन्तं प्रतिमाशशाङ्कम्॥64॥"
"स-शोणितैः तेन शिली-मुख-अग्रैः निक्षेपिताः केतुषु पार्थिवानाम् यशः हृतम् सम्प्रति राघवेण न जीवितम् वः कृपया इति वर्णाः (हृतम्)","सम्प्रति राघवेण वः यशः हृतम् जीवितम् कृपया न (हृतम्) इति वर्णाः स-शोणितैः शिली-मुख-अग्रैः तेन पार्थिवानाम् केतुषु निक्षेपिताः","सशोणितैस्तेन शिलीमुखाग्रैर्निक्षेपिताः केतुषु पार्थिवानाम्।# यशो हृतं सम्प्रति राघवेण न जीवितं वः कृपयेति वर्णाः॥65॥"
"सः चाप-कोटि-निहित-एक-बाहुः शिरः-त्र-निष्कर्षण-भिन्न-मौलिः ललाट-बद्ध-श्रम-वारि-बिन्दुः भीताम् प्रियाम् एत्य वचः बभाषे","चाप-कोटि-निहित-एक-बाहुः शिरः-त्र-निष्कर्षण-भिन्न-मौलिः ललाट-बद्ध-श्रम-वारि-बिन्दुः सः भीताम् प्रियाम् एत्य वचः बभाषे","स चापकोटिनिहितैकबाहुः शिरस्त्रनिष्कर्षणभिन्नमौलिः।# ललाटबद्धश्रमवारिबिन्दुर्भीतां प्रियामेत्य वचो बभाषे॥66॥"
"इतः परान् अर्भक-हार्य-शस्त्रान् वैदर्भि पश्य अनुमता मया असि एवम्-विधेन आहव-चेष्टितेन त्वम् प्रार्थ्यसे हस्त-गता मम एभिः (त्वम्)","वैदर्भि इतः अर्भक-हार्य-शस्त्रान् परान् पश्य मया (त्वम्) अनुमता असि एभिः एवम्-विधेन आहव-चेष्टितेन मम हस्त-गता त्वम् प्रार्थ्यसे","इतः परानर्भकहार्यशस्त्रान्वैदर्भि! पश्यानुमता मयासि।# एवंविधेनाहवचेष्टितेन त्वं प्रार्थ्यसे हस्तगता ममैभिः॥67॥"
"तस्याः प्रति-द्वन्द्वि-भवात् विषादात् सद्यः विमुक्तम् मुखम् आबभासे निःश्वास-बाष्प-अपगमात् प्रपन्नः प्रसादम् आत्मीयम् आत्म-दर्शः-इव","प्रति-द्वन्द्वि-भवात् विषादात् सद्यः विमुक्तम् तस्याः मुखम् निःश्वास-बाष्प-अपगमात् आत्मीयम् प्रसादम् प्रपन्नः आत्म-दर्शः-इव आबभासे","तस्याः प्रतिद्वन्द्विभवाद्विषादात्सद्यो विमुक्तं मुखमाबभासे।# बाष्पागमात्प्रपन्नः प्रसादमात्मीयमिवात्मदर्शः॥68॥"
"हृष्टा अपि सा ह्री-विजिता न साक्षात् वाग्भिः सखीनाम् प्रियम् अभ्यनन्दत् स्थली नव-अम्भः-पृषत-अभिवृष्टाः मयूर-केकाभिः-इव अभ्र-वृन्दम् (अभ्यनन्दत्)","सा हृष्टा अपि ह्री-विजिता प्रियम् साक्षात् न (अभ्यनन्दत्) नव-अम्भः-पृषत-अभिवृष्टाः स्थली अभ्र-वृन्दम् मयूर-केकाभिः-इव सखीनाम् वाग्भिः अभ्यनन्दत्","हृष्टापि सा ह्रीविजिता न साक्षाद्वाग्भिः सखीनां प्रियमभ्यनन्दत्।# स्थली नवाम्भःपृषताभिवृष्टा मयूरकेकाभिरिवाभ्रवृन्दम्॥69॥"
"इति शिरसि सः वामम् पादम् आधाय राज्ञाम् उदवहत् अन्‌-अ-वद्याम् ताम् अवद्यात् अपेतः रथ-तुरग-रजोभिः तस्य रूक्ष-अलक-अग्रा समर-विजय-लक्ष्मीः सा एव मूर्ता बभूव","अवद्यात् अपेतः सः इति राज्ञाम् शिरसि वामम् पादम् आधाय अन्‌-अ-वद्याम् ताम् उदवहत् तस्य रथ-तुरग-रजोभिः रूक्ष-अलक-अग्रा सा एव मूर्ता समर-विजय-लक्ष्मीः बभूव","इति शिरसि स वामं पादमाधाय राज्ञामुदवहदनवद्यां तामवद्यादपेतः।# रथतुरगरजोभिस्तस्य रूक्षालकाग्रा समरविजयलक्ष्मीः सैव मूर्ता बभूव॥70॥"
"प्रथम-परिगत-अर्थः तम् रघुः सन्निवृत्तम् विजयिनम् अभिनन्द्य श्लाघ्य-जाया-समेतम् तत्-उपहित-कुटुम्बः शान्ति-मार्ग-उत्सुकः अभूत् न हि सति कुल-धुर्ये सूर्य-वंश्याः गृहाय (भवन्ति)","प्रथम-परिगत-अर्थः रघुः विजयिनम् श्लाघ्य-जाया-समेतम् सन्निवृत्तम् तम् अभिनन्द्य तत्-उपहित-कुटुम्बः शान्ति-मार्ग-उत्सुकः अभूत् हि कुल-धुर्ये सति सूर्य-वंश्याः गृहाय न (भवन्ति)","प्रथमपरिगतार्थस्तं रघुः सन्निवृत्तं विजयिनमभिनन्द्य श्लाघ्यजायामसेतम्।# तदुपहितकुटुम्बः शान्तिमार्गोत्सुकोऽभून्न हि सति कुलधुर्ये सूर्यवंश्या गृहाय॥71॥"
"अथ पार्थिवः ललितं विवाह-कौतुकं बिभ्रतः एव तस्य अपराम् इन्दुमतीम्-इव वसुधाम् अपि हस्त-गामिनीम् अकरोत्","अथ पार्थिवः ललितं विवाह-कौतुकं बिभ्रतः एव तस्य अपराम् इन्दुमतीम्-इव वसुधाम् अपि हस्त-गामिनीम् अकरोत्","अथ तस्य विवाहकौतुकं ललितं बिभ्रत एव पार्थिवः।#वसुधामपि हस्तगामिनीमकरोदिन्दुमतीमिवापराम्॥"
"यत् राज्यं दुरितैः अपि आत्मसात् कर्तुम् नृप-सूनवः प्रयतन्ते हि; तत् उपस्थितं राज्यं पितुः आज्ञा इति अजः अग्रहीत्; (अजः) भोग-तृष्णया (तु) न अग्रहीत्","यत् राज्यं दुरितैः अपि आत्मसात् कर्तुम् नृप-सूनवः प्रयतन्ते हि; तत् उपस्थितं राज्यं पितुः आज्ञा इति अजः अग्रहीत्; (अजः) भोग-तृष्णया (तु) न अग्रहीत्","दुरितैरपि कर्तुमात्मसात्प्रयतन्ते नृपसूनवो हि यत्।#तदुपस्थितमग्रहीदजः पितुराज्ञेति न भोगतृष्णया॥"
"मेदिनी वसिष्ठ-सम्भृतैः सलिलैः तेन सह अभिषेचनम् अनुभूय विशद-उच्छ्वसितेन कृतार्थताम् कथयामास इव","मेदिनी वसिष्ठ-सम्भृतैः सलिलैः तेन सह अभिषेचनम् अनुभूय विशद-उच्छ्वसितेन कृतार्थताम् कथयामास इव","अनुभूय वसिष्ठसंभृतैः सलिलैस्तेन सहाभिषेचनम्।#विशदोच्छ्वसितेन मेदिनी कथयामास कृतार्थतामिव॥"
"सः बभूव दुरासदः परैः अथर्वविदा गुरुणा कृत-क्रियः; अस्त्र-तेजसा सहितं यत् ब्रह्म अयं पवन-अग्नि-समागमः हि (आसीत्)","अथर्वविदा गुरुणा कृत-क्रियः सः परैः दुरासदः बभूव; हि अस्त्र-तेजसा सहितं यत् ब्रह्म अयं पवन-अग्नि-समागमः (आसीत्)","स बभूव दुरासदः परैर्गुरुणाऽथर्वविदा कृतक्रियः।#पवनाग्निसमागमो ह्ययं सहितं ब्रह्म यदस्त्रतेजसा॥"
"प्रजाः तं(अजम्) नव-ईश्वरं निवृत्त-यौवनं रघुम् एव अमन्यन्त; सः तस्य केवलां श्रियं न प्रतिपेदे हि; (सः) सकलान् गुणान् अपि प्रतिपेदे","प्रजाः नव-ईश्वरं तं(अजम्) निवृत्त-यौवनं रघुम् एव अमन्यन्त; सः तस्य केवलां श्रियं न प्रतिपेदे हि; (सः) सकलान् गुणान् अपि प्रतिपेदे","रघुमेव निवृत्तयौवनं तममन्यन्त नवेश्वरं प्रजाः।#स हि तस्य न केवलां श्रियं प्रतिपेदे सकलान्गुणानपि॥"
"अधिकम् शुशुभे शुभंयुना द्वितयेन द्वयम् एव सङ्गतम् (सत्); पदम् ऋद्धम् अजेन पैतृकम् विनयेन अस्य नवम् च यौवनम् (शुशुभे) (सह​) (शुशुभे) (सह​)","द्वयम् एव शुभंयुना द्वितयेन सङ्गतम् (सत्) अधिकम् शुशुभे; पैतृकम् ऋद्धम् पदम् अजेन (सह​) (शुशुभे) अस्य नवम् यौवनम् च विनयेन (सह​) (शुशुभे)","अधिकं शुशुभे शुभंयुना द्वितयेन द्वयमेव संगतम्।#पदमृद्धमजेन पैतृकं विनयेनास्य नवं च यौवनम्॥"
"महा-भुजः सः अचिर-उपनतां मेदिनीं नव-पाणि-ग्रहणां वधूम्-इव सहसा इयं उद्वेगं व्रजेत् इति स-दयं बुभुजे","महा-भुजः सः अचिर-उपनतां मेदिनीं नव-पाणि-ग्रहणां वधूम्-इव सहसा इयं उद्वेगं व्रजेत् इति स-दयं बुभुजे","सदयं बुभुजे महाभुजः सहसोद्वेगमियं व्रजेदिति।#अचिरोपनतां स मेदिनीं नवपाणिग्रहणां वधूमिव॥"
"प्रकृतिषु सर्वः अपि जनः अहम् एव मही-पतेः मतः (अस्मि) इति अचिन्तयत्; उदधेः निम्नगा-शतेषु इव अस्य वि-मानना क्वचित् न अभवत्","सर्वः अपि जनः प्रकृतिषु अहम् एव मही-पतेः मतः (अस्मि) इति अचिन्तयत्; उदधेः निम्नगा-शतेषु इव अस्य क्वचित् वि-मानना न अभवत्","अहमेव मतो महीपतेरिति सर्वः प्रकृतिष्वचिन्तयत्।#उदधेरिव निम्नगाशतेष्वभवन्नास्य विमानना क्वचित्॥"
"सः भूयसा खरः न आसीत्; भूयसा मृदुः (अपि) न आसीत्; पुरस्कृत-मध्यम-क्रमः (सन्) पवमानः पृथिवी-रुहान्-इव नृपान् अन्-उद्धरन् नमयामास (सः) (सन्)","सः भूयसा खरः न आसीत्; भूयसा मृदुः (अपि) न आसीत्; (सः) पुरस्कृत-मध्यम-क्रमः (सन्) पवमानः पृथिवी-रुहान्-इव नृपान् अन्-उद्धरन् (सन्) नमयामास","न खरो न च भूयसा मृदुः पवमानः पृथिवीरुहानिव।#स पुरस्कृतमध्यमक्रमो नमयामास नृपाननुद्धरन्॥"
"गुणवत्-सुत-रोपित-श्रियः परिणामे हि दिलीप-वंश-जाः पदवीम् तरु-वल्क-वाससाम् प्रयताः संयमिनाम् प्रपेदिरे .","गुणवत्-सुत-रोपित-श्रियः . परिणामे हि दिलीप-वंश-जाः पदवीम् तरु-वल्क-वाससाम् प्रयताः संयमिनाम् प्रपेदिरे","गुणवत्-सुत​-रोपित-श्रियः परिणामे हि दिलीप-वंशजाः।पदवीं तरुवल्कवाससां प्रयताः संयमिनां प्रपेदिरे॥"
"अथ रघुः आत्मजं आत्मवत्तया प्रकृतिषु प्रतिष्ठितं वीक्ष्य वि-नाश-धर्मसु त्रि-दिव-स्थेषु अपि विषयेषु निःस्पृहः अभवत्","अथ रघुः आत्मजं आत्मवत्तया प्रकृतिषु प्रतिष्ठितं वीक्ष्य वि-नाश-धर्मसु त्रि-दिव-स्थेषु अपि विषयेषु निःस्पृहः अभवत्","अथ वीक्ष्य रघुः प्रतिष्ठितं प्रकृतिष्वात्मजमात्मवत्तया।#विषयेषु विनाशधर्मसु त्रिदिवस्थेष्वपि निःस्पृहोऽभवत्॥"
"वेष्टन-शोभिना-शिरसा सुतः अरण्य-समाश्रय-उन्मुखं तं पितरं पादयोः प्रणिपत्य आत्मनः अ-परित्यागं अयाचत","वेष्टन-शोभिना-शिरसा सुतः अरण्य-समाश्रय-उन्मुखं तं पितरं पादयोः प्रणिपत्य आत्मनः अ-परित्यागं अयाचत","तमरण्यसमाश्रयोन्मुखं शिरसा वेष्टनशोभिना सुतः।#पितरं प्रणिपत्य पादयोरपरित्यागमयाचतात्मनः॥"
"आत्मज-प्रियः रघुः अश्रु-मुखस्य तस्य तत् ईप्सितम् कृतवान् (अस्ति); सः सर्पः-इव त्वचम् वर्जितां श्रियं पुनः न तु प्रतिपेदे","आत्मज-प्रियः रघुः अश्रु-मुखस्य तस्य तत् ईप्सितम् कृतवान् (अस्ति); सः वर्जितां श्रियं सर्पः-इव त्वचम् पुनः तु न प्रतिपेदे","रघुरश्रुमुखस्य तस्य तत्कृतवानीप्सितमात्मजप्रियः।#न तु सर्प इव त्वचं पुनः प्रतिपेदे व्यपवर्जितां श्रियम्॥"
"सः अन्त्यं-आश्रमं आश्रितः पुरात् बहिः आवसथे निवसन् अविकृत-इन्द्रियः स्नुषया-इव पुत्रभोग्यया-श्रिया समुपास्यत​ किल","सः अन्त्यं-आश्रमं आश्रितः पुरात् बहिः आवसथे निवसन् अविकृत-इन्द्रियः स्नुषया-इव पुत्रभोग्यया-श्रिया समुपास्यत​ किल","स किलाश्रममन्त्यमाश्रितो निवसन्नावसथे पुराद्बहिः।#समुपास्यत पुत्रभोग्यया स्नुषयेवाविकृतेन्द्रियः श्रिया॥"
"प्रशम-स्थित-पूर्व-पार्थिवम् अभि-उद्यत-नूतन-ईश्वरम् तत् कुलम् निभृत-इन्दुना उदित-अर्केण च नभसा तुलां समारुरोह​","प्रशम-स्थित-पूर्व-पार्थिवम् अभि-उद्यत-नूतन-ईश्वरम् तत् कुलम् निभृत-इन्दुना उदित-अर्केण च नभसा तुलां समारुरोह​","प्रशमस्थितपूर्वपार्थिवं कुलमभ्युद्यतनूतनेश्वरम्।#नभसा निभृतेन्दुना तुलामुदितार्केण समारुरोह तत्॥"
"यति-पार्थिव-लिङ्ग-धारिणौ रघु-राघवौ अपवर्ग-महोदय-अर्थयोः धर्मयोः भुवं गतौ अंशौ-इव जनैः ददृशाते","यति-पार्थिव-लिङ्ग-धारिणौ रघु-राघवौ अपवर्ग-महोदय-अर्थयोः धर्मयोः भुवं गतौ अंशौ-इव जनैः ददृशाते","यतिपार्थिवलिङ्गधारिणौ ददृशाते रघुराघवौ जनैः।#अपवर्गमहोदयार्थयोर्भुवमंशाविव धर्मयोर्गतौ॥"
"अजः अजित-अधिगमाय नीति-विशारदैः मन्त्रिभिः युयुजे रघुः अपि अनपायि-पद-उपलब्धये आप्तैः योगिभिः समियाय","अजः अजित-अधिगमाय नीति-विशारदैः मन्त्रिभिः युयुजे रघुः अपि अनपायि-पद-उपलब्धये आप्तैः योगिभिः समियाय","अजिताधिगमाय मन्त्रिभिर्युयुजे नीतिविशारदैरजः।#अनुपायिपदोपप्राप्तये रघुराप्तैः समियाय योगिभिः॥"
"युवा नृपतिः प्रकृतीः अव-ईक्षितुम् व्यवहार-आसनम् आददे; प्रवयाः (नृपतिः) तु धारणां परिचेतुम् उपांशु कुश-पूतम् विष्टरम् (आददे)","युवा नृपतिः प्रकृतीः अव-ईक्षितुम् व्यवहार-आसनम् आददे; प्रवयाः (नृपतिः) तु धारणां परिचेतुम् उपांशु कुश-पूतम् विष्टरम् (आददे)","नृपतिः प्रकृतीरवेक्षितुं व्यवहारासनमाददे युवा।#परिचेतुमुपांशु धारणां कुशपूतं प्रवयास्तु विष्टरम्॥"
"एकः अनन्तरान् नृपतीन् प्रभु-शक्ति-सम्पदा वशम् अनयत्; अपरः प्रणिधान-योग्यया शरीर-गोचरान् पञ्च मरुतः (वशम्) (अनयत्)","एकः अनन्तरान् नृपतीन् प्रभु-शक्ति-सम्पदा वशम् अनयत्; अपरः प्रणिधान-योग्यया शरीर-गोचरान् पञ्च मरुतः (वशम्) (अनयत्)","अनयत्प्रभुशक्तिसंपदा वशमेको नृपतीननन्तरान्।#अपरः प्रणिधानयोग्यया मरुतः पञ्च शरीरगोचरान्॥"
"अ-चिर-ईश्वरः क्षितौ द्विषत्-आरम्भ-फलानि भस्मसात् अकरोत्; इतरः ज्ञान-मयेन वह्निना स्व-कर्मणाम् दहने ववृते","अ-चिर-ईश्वरः क्षितौ द्विषत्-आरम्भ-फलानि भस्मसात् अकरोत्; इतरः ज्ञान-मयेन वह्निना स्व-कर्मणाम् दहने ववृते","अकरोदचिरेश्वरः क्षितौ द्विषदारम्भफलानि भस्मसात्।#इतरो दहने स्वकर्मणां ववृते ज्ञानमयेन वह्निना॥"
"अजः पण-बन्ध-मुखान् षट्-गुणान् तत्-फलम् समीक्ष्य उपयुङ्क्त; समलोष्ट-काञ्चनः रघुः अपि प्रकृतिस्थं गुणत्रयं अजयत्","अजः पण-बन्ध-मुखान् षट्-गुणान् तत्-फलम् समीक्ष्य उपयुङ्क्त; समलोष्ट-काञ्चनः रघुः अपि प्रकृतिस्थं गुणत्रयं अजयत्","पणबन्धमुखान्गुणानजः षडुपायुङ्क्त समीक्ष्य तत्फलम्।#रघुरप्यजयत्गुणत्रयं प्रकृतिस्थं समलोष्टकाञ्चनः॥"
"स्थिर-कर्मा नवः प्रभुः आ-फल-उदयात् कर्मणः न विरराम; स्थिरधीः नवेतरः च आ-परम-आत्म-दर्शनात् योग-विधेः न विरराम","स्थिर-कर्मा नवः प्रभुः आ-फल-उदयात् कर्मणः न विरराम; स्थिरधीः नवेतरः च आ-परम-आत्म-दर्शनात् योग-विधेः न विरराम","न नवः प्रभुराफलोदयात्स्थिरकर्मा विरराम कर्मणः।#न च योगविधेर्नवेतरः स्थिरधीरा परमात्मदर्शनात्॥"
"इति शत्रुषु च इन्द्रियेषु च प्रतिषिद्ध-प्रसरेषु जाग्रतौ प्रसितौ उदया-अपवर्गयोः उभयीम् सिद्धिम् उभौ अवापतुः","इति प्रतिषिद्ध-प्रसरेषु शत्रुषु च इन्द्रियेषु च जाग्रतौ उदया-अपवर्गयोः प्रसितौ उभौ उभयीम् सिद्धिम् अवापतुः","इति शत्रुषु चेन्द्रियेषु च प्रतिषिद्धप्रसरेषु जाग्रतौ।#प्रसितावुदयापवर्गयोरुभयीं सिद्धिमुभाववापतुः॥"
"अथ रघुः सम-दर्शनः अज-व्यपेक्षया काश्चित् समाः गमयित्वा योग-समाधिना अव्ययम् तमसः परम् पुरुषम् (आपत्) (सन्)","अथ रघुः सम-दर्शनः (सन्) अज-व्यपेक्षया काश्चित् समाः गमयित्वा योग-समाधिना अव्ययम् तमसः परम् पुरुषम् (आपत्)","अथ काश्चिदजव्यपेक्षया गमयित्वा समदर्शनः समाः।#तमसः परमापदव्ययं पुरुषं योगसमाधिना रघुः॥"
"अग्निचित् राघवः पितुः श्रुत-देह-विसर्जनः चिरम् अश्रूणि विमुच्य अस्य अन्-अग्निम् नैष्ठिकम् विधिम् यतिभिः सार्धम् विदधे","अग्निचित् राघवः पितुः श्रुत-देह-विसर्जनः चिरम् अश्रूणि विमुच्य अस्य अन्-अग्निम् नैष्ठिकम् विधिम् यतिभिः सार्धम् विदधे","श्रुतदेहविसर्जनः पितुश्चिरमश्रूणि विमुच्य राघवः।#विदधे विधिमस्य नैष्ठिकं यतिभिः सार्धमनग्निरग्निचित्॥"
"पितृ-कार्य-कल्प-वित् सः पितृ-भक्त्या तत् और्ध्व-दैहिकम् अकरोत्; तेन पथा तनु-त्यजः तनय-आवर्जित-पिण्ड-काङ्क्षिणः न हि (भवन्ति)","पितृ-कार्य-कल्प-वित् सः पितृ-भक्त्या तत् और्ध्व-दैहिकम् अकरोत्; तेन पथा तनु-त्यजः तनय-आवर्जित-पिण्ड-काङ्क्षिणः न हि (भवन्ति)","अकरोत्स तदौर्ध्वदैहिकं पितृभक्त्या पितृकार्यकल्पवित्।#न हि तेन पथा तनुत्यजस्तनयावर्जितपिण्डकाङ्क्षिणः॥"
"परार्ध्य-गतेः पितुः अशोच्यताम् उद्दिश्य सदर्थ-वेदिभिः शमिता-आधिः सः आधिज्य-कार्मुकः (सन्) जगत् अप्रति-शासनं कृतवान्","परार्ध्य-गतेः पितुः अशोच्यताम् उद्दिश्य सदर्थ-वेदिभिः शमिता-आधिः सः आधिज्य-कार्मुकः (सन्) जगत् अप्रति-शासनं कृतवान्","स परार्ध्यगतेरशोच्यतां पितुरुद्दिश्य सदर्थवेदिभिः।#शमिताधिरधिज्यकार्मुकः कृतवानप्रतिशासनं जगत्॥"
"भामिनी इन्दुमती क्षितिः च अग्र्य-पौरुषम् तम् पतिम् आसाद्य प्रथमा बहु-रत्न-सूः अभूत्; अपरा वीरं सुतम् अजीजनत्","क्षितिः भामिनी इन्दुमती च अग्र्य-पौरुषम् तम् पतिम् आसाद्य प्रथमा बहु-रत्न-सूः अभूत्; अपरा वीरं सुतम् अजीजनत्","क्षितिरिन्दुमती च भामिनी पतिमासाद्य तमग्र्यपौरुषम्।#प्रथमा बहुरत्नसूरभूदपरा वीरमजीजनत्सुतम्॥"
"दश-रश्मि-शत-उपम-द्युतिं यशसा दशसु अपि दिक्षु श्रुतम् दश-कण्ठ-अरि-गुरुम् यं आख्यया दश-पूर्व-रथं बुधाः विदुः","दश-रश्मि-शत-उपम-द्युतिं यशसा दशसु अपि दिक्षु श्रुतम् दश-कण्ठ-अरि-गुरुम् यं आख्यया दश-पूर्व-रथं बुधाः विदुः","दशरश्मिशतोपमद्युतिं यशसा दिक्षु दशस्वपि श्रुतम्।#दशपूर्वरथं यमाख्यया दशकण्ठारिगुरुं विदुर्बुधाः॥"
"श्रुत-याग-प्रसवैः ऋषि-देव-गण-स्वधा-भाजाम् अनृणत्वम् उपेयिवान् सः पार्थिवः परिधेः मुक्तः उष्ण-दीधितिः-इव बभौ","श्रुत-याग-प्रसवैः ऋषि-देव-गण-स्वधा-भाजाम् अनृणत्वम् उपेयिवान् सः पार्थिवः परिधेः मुक्तः उष्ण-दीधितिः-इव बभौ","ऋषिदेवगणस्वधाभुजां श्रुतयागप्रसवैः स पार्थिवः।#अनृणत्वमुपेयिवान्बभौ परिधेर्मुक्त इवोष्णदीधितिः॥"
"तस्य विभोः केवलं वसु (पर-प्रयोजनं) (आसीत्) न; (तस्य) (विभोः) गुणता अपि पर-प्रयोजना (आसीत्); (तस्य) (विभोः) बलम् आर्त-भय-उपशान्तये (आसीत्); (तस्य) (विभोः) बहु-श्रुतं विदुषां सत्कृतये (आसीत्)","तस्य विभोः केवलं वसु (पर-प्रयोजनं) न (आसीत्); (तस्य) (विभोः) गुणता अपि पर-प्रयोजना (आसीत्); (तस्य) (विभोः) बलम् आर्त-भय-उपशान्तये (आसीत्); (तस्य) (विभोः) बहु-श्रुतं विदुषां सत्कृतये (आसीत्)","बलमार्तभयोपशान्तये विदुषां सत्कृतये बहु श्रुतम्।#वसु तस्य विभोर्न केवलं गुणवत्तापि परप्रयोजना॥"
"अवेक्षित-प्रजः सु-प्रजाः कदाचित् देव्या सह नगर-उपवने नन्दने शची-सखः-इव मरुतां पालयिता सः विजहार","अवेक्षित-प्रजः सु-प्रजाः सः कदाचित् देव्या सह नगर-उपवने मरुतां पालयिता नन्दने शची-सखः-इव विजहार","स कदाचिदवेक्षितप्रजः सह देव्या विजहार सुप्रजाः।#नगरोपवने शचीसखो मरुतां पालयितेव नन्दने॥"
"अथ दक्षिण-उदधेः रोधसि स्थितं श्रित-गोकर्ण-निकेतम्-ईश्वरं उपवीणयितुम् नारदः रवेः उदय-आवृत्ति-पथेन ययौ","अथ दक्षिण-उदधेः रोधसि स्थितं श्रित-गोकर्ण-निकेतम्-ईश्वरं उपवीणयितुम् नारदः रवेः उदय-आवृत्ति-पथेन ययौ","अथ रोधसि दक्षिणोदधेः श्रितगोकर्णनिकेतमीश्वरम्।#उपवीणयितुं ययौ रवेरुदयावृत्तिपथेन नारदः॥"
"अ-पार्थिवैः कुसुमैः ग्रथितां तस्य आतोद्य-शिर-निवेशिताम् स्रजम् वेगवान् मारुतः अधिवास-स्पृहया इव अहरत् किल","अ-पार्थिवैः कुसुमैः ग्रथितां तस्य आतोद्य-शिर-निवेशिताम् स्रजम् वेगवान् मारुतः अधिवास-स्पृहया इव अहरत् किल","कुसुमैर्ग्रथितामपार्थिवैः स्रजमातोद्यशिरोनिवेशिताम्।#अहरत्किल तस्य वेगवानधिवासस्पृहयेव मारुतः॥"
"कुसुम-अनुसारिभिः भ्रमरैः परिकीर्णा परिवादिनी मुनेः पवन-अवलेपम् अञ्जन-अविलम् बाष्पं सृजती इव ददृशे","कुसुम-अनुसारिभिः भ्रमरैः परिकीर्णा मुनेः परिवादिनी पवन-अवलेपम् अञ्जन-अविलम् बाष्पं इव सृजती ददृशे","भ्रमरैः कुसुमानुसारिभिः परिकीर्णा परिवादिनी मुनेः।#ददृशे पवनापलेपजं सृजती बाष्पमिवाञ्जनाविलम्॥"
"सा अमर-स्रज् मधु-गन्ध-अतिशयेन वीरुधाम् आर्तवीम् विभूतिम् अभिभूय नृपतेः दयितायाः स्तन-कोटि-सुस्थितिम् आप","अभिभूय विभूतिम् आर्तवीम् मधु-गन्ध-अतिशयेन वीरुधाम् नृपतेः अमर-स्रज् आप सा दयितायाः स्तन-कोटि-सुस्थितिम्","अभिभूय विभूतिमार्तवीं मधुगन्धातिशयेन वीरुधाम्।#नृपतेरमरस्रगाप सा दयितोरुस्तनकोटिसुस्थितिम्॥"
"सुजातयोः स्तनयोः क्षणमात्रसखीं ताम् अवलोक्य विह्वला नर-उत्तम-प्रिया तमसा हृत-चन्द्रा कौमुदी-इव निमिमील","सुजातयोः स्तनयोः क्षणमात्रसखीं ताम् अवलोक्य विह्वला नर-उत्तम-प्रिया तमसा हृत-चन्द्रा कौमुदी-इव निमिमील","क्षणमात्रसखीं सुजातयोः स्तनयोस्तामवलोक्य विह्वला।#निमिमील नरोत्तमप्रिया हृतचन्द्रा तमसेव कौमुदी॥"
"करण-उज्झितेन वपुषा निपतन्ती सा पतिम् अपि अपातयत्; तैल-निषेक-बिन्दुना सह दीप-अर्चिः मेदिनीम् उपैति ननु","करण-उज्झितेन वपुषा निपतन्ती सा पतिम् अपि अपातयत्; तैल-निषेक-बिन्दुना सह दीप-अर्चिः मेदिनीम् उपैति ननु","वपुषा करणोज्झितेन सा निपतन्ती पतिमप्यपातयत्।#ननु तैलनिषेकबिन्दुना सह दीपार्चिरुपैति मेदिनीम्॥"
"उभयोः पार्श्व-वर्तिनाम् तुमुलेन आर्त-रवेण वेजिताः कमल-आकर-आलयाः विहगाः अपि तत्र सम-दुःखाः इव चुक्रुशुः","उभयोः पार्श्व-वर्तिनाम् तुमुलेन आर्त-रवेण वेजिताः कमल-आकर-आलयाः विहगाः अपि तत्र सम-दुःखाः इव चुक्रुशुः","उभयोरपि पार्श्ववर्तिनां तुमुलेनार्तरवेण वेजिताः।#विहगाः कमलाकरालयाः समदुःखा इव तत्र चुक्रुशुः॥"
"नृपतेः व्यजन-आदिभिः तमः नुनुदे सा तु तथैव संस्थिता (आसीत्); प्रतिकार-विधानम् आयुषः सति शेषे हि फलाय कल्पते","नृपतेः तमः व्यजन-आदिभिः नुनुदे सा तु तथैव (आसीत्) संस्थिता; प्रतिकार-विधानम् आयुषः शेषे सति हि फलाय कल्पते","नृपतेर्व्यजनादिभिस्तमो नुनुदे सा तु तथैव संस्थिता।#प्रतिकारविधानमायुषः सति शेषे हि फलाय कल्पते॥"
"अथ सत्त्वविप्लवात् प्रतियोजयितव्य-वल्लकी-समवस्थाम् अङ्गनाम् नितान्त-वत्सलः सः परिगृह्य उचितम् अङ्कं निनाय","प्रतियोजयितव्य-वल्लकी-समवस्थाम् अथ सत्त्वविप्लवात् सः निनाय नितान्त-वत्सलः परिगृह्य उचितम् अङ्कं अङ्गनाम्","प्रतियोजयितव्यवल्लकीसमवस्थामथ सत्त्वविप्लवात्।#स निनाय नितान्तवत्सलः परिगृह्योचितमङ्कमङ्गनाम्॥"
"पतिः अङ्क-निषण्णया करण-अपाय-विभिन्न-वर्णया तया उषसि आविलाम् मृगलेखाम् बिभ्रत् चन्द्रमाः-इव समलक्ष्यत","पतिः अङ्क-निषण्णया करण-अपाय-विभिन्न-वर्णया तया उषसि आविलाम् मृगलेखाम् बिभ्रत् चन्द्रमाः-इव समलक्ष्यत","पतिरङ्कनिषण्णया तया करणापायविभिन्नवर्णया।#समलक्ष्यत बिभ्रदाविलां मृगलेखामुषसीव चन्द्रमाः॥"
"सः सहजां धीरतां अपि अपहाय बाष्प-गद्-गदं विललाप; अभि-तप्तम् अयः अपि मार्दवम् भजते; शरीरिषु का एव कथा (अस्ति)","सः सहजां धीरतां अपि अपहाय बाष्प-गद्-गदं विललाप; अभि-तप्तम् अयः अपि मार्दवम् भजते; शरीरिषु का एव कथा (अस्ति)","विललाप स बाष्पगद्गदं सहजामप्यपहाय धीरताम्।#अभितप्तमयोऽपि मार्दवं भजते कैव कथा शरीरिषु॥"
"कुसुमानि अपि गात्र-संगमात् आयुः अपोहितुं प्रभवन्ति यदि; हन्त प्रहरिष्यतः विधेः अन्यत् किमिव​ साधनं न भविष्यति","यदि कुसुमानि अपि गात्र-संगमात् आयुः अपोहितुं प्रभवन्ति; हन्त प्रहरिष्यतः विधेः अन्यत् किमिव​ साधनं न भविष्यति","कुसुमान्यपि गात्रसंगमात्प्रभवन्त्यायुरपोहितुं यदि।#न भविष्यति हन्त साधनं किमिवान्यत्प्रहरिष्यतो विधेः॥"
"अथवा प्रजान्तकः मृदु वस्तु मृदुना (वस्तुना) एव हिंसितुम् आरभते अत्र हिम-सेक-विपत्तिः नलिनी मे पूर्व-निदर्शनं मता (वर्तते) (अस्ति) (इति)","अथवा प्रजान्तकः मृदु वस्तु मृदुना (वस्तुना) एव हिंसितुम् आरभते अत्र हिम-सेक-विपत्तिः नलिनी पूर्व-निदर्शनं (अस्ति) (इति) मे मता (वर्तते)","अथवा मृदु वस्तु हिंसितुं मृदुनैवारभते प्रजान्तकः।#हिमसेकविपत्तिरत्र मे नलिनी पूर्वनिदर्शनं मता॥"
"इयं स्रक् जीवित-अपहा यदि हृदये निहिता माम् किं न हन्ति; ईश्वर-इच्छया क्वचित् विषम् अपि अमृतं भवेत्; अमृतम् वा विषं (भवेत्)","इयं स्रक् यदि जीवित-अपहा हृदये निहिता माम् किं न हन्ति; ईश्वर-इच्छया क्वचित् विषम् अपि अमृतं भवेत्; अमृतम् वा विषं (भवेत्)","स्रगियं यदि जीवितापहा हृदये किं निहिता न हन्ति माम्।#विषमप्यमृतं क्वचिद्भवेदमृतं वा विषमीश्वरेच्छया॥"
"अथवा मम भाग्य-विप्लवात् एषः वेधसा अशनिः कल्पितः (अस्ति); यत् अनेन तरुः न पातितः तत्-विटप-आश्रिता लता क्षपिता (अस्ति)","अथवा मम भाग्य-विप्लवात् एषः वेधसा अशनिः कल्पितः (अस्ति); यत् अनेन तरुः न पातितः तत्-विटप-आश्रिता लता क्षपिता (अस्ति)","अथवा मम भाग्यविप्लवादशनिः कल्पित एष वेधसा।#यदनेन तरुर्न पातितः क्षपिता तद्विटपाश्रिता लता॥"
"मयि चिरं अपराद्धे अपि यदा अवधीरणाम् न कृतवती असि तत् कथम् एक-पदे निरागसं इमं जनं आ-भाष्यं मन्यसे (त्वम्) न","मयि चिरं अपराद्धे अपि यदा (त्वम्) अवधीरणाम् न कृतवती असि तत् कथम् एक-पदे निरागसं इमं जनं आ-भाष्यं न मन्यसे","कृतवत्यसि नावधीरणामपराद्धेऽपि यदा चिरं मयि।#कथमेकपदे निरागसं जनमाभाष्यमिमं न मन्यसे॥"
"शुचि-स्मिते (अहं) शठः कैतव-वत्सलः ध्रुवं तव विदितः अस्मि यत् माम् अनापृच्छ्य इतः पर-लोकम् असंनिवृत्तये गता असि","शुचि-स्मिते (अहं) शठः कैतव-वत्सलः ध्रुवं तव विदितः अस्मि यत् माम् अनापृच्छ्य इतः पर-लोकम् असंनिवृत्तये गता असि","ध्रुवमस्मि शठः शुचिस्मिते विदितः कैतववत्सलस्तव।#परलोकमसंनिवृत्तये यदनापृच्छ्य गतासि मामितः॥"
"यदि इदं मम हत-जीवितं तावत् दयिताम् अन्वगात् (तर्हि) तया विना किं विनिवृत्तं आत्म-कृतेन प्रबलां वेदनां सहताम्","आत्म-कृतेन इदं मम हत-जीवितं प्रबलां वेदनां सहताम् यदि दयिताम् तावत् अन्वगात् (तर्हि) तया विना किं विनिवृत्तं","दयितां यदि तावदन्वगाद्विनिवृत्तं किमिदं तया विना।#सहतां हतजीवितं मम प्रबलामात्मकृतेन वेदनाम्॥"
"ते मुखे सुरत-श्रम-संभ्रुतः स्वेद-लव-उद्गमः अपि ध्रियते; अथ च त्वम् आत्मना अस्तम् इता असि; देह-भृताम् इमाम् असारताम् धिक् (अस्तु)","ते मुखे सुरत-श्रम-संभ्रुतः स्वेद-लव-उद्गमः अपि ध्रियते; अथ च त्वम् आत्मना अस्तम् इता असि; देह-भृताम् इमाम् असारताम् धिक् (अस्तु)","सुरतश्रमसंभृतो मुखे ध्रियते स्वेदलवोद्गमोऽपि ते।#अथ चास्तमिता त्वमात्मना धिगिमां देहभृतामसारताम्॥"
"मया मनसा अपि तव विप्रियं न कृत-पूर्वम् (अस्ति); किं(किमर्थम्) मां जहासि; ननु अहं क्षितेः शब्दपतिः (अस्मि); भाव-निबन्धना मम रतिः त्वयि एव (अस्ति)","मया मनसा अपि तव विप्रियं कृत-पूर्वम् न (अस्ति); किं(किमर्थम्) मां जहासि; ननु अहं क्षितेः शब्दपतिः (अस्मि); भाव-निबन्धना मम रतिः त्वयि एव (अस्ति)","मनसापि न विप्रियं मया कृतपूर्वं तव किं जहासि माम्।#ननु शब्दपतिः क्षितेरहं त्वयि मे भावनिबन्धना रतिः॥"
"मारुतः कुसुम-उत्खचितान् वली-भृतः भृङ्ग-रुचः तव अलकान् चलयन् करभ-ऊरु मे मनः त्वत्-उप-आवर्तन-शङ्कि करोति","मारुतः कुसुम-उत्खचितान् वली-भृतः भृङ्ग-रुचः तव अलकान् चलयन् करभ-ऊरु मे मनः त्वत्-उप-आवर्तन-शङ्कि करोति","कुसुमोत्खचितान्वलीभृतश्चलयन्भृङ्गरुचस्तवालकान्।#करभोरु करोति मारुतस्त्वदुपावर्तनशङ्कि मे मनः॥"
"प्रिये तत् आशु मे विषादम् नक्तम् ओषधिः ज्वलितेन तुहिन-अद्रेः गुह-आगतम् तमः-इव प्रतिबोधेन अपोहितुम् अर्हसि (त्वम्)","प्रिये (त्वम्) तत् आशु मे विषादम् नक्तम् ओषधिः ज्वलितेन तुहिन-अद्रेः गुह-आगतम् तमः-इव प्रतिबोधेन अपोहितुम् अर्हसि","तदपोहितुमर्हसि प्रिये प्रतिबोधेन विषादमाशु मे।#ज्वलितेन गुहागतं तमस्तुहिनाद्रेरिव नक्तमोषधिः॥"
"इदम् उच्छ्वसित-अलकं विश्रान्त-कथं तव मुखम् निशि सुप्तं विरत-अभ्यन्तर-षट्पद-स्वनम् एक-पङ्कजम्-इव मां दुनोति","इदम् उच्छ्वसित-अलकं विश्रान्त-कथं तव मुखम् निशि सुप्तं विरत-अभ्यन्तर-षट्पद-स्वनम् एक-पङ्कजम्-इव मां दुनोति","इदमुच्छ्वसितालकं मुखं तव विश्रान्तकथं दुनोति माम्।#निशि सुप्तमिवैकपङ्कजं विरताभ्यन्तरषट्पदस्वनम्॥"
"शर्वरी शशिनं पुनः एति; द्वन्द्वचरं पतत्रिणं दयिता पुनः (एति); इति तौ विरह-अन्तर-क्षमौ अत्यन्तगता त्वं कथं मां न दहेः (आस्तम्)","शर्वरी शशिनं पुनः एति; द्वन्द्वचरं पतत्रिणं दयिता पुनः (एति); इति तौ विरह-अन्तर-क्षमौ (आस्तम्) अत्यन्तगता त्वं कथं मां न दहेः","शशिनं पुनरेति शर्वरी दयिता द्वन्द्वचरं पतत्रिणम्।#इति तौ विरहान्तरक्षमौ कथमत्यन्तगता न मां दहेः॥"
"नव-पल्लव-संस्तरे अपि अर्पितं मृदु ते यत् अङ्गम् दूयेत; वाम-ऊरु तत् इदम् (अङ्गम्) चित-अधिरोहणं कथं विषहिष्यते; (त्वं) वद","नव-पल्लव-संस्तरे अपि अर्पितं मृदु ते यत् अङ्गम् दूयेत; वाम-ऊरु तत् इदम् (अङ्गम्) चित-अधिरोहणं कथं विषहिष्यते; (त्वं) वद","नवपल्लवसंस्तरेऽपि ते मृदु दूयेत यदङ्गमर्पितम्।#तदिदं विषहिष्यते कथं वद वामोरु चिताधिरोहणम्॥"
"इयं प्रथमा रहःसखी गति-विभ्रम-साद-नीरवा रशना अ-प्रतिबोध-शायिनीं त्वाम् अनु शुचा मृता-इव न लक्ष्यते","इयं प्रथमा रहःसखी गति-विभ्रम-साद-नीरवा रशना अ-प्रतिबोध-शायिनीं त्वाम् अनु शुचा मृता-इव न लक्ष्यते","इयमप्रतिबोधशायिनीं रशना त्वां प्रथमा रहःसखी।#गतिविभ्रमसादनीरवा न शुचा नानु मृतेव लक्ष्यते॥"
"कलम् अन्य-भृतासु भाषितम्; कल-हंसीषु मद-अलसम् गतम्; पृषतीषु विलोलम् ईक्षितम्; पवन-आधूत-लतासु विभ्रमाः (सन्ति)","अन्य-भृतासु कलम् भाषितम्; कल-हंसीषु मद-अलसम् गतम्; पृषतीषु विलोलम् ईक्षितम्; पवन-आधूत-लतासु विभ्रमाः (सन्ति)","कलमन्यभृतासु भाषितं कलहंसीषु मदालसं गतम्।#पृषतीषु विलोलमीक्षितं पवनाधूतलतासु विभ्रमाः॥"
"अमी गुणाः त्रि-दिव-उत्सुकया अपि त्वया माम् अवेक्ष्य सत्यम् निहिताः; तु तव विरहे गुरु-व्यथम् हृदयम् अवलम्बितुम् न क्षमाः","अमी गुणाः त्रि-दिव-उत्सुकया अपि त्वया माम् अवेक्ष्य सत्यम् निहिताः; तु तव विरहे गुरु-व्यथम् हृदयम् अवलम्बितुम् न क्षमाः","त्रिदिवोत्सुकयाप्यवेक्ष्य मां निहिताः सत्यममी गुणास्त्वया।#विरहे तव मे गुरुव्यथं हृदयं न त्ववलम्बितुं क्षमाः॥"
"ननु सहकारः फलिनी च इमौ त्वया मिथुनं परिकल्पितम् अनयोः विवाह-सत्क्रियां अविधाय गम्यते इति असाम्प्रतम्","ननु सहकारः फलिनी च इमौ त्वया मिथुनं परिकल्पितम् अनयोः विवाह-सत्क्रियां अविधाय गम्यते इति असाम्प्रतम्","मिथुनं परिकल्पितं त्वया सहकारः फलिनी च नन्विमौ।#अविधाय विवाहसत्क्रियामनयोर्गम्यत इत्यसाम्प्रतम्॥"
"त्वया कृत-दोहदः अशोकः यत् कुसुमम् अयम् उदीरयिष्यति तव अलक-आभरणं तत् कथं नु निवाप-माल्यतां नेष्यामि","त्वया कृत-दोहदः अशोकः यत् कुसुमम् अयम् उदीरयिष्यति तव अलक-आभरणं तत् कथं नु निवाप-माल्यतां नेष्यामि","कुसुमं कृतदोहदस्त्वया यदशोकोऽयमुदीरयिष्यति।#अलकाभरणं कथं नु तत्तव नेष्यामि निवापमाल्यताम्॥"
"अन्य-दुर्लभम् स-शब्द-नूपुरं चरण-अनुग्रहं स्मरता इव कुसुम-अश्रु-वर्षिणा अमुना अशोकेन सुगात्रि त्वं शोच्यसे","अन्य-दुर्लभम् स-शब्द-नूपुरं चरण-अनुग्रहं स्मरता इव कुसुम-अश्रु-वर्षिणा अमुना अशोकेन सुगात्रि त्वं शोच्यसे","स्मरतेव सशब्दनूपुरं चरणानुग्रहमन्यदुर्लभम्।#अमुना कुसुमाश्रुवर्षिणा त्वमशोकेन सुगात्रि शोच्यसे॥"
"किन्नर-कण्ठि तव निःश्वसित-अनु-कारिभिः बकुलैः मया समं अर्ध-चितां विलास-मेखलां अ-समाप्य किमिदं (भवत्या) सुप्यते","किन्नर-कण्ठि तव निःश्वसित-अनु-कारिभिः बकुलैः मया समं अर्ध-चितां विलास-मेखलां अ-समाप्य किमिदं (भवत्या) सुप्यते","तव निःश्वसितानुकारिभिर्बकुलैरर्धचितां समं मया।#असमाप्य विलासमेखलां किमिदं किन्नरकण्ठि सुप्यते॥"
"सखी-जनः समदुःख-सखः (अस्ति) अयम् आत्मजः प्रतिपत्-चन्द्र-निभः (अस्ति); अहम् एक-रसः (अस्मि) तथापि ते व्यवसायः प्रतिपत्ति-निष्ठुरः (अस्ति)","सखी-जनः समदुःख-सखः (अस्ति) अयम् आत्मजः प्रतिपत्-चन्द्र-निभः (अस्ति); अहम् एक-रसः (अस्मि) तथापि ते व्यवसायः प्रतिपत्ति-निष्ठुरः (अस्ति)","समदुःखसुखः सखीजनः प्रतिपच्चन्द्रनिभोऽयमात्मजः।#अहमेकरसस्तथापि ते व्यवसायः प्रतिपत्तिनिष्ठुरः॥"
"अद्य मे धृतिः अस्तम् इता रतिः च्युता गेयं विरतम् ऋतुः निरुत्सवः जातः आभरण-प्रयोजनम् गतम् शयनीयं परिशून्यं वर्तते","अद्य मे धृतिः अस्तम् इता रतिः च्युता गेयं विरतम् ऋतुः निरुत्सवः जातः आभरण-प्रयोजनम् गतम् शयनीयं परिशून्यं वर्तते","धृतिरस्तमिता रतिश्च्युता विरतं गेयमृतुर्निरुत्सवः।#गतमाभरणप्रयोजनं परिशून्यं शयनीयमद्य मे॥"
"(त्वम्) (एव) गृहिणी सचिवः मिथः सखी (असि); (त्वं) ललिते कला-विधौ प्रिय-शिष्या (असि); त्वां हरता करुणा-विमुखेन मृत्युना मे किम् न हृतं इति (त्वं) वद","(त्वम्) (एव) गृहिणी सचिवः मिथः सखी (असि); (त्वं) ललिते कला-विधौ प्रिय-शिष्या (असि); त्वां हरता करुणा-विमुखेन मृत्युना मे किम् न हृतं इति (त्वं) वद","गृहिणी सचिवः सखी मिथः प्रियशिष्या ललिते कलाविधौ।#करुणाविमुखेन मृत्युना हरता त्वां वद किं न मे हृतम्॥"
"मदिर-अक्षि मत्-आनन-अर्पितं रसवत् मधु पीत्वा बाष्प-दूषितम् पर-लोक-उपनतं मे जल-अञ्जलिं कथं नु अनुपास्यसि","मदिर-अक्षि मत्-आनन-अर्पितं रसवत् मधु पीत्वा बाष्प-दूषितम् पर-लोक-उपनतं मे जल-अञ्जलिं कथं नु अनुपास्यसि","मदिराक्षि मदाननार्पितं मधु पीत्वा रसवत्कथं नु मे।#अनुपास्यसि बाष्पदूषितं परलोकोपनतं जलाञ्जलिम्॥"
"विभवे सति अपि त्वया विना अजस्य सुखम् एतावत् गण्यताम्; विलोभन-अन्तरैः अहृतस्य मम सर्वे विषयाः त्वत् आश्रयाः (सन्ति)","विभवे सति अपि त्वया विना अजस्य सुखम् एतावत् गण्यताम्; विलोभन-अन्तरैः अहृतस्य मम सर्वे विषयाः त्वत् आश्रयाः (सन्ति)","विभवेऽपि सति त्वया विना सुखमेतावदजस्य गण्यताम्।#अहृतस्य विलोभनान्तरैर्मम सर्वे विषयास्त्वदाश्रयाः॥"
"कोसल-अधिपः इति करुण-अर्थ-ग्रथितम् प्रियाम् प्रति विलपन् पृथिवी-रुहान् अपि स्रुत-शाखा-रस-बाष्प-दूषितान् अकरोत्","कोसल-अधिपः इति करुण-अर्थ-ग्रथितम् प्रियाम् प्रति विलपन् पृथिवी-रुहान् अपि स्रुत-शाखा-रस-बाष्प-दूषितान् अकरोत्","विलपन्निति कोसलाधिपः करुणार्थग्रथितं प्रियां प्रति।#अकरोत्पृथिवीरुहानपि स्रुतशाखारसबाष्पदूषितान्॥"
"अथ तस्य कथंचित् अङ्कतः स्वजनः ताम् अपनीय सुन्दरीम् विससर्ज तत्-अन्त्य-मण्डनाम् अनलाय अ-गुरु-चन्दन-एधसे","अथ स्वजनः तस्य अङ्कतः कथंचित् ताम् अपनीय तत्-अन्त्य-मण्डनाम् सुन्दरीम् अ-गुरु-चन्दन-एधसे अनलाय विससर्ज","अथ तस्य कथंचिदङ्कतः स्वजनस्तामपनीय सुन्दरीम्।#विससर्ज तदन्त्यमण्डनामनलायागुरुचन्दनैधसे॥"
"प्रमदाम् अनु संस्थितः शुचा नृपतिः सन् इति वाच्यदर्शनात् न चकार शरीरम् अग्नि-सात् सह देव्या न तु जीवित-आशया (अस्ति) (चकार)","नृपतिः सन् शुचा प्रमदाम् अनु संस्थितः (अस्ति) इति वाच्यदर्शनात् देव्या सह शरीरम् अग्नि-सात् न चकार जीवित-आशया तु न (चकार)","प्रमदामनु संस्थितः शुचा नृपतिः सन्निति वाच्यदर्शनात्।#न चकार शरीरमग्निसात्सह देव्या न तु जीविताशया॥"
"अथ विदुषा तेन गुण-शेषाम् दश-आहतः परे भामिनीम् उपदिश्य विधयः महर्द्धयः पुरः उपवने एव समाप्यत","अथ विदुषा तेन गुण-शेषाम् भामिनीम् उपदिश्य दश-आहतः परे महर्द्धयः विधयः पुरः उपवने एव समाप्यत","अथ तेन दशाहतः परे गुणशेषामुपदिश्य भामिनीम्।#विदुषा विधयो महर्द्धयः पुर एवोपवने समापिताः॥"
"सः विवेश पुरीम् तया विना क्षणदा-अपाय-शशाङ्क-दर्शनः परिवाहम् अवलोकयन् इव स्व-शुचः पौर-वधु-मुख-अश्रुषु","तया विना क्षणदा-अपाय-शशाङ्क-दर्शनः सः पौर-वधु-मुख-अश्रुषु स्व-शुचः परिवाहम् अवलोकयन् इव पुरीम् विवेश","स विवेश पुरीं तया विना क्षणदापायशशाङ्कदर्शनः।#परिवाहमिवावलोकयन्स्वशुचः पौरवधूमुखाश्रुषु॥"
"अथ स-वनाय दीक्षितः गुरुः आश्रम-स्थितः (सन्) तम् अभिषङ्ग-जडम् प्रणिधानात् विजज्ञिवान् (सन्) इति शिष्येण अनु_अबोधयत् किल","अथ स-वनाय दीक्षितः गुरुः आश्रम-स्थितः (सन्) तम् अभिषङ्ग-जडम् प्रणिधानात् विजज्ञिवान् (सन्) इति शिष्येण अनु_अबोधयत् किल","अथ तं सवनाय दीक्षितः प्रणिधानाद्गुरुराश्रमस्थितः।#अभिषङ्गजडं विजज्ञिवानिति शिष्येण किलान्वबोधयत्॥"
"यतः मुनिः अ-समाप्त-विधिः (ततः) तव ताप-कारणं विद्वान् अपि पथः च्युतं भवन्तं प्रकृतौ स्थापयितुम् स्वयं न उपस्थितः (अस्ति)","यतः मुनिः अ-समाप्त-विधिः (अस्ति) (ततः) तव ताप-कारणं विद्वान् अपि पथः च्युतं भवन्तं प्रकृतौ स्थापयितुम् स्वयं न उपस्थितः","असमाप्तविधिर्यतो मुनिस्तव विद्वानपि तापकारणम्।#न भवन्तमुपस्थितः स्वयं प्रकृतौ स्थापयितुं पथश्च्युतम्॥"
"मयि तस्य सुवृत्त वर्तते लघु-सन्देश-पदा सरस्वती; विश्रुत-सत्त्व-सार तां शृणु एनां हृदि उपधातुं च अर्हसि","सुवृत्त लघु-सन्देश-पदा तस्य सरस्वती मयि वर्तते; विश्रुत-सत्त्व-सार तां शृणु एनां हृदि उपधातुं च अर्हसि","मयि तस्य सुवृत्त वर्तते लघुसंदेशपदा सरस्वती।#शृणु विश्रुतसत्त्वसार तां हृदि चैनामुपधातुमर्हसि॥"
"अजन्मनः पुरुषस्य पदेषु समतीतं च भवत् च भावि च त्रितयं सः निष्प्रतिघेन ज्ञानमयेन चक्षुषा पश्यति हि","अजन्मनः पुरुषस्य पदेषु समतीतं च भवत् च भावि च त्रितयं सः निष्प्रतिघेन ज्ञानमयेन चक्षुषा पश्यति हि","पुरुषस्य पदेष्वजन्मनः समतीतं च भवच्च भावि च।#स हि निष्प्रतिघेन चक्षुषा त्रितयं ज्ञानमयेन पश्यति॥"
"पुरा किल दुश्चरं तपः चरतः तृणबिन्दोः परिशङ्कितः हरिः समाधि-भेदिनीम् सुराङ्गनाम् हरिणीम् अस्मै प्रजिघाय","पुरा किल दुश्चरं तपः चरतः तृणबिन्दोः परिशङ्कितः हरिः समाधि-भेदिनीम् सुराङ्गनाम् हरिणीम् अस्मै प्रजिघाय","चरतः किल दुश्चरं तपस्तृणबिन्दोः परिशङ्कितः पुरा।#प्रजिघाय समाधिभेदिनीं हरिरस्मै हरिणीं सुराङ्गनाम्॥"
"सः शम-वेला-प्रलय-ऊर्मिणा तपः-प्रतिबन्ध-मन्युना प्रमुख-आविष्कृत-चारु-विभ्रमाम् ताम् भुवि मानुषी भव इति अशपत्","सः शम-वेला-प्रलय-ऊर्मिणा तपः-प्रतिबन्ध-मन्युना प्रमुख-आविष्कृत-चारु-विभ्रमाम् ताम् भुवि मानुषी भव इति अशपत्","स तपःप्रतिबन्धमन्युना प्रमुखाविष्कृतचारुविभ्रमम्।#अशपद्भव मानुषीति तां शमवेलाप्रलयोर्मिणा भुवि॥"
"भगवन् अयं जनः परवान् (अस्ति); (त्वं) मे प्रतिकूल-आचरितं क्षमस्व; इति च उपनताम् आ-सुर-पुष्प-दर्शनात् क्षिति-स्पृशं कृतवान् (सः)","भगवन् अयं जनः परवान् (अस्ति); (त्वं) मे प्रतिकूल-आचरितं क्षमस्व; इति (सः) उपनताम् च आ-सुर-पुष्प-दर्शनात् क्षिति-स्पृशं कृतवान्","भगवन्परवानयं जनः प्रतिकूलाचरितं क्षमस्व मे।#इति चोपनतां क्षितिस्पृशं कृतवाना सुरपुष्पदर्शनात्॥"
"क्रथकैशिक-वंश-संभवा सा तव महिषी भूत्वा चिराय दिवः च्युतं शाप-निवृत्ति-कारणम् उप-लब्धवती विवशा (अभूत्)","क्रथकैशिक-वंश-संभवा सा तव महिषी भूत्वा चिराय दिवः च्युतं शाप-निवृत्ति-कारणम् उप-लब्धवती विवशा (अभूत्)","क्रथकैशिकवंशसंभवा तव भूत्वा महिषी चिराय सा।#उपलब्धवती दिवश्च्युतं विवशा शापनिवृत्तिकारणम्॥"
"तत्-अपाय-चिन्तया तत् अलम् (भवेत्); उत्पत्तिमताम् विपद् उपस्थिता (भवति); इयं वसुधा त्वया अवेक्ष्यताम्; नृपाः वसुमत्यां कलत्रिणः (भवन्ति) हि","तत् तत्-अपाय-चिन्तया अलम् (भवेत्); उत्पत्तिमताम् विपद् उपस्थिता (भवति); इयं वसुधा त्वया अवेक्ष्यताम्; हि नृपाः वसुमत्यां कलत्रिणः (भवन्ति)","तदलं तदपायचिन्तया विपदुत्पत्तिमतामुपस्थिता।#वसुधेयमवेक्ष्यतां त्वया वसुमत्या हि नृपाः कलत्रिणः॥"
"उदये (सति) मत्-वाच्यम् उज्झता त्वया आत्मवत् श्रुतम् आविष्कृतम्; तत् मनसः ज्वरे उपस्थिते अक्लीबतया पुनः प्रकाश्यताम्","उदये (सति) मत्-वाच्यम् उज्झता त्वया आत्मवत् श्रुतम् आविष्कृतम्; तत् मनसः ज्वरे उपस्थिते अक्लीबतया पुनः प्रकाश्यताम्","उदये मदवाच्यमुज्झता श्रुतमाविष्कृतमात्मवत्त्वया।#मनसस्तदुपस्थिते ज्वरे पुनरक्लीबतया प्रकाश्यताम्॥"
"भवता रुदता सा कुतः एव लभ्यते; (भवता) अनु-मृता अपि (सा) पुनः न (लभ्यते); पर-लोक-जुषाम् देहिनाम् स्व-कर्मभिः भिन्न-पथाः गतयः (भवन्ति) हि","रुदता भवता सा कुतः एव लभ्यते; अनु-मृता अपि (भवता) (सा) पुनः न (लभ्यते); पर-लोक-जुषाम् देहिनाम् गतयः स्व-कर्मभिः भिन्न-पथाः (भवन्ति) हि","रुदता कुत एव सा पुनर्भवता नानुमृतापि लभ्यते।#परलोकजुषां स्वकर्मभिर्गतयो भिन्नपथा हि देहिनाम्॥"
"अप-शोक-मनाः (त्वम्) कुटुम्बिनीम् निवाप-दत्तिभिः अनुगृह्णीष्व; अति-सन्ततम् स्व-जन-अश्रु प्रेतम् दहति इति प्रचक्षते किल","अप-शोक-मनाः (त्वम्) कुटुम्बिनीम् निवाप-दत्तिभिः अनुगृह्णीष्व; अति-सन्ततम् स्व-जन-अश्रु प्रेतम् दहति इति प्रचक्षते किल","अपशोकमनाः कुटुम्बिनीमनुगृह्णीष्व निवापदत्तिभिः।#स्वजनाश्रु किलातिसंततं दहति प्रेतमिति प्रचक्षते॥"
"शरीरिणां मरणं प्रकृतिः (अस्ति) जीवितम् विकृतिः (अस्ति) (इति) बुधैः उच्यते; यदि जन्तुः क्षणम् अपि श्वसन् अवतिष्ठते (तर्हि) असौ ननु लाभवान् (भवति)","शरीरिणां मरणं प्रकृतिः (अस्ति) जीवितम् विकृतिः (अस्ति) (इति) बुधैः उच्यते; यदि जन्तुः क्षणम् अपि श्वसन् अवतिष्ठते (तर्हि) असौ लाभवान् (भवति) ननु","मरणं प्रकृतिः शरीरिणां विकृतिर्जीवितमुच्यते बुधैः।#क्षणमप्यवतिष्ठते श्वसन्यदि जन्तुर्ननु लाभवानसौ॥"
"मूढ-चेतनः प्रिय-नाशं हृदि अर्पितं शल्यम् अवगच्छति; स्थिर-धीः तु तत् एव कुशल-द्वारतया समुद्धृतम् मन्यते","मूढ-चेतनः प्रिय-नाशं हृदि अर्पितं शल्यम् अवगच्छति; स्थिर-धीः तु तत् एव कुशल-द्वारतया समुद्धृतम् मन्यते","अवगच्छति मूढचेतनः प्रियनाशं हृदि शल्यमर्पितम्।#स्थिरधीस्तु तदेव मन्यते कुशलद्वारतया समुद्धृतम्॥"
"स्व-शरीर-शरीरिणौ अपि यदा श्रुत-संयोग-विपर्ययौ (स्तः) तदा बाह्यैः विषयैः विरहः विपश्चितं किमिव अनुतापयेत् (इति) (त्वं) वद","स्व-शरीर-शरीरिणौ अपि यदा श्रुत-संयोग-विपर्ययौ (स्तः) तदा बाह्यैः विषयैः विरहः विपश्चितं किमिव अनुतापयेत् (इति) (त्वं) वद","स्वशरीरशरीरिणावपि श्रुतसंयोगविपर्ययौ यदा।#विरहः किमिवानुतापयेद्वद बाह्यैर्विषयैर्विपश्चितम्॥"
"वशिनाम् उत्तम (त्वम्) पृथक्-जन-वत् शुचः वशं गन्तुं न अर्हसि; द्रुम-सानुमतां किम् अन्तरं (वर्तते) वायौ सति द्वितये अपि ते चलाः (भवन्ति) (चेत्)","वशिनाम् उत्तम (त्वम्) पृथक्-जन-वत् शुचः वशं गन्तुं न अर्हसि; द्रुम-सानुमतां किम् अन्तरं (वर्तते) वायौ सति द्वितये अपि ते चलाः (भवन्ति) (चेत्)","न पृथग्जनवच्छुचो वशं वशिनामुत्तम गन्तुमर्हसि।#द्रुमसानुमतां किमन्तरं यदि वायौ द्वितयेऽपि ते चलाः॥"
"सः उदार-मतेः विनेतुः गुरोः वसिष्ठस्य वचः तथा इति प्रतिगृह्य मुनिं विससर्ज; तत् वचः शोक-घने अस्य हृदि अ-लब्ध-पदं गुरोः समीपम् प्रतियातम् इव","सः उदार-मतेः विनेतुः गुरोः वसिष्ठस्य वचः तथा इति प्रतिगृह्य मुनिं विससर्ज; तत् वचः शोक-घने अस्य हृदि अ-लब्ध-पदं गुरोः समीपम् प्रतियातम् इव","स तथेति विनेतुरुदारमतेः प्रतिगॄह्य वचो विससर्ज मुनिम्।#तदलब्धपदं हृदि शोकघने प्रतियातमिवान्तिकमस्य गुरोः॥"
"अ-वितथ-सु-नृतेन तेन सूनोः बालत्वात् प्रियायाः सादृश्य-प्रतिकृति-दर्शनैः स्वप्नेषु क्षणिक-समागम-उत्सवैः च कथंचित् अष्टौ समाः परि_गमिताः","अ-वितथ-सु-नृतेन तेन सूनोः बालत्वात् प्रियायाः सादृश्य-प्रतिकृति-दर्शनैः स्वप्नेषु क्षणिक-समागम-उत्सवैः च कथंचित् अष्टौ समाः परि_गमिताः","तेनाष्टौ परिगमिताः समाः कथंचिद्बालत्वादवितथसूनृतेन सूनोः।#सादृश्यप्रतिकृतिदर्शनैः प्रियायाः स्वप्नेषु क्षणिकसमागमोत्सवैश्च॥"
"शोक-शंकुः तस्य हृदयं प्लक्ष-प्ररोहः सौध-तलम्-इव प्रसह्य किल बिभेद; सः प्राण-अन्त-हेतुम् अपि भिषजाम् असाध्यं तं प्रिया-अनुगमने त्वरया लाभं मेने","शोक-शंकुः तस्य हृदयं प्लक्ष-प्ररोहः सौध-तलम्-इव प्रसह्य किल बिभेद; सः प्राण-अन्त-हेतुम् अपि भिषजाम् असाध्यं तं प्रिया-अनुगमने त्वरया लाभं मेने","तस्य प्रसह्य हृदयं किल शोकशङ्कुः प्लक्षप्ररोह इव सौधतलं बिभेद।#प्राणान्तहेतुमपि तं भिषजामसाध्यं लाभं प्रियानुगमने त्वरया स मेने॥"
"अथ नृ-पतिः सम्यक् विनीतं वर्म-हरं कुमारं प्रजानां रक्षण-विधौ विधिवत् आदिश्य रोग-उपसृष्ट-तनु-दुर्-वसतिं मुमुक्षुः सन् प्राय-उपवेशन-मतिः बभूव","अथ नृ-पतिः सम्यक् विनीतं वर्म-हरं कुमारं प्रजानां रक्षण-विधौ विधिवत् आदिश्य रोग-उपसृष्ट-तनु-दुर्-वसतिं मुमुक्षुः सन् प्राय-उपवेशन-मतिः बभूव","सम्यग्विनीतमथ वर्महरं कुमारमादिश्य रक्षणविधौ विधिवत्प्रजानाम्।#रोगोपसृष्टतनुदुर्वसतिं मुमुक्षुः प्रायोपवेशनमतिर्नृपतिर्बभूव॥"
"असौ जह्नु-कन्या-सरय्वोः तोय-व्यतिरेक-भवे तीर्थे देह-त्यागात् सद्यः एव अमर-गणन-आलेख्यम् आसाद्य पूर्व-आकार-अधिकतर-रुचा कान्तया संगतः (सन्) नन्दन-अभ्यन्तरेषु लीला-आगारेषु पुनः अरमत","असौ जह्नु-कन्या-सरय्वोः तोय-व्यतिरेक-भवे तीर्थे देह-त्यागात् सद्यः एव अमर-गणन-आलेख्यम् आसाद्य पूर्व-आकार-अधिकतर-रुचा कान्तया संगतः (सन्) नन्दन-अभ्यन्तरेषु लीला-आगारेषु पुनः अरमत","तीर्थे तोयव्यतिकरभवे जह्नुकन्यासरय्वो-देहत्यागादमरगणनालेख्यमासाद्य सद्यः।#पूर्वाकाराधिकतररुचा संगतः कान्तयासौ लीलागारेष्वरमत पुनर्नन्दनाभ्यन्तरेषु॥"
"गुणवत्-सुत-रोपित-श्रियः (सन्तः) परिणामे हि दिलीप-वंश-जाः पदवीम् तरु-वल्क-वाससाम् प्रयताः संयमिनाम् प्रपेदिरे","दिलीप-वंश-जाः परिणामे गुणवत्-सुत-रोपित-श्रियः (सन्तः) प्रयताः तरु-वल्क-वाससाम् संयमिनाम् पदवीम् प्रपेदिरे हि","गुणवत्सुतरोपितश्रियः परिणामे हि दिलीपवंशजाः।#पदवीं तरुवल्कवाससां प्रयताः संयमिनां प्रपेदिरे॥"
"पितुः अनन्तरम् उत्तर-कोसलान् समधिगम्य समाधि-जितेन्द्रियः दशरथः प्रशशास महा-रथः यमवताम् अवताम् च धुरि स्थितः","समाधि-जितेन्द्रियः यमवताम् अवताम् च धुरि स्थितः महा-रथः दशरथः पितुः अनन्तरम् उत्तर-कोसलान् समधिगम्य प्रशशास","पितुरनन्तरमुत्तरकोसलान्समधिगम्य समाधिजितेन्द्रियः।# दशरथः प्रशशास महारथो यमवतामवतां च धुरि स्थितः।।"
"अधिगतम् विधिवत् यत् अपालयत् प्रकृति-मण्डलम् आत्म-कुल-उचितम् अभवत् अस्य ततः गुणवत्तरम् स-नगरम् नग-रन्ध्रकर-ओजसः","अधिगतम् आत्म-कुल-उचितम् स-नगरम् प्रकृति-मण्डलम् यत् विधिवत् अपालयत् ततः नग-रन्ध्रकर-ओजसः अस्य गुणवत्तरम् अभवत्","अधिगतं विधिवद्यदपालयत्प्रकृतिमण्डलमात्मकुलोचितम्।# अभवदस्य ततो गुणवत्तरं सनगरं नगरन्ध्रकरौजसः।।"
"उभयम् एव वदन्ति मनीषिणः समय-वर्षितया कृत-कर्मणाम् बल-निषूदनम् अर्थ-पतिम् च तम् श्रम-नुदम् मनु-दण्ड-धर-अन्वयम्","मनीषिणः बल-निषूदनम् मनु-दण्ड-धर-अन्वयम् तम् अर्थ-पतिम् च उभयम् एव समय-वर्षितया कृत-कर्मणाम् श्रम-नुदम् वदन्ति","उभयमेव वदन्ति मनीषिणः समयवर्षितया कृतकर्मणाम्।# बलनिषूदनमर्थपतिं च तं श्रमनुदं मनुदण्डधरान्वयम्।।"
"जन-पदे न गदः पदम् आदधौ अभिभवः कुतः(कथम्) एव सपत्न-जः क्षितिः अभूत् फलवती अज-नन्दने शम-रते अमर-तेजसि (स्थिते) पार्थिवे (भवति)","शम-रते अमर-तेजसि अज-नन्दने पार्थिवे (स्थिते) जन-पदे गदः पदम् न आदधौ सपत्न-जः अभिभवः कुतः(कथम्) एव (भवति) क्षितिः फलवती अभूत्","जनपदे न गदः पदमादधावभिभवः कुत एव सपत्नजः।# क्षितिरभूत्फलवत्यजनन्दने शमरतेऽमरतेजसि पार्थिवे।।"
"दश-दिक्-अन्त-जिता रघुणा यथा श्रियम् अपुष्यत् अजेन ततः परम् तम् अधिगम्य तथा एव पुनः बभौ न न मही इनम् अ-हीन-पराक्रमम् (अस्ति) (यथा) (श्रियम्) (अपुष्यत्) (इति)","मही दश-दिक्-अन्त-जिता रघुणा यथा श्रियम् अपुष्यत् ततः परम् अजेन (यथा) (श्रियम्) (अपुष्यत्) तथा एव अ-हीन-पराक्रमम् तम् इनम् अधिगम्य पुनः न बभौ (इति) न (अस्ति)","दशदिगन्तजिता रघुणा यथा श्रियमपुष्यदजेन ततः परम्।# तमधिगम्य तथैव पुनर्बभौ न न महीनमहीनपराक्रमम्।।"
"समतया वसु-वृष्टि-विसर्जनैः नियमनात् अ-सताम् च नर-अधिपः अनुययौ यम-पुण्य-जन-ईश्वरौ स-वरुणौ अरुण-अग्रसरम् रुचा (अनुययौ) (अनुययौ)","नर-अधिपः समतया वसु-वृष्टि-विसर्जनैः च यम-पुण्य-जन-ईश्वरौ अनुययौ अ-सताम् नियमनात् स-वरुणौ (अनुययौ) रुचा अरुण-अग्रसरम् (अनुययौ)","समतया वसुवृष्टिविसर्जनैर्नियमनादसतां च नराधिपः।# अनुययौ यमपुण्यजनेश्वरौ सवरुणावरुणाग्रसरं रुचा।।"
"न मृगया-अभिरतिः न दुर-उदरम् न च शशि-प्रतिमा-आभरणम् मधु तम् उदयाय न वा नव-यौवना प्रियतमा यतमानम् अपाहरत्","उदयाय यतमानम् तम् मृगया-अभिरतिः न दुर-उदरम् न शशि-प्रतिमा-आभरणम् मधु च न नव-यौवना प्रियतमा वा न अपाहरत्","न मृगयाभिरतिर्न दुरोदरं न च शशिप्रतिमाभरणं मधु।# तमुदयाय न वा नवयौवना प्रियतमा यतमानमपाहरत्।।"
"न कृपणा प्रभवति अपि वासवे न वितथा परिहास-कथासु अपि न च सपत्न-जनेषु अपि तेन वाक् अप-रुषा परुष-अक्षरम् ईरिता (वाक्) (ईरिता) (ईरिता)","अप-रुषा तेन प्रभवति अपि वासवे कृपणा वाक् न ईरिता परिहास-कथासु अपि वितथा (वाक्) न (ईरिता) सपत्न-जनेषु अपि परुष-अक्षरम् च न (ईरिता)","न कृपणा प्रभवत्यपि वासवे न वितथा परिहासकथास्वपि।# न च सपत्नजनेष्वपि तेन वागपरुषा परुषाक्षरमीरिता।।"
"उदयम् अस्तमयम् च रघु-उद्वहात् उभयम् आनशिरे वसुधा-अधिपाः सः हि निदेशम् अ-लङ्घयताम् अभूत् सु-हृत् अयः-हृदयः प्रतिगर्जताम् (सः) (अभूत्)","वसुधा-अधिपाः रघु-उद्वहात् उदयम् अस्तमयम् च उभयम् आनशिरे हि सः निदेशम् अ-लङ्घयताम् सु-हृत् अभूत् (सः) प्रतिगर्जताम् अयः-हृदयः (अभूत्)","उदयमस्तमयं च रघूद्वहादुभयमानशिरे वसुधाधिपाः।# स हि निदेशमलङ्घयतामभूत्सुहृदयोहृदयः प्रतिगर्जताम्।।"
"अजयत् एक-रथेन सः मेदिनीम् उदधि-नेमिम् अधिज्य-शर-आसनः जयम् अघोषयत् अस्य तु केवलम् गजवती जव-तीव्र-हया चमूः","अधिज्य-शर-आसनः सः उदधि-नेमिम् मेदिनीम् एक-रथेन अजयत् गजवती जव-तीव्र-हया चमूः तु अस्य केवलम् जयम् अघोषयत्","अजयदेकरथेन स मेदिनीमुदधिनेमिमधिज्यशरासनः।# जयमघोषयदस्य तु केवलं गजवती जवतीव्रहया चमूः।।"
"अवनिम् एक-रथेन वरूथिना जितवतः किल तस्य धनुः-भृतः विजय-दुन्दुभिताम् ययुः अर्णवाः घन-रवाः नर-वाहन-सम्पदः","वरूथिना एक-रथेन अवनिम् जितवतः धनुः-भृतः नर-वाहन-सम्पदः तस्य घन-रवाः अर्णवाः विजय-दुन्दुभिताम् ययुः किल","अवनिमेकरथेन वरूथिना जितवतः किल तस्य धनुर्भृतः।# विजयदुन्दुभितां ययुरर्णवा घनरवा नरवाहनसंपदः।।"
"शमित-पक्ष-बलः शत-कोटिना शिखरिणाम् कुलिशेन पुरन्दरः सः शर-वृष्टि-मुचा धनुषा द्विषाम् स्वनवता नव-तामरस-आननः (अस्ति) (अस्ति) (शमित-पक्ष-बलः)","पुरन्दरः शत-कोटिना कुलिशेन शिखरिणाम् शमित-पक्ष-बलः (अस्ति) नव-तामरस-आननः सः शर-वृष्टि-मुचा स्वनवता धनुषा द्विषाम् (शमित-पक्ष-बलः) (अस्ति)","शमितपक्षबलः शतकोटिना शिखरिणां कुलिशेन पुरन्दरः।# स शरवृष्टिमुचा धनुषा द्विषां स्वनवता नवतामरसाननः।।"
"चरणयोः नख-राग-समृद्धिभिः मुकुट-रत्न-मरीचिभिः अस्पृशन् नृपतयः शतशः मरुतः यथा शत-मखम् तम् अ-खण्डित-पौरुषम्","यथा मरुतः शत-मखम् शतशः नृपतयः अ-खण्डित-पौरुषम् तम् नख-राग-समृद्धिभिः मुकुट-रत्न-मरीचिभिः चरणयोः अस्पृशन्","चरणयोर्नखरागसमृद्धिभिर्मुकुटरत्नमरीचिभिरस्पृशन्।# नृपतयः शतशो मरुतो यथा शतमखं तमखण्डितपौरुषम्।।"
"निववृते सः महान्-अर्णव-रोधसः सचिव-कारित-बाल-सुत-अञ्जलीन् समनुकम्प्य सपत्न-परिग्रहान् अन्-अलकान् अलका-न-अवमाम् पुरीम्","सः सचिव-कारित-बाल-सुत-अञ्जलीन् अन्-अलकान् सपत्न-परिग्रहान् समनुकम्प्य अलका-न-अवमाम् पुरीम् महान्-अर्णव-रोधसः निववृते","निववृते स महार्णवरोधसः सचिवकारितबालसुताञ्जलीन्।# समनुकम्प्य सपत्नपरिग्रहाननलकानलकानवमां पुरीम्।।"
"उपगतः अपि च मण्डल-नाभिताम् अन्-उदित-अन्य-सित-आतपवारणः श्रियम् अवेक्ष्य सः रन्ध्र-चलाम् अभूत् अन्-अलसः अनल-सोम-समद्युतिः","अन्-उदित-अन्य-सित-आतपवारणः अनल-सोम-समद्युतिः सः मण्डल-नाभिताम् उपगतः अपि च रन्ध्र-चलाम् श्रियम् अवेक्ष्य अन्-अलसः अभूत्","उपगतोऽपि च मण्डलनाभितामनुदितान्यसितातपवारणः।# श्रियमवेक्ष्य स रन्ध्रचलामभूदनलसोऽनलसोमसमद्युतिः।।"
"तम् अपहाय ककुत्स्थ-कुल-उद्भवम् पुरुषम् आत्मभवम् च पति-व्रता नृपतिम् अन्यम् असेवत देवता स-कमला कम् अ-लाघवम् अर्थिषु","पति-व्रता स-कमला देवता अर्थिषु अ-लाघवम् ककुत्स्थ-कुल-उद्भवम् तम् आत्मभवम् पुरुषम् च अपहाय अन्यम् कम् नृपतिम् असेवत","तमपहाय ककुत्स्थकुलोद्भवं पुरुषमात्मभवं च पतिव्रता।# नृपतिमन्यमसेवत देवता सकमला कमलाघवमर्थिषु।।"
"तम् अलभन्त पतिम् पति-देवताः शिखरिणाम् सागरम्-इव आप-गाः मगध-कोसल-केकय-शासिनाम् दुहितरः अहित-रोपित-मार्गणम्","पति-देवताः मगध-कोसल-केकय-शासिनाम् दुहितरः अहित-रोपित-मार्गणम् तम् शिखरिणाम् आप-गाः सागरम्-इव पतिम् अलभन्त","तमलभन्त पतिं पतिदेवताः शिखरिणामिव सागरमापगाः।# मगधकोसलकेकयशासिनां दुहितरोऽहितरोपितमार्गणम्।।"
"प्रियतमाभिः असौ तिसृभिः बभौ तिसृभिः एव भुवम् सह शक्तिभिः उपगतः विनिनीषुः प्रजाः हरि-हयः-इव अरि-ह-योग-विचक्षणः","अरि-ह-योग-विचक्षणः असौ तिसृभिः प्रियतमाभिः सह प्रजाः विनिनीषुः तिसृभिः एव शक्तिभिः भुवम् उपगतः हरि-हयः-इव बभौ","प्रियतमाभिरसौ तिसृभिर्बभौ तिसृभिरेव भुवं सह शक्तिभिः।# उपगतो विनिनीषुरिव प्रजा हरिहयोऽरिहयोगविचक्षणः।।"
"सः किल संयुग-मूर्ध्नि सहायताम् मघवतः प्रतिपद्य महा-रथः स्व-भुज-वीर्यम् अगापयत् उच्छ्रितम् सुर-वधूः अवधूत-भयाः शरैः","महा-रथः सः संयुग-मूर्ध्नि मघवतः सहायताम् प्रतिपद्य शरैः अवधूत-भयाः सुर-वधूः उच्छ्रितम् स्व-भुज-वीर्यम् अगापयत् किल","स किल संयुगमूर्ध्नि सहायतां मघवतः प्रतिपद्य महारथः।# स्वभुजवीर्यमगापयदुच्छ्रितं सुरवधूरवधूतभयाः शरैः।।"
"क्रतुषु तेन विसर्जित-मौलिना भुज-समाहृत-दिक्-वसुना कृताः कनक-यूप-समुच्छ्रय-शोभिनः वि-तमसा तमसा-सरयू-तटाः","क्रतुषु विसर्जित-मौलिना भुज-समाहृत-दिक्-वसुना वि-तमसा तेन तमसा-सरयू-तटाः कनक-यूप-समुच्छ्रय-शोभिनः कृताः","क्रतुषु तेन विसर्जितमौलिना भुजसमाहृतदिग्वसुना कृताः।# कनकयूपसमुच्छ्रयशोभिनो वितमसा तमसासरयूतटाः।।"
"अजिन-दण्ड-भृतम् कुश-मेखलाम् यत-गिरम् मृग-शृङ्ग-परिग्रहाम् अधि-वसन् तनुम् अध्वर-दीक्षिताम् अ-सम-भासम् अभासयत् ईश्वरः","ईश्वरः अजिन-दण्ड-भृतम् कुश-मेखलाम् यत-गिरम् मृग-शृङ्ग-परिग्रहाम् अध्वर-दीक्षिताम् तनुम् अधि-वसन् अ-सम-भासम् अभासयत्","अजिनदण्डभृतं कुशमेखलां यतगिरं मृगशृंगपरिग्रहाम् ।#अधिवसंस्तनुमध्वरदीक्षितामसमभासमभासयदीश्वरः॥"
"अवभृथ-प्रयतः नियत-इन्द्रियः सुर-समाज-समाक्रमण-उचितः नमयति स्म सः केवलम् उन्नतम् वन-मुचे नमुचेः अरये शिरः","अवभृथ-प्रयतः नियत-इन्द्रियः सुर-समाज-समाक्रमण-उचितः सः उन्नतम् शिरः वन-मुचे नमुचेः अरये केवलम् नमयति स्म","अवभृथप्रयतो नियतेन्द्रियः सुरसमाजसमाक्रमणोचितः।# नमयति स्म स केवलमुन्नतं वनमुचे नमुचेररये शिरः।।"
"असकृत् एक-रथेन तरस्विना हरि-हय-अग्रसरेण धनुः-भृता दिन-कर-अभिमुखाः रण-रेणवः रुरुधिरे रुधिरेण सुर-द्विषाम्","एक-रथेन तरस्विना हरि-हय-अग्रसरेण धनुः-भृता असकृत् दिन-कर-अभिमुखाः रण-रेणवः सुर-द्विषाम् रुधिरेण रुरुधिरे","असकृदेकरथेन तरस्विना हरिहयाग्रसरेण धनुर्भृता।# दिनकराभिमुखा रणरेणवो रुरुधिरे रुधिरेण सुरद्विषाम्।।"
"अथ समाववृते कुसुमैः नवैः तम् इव सेवितुम् एक-नर-अधिपम् यम-कुबेर-जल-ईश्वर-वज्रिणाम् सम-धुरम् मधुः अञ्चित-विक्रमम्","अथ यम-कुबेर-जल-ईश्वर-वज्रिणाम् सम-धुरम् अञ्चित-विक्रमम् तम् एक-नर-अधिपम् सेवितुम् इव मधुः नवैः कुसुमैः समाववृते","अथ समाववृते कुसुमैर्नवैस्तमिव सेवितुमेकनराधिपम्।# यमकुबेरजलेश्वरवज्रिणां समधुरं मधुरञ्चितविक्रमम्।।"
"जिगमिषुः धनद-अध्युषिताम् दिशम् रथ-युजा परिवर्तित-वाहनः दिन-मुखानि रविः हिम-निग्रहैः विमलयन् मलयम् नगम् अत्यजत्","धनद-अध्युषिताम् दिशम् जिगमिषुः रथ-युजा परिवर्तित-वाहनः रविः हिम-निग्रहैः दिन-मुखानि विमलयन् मलयम् नगम् अत्यजत्","जिगमिषुर्धनदाध्युषितां दिशं रथयुजा परिवर्तितवाहनः।# दिनमुखानि रविर्हिमनिग्रहैर्विमलयन्मलयं नगमत्यजत्।।"
"कुसुम-जन्म ततः नव-पल्लवाः तत् अनु षट्-पद-कोकिल-कूजितम् इति यथा-क्रमम् आविरभूत् मधुः द्रुम-वतीम् अवतीर्य वन-स्थलीम्","कुसुम-जन्म ततः नव-पल्लवाः तत् अनु षट्-पद-कोकिल-कूजितम् इति यथा-क्रमम् द्रुम-वतीम् वन-स्थलीम् अवतीर्य मधुः आविरभूत्","कुसुमजन्म ततो नवपल्लवास्तदनु षट्पदकोकिलकूजितम्।# इति यथाक्रममाविरभून्मधुर्द्रुमवतीमवतीर्य वनस्थलीम्।।"
"नय-गुण-उपचिताम् भू-पतेः सत्-उपकार-फलाम् श्रियम् अर्थिनः-इव अभिययुः सरसः मधु-सम्भृताम् कमलिनीम् अलि-नीर-पतत्रिणः","नय-गुण-उपचिताम् सत्-उपकार-फलाम् भू-पतेः श्रियम् अर्थिनः-इव मधु-सम्भृताम् सरसः कमलिनीम् अलि-नीर-पतत्रिणः अभिययुः","नयगुणोपचितामिव भूपतेः सदुपकारफलां श्रियमर्थिनः।# अभिययुः सरसो मधुसंभृतां कमलिनीमलिनीरपतत्रिणः।।"
"कुसुमम् एव न केवलम् आर्तवम् नवम् अशोक-तरोः स्मर-दीपनम् किसलय-प्रसवः अपि विलासिनाम् मदयिता दयिता-श्रवण-अर्पितः (अभवत्) (अभवत्) (स्मरदीपनः)","आर्तवम् नवम् अशोक-तरोः कुसुमम् एव केवलम् स्मर-दीपनम् न (अभवत्) विलासिनाम् मदयिता दयिता-श्रवण-अर्पितः किसलय-प्रसवः अपि (स्मरदीपनः) (अभवत्)","कुसुममेव न केवलमार्तवं नवमशोकतरोः स्मरदीपनम्।# किसलयप्रसवोऽपि विलासिनां मदयिता दयिताश्रवणार्पितः।।"
"विरचिताः मधुना उपवन-श्रियाम् अभिनवाः पत्र-विशेषकाः-इव मधु-लिहाम् मधु-दान-विशारदाः कुरबकाः रव-कारणताम् ययुः","मधुना विरचिताः उपवन-श्रियाम् अभिनवाः पत्र-विशेषकाः-इव मधु-दान-विशारदाः कुरबकाः मधु-लिहाम् रव-कारणताम् ययुः","विरचिता मधुनोपवनश्रियामभिनवा इव पत्रविशेषकाः।# मधुलिहां मधुदानविशारदाः कुरबका रवकारणतां ययुः।।"
"सु-वदना-वदन-आसव-सम्भृतः तदनुवादि-गुणः कुसुम-उद्गमः मधुकरैः अकरोत् मधु-लोलुपैः बकुलम् आकुलम् आयत-पङ्क्तिभिः","सु-वदना-वदन-आसव-सम्भृतः तदनुवादि-गुणः कुसुम-उद्गमः मधु-लोलुपैः आयत-पङ्क्तिभिः मधुकरैः बकुलम् आकुलम् अकरोत्","सुवदनावदनासवसंभृतस्तदनुवादिगुणः कुसुमोद्गमः ।#मधुकरैरकरोन्मधुलोलुपैर्बकुलमाकुलमायतपङ्क्तिभिः।।"
"उपहितम् शिशिर-अपगम-श्रिया मुकुल-जालम् अशोभत किंशुके प्रणयिनि नख-क्षत-मण्डनम्-इव प्रमदया मद-यापित-लज्जया","शिशिर-अपगम-श्रिया किंशुके उपहितम् मुकुल-जालम् मद-यापित-लज्जया प्रमदया प्रणयिनि नख-क्षत-मण्डनम्-इव अशोभत","उपहितं शिशिरापगमश्रिया मुकुलजालमशोभत किंशुके।# प्रणयिनीव नखक्षतमण्डनं प्रमदया मदयापितलज्जया।।"
"व्रण-गुरु-प्रमदा-अधर-दुःसहम् जघन-निर्विषयीकृत-मेखलम् न खलु तावत् अशेषम् अपोहितुम् रविः अलम् विरलम् कृतवान् हिमम् (बभूव) (रविः)","व्रण-गुरु-प्रमदा-अधर-दुःसहम् जघन-निर्विषयीकृत-मेखलम् हिमम् रविः तावत् अशेषम् अपोहितुम् न अलम् (बभूव) खलु (रविः) विरलम् कृतवान्","व्रणगुरुप्रमदाधरदुःसहं जघननिर्विषयीकृतमेखलम्।# न खलु तावदशेषमपोहितुं रविरलं विरलं कृतवान्हिमम्।।"
"अभिनयान् परिचेतुम् इव उद्यता मलय-मारुत-कम्पित-पल्लवा अमदयत् सहकार-लता मनः स-कलिका कलि-काम-जिताम् अपि","अभिनयान् परिचेतुम् उद्यता इव मलय-मारुत-कम्पित-पल्लवा स-कलिका सहकार-लता कलि-काम-जिताम् अपि मनः अमदयत्","अभिनयान्परिचेतुमिवोद्यता मलयमारुतकम्पितपल्लवा।# अमदयत्सहकारलता मनः सकलिका कलिकामजितामपि।।"
"प्रथमम् अन्य-भृताभिः उदीरिताः प्रविरलाः मुग्ध-वधू-कथाः-इव सुरभि-गन्धिषु शुश्रुविरे गिरः कुसुमितासु मिताः वन-राजिषु","सुरभि-गन्धिषु कुसुमितासु वन-राजिषु अन्य-भृताभिः प्रथमम् उदीरिताः मिताः गिरः प्रविरलाः मुग्ध-वधू-कथाः-इव शुश्रुविरे","प्रथममन्यभृताभिरुदीरिताः प्रविरला इव मुग्धवधूकथाः।# सुरभिगन्धिषु शुश्रुविरे गिरः कुसुमितासु मिता वनराजिषु।।"
"श्रुति-सुख-भ्रमर-स्वन-गीतयः कुसुम-कोमल-दन्त-रुचः बभुः उपवन-अन्त-लताः पवन-आहतैः किसलयैः स-लयैः इव पाणिभिः","श्रुति-सुख-भ्रमर-स्वन-गीतयः कुसुम-कोमल-दन्त-रुचः उपवन-अन्त-लताः पवन-आहतैः किसलयैः स-लयैः पाणिभिः इव बभुः","श्रुतिसुखभ्रमरस्वनगीतयः कुसुमकोमलदन्तरुचो बभुः।# उपवनान्तलताः पवनाहतैः किसलयैः सलयैरिव पाणिभिः।।"
"ललित-विभ्रम-बन्ध-विचक्षणम् सुरभि-गन्ध-पराजित-केसरम् पतिषु निर्विविशुः मधुम् अङ्गनाः स्मर-सखम् रस-खण्डन-वर्जितम्","अङ्गनाः ललित-विभ्रम-बन्ध-विचक्षणम् सुरभि-गन्ध-पराजित-केसरम् स्मर-सखम् मधुम् पतिषु रस-खण्डन-वर्जितम् निर्विविशुः","ललितविभ्रमबन्धविचक्षणं सुरभिगन्धपराजितकेसरम्।# पतिषु निर्विविशुर्मधुमङ्गनाः स्मरसखं रसखण्डनवर्जितम्।।"
"शुशुभिरे स्मित-चारुतर-आननाः स्त्रियः-इव श्लथ-शिञ्जित-मेखलाः विकच-तामरसाः गृह-दीर्घिकाः मद-कला-उदक-लोल-विहङ्गमाः","विकच-तामरसाः मद-कला-उदक-लोल-विहङ्गमाः गृह-दीर्घिकाः स्मित-चारुतर-आननाः श्लथ-शिञ्जित-मेखलाः स्त्रियः-इव शुशुभिरे","शुशुभिरे स्मितचारुतराननाः स्त्रिय इव श्लथशिञ्जितमेखलाः।# विकचतामरसा गृहदीर्घिका मदकलोदकलोलविहङ्गमाः।।"
"उपययौ तनुताम् मधु-खण्डिता हिमकर-उदय-पाण्डु-मुख-छविः सदृशम् इष्ट-समागम-निर्वृतिम् वनितया अ-नितया रजनी-वधूः","मधु-खण्डिता हिमकर-उदय-पाण्डु-मुख-छविः रजनी-वधूः इष्ट-समागम-निर्वृतिम् अ-नितया वनितया सदृशम् तनुताम् उपययौ","उपययौ तनुतां मधुखण्डिता हिमकरोदयपाण्डुमुखच्छविः।# सदृशमिष्टसमागमनिर्वृतिं वनितयानितया रजनीवधूः।।"
"अप-तुषारतया विशद-प्रभैः सुरत-सङ्ग-परिश्रम-नोदिभिः कुसुम-चापम् अतेजयत् अंशुभिः हिम-करः मकर-ऊर्जित-केतनम्","हिम-करः अप-तुषारतया विशद-प्रभैः सुरत-सङ्ग-परिश्रम-नोदिभिः अंशुभिः मकर-ऊर्जित-केतनम् कुसुम-चापम् अतेजयत्","अपतुषारतया विशदप्रभैः सुरतसङ्गपरिश्रमनोदिभिः।# कुसुमचापमतेजयदंशुभिर्हिमकरो मकरोर्जितकेतनम्।।"
"हुत-हुताशन-दीप्ति वन-श्रियः प्रतिनिधिः कनक-आभरणस्य यत् युवतयः कुसुमम् दधुः आहितम् तत् अलके दल-केसर-पेशलम् (अभूत्)","हुत-हुताशन-दीप्ति यत् कुसुमम् वन-श्रियः कनक-आभरणस्य प्रतिनिधिः (अभूत्) दल-केसर-पेशलम् आहितम् तत् युवतयः अलके दधुः","हुतहुताशनदीप्ति वनश्रियः प्रतिनिधिः कनकाभरणस्य यत्।#  युवतयः कुसुमं दधुराहितं तदलके दलकेसरपेशलम्।। "
"अलिभिः अञ्जन-बिन्दु-मनोहरैः कुसुम-पङ्क्ति-निपातिभिः अङ्कितः न खलु शोभयति स्म वन-स्थलीम् न तिलकः तिलकः प्रमदाम्-इव (इति) (अस्ति)","अञ्जन-बिन्दु-मनोहरैः कुसुम-पङ्क्ति-निपातिभिः अलिभिः अङ्कितः तिलकः वन-स्थलीम् तिलकः प्रमदाम्-इव न शोभयति स्म (इति) न (अस्ति) खलु","अलिभिरञ्जनबिन्दुमनोहरैः कुसुमपङ्क्तिनिपातिभिरङ्कितः।# न खलु शोभयति स्म वनस्थलीं न तिलकस्तिलकः प्रमदामिव।।"
"अमदयत् मधु-गन्ध-सनाथया किसलय-अधर-सङ्गतया मनः कुसुम-सम्भृतया नव-मल्लिका स्मित-रुचा तरु-चारु-विलासिनी","तरु-चारु-विलासिनी नव-मल्लिका मधु-गन्ध-सनाथया किसलय-अधर-सङ्गतया कुसुम-सम्भृतया स्मित-रुचा मनः अमदयत्","अमदयन्मधुगन्धसनाथया किसलयाधरसंगतया मनः।# कुसुमसंभृतया नवमल्लिका स्मितरुचा तरुचारुविलासिनी।।"
"अरुण-राग-निषेधिभिः अंशुकैः श्रवण-लब्ध-पदैः च यव-अङ्कुरैः पर-भृता-विरुतैः च विलासिनः स्मर-बलैः अबला-एकरसाः कृताः","विलासिनः अरुण-राग-निषेधिभिः अंशुकैः श्रवण-लब्ध-पदैः यव-अङ्कुरैः च पर-भृता-विरुतैः च स्मर-बलैः अबला-एकरसाः कृताः","अरुणरागनिषेधिभिरंशुकैः श्रवणलब्धपदैश्च यवाङ्कुरैः।# परभृताविरुतैश्च विलासिनः स्मरबलैरबलैकरसाः कृताः।।"
"उपचित-अवयवा शुचिभिः कणैः अलि-कदम्बक-योगम् उपेयुषी सदृश-कान्तिः अलक्ष्यत मञ्जरी तिलक-जा अलक-जालक-मौक्तिकैः","शुचिभिः कणैः उपचित-अवयवा अलि-कदम्बक-योगम् उपेयुषी तिलक-जा मञ्जरी अलक-जालक-मौक्तिकैः सदृश-कान्तिः अलक्ष्यत","उपचितावयवा शुचिभिः कणैरलिकदम्बकयोगमुपेयुषी।# सदृशकान्तिरलक्ष्यत मञ्जरी तिलकजालकजालकमौक्तिकैः।।"
"ध्वज-पटम् मदनस्य धनुः-भृतः छवि-करम् मुख-चूर्णम् ऋतु-श्रियः कुसुम-केसर-रेणुम् अलि-व्रजाः स-पवन-उपवन-उत्थितम् अन्वयुः","अलि-व्रजाः धनुः-भृतः मदनस्य ध्वज-पटम् ऋतु-श्रियः छवि-करम् मुख-चूर्णम् स-पवन-उपवन-उत्थितम् कुसुम-केसर-रेणुम् अन्वयुः","ध्वजपटं मदनस्य धनुर्भृतश्छविकरं मुखचूर्णमृतुश्रियः।# कुसुमकेसररेणुमलिव्रजाः सपवनोपवनोत्थितमन्वयुः।।"
"अनुभवन् नव-दोलम् ऋतु-उत्सवम् पटुः अपि प्रिय-कण्ठ-जिघृक्षया अनयत् आसन-रज्जु-परिग्रहे भुज-लताम् जलताम् अबलाजनः","नव-दोलम् ऋतु-उत्सवम् अनुभवन् अबलाजनः पटुः अपि प्रिय-कण्ठ-जिघृक्षया आसन-रज्जु-परिग्रहे भुज-लताम् जलताम् अनयत्","अनुभवन्नवदोलमृतूत्सवं पटुरपि प्रियकण्ठजिघृक्षया।# अनयदासनरज्जुपरिग्रहे भुजलतां जलतामबलाजनः।।"
"त्यजत मानम् अलम् बत विग्रहैः न पुनः एति गतम् चतुरम् वयः पर-भृताभिः इति इव निवेदिते स्मर-मते रमते स्म वधू-जनः (अङ्गनाः)","बत (अङ्गनाः) मानम् त्यजत विग्रहैः अलम् गतम् चतुरम् वयः पुनः न एति इति स्मर-मते पर-भृताभिः निवेदिते इव वधू-जनः रमते स्म","त्यजत मानमलं बत विग्रहैर्न पुनरेति गतं चतुरं वयः।# परभृताभिरितीव निवेदिते स्मरमते रमते स्म वधूजनः।।"
"अथ यथासुखम् आर्तवम् उत्सवम् समनुभूय विलासवती-सखः नर-पतिः चकमे मृगया-रतिम् सः मधुमत्-मधु-मन्मथ-सन्निभः (सन्)","अथ मधुमत्-मधु-मन्मथ-सन्निभः सः नर-पतिः विलासवती-सखः (सन्) आर्तवम् उत्सवम् यथासुखम् समनुभूय मृगया-रतिम् चकमे","अथ यथासुखमार्तवमुत्सवं समनुभूय विलासवतीसखः।# नरपतिश्चकमे मृगयारतिं स मधुमन्मधुमन्मथसंनिभः।।"
"परिचयम् चल-लक्ष्य-निपातने भय-रुषोः च तत्-इङ्गित-बोधनम् श्रम-जयात् प्रगुणाम् च करोति असौ तनुम् अतः अनुमतः सचिवैः ययौ (असौ)","असौ चल-लक्ष्य-निपातने परिचयम् भय-रुषोः तत्-इङ्गित-बोधनम् च तनुम् च श्रम-जयात् प्रगुणाम् करोति अतः सचिवैः अनुमतः (असौ) ययौ","परिचयं चललक्ष्यनिपातने भयरुचोश्च तदिङ्गितबोधनम्।# श्रमजयात्प्रगुणां च करोत्यसौ तनुमतोऽनुमतः सचिवैर्ययौ।।"
"मृग-वन-उपगम-क्षम-वेषभृत् विपुल-कण्ठ-निषक्त-शर-आसनः गगनम् अश्व-खुर-उद्धत-रेणुभिः नृ-सविता सः वितानम् इव अकरोत्","मृग-वन-उपगम-क्षम-वेषभृत् विपुल-कण्ठ-निषक्त-शर-आसनः नृ-सविता सः अश्व-खुर-उद्धत-रेणुभिः गगनम् वितानम् इव अकरोत्","मृगवनोपगमक्षमवेषभृद्विपुलकण्ठनिषक्तशरासनः।# गगनमश्वखुरोद्धतरेणुभिर्नृसविता स वितानमिवाकरोत्।।"
"ग्रथित-मौलिः असौ वन-मालया तरु-पलाश-सवर्ण-तनुच्छदः तुरग-वल्गन-चञ्चल-कुण्डलः विरुरुचे रुरु-चेष्टित-भूमिषु","वन-मालया ग्रथित-मौलिः तरु-पलाश-सवर्ण-तनुच्छदः तुरग-वल्गन-चञ्चल-कुण्डलः असौ रुरु-चेष्टित-भूमिषु विरुरुचे","ग्रथितमौलिरसौ वनमालया तरुपलाशसवर्णतनुच्छदः।# तुरगवल्गनचञ्चलकुण्डलो विरुरुचे रुरुचेष्टितभूमिषु।।"
"तनु-लता-विनिवेशित-विग्रहाः भ्रमर-सङ्क्रमितेक्षण-वृत्तयः ददृशुः अध्वनि तम् वन-देवताः सु-नयनम् नय-नन्दित-कोसलम्","तनु-लता-विनिवेशित-विग्रहाः भ्रमर-सङ्क्रमितेक्षण-वृत्तयः वन-देवताः सु-नयनम् नय-नन्दित-कोसलम् तम् अध्वनि ददृशुः","तनुलताविनिवेशितविग्रहा भ्रमरसंक्रमितेक्षणवृत्तयः।# ददृशुरध्वनि तं वनदेवताः सुनयनं नयनन्दितकोसलम्।।"
"श्व-गणि-वागुरिकैः प्रथमास्थितम् व्यपगत-अनल-दस्यु विवेश सः स्थिर-तुरङ्गम-भूमि निपानवत् मृग-वयः-गवय-उपचितम् वनम्","सः श्व-गणि-वागुरिकैः प्रथमास्थितम् व्यपगत-अनल-दस्यु स्थिर-तुरङ्गम-भूमि निपानवत् मृग-वयः-गवय-उपचितम् वनम् विवेश","श्वगणिवागुरिकैः प्रथमास्थितं व्यपगतानलदस्यु विवेश सः।# स्थिरतुरङ्गमभूमि निपानवन्मृगवयोगवयोपचितं वनम्।।"
"अथ नभस्य-इव त्रि-दश-आयुधम् कनक-पिङ्ग-तडित्-गुण-संयुतम् धनुः अधिज्यम् अन्-आधिः उपाददे नर-वरः रवरोषित-केसरी","अथ अन्-आधिः रवरोषित-केसरी नर-वरः अधिज्यम् धनुः कनक-पिङ्ग-तडित्-गुण-संयुतम् त्रि-दश-आयुधम् नभस्य-इव उपाददे","अथ नभस्य इव त्रिदशायुधं कनकपिङ्गतडिद्गुणसंयुतम्।# धनुरधिज्यमनाधिरुपाददे नरवरो रवरोषितकेसरी।।"
"तस्य स्तन-प्रणयिभिः मुहुः एण-शावैः व्याहन्यमान-हरिणी-गमनम् पुरस्तात् आविर्बभूव कुश-गर्भ-मुखम् मृगाणाम् यूथम् तत्-अग्रसर-गर्वित-कृष्णसारम्","स्तन-प्रणयिभिः एण-शावैः मुहुः व्याहन्यमान-हरिणी-गमनम् कुश-गर्भ-मुखम् तत्-अग्रसर-गर्वित-कृष्णसारम् मृगाणाम् यूथम् तस्य पुरस्तात् आविर्बभूव","तस्य स्तनप्रणयिभिर्मुहुरेणशावैर्व्याहन्यमानहरिणीगमनं पुरस्तात्।# आविर्बभूव कुशगर्भमुखं मृगाणां यूथं तदग्रसरगर्वितकृष्णसारम्।।"
"तत्(मृगयूथम्) प्रार्थितम् जवन-वाजि-गतेन राज्ञा तूणी-मुख-उद्धृत-शरेण विशीर्ण-पङ्क्ति श्यामीचकार वनम् आकुलदृष्टि-पातैः वात-ईरित-उत्पल-दल-प्रकरैः-इव आर्द्रैः","जवन-वाजि-गतेन तूणी-मुख-उद्धृत-शरेण राज्ञा प्रार्थितम् विशीर्ण-पङ्क्ति तत्(मृगयूथम्) आर्द्रैः आकुलदृष्टि-पातैः वात-ईरित-उत्पल-दल-प्रकरैः-इव वनम् श्यामीचकार","तत्प्रार्थितं जवनवाजिगतेन राज्ञा तूणीमुखोद्धृतशरेण विशीर्णपङ्क्ति।# श्यामीचकार वनमाकुलदृष्टिपातैर्वातेरितोत्पलदलप्रकरैरिवार्द्रैः।।"
"लक्ष्यीकृतस्य हरिणस्य हरि-प्रभावः प्रेक्ष्य स्थिताम् सहचरीम् व्यवधाय देहम् आकर्ण-कृष्टम् अपि कामितया सः धन्वी बाणम् कृपा-मृदु-मनाः प्रतिसञ्जहार (सन्)","हरि-प्रभावः सः धन्वी लक्ष्यीकृतस्य हरिणस्य देहम् व्यवधाय स्थिताम् सहचरीम् प्रेक्ष्य कामितया कृपा-मृदु-मनाः (सन्) आकर्ण-कृष्टम् अपि बाणम् प्रतिसञ्जहार","लक्ष्यीकृतस्य हरिणस्य हरिप्रभावः प्रेक्ष्य स्थितां सहचरीं व्यवधाय देहम्।# आकर्णकृष्टमपि कामितया स धन्वी बाणं कृपामृदुमनाः प्रतिसञ्जहार।।"
"तस्य अपरेषु अपि मृगेषु शरान् मुमुक्षोः कर्ण-अन्तम् एत्य बिभिदे निबिडः अपि मुष्टिः त्रास-अतिमात्र-चटुलैः स्मरतः सु-नेत्रैः प्रौढ-प्रिया-नयन-विभ्रम-चेष्टितानि","त्रास-अतिमात्र-चटुलैः सु-नेत्रैः प्रौढ-प्रिया-नयन-विभ्रम-चेष्टितानि स्मरतः अपरेषु अपि मृगेषु शरान् मुमुक्षोः तस्य निबिडः अपि मुष्टिः कर्ण-अन्तम् एत्य बिभिदे","तस्यापरेष्वपि मृगेषु शरान्मुमुक्षोः कर्णान्तमेत्य बिभिदे निबिडोऽपि मुष्टिः।# त्रासातिमात्रचटुलैः स्मरतः सुनेत्रैः प्रौढप्रियानयनविभ्रमचेष्टितानि।।"
"उत्तस्थुषः सपदि पल्वल-पङ्क-मध्यात् मुस्ता-प्ररोह-कवल-अवयव-अनुकीर्णम् जग्राह सः द्रुत-वराह-कुलस्य मार्गम् सुव्यक्तम् आर्द्र-पद-पङ्क्तिभिः आयताभिः","सः मुस्ता-प्ररोह-कवल-अवयव-अनुकीर्णम् आयताभिः आर्द्र-पद-पङ्क्तिभिः सुव्यक्तम् सपदि पल्वल-पङ्क-मध्यात् उत्तस्थुषः द्रुत-वराह-कुलस्य मार्गम् जग्राह","उत्तस्थुषः सपदि पल्वलपङ्कमध्यान्मुस्ताप्ररोहकवलावयवानुकीर्णम्।# जग्राह स द्रुतवराहकुलस्य मार्गं सुव्यक्तमार्द्रपदपङ्क्तिभिरायताभिः।।"
"तम् वाहनात् अवनत-उत्तर-कायम् ईषत् विध्यन्तं उद्धृत-सटाः प्रतिहन्तुम् ईषुः न आत्मानम् अस्य विविदुः सहसा वराहाः वृक्षेषु विद्धम् इषुभिः जघन-आश्रयेषु (वराहाः)","उद्धृत-सटाः वराहाः वाहनात् ईषत् अवनत-उत्तर-कायम् विध्यन्तं तम् प्रतिहन्तुम् ईषुः अस्य इषुभिः (वराहाः) सहसा जघन-आश्रयेषु वृक्षेषु विद्धम् आत्मानम् न विविदुः","तं वाहनादवनतोत्तरकायमीषद्विध्यन्तमुद्धृतसटाः प्रतिहन्तुमीषुः।# नात्मानमस्य विविदुः सहसा वराहा वृक्षेषु विद्धमिषुभिर्जघनाश्रयेषु।।"
"तेन अभिघात-रभसस्य विकृष्य पत्री वन्यस्य नेत्र-विवरे महिषस्य मुक्तः निर्भिद्य विग्रहम् अशोणित-लिप्त-पुङ्खः तम् पातयामास प्रथमम् पपात पश्चात् (सन्) (स्वयम्)","अभिघात-रभसस्य वन्यस्य महिषस्य नेत्र-विवरे तेन विकृष्य मुक्तः पत्री विग्रहम् निर्भिद्य अशोणित-लिप्त-पुङ्खः (सन्) तम् प्रथमम् पातयामास (स्वयम्) पश्चात् पपात","तेनाभिघातरभसस्य विकृष्य पत्री वन्यस्य नेत्रविवरे महिषस्य मुक्तः।# निर्भिद्य विग्रहमशोणितलिप्तपुङ्खस्तं पातयां प्रथममास पपात पश्चात्।।"
"प्रायः विषाण-परिमोक्ष-लघु-उत्तमाङ्गान् खड्गान् चकार नृपतिः निशितैः क्षुरप्रैः शृङ्गम् सः दृप्त-विनय-अधिकृतः परेषाम् अत्युच्छ्रितम् न ममृषे न तु दीर्घम् आयुः (ममृषे) (इति) (न) (अस्ति) (सः)","नृपतिः निशितैः क्षुरप्रैः खड्गान् प्रायः विषाण-परिमोक्ष-लघु-उत्तमाङ्गान् चकार दृप्त-विनय-अधिकृतः सः परेषाम् अत्युच्छ्रितम् शृङ्गम् न ममृषे (सः) दीर्घम् आयुः न तु (ममृषे) (इति) (न) (अस्ति)","प्रायो विषाणपरिमोक्षलघूत्तमाङ्गान्खड्गांश्चकार नृपतिर्निशितैः क्षुरप्रैः।# शृङ्गं स दृप्तविनयाधिकृतः परेषामत्युच्छ्रितं न ममृषे न तु दीर्घमायुः।।"
"व्याघ्रान् अ-भीः अभिमुख-उत्पतितान् गुहाभ्यः फुल्ल-असन-अग्रविटपान्-इव वायु-रुग्णान् शिक्षा-विशेष-लघुहस्ततया निमेषात् तूणीचकार शर-पूरित-वक्त्र-रन्ध्रान्","अ-भीः गुहाभ्यः अभिमुख-उत्पतितान् वायु-रुग्णान् फुल्ल-असन-अग्रविटपान्-इव व्याघ्रान् शर-पूरित-वक्त्र-रन्ध्रान् शिक्षा-विशेष-लघुहस्ततया निमेषात् तूणीचकार","व्याघ्रानभीरभिमुखोत्पतितान्गुहाभ्यः फुल्लासनाग्रविटपानिव वायुरुग्णान्।# शिक्षाविशेषलघुहस्ततया निमेषात्तूणीचकार शरपूरितवक्त्ररन्ध्रान्।।"
"निर्घातोग्रैः कुञ्ज-लीनान् जिघांसुः ज्या-निर्घोषैः क्षोभयामास सिंहान् नूनम् तेषाम् अभ्यसूया-परः अभूत् वीर्य-उदग्रे राजशब्दे मृगेषु","कुञ्ज-लीनान् सिंहान् जिघांसुः निर्घातोग्रैः ज्या-निर्घोषैः क्षोभयामास तेषाम् वीर्य-उदग्रे मृगेषु राजशब्दे अभ्यसूया-परः अभूत् नूनम्","निर्घातोग्रैः कुञ्जलीनाञ्जिघांसुर्ज्यानिर्घोषैः क्षोभयामास सिंहान्।# नूनं तेषामभ्यसूयापरोऽभूद्वीर्योदग्रे राजशब्दे मृगेषु।।"
"तान् हत्वा गज-कुल-बद्ध-तीव्र-वैरान् काकुत्स्थः कुटिल-नख-अग्र-लग्न-मुक्तान् आत्मानम् रण-कृत-कर्मणाम् गजानाम् आनृण्यम् गतम् इव मार्गणैः अमंस्त","काकुत्स्थः गज-कुल-बद्ध-तीव्र-वैरान् कुटिल-नख-अग्र-लग्न-मुक्तान् तान् हत्वा आत्मानम् रण-कृत-कर्मणाम् गजानाम् आनृण्यम् मार्गणैः गतम् इव अमंस्त","तान्हत्वा गजकुलबद्धतीव्रवैरान्काकुत्स्थः कुटिलनखाग्रलग्नमुक्तान्।# आत्मानं रणकृतकर्मणां गजानामानृण्यं गतमिव मार्गणैरमंस्त।।"
"चमरान् परितः प्रवर्तित-अश्वः क्वचित् आकर्ण-विकृष्ट-भल्ल-वर्षी नृपतीन्-इव तान् वियोज्य सद्यः सित-बाल-व्यजनैः जगाम शान्तिम् (नृपः)","क्वचित् चमरान् परितः प्रवर्तित-अश्वः आकर्ण-विकृष्ट-भल्ल-वर्षी (नृपः) नृपतीन्-इव तान् सित-बाल-व्यजनैः वियोज्य सद्यः शान्तिम् जगाम","चमरान्परितः प्रवर्तिताश्वः क्वचिदाकर्णविकृष्टभल्लवर्षी।# नृपतीनिव तान्वियोज्य सद्यः सितबालव्यजनैर्जगाम शान्तिम्।।"
"अपि तुरग-समीपात् उत्पतन्तम् मयूरम् न सः रुचिर-कलापम् बाणलक्ष्यीचकार सपदि गत-मनस्कः चित्र-माल्य-अनुकीर्णे रति-विगलितबन्धे केश-पाशे प्रियायाः","चित्र-माल्य-अनुकीर्णे रति-विगलितबन्धे प्रियायाः केश-पाशे सपदि गत-मनस्कः सः तुरग-समीपात् उत्पतन्तम् अपि रुचिर-कलापम् मयूरम् न बाणलक्ष्यीचकार","अपि तुरगसमीपादुत्पतन्तं मयूरं न स रुचिरकलापं बाणलक्ष्यीचकार।# सपदि गतमनस्कश्चित्रमाल्यानुकीर्णे रतिविगलितबन्धे केशपाशे प्रियायाः।।"
"तस्य कर्कश-विहार-सम्भवम् स्वेदम् आनन-विलग्न-जालकम् आचचाम स-तुषार-शीकरः भिन्न-पल्लव-पुटः वन-अनिलः","कर्कश-विहार-सम्भवम् आनन-विलग्न-जालकम् तस्य स्वेदम् स-तुषार-शीकरः भिन्न-पल्लव-पुटः वन-अनिलः आचचाम","तस्य कर्कशविहारसंभवं स्वेदमाननविलग्नजालकम्।# आचचाम सतुषारशीकरो भिन्नपल्लवपुटो वनानिलः।।"
"इति विस्मृत-अन्यकरणीयम् आत्मनः सचिव-अवलम्बित-धुरम् धरा-अधिपम् परिवृद्ध-रागम् अनुबन्ध-सेवया मृगया जहार चतुरा कामिनी-इव","इति आत्मनः विस्मृत-अन्यकरणीयम् सचिव-अवलम्बित-धुरम् अनुबन्ध-सेवया परिवृद्ध-रागम् धरा-अधिपम् मृगया चतुरा कामिनी-इव जहार","इति विस्मृतान्यकरणीयमात्मनः सचिवावलम्बिधुरं धराधिपम्।# परिवृद्धरागमनुबन्धसेवया मृगया जहार चतुरेव कामिनी।।"
"सः ललित-कुसुम-प्रवाल-शय्याम् ज्वलित-महा-ओषधि-दीपिका-सनाथाम् नर-पतिः अतिवाहयाम्बभूव क्वचित् अ-समेत-परिच्छदः त्रि-यामाम् (सन्)","सः नर-पतिः ललित-कुसुम-प्रवाल-शय्याम् ज्वलित-महा-ओषधि-दीपिका-सनाथाम् त्रि-यामाम् क्वचित् अ-समेत-परिच्छदः (सन्) अतिवाहयाम्बभूव","स ललितकुसुमप्रवालशय्यां ज्वलितमहौषधिदीपिकासनाथाम्।# नरपतिरतिवाहयांबभूव क्वचिदसमेतपरिच्छदस्त्रियामाम्।।"
"उषसि सः गज-यूथ-कर्ण-तालैः पटु-पटह-ध्वनिभिः विनीत-निद्रः अरमत मधुराणि तत्र शृण्वन् विहग-विकूजित-बन्दि-मङ्गलानि","उषसि पटु-पटह-ध्वनिभिः गज-यूथ-कर्ण-तालैः विनीत-निद्रः सः तत्र मधुराणि विहग-विकूजित-बन्दि-मङ्गलानि शृण्वन् अरमत","उषसि स गजयूथकर्णतालैः पटुपटहध्वनिभिर्विनीतनिद्रः।# अरमत मधुराणि तत्र शृण्वन्विहगविकूजितबन्दिमङ्गलानि।।"
"अथ जातु रुरोः गृहीत-वर्त्मा विपिने पार्श्व-चरैः अ-लक्ष्यमाणः श्रम-फेन-मुचा तपस्वि-गाढाम् तमसाम् प्राप नदीम् तुरङ्गमेण (सः)","अथ जातु रुरोः गृहीत-वर्त्मा विपिने पार्श्व-चरैः अ-लक्ष्यमाणः (सः) श्रम-फेन-मुचा तुरङ्गमेण तपस्वि-गाढाम् तमसाम् नदीम् प्राप","अथ जातु रुरोर्गृहीतवर्त्मा विपिने पार्श्वचरैरलक्ष्यमाणः।# श्रमफेनमुचा तपस्विगाढां तमसां प्राप नदीं तुरङ्गमेण।।"
"कुम्भ-पूरण-भवः पटुः उच्चैः उच्चचार निनदः अम्भसि तस्याः तत्र सः द्विरद-बृंहित-शङ्की शब्द-पातिनम् इषुम् विससर्ज (सन्)","तस्याः अम्भसि कुम्भ-पूरण-भवः पटुः उच्चैः निनदः उच्चचार तत्र सः द्विरद-बृंहित-शङ्की (सन्) शब्द-पातिनम् इषुम् विससर्ज","कुम्भपूरणभवः पटुरुच्चैरुच्चचार निनदोऽम्भसि तस्याः।# तत्र स द्विरदबृंहितशङ्की शब्दपातिनमिषुं विससर्ज।।"
"नृपतेः प्रतिषिद्धम् एव तत् कृतवान् पङ्क्ति-रथः विलङ्घ्य यत् अपथे पदम् अर्पयन्ति हि श्रुतवन्तः अपि रजः-निमीलिताः (सन्तः)","पङ्क्ति-रथः विलङ्घ्य यत् कृतवान् तत् नृपतेः प्रतिषिद्धम् एव हि श्रुतवन्तः अपि रजः-निमीलिताः (सन्तः) अपथे पदम् अर्पयन्ति","नृपतेः प्रतिषिद्धमेव तत्कृतवान्पङ्क्तिरथो विलङ्घ्य यत्।# अपथे पदमर्पयन्ति हि श्रुतवन्तोऽपि रजोनिमीलिताः।।"
"हा तात इति क्रन्दितम् आकर्ण्य विषण्णः तस्य अन्विष्यन् वेतस-गूढम् प्रभवम् सः शल्य-प्रोतम् प्रेक्ष्य स-कुम्भम् मुनि-पुत्रम् तापात् अन्तः-शल्यः आसीत् क्षितिपः अपि (सन्) इव","हा तात इति क्रन्दितम् आकर्ण्य विषण्णः (सन्) तस्य वेतस-गूढम् प्रभवम् अन्विष्यन् शल्य-प्रोतम् स-कुम्भम् मुनि-पुत्रम् प्रेक्ष्य क्षितिपः अपि सः तापात् अन्तः-शल्यः इव आसीत्","हा तातेति क्रन्दितमाकर्ण्य विषण्णस्तस्यान्विष्यन्वेतसगूढं प्रभवं सः।# शल्यप्रोतं प्रेक्ष्य सकुम्भं मुनिपुत्रं तापादन्तःशल्य इवासीत्क्षितिपोऽपि।।"
"तेन अवतीर्य तुरगात् प्रथित-अन्वयेन पृष्ट-अन्वयः सः जल-कुम्भ-निषण्ण-देहः तस्मै द्विज-इतर-तपस्वि-सुतम् स्खलद्भिः आत्मानम् अक्षर-पदैः कथयाम्बभूव","प्रथित-अन्वयेन तेन तुरगात् अवतीर्य पृष्ट-अन्वयः जल-कुम्भ-निषण्ण-देहः सः तस्मै स्खलद्भिः अक्षर-पदैः आत्मानम् द्विज-इतर-तपस्वि-सुतम् कथयाम्बभूव","तेनावतीर्य तुरगात्प्रथितान्वयेन पृष्टान्वयः स जलकुम्भनिषण्णदेहः।# तस्मै द्विजेतरतपस्विसुतं स्खलद्भिरात्मानमक्षरपदैः कथयांबभूव।।"
"तत्-चोदितः च तम् अनुद्धृत-शल्यम् एव पित्रोः सकाशम् अवसन्न-दृशोः निनाय ताभ्याम् तथागतम् उपेत्य तम् एक-पुत्रम् अज्ञानतः स्व-चरितम् नृपतिः शशंस","तत्-चोदितः नृपतिः अनुद्धृत-शल्यम् एव तम् अवसन्न-दृशोः पित्रोः सकाशम् निनाय च तथागतम् एक-पुत्रम् तम् उपेत्य अज्ञानतः स्व-चरितम् ताभ्याम् शशंस","तच्चोदितश्च तम् अनुद्धृतशल्यमेव पित्रोः सकाशमवसन्नदृशोर्निनाय।# ताभ्यां तथागतमुपेत्य तमेकपुत्रमज्ञानतः स्वचरितं नृपतिः शशंस।।"
"तौ दम्पती बहु विलप्य शिशोः प्रहर्त्रा शल्यम् निखातम् उदहारयताम् उरस्तः सः अभूत् परासुः अथ भूमि-पतिम् शशाप हस्त-अर्पितैः नयन-वारिभिः एव वृद्धः","तौ दम्पती बहु विलप्य शिशोः उरस्तः निखातम् शल्यम् प्रहर्त्रा उदहारयताम् सः परासुः अभूत् अथ वृद्धः हस्त-अर्पितैः नयन-वारिभिः एव भूमि-पतिम् शशाप","तौ दंपती बहु विलप्य शिशोः प्रहर्त्रा शल्यं निखातमुदहारयतामुरस्तः।# सोऽभूत्परासुरथ भूमिपतिं शशाप हस्तार्पितैर्नयनवारिभिरेव वृद्धः।।"
"दिष्ट-अन्तम् आप्स्यति भवान् अपि पुत्र-शोकात् अन्त्ये वयसि अहम्-इव इति तम् उक्तवन्तम् आक्रान्त-पूर्वम् मुक्त-विषम् भुजङ्गम्-इव प्रोवाच कोसल-पतिः प्रथम-अपराद्धः","भवान् अपि अन्त्ये वयसि अहम्-इव पुत्र-शोकात् दिष्ट-अन्तम् आप्स्यति इति आक्रान्त-पूर्वम् मुक्त-विषम् भुजङ्गम्-इव उक्तवन्तम् तम् प्रथम-अपराद्धः कोसल-पतिः प्रोवाच","दिष्टान्तमाप्स्यति भवानपि पुत्रशोकादन्त्ये वयस्यहमिवेति तमुक्तवन्तम्।# आक्रान्तपूर्वमिव मुक्तविषं भुजङ्गं प्रोवाच कोसलपतिः प्रथमापराद्धः।।"
"शापः अपि अ-दृष्ट-तनय-आनन-पद्म-शोभे सा-अनुग्रहः भगवता मयि पातितः अयम् कृष्याम् दहन् अपि खलु क्षितिम् इन्धन-इद्धः बीज-प्ररोह-जननीम् ज्वलनः करोति (अस्ति)","अ-दृष्ट-तनय-आनन-पद्म-शोभे मयि भगवता पातितः अयम् शापः अपि सा-अनुग्रहः (अस्ति) इन्धन-इद्धः ज्वलनः कृष्याम् क्षितिम् दहन् अपि बीज-प्ररोह-जननीम् करोति खलु","शापोऽप्यदृष्टतनयाननपद्मशोभे सानुग्रहो भगवता मयि पातितोऽयम्।# कृष्यां दहन्नपि खलु क्षितिमिन्धनेद्धो बीजप्ररोहजननीं ज्वलनः करोति।।"
"इत्थम् गते गत-घृणः किम् अयम् विधत्ताम् वध्यः तव इति अभिहितः वसुधा-अधिपेन एधान् हुताशनवतः सः मुनिः ययाचे पुत्रम् परासुम् अनुगन्तु-मनाः स-दारः (सन्)","इत्थम् गते वसुधा-अधिपेन गत-घृणः तव वध्यः अयम् किम् विधत्ताम् इति अभिहितः सः मुनिः स-दारः परासुम् पुत्रम् अनुगन्तु-मनाः (सन्) हुताशनवतः एधान् ययाचे","इत्थं गते गतघृणः किमयं विधत्तां वध्यस्तवेत्यभिहितो वसुधाधिपेन।# एधान्हुताशनवतः स मुनिर्ययाचे पुत्रं परासुमनुगन्तुमनाः सदारः।।"
"प्राप्त-अनुगः सपदि शासनम् अस्य राजा सम्पाद्य पातक-विलुप्त-धृतिः निवृत्तः अन्तः-निविष्टपदम् आत्म-विनाश-हेतुम् शापम् दधत् और्वम् ज्वलनम्-इव अम्बु-राशिः","प्राप्त-अनुगः पातक-विलुप्त-धृतिः राजा सपदि अस्य शासनम् सम्पाद्य अन्तः-निविष्टपदम् आत्म-विनाश-हेतुम् शापम् अम्बु-राशिः और्वम् ज्वलनम्-इव दधत् निवृत्तः","प्राप्तानुगः सपदि शासनमस्य राजा संपाद्य पातकविलुप्तधृतिर्निवृत्तः।# अन्तर्निविष्टपदमात्मविनाशहेतुं शापं दधज्ज्वलनमौर्वमिवाम्बुराशिः।।"
"पृथिवीम् शासतः पाक-शासन-तेजसः अनून-ऋद्धेः तस्य किञ्चित् ऊनम् अयुतम् शरदाम् ययौ","पृथिवीम् शासतः पाक-शासन-तेजसः अनून-ऋद्धेः तस्य किञ्चित् ऊनम् शरदाम् अयुतम् ययौ","पृथिवीं शासतस्तस्य पाकशासनतेजसः।#किञ्चिदूनमनूनर्द्धेः शरदामयुतं ययौ॥1॥"
"सः पूर्वेषाम् ऋण-निर्मोक्ष-साधनम् च सद्यः शोक-तमस्-उपहम् सुत-अभिधानम् ज्योतिः न उपलेभे","न च उपलेभे पूर्वेषाम् ऋण-निर्मोक्ष-साधनम् सुत-अभिधानम् सः ज्योतिः सद्यः शोक-तमस्-उपहम्","न चोपलेभे पूर्वेषामृणनिर्मोक्षसाधनम्।#सुताभिधानं स ज्योतिः सद्यः शोकतमोपहम्॥2॥"
"प्रत्यय-अपेक्ष-सन्ततिः सः नृपः मन्थात् प्राक् अन्-अभिव्यक्त-रत्न-उत्पत्तिः अर्णवः-इव चिरं अतिष्ठत्","अतिष्ठत् प्रत्यय-अपेक्ष-सन्ततिः सः चिरं नृपः प्राक् मन्थात् अन्-अभिव्यक्त-रत्न-उत्पत्तिः अर्णवः-इव","अतिष्ठत्प्रत्ययापेक्षसंततिः सः चिरं नृपः।#प्राङ्मन्थादनभिव्यक्तरत्नोत्पत्तिरिवार्णवः॥3॥"
"ऋष्यशृङ्ग-आदयः जित्-आत्मानः सन्तः ऋत्विजः सन्तान-काङ्क्षिणः तस्य पुत्रीयाम् इष्टिम् आरेभिरे","ऋष्यशृङ्ग-आदयः तस्य सन्तः सन्तान-काङ्क्षिणः आरेभिरे जित्-आत्मानः पुत्रीयाम् इष्टिम् ऋत्विजः","ऋष्यशृङ्गादयस्तस्य सन्तः सन्तानकाङ्क्षिणः।#आरेभिरे जितात्मानः पुत्रीयामिष्टिमृत्विजः॥4॥"
"तस्मिन् अवसरे पौलस्त्य-उपप्लुताः देवाः निदाघ-आर्ताः अध्वगाः छाया-वृक्षम्-इव हरिम् अभिजग्मुः","तस्मिन् अवसरे देवाः पौलस्त्य-उपप्लुताः हरिम् अभिजग्मुः निदाघ-आर्ताः छाया-वृक्षम्-इव अध्वगाः","तस्मिन्नवसरे देवाः पौलस्त्योपप्लुता हरिम्।#अभिजग्मुः निदाघार्ताः छायावृक्षम् इव अध्वगाः॥5॥"
"ते च उदन्वन्तं प्रापुः; आदि-पुरुषः च बुबुधे; हि भविष्यन्त्याः कार्य-सिद्धेः लक्षणम् अ-व्याक्षेपः (अस्ति)","ते प्रापुः उदन्वन्तं च; च बुबुधे आदि-पुरुषः; अ-व्याक्षेपः भविष्यन्त्याः कार्य-सिद्धेः हि लक्षणम् (अस्ति)","ते च प्रापुरुदन्वन्तं बुबुधे चादिपुरुषः।#अव्याक्षेपो भविष्यन्त्याः कार्यसिद्धेर्हि लक्षणम्॥6॥"
"दिवौकसः भोगि-भोग-आसन-आसीनम् तत्-फणा-मण्डल-ऊदर्चिस्-मणि-द्योतित-विग्रहम् तम् ददृशुः","भोगि-भोग-आसन-आसीनम् ददृशुः दिवौकसः तम् तत्-फणा-मण्डल-ऊदर्चिस्-मणि-द्योतित-विग्रहम्","भोगिभोगासनासीनं ददृशुस्तं दिवौकसः।#तत्फणामण्डलोदर्चिर्मणिद्योतितविग्रहम्॥7॥"
"पद्म-निषण्णायाः श्रियः क्षौम-अन्तरित-मेखले आस्तीर्ण-कर-पल्लवे अङ्के निक्षिप्त-चरणम् (तम्) (ददृशुः)","श्रियः पद्म-निषण्णायाः क्षौम-अन्तरित-मेखले अङ्के निक्षिप्त-चरणम् (तम्) आस्तीर्ण-कर-पल्लवे (ददृशुः)","श्रियः पद्मनिषण्णायाः क्षौमान्तरितमेखले।#अङ्के निक्षिप्तचरणमास्तीर्णकरपल्लवे॥8॥"
"प्रबुद्ध-पुण्डरीक-अक्षम् बाल-आतप-निभ-अंशुकम् प्रारम्भ-सुख-दर्शनम् शारदम् दिवसम्-इव (तम्) (ददृशुः)","प्रबुद्ध-पुण्डरीक-अक्षम् बाल-आतप-निभ-अंशुकम् दिवसम्-इव शारदम् प्रारम्भ-सुख-दर्शनम् (तम्) (ददृशुः)","प्रबुद्धपुण्डरीकाक्षं बालातपनिभांशुकम्।#दिवसं शारदमिव प्रारम्भसुखदर्शनम्॥9॥"
"प्रभा-अनुलिप्त-श्रीवत्सम् लक्ष्मी-विभ्रम-दर्पणम् कौस्तुभ-आख्यम् अपाम् सारम् बिभ्राणम् बृहता उरसा (ददृशुः) (तम्)","प्रभा-अनुलिप्त-श्रीवत्सम् लक्ष्मी-विभ्रम-दर्पणम् कौस्तुभ-आख्यम् अपाम् सारम् बृहता उरसा बिभ्राणम् (तम्) (ददृशुः)","प्रभानुलिप्तश्रीवत्सं लक्ष्मीविभ्रमदर्पणम्।#कौस्तुभाख्यमपां सारं बिभ्राणं बृहतोरसा॥10॥"
"बाहुभिः विटप-आकारैः दिव्य-आभरण-भूषितैः आविर्भूतम् अपाम् मध्ये पारिजातम्-इव अपरम् (तम्) (ददृशुः)","विटप-आकारैः दिव्य-आभरण-भूषितैः बाहुभिः अपाम् मध्ये आविर्भूतम् अपरम् पारिजातम्-इव (तम्) (ददृशुः)","बाहुभिर्विटपाकारैर्दिव्याभरणभूषितैः।#आविर्भूतमपां मध्ये पारिजातमिवापरम्॥11॥"
"दैत्य-स्त्री-गण्ड-लेखानाम् मद-राग-विलोपिभिः हेतिभिः चेतनावद्भिः उदीरित-जय-स्वनम् (विष्णुम्) (ददृशुः)","दैत्य-स्त्री-गण्ड-लेखानाम् मद-राग-विलोपिभिः चेतनावद्भिः हेतिभिः उदीरित-जय-स्वनम् (विष्णुम्) (ददृशुः)","दैत्यस्त्रीगण्डलेखानां मदरागविलोपिभिः।#हेतिभिश्चेतनावद्भिरुदीरितजयस्वनम्॥12॥"
"मुक्त-शेष-विरोधेन कुलिश-व्रण-लक्ष्मणा उपस्थितम् प्राञ्जलिना विनीतेन गरुत्मता (तम्) (ददृशुः)","मुक्त-शेष-विरोधेन कुलिश-व्रण-लक्ष्मणा प्राञ्जलिना विनीतेन गरुत्मता उपस्थितम् (तम्) (ददृशुः)","मुक्तशेषविरोधेन कुलिशव्रणलक्ष्मणा।#उपस्थितं प्राञ्जलिना विनीतेन गरुत्मता॥13॥"
"योग-निद्रा-अन्त-विशदैः पावनैः अवलोकनैः भृगु-आदीन् अनुगृह्णन्तम् सौखशायनिकान् ऋषीन् (तम्) (ददृशुः)","योग-निद्रा-अन्त-विशदैः पावनैः अवलोकनैः सौखशायनिकान् भृगु-आदीन् ऋषीन् अनुगृह्णन्तम् (तम्) (ददृशुः)","योगनिद्रान्तविशदैः पावनैरवलोकनैः।#भृग्वादीननुगृह्णन्तं सौखशायनिकानृषीन्॥14॥"
"प्रणिपत्य सुराः तस्मै शमयित्रे सुर-द्विषाम् अथ एनम् तुष्टुवुः स्तुत्यम् अ-वाक्-मनस-गोचरम्","अथ सुराः सुर-द्विषाम् शमयित्रे तस्मै प्रणिपत्य स्तुत्यम् अ-वाक्-मनस-गोचरम् एनम् तुष्टुवुः","प्रणिपत्य सुरास्तस्मै शमयित्रे सुरद्विषाम्।#अथैनं तुष्टुवुः स्तुत्यमवाङ्मनसगोचरम्॥15॥"
"नमः विश्व-सृजे पूर्वम् विश्वम् तदनु बिभ्रते अथ विश्वस्य संहर्त्रे तुभ्यम् त्रेधा स्थित-आत्मने (अस्तु)","पूर्वम् विश्व-सृजे तदनु विश्वम् बिभ्रते अथ विश्वस्य संहर्त्रे त्रेधा स्थित-आत्मने तुभ्यम् नमः (अस्तु)","नमो विश्वसृजे पूर्वं विश्वं तदनु बिभ्रते।#अथ विश्वस्य संहर्त्रे तुभ्यं त्रेधास्थितात्मने॥16॥"
"रस-अन्तराणि एक-रसम् यथा दिव्यम् पयः अश्नुते देशे देशे गुणेषु एवम् अवस्थाः त्वम् अविक्रियः (अश्नुषे)","यथा एक-रसम् दिव्यम् पयः देशे देशे रस-अन्तराणि अश्नुते एवम् अविक्रियः त्वम् गुणेषु अवस्थाः (अश्नुषे)","रसान्तराण्येकरसं यथा दिव्यं पयोऽश्नुते।#देशे देशे गुणेष्वेवमवस्थास्त्वमविक्रियः॥17॥"
"अ-मेयः (सन्) मित-लोकः (असि) त्वम्; (त्वम्) अन्-अर्थी (सन्) प्रार्थना-आवहः (असि); (त्वम्) अ-जितः (सन्) जिष्णुः (असि); (त्वम्) अत्यन्तम् अव्यक्तः (सन्) व्यक्त-कारणम् (असि)","त्वम् अ-मेयः (सन्) मित-लोकः (असि); (त्वम्) अन्-अर्थी (सन्) प्रार्थना-आवहः (असि); (त्वम्) अ-जितः (सन्) जिष्णुः (असि); (त्वम्) अत्यन्तम् अव्यक्तः (सन्) व्यक्त-कारणम् (असि)","अमेयो मितलोकस्त्वमनर्थी प्रार्थनावहः।#अजितो जिष्णुरत्यन्तमव्यक्तो व्यक्तकारणम्॥18॥"
"(यद्यपि) (त्वाम्) हृदय-स्थम् (असि) (तथापि) अन-आसन्नम् (असि) (यद्यपि) अकामम् (असि) त्वाम् (तथापि) तपस्विनम् (असि) (यद्यपि) (त्वाम्) दयालुम् (असि) (तथापि) अनघ-स्पृष्टम् (असि) (यद्यपि) (त्वाम्) पुराणम् (असि) (तथापि) अजरम् (असि) (इति) विदुः","(यद्यपि) (त्वाम्) हृदय-स्थम् (असि) (तथापि) अन-आसन्नम् (असि) (यद्यपि) त्वाम् अकामम् (असि) (तथापि) तपस्विनम् (असि) (यद्यपि) (त्वाम्) दयालुम् (असि) (तथापि) अनघ-स्पृष्टम् (असि) (यद्यपि) (त्वाम्) पुराणम् (असि) (तथापि) अजरम् (असि) (इति) विदुः","हृदयस्थमनासन्नमकामं त्वां तपस्विनम्।#दयालुमनघस्पृष्टं पुराणमजरं विदुः॥19॥"
"सर्व-ज्ञः (सन्) त्वम् अविज्ञातः (असि) सर्व-योनिः (सन्) त्वम् आत्मभूः (असि) सर्व-प्रभुः (सन्) अनीशः (असि) त्वम् एकः (सन्) त्वम् सर्व-रूप-भाक् (असि)","त्वम् सर्व-ज्ञः (सन्) अविज्ञातः (असि) त्वम् सर्व-योनिः (सन्) आत्मभूः (असि) त्वम् सर्व-प्रभुः (सन्) अनीशः (असि) त्वम् एकः (सन्) सर्व-रूप-भाक् (असि)","सर्वज्ञस्त्वमविज्ञातः सर्वयोनिस्त्वमात्मभूः।#सर्वप्रभुरनीशस्त्वमेकस्त्वं सर्वरूपभाक्॥20॥"
"सप्त-साम-उपगीतम् सप्त-अर्णव-जले-शयम् सप्त-अर्चि-मुखम् सप्त-लोक-एक-संश्रयं त्वां आचख्युः","सप्त-साम-उपगीतम् त्वां सप्त-अर्णव-जले-शयम् सप्त-अर्चि-मुखम् आचख्युः सप्त-लोक-एक-संश्रयं","सप्तसामोपगीतं त्वां सप्तार्णवजलेशयम्।#सप्तार्चिमुखमाचख्युः सप्तलोकैकसंश्रयम्॥21॥"
"त्वत्तः चतुर्-वर्ग-फलम् ज्ञानम् काल-अवस्थाः चतुर्-युगाः चतुर्-वर्ण-मयः लोकः च सर्वम् चतुर्-मुखात् (प्रवहति)","चतुर्-वर्ग-फलम् ज्ञानम् काल-अवस्थाः चतुर्-युगाः चतुर्-वर्ण-मयः लोकः त्वत्तः सर्वम् चतुर्-मुखात् च (प्रवहति)","चतुर्वर्गफलं  ज्ञानं  कालावस्थाश्चतुर्युगाः।#चतुर्वर्णमयो  लोकस्त्वत्तः  सर्वं  चतुर्मुखात्॥22॥"
"अभ्यास-निगृहीतेन मनसा हृदय-आश्रयं ज्योतिः-मयं विचिन्वन्ति योगिनः त्वां विमुक्तये","योगिनः अभ्यास-निगृहीतेन मनसा हृदय-आश्रयं ज्योतिः-मयं त्वां विमुक्तये विचिन्वन्ति","अभ्यासनिगृहीतेन मनसा हृदयाश्रयम्।#ज्योतिर्मयं विचिन्वन्ति योगिनः त्वां विमुक्तये॥23॥"
"अजस्य जन्म गृह्णतः निर्-ईहस्य हत-द्विषः स्वपतः जागरूकस्य याथार्थ्यं वेद कः तव","अजस्य जन्म गृह्णतः निर्-ईहस्य हत-द्विषः जागरूकस्य स्वपतः तव याथार्थ्यं कः वेद","अजस्य गृह्णतो जन्म निरीहस्य हतद्विषः।#स्वपतो जागरूकस्य याथार्थ्यं वेद कस्तव॥24॥"
"(त्वं) शब्द-आदीन् विषयान् भोक्तुम् दुश्चरं तपः चरितुम् प्रजाः पातुम् औदासीन्येन वर्तितुं पर्याप्तः असि","(त्वं) शब्द-आदीन् विषयान् भोक्तुम् चरितुम् दुश्चरं तपः पर्याप्तः असि प्रजाः पातुम् औदासीन्येन वर्तितुं","शब्दादीन्विषयान्भोक्तुम् चरितुं दुश्चरं तपः ।#पर्याप्नोसि प्रजाः पातुमौदासीन्येन वर्तितुम् ॥"
"बहुधा अपि आगमैः भिन्नाः पन्थानः सिद्धि-हेतवः त्वयि एव निपतन्ति ओघाः जाह्नवीयाः अर्णवे-इव","आगमैः बहुधा भिन्नाः अपि सिद्धि-हेतवः पन्थानः जाह्नवीयाः ओघाः अर्णवे-इव त्वयि एव निपतन्ति","बहुधाप्यागमैर्भिन्नाः पन्थानः सिद्धिहेतवः ।#त्वय्येव निपतन्त्योघा जाह्नवीया इवार्णवे ॥"
"त्वयि आवेशित-चित्तानाम् त्वत्-समर्पित-कर्मणाम् वीत-रागाणाम् अ-भूयः संनिवृत्तये त्वं गतिः (असि)","त्वयि आवेशित-चित्तानाम् त्वत्-समर्पित-कर्मणाम् गतिः (असि) त्वं वीत-रागाणाम् अ-भूयः संनिवृत्तये","त्वय्यावेशितचित्तानां त्वत्समर्पितकर्मणाम् ।#गतिस्त्वं वीतरागाणामभूयःसंनिवृत्तये ॥"
"प्रत्यक्षः अपि तव मही-आदिः महिमा अ-परिच्छेद्यः (अस्ति); आप्त-वाक्-अनुमानाभ्यां साध्यं त्वां प्रति का कथा (अर्हति)","प्रत्यक्षः अपि अ-परिच्छेद्यः (अस्ति) मही-आदिः महिमा तव; आप्त-वाक्-अनुमानाभ्यां साध्यं त्वां प्रति का कथा (अर्हति)","प्रत्यक्षोप्यपरिच्छेद्यो मह्यादिर्महिमा तव​ ।#आप्तवागनुमानाभ्यां साध्यं त्वां प्रति का कथा ॥"
"केवलं स्मरणेन एव पुनासि पुरुषम् यतः अनेन वृत्तयः शेषाः निवेदित-फलाः त्वयि (सन्ति)","यतः केवलं स्मरणेन एव पुरुषम् पुनासि अनेन त्वयि शेषाः वृत्तयः निवेदित-फलाः (सन्ति)","केवलं स्मरणेनैव पुनासि पुरुषं यतः ।#अनेन वृत्तयः शेषा निवेदितफलास्त्वयि ॥"
"उदधेः रत्नानि-इव तेजांसि-इव विवस्वतः स्तुतिभ्यः व्यतिरिच्यन्ते दूराणि चरितानि ते","उदधेः रत्नानि-इव विवस्वतः तेजांसि-इव दूराणि ते चरितानि स्तुतिभ्यः व्यतिरिच्यन्ते","उदधेरिव रत्नानि तेजांसीव​ विवस्वतः ।#स्तुतिभ्यो व्यतिरिच्यन्ते दूराणि चरितानि ते ॥"
"ते अन्-अवाप्तम् अवाप्तव्यम् न किञ्चन विद्यते; लोक-अनुग्रहः एकः एव ते जन्म-कर्मणोः हेतुः (अस्ति)","अन्-अवाप्तम् अवाप्तव्यम् न ते किञ्चन विद्यते; लोक-अनुग्रहः एव एकः हेतुः ते जन्म-कर्मणोः (अस्ति)","अनवाप्तमवाप्तव्यं न ते किञ्चन विद्यते ।#लोकानुग्रह एवैको हेतुस्ते जन्मकर्मणोः ॥"
"महिमानम् यत् उत्कीर्त्य तव संह्रियते वचः श्रमेण तत् अशक्त्या वा न गुणानाम् इयत्तया (अस्ति)","तव महिमानम् उत्कीर्त्य यत् वचः संह्रियते तत् श्रमेण अशक्त्या वा गुणानाम् इयत्तया न (अस्ति)","महिमानं यदुत्कीर्त्य तव संह्रियते वचः ।#श्रमेण तदशक्त्या वा न गुणानामियत्तया ॥"
"इति ते सुराः तम् अधोक्षजं प्रसादयामासुः; सा परमेष्ठिनः भूत-अर्थ-व्याहृतिः हि (अस्ति); स्तुतिः न (अस्ति)","इति प्रसादयामासुः ते सुराः तम् अधोक्षजं; भूत-अर्थ-व्याहृतिः सा हि (अस्ति) परमेष्ठिनः; न स्तुतिः (अस्ति)","इति प्रसादयामासुस्ते सुरास्तमधोक्षजम् ।#भूतार्थव्याहृतिः सा हि न स्तुतिः परमेष्ठिनः ॥"
"सुराः कुशल-संप्रश्न-व्यञ्चित-प्रीतये तस्मै अ-प्रलय-उद्वेलात् नैऋत-उदधेः भयम् आचख्युः","तस्मै कुशल-संप्रश्न-व्यञ्चित-प्रीतये सुराः भयम् अ-प्रलय-उद्वेलात् आचख्युः नैऋत-उदधेः","तस्मै कुशलसंप्र​श्नव्यञ्चितप्रीतये सुराः ।#भयमप्रलयोद्वेलादाचख्युर्नैर्ॠतोदघेः ॥"
"अथ वेला-समासन्न-शैल-रन्ध्र-अनुवादिना स्वरेण उवाच भगवान् परिभूत-अर्णव-ध्वनिः","अथ वेला-समासन्न-शैल-रन्ध्र-अनुवादिना स्वरेण परिभूत-अर्णव-ध्वनिः भगवान् उवाच","अथ वेलासमासन्नशैलरन्ध्रानुवादिना ।#स्वरेणोवाच भगवान् परिभूतार्णवध्वनिः ॥"
"पुराणस्य कवेः तस्य वर्ण-स्थान-समीरिता कृत-संस्कारा भारती चरितार्था एव बभूव","पुराणस्य कवेः तस्य वर्ण-स्थान-समीरिता बभूव कृत-संस्कारा चरितार्था एव भारती","पुराणस्य कवेस्तस्य वर्णस्थानसमीरिता ।#बभूव कृतसंस्कारा चरितार्थैव भारती ॥"
"विभोः वदन-उद्गता स-दशन-ज्योत्स्ना सा चरणात् निर्यात-शेषा ऊर्ध्व-प्रवर्तिनी गङ्गा-इव बभौ","बभौ स-दशन-ज्योत्स्ना सा विभोः वदन-उद्गता निर्यात-शेषा चरणात् गङ्गा-इव ऊर्ध्व-प्रवर्तिनी","बभौ सदशनज्योत्स्ना सा विभोर्वदनोद्गता ।#निर्यातशेषा चरणाद्गङ्गेवोर्ध्वप्रवर्तिनी ॥"
"(अहम्) जाने वः रक्षसा आक्रान्तौ अनुभाव-पराक्रमौ अङ्गिनां तमसा-इव उभौ गुणौ प्रथम-मध्यमौ","वः अनुभाव-पराक्रमौ रक्षसा अङ्गिनां प्रथम-मध्यमौ उभौ गुणौ तमसा-इव आक्रान्तौ (अहम्) जाने","जाने वो रक्षसाक्रान्तावनुभावपराक्रमौ ।#अङ्गिनां तमसेवोभौ गुणौ प्रथममध्यमौ ॥"
"विदितम् तप्यमानम् च तेन मे भुवन-त्रयम् अ-काम-उपनतेन साधोः हृदयम्-इव एनसा (अस्ति)","अ-काम-उपनतेन एनसा साधोः हृदयम्-इव तेन तप्यमानम् भुवन-त्रयम् च मे विदितम् (अस्ति)","विदितं तप्यमानं च तेन मे भुवनत्रयम् ।#अकामोपनतेनेव साधोर्हृदयमेनसा ॥"
"कार्येषु च एक-कार्यत्वात् अभ्यर्थ्यः अस्मि न वज्रिणा स्वयम् एव हि वातः अग्नेः सारथ्यम् प्रतिपद्यते","कार्येषु च एक-कार्यत्वात् वज्रिणा अभ्यर्थ्यः न अस्मि हि वातः स्वयम् एव अग्नेः सारथ्यम् प्रतिपद्यते","कार्येषु चैककार्यत्वादभ्यर्थ्योऽस्मि न वज्रिणा ।#स्वयमेव हि वातोऽग्नेः सारथ्यं प्रतिपद्यते ॥"
"स्व-असि-धारा-परिहृतः दशमः मूर्धा मे चक्रस्य कामम् लभ्य-अंशः इव तेन रक्षसा स्थापितः","स्व-असि-धारा-परिहृतः कामम् चक्रस्य तेन मे स्थापितः दशमः मूर्धा लभ्य-अंशः इव रक्षसा","स्वासिधारापरिहृतः  कामं  चक्रस्य तेन मे ।#स्थापितो दशमो मूर्धा लभ्यांश इव रक्षसा ॥"
"तु स्रष्टुः वर-अतिसर्गात् मया तस्य दुरात्मनः रिपोः अति-आरूढम् भोगिनः चन्दनेन-इव सोढम्","स्रष्टुः वर-अतिसर्गात् तु मया तस्य दुरात्मनः अति-आरूढम् रिपोः सोढम् चन्दनेन-इव भोगिनः","स्रष्टुर्वरातिसर्गात्तु  मया तस्य दुरात्मनः ।#अत्यारूढं रिपोः सोढं चन्दनेनेव भोगिनः ॥"
"सः राक्षसः तपसा प्रीतं धातारम् मर्त्येषु आस्था-पराङ्मुखः (सन्) दैवात् सर्गात् अ-वध्यत्वम् ययाचे हि","धातारम् तपसा प्रीतं ययाचे सः हि राक्षसः दैवात् सर्गात् अ-वध्यत्वम् मर्त्येषु आस्था-पराङ्मुखः (सन्)","धातारं तपसा प्रीतं ययाचे स हि राक्षसः ।#दैवात्सर्गादवध्यत्वं मर्त्येष्वास्थापराङ्मुखः ॥"
"सः अहम् दाशरथिः भूत्वा रण-भूमेः बलि-क्षमम् करिष्यामि शरैः तीक्ष्णैः तत्-शिरः-कमल-उच्चयम्","सः अहम् दाशरथिः तत्-शिरः-कमल-उच्चयम् भूत्वा तीक्ष्णैः शरैः रण-भूमेः बलि-क्षमम् करिष्यामि","सोऽहं दाशरथिर्भूत्वा रणभूमेर्बलिक्षमम् ।#करिष्यामि शरैस्तीक्ष्णैस्तच्छिरःकमलोच्चयम् ॥"
"यज्वभिः कल्पितं मायाविभिः निशाचरैः अन्-आलीढम् भागं अचिरात् विधिवत् पुनः आदास्यध्वे","अचिरात् यज्वभिः भागं कल्पितं विधिवत् पुनः मायाविभिः अन्-आलीढम् आदास्यध्वे निशाचरैः","अचिराद्यज्वभिर्भागं कल्पितं विधिवत्पुनः ।#मायाविभिरनालीढमादास्यध्वे निशाचरैः ॥"
"मरुतां पथि पुण्य-कृतः वैमानिकाः मेघ-आवरण-तत्पराः पुष्पक-आलोक-संक्षोभम् त्यजन्तु","वैमानिकाः पुण्य-कृतः त्यजन्तु मरुतां पथि पुष्पक-आलोक-संक्षोभम् मेघ-आवरण-तत्पराः","वैमानिकाः पुण्यकृतस्त्यजन्तु मरुतां पथि ।#पुष्पकालोकसंक्षोभं मेघावरणतत्पराः ॥"
"शाप-यन्त्रित-पौलस्त्य-बलात्कार-कच-ग्रहैः अ-दूषितान् स्वर्ग-बन्दीनां वेणी-बन्धान् मोक्ष्यध्वे","मोक्ष्यध्वे स्वर्ग-बन्दीनां वेणी-बन्धान् अ-दूषितान् शाप-यन्त्रित-पौलस्त्य-बलात्कार-कच-ग्रहैः","मोक्ष्यध्वे स्वर्गबन्दीनां वेणीबन्धानदूषितान् ।#शापयन्त्रितपौलस्त्यबलात्कारकचग्रहैः ॥"
"सः कृष्ण-मेघः रावण-अवग्रह-क्लान्तम् मरुत्-सस्यम् इति वाक्-अमृतेन अभिवृष्य तिरोदधे","रावण-अवग्रह-क्लान्तम् इति वाक्-अमृतेन सः अभिवृष्य मरुत्-सस्यम् कृष्ण-मेघः तिरोदधे","रावणावग्रहक्लान्तमिति वागमृतेन सः ।#अभिवृष्य मरुत्सस्यं कृष्णमेघस्तिरोदधे ॥"
"पुरु-हूत-प्रभृतयः सुराः सुर-कार्य-उद्यतं विष्णुम् अंशैः द्रुमाः पुष्पैः वायुम्-इव अनुययुः","पुरु-हूत-प्रभृतयः सुर-कार्य-उद्यतं सुराः अंशैः अनुययुः विष्णुम् पुष्पैः वायुम्-इव द्रुमाः","पुरुहूतप्रभृतयः सुरकार्योद्यतं सुराः ।#अंशैरनुययुर्विष्णुं पुष्पैर्वायुमिव द्रुमाः ॥"
"अथ तस्य विशांपत्युः काम्यस्य कर्मणः अन्ते ऋत्विजाम् विस्मयेन सह अग्नेः पुरुषः प्रबभूव","अथ तस्य विशांपत्युः अन्ते काम्यस्य कर्मणः पुरुषः प्रबभूव अग्नेः विस्मयेन सह ऋत्विजाम्","अथ तस्य  विशांपत्युरन्ते काम्यस्य कर्मणः ।#पुरुषः प्रबभूवाग्नेर्विस्मयेन सहर्त्विजाम् ॥"
"आद्यस्य पुंसः अनु-प्रवेशात् तेन अपि दुर्-वहम् हेम-पात्र-गतम् पयस्-चरुम् दोर्भ्याम् आदधानः (पुरुषः) (प्रबभूव)","हेम-पात्र-गतम् दोर्भ्याम् आदधानः पयस्-चरुम् अनु-प्रवेशात् आद्यस्य पुंसः तेन अपि दुर्-वहम् (पुरुषः) (प्रबभूव)","हेमपात्रगतं दोर्भ्यामादधानः पयश्चरुम् ।#अनुप्रवेशादाद्यस्य पुंसस्तेनापि दुर्वहम् ॥"
"प्राजापत्य-उपनीतम् तत् अन्नम् प्रत्यग्रहीत् नृपः वृषा-इव पयसाम् सारम् आविष्कृतम् उदन्वता","नृपः प्राजापत्य-उपनीतम् तत् अन्नम् उदन्वता आविष्कृतम् पयसाम् सारम् वृषा-इव प्रत्यग्रहीत्","प्राजापत्योपनीतं तदन्नं प्रत्यग्रहीन्नृपः ।#वृषेव पयसां सारमाविष्कृतमुदन्वता ॥"
"अनेन कथिताः राज्ञः गुणाः तस्य अन्य-दुर्लभाः प्रसूतिम् चकमे तस्मिन् त्रैलोक्य-प्रभवः अपि यत्","तस्य राज्ञः अन्य-दुर्लभाः गुणाः अनेन कथिताः यत् त्रैलोक्य-प्रभवः अपि तस्मिन् प्रसूतिम् चकमे","अनेन कथिता राज्ञो गुणास्तस्यान्यदुर्लभाः ।#प्रसूतिं चकमे तस्मिंस्त्रैलोक्यप्रभवोऽपि यत् ॥"
"सः वैष्णवम् तेजः चरुसंज्ञितम् पत्न्योः अहः-पतिः-इव द्यावा-पृथिव्योः प्रत्यग्रम् आतपम् विभेजे","सः तेजः वैष्णवम् पत्न्योः विभेजे चरुसंज्ञितम् द्यावा-पृथिव्योः प्रत्यग्रम् अहः-पतिः-इव आतपम्","स तेजो वैष्णवं पत्न्योर्विभेजे चरुसंज्ञितम् ।#द्यावापृथिव्योः प्रत्यग्रमहर्पतिरिवातपम् ॥"
"तस्य अर्चिता कौसल्या (अस्ति); (तस्य) प्रिया केकय-वंश-जा (अस्ति); अतः सम्भाविताम् ताभ्याम् सुमित्राम् ऐच्छत् ईश्वरः","तस्य कौसल्या अर्चिता (अस्ति); केकय-वंश-जा (तस्य) प्रिया (अस्ति); अतः ईश्वरः सुमित्राम् ताभ्याम् सम्भाविताम् ऐच्छत्","अर्चिता तस्य कौसल्या प्रिया केकयवंशजा ।#अतः संभावितां ताभ्यां सुमित्रामैच्छदीश्वरः ॥"
"ते बहु-ज्ञस्य चित्त-ज्ञे पत्न्यौ पत्युः महीक्षितः चरोः अर्ध-अर्ध-भागाभ्याम् ताम् अयोजयताम् उभे","बहु-ज्ञस्य पत्युः महीक्षितः चित्त-ज्ञे ते उभे पत्न्यौ चरोः अर्ध-अर्ध-भागाभ्याम् ताम् अयोजयताम्","ते बहुज्ञस्य चित्तज्ञे पत्नौ पत्युर्महीक्षितः ।#चरोरर्धार्धभागाभ्यां तामयोजयतामुभे ॥"
"सा हि प्रणयवती आसीत् सपत्न्योः उभयोः अपि भ्रमरी-इव वारणस्य मदनि-स्यन्द-रेखयोः","हि सा उभयोः अपि सपत्न्योः भ्रमरी-इव वारणस्य मदनि-स्यन्द-रेखयोः प्रणयवती आसीत्","सा हि प्रणयवत्यासीत्सपत्न्योरुभयोरपि ।#भ्रमरी वारणस्येव मदनिस्यन्दरेखयोः ॥"
"ताभिः गर्भः प्रजा-भूत्यै दध्रे देव-अंश-सम्भवः सौरीभिः नाडीभिः-इव अमृत-आख्याभिः अप्-मयः","ताभिः प्रजा-भूत्यै देव-अंश-सम्भवः गर्भः सौरीभिः अमृत-आख्याभिः नाडीभिः-इव अप्-मयः दध्रे","ताभिर्गर्भः प्रजाभूत्यै दध्रे देवाम्शसम्भवः ।#सौरीभिरिव नाडीभिरमृताख्याभिरम्मयः ॥"
"समम् आपन्न-सत्त्वाः ताः रेजुः अपाण्डुर-त्विषः अन्तर्गत-फल-आरम्भाः सस्यानाम् सम्पदः-इव","समम् आपन्न-सत्त्वाः अपाण्डुर-त्विषः ताः अन्तर्गत-फल-आरम्भाः सस्यानाम् सम्पदः-इव रेजुः","सममापन्नसत्त्वास्ता रेजुरापाण्डुरत्विषः ।#अन्तर्गतफलारम्भाः सस्यानामिव सम्पदः ॥"
"गुप्तम् ददृशुः आत्मानम् सर्वाः स्वप्नेषु वामनैः जलज-असि-गदा-शार्ङ्ग-चक्र-लाञ्छित-मूर्तिभिः","सर्वाः स्वप्नेषु जलज-असि-गदा-शार्ङ्ग-चक्र-लाञ्छित-मूर्तिभिः वामनैः गुप्तम् आत्मानम् ददृशुः","गुप्तं ददृशुरात्मानं सर्वाः स्वप्नेषु वामनैः ।#जलजासिकदाशार्ङ्गचक्रलाञ्छितमूर्तिभिः ॥"
"च (ताः) हेम-पक्ष-प्रभा-जालम् वितन्वता वेग-आकृष्ट-पयोमुचा सुपर्णेन गगने उह्यन्ते स्म","हेम-पक्ष-प्रभा-जालम् गगने च वितन्वता उह्यन्ते स्म सुपर्णेन वेग-आकृष्ट-पयोमुचा (ताः)","हेमपक्षप्रभाजालं गगने च वितन्वता ।#उह्यन्ते स्म सुपर्णेन वेगाकृष्टपयोमुचा ॥"
"च स्तन-अन्तर-विलम्बितम् कौस्तुभ-न्यासम् बिभ्रत्या पद्म-व्यजन-हस्तया लक्ष्म्या पर्युपास्यन्त","बिभ्रत्या कौस्तुभ-न्यासम् स्तन-अन्तर-विलम्बितम् पर्युपास्यन्त लक्ष्म्या च पद्म-व्यजन-हस्तया","बिभ्रत्या कौस्तुभन्यासं स्तनान्तरविलम्बितम् ।#पर्युपास्यन्त लक्ष्म्या च पद्मव्यजनहस्तया ॥"
"दिव्यायाम् त्रिस्रोतसि कृताभिषेकैः परम् ब्रह्म गृणद्भिः सप्तभिः ब्रह्मर्षिभिः उपतस्थिरे च","कृताभिषेकैः दिव्यायाम् त्रिस्रोतसि च सप्तभिः ब्रह्मर्षिभिः परम् ब्रह्म गृणद्भिः उपतस्थिरे","कृताभिषेकैर्दिव्यायां त्रिस्रोतसि च सप्तभिः ।#ब्रह्मर्षिभिः परं ब्रह्म गृणद्भिरुपतस्थिरे ॥"
"ताभ्यः तथा-विधान् स्वप्नान् श्रुत्वा प्रीतः (सन्) पार्थिवः आत्मानम् जगद्-गुरोः गुरुत्वेन परार्ध्यम् मेने हि","ताभ्यः तथा-विधान् स्वप्नान् श्रुत्वा प्रीतः (सन्) हि पार्थिवः मेने परार्ध्यम् आत्मानम् गुरुत्वेन जगद्-गुरोः","ताभ्यस्तथाविधान्स्वप्नान् श्रुत्वा प्रीतो हि पार्थिवः ।#मेने परार्ध्यमात्मानं गुरुत्वेन जगदगुरोः ॥"
"विभक्त-आत्मा (सन्) विभुः तासाम् एकः कुक्षिषु अनेकधा उवास प्रतिमा-चन्द्रः-इव प्रसन्नानाम् अपाम्","एकः विभुः तासाम् कुक्षिषु प्रसन्नानाम् अपाम् प्रतिमा-चन्द्रः-इव विभक्त-आत्मा अनेकधा (सन्) उवास","विभक्तात्मा विभुस्तासामेकः कुक्षिष्वनेकधा ।#उवास प्रतिमाचन्द्रः प्रसन्नानामपामिव ॥"
"अथ अग्र्य-महिषी राज्ञः प्रसूति-समये सती पुत्रम् तम-अपहम् लेभे नक्तम् ज्योतिः-इव ओषधिः","अथ राज्ञः सती अग्र्य-महिषी प्रसूति-समये ओषधिः नक्तम् तम-अपहम् ज्योतिः-इव पुत्रम् लेभे","अथाग्र्यमहिषी राज्ञः प्रसूतिसमये सती ।#पुत्रं तमोपहं लेभे नक्तं ज्योतिरिवौषधिः ॥"
"अभिरामेण वपुषा चोदितः गुरुः तस्य जगत्-प्रथम-मङ्गलम् रामः इति नामधेयम् चक्रे","रामः इति अभिरामेण वपुषा तस्य चोदितः नामधेयम् गुरुः चक्रे जगत्-प्रथम-मङ्गलम्","राम इत्यभिरामेण वपुषा तस्य चोदितः ।#नामधेयं गुरुश्चक्रे जगत्प्रथममङ्गलम् ॥"
"रघु-वंश-प्रदीपेन अप्रतिम-तेजसा तेन रक्षा-गृह-गताः दीपाः प्रत्यादिष्टाः इव अभवन्","रघु-वंश-प्रदीपेन तेन अप्रतिम-तेजसा रक्षा-गृह-गताः दीपाः प्रत्यादिष्टाः इव अभवन्","रघुवंशप्रदीपेन तेनाप्रतिमतेजसा ।#रक्षागृहगता दीपाः प्रत्यादिष्टा इवाभवन् ॥"
"शात-उदरी माता शय्या-गतेन रामेण सैकत-अम्भोज-बलिना शरत्कृता जाह्नवी-इव बभौ","शय्या-गतेन रामेण माता शात-उदरी बभौ सैकत-अम्भोज-बलिना जाह्नवी-इव शरत्कृता","शय्यागतेन रामेण माता शातोदरी बभौ ।#सैकताम्भोजबलिना जाह्नवीव शरत्कृशा ॥"
"कैकेय्याः भरतः नाम शीलवान् तनयः जज्ञे यः प्रश्रयः श्रियम्-इव जनयित्रीम् अलंचक्रे","कैकेय्याः तनयः जज्ञे भरतः नाम शीलवान् जनयित्रीम् अलंचक्रे यः प्रश्रयः श्रियम्-इव","कैकेय्यास्तनयो जज्ञे भरतो नाम शीलवान् ।#जनयित्रीमलंचक्रे यः प्रश्रय इव श्रियम् ॥"
"सुतौ लक्ष्मण-शत्रुघ्नौ सुमित्रा सुषुवे यमौ सम्यक्-आराधिता विद्या-इव प्रबोध-विनयौ","सुमित्रा लक्ष्मण-शत्रुघ्नौ यमौ सुतौ सम्यक्-आराधिता विद्या-इव प्रबोध-विनयौ सुषुवे","सुतौ लक्ष्मणशत्रुघ्नौ सुमित्रा सुषुवे यमौ ।#सम्यगाराधिता विद्या प्रबोधविनयाविव ॥"
"निर्दोषम् च अभवत् सर्वम् आविष्कृत-गुणम् जगत् अन्वगात् इव हि स्वर्गः गाम् गतम् पुरुष-उत्तमम्","सर्वम् जगत् निर्दोषम् आविष्कृत-गुणम् च अभवत् हि गाम् गतम् पुरुष-उत्तमम् स्वर्गः अन्वगात् इव","निर्दोषमभवत्सर्वमाविष्कृतगुणं जगत् ।#अन्वगादिव हि स्वर्गो गां गतं पुरुषोत्तमम् ॥"
"तस्य उदये चतुः-मूर्तेः पौलस्त्य-चकित-ईश्वराः विरजस्कैः नभस्वद्भिः दिशः उच्छ्वसिताः इव (अभवन्)","चतुः-मूर्तेः तस्य उदये पौलस्त्य-चकित-ईश्वराः विरजस्कैः नभस्वद्भिः दिशः उच्छ्वसिताः इव (अभवन्)","तस्योदये चतुर्मूर्तेः पौलस्त्यचकितेश्वराः ।#विरजस्कैर्नभस्वद्भिर्दिश उच्छ्वसिता इव ॥"
"रक्षस्-विप्रकृतौ कृशानुः प्रभाकरः (च) अपधूमत्वात् प्रसन्नत्वात् (च) अपविद्-शुचौ इव आस्ताम्","कृशानुः अपधूमत्वात् प्रसन्नत्वात् (च) प्रभाकरः (च) रक्षस्-विप्रकृतौ आस्ताम् अपविद्-शुचौ इव","कृशानुरपधूमत्वात्प्रसन्नत्वात्प्रभाकरः ।#रक्षोविप्रकृतावास्तामपविद्धशुचाविव ॥"
"दशानन-किरीटेभ्यः तत्-क्षणम् राक्षस-श्रियः मणि-व्याजेन पर्यस्ताः पृथिव्याम् अश्रु-बिन्दवः","तत्-क्षणम् राक्षस-श्रियः अश्रु-बिन्दवः दशानन-किरीटेभ्यः मणि-व्याजेन पृथिव्याम् पर्यस्ताः","दशाननकिरीटेभ्यस्तत्क्षणं राक्षसश्रियः ।#मणिव्याजेन पर्यस्ताः पृथिव्यामश्रुबिन्दवः ॥"
"पुत्र-जन्म-प्रवेश्यानाम् तूर्याणाम् तस्य पुत्रिणः आरम्भम् प्रथमम् चक्रुः देव-दुन्दुभयः दिवि","पुत्रिणः तस्य पुत्र-जन्म-प्रवेश्यानाम् तूर्याणाम् आरम्भम् प्रथमम् दिवि देव-दुन्दुभयः चक्रुः","पुत्रजन्मप्रवेश्यानां तूर्याणां तस्य पुत्रिणः ।#आरम्भं प्रथमं चक्रुर्देवदुन्दुभयो दिवि ॥"
"अस्य भवने सन्तानकमयी वृष्टिः च पेतुषी; सा एव सत्-मङ्गल-उपचाराणां आदि-रचना अभवत्","सन्तानकमयी वृष्टिः भवने च अस्य पेतुषी; सत्-मङ्गल-उपचाराणां सा एव आदि-रचना अभवत्","सन्तानकमयी वृष्टिर्भवने चास्य पेतुषी ।#सन्मङ्गलोपचाराणां सैवादिरचनाऽभवत् ॥"
"कृत-संस्काराः धात्री-स्तन्य-पायिनः ते कुमाराः अग्रजेन इव पितुः आनन्देन समम् ववृधिरे","कुमाराः कृत-संस्काराः ते धात्री-स्तन्य-पायिनः आनन्देन अग्रजेन इव समम् ववृधिरे पितुः","कुमाराः कृतसंस्कारास्ते धात्रीस्तन्यपायिनः ।#आनन्देनाग्रजेनेव समं ववृधिरे पितुः ॥"
"तेषां स्वाभाविकं विनीतत्वं विनय-कर्मणा हविर्भुजां सहजं तेजः हविषा-इव मुमूर्च्छ","स्वाभाविकं विनीतत्वं तेषां विनय-कर्मणा मुमूर्च्छ सहजं तेजः हविषा-इव हविर्भुजां","स्वाभाविकं विनीतत्वं तेषां विनयकर्मणा ।#मुमूर्च्छ सहजं तेजो हविषेव हविर्भुजाम् ॥"
"परस्पर-अ-विरुद्धाः ते रघोः तत् अनघं कुलं ऋतवः देव-अरण्यं-इव अलम् उद्योतयामासुः","परस्पर-अ-विरुद्धाः ते तत् रघोः अनघं कुलं अलम् उद्योतयामासुः देव-अरण्यं-इव ऋतवः","परस्पराविरुद्धास्ते तद्रघोरनघं कुलम् ।#अलमुद्योतयामासुर्देवारण्यमिवर्तवः ॥"
"सौभ्रात्रे समाने अपि हि यथा उभौ राम-लक्ष्मणौ (द्वन्द्वं) (बभूवतुः) तथा भरत-शत्रुघ्नौ प्रीत्या द्वन्द्वं बभूवतुः","समाने अपि हि सौभ्रात्रे यथा उभौ राम-लक्ष्मणौ (द्वन्द्वं) (बभूवतुः) तथा भरत-शत्रुघ्नौ प्रीत्या द्वन्द्वं बभूवतुः","समानेऽपि हि सौभ्रात्रे यथोभौ रामलक्ष्मणौ ।#तथा भरतशत्रुघ्नौ प्रीत्या द्वन्द्वं बभूवतुः ॥"
"तेषां द्वयोः द्वयोः वायु-विभावस्वोः यथा चन्द्र-समुद्रयोः यथा ऐक्यं कदाचन न बिभिदे","तेषां द्वयोः द्वयोः ऐक्यं बिभिदे न कदाचन यथा वायु-विभावस्वोः यथा चन्द्र-समुद्रयोः","तेषां  द्वयोर्द्वयोरैक्यं बिभिदे न कदाचन ।#यथा वायुर्विभावस्वोर्यथा चन्द्रसमुद्रयोः ॥"
"प्रजानाथाः ते तेजसा प्रश्रयेण च निदाघ-अन्ते श्याम-अभ्राः दिवसाः-इव प्रजानां मनः जह्रुः","ते प्रजानाथाः प्रजानां तेजसा प्रश्रयेण च मनः जह्रुः निदाघ-अन्ते श्याम-अभ्राः दिवसाः-इव","ते प्रजानां प्रजानाथास्तेजसा प्रश्रयेण च ।#मनो जह्रुर्निदाघान्ते श्यामाभ्रा दिवसा इव ॥"
"सः चतुर्धा व्यस्तः पृथिवीपतेः प्रसवः अङ्गवान् धर्म-अर्थ-काम-मोक्षाणाम् अवतारः इव बभौ","सः चतुर्धा बभौ व्यस्तः प्रसवः पृथिवीपतेः धर्म-अर्थ-काम-मोक्षाणाम् अवतारः इव अङ्गवान्","स  चतुर्धा बभौ व्यस्तः प्रसवः पृथिवीपतेः ।#धर्मार्थकाममोक्षाणामवतार इवाङ्गवान् ॥"
"गुरु-वत्सलाः ते गुणैः गुरुम् चतुः-अन्त-ईशम् तम् एव महा-अर्णवाः रत्नैः-इव आराधयामासुः","गुणैः आराधयामासुः ते गुरुम् गुरु-वत्सलाः तम् एव चतुः-अन्त-ईशम् रत्नैः-इव महा-अर्णवाः","गुणैराराधयामासुस्ते गुरुं गुरुवत्सलाः ।#तमेव चतुरन्तेशं रत्नैरिव महार्णवाः ॥"
"भग्न-दैत्य-असि-धारैः दन्तैः सुर-गजः-इव पण-बन्ध-व्यक्त-योगैः उपायैः नयः-इव युग-दीर्घैः दोर्भिः हरिः-इव तदीयैः(विष्णोः) चतुर्भिः अंशैः तैः(कुमारैः) अवनि-पतीनाम् पतिः चकाशे","सुर-गजः-इव दन्तैः भग्न-दैत्य-असि-धारैः नयः-इव पण-बन्ध-व्यक्त-योगैः उपायैः हरिः-इव युग-दीर्घैः दोर्भिः अंशैः तदीयैः(विष्णोः) पतिः अवनि-पतीनाम् तैः(कुमारैः) चकाशे चतुर्भिः","सुरगज इव दन्तैर्भग्नदैत्यासिधारैर्नय इव पणबन्धव्यक्तयोगैरुपायैः ।#हरिरिव युगदीर्घैर्दोर्भिरंशैस्तदीयैः पतिरवनिपतीनां तैश्चकाशे चतुर्भिः ॥"
"कौशिकेन सः किल क्षिति-ईश्वरः रामम् अध्वर-विघात-शान्तये काक-पक्ष-धरम् एत्य याचितः तेजसाम् हि न वयः समीक्ष्यते","कौशिकेन एत्य सः क्षिति-ईश्वरः अध्वर-विघात-शान्तये काक-पक्ष-धरम् रामम् याचितः हि तेजसाम् वयः न समीक्ष्यते किल","कौशिकेन स किल क्षितीश्वरो राममध्वरविघातशान्तये।# काकपक्षधरमेत्य याचितस्तेजसां हि न वयः समीक्ष्यते।।"
"कृच्छ्र-लब्धम् अपि लब्ध-वर्ण-भाक् तम् दिदेश मुनये स-लक्ष्मणम् अपि असु-प्रणयिनाम् रघोः कुले न व्यहन्यत कदाचित् अर्थिता","लब्ध-वर्ण-भाक् कृच्छ्र-लब्धम् अपि स-लक्ष्मणम् तम् मुनये दिदेश असु-प्रणयिनाम् अपि अर्थिता रघोः कुले कदाचित् न व्यहन्यत","कृच्छ्रलब्धमपि लब्धवर्णभाक्तं दिदेश मुनये सलक्ष्मणम्।# अप्यसुप्रणयिनां रघोः कुले न व्यहन्यत कदाचिदर्थिता।।"
"पार्थिवः तयोः निर्गमाय यावत् पुर-मार्ग-संस्क्रियाम् आदिशति तावत् मरुत्-सखैः स-पुष्प-जल-वर्षिभिः घनैः सा आशु विदधे","यावत् पार्थिवः तयोः निर्गमाय पुर-मार्ग-संस्क्रियाम् आदिशति तावत् मरुत्-सखैः स-पुष्प-जल-वर्षिभिः घनैः सा आशु विदधे","यावदादिशति पार्थिवस्तयोर्निर्गमाय पुरमार्गसंस्क्रियाम्।#तावदाशु विदधे मरुत्सखैः सा सपुष्पजलवर्षिभिर्घनैः॥"
"तौ निदेश-करण-उद्यतौ पितुः धन्विनौ चरणयोः निपेततुः भू-पतेः अपि तयोः प्रवत्स्यतोः नम्रयोः उपरि बाष्प-बिन्दवः (निपेतुः)","निदेश-करण-उद्यतौ धन्विनौ तौ पितुः चरणयोः निपेततुः भू-पतेः अपि बाष्प-बिन्दवः प्रवत्स्यतोः नम्रयोः तयोः उपरि (निपेतुः)","तौ निदेशकरणोद्यतौ पितुर्धन्विनौ चरणयोर्निपेततुः।# भूपतेरपि तयोः प्रवत्स्यतोर्नम्रयोरुपरि बाष्पबिन्दवः॥"
"पितुः नयन-जेन वारिणा किञ्चित् उक्षित-शिखण्डकौ तौ उभौ धन्विनौ पौर-दृष्टि-कृत-मार्ग-तोरणौ तम् ऋषिम् अन्वगच्छताम्","पितुः नयन-जेन वारिणा किञ्चित् उक्षित-शिखण्डकौ पौर-दृष्टि-कृत-मार्ग-तोरणौ धन्विनौ उभौ तम् तौ ऋषिम् अन्वगच्छताम्","तौ पितुर्नयनजेन वारिणा किंचिदुक्षितशिखण्डकावुभौ।#धन्विनौ तमृषिमन्वगच्छतां पौरदृष्टिकृतमार्गतोरणौ॥"
"लक्ष्मण-अनुचरम् एव राघवम् नेतुम् ऐच्छत् ऋषिः इति असौ नृपः आशिषम् प्रयुयुजे न वाहिनीम् सा हि रक्षण-विधौ तयोः क्षमा (प्रयुयुजे) (आस)","ऋषिः लक्ष्मण-अनुचरम् एव राघवम् नेतुम् ऐच्छत् इति असौ नृपः आशिषम् प्रयुयुजे वाहिनीम् न (प्रयुयुजे) हि सा तयोः रक्षण-विधौ क्षमा (आस)","लक्ष्मणानुचरमेव राघवं नेतुमैच्छदृषिरित्यसौ नृपः।# आशिषं प्रयुयुजे न वाहिनीं सा हि रक्षणविधौ तयोः क्षमा।।"
"मातृ-वर्ग-चरण-स्पृशौ महा-ओजसः मुनेः तौ पदवीम् प्रपद्य गति-वशात् प्रवर्तिनौ भास्करस्य मधु-माधवौ-इव रेजतुः","मातृ-वर्ग-चरण-स्पृशौ तौ मुनेः पदवीम् प्रपद्य महा-ओजसः भास्करस्य गति-वशात् प्रवर्तिनौ मधु-माधवौ-इव रेजतुः","मातृवर्गचरणस्पृशौ मुनेस्तौ प्रपद्य पदवीं महौजसः।#रेजतुर्गतिवशात्प्रवर्तिनौ भास्करस्य मधुमाधवाविव॥"
"वीचि-लोल-भुजयोः तयोः गतम् शैशवात् चपलम् अपि अशोभत तोय-द-आगमे इव उद्ध्य-भिद्ययोः नामधेय-सदृशम् विचेष्टितम्","वीचि-लोल-भुजयोः तयोः तोय-द-आगमे उद्ध्य-भिद्ययोः नामधेय-सदृशम् विचेष्टितम् इव चपलम् अपि गतम् शैशवात् अशोभत","वीचिलोलभुजयोस्तयोर्गतं शैशवाच्चपलमप्यशोभत।# तोयदागम इवोद्ध्यभिद्ययोर्नामधेयसदृशं विचेष्टितम्।।"
"मणि-कुट्टिमा-उचितौ तौ मुनि-प्रदिष्टयोः बल-अतिबलयोः विद्ययोः प्रभावतः मातृ-पार्श्व-परिवर्तिनौ-इव पथि न मम्लतुः","मणि-कुट्टिमा-उचितौ तौ मुनि-प्रदिष्टयोः बल-अतिबलयोः विद्ययोः प्रभावतः मातृ-पार्श्व-परिवर्तिनौ-इव पथि न मम्लतुः","तौ बलातिबलयोः प्रभावतो विद्ययोः पथि मुनिप्रदिष्टयोः।#मम्लतुर्न मणिकुट्टिमोचितौ मातृपार्श्वपरिवर्तिनाविव॥"
"वाहन-उचितः स-अनुजः राघवः पुरा-विदः पितृ-सखस्य पूर्व-वृत्त-कथितैः उह्यमानः-इव पाद-चारम् अपि न व्यभावयत्","वाहन-उचितः स-अनुजः राघवः पुरा-विदः पितृ-सखस्य पूर्व-वृत्त-कथितैः उह्यमानः-इव पाद-चारम् अपि न व्यभावयत्","पूर्ववृत्तकथितैः पुराविदः सानुजः पितृसखस्य राघवः।#उह्यमान इव वाहनोचितः पादचारमपि न व्यभावयत्॥"
"तौ सरांसि रसवद्भिः अम्बुभिः कूजितैः श्रुति-सुखैः पतत्रिणः वायवः सुरभि-पुष्प-रेणुभिः छायया च जल-दाः सिषेविरे (सिषेविरे) (सिषेविरे) (सिषेविरे)","तौ सरांसि रसवद्भिः अम्बुभिः सिषेविरे पतत्रिणः श्रुति-सुखैः कूजितैः (सिषेविरे) वायवः सुरभि-पुष्प-रेणुभिः (सिषेविरे) जल-दाः छायया च (सिषेविरे)","तौ सरांसि रसवद्भिरम्बुभिः कूजितैः श्रुतिसुखैः पतत्रिणः।# वायवः सुरभिपुष्परेणुभिश्छायया च जलदाः सिषेविरे।।"
"तपस्विनः तयोः उभयोः लघुना दर्शनेन यथा प्रीतिम् आपुः तथा न कमल-शोभिनां अम्भसां परिश्रम-च्छिदाम् शाखिनाम् (दर्शनेन) च (प्रीतिम्) न (आपुः)","यथा तयोः उभयोः लघुना दर्शनेन तपस्विनः प्रीतिम् आपुः तथा न परिश्रम-च्छिदाम् शाखिनाम् कमल-शोभिनां अम्भसां च (दर्शनेन) (प्रीतिम्) न (आपुः)","नाम्भसां कमलशोभिनां तथा शाखिनां च न परिश्रमच्छिदाम्।#दर्शनेन लघुना यथा तयोः प्रीतिमापुरुभयोस्तपस्विनः॥"
"स्थाणु-दग्ध-वपुषः तपः-वनम् प्राप्य दाशरथिः आत्त-कार्मुकः विग्रहेण मदनस्य चारुणा सः अभवत् प्रतिनिधिः न कर्मणा (अभवत्)","सः आत्त-कार्मुकः दाशरथिः स्थाणु-दग्ध-वपुषः मदनस्य तपः-वनम् प्राप्य चारुणा विग्रहेण प्रतिनिधिः अभवत् कर्मणा न (अभवत्)","स्थाणुदग्धवपुषस्तपोवनं प्राप्य दाशरथिरात्तकार्मुकः।# विग्रहेण मदनस्य चारुणा सोऽभवत्प्रतिनिधिर्न कर्मणा।।"
"कौशिकात् विदित-शापया सुकेतु-सुतया खिलीकृते पथि तौ स्थल-निवेशित-अटनी लीलया एव धनुषी अधिज्यताम् निन्यतुः","कौशिकात् विदित-शापया सुकेतु-सुतया खिलीकृते पथि तौ स्थल-निवेशित-अटनी लीलया धनुषी एव अधिज्यताम् निन्यतुः","तौ सुकेतुसुतया खिलीकृते कौशिकाद्विदितशापया पथि।#निन्यतुः स्थलनिवेशिताटनी लीलयैव धनुषी अधिज्यताम्॥"
"अथ तयोः ज्या-निनादम् गृह्णती बहुल-क्षपा-छविः ताडका चल-कपाल-कुण्डला निबिडा बलाकिनी कालिका-इव प्रादुरास","अथ तयोः ज्या-निनादम् गृह्णती बहुल-क्षपा-छविः चल-कपाल-कुण्डला ताडका बलाकिनी निबिडा कालिका-इव प्रादुरास","ज्यानिनादमथ गृह्णती तयोः प्रादुरास बहुलक्षपाछविः।#ताडका चलकपालकुण्डला कालिकेव निबिडा बलाकिनी॥"
"तीव्र-वेग-धुत-मार्ग-वृक्षया प्रेत-चीवर-वसा स्वन-उग्रया तया पितृ-कानन-उत्थया वात्यया-इव भरत-अग्रजः अभ्यभावि","तीव्र-वेग-धुत-मार्ग-वृक्षया प्रेत-चीवर-वसा स्वन-उग्रया तया पितृ-कानन-उत्थया वात्यया-इव भरत-अग्रजः अभ्यभावि","तीव्रवेगधुतमार्गवृक्षया प्रेतचीवरवसा स्वनोग्रया।#अभ्यभावि भरताग्रजस्तया वात्ययेव पितृकाननोत्थया॥"
"उद्यत-एक-भुज-यष्टिम् आयतीम् श्रोणि-लम्बि-पुरुष-अन्त्र-मेखलाम् ताम् विलोक्य वनिता-वधे घृणाम् पत्रिणा सह मुमोच राघवः","उद्यत-एक-भुज-यष्टिम् आयतीम् श्रोणि-लम्बि-पुरुष-अन्त्र-मेखलाम् ताम् विलोक्य राघवः वनिता-वधे घृणाम् पत्रिणा सह मुमोच","उद्यतैकभुजयष्टिमायतीं श्रोणिलम्बिपुरुषान्त्रमेखलाम्।#तां विलोक्य वनितावधे घृणां पत्रिणा सह मुमोच राघवः॥"
"सः राम-सायकः शिला-घने ताडका-उरसि यत् विवरं चकार तत् रक्षसां अ-प्रविष्ट-विषयस्य अन्तकस्य द्वारताम् अगमत्","सः राम-सायकः शिला-घने ताडका-उरसि यत् विवरं चकार तत् रक्षसां अ-प्रविष्ट-विषयस्य अन्तकस्य द्वारताम् अगमत्","यच्चकार विवरं शिलाघने ताडकोरसि स रामसायकः।#अप्रविष्टविषयस्य रक्षसां द्वारतामगमदन्तकस्य तत्॥"
"बाण-भिन्न-हृदया निपेतुषी सा केवलाम् स्व-कानन-भुवं न व्यकम्पयत् विष्टप-त्रय-पराजय-स्थिरां रावण-श्रियम् अपि (व्यकम्पयत्)","बाण-भिन्न-हृदया निपेतुषी सा न केवलाम् स्व-कानन-भुवं व्यकम्पयत् विष्टप-त्रय-पराजय-स्थिरां रावण-श्रियम् अपि (व्यकम्पयत्)","बाणभिन्नहृदया निपेतुषी सा स्वकाननभुवं न केवलाम्।#विष्टपत्रयपराजयस्थिरां रावणश्रियमपि व्यकम्पयत्॥"
"सा निशाचरी दुः-सहेन राम-मन्मथ-शरेण हृदये ताडिता गन्धवत्-रुधिर-चन्दन-उक्षिता जीवित-ईश-वसतिं जगाम","दुः-सहेन राम-मन्मथ-शरेण हृदये ताडिता गन्धवत्-रुधिर-चन्दन-उक्षिता सा निशाचरी जीवित-ईश-वसतिं जगाम","राममन्मथशरेण ताडिता दुःसहेन हृदये निशाचरी।#गन्धवद्रुधिरचन्दनोक्षिता जीवितेशवसतिं जगाम सा॥"
"नैर्ऋत-घ्नम् अथ मन्त्रवत् मुनेः प्रापत् अस्त्रम् अवदान-तोषितात् ज्योतिः इन्धन-निपाति भास्करात् सूर्य-कान्तः-इव ताडक-अन्तकः","अथ अवदान-तोषितात् मुनेः नैर्ऋत-घ्नम् मन्त्रवत् अस्त्रम् ताडक-अन्तकः भास्करात् इन्धन-निपाति ज्योतिः सूर्य-कान्तः-इव प्रापत्","नैर्ऋतघ्नमथ मन्त्रवन्मुनेः प्रापदस्त्रमवदानतोषितात्।# ज्योतिरिन्धननिपाति भास्करात्सूर्यकान्त इव ताडकान्तकः॥"
"वामन-आश्रम-पदम् ततः परम् पावनम् श्रुतम् ऋषेः उपेयिवान् उन्मनाः प्रथम-जन्म-चेष्टितानि अ-स्मरन् अपि बभूव राघवः","ततः परम् ऋषेः श्रुतम् पावनम् वामन-आश्रम-पदम् उपेयिवान् राघवः प्रथम-जन्म-चेष्टितानि अ-स्मरन् अपि उन्मनाः बभूव","वामनाश्रमपदं ततः परं पावनं श्रुतमृषेरुपेयिवान्।# उन्मनाः प्रथमजन्मचेष्टितान्यस्मरन्नपि बभूव राघवः।।"
"ततः मुनिः शिष्य-वर्ग-परिकल्पित-अर्हणम् बद्ध-पल्लव-पुट-अञ्जलि-द्रुमं दर्शन-उन्मुख-मृगम् आत्मनः तपः-वनम् आससाद","ततः मुनिः शिष्य-वर्ग-परिकल्पित-अर्हणम् बद्ध-पल्लव-पुट-अञ्जलि-द्रुमं दर्शन-उन्मुख-मृगम् आत्मनः तपः-वनम् आससाद","आससाद मुनिरात्मनस्ततः शिष्यवर्गपरिकल्पितार्हणम्।#बद्धपल्लवपुटाञ्जलिद्रुमं दर्शनोन्मुखमृगं तपोवनम्॥"
"तत्र दीक्षितम् ऋषिम् ररक्षतुः विघ्नतः दशरथ-आत्मजौ शरैः लोकम् अन्ध-तमसात् क्रम-उदितौ रश्मिभिः शशि-दिवा-करौ-इव","तत्र दशरथ-आत्मजौ दीक्षितम् ऋषिम् शरैः विघ्नतः क्रम-उदितौ शशि-दिवा-करौ-इव रश्मिभिः अन्ध-तमसात् लोकम् ररक्षतुः","तत्र दीक्षितमृषिं ररक्षतुर्विघ्नतो दशरथात्मजौ शरैः।# लोकमन्धतमसात्क्रमोदितौ रश्मिभिः शशिदिवाकराविव।।"
"वीक्ष्य वेदिम् अथ रक्त-बिन्दुभिः बन्धु-जीव-पृथुभिः प्रदूषिताम् सम्भ्रमः अभवत् अपोढ-कर्मणाम् ऋत्विजाम् च्युत-विकङ्कत-स्रुचाम्","अथ बन्धु-जीव-पृथुभिः रक्त-बिन्दुभिः प्रदूषिताम् वेदिम् वीक्ष्य अपोढ-कर्मणाम् च्युत-विकङ्कत-स्रुचाम् ऋत्विजाम् सम्भ्रमः अभवत्","वीक्ष्य वेदिमथ रक्तबिन्दुभिर्बन्धुजीवपृथुभिः प्रदूषिताम्।#संभ्रमोऽभवदपोढकर्मणामृत्विजां च्युतविकङ्कतस्रुचाम्॥"
"सपदि लक्षमण-अग्रजः बाणम् आश्रय-मुखात् समुद्धरन् उन्मुखः अम्बरे गृध्र-पक्ष-पवन-ईरित-ध्वजम् रक्षसां बलम् अपश्यत्","उन्मुखः लक्षमण-अग्रजः सपदि बाणम् आश्रय-मुखात् समुद्धरन् अम्बरे गृध्र-पक्ष-पवन-ईरित-ध्वजम् रक्षसां बलम् अपश्यत्","उन्मुखः सपदि लक्ष्मणाग्रजो बाणमाश्रयमुखात्समुद्धरन्।#रक्षसां बलमपश्यदम्बरे गृध्रपक्षपवनेरितध्वजम्॥"
"तत्र यौ अधिपती मख-द्विषाम् तौ शरव्यम् अकरोत् सः न इतरान् किम् महा-उर-ग-विसर्पि-विक्रमः राजिलेषु गरुडः प्रवर्तते (आस्ताम्) (अकरोत्)","तत्र यौ मख-द्विषाम् अधिपती (आस्ताम्) सः तौ शरव्यम् अकरोत् इतरान् न (अकरोत्) महा-उर-ग-विसर्पि-विक्रमः गरुडः राजिलेषु प्रवर्तते किम्","तत्र यावधिपती मखद्विषां तौ शरव्यमकरोत्स नेतरान्।# किं महोरगविसर्पिविक्रमो राजिलेषु गरुडः प्रवर्तते।।"
"सः अस्त्रम् उग्र-जवम् अस्त्र-कोविदः सन्दधे धनुषि वायु-दैवतम् तेन शैल-गुरुम् अपि अपातयत् पाण्डु-पत्रम् इव ताडका-सुतम्","अस्त्र-कोविदः सः उग्र-जवम् वायु-दैवतम् अस्त्रम् धनुषि सन्दधे तेन शैल-गुरुम् अपि ताडका-सुतम् पाण्डु-पत्रम् इव अपातयत्","सोऽस्त्रमुग्रजवमस्त्रकोविदः संदधे धनुषि वायुदैवतम्।# तेन शैलगुरुमप्यपातयत्पाण्डुपत्रमिव ताडकासुतम्।।"
"यः सुबाहुः इति राक्षसः अपरः तत्र तत्र विससर्प मायया तम् क्षुरप्र-शकलीकृतम् कृती पत्रिणाम् व्यभजत् आश्रमात् बहिः (कृते)","सुबाहुः इति यः अपरः राक्षसः तत्र तत्र मायया विससर्प क्षुरप्र-शकलीकृतम् तम् कृती आश्रमात् बहिः पत्रिणाम् (कृते) व्यभजत्","यः सुबाहुरिति राक्षसोऽपरस्तत्र तत्र विससर्प मायया।# तं क्षुरप्रशकलीकृतं कृती पत्रिणां व्यभजदाश्रमाद्बहिः।।"
"ऋत्विजः इति अपास्त-मख-विघ्नयोः तयोः सांयुगीनम् विक्रमम् अभिनन्द्य वाक्-यतस्य कुल-पतेः क्रियाः यथा-क्रमम् निरवर्तयन्","इति अपास्त-मख-विघ्नयोः तयोः सांयुगीनम् विक्रमम् अभिनन्द्य ऋत्विजः वाक्-यतस्य कुल-पतेः क्रियाः यथा-क्रमम् निरवर्तयन्","इत्यपास्तमखविघ्नयोस्तयोः सांयुगीनमभिनन्द्य विक्रमम्।#ऋत्विजः कुलपतेर्यथाक्रमं वाग्यतस्य निरवर्तयन् क्रियाः॥"
"तौ प्रणाम-चल-काकपक्षकौ भ्रातरौ अवभृथ-आप्लुतः मुनिः आशिषाम् अनु-पदम् समस्पृशत् दर्भ-पाटित-तलेन पाणिना","अवभृथ-आप्लुतः मुनिः प्रणाम-चल-काकपक्षकौ तौ भ्रातरौ आशिषाम् अनु-पदम् दर्भ-पाटित-तलेन पाणिना समस्पृशत्","तौ प्रणामचलकाकपक्षकौ भ्रातराववभृथाप्लुतो मुनिः।# आशिषामनुपदं समस्पृशद्दर्भपाटिततलेन पाणिना॥"
"तम् न्यमन्त्रयत सम्भृत-क्रतुः मैथिलः सः मिथिलाम् व्रजन् वशीः राघवौ अपि निनाय बिभ्रतौ तत्-धनुः-श्रवण-जम् कुतूहलम्","सम्भृत-क्रतुः मैथिलः तम् न्यमन्त्रयत वशीः सः मिथिलाम् व्रजन् तत्-धनुः-श्रवण-जम् कुतूहलम् बिभ्रतौ राघवौ अपि निनाय","तं न्यमन्त्रयत संभृतक्रतुर्मैथिलः स मिथिलां व्रजन्वशी।# राघवावपि निनाय बिभ्रतौ तद्धनुःश्रवणजं कुतूहलम्।।"
"तैः शिवेषु वसतिः गत-अध्वभिः सायम् आश्रम-तरुषु अगृह्यत येषु दीर्घ-तपसः परिग्रहः वासव-क्षण-कलत्रताम् ययौ","गत-अध्वभिः तैः सायम् शिवेषु आश्रम-तरुषु वसतिः अगृह्यत येषु दीर्घ-तपसः परिग्रहः वासव-क्षण-कलत्रताम् ययौ","तैः शिवेषु वसतिर्गताध्वभिः सायमाश्रमतरुष्वगृह्यत।# येषु दीर्घतपसः परिग्रहो वासवक्षणकलत्रतां ययौ।।"
"शिलामयी गौतम-वधूः चारु स्वं वपुः चिराय पुनः प्रत्यपद्यत यत् सः किल्बिष-छिदां राम-पाद-रजसाम् अनुग्रहः (आसीत्) किल","शिलामयी गौतम-वधूः चारु यत् स्वं वपुः चिराय पुनः प्रत्यपद्यत सः किल्बिष-छिदां राम-पाद-रजसाम् अनुग्रहः (आसीत्) किल","प्रत्यपद्यत चिराय यत्पुनश्चारु गौतमवधूः शिलामयी।#स्वं वपुः स किल किल्बिषच्छिदां रामपादरजसामनुग्रहः॥"
"राघव-अन्वितम् उपस्थितम् मुनिम् तम् निशम्य जनकः जन-ईश्वरः अर्थ-काम-सहितम् सपर्यया देह-बद्धम् इव धर्मम् अभ्यगात्","जन-ईश्वरः जनकः राघव-अन्वितम् उपस्थितम् तम् मुनिम् निशम्य अर्थ-काम-सहितम् देह-बद्धम् धर्मम् इव सपर्यया अभ्यगात्","राघवान्वितमुपस्थितं मुनिं तं निशम्य जनको जनेश्वरः।# अर्थकामसहितं सपर्यया देहबद्धमिव धर्ममभ्यगात्॥"
"तौ विदेह-नगरी-निवासिनाम् गाम् गतौ दिवः पुनर्वसू-इव मन्यते स्म पिबताम् विलोचनैः पक्ष्म-पातम् अपि वञ्चनाम् मनः","दिवः गाम् गतौ पुनर्वसू-इव तौ विलोचनैः पिबताम् विदेह-नगरी-निवासिनाम् मनः पक्ष्म-पातम् अपि वञ्चनाम् मन्यते स्म","तौ विदेहनगरीनिवासिनां गां गताविव दिवः पुनर्वसू।#मन्यते स्म पिबतां विलोचनैः पक्ष्मपातमपि वञ्चनां मनः॥"
"यूपवति क्रिया-विधौ अवसिते काल-विद् कुशिक-वंश-वर्धनः सः रामम् इषु-असन-दर्शन-उत्सुकम् मैथिलाय कथयांबभूव","यूपवति अवसिते क्रिया-विधौ काल-विद् कुशिक-वंश-वर्धनः सः इषु-असन-दर्शन-उत्सुकम् रामम् मैथिलाय कथयांबभूव","यूपवत्यवसिते क्रियाविधौ कालवित्कुशिकवंशवर्धनः।#राममिष्वसनदर्शनोत्सुकं मैथिलाय कथयांबभूव सः॥"
"पार्थिवः प्रथित-वंश-जन्मनः तस्य शिशोः ललितं वपुः वीक्ष्य स्वं दुर्-आनमम् धनुः च विचिन्त्य दृहितृ-शुल्क-संस्थया पीडितः (बभूव)","पार्थिवः तस्य प्रथित-वंश-जन्मनः शिशोः ललितं वपुः वीक्ष्य स्वं धनुः दुर्-आनमम् विचिन्त्य च दृहितृ-शुल्क-संस्थया पीडितः (बभूव)","तस्य वीक्ष्य ललितं वपुः शिशोः पार्थिवः प्रथितवंशजन्मनः।#स्वं विचिन्त्य च धनुर्दुरानमं पीडितो दुहितृशुल्कसंस्थया॥"
"अब्रवीत् च भगवन् मतङ्ग-जैः यत् बृहद्भिः अपि कर्म दुष्करम् तत्र न अहम् अनुमन्तुम् उत्सहे मोघ-वृत्ति कलभस्य चेष्टितम् (इति) (जनकः) (मुनिम्) (अस्ति) (तत्)","भगवन् बृहद्भिः मतङ्ग-जैः अपि दुष्करम् कर्म यत् (अस्ति) कलभस्य मोघ-वृत्ति चेष्टितम् (तत्) तत्र अनुमन्तुम् अहम् न उत्सहे (इति) (जनकः) (मुनिम्) अब्रवीत् च","अब्रवीच्च भगवन्मतङ्गजैर्यद्बृहद्भिरपि कर्म दुष्करम्।# तत्र नाहमनुमन्तुमुत्सहे मोघवृत्ति कलभस्य चेष्टितम्।।"
"ह्रेपिताः हि बहवः नर-ईश्वराः तेन तात धनुषा धनुः-भृतः ज्या-निघात-कठिन-त्वचः भुजान् स्वान् विधूय धिक् इति प्रतस्थिरे","तात तेन धनुषा बहवः धनुः-भृतः नर-ईश्वराः ह्रेपिताः हि ज्या-निघात-कठिन-त्वचः स्वान् भुजान् धिक् इति विधूय प्रतस्थिरे","ह्रेपिता हि बहवो नरेश्वरास्तेन तात धनुषा धनुर्भृतः।# ज्यानिघातकठिनत्वचो भुजान्स्वान्विधूय धिगिति प्रतस्थिरे।।"
"प्रति उवाच तम् ऋषिः निशम्यताम् सारतः(बलेन​) अयम् अथवा गिरा कृतम्(अलम्) चापे एव भवतः भविष्यति व्यक्त-शक्तिः अशनिः गिरौ-इव","ऋषिः तम् प्रति उवाच अयम् सारतः(बलेन​) निशम्यताम् अथवा गिरा कृतम्(अलम्) अशनिः गिरौ-इव चापे एव भवतः व्यक्त-शक्तिः भविष्यति","प्रत्युवाच तमृषिर्निशम्यतां सारतोऽयमथवा गिरा कृतम्।# चाप एव भवतो भविष्यति व्यक्तशक्तिरशनिर्गिराविव॥"
"एवम् आप्त-वचनात् सः काकपक्षक-धरे अपि राघवे पौरुषं त्रि-दश-गोप-मात्रके कृष्ण-वर्त्मनि दाह-शक्तिम्-इव श्रद्दधे","एवम् आप्त-वचनात् सः काकपक्षक-धरे अपि राघवे त्रि-दश-गोप-मात्रके कृष्ण-वर्त्मनि दाह-शक्तिम्-इव पौरुषं श्रद्दधे","एवमाप्तवचनात्स पौरुषं काकपक्षकधरेऽपि राघवे।#श्रद्दधे त्रिदशगोपमात्रके दाहशक्तिमिव कृष्णवर्त्मनि॥"
"व्यादिदेश गणशः अथ पार्श्व-गान् कार्मुक-अभिहरणाय मैथिलः तैजसस्य धनुषः प्रवृत्तये तोय-दान्-इव सहस्र-लोचनः","अथ मैथिलः पार्श्व-गान् कार्मुक-अभिहरणाय सहस्र-लोचनः तैजसस्य धनुषः प्रवृत्तये गणशः तोय-दान्-इव व्यादिदेश","व्यादिदेश गणशोऽथ पार्श्वगान्कार्मुकाभिहरणाय मैथिलः।# तैजसस्य धनुषः प्रवृत्तये तोयदानिव सहस्रलोचनः।।"
"तत् प्रसुप्त-भुज-ग-इन्द्र-भीषणम् वीक्ष्य दाशरथिः आददे धनुः विद्रुत-क्रतु-मृग-अनुसारिणम् येन बाणम् असृजत् वृष-ध्वजः","दाशरथिः प्रसुप्त-भुज-ग-इन्द्र-भीषणम् तत् धनुः वीक्ष्य आददे येन वृष-ध्वजः विद्रुत-क्रतु-मृग-अनुसारिणम् बाणम् असृजत्","तत्प्रसुप्तभुजगेन्द्रभीषणं वीक्ष्य दाशरथिराददे धनुः।# विद्रुतक्रतुमृगानुसारिणं येन बाणमसृजद्वृषध्वजः।।"
"सः संसदा विस्मय-स्तिमित-नेत्रम् ईक्षितः शैल-सारम् अपि स्मरः पेशलं पुष्प-चापम्-इव न-अतियत्नतः आतत-ज्यम् अकरोत्","संसदा विस्मय-स्तिमित-नेत्रम् ईक्षितः सः शैल-सारम् अपि आतत-ज्यम् स्मरः पेशलं पुष्प-चापम्-इव न-अतियत्नतः अकरोत्","आततज्यमकरोत्स संसदा विस्मयस्तिमितनेत्रमीक्षितः।#शैलसारमपि नातियत्नतः पुष्पचापमिव पेशलं स्मरः॥"
"तेन अति-मात्र-कर्षणात् भज्यमानम् वज्र-परुष-स्वनं धनुः दृढ-मन्यवे भार्गवाय क्षत्रम् पुनः उद्यतम् न्यवेदयत् इव","तेन अति-मात्र-कर्षणात् भज्यमानम् वज्र-परुष-स्वनं धनुः दृढ-मन्यवे भार्गवाय क्षत्रम् पुनः उद्यतम् इव न्यवेदयत्","भज्यमानमतिमात्रकर्षणात्तेन वज्रपरुषस्वनं धनुः।#भार्गवाय दृढमन्यवे पुनः क्षत्रमुद्यतमिव न्यवेदयत्॥"
"अथ मैथिलः रुद्र-कार्मुके दृष्ट-सारम् वीर्य-शुल्कम् अभिनन्द्य राघवाय अ-योनि-जाम् तनयाम् रूपिणीं श्रियम् इव न्यवेदयत्","अथ मैथिलः रुद्र-कार्मुके दृष्ट-सारम् वीर्य-शुल्कम् अभिनन्द्य राघवाय अ-योनि-जाम् तनयाम् रूपिणीं श्रियम् इव न्यवेदयत्","दृष्टसारमथ रुद्रकार्मुके वीर्यशुल्कमभिनन्द्य मैथिलः।#राघवाय तनयामयोनिजां रूपिणीं श्रियमिव न्यवेदयत्॥"
"सत्य-सङ्गरः मैथिलः राघवाय अ-योनि-जाम् तनयाम् द्युतिमतः तपः-निधेः सन्निधौ अग्नि-साक्षिकः इव सपदि अतिसृष्टवान्","सत्य-सङ्गरः मैथिलः अ-योनि-जाम् तनयाम् राघवाय द्युतिमतः तपः-निधेः सन्निधौ सपदि अग्नि-साक्षिकः इव अतिसृष्टवान्","मैथिलः सपदि सत्यसङ्गरो राघवाय तनयामयोनिजाम्।#संनिधौ द्युतिमतस्तपोनिधेरग्निसाक्षिक इवातिसृष्टवान्॥"
"प्राहिणोत् च महितम् महा-द्युतिः कोसल-अधिपतये पुरः-धसम् भृत्यभावि दुहितुः परिग्रहात् दिश्यताम् कुलम् इदम् निमेः इति","महा-द्युतिः महितम् पुरः-धसम् कोसल-अधिपतये इदम् निमेः कुलम् दुहितुः परिग्रहात् भृत्यभावि दिश्यताम् इति प्राहिणोत् च","प्राहिणोच्च महितं महाद्युतिः कोसलाधिपतये पुरोधसम्।# भृत्यभावि दुहितुः परिग्रहाद्दिश्यतां कुलमिदं निमेरिति।।"
"अन्वियेष सदृशीम् सः च स्नुषाम् प्राप च एनम् अनुकूल-वाक् द्विजः सद्यः एव सुकृताम् हि पच्यते कल्प-वृक्ष-फल-धर्मि काङ्क्षितम्","सः च सदृशीम् स्नुषाम् अन्वियेष अनुकूल-वाक् द्विजः च एनम् प्राप हि कल्प-वृक्ष-फल-धर्मि सुकृताम् काङ्क्षितम् सद्यः एव पच्यते","अन्वियेष सदृशीं स च स्नुषां प्राप चैनमनुकूलवाग्द्विजः।# सद्य एव सुकृतां हि पच्यते कल्पवृक्षफलधर्मि काङ्क्षितम्।।"
"तस्य कल्पित-पुरस्क्रिया-विधेः शुश्रुवान् वचनम् अग्र-जन्मनः उच्चचाल बलभित्-सखः वशी सैन्य-रेणु-मुषित-अर्क-दीधितिः (सन्)","बलभित्-सखः वशी कल्पित-पुरस्क्रिया-विधेः तस्य अग्र-जन्मनः वचनम् शुश्रुवान् सैन्य-रेणु-मुषित-अर्क-दीधितिः (सन्) उच्चचाल","तस्य कल्पितपुरस्क्रियाविधेः शुश्रुवान्वचनमग्रजन्मनः।# उच्चचाल बलभित्सखो वशी सैन्यरेणुमुषितार्कदीधितिः।।"
"आससाद मिथिलाम् सः वेष्टयन् पीडित-उपवन-पादपाम् बलैः प्रीति-रोधम् असहिष्ट सा पुरी स्त्री-इव कान्त-परिभोगम् आयतम्","सः बलैः पीडित-उपवन-पादपाम् मिथिलाम् वेष्टयन् आससाद सा पुरी स्त्री-आयतम् कान्त-परिभोगम् इव प्रीति-रोधम् असहिष्ट","आससाद मिथिलां स वेष्टयन्पीडितोपवनपादपां बलैः।# प्रीतिरोधमसहिष्ट सा पुरी स्त्रीव कान्तपरिभोगमायतम्।।"
"तौ समेत्य समये स्थितौ उभौ भूपती वरुण-वासव-उपमौ कन्यका-तनय-कौतुक-क्रियाम् स्व-प्रभाव-सदृशीम् वितेनतुः","समये स्थितौ वरुण-वासव-उपमौ तौ उभौ भूपती समेत्य स्व-प्रभाव-सदृशीम् कन्यका-तनय-कौतुक-क्रियाम् वितेनतुः","तौ समेत्य समये स्थितावुभौ भूपती वरुणवासवोपमौ।#कन्यकातनयकौतुकक्रियां स्वप्रभावसदृशीं वितेनतुः॥"
"पार्थिवीम् उदवहत् रघु-उद्वहः लक्ष्मणः तत्-अनुजाम् अथ ऊर्मिलाम् यौ तयोः अवर-जौ वर-ओजसौ तौ कुशध्वज-सुते सुमध्यमे (उदवहत्) (उदवहताम्) (आस्ताम्)","रघु-उद्वहः पार्थिवीम् उदवहत् अथ लक्ष्मणः तत्-अनुजाम् ऊर्मिलाम् (उदवहत्) यौ वर-ओजसौ (आस्ताम्) तयोः अवर-जौ तौ सुमध्यमे कुशध्वज-सुते (उदवहताम्)","पार्थिवीमुदवहद्रघूद्वहो लक्ष्मणस्तदनुजामथोर्मिलाम्।# यौ तयोरवरजौ वरौजसौ तौ कुशध्वजसुते सुमध्यमे।।"
"ते चतुर्थ-सहिताः त्रयः सूनवः नव-वधू-परिग्रहाः सिद्धिमन्तः तस्य भूपतेः साम-दान-विधि-भेद-निग्रहाः इव बभुः","ते चतुर्थ-सहिताः त्रयः बभुः सूनवः नव-वधू-परिग्रहाः साम-दान-विधि-भेद-निग्रहाः सिद्धिमन्तः इव तस्य भूपतेः","ते चतुर्थसहितास्त्रयो बभुः सूनवो नववधूपरिग्रहाः।#सामदानविधिभेदनिग्रहाः सिद्धिमन्त इव तस्य भूपतेः॥"
"ताः नर-अधिप-सुताः नृ-प-आत्म-जैः ते च ताभिः अगमन् कृतार्थताम्; सः अभवत् वर-वधू-समागमः प्रत्यय-प्रकृति-योग-सन्निभः","ताः नर-अधिप-सुताः नृ-प-आत्म-जैः ते च ताभिः कृतार्थताम् अगमन्; सः वर-वधू-समागमः प्रत्यय-प्रकृति-योग-सन्निभः अभवत्","ता नराधिपसुता नृपात्मजैस्ते च ताभिरगमन्कृतार्थताम्।#सोऽभवद्वरवधूसमागमः प्रत्ययप्रकृतियोगसन्निभः।। "
"एवम् आत्त-रतिः सः दशरथः तत्र चतुरः अपि तान् आत्म-संभवान् निवेश्य त्रिषु अध्वसु (सत्सु) विसृष्ट-मैथिलः स्वां पुरीं न्यवर्तत (सन्)","एवम् आत्त-रतिः सः दशरथः तान् चतुरः अपि आत्म-संभवान् तत्र निवेश्य त्रिषु अध्वसु (सत्सु) विसृष्ट-मैथिलः (सन्) स्वां पुरीं न्यवर्तत","एवमात्तरतिरात्मसंभवांस्तान्निवेश्य चतुरोऽपि तत्र सः।#अध्वसु त्रिषु विसृष्टमैथिलः स्वां पुरीं दशरथो न्यवर्तत॥"
"तस्य जातु मरुतः प्रतीप-गाः वर्त्मसु ध्वज-तरु-प्रमाथिनः चिक्लिशुः भृशतया वरूथिनीम् उत्-तटाः नदी-रयाः-इव स्थलीम्","जातु वर्त्मसु ध्वज-तरु-प्रमाथिनः प्रतीप-गाः मरुतः उत्-तटाः नदी-रयाः-इव स्थलीम् तस्य वरूथिनीम् भृशतया चिक्लिशुः","तस्य जातु मरुतः प्रतीपगा वर्त्मसु ध्वजतरुप्रमाथिनः।# चिक्लिशुर्भृशतया वरूथिनीमुत्तटा इव नदीरयाः स्थलीम्॥"
"तद्-अन्‌-अन्तरम् बद्ध-भीम-परिवेष-मण्डलः रविः वैनतेय-शमितस्य भोगिनः भोग-वेष्टितः च्युतः मणिः-इव लक्ष्यते स्म","लक्ष्यते स्म तद्-अन्‌-अन्तरम् रविः बद्ध-भीम-परिवेष-मण्डलः वैनतेय-शमितस्य भोगिनः भोग-वेष्टितः इव च्युतः मणिः-","लक्ष्यते स्म तदनन्तरं रविर्बद्धभीमपरिवेषमण्डलः।#वैनतेयशमितस्य भोगिनो भोगवेष्टित इव च्युतो मणिः॥"
"श्येन-पक्ष-परि-धूसर-अलकाः सांध्य-मेघ-रुधिर-आर्द्र-वाससः रजस्वलाः दिशः अङ्गनाः-इव अवलोकन-क्षमाः नो बभूवुः","श्येन-पक्ष-परि-धूसर-अलकाः सांध्य-मेघ-रुधिर-आर्द्र-वाससः रजस्वलाः दिशः अङ्गनाः-इव अवलोकन-क्षमाः नो बभूवुः","श्येनपक्षपरिधूसरालकाः सान्ध्यमेघरुधिरार्द्रवाससः।#अङ्गना इव रजस्वला दिशो नो बभूवुरवलोकनक्षमाः॥"
"भास्करः याम् दिशम् अध्युवास च ताम् श्रिताः शिवाः क्षत्र-शोणित-पितृ-क्रिया-उचितम् भार्गवम् चोदयन्त्यः इव प्रतिभयम् ववाशिरे","भास्करः याम् दिशम् अध्युवास च ताम् श्रिताः शिवाः क्षत्र-शोणित-पितृ-क्रिया-उचितम् भार्गवम् चोदयन्त्यः इव प्रतिभयम् ववाशिरे","भास्करश्च दिशमध्युवास यां तां श्रिताः प्रतिभयं ववासिरे।#क्षत्रशोणितपितृक्रियोचितं चोदयन्त्य इव भार्गवं शिवाः॥"
"तत्-प्रतीप-पवन-आदि वैकृतम् प्रेक्ष्य शान्तिम् अधिकृत्य कृत्य-वित् अन्वयुङ्क्त गुरुम् ईश्वरः क्षितेः सु-अन्तम् इति अलघयत् सः तत्-व्यथाम् (भविष्यति)","तत्-प्रतीप-पवन-आदि वैकृतम् प्रेक्ष्य कृत्य-वित् क्षितेः ईश्वरः शान्तिम् अधिकृत्य गुरुम् अन्वयुङ्क्त सः सु-अन्तम् (भविष्यति) इति तत्-व्यथाम् अलघयत्","तत्प्रतीपपवनादि वैकृतं प्रेक्ष्य शान्तिमधिकृत्य कृत्यवित्।# अन्वयुङ्क्त गुरुमीश्वरः क्षितेः स्वन्तमित्यलघयत्स तद्व्यथाम्।।"
"तेजसः सपदि राशिः उत्थितः प्रादुरास किल वाहिनी-मुखे यः प्रमृज्य नयनानि सैनिकैः लक्षणीय-पुरुष-आकृतिः चिरात् (अभूत्)","सपदि उत्थितः तेजसः राशिः वाहिनी-मुखे प्रादुरास किल यः सैनिकैः नयनानि प्रमृज्य चिरात् लक्षणीय-पुरुष-आकृतिः (अभूत्)","तेजसः सपदि राशिरुत्थितः प्रादुरास किल वाहिनीमुखे।# यः प्रमृज्य नयनानि सैनिकैर्लक्षणीयपुरुषाकृतिश्चिरात्।।"
"उपवीत-लक्षणं पित्र्यम् धनुः-ऊर्जितं मातृकं च अंशम् दधत् यः स-सोमः घर्म-दीधितिः-इव स-द्विजिह्वः चन्दन-द्रुमः-इव (स्थितः)","पित्र्यम् अंशम् उपवीत-लक्षणं मातृकं च धनुः-ऊर्जितं दधत् यः स-सोमः इव घर्म-दीधितिः-स-द्विजिह्वः इव चन्दन-द्रुमः-(स्थितः)","पित्र्यमंशमुपवीतलक्षणं मातृकं च धनुरूर्जितं दधत्।#यः ससोम इव घर्मदीधितिः सद्विजिह्व इव चन्दनद्रुमः॥"
"येन रोष-परुष-आत्मनः पितुः शासने स्थिति-भिदः अपि तस्थुषा वेपमान-जननी-शिरः-छिदा प्राक् अजीयत घृणा ततः मही (अजीयत)","रोष-परुष-आत्मनः स्थिति-भिदः अपि पितुः शासने तस्थुषा वेपमान-जननी-शिरः-छिदा येन प्राक् घृणा अजीयत ततः मही (अजीयत)","येन रोषपरुषात्मनः पितुः शासने स्थितिभिदोऽपि तस्थुषा।# वेपमानजननीशिरश्छिदा प्रागजीयत घृणा ततो मही।।"
"यः दक्षिण-श्रवण-संस्थितेन अक्ष-बीज-वलयेन क्षत्रिय-अन्तकरण-एकविंशतेः व्याज-पूर्व-गणनाम् उद्वहन् इव निर्बभौ","अक्ष-बीज-वलयेन निर्बभौ दक्षिण-श्रवण-संस्थितेन यः क्षत्रिय-अन्तकरण-एकविंशतेः व्याज-पूर्व-गणनाम् इव उद्वहन्","अक्षबीजवलयेन निर्बभौ दक्षिणश्रवणसंस्थितेन यः।#क्षत्रियान्तकरणैकविंशतेर्व्याजपूर्वगणनामिवोद्वहन्॥"
"तम् पितुः वध-भवेन मन्युना राज-वंश-निधनाय दीक्षितम् बाल-सूनुः अवलोक्य भार्गवम् स्वाम् दशाम् च विषसाद पार्थिवः","पितुः वध-भवेन मन्युना राज-वंश-निधनाय दीक्षितम् तम् भार्गवम् स्वाम् दशाम् च अवलोक्य बाल-सूनुः पार्थिवः विषसाद","तं पितुर्वधभवेन मन्युना राजवंशनिधनाय दीक्षितम्।# बालसूनुरवलोक्य भार्गवं स्वां दशां च विषसाद पार्थिवः।।"
"आत्म-जे दारुणे च अ-हिते तुल्यम् वर्तमानम् रामः इति नाम हार-सर्पयोः रत्न-जातम्-इव अस्य हृद्यम् भय-दायि च अभवत्","नाम रामः इति तुल्यम् आत्म-जे वर्तमानम् अ-हिते च दारुणे हृद्यम् अस्य भय-दायि च अभवत् रत्न-जातम्-इव हार-सर्पयोः","नाम राम इति तुल्यमात्मजे वर्तमानमहिते च दारुणे।#हृद्यमस्य भयदायि चाभवद्रत्नजातमिव हारसर्पयोः॥"
"सः अर्घ्यम् अर्घ्यम् इति वादिनं नृपं अन्-अवेक्ष्य यतः(यत्र) भरत-अग्रजः (अभवत्) ततः(तत्र) क्षत्र-कोप-दहन-अर्चिषं उदग्र-तारकाम् दृशम् संदधे","अर्घ्यम् अर्घ्यम् इति वादिनं नृपं सः अन्-अवेक्ष्य (अभवत्) भरत-अग्रजः यतः(यत्र) क्षत्र-कोप-दहन-अर्चिषं ततः(तत्र) संदधे दृशम् उदग्र-तारकाम्","अर्घ्यमर्घ्यमिति वादिनं नृपं सोऽनवेक्ष्य भरताग्रजो यतः।#क्षत्रकोपदहनार्चिषं ततः संदधे दृशमुदग्रतारकाम्॥"
"कार्मुक-निषक्त-मुष्टिना शरं अङ्गुली-विवर-चारिणं कुर्वता युयुत्सुना तेन विगत-भीः पुरः-गतः राघवः निजगदे","तेन कार्मुक-निषक्त-मुष्टिना राघवः विगत-भीः पुरः-गतः अङ्गुली-विवर-चारिणं शरं कुर्वता निजगदे युयुत्सुना","तेन कार्मुकनिषक्तमुष्टिना राघवो विगतभीः पुरोगतः।#अङ्गुलीविवरचारिणं शरं कुर्वता निजगदे युयुत्सुना॥"
"क्षत्र-जातम् अपकार-वैरि मे तत् निहत्य बहुशः शमम् गतः सुप्त-सर्पः-इव दण्ड-घट्टनात् रोषितः अस्मि तव विक्रम-श्रवात् (अहम्)","क्षत्र-जातम् मे अपकार-वैरि तत् बहुशः निहत्य शमम् गतः सुप्त-सर्पः-इव दण्ड-घट्टनात् तव विक्रम-श्रवात् (अहम्) रोषितः अस्मि","क्षत्रजातमपकारवैरि मे तन्निहत्य बहुशः शमं गतः।# सुप्तसर्प इव दण्डघट्टनाद्रोषितोऽस्मि तव विक्रमश्रवात्।।"
"मैथिलस्य धनुः अन्य-पार्थिवैः त्वम् किल अन्-अ-मित-पूर्वम् अक्षणोः तत् निशम्य भवता समर्थये वीर्य-शृङ्गम् इव भग्नम् आत्मनः (अहम्)","अन्य-पार्थिवैः अन्-अ-मित-पूर्वम् मैथिलस्य धनुः त्वम् अक्षणोः किल तत् निशम्य भवता आत्मनः वीर्य-शृङ्गम् भग्नम् इव (अहम्) समर्थये","मैथिलस्य धनुरन्यपार्थिवैस्त्वं किलानमितपूर्वमक्षणोः।# तन्निशम्य भवता समर्थये वीर्यशृङ्गमिव भग्नमात्मनः।।"
"अन्यदा जगति रामः इति अयम् शब्दः उच्चरितः एव माम् अगात् व्रीडम् आवहति मे सः सम्प्रति व्यस्त-वृत्तिः उदय-उन्मुखे त्वयि (सति)","अन्यदा जगति रामः इति अयम् शब्दः उच्चरितः माम् एव अगात् सम्प्रति त्वयि उदय-उन्मुखे (सति) व्यस्त-वृत्तिः सः मे व्रीडम् आवहति","अन्यदा जगति राम इत्ययं शब्द उच्चरित एव मामगात्।# व्रीडमावहति मे स संप्रति व्यस्तवृत्तिरुदयोन्मुखे त्वयि।।"
"बिभ्रतः अस्त्रम् अचले अपि अ-कुण्ठितम् द्वौ रिपू मम मतौ सम-आगसौ धेनु-वत्स-हरणात् च हैहयः त्वम् च कीर्तिम् अपहर्तुम् उद्यतः","अचले अपि अ-कुण्ठितम् अस्त्रम् बिभ्रतः मम द्वौ सम-आगसौ रिपू मतौ धेनु-वत्स-हरणात् हैहयः च कीर्तिम् अपहर्तुम् उद्यतः त्वम् च","बिभ्रतोऽस्त्रमचलेऽप्यकुण्ठितं द्वौ रिपू मम मतौ समागसौ।# धेनुवत्सहरणाच्च हैहयस्त्वं च कीर्तिमपहर्तुमुद्यतः॥"
"क्षत्रिय-अन्त-करणः अपि विक्रमः तेन माम् अवति न अ-जिते त्वयि पावकस्य महिमा सः गण्यते कक्षवत् ज्वलति सागरे अपि यः","तेन क्षत्रिय-अन्त-करणः अपि विक्रमः त्वयि अ-जिते माम् न अवति पावकस्य महिमा सः गण्यते यः कक्षवत् सागरे अपि ज्वलति","क्षत्रियान्तकरणोऽपि विक्रमस्तेन मामवति नाजिते त्वयि।# पावकस्य महिमा स गण्यते कक्षवज्ज्वलति सागरेऽपि यः।।"
"(तत्) विद्धि च आत्त-बलम् ओजसा हरेः ऐश्वरम् धनुः अभाजि यत् त्वया खात-मूलम् अनिलः नदी-रयैः पातयति अपि मृदुः तट-द्रुमम्","(तत्) च ऐश्वरम् धनुः हरेः ओजसा आत्त-बलम् विद्धि यत् त्वया अभाजि नदी-रयैः खात-मूलम् तट-द्रुमम् मृदुः अपि अनिलः पातयति","विद्धि चात्तबलमोजसा हरेरैश्वरं धनुरभाजि यत्त्वया।# खातमूलमनिलो नदीरयैः पातयत्यपि मृदुस्तटद्रुमम्।।"
"तत् मदीयम् इदम् आयुधम् ज्यया सङ्गमय्य स-शरम् विकृष्यताम् तिष्ठतु प्रधनम् एवम् अपि अहम् तुल्य-बाहु-तरसा जितः त्वया","तत् मदीयम् इदम् आयुधम् ज्यया सङ्गमय्य स-शरम् विकृष्यताम् प्रधनम् तिष्ठतु एवम् अपि अहम् तुल्य-बाहु-तरसा त्वया जितः","तन्मदीयमिदमायुधं ज्यया संगमय्य सशरं विकृष्यताम्।# तिष्ठतु प्रधनमेवमप्यहं तुल्यबाहुतरसा जितस्त्वया।।"
"यदि वा (त्वम्) उद्गत-अर्चिषा मम परशु-धारया तर्जितः कातरः असि (तर्हि) वृथा ज्या-निघात-कठिन-अङ्गुलिः अभय-याचना-अञ्जलिः बध्यताम्","(तर्हि) (त्वम्) कातरः असि यदि वा उद्गत-अर्चिषा तर्जितः परशु-धारया मम ज्या-निघात-कठिन-अङ्गुलिः वृथा बध्यताम् अभय-याचना-अञ्जलिः","कातरोऽसि यदि वोद्गतार्चिषा तर्जितः परशुधारया मम।#ज्यानिघातकठिनाङ्गुलिर्वृथा बध्यतामभययाचनाञ्जलिः॥"
"भीम-दर्शने भार्गवे एवम् उक्तवति राघवः स्मित-विकम्पित-अधरः तत्-धनुः-ग्रहणम् एव समर्थम् उत्तरम् प्रत्यपद्यत","एवम् उक्तवति भीम-दर्शने भार्गवे स्मित-विकम्पित-अधरः तत्-धनुः-ग्रहणम् एव राघवः प्रत्यपद्यत समर्थम् उत्तरम्","एवमुक्तवति भीमदर्शने भार्गवे स्मितविकम्पिताधरः।#तद्धनुर्ग्रहणमेव राघवः प्रत्यपद्यत समर्थमुत्तरम्॥"
"पूर्व-जन्म-धनुषा समागतः सः अति-मात्र-लघु-दर्शनः अभवत् केवलः अपि सुभगः नव-अम्बु-दः किम् पुनः त्रि-दश-चाप-लाञ्छितः (भवति) (वक्तव्यः)","पूर्व-जन्म-धनुषा समागतः सः अति-मात्र-लघु-दर्शनः अभवत् नव-अम्बु-दः केवलः अपि सुभगः (भवति) त्रि-दश-चाप-लाञ्छितः किम् पुनः (वक्तव्यः)","पूर्वजन्मधनुषा समागतः सोऽतिमात्रलघुदर्शनोऽभवत्।# केवलोऽपि सुभगो नवाम्बुदः किं पुनस्त्रिदशचापलाञ्छितः।।"
"तेन भूमि-निहित-एक-कोटि तत् कार्मुकम् च बलिना अधिरोपितम् निष्-प्रभः च रिपुः आस भू-भृताम् धूम-शेषः धूम-केतनः-इव","बलिना तेन भूमि-निहित-एक-कोटि तत् कार्मुकम् च अधिरोपितम् भू-भृताम् रिपुः च धूम-शेषः धूम-केतनः-इव निष्-प्रभः आस","तेन भूमिनिहितैककोटि तत्कार्मुकं च बलिनाधिरोपितम्।# निष्प्रभश्च रिपुरास भूभृतां धूमशेष इव धूमकेतनः।।"
"परस्पर-स्थितौ वर्धमान-परिहीन-तेजसौ तौ उभौ अपि दिन-अत्यये पार्वणौ शशि-दिवाकरौ--इव जनता पश्यति स्म","तौ उभौ अपि परस्पर-स्थितौ वर्धमान-परिहीन-तेजसौ पश्यति स्म जनता दिन-अत्यये पार्वणौ शशि-दिवाकरौ--इव","तावुभावपि परस्परस्थितौ वर्धमानपरिहीनतेजसौ।#पश्यति स्म जनता दिनात्यये पार्वणौ शशिदिवाकराविव॥"
"हर-सूनु-संनिभः कृपा-मृदुः राघवः आत्मनि स्खलित-वीर्यम् तं भार्गवं स्वं संहितम् अ-मोघम् आशु-गम् च अवेक्ष्य व्याजहार","तं कृपा-मृदुः अवेक्ष्य भार्गवं राघवः स्खलित-वीर्यम् आत्मनि स्वं च संहितम् अ-मोघम् आशु-गम् व्याजहार हर-सूनु-संनिभः","तं कृपामृदुरवेक्ष्य भार्गवं राघवः स्खलितवीर्यमात्मनि।#स्वं च संहितममोघमाशुगं व्याजहार हरसूनुसंनिभः॥"
"न प्रहर्तुम् अलम् अस्मि निर्-दयम् विप्रः इति अभिभवति अपि त्वयि शंस किम् गतिम् अनेन पत्रिणा हन्मि लोकम् उत ते मख-अर्जितम् (अहम्) इति","अभिभवति अपि त्वयि विप्रः इति निर्-दयम् प्रहर्तुम् (अहम्) अलम् न अस्मि अनेन पत्रिणा किम् ते गतिम् हन्मि उत मख-अर्जितम् लोकम् इति शंस","न प्रहर्तुमलमस्मि निर्दयं विप्र इत्यभिभवत्यपि त्वयि।# शंस किं गतिमनेन पत्रिणा हन्मि लोकमुत ते मखार्जितम्।।"
"प्रत्युवाच तम् ऋषिः न तत्त्वतः त्वाम् न वेद्मि पुरुषम् पुरातनम् गाम् गतस्य तव धाम वैष्णवम् कोपितः हि असि मया दिदृक्षुणा (इति) (अस्ति) (इति) (त्वम्) (च)","ऋषिः तम् प्रत्युवाच तत्त्वतः त्वाम् पुरातनम् पुरुषम् न वेद्मि (इति) न (अस्ति) (च) गाम् गतस्य तव वैष्णवम् धाम दिदृक्षुणा मया (त्वम्) कोपितः हि असि (इति)","प्रत्युवाच तमृषिर्न तत्त्वतस्त्वां न वेद्मि पुरुषं पुरातनम्।# गां गतस्य तव धाम वैष्णवं कोपितो ह्यसि मया दिदृक्षुणा।।"
"पितृ-द्विषः भस्मसात् कृतवतः स-सागराम् वसुधां पात्रसात् च (कृतवतः) मे परमेष्ठिना त्वया आहितः जय-विपर्ययः अपि श्लाघ्यः एव (अस्ति)","(अस्ति) (कृतवतः) भस्मसात् कृतवतः पितृ-द्विषः पात्रसात् च वसुधां स-सागराम् आहितः जय-विपर्ययः अपि मे श्लाघ्यः एव परमेष्ठिना त्वया","भस्मसात्कृतवतः पितृद्विषः पात्रसाच्च वसुधां ससागराम्।#आहितो जयविपर्ययोऽपि मे श्लाघ्य एव परमेष्ठिना त्वया॥"
"तत्(तस्मात्) गतिम् मतिमताम् वर ईप्सिताम् पुण्य-तीर्थ-गमनाय रक्ष मे पीडयिष्यति न माम् खिलीकृता स्वर्ग-पद्धतिः अ-भोग-लोलुपम्","तत्(तस्मात्) मतिमताम् वर पुण्य-तीर्थ-गमनाय ईप्सिताम् मे गतिम् रक्ष खिलीकृता स्वर्ग-पद्धतिः अ-भोग-लोलुपम् माम् न पीडयिष्यति","तद्गतिं मतिमतां वरेप्सितां पुण्यतीर्थगमनाय रक्ष मे।# पीडयिष्यति न मां खिलीकृता स्वर्गपद्धतिरभोगलोलुपम्।।"
"प्रत्यपद्यत तथा इति राघवः प्राक्-मुखः च विससर्ज सायकम् भार्गवस्य सुकृतः अपि सः अभवत् स्वर्ग-मार्ग-परिघः दुरत्ययः (सन्)","राघवः तथा इति प्रत्यपद्यत प्राक्-मुखः (सन्) सायकम् विससर्ज च सः सुकृतः अपि भार्गवस्य दुरत्ययः स्वर्ग-मार्ग-परिघः अभवत्","प्रत्यपद्यत तथेति राघवः प्राङ्मुखश्च विससर्ज सायकम्।# भार्गवस्य सुकृतोऽपि सोऽभवत्स्वर्गमार्गपरिघो दुरत्ययः।।"
"राघवः अपि चरणौ तपः-निधेः क्षम्यताम् इति वदन् समस्पृशत् निर्-जितेषु तरसा तरस्विनाम् शत्रुषु प्रणतिः एव कीर्तये (भवति)","राघवः अपि क्षम्यताम् इति वदन् तपः-निधेः चरणौ समस्पृशत् तरस्विनाम् तरसा निर्-जितेषु शत्रुषु प्रणतिः एव कीर्तये (भवति)","राघवोऽपि चरणौ तपोनिधेः क्षम्यतामिति वदन्समस्पृशत्।# निर्जितेषु तरसा तरस्विनां शत्रुषु प्रणतिरेव कीर्तये।।"
"मातृकं राजसत्वम् अवधूय पित्र्यम् शमं यदा (अहं) गमितः अस्मि (तदा) त्वया मम अ-निन्दित-फलः अयम् निग्रहः अपि अनुगृहीकृतः ननु","(तदा) (अहं) राजसत्वम् अवधूय मातृकं पित्र्यम् अस्मि गमितः शमं यदा ननु अ-निन्दित-फलः मम त्वया निग्रहः अपि अयम् अनुगृहीकृतः","राजसत्वमवधूय मातृकं पित्र्यमस्मि गमितः शमं यदा।#नन्वनिन्दितफलो मम त्वया निग्रहोऽप्ययमनुग्रहीकृतः॥"
"साधयामि अहम् अविघ्नम् अस्तु ते देव-कार्यम् उपपादयिष्यतः ऊचिवान् इति वचः स-लक्ष्मणम् लक्ष्मण-अग्रजम् ऋषिः तिरोदधे","अहम् साधयामि देव-कार्यम् उपपादयिष्यतः ते अविघ्नम् अस्तु इति वचः स-लक्ष्मणम् लक्ष्मण-अग्रजम् ऊचिवान् ऋषिः तिरोदधे","साधयाम्यहमविघ्नमस्तु ते देवकार्यमुपपादयिष्यतः।# ऊचिवानिति वचः सलक्ष्मणं लक्ष्मणाग्रजमृषिस्तिरोदधे।।"
"तस्मिन् गते विजयिनम् परिरभ्य रामम् स्नेहात् अमन्यत पिता पुनः एव जातम् तस्य अभवत् क्षण-शुचः परितोष-लाभः कक्ष-अग्नि-लङ्घित-तरोः वृष्टि-पातः-इव","तस्मिन् गते पिता स्नेहात् विजयिनम् रामम् परिरभ्य पुनः जातम् एव अमन्यत क्षण-शुचः तस्य परितोष-लाभः कक्ष-अग्नि-लङ्घित-तरोः वृष्टि-पातः-इव अभवत्","तस्मिन्गते विजयिनं परिरभ्य रामं स्नेहादमन्यत पिता पुनरेव जातम्।# तस्याभवत्क्षणशुचः परितोषलाभः कक्षाग्निलङ्घिततरोरिव वृष्टिपातः।।"
"अथ शर्व-कल्पः अवनि-पालः कॢप्त-रम्य-उपकार्ये पथि कतिचित् शर्वरीः गमयित्वा मैथिली-दर्शनीनां अङ्गनानाम् लोचनैः कुवलयित-गवाक्षां पुरम् अयोध्यां अविशत्","अथ पथि गमयित्वा कॢप्त-रम्य-उपकार्ये कतिचित् अवनि-पालः शर्वरीः शर्व-कल्पः पुरम् अविशत् अयोध्यां मैथिली-दर्शनीनां कुवलयित-गवाक्षां लोचनैः अङ्गनानाम्","अथ पथि गमयित्वा कॢप्तरम्योपकार्ये कतिचिदवनिपालः शर्वरीः शर्वकल्पः। #पुरमविशदयोध्यां मैथिलीदर्शनीनां कुवलयितगवाक्षां लोचनैरङ्गनानाम्॥"
"निर्विष्ट-विषय-स्नेहः सः दशा-अन्तम् उपेयिवान् आसीत् आसन्न-निर्वाणः प्रदीप-अर्चिः-इव उषसि","निर्विष्ट-विषय-स्नेहः दशा-अन्तम् उपेयिवान् सः उषसि प्रदीप-अर्चिः-इव आसन्न-निर्वाणः आसीत्","निर्दिष्टविषयस्नेहः स दशान्तमुपेयिवान्।#आसीदासन्ननिर्वाणः प्रदीपार्चिरिवोषसि॥1॥"
"तम् कर्ण-मूलम् आगत्य रामे श्रीः न्यस्यताम् इति कैकेयी-शङ्कया इव आह पलित-छद्मना जरा","जरा कैकेयी-शङ्कया इव पलित-छद्मना कर्ण-मूलम् आगत्य रामे श्रीः न्यस्यताम् इति तम् आह","तं कर्णमूलमागत्य रामे श्रीर्न्यस्यतामिति।#कैकेयीशङ्कयेवाह पलितच्छद्मना जरा॥2॥"
"सा पौरान् पौर-कान्तस्य रामस्य अभ्युदय-श्रुतिः प्रति-एकम् ह्लादयाञ्चक्रे कुल्या उद्यान-पादपान्-इव","सा पौर-कान्तस्य रामस्य अभ्युदय-श्रुतिः कुल्या उद्यान-पादपान्-इव पौरान् प्रति-एकम् ह्लादयाञ्चक्रे","सा पौरान्पौरकान्तस्य रामस्याभ्युदयश्रुतिः।#प्रत्येकं ह्रादयांचक्रे कुल्येवोद्यानपादपान्॥3॥"
"क्रूर-निश्चया कैकेयी तस्य कल्पितम् अभिषेक-सम्भारम् शोक-उष्णैः पार्थिव-अश्रुभिः दूषयामास","तस्य अभिषेक-सम्भारम् कल्पितम् क्रूर-निश्चया दूषयामास कैकेयी शोक-उष्णैः पार्थिव-अश्रुभिः","तस्याभिषेकसंभारं कल्पितं क्रूरनिश्चया।#दूषयामास कैकेयी शोकोष्णैः पार्थिवाश्रुभिः॥4॥"
"सा किल आश्वासिता चण्डी भर्त्रा तत्-संश्रुतौ वरौ उद्ववाम इन्द्र-सिक्ता भूः बिल-मग्नौ उरगौ-इव","चण्डी सा किल भर्त्रा आश्वासिता तत्-संश्रुतौ वरौ इन्द्र-सिक्ता भूः बिल-मग्नौ उरगौ-इव उद्ववाम","सा किलाश्वासिता चण्डी भर्त्रा तत्संश्रुतौ वरौ।#उद्ववामेन्द्रसिक्ता भूर्बिलमग्नाविवोरगौ॥5॥"
"तयोः चतुः-दश एकेन रामम् प्राव्राजयत् समाः द्वितीयेन सुतस्य ऐच्छत् वैधव्य-एक-फलाम् श्रियम् (सा)","(सा) तयोः एकेन रामम् चतुः-दश समाः प्राव्राजयत् द्वितीयेन सुतस्य वैधव्य-एक-फलाम् श्रियम् ऐच्छत्","तयोश्चतुर्दशैकेन रामं प्राव्राजयत्समाः।# द्वितीयेन सुतस्यैच्छद्वैधव्यैकफलां श्रियम्॥6॥"
"पित्रा दत्ताम् रुदन् रामः प्राक् महीम् प्रत्यपद्यत पश्चात् वनाय गच्छ इति तत् आज्ञाम् मुदितः अग्रहीत् (रामः) (सन्)","रामः प्राक् पित्रा दत्ताम् महीम् रुदन् प्रत्यपद्यत पश्चात् वनाय गच्छ इति (रामः) तत् आज्ञाम् मुदितः (सन्) अग्रहीत्","पित्रा दत्तां रुदन्रामः प्राङ्महीं प्रत्यपद्यत।# पश्चाद्वनाय गच्छेति तदाज्ञां मुदितोऽग्रहीत्॥7॥"
"दधतः मङ्गल-क्षौमे वसानस्य च वल्कले ददृशुः विस्मिताः तस्य मुख-रागम् समम् जनाः","मङ्गल-क्षौमे दधतः वल्कले च वसानस्य तस्य समम् मुख-रागम् जनाः विस्मिताः ददृशुः","दधतो मङ्गलक्षौमे वसानस्य च वल्कले।#ददृशुर्विस्मितास्तस्य मुखरागं समं जनाः॥8॥"
"सः सीता-लक्ष्मण-सखः सत्यात् गुरुम् अ-लोपयन् विवेश दण्डक-अरण्यम् प्रत्येकम् च सताम् मनः","सः सत्यात् गुरुम् अ-लोपयन् सीता-लक्ष्मण-सखः दण्डक-अरण्यम् सताम् मनः च प्रत्येकम् विवेश","स सीतालक्ष्मणसखः सत्याद्गुरुमलोपयन्।#विवेश दण्डकारण्यं प्रत्येकं च सतां मनः॥9॥"
"राजा अपि तत्-वियोग-आर्तः स्मृत्वा शापम् स्व-कर्मजम् शरीर-त्याग-मात्रेण शुद्धि-लाभम् अमन्यत","तत्-वियोग-आर्तः राजा अपि स्व-कर्मजम् शापम् स्मृत्वा शरीर-त्याग-मात्रेण शुद्धि-लाभम् अमन्यत","राजापि तद्वियोगार्तः स्मृत्वा शापं स्वकर्मजम्।#शरीरत्यागमात्रेण शुद्धिलाभमन्यत॥10॥"
"विप्रोषित-कुमारम् तत्-राज्यम् अस्तम्-इत-ईश्वरम् रन्ध्र्-अन्वेषण-दक्षाणाम् द्विषाम् आमिषताम् ययौ","विप्रोषित-कुमारम् अस्तम्-इत-ईश्वरम् तत्-राज्यम् रन्ध्र्-अन्वेषण-दक्षाणाम् द्विषाम् आमिषताम् ययौ","विप्रोषितकुमारं तद्राज्यमस्तमितेश्वरम्।#रन्ध्रान्वेषणदक्षाणां द्विषामामिषतां ययौ॥11॥"
"अथ अ-नाथाः प्रकृतयः मातृ-बन्धु-निवासिनम् मौलैः आनयामासुः भरतम् स्तम्भित-अश्रुभिः","अथ अ-नाथाः प्रकृतयः मातृ-बन्धु-निवासिनम् भरतम् स्तम्भित-अश्रुभिः मौलैः आनयामासुः","अथानाथाः प्रकृतयो मातृबन्धुनिवासिनम्।#मौलैरानाययामासुर्भरतं स्तम्भिताश्रुभिः॥12॥"
"कैकेयी-तनयः तथा-विधं पितुः मृत्युं श्रुत्वा स्वस्याः मातुः केवलं न श्रियः अपि पराक्-मुखः आसीत्","श्रुत्वा तथा-विधं मृत्युं कैकेयी-तनयः पितुः मातुः न केवलं स्वस्याः श्रियः अपि आसीत् पराक्-मुखः","श्रुत्वा तथाविधं मृत्युं कैकेयीतनयः पितुः।#मातुर्न केवलं स्वस्याः श्रियोऽप्यासीत्पराङ्मुखः॥13॥"
"स-सैन्यः च अनु_अगात् रामं दर्शितान् आश्रम-आलयैः तस्य पश्यन् स-सौमित्रेः उद्-अश्रुः वसति-द्रुमान् (सन्)","स-सैन्यः च आश्रम-आलयैः दर्शितान् स-सौमित्रेः तस्य वसति-द्रुमान् पश्यन् उद्-अश्रुः (सन्) रामं अनु_अगात्","ससैन्यश्चान्वगाद्रामं दर्शितानाश्रमालयैः।#तस्य पश्यन्ससौमित्रेरुदश्रुर्वसतिद्रुमान्॥14॥"
"(सः) चित्र-कूट-वन-स्थं तं च गुरोः कथित-स्वर्गतिः (सन्) अनुच्छिष्ट-संपदा लक्ष्म्या नि_मन्त्रयांचक्रे","(सः) (सन्) चित्र-कूट-वन-स्थं च कथित-स्वर्गतिः गुरोः लक्ष्म्या नि_मन्त्रयांचक्रे तं अनुच्छिष्ट-संपदा","चित्रकूटवनस्थं च कथितस्वर्गतिर्गुरोः।#लक्ष्म्या निमन्त्रयांचक्रे तमनुच्छिष्टसंपदा॥15॥"
"सः हि प्रथमजे तस्मिन् अकृत-श्री-परिग्रहे भुवः स्वीकरणात् आत्मानं परिवेत्तारम् मेने","सः हि प्रथमजे तस्मिन् अकृत-श्री-परिग्रहे परिवेत्तारम् आत्मानं मेने स्वीकरणात् भुवः","स हि प्रथमजे तस्मिन्नकृतश्रीपरिग्रहे।#परिवेत्तारमात्मानं मेने स्वीकरणाद्भुवः॥16॥"
"तम् अ-शक्यम् अप-आक्रष्टुं निदेशात् स्वर्गिणः पितुः ययाचे पादुके पश्चात् कर्तुं राज्य-अधिदेवते","स्वर्गिणः पितुः निदेशात् अप-आक्रष्टुं अ-शक्यम् तम् पश्चात् राज्य-अधिदेवते कर्तुं पादुके ययाचे","तमशक्यमपाक्रष्टुं निदेशात्स्वर्गिणः पितुः।#ययाचे पादुके पश्चात्कर्तुं राज्याधिदेवते॥17॥"
"सः विसृष्टः तथा इति उक्त्वा भ्रात्रा न एव अविशत् पुरीम् नन्दि-ग्राम-गतः तस्य राज्यं न्यासम्-इव अभुनक् (सन्) (सः) (सन्)","सः भ्रात्रा तथा इति उक्त्वा विसृष्टः (सन्) पुरीम् न एव अविशत् (सः) नन्दि-ग्राम-गतः (सन्) तस्य राज्यं न्यासम्-इव अभुनक्","स विसृष्टस्तथेत्युक्त्वा भ्रात्रा नैवाविशत्पुरीम्।#नन्दिग्रामगतस्तस्य राज्यं न्यासमिवाभुनक्॥18॥"
"दृढ-भक्तिः इति ज्येष्ठे राज्य-तृष्णा-पराङ्मुखः मातुः पापस्य भरतः प्राय-चित्तम् इव अकरोत्","ज्येष्ठे दृढ-भक्तिः राज्य-तृष्णा-पराङ्मुखः भरतः इति मातुः पापस्य प्राय-चित्तम् अकरोत् इव","दृढभक्तिरिति ज्येष्ठे राज्यतृष्णापराङ्मुखः।#मातुः पापस्य भरतः प्रायश्चित्तमिवाकरोत्॥19॥"
"स-अनुजः शान्तः युवा रामः अपि वैदेह्या सह वने वन्येन वर्तयन् वृद्ध-इक्ष्वाकु-व्रतं चचार","रामः अपि सह वैदेह्या वने वन्येन वर्तयन् चचार स-अनुजः शान्तः वृद्ध-इक्ष्वाकु-व्रतं युवा","रामोऽपि सह वैदेह्या वने वन्येन वर्तयन्।#चचार सानुजः शान्तो वृद्धेक्ष्वाकुव्रतं युवा॥20॥"
"सः कदाचित् प्र-भाव-स्तम्भित-छायं वनस्पतिम् आश्रितः किंचित् श्रमात् इव सीतायाः अङ्के शिश्ये (सन्)","(सन्) प्र-भाव-स्तम्भित-छायं आश्रितः सः वनस्पतिम् कदाचित् अङ्के सीतायाः शिश्ये किंचित् इव श्रमात्","प्रभावस्तम्भितच्छायमाश्रितः स वनस्पतिम्।#कदाचिदङ्के सीतायाः शिश्ये किञ्चिदिव श्रमात्॥21॥"
"ऐन्द्रिः द्विजः तस्याः स्तनौ प्रिय-उपभोग-चिह्नेषु पौरोभाग्यम् आचरन् इव नखैः वि_ददार किल","ऐन्द्रिः किल नखैः तस्याः वि_ददार स्तनौ द्विजः प्रिय-उपभोग-चिह्नेषु पौरोभाग्यम् इव आचरन्","ऐन्द्रिः किल नखैस्तस्या विददार स्तनौ द्विजः।#प्रियोपभोगचिह्नेषु पौरोभाग्यमिवाचरन्॥22॥"
"तस्मिन् आस्यत् इषीका-अस्त्रम् रामः राम-अवबोधितः आत्मानम् मुमुचे तस्मात् एक-नेत्र-व्ययेन सः","राम-अवबोधितः रामः तस्मिन् इषीका-अस्त्रम् आस्यत् सः एक-नेत्र-व्ययेन तस्मात् आत्मानम् मुमुचे","तस्मिन्नास्यदिषीकास्त्रं रामो रामावबोधितः।# आत्मानं मुमुचे तस्मादेकनेत्रव्ययेन सः॥23॥"
"रामः तु आसन्न-देशत्वात् भरत-आगमनम् पुनः आशङ्क्य उत्सुक-सारङ्गाम् चित्रकूट-स्थलीम् जहौ","रामः तु आसन्न-देशत्वात् पुनः भरत-आगमनम् आशङ्क्य उत्सुक-सारङ्गाम् चित्रकूट-स्थलीम् जहौ","रामस्त्वासन्नदेशत्वाद्भरतागमनं पुनः।#आशङ्क्योत्सुकसारङ्गां चित्रकूटस्थलीं जहौ॥24॥"
"प्रययौ आतिथेयेषु वसन् ॠषि-कुलेषु सः दक्षिणाम् दिशम् ॠक्षेषु वार्षिकेषु भास्करः-इव","सः आतिथेयेषु ॠषि-कुलेषु वार्षिकेषु ॠक्षेषु भास्करः-इव वसन् दक्षिणाम् दिशम् प्रययौ","प्रययावातिथेयेषु वसन्नृषिकुलेषु सः।#दक्षिणां दिशमृक्षेषु वार्षिकेष्विव भास्करः॥25॥"
"बभौ तम् अनुगच्छन्ती विदेह-अधिपतेः सुता प्रतिषिद्धा अपि कैकेय्या लक्ष्मीः-इव गुण-उन्मुखी","तम् अनुगच्छन्ती विदेह-अधिपतेः सुता कैकेय्या प्रतिषिद्धा अपि गुण-उन्मुखी लक्ष्मीः-इव बभौ","बभौ तमनुगच्छन्ती विदेहाधिपतेः सुता।#प्रतिषिद्धापि कैकेय्या लक्ष्मीरिव गुणोन्मुखी॥26॥"
"अनसूया-अतिसृष्टेन पुण्य-गन्धेन काननम् सा चकार अङ्ग-रागेण पुष्प-उच्चलित-षट्पदम्","सा अनसूया-अतिसृष्टेन पुण्य-गन्धेन अङ्ग-रागेण काननम् पुष्प-उच्चलित-षट्पदम् चकार","अनसूयातिसृष्टेन पुण्यगन्धेन काननम्।#सा चकाराङ्गरागेण पुष्पोच्चलितषट्पदम्॥27॥"
"विराधः नाम राक्षसः सन्ध्या-अभ्र-कपिशः ग्रहः-इव इन्दोः तस्य रामस्य मार्गम् आवृत्य अतिष्ठत्","सन्ध्या-अभ्र-कपिशः तस्य विराधः नाम राक्षसः अतिष्ठत् मार्गम् आवृत्य रामस्य इन्दोः इव ग्रहः-","संध्याभ्रकपिशस्तस्य विराधो नाम राक्षसः।#अतिष्ठन्मार्गमावृत्य रामस्येन्दोरिव ग्रहः॥28॥"
"सः जहार तयोः मध्ये मैथिलीम् लोक-शोषणः नभाः-नभस्ययोः वृष्टिम् अवग्रहः-इव अन्तरे","लोक-शोषणः सः तयोः मध्ये मैथिलीम् नभाः-नभस्ययोः अन्तरे वृष्टिम् अवग्रहः-इव जहार","स जहार तयोर्मध्ये मैथिलीं लोकशोषणः।#नभोनभस्ययोर्वृष्टिमवग्रह इवान्तरे॥29॥"
"तम् विनिष्पिष्य काकुत्स्थौ पुरा दूषयति स्थलीम् गन्धेन अ-शुचिना च इति वसुधायाम् निचख्नतुः","काकुत्स्थौ तम् विनिष्पिष्य अ-शुचिना गन्धेन स्थलीम् पुरा दूषयति इति च वसुधायाम् निचख्नतुः","तं विनिष्पिष्य काकुत्स्थौ पुरा दूषयति स्थलीम्।#गन्धेनाशुचिना चेति वसुधायां निचख्नतुः॥30॥"
"ततः रामः कुम्भ-जन्मनः शासनात् पञ्च-वट्यां विन्ध्य-अद्रिः प्रकृतौ-इव अनपोढ-स्थितिः (सन्) तस्थौ","पञ्च-वट्यां ततः रामः शासनात् कुम्भ-जन्मनः अनपोढ-स्थितिः (सन्) तस्थौ विन्ध्य-अद्रिः प्रकृतौ-इव","पञ्चवट्यां ततो रामः शासनात्कुम्भजन्मनः।#अनपोढस्थितिस्तस्थौ विन्ध्याद्रिः प्रकृताविव॥31॥"
"रावण-अवरजा तत्र राघवम् मदन-आतुरा अभिपेदे निदाघ-आर्ता व्याली-इव मलय-द्रुमम्","मदन-आतुरा रावण-अवरजा तत्र राघवम् निदाघ-आर्ता मलय-द्रुमम् व्याली-इव अभिपेदे","रावणावरजा तत्र राघवं मदनातुरा।#अभिपेदे निदाघार्ता व्यालीव मलयद्रुमम्॥32॥"
"सा सीता-सन्निधौ एव तम् वव्रे कथित-अन्वया अति आरूढः हि नारीणाम् अकाल-ज्ञः मनस्-भवः (भवति) (सती)","सा सीता-सन्निधौ एव कथित-अन्वया (सती) तम् वव्रे हि अति आरूढः नारीणाम् मनस्-भवः अकाल-ज्ञः (भवति)","सा सीतासंनिधावेव तं वव्रे कथितान्वया।# अत्यारूढो हि नारीणामकालज्ञो मनोभवः॥33॥"
"कलत्र-वान् अहम् बाले कनीयांसम् भजस्व मे इति रामः वृषस्यन्तीम् वृष-स्कन्धः शशास ताम् (अस्मि) च​","वृष-स्कन्धः रामः वृषस्यन्तीम् ताम् बाले अहम् कलत्र-वान् (अस्मि) मे कनीयांसम् भजस्व च​ इति शशास","कलत्रवानहं बाले कनीयांसं भजस्व मे।# इति रामो वृषस्यन्तीं वृषस्कन्धः शशास ताम्॥34॥"
"ज्येष्ठ​-अभिगमनात् पूर्वम् तेन अपि अन्-अभिनन्दिता सा अभूत् राम-आश्रया भूयः नदी-इव उभय-कूल-भाज्","पूर्वम् ज्येष्ठ​-अभिगमनात् तेन अपि अन्-अभिनन्दिता भूयः राम-आश्रया सा उभय-कूल-भाज् नदी-इव अभूत्","ज्येष्ठाभिगमनात्पूर्वं तेनाप्यनभिनन्दिता।#साऽभूद्रामाश्रया भूयो नदीवोभयकूलभाक्॥35॥"
"मैथिली-हासः क्षण-सौम्याम् ताम् नि-वात-स्तिमिताम् उदधेः वेलाम् चन्द्र-उदयः-इव संरम्भं निनाय","संरम्भं मैथिली-हासः क्षण-सौम्याम् निनाय ताम् नि-वात-स्तिमिताम् वेलाम् चन्द्र-उदयः-इव उदधेः","संरम्भं मैथिलीहासः क्षणसौम्यां निनाय ताम्।#निवातस्तिमितां वेलां चन्द्रोदय इवोदधेः॥36॥"
"फलम् अस्य उपहासस्य सद्यः प्राप्स्यसि पश्य माम् मृग्याः परिभवः व्याघ्र्याम् इति अवेहि त्वया कृतम् (अस्ति)","अस्य उपहासस्य फलम् सद्यः प्राप्स्यसि माम् पश्य त्वया कृतम् व्याघ्र्याम् मृग्याः परिभवः (अस्ति) इति अवेहि","फलमस्योपहासस्य सद्यः प्राप्स्यसि पश्य माम्।# मृग्याः परिभवो व्याघ्र्यामित्यवेहि त्वया कृतम्॥37॥"
"भयात् भर्तुः अङ्के निविशतीम् मैथिलीं इति उक्त्वा शूर्पणखा नाम्नः सदृशम् रूपम् प्रत्यपद्यत","इति उक्त्वा मैथिलीं भर्तुः अङ्के निविशतीम् भयात् रूपम् शूर्पणखा नाम्नः सदृशम् प्रत्यपद्यत","इत्युक्त्वा मैथिलीं भर्तुरङ्के निविशतीं भयात्।#रूपं शूर्पणखा नाम्नः सदृशं प्रत्यपद्यत॥38॥"
"लक्ष्मणः प्रथमं कोकिला-मञ्जु-वादिनीम् पश्चात् शिव-अघोर-स्वनाम् ताम् श्रुत्वा विकृता इति बुबुधे","लक्ष्मणः प्रथमं श्रुत्वा कोकिला-मञ्जु-वादिनीम् शिव-अघोर-स्वनाम् पश्चात् बुबुधे विकृता इति ताम्","लक्ष्मणः प्रथमं श्रुत्वा कोकिलामञ्जुवादिनीम्।#शिवाघोरस्वनां पश्चाद्बुबुधे विकृतेति ताम्॥39॥"
"अथ सः विकृष्ट-असिः (सन्) क्षिप्रं पर्ण-शालाम् प्रविश्य भीषणां ताम् वैरूप्य-पौनरुक्त्येन अयोजयत्","पर्ण-शालाम् अथ क्षिप्रं विकृष्ट-असिः (सन्) प्रविश्य सः वैरूप्य-पौनरुक्त्येन भीषणां अयोजयत् ताम्","पर्णशालामथ क्षिप्रं विकृष्टासिः प्रविश्य सः।#वैरूप्यपौनरुक्त्येन भीषणां तामयोजयत्॥40॥"
"सा वक्र-नख-धारिण्या वेणु-कर्कश-पर्वया अङ्कुश-आकारया अङ्गुल्या तौ अतर्जयत् अम्बरे","सा वक्र-नख-धारिण्या वेणु-कर्कश-पर्वया अङ्कुश-आकारया अङ्गुल्या तौ अम्बरे अतर्जयत्","सा वक्रनखधारिण्या वेणुकर्कशपर्वया।#अङ्कुशाकारयाङ्गुल्या तावतर्जयदम्बरे॥41॥"
"प्राप्य च आशु जन-स्थानं खर-आदिभ्यः तथाविधम् राम-उपक्रमं आचख्यौ रक्षः-परिभवं नवम् (सा)","(सा) आशु जन-स्थानं प्राप्य खर-आदिभ्यः तथाविधम् राम-उपक्रमं नवम् रक्षः-परिभवं आचख्यौ च","प्राप्य चाशु जनस्थानं खरादिभ्यस्तथाविधम्।#रामोपक्रममाचख्यौ रक्षःपरिभवं नवम्॥42॥"
"मुख-अवयव-लूनाम् ताम् नैरृताः यत् पुरः दधुः राम-अभि-यायिनाम् तेषाम् तत् एव अभूत् अ-मङ्गलम्","नैरृताः मुख-अवयव-लूनाम् ताम् पुरः दधुः यत् तत् एव तेषाम् अ-मङ्गलम् राम-अभि-यायिनाम् अभूत्","मुखावयवलूनां तां नैरृता यत्पुरो दधुः।#रामाभियायिनां तेषां तदेवाभूदमङ्गलम्॥43॥"
"उद्-आयुधान् आपततः दृप्तान् तान् प्रेक्ष्य राघवः चापे विजय-आशंसाम् लक्ष्मणे सीताम् च निदधे","उद्-आयुधान् आपततः तान् दृप्तान् प्रेक्ष्य राघवः निदधे विजय-आशंसाम् चापे सीताम् च लक्ष्मणे","उदायुधानापततस्तान्दृप्तान्प्रेक्ष्य राघवः।#निदधे विजयाशंसां चापे सीतां च लक्ष्मणे॥44॥"
"एकः दाशरथिः कामम् यातु-धानाः सहस्रशः ते तु यावन्तः एव आजौ तावान् च​ ददृशे सः तैः (सन्ति) (अस्ति) (आसन्)","दाशरथिः एकः (अस्ति) यातु-धानाः कामम् सहस्रशः (सन्ति) तु तैः सः आजौ ते यावन्तः (आसन्) एव तावान् च​ ददृशे","एको दाशरथिः कामं यातुधानाः सहस्रशः।# ते तु यावन्त एवाजौ तावांश्च ददृशे स तैः॥45॥"
"अ-सज्जनेन काकुत्स्थः प्रयुक्तम् अथ दूषणम् न चक्षमे शुभ-आचारः सः दूषणम्-इव आत्मनः","अथ शुभ-आचारः सः काकुत्स्थः अ-सज्जनेन प्रयुक्तम् दूषणम् आत्मनः दूषणम्-इव न चक्षमे","असज्जनेन काकुत्स्थः प्रयुक्तमथ दूषणम्।#न चक्षमे शुभाचारः स दूषणमिवात्मनः॥46॥"
"तम् शरैः प्रतिजग्राह खर-त्रि-शिरसौ च सः क्रमशः ते पुनः तस्य चापात् समम् इव उद्ययुः (प्रयुक्ताः अपि)","सः तम् खर-त्रि-शिरसौ च शरैः प्रतिजग्राह क्रमशः (प्रयुक्ताः अपि) तस्य ते पुनः चापात् समम् इव उद्ययुः","तं शरैः प्रतिजग्राह खरत्रिशिरसौ च सः।# क्रमशस्ते पुनस्तस्य चापात्सममिवोद्ययुः॥47॥"
"देह-अतिगैः यथापूर्व-विशुद्धिभिः शितैः तैः बाणैः त्रयाणाम् आयुः पीतम् रुधिरम् तु पतत्रिभिः (पीतम्)","तैः त्रयाणाम् शितैः बाणैः यथापूर्व-विशुद्धिभिः आयुः देह-अतिगैः पीतम् रुधिरम् तु पतत्रिभिः (पीतम्)","तैस्त्रयाणां शितैर्बाणैर्यथापूर्वविशुद्धिभिः।#आयुर्देहातिगैः पीतं रुधिरं तु पतत्रिभिः॥48॥"
"तस्मिन् राम-शरः-उत्कृत्ते महति रक्षसाम् बले उत्थितम् कबन्धेभ्यः अन्यत् च किञ्चन न ददृशे","तस्मिन् राम-शरः-उत्कृत्ते बले महति रक्षसाम् उत्थितम् ददृशे अन्यत् च कबन्धेभ्यः न किञ्चन","तस्मिन्रामशरोत्कृत्ते बले महति रक्षसाम्।#उत्थितं ददृशेऽन्न्यच्च कबन्धेभ्यो न किञ्चन॥49॥"
"सा सुर-द्विषाम् वरूथिनी बाणवर्षिणम् रामम् योधयित्वा गृध्र-छाये अ-प्रबोधाय सुष्वाप","सा बाणवर्षिणम् रामम् योधयित्वा सुर-द्विषाम् अ-प्रबोधाय सुष्वाप गृध्र-छाये वरूथिनी","सा बाणवर्षिणं रामं योधयित्वा सुरद्विषाम्।#अप्रबोधाय सुष्वाप गृध्रच्छाये वरूथिनी॥50॥"
"एका शूर्प-णखा एव रावणम् प्रति राघव-अस्त्र-विदीर्णानाम् तेषाम् रक्षसाम् दुष्प्रवृत्ति-हरा अभवत्","राघव-अस्त्र-विदीर्णानाम् रावणम् प्रति रक्षसाम् तेषाम् शूर्प-णखा एव एका दुष्प्रवृत्ति-हरा अभवत्","राघवास्त्रविदीर्णानां रावणं प्रति रक्षसाम्।#तेषां शूर्पणखैवैका दुष्प्रवृत्तिहराऽभवत्॥51॥"
"स्वसुः निग्रहात् आप्तानाम् वधात् च धनद-अनुजः रामेण दशसु मूर्धसु पदम् निहितम् (इति) मेने","निग्रहात् स्वसुः आप्तानाम् वधात् च धनद-अनुजः रामेण निहितम् मेने पदम् दशसु मूर्धसु (इति)","निग्रहात्स्वसुराप्तानां वधाच्च धनदानुजः।#रामेण निहितं मेने पदं दशसु मूर्धसु॥52॥"
"सः मृग-रूपेण रक्षसा राघवौ वञ्चयित्वा पक्षि-इन्द्र-प्रयास-क्षण-विघ्नितः सीतां जहार","रक्षसा मृग-रूपेण वञ्चयित्वा सः राघवौ जहार सीतां पक्षि-इन्द्र-प्रयास-क्षण-विघ्नितः","रक्षसा मृगरूपेण वञ्चयित्वा स राघवौ।#जहार सीतां पक्षीन्द्रप्रयासक्षणविघ्नितः॥53॥"
"तौ सीता-अन्वेषिणौ गृध्रं लून-पक्षम् अपश्यताम् प्राणैः दशरथ-प्रीतेः अ-नृणं कण्ठवर्तिभिः","सीता-अन्वेषिणौ तौ लून-पक्षम् कण्ठवर्तिभिः प्राणैः दशरथ-प्रीतेः अ-नृणं गृध्रं अपश्यताम्","तौ सीतान्वेषिणौ गृध्रं लूनपक्षमपश्यताम्।#प्राणैर्दशरथप्रीतेरनृणं कण्ठवर्तिभिः॥54॥"
"सः रावण-हृताम् ताभ्याम् वचसा आचष्ट मैथिलीम् आत्मनः सुमहत् कर्म व्रणैः आवेद्य संस्थितः (च)","सः रावण-हृताम् मैथिलीम् ताभ्याम् वचसा आचष्ट आत्मनः सुमहत् कर्म व्रणैः आवेद्य (च) संस्थितः","स रावणहृतां ताभ्यां वचसाचष्ट मैथिलीम्।# आत्मनः सुमहत्कर्म व्रणैरावेद्य संस्थितः॥55॥"
"तयोः तस्मिन् नवी-भूत-पितृ-व्यापत्ति-शोकयोः पितरि-इव अग्नि-संस्कारात् पराः ववृतिरे क्रियाः","नवी-भूत-पितृ-व्यापत्ति-शोकयोः तयोः तस्मिन् पितरि-इव अग्नि-संस्कारात् पराः क्रियाः ववृतिरे","तयोस्तस्मिन्नवीभूतपितृव्यापत्तिशोकयोः।#पितरीवाग्निसंस्कारात्परा ववृतिरे क्रियाः॥56॥"
"वध-निर्धूत-शापस्य कबन्धस्य उपदेशतः रामस्य समान-व्यसने हरौ सख्यं मुमूर्च्छ","वध-निर्धूत-शापस्य कबन्धस्य उपदेशतः मुमूर्च्छ सख्यं रामस्य समान-व्यसने हरौ","वधनिर्धूतशापस्य कबन्धस्योपदेशतः।#मुमूर्च्छ सख्यं रामस्य समानव्यसने हरौ॥57॥"
"सः हत्वा वालिनं वीरः तत्-पदे चिर-काङ्क्षिते धातोः स्थाने आदेशम्-इव सुग्रीवम् सम्_नि_अवेशयत्","वीरः सः वालिनं हत्वा चिर-काङ्क्षिते तत्-पदे धातोः स्थाने आदेशम्-इव सुग्रीवम् सम्_नि_अवेशयत्","स हत्वा वालिनं वीरस्तत्पदे चिरकाङ्क्षिते।#धातोः स्थान इवादेशं सुग्रीवं संन्यवेशयत्॥58॥"
"इतस्ततः च वैदेहीम् अन्वेष्टुम् भर्तृ-चोदिताः कपयः चेरुः आर्तस्य रामस्य मनः-रथाः-इव","वैदेहीम् अन्वेष्टुम् भर्तृ-चोदिताः कपयः आर्तस्य रामस्य मनः-रथाः-इव इतस्ततः च चेरुः","इतस्ततश्च वैदेहीमन्वेष्टुं भर्तृचोदिताः।#कपयश्चेरुरार्तस्य रामस्येव मनोरथाः॥59॥"
"प्रवृत्तौ उपलब्धायाम् तस्याः संपाति-दर्शनात् मारुतिः सागरम् तीर्णः संसारम्-इव निर्ममः","संपाति-दर्शनात् तस्याः प्रवृत्तौ उपलब्धायाम् मारुतिः सागरम् निर्ममः संसारम्-इव तीर्णः","प्रवृत्तावुपलब्धायां तस्याः संपातिदर्शनात्।#मारुतिः सागरं तीर्णः संसारमिव निर्ममः॥60॥"
"लङ्कायाम् वि-चिन्वता तेन राक्षसी-वृता जानकी विष-वल्लीभिः परिता महा-ओषधिः-इव दृष्टा","दृष्टा वि-चिन्वता तेन लङ्कायाम् राक्षसी-वृता जानकी विष-वल्लीभिः परिता महा-ओषधिः-इव","दृष्टा विचिन्वता तेन लङ्कायां राक्षसीवृता।#जानकी विषवल्लीभिः परितेव महौषधिः॥61॥"
"कपिः भर्तुः अभिज्ञानम् अङ्गुलीयम् तस्यै अ-नुष्णैः ददौ तद्-आनन्द-अश्रु-बिन्दुभिः प्रति-उत्-गतम् इव","नुष्णैः तस्यै भर्तुः अभिज्ञानम् अङ्गुलीयम् अ-ददौ कपिः प्रति-उत्-गतम् इव तद्-आनन्द-अश्रु-बिन्दुभिः","तस्यै भर्तुरभिज्ञानमङ्गुलीयं ददौ कपिः।#प्रत्युद्गतमिवानुष्णैस्तदानन्दाश्रुबिन्दुभिः॥62॥"
"निर्वाप्य प्रिय-सन्देशैः सीताम् अक्ष-वध-उद्धतः सः ददाह पुरीम् लङ्काम् क्षण-सोढ-अरि-निग्रहः","सः प्रिय-सन्देशैः सीताम् निर्वाप्य अक्ष-वध-उद्धतः क्षण-सोढ-अरि-निग्रहः लङ्काम् पुरीम् ददाह","निर्वाप्य प्रियसंदेशैः सीतामक्षवधोद्धतः।#स ददाह पुरीं लङ्कां क्षणसोढारिनिग्रहः॥63॥"
"कृती मूर्ति-मत् स्वयम् आयातम् वैदेह्याः हृदयम् इव प्रति-अभिज्ञान-रत्नम् च रामाय अदर्शयत्","प्रति-अभिज्ञान-रत्नम् च रामाय अदर्शयत् कृती हृदयम् स्वयम् आयातम् वैदेह्याः इव मूर्ति-मत्","प्रत्यभिज्ञानरत्नं च रामायादर्शयत्कृती।#हृदयं स्वयमायातं वैदेह्या इव मूर्तिमत्॥64॥"
"हृदय-न्यस्तमणि-स्पर्श-निमीलितः सः अपयोधर-संसर्गां प्रिया-आलिङ्गन-निर्वृतिम् प्राप","सः प्राप हृदय-न्यस्तमणि-स्पर्श-निमीलितः अपयोधर-संसर्गां प्रिया-आलिङ्गन-निर्वृतिम्","स प्राप हृदयन्यस्तमणिस्पर्शनिमीलितः।#अपयोधरसंसर्गां प्रियालिङ्गननिर्वृतिम्॥65॥"
"प्रिय-उदन्तं श्रुत्वा तत्-सङ्गम-उत्सुकः रामः लङ्कायाः महा-अर्णव-परिक्षेपं परिखा-लघुम् मेने","श्रुत्वा रामः प्रिय-उदन्तं मेने तत्-सङ्गम-उत्सुकः महा-अर्णव-परिक्षेपं लङ्कायाः परिखा-लघुम्","श्रुत्वा रामः प्रियोदन्तं मेने तत्सङ्गमोत्सुकः।#महार्णवपरिक्षेपं लङ्कायाः परिखालघुम्॥66॥"
"केवलम् भुवः पृष्ठे न (अनुद्रुतः) व्योम्नि संबाध-वर्तिभिः हरि-सैन्यैः अनुद्रुतः (सन्) सः अरि-नाशाय प्रतस्थे (च)","सः प्रतस्थे अरि-नाशाय हरि-सैन्यैः अनुद्रुतः (सन्) न केवलम् भुवः पृष्ठे (अनुद्रुतः) व्योम्नि संबाध-वर्तिभिः (च)","स प्रतस्थेऽरिनाशाय हरिसैन्यैरनुद्रुतः।#न केवलं भुवः पृष्ठे व्योम्नि संबाधवर्तिभिः॥67॥"
"उदधेः कूले निविष्टम् तम् बिभीषणः राक्षस-लक्ष्म्या स्नेहात् बुद्धिम् आविश्य चोदितः इव प्रपेदे","निविष्टम् उदधेः कूले तम् प्रपेदे बिभीषणः स्नेहात् राक्षस-लक्ष्म्या बुद्धिम् आविश्य चोदितः इव","निविष्टमुदधेः कूले तं प्रपेदे बिभीषणः।#स्नेहाद्राक्षसलक्ष्म्येव बुद्धिमाविश्य चोदितः॥68॥"
"राघवः तस्मै निशाचर-ऐश्वर्यं प्रतिशुश्राव काले सम्-आरब्धाः नीतयः फलं बध्नन्ति खलु","तस्मै निशाचर-ऐश्वर्यं प्रतिशुश्राव राघवः काले खलु सम्-आरब्धाः फलं बध्नन्ति नीतयः","तस्मै निशाचरैश्वर्यं प्रतिशुश्राव राघवः।#काले खलु समारब्धाः फलं बध्नन्ति नीतयः॥69॥"
"सः प्लवगैः लवण-अम्भसि शार्ङ्गिणः स्वप्नाय रसा-तलात् उन्मग्नं शेषं-इव सेतुं बन्धयामास","सः सेतुं बन्धयामास प्लवगैः लवण-अम्भसि रसा-तलात् उन्मग्नं शेषं-इव स्वप्नाय शार्ङ्गिणः","स सेतुं बन्धयामास प्लवगैर्लवणाम्भसि।#रसातलादिवोन्मग्नं शेषं स्वप्नाय शार्ङ्गिणः॥70॥"
"तेन पथा उत्तीर्य द्वितीयम् हेम-प्राकारं इव कुर्वद्भिः पिङ्गलैः वानरैः लङ्कां रोधयामास","तेन उत्तीर्य पथा लङ्कां रोधयामास पिङ्गलैः द्वितीयम् हेम-प्राकारं कुर्वद्भिः इव वानरैः","तेनोत्तीर्य पथा लङ्कां रोधयामास पिङ्गलैः।#द्वितीयं हेमप्राकारं कुर्वद्भिरिव वानरैः॥71॥"
"तत्र प्लवग-रक्षसाम् भीमः दिक्-विजृम्भित-काकुत्स्थ-पौलस्त्य-जय-घोषणः रणः प्रववृते","रणः प्रववृते तत्र भीमः प्लवग-रक्षसाम् दिक्-विजृम्भित-काकुत्स्थ-पौलस्त्य-जय-घोषणः","रणः प्रववृते तत्र भीमः प्लवगरक्षसाम्।#दिग्विजृम्भितकाकुत्स्थपौलस्त्यजयघोषणः॥72॥"
"पादप-आविद्ध-परिघः शिला-निष्पिष्ट-मुद्गरः अति-शस्त्र-नख-न्यासः शैल-रुग्ण-मतङ्गजः (रणः) (प्रववृते)","पादप-आविद्ध-परिघः शिला-निष्पिष्ट-मुद्गरः अति-शस्त्र-नख-न्यासः शैल-रुग्ण-मतङ्गजः (रणः) (प्रववृते)","पादपाविद्धपरिघः शिलानिष्पिष्टमुद्गरः।#अतिशस्त्रनखन्यासः शैलरुग्णमतङ्गजः॥73॥"
"अथ राम-शिरस्-छेद-दर्शन-उद्भ्रान्ता-चेतनाम् सीताम् माया इति शंसन्ती त्रिजटा समजीवयत्","अथ राम-शिरस्-छेद-दर्शन-उद्भ्रान्ता-चेतनाम् सीताम् त्रिजटा माया इति शंसन्ती समजीवयत्","अथ रामशिरश्छेददर्शनोद्भ्रान्तचेतनाम्।#सीतां मायेति शंसन्ती त्रिजटा समजीवयत्॥74॥"
"कामम् जीवति मे नाथः इति सा विजहौ शुचम् प्राक् मत्वा सत्यम् अस्य अन्तम् जीविता अस्मि इति लज्जिता (अहम्) (सा) (आसीत्)","सा मे नाथः जीवति इति शुचम् कामम् विजहौ प्राक् अस्य अन्तम् सत्यम् मत्वा (अहम्) जीविता अस्मि इति (सा) लज्जिता (आसीत्)","कामं जीवति मे नाथ इति सा विजहौ शुचम्।# प्राङ्मत्वा सत्यमस्यान्तं जीवितास्मीति लज्जिता॥75॥"
"गरुड-आपात-विश्लिष्ट-मेघ-नाद-अस्त्र-बन्धनः दाशरथ्योः क्षण-क्लेशः स्वप्न-वृत्तः इव अभवत्","गरुड-आपात-विश्लिष्ट-मेघ-नाद-अस्त्र-बन्धनः क्षण-क्लेशः दाशरथ्योः स्वप्न-वृत्तः इव अभवत्","गरुडापातविश्लिष्टमेघनादास्त्रबन्धनः।#दाशरथ्योः क्षणक्लेशः स्वप्नवृत्त इवाभवत्॥76॥"
"ततः बिभेद पौलस्त्यः शक्त्या वक्षसि लक्ष्मणम् रामः तु अनाहतः अपि आसीत् विदीर्ण-हृदयः शुचा","ततः पौलस्त्यः शक्त्या लक्ष्मणम् वक्षसि बिभेद रामः तु अनाहतः अपि शुचा विदीर्ण-हृदयः आसीत्","ततो बिभेद पौलस्त्यः शक्त्या वक्षसि लक्ष्मणम्।# रामस्त्वनाहतोऽप्यासीद्विदीर्णहृदयः शुचा॥77॥"
"सः मारुति-सम्-आनीत-महा-ओषधि-हत-व्यथः लङ्का-स्त्रीणाम् पुनः चक्रे विलाप-आचार्यकम् शरैः (सन्)","सः मारुति-सम्-आनीत-महा-ओषधि-हत-व्यथः (सन्) पुनः शरैः लङ्का-स्त्रीणाम् विलाप-आचार्यकम् चक्रे","स मारुतिसमानीतमहौषधिहतव्यथः।#लङ्कास्त्रीणां पुनश्चक्रे विलापाचार्यकं शरैः॥78॥"
"सः नादम् मेघ-नादस्य धनुः च इन्द्र-आयुध-प्रभम् मेघस्य शरद्-कालः-इव न किञ्चित् पर्यशेषयत्","सः मेघ-नादस्य नादम् इन्द्र-आयुध-प्रभम् धनुः च मेघस्य शरद्-कालः-इव किञ्चित् न पर्यशेषयत्","स नादं मेघनादस्य धनुश्चेन्द्रायुधप्रभम्।#मेघस्येव शरत्कालो न किञ्चित्पर्यशेषयत्॥79॥"
"कुम्भ-कर्णः कपि-इन्द्रेण तुल्य-अवस्थः स्वसुः कृतः रुरोध रामम् शृङ्गी-इव टङ्कः-छिन्नः-मनः-शिलः","कपि-इन्द्रेण स्वसुः तुल्य-अवस्थः कृतः कुम्भ-कर्णः टङ्कः-छिन्नः-मनः-शिलः शृङ्गी-इव रामम् रुरोध","कुम्भकर्णः कपीन्द्रेण तुल्यावस्थः स्वसुः कृतः।#रुरोध रामं शृङ्गीव टङ्कच्छिन्नमनःशिलः॥80॥"
"अ-काले बोधितः भ्रात्रा प्रिय-स्वप्नः वृथा भवान् राम-इषुभिः इति इव असौ दीर्घ-निद्रां प्रवेशितः","प्रिय-स्वप्नः भवान् वृथा भ्रात्रा अ-काले बोधितः इति इव असौ राम-इषुभिः दीर्घ-निद्रां प्रवेशितः","अकाले बोधितो भ्रात्रा प्रियस्वप्नो वृथा भवान्।#रामेषुभिरितीवासौ दीर्घनिद्रां प्रवेशितः॥81॥"
"इतराणि रक्षांसि अपि वानर-कोटिषु समर-उत्थानि रजांसि-इव तत्-शोणित-नदीषु पेतुः","इतराणि अपि रक्षांसि पेतुः वानर-कोटिषु रजांसि-इव समर-उत्थानि तत्-शोणित-नदीषु","इतराण्यपि रक्षांसि पेतुर्वानरकोटिषु।#रजांसि समरोत्थानि तच्छोणितनदीष्विव॥82॥"
"निर्ययौ अथ पौलस्त्यः पुनः युद्धाय मन्दिरात् अरावणम् अरामम् वा जगत् अद्य इति निश्चितः (भवेत्) (सन्)","अथ पौलस्त्यः अद्य जगत् अरावणम् अरामम् वा (भवेत्) इति निश्चितः (सन्) पुनः युद्धाय मन्दिरात् निर्ययौ","निर्ययावथ पौलस्त्यः पुनर्युद्धाय मन्दिरात्।#अरावणमरामं वा जगदद्येति निश्चितः॥83॥"
"पदातिं रामं वरूथिनं लङ्का-ईशम् च आलोक्य पुरन्दरः हरि-युग्यं रथं तस्मै प्रजिघाय","रामं पदातिं आलोक्य लङ्का-ईशम् च वरूथिनं हरि-युग्यं रथं तस्मै प्रजिघाय पुरन्दरः","रामं पदातिमालोक्य लङ्केशं च वरूथिनम्।#हरियुग्यं रथं तस्मै प्रजिघाय पुरन्दरः॥84॥"
"राघवः व्योम-गङ्गः-ऊर्मि-वायुभिः आधूत-ध्वज-पटम् जैत्रम् तम् देव-सूत-भुज-आलम्बी (सन्) अध्यास्त","तम् आधूत-ध्वज-पटम् व्योम-गङ्गः-ऊर्मि-वायुभिः देव-सूत-भुज-आलम्बी (सन्) जैत्रम् अध्यास्त राघवः","तमाधूतध्वजपटं व्योमगङ्गोर्मिवायुभिः।#देवसूतभुजालम्बी जैत्रमध्यास्त राघवः॥85॥"
"मातलिः तस्य माहेन्द्रम् आमुमोच तनु-छदम् यत्र उत्पल-दल-क्लैब्यम् अस्त्राणि आपुः सुर-द्विषाम्","मातलिः तस्य माहेन्द्रम् तनु-छदम् आमुमोच यत्र सुर-द्विषाम् अस्त्राणि उत्पल-दल-क्लैब्यम् आपुः","मातलिस्तस्य माहेन्द्रमामुमोच तनुच्छदम्।#यत्रोत्पलदलक्लैब्यमस्त्राण्यापुः सुरद्विषाम्॥86॥"
"चिरात् अन्योन्य-दर्शन-प्राप्त-विक्रम-अवसरम् राम-रावणयोः युद्धम् चरितार्थम् इव अभवत्","अन्योन्य-दर्शन-प्राप्त-विक्रम-अवसरम् चिरात् राम-रावणयोः युद्धम् चरितार्थम् इव अभवत्","अन्योन्यदर्शनप्राप्तविक्रमावसरं चिरात्।#रामरावणयोर्युद्धं चरितार्थमिवाभवत्॥87॥"
"अ-यथा-पूर्वः एकः अपि धनद-अनुजः भुज-मूर्धा-ऊरु-बाहुल्यात् मातृ-वंशे स्थितः इव ददृशे हि","भुज-मूर्धा-ऊरु-बाहुल्यात् एकः अपि धनद-अनुजः हि ददृशे अ-यथा-पूर्वः मातृ-वंशे इव स्थितः","भुजमूर्धोरुबाहुल्यादेकोऽपि धनदानुजः।#ददृशे ह्ययथापूर्वो मातृवंश इव स्थितः॥88॥"
"जेतारम् लोक-पालानाम् स्व-मुखैः अर्चित-ईश्वरम् रामः तुलित-कैलासम् अरातिम् बहु अमन्यत","लोक-पालानाम् जेतारम् स्व-मुखैः अर्चित-ईश्वरम् रामः तुलित-कैलासम् अरातिम् बहु अमन्यत","जेतारं लोकपालानां स्वमुखैरर्चितेश्वरम्।#रामस्तुलितकैलासमरातिं बह्वमन्यत॥89॥"
"अधिक-क्रोधः पौलस्त्यः स्फुरति सीता-सङ्गम-शम्सिनि सव्य-इतरे तस्य भुजे शरम् निचखान","तस्य स्फुरति पौलस्त्यः सीता-सङ्गम-शम्सिनि निचखान अधिक-क्रोधः शरम् सव्य-इतरे भुजे","तस्य स्फुरति पौलस्त्यः सीतासंगमशंसिनि।#निचखानाधिकक्रोधः शरं सव्येतरे भुजे॥90॥"
"रामास्तः आशुगः रावणस्य अपि हृदयम् भित्वा उरगेभ्यः प्रियम् आख्यातुम् इव भुवम् विवेश","रावणस्य अपि रामास्तः भित्वा हृदयम् आशुगः विवेश भुवम् आख्यातुम् उरगेभ्यः इव प्रियम्","रावणस्यापि रामास्तो भित्त्वा हृदयमाशुगः।#विवेश भुवमाख्यातुमुरगेभ्य इव प्रियम्॥91॥"
"वाक्यम् वचसा एव​ अस्त्रम् अस्त्रेण (च) निघ्नतोः तयोः वादिनोः-इव अन्योन्य-जय-संरम्भः ववृधे","वचसा एव​ तयोः वाक्यम् अस्त्रम् अस्त्रेण निघ्नतोः (च) अन्योन्य-जय-संरम्भः ववृधे वादिनोः-इव","वचसैव तयोर्वाक्यमस्त्रमस्त्रेण निघ्नतोः।#अन्योन्यजयसंरम्भो ववृधे वादिनोरिव॥92॥"
"जय-श्रीः विक्रम-व्यतिहारेण द्वयोः अपि अन्तरा वेदिः-इव मत्त-वारणयोः सामान्या अभूत्","विक्रम-व्यतिहारेण सामान्या अभूत् द्वयोः अपि जय-श्रीः अन्तरा वेदिः-इव मत्त-वारणयोः","विक्रमव्यतिहारेण सामान्याऽभूद्द्वयोरपि।#जयश्रीरन्तरा वेदिर्मत्तवारणयोरिव॥93॥"
"कृत-प्रतिकृत-प्रीतैः सुर-असुरैः तयोः मुक्ताम् पुष्प-वृष्टिम् परस्पर-शर-व्राताः न सेहिरे","कृत-प्रतिकृत-प्रीतैः तयोः मुक्ताम् सुर-असुरैः परस्पर-शर-व्राताः पुष्प-वृष्टिम् न सेहिरे","कृतप्रतिकृतप्रीतैस्तयोर्मुक्तां सुरासुरैः।#परस्परशरव्राताः पुष्पवृष्टिं न सेहिरे॥94॥"
"अथ रक्षः अयः-शङ्कुचिताम् शतघ्नीम् हृताम् वैवस्वतस्य कूट-शाल्मलिम्-इव शत्रवे अक्षिपत्","अयः-शङ्कुचिताम् रक्षः शतघ्नीम् अथ शत्रवे हृताम् वैवस्वतस्य कूट-शाल्मलिम्-इव अक्षिपत्","अयःशङ्कुचितां रक्षः शतघ्नीमथ शत्रवे।#हृतां वैवस्वतस्येव कूटशाल्मलिमक्षिपत्॥95॥"
"राघवः रथम् अ-प्राप्ताम् ताम् सुर-द्विषाम् आशाम् च अर्ध-चन्द्र-मुखैः बाणैः कदली-सुखम् चिच्छेद","राघवः रथम् अ-प्राप्ताम् ताम् आशाम् च सुर-द्विषाम् अर्ध-चन्द्र-मुखैः बाणैः चिच्छेद कदली-सुखम्","राघवो रथमप्राप्तां तामाशां च सुरद्विषाम्।#अर्धचन्द्रमुखैर्बाणैश्चिच्छेद कदलीसुखम्॥96॥"
"एक-धनुः-धरः प्रिया-शोक-शल्य-निष्कर्षण-औषधम् अ-मोघम् ब्राह्म्म-अस्त्रम् अस्मै च धनुषि सन्दधे","अ-मोघम् सन्दधे च अस्मै धनुषि एक-धनुः-धरः ब्राह्म्म-अस्त्रम् प्रिया-शोक-शल्य-निष्कर्षण-औषधम्","अमोघं संदधे चास्मै धनुष्येकधनुर्धरः।#ब्राह्ममस्त्रं प्रियाशोकशल्यनिष्कर्षणौषधम्॥97॥"
"व्योम्नि शतधा भिन्नम् दीप्तिमत्-मुखम् तत् कराल-फणमण्डलम् महा-उरगस्य वपुः-इव ददृशे","तत् व्योम्नि शतधा भिन्नम् ददृशे दीप्तिमत्-मुखम् वपुः-इव महा-उरगस्य कराल-फणमण्डलम्","तद्व्योम्नि शतधा भिन्नं ददृशे दीप्तिमन्मुखम्।#वपुर्महोरगस्येव करालफणमण्डलम्॥98॥"
"सः मन्त्र-प्रयुक्तेन तेन अज्ञात-व्रण-वेदनाम् रावण-शिर-पङ्क्तिम् निमेष-अर्धात् अपातयत्","तेन मन्त्र-प्रयुक्तेन निमेष-अर्धात् अपातयत् सः रावण-शिर-पङ्क्तिम् अज्ञात-व्रण-वेदनाम्","तेन मन्त्रप्रयुक्तेन निमेषार्धादपातयत्।#स रावणशिरःपङ्क्तिमज्ञातव्रणवेदनाम्॥99॥"
"बाल-अर्क-प्रतिमा-इव अप्सु वीचि-भिन्ना पतिष्यतः रराज रक्षः-कायस्य कण्ठ-छेद-परम्परा","पतिष्यतः रक्षः-कायस्य कण्ठ-छेद-परम्परा वीचि-भिन्ना अप्सु बाल-अर्क-प्रतिमा-इव रराज","बालार्कप्रतिमेवाप्सु वीचिभिन्ना पतिष्यतः।#रराज रक्षःकायस्य कण्ठच्छेदपरम्परा॥100॥"
"मरुताम् पश्यताम् तस्य शिरांसि पतितानि अपि मनः न अति_विशश्वास पुनः-सन्धान-शङ्किनाम्","पतितानि तस्य शिरांसि पश्यताम् अपि पुनः-सन्धान-शङ्किनाम् मरुताम् मनः न अति_विशश्वास","मरुतां पश्यतां तस्य शिरांसि पतितान्यपि।#मनो नातिविशश्वास पुनःसंधानशङ्किनाम्॥101॥"
"अथ मद-गुरु-पक्षैः लोक-पाल-द्विपानाम् अनुगतम् अलि-वृन्दैः गण्ड-भित्तीः विहाय उपनतमणिबन्धे मूर्ध्नि पौलस्त्य-शत्रोः सुरभि सुर-विमुक्तम् पुष्प-वर्षम् पपात","अथ मद-गुरु-पक्षैः अलि-वृन्दैः लोक-पाल-द्विपानाम् गण्ड-भित्तीः विहाय अनुगतम् सुरभि सुर-विमुक्तम् पुष्प-वर्षम् पौलस्त्य-शत्रोः उपनतमणिबन्धे मूर्ध्नि पपात","अथ मदगुरुपक्षैर्लोकपालद्विपानामनुगतमलिवृन्दैर्गण्डभित्तीर्विहाय।#उपनतमणिबन्धे मूर्ध्नि पौलस्त्यशत्रोः सुरभि सुरविमुक्तं पुष्पवर्षं पपात॥102॥"
"हरेः यन्ता सपदि संहृत-कार्मुकज्यं अनुष्ठित-देवकार्यं राघवम् आपृच्छ्य नामाङ्क-रावण-शराङ्कित-केतुयष्टिम् हरि-सहस्र-युजम् रथम् ऊर्ध्वम् निनाय","यन्ता हरेः सपदि संहृत-कार्मुकज्यं आपृच्छ्य राघवम् अनुष्ठित-देवकार्यं नामाङ्क-रावण-शराङ्कित-केतुयष्टिम् ऊर्ध्वम् रथम् हरि-सहस्र-युजम् निनाय","यन्ता हरेः सपदि संहृतकार्मुकज्यमापृच्छ्य राघवमनुष्ठितदेवकार्यम्।#नामाङ्करावणशराङ्कितकेतुयष्टिमूर्ध्वं रथं हरिसहस्रयुजं निनाय॥103॥"
"रघुपतिः अपि जात-वेदः-विशुद्धाम् प्रगृह्य प्रियाम् प्रिय-सुहृदि बिभीषणे सङ्गमय्य श्रियम् वैरिणः रवि-सुत-सहितेन तेन(बिभीषणेन​) अनुयातः स-सौमित्रिणा भुज-विजित-विमान-रत्न-अधिरूढः प्रतस्थे पुरीम् (सन्) (सन्)","रघुपतिः अपि जात-वेदः-विशुद्धाम् प्रियाम् प्रगृह्य प्रिय-सुहृदि बिभीषणे वैरिणः श्रियम् सङ्गमय्य रवि-सुत-सहितेन स-सौमित्रिणा तेन(बिभीषणेन​) अनुयातः (सन्) भुज-विजित-विमान-रत्न-अधिरूढः (सन्) पुरीम् प्रतस्थे","रघुपतिरपि जातवेदोविशुद्धां प्रगृह्य प्रियां प्रियसुहृदि बिभीषणे संगमय्य श्रियं वैरिणः।# रविसुतसहितेन तेनानुयातः ससौमित्रिणा भुजविजितविमानरत्नाधिरूढः प्रतस्थे पुरीम्॥104॥"
"अथ आत्मनः शब्द-गुणम् गुण-ज्ञः पदम् विमानेन विगाहमानः रत्न-आकरम् वीक्ष्य मिथः सः जायाम् राम-अभिधानः हरिः इति उवाच (सन्)","अथ गुण-ज्ञः सः राम-अभिधानः हरिः शब्द-गुणम् आत्मनः पदम् विमानेन विगाहमानः (सन्) रत्न-आकरम् वीक्ष्य मिथः जायाम् इति उवाच","अथात्मनः शब्दगुणं गुणज्ञः पदं विमानेन विगाहमानः।# रत्नाकरं वीक्ष्य मिथः स जायां रामाभिधानो हरिरित्युवाच।।"
"वैदेहि पश्य आ-मलयात् विभक्तम् मत्-सेतुना फेनिलम् अम्बुराशिम् छाया-पथेन शरत्-प्रसन्नम् आकाशम्-इव आविष्कृत-चारु-तारम् (त्वम्)","वैदेहि आ-मलयात् मत्-सेतुना विभक्तम् फेनिलम् अम्बुराशिम् छाया-पथेन शरत्-प्रसन्नम् आविष्कृत-चारु-तारम् आकाशम्-इव (त्वम्) पश्य","वैदेहि पश्याऽऽमलयाद्विभक्तं मत्सेतुना फेनिलमम्बुराशिम्।# छायापथेनेव शरत्प्रसन्नमाकाशमाविष्कृतचारुतारम्।।"
"गुरोः यियक्षोः कपिलेन मेध्ये रसा-तलम् सङ्क्रमिते तुरङ्गे तत्-अर्थम् उर्वीम् अवदारयद्भिः पूर्वैः किल अयम् परिवर्धितः नः","यियक्षोः गुरोः मेध्ये तुरङ्गे कपिलेन रसा-तलम् सङ्क्रमिते तत्-अर्थम् उर्वीम् अवदारयद्भिः नः पूर्वैः अयम् परिवर्धितः किल","गुरोर्यियक्षोः कपिलेन मेध्ये रसातलं संक्रमिते तुरङ्गे।# तदर्थमुर्वीमवदारयद्भिः पूर्वैः किलायं परिवर्धितो नः॥"
"गर्भम् दधति अर्क-मरीचयः अस्मात् विवृद्धिम् अत्र अश्नुवते वसूनि अप्-इन्धनम् वह्निम् असौ बिभर्ति प्रह्लादनम् ज्योतिः अजनि अनेन","अर्क-मरीचयः अस्मात् गर्भम् दधति अत्र वसूनि विवृद्धिम् अश्नुवते असौ अप्-इन्धनम् वह्निम् बिभर्ति अनेन प्रह्लादनम् ज्योतिः अजनि","गर्भं दधत्यर्कमरीचयोऽस्माद्विवृद्धिमत्राश्नुवते वसूनि।# अबिन्धनं वह्निमसौ बिभर्ति प्रह्लादनं ज्योतिरजन्यनेन।।"
"ताम् ताम् अवस्थाम् प्रतिपद्यमानम् स्थितम् दश व्याप्य दिशः महिम्ना विष्णोः-इव अस्य अन्-अवधारणीयम् ईदृक्तया रूपम् इयत्तया वा (अस्ति)","ताम् ताम् अवस्थाम् प्रतिपद्यमानम् महिम्ना दश दिशः व्याप्य स्थितम् विष्णोः-इव अस्य रूपम् ईदृक्तया इयत्तया वा अन्-अवधारणीयम् (अस्ति)","तां तामवस्थां प्रतिपद्यमानं स्थितं दश व्याप्य दिशो महिम्ना।# विष्णोरिवास्यानवधारणीयमीदृक्तया रूपमियत्तया वा।।"
"युग-अन्त-उचित-योग-निद्रः पुरुषः लोकान् संहृत्य नाभि-प्ररूढ-अम्बुरुह-आसनेन प्रथमेन धात्रा संस्तूयमानः (सन्) अमूं अधिशेते","नाभि-प्ररूढ-अम्बुरुह-आसनेन संस्तूयमानः (सन्) प्रथमेन धात्रा अमूं युग-अन्त-उचित-योग-निद्रः संहृत्य लोकान् पुरुषः अधिशेते","नाभिप्ररूढाम्बुरुहासनेन संस्तूयमानः प्रथमेन धात्रा।#अमुं युगान्तोचितयोगनिद्रः संहृत्य लोकान्पुरुषोऽधिशेते॥"
"पक्षच्छिदा गोत्र-भिदा आत्त-गन्धाः शरण्यम् एनं शतशः महीध्राः नृपाः उपप्लविनः परेभ्यः धर्म-उत्तरं मध्यमम्-इव आश्रयन्ते","पक्षच्छिदा गोत्र-भिदा आत्त-गन्धाः महीध्राः शतशः शरण्यम् एनं परेभ्यः उपप्लविनः नृपाः धर्म-उत्तरं मध्यमम्-इव आश्रयन्ते","पक्षच्छिदा गोत्रभिदात्तगन्धाः शरण्यमेनं शतशो महीध्राः।#नृपा इवोपप्लविनः परेभ्यो धर्मोत्तरं मध्यममाश्रयन्ते॥"
"आदि-भवेन पुंसा रसा-तलात् प्रयुक्त-उद्वहन-क्रियायाः भुवः प्रलय-प्रवृद्धं अस्य अच्छम् अम्भः मुहूर्त-वक्त्र-आभरणं बभूव","रसा-तलात् आदि-भवेन पुंसा भुवः प्रयुक्त-उद्वहन-क्रियायाः अस्य अच्छम् अम्भः प्रलय-प्रवृद्धं मुहूर्त-वक्त्र-आभरणं बभूव","रसातलादादिभवेन पुंसा भुवः प्रयुक्तोद्वहनक्रियायाः।#अस्याच्छमम्भः प्रलयप्रवृद्धं मुहूर्तवक्त्राभरणं बभूव॥"
"अन्-अन्य-सामान्य-कलत्र-वृत्तिः तरङ्ग-अधर-दान-दक्षः असौ मुख-अर्पणेषु प्रकृति-प्रगल्भाः सिन्धूः स्वयं पिबति पाययते च","मुख-अर्पणेषु प्रकृति-प्रगल्भाः स्वयं तरङ्ग-अधर-दान-दक्षः अन्-अन्य-सामान्य-कलत्र-वृत्तिः पिबति असौ पाययते च सिन्धूः","मुखार्पणेषु प्रकृतिप्रगल्भाः स्वयं तरङ्गाधरदानदक्षः।#अनन्यसामान्यकलत्रवृत्तिः पिबत्यसौ पाययते च सिन्धूः॥"
"अमी तिमयः विवृत-आननत्वात् नदी-मुख-अम्भः आदाय ससत्त्वम् सम्मीलयन्तः स-रन्ध्रैः शिरोभिः जल-प्रवाहान् ऊर्ध्वम् वितन्वन्ति (सन्तः)","ससत्त्वम् आदाय नदी-मुख-अम्भः सम्मीलयन्तः (सन्तः) विवृत-आननत्वात् अमी शिरोभिः तिमयः स-रन्ध्रैः ऊर्ध्वम् वितन्वन्ति जल-प्रवाहान्","ससत्त्वमादाय नदीमुखाम्भः संमीलयन्तो विवृताननत्वात्।#अमी शिरोभिस्तिमयः सरन्ध्रैरूर्ध्वं वितन्वन्ति जलप्रवाहान्॥"
"सहसा-उत्पतद्भिः मातङ्ग-नक्रैः द्विधा भिन्नान् समुद्र-फेनान् पश्य ये एषाम् कपोल-संसर्पितया कर्ण-क्षण-चामरत्वम् व्रजन्ति","मातङ्ग-नक्रैः सहसा-उत्पतद्भिः भिन्नान् द्विधा पश्य समुद्र-फेनान् कपोल-संसर्पितया ये एषाम् व्रजन्ति कर्ण-क्षण-चामरत्वम्","मातङ्गनक्रैः सहसोत्पतद्भिर्भिन्नान्द्विधा पश्य समुद्रफेनान्।#कपोलसंसर्पितया य एषां व्रजन्ति कर्णक्षणचामरत्वम्॥"
"वेला-अनिलाय प्रसृताः भुजङ्गाः महा-ऊर्मि-विस्फूर्जथु-निर्विशेषाः सूर्य-अंशु-सम्पर्क-समृद्ध-रागैः व्यज्यन्ते एते मणिभिः फण-स्थैः","वेला-अनिलाय प्रसृताः महा-ऊर्मि-विस्फूर्जथु-निर्विशेषाः एते भुजङ्गाः सूर्य-अंशु-सम्पर्क-समृद्ध-रागैः फण-स्थैः मणिभिः व्यज्यन्ते","वेलानिलाय प्रसृता भुजङ्गा महोर्मिविस्फूर्जथुनिर्विशेषाः।#सूर्यांशुसंपर्कसमृद्धरागैर्व्यज्यन्त एते मणिभिः फणस्थैः॥"
"तव अधर-स्पर्धिषु विद्रुमेषु पर्यस्तम् एतत् सहसा ऊर्मि-वेगात् ऊर्ध्व-अङ्कूर-प्रोत-मुखं कथंचित् क्लेशात् अपक्रामति शङ्ख-यूथम्","तव अधर-स्पर्धिषु विद्रुमेषु सहसा ऊर्मि-वेगात् पर्यस्तम् ऊर्ध्व-अङ्कूर-प्रोत-मुखं एतत् शङ्ख-यूथम् कथंचित् क्लेशात् अपक्रामति","तवाधरस्पर्धिषु विद्रुमेषु पर्यस्तमेतत्सहसोर्मिवेगात्।#ऊर्ध्वाङ्कुरप्रोतमुखं कथंचित्क्लेशादपक्रामति शङ्खयूथम्॥"
"प्रवृत्त-मात्रेण पयांसि पातुम् आवर्त-वेगात् भ्रमता घनेन आभाति भूयिष्ठम् अयं समुद्रः प्रमथ्यमानः गिरिणा इव भूयः","पयांसि पातुम् प्रवृत्त-मात्रेण आवर्त-वेगात् भ्रमता घनेन अयं समुद्रः भूयः गिरिणा प्रमथ्यमानः इव भूयिष्ठम् आभाति","प्रवृत्तमात्रेण पयांसि पातुमावर्तवेगाद्भ्रमता घनेन।#आभाति भूयिष्ठमयं समुद्रः प्रमथ्यमानो गिरिणेव भूयः॥"
"अयः-चक्र-निभस्य लवण-अम्बु-राशेः दूरात् तन्वी तमाल-ताली-वन-राजि-नीला वेला कलङ्क-रेखा-इव धारा-निबद्धा आभाति","दूरात् अयः-चक्र-निभस्य तन्वी तमाल-ताली-वन-राजि-नीला आभाति वेला लवण-अम्बु-राशेः धारा-निबद्धा इव कलङ्क-रेखा-","दूरादयश्चक्रनिभस्य तन्वी तमालतालीवनराजिनीला।#आभाति वेला लवणाम्बुराशेर्धारानिबद्धेव कलङ्करेखा॥"
"वेला-अनिलः केतक-रेणुभिः ते सम्भावयति आननम् आयत-अक्षि माम् अक्षमं मण्डन-काल-हानेः वेत्ति इव बिम्ब-अधर-बद्ध-तृष्णम्","आयत-अक्षि वेला-अनिलः केतक-रेणुभिः ते आननम् सम्भावयति बिम्ब-अधर-बद्ध-तृष्णम् माम् मण्डन-काल-हानेः अक्षमं वेत्ति इव","वेलानिलः केतकरेणुभिस्ते संभावयत्याननमायताक्षि।#मामक्षमं मण्डलकालहानेर्वेत्तीव बिम्बाधरबद्धतृष्णम्॥"
"एते वयं सैकत-भिन्न-शुक्ति-पर्यस्त-मुक्ता-पटलं फल-आवर्जित-पूग-मालम् पयोधेः कूलं विमान-वेगात् मुहूर्तेण प्राप्ताः","एते वयं सैकत-भिन्न-शुक्ति-पर्यस्त-मुक्ता-पटलं पयोधेः प्राप्ताः मुहूर्तेण विमान-वेगात् कूलं फल-आवर्जित-पूग-मालम्","एते वयं सैकतभिन्नशुक्तिपर्यस्तमुक्तापटलं पयोधेः।#प्राप्ता मुहूर्तेन विमानवेगात्कूलं फलावर्जितपूगमालम्॥"
"कुरुष्व तावत् करभ-ऊरु पश्चात् मार्गे मृग-प्रेक्षिणि दृष्टि-पातम् एषा विदूरीभवतः समुद्रात् स-कानना निष्पतति इव भूमिः","करभ-ऊरु मृग-प्रेक्षिणि तावत् पश्चात् मार्गे दृष्टि-पातम् कुरुष्व एषा स-कानना भूमिः विदूरीभवतः समुद्रात् निष्पतति इव","कुरुष्व तावत्करभोरु पश्चान्मार्गे मृगप्रेक्षिणि दृष्टिपातम्।# एषा विदूरीभवतः समुद्रात्सकानना निष्पततीव भूमिः।।"
"क्वचित् पथा संचरते सुराणाम् क्वचित् घनानाम् पतताम् क्वचित् च यथा-विधः मे मनसः अभिलाषः प्रवर्तते पश्य तथा विमानम् (अस्ति) (इति) (त्वम्) (विमानम्)","विमानम् मे मनसः अभिलाषः यथा-विधः (अस्ति) तथा प्रवर्तते (इति) (त्वम्) पश्य (विमानम्) क्वचित् सुराणाम् क्वचित् घनानाम् क्वचित् पतताम् च पथा संचरते","क्वचित्पथा संचरते सुराणां क्वचिद्घनानां पततां क्वचिच्च।# यथाविधो मे मनसोऽभिलाषः प्रवर्तते पश्य तथा विमानम्।।"
"असौ महा-इन्द्र-द्विप-दान-गन्धिः त्रि-मार्ग-गा-वीचि-विमर्द-शीतः आकाश-वायुः दिन-यौवन-उत्थान् आचामति स्वेद-लवान् मुखे ते","महा-इन्द्र-द्विप-दान-गन्धिः त्रि-मार्ग-गा-वीचि-विमर्द-शीतः असौ आकाश-वायुः दिन-यौवन-उत्थान् ते मुखे स्वेद-लवान् आचामति","असौ महेन्द्रद्विपदानगन्धिस्त्रिमार्गगावीचिविमर्दशीतः।#आकाशवायुर्दिनयौवनोत्थानाचामति स्वेदलवान्मुखे ते॥"
"करेण वातायन-लम्बितेन स्पृष्टः त्वया चण्डि कुतूहलिन्या आमुञ्चति इव आभरणम् द्वितीयम् उद्भिन्न-विद्युत्-वलयः घनः ते","चण्डि कुतूहलिन्या त्वया वातायन-लम्बितेन करेण स्पृष्टः उद्भिन्न-विद्युत्-वलयः घनः ते द्वितीयम् आभरणम् आमुञ्चति इव","करेण वातायनलम्बितेन स्पृष्टस्त्वया चण्डि कुतूहलिन्या।#आमुञ्चतीवाभरणं द्वितीयमुद्भिन्नविद्युद्वलयो घनस्ते॥"
"अमी चीर-भृतः जनस्थानम् अपोढ-विघ्नम् मत्वा समारब्ध-नव-उटजानि चिरा-उज्झितानि आश्रम-मण्डलानि यथा-स्वं अध्यासते","अमी जनस्थानम् अपोढ-विघ्नम् मत्वा समारब्ध-नव-उटजानि अध्यासते चीर-भृतः यथा-स्वं चिरा-उज्झितानि आश्रम-मण्डलानि","अमी जनस्थानमपोढविघ्नं मत्वा समारब्धनवोटजानि।#अध्यासते चीरभृतो यथास्वं चिरोज्झितान्याश्रममण्डलानि॥"
"सा एषा स्थली (अस्ति) यत्र त्वाम् विचिन्वता मया त्व-चरण-अरविन्द-विश्लेष-दुःखात् इव बद्ध-मौनम् एकम् भ्रष्टं नूपुरम् उर्व्याम् अदृश्यत","सा एषा स्थली (अस्ति) यत्र विचिन्वता त्वाम् भ्रष्टं मया नूपुरम् एकम् उर्व्याम् अदृश्यत त्व-चरण-अरविन्द-विश्लेष-दुःखात् इव बद्ध-मौनम्","सैषा स्थली यत्र विचिन्वता त्वां भ्रष्टं मया नूपुरमेकमुर्व्याम्।#अदृश्यत त्वच्चरणारविन्दविश्लेषदुःखादिव बद्धमौनम्॥"
"भीरु त्वं रक्षसा यतः अपनीता तं मार्गम् वक्तुम् अ-शक्नुवत्यः एताः लताः आवर्जित-पल्लवाभिः शाखाभिः कृपया मे अदर्शयन्","त्वं रक्षसा भीरु यतः अपनीता तं मार्गम् एताः कृपया लताः मे अदर्शयन् वक्तुम् अ-शक्नुवत्यः शाखाभिः आवर्जित-पल्लवाभिः","त्वं रक्षसा भीरु यतोऽपनीता तं मार्गमेताः कृपया लता मे।#अदर्शयन्वक्तुमशक्नुवत्यः शाखाभिरावर्जितपल्लवाभिः॥"
"दर्भ-अङ्कुर-निर्व्यपेक्षाः मृग्यः च उत्त्पक्ष्म-राजीनि विलोचनानि दक्षिणस्याम् दिशि व्यापारयन्त्यः (सत्यः) तव अ-गतिज्ञं माम् समबोधयन्","मृग्यः च दर्भ-अङ्कुर-निर्व्यपेक्षाः तव अ-गतिज्ञं समबोधयन् माम् व्यापारयन्त्यः (सत्यः) दिशि दक्षिणस्याम् उत्त्पक्ष्म-राजीनि विलोचनानि","मृग्यश्च दर्भाङ्कुरनिर्व्यपेक्षास्तवागतिज्ञं समबोधयन्माम्।#व्यापारयन्त्यो दिशि दक्षिणस्यामुत्पक्षराजीनि विलोचनानि॥"
"एतत् गिरेः माल्यवतः पुरस्तात् आविर्भवति अम्बरलेखि शृङ्गम् नवम् पयः यत्र घनैः मया च त्वत्-विप्रयोग-अश्रु समम् विसृष्टम् (विसृष्टम्)","माल्यवतः गिरेः अम्बरलेखि शृङ्गम् एतत् पुरस्तात् आविर्भवति यत्र घनैः नवम् (विसृष्टम्) पयः मया त्वत्-विप्रयोग-अश्रु च समम् विसृष्टम्","एतद्गिरेर्माल्यवतः पुरस्तादाविर्भत्यम्बरलेखि शृङ्गम्।# नवं पयो यत्र घनैर्मया च त्वद्विप्रयोगाश्रु समं विसृष्टम्।।"
"यस्मिन् धारा-हत-पल्वलानां गन्धः च अर्ध-उद्गत-केसरं कादम्बम् च स्निग्धाः शिखिनां केकाः च त्वया विना मे असह्यानि बभूवुः","गन्धः च धारा-हत-पल्वलानां कादम्बम् अर्ध-उद्गत-केसरं च स्निग्धाः च केकाः शिखिनां बभूवुः यस्मिन् असह्यानि विना त्वया मे","गन्धश्च धाराहतपल्वलानां कादम्बमर्धोद्गतकेसरं च।#स्निग्धाश्च केकाः शिखिनां बभूवुर्यस्मिन्नसह्यानि विना त्वया मे॥"
"भीरु यत्र पूर्व-अनुभूतं कम्प-उत्तरं तव उपगूढम् च स्मरता मया गुहा-विसारीणि घन-गर्जितानि कथंचित् अतिवाहितानि","पूर्व-अनुभूतं स्मरता च यत्र कम्प-उत्तरं भीरु तव उपगूढम् गुहा-विसारीणि अतिवाहितानि मया कथंचित् घन-गर्जितानि","पूर्वानुभूतं स्मरता च यत्र कम्पोत्तरं भीरु तवोपगूढम्।#गुहाविसारीण्यतिवाहितानि मया कथंचिद्घनगर्जितानि॥"
"यत्र विभिन्न-कोशैः नव-कन्दलैः आसार-सिक्त-क्षिति-बाष्प-योगात् विडम्ब्यमाना ते विवाह-धूम-अरुण-लोचन-श्रीः माम् अक्षिणोत्","आसार-सिक्त-क्षिति-बाष्प-योगात् माम् अक्षिणोत् यत्र विभिन्न-कोशैः विडम्ब्यमाना नव-कन्दलैः ते विवाह-धूम-अरुण-लोचन-श्रीः","आसारसिक्तक्षितिबाष्पयोगान्मामक्षिणोद्यत्र विभिन्नकोशैः।#विडम्ब्यमाना नवकन्दलैस्ते विवाहधूमारुणलोचनश्रीः॥"
"उपान्त-वानीर-वन-उपगूढानि आलक्ष्य-पारिप्लव-सारसानि दूर-अवतीर्णा पिबति इव खेदात् अमूनि पम्पा-सलिलानि दृष्टिः","उपान्त-वानीर-वन-उपगूढानि आलक्ष्य-पारिप्लव-सारसानि अमूनि पम्पा-सलिलानि दूर-अवतीर्णा दृष्टिः खेदात् पिबति इव","उपान्तवानीरवनोपगूढान्यालक्षपारिप्लवसारसानि।#दूरावतीर्णा पिबतीव खेदादमूनि पम्पासलिलानि दृष्टिः॥"
"अत्र अन्योन्य-दत्त-उत्पल-केसराणि अ-वियुक्तानि रथाङ्ग-नाम्नाम् द्वन्द्वानि ते दूर-अन्तर-वर्तिना मया प्रिये स-स्पृहम् ईक्षितानि","अत्र अ-वियुक्तानि रथाङ्ग-नाम्नाम् अन्योन्य-दत्त-उत्पल-केसराणि द्वन्द्वानि दूर-अन्तर-वर्तिना ते मया प्रिये स-स्पृहम् ईक्षितानि","अत्रावियुक्तानि रथाङ्गनाम्नामन्योन्यदत्तोत्पलकेसराणि।#द्वन्द्वानि दूरान्तरवर्तिना ते मया प्रिये सस्पृहमीक्षितानि॥"
"इमाम् तट-अशोक-लताम् च तन्वीम् स्तन-अभिराम-स्तबक-अभिनम्राम् त्वत्-प्राप्ति-बुद्ध्या परिरब्धु-कामः सौमित्रिणा साश्रुः अहम् निषिद्धः","स्तन-अभिराम-स्तबक-अभिनम्राम् तन्वीम् इमाम् तट-अशोक-लताम् च त्वत्-प्राप्ति-बुद्ध्या परिरब्धु-कामः साश्रुः अहम् सौमित्रिणा निषिद्धः","इमां तटाशोकलतां च तन्वीं स्तनाभिरामस्तबकाभिनम्राम्।# त्वत्प्राप्तिबुद्ध्या परिरब्धुकामः सौमित्रिणा साश्रुरहं निषिद्धः।।"
"विमान-अन्तर-लम्बिनीनां काञ्चन-किङ्किणीनाम् स्वनं श्रुत्वा खम् उत्पतन्त्यः अमूः गोदावरी-सारस-पङ्क्तयः त्वाम् प्रति उद्व्रजन्ति इव","अमूः विमान-अन्तर-लम्बिनीनां श्रुत्वा स्वनं काञ्चन-किङ्किणीनाम् प्रति उद्व्रजन्ति इव खम् उत्पतन्त्यः गोदावरी-सारस-पङ्क्तयः त्वाम्","अमूर्विमानान्तरलम्बिनीनां श्रुत्वा स्वनं काञ्चनकिङ्किणीनाम्।#प्रत्युद्व्रजन्तीव खमुत्पतन्त्यो गोदावरीसारसपङ्क्तयस्त्वाम्॥"
"पेशल-मध्यया अपि त्वया घट-अम्बु-संवर्धित-बाल-चूता उन्मुख-कृष्णसारा चिरात् दृष्टा एषा पञ्च-वटी मे मनः आनन्दयति","एषा त्वया पेशल-मध्यया अपि घट-अम्बु-संवर्धित-बाल-चूता आनन्दयति उन्मुख-कृष्णसारा दृष्टा चिरात् पञ्च-वटी मनः मे","एषा त्वया पेशलमध्ययापि घटाम्बुसंवर्धितबालचूता।#आनन्दयत्युन्मुखकृष्णसारा दृष्टा चिरात्पञ्चवटी मनो मे॥"
"अत्र अनु-गोदं मृगया-निवृत्तः तरङ्ग-वातेन विनीत-खेदः रहः त्वत्-उत्सङ्ग-निषण्ण-मूर्धा (सन्) (अहं) वानीर-गृहेषु सुप्तः (इति) स्मरामि (अहं)","अत्र अनु-गोदं मृगया-निवृत्तः तरङ्ग-वातेन विनीत-खेदः रहः त्वत्-उत्सङ्ग-निषण्ण-मूर्धा (सन्) (अहं) वानीर-गृहेषु सुप्तः (इति) (अहं) स्मरामि","अत्रानुगोदं मृगयानिवृत्तस्तरङ्गवातेन विनीतखेदः।#रहस्त्वदुत्सङ्गनिषण्णमूर्धा स्मरामि वानीरगृहेषु सुप्तः॥"
"भ्रू-भेद-मात्रेण पदात् मघोनः यः नहुषं प्रभ्रंशयाञ्चकार तस्य आविल-अम्भः-परिशुद्धि-हेतोः भौमः मुनेः स्थान-परिग्रहः अयम् (अस्ति)","यः भ्रू-भेद-मात्रेण नहुषं मघोनः पदात् प्रभ्रंशयाञ्चकार आविल-अम्भः-परिशुद्धि-हेतोः तस्य मुनेः भौमः स्थान-परिग्रहः अयम् (अस्ति)","भ्रूभेदमात्रेण पदान्मघोनः प्रभ्रंशयां यो नहुषं चकार।#तस्याविलाम्भःपरिशुद्धिहेतोर्भौमो मुनेः स्थानपरिग्रहोऽयम्॥"
"अनिन्द्य-कीर्तेः तस्य आक्रान्त-विमान-मार्गम् हविः-गन्धि त्रेत-अग्नि-धूम-अग्रम् इदम् घ्रात्वा रजस्-विमुक्तः मे आत्मा लघिमानम् समश्नुते","त्रेत-अग्नि-धूम-अग्रम् अनिन्द्य-कीर्तेः तस्य इदम् आक्रान्त-विमान-मार्गम् घ्रात्वा हविः-गन्धि रजस्-विमुक्तः समश्नुते मे लघिमानम् आत्मा","त्रेताग्निधूमाग्रमनिन्द्यकीर्तेस्तस्येदमाक्रान्तविमानमार्गम्।#घ्रात्वा हविर्गन्धि रजोविमुक्तः समश्नुते मे लघिमानमात्मा॥"
"मानिनि शातकर्णेः मुनेः पञ्च-अप्सरः नाम पर्यन्त-वनं एतत् विहार-वारि विदूरात् मेघ-अन्तर-आलक्ष्यम् इन्दु-बिम्बम्-इव आभाति","एतत् मुनेः मानिनि शातकर्णेः पञ्च-अप्सरः नाम विहार-वारि आभाति पर्यन्त-वनं विदूरात् मेघ-अन्तर-आलक्ष्यम् इव इन्दु-बिम्बम्-","एतन्मुनेर्मानिनि शातकर्णेः पञ्चाप्सरो नाम विहारवारि।#आभाति पर्यन्तवनं विदूरान्मेघान्तरालक्ष्यमिवेन्दुबिम्बम्॥"
"पुरा सः दर्भाङ्कुरमात्र-वृत्तिः चरन् मृगैः सार्धम् ऋषिः मघोना समाधि-भीतेन किल उपनीतः पञ्च-अप्सरः-यौवन-कूटबन्धम्","पुरा दर्भाङ्कुरमात्र-वृत्तिः मृगैः सार्धम् चरन् सः ऋषिः समाधि-भीतेन मघोना पञ्च-अप्सरः-यौवन-कूटबन्धम् उपनीतः किल","पुरा स दर्भाङ्कुरमात्रवृत्तिश्चरन्मृगैः सार्धमृषिर्मघोना।# समाधिभीतेन किलोपनीतः पञ्चाप्सरोयौवनकूटबन्धम्।।"
"अन्तर्हित-सौध-भाजः तस्य अयम् प्रसक्त-सङ्गीत-मृदङ्ग-घोषः वियत्-गतः (सन्) पुष्पक-चन्द्र-शालाः क्षणम् प्रतिश्रुत्-मुखराः करोति","तस्य अयम् अन्तर्हित-सौध-भाजः प्रसक्त-सङ्गीत-मृदङ्ग-घोषः वियत्-गतः (सन्) पुष्पक-चन्द्र-शालाः क्षणम् प्रतिश्रुत्-मुखराः करोति","तस्यायमन्तर्हितसौधभाजः प्रसक्तसंगीतमृदङ्गघोषः।#वियद्गतः पुष्पकचन्द्रशालाः क्षणं प्रतिश्रुन्मुखराः करोति॥"
"हविर्भुजां एधवताम् चतुर्णां मध्ये ललाटं-तप-सप्तसप्तिः असौ तपस्यति अपरः तपस्वी नाम्ना सुतीक्ष्णः चरितेन दान्तः","नाम्ना सुतीक्ष्णः चरितेन दान्तः असौ अपरः तपस्वी एधवताम् चतुर्णां हविर्भुजां मध्ये ललाटं-तप-सप्तसप्तिः तपस्यति","हविर्भुजामेधवतां चतुर्णां मध्ये ललाटंतपसप्तसप्तिः।#असौ तपस्यत्यपरस्तपस्वी नाम्ना सुतीक्ष्णश्चरितेन दान्तः॥"
"जनित-इन्द्र-शङ्कम् अमुम् सहास-प्रहित-ईक्षणानि व्याज-अर्ध-सन्दर्शित-मेखलानि सुराङ्गना-विभ्रम-चेष्टितानि विकर्तुं अलम् न (बभूवुः)","अमुम् सहास-प्रहित-ईक्षणानि व्याज-अर्ध-सन्दर्शित-मेखलानि न अलम् विकर्तुं जनित-इन्द्र-शङ्कम् सुराङ्गना-विभ्रम-चेष्टितानि (बभूवुः)","अमुं सहासप्रहितेक्षणानि व्याजार्धसंदर्शितमेखलानि।#नालं विकर्तुं जनितेन्द्रशङ्कं सुराङ्गनाविभ्रमचेष्टितानि॥"
"ऊर्ध्व-बाहुः एषः अक्ष-माला-वलयं मृगाणां कण्डूयितारम् कुश-सूचि-लावम् सव्य-इतरं भुजम् मे सभाजने इतः प्राध्वम् प्रयुङ्क्ते","एषः अक्ष-माला-वलयं मृगाणां कण्डूयितारम् कुश-सूचि-लावम् सभाजने मे भुजम् ऊर्ध्व-बाहुः सव्य-इतरं प्राध्वम् इतः प्रयुङ्क्ते","एषोऽक्षमालावलयं मृगाणां कण्डूयितारं कुशसूचिलावम्।#सभाजने मे भुजमूर्ध्वबाहुः सव्येतरं प्राध्वमितः प्रयुङ्क्ते॥"
"एषः वाचंयमत्वात् मम प्रणतिं किंचित् मूर्ध्नः कम्पेन प्रतिगृह्य विमान-व्यवधान-मुक्ताम् दृष्टिम् पुनः सहस्र-अर्चिषि सन्निधत्ते","वाचंयमत्वात् प्रणतिं मम एषः कम्पेन किंचित् प्रतिगृह्य मूर्ध्नः दृष्टिम् विमान-व्यवधान-मुक्ताम् पुनः सहस्र-अर्चिषि सन्निधत्ते","वाचंयमत्वात्प्रणतिं ममैष कम्पेन किञ्चित्प्रतिगृह्य मूर्ध्नः।#दृष्टिं विमानव्यवधानमुक्तां पुनः सहस्रार्चिषि संनिधत्ते॥"
"अदः शरण्यम् शरभङ्ग-नाम्नः तपोवनम् पावनम् आहित-अग्नेः चिराय सन्तर्प्य समिद्भिः अग्निम् यः मन्त्र-पूताम् तनुम् अपि अहौषीत् (अस्ति)","शरण्यम् पावनम् अदः तपोवनम् आहित-अग्नेः शरभङ्ग-नाम्नः (अस्ति) यः चिराय अग्निम् समिद्भिः सन्तर्प्य मन्त्र-पूताम् तनुम् अपि अहौषीत्","अदः शरण्यं शरभङ्गनाम्नस्तपोवनं पावनमाहिताग्नेः।# चिराय संतर्प्य समिद्भिरग्निं यो मन्त्रपूतां तनुमप्यहौषीत्।।"
"अधुना तस्य अतिथीनाम् सपर्या छाया-विनीत-अध्व-परिश्रमेषु भूयिष्ठ-संभाव्य-फलेषु अमीषु पादपेषु सु-पुत्रेषु इव स्थिता","छाया-विनीत-अध्व-परिश्रमेषु भूयिष्ठ-संभाव्य-फलेषु अमीषु तस्य अतिथीनाम् अधुना सपर्या स्थिता सु-पुत्रेषु इव पादपेषु","छायाविनीताध्वपरिश्रमेषु भूयिष्ठसंभाव्यफलेष्वमीषु।#तस्यातिथीनामधुना सपर्या स्थिता सुपुत्रेष्विव पादपेषु॥"
"धारा-स्वन-उद्गारि-दरी-मुखः शृङ्ग-अग्र-लग्न-अम्बुज-वप्र-पङ्कः असौ चित्रकूटः बन्धुर-गात्रि दृप्तः ककुद्मान्-इव मे चक्षुः बध्नाति","धारा-स्वन-उद्गारि-दरी-मुखः असौ शृङ्ग-अग्र-लग्न-अम्बुज-वप्र-पङ्कः बध्नाति मे बन्धुर-गात्रि चक्षुः दृप्तः ककुद्मान्-इव चित्रकूटः","धारास्वनोद्गारिदरीमुखोऽसौ शृङ्गाङ्गलग्नाम्बुजवप्रपङ्कः।#बध्नाति मे बन्धुरगात्रि चक्षुर्दृप्तः ककुद्मानिव चित्रकूटः॥"
"प्रसन्न-स्तिमित-प्रवाहा विदुर-अन्तर-भाव-तन्वी एषा सरित् मन्दाकिनी नग-उपकण्ठे भूमेः कण्ठ-गता मुक्तावली इव भाति","एषा प्रसन्न-स्तिमित-प्रवाहा सरित् विदुर-अन्तर-भाव-तन्वी मन्दाकिनी भाति नग-उपकण्ठे मुक्तावली कण्ठ-गता इव भूमेः","एषा प्रसन्नस्तिमितप्रवाहा सरिद्विदूरान्तरभावतन्वी।#मन्दाकिनी भाति नगोपकण्ठे मुक्तावली कण्ठगतेव भूमेः॥"
"(सः) अयं सुजातः अनु-गिरं तमालः (अस्ति) प्रवालम् आदाय सुगन्धि यस्य यव-अङ्कुर-अ-पाण्डु-कपोल-शोभी मया अवतंसः परिकल्पितः ते","अनु-गिरं सुजातः (सः) अयं तमालः (अस्ति) यस्य सुगन्धि प्रवालम् आदाय मया ते यव-अङ्कुर-अ-पाण्डु-कपोल-शोभी अवतंसः परिकल्पितः","अयं सुजातोऽनुगिरं तमालः प्रवालमादाय सुगन्धि यस्य।#यवाङ्कुरापाण्डुकपोलशोभी मयावतंसः परिकल्पितस्ते॥॥"
"अ-निग्रह-त्रास-विनीत-सत्वम् अ-पुष्प-लिङ्गात् फलबन्धि-वृक्षं वनं तपस्-साधनम् एतत् अत्रेः आविष्कृत-उद्ग्रतर-प्रभावम् (अस्ति)","अ-निग्रह-त्रास-विनीत-सत्वम् अ-पुष्प-लिङ्गात् फलबन्धि-वृक्षं आविष्कृत-उद्ग्रतर-प्रभावम् अत्रेः तपस्-साधनम् एतत् वनं (अस्ति)","अनिग्रहत्रासविनीतसत्त्वमपुष्पलिङ्गात्फलबन्धिवृक्षम्।#वनं तपःसाधनमेतदत्रेराविष्कृतोदग्रतरप्रभावम्॥"
"अत्र अनसूया सप्त-ऋषि-हस्त-उद्धृत-हेम-पद्माम् त्र्यम्बक-मौलि-मालाम् त्रि-स्रोतसं तपः-धनानां अभिषेकाय प्रवर्तयामास किल","अत्र अभिषेकाय तपः-धनानां सप्त-ऋषि-हस्त-उद्धृत-हेम-पद्माम् प्रवर्तयामास किल अनसूया त्रि-स्रोतसं त्र्यम्बक-मौलि-मालाम्","अत्राभिषेकाय तपोधनानां सप्तर्षिहस्तोद्धृतहेमपद्माम्।#प्रवर्तयामास किलानसूया त्रिस्रोतसं त्र्यम्बकमौलिमालाम्॥"
"वीर-आसनैः ध्यान-जुषाम् ऋषीणाम् समध्यासित-वेदि-मध्याः अमी शाखिनः अपि निवात-निष्कम्पतया योग-अधिरूढाः इव विभान्ति","वीर-आसनैः ध्यान-जुषाम् ऋषीणाम् अमी समध्यासित-वेदि-मध्याः निवात-निष्कम्पतया विभान्ति योग-अधिरूढाः इव शाखिनः अपि","वीरासनैर्ध्यानजुषामृषीणाममी समध्यासितवेदिमध्याः।#निवातनिष्कम्पतया विभान्ति योगाधिरूढा इव शाखिनोऽपि॥"
"त्वया पुरस्तात् यः उपयाचितः श्यामः इति प्रतीतः सः वटः अयम् फलितः (सन्) स-पद्म-रागः गारुडानाम् मणीनाम् राशिः इव विभाति","त्वया पुरस्तात् उपयाचितः यः सः अयम् वटः श्यामः इति प्रतीतः राशिः मणीनाम् इव गारुडानाम् स-पद्म-रागः फलितः (सन्) विभाति","त्वया पुरस्तादुपयाचितो यः सोऽयं वटः श्याम इति प्रतीतः।#राशिर्मणीनामिव गारुडानां सपद्मरागः फलितो विभाति॥"
"क्वचित् प्रभालेपिभिः इन्द्रनीलैः मुक्तामयी यष्टिः-इव अनुविद्धा अन्यत्र सित-पङ्कजानाम् इन्दीवरैः उत्खचित-अन्तरा माला-इव (गङ्गा) (विभाति)","क्वचित् प्रभालेपिभिः इन्द्रनीलैः मुक्तामयी यष्टिः-इव अनुविद्धा अन्यत्र माला-सित-पङ्कजानाम् इन्दीवरैः उत्खचित-अन्तरा इव (गङ्गा) (विभाति)","क्वचित्प्रभालेपिभिरिन्द्रनीलैर्मुक्तामयी यष्टिरिवानुविद्धा।#अन्यत्र माला सितपङ्कजानामिन्दीवरैरुत्खचितान्तरेव॥"
"क्वचित् खगानां प्रिय-मानसानां कादम्ब-संसर्गवती पङ्क्तिः-इव अन्यत्र काल-अगुरु-दत्त-पत्रा भक्तिः-इव भुवः चन्दन-कल्पिता (विभाति) (गङ्गा)","क्वचित् कादम्ब-संसर्गवती प्रिय-मानसानां खगानां पङ्क्तिः-इव अन्यत्र काल-अगुरु-दत्त-पत्रा भुवः चन्दन-कल्पिता भक्तिः-इव (गङ्गा) (विभाति)","क्वचित्खगानां प्रियमानसानां कादम्बसंसर्गवतीव पङ्क्तिः।#अन्यत्र कालागुरुदत्तपत्रा भक्तिर्भुवश्चन्दनकल्पितेव॥"
"क्वचित् प्रभा-इव चान्द्रमसी तमोभिः छाया-विलीनैः शबलीकृता अन्यत्र शुभ्रा शरद्-अभ्र-लेखा-इव रन्ध्रेषु आलक्ष्य-नभः-प्रदेशा (विभाति) (गङ्गा)","क्वचित् छाया-विलीनैः तमोभिः शबलीकृता चान्द्रमसी प्रभा-इव अन्यत्र रन्ध्रेषु आलक्ष्य-नभः-प्रदेशा शुभ्रा शरद्-अभ्र-लेखा-इव (गङ्गा) (विभाति)","क्वचित्प्रभा चान्द्रमसी तमोभिश्छायाविलीनैः शबलीकृतेव।#अन्यत्र शुभ्रा शरदभ्रलेखा रन्ध्रेष्विवालक्ष्यनभःप्रदेशा॥"
"क्वचित् च कृष्ण-उरग-भूषणा भस्म-अङ्ग-रागा तनुः-इव ईश्वरस्य पश्य अनवद्य-अङ्गि विभाति गङ्गा भिन्न-प्रवाहा यमुना-तरङ्गैः (त्वं)","क्वचित् च कृष्ण-उरग-भूषणा भस्म-अङ्ग-रागा ईश्वरस्य तनुः-इव यमुना-तरङ्गैः भिन्न-प्रवाहा गङ्गा विभाति अनवद्य-अङ्गि (त्वं) पश्य","क्वचिच्च कृष्णोरगभूषणेव भस्माङ्गरागा तनुरीश्वरस्य।#पश्यानवद्याङ्गि विभाति गङ्गा भिन्नप्रवाहा यमुनातरङ्गैः॥"
"समुद्र-पत्न्योः जल-सन्निपाते पूत-आत्मनाम् अत्र किल अभिषेकात् तत्त्व-अवबोधेन विना अपि भूयः तनु-त्यजां न अस्ति शरीर-बन्धः","अत्र समुद्र-पत्न्योः जल-सन्निपाते अभिषेकात् पूत-आत्मनाम् तत्त्व-अवबोधेन विना अपि तनु-त्यजां भूयः शरीर-बन्धः न अस्ति किल","समुद्रपत्न्योर्जलसन्निपाते पूतात्मनामत्र किलाभिषेकात्।#तत्त्वावबोधेन विनापि भूयस्तनुत्यजां नास्ति शरीरबन्धः॥"
"पुरम् निषाद-अधिपतेः इदम् तत् (अस्ति) यस्मिन् मया मौलि-मणिम् विहाय जटासु बद्धासु अरुदत् सुमन्त्रः कैकेयि कामाः फलिताः (सन्ति) तव इति","इदम् निषाद-अधिपतेः तत् पुरम् (अस्ति) यस्मिन् मया मौलि-मणिम् विहाय जटासु बद्धासु सुमन्त्रः कैकेयि तव कामाः फलिताः (सन्ति) इति अरुदत्","पुरं निषादाधिपतेरिदं तद्यस्मिन्मया मौलिमणिं विहाय।#जटासु बद्धास्वरुदत्सुमन्त्रः कैकेयि कामाः फलितास्तवेति॥"
"पयोधरैः पुण्य-जन-अङ्गनानां निर्विष्ट-हेम-अम्बुज-रेणु यस्याः ब्राह्मं सरः कारणं आप्त-वाचः बुद्धेः इव अव्यक्तम् उदाहरन्ति (सा) (इयम्) (सरयूः) (अस्ति)","पुण्य-जन-अङ्गनानां पयोधरैः निर्विष्ट-हेम-अम्बुज-रेणु ब्राह्मं सरः यस्याः बुद्धेः अव्यक्तम् इव कारणं आप्त-वाचः उदाहरन्ति (सा) (इयम्) (सरयूः) (अस्ति)","पयोधरैः पुण्यजनाङ्गनानां निर्विष्टहेमाम्बुजरेणु यस्याः।#ब्राह्मं सरः कारणमाप्तवाचो बुद्धेरिवाव्यक्तमुदाहरन्ति॥"
"जलानि या तीर-निखात-यूपा (नदी) वहति अयोध्याम् अनु राज-धानीम् तुरङ्ग-मेध-अवभृथ-अवतीर्णैः इक्ष्वाकुभिः पुण्यतरी-कृतानि (सा) (सरयूः) (इयम्) (अस्ति)","तीर-निखात-यूपा या (नदी) तुरङ्ग-मेध-अवभृथ-अवतीर्णैः इक्ष्वाकुभिः पुण्यतरी-कृतानि जलानि अयोध्याम् राज-धानीम् अनु वहति (सा) (इयम्) (सरयूः) (अस्ति)","जलानि या तीरनिखातयूपा वहत्ययोध्यामनु राजधानीम्।#तुरङ्गमेधावभृथावतीर्णैरिक्ष्वाकुभिः पुण्यतरीकृतानि॥"
"याम् सैकत-उत्सङ्ग-सुख-उचितानां प्राज्यैः पयोभिः परि-वर्धितानां सामान्य-धात्रीम्-इव मानसम् मे सम्भावयति उत्तर-कोसलानाम् (सा) (इयम्) (सरयूः) (अस्ति)","याम् मे मानसम् सैकत-उत्सङ्ग-सुख-उचितानां प्राज्यैः पयोभिः परि-वर्धितानां उत्तर-कोसलानाम् सामान्य-धात्रीम्-इव सम्भावयति (सा) (इयम्) (सरयूः) (अस्ति)","यां सैकतोत्सङ्गसुखोचितानां प्राज्यैः पयोभिः परिवर्धितानाम्।#सामान्यधात्रीमिव मानसं मे संभावयत्युत्तरकोसलानाम्॥"
"सा इयम् मदीया जननी-इव तेन मान्येन राज्ञा सरयूः वियुक्ता दूरे वसन्तम् शिशिर-अनिलैः माम् तरङ्ग-हस्तैः उपगूहति इव","मदीया जननी-इव मान्येन तेन राज्ञा वियुक्ता सा इयम् सरयूः दूरे वसन्तम् माम् शिशिर-अनिलैः तरङ्ग-हस्तैः उपगूहति इव","सेयं मदीया जननीव तेन मान्येन राज्ञा सरयूर्वियुक्ता।#दूरे वसन्तं शिशिरानिलैर्मां तरङ्गहस्तैरुपगूहतीव॥"
"वि-रक्त-सन्ध्या-कपिशं पुरस्तात् यतः रजः पार्थिवम् उज्जिहीते शङ्के हनूमत्कथित-प्रवृत्तिः प्रति उद्गतः माम् भरतः स-सैन्यः (इति) (अहं) (ततः) (सन्)","वि-रक्त-सन्ध्या-कपिशं पार्थिवम् रजः पुरस्तात् यतः उज्जिहीते (ततः) हनूमत्कथित-प्रवृत्तिः भरतः स-सैन्यः (सन्) माम् प्रति उद्गतः (इति) (अहं) शङ्के","विरक्तसन्ध्याकपिशं परस्ताद्यतो रजः पार्थिवमुज्जिहीते।#शङ्के हनूमत्कथितप्रवृत्तिः प्रत्युद्गतो मां भरतः ससैन्यः॥"
"अद्धा श्रियम् पालित-संगराय प्रत्यर्पयिष्यति अन्-अघाम् सः साधुः हत्वा निवृत्ताय मृधे खर-आदीन् संरक्षिताम् त्वाम्-इव लक्ष्मणः मे","साधुः सः पालित-संगराय मे अन्-अघाम् संरक्षिताम् श्रियम् मृधे खर-आदीन् हत्वा निवृत्ताय लक्ष्मणः त्वाम्-इव प्रत्यर्पयिष्यति अद्धा","अद्धा श्रियं पालितसंगराय प्रत्यर्पयिष्यत्यनघां स साधुः।#हत्वा निवृत्ताय मृधे खरादीन्संरक्षितां त्वामिव लक्ष्मणो मे॥"
"असौ पुरस्कृत्य गुरुं पदातिः पश्चात्-अवस्थापित-वाहिनीकः (सन्) वृद्धैः अमात्यैः सह चीर-वासाः माम् अर्घ्य-पाणिः (सन्) भरतः अभ्युपैति","असौ पदातिः चीर-वासाः भरतः पश्चात्-अवस्थापित-वाहिनीकः (सन्) गुरुं पुरस्कृत्य वृद्धैः अमात्यैः सह अर्घ्य-पाणिः (सन्) माम् अभ्युपैति","असौ पुरस्कृत्य गुरुं पदातिः पश्चादवस्थापितवाहिनीकः।#वृद्धैरमात्यैः सह चीरवासा मामर्घ्यपाणिर्भरतोऽभ्युपैति॥"
"पित्रा विसृष्टाम् मदपेक्षया यः श्रियम् युवा अपि अङ्कगताम् अ-भोक्ता इयन्ति वर्षाणि तया सह उग्रम् अभ्यस्यति इव व्रतम् आसिधारम् (सन्)","यः पित्रा विसृष्टाम् अङ्कगताम् श्रियम् युवा अपि मदपेक्षया अ-भोक्ता (सन्) इयन्ति वर्षाणि तया सह उग्रम् आसिधारम् व्रतम् अभ्यस्यति इव","पित्रा विसृष्टां मदपेक्षया यः श्रियं युवाप्यङ्कगतामभोक्ता।# इयन्ति वर्षाणि तया सहोग्रमभ्यस्यतीव व्रतमासिधारम्।।"
"एतावत् उक्तवति दाशरथौ तदीयाम् इच्छाम् विमानं अधिदेवतया विदित्वा ज्योतिस्-पथात् अवततार स-विस्मयाभिः उद्वीक्षितं प्रकृतिभिः भरत-अनुगाभिः","दाशरथौ एतावत् उक्तवति विमानं तदीयाम् इच्छाम् अधिदेवतया विदित्वा स-विस्मयाभिः भरत-अनुगाभिः प्रकृतिभिः उद्वीक्षितं ज्योतिस्-पथात् अवततार","एतावदुक्तवति दाशरथौ तदीयामिच्छां विमानमधिदेवतया विदित्वा।#ज्योतिष्पथादवततार सविस्मयाभिरुद्वीक्षितं प्रकृतिभिर्भरतानुगाभिः॥"
"तस्मात् पुरःसर-बिभीषण-दर्शनेन सेवा-विचक्षण-हरि-ईश्वर-दत्त-हस्तः (सन्) यानात् अवातरत् अदूर-मही-तलेन मार्गेण भङ्गि-रचित-स्फटिकेन रामः","रामः सेवा-विचक्षण-हरि-ईश्वर-दत्त-हस्तः (सन्) पुरःसर-बिभीषण-दर्शनेन अदूर-मही-तलेन भङ्गि-रचित-स्फटिकेन मार्गेण तस्मात् यानात् अवातरत्","तस्मात्पुरःसरबिभीषणदर्शनेन सेवाविचक्षणहरीश्वरदत्तहस्तः।#यानादवातरददूरमहीतलेन मार्गेण भङ्गिरचितस्फटिकेन रामः॥"
"इक्ष्वाकु-वंश-गुरवे प्रयतः प्रणम्य सः भ्रातरं भरतम् अर्घ्य-परिग्रह-अन्ते पर्यश्रुः (सन्) अस्वजत मूर्धनि च उपजघ्रौ तत्-भक्ति-अपोढ-पितृ-राज्य-महा-अभिषेके","प्रयतः सः इक्ष्वाकु-वंश-गुरवे प्रणम्य अर्घ्य-परिग्रह-अन्ते पर्यश्रुः (सन्) भ्रातरं भरतम् अस्वजत तत्-भक्ति-अपोढ-पितृ-राज्य-महा-अभिषेके मूर्धनि उपजघ्रौ च","इक्ष्वाकुवंशगुरवे प्रयतः प्रणम्य स भ्रातरं भरतमर्घ्यपरिग्रहान्ते।#पर्यश्रुरस्वजत मूर्धनि चोपजघ्रौ तद्भक्त्यपोढपितृराज्यमहाभिषेके॥"
"श्मश्रु-प्र-वृद्धि-जनित-आनन-विक्रियान् च प्लक्षान्-इव प्ररोह-जटिलान् मन्त्रि-वृद्धान् अन्वग्रहीत् प्रणमतः शुभ-दृष्टिपातैः वार्त-अनुयोग-मधुर-अक्षरया च वाचा (सः)","श्मश्रु-प्र-वृद्धि-जनित-आनन-विक्रियान् प्ररोह-जटिलान् प्लक्षान्-इव प्रणमतः मन्त्रि-वृद्धान् च शुभ-दृष्टिपातैः वार्त-अनुयोग-मधुर-अक्षरया वाचा च (सः) अन्वग्रहीत्","श्मश्रुप्रवृद्धिजनिताननविक्रियांश्च प्लक्षान्प्ररोहजटिलानिव मन्त्रिवृद्धान्।#अन्वग्रहीत्प्रणमतः शुभदृष्टिपातैर्वातानुयोगमधुराक्षरया च वाचा॥"
"दुर्जात-बन्धुः अयम् ऋक्ष-हरि-ईश्वरः मे पौलस्त्यः एषः समरेषु पुरः प्रहर्ता इति आदृतेन कथितौ रघु-नन्दनेन व्युत्क्रम्य लक्ष्मणम् उभौ भरतः ववन्दे (च) (अस्ति)","अयम् मे दुर्जात-बन्धुः ऋक्ष-हरि-ईश्वरः एषः समरेषु पुरः प्रहर्ता पौलस्त्यः (च) (अस्ति) इति आदृतेन रघु-नन्दनेन कथितौ उभौ लक्ष्मणम् व्युत्क्रम्य भरतः ववन्दे","दुर्जातबन्धुरयमृक्षहरीश्वरो मे पौलस्त्य एष समरेषु पुरःप्रहर्ता।# इत्यादृतेन कथितौ रघुनन्दनेन व्युत्क्रम्य लक्ष्मणमुभौ भरतो ववन्दे।।"
"सौमित्रिणा तदनु संससृजे सः च एनम् उत्थाप्य नम्र-शिरसम् भृशम् आलिलिङ्ग रूढ-इन्द्रजित्-प्रहरण-व्रण-कर्कशेन क्लिश्यन् इव अस्य भुज-मध्यम् उरः-स्थलेन","तदनु सः सौमित्रिणा संससृजे नम्र-शिरसम् एनम् उत्थाप्य रूढ-इन्द्रजित्-प्रहरण-व्रण-कर्कशेन अस्य उरः-स्थलेन भुज-मध्यम् क्लिश्यन् इव भृशम् आलिलिङ्ग च","सौमित्रिणा तदनु संससृजे स चैनमुत्थाप्य नम्रशिरसं भृशमालिलिङ्ग।# रूढेन्द्रजित्प्रहरणव्रणकर्कशेन क्लिश्यन्निवास्य भुजमध्यमुरःस्थलेन।।"
"राम-आज्ञया हरि-चमू-पतयः तदानीं कृत्वा मनुष्य-वपुः आरुरुहुः गजेन्द्रान् तेषु क्षरत्सु बहुधा मद-वारि-धाराः शैल-अधिरोहण-सुखानि उपलेभिरे ते","तदानीं हरि-चमू-पतयः राम-आज्ञया मनुष्य-वपुः कृत्वा गजेन्द्रान् आरुरुहुः बहुधा मद-वारि-धाराः क्षरत्सु तेषु ते शैल-अधिरोहण-सुखानि उपलेभिरे","रामाज्ञया हरिचमूपतयस्तदानीं कृत्वा मनुष्यवपुरारुरुहुर्गजेन्द्रान्।#तेषु क्षरत्सु बहुधा मदवारिधाराः शैलाधिरोहणसुखान्युपलेभिरे ते॥"
"सानु-प्लवः प्रभुः अपि क्षणदा-चराणाम् भेजे रथान् दशरथ-प्रभव-अनुशिष्टः माया-विकल्प-रचितैः अपि ये तदीयैः न स्यन्दनैः तुलित-कृत्रिम-भक्ति-शोभाः (सन्) (बभूवुः)","सानु-प्लवः क्षणदा-चराणाम् प्रभुः अपि दशरथ-प्रभव-अनुशिष्टः (सन्) रथान् भेजे ये माया-विकल्प-रचितैः अपि तदीयैः स्यन्दनैः तुलित-कृत्रिम-भक्ति-शोभाः न (बभूवुः)","सानुप्लवः प्रभुरपि क्षणदाचराणां भेजे रथान्दशरथप्रभवानुशिष्टः।# मायाविकल्परचितैरपि ये तदीयैर्न स्यन्दनैस्तुलितकृत्रिमभक्तिशोभाः॥75॥"
"भूयः ततः रघु-पतिः विलसत्-पताकम् अध्यास्त काम-गति स-अवरजः (सन्) विमानम् दोषातनं बुध-बृहस्पति-योग-दृश्यः तारा-पतिः तरल-विद्युत् इव अभ्र-वृन्दम्","ततः रघु-पतिः स-अवरजः (सन्) विलसत्-पताकम् काम-गति विमानम् भूयः बुध-बृहस्पति-योग-दृश्यः तारा-पतिः दोषातनं तरल-विद्युत् अभ्र-वृन्दम् इव अध्यास्त","भूयस्ततो रघुपतिर्विलसत्पताकमध्यास्त कामगति सावरजो विमानम्।#दोषातनं बुधबृहस्पतियोगदृश्यस्तारापतिस्तरलविद्युदिवाभ्रवृन्दम्॥76॥"
"तत्र ईश्वरेण जगताम् प्रलयात् उर्वीम्-इव वर्ष-अत्ययेन रुचम्-इव अभ्र-घनात् इन्दोः रामेण मैथिल-सुताम् दश-कण्ठ-कृच्छ्रात् प्रत्युद्धृतां धृतिमतीं भरतः ववन्दे","तत्र जगताम् ईश्वरेण प्रलयात् उर्वीम्-इव वर्ष-अत्ययेन अभ्र-घनात् इन्दोः रुचम्-इव रामेण दश-कण्ठ-कृच्छ्रात् प्रत्युद्धृतां धृतिमतीं मैथिल-सुताम् भरतः ववन्दे","तत्रेश्वरेण जगतां प्रलयादिवोर्वीं वर्षात्ययेन रुचमभ्रघनादिवेन्दोः।#रामेण मैथिलसुतां दशकण्ठकृच्छ्रात्प्रत्युद्धृतां धृतिमतीं भरतो ववन्दे॥77॥"
"लङ्केश्वर-प्रणति-भङ्ग-दृढ-व्रतं तत् वन्द्यं युगं चरणयोः जनक-आत्मजायाः ज्येष्ठ-अनुवृत्ति-जटिलं च शिरः अस्य साधोः अन्योन्य-पावनम् अभूत् उभयं समेत्य","लङ्केश्वर-प्रणति-भङ्ग-दृढ-व्रतं वन्द्यं तत् जनक-आत्मजायाः चरणयोः युगं ज्येष्ठ-अनुवृत्ति-जटिलं साधोः अस्य शिरः च उभयं समेत्य अन्योन्य-पावनम् अभूत्","लङ्केश्वरप्रणतिभङ्गदृढव्रतं तद्वन्द्यं युगं चरणयोर्जनकात्मजायाः।#ज्येष्ठानुवृत्तिजटिलं च शिरोऽस्य साधोरन्योन्यपावनमभूदुभयं समेत्य॥78॥"
"आर्यः काकुत्स्थः प्रकृति-पुरःसरेण स्तिमित-जवेन पुष्पकेण क्रोश-अर्धं गत्वा शत्रुघ्न-प्रतिविहित-उपकार्यम् उदारम् साकेत-उपवनम् अध्युवास","क्रोश-अर्धं प्रकृति-पुरःसरेण गत्वा काकुत्स्थः स्तिमित-जवेन पुष्पकेण शत्रुघ्न-प्रतिविहित-उपकार्यम् आर्यः साकेत-उपवनम् उदारम् अध्युवास","क्रोशार्धं प्रकृतिपुरःसरेण गत्वा काकुत्स्थः स्तिमितजवेन पुष्पकेण।#शत्रुघ्नप्रतिविहितोपकार्यमार्यः साकेतोपवनमुदारमध्युवास॥"
"अथ दाशरथी उपघ्न-तरोः छेदात् व्रतत्यौ-इव भर्तुः प्रणाशात् शोचनीयम् दशा-अन्तरम् प्रपन्ने जनन्यौ तत्र समम् अपश्यताम्","भर्तुः प्रणाशात् अथ शोचनीयम् दशा-अन्तरम् तत्र समम् प्रपन्ने अपश्यताम् दाशरथी जनन्यौ छेदात् इव उपघ्न-तरोः व्रतत्यौ-","भर्तुः प्रणाशादथ शोचनीयं दशान्तरं तत्र समं प्रपन्ने।#अपश्यतां दाशरथी जनन्यौ छेदादिवोपघ्नतरोर्व्रतत्यौ॥1॥"
"यथा-क्रमं प्रणतौ हत-अरी विक्रम-शोभिनौ तौ उभौ उभाभ्यां अस्र-अन्धतया विस्पष्टम् न दृष्टौ (च​) सुत-स्पर्श-सुख-उपलम्भात् ज्ञातौ","उभौ उभाभ्यां प्रणतौ हत-अरी यथा-क्रमं विक्रम-शोभिनौ तौ विस्पष्टम् अस्र-अन्धतया न दृष्टौ (च​) ज्ञातौ सुत-स्पर्श-सुख-उपलम्भात्","उभावुभाभ्यां प्रणतौ हतारी यथाक्रमं विक्रमशोभिनौ तौ।#विस्पष्टमस्रान्धतया न दृष्टौ ज्ञातौ सुतस्पर्शसुखोपलम्भात्॥2॥"
"तयोः आनन्दजः शिशिरः बाष्पः शोकजम् अशीतं अश्रु उष्ण-तप्तं गङ्गा-सरय्वोः जलम् अवतीर्णः हिम-अद्रि-निस्यन्दः-इव बिभेद","आनन्दजः शोकजम् अश्रु बाष्पः तयोः अशीतं शिशिरः बिभेद गङ्गा-सरय्वोः जलम् उष्ण-तप्तं हिम-अद्रि-निस्यन्दः-इव अवतीर्णः","आनन्दजः शोकजमश्रु बाष्पस्तयोरशीतं शिशिरो बिभेद।#गङ्गासरय्वोर्जलमुष्णतप्तं हिमाद्रिनिस्यन्द इवावतीर्णः॥3॥"
"ते पुत्रयोः नैऋत-शस्त्र-मार्गान् आर्द्रान् इव अङ्गे सदयम् स्पृशन्त्यौ अपि ईप्सितम् क्षत्र-कुल-अङ्गनानाम् न वीरसू-शब्दम् अकामयेताम्","ते पुत्रयोः अङ्गे नैऋत-शस्त्र-मार्गान् आर्द्रान् इव सदयम् स्पृशन्त्यौ क्षत्र-कुल-अङ्गनानाम् ईप्सितम् अपि वीरसू-शब्दम् न अकामयेताम्","ते पुत्रयोर्नैऋतशस्त्रमार्गानार्द्रानिवाङ्गे सदयं स्पृशन्त्यौ।#अपीपसितं क्षत्रकुलाङ्गनानां न वीरसूशब्दमकामयेताम्॥4॥"
"क्लेश-आवहा भर्तुः अ-लक्षणा अहं सीता (अस्मि) इति नाम स्वम् उदीरयन्ती स्वर्ग-प्रतिष्ठस्य गुरोः महिष्यौ अ-भक्ति-भेदेन वधूः ववन्दे","(अस्मि) भर्तुः क्लेश-आवहा अ-लक्षणा अहं सीता इति स्वम् नाम उदीरयन्ती स्वर्ग-प्रतिष्ठस्य गुरोः महिष्यौ अ-भक्ति-भेदेन वधूः ववन्दे","क्लेशावहा भर्तुरलक्षणाहं सीतेति नाम स्वमुदीरयन्ती।#स्वर्गप्रतिष्ठस्य गुरोर्महिष्यावभक्तिभेदेन वधूर्ववन्दे॥5॥"
"उत्तिष्ठ वत्से ननु स-अनुजः असौ वृत्तेन भर्ता शुचिना तव एव कृच्छ्रं महत् तीर्णः इति प्रिय-अर्हां ताम् ऊचतुः ते प्रियम् अपि अ-मिथ्या (स्वयम्)","ननु वत्से उत्तिष्ठ असौ स-अनुजः भर्ता तव एव शुचिना वृत्तेन महत् कृच्छ्रं तीर्णः इति प्रिय-अर्हां ताम् प्रियम् अपि अ-मिथ्या (स्वयम्) ते ऊचतुः","उत्तिष्ठ वत्से ननु सानुजोऽसौ वृत्तेन भर्ता शुचिना तवैव।#कृच्छ्रं महत्तीर्ण इति प्रियार्हां तामूचतुस्ते प्रियमप्यमिथ्या॥6॥"
"अथ अभिषेकं रघुवंश-केतोः प्रारब्धम् आनन्द-जलैः जनन्योः निर्वर्तयामासुः अमात्य-वृद्धाः तीर्थ-आहृतैः काञ्चन-कुम्भ-तोयैः","अथ जनन्योः आनन्द-जलैः प्रारब्धम् रघुवंश-केतोः अभिषेकं अमात्य-वृद्धाः तीर्थ-आहृतैः काञ्चन-कुम्भ-तोयैः निर्वर्तयामासुः","अथाभिषेकं रघुवंशकेतोः प्रारब्धमानन्दजलैर्जनन्योः।#निर्वर्तयामासुरमात्यवृद्धास्तीर्थाहृतैः काञ्चनकुम्भतोयैः॥7॥"
"रक्षः-कपि-इन्द्रैः सरित्-समुद्रान् सरसीः च गत्वा उपपादितानि जलानि जिष्णोः तस्य मूर्ध्नि विन्ध्यस्य मेघ-प्रभवाः आपः-इव अपतन्","सरित्-समुद्रान् सरसीः च गत्वा रक्षः-कपि-इन्द्रैः उपपादितानि तस्य अपतन् मूर्ध्नि जलानि जिष्णोः विन्ध्यस्य मेघ-प्रभवाः इव आपः-","सरित्समुद्रान्सरसीश्च गत्वा रक्षःकपीन्द्रैरुपपादितानि।#तस्यापतन्मूर्ध्नि जलानि जिष्णोर्विन्ध्यस्य मेघप्रभवा इवापः॥8॥"
"यः तपस्वि-वेष-क्रियया अपि सुतरां प्रेक्षणीयः तावत् बभूव तस्य उदिता राज-इन्द्र-नेपथ्य-विधान-शोभा पुनः-उक्त-दोषा आसीत्","तपस्वि-वेष-क्रियया अपि तावत् यः प्रेक्षणीयः सुतरां बभूव राज-इन्द्र-नेपथ्य-विधान-शोभा तस्य उदिता आसीत् पुनः-उक्त-दोषा","तपस्विवेषक्रिययापि तावद्यः प्रेक्षणीयः सुतरां बभूव।#राजेन्द्रनेपथ्यविधानशोभा तस्योदितासीत्पुनरुक्तदोषा॥9॥"
"सः स-सैन्यः तूर्य-स्वन-आनन्दित-पौर-वर्गः मौल-रक्षः-हरिभिः (सह) सौध-उद्गत-लाज-वर्षाम् उत्तोरणाम् अन्वय-राजधानीम् विवेश","सः मौल-रक्षः-हरिभिः (सह) स-सैन्यः तूर्य-स्वन-आनन्दित-पौर-वर्गः विवेश सौध-उद्गत-लाज-वर्षाम् उत्तोरणाम् अन्वय-राजधानीम्","स मौलरक्षोहरिभिः ससैन्यस्तूर्यस्वनानन्दितपौरवर्गः।#विवेश सौधोद्गतलाजवर्षामुत्तोरणामन्वयराजधानीम्॥10॥"
"सौमित्रिणा स-अवरजेन मन्दम् आधूत-बाल-व्यजनः रथस्थः धृत-आतपत्रः भरतेन साक्षात् उपाय-संघातः-इव प्रवृद्धः (राजधानीम्) (विवेश​)","स-अवरजेन सौमित्रिणा मन्दम् आधूत-बाल-व्यजनः रथस्थः भरतेन धृत-आतपत्रः प्रवृद्धः साक्षात् उपाय-संघातः-इव (राजधानीम्) (विवेश​)","सौमित्रिणा सावरजेन मन्दमाधूतबालव्यजनो रथस्थः।#धृतातपत्रो भरतेन साक्षादुपायसंघात इव प्रवृद्धः॥11॥"
"वायु-वशेन भिन्ना प्रासाद-काल-अगुरु-धूम-राजिः वनात् निवृत्तेन रघु-उत्तमेन स्वयं मुक्ता तस्याः पुरः वेणिः इव आबभासे","प्रासाद-काल-अगुरु-धूम-राजिः तस्याः पुरः वायु-वशेन भिन्ना वनात् निवृत्तेन रघु-उत्तमेन मुक्ता स्वयं वेणिः इव आबभासे","प्रासादकालागुरुधूमराजिस्तस्याः पुरो वायुवशेन भिन्ना।#वनान्निवृत्तेन रघूत्तमेन मुक्ता स्वयं वेणिरिवाबभासे॥12॥"
"श्वश्रू-जन-अनुष्ठित-चारु-वेषां कर्णी-रथ-स्थां रघुवीर-पत्नीम् साकेत-नार्यः प्रासाद-वातायन-दृश्य-बन्धैः अञ्जलिभिः प्रणेमुः","श्वश्रू-जन-अनुष्ठित-चारु-वेषां कर्णी-रथ-स्थां रघुवीर-पत्नीम् प्रासाद-वातायन-दृश्य-बन्धैः साकेत-नार्यः अञ्जलिभिः प्रणेमुः","श्वश्रूजनानुष्ठितचारुवेषां कर्णीरथस्थां रघुवीरपत्नीम्।#प्रासादवातायनदृश्यबन्धैः साकेतनार्योऽञ्जलिभिः प्रणेमुः॥13॥"
"स्फुरत्-प्रभा-मण्डनम् आनसूयं शाश्वतम् अङ्ग-रागम् बिभ्रती सा भर्त्रा स्व-पुर्यै शुद्धा इति संदर्शिता (सा) पुनः वह्नि-गता इव रराज","स्फुरत्-प्रभा-मण्डनम् आनसूयं सा बिभ्रती शाश्वतम् अङ्ग-रागम् रराज शुद्धा इति पुनः स्व-पुर्यै संदर्शिता (सा) वह्नि-गता इव भर्त्रा","स्फुरत्प्रभामण्डनमानसूयं सा बिभ्रती शाश्वतमङ्गरागम्।#रराज शुद्धेति पुनः स्वपुर्यै संदर्शिता वह्निगतेव भर्त्रा॥14॥"
"सौहार्द-निधिः रामः सुहृद्भ्यः परिबर्हवन्ति वेश्मानि विश्राण्य आलेख्य-शेषस्य पितुः बलिमत् निकेतं बाष्पायमाणः (सन्) विवेश","वेश्मानि रामः परिबर्हवन्ति विश्राण्य सौहार्द-निधिः सुहृद्भ्यः बाष्पायमाणः (सन्) बलिमत् निकेतं आलेख्य-शेषस्य पितुः विवेश","वेश्मानि रामः परिबर्हवन्ति विश्राण्य सौहार्दनिधिः सुहृद्भ्यः।#बाष्पायमाणो बलिमन्निकेतमालेख्यशेषस्य पितुर्विवेश॥15॥"
"तत्र कृत-अञ्जलिः (सन्) (रामः) अम्ब नः गुरुः स्वर्ग-फलात् सत्यात् न अभ्रश्यत यत् तत् चिन्त्यमानं तव सुकृतं (अस्ति) इति भरतस्य मातुः लज्जां जहार","कृत-अञ्जलिः (सन्) (रामः) तत्र यत् अम्ब सत्यात् न अभ्रश्यत स्वर्ग-फलात् गुरुः नः तत् चिन्त्यमानं सुकृतं तव (अस्ति) इति जहार लज्जां भरतस्य मातुः","कृताञ्जलिस्तत्र यदम्ब सत्यान्नाभ्रश्यत स्वर्गफलाद्गुरुर्नः।#तच्चिन्त्यमानं सुकृतं तवेति जहार लज्जां भरतस्य मातुः॥16॥"
"सुग्रीव-विभीषण-आदीन् कृत्रिम-संविधाभिः तथा एव उपाचरत् यथा संकल्प-मात्र-उदित-सिद्धयः ते चेतसि विस्मयेन क्रान्ताः","तथा एव सुग्रीव-विभीषण-आदीन् उपाचरत् कृत्रिम-संविधाभिः संकल्प-मात्र-उदित-सिद्धयः ते क्रान्ताः यथा चेतसि विस्मयेन","तथैव सुग्रीवविभीषणादीनुपाचरत्कृत्रिमसंविधाभिः।#संकल्पमात्रोदितसिद्धयस्ते क्रान्ता यथा चेतसि विस्मयेन॥17॥"
"सः सभा-जनाय उपगतान् दिव्यान् मुनीन् पुरस्कृत्य हतस्य शत्रोः प्रभव-आदि स्व-विक्रमे गौरवम् आदधानम् वृत्तं तेभ्यः शुश्राव","सभा-जनाय उपगतान् सः दिव्यान् मुनीन् पुरस्कृत्य हतस्य शत्रोः शुश्राव तेभ्यः प्रभव-आदि वृत्तं स्व-विक्रमे गौरवम् आदधानम्","सभाजनायोपगतान्स दिव्यान्मुनीन्पुरस्कृत्य हतस्य शत्रोः।#शुश्राव तेभ्यः प्रभवादि वृत्तं स्वविक्रमे गौरवमादधानम्॥18॥"
"प्रतिप्रयातेषु तपो-धनेषु सुखात् अ-विज्ञात-गत-अर्धमासान् सीता-स्व-हस्त-उपहृत-अग्र्य-पूजान् रक्षः-कपि-इन्द्रान् विससर्ज रामः","प्रतिप्रयातेषु तपो-धनेषु सुखात् अ-विज्ञात-गत-अर्धमासान् सीता-स्व-हस्त-उपहृत-अग्र्य-पूजान् रक्षः-कपि-इन्द्रान् रामः विससर्ज","प्रतिप्रयातेषु तपोधनेषु सुखादविज्ञातगतार्धमासान्।#सीतास्वहस्तोपहृताग्र्यपूजान्रक्षःकपीन्द्रान्विससर्ज रामः॥19॥"
"(रामः) तत् च आत्म-चिन्ता-सुलभं सुरारेः जीवितेन सह हृतं दिवः पुष्पं पुष्पकम् विमानं कैलास-नाथ-उद्वहनाय भूयः अन्वमंस्त","(रामः) तत् च आत्म-चिन्ता-सुलभं विमानं हृतं सुरारेः सह जीवितेन कैलास-नाथ-उद्वहनाय भूयः पुष्पं दिवः पुष्पकम् अन्वमंस्त","तच्चात्मचिन्तासुलभं विमानं हृतं सुरारेः सह जीवितेन।#कैलासनाथोद्वहनाय भूयः पुष्पं दिवः पुष्पकमन्वमंस्त॥20॥"
"रामः एवं पितुः नियोगात् वन-वासम् निस्तीर्य प्रतिपन्न-राज्यः (सन्) यथा धर्म-अर्थ-कामेषु (प्रपेदे) तथा एव अवरजेषु समां वृत्तिम् प्रपेदे","पितुः नियोगात् वन-वासम् एवं निस्तीर्य रामः प्रतिपन्न-राज्यः (सन्) धर्म-अर्थ-कामेषु समां प्रपेदे यथा तथा एव अवरजेषु (प्रपेदे) वृत्तिम्","पितुर्नियोगाद्वनवासमेवं निस्तीर्य रामः प्रतिपन्नराज्यः।#धर्मार्थकामेषु समां प्रपेदे यथा तथैवावरजेषु वृत्तिम्॥21॥"
"सर्वासु मातृषु अपि वत्सलत्वात् सः निर्विशेष-प्रतिपत्तिः आसीत् षड-आनन-आपीत-पयोधरासु नेता-इव चमूनाम् कृत्तिकासु","सः वत्सलत्वात् सर्वासु मातृषु अपि निर्विशेष-प्रतिपत्तिः आसीत् चमूनाम् नेता-इव षड-आनन-आपीत-पयोधरासु कृत्तिकासु","सर्वासु मातृष्वपि वत्सलत्वात्स निर्विशेषप्रतिपत्तिरासीत्।#षडाननापीतपयोधरासु नेता चमूनामिव कृत्तिकासु॥22॥"
"तेन अर्थवान् लोभ-पराङ्मुखेन तेन घ्नता विघ्न-भयं क्रियावान् तेन आस लोकः पितृमान् विनेत्रा तेन एव शोक-अपनुदेन पुत्री","लोकः लोभ-पराङ्मुखेन तेन अर्थवान् विघ्न-भयं तेन घ्नता क्रियावान् विनेत्रा तेन पितृमान् शोक-अपनुदेन तेन एव पुत्री आस","तेनार्थवाँल्लोभपराङ्मुखेन तेन घ्नता विघ्नभयं क्रियावान्।#तेनास लोकः पितृमान्विनेत्रा तेनैव शोकापनुदेन पुत्री॥23॥"
"सः पौर-कार्याणि समीक्ष्य काले रेमे विदेह-अधिपतेः दुहित्रा उपस्थितः (सन्) चारु वपुः तदीयं कृत्वा उपभोग-उत्सुकया लक्ष्म्या-इव (स्थितया) (सह​)","सः काले पौर-कार्याणि समीक्ष्य विदेह-अधिपतेः (सह​) दुहित्रा उपभोग-उत्सुकया तदीयं चारु वपुः कृत्वा (स्थितया) लक्ष्म्या-इव उपस्थितः (सन्) रेमे","स पौरकार्याणि समीक्ष्य काले रेमे विदेहाधिपतेर्दुहित्रा।#उपस्थितश्चारु वपुस्तदीयं कृत्वोपभोगोत्सुकयेव लक्ष्म्या॥24॥"
"तयोः यथा-प्रार्थितम् इन्द्रिय-अर्थान् आसेदुषोः सद्मसु चित्रवत्सु प्राप्तानि दुःखानि अपि दण्डकेषु संचिन्त्यमानानि सुखानि अभूवन्","चित्रवत्सु सद्मसु यथा-प्रार्थितम् इन्द्रिय-अर्थान् आसेदुषोः तयोः दण्डकेषु प्राप्तानि दुःखानि अपि संचिन्त्यमानानि सुखानि अभूवन्","तयोर्यथाप्रार्थितमिन्द्रियार्थानासेदुषोः सद्मसु चित्रवत्सु।#प्राप्तानि दुःखान्यपि दण्डकेषु संचिन्त्यमानानि सुखान्यभूवन्॥25॥"
"अथ अधिक-स्निग्ध-विलोचनेन मुखेन सीता शर-पाण्डुरेण आनन्दयित्री परिणेतुः आसीत् अन-अक्षर-व्यञ्जित-दोहदेन","अथ सीता अधिक-स्निग्ध-विलोचनेन शर-पाण्डुरेण अन-अक्षर-व्यञ्जित-दोहदेन मुखेन परिणेतुः आनन्दयित्री आसीत्","अथाधिकस्निग्धविलोचनेन मुखेन सीता शरपाण्डुरेण।#आनन्दयित्री परिणेतुरासीदनक्षरव्यञ्जितदोहदेन॥26॥"
"ताम् अङ्कम् आरोप्य कृश-अङ्ग-यष्टिं वर्ण-अन्तर-आक्रान्त-पयोधर-अग्राम् विलज्जमानां रहसि प्रतीतः पप्रच्छ रामां रमणः अभिलाषम्","प्रतीतः रमणः कृश-अङ्ग-यष्टिं वर्ण-अन्तर-आक्रान्त-पयोधर-अग्राम् विलज्जमानां ताम् रामां रहसि अङ्कम् आरोप्य अभिलाषम् पप्रच्छ","तामङ्कमारोप्य कृशाङ्गयष्टिं वर्णान्तराक्रान्तपयोधराग्राम्।#विलज्जमानां रहसि प्रतीतः पप्रच्छ रामां रमणोऽभिलाषम्॥27॥"
"सा दष्ट-नीवार-बलीनि हिंस्रैः संबद्ध-वैखानस-कन्यकानि इयेष भूयः कुशवन्ति गन्तुं भागीरथी-तीर-तपो-वनानि","सा हिंस्रैः दष्ट-नीवार-बलीनि संबद्ध-वैखानस-कन्यकानि कुशवन्ति भागीरथी-तीर-तपो-वनानि भूयः गन्तुं इयेष","सा दष्टनीवारबलीनि हिंस्रैः संबद्धवैखानसकन्यकानि।#इयेष भूयः कुशवन्ति गन्तुं भागीरथीतीरतपोवनानि॥28॥"
"रघु-प्रवीरः तस्यै तत् ईप्सितं प्रतिश्रुत्य पार्श्व-चर-अनुयातः (सन्) मुदिताम् अयोध्यां आलोकयिष्यन् अभ्रंलिहम् प्रासादम् आरुरोह","तस्यै प्रतिश्रुत्य रघु-प्रवीरः तत् ईप्सितं पार्श्व-चर-अनुयातः (सन्) आलोकयिष्यन् मुदिताम् अयोध्यां प्रासादम् अभ्रंलिहम् आरुरोह","तस्यै प्रतिश्रुत्य रघुप्रवीरस्तदीप्सितं पार्श्वचरानुयातः।#आलोकयिष्यन्मुदितामयोध्यां प्रासादमभ्रंलिहमारुरोह॥29॥"
"ऋद्ध-आपणं राज-पथं सः पश्यन् विगाह्यमानां सरयूं च नौभिः विलासिभिः च अध्युषितानि पौरैः पुर-उपकण्ठ-उपवनानि रेमे","सः ऋद्ध-आपणं राज-पथं नौभिः विगाह्यमानां सरयूं च पौरैः विलासिभिः अध्युषितानि पुर-उपकण्ठ-उपवनानि च पश्यन् रेमे","ऋद्धापणं राजपथं स पश्यन्विगाह्यमानां सरयूं च नौभिः।#विलासिभिश्चाध्युषितानि पौरैः पुरोपकण्ठोपवनानि रेमे॥30॥"
"वदतां पुरोगः विशुद्ध-वृत्तः सर्प-अधिराज-ऊरु-भुजः विजित-अरि-भद्रः सः स्व-वृत्तम् उद्दिश्य भद्रं अपसर्पं किंवदन्तीं पप्रच्छ","सः किंवदन्तीं वदतां पुरोगः स्व-वृत्तम् उद्दिश्य विशुद्ध-वृत्तः सर्प-अधिराज-ऊरु-भुजः अपसर्पं पप्रच्छ भद्रं विजित-अरि-भद्रः","स किंवदन्तीं वदतां पुरोगः स्ववृत्तमुद्दिश्य विशुद्धवृत्तः।#सर्पाधिराजोरुभुजोऽपसर्पं पप्रच्छ भद्रं विजितारिभद्रः॥31॥"
"निर्बन्ध-पृष्टः सः जगाद सर्वं स्तुवन्ति (इति) पौराः चरितम् त्वदीयम् अन्यत्र रक्षः-भवन-उषितायाः परिग्रहात् मानवदेव देव्याः","निर्बन्ध-पृष्टः सः जगाद मानवदेव रक्षः-भवन-उषितायाः देव्याः परिग्रहात् अन्यत्र त्वदीयम् सर्वं चरितम् पौराः स्तुवन्ति (इति)","निर्बन्धपृष्टः स जगाद सर्वं स्तुवन्ति पौराश्चरितं त्वदीयम्।#अन्यत्र रक्षोभवनोषितायाः परिग्रहान्मानवदेव देव्याः॥32॥"
"एवम् किल कलत्र-निन्दा-गुरुणा कीर्ति-विपर्ययेण अभ्याहतं वैदेहि-बन्धोः हृदयं अयोघनेन अभितप्तं अयः-इव विदद्रे","कलत्र-निन्दा-गुरुणा किल एवम् अभ्याहतं कीर्ति-विपर्ययेण अयोघनेन अयः-इव अभितप्तं वैदेहि-बन्धोः हृदयं विदद्रे","कलत्रनिन्दागुरुणा किलैवमभ्याहतं कीर्तिविपर्ययेण।#अयोघनेनाय इवाभितप्तं वैदेहिबन्धोर्हृदयं विदद्रे॥33॥"
"आत्म-निर्वाद-कथाम् किम् उपेक्षे उत अ-दोषाम् जायाम् संत्यजामि इति एक-पक्ष-आश्रय-विक्लवत्वात् सः दोला-चल-चित्त-वृत्तिः आसीत्","किम् आत्म-निर्वाद-कथाम् उपेक्षे जायाम् अ-दोषाम् उत संत्यजामि इति एक-पक्ष-आश्रय-विक्लवत्वात् आसीत् सः दोला-चल-चित्त-वृत्तिः","किमात्मनिर्वादकथामुपेक्षे जायामदोषामुत संत्यजामि।#इत्येकपक्षाश्रयविक्लवत्वादासीत्स दोलाचलचित्तवृत्तिः॥34॥"
"निश्चित्य च अनन्य-निवृत्ति वाच्यं त्यागेन पत्न्याः परिमार्ष्टुम् (सः) ऐच्छत् अपि स्व​-देहात् किम् उत (अस्ति) इन्द्रिय​-अर्थात् यशः-धनानाम् हि यशः गरीयः (अस्ति)","(सः) वाच्यं अनन्य-निवृत्ति निश्चित्य पत्न्याः त्यागेन परिमार्ष्टुम् च ऐच्छत् हि यशः-धनानाम् स्व​-देहात् अपि यशः गरीयः (अस्ति) इन्द्रिय​-अर्थात् किम् उत (अस्ति)","निश्चित्य चानन्यनिवृत्ति वाच्यं त्यागेन पत्न्याः परिमार्ष्टुमैच्छत्।#अपि स्वदेहात्किमुतेन्द्रियार्थाद्यशोधनानां हि यशो गरीयः॥35॥"
"सः सन्निपत्य अवरजान् हत-ओजाः तत्-विक्रिया-दर्शन-लुप्त-हर्षान् कौलीनं आत्मा-आश्रयम् आचचक्षे तेभ्यः पुनः च​ इदम् उवाच​ वाक्यम्","हत-ओजाः सः तत्-विक्रिया-दर्शन-लुप्त-हर्षान् अवरजान् सन्निपत्य आत्मा-आश्रयम् कौलीनं तेभ्यः आचचक्षे पुनः च​ इदम् वाक्यम् उवाच​","स संनिपत्यावरजान्हतौजास्तद्विक्रियादर्शनलुप्तहर्षान्।#कौलीनमात्माश्रयमाचचक्षे तेभ्यः पुनश्चेदमुवाच वाक्यम्॥36॥"
"रवि-प्रसूतेः राज-ऋषि-वंशस्य सदाचार-शुचेः मत्तः दर्पणस्य पयोद-वातात्-इव कीदृशः अयम् कलङ्कः उपस्थितः (इति) पश्यत","राज-ऋषि-वंशस्य रवि-प्रसूतेः उपस्थितः (इति) पश्यत कीदृशः अयम् मत्तः सदाचार-शुचेः कलङ्कः पयोद-वातात्-इव दर्पणस्य","राजर्षिवंशस्य रविप्रसूतेरुपस्थितः पश्यत कीदृशोऽयम्।#मत्तः सदाचारशुचेः कलङ्कः पयोदवातादिव दर्पणस्य॥37॥"
"सः अहं अपां तरङ्गेषु तैल-बिन्दुम्-इव पौरेषु बहुली-भवन्तम् तत्-पूर्वम् अ-वर्णम् द्विप-इन्द्रः-इव आलानिकं स्थाणुम् सोढुं न ईशे","पौरेषु सः अहं बहुली-भवन्तम् अपां तरङ्गेषु तैल-बिन्दुम्-इव सोढुं न तत्-पूर्वम् अ-वर्णम् ईशे आलानिकं स्थाणुम् द्विप-इन्द्रः-इव","पौरेषु सोऽहं बहुलीभवन्तमपां तरङ्गेष्विव तैलबिन्दुम्।#सोढुं न तत्पूर्वमवर्णमीशे आलानिकं स्थाणुमिव द्विपेन्द्रः॥38॥"
"(अहम्) तस्य अपनोदाय फल-प्रवृत्तौ उपस्थितायाम् अपि निर्व्यपेक्षः (सन्) वैदेह-सुतां पुरस्तात् पितुः आज्ञया समुद्र-नेमिं-इव त्यक्ष्यामि","तस्य अपनोदाय (अहम्) फल-प्रवृत्तौ उपस्थितायाम् अपि निर्व्यपेक्षः (सन्) त्यक्ष्यामि वैदेह-सुतां पुरस्तात् समुद्र-नेमिं-इव पितुः आज्ञया","तस्यापनोदाय फलप्रवृत्तावुपस्थितायामपि निर्व्यपेक्षः।#त्यक्ष्यामि वैदेहसुतां पुरस्तात्समुद्रनेमिं पितुराज्ञयेव॥39॥"
"(अहम्) अवैमि च एनाम् अनघा इति किन्तु लोक-अपवादः (अस्ति) (इति) बलवान् मतः मे (अस्ति) छाया हि भूमेः शशिनः मलत्वेन आरोपिता शुद्धिमतः प्रजाभिः","(अहम्) एनाम् अनघा इति च अवैमि किन्तु लोक-अपवादः बलवान् (इति) (अस्ति) मे मतः (अस्ति) हि प्रजाभिः भूमेः छाया शुद्धिमतः शशिनः मलत्वेन आरोपिता","अवैमि चैनामनघेति किन्तु लोकापवादो बलवान्मतो मे।#छाया हि भूमेः शशिनो मलत्वेनारोपिता शुद्धिमतः प्रजाभिः॥40॥"
"रक्षः-वध-अन्तः न च मे प्रयासः व्यर्थः सः वैर-प्रतिमोचनाय अ-मर्षणः शोणित-काङ्क्षया किं पदा स्पृशन्तं दशति द्विजिह्वः (आसीत्) (आसीत्)","मे रक्षः-वध-अन्तः प्रयासः व्यर्थः न च (आसीत्) सः अ-मर्षणः द्विजिह्वः पदा स्पृशन्तं वैर-प्रतिमोचनाय दशति शोणित-काङ्क्षया (आसीत्) किं","रक्षोवधान्तो न च मे प्रयासो व्यर्थः स वैरप्रतिमोचनाय।#अमर्षणः शोणितकाङ्क्षया किं पदा स्पृशन्तं दशति द्विजिह्वः॥41॥"
"तत् एषः मे सर्गः करुण-आर्द्र-चित्तैः भवद्भिः न प्रतिषेधनीयः निर्हृत-वाच्य-शल्यान् प्राणान् मया चिरं धारयितुम् वः अर्थिता यदि (अस्ति)","तत् एषः सर्गः करुण-आर्द्र-चित्तैः न मे भवद्भिः प्रतिषेधनीयः यदि अर्थिता निर्हृत-वाच्य-शल्यान् प्राणान् मया धारयितुम् चिरं वः (अस्ति)","तदेष सर्गः करुणार्द्रचित्तैर्न मे भवद्भिः प्रतिषेधनीयः।#यद्यर्थिता निर्हृतवाच्यशल्यान्प्राणान्मया धारयितुं चिरं वः॥42॥"
"इति उक्तवन्तं जनक-आत्मजायां नितान्त-रूक्ष-अभिनिवेशम् ईशम् तेषु भ्रातृषु (मध्ये) कश्चन अपि निषेद्धुम् अनुमोदितुम् वा न शक्तः आसीत्","इति उक्तवन्तं जनक-आत्मजायां नितान्त-रूक्ष-अभिनिवेशम् ईशम् न अपि कश्चन भ्रातृषु (मध्ये) तेषु शक्तः निषेद्धुम् आसीत् अनुमोदितुम् वा","इत्युक्तवन्तं जनकात्मजायां नितान्तरूक्षाभिनिवेशमीशम्।#न कश्चन भ्रातृषु तेषु शक्तो निषेद्धुमासीदनुमोदितुं वा॥43॥"
"लोक-त्रय-गीत-कीर्तिः यथार्थभाषी लक्ष्मण-पूर्व-जन्मा सः निदेशे स्थितम् लक्ष्मणम् विलोक्य सौम्य इति आभाष्य च पृथक् आदिदेश","सः लक्ष्मणम् लक्ष्मण-पूर्व-जन्मा विलोक्य लोक-त्रय-गीत-कीर्तिः सौम्य इति च आभाष्य यथार्थभाषी स्थितम् निदेशे पृथक् आदिदेश","स लक्ष्मणं लक्ष्मणपूर्वजन्मा विलोक्य लोकत्रयगीतकीर्तिः।#सौम्येति चाभाष्य यथार्थभाषी स्थितं निदेशे पृथगादिदेश॥44॥"
"प्रजावती दोहद-शंसिनी ते तपः-वनेषु स्पृहयालुः एव (अस्ति) सः त्वं रथी (सन्) तत्-व्यपदेश-नेयां प्रापय्य वाल्मीकि-पदं त्यज एनाम्","दोहद-शंसिनी ते प्रजावती तपः-वनेषु स्पृहयालुः एव (अस्ति) सः त्वं रथी (सन्) तत्-व्यपदेश-नेयां एनाम् वाल्मीकि-पदं प्रापय्य त्यज","प्रजावती दोहदशंसिनी ते तपोवनेषु स्पृहयालुरेव।#स त्वं रथी तद्व्यपदेशनेयां प्रापय्य वाल्मीकिपदं त्यजैनाम्॥45॥"
"सः शुश्रुवान् मातरि भार्गवेण पितुः नियोगात् प्रहृतम् द्विषद्वत् प्रत्यग्रहीत् अग्रज-शासनं तत् आज्ञा गुरूणां हि अविचारणीया","पितुः नियोगात् भार्गवेण मातरि द्विषद्वत् प्रहृतम् शुश्रुवान् सः तत् अग्रज-शासनं प्रत्यग्रहीत् हि गुरूणां आज्ञा अविचारणीया","स शुश्रुवान्मातरि भार्गवेण पितुर्नियोगात्प्रहृतं द्विषद्वत्।#प्रत्यग्रहीदग्रजशासनं तदाज्ञा गुरूणां ह्यविचारणीया॥46॥"
"(सः) अथ अनुकूल-श्रवण-प्रतीताम् अ-त्रस्नुभिः युक्त-धुरं तुरङ्गैः रथम् सुमन्त्र-प्रतिपन्न-रश्मिम् आरोप्य वैदेह-सुताम् प्रतस्थे","अथ (सः) अनुकूल-श्रवण-प्रतीताम् वैदेह-सुताम् अ-त्रस्नुभिः तुरङ्गैः युक्त-धुरं सुमन्त्र-प्रतिपन्न-रश्मिम् रथम् आरोप्य प्रतस्थे","अथानुकूलश्रवणप्रतीतामत्रस्नुभिर्युक्तधुरं तुरङ्गैः।#रथं सुमन्त्रप्रतिपन्नरश्मिमारोप्य वैदेहसुतां प्रतस्थे॥47॥"
"सा नीयमाना (सती) रुचिरान् प्रदेशान् प्रियङ्करः मे प्रियः (अस्ति) इति अनन्दत् न अबुद्ध कल्प-द्रुमतां विहाय जातं तम् आत्मनि असिपत्र-वृक्षम् (सा)","सा रुचिरान् प्रदेशान् नीयमाना (सती) मे प्रियः प्रियङ्करः (अस्ति) इति अनन्दत् (सा) तम् आत्मनि कल्प-द्रुमतां विहाय असिपत्र-वृक्षम् जातं न अबुद्ध","सा नीयमाना रुचिरान्प्रदेशान्प्रियंकरो मे प्रिय इत्यनन्दत्।#नाबुद्ध कल्पद्रुमतां विहाय जातं तमात्मन्यसिपत्रवृक्षम्॥48॥"
"पथि लक्ष्मणः यत् तस्याः जुगूह तत् गुरु भावि दुःखम् अत्यन्त-लुप्त-प्रिय-दर्शनेन स्फुरता सव्य-इतरेण अक्ष्णा अस्यै आख्यातम्","जुगूह तस्याः पथि लक्ष्मणः यत् सव्य-इतरेण स्फुरता तत् अक्ष्णा आख्यातम् अस्यै गुरु भावि दुःखम् अत्यन्त-लुप्त-प्रिय-दर्शनेन","जुगूह तस्याः पथि लक्ष्मणो यत्सव्येतरेण स्फुरता तदक्ष्णा।#आख्यातमस्यै गुरु भावि दुःखमत्यन्तलुप्तप्रियदर्शनेन॥49॥"
"सा दुर्निमित्त-उपगतात् विषादात् सद्यः परिम्लान-मुख-अरविन्दा (सती) राज्ञः शिवं स-अवरजस्य भूयात् इति आशशंसे करणैः अ-बाह्यैः","सा दुर्निमित्त-उपगतात् विषादात् सद्यः परिम्लान-मुख-अरविन्दा (सती) स-अवरजस्य राज्ञः शिवं भूयात् इति अ-बाह्यैः करणैः आशशंसे","सा दुर्निमित्तोपगताद्विषादात्सद्यःपरिम्लानमुखारविन्दा।#राज्ञः शिवं सावरजस्य भूयादित्याशशंसे करणैरबाह्यैः॥50॥"
"गुरोः नियोगात् वनितां वनान्ते साध्वीं सुमित्रा-तनयः विहास्यन् अवार्यत इव उत्थित-वीचि-हस्तैः जह्नोः दुहित्रा स्थितया पुरस्तात्","गुरोः नियोगात् साध्वीं वनितां वनान्ते विहास्यन् सुमित्रा-तनयः पुरस्तात् स्थितया जह्नोः दुहित्रा उत्थित-वीचि-हस्तैः अवार्यत इव","गुरोर्नियोगाद्वनितां वनान्ते साध्वीं सुमित्रातनयो विहास्यन्।#अवार्यतेवोत्थितवीचिहस्तैर्जह्नोर्दुहित्रा स्थितया पुरस्तात्॥51॥"
"सत्य-सन्धः सः यन्त्रा निगृहीत-वाहात् रथात् तां भ्रातृ-जायां पुलिने अवतार्य निषाद-आहृत-नौ-विशेषः (सन्) सन्धाम् इव गङ्गां ततार","रथात् सः यन्त्रा निगृहीत-वाहात् तां भ्रातृ-जायां पुलिने अवतार्य गङ्गां निषाद-आहृत-नौ-विशेषः (सन्) ततार सन्धाम् इव सत्य-सन्धः","रथात्स यन्त्रा निगृहीतवाहात्तां भ्रातृजायां पुलिनेऽवतार्य।#गङ्गां निषादाहृतनौविशेषस्ततार सन्धामिव सत्यसन्धः॥52॥"
"अथ कथञ्चित् व्यवस्थापित-वाक् अन्तर्गत-बाष्प-कण्ठः सौमित्रिः मही-पतेः शासनम् मेघः औत्पातिकम् अश्म-वर्षम्-इव उज्जगार","अथ व्यवस्थापित-वाक् कथञ्चित् सौमित्रिः अन्तर्गत-बाष्प-कण्ठः औत्पातिकम् मेघः अश्म-वर्षम्-इव मही-पतेः शासनम् उज्जगार","अथ व्यवस्थापितवाक्कथंचित्सौमित्रिरन्तर्गतबाष्पकण्ठः।#औत्पातिकं मेघ इवाश्मवर्षं महीपतेः शासनमुज्जगार॥53॥"
"ततः अभिषङ्ग-अनिल-विप्रविद्धा प्रभ्रश्यमान-आभरण-प्रसूना स्वमूर्ति-लाभ-प्रकृतिं धरित्रीं लता-इव सीता सहसा जगाम","ततः अभिषङ्ग-अनिल-विप्रविद्धा प्रभ्रश्यमान-आभरण-प्रसूना सीता लता-इव सहसा स्वमूर्ति-लाभ-प्रकृतिं धरित्रीं जगाम","ततोऽभिषङ्गानिलविप्रविद्धा प्रभ्रश्यमानाभरणप्रसूना।#स्वमूर्तिलाभप्रकृतिं धरित्रीं लतेव सीता सहसा जगाम॥54॥"
"इक्ष्वाकु-वंश-प्रभवः कथं त्वां त्यजेत् अकस्मात् पतिः आर्य-वृत्तः इति क्षितिः संशयिता इव तस्यै ददौ प्रवेशं जननी न तावत्","इक्ष्वाकु-वंश-प्रभवः आर्य-वृत्तः पतिः त्वां अकस्मात् कथं त्यजेत् इति संशयिता इव तावत् जननी क्षितिः तस्यै प्रवेशं न ददौ","इक्ष्वाकुवंशप्रभवः कथं त्वां त्यजेदकस्मात्पतिरार्यवृत्तः।#इति क्षितिः संशयितेव तस्यै ददौ प्रवेशं जननी न तावत्॥55॥"
"सा लुप्त-सञ्ज्ञा न विवेद (सा) दुःखम् प्रत्यागत-असुः (सती) समतप्यत अन्तः तस्याः सुमित्रा-आत्मज-यत्न-लब्धः मोहात् अभूत् कष्टतरः प्रबोधः","लुप्त-सञ्ज्ञा सा दुःखम् न विवेद (सा) प्रत्यागत-असुः (सती) अन्तः समतप्यत तस्याः सुमित्रा-आत्मज-यत्न-लब्धः प्रबोधः मोहात् कष्टतरः अभूत्","सा लुप्तसञ्ज्ञा न विवेद दुःखं प्रत्यागतासुः समतप्यतान्तः।#तस्याः सुमित्रात्मजयत्नलब्धो मोहादभूत्कष्टतरः प्रबोधः॥56॥"
"न च अवदत् भर्तुः अ-वर्णम् आर्या निराकरिष्णोः वृजिनात् ऋते अपि आत्मानम् एव स्थिर-दुःख-भाजं पुनः पुनः दुष्कृतिनं निनिन्द","आर्या वृजिनात् ऋते अपि निराकरिष्णोः भर्तुः अ-वर्णम् न च अवदत् स्थिर-दुःख-भाजं दुष्कृतिनं आत्मानम् एव पुनः पुनः निनिन्द","न चावदद्भर्तुरवर्णमार्या निराकरिष्णोर्वृजिनादृतेऽपि।#आत्मानमेवं स्थिरदुःखभाजं पुनः पुनर्दुष्कृतिनं निनिन्द॥57॥"
"राम-अवरजः सतीम् ताम् आश्वास्य आख्यात-वाल्मीकि-निकेत-मार्गः (सन्) निघ्नस्य मे भर्तृ-निदेश-रौक्ष्यम् देवि क्षमस्व इति नम्रः बभूव","आश्वास्य राम-अवरजः सतीम् ताम् आख्यात-वाल्मीकि-निकेत-मार्गः (सन्) निघ्नस्य मे भर्तृ-निदेश-रौक्ष्यम् देवि क्षमस्व इति बभूव नम्रः","आश्वास्य रामावरजः सतीं तामाख्यातवाल्मीकिनिकेतमार्गः।#निघ्नस्य मे भर्तृनिदेशरौक्ष्यं देवि क्षमस्वेति बभूव नम्रः॥58॥"
"सीता तम् उत्थाप्य जगाद वाक्यं (अहम्) प्रीता अस्मि ते सौम्य चिराय जीव बिडौजसा विष्णुः-इव अग्रजेन भ्रात्रा यत् इत्थं परवान् असि त्वम्","सीता तम् उत्थाप्य वाक्यं जगाद सौम्य (अहम्) ते प्रीता अस्मि चिराय जीव यत् बिडौजसा विष्णुः-इव अग्रजेन भ्रात्रा त्वम् इत्थं परवान् असि","सीता तमुत्थाप्य जगाद वाक्यं प्रीतास्मि ते सौम्य चिराय जीव।#बिडौजसा विष्णुरिवाग्रजेन भ्रात्रा यदित्थं परवानसि त्वम्॥59॥"
"श्वश्रू-जनं सर्वम् अनुक्रमेण विज्ञापय प्रापित-मत्-प्र​णामः (सन्) प्रजानिषेकं मयि वर्तमानं सूनोः अनुध्यायत चेतसा इति","सर्वम् श्वश्रू-जनं अनुक्रमेण प्रापित-मत्-प्र​णामः (सन्) विज्ञापय मयि वर्तमानं सूनोः प्रजानिषेकं चेतसा अनुध्यायत इति","श्वश्रूजनं सर्वमनुक्रमेण विज्ञापय प्रापितमत्प्रणामः।#प्रजानिषेकं मयि वर्तमानं सूनोरनुध्यायत चेतसेति॥60॥"
"वाच्यः त्वया मत्-वचनात् सः राजा (अस्ति) वह्नौ विशुद्धाम् अपि यत् समक्षम् मां लोक-वाद-श्रवणात् अहासीः (इति) श्रुतस्य किं तत् सदृशं कुलस्य","सः राजा त्वया मत्-वचनात् वाच्यः (अस्ति) समक्षम् वह्नौ विशुद्धाम् अपि मां लोक-वाद-श्रवणात् अहासीः (इति) यत् तत् श्रुतस्य कुलस्य सदृशं किं","वाच्यस्त्वया मद्वचनात्स राजा वह्नौ विशुद्धामपि यत्समक्षम्।#मां लोकवादश्रवणादहासीः श्रुतस्य किं तत्सदृशं कुलस्य॥61॥"
"कल्याण-बुद्धेः अथवा तव अयं(त्यागः) न काम-चारः मयि शङ्कनीयः मम एव जन्म-अन्तर-पातकानां विपाक-विस्फूर्जथुः अ-प्रसह्यः (अस्ति)","अथवा कल्याण-बुद्धेः तव मयि अयं(त्यागः) काम-चारः न शङ्कनीयः मम एव जन्म-अन्तर-पातकानां अ-प्रसह्यः विपाक-विस्फूर्जथुः (अस्ति)","कल्याणबुद्धेरथवा तवायं न कामचारो मयि शङ्कनीयः।# ममैव जन्मान्तरपातकानां विपाकविस्फूर्जथुरप्रसह्यः॥62॥"
"उपस्थितां पूर्वम् अपास्य लक्ष्मीं वनं मया सार्धम् असि (त्वं) प्रपन्नः तत् आस्पदं प्राप्य तया अतिरोषात् सोढा अस्मि न त्वत्-भवने वसन्ती (अहम्)","पूर्वम् उपस्थितां लक्ष्मीं अपास्य (त्वं) मया सार्धम् वनं प्रपन्नः असि तत् तया अतिरोषात् त्वत्-भवने आस्पदं प्राप्य वसन्ती (अहम्) सोढा न अस्मि","उपस्थितां पूर्वमपास्य लक्ष्मीं वनं मया सार्धमसि प्रपन्नः।#तदास्पदं प्राप्य तयातिरोषात्सोढास्मि न त्वद्भवने वसन्ती॥63॥"
"निशाचर-उपप्लुत-भर्तृकाणां तपस्विनीनां भवतः प्रसादात् (अहम्) शरण्या भूत्वा त्वयि दीप्यमाने शरण-अर्थं अन्यं कथं प्रपत्स्ये","निशाचर-उपप्लुत-भर्तृकाणां तपस्विनीनां भवतः प्रसादात् (अहम्) भूत्वा शरण्या शरण-अर्थं अन्यं कथं प्रपत्स्ये त्वयि दीप्यमाने","निशाचरोपप्लुतभर्तृकाणां तपस्विनीनां भवतः प्रसादात्।#भूत्वा शरण्या शरणार्थमन्यं कथं प्रपत्स्ये त्वयि दीप्यमाने॥64॥"
"किंवा तव अत्यन्त-वियोग-मोघे अस्मिन् हत-जीविते उपेक्षां कुर्याम् यदि रक्षणीयं अन्तर्गतम् त्वदीयम् तेजः मे अन्तरायः न स्यात्","किंवा तव अत्यन्त-वियोग-मोघे कुर्याम् उपेक्षां हत-जीविते अस्मिन् स्यात् रक्षणीयं यदि मे न तेजः त्वदीयम् अन्तर्गतम् अन्तरायः","किंवा तवात्यन्तवियोगमोघे कुर्यामुपेक्षां हतजीवितेऽस्मिन्।#स्याद्रक्षणीयं यदि मे न तेजस्त्वदीयमन्तर्गतमन्तरायः॥65॥"
"सा अहं तपः सूर्य-निविष्ट-दृष्टिः (सती) ऊर्ध्वं प्रसूतेः चरितुं यतिष्ये भूयः यथा मे जनन-अन्तरे अपि त्वम् एव भर्ता (स्याः) न च विप्रयोगः (स्यात्)","सा अहं प्रसूतेः ऊर्ध्वं सूर्य-निविष्ट-दृष्टिः (सती) तपः चरितुं यतिष्ये यथा भूयः मे जनन-अन्तरे अपि त्वम् एव भर्ता (स्याः) विप्रयोगः च न (स्यात्)","साहं तपः सूर्यनिविष्टदृष्टिरूर्ध्वं प्रसूतेश्चरितुं यतिष्ये।#भूयो यथा मे जननान्तरेऽपि त्वमेव भर्ता न च विप्रयोगः॥66॥"
"नृपस्य वर्ण-आश्रम-पालनं यत् सः एव धर्मः मनुना प्रतीतः निर्वासिता अपि एवम् अतः त्वया अहं तपस्वि-सामान्यम् अवेक्षणीया","वर्ण-आश्रम-पालनं यत् सः एव नृपस्य धर्मः मनुना प्रतीतः अतः एवम् त्वया निर्वासिता अपि अहं तपस्वि-सामान्यम् अवेक्षणीया","नृपस्य वर्णाश्रमपालनं यत्स एव धर्मो मनुना प्रतीतः।#निर्वासिताप्येवमतस्त्वयाहं तपस्विसामान्यमवेक्षणीया॥67॥"
"तथा इति तस्याः वाचं प्रतिगृह्य राम-अनुजे दृष्टि-पथं व्यतीते (सति) सा व्यसन-अतिभारात् मुक्त-कण्ठं विग्ना कुररी-इव भूयः चक्रन्द","तथा इति तस्याः प्रतिगृह्य वाचं राम-अनुजे दृष्टि-पथं व्यतीते (सति) सा मुक्त-कण्ठं व्यसन-अतिभारात् चक्रन्द विग्ना कुररी-इव भूयः","तथेति तस्याः प्रतिगृह्य वाचं रामानुजे दृष्टिपथं व्यतीते।#सा मुक्तकण्ठं व्यसनातिभाराच्चक्रन्द विग्ना कुररीव भूयः॥68॥"
"नृत्यम् मयूराः (विजहुः) कुसुमानि वृक्षाः (विजहुः) दर्भान् उपात्तान् विजहुः हरिण्यः तस्याः प्रपन्ने सम-दुःख-भावम् अत्यन्तम् आसीत् रुदितं वने अपि","मयूराः नृत्यम् (विजहुः) वृक्षाः कुसुमानि (विजहुः) हरिण्यः उपात्तान् दर्भान् विजहुः तस्याः सम-दुःख-भावम् प्रपन्ने वने अपि अत्यन्तम् रुदितं आसीत्","नृत्यं मयूराः कुसुमानि वृक्षा दर्भानुपात्तान्विजहुर्हरिण्यः।#तस्याः प्रपन्ने समदुःखभावमत्यन्तमासीद्रुदितं वनेऽपि॥69॥"
"ताम् अभ्यगच्छत् रुदित-अनुसारी (सन्) कविः कुश-इध्म-आहरणाय यातः निषाद-विद्ध-अण्डज-दर्शन-उत्थः श्लोकत्वम् आपद्यत यस्य शोकः","कुश-इध्म-आहरणाय यातः कविः रुदित-अनुसारी (सन्) ताम् अभ्यगच्छत् निषाद-विद्ध-अण्डज-दर्शन-उत्थः यस्य शोकः श्लोकत्वम् आपद्यत","तामभ्यगच्छद्रुदितानुसारी कविः कुशेध्माहरणाय यातः।#निषादविद्धाण्डजदर्शनोत्थः श्लोकत्वमापद्यत यस्य शोकः॥70॥"
"सीता विलापात् विरता (सती) नेत्र-आवरणम् अश्रु प्रमृज्य तम् ववन्दे र्दोहद-लिङ्ग-दर्शी मुनिः तस्यै सु-पुत्र-आशिषम् दाश्वान् इति उवाच (च)","तम् अश्रु नेत्र-आवरणम् प्रमृज्य सीता विलापात् विरता (सती) ववन्दे तस्यै मुनिः र्दोहद-लिङ्ग-दर्शी दाश्वान् सु-पुत्र-आशिषम् इति उवाच (च)","तमश्रु नेत्रावरणं प्रमृज्य सीता विलापाद्विरता ववन्दे।#तस्यै मुनिर्दोहदलिङ्गदर्शी दाश्वान्सुपुत्राशिषमित्युवाच॥71॥"
"त्वां मिथ्या-अपवाद-क्षुभितेन भर्त्रा विसृष्टां प्रणिधानतः जाने वैदेहि विषय-अन्तर-स्थं पितुः निकेतम् प्राप्ता असि तत् मा व्यथिष्ठाः","जाने विसृष्टां प्रणिधानतः त्वां मिथ्या-अपवाद-क्षुभितेन भर्त्रा तत् मा व्यथिष्ठाः विषय-अन्तर-स्थं प्राप्ता असि वैदेहि पितुः निकेतम्","जाने विसृष्टां प्रणिधानतस्त्वां मिथ्यापवादक्षुभितेन भर्त्रा।#तन्मा व्यथिष्ठा विषयान्तरस्थं प्राप्तासि वैदेहि पितुर्निकेतम्॥72॥"
"उत्खात-लोक-त्रय-कण्टके अपि सत्य-प्रतिज्ञे अपि अ-विकत्थने अपि त्वां प्रति अकस्मात् कलुष-प्रवृत्तौ भरत-अग्रजे मे मन्युः अस्ति एव","उत्खात-लोक-त्रय-कण्टके अपि सत्य-प्रतिज्ञे अपि अ-विकत्थने अपि त्वां प्रति अकस्मात् कलुष-प्रवृत्तौ अस्ति एव मन्युः भरत-अग्रजे मे","उत्खातलोकत्रयकण्टकेऽपि सत्यप्रतिज्ञेऽप्यविकत्थनेऽपि।#त्वां प्रत्यकस्मात्कलुषप्रवृत्तावस्त्येव मन्युर्भरताग्रजे मे॥73॥"
"तव उरु-कीर्तिः श्वशुरः सखा मे सतां भव-उच्छेद-करः पिता ते धुरि स्थिता त्वं पति-देवतानां किं तत् न येन असि मम अनुकम्प्या (अस्ति) (अस्ति)","उरु-कीर्तिः तव श्वशुरः मे सखा (अस्ति) ते पिता सतां भव-उच्छेद-करः (अस्ति) त्वं पति-देवतानां धुरि स्थिता येन मम अनुकम्प्या न असि तत् किं","तवोरुकीर्तिः श्वशुरः सखा मे सतां भवोच्छेदकरः पिता ते।#धुरि स्थिता त्वं पतिदेवतानां किं तन्न येनासि ममानुकम्प्या॥74॥"
"तपस्वि-संसर्ग-विनीत-सत्त्वे तपः-वने (त्वम्) वीत-भया वस अस्मिन् इतः भविष्यति अनघ-प्रसूतेः अपत्य-संस्कारमयः विधिः ते","तपस्वि-संसर्ग-विनीत-सत्त्वे अस्मिन् तपः-वने वीत-भया (त्वम्) वस इतः अनघ-प्रसूतेः ते अपत्य-संस्कारमयः विधिः भविष्यति","तपस्विसंसर्गविनीतसत्त्वे तपोवने वीतभया वसास्मिन्।#इतो भविष्यत्यनघप्रसूतेरपत्यसंस्कारमयो विधिस्ते॥75॥"
"अशून्य-तीराम् मुनि-सन्निवेशैः तमः-उपहन्त्रीम् तमसाम् विगाह्य तत्-सैकत-उत्सङ्ग-बलि-क्रियाभिः सम्पत्स्यते ते मनसः प्रसादः","मुनि-सन्निवेशैः अशून्य-तीराम् तमः-उपहन्त्रीम् तमसाम् विगाह्य तत्-सैकत-उत्सङ्ग-बलि-क्रियाभिः ते मनसः प्रसादः सम्पत्स्यते","अशून्यतीरां मुनिसंनिवेशैस्तमोपहन्त्रीं तमसां विगाह्य।#तत्सैकतोत्सङ्गबलिक्रियाभिः संपत्स्यते ते मनसः प्रसादः॥76॥"
"पुष्पं फलं च आर्तवम् आहरन्त्यः बीजं च बालेयम् अकृष्ट-रोहि विनोदयिष्यन्ति नव-अभिषङ्गाम् उदार-वाचः मुनि-कन्यकाः त्वाम्","आर्तवम् पुष्पं फलं च अकृष्ट-रोहि बालेयम् बीजं च आहरन्त्यः उदार-वाचः मुनि-कन्यकाः नव-अभिषङ्गाम् त्वाम् विनोदयिष्यन्ति","पुष्पं फलं चार्तवमाहरन्त्यो बीजं च बालेयमकृष्टरोहि।#विनोदयिष्यन्ति नवाभिषङ्गामुदारवाचो मुनिकन्यकास्त्वाम्॥77॥"
"पयः-घटैः आश्रम-बाल-वृक्षान् संवर्धयन्ती स्व-बल-अनुरूपैः असंशयम् प्राक् तनय-उपपत्तेः स्तनन्धय-प्रीतिम् अवाप्स्यसि त्वम्","स्व-बल-अनुरूपैः पयः-घटैः आश्रम-बाल-वृक्षान् संवर्धयन्ती त्वम् तनय-उपपत्तेः प्राक् असंशयम् स्तनन्धय-प्रीतिम् अवाप्स्यसि","पयोघटैराश्रमबालवृक्षान्संवर्धयन्ती स्वबलानुरूपैः।#असंशयं प्राक्तनयोपपत्तेः स्तनंधयप्रीतिमवाप्स्यसि त्वम्॥78॥"
"अनुग्रह-प्रत्यभिनन्दिनीम् ताम् वाल्मीकिः आदाय दया-आर्द्र-चेताः सायम् मृग-अध्यासित-वेदि-पार्श्वम् स्वम् आश्रमम् शान्तमृगम् निनाय","दया-आर्द्र-चेताः वाल्मीकिः अनुग्रह-प्रत्यभिनन्दिनीम् ताम् आदाय सायम् मृग-अध्यासित-वेदि-पार्श्वम् शान्तमृगम् स्वम् आश्रमम् निनाय","अनुग्रहप्रत्यभिनन्दिनीं तां वाल्मीकिरादाय दयार्द्रचेताः।#सायं मृगाध्यासितवेदिपार्श्वं स्वमाश्रमं शान्तमृगं निनाय॥79॥"
"दर्शः पितृभिः निर्विष्ट-सारां हिम-अंशोः अन्त्यां कलां औषधीषु-इव (वाल्मीकिः) शोक-दीनां ताम् तत्-आगम-प्रीतिषु तापसीषु च अर्पयामास","ताम् अर्पयामास च शोक-दीनां तत्-आगम-प्रीतिषु तापसीषु निर्विष्ट-सारां पितृभिः हिम-अंशोः अन्त्यां कलां दर्शः औषधीषु-इव (वाल्मीकिः)","तामर्पयामास च शोकदीनां तदागमप्रीतिषु तापसीषु।#निर्विष्टसारां पितृभिर्हिमांशोरन्त्यां कलां दर्श इवौषधीषु॥80।"
"ताः तस्यै सपर्या-अनुपदं दिन-अन्ते निवास-हेतोः इङ्गुदी-स्नेह-कृत-प्रदीपम् अन्तः आस्तीर्ण-मेध्य-अजिन-तल्पम् उटजं वितेरुः","ताः इङ्गुदी-स्नेह-कृत-प्रदीपम् आस्तीर्ण-मेध्य-अजिन-तल्पम् अन्तः तस्यै सपर्या-अनुपदं दिन-अन्ते निवास-हेतोः उटजं वितेरुः","ता इङ्गुदीस्नेहकृतप्रदीपमास्तीर्णमेध्याजिनतल्पमन्तः।#तस्यै सपर्यानुपदं दिनान्ते निवासहेतोरुटजं वितेरुः॥81॥"
"तत्र अभिषेक-प्रयता वसन्ती विधिना अतिथिभ्यः प्रयुक्त-पूजा वल्कलिनी सा पत्युः प्रजा-सन्ततये वन्येन शरीरं बभार","तत्र अभिषेक-प्रयता वसन्ती प्रयुक्त-पूजा विधिना अतिथिभ्यः वन्येन सा वल्कलिनी शरीरं पत्युः प्रजा-सन्ततये बभार","तत्राभिषेकप्रयता वसन्ती प्रयुक्तपूजा विधिनातिथिभ्यः।#वन्येन सा वल्कलिनी शरीरं पत्युः प्रजासन्ततये बभार॥82॥"
"अपि प्रभुः स-अनुशयः अधुना स्यात् (इति) किम् उत्सुकः शक्रजितः अपि हन्ता शशंस सीता-परिदेवना-अन्तम् अनुष्ठितं शासनम् अग्रजाय","प्रभुः अधुना अपि स-अनुशयः स्यात् (इति) किम् उत्सुकः शक्रजितः हन्ता अपि सीता-परिदेवना-अन्तम् अनुष्ठितं शासनम् अग्रजाय शशंस","अपि प्रभुः सानुशयोऽधुना स्यात्किमुत्सुकः शक्रजितोऽपि हन्ता।#शशंस सीतापरिदेवनान्तमनुष्ठितं शासनमग्रजाय॥83॥"
"सहसा रामः स-बाष्पः तुषार-वर्षी सहस्य-चन्द्रः-इव बभूव कौलीन-भीतेन तेन वैदेह-सुता गृहात् निरस्ता मनस्तः न (निरस्ता)","बभूव रामः सहसा स-बाष्पः तुषार-वर्षी सहस्य-चन्द्रः-इव कौलीन-भीतेन गृहात् निरस्ता न तेन वैदेह-सुता मनस्तः (निरस्ता)","बभूव रामः सहसा सबाष्पस्तुषारवर्षीव सहस्यचन्द्रः।#कौलीनभीतेन गृहान्निरस्ता न तेन वैदेहसुता मनस्तः॥84॥"
"धीमान् वर्ण-आश्रम-अवेक्षण​-जागरूकः रजः-रिक्त-मनाः सः स्वयम् एव शोकं निगृह्य भ्रातृ-साधारण-भोगम् ऋद्धं राज्यं शशास","निगृह्य शोकं स्वयम् एव धीमान् वर्ण-आश्रम-अवेक्षण​-जागरूकः सः भ्रातृ-साधारण-भोगम् ऋद्धं राज्यं रजः-रिक्त-मनाः शशास","निगृह्य शोकं स्वयमेव धीमान्वर्णाश्रमावेक्षणजागरूकः।#स भ्रातृसाधारणभोगमृद्धं राज्यं रजोरिक्तमनाः शशास॥85॥"
"परिवाद-भीरोः एक-भार्याम् (अपि) साध्वीम् अपि ताम् त्यक्तवतः नृपस्य वक्षसि अ-संघट्ट-सुखं वसन्ती लक्ष्मीः सपत्नी-रहिता इव रेजे","ताम् एक-भार्याम् (अपि) परिवाद-भीरोः साध्वीम् अपि त्यक्तवतः नृपस्य वक्षसि अ-संघट्ट-सुखं वसन्ती रेजे सपत्नी-रहिता इव लक्ष्मीः","तामेकभार्यां परिवादभीरोः साध्वीमपि त्यक्तवतो नृपस्य।#वक्षस्यसंघट्टसुखं वसन्ती रेजे सपत्नीरहितेव लक्ष्मीः॥86॥"
"दश-मुख-रिपुः सीतां हित्वा अन्यां न उपयेमे यत् तस्याः एव प्रतिकृति-सखः सन् यत् क्रतून् आजहार तेन श्रवण-विषय-प्रापिणा भर्तुः वृत्तान्तेन सा दुर्वारं परित्याग​-दुःखं कथम् अपि विषेहे","सीतां हित्वा दश-मुख-रिपुः न उपयेमे यत् अन्यां तस्याः एव प्रतिकृति-सखः सन् यत् क्रतून् आजहार वृत्तान्तेन श्रवण-विषय-प्रापिणा तेन भर्तुः सा दुर्वारं कथम् अपि परित्याग​-दुःखं विषेहे","सीतां हित्वा दशमुखरिपुर्नोपयेमे यदन्यां-तस्या एव प्रतिकृतिसखो यत्क्रतूनाजहार।#वृत्तान्तेन श्रवणविषयप्रापिणा तेन भर्तुः सा दुर्वारं कथमपि परित्यागदुःखं विषेहे॥87॥"
"कृत-सीता-परित्यागः पृथिवी-पालः सः केवलाम् रत्न-आकर-मेखलाम् पृथिवीम् एव बुभुजे","कृत-सीता-परित्यागः सः रत्न-आकर-मेखलाम् बुभुजे पृथिवी-पालः पृथिवीम् एव केवलाम्","कृतसीतापरित्यागः स रत्नाकरमेखलाम्।#बुभुजे पृथिवीपालः पृथिवीमेव केवलाम्॥१॥"
"लवणेन विलुप्त-इज्याः तामिस्रेण तम् अभ्ययुः मुनयः यमुना-भाजः शरण्यं शरण-अर्थिनः","लवणेन तामिस्रेण विलुप्त-इज्याः शरण-अर्थिनः यमुना-भाजः मुनयः शरण्यं तम् अभ्ययुः","लवणेन विलुप्तेज्यास्तामिस्त्रेण तमभ्ययुः।#मुनयो यमुनाभाजः शरण्यं शरणार्थिनः॥२॥"
"अवेक्ष्य रामम् ते तस्मिन् न प्रजह्रुः स्व-तेजसा त्राण-अ-भावे हि शाप-अस्त्राः कुर्वन्ति तपसः व्ययम् (सति)","ते रामम् अवेक्ष्य तस्मिन् स्व-तेजसा न प्रजह्रुः हि त्राण-अ-भावे (सति) शाप-अस्त्राः तपसः व्ययम् कुर्वन्ति","अवेक्ष्य रामं ते तस्मिन्न प्रजह्रुः स्वतेजसा।# त्राणाभावे हि शापास्त्राः कुर्वन्ति तपसो व्ययम्॥"
"प्रतिशुश्राव काकुत्स्थः तेभ्यः विघ्न-प्रतिक्रियाम् धर्म-संरक्षण-अर्था एव प्रवृत्तिः भुवि शार्ङ्गिणः (भवति)","काकुत्स्थः तेभ्यः विघ्न-प्रतिक्रियाम् प्रतिशुश्राव भुवि शार्ङ्गिणः प्रवृत्तिः धर्म-संरक्षण-अर्था एव (भवति)","प्रतिशुश्राव काकुत्स्थस्तेभ्यो विघ्नप्रतिक्रियाम्।# धर्मसंरक्षणार्थैव प्रवृत्तिर्भुवि शार्ङ्गिणः॥"
"ते रामाय विबुध-द्विषः वध-उपायम् आचख्युः लवणः शूली दुर्-जयः (अस्ति) वि-शूलः प्रार्थ्यताम् इति","ते रामाय वध-उपायम् आचख्युः विबुध-द्विषः दुर्-जयः (अस्ति) लवणः शूली वि-शूलः प्रार्थ्यताम् इति","ते रामाय वधोपायमाचख्युर्विबुधद्विषः।#दुर्जयो लवणः शूली विशूलः प्रार्थ्यतामिति॥५॥"
"अथ तेषाम् क्षेमाय राघवः शत्रुघ्नम् आदिदेश अस्य नाम अरि-निग्रहात् यथा-अर्थम् करिष्यन् इव","आदिदेश अथ शत्रुघ्नम् तेषाम् क्षेमाय राघवः करिष्यन् इव नाम अस्य यथा-अर्थम् अरि-निग्रहात्","आदिदेशाथ शत्रुघ्नं तेषां क्षेमाय राघवः।#करिष्यन्निव नामास्य यथार्थमरिनिग्रहात्॥६॥"
"यः कश्चन रघूणाम् हि परम् एकः परन्-तपः अपवादः-इव उत्सर्गम् व्यावर्त्तयितुम् ईश्वरः (अस्ति)","हि परन्-तपः रघूणाम् यः कश्चन एकः अपवादः-इव उत्सर्गम् परम् व्यावर्त्तयितुम् ईश्वरः (अस्ति)","यः कश्चन रघूणां हि परमेकः परन्तपः।#अपवाद इवोत्सर्गं व्यावर्तयितुमीश्वरः॥७॥"
"ततः अग्रजेन प्रयुक्त-आशीः रथी अ-भीः दाशरथिः पुष्पिताः सुरभीः वन-स्थलीः पश्यन् ययौ","अग्रजेन प्रयुक्त-आशीः ततः दाशरथिः रथी ययौ वन-स्थलीः पश्यन् पुष्पिताः सुरभीः अ-भीः","अग्रजेन प्रयुक्ताशीस्ततो दाशरथी रथी।#ययौ वनस्थलीः पश्यन्पुष्पिताः सुरभीरभीः॥८॥"
"राम-आदेशात् अनुगता सेना तस्य अध्ययन-अर्थस्य धातोः पश्चात् अधिः-इव अर्थ-सिद्धये अभवत्","राम-आदेशात् अनुगता सेना तस्य अर्थ-सिद्धये पश्चात् अध्ययन-अर्थस्य धातोः अधिः-इव अभवत्","रामादेशादनुगता सेना तस्यार्थसिद्धये।#पश्चादध्ययनार्थस्य धातोरधिरिवाभवत्॥९॥"
"रथ-प्रष्ठैः मुनिभिः आदिष्ट-वर्त्मा गच्छन् तपताम् वरः सः वालखिल्यैः अंशुमान्-इव विरराज","आदिष्ट-वर्त्मा मुनिभिः सः गच्छन् तपताम् वरः विरराज रथ-प्रष्ठैः वालखिल्यैः इव अंशुमान्-","आदिष्टवर्त्मा मुनिभिः स गच्छंस्तपसां वरः।#विरराज रथप्रष्ठैर्वालखिल्यैरिवांशुमान्॥१०॥"
"तस्य मार्ग-वशात् एका बभूव वसतिः यतः रथ-स्वन-उत्कण्ठ-मृगे वाल्मीकीये तपस्-वने","यतः तस्य मार्ग-वशात् रथ-स्वन-उत्कण्ठ-मृगे वाल्मीकीये तपस्-वने एका वसतिः बभूव","तस्य मार्गवशादेका बभूव वसतिर्यतः।#रथस्वनोत्कण्ठमृगे वाल्मीकीये तपोवने॥११।"
"तम् ऋषिः पूजयामास कुमारम् क्लान्त-वाहनम् तपः-प्रभाव-सिद्धाभिः विशेष-प्रतिपत्तिभिः","क्लान्त-वाहनम् तम् कुमारम् ऋषिः तपः-प्रभाव-सिद्धाभिः विशेष-प्रतिपत्तिभिः पूजयामास","तमृषिः पूजयामास कुमारं क्लान्तवाहनम्।#तपःप्रभावसिद्धाभिर्विशेषप्रतिपत्तिभिः॥१२॥"
"तस्याम् एव अस्य यामिन्याम् अन्तर्वत्नी प्रजावती सुतौ असूत सम्पन्नौ कोश-दण्डौ-इव क्षितिः","तस्याम् एव यामिन्याम् अस्य अन्तर्वत्नी प्रजावती क्षितिः सम्पन्नौ कोश-दण्डौ-इव सुतौ असूत","तस्यामेवास्य यामिन्यामन्तर्वत्नी प्रजावती।#सुतावसूत संपन्नौ कोशदण्डाविव क्षितिः॥१३॥"
"संतान-श्रवणात् भ्रातुः सौमित्रिः सौमनस्यवान् प्र-अञ्जलिः मुनिम् आमन्त्र्य प्रातः युक्त-रथः (सन्) ययौ","भ्रातुः संतान-श्रवणात् सौमनस्यवान् सौमित्रिः प्रातः युक्त-रथः (सन्) प्र-अञ्जलिः मुनिम् आमन्त्र्य ययौ","संतानश्रवणाद्भ्रातुः सौमित्रिः सौमनस्यवान्।#प्राञ्जलिर्मुनिमामन्त्र्य प्रातर्युक्तरथो ययौ॥१४॥"
"सः च प्राप मधु-उपघ्नम् कुम्भीनस्याः च कुक्षि-जः वनात् करम् इव आदाय सत्त्व-राशिम् उपस्थितः","सः च मधु-उपघ्नम् प्राप कुम्भीनस्याः कुक्षि-जः च वनात् करम् इव सत्त्व-राशिम् आदाय उपस्थितः","स च प्राप मधूपघ्नं कुम्भीनस्याश्च कुक्षिजः।# वनात्करमिवादाय सत्त्वराशिमुपस्थितः॥"
"(सः) धूम-धूम्रः वसा-गन्धी ज्वाला-बभ्रु-शिरः-रुहः क्रव्याद्-गण-परीवारः चिता-अग्निः-इव जङ्गमः (आसीत्)","(सः) धूम-धूम्रः वसा-गन्धी ज्वाला-बभ्रु-शिरः-रुहः क्रव्याद्-गण-परीवारः जङ्गमः चिता-अग्निः-इव (आसीत्)","धूमधूम्रो वसागन्धी ज्वालाबभ्रुशिरोरुहः।#क्रव्याद्गणपरीवारश्चिताग्निरिव जङ्गमः॥१६॥"
"अप-शूलम् तम् आसाद्य लवणम् लक्ष्मण-अनु-जः रुरोध सम्मुखीनः हि जयः रन्ध्र-प्रहारिणाम् (भवति)","लक्ष्मण-अनु-जः अप-शूलम् तम् लवणम् आसाद्य रुरोध हि रन्ध्र-प्रहारिणाम् जयः सम्मुखीनः (भवति)","अपशूलं तमासाद्य लवणं लक्ष्मणानुजः।# रुरोध संमुखीनो हि जयो रन्ध्रप्रहारिणाम्॥"
"न-अति-पर्याप्तम् आलक्ष्य मत्-कुक्षेः अद्य भोजनम् दिष्ट्या त्वम् असि मे धात्रा भीतेन इव उपपादितः; इति सन्तर्ज्य शत्रुघ्नम् राक्षसः तत्-जिघांसया प्रांशुम् उत्पाटयामास मुस्ता-स्तम्बम्-इव द्रुमम्","अद्य मत्-कुक्षेः भोजनम् न-अति-पर्याप्तम् आलक्ष्य भीतेन इव धात्रा दिष्ट्या मे त्वम् उपपादितः असि; इति शत्रुघ्नम् सन्तर्ज्य राक्षसः तत्-जिघांसया प्रांशुम् द्रुमम् मुस्ता-स्तम्बम्-इव उत्पाटयामास","नातिपर्याप्तमालक्ष्य मत्कुक्षेरद्य भोजनम्। दिष्ट्या त्वमसि मे धात्रा भीतेनेवोपपादितः॥18॥#इति संतर्ज्य शत्रुघ्नं राक्षसस्तज्जिघांसया। प्रांशुमुत्पाटयामास मुस्तास्तम्बमिव द्रुमम्॥19॥"
"सौमित्रेः निशितैः बाणैः अन्तरा शकलीकृतः (सन्) गात्रम् पुष्प-रजः प्राप न शाखी नैर्ॠत-ईरितः (प्राप)","नैर्ॠत-ईरितः शाखी अन्तरा निशितैः बाणैः शकलीकृतः (सन्) सौमित्रेः गात्रम् न प्राप पुष्प-रजः (प्राप)","सौमित्रेर्निशितैर्बाणैरन्तरा शकलीकृतः।# गात्रं पुष्परजः प्राप न शाखी नैर्ऋतेरितः॥"
"विनाशात् तस्य वृक्षस्य रक्षः तस्मै महा-उपलम् प्रजिघाय कृत-अन्तस्य मुष्टिं पृथक् इव स्थितम्","रक्षः तस्य वृक्षस्य विनाशात् महा-उपलम् पृथक् स्थितम् कृत-अन्तस्य मुष्टिं इव तस्मै प्रजिघाय","विनाशात्तस्य वृक्षस्य रक्षस्तस्मै महोपलम्।#प्रजिघाय कृतान्तस्य मुष्टिं पृथगिव स्थितम्॥२१॥"
"सः शत्रुघ्नेन ऐन्द्रम् अस्त्रम् उपादाय ताडितः (सन्) सिकतात्वात् अपि पराम् परमाणुताम् प्रपेदे","ऐन्द्रम् अस्त्रम् उपादाय शत्रुघ्नेन सः ताडितः (सन्) सिकतात्वात् अपि पराम् प्रपेदे परमाणुताम्","ऐन्द्रमस्त्रमुपादाय शत्रुघ्नेन स ताडितः।#सिकतात्वादपि परां प्रपेदे परमाणुताम्॥२२॥"
"निशा-चरः दक्षिणम् दोः उद्यम्य एक-तालः उत्पात-पवन-प्रेरितः गिरिः-इव तम् उपाद्रवत्","तम् उपाद्रवत् उद्यम्य दक्षिणम् दोः निशा-चरः एक-तालः इव उत्पात-पवन-प्रेरितः गिरिः-","तमुपाद्रवदुद्यम्य दक्षिणं दोर्निशाचरः।#एकताल इवोत्पातपवनप्रेरितो गिरिः॥२३॥"
"सः शत्रुः कार्ष्णेन पत्त्रिणा भिन्न-हृदयः पतन् भुवः कम्पम् आनिनाय आश्रम-वासिनाम् (कम्पम्) जहार","कार्ष्णेन पत्त्रिणा शत्रुः सः भिन्न-हृदयः पतन् आनिनाय भुवः कम्पम् जहार आश्रम-वासिनाम् (कम्पम्)","कार्ष्णेन पत्रिणा शत्रुः स भिन्नहृदयः पतन्।#अनिनाय भुवः कम्पं जहाराश्रमवासिनाम्॥२४॥"
"वयसाम् पङ्क्तयः पेतुः हृतस्य उपरि वि-द्विषः तत्-प्रति-द्वन्द्विनः मूर्ध्नि दिव्याः कुसुम-वृष्टयः (पेतुः)","हृतस्य वि-द्विषः उपरि वयसाम् पङ्क्तयः पेतुः तत्-प्रति-द्वन्द्विनः मूर्ध्नि दिव्याः कुसुम-वृष्टयः (पेतुः)","वयसां पङ्क्तयः पेतुर्हृतस्योपरि विद्विषः।# तत्प्रतिद्वन्द्विनो मूर्ध्नि दिव्याः कुसुमवृष्टयः॥"
"सः वीरः लवणम् हत्वा तदा महा-ओजसः इन्द्र-जित्-वध-शोभिनः सौदर्यम् भ्रातुः आत्मानम् मेने","सः हत्वा लवणम् वीरः तदा मेने महा-ओजसः भ्रातुः सौदर्यम् आत्मानम् इन्द्र-जित्-वध-शोभिनः","स हत्वा लवणं वीरस्तदा मेने महौजसः।#भ्रातुः सोदर्यमात्मानमिन्द्रजिद्वधशोभिनः॥२६॥"
"चरित-अर्थैः तपस्विभिः संस्तूयमानस्य तस्य विक्रम-उदग्रम् व्रीडया अवनतम् शिरः शुशुभे","तस्य संस्तूयमानस्य चरित-अर्थैः तपस्विभिः शुशुभे विक्रम-उदग्रम् व्रीडया अवनतम् शिरः","तस्य संस्तूयमानस्य चरितार्थैस्तपस्विभिः।#शुशुभे विक्रमोदग्रं व्रीडयावनतं शिरः॥२७॥"
"अर्थेषु निर्ममः पौरुष-भूषणः मधुरा-आकृतिः सः कालिन्द्याः उप-कूलम् मथुराम् पुरीम् निर्ममे","उप-कूलम् सः कालिन्द्याः पुरीम् पौरुष-भूषणः निर्ममे निर्ममः अर्थेषु मथुराम् मधुरा-आकृतिः","उपकूलं च कालिन्द्याः पुरीं पौरुषभूषणः।#निर्ममे निर्ममोऽर्थेषु मथुरां मधुराकृतिः॥२८॥"
"या सौराज्य-प्रकाशाभिः बभौ पौर-विभूतिभिः स्वर्ग-अभिष्यन्द-वमनं कृत्वा इव उपनिवेशिता","या सौराज्य-प्रकाशाभिः पौर-विभूतिभिः स्वर्ग-अभिष्यन्द-वमनं कृत्वा उपनिवेशिता इव बभौ","या सौराज्यप्रकाशाभिर्बभौ पौरविभूतिभिः।#स्वर्गाभिष्यन्दवमनं कृत्वेवोपनिवेशिता॥२९॥"
"तत्र सौध-गतः पश्यन् यमुनाम् चक्रवाकिनीम् हेम-भक्तिमतीं भूमेः प्र-वेणीम् इव पिप्रिये","तत्र सौध-गतः चक्रवाकिनीम् यमुनाम् हेम-भक्तिमतीं भूमेः प्र-वेणीम् इव पश्यन् पिप्रिये","तत्र सौधगतः पश्यन्यमुनां चक्रवाकिनीम्।#हेमभक्तिमतीं भूमेः प्रवेणीमिव पिप्रिये॥३०॥"
"सखा दशरथस्य अपि जनकस्य च मन्त्र-कृत् सञ्चस्कार उभय-प्रीत्या मैथिलेयौ यथा-विधि","दशरथस्य अपि जनकस्य च सखा मन्त्र-कृत् उभय-प्रीत्या मैथिलेयौ यथा-विधि सञ्चस्कार","सखा दशरथस्यापि जनकस्य च मन्त्रकृत्।#संचस्कारोभयप्रीत्या मैथिलेयौ यथाविधि॥३१॥"
"सः तौ कुश-लव-उन्मृष्ट-गर्भ-क्लेदौ तत्-आख्यया कविः कुश-लवौ एव चकार किल नामतः","सः कविः कुश-लव-उन्मृष्ट-गर्भ-क्लेदौ तौ तत्-आख्यया नामतः कुश-लवौ एव चकार किल","स तौ कुशलवोन्मृष्टगर्भक्लेदौ तदाख्यया।#कविः कुशलवावेव चकार किल नामतः॥३२॥"
"स-अङ्गम् च वेदम् अध्याप्य किञ्चित्-उत्क्रान्त-शैशवौ स्व-कृतिम् गापयामास कवि-प्रथम-पद्धतिम्","किञ्चित्-उत्क्रान्त-शैशवौ स-अङ्गम् च वेदम् अध्याप्य कवि-प्रथम-पद्धतिम् स्व-कृतिम् गापयामास","साङ्गं च वेदमध्याप्य किंचिदुत्क्रान्तशैशवौ।#स्वकृतिं गापयामास कविप्रथमपद्धतिम्॥३३॥"
"रामस्य मधुरम् वृत्तम् गायन्तौ मातुः अग्रतः तत्-वियोग-व्यथाम् किञ्चित् शिथिलीचक्रतुः सुतौ","सुतौ रामस्य वृत्तम् मातुः अग्रतः मधुरम् गायन्तौ तत्-वियोग-व्यथाम् किञ्चित् शिथिलीचक्रतुः","रामस्य मधुरं वृत्तं गायन्तौ मातुरग्रतः।#तद्वियोगव्यथां किंचिच्छिथिलीचक्रतुः सुतौ॥३४॥"
"इतरे अपि रघोः वंश्याः त्रयः त्रेता-अग्नि-तेजसः तत्-योगात् पतिवत्नीषु पत्नीषु आसन् द्वि-सूनवः","रघोः वंश्याः त्रेता-अग्नि-तेजसः इतरे त्रयः अपि तत्-योगात् पतिवत्नीषु पत्नीषु द्वि-सूनवः आसन्","इतरेऽपि रघोर्वंश्यास्त्रयस्त्रेताग्नितेजसः।#तद्योगात्पतिवत्नीषु पत्नीष्वासन्द्विसूनवः॥३५॥"
"शत्रुघातिनि शत्रुघ्नः सुबाहौ च बहु-श्रुते मथुरा-विदिशे सून्वोः निदधे पूर्वज-उत्सुकः","पूर्वज-उत्सुकः शत्रुघ्नः बहु-श्रुते शत्रुघातिनि सुबाहौ च सून्वोः मथुरा-विदिशे निदधे","शत्रुघातिनि शत्रुघ्नः सुबाहौ च बहुश्रुते।#मथुराविदिशे सून्वोर्निदधे पूर्वजोत्सुकः॥३६॥"
"भूयः तपः-व्ययः मा अभूत् वाल्मीकेः इति सः अत्यगात् मैथिली-तनय-उद्गीत-निःस्पन्द-मृगम् आश्रमम्","सः मैथिली-तनय-उद्गीत-निःस्पन्द-मृगम् वाल्मीकेः आश्रमम् भूयः तपः-व्ययः मा अभूत् इति अत्यगात्","भूयस्तपोव्ययो मा भूद्वाल्मीकेरिति सोऽत्यगात्।#मैथिलीतनयोद्गीतनिःस्पन्दमृगमाश्रमम्॥३७॥"
"वशी विवेश च अयोध्याम् रथ्य-संस्कार-शोभिनीम् लवणस्य वधात् पौरैः ईक्षितः (सन्) अत्यन्त-गौरवम्","वशी लवणस्य वधात् पौरैः अत्यन्त-गौरवम् (सन्) ईक्षितः रथ्य-संस्कार-शोभिनीम् अयोध्याम् च विवेश","वशी विवेश चायोध्यां रथ्यसंस्कारशोभिनीम्।#लवणस्य वधात्पौरैरीक्षितोऽत्यन्तगौरवम्॥३८॥"
"सः ददर्श सभा-मध्ये सभासद्भिः उपस्थितम् रामं सीता-परित्यागात् अ-सामान्य-पतिम् भुवः","सः सभा-मध्ये सभासद्भिः उपस्थितम् सीता-परित्यागात् भुवः अ-सामान्य-पतिम् रामं ददर्श","स ददर्श सभामध्ये सभासद्भिरुपस्थितम्।#रामं सीतापरित्यागादसामान्यपतिं भुवः॥३९॥"
"तम् अभ्यनन्दत् प्रणतम् लवण-अन्तकम् अग्र-जः काल-नेमि-वधात् प्रीतः तुराषाट्-इव शार्ङ्गिणम्","अग्र-जः लवण-अन्तकम् प्रणतम् तम् काल-नेमि-वधात् प्रीतः तुराषाट्-इव शार्ङ्गिणम् अभ्यनन्दत्","तमभ्यनन्दत्प्रणतं लवणान्तकमग्रजः।#कालनेमिवधात्प्रीतस्तुराषाडिव शार्ङ्गिणम्॥४०॥"
"सः पृष्टः (सन्) सर्वतः वार्तम् आख्यत् राज्ञे न सन्ततिम् प्रत्यर्पयिष्यतः काले कवेः आद्यस्य शासनात् (आख्यत्)","सः पृष्टः (सन्) सर्वतः वार्तम् राज्ञे आख्यत् सन्ततिम् न (आख्यत्) काले प्रत्यर्पयिष्यतः आद्यस्य कवेः शासनात्","स पृष्टः सर्वतो वार्तमाख्यद्राज्ञे न सन्ततिम्।#प्रत्यर्पयिष्यतः काले कवेराद्यस्य शासनात्॥४१॥"
"अथ जानपदः विप्रः शिशुम् अ-प्राप्त-यौवनम् अवतार्य अङ्क-शय्या-स्थम् द्वारि चक्रन्द भू-पतेः","अथ जानपदः विप्रः अ-प्राप्त-यौवनम् शिशुम् भू-पतेः द्वारि अङ्क-शय्या-स्थम् अवतार्य चक्रन्द","अथ जानपदो विप्रः शिशुमप्राप्तयौवनम्।#अवतार्याङ्कशय्यास्थं द्वारि चक्रन्द भूपतेः॥४२॥"
"शोचनीया असि वसुधे या त्वं दशरथात् च्युता राम-हस्तम् अनुप्राप्य कष्टात् कष्टतरम् गता (सती)","वसुधे दशरथात् च्युता या त्वं राम-हस्तम् अनुप्राप्य कष्टात् कष्टतरम् गता (सती) शोचनीया असि","शोचनीयासि वसुधे या त्वं दशरथाच्च्युता।#रामहस्तमनुप्राप्य कष्टात्कष्टतरं गता॥४३॥"
"श्रुत्वा तस्य शुचः हेतुं गोप्ता जिह्राय राघवः न हि अ-काल-भवः मृत्युः इक्ष्वाकु-पदम् अस्पृशत्","गोप्ता राघवः तस्य शुचः हेतुं श्रुत्वा जिह्राय हि अ-काल-भवः मृत्युः इक्ष्वाकु-पदम् न अस्पृशत्","श्रुत्वा तस्य शुचो हेतुं गोप्ता जिह्राय राघवः।#न ह्यकालभवो मृत्युरिक्ष्वाकुपदमस्पृशत्॥४४॥"
"सः मुहूर्तं क्षमस्व इति द्विजम् आश्वास्य दुःखितम् यानं सस्मार कौबेरं वैवस्वत-जिगीषया","सः दुःखितम् द्विजम् मुहूर्तं क्षमस्व इति आश्वास्य वैवस्वत-जिगीषया कौबेरं यानं सस्मार","स मुहूर्तं क्षमस्वेति द्विजमाश्वास्य दुःखितम्।#यानं सस्मार कौबेरं वैवस्वतजिगीषया॥४५॥"
"आत्त-शस्त्रः (सन्) तत् अध्यास्य प्रस्थितः सः रघु-उद्वहः उच्चार पुरः तस्य गूढ-रूपा सरस्वती","सः रघु-उद्वहः आत्त-शस्त्रः (सन्) तत् अध्यास्य प्रस्थितः तस्य पुरः गूढ-रूपा सरस्वती उच्चार","आत्तशस्त्रस्दध्यास्य प्रस्थितः स रघूद्वहः।#
उच्चार पुरस्तस्य गूढरूपा सरस्वती॥४६॥"
"राजन् प्रजासु ते कश्चित् अपचारः प्रवर्तते तम् अन्विष्य प्रशमयेः (त्वम्) भवितासि ततः कृती (त्वम्)","राजन् ते प्रजासु कश्चित् अपचारः प्रवर्तते तम् अन्विष्य (त्वम्) प्रशमयेः ततः (त्वम्) कृती भवितासि","राजन् प्रजासु ते कश्चिदपचारः प्रवर्तते।# तमन्विष्य प्रशमयेर्भवितासि ततः कृती॥४७॥"
"इति आप्त-वचनात् रामः वर्ण-विक्रियाम् विनेष्यन् वेग-निष्कम्प-केतुना पत्रेण दिशः पपात","इति आप्त-वचनात् रामः विनेष्यन् वर्ण-विक्रियाम् दिशः पपात पत्रेण वेग-निष्कम्प-केतुना","इत्याप्तवचनाद्रामो विनेष्यन्वर्णविक्रियाम्।#दिशः पपात पत्रेण वेगनिष्कम्पकेतुना॥४८॥"
"अथ ऐक्ष्वाकः वृक्ष-शाखा-अवलम्बिनम् धूम-अभिताम्र-अक्षम् अधो-मुखम् तपस्यन्तम् कञ्चित् ददर्श","अथ धूम-अभिताम्र-अक्षम् वृक्ष-शाखा-अवलम्बिनम् ददर्श कञ्चित् ऐक्ष्वाकः तपस्यन्तम् अधो-मुखम्","अथ धूमाभिताम्राक्षं वृक्षशाखावलम्बिनम्।#ददर्श कंचिदैक्ष्वाकस्तपस्यन्तमधोमुखम्॥४९॥"
"राज्ञा पृष्ट-नाम-अन्वयः धूम-पः सः आत्मानम् सुर-पद-अर्थिनम् शम्बुकम् नाम शूद्रम् आचष्ट किल","पृष्ट-नाम-अन्वयः राज्ञा सः किल आचष्ट धूम-पः आत्मानम् शम्बुकम् नाम शूद्रम् सुर-पद-अर्थिनम्","पृष्टनामान्वयो राज्ञा स किलाचष्ट धूमपः।#आत्मानं शम्बुकं नाम शूद्रं सुरपदार्थिनम्॥५०॥"
"तपसि अन्-अधिकारित्वात् प्रजानाम् तम् अघ-आवहम् शीर्ष-छेद्यम् परिच्छिद्य नियन्ता शस्त्रम् आददे","तपसि अन्-अधिकारित्वात् प्रजानाम् अघ-आवहम् तम् शीर्ष-छेद्यम् परिच्छिद्य नियन्ता शस्त्रम् आददे","तपस्यनधिकारित्वात्प्रजानां तमघावहम्।#शीर्षच्छेद्यं परिच्छिद्य नियन्ता शस्त्रमाददे॥५१॥"
"सः तत्-वक्त्रम् हिम-क्लिष्ट-किञ्जल्कम् पङ्क-जम्-इव ज्योतिषः-कण-आहत-श्मश्रु कण्ठ-नालात् अपातयन्","सः ज्योतिषः-कण-आहत-श्मश्रु तत्-वक्त्रम् हिम-क्लिष्ट-किञ्जल्कम् पङ्क-जम्-इव कण्ठ-नालात् अपातयन्","स तद्वक्त्रं हिमक्लिष्टकिञ्जल्कमिव पङ्कजम्।#ज्योतिष्कणाहतश्मश्रु कण्ठनालादपातयत्॥५२॥"
"कृत-दण्डः (सन्) स्वयम् राज्ञा लेभे शूद्रः सताम् गतिम् तपसा दुः-चरेण अपि न स्व-मार्ग-विलङ्घिना (लेभे)","शूद्रः राज्ञा स्वयम् कृत-दण्डः (सन्) सताम् गतिम् लेभे दुः-चरेण अपि स्व-मार्ग-विलङ्घिना तपसा न (लेभे)","कृतदण्डः स्वयं राज्ञा लेभे शूद्रः सतां गतिम्।# तपसा दुश्चरेणापि न स्वमार्गविलङ्घिना॥५३॥"
"रघु-नाथः अपि अगस्त्येन मार्ग-सन्दर्शित-आत्मना महा-ओजसा संयुयुजे शरत्-कालः-इव इन्दुना","रघु-नाथः अपि मार्ग-सन्दर्शित-आत्मना महा-ओजसा अगस्त्येन इन्दुना शरत्-कालः-इव संयुयुजे","रघुनाथोऽप्यगस्त्येन मार्गसंदर्शितात्मना।#महौजसा संयुयुजे शरत्काल इवेन्दुना॥५४॥"
"कुम्भ-योनिः अलङ्कारम् तस्मै दिव्य-परिग्रहम् ददौ दत्तं समुद्रेण पीतेन आत्म-निष्क्रयम् इव","कुम्भ-योनिः पीतेन समुद्रेण इव आत्म-निष्क्रयम् दत्तं दिव्य-परिग्रहम् अलङ्कारम् तस्मै ददौ","कुम्भयोनिरलङ्कारं तस्मै दिव्यपरिग्रहम्।#ददौ दत्तं समुद्रेण पीतेनेवात्मनिष्क्रयम्॥५५॥"
"तं दधन् मैथिली-कण्ठ-निर्-व्यापारेण बाहुना पश्चात् निववृते रामः प्राक् पर-असुः द्विज-आत्मजः (निववृते)","मैथिली-कण्ठ-निर्-व्यापारेण बाहुना तं दधन् रामः पश्चात् निववृते पर-असुः द्विज-आत्मजः प्राक् (निववृते)","तं दधन्मैथिलीकण्ठनिर्व्यापारेण बाहुना।# पश्चान्निववृते रामः प्राक्परासुर्द्विजात्मजः॥५६॥"
"तस्य पूर्व-उदिताम् निन्दां द्विजः पुत्र-समागतः स्तुत्या निवर्तयामास त्रातुः वैवस्वतात् अपि","पुत्र-समागतः द्विजः वैवस्वतात् अपि त्रातुः तस्य पूर्व-उदिताम् निन्दां स्तुत्या निवर्तयामास","तस्य पूर्वोदितां निन्दां द्विजः पुत्रसमागतः।#स्तुत्या निवर्तयामास त्रातुर्वैवस्वतादपि॥५७॥"
"तम् अध्वराय मुक्त-अश्वम् रक्षः-कपि-नर-ईश्वराः मेघाः सस्यम्-इव अम्भोभिः अभ्यवर्षन् उपायनैः","अध्वराय मुक्त-अश्वम् तम् रक्षः-कपि-नर-ईश्वराः मेघाः अम्भोभिः सस्यम्-इव उपायनैः अभ्यवर्षन्","तमध्वराय मुक्ताश्वं रक्षःकपिनरेश्वराः।#मेघाः सस्यमिवाम्भोभिरभ्यवर्षन्नुपायनैः॥५८॥"
"दिग्भ्यः निमन्त्रिताः च एनम् अभिजग्मुः महा-ऋषयः न भौमानि एव धिष्ण्यानि हित्वा ज्योतिर्मयानि अपि","निमन्त्रिताः महा-ऋषयः च भौमानि एव न ज्योतिर्मयानि अपि धिष्ण्यानि हित्वा दिग्भ्यः एनम् अभिजग्मुः","दिग्भ्यो निमन्त्रिताश्चैनमभिजग्मुर्महर्षयः।#न भौमान्येव धिष्ण्यानि हित्वा ज्योतिर्मयान्यपि॥५९॥"
"उप-शल्य-निविष्टैः तैः चतुः-द्वार-मुखी बभौ अयोध्या सृष्ट-लोका इव सद्यः पैतामही तनुः","चतुः-द्वार-मुखी अयोध्या उप-शल्य-निविष्टैः तैः सद्यः सृष्ट-लोका पैतामही तनुः इव बभौ","उपशल्यनिविष्टैस्तैश्चतुर्द्वारमुखी बभौ।#अयोध्या सृष्टलोकेव सद्यः पैतामही तनुः॥६०॥"
"श्लाघ्यः त्यागः अपि वैदेह्याः पत्युः प्राग्वंश-वासिनः अन्-अन्य-जानेः सा एव आसीत् यस्मात् जाया हिरण्मयी (आसीत्)","वैदेह्याः त्यागः अपि श्लाघ्यः (आसीत्) यस्मात् प्राग्वंश-वासिनः अन्-अन्य-जानेः पत्युः हिरण्मयी सा एव जाया आसीत्","श्लाघ्यस्त्यागोऽपि वैदेह्याः पत्युः प्राग्वंशवासिनः।# अनन्यजानेः सैवासीद्यस्माज्जाया हिरण्मयी॥६१॥"
"विधेः अधिक-सम्भारः ततः प्रववृते मखः आसन् यत्र क्रिया-विघ्नाः राक्षसाः एव रक्षिणः","ततः विधेः अधिक-सम्भारः मखः प्रववृते यत्र क्रिया-विघ्नाः राक्षसाः एव रक्षिणः आसन्","विधेरधिकसंभारस्ततः प्रववृते मखः।#आसन्यत्र क्रियाविघ्ना राक्षसा एव रक्षिणः॥६२॥"
"अथ प्राचेतस-उपज्ञम् राम-अयनम् इतस्ततः मैथिलेयौ कुश-लवौ जगतुः गुरु-चोदितौ","अथ मैथिलेयौ कुश-लवौ गुरु-चोदितौ प्राचेतस-उपज्ञम् राम-अयनम् इतस्ततः जगतुः","अथ प्राचेतसोपज्ञं रामायणमितस्ततः।#मैथिलेयौ कुशलवौ जगतुर्गुरुचोदितौ॥६३॥"
"रामस्य वृत्तम् (वर्णनीयम्) वाल्मीकेः कृतिः (गेयम्) तौ किम्-नर-स्वनौ तत् किम् येन शृण्वताम् मनः हर्तुम् अलम् न स्याताम्","वृत्तम् रामस्य (वर्णनीयम्) वाल्मीकेः कृतिः (गेयम्) तौ किम्-नर-स्वनौ किम् तत् येन मनः हर्तुम् अलम् स्याताम् न शृण्वताम्","वृत्तं रामस्य वाल्मीकेः कृतिस्तौ किन्नरस्वनौ।#किं तद्येन मनो हर्तुमलं स्यातां न शृण्वताम्॥६४॥"
"रूपे गीते च माधुर्यम् तयोः तत्‌-ज्ञैः निवेदितम् ददर्श स-अनुजः रामः शुश्राव च कुतूहली (सन्)","तत्‌-ज्ञैः निवेदितम् तयोः रूपे गीते च माधुर्यम् स-अनुजः रामः कुतूहली (सन्) ददर्श शुश्राव च","रूपे गीते च माधुर्यं तयोस्तज्ज्ञैर्निवेदितम्।#ददर्श सानुजो रामः शुश्राव च कुतूहली॥६५॥"
"तत्-गीत-श्रवण-एक-अग्रा संसद् अश्रु-मुखी बभौ हिम-निस्यन्दिनी प्रातः निर्-वाता वन-स्थली-इव","तत्-गीत-श्रवण-एक-अग्रा अश्रु-मुखी संसद् प्रातः हिम-निस्यन्दिनी निर्-वाता वन-स्थली-इव बभौ","तद्गीतश्रवणैकाग्रा संसदश्रुमुखी बभौ।#हिमनिष्यन्दिनी प्रातर्निर्वातेव वनस्थली॥६६॥"
"वय-वेष-विसंवादि रामस्य च तयोः तदा जनता प्रेक्ष्य सादृश्यम् न-अक्षि-कम्पम् व्यतिष्ठत","जनता वय-वेष-विसंवादि तदा तयोः रामस्य च सादृश्यम् प्रेक्ष्य न-अक्षि-कम्पम् व्यतिष्ठत","वयोवेषविसंवादि रामस्य च तयोस्तदा।#जनता प्रेक्ष्य सादृश्यं नाक्षिकम्पं व्यतिष्ठत॥६७॥"
"उभयोः न तथा लोकः प्रावीण्येन विसिष्मिये नृ-पतेः प्रीति-दानेषु वीत-स्पृहतया यथा (विसिष्मिये)","लोकः उभयोः प्रावीण्येन तथा न विसिष्मिये यथा नृ-पतेः प्रीति-दानेषु वीत-स्पृहतया (विसिष्मिये)","उभयोर्न तथा लोकः प्रावीण्येन विसिष्मिये।#नृपतेः प्रीतिदानेषु वीतस्पृहतया यथा॥६८॥"
"गेये कः नु विनेता वाम् कस्य च इयम् कृतिः कवेः इति राज्ञा स्वयम् पृष्टौ तौ वाल्मीकिम् अशंसताम् (अस्ति) (अस्ति)","गेये कः नु वाम् विनेता (अस्ति) इयम् च कस्य कवेः कृतिः (अस्ति) इति राज्ञा स्वयम् पृष्टौ तौ वाल्मीकिम् अशंसताम्","गेये को नु विनेता वां कस्य चेयं कृतिः कवेः।#इति राज्ञा स्वयं पृष्टौ तौ वाल्मीकिमशंसताम्॥६९॥"
"अथ स-अवर-जः रामः प्राचेतसम् उपेयिवान् (सन्) ऊरीकृत्य आत्मनः देहं राज्यम् अस्मै न्यवेदयत्","(सन्) अथ स-अवर-जः रामः प्राचेतसम् उपेयिवान् देहं ऊरीकृत्य आत्मनः राज्यम् अस्मै न्यवेदयत्","अथ सावरजो रामः प्राचेतसमुपेयिवान्।#ऊरीकृत्यात्मनो देहं राज्यमस्मै न्यवेदयत्॥७०॥"
"सः तौ आख्याय रामाय मैथिलेयौ तत्-आत्म-जौ कविः कारुणिकः वव्रे सीतायाः सम्-परिग्रहम्","कारुणिकः सः कविः रामाय मैथिलेयौ तौ तत्-आत्म-जौ आख्याय सीतायाः सम्-परिग्रहम् वव्रे","स तावाख्याय रामाय मैथिलीयौ तदात्मजौ।#कविः कारुणिको वव्रे सीतायाः संपरिग्रहम्॥७१॥"
"तात शुद्धा सम्-अक्षम् नः स्नुषा ते जात-वेदसि दौरात्म्यात् रक्षसः ताम् तु न अत्रत्याः श्रद्दधुः प्रजाः (अभूत्)","तात ते स्नुषा नः सम्-अक्षम् जात-वेदसि शुद्धा (अभूत्) रक्षसः दौरात्म्यात् अत्रत्याः प्रजाः तु ताम् न श्रद्दधुः","तात शुद्धा समक्षं नः स्नुषा ते जातवेदसि।# दौरात्म्याद्रक्षसस्तां तु नात्रत्याः श्रद्दधुः प्रजाः॥७२॥"
"ताः स्व-चारित्र्यम् उद्दिश्य प्रत्याययतु मैथिली ततः पुत्रवतीम् एनाम् प्रतिपत्स्ये त्वत्-आज्ञया","मैथिली स्व-चारित्र्यम् उद्दिश्य ताः प्रत्याययतु ततः पुत्रवतीम् एनाम् त्वत्-आज्ञया प्रतिपत्स्ये","ताः स्वचारित्र्यमुद्दिश्य प्रत्याययतु मैथिली।# ततः पुत्रवतीमेनां प्रतिपत्स्ये त्वदाज्ञया॥७३॥"
"इति प्रतिश्रुते राज्ञा जानकीम् आश्रमात् मुनिः शिष्यैः आनयामास स्व-सिद्धिम् नियमैः इव","राज्ञा इति प्रतिश्रुते मुनिः आश्रमात् जानकीम् शिष्यैः स्व-सिद्धिम् नियमैः इव आनयामास","इति प्रतिश्रुते राज्ञा जानकीमाश्रमान्मुनिः।#शिष्यैरानाययामास स्वसिद्धिं नियमैरिव॥७४॥"
"अन्येद्युः अथ काकुत्स्थः सन्निपात्य पुरौकसः कविम् आह्वययामास प्रस्तुत-प्रतिपत्तये","अथ काकुत्स्थः अन्येद्युः प्रस्तुत-प्रतिपत्तये पुरौकसः सन्निपात्य कविम् आह्वययामास","अन्येद्युरथ काकुत्स्थः संनिपात्य पुरौकसः।#कविमाह्वाययामास प्रस्तुतप्रतिपत्तये॥७५॥"
"स्वर-संस्कारवत्या असौ पुत्राभ्याम् अथ सीतया ऋचा उद्-अर्चिषम् सूर्यम्-इव रामम् मुनिः उपस्थितः (उपलक्षितया)","अथ स्वर-संस्कारवत्या ऋचा उद्-अर्चिषम् सूर्यम्-इव पुत्राभ्याम् (उपलक्षितया) सीतया रामम् असौ मुनिः उपस्थितः","स्वरसंस्कारवत्यासौ पुत्राभ्यामथ सीतया।#ऋचेवोदर्चिषं सूर्यं रामं मुनिरुपस्थितः॥७६॥"
"काषाय-परिवीतेन स्व-पद-अर्पित-चक्षुषा अन्वमीयत शुद्धा इति शान्तेन वपुषा एव सा (अस्ति)","काषाय-परिवीतेन स्व-पद-अर्पित-चक्षुषा शान्तेन वपुषा एव सा शुद्धा (अस्ति) इति अन्वमीयत","काषायपरिवीतेन स्वपदार्पितचक्षुषा।#अन्वमीयत शुद्धेति शान्तेन वपुषैव सा॥७७॥"
"जनाः तत्‌-आलोक-पथात् प्रतिसंहृत-चक्षुषः तस्थुः ते अवाङ्-मुखाः सर्वे फलिताः शालयः-इव","तत्‌-आलोक-पथात् प्रतिसंहृत-चक्षुषः ते सर्वे जनाः फलिताः शालयः-इव अवाङ्-मुखाः तस्थुः","जनास्तदालोकपथात्प्रतिसंहृतचक्षुषः।#तस्थुस्तेऽवाङ्मुखाः सर्वे फलिता इव शालयः॥७८॥"
"ताम् दृष्टि-विषये भर्तुः मुनिः आस्थित-विष्टरः कुरु निः-संशयम् वत्से स्व-वृत्ते लोकम् इति अशात्","आस्थित-विष्टरः मुनिः वत्से भर्तुः दृष्टि-विषये स्व-वृत्ते लोकम् निः-संशयम् कुरु इति ताम् अशात्","तां दृष्टिविषये भर्तुर्मुनिरास्थितविष्टरः।# कुरु निःसंशयं वत्से स्ववृत्ते लोकमित्यशात्॥७९॥"
"अथ वाल्मीकि-शिष्येण पुण्यम् आवर्जितं पयः आचम्य उदीरयामास सीता सत्यां सरस्वतीम्","अथ वाल्मीकि-शिष्येण आवर्जितं पुण्यम् पयः आचम्य सीता सत्यां सरस्वतीम् उदीरयामास","अथ वाल्मीकिशिष्येण पुण्यमावर्जितं पयः।#आचम्योदीरयामास सीता सत्यां सरस्वतीम्॥८०॥"
"यथा(यदि) मे पत्यौ वाक्-मनः-कर्मभिः व्यभिचारः न (भवति) तथा(तर्हि) विश्वं-भरे देवि माम् अन्तर्धातुम् अर्हसि","वाक्-मनः-कर्मभिः पत्यौ व्यभिचारः यथा(यदि) न मे (भवति) तथा(तर्हि) विश्वं-भरे देवि माम् अन्तर्धातुम् अर्हसि","वाङ्मनःकर्मभिः पत्यौ व्यभिचारो यथा न मे।#तथा विश्वम्भरे देवि मामन्तर्धातुमर्हसि॥८१॥"
"एवम् उक्ते तया साध्व्या रन्ध्रात् सद्यः-भवात् भुवः शात-ह्रदम् ज्योतिः-इव प्रभा-मण्डलम् उद्ययौ","साध्व्या तया एवम् उक्ते सद्यः-भवात् भुवः रन्ध्रात् शात-ह्रदम् ज्योतिः-इव प्रभा-मण्डलम् उद्ययौ","एवमुक्ते तया साध्व्या रन्ध्रात्सद्योभवाद्भुवः।# शातह्रदमिव ज्योतिः प्रभामण्डलमुद्ययौ॥८२॥"
"तत्र नाग-फण-उत्क्षिप्त-सिंह-आसन-निषेदुषी समुद्र-रशना साक्षात् प्रादुरासीत् वसुन्धरा","तत्र नाग-फण-उत्क्षिप्त-सिंह-आसन-निषेदुषी समुद्र-रशना साक्षात् वसुन्धरा प्रादुरासीत्","तत्र नागफणोत्क्षिप्तसिंहासननिषेदुषी।#समुद्ररशना साक्षात्प्रादुरासीद्वसुन्धरा॥८३॥"
"सा सीताम् अङ्कं आरोप्य भर्तृ-प्रणिहित-ईक्षणाम् मा मा इति व्याहरति एव तस्मिन् पातालम् अभ्यगात्","सा भर्तृ-प्रणिहित-ईक्षणाम् सीताम् अङ्कं आरोप्य तस्मिन् मा मा इति व्याहरति एव पातालम् अभ्यगात्","सा सीतामङ्कमारोप्य भर्तृप्रणिहितेक्षणाम्।#मामेति व्याहरत्येव तस्मिन्पातालमभ्यगात्॥८४॥"
"धरायाम् तस्य संरम्भम् सीता-प्रति-अर्पण-एषिणः गुरुः विधि-बल-अपेक्षी शमयामास धन्विनः","सीता-प्रति-अर्पण-एषिणः धन्विनः तस्य धरायाम् संरम्भम् विधि-बल-अपेक्षी गुरुः शमयामास","धरायां तस्य संरम्भं सीताप्रत्यर्पणैषिणः।#गुरुर्विधिबलापेक्षी शमयामास धन्विनः॥८५॥"
"ऋषीन् विसृज्य यज्ञ-अन्ते सुहृदः च पुरस्कृतान् रामः सीता-गतम् स्नेहम् निदधे तत्-अपत्ययोः","रामः यज्ञ-अन्ते पुरस्कृतान् ऋषीन् सुहृदः च विसृज्य सीता-गतम् स्नेहम् तत्-अपत्ययोः निदधे","ऋषीन्विसृज्य यज्ञान्ते सुहृदश्च पुरस्कृतान्।# रामः सीतागतं स्नेहं निदधे तदपत्ययोः॥८६॥"
"युधाजितः सन्देशात् सः देशं सिन्धु-नामकम् ददौ दत्त-प्रभावाय भरताय भृत-प्रजः","भृत-प्रजः सः युधाजितः सन्देशात् सिन्धु-नामकम् देशं दत्त-प्रभावाय भरताय ददौ","युधाजितश्च​ संदेशात्स देशं सिन्धुनामकम्।#ददौ दत्तप्रभावाय भरताय भृतप्रजः॥८७॥"
"भरतः तत्र गन्धर्वान् युधि निर्जित्य केवलम् आतोद्यं ग्राहयामास समत्याजयत् आयुधम्","तत्र भरतः युधि गन्धर्वान् निर्जित्य केवलम् आतोद्यं ग्राहयामास आयुधम् समत्याजयत्","भरतस्तत्र गन्धर्वान्युधि निर्जित्य केवलम्।#आतोद्यं ग्राहयामास समत्याजयदायुधम्॥८८॥"
"सः तक्ष-पुष्कलौ पुत्रौ राजधान्योः तद्-आख्ययोः अभिषिच्य अभिषेक-अर्हौ राम-अन्तिकम् अगात् पुनः","सः अभिषेक-अर्हौ तक्ष-पुष्कलौ पुत्रौ तद्-आख्ययोः राजधान्योः अभिषिच्य पुनः राम-अन्तिकम् अगात्","स तक्षपुष्कलौ पुत्रौ राजधान्योस्तदाख्ययोः।#अभिषिच्याभिषेकार्हौ रामान्तिकमगात्पुनः॥८९॥"
"अङ्गदं चन्द्र-केतुं च लक्ष्मणः अपि आत्म-संभवौ शासनात् रघु-नाथस्य चक्रे कारापथ-ईश्वरौ","लक्ष्मणः अपि रघु-नाथस्य शासनात् अङ्गदं चन्द्र-केतुं च आत्म-संभवौ कारापथ-ईश्वरौ चक्रे","अङ्गदं चन्द्रकेतुं च लक्ष्मणोऽप्यात्मसंभवौ।#शासनाद्रघुनाथस्य चक्रे कारापथेश्वरौ॥९०॥"
"इति आरोपित-पुत्राः ते जननीनाम् जन-ईश्वराः भर्तृ-लोक-प्रपन्नानाम् निवापान् विदधुः क्रमात्","इति आरोपित-पुत्राः ते जन-ईश्वराः भर्तृ-लोक-प्रपन्नानाम् जननीनाम् क्रमात् निवापान् विदधुः","इत्यारोपितपुत्रास्ते जननीनां जनेश्वराः।#भर्तृलोकप्रपन्नानां निवापान्विदधुः क्रमात्॥९१॥"
"उपेत्य मुनि-वेषः (सन्) अथ कालः प्रोवाच राघवम् रहः-संवादिनौ पश्येत् आवाम् यः तम् त्यजेः इति","अथ कालः मुनि-वेषः (सन्) उपेत्य राघवम् प्रोवाच रहः-संवादिनौ आवाम् यः पश्येत् तम् त्यजेः इति","उपेत्य मुनिवेषोऽथ कालः प्रोवाच राघवम्।#रहःसंवादिनौ पश्येदावां यस्तं त्यजेरिति॥९२॥"
"तथा इति प्रतिपन्नाय विवृत-आत्मा (सन्) नृपाय सः आचख्यौ दिवम् अध्यास्व शासनात् परमेष्ठिनः (इति)","सः तथा इति प्रतिपन्नाय नृपाय विवृत-आत्मा (सन्) परमेष्ठिनः शासनात् दिवम् अध्यास्व (इति) आचख्यौ","तथेति प्रतिपन्नाय विवृतात्मा नृपाय सः।#आचख्यौ दिवमध्यास्व शासनात्परमेष्ठिनः॥९३॥"
"विद्वान् अपि तयोः द्वाः-स्थः समयम् लक्ष्मणः अभिनत् भीतः (सन्) दुर्वाससः शापात् राम-सन्दर्शन-अर्थिनः","द्वाः-स्थः लक्ष्मणः विद्वान् अपि राम-सन्दर्शन-अर्थिनः दुर्वाससः शापात् भीतः (सन्) तयोः समयम् अभिनत्","विद्वानपि तयोर्द्वाःस्थः समयं लक्ष्मणोऽभिनत्।#भीतो दुर्वाससः शापाद्रामसंदर्शनार्थिनः॥९४॥"
"सः गत्वा सरयू-तीरम् देह-त्यागेन योग-वित् चकार अ-वितथाम् भ्रातुः प्रतिज्ञाम् पूर्व-जन्मनः","योग-वित् सः सरयू-तीरम् गत्वा देह-त्यागेन पूर्व-जन्मनः भ्रातुः प्रतिज्ञाम् अ-वितथाम् चकार","स गत्वा सरयूतीरं देहत्यागेन योगवित्।#चकारावितथां भ्रातुः प्रतिज्ञां पूर्वजन्मनः॥९५॥"
"तस्मिन् आत्म-चतुः-भागे प्राक् नाकम् अधितस्थुषि राघवः शिथिलम् तस्थौ भुवि धर्मः त्रि-पाद् इव","आत्म-चतुः-भागे तस्मिन् प्राक् नाकम् अधितस्थुषि राघवः भुवि त्रि-पाद् धर्मः इव शिथिलम् तस्थौ","तस्मिन्नात्मचतुर्भागे प्राङ्नाकमधितस्थुषि।#राघवः शिथिलं तस्थौ भुवि धर्मस्त्रिपादिव॥९६॥"
"सः रिपु-नाग-अङ्कुशम् कुशम् कुशावत्यां निवेश्य सु-उक्तैः सताम् जनित-अश्रु-लवम् लवम् शरावत्याम् (निवेश्य) स्थिर-धीः स-अनुजः अग्नि-पुरःसरः (सन्) पति-वात्सल्यात् गृह-वर्जम् अयोध्यया अन्वितः उदक् प्रतस्थे (च)","सः निवेश्य कुशावत्यां रिपु-नाग-अङ्कुशम् कुशम् शरावत्याम् सताम् सु-उक्तैः जनित-अश्रु-लवम् लवम् (निवेश्य) उदक् प्रतस्थे (च) स्थिर-धीः स-अनुजः अग्नि-पुरःसरः (सन्) अन्वितः पति-वात्सल्यात् गृह-वर्जम् अयोध्यया","स निवेश्य कुशावत्यां रिपुनागाङ्कुश कुशम्।# शरावत्यां सतां सूक्तैर्जनिताश्रुलवं लवम्॥९७॥#
उदक्प्रतस्थे स्थिरधीः सानुजोऽग्निपुरःसरः।#अन्वितः पतिवात्सल्याद्गृहवर्जमयोध्यया॥९८॥"
"जगृहुः तस्य चित्त-ज्ञाः पदवीम् हरि-राक्षसाः कदम्ब-मुकुल-स्थूलैः अभिवृष्टां प्रजा-अश्रुभि","चित्त-ज्ञाः हरि-राक्षसाः कदम्ब-मुकुल-स्थूलैः प्रजा-अश्रुभि अभिवृष्टां तस्य पदवीम् जगृहुः","जगृहुस्तस्य चित्तज्ञाः पदवीं हरिराक्षसाः।#कदम्बमुकुलस्थूलैरभिवृष्टां प्रजाश्रुभिः॥९९॥"
"उपस्थित-विमानेन तेन भक्त-अनुकम्पिना चक्रे त्रिदिव-निश्रेणिः सरयूः अनुयायिनाम्","उपस्थित-विमानेन भक्त-अनुकम्पिना तेन अनुयायिनाम् त्रिदिव-निश्रेणिः सरयूः चक्रे","उपस्थितविमानेन तेन भक्तानुकम्पिना।#चक्रे त्रिदिवनिःश्रेणिः सरयूरनुयायिनाम्॥१००॥"
"यत् गो-प्रतर-कल्पः अभूत् सम्मर्दः तत्र मज्जताम् अतः तद्-आख्यया तीर्थम् पावनम् भुवि पप्रथे","यत् तत्र मज्जताम् सम्मर्दः गो-प्रतर-कल्पः अभूत् अतः तद्-आख्यया पावनम् तीर्थम् भुवि पप्रथे","यद्गोप्रतरकल्पोऽभूत्संमर्दस्तत्र मज्जताम्।#अतस्तदाख्यया तीर्थं पावनं भुवि पप्रथे॥१०१॥"
"सः विभुः वि-बुध-अंशेषु प्रतिपन्न-आत्म-मूर्तिषु त्रिदशीभूत-पौराणाम् स्वर्ग-अन्तरम् अकल्पयत्","विभुः सः वि-बुध-अंशेषु प्रतिपन्न-आत्म-मूर्तिषु त्रिदशीभूत-पौराणाम् स्वर्ग-अन्तरम् अकल्पयत्","स विभुर्विबुधांशेषु प्रतिपन्नात्ममूर्तिषु।#त्रिदशीभूतपौराणां स्वर्गान्तरमकल्पयत्॥१०२॥"
"निर्वर्त्य एवम् दश-मुख-शिरः-छेद-कार्यम् सुराणाम् विष्वक्-सेनः स्व-तनुम् अविशत् सर्व-लोक-प्रतिष्ठाम् लङ्का-नाथम् पवन-तनयम् च उभयम् स्थापयित्वा कीर्ति-स्तम्भ-द्वयम्-इव गिरौ दक्षिणे च उत्तरे च","विष्वक्-सेनः एवम् सुराणाम् दश-मुख-शिरः-छेद-कार्यम् निर्वर्त्य लङ्का-नाथम् पवन-तनयम् च उभयम् कीर्ति-स्तम्भ-द्वयम्-इव दक्षिणे च उत्तरे च गिरौ स्थापयित्वा सर्व-लोक-प्रतिष्ठाम् स्व-तनुम् अविशत्","निर्वर्त्यैवं दशमुखशिरश्छेदकार्यं सुराणां विष्वक्सेनः स्वतनुमविशत्सर्वलोकप्रतिष्ठाम्।# लङ्कानाथं पवनतनयं चोभयं स्थापयित्वा कीर्तिस्तम्भद्वयमिव गिरौ दक्षिणे चोत्तरे च॥१०३॥"
"अथ इतरे सप्त रघु-प्रवीराः पुरो-जन्मतया गुणैः च ज्येष्ठं कुशं रत्नविशेष-भाजं चक्रुः सौभ्रात्रम् एषाम् हि कुल-अनुसारि (आसीत्)","अथ इतरे सप्त रघु-प्रवीराः ज्येष्ठं पुरो-जन्मतया गुणैः च चक्रुः कुशं रत्नविशेष-भाजं सौभ्रात्रम् एषाम् हि कुल-अनुसारि (आसीत्)","अथेतरे सप्त रघुप्रवीराः ज्येष्ठं पुरोजन्मतया गुणैश्च।#चक्रुः कुशं रत्नविशेषभाजं सौभ्रात्रमेषां हि कुलानुसारि॥1॥"
"सेतु-वार्ता-गज-बन्ध-मुख्यैः अ-वन्ध्यैः कर्मभिः अभ्युच्छ्रिताः अपि ते अन्योन्य-देश-प्रविभाग-सीमाम् वेलाम् समुद्राः-इव न व्यतीयुः","ते सेतु-वार्ता-गज-बन्ध-मुख्यैः अभ्युच्छ्रिताः कर्मभिः अपि अ-वन्ध्यैः अन्योन्य-देश-प्रविभाग-सीमाम् वेलाम् समुद्राः-इव न व्यतीयुः","ते सेतुवार्तागजबन्धमुख्यैरभ्युच्छ्रिताः कर्मभिरप्यवन्ध्यैः।#अन्योन्यदेशप्रविभागसीमां वेलां समुद्रा इव न व्यतीयुः॥2॥"
"चतुर्-भुज-अंश-प्रभवः सः तेषाम् दान-प्रवृत्तेः अनुपारतानाम् सुर-द्विपानाम् साम-योनिः भिन्नः अष्टधा विप्रससार (वंशः) वंशः-इव","चतुर्-भुज-अंश-प्रभवः दान-प्रवृत्तेः अनुपारतानाम् तेषाम् सः साम-योनिः सुर-द्विपानाम् वंशः-इव अष्टधा भिन्नः (वंशः) विप्रससार","चतुर्भुजांशप्रभवः स तेषां दानप्रवृत्तेरनुपारतानाम्।#सुरद्विपानामिव सामयोनिर्भिन्नोऽष्टधा विप्रससार वंशः॥3॥"
"अथ अर्ध-रात्रे स्तिमित-प्रदीपे शय्या-गृहे सुप्त-जने प्रबुद्धः कुशः प्रवास-स्थ-कलत्र-वेषाम् अदृष्ट-पूर्वाम् वनिताम् अपश्यत्","अथ अर्ध-रात्रे स्तिमित-प्रदीपे सुप्त-जने शय्या-गृहे प्रबुद्धः कुशः प्रवास-स्थ-कलत्र-वेषाम् अदृष्ट-पूर्वाम् वनिताम् अपश्यत्","अथार्धरात्रे स्तिमितप्रदीपे शय्यागृहे सुप्तजने प्रबुद्धः।#कुशः प्रवासस्थकलत्रवेषामदृष्टपूर्वां वनितामपश्यत्॥4॥"
"सा साधु-साधारण-पार्थिव-ऋद्धेः पुरु-हूत-भासः परेषाम् जेतुः बन्धुमतः तस्य पुरस्तात् स्थित्वा जय-शब्द-पूर्वम् अञ्जलिम् बबन्ध","सा साधु-साधारण-पार्थिव-ऋद्धेः स्थित्वा पुरस्तात् पुरु-हूत-भासः जेतुः परेषाम् जय-शब्द-पूर्वम् तस्य अञ्जलिम् बन्धुमतः बबन्ध","सा साधुसाधारणपार्थिवर्द्धेः स्थित्वा पुरस्तात्पुरुहूतभासः ।#जेतुः परेषां जयशब्दपूर्वं तस्याञ्जलिं बन्धुमतो बबन्ध॥5॥"
"अथ सविस्मयः पूर्व-अर्ध-विसृष्ट-तल्पः दाशरथेः तनूजः अन्-अपोढ-अर्गलम् अपि आदर्श-तलम् छायाम्-इव अगारम् प्रविष्टाम् प्रोवाच","अथ अन्-अपोढ-अर्गलम् अपि अगारम् छायाम्-इव आदर्श-तलम् प्रविष्टाम् सविस्मयः दाशरथेः तनूजः प्रोवाच पूर्व-अर्ध-विसृष्ट-तल्पः","अथानपोढार्गलमप्यगारं छायामिवादर्शतलं प्रविष्टाम्।#सविस्मयो दाशरथेस्तनूजः प्रोवाच पूर्वार्धविसृष्टतल्पः॥6॥"
"का त्वम् शुभे कस्य परिग्रहः वा किं वा मद्-अभि-आगम-कारणम् ते आचक्ष्व मत्वा वशिनाम् रघूणाम् मनः पर-स्त्री-विमुख-प्रवृत्तिः (असि) (अस्ति) (अस्ति) (इति) त्वम्","शुभे त्वम् का (असि) कस्य वा परिग्रहः ते मद्-अभि-आगम-कारणम् वा किं (अस्ति) वशिनाम् रघूणाम् मनः पर-स्त्री-विमुख-प्रवृत्तिः (अस्ति) (इति) मत्वा त्वम् आचक्ष्व","का त्वं शुभे कस्य परिग्रहो वा किं वा मदभ्यागमकारणं ते।# आचक्ष्व मत्वा वशिनां रघूणां मनः परस्त्रीविमुखप्रवृत्तिः॥8॥"
"तम् अब्रवीत् सा गुरुणा अनवद्या या नीत-पौरा स्व-पद-उन्मुखेन तस्याः पुरः सम्प्रति वीत-नाथाम् जानीहि राजन् अधिदेवताम् माम् (इति) (ताम्) (आसीत्)","अनवद्या या स्व-पद-उन्मुखेन गुरुणा नीत-पौरा राजन् (आसीत्) (ताम्) माम् सम्प्रति वीत-नाथाम् तस्याः पुरः अधिदेवताम् जानीहि (इति) सा तम् अब्रवीत्","तमब्रवीत्सा गुरुणानवद्या या नीतपौरा स्वपदोन्मुखेन।# तस्याः पुरः संप्रति वीतनाथां जानीहि राजन्नधिदेवतां माम्॥9॥"
"वस्वौक-सारां अभिभूय सा अहं सौराज्य-बद्ध-उत्सवया विभूत्या समग्र-शक्तौ त्वयि सूर्य-वंश्ये सति प्रपन्ना करुणां अवस्थां (अस्मि)","सौराज्य-बद्ध-उत्सवया विभूत्या वस्वौक-सारां अभिभूय समग्र-शक्तौ सूर्य-वंश्ये त्वयि सति करुणां अवस्थां प्रपन्ना सा अहं (अस्मि)","वस्वौकसारामभिभूय साहं सौराज्यबद्धोत्सवया विभूत्या।#समग्रशक्तौ त्वयि सूर्यवंश्ये सति प्रपन्ना करुणामवस्थाम्॥10॥"
"विशीर्ण-तल्प-अट्ट-शतः निवेशः पर्यस्त-शालः प्रभुणा विना मे विडम्बयति अस्त-निमग्न-सूर्यम् दिनान्तम् उग्र-अनिल-भिन्न-मेघम्","विशीर्ण-तल्प-अट्ट-शतः पर्यस्त-शालः प्रभुणा विना मे निवेशः अस्त-निमग्न-सूर्यम् उग्र-अनिल-भिन्न-मेघम् दिनान्तम् विडम्बयति","विशीर्णतल्पाट्टशतो निवेशः पर्यस्तशालः प्रभुणा विना मे।#विडम्बयत्यस्तनिमग्‍नसूर्यं दिनान्तमुग्रानिलभिन्नमेघम्॥11॥"
"निशासु भास्वत्-कल-नूपुराणाम् यः सञ्चरः अभूत् अभिसारिकाणाम् नदन्-मुख-उल्का-अविचित-आमिषाभिः सः वाह्यते राजपथः शिवाभिः","निशासु यः भास्वत्-कल-नूपुराणाम् अभिसारिकाणाम् सञ्चरः अभूत् सः राजपथः नदन्-मुख-उल्का-अविचित-आमिषाभिः शिवाभिः वाह्यते","निशासु भास्वत्कलनूपुराणां यः सञ्चरोऽभूदभिसारिकाणाम्।#नदन्मुखोल्काविचितामिषाभिः स वाह्यते राजपथः शिवाभिः॥12॥"
"यत् प्रमदा-कर-अग्रैः आस्फालितं मृदङ्ग-धीर-ध्वनिम् अन्वगच्छत् तत् दीर्घिकाणाम् अम्भः इदानीम् वन्यैः महिषैः शृङ्ग-आहतम् क्रोशति","आस्फालितं यत् प्रमदा-कर-अग्रैः मृदङ्ग-धीर-ध्वनिम् अन्वगच्छत् वन्यैः इदानीम् महिषैः तत् अम्भः शृङ्ग-आहतम् क्रोशति दीर्घिकाणाम्","आस्फालितं यत्प्रमदाकराग्रैर्मृदङ्गधीरध्वनिमन्वगच्छत्।#वन्यैरिदानीं महिषैस्तदम्भः शृङ्गाहतं क्रोशति दीर्घिकाणाम्॥13॥"
"वृक्षेशयाः यष्टि-निवास-भङ्गात् मृदङ्ग-शब्द-अप-गमात् अ-लास्याः प्राप्ताः दव-उल्का-हत-शेष-बर्हाः क्रीडा-मयूराः वन-बर्हिणत्वम्","यष्टि-निवास-भङ्गात् वृक्षेशयाः मृदङ्ग-शब्द-अप-गमात् अ-लास्याः दव-उल्का-हत-शेष-बर्हाः क्रीडा-मयूराः वन-बर्हिणत्वम् प्राप्ताः","वृक्षेशया यष्टिनिवासभङ्गान्मृदङ्गशब्दापगमादलास्याः।#प्राप्ता दवोल्काहतशेषबर्हाः क्रीडामयूरा वनबर्हिणत्वम्॥14॥"
"येषु सोपान-मार्गेषु च रामाः सरागान् चरणान् निक्षिप्तवत्यः तेषु मे सद्यः हत-न्यङ्कुभिः व्याघ्रैः अस्र-दिग्धम् पदम् निधीयते","सोपान-मार्गेषु च येषु रामाः निक्षिप्तवत्यः चरणान् सरागान् सद्यः हत-न्यङ्कुभिः अस्र-दिग्धम् व्याघ्रैः पदम् तेषु निधीयते मे","सोपानमार्गेषु च येषु रामा निक्षिप्तवत्यश्चरणान्सरागान्।#सद्यो हतन्यङ्कुभिरस्त्रदिग्धं व्याघ्रैः पदं तेषु निधीयते मे॥15॥"
"चित्र-द्विपाः पद्म-वन-अवतीर्णाः करेणुभिः दत्त-मृणाल-भङ्गाः नख-अङ्कुश-आघात-विभिन्न-कुम्भाः संरब्ध-सिंह-प्रहृतम् वहन्ति (सन्तः)","पद्म-वन-अवतीर्णाः करेणुभिः दत्त-मृणाल-भङ्गाः चित्र-द्विपाः नख-अङ्कुश-आघात-विभिन्न-कुम्भाः (सन्तः) संरब्ध-सिंह-प्रहृतम् वहन्ति","चित्रद्विपाः पद्मवनावतीर्णाः करेणुभिर्दत्तमृणालभङ्गाः।#नखाङ्कुशाघातविभिन्नकुम्भाः संरब्धसिंहप्रहृतं वहन्ति॥16॥"
"स्तम्भेषु योषित्-प्रति-यातनानां उत्क्रान्त-वर्ण-क्रम-धूसराणां स्तन-उत्तरीयाणि भवन्ति (च) सङ्गात् निर्मोक-पट्टाः फणिभिः विमुक्ताः","उत्क्रान्त-वर्ण-क्रम-धूसराणां स्तम्भेषु योषित्-प्रति-यातनानां फणिभिः विमुक्ताः निर्मोक-पट्टाः सङ्गात् स्तन-उत्तरीयाणि भवन्ति (च)","स्तम्भेषु योषित्प्रतियातनानामुत्क्रान्तवर्णक्रमधूसराणाम्।#स्तनोत्तरीयाणि भवन्ति सङ्गान्निर्मोकपट्टाः फणिभिर्विमुक्ताः॥17॥"
"काल-अन्तर-श्याम-सुधेषु इतस्ततः रूढ-तृण-अङ्कुरेषु हर्म्येषु नक्तं मुक्ता-गुण-शुद्धयः अपि ते एव चन्द्र-पादाः न मूर्च्छन्ति","काल-अन्तर-श्याम-सुधेषु नक्तं इतस्ततः रूढ-तृण-अङ्कुरेषु ते एव मुक्ता-गुण-शुद्धयः अपि हर्म्येषु मूर्च्छन्ति न चन्द्र-पादाः","कालान्तरश्यामसुधेषु नक्तमितस्ततो रूढतृणाङ्कुरेषु।#त एव मुक्तागुणशुद्धयोऽपि हर्म्येषु मूर्च्छन्ति न चन्द्रपादाः॥18॥"
"विलासिनीभिः सदयं शाखाः आवर्ज्य यासां पुष्पाणि उपात्तानि ताः मदीयाः उद्यान-लताः वन्यैः पुलिन्दैः-इव वानरैः क्लिश्यन्ते च","आवर्ज्य शाखाः सदयं च यासां पुष्पाणि उपात्तानि विलासिनीभिः वन्यैः पुलिन्दैः-इव वानरैः ताः क्लिश्यन्ते उद्यान-लताः मदीयाः","आवर्ज्य शाखाः सदयं च यासां पुष्पाण्युपात्तानि विलासिनीभिः।#वन्यैः पुलिन्दैरिव वानरैस्ताः क्लिश्यन्त उद्यानलता मदीयाः॥19॥"
"रात्रौ अन्-आविष्कृत-दीप-भासः कान्ता-मुख-श्री-वियुताः दिवा अपि तिरस्क्रियन्ते कृमि-तन्तु-जालैः विच्छिन्न-धूम-प्रसराः गवाक्षाः","रात्रौ अन्-आविष्कृत-दीप-भासः दिवा अपि कान्ता-मुख-श्री-वियुताः विच्छिन्न-धूम-प्रसराः गवाक्षाः कृमि-तन्तु-जालैः तिरस्क्रियन्ते","रात्रावनाविष्कृतदीपभासः कान्तामुखश्रीवियुता दिवापि।#तिरस्क्रियन्ते कृमितन्तुजालैर्विच्छिन्नधूमप्रसरा गवाक्षाः॥20॥"
"बलिक्रिया-वर्जित-सैकतानि स्नानीय-संसर्गम् अन्-आप्नुवन्ति सरयू-जलानि शून्यानि उपान्त-वानीर-गृहाणि दृष्ट्वा (अहम्) दूये","बलिक्रिया-वर्जित-सैकतानि स्नानीय-संसर्गम् अन्-आप्नुवन्ति उपान्त-वानीर-गृहाणि दृष्ट्वा शून्यानि (अहम्) दूये सरयू-जलानि","बलिक्रियावर्जितसैकतानि स्नानीयसंसर्गमनाप्नुवन्ति।#उपान्तवानीरगृहाणि दृष्ट्वा शून्यानि दूये सरयूजलानि॥21॥"
"तत् अर्हसि इमाम् वसतिम् विसृज्य माम् अभ्युपेतुं कुल-राज-धानीम् हित्वा तनुम् कारण-मानुषीम् ताम् यथा गुरुः ते परम-आत्म-मूर्तिम् (त्वं)","तत् इमाम् वसतिम् विसृज्य कुल-राज-धानीम् माम् अभ्युपेतुं (त्वं) अर्हसि यथा ते गुरुः कारण-मानुषीम् ताम् तनुम् हित्वा परम-आत्म-मूर्तिम्","तदर्हसीमां वसतिं विसृज्य मामभ्युपेतुं कुलराजधानीम्।# हित्वा तनुं कारणमानुषीं तां यथा गुरुस्ते परमात्ममूर्तिम्॥22॥"
"तथा इति तस्याः प्रणयम् प्रतीतः प्रत्यग्रहीत् प्राग्र-हरः रघूणाम् पूः अपि अभिव्यक्त-मुख-प्रसादा शरीर-बन्धेन तिरोबभूव (सन्)","अपि तस्याः प्रणयम् प्रतीतः (सन्) रघूणाम् प्राग्र-हरः तथा इति प्रत्यग्रहीत् अभिव्यक्त-मुख-प्रसादा पूः शरीर-बन्धेन तिरोबभूव","तथेति तस्याः प्रणयं प्रतीतः प्रत्यग्रहीत्प्राग्रहरो रघूणाम्।# पूरप्यभिव्यक्तमुखप्रसादा शरीरबन्धेन तिरोबभूव॥23॥"
"तत् अद्भुतम् संसदि रात्रि-वृत्तम् प्रातः द्विजेभ्यः नृपतिः शशंस श्रुत्वा ते एनम् कुल-राज-धान्याः साक्षात् पतित्वे वृतम् अभ्यनन्दन्","तत् अद्भुतम् रात्रि-वृत्तम् प्रातः संसदि द्विजेभ्यः नृपतिः शशंस ते श्रुत्वा कुल-राज-धान्याः साक्षात् पतित्वे एनम् वृतम् अभ्यनन्दन्","तदद्भुतं संसदि रात्रिवृत्तं प्रातर्द्विजेभ्यो नृपतिः शशंस।# श्रुत्वा त एनं कुलराजधान्या साक्षात्पतित्वे वृतमभ्यनन्दन्॥24॥"
"(सः) कुशावतीम् श्रोत्रिय-सात् कृत्वा यात्रा-अनुकूले अहनि स-अवरोधः अनुद्रुतः वायुः-इव अभ्र-वृन्दैः सैन्यैः अयोध्या-अभिमुखः प्रतस्थे","कुशावतीम् श्रोत्रिय-सात् कृत्वा यात्रा-अनुकूले अहनि स-अवरोधः अनुद्रुतः (सः) वायुः-अभ्र-वृन्दैः इव सैन्यैः अयोध्या-अभिमुखः प्रतस्थे","कुशावतीं श्रोत्रियसात्स कृत्वा यात्रानुकूलेऽहनि सावरोधः।#अनुद्रुतो वायुरिवाभ्रवृन्दैः सैन्यैरयोध्याभिमुखः प्रतस्थे॥25॥"
"केतु-माला-उपवना बृहद्भिः नागैः विहार-शैल-अनुगता-इव रथ-उदार-गृहा सा सेना तस्य प्रयाणे जङ्गम-राजधानी अभवत्","सा केतु-माला-उपवना बृहद्भिः विहार-शैल-अनुगता-नागैः इव सेना रथ-उदार-गृहा प्रयाणे तस्य अभवत् जङ्गम-राजधानी","सा केतुमालोपवना बृहद्भिर्विहारशैलानुगतेव नागैः।#सेना रथोदारगृहा प्रयाणे तस्यामवज्जङ्गमराजधानी॥26॥"
"आतपत्र-अमल-मण्डलेन तेन पूर्व-निवास-भूमिम् प्रस्थापितः बलौघः उदितेन शशिना वेलाम् नीयमानः उदन्वान्-इव बभौ","तेन आतपत्र-अमल-मण्डलेन प्रस्थापितः पूर्व-निवास-भूमिम् बभौ बलौघः शशिना उदितेन वेलाम् उदन्वान्-इव नीयमानः","तेनातपत्रामलमण्डलेन प्रस्थापितः पूर्वनिवासभूमिम्।#बभौ बलौघः शशिनोदितेन वेलामुदन्वानिव नीयमानः॥27॥"
"तस्य प्रयातस्य वरूथिनीनाम् पीडाम् अपर्याप्तवती इव सोढुम् वसुन्धरा विष्णु-पदम् द्वितीयम् अध्यारुरोह इव रजः-छलेन","प्रयातस्य तस्य वरूथिनीनाम् पीडाम् सोढुम् अपर्याप्तवती इव वसुन्धरा रजः-छलेन द्वितीयम् विष्णु-पदम् अध्यारुरोह इव","तस्य प्रयातस्य वरूथिनीनां पीडामपर्याप्तवतीव सोढुम्।#वसुंधरा विष्णुपदं द्वितीयमध्यारुरोहेव रजश्छलेन॥28॥"
"उद्यच्छमाना गमनाय पश्चात् पुरः निवेशे पथि च व्रजन्ती सा यत्र सेना ददृशे नृपस्य तत्र एव सामग्र्य-मतिम् चकार","पश्चात् गमनाय पुरः निवेशे उद्यच्छमाना पथि च व्रजन्ती नृपस्य सा सेना यत्र ददृशे तत्र एव सामग्र्य-मतिम् चकार","उद्यच्छमाना गमनाय पश्चात्पुरो निवेशे पथि च व्रजन्ती।#सा यत्र सेना ददृशे नृपस्य तत्रैव सामग्र्यमतिं चकार॥29॥"
"तस्य द्विपानां मद-वारि-सेकात् खुर-अभि-घातात् च तुरङ्गमाणाम् रेणुः प्रपेदे पथि पङ्क-भावं पङ्कः अपि रेणुत्वम् इयाय नेतुः","नेतुः तस्य द्विपानां मद-वारि-सेकात् तुरङ्गमाणाम् खुर-अभि-घातात् च पथि रेणुः पङ्क-भावं प्रपेदे पङ्कः अपि रेणुत्वम् इयाय","तस्य द्विपानां मदवारिसेकात्खुराभिघाताच्च तुरङ्गमाणाम्।#रेणुः प्रपेदे पथि पङ्कभावं पङ्कोऽपि रेणुत्वमियाय नेतुः॥30॥"
"मार्ग-एषिणी सा कटक-अन्तरेषु वैन्ध्येषु सेना बहुधा विभिन्ना चकार रेवा-इव महा-विरावा बद्ध-प्रति-श्रुन्ति गुहा-मुखानि","वैन्ध्येषु कटक-अन्तरेषु मार्ग-एषिणी बहुधा विभिन्ना महा-विरावा सा सेना रेवा-इव गुहा-मुखानि बद्ध-प्रति-श्रुन्ति चकार","मार्गैषिणी सा कटकान्तरेषु वैन्ध्येषु सेना बहुधा विभिन्ना।#चकार रेवेव महाविरावा बद्धप्रतिश्रुन्ति गुहामुखानि॥31॥"
"सः धातु-भेद-अरुण-यान-नेमिः प्रभुः प्रयाण-ध्वनि-मिश्र-तूर्यः व्यलङ्घयत् विन्ध्यम् उपायनानि पश्यन् पुलिन्दैः उपपादितानि","धातु-भेद-अरुण-यान-नेमिः प्रयाण-ध्वनि-मिश्र-तूर्यः सः प्रभुः पुलिन्दैः उपपादितानि उपायनानि पश्यन् विन्ध्यम् व्यलङ्घयत्","स धातुभेदारुणयाननेमिः प्रभुः प्रयाणध्वनिमिश्रतूर्यः।#व्यलङ्घयद्विन्ध्यमुपायनानि पश्यन्पुलिन्दैरुपपादितानि ॥32॥"
"तीर्थे तदीये गज-सेतु-बन्धात् प्रतीप-गाम् उत्तरतः अस्य गङ्गाम् अ-यत्न-बाल-व्यजनी-बभूवुः हंसाः नभस्-लङ्घन-लोल-पक्षाः","तदीये तीर्थे गज-सेतु-बन्धात् प्रतीप-गाम् गङ्गाम् उत्तरतः अस्य नभस्-लङ्घन-लोल-पक्षाः हंसाः अ-यत्न-बाल-व्यजनी-बभूवुः","तीर्थे तदीये गजसेतुबन्धात्प्रतीपगामुत्तरतोऽस्य गङ्गाम्।#अयत्नबालव्यजनीबभूबुर्हंसा नभोलङ्घनलोलपक्षाः॥33॥"
"सः कपिलेन रोषात् भस्म-अवशेषी-कृत-विग्रहाणां पूर्वजानाम् सुर-आलय-प्राप्ति-निमित्तं नौ-लुलितं त्रैस्रोतसम् अम्भः ववन्दे","सः पूर्वजानाम् कपिलेन रोषात् भस्म-अवशेषी-कृत-विग्रहाणां सुर-आलय-प्राप्ति-निमित्तं अम्भः त्रैस्रोतसम् नौ-लुलितं ववन्दे","स पूर्वजानां कपिलेन रोषाद्भस्मावशेषीकृतविग्रहाणाम्।#सुराऽलयप्राप्तिनिमित्तमम्भस्त्रैस्रोतसं नौलुलितं ववन्दे॥34॥"
"इति अध्वनः कैश्चित् अहोभिः अन्ते कूलम् समासाद्य कुशः सरय्वाः वेदि-प्रतिष्ठान् वितत-अध्वराणाम् यूपान् अपश्यत् शतशः रघूणाम्","इति कैश्चित् अहोभिः अध्वनः अन्ते कुशः सरय्वाः कूलम् समासाद्य वितत-अध्वराणाम् रघूणाम् वेदि-प्रतिष्ठान् शतशः यूपान् अपश्यत्","इत्यध्वनः कैश्चिदहोभिरन्ते कूलं समासाद्य कुशः सरय्वाः।#वेदिप्रतिष्ठान्वितताध्वराणां यूपानपश्यच्छतशो रघूणाम्॥35॥"
"कुल-राजधान्याः उपवन-अन्त-वायुः कुसुम-द्रुमाणाम् शाखाः आधूय शीतान् सरयू-तरङ्गान् च स्पृष्ट्वा तम् क्लान्त-सैन्यम् प्रत्युज्जगाम","आधूय शाखाः कुसुम-द्रुमाणाम् स्पृष्ट्वा च शीतान् सरयू-तरङ्गान् तम् क्लान्त-सैन्यम् कुल-राजधान्याः प्रत्युज्जगाम उपवन-अन्त-वायुः","आधूय शाखाः कुसुमद्रुमाणां स्पृष्ट्वा च शीतान्सरयूतरङ्गान्।#तं क्लान्तसैन्यं कुलराजधान्याः प्रत्युज्जगामोपवनान्तवायुः॥36॥"
"अथ उप-शल्ये रिपु-मग्न-शल्यः तस्याः पुरः पौर-सखः सः राजा कुल-ध्वजः तानि चल-ध्वजानि निवेशयामास बली बलानि","अथ रिपु-मग्न-शल्यः पौर-सखः कुल-ध्वजः बली सः राजा चल-ध्वजानि तानि बलानि तस्याः पुरः उप-शल्ये निवेशयामास","अथोपशल्ये रिपुमग्नशल्यस्तस्याः पुरः पौरसखः स राजा।#कुलध्वजस्तानि चलध्वजानि निवेशयामास बली बलानि॥37॥"
"प्रभुणा नियुक्ताः शिल्पि-सङ्घाः सम्भृत-साधनत्वात् तां तथा-गताम् पुरं मेघाः अपां विसर्गात् निदाघ-ग्लपितां उर्वीम्-इव नवीचक्रुः","तां शिल्पि-सङ्घाः प्रभुणा नियुक्ताः तथा-गताम् सम्भृत-साधनत्वात् पुरं नवीचक्रुः विसर्गात् अपां मेघाः निदाघ-ग्लपितां उर्वीम्-इव","तां शिल्पिसंघाः प्रभुणा नियुक्तास्तथागतां संभृतसाधनत्वात्।#पुरं नवीचक्रुरपां विसर्गान्मेघा निदाघग्लपितामिवोर्वीम्॥38॥"
"ततः रघु-प्रवीरः पर-अर्घ्य-प्रतिमा-गृहायाः पुरः उपोषितैः वास्तु-विधान-विद्भिः स-पशु-उपहारां सपर्याम् निर्वर्तयामास","ततः सपर्याम् स-पशु-उपहारां पुरः पर-अर्घ्य-प्रतिमा-गृहायाः उपोषितैः वास्तु-विधान-विद्भिः निर्वर्तयामास रघु-प्रवीरः","ततः सपर्यां सपशूपहारां पुरः परार्ध्यप्रतिमागृहायाः।#उपोषितैर्वास्तुविधानविद्भिर्निर्वर्तयामास रघुप्रवीरः॥39॥"
"सः तस्याः राज-उपपदं कामी-इव कान्ता-हृदयं निशान्तं प्रविश्य अन्यैः अनुजीवि-लोकं यथा-प्रधानं यथा-अर्हं सम्भावयामास","तस्याः सः राज-उपपदं कामी-इव निशान्तं कान्ता-हृदयं प्रविश्य यथा-अर्हं अन्यैः अनुजीवि-लोकं सम्भावयामास यथा-प्रधानं","तस्याः स राजोपपदं निशान्तं कामीव कान्ताहृदयं प्रविश्य।#यथार्हमन्यैरनुजीविलोकं सम्भावयामास यथाप्रधानम्॥40॥"
"सा मन्दुरा-संश्रयिभिः तुरङ्गैः शाला-विधि-स्तम्भ-गतैः च नागैः पूः आबभासे विपणि-स्थ-पण्या सर्व-अङ्ग-नद्ध-आभरणा नारी-इव","विपणि-स्थ-पण्या सा पूः मन्दुरा-संश्रयिभिः तुरङ्गैः शाला-विधि-स्तम्भ-गतैः नागैः च सर्व-अङ्ग-नद्ध-आभरणा नारी-इव आबभासे","सा मन्दुरासंश्रयिभिस्तुरङ्गैः शालाविधिस्तम्भगतैश्च नागैः।# पूराबभासे विपणिस्थपण्या सर्वाङ्गनद्धाभरणेव नारी॥41॥"
"वसन् सः तस्याम् वसतौ रघूणाम् पुराण-शोभाम् अधिरोपितायाम् न मैथिलेयः (च) स्पृहयाम्बभूव भर्त्रे दिवः न अपि अलक-ईश्वराय","सः मैथिलेयः पुराण-शोभाम् अधिरोपितायाम् तस्याम् रघूणाम् वसतौ वसन् दिवः भर्त्रे अलक-ईश्वराय (च) न अपि न स्पृहयाम्बभूव","वसन्स तस्यां वसतौ रघूणां पुराणशोभामधिरोपितायाम् ।# न मैथिलेयः स्पृहयांबभूव भर्त्रे दिवो नाप्यलकेश्वराय॥42॥"
"अथ अस्य रत्न-ग्रथिता-उत्तरीयम् एक-अन्त-पाण्डु-स्तन-लम्बि-हारम् निःश्वास-हार्य-अंशुकम् आजगाम घर्मः प्रिया-वेषम् उपदेष्टुम् इव","अथ अस्य रत्न-ग्रथिता-उत्तरीयम् एक-अन्त-पाण्डु-स्तन-लम्बि-हारम् निःश्वास-हार्य-अंशुकम् प्रिया-वेषम् उपदेष्टुम् इव घर्मः आजगाम","अथास्य रत्नग्रथितोत्तरीयमेकान्तपाण्डुस्तनलम्बिहारम्।# निःश्वासहार्यांशुकमाजगाम घर्मः प्रियावेषमिवोपदेष्टुम्॥43॥"
"अगस्त्य-चिह्नात् अयनात् समीपम् दिक्-उत्तरा-भास्वति सन्निवृत्ते आनन्द-शीताम् बाष्प-वृष्टिम्-इव हिम-स्रुतिम् हैमवतीम् ससर्ज","अगस्त्य-चिह्नात् अयनात् समीपम् सन्निवृत्ते दिक्-उत्तरा-भास्वति आनन्द-शीताम् बाष्प-वृष्टिम्-इव हिम-स्रुतिम् हैमवतीम् ससर्ज","अगस्त्यचिह्नादयनात्समीपं दिगुत्तरा भास्वति संनिवृत्ते।# आनन्दशीतामिव बाष्पवृष्टिं हिमस्रुतिं हैमवतीं ससर्ज॥44॥"
"प्रवृद्ध-तापः दिवसः अतिमात्रम् अत्यर्थम् एव क्षणदा च तन्वी उभौ विरोध-क्रियया विभिन्नौ जाया-पती-इव स-अनुशयौ आस्ताम्","अतिमात्रम् प्रवृद्ध-तापः दिवसः अत्यर्थम् एव तन्वी क्षणदा च उभौ विरोध-क्रियया विभिन्नौ स-अनुशयौ जाया-पती-इव आस्ताम्","प्रवृद्धतापो दिवसोऽतिमात्रमत्यर्थमेव क्षणदा च तन्वी।# उभौ विरोधक्रियया विभिन्नौ जायापती सानुशयाविवास्ताम्॥45॥"
"दिने दिने शैवलवन्ति अधस्तात् सोपान-पर्वाणि विमुञ्चत् उद्दण्ड-पद्मम् गृह-दीर्घिकाणाम् अम्भः नारी-नितम्ब-द्वयसम् बभूव","दिने दिने शैवलवन्ति अधस्तात् सोपान-पर्वाणि विमुञ्चत् अम्भः उद्दण्ड-पद्मम् गृह-दीर्घिकाणाम् नारी-नितम्ब-द्वयसम् बभूव","दिने दिने शैवलवन्त्यधस्तात्सोपानपर्वाणि विमुञ्चदम्भः।#उद्दण्डपद्मं गृहदीर्घिकाणां नारीनितम्बद्वयसं बभूव॥46॥"
"वनेषु सायंतन-मल्लिकानाम् विजृम्भण-उत्-गन्धिषु कुड्मलेषु प्रति-एक-निक्षिप्त-पदः स-शब्दं संख्याम् इव एषां भ्रमरः चकार","वनेषु विजृम्भण-उत्-गन्धिषु सायंतन-मल्लिकानाम् कुड्मलेषु स-शब्दं प्रति-एक-निक्षिप्त-पदः भ्रमरः एषां संख्याम् इव चकार","वनेषु सायन्तनमल्लिकानां विजृम्भणोद्गन्धिषु कुड्मलेषु।#प्रत्येकनिक्षिप्तपदः सशब्दं सङ्ख्यामिवैषां भ्रमरश्चकार॥47॥"
"स्वेद-अनुविद्ध-आर्द्र-नख-क्षत-अङ्के भूयिष्ठ-संदष्ट-शिखम् कपोले च्युतम् न कर्णात् अपि कामिनीनाम् शिरीष-पुष्पम् सहसा पपात","कामिनीनाम् स्वेद-अनुविद्ध-आर्द्र-नख-क्षत-अङ्के कपोले भूयिष्ठ-संदष्ट-शिखम् शिरीष-पुष्पम् कर्णात् च्युतम् अपि सहसा न पपात","स्वेदानुविद्धार्द्रनखक्षताङ्के भूयिष्ठसंदिष्टशिखं कपोले।#च्युतं न कर्णादपि कामिनीनां शिरीषपुष्पं सहसा पपात॥48॥"
"यन्त्र-प्रवाहैः शिशिरैः परीतान् रसेन धौतान् मलय-उद्भवस्य शिला-विशेषान् अधिशय्य निन्युः धारा-गृहेषु आतपम् ऋद्धिमन्तः","ऋद्धिमन्तः धारा-गृहेषु शिशिरैः यन्त्र-प्रवाहैः परीतान् मलय-उद्भवस्य रसेन धौतान् शिला-विशेषान् अधिशय्य आतपम् निन्युः","यन्त्रप्रवाहैः शिशिरैः परीतान् रसेन धौतान्मलयोद्भवस्य।#शिलाविशेषान्यधिशय्य निन्युर्धारागृहेष्वातपमृद्धिमन्तः॥49॥"
"स्नान-आर्द्र-मुक्तेषु अनु-धूप-वासम् विन्यस्त-सायन्तन-मल्लिकेषु कामः वसन्त-अत्यय-मन्द-वीर्यः केशेषु लेभे बलम् अङ्गनानाम्","वसन्त-अत्यय-मन्द-वीर्यः कामः स्नान-आर्द्र-मुक्तेषु अनु-धूप-वासम् विन्यस्त-सायन्तन-मल्लिकेषु अङ्गनानाम् केशेषु बलम् लेभे","स्नानार्द्रमुक्तेष्वनुधूपवासं विन्यस्तसायन्तनमल्लिकेषु।#कामो वसन्तात्ययमन्दवीर्यः केशेषु लेभे बलमङ्गनानाम्॥50॥"
"आपिञ्जरा बद्ध-रजः-कणत्वात् मञ्जरी उदारा शुशुभे अर्जुनस्य दग्ध्वा अपि देहम् गिरिशेन रोषात् खण्डीकृता ज्या-इव मनोभवस्य","बद्ध-रजः-कणत्वात् आपिञ्जरा उदारा अर्जुनस्य मञ्जरी देहम् दग्ध्वा अपि रोषात् गिरिशेन खण्डीकृता मनोभवस्य ज्या-इव शुशुभे","आपिञ्जरा बद्धरजःकणत्वान्मञ्जर्युदारा शुशुभेऽर्जुनस्य।#दग्ध्वापि देहं गिरिशेन रोषात्खण्डीकृता ज्येव मनोभवस्य॥51॥"
"मनोज्ञ-गन्धम् सहकार-भङ्गम् पुराण-शीधुम् नव-पाटलम् च सम्बध्नता कामि-जनेषु दोषाः सर्वे निदाघ-अवधिना प्रमृष्टाः","मनोज्ञ-गन्धम् सहकार-भङ्गम् पुराण-शीधुम् नव-पाटलम् च सम्बध्नता कामि-जनेषु सर्वे दोषाः निदाघ-अवधिना प्रमृष्टाः","मनोज्ञगन्धं सहकारभङ्गं पुराणशीधुं नवपाटलं च।#संबध्नता कामिजनेषु दोषाः सर्वे निदाघावधिना प्रमृष्टाः॥52॥"
"सः नृपतिः च शशी च जनस्य स-विशेष-कान्तौ ताप-अपनोद-क्षम-पाद-सेवौ उदय-स्थौ तस्मिन् समये विगाढे द्वौ बभूवतुः","जनस्य तस्मिन् समये विगाढे बभूवतुः द्वौ स-विशेष-कान्तौ ताप-अपनोद-क्षम-पाद-सेवौ सः च उदय-स्थौ नृपतिः शशी च","जनस्य तस्मिन्समये विगाढे बभूवतुर्द्वौ सविशेषकान्तौ।#तापापनोदक्षमपादसेवौ स चोदयस्थौ नृपतिः शशी च॥53॥"
"अथ उर्मि-लोल-उन्मद-राजहंसे रोधो-लता-पुष्प-वहे सरय्वाः विहर्तुम् इच्छा वनिता-सखस्य तस्य अम्भसि ग्रीष्म-सुखे बभूव","अथ उर्मि-लोल-उन्मद-राजहंसे रोधो-लता-पुष्प-वहे ग्रीष्म-सुखे सरय्वाः तस्य अम्भसि वनिता-सखस्य विहर्तुम् इच्छा बभूव","अथोर्मिलोलोन्मदराजहंसे रोधोलतापुष्पवहे सरय्वाः।#विहर्तुमिच्छा वनितासखस्य तस्याम्भसि ग्रीष्मसुखे बभूव॥54॥"
"सः चक्र-धर-प्रभावः तीर-भूमौ विहित-उपकार्यां आनायिभिः अपकृष्ट-नक्राम् ताम् श्री-महिमा-अनुरूपम् विगाहितुम् प्रचक्रमे","सः तीर-भूमौ विहित-उपकार्यां आनायिभिः ताम् अपकृष्ट-नक्राम् विगाहितुम् श्री-महिमा-अनुरूपम् प्रचक्रमे चक्र-धर-प्रभावः","स तीरभूमौ विहितोपकार्यामानायिभिस्तामपकृष्टनक्राम्।#विगाहितुं श्रीमहिमानुरूपं प्रचक्रमे चक्रधरप्रभावः॥55॥"
"सा सरित् तीर-सोपान-पथ-अवतारात् अन्योन्य-केयूर-विघट्टिनीभिः स-नूपुर-क्षोभ-पदाभिः अङ्गनाभिः उद्विग्न-हंसा आसीत्","सा तीर-सोपान-पथ-अवतारात् अन्योन्य-केयूर-विघट्टिनीभिः स-नूपुर-क्षोभ-पदाभिः आसीत् उद्विग्न-हंसा सरित् अङ्गनाभिः","सा तीरसोपानपथावतारादन्योन्यकेयूरविघट्टिनीभिः।#सनूपुरक्षोभपदाभिरासीदुद्विग्नहंसा सरिदङ्गनाभिः॥56॥"
"परस्पर-अभ्युक्षण-तत्पराणां तासां नृपः मज्जन-राग-दर्शी नौ-संश्रयः पार्श्व-गताम् किरातीं उपात्त-बालव्यजनां बभाषे","नौ-संश्रयः परस्पर-अभ्युक्षण-तत्पराणां तासां मज्जन-राग-दर्शी नृपः पार्श्व-गताम् उपात्त-बालव्यजनां किरातीं बभाषे","परस्पराभ्युक्षणतत्पराणां तासां नृपो मज्जनरागदर्शी।#नौसंश्रयः पार्श्वगतां किरातीमुपात्तबालव्यजनां बभाषे॥57॥"
"गलित-अङ्ग-रागैः मदीयैः शतशः अवरोधैः विगाह्यमानः एषः सरयू-प्रवाहः स-अभ्रः सन्ध्या-उदयः-इव अनेकं वर्णं पुष्यति (इति) पश्य (त्वम्)","(त्वम्) पश्य अवरोधैः शतशः मदीयैः विगाह्यमानः गलित-अङ्ग-रागैः सन्ध्या-उदयः-इव स-अभ्रः एषः वर्णं पुष्यति अनेकं सरयू-प्रवाहः (इति)","पश्यावरोधैः शतशो मदीयैर्विगाह्यमानो गलिताङ्गरागैः।#सन्ध्योदयः साभ्र इवेष वर्णं पुष्यत्यनेकं सरयूप्रवाहः॥58॥"
"विलुप्तम् अन्तः-पुर-सुन्दरीणां यत् अञ्जनं नौ-लुलिताभिः अद्भिः (तत्) (अञ्जनं) बध्नतीभिः (अद्भिः) मद-राग-शोभाम् विलोचनेषु प्रतिमुक्तम् आसाम्","नौ-लुलिताभिः अद्भिः अन्तः-पुर-सुन्दरीणां यत् अञ्जनं विलुप्तम् (तत्) (अञ्जनं) विलोचनेषु मद-राग-शोभाम् बध्नतीभिः (अद्भिः) आसाम् प्रतिमुक्तम्","विलुप्तमन्तःपुरसुन्दरीणां यदञ्जनं नौलुलिताभिरद्भिः।#तद्बध्नतीभिर्मदरागशोभां विलोचनेषु प्रतिमुक्तमासाम्॥59॥"
"एताः गुरु-श्रोणि-पयो-धरत्वात् आत्मानम् उद्वोढुम् अ-शक्नुवत्यः गाढ-अङ्गदैः बाहुभिः अप्सु बालाः क्लेश-उत्तरं राग-वशात् प्लवन्ते","गुरु-श्रोणि-पयो-धरत्वात् आत्मानम् उद्वोढुम् अ-शक्नुवत्यः एताः बालाः गाढ-अङ्गदैः बाहुभिः अप्सु क्लेश-उत्तरं राग-वशात् प्लवन्ते","एता गुरुश्रोणिपयोधरत्वादात्मानमुद्वोढुमशक्नुवत्यः।#गाढाङ्गदैर्बाहुभिरप्सु बालाः क्लेशोत्तरं रागवशात्प्लवन्ते॥60॥"
"अमी शिरीष-प्रसव-अवतंसाः प्रभ्रंशिनः वारि-विहारिणीनाम् पारिप्लवाः स्रोतसि निम्नगायाः शैवाल-लोलान् छलयन्ति मीनान्","वारि-विहारिणीनाम् प्रभ्रंशिनः निम्नगायाः स्रोतसि पारिप्लवाः अमी शिरीष-प्रसव-अवतंसाः शैवाल-लोलान् मीनान् छलयन्ति","अमी शिरीषप्रसवावतंसाः प्रभ्रंशिनो वारिविहारिणीनाम्।#पारिप्लवाः स्रोतसि निम्नगायाः शैवाललोलांश्छलयन्ति मीनान्॥61॥"
"आसां जल-आस्फालन-तत्पराणां मुक्ता-फल-स्पर्धिषु शीकरेषु पयो-धर-उत्सर्पिषु शीर्यमाणः संलक्ष्यते न छिदुरः अपि हारः","मुक्ता-फल-स्पर्धिषु पयो-धर-उत्सर्पिषु शीकरेषु शीर्यमाणः छिदुरः अपि आसां जल-आस्फालन-तत्पराणां हारः न संलक्ष्यते","आसां जलास्फालनतत्पराणां मुक्ताफलस्पर्धिषु शीकरेषु।#पयोधरोत्सर्पिषु शीर्यमाणः संलक्ष्यते न छिदुरोऽपि हारः॥62॥"
"आवर्त-शोभा नत-नाभि-कान्तेः भङ्गः भ्रुवां द्वन्द्वचराः स्तनानाम् जातानि रूप-अवयव-उपमानानि अ-दूरवर्तीनि विलासिनीनाम् (समानः) (अस्ति) (च)","विलासिनीनाम् रूप-अवयव-उपमानानि अ-दूरवर्तीनि जातानि नत-नाभि-कान्तेः आवर्त-शोभा भङ्गः भ्रुवां स्तनानाम् द्वन्द्वचराः (च) (समानः) (अस्ति)","आवर्तशोभा नतनाभिकान्तेर्भङ्गो भ्रुवां द्वन्द्वचराः स्तनानाम्।#जातानि रूपावयवोपमानान्यदूरवर्तीनि विलासिनीनाम्॥63॥"
"तीर-स्थली-बर्हिभिः उत्-कलापैः प्रस्निग्ध-केकैः अभि-नन्द्यमानम् श्रोत्रेषु संमूर्च्छति रक्तम् आसां गीत-अनुगं वारि-मृदङ्ग-वाद्यम्","उत्-कलापैः प्रस्निग्ध-केकैः तीर-स्थली-बर्हिभिः अभि-नन्द्यमानम् रक्तम् गीत-अनुगं आसां वारि-मृदङ्ग-वाद्यम् श्रोत्रेषु संमूर्च्छति","तीरस्थलीबर्हिभिरुत्कलापैः प्रस्निग्धकेकैरभिनन्द्यमानम्।#श्रोत्रेषु संमूर्च्छति रक्तमासां गीतानुगं वारिमृदङ्गवाद्यम्॥64॥"
"संदष्ट-वस्त्रेषु अबला-नितम्बेषु इन्दु-प्रकाश-अन्तरित-उडु-तुल्याः अमी जल-आपूरित-सूत्र-मार्गाः मौनं भजन्ते रशना-कलापाः","संदष्ट-वस्त्रेषु अबला-नितम्बेषु इन्दु-प्रकाश-अन्तरित-उडु-तुल्याः अमी जल-आपूरित-सूत्र-मार्गाः रशना-कलापाः मौनं भजन्ते","संदष्टवस्त्रेष्वबलानितम्बेष्विन्दुप्रकाशान्तरितोडुतुल्याः।#अमी जलापूरितसूत्रमार्गा मौनं भजन्ते रशनाकलापाः॥65॥"
"एताः कर-उत्पीडित-वारि-धाराः दर्पात् सखीभिः वदनेषु सिक्ताः वक्रेतर-अग्रैः अलकैः तरुण्यः चूर्ण-अरुणान् वारि-लवान् वमन्ति","दर्पात् कर-उत्पीडित-वारि-धाराः सखीभिः वदनेषु सिक्ताः एताः तरुण्यः वक्रेतर-अग्रैः अलकैः चूर्ण-अरुणान् वारि-लवान् वमन्ति","एताः करोत्पीडितवारिधारा दर्पात्सखीभिर्वदनेषु सिक्ताः।#वक्रेतराग्रैरलकैस्तरुण्यश्चूर्णारुणान्वारिलवान्वमन्ति॥66॥"
"उद्बन्ध-केश-च्युत-पत्र-लेखः विश्लेषि-मुक्ता-फल-पत्र-वेष्टः अम्भो-विहार-आकुलितः अपि प्रमदा-मुखानां वेषः मनोज्ञः एव (अस्ति)","उद्बन्ध-केश-च्युत-पत्र-लेखः विश्लेषि-मुक्ता-फल-पत्र-वेष्टः मनोज्ञः एव प्रमदा-मुखानां अम्भो-विहार-आकुलितः अपि वेषः (अस्ति)","उद्बन्धकेशच्युतपत्रलेखो विश्लेषिमुक्ताफलपत्रवेष्टः।#मनोज्ञ एव प्रमदामुखानामम्भोविहाराकुलितोऽपि वेषः॥67॥"
"सः नौ-विमानात् अवतीर्य रेमे विलोल-हारः सह ताभिः अप्सु स्कन्ध-अवलग्न-उद्धृत-पद्मिनीकः करेणुभिः वन्यः द्विप-इन्द्रः-इव","सः नौ-विमानात् अवतीर्य विलोल-हारः ताभिः सह करेणुभिः स्कन्ध-अवलग्न-उद्धृत-पद्मिनीकः वन्यः द्विप-इन्द्रः-इव अप्सु रेमे","स नौविमानादवतीर्य रेमे विलोलहारः सह ताभिरप्सु।#स्कन्धावलग्नोद्धृतपद्मिनीकः करेणुभिर्वन्य इव द्विपेन्द्रः॥68॥"
"वर्ण-उदकैः काञ्चन-शृङ्ग-मुक्तैः तम् आयत-अक्ष्यः प्रणयात् असिञ्चन् तथा गतः सः अतितराम् बभासे स-धातु-निष्यन्दः अद्रि-राजः-इव","तम् आयत-अक्ष्यः काञ्चन-शृङ्ग-मुक्तैः वर्ण-उदकैः प्रणयात् असिञ्चन् तथा गतः सः स-धातु-निष्यन्दः अद्रि-राजः-इव अतितराम् बभासे","वर्णोदकैः काञ्चनशृङ्गमुक्तैस्तमायताक्ष्यः प्रणयादसिञ्चन्।# तथागतः सोऽतितरां बभासे सधातुनिष्यन्द इवाद्रिराजः॥70॥"
"तेन अवरोध-प्रमदा-सखेन वि-गाहमानेन सरिद्वरां ताम् आकाश-गङ्गा-रतिः अप्सरोभिः वृतः मरुत्वान् अनु-यात-लीलः (अभूत्)","ताम् सरिद्वरां वि-गाहमानेन अवरोध-प्रमदा-सखेन तेन आकाश-गङ्गा-रतिः अप्सरोभिः वृतः अनु-यात-लीलः मरुत्वान् (अभूत्)","तेनावरोधप्रमदासखेन विगाहमानेन सरिद्वरां ताम्।#आकाशगङ्गारतिरप्सरोभिर्वृतो मरुत्वाननुयातलीलः॥71॥"
"यत् कुम्भ-योनेः अधिगम्य रामः कुशाय राज्येन समम् दिदेश तत् अस्य जैत्र-आभरणम् विहर्तुः अज्ञात-पातम् सलिले (सत्) ममज्ज","यत् रामः कुम्भ-योनेः अधिगम्य कुशाय राज्येन समम् दिदेश सलिले विहर्तुः अस्य तत् जैत्र-आभरणम् अज्ञात-पातम् (सत्) ममज्ज","यत्कुम्भयोनेरधिगम्य रामः कुशाय राज्येन समं दिदेश।#  तदस्य जैत्राभरणं विहर्तुरज्ञातपातं सलिले ममज्ज॥72॥"
"स्नात्वा यथा-कामम् असौ स-दारः तीर-उपकार्यां गत-मात्रः एव दिव्येन शून्यं वलयेन बाहुम् अपोढ-नेपथ्य-विधिः ददर्श","असौ स-दारः यथा-कामम् स्नात्वा तीर-उपकार्यां गत-मात्रः एव अपोढ-नेपथ्य-विधिः दिव्येन वलयेन शून्यं बाहुम् ददर्श","स्नात्वा यथाकाममसौ सदारस्तीरोपकार्यां गतमात्र एव।#दिव्येन शून्यं वलयेन बाहुमपोढनेपथ्यविधिर्ददर्श॥73॥"
"जय-श्रियः संवननं यतः तत् आमुक्त-पूर्वं गुरुणा च यस्मात् सेहे अस्य न भ्रंशम् अतः न लोभात् सः तुल्य-पुष्प-आभरणः हि धीरः (आसीत्)","यतः तत् जय-श्रियः संवननं यस्मात् च गुरुणा आमुक्त-पूर्वं अतः अस्य भ्रंशम् न सेहे लोभात् न सः हि धीरः तुल्य-पुष्प-आभरणः (आसीत्)","जयश्रियः संवननं यतस्तदामुक्तपूर्वं गुरुणा च यस्मात्।#सेहेऽस्य न भ्रंशमतो न लोभात्स तुल्यपुष्पाभरणो हि धीरः॥74॥"
"ततः समाज्ञापयत् आशु सर्वान् आ-नायिनः तत् वि-चये नदीष्णान् वन्ध्य-श्रमाः ते सरयूं विगाह्य तम् ऊचुः अम्लान-मुख-प्रसादाः","ततः नदीष्णान् सर्वान् आ-नायिनः तत् वि-चये आशु समाज्ञापयत् ते सरयूं विगाह्य वन्ध्य-श्रमाः अम्लान-मुख-प्रसादाः तम् ऊचुः","ततः समाज्ञापयदाशु सर्वानानायिनस्तद्विचये नदीष्णान्।#वन्ध्यश्रमास्ते सरयूं विगाह्य तमूचुरम्लानमुखप्रसादाः॥75॥"
"कृतः प्रयत्नः न च देव लब्धम् मग्नम् पयसि आभरण-उत्तमम् ते नागेन लौल्यात् कुमुदेन नूनम् उपात्तम् अन्तः-ह्रद-वासिना तत्","देव प्रयत्नः कृतः पयसि मग्नम् ते आभरण-उत्तमम् न च लब्धम् तत् अन्तः-ह्रद-वासिना कुमुदेन नागेन लौल्यात् नूनम् उपात्तम्","कृतः प्रयत्नो न च देव लब्धं मग्नं पयस्याभरणोत्तमं ते।# नागेन लौल्यात्कुमुदेन नूनमुपात्तमन्तर्ह्रदवासिना तत्॥76॥"
"ततः धनुः-धरः कोप-वि-लोहित-अक्षः तरस्वी सः तीर-गतः (सन्) धनुः-आतत-ज्यं कृत्वा भुजङ्ग-नाशाय गारुत्मतं अस्त्रम् समाददे","ततः सः कृत्वा धनुः-आतत-ज्यं धनुः-धरः कोप-वि-लोहित-अक्षः गारुत्मतं तीर-गतः (सन्) तरस्वी भुजङ्ग-नाशाय समाददे अस्त्रम्","ततः स कृत्वा धनुराततज्यं धनुर्धरः कोपविलोहिताक्षः।#गारुत्मतं तीरगतस्तरस्वी भुजङ्गनाशाय समाददेऽस्त्रम्॥77॥"
"तस्मिन् सम्-हित-मात्रे एव ह्रदः क्षोभात् समाविद्ध-तरङ्ग-हस्तः रोधांसि निघ्नन् अव-पात-मग्नः करी-इव वन्यः परुषं ररास","तस्मिन् सम्-हित-मात्रे एव ह्रदः क्षोभात् समाविद्ध-तरङ्ग-हस्तः रोधांसि निघ्नन् अव-पात-मग्नः वन्यः करी-इव परुषं ररास","तस्मिन्ह्रदः संहितमात्र एव क्षोभात्समाविद्धतरङ्गहस्तः।#रोधांसि निघ्नन्नवपातमग्नः करीव वन्यः परुषं ररास॥78॥"
"तस्मात्(ह्रदात्) समुद्रात्-इव मथ्यमानात् उद्वृत्त-नक्रात् सहसा उन्ममज्ज लक्ष्म्या सार्धम् सुर-राज-वृक्षः-इव कन्याम् पुरस्कृत्य भुजङ्ग-राजः","मथ्यमानात् समुद्रात्-इव उद्वृत्त-नक्रात् तस्मात्(ह्रदात्) लक्ष्म्या सार्धम् सुर-राज-वृक्षः-इव भुजङ्ग-राजः कन्याम् पुरस्कृत्य सहसा उन्ममज्ज","तस्मात्समुद्रादिव मथ्यमानादुद्वृत्तनक्रात्सहसोन्ममज्ज।#लक्ष्म्येव सार्धं सुरराजवृक्षः कन्यां पुरस्कृत्य भुजङ्गराजः॥79॥"
"विभूषण-प्रत्युपहार-हस्तम् उपस्थितं वीक्ष्य विशां-पतिः तम् सौपर्णम् अस्त्रं प्रतिसंजहार प्र-ह्रेषु अनिर्बन्ध-रुषः हि सन्तः (भवन्ति)","विशां-पतिः विभूषण-प्रत्युपहार-हस्तम् उपस्थितं तम् वीक्ष्य सौपर्णम् अस्त्रं प्रतिसंजहार हि सन्तः प्र-ह्रेषु अनिर्बन्ध-रुषः (भवन्ति)","विभूषणप्रत्युपहारहस्तमुपस्थितं वीक्ष्य विशांपतिस्तम्।#सौपर्णमस्त्रं प्रतिसंजहार प्रह्रेष्वनिर्बन्धरुषो हि सन्तः॥80॥"
"त्रैलोक्य-नाथ-प्रभवं प्रभावात् कुशं द्विषाम् अङ्कुशम् अस्त्र-विद्वान् मान-उन्नतेन अपि अभि-वन्द्य मूर्ध्ना मूर्धाभिषिक्तं कुमुदः बभाषे","अस्त्र-विद्वान् कुमुदः त्रैलोक्य-नाथ-प्रभवं प्रभावात् द्विषाम् अङ्कुशम् मूर्धाभिषिक्तं कुशं मान-उन्नतेन अपि मूर्ध्ना अभि-वन्द्य बभाषे","त्रैलोक्यनाथप्रभवं प्रभावात्कुशं द्विषामङ्कुशमस्त्रविद्वान्।#मानोन्नतेनाप्यभिवन्द्य मूर्ध्ना मूर्धाभिषिक्तं कुमुदो बभाषे॥81॥"
"अवैमि कार्य-अन्तर-मानुषस्य विष्णोः सुत-आख्याम् अपराम् तनुम् त्वाम् सः अहम् कथम् नाम तव आचरेयम् आराधनीयस्य धृतेः विघातम्","त्वाम् कार्य-अन्तर-मानुषस्य विष्णोः सुत-आख्याम् अपराम् तनुम् अवैमि सः अहम् आराधनीयस्य तव धृतेः विघातम् कथम् नाम आचरेयम्","अवैमि कार्यान्तरमानुषस्य विष्णोः सुताख्यामपरां तनुं त्वाम्।# सोऽहं कथं नाम तवाचरेयमाराधनीयस्य धृतेर्विघातम्॥82॥"
"कर-अभिघात-उत्थित-कन्दुका इयं आलोक्य बाला अति-कुतूहलेन ह्रदात् पतत् ज्योतिः-इव अन्तरिक्षात् आदत्त जैत्र-आभरणं त्वदीयं","कर-अभिघात-उत्थित-कन्दुका इयं बाला अति-कुतूहलेन अन्तरिक्षात् ज्योतिः-इव ह्रदात् पतत् त्वदीयं जैत्र-आभरणं आलोक्य आदत्त","कराभिघातोत्थितकन्दुकेयमालोक्य बालातिकुतूहलेन।#ह्रदात्पतज्ज्योतिरिवान्तरिक्षादादत्त जैत्राभरणं त्वदीयम्॥83॥"
"तत् एतत् आ-जानु-विलम्बिना ते ज्या-घात-रेखा-किण-लाञ्छनेन भुजेन रक्षा-परिघेण भूमेः उपैतु योगम् पुनः अंसलेन","तत् एतत् आ-जानु-विलम्बिना ज्या-घात-रेखा-किण-लाञ्छनेन भूमेः रक्षा-परिघेण ते अंसलेन भुजेन पुनः योगम् उपैतु","तदेतदाजानुविलम्बिना ते ज्याघातरेखाकिणलाञ्छनेन।#भुजेन रक्षापरिघेण भूमेरुपैतु योगं पुनरंसलेन॥84॥"
"पार्थिव (त्वं) ते पादयोः चिराय शुश्रूषया आत्म-अपराधम् नुदतीं इमाम् मे यवीयसीम् स्वसारम् कुमुद्वतीम् न अनुमन्तुम् न अर्हसि च","इमाम् स्वसारम् च यवीयसीम् मे कुमुद्वतीम् न अर्हसि न अनुमन्तुम् आत्म-अपराधम् नुदतीं चिराय शुश्रूषया पार्थिव पादयोः ते (त्वं)","इमां स्वसारं च यवीयसीं मे कुमुद्वतीं नार्हसि नानुमन्तुम्।#आत्मापराधं नुदतीं चिराय शुश्रूषया पार्थिव पादयोस्ते॥85॥"
"इति ऊचिवान् उप-हृत-आभरणः कुमुदः भवान् श्लाघ्यः स्व-जनः इति अनु-भाषितारम् क्षितीशं समेत-बन्धुः (सन्) कन्या-मयेन कुल-भूषणेन विधिवत् संयोजयामास (अस्ति)","इति ऊचिवान् उप-हृत-आभरणः क्षितीशं श्लाघ्यः भवान् स्व-जनः (अस्ति) इति अनु-भाषितारम् संयोजयामास विधिवत् समेत-बन्धुः (सन्) कन्या-मयेन कुमुदः कुल-भूषणेन","इत्यूचिवानुपहृताभरणः क्षितीशं श्लाघ्यो भवान्स्वजन इत्यनुभाषितारम्।#संयोजयामास विधिवदास समेतबन्धुः कन्यामयेन कुमुदः कुलभूषणेन॥86॥"
"मनुज-पतिना साहचर्याय माङ्गल्य-ऊर्णा-वलयिनि तस्याः हस्ते उत्-शिखस्य पावकस्य पुरः स्पृष्टे दिक्-अन्तान् वि-अश्नुवानः दिव्यः तूर्य-ध्वनिः उदचरत् तत्-अनु आश्चर्य-मेघाः गन्ध-उत्-अग्रम् पुष्पम् ववृषुः","तस्याः स्पृष्टे मनुज-पतिना साहचर्याय हस्ते माङ्गल्य-ऊर्णा-वलयिनि पुरः पावकस्य उत्-शिखस्य दिव्यः तूर्य-ध्वनिः उदचरत् वि-अश्नुवानः दिक्-अन्तान् गन्ध-उत्-अग्रम् तत्-अनु ववृषुः पुष्पम् आश्चर्य-मेघाः","तस्याः स्पृष्टे मनुजपतिना साहचर्याय हस्ते माङ्गल्योर्णावलयिनि पुरः पावकस्योच्छिखस्य।#दिव्यस्तूर्यध्वनिरुदचरद्व्यश्नुवानो दिगन्तान्गन्धोदग्रं तदनु ववृषुः पुष्पमाश्चर्यमेघाः॥87॥"
"इत्थं एकः नागः त्रि-भुवन-गुरोः औरसं मैथिलेयं बन्धुं लब्ध्वा पितृ-वध-रिपोः वैनतेयात् शङ्कां अत्यजत् अपरः कुशः अपि च तक्षकस्य पञ्चमं तम्(कुमुदम्) (बन्धुं) (लब्ध्वा) शान्त-व्यालाम् अवनिम् पौर-कान्तः (सन्) शशास","इत्थं नागः त्रि-भुवन-गुरोः औरसं मैथिलेयं लब्ध्वा बन्धुं च तम्(कुमुदम्) (बन्धुं) (लब्ध्वा) अपि कुशः पञ्चमं तक्षकस्य एकः शङ्कां पितृ-वध-रिपोः अत्यजत् वैनतेयात् शान्त-व्यालाम् अवनिम् अपरः पौर-कान्तः (सन्) शशास","इत्थं नागस्त्रिभुवनगुरोरौरसं मैथिलेयं लब्ध्वा बन्धुं तमपि च कुशः पञ्चमं तक्षकस्य।#एकः शङ्कां पितृवधरिपोरत्यजद्वैनतेयाच्छान्तव्यालामवनिमपरः पौरकान्तः शशास॥88॥"
"कुमुद्वती काकुत्स्थात् अतिथिम् नाम पुत्रम् चेतना पश्चिमात् यामिनी-यामात् प्रसादम्-इव प्राप","अतिथिम् नाम काकुत्स्थात् पुत्रम् प्राप कुमुद्वती पश्चिमात् यामिनी-यामात् प्रसादम्-इव चेतना","अतिथिं नाम काकुत्स्थात्पुत्रं प्राप कुमुद्वती।#पश्चिमाद्यामिनीयामात्प्रसादमिव चेतना॥"
"पितृमान् अनुपम-द्युतिः सः पितुः मातुः च वंशं सविता-इव उत्तर-दक्षिणौ उभौ मार्गौ अपुनात्","सः पितुः पितृमान् वंशं मातुः च अनुपम-द्युतिः अपुनात् सविता-इव उभौ मार्गौ उत्तर-दक्षिणौ","स पितुः पितृमान्वंशं मातुश्चानुपमद्युतिः।#अपुनात्सवितेवोभौ मार्गावुत्तरदक्षिणौ॥"
"अर्थ-विदां वरः पिता तम् आदौ कुल-विद्यानाम् अर्थम् अग्राहयत् पश्चात् पार्थिव-कन्यानाम् पाणिम् (अग्राहयत्)","तम् आदौ कुल-विद्यानाम् अर्थम् अर्थ-विदां वरः पश्चात् पार्थिव-कन्यानाम् पाणिम् अग्राहयत् पिता (अग्राहयत्)","तमादौ कुलविद्यानामर्थमर्थविदां वरः।#पश्चात्पार्थिवकन्यानां पाणिमग्राहयत्पिता॥"
"जात्यः शूरः वशी कुशः अभिजातेन शौर्यवता वशिना तेन एकम् आत्मानम् अनेकम् अमन्यत","जात्यः तेन अभिजातेन शूरः शौर्यवता कुशः अमन्यत एकम् आत्मानम् अनेकम् वशिना वशी","जात्यस्तेनाभिजातेन शूरः शौर्यवता कुशः।#अमन्यतैकमात्मानमनेकं वशिना वशी॥"
"सः कुल-उचितम् इन्द्रस्य साहायकम् उपेयिवान् (सन्) समरे दुर्जयं दैत्यं जघान तेन अवधि च","सः कुल-उचितम् इन्द्रस्य साहायकम् उपेयिवान् (सन्) जघान समरे दैत्यं दुर्जयं तेन च अवधि","स कुलोचितमिन्द्रस्य साहायकमुपेयिवान्।#जघान समरे दैत्यं दुर्जयं तेन चावधि॥"
"कुमुदस्य नाग-राजस्य स्वसा कुमुद्वती कुमुद-आनन्दम् शश-अङ्कम् कौमुदी-इव तम् अन्वगात्","तम् स्वसा नाग-राजस्य कुमुदस्य कुमुद्वती अन्वगात् कुमुद-आनन्दम् शश-अङ्कम् कौमुदी-इव","तं स्वसा नागराजस्य कुमुदस्य कुमुद्वती।#अन्वगात्कुमुदानन्दं शशाङ्कमिव कौमुदी॥"
"तयोः एकः दिवस्पतेः सिंहासन-अर्ध-भाक् (आसीत्) द्वितीया अपि शच्याः पारिजात-अंश-भागिनी सखी आसीत्","तयोः दिवस्पतेः (आसीत्) एकः सिंहासन-अर्ध-भाक् द्वितीया अपि शच्याः पारिजात-अंश-भागिनी सखी आसीत्","तयोर्दिवस्पतेरासीदेकः सिंहासनार्धभाक्।#द्वितीयापि सखी शच्याः पारिजातांशभागिनी॥"
"सङ्ग्राम-यायिनः भर्तुः पश्चिमाम् आज्ञाम् स्मरन्तः मन्त्रि-वृद्धाः तत्-आत्म-सम्भवम् राज्ये समादधुः","तत्-आत्म-सम्भवम् राज्ये मन्त्रि-वृद्धाः समादधुः स्मरन्तः पश्चिमाम् आज्ञाम् भर्तुः सङ्ग्राम-यायिनः","तदात्मसंभवं राज्ये मन्त्रिवृद्धाः समादधुः।#स्मरन्तः पश्चिमामाज्ञां भर्तुः सङ्ग्रामयायिनः॥"
"ते तस्य अभिषेकाय शिल्पिभिः उत्-वेदि चतुः-स्तम्भ-प्रतिष्ठितं नवं विमानं कल्पयामासुः","ते तस्य कल्पयामासुः अभिषेकाय शिल्पिभिः विमानं नवं उत्-वेदि चतुः-स्तम्भ-प्रतिष्ठितं","ते तस्य कल्पयामासुरभिषेकाय शिल्पिभिः।#विमानं नवमुद्वेदि चतुःस्तम्भप्रतिष्ठितम्॥"
"तत्र एनम् हेम-कुम्भेषु सम्भृतैः तीर्थ-वारिभिः उपतस्थुः प्रकृतयः भद्र-पीठ-उपवेशितम्","तत्र भद्र-पीठ-उपवेशितम् एनम् हेम-कुम्भेषु सम्भृतैः तीर्थ-वारिभिः प्रकृतयः उपतस्थुः","तत्रैनं हेमकुम्भेषु संभृतैस्तीर्थवारिभिः।#उपतस्थुः प्रकृतयो भद्रपीठोपवेशितम्॥"
"नदद्भिः स्निग्ध-गम्भीरम् तूर्यैः आहत-पुष्करैः अन्वमीयत कल्याणम् तस्य अविच्छिन्न-सन्तति","आहत-पुष्करैः स्निग्ध-गम्भीरम् नदद्भिः तूर्यैः तस्य अविच्छिन्न-सन्तति कल्याणम् अन्वमीयत","नदद्भिः स्निग्धगम्भीरं तूर्यैराहतपुष्करैः।#अन्वमीयत कल्याणं तस्याविच्छिन्नसन्तति॥"
"सः दूर्वा-यव-अङ्कुर-प्लक्ष-त्वक्-अभिन्न-पुट-उत्तरान् ज्ञाति-वृद्धैः प्रयुक्तान् नीराजना-विधीन् भेजे","दूर्वा-यव-अङ्कुर-प्लक्ष-त्वक्-अभिन्न-पुट-उत्तरान् ज्ञाति-वृद्धैः प्रयुक्तान् सः भेजे नीराजना-विधीन्","दूर्वायवाङ्कुरप्लक्षत्वगभिन्नपुटोत्तरान्।#ज्ञातिवृद्धैः प्रयुक्तान्स भेजे नीराजनाविधीन्॥"
"पुरोहित-पुरोगाः द्विजातयः तं जिष्णुं जैत्रैः अथर्वभिः पूर्वं अभिषेक्तुं उपचक्रमिरे","पुरोहित-पुरोगाः तं जिष्णुं जैत्रैः अथर्वभिः उपचक्रमिरे पूर्वं अभिषेक्तुं द्विजातयः","पुरोहितपुरोगास्तं जिष्णुं जैत्रैरथर्वभिः।#उपचक्रमिरे पूर्वमभिषेक्तुं द्विजातयः॥"
"तस्य ओघ-महती मूर्ध्नि निपतन्ती व्यरोचत स-शब्दम् अभिषेक-श्रीः गङ्गा-इव त्रिपुरद्विषः","तस्य मूर्ध्नि स-शब्दम् निपतन्ती ओघ-महती अभिषेक-श्रीः त्रिपुरद्विषः गङ्गा-इव व्यरोचत","तस्यौघमहती मूर्ध्नि निपतन्ती व्यरोचत।#सशब्दमभिषेकश्रीर्गङ्गेव त्रिपुरद्विषः॥"
"तस्मिन् क्षणे वन्दिभिः स्तूयमानः सः प्रवृद्धः सारङ्गैः अभिनन्दितः पर्जन्यः-इव अलक्ष्यत","स्तूयमानः क्षणे तस्मिन् अलक्ष्यत सः वन्दिभिः प्रवृद्धः पर्जन्यः-इव सारङ्गैः अभिनन्दितः","स्तूयमानः क्षणे तस्मिन्नलक्ष्यत स वन्दिभिः।#प्रवृद्ध इव पर्जन्यः सारङ्गैरभिनन्दितः॥"
"सन्मन्त्र-पूताभिः अद्भिः स्नानम् प्रतीच्छतः तस्य वृष्टि-सेकात् वैद्युतस्य अग्नेः-इव द्युतिः ववृधे","तस्य सन्मन्त्र-पूताभिः स्नानम् अद्भिः प्रतीच्छतः ववृधे वैद्युतस्य अग्नेः-इव वृष्टि-सेकात् द्युतिः","तस्य सन्मन्त्रपूताभिः स्नानमद्भिः प्रतीच्छतः।#ववृधे वैद्युतस्याग्नेर्वृष्टिसेकादिव द्युतिः॥"
"सः अभिषेक-अन्ते स्नातकेभ्यः तावत्(तत्परिमाणं) वसु ददौ यावता(यत्परिमाणेन​) एषां पर्याप्त-दक्षिणाः यज्ञाः समाप्येरन्","सः तावत्(तत्परिमाणं) अभिषेक-अन्ते स्नातकेभ्यः ददौ वसु यावता(यत्परिमाणेन​) एषां समाप्येरन् यज्ञाः पर्याप्त-दक्षिणाः","स तावदभिषेकान्ते स्नातकेभ्यो ददौ वसु।#यावतैषां समाप्येरन्यज्ञाः पर्याप्तदक्षिणाः॥"
"प्रीत-मनसः ते तस्मै यां आशिषं उदैरयन् सा तस्य कर्म-निर्वृत्तैः फलैः दूरं पश्चात् कृता","ते प्रीत-मनसः तस्मै यां आशिषं उदैरयन् सा तस्य कर्म-निर्वृत्तैः दूरं पश्चात् कृता फलैः","ते प्रीतमनसस्तस्मै यामाशिषमुदैरयन्।#सा तस्य कर्मनिर्वृत्तैर्दूरं पश्चात्कृता फलैः॥"
"सः बद्धानाम् बन्ध-छेदम् वध-अर्हाणाम् अ-वध्यताम् धुर्याणाम् च धुरः मोक्षम् गवाम् अ-दोहं च आदिशत्","बन्ध-छेदम् सः बद्धानाम् वध-अर्हाणाम् अ-वध्यताम् धुर्याणाम् च धुरः मोक्षम् अ-दोहं च आदिशत् गवाम्","बन्धच्छेदं स बद्धानां वधार्हाणामवध्यताम्।#धुर्याणां च धुरो मोक्षमदोहं चादिशद्गवाम्॥"
"क्रीडा-पतत्रिणः अपि अस्य पञ्जरस्थाः शुक-आदयः लब्ध-मोक्षाः तत्-आदेशात् यथा-इष्ट-गतयः अभवन् (सन्तः)","पञ्जरस्थाः शुक-आदयः अस्य क्रीडा-पतत्रिणः अपि तत्-आदेशात् लब्ध-मोक्षाः (सन्तः) यथा-इष्ट-गतयः अभवन्","क्रीडापतत्रिणोऽप्यस्य पञ्जरस्थाः शुकादयः।#लब्धमोक्षास्तदादेशाद्यथेष्टगतयोऽभवन्॥"
"ततः सः नेपथ्य-ग्रहणाय कक्ष्य-अन्तर-न्यस्तं शुचि स-उत्तर-छदं गज-दन्त-आसनम् अध्यास्त","ततः कक्ष्य-अन्तर-न्यस्तं गज-दन्त-आसनम् शुचि स-उत्तर-छदं अध्यास्त नेपथ्य-ग्रहणाय सः","ततः कक्ष्यान्तरन्यस्तं गजदन्तासनं शुचि।#सूत्तरच्छदमध्यास्त नेपथ्यग्रहणाय सः॥"
"तोय-निर्णिक्त-पाणयः प्रसाधकाः धूप-अश्यान-केश-अन्तं तं तैः तैः आकल्प-साधनैः उपसेदुः","तं धूप-अश्यान-केश-अन्तं तोय-निर्णिक्त-पाणयः आकल्प-साधनैः तैः तैः उपसेदुः प्रसाधकाः","तं धूपाश्यानकेशान्तं तोयनिर्णिक्तपाणयः।#आकल्पसाधनैस्तैस्तैरुपसेदुः प्रसाधकाः॥"
"ते मुक्ता-गुण-उन्नद्धम् अन्तर्गत-स्रजम् अस्य मौलिम् प्रभा-मण्डल-शोभिना पद्म-रागेण प्रत्यूपुः","ते अस्य मुक्ता-गुण-उन्नद्धम् मौलिम् अन्तर्गत-स्रजम् प्रत्यूपुः पद्म-रागेण प्रभा-मण्डल-शोभिना","तेऽस्य मुक्तागुणोन्नद्धं मौलिमन्तर्गतस्रजम्।#प्रत्यूपुः पद्मरागेण प्रभामण्डलशोभिना॥"
"मृग-नाभि-सुगन्धिना चन्दनेन अङ्ग-रागं च समापय्य ततः विन्यस्त-रोचनं पत्रं चक्रुः","चन्दनेन अङ्ग-रागं च मृग-नाभि-सुगन्धिना समापय्य ततः चक्रुः पत्रं विन्यस्त-रोचनं","चन्दनेनाङ्गरागं च मृगनाभिसुगन्धिना।#समापय्य ततश्चक्रुः पत्रं विन्यस्तरोचनम्॥"
"आमुक्त-आभरणः स्रग्वी हंस-चिह्न-दुकूलवान् राज्य-श्री-वधू-वरः सः अतिशय-प्रेक्ष्यः आसीत्","आमुक्त-आभरणः स्रग्वी हंस-चिह्न-दुकूलवान् आसीत् अतिशय-प्रेक्ष्यः सः राज्य-श्री-वधू-वरः","आमुक्ताभरणः स्रग्वी हंसचिह्नदुकूलवान्।#आसीदतिशयप्रेक्ष्यः स राज्यश्रीवधूवरः॥"
"हिरण्मये आदर्शे नेपथ्य-दर्शिनः तस्य छाया उदिते सूर्ये मेरौ कल्पतरोः-इव विरराज","नेपथ्य-दर्शिनः छाया तस्य आदर्शे हिरण्मये विरराज उदिते सूर्ये मेरौ कल्पतरोः-इव","नेपथ्यदर्शिनश्छाया तस्यादर्शे हिरण्मये।#विरराजोदिते सूर्ये मेरौ कल्पतरोरिव॥"
"सः राज-ककुद-व्यग्र-पाणिभिः पार्श्व-वर्तिभिः उदीरित-आलोकः सुधर्मा-अनवमां सभाम् ययौ","सः राज-ककुद-व्यग्र-पाणिभिः पार्श्व-वर्तिभिः ययौ उदीरित-आलोकः सुधर्मा-अनवमां सभाम्","स राजककुदव्यग्रपाणिभिः पार्श्ववर्तिभिः।#ययावुदीरितालोकः सुधर्मानवमां सभाम्॥"
"(सः) वितान-सहितं तत्र भेजे पैतृकम् आसनम् चूडा-मणिभिः उद्धृष्टं पाद-पीठं महीक्षिताम्","तत्र (सः) वितान-सहितं महीक्षिताम् चूडा-मणिभिः उद्धृष्टं पाद-पीठं पैतृकम् आसनम् भेजे","वितानसहितं तत्र भेजे पैतृकमासनम्।#चूडामणिभिरुद्धृष्टं पादपीठं महीक्षिताम्॥"
"तेन श्री-वत्स-लक्षणं महत् मङ्गल-आयतनं कौस्तुभेन आक्रान्तं कैशवं वक्षः-इव च शुशुभे","शुशुभे तेन च आक्रान्तं मङ्गल-आयतनं महत् श्री-वत्स-लक्षणं वक्षः-इव कौस्तुभेन कैशवं","शुशुभे तेन चाक्रान्तं मङ्गलायतनं महत्।#श्रीवत्सलक्षणं वक्षः कौस्तुभेनेव कैशवम्॥"
"बभौ भूयः कुमारत्वात् आधिराज्यम् अवाप्य सः रेखा-भावात् उपारूढः सामग्र्यम् चन्द्रमाः-इव","सः कुमारत्वात् भूयः आधिराज्यम् अवाप्य रेखा-भावात् सामग्र्यम् उपारूढः चन्द्रमाः-इव बभौ","बभौ भूयः कुमारत्वादाधिराज्यमवाप्य सः।#रेखाभावादुपारूढः सामग्र्यमिव चन्द्रमाः॥"
"अनुजीविनः प्रसन्न-मुख-रागं स्मित-पूर्व-अभिभाषिणं तं मूर्तिमन्तं विश्वासम् अमन्यन्त","प्रसन्न-मुख-रागं तं स्मित-पूर्व-अभिभाषिणं मूर्तिमन्तं अमन्यन्त विश्वासम् अनुजीविनः","प्रसन्नमुखरागं तं स्मितपूर्वाभिभाषिणम्।#मूर्तिमन्तममन्यन्त विश्वासमनुजीविनः॥"
"सः पुरम् पुरुहूत-श्रीः कल्प-द्रुम-निभ-ध्वजाम् क्रममाणः चकार द्याम् नागेन ऐरावत-ओजसा","पुरुहूत-श्रीः सः कल्प-द्रुम-निभ-ध्वजाम् पुरम् ऐरावत-ओजसा नागेन क्रममाणः द्याम् चकार","स पुरं पुरहूतश्रीः कल्पद्रुमनिभध्वजाम्।#क्रममाणश्चकार द्यां नागेनैरावतौजसा॥"
"एकस्य तस्य मूर्ध्नि छत्रं उच्छ्रितम् अमल-त्विषा तेन कृत्स्नस्य जगतः पूर्व-राज-वियोग-औष्म्यं हृतम्","तस्य एकस्य उच्छ्रितम् छत्रं मूर्ध्नि तेन अमल-त्विषा पूर्व-राज-वियोग-औष्म्यं कृत्स्नस्य जगतः हृतम्","तस्यैकस्योच्छ्रितं छत्रं मूर्ध्नि तेनामलत्विषा।#पूर्वराजवियोगौष्म्यं कृत्स्नस्य जगतो हृतम्॥"
"धूमात् अग्नेः शिखा पश्चात् उदयात् अंशवः रवेः सः अतीत्य तेजसां वृत्तिं समम् एव उत्थितः गुणैः (उत्तिष्ठते) (पश्चात्) (उत्तिष्ठन्ते)","अग्नेः धूमात् पश्चात् शिखा (उत्तिष्ठते) रवेः उदयात् (पश्चात्) अंशवः (उत्तिष्ठन्ते) सः तेजसां वृत्तिं अतीत्य गुणैः समम् एव उत्थितः","धूमादग्नेः शिखाः पश्चादुदयादंशवो रवेः।#सोऽतीत्य तेजसां वृत्तिं सममेवोत्थितो गुणैः॥"
"पौर-योषितः प्रीति-विशदैः नेत्रैः तं विभावर्यः शरत्-प्रसन्नैः ज्योतिभिः ध्रुवम्-इव अन्वयुः","तं प्रीति-विशदैः नेत्रैः अन्वयुः पौर-योषितः शरत्-प्रसन्नैः ज्योतिभिः विभावर्यः ध्रुवम्-इव","तं प्रीतिविशदैर्नेत्रैरन्वयुः पौरयोषितः।#शरत्प्रसन्नैर्ज्योतिर्भिर्विभावर्य इव ध्रुवम्॥"
"अयोध्या-देवताः च एनम् प्रशस्त-आयतन-अर्चिताः अनुदध्युः अनुध्येयम् सांनिध्यैः प्रतिमा-गतैः","प्रशस्त-आयतन-अर्चिताः अयोध्या-देवताः च अनुध्येयम् एनम् प्रतिमा-गतैः सांनिध्यैः अनुदध्युः","अयोध्यादेवताश्चैनं प्रशस्तायतनार्चिताः।#अनुदध्युरनुध्येयं सांनिध्यैः प्रतिमागतैः॥"
"अभिषेक-जल-आप्लुता वेदिः यावत् न आश्यायते तावत् एव अस्य​ दुःसहः प्रतापः वेला-अन्तं प्राप","न यावत् आश्यायते वेदिः अभिषेक-जल-आप्लुता तावत् एव अस्य​ वेला-अन्तं प्रतापः प्राप दुःसहः","यावन्नाश्यायते वेदिरभिषेकजलाप्लुता।#तावदेवास्य वेलान्तं प्रतापः प्राप दुःसहः॥"
"गुरोः वसिष्ठस्य मन्त्राः धन्विनः तस्य सायकाः उभये सङ्गताः यत् साध्यं न साधयेयुः तत् किम् (अस्ति)","वसिष्ठस्य गुरोः मन्त्राः सायकाः तस्य धन्विनः किम् (अस्ति) तत् साध्यं यत् उभये साधयेयुः न सङ्गताः","वसिष्ठस्य गुरोर्मन्त्राः सायकास्तस्य धन्विनः।#किं तत्साध्यं यदुभये साधयेयुर्न संगताः॥"
"सः अतन्द्रितः धर्मस्थ-सखः अर्थि-प्रत्यर्थिनां संशय-छेद्यान् व्यवहारान् शश्वत् स्वयं ददर्श","सः धर्मस्थ-सखः शश्वत् अर्थि-प्रत्यर्थिनां स्वयं ददर्श संशय-छेद्यान् व्यवहारान् अतन्द्रितः","स धर्मस्थसखः शश्वदर्थिप्रत्यर्थिनां स्वयम्।#ददर्श संशयच्छेद्यान्व्यवहारानतन्द्रितः॥"
"(सः) ततः परं भृत्यान् अभिव्यक्त-सौमनस्य-निवेदितैः पाक-अभिमुखैः विज्ञापना-फलैः युयोज","(सः) ततः परं अभिव्यक्त-सौमनस्य-निवेदितैः युयोज पाक-अभिमुखैः भृत्यान् विज्ञापना-फलैः","ततः परमभिव्यक्तसौमनस्यनिवेदितैः।#युयोज पाकाभिमुखैर्भृत्यान्विज्ञापनाफलैः॥"
"प्रजाः तत्-गुरुणा नद्यः-इव नभसा विवर्धिताः तस्मिन् तु भूयसीम् वृद्धिम् नभस्ये ताः-इव (प्रजाः) आययुः","प्रजाः तत्-गुरुणा नभसा नद्यः-इव विवर्धिताः तस्मिन् भूयसीम् तु नभस्ये ताः-इव (प्रजाः) वृद्धिम् आययुः","प्रजास्तद्गुरुणा नद्यो नभसेव विवर्धिताः।#तस्मिंस्तु भूयसीं वृद्धिं नभस्ये ता इवाययुः॥"
"यत् उवाच न तत् मिथ्या यत् ददौ न जहार तत् सः अभूत् भग्न-व्रतः शत्रून् उद्हृत्य प्रतिरोपयन् (बभूव) (परन्तु)","सः यत् उवाच तत् मिथ्या (बभूव) न यत् ददौ तत् न (परन्तु) जहार शत्रून् उद्हृत्य प्रतिरोपयन् भग्न-व्रतः अभूत्","यदुवाच न तन्मिथ्या यद्ददौ न जहार तत्।#सोऽभूद्भग्नव्रतः शत्रूनुद्धृत्य प्रतिरोपयन्॥"
"वयः-रूप-विभूतीनाम् एकैकं मद-कारणम् तानि तस्मिन् समस्तानि न तस्य उत्सिषिचे मनः (अस्ति) (सन्ति) (किन्तु)","वयः-रूप-विभूतीनाम् एकैकं मद-कारणम् (अस्ति) तानि तस्मिन् समस्तानि (सन्ति) (किन्तु) तस्य मनः न उत्सिषिचे","वयोरूपविभूतीनामेकैकं मदकारणम्।#तानि तस्मिन्समस्तानि न तस्योत्सिषिचे मनः॥"
"इत्थं जनितरागासु प्रकृतिषु अनु-वासरम् अक्षोभ्यः सः नवः अपि आसीत् दृढमूलः द्रुमः-इव","इत्थं अनु-वासरम् प्रकृतिषु जनितरागासु सः नवः अपि दृढमूलः द्रुमः-इव अक्षोभ्यः आसीत्","इत्थं जनितरागासु प्रकृतिष्वनुवासरम्।#अक्षोभ्यः स नवोऽप्यासीद्दृढमूल इव द्रुमः॥"
"अनित्याः शत्रवः बाह्याः विप्रकृष्टाः च (सन्ति) ते यतः अतः सः अभ्यन्तरान् नित्यान् षट् पूर्वम् अजयत् रिपून्","यतः ते बाह्याः शत्रवः अनित्याः विप्रकृष्टाः च (सन्ति) अतः सः अभ्यन्तरान् नित्यान् षट् रिपून् पूर्वम् अजयत्","अनित्याः शत्रवो बाह्या विप्रकृष्टाश्च ते यतः।#अतः सोऽभ्यन्तरान्नित्यान्षट् पूर्वमजयद्रिपून्॥"
"प्रसाद-अभिमुखे तस्मिन् चपला अपि स्वभावतः निकषे हेम-रेखा-इव श्रीः आसीत् अनपायिनी","स्वभावतः चपला अपि श्रीः प्रसाद-अभिमुखे तस्मिन् निकषे हेम-रेखा-इव अनपायिनी आसीत्","प्रसादाभिमुखे तस्मिंश्चपलापि स्वभावतः।#निकषे हेमरेखेव श्रीरासीदनपायिनी॥"
"कातर्यम् केवला नीतिः शौर्यं श्वापद-चेष्टितम् अतः सिद्धिं समेताभ्यां उभाभ्यां अन्वियेष सः (बभूव) (बभूव)","केवला नीतिः कातर्यम् (बभूव) शौर्यं (बभूव) श्वापद-चेष्टितम् अतः सः समेताभ्यां उभाभ्यां सिद्धिं अन्वियेष","कातर्यं केवला नीतिः शौर्यं श्वापदचेष्टितम्।#अतः सिद्धिं समेताभ्यामुभाभ्यामन्वियेष सः॥"
"न तस्य मण्डले राज्ञः न्यस्त-प्रणिधि-दीधितेः अदृष्टं अभवत् किञ्चित् व्य​भ्रस्य विवस्वतः-इव","न्यस्त-प्रणिधि-दीधितेः अभवत् तस्य राज्ञः मण्डले व्य​भ्रस्य विवस्वतः-इव किञ्चित् अदृष्टं न","न तस्य मण्डले राज्ञो न्यस्तप्रणिधिदीधितेः।#अदृष्टमभवत्किंचिद्व्यभ्रस्येव विवस्वतः॥"
"रात्रिं-दिव-विभागेषु यत् आदिष्टं महीक्षिताम् तत् सिषेवे नियोगेन सः विकल्प-पराङ्मुखः (सन्)","रात्रिं-दिव-विभागेषु महीक्षिताम् यत् आदिष्टं तत् सः विकल्प-पराङ्मुखः (सन्) नियोगेन सिषेवे","रात्रिंदिवविभागेषु यदादिष्टं महीक्षिताम्।#तत्सिषेवे नियोगेन स विकल्पपराङ्मुखः॥"
"तस्य प्रतिदिनं मन्त्रिभिः सह मन्त्रः बभूव सः सेव्यमानः अपि गुप्त-द्वारः जातु न सूच्यते","मन्त्रः प्रतिदिनं तस्य बभूव सह मन्त्रिभिः सः जातु सेव्यमानः अपि गुप्त-द्वारः न सूच्यते","मन्त्रः प्रतिदिनं तस्य बभूव सह मन्त्रिभिः।#स जातु सेव्यमानोऽपि गुप्तद्वारो न सूच्यते॥"
"यथा-कालं स्वपन् अपि सः स्वेषु परेषु च क्षिप्तैः अविज्ञात-परस्परैः अपसर्पैः जजागार","परेषु स्वेषु च क्षिप्तैः अविज्ञात-परस्परैः सः अपसर्पैः जजागार यथा-कालं स्वपन् अपि","परेषु स्वेषु च क्षिप्तैरविज्ञातपरस्परैः।#सोऽपसर्पैर्जजागार यथाकालं स्वपन्नपि॥"
"द्विषां रोद्धुः अपि तस्य दुर्गाणि दुर्ग्रहाणि आसन् हि गज-आस्कन्दी सिंहः भयात् गिरि-गुह-आशयः न (भवति)","दुर्गाणि दुर्ग्रहाणि आसन् तस्य रोद्धुः अपि द्विषां न हि सिंहः गज-आस्कन्दी भयात् गिरि-गुह-आशयः (भवति)","दुर्गाणि दुर्ग्रहाण्यासंस्तस्य रोद्धुरपि द्विषाम्।#न हि सिंहो गजास्कन्दी भयाद्गिरिगुहाशयः॥"
"तस्य भव्य-मुख्याः समारम्भाः प्रत्यवेक्ष्याः निरत्ययाः गर्भशालि-सधर्माणः गूढं विपेचिरे","भव्य-मुख्याः समारम्भाः प्रत्यवेक्ष्याः निरत्ययाः गर्भशालि-सधर्माणः तस्य गूढं विपेचिरे","भव्यमुख्याः समारम्भाः प्रत्यवेक्ष्यानिरत्ययाः।#गर्भशालिसधर्माणस्तस्य गूढं विपेचिरे॥"
"(यथा) नदी-मुखेन एव वृद्धौ लवण-अम्भसः प्रस्थानम् (करोति) (तथा) उपचितः अपि सः न जातु अपथेन प्रववृते","अपथेन प्रववृते न जातु उपचितः अपि सः वृद्धौ (यथा) नदी-मुखेन एव प्रस्थानम् (करोति) (तथा) लवण-अम्भसः","अपथेन प्रववृते न जातूपचितोऽपि सः।#वृद्धौ नदीमुखेनैव प्रस्थानं लवणाम्भसः॥"
"प्रकृति-वैराग्यं सद्यः कामं शमयितुं सः क्षमः (अस्ति) यस्य प्रतीकारः कार्यः तत् न एव​ उदपादयत्","कामं प्रकृति-वैराग्यं सद्यः शमयितुं क्षमः (अस्ति) यस्य कार्यः प्रतीकारः सः तत् न एव​ उदपादयत्","कामं प्रकृतिवैराग्यं सद्यः शमयितुं क्षमः।#यस्य कार्यः प्रतीकारः स तन्नैवोदपादयत्॥"
"(यथा) दव-अनलः समीरण-सहायः अपि अम्भस्-प्रार्थी न (अस्ति) (तथा) शक्तिमतः सतः तस्य यात्रा शक्येषु एव अभवत्","शक्येषु एव अभवत् यात्रा तस्य शक्तिमतः सतः समीरण-सहायः अपि न (अस्ति) अम्भस्-प्रार्थी दव-अनलः (यथा) (तथा)","शक्येष्वेवाभवद्यात्रा तस्य शक्तिमतः सतः।#समीरणसहायोऽपि नाम्भःप्रार्थी दवानलः॥"
"सः अर्थ-कामाभ्यां धर्मं न बबाधे तेन च तौ न (बबाधे) अर्थम् कामेन न (बबाधे) कामं वा अर्थेन (न) (बबाधे) त्रिषु सदृशः (आसीत्)","न धर्मं अर्थ-कामाभ्यां बबाधे न च तेन तौ (बबाधे) न अर्थम् कामेन (बबाधे) कामं वा सः अर्थेन (न) (बबाधे) सदृशः त्रिषु (आसीत्)","न धर्ममर्थकामाभ्यां बबाधे न च तेन तौ।#नार्थं कामेन कामं वा सोऽर्थेन सदृशस्त्रिषु॥"
"हीनानि (मित्राणि) अन्-उपकर्तॄणि (सन्ति) प्रवृद्धानि (मित्राणि) विकुर्वते तेन मध्यम-शक्तीनि मित्राणि स्थापितानि अतः","हीनानि (मित्राणि) अन्-उपकर्तॄणि (सन्ति) प्रवृद्धानि (मित्राणि) विकुर्वते अतः तेन मध्यम-शक्तीनि मित्राणि स्थापितानि","हीनान्यनुपकर्तॄणि प्रवृद्धानि विकुर्वते।#तेन मध्यमशक्तीनि मित्राणि स्थापितान्यतः॥"
"परात्मनोः परिछिद्य शक्ति-आदीनां बलाबलम् ययौ एभिः बलिष्ठः चेत् परस्मात् आस्त सः अन्यथा (सः) (अस्ति)","(सः) परात्मनोः शक्ति-आदीनां बलाबलम् परिछिद्य एभिः परस्मात् बलिष्ठः (अस्ति) चेत् सः ययौ अन्यथा आस्त","परात्मनोः परिच्छिद्य शक्त्यादीनां बलाबलम्।#ययावेभिर्बलिष्ठश्चेत्परस्मादास्त सोऽन्यथा॥"
"कोशेन आश्रयणीयत्वम् (भवति) इति तस्य अर्थ-सङ्ग्रहः (भवति) अम्बु-गर्भः हि जीमूतः चातकैः अभिनन्द्यते","कोशेन आश्रयणीयत्वम् (भवति) इति तस्य अर्थ-सङ्ग्रहः (भवति) हि अम्बु-गर्भः जीमूतः चातकैः अभिनन्द्यते","कोशेनाश्रयणीयत्वमिति तस्यार्थसंग्रहः।#अम्बुगर्भो हि जीमूतश्चातकैरभिनन्द्यते॥"
"सः पर-कर्म-अपहः (सन्) स्वेषु कर्मसु उद्यतः अभूत् रिपून् रन्ध्रेषु प्रहरन् आत्मनः रन्ध्रं आवृणोत्","पर-कर्म-अपहः (सन्) सः अभूत् उद्यतः स्वेषु कर्मसु आवृणोत् आत्मनः रन्ध्रं रन्ध्रेषु प्रहरन् रिपून्","परकर्मापहः सोऽभूदुद्यतः स्वेषु कर्मसु।#आवृणोदात्मनो रन्ध्रं रन्ध्रेषु प्रहरन्रिपून्॥"
"दण्डवतः तस्य पित्रा नित्यं संवर्धितः कृतास्त्रः सांपरायिकः दण्डः स्व-देहात् न व्यशिष्यत","पित्रा संवर्धितः नित्यं कृतास्त्रः सांपरायिकः तस्य दण्डवतः दण्डः स्व-देहात् न व्यशिष्यत","पित्रा संवर्धितो नित्यं कृतास्त्रः सांपरायिकः।#तस्य दण्डवतो दण्डः स्वदेहान्न व्यशिष्यत॥"
"सर्पस्य शिरस्-रत्नम्-इव अस्य शक्ति-त्रयं परः न (चकर्ष) सः परस्मात् (तत्) अयस्कान्तः-इव आयसं चकर्ष","सर्पस्य शिरस्-रत्नम्-इव न अस्य शक्ति-त्रयं परः (चकर्ष) सः चकर्ष परस्मात् (तत्) अयस्कान्तः-इव आयसं","सर्पस्येव शिरोरत्नं नास्य शक्तित्रयं परः।#स चकर्ष परस्मात्तदयस्कान्त इवायसम्॥"
"स्रवन्तीषु वापीषु इव वनेषु उपवनेषु इव अद्रिषु स्वकीयेषु वेश्मसु इव सार्थाः स्वैरम् चेरुः","वापीषु इव स्रवन्तीषु वनेषु उपवनेषु इव सार्थाः स्वैरम् स्वकीयेषु चेरुः वेश्मसु इव अद्रिषु","वापीष्विव स्रवन्तीषु वनेषूपवनेष्विव।#सार्थाः स्वैरं स्वकीयेषु चेरुर्वेश्मस्विवाद्रिषु॥"
"तपः रक्षन् सः विघ्नेभ्यः तस्करेभ्यः च सम्पदः (रक्षन्) यथास्वम् आश्रमैः चक्रे वर्णैः अपि षडंशभाक्","विघ्नेभ्यः तपः रक्षन् तस्करेभ्यः सम्पदः च (रक्षन्) सः आश्रमैः वर्णैः अपि यथास्वम् षडंशभाक् चक्रे","तपो रक्षन्स विघ्नेभ्यस्तस्करेभ्यश्च संपदः।#यथास्वमाश्रमैश्चक्रे वर्णैरपि षडंशभाक्॥"
"खनिभिः सुषुवे रत्नं क्षेत्रैः सस्यं (सुषुवे) वनैः गजान् (सुषुवे) दिदेश वेतनं तस्मै रक्षा-सदृशम् एव भूः","खनिभिः रत्नं सुषुवे क्षेत्रैः सस्यं (सुषुवे) वनैः गजान् (सुषुवे) भूः तस्मै रक्षा-सदृशम् एव वेतनं दिदेश","खनिभिः सुषुवे रत्नं क्षेत्रैः सस्यं वनैर्गजान्।#दिदेश वेतनं तस्मै रक्षासदृशमेव भूः॥"
"सः गुणानाम् बलानाम् च षण्णां षण्मुख-विक्रमः बभूव विनियोग-ज्ञः साधनीयेषु वस्तुषु (षण्णां)","षण्मुख-विक्रमः सः षण्णां गुणानाम् (षण्णां) बलानाम् च साधनीयेषु वस्तुषु विनियोग-ज्ञः बभूव","स गुणानां बलानां च षण्णां षण्मुखविक्रमः।#बभूव विनियोगज्ञः साधनीयेषु वस्तुषु॥"
"इति क्रमात् प्रयुञ्जानः राज-नीतिम् चतुः-विधाम् आतीर्थात् अ-प्रतीघातम् सः तस्याः फलम् आनशे","इति चतुः-विधाम् राज-नीतिम् क्रमात् प्रयुञ्जानः सः आतीर्थात् तस्याः फलम् अ-प्रतीघातम् आनशे","इति क्रमात्प्रयुञ्जानो राजनीतिं चतुर्विधाम्।#आतीर्थादप्रतीघातं स तस्याः फलमानशे॥"
"कूट-युद्ध-विधिज्ञे अपि तस्मिन् सन्मार्ग-योधिनि भेजे अभिसारिका-वृत्तिम् जय-श्रीः वीर-गामिनी","कूट-युद्ध-विधिज्ञे अपि सन्मार्ग-योधिनि तस्मिन् वीर-गामिनी जय-श्रीः अभिसारिका-वृत्तिम् भेजे","कूटयुद्धविधिज्ञेऽपि तस्मिन्सन्मार्गयोधिनि।#भेजेऽभिसारिकावृत्तिं जयश्रीर्वीरगामिनी॥"
"प्रायः प्रताप-भग्नत्वात् अरीणाम् तस्य दुर्लभः रणः गन्ध-द्विपस्य-इव गन्ध-भिन्न-अन्य-दन्तिनः (अभवत्)","अरीणाम् प्रताप-भग्नत्वात् तस्य गन्ध-भिन्न-अन्य-दन्तिनः गन्ध-द्विपस्य-इव प्रायः रणः दुर्लभः (अभवत्)","प्रायः प्रतापभग्नत्वादरीणां तस्य दुर्लभः।#रणो गन्धद्विपस्येव गन्धभिन्नान्यदन्तिनः॥"
"प्रवृद्धौ (सत्याम्) चन्द्रः ह्रीयते समुद्रः अपि तथा-विधः (ह्रीयते) सः तु तत्-सम-वृद्धिः च (अभूत्) (सः) तौ-इव क्षयी न च अभूत्","प्रवृद्धौ (सत्याम्) ह्रीयते चन्द्रः समुद्रः अपि तथा-विधः (ह्रीयते) सः तु तत्-सम-वृद्धिः च (अभूत्) न च अभूत् (सः) तौ-इव क्षयी","प्रवृद्धौ ह्रीयते चन्द्रः समुद्रोऽपि तथाविधः।#स तु तत्समवृद्धिश्च न चाभूत्ताविव क्षयी॥"
"सन्तः तस्य अभिगमनात् अत्यर्थम् महतः कृशाः उदधेः जीमूताः-इव प्रापुः दातृत्वम् अर्थिनः","अत्यर्थम् कृशाः अर्थिनः सन्तः महतः तस्य अभिगमनात् उदधेः जीमूताः-इव दातृत्वम् प्रापुः","सन्तस्तस्याभिगमनादत्यर्थं महतः कृशाः।#उदधेरिव जीमूताः प्रापुर्दातृत्वमर्थिनः॥"
"सः स्तुत्यम् एव समाचरन् स्तूयमानः जिह्राय तथापि तत्कारि-द्वेषिणः तस्य यशः ववृधे","स्तूयमानः सः जिह्राय स्तुत्यम् एव समाचरन् तथापि ववृधे तस्य तत्कारि-द्वेषिणः यशः","स्तूयमानः स जिह्राय स्तुत्यमेव समाचरन्।#तथापि ववृधे तस्य तत्कारिद्वेषिणो यशः॥"
"दुरितम् दर्शनेन घ्नन् तत्त्व-अर्थेन नुदन् च तमः (सः) प्रजाः स्वतन्त्रयांचक्रे शश्वत् सूर्यः-इव उदितः","(सः) उदितः सूर्यः-इव दर्शनेन दुरितम् घ्नन् तत्त्व-अर्थेन तमः नुदन् च शश्वत् प्रजाः स्वतन्त्रयांचक्रे","दुरितं दर्शनेन घ्नंस्तत्त्वार्थेन नुदंस्तमः।#प्रजाः स्वतन्त्रयांचक्रे शश्वत्सूर्य इवोदितः॥"
"इन्दोः अ-गतयः पद्मे सूर्यस्य कुमुदे अंशवः गुणाः तस्य विपक्षे अपि गुणिनः लेभिरे अन्तरम् (भवन्ति)","इन्दोः पद्मे सूर्यस्य कुमुदे अंशवः अ-गतयः (भवन्ति) गुणिनः तस्य गुणाः विपक्षे अपि अन्तरम् लेभिरे","इन्दोरगतयः पद्मे सूर्यस्य कुमुदेंऽशवः।#गुणास्तस्य विपक्षेऽपि गुणिनो लेभिरेऽन्तरम्॥"
"अश्वमेधाय जिगीषोः अस्य विचेष्टितं यद्यपि पर-अभिसन्धान-परं (अस्ति) (तथापि) तत् धर्म्यम् एव बभूव","पर-अभिसन्धान-परं यद्यपि अस्य विचेष्टितं जिगीषोः अश्वमेधाय (अस्ति) (तथापि) धर्म्यम् एव बभूव तत्","पराभिसंधानपरं यद्यप्यस्य विचेष्टितम्।#जिगीषोरश्वमेधाय धर्म्यमेव बभूव तत्॥"
"एवं शास्त्र-निर्दिष्ट-वर्त्मना प्रभावेण उद्यन् सः वृषा-इव देवानां देवः राज्ञां राजा बभूव","एवं उद्यन् प्रभावेण शास्त्र-निर्दिष्ट-वर्त्मना वृषा-इव देवः देवानां राज्ञां राजा बभूव सः","एवमुद्यन्प्रभावेण शास्त्रनिर्दिष्टवर्त्मना।#वृषेव देवो देवानां राज्ञां राजा बभूव सः॥"
"तं साधर्म्य​-योगतः लोक-पालानां पञ्चमम् महतां भूतानां षष्ठम् कुल-भूभृताम् अष्टमम् (च​) ऊचुः","पञ्चमम् लोक-पालानां ऊचुः साधर्म्य​-योगतः भूतानां महतां षष्ठम् अष्टमम् कुल-भूभृताम् तं (च​)","पञ्चमं लोकपालानां तमूचुः साधर्म्य​योगतः।#भूतानां महतां षष्ठमष्टमं कुलभूभृताम्॥"
"भू-पालाः शासन-अर्पिताम् तस्य आज्ञां देवाः पौरन्दरीम्-इव दूर-अपवर्जित-छत्रैः शिरोभिः दधुः","दूर-अपवर्जित-छत्रैः तस्य आज्ञां शासन-अर्पिताम् दधुः शिरोभिः भू-पालाः देवाः पौरन्दरीम्-इव","दूरापवर्जितच्छत्रैस्तस्याज्ञां शासनार्पिताम्।#दधुः शिरोभिर्भूपाला देवाः पौरन्दरीमिव॥"
"सः महा-क्रतौ ऋत्विजः दक्षिणाभिः तथा आनर्च यथा अस्य धनदस्य च नाम साधारणीभूतं (अभवत्)","ऋत्विजः सः तथा आनर्च दक्षिणाभिः महा-क्रतौ यथा साधारणीभूतं (अभवत्) नाम अस्य धनदस्य च","ऋत्विजः स तथानर्च दक्षिणाभिर्महाक्रतौ।#यथा साधारणीभूतं नामास्य धनदस्य च॥"
"इन्द्रात् वृष्टिः (अभूत्) यमः नियमित-गद-उद्रेक-वृत्तिः अभूत् यादो-नाथः नौ-चराणाम् कर्मणे शिव-जल-पथः (अभूत्) तदनु पूर्व-अपेक्षी कुबेरः कोष-वृद्धिं विदधे लोक-पालाः तस्मिन् दण्ड-उपनत-चरितं भेजिरे","इन्द्रात् वृष्टिः (अभूत्) नियमित-गद-उद्रेक-वृत्तिः यमः अभूत् यादो-नाथः शिव-जल-पथः (अभूत्) कर्मणे नौ-चराणाम् पूर्व-अपेक्षी तदनु विदधे कोष-वृद्धिं कुबेरः तस्मिन् दण्ड-उपनत-चरितं भेजिरे लोक-पालाः","इन्द्राद्वृष्टिर्नियमितगदोद्रेकवृत्तिर्यमोऽभूद्यादोनाथः शिवजलपथः कर्मणे नौचराणाम्।#पूर्वापेक्षी तदनु विदधे कोषवृद्धिं कुबेरस्तस्मिन्दण्डोपनतचरितं भेजिरे लोकपालाः॥"
"सः नैषधस्य अर्थ-पतेः सुतायाम् उत्पादयामास निषिद्ध-शत्रुः अनून-सारम् निषधात् नगेन्द्रात् पुत्रम् यम् आहुः निषध-आख्यम् एव","निषिद्ध-शत्रुः सः नैषधस्य अर्थ-पतेः सुतायाम् निषधात् नगेन्द्रात् अनून-सारम् पुत्रम् उत्पादयामास यम् निषध-आख्यम् एव आहुः","स नैषधस्यार्थपतेः सुतायामुत्पादयामास निषिद्धशत्रुः।#अनूनसारं निषधान्नगेन्द्रात्पुत्रं यमाहुर्निषधाख्यमेव॥1॥"
"तेन ऊरु-वीर्येण पिता प्रजायै कल्पिष्यमाणेन ननन्द यूना सु-वृष्टि-योगात् जीव-लोकः-इव सस्येन सम्पत्ति-फल-उन्मुखेन","ऊरु-वीर्येण प्रजायै कल्पिष्यमाणेन तेन यूना पिता सु-वृष्टि-योगात् सम्पत्ति-फल-उन्मुखेन सस्येन जीव-लोकः-इव ननन्द","तेनोरुवीर्येण पिता प्रजायै कल्पिष्यमाणेन ननन्द यूना।#सुवृष्टियोगादिव जीवलोकः सस्येन संपत्तिफलोन्मुखेन॥2॥"
"शब्द-आदि निर्विश्य सुखं चिराय तस्मिन् प्रतिष्ठापित-राज-शब्दः (सन्) कौमुद्वतेयः कुमुद-अवदातैः द्याम् अर्जिताम् कर्मभिः आरुरोह","कौमुद्वतेयः शब्द-आदि सुखं निर्विश्य चिराय तस्मिन् प्रतिष्ठापित-राज-शब्दः (सन्) कुमुद-अवदातैः कर्मभिः अर्जिताम् द्याम् आरुरोह","शब्दादि निर्विश्य सुखं चिराय तस्मिन्प्रतिष्ठापितराजशब्दः।#कौमुद्वतेयः कुमुदावदातैर्द्यामर्जितां कर्मभिरारुरोह॥3॥"
"कुशेशय-अक्षः सागर-धीर-चेताः एक-वीरः पुर-अर्गला-दीर्घ-भुजः कुशस्य पौत्रः अपि स-सागराम् एक-आतपत्राम् भुवम् बुभोज","पौत्रः कुशस्य अपि कुशेशय-अक्षः स-सागराम् सागर-धीर-चेताः एक-आतपत्राम् भुवम् एक-वीरः पुर-अर्गला-दीर्घ-भुजः बुभोज","पौत्रः कुशस्यापि कुशेशयाक्षः ससागरां सागरधीरचेताः।#एकातपत्रां भुवमेकवीरः पुरार्गलादीर्घभुजो बुभोज॥4॥"
"तस्य अनल-ओजाः तनयः तत्-अन्ते वंश-श्रियम् प्राप नल​-अभिधानः यः(नलः) नड्वलानि गजः-इव परेषां बलानि अमृद्नात् नलिन-आभ-वक्त्रः","अनल-ओजाः नल​-अभिधानः तस्य तनयः तत्-अन्ते वंश-श्रियम् प्राप नलिन-आभ-वक्त्रः यः(नलः) गजः-इव नड्वलानि परेषां बलानि अमृद्नात्","तस्यानलौजास्तनयस्तदन्ते वंशश्रियं प्राप नलाभिधानः।#यो नड्वलानीव गजः परेषां बलान्यमृद्नान्नलिनाभवक्त्रः॥5॥"
"नभस्-चरैः गीत-यशाः सः नभस्-तल-श्याम-तनुं नभस्-शब्दमयेन नाम्ना ख्यातं नभस्-मासम्-इव प्रजानाम् कान्तं तनूजं लेभे","नभस्-चरैः गीत-यशाः सः नभस्-तल-श्याम-तनुं तनूजं ख्यातं नभस्-शब्दमयेन नाम्ना कान्तं नभस्-मासम्-इव प्रजानाम् लेभे","नभश्चरैर्गीतयशाः स लेभे नभस्तलश्यामतनुं तनूजम्।#ख्यातं नभःशब्दमयेन नाम्ना कान्तं नभोमासमिव प्रजानाम्॥6॥"
"धर्मोत्तरः प्रभवे तस्मै तत् उत्तर-कोसलानां प्रभुत्वं विसृज्य जरसा उपदिष्टं मृगैः अजर्यम् पुनः अदेह-बन्धाय बबन्ध","तस्मै विसृज्य उत्तर-कोसलानां धर्मोत्तरः तत् प्रभवे प्रभुत्वं मृगैः अजर्यम् जरसा उपदिष्टं अदेह-बन्धाय पुनः बबन्ध","तस्मै विसृज्योत्तरकोसलानां धर्मोत्तरस्तत्प्रभवे प्रभुत्वम्।#मृगैरजर्यं जरसोपदिष्टमदेहबन्धाय पुनर्बबन्ध॥7॥"
"तेन द्विपानां पुण्डरीकः-इव राज्ञाम् अ-जय्यः अजनि पुण्डरीकः शान्ते पितरि आहृत-पुण्डरीका यं पुण्डरीकाक्षम्-इव श्रिता श्रीः","तेन द्विपानां पुण्डरीकः-इव राज्ञाम् अ-जय्यः पुण्डरीकः अजनि पितरि शान्ते आहृत-पुण्डरीका श्रीः यं पुण्डरीकाक्षम्-इव श्रिता","तेन द्विपानामिव पुण्डरीको राज्ञामजय्योऽजनि पुण्डरीकः।#शान्ते पितर्याहृतपुण्डरीका यं पुण्डरीकाक्षमिव श्रिता श्रीः॥8॥"
"अमोघ-धन्वा सः प्रजा-क्षेम-विधान-दक्षं क्षमया उपपन्नं क्षेम-धन्वानम् पुत्रं क्ष्मां लम्भयित्वा क्षान्ततरः (सन्) वने तपः चचार","सः क्षेम-धन्वानम् अमोघ-धन्वा पुत्रं प्रजा-क्षेम-विधान-दक्षं क्ष्मां लम्भयित्वा क्षमया उपपन्नं वने तपः क्षान्ततरः (सन्) चचार","स क्षेमधन्वानममोघधन्वा पुत्रं प्रजाक्षेमविधानदक्षम्।#क्ष्मां लम्भयित्वा क्षमयोपपन्नं वने तपः क्षान्ततरश्चचार॥9॥"
"तस्य अपि समरे अनीकिनीनाम् अग्र-यायी देव-प्रतिमः सुतः अभूत् अनीक-पद-अवसानं देव-आदि यस्य नाम त्रि-दिवे अपि व्यश्रूयत","अनीकिनीनाम् समरे अग्र-यायी तस्य अपि देव-प्रतिमः सुतः अभूत् व्यश्रूयत अनीक-पद-अवसानं देव-आदि नाम त्रि-दिवे अपि यस्य","अनीकिनीनां समरेऽग्रयायी तस्यापि देवप्रतिमः सुतोऽभूत्।#व्यश्रूयतानीकपदावसानं देवादि नाम त्रिदिवेऽपि यस्य॥10॥"
"पिता समाराधन-तत्परेण पुत्रेण पुत्री(पुत्रवान्) (बभूव) सः यथा एव तेन पुत्रः तथा एव आत्मज-वत्सलेन सः तेन पित्रा पितृमान् बभूव","सः पिता समाराधन-तत्परेण तेन पुत्रेण यथा एव पुत्री(पुत्रवान्) (बभूव) तथा एव सः पुत्रः आत्मज-वत्सलेन तेन पित्रा पितृमान् बभूव","पिता समाराधनतत्परेण पुत्रेण पुत्री स यथैव तेन।#पुत्रस्तथैवात्मजवत्सलेन स तेन पित्रा पितृमान्बभूव॥11॥"
"पूर्वः(क्षेमधन्वा) तयोः आत्म-समे चिर-ऊढाम् आत्म-उद्भवे वर्ण-चतुष्टयस्य धुरं निधाय एक-निधिः गुणानाम् जगाम यज्वा यजमान-लोकम्","गुणानाम् एक-निधिः यज्वा तयोः पूर्वः(क्षेमधन्वा) आत्म-समे आत्म-उद्भवे चिर-ऊढाम् वर्ण-चतुष्टयस्य धुरं निधाय यजमान-लोकम् जगाम","पूर्वस्तयोरात्मसमे चिरोढामात्मोद्भवे वर्णचतुष्टयस्य।#धुरं निधायैकनिधिर्गुणानां जगाम यज्वा यजमानलोकम्॥12॥"
"वशी सुतः तस्य वंशवदत्वात् स्वेषाम्-इव आसीत् द्विषताम् अपि इष्टः सकृत् विविग्नान् अपि हि प्रयुक्तं माधुर्यं ईष्टे हरिणान् ग्रहीतुम्","तस्य वशी सुतः वंशवदत्वात् स्वेषाम्-इव द्विषताम् अपि इष्टः आसीत् हि सकृत् प्रयुक्तं माधुर्यं विविग्नान् हरिणान् अपि ग्रहीतुम् ईष्टे","वशी सुतस्तस्य वशंवदत्वात्स्वेषामिवासीद् द्विषतामपीष्टः।#सकृद्विविग्नानपि हि प्रयुक्तं माधुर्यमीष्टे हरिणान्ग्रहीतुम्॥13॥"
"अहीन-बाहुद्रविणः हीन-संसर्ग-पराङ्मुखत्वात् युवा अपि अनर्थैः व्यसनैः विहीनः यः अहीनगुः नाम सः समग्रां गां शशास","अहीनगुः नाम सः गां समग्रां अहीन-बाहुद्रविणः शशास यः हीन-संसर्ग-पराङ्मुखत्वात् युवा अपि अनर्थैः व्यसनैः विहीनः","अहीनगुर्नाम स गां समग्रामहीनबाहुद्रविणः शशास।#यो हीनसंसर्गपराङ्मुखत्वाद्युवाप्यनर्थैर्व्यसनैर्विहीनः॥14॥"
"पुंसाम् अन्तरज्ञः चतुरः सः गुरोः अनन्तरम् अवतीर्णः आद्यः पुमान्-इव अस्खलितैः चतुर्भिः उपक्रमैः चतुर्-दिक्-ईशः बभूव","गुरोः सः अनन्तरम् अन्तरज्ञः पुंसाम् पुमान्-इव आद्यः अवतीर्णः उपक्रमैः अस्खलितैः चतुर्भिः चतुर्-दिक्-ईशः चतुरः बभूव","गुरोः स चानन्तरमन्तरज्ञः पुंसां पुमानाद्य इवावतीर्णः।#उपक्रमैरस्खलितैश्चतुर्भिश्चतुर्दिगीशश्चतुरो बभूव॥15॥"
"अरीणां जेतरि तस्मिन् परलोक-यात्रां प्रयाते उच्चैःशिरस्त्वात् जित-पारियात्रं पारियात्रं तदीयं तनयं लक्ष्मीः सिषेवे किल","तस्मिन् प्रयाते परलोक-यात्रां जेतरि अरीणां तनयं तदीयं उच्चैःशिरस्त्वात् जित-पारियात्रं लक्ष्मीः सिषेवे किल पारियात्रं","तस्मिन्प्रयाते परलोकयात्रां जेतर्यरीणां तनयं तदीयम्।#उच्चैःशिरस्त्वाज्जितपारियात्रं लक्ष्मीः सिषेवे किल पारियात्रम्॥16॥"
"तस्य उदार-शीलः शिला-पट्ट-विशाल-वक्षाः शिलः सूनुः अभवत् यः शिलीमुखैः जित-अरि-पक्षः अपि ईड्यमानः (सन्) शालीनताम् अव्रजत्","तस्य अभवत् सूनुः उदार-शीलः शिलः शिला-पट्ट-विशाल-वक्षाः जित-अरि-पक्षः अपि शिलीमुखैः यः शालीनताम् अव्रजत् ईड्यमानः (सन्)","तस्याभवत्सूनुरुदारशीलः शिलः शिलापट्टविशालवक्षाः।#जितारिपक्षोऽपि शिलीमुखैर्यः शालीनतामव्रजदीड्यमानः॥17॥"
"अनिन्दित-आत्मा सः आत्म-सम्पन्नम् युवानम् तम् युवराजम् कृत्वा एव सुखानि अभुङ्क्त हि राज्ञां वृत्तं सुख-उपरोधि उपरुद्ध-वृत्तं (भवति)","तम् आत्म-सम्पन्नम् अनिन्दित-आत्मा कृत्वा युवानम् युवराजम् एव सुखानि सः अभुङ्क्त सुख-उपरोधि वृत्तं हि राज्ञां उपरुद्ध-वृत्तं (भवति)","तमात्मसंपन्नमनिन्दितात्मा कृत्वा युवानं युवराजमेव।#सुखानि सोऽभुङ्क्त सुखोपरोधि वृत्तं हि राज्ञामुपरुद्धवृत्तम्॥18॥"
"तम् रागबन्धिषु अ-वितृप्तम् एव भोगेषु सौभाग्य-विशेष-भोग्यम् विलासिनीनाम् अ-रति-क्षमा अपि जरा वृथा मत्सरिणी जहार","रागबन्धिषु भोगेषु अ-वितृप्तम् एव विलासिनीनाम् सौभाग्य-विशेष-भोग्यम् तम् अ-रति-क्षमा अपि वृथा मत्सरिणी जरा जहार","तं रागबन्धिष्ववितृप्तमेव भोगेषु सौभाग्यविशेषभोग्यम्।#विलासिनीनामरतिक्षमाऽपि जरा वृथा मत्सरिणी जहार॥19॥"
"तस्य उन्नाभः इति उद्गत-नाम-धेयः अयथार्थ-उन्नत-नाभि-रन्ध्रः पङ्कज-नाभ-कल्पः कृत्स्नस्य नृप-मण्डलस्य नाभिः सुतः अभवत्","उन्नाभः इति उद्गत-नाम-धेयः तस्य अयथार्थ-उन्नत-नाभि-रन्ध्रः सुतः अभवत् पङ्कज-नाभ-कल्पः कृत्स्नस्य नाभिः नृप-मण्डलस्य","उन्नाभ इत्युद्गतनामधेयस्तस्यायथार्थोन्नतनाभिरन्ध्रः।#सुतोऽभवत्पङ्कजनाभकल्पः कृत्स्नस्य नाभिर्नृपमण्डलस्य॥20॥"
"ततः परं वज्र-धर-प्रभावः संयति वज्र-घोषः तत्-आत्मजः वज्रणाभः वज्राकर-भूषणायाः पृथिव्याः पतिः बभूव किल","ततः परं वज्र-धर-प्रभावः तत्-आत्मजः संयति वज्र-घोषः बभूव वज्राकर-भूषणायाः पतिः पृथिव्याः किल वज्रणाभः","ततः परं वज्रधरप्रभावस्तदात्मजः संयति वज्रघोषः।#बभूव वज्राकरभूषणायाः पतिः पृथिव्याः किल वज्रणाभः॥21॥"
"तस्मिन् गते द्यां सुकृत-उपलब्धां तत्-सम्भवं शङ्खणम् अर्णव-अन्ता उत्खात-शत्रुं वसुधा उपतस्थे रत्न-उपहारैः उदितैः खनिभ्यः","तस्मिन् सुकृत-उपलब्धां द्यां गते उत्खात-शत्रुं शङ्खणम् तत्-सम्भवं अर्णव-अन्ता वसुधा खनिभ्यः उदितैः रत्न-उपहारैः उपतस्थे","तस्मिन्गते द्यां सुकृतोपलब्धां तत्संभवं शङ्खणमर्णवान्ता।#उत्खातशत्रुं वसुधोपतस्थे रत्नोपहारैरुदितैः खनिभ्यः॥22॥"
"तस्य अवसाने हरिदश्व-धामा अश्वि-रूपः पित्र्यं पदं प्रपेदे यं वेला-तटेषु ऊषित-सैनिक-अश्वं पुराविदः व्युषित-अश्वम् आहुः","तस्य अवसाने हरिदश्व-धामा पित्र्यं प्रपेदे पदं अश्वि-रूपः वेला-तटेषु ऊषित-सैनिक-अश्वं पुराविदः यं व्युषित-अश्वम् आहुः","तस्यावसाने हरिदश्वधामा पित्र्यं प्रपेदे पदमश्विरूपः।#वेलातटेषूषितसैनिकाश्वं पुराविदो यं व्युषिताश्वमाहुः॥23॥"
"तेन क्षितेः ईश्वरेण विश्वेश्वरं आराध्य विश्व-सखः विश्वसहः समग्रां विश्वं-भरां पातुं सहः आत्मज-मूर्तिः आत्मा विजज्ञे","आराध्य विश्वेश्वरं ईश्वरेण तेन क्षितेः विश्वसहः विजज्ञे पातुं सहः विश्व-सखः समग्रां विश्वं-भरां आत्मज-मूर्तिः आत्मा","आराध्य विश्वेश्वरमीश्वरेण तेन क्षितेविश्वसहो विजज्ञे।#पातुं सहो विश्वसखः समग्रां विश्वंभरामात्मजमूर्तिरात्मा॥24॥"
"नयज्ञः सः हिरण्याक्ष-रिपोः अंशे हिरण्यनाभे तनये जाते तरूणां स-अनिलः हिरण्यरेताः-इव द्विषां सुतरां अ-सह्यः अभूत्","अंशे हिरण्याक्ष-रिपोः सः जाते हिरण्यनाभे तनये नयज्ञः द्विषां अ-सह्यः सुतरां तरूणां हिरण्यरेताः-इव स-अनिलः अभूत्","अंशे हिरण्याक्षरिपोः स जाते हिरण्यनाभे तनये नयज्ञः।#द्विषामसह्यः सुतरां तरूणां हिरण्यरेता इव सानिलोऽभूत्॥25॥"
"आजानु-विलम्बि-बाहुं तं राजानं कृत्वा अनन्तानि सुखानि लिप्सुः पिता पितॄणां अन्-ऋणः कृती अन्ते वयसि वल्कलवान् बभूव","पिता पितॄणां अन्-ऋणः तं अन्ते वयसि अनन्तानि सुखानि लिप्सुः राजानं आजानु-विलम्बि-बाहुं कृत्वा कृती वल्कलवान् बभूव","पिता पितॄणामनृणस्तमन्ते वयस्यनन्तानि सुखानि लिप्सुः।#राजानमाजानुविलम्बिबाहुं कृत्वा कृती वल्कलवान्बभूव॥26॥"
"कौसल्यः इति उत्तर-कोसलानाम् पत्युः पतङ्ग-अन्वय-भूषणस्य तस्य औरसः सोमसुतः सुतः अभूत् नेत्र-उत्सवः सोमः-इव द्वितीयः","उत्तर-कोसलानाम् पत्युः पतङ्ग-अन्वय-भूषणस्य सोमसुतः तस्य द्वितीयः सोमः-इव नेत्र-उत्सवः कौसल्यः इति औरसः सुतः अभूत्","कौसल्य इत्त्युत्तरकोसलानां पत्युः पतङ्गान्वयभूषणस्य।#तस्यौरसः सोमसुतः सुतोऽभून्नेत्रोत्सवः सोम इव द्वितीयः॥27॥"
"यशोभिः आ-ब्रह्म-सभं प्रकाशः सः ब्रह्मभूयं गतिम् आजगाम ब्रह्मिष्ठम्(पुत्रम्) आधाय निजे अधिकारे ब्रह्मिष्ठम् एव स्व-तनु-प्रसूतम्","आ-ब्रह्म-सभं यशोभिः प्रकाशः सः ब्रह्मिष्ठम् ब्रह्मिष्ठम्(पुत्रम्) स्व-तनु-प्रसूतम् एव निजे अधिकारे आधाय ब्रह्मभूयं गतिम् आजगाम","यशोभिराब्रह्मसभं प्रकाशः स ब्रह्मभूयं गतिमाजगाम।#ब्रह्मिष्ठमाधाय निजेऽधिकारे ब्रह्मिष्ठमेव स्वतनुप्रसूतम्॥28॥"
"तस्मिन् कुल-आपीड-निभे वि-पीडं सम्यक् महीं शासति शासन-अङ्काम् प्रजाः चिरं सुप्रजसि प्रजेशे ननन्दुः आनन्द-जला-विलाक्ष्यः","कुल-आपीड-निभे सुप्रजसि तस्मिन् प्रजेशे शासन-अङ्काम् महीं वि-पीडं सम्यक् शासति आनन्द-जला-विलाक्ष्यः प्रजाः चिरं ननन्दुः","तस्मिन्कुलापीडनिभे विपीडं सम्यङ्महीं शासति शासनाङ्काम्।#प्रजाश्चिरं सुप्रजसि प्रजेशे ननन्दुरानन्दजलाविलाक्ष्यः॥29॥"
"पात्रीकृत-आत्मा गुरु-सेवनेन स्पष्ट-आकृतिः पत्त्र-रथ-इन्द्र-केतोः तं पुत्रिणां पुष्कर-पत्र-नेत्रः पुत्रः समारोपयत् अग्र-संख्याम्","गुरु-सेवनेन पात्रीकृत-आत्मा पत्त्र-रथ-इन्द्र-केतोः स्पष्ट-आकृतिः पुष्कर-पत्र-नेत्रः पुत्रः तं पुत्रिणां अग्र-संख्याम् समारोपयत्","पात्रीकृतात्मा गुरुसेवनेन स्पष्टाकृतिः पत्त्ररथेन्द्रकेतोः।#तं पुत्रिणां पुष्करपत्रनेत्रः पुत्रः समारोपयदग्रसंख्याम्॥30॥"
"वंश-स्थितिम् वंश-करेण तेन सम्भाव्य भावी सः सखा मघोनः उपस्पृशन् स्पर्श-निवृत्त-लौल्यः त्रि-पुष्करेषु त्रिदशत्वम् आप","स्पर्श-निवृत्त-लौल्यः मघोनः सखा भावी सः वंश-करेण तेन वंश-स्थितिम् सम्भाव्य त्रि-पुष्करेषु उपस्पृशन् त्रिदशत्वम् आप","वंशस्थितिं वंशकरेण तेन संभाव्य भावी स सखा मघोनः।#उपस्पृशन्स्पर्शनिवृत्तलौल्यस्त्रिपुष्करेषु त्रिदशत्वमाप॥31॥"
"तस्य पत्नी पौष्यां तिथौ प्रभा-निर्जित-पुष्परागं पुष्यम् असूत द्वितीये पुष्ये-इव तस्मिन् उदिते जनाः समग्रां पुष्टिं अपुष्यन्","तस्य प्रभा-निर्जित-पुष्परागं पौष्यां तिथौ पुष्यम् असूत पत्नी तस्मिन् अपुष्यन् उदिते समग्रां पुष्टिं जनाः पुष्ये-इव द्वितीये","तस्य प्रभानिर्जितपुष्परागं पौष्यां तिथौ पुष्यमसूत पत्नी।#तस्मिन्नपुष्यन्नुदिते समग्रां पुष्टिं जनाः पुष्य इव द्वितीये॥32॥"
"महा-इच्छः जन्म-भीरुः सूनौ महीं परिकीर्य मनीषिणे जैमिनये अर्पित-आत्मा (सन्) तस्मात् स-योगात् योगम् अधिगम्य अ-जन्मने अकल्पत","महीं महा-इच्छः परिकीर्य सूनौ मनीषिणे जैमिनये अर्पित-आत्मा (सन्) तस्मात् स-योगात् अधिगम्य योगम् अ-जन्मने अकल्पत जन्म-भीरुः","महीं महेच्छः परिकीर्य सूनौ मनीषिणे जैमिनयेऽर्पितात्मा।#तस्मात्सयोगादधिगम्य योगमजन्मनेऽकल्पत जन्मभीरुः॥33॥"
"ततः परं तत्-प्रभवः ध्रुव-उपमेयः ध्रुव-सन्धिः उर्वीम् प्रपेदे यस्मिन् ज्यायसि सत्य-सन्धे सन्नमताम् अरीणाम् सन्धिः ध्रुवः अभूत्","ततः परं तत्-प्रभवः प्रपेदे ध्रुव-उपमेयः ध्रुव-सन्धिः उर्वीम् यस्मिन् अभूत् ज्यायसि सत्य-सन्धे सन्धिः ध्रुवः सन्नमताम् अरीणाम्","ततः परं तत्प्रभवः प्रपेदे ध्रुवोपमेयो ध्रुवसन्धिरुर्वीम्।#यस्मिन्नभूज्ज्यायसि सत्यसन्धे सन्धिर्ध्रुवः संनमतामरीणाम्॥34॥"
"मृग-आयत-अक्षः नृ-सिंहः सः दर्श-अत्यय-इन्दु-प्रिय-दर्शने सुदर्शन-आख्ये सुते शिशौ (सति) एव मृगया-विहारी (सन्) सिंहात् विपदम् अवापत्","सुते शिशौ (सति) एव सुदर्शन-आख्ये दर्श-अत्यय-इन्दु-प्रिय-दर्शने सः मृग-आयत-अक्षः मृगया-विहारी (सन्) सिंहात् अवापत् विपदम् नृ-सिंहः","सुते शिशावेव सुदर्शनाख्ये दर्शात्ययेन्दुप्रियदर्शने सः।#मृगायताक्षो मृगयाविहारी सिंहादवापद्विपदं नृसिंहः॥35॥"
"स्वर्-गामिनः तस्य अमात्य-वर्गः अनाथ-दीनाः प्रकृतीः अवेक्ष्य कुल-तन्तुम् एकं तम् ऐकमत्यात् विधिवत् साकेत-नाथं चकार","स्वर्-गामिनः तस्य तम् ऐकमत्यात् अमात्य-वर्गः कुल-तन्तुम् एकं अनाथ-दीनाः प्रकृतीः अवेक्ष्य साकेत-नाथं विधिवत् चकार","स्वर्गामिनस्तस्य तमैकमत्यादमात्यवर्गः कुलतन्तुमेकम्।#अनाथदीनाः प्रकृतीरवेक्ष्य साकेतनाथं विधिवच्चकार॥36॥"
"नव-इन्दुना तत् नभसा उपमेयं शाव-एक-सिंहेन च काननेन रघोः कुलं कुड्मल-पुष्करेण तोयेन च अप्रौढ-नरेन्द्रम् आसीत्","अप्रौढ-नरेन्द्रम् तत् रघोः कुलं नव-इन्दुना नभसा शाव-एक-सिंहेन काननेन च कुड्मल-पुष्करेण तोयेन च उपमेयं आसीत्","नवेन्दुना तन्नभसोपमेयं शावैकसिंहेन च काननेन।#रघोः कुलं कुङ्मलपुष्करेण तोयेन चाप्रौढनरेन्द्रमासीत्॥37॥"
"लोकेन भावी पितुः एव तुल्यः संभावितः मौलि-परिग्रहात् सः (अस्ति) दृष्टः हि वृण्वन् कलभप्रमाणः अपि आशाः पुरोवातम् अवाप्य मेघः (इति)","सः मौलि-परिग्रहात् पितुः तुल्यः एव भावी (इति) (अस्ति) लोकेन संभावितः हि कलभप्रमाणः अपि मेघः पुरोवातम् अवाप्य आशाः वृण्वन् दृष्टः","लोकेन भावी पितुरेव तुल्यः संभावितो मौलिपरिग्रहात्सः।#दृष्टो हि वृण्वन्कलभप्रमाणोऽप्याशाः पुरोवातमवाप्य मेघः॥38॥"
"तं राज-वीथ्याम् अधि-हस्ति यान्तम् आधोरण-लम्बितम् अग्र्य-वेशम् षड्वर्ष-देशीयम् अपि प्रभुत्वात् प्रैक्षन्त पौराः पितृ-गौरवेण","राज-वीथ्याम् अधि-हस्ति यान्तम् आधोरण-लम्बितम् अग्र्य-वेशम् षड्वर्ष-देशीयम् अपि तं पौराः प्रभुत्वात् पितृ-गौरवेण प्रैक्षन्त","तं राजवीथ्यामधिहस्ति यान्तमाधोरणालम्बितमग्र्यवेशम्।#षड्वर्षदेशीयमपि प्रभुत्वात्प्रैक्षन्त पौराः पितृगौरवेण॥39॥"
"कामं न सः अकल्पत पैतृकस्य सिंहासनस्य प्रतिपूरणाय तेजः-महिम्ना पुनः आवृत-आत्मा (सन्) तत् व्याप चामीकर-पिञ्जरेण","सः पैतृकस्य सिंहासनस्य प्रतिपूरणाय न कामं अकल्पत चामीकर-पिञ्जरेण तेजः-महिम्ना पुनः आवृत-आत्मा (सन्) तत् व्याप","कामं न सोऽकल्पत पैतृकस्य सिंहासनस्य प्रतिपूरणाय।#तेजोमहिम्ना पुनरावृतात्मा तद्व्याप चामीकरपिञ्जरेण॥40॥"
"तस्मात् अधः किंचित् इव अवतीर्णौ अ-संस्पृशन्तौ तपनीय-पीठम् सालक्तकौ भूपतयः प्रसिद्धैः ववन्दिरे मौलिभिः अस्य पादौ","तस्मात् अधः किंचित् इव अवतीर्णौ तपनीय-पीठम् अ-संस्पृशन्तौ सालक्तकौ अस्य पादौ भूपतयः प्रसिद्धैः मौलिभिः ववन्दिरे","तस्मादधः किंचिदिवावतीर्णावसंस्पृशन्तौ तपनीयपीठम्।#सालक्तकौ भूपतयः प्रसिद्धैर्ववन्दिरे मौलिभिरस्य पादौ॥41॥"
"मणौ महा-नीलः इति प्रभावात् अल्प-प्रमाणे अपि यथा न मिथ्या शब्दः महा-राजः इति प्रतीतः तथा एव तस्मिन् युयुजे अर्भके अपि (न) (मिथ्या) (युयुजे) (शब्दः)","अल्प-प्रमाणे अपि मणौ प्रभावात् महा-नीलः इति शब्दः यथा मिथ्या न युयुजे तथा एव अर्भके अपि तस्मिन् प्रतीतः महा-राजः इति (शब्दः) (मिथ्या) (न) (युयुजे)","मणौ महानील इति प्रभावादल्पप्रमाणेऽपि यथा न मिथ्या।#शब्दो महाराज इति प्रतीतस्तथैव तस्मिन्युयुजेऽर्भकेऽपि॥42॥"
"पर्यन्त-संचारित-चामरस्य तस्य कपोल-लोल-उभय-काक-पक्षात् आननात् उच्चरितः विवादः अर्णवानां वेलासु अपि न चचाल","उच्चरितः पर्यन्त-संचारित-चामरस्य कपोल-लोल-उभय-काक-पक्षात् तस्य आननात् विवादः चचाल वेलासु अपि न अर्णवानां","पर्यन्तसंचारितचामरस्य कपोललोलोभयकाकपक्षात्।#तस्याननादुच्चरितो विवादश्चचाल वेलास्वपि नार्णवानाम्॥43॥"
"निर्वृत्त-जाम्बूनद-पट्ट-शोभे ललाटे न्यस्तं तिलकं दधानः (सन्) स्मेर-मुखः सः अरि-सुन्दरीणां मुखानि तेन एव शून्यानि चकार","निर्वृत्त-जाम्बूनद-पट्ट-शोभे न्यस्तं ललाटे तिलकं दधानः (सन्) तेन एव शून्यानि अरि-सुन्दरीणां मुखानि सः स्मेर-मुखः चकार","निर्वृत्तजाम्बूनदपट्टशोभे न्यस्तं ललाटे तिलकं दधानः।#तेनैव शून्यान्यरिसुन्दरीणां मुखानि स स्मेरमुखश्चकार॥44॥"
"शिरीष-पुष्प-अधिक-सौकुमार्यः खेदं सः यायात् अपि भूषणेन; नितान्त-गुर्वीम् अपि सः अनुभावात् धुरं धरित्र्याः बिभरांबभूव","शिरीष-पुष्प-अधिक-सौकुमार्यः सः भूषणेन अपि खेदं यायात्; सः नितान्त-गुर्वीम् अपि धरित्र्याः धुरं अनुभावात् बिभरांबभूव","शिरीषपुष्पाधिकसौकुमार्यः खेदं स यायादपि भूषणेन।#नितान्तगुर्वीमपि सोऽनुभावाद्धुरं धरित्र्या बिभरांबभूव॥45॥"
"न्यस्त-अक्षराम् अक्षर-भूमिकायां कार्त्स्न्येन (सः) गृह्णाति लिपिं न यावत् सर्वाणि तावत् श्रुत-वृद्ध-योगात् फलानि उपायुङ्क्त सः दण्डनीतेः","अक्षर-भूमिकायां न्यस्त-अक्षराम् लिपिं कार्त्स्न्येन यावत् (सः) न गृह्णाति तावत् श्रुत-वृद्ध-योगात् सर्वाणि दण्डनीतेः फलानि सः उपायुङ्क्त","न्यस्ताक्षरामक्षरभूमिकायां कार्त्स्न्येन गृह्णाति लिपिं न यावद्।#सर्वाणि तावच्छ्रुतवृद्धयोगात्फलान्युपायुङ्क्त स दण्डनीतेः॥46॥"
"उरसि अपर्याप्त-निवेश-भागा प्रौढीभविष्यन्तं उदीक्षमाणा संजात-लज्जा इव तम् आतपत्र-छाया-छलेन​ उप_जुगूह लक्ष्मीः","उरसि अपर्याप्त-निवेश-भागा प्रौढीभविष्यन्तं उदीक्षमाणा लक्ष्मीः संजात-लज्जा इव तम् आतपत्र-छाया-छलेन​ उप_जुगूह","उरस्यपर्याप्तनिवेशभागा प्रौढीभविष्यन्तमुदीक्षमाणा।#संजातलज्जेव तमातपत्रच्छायाछलेनोपजुगूह लक्ष्मीः॥47॥"
"अनश्नुवानेन युग-उपमानम् अ-बद्ध-मौर्वी-किण-लाञ्छनेन अ-स्पृष्ट-खड्ग-त्सरुणा अपि च आसीत् रक्षावती तस्य भुजेन भूमिः","युग-उपमानम् अनश्नुवानेन अ-बद्ध-मौर्वी-किण-लाञ्छनेन अ-स्पृष्ट-खड्ग-त्सरुणा अपि च तस्य भुजेन भूमिः रक्षावती आसीत्","अनश्नुवानेन युगोपमानमबद्धमौर्वीकिणलाञ्छनेन।#अस्पृष्टखड्गत्सरुणापि चासीद्रक्षावती तस्य भुजेन भूमिः॥48॥"
"न केवलं गच्छति तस्य काले ययुः शरीर-अवयवाः विवृद्धिम् वंश्याः गुणाः खलु अपि लोक-कान्ताः प्रारम्भ-सूक्ष्माः प्रथिमानम् आपुः","काले गच्छति तस्य केवलं शरीर-अवयवाः विवृद्धिम् न ययुः वंश्याः लोक-कान्ताः प्रारम्भ-सूक्ष्माः गुणाः अपि प्रथिमानम् आपुः खलु","न केवलं गच्छति तस्य काले ययुः शरीरावयवा विवृद्धिम्।#वंश्या गुणाः खल्वपि लोककान्ताः प्रारम्भसूक्ष्माः प्रथिमानमापुः॥49॥"
"सः पुर्व-जन्म-अन्तर-दृष्ट-पाराः स्मरन् इव अ-क्लेशकरः (सन्) गुरूणाम् तिस्रः त्रि-वर्ग-अधिगमस्य मूलम् जग्राह विद्याः प्रकृतीः च पित्र्याः","सः पुर्व-जन्म-अन्तर-दृष्ट-पाराः स्मरन् इव गुरूणाम् अ-क्लेशकरः (सन्) त्रि-वर्ग-अधिगमस्य मूलम् तिस्रः विद्याः पित्र्याः प्रकृतीः च जग्राह","स पूर्वजन्मान्तरदृष्टपाराः स्मरन्निवाक्लेशकरः गुरूणाम्।# तिस्रस्त्रिवर्गाधिगमस्य मूलं जग्राह विद्याः प्रकृतीश्च  पित्र्याः॥50॥"
"व्यूह्य स्थितः किंचित् इव उत्तर-अर्धम् उन्नद्ध-चूडः अञ्चित-सव्य-जानुः आकर्णम् आकृष्ट-स-बाण-धन्वा (सन्) व्यरोचत अस्त्रेषु विनीयमानः (सः)","अस्त्रेषु विनीयमानः उत्तर-अर्धम् किंचित् इव व्यूह्य स्थितः उन्नद्ध-चूडः अञ्चित-सव्य-जानुः आकर्णम् आकृष्ट-स-बाण-धन्वा (सन्) (सः) व्यरोचत","व्यूह्य स्थितः किंचिदिवोत्तरार्धमुन्नद्धचूडोऽञ्चितसव्यजानुः।# आकर्णमाकृष्टसबाणधन्वा व्यरोचतास्त्रेषु विनीयमानः॥51॥"
"अथ मधु वनितानाम् नेत्र-निर्वेशनीयम् मनसिज​-तरु-पुष्पम् राग-बन्ध-प्रवालम् अ-कृतक-विधि सर्वाङ्गीणम् आकल्प-जातम् विलसित-पदम् आद्यम् यौवनम् सः प्रपेदे","अथ सः वनितानाम् नेत्र-निर्वेशनीयम् मधु राग-बन्ध-प्रवालम् मनसिज​-तरु-पुष्पम् अ-कृतक-विधि सर्वाङ्गीणम् आकल्प-जातम् आद्यम् विलसित-पदम् यौवनम् प्रपेदे","अथ मधु वनितानां नेत्रनिर्वेशनीयं मनसिजतरुपुष्पं रागबन्धप्रवालम्।# अकृतकविधि  सर्वाङ्गीणमाकल्पजातं विलसितपदमाद्यं यौवनं स प्रपेदे॥52॥"
"प्रति-कृति-रचनाभ्यः दूति-सन्दर्शिताभ्यः समधिकतर-रूपाः शुद्ध-सन्तान-कामैः अधिविविदुः अमात्यैः आहृताः तस्य यूनः प्रथम-परिगृहीते श्री-भुवौ राज-कन्याः","दूति-सन्दर्शिताभ्यः प्रति-कृति-रचनाभ्यः समधिकतर-रूपाः शुद्ध-सन्तान-कामैः अमात्यैः आहृताः राज-कन्याः यूनः तस्य प्रथम-परिगृहीते श्री-भुवौ अधिविविदुः","प्रतिकृतिरचनाभ्यो दूतिसंदर्शिताभ्यः समधिकतररूपाः शुद्धसंतानकामैः।# अधिविविदुरमात्यैराहृतास्तस्य यूनः प्रथमपरिगृहीते श्रीभुवौ राजकन्याः॥53॥"
"अग्नि-तेजसम् तनयम् अग्नि-वर्णम् स्वे पदे अभिषिच्य श्रुतवताम् अ-पश्चिमः वशी राघवः पश्चिमे वयसि नैमिषम् शिश्रिये","अग्नि-वर्णम् अभिषिच्य राघवः स्वे पदे तनयम् अग्नि-तेजसम् शिश्रिये श्रुतवताम् अ-पश्चिमः पश्चिमे वयसि नैमिषम् वशी","अग्निवर्णमभिषिच्य राघवः स्वे पदे तनयमग्नितेजसम्।#शिश्रिये श्रुतवतामपश्चिमः पश्चिमे वयसि नैमिषं वशी॥"
"तत्र तीर्थ-सलिलेन दीर्घिकाः तल्पम् अन्तरित-भूमिभिः कुशैः सौध-वासम् उटजेन विस्मृतः सञ्चिकाय फल-निःस्पृहः तपः (विस्मृतः) (विस्मृतः)","तत्र तीर्थ-सलिलेन दीर्घिकाः (विस्मृतः) अन्तरित-भूमिभिः कुशैः तल्पम् (विस्मृतः) उटजेन सौध-वासम् विस्मृतः फल-निःस्पृहः तपः सञ्चिकाय","तत्र तीर्थसलिलेन दीर्घिकास्तल्पमन्तरितभूमिभिः कुशैः।#सौधवासमुटजेन विस्मृतः संचिकाय फलनिःस्पृहस्तपः॥"
"लब्ध-पालन-विधौ न तत्-सुतः खेदम् आप गुरुणा हि मेदिनी भोक्तुम् एव (कल्पिता) भुज-निर्जित-द्विषा न प्रसाधयितुम् अस्य कल्पिता","तत्-सुतः लब्ध-पालन-विधौ खेदम् न आप हि भुज-निर्जित-द्विषा गुरुणा मेदिनी अस्य भोक्तुम् एव (कल्पिता) प्रसाधयितुम् न कल्पिता","लब्धपालनविधौ न तत्सुतः खेदमाप गुरुणा हि मेदिनी।#भोक्तुमेव भुजनिर्जितद्विषा न प्रसाधयितुमस्य कल्पिता॥"
"सः अधिकारं अभिकः कुल-उचितं काश्चन​ स्वयं अवर्तयत् समाः संनिवेश्य सचिवेषु अतःपरं स्त्री-विधेय-नव-यौवनः अभवत्","अभिकः सः कुल-उचितं अधिकारं काश्चन​ समाः स्वयं अवर्तयत् अतःपरं सचिवेषु संनिवेश्य स्त्री-विधेय-नव-यौवनः अभवत्","सोऽधिकारमभिकः कुलोचितं काश्चन स्वयमवर्तयत्समाः।#संनिवेश्य सचिवेष्वतःपरं स्त्रीविधेयनवयौवनोऽभवत्॥"
"कामिनी-सहचरस्य कामिनः तस्य वेश्मसु मृदङ्ग-नादिषु ऋद्धिमन्तम् अधिक-ऋद्धिः उत्तरः पूर्वम् उत्सवम् अपोहत् उत्सवः","कामिनी-सहचरस्य कामिनः तस्य मृदङ्ग-नादिषु वेश्मसु अधिक-ऋद्धिः उत्तरः उत्सवः ऋद्धिमन्तम् पूर्वम् उत्सवम् अपोहत्","कामिनीसहचरस्य कामिनस्तस्य वेश्मसु मृदङ्गनादिषु।#ऋद्धिमन्तमधिकर्द्धिरुत्तरः पूर्वमुत्सवमपोहदुत्सवः॥"
"इन्द्रिय-अर्थ-परिशून्यम् एकम् अपि क्षण-अन्तरम् सोढुं अ-क्षमः सः अन्तः एव दिवा-निशम् विहरन् समुत्सुकाः प्रजाः न व्यपैक्षत","इन्द्रिय-अर्थ-परिशून्यम् अ-क्षमः सोढुं एकम् अपि सः क्षण-अन्तरम् अन्तः एव विहरन् दिवा-निशम् न व्यपैक्षत समुत्सुकाः प्रजाः","इन्द्रियार्थपरिशून्यमक्षमः सोढुमेकमपि स क्षणान्तरम्।#अन्तरेव विहरन्दिवानिशं न व्यपैक्षत समुत्सुकाः प्रजाः॥"
"जातु मन्त्रिणाम् गौरवात् प्रकृति-काङ्क्षितम् यत् अपि दर्शनम् ददौ तत् गवाक्ष-विवर-अवलम्बिना केवलेन चरणेन कल्पितम्","गौरवात् यत् अपि जातु मन्त्रिणाम् दर्शनम् प्रकृति-काङ्क्षितम् ददौ तत् गवाक्ष-विवर-अवलम्बिना केवलेन चरणेन कल्पितम्","गौरवाद्यदपि जातु मन्त्रिणां दर्शनं प्रकृतिकाङ्क्षितं ददौ।#तद्गवाक्षविवरावलम्बिना केवलेन चरणेन कल्पितम्॥"
"कृत-प्रणतयः अनुजीविनः नव-दिवाकर-आतप-स्पृष्ट-पङ्कज-तुला-अधिरोहणम् कोमल-आत्म-नख-राग-रूषितम् तम् भेजिरे","तम् कृत-प्रणतयः अनुजीविनः कोमल-आत्म-नख-राग-रूषितम् भेजिरे नव-दिवाकर-आतप-स्पृष्ट-पङ्कज-तुला-अधिरोहणम्","तं कृतप्रणतयोऽनुजीविनः कोमलात्मनखरागरूषितम्।#भेजिरे नवदिवाकरातपस्पृष्टपङ्कजतुलाधिरोहणम्॥"
"विगाढ-मन्मथः सः यौवन-उन्नत-विलासिनी-स्तन-क्षोभ-लोल-कमलाः तत्-अम्बुभिः गूढ-मोहन-गृहाः दीर्घिकाः व्यगाहत च","यौवन-उन्नत-विलासिनी-स्तन-क्षोभ-लोल-कमलाः च दीर्घिकाः गूढ-मोहन-गृहाः तत्-अम्बुभिः सः व्यगाहत विगाढ-मन्मथः","यौवनोन्नतविलासिनीस्तनक्षोभलोलकमलाश्च दीर्घिकाः।#गूढमोहनगृहास्तदम्बुभिः स व्यगाहत विगाढमन्मथः॥"
"तत्र सेक-हृत-लोचन-आञ्जनैः धौत-राग-परिपाटल-अधरैः अङ्गनाः तम् अधिकम् व्यलोभयन् अर्पित-प्रकृत-कान्तिभिः मुखैः","तत्र अङ्गनाः सेक-हृत-लोचन-आञ्जनैः धौत-राग-परिपाटल-अधरैः अर्पित-प्रकृत-कान्तिभिः मुखैः तम् अधिकम् व्यलोभयन्","तत्र सेकहृतलोचनाञ्जनैर्धौतरागपरिपाटलाधरैः।#अङ्गनास्तमधिकं व्यलोभयन्नर्पितप्रकृतकान्तिभिर्मुखैः॥"
"प्रिया-सखः सः घ्राण-कान्त-मधु-गन्ध-कर्षिणीः पान-भूमि-रचनाः वासिता-सखः द्विपः-इव पुष्पिताः कमलिनीः अभ्यपद्यत","घ्राण-कान्त-मधु-गन्ध-कर्षिणीः पान-भूमि-रचनाः प्रिया-सखः अभ्यपद्यत सः वासिता-सखः पुष्पिताः कमलिनीः द्विपः-इव","घ्राणकान्तमधुगन्धकर्षिणीः पानभूमिरचनाः प्रियासखः।#अभ्यपद्यत स वासितासखः पुष्पिताः कमलिनीरिव द्विपः॥"
"स-अतिरेक-मद-कारणम् रहः तेन दत्तम् (मुख-आसवं) अभिलेषुः अङ्गनाः ताभिः अपि उपहृतम् मुख-आसवं सः अपिबत् बकुल-तुल्य-दोहदः","अङ्गनाः रहः स-अतिरेक-मद-कारणम् तेन दत्तम् (मुख-आसवं) अभिलेषुः बकुल-तुल्य-दोहदः सः अपि ताभिः उपहृतम् मुख-आसवं अपिबत्","सातिरेकमदकारणं रहस्तेन दत्तमभिलेषुरङ्गनाः।#ताभिरप्युपहृतं मुखासवं सोऽपिबद्बकुलतुल्यदोहदः॥"
"अङ्कम् अङ्क-परिवर्तन-उचिते तस्य निन्यतुः अशून्यताम् उभे वल्लकी च हृदयम्-गम-स्वना वल्गु-वाक् अपि च वाम-लोचना","अङ्क-परिवर्तन-उचिते उभे तस्य अङ्कम् अशून्यताम् निन्यतुः हृदयम्-गम-स्वना वल्लकी च वल्गु-वाक् वाम-लोचना अपि च","अङ्कमङ्कपरिवर्तनोचिते तस्य निन्यतुरशून्यतामुभे।#वल्लकी च हृदयंगमस्वना वल्गुवागपि च वामलोचना॥"
"सः स्वयं प्रहृत-पुष्करः कृती लोल-माल्य-वलयः हरन् मनः अभिनय-अतिलङ्घिनीः नर्तकीः गुरुषु पार्श्व-वर्तिषु अलज्जयत्","सः स्वयं प्रहृत-पुष्करः कृती लोल-माल्य-वलयः हरन् मनः नर्तकीः अभिनय-अतिलङ्घिनीः पार्श्व-वर्तिषु गुरुषु अलज्जयत्","स स्वयं प्रहृतपुष्करः कृती लोलमाल्यवलयो हरन्मनः।#नर्तकीरभिनयातिलङ्घिनीः पार्श्ववर्तिषु गुरुष्वलज्जयत्॥"
"चारु नृत्य-विगमे परिश्रमात् स्वेद-भिन्न-तिलकम् तत्-मुखम् प्रेम-दत्त-वदन-अनिलः पिबन् अमर-अलका-ईश्वरौ अत्यजीवत् च","चारु नृत्य-विगमे च तत्-मुखम् स्वेद-भिन्न-तिलकम् परिश्रमात् प्रेम-दत्त-वदन-अनिलः पिबन् अत्यजीवत् अमर-अलका-ईश्वरौ","चारु नृत्यविगमे च तन्मुखं स्वेदभिन्नतिलकं परिश्रमात्।#प्रेमदत्तवदनानिलः पिबन्नत्यजीवदमरालकेश्वरौ॥"
"उपसृत्य नवेषु काम्य-वस्तुषु सङ्गिनः तस्य वल्लभाभिः स-आवरण-दृष्ट-सन्धयः समागमाः सामि-भुक्त-विषयाः चक्रिरे","तस्य स-आवरण-दृष्ट-सन्धयः काम्य-वस्तुषु नवेषु सङ्गिनः वल्लभाभिः उपसृत्य चक्रिरे सामि-भुक्त-विषयाः समागमाः","तस्य सावरणदृष्टसन्धयः काम्यवस्तुषु नवेषु सङ्गिनः।#वल्लभाभिरुपसृत्य चक्रिरे सामिभुक्तविषयाः समागमाः॥"
"सः प्रणयिनीः वञ्चयन् अङ्गुली-किसलय-अग्र-तर्जनम् भ्रू-विभङ्ग-कुटिलम् वीक्षितम् च असकृत् मेखलाभिः बन्धनम् च अवाप","अङ्गुली-किसलय-अग्र-तर्जनम् भ्रू-विभङ्ग-कुटिलम् च वीक्षितम् मेखलाभिः असकृत् च बन्धनम् वञ्चयन् प्रणयिनीः अवाप सः","अङ्गुलीकिसलयाग्रतर्जनं भ्रूविभङ्गकुटिलं च वीक्षितम्।#मेखलाभिरसकृच्च बन्धनं वञ्चयन्प्रणयिनीरवाप सः॥"
"सुरत-वार-रात्रिषु दुति-विदितम् पृष्ठतः निषेदुषा तेन प्रिय-जनस्य विप्रलम्भ-परिशङ्किनः कातरम् वचः शुश्रुवे","तेन दुति-विदितम् निषेदुषा पृष्ठतः सुरत-वार-रात्रिषु शुश्रुवे प्रिय-जनस्य कातरम् विप्रलम्भ-परिशङ्किनः वचः","तेन दूतिविदितं निषेदुषा पृष्ठतः सुरतवाररात्रिषु।#शुश्रुवे प्रियजनस्य कातरं विप्रलम्भपरिशङ्किनो वचः॥"
"लौल्यम् एत्य गृहिणी-परिग्रहात् नर्तकीषु असुलभासु तत्-वपुः वर्तते स्म सः कथञ्चित् आलिखन् अङ्गुली-क्षरण-सन्न-वर्तिकः","गृहिणी-परिग्रहात् नर्तकीषु असुलभासु लौल्यम् एत्य अङ्गुली-क्षरण-सन्न-वर्तिकः सः तत्-वपुः आलिखन् कथञ्चित् वर्तते स्म","लौल्यमेत्य गृहिणीपरिग्रहान्नर्तकीष्वसुलभासु तद्वपुः।#
वर्तते स्म स कथंचिदालिखन्नङ्गुलीक्षरणसन्नवर्तिकः॥"
"प्रेम-गर्वित-विपक्ष-मत्सरात् आयतात् च मदनात् मही-क्षितम् निन्युः उत्सव-विधिः-छलेन तम् देव्यः उज्झित-रुषः कृत-अर्थाम्","प्रेम-गर्वित-विपक्ष-मत्सरात् आयतात् मदनात् च उज्झित-रुषः देव्यः तम् मही-क्षितम् उत्सव-विधिः-छलेन कृत-अर्थाम् निन्युः","प्रेमगर्वितविपक्षमत्सरादायताच्च मदनान्महीक्षितम्।#
निन्युरुत्सवविधिच्छलेन तं देव्य उज्झितरुषः कृतार्थाम्॥"
"प्रातः एत्य परिभोग-शोभिना दर्शनेन कृत-खण्डन-व्यथाः प्राञ्जलिः प्रणयिनीः प्रसादयन् सः अदुनोत् प्रणय-मन्थरः पुनः","सः प्रातः एत्य परिभोग-शोभिना दर्शनेन कृत-खण्डन-व्यथाः प्रणयिनीः प्राञ्जलिः प्रसादयन् प्रणय-मन्थरः पुनः अदुनोत्","प्रातरेत्य परिभोगशोभिना दर्शनेन कृतखण्डनव्यथाः।#
प्राञ्जलिः प्रणयिनीः प्रसादयन्सोऽदुनोत्प्रणयमन्थरः पुनः॥"
"स्वप्न-कीर्तित-विपक्षम् अङ्गनाः प्रत्यभैत्सुः अ-वदन्त्यः एव तम् प्रच्छद-अन्त-गलिता-अश्रु-बिन्दुभिः क्रोध-भिन्न-वलयैः विवर्तनैः","स्वप्न-कीर्तित-विपक्षम् तम् अ-वदन्त्यः एव अङ्गनाः प्रच्छद-अन्त-गलिता-अश्रु-बिन्दुभिः क्रोध-भिन्न-वलयैः विवर्तनैः प्रत्यभैत्सुः","स्वप्नकीर्तितविपक्षमङ्गनाः प्रत्यभैत्सुरवदन्त्य एव तम्।#
प्रच्छदान्तगलिताश्रुबिन्दुभिः क्रोधभिन्नवलयैर्विवर्तनैः॥"
"क्लृप्त-पुष्प-शयनान् लता-गृहान् एत्य दूति-कृत-मार्ग-दर्शनः (सन्) अन्वभूत् परिजन-अङ्गना-रतम् सः अवरोध-भय-वेपथु-उत्तरम्","सः दूति-कृत-मार्ग-दर्शनः (सन्) क्लृप्त-पुष्प-शयनान् लता-गृहान् एत्य अवरोध-भय-वेपथु-उत्तरम् परिजन-अङ्गना-रतम् अन्वभूत्","क्लृप्तपुष्पशयनाँल्लतागृहानेत्य दूतिकृतमार्गदर्शनः।#
अन्वभूत्परिजनाङ्गनारतं सोऽवरोधभयवेपथूत्तरम्॥"
"नाम वल्लभ-जनस्य ते मया प्राप्य भाग्यम् अपि तस्य काङ्क्ष्यते लोलुपम् ननु मनः मम (अस्ति) इति तम् गोत्र-विस्खलितम् ऊचुः अङ्गनाः","मया ते वल्लभ-जनस्य नाम प्राप्य तस्य भाग्यम् अपि काङ्क्ष्यते ननु लोलुपम् मम मनः (अस्ति) इति अङ्गनाः गोत्र-विस्खलितम् तम् ऊचुः","नाम वल्लभजनस्य ते मया प्राप्य भाग्यमपि तस्य काङ्क्ष्यते।#
लोलुपं ननु मनो ममेति तं गोत्रविस्खलितमूचुरङ्गनाः॥"
"चूर्ण-बभ्रु लुलित-स्रग-आकुलम् छिन्न-मेखलम् अलक्तक-अङ्कितम् उत्थितस्य शयनम् विलासिनः तस्य विभ्रम-रतानि अपावृणोत्","चूर्ण-बभ्रु लुलित-स्रग-आकुलम् छिन्न-मेखलम् अलक्तक-अङ्कितम् शयनम् उत्थितस्य विलासिनः तस्य विभ्रम-रतानि अपावृणोत्","चूर्णबभ्रु लुलितस्रगाकुलं छिन्नमेखलमलक्तकाङ्कितम्।#
उत्थितस्य शयनं विलासिनस्तस्य विभ्रमरतान्यपावृणोत्॥"
"सः स्वयम् चरण-रागम् आदधे योषिताम् न च तथा समाहितः लोभ्यमान-नयनः (सन्) श्लथ-अंशुकैः मेखला-गुण-पदैः नितम्बिभिः (आदधे)","सः स्वयम् चरण-रागम् योषिताम् आदधे श्लथ-अंशुकैः नितम्बिभिः मेखला-गुण-पदैः लोभ्यमान-नयनः (सन्) तथा समाहितः च न (आदधे)","स स्वयं चरणरागमादधे योषितां न च तथा समाहितः।#
लोभ्यमाननयनः श्लथांशुकैर्मेखलागुणपदैर्नितम्बिभिः॥"
"चुम्बने विपरिवर्तित-अधरम् हस्त-रोधि रशना-विघट्टने विघ्नित-इच्छम् अपि तस्य सर्वतः मन्मथ-इन्धनम् अभूत् वधू-रतम्","चुम्बने विपरिवर्तित-अधरम् रशना-विघट्टने हस्त-रोधि सर्वतः विघ्नित-इच्छम् अपि वधू-रतम् तस्य मन्मथ-इन्धनम् अभूत्","चुम्बने विपरिवर्तिताधरं हस्तरोधि रशनाविघट्टने।#
विघ्नितेच्छमपि तस्य सर्वतो मन्मथेन्धनमभूवद्धूरतम्॥"
"सः दर्पणेषु परिभोग-दर्शिनीः वधूः नर्म-पूर्वम् अनुपृष्ठ-संस्थितः (सन्) स्मित-मनोज्ञया छायया ह्री-निमीलित-मुखीः चकार","दर्पणेषु परिभोग-दर्शिनीः नर्म-पूर्वम् अनुपृष्ठ-संस्थितः (सन्) छायया स्मित-मनोज्ञया वधूः ह्री-निमीलित-मुखीः चकार सः","दर्पणेषु परिभोगदर्शिनीर्नर्मपूर्वमनुपृष्ठसंस्थितः।#छायया स्मितमनोज्ञया वधूर्ह्रीनिमीलितमुखीश्चकार सः॥"
"कण्ठ-सक्त-मृदु-बाहु-बन्धनम् न्यस्त-पाद-तलम् अग्र-पादयोः प्रार्थयन्त शयन-उत्थितम् प्रियाः तम् निशा-अत्यय-विसर्ग-चुम्बनम्","प्रियाः शयन-उत्थितम् कण्ठ-सक्त-मृदु-बाहु-बन्धनम् अग्र-पादयोः न्यस्त-पाद-तलम् तम् निशा-अत्यय-विसर्ग-चुम्बनम् प्रार्थयन्त","कण्ठसक्तमृदुबाहुबन्धनं न्यस्तपादतलमग्रपादयोः।#
प्रार्थयन्त शयनोत्थितं प्रियास्तं निशात्ययविसर्गचुम्बनम्॥"
"युवा सः अति-शक्र-शोभिनम् दर्पण-तल-स्थम् आत्मनः राज-वेषम् प्रेक्ष्य तथा न पिप्रिये यथा व्यक्त-लक्ष्म परिभोग-मण्डनम् (प्रेक्ष्य) (पिप्रिये)","प्रेक्ष्य दर्पण-तल-स्थम् आत्मनः राज-वेषम् अति-शक्र-शोभिनम् पिप्रिये न सः तथा यथा युवा व्यक्त-लक्ष्म परिभोग-मण्डनम् (प्रेक्ष्य) (पिप्रिये)","प्रेक्ष्य दर्पणतलस्थमात्मनो राजवेषमतिशक्रशोभिनम्।#पिप्रिये न स तथा यथा युवा व्यक्तलक्ष्मपरिभोगमण्डनम्॥"
"मित्र-कृत्यम् अपदिश्य पार्श्वतः प्रस्थितम् तम् अनवस्थितम् प्रियाः विद्म हे शठ पलायन-छलानि अञ्जसा इति रुरुधुः कच-ग्रहैः","मित्र-कृत्यम् अपदिश्य पार्श्वतः प्रस्थितम् अनवस्थितम् तम् प्रियाः हे शठ पलायन-छलानि अञ्जसा विद्म इति कच-ग्रहैः रुरुधुः","मित्रकृत्यमपदिश्य पार्श्वतः प्रस्थितं तमनवस्थितं प्रियाः।#विद्म हे शठ पलायनच्छलान्यञ्जसेति रुरुधुः कचग्रहैः॥"
"तस्य निर्दय-रति-श्रम-आलसाः कण्ठ-सूत्रम् अपदिश्य योषितः अध्यशेरत बृहद्-भुजान्तरम् पीवर-स्तन-विलुप्त-चन्दनम्","निर्दय-रति-श्रम-आलसाः योषितः कण्ठ-सूत्रम् अपदिश्य पीवर-स्तन-विलुप्त-चन्दनम् तस्य बृहद्-भुजान्तरम् अध्यशेरत","तस्य निर्दयरतिश्रमालसाः कण्ठसूत्रमपदिश्य योषितः।#अध्यशेरत बृहद्भुजान्तरं पीवरस्तनविलुप्तचन्दनम्॥"
"सङ्गमाय निशि गूढ-चारिणं चार-दूति-कथितं पुरः गताः वञ्चयिष्यसि कुतः तमस्-वृतः कामुक इति चकृषुः तम् अङ्गनाः","सङ्गमाय निशि गूढ-चारिणं चार-दूति-कथितं तम् अङ्गनाः पुरः गताः कामुक तमस्-वृतः कुतः वञ्चयिष्यसि इति चकृषुः","संगमाय निशि गूढचारिणं चारदूतिकथितं पुरोगताः।#वञ्चयिष्यसि कुतस्तमोवृतः कामुकेति चकृषुस्तमङ्गनाः॥"
"योषिताम् उडुपतेः अर्चिषाम्-इव स्पर्श-निवृतिम् असौ अवाप्नुवन् आरुरोह कुमुद-आकर-उपमाम् रात्रि-जागर-परः दिवा-शयः","उडुपतेः अर्चिषाम्-इव योषिताम् स्पर्श-निवृतिम् अवाप्नुवन् रात्रि-जागर-परः दिवा-शयः असौ कुमुद-आकर-उपमाम् आरुरोह","योषितामुडुपतेरिवार्चिषां स्पर्शनिर्वृतिमसाववाप्नुवन्।#आरुरोह कुमुदाकरोपमां रात्रिजागरपरो दिवाशयः॥"
"वेणुना दशन-पीडित-अधराः वीणया (च​) नख-पद-अङ्कित-ऊरवः शिल्पकार्यः उभयेन वेजिताः तं विजिह्म-नयनाः (सत्यः) व्यलोभयन्","दशन-पीडित-अधराः नख-पद-अङ्कित-ऊरवः वेणुना वीणया (च​) उभयेन वेजिताः शिल्पकार्यः तं विजिह्म-नयनाः (सत्यः) व्यलोभयन्","वेणुना दशनपीडिताधरा वीणया नखपदाङ्कितोरवः।#शिल्पकार्य उभयेन वेजितास्तं विजिह्मनयना व्यलोभयन्॥"
"अङ्ग-सत्व-वचन-आश्रयम् नृत्यम् मिथः स्त्रीषु उपधाय दर्शयन् सः मित्र-सन्निधौ प्रयोग-निपुणैः प्रयोक्तृभिः सह संजघर्ष","अङ्ग-सत्व-वचन-आश्रयम् मिथः स्त्रीषु नृत्यम् उपधाय दर्शयन् सः प्रयोग-निपुणैः प्रयोक्तृभिः संजघर्ष सह मित्र-सन्निधौ","अङ्गसत्त्ववचनाश्रयं मिथः स्त्रीषु नृत्यमुपधाय दर्शयन्।#स प्रयोगनिपुणैः प्रयोक्तृभिः संजघर्ष सह मित्रसंनिधौ॥"
"अंस-लम्बि-कुटज-अर्जुन-स्रजः तस्य नीप-रजस-अङ्ग-रागिणः प्रावृषि प्रमद-बर्हिणेषु अभूत् कृत्रिम-अद्रिषु विहार-विभ्रमः","प्रावृषि अंस-लम्बि-कुटज-अर्जुन-स्रजः नीप-रजस-अङ्ग-रागिणः तस्य प्रमद-बर्हिणेषु कृत्रिम-अद्रिषु विहार-विभ्रमः अभूत्","अंसलम्बिकुटजार्जुनस्रजस्तस्य नीपरजसाङ्गरागिणः।#प्रावृषि प्रमदबर्हिणेष्वभूत्कृत्रिमाद्रिषु विहारविभ्रमः॥"
"विग्रहात् शयने पराङ्मुखीः न अनुनेतुम् अबलाः सः तत्वरे आचकाङ्क्ष घन-शब्द-विक्लवाः ताः विवृत्य विशतीः भुज-अन्तरम्","सः विग्रहात् शयने पराङ्मुखीः अबलाः अनुनेतुम् न तत्वरे घन-शब्द-विक्लवाः विवृत्य भुज-अन्तरम् विशतीः ताः आचकाङ्क्ष","विग्रहाच्च शयने पराङ्मुखीर्नानुनेतुमबलाः स तत्वरे।#आचकाङ्क्ष घनशब्दविक्लवास्ता विवृत्य विशतीर्भुजान्तरम्॥"
"कार्तिकीषु स-वितान-हर्म्य-भाक् यामिनीषु ललित-अङ्गना-सखः सुरत-श्रम-अपहाम् मेघ-मुक्त-विशदाम् चन्द्रिकाम् सः अन्वभुङ्क्त","कार्तिकीषु स-वितान-हर्म्य-भाक् यामिनीषु ललित-अङ्गना-सखः अन्वभुङ्क्त सुरत-श्रम-अपहाम् मेघ-मुक्त-विशदाम् सः चन्द्रिकाम्","कार्तिकीषु सवितानहर्म्यभाग्यामिनीषु ललिताङ्गनासखः।#अन्वभुङ्क्त सुरतश्रमापहां मेघमुक्तविशदां स चन्द्रिकाम्॥"
"हंस-मेखलं सैकतं श्रोणि-बिम्बं-इव विवृण्वतीं स्व-प्रिया-विलसिता-अनुकारिणीं सरयूं सौध-जाल-विवरैः (सः) व्यलोकयत् च​","सैकतं च​ सरयूं विवृण्वतीं श्रोणि-बिम्बं-इव हंस-मेखलं स्व-प्रिया-विलसिता-अनुकारिणीं सौध-जाल-विवरैः (सः) व्यलोकयत्","सैकतं च​ सरयूं विवृण्वतीं श्रोणिबिम्बमिव हंसमेखलम्।#स्वप्रियाविलसितानुकारिणीं सौधजालविवरैर्व्यलोकयत्॥"
"मर्मरैः अगुरु-धूप-गन्धिभिः व्यक्त-हेम-रशनैः तम् एकतः जह्रुः आग्रथन-मोक्ष-लोलुपं हैमनैः निवसनैः सुमध्यमाः","मर्मरैः अगुरु-धूप-गन्धिभिः व्यक्त-हेम-रशनैः हैमनैः निवसनैः सुमध्यमाः एकतः आग्रथन-मोक्ष-लोलुपं तम् जह्रुः","मर्मरैरगुरुधूपगन्धिभिर्व्यक्तहेमरशनैस्तमेकतः।#जह्रुराग्रथनमोक्षलोलुपं हैमनैर्निवसनैः सुमध्यमाः॥"
"अर्पित-स्तिमित-दीप-दृष्टयः सर्व-सुरतान्तर-क्षमाः शिशिर-रात्रयः निवात-कुक्षिषु गर्भ-वेश्मसु तस्य साक्षितां ययुः","अर्पित-स्तिमित-दीप-दृष्टयः गर्भ-वेश्मसु निवात-कुक्षिषु तस्य सर्व-सुरतान्तर-क्षमाः साक्षितां शिशिर-रात्रयः ययुः","अर्पितस्तिमितदीपदृष्टयो गर्भवेश्मसु निवातकुक्षिषु।#तस्य सर्वसुरतान्तरक्षमाः साक्षितां शिशिररात्रयो ययुः॥"
"दक्षिणेन पवनेन सम्भृतम् प्रेक्ष्य चूत-कुसुमम् स-पल्लवम् अन्वनैषुः अवधूत-विग्रहाः तम् दुरुत्सह-वियोगम् अङ्गनाः","अङ्गनाः दक्षिणेन पवनेन सम्भृतम् स-पल्लवम् चूत-कुसुमम् प्रेक्ष्य अवधूत-विग्रहाः दुरुत्सह-वियोगम् तम् अन्वनैषुः","दक्षिणेन पवनेन संभृतं प्रेक्ष्य चूतकुसुमं सपल्लवम्।#अन्वनैषुरवधूतविग्रहास्तं दुरुत्सहवियोगमङ्गनाः॥"
"ताः स्वम् अङ्कम् अधिरोप्य दोलया प्रेङ्खयन् परिजन-अपविद्धया मुक्त-रज्जुः निबिडम् भय-छलात् कण्ठ-बन्धनम् अवाप बाहुभिः (सः)","ताः स्वम् अङ्कम् अधिरोप्य परिजन-अपविद्धया दोलया मुक्त-रज्जुः प्रेङ्खयन् भय-छलात् बाहुभिः निबिडम् कण्ठ-बन्धनम् (सः) अवाप","ताः स्वमङ्कमधिरोप्य दोलया प्रेङ्खयन्परिजनापविद्धया।#मुक्तरज्जु निबिडं भयच्छलात्कण्ठबन्धनमवाप बाहुभिः॥"
"तम् पयोधर-निषिक्त-चन्दनैः मौक्तिक-ग्रथित-चारु-भूषणैः ग्रीष्म-वेष-विधिभिः सिषेविरे श्रोणि-लम्बि-मणि-मेखलैः प्रियाः","प्रियाः पयोधर-निषिक्त-चन्दनैः मौक्तिक-ग्रथित-चारु-भूषणैः श्रोणि-लम्बि-मणि-मेखलैः ग्रीष्म-वेष-विधिभिः तम् सिषेविरे","तं पयोधरनिषिक्तचन्दनैर्मौक्तिकग्रथितचारुभूषणैः।#ग्रीष्मवेषविधिभिः सिषेविरे श्रोणिलम्बिमणिमेखलैः प्रियाः॥"
"यत् सः लग्न-सहकारम् आसवम् रक्त-पाटल-समागमम् पपौ तेन तस्य मधु-निर्गमात् कृशः चित्त-योनिः नवः अभवत् पुनः","सः लग्न-सहकारम् रक्त-पाटल-समागमम् आसवम् पपौ यत् तेन मधु-निर्गमात् कृशः चित्त-योनिः तस्य पुनः नवः अभवत्","यत्स लग्नसहकारमासवं रक्तपाटलसमागमं पपौ।#तेन तस्य मधुनिर्गमात्कृशश्चित्तयोनिरभवत्पुनर्नवः॥46॥"
"एवम् अनङ्ग-वाहितः अन्य कार्य-विमुखः सः पार्थिवः इन्द्रिय-सुखानि निर्विशन् आत्म-लक्षण-निवेदितान् ऋतून् अत्यवाहयत्","एवम् इन्द्रिय-सुखानि निर्विशन् अन्य कार्य-विमुखः सः पार्थिवः आत्म-लक्षण-निवेदितान् ऋतून् अत्यवाहयत् अनङ्ग-वाहितः","एवमिन्द्रियसुखानि निर्विशन्नन्यकार्यविमुखः स पार्थिवः।#आत्मलक्षणनिवेदितानृतूनत्यवाहयदनङ्गवाहितः॥47॥"
"तम् प्रमत्तम् अपि न प्रभावतः शेकुः आक्रमितुम् अन्य-पार्थिवाः आमयः तु रति-राग-संभवः दक्ष-शापः चन्द्रम्-इव (तम्) अक्षिणोत्","प्रमत्तम् अपि तम् प्रभावतः अन्य-पार्थिवाः आक्रमितुम् न शेकुः रति-राग-संभवः आमयः तु दक्ष-शापः चन्द्रम्-इव अक्षिणोत् (तम्)","तं प्रमत्तमपि न प्रभावतः शेकुराक्रमितुमन्यपार्थिवाः।#आमयस्तु रतिरागसंभवो दक्षशाप इव चन्द्रमक्षिणोत्॥48॥"
"दृष्ट-दोषम् अपि तत् न सः अत्यजत् सङ्ग-वस्तु भिषजाम् अन्-आश्रवः स्वादुभिः तु विषयैः हृतः ततः दुःखम् इन्द्रिय-गणः निवार्यते","भिषजाम् अन्-आश्रवः सः दृष्ट-दोषम् अपि तत् सङ्ग-वस्तु न अत्यजत् इन्द्रिय-गणः स्वादुभिः विषयैः हृतः तु ततः दुःखम् निवार्यते","दृष्टदोषमपि तन्न सोऽत्यजत्सङ्गवस्तु भिषजामनाश्रवः।#स्वादुभिस्तु विषयैर्हृतस्ततो दुःखमिन्द्रियगणो निवार्यते॥49॥"
"तस्य पाण्डु-वदना अल्प-भूषणा स-अवलम्ब-गमना मृदु-स्वना राज-यक्ष्म-परिहानिः कामयान-सम-अवस्थया (सह) तुलाम् आययौ","तस्य पाण्डु-वदना अल्प-भूषणा स-अवलम्ब-गमना मृदु-स्वना राज-यक्ष्म-परिहानिः आययौ कामयान-सम-अवस्थया (सह) तुलाम्","तस्य पाण्डुवदनाल्पभूषणा सावलम्बगमना मृदुस्वना।#राजयक्ष्मपरिहानिराययौ कामयानसमवस्थया तुलाम्॥50॥"
"राज्ञि क्षय-आतुरे पश्चिम-कला-स्थित-इन्दु व्योम वा पङ्क-शेषं घर्म-पल्लवं-इव वामन-अर्चिः दीप-भाजनं-इव तत् कुलम् अभूत्","व्योम पश्चिम-कला-स्थित-इन्दु वा पङ्क-शेषं घर्म-पल्लवं-इव राज्ञि तत् कुलम् अभूत् क्षय-आतुरे वामन-अर्चिः दीप-भाजनं-इव","व्योम पश्चिमकलास्थितेन्दु वा पङ्कशेषमिव घर्मपल्वलम्।#राज्ञि तत्कुलमभूत्क्षयातुरे वामनार्चिरिव दीपभाजनम्॥51॥"
"बाढं एषः पार्थिवः दिवसेषु पुत्र-जन्मने कर्म साधयति इति अ-दर्शित-रुजः अस्य मन्त्रिणः अघ-शङ्किनीः प्रजाः शश्वत् ऊचुः","बाढं एषः दिवसेषु पार्थिवः कर्म साधयति पुत्र-जन्मने इति अ-दर्शित-रुजः अस्य मन्त्रिणः शश्वत् ऊचुः अघ-शङ्किनीः प्रजाः","बाढमेष दिवसेषु पार्थिवः कर्म साधयति पुत्रजन्मने।#इत्यदर्शितरुजोऽस्य मन्त्रिणः शश्वदूचुरघशङ्किनीः प्रजाः॥52॥"
"सः तु अनेक-वनिता-सखः अपि सन् पावनीम् अन्-अवलोक्य सन्ततिम् वैद्य-यत्न-परिभाविनम् गदम् न प्रदीपः वायुम्-इव अत्यगात्","सः तु अनेक-वनिता-सखः सन् अपि पावनीम् सन्ततिम् अन्-अवलोक्य वैद्य-यत्न-परिभाविनम् गदम् प्रदीपः वायुम्-इव न अत्यगात्","स त्वनेकवनितासखोऽपि सन्पावनीमनवलोक्य संततिम्।#
वैद्ययत्नपरिभाविनं गदं न प्रदीप इव वायुमत्यगात्॥53॥"
"तम् गृह-उपवने एव सङ्गताः पश्चिम-क्रतु-विदा पुरोधसा (सह​) रोग-शान्तिम् अपदिश्य मन्त्रिणः सम्भृते शिखिनि गूढम् आदधुः","पश्चिम-क्रतु-विदा पुरोधसा (सह​) सङ्गताः मन्त्रिणः गृह-उपवने एव रोग-शान्तिम् अपदिश्य तम् सम्भृते शिखिनि गूढम् आदधुः","तं गृहोपवन एव संगताः पश्चिमक्रतुविदा पुरोधसा।#
रोगशान्तिमपदिश्य मन्त्रिणः संभृते शिखिनि गूढमादधुः॥54॥"
"तैः कृत-प्रकृति-मुख्य-सङ्ग्रहैः आशु तस्य सह-धर्म-चारिणी साधु दृष्ट-शुभ-गर्भ-लक्षणा प्रत्यपद्यत नर-अधिप-श्रियम्","आशु कृत-प्रकृति-मुख्य-सङ्ग्रहैः तैः साधु दृष्ट-शुभ-गर्भ-लक्षणा तस्य सह-धर्म-चारिणी नर-अधिप-श्रियम् प्रत्यपद्यत","तैः कृतप्रकृतिमुख्यसंग्रहैराशु तस्य सहधर्मचारिणी।#
साधुदृष्टशुभगर्भलक्षणा प्रत्यपद्यत नराधिपश्रियम्॥55॥"
"तस्याः तथाविध-नर-इन्द्र-विपत्ति-शोकात् उष्णैः विलोचन-जलैः प्रथम-अभितप्तः निर्वापितः कनक-कुम्भ-मुख-उज्झितेन वंश-अभिषेक-विधिना शिशिरेण गर्भः","तथाविध-नर-इन्द्र-विपत्ति-शोकात् उष्णैः विलोचन-जलैः प्रथम-अभितप्तः तस्याः गर्भः कनक-कुम्भ-मुख-उज्झितेन शिशिरेण वंश-अभिषेक-विधिना निर्वापितः","तस्यास्तथाविधनरेन्द्रविपत्तिशोकादुष्णैर्विलोचनजलैः प्रथमाभितप्तः।#
निर्वापितः कनककुम्भमुखोज्झितेन वंशाभिषेकविधिना शिशिरेण गर्भः॥56॥"
"प्रसव-समय-आकाङ्क्षिणीनां प्रजानां भावार्थम् अन्तर्-गूढं नभो-बीज-मुष्टिं क्षितिः-इव तम् दधाना अ-व्याहत-आज्ञा हेम-सिंहासन-स्था राज्ञी मौलैः स्थविर-सचिवैः सार्धम् भर्तुः राज्यम् विधिवत् अशिषत्","तम् भावार्थम् प्रसव-समय-आकाङ्क्षिणीनां प्रजानां अन्तर्-गूढं क्षितिः-इव नभो-बीज-मुष्टिं दधाना मौलैः सार्धम् स्थविर-सचिवैः हेम-सिंहासन-स्था राज्ञी राज्यम् विधिवत् अशिषत् भर्तुः अ-व्याहत-आज्ञा","तं भावार्थं प्रसवसमयाकाङ्क्षिणीनां प्रजानामन्तर्गूढं क्षितिरिव नभोबीजमुष्टिं दधाना।#मौलैः सार्धं स्थविरसचिवैर्हेमसिंहासनस्था राज्ञी राज्यं विधिवदशिषद्भर्तुरव्याहताज्ञा॥57॥"
"कैलास-गौरम् वृषम् आरुरुक्षोः पाद-अर्पण-अनुग्रह-पूत-पृष्ठम् .; अवेहि माम् किङ्करम् अष्ट-मूर्तेः कुम्भ-उदरम् नाम निकुम्भ-मित्रम् .","कैलास-गौरम् वृषम् आरुरुक्षोः पाद-अर्पण-अनुग्रह-पूत-पृष्ठम् .; अवेहि माम् किङ्करम् अष्ट-मूर्तेः कुम्भ-उदरम् नाम निकुम्भ-मित्रम् .","कैलास-गौरम् वृषम् आरुरुक्षोः पाद​-अर्पण-अनुग्रह​-पूत​-पृष्ठम्।#अवेहि माम् किङ्करम् अष्टमूर्तेः कुम्भोदरम् नाम निकुम्भ​-मित्रम्॥"
"गुणवत्-सुत-रोपित-श्रियः परिणामे हि दिलीप-वंशजाः पदवीम् तरु-वल्क-वाससाम् प्रयताः संयमिनाम् प्रपेदिरे .","गुणवत्-सुत-रोपित-श्रियः . परिणामे हि दिलीप-वंशजाः पदवीम् तरु-वल्क-वाससाम् प्रयताः संयमिनाम् प्रपेदिरे","गुणवत्-सुत​-रोपित-श्रियः परिणामे हि दिलीप-वंशजाः। पदवीं तरु-वल्क-वाससां प्रयताः संयमिनां प्रपेदिरे॥"
"गुणवत्-सुत-रोपित-श्रियः परिणामे हि दिलीप-वंशजाः पदवीम् तरु-वल्क-वाससाम् प्रयताः संयमिनाम् प्रपेदिरे .","गुणवत्-सुत-रोपित-श्रियः . परिणामे हि दिलीप-वंशजाः पदवीम् तरु-वल्क-वाससाम् प्रयताः संयमिनाम् प्रपेदिरे","गुणवत्-सुत​-रोपित-श्रियः परिणामे हि दिलीप-वंशजाः। पदवीं तरु-वल्क-वाससां प्रयताः संयमिनां प्रपेदिरे॥"
"गुणवत्-सुत-रोपित-श्रियः परिणामे हि दिलीप-वंश-जाः पदवीम् तरु-वल्क-वाससाम् प्रयताः संयमिनाम् प्रपेदिरे .","गुणवत्-सुत-रोपित-श्रियः . परिणामे हि दिलीप-वंश-जाः पदवीम् तरु-वल्क-वाससाम् प्रयताः संयमिनाम् प्रपेदिरे","गुणवत्-सुत​-रोपित-श्रियः परिणामे हि दिलीप-वंशजाः। पदवीं तरु-वल्क-वाससां प्रयताः संयमिनां प्रपेदिरे॥"
"गुणवत्-सुत-रोपित-श्रियः परिणामे हि दिलीप-वंश-जाः पदवीम् तरु-वल्क-वाससाम् प्रयताः संयमिनाम् प्रपेदिरे .","गुणवत्-सुत-रोपित-श्रियः . परिणामे हि दिलीप-वंश-जाः पदवीम् तरु-वल्क-वाससाम् प्रयताः संयमिनाम् प्रपेदिरे","गुणवत्-सुत​-रोपित-श्रियः परिणामे हि दिलीप-वंशजाः। पदवीं तरु-वल्क-वाससां प्रयताः संयमिनां प्रपेदिरे॥"