"padacchedah","anvaya","spart"
"सः च वाग्भिः प्रशस्ताभिः गमिष्यन् पूजितः तया तस्मात् देश-आद-प-आक्रम्य चिन्तयाम आस वानरः .","सः चिन्तयाम आस वानरः . च वाग्भिः प्रशस्ताभिः गमिष्यन् पूजितः तया तस्मात् देश-आद-प-आक्रम्य","स च वाग्भिः प्रशस्ताभिर्गमिष्यन् पूजितस्तया। तस्माद् देशादपाक्रम्य चिन्तयामास वानरः॥ १॥"
"इति उक्ताः सीतया घोरम् राक्षस्यः क्रोध-मूर्च्छिताः काश्चित् जग्मुः तत् आख्यातुम् रावणस्य दुरात्मनः .","इति आख्यातुम् रावणस्य दुरात्मनः . उक्ताः सीतया घोरम् राक्षस्यः क्रोध-मूर्च्छिताः काश्चित् जग्मुः तत्","इत्युक्ताः सीतया घोरं राक्षस्यः क्रोधमूर्च्छिताः। काश्चिज्जग्मुस्तदाख्यातुं रावणस्य दुरात्मनः॥"
"ततः रावण-नीतायाः सीतायाः शत्रु-कर्षणः इयेष पदम् अन्वेष्टुम् चारण-आचरिते पथि","ततः रावण-नीतायाः सीतायाः शत्रु-कर्षणः इयेष पदम् अन्वेष्टुम् चारण-आचरिते पथि","ततो रावणनीतायाः सीतायाः शत्रुकर्शनः।#इयेष पदमन्वेष्टुं चारणाचरिते पथि॥"
". दुष्करम् निष्-प्रति द्वन्द्वम् चिकीर्षन् कर्म वानरः सम्-उत्-अग्र-शिर ग्रीवः गवाम् पतिः इव आबभौ",". दुष्करम् आबभौ निष्-प्रति द्वन्द्वम् चिकीर्षन् कर्म वानरः सम्-उत्-अग्र-शिर ग्रीवः गवाम् पतिः इव","दुष्करं निष्प्रतिद्वन्द्वं चिकीर्षन् कर्म वानरः।#समुदग्रशिरोग्रीवो गवां पतिरिवाबभौ॥"
"अथ वैडूर्य-वर्णेषु शाद्वलेषु महा-बलः धीरः सलिलकल्पेषु विचचार यथा-सुखम् .","अथ वैडूर्य-वर्णेषु शाद्वलेषु महा-बलः धीरः सलिलकल्पेषु विचचार यथा-सुखम् .","अथ वैदूर्यवर्णेषु शाद्वलेषु महाबलः।#धीरः सलिलकल्पेषु विचचार यथासुखम्॥"
"द्विजान् वित्रासयन् धीमान् उरसा पादपान् हरन् मृगान् च सु-बहून् निघ्नन् प्रवृद्धः इव केसरी (विचचार)","द्विजान् निघ्नन् प्रवृद्धः इव केसरी (विचचार) वित्रासयन् धीमान् उरसा पादपान् हरन् मृगान् च सु-बहून्","द्विजान् वित्रासयन् धीमानुरसा पादपान् हरन्।#मृगांश्च सुबहून् निघ्नन् प्रवृद्ध इव केसरी॥"
"नील-लोहित-माञ्जिष्ठ-पद्म-वर्णैः सित-असितैः स्व-भाव-विहितैः चित्रैः धातुभिः समलङ्कृतम् तलम् च (अस्ति)","नील-लोहित-माञ्जिष्ठ-पद्म-वर्णैः सित-असितैः स्व-भाव-विहितैः चित्रैः धातुभिः समलङ्कृतम् तलम् च (अस्ति)","नीललोहितमाञ्जिष्ठपद्मवर्णैः सितासितैः।#स्वभावसिद्धैर्विमलैर्धातुभिः समलंकृतम्॥"
"काम-रूपिभिः आविष्टम् अभीक्ष्णम् स-परिच्छदैः यक्ष-किन्नर-गन्धर्वैः देवकल्पैः च स-पन्नगैः (आविष्टम्) तलम्","काम-रूपिभिः तलम् आविष्टम् अभीक्ष्णम् स-परिच्छदैः यक्ष-किन्नर-गन्धर्वैः देवकल्पैः च स-पन्नगैः (आविष्टम्)","कामरूपिभिराविष्टमभीक्ष्णं सपरिच्छदैः।#यक्षकिंनरगन्धर्वैर्देवकल्पैः सपन्नगैः॥"
"सः तस्य गिरि-वर्यस्य तले नाग-वर-आयुते तिष्ठन् कपि-वरः तत्र ह्रदे नागः इव आबभौ","सः नागः इव आबभौ तस्य गिरि-वर्यस्य तले नाग-वर-आयुते तिष्ठन् कपि-वरः तत्र ह्रदे","स तस्य गिरिवर्यस्य तले नागवरायुते।#तिष्ठन् कपिवरस्तत्र ह्रदे नाग इवाबभौ॥"
"सः सूर्याय महेन्द्राय पवनाय स्वयम्-भुवे भूतेभ्यः च अञ्जलिम् कृत्वा चकार गमने मतिम्","सः चकार गमने मतिम् सूर्याय महेन्द्राय पवनाय स्वयम्-भुवे भूतेभ्यः च अञ्जलिम् कृत्वा","स सूर्याय महेन्द्राय पवनाय स्वयम्भुवे।#भूतेभ्यश्चाञ्जलिं कृत्वा चकार गमने मतिम्॥"
"अञ्जलिम् प्राङ्मुखः कुर्वन् पवनाय आत्म-योनये ततः हि ववृधे गन्तुम् दक्षिणः दक्षिणाम् दिशम् .","अञ्जलिम् दक्षिणः दक्षिणाम् दिशम् . प्राङ्मुखः कुर्वन् पवनाय आत्म-योनये ततः हि ववृधे गन्तुम्","अञ्जलिं प्राङ्मुखं कुर्वन् पवनायात्मयोनये।#ततो हि ववृधे गन्तुं दक्षिणो दक्षिणां दिशम्॥"
"प्लवङ्ग-प्रवरैः दृष्टः प्लवने कृत-निश्चयः ववृधे राम-वृद्धि-अर्थम् समुद्रः इव पर्वसु","प्लवङ्ग-प्रवरैः दृष्टः प्लवने कृत-निश्चयः ववृधे राम-वृद्धि-अर्थम् समुद्रः इव पर्वसु","प्लवगप्रवरैर्दृष्टः प्लवने कृतनिश्चयः।#ववृधे रामवृद्ध्यर्थं समुद्र इव पर्वसु॥"
"निष्-प्रमाण-शरीरः सन् लिलङ्घयिषुः अर्णवम् बाहुभ्याम् पीडयामास चरणाभ्याम् च पर्वतम् (हनूमान्)","निष्-प्रमाण-शरीरः (हनूमान्) सन् लिलङ्घयिषुः अर्णवम् बाहुभ्याम् पीडयामास चरणाभ्याम् च पर्वतम्","निष्प्रमाणशरीरः सँल्लिलङ्घयिषुरर्णवम्।#बाहुभ्यां पीडयामास चरणाभ्यां च पर्वतम्॥"
"सः चचाल अचलः च अपि मुहूर्तम् कपि-पीडितः तरूणाम् पुष्पित-अग्राणाम् सर्वम् पुष्पम् अशातयत्","सः सर्वम् पुष्पम् अशातयत् चचाल अचलः च अपि मुहूर्तम् कपि-पीडितः तरूणाम् पुष्पित-अग्राणाम्","स चचालाचलश्चाशु मुहूर्तं कपिपीडितः।#तरूणां पुष्पिताग्राणां सर्वं पुष्पमशातयत्॥"
"तेन पादप-मुक्तेन पुष्प-ओघेण सुगन्धिना सर्वतः संवृतः शैलः बभौ पुष्पमयः यथा","तेन यथा पादप-मुक्तेन पुष्प-ओघेण सुगन्धिना सर्वतः संवृतः शैलः बभौ पुष्पमयः","तेन पादपमुक्तेन पुष्पौघेण सुगन्धिना।#सर्वतः संवृतः शैलो बभौ पुष्पमयो यथा॥"
"तेन च उत्तम-वीर्येण पीड्यमानः सः पर्वतः सलिलम् सम्प्रसुस्राव मदम् मत्तः इव द्विपः","तेन मत्तः इव द्विपः च उत्तम-वीर्येण पीड्यमानः सः पर्वतः सलिलम् सम्प्रसुस्राव मदम्","तेन चोत्तमवीर्येण पीड्यमानः स पर्वतः।#सलिलं सम्प्रसुस्राव मदमत्त इव द्विपः॥ "
"पीड्यमानः तु बलिना महा-इन्द्रः तेन पर्वतः रीतीः निर्वर्तयामास काञ्चन-अञ्जन-राजतीः .","पीड्यमानः . तु बलिना महा-इन्द्रः तेन पर्वतः रीतीः निर्वर्तयामास काञ्चन-अञ्जन-राजतीः","पीड्यमानस्तु बलिना महेन्द्रस्तेन पर्वतः।#रीतीर्निर्वर्तयामास काञ्चनाञ्जनराजतीः॥"
"मुमोच च शिलाः शैलः विशालाः स-मनःशिलाः मध्यमेन अर्चिषा जुष्टः धूम-राजीः इव अनलः","मुमोच जुष्टः धूम-राजीः इव अनलः च शिलाः शैलः विशालाः स-मनःशिलाः मध्यमेन अर्चिषा","मुमोच च शिलाः शैलो विशालाः समनःशिलाः।#मध्यमेनार्चिषा जुष्टो धूमराजीरिवानलः॥"
"गिरिणा पीड्यमानेन पीड्यमानानि सर्वतः गुहा-आविष्टानि भूतानि विनेदुः विकृतैः स्वरैः","गिरिणा पीड्यमानेन पीड्यमानानि सर्वतः गुहा-आविष्टानि भूतानि विनेदुः विकृतैः स्वरैः","हरिणा पीड्यमानेन पीड्यमानानि सर्वतः।#गुहाविष्टानि सत्त्वानि विनेदुर्विकृतैः स्वरैः॥"
"सः महान्-सत्त्व-सत्-नादः शैल-पीडा-निमित्त-जः पृथिवीम् पूरयामास दिशः च उपवनानि च","सः महान्-सत्त्व-सत्-नादः शैल-पीडा-निमित्त-जः पृथिवीम् पूरयामास दिशः च उपवनानि च","स महान् सत्त्वसन्नादः शैलपीडानिमित्तजः।#पृथिवीं पूरयामास दिशश्चोपवनानि च॥"
"शिरोभिः पृथुभिः सर्पाः व्यक्त-स्वस्तिक-लक्षणैः वमन्तः पावकम् घोरम् ददंशुः दशनैः शिलाः","शिरोभिः शिलाः पृथुभिः सर्पाः व्यक्त-स्वस्तिक-लक्षणैः वमन्तः पावकम् घोरम् ददंशुः दशनैः","शिरोभिः पृथुभिर्नागा व्यक्तस्वस्तिकलक्षणैः।#वमन्तः पावकं घोरं ददंशुर्दशनैः शिलाः॥"
"ताः तदा स-विषैः दष्टाः कुपितैः तैः महा-शिलाः जज्वलुः पावक-उद्दीप्ताः बिभिदुः च सहस्रधा","ताः बिभिदुः च सहस्रधा तदा स-विषैः दष्टाः कुपितैः तैः महा-शिलाः जज्वलुः पावक-उद्दीप्ताः","तास्तदा सविषैर्दष्टाः कुपितैस्तैर्महाशिलाः।#जज्वलुः पावकोद्दीप्ता बिभिदुश्च सहस्रधा॥"
"यानि च औषध-जालानि तस्मिन् जातानि पर्वते विष-घ्नानि अपि नागानाम् न शेकुः शमितुम् विषम् .","यानि न शेकुः शमितुम् विषम् . च औषध-जालानि तस्मिन् जातानि पर्वते विष-घ्नानि अपि नागानाम्","यानि त्वौषधजालानि तस्मिञ्जातानि पर्वते।#विषघ्नान्यपि नागानां न शेकुः शमितुं विषम्॥"
"भिद्यते अयम् गिरिः भूतैः इति मत्वा तपस्विनः त्रस्ताः विद्या-धराः तस्मात् उत्पेतुः स्त्री-गणैः सह .","भिद्यते तस्मात् उत्पेतुः स्त्री-गणैः सह . अयम् गिरिः भूतैः इति मत्वा तपस्विनः त्रस्ताः विद्या-धराः","भिद्यतेऽयं गिरिर्भूतैरिति मत्वा तपस्विनः।#त्रस्ता विद्याधरास्तस्मादुत्पेतुः स्त्रीगणैः सह॥"
"पान-भूमि-गतम् हित्वा हैमम् आसव-भाजनम् पात्राणि च महा-अर्हाणि करकान् च हिरण्मयान् (उत्पेतुः)","पान-भूमि-गतम् हिरण्मयान् (उत्पेतुः) हित्वा हैमम् आसव-भाजनम् पात्राणि च महा-अर्हाणि करकान् च","पानभूमिगतं हित्वा हैममासवभाजनम्।#पात्राणि च महार्हाणि करकांश्च हिरण्मयान्॥"
"लेह्यान् उच्चावचान् भक्ष्यान् मांसानि विविधानि च आर्षभाणि च चर्माणि खडगान् च कनक-त्सरून् (उत्पेतुः) (हित्वा)","लेह्यान् खडगान् च कनक-त्सरून् (उत्पेतुः) (हित्वा) उच्चावचान् भक्ष्यान् मांसानि विविधानि च आर्षभाणि च चर्माणि","लेह्यानुच्चावचान् भक्ष्यान् मांसानि विविधानि च।#आर्षभाणि च चर्माणि खड्गांश्च कनकत्सरून्॥"
"कृत-कण्ठ-गुणाः क्षीबाः रक्त-माल्य-अनुलेपनाः रक्त-अक्षाः पुष्कर-अक्षाः च गगनम् प्रतिपेदिरे विद्या-धराः","कृत-कण्ठ-गुणाः क्षीबाः रक्त-माल्य-अनुलेपनाः रक्त-अक्षाः पुष्कर-अक्षाः च गगनम् प्रतिपेदिरे विद्या-धराः","कृतकण्ठगुणाः क्षीबा रक्तमाल्यानुलेपनाः।#रक्ताक्षाः पुष्कराक्षाश्च गगनं प्रतिपेदिरे॥"
"हार-नूपुर-केयूर-पारिहार्य-धराः स्त्रियः विस्मिताः सस्मिताः तस्थुः आकाशे रमणैः सह .","हार-नूपुर-केयूर-पारिहार्य-धराः स्त्रियः विस्मिताः सस्मिताः तस्थुः आकाशे रमणैः सह .","हारनूपुरकेयूरपारिहार्यधराः स्त्रियः।#विस्मिताः सस्मितास्तस्थुराकाशे रमणौः सह॥"
"एषः पर्वत-सङ्काशः हनुमान् मारुत-आत्मजः तितीर्षति महा-वेगः समुद्रम् मकर-आलयम् .","एषः पर्वत-सङ्काशः हनुमान् मारुत-आत्मजः तितीर्षति महा-वेगः समुद्रम् मकर-आलयम् .","एष पर्वतसंकाशो हनुमान् मारुतात्मजः।#तितीर्षति महावेगः समुद्रं वरुणालयम्॥"
"राम-अर्थम् वानर-अर्थम् च चिकीर्षन् कर्म दुष्करम् समुद्रस्य परम् पारम् दुष्प्रापम् प्राप्तुम् इच्छति .","राम-अर्थम् दुष्प्रापम् प्राप्तुम् इच्छति . वानर-अर्थम् च चिकीर्षन् कर्म दुष्करम् समुद्रस्य परम् पारम्","रामार्थं वानरार्थं च चिकीर्षन् कर्म दुष्करम्।#समुद्रस्य परं पारं दुष्प्रापं प्राप्तुमिच्छति॥"
"इति विद्या-धराः श्रुत्वा वचः तेषाम् महा-आत्मनाम् तम् अ-प्रमेयम् ददृशुः पर्वते वानर-ऋषभम् .","इति पर्वते वानर-ऋषभम् . विद्या-धराः श्रुत्वा वचः तेषाम् महा-आत्मनाम् तम् अ-प्रमेयम् ददृशुः","इति विद्याधरा वाचः श्रुत्वा तेषां तपस्विनाम्।#तमप्रमेयं ददृशुः पर्वते वानरर्षभम्॥"
"दुधुवे च सः रोमाणि चकम्पे च अनल-उपमः ननाद सु-महानादम् सु-महान् इव तोयदः .","दुधुवे सु-महान् इव तोयदः . च सः रोमाणि चकम्पे च अनल-उपमः ननाद सु-महानादम्","दुधुवे च स रोमाणि चकम्पे चानलोपमः।#ननाद च महानादं सुमहानिव तोयदः॥"
"आनुपूर्व्येण वृत्तम् च लाङ्गूलम् लोमभिः चितम् उत्पतिष्यन् विचिक्षेप पक्षि-राजः इव उरगम् हनूमान्","आनुपूर्व्येण इव उरगम् हनूमान् वृत्तम् च लाङ्गूलम् लोमभिः चितम् उत्पतिष्यन् विचिक्षेप पक्षि-राजः","आनुपूर्व्या च वृत्तं तल्लाङ्गूलं रोमभिश्चितम्।#उत्पतिष्यन् विचिक्षेप पक्षिराज इवोरगम्॥"
"तस्य लाङ्गूलम् आविद्धम् अति-वेगस्य पृष्ठतः ददृशे गरुडेन इव ह्रियमाणः महा-उरगः .","तस्य महा-उरगः . लाङ्गूलम् आविद्धम् अति-वेगस्य पृष्ठतः ददृशे गरुडेन इव ह्रियमाणः","तस्य लाङ्गूलमाविद्धमतिवेगस्य पृष्ठतः।#ददृशे गरुडेनेव ह्रियमाणो महोरगः॥"
"बाहू संस्तम्भयामास महा-परिघ-सन्निभौ आससाद च कपिः कट्याम् चरणौ सञ्चुकोच","बाहू संस्तम्भयामास महा-परिघ-सन्निभौ आससाद च कपिः कट्याम् चरणौ सञ्चुकोच","बाहू संस्तम्भयामास महापरिघसंनिभौ।#आससाद कपिः कट्यां चरणौ संचुकोच च॥"
"संहृत्य च भुजौ श्रीमान् तथा एव च शिरो-धराम् तेजः सत्त्वम् तथा वीर्यम् आविवेश सः वीर्यवान्","संहृत्य सत्त्वम् तथा वीर्यम् आविवेश सः वीर्यवान् च भुजौ श्रीमान् तथा एव च शिरो-धराम् तेजः","संहृत्य च भुजौ श्रीमांस्तथैव च शिरोधराम्।#तेजः सत्त्वं तथा वीर्यमाविवेश स वीर्यवान्॥"
"मार्गम् आलोकयन् दूरात् ऊर्ध्व-प्रणिहित-ईक्षणः रुरोध हृदये प्राणान् आकाशम् अवलोकयन् .","मार्गम् . आलोकयन् दूरात् ऊर्ध्व-प्रणिहित-ईक्षणः रुरोध हृदये प्राणान् आकाशम् अवलोकयन्","मार्गमालोकयन् दूरादूर्ध्वप्रणिहितेक्षणः।#रुरोध हृदये प्राणानाकाशमवलोकयन्॥"
"पद्भयाम् दृढम् अवस्थानम् कृत्वा सः कपि-कुञ्जरः निकुञ्च्य कर्णौ हनुमान् उत्पतिष्यन् महा-बलः वानरान् वानर-श्रेष्ठः इदम् वचनम् अब्रवीत् .","पद्भयाम् उत्पतिष्यन् महा-बलः वानरान् वानर-श्रेष्ठः इदम् वचनम् अब्रवीत् . दृढम् अवस्थानम् कृत्वा सः कपि-कुञ्जरः निकुञ्च्य कर्णौ हनुमान्","पद्भ्यां दृढमवस्थानं कृत्वा स कपिकुञ्जरः।#निकुच्य कर्णौ हनुमानुत्पतिष्यन् महाबलः॥वानरान् वानरश्रेष्ठ इदं वचनमब्रवीत्।"
"यथा राघव-निर्मुक्तः शरः श्वसन-विक्रमः गच्छेत् तद्वत् गमिष्यामि लङ्काम् रावण-पालिताम् (अहम्)","यथा (अहम्) राघव-निर्मुक्तः शरः श्वसन-विक्रमः गच्छेत् तद्वत् गमिष्यामि लङ्काम् रावण-पालिताम्","यथा राघवनिर्मुक्तः शरः श्वसनविक्रमः॥#गच्छेत् तद्वद् गमिष्यामि लंकां रावणपालिताम्।"
"न हि द्रक्ष्यामि यदि ताम् लङ्कायाम् जनक-आत्मजाम् अनेन एव हि वेगेन गमिष्यामि सुर-आलयम्","न हि वेगेन गमिष्यामि सुर-आलयम् हि द्रक्ष्यामि यदि ताम् लङ्कायाम् जनक-आत्मजाम् अनेन एव","नहि द्रक्ष्यामि यदि तां लंकायां जनकात्मजाम्॥#अनेनैव हि वेगेन गमिष्यामि सुरालयम्।"
"वा त्रि-दिवे सीताम् न द्रक्ष्यामि कृतश्रमः बद्ध्वा राक्षस-राजानम् आनयिष्यामि रावणम्","आनयिष्यामि रावणम् वा त्रि-दिवे सीताम् न द्रक्ष्यामि कृतश्रमः बद्ध्वा राक्षस-राजानम्","यदि वा त्रिदिवे सीतां न द्रक्ष्यामि कृतश्रमः॥#बद्‍ध्वा राक्षसराजानमानयिष्यामि रावणम्।"
"सर्वथा कृत-कार्यः अहम् एष्यामि सह सीतया आनयिष्यामि वा लङ्काम् समुत्पाट्य स-रावणाम्","सर्वथा समुत्पाट्य स-रावणाम् कृत-कार्यः अहम् एष्यामि सह सीतया आनयिष्यामि वा लङ्काम्","सर्वथा कृतकार्योऽहमेष्यामि सह सीतया॥#आनयिष्यामि वा लंकां समुत्पाट्य सरावणाम्।"
"एवम् उक्त्वा तु हनुमान् वानरान् वानर-उत्तमः अथ वेगेन वेगवान् अविचारयन् सुपर्णम् इव च आत्मानम् मेने सः कपि-कुञ्जरः उत्पपात","एवम् अविचारयन् सुपर्णम् इव च आत्मानम् मेने सः कपि-कुञ्जरः उत्पपात उक्त्वा तु हनुमान् वानरान् वानर-उत्तमः अथ वेगेन वेगवान्","एवमुक्त्वा तु हनुमान् वानरो वानरोत्तमः॥#उत्पपाताथ वेगेन वेगवानविचारयन्।सुपर्णमिव चात्मानं मेने स कपिकुञ्जरः॥"
"समुत्पतति तस्मिन् तु वेगात् ते नग-रोहिणः संहृत्य विटपान् सर्वान् समुत्पेतुः समन्ततः","समुत्पतति समुत्पेतुः समन्ततः तस्मिन् तु वेगात् ते नग-रोहिणः संहृत्य विटपान् सर्वान्","समुत्पतति वेगात् तु वेगात् ते नगरोहिणः।#संहृत्य विटपान् सर्वान् समुत्पेतुः समन्ततः॥"
"सः मत्त-कोयष्टिभकान् पादपान् पुष्प-शालिनः उद्वहन् ऊरु-वेगेन जगाम विमले अम्बरे","सः मत्त-कोयष्टिभकान् पादपान् पुष्प-शालिनः उद्वहन् ऊरु-वेगेन जगाम विमले अम्बरे","स मत्तकोयष्टिभकान् पादपान् पुष्पशालिनः।#उद्वहन्नुरुवेगेन जगाम विमलेऽम्बरे॥"
"ऊरु-वेग-उद्धताः वृक्षाः मुहूर्तम् कपिम् अन्वयुः प्रस्थितम् दीर्घम् अध्वानम् स्व-बन्धुम् इव बान्धवाः","ऊरु-वेग-उद्धताः इव बान्धवाः वृक्षाः मुहूर्तम् कपिम् अन्वयुः प्रस्थितम् दीर्घम् अध्वानम् स्व-बन्धुम्","ऊरुवेगोत्थिता वृक्षा मुहूर्तं कपिमन्वयुः।#प्रस्थितं दीर्घमध्वानं स्वबन्धुमिव बान्धवाः॥"
"तम् ऊरु वेग-उन्मथिताः सालाः च अन्ये नग-उत्तमाः अनुजग्मुः हनूमन्तम् सैन्याः इव मही-पतिम्","तम् इव मही-पतिम् ऊरु वेग-उन्मथिताः सालाः च अन्ये नग-उत्तमाः अनुजग्मुः हनूमन्तम् सैन्याः","तमूरुवेगोन्मथिताः सालाश्चान्ये नगोत्तमाः।#अनुजग्मुर्हनूमन्तं सैन्या इव महीपतिम्॥"
"सु-पुष्पित-अग्रैः बहुभिः पादपैः अन्वितः कपिः हनुमान् पर्वत-आकारः बभूव अद्भुत-दर्शनः .","सु-पुष्पित-अग्रैः . बहुभिः पादपैः अन्वितः कपिः हनुमान् पर्वत-आकारः बभूव अद्भुत-दर्शनः","सुपुष्पिताग्रैर्बहुभिः पादपैरन्वितः कपिः।#हनूमान् पर्वताकारो बभूवाद्भुतदर्शनः॥"
"सारवन्तः अथ ये वृक्षाः न्यमज्जन् लवण-अम्भसि भयात् इव महा-इन्द्रस्य पर्वताः वरुण-आलये .","सारवन्तः पर्वताः वरुण-आलये . अथ ये वृक्षाः न्यमज्जन् लवण-अम्भसि भयात् इव महा-इन्द्रस्य","सारवन्तोऽथ ये वृक्षा न्यमज्जँल्लवणाम्भसि।#भयादिव महेन्द्रस्य पर्वता वरुणालये॥"
"सः नाना कुसुमैः कीर्णः कपिः स-अङ्कुर-कोरकैः शुशुभे मेघ-सम्-काशः ख-द्योतैः इव पर्वतः .","सः इव पर्वतः . नाना कुसुमैः कीर्णः कपिः स-अङ्कुर-कोरकैः शुशुभे मेघ-सम्-काशः ख-द्योतैः","स नानाकुसुमैः कीर्णः कपिः साङ्कुरकोरकैः।#शुशुभे मेघसंकाशः खद्योतैरिव पर्वतः॥"
"विमुक्ताः तस्य वेगेन मुक्त्वा पुष्पाणि ते द्रुमाः व्यवशीर्यन्त सलिले निवृत्ताः सुहृदः यथा .","विमुक्ताः निवृत्ताः सुहृदः यथा . तस्य वेगेन मुक्त्वा पुष्पाणि ते द्रुमाः व्यवशीर्यन्त सलिले","विमुक्तास्तस्य वेगेन मुक्त्वा पुष्पाणि ते द्रुमाः।#व्यवशीर्यन्त सलिले निवृत्ताः सुहृदो यथा॥"
"लघुत्वेन उपपन्नम् तत् विचित्रम् सागरे अपतत् द्रुमाणाम् विविधम् पुष्पम् कपि-वायु-समीरितम् .","लघुत्वेन कपि-वायु-समीरितम् . उपपन्नम् तत् विचित्रम् सागरे अपतत् द्रुमाणाम् विविधम् पुष्पम्","लघुत्वेनोपपन्नं तद् विचित्रं सागरेऽपतत्।#द्रुमाणां विविधं पुष्पं कपिवायुसमीरितम्॥"
"पुष्प-ओघेण सुगन्धेन नाना वर्णेन वानरः बभौ मेघः इव आकाशे विद्युत्-गण-विभूषितः","पुष्प-ओघेण विद्युत्-गण-विभूषितः सुगन्धेन नाना वर्णेन वानरः बभौ मेघः इव आकाशे","पुष्पौघेण सुगन्धेन नानावर्णेन वानरः।#बभौ मेघ इवोद्यन् वै विद्युद‍्गणविभूषितः॥"
"तस्य वेग-समाधूतैः पुष्पैः तोयम् अदृश्यत ताराभिः अभिरामाभिः उदिताभिः इव अम्बरम् .","तस्य अम्बरम् . वेग-समाधूतैः पुष्पैः तोयम् अदृश्यत ताराभिः अभिरामाभिः उदिताभिः इव","तस्य वेगसमुद्भूतैः पुष्पैस्तोयमदृश्यत।#ताराभिरिव रामाभिरुदिताभिरिवाम्बरम्॥"
"तस्य अम्बर-गतौ ददृशाते प्रसारितौ पर्वत-अग्रात् विनिष्क्रान्तौ पञ्च-आस्यौ इव पन्नगौ बाहू","तस्य बाहू अम्बर-गतौ ददृशाते प्रसारितौ पर्वत-अग्रात् विनिष्क्रान्तौ पञ्च-आस्यौ इव पन्नगौ","तस्याम्बरगतौ बाहू ददृशाते प्रसारितौ।#पर्वताग्राद् विनिष्क्रान्तौ पञ्चास्याविव पन्नगौ॥"
"पिबन् इव बभौ च अपि स-ऊर्मि-जालम् महा-अर्णवम् पिपासुः इव च आकाशम् ददृशे सः महा-कपिः .","पिबन् च आकाशम् ददृशे सः महा-कपिः . इव बभौ च अपि स-ऊर्मि-जालम् महा-अर्णवम् पिपासुः इव","पिबन्निव बभौ चापि सोर्मिजालं महार्णवम्।#पिपासुरिव चाकाशं ददृशे स महाकपिः॥"
"तस्य विद्युत्-प्रभा-आकारे वायु-मार्ग-अनुसारिणः नयने विप्रकाशेते पर्वतस्थौ इव अनलौ .","तस्य . विद्युत्-प्रभा-आकारे वायु-मार्ग-अनुसारिणः नयने विप्रकाशेते पर्वतस्थौ इव अनलौ","तस्य विद्युत्प्रभाकारे वायुमार्गानुसारिणः।#नयने विप्रकाशेते पर्वतस्थाविवानलौ॥"
"पिङ्गे पिङ्ग-अक्ष-मुख्यस्य बृहती परिमण्डले चक्षुषी सम्प्रकाशेते चन्द्र-सूर्यौ इव स्थितौ .","पिङ्गे . पिङ्ग-अक्ष-मुख्यस्य बृहती परिमण्डले चक्षुषी सम्प्रकाशेते चन्द्र-सूर्यौ इव स्थितौ","पिङ्गे पिङ्गाक्षमुख्यस्य बृहती परिमण्डले।#चक्षुषी सम्प्रकाशेते चन्द्रसूर्याविव स्थितौ॥"
"मुखम् नासिकया तस्य ताम्रया ताम्रम् आबभौ सन्ध्यया समभिस्पृष्टम् यथा स्यात् सूर्य-मण्डलम् .","मुखम् स्यात् सूर्य-मण्डलम् . नासिकया तस्य ताम्रया ताम्रम् आबभौ सन्ध्यया समभिस्पृष्टम् यथा","मुखं नासिकया तस्य ताम्रया ताम्रमाबभौ।#संध्यया समभिस्पृष्टं यथा स्यात् सूर्यमण्डलम्॥"
"लाङ्गूलम् च समाविद्धम् प्लवमानस्य शोभते अम्बरे वायु-पुत्रस्य शक्र-ध्वजः इव उच्छ्रितम् .","लाङ्गूलम् उच्छ्रितम् . च समाविद्धम् प्लवमानस्य शोभते अम्बरे वायु-पुत्रस्य शक्र-ध्वजः इव","लाङ्गूलं च समाविद्धं प्लवमानस्य शोभते।#अम्बरे वायुपुत्रस्य शक्रध्वज इवोच्छ्रितम्॥"
"लाङ्गूल-चक्रः हनुमान् शुक्ल-दंष्ट्रः अनिल-आत्मजः व्यरोचत महा-प्राज्ञः परिवेषी इव भास्करः .","लाङ्गूल-चक्रः . हनुमान् शुक्ल-दंष्ट्रः अनिल-आत्मजः व्यरोचत महा-प्राज्ञः परिवेषी इव भास्करः","लाङ्गूलचक्रो हनुमान् शुक्लदंष्ट्रोऽनिलात्मजः।#व्यरोचत महाप्राज्ञः परिवेषीव भास्करः॥"
"स्फिक्-देशेन अतिताम्रेण रराज सः महा-कपिः महता दारितेन इव गिरिः गैरिक-धातुना .","स्फिक्-देशेन गैरिक-धातुना . अतिताम्रेण रराज सः महा-कपिः महता दारितेन इव गिरिः","स्फिग्देशेनातिताम्रेण रराज स महाकपिः।#महता दारितेनेव गिरिर्गैरिकधातुना॥"
"तस्य वानर-सिंहस्य प्लवमानस्य सागरम् कक्षा-अन्तर-गतः वायुः जीमूतः इव गर्जति .","तस्य . वानर-सिंहस्य प्लवमानस्य सागरम् कक्षा-अन्तर-गतः वायुः जीमूतः इव गर्जति","तस्य वानरसिंहस्य प्लवमानस्य सागरम्।#कक्षान्तरगतो वायुर्जीमूत इव गर्जति॥"
"खे यथा निपतति उल्का उत्तर-अन्तात् विनिःसृता दृश्यते सानु-बन्धा च तथा सः कपि-कुञ्जरः .","खे तथा सः कपि-कुञ्जरः . यथा निपतति उल्का उत्तर-अन्तात् विनिःसृता दृश्यते सानु-बन्धा च","खे यथा निपतत्युल्का उत्तरान्ताद् विनिःसृता।#दृश्यते सानुबन्धा च तथा स कपिकुञ्जरः॥"
"पतत्-पतङ्ग-सङ्काशः व्यायतः शुशुभे कपिः प्रवृद्धः इव मातङ्गः कक्ष्यया बध्यमानया .","पतत्-पतङ्ग-सङ्काशः . व्यायतः शुशुभे कपिः प्रवृद्धः इव मातङ्गः कक्ष्यया बध्यमानया","पतत्पतङ्गसंकाशो व्यायतः शुशुभे कपिः।#प्रवृद्ध इव मातङ्गः कक्ष्यया बध्यमानया॥"
"उपरिष्टात् शरीरेण छायया च अवगाढया सागरे मारुत-आविष्टा नौः इव आसीत् तदा कपिः","उपरिष्टात् आसीत् तदा कपिः शरीरेण छायया च अवगाढया सागरे मारुत-आविष्टा नौः इव","उपरिष्टाच्छरीरेण च्छायया चावगाढया।#सागरे मारुताविष्टा नौरिवासीत् तदा कपिः॥"
"यम् यम् देशम् समुद्रस्य जगाम सः महा-कपिः सः तु तस्य अङ्ग-वेगेन स-उन्मादः इव लक्ष्यते .","यम् तस्य अङ्ग-वेगेन स-उन्मादः इव लक्ष्यते . यम् देशम् समुद्रस्य जगाम सः महा-कपिः सः तु","यं यं देशं समुद्रस्य जगाम स महाकपिः।#स तु तस्याङ्गवेगेन सोन्माद इव लक्ष्यते॥"
"सागरस्य ऊर्मि-जालानाम् उरसा शैल-वर्ष्मणाम् अभिघ्नन् तु महा-वेगः पुप्लुवे सः महा-कपिः .","सागरस्य महा-कपिः . ऊर्मि-जालानाम् उरसा शैल-वर्ष्मणाम् अभिघ्नन् तु महा-वेगः पुप्लुवे सः","सागरस्योर्मिजालानामुरसा शैलवर्ष्मणाम्।#अभिध्नंस्तु महावेगः पुप्लुवे स महाकपिः॥"
"कपि-वातः च बलवान् मेघ-वातः च निःसृतः सागरम् भीम-निर्-ह्रादम् कम्पयामासतुः भृशम् .","कपि-वातः भृशम् . च बलवान् मेघ-वातः च निःसृतः सागरम् भीम-निर्-ह्रादम् कम्पयामासतुः","कपिवातश्च बलवान् मेघवातश्च निर्गतः।#सागरं भीमनिर्ह्रादं कम्पयामासतुर्भृशम्॥"
"विकर्षन् ऊर्मि-जालानि बृहन्ति लवण-अम्भसि पुप्लुवे कपि-शार्दूलः विकिरन् इव रोदसी .","विकर्षन् . ऊर्मि-जालानि बृहन्ति लवण-अम्भसि पुप्लुवे कपि-शार्दूलः विकिरन् इव रोदसी","विकर्षन्नूर्मिजालानि बृहन्ति लवणाम्भसि।#पुप्लुवे कपिशार्दूलो विकिरन्निव रोदसी॥"
"मेरु-मन्दर-सम्-काशान् उद्गतान् सु-महा-अर्णवे अत्यक्रामत् महा-वेगः तरङ्गान् गणयन् इव .","मेरु-मन्दर-सम्-काशान् . उद्गतान् सु-महा-अर्णवे अत्यक्रामत् महा-वेगः तरङ्गान् गणयन् इव","मेरुमन्दरसंकाशानुद‍्गतान् सुमहार्णवे।#अत्यक्रामन्महावेगस्तरङ्गान् गणयन्निव॥"
"तस्य वेग-सम्-उद्-धूतम् जलम् स-जलदम् तदा अम्बर-स्थम् विबभ्राजे शरदा-अभ्रम् इव आततम् .","तस्य आततम् . वेग-सम्-उद्-धूतम् जलम् स-जलदम् तदा अम्बर-स्थम् विबभ्राजे शरदा-अभ्रम् इव","तस्य वेगसमुद‍्घुष्टं जलं सजलदं तदा।#अम्बरस्थं विबभ्राजे शरदभ्रमिवाततम्॥"
"तिमि-नक्र-झषाः कूर्माः दृश्यन्ते विवृताः तदा वस्त्र-अपकर्षणेन इव शरीराणि शरीरिणाम् .","तिमि-नक्र-झषाः . कूर्माः दृश्यन्ते विवृताः तदा वस्त्र-अपकर्षणेन इव शरीराणि शरीरिणाम्","तिमिनक्रझषाः कूर्मा दृश्यन्ते विवृतास्तदा।#वस्त्रापकर्षणेनेव शरीराणि शरीरिणाम्॥"
"क्रममाणम् समीक्ष्य अथ भुजङ्गाः सागर-आलयाः व्योम्नि तम् कपि-शार्दूलम् सु-पर्णम् इव मेनिरे .","क्रममाणम् इव मेनिरे . समीक्ष्य अथ भुजङ्गाः सागर-आलयाः व्योम्नि तम् कपि-शार्दूलम् सु-पर्णम्","क्रममाणं समीक्ष्याथ भुजगाः सागरंगमाः।#व्योम्नि तं कपिशार्दूलं सुपर्णमिव मेनिरे॥"
"दश-योजन-विस्तीर्णा त्रिंशत्-योजनम् आयता छाया वानर-सिंहस्य जले चारुतरा अभवत्","दश-योजन-विस्तीर्णा त्रिंशत्-योजनम् आयता छाया वानर-सिंहस्य जले चारुतरा अभवत्","दशयोजनविस्तीर्णा त्रिंशद्योजनमायता।#छाया वानरसिंहस्य जवे चारुतराभवत्॥ "
"श्वेत-अभ्र-घन-राजी इव वायु-पुत्र-अनुगामिनी तस्य सा शुशुभे छाया वितता लवण-अम्भसि","श्वेत-अभ्र-घन-राजी इव वायु-पुत्र-अनुगामिनी तस्य सा शुशुभे छाया वितता लवण-अम्भसि","श्वेताभ्रघनराजीव वायुपुत्रानुगामिनी।#तस्य सा शुशुभे छाया पतिता लवणाम्भसि॥"
"शुशुभे सः महा-तेजाः महा-कायः महा-कपिः वायु-मार्गे निरालम्बे पक्षवान् इव पर्वतः .","शुशुभे पर्वतः . सः महा-तेजाः महा-कायः महा-कपिः वायु-मार्गे निरालम्बे पक्षवान् इव","शुशुभे स महातेजा महाकायो महाकपिः।#वायुमार्गे निरालम्बे पक्षवानिव पर्वतः॥"
"येन असौ याति बलवान् वेगेन कपि-कुञ्जरः तेन मार्गेण सहसा द्रोणी-कृतः इव अर्णवः (आसीत्)","येन द्रोणी-कृतः इव अर्णवः (आसीत्) असौ याति बलवान् वेगेन कपि-कुञ्जरः तेन मार्गेण सहसा","येनासौ याति बलवान् वेगेन कपिकुञ्जरः।#तेन मार्गेण सहसा द्रोणीकृत इवार्णवः॥"
"आपाते पक्षि-सङ्घानाम् पक्षि-राजः इव व्रजन् हनुमान् मेघ-जालानि प्रकर्षन् मारुतः यथा (बभूव)","आपाते यथा (बभूव) पक्षि-सङ्घानाम् पक्षि-राजः इव व्रजन् हनुमान् मेघ-जालानि प्रकर्षन् मारुतः","आपाते पक्षिसङ्घानां पक्षिराज इव व्रजन्।#हनुमान् मेघजालानि प्रकर्षन् मारुतो यथा॥"
"पाण्डुर-अरुण-वर्णानि नील-मञ्जिष्ठकानि च कपिना कृष्यमाणानि महा-अभ्राणि चकाशिरे .","पाण्डुर-अरुण-वर्णानि नील-मञ्जिष्ठकानि च कपिना कृष्यमाणानि महा-अभ्राणि चकाशिरे .","पाण्डुरारुणवर्णानि नीलमञ्जिष्ठकानि च।#कपिनाऽऽकृष्यमाणानि महाभ्राणि चकाशिरे॥"
"प्रविशन् अभ्र-जालानि निष्पतन् च पुनः पुनः प्रच्छन्नः च प्रकाशः च चन्द्रमा इव दृश्यते (कपिः)","प्रविशन् च चन्द्रमा इव दृश्यते (कपिः) अभ्र-जालानि निष्पतन् च पुनः पुनः प्रच्छन्नः च प्रकाशः","प्रविशन्नभ्रजालानि निष्पतंश्च पुनः पुनः।#प्रच्छन्नश्च प्रकाशश्च चन्द्रमा इव दृश्यते॥"
"प्लवमानम् तु तम् दृष्ट्वा प्लवगम् त्वरितम् तदा ववृषुः तत्र पुष्पाणि देव-गन्धर्व-दानवाः","प्लवमानम् पुष्पाणि देव-गन्धर्व-दानवाः तु तम् दृष्ट्वा प्लवगम् त्वरितम् तदा ववृषुः तत्र","प्लवमानं तु तं दृष्ट्वा प्लवगं त्वरितं तदा।#ववृषुस्तत्र पुष्पाणि देवगन्धर्वचारणाः॥"
"तताप न हि तम् सूर्यः प्लवन्तम् वानर-ईश्वरम् सिषेवे च तदा वायू राम-कार्य-अर्थ-सिद्धये","तताप तदा वायू राम-कार्य-अर्थ-सिद्धये न हि तम् सूर्यः प्लवन्तम् वानर-ईश्वरम् सिषेवे च","तताप नहि तं सूर्यः प्लवन्तं वानरेश्वरम्।#सिषेवे च तदा वायू रामकार्यार्थसिद्धये॥"
"ऋषयः तुष्टुवुः च एनम् प्लवमानम् विहायसा जगुः च देव-गन्धर्वाः प्रशंसन्तः वन-औकसम्","ऋषयः प्रशंसन्तः वन-औकसम् तुष्टुवुः च एनम् प्लवमानम् विहायसा जगुः च देव-गन्धर्वाः","ऋषयस्तुष्टुवुश्चैनं प्लवमानं विहायसा।#जगुश्च देवगन्धर्वाः प्रशंसन्तो वनौकसम्॥ "
"नागाः च तुष्टुवुः यक्षाः रक्षांसि विविधानि च प्रेक्ष्य सर्वे कपि-वरम् सहसा विगत-क्लमम् .","नागाः कपि-वरम् सहसा विगत-क्लमम् . च तुष्टुवुः यक्षाः रक्षांसि विविधानि च प्रेक्ष्य सर्वे","नागाश्च तुष्टुवुर्यक्षा रक्षांसि विविधानि च।#प्रेक्ष्य सर्वे कपिवरं सहसा विगतक्लमम्॥"
"तस्मिन् प्लवग-शार्दूले प्लवमाने हनूमति इक्ष्वाकु-कुल-मान-अर्थी चिन्तयामास सागरः .","तस्मिन् प्लवग-शार्दूले प्लवमाने हनूमति इक्ष्वाकु-कुल-मान-अर्थी चिन्तयामास सागरः .","तस्मिन् प्लवगशार्दूले प्लवमाने हनूमति।#इक्ष्वाकुकुलमानार्थी चिन्तयामास सागरः॥"
"साहाय्यम् वानर-इन्द्रस्य यदि न अहम् हनूमतः करिष्यामि भविष्यामि सर्व-वाच्यः विवक्षताम् तर्हि","साहाय्यम् विवक्षताम् तर्हि वानर-इन्द्रस्य यदि न अहम् हनूमतः करिष्यामि भविष्यामि सर्व-वाच्यः","साहाय्यं वानरेन्द्रस्य यदि नाहं हनूमतः।#करिष्यामि भविष्यामि सर्ववाच्यो विवक्षताम्॥"
"अहम् इक्ष्वाकु-नाथेन सागरेण विवर्धितः इक्ष्वाकु-सचिवः च अयम् न अवसीदितुम् अर्हति","अहम् अर्हति इक्ष्वाकु-नाथेन सागरेण विवर्धितः इक्ष्वाकु-सचिवः च अयम् न अवसीदितुम्","अहमिक्ष्वाकुनाथेन सगरेण विवर्धितः।#इक्ष्वाकुसचिवश्चायं नावसीदितुमर्हति॥"
"तथा मया विधातव्यम् विश्रमेत(आर्ष) यथा कपिः शेषम् च मयि विश्रान्तः सुखी सः अतितरिष्यति","तथा विश्रान्तः सुखी सः अतितरिष्यति मया विधातव्यम् विश्रमेत(आर्ष) यथा कपिः शेषम् च मयि","तथा मया विधातव्यं विश्रमेत यथा कपिः।#शेषं च मयि विश्रान्तः सुखी सोऽतितरिष्यति॥"
"इति कृत्वा मतिम् साध्वीम् समुद्रः छन्नम् अम्भसि हिरण्य-नाभम् मैनाकम् उवाच गिरि-सत्तमम् .","इति उवाच गिरि-सत्तमम् . कृत्वा मतिम् साध्वीम् समुद्रः छन्नम् अम्भसि हिरण्य-नाभम् मैनाकम्","इति कृत्वा मतिं साध्वीं समुद्रश्छन्नमम्भसि।#हिरण्यनाभं मैनाकमुवाच गिरिसत्तमम्॥"
"त्वम् इह असुर-सङ्घानाम् देव-राज्ञा महा-आत्मना पाताल-निलयानाम् हि परिघः सन्निवेशितः","त्वम् इह असुर-सङ्घानाम् देव-राज्ञा महा-आत्मना पाताल-निलयानाम् हि परिघः सन्निवेशितः","त्वमिहासुरसङ्घानां देवराज्ञा महात्मना।#पातालनिलयानां हि परिघः संनिवेशितः॥"
"त्वम् एषाम् ज्ञात-वीर्याणाम् पुनः एव उत्पतिष्यताम् पातालस्य अप्रमेयस्य द्वारम् आवृत्य तिष्ठसि .","त्वम् आवृत्य तिष्ठसि . एषाम् ज्ञात-वीर्याणाम् पुनः एव उत्पतिष्यताम् पातालस्य अप्रमेयस्य द्वारम्","त्वमेषां ज्ञातवीर्याणां पुनरेवोत्पतिष्यताम्।#पातालस्याप्रमेयस्य द्वारमावृत्य तिष्ठसि॥"
"तिर्यक् अधः च एव शक्तिः ते शैल वर्धितुम् तस्मात् सञ्चोदयामि त्वाम् उत्तिष्ठ गिरि-सत्तमः ऊर्ध्वम् अस्ति","तिर्यक् सञ्चोदयामि त्वाम् उत्तिष्ठ गिरि-सत्तमः ऊर्ध्वम् अस्ति अधः च एव शक्तिः ते शैल वर्धितुम् तस्मात्","तिर्यगूर्ध्वमधश्चैव शक्तिस्ते शैल वर्धितुम्।#तस्मात् संचोदयामि त्वामुत्तिष्ठ गिरिसत्तम॥"
"सः एषः कपि-शार्दूलः त्वाम् उपरि एति वीर्यवान् हनूमान् राम-कार्य-अर्थी भीम-कर्मा खम् आप्लुतः श्रमम् च प्लवग-इन्द्रस्य समीक्ष्य उत्थातुम् अर्हसि","सः भीम-कर्मा खम् आप्लुतः श्रमम् च प्लवग-इन्द्रस्य समीक्ष्य उत्थातुम् अर्हसि एषः कपि-शार्दूलः त्वाम् उपरि एति वीर्यवान् हनूमान् राम-कार्य-अर्थी","स एष कपिशार्दूलस्त्वामुपर्येति वीर्यवान्।#हनूमान् रामकार्यार्थी भीमकर्मा खमाप्लुतः॥ श्रमं च प्लवगेन्द्रस्य समीक्ष्योत्थातुमर्हसि॥"
"हिरण्य-नाभः मैनाकः निशम्य लवण-अम्भसः उत्पपात जलात् तूर्णम् महा-द्रुम-लता-वृतः (वचनम्)","हिरण्य-नाभः मैनाकः निशम्य लवण-अम्भसः उत्पपात जलात् तूर्णम् महा-द्रुम-लता-वृतः (वचनम्)","हिरण्यगर्भो मैनाको निशम्य लवणाम्भसः।#उत्पपात जलात् तूर्णं महाद्रुमलतावृतः॥"
"सः सागर-जलम् भित्त्वा बभूव अभ्युत्थितः तदा यथा जल-धरम् भित्त्वा दीप्त-रश्मिः दिवा-करः","सः दीप्त-रश्मिः दिवा-करः सागर-जलम् भित्त्वा बभूव अभ्युत्थितः तदा यथा जल-धरम् भित्त्वा","स सागरजलं भित्त्वा बभूवात्युच्छ्रितस्तदा।#यथा जलधरं भित्त्वा दीप्तरश्मिर्दिवाकरः॥"
"सः महा-आत्मा मुहूर्तेन पर्वतः सलिल-आवृतः दर्शयामास शृङ्गाणि सागरेण नियोजितः","सः महा-आत्मा मुहूर्तेन पर्वतः सलिल-आवृतः दर्शयामास शृङ्गाणि सागरेण नियोजितः","स महात्मा मुहूर्तेन पर्वतः सलिलावृतः।#दर्शयामास शृङ्गाणि सागरेण नियोजितः॥ "
"शातकुम्भमयैः शृङ्गैः सकिन्नर-महा-उरगैः आदित्य-उदय-सम्-काशैः आलिखद्भिः इव अम्बरम् (शुशुभे) (पर्वतः)","शातकुम्भमयैः शृङ्गैः सकिन्नर-महा-उरगैः आदित्य-उदय-सम्-काशैः आलिखद्भिः इव अम्बरम् (शुशुभे) (पर्वतः)","शातकुम्भमयैः शृङ्गैः सकिंनरमहोरगैः।#आदित्योदयसंकाशैरुल्लिखद्भिरिवाम्बरम्॥"
"तस्य जाम्बूनदैः शृङ्गैः पर्वतस्य समुत्थितैः आकाशम् शस्त्र-सङ्काशम् अभवत् काञ्चन-प्रभम् .","तस्य . जाम्बूनदैः शृङ्गैः पर्वतस्य समुत्थितैः आकाशम् शस्त्र-सङ्काशम् अभवत् काञ्चन-प्रभम्","तस्य जाम्बूनदैः शृङ्गैः पर्वतस्य समुत्थितैः।#आकाशं शस्त्रसंकाशमभवत् काञ्चनप्रभम्॥"
"जातरूपमयैः शृङ्गैः भ्राजमानैः महा-प्रभैः आदित्य-शत-सम्-काशः सः अभवत् गिरि-सत्तमः","जातरूपमयैः शृङ्गैः भ्राजमानैः महा-प्रभैः आदित्य-शत-सम्-काशः सः अभवत् गिरि-सत्तमः","जातरूपमयैः शृङ्गैर्भ्राजमानैर्महाप्रभैः।#आदित्यशतसंकाशः सोऽभवद् गिरिसत्तमः॥ "
"समुत्थितम् अ-सङ्गेन हनुमान् अग्रतः स्थितम् मध्ये लवण-तोयस्य विघ्नः अयम् इति निश्चितः (दृष्ट्वा) (पर्वतम्)","समुत्थितम् अयम् इति निश्चितः (दृष्ट्वा) (पर्वतम्) अ-सङ्गेन हनुमान् अग्रतः स्थितम् मध्ये लवण-तोयस्य विघ्नः","समुत्थितमसङ्गेन हनूमानग्रतः स्थितम्।#मध्ये लवणतोयस्य विघ्नोऽयमिति निश्चितः॥"
"सः तम् उच्छ्र्रितम् अत्यर्थम् महा-वेगः महा-कपिः उरसा पातयामास जीमूतम् इव मारुतः","सः इव मारुतः तम् उच्छ्र्रितम् अत्यर्थम् महा-वेगः महा-कपिः उरसा पातयामास जीमूतम्","स तमुच्छ्रितमत्यर्थं महावेगो महाकपिः।#उरसा पातयामास जीमूतमिव मारुतः॥"
"सः तदा आसादितः तेन कपिना पर्वत-उत्तमः बुद्ध्वा तस्य हरेः वेगम् जहर्ष च ननाद च .","सः वेगम् जहर्ष च ननाद च . तदा आसादितः तेन कपिना पर्वत-उत्तमः बुद्ध्वा तस्य हरेः","स तदासादितस्तेन कपिना पर्वतोत्तमः।#बुद्‍ध्वा तस्य हरेर्वेगं जहर्ष च ननाद च॥"
"तम् आकाश-गतम् वीरम् आकाशे समुपस्थितः प्रीतः हृष्ट-मनाः वाक्यम् अब्रवीत् पर्वतः कपिम् मानुषम् धारयन् रूपम् आत्मनः शिखरे स्थितः","तम् पर्वतः कपिम् मानुषम् धारयन् रूपम् आत्मनः शिखरे स्थितः आकाश-गतम् वीरम् आकाशे समुपस्थितः प्रीतः हृष्ट-मनाः वाक्यम् अब्रवीत्","तमाकाशगतं वीरमाकाशे समुपस्थितः।#प्रीतो हृष्टमना वाक्यमब्रवीत् पर्वतः कपिम्॥मानुषं धारयन् रूपमात्मनः शिखरे स्थितः।"
"दुष्करम् कृतवान् कर्म त्वम् इदम् वानर-उत्तम निपत्य मम शृङ्गेषु सुखम् विश्रम्य गम्यताम्","दुष्करम् सुखम् विश्रम्य गम्यताम् कृतवान् कर्म त्वम् इदम् वानर-उत्तम निपत्य मम शृङ्गेषु","दुष्करं कृतवान् कर्म त्वमिदं वानरोत्तम॥#निपत्य मम शृङ्गेषु सुखं विश्रम्य गम्यताम्।"
"राघवस्य कुले जातैः उदधिः परिवर्धितः सः त्वाम् राम-हिते युक्तम् प्रत्यर्चयति सागरः कृते च प्रतिकर्तव्यम् एषः धर्मः सनातनः (भवति)","राघवस्य प्रत्यर्चयति सागरः कृते च प्रतिकर्तव्यम् एषः धर्मः सनातनः (भवति) कुले जातैः उदधिः परिवर्धितः सः त्वाम् राम-हिते युक्तम्","राघवस्य कुले जातैरुदधिः परिवर्धितः॥#स त्वां रामहिते युक्तं प्रत्यर्चयति सागरः। कृते च प्रतिकर्तव्यमेष धर्मः सनातनः॥"
"सः अयम् तत् प्रतिकारार्थी त्वत्तः सम्मानम् अर्हति त्वम्-निमित्तम् अनेन अहम् बहुमानात् प्रचोदितः","सः बहुमानात् प्रचोदितः अयम् तत् प्रतिकारार्थी त्वत्तः सम्मानम् अर्हति त्वम्-निमित्तम् अनेन अहम्","सोऽयं तत्प्रतिकारार्थी त्वत्तः सम्मानमर्हति।#त्वन्निमित्तमनेनाहं बहुमानात् प्रचोदितः॥"
"योजनानाम् शतम् च अपि कपिः एषः खम् आप्लुतः तव सानुषु विश्रान्तः शेषम् प्रक्रमताम् इति .","योजनानाम् सानुषु विश्रान्तः शेषम् प्रक्रमताम् इति . शतम् च अपि कपिः एषः खम् आप्लुतः तव","योजनानां शतं चापि कपिरेष खमाप्लुतः।#तव सानुषु विश्रान्तः शेषं प्रक्रमतामिति॥"
"तिष्ठ त्वम् हरि-शार्दूल मयि विश्रम्य गम्यताम् तत् इदम् गन्धवत् स्वादु कन्द-मूल-फलम् बहु तत् आस्वाद्य हरि-श्रेष्ठ विश्रान्तः अथ गमिष्यसि","तिष्ठ स्वादु कन्द-मूल-फलम् बहु तत् आस्वाद्य हरि-श्रेष्ठ विश्रान्तः अथ गमिष्यसि त्वम् हरि-शार्दूल मयि विश्रम्य गम्यताम् तत् इदम् गन्धवत्","तिष्ठ त्वं हरिशार्दूल मयि विश्रम्य गम्यताम्।तदिदं गन्धवत् स्वादु कन्दमूलफलं बहु॥ #तदास्वाद्य हरिश्रेष्ठ विश्रान्तोऽथ गमिष्यसि।"
"अस्माकम् अपि सम्बन्धः कपि-मुख्य त्वया अस्ति वै प्रख्यातः त्रिषु लोकेषु महा-गुण-परिग्रहः","अस्माकम् लोकेषु महा-गुण-परिग्रहः अपि सम्बन्धः कपि-मुख्य त्वया अस्ति वै प्रख्यातः त्रिषु","अस्माकमपि सम्बन्धः कपिमुख्य त्वयास्ति वै।#प्रख्यातस्त्रिषु लोकेषु महागुणपरिग्रहः॥"
"वेगवन्तः प्लवन्तः ये प्लव-गाः मारुत-आत्मज तेषाम् मुख्यतमम् मन्ये त्वाम् अहम् कपि-कुञ्जर","वेगवन्तः अहम् कपि-कुञ्जर प्लवन्तः ये प्लव-गाः मारुत-आत्मज तेषाम् मुख्यतमम् मन्ये त्वाम्","वेगवन्तः प्लवन्तो ये प्लवगा मारुतात्मज।#तेषां मुख्यतमं मन्ये त्वामहं कपिकुञ्जर॥"
"अतिथिः किल पूजा-अर्हः(पूजनीयः) प्राकृतः अपि विजानता धर्मम् जिज्ञासमानेन किम् पुनः यादृशः भवान् (भवति) (वक्तव्यम्) (च) (तादृशः) (पूजनीयः) (इति)","अतिथिः पुनः यादृशः भवान् (भवति) (वक्तव्यम्) (च) (तादृशः) (पूजनीयः) (इति) किल पूजा-अर्हः(पूजनीयः) प्राकृतः अपि विजानता धर्मम् जिज्ञासमानेन किम्","अतिथिः किल पूजार्हः प्राकृतोऽपि विजानता।#धर्मं जिज्ञासमानेन किं पुनर्यादृशो भवान्॥"
"त्वम् हि देव-वरिष्ठस्य मारुतस्य महा-आत्मनः पुत्रः तस्य एव वेगेन सदृशः कपि-कुञ्जर (असि)","त्वम् सदृशः कपि-कुञ्जर (असि) हि देव-वरिष्ठस्य मारुतस्य महा-आत्मनः पुत्रः तस्य एव वेगेन","त्वं हि देववरिष्ठस्य मारुतस्य महात्मनः।#पुत्रस्तस्यैव वेगेन सदृशः कपिकुञ्जर॥"
"पूजिते त्वयि धर्म-ज्ञे पूजाम् प्राप्नोति मारुतः तस्मात् त्वम् पूजनीयः मे शृणु अत्र कारणम् च अपि","पूजिते मे शृणु अत्र कारणम् च अपि त्वयि धर्म-ज्ञे पूजाम् प्राप्नोति मारुतः तस्मात् त्वम् पूजनीयः","पूजिते त्वयि धर्मज्ञे पूजां प्राप्नोति मारुतः।#तस्मात् त्वं पूजनीयो मे शृणु चाप्यत्र कारणम्॥"
"पूर्वम् कृत-युगे तात पर्वताः पक्षिणः अभवन् ते अपि जग्मुः दिशः सर्वाः गरुडाः इव वेगिनः","पूर्वम् दिशः सर्वाः गरुडाः इव वेगिनः कृत-युगे तात पर्वताः पक्षिणः अभवन् ते अपि जग्मुः","पूर्वं कृतयुगे तात पर्वताः पक्षिणोऽभवन्।#तेऽपि जग्मुर्दिशः सर्वा गरुडा इव वेगिनः॥"
"ततः तेषु प्रयातेषु देव-सङ्घाः सह-ऋषिभिः भूतानि च भयम् जग्मुः तेषाम् पतन-शङ्कया","ततः तेषाम् पतन-शङ्कया तेषु प्रयातेषु देव-सङ्घाः सह-ऋषिभिः भूतानि च भयम् जग्मुः","ततस्तेषु प्रयातेषु देवसङ्घाः सहर्षिभिः।#भूतानि च भयं जग्मुस्तेषां पतनशङ्कया॥"
"ततः क्रुद्धः सहस्र-अक्षः पर्वतानाम् शतक्रतुः पक्षान् चिच्छेद वज्रेण ततः शतसहस्रशः","ततः शतसहस्रशः क्रुद्धः सहस्र-अक्षः पर्वतानाम् शतक्रतुः पक्षान् चिच्छेद वज्रेण ततः","ततः क्रुद्धः सहस्राक्षः पर्वतानां शतक्रतुः।#पक्षांश्चिच्छेद वज्रेण ततः शतसहस्रशः॥"
"सः माम् उपगतः क्रुद्धः वज्रम् उद्यम्य देव-राट् ततः अहम् सहसा क्षिप्तः श्वसनेन महा-आत्मना","सः सहसा क्षिप्तः श्वसनेन महा-आत्मना माम् उपगतः क्रुद्धः वज्रम् उद्यम्य देव-राट् ततः अहम्","स मामुपगतः क्रुद्धो वज्रमुद्यम्य देवराट्।#ततोऽहं सहसा क्षिप्तः श्वसनेन महात्मना॥"
"अस्मिन् लवण-तोये च प्रक्षिप्तः प्लवग-उत्तम गुप्त-पक्षः समग्रः च तव पित्रा अभिरक्षितः .","अस्मिन् पित्रा अभिरक्षितः . लवण-तोये च प्रक्षिप्तः प्लवग-उत्तम गुप्त-पक्षः समग्रः च तव","अस्मिँल्लवणतोये च प्रक्षिप्तः प्लवगोत्तम।#गुप्तपक्षः समग्रश्च तव पित्राभिरक्षितः॥"
"ततः अहम् मानयामि त्वाम् मान्यः असि मम मारुते त्वया मम एषः सम्बन्धः कपि-मुख्य महा-गुणः (अस्ति)","ततः मम एषः सम्बन्धः कपि-मुख्य महा-गुणः (अस्ति) अहम् मानयामि त्वाम् मान्यः असि मम मारुते त्वया","ततोऽहं मानयामि त्वां मान्योऽसि मम मारुते।#त्वया ममैष सम्बन्धः कपिमुख्य महागुणः॥"
"अस्मिन् एवम् गते कार्ये सागरस्य मम एव च प्रीतिम् प्रीत-मनाः कर्तुम् त्वम् अर्हसि महा-मते","अस्मिन् प्रीत-मनाः कर्तुम् त्वम् अर्हसि महा-मते एवम् गते कार्ये सागरस्य मम एव च प्रीतिम्","अस्मिन्नेवंगते कार्ये सागरस्य ममैव च।#प्रीतिं प्रीतमनाः कर्तुं त्वमर्हसि महामते॥"
"श्रमम् मोक्षय पूजाम् च गृहाण हरि-सत्तम प्रीतिम् च मम मान्यस्य प्रीतः अस्मि तव दर्शनात्","श्रमम् मान्यस्य प्रीतः अस्मि तव दर्शनात् मोक्षय पूजाम् च गृहाण हरि-सत्तम प्रीतिम् च मम","श्रमं मोक्षय पूजां च गृहाण हरिसत्तम।#प्रीतिं च मम मान्यस्य प्रीतोऽस्मि तव दर्शनात्॥"
"एवम् उक्तः कपि-श्रेष्ठः तम् नग-उत्तमम् अब्रवीत् प्रीतः अस्मि कृतम् आतिथ्यम् मन्युः एषः अपनीयताम् (इत्यतः) (इति)","एवम् आतिथ्यम् मन्युः एषः अपनीयताम् (इत्यतः) (इति) उक्तः कपि-श्रेष्ठः तम् नग-उत्तमम् अब्रवीत् प्रीतः अस्मि कृतम्","एवमुक्तः कपिश्रेष्ठस्तं नगोत्तममब्रवीत्।#प्रीतोऽस्मि कृतमातिथ्यं मन्युरेषोऽपनीयताम्॥"
"त्वरते कार्य-कालः मे अहः अतिवर्तते प्रतिज्ञा च मया दत्ता न स्थातव्यम् इह अन्तरा च अपि इति","त्वरते न स्थातव्यम् इह अन्तरा च अपि इति कार्य-कालः मे अहः अतिवर्तते प्रतिज्ञा च मया दत्ता","त्वरते कार्यकालो मे अहश्चाप्यतिवर्तते।#प्रतिज्ञा च मया दत्ता न स्थातव्यमिहान्तरा॥ "
"इति उक्त्वा पाणिना शैलम् आलभ्य हरि-पुङ्गवः जगाम आकाशम् आविश्य वीर्यवान् प्रहसन् इव","इति वीर्यवान् प्रहसन् इव उक्त्वा पाणिना शैलम् आलभ्य हरि-पुङ्गवः जगाम आकाशम् आविश्य","इत्युक्त्वा पाणिना शैलमालभ्य हरिपुङ्गवः।#जगामाकाशमाविश्य वीर्यवान् प्रहसन्निव॥"
"सः पर्वत-समुद्राभ्याम् बहु-मानात् अवेक्षितः पूजितः च आशीर्भिः अभिनन्दितः उपपन्नाभिः (आसीत्)","सः (आसीत्) पर्वत-समुद्राभ्याम् बहु-मानात् अवेक्षितः पूजितः च आशीर्भिः अभिनन्दितः उपपन्नाभिः","स पर्वतसमुद्राभ्यां बहुमानादवेक्षितः।#पूजितश्चोपपन्नाभिराशीर्भिरभिनन्दितः॥ "
"अथ ऊर्ध्वम् दूरम् आगत्य हित्वा शैल-महा-अर्णवौ पितुः पन्थानम् आसाद्य जगाम विमले अम्बरे (सः)","अथ जगाम विमले अम्बरे (सः) ऊर्ध्वम् दूरम् आगत्य हित्वा शैल-महा-अर्णवौ पितुः पन्थानम् आसाद्य","अथोर्ध्वं दूरमागत्य हित्वा शैलमहार्णवौ।#पितुः पन्थानमासाद्य जगाम विमलेऽम्बरे॥"
"भूयः च ऊर्ध्वम् गतिम् प्राप्य गिरिम् तम् अवलोकयन् वायु-सूनुः निरालम्बः जगाम कपि-कुञ्जरः","भूयः निरालम्बः जगाम कपि-कुञ्जरः च ऊर्ध्वम् गतिम् प्राप्य गिरिम् तम् अवलोकयन् वायु-सूनुः","भूयश्चोर्ध्वं गतिं प्राप्य गिरिं तमवलोकयन्।#वायुसूनुर्निरालम्बो जगाम कपिकुञ्जरः॥ "
"तत् द्वितीयम् हनुमतः दृष्ट्वा कर्म दुष्करम् प्रशशंसुः सुराः सर्वे सिद्धाः च परम-ऋषयः","तत् सिद्धाः च परम-ऋषयः द्वितीयम् हनुमतः दृष्ट्वा कर्म दुष्करम् प्रशशंसुः सुराः सर्वे","तद् द्वितीयं हनुमतो दृष्ट्वा कर्म सुदुष्करम्।#प्रशशंसुः सुराः सर्वे सिद्धाश्च परमर्षयः॥"
"देवताः च अभवन् हृष्टाः तत्र-स्थाः तस्य कर्मणा काञ्चनस्य सुनाभस्य सहस्र-अक्षः च वासवः","देवताः सहस्र-अक्षः च वासवः च अभवन् हृष्टाः तत्र-स्थाः तस्य कर्मणा काञ्चनस्य सुनाभस्य","देवताश्चाभवन् हृष्टास्तत्रस्थास्तस्य कर्मणा।#काञ्चनस्य सुनाभस्य सहस्राक्षश्च वासवः॥"
"उवाच वचनम् धीमान् परितोषात् स गद्गदम् सु-नाभम् पर्वत-श्रेष्ठम् स्वयम् एव शची-पतिः","उवाच शची-पतिः वचनम् धीमान् परितोषात् स गद्गदम् सु-नाभम् पर्वत-श्रेष्ठम् स्वयम् एव","उवाच वचनं धीमान् परितोषात् सगद‍्गदम्।#सुनाभं पर्वतश्रेष्ठं स्वयमेव शचीपतिः॥"
"हिरण्य-नाभ शैल-इन्द्र परितुष्टः अस्मि ते भृशम् अभयम् ते प्रयच्छामि गच्छ सौम्य यथा-सुखम् (अहम्)","हिरण्य-नाभ गच्छ सौम्य यथा-सुखम् (अहम्) शैल-इन्द्र परितुष्टः अस्मि ते भृशम् अभयम् ते प्रयच्छामि","हिरण्यनाभ शैलेन्द्र परितुष्टोऽस्मि ते भृशम्।#अभयं ते प्रयच्छामि गच्छ सौम्य यथासुखम्॥"
"साह्यम् कृतम् ते(त्वया) सुमहत् विश्रान्तस्य हनूमतः क्रमतः योजन-शतम् निर्भयस्य भये_सति (अस्माकम्)","साह्यम् भये_सति (अस्माकम्) कृतम् ते(त्वया) सुमहत् विश्रान्तस्य हनूमतः क्रमतः योजन-शतम् निर्भयस्य","साह्यं कृतं ते सुमहद् विश्रान्तस्य हनूमतः।#क्रमतो योजनशतं निर्भयस्य भये सति॥"
"रामस्य एषः हिताय एव याति दाशरथेः कपिः सत्क्रियाम् कुर्वता शक्त्या तोषितः अस्मि दृढम् त्वया","रामस्य शक्त्या तोषितः अस्मि दृढम् त्वया एषः हिताय एव याति दाशरथेः कपिः सत्क्रियाम् कुर्वता","रामस्यैष हितायैव याति दाशरथेः कपिः।#सत्क्रियां कुर्वता शक्त्या तोषितोऽस्मि दृढं त्वया॥"
"सः तत् प्रहर्षम् अलभत् विपुलम् पर्वत-उत्तमः देवतानाम् पतिम् दृष्ट्वा परितुष्टम् शतक्रतुम्","सः परितुष्टम् शतक्रतुम् तत् प्रहर्षम् अलभत् विपुलम् पर्वत-उत्तमः देवतानाम् पतिम् दृष्ट्वा","स तत् प्रहर्षमलभद् विपुलं पर्वतोत्तमः।#देवतानां पतिं दृष्ट्वा परितुष्टं शतक्रतुम्॥"
"सः वै दत्त-वरः शैलः बभूव अवस्थितः तदा हनूमान् च मुहूर्तेन व्यतिचक्राम सागरम्","सः मुहूर्तेन व्यतिचक्राम सागरम् वै दत्त-वरः शैलः बभूव अवस्थितः तदा हनूमान् च","स वै दत्तवरः शैलो बभूवावस्थितस्तदा।#हनूमांश्च मुहूर्तेन व्यतिचक्राम सागरम्॥ "
"ततः देवाः स-गन्धर्वाः सिद्धाः च परम-ऋषयः अब्रुवन् सूर्य-सङ्काशाम् सुरसाम् नाग-मातरम्","ततः नाग-मातरम् देवाः स-गन्धर्वाः सिद्धाः च परम-ऋषयः अब्रुवन् सूर्य-सङ्काशाम् सुरसाम्","ततो देवाः सगन्धर्वाः सिद्धाश्च परमर्षयः।#अब्रुवन् सूर्यसंकाशां सुरसां नागमातरम्॥"
"अयम् वात-आत्मजः श्रीमान् प्लवते सागर-उपरि हनूमान् नाम तस्य त्वम् मुहूर्तम् विघ्नम् आचर","अयम् मुहूर्तम् विघ्नम् आचर वात-आत्मजः श्रीमान् प्लवते सागर-उपरि हनूमान् नाम तस्य त्वम्","अयं वातात्मजः श्रीमान् प्लवते सागरोपरि।#हनूमान् नाम तस्य त्वं मुहूर्तं विघ्नमाचर॥"
"राक्षसम् रूपम् आस्थाय सुघोरम् पर्वत-उपमम् दंष्ट्रा-करालम् पिङ्ग-अक्षम् वक्त्रम् कृत्वा नभः-स्पृशम् (आचर) (विघ्नम्)","राक्षसम् कृत्वा नभः-स्पृशम् (आचर) (विघ्नम्) रूपम् आस्थाय सुघोरम् पर्वत-उपमम् दंष्ट्रा-करालम् पिङ्ग-अक्षम् वक्त्रम्","राक्षसं रूपमास्थाय सुघोरं पर्वतोपमम्।#दंष्ट्राकरालं पिङ्गाक्षं वक्त्रं कृत्वा नभःस्पृशम्॥"
"बलम् इच्छामहे(आर्ष) ज्ञातुम् भूयः च अस्य पराक्रमम् त्वाम् विजेष्यति(आर्ष) उपायेन विषादम् वा गमिष्यति","बलम् उपायेन विषादम् वा गमिष्यति इच्छामहे(आर्ष) ज्ञातुम् भूयः च अस्य पराक्रमम् त्वाम् विजेष्यति(आर्ष)","बलमिच्छामहे ज्ञातुं भूयश्चास्य पराक्रमम्।#त्वां विजेष्यत्युपायेन विषादं वा गमिष्यति॥"
"एवम् उक्ता तु सा देवी दैवतैः अभिसत्कृता समुद्र-मध्ये सुरसा बिभ्रती राक्षसं वपुः विकृतं च विरूपं च सर्वस्य च भयावहम् प्लवमानम् हनूमन्तम् आवृत्य इदम् उवाच ह","एवम् बिभ्रती राक्षसं वपुः विकृतं च विरूपं च सर्वस्य च भयावहम् उक्ता प्लवमानम् हनूमन्तम् आवृत्य इदम् उवाच ह तु सा देवी दैवतैः अभिसत्कृता समुद्र-मध्ये सुरसा","एवमुक्ता तु सा देवी दैवतैरभिसत्कृता।समुद्रमध्ये सुरसा बिभ्रती राक्षसं वपुः॥#विकृतं च विरूपं च सर्वस्य च भयावहम्।प्लवमानं हनूमन्तमावृत्येदमुवाच ह॥ "
"मम भक्ष्यः प्रदिष्टः त्वम् ईश्वरैः वानर-ऋषभः अहम् त्वाम् भक्षयिष्यामि प्रविश इदम् मम आननम्","मम प्रविश इदम् मम आननम् भक्ष्यः प्रदिष्टः त्वम् ईश्वरैः वानर-ऋषभः अहम् त्वाम् भक्षयिष्यामि","मम भक्ष्यः प्रदिष्टस्त्वमीश्वरैर्वानरर्षभ।#अहं त्वां भक्षयिष्यामि प्रविशेदं ममाननम्॥ "
"वरः एषः पुरा दत्तः मम(मह्यम्) धात्रा इति सत्वरा व्यादाय वक्त्रम् विपुलम् स्थिता सा मारुतेः पुरः","वरः वक्त्रम् विपुलम् स्थिता सा मारुतेः पुरः एषः पुरा दत्तः मम(मह्यम्) धात्रा इति सत्वरा व्यादाय","वर एष पुरा दत्तो मम धात्रेति सत्वरा।#व्यादाय वक्त्रं विपुलं स्थिता सा मारुतेः पुरः॥ "
"एवम् उक्तः सुरसया प्रहृष्ट-वदनः अब्रवीत् रामः दाशरथिः नाम प्रविष्टः दण्डका-वनम् लक्ष्मणेन सह भ्रात्रा वैदेह्या च अपि भार्यया","एवम् दण्डका-वनम् लक्ष्मणेन सह भ्रात्रा वैदेह्या च अपि भार्यया उक्तः सुरसया प्रहृष्ट-वदनः अब्रवीत् रामः दाशरथिः नाम प्रविष्टः","एवमुक्तः सुरसया प्रहृष्टवदनोऽब्रवीत्।रामो दाशरथिर्नाम प्रविष्टो दण्डकावनम्॥#लक्ष्मणेन सह भ्रात्रा वैदेह्या चापि भार्यया॥ "
"कार्य-विषक्तस्य बद्ध-वैरस्य राक्षसैः तस्य सीता हृता भार्या रावणेन यशस्विनी अस्य","कार्य-विषक्तस्य अस्य बद्ध-वैरस्य राक्षसैः तस्य सीता हृता भार्या रावणेन यशस्विनी","अस्य कार्यविषक्तस्य बद्धवैरस्य राक्षसैः।#तस्य सीता हृता भार्या रावणेन यशस्विनी॥"
"तस्याः सकाशम् दूतः अहम् गमिष्ये राम-शासनात् कर्तुम् अर्हसि रामस्य साह्यम् विषय-वासिनि","तस्याः साह्यम् विषय-वासिनि सकाशम् दूतः अहम् गमिष्ये राम-शासनात् कर्तुम् अर्हसि रामस्य","तस्याः सकाशं दूतोऽहं गमिष्ये रामशासनात्।#कर्तुमर्हसि रामस्य साह्यं विषयवासिनि॥"
"अथवा मैथिलीम् दृष्ट्वा रामम् च अ-क्लिष्ट-कारिणम् आगमिष्यामि ते वक्त्रम् सत्यम् प्रतिशृणोमि ते(पुरतः)","अथवा सत्यम् प्रतिशृणोमि ते(पुरतः) मैथिलीम् दृष्ट्वा रामम् च अ-क्लिष्ट-कारिणम् आगमिष्यामि ते वक्त्रम्","अथवा मैथिलीं दृष्ट्वा रामं चाक्लिष्टकारिणम्।#आगमिष्यामि ते वक्त्रं सत्यं प्रतिशृणोमि ते॥"
"एवम् उक्ता हनुमता सुरसा काम-रूपिणी अब्रवीत् न अतिवर्तेत् माम् कश्चित् एषः वरः मम (इति) (अस्ति)","एवम् कश्चित् एषः वरः मम (इति) (अस्ति) उक्ता हनुमता सुरसा काम-रूपिणी अब्रवीत् न अतिवर्तेत् माम्","एवमुक्ता हनुमता सुरसा कामरूपिणी।#अब्रवीन्नातिवर्तेन्मां कश्चिदेष वरो मम॥"
"तम् प्रयान्तम् समुद्वीक्ष्य सुरसा वाक्यम् अब्रवीत् बलम् जिज्ञासमाना सा नाग-माता हनूमतः","तम् नाग-माता हनूमतः प्रयान्तम् समुद्वीक्ष्य सुरसा वाक्यम् अब्रवीत् बलम् जिज्ञासमाना सा","तं प्रयान्तं समुद्वीक्ष्य सुरसा वाक्यमब्रवीत्।#बलं जिज्ञासमाना सा नागमाता हनूमतः॥"
"निविश्य वदनम् मे अद्य गन्तव्यम् वानर-उत्तम वरः एषः पुरा दत्तः मम(मह्यम्) धात्रा इति सत्वरा व्यादाय विपुलम् वक्त्रम् स्थिता सा मारुतेः पुरः","निविश्य दत्तः मम(मह्यम्) धात्रा इति सत्वरा व्यादाय विपुलम् वक्त्रम् स्थिता सा वदनम् मारुतेः पुरः मे अद्य गन्तव्यम् वानर-उत्तम वरः एषः पुरा","निविश्य वदनं मेऽद्य गन्तव्यं वानरोत्तम।वर एष पुरा दत्तो मम धात्रेति सत्वरा॥ #व्यादाय विपुलं वक्त्रं स्थिता सा मारुतेःपुरः।"
"एवम् उक्तः सुरसया क्रुद्धः वानर-पुङ्गवः अब्रवीत् कुरु वै वक्त्रम् येन माम् विषहिष्यसि","एवम् येन माम् विषहिष्यसि उक्तः सुरसया क्रुद्धः वानर-पुङ्गवः अब्रवीत् कुरु वै वक्त्रम्","एवमुक्तः सुरसया क्रुद्धो वानरपुंगवः॥#अब्रवीत् कुरु वै वक्त्रं येन मां विषहिष्यसि।"
"इति उक्त्वा सुरसाम् क्रुद्धः दशयोजनम् आयताम् दश-योजन-विस्तारः हनूमान् अभवत् तदा चकार सुरसा अपि आस्यम् विंशत्-योजनम्","इति तदा चकार सुरसा अपि आस्यम् विंशत्-योजनम् उक्त्वा सुरसाम् क्रुद्धः दशयोजनम् आयताम् दश-योजन-विस्तारः हनूमान् अभवत्","इत्युक्त्वा सुरसां क्रुद्धो दशयोजनमायताम्॥दशयोजनविस्तारो हनूमानभवत् तदा।#चकार सुरसाप्यास्यं विंशद् योजनमायतम्॥"
"तद् दृष्ट्वा व्यादितं तु आस्यं वायु-पुत्रः सः बुद्धिमान् दीर्घ-जिह्वं सुरसया सुभीमं नरक-उपमम् सः संक्षिप्य कायं जीमूतः इव मारुतिः तस्मिन् मुहूर्ते हनुमान् बभूव अङ्गुष्ठमात्रकः आत्मनः","तद् सुरसया सुभीमं नरक-उपमम् सः संक्षिप्य कायं जीमूतः इव मारुतिः तस्मिन् दृष्ट्वा मुहूर्ते हनुमान् बभूव अङ्गुष्ठमात्रकः आत्मनः व्यादितं तु आस्यं वायु-पुत्रः सः बुद्धिमान् दीर्घ-जिह्वं","तद् दृष्ट्वा व्यादितं त्वास्यं वायुपुत्रः स बुद्धिमान्।दीर्घजिह्वं सुरसया सुभीमं नरकोपमम्॥#स संक्षिप्यात्मनः कायं जीमूत इव मारुतिः।तस्मिन् मुहूर्ते हनुमान् बभूवाङ्गुष्ठमात्रकः॥"
"सः अभिपद्य अथ तद् वक्त्रं निष्पत्य च महा-बलः अन्तरिक्षे स्थितः श्रीमान् इदम् वचनम् अब्रवीत् .","सः स्थितः श्रीमान् इदम् वचनम् अब्रवीत् . अभिपद्य अथ तद् वक्त्रं निष्पत्य च महा-बलः अन्तरिक्षे","सोऽभिपद्याथ तद्वक्त्रं निष्पत्य च महाबलः।#अन्तरिक्षे स्थितः श्रीमानिदं वचनमब्रवीत्॥ १६८॥"
"प्रविष्टः अस्मि हि ते वक्त्रम् दाक्षायणि नमः अस्तु ते गमिष्ये यत्र वैदेही सत्यः च आसीत् वरः तव तत्र","प्रविष्टः गमिष्ये यत्र वैदेही सत्यः च आसीत् वरः तव तत्र अस्मि हि ते वक्त्रम् दाक्षायणि नमः अस्तु ते","प्रविष्टोऽस्मि हि ते वक्त्रं दाक्षायणि नमोऽस्तुते।#गमिष्ये यत्र वैदेही सत्यश्चासीद् वरस्तव॥"
"तम् दृष्ट्वा वदनात् मुक्तम् चन्द्रम् राहु-मुखात् इव अब्रवीत् सुरसा देवी स्वेन रूपेण वानरम्","तम् देवी स्वेन रूपेण वानरम् दृष्ट्वा वदनात् मुक्तम् चन्द्रम् राहु-मुखात् इव अब्रवीत् सुरसा","तं दृष्ट्वा वदनान्मुक्तं चन्द्रं राहुमुखादिव।#अब्रवीत् सुरसा देवी स्वेन रूपेण वानरम्॥"
"अर्थ-सिद्ध्यै हरि-श्रेष्ठ गच्छ सौम्य यथा-सुखम् समानय च वैदेहीम् राघवेण महा-आत्मना","अर्थ-सिद्ध्यै महा-आत्मना हरि-श्रेष्ठ गच्छ सौम्य यथा-सुखम् समानय च वैदेहीम् राघवेण","अर्थसिद्ध्यै हरिश्रेष्ठ गच्छ सौम्य यथासुखम्।#समानय च वैदेहीं राघवेण महात्मना॥ "
"तत् तृतीयम् हनुमतः दृष्ट्वा कर्म सुदुष्करम् साधु साधु इति भूतानि प्रशशंसुः तदा हरिम्","तत् भूतानि प्रशशंसुः तदा हरिम् तृतीयम् हनुमतः दृष्ट्वा कर्म सुदुष्करम् साधु साधु इति","तत् तृतीयं हनुमतो दृष्ट्वा कर्म सुदुष्करम्।#साधुसाध्विति भूतानि प्रशशंसुस्तदा हरिम्॥"
"सः सागरम् अनाधृष्यम् अभ्येत्य वरुण-आलयम् जगाम आकाशम् आविश्य वेगेन गरुड-उपमः","सः गरुड-उपमः सागरम् अनाधृष्यम् अभ्येत्य वरुण-आलयम् जगाम आकाशम् आविश्य वेगेन","स सागरमनाधृष्यमभ्येत्य वरुणालयम्।#जगामाकाशमाविश्य वेगेन गरुडोपमः॥"
"सेविते वारि-धाराभिः पतगैः च निषेविते चरिते कैशिक-आचार्यैः ऐरावत-निषेविते (मारुतिः) (जगाम) वायु-मार्गे","सेविते (जगाम) वायु-मार्गे वारि-धाराभिः पतगैः च निषेविते चरिते कैशिक-आचार्यैः ऐरावत-निषेविते (मारुतिः)","सेविते वारिधाराभिः पतगैश्च निषेविते।#चरिते कैशिकाचार्यैरैरावतनिषेविते॥"
"सिंह-कुञ्जर-शार्दूल-पतग-उरग-वाहनैः विमानैः सम्पतद्भिः च विमलैः समलङ्कृते (मारुतिः) (जगाम) वायु-मार्गे","सिंह-कुञ्जर-शार्दूल-पतग-उरग-वाहनैः विमानैः सम्पतद्भिः च विमलैः समलङ्कृते (मारुतिः) (जगाम) वायु-मार्गे","सिंहकुञ्जरशार्दूलपतगोरगवाहनैः।#विमानैः सम्पतद्भिश्च विमलैः समलंकृते॥ "
"वज्र-अशनि-समस्पर्शैः पावकैः इव शोभिते कृत-पुण्यैः महा-भागैः स्वर्ग-जिद्भिः अधिष्ठते (मारुतिः) (जगाम) वायु-मार्गे","वज्र-अशनि-समस्पर्शैः (जगाम) वायु-मार्गे पावकैः इव शोभिते कृत-पुण्यैः महा-भागैः स्वर्ग-जिद्भिः अधिष्ठते (मारुतिः)","वज्राशनिसमस्पर्शैः पावकैरिव शोभिते।#कृतपुण्यैर्महाभागैः स्वर्गजिद्भिरधिष्ठिते॥"
"वहता हव्यम् अत्यन्तम् सेविते चित्रभानुना ग्रह-नक्षत्र-चन्द्र-अर्क-तारा-गण-विभूषिते (मारुतिः) (जगाम) वायु-मार्गे","वहता हव्यम् अत्यन्तम् सेविते चित्रभानुना ग्रह-नक्षत्र-चन्द्र-अर्क-तारा-गण-विभूषिते (मारुतिः) (जगाम) वायु-मार्गे","वहता हव्यमत्यन्तं सेविते चित्रभानुना।#ग्रहनक्षत्रचन्द्रार्कतारागणविभूषिते॥ "
"महा-ऋषि-गण-गन्धर्व-नाग-यक्ष-समाकुले विविक्ते विमले विश्वे विश्वावसु-निषेविते (मारुतिः) (जगाम) (वायु)-(मार्गे)","महा-ऋषि-गण-गन्धर्व-नाग-यक्ष-समाकुले विविक्ते विमले विश्वे विश्वावसु-निषेविते (मारुतिः) (जगाम) (वायु)-(मार्गे)","महर्षिगणगन्धर्वनागयक्षसमाकुले।#विविक्ते विमले विश्वे विश्वावसुनिषेविते॥"
"देव-राज-गज-आक्रान्ते चन्द्र-सूर्य-पथे शिवे विताने जीव-लोकस्य विमले ब्रह्म-निर्मिते (मारुतिः) (जगाम) (वायु)-(मार्गे)","देव-राज-गज-आक्रान्ते (वायु)-(मार्गे) चन्द्र-सूर्य-पथे शिवे विताने जीव-लोकस्य विमले ब्रह्म-निर्मिते (मारुतिः) (जगाम)","देवराजगजाक्रान्ते चन्द्रसूर्यपथे शिवे।#विताने जीवलोकस्य वितते ब्रह्मनिर्मिते॥"
"बहुशः सेविते वीरैः विद्या-धर-गणैः वृते जगाम वायु-मार्गे तु गरुत्मान् इव मारुतिः","बहुशः इव मारुतिः सेविते वीरैः विद्या-धर-गणैः वृते जगाम वायु-मार्गे तु गरुत्मान्","बहुशः सेविते वीरैर्विद्याधरगणैर्वृते।#जगाम वायुमार्गे च गरुत्मानिव मारुतिः॥"
"हनुमान् मेघ-जालानि प्राकर्षन् मारुतः यथा काल-अगुरु-सवर्णानि रक्त-पीत-सितानि च कपिना कृष्यमाणानि महा-अभ्राणि चकाशिरे","हनुमान् महा-अभ्राणि चकाशिरे मेघ-जालानि प्राकर्षन् मारुतः यथा काल-अगुरु-सवर्णानि रक्त-पीत-सितानि च कपिना कृष्यमाणानि","हनुमान् मेघजालानि प्राकर्षन् मारुतो यथा।#कालागुरुसवर्णानि रक्तपीतसितानि च॥ कपिना कृष्यमाणानि महाभ्राणि चकाशिरे।"
"प्रविशन् अभ्र-जालानि निष्पतन् च पुनः पुनः प्रावृषि इन्दुः इव आभाति निष्पतन् प्रविशन् तथा (कपिः)","प्रविशन् आभाति निष्पतन् प्रविशन् तथा (कपिः) अभ्र-जालानि निष्पतन् च पुनः पुनः प्रावृषि इन्दुः इव","प्रविशन्नभ्रजालानि निष्पतंश्च पुनः पुनः॥#प्रावृषीन्दुरिवाभाति निष्पतन् प्रविशंस्तदा।"
"प्रदृश्यमानः सर्वत्र हनूमान् मारुत-आत्मजः भेजे अम्बरम् निरालम्बम् पक्ष-युक्तः इव अद्रि-राट्","प्रदृश्यमानः अद्रि-राट् सर्वत्र हनूमान् मारुत-आत्मजः भेजे अम्बरम् निरालम्बम् पक्ष-युक्तः इव","प्रदृश्यमानः सर्वत्र हनूमान् मारुतात्मजः॥ #भेजेऽम्बरं निरालम्बं पक्षयुक्त इवाद्रिराट्।"
"प्लवमानम् तु तम् दृष्ट्वा सिंहिका नाम राक्षसी मनसा चिन्तयामास प्रवृद्धा काम-रूपिणी","प्लवमानम् प्रवृद्धा काम-रूपिणी तु तम् दृष्ट्वा सिंहिका नाम राक्षसी मनसा चिन्तयामास","प्लवमानं तु तं दृष्ट्वा सिंहिका नाम राक्षसी॥#मनसा चिन्तयामास प्रवृद्धा कामरूपिणी।"
"अद्य दीर्घस्य कालस्य भविष्यामि अहम् आशिता इदम् मम महा-सत्त्वम् चिरस्य वशम् आगतम्","अद्य चिरस्य वशम् आगतम् दीर्घस्य कालस्य भविष्यामि अहम् आशिता इदम् मम महा-सत्त्वम्","अद्य दीर्घस्य कालस्य भविष्याम्यहमाशिता॥#इदं मम महासत्त्वं चिरस्य वशमागतम्।"
"इति संचिन्त्य मनसा छायाम् अस्य समाक्षिपत् छायायां गृह्यमाणायां चिन्तयामास वानरः समाक्षिप्तः अस्मि सहसा पङ्गूकृत-पराक्रमः प्रतिलोमेन वातेन महा-नौः इव सागरे (इति) (अहम्)","इति वानरः समाक्षिप्तः अस्मि सहसा पङ्गूकृत-पराक्रमः प्रतिलोमेन वातेन महा-नौः इव सागरे संचिन्त्य (इति) (अहम्) मनसा छायाम् अस्य समाक्षिपत् छायायां गृह्यमाणायां चिन्तयामास","इति संचिन्त्य मनसा च्छायामस्य समाक्षिपत्॥छायायां गृह्यमाणायां चिन्तयामास वानरः।समाक्षिप्तोऽस्मि सहसा पङ्गूकृतपराक्रमः॥#प्रतिलोमेन वातेन महानौरिव सागरे।"
"तिर्यक् अधः च एव वीक्षमाणः तदा कपिः ददर्श सः महा-सत्त्वम् उत्थितम् लवण-अम्भसि ऊर्ध्वम्","तिर्यक् महा-सत्त्वम् उत्थितम् लवण-अम्भसि ऊर्ध्वम् अधः च एव वीक्षमाणः तदा कपिः ददर्श सः","तिर्यगूर्ध्वमधश्चैव वीक्षमाणस्तदा कपिः॥#ददर्श स महासत्त्वमुत्थितं लवणाम्भसि।"
"तत् दृष्ट्वा चिन्तयामास मारुतिः विकृताननाम् कपि-राज्ञा यथा आख्यातम् सत्त्वम् अद्भुत-दर्शनम् छायाग्राहि महा-वीर्यम् तत् इदम् न अत्र संशयः (अस्ति)","तत् अद्भुत-दर्शनम् छायाग्राहि महा-वीर्यम् तत् इदम् न अत्र संशयः (अस्ति) दृष्ट्वा चिन्तयामास मारुतिः विकृताननाम् कपि-राज्ञा यथा आख्यातम् सत्त्वम्","तद् दृष्ट्वा चिन्तयामास मारुतिर्विकृताननाम्॥#कपिराज्ञा यथाख्यातं सत्त्वमद्भुतदर्शनम्।छायाग्राहि महावीर्यं तदिदं नात्र संशयः॥"
"सः ताम् बुद्ध्वा अर्थ-तत्त्वेन सिंहिकाम् मतिमान् कपिः व्यवर्धत महा-कायः प्रावृषि इव बलाहकः","सः प्रावृषि इव बलाहकः ताम् बुद्ध्वा अर्थ-तत्त्वेन सिंहिकाम् मतिमान् कपिः व्यवर्धत महा-कायः","स तां बुद्‍ध्वार्थतत्त्वेन सिंहिकां मतिमान् कपिः।#व्यवर्धत महाकायः प्रावृषीव बलाहकः॥"
"तस्य सा कायम् उद्वीक्ष्य वर्धमानम् महा-कपेः वक्त्रम् प्रसारयामास पाताल-अम्बर-सन्निभम्","तस्य सा कायम् उद्वीक्ष्य वर्धमानम् महा-कपेः वक्त्रम् प्रसारयामास पाताल-अम्बर-सन्निभम्","तस्य सा कायमुद्वीक्ष्य वर्धमानं महाकपेः।#वक्त्रं प्रसारयामास पातालाम्बरसंनिभम्॥"
"घन-राजी इव गर्जन्ती वानरं समभिद्रवत् सः ददर्श ततः तस्याः विकृतं सुमहन्-मुखम् कायमात्रं च मेधावी मर्माणि च महा-कपिः","घन-राजी विकृतं सुमहन्-मुखम् कायमात्रं च मेधावी मर्माणि च महा-कपिः इव गर्जन्ती वानरं समभिद्रवत् सः ददर्श ततः तस्याः","घनराजीव गर्जन्ती वानरं समभिद्रवत्।स ददर्श ततस्तस्या विकृतं सुमहन्मुखम्॥#कायमात्रं च मेधावी मर्माणि च महाकपिः।"
"सः तस्याः विकृते वक्त्रे वज्र-संहननः कपिः संक्षिप्य मुहुः आत्मानं निपपात महा-कपिः","सः निपपात महा-कपिः तस्याः विकृते वक्त्रे वज्र-संहननः कपिः संक्षिप्य मुहुः आत्मानं","स तस्या विकृते वक्त्रे वज्रसंहननः कपिः॥ #संक्षिप्य मुहुरात्मानं निपपात महाकपिः।"
"आस्ये तस्याः निमज्जन्तम् ददृशुः सिद्ध-चारणाः ग्रस्यमानम् यथा चन्द्रम् पूर्णम् पर्वणि राहुणा (हनुमन्तम्)","आस्ये पर्वणि राहुणा (हनुमन्तम्) तस्याः निमज्जन्तम् ददृशुः सिद्ध-चारणाः ग्रस्यमानम् यथा चन्द्रम् पूर्णम्","आस्ये तस्या निमज्जन्तं ददृशुः सिद्धचारणाः॥#ग्रस्यमानं यथा चन्द्रं पूर्णं पर्वणि राहुणा।"
"ततः तस्याः नखैः तीक्ष्णैः मर्माणि उत्कृत्य वानरः उत्पपात अथ वेगेन मनः-सम्पात-विक्रमः","ततः वेगेन मनः-सम्पात-विक्रमः तस्याः नखैः तीक्ष्णैः मर्माणि उत्कृत्य वानरः उत्पपात अथ","ततस्तस्या नखैस्तीक्ष्णैर्मर्माण्युत्कृत्य वानरः॥#उत्पपाताथ वेगेन मनःसम्पातविक्रमः।"
"ताम् तु दिष्ट्या च धृत्या च दाक्षिण्येन निपात्य सः कपि-प्रवीरः वेगेन ववृधे पुनः आत्मवान्","ताम् कपि-प्रवीरः वेगेन ववृधे पुनः आत्मवान् तु दिष्ट्या च धृत्या च दाक्षिण्येन निपात्य सः","तां तु दिष्ट्या च धृत्या च दाक्षिण्येन निपात्य सः॥#कपिप्रवीरो वेगेन ववृधे पुनरात्मवान्।"
"हृत-हृत् हनुमता पपात अम्भसि स्वयम्भुवा एव हनुमान् सृष्टः तस्याः निपातने विधुरा सा","हृत-हृत् निपातने विधुरा सा हनुमता पपात अम्भसि स्वयम्भुवा एव हनुमान् सृष्टः तस्याः","हृतहृत्सा हनुमता पपात विधुराम्भसि।#स्वयंभुवैव हनुमान् सृष्टस्तस्या निपातने॥"
"ताम् हताम् वानरेण आशु पतिताम् वीक्ष्य सिंहिकाम् भूतानि आकाश-चारीणि तम् ऊचुः प्लवगा-उत्तमम्","ताम् तम् ऊचुः प्लवगा-उत्तमम् हताम् वानरेण आशु पतिताम् वीक्ष्य सिंहिकाम् भूतानि आकाश-चारीणि","तां हतां वानरेणाशु पतितां वीक्ष्य सिंहिकाम्।#भूतान्याकाशचारीणि तमूचुः प्लवगोत्तमम्॥"
"भीमम् अद्य कृतम् कर्म महत् सत्त्वम् त्वया हतम् साधय अर्थम् अभिप्रेतम् अरिष्टम् प्लवताम् वर","भीमम् अर्थम् अभिप्रेतम् अरिष्टम् प्लवताम् वर अद्य कृतम् कर्म महत् सत्त्वम् त्वया हतम् साधय","भीममद्य कृतं कर्म महत्सत्त्वं त्वया हतम्।#साधयार्थमभिप्रेतमरिष्टं प्लवतां वर॥"
"यस्य तु एतानि चत्वारि वानर-इन्द्र यथा तव धृतिः दृष्टिः मतिः दाक्ष्यम् सः कर्मसु न सीदति (भवन्ति) (सन्ति)","यस्य मतिः दाक्ष्यम् सः कर्मसु न सीदति (भवन्ति) (सन्ति) तु एतानि चत्वारि वानर-इन्द्र यथा तव धृतिः दृष्टिः","यस्य त्वेतानि चत्वारि वानरेन्द्र यथा तव।#धृतिर्दृष्टिर्मतिर्दाक्ष्यं स कर्मसु न सीदति॥"
"सः तैः सम्पूजितः पूज्यः प्रतिपन्न-प्रयोजनैः जगाम आकाशम् आविश्य पन्नग-अशनवत् कपिः","सः कपिः तैः सम्पूजितः पूज्यः प्रतिपन्न-प्रयोजनैः जगाम आकाशम् आविश्य पन्नग-अशनवत्","स तैः सम्पूजितः पूज्यः प्रतिपन्नप्रयोजनैः।#जगामाकाशमाविश्य पन्नगाशनवत् कपिः॥ "
"प्राप्तभूयिष्ठ-पारः तु सर्वतः सः परिलोकयन् योजनानाम् शतस्य अन्ते वन-राजीम् ददर्श","प्राप्तभूयिष्ठ-पारः ददर्श तु सर्वतः सः परिलोकयन् योजनानाम् शतस्य अन्ते वन-राजीम्","प्राप्तभूयिष्ठपारस्तु सर्वतः परिलोकयन्।#योजनानां शतस्यान्ते वनराजीं ददर्श सः॥"
"ददर्श च पतन् एव विविध-द्रुम-भूषितम् द्वीपम् शाखामृगः-श्रेष्ठः मलय-उपवनानि च","ददर्श च पतन् एव विविध-द्रुम-भूषितम् द्वीपम् शाखामृगः-श्रेष्ठः मलय-उपवनानि च","ददर्श च पतन्नेव विविधद्रुमभूषितम्।#द्वीपं शाखामृगश्रेष्ठो मलयोपवनानि च॥"
"सागरम् सागर-अनूपान् सागर-अनूपजान् द्रुमान् सागरस्य च पत्नीनाम् मुखानि अपि विलोकयत्(आर्ष)","सागरम् विलोकयत्(आर्ष) सागर-अनूपान् सागर-अनूपजान् द्रुमान् सागरस्य च पत्नीनाम् मुखानि अपि","सागरं सागरानूपान् सागरानूपजान् द्रुमान्।#सागरस्य च पत्नीनां मुखान्यपि विलोकयत्॥"
"सः महा-मेघ-सङ्काशम् समीक्ष्य आत्मानम् आत्मवान् निरुन्धन्तम् इव आकाशम् चकार मतिमान् मतिम्","सः मतिमान् मतिम् महा-मेघ-सङ्काशम् समीक्ष्य आत्मानम् आत्मवान् निरुन्धन्तम् इव आकाशम् चकार","स महामेघसंकाशं समीक्ष्यात्मानमात्मवान्।#निरुन्धन्तमिवाकाशं चकार मतिमान् मतिम्॥"
"काय-वृद्धिम् प्रवेगम् च मम दृष्ट्वा एव राक्षसाः मयि कौतूहलम् कुर्युः इति मेने महा-मतिः","काय-वृद्धिम् कुर्युः इति मेने महा-मतिः प्रवेगम् च मम दृष्ट्वा एव राक्षसाः मयि कौतूहलम्","कायवृद्धिं प्रवेगं च मम दृष्ट्वैव राक्षसाः।#मयि कौतूहलं कुर्युरिति मेने महामतिः॥"
"ततः शरीरम् सङ्क्षिप्य तत् पुनः प्रकृतिम् आपेदे वीत-मोहः इव आत्मवान् महीधर-सन्निभम्","ततः आत्मवान् महीधर-सन्निभम् शरीरम् सङ्क्षिप्य तत् पुनः प्रकृतिम् आपेदे वीत-मोहः इव","ततः शरीरं संक्षिप्य तन्महीधरसंनिभम्।#पुनः प्रकृतिमापेदे वीतमोह इवात्मवान्॥"
"तत् रूपम् अतिसङ्क्षिप्य हनूमान् प्रकृतौ स्थितः त्रीन् क्रमान् इव विक्रम्य बलि-वीर्य-हरः हरिः","तत् विक्रम्य बलि-वीर्य-हरः हरिः रूपम् अतिसङ्क्षिप्य हनूमान् प्रकृतौ स्थितः त्रीन् क्रमान् इव","तद्रूपमतिसंक्षिप्य हनूमान् प्रकृतौ स्थितः।#त्रीन् क्रमानिव विक्रम्य बलिवीर्यहरो हरिः॥"
"सः चारु-नाना-विध-रूपधारी परम् समासाद्य समुद्र-तीरम् परैः अशक्यम् प्रतिपन्न-रूपः समीक्षित-आत्मा समवेक्षित-अर्थः (अभूत्)","सः समवेक्षित-अर्थः (अभूत्) चारु-नाना-विध-रूपधारी परम् समासाद्य समुद्र-तीरम् परैः अशक्यम् प्रतिपन्न-रूपः समीक्षित-आत्मा","स चारुनानाविधरूपधारी परं समासाद्य समुद्रतीरम्।#परैरशक्यं प्रतिपन्नरूपः समीक्षितात्मा समवेक्षितार्थः॥ "
"ततः सः लम्बस्य गिरेः समृद्धे विचित्र-कूटे निपपात कूटे स-केतक-उद्दालक-नारिकेले महा-अभ्र-कूट-प्रतिमः महा-आत्मा","ततः महा-अभ्र-कूट-प्रतिमः महा-आत्मा सः लम्बस्य गिरेः समृद्धे विचित्र-कूटे निपपात कूटे स-केतक-उद्दालक-नारिकेले","ततः स लम्बस्य गिरेः समृद्धे विचित्रकूटे निपपात कूटे।#सकेतकोद्दालकनारिकेले महाभ्रकूटप्रतिमो महात्मा॥ "
"ततः तु सम्प्राप्य समुद्र-तीरम् समीक्ष्य लङ्काम् गिरि-वर्य-मूर्ध्नि कपिः तु तस्मिन् निपपात पर्वते विधूय रूपम् व्यथयन् मृग-द्विजान्","ततः तस्मिन् निपपात पर्वते विधूय रूपम् व्यथयन् मृग-द्विजान् तु सम्प्राप्य समुद्र-तीरम् समीक्ष्य लङ्काम् गिरि-वर्य-मूर्ध्नि कपिः तु","ततस्तु सम्प्राप्य समुद्रतीरं समीक्ष्य लंकां गिरिवर्यमूर्ध्नि।#कपिस्तु तस्मिन् निपपात पर्वते विधूय रूपं व्यथयन्मृगद्विजान्॥"
"सः सागरम् दानव-पन्नग-आयुतम् बलेन विक्रम्य महा-ऊर्मि-मालिनम् निपत्य तीरे च महा-उदधेः तदा ददर्श लङ्काम् अमरावतीम् इव","सः महा-उदधेः तदा ददर्श लङ्काम् अमरावतीम् इव सागरम् दानव-पन्नग-आयुतम् बलेन विक्रम्य महा-ऊर्मि-मालिनम् निपत्य तीरे च","स सागरं दानवपन्नगायुतं बलेन विक्रम्य महोर्मिमालिनम्।#निपत्य तीरे च महोदधेस्तदा ददर्श लंकाममरावतीमिव॥"
"तत्र दिव्य-उपमम् मुख्यम् स्फाटिकम् रत्न-भूषितम् अवेक्षमाणः हनुमान् ददर्श शयन-आसनम् .","तत्र . दिव्य-उपमम् मुख्यम् स्फाटिकम् रत्न-भूषितम् अवेक्षमाणः हनुमान् ददर्श शयन-आसनम्","तत्र दिव्योपमं मुख्यं स्फाटिकं रत्नभूषितम्।#अवेक्षमाणो हनुमान् ददर्श शयनासनम्॥"
"(ददर्श) दान्त-काञ्चन-चित्र-अङ्गैः वैदूर्यैः च वर-आसनैः महा-अर्ह-आस्तरण-उपेतैः (ददर्श) उपपन्नम् महा-धनैः तस्य च एकतमे देशे दिव्य-माला-उपशोभितम् ददर्श पाण्डुरम् छत्रम् तारा-अधिपति-सन्निभम् (आसनम्)","(ददर्श) दान्त-काञ्चन-चित्र-अङ्गैः च एकतमे देशे दिव्य-माला-उपशोभितम् ददर्श पाण्डुरम् छत्रम् तारा-अधिपति-सन्निभम् (आसनम्) वैदूर्यैः च वर-आसनैः महा-अर्ह-आस्तरण-उपेतैः (ददर्श) उपपन्नम् महा-धनैः तस्य","दान्तकाञ्चनचित्रांगैर्वैदूर्यैश्च वरासनैः।महार्हास्तरणोपेतैरुपपन्नं महाधनैः॥#तस्य चैकतमे देशे दिव्यमालोपशोभितम्।ददर्श पाण्डुरं छत्रं ताराधिपतिसंनिभम्॥"
"जातरूप-परिक्षिप्तम् भानोः समप्रभम् अशोक-माला-विततम् ददर्श परम-आसनम् हनुमान् वाल-व्यजन-हस्ताभिः वीज्यमानम् समन्ततः गन्धैः च विविधैः जुष्टम् वर-धूपेन धूपितम् परम्-आस्तरण-आस्तीर्णम् आविकाजिन-संवृतम् दामभिः वर-माल्यानाम् समन्तात् उपशोभितम् .","जातरूप-परिक्षिप्तम् समन्ततः गन्धैः च विविधैः जुष्टम् वर-धूपेन धूपितम् परम्-आस्तरण-आस्तीर्णम् आविकाजिन-संवृतम् दामभिः भानोः वर-माल्यानाम् समन्तात् उपशोभितम् . समप्रभम् अशोक-माला-विततम् ददर्श परम-आसनम् हनुमान् वाल-व्यजन-हस्ताभिः वीज्यमानम्","जातरूपपरिक्षिप्तं चित्रभानोः समप्रभम्।अशोकमालाविततं ददर्श परमासनम्॥ वालव्यजनहस्ताभिर्वीज्यमानं समन्ततः।गन्धैश्च विविधैर्जुष्टं वरधूपेन धूपितम्॥#परमास्तरणास्तीर्णमाविकाजिनसंवृतम्।दामभिर्वरमाल्यानां समन्तादुपशोभितम्॥"
"तस्मिन् जीमूत-सङ्काशम् प्रदीप्त-उज्ज्वल-कुण्डलम् लोहिताक्षम् महा-बाहुम् महा-रजत-वाससम् लोहितेन अनुलिप्त-अङ्गम् चन्दनेन सुगन्धिना सन्ध्या-रक्तम् इव आकाशे तोयदम् स-तडित्-गुणम् वृतम् आभरणैः दिव्यैः सुरूपम् काम-रूपिणम् सवृक्ष-वन-गुल्म-आढ्यम् प्रसुप्तम् इव मन्दरम् क्रीडित्वा उपरतम् रात्रौ वर-आभरण-भूषितम् प्रियम् राक्षस-कन्यानाम् राक्षसानाम् सुखावहम् पीत्वा अपि उपरतम् च अपि ददर्श सः महा-कपिः .","तस्मिन् सुगन्धिना सन्ध्या-रक्तम् इव आकाशे तोयदम् स-तडित्-गुणम् वृतम् आभरणैः दिव्यैः सुरूपम् जीमूत-सङ्काशम् काम-रूपिणम् सवृक्ष-वन-गुल्म-आढ्यम् प्रसुप्तम् इव मन्दरम् क्रीडित्वा उपरतम् रात्रौ वर-आभरण-भूषितम् प्रियम् प्रदीप्त-उज्ज्वल-कुण्डलम् राक्षस-कन्यानाम् राक्षसानाम् सुखावहम् पीत्वा अपि उपरतम् च अपि ददर्श सः लोहिताक्षम् महा-कपिः . महा-बाहुम् महा-रजत-वाससम् लोहितेन अनुलिप्त-अङ्गम् चन्दनेन","तस्मिञ्जीमूतसंकाशं प्रदीप्तोज्ज्वलकुण्डलम्।लोहिताक्षं महाबाहुं महारजतवाससम्॥ लोहितेनानुलिप्तांगं चन्दनेन सुगन्धिना।संध्यारक्तमिवाकाशे तोयदं सतडिद्गुणम्॥ वृतमाभरणैर्दिव्यैः सुरूपं कामरूपिणम्।सवृक्षवनगुल्माढ्यं प्रसुप्तमिव मन्दरम्॥ #क्रीडित्वोपरतं रात्रौ वराभरणभूषितम्।प्रियं राक्षसकन्यानां राक्षसानां सुखावहम्॥ पीत्वाप्युपरतं चापि ददर्श स महाकपिः।"
"भास्वरे शयने वीरम् प्रसुप्तम् राक्षस-अधिपम् निःश्वसन्तम् यथा नागम् रावणम् वानर-उत्तमः आसाद्य परम-उद्विग्नः उपासर्पत् सुभीतवत् सः","भास्वरे वानर-उत्तमः आसाद्य परम-उद्विग्नः उपासर्पत् सुभीतवत् सः शयने वीरम् प्रसुप्तम् राक्षस-अधिपम् निःश्वसन्तम् यथा नागम् रावणम्","भास्वरे शयने वीरं प्रसुप्तं राक्षसाधिपम्॥#निःश्वसन्तं यथा नागं रावणं वानरोत्तमः।आसाद्य परमोद्विग्नः सोपासर्पत् सुभीतवत्॥"
"अथ आरोहणम् आसाद्य वेदिक-अन्तरम् आश्रितः क्षीबम् राक्षस-शार्दूलम् प्रेक्षते स्म महा-कपिः .","अथ महा-कपिः . आरोहणम् आसाद्य वेदिक-अन्तरम् आश्रितः क्षीबम् राक्षस-शार्दूलम् प्रेक्षते स्म","अथारोहणमासाद्य वेदिकान्तरमाश्रितः।#क्षीबं राक्षसशार्दूलं प्रेक्षते स्म महाकपिः॥"
"शुशुभे राक्षस-इन्द्रस्य स्वपतः शयनम् शुभम् गन्ध-हस्तिनि संविष्टम् यथा प्रस्रवणम् महत्","शुशुभे महत् राक्षस-इन्द्रस्य स्वपतः शयनम् शुभम् गन्ध-हस्तिनि संविष्टम् यथा प्रस्रवणम्","शुशुभे राक्षसेन्द्रस्य स्वपतः शयनं शुभम्।#गन्धहस्तिनि संविष्टे यथा प्रस्रवणं महत्॥"
"काञ्चन-अङ्गद-सन्नद्धः ददर्श सः महा-आत्मनः विक्षिप्तौ राक्षस-इन्द्रस्य भुजौ इन्द्र-ध्वज-उपमौ ऐरावत-विषाण-अग्रैः आपीडन-कृत-व्रणौ वज्र-उल्लिखित-पीनांसौ विष्णु-चक्र-परिक्षतौ पीनौ समसुजात-अंसौ सङ्गतौ बल-संयुतौ सुलक्षण-नख-अङ्गुष्ठौ सु-अङ्गुलीयक-लक्षितौ संहतौ परिघ-आकारौ वृत्तौ करिकर-उपमौ विक्षिप्तौ शयने शुभ्रे पञ्च-शीर्षौ इव उरगौ .","काञ्चन-अङ्गद-सन्नद्धः आपीडन-कृत-व्रणौ वज्र-उल्लिखित-पीनांसौ विष्णु-चक्र-परिक्षतौ पीनौ समसुजात-अंसौ सङ्गतौ बल-संयुतौ सुलक्षण-नख-अङ्गुष्ठौ सु-अङ्गुलीयक-लक्षितौ संहतौ ददर्श परिघ-आकारौ वृत्तौ करिकर-उपमौ विक्षिप्तौ शयने शुभ्रे पञ्च-शीर्षौ इव उरगौ . सः महा-आत्मनः विक्षिप्तौ राक्षस-इन्द्रस्य भुजौ इन्द्र-ध्वज-उपमौ ऐरावत-विषाण-अग्रैः","काञ्चनांगदसंनद्धौ ददर्श स महात्मनः।विक्षिप्तौ राक्षसेन्द्रस्य भुजाविन्द्रध्वजोपमौ॥ ऐरावतविषाणाग्रैरापीडनकृतव्रणौ।वज्रोल्लिखितपीनांसौ विष्णुचक्रपरिक्षतौ॥#पीनौ समसुजातांसौ संगतौ बलसंयुतौ।सुलक्षणनखांगुष्ठौ स्वंगुलीयकलक्षितौ॥ संहतौ परिघाकारौ वृत्तौ करिकरोपमौ।विक्षिप्तौ शयने शुभ्रे पञ्चशीर्षाविवोरगौ॥"
"शश-क्षतज-कल्पेन सुशीतेन सुगन्धिना चन्दनेन परार्घ्येन स्वनुलिप्तौ स्वलङ्कृतौ उत्तम-स्त्री-विमृदितौ गन्ध-उत्तम-निषेवितौ यक्ष-पन्नग-गन्धर्व देव-दानव-राविणौ ददर्श सः कपिः तस्य बाहू शयन-संस्थितौ .","शश-क्षतज-कल्पेन यक्ष-पन्नग-गन्धर्व देव-दानव-राविणौ ददर्श सः कपिः तस्य बाहू शयन-संस्थितौ . सुशीतेन सुगन्धिना चन्दनेन परार्घ्येन स्वनुलिप्तौ स्वलङ्कृतौ उत्तम-स्त्री-विमृदितौ गन्ध-उत्तम-निषेवितौ","शशक्षतजकल्पेन सुशीतेन सुगन्धिना।चन्दनेन परार्घ्येन स्वनुलिप्तौ स्वलंकृतौ॥#उत्तमस्त्रीविमृदितौ गन्धोत्तमनिषेवितौ।यक्षपन्नगगन्धर्वदेवदानवराविणौ॥ ददर्श स कपिस्तस्य बाहू शयनसंस्थितौ।"
"मन्दरस्य अन्तरे सुप्तौ महा-अही रुषितौ इव ताभ्याम् सः परिपूर्णाभ्याम् उभाभ्याम् राक्षस-ईश्वरः शुशुभे अचल-सङ्काशः शृङ्गाभ्याम् इव मन्दरः (शुशुभाते) यौ","मन्दरस्य उभाभ्याम् राक्षस-ईश्वरः शुशुभे अचल-सङ्काशः शृङ्गाभ्याम् इव मन्दरः (शुशुभाते) यौ अन्तरे सुप्तौ महा-अही रुषितौ इव ताभ्याम् सः परिपूर्णाभ्याम्","मन्दरस्यान्तरे सुप्तौ महाही रुषिताविव॥#ताभ्यां स परिपूर्णाभ्यामुभाभ्यां राक्षसेश्वरः।शुशुभेऽचलसंकाशः शृंगाभ्यामिव मन्दरः॥"
"चूत-पुंनाग-सुरभिः बकुल-उत्तम-संयुतः मृष्ट-अन्न-रस-संयुक्तः पान-गन्ध-पुरस्सरः तस्य राक्षस-राजस्य निश्चक्राम महा-मुखात् शयानस्य विनिःश्वासः पूरयन् इव तत् गृहम् .","चूत-पुंनाग-सुरभिः विनिःश्वासः पूरयन् इव तत् गृहम् . बकुल-उत्तम-संयुतः मृष्ट-अन्न-रस-संयुक्तः पान-गन्ध-पुरस्सरः तस्य राक्षस-राजस्य निश्चक्राम महा-मुखात् शयानस्य","चूतपुंनागसुरभिर्बकुलोत्तमसंयुतः।मृष्टान्नरससंयुक्तः पानगन्धपुरःसरः॥#तस्य राक्षसराजस्य निश्चक्राम महामुखात्।शयानस्य विनिःश्वासः पूरयन्निव तद् गृहम्॥"
"मुक्ता-मणि-विचित्रेण काञ्चनेन विराजता मुकुटेन अपवृत्तेन कुण्डल-उज्ज्वलित-आननम् रक्त-चन्दन-दिग्धेन तथा हारेण शोभिना पीनायत-विशालेन वक्षसा पाण्डुरेण अपविद्धेन क्षौमेण क्षतज-ईक्षणम् महा-अर्हेण सुसंवीतम् पीतेन उत्तर-वाससा (कपिः) (गृहे) (रावणं) (ददर्श) (च) अभिविराजता (युक्तम्)","मुक्ता-मणि-विचित्रेण शोभिना पीनायत-विशालेन वक्षसा पाण्डुरेण अपविद्धेन क्षौमेण क्षतज-ईक्षणम् महा-अर्हेण सुसंवीतम् पीतेन काञ्चनेन उत्तर-वाससा (कपिः) (गृहे) (रावणं) (ददर्श) (च) अभिविराजता (युक्तम्) विराजता मुकुटेन अपवृत्तेन कुण्डल-उज्ज्वलित-आननम् रक्त-चन्दन-दिग्धेन तथा हारेण","मुक्तामणिविचित्रेण काञ्चनेन विराजिता।मुकुटेनापवृत्तेन कुण्डलोज्ज्वलिताननम्॥ रक्तचन्दनदिग्धेन तथा हारेण शोभिना।पीनायतविशालेन वक्षसाभिविराजिता॥#पाण्डुरेणापविद्धेन क्षौमेण क्षतजेक्षणम्।महार्हेण सुसंवीतं पीतेनोत्तरवाससा॥ "
"माष-राशि-प्रतीकाशम् निःश्वसन्तम् भुजङ्गवत् गाङ्गे महति तोयान्ते प्रसुप्तम् इव कुञ्जरम् चतुर्भिः काञ्चनैः दीपैः दीप्यमानम् चतुर्दिशम् प्रकाशीकृत-सर्वाङ्गम् मेघम् विद्युत्-गणैः इव पाद-मूल-गताः च अपि ददर्श सुमहा-आत्मनः पत्नीः सः प्रिय-भार्यस्य तस्य रक्षः-पतेः गृहे (ददर्श) रावणम्","माष-राशि-प्रतीकाशम् चतुर्भिः काञ्चनैः दीपैः दीप्यमानम् चतुर्दिशम् प्रकाशीकृत-सर्वाङ्गम् मेघम् विद्युत्-गणैः इव पाद-मूल-गताः निःश्वसन्तम् च अपि ददर्श सुमहा-आत्मनः पत्नीः सः प्रिय-भार्यस्य तस्य रक्षः-पतेः गृहे भुजङ्गवत् (ददर्श) रावणम् गाङ्गे महति तोयान्ते प्रसुप्तम् इव कुञ्जरम्","माषराशिप्रतीकाशं निःश्वसन्तं भुजंगवत्।गांगे महति तोयान्ते प्रसुप्तमिव कुञ्जरम्॥ चतुर्भिः काञ्चनैर्दीपैर्दीप्यमानं चतुर्दिशम्।प्रकाशीकृतसर्वांगं मेघं विद्युद‍्गणैरिव॥#पादमूलगताश्चापि ददर्श सुमहात्मनः।पत्नीः स प्रियभार्यस्य तस्य रक्षःपतेर्गृहे॥ "
"शशि-प्रकाश-वदनाः वर-कुण्डल-भूषणाः अम्लान-माल्य-आभरणाः ददर्श हरि-यूथपः रावणस्य गृहे (पत्नीः)","शशि-प्रकाश-वदनाः वर-कुण्डल-भूषणाः अम्लान-माल्य-आभरणाः ददर्श हरि-यूथपः रावणस्य गृहे (पत्नीः)","शशिप्रकाशवदना वरकुण्डलभूषणाः।#अम्लानमाल्याभरणा ददर्श हरियूथपः॥"
"नृत्य-वादित्र-कुशलाः राक्षस-इन्द्र-भुज-अङ्क-गाः वर-आभरण-धारिण्यः निषण्णाः ददृशे(आर्ष) कपिः (पत्नीः)","नृत्य-वादित्र-कुशलाः राक्षस-इन्द्र-भुज-अङ्क-गाः वर-आभरण-धारिण्यः निषण्णाः ददृशे(आर्ष) कपिः (पत्नीः)","नृत्यवादित्रकुशला राक्षसेन्द्रभुजाङ्कगाः।#वराभरणधारिण्यो निषण्णा ददृशे कपिः॥"
"वज्र-वैदूर्य-गर्भाणि श्रवण-अन्तेषु योषिताम् ददर्श तापनीयानि कुण्डलानि अङ्गदानि च कपिः .","वज्र-वैदूर्य-गर्भाणि . श्रवण-अन्तेषु योषिताम् ददर्श तापनीयानि कुण्डलानि अङ्गदानि च कपिः","वज्रवैदूर्यगर्भाणि श्रवणान्तेषु योषिताम्।#ददर्श तापनीयानि कुण्डलान्यंगदानि च॥"
"तासाम् चन्द्र-उपमैः वक्त्रैः शुभैः ललित-कुण्डलैः विरराज विमानम् तत् नभः तारा-इव गणैः .","तासाम् तारा-इव गणैः . चन्द्र-उपमैः वक्त्रैः शुभैः ललित-कुण्डलैः विरराज विमानम् तत् नभः","तासां चन्द्रोपमैर्वक्त्रैः शुभैर्ललितकुण्डलैः।#विरराज विमानं तन्नभस्तारागणैरिव॥"
"मद-व्यायाम-खिन्नाः ताः राक्षस-इन्द्रस्य योषितः तेषु तेषु अवकाशेषु प्रसुप्ताः तनु-मध्यमाः अङ्ग-हारैः तथा एव अन्या कोमलैः नृत्यशालिनी विन्यस्त-शुभ-सर्वाङ्गी प्रसुप्ता वर-वर्णिनी (युक्ता)","मद-व्यायाम-खिन्नाः अङ्ग-हारैः तथा एव अन्या कोमलैः नृत्यशालिनी विन्यस्त-शुभ-सर्वाङ्गी प्रसुप्ता वर-वर्णिनी (युक्ता) ताः राक्षस-इन्द्रस्य योषितः तेषु तेषु अवकाशेषु प्रसुप्ताः तनु-मध्यमाः","मदव्यायामखिन्नास्ता राक्षसेन्द्रस्य योषितः।तेषु तेष्ववकाशेषु प्रसुप्तास्तनुमध्यमाः॥#अंगहारैस्तथैवान्या कोमलैर्नृत्यशालिनी।विन्यस्तशुभसर्वांगी प्रसुप्ता वरवर्णिनी॥"
"काचित् वीणाम् परिष्वज्य प्रसुप्ता संप्रकाशते महा-नदी-प्रकीर्णा इव नलिनी पोतम् आश्रिता .","काचित् आश्रिता . वीणाम् परिष्वज्य प्रसुप्ता संप्रकाशते महा-नदी-प्रकीर्णा इव नलिनी पोतम्","काचिद् वीणां परिष्वज्य प्रसुप्ता सम्प्रकाशते।#महानदीप्रकीर्णेव नलिनी पोतमाश्रिता॥"
"अन्या कक्ष-गतेन एव मड्डुकेन असित-ईक्षणा प्रसुप्ता भामिनी भाति बाल-पुत्रा इव वत्सला .","अन्या इव वत्सला . कक्ष-गतेन एव मड्डुकेन असित-ईक्षणा प्रसुप्ता भामिनी भाति बाल-पुत्रा","अन्या कक्षगतेनैव मड्डुकेनासितेक्षणा।#प्रसुप्ता भामिनी भाति बालपुत्रेव वत्सला॥"
"पटहम् चारु-सर्वाङ्गी न्यस्य शेते शुभस्तनी चिरस्य(आर्ष) रमणम् लब्ध्वा परिष्वज्य इव कामिनी .","पटहम् इव कामिनी . चारु-सर्वाङ्गी न्यस्य शेते शुभस्तनी चिरस्य(आर्ष) रमणम् लब्ध्वा परिष्वज्य","पटहं चारुसर्वांगी न्यस्य शेते शुभस्तनी।#चिरस्य रमणं लब्ध्वा परिष्वज्येव कामिनी॥"
"काचित् वीणाम् परिष्वज्य सुप्ता कमल-लोचना वरम् प्रियतमम् गृह्य सकामा इव हि कामिनी .","काचित् इव हि कामिनी . वीणाम् परिष्वज्य सुप्ता कमल-लोचना वरम् प्रियतमम् गृह्य सकामा","काचिद् वीणां परिष्वज्य सुप्ता कमललोचना।#वरं प्रियतमं गृह्य सकामेव हि कामिनी॥ "
"विपञ्चीम् परिगृह्य अन्या नियता नृत्य-शालिनी निद्रा-वशम् अनुप्राप्ता सह-कान्ता इव भामिनी अन्या कनक-सङ्काशैः मृदु-पीनैः मनोरमैः मृदङ्गम् परिविद्ध्य अङ्गैः प्रसुप्ता मत्त-लोचना","विपञ्चीम् भामिनी अन्या कनक-सङ्काशैः मृदु-पीनैः मनोरमैः मृदङ्गम् परिविद्ध्य अङ्गैः प्रसुप्ता मत्त-लोचना परिगृह्य अन्या नियता नृत्य-शालिनी निद्रा-वशम् अनुप्राप्ता सह-कान्ता इव","विपञ्चीं परिगृह्यान्या नियता नृत्यशालिनी।निद्रावशमनुप्राप्ता सहकान्तेव भामिनी॥#अन्या कनकसंकाशैर्मृदुपीनैर्मनोरमैः।मृदंगं परिविद्‍‍ध्यांगैः प्रसुप्ता मत्तलोचना॥"
"भुज-पाश-अन्तरस्थेन कक्षगेन कृशोदरी पणवेन सह अनिन्द्या सुप्ता मदकृत-श्रमा .","भुज-पाश-अन्तरस्थेन कक्षगेन कृशोदरी पणवेन सह अनिन्द्या सुप्ता मदकृत-श्रमा .","भुजपाशान्तरस्थेन कक्षगेन कृशोदरी।#पणवेन सहानिन्द्या सुप्ता मदकृतश्रमा॥"
"डिण्डिमम् परिगृह्य अन्या तथा एव आसक्त-डिण्डिमा प्रसुप्ता तरुणम् वत्सम् उपगुह्य इव भामिनी .","डिण्डिमम् उपगुह्य इव भामिनी . परिगृह्य अन्या तथा एव आसक्त-डिण्डिमा प्रसुप्ता तरुणम् वत्सम्","डिण्डिमं परिगृह्यान्या तथैवासक्तडिण्डिमा।#प्रसुप्ता तरुणं वत्समुपगुह्येव भामिनी॥"
"काचित् आडम्बरम् नारी भुज-सम्भोग-पीडितम् कृत्वा कमल-पत्र-अक्षी प्रसुप्ता मद-मोहिता .","काचित् आडम्बरम् नारी भुज-सम्भोग-पीडितम् कृत्वा कमल-पत्र-अक्षी प्रसुप्ता मद-मोहिता .","काचिदाडम्बरं नारी भुजसम्भोगपीडितम्।#कृत्वा कमलपत्राक्षी प्रसुप्ता मदमोहिता॥"
"कलशीम् अपविद्ध्य अन्या प्रसुप्ता भाति भामिनी वसन्ते पुष्प-शबला माला इव परिमार्जिता पाणिभ्याम् च कुचौ काचित् सुवर्ण-कलश-उपमौ उपगुह्य अबला सुप्ता निद्रा-बलम् उपागता अन्या कमल-पत्र-अक्षी पूर्णेन्दु-सदृश-आनना अन्याम् आलिङ्ग्य सुश्रोणीम् निद्रा-वशम् उपागता .","कलशीम् इव परिमार्जिता पाणिभ्याम् च कुचौ काचित् सुवर्ण-कलश-उपमौ उपगुह्य अबला सुप्ता अपविद्ध्य निद्रा-बलम् उपागता अन्या कमल-पत्र-अक्षी पूर्णेन्दु-सदृश-आनना अन्याम् आलिङ्ग्य सुश्रोणीम् निद्रा-वशम् उपागता अन्या . प्रसुप्ता भाति भामिनी वसन्ते पुष्प-शबला माला","कलशीमपविद्ध्यान्या प्रसुप्ता भाति भामिनी।वसन्ते पुष्पशबला मालेव परिमार्जिता॥ पाणिभ्यां च कुचौ काचित् सुवर्णकलशोपमौ।उपगुह्याबला सुप्ता निद्राबलपराजिता॥#अन्या कमलपत्राक्षी पूर्णेन्दुसदृशानना।अन्यामालिंग्य सुश्रोणीं प्रसुप्ता मदविह्वला॥"
"आतोद्यानि विचित्राणि परिष्वज्य वर-स्त्रियः निपीड्य च कुचैः सुप्ताः कामिन्यः कामुकान् इव .","आतोद्यानि कामुकान् इव . विचित्राणि परिष्वज्य वर-स्त्रियः निपीड्य च कुचैः सुप्ताः कामिन्यः","आतोद्यानि विचित्राणि परिष्वज्य वरस्त्रियः।#निपीड्य च कुचैः सुप्ताः कामिन्यः कामुकानिव॥"
"तासाम् एकान्त-विन्यस्ते शयानाम् शयने शुभे ददर्श रूप-सम्पन्नाम् अथ ताम् सः कपिः स्त्रियम् मुक्ता-मणि-समायुक्तैः भूषणैः सुविभूषिताम् विभूषयन्तीम् इव च स्व-श्रिया भवन-उत्तमम् गौरीम् कनक-वर्ण-आभाम् इष्टाम् अन्तःपुर-ईश्वरीम् कपिः मन्दोदरीम् तत्र शयानाम् चारु-रूपिणीम् .","तासाम् सः कपिः स्त्रियम् मुक्ता-मणि-समायुक्तैः भूषणैः सुविभूषिताम् विभूषयन्तीम् इव च स्व-श्रिया एकान्त-विन्यस्ते भवन-उत्तमम् गौरीम् कनक-वर्ण-आभाम् इष्टाम् अन्तःपुर-ईश्वरीम् कपिः मन्दोदरीम् तत्र शयानाम् चारु-रूपिणीम् शयानाम् . शयने शुभे ददर्श रूप-सम्पन्नाम् अथ ताम्","तासामेकान्तविन्यस्ते शयानां शयने शुभे।ददर्श रूपसम्पन्नामथ तां स कपिः स्त्रियम्॥ मुक्तामणिसमायुक्तैर्भूषणैः सुविभूषिताम्।विभूषयन्तीमिव च स्वश्रिया भवनोत्तमम्॥#गौरीं कनकवर्णाभामिष्टामन्तःपुरेश्वरीम्।कपिर्मन्दोदरीं तत्र शयानां चारुरूपिणीम्॥"
"सः ताम् दृष्ट्वा महा-बाहुः भूषिताम् मारुत-आत्मजः तर्कयामास सीता इति रूप-यौवन-सम्पदा हर्षेण महता युक्तः ननन्द हरि-यूथपः (च)","सः रूप-यौवन-सम्पदा हर्षेण महता युक्तः ननन्द हरि-यूथपः (च) ताम् दृष्ट्वा महा-बाहुः भूषिताम् मारुत-आत्मजः तर्कयामास सीता इति","स तां दृष्ट्वा महाबाहुर्भूषितां मारुतात्मजः।तर्कयामास सीतेति रूपयौवनसम्पदा।#हर्षेण महता युक्तो ननन्द हरियूथपः॥"
"आस्फोटयामास चुचुम्ब पुच्छम् ननन्द चिक्रीड जगौ जगाम स्तम्भान् अरोहत् निपपात भूमौ निदर्शयन् स्वाम् प्रकृतिम् कपीनाम् हनुमान् (च) (च)","आस्फोटयामास निपपात भूमौ निदर्शयन् स्वाम् प्रकृतिम् कपीनाम् हनुमान् (च) (च) चुचुम्ब पुच्छम् ननन्द चिक्रीड जगौ जगाम स्तम्भान् अरोहत्","आस्फोटयामास चुचुम्ब पुच्छं ननन्द चिक्रीड जगौ जगाम।#स्तम्भानरोहन्निपपात भूमौ निदर्शयन् स्वां प्रकृतिं कपीनाम्॥"
"अवधूय च ताम् बुद्धिम् बभूव अवस्थितः तदा जगाम च अपराम् चिन्ताम् सीताम् प्रति महा-कपिः .","अवधूय अपराम् चिन्ताम् सीताम् प्रति महा-कपिः . च ताम् बुद्धिम् बभूव अवस्थितः तदा जगाम च","अवधूय च तां बुद्धिं बभूवावस्थितस्तदा।#जगाम चापरां चिन्तां सीतां प्रति महाकपिः॥"
"न रामेण वियुक्ता सा स्वप्तुम् अर्हति भामिनी न भोक्तुम् न अपि अलङ्कर्तुम् न पानम् उपसेवितुम्","न न अपि अलङ्कर्तुम् न पानम् उपसेवितुम् रामेण वियुक्ता सा स्वप्तुम् अर्हति भामिनी न भोक्तुम्","न रामेण वियुक्ता सा स्वप्तुमर्हति भामिनी।#न भोक्तुं नाप्यलंकर्तुं न पानमुपसेवितुम्॥"
"न अन्यम् नरम् उपस्थातुम् सुराणाम् अपि च ईश्वरम् न हि राम-समः कश्चित् विद्यते त्रिदशेषु अपि (अर्हति)","न हि राम-समः कश्चित् विद्यते त्रिदशेषु अपि (अर्हति) अन्यम् नरम् उपस्थातुम् सुराणाम् अपि च ईश्वरम् न","नान्यं नरमुपस्थातुं सुराणामपि चेश्वरम्।#न हि रामसमः कश्चिद् विद्यते त्रिदशेष्वपि॥"
"अन्या इयम् इति निश्चित्य भूयः तत्र चचार सः पान-भूमौ हरि-श्रेष्ठः सीता-सन्दर्शन-उत्सुकः","अन्या हरि-श्रेष्ठः सीता-सन्दर्शन-उत्सुकः इयम् इति निश्चित्य भूयः तत्र चचार सः पान-भूमौ","अन्येयमिति निश्चित्य भूयस्तत्र चचार सः।#पानभूमौ हरिश्रेष्ठः सीतासंदर्शनोत्सुकः॥"
"क्रीडितेन अपराः क्लान्ताः गीतेन च तथा अपराः नृत्येन च अपराः क्लान्ताः पान-विप्रहताः तथा मुरजेषु मृदङ्गेषु चेलिकासु च संस्थिताः तथा आस्तरण-मुख्येषु संविष्टाः च अपराः स्त्रियः (कपिः) (ददर्श) .","क्रीडितेन अपराः क्लान्ताः पान-विप्रहताः तथा मुरजेषु मृदङ्गेषु चेलिकासु च संस्थिताः तथा अपराः आस्तरण-मुख्येषु संविष्टाः च अपराः स्त्रियः (कपिः) (ददर्श) . क्लान्ताः गीतेन च तथा अपराः नृत्येन च","क्रीडितेनापराः क्लान्ता गीतेन च तथापराः। नृत्येन चापराः क्लान्ताः पानविप्रहतास्तथा॥#मुरजेषु मृदंगेषु चेलिकासु च संस्थिताः।तथाऽऽस्तरणमुख्येषु संविष्टाश्चापराः स्त्रियः॥"
"अङ्गनानाम् सहस्रेण भूषितेन विभूषणैः रूप-संलाप-शीलेन युक्त-गीतार्थ-भाषिणा देश-काल-अभियुक्तेन युक्त-वाक्य-अभिधायिना रत-अधिकेन संयुक्ताम् ददर्श हरि-यूथपः पान-भूमिम् (च)","अङ्गनानाम् संयुक्ताम् ददर्श हरि-यूथपः पान-भूमिम् (च) सहस्रेण भूषितेन विभूषणैः रूप-संलाप-शीलेन युक्त-गीतार्थ-भाषिणा देश-काल-अभियुक्तेन युक्त-वाक्य-अभिधायिना रत-अधिकेन","अंगनानां सहस्रेण भूषितेन विभूषणैः।रूपसंलापशीलेन युक्तगीतार्थभाषिणा॥#देशकालाभियुक्तेन युक्तवाक्याभिधायिना।रताधिकेन संयुक्तां ददर्श हरियूथपः॥"
"अन्यत्र अपि वर-स्त्रीणाम् रूप-संलाप-शायिनाम् सहस्रम् युवतीनाम् तु प्रसुप्तम् सः ददर्श ह .","अन्यत्र ददर्श ह . अपि वर-स्त्रीणाम् रूप-संलाप-शायिनाम् सहस्रम् युवतीनाम् तु प्रसुप्तम् सः","अन्यत्रापि वरस्त्रीणां रूपसंलापशायिनाम्।#सहस्रं युवतीनां तु प्रसुप्तं स ददर्श ह॥"
"देश-काल-अभियुक्तम् तु युक्त-वाक्य-अभिधायि तत् रत-अविरत-संसुप्तम् ददर्श हरि-यूथपः","देश-काल-अभियुक्तम् तु युक्त-वाक्य-अभिधायि तत् रत-अविरत-संसुप्तम् ददर्श हरि-यूथपः","देशकालाभियुक्तं तु युक्तवाक्याभिधायि तत्।#रताविरतसंसुप्तं ददर्श हरियूथपः॥"
"तासाम् मध्ये महा-बाहुः शुशुभे राक्षस-ईश्वरः गोष्ठे महति मुख्यानाम् गवाम् मध्ये यथा वृषः .","तासाम् मध्ये यथा वृषः . मध्ये महा-बाहुः शुशुभे राक्षस-ईश्वरः गोष्ठे महति मुख्यानाम् गवाम्","तासां मध्ये महाबाहुः शुशुभे राक्षसेश्वरः।#गोष्ठे महति मुख्यानां गवां मध्ये यथा वृषः॥"
"सः राक्षस-इन्द्रः शुशुभे ताभिः परिवृतः स्वयम् करेणुभिः यथा अरण्ये परिकीर्णः महा-द्विपः .","सः परिकीर्णः महा-द्विपः . राक्षस-इन्द्रः शुशुभे ताभिः परिवृतः स्वयम् करेणुभिः यथा अरण्ये","स राक्षसेन्द्रः शुशुभे ताभिः परिवृतः स्वयम्।#करेणुभिर्यथारण्ये परिकीर्णो महाद्विपः॥"
"सर्व-कामैः उपेताम् च पान-भूमिम् महा-आत्मनः ददर्श कपि-शार्दूलः तस्य रक्षः-पतेः गृहे .","सर्व-कामैः गृहे . उपेताम् च पान-भूमिम् महा-आत्मनः ददर्श कपि-शार्दूलः तस्य रक्षः-पतेः","सर्वकामैरुपेतां च पानभूमिं महात्मनः।#ददर्श कपिशार्दूलस्तस्य रक्षःपतेर्गृहे॥"
"मृगाणाम् महिषाणाम् च वराहाणाम् च भागशः तत्र न्यस्तानि मांसानि पान-भूमौ ददर्श सः .","मृगाणाम् पान-भूमौ ददर्श सः . महिषाणाम् च वराहाणाम् च भागशः तत्र न्यस्तानि मांसानि","मृगाणां महिषाणां च वराहाणां च भागशः।#तत्र न्यस्तानि मांसानि पानभूमौ ददर्श सः॥"
"रौक्मेषु च विशालेषु भाजनेषु अपि अभक्षितान् ददर्श कपि-शार्दूलः मयूरान् कुक्कुटान् तथा .","रौक्मेषु कुक्कुटान् तथा . च विशालेषु भाजनेषु अपि अभक्षितान् ददर्श कपि-शार्दूलः मयूरान्","रौक्मेषु च विशालेषु भाजनेष्वप्यभक्षितान्।#ददर्श कपिशार्दूलो मयूरान् कुक्कुटांस्तथा॥"
"वराह-वाध्रीणसकान् दधि-सौवर्चल-आयुतान् शल्यान् मृग-मयूरान् च हनुमान् अन्ववैक्षत .","वराह-वाध्रीणसकान् दधि-सौवर्चल-आयुतान् शल्यान् मृग-मयूरान् च हनुमान् अन्ववैक्षत .","वराहवाध्रीणसकान् दधिसौवर्चलायुतान्।#शल्यान् मृगमयूरांश्च हनुमानन्ववैक्षत॥ "
"कृकलान् विविधान् छागान् शशकान् अर्ध-भक्षितान् महिषान् शल्यान् च मेषान् च कृत-निष्ठितान् लेह्यान् उच्चावचान् पेयान् भोज्यानि उच्चावचानि च तथा अम्ल-लवण-उत्तंसैः विविधैः राग-खाण्डवैः (अन्ववैक्षत) (हनुमान्)","कृकलान् च कृत-निष्ठितान् लेह्यान् उच्चावचान् पेयान् भोज्यानि उच्चावचानि च तथा अम्ल-लवण-उत्तंसैः विविधान् विविधैः राग-खाण्डवैः (अन्ववैक्षत) (हनुमान्) छागान् शशकान् अर्ध-भक्षितान् महिषान् शल्यान् च मेषान्","कृकलान् विविधांश्छागान् शशकानर्धभक्षितान्।महिषानेकशल्यांश्च मेषांश्च कृतनिष्ठितान्॥#लेह्यानुच्चावचान् पेयान् भोज्यान्युच्चावचानि च।तथाम्ललवणोत्तंसैर्विविधै रागखाण्डवैः॥"
"महा-नूपुर-केयूरैः अपविद्धैः महा-धनैः पान-भाजन-विक्षिप्तैः फलैः च विविधैः अपि कृत-पुष्प-उपहारा भूः अधिकाम् पुष्यति श्रियम् तत्र तत्र च विन्यस्तैः सुश्लिष्ट-शयन-आसनैः पान-भूमिः विना वह्निम् प्रदीप्ता इव उपलक्ष्यते .","महा-नूपुर-केयूरैः भूः अधिकाम् पुष्यति श्रियम् तत्र तत्र च विन्यस्तैः सुश्लिष्ट-शयन-आसनैः पान-भूमिः अपविद्धैः विना वह्निम् प्रदीप्ता इव उपलक्ष्यते . महा-धनैः पान-भाजन-विक्षिप्तैः फलैः च विविधैः अपि कृत-पुष्प-उपहारा","महानूपुरकेयूरैरपविद्धैर्महाधनैः।पानभाजनविक्षिप्तैः फलैश्च विविधैरपि॥#कृतपुष्पोपहारा भूरधिकां पुष्यति श्रियम्।तत्र तत्र च विन्यस्तैः सुश्लिष्टशयनासनैः॥ पानभूमिर्विना वह्निं प्रदीप्तेवोपलक्ष्यते।"
"बहु-प्रकारैः विविधैः वर-संस्कार-संस्कृतैः मांसैः कुशल-संयुक्तैः पान-भूमि-गतैः पृथक् दिव्याः प्रसन्नाः विविधाः सुराः कृत-सुराः अपि शर्करासव-माध्वीकाः पुष्पासव-फलासवाः वास-चूर्णैः च विविधैः मृष्टाः तैः तैः पृथक् पृथक् सन्तता शुशुभे भूमिः माल्यैः च बहु-संस्थितैः हिरण्मयैः च कलशैः भाजनैः स्फाटिकैः अपि जाम्बूनदमयैः च अन्यैः करकैः अभिसंवृता (युक्ता) (दृष्टाः)","बहु-प्रकारैः विविधाः सुराः कृत-सुराः अपि शर्करासव-माध्वीकाः पुष्पासव-फलासवाः वास-चूर्णैः च विविधैः मृष्टाः विविधैः तैः तैः पृथक् पृथक् सन्तता शुशुभे भूमिः माल्यैः च बहु-संस्थितैः वर-संस्कार-संस्कृतैः हिरण्मयैः च कलशैः भाजनैः स्फाटिकैः अपि जाम्बूनदमयैः च अन्यैः करकैः मांसैः अभिसंवृता (युक्ता) (दृष्टाः) कुशल-संयुक्तैः पान-भूमि-गतैः पृथक् दिव्याः प्रसन्नाः","बहुप्रकारैर्विविधैर्वरसंस्कारसंस्कृतैः॥ मांसैः कुशलसंयुक्तैः पानभूमिगतैः पृथक्।दिव्याः प्रसन्ना विविधाः सुराः कृतसुरा अपि॥#शर्करासवमाध्वीकाः पुष्पासवफलासवाः।वासचूर्णैश्च विविधैर्मृष्टास्तैस्तैः पृथक् पृथक्॥ संतता शुशुभे भूमिर्माल्यैश्च बहुसंस्थितैः।हिरण्मयैश्च कलशैर्भाजनैः स्फाटिकैरपि॥जाम्बूनदमयैश्चान्यैः करकैरभिसंवृता।"
"राजतेषु च कुम्भेषु जाम्बूनदमयेषु च पान-श्रेष्ठाम् तथा भूमिम् कपिः तत्र ददर्श सः (स्थित-पानीयाम्)","राजतेषु तत्र ददर्श सः (स्थित-पानीयाम्) च कुम्भेषु जाम्बूनदमयेषु च पान-श्रेष्ठाम् तथा भूमिम् कपिः","राजतेषु च कुम्भेषु जाम्बूनदमयेषु च॥#पानश्रेष्ठां तथा भूमिं कपिस्तत्र ददर्श सः।"
"सः अपश्यत् शातकुम्भानि सीधोः मणिमयानि च तानि तानि च पूर्णानि भाजनानि महा-कपिः .","सः पूर्णानि भाजनानि महा-कपिः . अपश्यत् शातकुम्भानि सीधोः मणिमयानि च तानि तानि च","सोऽपश्यच्छातकुम्भानि सीधोर्मणिमयानि च॥#तानि तानि च पूर्णानि भाजनानि महाकपिः।"
"क्वचित् अर्ध-अवशेषाणि क्वचित् पीतानि अशेषतः क्वचित् न एव प्रपीतानि पानानि सः ददर्श .","क्वचित् पानानि सः ददर्श . अर्ध-अवशेषाणि क्वचित् पीतानि अशेषतः क्वचित् न एव प्रपीतानि","क्वचिदर्धावशेषाणि क्वचित् पीतान्यशेषतः॥#क्वचिन्नैव प्रपीतानि पानानि स ददर्श ह।"
"क्वचित् भक्ष्यान् च विविधान् क्वचित् पानानि भागशः क्वचित् अर्ध-अवशेषाणि पश्यन् वै विचचार ह शयनानि अत्र नारीणाम् शून्यानि बहुधा पुनः परस्परम् समाश्लिष्य काश्चित् सुप्ताः वर-अङ्गनाः (कपिः)","क्वचित् पश्यन् वै विचचार ह शयनानि अत्र नारीणाम् शून्यानि बहुधा पुनः भक्ष्यान् परस्परम् समाश्लिष्य काश्चित् सुप्ताः वर-अङ्गनाः (कपिः) च विविधान् क्वचित् पानानि भागशः क्वचित् अर्ध-अवशेषाणि","क्वचिद् भक्ष्यांश्च विविधान् क्वचित् पानानि भागशः॥#क्वचिदर्धावशेषाणि पश्यन् वै विचचार ह।शयनान्यत्र नारीणां शून्यानि बहुधा पुनः।परस्परं समाश्लिष्य काश्चित् सुप्ता वरांगनाः॥ "
"काचित् च वस्त्रम् अन्यस्याः अपहृत्य उपगुह्य च उपगम्य अबला सुप्ता निद्रा-बल-पराजिता .","काचित् सुप्ता निद्रा-बल-पराजिता . च वस्त्रम् अन्यस्याः अपहृत्य उपगुह्य च उपगम्य अबला","काचिच्च वस्त्रमन्यस्या अपहृत्योपगुह्य च।#उपगम्याबला सुप्ता निद्राबलपराजिता॥"
"तासाम् उच्छ्वास-वातेन वस्त्रम् माल्यम् च गात्रजम् न अत्यर्थम् स्पन्दते चित्रम् प्राप्य मन्दम् इव अनिलम् .","तासाम् चित्रम् प्राप्य मन्दम् इव अनिलम् . उच्छ्वास-वातेन वस्त्रम् माल्यम् च गात्रजम् न अत्यर्थम् स्पन्दते","तासामुच्छ्वासवातेन वस्त्रं माल्यं च गात्रजम्।#नात्यर्थं स्पन्दते चित्रं प्राप्य मन्दमिवानिलम्॥"
"चन्दनस्य च शीतस्य सीधोः मधु-रसस्य च विविधस्य च माल्यस्य पुष्पस्य विविधस्य च बहुधा मारुतः तस्य गन्धम् विविधम् उद्वहन् (ववौ) (विमाने)","चन्दनस्य पुष्पस्य विविधस्य च बहुधा मारुतः तस्य गन्धम् विविधम् उद्वहन् (ववौ) च (विमाने) शीतस्य सीधोः मधु-रसस्य च विविधस्य च माल्यस्य","चन्दनस्य च शीतस्य सीधोर्मधुरसस्य च।विविधस्य च माल्यस्य पुष्पस्य विविधस्य च॥#बहुधा मारुतस्तस्य गन्धं विविधमुद्वहन्।"
"स्नानानाम् चन्दनानाम् च धूपानाम् च एव मूर्च्छितः प्रववौ सुरभिः गन्धः विमाने पुष्पके तदा .","स्नानानाम् गन्धः विमाने पुष्पके तदा . चन्दनानाम् च धूपानाम् च एव मूर्च्छितः प्रववौ सुरभिः","स्नानानां चन्दनानां च धूपानां चैव मूर्च्छितः॥#प्रववौ सुरभिर्गन्धो विमाने पुष्पके तदा।"
"श्याम-अवदाताः तत्र अन्याः काश्चित् कृष्णाः वर-अङ्गनाः काश्चित् काञ्चन-वर्ण-अङ्ग्यः प्रमदाः राक्षस-आलये तासाम् निद्रावशत्वात् च मदनेन विमूर्छितम् पद्मिनीनाम् प्रसुप्तानाम् रूपम् आसीत् यथा एव हि एवम् सर्वम् अशेषेण रावण-अन्तःपुरम् कपिः ददर्श सः महा-तेजा न ददर्श च जानकीम् (आसन्) (याः)","श्याम-अवदाताः राक्षस-आलये तासाम् निद्रावशत्वात् च मदनेन विमूर्छितम् पद्मिनीनाम् प्रसुप्तानाम् रूपम् आसीत् तत्र यथा एव हि एवम् सर्वम् अशेषेण रावण-अन्तःपुरम् कपिः ददर्श सः अन्याः महा-तेजा न ददर्श च जानकीम् (आसन्) (याः) काश्चित् कृष्णाः वर-अङ्गनाः काश्चित् काञ्चन-वर्ण-अङ्ग्यः प्रमदाः","श्यामावदातास्तत्रान्याः काश्चित् कृष्णा वरांगनाः॥ काश्चित् काञ्चनवर्णाङ्गयः प्रमदा राक्षसालये।तासां निद्रावशत्वाच्च मदनेन विमूर्च्छितम्॥#पद्मिनीनां प्रसुप्तानां रूपमासीद् यथैव हि।एवं सर्वमशेषेण रावणान्तःपुरं कपिः।ददर्श स महातेजा न ददर्श च जानकीम्॥"
"निरीक्षमाणः च ततः ताः स्त्रियः सः महा-कपिः जगाम महतीम् शङ्काम् धर्म-साध्वस-शङ्कितः परदार-अवरोधस्य प्रसुप्तस्य निरीक्षणम् इदम् खलु मम अत्यर्थम् धर्म-लोपम् करिष्यति .","निरीक्षमाणः शङ्काम् धर्म-साध्वस-शङ्कितः परदार-अवरोधस्य प्रसुप्तस्य निरीक्षणम् इदम् खलु मम अत्यर्थम् धर्म-लोपम् च करिष्यति . ततः ताः स्त्रियः सः महा-कपिः जगाम महतीम्","निरीक्षमाणश्च ततस्ताः स्त्रियः स महाकपिः।जगाम महतीं शंकां धर्मसाध्वसशंकितः॥ #परदारावरोधस्य प्रसुप्तस्य निरीक्षणम्।इदं खलु ममात्यर्थं धर्मलोपं करिष्यति॥"
"न हि मे पर-दाराणाम् दृष्टिः विषय-वर्तिनी अयम् च अत्र मया दृष्टः पर-दार-परिग्रहः (अस्ति)","न मया दृष्टः पर-दार-परिग्रहः (अस्ति) हि मे पर-दाराणाम् दृष्टिः विषय-वर्तिनी अयम् च अत्र","न हि मे परदाराणां दृष्टिर्विषयवर्तिनी।#अयं चात्र मया दृष्टः परदारपरिग्रहः॥"
"तस्य मनस्विनः प्रादुरभूत् चिन्ता पुनः अन्या निश्चित-एकान्त-चित्तस्य कार्य-निश्चय-दर्शिनी","तस्य मनस्विनः प्रादुरभूत् चिन्ता पुनः अन्या निश्चित-एकान्त-चित्तस्य कार्य-निश्चय-दर्शिनी","तस्य प्रादुरभूच्चिन्ता पुनरन्या मनस्विनः।#निश्चितैकान्तचित्तस्य कार्यनिश्चयदर्शिनी॥"
"कामम् दृष्टाः मया सर्वाः विश्वस्ताः रावण-स्त्रियः न तु मे मनसा किञ्चित् वैकृत्यम् उपपद्यते","कामम् मनसा किञ्चित् वैकृत्यम् उपपद्यते दृष्टाः मया सर्वाः विश्वस्ताः रावण-स्त्रियः न तु मे","कामं दृष्टा मया सर्वा विश्वस्ता रावणस्त्रियः।#न तु मे मनसा किंचिद् वैकृत्यमुपपद्यते॥"
"मनः हि हेतुः सर्वेषाम् इन्द्रियाणाम् प्रवर्तने शुभ-अशुभासु अवस्थासु तत् च मे सुव्यवस्थितम् (अस्ति) (भवति)","मनः च मे सुव्यवस्थितम् (अस्ति) (भवति) हि हेतुः सर्वेषाम् इन्द्रियाणाम् प्रवर्तने शुभ-अशुभासु अवस्थासु तत्","मनो हि हेतुः सर्वेषामिन्द्रियाणां प्रवर्तने।#शुभाशुभास्ववस्थासु तच्च मे सुव्यवस्थितम्॥"
"न अन्यत्र हि मया शक्या वैदेही परिमार्गितुम् स्त्रियः हि स्त्रीषु दृश्यन्ते सदा सम्परिमार्गणे .","न स्त्रीषु दृश्यन्ते सदा सम्परिमार्गणे . अन्यत्र हि मया शक्या वैदेही परिमार्गितुम् स्त्रियः हि","नान्यत्र हि मया शक्या वैदेही परिमार्गितुम्।#स्त्रियो हि स्त्रीषु दृश्यन्ते सदा सम्परिमार्गणे॥"
"यस्य सत्त्वस्य या योनिः तस्याम् तत् परिमार्गते न शक्यम् प्रमदा नष्टा मृगीषु परिमार्गितुम् तत् इदम् मार्गितम् तावत् शुद्धेन मनसा मया रावण-अन्तःपुरम् सर्वम् दृश्यते न च जानकी .","यस्य प्रमदा नष्टा मृगीषु परिमार्गितुम् तत् इदम् मार्गितम् तावत् शुद्धेन मनसा सत्त्वस्य मया रावण-अन्तःपुरम् सर्वम् दृश्यते न च जानकी . या योनिः तस्याम् तत् परिमार्गते न शक्यम्","यस्य सत्त्वस्य या योनिस्तस्यां तत् परिमार्गते।न शक्यं प्रमदा नष्टा मृगीषु परिमार्गितुम्॥#तदिदं मार्गितं तावच्छुद्धेन मनसा मया।रावणान्तःपुरं सर्वं दृश्यते न च जानकी॥"
"देव-गन्धर्व-कन्याः च नाग-कन्याः च वीर्यवान् अवेक्षमाणः हनुमान् न एव अपश्यत जानकीम् .","देव-गन्धर्व-कन्याः अपश्यत जानकीम् . च नाग-कन्याः च वीर्यवान् अवेक्षमाणः हनुमान् न एव","देवगन्धर्वकन्याश्च नागकन्याश्च वीर्यवान्।#अवेक्षमाणो हनुमान् नैवापश्यत जानकीम्॥"
"ताम् अपश्यन् कपिः तत्र पश्यन् च अन्याः वर-स्त्रियः अपक्रम्य तदा वीरः प्रस्थातुम् उपचक्रमे .","ताम् तदा वीरः प्रस्थातुम् उपचक्रमे . अपश्यन् कपिः तत्र पश्यन् च अन्याः वर-स्त्रियः अपक्रम्य","तामपश्यन् कपिस्तत्र पश्यंश्चान्या वरस्त्रियः।#अपक्रम्य तदा वीरः प्रस्थातुमुपचक्रमे॥"
"सः भूयः सर्वतः श्रीमान् मारुतिः यत्नम् आश्रितः आपान-भूमिम् उत्सृज्य ताम् विचेतुम् प्रचक्रमे .","सः ताम् विचेतुम् प्रचक्रमे . भूयः सर्वतः श्रीमान् मारुतिः यत्नम् आश्रितः आपान-भूमिम् उत्सृज्य","स भूयः सर्वतः श्रीमान् मारुतिर्यत्नमाश्रितः।#आपानभूमिमुत्सृज्य तां विचेतुं प्रचक्रमे॥"
"सः वीक्षमाणः तत्र-स्थः मार्गमाणः च मैथिलीम् अवेक्षमाणः च महीम् सर्वाम् ताम् अन्ववैक्षत","सः सर्वाम् ताम् अन्ववैक्षत वीक्षमाणः तत्र-स्थः मार्गमाणः च मैथिलीम् अवेक्षमाणः च महीम्","स वीक्षमाणस्तत्रस्थो मार्गमाणश्च मैथिलीम्। अवेक्षमाणश्च महीं सर्वां तामन्ववैक्षत॥"
"सन्तानक-लताभिः च पादपैः उपशोभिताम् दिव्य-गन्ध-रस-उपेताम् सर्वतः समलङ्कृताम् (महीम्) (अन्ववैक्षत) .","सन्तानक-लताभिः . च पादपैः उपशोभिताम् दिव्य-गन्ध-रस-उपेताम् सर्वतः समलङ्कृताम् (महीम्) (अन्ववैक्षत)","संतानकलताभिश्च पादपैरुपशोभिताम्। दिव्यगन्धरसोपेतां सर्वतः समलंकृताम्॥"
"ताम् सः नन्दन-सङ्काशाम् मृग-पक्षिभिः आवृताम् हर्म्य-प्रासाद-सम्बाधाम् कोकिल-आकुल-निःस्वनाम् (महीम्) (अन्ववैक्षत) .","ताम् . सः नन्दन-सङ्काशाम् मृग-पक्षिभिः आवृताम् हर्म्य-प्रासाद-सम्बाधाम् कोकिल-आकुल-निःस्वनाम् (महीम्) (अन्ववैक्षत)","तां स नन्दनसंकाशां मृगपक्षिभिरावृताम्। हर्म्यप्रासादसम्बाधां कोकिलाकुलनिःस्वनाम्॥"
"काञ्चन-उत्पल-पद्माभिः वापीभिः उपशोभिताम् बहु-आसन-कुथ-उपेताम् बहु-भूमि-गृह-आयुताम् (अन्ववैक्षत) (महीम्)","काञ्चन-उत्पल-पद्माभिः वापीभिः उपशोभिताम् बहु-आसन-कुथ-उपेताम् बहु-भूमि-गृह-आयुताम् (अन्ववैक्षत) (महीम्)","काञ्चनोत्पलपद्माभिर्वापीभिरुपशोभिताम्। बह्वासनकुथोपेतां बहुभूमिगृहायुताम्॥"
"सर्वर्तु-कुसुमैः रम्यैः फलवद्भिः च पादपैः पुष्पितानाम् अशोकानाम् श्रिया सूर्य-उदय-प्रभाम् (अन्ववैक्षत) (महीम्)","सर्वर्तु-कुसुमैः (अन्ववैक्षत) (महीम्) रम्यैः फलवद्भिः च पादपैः पुष्पितानाम् अशोकानाम् श्रिया सूर्य-उदय-प्रभाम्","सर्वर्तुकुसुमै रम्यैः फलवद्भिश्च पादपैः। पुष्पितानामशोकानां श्रिया सूर्योदयप्रभाम्॥"
"प्रदीप्ताम् इव तत्र-स्थः मारुतिः समुदैक्षत निष्पत्र-शाखाम् विहगैः क्रियमाणाम् इव असकृत् (महीम्)","प्रदीप्ताम् असकृत् (महीम्) इव तत्र-स्थः मारुतिः समुदैक्षत निष्पत्र-शाखाम् विहगैः क्रियमाणाम् इव","प्रदीप्तामिव तत्रस्थो मारुतिः समुदैक्षत। निष्पत्रशाखां विहगैः क्रियमाणामिवासकृत्॥"
"विनिष्पतद्भिः शतशः चित्रैः पुष्प-अवतंसकैः समूल-पुष्प-रचितैः अशोकैः शोक-नाशनैः (सः) (देशः) (प्रभया) (तेषाम्) (प्रदीप्तः) (इव) (सर्वतः) .","विनिष्पतद्भिः (प्रभया) (तेषाम्) (प्रदीप्तः) (इव) (सर्वतः) . शतशः चित्रैः पुष्प-अवतंसकैः समूल-पुष्प-रचितैः अशोकैः शोक-नाशनैः (सः) (देशः)","विनिष्पतद्भिः शतशश्चित्रैः पुष्पावतंसकैः। समूलपुष्परचितैरशोकैः शोकनाशनैः स देशः प्रभया तेषां प्रदीप्त इव सर्वतः।"
"पुष्प-भार-अतिभारैः च स्पृशद्भिः इव मेदिनीम् कर्णिकारैः कुसुमितैः किंशुकैः च सु-पुष्पितैः सः देशः प्रभया तेषाम् प्रदीप्तः इव सर्वतः","पुष्प-भार-अतिभारैः सु-पुष्पितैः सः देशः प्रभया तेषाम् प्रदीप्तः इव सर्वतः च स्पृशद्भिः इव मेदिनीम् कर्णिकारैः कुसुमितैः किंशुकैः च","पुष्पभारातिभारैश्च स्पृशद्भिरिव मेदिनीम्। कर्णिकारैः कुसुमितैः किंशुकैश्च सुपुष्पितैः।। स देशः प्रभया तेषां प्रदीप्त इव सर्वतः।"
"पुंनागाः सप्तपर्णाः च चम्पकोद्दालकाः तथा विवृद्ध-मूलाः बहवः शोभन्ते स्म सुपुष्पिताः .","पुंनागाः सुपुष्पिताः . सप्तपर्णाः च चम्पकोद्दालकाः तथा विवृद्ध-मूलाः बहवः शोभन्ते स्म","पुंनागाः सप्तपर्णाश्च चम्पकोद्दालकास्तथा।।  विवृद्धमूला बहवः शोभन्ते स्म सुपुष्पिताः।"
"शातकुम्भ निभाः केचित् केचित् अग्निशिख-प्रभाः नीलाञ्जन-निभाः केचित् तत्र अशोकाः सहस्रशः (शोभन्ते)","शातकुम्भ निभाः (शोभन्ते) केचित् केचित् अग्निशिख-प्रभाः नीलाञ्जन-निभाः केचित् तत्र अशोकाः सहस्रशः","शातकुम्भनिभाः केचित् केचिदग्निशिखप्रभाः।। नीलाञ्जननिभाः केचित् तत्राशोकाः सहस्रशः।"
"नन्दनम् विबुध-उद्यानम् चित्रम् चैत्ररथम् यथा अतिवृत्तम् इव अचिन्त्यम् दिव्यम् रम्य-श्रिया युतम् (ददर्श) अशोकवनम्","नन्दनम् रम्य-श्रिया युतम् (ददर्श) अशोकवनम् विबुध-उद्यानम् चित्रम् चैत्ररथम् यथा अतिवृत्तम् इव अचिन्त्यम् दिव्यम्","नन्दनं विबुधोद्यानं चित्रं चैत्ररथं यथा।। अतिवृत्तमिवाचिन्त्यं दिव्यं रम्यश्रियायुतम्।"
"द्वितीयम् इव च आकाशम् पुष्प-ज्योतिर्गण-युतम् पुष्प-रत्न-शतैः चित्रम् पञ्चमम् सागरम् यथा (ददर्श) (अशोकवनम्)","द्वितीयम् यथा (ददर्श) (अशोकवनम्) इव च आकाशम् पुष्प-ज्योतिर्गण-युतम् पुष्प-रत्न-शतैः चित्रम् पञ्चमम् सागरम्","द्वितीयमिव चाकाशं पुष्पज्योतिर्गणायुतम्।। पुष्परत्नशतैश्चित्रं पञ्चमं सागरं यथा।"
"सर्वर्तु-पुष्पैः निचितम् पादपैः मधु-गन्धिभिः नाना-निनादैः उद्यानम् रम्यम् मृगगण-द्विजैः अनेक-गन्ध-प्रवहम् पुण्य-गन्धम् मनस्-हरम् शैल-इन्द्रम् इव गन्ध-आढ्यम् द्वितीयम् गन्धमादनम् (ददर्श)","सर्वर्तु-पुष्पैः पुण्य-गन्धम् मनस्-हरम् शैल-इन्द्रम् इव गन्ध-आढ्यम् द्वितीयम् गन्धमादनम् (ददर्श) निचितम् पादपैः मधु-गन्धिभिः नाना-निनादैः उद्यानम् रम्यम् मृगगण-द्विजैः अनेक-गन्ध-प्रवहम्","सर्वर्तुपुष्पैर्निचितं पादपैर्मधुगन्धिभिः।। नानानिनादैरुद्यानं रम्यं मृगगणद्विजैः। अनेकगन्धप्रवहं पुण्यगन्धं मनोहरम्।। शैलेन्द्रमिव गन्धाढ्यं द्वितीयं गन्धमादनम्।"
"अशोक-वनिकायाम् तु तस्याम् वानर-पुङ्गवः सः ददर्श अविदूर-स्थम् चैत्यप्रासादम् ऊर्जितम् मध्ये स्तम्भ-सहस्रेण स्थितम् कैलास-पाण्डुरम् प्रवालकृत-सोपानम् तप्त-काञ्चन-वेदिकम् मुष्णन्तम् इव चक्षूंषि द्योतमानम् इव श्रिया निर्मलम् प्रांशु-भावत्वात् उल्लिखन्तम् इव अम्बरम् .","अशोक-वनिकायाम् मध्ये स्तम्भ-सहस्रेण स्थितम् कैलास-पाण्डुरम् प्रवालकृत-सोपानम् तप्त-काञ्चन-वेदिकम् मुष्णन्तम् इव चक्षूंषि द्योतमानम् तु इव श्रिया निर्मलम् प्रांशु-भावत्वात् उल्लिखन्तम् इव अम्बरम् . तस्याम् वानर-पुङ्गवः सः ददर्श अविदूर-स्थम् चैत्यप्रासादम् ऊर्जितम्","अशोकवनिकायां तु तस्यां वानरपुंगवः।। स ददर्शाविदूरस्थं चैत्यप्रासादमूर्जितम्। मध्ये स्तम्भसहस्रेण स्थितं कैलासपाण्डुरम्।। प्रवालकृतसोपानं तप्तकाञ्चनवेदिकम्। मुष्णन्तमिव चक्षूंषि द्योतमानमिव श्रिया।। निर्मलं प्रांशुभावत्वादुल्लिखन्तमिवाम्बरम्।"
"ततः मलिन-संवीताम् राक्षसीभिः समावृताम् उपवास-कृशाम् दीनाम् निःश्वसन्तीम् पुनः पुनः ददर्श शुक्ल-पक्ष-आदौ चन्द्र-रेखाम् इव अमलाम् (सीता)","ततः ददर्श शुक्ल-पक्ष-आदौ चन्द्र-रेखाम् इव अमलाम् (सीता) मलिन-संवीताम् राक्षसीभिः समावृताम् उपवास-कृशाम् दीनाम् निःश्वसन्तीम् पुनः पुनः","ततो मलिनसंवीतां राक्षसीभिः समावृताम्।।  उपवासकृशां दीनां निःश्वसन्तीं पुनः पुनः। ददर्श शुक्लपक्षादौ चन्द्ररेखामिवामलाम्।।"
"मन्द-प्रख्यायमानेन रूपेण रुचिर-प्रभाम् पिनद्धाम् धूम-जालेन शिखाम् इव विभा-वसोः (ददर्श) (सीताम्)","मन्द-प्रख्यायमानेन (सीताम्) रूपेण रुचिर-प्रभाम् पिनद्धाम् धूम-जालेन शिखाम् इव विभा-वसोः (ददर्श)","मन्दप्रख्यायमानेन रूपेण रुचिरप्रभाम्। पिनद्धां धूमजालेन शिखामिव विभावसोः॥"
"पीतेन एकेन संवीताम् क्लिष्टेन उत्तम-वाससा स-पङ्काम् अन्-अलङ्काराम् विपद्माम् इव पद्मिनीम् (ददर्श) (सीताम्)","पीतेन पद्मिनीम् (ददर्श) (सीताम्) एकेन संवीताम् क्लिष्टेन उत्तम-वाससा स-पङ्काम् अन्-अलङ्काराम् विपद्माम् इव","पीतेनैकेन संवीतां क्लिष्टेनोत्तमवाससा। सपङ्कामनलंकारां विपद्मामिव पद्मिनीम्॥"
"पीडिताम् दुःख-सन्तप्ताम् परिक्षीणाम् तपस्विनीम् ग्रहेण अङ्गारकेण इव पीडिताम् इव रोहिणीम् (ददर्श) (सीताम्)","पीडिताम् रोहिणीम् (ददर्श) (सीताम्) दुःख-सन्तप्ताम् परिक्षीणाम् तपस्विनीम् ग्रहेण अङ्गारकेण इव पीडिताम् इव","पीडितां दुःखसंतप्तां परिक्षीणां तपस्विनीम्। ग्रहेणांगारकेणेव पीडितामिव रोहिणीम्॥"
"अश्रु-पूर्णमुखीम् दीनाम् कृशाम् अनशनेन च शोक-ध्यान-पराम् दीनाम् नित्यम् दुःख-परायणाम् (ददर्श) (सीताम्)","अश्रु-पूर्णमुखीम् (ददर्श) (सीताम्) दीनाम् कृशाम् अनशनेन च शोक-ध्यान-पराम् दीनाम् नित्यम् दुःख-परायणाम्","अश्रुपूर्णमुखीं दीनां कृशामनशनेन च। शोकध्यानपरां दीनां नित्यं दुःखपरायणाम्॥"
"प्रियम् जनम् अपश्यन्तीम् पश्यन्तीम् राक्षसी-गणम् स्व-गणेन मृगीम् हीनाम् श्व-गणेन आवृताम् इव (ददर्श) (सीताम्)","प्रियम् आवृताम् इव (ददर्श) (सीताम्) जनम् अपश्यन्तीम् पश्यन्तीम् राक्षसी-गणम् स्व-गणेन मृगीम् हीनाम् श्व-गणेन","प्रियं जनमपश्यन्तीं पश्यन्तीं राक्षसीगणम्। स्वगणेन मृगीं हीनां श्वगणेनावृतामिव॥"
"नीलनाग-आभया वेण्या जघनम् गतया एकया नीलया नीरदापाये वन-राज्या महीम् इव (ददर्श) (सीताम्)","नीलनाग-आभया इव (ददर्श) (सीताम्) वेण्या जघनम् गतया एकया नीलया नीरदापाये वन-राज्या महीम्","नीलनागाभया वेण्या जघनं गतयैकया। नीलया नीरदापाये वनराज्या महीमिव॥"
"सुख-अर्हाम् दुःख-सन्तप्ताम् व्यसनानाम् अकोविदाम् ताम् विलोक्य विशाल-अक्षीम् अधिकम् मलिनाम् कृशाम् तर्कयामास सीता इति कारणैः उपपादिभिः","सुख-अर्हाम् कृशाम् तर्कयामास सीता इति कारणैः उपपादिभिः दुःख-सन्तप्ताम् व्यसनानाम् अकोविदाम् ताम् विलोक्य विशाल-अक्षीम् अधिकम् मलिनाम्","सुखार्हां दुःखसंतप्तां व्यसनानामकोविदाम्। तां विलोक्य विशालाक्षीमधिकं मलिनां कृशाम्।।  तर्कयामास सीतेति कारणैरुपपादिभिः।"
"ह्रियमाणा तदा तेन रक्षसा काम-रूपिणा यथा-रूपा हि दृष्टा सा तथा-रूपा इयम् अङ्गना (अस्ति) .","ह्रियमाणा तथा-रूपा इयम् अङ्गना (अस्ति) . तदा तेन रक्षसा काम-रूपिणा यथा-रूपा हि दृष्टा सा","ह्रियमाणा तदा तेन रक्षसा कामरूपिणा।। यथारूपा हि दृष्टा सा तथारूपेयमंगना।"
"पूर्णचन्द्र-आननाम् सुभ्रूम् चारुवृत्त-पयोधराम् कुर्वतीम् प्रभया देवीम् सर्वा वितिमिरा दिशः (ददर्श)","पूर्णचन्द्र-आननाम् (ददर्श) सुभ्रूम् चारुवृत्त-पयोधराम् कुर्वतीम् प्रभया देवीम् सर्वा वितिमिरा दिशः","पूर्णचन्द्राननां सुभ्रूं चारुवृत्तपयोधराम्।। कुर्वतीं प्रभया देवीं सर्वा वितिमिरा दिशः।"
"ताम् नील-कण्ठीम् बिम्बोष्ठीम् सुमध्याम् सुप्रतिष्ठिताम् सीताम् पद्म-पलाश-अक्षीम् मन्मथस्य रतिम् यथा इष्टाम् सर्वस्य जगतः पूर्णचन्द्र-प्रभाम् इव भूमौ सुतनुम् आसीनाम् नियताम् इव तापसीम् निःश्वास-बहुलाम् भीरुम् भुजग-इन्द्र-वधूम् इव (ददर्श) .","ताम् यथा इष्टाम् सर्वस्य जगतः पूर्णचन्द्र-प्रभाम् इव भूमौ सुतनुम् आसीनाम् नियताम् नील-कण्ठीम् इव तापसीम् निःश्वास-बहुलाम् भीरुम् भुजग-इन्द्र-वधूम् इव (ददर्श) . बिम्बोष्ठीम् सुमध्याम् सुप्रतिष्ठिताम् सीताम् पद्म-पलाश-अक्षीम् मन्मथस्य रतिम्","तां नीलकण्ठीं बिम्बोष्ठीं सुमध्यां सुप्रतिष्ठिताम्।। सीतां पद्मपलाशाक्षीं मन्मथस्य रतिं यथा। इष्टां सर्वस्य जगतः पूर्णचन्द्रप्रभामिव।। भूमौ सुतनुमासीनां नियतामिव तापसीम्। निःश्वासबहुलां भीरुं भुजगेन्द्रवधूमिव॥"
"शोक-जालेन महता विततेन न राजतीम् संसक्ताम् धूम-जालेन शिखाम् इव विभा-वसोः (ददर्श) .","शोक-जालेन विभा-वसोः (ददर्श) . महता विततेन न राजतीम् संसक्ताम् धूम-जालेन शिखाम् इव","शोकजालेन महता विततेन न राजतीम्। संसक्तां धूमजालेन शिखामिव विभावसोः॥"
"ताम् स्मृतीम् इव सन्दिग्धाम् ऋद्धिम् निपतिताम् इव विहताम् इव च श्रद्धाम् आशाम् प्रतिहताम् इव सोपसर्गाम् यथा सिद्धिम् बुद्धिम् सकलुषाम् इव अभूतेन अपवादेन कीर्तिम् निपतिताम् इव (ददर्श) .","ताम् च श्रद्धाम् आशाम् प्रतिहताम् इव सोपसर्गाम् यथा सिद्धिम् बुद्धिम् सकलुषाम् स्मृतीम् इव अभूतेन अपवादेन कीर्तिम् निपतिताम् इव (ददर्श) . इव सन्दिग्धाम् ऋद्धिम् निपतिताम् इव विहताम् इव","तां स्मृतीमिव संदिग्धामृद्धिं निपतितामिव। विहतामिव च श्रद्धामाशां प्रतिहतामिव।।  सोपसर्गां यथा सिद्धिं बुद्धिं सकलुषामिव। अभूतेनापवादेन कीर्तिं निपतितामिव॥"
"राम-उपरोध-व्यथिताम् रक्षोगण-निपीडिताम् अबलाम् मृगशाव-अक्षीम् वीक्षमाणाम् ततः ततः (ददर्श) (सः)","राम-उपरोध-व्यथिताम् रक्षोगण-निपीडिताम् अबलाम् मृगशाव-अक्षीम् वीक्षमाणाम् ततः ततः (ददर्श) (सः)","रामोपरोधव्यथितां रक्षोगणनिपीडिताम्। अबलां मृगशावाक्षीं वीक्षमाणां ततस्ततः॥"
"बाष्प-अम्बु-परिपूर्णेन कृष्ण-वक्र-अक्षि-पक्ष्मणा वदनेन अ-प्रसन्नेन निःश्वसन्तीम् पुनः पुनः (ददर्श) .","बाष्प-अम्बु-परिपूर्णेन कृष्ण-वक्र-अक्षि-पक्ष्मणा वदनेन अ-प्रसन्नेन निःश्वसन्तीम् पुनः पुनः (ददर्श) .","बाष्पाम्बुपरिपूर्णेन कृष्णवक्राक्षिपक्ष्मणा। वदनेनाप्रसन्नेन निःश्वसन्तीं पुनः पुनः॥"
"मल-पङ्क-धराम् दीनाम् मण्डन-अर्हाम अ-मण्डिताम् प्रभाम् नक्षत्र-राजस्य काल-मेघैः इव आवृताम् (ददर्श) .","मल-पङ्क-धराम् (ददर्श) . दीनाम् मण्डन-अर्हाम अ-मण्डिताम् प्रभाम् नक्षत्र-राजस्य काल-मेघैः इव आवृताम्","मलपङ्कधरां दीनां मण्डनार्हाममण्डिताम्। प्रभां नक्षत्रराजस्य कालमेघैरिवावृताम्॥"
"तस्य संदिदिहे बुद्धिः तथा सीताम् निरीक्ष्य च आम्नायानाम् अयोगेन विद्याम् प्रशिथिलाम् इव .","तस्य विद्याम् प्रशिथिलाम् इव . संदिदिहे बुद्धिः तथा सीताम् निरीक्ष्य च आम्नायानाम् अयोगेन","तस्य संदिदिहे बुद्धिस्तथा सीतां निरीक्ष्य च। आम्नायानामयोगेन विद्यां प्रशिथिलामिव॥"
"दुःखेन बुबुधे सीताम् हनुमान् अन्-अलङ्कृताम् संस्कारेण यथा हीनाम् वाचम् अर्थान्तरम् गताम् .","दुःखेन अर्थान्तरम् गताम् . बुबुधे सीताम् हनुमान् अन्-अलङ्कृताम् संस्कारेण यथा हीनाम् वाचम्","दुःखेन बुबुधे सीतां हनुमाननलंकृताम्। संस्कारेण यथा हीनां वाचमर्थान्तरं गताम्॥"
"ताम् समीक्ष्य विशाल-अक्षीम् राज-पुत्रीम् अनिन्दिताम् तर्कयामास सीता इति कारणैः उपपादयन् .","ताम् उपपादयन् . समीक्ष्य विशाल-अक्षीम् राज-पुत्रीम् अनिन्दिताम् तर्कयामास सीता इति कारणैः","तां समीक्ष्य विशालाक्षीं राजपुत्रीमनिन्दिताम्। तर्कयामास सीतेति कारणैरुपपादयन्॥"
"वैदेह्याः यानि च अङ्गेषु तदा रामः अन्वकीर्तयत् तानि आभरण-जालानि गात्र-शोभीनि अलक्षयत् सुकृतौ कर्ण-वेष्टौ च श्वदंष्ट्रौ च सुसंस्थितौ मणि-विद्रुम-चित्राणि हस्तेषु आभरणानि च .","वैदेह्याः गात्र-शोभीनि अलक्षयत् सुकृतौ कर्ण-वेष्टौ च श्वदंष्ट्रौ च सुसंस्थितौ मणि-विद्रुम-चित्राणि हस्तेषु यानि आभरणानि च . च अङ्गेषु तदा रामः अन्वकीर्तयत् तानि आभरण-जालानि","वैदेह्या यानि चांगेषु तदा रामोऽन्वकीर्तयत्। तान्याभरणजालानि गात्रशोभीन्यलक्षयत्।। सुकृतौ कर्णवेष्टौ च श्वदंष्ट्रौ च सुसंस्थितौ। मणिविद्रुमचित्राणि हस्तेष्वाभरणानि च॥"
"श्यामानि चिर-युक्तत्वात् तथा संस्थानवन्ति च तानि एव एतानि मन्ये अहम् यानि रामः अन्वकीर्तयत् तत्र यानि अवहीनानि तानि अहम् न उपलक्षये यानि अस्याः न अवहीनानि तानि इमानि न संशयः (सन्ति)","श्यामानि अहम् यानि रामः अन्वकीर्तयत् तत्र यानि अवहीनानि तानि अहम् न चिर-युक्तत्वात् उपलक्षये यानि अस्याः न अवहीनानि तानि इमानि न संशयः (सन्ति) तथा संस्थानवन्ति च तानि एव एतानि मन्ये","श्यामानि चिरयुक्तत्वात् तथा संस्थानवन्ति च। तान्येवैतानि मन्येऽहं यानि रामोऽन्वकीर्तयत्।।  तत्र यान्यवहीनानि तान्यहं नोपलक्षये। यान्यस्या नावहीनानि तानीमानि न संशयः॥"
"पीतम् कनक-पट्ट-आभम् स्रस्तम् तत्-वसनम् शुभम् उत्तरीयम् नग-आसक्तम् तदा दृष्टम् प्लवङ्गमैः भूषणानि च मुख्यानि दृष्टानि धरणीतले अनया एव अपविद्धानि स्वनवन्ति महान्ति च .","पीतम् प्लवङ्गमैः भूषणानि च मुख्यानि दृष्टानि धरणीतले अनया एव अपविद्धानि स्वनवन्ति कनक-पट्ट-आभम् महान्ति च . स्रस्तम् तत्-वसनम् शुभम् उत्तरीयम् नग-आसक्तम् तदा दृष्टम्","पीतं कनकपट्टाभं स्रस्तं तद्वसनं शुभम्। उत्तरीयं नगासक्तं तदा दृष्टं प्लवंगमैः।। भूषणानि च मुख्यानि दृष्टानि धरणीतले। अनयैवापविद्धानि स्वनवन्ति महान्ति च॥"
"इदम् चिर-गृहीतत्वात् वसनम् क्लिष्टवत्तरम् तथा अपि अनूनम् तत्-वर्णम् तथा श्रीमत् यथा इतरत् (आसीत्) (अस्ति)","इदम् श्रीमत् यथा इतरत् (आसीत्) (अस्ति) चिर-गृहीतत्वात् वसनम् क्लिष्टवत्तरम् तथा अपि अनूनम् तत्-वर्णम् तथा","इदं चिरगृहीतत्वाद् वसनं क्लिष्टवत्तरम्। तथाप्यनूनं तद्वर्णं तथा श्रीमद्यथेतरत्॥"
"इयम् कनकवर्ण-अङ्गी रामस्य महिषी प्रिया प्रणष्टा अपि सती यस्य मनसः न प्रणश्यति .","इयम् मनसः न प्रणश्यति . कनकवर्ण-अङ्गी रामस्य महिषी प्रिया प्रणष्टा अपि सती यस्य","इयं कनकवर्णांगी रामस्य महिषी प्रिया। प्रणष्टापि सती यस्य मनसो न प्रणश्यति॥"
"इयम् सा यत्-कृते रामः चतुर्भिः इह तप्यते कारुण्येन आनृशंस्येन शोकेन मदनेन च स्त्री प्रणष्टा इति कारुण्यात् आश्रिता इति आनृशंस्यतः पत्नी नष्टा इति शोकेन प्रिया इति मदनेन च (अस्ति)","इयम् शोकेन मदनेन च स्त्री प्रणष्टा इति कारुण्यात् आश्रिता इति आनृशंस्यतः सा पत्नी नष्टा इति शोकेन प्रिया इति मदनेन च (अस्ति) यत्-कृते रामः चतुर्भिः इह तप्यते कारुण्येन आनृशंस्येन","इयं सा यत्कृते रामश्चतुर्भिरिह तप्यते। कारुण्येनानृशंस्येन शोकेन मदनेन च।। स्त्री प्रणष्टेति कारुण्यादाश्रितेत्यानृशंस्यतः। पत्नी नष्टेति शोकेन प्रियेति मदनेन च॥"
"अस्याः देव्याः यथारूपम् अङ्ग-प्रत्यङ्ग-सौष्ठवम् रामस्य च यथारूपम् तस्य इयम् असित-ईक्षणा अस्याः देव्याः मनः तस्मिन् तस्य च अस्याम् प्रतिष्ठितम् तेन इयम् सः च धर्म-आत्मा मुहूर्तम् अपि जीवति (अस्ति) (अस्ति) (अस्ति)","अस्याः असित-ईक्षणा अस्याः देव्याः मनः तस्मिन् तस्य च अस्याम् प्रतिष्ठितम् तेन देव्याः इयम् सः च धर्म-आत्मा मुहूर्तम् अपि जीवति (अस्ति) (अस्ति) यथारूपम् (अस्ति) अङ्ग-प्रत्यङ्ग-सौष्ठवम् रामस्य च यथारूपम् तस्य इयम्","अस्या देव्या यथारूपमंगप्रत्यंगसौष्ठवम्। रामस्य च यथारूपं तस्येयमसितेक्षणा।। अस्या देव्या मनस्तस्मिंस्तस्य चास्यां प्रतिष्ठितम्। तेनेयं स च धर्मात्मा मुहूर्तमपि जीवति॥"
"दुष्करम् कृतवान् रामः हीनः यत् अनया प्रभुः धारयति आत्मनः देहम् न शोकेन अवसीदति .","दुष्करम् देहम् न शोकेन अवसीदति . कृतवान् रामः हीनः यत् अनया प्रभुः धारयति आत्मनः","दुष्करं कृतवान् रामो हीनो यदनया प्रभुः। धारयत्यात्मनो देहं न शोकेनावसीदति॥"
"एवम् सीताम् तथा दृष्ट्वा हृष्टः पवन-सम्भवः जगाम मनसा रामम् प्रशशंस च तम् प्रभुम् .","एवम् प्रशशंस च तम् प्रभुम् . सीताम् तथा दृष्ट्वा हृष्टः पवन-सम्भवः जगाम मनसा रामम्","एवं सीतां तथा दृष्ट्वा हृष्टः पवनसम्भवः। जगाम मनसा रामं प्रशशंस च तं प्रभुम्॥"
"प्रशस्य तु प्रशस्तव्याम् सीताम् ताम् हरि-पुङ्गवः गुण-अभिरामम् रामम् च पुनः चिन्तापरः अभवत् .","प्रशस्य पुनः चिन्तापरः अभवत् . तु प्रशस्तव्याम् सीताम् ताम् हरि-पुङ्गवः गुण-अभिरामम् रामम् च","प्रशस्य तु प्रशस्तव्यां सीतां तां हरिपुंगवः। गुणाभिरामं रामं च पुनश्चिन्तापरोऽभवत्॥"
"सः मुहूर्तम् इव ध्यात्वा बाष्प-पर्याकुल-ईक्षणः सीताम् आश्रित्य तेजस्वी हनूमान् विललाप ह .","सः विललाप ह . मुहूर्तम् इव ध्यात्वा बाष्प-पर्याकुल-ईक्षणः सीताम् आश्रित्य तेजस्वी हनूमान्","स मुहूर्तमिव ध्यात्वा बाष्पपर्याकुलेक्षणः। सीतामाश्रित्य तेजस्वी हनूमान् विललाप ह॥"
"मान्या गुरु-विनीतस्य लक्ष्मणस्य गुरु-प्रिया यदि सीता हि दुःखार्ता कालः हि दुरतिक्रमः (तर्हि) (अस्ति)","मान्या हि दुरतिक्रमः (तर्हि) (अस्ति) गुरु-विनीतस्य लक्ष्मणस्य गुरु-प्रिया यदि सीता हि दुःखार्ता कालः","मान्या गुरुविनीतस्य लक्ष्मणस्य गुरुप्रिया। यदि सीता हि दुःखार्ता कालो हि दुरतिक्रमः॥"
"रामस्य व्यवसायज्ञा लक्ष्मणस्य च धीमतः न अत्यर्थम् क्षुभ्यते देवी गङ्गा इव जलद-आगमे .","रामस्य गङ्गा इव जलद-आगमे . व्यवसायज्ञा लक्ष्मणस्य च धीमतः न अत्यर्थम् क्षुभ्यते देवी","रामस्य व्यवसायज्ञा लक्ष्मणस्य च धीमतः। नात्यर्थं क्षुभ्यते देवी गंगेव जलदागमे॥"
"तुल्यशील-वयस्-वृत्ताम् तुल्याभिजन-लक्षणाम् राघवः अर्हति वैदेहीम् तम् च इयम् असित-ईक्षणा (च)","तुल्यशील-वयस्-वृत्ताम् (च) तुल्याभिजन-लक्षणाम् राघवः अर्हति वैदेहीम् तम् च इयम् असित-ईक्षणा","तुल्यशीलवयोवृत्तां तुल्याभिजनलक्षणाम्। राघवोऽर्हति वैदेहीं तं चेयमसितेक्षणा॥"
"ताम् दृष्ट्वा नव-हेम-आभाम् लोक-कान्ताम् इव श्रियम् जगाम मनसा रामम् वचनम् च इदम् अब्रवीत् .","ताम् वचनम् च इदम् अब्रवीत् . दृष्ट्वा नव-हेम-आभाम् लोक-कान्ताम् इव श्रियम् जगाम मनसा रामम्","तां दृष्ट्वा नवहेमाभां लोककान्तामिव श्रियम्। जगाम मनसा रामं वचनं चेदमब्रवीत्॥"
"अस्याः हेतोः विशाल-अक्ष्याः हतः वाली महा-बलः रावण-प्रतिमः वीर्ये कबन्धः च निपातितः .","अस्याः च निपातितः . हेतोः विशाल-अक्ष्याः हतः वाली महा-बलः रावण-प्रतिमः वीर्ये कबन्धः","अस्या हेतोर्विशालाक्ष्या हतो वाली महाबलः। रावणप्रतिमो वीर्ये कबन्धश्च निपातितः॥"
"विराधः च हतः सङ्ख्ये राक्षसः भीम-विक्रमः वने रामेण विक्रम्य महेन्द्रेण इव शम्बरः चतुर्दश सहस्राणि रक्षसाम् भीम-कर्मणाम् निहतानि जन-स्थाने शरैः अग्नि-शिखा-उपमैः खरः च निहतः सङ्ख्ये त्रि-शिराः च निपातितः दूषणः च महातेजा रामेण विदित-आत्मना .","विराधः महेन्द्रेण इव शम्बरः चतुर्दश सहस्राणि रक्षसाम् भीम-कर्मणाम् निहतानि जन-स्थाने शरैः च अग्नि-शिखा-उपमैः खरः च निहतः सङ्ख्ये त्रि-शिराः च निपातितः दूषणः च हतः महातेजा रामेण विदित-आत्मना . सङ्ख्ये राक्षसः भीम-विक्रमः वने रामेण विक्रम्य","विराधश्च हतः संख्ये राक्षसो भीमविक्रमः। वने रामेण विक्रम्य महेन्द्रेणेव शम्बरः।। चतुर्दश सहस्राणि रक्षसां भीमकर्मणाम्। निहतानि जनस्थाने शरैरग्निशिखोपमैः।। खरश्च निहतः संख्ये त्रिशिराश्च निपातितः। दूषणश्च महातेजा रामेण विदितात्मना॥"
"ऐश्वर्यम् वानराणाम् च दुर्लभम् वालि-पालितम् अस्याः निमित्ते सुग्रीवः प्राप्तवान् लोक-विश्रुतः .","ऐश्वर्यम् लोक-विश्रुतः . वानराणाम् च दुर्लभम् वालि-पालितम् अस्याः निमित्ते सुग्रीवः प्राप्तवान्","ऐश्वर्यं वानराणां च दुर्लभं वालिपालितम्। अस्या निमित्ते सुग्रीवः प्राप्तवाँल्लोकविश्रुतः॥"
"सागरः च मया आक्रान्तः श्रीमान् नद-नदी-पतिः अस्याः हेतोः विशाल-अक्ष्याः पुरी इयम् निरीक्षिता (च)","सागरः पुरी इयम् निरीक्षिता (च) च मया आक्रान्तः श्रीमान् नद-नदी-पतिः अस्याः हेतोः विशाल-अक्ष्याः","सागरश्च मयाऽऽक्रान्तः श्रीमान् नदनदीपतिः। अस्या हेतोर्विशालाक्ष्याः पुरी चेयं निरीक्षिता॥"
"यदि रामः समुद्र-अन्ताम् मेदिनीम् परिवर्तयेत् अस्याः कृते जगत् च अपि युक्तम् इति एव मे मतिः (अस्ति)","यदि अपि युक्तम् इति एव मे मतिः (अस्ति) रामः समुद्र-अन्ताम् मेदिनीम् परिवर्तयेत् अस्याः कृते जगत् च","यदि रामः समुद्रान्तां मेदिनीं परिवर्तयेत्। अस्याः कृते जगच्चापि युक्तमित्येव मे मतिः॥"
"राज्यम् वा त्रिषु लोकेषु सीता वा जनक-आत्मजा त्रैलोक्य-राज्यम् सकलम् सीतायाः न आप्नुयात् कलाम्","राज्यम् सीतायाः न आप्नुयात् कलाम् वा त्रिषु लोकेषु सीता वा जनक-आत्मजा त्रैलोक्य-राज्यम् सकलम्","राज्यं वा त्रिषु लोकेषु सीता वा जनकात्मजा। त्रैलोक्यराज्यं सकलं सीताया नाप्नुयात् कलाम्॥"
"इयम् सा धर्मशीलस्य जनकस्य महा-आत्मनः सुता मैथिल-राजस्य सीता भर्तृ-दृढ-व्रता उत्थिता मेदिनीम् भित्त्वा क्षेत्रे हल-मुख-क्षते पद्म-रेणु-निभैः कीर्णा शुभैः केदार-पांसुभिः .","इयम् उत्थिता मेदिनीम् भित्त्वा क्षेत्रे हल-मुख-क्षते पद्म-रेणु-निभैः कीर्णा शुभैः केदार-पांसुभिः . सा धर्मशीलस्य जनकस्य महा-आत्मनः सुता मैथिल-राजस्य सीता भर्तृ-दृढ-व्रता","इयं सा धर्मशीलस्य जनकस्य महात्मनः। सुता मैथिलराजस्य सीता भर्तृदृढव्रता ।। उत्थिता मेदिनीं भित्त्वा क्षेत्रे हलमुखक्षते। पद्मरेणुनिभैः कीर्णा शुभैः केदारपांसुभिः॥"
"विक्रान्तस्य आर्य-शीलस्य संयुगेषु अनिवर्तिनः स्नुषा दशरथस्य एषा ज्येष्ठा राज्ञः यशस्विनी धर्म-ज्ञस्य कृत-ज्ञस्य रामस्य विदित-आत्मनः इयम् सा दयिता भार्या राक्षसी-वशम् आगता (अस्ति)","विक्रान्तस्य यशस्विनी धर्म-ज्ञस्य कृत-ज्ञस्य रामस्य विदित-आत्मनः इयम् सा दयिता भार्या राक्षसी-वशम् आर्य-शीलस्य आगता (अस्ति) संयुगेषु अनिवर्तिनः स्नुषा दशरथस्य एषा ज्येष्ठा राज्ञः","विक्रान्तस्यार्यशीलस्य संयुगेष्वनिवर्तिनः। स्नुषा दशरथस्यैषा ज्येष्ठा राज्ञो यशस्विनी।। धर्मज्ञस्य कृतज्ञस्य रामस्य विदितात्मनः। इयं सा दयिता भार्या राक्षसीवशमागता॥"
"सर्वान् भोगान् परित्यज्य भर्तृ-स्नेह-बलात् कृता अ-चिन्तयित्वा कष्टानि प्रविष्टा निर्जनम् वनम् सन्तुष्टा फल-मूलेन भर्तृ-शुश्रूषणा परा या पराम् भजते प्रीतिम् वने अपि भवने यथा इयम् कनक-वर्ण-अङ्गी नित्यम् सुस्मित-भाषिणी सहते यातनाम् एताम् अनर्थानाम् अभागिनी सा","सर्वान् वनम् सन्तुष्टा फल-मूलेन भर्तृ-शुश्रूषणा परा या पराम् भजते प्रीतिम् वने भोगान् अपि भवने यथा इयम् कनक-वर्ण-अङ्गी नित्यम् सुस्मित-भाषिणी सहते यातनाम् एताम् परित्यज्य अनर्थानाम् अभागिनी सा भर्तृ-स्नेह-बलात् कृता अ-चिन्तयित्वा कष्टानि प्रविष्टा निर्जनम्","सर्वान् भोगान् परित्यज्य भर्तृस्नेहबलात् कृता। अचिन्तयित्वा कष्टानि प्रविष्टा निर्जनं वनम् ।। संतुष्टा फलमूलेन भर्तृशुश्रूषणापरा। या परां भजते प्रीतिं वनेऽपि भवने यथा ।। सेयं कनकवर्णांगी नित्यं सुस्मितभाषिणी। सहते यातनामेतामनर्थानामभागिनी॥"
"इमाम् तु शील-सम्पन्नाम् द्रष्टुम् इच्छति राघवः रावणेन प्रमथिताम् प्रपाम् इव पिपासितः अस्याः नूनम् पुनः लाभात् राघवः प्रीतिम् एष्यति राजा राज्य-परिभ्रष्टः पुनः प्राप्य इव मेदिनीम् .","इमाम् इव पिपासितः अस्याः नूनम् पुनः लाभात् राघवः प्रीतिम् एष्यति राजा तु राज्य-परिभ्रष्टः पुनः प्राप्य इव मेदिनीम् . शील-सम्पन्नाम् द्रष्टुम् इच्छति राघवः रावणेन प्रमथिताम् प्रपाम्","इमां तु शीलसम्पन्नां द्रष्टुमिच्छति राघवः। रावणेन प्रमथितां प्रपामिव पिपासितः ।। अस्या नूनं पुनर्लाभाद् राघवः प्रीतिमेष्यति। राजा राज्यपरिभ्रष्टः पुनः प्राप्येव मेदिनीम्॥"
"काम-भोगैः परित्यक्ता हीना बन्धु-जनेन च धारयति आत्मनः देहम् तत्-समागम-काङ्क्षिणी न एषा पश्यति राक्षस्यः न इमान् पुष्पफल-द्रुमान् एकस्थ-हृदया नूनम् रामम् एव अनुपश्यति .","काम-भोगैः न एषा पश्यति राक्षस्यः न इमान् पुष्पफल-द्रुमान् एकस्थ-हृदया नूनम् रामम् परित्यक्ता एव अनुपश्यति . हीना बन्धु-जनेन च धारयति आत्मनः देहम् तत्-समागम-काङ्क्षिणी","कामभोगैः परित्यक्ता हीना बन्धुजनेन च। धारयत्यात्मनो देहं तत्समागमकाङ्क्षिणी ।।  नैषा पश्यति राक्षस्यो नेमान् पुष्पफलद्रुमान्। एकस्थहृदया नूनं राममेवानुपश्यति॥"
"भर्ता नाम परम् नार्याः शोभनम् भूषणात् अपि एषा हि रहिता तेन शोभन-अर्हा न शोभते (भवति)","भर्ता रहिता तेन शोभन-अर्हा न शोभते (भवति) नाम परम् नार्याः शोभनम् भूषणात् अपि एषा हि","भर्ता नाम परं नार्याः शोभनं भूषणादपि। एषा हि रहिता तेन शोभनार्हा न शोभते॥"
"दुष्करम् कुरुते रामः हीनः यत् अनया प्रभुः धारयति आत्मनः देहम् न दुःखेन अवसीदति .","दुष्करम् देहम् न दुःखेन अवसीदति . कुरुते रामः हीनः यत् अनया प्रभुः धारयति आत्मनः","दुष्करं कुरुते रामो हीनो यदनया प्रभुः। धारयत्यात्मनो देहं न दुःखेनावसीदति॥"
"इमाम् असित-केशान्ताम् शतपत्र-निभ-ईक्षणाम् सुख-अर्हाम् दुःखिताम् ज्ञात्वा मम अपि व्यथितम् मनः क्षिति-क्षमा पुष्कर-सन्निभ-ईक्षणा या रक्षिता राघव-लक्ष्मणाभ्याम् सा राक्षसीभिः विकृत-ईक्षणाभिः संरक्ष्यते सम्प्रति वृक्ष-मूले .","इमाम् मनः क्षिति-क्षमा पुष्कर-सन्निभ-ईक्षणा या रक्षिता राघव-लक्ष्मणाभ्याम् सा राक्षसीभिः विकृत-ईक्षणाभिः संरक्ष्यते असित-केशान्ताम् सम्प्रति वृक्ष-मूले . शतपत्र-निभ-ईक्षणाम् सुख-अर्हाम् दुःखिताम् ज्ञात्वा मम अपि व्यथितम्","इमामसितकेशान्तां शतपत्रनिभेक्षणाम्। सुखार्हां दुःखितां ज्ञात्वा ममापि व्यथितं मनः ।।  क्षितिक्षमा पुष्करसंनिभेक्षणा या रक्षिता राघवलक्ष्मणाभ्याम्। सा राक्षसीभिर्विकृतेक्षणाभिः संरक्ष्यते सम्प्रति वृक्षमूले॥"
"हिमहत-नलिनी इव नष्ट-शोभा व्यसन-परम्परया निपीड्यमाना सहचर-रहिता इव चक्रवाकी जनक-सुता कृपणाम् दशाम् प्रपन्ना .","हिमहत-नलिनी कृपणाम् दशाम् प्रपन्ना . इव नष्ट-शोभा व्यसन-परम्परया निपीड्यमाना सहचर-रहिता इव चक्रवाकी जनक-सुता","हिमहतनलिनीव नष्टशोभा व्यसनपरम्परया निपीड्यमाना। सहचररहितेव चक्रवाकी जनकसुता कृपणां दशां प्रपन्ना॥"
"अस्याः हि पुष्प-अवनताग्र-शाखाः शोकम् दृढम् वै जनयन्ति अशोकाः हिम-व्यपायेन च शीतरश्मिः अभ्युत्थितः नैकसहस्र-रश्मिः .","अस्याः च शीतरश्मिः अभ्युत्थितः नैकसहस्र-रश्मिः . हि पुष्प-अवनताग्र-शाखाः शोकम् दृढम् वै जनयन्ति अशोकाः हिम-व्यपायेन","अस्या हि पुष्पावनताग्रशाखाः शोकं दृढं वै जनयन्त्यशोकाः। हिमव्यपायेन च शीतरश्मिरभ्युत्थितो नैकसहस्ररश्मिः॥"
"इति एवम् अर्थम् कपिः अन्ववेक्ष्य सीता इयम् इति एव तु जात-बुद्धिः संश्रित्य तस्मिन् निषसाद वृक्षे बली हरीणाम् ऋषभः तरस्वी .","इति तु जात-बुद्धिः संश्रित्य तस्मिन् निषसाद वृक्षे बली हरीणाम् ऋषभः तरस्वी एवम् . अर्थम् कपिः अन्ववेक्ष्य सीता इयम् इति एव","इत्येवमर्थं कपिरन्ववेक्ष्य सीतेयमित्येव तु जातबुद्धिः। संश्रित्य तस्मिन् निषसाद वृक्षे बली हरीणामृषभस्तरस्वी॥"
"ततः कुमुद-खण्ड-आभः निर्मलम् निर्मल-उदयः प्रजगाम चन्द्रः हंसः नीलम् इव उदकम् नभः","ततः उदकम् नभः कुमुद-खण्ड-आभः निर्मलम् निर्मल-उदयः प्रजगाम चन्द्रः हंसः नीलम् इव","ततः कुमुदखण्डाभो निर्मलं निर्मलोदयः। प्रजगाम नभश्चन्द्रो हंसो नीलमिवोदकम्॥"
"साचिव्यम् इव कुर्वन् सः प्रभया निर्मल-प्रभः चन्द्रमा रश्मिभिः शीतैः सिषेवे पवन-आत्मजम् .","साचिव्यम् सिषेवे पवन-आत्मजम् . इव कुर्वन् सः प्रभया निर्मल-प्रभः चन्द्रमा रश्मिभिः शीतैः","साचिव्यमिव कुर्वन् स प्रभया निर्मलप्रभः। चन्द्रमा रश्मिभिः शीतैः सिषेवे पवनात्मजम्॥"
"सः ददर्श ततः सीताम् पूर्णचन्द्र-निभ-आननाम् शोक-भारैः इव न्यस्ताम् भारैः नावम् इव अम्भसि .","सः नावम् इव अम्भसि . ददर्श ततः सीताम् पूर्णचन्द्र-निभ-आननाम् शोक-भारैः इव न्यस्ताम् भारैः","स ददर्श ततः सीतां पूर्णचन्द्रनिभाननाम्। शोकभारैरिव न्यस्तां भारैर्नावमिवाम्भसि॥"
"दिदृक्षमाणः वैदेहीम् हनूमान् मारुत-आत्मजः सः ददर्श अविदूर-स्थाः राक्षसीः घोर-दर्शनाः .","दिदृक्षमाणः . वैदेहीम् हनूमान् मारुत-आत्मजः सः ददर्श अविदूर-स्थाः राक्षसीः घोर-दर्शनाः","दिदृक्षमाणो वैदेहीं हनूमान् मारुतात्मजः। स ददर्शाविदूरस्था राक्षसीर्घोरदर्शनाः॥"
"एक-अक्षीम् एक-कर्णाम् च कर्ण-प्रावरणाम् तथा अकर्णाम् शङ्कु-कर्णाम् च मस्तक-उच्छ्वास-नासिकाम् अतिकाय-उत्तम-अङ्गीम् च तनु-दीर्घ-शिरस्-धराम् ध्वस्त-केशीम् तथा केशीम् केश-कम्बल-धारिणीम् (ददर्श) (हनूमान्) .","एक-अक्षीम् अतिकाय-उत्तम-अङ्गीम् च तनु-दीर्घ-शिरस्-धराम् ध्वस्त-केशीम् तथा केशीम् केश-कम्बल-धारिणीम् (ददर्श) (हनूमान्) . एक-कर्णाम् च कर्ण-प्रावरणाम् तथा अकर्णाम् शङ्कु-कर्णाम् च मस्तक-उच्छ्वास-नासिकाम्","एकाक्षीमेककर्णां च कर्णप्रावरणां तथा। अकर्णां शङ्कुकर्णां च मस्तकोच्छ्वासनासिकाम्।।  अतिकायोत्तमांगीं च तनुदीर्घशिरोधराम्। ध्वस्तकेशीं तथाकेशीं केशकम्बलधारिणीम्॥"
"लम्बकर्ण-ललाटाम् च लम्बोदर-पयोधराम् लम्बोष्ठीम् चिबुकोष्ठीम् च लम्बास्याम् लम्ब-जानुकाम् ह्रस्वाम् दीर्घाम् च कुब्जाम् च विकटाम् वामनाम् तथा करालाम् भुग्न-वक्त्राम् च पिङ्ग-अक्षीम् विकृत-आननाम् (ददर्श)","लम्बकर्ण-ललाटाम् दीर्घाम् च कुब्जाम् च विकटाम् वामनाम् तथा करालाम् भुग्न-वक्त्राम् च च पिङ्ग-अक्षीम् विकृत-आननाम् (ददर्श) लम्बोदर-पयोधराम् लम्बोष्ठीम् चिबुकोष्ठीम् च लम्बास्याम् लम्ब-जानुकाम् ह्रस्वाम्","लम्बकर्णललाटां च लम्बोदरपयोधराम्। लम्बोष्ठीं चिबुकोष्ठीं च लम्बास्यां लम्बजानुकाम्  ह्रस्वां दीर्घां च कुब्जां च विकटां वामनां तथा। करालां भुग्नवक्त्रां च पिंगाक्षीं विकृताननाम्॥"
"विकृताः पिङ्गलाः कालीः क्रोधनाः कलह-प्रियाः कालायस महाशूल-कूट-मुद्गर-धारिणीः वराहमृग-शार्दूलमहिष-अजशिव-आमुखाः गजोष्ट्र-हय-पादाः च निखात-शिरसः अपराः (ददर्श)","विकृताः निखात-शिरसः अपराः (ददर्श) पिङ्गलाः कालीः क्रोधनाः कलह-प्रियाः कालायस महाशूल-कूट-मुद्गर-धारिणीः वराहमृग-शार्दूलमहिष-अजशिव-आमुखाः गजोष्ट्र-हय-पादाः च","विकृताः पिंगलाः कालीः क्रोधनाः कलहप्रियाः। कालायसमहाशूलकूटमुद‍्गरधारिणीः ।। वराहमृगशार्दूलमहिषाजशिवामुखाः। गजोष्ट्रहयपादाश्च निखातशिरसोऽपराः॥"
"एक-हस्त-एक-पादाः च खर-कर्णी-अश्व-कर्णिकाः गो-कर्णीः हस्ति-कर्णीः च हरि-कर्णीः तथा अपराः अतिनासाः च काश्चित् च तिर्यक्-नासाः अनासिकाः गज-सन्निभ-नासाः च ललाट-उच्छ्वास-नासिकाः (ददर्श) .","एक-हस्त-एक-पादाः अतिनासाः च काश्चित् च तिर्यक्-नासाः अनासिकाः गज-सन्निभ-नासाः च ललाट-उच्छ्वास-नासिकाः (ददर्श) च . खर-कर्णी-अश्व-कर्णिकाः गो-कर्णीः हस्ति-कर्णीः च हरि-कर्णीः तथा अपराः","एकहस्तैकपादाश्च खरकर्ण्यश्वकर्णिकाः। गोकर्णीर्हस्तिकर्णीश्च हरिकर्णीस्तथापराः अतिनासाश्च काश्चिच्च तिर्यङ्नासा अनासिकाः। गजसंनिभनासाश्च ललाटोच्छ्वासनासिकाः॥"
"हस्ति-पादाः महा-पादाः गो-पादाः पाद-चूलिकाः अतिमात्र-शिरः-ग्रीवाः अतिमात्र-कुचोदरीः अतिमात्रास्य-नेत्राः च दीर्घजिह्व-आननाः तथा अजा-मुखीः हस्ति-मुखीः गो-मुखीः सूकरी-मुखीः (ददर्श) (हनूमान्) .","हस्ति-पादाः तथा अजा-मुखीः हस्ति-मुखीः गो-मुखीः सूकरी-मुखीः (ददर्श) (हनूमान्) . महा-पादाः गो-पादाः पाद-चूलिकाः अतिमात्र-शिरः-ग्रीवाः अतिमात्र-कुचोदरीः अतिमात्रास्य-नेत्राः च दीर्घजिह्व-आननाः","हस्तिपादाः महापादाः गोपादाः पादचूलिकाः। अतिमात्रशिरोग्रीवा अतिमात्रकुचोदरीः ।।  अतिमात्रास्यनेत्राश्च दीर्घजिह्वाननाः तथा। अजामुखीः हस्तिमुखीर्गोमुखीः सूकरीमुखीः॥"
"हयोष्ट्र-खर-वक्त्राः च राक्षसीः घोर-दर्शनाः शूलमुद्गर-हस्ताः च क्रोधनाः कलह-प्रियाः करालाः धूम्र-केशिन्यः राक्षसीः विकृत-आननाः पिबन्ति सततम् पानम् सुरा-मांस-सदा-प्रियाः (ददर्श) (हनूमान्) .","हयोष्ट्र-खर-वक्त्राः धूम्र-केशिन्यः राक्षसीः विकृत-आननाः पिबन्ति सततम् पानम् सुरा-मांस-सदा-प्रियाः (ददर्श) (हनूमान्) . च राक्षसीः घोर-दर्शनाः शूलमुद्गर-हस्ताः च क्रोधनाः कलह-प्रियाः करालाः","हयोष्ट्रखरवक्त्राश्च राक्षसीर्घोरदर्शनाः। शूलमुद‍्गरहस्ताश्च क्रोधनाः कलहप्रियाः ।। कराला धूम्रकेशिन्यो राक्षसीर्विकृताननाः। पिबन्ति सततं पानं सुरामांससदाप्रियाः॥"
"समाः द्वादश तत्र अहम् राघवस्य निवेशने भुञ्जाना मानुषान् भोगान् सर्व-काम-समृद्धिनी .","समाः सर्व-काम-समृद्धिनी . द्वादश तत्र अहम् राघवस्य निवेशने भुञ्जाना मानुषान् भोगान्","समा द्वादश तत्राहं राघवस्य निवेशने। भुञ्जाना मानुषान् भोगान् सर्वकामसमृद्धिनी॥"
"मांस-शोणित-दिग्ध-अङ्गीः-मांस-शोणित-भोजनाः ताः ददर्श कपि-श्रेष्ठः रोम-हर्षण-दर्शनाः स्कन्धवन्तम् उपासीनाः परिवार्य वनस्पतिम् तस्य अधस्तात् च ताम् देवीम् राज-पुत्रीम् अनिन्दिताम् .","मांस-शोणित-दिग्ध-अङ्गीः-मांस-शोणित-भोजनाः तस्य अधस्तात् च ताम् देवीम् राज-पुत्रीम् अनिन्दिताम् . ताः ददर्श कपि-श्रेष्ठः रोम-हर्षण-दर्शनाः स्कन्धवन्तम् उपासीनाः परिवार्य वनस्पतिम्","मांसशोणितदिग्धांगीर्मांसशोणितभोजनाः। ता ददर्श कपिश्रेष्ठो रोमहर्षणदर्शनाः ।। स्कन्धवन्तमुपासीनाः परिवार्य वनस्पतिम्। तस्याधस्ताच्च तां देवीं राजपुत्रीमनिन्दिताम्॥"
"लक्षयामास लक्ष्मीवान् हनूमान् जनक-आत्मजाम् निष्प्रभाम् शोक-सन्तप्ताम् मल-सङ्कुल-मूर्धजाम् क्षीण-पुण्याम् च्युताम् भूमौ ताराम् निपतिताम् इव चारित्रव्यपदेश-आढ्याम् भर्तृदर्शन-दुर्गताम्","लक्षयामास भूमौ ताराम् निपतिताम् इव चारित्रव्यपदेश-आढ्याम् भर्तृदर्शन-दुर्गताम् लक्ष्मीवान् हनूमान् जनक-आत्मजाम् निष्प्रभाम् शोक-सन्तप्ताम् मल-सङ्कुल-मूर्धजाम् क्षीण-पुण्याम् च्युताम्","लक्षयामास लक्ष्मीवान् हनूमाञ्जनकात्मजाम्। निष्प्रभां शोकसंतप्तां मलसंकुलमूर्धजाम् ।। क्षीणपुण्यां च्युतां भूमौ तारां निपतितामिव। चारित्रव्यपदेशाढ्यां भर्तृदर्शनदुर्गताम्॥"
"भूषणैः उत्तमैः हीनाम् भर्तृ-वात्सल्य-भूषिताम् राक्षस-अधिप-संरुद्धाम् बन्धुभिः च विना-कृताम् वियूथाम् सिंह-संरुद्धाम् बद्धाम् गज-वधूम् इव चन्द्र-रेखाम् पयोदान्ते शारद-अभ्रैः इव आवृताम् (हनूमान्) (ददर्श) (सीताम्)","भूषणैः सिंह-संरुद्धाम् बद्धाम् गज-वधूम् इव चन्द्र-रेखाम् पयोदान्ते शारद-अभ्रैः इव आवृताम् (हनूमान्) उत्तमैः (ददर्श) (सीताम्) हीनाम् भर्तृ-वात्सल्य-भूषिताम् राक्षस-अधिप-संरुद्धाम् बन्धुभिः च विना-कृताम् वियूथाम्","भूषणैरुत्तमैर्हीनां भर्तृवात्सल्यभूषिताम्। राक्षसाधिपसंरुद्धां बन्धुभिश्च विनाकृताम् ।।  वियूथां सिंहसंरुद्धां बद्धां गजवधूमिव। चन्द्ररेखां पयोदान्ते शारदाभ्रैरिवावृताम्॥"
"क्लिष्ट-रूपाम् असंस्पर्शात् अयुक्ताम् इव वल्लकीम् सः ताम् भर्तृ-हिते युक्ताम् अयुक्ताम् रक्षसाम् वशे अशोकवनिका-मध्ये शोक-सागरम् आप्लुताम् ताभिः परिवृताम् तत्र स-ग्रहाम् इव रोहिणीम् ददर्श हनुमान् तत्र लताम् अकुसुमाम् इव .","क्लिष्ट-रूपाम् अयुक्ताम् रक्षसाम् वशे अशोकवनिका-मध्ये शोक-सागरम् आप्लुताम् ताभिः परिवृताम् तत्र स-ग्रहाम् असंस्पर्शात् इव रोहिणीम् ददर्श हनुमान् तत्र लताम् अकुसुमाम् इव . अयुक्ताम् इव वल्लकीम् सः ताम् भर्तृ-हिते युक्ताम्","क्लिष्टरूपामसंस्पर्शादयुक्तामिव वल्लकीम्। स तां भर्तृहिते युक्तामयुक्तां रक्षसां वशे ।। अशोकवनिकामध्ये शोकसागरमाप्लुताम्। ताभिः परिवृतां तत्र सग्रहामिव रोहिणीम् ।। ददर्श हनुमांस्तत्र लतामकुसुमामिव।"
"सा मलेन च दिग्ध-अङ्गी वपुषा च अपि अलङ्कृता मृणाली पङ्क-दिग्धा इव विभाति च न भाति च मलिनेन तु वस्त्रेण परिक्लिष्टेन भामिनीम् संवृताम् मृगशाव-अक्षीम् ददर्श हनुमान् कपिः .","सा पङ्क-दिग्धा इव विभाति च न भाति च मलिनेन तु वस्त्रेण मलेन परिक्लिष्टेन भामिनीम् संवृताम् मृगशाव-अक्षीम् ददर्श हनुमान् कपिः . च दिग्ध-अङ्गी वपुषा च अपि अलङ्कृता मृणाली","सा मलेन च दिग्धांगी वपुषा चाप्यलंकृता। मृणाली पङ्कदिग्धेव विभाति च न भाति च ।।  मलिनेन तु वस्त्रेण परिक्लिष्टेन भामिनीम्। संवृतां मृगशावाक्षीं ददर्श हनुमान् कपिः॥"
"ताम् देवीम् दीन-वदनाम् अदीनाम् भर्तृ-तेजसा रक्षिताम् स्वेन शीलेन सीताम् असित-लोचनाम् ताम् दृष्ट्वा हनुमान् सीताम् मृग-शाव-निभ-ईक्षणाम् मृग-कन्याम् इव त्रस्ताम् वीक्षमाणाम् समन्ततः (लेभे) (प्रहर्षम्)","ताम् असित-लोचनाम् ताम् दृष्ट्वा हनुमान् सीताम् मृग-शाव-निभ-ईक्षणाम् मृग-कन्याम् इव त्रस्ताम् वीक्षमाणाम् देवीम् समन्ततः (लेभे) (प्रहर्षम्) दीन-वदनाम् अदीनाम् भर्तृ-तेजसा रक्षिताम् स्वेन शीलेन सीताम्","तां देवीं दीनवदनामदीनां भर्तृतेजसा। रक्षितां स्वेन शीलेन सीतामसितलोचनाम् ।। तां दृष्ट्वा हनुमान् सीतां मृगशावनिभेक्षणाम्। मृगकन्यामिव त्रस्तां वीक्षमाणां समन्ततः॥"
"दहन्तीम् इव निःश्वासैः वृक्षान् पल्लव-धारिणः सङ्घातम् इव शोकानाम् दुःखस्य ऊर्मिम् इव उत्थिताम् ताम् क्षमाम् सुविभक्त-अङ्गीम् विनाभरण-शोभिनीम् प्रहर्षम् अतुलम् लेभे मारुतिः प्रेक्ष्य मैथिलीम् .","दहन्तीम् ऊर्मिम् इव उत्थिताम् ताम् क्षमाम् सुविभक्त-अङ्गीम् विनाभरण-शोभिनीम् प्रहर्षम् अतुलम् लेभे इव मारुतिः प्रेक्ष्य मैथिलीम् . निःश्वासैः वृक्षान् पल्लव-धारिणः सङ्घातम् इव शोकानाम् दुःखस्य","दहन्तीमिव निःश्वासैर्वृक्षान् पल्लवधारिणः। संघातमिव शोकानां दुःखस्योर्मिमिवोत्थिताम् ।। तां क्षमां सुविभक्तांगीं विनाभरणशोभिनीम्। प्रहर्षमतुलं लेभे मारुतिः प्रेक्ष्य मैथिलीम्॥"
"हर्षजानि च सः अश्रूणि ताम् दृष्ट्वा मदिर-ईक्षणाम् मुमोच हनुमान् तत्र नमश्चक्रे च राघवम् .","हर्षजानि तत्र नमश्चक्रे च राघवम् . च सः अश्रूणि ताम् दृष्ट्वा मदिर-ईक्षणाम् मुमोच हनुमान्","हर्षजानि च सोऽश्रूणि तां दृष्ट्वा मदिरेक्षणाम्। मुमोच हनुमांस्तत्र नमश्चक्रे च राघवम्॥"
"नमस्कृत्वा अथ रामाय लक्ष्मणाय च वीर्यवान् सीता-दर्शन-संहृष्टः हनुमान् संवृतः अभवत् .","नमस्कृत्वा अभवत् . अथ रामाय लक्ष्मणाय च वीर्यवान् सीता-दर्शन-संहृष्टः हनुमान् संवृतः","नमस्कृत्वाथ रामाय लक्ष्मणाय च वीर्यवान्। सीतादर्शनसंहृष्टो हनुमान् संवृतोऽभवत्॥"
"तथा विप्रेक्षमाणस्य वनम् पुष्पित-पादपम् विचिन्वतः च वैदेहीम् किञ्चित्-शेषा निशा अभवत् .","तथा अभवत् . विप्रेक्षमाणस्य वनम् पुष्पित-पादपम् विचिन्वतः च वैदेहीम् किञ्चित्-शेषा निशा","तथा विप्रेक्षमाणस्य वनं पुष्पितपादपम्। विचिन्वतश्च वैदेहीं किञ्चिच्छेषा निशाभवत्॥"
"षडङ्ग-वेद-विदुषाम् क्रतु-प्रवर-याजिनाम् शुश्राव ब्रह्म-घोषान् सः विरात्रे ब्रह्म-रक्षसाम् .","षडङ्ग-वेद-विदुषाम् क्रतु-प्रवर-याजिनाम् शुश्राव ब्रह्म-घोषान् सः विरात्रे ब्रह्म-रक्षसाम् .","षडंगवेदविदुषां क्रतुप्रवरयाजिनाम्। शुश्राव ब्रह्मघोषान् स विरात्रे ब्रह्मरक्षसाम्॥"
"अथ मङ्गल-वादित्रैः शब्दैः श्रोत्र-मनः-हरैः प्राबोध्यत महाबाहुः दशग्रीवः महाबलः .","अथ मङ्गल-वादित्रैः शब्दैः श्रोत्र-मनः-हरैः प्राबोध्यत महाबाहुः दशग्रीवः महाबलः .","अथ मंगलवादित्रैः शब्दैः श्रोत्रमनोहरैः। प्राबोध्यत महाबाहुर्दशग्रीवो महाबलः॥"
"विबुध्य तु महाभागः राक्षस-इन्द्रः प्रतापवान् स्रस्त-माल्य-अम्बरधरः वैदेहीम् अन्वचिन्तयत् .","विबुध्य तु महाभागः राक्षस-इन्द्रः प्रतापवान् स्रस्त-माल्य-अम्बरधरः वैदेहीम् अन्वचिन्तयत् .","विबुध्य तु महाभागो राक्षसेन्द्रः प्रतापवान्। स्रस्तमाल्याम्बरधरो वैदेहीमन्वचिन्तयत्॥"
"भृशम् नियुक्तः तस्याम् च मदनेन मदोत्कटः न तु तम् राक्षसः कामम् शशाक आत्मनि गूहितुम् .","भृशम् राक्षसः कामम् शशाक आत्मनि गूहितुम् . नियुक्तः तस्याम् च मदनेन मदोत्कटः न तु तम्","भृशं नियुक्तस्तस्यां च मदनेन मदोत्कटः। न तु तं राक्षसः कामं शशाकात्मनि गूहितुम्॥"
"सः सर्व-आभरणैः युक्तः बिभ्रत् श्रियम् अनुत्तमाम् ताम् नगैः विविधैः जुष्टाम् सर्व-पुष्प-फल-उपगैः प्राविशत् .","सः जुष्टाम् सर्व-पुष्प-फल-उपगैः प्राविशत् . सर्व-आभरणैः युक्तः बिभ्रत् श्रियम् अनुत्तमाम् ताम् नगैः विविधैः","स सर्वाभरणैर्युक्तो बिभ्रच्छ्रियमनुत्तमाम्। तां नगैर्विविधैर्जुष्टां सर्वपुष्पफलोपगैः॥"
"वृताम् पुष्करिणीभिः च नाना-पुष्प-उपशोभिताम् सदा मत्तैः च विहगैः विचित्राम् परम-अद्भुतैः (प्राविशत्) (अशोकवनिकाम)","वृताम् परम-अद्भुतैः (प्राविशत्) (अशोकवनिकाम) पुष्करिणीभिः च नाना-पुष्प-उपशोभिताम् सदा मत्तैः च विहगैः विचित्राम्","वृतां पुष्करिणीभिश्च नानापुष्पोपशोभिताम्। सदा मत्तैश्च विहगैर्विचित्रां परमाद्भुतैः॥"
"ईहामृगैः च विविधैः वृताम् दृष्टि-मनोहरैः वीथीः सम्प्रेक्षमाणः च मणि-काञ्चन-तोरणाम् नाना-मृग-गण-आकीर्णाम् फलैः प्रपतितैः वृताम् अशोक-वनिकाम् एव प्राविशत् सन्तत-द्रुमाम् .","ईहामृगैः नाना-मृग-गण-आकीर्णाम् फलैः प्रपतितैः वृताम् अशोक-वनिकाम् एव प्राविशत् सन्तत-द्रुमाम् . च विविधैः वृताम् दृष्टि-मनोहरैः वीथीः सम्प्रेक्षमाणः च मणि-काञ्चन-तोरणाम्","ईहामृगैश्च विविधैर्वृतां दृष्टिमनोहरैः। वीथीः सम्प्रेक्षमाणश्च मणिकाञ्चनतोरणाम्   नानामृगगणाकीर्णां फलैः प्रपतितैर्वृताम्। अशोकवनिकामेव प्राविशत् संततद्रुमाम्॥"
"अङ्गनाः शतमात्रम् तु तम् व्रजन्तम् अनुव्रजन् महेन्द्रम् इव पौलस्त्यम् देव-गन्धर्व-योषितः .","अङ्गनाः देव-गन्धर्व-योषितः . शतमात्रम् तु तम् व्रजन्तम् अनुव्रजन् महेन्द्रम् इव पौलस्त्यम्","अंगनाः शतमात्रं तु तं व्रजन्तमनुव्रजन्। महेन्द्रमिव पौलस्त्यं देवगन्धर्वयोषितः॥"
"दीपिकाः काञ्चनीः काश्चित् जगृहुः तत्र योषितः वाल-व्यजन-हस्ताः च ताल-वृन्तानि च अपराः (ययुः) .","दीपिकाः च अपराः (ययुः) . काञ्चनीः काश्चित् जगृहुः तत्र योषितः वाल-व्यजन-हस्ताः च ताल-वृन्तानि","दीपिकाः काञ्चनीः काश्चिज्जगृहुस्तत्र योषितः। वालव्यजनहस्ताश्च तालवृन्तानि चापराः ।। "
"काञ्चनैः च एव भृङ्गारैः जह्रुः सलिलम् अग्रतः मण्डल-अग्राः बृसीः च एव गृह्य अन्याः पृष्ठतः ययुः .","काञ्चनैः च एव गृह्य अन्याः पृष्ठतः ययुः . च एव भृङ्गारैः जह्रुः सलिलम् अग्रतः मण्डल-अग्राः बृसीः","काञ्चनैश्चैव भृंगारैर्जह्रुः सलिलमग्रतः। मण्डलाग्रा बृसीश्चैव गृह्यान्याः पृष्ठतो ययुः॥"
"काचित् रत्नमयीम् पात्रीम् पूर्णाम् पानस्य भ्राजतीम् दक्षिणा दक्षिणेन एव तदा जग्राह पाणिना .","काचित् तदा जग्राह पाणिना . रत्नमयीम् पात्रीम् पूर्णाम् पानस्य भ्राजतीम् दक्षिणा दक्षिणेन एव","काचिद् रत्नमयीं पात्रीं पूर्णां पानस्य भ्राजतीम्। दक्षिणा दक्षिणेनैव तदा जग्राह पाणिना॥"
"राज-हंस-प्रतीकाशम् छत्रम् पूर्ण-शशि-प्रभम् सौवर्ण-दण्डम् अपरा गृहीत्वा पृष्ठतः ययौ .","राज-हंस-प्रतीकाशम् छत्रम् पूर्ण-शशि-प्रभम् सौवर्ण-दण्डम् अपरा गृहीत्वा पृष्ठतः ययौ .","राजहंसप्रतीकाशं छत्रं पूर्णशशिप्रभम्। सौवर्णदण्डमपरा गृहीत्वा पृष्ठतो ययौ॥"
"निद्रामद-परीताक्ष्यः रावणस्य उत्तम-स्त्रियः अनुजग्मुः पतिम् वीरम् घनम् विद्युत्-लताः इव .","निद्रामद-परीताक्ष्यः . रावणस्य उत्तम-स्त्रियः अनुजग्मुः पतिम् वीरम् घनम् विद्युत्-लताः इव","निद्रामदपरीताक्ष्यो रावणस्योत्तमस्त्रियः। अनुजग्मुः पतिं वीरं घनं विद्युल्लता इव॥"
"व्याविद्ध-हार-केयूराः समामृदित-वर्णकाः समागलित-केशान्ताः स-स्वेद-वदनाः तथा (तम्) (अन्वयुः) .","व्याविद्ध-हार-केयूराः समामृदित-वर्णकाः समागलित-केशान्ताः स-स्वेद-वदनाः तथा (तम्) (अन्वयुः) .","व्याविद्धहारकेयूराः समामृदितवर्णकाः। समागलितकेशान्ताः सस्वेदवदनास्तथा ।। "
"घूर्णन्त्यः मद-शेषेण निद्रया च शुभ-आननाः स्वेद-क्लिष्टाङ्ग-कुसुमाः स-माल्याः कुल-मूर्धजाः (तम्) (अन्वयुः) (च)","घूर्णन्त्यः (अन्वयुः) (च) मद-शेषेण निद्रया च शुभ-आननाः स्वेद-क्लिष्टाङ्ग-कुसुमाः स-माल्याः कुल-मूर्धजाः (तम्)","घूर्णन्त्यो मदशेषेण निद्रया च शुभाननाः। स्वेदक्लिष्टांगकुसुमाः समाल्याकुलमूर्धजाः॥"
"प्रयान्तम् नैरृत-पतिम् नार्यः मदिर-लोचनाः बहुमानात् च कामात् च प्रिय-भार्याः तम् अन्वयुः .","प्रयान्तम् तम् अन्वयुः . नैरृत-पतिम् नार्यः मदिर-लोचनाः बहुमानात् च कामात् च प्रिय-भार्याः","प्रयान्तं नैर्ऋतपतिं नार्यो मदिरलोचनाः। बहुमानाच्च कामाच्च प्रियभार्यास्तमन्वयुः॥"
"सः च काम-पर-अधीनः पतिः तासाम् महाबलः सीतासक्त-मना मन्दः मन्द-अञ्चित-गतिः बभौ .","सः बभौ . च काम-पर-अधीनः पतिः तासाम् महाबलः सीतासक्त-मना मन्दः मन्द-अञ्चित-गतिः","स च कामपराधीनः पतिस्तासां महाबलः। सीतासक्तमना मन्दो मन्दाञ्चितगतिर्बभौ॥"
"ततः काञ्ची-निनादम् च नूपुराणाम् च निःस्वनम् शुश्राव परम-स्त्रीणाम् कपिः मारुत-नन्दनः .","ततः मारुत-नन्दनः . काञ्ची-निनादम् च नूपुराणाम् च निःस्वनम् शुश्राव परम-स्त्रीणाम् कपिः","ततः काञ्चीनिनादं च नूपुराणां च निःस्वनम्। शुश्राव परमस्त्रीणां कपिर्मारुतनन्दनः॥"
"तम् च अप्रतिम-कर्माणम् अचिन्त्य-बल-पौरुषम् द्वार-देशम् अनुप्राप्तम् ददर्श हनुमान् कपिः .","तम् . च अप्रतिम-कर्माणम् अचिन्त्य-बल-पौरुषम् द्वार-देशम् अनुप्राप्तम् ददर्श हनुमान् कपिः","तं चाप्रतिमकर्माणमचिन्त्यबलपौरुषम्। द्वारदेशमनुप्राप्तं ददर्श हनुमान् कपिः॥"
"दीपिकाभिः अनेकाभिः समन्तात् अवभासितम् गन्ध-तैल-अवसिक्ताभिः ध्रियमाणाभिः अग्रतः (ददर्श) (कपिः) .","दीपिकाभिः . अनेकाभिः समन्तात् अवभासितम् गन्ध-तैल-अवसिक्ताभिः ध्रियमाणाभिः अग्रतः (ददर्श) (कपिः)","दीपिकाभिरनेकाभिः समन्तादवभासितम्। गन्धतैलावसिक्ताभिर्ध्रियमाणाभिरग्रतः॥"
"काम-दर्प-मदैः युक्तम् जिह्म-ताम्रायत-ईक्षणम् समक्षम् इव कन्दर्पम् अपविद्ध-शर-आसनम् (कपिः) (ददर्श) तं","काम-दर्प-मदैः तं युक्तम् जिह्म-ताम्रायत-ईक्षणम् समक्षम् इव कन्दर्पम् अपविद्ध-शर-आसनम् (कपिः) (ददर्श)","कामदर्पमदैर्युक्तं जिह्मताम्रायतेक्षणम्। समक्षमिव कंदर्पमपविद्धशरासनम्॥"
"मथित-अमृत-फेनाभम् अरजः वस्त्रम् उत्तमम् स-पुष्पम् अवकर्षन्तम् विमुक्तम् सक्तम् अङ्गदे (कपिः) (ददर्श) .","मथित-अमृत-फेनाभम् (कपिः) (ददर्श) . अरजः वस्त्रम् उत्तमम् स-पुष्पम् अवकर्षन्तम् विमुक्तम् सक्तम् अङ्गदे","मथितामृतफेनाभमरजोवस्त्रमुत्तमम्। सपुष्पमवकर्षन्तं विमुक्तं सक्तमंगदे॥"
"तम् पत्र-विटपे लीनः पत्र-पुष्प-शतावृतः समीपम् उपसङ्क्रान्तम् विज्ञातुम् उपचक्रमे .","तम् पत्र-विटपे लीनः पत्र-पुष्प-शतावृतः समीपम् उपसङ्क्रान्तम् विज्ञातुम् उपचक्रमे .","तं पत्रविटपे लीनः पत्रपुष्पशतावृतः। समीपमुपसंक्रान्तं विज्ञातुमुपचक्रमे॥"
"अवेक्षमाणः तु तदा ददर्श कपि-कुञ्जरः रूप-यौवन-सम्पन्ना रावणस्य वर-स्त्रियः .","अवेक्षमाणः तु तदा ददर्श कपि-कुञ्जरः रूप-यौवन-सम्पन्ना रावणस्य वर-स्त्रियः .","अवेक्षमाणस्तु तदा ददर्श कपिकुञ्जरः। रूपयौवनसम्पन्ना रावणस्य वरस्त्रियः॥"
"ताभिः परिवृतः राजा सुरूपाभिः महायशाः तत्-मृगद्विज-सङ्घुष्टम् प्रविष्टः प्रमदा-वनम् क्षीबः विचित्र-आभरणः शङ्कु-कर्णः महाबलः तेन विश्रवसः पुत्रः सः दृष्टः राक्षस-अधिपः .","ताभिः विचित्र-आभरणः शङ्कु-कर्णः महाबलः तेन विश्रवसः पुत्रः सः दृष्टः राक्षस-अधिपः . परिवृतः राजा सुरूपाभिः महायशाः तत्-मृगद्विज-सङ्घुष्टम् प्रविष्टः प्रमदा-वनम् क्षीबः","ताभिः परिवृतो राजा सुरूपाभिर्महायशाः। तन्मृगद्विजसंघुष्टं प्रविष्टः प्रमदावनम् ।।  क्षीबो विचित्राभरणः शङ्कुकर्णो महाबलः। तेन विश्रवसः पुत्रः स दृष्टो राक्षसाधिपः॥"
"वृतः परम-नारीभिः ताराभिः इव चन्द्रमाः तम् ददर्श महातेजाः तेजोवन्तम् महाकपिः .","वृतः महाकपिः . परम-नारीभिः ताराभिः इव चन्द्रमाः तम् ददर्श महातेजाः तेजोवन्तम्","वृतः परमनारीभिस्ताराभिरिव चन्द्रमाः। तं ददर्श महातेजास्तेजोवन्तं महाकपिः ।। "
"रावणः अयम् महाबाहुः इति सञ्चिन्त्य वानरः सः अयम् एव पुरा शेते पुर-मध्ये गृह-उत्तमे अवप्लुतः महा-तेजाः हनूमान् मारुत-आत्मजः {अस्ति}","रावणः पुरा शेते पुर-मध्ये गृह-उत्तमे अवप्लुतः महा-तेजाः हनूमान् मारुत-आत्मजः {अस्ति} अयम् महाबाहुः इति सञ्चिन्त्य वानरः सः अयम् एव","रावणोऽयं महाबाहुरिति संचिन्त्य वानरः। सोऽयमेव पुरा शेते पुरमध्ये गृहोत्तमे। अवप्लुतो महातेजा हनूमान् मारुतात्मजः॥"
"सः तथापि उग्र-तेजाः सः निर्धूतः तस्य तेजसा पत्रे गुह्य-अन्तरे सक्तः मतिमान् संवृतः अभवत् अस्ति यद्यपि","सः सक्तः मतिमान् संवृतः अभवत् अस्ति यद्यपि तथापि उग्र-तेजाः सः निर्धूतः तस्य तेजसा पत्रे गुह्य-अन्तरे","स तथाप्युग्रतेजाः स निर्धूतस्तस्य तेजसा। पत्रे गुह्यान्तरे सक्तो मतिमान् संवृतोऽभवत्॥"
"सः ताम् असित-केशान्ताम् सुश्रोणीम् संहत-स्तनीम् दिदृक्षुः असित-अपाङ्गीम् उपावर्तत रावणः .","सः . ताम् असित-केशान्ताम् सुश्रोणीम् संहत-स्तनीम् दिदृक्षुः असित-अपाङ्गीम् उपावर्तत रावणः","स तामसितकेशान्तां सुश्रोणीं संहतस्तनीम्। दिदृक्षुरसितापांगीमुपावर्तत रावणः॥"
"तस्मिन् एव ततः काले राज-पुत्री तु अनिन्दिता रूप-यौवन-सम्पन्नम् भूषण-उत्तम-भूषितम् (कपिः) (ददर्श) .","तस्मिन् (कपिः) (ददर्श) . एव ततः काले राज-पुत्री तु अनिन्दिता रूप-यौवन-सम्पन्नम् भूषण-उत्तम-भूषितम्","तस्मिन्नेव ततः काले राजपुत्री त्वनिन्दिता। रूपयौवनसम्पन्नं भूषणोत्तमभूषितम्॥"
"ततः दृष्ट्वा एव वैदेही रावणम् राक्षस-अधिपम् प्रावेपत वर-अरोहा प्रवाते कदली यथा ऊरुभ्याम् उदरम् छाद्य बाहुभ्याम् च पयोधरौ उपविष्टा विशाल-अक्षी रुदती वर-वर्णिनी .","ततः कदली यथा ऊरुभ्याम् उदरम् छाद्य बाहुभ्याम् च पयोधरौ उपविष्टा विशाल-अक्षी दृष्ट्वा रुदती वर-वर्णिनी . एव वैदेही रावणम् राक्षस-अधिपम् प्रावेपत वर-अरोहा प्रवाते","ततो दृष्ट्वैव वैदेही रावणं राक्षसाधिपम्। प्रावेपत वरारोहा प्रवाते कदली यथा ।। ऊरुभ्यामुदरं छाद्य बाहुभ्यां च पयोधरौ। उपविष्टा विशालाक्षी रुदती वरवर्णिनी॥"
"दशग्रीवः तु वैदेहीम् रक्षिताम् राक्षसी-गणैः ददर्श दीनाम् दुःख-आर्ताम् नावम् सन्नाम् इव अर्णवे असंवृतायाम् आसीनाम् धरण्याम् संशित-व्रताम् छिन्नाम् प्रपतिताम् भूमौ शाखाम् इव वनस्पतेः .","दशग्रीवः सन्नाम् इव अर्णवे असंवृतायाम् आसीनाम् धरण्याम् संशित-व्रताम् छिन्नाम् प्रपतिताम् भूमौ तु शाखाम् इव वनस्पतेः . वैदेहीम् रक्षिताम् राक्षसी-गणैः ददर्श दीनाम् दुःख-आर्ताम् नावम्","दशग्रीवस्तु वैदेहीं रक्षितां राक्षसीगणैः। ददर्श दीनां दुःखार्तां नावं सन्नामिवार्णवे ।। असंवृतायामासीनां धरण्यां संशितव्रताम्। छिन्नां प्रपतितां भूमौ शाखामिव वनस्पतेः॥"
"मलमण्डन-दिग्ध-अङ्गीम् मण्डन-अर्हाम् अमण्डनाम् मृणाली पङ्क-दिग्धा इव विभाति न विभाति च समीपम् राज-सिंहस्य रामस्य विदित-आत्मनः सङ्कल्प-हय-संयुक्तैः यान्तिम् इव मनोरथैः (ददर्श) वैदेहीम् .","मलमण्डन-दिग्ध-अङ्गीम् च समीपम् राज-सिंहस्य रामस्य विदित-आत्मनः सङ्कल्प-हय-संयुक्तैः यान्तिम् इव मनोरथैः (ददर्श) मण्डन-अर्हाम् वैदेहीम् . अमण्डनाम् मृणाली पङ्क-दिग्धा इव विभाति न विभाति","मलमण्डनदिग्धांगीं मण्डनार्हाममण्डनाम्। मृणाली पङ्कदिग्धेव विभाति न विभाति च ।।  समीपं राजसिंहस्य रामस्य विदितात्मनः। संकल्पहयसंयुक्तैर्यान्तीमिव मनोरथैः॥"
"शुष्यन्तीम् रुदतीम् एकाम् ध्यान-शोक-परायणाम् दुःखस्य अन्तम् अपश्यन्तीम् रामाम् रामम् अनुव्रताम् चेष्टमानाम् अथ आविष्टाम् पन्नगेन्द्र-वधूम् इव धूप्यमानाम् ग्रहेण इव रोहिणीम् धूम-केतुना वैदेहीं ददर्श .","शुष्यन्तीम् अनुव्रताम् चेष्टमानाम् अथ आविष्टाम् पन्नगेन्द्र-वधूम् इव धूप्यमानाम् ग्रहेण इव रोहिणीम् रुदतीम् धूम-केतुना वैदेहीं ददर्श . एकाम् ध्यान-शोक-परायणाम् दुःखस्य अन्तम् अपश्यन्तीम् रामाम् रामम्","शुष्यन्तीं रुदतीमेकां ध्यानशोकपरायणाम्। दुःखस्यान्तमपश्यन्तीं रामां राममनुव्रताम्  ।। चेष्टमानामथाविष्टां पन्नगेन्द्रवधूमिव। धूप्यमानां ग्रहेणेव रोहिणीं धूमकेतुना॥"
"वृत्त-शीले कुले जाताम् आचारवति धार्मिके पुनः संस्कारम् आपन्नाम् जाताम् इव च दुष्कुले सन्नाम् इव महा-कीर्तिम् श्रद्धाम् इव विमानिताम् प्रज्ञाम् इव परिक्षीणाम् आशाम् प्रतिहताम् इव वैदेहीं (ददर्श)","वृत्त-शीले इव च दुष्कुले सन्नाम् इव महा-कीर्तिम् श्रद्धाम् इव विमानिताम् प्रज्ञाम् कुले इव परिक्षीणाम् आशाम् प्रतिहताम् इव वैदेहीं (ददर्श) जाताम् आचारवति धार्मिके पुनः संस्कारम् आपन्नाम् जाताम्","वृत्तशीले कुले जातामाचारवति धार्मिके। पुनः संस्कारमापन्नां जातामिव च दुष्कुले ।। सन्नामिव महाकीर्तिं श्रद्धामिव विमानिताम्। प्रज्ञामिव परिक्षीणामाशां प्रतिहतामिव॥"
"आयतीम् इव विध्वस्ताम् आज्ञाम् प्रतिहताम् इव दीप्ताम् इव दिशम् काले पूजाम् अपहताम् इव पौर्णमासीम् इव निशाम् तमोग्रस्त-इन्दु-मण्डलाम् पद्मिनीम् इव विध्वस्ताम् हत-शूराम् चमूम् इव (ददर्श) (वैदहीम्)","आयतीम् काले पूजाम् अपहताम् इव पौर्णमासीम् इव निशाम् तमोग्रस्त-इन्दु-मण्डलाम् पद्मिनीम् इव इव विध्वस्ताम् हत-शूराम् चमूम् इव (ददर्श) (वैदहीम्) विध्वस्ताम् आज्ञाम् प्रतिहताम् इव दीप्ताम् इव दिशम्","आयतीमिव विध्वस्तामाज्ञां प्रतिहतामिव। दीप्तामिव दिशं काले पूजामपहतामिव ।। पौर्णमासीमिव निशां तमोग्रस्तेन्दुमण्डलाम्। पद्मिनीमिव विध्वस्तां हतशूरां चमूमिव॥"
"प्रभाम् इव तमस्-ध्वस्ताम् उपक्षीणाम् इव आपगाम् वेदीम् इव परामृष्टाम् शान्ताम् अग्नि-शिखाम् इव उत्कृष्ट-पर्ण-कमलाम् वित्रासित-विहङ्गमाम् हस्ति-हस्त-परामृष्टाम् आकुलाम् इव पद्मिनीम् (ददर्श) (वैदेहीम्)","प्रभाम् शान्ताम् अग्नि-शिखाम् इव उत्कृष्ट-पर्ण-कमलाम् वित्रासित-विहङ्गमाम् हस्ति-हस्त-परामृष्टाम् आकुलाम् इव पद्मिनीम् (ददर्श) इव (वैदेहीम्) तमस्-ध्वस्ताम् उपक्षीणाम् इव आपगाम् वेदीम् इव परामृष्टाम्","प्रभामिव तमोध्वस्तामुपक्षीणामिवापगाम्। वेदीमिव परामृष्टां शान्तामग्निशिखामिव ।। उत्कृष्टपर्णकमलां वित्रासितविहंगमाम्। हस्तिहस्तपरामृष्टामाकुलामिव पद्मिनीम्॥"
"पतिशोक-आतुराम् शुष्काम् नदीम् विस्राविताम् इव परया मृजया हीनाम् कृष्ण-पक्षे निशाम् इव सुकुमारीम् सुजात-अङ्गीम् रत्नगर्भ-गृह-उचिताम् तप्यमानाम् इव उष्णेन मृणालीम् अचिर-उद्धृताम् (ददर्श) (वैदेहीम्)","पतिशोक-आतुराम् निशाम् इव सुकुमारीम् सुजात-अङ्गीम् रत्नगर्भ-गृह-उचिताम् तप्यमानाम् इव उष्णेन मृणालीम् अचिर-उद्धृताम् शुष्काम् (ददर्श) (वैदेहीम्) नदीम् विस्राविताम् इव परया मृजया हीनाम् कृष्ण-पक्षे","पतिशोकातुरां शुष्कां नदीं विस्रावितामिव। परया मृजया हीनां कृष्णपक्षे निशामिव ।।  सुकुमारीं सुजातांगीं रत्नगर्भगृहोचिताम्। तप्यमानामिवोष्णेन मृणालीमचिरोद‍्धृताम्॥"
"गृहीताम् आलिताम् स्तम्भे यूथपेन विना कृताम् निःश्वसन्तीम् सुदुःख-आर्ताम् गजराज-वधूम् इव एकया दीर्घया वेण्या शोभमानाम् अयत्नतः नीलया नीरद-अपाये वन-राज्या महीम् इव (ददर्श) (वैदेहीम्)","गृहीताम् इव एकया दीर्घया वेण्या शोभमानाम् अयत्नतः नीलया नीरद-अपाये वन-राज्या महीम् आलिताम् इव (ददर्श) (वैदेहीम्) स्तम्भे यूथपेन विना कृताम् निःश्वसन्तीम् सुदुःख-आर्ताम् गजराज-वधूम्","गृहीतामालितां स्तम्भे यूथपेन विनाकृताम्। निःश्वसन्तीं सुदुःखार्तां गजराजवधूमिव ।। एकया दीर्घया वेण्या शोभमानामयत्नतः। नीलया नीरदापाये वनराज्या महीमिव॥"
"उपवासेन शोकेन ध्यानेन च भयेन च परिक्षीणाम् कृशाम् दीनाम् अल्प-आहाराम् तपस्-धनाम् (ददर्श) (वैदेहीम्)","उपवासेन अल्प-आहाराम् तपस्-धनाम् (ददर्श) (वैदेहीम्) शोकेन ध्यानेन च भयेन च परिक्षीणाम् कृशाम् दीनाम्","उपवासेन शोकेन ध्यानेन च भयेन च। परिक्षीणां कृशां दीनामल्पाहारां तपोधनाम् ।। "
"आयाचमानाम् दुःख-आर्ताम् प्राञ्जलिम् देवताम् इव भावेन रघु-मुख्यस्य दशग्रीव-पराभवम् (ददर्श) (वैदेहीम्)","आयाचमानाम् (वैदेहीम्) दुःख-आर्ताम् प्राञ्जलिम् देवताम् इव भावेन रघु-मुख्यस्य दशग्रीव-पराभवम् (ददर्श)","आयाचमानां दुःखार्तां प्राञ्जलिं देवतामिव। भावेन रघुमुख्यस्य दशग्रीवपराभवम्॥"
"समीक्षमाणाम् रुदतीम् अनिन्दिताम् सुपक्ष्म-ताम्र-आयत-शुक्ल-लोचनाम् अनुव्रताम् रामम् अतीव मैथिलीम् प्रलोभयामास वधाय रावणः .","समीक्षमाणाम् वधाय रावणः . रुदतीम् अनिन्दिताम् सुपक्ष्म-ताम्र-आयत-शुक्ल-लोचनाम् अनुव्रताम् रामम् अतीव मैथिलीम् प्रलोभयामास","समीक्षमाणां रुदतीमनिन्दितां सुपक्ष्मताम्रायतशुक्ललोचनाम्। अनुव्रतां राममतीव मैथिलीं प्रलोभयामास वधाय रावणः॥"
"सः सागरम् अन्-आधृष्यम् अतिक्रम्य महा-बलः त्रि-कूटस्य तटे लङ्कां स्थितः स्वस्थः ददर्श ह","सः स्वस्थः ददर्श ह सागरम् अन्-आधृष्यम् अतिक्रम्य महा-बलः त्रि-कूटस्य तटे लङ्कां स्थितः","स सागरमनाधृष्यमतिक्रम्य महाबलः।#त्रिकूटस्य तटे लंकां स्थितः स्वस्थो ददर्श ह॥"
"ततः पादप-मुक्तेन पुष्प-वर्षेण वीर्यवान् अभिवृष्टः ततः तत्र बभौ पुष्पमयः हरिः","ततः हरिः पादप-मुक्तेन पुष्प-वर्षेण वीर्यवान् अभिवृष्टः ततः तत्र बभौ पुष्पमयः","ततः पादपमुक्तेन पुष्पवर्षेण वीर्यवान्।#अभिवृष्टस्ततस्तत्र बभौ पुष्पमयो हरिः॥"
"योजनानाम् शतम् श्रीमान् तीर्त्वा अपि उत्तम-विक्रमः अ-निःश्वसन् कपिः तत्र न ग्लानिम् अधिगच्छति","योजनानाम् न ग्लानिम् अधिगच्छति शतम् श्रीमान् तीर्त्वा अपि उत्तम-विक्रमः अ-निःश्वसन् कपिः तत्र","योजनानां शतं श्रीमांस्तीर्त्वाप्युत्तमविक्रमः।#अनिःश्वसन् कपिस्तत्र न ग्लानिमधिगच्छति॥"
"शतानि अहम् योजनानाम् क्रमेयम्(आर्ष) सुबहूनि अपि किम् पुनः सागरस्य अन्तम् सङ्ख्यातम् शत-योजनम्","शतानि अन्तम् सङ्ख्यातम् शत-योजनम् अहम् योजनानाम् क्रमेयम्(आर्ष) सुबहूनि अपि किम् पुनः सागरस्य","शतान्यहं योजनानां क्रमेयं सुबहून्यपि।#किं पुनः सागरस्यान्तं संख्यातं शतयोजनम्॥"
"सः तु वीर्यवताम् श्रेष्ठः प्लवताम् अपि च उत्तमः जगाम वेगवान् लङ्काम् लङ्घयित्वा महा-उदधिम्","सः वेगवान् लङ्काम् लङ्घयित्वा महा-उदधिम् तु वीर्यवताम् श्रेष्ठः प्लवताम् अपि च उत्तमः जगाम","स तु वीर्यवतां श्रेष्ठः प्लवतामपि चोत्तमः।#जगाम वेगवाँल्लंकां लङ्घयित्वा महोदधिम्॥"
"शाद्वलानि च नीलानि गन्धवन्ति वनानि च मधुमन्ति च मध्येन जगाम नगवन्ति च (हनुमान्)","शाद्वलानि जगाम नगवन्ति च (हनुमान्) च नीलानि गन्धवन्ति वनानि च मधुमन्ति च मध्येन","शाद्वलानि च नीलानि गन्धवन्ति वनानि च।#मधुमन्ति च मध्येन जगाम नगवन्ति च॥"
"शैलान् च तरु-सञ्छन्नान् वन-राजीः च पुष्पिताः अभिचक्राम तेजस्वी हनूमान् प्लवग-ऋषभः","शैलान् प्लवग-ऋषभः च तरु-सञ्छन्नान् वन-राजीः च पुष्पिताः अभिचक्राम तेजस्वी हनूमान्","शैलांश्च तरुसंछन्नान् वनराजीश्च पुष्पिताः।#अभिचक्राम तेजस्वी हनूमान् प्लवगर्षभः॥"
"सः तस्मिन् अचले तिष्ठन् वनानि उपवनानि च सः नग-अग्रे स्थिताम् लङ्काम् ददर्श पवन-आत्मजः","सः स्थिताम् लङ्काम् ददर्श पवन-आत्मजः तस्मिन् अचले तिष्ठन् वनानि उपवनानि च सः नग-अग्रे","स तस्मिन्नचले तिष्ठन् वनान्युपवनानि च।#स नगाग्रे स्थितां लंकां ददर्श पवनात्मजः॥"
"सरलान् कर्णिकारान् च खर्जूरान् च सुपुष्पितान् प्रियालान् मुचुलिन्दान् च कुटजान् केतकान् अपि कपि-कुञ्जरः (ददर्श) .","सरलान् कुटजान् केतकान् अपि कपि-कुञ्जरः (ददर्श) . कर्णिकारान् च खर्जूरान् च सुपुष्पितान् प्रियालान् मुचुलिन्दान् च","सरलान् कर्णिकारांश्च खर्जूरांश्च सुपुष्पितान्।#प्रियालान् मुचुलिन्दांश्च कुटजान् केतकानपि॥"
"प्रियङ्गून् गन्धपूर्णान् च नीपान् सप्तछदान् तथा असनान् कोविदारान् च करवीरान् च पुष्पितान् कपि-कुञ्जरः ददर्श","प्रियङ्गून् करवीरान् च पुष्पितान् कपि-कुञ्जरः ददर्श गन्धपूर्णान् च नीपान् सप्तछदान् तथा असनान् कोविदारान् च","प्रियङ्गून् गन्धपूर्णांश्च नीपान् सप्तच्छदांस्तथा।#असनान् कोविदारांश्च करवीरांश्च पुष्पितान्॥"
"पुष्प-भार-निबद्धान् च तथा मुकुलितान् अपि पाद-पान् विहग-आकीर्णान् पवन-आधूत-मस्तकान् कपि-कुञ्जरः (ददर्श)","पुष्प-भार-निबद्धान् (ददर्श) च तथा मुकुलितान् अपि पाद-पान् विहग-आकीर्णान् पवन-आधूत-मस्तकान् कपि-कुञ्जरः","पुष्पभारनिबद्धांश्च तथा मुकुलितानपि।#पादपान् विहगाकीर्णान् पवनाधूतमस्तकान्॥"
"हंस-कारण्डव-आकीर्णाः वापीः पद्म-उत्पल-आवृताः आक्रीडान् विविधान् रम्यान् विविधान् च जल-आशयान् (कपि-कुञ्जरः) (ददर्श)","हंस-कारण्डव-आकीर्णाः (कपि-कुञ्जरः) (ददर्श) वापीः पद्म-उत्पल-आवृताः आक्रीडान् विविधान् रम्यान् विविधान् च जल-आशयान्","हंसकारण्डवाकीर्णा वापीः पद्मोत्पलावृताः।#आक्रीडान् विविधान् रम्यान् विविधांश्च जलाशयान्॥"
"सन्ततान् विविधैः वृक्षैः सर्व-ऋतु-फल-पुष्पितैः उद्यानानि च रम्याणि ददर्श कपि-कुञ्जरः जल-आशयान्","सन्ततान् जल-आशयान् विविधैः वृक्षैः सर्व-ऋतु-फल-पुष्पितैः उद्यानानि च रम्याणि ददर्श कपि-कुञ्जरः","संततान् विविधैर्वृक्षैः सर्वर्तुफलपुष्पितैः।#उद्यानानि च रम्याणि ददर्श कपिकुञ्जरः॥"
"समासाद्य च लक्ष्मीवान् लङ्काम् रावण-पालिताम् परिखाभिः स-पद्माभिः स-उत्पलाभिः अलङ्कृताम् (ददर्श) (हनुमान्)","समासाद्य (ददर्श) (हनुमान्) च लक्ष्मीवान् लङ्काम् रावण-पालिताम् परिखाभिः स-पद्माभिः स-उत्पलाभिः अलङ्कृताम्","समासाद्य च लक्ष्मीवाँल्लंकां रावणपालिताम्।#परिखाभिः सपद्माभिः सोत्पलाभिरलंकृताम्॥"
"सीता-अपहरणात् तेन रावणेन सुरक्षिताम् समन्तात् विचरद्भिः च राक्षसैः उग्र-धन्वभिः (ददर्श) (हनुमान्)","सीता-अपहरणात् (ददर्श) (हनुमान्) तेन रावणेन सुरक्षिताम् समन्तात् विचरद्भिः च राक्षसैः उग्र-धन्वभिः","सीतापहरणात् तेन रावणेन सुरक्षिताम्।# समन्ताद् विचरद्भिश्च राक्षसैरुग्रधन्वभिः॥ "
"काञ्चनेन आवृताम् रम्याम् प्राकारेण महा-पुरीम् गृहैः च गिरि-सङ्काशैः शारद-अम्बुद-सन्निभैः हनुमान् ददर्श","काञ्चनेन हनुमान् ददर्श आवृताम् रम्याम् प्राकारेण महा-पुरीम् गृहैः च गिरि-सङ्काशैः शारद-अम्बुद-सन्निभैः","काञ्चनेनावृतां रम्यां प्राकारेण महापुरीम्।#गृहैश्च गिरिसंकाशैः शारदाम्बुदसंनिभैः॥"
"पाण्डुराभिः प्रतोलीभिः उच्चाभिः अभिसंवृताम् अट्टालक-शत-आकीर्णाम् पताका-ध्वज-शोभिताम् हनुमान् ददर्श लङ्काम्","पाण्डुराभिः प्रतोलीभिः उच्चाभिः अभिसंवृताम् अट्टालक-शत-आकीर्णाम् पताका-ध्वज-शोभिताम् हनुमान् ददर्श लङ्काम्","पाण्डुराभिः प्रतोलीभिरुच्चाभिरभिसंवृताम्।#अट्टालकशताकीर्णां पताकाध्वजशोभिताम्॥"
"तोरणैः काञ्चनैः दिव्यैः लता-पङ्क्ति-विराजितैः ददर्श हनुमान् लङ्काम् देवः देव-पुरीम् इव (अलङ्कृताम्)","तोरणैः इव (अलङ्कृताम्) काञ्चनैः दिव्यैः लता-पङ्क्ति-विराजितैः ददर्श हनुमान् लङ्काम् देवः देव-पुरीम्","तोरणैः काञ्चनैर्दिव्यैर्लतापङ्‍क्तिविराजितैः। #ददर्श हनुमाँल्लंकां देवो देवपुरीमिव॥"
"गिरि-मूर्ध्नि स्थिताम् लङ्काम् पाण्डुरैः भवनैः शुभैः ददर्श सः कपिः श्रीमान् पुरीम् आकाश-गाम् इव (अलङ्कृताम्)","गिरि-मूर्ध्नि श्रीमान् पुरीम् आकाश-गाम् इव (अलङ्कृताम्) स्थिताम् लङ्काम् पाण्डुरैः भवनैः शुभैः ददर्श सः कपिः","गिरिमूर्ध्नि स्थितां लंकां पाण्डुरैर्भवनैः शुभैः।#ददर्श स कपिः श्रीमान् पुरीमाकाशगामिव॥"
"पालिताम् राक्षस-इन्द्रेण निर्मिताम् विश्व-कर्मणा प्लवमानाम् इव आकाशे ददर्श हनुमान् कपिः (लङ्काम्)","पालिताम् कपिः (लङ्काम्) राक्षस-इन्द्रेण निर्मिताम् विश्व-कर्मणा प्लवमानाम् इव आकाशे ददर्श हनुमान्","पालितां राक्षसेन्द्रेण निर्मितां विश्वकर्मणा।#प्लवमानामिवाकाशे ददर्श हनुमान् कपिः॥"
"वप्र-प्राकार-जघनाम् विपुल-अम्बु-वन-अम्बराम् शतघ्नी-शूल-केशान्ताम् मनसा इव कृताम् लङ्काम् निर्मिताम् विश्वकर्मणा द्वारम् उत्तरम् आसाद्य चिन्तयामास वानरः कैलास-निलय-प्रख्यम् आलिखन्तम् इव अम्बरम् ध्रियमाणम् इव आकाशम् उच्छ्रितैः भवन-उत्तमैः अट्टालका-वतंसकाम्","वप्र-प्राकार-जघनाम् द्वारम् उत्तरम् आसाद्य चिन्तयामास वानरः कैलास-निलय-प्रख्यम् आलिखन्तम् इव अम्बरम् ध्रियमाणम् विपुल-अम्बु-वन-अम्बराम् इव आकाशम् उच्छ्रितैः भवन-उत्तमैः अट्टालका-वतंसकाम् शतघ्नी-शूल-केशान्ताम् मनसा इव कृताम् लङ्काम् निर्मिताम् विश्वकर्मणा","वप्रप्राकारजघनां विपुलाम्बुवनाम्बराम्।शतघ्नीशूलकेशान्तामट्टालकावतंसकाम्॥#मनसेव कृतां लंकां निर्मितां विश्वकर्मणा।द्वारमुत्तरमासाद्य चिन्तयामास वानरः॥कैलासनिलयप्रख्यमालिखन्तमिवाम्बरम्।ध्रियमाणमिवाकाशमुच्छ्रितैर्भवनोत्तमैः॥ "
"तस्याः च महतीम् गुप्तिम् सागरम् च निरीक्ष्य सः रावणम् च रिपुम् घोरम् चिन्तयामास वानरः","तस्याः च रिपुम् घोरम् चिन्तयामास वानरः च महतीम् गुप्तिम् सागरम् च निरीक्ष्य सः रावणम्","तस्याश्च महतीं गुप्तिं सागरं च निरीक्ष्य सः।#रावणं च रिपुं घोरं चिन्तयामास वानरः॥"
"आगत्य अपि इह हरयः भविष्यन्ति निर्-अर्थकाः न हि युद्धेन वै लङ्का शक्या जेतुम् सुरैः अपि .","आगत्य वै लङ्का शक्या जेतुम् सुरैः अपि . अपि इह हरयः भविष्यन्ति निर्-अर्थकाः न हि युद्धेन","आगत्यापीह हरयो भविष्यन्ति निरर्थकाः।#नहि युद्धेन वै लंका शक्या जेतुं सुरैरपि॥"
"इमाम् तु अ-विषमाम् लङ्काम् दुर्गाम् रावण-पालिताम् प्राप्य अपि सुमहा-बाहुः किम् करिष्यति राघवः .","इमाम् किम् करिष्यति राघवः . तु अ-विषमाम् लङ्काम् दुर्गाम् रावण-पालिताम् प्राप्य अपि सुमहा-बाहुः","इमां त्वविषमां लंकां दुर्गां रावणपालिताम्।#प्राप्यापि सुमहाबाहुः किं करिष्यति राघवः॥ "
"अवकाशः न साम्नः तु राक्षसेषु अभिगम्यते न दानस्य न भेदस्य न एव युद्धस्य दृश्यते .","अवकाशः भेदस्य न एव युद्धस्य दृश्यते . न साम्नः तु राक्षसेषु अभिगम्यते न दानस्य न","अवकाशो न साम्नस्तु राक्षसेष्वभिगम्यते।#न दानस्य न भेदस्य नैव युद्धस्य दृश्यते॥"
"चतुर्णाम् एव हि गतिः वानराणाम् तरस्विनाम् वालि-पुत्रस्य नीलस्य मम राज्ञः च धीमतः (अस्ति)","चतुर्णाम् राज्ञः च धीमतः (अस्ति) एव हि गतिः वानराणाम् तरस्विनाम् वालि-पुत्रस्य नीलस्य मम","चतुर्णामेव हि गतिर्वानराणां तरस्विनाम्।#वालिपुत्रस्य नीलस्य मम राज्ञश्च धीमतः॥"
"यावत् जानामि वैदेहीम् यदि जीवति वा न वा तत्र एव चिन्तयिष्यामि दृष्ट्वा ताम् जनक-आत्मजाम्","यावत् एव चिन्तयिष्यामि दृष्ट्वा ताम् जनक-आत्मजाम् जानामि वैदेहीम् यदि जीवति वा न वा तत्र","यावज्जानामि वैदेहीं यदि जीवति वा न वा।#तत्रैव चिन्तयिष्यामि दृष्ट्वा तां जनकात्मजाम्॥"
"ततः सः चिन्तयामास मुहूर्तम् कपि-कुञ्जरः गिरेः शृङ्गे स्थितः तस्मिन् रामस्य अभ्युदयम् ततः .","ततः रामस्य अभ्युदयम् ततः . सः चिन्तयामास मुहूर्तम् कपि-कुञ्जरः गिरेः शृङ्गे स्थितः तस्मिन्","ततः स चिन्तयामास मुहूर्तं कपिकुञ्जरः।#गिरेः शृङ्गे स्थितस्तस्मिन् रामस्याभ्युदयं ततः॥ "
"अनेन रूपेण मया न शक्या रक्षसाम् पुरी प्रवेष्टुम् राक्षसैः गुप्ता क्रूरैः बल-समन्वितैः","अनेन गुप्ता क्रूरैः बल-समन्वितैः रूपेण मया न शक्या रक्षसाम् पुरी प्रवेष्टुम् राक्षसैः","अनेन रूपेण मया न शक्या रक्षसां पुरी।#प्रवेष्टुं राक्षसैर्गुप्ता क्रूरैर्बलसमन्वितैः॥ "
"महा-ओजसः महा-वीर्याः बलवन्तः च राक्षसाः वञ्चनीयाः मया सर्वे जानकीम् परिमार्गता .","महा-ओजसः परिमार्गता . महा-वीर्याः बलवन्तः च राक्षसाः वञ्चनीयाः मया सर्वे जानकीम्","महौजसो महावीर्या बलवन्तश्च राक्षसाः।#वञ्चनीया मया सर्वे जानकीं परिमार्गता॥"
"लक्ष्य-अलक्ष्येण रूपेण रात्रौ लङ्का-पुरी मया प्राप्त-कालम् प्रवेष्टुम् मे कृत्यम् साधयितुम् महत् (शक्या)","लक्ष्य-अलक्ष्येण साधयितुम् महत् (शक्या) रूपेण रात्रौ लङ्का-पुरी मया प्राप्त-कालम् प्रवेष्टुम् मे कृत्यम्","लक्ष्यालक्ष्येण रूपेण रात्रौ लंकापुरी मया।#प्राप्तकालं प्रवेष्टुं मे कृत्यं साधयितुं महत्॥"
"ताम् पुरीम् तादृशीम् दृष्ट्वा दुरा-धर्षाम् सुर-असुरैः हनूमान् चिन्तयामास विनिःश्वस्य मुहुः मुहुः","ताम् मुहुः मुहुः पुरीम् तादृशीम् दृष्ट्वा दुरा-धर्षाम् सुर-असुरैः हनूमान् चिन्तयामास विनिःश्वस्य","तां पुरीं तादृशीं दृष्ट्वा दुराधर्षां सुरासुरैः।#हनूमांश्चिन्तयामास विनिःश्वस्य मुहुर्मुहुः॥"
"केन उपायेन पश्येयम् मैथिलीम् जनक-आत्मजाम् अदृष्टः राक्षस-इन्द्रेण रावणेन दुरा-आत्मना .","केन . उपायेन पश्येयम् मैथिलीम् जनक-आत्मजाम् अदृष्टः राक्षस-इन्द्रेण रावणेन दुरा-आत्मना","केनोपायेन पश्येयं मैथिलीं जनकात्मजाम्।#अदृष्टो राक्षसेन्द्रेण रावणेन दुरात्मना॥"
"न विनश्येत् कथम् कार्यम् रामस्य विदित-आत्मनः एकाम् एकः तु पश्येयम् रहिते जनक-आत्मजाम्","न पश्येयम् रहिते जनक-आत्मजाम् विनश्येत् कथम् कार्यम् रामस्य विदित-आत्मनः एकाम् एकः तु","न विनश्येत् कथं कार्यं रामस्य विदितात्मनः।#एकामेकस्तु पश्येयं रहिते जनकात्मजाम्॥"
"भूताः च अर्थाः विनश्यन्ति देश-काल-विरोधिताः विक्लवम् दूतम् आसाद्य तमः सूर्य-उदये यथा .","भूताः सूर्य-उदये यथा . च अर्थाः विनश्यन्ति देश-काल-विरोधिताः विक्लवम् दूतम् आसाद्य तमः","भूताश्चार्था विनश्यन्ति देशकालविरोधिताः।#विक्लवं दूतमासाद्य तमः सूर्योदये यथा॥"
"अर्थ-अनर्थ-अन्तरे बुद्धिः निश्चिता अपि न शोभते घातयन्ति इह कार्याणि दूताः पण्डितमानिनः","अर्थ-अनर्थ-अन्तरे दूताः पण्डितमानिनः बुद्धिः निश्चिता अपि न शोभते घातयन्ति इह कार्याणि","अर्थानर्थान्तरे बुद्धिर्निश्चितापि न शोभते।#घातयन्तीह कार्याणि दूताः पण्डितमानिनः॥"
"न विनश्येत् कथम् कार्यम् वैक्लव्यम् न कथम् भवेत् लङ्घनम् च समुद्रस्य कथम् नु न भवेत् वृथा","न च समुद्रस्य कथम् नु न भवेत् वृथा विनश्येत् कथम् कार्यम् वैक्लव्यम् न कथम् भवेत् लङ्घनम्","न विनश्येत् कथं कार्यं वैक्लव्यं न कथं भवेत्।#लङ्घनं च समुद्रस्य कथं नु न भवेद् वृथा॥"
"मयि दृष्टे तु रक्षोभिः रामस्य विदित-आत्मनः भवेत् व्यर्थम् इदम् कार्यम् रावण-अनर्थम् इच्छतः .","मयि कार्यम् रावण-अनर्थम् इच्छतः . दृष्टे तु रक्षोभिः रामस्य विदित-आत्मनः भवेत् व्यर्थम् इदम्","मयि दृष्टे तु रक्षोभी रामस्य विदितात्मनः।#भवेद् व्यर्थमिदं कार्यं रावणानर्थमिच्छतः॥ "
"न हि शक्यम् क्वचित् स्थातुम् अ-विज्ञातेन राक्षसैः अपि राक्षस-रूपेण किमुत अन्येन केनचित् (मया) (वा)","न किमुत अन्येन केनचित् (मया) (वा) हि शक्यम् क्वचित् स्थातुम् अ-विज्ञातेन राक्षसैः अपि राक्षस-रूपेण","नहि शक्यं क्वचित् स्थातुमविज्ञातेन राक्षसैः।#अपि राक्षसरूपेण किमुतान्येन केनचित्॥"
"वायुः अपि अत्र न अ-ज्ञातः चरेत् इति मतिः मम न हि अत्र अविदितम् किञ्चित् रक्षसाम् भीम-कर्मणाम्","वायुः न हि अत्र अविदितम् किञ्चित् रक्षसाम् भीम-कर्मणाम् अपि अत्र न अ-ज्ञातः चरेत् इति मतिः मम","वायुरप्यत्र नाज्ञातश्चरेदिति मतिर्मम।#नह्यत्राविदितं किंचिद् रक्षसां भीमकर्मणाम्॥"
"इह अहम् यदि तिष्ठामि स्वेन रूपेण संवृतः विनाशम् उपयास्यामि भर्तुः अर्थः च हास्यति (तर्हि)","इह भर्तुः अर्थः च हास्यति (तर्हि) अहम् यदि तिष्ठामि स्वेन रूपेण संवृतः विनाशम् उपयास्यामि","इहाहं यदि तिष्ठामि स्वेन रूपेण संवृतः।#विनाशमुपयास्यामि भर्तुरर्थश्च हास्यति॥ "
"तत् अहम् स्वेन रूपेण रजन्याम् ह्रस्वताम् गतः लङ्काम् अभिपतिष्यामि राघवस्य अर्थ-सिद्धये","तत् राघवस्य अर्थ-सिद्धये अहम् स्वेन रूपेण रजन्याम् ह्रस्वताम् गतः लङ्काम् अभिपतिष्यामि","तदहं स्वेन रूपेण रजन्यां ह्रस्वतां गतः।#लंकामभिपतिष्यामि राघवस्यार्थसिद्धये॥"
"रावणस्य पुरीम् रात्रौ प्रविश्य सुदुर्-आसदाम् प्रविश्य भवनम् सर्वम् द्रक्ष्यामि जनक-आत्मजाम्","रावणस्य जनक-आत्मजाम् पुरीम् रात्रौ प्रविश्य सुदुर्-आसदाम् प्रविश्य भवनम् सर्वम् द्रक्ष्यामि","रावणस्य पुरीं रात्रौ प्रविश्य सुदुरासदाम्।#प्रविश्य भवनं सर्वं द्रक्ष्यामि जनकात्मजाम्॥"
"इति निश्चित्य हनुमान् सूर्यस्य अस्तम् कपिः आचकाङ्क्षे तदा वीरः वैदेह्याः दर्शन-उत्सुकः अयम्","इति वैदेह्याः दर्शन-उत्सुकः अयम् निश्चित्य हनुमान् सूर्यस्य अस्तम् कपिः आचकाङ्क्षे तदा वीरः","इति निश्चित्य हनुमान् सूर्यस्यास्तमयं कपिः।#आचकाङ्क्षे तदा वीरो वैदेह्या दर्शनोत्सुकः॥"
"सूर्ये च अस्तम् गते रात्रौ देहम् सङ्क्षिप्य मारुतिः वृषदंशकमात्रः अथ बभूव अद्भुत-दर्शनः","सूर्ये अथ बभूव अद्भुत-दर्शनः च अस्तम् गते रात्रौ देहम् सङ्क्षिप्य मारुतिः वृषदंशकमात्रः","सूर्ये चास्तं गते रात्रौ देहं संक्षिप्य मारुतिः।#वृषदंशकमात्रोऽथ बभूवाद्भुतदर्शनः॥"
"प्रदोष-काले हनुमान् तूर्णम् उत्पत्य वीर्यवान् प्रविवेश पुरीम् रम्याम् प्रविभक्त-महा-पथाम् .","प्रदोष-काले . हनुमान् तूर्णम् उत्पत्य वीर्यवान् प्रविवेश पुरीम् रम्याम् प्रविभक्त-महा-पथाम्","प्रदोषकाले हनुमांस्तूर्णमुत्पत्य वीर्यवान्।#प्रविवेश पुरीं रम्यां प्रविभक्तमहापथाम्॥"
"प्रासाद-माला-वितताम् स्तम्भैः काञ्चन-सन्निभैः शात-कुम्भ-निभैः जालैः गन्धर्व-नगर-उपमाम् सप्त-भौम-अष्ट-भौमैः च सः ददर्श महा-पुरीम् स्थलैः स्फटिक-सङ्कीर्णैः कार्तस्वर-विभूषितैः तैः तैः शुशुभिरे तानि भवनानि अत्र रक्षसाम्","प्रासाद-माला-वितताम् ददर्श महा-पुरीम् स्थलैः स्फटिक-सङ्कीर्णैः कार्तस्वर-विभूषितैः तैः तैः शुशुभिरे तानि भवनानि स्तम्भैः अत्र रक्षसाम् काञ्चन-सन्निभैः शात-कुम्भ-निभैः जालैः गन्धर्व-नगर-उपमाम् सप्त-भौम-अष्ट-भौमैः च सः","प्रासादमालाविततां स्तम्भैः काञ्चनसंनिभैः।शातकुम्भनिभैर्जालैर्गन्धर्वनगरोपमाम्॥#सप्तभौमाष्टभौमैश्च स ददर्श महापुरीम्।तलैः स्फटिकसंकीर्णैः कार्तस्वरविभूषितैः॥ तैस्तैः शुशुभिरे तानि भवनान्यत्र रक्षसाम्॥"
"काञ्चनानि विचित्राणि तोरणानि च रक्षसाम् लङ्काम् उद्योतयामासुः सर्वतः समलङ्कृताम्","काञ्चनानि विचित्राणि तोरणानि च रक्षसाम् लङ्काम् उद्योतयामासुः सर्वतः समलङ्कृताम्","काञ्चनानि विचित्राणि तोरणानि च रक्षसाम्।#लंकामुद्योतयामासुः सर्वतः समलंकृताम्॥"
"अचिन्त्याम् अद्भुत-आकाराम् दृष्ट्वा लङ्काम् महा-कपिः आसीत् विषण्णः हृष्टः च वैदेह्याः दर्शन-उत्सुकः","अचिन्त्याम् वैदेह्याः दर्शन-उत्सुकः अद्भुत-आकाराम् दृष्ट्वा लङ्काम् महा-कपिः आसीत् विषण्णः हृष्टः च","अचिन्त्यामद्भुताकारां दृष्ट्वा लंकां महाकपिः।#आसीद् विषण्णो हृष्टश्च वैदेह्या दर्शनोत्सुकः॥"
"स-पाण्डुर-आविद्ध-विमान-मालिनीम् महा-अर्ह-जाम्बूनद-जाल-तोरणाम् यशस्विनीम् रावण-बाहु-पालिताम् क्षपा-चरैः भीम-बलैः सुपालिताम् (प्रविवेश)","स-पाण्डुर-आविद्ध-विमान-मालिनीम् महा-अर्ह-जाम्बूनद-जाल-तोरणाम् यशस्विनीम् रावण-बाहु-पालिताम् क्षपा-चरैः भीम-बलैः सुपालिताम् (प्रविवेश)","स पाण्डुराविद्धविमानमालिनींमहार्हजाम्बूनदजालतोरणाम्।#यशस्विनीं रावणबाहुपालितां क्षपाचरैर्भीमबलैः सुपालिताम्॥"
"चन्द्रः अपि साचिव्यम् इव अस्य कुर्वन् तारा-गणैः मध्य-गतः विराजन् ज्योत्स्ना-वितानेन वितत्य लोकान् उत्तिष्ठते अनेक-सहस्र-रश्मिः","चन्द्रः ज्योत्स्ना-वितानेन वितत्य लोकान् उत्तिष्ठते अनेक-सहस्र-रश्मिः अपि साचिव्यम् इव अस्य कुर्वन् तारा-गणैः मध्य-गतः विराजन्","चन्द्रोऽपि साचिव्यमिवास्य कुर्वंस्तारागणैर्मध्यगतो विराजन्।#ज्योत्स्नावितानेन वितत्य लोकानुत्तिष्ठतेऽनेकसहस्ररश्मिः॥"
"शङ्ख-प्रभम् क्षीर-मृणाल-वर्णम् उद्गच्छमानम् व्यवभासमानम् ददर्श चन्द्रम् सः कपि-प्रवीरः पोप्लूयमानम् सरसि इव हंसम् .","शङ्ख-प्रभम् सरसि इव हंसम् . क्षीर-मृणाल-वर्णम् उद्गच्छमानम् व्यवभासमानम् ददर्श चन्द्रम् सः कपि-प्रवीरः पोप्लूयमानम्","शङ्खप्रभं क्षीरमृणालवर्णमुद‍्गच्छमानं व्यवभासमानम्।#ददर्श चन्द्रं स कपिप्रवीरः पोप्लूयमानं सरसीव हंसम्॥"
"सः ताम् परिवृताम् दीनाम् निरानन्दाम् तपस्विनीम् साकारैः मधुरैः वाक्यैः न्यदर्शयत रावणः .","सः न्यदर्शयत रावणः . ताम् परिवृताम् दीनाम् निरानन्दाम् तपस्विनीम् साकारैः मधुरैः वाक्यैः","स तां परिवृतां दीनां निरानन्दां तपस्विनीम्। साकारैर्मधुरैर्वाक्यैर्न्यदर्शयत रावणः॥"
"माम् दृष्ट्वा नागनासोरु गूहमाना स्तन-उदरम् अदर्शनम् इव आत्मानम् भयात् नेतुम् त्वम् इच्छसि .","माम् नेतुम् त्वम् इच्छसि . दृष्ट्वा नागनासोरु गूहमाना स्तन-उदरम् अदर्शनम् इव आत्मानम् भयात्","मां दृष्ट्वा नागनासोरु गूहमाना स्तनोदरम्। अदर्शनमिवात्मानं भयान्नेतुं त्वमिच्छसि॥"
"कामये त्वाम् विशालाक्षि बहु मन्यस्व माम् प्रिये सर्वाङ्ग-गुण-सम्पन्ने सर्व-लोक-मनोहरे .","कामये . त्वाम् विशालाक्षि बहु मन्यस्व माम् प्रिये सर्वाङ्ग-गुण-सम्पन्ने सर्व-लोक-मनोहरे","कामये त्वां विशालाक्षि बहु मन्यस्व मां प्रिये। सर्वांगगुणसम्पन्ने सर्वलोकमनोहरे॥"
"न इह किञ्चित् मनुष्याः वा राक्षसाः काम-रूपिणः व्यपसर्पतु ते सीते भयम् मत्तः समुत्थितम् (सन्ति)","न सीते भयम् मत्तः समुत्थितम् (सन्ति) इह किञ्चित् मनुष्याः वा राक्षसाः काम-रूपिणः व्यपसर्पतु ते","नेह किञ्चिन्मनुष्या वा राक्षसाः कामरूपिणः। व्यपसर्पतु ते सीते भयं मत्तः समुत्थितम्॥"
"स्व-धर्मः रक्षसाम् भीरु सर्वदा एव न संशयः गमनम् वा पर-स्त्रीणाम् हरणम् सम्प्रमथ्य वा (अस्ति)","स्व-धर्मः पर-स्त्रीणाम् हरणम् सम्प्रमथ्य वा (अस्ति) रक्षसाम् भीरु सर्वदा एव न संशयः गमनम् वा","स्वधर्मो रक्षसां भीरु सर्वदैव न संशयः। गमनं वा परस्त्रीणां हरणं सम्प्रमथ्य वा ।।"
"एवञ्च एवम् अकामाम् त्वाम् न च स्प्रक्ष्यामि मैथिलि कामम् कामः शरीरे मे यथाकामम् प्रवर्तताम् .","एवञ्च कामः शरीरे मे यथाकामम् प्रवर्तताम् . एवम् अकामाम् त्वाम् न च स्प्रक्ष्यामि मैथिलि कामम्","एवं चैवमकामां त्वां न च स्प्रक्ष्यामि मैथिलि। कामं कामः शरीरे मे यथाकामं प्रवर्तताम्॥"
"देवि न इह भयम् कार्यम् मयि विश्वसिहि प्रिये प्रणयस्व च तत्त्वेन मा एवम् भूः शोक-लालसा (त्वम्)","देवि च तत्त्वेन मा एवम् भूः शोक-लालसा (त्वम्) न इह भयम् कार्यम् मयि विश्वसिहि प्रिये प्रणयस्व","देवि नेह भयं कार्यं मयि विश्वसिहि प्रिये। प्रणयस्व च तत्त्वेन मैवं भूः शोकलालसा॥"
"एक-वेणी अधः-शय्या ध्यानम् मलिनम् अम्बरम् अस्थाने अपि उपवासः च ते एतानि औपयिकानि न","एक-वेणी ते एतानि औपयिकानि न अधः-शय्या ध्यानम् मलिनम् अम्बरम् अस्थाने अपि उपवासः च","एकवेणी अधःशय्या ध्यानं मलिनमम्बरम्। अस्थानेऽप्युपवासश्च नैतान्यौपयिकानि ते॥"
"विचित्राणि च माल्यानि चन्दनानि अगुरूणि च विविधानि च वासांसि दिव्यानि आभरणानि च महा-अर्हाणि च पानानि शयनानि आसनानि च गीतम् नृत्यम् च वाद्यम् च लभ माम् प्राप्य मैथिलि .","विचित्राणि दिव्यानि आभरणानि च महा-अर्हाणि च पानानि शयनानि आसनानि च गीतम् च नृत्यम् च वाद्यम् च लभ माम् प्राप्य मैथिलि . माल्यानि चन्दनानि अगुरूणि च विविधानि च वासांसि","विचित्राणि च माल्यानि चन्दनान्यगुरूणि च। विविधानि च वासांसि दिव्यान्याभरणानि च ।।  महार्हाणि च पानानि शयनान्यासनानि च। गीतं नृत्यं च वाद्यं च लभ मां प्राप्य मैथिलि॥"
"स्त्री-रत्नम् असि मा एवम् भूः कुरु गात्रेषु भूषणम् माम् प्राप्य हि कथम् वा स्याः त्वम् अन्-अर्हा सुविग्रहे .","स्त्री-रत्नम् प्राप्य हि कथम् वा स्याः त्वम् अन्-अर्हा सुविग्रहे . असि मा एवम् भूः कुरु गात्रेषु भूषणम् माम्","स्त्रीरत्नमसि मैवं भूः कुरु गात्रेषु भूषणम्। मां प्राप्य हि कथं वा स्यास्त्वमनर्हा सुविग्रहे॥"
"इदम् ते चारुसञ्जातम् यौवनम् हि अतिवर्तते यत् अतीतम् पुनः न एति स्रोतः स्रोतस्विनाम् इव .","इदम् न एति स्रोतः स्रोतस्विनाम् इव . ते चारुसञ्जातम् यौवनम् हि अतिवर्तते यत् अतीतम् पुनः","इदं ते चारु संजातं यौवनं ह्यतिवर्तते। यदतीतं पुनर्नैति स्रोतः स्रोतस्विनामिव॥"
"त्वाम् कृत्वा उपरतः मन्ये रूप-कर्ता सः विश्व-कृत् न हि रूप-उपमा हि अन्या तव अस्ति शुभ-दर्शने (इति)","त्वाम् रूप-उपमा हि अन्या तव अस्ति शुभ-दर्शने (इति) कृत्वा उपरतः मन्ये रूप-कर्ता सः विश्व-कृत् न हि","त्वां कृत्वोपरतो मन्ये रूपकर्ता स विश्वकृत्। नहि रूपोपमा ह्यन्या तवास्ति शुभदर्शने॥"
"त्वाम् समासाद्य वैदेहि रूप-यौवन-शालिनीम् कः पुनः न अतिवर्तेत साक्षात् अपि पितामहः (भवतु)","त्वाम् अपि पितामहः (भवतु) समासाद्य वैदेहि रूप-यौवन-शालिनीम् कः पुनः न अतिवर्तेत साक्षात्","त्वां समासाद्य वैदेहि रूपयौवनशालिनीम्। कः पुनर्नातिवर्तेत साक्षादपि पितामहः॥"
"यत् यत् पश्यामि ते गात्रम् शीतांशु-सदृश-आनने तस्मिन् तस्मिन् पृथु-श्रोणि चक्षुः मम निबध्यते भव मैथिलि भार्या मे मोहम् एतम् विसर्जय बह्वीनाम् उत्तम-स्त्रीणाम् मम अग्र-महिषी भव .","यत् चक्षुः मम निबध्यते भव मैथिलि भार्या मे मोहम् एतम् विसर्जय यत् बह्वीनाम् उत्तम-स्त्रीणाम् मम अग्र-महिषी भव . पश्यामि ते गात्रम् शीतांशु-सदृश-आनने तस्मिन् तस्मिन् पृथु-श्रोणि","यद् यत् पश्यामि ते गात्रं शीतांशुसदृशानने। तस्मिंस्तस्मिन् पृथुश्रोणि चक्षुर्मम निबध्यते ।।  भव मैथिलि भार्या मे मोहमेतं विसर्जय। बह्वीनामुत्तमस्त्रीणां ममाग्रमहिषी भव॥"
"लोकेभ्यः यानि रत्नानि सम्प्रमथ्य आहृतानि मे तानि ते भीरु सर्वाणि राज्यम् च एव ददामि ते .","लोकेभ्यः सर्वाणि राज्यम् च एव ददामि ते . यानि रत्नानि सम्प्रमथ्य आहृतानि मे तानि ते भीरु","लोकेभ्यो यानि रत्नानि सम्प्रमथ्याहृतानि मे। तानि ते भीरु सर्वाणि राज्यं चैव ददामि ते॥"
"विजित्य पृथिवीम् सर्वाम् नाना-नगर-मालिनीम् जनकाय प्रदास्यामि तव हेतोः विलासिनि .","विजित्य . पृथिवीम् सर्वाम् नाना-नगर-मालिनीम् जनकाय प्रदास्यामि तव हेतोः विलासिनि","विजित्य पृथिवीं सर्वां नानानगरमालिनीम्। जनकाय प्रदास्यामि तव हेतोर्विलासिनि॥"
"न इह पश्यामि लोके अन्यम् यः मे प्रतिबलः भवेत् पश्य मे सुमहत्-वीर्यम् अ-प्रतिद्वन्द्वम् आहवे .","न पश्य मे सुमहत्-वीर्यम् अ-प्रतिद्वन्द्वम् आहवे . इह पश्यामि लोके अन्यम् यः मे प्रतिबलः भवेत्","नेह पश्यामि लोकेऽन्यं यो मे प्रतिबलो भवेत्। पश्य मे सुमहद्वीर्यमप्रतिद्वन्द्वमाहवे॥"
"असकृत् संयुगे भग्नाः मया विमृदित-ध्वजाः अशक्ताः प्रत्यनीकेषु स्थातुम् मम सुर-असुराः (अभवन्) .","असकृत् सुर-असुराः (अभवन्) . संयुगे भग्नाः मया विमृदित-ध्वजाः अशक्ताः प्रत्यनीकेषु स्थातुम् मम","असकृत् संयुगे भग्ना मया विमृदितध्वजाः। अशक्ताः प्रत्यनीकेषु स्थातुं मम सुरासुराः॥"
"इच्छ माम् क्रियताम् अद्य प्रतिकर्म तव उत्तमम् सुप्रभाणि अवसज्जन्ताम् तव अङ्गे भूषणानि हि साधु पश्यामि ते रूपम् सुयुक्तम् प्रतिकर्मणा प्रतिकर्म-अभिसंयुक्ताः दाक्षिण्येन वर-आनने (भव)","इच्छ तव अङ्गे भूषणानि हि साधु पश्यामि ते रूपम् सुयुक्तम् प्रतिकर्मणा माम् प्रतिकर्म-अभिसंयुक्ताः दाक्षिण्येन वर-आनने (भव) क्रियताम् अद्य प्रतिकर्म तव उत्तमम् सुप्रभाणि अवसज्जन्ताम्","इच्छ मां क्रियतामद्य प्रतिकर्म तवोत्तमम्। सुप्रभाण्यवसज्जन्तां तवांगे भूषणानि हि ।।  साधु पश्यामि ते रूपं सुयुक्तं प्रतिकर्मणा। प्रतिकर्माभिसंयुक्ता दाक्षिण्येन वरानने॥"
"भुङ्क्ष्व भोगान् यथाकामम् पिब भीरु रमस्व च यथेष्टम् च प्रयच्छ त्वम् पृथिवीम् वा धनानि च .","भुङ्क्ष्व प्रयच्छ त्वम् पृथिवीम् वा धनानि च . भोगान् यथाकामम् पिब भीरु रमस्व च यथेष्टम् च","भुङ्क्ष्व भोगान् यथाकामं पिब भीरु रमस्व च। यथेष्टं च प्रयच्छ त्वं पृथिवीं वा धनानि च॥"
"ललस्व मयि विस्रब्धा धृष्टम् आज्ञापयस्व च मत्-प्रासादात् ललन्त्याः च ललताम् बान्धवः तव ऋद्धिम् मम अनुपश्य त्वम् श्रियम् भद्रे यशस्विनि किम् करिष्यसि रामेण सुभगे चीर-वासिना .","ललस्व ललताम् बान्धवः तव ऋद्धिम् मम अनुपश्य त्वम् श्रियम् भद्रे यशस्विनि मयि किम् करिष्यसि रामेण सुभगे चीर-वासिना . विस्रब्धा धृष्टम् आज्ञापयस्व च मत्-प्रासादात् ललन्त्याः च","ललस्व मयि विस्रब्धा धृष्टमाज्ञापयस्व च। मत्प्रासादाल्ललन्त्याश्च ललतां बान्धवस्तव ।। ऋद्धिं ममानुपश्य त्वं श्रियं भद्रे यशस्विनि। किं करिष्यसि रामेण सुभगे चीरवासिना॥"
"निक्षिप्त-विजयः रामः गत-श्रीः वन-गोचरः व्रती स्थण्डिल-शायी च शङ्के जीवति वा न वा (इति)","निक्षिप्त-विजयः वा न वा (इति) रामः गत-श्रीः वन-गोचरः व्रती स्थण्डिल-शायी च शङ्के जीवति","निक्षिप्तविजयो रामो गतश्रीर्वनगोचरः। व्रती स्थण्डिलशायी च शंके जीवति वा न वा॥"
"न हि वैदेहि रामः त्वाम् द्रष्टुम् वापि उपलभ्यते पुरः-बलाकैः असितैः मेघैः ज्योत्स्नाम् इव आवृताम् .","न असितैः मेघैः ज्योत्स्नाम् इव आवृताम् . हि वैदेहि रामः त्वाम् द्रष्टुम् वापि उपलभ्यते पुरः-बलाकैः","नहि वैदेहि रामस्त्वां द्रष्टुं वाप्युपलभ्यते। पुरोबलाकैरसितैर्मेघैर्ज्योत्स्नामिवावृताम्॥"
"न च अपि मम हस्तात् त्वाम् प्राप्तुम् अर्हति राघवः हिरण्यकशिपुः कीर्तिम् इन्द्र-हस्त-गताम् इव चारुस्मिते चारुदति चारु-नेत्रे विलासिनि मनः हरसि मे भीरु सुपर्णः पन्नगम् यथा .","न हिरण्यकशिपुः कीर्तिम् इन्द्र-हस्त-गताम् इव चारुस्मिते चारुदति चारु-नेत्रे विलासिनि मनः हरसि च मे भीरु सुपर्णः पन्नगम् यथा . अपि मम हस्तात् त्वाम् प्राप्तुम् अर्हति राघवः","न चापि मम हस्तात् त्वां प्राप्तुमर्हति राघवः। हिरण्यकशिपुः कीर्तिमिन्द्रहस्तगतामिव ।। चारुस्मिते चारुदति चारुनेत्रे विलासिनि। मनो हरसि मे भीरु सुपर्णः पन्नगं यथा॥"
"क्लिष्ट-कौशेय-वसनाम् तन्वीम् अपि अन्-अलङ्कृताम् त्वाम् दृष्ट्वा स्वेषु दारेषु रतिम् न उपलभामि अहम् .","क्लिष्ट-कौशेय-वसनाम् न उपलभामि अहम् . तन्वीम् अपि अन्-अलङ्कृताम् त्वाम् दृष्ट्वा स्वेषु दारेषु रतिम्","क्लिष्टकौशेयवसनां तन्वीमप्यनलंकृताम्। त्वां दृष्ट्वा स्वेषु दारेषु रतिं नोपलभाम्यहम्॥"
"अन्तःपुर-निवासिन्यः स्त्रियः सर्वगुण-अन्विताः यावत्यः मम सर्वासाम् ऐश्वर्यम् कुरु जानकि मम हि असित-केशान्ते त्रैलोक्य-प्रवर-स्त्रियः ताः त्वाम् परिचरिष्यन्ति श्रियम् अप्सरसः यथा .","अन्तःपुर-निवासिन्यः मम हि असित-केशान्ते त्रैलोक्य-प्रवर-स्त्रियः ताः त्वाम् परिचरिष्यन्ति श्रियम् अप्सरसः यथा स्त्रियः . सर्वगुण-अन्विताः यावत्यः मम सर्वासाम् ऐश्वर्यम् कुरु जानकि","अन्तःपुरनिवासिन्यः स्त्रियः सर्वगुणान्विताः। यावत्यो मम सर्वासामैश्वर्यं कुरु जानकि  ।। मम ह्यसितकेशान्ते त्रैलोक्यप्रवरस्त्रियः। तास्त्वां परिचरिष्यन्ति श्रियमप्सरसो यथा॥"
"यानि वैश्रवणे सुभ्रु रत्नानि च धनानि च तानि लोकान् च सुश्रोणि मया भुङ्क्ष्व यथासुखम् न रामः तपसा देवि न बलेन च विक्रमैः न धनेन मया तुल्यः तेजसा यशसा अपि वा (सन्ति)","यानि च सुश्रोणि मया भुङ्क्ष्व यथासुखम् न रामः तपसा देवि न वैश्रवणे बलेन च विक्रमैः न धनेन मया तुल्यः तेजसा यशसा अपि सुभ्रु वा (सन्ति) रत्नानि च धनानि च तानि लोकान्","यानि वैश्रवणे सुभ्रु रत्नानि च धनानि च। तानि लोकांश्च सुश्रोणि मया भुङ्क्ष्व यथासुखम् ।। न रामस्तपसा देवि न बलेन च विक्रमैः। न धनेन मया तुल्यस्तेजसा यशसापि वा॥"
"पिब विहर रमस्व भुङ्क्ष्व भोगान् धन-निचयम् प्रदिशामि मेदिनीम् च मयि लल ललने यथासुखम् त्वम् त्वयि च समेत्य ललन्तु बान्धवाः ते .","पिब मयि लल ललने यथासुखम् त्वम् त्वयि च समेत्य ललन्तु बान्धवाः विहर ते . रमस्व भुङ्क्ष्व भोगान् धन-निचयम् प्रदिशामि मेदिनीम् च","पिब विहर रमस्व भुङ्क्ष्व भोगान् धननिचयं प्रदिशामि मेदिनीं च। मयि लल ललने यथासुखं त्वं त्वयि च समेत्य ललन्तु बान्धवास्ते॥"
"कुसुमित-तरुजाल-सन्ततानि भ्रमर-युतानि समुद्र-तीरजानि कनक-विमलहार-भूषित-अङ्गी विहर मया सह भीरु काननानि .","कुसुमित-तरुजाल-सन्ततानि . भ्रमर-युतानि समुद्र-तीरजानि कनक-विमलहार-भूषित-अङ्गी विहर मया सह भीरु काननानि","कुसुमिततरुजालसंततानि भ्रमरयुतानि समुद्रतीरजानि। कनकविमलहारभूषितांगी विहर मया सह भीरु काननानि॥"
"तस्य तत् वचनम् श्रुत्वा सीता रौद्रस्य रक्षसः आर्ता दीन-स्वरा दीनम् प्रत्युवाच ततः शनैः","तस्य दीनम् प्रत्युवाच ततः शनैः तत् वचनम् श्रुत्वा सीता रौद्रस्य रक्षसः आर्ता दीन-स्वरा","तस्य तद् वचनं श्रुत्वा सीता रौद्रस्य रक्षसः। आर्ता दीनस्वरा दीनं प्रत्युवाच ततः शनैः॥ १॥"
"दुःख-आर्ता रुदती सीता वेपमाना तपस्विनी चिन्तयन्ती वरारोहा पतिम् एव पति-व्रता तृणम् अन्तरतः कृत्वा प्रत्युवाच शुचि-स्मिता","दुःख-आर्ता पति-व्रता तृणम् अन्तरतः कृत्वा प्रत्युवाच शुचि-स्मिता रुदती सीता वेपमाना तपस्विनी चिन्तयन्ती वरारोहा पतिम् एव","दुःखार्ता रुदती सीता वेपमाना तपस्विनी। चिन्तयन्ती वरारोहा पतिमेव पतिव्रता। तृणमन्तरतः कृत्वा प्रत्युवाच शुचिस्मिता॥"
"निवर्तय मनः मत्तः; स्व-जने प्रीयताम् मनः; न माम् प्रार्थयितुम् युक्तः त्वम् सिद्धिम् इव पाप-कृत्","निवर्तय मनः मत्तः; स्व-जने प्रीयताम् मनः; न माम् प्रार्थयितुम् युक्तः त्वम् सिद्धिम् इव पाप-कृत्","निवर्तय मनो मत्तः # स्वजने प्रीयतां मनः॥ #  न मां प्रार्थयितुं युक्तस्त्वं सिद्धिमिव पापकृत्।"
"अकार्यम् न मया कार्यम् एक-पत्न्या विगर्हितम् कुलम् सम्प्राप्तया पुण्यम् कुले महति जातया","अकार्यम् कुले महति जातया न मया कार्यम् एक-पत्न्या विगर्हितम् कुलम् सम्प्राप्तया पुण्यम्","अकार्यं न मया कार्यमेकपत्न्या विगर्हितम् । कुलं सम्प्राप्तया पुण्यं कुले महति जातया।"
"एवम् उक्त्वा तु वैदेही रावणम् तम् यशस्विनी रावणम् पृष्ठतः कृत्वा भूयः वचनम् अब्रवीत्","एवम् कृत्वा भूयः वचनम् अब्रवीत् उक्त्वा तु वैदेही रावणम् तम् यशस्विनी रावणम् पृष्ठतः","एवमुक्त्वा तु वैदेही रावणं तं यशस्विनी। रावणं पृष्ठतः कृत्वा भूयो वचनमब्रवीत्।"
"न अहम् औपयिकी भार्या पर-भार्या सती तव अस्मि; साधु धर्मम् अवेक्षस्व साधु; साधु-व्रतम् चर","न अहम् औपयिकी भार्या पर-भार्या सती तव अस्मि; साधु धर्मम् अवेक्षस्व साधु; साधु-व्रतम् चर","नाहमौपयिकी भार्या परभार्या सती तव।# साधु धर्ममवेक्षस्व साधु# साधुव्रतं चर।"
"यथा तव तथा अन्येषाम् रक्ष्याः दाराः रक्ष्याः; निशाचर आत्मानम् उपमाम् कृत्वा स्वेषु दारेषु रम्यताम्","यथा तव तथा अन्येषाम् रक्ष्याः दाराः रक्ष्याः; निशाचर आत्मानम् उपमाम् कृत्वा स्वेषु दारेषु रम्यताम्","यथा तव तथान्येषां रक्ष्या दारा# निशाचर। आत्मानमुपमां कृत्वा स्वेषु दारेषु रम्यताम्।"
"अतुष्टम् स्वेषु दारेषु चपलम् चपल-इन्द्रियम् नयन्ति निकृति-प्रज्ञम् पर-दाराः पराभवम्","अतुष्टम् स्वेषु दारेषु चपलम् चपल-इन्द्रियम् नयन्ति निकृति-प्रज्ञम् पर-दाराः पराभवम्","अतुष्टं स्वेषु दारेषु चपलं चपलेन्द्रियम्। नयन्ति निकृतिप्रज्ञं परदाराः पराभवम्॥"
"इह सन्तः न वा सन्ति सतः वा न अनुवर्तसे यथा हि विपरीता ते बुद्धिः आचार-वर्जिता (अस्ति)","इह यथा हि विपरीता ते बुद्धिः आचार-वर्जिता (अस्ति) सन्तः न वा सन्ति सतः वा न अनुवर्तसे","इह सन्तो न वा सन्ति सतो वा नानुवर्तसे। यथा हि विपरीता ते बुद्धिराचारवर्जिता॥"
"वचः मिथ्या-प्रणीत-आत्मा पथ्यम् उक्तम् विचक्षणैः राक्षसानाम् अभावाय त्वम् वा न प्रतिपद्यसे","वचः न प्रतिपद्यसे मिथ्या-प्रणीत-आत्मा पथ्यम् उक्तम् विचक्षणैः राक्षसानाम् अभावाय त्वम् वा","वचो मिथ्याप्रणीतात्मा पथ्यमुक्तं विचक्षणैः। राक्षसानामभावाय त्वं वा न प्रतिपद्यसे॥"
"अकृत-आत्मानम् आसाद्य राजानम् अनये रतम् समृद्धानि विनश्यन्ति राष्ट्राणि नगराणि च; तथा एव त्वाम् समासाद्य लङ्का रत्न-ओघ-सङ्कुला अपराधात् तव एकस्य नचिरात् विनशिष्यति","अकृत-आत्मानम् च आसाद्य राजानम् अनये रतम् समृद्धानि विनश्यन्ति राष्ट्राणि नगराणि; तथा नचिरात् विनशिष्यति एव त्वाम् समासाद्य लङ्का रत्न-ओघ-सङ्कुला अपराधात् तव एकस्य","अकृतात्मानमासाद्य राजानमनये रतम्। समृद्धानि विनश्यन्ति राष्ट्राणि नगराणि च # तथैव त्वां समासाद्य लंका रत्नौघसंकुला। अपराधात् तवैकस्य नचिराद् विनशिष्यति॥"
"स्व-कृतैः हन्यमानस्य रावण अदीर्घ-दर्शिनः अभिनन्दन्ति भूतानि विनाशे पाप-कर्मणः","स्व-कृतैः हन्यमानस्य रावण अदीर्घ-दर्शिनः अभिनन्दन्ति भूतानि विनाशे पाप-कर्मणः","स्वकृतैर्हन्यमानस्य रावणादीर्घदर्शिनः। अभिनन्दन्ति भूतानि विनाशे पापकर्मणः॥"
"एवम् पाप-कर्माणम् त्वाम् निकृताः जनाः रौद्रः एतत् व्यसनम् प्राप्तः दिष्ट्या इति एव हर्षिताः वक्ष्यन्ति","एवम् दिष्ट्या इति एव हर्षिताः वक्ष्यन्ति पाप-कर्माणम् त्वाम् निकृताः जनाः रौद्रः एतत् व्यसनम् प्राप्तः","एवं त्वां पापकर्माणं वक्ष्यन्ति निकृता जनाः। दिष्ट्यैतद् व्यसनं प्राप्तो रौद्र इत्येव हर्षिताः॥"
"शक्या लोभयितुम् न अहम् ऐश्वर्येण धनेन वा; अनन्या राघवेण अहम् भास्करेण यथा प्रभा अस्मि","शक्या लोभयितुम् न अहम् ऐश्वर्येण धनेन वा; अनन्या राघवेण अहम् भास्करेण यथा प्रभा अस्मि","शक्या लोभयितुं नाहमैश्वर्येण धनेन वा।# अनन्या राघवेणाहं भास्करेण यथा प्रभा॥"
"उपधाय भुजम् तस्य लोक-नाथस्य सत्कृतम् कथम् नाम उपधास्यामि भुजम् अन्यस्य कस्यचित्","उपधाय अन्यस्य कस्यचित् भुजम् तस्य लोक-नाथस्य सत्कृतम् कथम् नाम उपधास्यामि भुजम्","उपधाय भुजं तस्य लोकनाथस्य सत्कृतम्। कथं नामोपधास्यामि भुजमन्यस्य कस्यचित्॥"
"अहम् औपयिकी भार्या तस्य एव च धरा-पतेः व्रत-स्नातस्य विद्या इव विप्रस्य विदित-आत्मनः (अस्मि)","अहम् इव विप्रस्य विदित-आत्मनः (अस्मि) औपयिकी भार्या तस्य एव च धरा-पतेः व्रत-स्नातस्य विद्या","अहमौपयिकी भार्या तस्यैव च धरापतेः। व्रतस्नातस्य विद्येव विप्रस्य विदितात्मनः॥"
"साधु (हे)रावण रामेण माम् समानय दुःखिताम् वने वासितया सार्धम् करेण्वा इव गज-अधिपम्","साधु करेण्वा इव गज-अधिपम् (हे)रावण रामेण माम् समानय दुःखिताम् वने वासितया सार्धम्","साधु रावण रामेण मां समानय दुःखिताम्। वने वासितया सार्धं करेण्वेव गजाधिपम्॥"
"मित्रम् औपयिकम् कर्तुम् रामः स्थानम् परीप्सता बन्धम् च अनिच्छता घोरम् त्वया असौ पुरुष-ऋषभः (योग्यः)","मित्रम् घोरम् त्वया असौ पुरुष-ऋषभः (योग्यः) औपयिकम् कर्तुम् रामः स्थानम् परीप्सता बन्धम् च अनिच्छता","मित्रमौपयिकं कर्तुं रामः स्थानं परीप्सता। बन्धं चानिच्छता घोरं त्वयासौ पुरुषर्षभः॥"
"विदितः सर्व-धर्म-ज्ञः शरण-आगत-वत्सलः (अस्ति) तेन मैत्री भवतु ते यदि जीवितुम् इच्छसि","विदितः जीवितुम् इच्छसि सर्व-धर्म-ज्ञः शरण-आगत-वत्सलः (अस्ति) तेन मैत्री भवतु ते यदि","विदितः सर्वधर्मज्ञः शरणागतवत्सलः। तेन मैत्री भवतु ते यदि जीवितुमिच्छसि॥"
"प्रसादयस्व त्वम् च एनम् शरण-आगत-वत्सलम्; माम् च अस्मै प्रयतः भूत्वा निर्यातयितुम् अर्हसि","प्रसादयस्व त्वम् च एनम् शरण-आगत-वत्सलम्; माम् च अस्मै प्रयतः भूत्वा निर्यातयितुम् अर्हसि","प्रसादयस्व त्वं चैनं शरणागतवत्सलम् #मां चास्मै प्रयतो भूत्वा निर्यातयितुमर्हसि॥"
"एवम् हि ते भवेत् स्वस्ति सम्प्रदाय रघु-उत्तमे अन्यथा त्वम् हि कुर्वाणः पराम् प्राप्स्यसि च आपदम्","एवम् हि कुर्वाणः पराम् प्राप्स्यसि च आपदम् हि ते भवेत् स्वस्ति सम्प्रदाय रघु-उत्तमे अन्यथा त्वम्","एवं हि ते भवेत् स्वस्ति सम्प्रदाय रघूत्तमे। अन्यथा त्वं हि कुर्वाणः परां प्राप्स्यसि चापदम्॥"
"वर्जयेत् वज्रम् उत्सृष्टम् वर्जयेत् अन्तकः चिरम् त्वत् विधम् न तु सङ्क्रुद्धः लोक-नाथः सः राघवः वर्जयेत्","वर्जयेत् तु सङ्क्रुद्धः लोक-नाथः सः राघवः वर्जयेत् वज्रम् उत्सृष्टम् वर्जयेत् अन्तकः चिरम् त्वत् विधम् न","वर्जयेद् वज्रमुत्सृष्टं वर्जयेदन्तकश्चिरम्। त्वद्विधं न तु संक्रुद्धो लोकनाथः स राघवः॥"
"रामस्य धनुषः शब्दम् श्रोष्यसि त्वम् महा-स्वनम् शतक्रतु-विसृष्टस्य निर्घोषम् अशनेः इव","रामस्य इव धनुषः शब्दम् श्रोष्यसि त्वम् महा-स्वनम् शतक्रतु-विसृष्टस्य निर्घोषम् अशनेः","रामस्य धनुषः शब्दं श्रोष्यसि त्वं महास्वनम्। शतक्रतुविसृष्टस्य निर्घोषमशनेरिव॥"
"इह शीघ्रम् सुपर्वाणः ज्वलित-आस्याः इव उरगाः इषवः निपतिष्यन्ति राम_लक्ष्मण-लक्षिताः","इह शीघ्रम् सुपर्वाणः ज्वलित-आस्याः इव उरगाः इषवः निपतिष्यन्ति राम_लक्ष्मण-लक्षिताः","इह शीघ्रं सुपर्वाणो ज्वलितास्या इवोरगाः। इषवो निपतिष्यन्ति रामलक्ष्मणलक्षिताः॥"
"रक्षांसि निहनिष्यन्तः पुर्याम् अस्याम् न संशयः अ-सम्पातम् करिष्यन्ति पतन्तः कङ्क-वाससः (इति)","रक्षांसि कङ्क-वाससः (इति) निहनिष्यन्तः पुर्याम् अस्याम् न संशयः अ-सम्पातम् करिष्यन्ति पतन्तः","रक्षांसि निहनिष्यन्तः पुर्यामस्यां न संशयः। असम्पातं करिष्यन्ति पतन्तः कङ्कवाससः॥"
"राक्षस-इन्द्र-महा-सर्पान् सः राम-गरुडः महान् उद्धरिष्यति वेगेन वैनतेयः इव उरगान्; अपनेष्यति माम् भर्ता त्वत्तः शीघ्रम् अरि-दमः असुरेभ्यः श्रियम् दीप्ताम् विष्णुः त्रिभिः इव क्रमैः","राक्षस-इन्द्र-महा-सर्पान् सः राम-गरुडः महान् उद्धरिष्यति वेगेन वैनतेयः इव उरगान्; दमः असुरेभ्यः श्रियम् दीप्ताम् विष्णुः त्रिभिः इव क्रमैः अपनेष्यति माम् भर्ता त्वत्तः शीघ्रम् अरि-","राक्षसेन्द्रमहासर्पान् स रामगरुडो महान्। उद्धरिष्यति वेगेन #वैनतेय इवोरगान्।  अपनेष्यति मां भर्ता त्वत्तः शीघ्रमरिंदमः। असुरेभ्यः श्रियं दीप्तां विष्णुस्त्रिभिरिव क्रमैः॥"
"जन-स्थाने हत-स्थाने निहते रक्षसाम् बले अशक्तेन त्वया रक्षः कृतम् एतत् असाधु वै","जन-स्थाने एतत् असाधु वै हत-स्थाने निहते रक्षसाम् बले अशक्तेन त्वया रक्षः कृतम्","जनस्थाने हतस्थाने निहते रक्षसां बले। अशक्तेन त्वया रक्षः कृतमेतदसाधु वै॥"
"आश्रमम् तत् तयोः शून्यम् प्रविश्य नरसिंहयोः गोचरम् गतयोः भ्रात्रोः अपनीता त्वया अधम","आश्रमम् अपनीता त्वया अधम तत् तयोः शून्यम् प्रविश्य नरसिंहयोः गोचरम् गतयोः भ्रात्रोः","आश्रमं तत्तयोः शून्यं प्रविश्य नरसिंहयोः। गोचरं गतयोर्भ्रात्रोरपनीता त्वयाधम॥"
"न हि गन्धम् उपाघ्राय राम_लक्ष्मणयोः त्वया शक्यम् सन्दर्शने स्थातुम् शुना शार्दूलयोः इव","न शुना शार्दूलयोः इव हि गन्धम् उपाघ्राय राम_लक्ष्मणयोः त्वया शक्यम् सन्दर्शने स्थातुम्","नहि गन्धमुपाघ्राय रामलक्ष्मणयोस्त्वया। शक्यं संदर्शने स्थातुं शुना शार्दूलयोरिव॥"
"तस्य ते विग्रहे ताभ्याम् युग-ग्रहणम् अस्थिरम् वृत्रस्य इव इन्द्र-बाहुभ्याम् बाहोः एकस्य विग्रहे .","तस्य बाहोः एकस्य विग्रहे . ते विग्रहे ताभ्याम् युग-ग्रहणम् अस्थिरम् वृत्रस्य इव इन्द्र-बाहुभ्याम्","तस्य ते विग्रहे ताभ्यां युगग्रहणमस्थिरम्।  वृत्रस्येवेन्द्रबाहुभ्यां बाहोरेकस्य विग्रहे॥"
"क्षिप्रम् तव सः नाथः मे रामः सौमित्रिणा सह तोयम् अल्पम् इव आदित्यः प्राणान् आदास्यते शरैः .","क्षिप्रम् अल्पम् इव आदित्यः प्राणान् आदास्यते शरैः . तव सः नाथः मे रामः सौमित्रिणा सह तोयम्","क्षिप्रं तव स नाथो मे रामः सौमित्रिणा सह। तोयमल्पमिवादित्यः प्राणानादास्यते शरैः॥"
"(त्वम्) गिरिम् कुबेरस्य गतः अथवा आलयम् सभाम् गतः वा वरुणस्य राज्ञः असंशयम् दाशरथेः बाणेन विमोक्ष्यसे महा-द्रुमः काल-हतः अशनेः इव हतः","(त्वम्) वरुणस्य राज्ञः असंशयम् दाशरथेः बाणेन विमोक्ष्यसे महा-द्रुमः काल-हतः अशनेः इव गिरिम् हतः कुबेरस्य गतः अथवा आलयम् सभाम् गतः वा","गिरिं कुबेरस्य गतोऽथवाऽऽलयं सभां गतो वा वरुणस्य राज्ञः। असंशयं दाशरथेर्विमोक्ष्यसे महाद्रुमः कालहतोऽशनेरिव ॥"
"सीतायाः वचनम् श्रुत्वा परुषम् राक्षस-ईश्वरः प्रत्युवाच ततः सीताम् विप्रियम् प्रिय-दर्शनाम्","सीतायाः प्रिय-दर्शनाम् वचनम् श्रुत्वा परुषम् राक्षस-ईश्वरः प्रत्युवाच ततः सीताम् विप्रियम्","सीताया वचनं श्रुत्वा परुषं राक्षसेश्वरः। प्रत्युवाच ततः सीतां विप्रियं प्रियदर्शनाम्॥"
"यथा यथा सान्त्वयिता वश्यः स्त्रीणाम् तथा तथा (भवति) यथा यथा (अहम्) प्रियम् वक्ता परिभूतः तथा तथा (अस्मि)","यथा यथा (अहम्) प्रियम् वक्ता परिभूतः तथा तथा (अस्मि) यथा सान्त्वयिता वश्यः स्त्रीणाम् तथा तथा (भवति) यथा","यथा यथा सान्त्वयिता वश्यः स्त्रीणां तथा तथा। यथा यथा प्रियं वक्ता परिभूतस्तथा तथा॥"
"सन्नियच्छति मे क्रोधम् त्वयि कामः समुत्थितः द्रवतः अमार्गम् आसाद्य हयान् इव सु-सारथिः","सन्नियच्छति हयान् इव सु-सारथिः मे क्रोधम् त्वयि कामः समुत्थितः द्रवतः अमार्गम् आसाद्य","संनियच्छति मे क्रोधं त्वयि कामः समुत्थितः। द्रवतो मार्गमासाद्य हयानिव सुसारथिः॥ "
"वामः कामः मनुष्याणाम् यस्मिन् किल निबध्यते जने तस्मिन् तु अनुक्रोशः स्नेहः च किल जायते .","वामः अनुक्रोशः स्नेहः च किल जायते . कामः मनुष्याणाम् यस्मिन् किल निबध्यते जने तस्मिन् तु","वामः कामो मनुष्याणां यस्मिन् किल निबध्यते। जने तस्मिंस्त्वनुक्रोशः स्नेहश्च किल जायते॥"
"एतस्मात् कारणात् न त्वाम् घातयामि वरानने वध-अर्हाम् अवमान-अर्हाम् मिथ्या प्रव्रजने रताम्","एतस्मात् प्रव्रजने रताम् कारणात् न त्वाम् घातयामि वरानने वध-अर्हाम् अवमान-अर्हाम् मिथ्या","एतस्मात् कारणान्न त्वां घातयामि वरानने। वधार्हामवमानार्हां मिथ्या प्रव्रजने रताम्॥"
"परुषाणि हि वाक्यानि यानि यानि ब्रवीषि माम् तेषु तेषु वधः युक्तः तव मैथिलि दारुणः","परुषाणि वधः युक्तः तव मैथिलि दारुणः हि वाक्यानि यानि यानि ब्रवीषि माम् तेषु तेषु","परुषाणि हि वाक्यानि यानि यानि ब्रवीषि माम्। तेषु तेषु वधो युक्तस्तव मैथिलि दारुणः॥"
"एवम् उक्त्वा तु वैदेहीम् रावणः राक्षस-अधिपः क्रोध-संरम्भ-संयुक्तः सीताम् उत्तरम् अब्रवीत्","एवम् अब्रवीत् उक्त्वा तु वैदेहीम् रावणः राक्षस-अधिपः क्रोध-संरम्भ-संयुक्तः सीताम् उत्तरम्","एवमुक्त्वा तु वैदेहीं रावणो राक्षसाधिपः। क्रोधसंरम्भसंयुक्तः सीतामुत्तरमब्रवीत्॥"
"द्वौ मासौ रक्षितव्यौ मे यः अवधिः ते मया कृतः ततः शयनम् आरोह मम त्वम् वर-वर्णिनि","द्वौ ततः शयनम् आरोह मम त्वम् वर-वर्णिनि मासौ रक्षितव्यौ मे यः अवधिः ते मया कृतः","द्वौ मासौ रक्षितव्यौ मे योऽवधिस्ते मया कृतः। ततः शयनमारोह मम त्वं वरवर्णिनि॥"
"द्वाभ्याम् ऊर्ध्वम् तु मासाभ्याम् भर्तारम् माम् अनिच्छतीम् मम त्वाम् प्रातराशार्थे सूदाः छेत्स्यन्ति खण्डशः","द्वाभ्याम् प्रातराशार्थे सूदाः छेत्स्यन्ति खण्डशः ऊर्ध्वम् तु मासाभ्याम् भर्तारम् माम् अनिच्छतीम् मम त्वाम्","द्वाभ्यामूर्ध्वं तु मासाभ्यां भर्तारं मामनिच्छतीम्। मम त्वां प्रातराशार्थे सूदाश्छेत्स्यन्ति खण्डशः॥"
"ताम् भर्त्स्यमानाम् सम्प्रेक्ष्य राक्षस-इन्द्रेण जानकीम् देव-गन्धर्व-कन्याः ताः विषेदुः विकृत-ईक्षणाः","ताम् भर्त्स्यमानाम् सम्प्रेक्ष्य राक्षस-इन्द्रेण जानकीम् देव-गन्धर्व-कन्याः ताः विषेदुः विकृत-ईक्षणाः","तां भर्त्स्यमानां सम्प्रेक्ष्य राक्षसेन्द्रेण जानकीम्। देवगन्धर्वकन्यास्ता विषेदुर्विकृतेक्षणाः॥"
"ओष्ठ-प्रकारैः अपराः नेत्रैः वक्त्रैः तथा अपराः च सीताम् आश्वासयामासुः तर्जिताम् तेन रक्षसा","ओष्ठ-प्रकारैः तर्जिताम् तेन रक्षसा अपराः नेत्रैः वक्त्रैः तथा अपराः च सीताम् आश्वासयामासुः","ओष्ठप्रकारैरपरा नेत्रैर्वक्त्रैस्तथापराः। सीताम् आश्वासयामासुः तर्जितां तेन रक्षसा॥"
"ताभिः आश्वासिता सीता रावणम् राक्षस-अधिपम् उवाच आत्म-हितम् वाक्यम् वृत्त-शौटीर्य-गर्वितम्","ताभिः आश्वासिता सीता रावणम् राक्षस-अधिपम् उवाच आत्म-हितम् वाक्यम् वृत्त-शौटीर्य-गर्वितम्","ताभिराश्वासिता सीता रावणं राक्षसाधिपम्। उवाचात्महितं वाक्यं वृत्तशौटीर्यगर्वितम्॥"
"नूनम् न ते जनः कश्चित् अस्मिन् (अस्ति) निःश्रेयसि स्थितः निवारयति यः न त्वाम् कर्मणः अस्मात् विगर्हितात्","नूनम् निवारयति यः न त्वाम् कर्मणः अस्मात् विगर्हितात् न ते जनः कश्चित् अस्मिन् (अस्ति) निःश्रेयसि स्थितः","नूनं न ते जनः कश्चिदस्मिन्निःश्रेयसि स्थितः। निवारयति यो न त्वां कर्मणोऽस्माद् विगर्हितात्॥"
"माम् हि धर्म-आत्मनः पत्नीम् शचीम् इव शची-पतेः त्वत् अन्यः त्रिषु लोकेषु प्रार्थयेत् मनसा अपि कः","माम् त्रिषु लोकेषु प्रार्थयेत् मनसा अपि कः हि धर्म-आत्मनः पत्नीम् शचीम् इव शची-पतेः त्वत् अन्यः","मां हि धर्मात्मनः पत्नीं शचीमिव शचीपतेः। त्वदन्यस्त्रिषु लोकेषु प्रार्थयेन्मनसापि कः॥"
"राक्षस-अधम रामस्य भार्याम् अमित-तेजसः उक्तवान् असि यत् पापम् क्व गतः तस्य मोक्ष्यसे","राक्षस-अधम गतः तस्य मोक्ष्यसे रामस्य भार्याम् अमित-तेजसः उक्तवान् असि यत् पापम् क्व","राक्षसाधम रामस्य भार्याममिततेजसः। उक्तवानसि यत् पापं क्व गतस्तस्य मोक्ष्यसे॥"
"यथा दृप्तः च मातङ्गः शशः च सहितौ वने तथा द्विरदवत् रामः त्वम् नीच शशवत् स्मृतः","यथा द्विरदवत् रामः त्वम् नीच शशवत् स्मृतः दृप्तः च मातङ्गः शशः च सहितौ वने तथा","यथा दृप्तश्च मातंगः शशश्च सहितौ वने। तथा द्विरदवद् रामस्त्वं नीच शशवत् स्मृतः॥"
"सः त्वम् इक्ष्वाकु-नाथम् वै क्षिपन् इह न लज्जसे चक्षुषः विषये तस्य न यावत् उपगच्छसि","सः विषये तस्य न यावत् उपगच्छसि त्वम् इक्ष्वाकु-नाथम् वै क्षिपन् इह न लज्जसे चक्षुषः","स त्वमिक्ष्वाकुनाथं वै क्षिपन्निह न लज्जसे। चक्षुषो विषये तस्य न यावदुपगच्छसि॥"
"इमे ते नयने क्रूरे विकृते कृष्ण-पिङ्गले क्षितौ न पतिते कस्मात् माम् अनार्य निरीक्षतः","इमे कस्मात् माम् अनार्य निरीक्षतः ते नयने क्रूरे विकृते कृष्ण-पिङ्गले क्षितौ न पतिते","इमे ते नयने क्रूरे विकृते कृष्णपिंगले। क्षितौ न पतिते कस्मान्मामनार्य निरीक्षतः॥"
"तस्य धर्म-आत्मनः पत्नीम् स्नुषाम् दशरथस्य च कथम् व्याहरतः माम् ते न जिह्वा पाप शीर्यति","तस्य ते न जिह्वा पाप शीर्यति धर्म-आत्मनः पत्नीम् स्नुषाम् दशरथस्य च कथम् व्याहरतः माम्","तस्य धर्मात्मनः पत्नीं स्नुषां दशरथस्य च। कथं व्याहरतो मां ते न जिह्वा पाप शीर्यति॥"
"असन्देशात् तु रामस्य तपसः च अनुपालनात् न त्वाम् कुर्मि दशग्रीव भस्म भस्म-अर्ह-तेजसा","असन्देशात् दशग्रीव भस्म भस्म-अर्ह-तेजसा तु रामस्य तपसः च अनुपालनात् न त्वाम् कुर्मि","असंदेशात्तु रामस्य तपसश्चानुपालनात्। न त्वां कुर्मि दशग्रीव भस्म भस्मार्हतेजसा॥"
"न अपहर्तुम् अहम् शक्या तस्य रामस्य धीमतः विधिः तव वध-अर्थाय विहितः न अत्र संशयः","न वध-अर्थाय विहितः न अत्र संशयः अपहर्तुम् अहम् शक्या तस्य रामस्य धीमतः विधिः तव","नापहर्तुमहं शक्या तस्य रामस्य धीमतः। विधिस्तव वधार्थाय विहितो नात्र संशयः॥ "
"शूरेण धनद-भ्रात्रा बलैः समुदितेन च अपोह्य रामम् कस्माच्चित् दार-चौर्यम् त्वया कृतम् .","शूरेण त्वया कृतम् . धनद-भ्रात्रा बलैः समुदितेन च अपोह्य रामम् कस्माच्चित् दार-चौर्यम्","शूरेण धनदभ्रात्रा बलैः समुदितेन च। अपोह्य रामं कस्माच्चिद् दारचौर्यं त्वया कृतम्॥ "
"सीतायाः वचनम् श्रुत्वा रावणः राक्षस-अधिपः विवृत्य नयने क्रूरे जानकीम् अन्ववैक्षत","सीतायाः अन्ववैक्षत वचनम् श्रुत्वा रावणः राक्षस-अधिपः विवृत्य नयने क्रूरे जानकीम्","सीताया वचनं श्रुत्वा रावणो राक्षसाधिपः। विवृत्य नयने क्रूरे जानकीमन्ववैक्षत॥"
"नील-जीमूत-सङ्काशः महा-भुज-शिरः-धरः सिंह-सत्त्व-गतिः श्रीमान् दीप्त-जिह्वा-उग्र-लोचनः चल-अग्र-मुकुट-प्रांशुः चित्र-माल्य-अनुलेपनः रक्त-माल्य_अम्बर-धरः तप्ताङ्गद-विभूषणः श्रोणी-सूत्रेण महता मेचकेन सुसंवृतः अमृत-उत्पादने नद्धः भुजङ्गेन इव मन्दरः ताभ्याम् सः परिपूर्णाभ्याम् भुजाभ्याम् राक्षस-ईश्वरः शुशुभे अचल-सङ्काशः शृङ्गाभ्याम् इव मन्दरः .","नील-जीमूत-सङ्काशः विभूषणः श्रोणी-सूत्रेण महता मेचकेन सुसंवृतः अमृत-उत्पादने नद्धः भुजङ्गेन इव मन्दरः महा-भुज-शिरः-धरः ताभ्याम् सः परिपूर्णाभ्याम् भुजाभ्याम् राक्षस-ईश्वरः शुशुभे अचल-सङ्काशः शृङ्गाभ्याम् इव मन्दरः सिंह-सत्त्व-गतिः . श्रीमान् दीप्त-जिह्वा-उग्र-लोचनः चल-अग्र-मुकुट-प्रांशुः चित्र-माल्य-अनुलेपनः रक्त-माल्य_अम्बर-धरः तप्ताङ्गद-","नीलजीमूतसंकाशो महाभुजशिरोधरः। सिंहसत्त्वगतिः श्रीमान् दीप्तजिह्वोग्रलोचनः । चलाग्रमुकुटप्रांशुश्चित्रमाल्यानुलेपनः। रक्तमाल्याम्बरधरस्तप्तांगदविभूषणः।  श्रोणीसूत्रेण महता मेचकेन सुसंवृतः। अमृतोत्पादने नद्धो भुजंगेनेव मन्दरः। ताभ्यां स परिपूर्णाभ्यां भुजाभ्यां राक्षसेश्वरः। शुशुभेऽचलसंकाशः शृंगाभ्यामिव मन्दरः।"
"तरुण-आदित्य-वर्णाभ्याम् कुण्डलाभ्याम् विभूषितः रक्त-पल्लव-पुष्पाभ्याम् अशोकाभ्याम् इव अचलः सः कल्प-वृक्ष-प्रतिमः वसन्ते इव मूर्तिमान् श्मशान-चैत्य-प्रतिमः भूषितः अपि भयङ्करः अवेक्षमाणः वैदेहीम् कोप-संरक्त-लोचनः उवाच रावणः सीताम् भुजङ्गः इव निःश्वसन्","तरुण-आदित्य-वर्णाभ्याम् वसन्ते इव मूर्तिमान् श्मशान-चैत्य-प्रतिमः भूषितः अपि भयङ्करः अवेक्षमाणः वैदेहीम् कोप-संरक्त-लोचनः कुण्डलाभ्याम् उवाच रावणः सीताम् भुजङ्गः इव निःश्वसन् विभूषितः रक्त-पल्लव-पुष्पाभ्याम् अशोकाभ्याम् इव अचलः सः कल्प-वृक्ष-प्रतिमः","तरुणादित्यवर्णाभ्यां कुण्डलाभ्यां विभूषितः। रक्तपल्लवपुष्पाभ्यामशोकाभ्यामिवाचलः।  स कल्पवृक्षप्रतिमो वसन्त इव मूर्तिमान्। श्मशानचैत्यप्रतिमो भूषितोऽपि भयंकरः।  अवेक्षमाणो वैदेहीं कोपसंरक्तलोचनः। उवाच रावणः सीतां भुजंग इव निःश्वसन्॥"
"अनयेन अभि-सम्पन्नम् अर्थ-हीनम् (च) अनुव्रते नाशयामि अहम् अद्य त्वाम् सूर्यः सन्ध्याम् इव ओजसा","अनयेन सूर्यः सन्ध्याम् इव ओजसा अभि-सम्पन्नम् अर्थ-हीनम् (च) अनुव्रते नाशयामि अहम् अद्य त्वाम्","अनयेनाभिसम्पन्नमर्थहीनमनुव्रते। नाशयाम्यहमद्य त्वां सूर्यः संध्यामिवौजसा॥"
"इति उक्त्वा मैथिलीम् राजा रावणः शत्रु-रावणः सन्ददर्श ततः सर्वाः राक्षसीः घोर-दर्शनाः एक-अक्षीम् एक-कर्णाम् च कर्ण-प्रावरणाम् तथा गो-कर्णीम् हस्ति-कर्णीम् च लम्ब-कर्णीम् अकर्णिकाम् हस्तिपदी-अश्वपद्यौ च गो-पदीम् पाद-चूलिकाम् एक-अक्षीम् एक-पादीम् च पृथु-पादीम् अपादिकाम् अतिमात्र-शिरोग्रीवाम् अतिमात्र-कुचोदरीम् अतिमात्र-आस्य-नेत्राम् च दीर्घ-जिह्वा-नखाम् अपि अनासिकाम् सिंह-मुखीम् गो-मुखीम् सूकरी-मुखीम्","इति राक्षसीः घोर-दर्शनाः एक-अक्षीम् एक-कर्णाम् च कर्ण-प्रावरणाम् तथा गो-कर्णीम् हस्ति-कर्णीम् च उक्त्वा लम्ब-कर्णीम् अकर्णिकाम् हस्तिपदी-अश्वपद्यौ च गो-पदीम् पाद-चूलिकाम् एक-अक्षीम् एक-पादीम् च मैथिलीम् पृथु-पादीम् अपादिकाम् अतिमात्र-शिरोग्रीवाम् अतिमात्र-कुचोदरीम् अतिमात्र-आस्य-नेत्राम् च दीर्घ-जिह्वा-नखाम् अपि अनासिकाम् राजा सिंह-मुखीम् गो-मुखीम् सूकरी-मुखीम् रावणः शत्रु-रावणः सन्ददर्श ततः सर्वाः","इत्युक्त्वा मैथिलीं राजा रावणः शत्रुरावणः। संददर्श ततः सर्वा राक्षसीर्घोरदर्शनाः। एकाक्षीमेककर्णां च कर्णप्रावरणां तथा। गोकर्णीं हस्तिकर्णीं च लम्बकर्णीमकर्णिकाम्।   हस्तिपद्यश्वपद्यौ च गोपदीं पादचूलिकाम्। एकाक्षीमेकपादीं च पृथुपादीमपादिकाम्। अतिमात्रशिरोग्रीवामतिमात्रकुचोदरीम्। अतिमात्रास्यनेत्रां च दीर्घजिह्वानखामपि।अनासिकां सिंहमुखीं गोमुखीं सूकरीमुखीम्।"
"यथा मत्-वश-गा सीता क्षिप्रम् भवति जानकी तथा कुरुत राक्षस्यः सर्वाः क्षिप्रम् समेत्य वा","यथा सर्वाः क्षिप्रम् समेत्य वा मत्-वश-गा सीता क्षिप्रम् भवति जानकी तथा कुरुत राक्षस्यः","यथा मद्वशगा सीता क्षिप्रं भवति जानकी।  तथा कुरुत राक्षस्यः सर्वाः क्षिप्रं समेत्य वा।"
"प्रतिलोम-अनुलोमैः च साम-दान-आदि-भेदनैः आवर्जयत वैदेहीम् दण्डस्य उद्यमनेन च","प्रतिलोम-अनुलोमैः च साम-दान-आदि-भेदनैः आवर्जयत वैदेहीम् दण्डस्य उद्यमनेन च","प्रतिलोमानुलोमैश्च सामदानादिभेदनैः।  आवर्जयत वैदेहीं दण्डस्योद्यमनेन च।"
"इति प्रतिसमादिश्य राक्षस-इन्द्रः पुनः पुनः काम-मन्यु-परीत-आत्मा जानकीम् प्रतिगर्जत","इति प्रतिसमादिश्य राक्षस-इन्द्रः पुनः पुनः काम-मन्यु-परीत-आत्मा जानकीम् प्रतिगर्जत","इति प्रतिसमादिश्य राक्षसेन्द्रः पुनः पुनः।  काममन्युपरीतात्मा जानकीं प्रति गर्जत।"
"उपगम्य ततः क्षिप्रम् राक्षसी धान्य-मालिनी परिष्वज्य दशग्रीवम् इदम् वचनम् अब्रवीत्","उपगम्य अब्रवीत् ततः क्षिप्रम् राक्षसी धान्य-मालिनी परिष्वज्य दशग्रीवम् इदम् वचनम्","उपगम्य ततः क्षिप्रं राक्षसी धान्यमालिनी।  परिष्वज्य दशग्रीवमिदं वचनमब्रवीत्।"
"मया क्रीड महाराज सीतया किम् तव अनया विवर्णया कृपणया मानुष्या राक्षस-ईश्वर (भवेत्)","मया मानुष्या राक्षस-ईश्वर (भवेत्) क्रीड महाराज सीतया किम् तव अनया विवर्णया कृपणया","मया क्रीड महाराज सीतया किं तवानया। विवर्णया कृपणया मानुष्या राक्षसेश्वर।"
"नूनम् अस्याम् महाराज न देवाः भोग-सत्तमान् विदधति अमर-श्रेष्ठाः तव बाहु-बल-अर्जितान्","नूनम् बाहु-बल-अर्जितान् अस्याम् महाराज न देवाः भोग-सत्तमान् विदधति अमर-श्रेष्ठाः तव","नूनमस्यां महाराज न देवा भोगसत्तमान्।  विदधत्यमरश्रेष्ठास्तव बाहुबलार्जितान्।"
"अकामाम् कामयानस्य शरीरम् उपतप्यते इच्छतीम् कामयानस्य प्रीतिः भवति शोभना","अकामाम् कामयानस्य शरीरम् उपतप्यते इच्छतीम् कामयानस्य प्रीतिः भवति शोभना","अकामां कामयानस्य शरीरमुपतप्यते। इच्छतीं कामयानस्य प्रीतिर्भवति शोभना।"
"एवम् उक्तः तु राक्षस्या समुत्क्षिप्तः ततः बली प्रहसन् मेघ-सङ्काशः राक्षसः सः न्यवर्तत","एवम् राक्षसः सः न्यवर्तत उक्तः तु राक्षस्या समुत्क्षिप्तः ततः बली प्रहसन् मेघ-सङ्काशः","एवमुक्तस्तु राक्षस्या समुत्क्षिप्तस्ततो बली। प्रहसन् मेघसंकाशो राक्षसः स न्यवर्तत॥"
"प्रस्थितः सः दश-ग्रीवः कम्पयन् इव मेदिनीम् ज्वलत्-भास्कर-सङ्काशम् प्रविवेश निवेशनम्","प्रस्थितः निवेशनम् सः दश-ग्रीवः कम्पयन् इव मेदिनीम् ज्वलत्-भास्कर-सङ्काशम् प्रविवेश","प्रस्थितः स दशग्रीवः कम्पयन्निव मेदिनीम्। ज्वलद्भास्करसंकाशं प्रविवेश निवेशनम्॥ "
"देव-गन्धर्व-कन्याः च नाग-कन्याः च ताः ततः परिवार्य दशग्रीवम् प्रविशुः ताः गृहोत्तमम्","देव-गन्धर्व-कन्याः ताः गृहोत्तमम् च नाग-कन्याः च ताः ततः परिवार्य दशग्रीवम् प्रविशुः","देवगन्धर्वकन्याश्च नागकन्याश्च तास्ततः। परिवार्य दशग्रीवं प्रविशुस्ता गृहोत्तमम्॥"
"सः मैथिलीम् धर्म-पराम् अवस्थिताम् प्रवेपमानाम् परिभर्त्स्य रावणः विहाय सीताम् च मदनेन मोहितः स्वम् एव वेश्म प्रविवेश रावणः","सः च मदनेन मोहितः स्वम् एव वेश्म प्रविवेश रावणः मैथिलीम् धर्म-पराम् अवस्थिताम् प्रवेपमानाम् परिभर्त्स्य रावणः विहाय सीताम्","स मैथिलीं धर्मपरामवस्थितां प्रवेपमानां परिभर्त्स्य रावणः। विहाय सीतां मदनेन मोहितः स्वमेव वेश्म प्रविवेश रावणः॥ "
"इति उक्त्वा मैथिलीम् राजा रावणः शत्रु-रावणः सन्दिश्य च ततः सर्वाः राक्षसीः निर्जगाम ह .","इति सर्वाः राक्षसीः निर्जगाम ह . उक्त्वा मैथिलीम् राजा रावणः शत्रु-रावणः सन्दिश्य च ततः","इत्युक्त्वा मैथिलीं राजा रावणः शत्रुरावणः। संदिश्य च ततः सर्वा राक्षसीर्निर्जगाम ह॥"
"निष्क्रान्ते राक्षस-इन्द्रे तु पुनः अन्तःपुरम् गते राक्षस्यः भीम-रूपाः ताः सीताम् समभिदुद्रुवुः","निष्क्रान्ते समभिदुद्रुवुः राक्षस-इन्द्रे तु पुनः अन्तःपुरम् गते राक्षस्यः भीम-रूपाः ताः सीताम्","निष्क्रान्ते राक्षसेन्द्रे तु पुनरन्तःपुरं गते। राक्षस्यो भीमरूपास्ताः सीतां समभिदुद्रुवुः॥"
"ततः सीताम् उपागम्य राक्षस्यः क्रोध-मूर्च्छिताः परम् परुषया वाचा वैदेहीम् इदम् अब्रुवन्","ततः वैदेहीम् इदम् अब्रुवन् सीताम् उपागम्य राक्षस्यः क्रोध-मूर्च्छिताः परम् परुषया वाचा","ततः सीतामुपागम्य राक्षस्यः क्रोधमूर्च्छिताः। परं परुषया वाचा वैदेहीमिदमब्रुवन्॥ "
"पौलस्त्यस्य वरिष्ठस्य रावणस्य महा-आत्मनः दशग्रीवस्य भार्यात्वम् सीते न बहु मन्यसे","पौलस्त्यस्य मन्यसे वरिष्ठस्य रावणस्य महा-आत्मनः दशग्रीवस्य भार्यात्वम् सीते न बहु","पौलस्त्यस्य वरिष्ठस्य रावणस्य महात्मनः। दशग्रीवस्य भार्यात्वं सीते न बहु मन्यसे॥ "
"ततः तु एक-जटा नाम राक्षसी वाक्यम् अब्रवीत् आमन्त्र्य क्रोध-ताम्र-अक्षी सीताम् करतल-उदरीम्","ततः सीताम् करतल-उदरीम् तु एक-जटा नाम राक्षसी वाक्यम् अब्रवीत् आमन्त्र्य क्रोध-ताम्र-अक्षी","ततस्त्वेकजटा नाम राक्षसी वाक्यमब्रवीत्। आमन्त्र्य क्रोधताम्राक्षी सीतां करतलोदरीम्॥"
"प्रजापतीनाम् षण्णाम् तु चतुर्थः अयम् प्रजापतिः मानसः ब्रह्मणः पुत्रः पुलस्त्यः इति विश्रुतः","प्रजापतीनाम् पुलस्त्यः इति विश्रुतः षण्णाम् तु चतुर्थः अयम् प्रजापतिः मानसः ब्रह्मणः पुत्रः","प्रजापतीनां षण्णां तु चतुर्थोऽयं प्रजापतिः। मानसो ब्रह्मणः पुत्रः पुलस्त्य इति विश्रुतः॥"
"पुलस्त्यस्य तु तेजस्वी महर्षिः मानसः सुतः नाम्ना सः विश्रवा नाम प्रजापति-सम-प्रभः (अस्ति)","पुलस्त्यस्य नाम प्रजापति-सम-प्रभः (अस्ति) तु तेजस्वी महर्षिः मानसः सुतः नाम्ना सः विश्रवा","पुलस्त्यस्य तु तेजस्वी महर्षिर्मानसः सुतः। नाम्ना स विश्रवा नाम प्रजापतिसमप्रभः॥"
"तस्य पुत्रः विशाल-अक्षि रावणः शत्रु-रावणः तस्य त्वम् राक्षस-इन्द्रस्य भार्या भवितुम् अर्हसि","तस्य भवितुम् अर्हसि पुत्रः विशाल-अक्षि रावणः शत्रु-रावणः तस्य त्वम् राक्षस-इन्द्रस्य भार्या","तस्य पुत्रो विशालाक्षि रावणः शत्रुरावणः। तस्य त्वं राक्षसेन्द्रस्य भार्या भवितुमर्हसि॥"
"मया उक्तम् चारु-सर्व-अङ्गि वाक्यम् किम् न अनुमन्यसे","मया उक्तम् चारु-सर्व-अङ्गि वाक्यम् किम् न अनुमन्यसे","मयोक्तं चारुसर्वाङ्गि वाक्यं किं नानुमन्यसे।"
"ततः हरि-जटा नाम राक्षसी वाक्यम् अब्रवीत् विवृत्य नयने कोपात् मार्जार-सदृश-ईक्षणा","ततः मार्जार-सदृश-ईक्षणा हरि-जटा नाम राक्षसी वाक्यम् अब्रवीत् विवृत्य नयने कोपात्","ततो हरिजटा नाम राक्षसी वाक्यमब्रवीत्। विवृत्य नयने कोपान्मार्जारसदृशेक्षणा।"
"येन देवाः त्रयस्त्रिंशत् देव-राजः च निर्जिताः तस्य त्वम् राक्षस-इन्द्रस्य भार्या भवितुम् अर्हसि","येन भार्या भवितुम् अर्हसि देवाः त्रयस्त्रिंशत् देव-राजः च निर्जिताः तस्य त्वम् राक्षस-इन्द्रस्य","येन देवास्त्रयस्त्रिंशद् देवराजश्च निर्जितः। तस्य त्वं राक्षसेन्द्रस्य भार्या भवितुमर्हसि।"
"वीर्य-उत्सिक्तस्य शूरस्य सङ्ग्रामेषु अनिवर्तिनः बलिनः वीर्य-युक्तस्य भार्यात्वम् किम् न लिप्ससे","वीर्य-उत्सिक्तस्य लिप्ससे शूरस्य सङ्ग्रामेषु अनिवर्तिनः बलिनः वीर्य-युक्तस्य भार्यात्वम् किम् न","वीर्योत्सिक्तस्य शूरस्य संग्रामेष्वनिवर्तिनः। बलिनो वीर्ययुक्तस्य भार्यात्वं किं न लिप्ससे॥"
"प्रियाम् बहु-मताम् भार्याम् त्यक्त्वा राजा महा-बलः सर्वासाम् च महा-भागाम् त्वाम् उपैष्यति रावणः","प्रियाम् त्वाम् उपैष्यति रावणः बहु-मताम् भार्याम् त्यक्त्वा राजा महा-बलः सर्वासाम् च महा-भागाम्","प्रियां बहुमतां भार्यां त्यक्त्वा राजा महाबलः। सर्वासां च महाभागां त्वामुपैष्यति रावणः॥"
"समृद्धम् स्त्री-सहस्रेण नानारत्न-उपशोभितम् अन्तःपुरम् तत् उत्सृज्य त्वाम् उपैष्यति रावणः","समृद्धम् स्त्री-सहस्रेण नानारत्न-उपशोभितम् अन्तःपुरम् तत् उत्सृज्य त्वाम् उपैष्यति रावणः","समृद्धं स्त्रीसहस्रेण नानारत्नोपशोभितम्। अन्तःपुरं तदुत्सृज्य त्वामुपैष्यति रावणः॥"
"अन्या तु विकटा नाम राक्षसी वाक्यम् अब्रवीत् असकृत् भीम-वीर्येण नागाः गन्धर्व-दानवाः निर्जिताः समरे येन सः ते पार्श्वम् उपागतः","अन्या नागाः गन्धर्व-दानवाः निर्जिताः समरे येन सः ते पार्श्वम् उपागतः तु विकटा नाम राक्षसी वाक्यम् अब्रवीत् असकृत् भीम-वीर्येण","अन्या तु विकटा नाम राक्षसी वाक्यमब्रवीत्। असकृद् भीमवीर्येण नागा गन्धर्वदानवाः। निर्जिताः समरे येन स ते पार्श्वमुपागतः॥"
"तस्य सर्व-समृद्धस्य रावणस्य महा-आत्मनः किमर्थम् राक्षस-इन्द्रस्य भार्यात्वम् न इच्छसे अधमे","तस्य अधमे सर्व-समृद्धस्य रावणस्य महा-आत्मनः किमर्थम् राक्षस-इन्द्रस्य भार्यात्वम् न इच्छसे","तस्य सर्वसमृद्धस्य रावणस्य महात्मनः। किमर्थं राक्षसेन्द्रस्य भार्यात्वं नेच्छसेऽधमे॥"
"ततः ताम् दुर्मुखी नाम राक्षसी वाक्यम् अब्रवीत्","ततः ताम् दुर्मुखी नाम राक्षसी वाक्यम् अब्रवीत्","ततस्तां दुर्मुखी नाम राक्षसी वाक्यमब्रवीत्।"
"यस्य सूर्यः न तपति भीतः यस्य सः मारुतः न वाति स्म आयतापाङ्गि किम् त्वम् तस्य न तिष्ठसे","यस्य वाति स्म आयतापाङ्गि किम् त्वम् तस्य न तिष्ठसे सूर्यः न तपति भीतः यस्य सः मारुतः न","यस्य सूर्यो न तपति भीतो यस्य स मारुतः। न वाति स्मायतापाङ्गि किं त्वं तस्य न तिष्ठसे॥"
"पुष्प-वृष्टिम् च तरवः मुमुचुः यस्य वै भयात् शैलाः सुस्रुवुः पानीयम् जलदाः च यदा इच्छति तस्य नैरृत-राजस्य राजराजस्य भामिनि किम् त्वम् न कुरुषे बुद्धिं भार्या-अर्थे रावणस्य हि","पुष्प-वृष्टिम् पानीयम् जलदाः च यदा इच्छति तस्य नैरृत-राजस्य राजराजस्य भामिनि किम् च त्वम् न कुरुषे बुद्धिं भार्या-अर्थे रावणस्य हि तरवः मुमुचुः यस्य वै भयात् शैलाः सुस्रुवुः","पुष्पवृष्टिं च तरवो मुमुचुर्यस्य वै भयात्। शैलाः सुस्रुवुः पानीयं जलदाश्च यदेच्छति । तस्य नैर्ऋतराजस्य राजराजस्य भामिनि। किं त्वं न कुरुषे बुद्धिं भार्यार्थे रावणस्य हि॥ 
"
"साधु ते तत्त्वतः देवि कथितम् साधु भामिनि गृहाण सुस्मिते वाक्यम् अन्यथा न भविष्यसि (त्वम्)","साधु वाक्यम् अन्यथा न भविष्यसि (त्वम्) ते तत्त्वतः देवि कथितम् साधु भामिनि गृहाण सुस्मिते","साधु ते तत्त्वतो देवि कथितं साधु भामिनि। गृहाण सुस्मिते वाक्यमन्यथा न भविष्यसि॥"
"ततः सीताम् समस्ताः ताः राक्षस्यः विकृत-आननाः परुषम् परुष-अनर्हाम् ऊचुः तत् वाक्यम् अप्रियम्","ततः तत् वाक्यम् अप्रियम् सीताम् समस्ताः ताः राक्षस्यः विकृत-आननाः परुषम् परुष-अनर्हाम् ऊचुः","ततः सीतां समस्तास्ता राक्षस्यो विकृताननाः। परुषं परुषानर्हामूचुस्तद्वाक्यमप्रियम्॥"
"किम् त्वम् अन्तःपुरे सीते सर्व-भूत-मनोरमे महा-अर्ह-शयन-उपेते न वासम् अनुमन्यसे","किम् त्वम् अन्तःपुरे सीते सर्व-भूत-मनोरमे महा-अर्ह-शयन-उपेते न वासम् अनुमन्यसे","किं त्वमन्तःपुरे सीते सर्वभूतमनोरमे। महार्हशयनोपेते न वासमनुमन्यसे॥ "
"मानुषी मानुषस्य एव भार्यात्वम् बहु (त्वम्) मन्यसे प्रत्याहर मनः रामात् न एवम् जातु भविष्यति","मानुषी रामात् न एवम् जातु भविष्यति मानुषस्य एव भार्यात्वम् बहु (त्वम्) मन्यसे प्रत्याहर मनः","मानुषी मानुषस्यैव भार्यात्वं बहु मन्यसे। प्रत्याहर मनो रामान्नैवं जातु भविष्यति॥"
"त्रैलोक्य-वसु-भोक्तारम् रावणम् राक्षस-ईश्वरम् भर्तारम् उपसङ्गम्य विहरस्व यथासुखम्","त्रैलोक्य-वसु-भोक्तारम् रावणम् राक्षस-ईश्वरम् भर्तारम् उपसङ्गम्य विहरस्व यथासुखम्","त्रैलोक्यवसुभोक्तारं रावणं राक्षसेश्वरम्। भर्तारमुपसंगम्य विहरस्व यथासुखम्॥ "
"मानुषी मानुषम् तम् तु रामम् इच्छसि शोभने राज्यात् भ्रष्टम् असिद्ध-अर्थम् विक्लवन्तम् अनिन्दिते","मानुषी असिद्ध-अर्थम् विक्लवन्तम् अनिन्दिते मानुषम् तम् तु रामम् इच्छसि शोभने राज्यात् भ्रष्टम्","मानुषी मानुषं तं तु राममिच्छसि शोभने। राज्याद् भ्रष्टमसिद्धार्थं विक्लवन्तमनिन्दिते॥ "
"राक्षसीनाम् वचः श्रुत्वा सीता पद्म-निभ-ईक्षणा नेत्राभ्याम् अश्रु-पूर्णाभ्याम् इदम् वचनम् अब्रवीत्","राक्षसीनाम् अब्रवीत् वचः श्रुत्वा सीता पद्म-निभ-ईक्षणा नेत्राभ्याम् अश्रु-पूर्णाभ्याम् इदम् वचनम्","राक्षसीनां वचः श्रुत्वा सीता पद्मनिभेक्षणा। नेत्राभ्यामश्रुपूर्णाभ्यामिदं वचनमब्रवीत्॥"
"यत् इदम् लोक-विद्विष्टम् उदाहरत सङ्गताः न एतत् मनसि वाक्यम् मे किल्बिषम् प्रतितिष्ठति","यत् मे किल्बिषम् प्रतितिष्ठति इदम् लोक-विद्विष्टम् उदाहरत सङ्गताः न एतत् मनसि वाक्यम्","यदिदं लोकविद्विष्टमुदाहरत संगताः। नैतन्मनसि वाक्यं मे किल्बिषं प्रतितिष्ठति॥"
"न मानुषी राक्षसस्य भार्या भवितुम् अर्हति कामम् खादत माम् सर्वाः न करिष्यामि वः वचः","न सर्वाः न करिष्यामि वः वचः मानुषी राक्षसस्य भार्या भवितुम् अर्हति कामम् खादत माम्","न मानुषी राक्षसस्य भार्या भवितुमर्हति। कामं खादत मां सर्वा न करिष्यामि वो वचः॥"
"दीनः वा राज्य-हीनः वा यः मे भर्ता सः मे गुरुः; तम् नित्यम् अनुरक्ता अस्मि यथा सूर्यम् सुवर्चला (अहम्)","दीनः गुरुः वा राज्य-हीनः वा यः मे भर्ता सः मे; तम् नित्यम् अनुरक्ता अस्मि यथा सूर्यम् सुवर्चला (अहम्)","दीनो वा राज्यहीनो वा यो मे भर्ता स मे गुरुः।# तं नित्यमनुरक्तास्मि यथा सूर्यं सुवर्चला॥"
"यथा शची महा-भागा शक्रम् समुपतिष्ठति अरुन्धती वसिष्ठम् च रोहिणी शशिनम् यथा लोपामुद्राः यथा अगस्त्यम् सुकन्या च्यवनम् यथा सावित्री सत्यवन्तम् च कपिलम् श्रीमती यथा सौदासम् मदयन्ति इव केशिनी सगरम् यथा नैषधम् दमयन्ति इव भैमी पतिम् अनुव्रता तथा अहम् इक्ष्वाकु-वरम् रामम् पतिम् अनुव्रता (अस्मि)","यथा शशिनम् यथा लोपामुद्राः यथा अगस्त्यम् सुकन्या च्यवनम् यथा सावित्री सत्यवन्तम् शची च कपिलम् श्रीमती यथा सौदासम् मदयन्ति इव केशिनी सगरम् यथा महा-भागा नैषधम् दमयन्ति इव भैमी पतिम् अनुव्रता तथा अहम् इक्ष्वाकु-वरम् रामम् शक्रम् पतिम् अनुव्रता (अस्मि) समुपतिष्ठति अरुन्धती वसिष्ठम् च रोहिणी","यथा शची महाभागा शक्रं समुपतिष्ठति। अरुन्धती वसिष्ठं च रोहिणी शशिनं यथा।# लोपामुद्रा यथागस्त्यं सुकन्या च्यवनं यथा।  सावित्री सत्यवन्तं च कपिलं श्रीमती यथा।# सौदासं मदयन्तीव केशिनी सगरं यथा।  नैषधं दमयन्तीव भैमी पतिमनुव्रता। तथाऽहमिक्ष्वाकुवरं रामं पतिमनुव्रता।"
"सीतायाः वचनम् श्रुत्वा राक्षस्यः क्रोध-मूर्च्छिताः भर्त्सयन्ति स्म परुषैः वाक्यैः रावण-चोदिताः","सीतायाः रावण-चोदिताः वचनम् श्रुत्वा राक्षस्यः क्रोध-मूर्च्छिताः भर्त्सयन्ति स्म परुषैः वाक्यैः","सीताया वचनं श्रुत्वा राक्षस्यः क्रोधमूर्च्छिताः। भर्त्सयन्ति स्म परुषैर्वाक्यै रावणचोदिताः॥"
"अवलीनः सः निर्वाक्यः हनुमान् शिंशपा-द्रुमे सीताम् सन्तर्जयन्तीः ताः राक्षसीः अशृणोत् कपिः","अवलीनः अशृणोत् कपिः सः निर्वाक्यः हनुमान् शिंशपा-द्रुमे सीताम् सन्तर्जयन्तीः ताः राक्षसीः","अवलीनः स निर्वाक्यो हनुमान् शिंशपाद्रुमे। सीतां संतर्जयन्तीस्ता राक्षसीरशृणोत् कपिः॥ "
"ताम् अभिक्रम्य संरब्धाः वेपमानाम् समन्ततः भृशम् संलिलिहुः दीप्तान् प्रलम्बान् दशन-छदान्","ताम् दशन-छदान् अभिक्रम्य संरब्धाः वेपमानाम् समन्ततः भृशम् संलिलिहुः दीप्तान् प्रलम्बान्","तामभिक्रम्य संरब्धा वेपमानां समन्ततः। भृशं संलिलिहुर्दीप्तान् प्रलम्बान् दशनच्छदान्॥ "
"ऊचुः च परम-क्रुद्धाः प्रगृह्य आशु परश्वधान् न इयम् अर्हति भर्तारम् रावणम् राक्षस-अधिपम् (इति)","ऊचुः भर्तारम् रावणम् राक्षस-अधिपम् (इति) च परम-क्रुद्धाः प्रगृह्य आशु परश्वधान् न इयम् अर्हति","ऊचुश्च परमक्रुद्धाः प्रगृह्याशु परश्वधान्। नेयमर्हति भर्तारं रावणं राक्षसाधिपम्॥"
"सा भर्त्स्यमाना भीमाभिः राक्षसीभिः वराङ्गना सा बाष्पम् अपमार्जन्ती शिंशपाम् ताम् उपागमत्","सा ताम् उपागमत् भर्त्स्यमाना भीमाभिः राक्षसीभिः वराङ्गना सा बाष्पम् अपमार्जन्ती शिंशपाम्","सा भर्त्स्यमाना भीमाभी राक्षसीभिर्वरांगना। सा बाष्पमपमार्जन्ती शिंशपां तामुपागमत्॥"
"ततः ताम् शिंशपाम् सीता राक्षसीभिः समावृता अभिगम्य विशाल-अक्षी तस्थौ शोक-परिप्लुता","ततः शोक-परिप्लुता ताम् शिंशपाम् सीता राक्षसीभिः समावृता अभिगम्य विशाल-अक्षी तस्थौ","ततस्तां शिंशपां सीता राक्षसीभिः समावृता। अभिगम्य विशालाक्षी तस्थौ शोकपरिप्लुता॥ "
"ताम् कृशाम् दीन-वदनाम् मलिन-अम्बर-वासिनीम् भर्त्सयाञ्चक्रिरे भीमाः राक्षस्यः ताः समन्ततः","ताम् कृशाम् दीन-वदनाम् मलिन-अम्बर-वासिनीम् भर्त्सयाञ्चक्रिरे भीमाः राक्षस्यः ताः समन्ततः","तां कृशां दीनवदनां मलिनाम्बरवासिनीम्। भर्त्सयाञ्चक्रिरे भीमा राक्षस्यस्ताः समन्ततः॥"
"ततः तु विनता नाम राक्षसी भीम-दर्शना अब्रवीत् कुपित-आकारा कराला निर्णत-उदरी","ततः निर्णत-उदरी तु विनता नाम राक्षसी भीम-दर्शना अब्रवीत् कुपित-आकारा कराला","ततस्तु विनता नाम राक्षसी भीमदर्शना। अब्रवीत् कुपिताकारा कराला निर्णतोदरी॥"
"सीते पर्याप्तम् एतावत् भर्तुः स्नेहः प्रदर्शितः सर्वत्र अति-कृतम् भद्रे व्यसनाय उपकल्पते","सीते व्यसनाय उपकल्पते पर्याप्तम् एतावत् भर्तुः स्नेहः प्रदर्शितः सर्वत्र अति-कृतम् भद्रे","सीते पर्याप्तमेतावद् भर्तुः स्नेहः प्रदर्शितः। सर्वत्रातिकृतं भद्रे व्यसनायोपकल्पते॥"
"परितुष्टा अस्मि भद्रम् (अस्तु) ते मानुषः ते कृतः विधिः मम अपि तु वचः पथ्यम् ब्रुवन्त्याः कुरु मैथिलि","परितुष्टा मम अपि तु वचः पथ्यम् ब्रुवन्त्याः कुरु मैथिलि अस्मि भद्रम् (अस्तु) ते मानुषः ते कृतः विधिः","परितुष्टास्मि भद्रं ते मानुषस्ते कृतो विधिः। ममापि तु वचः पथ्यं ब्रुवन्त्याः कुरु मैथिलि॥ "
"रावणम् भज भर्तारम् भर्तारम् सर्व-रक्षसाम् विक्रान्तम् आपतन्तम् च सुरेशम् इव वासवम्","रावणम् इव वासवम् भज भर्तारम् भर्तारम् सर्व-रक्षसाम् विक्रान्तम् आपतन्तम् च सुरेशम्","रावणं भज भर्तारं भर्तारं सर्वरक्षसाम्। विक्रान्तमापतन्तं च सुरेशमिव वासवम्॥"
"दक्षिणम् त्याग-शीलम् च सर्वस्य प्रिय-वादिनम् मानुषम् कृपणम् रामम् त्यक्त्वा रावणम् आश्रय","दक्षिणम् रावणम् आश्रय त्याग-शीलम् च सर्वस्य प्रिय-वादिनम् मानुषम् कृपणम् रामम् त्यक्त्वा","दक्षिणं त्यागशीलं च सर्वस्य प्रियवादिनम्। मानुषं कृपणं रामं त्यक्त्वा रावणमाश्रय॥"
"दिव्य-अङ्ग-रागा वैदेहि दिव्य-आभरण-भूषिता अद्य प्रभृति लोकानाम् सर्वेषाम् ईश्वरी भव","दिव्य-अङ्ग-रागा वैदेहि दिव्य-आभरण-भूषिता अद्य प्रभृति लोकानाम् सर्वेषाम् ईश्वरी भव","दिव्यांगरागा वैदेहि दिव्याभरणभूषिता। अद्यप्रभृति लोकानां सर्वेषामीश्वरी भव॥"
"अग्नेः स्वाहा यथा देवी शची इन्द्रस्य शोभने किम् ते रामेण वैदेहि कृपणेन गत-आयुषा (अस्ति) (अस्ति) (च) (तथा)","अग्नेः रामेण वैदेहि कृपणेन गत-आयुषा (अस्ति) (अस्ति) (च) (तथा) स्वाहा यथा देवी शची इन्द्रस्य शोभने किम् ते","अग्नेः स्वाहा यथा देवी शची वेन्द्रस्य शोभने। किं ते रामेण वैदेहि कृपणेन गतायुषा॥ "
"एतत् उक्तम् च मे वाक्यम् यदि त्वम् न करिष्यसि अस्मिन् मुहूर्ते सर्वाः त्वाम् भक्षयिष्यामहे वयम् (तर्हि)","एतत् अस्मिन् मुहूर्ते सर्वाः त्वाम् भक्षयिष्यामहे वयम् (तर्हि) उक्तम् च मे वाक्यम् यदि त्वम् न करिष्यसि","एतदुक्तं च मे वाक्यं यदि त्वं न करिष्यसि। अस्मिन् मुहूर्ते सर्वास्त्वां भक्षयिष्यामहे वयम्॥"
"अन्या तु विकटा नाम लम्बमान-पयोधरा अब्रवीत् कुपिता सीताम् मुष्टिम् उद्यम्य तर्जती","अन्या उद्यम्य तर्जती तु विकटा नाम लम्बमान-पयोधरा अब्रवीत् कुपिता सीताम् मुष्टिम्","अन्या तु विकटा नाम लम्बमानपयोधरा। अब्रवीत् कुपिता सीतां मुष्टिमुद्यम्य तर्जती॥"
"बहूनि अप्रति-रूपाणि वचनानि सुदुर्मते अनुक्रोशात् मृदुत्वात् च सोढानि तव मैथिलि","बहूनि मैथिलि अप्रति-रूपाणि वचनानि सुदुर्मते अनुक्रोशात् मृदुत्वात् च सोढानि तव","बहून्यप्रतिरूपाणि वचनानि सुदुर्मते। अनुक्रोशान्मृदुत्वाच्च सोढानि तव मैथिलि॥"
"न च नः कुरुषे वाक्यम् हितम् काल-पुरस्कृतम् आनीता असि समुद्रस्य पारम् अन्यैः दुरासदम् रावण-अन्तःपुरे घोरे प्रविष्टा च असि मैथिलि रावणस्य गृहे रुद्धा अस्माभिः तु अभिरक्षिता (त्वम्) (असि)","न समुद्रस्य पारम् अन्यैः दुरासदम् रावण-अन्तःपुरे घोरे प्रविष्टा च असि मैथिलि च रावणस्य गृहे रुद्धा अस्माभिः तु अभिरक्षिता (त्वम्) (असि) नः कुरुषे वाक्यम् हितम् काल-पुरस्कृतम् आनीता असि","न च नः कुरुषे वाक्यं हितं कालपुरस्कृतम्। आनीतासि समुद्रस्य पारमन्यैर्दुरासदम्।  रावणान्तःपुरे घोरे प्रविष्टा चासि मैथिलि। रावणस्य गृहे रुद्धा अस्माभिस्त्वभिरक्षिता॥ "
"न त्वाम् शक्तः परित्रातुम् अपि साक्षात् पुरन्दरः कुरुष्व हित-वादिन्याः वचनम् मम मैथिलि (अस्ति)","न वचनम् मम मैथिलि (अस्ति) त्वाम् शक्तः परित्रातुम् अपि साक्षात् पुरन्दरः कुरुष्व हित-वादिन्याः","न त्वां शक्तः परित्रातुमपि साक्षात् पुरंदरः। कुरुष्व हितवादिन्या वचनं मम मैथिलि॥"
"अलम् अश्रु-निपातेन त्यज शोकम् अनर्थकम् भज प्रीतिम् प्रहर्षम् च त्यजन्ती नित्यदैन्यताम्","अलम् त्यजन्ती नित्यदैन्यताम् अश्रु-निपातेन त्यज शोकम् अनर्थकम् भज प्रीतिम् प्रहर्षम् च","अलमश्रुनिपातेन त्यज शोकमनर्थकम्। भज प्रीतिं प्रहर्षं च त्यजन्ती नित्यदैन्यताम्॥"
"सीते राक्षस-राजेन परिक्रीड यथासुखम् जानीमहे यथा भीरु स्त्रीणाम् यौवनम् अध्रुवम् (त्वम्) (वयम्)","सीते अध्रुवम् (त्वम्) (वयम्) राक्षस-राजेन परिक्रीड यथासुखम् जानीमहे यथा भीरु स्त्रीणाम् यौवनम्","सीते राक्षसराजेन परिक्रीड यथासुखम्। जानीमहे यथा भीरु स्त्रीणां यौवनमध्रुवम्"
"यावत् न ते व्यतिक्रामेत् तावत् सुखम् अवाप्नुहि (यौवनम्)","यावत् न ते व्यतिक्रामेत् तावत् सुखम् अवाप्नुहि (यौवनम्)","यावन्न ते व्यतिक्रामेत् तावत् सुखमवाप्नुहि।"
"उद्यानानि च रम्याणि पर्वत-उपवनानि च सह राक्षस-राजेन चर त्वम् मदिरेक्षणे","उद्यानानि मदिरेक्षणे च रम्याणि पर्वत-उपवनानि च सह राक्षस-राजेन चर त्वम्","उद्यानानि च रम्याणि पर्वतोपवनानि च। सह राक्षसराजेन चर त्वं मदिरेक्षणे।"
"स्त्री-सहस्राणि ते देवि वशे स्थास्यन्ति सुन्दरि रावणम् भज भर्तारम् भर्तारम् सर्व-रक्षसाम्","स्त्री-सहस्राणि भर्तारम् सर्व-रक्षसाम् ते देवि वशे स्थास्यन्ति सुन्दरि रावणम् भज भर्तारम्","स्त्रीसहस्राणि ते देवि वशे स्थास्यन्ति सुन्दरि । रावणं भज भर्तारं भर्तारं सर्वरक्षसाम्।"
"उत्पाट्य वा ते हृदयम् भक्षयिष्यामि मैथिलि यदि मे व्याहृतम् वाक्यम् न यथावत् करिष्यसि","उत्पाट्य वाक्यम् न यथावत् करिष्यसि वा ते हृदयम् भक्षयिष्यामि मैथिलि यदि मे व्याहृतम्","उत्पाट्य वा ते हृदयं भक्षयिष्यामि मैथिलि । यदि मे व्याहृतं वाक्यं न यथावत् करिष्यसि।"
"ततः चण्डोदरी नाम राक्षसी क्रूर-दर्शना भ्रामयन्ती महत् शूलम् इदम् वचनम् अब्रवीत्","ततः वचनम् अब्रवीत् चण्डोदरी नाम राक्षसी क्रूर-दर्शना भ्रामयन्ती महत् शूलम् इदम्","ततश्चण्डोदरी नाम राक्षसी क्रूरदर्शना । भ्रामयन्ती महच्छूलमिदं वचनमब्रवीत् ।"
"इमाम् हरिण-शाव-अक्षीम् त्रास-उत्कम्प-पयोधराम् रावणेन हृताम् दृष्ट्वा दौर्हृदः मे महान् अयम् यकृत्प्लीहम् महत् क्रोडम् हृदयम् च स-बन्धनम् गात्राणि अपि तथा शीर्षम् खादेयम् इति मे मतिः (अस्ति) (अस्ति)","इमाम् अयम् यकृत्प्लीहम् महत् क्रोडम् हृदयम् च स-बन्धनम् गात्राणि अपि तथा हरिण-शाव-अक्षीम् शीर्षम् खादेयम् इति मे मतिः (अस्ति) (अस्ति) त्रास-उत्कम्प-पयोधराम् रावणेन हृताम् दृष्ट्वा दौर्हृदः मे महान्","इमां हरिणशावाक्षीं त्रासोत्कम्पपयोधराम्। रावणेन हृतां दृष्ट्वा दौर्हृदो मे महानयम्। यकृत्प्लीहं महत् क्रोडं हृदयं च सबन्धनम्। गात्राण्यपि तथा शीर्षं खादेयमिति मे मतिः।"
"ततः तु प्रघसा नाम राक्षसी वाक्यम् अब्रवीत् कण्ठम् अस्याः नृशंसायाः पीडयामः किम् आस्यते","ततः नृशंसायाः पीडयामः किम् आस्यते तु प्रघसा नाम राक्षसी वाक्यम् अब्रवीत् कण्ठम् अस्याः","ततस्तु प्रघसा नाम राक्षसी वाक्यमब्रवीत् । कण्ठमस्या नृशंसायाः पीडयामः किमास्यते।"
"निवेद्यताम् ततः राज्ञे मानुषी सा मृता इति ह न अत्र कश्चन सन्देहः खादत इति सः वक्ष्यति (अस्ति)","निवेद्यताम् अत्र कश्चन सन्देहः खादत इति सः वक्ष्यति (अस्ति) ततः राज्ञे मानुषी सा मृता इति ह न","निवेद्यतां ततो राज्ञे मानुषी सा मृतेति ह। नात्र कश्चन संदेहः खादतेति स वक्ष्यति।"
"ततः तु अजामुखी नाम राक्षसी वाक्यम् अब्रवीत् विशस्य इमाम् ततः सर्वान् समान् कुरुत पिण्डकान् (इति)","ततः ततः सर्वान् समान् कुरुत पिण्डकान् (इति) तु अजामुखी नाम राक्षसी वाक्यम् अब्रवीत् विशस्य इमाम्","ततस्त्वजामुखी नाम राक्षसी वाक्यमब्रवीत्।  विशस्येमां ततः सर्वान् समान् कुरुत पिण्डकान्।"
"विभजाम ततः सर्वाः विवादः मे न रोचते पेयम् आनीयताम् क्षिप्रम् माल्यम् च विविधम् बहु (वयम्)","विभजाम क्षिप्रम् माल्यम् च विविधम् बहु (वयम्) ततः सर्वाः विवादः मे न रोचते पेयम् आनीयताम्","विभजाम ततः सर्वा विवादो मे न रोचते । पेयमानीयतां क्षिप्रं माल्यं च विविधं बहु।"
"ततः शूर्पणखा नाम राक्षसी वाक्यम् अब्रवीत् अजामुख्या यत् उक्तम् वै तत् एव मम रोचते (इति)","ततः वै तत् एव मम रोचते (इति) शूर्पणखा नाम राक्षसी वाक्यम् अब्रवीत् अजामुख्या यत् उक्तम्","ततः शूर्पणखा नाम राक्षसी वाक्यमब्रवीत् । अजामुख्या यदुक्तं वै तदेव मम रोचते।"
"सुरा च आनीयताम् क्षिप्रम् सर्व-शोक-विनाशिनी मानुषम् मांसम् आस्वाद्य नृत्यामः अथ निकुम्भिलाम्","सुरा अथ निकुम्भिलाम् च आनीयताम् क्षिप्रम् सर्व-शोक-विनाशिनी मानुषम् मांसम् आस्वाद्य नृत्यामः","सुरा चानीयतां क्षिप्रं सर्वशोकविनाशिनी । मानुषं मांसमास्वाद्य नृत्यामोऽथ निकुम्भिलाम्।"
"एवम् निर्भर्त्स्यमाना सा सीता सुर-सुत-उपमा राक्षसीभिः विरूपाभिः धैर्यम् उत्सृज्य रोदिति","एवम् रोदिति निर्भर्त्स्यमाना सा सीता सुर-सुत-उपमा राक्षसीभिः विरूपाभिः धैर्यम् उत्सृज्य","एवं निर्भर्त्स्यमाना सा सीता सुरसुतोपमा। राक्षसीभिर्विरूपाभिर्धैर्यमुत्सृज्य रोदिति॥"
"अथ तासाम् वदन्तीनाम् (वचः) (श्रुत्वा) परुषम् दारुणम् बहु राक्षसीनाम् असौम्यानाम् रुरोद जनक-आत्मजा","अथ असौम्यानाम् रुरोद जनक-आत्मजा तासाम् वदन्तीनाम् (वचः) (श्रुत्वा) परुषम् दारुणम् बहु राक्षसीनाम्","अथ तासां वदन्तीनां परुषं दारुणं बहु। राक्षसीनामसौम्यानां रुरोद जनकात्मजा"
"एवम् उक्ता तु वैदेही राक्षसीभिः मनस्विनी उवाच परमत्रस्ता बाष्पगद्-गदया गिरा","एवम् गिरा उक्ता तु वैदेही राक्षसीभिः मनस्विनी उवाच परमत्रस्ता बाष्पगद्-गदया","एवमुक्ता तु वैदेही राक्षसीभिर्मनस्विनी। उवाच परमत्रस्ता बाष्पगद‍्गदया गिरा॥"
"न मानुषी राक्षसस्य भार्या भवितुम् अर्हति कामम् खादत माम् सर्वाः न करिष्यामि वः वचः","न सर्वाः न करिष्यामि वः वचः मानुषी राक्षसस्य भार्या भवितुम् अर्हति कामम् खादत माम्","न मानुषी राक्षसस्य भार्या भवितुमर्हति। कामं खादत मां सर्वा न करिष्यामि वो वचः॥"
"सा राक्षसी-मध्य-गता सीता सुर-सुत-उपमा न शर्म लेभे शोक-आर्ता रावणेन इव भर्त्सिता","सा इव भर्त्सिता राक्षसी-मध्य-गता सीता सुर-सुत-उपमा न शर्म लेभे शोक-आर्ता रावणेन","सा राक्षसीमध्यगता सीता सुरसुतोपमा। न शर्म लेभे शोकार्ता रावणेनेव भर्त्सिता॥"
"वेपते स्म अधिकम् सीता विशन्ती इव अङ्गम् आत्मनः वने यूथ-परिभ्रष्टा मृगी कोकैः इव अर्दिता","वेपते यूथ-परिभ्रष्टा मृगी कोकैः इव अर्दिता स्म अधिकम् सीता विशन्ती इव अङ्गम् आत्मनः वने","वेपते स्माधिकं सीता विशन्तीवांगमात्मनः। वने यूथपरिभ्रष्टा मृगी कोकैरिवार्दिता॥"
"सा तु अशोकस्य विपुलाम् शाखाम् आलम्ब्य पुष्पिताम् चिन्तयामास शोकेन भर्तारम् भग्न-मानसा","सा भर्तारम् भग्न-मानसा तु अशोकस्य विपुलाम् शाखाम् आलम्ब्य पुष्पिताम् चिन्तयामास शोकेन","सा त्वशोकस्य विपुलां शाखामालम्ब्य पुष्पिताम्। चिन्तयामास शोकेन भर्तारं भग्नमानसा॥"
"सा स्नापयन्ती विपुलौ स्तनौ नेत्र-जल-स्रवैः चिन्तयन्ती न शोकस्य तदा अन्तम् अधिगच्छति","सा अन्तम् अधिगच्छति स्नापयन्ती विपुलौ स्तनौ नेत्र-जल-स्रवैः चिन्तयन्ती न शोकस्य तदा","सा स्नापयन्ती विपुलौ स्तनौ नेत्रजलस्रवैः। चिन्तयन्ती न शोकस्य तदान्तमधिगच्छति॥"
"सा वेपमाना पतिता प्रवाते कदली यथा राक्षसीनाम् भय-त्रस्ता विवर्ण-वदना अभवत्","सा अभवत् वेपमाना पतिता प्रवाते कदली यथा राक्षसीनाम् भय-त्रस्ता विवर्ण-वदना","सा वेपमाना पतिता प्रवाते कदली यथा। राक्षसीनां भयत्रस्ता विवर्णवदनाभवत्॥"
"तस्याः सा दीर्घबहुला वेपन्त्याः सीतया तदा ददृशे कम्पिता वेणी व्याली इव परिसर्पती","तस्याः व्याली इव परिसर्पती सा दीर्घबहुला वेपन्त्याः सीतया तदा ददृशे कम्पिता वेणी","तस्याः सा दीर्घबहुला वेपन्त्याः सीतया तदा। ददृशे कम्पिता वेणी व्यालीव परिसर्पती॥"
"सा निःश्वसन्ती शोक-आर्ता कोप-उपहत-चेतना आर्ता व्यसृजत् अश्रूणि मैथिली विललाप च","सा च निःश्वसन्ती शोक-आर्ता कोप-उपहत-चेतना आर्ता व्यसृजत् अश्रूणि मैथिली विललाप","सा निःश्वसन्ती शोकार्ता कोपोपहतचेतना। आर्ता व्यसृजदश्रूणि मैथिली विललाप च॥"
"हा राम इति च दुःख-आर्ता हा पुनः लक्ष्मण इति च हा श्वश्रूः मम कौसल्ये हा सुमित्रे इति भामिनी (च) (विललाप)","हा च हा श्वश्रूः मम कौसल्ये हा सुमित्रे इति भामिनी (च) राम (विललाप) इति च दुःख-आर्ता हा पुनः लक्ष्मण इति","हा रामेति च दुःखार्ता हा पुनर्लक्ष्मणेति च। हा श्वश्रूर्मम कौसल्ये हा सुमित्रेति भामिनी॥"
"लोक-प्रवादः सत्यः अयम् पण्डितैः समुदाहृतः अकाले दुर्लभः मृत्युः स्त्रियाः वा पुरुषस्य वा यत्र अहम् आभिः क्रूराभिः राक्षसीभिः इह अर्दिता जीवामि हीना रामेण मुहूर्तम् अपि दुःखिता (अस्ति) (अस्ति)","लोक-प्रवादः वा पुरुषस्य वा यत्र अहम् आभिः क्रूराभिः राक्षसीभिः इह अर्दिता सत्यः जीवामि हीना रामेण मुहूर्तम् अपि दुःखिता (अस्ति) (अस्ति) अयम् पण्डितैः समुदाहृतः अकाले दुर्लभः मृत्युः स्त्रियाः","लोकप्रवादः सत्योऽयं पण्डितैः समुदाहृतः। अकाले दुर्लभो मृत्युः स्त्रिया वा पुरुषस्य वा। यत्राहमाभिः क्रूराभी राक्षसीभिरिहार्दिता। जीवामि हीना रामेण मुहूर्तमपि दुःखिता॥"
"एषा अल्प-पुण्या कृपणा विनशिष्यामि अनाथवत् समुद्र-मध्ये नौः पूर्णा वायु-वेगैः इव आहता (अहम्)","एषा इव आहता (अहम्) अल्प-पुण्या कृपणा विनशिष्यामि अनाथवत् समुद्र-मध्ये नौः पूर्णा वायु-वेगैः","एषाल्पपुण्या कृपणा विनशिष्याम्यनाथवत्। समुद्रमध्ये नौः पूर्णा वायुवेगैरिवाहता॥"
"भर्तारम् तम् अपश्यन्ती राक्षसी-वशम् आगता सीदामि खलु शोकेन कूलम् तोय-हतम् यथा (अहम्)","भर्तारम् तोय-हतम् यथा (अहम्) तम् अपश्यन्ती राक्षसी-वशम् आगता सीदामि खलु शोकेन कूलम्","भर्तारं तमपश्यन्ती राक्षसीवशमागता। सीदामि खलु शोकेन कूलं तोयहतं यथा॥"
"तम् पद्म-दल-पत्राक्षम् सिंह-विक्रान्त-गामिनम् धन्याः पश्यन्ति मे नाथम् कृतज्ञम् प्रिय-वादिनम् ते (ये)","तम् ते (ये) पद्म-दल-पत्राक्षम् सिंह-विक्रान्त-गामिनम् धन्याः पश्यन्ति मे नाथम् कृतज्ञम् प्रिय-वादिनम्","तं पद्मदलपत्राक्षं सिंहविक्रान्तगामिनम्। धन्याः पश्यन्ति मे नाथं कृतज्ञं प्रियवादिनम्॥"
"सर्वथा तेन हीनायाः रामेण विदित-आत्मना तीक्ष्णम् विषम् इव आस्वाद्य दुर्लभम् मम जीवनम्","सर्वथा दुर्लभम् मम जीवनम् तेन हीनायाः रामेण विदित-आत्मना तीक्ष्णम् विषम् इव आस्वाद्य","सर्वथा तेन हीनाया रामेण विदितात्मना। तीक्ष्णं विषमिवास्वाद्य दुर्लभं मम जीवनम्॥"
"कीदृशम् तु महा-पापम् मया देह-अन्तरे कृतम् तेन इदम् प्राप्यते घोरम् महा-दुःखम् सुदारुणम् (येन)","कीदृशम् घोरम् महा-दुःखम् सुदारुणम् (येन) तु महा-पापम् मया देह-अन्तरे कृतम् तेन इदम् प्राप्यते","कीदृशं तु महापापं मया देहान्तरे कृतम्। तेनेदं प्राप्यते घोरं महादुःखं सुदारुणम्॥"
"जीवितम् त्यक्तुम् इच्छामि शोकेन महता वृता राक्षसीभिः च रक्षन्त्या रामः न आसाद्यते मया (अहम्) (यतः) (ततः)","जीवितम् रामः न आसाद्यते मया (अहम्) (यतः) (ततः) त्यक्तुम् इच्छामि शोकेन महता वृता राक्षसीभिः च रक्षन्त्या","जीवितं त्यक्तुमिच्छामि शोकेन महता वृता। राक्षसीभिश्च रक्षन्त्या रामो नासाद्यते मया॥"
"धिक् अस्तु खलु मानुष्यम् धिक् अस्तु पर-वश्यताम् न शक्यम् यत् परित्यक्तुम् आत्म-छन्देन जीवितम्","धिक् यत् परित्यक्तुम् आत्म-छन्देन जीवितम् अस्तु खलु मानुष्यम् धिक् अस्तु पर-वश्यताम् न शक्यम्","धिगस्तु खलु मानुष्यं धिगस्तु परवश्यताम्। न शक्यं यत् परित्यक्तुमात्मच्छन्देन जीवितम्॥"
"प्रसक्त-अश्रु-मुखी तु एवम् ब्रुवती जनक-आत्मजा अधः-गत-मुखी बाला विलप्तुम् उपचक्रमे उन्मत्ता इव प्रमत्ता इव भ्रान्त-चित्ता इव शोचती उपावृत्ता किशोरी इव विचेष्टन्ती महीतले","प्रसक्त-अश्रु-मुखी उन्मत्ता इव प्रमत्ता इव भ्रान्त-चित्ता इव शोचती उपावृत्ता किशोरी इव तु विचेष्टन्ती महीतले एवम् ब्रुवती जनक-आत्मजा अधः-गत-मुखी बाला विलप्तुम् उपचक्रमे","प्रसक्ताश्रुमुखी त्वेवं ब्रुवती जनकात्मजा। अधोगतमुखी बाला विलप्तुमुपचक्रमे। उन्मत्तेव प्रमत्तेव भ्रान्तचित्तेव शोचती। उपावृत्ता किशोरीव विचेष्टन्ती महीतले॥"
"राघवस्य प्रमत्तस्य रक्षसा काम-रूपिणा रावणेन प्रमथ्य अहम् आनीता क्रोशती बलात्","राघवस्य बलात् प्रमत्तस्य रक्षसा काम-रूपिणा रावणेन प्रमथ्य अहम् आनीता क्रोशती","राघवस्य प्रमत्तस्य रक्षसा कामरूपिणा। रावणेन प्रमथ्याहमानीता क्रोशती बलात्॥"
"राक्षसी-वशम् आपन्ना भर्त्स्यमाना च दारुणम् चिन्तयन्ती सुदुःख-आर्ता न अहम् जीवितुम् उत्सहे","राक्षसी-वशम् जीवितुम् उत्सहे आपन्ना भर्त्स्यमाना च दारुणम् चिन्तयन्ती सुदुःख-आर्ता न अहम्","राक्षसीवशमापन्ना भर्त्स्यमाना च दारुणम्। चिन्तयन्ती सुदुःखार्ता नाहं जीवितुमुत्सहे॥"
"नहि मे जीवितेन अर्थः न एव अर्थैः न च भूषणैः वसन्त्याः राक्षसी-मध्ये विना रामम् महा-रथम् (अस्ति)","नहि भूषणैः वसन्त्याः राक्षसी-मध्ये विना रामम् महा-रथम् (अस्ति) मे जीवितेन अर्थः न एव अर्थैः न च","नहि मे जीवितेनार्थो नैवार्थैर्न च भूषणैः। वसन्त्या राक्षसीमध्ये विना रामं महारथम्॥"
"अश्म-सारम् इदम् नूनम् अथवा अपि अजर-अमरम् हृदयम् मम येन इदम् न दुःखेन विशीर्यते (तेन) (मन्ये)","अश्म-सारम् इदम् न दुःखेन विशीर्यते (तेन) (मन्ये) इदम् नूनम् अथवा अपि अजर-अमरम् हृदयम् मम येन","अश्मसारमिदं नूनमथवाप्यजरामरम्। हृदयं मम येनेदं न दुःखेन विशीर्यते॥"
"धिक् माम् अनार्याम् असतीम् या अहम् तेन विना कृता मुहूर्तम् अपि जीवामि जीवितम् पाप-जीविका (अस्तु) (यतः) (ततः)","धिक् मुहूर्तम् अपि जीवामि जीवितम् पाप-जीविका (अस्तु) (यतः) (ततः) माम् अनार्याम् असतीम् या अहम् तेन विना कृता","धिङ्मामनार्यामसतीं याहं तेन विना कृता। मुहूर्तमपि जीवामि जीवितं पापजीविका॥"
"चरणेन अपि सव्येन न स्पृशेयम् निशा-चरम् रावणम् किम् पुनः अहम् कामयेयम् विगर्हितम्","चरणेन अहम् कामयेयम् विगर्हितम् अपि सव्येन न स्पृशेयम् निशा-चरम् रावणम् किम् पुनः","  चरणेनापि सव्येन न स्पृशेयं निशाचरम्। रावणं किं पुनरहं कामयेयं विगर्हितम्॥"
"प्रत्याख्यानम् न जानाति न आत्मानम् न आत्मनः कुलम् यः नृशंस-स्वभावेन माम् प्रार्थयितुम् इच्छति (सः) (च)","प्रत्याख्यानम् नृशंस-स्वभावेन माम् प्रार्थयितुम् इच्छति (सः) (च) न जानाति न आत्मानम् न आत्मनः कुलम् यः","प्रत्याख्यानं न जानाति नात्मानं नात्मनः कुलम्। यो नृशंसस्वभावेन मां प्रार्थयितुमिच्छति॥"
"छिन्ना भिन्ना प्रभिन्ना वा दीप्ता वा अग्नौ प्रदीपिता रावणम् न उपतिष्ठेयम् किम् प्रलापेन वः चिरम् (अहं) (भवेत्)","छिन्ना न उपतिष्ठेयम् किम् प्रलापेन वः चिरम् (अहं) (भवेत्) भिन्ना प्रभिन्ना वा दीप्ता वा अग्नौ प्रदीपिता रावणम्","छिन्ना भिन्ना प्रभिन्ना वा दीप्ता वाग्नौ प्रदीपिता। रावणं नोपतिष्ठेयं किं प्रलापेन वश्चिरम्॥ "
"ख्यातः प्राज्ञः कृतज्ञः च सानुक्रोशः च राघवः सदवृत्तः निरनुक्रोशः शङ्के मत्-भाग्य-सङ्क्षयात् (सञ्जातः)","ख्यातः शङ्के मत्-भाग्य-सङ्क्षयात् (सञ्जातः) प्राज्ञः कृतज्ञः च सानुक्रोशः च राघवः सदवृत्तः निरनुक्रोशः","ख्यातः प्राज्ञः कृतज्ञश्च सानुक्रोशश्च राघवः। सद‍्वृत्तो निरनुक्रोशः शङ्के मद्भाग्यसंक्षयात्॥"
"राक्षसानाम् जन-स्थाने सहस्राणि चतुर्दश एकेन एव निरस्तानि सः माम् किम् न अभिपद्यते (येन) (तेन)","राक्षसानाम् किम् न अभिपद्यते (येन) (तेन) जन-स्थाने सहस्राणि चतुर्दश एकेन एव निरस्तानि सः माम्","राक्षसानां जनस्थाने सहस्राणि चतुर्दश। एकेनैव निरस्तानि स मां किं नाभिपद्यते॥"
"कामम् मध्ये समुद्रस्य लङ्का इयम् दुष्प्रधर्षणा न तु राघव-बाणानाम् गति-रोधः भविष्यति (भवतु) (तथापि)","कामम् गति-रोधः भविष्यति (भवतु) (तथापि) मध्ये समुद्रस्य लङ्का इयम् दुष्प्रधर्षणा न तु राघव-बाणानाम्","कामं मध्ये समुद्रस्य लङ्केयं दुष्प्रधर्षणा। न तु राघवबाणानां गतिरोधो भविष्यति॥"
"किम् नु तत् कारणम् येन रामः दृढ-पराक्रमः रक्षसा अपहृताम् भार्याम् इष्टाम् यः न अभिपद्यते (अस्ति)","किम् भार्याम् इष्टाम् यः न अभिपद्यते (अस्ति) नु तत् कारणम् येन रामः दृढ-पराक्रमः रक्षसा अपहृताम्","किं नु तत् कारणं येन रामो दृढपराक्रमः। रक्षसापहृतां भार्यामिष्टां यो नाभिपद्यते॥"
"इहस्थाम् माम् न जानीते शङ्के लक्ष्मण-पूर्वजः जानन् अपि सः तेजस्वी धर्षणाम् मर्षयिष्यति (इति)","इहस्थाम् तेजस्वी धर्षणाम् मर्षयिष्यति (इति) माम् न जानीते शङ्के लक्ष्मण-पूर्वजः जानन् अपि सः","इहस्थां मां न जानीते शङ्के लक्ष्मणपूर्वजः। जानन्नपि स तेजस्वी धर्षणां मर्षयिष्यति॥"
"हृता इति माम् यः अधिगत्य राघवाय निवेदयेत् गृध्र-राजः अपि सः रणे रावणेन निपातितः","हृता सः रणे रावणेन निपातितः इति माम् यः अधिगत्य राघवाय निवेदयेत् गृध्र-राजः अपि","हृतेति मां योऽधिगत्य राघवाय निवेदयेत्। गृध्रराजोऽपि स रणे रावणेन निपातितः॥"
"कृतम् कर्म महत् तेन माम् तथा अभ्यवपद्यता तिष्ठता रावण-वधे वृद्धेन अपि जटा-आयुषा","कृतम् वृद्धेन अपि जटा-आयुषा कर्म महत् तेन माम् तथा अभ्यवपद्यता तिष्ठता रावण-वधे","कृतं कर्म महत् तेन मां तथाभ्यवपद्यता। तिष्ठता रावणवधे वृद्धेनापि जटायुषा॥"
"यदि माम् इह जानीयात् वर्तमानाम् हि राघवः अद्य बाणैः अभिक्रुद्धः कुर्यात् लोकम् अराक्षसम् निर्दहेत् च पुरीम् लङ्काम् निर्दहेत् च महा-उदधिम् रावणस्य च नीचस्य कीर्तिम् नाम च नाशयेत् (तदा)","यदि अभिक्रुद्धः कुर्यात् लोकम् अराक्षसम् निर्दहेत् च पुरीम् लङ्काम् निर्दहेत् च माम् महा-उदधिम् रावणस्य च नीचस्य कीर्तिम् नाम च नाशयेत् (तदा) इह जानीयात् वर्तमानाम् हि राघवः अद्य बाणैः","यदि मामिह जानीयाद् वर्तमानां हि राघवः। अद्य बाणैरभिक्रुद्धः कुर्याल्लोकमराक्षसम् । निर्दहेच्च पुरीं लङ्कां निर्दहेच्च महोदधिम्। रावणस्य च नीचस्य कीर्तिं नाम च नाशयेत्॥"
"ततः निहत-नाथानाम् राक्षसीनाम् गृहे गृहे यथा अहम् एवम् रुदती तथा भूयः न संशयः (भविष्यति) (इति)","ततः तथा भूयः न संशयः (भविष्यति) (इति) निहत-नाथानाम् राक्षसीनाम् गृहे गृहे यथा अहम् एवम् रुदती","ततो निहतनाथानां राक्षसीनां गृहे गृहे। यथाहमेवं रुदती तथा भूयो न संशयः॥"
"अन्विष्य रक्षसाम् लङ्काम् कुर्यात् रामः सलक्ष्मणः नहि ताभ्याम् रिपुः दृष्टः मुहूर्तम् अपि जीवति","अन्विष्य दृष्टः मुहूर्तम् अपि जीवति रक्षसाम् लङ्काम् कुर्यात् रामः सलक्ष्मणः नहि ताभ्याम् रिपुः","अन्विष्य रक्षसां लङ्कां कुर्याद् रामः सलक्ष्मणः। नहि ताभ्यां रिपुर्दृष्टो मुहूर्तमपि जीवति॥"
"चिता-धूम-आकुल-पथा गृध्र-मण्डल-मण्डिता अचिरेण एव कालेन श्मशान-सदृशी भवेत् (लङ्का)","चिता-धूम-आकुल-पथा गृध्र-मण्डल-मण्डिता अचिरेण एव कालेन श्मशान-सदृशी भवेत् (लङ्का)","चिताधूमाकुलपथा गृध्रमण्डलमण्डिता। अचिरेणैव कालेन श्मशानसदृशी भवेत्॥ "
"अचिरेण एव कालेन प्राप्स्यामि एनम् मनोरथम् दुष्प्रस्थानः अयम् आभाति सर्वेषाम् वः विपर्ययः (यतः) (ततः)","अचिरेण सर्वेषाम् वः विपर्ययः (यतः) (ततः) एव कालेन प्राप्स्यामि एनम् मनोरथम् दुष्प्रस्थानः अयम् आभाति","अचिरेणैव कालेन प्राप्स्याम्येनं मनोरथम्। दुष्प्रस्थानोऽयमाभाति सर्वेषां वो विपर्ययः॥"
"यादृशानि तु दृश्यन्ते लङ्कायाम् अशुभानि तु अचिरेण एव कालेन भविष्यति हत-प्रभा","यादृशानि भविष्यति हत-प्रभा तु दृश्यन्ते लङ्कायाम् अशुभानि तु अचिरेण एव कालेन","यादृशानि तु दृश्यन्ते लङ्कायामशुभानि तु। अचिरेणैव कालेन भविष्यति हतप्रभा॥"
"नूनम् लङ्का हते पापे रावणे राक्षस-अधिपे शोषम् एष्यति दुर्धर्षा प्रमदा विधवा यथा","नूनम् प्रमदा विधवा यथा लङ्का हते पापे रावणे राक्षस-अधिपे शोषम् एष्यति दुर्धर्षा","नूनं लङ्का हते पापे रावणे राक्षसाधिपे। शोषमेष्यति दुर्धर्षा प्रमदा विधवा यथा॥"
"पुण्य-उत्सव-समृद्धा च नष्ट-भर्त्री सराक्षसा भविष्यति पुरी लङ्का नष्ट-भर्त्री यथा अङ्गना","पुण्य-उत्सव-समृद्धा अङ्गना च नष्ट-भर्त्री सराक्षसा भविष्यति पुरी लङ्का नष्ट-भर्त्री यथा","पुण्योत्सवसमृद्धा च नष्टभर्त्री सराक्षसा। भविष्यति पुरी लङ्का नष्टभर्त्री यथांगना॥"
"नूनम् राक्षस-कन्यानाम् रुदतीनाम् गृहे गृहे श्रोष्यामि नचिरात् एव दुःखार्तानाम् इह ध्वनिम्","नूनम् इह ध्वनिम् राक्षस-कन्यानाम् रुदतीनाम् गृहे गृहे श्रोष्यामि नचिरात् एव दुःखार्तानाम्","नूनं राक्षसकन्यानां रुदतीनां गृहे गृहे। श्रोष्यामि नचिरादेव दुःखार्तानामिह ध्वनिम्॥"
"सान्धकारा हत-द्योता हत-राक्षस-पुङ्गवा भविष्यति पुरी लङ्का निर्दग्धा राम-सायकैः यदि नाम सः शूरः माम् रामः रक्त-अन्त-लोचनः जानीयात् वर्तमानाम् याम् राक्षसस्य निवेशने (तर्हि)","सान्धकारा नाम सः शूरः माम् रामः रक्त-अन्त-लोचनः जानीयात् वर्तमानाम् याम् राक्षसस्य हत-द्योता निवेशने (तर्हि) हत-राक्षस-पुङ्गवा भविष्यति पुरी लङ्का निर्दग्धा राम-सायकैः यदि","सान्धकारा हतद्योता हतराक्षसपुंगवा। भविष्यति पुरी लङ्का निर्दग्धा रामसायकैः। यदि नाम स शूरो मां रामो रक्तान्तलोचनः। जानीयाद् वर्तमानां यां राक्षसस्य निवेशने॥"
"अनेन तु नृ-शंसेन रावणेन अधमेन मे समयः यः तु निर्दिष्टः तस्य कालः अयम् आगतः (सः)","अनेन निर्दिष्टः तस्य कालः अयम् आगतः (सः) तु नृ-शंसेन रावणेन अधमेन मे समयः यः तु","अनेन तु नृशंसेन रावणेनाधमेन मे। समयो यस्तु निर्दिष्टस्तस्य कालोऽयमागतः॥"
"सः च मे विहितः मृत्युः अस्मिन् दुष्टेन वर्तते अकार्यम् ये न जानन्ति नैरृताः पाप-कारिणः (ते) (स्युः)","सः ये न जानन्ति नैरृताः पाप-कारिणः (ते) (स्युः) च मे विहितः मृत्युः अस्मिन् दुष्टेन वर्तते अकार्यम्","स च मे विहितो मृत्युरस्मिन् दुष्टेन वर्तते। अकार्यं ये न जानन्ति नैर्ऋताः पापकारिणः॥"
"अधर्मात् तु महा-उत्पातः भविष्यति हि साम्प्रतम् न एते धर्मम् विजानन्ति राक्षसाः पिशिताशनाः (यतः) (ततः)","अधर्मात् विजानन्ति राक्षसाः पिशिताशनाः (यतः) (ततः) तु महा-उत्पातः भविष्यति हि साम्प्रतम् न एते धर्मम्","अधर्मात् तु महोत्पातो भविष्यति हि साम्प्रतम्। नैते धर्मं विजानन्ति राक्षसाः पिशिताशनाः॥"
"ध्रुवम् माम् प्रातरशार्थम् राक्षसः कल्पयिष्यति","ध्रुवम् माम् प्रातरशार्थम् राक्षसः कल्पयिष्यति","ध्रुवं मां प्रातराशार्थं राक्षसः कल्पयिष्यति।"
"सा अहम् कथम् करिष्यामि तम् विना प्रिय-दर्शनम् रामम् रक्त-अन्त-नयनम् अपश्यन्ती सुदुःखिता","सा अपश्यन्ती सुदुःखिता अहम् कथम् करिष्यामि तम् विना प्रिय-दर्शनम् रामम् रक्त-अन्त-नयनम्","साहं कथं करिष्यामि तं विना प्रियदर्शनम्। रामं रक्तान्तनयनमपश्यन्ती सुदुःखिता।"
"क्षिप्रम् वैवस्वतम् देवम् पश्येयम् पतिना विना (अहम्)","क्षिप्रम् वैवस्वतम् देवम् पश्येयम् पतिना विना (अहम्)","क्षिप्रं वैवस्वतं देवं पश्येयं पतिना विना॥ "
"न अजानात् जीवतीम् रामः सः माम् भरत-पूर्वजः जानन्तौ तु न कुर्याताम् न उर्व्याम् हि परिमार्गणम्","न न कुर्याताम् न उर्व्याम् हि परिमार्गणम् अजानात् जीवतीम् रामः सः माम् भरत-पूर्वजः जानन्तौ तु","नाजानाज्जीवतीं रामः स मां भरतपूर्वजः। जानन्तौ तु न कुर्यातां नोर्व्यां हि परिमार्गणम्॥"
"नूनम् मम एव शोकेन सः वीरः लक्ष्मण-अग्रजः देव-लोकम् इतः यातः त्यक्त्वा देहम् .","नूनम् यातः त्यक्त्वा देहम् . मम एव शोकेन सः वीरः लक्ष्मण-अग्रजः देव-लोकम् इतः","नूनं ममैव शोकेन स वीरो लक्ष्मणाग्रजः। देवलोकमितो यातस्त्यक्त्वा देहं महीतले॥"
"धन्याः देवाः सगन्धर्वाः सिद्धाः च परम-ऋषयः मम पश्यन्ति ये वीरम् रामम् राजीव-लोचनम् (ते)","धन्याः वीरम् रामम् राजीव-लोचनम् (ते) देवाः सगन्धर्वाः सिद्धाः च परम-ऋषयः मम पश्यन्ति ये","धन्या देवाः सगन्धर्वाः सिद्धाश्च परमर्षयः। मम पश्यन्ति ये वीरं रामं राजीवलोचनम्॥"
"अथवा नहि हि तस्य अर्थः धर्म-कामस्य धीमतः मया रामस्य राज-ऋषेः भार्यया परमात्मनः (अस्ति)","अथवा राज-ऋषेः भार्यया परमात्मनः (अस्ति) नहि हि तस्य अर्थः धर्म-कामस्य धीमतः मया रामस्य","अथवा नहि तस्यार्थो धर्मकामस्य धीमतः। मया रामस्य राजर्षेर्भार्यया परमात्मनः॥"
"दृश्यमाने भवेत् प्रीतिः सौहृदम् न अस्ति अदृश्यतः नाशयन्ति कृतघ्नाः तु न रामः नाशयिष्यति (सौहृदम्)","दृश्यमाने तु न रामः नाशयिष्यति (सौहृदम्) भवेत् प्रीतिः सौहृदम् न अस्ति अदृश्यतः नाशयन्ति कृतघ्नाः","दृश्यमाने भवेत् प्रीतिः सौहृदं नास्त्यदृश्यतः। नाशयन्ति कृतघ्नास्तु न रामो नाशयिष्यति॥"
"किंवा मयि अगुणाः केचित् किंवा भाग्य-क्षयः हि मे या हि सीता वर-अर्हेण हीना रामेण भामिनी (सन्ति) (अस्ति)","किंवा हि सीता वर-अर्हेण हीना रामेण भामिनी (सन्ति) (अस्ति) मयि अगुणाः केचित् किंवा भाग्य-क्षयः हि मे या","किं वा मय्यगुणाः केचित् किं वा भाग्यक्षयो हि मे। या हि सीता वरार्हेण हीना रामेण भामिनी॥"
"श्रेयः मे जीवितात् मर्तुम् विहीनायाः महा-आत्मना रामात् अक्लिष्ट-चारित्रात् शूरात् शत्रु-निबर्हणात् (भवति)","श्रेयः शत्रु-निबर्हणात् (भवति) मे जीवितात् मर्तुम् विहीनायाः महा-आत्मना रामात् अक्लिष्ट-चारित्रात् शूरात्","श्रेयो मे जीवितान्मर्तुं विहीनाया महात्मना। रामादक्लिष्टचारित्राच्छूराच्छत्रुनिबर्हणात्॥"
"अथवा न्यस्त-शस्त्रौ तौ वने मूल-फल-अशनौ भ्रातरौ हि नर-श्रेष्ठौ चरन्तौ वन-गोचरौ (अभवताम्)","अथवा वन-गोचरौ (अभवताम्) न्यस्त-शस्त्रौ तौ वने मूल-फल-अशनौ भ्रातरौ हि नर-श्रेष्ठौ चरन्तौ","अथवा न्यस्तशस्त्रौ तौ वने मूलफलाशनौ। भ्रातरौ हि नरश्रेष्ठौ चरन्तौ वनगोचरौ॥"
"अथवा राक्षस-इन्द्रेण रावणेन दुरात्मना छद्मना घातितौ शूरौ भ्रातरौ रामलक्ष्मणौ (आस्ताम्)","अथवा (आस्ताम्) राक्षस-इन्द्रेण रावणेन दुरात्मना छद्मना घातितौ शूरौ भ्रातरौ रामलक्ष्मणौ","अथवा राक्षसेन्द्रेण रावणेन दुरात्मना। छद्मना घातितौ शूरौ भ्रातरौ रामलक्ष्मणौ॥"
"सा अहम् एवंविधे काले मर्तुम् इच्छामि सर्वतः न च मे विहितः मृत्युः अस्मिन् दुःखे अतिवर्तति (अस्ति)","सा मे विहितः मृत्युः अस्मिन् दुःखे अतिवर्तति (अस्ति) अहम् एवंविधे काले मर्तुम् इच्छामि सर्वतः न च","साहमेवंविधे काले मर्तुमिच्छामि सर्वतः। न च मे विहितो मृत्युरस्मिन् दुःखेऽतिवर्तति॥"
"धन्याः खलु महा-आत्मानः मुनयः सत्य-सम्मताः जित-आत्मानः महा-भागाः येषाम् न स्तः प्रिया-अप्रिये (भवन्ति) (ते)","धन्याः स्तः प्रिया-अप्रिये (भवन्ति) (ते) खलु महा-आत्मानः मुनयः सत्य-सम्मताः जित-आत्मानः महा-भागाः येषाम् न","धन्याः खलु महात्मानो मुनयः सत्यसम्मताः। जितात्मानो महाभागा येषां न स्तः प्रियाप्रिये॥"
"प्रियात् न सम्भवेत् दुःखम् अप्रियात् अधिकम् भवेत् ताभ्याम् हि ते वियुज्यन्ते नमः तेषाम् महा-आत्मनाम्","प्रियात् ते वियुज्यन्ते नमः तेषाम् महा-आत्मनाम् न सम्भवेत् दुःखम् अप्रियात् अधिकम् भवेत् ताभ्याम् हि","प्रियान्न सम्भवेद् दुःखमप्रियादधिकं भवेत्। ताभ्यां हि ते वियुज्यन्ते नमस्तेषां महात्मनाम्॥"
"सा अहम् त्यक्ता प्रियेण एव रामेण विदित-आत्मना प्राणान् त्यक्ष्यामि पापस्य रावणस्य गता वशम्","सा पापस्य रावणस्य गता वशम् अहम् त्यक्ता प्रियेण एव रामेण विदित-आत्मना प्राणान् त्यक्ष्यामि","साहं त्यक्ता प्रियेणैव रामेण विदितात्मना। प्राणांस्त्यक्ष्यामि पापस्य रावणस्य गता वशम्॥"
"इति उक्ताः सीतया घोरम् राक्षस्यः क्रोध-मूर्च्छिताः काश्चित् जग्मुः तत् आख्यातुम् रावणस्य दुरात्मनः (समीपम्)","इति आख्यातुम् रावणस्य दुरात्मनः (समीपम्) उक्ताः सीतया घोरम् राक्षस्यः क्रोध-मूर्च्छिताः काश्चित् जग्मुः तत्","इत्युक्ताः सीतया घोरं राक्षस्यः क्रोधमूर्च्छिताः। काश्चिज्जग्मुस्तदाख्यातुं रावणस्य दुरात्मनः॥"
"ततः सीताम् उपागम्य राक्षस्यः भीम-दर्शनाः पुनः परुषम् एकार्थम् अनर्थ-अर्थम् अथ अब्रुवन्","ततः अथ अब्रुवन् सीताम् उपागम्य राक्षस्यः भीम-दर्शनाः पुनः परुषम् एकार्थम् अनर्थ-अर्थम्","ततः सीतामुपागम्य राक्षस्यो भीमदर्शनाः। पुनः परुषमेकार्थमनर्थार्थमथाब्रुवन्॥"
"अद्य इदानीम् तव अनार्ये सीते पाप-विनिश्चये राक्षस्यः भक्षयिष्यन्ति मांसम् एतत् यथासुखम् .","अद्य एतत् यथासुखम् . इदानीम् तव अनार्ये सीते पाप-विनिश्चये राक्षस्यः भक्षयिष्यन्ति मांसम्","अद्येदानीं तवानार्ये सीते पापविनिश्चये। राक्षस्यो भक्षयिष्यन्ति मांसमेतद् यथासुखम्॥"
"सीताम् ताभिः अनार्याभिः दृष्ट्वा सन्तर्जिताम् तदा राक्षसी त्रि-जटा वृद्धा प्रबुद्धा वाक्यम् अब्रवीत्","सीताम् प्रबुद्धा वाक्यम् अब्रवीत् ताभिः अनार्याभिः दृष्ट्वा सन्तर्जिताम् तदा राक्षसी त्रि-जटा वृद्धा","सीतां ताभिरनार्याभिर्दृष्ट्वा संतर्जितां तदा। राक्षसी त्रिजटा वृद्धा प्रबुद्धा वाक्यमब्रवीत्॥"
"आत्मानम् खादत अनार्याः न सीताम् भक्षयिष्यथ जनकस्य सुताम् इष्टाम् स्नुषाम् दशरथस्य च","आत्मानम् स्नुषाम् दशरथस्य च खादत अनार्याः न सीताम् भक्षयिष्यथ जनकस्य सुताम् इष्टाम्","आत्मानं खादतानार्या न सीतां भक्षयिष्यथ। जनकस्य सुतामिष्टां स्नुषां दशरथस्य च॥"
"स्वप्नः हि अद्य मया दृष्टः दारुणः रोम-हर्षणः राक्षसानाम् अभावाय भर्तुः अस्याः भवाय च","स्वप्नः भर्तुः अस्याः भवाय च हि अद्य मया दृष्टः दारुणः रोम-हर्षणः राक्षसानाम् अभावाय","स्वप्नो ह्यद्य मया दृष्टो दारुणो रोमहर्षणः। राक्षसानामभावाय भर्तुरस्या भवाय च॥"
"एवम् उक्ताः त्रि-जटया राक्षस्यः क्रोध-मूर्च्छिताः सर्वाः एव अब्रुवन् भीताः त्रि-जटाम् ताम् इदम् वचः","एवम् त्रि-जटाम् ताम् इदम् वचः उक्ताः त्रि-जटया राक्षस्यः क्रोध-मूर्च्छिताः सर्वाः एव अब्रुवन् भीताः","एवमुक्तास्त्रिजटया राक्षस्यः क्रोधमूर्च्छिताः। सर्वा एवाब्रुवन् भीतास्त्रिजटां तामिदं वचः॥"
"कथयस्व त्वया दृष्टः स्वप्नः अयम् कीदृशः निशि (इति)","कथयस्व त्वया दृष्टः स्वप्नः अयम् कीदृशः निशि (इति)","कथयस्व त्वया दृष्टः स्वप्नोऽयं कीदृशो निशि।"
"तासाम् श्रुत्वा तु वचनम् राक्षसीनाम् मुखोद्गतम् उवाच वचनम् काले त्रि-जटा स्वप्न-संश्रितम्","तासाम् त्रि-जटा स्वप्न-संश्रितम् श्रुत्वा तु वचनम् राक्षसीनाम् मुखोद्गतम् उवाच वचनम् काले","तासां श्रुत्वा तु वचनं राक्षसीनां मुखोद‍्गतम्। उवाच वचनं काले त्रिजटा स्वप्नसंश्रितम्।"
"गजदन्तमयीम् दिव्याम् शिबिकाम् अन्तरिक्ष-गाम् युक्ताम् वाजि-सहस्रेण स्वयम् आस्थाय राघवः शुक्ल-माल्याम्बर-धरः लक्ष्मणेन समागतः (अस्ति)","गजदन्तमयीम् लक्ष्मणेन समागतः (अस्ति) दिव्याम् शिबिकाम् अन्तरिक्ष-गाम् युक्ताम् वाजि-सहस्रेण स्वयम् आस्थाय राघवः शुक्ल-माल्याम्बर-धरः","गजदन्तमयीं दिव्यां शिबिकामन्तरिक्षगाम्। युक्तां वाजिसहस्रेण स्वयमास्थाय राघवः। शुक्लमाल्याम्बरधरो लक्ष्मणेन समागतः"
"स्वप्ने च अद्य मया दृष्टा सीता शुक्ल-अम्बर-आवृता सागरेण परिक्षिप्तम् श्वेत-पर्वतम् आस्थिता रामेण सङ्गता सीता भास्करेण प्रभा यथा .","स्वप्ने श्वेत-पर्वतम् आस्थिता रामेण सङ्गता सीता भास्करेण प्रभा यथा . च अद्य मया दृष्टा सीता शुक्ल-अम्बर-आवृता सागरेण परिक्षिप्तम्","स्वप्ने चाद्य मया दृष्टा सीता शुक्लाम्बरावृता। सागरेण परिक्षिप्तं श्वेतपर्वतमास्थिता। रामेण संगता सीता भास्करेण प्रभा यथा।"
"राघवः च पुनः दृष्टः चतुः-दन्तम् महा-गजम् आरूढः शैल-सङ्काशम् चकास सह-लक्ष्मणः (सः)","राघवः सह-लक्ष्मणः (सः) च पुनः दृष्टः चतुः-दन्तम् महा-गजम् आरूढः शैल-सङ्काशम् चकास","राघवश्च पुनर्दृष्टश्चतुर्दन्तं महागजम्। आरूढः शैलसंकाशं चकास सहलक्ष्मणः।"
"ततः तु सूर्य-सङ्काशौ दीप्यमानौ स्व-तेजसा शुक्ल-माल्याम्बर-धरौ जानकीम् पर्युपस्थितौ (तौ) (दृष्टौ)","ततः (दृष्टौ) तु सूर्य-सङ्काशौ दीप्यमानौ स्व-तेजसा शुक्ल-माल्याम्बर-धरौ जानकीम् पर्युपस्थितौ (तौ)","ततस्तु सूर्यसंकाशौ दीप्यमानौ स्वतेजसा। शुक्लमाल्याम्बरधरौ जानकीं पर्युपस्थितौ।"
"ततः तस्य नगस्य अग्रे हि आकाशस्थस्य दन्तिनः भर्त्रा परिगृहीतस्य जानकी स्कन्धम् आश्रिता भर्तुः अङ्कात् समुत्पत्य ततः कमल-लोचना (दृष्टा)","ततः जानकी स्कन्धम् आश्रिता भर्तुः अङ्कात् समुत्पत्य ततः कमल-लोचना (दृष्टा) तस्य नगस्य अग्रे हि आकाशस्थस्य दन्तिनः भर्त्रा परिगृहीतस्य","ततस्तस्य नगस्याग्रे ह्याकाशस्थस्य दन्तिनः। भर्त्रा परिगृहीतस्य जानकी स्कन्धमाश्रिता। भर्तुरङ्कात् समुत्पत्य ततः कमललोचना॥"
"चन्द्र-सूर्यौ मया दृष्टा पाणिभ्याम् परिमार्जती ततः ताभ्याम् कुमाराभ्याम् आस्थितः सः गज-उत्तमः सीतया च विशाल-अक्ष्या लङ्कायाः उपरि स्थितः (सीता) (च)","चन्द्र-सूर्यौ सः गज-उत्तमः सीतया च विशाल-अक्ष्या लङ्कायाः उपरि स्थितः (सीता) (च) मया दृष्टा पाणिभ्याम् परिमार्जती ततः ताभ्याम् कुमाराभ्याम् आस्थितः","चन्द्रसूर्यौ मया दृष्टा पाणिभ्यां परिमार्जती। ततस्ताभ्यां कुमाराभ्यामास्थितः स गजोत्तमः। सीतया च विशालाक्ष्या लङ्काया उपरि स्थितः॥"
"पाण्डुर-ऋषभ-युक्तेन रथेन अष्ट-युजा स्वयम् शुक्ल-माल्याम्बर-धरः लक्ष्मणेन सह आगतः ततः अन्यत्र मया दृष्टः रामः सत्य-पराक्रमः","पाण्डुर-ऋषभ-युक्तेन मया दृष्टः रामः सत्य-पराक्रमः रथेन अष्ट-युजा स्वयम् शुक्ल-माल्याम्बर-धरः लक्ष्मणेन सह आगतः ततः अन्यत्र","पाण्डुरर्षभयुक्तेन रथेनाष्टयुजा स्वयम्। शुक्लमाल्याम्बरधरो लक्ष्मणेन सहागतः। ततोऽन्यत्र मया दृष्टो रामः सत्यपराक्रमः॥ "
"लक्ष्मणेन सह भ्रात्रा सीतया सह वीर्यवान् आरुह्य पुष्पकम् दिव्यम् विमानम् सूर्य-सन्निभम् उत्तराम् दिशम् आलोच्य प्रस्थितः पुरुष-उत्तमः (अस्ति)","लक्ष्मणेन विमानम् सूर्य-सन्निभम् उत्तराम् दिशम् आलोच्य प्रस्थितः पुरुष-उत्तमः (अस्ति) सह भ्रात्रा सीतया सह वीर्यवान् आरुह्य पुष्पकम् दिव्यम्","लक्ष्मणेन सह भ्रात्रा सीतया सह वीर्यवान्। आरुह्य पुष्पकं दिव्यं विमानं सूर्यसंनिभम्। उत्तरां दिशमालोच्य प्रस्थितः पुरुषोत्तमः।"
"रावणः च मया दृष्टः मुण्डः तैल-समुक्षितः","रावणः च मया दृष्टः मुण्डः तैल-समुक्षितः","रावणश्च मया दृष्टो मुण्डस्तैलसमुक्षितः॥"
"रक्त-वासाः पिबन् मत्तः कर-वीर-कृत-स्रजः विमानात् पुष्पकात् अद्य रावणः पतितः क्षितौ","रक्त-वासाः क्षितौ पिबन् मत्तः कर-वीर-कृत-स्रजः विमानात् पुष्पकात् अद्य रावणः पतितः","रक्तवासाः पिबन्मत्तः करवीरकृतस्रजः। विमानात् पुष्पकादद्य रावणः पतितः क्षितौ॥"
"कृष्यमाणः स्त्रिया मुण्डः दृष्टः कृष्ण-अम्बरः पुनः रथेन खर-युक्तेन रक्त-माल्य-अनुलेपनः (रावणः)","कृष्यमाणः (रावणः) स्त्रिया मुण्डः दृष्टः कृष्ण-अम्बरः पुनः रथेन खर-युक्तेन रक्त-माल्य-अनुलेपनः","कृष्यमाणः स्त्रिया मुण्डो दृष्टः कृष्णाम्बरः पुनः। रथेन खरयुक्तेन रक्तमाल्यानुलेपनः॥"
"पिबन् तैलम् हसन् नृत्यन् भ्रान्त-चित्त-आकुल-इन्द्रियः गर्दभेन ययौ शीघ्रम् दक्षिणाम् दिशम् आस्थितः (रावणः)","पिबन् दिशम् आस्थितः (रावणः) तैलम् हसन् नृत्यन् भ्रान्त-चित्त-आकुल-इन्द्रियः गर्दभेन ययौ शीघ्रम् दक्षिणाम्","पिबंस्तैलं हसन्नृत्यन् भ्रान्तचित्ताकुलेन्द्रियः। गर्दभेन ययौ शीघ्रं दक्षिणां दिशमास्थितः॥"
"पुनः एव मया दृष्टः रावणः राक्षस-ईश्वरः पतितः अवाक्-शिराः भूमौ गर्दभात् भय-मोहितः","पुनः गर्दभात् भय-मोहितः एव मया दृष्टः रावणः राक्षस-ईश्वरः पतितः अवाक्-शिराः भूमौ","पुनरेव मया दृष्टो रावणो राक्षसेश्वरः। पतितोऽवाक्शिरा भूमौ गर्दभाद् भयमोहितः॥"
"सहसा उत्थाय सम्भ्रान्तः भय-आर्तः मद-विह्वलः उन्मत्त-रूपः दिग्-वासाः दुर्वाक्यम् प्रलपन् बहु (रावणः) (आस्त)","सहसा बहु (रावणः) (आस्त) उत्थाय सम्भ्रान्तः भय-आर्तः मद-विह्वलः उन्मत्त-रूपः दिग्-वासाः दुर्वाक्यम् प्रलपन्","सहसोत्थाय सम्भ्रान्तो भयार्तो मदविह्वलः। उन्मत्तरूपो दिग्वासा दुर्वाक्यं प्रलपन् बहु॥"
"दुर्गन्धम् दुःसहम् घोरम् तिमिरम् नरक-उपमम् मल-पङ्कम् प्रविश्य आशु मग्नः तत्र सः रावणः (दृष्टः)","दुर्गन्धम् तत्र सः रावणः (दृष्टः) दुःसहम् घोरम् तिमिरम् नरक-उपमम् मल-पङ्कम् प्रविश्य आशु मग्नः","दुर्गन्धं दुःसहं घोरं तिमिरं नरकोपमम्। मलपङ्कं प्रविश्याशु मग्नस्तत्र स रावणः॥"
"प्रस्थितः दक्षिणाम् आशाम् प्रविष्टः अकर्दमम् ह्रदम् (कुम्भकर्णः) (दृष्टः)","प्रस्थितः दक्षिणाम् आशाम् प्रविष्टः अकर्दमम् ह्रदम् (कुम्भकर्णः) (दृष्टः)","प्रस्थितो दक्षिणामाशां प्रविष्टोऽकर्दमं ह्रदम्।"
"कण्ठे बद्ध्वा दश-ग्रीवम् प्रमदा रक्त-वासिनी काली कर्दम-लिप्ताङ्गी दिशम् याम्याम् प्रकर्षति","कण्ठे प्रकर्षति बद्ध्वा दश-ग्रीवम् प्रमदा रक्त-वासिनी काली कर्दम-लिप्ताङ्गी दिशम् याम्याम्","कण्ठे बद्‍ध्वा दशग्रीवं प्रमदा रक्तवासिनी। काली कर्दमलिप्तांगी दिशं याम्यां प्रकर्षति।"
"एवम् तत्र मया दृष्टः कुम्भकर्णः महा-बलः","एवम् तत्र मया दृष्टः कुम्भकर्णः महा-बलः","एवं तत्र मया दृष्टः कुम्भकर्णो महाबलः॥"
"रावणस्य सुताः सर्वे मुण्डाः तैल-समुक्षिताः (दृष्टाः)","रावणस्य सुताः सर्वे मुण्डाः तैल-समुक्षिताः (दृष्टाः)","रावणस्य सुताः सर्वे मुण्डास्तैलसमुक्षिताः।"
"वराहेण दशग्रीवः शिशु-मारेण च इन्द्र-जित् उष्ट्रेण कुम्भकर्णः च प्रयातः दक्षिणाम् दिशम् (प्रयातः) (प्रयातः)","वराहेण दक्षिणाम् दिशम् (प्रयातः) (प्रयातः) दशग्रीवः शिशु-मारेण च इन्द्र-जित् उष्ट्रेण कुम्भकर्णः च प्रयातः","वराहेण दशग्रीवः शिशुमारेण चेन्द्रजित्। उष्ट्रेण कुम्भकर्णश्च प्रयातो दक्षिणां दिशम्।"
"एकः तत्र मया दृष्टः श्वेतच्छत्रः विभीषणः चतुर्भिः सचिवैः सार्धम् वैहायसम् उपस्थितः","एकः वैहायसम् उपस्थितः तत्र मया दृष्टः श्वेतच्छत्रः विभीषणः चतुर्भिः सचिवैः सार्धम्","एकस्तत्र मया दृष्टः श्वेतच्छत्रो विभीषणः। चतुर्भिः सचिवैः सार्धं वैहायसमुपस्थितः॥"
"समाजः च महान् वृत्तः गीतवादित्र-निःस्वनः पिबताम् रक्त-माल्यानाम् रक्षसाम् रक्त-वाससाम्","समाजः च महान् वृत्तः गीतवादित्र-निःस्वनः पिबताम् रक्त-माल्यानाम् रक्षसाम् रक्त-वाससाम्","समाजश्च महान् वृत्तो गीतवादित्रनिःस्वनः। पिबतां रक्तमाल्यानां रक्षसां रक्तवाससाम्॥"
"लङ्का च इयम् पुरी रम्या सवाजि-रथ-कुञ्जरा सागरे पतिता दृष्टा भग्न-गोपुर-तोरणा","लङ्का दृष्टा भग्न-गोपुर-तोरणा च इयम् पुरी रम्या सवाजि-रथ-कुञ्जरा सागरे पतिता","लङ्का चेयं पुरी रम्या सवाजिरथकुञ्जरा। सागरे पतिता दृष्टा भग्नगोपुरतोरणा॥"
"पीत्वा तैलम् प्रमत्ताः च प्रहसन्त्यः महा-स्वनाः लङ्कायाम् भस्म-रूक्षायाम् सर्वाः राक्षस-योषितः (आसन्)","पीत्वा राक्षस-योषितः (आसन्) तैलम् प्रमत्ताः च प्रहसन्त्यः महा-स्वनाः लङ्कायाम् भस्म-रूक्षायाम् सर्वाः","पीत्वा तैलं प्रमत्ताश्च प्रहसन्त्यो महास्वनाः। लङ्कायां भस्मरूक्षायां सर्वा राक्षसयोषितः॥ "
"कुम्भकर्ण-आदयः च इमे सर्वे राक्षस-पुङ्गवाः रक्तम् निवसनम् गृह्य प्रविष्टाः गोमय-ह्रदम्","कुम्भकर्ण-आदयः गोमय-ह्रदम् च इमे सर्वे राक्षस-पुङ्गवाः रक्तम् निवसनम् गृह्य प्रविष्टाः","कुम्भकर्णादयश्चेमे सर्वे राक्षसपुंगवाः। रक्तं निवसनं गृह्य प्रविष्टा गोमयह्रदम्॥"
"अपगच्छत पश्यध्वम् सीताम् आप्नोति राघवः घातयेत् परम-आमर्षी युष्मान् सार्धम् हि राक्षसैः (यूयम्) (इति)","अपगच्छत हि राक्षसैः (यूयम्) (इति) पश्यध्वम् सीताम् आप्नोति राघवः घातयेत् परम-आमर्षी युष्मान् सार्धम्","अपगच्छत पश्यध्वं सीतामाप्नोति राघवः। घातयेत् परमामर्षी युष्मान् सार्धं हि राक्षसैः॥"
"प्रियाम् बहु-मताम् भार्याम् वन-वासम् अनुव्रताम् भर्त्सिताम् तर्जिताम् वा अपि न अनुमंस्यति राघवः","प्रियाम् न अनुमंस्यति राघवः बहु-मताम् भार्याम् वन-वासम् अनुव्रताम् भर्त्सिताम् तर्जिताम् वा अपि","प्रियां बहुमतां भार्यां वनवासमनुव्रताम्। भर्त्सितां तर्जितां वापि नानुमंस्यति राघवः॥"
"तत् अलम् क्रूर-वाक्यैः च सान्त्वम् एव अभिधीयताम् अभियाचाम वैदेहीम् एतत् हि मम रोचते (करोतु)","तत् एतत् हि मम रोचते (करोतु) अलम् क्रूर-वाक्यैः च सान्त्वम् एव अभिधीयताम् अभियाचाम वैदेहीम्","तदलं क्रूरवाक्यैश्च सान्त्वमेवाभिधीयताम्। अभियाचाम वैदेहीमेतद्धि मम रोचते॥"
"यस्याः हि एवंविधः स्वप्नः दुःखितायाः प्रदृश्यते सा दुःखैः बहुभिः मुक्ता प्रियम् प्राप्नोति अनुत्तमम्","यस्याः मुक्ता प्रियम् प्राप्नोति अनुत्तमम् हि एवंविधः स्वप्नः दुःखितायाः प्रदृश्यते सा दुःखैः बहुभिः","यस्या ह्येवंविधः स्वप्नो दुःखितायाः प्रदृश्यते। सा दुःखैर्बहुभिर्मुक्ता प्रियं प्राप्नोत्यनुत्तमम्॥"
"भर्त्सिताम् अपि याचध्वम् राक्षस्यः किम् विवक्षया राघवात् हि भयम् घोरम् राक्षसानाम् उपस्थितम् (वर्तते)","भर्त्सिताम् घोरम् राक्षसानाम् उपस्थितम् (वर्तते) अपि याचध्वम् राक्षस्यः किम् विवक्षया राघवात् हि भयम्","भर्त्सितामपि याचध्वं राक्षस्यः किं विवक्षया। राघवाद्धि भयं घोरं राक्षसानामुपस्थितम्॥"
"प्रणिपात-प्रसन्ना हि मैथिली जनक-आत्मजा अलम् एषा परित्रातुम् राक्षस्यः महतः भयात् (अस्ति)","प्रणिपात-प्रसन्ना भयात् (अस्ति) हि मैथिली जनक-आत्मजा अलम् एषा परित्रातुम् राक्षस्यः महतः","प्रणिपातप्रसन्ना हि मैथिली जनकात्मजा। अलमेषा परित्रातुं राक्षस्यो महतो भयात्॥ "
"अपि च अस्याः विशाल-अक्ष्याः न किञ्चित् उपलक्षये विरूपम् अपि च अङ्गेषु सुसूक्ष्मम् अपि लक्षणम्","अपि च अङ्गेषु सुसूक्ष्मम् अपि लक्षणम् च अस्याः विशाल-अक्ष्याः न किञ्चित् उपलक्षये विरूपम् अपि","अपि चास्या विशालाक्ष्या न किंचिदुपलक्षये। विरूपमपि चांगेषु सुसूक्ष्ममपि लक्षणम्॥"
"छाया-वैगुण्य-मात्रम् तु शङ्के दुःखम् उपस्थितम् अदुःख-अर्हाम् इमाम् देवीम् वैहायसम् उपस्थिताम् .","छाया-वैगुण्य-मात्रम् वैहायसम् उपस्थिताम् . तु शङ्के दुःखम् उपस्थितम् अदुःख-अर्हाम् इमाम् देवीम्","छायावैगुण्यमात्रं तु शङ्के दुःखमुपस्थितम्। अदुःखार्हामिमां देवीं वैहायसमुपस्थिताम्॥"
"अर्थ-सिद्धिम् तु वैदेह्याः पश्यामि अहम् उपस्थिताम् राक्षस-इन्द्र-विनाशम् च विजयम् राघवस्य च .","अर्थ-सिद्धिम् राघवस्य च . तु वैदेह्याः पश्यामि अहम् उपस्थिताम् राक्षस-इन्द्र-विनाशम् च विजयम्","अर्थसिद्धिं तु वैदेह्याः पश्याम्यहमुपस्थिताम्। राक्षसेन्द्रविनाशं च विजयं राघवस्य च॥"
"निमित्त-भूतम् एतत् तु श्रोतुम् अस्याः महत्-प्रियम् दृश्यते च स्फुरत्-चक्षुः पद्म-पत्रम् इव आयतम्","निमित्त-भूतम् स्फुरत्-चक्षुः पद्म-पत्रम् इव आयतम् एतत् तु श्रोतुम् अस्याः महत्-प्रियम् दृश्यते च","निमित्तभूतमेतत् तु श्रोतुमस्या महत् प्रियम्। दृश्यते च स्फुरच्चक्षुः पद्मपत्रमिवायतम्॥"
"ईषत् हि हृषितः वा अस्याः दक्षिणायाः हि अदक्षिणः अकस्मात् एव वैदेह्याः बाहुः एकः प्रकम्पते .","ईषत् एव वैदेह्याः बाहुः एकः प्रकम्पते . हि हृषितः वा अस्याः दक्षिणायाः हि अदक्षिणः अकस्मात्","ईषद्धि हृषितो वास्या दक्षिणाया ह्यदक्षिणः। अकस्मादेव वैदेह्या बाहुरेकः प्रकम्पते॥"
"करेणु-हस्त-प्रतिमः सव्यः च उरुः अनुत्तमः वेपन् कथयति इव आस्याः राघवम् पुरतः स्थितम्","करेणु-हस्त-प्रतिमः राघवम् पुरतः स्थितम् सव्यः च उरुः अनुत्तमः वेपन् कथयति इव आस्याः","करेणुहस्तप्रतिमः सव्यश्चोरुरनुत्तमः। वेपन् कथयतीवास्या राघवं पुरतः स्थितम्॥"
"पक्षी च शाखा-निलयम् प्रविष्टः पुनः पुनः च उत्तम-सान्त्व-वादी सुस्वागताम् वाचम् उदीरयाणः पुनः पुनः च उदयति इव हृष्टः .","पक्षी वाचम् उदीरयाणः पुनः पुनः च उदयति इव हृष्टः . च शाखा-निलयम् प्रविष्टः पुनः पुनः च उत्तम-सान्त्व-वादी सुस्वागताम्","पक्षी च शाखानिलयं प्रविष्टः पुनः पुनश्चोत्तमसान्त्ववादी। सुस्वागतां वाचमुदीरयाणः पुनः पुनश्चोदयतीव हृष्टः॥"
"ततः सा ह्रीमती बाला भर्तुः विजय-हर्षिता अवोचत् यदि तत् तथ्यम् भवेयम् शरणम् हि वः (अहम्) (तर्हि) (वर्तते) (इति)","ततः तथ्यम् भवेयम् शरणम् हि वः (अहम्) (तर्हि) (वर्तते) (इति) सा ह्रीमती बाला भर्तुः विजय-हर्षिता अवोचत् यदि तत्","ततः सा ह्रीमती बाला भर्तुर्विजयहर्षिता। अवोचद् यदि तत् तथ्यं भवेयं शरणं हि वः॥"
"सा राक्षस-इन्द्रस्य वचः निशम्य तत् रावणस्य अप्रियम् अप्रिय-आर्ता सीता वितत्रास यथा वन-अन्ते सिंह-अभिपन्ना गज-राजकन्या .","सा वितत्रास यथा वन-अन्ते सिंह-अभिपन्ना गज-राजकन्या . राक्षस-इन्द्रस्य वचः निशम्य तत् रावणस्य अप्रियम् अप्रिय-आर्ता सीता","सा राक्षसेन्द्रस्य वचो निशम्य तद् रावणस्याप्रियमप्रियार्ता। सीता वितत्रास यथा वनान्ते सिंहाभिपन्ना गजराजकन्या॥"
"सा राक्षसी-मध्य-गता च भीरुः वाग्भिः भृशम् रावण-तर्जिता च कान्तार-मध्ये विजने विसृष्टा बाला इव कन्या विललाप सीता .","सा विजने विसृष्टा बाला इव कन्या विललाप सीता . राक्षसी-मध्य-गता च भीरुः वाग्भिः भृशम् रावण-तर्जिता च कान्तार-मध्ये","सा राक्षसीमध्यगता च भीरुर्वाग्भिर्भृशं रावणतर्जिता च। कान्तारमध्ये विजने विसृष्टा बालेव कन्या विललाप सीता॥"
"सत्यम् बत इदम् प्रवदन्ति लोके न अकाल-मृत्युः भवति इति सन्तः यत्र अहम् एवम् परिभर्त्स्यमाना जीवामि यस्मात् क्षणम् अपि अपुण्या (तस्मात्)","सत्यम् सन्तः यत्र अहम् एवम् परिभर्त्स्यमाना जीवामि यस्मात् क्षणम् अपि अपुण्या बत (तस्मात्) इदम् प्रवदन्ति लोके न अकाल-मृत्युः भवति इति","सत्यं बतेदं प्रवदन्ति लोके नाकालमृत्युर्भवतीति सन्तः। यत्राहमेवं परिभर्त्स्यमाना जीवामि यस्मात् क्षणमप्यपुण्या॥"
"सुखात् विहीनम् बहु-दुःख-पूर्णम् इदम् तु नूनम् हृदयम् स्थिरम् मे विदीर्यते यत् न सहस्रधा अद्य वज्र-आहतम् शृङ्गम् इव अचलस्य (तत्)","सुखात् विदीर्यते यत् न सहस्रधा अद्य वज्र-आहतम् शृङ्गम् इव अचलस्य (तत्) विहीनम् बहु-दुःख-पूर्णम् इदम् तु नूनम् हृदयम् स्थिरम् मे","सुखाद् विहीनं बहुदुःखपूर्णमिदं तु नूनं हृदयं स्थिरं मे। विदीर्यते यन्न सहस्रधाद्य वज्राहतं शृंगमिवाचलस्य॥"
"न एव अस्ति नूनम् मम दोषम् अत्र वध्या अहम् अस्य अप्रिय-दर्शनस्य भावम् न च अस्य अहम् अनुप्रदातुम् अलम् द्विजः मन्त्रम् इव अद्विजाय (अस्मि) (अस्मि)","न अस्य अप्रिय-दर्शनस्य भावम् न च अस्य अहम् अनुप्रदातुम् अलम् द्विजः एव मन्त्रम् इव अद्विजाय (अस्मि) (अस्मि) अस्ति नूनम् मम दोषम् अत्र वध्या अहम्","नैवास्ति नूनं मम दोषमत्र वध्याहमस्याप्रियदर्शनस्य। भावं न चास्याहमनुप्रदातुमलं द्विजो मन्त्रमिवाद्विजाय॥"
"तस्मिन् अनागच्छति लोक-नाथे गर्भस्थ-जन्तोः इव शल्यकृन्तः नूनम् मम अङ्गानि अचिरात् अनार्यः शस्त्रैः शितैः छेत्स्यति राक्षस-इन्द्रः .","तस्मिन् अचिरात् अनार्यः शस्त्रैः शितैः छेत्स्यति राक्षस-इन्द्रः . अनागच्छति लोक-नाथे गर्भस्थ-जन्तोः इव शल्यकृन्तः नूनम् मम अङ्गानि","तस्मिन्ननागच्छति लोकनाथे गर्भस्थजन्तोरिव शल्यकृन्तः। नूनं ममांगान्यचिरादनार्यः शस्त्रैः शितैश्छेत्स्यति राक्षसेन्द्रः॥"
"दुःखम् बत इदम् ननु दुःखितायाः मासौ चिराय अभिगमिष्यतः द्वौ बद्धस्य वध्यस्य यथा निशान्ते राज-अपराधात् इव तस्करस्य (दुःखम्)","दुःखम् बद्धस्य वध्यस्य यथा निशान्ते राज-अपराधात् इव तस्करस्य (दुःखम्) बत इदम् ननु दुःखितायाः मासौ चिराय अभिगमिष्यतः द्वौ","दुःखं बतेदं ननु दुःखिताया मासौ चिरायाभिगमिष्यतो द्वौ। बद्धस्य वध्यस्य यथा निशान्ते राजापराधादिव तस्करस्य॥"
"हा राम हा लक्ष्मण हा सुमित्रे हा राम-मातः सह मे जनन्या एषा विपद्यामि अहम् अल्प-भाग्या महा-अर्णवे नौः इव मूढ-वाता .","हा मे जनन्या एषा विपद्यामि अहम् अल्प-भाग्या महा-अर्णवे नौः इव मूढ-वाता राम . हा लक्ष्मण हा सुमित्रे हा राम-मातः सह","हा राम हा लक्ष्मण हा सुमित्रे हा राममातः सह मे जनन्या। एषा विपद्याम्यहमल्पभाग्या महार्णवे नौरिव मूढवाता॥"
"तरस्विनौ धारयता मृगस्य सत्त्वेन रूपम् मनुज-इन्द्र-पुत्रौ नूनम् विशस्तौ मम कारणात् तौ सिंह-ऋषभौ द्वौ इव वैद्युतेन .","तरस्विनौ कारणात् तौ सिंह-ऋषभौ द्वौ इव वैद्युतेन . धारयता मृगस्य सत्त्वेन रूपम् मनुज-इन्द्र-पुत्रौ नूनम् विशस्तौ मम","तरस्विनौ धारयता मृगस्य सत्त्वेन रूपं मनुजेन्द्रपुत्रौ। नूनं विशस्तौ मम कारणात् तौ सिंहर्षभौ द्वाविव वैद्युतेन॥"
"नूनम् सः कालः मृग-रूप-धारी माम् अल्प-भाग्याम् लुलुभे तदानीम् यत्र आर्य-पुत्रौ विससर्ज मूढा राम-अनुजम् लक्ष्मण-पूर्वजम् च .","नूनम् आर्य-पुत्रौ विससर्ज मूढा राम-अनुजम् लक्ष्मण-पूर्वजम् च . सः कालः मृग-रूप-धारी माम् अल्प-भाग्याम् लुलुभे तदानीम् यत्र","नूनं स कालो मृगरूपधारी मामल्पभाग्यां लुलुभे तदानीम्। यत्रार्यपुत्रौ विससर्ज मूढा रामानुजं लक्ष्मणपूर्वजं च॥"
"हा राम सत्य-व्रत दीर्घ-बाहो हा पूर्ण-चन्द्र-प्रतिमान-वक्त्र हा जीव-लोकस्य हितः प्रियः च वध्याम् न माम् वेत्सि हि राक्षसानाम् (त्वम्)","हा हितः प्रियः च वध्याम् न माम् वेत्सि हि राक्षसानाम् (त्वम्) राम सत्य-व्रत दीर्घ-बाहो हा पूर्ण-चन्द्र-प्रतिमान-वक्त्र हा जीव-लोकस्य","हा राम सत्यव्रत दीर्घबाहो हा पूर्णचन्द्रप्रतिमानवक्त्र। हा जीवलोकस्य हितः प्रियश्च वध्यां न मां वेत्सि हि राक्षसानाम्॥"
"अनन्य-देवत्वम् इयम् क्षमा च भूमौ च शय्या नियमः च धर्मे पति-व्रतात्वम् विफलम् मम इदम् कृतम् कृतघ्नेषु इव मानुषाणाम् .","अनन्य-देवत्वम् धर्मे पति-व्रतात्वम् विफलम् मम इदम् कृतम् कृतघ्नेषु इव मानुषाणाम् . इयम् क्षमा च भूमौ च शय्या नियमः च","अनन्यदेवत्वमियं क्षमा च भूमौ च शय्या नियमश्च धर्मे। पतिव्रतात्वं विफलं ममेदं कृतं कृतघ्नेष्विव मानुषाणाम्॥"
"मोघं हि धर्मः चरितः मम अयम् तथा एक-पत्नीत्वम् इदम् निरर्थकम् या त्वाम् न पश्यामि कृशा विवर्णा हीना त्वया सङ्गमने निराशा (अहम्)","मोघं निरर्थकम् या त्वाम् न पश्यामि कृशा विवर्णा हीना त्वया सङ्गमने हि निराशा (अहम्) धर्मः चरितः मम अयम् तथा एक-पत्नीत्वम् इदम्","मोघो हि धर्मश्चरितो ममायं तथैकपत्नीत्वमिदं निरर्थकम्। या त्वां न पश्यामि कृशा विवर्णा हीना त्वया संगमने निराशा॥"
"पितुः निदेशम् नियमेन कृत्वा वनात् निवृत्तः चरित-व्रतः च स्त्रीभिः तु मन्ये विपुल-ईक्षणाभिः संरंस्यसे वीतभयः कृतार्थः (त्वम्) (इति)","पितुः तु मन्ये विपुल-ईक्षणाभिः संरंस्यसे वीतभयः कृतार्थः (त्वम्) (इति) निदेशम् नियमेन कृत्वा वनात् निवृत्तः चरित-व्रतः च स्त्रीभिः","पितुर्निदेशं नियमेन कृत्वा वनान्निवृत्तश्चरितव्रतश्च। स्त्रीभिस्तु मन्ये विपुलेक्षणाभिः संरंस्यसे वीतभयः कृतार्थः॥"
"अहम् तु राम त्वयि जात-कामा चिरम् विनाशाय निबद्ध-भावा मोघम् चरित्वा अथ तपः व्रतम् च त्यक्ष्यामि धिक् जीवितम् अल्प-भाग्याम् (माम्)","अहम् चरित्वा अथ तपः व्रतम् च त्यक्ष्यामि धिक् जीवितम् अल्प-भाग्याम् (माम्) तु राम त्वयि जात-कामा चिरम् विनाशाय निबद्ध-भावा मोघम्","अहं तु राम त्वयि जातकामा चिरं विनाशाय निबद्धभावा। मोघं चरित्वाथ तपो व्रतं च त्यक्ष्यामि धिग्जीवितमल्पभाग्याम्"
"सञ्जीवितम् क्षिप्रम् अहम् त्यजेयम् विषेण शस्त्रेण शितेन वा अपि विषस्य दाता न तु मे अस्ति कश्चित् शस्त्रस्य वा वेश्मनि राक्षसस्य (परन्तु)","सञ्जीवितम् विषस्य दाता न तु मे अस्ति कश्चित् शस्त्रस्य वा वेश्मनि क्षिप्रम् राक्षसस्य (परन्तु) अहम् त्यजेयम् विषेण शस्त्रेण शितेन वा अपि","संजीवितं क्षिप्रमहं त्यजेयं विषेण शस्त्रेण शितेन वापि। विषस्य दाता न तु मेऽस्ति कश्चि- च्छस्त्रस्य वा वेश्मनि राक्षसस्य॥"
"शोक-अभितप्ता बहुधा विचिन्त्य सीता अथ वेणी-ग्रथनम् गृहीत्वा उद्बदध्य वेणी-उद्ग्रथनेन शीघ्रम् अहम् गमिष्यामि यमस्य मूलम्","शोक-अभितप्ता शीघ्रम् अहम् गमिष्यामि यमस्य मूलम् बहुधा विचिन्त्य सीता अथ वेणी-ग्रथनम् गृहीत्वा उद्बदध्य वेणी-उद्ग्रथनेन","शोकाभितप्ता बहुधा विचिन्त्य सीताथ वेणीग्रथनं गृहीत्वा। उद‍्बद‍्ध्य वेण्युद्‍ग्रथनेन शीघ्र- महं गमिष्यामि यमस्य मूलम्॥"
"उपस्थिता सा मृदु-सर्व-गात्री शाखाम् गृहीत्वा च नगस्य तस्य (बभूव) (सीता)","उपस्थिता (सीता) सा मृदु-सर्व-गात्री शाखाम् गृहीत्वा च नगस्य तस्य (बभूव)","उपस्थिता सा मृदुसर्वगात्री शाखां गृहीत्वा च नगस्य तस्य।"
"तस्याः तु रामम् परिचिन्तयन्त्याः राम-अनुजम् स्वम् च कुलम् शुभ-आङ्ग्याः तस्याः विशोकानि तदा बहूनि धैर्य-अर्जितानि प्रवराणि लोके प्रादुः निमित्तानि तदा बभूवुः पुरा अपि सिद्धानि उपलक्षितानि","तस्याः तस्याः विशोकानि तदा बहूनि धैर्य-अर्जितानि प्रवराणि लोके प्रादुः निमित्तानि तदा तु बभूवुः पुरा अपि सिद्धानि उपलक्षितानि रामम् परिचिन्तयन्त्याः राम-अनुजम् स्वम् च कुलम् शुभ-आङ्ग्याः","तस्यास्तु रामं परिचिन्तयन्त्या रामानुजं स्वं च कुलं शुभांग्याः। तस्या विशोकानि तदा बहूनि धैर्यार्जितानि प्रवराणि लोके। प्रादुर्निमित्तानि तदा बभूवुः पुरापि सिद्धान्युपलक्षितानि॥"
"तथा-गताम् ताम् व्यथिताम् अनिन्दिताम् व्यतीत-हर्षाम् परिदीन-मानसाम् शुभाम् निमित्तानि शुभानि भेजिरे नरम् श्रिया जुष्टम् इव उपसेविनः .","तथा-गताम् भेजिरे नरम् श्रिया जुष्टम् इव उपसेविनः . ताम् व्यथिताम् अनिन्दिताम् व्यतीत-हर्षाम् परिदीन-मानसाम् शुभाम् निमित्तानि शुभानि","तथागतां तां व्यथितामनिन्दितां व्यतीतहर्षां परिदीनमानसाम्। शुभां निमित्तानि शुभानि भेजिरे नरं श्रिया जुष्टमिवोपसेविनः॥"
"तस्याः शुभम् वामम् अराल-पक्ष्म-राजि-आवृतम् कृष्ण-विशाल-शुक्लम् प्रास्पन्दत एकम् नयनम् सुकेश्याः मीन-आहतम् पद्मम् इव अभि-ताम्रम् .","तस्याः मीन-आहतम् पद्मम् इव अभि-ताम्रम् . शुभम् वामम् अराल-पक्ष्म-राजि-आवृतम् कृष्ण-विशाल-शुक्लम् प्रास्पन्दत एकम् नयनम् सुकेश्याः","तस्याः शुभं वाममरालपक्ष्म- राज्यावृतं कृष्णविशालशुक्लम्। प्रास्पन्दतैकं नयनं सुकेश्या मीनाहतं पद्ममिवाभिताम्रम्॥"
"भुजः च चारु-अञ्चित-वृत्त-पीनः पर-अर्घ्य-काल-अगुरु-चन्दन-अर्हः अनुत्तमेन अध्युषितः प्रियेण चिरेण वामः समवेपत आशु .","भुजः समवेपत आशु . च चारु-अञ्चित-वृत्त-पीनः पर-अर्घ्य-काल-अगुरु-चन्दन-अर्हः अनुत्तमेन अध्युषितः प्रियेण चिरेण वामः","भुजश्च चार्वञ्चितवृत्तपीनः परार्घ्यकालागुरुचन्दनार्हः। अनुत्तमेनाघ्युषितः प्रियेण चिरेण वामः समवेपताशु॥"
"गज-इन्द्र-हस्त-प्रतिमः च पीनः तयोः द्वयोः संहतयोः सुजातः प्रस्पन्दमानः पुनः ऊरुः अस्याः रामम् पुरस्तात् स्थितम् आचचक्षे .","गज-इन्द्र-हस्त-प्रतिमः ऊरुः अस्याः रामम् पुरस्तात् स्थितम् आचचक्षे . च पीनः तयोः द्वयोः संहतयोः सुजातः प्रस्पन्दमानः पुनः","गजेन्द्रहस्तप्रतिमश्च पीनस्तयोर्द्वयोः संहतयोस्तु जातः। प्रस्पन्दमानः पुनरूरुरस्या रामं पुरस्तात् स्थितमाचचक्षे॥"
"शुभम् पुनः हेम-समानवर्णम् ईषद् रजोध्वस्तम् इव अतुलाक्ष्याः वासः स्थितायाः शिखर-अग्र-दन्त्याः किञ्चित् परिस्रंसत चारु-गात्र्याः","शुभम् शिखर-अग्र-दन्त्याः किञ्चित् परिस्रंसत चारु-गात्र्याः पुनः हेम-समानवर्णम् ईषद् रजोध्वस्तम् इव अतुलाक्ष्याः वासः स्थितायाः","शुभं पुनर्हेमसमानवर्णमीषद्रजोध्वस्तमिवातुलाक्ष्याः। वासः स्थितायाः शिखराग्रदन्त्याः किंचित् परिस्रंसत चारुगात्र्याः॥"
"एतैः निमित्तैः अपरैः च सुभ्रूः सञ्चोदिता प्राक् अपि साधु-सिद्धैः वात-आतप-क्लान्तम् इव प्रणष्टम् वर्षेण बीजम् प्रतिसञ्जहर्ष .","एतैः वात-आतप-क्लान्तम् इव प्रणष्टम् वर्षेण बीजम् प्रतिसञ्जहर्ष . निमित्तैः अपरैः च सुभ्रूः सञ्चोदिता प्राक् अपि साधु-सिद्धैः","एतैर्निमित्तैरपरैश्च सुभ्रूः संचोदिता प्रागपि साधुसिद्धैः। वातातपक्लान्तमिव प्रणष्टं वर्षेण बीजं प्रतिसंजहर्ष॥"
"तस्याः पुनः बिम्ब-फल-उपम-ओष्ठम् स्वक्षिभ्रु-केशान्तम् अरालपक्ष्म वक्त्रम् बभासे सित-शुक्ल-दंष्ट्रम् राहोः मुखात् चन्द्रः इव प्रमुक्तः .","तस्याः राहोः मुखात् चन्द्रः इव प्रमुक्तः . पुनः बिम्ब-फल-उपम-ओष्ठम् स्वक्षिभ्रु-केशान्तम् अरालपक्ष्म वक्त्रम् बभासे सित-शुक्ल-दंष्ट्रम्","तस्याः पुनर्बिम्बफलोपमोष्ठं स्वक्षिभ्रुकेशान्तमरालपक्ष्म। वक्त्रं बभासे सितशुक्लदंष्ट्रं राहोर्मुखाच्चन्द्र इव प्रमुक्तः॥"
"सा वीत-शोका व्यपनीत-तन्द्रा शान्त-ज्वरा हर्ष-विबुद्ध-सत्त्वा अशोभत आर्या वदनेन शुक्ले शीत-अंशुना रात्रिः इव उदितेन .","सा शीत-अंशुना रात्रिः इव उदितेन . वीत-शोका व्यपनीत-तन्द्रा शान्त-ज्वरा हर्ष-विबुद्ध-सत्त्वा अशोभत आर्या वदनेन शुक्ले","सा वीतशोका व्यपनीततन्द्रा शान्तज्वरा हर्षविबुद्धसत्त्वा। अशोभतार्या वदनेन शुक्ले शीतांशुना रात्रिरिवोदितेन॥"
"सः लम्ब-शिखरे लम्बे लम्ब-तोयद-संनिभे सत्त्वम् आस्थाय मेधावी हनुमान् मारुत-आत्मजः निशि लङ्काम् महा-सत्त्वः विवेश कपि-कुञ्जरः","सः निशि लङ्काम् महा-सत्त्वः विवेश कपि-कुञ्जरः लम्ब-शिखरे लम्बे लम्ब-तोयद-संनिभे सत्त्वम् आस्थाय मेधावी हनुमान् मारुत-आत्मजः","स लम्बशिखरे लम्बे लम्बतोयदसंनिभे।#सत्त्वमास्थाय मेधावी हनुमान् मारुतात्मजः॥निशि लंकां महासत्त्वो विवेश कपिकुञ्जरः।"
"रम्य-कानन-तोय-आढ्याम् पुरीम् रावण-पालिताम् शारद-अम्बुधर-प्रख्यैः भवनैः उपशोभिताम् सागर-उपम-निर्घोषाम् सागर-अनिल-सेविताम् सुपुष्ट-बल-सम्पुष्टाम् यथा एव विटपावतीम् चारु-तोरण-निर्यूहाम् पाण्डुर-द्वार-तोरणाम् भुजग-आचरिताम् गुप्ताम् शुभाम् भोगवतीम् इव ताम् स-विद्युत्-घन-आकीर्णाम् ज्योति-गण-निषेविताम् चण्ड-मारुत-निर्ह्रादाम् यथा च अपि अमरावतीम् शातकुम्भेन महता प्राकारेण किङ्किणी-जाल-घोषाभिः पताकाभिः अलङ्कृताम् आसाद्य सहसा हृष्टः प्राकारम् अभिपेदिवान् अभिसंवृताम्","रम्य-कानन-तोय-आढ्याम् यथा एव विटपावतीम् चारु-तोरण-निर्यूहाम् पाण्डुर-द्वार-तोरणाम् भुजग-आचरिताम् गुप्ताम् शुभाम् भोगवतीम् इव पुरीम् ताम् स-विद्युत्-घन-आकीर्णाम् ज्योति-गण-निषेविताम् चण्ड-मारुत-निर्ह्रादाम् यथा च अपि अमरावतीम् शातकुम्भेन महता रावण-पालिताम् प्राकारेण किङ्किणी-जाल-घोषाभिः पताकाभिः अलङ्कृताम् आसाद्य सहसा हृष्टः प्राकारम् अभिपेदिवान् अभिसंवृताम् शारद-अम्बुधर-प्रख्यैः भवनैः उपशोभिताम् सागर-उपम-निर्घोषाम् सागर-अनिल-सेविताम् सुपुष्ट-बल-सम्पुष्टाम्","रम्यकाननतोयाढ्यां पुरीं रावणपालिताम्॥शारदाम्बुधरप्रख्यैर्भवनैरुपशोभिताम्।सागरोपमनिर्घोषां सागरानिलसेविताम्॥सुपुष्टबलसम्पुष्टां यथैव विटपावतीम्।चारुतोरणनिर्यूहां पाण्डुरद्वारतोरणाम्॥भुजगाचरितां गुप्तां शुभां भोगवतीमिव।तां सविद्युद‍्घनाकीर्णां ज्योतिर्गणनिषेविताम्॥#चण्डमारुतनिर्ह्रादां यथा चाप्यमरावतीम्।शातकुम्भेन महता प्राकारेणाभिसंवृताम्॥किङ्किणीजालघोषाभिः पताकाभिरलंकृताम्।आसाद्य सहसा हृष्टः प्राकारमभिपेदिवान्॥"
"विस्मय-आविष्ट-हृदयः पुरीम् आलोक्य सर्वतः जाम्बूनदमयैः द्वारैः वैदूर्यकृत-वेदिकैः मणि-स्फटिक-मुक्ताभिः मणि-कुट्टिम-भूषितैः तप्त-हाटक-निर्यूहैः राजत-अमल-पाण्डुरैः वैदूर्यकृत-सोपानैः स्फाटिक-अन्तरपांसुभिः चारु-संजवन-उपेतैः खम् इव उत्पतितैः शुभैः क्रौञ्च-बर्हिण-सङ्घुष्टैः राजहंस-निषेवितैः तूर्याभरण-निर्घोषैः सर्वतः परिनादिताम् वस्वोकसार-प्रतिमाम् समीक्ष्य नगरीम् ततः खम् इव उत्पतिताम् लङ्काम् जहर्ष हनुमान् कपिः .","विस्मय-आविष्ट-हृदयः तप्त-हाटक-निर्यूहैः राजत-अमल-पाण्डुरैः वैदूर्यकृत-सोपानैः स्फाटिक-अन्तरपांसुभिः चारु-संजवन-उपेतैः खम् इव उत्पतितैः शुभैः क्रौञ्च-बर्हिण-सङ्घुष्टैः पुरीम् राजहंस-निषेवितैः तूर्याभरण-निर्घोषैः सर्वतः परिनादिताम् वस्वोकसार-प्रतिमाम् समीक्ष्य नगरीम् ततः खम् इव आलोक्य उत्पतिताम् लङ्काम् जहर्ष हनुमान् कपिः . सर्वतः जाम्बूनदमयैः द्वारैः वैदूर्यकृत-वेदिकैः मणि-स्फटिक-मुक्ताभिः मणि-कुट्टिम-भूषितैः","विस्मयाविष्टहृदयः पुरीमालोक्य सर्वतः।जाम्बूनदमयैर्द्वारैर्वैदूर्यकृतवेदिकैः॥वज्रस्फटिकमुक्ताभिर्मणिकुट्टिमभूषितैः।तप्तहाटकनिर्यूहै राजतामलपाण्डुरैः॥वैदूर्यकृतसोपानैः स्फाटिकान्तरपांसुभिः।चारुसंजवनोपेतैः खमिवोत्पतितैः शुभैः॥#क्रौञ्चबर्हिणसंघुष्टै राजहंसनिषेवितैः।तूर्याभरणनिर्घोषैः सर्वतः परिनादिताम्॥वस्वोकसारप्रतिमां समीक्ष्य नगरीं ततः।खमिवोत्पतितां लंकां जहर्ष हनुमान् कपिः॥"
"ताम् समीक्ष्य पुरीम् लङ्काम् राक्षस-अधिपतेः शुभाम् अनुत्तमाम् ऋद्धिमतीम् चिन्तयामास वीर्यवान् .","ताम् वीर्यवान् . समीक्ष्य पुरीम् लङ्काम् राक्षस-अधिपतेः शुभाम् अनुत्तमाम् ऋद्धिमतीम् चिन्तयामास","तां समीक्ष्य पुरीं लंकां राक्षसाधिपतेः शुभाम्।#अनुत्तमामृद्धिमतीं चिन्तयामास वीर्यवान्॥"
"न इयम् अन्येन नगरी शक्या धर्षयितुम् बलात् रक्षिता रावण-बलैः उद्यत-आयुध-पाणिभिः .","न उद्यत-आयुध-पाणिभिः . इयम् अन्येन नगरी शक्या धर्षयितुम् बलात् रक्षिता रावण-बलैः","नेयमन्येन नगरी शक्या धर्षयितुं बलात्।#रक्षिता रावणबलैरुद्यतायुधपाणिभिः॥"
"कुमुद-अङ्गदयोः वा अपि सुषेणस्य महा-कपेः प्रसिद्धा इयम् भवेत् भूमिः मैन्द-द्विविदयोः अपि","कुमुद-अङ्गदयोः मैन्द-द्विविदयोः अपि वा अपि सुषेणस्य महा-कपेः प्रसिद्धा इयम् भवेत् भूमिः","कुमुदाङ्गदयोर्वापि सुषेणस्य महाकपेः।#प्रसिद्धेयं भवेद् भूमिर्मैन्दद्विविदयोरपि॥"
"विवस्वतः तनूजस्य हरेः च कुशपर्वणः ऋक्षस्य कपि-मुख्यस्य मम च एव गतिः भवेत्","विवस्वतः एव गतिः भवेत् तनूजस्य हरेः च कुशपर्वणः ऋक्षस्य कपि-मुख्यस्य मम च","विवस्वतस्तनूजस्य हरेश्च कुशपर्वणः।#ऋक्षस्य कपिमुख्यस्य मम चैव गतिर्भवेत्॥"
"समीक्ष्य च महा-बाहोः राघवस्य पराक्रमम् लक्ष्मणस्य च विक्रान्तम् अभवत् प्रीतिमान् कपिः .","समीक्ष्य प्रीतिमान् कपिः . च महा-बाहोः राघवस्य पराक्रमम् लक्ष्मणस्य च विक्रान्तम् अभवत्","समीक्ष्य च महाबाहो राघवस्य पराक्रमम्।#लक्ष्मणस्य च विक्रान्तमभवत् प्रीतिमान् कपिः॥"
"ताम् रत्न-वसन-उपेताम् गोष्ठ-आगार-अवतंसिकाम् यन्त्र-आगार-स्तनीम् प्रमदाम् इव भूषिताम् ताम् नष्ट-तिमिराम् दीपैः भास्वरैः च महा-ग्रहैः नगरीम् राक्षस-इन्द्रस्य सः ददर्श महा-कपिः ऋद्धाम्","ताम् दीपैः भास्वरैः च महा-ग्रहैः नगरीम् राक्षस-इन्द्रस्य सः ददर्श महा-कपिः ऋद्धाम् रत्न-वसन-उपेताम् गोष्ठ-आगार-अवतंसिकाम् यन्त्र-आगार-स्तनीम् प्रमदाम् इव भूषिताम् ताम् नष्ट-तिमिराम्","तां रत्नवसनोपेतां गोष्ठागारावतंसिकाम्।यन्त्रागारस्तनीमृद्धां प्रमदामिव भूषिताम्॥#तां नष्टतिमिरां दीपैर्भास्वरैश्च महाग्रहैः।नगरीं राक्षसेन्द्रस्य स ददर्श महाकपिः॥"
"अथ सा हरि-शार्दूलम् प्रविशन्तम् महा-कपिम् नगरी स्वेन रूपेण ददर्श पवन-आत्मजम्","अथ पवन-आत्मजम् सा हरि-शार्दूलम् प्रविशन्तम् महा-कपिम् नगरी स्वेन रूपेण ददर्श","अथ सा हरिशार्दूलं प्रविशन्तं महाकपिम्।#नगरी स्वेन रूपेण ददर्श पवनात्मजम्॥"
"सा तम् हरि-वरम् दृष्ट्वा लङ्का रावण-पालिता स्वयम् एव उत्थिता तत्र विकृत-आनन-दर्शना .","सा तत्र विकृत-आनन-दर्शना . तम् हरि-वरम् दृष्ट्वा लङ्का रावण-पालिता स्वयम् एव उत्थिता","सा तं हरिवरं दृष्ट्वा लंका रावणपालिता।#स्वयमेवोत्थिता तत्र विकृताननदर्शना॥"
"पुरस्तात् तस्य वीरस्य वायु-सूनोः अतिष्ठत मुञ्चमाना महा-नादम् अब्रवीत् पवन-आत्मजम् .","पुरस्तात् . तस्य वीरस्य वायु-सूनोः अतिष्ठत मुञ्चमाना महा-नादम् अब्रवीत् पवन-आत्मजम्","पुरस्तात् तस्य वीरस्य वायुसूनोरतिष्ठत।#मुञ्चमाना महानादमब्रवीत् पवनात्मजम्॥"
"कः त्वम् केन च कार्येण इह प्राप्तः वन-आलय कथयस्व इह यत् तत्त्वम् यावत् प्राणाः धरन्ति ते (तावत्) (इति)","कः इह यत् तत्त्वम् यावत् प्राणाः धरन्ति ते (तावत्) (इति) त्वम् केन च कार्येण इह प्राप्तः वन-आलय कथयस्व","कस्त्वं केन च कार्येण इह प्राप्तो वनालय।#कथयस्वेह यत् तत्त्वं यावत् प्राणा धरन्ति ते॥"
"न शक्यम् खलु इयम् लङ्का प्रवेष्टुम् वानर त्वया रक्षिता रावण-बलैः अभिगुप्ता समन्ततः .","न रावण-बलैः अभिगुप्ता समन्ततः . शक्यम् खलु इयम् लङ्का प्रवेष्टुम् वानर त्वया रक्षिता","न शक्यं खल्वियं लंका प्रवेष्टुं वानर त्वया।#रक्षिता रावणबलैरभिगुप्ता समन्ततः॥"
"अथ ताम् अब्रवीत् वीरः हनुमान् अग्रतः स्थिताम् कथयिष्यामि तत् तत्त्वम् यत् माम् त्वम् परिपृच्छसे(आर्ष) (इति)","अथ तत्त्वम् यत् माम् त्वम् परिपृच्छसे(आर्ष) (इति) ताम् अब्रवीत् वीरः हनुमान् अग्रतः स्थिताम् कथयिष्यामि तत्","अथ तामब्रवीद् वीरो हनुमानग्रतः स्थिताम्।#कथयिष्यामि तत् तत्त्वं यन्मां त्वं परिपृच्छसे॥"
"का त्वम् विरूप-नयना पुर-द्वारे अवतिष्ठसे किमर्थम् च अपि माम् क्रोधात् निर्भर्त्सयसि दारुणे","का क्रोधात् निर्भर्त्सयसि दारुणे त्वम् विरूप-नयना पुर-द्वारे अवतिष्ठसे किमर्थम् च अपि माम्","का त्वं विरूपनयना पुरद्वारेऽवतिष्ठसे।#किमर्थं चापि मां क्रोधान्निर्भर्त्सयसि दारुणे॥ "
"हनुमत्-वचनम् श्रुत्वा लङ्का सा काम-रूपिणी उवाच वचनम् क्रुद्धा परुषम् पवन-आत्मजम्","हनुमत्-वचनम् पवन-आत्मजम् श्रुत्वा लङ्का सा काम-रूपिणी उवाच वचनम् क्रुद्धा परुषम्","हनुमद्वचनं श्रुत्वा लंका सा कामरूपिणी।#उवाच वचनं क्रुद्धा परुषं पवनात्मजम्॥"
"अहम् राक्षस-राजस्य रावणस्य महा-आत्मनः आज्ञा-प्रतीक्षा दुर्धर्षा रक्षामि नगरीम् इमाम्","अहम् राक्षस-राजस्य रावणस्य महा-आत्मनः आज्ञा-प्रतीक्षा दुर्धर्षा रक्षामि नगरीम् इमाम्","अहं राक्षसराजस्य रावणस्य महात्मनः।#आज्ञाप्रतीक्षा दुर्धर्षा रक्षामि नगरीमिमाम्॥ "
"न शक्यम् माम् अवज्ञाय प्रवेष्टुम् नगरीम् इमाम् अद्य प्राणैः परित्यक्तः स्वप्स्यसे निहतः मया","न परित्यक्तः स्वप्स्यसे निहतः मया शक्यम् माम् अवज्ञाय प्रवेष्टुम् नगरीम् इमाम् अद्य प्राणैः","न शक्यं मामवज्ञाय प्रवेष्टुं नगरीमिमाम्।#अद्य प्राणैः परित्यक्तः स्वप्स्यसे निहतो मया॥"
"अहम् हि नगरी लङ्का स्वयम् एव प्लवङ्गम सर्वतः परिरक्षामि अतः ते कथितम् मया","अहम् अतः ते कथितम् मया हि नगरी लङ्का स्वयम् एव प्लवङ्गम सर्वतः परिरक्षामि","अहं हि नगरी लंका स्वयमेव प्लवङ्गम।#सर्वतः परिरक्षामि अतस्ते कथितं मया॥"
"लङ्कायाः वचनम् श्रुत्वा हनूमान् मारुत-आत्मजः यत्नवान् सः हरि-श्रेष्ठः स्थितः शैलः इव अपरः सः ताम् स्त्री-रूप-विकृताम् दृष्ट्वा वानर-पुङ्गवः आबभाषे अथ मेधावी सत्त्ववान् प्लवग-ऋषभः","लङ्कायाः शैलः इव अपरः सः ताम् स्त्री-रूप-विकृताम् दृष्ट्वा वानर-पुङ्गवः आबभाषे अथ वचनम् मेधावी सत्त्ववान् प्लवग-ऋषभः श्रुत्वा हनूमान् मारुत-आत्मजः यत्नवान् सः हरि-श्रेष्ठः स्थितः","लंकाया वचनं श्रुत्वा हनूमान् मारुतात्मजः।यत्नवान् स हरिश्रेष्ठः स्थितः शैल इवापरः॥#स तां स्त्रीरूपविकृतां दृष्ट्वा वानरपुङ्गवः।आबभाषेऽथ मेधावी सत्त्ववान् प्लवगर्षभः॥"
"द्रक्ष्यामि नगरीम् लङ्काम् स-अट्ट-प्राकार-तोरणाम् इति अर्थम् इह सम्प्राप्तः परम् कौतूहलम् हि मे .","द्रक्ष्यामि कौतूहलम् हि मे . नगरीम् लङ्काम् स-अट्ट-प्राकार-तोरणाम् इति अर्थम् इह सम्प्राप्तः परम्","द्रक्ष्यामि नगरीं लंकां साट्टप्राकारतोरणाम्।#इत्यर्थमिह सम्प्राप्तः परं कौतूहलं हि मे॥"
"वनानि उपवनानि इह लङ्कायाः काननानि च सर्वतः गृह-मुख्यानि द्रष्टुम् आगमनम् हि मे","वनानि आगमनम् हि मे उपवनानि इह लङ्कायाः काननानि च सर्वतः गृह-मुख्यानि द्रष्टुम्","वनान्युपवनानीह लंकायाः काननानि च।#सर्वतो गृहमुख्यानि द्रष्टुमागमनं हि मे॥"
"तस्य तत् वचनम् श्रुत्वा लङ्का सा काम-रूपिणी भूयः एव पुनः वाक्यम् बभाषे परुष-अक्षरम् .","तस्य पुनः वाक्यम् बभाषे परुष-अक्षरम् . तत् वचनम् श्रुत्वा लङ्का सा काम-रूपिणी भूयः एव","तस्य तद् वचनं श्रुत्वा लंका सा कामरूपिणी।#भूय एव पुनर्वाक्यं बभाषे परुषाक्षरम्॥"
"माम् अ-निर्जित्य दुर्बुद्धे राक्षस-ईश्वर-पालिताम् न शक्यम् हि अद्य ते द्रष्टुम् पुरी इयम् वानर-अधम .","माम् द्रष्टुम् पुरी इयम् वानर-अधम . अ-निर्जित्य दुर्बुद्धे राक्षस-ईश्वर-पालिताम् न शक्यम् हि अद्य ते","मामनिर्जित्य दुर्बुद्धे राक्षसेश्वरपालिताम्।#न शक्यं ह्यद्य ते द्रष्टुं पुरीयं वानराधम॥"
"ततः सः हरि-शार्दूलः ताम् उवाच निशा-चरीम् दृष्ट्वा पुरीम् इमाम् भद्रे पुनः यास्ये यथा आगतम् (तथा) (इति)","ततः भद्रे पुनः यास्ये यथा आगतम् (तथा) (इति) सः हरि-शार्दूलः ताम् उवाच निशा-चरीम् दृष्ट्वा पुरीम् इमाम्","ततः स हरिशार्दूलस्तामुवाच निशाचरीम्।#दृष्ट्वा पुरीमिमां भद्रे पुनर्यास्ये यथागतम्॥"
"ततः कृत्वा महा-नादम् सा वै लङ्का भयङ्करम् तलेन वानर-श्रेष्ठम् ताडयामास वेगिता","ततः ताडयामास वेगिता कृत्वा महा-नादम् सा वै लङ्का भयङ्करम् तलेन वानर-श्रेष्ठम्","ततः कृत्वा महानादं सा वै लंका भयंकरम्।#तलेन वानरश्रेष्ठं ताडयामास वेगिता॥"
"ततः सः हरि-शार्दूलः लङ्कया ताडितः भृशम् ननाद सुमहा-नादम् वीर्यवान् मारुत-आत्मजः .","ततः मारुत-आत्मजः . सः हरि-शार्दूलः लङ्कया ताडितः भृशम् ननाद सुमहा-नादम् वीर्यवान्","ततः स हरिशार्दूलो लंकया ताडितो भृशम्।#ननाद सुमहानादं वीर्यवान् मारुतात्मजः॥"
"ततः संवर्तयामास वाम-हस्तस्य सः अङ्गुलीः मुष्टिना अभिजघान एनाम् हनुमान् क्रोध-मूर्च्छितः .","ततः क्रोध-मूर्च्छितः . संवर्तयामास वाम-हस्तस्य सः अङ्गुलीः मुष्टिना अभिजघान एनाम् हनुमान्","ततः संवर्तयामास वामहस्तस्य सोऽङ्गुलीः।#मुष्टिनाभिजघानैनां हनुमान् क्रोधर्मूच्छितः॥"
"स्त्री च इति मन्यमानेन न अति-क्रोधः स्वयम् कृतः सा तु तेन प्रहारेण विह्वल-अङ्गी निशा-चरी पपात सहसा भूमौ विकृत-आनन-दर्शना .","स्त्री तु तेन प्रहारेण विह्वल-अङ्गी निशा-चरी पपात सहसा भूमौ विकृत-आनन-दर्शना . च इति मन्यमानेन न अति-क्रोधः स्वयम् कृतः सा","स्त्री चेति मन्यमानेन नातिक्रोधः स्वयं कृतः।सा तु तेन प्रहारेण विह्वलाङ्गी निशाचरी।#पपात सहसा भूमौ विकृताननदर्शना॥"
"ततः तु हनुमान् वीरः ताम् दृष्ट्वा विनिपातिताम् कृपाम् चकार तेजस्वी मन्यमानः स्त्रियम् च ताम् .","ततः तेजस्वी मन्यमानः स्त्रियम् च ताम् . तु हनुमान् वीरः ताम् दृष्ट्वा विनिपातिताम् कृपाम् चकार","ततस्तु हनुमान् वीरस्तां दृष्ट्वा विनिपातिताम्।#कृपां चकार तेजस्वी मन्यमानः स्त्रियं च ताम्॥"
"ततः वै भृशम् उद्विग्ना लङ्का सा गद्गद-अक्षरम् उवाच अ-गर्वितम् वाक्यम् हनुमन्तम् प्लवङ्गमम् .","ततः वाक्यम् हनुमन्तम् प्लवङ्गमम् . वै भृशम् उद्विग्ना लङ्का सा गद्गद-अक्षरम् उवाच अ-गर्वितम्","ततो वै भृशमुद्विग्ना लंका सा गद‍्गदाक्षरम्।#उवाचागर्वितं वाक्यं हनुमन्तं प्लवङ्गमम्॥"
"प्रसीद सुमहा-बाहो त्रायस्व हरि-सत्तम समये सौम्य तिष्ठन्ति सत्त्ववन्तः महा-बलाः .","प्रसीद . सुमहा-बाहो त्रायस्व हरि-सत्तम समये सौम्य तिष्ठन्ति सत्त्ववन्तः महा-बलाः","प्रसीद सुमहाबाहो त्रायस्व हरिसत्तम।#समये सौम्य तिष्ठन्ति सत्त्ववन्तो महाबलाः॥"
"अहम् तु नगरी लङ्का स्वयम् एव प्लवङ्गम निर्जिता अहम् त्वया वीर विक्रमेण महा-बल","अहम् त्वया वीर विक्रमेण महा-बल तु नगरी लङ्का स्वयम् एव प्लवङ्गम निर्जिता अहम्","अहं तु नगरी लंका स्वयमेव प्लवङ्गम।#निर्जिताहं त्वया वीर विक्रमेण महाबल॥"
"इदम् च तथ्यम् शृणु मे ब्रुवन्त्या वै हरि-ईश्वर स्वयम् स्वयम्भुवा दत्तम् वरदानम् यथा मम(मे)","इदम् स्वयम्भुवा दत्तम् वरदानम् यथा मम(मे) च तथ्यम् शृणु मे ब्रुवन्त्या वै हरि-ईश्वर स्वयम्","इदं च तथ्यं शृणु मे ब्रुवन्त्या वै हरीश्वर।#स्वयं स्वयम्भुवा दत्तं वरदानं यथा मम॥"
"यदा त्वाम् वानरः कश्चित् विक्रमात् वशम् आनयेत् तदा त्वया हि विज्ञेयम् रक्षसाम् भयम् आगतम् .","यदा हि विज्ञेयम् रक्षसाम् भयम् आगतम् . त्वाम् वानरः कश्चित् विक्रमात् वशम् आनयेत् तदा त्वया","यदा त्वां वानरः कश्चिद् विक्रमाद् वशमानयेत्।#तदा त्वया हि विज्ञेयं रक्षसां भयमागतम्॥ "
"सः हि मे समयः सौम्य प्राप्तः अद्य तव दर्शनात् स्वयम्भू-विहितः सत्यः न तस्य अस्ति व्यतिक्रमः अस्ति","सः स्वयम्भू-विहितः सत्यः न तस्य अस्ति व्यतिक्रमः अस्ति हि मे समयः सौम्य प्राप्तः अद्य तव दर्शनात्","स हि मे समयः सौम्य प्राप्तोऽद्य तव दर्शनात्।#स्वयम्भूविहितः सत्यो न तस्यास्ति व्यतिक्रमः॥"
"सीता-निमित्तम् राज्ञः तु रावणस्य दुरात्मनः रक्षसाम् च एव सर्वेषाम् विनाशः समुपागतः","सीता-निमित्तम् विनाशः समुपागतः राज्ञः तु रावणस्य दुरात्मनः रक्षसाम् च एव सर्वेषाम्","सीतानिमित्तं राज्ञस्तु रावणस्य दुरात्मनः।#रक्षसां चैव सर्वेषां विनाशः समुपागतः॥"
"तत् प्रविश्य हरि-श्रेष्ठ पुरीम् रावण-पालिताम् विधत्स्व सर्व-कार्याणि यानि यानि इह वाञ्छसि (तानि)","तत् इह वाञ्छसि (तानि) प्रविश्य हरि-श्रेष्ठ पुरीम् रावण-पालिताम् विधत्स्व सर्व-कार्याणि यानि यानि","तत् प्रविश्य हरिश्रेष्ठ पुरीं रावणपालिताम्।#विधत्स्व सर्वकार्याणि यानि यानीह वाञ्छसि॥"
"प्रविश्य शाप-उपहताम् हरि-ईश्वरः पुरीम् शुभाम् राक्षस-मुख्य-पालिताम् यदृच्छया त्वम् जनक-आत्मजाम् सतीम् विमार्ग(आर्ष) सर्वत्र गतः यथा-सुखम्","प्रविश्य सतीम् विमार्ग(आर्ष) सर्वत्र गतः यथा-सुखम् शाप-उपहताम् हरि-ईश्वरः पुरीम् शुभाम् राक्षस-मुख्य-पालिताम् यदृच्छया त्वम् जनक-आत्मजाम्","प्रविश्य शापोपहतां हरीश्वरपुरीं शुभां राक्षसमुख्यपालिताम्।#यदृच्छया त्वं जनकात्मजां सतींविमार्ग सर्वत्र गतो यथासुखम्॥"
"हनुमान् अपि विक्रान्तः सर्वम् शुश्राव तत्त्वतः सीतायाः त्रि-जटायाः च राक्षसीनाम् च तर्जितम् .","हनुमान् राक्षसीनाम् च तर्जितम् . अपि विक्रान्तः सर्वम् शुश्राव तत्त्वतः सीतायाः त्रि-जटायाः च","हनुमानपि विक्रान्तः सर्वं शुश्राव तत्त्वतः। सीतायास्त्रिजटायाश्च राक्षसीनां च तर्जितम्॥"
"अवेक्षमाणः ताम् देवीम् देवताम् इव नन्दने ततः बहु-विधाम् चिन्ताम् चिन्तयामास वानरः","अवेक्षमाणः चिन्तयामास वानरः ताम् देवीम् देवताम् इव नन्दने ततः बहु-विधाम् चिन्ताम्","अवेक्षमाणस्तां देवीं देवतामिव नन्दने। ततो बहुविधां चिन्तां चिन्तयामास वानरः॥"
"याम् कपीनाम् सहस्राणि सु-बहूनि अयुतानि च दिक्षु सर्वासु मार्गन्ते सा इयम् आसादिता मया .","याम् सा इयम् आसादिता मया . कपीनाम् सहस्राणि सु-बहूनि अयुतानि च दिक्षु सर्वासु मार्गन्ते","यां कपीनां सहस्राणि सुबहून्ययुतानि च। दिक्षु सर्वासु मार्गन्ते सेयमासादिता मया॥"
"चारेण तु सु-युक्तेन शत्रोः शक्तिम् अवेक्षता गूढेन चरता तावत् अवेक्षितम् इदम् मया .","चारेण अवेक्षितम् इदम् मया . तु सु-युक्तेन शत्रोः शक्तिम् अवेक्षता गूढेन चरता तावत्","चारेण तु सुयुक्तेन शत्रोः शक्तिमवेक्षता। गूढेन चरता तावदवेक्षितमिदं मया॥"
"राक्षसानाम् विशेषः च पुरी च इयम् निरीक्षिता राक्षस-अधिपतेः अस्य प्रभावः रावणस्य च .","राक्षसानाम् प्रभावः रावणस्य च . विशेषः च पुरी च इयम् निरीक्षिता राक्षस-अधिपतेः अस्य","राक्षसानां विशेषश्च पुरी चेयं निरीक्षिता। राक्षसाधिपतेरस्य प्रभावो रावणस्य च॥"
"यथा तस्य अप्रमेयस्य सर्व-सत्त्व-दयावतः समाश्वासयितुम् भार्याम् पति-दर्शन-काङ्क्षिणीम् अहम् आश्वासयामि एनाम् पूर्ण-चन्द्र-निभ-आननाम् अदृष्ट-दुःखाम् दुःखस्य न हि अन्तम् अधिगच्छतीम् (योग्याम्)","यथा एनाम् पूर्ण-चन्द्र-निभ-आननाम् अदृष्ट-दुःखाम् दुःखस्य न हि अन्तम् अधिगच्छतीम् (योग्याम्) तस्य अप्रमेयस्य सर्व-सत्त्व-दयावतः समाश्वासयितुम् भार्याम् पति-दर्शन-काङ्क्षिणीम् अहम् आश्वासयामि","यथा तस्याप्रमेयस्य सर्वसत्त्वदयावतः। समाश्वासयितुं भार्यां पतिदर्शनकांक्षिणीम्। अहमाश्वासयाम्येनां पूर्णचन्द्रनिभाननाम्। अदृष्टदुःखां दुःखस्य न ह्यन्तमधिगच्छतीम्॥"
"यदि हि अहम् सतीम् एनाम् शोक-उपहत-चेतनाम् अनाश्वास्य गमिष्यामि दोषवत् गमनम् भवेत् (तर्हि)","यदि गमनम् भवेत् (तर्हि) हि अहम् सतीम् एनाम् शोक-उपहत-चेतनाम् अनाश्वास्य गमिष्यामि दोषवत्","यदि ह्यहं सतीमेनां शोकोपहतचेतनाम्। अनाश्वास्य गमिष्यामि दोषवद् गमनं भवेत्॥"
"गते हि मयि तत्र इयम् राज-पुत्री यशस्विनी परित्राणम् अपश्यन्ती जानकी जीवितम् त्यजेत् .","गते जानकी जीवितम् त्यजेत् . हि मयि तत्र इयम् राज-पुत्री यशस्विनी परित्राणम् अपश्यन्ती","गते हि मयि तत्रेयं राजपुत्री यशस्विनी। परित्राणमपश्यन्ती जानकी जीवितं त्यजेत्॥"
"यथा च सः महा-बाहुः पूर्ण-चन्द्र-निभ-आननः समाश्वासयितुम् न्याय्यः सीता-दर्शन-लालसः (रामः) (अस्ति)","यथा (अस्ति) च सः महा-बाहुः पूर्ण-चन्द्र-निभ-आननः समाश्वासयितुम् न्याय्यः सीता-दर्शन-लालसः (रामः)","यथा च स महाबाहुः पूर्णचन्द्रनिभाननः। समाश्वासयितुं न्याय्यः सीतादर्शनलालसः॥"
"निशा-चरीणाम् प्रत्यक्षम् अक्षमम् च अभिभाषितम् कथम् नु खलु कर्तव्यम् इदम् कृच्छ्र-गतः हि अहम् (अस्मि) (अस्ति) (इति)","निशा-चरीणाम् इदम् कृच्छ्र-गतः हि अहम् (अस्मि) (अस्ति) (इति) प्रत्यक्षम् अक्षमम् च अभिभाषितम् कथम् नु खलु कर्तव्यम्","निशाचरीणां प्रत्यक्षमक्षमं चाभिभाषितम्। कथं नु खलु कर्तव्यमिदं कृच्छ्रगतो ह्यहम्॥"
"अनेन रात्रि-शेषेण यदि न आश्वास्यते मया सर्वथा न अस्ति सन्देहः परित्यक्ष्यति जीवितम् (तर्हि)","अनेन सन्देहः परित्यक्ष्यति जीवितम् (तर्हि) रात्रि-शेषेण यदि न आश्वास्यते मया सर्वथा न अस्ति","अनेन रात्रिशेषेण यदि नाश्वास्यते मया। सर्वथा नास्ति संदेहः परित्यक्ष्यति जीवितम्॥"
"रामः तु यदि पृच्छेत् माम् किम् माम् सीता अब्रवीत् वचः किम् अहम् तम् प्रतिब्रूयाम् असम्भाष्य सुमध्यमाम् (तर्हि) (इति)","रामः वचः किम् अहम् तम् प्रतिब्रूयाम् असम्भाष्य सुमध्यमाम् (तर्हि) (इति) तु यदि पृच्छेत् माम् किम् माम् सीता अब्रवीत्","रामस्तु यदि पृच्छेन्मां किं मां सीताब्रवीद्वचः। किमहं तं प्रतिब्रूयामसम्भाष्य सुमध्यमाम्॥"
"सीता-सन्देश-रहितम् माम् इतः त्वरया गतम् निर्दहेत् अपि काकुत्स्थः क्रोध-तीव्रेण चक्षुषा .","सीता-सन्देश-रहितम् क्रोध-तीव्रेण चक्षुषा . माम् इतः त्वरया गतम् निर्दहेत् अपि काकुत्स्थः","सीतासंदेशरहितं मामितस्त्वरया गतम्। निर्दहेदपि काकुत्स्थः क्रोधतीव्रेण चक्षुषा॥"
"यदि वा उद्योजयिष्यामि भर्तारम् राम-कारणात् व्यर्थम् आगमनम् तस्य स-सैन्यस्य भविष्यति (तर्हि)","यदि भविष्यति (तर्हि) वा उद्योजयिष्यामि भर्तारम् राम-कारणात् व्यर्थम् आगमनम् तस्य स-सैन्यस्य","यदि वोद्योजयिष्यामि भर्तारं रामकारणात्। व्यर्थमागमनं तस्य ससैन्यस्य भविष्यति॥"
"अन्तरम् तु अहम् आसाद्य राक्षसीनाम् अवस्थितः शनैः आश्वासयामि अद्य सन्ताप-बहुलाम् इमाम् .","अन्तरम् सन्ताप-बहुलाम् इमाम् . तु अहम् आसाद्य राक्षसीनाम् अवस्थितः शनैः आश्वासयामि अद्य","अन्तरं त्वहमासाद्य राक्षसीनामवस्थितः। शनैराश्वासयाम्यद्य संतापबहुलामिमाम्॥"
"अहम् हि अति-तनुः च एव वानरः च विशेषतः वाचम् च उदाहरिष्यामि मानुषीम् इह संस्कृताम् .","अहम् च उदाहरिष्यामि मानुषीम् इह संस्कृताम् . हि अति-तनुः च एव वानरः च विशेषतः वाचम्","अहं ह्यतितनुश्चैव वानरश्च विशेषतः। वाचं चोदाहरिष्यामि मानुषीमिह संस्कृताम्॥"
"यदि वाचम् प्रदास्यामि द्वि-जातिः इव संस्कृताम् रावणम् मन्यमाना माम् सीता भीता भविष्यति (अहम्) (तर्हि)","यदि सीता भीता भविष्यति (अहम्) (तर्हि) वाचम् प्रदास्यामि द्वि-जातिः इव संस्कृताम् रावणम् मन्यमाना माम्","यदि वाचं प्रदास्यामि द्विजातिरिव संस्कृताम्। रावणं मन्यमाना मां सीता भीता भविष्यति॥ १८॥"
"अवश्यम् एव वक्तव्यम् मानुषम् वाक्यम् अर्थवत् मया सान्त्वयितुम् शक्या न अन्यथा इयम् अनिन्दिता .","अवश्यम् न अन्यथा इयम् अनिन्दिता . एव वक्तव्यम् मानुषम् वाक्यम् अर्थवत् मया सान्त्वयितुम् शक्या","अवश्यमेव वक्तव्यं मानुषं वाक्यमर्थवत्। मया सान्त्वयितुं शक्या नान्यथेयमनिन्दिता॥ १९॥"
"सा इयम् आलोक्य मे रूपम् जानकी भाषितम् तथा रक्षोभिः त्रासिता पूर्वम् भूयः त्रासम् उपैष्यति .","सा त्रासिता पूर्वम् भूयः त्रासम् उपैष्यति . इयम् आलोक्य मे रूपम् जानकी भाषितम् तथा रक्षोभिः","सेयमालोक्य मे रूपं जानकी भाषितं तथा। रक्षोभिस्त्रासिता पूर्वं भूयस्त्रासमुपैष्यति॥"
"ततः जात-परित्रासा शब्दम् कुर्यात् मनस्विनी जानाना माम् विशालाक्षी रावणम् काम-रूपिणम् .","ततः काम-रूपिणम् . जात-परित्रासा शब्दम् कुर्यात् मनस्विनी जानाना माम् विशालाक्षी रावणम्","ततो जातपरित्रासा शब्दं कुर्यान्मनस्विनी। जानाना मां विशालाक्षी रावणं कामरूपिणम्॥"
"सीतया च कृते_(सति) शब्दे सहसा राक्षसी-गणः नाना-प्रहरणः घोरः समेयात् अन्तक-उपमः .","सीतया समेयात् अन्तक-उपमः . च कृते_(सति) शब्दे सहसा राक्षसी-गणः नाना-प्रहरणः घोरः","सीतया च कृते शब्दे सहसा राक्षसीगणः। नानाप्रहरणो घोरः समेयादन्तकोपमः॥"
"ततः माम् सम्परिक्षिप्य सर्वतः विकृत-आननाः वधे च ग्रहणे च एव कुर्युः यत्नम् महा-बलाः .","ततः एव कुर्युः यत्नम् महा-बलाः . माम् सम्परिक्षिप्य सर्वतः विकृत-आननाः वधे च ग्रहणे च","ततो मां सम्परिक्षिप्य सर्वतो विकृताननाः। वधे च ग्रहणे चैव कुर्युर्यत्नं महाबलाः॥"
"तम् माम् शाखाः प्रशाखाः च स्कन्धान् च उत्तम-शाखिनाम् दृष्ट्वा च परिधावन्तम् भवेयुः परिशङ्किताः (राक्षस्यः)","तम् च परिधावन्तम् भवेयुः परिशङ्किताः (राक्षस्यः) माम् शाखाः प्रशाखाः च स्कन्धान् च उत्तम-शाखिनाम् दृष्ट्वा","तं मां शाखाः प्रशाखाश्च स्कन्धांश्चोत्तमशाखिनाम्। दृष्ट्वा च परिधावन्तं भवेयुः परिशङ्किताः॥ २४॥"
"मम रूपम् च सम्प्रेक्ष्य वने विचरतः महत् राक्षस्यः भय-वित्रस्ताः भवेयुः विकृत-स्वराः .","मम भवेयुः विकृत-स्वराः . रूपम् च सम्प्रेक्ष्य वने विचरतः महत् राक्षस्यः भय-वित्रस्ताः","मम रूपं च सम्प्रेक्ष्य वने विचरतो महत्। राक्षस्यो भयवित्रस्ता भवेयुर्विकृतस्वराः॥ २५॥"
"ततः कुर्युः समाह्वानम् राक्षस्यः रक्षसाम् अपि राक्षस-इन्द्र-नियुक्तानाम् राक्षस-इन्द्र-निवेशने .","ततः कुर्युः समाह्वानम् राक्षस्यः रक्षसाम् अपि राक्षस-इन्द्र-नियुक्तानाम् राक्षस-इन्द्र-निवेशने .","ततः कुर्युः समाह्वानं राक्षस्यो रक्षसामपि। राक्षसेन्द्रनियुक्तानां राक्षसेन्द्रनिवेशने॥ २६॥"
"ते शूल-शर-निस्त्रिंश-विविधायुध-पाणयः आपतेयुः विमर्दे अस्मिन् वेगेन उद्वेग-कारणात् .","ते शूल-शर-निस्त्रिंश-विविधायुध-पाणयः आपतेयुः विमर्दे अस्मिन् वेगेन उद्वेग-कारणात् .","ते शूलशरनिस्त्रिंशविविधायुधपाणयः। आपतेयुर्विमर्देऽस्मिन् वेगेनोद्वेगकारणात्॥ २७॥"
"संरुद्धः तैः तु परितः विधमे राक्षसम् बलम् शक्नुयाम् न तु सम्प्राप्तुम् परम् पारम् महा-उदधेः (अहम्)","संरुद्धः तु सम्प्राप्तुम् परम् पारम् महा-उदधेः (अहम्) तैः तु परितः विधमे राक्षसम् बलम् शक्नुयाम् न","संरुद्धस्तैस्तु परितो विधमे राक्षसं बलम्। शक्नुयां न तु सम्प्राप्तुं परं पारं महोदधेः॥ २८॥"
"माम् वा गृह्णीयुः आवृत्य बहवः शीघ्र-कारिणः स्यात् इयम् च अगृहीतार्था मम च ग्रहणम् भवेत् (यदि) (तर्हि)","माम् अगृहीतार्था मम च ग्रहणम् भवेत् (यदि) (तर्हि) वा गृह्णीयुः आवृत्य बहवः शीघ्र-कारिणः स्यात् इयम् च","मां वा गृह्णीयुरावृत्य बहवः शीघ्रकारिणः। स्यादियं चागृहीतार्था मम च ग्रहणं भवेत्॥ २९॥"
"हिंस-अभिरुचयः हिंस्युः इमाम् वा जनक-आत्मजाम् विपन्नम् स्यात् ततः कार्यम् राम-सुग्रीवयोः इदम् (यदि) (तर्हि)","हिंस-अभिरुचयः राम-सुग्रीवयोः इदम् (यदि) (तर्हि) हिंस्युः इमाम् वा जनक-आत्मजाम् विपन्नम् स्यात् ततः कार्यम्","हिंसाभिरुचयो हिंस्युरिमां वा जनकात्मजाम्। विपन्नं स्यात् ततः कार्यं रामसुग्रीवयोरिदम्॥ ३०॥"
"उद्देशे नष्ट-मार्गे अस्मिन् राक्षसैः परिवारिते सागरेण परिक्षिप्ते गुप्ते वसति जानकी .","उद्देशे जानकी . नष्ट-मार्गे अस्मिन् राक्षसैः परिवारिते सागरेण परिक्षिप्ते गुप्ते वसति","उद्देशे नष्टमार्गेऽस्मिन् राक्षसैः परिवारिते। सागरेण परिक्षिप्ते गुप्ते वसति जानकी॥ ३१॥"
"विशस्ते वा गृहीते वा रक्षोभिः मयि संयुगे न अन्यम् पश्यामि रामस्य सहायम् कार्यसाधने .","विशस्ते पश्यामि रामस्य सहायम् कार्यसाधने . वा गृहीते वा रक्षोभिः मयि संयुगे न अन्यम्","विशस्ते वा गृहीते वा रक्षोभिर्मयि संयुगे। नान्यं पश्यामि रामस्य सहायं कार्यसाधने॥ ३२॥"
"विमृशन् च न पश्यामि यः हते मयि वानरः शत-योजन-विस्तीर्णम् लङ्घयेत महा-उदधिम् (अहम्) (तम्)","विमृशन् लङ्घयेत महा-उदधिम् (अहम्) (तम्) च न पश्यामि यः हते मयि वानरः शत-योजन-विस्तीर्णम्","विमृशंश्च न पश्यामि यो हते मयि वानरः। शतयोजनविस्तीर्णं लङ्घयेत महोदधिम्॥ ३३॥"
"कामम् हन्तुम् समर्थः अस्मि सहस्राणि अपि रक्षसाम् न तु शक्ष्यामि अहम् प्राप्तुम् परम् पारम् महा-उदधेः .","कामम् शक्ष्यामि अहम् प्राप्तुम् परम् पारम् महा-उदधेः . हन्तुम् समर्थः अस्मि सहस्राणि अपि रक्षसाम् न तु","कामं हन्तुं समर्थोऽस्मि सहस्राण्यपि रक्षसाम्। न तु शक्ष्याम्यहं प्राप्तुं परं पारं महोदधेः॥ ३४॥"
"असत्यानि च युद्धानि संशयः मे न रोचते कः च निःसंशयम् कार्यम् कुर्यात् प्राज्ञः स-संशयम् .","असत्यानि निःसंशयम् कार्यम् कुर्यात् प्राज्ञः स-संशयम् . च युद्धानि संशयः मे न रोचते कः च","असत्यानि च युद्धानि संशयो मे न रोचते । कश्च निःसंशयं कार्यं कुर्यात्प्राज्ञः ससंशयम्॥"
"एषः दोषः महान् हि स्यात् मम सीता-अभिभाषणे प्राण-त्यागः च वैदेह्याः भवेत् अनभिभाषणे .","एषः वैदेह्याः भवेत् अनभिभाषणे . दोषः महान् हि स्यात् मम सीता-अभिभाषणे प्राण-त्यागः च","एष दोषो महान् हि स्यान्मम सीताभिभाषणे। प्राणत्यागश्च वैदेह्या भवेदनभिभाषणे॥ ३६॥"
"भूताः च अर्थाः विरुध्यन्त देश-काल-विरोधिताः विक्लवम् दूतम् आसाद्य तमः सूर्य-उदये यथा .","भूताः तमः सूर्य-उदये यथा . च अर्थाः विरुध्यन्त देश-काल-विरोधिताः विक्लवम् दूतम् आसाद्य","भूताश्चार्था विरुध्यन्त देशकालविरोधिताः। विक्लवं दूतमासाद्य तमः सूर्योदये यथा॥"
"अर्थ-अनर्थ-अन्तरे बुद्धिः निश्चिता अपि न शोभते घातयन्ति हि कार्याणि दूताः पण्डित-मानिनः (यस्मात्) (तस्मात्)","अर्थ-अनर्थ-अन्तरे दूताः पण्डित-मानिनः (यस्मात्) (तस्मात्) बुद्धिः निश्चिता अपि न शोभते घातयन्ति हि कार्याणि","अर्थानर्थान्तरे बुद्धिर्निश्चितापि न शोभते। घातयन्ति हि कार्याणि दूताः पण्डितमानिनः॥"
"न विनश्येत् कथम् कार्यम् वैक्लव्यम् न कथम् मम लङ्घनम् च समुद्रस्य कथम् नु न वृथा भवेत् .","न च समुद्रस्य कथम् नु न वृथा भवेत् . विनश्येत् कथम् कार्यम् वैक्लव्यम् न कथम् मम लङ्घनम्","न विनश्येत् कथं कार्यं वैक्लव्यं न कथं मम। लङ्घनं च समुद्रस्य कथं नु न वृथा भवेत्॥"
"कथम् नु खलु वाक्यम् मे शृणुयात् न उद्विजेत च इति सञ्चिन्त्य हनुमान् चकार मतिमान् मतिम् .","कथम् इति सञ्चिन्त्य हनुमान् चकार मतिमान् मतिम् . नु खलु वाक्यम् मे शृणुयात् न उद्विजेत च","कथं नु खलु वाक्यं मे शृणुयान्नोद्विजेत च। इति संचिन्त्य हनुमांश्चकार मतिमान् मतिम्॥"
"रामम् अक्लिष्ट-कर्माणम् सुबन्धुम् अनुकीर्तयन् न एनाम् उद्वेजयिष्यामि तद्-बन्धु-गत-चेतनाम् .","रामम् अक्लिष्ट-कर्माणम् सुबन्धुम् अनुकीर्तयन् न एनाम् उद्वेजयिष्यामि तद्-बन्धु-गत-चेतनाम् .","राममक्लिष्टकर्माणं सुबन्धुमनुकीर्तयन्। नैनामुद्वेजयिष्यामि तद‍्बन्धुगतचेतनाम्॥"
"इक्ष्वाकूणाम् वरिष्ठस्य रामस्य विदित-आत्मनः शुभानि धर्म-युक्तानि वचनानि समर्पयन् (उद्वेजयिष्यामि)","इक्ष्वाकूणाम् वरिष्ठस्य रामस्य विदित-आत्मनः शुभानि धर्म-युक्तानि वचनानि समर्पयन् (उद्वेजयिष्यामि)","इक्ष्वाकूणां वरिष्ठस्य रामस्य विदितात्मनः। शुभानि धर्मयुक्तानि वचनानि समर्पयन्॥"
"श्रावयिष्यामि सर्वाणि मधुराम् प्रब्रुवन् गिरम् श्रद्धास्यति यथा सीता तथा सर्वम् समादधे .","श्रावयिष्यामि सर्वम् समादधे . सर्वाणि मधुराम् प्रब्रुवन् गिरम् श्रद्धास्यति यथा सीता तथा","श्रावयिष्यामि सर्वाणि मधुरां प्रब्रुवन् गिरम्। श्रद्धास्यति यथा सीता तथा सर्वं समादधे॥"
"इति सः बहु-विधम् महा-प्रभावः जगति-पतेः प्रमदाम् अवेक्षमाणः मधुरम् अवितथम् जगाद वाक्यम् द्रुम-विटप-अन्तरम् आस्थितः हनूमान् .","इति जगाद वाक्यम् द्रुम-विटप-अन्तरम् आस्थितः हनूमान् . सः बहु-विधम् महा-प्रभावः जगति-पतेः प्रमदाम् अवेक्षमाणः मधुरम् अवितथम्","इति स बहुविधं महाप्रभावो जगतिपतेः प्रमदामवेक्षमाणः। मधुरमवितथं जगाद वाक्यं द्रुमविटपान्तरमास्थितो हनूमान्॥"
"एवम् बहु-विधाम् चिन्ताम् चिन्तयित्वा महामतिः संश्रवे मधुरम् वाक्यम् वैदेह्याः व्याजहार ह .","एवम् व्याजहार ह . बहु-विधाम् चिन्ताम् चिन्तयित्वा महामतिः संश्रवे मधुरम् वाक्यम् वैदेह्याः","एवं बहुविधां चिन्तां चिन्तयित्वा महामतिः। संश्रवे मधुरं वाक्यं वैदेह्या व्याजहार ह॥"
"राजा दशरथः नाम रथ-कुञ्जर-वाजिमान् पुण्य-शीलः महाकीर्तिः इक्ष्वाकूणाम् महायशाः राज-ऋषीणाम् गुण-श्रेष्ठः तपसा च ऋषिभिः समः चक्रवर्ति-कुले जातः पुरन्दर-समः बले (बभूव) .","राजा गुण-श्रेष्ठः तपसा च ऋषिभिः समः चक्रवर्ति-कुले जातः पुरन्दर-समः बले (बभूव) दशरथः . नाम रथ-कुञ्जर-वाजिमान् पुण्य-शीलः महाकीर्तिः इक्ष्वाकूणाम् महायशाः राज-ऋषीणाम्","राजा दशरथो नाम रथकुञ्जरवाजिमान्। पुण्यशीलो महाकीर्तिरिक्ष्वाकूणां महायशाः ।।  राजर्षीणां गुणश्रेष्ठस्तपसा चर्षिभिः समः। चक्रवर्तिकुले जातः पुरंदरसमो बले ।।  "
"अहिंसा-रतिः अक्षुद्रः घृणी सत्य-पराक्रमः मुख्यस्य इक्ष्वाकु-वंशस्य लक्ष्मीवान् लक्ष्मि-वर्धनः पार्थिव-व्यञ्जनैः युक्तः पृथु-श्रीः पार्थिव-ऋषभः पृथिव्याम् चतुरन्तायाम् विश्रुतः सुखदः सुखी .","अहिंसा-रतिः युक्तः पृथु-श्रीः पार्थिव-ऋषभः पृथिव्याम् चतुरन्तायाम् विश्रुतः सुखदः सुखी . अक्षुद्रः घृणी सत्य-पराक्रमः मुख्यस्य इक्ष्वाकु-वंशस्य लक्ष्मीवान् लक्ष्मि-वर्धनः पार्थिव-व्यञ्जनैः","अहिंसारतिरक्षुद्रो घृणी सत्यपराक्रमः। मुख्यस्येक्ष्वाकुवंशस्य लक्ष्मीवाँल्लक्ष्मिवर्धनः  ।।  पार्थिवव्यञ्जनैर्युक्तः पृथुश्रीः पार्थिवर्षभः। पृथिव्यां चतुरन्तायां विश्रुतः सुखदः सुखी॥"
"तस्य पुत्रः प्रियः ज्येष्ठः ताराधिप-निभाननः रामः नाम विशेषज्ञः श्रेष्ठः सर्व-धनुष्मताम् रक्षिता स्वस्य वृत्तस्य स्व-जनस्य अपि रक्षिता रक्षिता जीव-लोकस्य धर्मस्य च परम्-तपः .","तस्य सर्व-धनुष्मताम् रक्षिता स्वस्य वृत्तस्य स्व-जनस्य अपि रक्षिता रक्षिता जीव-लोकस्य धर्मस्य पुत्रः च परम्-तपः . प्रियः ज्येष्ठः ताराधिप-निभाननः रामः नाम विशेषज्ञः श्रेष्ठः","तस्य पुत्रः प्रियो ज्येष्ठस्ताराधिपनिभाननः। रामो नाम विशेषज्ञः श्रेष्ठः सर्वधनुष्मताम्  ।। रक्षिता स्वस्य वृत्तस्य स्वजनस्यापि रक्षिता। रक्षिता जीवलोकस्य धर्मस्य च परंतपः॥"
"तस्य सत्य-अभिसन्धस्य वृद्धस्य वचनात् पितुः स-भार्यः सह च भ्रात्रा वीरः प्रव्रजितः वनम् .","तस्य वीरः प्रव्रजितः वनम् . सत्य-अभिसन्धस्य वृद्धस्य वचनात् पितुः स-भार्यः सह च भ्रात्रा","तस्य सत्याभिसंधस्य वृद्धस्य वचनात् पितुः। सभार्यः सह च भ्रात्रा वीरः प्रव्रजितो वनम्॥"
"तेन तत्र महा-अरण्ये मृगयाम् परिधावता राक्षसाः निहताः शूराः बहवः काम-रूपिणः .","तेन काम-रूपिणः . तत्र महा-अरण्ये मृगयाम् परिधावता राक्षसाः निहताः शूराः बहवः","तेन तत्र महारण्ये मृगयां परिधावता। राक्षसा निहताः शूरा बहवः कामरूपिणः॥"
"जनस्थान-वधम् श्रुत्वा निहतौ खर-दूषणौ ततः तु अमर्षापहृता जानकी रावणेन तु वञ्चयित्वा वने रामम् मृग-रूपेण मायया सः मार्गमाणः ताम् देवीम् रामः सीताम् अनिन्दिताम् आससाद वने मित्रम् सुग्रीवम् नाम वानरम् (च)","जनस्थान-वधम् तु वञ्चयित्वा वने रामम् मृग-रूपेण मायया सः मार्गमाणः ताम् देवीम् श्रुत्वा रामः सीताम् अनिन्दिताम् आससाद वने मित्रम् सुग्रीवम् नाम वानरम् (च) निहतौ खर-दूषणौ ततः तु अमर्षापहृता जानकी रावणेन","जनस्थानवधं श्रुत्वा निहतौ खरदूषणौ। ततस्त्वमर्षापहृता जानकी रावणेन तु  ।। वञ्चयित्वा वने रामं मृगरूपेण मायया। स मार्गमाणस्तां देवीं रामः सीतामनिन्दिताम्॥ आससाद वने मित्रं सुग्रीवं नाम वानरम्।"
"ततः सः वालिनम् हत्वा रामः पर-पुरञ्जयः आयच्छत् कपि-राज्यम् तु सुग्रीवाय महा-आत्मने सुग्रीवेण अभिसंदिष्टाः हरयः काम-रूपिणः (विचिन्वन्ति)","ततः सुग्रीवाय महा-आत्मने सुग्रीवेण अभिसंदिष्टाः हरयः काम-रूपिणः (विचिन्वन्ति) सः वालिनम् हत्वा रामः पर-पुरञ्जयः आयच्छत् कपि-राज्यम् तु","ततः स वालिनं हत्वा रामः परपुरंजयः ।।  आयच्छत् कपिराज्यं तु सुग्रीवाय महात्मने। सुग्रीवेणाभिसंदिष्टा हरयः कामरूपिणः॥"
"दिक्षु सर्वासु ताम् देवीम् विचिन्वन्तः सहस्रशः अहम् सम्पाति-वचनात् शत-योजनम् आयतम् (वर्तन्ते) (प्लुतः)","दिक्षु आयतम् (वर्तन्ते) (प्लुतः) सर्वासु ताम् देवीम् विचिन्वन्तः सहस्रशः अहम् सम्पाति-वचनात् शत-योजनम्","दिक्षु सर्वासु तां देवीं विचिन्वन्तः सहस्रशः। अहं सम्पातिवचनाच्छतयोजनमायतम्॥"
"तस्याः हेतोः विशाल-अक्ष्याः समुद्रम् वेगवान् प्लुतः यथा-रूपाम् यथा-वर्णाम् यथा-लक्ष्मवतीम् च ताम् अश्रौषम् राघवस्य अहम् सा इयम् आसादिता मया विरराम एवम् उक्त्वा सः वाचम् वानर-पुङ्गवः .","तस्याः च ताम् अश्रौषम् राघवस्य अहम् सा इयम् आसादिता मया विरराम हेतोः एवम् उक्त्वा सः वाचम् वानर-पुङ्गवः . विशाल-अक्ष्याः समुद्रम् वेगवान् प्लुतः यथा-रूपाम् यथा-वर्णाम् यथा-लक्ष्मवतीम्","तस्या हेतोर्विशालाक्ष्याः समुद्रं वेगवान् प्लुतः। यथारूपां यथावर्णां यथालक्ष्मवतीं च ताम् ।। अश्रौषं राघवस्याहं सेयमासादिता मया। विररामैवमुक्त्वा स वाचं वानरपुंगवः॥"
"जानकी च अपि तत् श्रुत्वा विस्मयम् परमम् गता ततः सा वक्र-केशान्ता सुकेशी केश-संवृतम् उन्नम्य वदनम् भीरुः शिंशपाम् अन्ववैक्षत .","जानकी सा वक्र-केशान्ता सुकेशी केश-संवृतम् उन्नम्य वदनम् भीरुः शिंशपाम् अन्ववैक्षत . च अपि तत् श्रुत्वा विस्मयम् परमम् गता ततः","जानकी चापि तच्छ्रुत्वा विस्मयं परमं गता। ततः सा वक्रकेशान्ता सुकेशी केशसंवृतम्। उन्नम्य वदनं भीरुः शिंशपामन्ववैक्षत॥"
"निशम्य सीता वचनम् कपेः च दिशः च सर्वाः प्रदिशः च वीक्ष्य स्वयम् प्रहर्षम् परमम् जगाम सर्व-आत्मना रामम् अनुस्मरन्ती .","निशम्य च वीक्ष्य स्वयम् प्रहर्षम् परमम् जगाम सर्व-आत्मना रामम् अनुस्मरन्ती . सीता वचनम् कपेः च दिशः च सर्वाः प्रदिशः","निशम्य सीता वचनं कपेश्च दिशश्च सर्वाः प्रदिशश्च वीक्ष्य। स्वयं प्रहर्षं परमं जगाम सर्वात्मना राममनुस्मरन्ती॥"
"सा तिर्यक् ऊर्ध्वम् च तथाहि अधस्तात् निरीक्षमाणा तम् अचिन्त्य-बुद्धिम् ददर्श पिङ्ग-अधिपतेः अमात्यम् वात-आत्मजम् सूर्यम् इव उदय-स्थम् .","सा ददर्श पिङ्ग-अधिपतेः अमात्यम् वात-आत्मजम् सूर्यम् इव उदय-स्थम् . तिर्यक् ऊर्ध्वम् च तथाहि अधस्तात् निरीक्षमाणा तम् अचिन्त्य-बुद्धिम्","सा तिर्यगूर्ध्वं च तथा ह्यधस्तान्निरीक्षमाणा तमचिन्त्यबुद्धिम्। ददर्श पिंगाधिपतेरमात्यं वातात्मजं सूर्यमिवोदयस्थम्॥"
"ततः शाखा-अन्तरे लीनम् दृष्ट्वा चलित-मानसा वेष्टित-अर्जुन-वस्त्रम् तम् विद्युत्-सङ्घात-पिङ्गलम् सा ददर्श कपिम् तत्र प्रश्रितम् प्रिय-वादिनम् फुल्लाशोक-उत्कर-आभासम् तप्तचामीकर-ईक्षणम् .","ततः ददर्श कपिम् तत्र प्रश्रितम् प्रिय-वादिनम् फुल्लाशोक-उत्कर-आभासम् तप्तचामीकर-ईक्षणम् . शाखा-अन्तरे लीनम् दृष्ट्वा चलित-मानसा वेष्टित-अर्जुन-वस्त्रम् तम् विद्युत्-सङ्घात-पिङ्गलम् सा","ततः शाखान्तरे लीनं दृष्ट्वा चलितमानसा। वेष्टितार्जुनवस्त्रं तं विद्युत्संघातपिंगलम् ।।  सा ददर्श कपिं तत्र प्रश्रितं प्रियवादिनम्। फुल्लाशोकोत्कराभासं तप्तचामीकरेक्षणम्॥"
"सा अथ दृष्ट्वा हरि-श्रेष्ठम् विनीतवत् अवस्थितम् मैथिली चिन्तयामास विस्मयम् परमम् गता .","सा परमम् गता . अथ दृष्ट्वा हरि-श्रेष्ठम् विनीतवत् अवस्थितम् मैथिली चिन्तयामास विस्मयम्","साथ दृष्ट्वा हरिश्रेष्ठं विनीतवदवस्थितम्। मैथिली चिन्तयामास विस्मयं परमं गता॥"
"अहो भीमम् इदम् सत्त्वम् वानरस्य दुरासदम् दुर्निरीक्ष्यम् इदम् मत्वा पुनः एव मुमोह सा .","अहो पुनः एव मुमोह सा . भीमम् इदम् सत्त्वम् वानरस्य दुरासदम् दुर्निरीक्ष्यम् इदम् मत्वा","अहो भीममिदं सत्त्वं वानरस्य दुरासदम्। दुर्निरीक्ष्यमिदं मत्वा पुनरेव मुमोह सा॥"
"विललाप भृशम् सीता करुणम् भय-मोहिता राम राम इति दुःखार्ता लक्ष्मण इति च भामिनी .","विललाप लक्ष्मण इति च भामिनी . भृशम् सीता करुणम् भय-मोहिता राम राम इति दुःखार्ता","विललाप भृशं सीता करुणं भयमोहिता। राम रामेति दुःखार्ता लक्ष्मणेति च भामिनी॥"
"रुरोद सहसा सीता मन्द-मन्द-स्वरा सती सा अथ दृष्ट्वा हरि-वरम् विनीतवत् उपागतम् मैथिली चिन्तयामास स्वप्नः अयम् इति भामिनी .","रुरोद विनीतवत् उपागतम् मैथिली चिन्तयामास स्वप्नः अयम् इति भामिनी . सहसा सीता मन्द-मन्द-स्वरा सती सा अथ दृष्ट्वा हरि-वरम्","रुरोद सहसा सीता मन्दमन्दस्वरा सती। साथ दृष्ट्वा हरिवरं विनीतवदुपागतम्। मैथिली चिन्तयामास स्वप्नोऽयमिति भामिनी॥"
"सा वीक्षमाणा पृथु-भुग्न-वक्त्रम् शाखा-मृग-इन्द्रस्य यथोक्त-कारम् ददर्श पिङ्ग-प्रवरम् महा-अर्हम् वात-आत्मजम् बुद्धिमताम् वरिष्ठम् .","सा बुद्धिमताम् वरिष्ठम् . वीक्षमाणा पृथु-भुग्न-वक्त्रम् शाखा-मृग-इन्द्रस्य यथोक्त-कारम् ददर्श पिङ्ग-प्रवरम् महा-अर्हम् वात-आत्मजम्","सा वीक्षमाणा पृथुभुग्नवक्त्रं शाखामृगेन्द्रस्य यथोक्तकारम्। ददर्श पिंगप्रवरं महार्हं वातात्मजं बुद्धिमतां वरिष्ठम्॥"
"सा तम् समीक्ष्य एव भृशम् विपन्ना गतासु-कल्पा इव बभूव सीता चिरेण सञ्ज्ञाम् प्रतिलभ्य च एवम् विचिन्तयामास विशाल-नेत्रा .","सा सीता चिरेण सञ्ज्ञाम् प्रतिलभ्य च एवम् विचिन्तयामास विशाल-नेत्रा . तम् समीक्ष्य एव भृशम् विपन्ना गतासु-कल्पा इव बभूव","सा तं समीक्ष्यैव भृशं विपन्ना गतासुकल्पेव बभूव सीता। चिरेण संज्ञां प्रतिलभ्य चैवं विचिन्तयामास विशालनेत्रा॥"
"स्वप्नः मया अयम् विकृतः अद्य दृष्टः शाखा-मृगः शास्त्र-गणैः निषिद्धः स्वस्ति अस्तु रामाय स-लक्ष्मणाय तथा पितुः मे जनकस्य राज्ञः .","स्वप्नः स्वस्ति अस्तु रामाय स-लक्ष्मणाय तथा पितुः मे जनकस्य राज्ञः . मया अयम् विकृतः अद्य दृष्टः शाखा-मृगः शास्त्र-गणैः निषिद्धः","स्वप्नो मयायं विकृतोऽद्य दृष्टः शाखामृगः शास्त्रगणैर्निषिद्धः। स्वस्त्यस्तु रामाय सलक्ष्मणाय तथा पितुर्मे जनकस्य राज्ञः॥"
"स्वप्नः हि न अयम् न हि मे अस्ति निद्रा शोकेन दुःखेन च पीडितायाः सुखम् हि मे न अस्ति यतः विहीना तेन इन्दु-पूर्ण-प्रतिमाननेन (अस्ति) (अस्मि)","स्वप्नः शोकेन दुःखेन च पीडितायाः सुखम् हि मे न अस्ति यतः हि विहीना तेन इन्दु-पूर्ण-प्रतिमाननेन (अस्ति) (अस्मि) न अयम् न हि मे अस्ति निद्रा","स्वप्नो हि नायं नहि मेऽस्ति निद्रा शोकेन दुःखेन च पीडितायाः। सुखं हि मे नास्ति यतो विहीना तेनेन्दुपूर्णप्रतिमाननेन॥"
"राम इति राम इति सदा एव बुद्ध्या विचिन्त्य वाचा ब्रुवती तम् एव तस्य अनुरूपम् च तदर्थाम् प्रपश्यामि तथा शृणोमि कथाम्","राम ब्रुवती तम् एव तस्य अनुरूपम् च तदर्थाम् प्रपश्यामि तथा शृणोमि इति कथाम् राम इति सदा एव बुद्ध्या विचिन्त्य वाचा","रामेति रामेति सदैव बुद्ध्या विचिन्त्य वाचा ब्रुवती तमेव। तस्यानुरूपं च कथां तदर्थामेवं प्रपश्यामि तथा शृणोमि॥"
"अहम् हि तस्य अद्य मनोभवेन सम्पीडिता तद्-गत-सर्वभावा विचिन्तयन्ती सततम् तम् एव तथा एव पश्यामि तथा शृणोमि .","अहम् तम् एव तथा एव पश्यामि तथा शृणोमि . हि तस्य अद्य मनोभवेन सम्पीडिता तद्-गत-सर्वभावा विचिन्तयन्ती सततम्","अहं हि तस्याद्य मनोभवेन सम्पीडिता तद‍्गतसर्वभावा। विचिन्तयन्ती सततं तमेव तथैव पश्यामि तथा शृणोमि॥"
"मनोरथः स्यात् इति चिन्तयामि तथापि बुद्ध्या अपि वितर्कयामि किम् कारणम् तस्य हि न अस्ति रूपम् सुव्यक्त-रूपः च वदति अयम् माम्","मनोरथः कारणम् तस्य हि न अस्ति रूपम् सुव्यक्त-रूपः च वदति अयम् स्यात् माम् इति चिन्तयामि तथापि बुद्ध्या अपि वितर्कयामि किम्","मनोरथः स्यादिति चिन्तयामि तथापि बुद्ध्यापि वितर्कयामि। किं कारणं तस्य हि नास्ति रूपं सुव्यक्तरूपश्च वदत्ययं माम्॥"
"नमः अस्तु वाचस्पतये स-वज्रिणे स्वयम्भुवे च एव हुताशनाय अनेन च उक्तम् यत् इदम् मम अग्रतः वन-ओकसा तत् च तथा अस्तु न अन्यथा (अस्तु)","नमः च उक्तम् यत् इदम् मम अग्रतः वन-ओकसा तत् च तथा अस्तु अस्तु न अन्यथा (अस्तु) वाचस्पतये स-वज्रिणे स्वयम्भुवे च एव हुताशनाय अनेन","नमोऽस्तु वाचस्पतये सवज्रिणे स्वयम्भुवे चैव हुताशनाय। अनेन चोक्तं यदिदं ममाग्रतो वनौकसा तच्च तथास्तु नान्यथा॥"
"सः अवतीर्य द्रुमात् तस्मात् विद्रुम-प्रतिमाननः विनीत-वेषः कृपणः प्रणिपत्य उपसृत्य च ताम् अब्रवीत् महा-तेजा हनूमान् मारुत-आत्मजः शिरसि अञ्जलिम् आधाय सीताम् मधुरया गिरा .","सः च ताम् अब्रवीत् महा-तेजा हनूमान् मारुत-आत्मजः शिरसि अञ्जलिम् आधाय सीताम् अवतीर्य मधुरया गिरा . द्रुमात् तस्मात् विद्रुम-प्रतिमाननः विनीत-वेषः कृपणः प्रणिपत्य उपसृत्य","सोऽवतीर्य द्रुमात् तस्माद् विद्रुमप्रतिमाननः। विनीतवेषः कृपणः प्रणिपत्योपसृत्य च ।। तामब्रवीन्महातेजा हनूमान् मारुतात्मजः। शिरस्यञ्जलिमाधाय सीतां मधुरया गिरा॥"
"का नु पद्म-पलाश-अक्षि क्लिष्ट-कौशेय-वासिनि द्रुमस्य शाखाम् आलम्ब्य तिष्ठसि त्वम् अनिन्दिते किमर्थम् तव नेत्राभ्याम् वारि स्रवति शोकजम् पुण्डरीक-पलाशाभ्याम् विप्रकीर्णम् इव उदकम् .","का अनिन्दिते किमर्थम् तव नेत्राभ्याम् वारि स्रवति शोकजम् पुण्डरीक-पलाशाभ्याम् विप्रकीर्णम् इव नु उदकम् . पद्म-पलाश-अक्षि क्लिष्ट-कौशेय-वासिनि द्रुमस्य शाखाम् आलम्ब्य तिष्ठसि त्वम्","का नु पद्मपलाशाक्षि क्लिष्टकौशेयवासिनि। द्रुमस्य शाखामालम्ब्य तिष्ठसि त्वमनिन्दिते  ।। किमर्थं तव नेत्राभ्यां वारि स्रवति शोकजम्। पुण्डरीकपलाशाभ्यां विप्रकीर्णमिवोदकम्॥"
"सुराणाम् असुराणाम् नाग-गन्धर्व-रक्षसाम् यक्षाणाम् किन्नराणाम् च का त्वम् भवसि शोभने का त्वम् भवसि रुद्राणाम् मरुताम् वा वरानने वसूनाम् वा वरारोहे देवता प्रतिभासि मे (च)","सुराणाम् शोभने का त्वम् भवसि रुद्राणाम् मरुताम् वा वरानने वसूनाम् वा असुराणाम् वरारोहे देवता प्रतिभासि मे (च) नाग-गन्धर्व-रक्षसाम् यक्षाणाम् किन्नराणाम् च का त्वम् भवसि","सुराणामसुराणां च नागगन्धर्वरक्षसाम्। यक्षाणां किंनराणां च का त्वं भवसि शोभने  ।। का त्वं भवसि रुद्राणां मरुतां वा वरानने। वसूनां वा वरारोहे देवता प्रतिभासि मे॥"
"किन्नु चन्द्रमसा हीना पतिता विबुध-आलयात् रोहिणी ज्योतिषाम् श्रेष्ठा श्रेष्ठा सर्वगुण-अधिका .","किन्नु सर्वगुण-अधिका . चन्द्रमसा हीना पतिता विबुध-आलयात् रोहिणी ज्योतिषाम् श्रेष्ठा श्रेष्ठा","किं नु चन्द्रमसा हीना पतिता विबुधालयात्। रोहिणी ज्योतिषां श्रेष्ठा श्रेष्ठा सर्वगुणाधिका॥"
"कोपात् वा यदि वा मोहात् भर्तारम् असित-ईक्षणे वसिष्ठम् कोपयित्वा त्वम् वा कल्याणी अरुन्धती असि (आगता)","कोपात् त्वम् वा कल्याणी अरुन्धती असि (आगता) वा यदि वा मोहात् भर्तारम् असित-ईक्षणे वसिष्ठम् कोपयित्वा","कोपाद् वा यदि वा मोहाद् भर्तारमसितेक्षणे। वसिष्ठं कोपयित्वा त्वं वासि कल्याण्यरुन्धती॥"
"कः नु पुत्रः पिता भ्राता भर्ता वा ते सुमध्यमे अस्मात् लोकात् अमुम् लोकम् गतम् त्वम् अनुशोचसि (अस्ति)","कः अस्मात् लोकात् अमुम् लोकम् गतम् त्वम् अनुशोचसि (अस्ति) नु पुत्रः पिता भ्राता भर्ता वा ते सुमध्यमे","को नु पुत्रः पिता भ्राता भर्ता वा ते सुमध्यमे। अस्माल्लोकादमुं लोकं गतं त्वमनुशोचसि॥"
"रोदनात् अतिनिःश्वासाद् भूमि-संस्पर्शनात् अपि न त्वाम् देवीम् अहम् मन्ये राज्ञः सञ्ज्ञा-अवधारणात् व्यञ्जनानि हि ते यानि लक्षणानि च लक्षये महिषी भूमि-पालस्य राज-कन्या च मे मता .","रोदनात् राज्ञः सञ्ज्ञा-अवधारणात् व्यञ्जनानि हि ते यानि लक्षणानि च लक्षये महिषी अतिनिःश्वासाद् भूमि-पालस्य राज-कन्या च मे मता . भूमि-संस्पर्शनात् अपि न त्वाम् देवीम् अहम् मन्ये","रोदनादतिनिःश्वासाद् भूमिसंस्पर्शनादपि। न त्वां देवीमहं मन्ये राज्ञः संज्ञावधारणात् ।। व्यञ्जनानि हि ते यानि लक्षणानि च लक्षये। महिषी भूमिपालस्य राजकन्या च मे मता॥"
"रावणेन जन-स्थानात् बलात् प्रमथिता यदि सीता त्वम् असि भद्रम् ते तत् मम आचक्ष्व पृच्छतः (अस्तु)","रावणेन ते तत् मम आचक्ष्व पृच्छतः (अस्तु) जन-स्थानात् बलात् प्रमथिता यदि सीता त्वम् असि भद्रम्","रावणेन जनस्थानाद् बलात् प्रमथिता यदि। सीता त्वमसि भद्रं ते तन्ममाचक्ष्व पृच्छतः॥"
"यथा हि तव वै दैन्यम् रूपम् च अपि अतिमानुषम् तपसा च अन्वितः वेषः त्वम् राम-महिषी ध्रुवम् सा तस्य वचनम् श्रुत्वा राम-कीर्तन-हर्षिता उवाच वाक्यम् वैदेही हनूमन्तम् द्रुम-आश्रितम् (असि) (अस्ति)","यथा तपसा च अन्वितः वेषः त्वम् राम-महिषी ध्रुवम् सा तस्य वचनम् हि श्रुत्वा राम-कीर्तन-हर्षिता उवाच वाक्यम् वैदेही हनूमन्तम् द्रुम-आश्रितम् (असि) (अस्ति) तव वै दैन्यम् रूपम् च अपि अतिमानुषम्","यथा हि तव वै दैन्यं रूपं चाप्यतिमानुषम्। तपसा चान्वितो वेषस्त्वं राममहिषी ध्रुवम् ।।  सा तस्य वचनं श्रुत्वा रामकीर्तनहर्षिता। उवाच वाक्यं वैदेही हनूमन्तं द्रुमाश्रितम्॥"
"पृथिव्याम् राज-सिंहानाम् मुख्यस्य विदित-आत्मनः स्नुषा दशरथस्य अहम् शत्रुसैन्य-प्रणाशिनः दुहिता जनकस्य अहम् वैदेहस्य महा-आत्मनः सीता इति नाम्ना च उक्ता अहम् भार्या रामस्य धीमतः (अस्मि)","पृथिव्याम् जनकस्य अहम् वैदेहस्य महा-आत्मनः सीता इति नाम्ना च उक्ता अहम् राज-सिंहानाम् भार्या रामस्य धीमतः (अस्मि) मुख्यस्य विदित-आत्मनः स्नुषा दशरथस्य अहम् शत्रुसैन्य-प्रणाशिनः दुहिता","पृथिव्यां राजसिंहानां मुख्यस्य विदितात्मनः। स्नुषा दशरथस्याहं शत्रुसैन्यप्रणाशिनः ।। दुहिता जनकस्याहं वैदेहस्य महात्मनः। सीतेति नाम्ना चोक्ताहं भार्या रामस्य धीमतः॥"
"समाः द्वादश तत्र अहम् राघवस्य निवेशने भुञ्जाना मानुषान् भोगान् सर्व-काम-समृद्धिनी (अवसम्)","समाः सर्व-काम-समृद्धिनी (अवसम्) द्वादश तत्र अहम् राघवस्य निवेशने भुञ्जाना मानुषान् भोगान्","समा द्वादश तत्राहं राघवस्य निवेशने। भुञ्जाना मानुषान् भोगान् सर्वकामसमृद्धिनी॥"
"ततः त्रयोदशे वर्षे राज्ये च इक्ष्वाकु-नन्दनम् अभिषेचयितुम् राजा सोपाध्यायः प्रचक्रमे तस्मिन् सम्भ्रियमाणे तु राघवस्य अभिषेचने कैकेयी नाम भर्तारम् इदम् वचनम् अब्रवीत् .","ततः प्रचक्रमे तस्मिन् सम्भ्रियमाणे तु राघवस्य अभिषेचने कैकेयी नाम भर्तारम् इदम् त्रयोदशे वचनम् अब्रवीत् . वर्षे राज्ये च इक्ष्वाकु-नन्दनम् अभिषेचयितुम् राजा सोपाध्यायः","ततस्त्रयोदशे वर्षे राज्ये चेक्ष्वाकुनन्दनम्। अभिषेचयितुं राजा सोपाध्यायः प्रचक्रमे ।। तस्मिन् सम्भ्रियमाणे तु राघवस्याभिषेचने। कैकेयी नाम भर्तारमिदं वचनमब्रवीत्॥"
"न पिबेयम् न खादेयम् प्रत्यहम् मम भोजनम् एषः मे जीवितस्य अन्तः रामः यदि अभिषिच्यते (तर्हि)","न जीवितस्य अन्तः रामः यदि अभिषिच्यते (तर्हि) पिबेयम् न खादेयम् प्रत्यहम् मम भोजनम् एषः मे","न पिबेयं न खादेयं प्रत्यहं मम भोजनम्। एष मे जीवितस्यान्तो रामो यद्यभिषिच्यते॥"
"यत् तत् उक्तम् त्वया वाक्यम् प्रीत्या नृपति-सत्तम तत् चेत् न वितथम् कार्यम् वनम् गच्छतु राघवः .","यत् न वितथम् कार्यम् वनम् गच्छतु राघवः . तत् उक्तम् त्वया वाक्यम् प्रीत्या नृपति-सत्तम तत् चेत्","यत् तदुक्तं त्वया वाक्यं प्रीत्या नृपतिसत्तम। तच्चेन्न वितथं कार्यं वनं गच्छतु राघवः॥"
"सः राजा सत्य-वाक् देव्याः वर-दानम् अनुस्मरन् मुमोह वचनम् श्रुत्वा कैकेय्याः क्रूरम् अप्रियम् .","सः कैकेय्याः क्रूरम् अप्रियम् . राजा सत्य-वाक् देव्याः वर-दानम् अनुस्मरन् मुमोह वचनम् श्रुत्वा","स राजा सत्यवाग् देव्या वरदानमनुस्मरन्। मुमोह वचनं श्रुत्वा कैकेय्याः क्रूरमप्रियम्॥"
"ततः तम् स्थविरः राजा सत्य-धर्मे व्यवस्थितः ज्येष्ठम् यशस्विनम् पुत्रम् रुदन् राज्यम् अयाचत .","ततः रुदन् राज्यम् अयाचत . तम् स्थविरः राजा सत्य-धर्मे व्यवस्थितः ज्येष्ठम् यशस्विनम् पुत्रम्","ततस्तं स्थविरो राजा सत्यधर्मे व्यवस्थितः। ज्येष्ठं यशस्विनं पुत्रं रुदन् राज्यमयाचत॥"
"सः पितुः वचनम् श्रीमान् अभिषेकात् परम् प्रियम् मनसा पूर्वम् आसाद्य वाचा प्रतिगृहीतवान् .","सः आसाद्य वाचा प्रतिगृहीतवान् . पितुः वचनम् श्रीमान् अभिषेकात् परम् प्रियम् मनसा पूर्वम्","स पितुर्वचनं श्रीमानभिषेकात् परं प्रियम्। मनसा पूर्वमासाद्य वाचा प्रतिगृहीतवान्॥"
"दद्यात् न प्रतिगृह्णीयात् सत्यम् ब्रूयात् न च अनृतम् अपि जीवित-हेतोः हि रामः सत्य-पराक्रमः सः विहाय उत्तरीयाणि महा-अर्हाणि महायशाः विसृज्य मनसा राज्यम् जनन्यै माम् समादिशत् (यत्) (तत्) (ब्रूयात्)","दद्यात् जीवित-हेतोः हि रामः सत्य-पराक्रमः सः विहाय उत्तरीयाणि महा-अर्हाणि महायशाः विसृज्य न मनसा राज्यम् जनन्यै माम् समादिशत् (यत्) (तत्) (ब्रूयात्) प्रतिगृह्णीयात् सत्यम् ब्रूयात् न च अनृतम् अपि","दद्यान्न प्रतिगृह्णीयात् सत्यं ब्रूयान्न चानृतम्। अपि जीवितहेतोर्हि रामः सत्यपराक्रमः ।। स विहायोत्तरीयाणि महार्हाणि महायशाः। विसृज्य मनसा राज्यं जनन्यै मां समादिशत्॥"
"सा अहम् तस्य अग्रतः तूर्णम् प्रस्थिता वन-चारिणी न हि मे तेन हीनायाः वासः स्वर्गे अपि रोचते प्राक् एव तु महाभागः सौमित्रिः मित्र-नन्दनः पूर्वजस्य अनुयात्रा-अर्थे कुश-चीरैः अलङ्कृतः (प्रस्थितः)","सा मे तेन हीनायाः वासः स्वर्गे अपि रोचते प्राक् एव तु अहम् महाभागः सौमित्रिः मित्र-नन्दनः पूर्वजस्य अनुयात्रा-अर्थे कुश-चीरैः अलङ्कृतः (प्रस्थितः) तस्य अग्रतः तूर्णम् प्रस्थिता वन-चारिणी न हि","साहं तस्याग्रतस्तूर्णं प्रस्थिता वनचारिणी। नहि मे तेन हीनाया वासः स्वर्गेऽपि रोचते ।। प्रागेव तु महाभागः सौमित्रिर्मित्रनन्दनः। पूर्वजस्यानुयात्रार्थे कुशचीरैरलंकृतः॥"
"ते वयम् भर्तुः आदेशम् बहुमान्य दृढ-व्रताः प्रविष्टाः स्म पुरा अदृष्टम् वनम् गम्भीर-दर्शनम् वसतः दण्डक-आरण्ये तस्य अहम् अमित-ओजसः रक्षसा अपहृता भार्या रावणेन दुरात्मना .","ते अदृष्टम् वनम् गम्भीर-दर्शनम् वसतः दण्डक-आरण्ये तस्य अहम् अमित-ओजसः रक्षसा अपहृता वयम् भार्या रावणेन दुरात्मना . भर्तुः आदेशम् बहुमान्य दृढ-व्रताः प्रविष्टाः स्म पुरा","ते वयं भर्तुरादेशं बहुमान्य दृढव्रताः। प्रविष्टाः स्म पुरादृष्टं वनं गम्भीरदर्शनम् ।। वसतो दण्डकारण्ये तस्याहममितौजसः। रक्षसापहृता भार्या रावणेन दुरात्मना॥"
"द्वौ मासौ तेन मे कालः जीवित-अनुग्रहः कृतः ऊर्ध्वम् द्वाभ्याम् तु मासाभ्याम् ततः त्यक्ष्यामि जीवितम् .","द्वौ तु मासाभ्याम् ततः त्यक्ष्यामि जीवितम् . मासौ तेन मे कालः जीवित-अनुग्रहः कृतः ऊर्ध्वम् द्वाभ्याम्","द्वौ मासौ तेन मे कालो जीवितानुग्रहः कृतः। ऊर्ध्वं द्वाभ्यां तु मासाभ्यां ततस्त्यक्ष्यामि जीवितम्॥"
"तस्याः तत् वचनम् श्रुत्वा हनूमान् हरि-पुङ्गवः दुःखात् दुःख-अभिभूतायाः सान्त्वम् उत्तरम् अब्रवीत् .","तस्याः उत्तरम् अब्रवीत् . तत् वचनम् श्रुत्वा हनूमान् हरि-पुङ्गवः दुःखात् दुःख-अभिभूतायाः सान्त्वम्","तस्यास्तद् वचनं श्रुत्वा हनूमान् हरिपुंगवः। दुःखाद् दुःखाभिभूतायाः सान्त्वमुत्तरमब्रवीत्॥"
"अहम् रामस्य सन्देशात् देवि दूतः तव आगतः वैदेहि कुशली रामः सः त्वाम् कौशलम् अब्रवीत् .","अहम् रामः सः त्वाम् कौशलम् अब्रवीत् . रामस्य सन्देशात् देवि दूतः तव आगतः वैदेहि कुशली","अहं रामस्य संदेशाद् देवि दूतस्तवागतः। वैदेहि कुशली रामः स त्वां कौशलमब्रवीत्॥"
"यः ब्राह्मम् अस्त्रम् वेदान् च वेद वेद-विदाम् वरः सः त्वाम् दाशरथी रामः देवि कौशलम् अब्रवीत् लक्ष्मणः च महा-तेजाः भर्तुः ते अनुचरः प्रियः कृतवान् शोक-सन्तप्तः शिरसा ते अभिवादनम् .","यः त्वाम् दाशरथी रामः देवि कौशलम् अब्रवीत् लक्ष्मणः च महा-तेजाः भर्तुः ब्राह्मम् ते अनुचरः प्रियः कृतवान् शोक-सन्तप्तः शिरसा ते अभिवादनम् . अस्त्रम् वेदान् च वेद वेद-विदाम् वरः सः","यो ब्राह्ममस्त्रं वेदांश्च वेद वेदविदां वरः। स त्वां दाशरथी रामो देवि कौशलमब्रवीत् ।। लक्ष्मणश्च महातेजा भर्तुस्तेऽनुचरः प्रियः। कृतवाञ्छोकसंतप्तः शिरसा तेऽभिवादनम्॥"
"सा तयोः कुशलम् देवी निशम्य नर-सिंहयोः प्रतिसंहृष्ट-सर्व-अङ्गी हनूमन्तम् अथ अब्रवीत् .","सा अब्रवीत् . तयोः कुशलम् देवी निशम्य नर-सिंहयोः प्रतिसंहृष्ट-सर्व-अङ्गी हनूमन्तम् अथ","सा तयोः कुशलं देवी निशम्य नरसिंहयोः। प्रतिसंहृष्टसर्वांगी हनूमन्तमथाब्रवीत्॥"
"कल्याणी बत गाथा इयम् लौकिकी प्रतिभाति मा एति जीवन्तम् आनन्दः नरम् वर्ष-शतात् अपि .","कल्याणी आनन्दः नरम् वर्ष-शतात् अपि . बत गाथा इयम् लौकिकी प्रतिभाति मा एति जीवन्तम्","कल्याणी बत गाथेयं लौकिकी प्रतिभाति मा। एति जीवन्तमानन्दो नरं वर्षशतादपि॥"
"तयोः समागमे तस्मिन् प्रीतिः उत्पादिता अद्भुता परस्परेण च आलापम् विश्वस्तौ तौ प्रचक्रतुः .","तयोः विश्वस्तौ तौ प्रचक्रतुः . समागमे तस्मिन् प्रीतिः उत्पादिता अद्भुता परस्परेण च आलापम्","तयोः समागमे तस्मिन् प्रीतिरुत्पादिताद्भुता। परस्परेण चालापं विश्वस्तौ तौ प्रचक्रतुः॥"
"तस्याः तत् वचनम् श्रुत्वा हनूमान् मारुत-आत्मजः सीतायाः शोक-तप्तायाः समीपम् उपचक्रमे .","तस्याः उपचक्रमे . तत् वचनम् श्रुत्वा हनूमान् मारुत-आत्मजः सीतायाः शोक-तप्तायाः समीपम्","तस्यास्तद् वचनं श्रुत्वा हनूमान् मारुतात्मजः। सीतायाः शोकतप्तायाः समीपमुपचक्रमे॥"
"यथा यथा समीपम् सः हनूमान् उपसर्पति तथा तथा रावणम् सा तम् सीता परिशङ्कते .","यथा सा तम् सीता परिशङ्कते . यथा समीपम् सः हनूमान् उपसर्पति तथा तथा रावणम्","यथा यथा समीपं स हनूमानुपसर्पति। तथा तथा रावणं सा तं सीता परिशङ्कते॥"
"अहो धिक् धिक् कृतम् इदम् कथितम् हि यत् अस्य मे रूप-अन्तरम् उपागम्य सः एव अयम् हि रावणः (अस्ति) .","अहो मे रूप-अन्तरम् उपागम्य सः एव अयम् हि रावणः (अस्ति) . धिक् धिक् कृतम् इदम् कथितम् हि यत् अस्य","अहो धिग् धिक्कृतमिदं कथितं हि यदस्य मे। रूपान्तरमुपागम्य स एवायं हि रावणः॥"
"ताम् अशोकस्य शाखाम् तु विमुक्त्वा शोक-कर्शिता तस्याम् एव अनवद्य-अङ्गी धरण्याम् समुपाविशत् .","ताम् धरण्याम् समुपाविशत् . अशोकस्य शाखाम् तु विमुक्त्वा शोक-कर्शिता तस्याम् एव अनवद्य-अङ्गी","तामशोकस्य शाखां तु विमुक्त्वा शोककर्शिता। तस्यामेवानवद्याङ्गी धरण्यां समुपाविशत्॥"
"अवन्दत महाबाहुः ततः ताम् जनक-आत्मजाम् सा च एनम् भय-सन्त्रस्ता भूयः न एनम् उदैक्षत (दृष्ट्वा)","अवन्दत भूयः न एनम् उदैक्षत (दृष्ट्वा) महाबाहुः ततः ताम् जनक-आत्मजाम् सा च एनम् भय-सन्त्रस्ता","अवन्दत महाबाहुस्ततस्तां जनकात्मजाम्। सा चैनं भयसंत्रस्ता भूयो नैनमुदैक्षत॥"
"तम् दृष्ट्वा वन्दमानम् च सीता शशि-निभ-आनना अब्रवीत् दीर्घम् उच्छ्वस्य वानरम् मधुर-स्वरा .","तम् वानरम् मधुर-स्वरा . दृष्ट्वा वन्दमानम् च सीता शशि-निभ-आनना अब्रवीत् दीर्घम् उच्छ्वस्य","तं दृष्ट्वा वन्दमानं च सीता शशिनिभानना। अब्रवीद् दीर्घमुच्छ्वस्य वानरं मधुरस्वरा॥"
"मायाम् प्रविष्टः मायावी यदि त्वम् रावणः स्वयम् उत्पादयसि मे भूयः सन्तापम् तत् न शोभनम् (असि)","मायाम् भूयः सन्तापम् तत् न शोभनम् (असि) प्रविष्टः मायावी यदि त्वम् रावणः स्वयम् उत्पादयसि मे","मायां प्रविष्टो मायावी यदि त्वं रावणः स्वयम्। उत्पादयसि मे भूयः संतापं तन्न शोभनम्॥"
"स्वम् परित्यज्य रूपम् यः परिव्राजक-रूपवान् जन-स्थाने मया दृष्टः त्वम् सः एव हि रावणः उपवास-कृशाम् दीनाम् कामरूप-निशाचर सन्तापयसि माम् भूयः सन्तापम् तत् न शोभनम् .","स्वम् सः एव हि रावणः उपवास-कृशाम् दीनाम् कामरूप-निशाचर सन्तापयसि माम् भूयः परित्यज्य सन्तापम् तत् न शोभनम् . रूपम् यः परिव्राजक-रूपवान् जन-स्थाने मया दृष्टः त्वम्","स्वं परित्यज्य रूपं यः परिव्राजकरूपवान्। जनस्थाने मया दृष्टस्त्वं स एव हि रावणः ।। उपवासकृशां दीनां कामरूप निशाचर। संतापयसि मां भूयः संतापं तन्न शोभनम्॥ "
"अथवा न एतत् एवम् हि यत् मया परिशङ्कितम् मनसः हि मम प्रीतिः उत्पन्ना तव दर्शनात् यदि रामस्य दूतः त्वम् आगतः भद्रम् अस्तु ते पृच्छामि त्वाम् हरि-श्रेष्ठ प्रिया राम-कथा हि मे (अस्ति) (अस्ति)","अथवा हि मम प्रीतिः उत्पन्ना तव दर्शनात् यदि रामस्य दूतः त्वम् न आगतः भद्रम् अस्तु ते पृच्छामि त्वाम् हरि-श्रेष्ठ प्रिया राम-कथा हि एतत् मे (अस्ति) (अस्ति) एवम् हि यत् मया परिशङ्कितम् मनसः","अथवा नैतदेवं हि यन्मया परिशङ्कितम्। मनसो हि मम प्रीतिरुत्पन्ना तव दर्शनात् ।। यदि रामस्य दूतस्त्वमागतो भद्रमस्तु ते। पृच्छामि त्वां हरिश्रेष्ठ प्रिया रामकथा हि मे॥"
"गुणान् रामस्य कथय प्रियस्य मम वानर चित्तम् हरसि मे सौम्य नदी-कूलम् यथा रयः (त्वम्)","गुणान् सौम्य नदी-कूलम् यथा रयः (त्वम्) रामस्य कथय प्रियस्य मम वानर चित्तम् हरसि मे","गुणान् रामस्य कथय प्रियस्य मम वानर। चित्तं हरसि मे सौम्य नदीकूलं यथा रयः॥"
"अहो स्वप्नस्य सुखता या अहम् एव चिर-आहृता प्रेषितम् नाम पश्यामि राघवेण वन-ओकसम् .","अहो पश्यामि राघवेण वन-ओकसम् . स्वप्नस्य सुखता या अहम् एव चिर-आहृता प्रेषितम् नाम","अहो स्वप्नस्य सुखता याहमेव चिराहृता। प्रेषितं नाम पश्यामि राघवेण वनौकसम्॥"
"स्वप्ने अपि यदि अहम् वीरम् राघवम् सह-लक्ष्मणम् पश्येयम् न अवसीदेयम् स्वप्नः अपि मम मत्सरी (भाति)","स्वप्ने अवसीदेयम् स्वप्नः अपि मम मत्सरी (भाति) अपि यदि अहम् वीरम् राघवम् सह-लक्ष्मणम् पश्येयम् न","स्वप्नेऽपि यद्यहं वीरं राघवं सहलक्ष्मणम्। पश्येयं नावसीदेयं स्वप्नोऽपि मम मत्सरी ।। "
"न अहम् स्वप्नम् इमम् मन्ये स्वप्ने दृष्ट्वा हि वानरम् न शक्यः अभ्युदयः प्राप्तुम् प्राप्तः च अभ्युदयः मम .","न न शक्यः अभ्युदयः प्राप्तुम् प्राप्तः च अभ्युदयः मम . अहम् स्वप्नम् इमम् मन्ये स्वप्ने दृष्ट्वा हि वानरम्","नाहं स्वप्नमिमं मन्ये स्वप्ने दृष्ट्वा हि वानरम्। न शक्योऽभ्युदयः प्राप्तुं प्राप्तश्चाभ्युदयो मम॥"
"किन्नु स्यात् चित्त-मोहः अयम् भवेत् वात-गतिः तु इयम् उन्मादजः विकारः वा स्यात् अयम् मृग-तृष्णिका .","किन्नु विकारः वा स्यात् अयम् मृग-तृष्णिका . स्यात् चित्त-मोहः अयम् भवेत् वात-गतिः तु इयम् उन्मादजः","किं नु स्याच्चित्तमोहोऽयं भवेद् वातगतिस्त्वियम्। उन्मादजो विकारो वा स्यादयं मृगतृष्णिका॥"
"अथवा न अयम् उन्मादः मोहः अपि उन्माद-लक्षणः सम्बुध्ये च अहम् आत्मानम् इमम् च अपि वन-ओकसम् (अस्ति)","अथवा अहम् आत्मानम् इमम् च अपि वन-ओकसम् (अस्ति) न अयम् उन्मादः मोहः अपि उन्माद-लक्षणः सम्बुध्ये च","अथवा नायमुन्मादो मोहोऽप्युन्मादलक्षणः। सम्बुध्ये चाहमात्मानमिमं चापि वनौकसम्॥"
"इति एवम् बहुधा सीता सम्प्रधार्य बल-अबलम् रक्षसाम् काम-रूपत्वात् मेने तम् राक्षस-अधिपम् .","इति तम् राक्षस-अधिपम् . एवम् बहुधा सीता सम्प्रधार्य बल-अबलम् रक्षसाम् काम-रूपत्वात् मेने","इत्येवं बहुधा सीता सम्प्रधार्य बलाबलम्। रक्षसां कामरूपत्वान्मेने तं राक्षसाधिपम्॥"
"एताम् बुद्धिम् तदा कृत्वा सीता सा तनु-मध्यमा न प्रतिव्याजहार वानरम् जनक-आत्मजा अथ .","एताम् वानरम् जनक-आत्मजा अथ . बुद्धिम् तदा कृत्वा सीता सा तनु-मध्यमा न प्रतिव्याजहार","एतां बुद्धिं तदा कृत्वा सीता सा तनुमध्यमा। न प्रतिव्याजहाराथ वानरं जनकात्मजा॥"
"सीतायाः निश्चितम् बुद्ध्वा हनूमान् मारुत-आत्मजः श्रोत्र-अनुकूलैः वचनैः तदा ताम् सम्प्रहर्षयन् .","सीतायाः सम्प्रहर्षयन् . निश्चितम् बुद्ध्वा हनूमान् मारुत-आत्मजः श्रोत्र-अनुकूलैः वचनैः तदा ताम्","सीताया निश्चितं बुद्‍ध्वा हनूमान् मारुतात्मजः। श्रोत्रानुकूलैर्वचनैस्तदा तां सम्प्रहर्षयन्॥"
"आदित्यः इव तेजस्वी लोक-कान्तः शशी यथा राजा सर्वस्य लोकस्य देवः वैश्रवणः यथा (यः) (अस्ति)","आदित्यः देवः वैश्रवणः यथा (यः) (अस्ति) इव तेजस्वी लोक-कान्तः शशी यथा राजा सर्वस्य लोकस्य","आदित्य इव तेजस्वी लोककान्तः शशी यथा। राजा सर्वस्य लोकस्य देवो वैश्रवणो यथा॥"
"विक्रमेण उपपन्नः च यथा विष्णुः महा-यशाः सत्य-वादी मधुर-वाक् देवः वाचस्पतिः यथा (अस्ति) (यः)","विक्रमेण वाचस्पतिः यथा (अस्ति) (यः) उपपन्नः च यथा विष्णुः महा-यशाः सत्य-वादी मधुर-वाक् देवः","विक्रमेणोपपन्नश्च यथा विष्णुर्महायशाः। सत्यवादी मधुरवाग् देवो वाचस्पतिर्यथा॥"
"रूपवान् सुभगः श्रीमान् कन्दर्पः इव मूर्तिमान् स्थान-क्रोधे प्रहर्ता च श्रेष्ठः लोके महा-रथः (अस्ति) (यः)","रूपवान् श्रेष्ठः लोके महा-रथः (अस्ति) (यः) सुभगः श्रीमान् कन्दर्पः इव मूर्तिमान् स्थान-क्रोधे प्रहर्ता च","रूपवान् सुभगः श्रीमान् कंदर्प इव मूर्तिमान्। स्थानक्रोधे प्रहर्ता च श्रेष्ठो लोके महारथः॥"
"बाहु-छायाम् अवष्टब्धः यस्य लोकः महा-आत्मनः अपक्रम्य आश्रम-पदात् मृग-रूपेण राघवम् (तम्)","बाहु-छायाम् (तम्) अवष्टब्धः यस्य लोकः महा-आत्मनः अपक्रम्य आश्रम-पदात् मृग-रूपेण राघवम्","बाहुच्छायामवष्टब्धो यस्य लोको महात्मनः। अपक्रम्याश्रमपदान्मृगरूपेण राघवम्॥"
"शून्ये येन अपनीता असि तस्य द्रक्ष्यसि तत् फलम् अचिरात् रावणम् सङ्ख्ये यः वधिष्यति वीर्यवान् .","शून्ये रावणम् सङ्ख्ये यः वधिष्यति वीर्यवान् . येन अपनीता असि तस्य द्रक्ष्यसि तत् फलम् अचिरात्","शून्ये येनापनीतासि तस्य द्रक्ष्यसि तत्फलम्। अचिराद् रावणं संख्ये यो वधिष्यति वीर्यवान्॥"
"क्रोध-प्रमुक्तैः इषुभिः ज्वलद्भिः इव पावकैः तेन अहम् प्रेषितः दूतः त्वत्-सकाशम् इह आगतः (वधिष्यति) (यः)","क्रोध-प्रमुक्तैः त्वत्-सकाशम् इह आगतः (वधिष्यति) (यः) इषुभिः ज्वलद्भिः इव पावकैः तेन अहम् प्रेषितः दूतः","क्रोधप्रमुक्तैरिषुभिर्ज्वलद्भिरिव पावकैः। तेनाहं प्रेषितो दूतस्त्वत्सकाशमिहागतः॥"
"त्वत्-वियोगेन दुःख-आर्तः सः त्वाम् कौशलम् अब्रवीत् लक्ष्मणः च महा-तेजाः सुमित्रानन्द-वर्धनः .","त्वत्-वियोगेन सुमित्रानन्द-वर्धनः . दुःख-आर्तः सः त्वाम् कौशलम् अब्रवीत् लक्ष्मणः च महा-तेजाः","त्वद्वियोगेन दुःखार्तः स त्वां कौशलमब्रवीत्। लक्ष्मणश्च महातेजाः सुमित्रानन्दवर्धनः॥"
"अभिवाद्य महा-बाहुः सः त्वाम् कौशलम् अब्रवीत् रामस्य च सखा देवि सुग्रीवः नाम वानरः .","अभिवाद्य देवि सुग्रीवः नाम वानरः . महा-बाहुः सः त्वाम् कौशलम् अब्रवीत् रामस्य च सखा","अभिवाद्य महाबाहुः स त्वां कौशलमब्रवीत्। रामस्य च सखा देवि सुग्रीवो नाम वानरः॥"
"राजा वानर-मुख्यानाम् सः त्वाम् कौशलम् अब्रवीत् नित्यम् स्मरति ते रामः स-सुग्रीवः स-लक्ष्मणः .","राजा रामः स-सुग्रीवः स-लक्ष्मणः . वानर-मुख्यानाम् सः त्वाम् कौशलम् अब्रवीत् नित्यम् स्मरति ते","राजा वानरमुख्यानां स त्वां कौशलमब्रवीत्। नित्यं स्मरति ते रामः ससुग्रीवः सलक्ष्मणः॥"
"दिष्ट्या जीवसि वैदेहि राक्षसी-वशम् आगता न चिरात् द्रक्ष्यसे रामम् लक्ष्मणम् च महा-रथम् .","दिष्ट्या लक्ष्मणम् च महा-रथम् . जीवसि वैदेहि राक्षसी-वशम् आगता न चिरात् द्रक्ष्यसे रामम्","दिष्ट्या जीवसि वैदेहि राक्षसीवशमागता। नचिराद् द्रक्ष्यसे रामं लक्ष्मणं च महारथम्॥"
"मध्ये वानर-कोटीनाम् सुग्रीवम् च अमित-ओजसम् अहम् सुग्रीव-सचिवः हनूमान् नाम वानरः (द्रक्ष्यसे) (अस्मि)","मध्ये वानरः (द्रक्ष्यसे) (अस्मि) वानर-कोटीनाम् सुग्रीवम् च अमित-ओजसम् अहम् सुग्रीव-सचिवः हनूमान् नाम","मध्ये वानरकोटीनां सुग्रीवं चामितौजसम्। अहं सुग्रीवसचिवो हनूमान् नाम वानरः॥"
"प्रविष्टः नगरीम् लङ्काम् लङ्घयित्वा महा-उदधिम् कृत्वा मूर्ध्नि पद-न्यासम् रावणस्य दुरात्मनः (उपयातः)","प्रविष्टः दुरात्मनः (उपयातः) नगरीम् लङ्काम् लङ्घयित्वा महा-उदधिम् कृत्वा मूर्ध्नि पद-न्यासम् रावणस्य","प्रविष्टो नगरीं लङ्कां लङ्घयित्वा महोदधिम्। कृत्वा मूर्ध्नि पदन्यासं रावणस्य दुरात्मनः॥"
"अहम् समाश्रित्य पराक्रमम् न अहम् अस्मि तथा देवि यथा माम् अवगच्छसि विशङ्का त्यज्यताम् एषा श्रद्धत्स्व वदतः मम त्वाम् द्रष्टुम् उपयातः","अहम् माम् अवगच्छसि विशङ्का त्यज्यताम् एषा श्रद्धत्स्व वदतः मम त्वाम् द्रष्टुम् समाश्रित्य उपयातः पराक्रमम् न अहम् अस्मि तथा देवि यथा","त्वां द्रष्टुमुपयातोऽहं समाश्रित्य पराक्रमम्। नाहमस्मि तथा देवि यथा मामवगच्छसि। विशङ्का त्यज्यतामेषा श्रद्धत्स्व वदतो मम॥"
"ताम् तु राम-कथाम् श्रुत्वा वैदेही वानर-ऋषभात् उवाच वचनम् सान्त्वम् इदम् मधुरया गिरा .","ताम् इदम् मधुरया गिरा . तु राम-कथाम् श्रुत्वा वैदेही वानर-ऋषभात् उवाच वचनम् सान्त्वम्","तां तु रामकथां श्रुत्वा वैदेही वानरर्षभात्। #उवाच वचनं सान्त्वमिदं मधुरया गिरा॥ १॥"
"क्व ते रामेण संसर्गः कथम् जानासि लक्ष्मणम् वानराणाम् नराणाम् च कथम् आसीत् समागमः [अभवत्]","क्व च कथम् आसीत् समागमः [अभवत्] ते रामेण संसर्गः कथम् जानासि लक्ष्मणम् वानराणाम् नराणाम्","क्व ते रामेण संसर्गः कथं जानासि लक्ष्मणम्।#वानराणां नराणां च कथमासीत्समागमः॥"
"यानि रामस्य चिह्नानि लक्ष्मणस्य च वानर तानि भूयः समाचक्ष्व न माम् शोकः समाविशेत् .","यानि न माम् शोकः समाविशेत् . रामस्य चिह्नानि लक्ष्मणस्य च वानर तानि भूयः समाचक्ष्व","यानि रामस्य चिह्नानि लक्ष्मणस्य च वानर।#तानि भूयः समाचक्ष्व न मां शोकः समाविशेत्॥"
"कीदृशम् तस्य संस्थानम् रूपम् तस्य च कीदृशम् कथम् ऊरू कथम् बाहू लक्ष्मणस्य च शंस मे . [इति] [अस्ति] [अस्ति] [स्तः] [स्तः]","कीदृशम् कथम् बाहू लक्ष्मणस्य च शंस मे . [इति] [अस्ति] [अस्ति] तस्य [स्तः] [स्तः] संस्थानम् रूपम् तस्य च कीदृशम् कथम् ऊरू","कीदृशं तस्य संस्थानं रूपं तस्य च कीदृशम्।#कथमूरू कथं बाहू लक्ष्मणस्य च शंस मे॥"
"एवम् उक्तः तु वैदेह्या हनूमान् मारुत-आत्मजः ततः रामम् यथा तत्त्वम् आख्यातुम् उपचक्रमे .","एवम् तत्त्वम् आख्यातुम् उपचक्रमे . उक्तः तु वैदेह्या हनूमान् मारुत-आत्मजः ततः रामम् यथा","एवमुक्तस्तु वैदेह्या हनूमान्मारुतात्मजः।#ततो रामं यथातत्त्वमाख्यातुमुपचक्रमे॥"
"जानन्ती बत दिष्ट्या माम् वैदेहि परिपृच्छसि भर्तुः कमल-पत्र-अक्षि संस्थानम् लक्ष्मणस्य च .","जानन्ती लक्ष्मणस्य च . बत दिष्ट्या माम् वैदेहि परिपृच्छसि भर्तुः कमल-पत्र-अक्षि संस्थानम्","जानन्ती बत दिष्ट्या मां वैदेहि परिपृच्छसि।#भर्तुः कमलपत्राक्षि संस्थानं लक्ष्मणस्य च॥"
"यानि रामस्य चिह्नानि लक्ष्मणस्य च यानि वै लक्षितानि विशाल-अक्षि वदतः शृणु तानि मे .","यानि वदतः शृणु तानि मे . रामस्य चिह्नानि लक्ष्मणस्य च यानि वै लक्षितानि विशाल-अक्षि","यानि रामस्य चिह्नानि लक्ष्मणस्य च यानि वै।#लक्षितानि विशालाक्षि वदतः शृणु तानि मे॥"
"रामः कमल-पत्र-अक्षः पूर्ण-चन्द्र-निभ-आननः रूप-दाक्षिण्य-सम्पन्नः प्रसूतः जनक-आत्मजे . [अस्ति]","रामः कमल-पत्र-अक्षः पूर्ण-चन्द्र-निभ-आननः रूप-दाक्षिण्य-सम्पन्नः प्रसूतः जनक-आत्मजे . [अस्ति]","रामः कमलपत्राक्षः पूर्णचन्द्रनिभाननः।#रूपदाक्षिण्यसम्पन्नः प्रसूतो जनकात्मजे॥"
"[सः] तेजसा आदित्य सङ्काशः क्षमया पृथिवी-समः बृहस्पति-समः बुद्ध्या यशसा वासव-उपमः [अस्ति] .","[सः] वासव-उपमः [अस्ति] . तेजसा आदित्य सङ्काशः क्षमया पृथिवी-समः बृहस्पति-समः बुद्ध्या यशसा","तेजसाऽऽदित्यसंकाशः क्षमया पृथिवीसमः।#बृहस्पतिसमो बुद्ध्या यशसा वासवोपमः॥"
"[सः] जीव-लोकस्य रक्षिता स्व-जनस्य च रक्षिता स्वस्य वृत्तस्य रक्षिता धर्मस्य च परम् तपः [अस्ति] .","[सः] धर्मस्य च परम् तपः [अस्ति] . जीव-लोकस्य रक्षिता स्व-जनस्य च रक्षिता स्वस्य वृत्तस्य रक्षिता","रक्षिता जीवलोकस्य स्वजनस्य च रक्षिता।#रक्षिता स्वस्य वृत्तस्य धर्मस्य च परंतपः॥"
"रामः भामिनि लोकस्य चातुर्वर्ण्यस्य रक्षिता मर्यादानाम् च लोकस्य कर्ता कारयिता च सः . [अस्ति]","रामः कारयिता च सः . [अस्ति] भामिनि लोकस्य चातुर्वर्ण्यस्य रक्षिता मर्यादानाम् च लोकस्य कर्ता","रामो भामिनि लोकस्य चातुर्वर्ण्यस्य रक्षिता।#मर्यादानां च लोकस्य कर्ता कारयिता च सः॥"
"अर्चिष्मान् अर्चितः अत्यर्थम् ब्रह्म-चर्य-व्रते स्थितः साधूनाम् उपकार-ज्ञः प्रचार-ज्ञः च कर्मणाम् . [सः] [अस्ति]","अर्चिष्मान् च कर्मणाम् . [सः] [अस्ति] अर्चितः अत्यर्थम् ब्रह्म-चर्य-व्रते स्थितः साधूनाम् उपकार-ज्ञः प्रचार-ज्ञः","अर्चिष्मानर्चितोऽत्यर्थं ब्रह्मचर्यव्रते स्थितः।#साधूनामुपकारज्ञः प्रचारज्ञश्च कर्मणाम्॥"
"[सः] राज-नीत्याम् विनीतः च ब्राह्मणानाम् उपासकः ज्ञानवान् शील-सम्पन्नः विनीतः च परम् तपः [अस्ति] .","[सः] च परम् तपः [अस्ति] . राज-नीत्याम् विनीतः च ब्राह्मणानाम् उपासकः ज्ञानवान् शील-सम्पन्नः विनीतः","राजनीत्यां विनीतश्च ब्राह्मणानामुपासकः।#ज्ञानवाञ्शीलसम्पन्नो विनीतश्च परंतपः॥"
"सः यजुः-वेद-विनीतः वेद-विद्भिः च सुपूजितः धनुः-वेदे वेदेषु च वेद-अङ्गेषु च निष्ठितः अस्ति .","सः च निष्ठितः अस्ति . यजुः-वेद-विनीतः वेद-विद्भिः च सुपूजितः धनुः-वेदे वेदेषु च वेद-अङ्गेषु","यजुर्वेदविनीतश्च वेदविद्भिः सुपूजितः।#धनुर्वेदे च वेदेषु वेदाङ्गेषु च निष्ठितः॥"
"विपुलांसः महा-बाहुः कम्बुग्रीवः शुभ-आननः गूढ-जत्रुः सुत-आम्र-अक्षः रामः नाम जनैः श्रुतः [अस्ति] .","विपुलांसः श्रुतः [अस्ति] . महा-बाहुः कम्बुग्रीवः शुभ-आननः गूढ-जत्रुः सुत-आम्र-अक्षः रामः नाम जनैः","विपुलांसो महाबाहुः कम्बुग्रीवः शुभाननः।#गूढजत्रुः सुताम्राक्षो रामो नाम जनैः श्रुतः॥"
"[सः] दुन्दुभि-स्वन-निर्घोषः स्निग्ध-वर्णः प्रतापवान् समः च सुविभक्त-अङ्गः वर्णम् श्यामम् समाश्रितः [अस्ति] .","[सः] समाश्रितः [अस्ति] . दुन्दुभि-स्वन-निर्घोषः स्निग्ध-वर्णः प्रतापवान् समः च सुविभक्त-अङ्गः वर्णम् श्यामम्","दुन्दुभिस्वननिर्घोषः स्निग्धवर्णः प्रतापवान्।#समश्च सुविभक्ताङ्गो वर्णं श्यामं समाश्रितः॥"
"[सः] त्रि-स्थिरः त्रि-प्रलम्बः च त्रि-समः त्रिषु च उन्नतः त्रि-ताम्रः त्रिषु च स्निग्धः गम्भीरः त्रिषु नित्यशः [अस्ति] .","[सः] त्रिषु च स्निग्धः गम्भीरः त्रिषु नित्यशः [अस्ति] . त्रि-स्थिरः त्रि-प्रलम्बः च त्रि-समः त्रिषु च उन्नतः त्रि-ताम्रः","त्रिस्थिरस्त्रिप्रलम्बश्च त्रिसमस्त्रिषु चोन्नतः।#त्रिताम्रस्त्रिषु च स्निग्धो गम्भीरस्त्रिषु नित्यशः॥"
"[सः] त्रि-वली-मान् त्री-अवनतः चतुः-व्यङ्गः त्रि-शीर्ष-वान् चतुः-कलः चतुः-लेखः चतुः-किष्कुः चतुः-समः [अस्ति] .","[सः] [अस्ति] . त्रि-वली-मान् त्री-अवनतः चतुः-व्यङ्गः त्रि-शीर्ष-वान् चतुः-कलः चतुः-लेखः चतुः-किष्कुः चतुः-समः","त्रिवलीमांस्त्र्यवनतश्चतुर्व्यङ्गस्त्रिशीर्षवान्।#चतुष्कलश्चतुर्लेखश्चतुष्किष्कुश्चतुः समः॥"
"[सः] चतुर्दश-सम-द्वन्द्वः चतुः-दंष्ट्रः चतुः-गतिः महोष्ठ-हनु-नासः च पञ्च-स्निग्धः अष्ट-वंश-वान् [अस्ति] .","[सः] . चतुर्दश-सम-द्वन्द्वः चतुः-दंष्ट्रः चतुः-गतिः महोष्ठ-हनु-नासः च पञ्च-स्निग्धः अष्ट-वंश-वान् [अस्ति]","चतुर्दशसमद्वन्द्वश्चतुर्दंष्ट्रश्चतुर्गतिः।#महोष्ठहनुनासश्च पञ्चस्निग्धोऽष्टवंशवान्॥"
"दश-पद्मः दश-बृहत् त्रिभिः व्याप्तः द्वि-शुक्ल-वान् षट्-उन्नतः नव-तनुः त्रिभिः व्याप्नोति राघवः .","दश-पद्मः राघवः . दश-बृहत् त्रिभिः व्याप्तः द्वि-शुक्ल-वान् षट्-उन्नतः नव-तनुः त्रिभिः व्याप्नोति","दशपद्मो दशबृहत् त्रिभिर्व्याप्तो द्विशुक्लवान्।#षडुन्नतो नवतनुस्त्रिभिर्व्याप्नोति राघवः॥"
"[सः] सत्य-धर्म-रतः श्रीमान् सङ्ग्रह-अनुग्रहे रतः देश-काल-विभाग-ज्ञः सर्व-लोक-प्रियंवदः [अस्ति] .","[सः] सत्य-धर्म-रतः श्रीमान् सङ्ग्रह-अनुग्रहे रतः देश-काल-विभाग-ज्ञः सर्व-लोक-प्रियंवदः [अस्ति] .","सत्यधर्मरतः श्रीमान्संग्रहानुग्रहे रतः।#देशकालविभागज्ञः सर्वलोकप्रियंवदः॥"
"अस्य भ्राता द्वैमात्रः च अमित-प्रभः च सौमित्रिः अनुरागेण रूपेण गुणैः च अपि तथाविधः [अस्ति] .","अस्य गुणैः च अपि तथाविधः [अस्ति] . भ्राता द्वैमात्रः च अमित-प्रभः च सौमित्रिः अनुरागेण रूपेण","भ्राता चास्य च द्वैमात्रः सौमित्रिरमितप्रभः।#अनुरागेण रूपेण गुणैश्चापि तथाविधः॥"
"स-सुवर्ण-छविः श्रीमान् श्यामः महा-यशाः रामः [अस्ति] .","स-सुवर्ण-छविः श्रीमान् श्यामः महा-यशाः रामः [अस्ति] .","यानि रामस्य चिह्नानि लक्ष्मणस्य च यानि वै।"
"तौ उभौ नर-शार्दूलौ त्वत्-दर्शन-सम्-उत्सकौ विचिन्वन्तौ महीम् कृत्स्नाम् अस्माभिः सह सङ्गतौ [बभूवतुः] .","तौ सङ्गतौ [बभूवतुः] . उभौ नर-शार्दूलौ त्वत्-दर्शन-सम्-उत्सकौ विचिन्वन्तौ महीम् कृत्स्नाम् अस्माभिः सह","तावुभौ नरशार्दूलौ त्वद्दर्शनसमुत्सकौ॥#विचिन्वन्तौ महीं कृत्स्नामस्माभिः सह संगतौ।"
"तौ त्वाम् एव मार्गमाणौ वसुन्धराम् विचरन्तौ ऋष्यमूकस्य बहु-पाद-प-सङ्कुले मूले मृग-पतिम् पूर्व-जेन अवरोपितम् तु भ्रातुः भय-आर्तम् आसीनम् प्रिय-दर्शनम् सुग्रीवम् ददर्शतुः .","तौ मृग-पतिम् पूर्व-जेन अवरोपितम् तु भ्रातुः भय-आर्तम् आसीनम् प्रिय-दर्शनम् सुग्रीवम् ददर्शतुः त्वाम् . एव मार्गमाणौ वसुन्धराम् विचरन्तौ ऋष्यमूकस्य बहु-पाद-प-सङ्कुले मूले","त्वामेव मार्गमाणौ तौ विचरन्तौ वसुन्धराम्॥ ददर्शतुर्मृगपतिं पूर्वजेनावरोपितम्।#ऋष्यमूकस्य मूले तु बहुपादपसंकुले॥ भ्रातुर्भयार्तमासीनं सुग्रीवं प्रियदर्शनम्।"
". वयम् च हरि-राजम् तम् सत्य-सङ्गरम् राज्यात् पूर्व-जेन अवरोपितम् सुग्रीवम् परिचर्यामहे",". वयम् परिचर्यामहे च हरि-राजम् तम् सत्य-सङ्गरम् राज्यात् पूर्व-जेन अवरोपितम् सुग्रीवम्","वयं च हरिराजं तं सुग्रीवं सत्यसङ्गरम्॥#परिचर्यामहे राज्यात्पूर्वजेनावरोपितम्।"
"ततः चीर-वसनौ धनुःप्रवर-पाणिनौ तौ ऋष्यमूकस्य शैलस्य रम्यं देशम् उपागतौ सः नर-व्याघ्रौ धन्विनौ तौ दृष्ट्वा भय-मोहितः वानरर्षभः तस्य गिरेः शिखरम् अभिप्लुतः .","ततः सः नर-व्याघ्रौ धन्विनौ तौ दृष्ट्वा भय-मोहितः वानरर्षभः तस्य गिरेः शिखरम् चीर-वसनौ अभिप्लुतः . धनुःप्रवर-पाणिनौ तौ ऋष्यमूकस्य शैलस्य रम्यं देशम् उपागतौ","ततस्तौ चीरवसनौ धनुःप्रवरपाणिनौ॥ ऋष्यमूकस्य शैलस्य रम्यं देशमुपागतौ। स तौ दृष्ट्वा नरव्याघ्रौ धन्विनौ वानरर्षभः॥#अभिप्लुतो गिरेस्तस्य शिखरं भयमोहितः।"
"ततः वानर-इन्द्रः तस्मिन् शिखरे व्यवस्थितः सः तयोः समीपम् माम् एव सत्वरम् प्रेषयामास .","ततः एव सत्वरम् प्रेषयामास . वानर-इन्द्रः तस्मिन् शिखरे व्यवस्थितः सः तयोः समीपम् माम्","ततः स शिखरे तस्मिन्वानरेन्द्रो व्यवस्थितः॥#तयोः समीपं मामेव प्रेषयामास सत्वरम्।"
"पुरुष-व्याघ्रौ प्रभू रूप-लक्षण-सम्पन्नौ तौ सुग्रीव-वचनात् कृत-अञ्जलिः अहम् उपस्थितः .","पुरुष-व्याघ्रौ प्रभू रूप-लक्षण-सम्पन्नौ तौ सुग्रीव-वचनात् कृत-अञ्जलिः अहम् उपस्थितः .","तावहं पुरुषव्याघ्रौ सुग्रीववचनात्प्रभू॥#रूपलक्षणसम्पन्नौ कृताञ्जलिरुपस्थितः।"
"तौ परिज्ञात-तत्त्वार्थौ मया प्रीति-समन्वितौ पृष्ठम् आरोप्य तम् देशम् पुरुष-ऋषभौ प्रापितौ निवेदितौ च तत्त्वेन महा-आत्मने सुग्रीवाय .","तौ प्रापितौ निवेदितौ च तत्त्वेन महा-आत्मने सुग्रीवाय . परिज्ञात-तत्त्वार्थौ मया प्रीति-समन्वितौ पृष्ठम् आरोप्य तम् देशम् पुरुष-ऋषभौ","तौ परिज्ञाततत्त्वार्थौ मया प्रीतिसमन्वितौ॥#पृष्ठमारोप्य तं देशं प्रापितौ पुरुषर्षभौ। निवेदितौ च तत्त्वेन सुग्रीवाय महात्मने॥"
"तयोः अन्योन्य-सम्भाषात् प्रीतिः भृशम् अजायत .","तयोः अन्योन्य-सम्भाषात् प्रीतिः भृशम् अजायत .","तयोरन्योन्यसम्भाषाद्भृशं प्रीतिरजायत।"
"तत्र कीर्ति-सम्पन्नौ हरि-ईश्वर-नर-ईश्वरौ परस्पर-कृत-आश्वासौ पूर्व-वृत्तया कथया तौ [बभूवतुः] .","तत्र कीर्ति-सम्पन्नौ हरि-ईश्वर-नर-ईश्वरौ परस्पर-कृत-आश्वासौ पूर्व-वृत्तया कथया तौ [बभूवतुः] .","तत्र तौ कीर्तिसम्पन्नौ हरीश्वरनरेश्वरौ॥#परस्परकृताश्वासौ कथया पूर्ववृत्तया।"
"ततः लक्ष्मण-अग्र-जः स्त्री-हेतोः पुरु-तेजसा भ्रात्रा वालिना निरस्तम् तम् सुग्रीवम् सान्त्वयामास .","ततः सान्त्वयामास . लक्ष्मण-अग्र-जः स्त्री-हेतोः पुरु-तेजसा भ्रात्रा वालिना निरस्तम् तम् सुग्रीवम्","तं ततः सान्त्वयामास सुग्रीवं लक्ष्मणाग्रजः॥#स्त्रीहेतोर्वालिना भ्रात्रा निरस्तं पुरुतेजसा।"
"ततः त्वत्-नाश-जम् शोकम् रामस्य अक्लिष्ट-कर्मणः लक्ष्मणः वानर-इन्द्राय सुग्रीवाय न्यवेदयत् .","ततः . त्वत्-नाश-जम् शोकम् रामस्य अक्लिष्ट-कर्मणः लक्ष्मणः वानर-इन्द्राय सुग्रीवाय न्यवेदयत्","ततस्त्वन्नाशजं शोकं रामस्याक्लिष्टकर्मणः॥#लक्ष्मणो वानरेन्द्राय सुग्रीवाय न्यवेदयत्।"
"सः श्रुत्वा वानर-इन्द्रः तु लक्ष्मणेन ईरितम् वचः तदा आसीत् निष्प्रभः अत्यर्थम् ग्रह-ग्रस्तः इव अंशुमान् .","सः निष्प्रभः अत्यर्थम् ग्रह-ग्रस्तः इव अंशुमान् . श्रुत्वा वानर-इन्द्रः तु लक्ष्मणेन ईरितम् वचः तदा आसीत्","स श्रुत्वा वानरेन्द्रस्तु लक्ष्मणेनेरितं वचः॥#तदासीन्निष्प्रभोऽत्यर्थं ग्रहग्रस्त इवांशुमान्।"
"ततः त्वद्-गात्र-शोभीनि रक्षसा ह्रियमाणया यानि आभरण-जालानि पातितानि मही-तले तानि सर्वाणि रामाय आनीय हरि-यूथ-पाः संहृष्टाः दर्शयामासुः गतिम् तु न विदुः .","ततः सर्वाणि रामाय आनीय हरि-यूथ-पाः संहृष्टाः दर्शयामासुः गतिम् तु न विदुः त्वद्-गात्र-शोभीनि . रक्षसा ह्रियमाणया यानि आभरण-जालानि पातितानि मही-तले तानि","ततस्त्वद‍्गात्रशोभीनि रक्षसा ह्रियमाणया॥ यान्याभरणजालानि पातितानि महीतले।#तानि सर्वाणि रामाय आनीय हरियूथपाः॥ संहृष्टा दर्शयामासुर्गतिं तु न विदुस्तव।"
"स्वनवन्ति अवकीर्णानि तानि मया एव उपहृतानि तस्मिन् विहत-चेतसि रामाय दत्तानि च .","स्वनवन्ति दत्तानि च . अवकीर्णानि तानि मया एव उपहृतानि तस्मिन् विहत-चेतसि रामाय","तानि रामाय दत्तानि मयैवोपहृतानि च॥#स्वनवन्त्यवकीर्णानि तस्मिन्विहतचेतसि।"
"तदा तानि अङ्के दर्शनीयानि कृत्वा बहु-विधम् तेन देव-प्रकाशेन देवेन परिदेवितम् .","तदा परिदेवितम् . तानि अङ्के दर्शनीयानि कृत्वा बहु-विधम् तेन देव-प्रकाशेन देवेन","तान्यङ्के दर्शनीयानि कृत्वा बहुविधं तदा॥#तेन देवप्रकाशेन देवेन परिदेवितम्।"
"तदा तानि पश्यतः पुनः पुनः रुदतः ताम्यतः च दाशरथेः शोक-हुताशनम् [तत्] प्रादीपयत् .","तदा शोक-हुताशनम् [तत्] प्रादीपयत् . तानि पश्यतः पुनः पुनः रुदतः ताम्यतः च दाशरथेः","पश्यतस्तानि रुदतस्ताम्यतश्च पुनः पुनः॥#प्रादीपयद्दाशरथेस्तदा शोकहुताशनम्॥"
"शायितम् च चिरम् तेन दुःखार्तेन महा-आत्मना मया अपि विविधैः वाक्यैः कृच्छ्रात् उत्थापितः पुनः .","शायितम् वाक्यैः कृच्छ्रात् उत्थापितः पुनः . च चिरम् तेन दुःखार्तेन महा-आत्मना मया अपि विविधैः","शायितं च चिरं तेन दुःखार्तेन महात्मना।#मयापि विविधैर्वाक्यैः कृच्छ्रादुत्थापितः पुनः॥"
"तानि दृष्ट्वा महा-अर्हाणि दर्शयित्वा मुहुः मुहुः राघवः सह-सौमित्रिः सुग्रीवे सन्न्यवेशयत् . [च]","तानि सन्न्यवेशयत् . [च] दृष्ट्वा महा-अर्हाणि दर्शयित्वा मुहुः मुहुः राघवः सह-सौमित्रिः सुग्रीवे","तानि दृष्ट्वा महार्हाणि दर्शयित्वा मुहुर्मुहुः।#राघवः सहसौमित्रिः सुग्रीवे संन्यवेशयत्॥"
"सः तव अदर्शनात् आर्ये राघवः परितप्यते महता ज्वलता नित्यम् अग्निना इव अग्नि-पर्वतः .","सः अग्निना इव अग्नि-पर्वतः . तव अदर्शनात् आर्ये राघवः परितप्यते महता ज्वलता नित्यम्","स तवादर्शनादार्ये राघवः परितप्यते।#महता ज्वलता नित्यमग्निनेवाग्निपर्वतः॥"
"त्वत् कृते तम् अनिद्रा च शोकः चिन्ता च राघवम् तापयन्ति महा-आत्मानम् अग्नि-अगारम् इव अग्नयः .","त्वत् तापयन्ति महा-आत्मानम् अग्नि-अगारम् इव अग्नयः . कृते तम् अनिद्रा च शोकः चिन्ता च राघवम्","त्वत्कृते तमनिद्रा च शोकश्चिन्ता च राघवम्।#तापयन्ति महात्मानमग्न्यगारमिवाग्नयः॥"
"तव अदर्शन-शोकेन राघवः परिचाल्यते महता भूमि-कम्पेन महान् इव शिलोच्चयः","तव अदर्शन-शोकेन राघवः परिचाल्यते महता भूमि-कम्पेन महान् इव शिलोच्चयः","तवादर्शनशोकेन राघवः परिचाल्यते।#महता भूमिकम्पेन महानिव शिलोच्चयः॥"
"काननानि सुरम्याणि नदी-प्रस्रवणानि च चरन् न रतिम् आप्नोति त्वाम् अपश्यत् नृप-आत्मजे .","काननानि अपश्यत् नृप-आत्मजे . सुरम्याणि नदी-प्रस्रवणानि च चरन् न रतिम् आप्नोति त्वाम्","काननानि सुरम्याणि नदीप्रस्रवणानि च।#चरन् न रतिमाप्नोति त्वामपश्यन् नृपात्मजे॥"
"सः त्वाम् मनुज-शार्दूलः क्षिप्रम् प्राप्स्यति राघवः स-मित्र-बान्धवम् हत्वा रावणम् जनक-आत्मजे .","सः जनक-आत्मजे . त्वाम् मनुज-शार्दूलः क्षिप्रम् प्राप्स्यति राघवः स-मित्र-बान्धवम् हत्वा रावणम्","स त्वां मनुजशार्दूलः क्षिप्रं प्राप्स्यति राघवः।#समित्रबान्धवं हत्वा रावणं जनकात्मजे॥"
"सहितौ राम-सुग्रीवौ उभौ अकुरुताम् तदा समयम् वालिनम् हन्तुम् तव च अन्वेषणम् प्रति .","सहितौ च अन्वेषणम् प्रति . राम-सुग्रीवौ उभौ अकुरुताम् तदा समयम् वालिनम् हन्तुम् तव","सहितौ रामसुग्रीवावुभावकुरुतां तदा।#समयं वालिनं हन्तुं तव चान्वेषणं प्रति॥"
"ततः ताभ्याम् कुमाराभ्याम् वीराभ्याम् सः हरि-ईश्वरः किष्किन्धाम् समुपागम्य वाली युद्धे निपातितः .","ततः युद्धे निपातितः . ताभ्याम् कुमाराभ्याम् वीराभ्याम् सः हरि-ईश्वरः किष्किन्धाम् समुपागम्य वाली","ततस्ताभ्यां कुमाराभ्यां वीराभ्यां स हरीश्वरः।#किष्किन्धां समुपागम्य वाली युद्धे निपातितः॥"
"ततः निहत्य तरसा रामः वालिनम् आहवे सर्व-ऋक्ष-हरि-सङ्घानाम् सुग्रीवम् अकरोत् पतिम् .","ततः पतिम् . निहत्य तरसा रामः वालिनम् आहवे सर्व-ऋक्ष-हरि-सङ्घानाम् सुग्रीवम् अकरोत्","ततो निहत्य तरसा रामो वालिनमाहवे।#सर्वर्क्षहरिसङ्घानां सुग्रीवमकरोत् पतिम्॥"
"राम-सुग्रीवयोः ऐक्यम् देवी एवम् समजायत हनूमन्तम् च माम् विद्धि तयोः दूतम् उपागतम् .","राम-सुग्रीवयोः तयोः दूतम् उपागतम् . ऐक्यम् देवी एवम् समजायत हनूमन्तम् च माम् विद्धि","रामसुग्रीवयोरैक्यं देव्येवं समजायत।#हनूमन्तं च मां विद्धि तयोर्दूतमुपागतम्॥"
"स्वम् राज्यम् प्राप्य सुग्रीवः स्वान् महा-बलान् महा-कपीन् आनीय त्वत्-अर्थम् दश दिशः प्रेषयामास .","स्वम् दश दिशः प्रेषयामास . राज्यम् प्राप्य सुग्रीवः स्वान् महा-बलान् महा-कपीन् आनीय त्वत्-अर्थम्","स्वं राज्यं प्राप्य सुग्रीवः स्वानानीय महाकपीन्।#त्वदर्थं प्रेषयामास दिशो दश महाबलान्॥"
"आदिष्टाः वानर-इन्द्रेण सुग्रीवेण महा-ओजसः अद्रि-राज-प्रतीकाशाः सर्वतः प्रस्थिताः महीम् .","आदिष्टाः वानर-इन्द्रेण सुग्रीवेण महा-ओजसः अद्रि-राज-प्रतीकाशाः सर्वतः प्रस्थिताः महीम् .","आदिष्टा वानरेन्द्रेण सुग्रीवेण महौजसः।#अद्रिराजप्रतीकाशाः सर्वतः प्रस्थिता महीम्॥"
"ततः ते मार्गमाणाः वै सुग्रीव-वचन-आतुराः चरन्ति वसुधाम् कृत्स्नाम् वयम् अन्ये च वानराः .","ततः अन्ये च वानराः . ते मार्गमाणाः वै सुग्रीव-वचन-आतुराः चरन्ति वसुधाम् कृत्स्नाम् वयम्","ततस्ते मार्गमाणा वै सुग्रीववचनातुराः।#चरन्ति वसुधां कृत्स्नां वयमन्ये च वानराः॥"
"अङ्गदः नाम लक्ष्मीवान् वालि-सूनुः महा-बलः प्रस्थितः कपि-शार्दूलः त्रि-भाग-बल-संवृतः .","अङ्गदः नाम लक्ष्मीवान् वालि-सूनुः महा-बलः प्रस्थितः कपि-शार्दूलः त्रि-भाग-बल-संवृतः .","अङ्गदो नाम लक्ष्मीवान् वालिसूनुर्महाबलः।#प्रस्थितः कपिशार्दूलस्त्रिभागबलसंवृतः॥"
"तेषाम् नः विप्रणष्टानाम् विन्ध्ये पर्वत-सत्तमे भृशम् शोक-परीतानाम् अहोरात्र-गणाः गताः .","तेषाम् . नः विप्रणष्टानाम् विन्ध्ये पर्वत-सत्तमे भृशम् शोक-परीतानाम् अहोरात्र-गणाः गताः","तेषां नो विप्रणष्टानां विन्ध्ये पर्वतसत्तमे।#भृशं शोकपरीतानामहोरात्रगणा गताः॥"
"ते वयम् कार्य-नैराश्यात् कालस्य अतिक्रमेण च भयात् च कपि-राजस्य प्राणान् त्यक्तुम् उपस्थिताः .","ते प्राणान् त्यक्तुम् उपस्थिताः . वयम् कार्य-नैराश्यात् कालस्य अतिक्रमेण च भयात् च कपि-राजस्य","ते वयं कार्यनैराश्यात् कालस्यातिक्रमेण च।#भयाच्च कपिराजस्य प्राणांस्त्यक्तुमुपस्थिताः॥"
"विचित्य गिरि-दुर्गाणि नदी-प्रस्रवणानि च अन्-आसाद्य पदम् देव्याः प्राणान् त्यक्तुम् व्यवस्थिताः .","विचित्य व्यवस्थिताः . गिरि-दुर्गाणि नदी-प्रस्रवणानि च अन्-आसाद्य पदम् देव्याः प्राणान् त्यक्तुम्","विचित्य गिरिदुर्गाणि नदीप्रस्रवणानि च।#अनासाद्य पदं देव्याः प्राणांस्त्यक्तुं व्यवस्थिताः॥"
"तव नाशम् जटायुषः(आर्ष) मरणम् च वालिनः वधम् सर्वान् वानर-पुङ्गवान् प्राय-उपविष्टान् च दृष्ट्वा अस्माकम् प्राय-उपवेशम् च शोक-अर्णवे मग्नः अङ्गदः भृशम् पर्यदेवयत् च तथा च","वानर-पुङ्गवान् प्राय-उपविष्टान् च दृष्ट्वा अस्माकम् प्राय-उपवेशम् च शोक-अर्णवे मग्नः अङ्गदः तव भृशम् पर्यदेवयत् च तथा च नाशम् जटायुषः(आर्ष) मरणम् च वालिनः वधम् सर्वान्","ततस्तस्य गिरेर्मूर्ध्नि वयं प्रायमुपास्महे। दृष्ट्वा प्रायोपविष्टांश्च सर्वान् वानरपुङ्गवान्॥#भृशं शोकार्णवे मग्नः पर्यदेवयदङ्गदः।तव नाशं च वैदेहि वालिनश्च तथा वधम्॥प्रायोपवेशमस्माकं मरणं च जटायुषः।"
"स्वामि-सन्देशात् मुमूर्षताम् निराशानाम् तेषाम् नः कार्य-हेतोः इह आयातः वीर्यवान् महान् गृध्र-राजस्य सोदर्यः शकुनिः नाम गृध्र-राट् सम्पातिः भ्रातृ-वधम् श्रुत्वा कोपात् इदम् वचनम् अब्रवीत् .","स्वामि-सन्देशात् महान् गृध्र-राजस्य सोदर्यः शकुनिः नाम गृध्र-राट् सम्पातिः भ्रातृ-वधम् श्रुत्वा कोपात् मुमूर्षताम् इदम् वचनम् अब्रवीत् . निराशानाम् तेषाम् नः कार्य-हेतोः इह आयातः वीर्यवान्","तेषां नः स्वामिसंदेशान्निराशानां मुमूर्षताम्॥ कार्यहेतोरिहायातः शकुनिर्वीर्यवान् महान्।#गृध्रराजस्य सोदर्यः सम्पातिर्नाम गृध्रराट्॥ श्रुत्वा भ्रातृवधं कोपादिदं वचनमब्रवीत्।"
"वानर-उत्तमाः केन मे यवीयान् भ्राता हतः क्व च निपातितः भवद्भिः एतत् आख्यातुम् इच्छामि .","वानर-उत्तमाः भवद्भिः एतत् आख्यातुम् इच्छामि . केन मे यवीयान् भ्राता हतः क्व च निपातितः","यवीयान् केन मे भ्राता हतः क्व च निपातितः॥#एतदाख्यातुमिच्छामि भवद्भिर्वानरोत्तमाः।"
"अङ्गदः तस्य जन-स्थाने त्वाम् उद्दिश्य भीम-रूपेण रक्षसा [कृतम्] महत् वधम् [इति] यथार्थतः अकथयत् .","अङ्गदः वधम् [इति] यथार्थतः अकथयत् . तस्य जन-स्थाने त्वाम् उद्दिश्य भीम-रूपेण रक्षसा [कृतम्] महत्","अङ्गदोऽकथयत् तस्य जनस्थाने महद्वधम्॥#रक्षसा भीमरूपेण त्वामुद्दिश्य यथार्थतः।"
"वरारोहे जटायोः तु वधम् श्रुत्वा दुःखितः अरुण-आत्मजः सः रावण-आलये वसन्तीम् त्वाम् सः आह .","वरारोहे वसन्तीम् त्वाम् सः आह . जटायोः तु वधम् श्रुत्वा दुःखितः अरुण-आत्मजः सः रावण-आलये","जटायोस्तु वधं श्रुत्वा दुःखितः सोऽरुणात्मजः॥#त्वामाह स वरारोहे वसन्तीं रावणालये।"
"तस्य सम्पातेः प्रीति-वर्धनम् तत् वचनम् श्रुत्वा सर्वे अङ्गद-प्रमुखाः ततः प्रस्थापिताः वयम् विन्ध्यात् उत्थाय सागरस्य उत्तमम् अन्तम् सम्प्राप्ताः .","तस्य प्रस्थापिताः वयम् विन्ध्यात् उत्थाय सागरस्य उत्तमम् अन्तम् सम्प्राप्ताः . सम्पातेः प्रीति-वर्धनम् तत् वचनम् श्रुत्वा सर्वे अङ्गद-प्रमुखाः ततः","तस्य तद् वचनं श्रुत्वा सम्पातेः प्रीतिवर्धनम्॥#अङ्गदप्रमुखाः सर्वे ततः प्रस्थापिता वयम्। विन्ध्यादुत्थाय सम्प्राप्ताः सागरस्यान्तमुत्तमम्॥"
"त्वत्-दर्शने कृत-उत्साहाः हृष्टाः पुष्टाः प्लव-ङ्गमाः अङ्गद-प्रमुखाः सर्वे वेला-उपान्तम् उपागताः त्वत्-दर्शन-समुत्सुकाः भीमाम् चिन्ताम् पुनः जग्मुः .","त्वत्-दर्शने त्वत्-दर्शन-समुत्सुकाः भीमाम् चिन्ताम् पुनः जग्मुः . कृत-उत्साहाः हृष्टाः पुष्टाः प्लव-ङ्गमाः अङ्गद-प्रमुखाः सर्वे वेला-उपान्तम् उपागताः","त्वद्दर्शने कृतोत्साहा हृष्टाः पुष्टाः प्लवङ्गमाः। अङ्गदप्रमुखाः सर्वे वेलोपान्तमुपागताः॥#चिन्तां जग्मुः पुनर्भीमां त्वद्दर्शनसमुत्सुकाः।"
"अथ सागरम् दृश्य सीदतः च योजनानाम् शतम् तीव्रम् प्लुतः अहम् हरि-सैन्यस्य भयम् व्यवधूय रात्रौ अपि राक्षस-आकुला लङ्का मया प्रविष्टा रावणः शोक-निपीडिता च त्वम् मया दृष्टः च .","अथ अहम् हरि-सैन्यस्य भयम् व्यवधूय रात्रौ अपि राक्षस-आकुला लङ्का मया प्रविष्टा सागरम् रावणः शोक-निपीडिता च त्वम् मया दृष्टः च . दृश्य सीदतः च योजनानाम् शतम् तीव्रम् प्लुतः","अथाहं हरिसैन्यस्य सागरं दृश्य सीदतः॥ व्यवधूय भयं तीव्रं योजनानां शतं प्लुतः।#लङ्का चापि मया रात्रौ प्रविष्टा राक्षसाकुला॥ रावणश्च मया दृष्टस्त्वं च शोकनिपीडिता।"
"अनिन्दिते सर्वम् एतत् यथा-वृत्तम् ते आख्यातम् देवि अहम् दाशरथेः दूतः [अस्मि] माम् अभिभाषस्व .","अनिन्दिते दूतः [अस्मि] माम् अभिभाषस्व . सर्वम् एतत् यथा-वृत्तम् ते आख्यातम् देवि अहम् दाशरथेः","एतत् ते सर्वमाख्यातं यथावृत्तमनिन्दिते॥#अभिभाषस्व मां देवि दूतो दाशरथेरहम्।"
"तत् राम-कृत-उद्योगम् त्वम्-निमित्तम् इह आगतम् सुग्रीव-सचिवम् पवन-आत्मजम् माम् बुद्ध्यस्व .","तत् . राम-कृत-उद्योगम् त्वम्-निमित्तम् इह आगतम् सुग्रीव-सचिवम् पवन-आत्मजम् माम् बुद्ध्यस्व","तन्मां रामकृतोद्योगं त्वन्निमित्तमिहागतम्॥#सुग्रीवसचिवं देवि बुद्ध्यस्व पवनात्मजम्।"
"तव काकुत्स्थः सर्व-शस्त्र-भृताम् वरः कुशली [अस्ति] गुरोः आराधने युक्तः शुभ-लक्षणः लक्ष्मणः [कुशली] [अस्ति] .","तव शुभ-लक्षणः लक्ष्मणः [कुशली] [अस्ति] . काकुत्स्थः सर्व-शस्त्र-भृताम् वरः कुशली [अस्ति] गुरोः आराधने युक्तः","कुशली तव काकुत्स्थः सर्वशस्त्रभृतां वरः॥#गुरोराराधने युक्तो लक्ष्मणः शुभलक्षणः।"
"देवि तव वीर्यवतः भर्तुः तस्य हिते रतः एकः अहम् तु सुग्रीव-वचनात् इह सम्प्राप्तः .","देवि तु सुग्रीव-वचनात् इह सम्प्राप्तः . तव वीर्यवतः भर्तुः तस्य हिते रतः एकः अहम्","तस्य वीर्यवतो देवि भर्तुस्तव हिते रतः॥#अहमेकस्तु सम्प्राप्तः सुग्रीववचनादिह।"
"मया त्वत्-मार्ग-विचय-एषिणा असहायेन चरता काम-रूपिणा इयम् दक्षिणा दिक् अनुक्रान्ता","मया त्वत्-मार्ग-विचय-एषिणा असहायेन चरता काम-रूपिणा इयम् दक्षिणा दिक् अनुक्रान्ता","मयेयमसहायेन चरता कामरूपिणा॥#दक्षिणा दिगनुक्रान्ता त्वन्मार्गविचयैषिणा।"
"दिष्ट्या अहम् हरि-सैन्यानाम् त्वत्-नाशम् अनुशोचताम् तव अधिगम-शासनात् सन्तापम् अपनेष्यामि .","दिष्ट्या . अहम् हरि-सैन्यानाम् त्वत्-नाशम् अनुशोचताम् तव अधिगम-शासनात् सन्तापम् अपनेष्यामि","दिष्ट्याहं हरिसैन्यानां त्वन्नाशमनुशोचताम्॥#अपनेष्यामि संतापं तवाधिगमशासनात्।"
"देवि इह सागरस्य लङ्घनम् मम न व्यर्थम् अहम् दिष्ट्या हि इदम् त्वत्-दर्शन-कृतम् यशः प्राप्स्यामि . [भवेत्]","देवि हि इदम् त्वत्-दर्शन-कृतम् यशः प्राप्स्यामि . [भवेत्] इह सागरस्य लङ्घनम् मम न व्यर्थम् अहम् दिष्ट्या","दिष्ट्या हि न मम व्यर्थं सागरस्येह लङ्घनम्॥#प्राप्स्याम्यहमिदं देवि त्वद्दर्शनकृतं यशः।"
"सपुत्र-बान्धवम् राक्षस-अधिपम् च रावणम् हत्वा महा-वीर्यः राघवः त्वाम् क्षिप्रम् अभिपत्स्यते .","सपुत्र-बान्धवम् अभिपत्स्यते . राक्षस-अधिपम् च रावणम् हत्वा महा-वीर्यः राघवः त्वाम् क्षिप्रम्","राघवश्च महावीर्यः क्षिप्रं त्वामभिपत्स्यते॥#सपुत्रबान्धवं हत्वा रावणं राक्षसाधिपम्।"
"वैदेहि गिरीणाम् उत्तमः गिरिः माल्यवान् नाम ततः हरिः केसरी गोकर्णम् पर्वतम् गच्छति दिष्टः सः च देव-ऋषिभिः मम पिता महा-कपिः नदी-पतेः पुण्ये तीर्थे शम्ब-सादनम् उद्धरन् .","वैदेहि गोकर्णम् पर्वतम् गच्छति दिष्टः सः च देव-ऋषिभिः मम पिता महा-कपिः गिरीणाम् नदी-पतेः पुण्ये तीर्थे शम्ब-सादनम् उद्धरन् . उत्तमः गिरिः माल्यवान् नाम ततः हरिः केसरी","माल्यवान् नाम वैदेहि गिरीणामुत्तमो गिरिः॥#ततो गच्छति गोकर्णं पर्वतं केसरी हरिः। स च देवर्षिभिर्दिष्टः पिता मम महाकपिः। तीर्थे नदीपतेः पुण्ये शम्बसादनमुद्धरन्॥"
"मैथिलि यस्य हरिणः क्षेत्रे वातेन अहम् जातः लोके स्वेन एव कर्मणा हनूमान् इति विख्यातः .","मैथिलि एव कर्मणा हनूमान् इति विख्यातः . यस्य हरिणः क्षेत्रे वातेन अहम् जातः लोके स्वेन","यस्याहं हरिणः क्षेत्रे जातो वातेन मैथिलि।#हनूमानिति विख्यातो लोके स्वेनैव कर्मणा॥"
"विश्वास-अर्थम् तु वैदेहि भर्तुः उक्ताः मया गुणाः अचिरात् त्वाम् इतः देवि राघवः नयिता ध्रुवम् .","विश्वास-अर्थम् इतः देवि राघवः नयिता ध्रुवम् . तु वैदेहि भर्तुः उक्ताः मया गुणाः अचिरात् त्वाम्","विश्वासार्थं तु वैदेहि भर्तुरुक्ता मया गुणाः।#अचिरात् त्वामितो देवि राघवो नयिता ध्रुवम्॥"
"एवम् विश्वासिता सीता हेतुभिः शोक-कर्शिता उपपन्नैः अभिज्ञानैः दूतम् तम् अधिगच्छति .","एवम् अधिगच्छति . विश्वासिता सीता हेतुभिः शोक-कर्शिता उपपन्नैः अभिज्ञानैः दूतम् तम्","एवं विश्वासिता सीता हेतुभिः शोककर्शिता।#उपपन्नैरभिज्ञानैर्दूतं तमधिगच्छति॥"
"अतुलम् च गता हर्षम् प्रहर्षेण तु जानकी नेत्राभ्याम् वक्र-पक्ष्माभ्याम् मुमोच आनन्द-जम् जलम् .","अतुलम् मुमोच आनन्द-जम् जलम् . च गता हर्षम् प्रहर्षेण तु जानकी नेत्राभ्याम् वक्र-पक्ष्माभ्याम्","अतुलं च गता हर्षं प्रहर्षेण तु जानकी।#नेत्राभ्यां वक्रपक्ष्माभ्यां मुमोचानन्दजं जलम्॥"
"ताम्र-शुक्ल-आयत-ईक्षणम् विशाल-अक्ष्याः तस्याः तत् चारु वदनम् राहु-मुक्तः उडु-राट् इव अशोभत .","ताम्र-शुक्ल-आयत-ईक्षणम् अशोभत . विशाल-अक्ष्याः तस्याः तत् चारु वदनम् राहु-मुक्तः उडु-राट् इव","चारु तद् वदनं तस्यास्ताम्रशुक्लायतेक्षणम्।#अशोभत विशालाक्ष्या राहुमुक्त इवोडुराट्॥"
"सा हनूमन्तम् कपिम् व्यक्तम् मन्यते न अन्यथा इति अथ हनूमान् ताम् उत्तरम् प्रिय-दर्शनाम् उवाच .","सा हनूमान् ताम् उत्तरम् प्रिय-दर्शनाम् उवाच . हनूमन्तम् कपिम् व्यक्तम् मन्यते न अन्यथा इति अथ","हनूमन्तं कपिं व्यक्तं मन्यते नान्यथेति सा।#अथोवाच हनूमांस्तामुत्तरं प्रियदर्शनाम्॥"
"मैथिलि एतत् ते सर्वम् आख्यातम् समाश्वसिहि किम् करोमि कथम् वा ते रोचते अहम् प्रतियामि . [त्वम्] [इति] [वद]","मैथिलि वा ते रोचते अहम् प्रतियामि . [त्वम्] [इति] [वद] एतत् ते सर्वम् आख्यातम् समाश्वसिहि किम् करोमि कथम्","एतत् ते सर्वमाख्यातं समाश्वसिहि मैथिलि।#किं करोमि कथं वा ते रोचते प्रतियाम्यहम्॥"
"मैथिलि हते असुरे संयति शम्बसादने कपि-प्रवीरेण महा-ऋषि-चोदनात् ततः अस्मि वायु-प्रभवः हि प्रभावतः तत्-प्रतिमः च वानरः","मैथिलि वायु-प्रभवः हि प्रभावतः तत्-प्रतिमः च वानरः हते असुरे संयति शम्बसादने कपि-प्रवीरेण महा-ऋषि-चोदनात् ततः अस्मि","हतेऽसुरे संयति शम्बसादने कपिप्रवीरेण महर्षिचोदनात्।#ततोऽस्मि वायुप्रभवो हि मैथिलि प्रभावतस्तत्प्रतिमश्च वानरः॥"
"मणिम् दत्त्वा ततः सीता हनूमन्तम् अथ अब्रवीत् अभिज्ञानम् अभिज्ञातम् एतत् रामस्य तत्त्वतः .","मणिम् एतत् रामस्य तत्त्वतः . दत्त्वा ततः सीता हनूमन्तम् अथ अब्रवीत् अभिज्ञानम् अभिज्ञातम्","मणिं दत्त्वा ततः सीता हनूमन्तमथाब्रवीत्। अभिज्ञानमभिज्ञातमेतद् रामस्य तत्त्वतः ।।  "
"मणिम् दृष्ट्वा तु रामः वै त्रयाणाम् संस्मरिष्यति वीरः जनन्याः मम च राज्ञः दशरथस्य च .","मणिम् मम च राज्ञः दशरथस्य च . दृष्ट्वा तु रामः वै त्रयाणाम् संस्मरिष्यति वीरः जनन्याः","मणिं दृष्ट्वा तु रामो वै त्रयाणां संस्मरिष्यति। वीरो जनन्या मम च राज्ञो दशरथस्य च॥"
"सः भूयः समुत्साह-चोदितः हरि-सत्तम अस्मिन् कार्य-समुत्साहे प्रचिन्तय यत् उत्तरम् त्वम्","सः त्वम् भूयः समुत्साह-चोदितः हरि-सत्तम अस्मिन् कार्य-समुत्साहे प्रचिन्तय यत् उत्तरम्","स भूयस्त्वं समुत्साहचोदितो हरिसत्तम। अस्मिन् कार्यसमुत्साहे प्रचिन्तय यदुत्तरम्॥"
"त्वम् अस्मिन् कार्य-निर्योगे प्रमाणम् हरि-सत्तम तस्य चिन्तय यः यत्नः दुःखक्षय-करः भवेत् (असि)","त्वम् दुःखक्षय-करः भवेत् (असि) अस्मिन् कार्य-निर्योगे प्रमाणम् हरि-सत्तम तस्य चिन्तय यः यत्नः","त्वमस्मिन् कार्यनिर्योगे प्रमाणं हरिसत्तम। तस्य चिन्तय यो यत्नो दुःखक्षयकरो भवेत्॥"
"हनूमन् यत्नम् आस्थाय दुःखक्षय-करः भव सः तथेति प्रतिज्ञाय मारुतिः भीम-विक्रमः शिरसा आवन्द्य वैदेहीम् गमनाय उपचक्रमे .","हनूमन् भीम-विक्रमः शिरसा आवन्द्य वैदेहीम् गमनाय उपचक्रमे . यत्नम् आस्थाय दुःखक्षय-करः भव सः तथेति प्रतिज्ञाय मारुतिः","हनूमन् यत्नमास्थाय दुःखक्षयकरो भव। स तथेति प्रतिज्ञाय मारुतिर्भीमविक्रमः ।। शिरसाऽऽवन्द्य वैदेहीं गमनायोपचक्रमे।"
"ज्ञात्वा सम्प्रस्थितम् देवी वानरम् पवन-आत्मजम् बाष्प-गदया वाचा मैथिली वाक्यम् अब्रवीत् .","ज्ञात्वा अब्रवीत् . सम्प्रस्थितम् देवी वानरम् पवन-आत्मजम् बाष्प-गदया वाचा मैथिली वाक्यम्","ज्ञात्वा सम्प्रस्थितं देवी वानरं पवनात्मजम् ।।  बाष्पगद‍्गदया वाचा मैथिली वाक्यमब्रवीत्।"
"हनूमन् कुशलम् ब्रूयाः सहितौ रामलक्ष्मणौ सुग्रीवम् च सह-अमात्यम् सर्वान् वृद्धान् च वानरान् ब्रूयाः त्वम् वानरश्रेष्ठ कुशलम् धर्मसंहितम् .","हनूमन् वृद्धान् च वानरान् ब्रूयाः त्वम् वानरश्रेष्ठ कुशलम् धर्मसंहितम् . कुशलम् ब्रूयाः सहितौ रामलक्ष्मणौ सुग्रीवम् च सह-अमात्यम् सर्वान्","हनूमन् कुशलं ब्रूयाः सहितौ रामलक्ष्मणौ   सुग्रीवं च सहामात्यं सर्वान् वृद्धांश्च वानरान्। ब्रूयास्त्वं वानरश्रेष्ठ कुशलं धर्मसंहितम्॥"
"यथा च सः महाबाहुः माम् तारयति राघवः अस्मात् दुःखाम्बु-संरोधात् त्वम् समाधातुम् अर्हसि (तथा)","यथा त्वम् समाधातुम् अर्हसि (तथा) च सः महाबाहुः माम् तारयति राघवः अस्मात् दुःखाम्बु-संरोधात्","यथा च स महाबाहुर्मां तारयति राघवः। अस्माद् दुःखाम्बुसंरोधात् त्वं समाधातुमर्हसि॥"
"जीवन्तीम् माम् यथा रामः सम्भावयति कीर्तिमान् तत् त्वया हनुमन् वाच्यम् वाचा धर्मम् अवाप्नुहि .","जीवन्तीम् वाच्यम् वाचा धर्मम् अवाप्नुहि . माम् यथा रामः सम्भावयति कीर्तिमान् तत् त्वया हनुमन्","जीवन्तीं मां यथा रामः सम्भावयति कीर्तिमान्। तत् त्वया हनुमन् वाच्यं वाचा धर्ममवाप्नुहि॥"
"नित्यम् उत्साह-युक्तस्य वाचः श्रुत्वा मया ईरिताः वर्धिष्यते दाशरथेः पौरुषम् मत्-अवाप्तये .","नित्यम् मत्-अवाप्तये . उत्साह-युक्तस्य वाचः श्रुत्वा मया ईरिताः वर्धिष्यते दाशरथेः पौरुषम्","नित्यमुत्साहयुक्तस्य वाचः श्रुत्वा मयेरिताः। वर्धिष्यते दाशरथेः पौरुषं मदवाप्तये॥"
"मत्-सन्देश-युताः वाचः त्वत्तः श्रुत्वा एव राघवः पराक्रमे मतिम् वीरः विधिवत् संविधास्यति .","मत्-सन्देश-युताः विधिवत् संविधास्यति . वाचः त्वत्तः श्रुत्वा एव राघवः पराक्रमे मतिम् वीरः","मत्संदेशयुता वाचस्त्वत्तः श्रुत्वैव राघवः। पराक्रमे मतिं वीरो विधिवत् संविधास्यति॥"
"सीतायाः तत् वचः श्रुत्वा हनूमान् मारुत-आत्मजः शिरसि अञ्जलिम् आधाय वाक्यम् उत्तरम् अब्रवीत्","सीतायाः वाक्यम् उत्तरम् अब्रवीत् तत् वचः श्रुत्वा हनूमान् मारुत-आत्मजः शिरसि अञ्जलिम् आधाय","सीतायास्तद् वचः श्रुत्वा हनूमान् मारुतात्मजः। शिरस्यञ्जलिमाधाय वाक्यमुत्तरमब्रवीत्॥"
"क्षिप्रम् एष्यति काकुत्स्थः हर्यृक्ष-प्रवरैः वृतः यः ते युधि विजित्य अरीन् शोकम् व्यपनयिष्यति .","क्षिप्रम् अरीन् शोकम् व्यपनयिष्यति . एष्यति काकुत्स्थः हर्यृक्ष-प्रवरैः वृतः यः ते युधि विजित्य","क्षिप्रमेष्यति काकुत्स्थो हर्यृक्षप्रवरैर्वृतः। यस्ते युधि विजित्यारीन् शोकं व्यपनयिष्यति॥"
"न हि पश्यामि मर्त्येषु न असुरेषु सुरेषु वा यः तस्य वमतः बाणान् स्थातुम् उत्सहते अग्रतः .","न तस्य वमतः बाणान् स्थातुम् उत्सहते अग्रतः . हि पश्यामि मर्त्येषु न असुरेषु सुरेषु वा यः","नहि पश्यामि मर्त्येषु नासुरेषु सुरेषु वा। यस्तस्य वमतो बाणान् स्थातुमुत्सहतेऽग्रतः॥"
"अपि अर्कम् अपि पर्जन्यम् अपि वैवस्वतम् यमम् सः हि सोढुम् रणे शक्तः तव हेतोः विशेषतः .","अपि सोढुम् रणे शक्तः तव हेतोः विशेषतः . अर्कम् अपि पर्जन्यम् अपि वैवस्वतम् यमम् सः हि","अप्यर्कमपि पर्जन्यमपि वैवस्वतं यमम्। स हि सोढुं रणे शक्तस्तव हेतोर्विशेषतः॥"
"सः हि सागर-पर्यन्ताम् महीम् साधितुम् अर्हति त्वम्निमित्तः हि रामस्य जयः जनक-नन्दिनि तस्य तत् वचनम् श्रुत्वा सम्यक् सत्यम् सुभाषितम् जानकी बहु मेने तम् वचनम् च इदम् अब्रवीत् (भविता)","सः जयः जनक-नन्दिनि तस्य तत् वचनम् श्रुत्वा सम्यक् सत्यम् सुभाषितम् जानकी हि बहु मेने तम् वचनम् च इदम् अब्रवीत् (भविता) सागर-पर्यन्ताम् महीम् साधितुम् अर्हति त्वम्निमित्तः हि रामस्य","स हि सागरपर्यन्तां महीं साधितुमर्हति। त्वन्निमित्तो हि रामस्य जयो जनकनन्दिनि ।।  तस्य तद् वचनं श्रुत्वा सम्यक् सत्यं सुभाषितम्। जानकी बहु मेने तं वचनं चेदमब्रवीत्॥"
"ततः तम् प्रस्थितम् सीता वीक्षमाणा पुनः पुनः भर्तृ-स्नेह-अन्वितम् वाक्यम् सौहार्दात् अनुमानयत् यदि वा मन्यसे वीर वस एकाहम् अरिन्दम कस्मिंश्चित् संवृते देशे विश्रान्तः श्वः गमिष्यसि .","ततः सौहार्दात् अनुमानयत् यदि वा मन्यसे वीर वस एकाहम् अरिन्दम कस्मिंश्चित् तम् संवृते देशे विश्रान्तः श्वः गमिष्यसि . प्रस्थितम् सीता वीक्षमाणा पुनः पुनः भर्तृ-स्नेह-अन्वितम् वाक्यम्","ततस्तं प्रस्थितं सीता वीक्षमाणा पुनः पुनः। भर्तृस्नेहान्वितं वाक्यं सौहार्दादनुमानयत् ।। यदि वा मन्यसे वीर वसैकाहमरिंदम। कस्मिंश्चित् संवृते देशे विश्रान्तः श्वो गमिष्यसि॥"
"मम च एव अल्प-भाग्यायाः सान्निध्यात् तव वानर अस्य शोकस्य महतः मुहूर्तम् मोक्षणम् भवेत् .","मम महतः मुहूर्तम् मोक्षणम् भवेत् . च एव अल्प-भाग्यायाः सान्निध्यात् तव वानर अस्य शोकस्य","मम चैवाल्पभाग्यायाः सांनिध्यात् तव वानर। अस्य शोकस्य महतो मुहूर्तं मोक्षणं भवेत्॥"
"ततः हि हरि-शार्दूल पुनः आगमनाय तु प्राणानाम् अपि सन्देहः मम स्यात् न अत्र संशयः (अस्ति)","ततः मम स्यात् न अत्र संशयः (अस्ति) हि हरि-शार्दूल पुनः आगमनाय तु प्राणानाम् अपि सन्देहः","ततो हि हरिशार्दूल पुनरागमनाय तु। प्राणानामपि संदेहो मम स्यान्नात्र संशयः॥"
"तव अदर्शनजः शोकः भूयः माम् परितापयेत् दुःख-परामृष्टाम् दीपयन् इव वानर दुःखात्","तव वानर दुःखात् अदर्शनजः शोकः भूयः माम् परितापयेत् दुःख-परामृष्टाम् दीपयन् इव","तवादर्शनजः शोको भूयो मां परितापयेत्। दुःखादुःखपरामृष्टां दीपयन्निव वानर॥"
"अयम् च वीर सन्देहः तिष्ठति इव मम अग्रतः सुमहान् त्वत्-सहायेषु हर्यृक्षेषु हरीश्वरः कथम् नु खलु दुष्पारम् तरिष्यन्ति महा-उदधिम् तानि हर्यृक्ष-सैन्यानि तौ वा नरवर-आत्मजौ .","अयम् त्वत्-सहायेषु हर्यृक्षेषु हरीश्वरः कथम् नु खलु दुष्पारम् तरिष्यन्ति महा-उदधिम् तानि च हर्यृक्ष-सैन्यानि तौ वा नरवर-आत्मजौ . वीर सन्देहः तिष्ठति इव मम अग्रतः सुमहान्","अयं च वीर संदेहस्तिष्ठतीव ममाग्रतः। सुमहांस्त्वत्सहायेषु हर्यृक्षेषु हरीश्वर ।। कथं नु खलु दुष्पारं तरिष्यन्ति महोदधिम्। तानि हर्यृक्षसैन्यानि तौ वा नरवरात्मजौ॥"
"त्रयाणाम् एव भूतानाम् सागरस्य इह लङ्घने शक्तिः स्यात् वैनतेयस्य तव वा मारुतस्य वा","त्रयाणाम् तव वा मारुतस्य वा एव भूतानाम् सागरस्य इह लङ्घने शक्तिः स्यात् वैनतेयस्य","त्रयाणामेव भूतानां सागरस्येह लङ्घने। शक्तिः स्याद् वैनतेयस्य तव वा मारुतस्य वा॥"
"तत् अस्मिन् कार्य-निर्योगे वीर दुरतिक्रमे किम् पश्यसे समाधानम् त्वम् हि कार्य-विदाम् वरः एव (असि)","तत् हि कार्य-विदाम् वरः एव (असि) अस्मिन् कार्य-निर्योगे वीर दुरतिक्रमे किम् पश्यसे समाधानम् त्वम्","तदस्मिन् कार्यनिर्योगे वीरैवं दुरतिक्रमे। किं पश्यसे समाधानं त्वं हि कार्यविदां वरः॥"
"कामम् अस्य त्वम् एव एकः कार्यस्य परिसाधने पर्याप्तः परवीरघ्न यशस्यः ते फल-उदयः (असि) (अस्ति)","कामम् यशस्यः ते फल-उदयः (असि) (अस्ति) अस्य त्वम् एव एकः कार्यस्य परिसाधने पर्याप्तः परवीरघ्न","काममस्य त्वमेवैकः कार्यस्य परिसाधने। पर्याप्तः परवीरघ्न यशस्यस्ते फलोदयः॥"
"बलैः समग्रैः युधि माम् रावणम् जित्य संयुगे विजयी स्व-पुरम् यायात् तत् तस्य सदृशम् भवेत् (गृहीत्वा)","बलैः यायात् तत् तस्य सदृशम् भवेत् (गृहीत्वा) समग्रैः युधि माम् रावणम् जित्य संयुगे विजयी स्व-पुरम्","बलैः समग्रैर्युधि मां रावणं जित्य संयुगे। विजयी स्वपुरं यायात् तत्तस्य सदृशं भवेत्॥"
"बलैः तु सङ्कुलाम् कृत्वा लङ्काम् परबल-अर्दनः माम् नयेत् यदि काकुत्स्थः तत् तस्य सदृशम् भवेत् .","बलैः काकुत्स्थः तत् तस्य सदृशम् भवेत् . तु सङ्कुलाम् कृत्वा लङ्काम् परबल-अर्दनः माम् नयेत् यदि","बलैस्तु संकुलां कृत्वा लङ्कां परबलार्दनः। मां नयेद् यदि काकुत्स्थस्तत् तस्य सदृशं भवेत्॥"
"तत् यथा तस्य विक्रान्तम् अनुरूपम् महा-आत्मनः भवेत् आहव-शूरस्य तथा त्वम् उपपादय .","तत् त्वम् उपपादय . यथा तस्य विक्रान्तम् अनुरूपम् महा-आत्मनः भवेत् आहव-शूरस्य तथा","तद्यथा तस्य विक्रान्तमनुरूपं महात्मनः। भवेदाहवशूरस्य तथा त्वमुपपादय॥"
"तदर्थ-उपहितम् वाक्यम् प्रश्रितम् हेतु-संहितम् निशम्य हनुमान् शेषम् वाक्यम् उत्तरम् अब्रवीत् .","तदर्थ-उपहितम् अब्रवीत् . वाक्यम् प्रश्रितम् हेतु-संहितम् निशम्य हनुमान् शेषम् वाक्यम् उत्तरम्","तदर्थोपहितं वाक्यं प्रश्रितं हेतुसंहितम्। निशम्य हनुमान् शेषं वाक्यमुत्तरमब्रवीत्॥"
"देवि हर्यृक्ष-सैन्यानाम् ईश्वरः प्लवताम् वरः सुग्रीवः सत्य-सम्पन्नः तव अर्थे कृत-निश्चयः सः वानर-सहस्राणाम् कोटीभिः अभिसंवृतः क्षिप्रम् एष्यति वैदेहि राक्षसानाम् निबर्हणः .","देवि कृत-निश्चयः सः वानर-सहस्राणाम् कोटीभिः अभिसंवृतः क्षिप्रम् एष्यति वैदेहि राक्षसानाम् निबर्हणः हर्यृक्ष-सैन्यानाम् . ईश्वरः प्लवताम् वरः सुग्रीवः सत्य-सम्पन्नः तव अर्थे","देवि हर्यृक्षसैन्यानामीश्वरः प्लवतां वरः। सुग्रीवः सत्यसम्पन्नस्तवार्थे कृतनिश्चयः ।। स वानरसहस्राणां कोटीभिरभिसंवृतः। क्षिप्रमेष्यति वैदेहि राक्षसानां निबर्हणः॥"
"तस्य विक्रम-सम्पन्नाः सत्त्ववन्तः महा-बलाः मनःसङ्कल्प-सम्पाताः निदेशे हरयः स्थिताः .","तस्य विक्रम-सम्पन्नाः सत्त्ववन्तः महा-बलाः मनःसङ्कल्प-सम्पाताः निदेशे हरयः स्थिताः .","तस्य विक्रमसम्पन्नाः सत्त्ववन्तो महाबलाः। मनःसंकल्पसम्पाता निदेशे हरयः स्थिताः॥"
"येषाम् न उपरि न अधस्तात् न तिर्यक् सज्जते गतिः न च कर्मसु सीदन्ति महत्सु अमित-तेजसः असकृत् तैः महा-उत्साहैः स-सागर-धराधरा प्रदक्षिणीकृता भूमिः वायु-मार्ग-अनुसारिभिः .","येषाम् न च कर्मसु सीदन्ति महत्सु अमित-तेजसः असकृत् तैः महा-उत्साहैः स-सागर-धराधरा न प्रदक्षिणीकृता भूमिः वायु-मार्ग-अनुसारिभिः . उपरि न अधस्तात् न तिर्यक् सज्जते गतिः","येषां नोपरि नाधस्तान्न तिर्यक् सज्जते गतिः। न च कर्मसु सीदन्ति महत्स्वमिततेजसः ।।  असकृत् तैर्महोत्साहैः ससागरधराधरा। प्रदक्षिणीकृता भूमिर्वायुमार्गानुसारिभिः॥"
"मत्-विशिष्टाः च तुल्याः च सन्ति तत्र वन-ओकसः मत्तः प्रत्यवरः कश्चित् न अस्ति सुग्रीव-सन्निधौ .","मत्-विशिष्टाः कश्चित् न अस्ति सुग्रीव-सन्निधौ . च तुल्याः च सन्ति तत्र वन-ओकसः मत्तः प्रत्यवरः","मद्विशिष्टाश्च तुल्याश्च सन्ति तत्र वनौकसः। मत्तः प्रत्यवरः कश्चिन्नास्ति सुग्रीवसंनिधौ ।।  "
"अहम् तावत् इह प्राप्तः किम् पुनः ते महा-बलाः न हि प्रकृष्टाः प्रेष्यन्ते प्रेष्यन्ते हि इतरे जनाः (प्राप्स्यन्ति)","अहम् हि प्रकृष्टाः प्रेष्यन्ते प्रेष्यन्ते हि इतरे जनाः (प्राप्स्यन्ति) तावत् इह प्राप्तः किम् पुनः ते महा-बलाः न","अहं तावदिह प्राप्तः किं पुनस्ते महाबलाः। नहि प्रकृष्टाः प्रेष्यन्ते प्रेष्यन्ते हीतरे जनाः॥"
"तत् अलम् परितापेन देवि शोकः व्यपैतु ते एक-उत्पातेन ते लङ्काम् एष्यन्ति हरि-यूथपाः .","तत् लङ्काम् एष्यन्ति हरि-यूथपाः . अलम् परितापेन देवि शोकः व्यपैतु ते एक-उत्पातेन ते","तदलं परितापेन देवि शोको व्यपैतु ते। एकोत्पातेन ते लङ्कामेष्यन्ति हरियूथपाः॥"
"मम पृष्ठ-गतौ तौ च चन्द्र-सूर्यौ इव उदितौ त्वत्-सकाशम् महा-सङ्घौ नृसिंहौ आगमिष्यतः .","मम नृसिंहौ आगमिष्यतः . पृष्ठ-गतौ तौ च चन्द्र-सूर्यौ इव उदितौ त्वत्-सकाशम् महा-सङ्घौ","मम पृष्ठगतौ तौ च चन्द्रसूर्याविवोदितौ। त्वत्सकाशं महासङ्घौ नृसिंहावागमिष्यतः॥"
"तौ हि वीरौ नर-वरौ सहितौ रामलक्ष्मणौ आगम्य नगरीम् लङ्काम् सायकैः विधमिष्यतः .","तौ सायकैः विधमिष्यतः . हि वीरौ नर-वरौ सहितौ रामलक्ष्मणौ आगम्य नगरीम् लङ्काम्","तौ हि वीरौ नरवरौ सहितौ रामलक्ष्मणौ। आगम्य नगरीं लङ्कां सायकैर्विधमिष्यतः॥"
"स-गणम् रावणम् हत्वा राघवः रघु-नन्दनः त्वाम् आदाय वर-आरोहे स्व-पुरीम् प्रति यास्यति .","स-गणम् प्रति यास्यति . रावणम् हत्वा राघवः रघु-नन्दनः त्वाम् आदाय वर-आरोहे स्व-पुरीम्","सगणं रावणं हत्वा राघवो रघुनन्दनः। त्वामादाय वरारोहे स्वपुरीं प्रति यास्यति॥"
"तत् आश्वसिहि भद्रम् ते भव त्वम् काल-काङ्क्षिणी न चिरात् द्रक्ष्यसे रामम् प्रज्वलन्तम् इव अनलम् .","तत् द्रक्ष्यसे रामम् प्रज्वलन्तम् इव अनलम् . आश्वसिहि भद्रम् ते भव त्वम् काल-काङ्क्षिणी न चिरात्","तदाश्वसिहि भद्रं ते भव त्वं कालकाङ्क्षिणी। नचिराद् द्रक्ष्यसे रामं प्रज्वलन्तमिवानलम्॥"
"निहते राक्षस-इन्द्रे च सपुत्र-अमात्य-बान्धवे त्वम् समेष्यसि रामेण शश-अङ्केन इव रोहिणी .","निहते रोहिणी . राक्षस-इन्द्रे च सपुत्र-अमात्य-बान्धवे त्वम् समेष्यसि रामेण शश-अङ्केन इव","निहते राक्षसेन्द्रे च सपुत्रामात्यबान्धवे। त्वं समेष्यसि रामेण शशाङ्केनेव रोहिणी॥"
"क्षिप्रम् त्वम् देवि शोकस्य पारम् द्रक्ष्यसि मैथिलि रावणम् च एव रामेण द्रक्ष्यसे निहतम् बलात् एवम् आश्वास्य वैदेहीम् हनूमान् मारुत-आत्मजः गमनाय मतिम् कृत्वा वैदेहीम् पुनः अब्रवीत् .","क्षिप्रम् एव रामेण द्रक्ष्यसे निहतम् बलात् एवम् आश्वास्य वैदेहीम् हनूमान् मारुत-आत्मजः त्वम् गमनाय मतिम् कृत्वा वैदेहीम् पुनः अब्रवीत् . देवि शोकस्य पारम् द्रक्ष्यसि मैथिलि रावणम् च","क्षिप्रं त्वं देवि शोकस्य पारं द्रक्ष्यसि मैथिलि। रावणं चैव रामेण द्रक्ष्यसे निहतं बलात् ।।  एवमाश्वास्य वैदेहीं हनूमान् मारुतात्मजः। गमनाय मतिं कृत्वा वैदेहीं पुनरब्रवीत्॥"
"तम् अरिघ्नम् कृत-आत्मानम् क्षिप्रम् द्रक्ष्यसि राघवम् लक्ष्मणम् च धनुष्पाणिम् लङ्का-द्वारम् उपागतम् .","तम् लङ्का-द्वारम् उपागतम् . अरिघ्नम् कृत-आत्मानम् क्षिप्रम् द्रक्ष्यसि राघवम् लक्ष्मणम् च धनुष्पाणिम्","तमरिघ्नं कृतात्मानं क्षिप्रं द्रक्ष्यसि राघवम्। लक्ष्मणं च धनुष्पाणिं लङ्काद्वारमुपागतम् ।।  "
"नखदंष्ट्रा-आयुधान् वीरान् सिंहशार्दूल-विक्रमान् वानरान् वारणेन्द्र-आभान् क्षिप्रम् द्रक्ष्यसि सङ्गतान् .","नखदंष्ट्रा-आयुधान् वीरान् सिंहशार्दूल-विक्रमान् वानरान् वारणेन्द्र-आभान् क्षिप्रम् द्रक्ष्यसि सङ्गतान् .","नखदंष्ट्रायुधान् वीरान् सिंहशार्दूलविक्रमान्। वानरान् वारणेन्द्राभान् क्षिप्रं द्रक्ष्यसि संगतान्॥"
"शैल-अम्बुद-निकाशानाम् लङ्कामलय-सानुषु नर्दताम् कपि-मुख्यानाम् आर्ये यूथानि अनेकशः द्रक्ष्यसि .","शैल-अम्बुद-निकाशानाम् लङ्कामलय-सानुषु नर्दताम् कपि-मुख्यानाम् आर्ये यूथानि अनेकशः द्रक्ष्यसि .","शैलाम्बुदनिकाशानां लङ्कामलयसानुषु। नर्दतां कपिमुख्यानामार्ये यूथान्यनेकशः॥"
"सः तु मर्मणि घोरेण ताडितः मन्मथ-इषुणा न शर्म लभते रामः सिंह-अर्दितः इव द्विपः .","सः रामः सिंह-अर्दितः इव द्विपः . तु मर्मणि घोरेण ताडितः मन्मथ-इषुणा न शर्म लभते","स तु मर्मणि घोरेण ताडितो मन्मथेषुणा। न शर्म लभते रामः सिंहार्दित इव द्विपः॥"
"रुद मा देवि शोकेन मा भूत् ते मनसः भयम् शची इव भर्त्रा शक्रेण सङ्गम् एष्यसि शोभने रामात् विशिष्टः कः अन्यः अस्ति कश्चित् सौमित्रिणा समः अग्नि-मारुतकल्पौ तौ भ्रातरौ तव संश्रयौ (त्वम्) (स्तः) (च)","रुद शची इव भर्त्रा शक्रेण सङ्गम् एष्यसि शोभने रामात् विशिष्टः कः मा अन्यः अस्ति कश्चित् सौमित्रिणा समः अग्नि-मारुतकल्पौ तौ भ्रातरौ तव संश्रयौ देवि (त्वम्) (स्तः) (च) शोकेन मा भूत् ते मनसः भयम्","रुद मा देवि शोकेन मा भूत् ते मनसो भयम्। शचीव भर्त्रा शक्रेण सङ्गमेष्यसि शोभने ।।  रामाद् विशिष्टः कोऽन्योऽस्ति कश्चित् सौमित्रिणा समः। अग्निमारुतकल्पौ तौ भ्रातरौ तव संश्रयौ॥ "
"न अस्मिन् चिरम् वत्स्यसि देवि देशे रक्षस्-गणैः अध्युषिते अतिरौद्रे न ते चिरात् आगमनम् प्रियस्य क्षमस्व मत्सङ्गम-कालमात्रम् (शीघ्रम्) (अस्ति)","न न ते चिरात् आगमनम् प्रियस्य क्षमस्व मत्सङ्गम-कालमात्रम् (शीघ्रम्) (अस्ति) अस्मिन् चिरम् वत्स्यसि देवि देशे रक्षस्-गणैः अध्युषिते अतिरौद्रे","नास्मिंश्चिरं वत्स्यसि देवि देशे रक्षोगणैरध्युषितेऽतिरौद्रे। न ते चिरादागमनं प्रियस्य क्षमस्व मत्संगमकालमात्रम्॥"
"सः निर्जित्य पुरीम् लङ्काम् श्रेष्ठाम् ताम् काम-रूपिणीम् विक्रमेण महा-तेजाः हनूमान् कपि-सत्तमः अ-द्वारेण महा-वीर्यः प्राकारम् अवपुप्लुवे निशि लङ्काम् महा-सत्त्वः विवेश कपि-कुञ्जरः .","सः हनूमान् कपि-सत्तमः अ-द्वारेण महा-वीर्यः प्राकारम् अवपुप्लुवे निशि लङ्काम् महा-सत्त्वः विवेश निर्जित्य कपि-कुञ्जरः . पुरीम् लङ्काम् श्रेष्ठाम् ताम् काम-रूपिणीम् विक्रमेण महा-तेजाः","स निर्जित्य पुरीं लंकां श्रेष्ठां तां कामरूपिणीम्।विक्रमेण महातेजा हनूमान् कपिसत्तमः॥#अद्वारेण महावीर्यः प्राकारमवपुप्लुवे।निशि लंकां महासत्त्वो विवेश कपिकुञ्जरः॥"
"प्रविश्य नगरीम् लङ्काम् कपि-राज-हितंकरः चक्रे अथ पादम् सव्यम् च शत्रूणाम् सः तु मूर्धनि .","प्रविश्य शत्रूणाम् सः तु मूर्धनि . नगरीम् लङ्काम् कपि-राज-हितंकरः चक्रे अथ पादम् सव्यम् च","प्रविश्य नगरीं लंकां कपिराजहितंकरः।चक्रेऽथ पादं सव्यं च शत्रूणां स तु मूर्धनि॥#चक्रेऽथ पादं सव्यं च शत्रूणां स तु मूर्धनि॥"
"प्रविष्टः सत्त्व-सम्पन्नः निशायाम् मारुत-आत्मजः सः महा-पथम् आस्थाय मुक्त-पुष्प-विराजितम् ततः तु ताम् पुरीम् लङ्काम् रम्याम् अभिययौ कपिः .","प्रविष्टः तु ताम् पुरीम् लङ्काम् रम्याम् अभिययौ कपिः . सत्त्व-सम्पन्नः निशायाम् मारुत-आत्मजः सः महा-पथम् आस्थाय मुक्त-पुष्प-विराजितम् ततः","प्रविष्टः सत्त्वसम्पन्नो निशायां मारुतात्मजः।स महापथमास्थाय मुक्तपुष्पविराजितम्॥#ततस्तु तां पुरीं लंकां रम्यामभिययौ कपिः।"
"हसित-उत्कृष्ट-निनदैः तूर्य-घोष-पुरस्कृतैः वज्र-अङ्कुश-निकाशैः च वज्र-जाल-विभूषितैः गृह-मेघैः पुरी रम्या बभासे द्यौः इव अम्बुदैः .","हसित-उत्कृष्ट-निनदैः द्यौः इव अम्बुदैः . तूर्य-घोष-पुरस्कृतैः वज्र-अङ्कुश-निकाशैः च वज्र-जाल-विभूषितैः गृह-मेघैः पुरी रम्या बभासे","हसितोत्कृष्टनिनदैस्तूर्यघोषपुरस्कृतैः॥#वज्राङ्कुशनिकाशैश्च वज्रजालविभूषितैः।गृहमेघैः पुरी रम्या बभासे द्यौरिवाम्बुदैः॥"
"प्रजज्वाल तदा लङ्का शुभैः सित-अभ्र-सदृशैः चित्रैः पद्म-स्वस्तिक-संस्थितैः वर्धमान-गृहैः च अपि सर्वतः सुविभूषितैः रक्षोगण-गृहैः","प्रजज्वाल अपि सर्वतः सुविभूषितैः रक्षोगण-गृहैः तदा लङ्का शुभैः सित-अभ्र-सदृशैः चित्रैः पद्म-स्वस्तिक-संस्थितैः वर्धमान-गृहैः च","प्रजज्वाल तदा लंका रक्षोगणगृहैः शुभैः।सिताभ्रसदृशैश्चित्रैः पद्मस्वस्तिकसंस्थितैः॥#वर्धमानगृहैश्चापि सर्वतः सुविभूषितैः।"
"ताम् चित्र-माल्य-आभरणाम् कपि-राज-हितंकरः राघव-अर्थे चरन् श्रीमान् ददर्श च ननन्द च (लङ्काम्)","ताम् च (लङ्काम्) चित्र-माल्य-आभरणाम् कपि-राज-हितंकरः राघव-अर्थे चरन् श्रीमान् ददर्श च ननन्द","तां चित्रमाल्याभरणां कपिराजहितंकरः॥ #राघवार्थे चरन् श्रीमान् ददर्श च ननन्द च।"
"भवनात् भवनम् गच्छन् ददर्श कपि-कुञ्जरः विविध-आकृति-रूपाणि भवनानि ततः ततः .","भवनात् . भवनम् गच्छन् ददर्श कपि-कुञ्जरः विविध-आकृति-रूपाणि भवनानि ततः ततः","भवनाद् भवनं गच्छन् ददर्श कपिकुञ्जरः॥ #विविधाकृतिरूपाणि भवनानि ततस्ततः।"
"शुश्राव रुचिरम् गीतम् त्रि-स्थान-स्वर-भूषितम् स्त्रीणाम् मदन-विद्धानाम् दिवि च अप्सरसाम् इव (हनूमान्)","शुश्राव इव (हनूमान्) रुचिरम् गीतम् त्रि-स्थान-स्वर-भूषितम् स्त्रीणाम् मदन-विद्धानाम् दिवि च अप्सरसाम्","शुश्राव रुचिरं गीतं त्रिस्थानस्वरभूषितम्॥#स्त्रीणां मदनविद्धानां दिवि चाप्सरसामिव।"
"शुश्राव काञ्ची-निनदम् नूपुराणाम् च निर्-स्वनम् सोपान-निनदान् च अपि भवनेषु महा-आत्मनाम् (हनूमान्)","शुश्राव महा-आत्मनाम् (हनूमान्) काञ्ची-निनदम् नूपुराणाम् च निर्-स्वनम् सोपान-निनदान् च अपि भवनेषु","शुश्राव काञ्चीनिनदं नूपुराणां च निःस्वनम्॥#सोपाननिनदांश्चापि भवनेषु महात्मनाम्।"
"आस्फोटित-निनादान् च क्ष्वेडितान् च ततः ततः शुश्राव जपताम् तत्र मन्त्रान् रक्षः गृहेषु वै","आस्फोटित-निनादान् मन्त्रान् रक्षः गृहेषु वै च क्ष्वेडितान् च ततः ततः शुश्राव जपताम् तत्र","आस्फोटितनिनादांश्च क्ष्वेडितांश्च ततस्ततः॥#शुश्राव जपतां तत्र मन्त्रान् रक्षोगृहेषु वै।"
"स्वाध्याय-निरतान् च एव यातुधानान् ददर्श सः रावण-स्तव-संयुक्तान् गर्जतः राक्षसान् अपि","स्वाध्याय-निरतान् अपि च एव यातुधानान् ददर्श सः रावण-स्तव-संयुक्तान् गर्जतः राक्षसान्","स्वाध्यायनिरतांश्चैव यातुधानान् ददर्श सः॥#रावणस्तवसंयुक्तान् गर्जतो राक्षसानपि।"
"राज-मार्गम् समावृत्य स्थितम् रक्षस्-गणम् महत् ददर्श मध्यमे गुल्मे राक्षसस्य चरान् बहून् (च)","राज-मार्गम् चरान् बहून् (च) समावृत्य स्थितम् रक्षस्-गणम् महत् ददर्श मध्यमे गुल्मे राक्षसस्य","राजमार्गं समावृत्य स्थितं रक्षोगणं महत्॥#ददर्श मध्यमे गुल्मे राक्षसस्य चरान् बहून्।"
"दीक्षितान् जटिलान् मुण्डान् गोजिन-अम्बर-वाससः दर्भ-मुष्टि-प्रहरणान् अग्नि-कुण्ड-आयुधान् तथा कूट-मुद्गर-पाणीन् च दण्ड-आयुध-धरान् अपि एक-अक्षान् च लम्ब-उदर-पयोधरान् करालान् भुग्न-वक्त्रान् च विकटान् वामनान् तथा महा-(कपिः) (ददर्श) एकवर्णान्","दीक्षितान् दण्ड-आयुध-धरान् अपि एक-अक्षान् च लम्ब-उदर-पयोधरान् करालान् भुग्न-वक्त्रान् च विकटान् वामनान् जटिलान् तथा महा-(कपिः) (ददर्श) एकवर्णान् मुण्डान् गोजिन-अम्बर-वाससः दर्भ-मुष्टि-प्रहरणान् अग्नि-कुण्ड-आयुधान् तथा कूट-मुद्गर-पाणीन् च","दीक्षिताञ्जटिलान् मुण्डान् गोजिनाम्बरवाससः॥दर्भमुष्टिप्रहरणानग्निकुण्डायुधांस्तथा।कूटमुद‍्गरपाणींश्च दण्डायुधधरानपि॥#एकाक्षानेकवर्णांश्च लंबोदरपयोधरान्।करालान् भुग्नवक्त्रांश्च विकटान् वामनांस्तथा॥"
"धन्विनः खड्गिनः च एव शतघ्नी-मुसल-आयुधान् परिघ-उत्तम-हस्तान् च विचित्र-कवच-उज्ज्वलान् न अति-स्थूलान् न अति-कृशान् न अतिदीर्घ-अतिह्रस्वकान् न अतिगौरान् न अतिकृष्णान् न अतिकुब्जान् न वामनान् विरूपान् बहु-रूपान् च सुरूपान् च सुवर्चसः पताकिनः च ददर्श विविध-आयुधान् महा-(कपिः) एव ध्वजिनः","धन्विनः अति-स्थूलान् न अति-कृशान् न अतिदीर्घ-अतिह्रस्वकान् न अतिगौरान् न अतिकृष्णान् न खड्गिनः अतिकुब्जान् न वामनान् विरूपान् बहु-रूपान् च सुरूपान् च सुवर्चसः पताकिनः च च ददर्श विविध-आयुधान् महा-(कपिः) एव ध्वजिनः एव शतघ्नी-मुसल-आयुधान् परिघ-उत्तम-हस्तान् च विचित्र-कवच-उज्ज्वलान् न","धन्विनः खड‍‍्गिनश्चैव शतघ्नीमुसलायुधान्।परिघोत्तमहस्तांश्च विचित्रकवचोज्ज्वलान्॥नातिस्थूलान् नातिकृशान् नातिदीर्घातिह्रस्वकान्।नातिगौरान् नातिकृष्णान्नातिकुब्जान्न वामनान्॥#विरूपान् बहुरूपांश्च सुरूपांश्च सुवर्चसः।ध्वजिनः पताकिनश्चैव ददर्श विविधायुधान्॥"
"शक्ति-वृक्ष-आयुधान् च एव पट्टिश-अशनि-धारिणः क्षेपणी-पाश-हस्तान् च ददर्श सः महा-कपिः","शक्ति-वृक्ष-आयुधान् च एव पट्टिश-अशनि-धारिणः क्षेपणी-पाश-हस्तान् च ददर्श सः महा-कपिः","शक्तिवृक्षायुधांश्चैव पट्टिशाशनिधारिणः।क्षेपणीपाशहस्तांश्च ददर्श स महाकपिः॥#"
"स्रग्विणः तु अनुलिप्तान् च वर-आभरण-भूषितान् नाना-वेष-समायुक्तान् यथा स्वैर-चरान् बहून् तीक्ष्ण-शूल-धरान् च एव वज्रिणः च महा-बलान् शत-साहस्रम् अ-व्यग्रम् आरक्षम् मध्यमम् कपिः रक्षस्-अधिपति-निर्दिष्टम् ददर्श अन्तः-पुर-अग्रतः","स्रग्विणः तीक्ष्ण-शूल-धरान् च एव वज्रिणः च महा-बलान् शत-साहस्रम् अ-व्यग्रम् आरक्षम् मध्यमम् तु कपिः रक्षस्-अधिपति-निर्दिष्टम् ददर्श अन्तः-पुर-अग्रतः अनुलिप्तान् च वर-आभरण-भूषितान् नाना-वेष-समायुक्तान् यथा स्वैर-चरान् बहून्","स्रग्विणस्त्वनुलिप्तांश्च वराभरणभूषितान्।नानावेषसमायुक्तान् यथास्वैरचरान् बहून्॥तीक्ष्णशूलधरांश्चैव वज्रिणश्च महाबलान्।शतसाहस्रमव्यग्रमारक्षं मध्यमं कपिः॥#रक्षोऽधिपतिनिर्दिष्टं ददर्शान्तःपुराग्रतः।"
"सः तदा तत् गृहम् दृष्ट्वा महा-हाटक-तोरणम् राक्षस-इन्द्रस्य विख्यातम् अद्रि-मूर्ध्नि प्रतिष्ठितम् पुण्डरीक-अवतंसाभिः परिखाभिः समावृतम् प्राकार-आवृतम् अत्यन्तम् ददर्श सः महा-कपिः","सः प्रतिष्ठितम् पुण्डरीक-अवतंसाभिः परिखाभिः समावृतम् प्राकार-आवृतम् अत्यन्तम् ददर्श सः महा-कपिः तदा तत् गृहम् दृष्ट्वा महा-हाटक-तोरणम् राक्षस-इन्द्रस्य विख्यातम् अद्रि-मूर्ध्नि","स तदा तद् गृहं दृष्ट्वा महाहाटकतोरणम्॥राक्षसेन्द्रस्य विख्यातमद्रिमूर्ध्नि प्रतिष्ठितम्।पुण्डरीकावतंसाभिः परिखाभिः समावृतम्॥#प्राकारावृतमत्यन्तं ददर्श स महाकपिः।"
"त्रिविष्टप-निभम् दिव्यम् दिव्य-नाद-विनादितम् वाजि-ह्रेषित-सङ्घुष्टम् नादितम् भूषणैः तथा रथैः यानैः विमानैः च तथा हय-गजैः शुभैः वारणैः च चतुर्-दन्तैः श्वेत-अभ्र-निचय-उपमैः भूषितैः रुचिर-द्वारम् मत्तैः च मृग-पक्षिभिः रक्षितम् सुमहा-वीर्यैः यातुधानैः सहस्रशः राक्षस-अधिपतेः गुप्तम् आविवेश गृहम् कपिः (सुभूषितम्)","त्रिविष्टप-निभम् विमानैः च तथा हय-गजैः शुभैः वारणैः च चतुर्-दन्तैः श्वेत-अभ्र-निचय-उपमैः भूषितैः दिव्यम् रुचिर-द्वारम् मत्तैः च मृग-पक्षिभिः रक्षितम् सुमहा-वीर्यैः यातुधानैः सहस्रशः राक्षस-अधिपतेः गुप्तम् दिव्य-नाद-विनादितम् आविवेश गृहम् कपिः (सुभूषितम्) वाजि-ह्रेषित-सङ्घुष्टम् नादितम् भूषणैः तथा रथैः यानैः","त्रिविष्टपनिभं दिव्यं दिव्यनादविनादितम्॥वाजिह्रेषितसंघुष्टं नादितं भूषणैस्तथा।रथैर्यानैर्विमानैश्च तथा हयगजैः शुभैः॥#वारणैश्च चतुर्दन्तैः श्वेताभ्रनिचयोपमैः।भूषितै रुचिरद्वारं मत्तैश्च मृगपक्षिभिः॥ रक्षितं सुमहावीर्यैर्यातुधानैः सहस्रशः। राक्षसाधिपतेर्गुप्तमाविवेश गृहं कपिः॥"
"सः हेम-जाम्बूनद-चक्रवालम् महा-अर्ह-मुक्तामणि-भूषितान्तम् परार्घ्य-कालागुरु-चन्दन-अर्हम् सः रावण-अन्तः-पुरम् आविवेश","सः हेम-जाम्बूनद-चक्रवालम् महा-अर्ह-मुक्तामणि-भूषितान्तम् परार्घ्य-कालागुरु-चन्दन-अर्हम् सः रावण-अन्तः-पुरम् आविवेश","स हेमजाम्बूनदचक्रवालंमहार्हमुक्तामणि भूषितान्तम्।#परार्घ्यकालागुरुचन्दनार्हं स रावणान्तःपुरमाविवेश॥ "
"श्रुत्वा तु वचनम् तस्य वायु-सूनोः महा-आत्मनः उवाच आत्म-हितम् वाक्यम् सीता सुरसुत-उपमा .","श्रुत्वा सीता सुरसुत-उपमा . तु वचनम् तस्य वायु-सूनोः महा-आत्मनः उवाच आत्म-हितम् वाक्यम्","श्रुत्वा तु वचनं तस्य वायुसूनोर्महात्मनः। उवाचात्महितं वाक्यं सीता सुरसुतोपमा॥"
"त्वाम् दृष्ट्वा प्रिय-वक्तारम् सम्प्रहृष्यामि वानर अर्ध-सञ्जात-सस्या इव वृष्टिम् प्राप्य वसुन्धरा तम् पुरुष-व्याघ्रम् गात्रैः शोक-अभिकर्शितैः संस्पृशेयम् स-कामा अहम् तथा कुरु दयाम् मयि यथा (सम्प्रहृष्यति) (अहम्)","त्वाम् वसुन्धरा तम् पुरुष-व्याघ्रम् गात्रैः शोक-अभिकर्शितैः संस्पृशेयम् स-कामा अहम् तथा कुरु दृष्ट्वा दयाम् मयि यथा (सम्प्रहृष्यति) (अहम्) प्रिय-वक्तारम् सम्प्रहृष्यामि वानर अर्ध-सञ्जात-सस्या इव वृष्टिम् प्राप्य","त्वां दृष्ट्वा प्रियवक्तारं सम्प्रहृष्यामि वानर। अर्धसंजातसस्येव वृष्टिं प्राप्य वसुंधरा ।। यथा तं पुरुषव्याघ्रं गात्रैः शोकाभिकर्शितैः। संस्पृशेयं सकामाहं तथा कुरु दयां मयि॥"
"अभिज्ञानम् च रामस्य दद्या हरिगण-उत्तम क्षिप्ताम् इषीकाम् काकस्य कोपात् एकाक्षि-शातनीम् मनः-शिलायाः तिलकः गण्ड-पार्श्वे निवेशितः त्वया प्रणष्टे तिलके तम् किल स्मर्तुम् अर्हसि (इति)","अभिज्ञानम् एकाक्षि-शातनीम् मनः-शिलायाः तिलकः गण्ड-पार्श्वे निवेशितः त्वया प्रणष्टे तिलके तम् किल च स्मर्तुम् अर्हसि (इति) रामस्य दद्या हरिगण-उत्तम क्षिप्ताम् इषीकाम् काकस्य कोपात्","अभिज्ञानं च रामस्य दद्या हरिगणोत्तम। क्षिप्तामिषीकां काकस्य कोपादेकाक्षिशातनीम्  ।। मनःशिलायास्तिलको गण्डपार्श्वे निवेशितः। त्वया प्रणष्टे तिलके तं किल स्मर्तुमर्हसि॥"
"सः वीर्यवान् कथम् सीताम् हृताम् समनुमन्यसे वसन्तीम् रक्षसाम् मध्ये महेन्द्र-वरुण-उपम (त्वम्)","सः महेन्द्र-वरुण-उपम (त्वम्) वीर्यवान् कथम् सीताम् हृताम् समनुमन्यसे वसन्तीम् रक्षसाम् मध्ये","स वीर्यवान् कथं सीतां हृतां समनुमन्यसे। वसन्तीं रक्षसां मध्ये महेन्द्रवरुणोपम॥"
"एषः चूडामणिः दिव्यः मया सुपरिरक्षितः एतम् दृष्ट्वा प्रहृष्यामि व्यसने त्वाम् इव अनघ .","एषः त्वाम् इव अनघ . चूडामणिः दिव्यः मया सुपरिरक्षितः एतम् दृष्ट्वा प्रहृष्यामि व्यसने","एष चूडामणिर्दिव्यो मया सुपरिरक्षितः। एतं दृष्ट्वा प्रहृष्यामि व्यसने त्वामिवानघ॥"
"एषः निर्यातितः श्रीमान् मया ते वारि-सम्भवः अतः परम् न शक्ष्यामि जीवितुम् शोक-लालसा (अहम्)","एषः शक्ष्यामि जीवितुम् शोक-लालसा (अहम्) निर्यातितः श्रीमान् मया ते वारि-सम्भवः अतः परम् न","एष निर्यातितः श्रीमान् मया ते वारिसम्भवः। अतः परं न शक्ष्यामि जीवितुं शोकलालसा॥"
"अ-सह्यानि च दुःखानि वाचः च हृदय-छिदः राक्षसैः सह संवासम् त्वत्-कृते मर्षयामि अहम् .","अ-सह्यानि त्वत्-कृते मर्षयामि अहम् . च दुःखानि वाचः च हृदय-छिदः राक्षसैः सह संवासम्","असह्यानि च दुःखानि वाचश्च हृदयच्छिदः। राक्षसैः सह संवासं त्वत्कृते मर्षयाम्यहम् ।। "
"धारयिष्यामि मासम् तु जीवितम् शत्रु-सूदन मासात् ऊर्ध्वम् न जीविष्ये त्वया हीना नृप-आत्मज (अहम्)","धारयिष्यामि त्वया हीना नृप-आत्मज (अहम्) मासम् तु जीवितम् शत्रु-सूदन मासात् ऊर्ध्वम् न जीविष्ये","धारयिष्यामि मासं तु जीवितं शत्रुसूदन। मासादूर्ध्वं न जीविष्ये त्वया हीना नृपात्मज॥"
"घोरः राक्षस-राजः अयम् दृष्टिः च न सुखा मयि त्वाम् च श्रुत्वा विषज्जन्तम् न जीवेयम् अपि क्षणम् (अस्ति) (अस्ति)","घोरः च श्रुत्वा विषज्जन्तम् न जीवेयम् अपि क्षणम् (अस्ति) (अस्ति) राक्षस-राजः अयम् दृष्टिः च न सुखा मयि त्वाम्","घोरो राक्षसराजोऽयं दृष्टिश्च न सुखा मयि। त्वां च श्रुत्वा विषज्जन्तं न जीवेयमपि क्षणम् ।। "
"वैदेह्याः वचनम् श्रुत्वा करुणम् साश्रु-भाषितम् अथ अब्रवीत् महा-तेजाः हनूमान् मारुत-आत्मजः .","वैदेह्याः मारुत-आत्मजः . वचनम् श्रुत्वा करुणम् साश्रु-भाषितम् अथ अब्रवीत् महा-तेजाः हनूमान्","वैदेह्या वचनं श्रुत्वा करुणं साश्रुभाषितम्। अथाब्रवीन्महातेजा हनूमान् मारुतात्मजः॥"
"त्वत्-शोक-विमुखः रामः देवि सत्येन ते शपे रामे शोक-अभिभूते तु लक्ष्मणः परितप्यते (अस्ति) (इति)","त्वत्-शोक-विमुखः लक्ष्मणः परितप्यते (अस्ति) (इति) रामः देवि सत्येन ते शपे रामे शोक-अभिभूते तु","त्वच्छोकविमुखो रामो देवि सत्येन ते शपे। रामे शोकाभिभूते तु लक्ष्मणः परितप्यते॥"
"दृष्टा कथञ्चित् भवती न कालः परिदेवितुम् इमम् मुहूर्तम् दुःखानाम् अन्तम् द्रक्ष्यसि भामिनि (अस्ति)","दृष्टा अन्तम् द्रक्ष्यसि भामिनि (अस्ति) कथञ्चित् भवती न कालः परिदेवितुम् इमम् मुहूर्तम् दुःखानाम्","दृष्टा कथंचिद् भवती न कालः परिदेवितुम्। इमं मुहूर्तं दुःखानामन्तं द्रक्ष्यसि भामिनि॥"
"तौ उभौ पुरुष-व्याघ्रौ राज-पुत्रौ अनिन्दितौ त्वत्दर्शन-कृत-उत्साहौ लङ्काम् भस्मीकरिष्यतः .","तौ उभौ पुरुष-व्याघ्रौ राज-पुत्रौ अनिन्दितौ त्वत्दर्शन-कृत-उत्साहौ लङ्काम् भस्मीकरिष्यतः .","तावुभौ पुरुषव्याघ्रौ राजपुत्रावनिन्दितौ। त्वद्दर्शनकृतोत्साहौ लङ्कां भस्मीकरिष्यतः॥"
"हत्वा तु समरे रक्षः रावणम् सह बान्धवैः राघवौ त्वाम् विशाल-अक्षि स्वाम् पुरीम् प्रति नेष्यतः .","हत्वा विशाल-अक्षि स्वाम् पुरीम् प्रति नेष्यतः . तु समरे रक्षः रावणम् सह बान्धवैः राघवौ त्वाम्","हत्वा तु समरे रक्षो रावणं सहबान्धवैः। राघवौ त्वां विशालाक्षि स्वां पुरीं प्रति नेष्यतः॥"
"यत् तु रामः विजानीयात् अभिज्ञानम् अनिन्दिते प्रीति-संजननम् भूयः तस्य त्वम् दातुम् अर्हसि .","यत् त्वम् दातुम् अर्हसि . तु रामः विजानीयात् अभिज्ञानम् अनिन्दिते प्रीति-संजननम् भूयः तस्य","यत्तु रामो विजानीयादभिज्ञानमनिन्दिते। प्रीतिसंजननं भूयस्तस्य त्वं दातुमर्हसि॥"
"सा अब्रवीत् दत्तम् एव अहो मया अभिज्ञानम् उत्तमम् एतत् एव हि रामस्य दृष्ट्वा यत्नेन भूषणम् श्रद्धेयम् हनुमन् वाक्यम् तव वीर भविष्यति (इति) (च)","सा एव हि रामस्य दृष्ट्वा यत्नेन भूषणम् श्रद्धेयम् हनुमन् वाक्यम् तव अब्रवीत् वीर भविष्यति (इति) (च) दत्तम् एव अहो मया अभिज्ञानम् उत्तमम् एतत्","साब्रवीद् दत्तमेवाहो मयाभिज्ञानमुत्तमम्। एतदेव हि रामस्य दृष्ट्वा यत्नेन भूषणम्  ।।  श्रद्धेयं हनुमन् वाक्यं तव वीर भविष्यति।"
"सः तम् मणि-वरम् गृह्य श्रीमान् प्लवगसत्तमः प्रणम्य शिरसा देवीम् गमनाय उपचक्रमे .","सः गमनाय उपचक्रमे . तम् मणि-वरम् गृह्य श्रीमान् प्लवगसत्तमः प्रणम्य शिरसा देवीम्","स तं मणिवरं गृह्य श्रीमान् प्लवगसत्तमः ।।  प्रणम्य शिरसा देवीं गमनायोपचक्रमे। "
"तम् उत्पातकृत-उत्साहम् अवेक्ष्य हरि-यूथपम् वर्धमानम् महा-वेगम् उवाच जनक-आत्मजा .","तम् उत्पातकृत-उत्साहम् अवेक्ष्य हरि-यूथपम् वर्धमानम् महा-वेगम् उवाच जनक-आत्मजा .","तमुत्पातकृतोत्साहमवेक्ष्य हरियूथपम् ।। वर्धमानं महावेगमुवाच जनकात्मजा।"
"अश्रुपूर्ण-मुखी दीना बाष्प-गद्गदया गिरा हनूमन् सिंह-सङ्काशौ भ्रातरौ रामलक्ष्मणौ सुग्रीवम् च सह-अमात्यम् सर्वान् ब्रूयाः अनामयम् (उवाच) (इति)","अश्रुपूर्ण-मुखी च सह-अमात्यम् सर्वान् ब्रूयाः अनामयम् (उवाच) (इति) दीना बाष्प-गद्गदया गिरा हनूमन् सिंह-सङ्काशौ भ्रातरौ रामलक्ष्मणौ सुग्रीवम्","अश्रुपूर्णमुखी दीना बाष्पगद‍्गदया गिरा ।।  हनूमन् सिंहसंकाशौ भ्रातरौ रामलक्ष्मणौ। सुग्रीवं च सहामात्यं सर्वान् ब्रूया अनामयम्॥"
"यथा च सः महाबाहुः माम् तारयति राघवः अस्मात् दुःखाम्बु-संरोधात् त्वम् समाधातुम् अर्हसि (तथा)","यथा त्वम् समाधातुम् अर्हसि (तथा) च सः महाबाहुः माम् तारयति राघवः अस्मात् दुःखाम्बु-संरोधात्","यथा च स महाबाहुर्मां तारयति राघवः। अस्माद् दुःखाम्बुसंरोधात् त्वं समाधातुमर्हसि॥"
"इदम् च तीव्रम् मम शोक-वेगम् रक्षोभिः एभिः परिभर्त्सनम् च ब्रूयाः तु रामस्य गतः समीपम् शिवः च ते अध्वाः अस्तु हरि-प्रवीर .","इदम् ब्रूयाः तु रामस्य गतः समीपम् शिवः च ते अध्वाः अस्तु च हरि-प्रवीर . तीव्रम् मम शोक-वेगम् रक्षोभिः एभिः परिभर्त्सनम् च","इदं च तीव्रं मम शोकवेगं रक्षोभिरेभिः परिभर्त्सनं च। ब्रूयास्तु रामस्य गतः समीपं शिवश्च तेऽध्वास्तु हरिप्रवीर॥"
"सः राज-पुत्र्याः प्रतिवेदितार्थः कपिः कृतार्थः परिहृष्ट-चेताः तत्-अल्पशेषम् प्रसमीक्ष्य कार्यम् दिशम् हि उदीचीम् मनसा जगाम .","सः दिशम् हि उदीचीम् मनसा जगाम . राज-पुत्र्याः प्रतिवेदितार्थः कपिः कृतार्थः परिहृष्ट-चेताः तत्-अल्पशेषम् प्रसमीक्ष्य कार्यम्","स राजपुत्र्या प्रतिवेदितार्थः कपिः कृतार्थः परिहृष्टचेताः। तदल्पशेषं प्रसमीक्ष्य कार्यं दिशं ह्युदीचीं मनसा जगाम॥"
"सः च वाग्भिः प्रशस्ताभिः गमिष्यन् पूजितः तया तस्मात् देशाद् अपाक्रम्य चिन्तयामास वानरः .","सः अपाक्रम्य चिन्तयामास वानरः . च वाग्भिः प्रशस्ताभिः गमिष्यन् पूजितः तया तस्मात् देशाद्","स च वाग्भिः प्रशस्ताभिर्गमिष्यन् पूजितस्तया। तस्माद् देशादपाक्रम्य चिन्तयामास वानरः॥ १॥"
"अल्प-शेषम् इदम् कार्यम् (शेषति); दृष्टा इयम् असित-ईक्षणा; त्रीन् उपायान् अतिक्रम्य चतुर्थः इह दृश्यते","अल्प-शेषम् (शेषति) इदम् कार्यम्; दृष्टा इयम् असित-ईक्षणा; चतुर्थः इह दृश्यते त्रीन् उपायान् अतिक्रम्य","अल्पशेषमिदं कार्यं दृष्टेयमसितेक्षणा। त्रीनुपायानतिक्रम्य चतुर्थ इह दृश्यते॥ २॥"
"न साम रक्षःसु गुणाय कल्पते; न दानम् अर्थ-उपचितेषु युज्यते; न भेद-साध्याः बल-दर्पिताः जनाः (भवन्ति); पराक्रमः तु एषः मम इह रोचते","न साम रक्षःसु गुणाय कल्पते; न दानम् अर्थ-उपचितेषु युज्यते; न भेद-साध्याः बल-दर्पिताः जनाः (भवन्ति); पराक्रमः तु एषः मम इह रोचते","न साम रक्षःसु गुणाय कल्पते न दानमर्थोपचितेषु युज्यते। न भेदसाध्या बलदर्पिता जनाः पराक्रमस्त्वेष ममेह रोचते॥ ३॥"
"न च अस्य कार्यस्य पराक्रमात् ऋते विनिश्चयः कश्चित् इह उपपद्यते हत-प्रवीराः च रणे तु राक्षसाः कथञ्चित् ईयुः यत् इह अद्य मार्दवम् .","न उपपद्यते हत-प्रवीराः च रणे तु राक्षसाः कथञ्चित् ईयुः यत् इह च अद्य मार्दवम् . अस्य कार्यस्य पराक्रमात् ऋते विनिश्चयः कश्चित् इह","न चास्य कार्यस्य पराक्रमादृते विनिश्चयः कश्चिदिहोपपद्यते। हतप्रवीराश्च रणे तु राक्षसाः कथंचिदीयुर्यदिहाद्य मार्दवम्॥ ४॥"
"कार्ये कर्मणि निर्वृत्ते यः बहूनि अपि साधयेत् पूर्व-कार्य-अ-विरोधेन सः कार्यम् कर्तुम् अर्हति .","कार्ये कार्यम् कर्तुम् अर्हति . कर्मणि निर्वृत्ते यः बहूनि अपि साधयेत् पूर्व-कार्य-अ-विरोधेन सः","कार्ये कर्मणि निर्वृत्ते यो बहून्यपि साधयेत्। पूर्वकार्याविरोधेन स कार्यं कर्तुमर्हति॥ ५॥"
"न हि एकः साधकः हेतुः (भवति) स्वल्पस्य अपि इह कर्मणः हि; यः अर्थम् बहुधा वेद सः समर्थः अर्थ-साधने (भवति)","न कर्मणः हि हि एकः साधकः हेतुः (भवति) स्वल्पस्य अपि इह; यः अर्थम् बहुधा वेद सः समर्थः अर्थ-साधने (भवति)","न ह्येकः साधको हेतुः स्वल्पस्यापीह कर्मणः। यो ह्यर्थं बहुधा वेद स समर्थोऽर्थसाधने॥ ६॥"
"इह एव तावत् कृत-निश्चयः हि अहम् व्रजेयम् अद्य प्लवग-ईश्वर-आलयम् पर-आत्म-सम्मर्द-विशेष-तत्त्व-वित् ततः कृतम् स्यात् मम भर्तृ-शासनम् (भूत्वा)","इह पर-आत्म-सम्मर्द-विशेष-तत्त्व-वित् ततः कृतम् स्यात् मम भर्तृ-शासनम् (भूत्वा) एव तावत् कृत-निश्चयः हि अहम् व्रजेयम् अद्य प्लवग-ईश्वर-आलयम्","  इहैव तावत्कृतनिश्चयो ह्यहं व्रजेयमद्य प्लवगेश्वरालयम्। परात्मसम्मर्दविशेषतत्त्ववित् ततः कृतं स्यान्मम भर्तृशासनम्॥ ७॥"
"कथम् नु खलु अद्य भवेत् सुख-आगतम् प्रसह्य युद्धम् मम राक्षसैः सह तथा एव खलु आत्म-बलम् च सारवत् समानयेत् माम् च रणे दश-आननः","कथम् राक्षसैः सह तथा एव खलु आत्म-बलम् च सारवत् समानयेत् माम् नु च रणे दश-आननः खलु अद्य भवेत् सुख-आगतम् प्रसह्य युद्धम् मम","कथं नु खल्वद्य भवेत् सुखागतं प्रसह्य युद्धं मम राक्षसैः सह। तथैव खल्वात्मबलं च सारवत् समानयेन्मां च रणे दशाननः॥ ८॥"
"ततः समासाद्य रणे दश-आननम् स-मन्त्रि-वर्गम् स-बलम् स-यायिनम् हृदि स्थितम् तस्य मतम् बलम् च सुखेन मत्वा अहम् इतः पुनः व्रजे .","ततः तस्य मतम् बलम् च सुखेन मत्वा अहम् इतः पुनः व्रजे समासाद्य . रणे दश-आननम् स-मन्त्रि-वर्गम् स-बलम् स-यायिनम् हृदि स्थितम्","ततः समासाद्य रणे दशाननं समन्त्रिवर्गं सबलं सयायिनम्। हृदि स्थितं तस्य मतं बलं च सुखेन मत्वाहमितः पुनर्व्रजे॥ ९॥"
"इदम् अस्य नृ-शंसस्य नन्दन-उपमम् उत्तमम् वनम् नेत्र-मनः-कान्तम् नाना-द्रुम-लता-युतम् (प्रतीयते)","इदम् अस्य नृ-शंसस्य नन्दन-उपमम् उत्तमम् वनम् नेत्र-मनः-कान्तम् नाना-द्रुम-लता-युतम् (प्रतीयते)","इदमस्य नृशंसस्य नन्दनोपममुत्तमम्। वनं नेत्रमनःकान्तं नानाद्रुमलतायुतम्॥ १०॥"
"इदम् (अहम्) विध्वंसयिष्यामि शुष्कम् वनम् इव अनलः अस्मिन् भग्ने ततः कोपम् करिष्यति सः रावणः .","इदम् ततः कोपम् करिष्यति सः रावणः . (अहम्) विध्वंसयिष्यामि शुष्कम् वनम् इव अनलः अस्मिन् भग्ने","इदं विध्वंसयिष्यामि शुष्कं वनमिवानलः। अस्मिन् भग्ने ततः कोपं करिष्यति स रावणः॥ ११॥"
"ततः महत् स-अश्व-महा-रथ-द्विपम् बलम् समानेष्यति राक्षस-अधिपः त्रि-शूल-कालायस-पट्टिश-आयुधम्; ततः महत् युद्धम् इदम् भविष्यति .","ततः महत् स-अश्व-महा-रथ-द्विपम् बलम् समानेष्यति राक्षस-अधिपः त्रि-शूल-कालायस-पट्टिश-आयुधम्; युद्धम् इदम् भविष्यति . ततः महत्","ततो महत्साश्वमहारथद्विपं बलं समानेष्यति राक्षसाधिपः। त्रिशूलकालायसपट्टिशायुधं ततो महद्युद्धमिदं भविष्यति॥ १२॥"
"अहम् च तैः संयति चण्ड-विक्रमैः समेत्य रक्षोभिः अ-भङ्ग-विक्रमः निहत्य तत् रावण-चोदितम् बलम् सुखम् गमिष्यामि हरि-ईश्वर-आलयम्","अहम् तत् रावण-चोदितम् बलम् सुखम् गमिष्यामि हरि-ईश्वर-आलयम् च तैः संयति चण्ड-विक्रमैः समेत्य रक्षोभिः अ-भङ्ग-विक्रमः निहत्य","अहं च तैः संयति चण्डविक्रमैः समेत्य रक्षोभिरभङ्गविक्रमः। निहत्य तद् रावणचोदितं बलं सुखं गमिष्यामि हरीश्वरालयम्॥ १३॥"
"ततः मारुतवत् क्रुद्धः मारुतिः भीम-विक्रमः ऊरु-वेगेन महता द्रुमान् क्षेप्तुम् अथ आरभत् .","ततः अथ आरभत् . मारुतवत् क्रुद्धः मारुतिः भीम-विक्रमः ऊरु-वेगेन महता द्रुमान् क्षेप्तुम्","  ततो मारुतवत् क्रुद्धो मारुतिर्भीमविक्रमः। ऊरुवेगेन महता द्रुमान् क्षेप्तुमथारभत्॥ १४॥"
"ततः तत् हनुमान् वीरः बभञ्ज प्रमदा-वनम् मत्त-द्विज-समाघुष्टम् नाना-द्रुम-लता-युतम् .","ततः तत् हनुमान् वीरः बभञ्ज प्रमदा-वनम् मत्त-द्विज-समाघुष्टम् नाना-द्रुम-लता-युतम् .","ततस्तद्धनुमान् वीरो बभञ्ज प्रमदावनम्। मत्तद्विजसमाघुष्टं नानाद्रुमलतायुतम्॥ १५॥"
"तत् वनम् मथितैः वृक्षैः भिन्नैः च सलिल-आशयैः चूर्णितैः पर्वत-अग्रैः च बभूव अप्रिय-दर्शनम् .","तत् च बभूव अप्रिय-दर्शनम् . वनम् मथितैः वृक्षैः भिन्नैः च सलिल-आशयैः चूर्णितैः पर्वत-अग्रैः","  तद्वनं मथितैर्वृक्षैर्भिन्नैश्च सलिलाशयैः। चूर्णितैः पर्वताग्रैश्च बभूवाप्रियदर्शनम्॥ १६॥"
"नाना-शकुन्त-विरुतैः प्रभिन्न-सलिल-आशयैः ताम्रैः किसलयैः क्लान्तैः क्लान्त-द्रुम-लता-युतैः न बभौ तत् वनम् तत्र दाव-अनल-हतम् यथा .; व्याकुला वरणा रेजुः विह्वलाः इव ताः लताः .","नाना-तत् वनम् तत्र दाव-अनल-हतम् यथा . शकुन्त-विरुतैः प्रभिन्न-सलिल-आशयैः ताम्रैः किसलयैः क्लान्तैः क्लान्त-द्रुम-लता-युतैः न बभौ; व्याकुला वरणा रेजुः विह्वलाः इव ताः लताः .","नानाशकुन्तविरुतैः प्रभिन्नसलिलाशयैः। ताम्रैः किसलयैः क्लान्तैः क्लान्तद्रुमलतायुतैः। न बभौ तद् वनं तत्र दावानलहतं यथा।#व्याकुलावरणा रेजुर्विह्वला इव ता लताः॥ १८॥"
"लता-गृहैः चित्र-गृहैः च सादितैः व्यालैः मृगैः आर्त-रवैः च पक्षिभिः शिला-गृहैः उन्मथितैः तथा गृहैः प्र-णष्ट-रूपम् तत् अभूत् महत् वनम् (अन्यैः)","लता-गृहैः शिला-गृहैः उन्मथितैः तथा गृहैः प्र-णष्ट-रूपम् तत् अभूत् महत् वनम् (अन्यैः) चित्र-गृहैः च सादितैः व्यालैः मृगैः आर्त-रवैः च पक्षिभिः","लतागृहैश्चित्रगृहैश्च सादितैर्व्यालैर्मृगैरार्तरवैश्च पक्षिभिः। शिलागृहैरुन्मथितैस्तथा गृहैः प्रणष्टरूपं तदभून्महद् वनम्॥ १९॥"
"सा विह्वल-अशोक-लता-प्रताना वन-स्थली शोक-लता-प्रताना जाता दशा-आस्य-प्रमद-अवनस्य कपेः बलात् हि प्रमदा-वनस्य .","सा प्रमदा-वनस्य . विह्वल-अशोक-लता-प्रताना वन-स्थली शोक-लता-प्रताना जाता दशा-आस्य-प्रमद-अवनस्य कपेः बलात् हि","सा विह्वलाशोकलताप्रताना वनस्थली शोकलताप्रताना। जाता दशास्यप्रमदावनस्य कपेर्बलाद्धि प्रमदावनस्य॥ २०॥"
"ततः सः कृत्वा जगती-पतेः महान् महत् व्यलीकम् मनसः महा-आत्मनः युयुत्सुः एकः बहुभिः महा-बलैः श्रिया ज्वलन् तोरणम् आश्रितः कपिः .","ततः युयुत्सुः एकः बहुभिः महा-बलैः श्रिया ज्वलन् तोरणम् आश्रितः कपिः . सः कृत्वा जगती-पतेः महान् महत् व्यलीकम् मनसः महा-आत्मनः","ततः स कृत्वा जगतीपतेर्महान् महद् व्यलीकं मनसो महात्मनः। युयुत्सुरेको बहुभिर्महाबलैः श्रिया ज्वलंस्तोरणमाश्रितः कपिः॥ २१॥"
"ततः पक्षि-निनादेन वृक्ष-भङ्ग-स्वनेन च बभूवुः त्रास-सम्भ्रान्ताः सर्वे लङ्का-निवासिनः .","ततः पक्षि-निनादेन वृक्ष-भङ्ग-स्वनेन च बभूवुः त्रास-सम्भ्रान्ताः सर्वे लङ्का-निवासिनः .","ततः पक्षिनिनादेन वृक्षभङ्गस्वनेन च। बभूवुस्त्राससम्भ्रान्ताः सर्वे लङ्कानिवासिनः॥ १॥"
"विद्रुताः च भय-त्रस्ताः विनेदुः मृग-पक्षिणः रक्षसाम् च निमित्तानि क्रूराणि प्रतिपेदिरे (समीपे)","विद्रुताः प्रतिपेदिरे (समीपे) च भय-त्रस्ताः विनेदुः मृग-पक्षिणः रक्षसाम् च निमित्तानि क्रूराणि","विद्रुताश्च भयत्रस्ता विनेदुर्मृगपक्षिणः। रक्षसां च निमित्तानि क्रूराणि प्रतिपेदिरे॥ २॥"
"ततः गतायाम् निद्रायाम् राक्षस्यः विकृत-आननाः तत् वनम् ददृशुः भग्नम् तम् च वीरम् महा-कपिम् .","ततः तम् च वीरम् महा-कपिम् . गतायाम् निद्रायाम् राक्षस्यः विकृत-आननाः तत् वनम् ददृशुः भग्नम्","ततो गतायां निद्रायां राक्षस्यो विकृताननाः। तद् वनं ददृशुर्भग्नं तं च वीरं महाकपिम्॥ ३॥"
"सः ताः दृष्ट्वा महा-बाहुः महा-सत्त्वः महा-बलः चकार सु-महत्-रूपम् राक्षसीनाम् भय-आवहम् (कृते)","सः भय-आवहम् (कृते) ताः दृष्ट्वा महा-बाहुः महा-सत्त्वः महा-बलः चकार सु-महत्-रूपम् राक्षसीनाम्","स ता दृष्ट्वा महाबाहुर्महासत्त्वो महाबलः। चकार सुमहद्रूपं राक्षसीनां भयावहम्॥ ४॥"
"ततः तु गिरि-सङ्काशम् अति-कायम् महा-बलम् राक्षस्यः वानरम् दृष्ट्वा पप्रच्छुः जनक-आत्मजाम् .","ततः जनक-आत्मजाम् . तु गिरि-सङ्काशम् अति-कायम् महा-बलम् राक्षस्यः वानरम् दृष्ट्वा पप्रच्छुः","ततस्तु गिरिसंकाशमतिकायं महाबलम्। राक्षस्यो वानरं दृष्ट्वा पप्रच्छुर्जनकात्मजाम्॥ ५॥"
"कः अयम् कस्य कुतः वा अयम् किम्-निमित्तम् इह आगतः कथम् त्वया सह अनेन संवादः कृतः इति उत (उद्दिश्य)","कः कथम् त्वया सह अनेन संवादः कृतः इति उत (उद्दिश्य) अयम् कस्य कुतः वा अयम् किम्-निमित्तम् इह आगतः","  कोऽयं कस्य कुतो वायं किंनिमित्तमिहागतः। कथं त्वया सहानेन संवादः कृत इत्युत॥ ६॥"
"आचक्ष्व नः विशाल-अक्षि मा भूत् ते सु-भगे भयम् संवादम् असित-अपाङ्गि त्वया किम् कृतवान् अयम् (त्वम्)","आचक्ष्व असित-अपाङ्गि त्वया किम् कृतवान् अयम् (त्वम्) नः विशाल-अक्षि मा भूत् ते सु-भगे भयम् संवादम्","आचक्ष्व नो विशालाक्षि मा भूत्ते सुभगे भयम्। संवादमसितापाङ्गि त्वया किं कृतवानयम्॥ ७॥"
"अथ अब्रवीत् तदा साध्वी सीता सर्व-अङ्ग-शोभना रक्षसाम् काम-रूपाणाम् विज्ञाने का गतिः मम (अस्ति)","अथ का गतिः मम (अस्ति) अब्रवीत् तदा साध्वी सीता सर्व-अङ्ग-शोभना रक्षसाम् काम-रूपाणाम् विज्ञाने","अथाब्रवीत् तदा साध्वी सीता सर्वाङ्गशोभना। रक्षसां कामरूपाणां विज्ञाने का गतिर्मम॥ ८॥"
"यूयम् एव अस्य जानीत यः अयम् यत् वा करिष्यति अहिः एव हि अहेः पादान् विजानाति न संशयः (जात्यादिम्) (अस्ति) (तत्)","यूयम् अहिः एव हि अहेः पादान् विजानाति न संशयः (जात्यादिम्) (अस्ति) एव (तत्) अस्य जानीत यः अयम् यत् वा करिष्यति","यूयमेवास्य जानीत योऽयं यद् वा करिष्यति। अहिरेव ह्यहेः पादान् विजानाति न संशयः॥ ९॥"
"अहम् अपि अति-भीता अस्मि न एव जानामि कः हि अयम् वेद्मि राक्षसम् एव एनम् काम-रूपिणम् आगतम् (इति) (अस्ति)","अहम् अयम् वेद्मि राक्षसम् एव एनम् काम-रूपिणम् आगतम् (इति) (अस्ति) अपि अति-भीता अस्मि न एव जानामि कः हि","अहमप्यतिभीतास्मि नैव जानामि को ह्ययम्। वेद्मि राक्षसमेवैनं कामरूपिणमागतम्॥ १०॥"
"वैदेह्याः वचनम् श्रुत्वा राक्षस्यः विद्रुताः द्रुतम् स्थिताः काश्चित् गताः काश्चित् रावणाय निवेदितुम् .","वैदेह्याः काश्चित् रावणाय निवेदितुम् . वचनम् श्रुत्वा राक्षस्यः विद्रुताः द्रुतम् स्थिताः काश्चित् गताः","वैदेह्या वचनं श्रुत्वा राक्षस्यो विद्रुता द्रुतम्। स्थिताः काश्चिद‍्गताः काश्चिद् रावणाय निवेदितुम्॥ ११॥"
"रावणस्य समीपे तु राक्षस्यः विकृत-आननाः वि-रूपम् वानरम् भीमम् रावणाय न्यवेदिषुः (गत्वा)","रावणस्य न्यवेदिषुः (गत्वा) समीपे तु राक्षस्यः विकृत-आननाः वि-रूपम् वानरम् भीमम् रावणाय","रावणस्य समीपे तु राक्षस्यो विकृताननाः। विरूपं वानरं भीमं रावणाय न्यवेदिषुः॥ १२॥"
"अशोक-वाटिका-मध्ये राजन् भीम-वपुः कपिः सीतया कृत-संवादः तिष्ठति अ-मित-विक्रमः","अशोक-वाटिका-मध्ये राजन् भीम-वपुः कपिः सीतया कृत-संवादः तिष्ठति अ-मित-विक्रमः","अशोकवनिकामध्ये राजन् भीमवपुः कपिः। सीतया कृतसंवादस्तिष्ठत्यमितविक्रमः॥ १३॥"
"न च तम् जानकी सीता हरिम् हरिण-लोचना अस्माभिः बहुधा पृष्टा निवेदयितुम् इच्छति .","न पृष्टा निवेदयितुम् इच्छति . च तम् जानकी सीता हरिम् हरिण-लोचना अस्माभिः बहुधा","  न च तं जानकी सीता हरिं हरिणलोचना। अस्माभिर्बहुधा पृष्टा निवेदयितुमिच्छति॥ १४॥"
"वासवस्य भवेत् दूतः दूतः वैश्रवणस्य वा प्रेषितः वा अपि रामेण सीता अन्वेषण-काङ्क्षया .","वासवस्य रामेण सीता अन्वेषण-काङ्क्षया . भवेत् दूतः दूतः वैश्रवणस्य वा प्रेषितः वा अपि","  वासवस्य भवेद् दूतो दूतो वैश्रवणस्य वा। प्रेषितो वापि रामेण सीतान्वेषणकाङ्क्षया॥ १५॥"
"तेन एव अद्भुत-रूपेण यत् तत् तव मनः-हरम् नाना-मृग-गण-आकीर्णम् प्रमृष्टम् प्रमदा-वनम् अस्ति","तेन प्रमदा-वनम् अस्ति एव अद्भुत-रूपेण यत् तत् तव मनः-हरम् नाना-मृग-गण-आकीर्णम् प्रमृष्टम्","तेनैवाद्भुतरूपेण यत्तत्तव मनोहरम्। नानामृगगणाकीर्णं प्रमृष्टं प्रमदावनम्॥ १६॥"
"न तत्र कश्चित् उद्देशः यः तेन न विनाशितः यत्र सा जानकी देवी सः तेन न विनाशितः (अस्ति)","न सा जानकी देवी सः तेन न विनाशितः (अस्ति) तत्र कश्चित् उद्देशः यः तेन न विनाशितः यत्र","न तत्र कश्चिदुद्देशो यस्तेन न विनाशितः। यत्र सा जानकी देवी स तेन न विनाशितः॥ १७॥"
"जानकी-रक्षण-अर्थम् वा श्रमात् वा न उपलक्ष्यते अथवा कः श्रमः तस्य सा एव तेन अभिरक्षिता","जानकी-रक्षण-अर्थम् तस्य सा एव तेन अभिरक्षिता वा श्रमात् वा न उपलक्ष्यते अथवा कः श्रमः","जानकीरक्षणार्थं वा श्रमाद् वा नोपलक्ष्यते। अथवा कः श्रमस्तस्य सैव तेनाभिरक्षिता॥ १८॥"
"चारु-पल्लव-पत्र-आढ्यम् यम् सीता स्वयम्-आस्थिता प्रवृद्धः शिंशपा-वृक्षः सः च तेन अभिरक्षितः .","चारु-पल्लव-पत्र-आढ्यम् अभिरक्षितः . यम् सीता स्वयम्-आस्थिता प्रवृद्धः शिंशपा-वृक्षः सः च तेन","चारुपल्लवपत्राढ्यं यं सीता स्वयमास्थिता। प्रवृद्धः शिंशपावृक्षः स च तेनाभिरक्षितः॥ १९॥"
"तस्य उग्र-रूपस्य उग्रम् त्वम् दण्डम् आज्ञातुम् अर्हसि सीता सम्भाषिता येन वनम् तेन विनाशितम्","तस्य येन वनम् तेन विनाशितम् उग्र-रूपस्य उग्रम् त्वम् दण्डम् आज्ञातुम् अर्हसि सीता सम्भाषिता","तस्योग्ररूपस्योग्रं त्वं दण्डमाज्ञातुमर्हसि। सीता सम्भाषिता येन वनं तेन विनाशितम्॥ २०॥"
"मनः-परिगृहीताम् ताम् तव रक्षः-गण-ईश्वर कः सीताम् अभिभाषेत यः न स्यात् त्यक्त-जीवितः (सः)","मनः-परिगृहीताम् स्यात् त्यक्त-जीवितः (सः) ताम् तव रक्षः-गण-ईश्वर कः सीताम् अभिभाषेत यः न","मनःपरिगृहीतां तां तव रक्षोगणेश्वर। कः सीतामभिभाषेत यो न स्यात् त्यक्तजीवितः॥ २१॥"
"राक्षसीनाम् वचः श्रुत्वा रावणः राक्षस-ईश्वरः चित-अग्निः इव जज्वाल कोप-संवर्तित-ईक्षणः .","राक्षसीनाम् . वचः श्रुत्वा रावणः राक्षस-ईश्वरः चित-अग्निः इव जज्वाल कोप-संवर्तित-ईक्षणः","राक्षसीनां वचः श्रुत्वा रावणो राक्षसेश्वरः। चिताग्निरिव जज्वाल कोपसंवर्तितेक्षणः॥ २२॥"
"तस्य क्रुद्धस्य नेत्राभ्याम् प्रापतन् अश्रु-बिन्दवः दीप्ताभ्याम् इव दीपाभ्याम् स-अर्चिषः स्नेह-बिन्दवः .","तस्य स्नेह-बिन्दवः . क्रुद्धस्य नेत्राभ्याम् प्रापतन् अश्रु-बिन्दवः दीप्ताभ्याम् इव दीपाभ्याम् स-अर्चिषः","तस्य क्रुद्धस्य नेत्राभ्यां प्रापतन्नश्रुबिन्दवः। दीप्ताभ्यामिव दीपाभ्यां सार्चिषः स्नेहबिन्दवः॥ २३॥"
"आत्मनः सदृशान् वीरान् किङ्करान् नाम राक्षसान् व्यादिदेश महा-तेजाः निग्रह-अर्थम् हनूमतः .","आत्मनः हनूमतः . सदृशान् वीरान् किङ्करान् नाम राक्षसान् व्यादिदेश महा-तेजाः निग्रह-अर्थम्","आत्मनः सदृशान् वीरान् किंकरान्नाम राक्षसान्। व्यादिदेश महातेजा निग्रहार्थं हनूमतः॥ २४॥"
"तेषाम् अशीति-साहस्रम् किङ्कराणाम् तरस्विनाम् निर्ययुः भवनात् तस्मात् कूट-मुद्गर-पाणयः .","तेषाम् अशीति-साहस्रम् किङ्कराणाम् तरस्विनाम् निर्ययुः भवनात् तस्मात् कूट-मुद्गर-पाणयः .","तेषामशीतिसाहस्रं किंकराणां तरस्विनाम्। निर्ययुर्भवनात् तस्मात् कूटमुद‍्गरपाणयः॥ २५॥"
"महा-उदराः महा-दंष्ट्राः घोर-रूपाः महा-बलाः युद्ध-अभिमनसः सर्वे हनूमत्-ग्रहण-उन्मुखाः (बभुवूः)","महा-उदराः महा-दंष्ट्राः घोर-रूपाः महा-बलाः युद्ध-अभिमनसः सर्वे हनूमत्-ग्रहण-उन्मुखाः (बभुवूः)","महोदरा महादंष्ट्रा घोररूपा महाबलाः। युद्धाभिमनसः सर्वे हनूमद्‍ग्रहणोन्मुखाः॥ २६॥"
"ते कपिम् तम् समासाद्य तोरण-स्थम् अवस्थितम् अभिपेतुः महा-वेगाः पतङ्गाः इव पावकम् .","ते इव पावकम् . कपिम् तम् समासाद्य तोरण-स्थम् अवस्थितम् अभिपेतुः महा-वेगाः पतङ्गाः","ते कपिं तं समासाद्य तोरणस्थमवस्थितम्। अभिपेतुर्महावेगाः पतंगा इव पावकम्॥ २७॥"
"ते गदाभिः विचित्राभिः परिघैः काञ्चन-अङ्गदैः आजग्मुः वानर-श्रेष्ठम् शरैः आदित्य-सन्निभैः-","ते गदाभिः विचित्राभिः परिघैः काञ्चन-अङ्गदैः आजग्मुः वानर-श्रेष्ठम् शरैः आदित्य-सन्निभैः-","ते गदाभिर्विचित्राभिः परिघैः काञ्चनाङ्गदैः। आजग्मुर्वानरश्रेष्ठं शरैरादित्यसंनिभैः॥ २८॥"
"मुद्गरैः पट्टिशैः शूलैः प्रास-तोमर-पाणयः परिवार्य हनूमन्तम् सहसा तस्थुः अग्रतः .","मुद्गरैः . पट्टिशैः शूलैः प्रास-तोमर-पाणयः परिवार्य हनूमन्तम् सहसा तस्थुः अग्रतः","  मुद‍्गरैः पट्टिशैः शूलैः प्रासतोमरपाणयः। परिवार्य हनूमन्तं सहसा तस्थुरग्रतः॥ २९॥"
"हनूमान् अपि तेजस्वी श्रीमान् पर्वत-सन्निभः क्षितौ आविद्ध्य लाङ्गूलम् ननाद च महा-ध्वनिम् .","हनूमान् च महा-ध्वनिम् . अपि तेजस्वी श्रीमान् पर्वत-सन्निभः क्षितौ आविद्ध्य लाङ्गूलम् ननाद","हनूमानपि तेजस्वी श्रीमान् पर्वतसंनिभः। क्षितावाविद्ध्य लाङ्गूलं ननाद च महाध्वनिम्॥ ३०॥"
"सः भूत्वा तु महा-कायः हनूमान् मारुत-आत्मजः पुच्छम् आस्फोटयामास लङ्काम् शब्देन पूरयन् .","सः शब्देन पूरयन् . भूत्वा तु महा-कायः हनूमान् मारुत-आत्मजः पुच्छम् आस्फोटयामास लङ्काम्","स भूत्वा तु महाकायो हनूमान् मारुतात्मजः। पुच्छमास्फोटयामास लङ्कां शब्देन पूरयन्॥ ३१॥"
"तस्य आस्फोटित-शब्देन महता च अनु-नादिना पेतुः विहङ्गाः गगनात् उच्चैः च इदम् अघोषयत् .","तस्य च इदम् अघोषयत् . आस्फोटित-शब्देन महता च अनु-नादिना पेतुः विहङ्गाः गगनात् उच्चैः","तस्यास्फोटितशब्देन महता चानुनादिना। पेतुर्विहङ्गा गगनादुच्चैश्चेदमघोषयत्॥ ३२॥"
"जयति अति-बलः रामः लक्ष्मणः च महा-बलः राजा जयति सुग्रीवः राघवेण अभिपालितः .","जयति राघवेण अभिपालितः . अति-बलः रामः लक्ष्मणः च महा-बलः राजा जयति सुग्रीवः","जयत्यतिबलो रामो लक्ष्मणश्च महाबलः। राजा जयति सुग्रीवो राघवेणाभिपालितः॥ ३३॥"
"दासः अहम् कोसल-इन्द्रस्य रामस्य अक्लिष्ट-कर्मणः हनूमान् शत्रु-सैन्यानाम् निहन्ता मारुत-आत्मजः (अस्मि)","दासः (अस्मि) अहम् कोसल-इन्द्रस्य रामस्य अक्लिष्ट-कर्मणः हनूमान् शत्रु-सैन्यानाम् निहन्ता मारुत-आत्मजः","दासोऽहं कोसलेन्द्रस्य रामस्याक्लिष्टकर्मणः। हनूमान् शत्रुसैन्यानां निहन्ता मारुतात्मजः॥ ३४॥"
"न रावण-सहस्रम् मे युद्धे प्रति-बलम् भवेत् शिलाभिः च प्रहरतः पादपैः च सहस्रशः","न पादपैः च सहस्रशः रावण-सहस्रम् मे युद्धे प्रति-बलम् भवेत् शिलाभिः च प्रहरतः","  न रावणसहस्रं मे युद्धे प्रतिबलं भवेत्। शिलाभिश्च प्रहरतः पादपैश्च सहस्रशः॥ ३५॥"
"अर्दयित्वा पुरीम् लङ्काम् अभिवाद्य च मैथिलीम् समृद्ध-अर्थः गमिष्यामि मिषताम् सर्व-रक्षसाम् (अहम्)","अर्दयित्वा सर्व-रक्षसाम् (अहम्) पुरीम् लङ्काम् अभिवाद्य च मैथिलीम् समृद्ध-अर्थः गमिष्यामि मिषताम्","अर्दयित्वा पुरीं लङ्कामभिवाद्य च मैथिलीम्। समृद्धार्थो गमिष्यामि मिषतां सर्वरक्षसाम्॥ ३६॥"
"तस्य संनाद-शब्देन ते अभवन् भय-शङ्किताः ददृशुः च हनूमन्तम् सन्ध्या-मेघम् इव उन्नतम्","तस्य इव उन्नतम् संनाद-शब्देन ते अभवन् भय-शङ्किताः ददृशुः च हनूमन्तम् सन्ध्या-मेघम्","तस्य संनादशब्देन तेऽभवन् भयशङ्किताः। ददृशुश्च हनूमन्तं संध्यामेघमिवोन्नतम्॥ ३७॥"
"स्वामि-सन्देश-निः-शङ्काः ततः ते राक्षसाः कपिम् चित्रैः प्रहरणैः भीमैः अभिपेतुः ततः ततः .","स्वामि-सन्देश-निः-शङ्काः ततः ततः . ततः ते राक्षसाः कपिम् चित्रैः प्रहरणैः भीमैः अभिपेतुः","स्वामिसंदेशनिःशङ्कास्ततस्ते राक्षसाः कपिम्। चित्रैः प्रहरणैर्भीमैरभिपेतुस्ततस्ततः॥ ३८॥"
"सः तैः परिवृतः शूरैः सर्वतः सः महा-बलः आससाद आयसम् भीमम् परिघम् तोरण-आश्रितम् .","सः भीमम् परिघम् तोरण-आश्रितम् . तैः परिवृतः शूरैः सर्वतः सः महा-बलः आससाद आयसम्","स तैः परिवृतः शूरैः सर्वतः स महाबलः। आससादायसं भीमं परिघं तोरणाश्रितम्॥ ३९॥"
"सः तम् परिघम् आदाय जघान रजनीचरान् स-पन्नगम् इव आदाय स्फुरन्तम् विनता-सुतः .","सः स्फुरन्तम् विनता-सुतः . तम् परिघम् आदाय जघान रजनीचरान् स-पन्नगम् इव आदाय","  स तं परिघमादाय जघान रजनीचरान्। सपन्नगमिवादाय स्फुरन्तं विनतासुतः॥ ४०॥"
"विचचार अम्बरे वीरः परिगृह्य च मारुतिः सूदयामास वज्रेण दैत्यान् इव सहस्र-दृक् सः","विचचार इव सहस्र-दृक् सः अम्बरे वीरः परिगृह्य च मारुतिः सूदयामास वज्रेण दैत्यान्","विचचाराम्बरे वीरः परिगृह्य च मारुतिः। सूदयामास वज्रेण दैत्यानिव सहस्रदृक्॥ ४१॥"
"सः हत्वा राक्षसान् वीरः किङ्करान् मारुत-आत्मजः युद्ध-आकाङ्क्षी महा-वीरः तोरणम् समवस्थितः .","सः समवस्थितः . हत्वा राक्षसान् वीरः किङ्करान् मारुत-आत्मजः युद्ध-आकाङ्क्षी महा-वीरः तोरणम्","स हत्वा राक्षसान् वीरः किंकरान् मारुतात्मजः। युद्धाकाङ्क्षी महावीरस्तोरणं समवस्थितः॥ ४२॥"
"ततः तस्मात् भयात् मुक्ताः कतिचित् तत्र राक्षसाः निहतान् किङ्करान् सर्वान् रावणाय न्यवेदयन् .","ततः सर्वान् रावणाय न्यवेदयन् . तस्मात् भयात् मुक्ताः कतिचित् तत्र राक्षसाः निहतान् किङ्करान्","ततस्तस्माद् भयान्मुक्ताः कतिचित्तत्र राक्षसाः। निहतान् किंकरान् सर्वान् रावणाय न्यवेदयन्॥ ४३॥"
"सः राक्षसानाम् निहतम् महा-बलम् निशम्य राजा परिवृत्त-लोचनः समादिदेश अ-प्रतिमम् पराक्रमे प्रहस्त-पुत्रम् समरे सु-दुर्-जयम् .","सः पराक्रमे प्रहस्त-पुत्रम् समरे सु-दुर्-जयम् . राक्षसानाम् निहतम् महा-बलम् निशम्य राजा परिवृत्त-लोचनः समादिदेश अ-प्रतिमम्","स राक्षसानां निहतं महाबलं निशम्य राजा परिवृत्तलोचनः। समादिदेशाप्रतिमं पराक्रमे प्रहस्तपुत्रं समरे सुदुर्जयम्॥ ४४॥"
"ततः सः किङ्करान् हत्वा हनूमान् ध्यानम् आस्थितः वनम् भग्नम् मया चैत्य-प्रासादः न विनाशितः (यत्)","ततः मया चैत्य-प्रासादः न विनाशितः (यत्) सः किङ्करान् हत्वा हनूमान् ध्यानम् आस्थितः वनम् भग्नम्","ततः स किंकरान् हत्वा हनूमान् ध्यानमास्थितः। वनं भग्नं मया चैत्यप्रासादो न विनाशितः॥ १॥"
"तस्मात् प्रासादम् अद्य एवम् इमम् विध्वंसयामि अहम् इति सञ्चिन्त्य हनुमान् मनसा दर्शयन् बलम् चैत्य-प्रासादम् उत्प्लुत्य मेरु-शृङ्गम् इव उन्नतम् आरुरोह हरि-श्रेष्ठः हनूमान् मारुत-आत्म-जः","तस्मात् हनुमान् मनसा दर्शयन् बलम् चैत्य-प्रासादम् उत्प्लुत्य मेरु-शृङ्गम् इव उन्नतम् आरुरोह प्रासादम् हरि-श्रेष्ठः हनूमान् मारुत-आत्म-जः अद्य एवम् इमम् विध्वंसयामि अहम् इति सञ्चिन्त्य","तस्मात् प्रासादमद्यैवमिमं विध्वंसयाम्यहम्। इति संचिन्त्य हनुमान् मनसादर्शयन् बलम्। चैत्यप्रासादमुत्प्लुत्य मेरुशृङ्गमिवोन्नतम्। आरुरोह हरिश्रेष्ठो हनूमान् मारुतात्मजः॥ ३॥"
"आरुह्य गिरि-सङ्काशम् प्रासादम् हरि-यूथ-पः बभौ सः सु-महा-तेजाः प्रति-सूर्यः इव उदितः .","आरुह्य उदितः . गिरि-सङ्काशम् प्रासादम् हरि-यूथ-पः बभौ सः सु-महा-तेजाः प्रति-सूर्यः इव","  आरुह्य गिरिसंकाशं प्रासादं हरियूथपः। बभौ स सुमहातेजाः प्रतिसूर्य इवोदितः॥ ४॥"
"सम्प्रधृष्य तु दुर्-धर्षः चैत्य-प्रासादम् उन्नतम् हनूमान् प्रज्वलन् लक्ष्म्या पारियात्र-उपमः अभवत् .","सम्प्रधृष्य अभवत् . तु दुर्-धर्षः चैत्य-प्रासादम् उन्नतम् हनूमान् प्रज्वलन् लक्ष्म्या पारियात्र-उपमः","  सम्प्रधृष्य तु दुर्धर्षश्चैत्यप्रासादमुन्नतम्। हनूमान् प्रज्वलँल्लक्ष्म्या पारियात्रोपमोऽभवत्॥ ५॥"
"सः भूत्वा सु-महा-कायः प्रभावात् मारुत-आत्म-जः धृष्टम् आस्फोटयामास लङ्काम् शब्देन पूरयन् .","सः पूरयन् . भूत्वा सु-महा-कायः प्रभावात् मारुत-आत्म-जः धृष्टम् आस्फोटयामास लङ्काम् शब्देन","स भूत्वा सुमहाकायः प्रभावान् मारुतात्मजः। धृष्टमास्फोटयामास लङ्कां शब्देन पूरयन्॥ ६॥"
"तस्य आस्फोटित-शब्देन महता श्रोत्र-घातिना पेतुः विहङ्-गमाः तत्र चैत्य-पालाः च मोहिताः","तस्य मोहिताः आस्फोटित-शब्देन महता श्रोत्र-घातिना पेतुः विहङ्-गमाः तत्र चैत्य-पालाः च","तस्यास्फोटितशब्देन महता श्रोत्रघातिना। पेतुर्विहंगमास्तत्र चैत्यपालाश्च मोहिताः॥ ७॥"
"अस्त्र-वित् जयताम् रामः लक्ष्मणः च महा-बलः .; राजा जयति सुग्रीवः राघवेण अभिपालितः","अस्त्र-वित् . जयताम् रामः लक्ष्मणः च महा-बलः; राघवेण अभिपालितः राजा जयति सुग्रीवः","अस्त्रविज्जयतां रामो लक्ष्मणश्च महाबलः। राजा जयति सुग्रीवो राघवेणाभिपालितः॥ ८॥"
"दासः अहम् कोसल-इन्द्रस्य रामस्य अ-क्लिष्ट-कर्मणः हनूमान् शत्रु-सैन्यानाम् निहन्ता मारुत-आत्मजः (अस्मि)","दासः (अस्मि) अहम् कोसल-इन्द्रस्य रामस्य अ-क्लिष्ट-कर्मणः हनूमान् शत्रु-सैन्यानाम् निहन्ता मारुत-आत्मजः","  दासोऽहं कोसलेन्द्रस्य रामस्याक्लिष्टकर्मणः। हनूमान् शत्रुसैन्यानां निहन्ता मारुतात्मजः॥ ९॥"
"न रावण-सहस्रम् मे युद्धे प्रति-बलम् भवेत् शिलाभिः च प्रहरतः पादपैः च सहस्रशः .","न पादपैः च सहस्रशः . रावण-सहस्रम् मे युद्धे प्रति-बलम् भवेत् शिलाभिः च प्रहरतः","न रावणसहस्रं मे युद्धे प्रतिबलं भवेत्। शिलाभिश्च प्रहरतः पादपैश्च सहस्रशः॥ १०॥"
"धर्षयित्वा पुरीम् लङ्काम् अभिवाद्य च मैथिलीम् समृद्ध-अर्थः गमिष्यामि मिषताम् सर्व-रक्षसाम् (अहम्)","धर्षयित्वा सर्व-रक्षसाम् (अहम्) पुरीम् लङ्काम् अभिवाद्य च मैथिलीम् समृद्ध-अर्थः गमिष्यामि मिषताम्","  धर्षयित्वा पुरीं लङ्कामभिवाद्य च मैथिलीम्। समृद्धार्थो गमिष्यामि मिषतां सर्वरक्षसाम्॥ ११॥"
"एवम् उक्त्वा महा-कायः चैत्य-स्थः हरि-यूथ-पः ननाद भीम-निर्ह्रादः रक्षसाम् जनयन् भयम् .","एवम् भयम् . उक्त्वा महा-कायः चैत्य-स्थः हरि-यूथ-पः ननाद भीम-निर्ह्रादः रक्षसाम् जनयन्","एवमुक्त्वा महाकायश्चैत्यस्थो हरियूथपः। ननाद भीमनिर्ह्रादो रक्षसां जनयन् भयम्॥ १२॥"
"तेन नादेन महता चैत्य-पालाः शतम् ययुः गृहीत्वा विविधान् अस्त्रान् प्रासान् खड्गान् परश्वधान् .; विसृजन्तः महा-कायाः मारुतिम् पर्यवारयन्","तेन प्रासान् खड्गान् परश्वधान् . नादेन महता चैत्य-पालाः शतम् ययुः गृहीत्वा विविधान् अस्त्रान्; विसृजन्तः महा-कायाः मारुतिम् पर्यवारयन्","तेन नादेन महता चैत्यपालाः शतं ययुः। गृहीत्वा विविधानस्त्रान् प्रासान् खड्गान् परश्वधान्। विसृजन्तो महाकाया मारुतिं पर्यवारयन्।"
"ते गदाभिः विचित्राभिः परिघैः काञ्चन-अङ्गदैः आजग्मुः वानर-श्रेष्ठम् बाणैः च आदित्य-सन्निभैः .","ते आदित्य-सन्निभैः . गदाभिः विचित्राभिः परिघैः काञ्चन-अङ्गदैः आजग्मुः वानर-श्रेष्ठम् बाणैः च","ते गदाभिर्विचित्राभिः परिघैः काञ्चनाङ्गदैः। आजग्मुर्वानरश्रेष्ठं बाणैश्चादित्यसंनिभैः।"
"आवर्तः इव गङ्गायाः तोयस्य विपुलः महान् परिक्षिप्य हरि-श्रेष्ठम् सः बभौ रक्षसाम् गणः .","आवर्तः बभौ रक्षसाम् गणः . इव गङ्गायाः तोयस्य विपुलः महान् परिक्षिप्य हरि-श्रेष्ठम् सः","आवर्त इव गङ्गायास्तोयस्य विपुलो महान्। परिक्षिप्य हरिश्रेष्ठं स बभौ रक्षसां गणः।"
"ततः वात-आत्म-जः क्रुद्धः भीम-रूपम् समास्थितः .","ततः वात-आत्म-जः क्रुद्धः भीम-रूपम् समास्थितः .","ततो वातात्मजः क्रुद्धो भीमरूपं समास्थितः॥ १६॥"
"प्रासादस्य महान् तस्य स्तम्भम् हेम-परिष्कृतम् उत्पाटयित्वा वेगेन हनूमान् मारुत-आत्म-जः ततः तम् भ्रामयामास शत-धारम् महा-बलः तत्र च .; अग्निः समभवत् प्रासादः च अपि अदह्यत","प्रासादस्य ततः तम् भ्रामयामास शत-धारम् महा-बलः तत्र च महान् . तस्य स्तम्भम् हेम-परिष्कृतम् उत्पाटयित्वा वेगेन हनूमान् मारुत-आत्म-जः; अग्निः समभवत् प्रासादः च अपि अदह्यत","प्रासादस्य महांस्तस्य स्तम्भं हेमपरिष्कृतम्। उत्पाटयित्वा वेगेन हनूमान् मारुतात्मजः। ततस्तं भ्रामयामास शतधारं महाबलः। तत्र चाग्निः समभवत् प्रासादश्चाप्यदह्यत॥ १८॥"
"दह्यमानम् ततः दृष्ट्वा प्रासादम् हरि-यूथ-पः सः राक्षस-शतम् हत्वा वज्रेण इन्द्रः इव असुरान् अन्तरिक्ष-स्थितः श्रीमान् इदम् वचनम् अब्रवीत् .","दह्यमानम् इन्द्रः इव असुरान् अन्तरिक्ष-स्थितः श्रीमान् इदम् वचनम् अब्रवीत् . ततः दृष्ट्वा प्रासादम् हरि-यूथ-पः सः राक्षस-शतम् हत्वा वज्रेण","दह्यमानं ततो दृष्ट्वा प्रासादं हरियूथपः। स राक्षसशतं हत्वा वज्रेणेन्द्र इवासुरान्। अन्तरिक्षस्थितः श्रीमानिदं वचनमब्रवीत्।"
"मा-दृशानाम् सहस्राणि विसृष्टानि महा-आत्मनाम् बलिनाम् वानर-इन्द्राणाम् सुग्रीव-वश-वर्तिनाम्; दश-नाग-बलाः केचित् केचित् दश-गुण-उत्तराः केचित् नाग-सहस्रस्य बभूवुः तुल्य-विक्रमाः; अटन्ति वसुधाम् कृत्स्नाम् वयम् अन्ये च वानराः (अटामः)","मा-दृशानाम् सहस्राणि विसृष्टानि महा-आत्मनाम् बलिनाम् वानर-इन्द्राणाम् सुग्रीव-वश-वर्तिनाम्; दश-नाग-बलाः केचित् केचित् दश-गुण-उत्तराः केचित् नाग-सहस्रस्य बभूवुः तुल्य-विक्रमाः; कृत्स्नाम् वयम् अन्ये च वानराः (अटामः) अटन्ति वसुधाम्","मादृशानां सहस्राणि विसृष्टानि महात्मनाम्। बलिनां वानरेन्द्राणां सुग्रीववशवर्तिनाम्। अटन्ति वसुधां कृत्स्नां वयमन्ये च वानराः। दशनागबलाः केचित् केचिद् दशगुणोत्तराः। केचिन्नागसहस्रस्य बभूवुस्तुल्यविक्रमाः॥ २२॥"
"सन्ति च ओघ-बलाः केचित् सन्ति वायु-बल-उपमाः .; अ-प्रमेय-बलाः केचित् तत्र आसन् हरि-यूथ-पाः","सन्ति . च ओघ-बलाः केचित् सन्ति वायु-बल-उपमाः; आसन् हरि-यूथ-पाः अ-प्रमेय-बलाः केचित् तत्र","सन्ति चौघबलाः केचित् सन्ति वायुबलोपमाः। अप्रमेयबलाः केचित् तत्रासन् हरियूथपाः॥ २३॥"
"ईदृक्-विधैः तु हरिभिः वृतः दन्त-नख-आयुधैः शतैः शत-सहस्रैः च कोटिभिः च आयुतैः अपि आगमिष्यति सुग्रीवः सर्वेषाम् वः निषूदनः .","ईदृक्-विधैः च आयुतैः अपि आगमिष्यति सुग्रीवः सर्वेषाम् वः निषूदनः . तु हरिभिः वृतः दन्त-नख-आयुधैः शतैः शत-सहस्रैः च कोटिभिः","ईदृग्विधैस्तु हरिभिर्वृतो दन्तनखायुधैः। शतैः शतसहस्रैश्च कोटिभिश्चायुतैरपि। आगमिष्यति सुग्रीवः सर्वेषां वो निषूदनः।"
"न इयम् अस्ति पुरी लङ्का न यूयम् न च रावणः यस्य तु इक्ष्वाकु-वीरेण बद्धम् वैरम् महा-आत्मना (तस्य)","न रावणः यस्य तु इक्ष्वाकु-वीरेण बद्धम् वैरम् महा-आत्मना (तस्य) इयम् अस्ति पुरी लङ्का न यूयम् न च","नेयमस्ति पुरी लङ्का न यूयं न च रावणः। यस्य त्विक्ष्वाकुवीरेण बद्धं वैरं महात्मना॥ २५॥"
"सन्दिष्टः राक्षस-इन्द्रेण प्रहस्तस्य सुतः बली जम्बुमाली महा-दंष्ट्रः निर्जगाम धनुः-धरः रक्त-माल्य-अम्बर-धरः स्रग्वी रुचिर-कुण्डलः महान् विवृत्त-नयनः चण्डः समर-दुर्-जयः धनुः शक्र-धनुः-प्रख्यम् महत् रुचिर-सायकम् विस्फारयाणः वेगेन वज्र-अशनि-सम-स्वनम्","सन्दिष्टः रक्त-माल्य-अम्बर-धरः स्रग्वी रुचिर-कुण्डलः महान् विवृत्त-नयनः चण्डः समर-दुर्-जयः धनुः शक्र-धनुः-प्रख्यम् महत् राक्षस-इन्द्रेण रुचिर-सायकम् विस्फारयाणः वेगेन वज्र-अशनि-सम-स्वनम् प्रहस्तस्य सुतः बली जम्बुमाली महा-दंष्ट्रः निर्जगाम धनुः-धरः","संदिष्टो राक्षसेन्द्रेण प्रहस्तस्य सुतो बली । जम्बुमाली महादंष्ट्रो निर्जगाम धनुर्धरः। रक्तमाल्याम्बरधरः स्रग्वी रुचिरकुण्डलः । महान् विवृत्तनयनश्चण्डः समरदुर्जयः। धनुः शक्रधनुःप्रख्यं महद्रुचिरसायकम् । विस्फारयाणो वेगेन वज्राशनिसमस्वनम् ॥ ३ ॥"
"तस्य विस्फार-घोषेण धनुषः महता दिशः प्रदिशः च नभः च एव सहसा समपूर्यत .","तस्य एव सहसा समपूर्यत . विस्फार-घोषेण धनुषः महता दिशः प्रदिशः च नभः च","तस्य विस्फारघोषेण धनुषो महता दिशः । प्रदिशश्च नभश्चैव सहसा समपूर्यत ॥ ४ ॥"
"रथेन खर-युक्तेन तम् आगतम् उदीक्ष्य सः हनुमान् वेग-सम्पन्नः जहर्ष च ननाद च .","रथेन च ननाद च . खर-युक्तेन तम् आगतम् उदीक्ष्य सः हनुमान् वेग-सम्पन्नः जहर्ष","  रथेन खरयुक्तेन तमागतमुदीक्ष्य सः । हनुमान् वेगसंपन्नो जहर्ष च ननाद च ॥ ५ ॥"
"तम् तोरण-विटङ्क-स्थम् हनुमन्तम् महा-कपिम् जम्बुमाली महा-बाहुः विव्याध निशितैः शरैः .","तम् . तोरण-विटङ्क-स्थम् हनुमन्तम् महा-कपिम् जम्बुमाली महा-बाहुः विव्याध निशितैः शरैः","  तं तोरणविटङ्कस्थं हनुमन्तं महाकपिम् । जम्बुमाली महाबाहुर्विव्याध निशितैः शरैः ॥ ६ ॥"
"अर्ध-चन्द्रेण वदने शिरसि एकेन कर्णिना बाह्वोः विव्याध नार-आचैः दशभिः तम् कपि-ईश्वरम् .","अर्ध-चन्द्रेण तम् कपि-ईश्वरम् . वदने शिरसि एकेन कर्णिना बाह्वोः विव्याध नार-आचैः दशभिः","अर्धचन्द्रेण वदने शिरस्येकेन कर्णिना । बाह्वोर्विव्याध नाराचैर्दशभिस्तं कपीश्वरम् ॥ ७ ॥"
"तस्य तत् शुशुभे ताम्रम् शरेण अभिहतम् मुखम् शरदि इव अम्बु-जम् फुल्लम् विद्धम् भास्कर-रश्मिना .","तस्य अम्बु-जम् फुल्लम् विद्धम् भास्कर-रश्मिना . तत् शुशुभे ताम्रम् शरेण अभिहतम् मुखम् शरदि इव","तस्य तच्छुशुभे ताम्रं शरेणाभिहतं मुखम् । शरदीवाम्बुजम्फुल्लं विद्धं भास्कररश्मिना ॥ ८ ॥"
"तत् तस्य रक्तम् रक्तेन रञ्जितम् शुशुभे मुखम् यथा आकाशे महा-पद्मम् सिक्तम् चन्दन-बिन्दुभिः .","तत् महा-पद्मम् सिक्तम् चन्दन-बिन्दुभिः . तस्य रक्तम् रक्तेन रञ्जितम् शुशुभे मुखम् यथा आकाशे","तत्तस्य रक्तं रक्तेन रञ्जितं शुशुभे मुखम् । यथाकाशे महापद्मं सिक्तं चन्दनबिन्दुभिः ॥ ९ ॥"
"चुकोप बाण-अभिहतः राक्षसस्य महा-कपिः ततः पार्श्वे अति-विपुलाम् ददर्श महतीम् शिलाम् तरसा ताम् समुत्पाट्य चिक्षेप जववत्-बली ताम् शरैः दशभिः क्रुद्धः ताडयामास राक्षसः .","चुकोप शिलाम् तरसा ताम् समुत्पाट्य चिक्षेप जववत्-बली ताम् शरैः दशभिः क्रुद्धः बाण-अभिहतः ताडयामास राक्षसः . राक्षसस्य महा-कपिः ततः पार्श्वे अति-विपुलाम् ददर्श महतीम्","चुकोप बाणाभिहतो राक्षसस्य महाकपिः । ततः पार्श्वेऽतिविपुलां ददर्श महतीं शिलाम्। तरसा तां समुत्पाट्य चिक्षेप बलवद्बली । तां शरैर्दशभिः क्रुद्धस्ताडयामास राक्षसः ॥ ११ ॥"
"विपन्नम् कर्म तत् दृष्ट्वा हनुमान् चण्ड-विक्रमः सालम् विपुलम् उत्पाट्य भ्रामयामास वीर्यवान् .","विपन्नम् भ्रामयामास वीर्यवान् . कर्म तत् दृष्ट्वा हनुमान् चण्ड-विक्रमः सालम् विपुलम् उत्पाट्य","विपन्नं कर्म तद्दृष्ट्वा हनुमांश्चण्डविक्रमः । सालं विपुलमुत्पाट्य भ्रामयामास वीर्यवान् ॥ १२ ॥"
"भ्रामयन्तम् कपिम् दृष्ट्वा साल-वृक्षम् महा-बलम् चिक्षेप सु-बहून् बाणान् जम्बुमाली महा-बलः .","भ्रामयन्तम् महा-बलः . कपिम् दृष्ट्वा साल-वृक्षम् महा-बलम् चिक्षेप सु-बहून् बाणान् जम्बुमाली","भ्रामयन्तं कपिं दृष्ट्वा सालवृक्षं महाबलम् । चिक्षेप सुबहून् बाणान् जम्बुमाली महाबलः ॥ १३ ॥"
"सालम् चतुर्भिः चिच्छेद; वानरम् पञ्चभिः भुजे (चिच्छेद); शिरसि एकेन बाणेन (चिच्छेद); दशभिः तु स्तन-अन्तरे (चिच्छेद)","सालम् चतुर्भिः चिच्छेद; (चिच्छेद) वानरम् पञ्चभिः भुजे; (चिच्छेद) शिरसि एकेन बाणेन; दशभिः तु स्तन-अन्तरे (चिच्छेद)","  सालं चतुर्भिश्चिच्छेद वानरं पञ्चभिर्भुजे । शिरस्येकेन बाणेन दशभिस्तु स्तनान्तरे ॥ १४ ॥"
"सः शरैः पूरित-तनुः क्रोधेन महता वृतः तम् एव परिघम् गृह्य भ्रामयामास वेगतः .","सः गृह्य भ्रामयामास वेगतः . शरैः पूरित-तनुः क्रोधेन महता वृतः तम् एव परिघम्","  स शरैः पूरिततनुः क्रोधेन महता वृतः । तमेव परिघं गृह्य भ्रामयामास वेगतः ॥ १५ ॥"
"अति-वेगः अति-वेगेन भ्रामयित्वा बल-उत्-कटः परिघम् पातयामास जम्बुमालेः महा-उरसि .","अति-वेगः अति-वेगेन भ्रामयित्वा बल-उत्-कटः परिघम् पातयामास जम्बुमालेः महा-उरसि .","अतिवेगोऽतिवेगेन भ्रामयित्वा बलोत्कटः । परिघं पातयामास जम्बुमालेर्महोरसि ॥ १६ ॥"
"तस्य च एव शिरः न अस्ति न बाहू न च जानुनी न धनुः न रथः न अश्वाः तत्र अदृश्यन्त न इषवः .","तस्य च जानुनी न धनुः न रथः न अश्वाः तत्र अदृश्यन्त च न इषवः . एव शिरः न अस्ति न बाहू न","तस्य चैव शिरो नास्ति न बाहू न च जानुनी। न धनुर्नरथो नाश्वास्तत्रादृश्यन्त नेषवः ॥ १७ ॥"
"सः हतः तरसा तेन जम्बुमाली महा-बलः पपात निहतः भूमौ चूर्णित-अङ्गः इव द्रुमः","सः चूर्णित-अङ्गः इव द्रुमः हतः तरसा तेन जम्बुमाली महा-बलः पपात निहतः भूमौ","स हतस्तरसा तेन जम्बुमाली महाबलः । पपात निहतो भूमौ चूर्णिताङ्ग इव द्रुमः ॥ १८ ॥"
"जम्बुमालिम् च निहतम् किङ्करान् च महा-बलान् चुक्रोध रावणः श्रुत्वा कोप-संरक्त-लोचनः .","जम्बुमालिम् कोप-संरक्त-लोचनः . च निहतम् किङ्करान् च महा-बलान् चुक्रोध रावणः श्रुत्वा","जम्बुमालिं च निहतं किङ्करांश्च महाबलान् । चुक्रोध रावणः श्रुत्वा कोपसंरक्तलोचनः ॥ १९ ॥"
"सः रोष-संवर्तित-ताम्र-लोचनः प्रहस्त-पुत्रे निहते महा-बले अमात्य-पुत्रान् अति-वीर्य-विक्रमान् समादिदेश आशु निशा-चर-ईश्वरः .","सः निशा-चर-ईश्वरः . रोष-संवर्तित-ताम्र-लोचनः प्रहस्त-पुत्रे निहते महा-बले अमात्य-पुत्रान् अति-वीर्य-विक्रमान् समादिदेश आशु","  स रोषसंवर्तितताम्रलोचनः प्रहस्तपुत्रे निहते महाबले। अमात्यपुत्रानतिवीर्यविक्रमान् समादिदेशाशु निशाचरेश्वरः ॥ २० ॥"
"ततः ते राक्षस-इन्द्रेण चोदिताः मन्त्रिणः सुताः निर्ययुः भवनात् तस्मात् सप्त सप्त-अर्चि-वर्चसः महद्बल-परीवारा धनुष्मन्तः महा-बलाः कृत-अस्त्र-अस्त्र-विदाम् श्रेष्ठाः परस्पर-जय-एषिणः हेम-जाल-परिक्षिप्तैः ध्वजवद्भिः पताकिभिः तोय-द-स्वन-निर्घोषैः वाजि-युक्तैः महा-रथैः तप्त-काञ्चन-चित्राणि चापानि अ-मित-विक्रमाः विस्फारयन्तः संहृष्टाः तडिद्वन्तः इव अम्बु-दाः","ततः सप्त सप्त-अर्चि-वर्चसः महद्बल-परीवारा धनुष्मन्तः महा-बलाः कृत-अस्त्र-अस्त्र-विदाम् श्रेष्ठाः परस्पर-जय-एषिणः हेम-जाल-परिक्षिप्तैः ते ध्वजवद्भिः पताकिभिः तोय-द-स्वन-निर्घोषैः वाजि-युक्तैः महा-रथैः तप्त-काञ्चन-चित्राणि चापानि अ-मित-विक्रमाः विस्फारयन्तः संहृष्टाः राक्षस-इन्द्रेण तडिद्वन्तः इव अम्बु-दाः चोदिताः मन्त्रिणः सुताः निर्ययुः भवनात् तस्मात्","ततस्ते राक्षसेन्द्रेण चोदिता मन्त्रिणः सुताः। निर्ययुर्भवनात् तस्मात् सप्त सप्तार्चिवर्चसः। महद‍्बलपरीवारा धनुष्मन्तो महाबलाः। कृतास्त्रास्त्रविदां श्रेष्ठाः परस्परजयैषिणः। हेमजालपरिक्षिप्तैर्ध्वजवद्भिः पताकिभिः। तोयदस्वननिर्घोषैर्वाजियुक्तैर्महारथैः। तप्तकाञ्चनचित्राणि चापान्यमितविक्रमाः। विस्फारयन्तः संहृष्टास्तडिद्वन्त इवाम्बुदाः॥ ४॥"
"हेम-जाल-परिक्षिप्तैः ध्वजवद्भिः पताकिभिः तोय-द-स्वन-निर्घोषैः वाजि-युक्तैः महा-रथैः .","हेम-जाल-परिक्षिप्तैः ध्वजवद्भिः पताकिभिः तोय-द-स्वन-निर्घोषैः वाजि-युक्तैः महा-रथैः .","  हेमजालपरिक्षिप्तैर्ध्वजवद्भिः पताकिभिः। तोयदस्वननिर्घोषैर्वाजियुक्तैर्महारथैः॥ ३॥"
"जनन्यः ताः ततः तेषाम् विदित्वा किङ्करान् हतान् बभूवुः शोक-सम्भ्रान्ताः स-बान्धव-सुहृत्-जनाः .","जनन्यः स-बान्धव-सुहृत्-जनाः . ताः ततः तेषाम् विदित्वा किङ्करान् हतान् बभूवुः शोक-सम्भ्रान्ताः","जनन्यस्तास्ततस्तेषां विदित्वा किंकरान् हतान्। बभूवुः शोकसम्भ्रान्ताः सबान्धवसुहृज्जनाः॥ ५॥"
"ते परस्पर-सङ्घर्षाः तप्त-काञ्चन-भूषणाः अभिपेतुः हनूमन्तम् तोरण-स्थम् अवस्थितम् .","ते परस्पर-सङ्घर्षाः तप्त-काञ्चन-भूषणाः अभिपेतुः हनूमन्तम् तोरण-स्थम् अवस्थितम् .","ते परस्परसंघर्षात् तप्तकाञ्चनभूषणाः। अभिपेतुर्हनूमन्तं तोरणस्थमवस्थितम्॥ ६॥"
"सृजन्तः बाण-वृष्टिम् ते रथ-गर्जित-निःस्वनाः प्रावृट्-काले इव अम्भस्-दाः विचेरुः नैरृत-अम्बु-दाः .","सृजन्तः . बाण-वृष्टिम् ते रथ-गर्जित-निःस्वनाः प्रावृट्-काले इव अम्भस्-दाः विचेरुः नैरृत-अम्बु-दाः","सृजन्तो बाणवृष्टिं ते रथगर्जितनिःस्वनाः। प्रावृट्काल इवाम्भोदा विचेरुर्नैर्ऋताम्बुदाः॥ ७॥"
"अवकीर्णः ततः ताभिः हनूमान् शर-वृष्टिभिः अभवत् संवृत-आकारः शैल-राट् इव वृष्टिभिः .","अवकीर्णः वृष्टिभिः . ततः ताभिः हनूमान् शर-वृष्टिभिः अभवत् संवृत-आकारः शैल-राट् इव","अवकीर्णस्ततस्ताभिर्हनूमान् शरवृष्टिभिः। अभवत् संवृताकारः शैलराडिव वृष्टिभिः॥ ८॥"
"सः शरान् वञ्चयामास तेषाम् आशुचरः कपिः रथ-वेगान् च वीराणाम् विचरन् विमले अम्बरे .","सः विचरन् विमले अम्बरे . शरान् वञ्चयामास तेषाम् आशुचरः कपिः रथ-वेगान् च वीराणाम्","स शरान् वञ्चयामास तेषामाशुचरः कपिः। रथवेगांश्च वीराणां विचरन् विमलेऽम्बरे॥ ९॥"
"सः तैः क्रीडन् धनुष्मद्भिः व्योम्नि वीरः प्रकाशते धनुष्मद्भिः यथा मेघैः मारुतः प्रभुः अम्बरे (तथा) (क्रीडन्)","सः मेघैः मारुतः प्रभुः अम्बरे (तथा) (क्रीडन्) तैः क्रीडन् धनुष्मद्भिः व्योम्नि वीरः प्रकाशते धनुष्मद्भिः यथा","  स तैः क्रीडन् धनुष्मद्भिर्व्योम्नि वीरः प्रकाशते। धनुष्मद्भिर्यथा मेघैर्मारुतः प्रभुरम्बरे॥ १०॥"
"सः कृत्वा निनदम् घोरम् त्रासयन् ताम् महा-चमूम् चकार हनुमान् वेगम् तेषु रक्षःसु वीर्यवान् .","सः वेगम् तेषु रक्षःसु वीर्यवान् . कृत्वा निनदम् घोरम् त्रासयन् ताम् महा-चमूम् चकार हनुमान्","स कृत्वा निनदं घोरं त्रासयंस्तां महाचमूम्। चकार हनुमान् वेगं तेषु रक्षःसु वीर्यवान्॥ ११॥"
"तलेन अभिहनत् कांश्चित् पादैः कांश्चित् परम्-तपः मुष्टिभिः च अहनत् कांश्चित् नखैः कांश्चित् व्यदारयत् .","तलेन कांश्चित् नखैः कांश्चित् व्यदारयत् . अभिहनत् कांश्चित् पादैः कांश्चित् परम्-तपः मुष्टिभिः च अहनत्","तलेनाभिहनत् कांश्चित् पादैः कांश्चित् परंतपः। मुष्टिभिश्चाहनत् कांश्चिन्नखैः कांश्चिद् व्यदारयत्॥ १२॥"
"प्रममाथ उरसा कांश्चित् ऊरुभ्याम् अपरान् अपि केचित् तस्य एव नादेन तत्र एव पतिताः भुवि .","प्रममाथ नादेन तत्र एव पतिताः भुवि . उरसा कांश्चित् ऊरुभ्याम् अपरान् अपि केचित् तस्य एव","प्रममाथोरसा कांश्चिदूरुभ्यामपरानपि। केचित् तस्यैव नादेन तत्रैव पतिता भुवि॥ १३॥"
"ततः तेषु अवपन्नेषु भूमौ निपतितेषु च तत् सैन्यम् अगमत् सर्वम् दिशः दश भय-अर्दितम् .","ततः सर्वम् दिशः दश भय-अर्दितम् . तेषु अवपन्नेषु भूमौ निपतितेषु च तत् सैन्यम् अगमत्","ततस्तेष्ववपन्नेषु भूमौ निपतितेषु च। तत्सैन्यमगमत् सर्वं दिशो दश भयार्दितम्॥ १४॥"
"विनेदुः विस्वरम् नागाः निपेतुः भुवि वाजिनः भग्न-नीड-ध्वज-छत्रैः भूः च कीर्णा अभवत् रथैः .","विनेदुः कीर्णा अभवत् रथैः . विस्वरम् नागाः निपेतुः भुवि वाजिनः भग्न-नीड-ध्वज-छत्रैः भूः च","विनेदुर्विस्वरं नागा निपेतुर्भुवि वाजिनः। भग्ननीडध्वजच्छत्रैर्भूश्च कीर्णाभवद् रथैः॥ १५॥"
"स्रवता रुधिरेण अथ स्रवन्त्यः दर्शिताः पथि विविधैः च स्वनैः लङ्का ननाद विकृतम् तदा .","स्रवता लङ्का ननाद विकृतम् तदा . रुधिरेण अथ स्रवन्त्यः दर्शिताः पथि विविधैः च स्वनैः","स्रवता रुधिरेणाथ स्रवन्त्यो दर्शिताः पथि। विविधैश्च स्वनैर्लङ्का ननाद विकृतं तदा॥ १६॥"
"सः तान् प्रवृद्धान् विनिहत्य राक्षसान् महा-बलः चण्ड-पराक्रमः कपिः युयुत्सुः अन्यैः पुनः एव राक्षसैः तद् एव वीरः अभिजगाम तोरणम् .","सः अन्यैः पुनः एव राक्षसैः तद् एव वीरः अभिजगाम तोरणम् . तान् प्रवृद्धान् विनिहत्य राक्षसान् महा-बलः चण्ड-पराक्रमः कपिः युयुत्सुः","  स तान् प्रवृद्धान् विनिहत्य राक्षसान् महाबलश्चण्डपराक्रमः कपिः। युयुत्सुरन्यैः पुनरेव राक्षसै- स्तदेव वीरोऽभिजगाम तोरणम्॥ १७॥"
"हतान् मन्त्रि-सुतान् बुद्ध्वा वानरेण महा-आत्मना रावणः संवृत-आकारः चकार मतिम् उत्तमाम् .","हतान् उत्तमाम् . मन्त्रि-सुतान् बुद्ध्वा वानरेण महा-आत्मना रावणः संवृत-आकारः चकार मतिम्","हतान् मन्त्रिसुतान् बुद्‍ध्वा वानरेण महात्मना। रावणः संवृताकारश्चकार मतिमुत्तमाम्॥ १॥"
"सः विरूपाक्ष-यूपाक्षौ दुर्धरम् च एव राक्षसम् प्रघसम् भासकर्णम् च पञ्च सेना-अग्र-नायकान् सन्दिदेश दश-ग्रीवः वीरान् नय-विशारदान् हनूमत्-ग्रहणे अ-व्यग्रान् वायु-वेग-समान् युधि .","सः पञ्च सेना-अग्र-नायकान् सन्दिदेश दश-ग्रीवः वीरान् नय-विशारदान् हनूमत्-ग्रहणे अ-व्यग्रान् वायु-वेग-समान् युधि विरूपाक्ष-यूपाक्षौ . दुर्धरम् च एव राक्षसम् प्रघसम् भासकर्णम् च","स विरूपाक्षयूपाक्षौ दुर्धरं चैव राक्षसम्। प्रघसं भासकर्णं च पञ्च सेनाग्रनायकान्। संदिदेश दशग्रीवो वीरान् नयविशारदान्। हनूमद्‍ग्रहणेऽव्यग्रान् वायुवेगसमान् युधि॥ ३॥"
"यात सेना-अग्रगाः सर्वे महा-बल-परिग्रहाः स-वाजि-रथ-मातङ्गाः सः कपिः शास्यताम् इति (यूयम्) (संदिदेश) (च)","यात (यूयम्) (संदिदेश) (च) सेना-अग्रगाः सर्वे महा-बल-परिग्रहाः स-वाजि-रथ-मातङ्गाः सः कपिः शास्यताम् इति","यात सेनाग्रगाः सर्वे महाबलपरिग्रहाः। सवाजिरथमातङ्गाः स कपिः शास्यतामिति॥ ४॥"
"यत्तैः च खलु भाव्यम् स्यात् तम् आसाद्य वन-आलयम् कर्म च अपि समाधेयम् देश-काल-अ-विरोधितम्","यत्तैः च अपि समाधेयम् देश-काल-अ-विरोधितम् च खलु भाव्यम् स्यात् तम् आसाद्य वन-आलयम् कर्म","यत्तैश्च खलु भाव्यं स्यात् तमासाद्य वनालयम्। कर्म चापि समाधेयं देशकालाविरोधितम्॥ ५॥"
"न हि अहम् तम् कपिम् मन्ये कर्मणा प्रतितर्कयन् सर्वथा तत्-महद्-भूतम् महा-बल-परिग्रहम् (मन्ये) (किन्तु)","न तत्-महद्-भूतम् महा-बल-परिग्रहम् (मन्ये) (किन्तु) हि अहम् तम् कपिम् मन्ये कर्मणा प्रतितर्कयन् सर्वथा","  न ह्यहं तं कपिं मन्ये कर्मणा प्रति तर्कयन्। सर्वथा तन्महद् भूतं महाबलपरिग्रहम्॥ ६॥"
"वानरः अयम् इति ज्ञात्वा नहि शुद्ध्यति मे मनः (अस्ति); न एव अहम् तम् कपिम् मन्ये यथा इयम् प्रस्तुता कथा (तथा); भवेत् इन्द्रेण वा सृष्टम् अस्मत्-अर्थम् तपः-बलात्","वानरः अयम् (अस्ति) इति ज्ञात्वा नहि शुद्ध्यति मे मनः; एव अहम् तम् कपिम् मन्ये यथा इयम् प्रस्तुता कथा (तथा) न; भवेत् इन्द्रेण वा सृष्टम् अस्मत्-अर्थम् तपः-बलात्","वानरोऽयमिति ज्ञात्वा नहि शुद्ध्यति मे मनः। नैवाहं तं कपिं मन्ये यथेयं प्रस्तुता कथा। भवेदिन्द्रेण वा सृष्टमस्मदर्थं तपोबलात्।"
"स-नाग-यक्ष-गन्धर्व-देव-असुर-महर्षयः युष्माभिः प्र-हितैः सर्वैः मया सह विनिर्जिताः तैः अवश्यम् विधातव्यम् व्यलीकम् किञ्चित् एव नः (अतः)","स-नाग-यक्ष-गन्धर्व-देव-असुर-महर्षयः विधातव्यम् व्यलीकम् किञ्चित् एव नः (अतः) युष्माभिः प्र-हितैः सर्वैः मया सह विनिर्जिताः तैः अवश्यम्","सनागयक्षगन्धर्वदेवासुरमहर्षयः। युष्माभिः प्रहितैः सर्वैर्मया सह विनिर्जिताः। तैरवश्यं विधातव्यं व्यलीकं किंचिदेव नः॥ ९॥"
"तत् एव न अत्र सन्देहः प्रसह्य परिगृह्यताम् यात सेना-अग्रगाः सर्वे महा-बल-परिग्रहाः स-वाजि-रथ-मातङ्गाः सः कपिः शास्यताम् इति (अस्ति) (च) (यूयम्) (संदिदेश) (यतः)","तत् सर्वे महा-बल-परिग्रहाः स-वाजि-रथ-मातङ्गाः सः कपिः शास्यताम् इति (अस्ति) (च) (यूयम्) एव (संदिदेश) (यतः) न अत्र सन्देहः प्रसह्य परिगृह्यताम् यात सेना-अग्रगाः","  तदेव नात्र संदेहः प्रसह्य परिगृह्यताम्। यात सेनाग्रगाः सर्वे महाबलपरिग्रहाः। सवाजिरथमातङ्गाः स कपिः शास्यतामिति।"
"न अवमान्यः भवद्भिः च कपिः धीर-पराक्रमः दृष्टाः हि हरयः पूर्वे मया विपुल-विक्रमाः वाली च सह सुग्रीवः जाम्बवान् च महा-बलः नीलः सेना-पतिः च एव ये च अन्ये द्विवित्-आदयः .","न पूर्वे मया विपुल-विक्रमाः वाली च सह सुग्रीवः जाम्बवान् च महा-बलः अवमान्यः नीलः सेना-पतिः च एव ये च अन्ये द्विवित्-आदयः . भवद्भिः च कपिः धीर-पराक्रमः दृष्टाः हि हरयः","नावमन्यो भवद्भिश्च कपिर्धीरपराक्रमः। दृष्टा हि हरयः पूर्वे मया विपुलविक्रमाः। वाली च सह सुग्रीवो जाम्बवांश्च महाबलः। नीलः सेनापतिश्चैव ये चान्ये द्विविदादयः।"
"न एव तेषाम् गतिः भीमा न तेजः न पराक्रमः मतिः न बल-उत्साहः न रूप-परिकल्पनम् (अस्ति) (च)","न मतिः न बल-उत्साहः न रूप-परिकल्पनम् (अस्ति) (च) एव तेषाम् गतिः भीमा न तेजः न पराक्रमः","नैव तेषां गतिर्भीमा न तेजो न पराक्रमः। मतिर्न बलोत्साहो न रूपपरिकल्पनम्।"
"महत् सत्त्वम् इदम् ज्ञेयम् कपि-रूपम् व्यवस्थितम् प्रयत्नम् महत् आस्थाय क्रियताम् अस्य निग्रहः (अतः)","महत् क्रियताम् अस्य निग्रहः (अतः) सत्त्वम् इदम् ज्ञेयम् कपि-रूपम् व्यवस्थितम् प्रयत्नम् महत् आस्थाय","महत्सत्त्वमिदं ज्ञेयं कपिरूपं व्यवस्थितम्। प्रयत्नं महदास्थाय क्रियतामस्य निग्रहः।"
"कामम् लोकाः त्रयः स-इन्द्राः स-सुर-असुर-मानवाः भवताम् अग्रतः स्थातुम् न पर्याप्ता रण-अजिरे तथापि तु नय-ज्ञेन जयम् आकाङ्क्षता रणे आत्मा रक्ष्यः प्रयत्नेन युद्ध-सिद्धिः हि चञ्चला (यद्यपि) (यतः) (अस्ति)","कामम् पर्याप्ता रण-अजिरे तथापि तु नय-ज्ञेन जयम् आकाङ्क्षता रणे आत्मा रक्ष्यः लोकाः प्रयत्नेन युद्ध-सिद्धिः हि चञ्चला (यद्यपि) (यतः) (अस्ति) त्रयः स-इन्द्राः स-सुर-असुर-मानवाः भवताम् अग्रतः स्थातुम् न","कामं लोकास्त्रयः सेन्द्राः ससुरासुरमानवाः। भवतामग्रतः स्थातुं न पर्याप्ता रणाजिरे। तथापि तु नयज्ञेन जयमाकाङ्क्षता रणे। आत्मा रक्ष्यः प्रयत्नेन युद्धसिद्धिर्हि चञ्चला।"
"ते स्वामि-वचनम् सर्वे प्रतिगृह्य महा-ओजसः समुत्पेतुः महा-वेगाः हुताश-सम-तेजसः रथैः च मत्तैः नागैः च वाजिभिः च महा-जवैः शस्त्रैः च विविधैः तीक्ष्णैः सर्वैः च उपहिताः बलैः .","ते च मत्तैः नागैः च वाजिभिः च महा-जवैः शस्त्रैः च विविधैः स्वामि-वचनम् तीक्ष्णैः सर्वैः च उपहिताः बलैः . सर्वे प्रतिगृह्य महा-ओजसः समुत्पेतुः महा-वेगाः हुताश-सम-तेजसः रथैः","ते स्वामिवचनं सर्वे प्रतिगृह्य महौजसः। समुत्पेतुर्महावेगा हुताशसमतेजसः। रथैश्च मत्तैर्नागैश्च वाजिभिश्च महाजवैः। शस्त्रैश्च विविधैस्तीक्ष्णैः सर्वैश्चोपहिता बलैः।"
"ततः तु ददृशुः वीराः दीप्यमानम् महा-कपिम् रश्मिमन्तम् इव उद्यन्तम् स्व-तेजः-रश्मि-मालिनम् तोरण-स्थम् महा-वेगम् महा-सत्त्वम् महा-बलम् महा-मतिम् महा-उत्साहम् महा-कायम् महा-भुजम् तम् समीक्ष्य एव ते सर्वे दिक्षु सर्वासु अवस्थिताः .","ततः स्व-तेजः-रश्मि-मालिनम् तोरण-स्थम् महा-वेगम् महा-सत्त्वम् महा-बलम् महा-मतिम् महा-उत्साहम् महा-कायम् महा-भुजम् तम् तु समीक्ष्य एव ते सर्वे दिक्षु सर्वासु अवस्थिताः . ददृशुः वीराः दीप्यमानम् महा-कपिम् रश्मिमन्तम् इव उद्यन्तम्","ततस्तु ददृशुर्वीरा दीप्यमानं महाकपिम्। रश्मिमन्तमिवोद्यन्तं स्वतेजोरश्मिमालिनम्। तोरणस्थं महावेगं महासत्त्वं महाबलम्। महामतिं महोत्साहं महाकायं महाभुजम्। तं समीक्ष्यैव ते सर्वे दिक्षु सर्वास्ववस्थिताः॥ २१॥"
"तैः तैः प्रहरणैः भीमैः अभिपेतुः ततः ततः .; तस्य पञ्च-आयसाः तीक्ष्णाः सिताः पीत-मुखाः शराः शिरसि उत्पल-पत्र-आभाः दुर्धरेण निपातिताः","तैः तैः प्रहरणैः भीमैः अभिपेतुः ततः ततः .; तस्य निपातिताः पञ्च-आयसाः तीक्ष्णाः सिताः पीत-मुखाः शराः शिरसि उत्पल-पत्र-आभाः दुर्धरेण","  तैस्तैः प्रहरणैर्भीमैरभिपेतुस्ततस्ततः# तस्य पञ्चायसास्तीक्ष्णाः सिताः पीतमुखाः शराः। शिरस्युत्पलपत्राभा दुर्धरेण निपातिताः"
"सः तैः पञ्चभिः आविद्धः शरैः शिरसि वानरः उत्पपात नदन् व्योम्नि दिशः दश विनादयन् .","सः व्योम्नि दिशः दश विनादयन् . तैः पञ्चभिः आविद्धः शरैः शिरसि वानरः उत्पपात नदन्","  स तैः पञ्चभिराविद्धः शरैः शिरसि वानरः। उत्पपात नदन् व्योम्नि दिशो दश विनादयन्॥ २३॥"
"ततः तु दुर्धरः वीरः स-रथः सज्ज-कार्मुकः किरन् शर-शतैः न-एकैः अभिपेदे महा-बलः .","ततः अभिपेदे महा-बलः . तु दुर्धरः वीरः स-रथः सज्ज-कार्मुकः किरन् शर-शतैः न-एकैः","ततस्तु दुर्धरो वीरः सरथः सज्जकार्मुकः। किरन् शरशतैर्नैकैरभिपेदे महाबलः॥ २४॥"
"सः कपिः वारयामास तम् व्योम्नि शर-वर्षिणम् वृष्टिमन्तम् पयोद-अन्ते पयो-दम् इव मारुतः .","सः इव मारुतः . कपिः वारयामास तम् व्योम्नि शर-वर्षिणम् वृष्टिमन्तम् पयोद-अन्ते पयो-दम्","  स कपिर्वारयामास तं व्योम्नि शरवर्षिणम्। वृष्टिमन्तं पयोदान्ते पयोदमिव मारुतः॥ २५॥"
"अर्द्यमानः ततः तेन दुर्धरेण अनिल-आत्मजः चकार निनदम् भूयः व्यवर्धत च वीर्यवान् .","अर्द्यमानः च वीर्यवान् . ततः तेन दुर्धरेण अनिल-आत्मजः चकार निनदम् भूयः व्यवर्धत","अर्द्यमानस्ततस्तेन दुर्धरेणानिलात्मजः। चकार निनदं भूयो व्यवर्धत च वीर्यवान्॥ २६॥"
"सः दूरम् सहसा उत्पत्य दुर्धरस्य रथे हरिः निपपात महा-वेगः विद्युत्-राशिः गिरौ इव .","सः विद्युत्-राशिः गिरौ इव . दूरम् सहसा उत्पत्य दुर्धरस्य रथे हरिः निपपात महा-वेगः","स दूरं सहसोत्पत्य दुर्धरस्य रथे हरिः। निपपात महावेगो विद्युद्राशिर्गिराविव॥ २७॥"
"ततः सः मथित-अष्ट-अश्वम् रथम् भग्न-अक्ष-कूबरम् विहाय न्यपतत् भूमौ दुर्धरः त्यक्त-जीवितः (अभवत्) (च)","ततः त्यक्त-जीवितः (अभवत्) (च) सः मथित-अष्ट-अश्वम् रथम् भग्न-अक्ष-कूबरम् विहाय न्यपतत् भूमौ दुर्धरः","ततः स मथिताष्टाश्वं रथं भग्नाक्षकूबरम्। विहाय न्यपतद् भूमौ दुर्धरस्त्यक्तजीवितः॥ २८॥"
"तम् विरूपाक्ष-यूपाक्षौ दृष्ट्वा निपतितम् भुवि तौ जात-रोषौ दुर्धर्षौ उत्पेततुः अरिन्-दमौ","तम् अरिन्-दमौ विरूपाक्ष-यूपाक्षौ दृष्ट्वा निपतितम् भुवि तौ जात-रोषौ दुर्धर्षौ उत्पेततुः","तं विरूपाक्षयूपाक्षौ दृष्ट्वा निपतितं भुवि। तौ जातरोषौ दुर्धर्षावुत्पेततुररिंदमौ॥ २९॥"
"सः ताभ्याम् सहसा उत्प्लुत्य विष्ठितः विमले अम्बरे मुद्गराभ्याम् महा-बाहुः वक्षसि अभिहतः कपिः .","सः वक्षसि अभिहतः कपिः . ताभ्याम् सहसा उत्प्लुत्य विष्ठितः विमले अम्बरे मुद्गराभ्याम् महा-बाहुः","  स ताभ्यां सहसोत्प्लुत्य विष्ठितो विमलेऽम्बरे। मुद‍्गराभ्यां महाबाहुर्वक्षस्यभिहतः कपिः॥ ३०॥"
"तयोः वेगवतोः वेगम् निहत्य सः महा-बलः निपपात पुनः भूमौ सुपर्णः इव वेगितः .","तयोः सुपर्णः इव वेगितः . वेगवतोः वेगम् निहत्य सः महा-बलः निपपात पुनः भूमौ","तयोर्वेगवतोर्वेगं निहत्य स महाबलः। निपपात पुनर्भूमौ सुपर्ण इव वेगितः॥ ३१॥"
"सः साल-वृक्षम् आसाद्य समुत्पाट्य च वानरः तौ उभौ राक्षसौ वीरौ जघान पवन-आत्मजः .","सः वीरौ जघान पवन-आत्मजः . साल-वृक्षम् आसाद्य समुत्पाट्य च वानरः तौ उभौ राक्षसौ","स सालवृक्षमासाद्य समुत्पाट्य च वानरः। तावुभौ राक्षसौ वीरौ जघान पवनात्मजः॥ ३२॥"
"ततः तान् त्रीन् हतान् ज्ञात्वा वानरेण तरस्विना अभिपेदे महा-वेगः प्रहस्य प्रघसः बली भासकर्णः च सङ्क्रुद्धः शूलम् आदाय वीर्यवान् एकतः कपि-शार्दूलम् यशस्विनम् अवस्थितौ .","ततः प्रहस्य प्रघसः बली भासकर्णः च सङ्क्रुद्धः शूलम् आदाय वीर्यवान् एकतः तान् कपि-शार्दूलम् यशस्विनम् अवस्थितौ . त्रीन् हतान् ज्ञात्वा वानरेण तरस्विना अभिपेदे महा-वेगः","ततस्तांस्त्रीन् हतान् ज्ञात्वा वानरेण तरस्विना। अभिपेदे महावेगः प्रहस्य प्रघसो बली। भासकर्णश्च संक्रुद्धः शूलमादाय वीर्यवान्। एकतः कपिशार्दूलं यशस्विनमवस्थितौ॥ ३४॥"
"पट्टिशेन शित-अग्रेण प्रघसः प्रत्यपोथयत् भासकर्णः च शूलेन राक्षसः कपि-कुञ्जरम् .","पट्टिशेन . शित-अग्रेण प्रघसः प्रत्यपोथयत् भासकर्णः च शूलेन राक्षसः कपि-कुञ्जरम्","  पट्टिशेन शिताग्रेण प्रघसः प्रत्यपोथयत्। भासकर्णश्च शूलेन राक्षसः कपिकुञ्जरम्॥ ३५॥"
"सः ताभ्याम् विक्षतैः गात्रैः असृग्-दिग्ध-तनू-रुहः अभवत् वानरः क्रुद्धः बाल-सूर्य-सम-प्रभः","सः ताभ्याम् विक्षतैः गात्रैः असृग्-दिग्ध-तनू-रुहः अभवत् वानरः क्रुद्धः बाल-सूर्य-सम-प्रभः","स ताभ्यां विक्षतैर्गात्रैरसृग्दिग्धतनूरुहः। अभवद् वानरः क्रुद्धो बालसूर्यसमप्रभः॥ ३६॥"
"समुत्पाट्य गिरेः शृङ्गम् स-मृग-व्याल-पादपम् जघान हनुमान् वीरः राक्षसौ कपि-कुञ्जरः .; गिरि-शृङ्ग-सु-निष्पिष्टौ तिलशः तौ बभूवतुः","समुत्पाट्य . गिरेः शृङ्गम् स-मृग-व्याल-पादपम् जघान हनुमान् वीरः राक्षसौ कपि-कुञ्जरः; गिरि-शृङ्ग-सु-निष्पिष्टौ तिलशः तौ बभूवतुः","समुत्पाट्य गिरेः शृङ्गं समृगव्यालपादपम्। जघान हनुमान् वीरो राक्षसौ कपिकुञ्जरः। गिरिशृङ्गसुनिष्पिष्टौ तिलशस्तौ बभूवतुः॥ ३७॥"
"ततः तेषु अवसन्नेषु सेना-पतिषु पञ्चसु बलम् तत्-अवशेषम् तु नाशयामास वानरः .","ततः वानरः . तेषु अवसन्नेषु सेना-पतिषु पञ्चसु बलम् तत्-अवशेषम् तु नाशयामास","ततस्तेष्ववसन्नेषु सेनापतिषु पञ्चसु। बलं तदवशेषं तु नाशयामास वानरः॥"
"अश्वैः अश्वान् गजैः नागान् योधैः योधान् रथैः रथान् सः कपिः नाशयामास सहस्र-अक्षः इव असुरान् .","अश्वैः कपिः नाशयामास सहस्र-अक्षः इव असुरान् . अश्वान् गजैः नागान् योधैः योधान् रथैः रथान् सः","अश्वैरश्वान् गजैर्नागान् योधैर्योधान् रथै रथान्। स कपिर्नाशयामास सहस्राक्ष इवासुरान्॥ ३९॥"
"हयैः नागैः तुरङ्गैः च भग्न-अक्षैः च महा-रथैः हतैः च राक्षसैः भूमिः रुद्ध-मार्गा समन्ततः (अभवत्)","हयैः राक्षसैः भूमिः रुद्ध-मार्गा समन्ततः (अभवत्) नागैः तुरङ्गैः च भग्न-अक्षैः च महा-रथैः हतैः च","हयैर्नागैस्तुरंगैश्च भग्नाक्षैश्च महारथैः। हतैश्च राक्षसैर्भूमी रुद्धमार्गा समन्ततः॥ ४०॥"
"ततः कपिः तान् ध्वजिनी-पतीन् रणे निहत्य वीरान् स-बलान् स-वाहनान् तथा एव वीरः परिगृह्य तोरणम् कृत-क्षणः कालः इव प्रजा-क्षये (अतिष्ठत्)","ततः तथा एव वीरः परिगृह्य तोरणम् कृत-क्षणः कालः इव प्रजा-क्षये (अतिष्ठत्) कपिः तान् ध्वजिनी-पतीन् रणे निहत्य वीरान् स-बलान् स-वाहनान्","ततः कपिस्तान् ध्वजिनीपतीन् रणे निहत्य वीरान् सबलान् सवाहनान्। तथैव वीरः परिगृह्य तोरणं कृतक्षणः काल इव प्रजाक्षये"
"सेना-पतीन् पञ्च सः तु प्रमापितान् हनूमता स-अनुचरान् स-वाहनान् निशम्य राजा समर-उद्धत-उन्मुखम् कुमारम् अ-क्षतम् प्रसमैक्षत अक्षम् .","सेना-पतीन् राजा समर-उद्धत-उन्मुखम् कुमारम् अ-क्षतम् प्रसमैक्षत अक्षम् . पञ्च सः तु प्रमापितान् हनूमता स-अनुचरान् स-वाहनान् निशम्य","सेनापतीन् पञ्च स तु प्रमापितान् हनूमता सानुचरान् सवाहनान्। निशम्य राजा समरोद्धतोन्मुखं कुमारमक्षं प्रसमैक्षताक्षतम्॥ १॥"
"सः तस्य दृष्टि-अर्पण-सम्प्रचोदितः प्रतापवान् काञ्चन-चित्र-कार्मुकः समुत्पपात अथ सदसि उदीरितः द्वि-जाति-मुख्यैः हविषा इव पावकः .","सः द्वि-जाति-मुख्यैः हविषा इव पावकः . तस्य दृष्टि-अर्पण-सम्प्रचोदितः प्रतापवान् काञ्चन-चित्र-कार्मुकः समुत्पपात अथ सदसि उदीरितः","  स तस्य दृष्ट्यर्पणसम्प्रचोदितः प्रतापवान् काञ्चनचित्रकार्मुकः। समुत्पपाताथ सदस्युदीरितो द्विजातिमुख्यैर्हविषेव पावकः॥ २॥"
"ततः महान् बाल-दिव-आकर-प्रभम् प्रतप्त-जाम्बूनद-जाल-सन्ततम् रथम् समास्थाय ययौ सः वीर्यवान् महा-हरिम् तम् प्रति नैरृत-ऋषभः .","ततः महा-हरिम् तम् प्रति नैरृत-ऋषभः . महान् बाल-दिव-आकर-प्रभम् प्रतप्त-जाम्बूनद-जाल-सन्ततम् रथम् समास्थाय ययौ सः वीर्यवान्","ततो महान् बालदिवाकरप्रभं प्रतप्तजाम्बूनदजालसंततम्। रथं समास्थाय ययौ स वीर्यवान् महाहरिं तं प्रति नैर्ऋतर्षभः॥ ३॥"
"ततः तपः-सङ्ग्रह-सञ्चय-अर्जितम् प्रतप्त-जाम्बूनद-जाल-चित्रितम् पताकिनम् रत्न-विभूषित-ध्वजम् मनः-जव-अष्ट-अश्व-वरैः सु-योजितम् (रथम्) (आस्थितः)","ततः तपः-सङ्ग्रह-सञ्चय-अर्जितम् प्रतप्त-जाम्बूनद-जाल-चित्रितम् पताकिनम् रत्न-विभूषित-ध्वजम् मनः-जव-अष्ट-अश्व-वरैः सु-योजितम् (रथम्) (आस्थितः)","ततस्तपःसंग्रहसंचयार्जितं प्रतप्तजाम्बूनदजालचित्रितम्। पताकिनं रत्नविभूषितध्वजं मनोजवाष्टाश्ववरैः सुयोजितम्॥ ४॥"
"सुर-असुर-अ-धृष्यम् अ-सङ्ग-चारिणम् तडित्-प्रभम् व्योम-चरम् समाहितम् स-तूणम् अष्ट-असि-निबद्ध-बन्धुरम् यथाक्रम-आवेशित-शक्ति-तोमरम् (रथम्) (आस्थितः)","सुर-असुर-अ-धृष्यम् (रथम्) (आस्थितः) अ-सङ्ग-चारिणम् तडित्-प्रभम् व्योम-चरम् समाहितम् स-तूणम् अष्ट-असि-निबद्ध-बन्धुरम् यथाक्रम-आवेशित-शक्ति-तोमरम्","सुरासुराधृष्यमसङ्गचारिणं तडित्प्रभं व्योमचरं समाहितम्। सतूणमष्टासिनिबद्धबन्धुरं यथाक्रमावेशितशक्तितोमरम्॥ ५॥"
"विराजमानम् प्रति-पूर्ण-वस्तुना स-हेम-दाम्ना शशि-सूर्य-वर्चसा दिवाकर-आभम् रथम् आस्थितः ततः सः निर्जगाम अमर-तुल्य-विक्रमः .","विराजमानम् निर्जगाम अमर-तुल्य-विक्रमः . प्रति-पूर्ण-वस्तुना स-हेम-दाम्ना शशि-सूर्य-वर्चसा दिवाकर-आभम् रथम् आस्थितः ततः सः","विराजमानं प्रतिपूर्णवस्तुना सहेमदाम्ना शशिसूर्यवर्चसा। दिवाकराभं रथमास्थितस्ततः स निर्जगामामरतुल्यविक्रमः॥ ६॥"
"सः पूरयन् खम् च महीम् च स-अचलाम् तुरङ्ग-मातङ्ग-महा-रथ-स्वनैः बलैः समेतैः सह तोरण-स्थितम् समर्थम् आसीनम् उपागमत् कपिम् .","सः समेतैः सह तोरण-स्थितम् समर्थम् आसीनम् उपागमत् कपिम् . पूरयन् खम् च महीम् च स-अचलाम् तुरङ्ग-मातङ्ग-महा-रथ-स्वनैः बलैः","स पूरयन् खं च महीं च साचलां तुरङ्गमातङ्गमहारथस्वनैः। बलैः समेतैः सहतोरणस्थितं समर्थमासीनमुपागमत् कपिम्॥ ७॥"
"सः तम् समासाद्य हरिम् हरि-ईक्षणः युग-अन्त-काल-अग्निम् इव प्रजा-क्षये अवस्थितम् विस्मित-जात-सम्भ्रमम् समैक्षत अक्षः बहु-मान-चक्षुषा .","सः विस्मित-जात-सम्भ्रमम् समैक्षत अक्षः बहु-मान-चक्षुषा . तम् समासाद्य हरिम् हरि-ईक्षणः युग-अन्त-काल-अग्निम् इव प्रजा-क्षये अवस्थितम्","स तं समासाद्य हरिं हरीक्षणो युगान्तकालाग्निमिव प्रजाक्षये। अवस्थितं विस्मितजातसम्भ्रमं समैक्षताक्षो बहुमानचक्षुषा॥ ८॥"
"सः तस्य वेगम् च कपेः महा-आत्मनः पराक्रमम् च अरिषु रावण-आत्मजः विचारयन् स्वम् च बलम् महा-बलः युग-क्षये सूर्यः इव अभिवर्धत .","सः रावण-आत्मजः विचारयन् स्वम् च बलम् महा-बलः युग-क्षये सूर्यः इव अभिवर्धत तस्य . वेगम् च कपेः महा-आत्मनः पराक्रमम् च अरिषु","स तस्य वेगं च कपेर्महात्मनः पराक्रमं चारिषु रावणात्मजः। विचारयन् स्वं च बलं महाबलो युगक्षये सूर्य इवाभिवर्धत॥ ९॥"
"सः जात-मन्युः प्रसमीक्ष्य विक्रमम् स्थितः स्थिरः संयति दुर्-निवारणम् समाहित-आत्मा हनुमन्तम् आहवे प्रचोदयामास शितैः शरैः त्रिभिः .","सः हनुमन्तम् आहवे प्रचोदयामास शितैः शरैः त्रिभिः . जात-मन्युः प्रसमीक्ष्य विक्रमम् स्थितः स्थिरः संयति दुर्-निवारणम् समाहित-आत्मा","स जातमन्युः प्रसमीक्ष्य विक्रमं स्थितः स्थिरः संयति दुर्निवारणम्। समाहितात्मा हनुमन्तमाहवे प्रचोदयामास शितैः शरैस्त्रिभिः॥ १०॥"
"ततः कपिम् तम् प्रसमीक्ष्य गर्वितम् जित-श्रमम् शत्रु-पराजय-उचितम् अवैक्षत अक्षः समुदीर्ण-मानसम् स-बाण-पाणिः प्रगृहीत-कार्मुकः .","ततः समुदीर्ण-मानसम् स-बाण-पाणिः प्रगृहीत-कार्मुकः . कपिम् तम् प्रसमीक्ष्य गर्वितम् जित-श्रमम् शत्रु-पराजय-उचितम् अवैक्षत अक्षः","ततः कपिं तं प्रसमीक्ष्य गर्वितं जितश्रमं शत्रुपराजयोचितम्। अवैक्षताक्षः समुदीर्णमानसं सबाणपाणिः प्रगृहीतकार्मुकः॥ ११॥"
"सः हेम-निष्क-अङ्गद-चारु-कुण्डलः समाससाद आशु-पराक्रमः कपिम् तयोः बभूव अ-प्रतिमः समागमः सुर-असुराणाम् अपि सम्भ्रम-प्रदः .","सः सुर-असुराणाम् अपि सम्भ्रम-प्रदः . हेम-निष्क-अङ्गद-चारु-कुण्डलः समाससाद आशु-पराक्रमः कपिम् तयोः बभूव अ-प्रतिमः समागमः","स हेमनिष्काङ्गदचारुकुण्डलः समाससादाशुपराक्रमः कपिम्। तयोर्बभूवाप्रतिमः समागमः सुरासुराणामपि सम्भ्रमप्रदः॥ १२॥"
"ररास भूमिः न तताप भानुमान् ववौ न वायुः प्रचचाल च अचलः कपेः कुमारस्य च वीर्य-संयुगम् ननाद च द्यौः उदधिः च चुक्षुभे (अवलोक्य)","ररास च अचलः कपेः कुमारस्य च वीर्य-संयुगम् ननाद च द्यौः उदधिः भूमिः च चुक्षुभे (अवलोक्य) न तताप भानुमान् ववौ न वायुः प्रचचाल","ररास भूमिर्न तताप भानुमान्
ववौ न वायुः प्रचचाल चाचलः।
कपेः कुमारस्य च वीर्यसंयुगं
ननाद च द्यौरुदधिश्च चुक्षुभे॥ १३॥
"
"सः तस्य वीरः सु-मुखान् पतत्रिणः सुवर्ण-पुङ्खान् स-विषान् इव उरगान् समाधि-संयोग-विमोक्ष-तत्त्ववित् शरान् अथ त्रीन् कपि-मूर्ध्नि अताडयत् .","सः समाधि-संयोग-विमोक्ष-तत्त्ववित् शरान् अथ त्रीन् कपि-मूर्ध्नि अताडयत् . तस्य वीरः सु-मुखान् पतत्रिणः सुवर्ण-पुङ्खान् स-विषान् इव उरगान्","स तस्य वीरः सुमुखान् पतत्रिणः सुवर्णपुङ्खान् सविषानिवोरगान्। समाधिसंयोगविमोक्षतत्त्ववि- च्छरानथ त्रीन् कपिमूर्ध्न्यताडयत्॥ १४॥"
"सः तैः शरैः मूर्ध्नि समम् निपातितैः क्षरन्-असृक्-दिग्ध-विवृत्त-नेत्रः नव-उदित-आदित्य-निभः शरांशुमान् व्यराजत आदित्यः इव अंशुमालिकः","सः शरांशुमान् व्यराजत आदित्यः इव अंशुमालिकः तैः शरैः मूर्ध्नि समम् निपातितैः क्षरन्-असृक्-दिग्ध-विवृत्त-नेत्रः नव-उदित-आदित्य-निभः","स तैः शरैर्मूर्ध्नि समं निपातितैः क्षरन्नसृग्दिग्धविवृत्तनेत्रः। नवोदितादित्यनिभः शरांशुमान् व्यराजतादित्य इवांशुमालिकः॥ १५॥"
"ततः प्लवङ्ग-अधिप-मन्त्रि-सत्तमः समीक्ष्य तम् राज-वर-आत्मजम् रणे उदग्र-चित्र-आयुध-चित्र-कार्मुकम् जहर्ष च अपूर्यत च आहव-उन्मुखः .","ततः अपूर्यत च आहव-उन्मुखः . प्लवङ्ग-अधिप-मन्त्रि-सत्तमः समीक्ष्य तम् राज-वर-आत्मजम् रणे उदग्र-चित्र-आयुध-चित्र-कार्मुकम् जहर्ष च","ततः प्लवङ्गाधिपमन्त्रिसत्तमः समीक्ष्य तं राजवरात्मजं रणे। उदग्रचित्रायुधचित्रकार्मुकं जहर्ष चापूर्यत चाहवोन्मुखः॥ १६॥"
"सः मन्दर-अग्र-स्थः इव अंशुमाली विवृद्ध-कोपः बल-वीर्य-संवृतः कुमारम् अक्षम् स-बलम् स-वाहनम् ददाह नेत्र-अग्नि-मरीचिभिः तदा .","सः स-वाहनम् ददाह नेत्र-अग्नि-मरीचिभिः तदा . मन्दर-अग्र-स्थः इव अंशुमाली विवृद्ध-कोपः बल-वीर्य-संवृतः कुमारम् अक्षम् स-बलम्","स मन्दराग्रस्थ इवांशुमाली विवृद्धकोपो बलवीर्यसंवृतः। कुमारमक्षं सबलं सवाहनं ददाह नेत्राग्निमरीचिभिस्तदा"
"ततः सः बाण-आसन-शक्र-कार्मुकः शर-प्रवर्षः युधि राक्षस-अम्बु-दः शरान् मुमोच आशु हरि-ईश्वर-अचले बलाहकः वृष्टिम् इव अचल-उत्तमे .","ततः हरि-ईश्वर-अचले बलाहकः वृष्टिम् इव अचल-उत्तमे . सः बाण-आसन-शक्र-कार्मुकः शर-प्रवर्षः युधि राक्षस-अम्बु-दः शरान् मुमोच आशु","ततः स बाणासनशक्रकार्मुकः शरप्रवर्षो युधि राक्षसाम्बुदः। शरान् मुमोचाशु हरीश्वराचले बलाहको वृष्टिमिवाचलोत्तमे"
"कपिः ततः तम् रण-चण्ड-विक्रमम् प्रवृद्ध-तेजः-बल-वीर्य-सायकम् कुमारम् अक्षम् प्रसमीक्ष्य संयुगे ननाद हर्षात् घन-तुल्य-निःस्वनः .","कपिः ननाद हर्षात् घन-तुल्य-निःस्वनः . ततः तम् रण-चण्ड-विक्रमम् प्रवृद्ध-तेजः-बल-वीर्य-सायकम् कुमारम् अक्षम् प्रसमीक्ष्य संयुगे","  कपिस्ततस्तं रणचण्डविक्रमं प्रवृद्धतेजोबलवीर्यसायकम्। कुमारमक्षं प्रसमीक्ष्य संयुगे ननाद हर्षाद् घनतुल्यनिःस्वनः॥ १९॥"
"सः बाल-भावात् युधि वीर्य-दर्पितः प्रवृद्ध-मन्युः क्षतज-उपम-ईक्षणः समाससाद अ-प्रतिमम् रणे कपिम् गजः महा-कूपम् इव आवृतम् तृणैः .","सः कपिम् गजः महा-कूपम् इव आवृतम् तृणैः . बाल-भावात् युधि वीर्य-दर्पितः प्रवृद्ध-मन्युः क्षतज-उपम-ईक्षणः समाससाद अ-प्रतिमम् रणे","  स बालभावाद् युधि वीर्यदर्पितः प्रवृद्धमन्युः क्षतजोपमेक्षणः। समाससादाप्रतिमं रणे कपिं गजो महाकूपमिवावृतं तृणैः॥ २०॥"
"सः तेन बाणैः प्रसभम् निपातितैः चकार नादम् घन-नाद-निःस्वनः समुत्सहेन आशु नभः समारुजन् भुज-उरु-विक्षेपण-घोर-दर्शनः .","सः आशु नभः समारुजन् भुज-उरु-विक्षेपण-घोर-दर्शनः . तेन बाणैः प्रसभम् निपातितैः चकार नादम् घन-नाद-निःस्वनः समुत्सहेन","स तेन बाणैः प्रसभं निपातितैश्चकार नादं घननादनिःस्वनः। समुत्सहेनाशु नभः समारुजन् भुजोरुविक्षेपणघोरदर्शनः॥ २१॥"
"तम् उत्पतन्तम् समभिद्रवत् बली सः राक्षसानाम् प्रवरः प्रतापवान् रथी रथि-श्रेष्ठतरः किरन् शरैः पयः-धरः शैलम् इव अश्म-वृष्टिभिः .","तम् रथि-श्रेष्ठतरः किरन् शरैः पयः-धरः शैलम् इव अश्म-वृष्टिभिः . उत्पतन्तम् समभिद्रवत् बली सः राक्षसानाम् प्रवरः प्रतापवान् रथी","तमुत्पतन्तं समभिद्रवद् बली स राक्षसानां प्रवरः प्रतापवान्। रथी रथश्रेष्ठतरः किरन् शरैः पयोधरः शैलमिवाश्मवृष्टिभिः॥ २२॥"
"सः तान् शरान् तस्य हरिः विमोक्षयन् चचार वीरः पथि वायु-सेविते शर-अन्तरे मारुतवत् विनिष्पतन् मनो-जवः संयति भीम-विक्रमः .","सः वायु-सेविते शर-अन्तरे मारुतवत् विनिष्पतन् मनो-जवः संयति भीम-विक्रमः . तान् शरान् तस्य हरिः विमोक्षयन् चचार वीरः पथि","स ताञ्छरांस्तस्य हरिर्विमोक्षयंश्चचार वीरः पथि वायुसेविते। शरान्तरे मारुतवद् विनिष्पतन् मनोजवः संयति भीमविक्रमः॥ २३॥"
"तम् आत्त-बाण-आसनम् आहव-उन्मुखम् खम् आस्तृणन्तम् विविधैः शर-उत्तमैः अवैक्षत अक्षम् बहु-मान-चक्षुषा जगाम चिन्ताम् सः च मारुत-आत्मजः .","तम् बहु-मान-चक्षुषा जगाम चिन्ताम् सः च मारुत-आत्मजः . आत्त-बाण-आसनम् आहव-उन्मुखम् खम् आस्तृणन्तम् विविधैः शर-उत्तमैः अवैक्षत अक्षम्","तमात्तबाणासनमाहवोन्मुखं खमास्तृणन्तं विविधैः शरोत्तमैः। अवैक्षताक्षं बहुमानचक्षुषा जगाम चिन्तां स च मारुतात्मजः॥ २४॥"
"ततः शरैः भिन्न-भुज-अन्तरः कपिः कुमार-वर्येण महा-आत्मना नदन् महा-भुजः कर्म-विशेष-तत्त्व-वित् विचिन्तयामास रणे पराक्रमम् .","ततः विचिन्तयामास रणे पराक्रमम् . शरैः भिन्न-भुज-अन्तरः कपिः कुमार-वर्येण महा-आत्मना नदन् महा-भुजः कर्म-विशेष-तत्त्व-वित्","ततः शरैर्भिन्नभुजान्तरः कपिः कुमारवर्येण महात्मना नदन्। महाभुजः कर्मविशेषतत्त्वविद् विचिन्तयामास रणे पराक्रमम्॥ २५॥"
"अबालवत् बाल-दिवा-कर-प्रभः करोति अयम् कर्म महत् महा-बलः न च अस्य सर्व-आहव-कर्म-शालिनः प्रमापणे मे मतिः अत्र जायते .","अबालवत् अस्य सर्व-आहव-कर्म-शालिनः प्रमापणे मे मतिः अत्र जायते . बाल-दिवा-कर-प्रभः करोति अयम् कर्म महत् महा-बलः न च","  अबालवद् बालदिवाकरप्रभः करोत्ययं कर्म महन्महाबलः। न चास्य सर्वाहवकर्मशालिनः प्रमापणे मे मतिरत्र जायते॥ २६॥"
"अयम् महा-आत्मा च महान् च वीर्यतः समाहितः च अति-सहः च संयुगे असंशयम् कर्म-गुण-उदयात् अयम् स-नाग-यक्षैः मुनिभिः च पूजितः .","अयम् च संयुगे असंशयम् कर्म-गुण-उदयात् अयम् स-नाग-यक्षैः मुनिभिः च पूजितः . महा-आत्मा च महान् च वीर्यतः समाहितः च अति-सहः","अयं महात्मा च महांश्च वीर्यतः समाहितश्चातिसहश्च संयुगे। असंशयं कर्मगुणोदयादयं सनागयक्षैर्मुनिभिश्च पूजितः॥ २७॥"
"पराक्रम-उत्साह-विवृद्ध-मानसः समीक्षते माम् प्रमुखः अग्रतः स्थितः; पराक्रमः हि अस्य मनांसि कम्पयेत् सुर-असुराणाम् अपि शीघ्रकारिणः","पराक्रम-उत्साह-विवृद्ध-मानसः समीक्षते माम् प्रमुखः अग्रतः स्थितः; मनांसि कम्पयेत् सुर-असुराणाम् अपि शीघ्रकारिणः पराक्रमः हि अस्य","  पराक्रमोत्साहविवृद्धमानसः समीक्षते मां प्रमुखोऽग्रतः स्थितः। पराक्रमो ह्यस्य मनांसि कम्पयेत् सुरासुराणामपि शीघ्रकारिणः॥ २८॥"
"न खलु अयम् न अभिभवेत् उपेक्षितः पराक्रमः हि अस्य रणे विवर्धते प्रमापणम् हि अस्य मम अद्य रोचते न वर्धमानः अग्निः उपेक्षितुम् क्षमः (भवति) (अतः) (यतः) (ततः)","न रणे विवर्धते प्रमापणम् हि अस्य मम अद्य रोचते न वर्धमानः खलु अग्निः उपेक्षितुम् क्षमः (भवति) (अतः) (यतः) (ततः) अयम् न अभिभवेत् उपेक्षितः पराक्रमः हि अस्य","न खल्वयं नाभिभवेदुपेक्षितः पराक्रमो ह्यस्य रणे विवर्धते। प्रमापणं ह्यस्य ममाद्य रोचते न वर्धमानोऽग्निरुपेक्षितुं क्षमः॥ २९॥"
"इति प्रवेगम् तु परस्य तर्कयन् स्व-कर्म-योगम् च विधाय वीर्यवान् चकार वेगम् तु महा-बलः तदा मतिम् च चक्रे अस्य वधे तदानीम् .","इति चकार वेगम् तु महा-बलः तदा मतिम् च चक्रे अस्य वधे प्रवेगम् तदानीम् . तु परस्य तर्कयन् स्व-कर्म-योगम् च विधाय वीर्यवान्","इति प्रवेगं तु परस्य तर्कयन् स्वकर्मयोगं च विधाय वीर्यवान्। चकार वेगं तु महाबलस्तदा मतिं च चक्रेऽस्य वधे तदानीम्॥ ३०॥"
"सः तस्य तान् अष्ट वरान् महा-हयान् समाहितान् भार-सहान् विवर्तने जघान वीरः पथि वायु-सेविते तल-प्रहारैः पवन-आत्मजः कपिः .","सः जघान वीरः पथि वायु-सेविते तल-प्रहारैः पवन-आत्मजः कपिः . तस्य तान् अष्ट वरान् महा-हयान् समाहितान् भार-सहान् विवर्तने","स तस्य तानष्ट वरान् महाहयान् समाहितान् भारसहान् विवर्तने। जघान वीरः पथि वायुसेविते तलप्रहारैः पवनात्मजः कपिः॥ ३१॥"
"ततः तलेन अभिहतः महा-रथः सः तस्य पिङ्ग-अधिप-मन्त्रि-निर्जितः सः भग्न-नीडः परिवृत्त-कूबरः पपात भूमौ हत-वाजिः अम्बरात् .","ततः परिवृत्त-कूबरः पपात भूमौ हत-वाजिः अम्बरात् . तलेन अभिहतः महा-रथः सः तस्य पिङ्ग-अधिप-मन्त्रि-निर्जितः सः भग्न-नीडः","ततस्तलेनाभिहतो महारथः स तस्य पिङ्गाधिपमन्त्रिनिर्जितः। स भग्ननीडः परिवृत्तकूबरः पपात भूमौ हतवाजिरम्बरात्॥ ३२॥"
"सः तम् परित्यज्य महा-रथः रथम् स-कार्मुकः खड्ग-धरः खम् उत्पतन् ततः अभियोगात् ऋषिः उग्रवीर्यवान् विहाय देहम् मरुताम् इव आलयम् (बभूव)","सः ततः अभियोगात् ऋषिः उग्रवीर्यवान् विहाय देहम् मरुताम् इव आलयम् (बभूव) तम् परित्यज्य महा-रथः रथम् स-कार्मुकः खड्ग-धरः खम् उत्पतन्","स तं परित्यज्य महारथो रथं सकार्मुकः खड्गधरः खमुत्पतन्। ततोऽभियोगादृषिरुग्रवीर्यवान् विहाय देहं मरुतामिवालयम्॥ ३३॥"
"कपिः ततः तम् विचरन्तम् अम्बरे पतत्त्रि-राज-अनिल-सिद्ध-सेविते समेत्य तम् मारुत-वेग-विक्रमः क्रमेण जग्राह च पादयोः दृढम् .","कपिः क्रमेण जग्राह च पादयोः दृढम् . ततः तम् विचरन्तम् अम्बरे पतत्त्रि-राज-अनिल-सिद्ध-सेविते समेत्य तम् मारुत-वेग-विक्रमः","कपिस्ततस्तं विचरन्तमम्बरे पतत्त्रिराजानिलसिद्धसेविते। समेत्य तं मारुतवेगविक्रमः क्रमेण जग्राह च पादयोर्दृढम्॥ ३४॥"
"सः तम् समाविध्य सहस्रशः कपिः महा-उरगम् गृह्य इव अण्डज-ईश्वरः मुमोच वेगात् पितृ-तुल्य-विक्रमः मही-तले संयति वानर-उत्तमः .","सः मुमोच वेगात् पितृ-तुल्य-विक्रमः मही-तले संयति वानर-उत्तमः . तम् समाविध्य सहस्रशः कपिः महा-उरगम् गृह्य इव अण्डज-ईश्वरः","स तं समाविध्य सहस्रशः कपिर्महोरगं गृह्य इवाण्डजेश्वरः। मुमोच वेगात् पितृतुल्यविक्रमो महीतले संयति वानरोत्तमः॥ ३५॥"
"सः भग्न-बाहु-ऊरु-कटी-पयः-धरः क्षरन्-असृक् निर्मथित-अस्थि-लोचनः सम्भिन्न-सन्धिः प्रविकीर्ण-बन्धनः हतः क्षितौ वायु-सुतेन राक्षसः (पपात)","सः राक्षसः (पपात) भग्न-बाहु-ऊरु-कटी-पयः-धरः क्षरन्-असृक् निर्मथित-अस्थि-लोचनः सम्भिन्न-सन्धिः प्रविकीर्ण-बन्धनः हतः क्षितौ वायु-सुतेन","स भग्नबाहूरुकटीपयोधरः क्षरन्नसृङ्‍‍‍‍निर्मथितास्थिलोचनः। सम्भिन्नसंधिः प्रविकीर्णबन्धनो हतः क्षितौ वायुसुतेन राक्षसः॥ ३६॥"
"महा-कपिः भूमि-तले निपीड्य तम् चकार रक्षः-अधिपतेः महत् भयम्; महर्षिभिः चक्र-चरैः समागतैः समेत्य भूतैः स-यक्ष-पन्नगैः सुरैः च स-इन्द्रैः भृश-जात-विस्मयैः हते कुमारे सः कपिः निरीक्षितः .","महा-कपिः भूमि-तले निपीड्य तम् चकार रक्षः-अधिपतेः महत् भयम्; चक्र-चरैः समागतैः समेत्य भूतैः स-यक्ष-पन्नगैः सुरैः च स-इन्द्रैः भृश-जात-विस्मयैः हते कुमारे सः कपिः निरीक्षितः . महर्षिभिः","महाकपिर्भूमितले निपीड्य तं चकार रक्षोऽधिपतेर्महद्भयम्। महर्षिभिश्चक्रचरैः समागतैः समेत्य भूतैश्च सयक्षपन्नगैः। सुरैश्च सेन्द्रैर्भृशजातविस्मयैर्हते कुमारे स कपिर्निरीक्षितः॥ ३७॥"
"निहत्य तम् वज्रि-सुत-उपमम् रणे कुमारम् अक्षम् क्षत-ज-उपम-ईक्षणम् तत् एव वीरः अभिजगाम तोरणम् कृत-क्षणः कालः इव प्रजा-क्षये .","निहत्य वीरः अभिजगाम तोरणम् कृत-क्षणः कालः इव प्रजा-क्षये . तम् वज्रि-सुत-उपमम् रणे कुमारम् अक्षम् क्षत-ज-उपम-ईक्षणम् तत् एव","निहत्य तं वज्रिसुतोपमं रणे कुमारमक्षं क्षतजोपमेक्षणम्। तदेव वीरोऽभिजगाम तोरणं कृतक्षणः काल इव प्रजाक्षये॥ ३८॥"
"ततः तु रक्षः-अधिपतिः महा-आत्मा हनूमता अक्षे निहते कुमारे मनः समाधाय सः देवकल्पम् समादिदेश इन्द्र-जितम् स-रोषः","ततः समाधाय सः देवकल्पम् समादिदेश इन्द्र-जितम् स-रोषः तु रक्षः-अधिपतिः महा-आत्मा हनूमता अक्षे निहते कुमारे मनः","ततस्तु रक्षोऽधिपतिर्महात्मा हनूमताक्षे निहते कुमारे। मनः समाधाय स देवकल्पं समादिदेशेन्द्रजितं सरोषः॥ १॥"
"त्वम् अस्त्र-वित् शस्त्र-भृताम् वरिष्ठः सुर-असुराणाम् अपि शोक-दाता सुरेषु स-इन्द्रेषु च दृष्ट-कर्मा पितामह-आराधन-सञ्चित-अस्त्रः (असि) .","त्वम् च दृष्ट-कर्मा पितामह-आराधन-सञ्चित-अस्त्रः (असि) . अस्त्र-वित् शस्त्र-भृताम् वरिष्ठः सुर-असुराणाम् अपि शोक-दाता सुरेषु स-इन्द्रेषु","त्वमस्त्रविच्छस्त्रभृतां वरिष्ठः सुरासुराणामपि शोकदाता। सुरेषु सेन्द्रेषु च दृष्टकर्मा पितामहाराधनसंचितास्त्रः॥ २॥"
"त्वत्-अस्त्र-बलम् आसाद्य स-सुराः स-मरुद्-गणाः न शेकुः समरे स्थातुम् सुर-ईश्वर-समाश्रिताः .","त्वत्-अस्त्र-बलम् . आसाद्य स-सुराः स-मरुद्-गणाः न शेकुः समरे स्थातुम् सुर-ईश्वर-समाश्रिताः","  त्वदस्त्रबलमासाद्य ससुराः समरुद‍्गणाः। न शेकुः समरे स्थातुं सुरेश्वरसमाश्रिताः॥ ३॥"
"न कश्चित् त्रिषु लोकेषु संयुगेन गत-श्रमः भुज-वीर्य-अभिगुप्तः च तपसा च अभिरक्षितः देश_काल-प्रधानः च त्वम् एव मति-सत्तमः असि यथा (तथा) {अस्ति}","न च अभिरक्षितः देश_काल-प्रधानः च त्वम् एव मति-सत्तमः असि यथा (तथा) कश्चित् {अस्ति} त्रिषु लोकेषु संयुगेन गत-श्रमः भुज-वीर्य-अभिगुप्तः च तपसा","  न कश्चित् त्रिषु लोकेषु संयुगेन गतश्रमः। भुजवीर्याभिगुप्तश्च तपसा चाभिरक्षितः। देशकालप्रधानश्च त्वमेव मतिसत्तमः॥ ४॥"
"न ते अस्ति अ-शक्यम् समरेषु; कर्मणाम् न ते अस्ति अ-कार्यम् मति-पूर्व-मन्त्रणे; न (सः) अस्ति कश्चित् त्रिषु सङ्ग्रहेषु न वेद यः ते अस्त्र-बलम् बलम् च .","न ते अस्ति अ-शक्यम् समरेषु; अ-कार्यम् मति-पूर्व-मन्त्रणे कर्मणाम् न ते अस्ति; न (सः) अस्ति कश्चित् त्रिषु सङ्ग्रहेषु न वेद यः ते अस्त्र-बलम् बलम् च .","  न तेऽस्त्यशक्यं समरेषु कर्मणां न तेऽस्त्यकार्यं मतिपूर्वमन्त्रणे। न सोऽस्ति कश्चित् त्रिषु संग्रहेषु न वेद यस्तेऽस्त्रबलं बलं च॥ ५॥"
"मम अनुरूपम् तपसः बलम् च ते पराक्रमः च अस्त्र-बलम् च संयुगे न त्वाम् समासाद्य रण-अवमर्दे मनः श्रमम् गच्छति निश्चित-अर्थम् (अस्ति) (अतः)","मम च संयुगे न त्वाम् समासाद्य रण-अवमर्दे मनः श्रमम् गच्छति अनुरूपम् निश्चित-अर्थम् (अस्ति) (अतः) तपसः बलम् च ते पराक्रमः च अस्त्र-बलम्","  ममानुरूपं तपसो बलं च ते पराक्रमश्चास्त्रबलं च संयुगे। न त्वां समासाद्य रणावमर्दे मनः श्रमं गच्छति निश्चितार्थम्॥ ६॥"
"निहताः किङ्कराः सर्वे जम्बुमाली च राक्षसः अमात्य-पुत्राः वीराः च पञ्च सेना-अग्रगामिनः .","निहताः पञ्च सेना-अग्रगामिनः . किङ्कराः सर्वे जम्बुमाली च राक्षसः अमात्य-पुत्राः वीराः च","  निहताः किंकराः सर्वे जम्बुमाली च राक्षसः। अमात्यपुत्रा वीराश्च पञ्च सेनाग्रगामिनः॥ ७॥"
"बलानि सु-समृद्धानि स-अश्व-नाग-रथानि च सह-उदरः ते दयितः कुमारः अक्षः च सूदितः न तु तेषु एव मे सारः यः त्वयि अरि-निषूदन (अस्ति) (अस्ति) (सः)","बलानि च सूदितः न तु तेषु एव मे सारः यः त्वयि सु-समृद्धानि अरि-निषूदन (अस्ति) (अस्ति) (सः) स-अश्व-नाग-रथानि च सह-उदरः ते दयितः कुमारः अक्षः","बलानि सुसमृद्धानि साश्वनागरथानि च। सहोदरस्ते दयितः कुमारोऽक्षश्च सूदितः। न तु तेष्वेव मे सारो यस्त्वय्यरिनिषूदन॥ ८॥"
"इदम् च दृष्ट्वा निहतम् महत् बलम् कपेः प्रभावम् च पराक्रमम् च त्वम् आत्मनः च अपि निरीक्ष्य सारम् कुरुष्व वेगम् स्व-बल-अनुरूपम् .","इदम् पराक्रमम् च त्वम् आत्मनः च अपि निरीक्ष्य सारम् कुरुष्व वेगम् च स्व-बल-अनुरूपम् . दृष्ट्वा निहतम् महत् बलम् कपेः प्रभावम् च","  इदं च दृष्ट्वा निहतं महद् बलं कपेः प्रभावं च पराक्रमं च। त्वमात्मनश्चापि निरीक्ष्य सारं कुरुष्व वेगं स्वबलानुरूपम्॥ ९॥"
"बल-अवमर्दः त्वयि सन्निकृष्टे यथा गते शाम्यति शान्त-शत्रौ तथा समीक्ष्य आत्म-बलम् परम् च समारभस्व अस्त्र-भृताम् वरिष्ठ .","बल-अवमर्दः आत्म-बलम् परम् च समारभस्व अस्त्र-भृताम् वरिष्ठ . त्वयि सन्निकृष्टे यथा गते शाम्यति शान्त-शत्रौ तथा समीक्ष्य","बलावमर्दस्त्वयि संनिकृष्टे यथा गते शाम्यति शान्तशत्रौ। तथा समीक्ष्यात्मबलं परं च समारभस्वास्त्रभृतां वरिष्ठ॥ १०॥"
"न वीर सेनाः गणशः च्यवन्ति न वज्रम् आदाय विश अल-सारम् (ग्राह्याः) (यतः) (अतः); न मारुतस्य अस्ति गति-प्रमाणम् न च अग्निकल्पः करणेन हन्तुम् (शक्यः) (यतः) (अतः)","न अल-सारम् वीर (ग्राह्याः) (यतः) (अतः) सेनाः गणशः च्यवन्ति न वज्रम् आदाय विश; न मारुतस्य अस्ति गति-प्रमाणम् न च अग्निकल्पः करणेन हन्तुम् (शक्यः) (यतः) (अतः)","न वीर सेना गणशो च्यवन्ति न वज्रमादाय विशालसारम्। न मारुतस्यास्ति गतिप्रमाणं न चाग्निकल्पः करणेन हन्तुम्॥ ११॥"
"तम् एवम् अर्थम् प्रसमीक्ष्य सम्यक् स्व-कर्म-साम्यात् हि समाहित-आत्मा स्मरन् च दिव्यम् धनुषः अस्य वीर्यम् व्रज अक्षतम् कर्म समारभस्व .","तम् च दिव्यम् धनुषः अस्य वीर्यम् व्रज अक्षतम् कर्म समारभस्व . एवम् अर्थम् प्रसमीक्ष्य सम्यक् स्व-कर्म-साम्यात् हि समाहित-आत्मा स्मरन्","  तमेवमर्थं प्रसमीक्ष्य सम्यक् स्वकर्मसाम्याद्धि समाहितात्मा। स्मरंश्च दिव्यं धनुषोऽस्य वीर्यं व्रजाक्षतं कर्म समारभस्व॥ १२॥"
"न खलु इयम् मति-श्रेष्ठ यत् त्वाम् सम्प्रेषयामि अहम् (सा) (मतिः) (उचिता) .; इयम् च राज-धर्माणाम् क्षत्रस्य च मतिः मता","न (सा) (मतिः) (उचिता) . खलु इयम् मति-श्रेष्ठ यत् त्वाम् सम्प्रेषयामि अहम्; च राज-धर्माणाम् क्षत्रस्य च मतिः मता इयम्","न खल्वियं मतिश्रेष्ठ यत्त्वां सम्प्रेषयाम्यहम्। इयं च राजधर्माणां क्षत्रस्य च मतिर्मता॥ १३॥"
"नाना-शस्त्रेषु सङ्ग्रामे वैशारद्यम् अरिन्-दम अवश्यम् एव बोद्धव्यम् काम्यः च विजयः रणे (येन) (तेन) .","नाना-शस्त्रेषु विजयः रणे (येन) (तेन) . सङ्ग्रामे वैशारद्यम् अरिन्-दम अवश्यम् एव बोद्धव्यम् काम्यः च","  नानाशस्त्रेषु संग्रामे वैशारद्यमरिंदम। अवश्यमेव बोद्धव्यं काम्यश्च विजयो रणे॥ १४॥"
"ततः पितुः तत् वचनम् निशम्य प्रदक्षिणम् दक्ष-सुत-प्रभावः चकार भर्तारम् अति-त्वरेण रणाय वीरः प्रतिपन्न-बुद्धिः (उद्दिश्य)","ततः अति-त्वरेण रणाय वीरः प्रतिपन्न-बुद्धिः (उद्दिश्य) पितुः तत् वचनम् निशम्य प्रदक्षिणम् दक्ष-सुत-प्रभावः चकार भर्तारम्","ततः पितुस्तद्वचनं निशम्य प्रदक्षिणं दक्षसुतप्रभावः। चकार भर्तारमतित्वरेण रणाय वीरः प्रतिपन्नबुद्धिः॥ १५॥"
"ततः तैः स्व-गणैः इष्टैः इन्द्र-जित् प्रतिपूजितः युद्ध-उद्धत-कृत-उत्साहः सङ्ग्रामम् सम्प्रपद्यत .","ततः . तैः स्व-गणैः इष्टैः इन्द्र-जित् प्रतिपूजितः युद्ध-उद्धत-कृत-उत्साहः सङ्ग्रामम् सम्प्रपद्यत","  ततस्तैः स्वगणैरिष्टैरिन्द्रजित् प्रतिपूजितः। युद्धोद्धतकृतोत्साहः संग्रामं सम्प्रपद्यत॥ १६॥"
"श्रीमान् पद्म-विशाल-अक्षः राक्षस-अधिपतेः सुतः निर्जगाम महा-तेजाः समुद्रः इव पर्वणि .","श्रीमान् . पद्म-विशाल-अक्षः राक्षस-अधिपतेः सुतः निर्जगाम महा-तेजाः समुद्रः इव पर्वणि","श्रीमान् पद्मविशालाक्षो राक्षसाधिपतेः सुतः। निर्जगाम महातेजाः समुद्र इव पर्वणि॥ १७॥"
"सः पक्षि-राज-उपम-तुल्य-वेगैः व्याघ्रैः चतुर्भिः सः तु तीक्ष्ण-दंष्ट्रैः रथम् समायुक्तम् अ-सह्य-वेगः समारुरोह इन्द्र-जित् इन्द्रकल्पः .","सः अ-सह्य-वेगः समारुरोह इन्द्र-जित् इन्द्रकल्पः . पक्षि-राज-उपम-तुल्य-वेगैः व्याघ्रैः चतुर्भिः सः तु तीक्ष्ण-दंष्ट्रैः रथम् समायुक्तम्","  स पक्षिराजोपमतुल्यवेगैर्व्याघ्रैश्चतुर्भिः स तु तीक्ष्णदंष्ट्रैः। रथं समायुक्तमसह्यवेगः समारुरोहेन्द्रजिदिन्द्रकल्पः॥ १८॥"
"सः रथी धन्विनाम् श्रेष्ठः शस्त्र-ज्ञः अस्त्र-विदाम् वरः रथेन अभिययौ क्षिप्रम् हनूमान् यत्र सः अभवत् (तत्र)","सः क्षिप्रम् हनूमान् यत्र सः अभवत् (तत्र) रथी धन्विनाम् श्रेष्ठः शस्त्र-ज्ञः अस्त्र-विदाम् वरः रथेन अभिययौ","स रथी धन्विनां श्रेष्ठः शस्त्रज्ञोऽस्त्रविदां वरः। रथेनाभिययौ क्षिप्रं हनूमान् यत्र सोऽभवत्॥ १९॥"
"सः तस्य रथ-निर्घोषम् ज्या-स्वनम् कार्मुकस्य च निशम्य हरि-वीरः असौ सम्प्रहृष्टतरः अभवत् .","सः सम्प्रहृष्टतरः अभवत् . तस्य रथ-निर्घोषम् ज्या-स्वनम् कार्मुकस्य च निशम्य हरि-वीरः असौ","स तस्य रथनिर्घोषं ज्यास्वनं कार्मुकस्य च। निशम्य हरिवीरोऽसौ सम्प्रहृष्टतरोऽभवत्॥ २०॥"
"इन्द्र-जित् चापम् आदाय शित-शल्यान् च सायकान् हनूमन्तम् अभिप्रेत्य जगाम रण-पण्डितः .","इन्द्र-जित् रण-पण्डितः . चापम् आदाय शित-शल्यान् च सायकान् हनूमन्तम् अभिप्रेत्य जगाम","इन्द्रजिच्चापमादाय शितशल्यांश्च सायकान्। हनूमन्तमभिप्रेत्य जगाम रणपण्डितः॥ २१॥"
"तस्मिन् ततः संयति जात-हर्षे रणाय निर्गच्छति बाण-पाणौ दिशः च सर्वाः कलुषाः बभूवुः मृगा च रौद्राः बहुधा विनेदुः .","तस्मिन् सर्वाः कलुषाः बभूवुः मृगा च रौद्राः बहुधा विनेदुः . ततः संयति जात-हर्षे रणाय निर्गच्छति बाण-पाणौ दिशः च","  तस्मिंस्ततः संयति जातहर्षे रणाय निर्गच्छति बाणपाणौ। दिशश्च सर्वाः कलुषा बभूवु- र्मृगाश्च रौद्रा बहुधा विनेदुः॥ २२॥"
"समागताः तत्र तु नाग-यक्षाः महर्षयः चक्र-चराः च सिद्धाः नभः समावृत्य च पक्षि-सङ्घाः विनेदुः उच्चैः परम-प्रहृष्टाः .","समागताः समावृत्य च पक्षि-सङ्घाः विनेदुः उच्चैः परम-प्रहृष्टाः . तत्र तु नाग-यक्षाः महर्षयः चक्र-चराः च सिद्धाः नभः","समागतास्तत्र तु नागयक्षा महर्षयश्चक्रचराश्च सिद्धाः। नभः समावृत्य च पक्षिसङ्घा विनेदुरुच्चैः परमप्रहृष्टाः॥ २३॥"
"आयान्तम् सः रथम् दृष्ट्वा तूर्णम् इन्द्र-ध्वजम् कपिः ननाद च महा-नादम् व्यवर्धत च वेगवान् .","आयान्तम् महा-नादम् व्यवर्धत च वेगवान् . सः रथम् दृष्ट्वा तूर्णम् इन्द्र-ध्वजम् कपिः ननाद च","आयान्तं स रथं दृष्ट्वा तूर्णमिन्द्रध्वजं कपिः। ननाद च महानादं व्यवर्धत च वेगवान्॥ २४॥"
"इन्द्र-जित् सः रथम् दिव्यम् आश्रितः चित्र-कार्मुकः धनुः विस्फारयामास तडित्-ऊर्जित-निःस्वनम् .","इन्द्र-जित् . सः रथम् दिव्यम् आश्रितः चित्र-कार्मुकः धनुः विस्फारयामास तडित्-ऊर्जित-निःस्वनम्","इन्द्रजित् स रथं दिव्यमाश्रितश्चित्रकार्मुकः। धनुर्विस्फारयामास तडिदूर्जितनिःस्वनम्॥ २५॥"
"ततः समेतौ अति-तीक्ष्ण-वेगौ महा-बलौ तौ रण-निर्-वि-शङ्कौ कपिः च रक्षः-अधिपतेः तनू-जः सुर-असुर-इन्द्रौ इव बद्ध-वैरौ","ततः तनू-जः सुर-असुर-इन्द्रौ इव बद्ध-वैरौ समेतौ अति-तीक्ष्ण-वेगौ महा-बलौ तौ रण-निर्-वि-शङ्कौ कपिः च रक्षः-अधिपतेः","ततः समेतावतितीक्ष्णवेगौ महाबलौ तौ रणनिर्विशङ्कौ। कपिश्च रक्षोऽधिपतेस्तनूजः सुरासुरेन्द्राविव बद्धवैरौ॥ २६॥"
"सः तस्य वीरस्य महा-रथस्य धनुष्मतः संयति सम्मतस्य शर-प्र-वेगम् व्यहनत् प्रवृद्धः चचार मार्गे पितुः अ-प्रमेयः (च)","सः प्रवृद्धः चचार मार्गे पितुः अ-प्रमेयः (च) तस्य वीरस्य महा-रथस्य धनुष्मतः संयति सम्मतस्य शर-प्र-वेगम् व्यहनत्","  स तस्य वीरस्य महारथस्य धनुष्मतः संयति सम्मतस्य। शरप्रवेगं व्यहनत् प्रवृद्ध- श्चचार मार्गे पितुरप्रमेयः॥ २७॥"
"ततः शरान् आयत-तीक्ष्ण-शल्यान् सु-पत्रिणः काञ्चन-चित्र-पुङ्खान् मुमोच वीरः पर-वीर-हन्ता सु-सन्ततान् वज्र-समान-वेगान् .","ततः वज्र-समान-वेगान् . शरान् आयत-तीक्ष्ण-शल्यान् सु-पत्रिणः काञ्चन-चित्र-पुङ्खान् मुमोच वीरः पर-वीर-हन्ता सु-सन्ततान्","ततः शरानायततीक्ष्णशल्यान् सुपत्रिणः काञ्चनचित्रपुङ्खान्। मुमोच वीरः परवीरहन्ता सुसंततान् वज्रसमानवेगान्॥ २८॥"
"ततः सः तत्-स्यन्दन-निःस्वनम् च मृदङ्ग-भेरी-पटह-स्वनम् च विकृष्यमाणस्य च कार्मुकस्य निशम्य घोषम् पुनः उत्पपात .","ततः निशम्य घोषम् पुनः उत्पपात . सः तत्-स्यन्दन-निःस्वनम् च मृदङ्ग-भेरी-पटह-स्वनम् च विकृष्यमाणस्य च कार्मुकस्य","ततः स तत्स्यन्दननिःस्वनं च मृदङ्गभेरीपटहस्वनं च। विकृष्यमाणस्य च कार्मुकस्य निशम्य घोषं पुनरुत्पपात॥ २९॥"
"शराणाम् अन्तरेषु आशु व्यावर्तत महा-कपिः हरिः तस्य अभि-लक्ष्यस्य मोक्षयन् लक्ष्य-सङ्ग्रहम् .","शराणाम् लक्ष्य-सङ्ग्रहम् . अन्तरेषु आशु व्यावर्तत महा-कपिः हरिः तस्य अभि-लक्ष्यस्य मोक्षयन्","शराणामन्तरेष्वाशु व्यावर्तत महाकपिः। हरिस्तस्याभिलक्ष्यस्य मोक्षयँल्लक्ष्यसंग्रहम्॥ ३०॥"
"शराणाम् अग्रतः तस्य पुनः समभिवर्तत प्रसार्य हस्तौ हनुमान् उत्पपात अनिल-आत्मजः (च)","शराणाम् अनिल-आत्मजः (च) अग्रतः तस्य पुनः समभिवर्तत प्रसार्य हस्तौ हनुमान् उत्पपात","शराणामग्रतस्तस्य पुनः समभिवर्तत। प्रसार्य हस्तौ हनुमानुत्पपातानिलात्मजः॥ ३१॥"
"तौ उभौ वेग-सम्पन्नौ रण-कर्म-विशारदौ सर्व-भूत-मनः-ग्राहि चक्रतुः युद्धम् उत्तमम् .","तौ उभौ वेग-सम्पन्नौ रण-कर्म-विशारदौ सर्व-भूत-मनः-ग्राहि चक्रतुः युद्धम् उत्तमम् .","तावुभौ वेगसम्पन्नौ रणकर्मविशारदौ। सर्वभूतमनोग्राहि चक्रतुर्युद्धमुत्तमम्॥ ३२॥"
"हनूमतः वेद न राक्षसः अन्तरम् न मारुतिः तस्य महा-आत्मनः अन्तरम् (च); परस्परम् निर्-वि-षहौ बभूवतुः समेत्य तौ देव-समान-विक्रमौ","हनूमतः अन्तरम् (च) वेद न राक्षसः अन्तरम् न मारुतिः तस्य महा-आत्मनः; परस्परम् निर्-वि-षहौ बभूवतुः समेत्य तौ देव-समान-विक्रमौ","हनूमतो वेद न राक्षसोऽन्तरं न मारुतिस्तस्य महात्मनोऽन्तरम्। परस्परं निर्विषहौ बभूवतुः समेत्य तौ देवसमानविक्रमौ॥ ३३॥"
"ततः तु लक्ष्ये सः विहन्यमाने शरेषु अमोघेषु च सम्पतत्सु जगाम चिन्ताम् महतीम् महा-आत्मा समाधि-संयोग-समाहित-आत्मा .","ततः जगाम चिन्ताम् महतीम् महा-आत्मा समाधि-संयोग-समाहित-आत्मा . तु लक्ष्ये सः विहन्यमाने शरेषु अमोघेषु च सम्पतत्सु","ततस्तु लक्ष्ये स विहन्यमाने शरेष्वमोघेषु च सम्पतत्सु। जगाम चिन्तां महतीं महात्मा समाधिसंयोगसमाहितात्मा॥ ३४॥"
"ततः मतिम् राक्षस-राज-सूनुः चकार तस्मिन् हरि-वीर-मुख्ये अवध्यताम् तस्य कपेः समीक्ष्य कथम् निगच्छेत् इति निग्रह-अर्थम् .","ततः समीक्ष्य कथम् निगच्छेत् इति निग्रह-अर्थम् . मतिम् राक्षस-राज-सूनुः चकार तस्मिन् हरि-वीर-मुख्ये अवध्यताम् तस्य कपेः","ततो मतिं राक्षसराजसूनुश्चकार तस्मिन् हरिवीरमुख्ये। अवध्यतां तस्य कपेः समीक्ष्य कथं निगच्छेदिति निग्रहार्थम्॥ ३५॥"
"ततः पैतामहम् वीरः सः अस्त्रम् अस्त्र-विदाम् वरः सन्दधे सु-महा-तेजाः तम् हरि-प्रवरम् प्रति .","ततः तम् हरि-प्रवरम् प्रति . पैतामहम् वीरः सः अस्त्रम् अस्त्र-विदाम् वरः सन्दधे सु-महा-तेजाः","  ततः पैतामहं वीरः सोऽस्त्रमस्त्रविदां वरः। संदधे सुमहातेजास्तं हरिप्रवरं प्रति॥ ३६॥"
"अवध्यः अयम् इति ज्ञात्वा तम् अस्त्रेण अस्त्र-तत्त्व-वित् निजग्राह महाबाहुम् मारुत-आत्मजम् इन्द्र-जित् (अस्ति)","अवध्यः मारुत-आत्मजम् इन्द्र-जित् (अस्ति) अयम् इति ज्ञात्वा तम् अस्त्रेण अस्त्र-तत्त्व-वित् निजग्राह महाबाहुम्","  अवध्योऽयमिति ज्ञात्वा तमस्त्रेणास्त्रतत्त्ववित्। निजग्राह महाबाहुं मारुतात्मजमिन्द्रजित्॥ ३७॥"
"तेन बद्धः ततः अस्त्रेण राक्षसेन सः वानरः अभवत् निर्-वि-चेष्टः च पपात च मही-तले .","तेन च पपात च मही-तले . बद्धः ततः अस्त्रेण राक्षसेन सः वानरः अभवत् निर्-वि-चेष्टः","तेन बद्धस्ततोऽस्त्रेण राक्षसेन स वानरः। अभवन्निर्विचेष्टश्च पपात च महीतले॥ ३८॥"
"ततः अथ बुद्ध्वा सः तत् अस्त्र-बन्धम् प्रभोः प्रभावात् विगत-अल्प-वेगः पितामह-अनुग्रहम् आत्मनः च विचिन्तयामास हरि-प्रवीरः .","ततः पितामह-अनुग्रहम् आत्मनः च विचिन्तयामास हरि-प्रवीरः . अथ बुद्ध्वा सः तत् अस्त्र-बन्धम् प्रभोः प्रभावात् विगत-अल्प-वेगः","ततोऽथ बुद्‍ध्वा स तदस्त्रबन्धं प्रभोः प्रभावाद् विगताल्पवेगः। पितामहानुग्रहमात्मनश्च विचिन्तयामास हरिप्रवीरः॥ ३९॥"
"ततः स्वायम्भुवैः मन्त्रैः ब्रह्म-अस्त्रम् च अभिमन्त्रितम् हनूमान् चिन्तयामास वर-दानम् पितामहात् (विज्ञाय) (लब्धम्)","ततः पितामहात् (विज्ञाय) (लब्धम्) स्वायम्भुवैः मन्त्रैः ब्रह्म-अस्त्रम् च अभिमन्त्रितम् हनूमान् चिन्तयामास वर-दानम्","  ततः स्वायम्भुवैर्मन्त्रैर्ब्रह्मास्त्रं चाभिमन्त्रितम्। हनूमांश्चिन्तयामास वरदानं पितामहात्॥ ४०॥"
"न मे अस्य बन्धस्य च शक्तिः अस्ति विमोक्षणे लोक-गुरोः प्रभावात् इति एवम् एवम् विहितः अस्त्र-बन्धः मया आत्म-योनेः अनुवर्तितव्यः (मत्वा)","न प्रभावात् इति एवम् एवम् विहितः अस्त्र-बन्धः मया आत्म-योनेः अनुवर्तितव्यः (मत्वा) मे अस्य बन्धस्य च शक्तिः अस्ति विमोक्षणे लोक-गुरोः","  न मेऽस्य बन्धस्य च शक्तिरस्ति विमोक्षणे लोकगुरोः प्रभावात्। इत्येवमेवं विहितोऽस्त्रबन्धो मयाऽऽत्मयोनेरनुवर्तितव्यः॥ ४१॥"
"सः वीर्यम् अस्त्रस्य कपिः विचार्य पितामह-अनुग्रहम् आत्मनः च विमोक्ष-शक्तिम् परिचिन्तयित्वा पितामह-आज्ञाम् अनुवर्तते स्म .","सः परिचिन्तयित्वा पितामह-आज्ञाम् अनुवर्तते स्म . वीर्यम् अस्त्रस्य कपिः विचार्य पितामह-अनुग्रहम् आत्मनः च विमोक्ष-शक्तिम्","  स वीर्यमस्त्रस्य कपिर्विचार्य पितामहानुग्रहमात्मनश्च। विमोक्षशक्तिं परिचिन्तयित्वा पितामहाज्ञामनुवर्तते स्म॥ ४२॥"
"अस्त्रेण अपि हि बद्धस्य भयम् मम न जायते पितामह-महेन्द्राभ्याम् रक्षितस्य अनिलेन च .","अस्त्रेण रक्षितस्य अनिलेन च . अपि हि बद्धस्य भयम् मम न जायते पितामह-महेन्द्राभ्याम्","अस्त्रेणापि हि बद्धस्य भयं मम न जायते। पितामहमहेन्द्राभ्यां रक्षितस्यानिलेन च॥ ४३॥"
"ग्रहणे च अपि रक्षोभिः महत् मे गुण-दर्शनम् राक्षस-इन्द्रेण संवादः तस्मात् गृह्णन्तु माम् परे (भवेत्) (अतः) (अस्ति)","ग्रहणे तस्मात् गृह्णन्तु माम् परे (भवेत्) (अतः) (अस्ति) च अपि रक्षोभिः महत् मे गुण-दर्शनम् राक्षस-इन्द्रेण संवादः","  ग्रहणे चापि रक्षोभिर्महन्मे गुणदर्शनम्। राक्षसेन्द्रेण संवादस्तस्माद् गृह्णन्तु मां परे॥ ४४॥"
"सः निश्चित-अर्थः पर-वीर-हन्ता समीक्ष्यकारी विनिवृत्त-चेष्टः परैः प्रसह्य अभिगतैः निगृह्य ननाद तैः तैः परिभर्त्स्यमानः","सः ननाद तैः तैः परिभर्त्स्यमानः निश्चित-अर्थः पर-वीर-हन्ता समीक्ष्यकारी विनिवृत्त-चेष्टः परैः प्रसह्य अभिगतैः निगृह्य","  स निश्चितार्थः परवीरहन्ता समीक्ष्यकारी विनिवृत्तचेष्टः। परैः प्रसह्याभिगतैर्निगृह्य ननाद तैस्तैः परिभर्त्स्यमानः॥ ४५॥"
"ततः ते राक्षसाः दृष्ट्वा वि-नि-चेष्टम् अरिन्-दमम् बबन्धुः शण-वल्कैः च द्रुम-चीरैः च संहतैः .","ततः द्रुम-चीरैः च संहतैः . ते राक्षसाः दृष्ट्वा वि-नि-चेष्टम् अरिन्-दमम् बबन्धुः शण-वल्कैः च","  ततस्ते राक्षसा दृष्ट्वा विनिश्चेष्टमरिंदमम्। बबन्धुः शणवल्कैश्च द्रुमचीरैश्च संहतैः॥ ४६॥"
"सः रोचयामास परैः च बन्धम् प्रसह्य वीरैः अभिगर्हणम् च कौतूहलात् माम् यदि राक्षस-इन्द्रः द्रष्टुम् व्यवस्येत् इति निश्चित-अर्थः (चिन्तयन्)","सः कौतूहलात् माम् यदि राक्षस-इन्द्रः द्रष्टुम् व्यवस्येत् इति निश्चित-अर्थः (चिन्तयन्) रोचयामास परैः च बन्धम् प्रसह्य वीरैः अभिगर्हणम् च","स रोचयामास परैश्च बन्धं प्रसह्य वीरैरभिगर्हणं च। कौतूहलान्मां यदि राक्षसेन्द्रो द्रष्टुं व्यवस्येदिति निश्चितार्थः॥ ४७॥"
"सः बद्धः तेन वल्केन विमुक्तः अस्त्रेण वीर्यवान् अस्त्र-बन्धः सः च अन्यम् हि न बन्धम् अनुवर्तते (अतः)","सः च अन्यम् हि न बन्धम् अनुवर्तते (अतः) बद्धः तेन वल्केन विमुक्तः अस्त्रेण वीर्यवान् अस्त्र-बन्धः सः","स बद्धस्तेन वल्केन विमुक्तोऽस्त्रेण वीर्यवान्। अस्त्रबन्धः स चान्यं हि न बन्धमनुवर्तते॥ ४८॥"
"अथ इन्द्रजित् तम् द्रुम-चीर-बद्धम् विचार्य वीरः कपि-सत्तमम् तम् विमुक्तम् अस्त्रेण जगाम चिन्ताम् अन्येन बद्धः अपि अनुवर्तते अस्त्रम् (इति)","अथ अस्त्रेण जगाम चिन्ताम् अन्येन बद्धः अपि अनुवर्तते अस्त्रम् (इति) इन्द्रजित् तम् द्रुम-चीर-बद्धम् विचार्य वीरः कपि-सत्तमम् तम् विमुक्तम्","अथेन्द्रजित् तं द्रुमचीरबद्धं विचार्य वीरः कपिसत्तमं तम्। विमुक्तमस्त्रेण जगाम चिन्तामन्येन बद्धोऽप्यनुवर्ततेऽस्त्रम्॥ ४९॥"
"अहो महत् कर्म कृतम् निर्-अर्थम् न राक्षसैः मन्त्र-गतिः विमृष्टा (यतः); पुनः च न अस्त्रे विहते अस्त्रम् अन्यत् प्रवर्तते संशयिताः स्म सर्वे (यतः)","अहो महत् (यतः) कर्म कृतम् निर्-अर्थम् न राक्षसैः मन्त्र-गतिः विमृष्टा; पुनः च न अस्त्रे विहते अस्त्रम् अन्यत् प्रवर्तते संशयिताः स्म सर्वे (यतः)","अहो महत् कर्म कृतं निरर्थं न राक्षसैर्मन्त्रगतिर्विमृष्टा। पुनश्च नास्त्रे विहतेऽस्त्रमन्यत् प्रवर्तते संशयिताः स्म सर्वे॥ ५०॥"
"अस्त्रेण हनुमान् मुक्तः न आत्मानम् अवबुध्यते कृष्यमाणः तु रक्षोभिः तैः च बन्धैः निपीडितः (अतः) (सः)","अस्त्रेण तैः च बन्धैः निपीडितः (अतः) (सः) हनुमान् मुक्तः न आत्मानम् अवबुध्यते कृष्यमाणः तु रक्षोभिः","  अस्त्रेण हनुमान् मुक्तो नात्मानमवबुध्यते। कृष्यमाणस्तु रक्षोभिस्तैश्च बन्धैर्निपीडितः॥ ५१॥"
"हन्यमानः ततः क्रूरैः राक्षसैः काल-मुष्टिभिः समीपम् राक्षस-इन्द्रस्य प्राकृष्यत सः वानरः .","हन्यमानः वानरः . ततः क्रूरैः राक्षसैः काल-मुष्टिभिः समीपम् राक्षस-इन्द्रस्य प्राकृष्यत सः","हन्यमानस्ततः क्रूरै राक्षसैः कालमुष्टिभिः। समीपं राक्षसेन्द्रस्य प्राकृष्यत स वानरः॥ ५२॥"
"अथ इन्द्रजित् तम् प्रसमीक्ष्य मुक्तम् अस्त्रेण बद्धम् द्रुम-चीर-सूत्रैः व्यदर्शयत् तत्र महा-बलम् तम् हरि-प्रवीरम् स-गणाय राज्ञे .","अथ तत्र महा-बलम् तम् हरि-प्रवीरम् स-गणाय राज्ञे . इन्द्रजित् तम् प्रसमीक्ष्य मुक्तम् अस्त्रेण बद्धम् द्रुम-चीर-सूत्रैः व्यदर्शयत्","  अथेन्द्रजित् तं प्रसमीक्ष्य मुक्तमस्त्रेण बद्धं द्रुमचीरसूत्रैः। व्यदर्शयत् तत्र महाबलं तं हरिप्रवीरं सगणाय राज्ञे॥ ५३॥"
"तम् मत्तम् इव मातङ्गम् बद्धम् कपि-वर-उत्तमम् राक्षसाः राक्षस-इन्द्राय रावणाय न्यवेदयन् .","तम् न्यवेदयन् . मत्तम् इव मातङ्गम् बद्धम् कपि-वर-उत्तमम् राक्षसाः राक्षस-इन्द्राय रावणाय","तं मत्तमिव मातङ्गं बद्धं कपिवरोत्तमम्। राक्षसा राक्षसेन्द्राय रावणाय न्यवेदयन्॥ ५४॥"
"कः अयम् कस्य कुतः वा अपि किम् कार्यम् कः अभि-उप-आश्रयः इति राक्षस-वीराणाम् दृष्ट्वा सञ्जज्ञिरे कथाः (अस्ति) (अस्य) (तम्)","कः अभि-उप-आश्रयः इति राक्षस-वीराणाम् दृष्ट्वा सञ्जज्ञिरे कथाः (अस्ति) (अस्य) (तम्) अयम् कस्य कुतः वा अपि किम् कार्यम् कः","  कोऽयं कस्य कुतो वापि किं कार्यं कोऽभ्युपाश्रयः। इति राक्षसवीराणां दृष्ट्वा संजज्ञिरे कथाः॥ ५५॥"
"अतीत्य मार्गम् सहसा महा-आत्मा सः तत्र रक्षः-अधिप-पाद-मूले ददर्श राज्ञः परिचार-वृद्धान् गृहम् महा-रत्न-विभूषितम् (च)","अतीत्य परिचार-वृद्धान् गृहम् महा-रत्न-विभूषितम् (च) मार्गम् सहसा महा-आत्मा सः तत्र रक्षः-अधिप-पाद-मूले ददर्श राज्ञः","  अतीत्य मार्गं सहसा महात्मा स तत्र रक्षोऽधिपपादमूले। ददर्श राज्ञः परिचारवृद्धान् गृहं महारत्नविभूषितं च॥ ५७॥"
"सः ददर्श महा-तेजाः रावणः कपि-सत्तमम् रक्षोभिः विकृत-आकारैः कृष्यमाणम् इतस्ततः .","सः . ददर्श महा-तेजाः रावणः कपि-सत्तमम् रक्षोभिः विकृत-आकारैः कृष्यमाणम् इतस्ततः","स ददर्श महातेजा रावणः कपिसत्तमम्। रक्षोभिर्विकृताकारैः कृष्यमाणमितस्ततः॥ ५८॥"
"राक्षस-अधिपतिम् च अपि ददर्श कपि-सत्तमः तेजः-बल-समायुक्तम् तपन्तम् इव भास्करम् .","राक्षस-अधिपतिम् . च अपि ददर्श कपि-सत्तमः तेजः-बल-समायुक्तम् तपन्तम् इव भास्करम्","  राक्षसाधिपतिं चापि ददर्श कपिसत्तमः। तेजोबलसमायुक्तं तपन्तमिव भास्करम्॥ ५९॥"
"सः रोष-संवर्तित-ताम्र-दृष्टिः दशाननः तम् कपिम् अन्ववेक्ष्य अथ उपविष्टान् कुल-शील-वृद्धान् समादिशत् तम् प्रति मुख्य-मन्त्रीन् .","सः समादिशत् तम् प्रति मुख्य-मन्त्रीन् . रोष-संवर्तित-ताम्र-दृष्टिः दशाननः तम् कपिम् अन्ववेक्ष्य अथ उपविष्टान् कुल-शील-वृद्धान्","  स रोषसंवर्तितताम्रदृष्टि- र्दशाननस्तं कपिमन्ववेक्ष्य। अथोपविष्टान् कुलशीलवृद्धान् समादिशत् तं प्रति मुख्यमन्त्रीन्॥ ६०॥"
"यथा-क्रमम् तैः सः कपिः च पृष्टः कार्य-अर्थम् अर्थस्य च मूलम् आदौ निवेदयामास हरि-ईश्वरस्य दूतः सकाशात् (आगतः) (इति)","यथा-क्रमम् मूलम् आदौ निवेदयामास हरि-ईश्वरस्य दूतः सकाशात् (आगतः) (इति) तैः सः कपिः च पृष्टः कार्य-अर्थम् अर्थस्य च","  यथाक्रमं तैः स कपिश्च पृष्टः कार्यार्थमर्थस्य च मूलमादौ। निवेदयामास हरीश्वरस्य दूतः सकाशादहमागतोऽस्मि॥ ६१॥"
"ततः सः कर्मणा तस्य विस्मितः भीम-विक्रमः हनूमान् क्रोध-ताम्र-अक्षः रक्षः-अधिपम् अवैक्षत .","ततः अवैक्षत . सः कर्मणा तस्य विस्मितः भीम-विक्रमः हनूमान् क्रोध-ताम्र-अक्षः रक्षः-अधिपम्","  ततः स कर्मणा तस्य विस्मितो भीमविक्रमः। हनूमान् क्रोधताम्राक्षो रक्षोऽधिपमवैक्षत॥ १॥"
"भ्राजमानम् महा-अर्हेण काञ्चनेन विराजता मुक्ता-जाल-वृतेन अथ मुकुटेन महा-द्युतिम् (अवैक्षत) (तम्)","भ्राजमानम् (तम्) महा-अर्हेण काञ्चनेन विराजता मुक्ता-जाल-वृतेन अथ मुकुटेन महा-द्युतिम् (अवैक्षत)","भ्राजमानं महार्हेण काञ्चनेन विराजता। मुक्ताजालवृतेनाथ मुकुटेन महाद्युतिम्।।"
"वज्र-संयोग-संयुक्तैः महा-अर्ह-मणि-विग्रहैः हैमैः आभरणैः चित्रैः मनसा इव प्रकल्पितैः भ्राजमानम् अवैक्षत .","वज्र-संयोग-संयुक्तैः अवैक्षत . महा-अर्ह-मणि-विग्रहैः हैमैः आभरणैः चित्रैः मनसा इव प्रकल्पितैः भ्राजमानम्","वज्रसंयोगसंयुक्तैर्महार्हमणिविग्रहैः। हैमैराभरणैश्चित्रैर्मनसेव प्रकल्पितैः॥ ३॥"
"महा-अर्ह-क्षौम-संवीतम् रक्त-चन्दन-रुषितम् सु-अनुलिप्तम् विचित्राभिः विविधाभिः च भक्तिभिः तम् अवैक्षत .","महा-अर्ह-क्षौम-संवीतम् . रक्त-चन्दन-रुषितम् सु-अनुलिप्तम् विचित्राभिः विविधाभिः च भक्तिभिः तम् अवैक्षत","महार्हक्षौमसंवीतं रक्तचन्दनरूषितम्। स्वनुलिप्तं विचित्राभिर्विविधाभिश्च भक्तिभिः॥ ४॥"
"विचित्रम् दर्शनीयैः च रक्त-अक्षैः भीम-दर्शनैः दीप्त-तीक्ष्ण-महा-दंष्ट्रम् प्र-लम्बम् दशन-छदैः (भ्राजमानम्) (अवैक्षत) (तम्)","विचित्रम् (अवैक्षत) (तम्) दर्शनीयैः च रक्त-अक्षैः भीम-दर्शनैः दीप्त-तीक्ष्ण-महा-दंष्ट्रम् प्र-लम्बम् दशन-छदैः (भ्राजमानम्)","विचित्रं दर्शनीयैश्च रक्ताक्षैर्भीमदर्शनैः। दीप्ततीक्ष्णमहादंष्ट्रं प्रलम्बं दशनच्छदैः। "
"शिरोभिः दशभिः वीरः भ्राजमानम् महा-ओजसम् नाना-व्याल-सम-आकीर्णैः शिखरैः इव मन्दरम् अवैक्षत .","शिरोभिः अवैक्षत . दशभिः वीरः भ्राजमानम् महा-ओजसम् नाना-व्याल-सम-आकीर्णैः शिखरैः इव मन्दरम्","  शिरोभिर्दशभिर्वीरो भ्राजमानं महौजसम्। नानाव्यालसमाकीर्णैः शिखरैरिव मन्दरम्॥ ६॥"
"नील-अञ्जन-चय-प्रख्यम् हारेण उरसि राजता पूर्ण-चन्द्र-आभ-वक्त्रेण स-बाल-अर्कम् इव अम्बुदम् (अवैक्षत) (प्रतीयमानम्) (च)","नील-अञ्जन-चय-प्रख्यम् (प्रतीयमानम्) (च) हारेण उरसि राजता पूर्ण-चन्द्र-आभ-वक्त्रेण स-बाल-अर्कम् इव अम्बुदम् (अवैक्षत)","  नीलाञ्जनचयप्रख्यं हारेणोरसि राजता। पूर्णचन्द्राभवक्त्रेण सबालार्कमिवाम्बुदम्॥ ७॥"
"बाहुभिः बद्ध-केयूरैः चन्दन-उत्तम-रुषितैः भ्राजमान-अङ्गदैः भीमैः पञ्च-शीर्षैः इव उरगैः प्रतीयमानम् अवैक्षत .","बाहुभिः अवैक्षत . बद्ध-केयूरैः चन्दन-उत्तम-रुषितैः भ्राजमान-अङ्गदैः भीमैः पञ्च-शीर्षैः इव उरगैः प्रतीयमानम्","  बाहुभिर्बद्धकेयूरैश्चन्दनोत्तमरूषितैः। भ्राजमानाङ्गदैर्भीमैः पञ्चशीर्षैरिवोरगैः॥ ८॥"
"महति स्फाटिके चित्रे रत्न-संयोग-चित्रिते उत्तम-आस्तरण-आस्तीर्णे सु-उपविष्टम् वर-आसने अवैक्षत .","महति स्फाटिके चित्रे रत्न-संयोग-चित्रिते उत्तम-आस्तरण-आस्तीर्णे सु-उपविष्टम् वर-आसने अवैक्षत .","महति स्फाटिके चित्रे रत्नसंयोगचित्रिते। उत्तमास्तरणास्तीर्णे सूपविष्टं वरासने॥ ९॥"
"अलङ्कृताभिः अति-अर्थम् प्रमदाभिः समन्ततः वाल-व्यजन-हस्ताभिः आरात् समुपसेवितम् (अवैक्षत) .","अलङ्कृताभिः अति-अर्थम् प्रमदाभिः समन्ततः वाल-व्यजन-हस्ताभिः आरात् समुपसेवितम् (अवैक्षत) .","  अलंकृताभिरत्यर्थं प्रमदाभिः समन्ततः। वालव्यजनहस्ताभिरारात्समुपसेवितम्॥ १०॥"
"दुर्धरेण प्रहस्तेन महापार्श्वेन रक्षसा मन्त्रिभिः मन्त्र-तत्त्व-ज्ञैः निकुम्भेन च मन्त्रिणा उपोपविष्टम् रक्षोभिः चतुर्भिः बल-दर्पितम् कृत्स्नम् परिवृतम् लोकम् चतुर्भिः इव सागरैः मन्त्रिभिः मन्त्र-तत्त्व-ज्ञैः अन्यैः च शुभ-दर्शिभिः आश्वास्यमानम् सचिवैः सुरैः इव सुर-ईश्वरम् अपश्यत् राक्षस-पतिम् हनुमान् अति-तेजसम् वेष्टितम् मेरु-शिखरे स-तोयम् इव तोय-दम् .","दुर्धरेण उपोपविष्टम् रक्षोभिः चतुर्भिः बल-दर्पितम् कृत्स्नम् परिवृतम् लोकम् चतुर्भिः इव सागरैः प्रहस्तेन मन्त्रिभिः मन्त्र-तत्त्व-ज्ञैः अन्यैः च शुभ-दर्शिभिः आश्वास्यमानम् सचिवैः सुरैः इव सुर-ईश्वरम् महापार्श्वेन अपश्यत् राक्षस-पतिम् हनुमान् अति-तेजसम् वेष्टितम् मेरु-शिखरे स-तोयम् इव तोय-दम् रक्षसा . मन्त्रिभिः मन्त्र-तत्त्व-ज्ञैः निकुम्भेन च मन्त्रिणा","दुर्धरेण प्रहस्तेन महापार्श्वेन रक्षसा। मन्त्रिभिर्मन्त्रतत्त्वज्ञैर्निकुम्भेन च मन्त्रिणा। उपोपविष्टं रक्षोभिश्चतुर्भिर्बलदर्पितम्। कृत्स्नं परिवृतं लोकं चतुर्भिरिव सागरैः। मन्त्रिभिर्मन्त्रतत्त्वज्ञैरन्यैश्च शुभदर्शिभिः। आश्वास्यमानं सचिवैः सुरैरिव सुरेश्वरम्। अपश्यद् राक्षसपतिं हनूमानतितेजसम्। वेष्टितं मेरुशिखरे सतोयमिव तोयदम्॥ १४॥"
"सः तैः सम्पीड्यमानो अपि रक्षोभिः भीम-विक्रमैः विस्मयम् परमम् गत्वा रक्षः-अधिपम् अवैक्षत .","सः रक्षः-अधिपम् अवैक्षत . तैः सम्पीड्यमानो अपि रक्षोभिः भीम-विक्रमैः विस्मयम् परमम् गत्वा","स तैः सम्पीड्यमानोऽपि रक्षोभिर्भीमविक्रमैः। विस्मयं परमं गत्वा रक्षोऽधिपमवैक्षत॥ १५॥"
"भ्राजमानम् ततः दृष्ट्वा हनुमान् राक्षस-ईश्वरम् मनसा चिन्तयामास तेजसा तस्य मोहितः .","भ्राजमानम् मोहितः . ततः दृष्ट्वा हनुमान् राक्षस-ईश्वरम् मनसा चिन्तयामास तेजसा तस्य","भ्राजमानं ततो दृष्ट्वा हनुमान् राक्षसेश्वरम्। मनसा चिन्तयामास तेजसा तस्य मोहितः॥ १६॥"
"अहो रूपम् अहो धैर्यम् अहो सत्त्वम् अहो द्युतिः अहो राक्षस-राजस्य सर्व-लक्षण-युक्तता (च) (अस्ति)","अहो राक्षस-राजस्य सर्व-लक्षण-युक्तता (च) (अस्ति) रूपम् अहो धैर्यम् अहो सत्त्वम् अहो द्युतिः अहो","अहो रूपमहो धैर्यमहो सत्त्वमहो द्युतिः। अहो राक्षसराजस्य सर्वलक्षणयुक्तता॥ १७॥"
"यदि अ-धर्मः न बलवान् स्यात् अयम् राक्षस-ईश्वरः स्यात् अयम् सुर-लोकस्य स-शक्रस्य अपि रक्षिता .","यदि सुर-लोकस्य स-शक्रस्य अपि रक्षिता . अ-धर्मः न बलवान् स्यात् अयम् राक्षस-ईश्वरः स्यात् अयम्","यद्यधर्मो न बलवान् स्यादयं राक्षसेश्वरः। स्यादयं सुरलोकस्य सशक्रस्यापि रक्षिता॥ १८॥"
"अस्य क्रूरैः नृ-शंसैः च कर्मभिः लोक-कुत्सितैः सर्वे बिभ्यति खलु अस्मात् लोकाः स-अमर-दानवाः .","अस्य अस्मात् लोकाः स-अमर-दानवाः . क्रूरैः नृ-शंसैः च कर्मभिः लोक-कुत्सितैः सर्वे बिभ्यति खलु","अस्य क्रूरैर्नृशंसैश्च कर्मभिर्लोककुत्सितैः। सर्वे बिभ्यति खल्वस्माल्लोकाः सामरदानवाः"
"अयम् हि उत्सहते क्रुद्धः कर्तुम् एक-अर्णवम् जगत् इति चिन्ताम् बहु-विधाम् अकरोत् मतिमान् कपिः दृष्ट्वा राक्षस-राजस्य प्रभावम् .","अयम् बहु-विधाम् अकरोत् मतिमान् कपिः दृष्ट्वा राक्षस-राजस्य प्रभावम् . हि उत्सहते क्रुद्धः कर्तुम् एक-अर्णवम् जगत् इति चिन्ताम्","  अयं ह्युत्सहते क्रुद्धः कर्तुमेकार्णवं जगत्। इति चिन्तां बहुविधामकरोन्मतिमान् कपिः। दृष्ट्वा राक्षसराजस्य प्रभावममितौजसः॥ २०॥"
"ततः सः मध्यम् गतम् अंशुमन्तम् ज्योत्स्ना-वितानम् मुहुः उद्वमन्तम् ददर्श धीमान् भुवि भानुमन्तम् गोष्ठे वृषम् मत्तम् इव भ्रमन्तम् .","ततः धीमान् भुवि भानुमन्तम् गोष्ठे वृषम् मत्तम् इव भ्रमन्तम् . सः मध्यम् गतम् अंशुमन्तम् ज्योत्स्ना-वितानम् मुहुः उद्वमन्तम् ददर्श","ततः स मध्यंगतमंशुमन्तं ज्योत्स्नावितानं मुहुरुद्वमन्तम्।#ददर्श धीमान् भुवि भानुमन्तं गोष्ठे वृषं मत्तमिव भ्रमन्तम्॥"
"लोकस्य पापानि विनाशयन्तम् महा-उदधिम् च अपि समेधयन्तम् भूतानि सर्वाणि विराजयन्तम् ददर्श शीत-अंशुम् अथ अभियान्तम् .","लोकस्य विराजयन्तम् ददर्श शीत-अंशुम् अथ अभियान्तम् . पापानि विनाशयन्तम् महा-उदधिम् च अपि समेधयन्तम् भूतानि सर्वाणि","लोकस्य पापानि विनाशयन्तं महोदधिं चापि समेधयन्तम्।#भूतानि सर्वाणि विराजयन्तं ददर्श शीतांशुमथाभियान्तम्॥"
"या भाति लक्ष्मीः भुवि मन्दर-स्था यथा प्रदोषेषु च सागर-स्था तथा एव तोयेषु च पुष्कर-स्था रराज सा चारु-निशाकर-स्था .","या तथा एव तोयेषु च पुष्कर-स्था रराज सा चारु-निशाकर-स्था . भाति लक्ष्मीः भुवि मन्दर-स्था यथा प्रदोषेषु च सागर-स्था","या भाति लक्ष्मीर्भुवि मन्दरस्था यथा प्रदोषेषु च सागरस्था।#तथैव तोयेषु च पुष्करस्था रराज सा चारुनिशाकरस्था॥"
"हंसः यथा राजत-पञ्जर-स्थः सिंहः यथा मन्दर-कन्दर-स्थः वीरः यथा गर्वित-कुञ्जर-स्थः चन्द्रः अपि बभ्राज(आर्ष) तथा अम्बर-स्थः .","हंसः चन्द्रः अपि बभ्राज(आर्ष) तथा अम्बर-स्थः . यथा राजत-पञ्जर-स्थः सिंहः यथा मन्दर-कन्दर-स्थः वीरः यथा गर्वित-कुञ्जर-स्थः","हंसो यथा राजतपञ्जरस्थः सिंहो यथा मन्दरकन्दरस्थः।#वीरो यथा गर्वितकुञ्जरस्थश्चन्द्रोऽपि बभ्राज तथाम्बरस्थः॥"
"स्थितः ककुत्मान् इव तीक्ष्ण-शृङ्गः महा-अचलः श्वेतः इव ऊर्ध्व-शृङ्गः हस्ती इव जाम्बूनद-बद्ध-शृङ्गः विभाति चन्द्रः परिपूर्ण-शृङ्गः .","स्थितः इव जाम्बूनद-बद्ध-शृङ्गः विभाति चन्द्रः परिपूर्ण-शृङ्गः . ककुत्मान् इव तीक्ष्ण-शृङ्गः महा-अचलः श्वेतः इव ऊर्ध्व-शृङ्गः हस्ती","स्थितः ककुद्मानिव तीक्ष्णशृङ्गो महाचलः श्वेत इवोर्ध्वशृङ्गः।#हस्तीव जाम्बूनदबद्धशृङ्गो विभाति चन्द्रः परिपूर्णशृङ्गः॥"
"विनष्ट-शीत-अम्बु-तुषार-पङ्कः महा-ग्रह-ग्राह-विनष्ट-पङ्कः प्रकाश-लक्ष्मी-आश्रय-निर्मल-अङ्कः रराज चन्द्रः भगवान् शशाङ्कः .","विनष्ट-शीत-अम्बु-तुषार-पङ्कः महा-ग्रह-ग्राह-विनष्ट-पङ्कः प्रकाश-लक्ष्मी-आश्रय-निर्मल-अङ्कः रराज चन्द्रः भगवान् शशाङ्कः .","विनष्टशीताम्बुतुषारपङ्को महाग्रहग्राहविनष्टपङ्कः।#प्रकाशलक्ष्म्याश्रयनिर्मलाङ्को रराज चन्द्रो भगवान् शशाङ्कः॥ "
"शिला-तलम् प्राप्य यथा मृग-इन्द्रः महा-रणम् प्राप्य यथा गज-इन्द्रः राज्यम् समासाद्य यथा नर-इन्द्रः तथा प्रकाशः विरराज चन्द्रः .","शिला-तलम् समासाद्य यथा नर-इन्द्रः तथा प्रकाशः विरराज चन्द्रः . प्राप्य यथा मृग-इन्द्रः महा-रणम् प्राप्य यथा गज-इन्द्रः राज्यम्","शिलातलं प्राप्य यथा मृगेन्द्रो महारणं प्राप्य यथा गजेन्द्रः।#राज्यं समासाद्य यथा नरेन्द्रस्तथा प्रकाशो विरराज चन्द्रः॥"
"प्रकाश-चन्द्र-उदय-नष्ट-दोषः प्रवृद्ध-रक्षः-पिशिताश-दोषः रामा-अभिराम-इरित-चित्त-दोषः स्वर्ग-प्रकाशः भगवान् प्रदोषः विरराज","प्रकाश-चन्द्र-उदय-नष्ट-दोषः प्रवृद्ध-रक्षः-पिशिताश-दोषः रामा-अभिराम-इरित-चित्त-दोषः स्वर्ग-प्रकाशः भगवान् प्रदोषः विरराज","प्रकाशचन्द्रोदयनष्टदोषः प्रवृद्धरक्षःपिशिताशदोषः।#रामाभिरामेरितचित्तदोषः स्वर्गप्रकाशो भगवान् प्रदोषः॥ "
"तन्त्री-स्वराः कर्ण-सुखाः प्रवृत्ताः स्वपन्ति नार्यः पतिभिः सुवृत्ताः नक्तम्-चराः च अपि तथा प्रवृत्ताः विहर्तुम् अति-अद्भुत-रौद्र-वृत्ताः .","तन्त्री-स्वराः अपि तथा प्रवृत्ताः विहर्तुम् अति-अद्भुत-रौद्र-वृत्ताः . कर्ण-सुखाः प्रवृत्ताः स्वपन्ति नार्यः पतिभिः सुवृत्ताः नक्तम्-चराः च","तन्त्रीस्वराः कर्णसुखाः प्रवृत्ताः स्वपन्ति नार्यः पतिभिः सुवृत्ताः।#नक्तंचराश्चापि तथा प्रवृत्ताविहर्तुमत्यद्भुतरौद्रवृत्ताः॥"
"मत्त-प्रमत्तानि समाकुलानि रथ-अश्व-भद्रासन-सङ्कुलानि वीर-श्रिया च अपि समाकुलानि ददर्श धीमान् सः कपिः कुलानि .","मत्त-प्रमत्तानि सः कपिः कुलानि . समाकुलानि रथ-अश्व-भद्रासन-सङ्कुलानि वीर-श्रिया च अपि समाकुलानि ददर्श धीमान्","मत्तप्रमत्तानि समाकुलानि रथाश्वभद्रासनसंकुलानि।#वीरश्रिया चापि समाकुलानि ददर्श धीमान् स कपिः कुलानि॥"
"परस्परम् च अधिकम् आक्षिपन्ति भुजान् च पीनान् अधिविक्षिपन्ति मत्त-प्रलापान् अधिविक्षिपन्ति मत्तानि च अन्योन्यम् अधिक्षिपन्ति रक्षांसि","परस्परम् अधिविक्षिपन्ति मत्तानि च अन्योन्यम् अधिक्षिपन्ति रक्षांसि च अधिकम् आक्षिपन्ति भुजान् च पीनान् अधिविक्षिपन्ति मत्त-प्रलापान्","परस्परं चाधिकमाक्षिपन्ति भुजांश्च पीनानधिविक्षिपन्ति।#मत्तप्रलापानधिविक्षिपन्ति मत्तानि चान्योन्यमधिक्षिपन्ति॥"
"रक्षांसि वक्षांसि च विक्षिपन्ति गात्राणि कान्तासु च विक्षिपन्ति रूपाणि चित्राणि च विक्षिपन्ति दृढानि चापानि च विक्षिपन्ति .","रक्षांसि चित्राणि च विक्षिपन्ति दृढानि चापानि च विक्षिपन्ति . वक्षांसि च विक्षिपन्ति गात्राणि कान्तासु च विक्षिपन्ति रूपाणि","रक्षांसि वक्षांसि च विक्षिपन्ति गात्राणि कान्तासु च विक्षिपन्ति।#रूपाणि चित्राणि च विक्षिपन्तिदृढानि चापानि च विक्षिपन्ति॥"
"ददर्श कान्ताः च समालभन्त्यः तथा अपराः तत्र पुनः स्वपन्त्यः सुरूप-वक्त्राः च तथा हसन्त्यः क्रुद्धाः पराः च अपि विनिःश्वसन्त्यः .","ददर्श सुरूप-वक्त्राः च तथा हसन्त्यः क्रुद्धाः पराः च अपि विनिःश्वसन्त्यः . कान्ताः च समालभन्त्यः तथा अपराः तत्र पुनः स्वपन्त्यः","ददर्श कान्ताश्च समालभन्त्यस्तथापरास्तत्र पुनः स्वपन्त्यः।#सुरूपवक्त्राश्च तथा हसन्त्यः क्रुद्धाः पराश्चापि विनिःश्वसन्त्यः॥"
"महा-गजैः च अपि तथा नदद्भिः सुपूजितैः च अपि तथा सुसद्भिः रराज वीरैः च विनिःश्वसद्भिः ह्रदाः भुजङ्गैः इव निःश्वसद्भिः (लङ्का)","महा-गजैः सुसद्भिः रराज वीरैः च विनिःश्वसद्भिः ह्रदाः भुजङ्गैः इव निःश्वसद्भिः (लङ्का) च अपि तथा नदद्भिः सुपूजितैः च अपि तथा","महागजैश्चापि तथा नदद्भिः सुपूजितैश्चापि तथा सुसद्भिः।#रराज वीरैश्च विनिःश्वसद्भिर्ह्रदा भुजंगैरिव निःश्वसद्भिः॥"
"बुद्धि-प्रधानान् रुचिर-अभिधानान् संश्रद्दधानान् जगतः प्रधानान् नाना-विधानान् रुचिर-अभिधानान् ददर्श तस्याम् पुरि यातुधानान् .","बुद्धि-प्रधानान् पुरि यातुधानान् . रुचिर-अभिधानान् संश्रद्दधानान् जगतः प्रधानान् नाना-विधानान् रुचिर-अभिधानान् ददर्श तस्याम्","बुद्धिप्रधानान् रुचिराभिधानान् संश्रद्दधानाञ्जगतः प्रधानान्।#नानाविधानान् रुचिराभिधानान् ददर्श तस्यां पुरि यातुधानान्॥"
"ननन्द दृष्ट्वा सः च तान् सुरूपान् नाना-गुणान् आत्म-गुण-अनुरूपान् विद्योतमानान् सः च तान् सुरूपान् ददर्श कांश्चित् च पुनः विरूपान् .","ननन्द सः च तान् सुरूपान् ददर्श कांश्चित् च पुनः विरूपान् . दृष्ट्वा सः च तान् सुरूपान् नाना-गुणान् आत्म-गुण-अनुरूपान् विद्योतमानान्","ननन्द दृष्ट्वा स च तान् सुरूपान् नानागुणानात्मगुणानुरूपान्।#विद्योतमानान् स च तान् सुरूपान् ददर्श कांश्चिच्च पुनर्विरूपान्॥"
"ततः वरार्हाः सुविशुद्ध-भावाः तेषाम् स्त्रियः तत्र महानुभावाः प्रियेषु पानेषु च सक्त-भावाः ददर्श ताराः इव सुस्वभावाः .","ततः च सक्त-भावाः ददर्श ताराः इव सुस्वभावाः . वरार्हाः सुविशुद्ध-भावाः तेषाम् स्त्रियः तत्र महानुभावाः प्रियेषु पानेषु","ततो वरार्हाः सुविशुद्धभावास्तेषां स्त्रियस्तत्र महानुभावाः।#प्रियेषु पानेषु च सक्तभावा ददर्श तारा इव सुस्वभावाः॥"
"स्त्रियः ज्वलन्तीः त्रपया उपगूढाः निशीथ-काले रमण-उपगूढाः ददर्श काश्चित् प्रमद-उपगूढाः यथा विहङ्गाः विहग-उपगूढाः .","स्त्रियः यथा विहङ्गाः विहग-उपगूढाः . ज्वलन्तीः त्रपया उपगूढाः निशीथ-काले रमण-उपगूढाः ददर्श काश्चित् प्रमद-उपगूढाः","स्त्रियो ज्वलन्तीस्त्रपयोपगूढा निशीथकाले रमणोपगूढाः।#ददर्श काश्चित् प्रमदोपगूढा यथा विहंगा विहगोपगूढाः॥"
"अन्याः पुनः हर्म्य-तल-उपविष्टाः तत्र प्रिय-अङ्केषु सुख-उपविष्टाः भर्तुः पराः धर्म-पराः निविष्टाः ददर्श धीमान् मदन-उपविष्टाः (स्त्रियः)","अन्याः निविष्टाः ददर्श धीमान् मदन-उपविष्टाः (स्त्रियः) पुनः हर्म्य-तल-उपविष्टाः तत्र प्रिय-अङ्केषु सुख-उपविष्टाः भर्तुः पराः धर्म-पराः","अन्याः पुनर्हर्म्यतलोपविष्टास्तत्र प्रियाङ्केषु सुखोपविष्टाः।#भर्तुः परा धर्मपरा निविष्टा ददर्श धीमान् मदनोपविष्टाः॥"
"अ-प्रावृताः काञ्चन-राजि-वर्णाः काश्चित् परार्घ्याः तपनीय-वर्णाः पुनः च काश्चित् शश-वर्णाः कान्त-प्रहीणाः रुचिर-अङ्ग-वर्णाः (ददर्श) (स्त्रियः)","अ-प्रावृताः कान्त-प्रहीणाः रुचिर-अङ्ग-वर्णाः (ददर्श) (स्त्रियः) काञ्चन-राजि-वर्णाः काश्चित् परार्घ्याः तपनीय-वर्णाः पुनः च काश्चित् शश-वर्णाः","अप्रावृताः काञ्चनराजिवर्णाः काश्चित्परार्घ्यास्तपनीयवर्णाः।#पुनश्च काश्चिच्छशलक्ष्मवर्णाःकान्तप्रहीणा रुचिराङ्गवर्णाः॥"
"ततः प्रियान् प्राप्य मनः-अभिरामान् सु-प्रीति-युक्ताः सुमनः-अभिरामाः गृहेषु हृष्टाः परम-अभिरामाः हरि-प्रवीरः सः ददर्श रामाः .","ततः हरि-प्रवीरः सः ददर्श रामाः . प्रियान् प्राप्य मनः-अभिरामान् सु-प्रीति-युक्ताः सुमनः-अभिरामाः गृहेषु हृष्टाः परम-अभिरामाः","ततः प्रियान् प्राप्य मनोऽभिरामान् सुप्रीतियुक्ताः सुमनोऽभिरामाः।#गृहेषु हृष्टाः परमाभिरामा हरिप्रवीरः स ददर्श रामाः॥"
"चन्द्र-प्रकाशाः च हि वक्त्र-मालाः वक्राः सुपक्ष्माः च सुनेत्र-मालाः विभूषणानाम् च ददर्श मालाः शत-ह्रदानाम् इव चारु-मालाः .","चन्द्र-प्रकाशाः च ददर्श मालाः शत-ह्रदानाम् इव चारु-मालाः . च हि वक्त्र-मालाः वक्राः सुपक्ष्माः च सुनेत्र-मालाः विभूषणानाम्","चन्द्रप्रकाशाश्च हि वक्त्रमाला वक्राः सुपक्ष्माश्च सुनेत्रमालाः।#विभूषणानां च ददर्श मालाः शतह्रदानामिव चारुमालाः॥"
"न तु एव सीताम् परम-अभिजाताम् पथि स्थिते राज-कुले प्रजाताम् लताम् प्रफुल्लाम् इव साधुजाताम् ददर्श तन्वीम् मनसा अभिजाताम्","न लताम् प्रफुल्लाम् इव साधुजाताम् ददर्श तन्वीम् मनसा अभिजाताम् तु एव सीताम् परम-अभिजाताम् पथि स्थिते राज-कुले प्रजाताम्","न त्वेव सीतां परमाभिजातां पथि स्थिते राजकुले प्रजाताम्।#लतां प्रफुल्लामिव साधुजातां ददर्श तन्वीं मनसाभिजाताम्॥"
"सनातने वर्त्मनि सन्निविष्टाम् राम-ईक्षणीम् ताम् मदन-अभिविष्टाम् भर्तुः मनः श्रीमत् स्त्रीभ्यः पराभ्यः च सदा विशिष्टाम् उष्ण-अर्दिताम् सानुसृतास्र-कण्ठीम् पुरा वर-अर्ह-उत्तम-निष्क-कण्ठीम् सुजात-पक्ष्माम् अभिरक्त-कण्ठीम् वने प्रवृत्ताम् इव नील-कण्ठीम् अ-व्यक्त-रेखाम् इव चन्द्र-लेखाम् पांसु-प्रदिग्धाम् इव हेम-रेखाम् क्षत-प्ररूढाम् इव वर्ण-रेखाम् वायु-प्रभुग्नाम् इव मेघ-रेखाम् सीताम् अपश्यन् मनुज-ईश्वरस्य रामस्य पत्नीम् वदताम् वरस्य बभूव दुःख-उपहतः चिरस्य प्लवङ्गमः मन्दः इव अ-चिरस्य अनुप्रविष्टाम्","सनातने स्त्रीभ्यः पराभ्यः च सदा विशिष्टाम् उष्ण-अर्दिताम् सानुसृतास्र-कण्ठीम् पुरा वर-अर्ह-उत्तम-निष्क-कण्ठीम् सुजात-पक्ष्माम् वर्त्मनि अभिरक्त-कण्ठीम् वने प्रवृत्ताम् इव नील-कण्ठीम् अ-व्यक्त-रेखाम् इव चन्द्र-लेखाम् पांसु-प्रदिग्धाम् इव सन्निविष्टाम् हेम-रेखाम् क्षत-प्ररूढाम् इव वर्ण-रेखाम् वायु-प्रभुग्नाम् इव मेघ-रेखाम् सीताम् अपश्यन् मनुज-ईश्वरस्य राम-ईक्षणीम् रामस्य पत्नीम् वदताम् वरस्य बभूव दुःख-उपहतः चिरस्य प्लवङ्गमः मन्दः इव ताम् अ-चिरस्य अनुप्रविष्टाम् मदन-अभिविष्टाम् भर्तुः मनः श्रीमत्","सनातने वर्त्मनि संनिविष्टां रामेक्षणीं तां मदनाभिविष्टाम्।भर्तुर्मनः श्रीमदनुप्रविष्टां स्त्रीभ्यः पराभ्यश्च सदा विशिष्टाम्॥उष्णार्दितां सानुसृतास्रकण्ठीं पुरा वरार्होत्तमनिष्ककण्ठीम्। सुजातपक्ष्मामभिरक्तकण्ठींवने प्रनृत्तामिव नीलकण्ठीम्॥#अव्यक्तरेखामिव चन्द्रलेखां पांसुप्रदिग्धामिव हेमरेखाम्।क्षतप्ररूढामिव वर्णरेखां वायुप्रभुग्नामिव मेघरेखाम्॥सीतामपश्यन्मनुजेश्वरस्य रामस्य पत्नीं वदतां वरस्य।बभूव दुःखोपहतश्चिरस्य प्लवंगमो मन्द इवाचिरस्य॥"
"तम् उद्वीक्ष्य महाबाहुः पिङ्ग-अक्षम् पुरतः स्थितम् रोषेण महता आविष्टः रावणः लोक-रावणः आसीत् .","तम् रावणः लोक-रावणः आसीत् . उद्वीक्ष्य महाबाहुः पिङ्ग-अक्षम् पुरतः स्थितम् रोषेण महता आविष्टः","तमुद्वीक्ष्य महाबाहुः पिङ्गाक्षं पुरतः स्थितम्। रोषेण महताऽऽविष्टो रावणो लोकरावणः॥ १॥"
"शङ्का-हत-आत्मा दध्यौ सः कपि-इन्द्रम् तेजसा वृतम् किम् एषः भगवान् नन्दी भवेत् साक्षात् इह इति (दृष्ट्वा)","शङ्का-हत-आत्मा नन्दी भवेत् साक्षात् इह इति (दृष्ट्वा) दध्यौ सः कपि-इन्द्रम् तेजसा वृतम् किम् एषः भगवान्","शङ्काहतात्मा दध्यौ स कपीन्द्रं तेजसा वृतम्। किमेष भगवान् नन्दी भवेत् साक्षादिहागतः॥ २॥"
"येन शप्तः अस्मि कैलासे मया प्रहसिते पुरा सः अयम् वानर-मूर्तिः स्यात् किम्स्विद् बाणः अपि वा असुरः (यतः)","येन वानर-मूर्तिः स्यात् किम्स्विद् बाणः अपि वा असुरः (यतः) शप्तः अस्मि कैलासे मया प्रहसिते पुरा सः अयम्","येन शप्तोऽस्मि कैलासे मया प्रहसिते पुरा। सोऽयं वानरमूर्तिः स्यात्किंस्विद् बाणोऽपि वासुरः॥ ३॥"
"सः राजा रोष-ताम्र-अक्षः प्रहस्तम् मन्त्रि-सत्तमम् काल-युक्तम् उवाच इदम् वचः विपुलम् अर्थवत् .","सः विपुलम् अर्थवत् . राजा रोष-ताम्र-अक्षः प्रहस्तम् मन्त्रि-सत्तमम् काल-युक्तम् उवाच इदम् वचः","स राजा रोषताम्राक्षः प्रहस्तं मन्त्रिसत्तमम्। कालयुक्तमुवाचेदं वचो विपुलमर्थवत्॥ ४॥"
"दुरात्मा पृच्छ्यताम् एषः कुतः किम् वा अस्य कारणम् वन-भङ्गे च कः अस्य अर्थः राक्षसानाम् च तर्जने (आगतः) (इति)","दुरात्मा च कः अस्य अर्थः राक्षसानाम् च तर्जने (आगतः) (इति) पृच्छ्यताम् एषः कुतः किम् वा अस्य कारणम् वन-भङ्गे","दुरात्मा पृच्छ्यतामेष कुतः किं वास्य कारणम्। वनभङ्गे च कोऽस्यार्थो राक्षसानां च तर्जने॥ ५॥"
"मत्-पुरीम् अ-प्रधृष्याम् वै गमने किम् प्रयोजनम् आयोधने वा किम् कार्यम् पृच्छ्यताम् एषः दुर्मतिः .","मत्-पुरीम् कार्यम् पृच्छ्यताम् एषः दुर्मतिः . अ-प्रधृष्याम् वै गमने किम् प्रयोजनम् आयोधने वा किम्","  मत्पुरीमप्रधृष्यां वै गमने किं प्रयोजनम्। आयोधने वा किं कार्यं पृच्छ्यतामेष दुर्मतिः॥ ६॥"
"रावणस्य वचः श्रुत्वा प्रहस्तः वाक्यम् अब्रवीत् समाश्वसिहि भद्रम् ते न भीः कार्या त्वया कपे (भूयात्) (अतः) (अतः) (इति)","रावणस्य न भीः कार्या त्वया कपे (भूयात्) (अतः) (अतः) (इति) वचः श्रुत्वा प्रहस्तः वाक्यम् अब्रवीत् समाश्वसिहि भद्रम् ते","  रावणस्य वचः श्रुत्वा प्रहस्तो वाक्यमब्रवीत्। समाश्वसिहि भद्रं ते न भीः कार्या त्वया कपे॥ ७॥"
"यदि तावत् त्वम् इन्द्रेण प्रेषितः रावण-आलयम् तत्त्वम् आख्याहि मा ते अभूत् भयम् वानर मोक्ष्यसे (ततः) (अतः)","यदि ते अभूत् भयम् वानर मोक्ष्यसे (ततः) (अतः) तावत् त्वम् इन्द्रेण प्रेषितः रावण-आलयम् तत्त्वम् आख्याहि मा","  यदि तावत् त्वमिन्द्रेण प्रेषितो रावणालयम्। तत्त्वमाख्याहि मा ते भूद् भयं वानर मोक्ष्यसे॥ ८॥"
"यदि वैश्रवणस्य त्वम् यमस्य वरुणस्य च चारु-रूपम् इदम् कृत्वा प्रविष्टः नः पुरीम् इमाम् (दूतः) (तर्हि) (उच्यताम्)","यदि प्रविष्टः नः पुरीम् इमाम् (दूतः) (तर्हि) (उच्यताम्) वैश्रवणस्य त्वम् यमस्य वरुणस्य च चारु-रूपम् इदम् कृत्वा","यदि वैश्रवणस्य त्वं यमस्य वरुणस्य च। चारुरूपमिदं कृत्वा प्रविष्टो नः पुरीमिमाम्"
"विष्णुना प्रेषितः वा अपि दूतः विजय-काङ्क्षिणा नहि ते वानरम् तेजः रूप-मात्रम् तु वानरम् (मन्ये) (मन्ये) (यतः) (यथा) (तस्मात्) (अतः)","विष्णुना तेजः रूप-मात्रम् तु वानरम् (मन्ये) (मन्ये) (यतः) (यथा) (तस्मात्) (अतः) प्रेषितः वा अपि दूतः विजय-काङ्क्षिणा नहि ते वानरम्","विष्णुना प्रेषितो वापि दूतो विजयकाङ्क्षिणा। नहि ते वानरं तेजो रूपमात्रं तु वानरम्।"
"तत्त्वतः कथयस्व ततः वानर मोक्ष्यसे; अद्य अन्-ऋतम् वदतः च अपि दुर्लभम् तव जीवितम् (भविष्यति)","तत्त्वतः कथयस्व ततः वानर मोक्ष्यसे; अपि दुर्लभम् तव जीवितम् (भविष्यति) अद्य अन्-ऋतम् वदतः च","  तत्त्वतः कथयस्वाद्य ततो वानर मोक्ष्यसे। अनृतं वदतश्चापि दुर्लभं तव जीवितम्॥ ११॥"
"अथवा यत्-निमित्तः ते प्रवेशः रावण-आलये एवम् उक्तः हरि-वरः तदा रक्षः-गण-ईश्वरम् (तत्) (कथयस्व) (कृतः) (अब्रवीत्)","अथवा रक्षः-गण-ईश्वरम् (तत्) (कथयस्व) (कृतः) (अब्रवीत्) यत्-निमित्तः ते प्रवेशः रावण-आलये एवम् उक्तः हरि-वरः तदा","अथवा यन्निमित्तस्ते प्रवेशो रावणालये। एवमुक्तो हरिवरस्तदा रक्षोगणेश्वरम्॥ १२॥"
"अब्रवीत् न अस्मि शक्रस्य यमस्य वरुणस्य च धनदेन न मे सख्यम् विष्णुना न अस्मि चोदितः (दूतः)","अब्रवीत् मे सख्यम् विष्णुना न अस्मि चोदितः (दूतः) न अस्मि शक्रस्य यमस्य वरुणस्य च धनदेन न","अब्रवीन्नास्मि शक्रस्य यमस्य वरुणस्य च। धनदेन न मे सख्यं विष्णुना नास्मि चोदितः"
"जातिः एव मम तु एषा वानरः अहम् इह आगतः दर्शने राक्षस-इन्द्रस्य (अस्ति) (अतः); तत् इदम् दुर्लभम् मया वनम् राक्षस-राजस्य दर्शन-अर्थम् विनाशितम् (आसीत्) (अतः)","जातिः दर्शने राक्षस-इन्द्रस्य एव (अस्ति) (अतः) मम तु एषा वानरः अहम् इह आगतः; तत् इदम् दुर्लभम् मया वनम् राक्षस-राजस्य दर्शन-अर्थम् विनाशितम् (आसीत्) (अतः)","जातिरेव मम त्वेषा वानरोऽहमिहागतः। दर्शने राक्षसेन्द्रस्य तदिदं दुर्लभं मया। वनं राक्षसराजस्य दर्शनार्थं विनाशितम्।"
"ततः ते राक्षसाः प्राप्ताः बलिनः युद्ध-काङ्क्षिणः रक्षण-अर्थम् च देहस्य प्रतियुद्धाः मया रणे .","ततः प्रतियुद्धाः मया रणे . ते राक्षसाः प्राप्ताः बलिनः युद्ध-काङ्क्षिणः रक्षण-अर्थम् च देहस्य","ततस्ते राक्षसाः प्राप्ता बलिनो युद्धकाङ्क्षिणः। रक्षणार्थं च देहस्य प्रतियुद्धा मया रणे।"
"अस्त्र-पाशैः न शक्यः अहम् बद्धुम् देव-असुरैः अपि पितामहात् एषः वरः मम अपि हि समागतः .","अस्त्र-पाशैः वरः मम अपि हि समागतः . न शक्यः अहम् बद्धुम् देव-असुरैः अपि पितामहात् एषः","अस्त्रपाशैर्न शक्योऽहं बद्धुं देवासुरैरपि। पितामहादेष वरो ममापि हि समागतः।"
"राजानम् द्रष्टु-कामेन मया अस्त्रम् अनुवर्तितम् विमुक्तः अपि अहम् अस्त्रेण राक्षसैः तु अभिवेदितः (अतः)","राजानम् राक्षसैः तु अभिवेदितः (अतः) द्रष्टु-कामेन मया अस्त्रम् अनुवर्तितम् विमुक्तः अपि अहम् अस्त्रेण","राजानं द्रष्टुकामेन मयास्त्रमनुवर्तितम्। विमुक्तोऽप्यहमस्त्रेण राक्षसैस्त्वभिवेदितः।"
"केनचित् राम-कार्येण आगतः अस्मि तव अन्तिकम् दूतः अहम् इति विज्ञाय राघवस्य अ-मित-ओजसः श्रूयताम् एव वचनम् मम पथ्यम् इदम् प्रभो .","केनचित् विज्ञाय राघवस्य अ-मित-ओजसः श्रूयताम् एव वचनम् मम पथ्यम् इदम् प्रभो राम-कार्येण . आगतः अस्मि तव अन्तिकम् दूतः अहम् इति","केनचिद् रामकार्येण आगतोऽस्मि तवान्तिकम्। दूतोऽहमिति विज्ञाय राघवस्यामितौजसः। श्रूयतामेव वचनं मम पथ्यमिदं प्रभो॥ १९॥"
"तम् समीक्ष्य महा-सत्त्वम् सत्त्ववान् हरि-सत्तमः वाक्यम् अर्थवत् अव्यग्रः तम् उवाच दश-आननम् .","तम् उवाच दश-आननम् . समीक्ष्य महा-सत्त्वम् सत्त्ववान् हरि-सत्तमः वाक्यम् अर्थवत् अव्यग्रः तम्","तं समीक्ष्य महासत्त्वं सत्त्ववान् हरिसत्तमः। वाक्यमर्थवदव्यग्रस्तमुवाच दशाननम्॥"
"अहम् सुग्रीव-सन्देशात् इह प्राप्तः तव अन्तिके राक्षसेश हरीशः त्वाम् भ्राता कुशलम् अब्रवीत् .","अहम् भ्राता कुशलम् अब्रवीत् . सुग्रीव-सन्देशात् इह प्राप्तः तव अन्तिके राक्षसेश हरीशः त्वाम्","अहं सुग्रीवसंदेशादिह प्राप्तस्तवान्तिके। राक्षसेश हरीशस्त्वां भ्राता कुशलमब्रवीत्॥"
"भ्रातुः शृणु समादेशम् सुग्रीवस्य महा-आत्मनः धर्मार्थ-सहितम् वाक्यम् इह च अमुत्र च क्षमम् .","भ्रातुः अमुत्र च क्षमम् . शृणु समादेशम् सुग्रीवस्य महा-आत्मनः धर्मार्थ-सहितम् वाक्यम् इह च","भ्रातुः श्रृणु समादेशं सुग्रीवस्य महात्मनः। धर्मार्थसहितं वाक्यमिह चामुत्र च क्षमम्॥"
"राजा दशरथः नाम रथ-कुञ्जर-वाजिमान् पिता इव बन्धुः लोकस्य सुरेश्वर-समद्युतिः (अभवत्) .","राजा (अभवत्) . दशरथः नाम रथ-कुञ्जर-वाजिमान् पिता इव बन्धुः लोकस्य सुरेश्वर-समद्युतिः","राजा दशरथो नाम रथकुञ्जरवाजिमान्। पितेव बन्धुर्लोकस्य सुरेश्वरसमद्युतिः॥"
"ज्येष्ठः तस्य महाबाहुः पुत्रः प्रियतरः प्रभुः पितुः निदेशात् निष्क्रान्तः प्रविष्टः दण्डकावनम् लक्ष्मणेन सह भ्रात्रा सीतया सह भार्यया रामः नाम महा-तेजा धर्म्यम् पन्थानम् आश्रितः .","ज्येष्ठः प्रविष्टः दण्डकावनम् लक्ष्मणेन सह भ्रात्रा सीतया सह भार्यया रामः नाम तस्य महा-तेजा धर्म्यम् पन्थानम् आश्रितः . महाबाहुः पुत्रः प्रियतरः प्रभुः पितुः निदेशात् निष्क्रान्तः","ज्येष्ठस्तस्य महाबाहुः पुत्रः प्रियतरः प्रभुः। पितुर्निदेशान्निष्क्रान्तः प्रविष्टो दण्डकावनम्   लक्ष्मणेन सह भ्रात्रा सीतया सह भार्यया। रामो नाम महातेजा धर्म्यं पन्थानमाश्रितः॥"
"तस्य जन-स्थाने भ्रष्टा सीता इति विश्रुता वैदेहस्य सुता राज्ञः जनकस्य महा-आत्मनः भार्या","तस्य जनकस्य महा-आत्मनः भार्या जन-स्थाने भ्रष्टा सीता इति विश्रुता वैदेहस्य सुता राज्ञः","तस्य भार्या जनस्थाने भ्रष्टा सीतेति विश्रुता। वैदेहस्य सुता राज्ञो जनकस्य महात्मनः॥"
"मार्गमाणः तु ताम् देवीम् राज-पुत्रः सह-अनुजः ऋष्यमूकम् अनुप्राप्तः सुग्रीवेण च सङ्गतः .","मार्गमाणः च सङ्गतः . तु ताम् देवीम् राज-पुत्रः सह-अनुजः ऋष्यमूकम् अनुप्राप्तः सुग्रीवेण","मार्गमाणस्तु तां देवीं राजपुत्रः सहानुजः। ऋष्यमूकमनुप्राप्तः सुग्रीवेण च संगतः॥ "
"तस्य तेन प्रतिज्ञातम् सीतायाः परिमार्गणम् सुग्रीवस्य अपि रामेण हरिराज्यम् निवेदितुम् (समीपे) (प्रतिज्ञातम्) (समीपे)","तस्य निवेदितुम् (समीपे) (प्रतिज्ञातम्) (समीपे) तेन प्रतिज्ञातम् सीतायाः परिमार्गणम् सुग्रीवस्य अपि रामेण हरिराज्यम्","तस्य तेन प्रतिज्ञातं सीतायाः परिमार्गणम्। सुग्रीवस्यापि रामेण हरिराज्यं निवेदितुम्॥"
"ततः तेन मृधे हत्वा राज-पुत्रेण वालिनम् सुग्रीवः स्थापितः राज्ये हर्यक्षाणाम् गणेश्वरः .","ततः हर्यक्षाणाम् गणेश्वरः . तेन मृधे हत्वा राज-पुत्रेण वालिनम् सुग्रीवः स्थापितः राज्ये","ततस्तेन मृधे हत्वा राजपुत्रेण वालिनम्। सुग्रीवः स्थापितो राज्ये हर्यृक्षाणां गणेश्वरः॥"
"त्वया विज्ञातपूर्वः च वाली वानर-पुङ्गवः सः तेन निहतः सङ्ख्ये शरेण एकेन वानरः .","त्वया शरेण एकेन वानरः . विज्ञातपूर्वः च वाली वानर-पुङ्गवः सः तेन निहतः सङ्ख्ये","त्वया विज्ञातपूर्वश्च वाली वानरपुङ्गवः। स तेन निहतः संख्ये शरेणैकेन वानरः॥"
"सः सीतामार्गणे व्यग्रः सुग्रीवः सत्य-सङ्गरः हरीन् सम्प्रेषयामास दिशः सर्वाः हरि-ईश्वरः .","सः हरि-ईश्वरः . सीतामार्गणे व्यग्रः सुग्रीवः सत्य-सङ्गरः हरीन् सम्प्रेषयामास दिशः सर्वाः","स सीतामार्गणे व्यग्रः सुग्रीवः सत्यसंगरः। हरीन् सम्प्रेषयामास दिशः सर्वा हरीश्वरः॥"
"ताम् हरीणाम् सहस्राणि शतानि नियुतानि च दिक्षु सर्वासु मार्गन्ते हि अधः च उपरि च अम्बरे .","ताम् हि अधः च उपरि च अम्बरे . हरीणाम् सहस्राणि शतानि नियुतानि च दिक्षु सर्वासु मार्गन्ते","तां हरीणां सहस्राणि शतानि नियुतानि च। दिक्षु सर्वासु मार्गन्ते ह्यधश्चोपरि चाम्बरे॥"
"वैनतेय-समाः केचित् केचित् तत्र अनिल-उपमाः असङ्ग-गतयः शीघ्राः हरि-वीराः महा-बलाः (मार्गन्ते)","वैनतेय-समाः (मार्गन्ते) केचित् केचित् तत्र अनिल-उपमाः असङ्ग-गतयः शीघ्राः हरि-वीराः महा-बलाः","वैनतेयसमाः केचित् केचित् तत्रानिलोपमाः। असङ्गगतयः शीघ्रा हरिवीरा महाबलाः॥"
"अहम् तु हनुमान् नाम मारुतस्य औरसः सुतः सीतायाः तु कृते तूर्णम् शत-योजनम् आयतम् समुद्रम् लङ्घयित्वा एव त्वाम् दिदृक्षुः इह आगतः .","अहम् कृते तूर्णम् शत-योजनम् आयतम् समुद्रम् लङ्घयित्वा एव त्वाम् दिदृक्षुः इह तु आगतः . हनुमान् नाम मारुतस्य औरसः सुतः सीतायाः तु","अहं तु हनुमान्नाम मारुतस्यौरसः सुतः। सीतायास्तु कृते तूर्णं शतयोजनमायतम् ।। समुद्रं लङ्घयित्वैव त्वां दिदृक्षुरिहागतः।"
"भ्रमता च मया दृष्टा गृहे ते जनक-आत्मजा तत् भवान् दृष्ट-धर्मार्थः तपस्-कृतपरिग्रहः पर-दारान् महा-प्राज्ञ न उपरोद्धुम् त्वम् अर्हसि (अस्ति)","भ्रमता दृष्ट-धर्मार्थः तपस्-कृतपरिग्रहः पर-दारान् महा-प्राज्ञ न उपरोद्धुम् त्वम् अर्हसि (अस्ति) च मया दृष्टा गृहे ते जनक-आत्मजा तत् भवान्","भ्रमता च मया दृष्टा गृहे ते जनकात्मजा ।।  तद् भवान् दृष्टधर्मार्थस्तपःकृतपरिग्रहः। परदारान् महाप्राज्ञ नोपरोद‍्धुं त्वमर्हसि॥"
"न हि धर्म-विरुद्धेषु बहु-अपायेषु कर्मसु मूल-घातिषु सज्जन्ते बुद्धिमन्तः भवत्-विधाः .","न . हि धर्म-विरुद्धेषु बहु-अपायेषु कर्मसु मूल-घातिषु सज्जन्ते बुद्धिमन्तः भवत्-विधाः","नहि धर्मविरुद्धेषु बह्वपायेषु कर्मसु। मूलघातिषु सज्जन्ते बुद्धिमन्तो भवद्विधाः॥"
"कः च लक्ष्मण-मुक्तानाम् रामकोप-अनुवर्तिनाम् शराणाम् अग्रतः स्थातुम् शक्तः देव-असुरेषु अपि .","कः अपि . च लक्ष्मण-मुक्तानाम् रामकोप-अनुवर्तिनाम् शराणाम् अग्रतः स्थातुम् शक्तः देव-असुरेषु","कश्च लक्ष्मणमुक्तानां रामकोपानुवर्तिनाम्। शराणामग्रतः स्थातुं शक्तो देवासुरेष्वपि॥"
"न च अपि त्रिषु लोकेषु राजन् विद्येत कश्चन राघवस्य व्यलीकम् यः कृत्वा सुखम् अवाप्नुयात् (सः)","न व्यलीकम् यः कृत्वा सुखम् अवाप्नुयात् (सः) च अपि त्रिषु लोकेषु राजन् विद्येत कश्चन राघवस्य","न चापि त्रिषु लोकेषु राजन् विद्येत कश्चन। राघवस्य व्यलीकं यः कृत्वा सुखमवाप्नुयात्॥"
"तत् त्रिकाल-हितम् वाक्यम् धर्म्यम् अर्थ-अनुयायि च मन्यस्व नर-देवाय जानकी प्रतिदीयताम् .","तत् प्रतिदीयताम् . त्रिकाल-हितम् वाक्यम् धर्म्यम् अर्थ-अनुयायि च मन्यस्व नर-देवाय जानकी","तत् त्रिकालहितं वाक्यं धर्म्यमर्थानुयायि च। मन्यस्व नरदेवाय जानकी प्रतिदीयताम्॥"
"दृष्टा हि इयम् मया देवी लब्धम् यत् इह दुर्लभम् उत्तरम् कर्म यत् शेषम् निमित्तम् तत्र राघवः (अस्ति) (अस्ति)","दृष्टा उत्तरम् कर्म यत् शेषम् निमित्तम् तत्र राघवः (अस्ति) (अस्ति) हि इयम् मया देवी लब्धम् यत् इह दुर्लभम्","दृष्टा हीयं मया देवी लब्धं यदिह दुर्लभम्। उत्तरं कर्म यच्छेषं निमित्तं तत्र राघवः॥"
"लक्षिता इयम् मया सीता तथा शोक-परायणा गृहे याम् न अभिजानासि पञ्च-आस्याम् इव पन्नगीम् .","लक्षिता अभिजानासि पञ्च-आस्याम् इव पन्नगीम् . इयम् मया सीता तथा शोक-परायणा गृहे याम् न","लक्षितेयं मया सीता तथा शोकपरायणा। गृहे यां नाभिजानासि पञ्चास्यामिव पन्नगीम्॥"
"न इयम् जरयितुम् शक्या सा सुरैः अमरैः अपि विष-संस्पृष्टम् अत्यर्थम् भुक्तम् अन्नम् इव ओजसा .","न अत्यर्थम् भुक्तम् अन्नम् इव ओजसा . इयम् जरयितुम् शक्या सा सुरैः अमरैः अपि विष-संस्पृष्टम्","नेयं जरयितुं शक्या सासुरैरमरैरपि। विषसंस्पृष्टमत्यर्थं भुक्तमन्नमिवौजसा॥"
"तपः-सन्ताप-लब्धः ते यः अयम् धर्म-परिग्रहः न सः नाशयितुम् न्याय्यः आत्म-प्राण-परिग्रहः (अस्ति) (च)","तपः-सन्ताप-लब्धः आत्म-प्राण-परिग्रहः (अस्ति) (च) ते यः अयम् धर्म-परिग्रहः न सः नाशयितुम् न्याय्यः","तपःसंतापलब्धस्ते योऽयं धर्मपरिग्रहः। न स नाशयितुं न्याय्य आत्मप्राणपरिग्रहः॥"
"अवध्यताम् तपोभिः याम् भवान् समनुपश्यति आत्मनः सासुरैः देवैः हेतुः तत्र अयम् महान् (अस्ति) अपि","अवध्यताम् तत्र अयम् महान् (अस्ति) अपि तपोभिः याम् भवान् समनुपश्यति आत्मनः सासुरैः देवैः हेतुः","अवध्यतां तपोभिर्यां भवान् समनुपश्यति। आत्मनः सासुरैर्देवैर्हेतुस्तत्राप्ययं महान्॥"
"सुग्रीवः न च देवः अयम् न यक्षः न च राक्षसः मानुषः राघवः राजन् सुग्रीवः च हरि-ईश्वरः तस्मात् प्राण-परित्राणम् कथम् राजन् करिष्यसि (अस्ति) (अस्ति) (अस्ति)","सुग्रीवः राक्षसः मानुषः राघवः राजन् सुग्रीवः च हरि-ईश्वरः तस्मात् प्राण-परित्राणम् कथम् न राजन् करिष्यसि (अस्ति) (अस्ति) (अस्ति) च देवः अयम् न यक्षः न च","सुग्रीवो न च देवोऽयं न यक्षो न च राक्षसः। मानुषो राघवो राजन् सुग्रीवश्च हरीश्वरः। तस्मात् प्राणपरित्राणं कथं राजन् करिष्यसि॥"
"न तु धर्म-उपसंहारम् अधर्म-फल-संहितम् तत् एव फलम् अन्वेति धर्मः च अधर्म-नाशनः (भवति)","न च अधर्म-नाशनः (भवति) तु धर्म-उपसंहारम् अधर्म-फल-संहितम् तत् एव फलम् अन्वेति धर्मः","न तु धर्मोपसंहारमधर्मफलसंहितम्। तदेव फलमन्वेति धर्मश्चाधर्मनाशनः॥"
"प्राप्तम् धर्म-फलम् तावत् भवता न अत्र संशयः फलम् अस्य अपि अधर्मस्य क्षिप्रम् एव प्रपत्स्यसे .","प्राप्तम् अपि अधर्मस्य क्षिप्रम् एव प्रपत्स्यसे . धर्म-फलम् तावत् भवता न अत्र संशयः फलम् अस्य","प्राप्तं धर्मफलं तावद् भवता नात्र संशयः। फलमस्याप्यधर्मस्य क्षिप्रमेव प्रपत्स्यसे॥"
"जन-स्थान-वधम् बुद्ध्वा वालिनः च वधम् तथा राम-सुग्रीव-सख्यम् च बुद्ध्यस्व हितम् आत्मनः .","जन-स्थान-वधम् हितम् आत्मनः . बुद्ध्वा वालिनः च वधम् तथा राम-सुग्रीव-सख्यम् च बुद्ध्यस्व","जनस्थानवधं बुद्‍ध्वा वालिनश्च वधं तथा। रामसुग्रीवसख्यं च बुद्‍ध्यस्व हितमात्मनः॥"
"कामम् खलु अहम् अपि एकः सवाजि-रथ-कुञ्जराम् लङ्काम् नाशयितुम् शक्तः तस्य एषः तु न निश्चयः (अस्ति)","कामम् तस्य एषः तु न निश्चयः (अस्ति) खलु अहम् अपि एकः सवाजि-रथ-कुञ्जराम् लङ्काम् नाशयितुम् शक्तः","कामं खल्वहमप्येकः सवाजिरथकुञ्जराम्। लङ्कां नाशयितुं शक्तस्तस्यैष तु न निश्चयः॥"
"रामेण हि प्रतिज्ञातम् हर्यृक्ष-गण-सन्निधौ उत्सादनम् अ-मित्राणाम् सीता यैः तु प्रधर्षिता तेषाम्","रामेण प्रधर्षिता तेषाम् हि प्रतिज्ञातम् हर्यृक्ष-गण-सन्निधौ उत्सादनम् अ-मित्राणाम् सीता यैः तु","रामेण हि प्रतिज्ञातं हर्यृक्षगणसंनिधौ। उत्सादनममित्राणां सीता यैस्तु प्रधर्षिता॥"
"अपकुर्वन् हि रामस्य साक्षात् अपि पुरन्दरः न सुखम् प्राप्नुयात् अन्यः किम् पुनः त्वत्-विधः जनः (प्राप्नुयात्)","अपकुर्वन् अन्यः किम् पुनः त्वत्-विधः जनः (प्राप्नुयात्) हि रामस्य साक्षात् अपि पुरन्दरः न सुखम् प्राप्नुयात्","अपकुर्वन् हि रामस्य साक्षादपि पुरंदरः। न सुखं प्राप्नुयादन्यः किं पुनस्त्वद्विधो जनः॥"
"याम् सीता इति अभिजानासि या इयम् तिष्ठति ते गृहे कालरात्रिः इति ताम् विद्धि सर्व-लङ्का-विनाशिनीम् .","याम् कालरात्रिः इति ताम् विद्धि सर्व-लङ्का-विनाशिनीम् . सीता इति अभिजानासि या इयम् तिष्ठति ते गृहे","यां सीतेत्यभिजानासि येयं तिष्ठति ते गृहे। कालरात्रीति तां विद्धि सर्वलङ्काविनाशिनीम्॥"
"तत् अलम् काल-पाशेन सीता-विग्रह-रूपिणा स्वयम् स्कन्धावसक्तेन क्षेमम् आत्मनि चिन्त्यताम् .","तत् . अलम् काल-पाशेन सीता-विग्रह-रूपिणा स्वयम् स्कन्धावसक्तेन क्षेमम् आत्मनि चिन्त्यताम्","तदलं कालपाशेन सीताविग्रहरूपिणा। स्वयं स्कन्धावसक्तेन क्षेममात्मनि चिन्त्यताम्॥"
"सीतायाः तेजसा दग्धाम् राम-कोप-प्रदीपिताम् दह्यमानाम् इमाम् पश्य पुरीम् स-अट्टप्रतोलिकाम् .","सीतायाः . तेजसा दग्धाम् राम-कोप-प्रदीपिताम् दह्यमानाम् इमाम् पश्य पुरीम् स-अट्टप्रतोलिकाम्","सीतायास्तेजसा दग्धां रामकोपप्रदीपिताम्। दह्यमानामिमां पश्य पुरीं साट्टप्रतोलिकाम्॥"
"स्वानि मित्राणि मन्त्रीन् च ज्ञातीन् भ्रातॄन् सुतान् हितान् भोगान् दारान् च लङ्काम् च मा विनाशम् उपानय .","स्वानि दारान् च लङ्काम् च मा विनाशम् उपानय . मित्राणि मन्त्रीन् च ज्ञातीन् भ्रातॄन् सुतान् हितान् भोगान्","स्वानि मित्राणि मन्त्रींश्च ज्ञातीन् भ्रातॄन् सुता‍न‍‍्हितान्। भोगान् दारांश्च लङ्कां च मा विनाशमुपानय॥"
"सत्यम् राक्षस-राज-इन्द्र शृणुष्व वचनम् मम राम-दासस्य दूतस्य वानरस्य विशेषतः .","सत्यम् . राक्षस-राज-इन्द्र शृणुष्व वचनम् मम राम-दासस्य दूतस्य वानरस्य विशेषतः","सत्यं राक्षसराजेन्द्र शृणुष्व वचनं मम। रामदासस्य दूतस्य वानरस्य विशेषतः॥"
"सर्वान् लोकान् सुसंहृत्य स-भूतान् सचर-अचरान् पुनः एव तथा स्रष्टुम् शक्तः रामः महा-यशाः .","सर्वान् शक्तः रामः महा-यशाः . लोकान् सुसंहृत्य स-भूतान् सचर-अचरान् पुनः एव तथा स्रष्टुम्","सर्वान् लोकान् सुसंहृत्य सभूतान् सचराचरान्। पुनरेव तथा स्रष्टुं शक्तो रामो महायशाः॥"
"देव-असुर-नर-इन्द्रेषु यक्षरक्षस्-उरगेषु च विद्या-धरेषु नागेषु गन्धर्वेषु मृगेषु च सिद्धेषु किन्नर-इन्द्रेषु पतत्त्रिषु च सर्वतः सर्वत्र सर्व-भूतेषु सर्व-कालेषु न अस्ति सः .","देव-असुर-नर-इन्द्रेषु किन्नर-इन्द्रेषु पतत्त्रिषु च सर्वतः सर्वत्र सर्व-भूतेषु सर्व-कालेषु न अस्ति सः यक्षरक्षस्-उरगेषु . च विद्या-धरेषु नागेषु गन्धर्वेषु मृगेषु च सिद्धेषु","देवासुरनरेन्द्रेषु यक्षरक्षोरगेषु च। विद्याधरेषु नागेषु गन्धर्वेषु मृगेषु च ।। सिद्धेषु किंनरेन्द्रेषु पतत्त्रिषु च सर्वतः। सर्वत्र सर्वभूतेषु सर्वकालेषु नास्ति सः॥"
"यः रामम् प्रति युध्येत विष्णुतुल्य-पराक्रमम् सर्वलोक-ईश्वरस्य इह कृत्वा विप्रियम् ईदृशम् रामस्य राज-सिंहस्य दुर्लभम् तव जीवितम् (अस्ति)","यः ईदृशम् रामस्य राज-सिंहस्य दुर्लभम् तव जीवितम् (अस्ति) रामम् प्रति युध्येत विष्णुतुल्य-पराक्रमम् सर्वलोक-ईश्वरस्य इह कृत्वा विप्रियम्","यो रामं प्रति युध्येत विष्णुतुल्यपराक्रमम्। सर्वलोकेश्वरस्येह कृत्वा विप्रियमीदृशम्। रामस्य राजसिंहस्य दुर्लभं तव जीवितम्॥"
"देवाः च दैत्याः च निशाचर-इन्द्र गन्धर्व-विद्याधर-नाग-यक्षाः रामस्य लोक-त्रय-नायकस्य स्थातुम् न शक्ताः समरेषु सर्वे (पुरतः)","देवाः न शक्ताः समरेषु सर्वे (पुरतः) च दैत्याः च निशाचर-इन्द्र गन्धर्व-विद्याधर-नाग-यक्षाः रामस्य लोक-त्रय-नायकस्य स्थातुम्","देवाश्च दैत्याश्च निशाचरेन्द्र गन्धर्वविद्याधरनागयक्षाः। रामस्य लोकत्रयनायकस्य स्थातुं न शक्ताः समरेषु सर्वे॥"
"ब्रह्मा स्वयम्भूः चतुराननः वा रुद्रः त्रिनेत्रः त्रिपुरान्तकः वा इन्द्रः महेन्द्रः सुर-नायकः वा स्थातुम् न शक्ताः युधि राघवस्य .","ब्रह्मा महेन्द्रः सुर-नायकः वा स्थातुम् न शक्ताः युधि राघवस्य . स्वयम्भूः चतुराननः वा रुद्रः त्रिनेत्रः त्रिपुरान्तकः वा इन्द्रः","ब्रह्मा स्वयम्भूश्चतुराननो वा रुद्रस्त्रिनेत्रस्त्रिपुरान्तको वा। इन्द्रो महेन्द्रः सुरनायको वा स्थातुं न शक्ता युधि राघवस्य॥"
"सः सौष्ठव-उपेतम् अदीनवादिनः कपेः निशम्य अप्रतिमः अप्रियम् वचः दश-आननः कोप-विवृत्त-लोचनः समादिशत् तस्य वधम् महा-कपेः .","सः कोप-विवृत्त-लोचनः समादिशत् तस्य वधम् महा-कपेः . सौष्ठव-उपेतम् अदीनवादिनः कपेः निशम्य अप्रतिमः अप्रियम् वचः दश-आननः","स सौष्ठवोपेतमदीनवादिनः कपेर्निशम्याप्रतिमोऽप्रियं वचः। दशाननः कोपविवृत्तलोचनः समादिशत् तस्य वधं महाकपेः॥"
"सः तस्य वचनम् श्रुत्वा वानरस्य महा-आत्मनः आज्ञापयत् वधम् तस्य रावणः क्रोध-मूर्च्छितः .","सः रावणः क्रोध-मूर्च्छितः . तस्य वचनम् श्रुत्वा वानरस्य महा-आत्मनः आज्ञापयत् वधम् तस्य","स तस्य वचनं श्रुत्वा वानरस्य महात्मनः। आज्ञापयद् वधं तस्य रावणः क्रोधमूर्च्छितः॥"
"वधे तस्य समाज्ञप्ते रावणेन दुरात्मना निवेदितवतः दौत्यम् न अनुमेने विभीषणः .","वधे विभीषणः . तस्य समाज्ञप्ते रावणेन दुरात्मना निवेदितवतः दौत्यम् न अनुमेने","वधे तस्य समाज्ञप्ते रावणेन दुरात्मना। निवेदितवतो दौत्यं नानुमेने विभीषणः॥"
"तम् रक्षस्-अधिपतिम् क्रुद्धम् तत् च कार्यम् उपस्थितम् विदित्वा चिन्तयामास कार्यम् कार्य-विधौ स्थितः .","तम् कार्यम् कार्य-विधौ स्थितः . रक्षस्-अधिपतिम् क्रुद्धम् तत् च कार्यम् उपस्थितम् विदित्वा चिन्तयामास","तं रक्षोऽधिपतिं क्रुद्धं तच्च कार्यमुपस्थितम्। विदित्वा चिन्तयामास कार्यं कार्यविधौ स्थितः॥"
"निश्चित-अर्थः ततः साम्ना पूज्यम् शत्रुजित्-अग्रजम् उवाच हितम् अत्यर्थम् वाक्यम् वाक्य-विशारदः .","निश्चित-अर्थः वाक्य-विशारदः . ततः साम्ना पूज्यम् शत्रुजित्-अग्रजम् उवाच हितम् अत्यर्थम् वाक्यम्","निश्चितार्थस्ततः साम्ना पूज्यं शत्रुजिदग्रजम्। उवाच हितमत्यर्थं वाक्यं वाक्यविशारदः॥"
"क्षमस्व रोषम् त्यज राक्षस-इन्द्र प्रसीद मे वाक्यम् इदम् शृणुष्व वधम् न कुर्वन्ति परावरज्ञाः दूतस्य सन्तः वसुधा-अधिप-इन्द्राः (च)","क्षमस्व वधम् न कुर्वन्ति परावरज्ञाः दूतस्य सन्तः वसुधा-अधिप-इन्द्राः (च) रोषम् त्यज राक्षस-इन्द्र प्रसीद मे वाक्यम् इदम् शृणुष्व","क्षमस्व रोषं त्यज राक्षसेन्द्र प्रसीद मे वाक्यमिदं शृणुष्व। वधं न कुर्वन्ति परावरज्ञा दूतस्य सन्तो वसुधाधिपेन्द्राः॥"
"राजन् धर्म-विरुद्धम् च लोक-वृत्तेः च गर्हितम् तव च अ-सदृशम् वीर कपेः अस्य प्रमापणम् (अस्ति) .","राजन् वीर कपेः अस्य प्रमापणम् (अस्ति) . धर्म-विरुद्धम् च लोक-वृत्तेः च गर्हितम् तव च अ-सदृशम्","राजन् धर्मविरुद्धं च लोकवृत्तेश्च गर्हितम्। तव चासदृशं वीर कपेरस्य प्रमापणम्॥"
"धर्म-ज्ञः च कृत-ज्ञः च राज-धर्म-विशारदः परावर-ज्ञः भूतानाम् त्वम् एव परम-अर्थवित् (असि) .","धर्म-ज्ञः परम-अर्थवित् (असि) . च कृत-ज्ञः च राज-धर्म-विशारदः परावर-ज्ञः भूतानाम् त्वम् एव","धर्मज्ञश्च कृतज्ञश्च राजधर्मविशारदः। परावरज्ञो भूतानां त्वमेव परमार्थवित्॥"
"गृह्यन्ते यदि रोषेण त्वादृशः अपि विचक्षणाः ततः शास्त्र-विपश्चित्त्वम् श्रमः एव हि केवलम् (अस्ति)","गृह्यन्ते एव हि केवलम् (अस्ति) यदि रोषेण त्वादृशः अपि विचक्षणाः ततः शास्त्र-विपश्चित्त्वम् श्रमः","गृह्यन्ते यदि रोषेण त्वादृशोऽपि विचक्षणाः। ततः शास्त्रविपश्चित्त्वं श्रम एव हि केवलम्॥"
"तस्मात् प्रसीद शत्रुघ्न राक्षस-इन्द्र दुरासद युक्ता-अयुक्तम् विनिश्चित्य दूत-दण्डः विधीयताम् विभीषण-वचः श्रुत्वा रावणः राक्षस-ईश्वरः कोपेन महता आविष्टः वाक्यम् उत्तरम् अब्रवीत् .","तस्मात् विभीषण-वचः श्रुत्वा रावणः राक्षस-ईश्वरः कोपेन महता आविष्टः वाक्यम् उत्तरम् अब्रवीत् प्रसीद . शत्रुघ्न राक्षस-इन्द्र दुरासद युक्ता-अयुक्तम् विनिश्चित्य दूत-दण्डः विधीयताम्","तस्मात् प्रसीद शत्रुघ्न राक्षसेन्द्र दुरासद। युक्तायुक्तं विनिश्चित्य दूतदण्डो विधीयताम् ।। विभीषणवचः श्रुत्वा रावणो राक्षसेश्वरः। कोपेन महताऽऽविष्टो वाक्यमुत्तरमब्रवीत्॥"
"न पापानाम् वधे पापम् विद्यते शत्रु-सूदन तस्मात् इमम् वधिष्यामि वानरम् पाप-कारिणम् .","न वानरम् पाप-कारिणम् . पापानाम् वधे पापम् विद्यते शत्रु-सूदन तस्मात् इमम् वधिष्यामि","न पापानां वधे पापं विद्यते शत्रुसूदन। तस्मादिमं वधिष्यामि वानरं पापकारिणम्॥"
"अधर्म-मूलम् बहुदोष-युक्तम् अनार्य-जुष्टम् वचनम् निशम्य उवाच वाक्यम् परमार्थ-तत्त्वम् विभीषणः बुद्धिमताम् वरिष्ठः .","अधर्म-मूलम् बुद्धिमताम् वरिष्ठः . बहुदोष-युक्तम् अनार्य-जुष्टम् वचनम् निशम्य उवाच वाक्यम् परमार्थ-तत्त्वम् विभीषणः","अधर्ममूलं बहुदोषयुक्त- मनार्यजुष्टं वचनं निशम्य। उवाच वाक्यं परमार्थतत्त्वं विभीषणो बुद्धिमतां वरिष्ठः॥"
"प्रसीद लङ्का-ईश्वर राक्षस-इन्द्र धर्मार्थ-तत्त्वम् वचनम् शृणुष्व दूताः न वध्याः समयेषु राजन् सर्वेषु सर्वत्र वदन्ति सन्तः (इति)","प्रसीद समयेषु राजन् सर्वेषु सर्वत्र वदन्ति सन्तः (इति) लङ्का-ईश्वर राक्षस-इन्द्र धर्मार्थ-तत्त्वम् वचनम् शृणुष्व दूताः न वध्याः","प्रसीद लङ्केश्वर राक्षसेन्द्र धर्मार्थतत्त्वं वचनं शृणुष्व। दूता न वध्याः समयेषु राजन् सर्वेषु सर्वत्र वदन्ति सन्तः॥"
"असंशयम् शत्रुः अयम् प्रवृद्धः कृतम् हि अनेन अ-प्रियम् अ-प्रमेयम् न दूत-वध्याम् प्रवदन्ति सन्तः दूतस्य दृष्टाः बहवः हि दण्डाः (अस्ति)","असंशयम् न दूत-वध्याम् प्रवदन्ति सन्तः दूतस्य दृष्टाः बहवः हि दण्डाः (अस्ति) शत्रुः अयम् प्रवृद्धः कृतम् हि अनेन अ-प्रियम् अ-प्रमेयम्","असंशयं शत्रुरयं प्रवृद्धः कृतं ह्यनेनाप्रियमप्रमेयम्। न दूतवध्यां प्रवदन्ति सन्तो दूतस्य दृष्टा बहवो हि दण्डाः॥"
"वैरूप्यम् अङ्गेषु कश-अभिघातः मौण्ड्यम् तथा लक्षण-सन्निपातः एतान् हि दूते प्रवदन्ति दण्डान् वधः तु दूतस्य न नः श्रुतः अस्ति .","वैरूप्यम् प्रवदन्ति दण्डान् वधः तु दूतस्य न नः श्रुतः अस्ति . अङ्गेषु कश-अभिघातः मौण्ड्यम् तथा लक्षण-सन्निपातः एतान् हि दूते","वैरूप्यमङ्गेषु कशाभिघातो मौण्ड्यं तथा लक्षणसंनिपातः। एतान् हि दूते प्रवदन्ति दण्डान् वधस्तु दूतस्य न नः श्रुतोऽस्ति॥"
"कथम् च धर्मार्थ-विनीत-बुद्धिः परावर-प्रत्यय-निश्चित-अर्थः भवत्-विधः कोप-वशे हि तिष्ठेत् कोपम् न गच्छन्ति हि सत्त्ववन्तः .","कथम् न गच्छन्ति हि सत्त्ववन्तः . च धर्मार्थ-विनीत-बुद्धिः परावर-प्रत्यय-निश्चित-अर्थः भवत्-विधः कोप-वशे हि तिष्ठेत् कोपम्","कथं च धर्मार्थविनीतबुद्धिः परावरप्रत्ययनिश्चितार्थः। भवद्विधः कोपवशे हि तिष्ठेत् कोपं न गच्छन्ति हि सत्त्ववन्तः॥"
"न धर्म-वादे न च लोक-वृत्ते न शास्त्र-बुद्धि-ग्रहणेषु वापि विद्येत कश्चित् तव वीर तुल्यः त्वम् हि उत्तमः सर्व-सुर-असुराणाम् (असि)","न कश्चित् तव वीर तुल्यः त्वम् हि उत्तमः सर्व-सुर-असुराणाम् (असि) धर्म-वादे न च लोक-वृत्ते न शास्त्र-बुद्धि-ग्रहणेषु वापि विद्येत","न धर्मवादे न च लोकवृत्ते न शास्त्रबुद्धिग्रहणेषु वापि। विद्येत कश्चित्तव वीर तुल्यस्त्वं ह्युत्तमः सर्वसुरासुराणाम्॥"
"न च अपि अस्य कपेः घाते कञ्चित् पश्यामि अहम् गुणम् तेषु अयम् पात्यताम् दण्डः यैः अयम् प्रेषितः कपिः","न गुणम् तेषु अयम् पात्यताम् दण्डः यैः अयम् प्रेषितः कपिः च अपि अस्य कपेः घाते कञ्चित् पश्यामि अहम्","न चाप्यस्य कपेर्घाते कंचित् पश्याम्यहं गुणम्। तेष्वयं पात्यतां दण्डो यैरयं प्रेषितः कपिः॥"
"साधुः वा यदि वा असाधुः परैः एषः समर्पितः ब्रुवन् परार्थम् परवान् न दूतः वधम् अर्हति (भवतु)","साधुः परार्थम् परवान् न दूतः वधम् अर्हति (भवतु) वा यदि वा असाधुः परैः एषः समर्पितः ब्रुवन्","साधुर्वा यदि वासाधुः परैरेष समर्पितः। ब्रुवन् परार्थं परवान् न दूतो वधमर्हति॥"
"अपि च अस्मिन् हते न अन्यम् राजन् पश्यामि खेचरम् तस्मात् न अस्य वधे यत्नः कार्यः पर-पुरञ्जय भवान् सेन्द्रेषु देवेषु यत्नम् आस्थातुम् अर्हति .","अपि तस्मात् न अस्य वधे यत्नः कार्यः पर-पुरञ्जय भवान् सेन्द्रेषु देवेषु च यत्नम् आस्थातुम् अर्हति . अस्मिन् हते न अन्यम् राजन् पश्यामि खेचरम्","अपि चास्मिन् हते नान्यं राजन् पश्यामि खेचरम्। तस्मान्नास्य वधे यत्नः कार्यः परपुरंजय। भवान् सेन्द्रेषु देवेषु यत्नमास्थातुमर्हति॥"
"अस्मिन् विनष्टे न हि भूतम् अन्यम् पश्यामि यः तौ नरराज-पुत्रौ युद्धाय युद्ध-प्रिय दुर्विनीतौ उद्योजयेत् वै भवता विरुद्धौ (तम्)","अस्मिन् नरराज-पुत्रौ युद्धाय युद्ध-प्रिय दुर्विनीतौ उद्योजयेत् वै भवता विरुद्धौ (तम्) विनष्टे न हि भूतम् अन्यम् पश्यामि यः तौ","अस्मिन् विनष्टे नहि भूतमन्यं पश्यामि यस्तौ नरराजपुत्रौ। युद्धाय युद्धप्रिय दुर्विनीतावुद्योजयेद् वै भवता विरुद्धौ॥"
"पराक्रम-उत्साह-मनस्विनाम् च सुर-असुराणाम् अपि दुर्जयेन त्वया मनस्-नन्दन नैरृतानाम् युद्धाय निर्नाशयितुम् न युक्तम् .","पराक्रम-उत्साह-मनस्विनाम् निर्नाशयितुम् न युक्तम् . च सुर-असुराणाम् अपि दुर्जयेन त्वया मनस्-नन्दन नैरृतानाम् युद्धाय","पराक्रमोत्साहमनस्विनां च सुरासुराणामपि दुर्जयेन। त्वया मनोनन्दन नैर्ऋतानां युद्धाय निर्नाशयितुं न युक्तम्॥"
"हिताः च शूराः च समाहिताः च कुलेषु जाताः च महा-गुणेषु मनस्विनः शस्त्र-भृताम् वरिष्ठाः कोप-प्रशस्ताः सुभृताः च योधाः (सन्ति)","हिताः महा-गुणेषु मनस्विनः शस्त्र-भृताम् वरिष्ठाः कोप-प्रशस्ताः सुभृताः च योधाः (सन्ति) च शूराः च समाहिताः च कुलेषु जाताः च","हिताश्च शूराश्च समाहिताश्च कुलेषु जाताश्च महागुणेषु। मनस्विनः शस्त्रभृतां वरिष्ठाः कोपप्रशस्ताः सुभृताश्च योधाः॥"
"तत् एक-देशेन बलस्य तावत् केचित् तव आदेश-कृतः अद्य यान्तु तौ राज-पुत्रौ उपगृह्य मूढौ परेषु ते भावयितुम् प्रभावम् .","तत् तौ राज-पुत्रौ उपगृह्य मूढौ परेषु ते भावयितुम् प्रभावम् . एक-देशेन बलस्य तावत् केचित् तव आदेश-कृतः अद्य यान्तु","तदेकदेशेन बलस्य तावत् केचित् तवादेशकृतोऽद्य यान्तु। तौ राजपुत्रावुपगृह्य मूढौ परेषु ते भावयितुं प्रभावम्॥"
"निशा-चराणाम् अधिपः अनुजस्य विभीषणस्य उत्तम-वाक्यम् इष्टम् जग्राह बुद्ध्या सुरलोक-शत्रुः महा-बलः राक्षस-राज-मुख्यः .","निशा-चराणाम् महा-बलः राक्षस-राज-मुख्यः . अधिपः अनुजस्य विभीषणस्य उत्तम-वाक्यम् इष्टम् जग्राह बुद्ध्या सुरलोक-शत्रुः","निशाचराणामधिपोऽनुजस्य विभीषणस्योत्तमवाक्यमिष्टम्। जग्राह बुद्ध्या सुरलोकशत्रुर्महाबलो राक्षसराजमुख्यः॥"
"तस्य तत् वचनम् श्रुत्वा दश-ग्रीवः महा-आत्मनः देश-काल-हितम् वाक्यम् भ्रातुः उत्तरम् अब्रवीत् .","तस्य उत्तरम् अब्रवीत् . तत् वचनम् श्रुत्वा दश-ग्रीवः महा-आत्मनः देश-काल-हितम् वाक्यम् भ्रातुः","तस्य तद् वचनं श्रुत्वा दशग्रीवो महात्मनः। देशकालहितं वाक्यं भ्रातुरुत्तरमब्रवीत्॥ १॥"
"सम्यक् उक्तम् हि भवता दूत-वध्या विगर्हिता अवश्यम् तु वधाय अन्यः क्रियताम् अस्य निग्रहः (यतः)","सम्यक् अन्यः क्रियताम् अस्य निग्रहः (यतः) उक्तम् हि भवता दूत-वध्या विगर्हिता अवश्यम् तु वधाय","सम्यगुक्तं हि भवता दूतवध्या विगर्हिता। अवश्यं तु वधायान्यः क्रियतामस्य निग्रहः॥ २॥"
"कपीनाम् किल लाङ्गूलम् इष्टम् भवति भूषणम् तत् अस्य दीप्यताम् शीघ्रम् (अतः); तेन दग्धेन गच्छतु (सः)","कपीनाम् शीघ्रम् (अतः) किल लाङ्गूलम् इष्टम् भवति भूषणम् तत् अस्य दीप्यताम्; तेन दग्धेन गच्छतु (सः)","कपीनां किल लाङ्गूलमिष्टं भवति भूषणम्। तदस्य दीप्यतां शीघ्रं तेन दग्धेन गच्छतु॥ ३॥"
"ततः पश्यन्तु अमुम् दीनम् अङ्ग-वैरूप्य-कर्शितम् सु-मित्र-ज्ञातयः सर्वे बान्धवाः स-सु-हृत्-जनाः (च)","ततः (च) पश्यन्तु अमुम् दीनम् अङ्ग-वैरूप्य-कर्शितम् सु-मित्र-ज्ञातयः सर्वे बान्धवाः स-सु-हृत्-जनाः","ततः पश्यन्त्वमुं दीनमङ्गवैरूप्यकर्शितम्। सुमित्रज्ञातयः सर्वे बान्धवाः ससुहृज्जनाः॥ ४॥"
"आज्ञापयत् राक्षस-इन्द्रः पुरम् सर्वम् स-चत्वरम् लाङ्गूलेन प्रदीप्तेन रक्षोभिः परिणीयताम् (इति) (युक्तः)","आज्ञापयत् (इति) (युक्तः) राक्षस-इन्द्रः पुरम् सर्वम् स-चत्वरम् लाङ्गूलेन प्रदीप्तेन रक्षोभिः परिणीयताम्","आज्ञापयद् राक्षसेन्द्रः पुरं सर्वं सचत्वरम्। लाङ्गूलेन प्रदीप्तेन रक्षोभिः परिणीयताम्॥ ५॥"
"तस्य तत् वचनम् श्रुत्वा राक्षसाः कोप-कर्कशाः वेष्टन्ते तस्य लाङ्गूलम् जीर्णैः कार्पासिकैः पटैः .","तस्य जीर्णैः कार्पासिकैः पटैः . तत् वचनम् श्रुत्वा राक्षसाः कोप-कर्कशाः वेष्टन्ते तस्य लाङ्गूलम्","तस्य तद् वचनं श्रुत्वा राक्षसाः कोपकर्कशाः। वेष्टन्ते तस्य लाङ्गूलं जीर्णैः कार्पासिकैः पटैः"
"संवेष्ट्यमाने लाङ्गूले व्यवर्धत महा-कपिः शुष्कम् इन्धनम् आसाद्य वनेषु इव हुताशनम् .","संवेष्ट्यमाने हुताशनम् . लाङ्गूले व्यवर्धत महा-कपिः शुष्कम् इन्धनम् आसाद्य वनेषु इव","संवेष्ट्यमाने लाङ्गूले व्यवर्धत महाकपिः। शुष्कमिन्धनमासाद्य वनेष्विव हुताशनम्॥ ७॥"
"तैलेन परिषिच्य अथ ते अग्निम् तत्र उपपादयन् लाङ्गूलेन प्रदीप्तेन राक्षसान् तान् अताडयत् रोष-अमर्ष-परीत-आत्मा बाल-सूर्य-सम-आननः .","तैलेन राक्षसान् तान् अताडयत् रोष-अमर्ष-परीत-आत्मा बाल-सूर्य-सम-आननः . परिषिच्य अथ ते अग्निम् तत्र उपपादयन् लाङ्गूलेन प्रदीप्तेन","तैलेन परिषिच्य अथ तेऽग्निं तत्रोपपादयन्। लाङ्गूलेन प्रदीप्तेन राक्षसांस्तानताडयत्। रोषामर्षपरीतात्मा बालसूर्यसमाननः।"
"सः भूयः सङ्गतैः क्रूरैः राक्षसैः हरि-पुङ्गवः सह-स्त्री-बाल-वृद्धाः च जग्मुः प्रीतिम् निशा-चराः (निबद्धः) (इति) (दृष्ट्वा)","सः प्रीतिम् निशा-चराः (निबद्धः) (इति) (दृष्ट्वा) भूयः सङ्गतैः क्रूरैः राक्षसैः हरि-पुङ्गवः सह-स्त्री-बाल-वृद्धाः च जग्मुः","स भूयः संगतैः क्रूरै राक्षसैर्हरिपुङ्गवः। सहस्त्रीबालवृद्धाश्च जग्मुः प्रीतिं निशाचराः।"
"निबद्धः कृतवान् वीरः तत् काल-सदृशीम् मतिम् कामम् खलु न मे शक्ताः निबद्धस्य अपि राक्षसाः छित्त्वा पाशान् समुत्पत्य हन्याम् अहम् इमान् पुनः (अतः) (इति) (समीपे)","निबद्धः शक्ताः निबद्धस्य अपि राक्षसाः छित्त्वा पाशान् समुत्पत्य हन्याम् अहम् इमान् कृतवान् पुनः (अतः) (इति) (समीपे) वीरः तत् काल-सदृशीम् मतिम् कामम् खलु न मे","निबद्धः कृतवान् वीरस्तत्कालसदृशीं मतिम्। कामं खलु न मे शक्ता निबद्धस्यापि राक्षसाः। छित्त्वा पाशान् समुत्पत्य हन्यामहमिमान् पुनः॥ ११॥"
"यदि भर्तृ-हित-अर्थाय चरन्तम् भर्तृ-शासनात् निबध्नन्ते दुर्-आत्मानः न तु मे निष्कृतिः कृता (तथापि)","यदि निष्कृतिः कृता (तथापि) भर्तृ-हित-अर्थाय चरन्तम् भर्तृ-शासनात् निबध्नन्ते दुर्-आत्मानः न तु मे","यदि भर्तृहितार्थाय चरन्तं भर्तृशासनात्। निबध्नन्ते दुरात्मानो न तु मे निष्कृतिः कृता॥ १२॥"
"सर्वेषाम् एव पर्याप्तः राक्षसानाम् अहम् युधि किन्तु रामस्य प्रीति-अर्थम् विषहिष्ये अहम् ईदृशम् (बन्धनम्)","सर्वेषाम् विषहिष्ये अहम् ईदृशम् (बन्धनम्) एव पर्याप्तः राक्षसानाम् अहम् युधि किन्तु रामस्य प्रीति-अर्थम्","सर्वेषामेव पर्याप्तो राक्षसानामहं युधि। किं तु रामस्य प्रीत्यर्थं विषहिष्येऽहमीदृशम्॥ १३॥"
"लङ्का चारयितव्या मे पुनः एव भवेत् इति रात्रौ नहि सुदृष्टा मे दुर्ग-कर्म-विधानतः (यतः)","लङ्का सुदृष्टा मे दुर्ग-कर्म-विधानतः (यतः) चारयितव्या मे पुनः एव भवेत् इति रात्रौ नहि","लङ्का चारयितव्या मे पुनरेव भवेदिति। रात्रौ नहि सुदृष्टा मे दुर्गकर्मविधानतः॥ १४॥"
"अवश्यम् एव द्रष्टव्या मया लङ्का निशा-क्षये कामम् बध्नन्तु मे भूयः पुच्छस्य उद्दीपनेन च पीडाम् कुर्वन्ति रक्षांसि न मे अस्ति मनसः श्रमः (यतः)","अवश्यम् भूयः पुच्छस्य उद्दीपनेन च पीडाम् कुर्वन्ति रक्षांसि न मे अस्ति एव मनसः श्रमः (यतः) द्रष्टव्या मया लङ्का निशा-क्षये कामम् बध्नन्तु मे","अवश्यमेव द्रष्टव्या मया लङ्का निशाक्षये। कामं बध्नन्तु मे भूयः पुच्छस्योद्दीपनेन च। पीडां कुर्वन्ति रक्षांसि न मेऽस्ति मनसः श्रमः।"
"ततः ते संवृत-आकारम् सत्त्ववन्तम् महा-कपिम् परिगृह्य ययुः हृष्टाः राक्षसाः कपि-कुञ्जरम् .","ततः कपि-कुञ्जरम् . ते संवृत-आकारम् सत्त्ववन्तम् महा-कपिम् परिगृह्य ययुः हृष्टाः राक्षसाः","ततस्ते संवृताकारं सत्त्ववन्तं महाकपिम्। परिगृह्य ययुर्हृष्टा राक्षसाः कपिकुञ्जरम्।"
"शङ्ख-भेरी-निनादैः च घोषयन्तः स्व-कर्मभिः राक्षसाः क्रूर-कर्माणः चारयन्ति स्म ताम् पुरीम् .","शङ्ख-भेरी-निनादैः पुरीम् . च घोषयन्तः स्व-कर्मभिः राक्षसाः क्रूर-कर्माणः चारयन्ति स्म ताम्","शङ्खभेरीनिनादैश्च घोषयन्तः स्वकर्मभिः। राक्षसाः क्रूरकर्माणश्चारयन्ति स्म तां पुरीम्।"
"अन्वीयमानः रक्षोभिः ययौ सुखम् अरिन्-दमः हनूमान् चारयामास राक्षसानाम् महा-पुरीम् च .","अन्वीयमानः च . रक्षोभिः ययौ सुखम् अरिन्-दमः हनूमान् चारयामास राक्षसानाम् महा-पुरीम्","अन्वीयमानो रक्षोभिर्ययौ सुखमिरंदमः। हनूमांश्चारयामास राक्षसानां महापुरीम्।"
"अथ अपश्यत् विमानानि विचित्राणि महा-कपिः संवृतान् भूमि-भागान् च सु-विभक्तान् चत्वरान् रथ्याः च गृह-सम्बाधाः कपिः शृङ्गाटकानि च तथा रथ्या-उप-रथ्याः च तथा एव च गृह-आन्तरान् .","अथ चत्वरान् रथ्याः च गृह-सम्बाधाः कपिः शृङ्गाटकानि च तथा रथ्या-उप-रथ्याः च अपश्यत् तथा एव च गृह-आन्तरान् . विमानानि विचित्राणि महा-कपिः संवृतान् भूमि-भागान् च सु-विभक्तान्","अथापश्यद् विमानानि विचित्राणि महाकपिः। संवृतान् भूमिभागांश्च सुविभक्तांश्च चत्वरान्। रथ्याश्च गृहसम्बाधाः कपिः शृङ्गाटकानि च। तथा रथ्योपरथ्याश्च तथैव च गृहान्तरान्"
"चत्वरेषु चतुष्केषु राज-मार्गे तथा एव च घोषयन्ति कपिम् सर्वे चारः इति एव राक्षसाः .","चत्वरेषु चारः इति एव राक्षसाः . चतुष्केषु राज-मार्गे तथा एव च घोषयन्ति कपिम् सर्वे","चत्वरेषु चतुष्केषु राजमार्गे तथैव च। घोषयन्ति कपिं सर्वे चार इत्येव राक्षसाः।"
"स्त्री-बाल-वृद्धाः निर्जग्मुः तत्र तत्र कुतूहलात् तम् प्रदीपित-लाङ्गूलम् हनूमन्तम् दिदृक्षवः .","स्त्री-बाल-वृद्धाः . निर्जग्मुः तत्र तत्र कुतूहलात् तम् प्रदीपित-लाङ्गूलम् हनूमन्तम् दिदृक्षवः","स्त्रीबालवृद्धा निर्जग्मुस्तत्र तत्र कुतूहलात्। तं प्रदीपितलाङ्गूलं हनूमन्तं दिदृक्षवः।"
"दीप्यमाने ततः तस्य लाङ्गूल-अग्रे हनूमतः राक्षस्यः ताः वि-रूप-अक्ष्यः शंसुः देव्याः तद् अ-प्रियम् (समीपे)","दीप्यमाने देव्याः तद् अ-प्रियम् (समीपे) ततः तस्य लाङ्गूल-अग्रे हनूमतः राक्षस्यः ताः वि-रूप-अक्ष्यः शंसुः","दीप्यमाने ततस्तस्य लाङ्गूलाग्रे हनूमतः। राक्षस्यस्ता विरूपाक्ष्यः शंसुर्देव्यास्तदप्रियम्।"
"यः त्वया कृत-संवादः सीते ताम्र-मुखः कपिः लाङ्गूलेन प्रदीप्तेन सः एषः परिणीयते .","यः एषः परिणीयते . त्वया कृत-संवादः सीते ताम्र-मुखः कपिः लाङ्गूलेन प्रदीप्तेन सः","यस्त्वया कृतसंवादः सीते ताम्रमुखः कपिः। लाङ्गूलेन प्रदीप्तेन स एष परिणीयते।"
"श्रुत्वा तत् वचनम् क्रूरम् आत्म-अपहरण-उपमम् वैदेही शोक-सन्तप्ता हुत-अशनम् उपागमत् .","श्रुत्वा . तत् वचनम् क्रूरम् आत्म-अपहरण-उपमम् वैदेही शोक-सन्तप्ता हुत-अशनम् उपागमत्","श्रुत्वा तद् वचनं क्रूरमात्मापहरणोपमम्। वैदेही शोकसंतप्ता हुताशनमुपागमत्।"
"मङ्गल-अभि-मुखी तस्य सा तदा आसीत् महा-कपेः उपतस्थे विशाल-अक्षी प्रयता हव्य-वाहनम् (सती) (अतः)","मङ्गल-अभि-मुखी हव्य-वाहनम् (सती) (अतः) तस्य सा तदा आसीत् महा-कपेः उपतस्थे विशाल-अक्षी प्रयता","मङ्गलाभिमुखी तस्य सा तदासीन्महाकपेः। उपतस्थे विशालाक्षी प्रयता हव्यवाहनम्।"
"यदि अस्ति पति-शुश्रूषा यदि अस्ति चरितम् तपः यदि वा तु एक-पत्नीत्वम् शीतः भव हनूमतः (तर्हि) (अस्ति)","यदि तु एक-पत्नीत्वम् शीतः भव हनूमतः (तर्हि) (अस्ति) अस्ति पति-शुश्रूषा यदि अस्ति चरितम् तपः यदि वा","यद्यस्ति पतिशुश्रूषा यद्यस्ति चरितं तपः। यदि वा त्वेकपत्नीत्वं शीतो भव हनूमतः॥ २७॥"
"यदि किञ्चिद्-अनुक्रोशः तस्य मयि अस्ति धीमतः यदि वा भाग्य-शेषः मे शीतः भव हनूमतः (तर्हि)","यदि मे शीतः भव हनूमतः (तर्हि) किञ्चिद्-अनुक्रोशः तस्य मयि अस्ति धीमतः यदि वा भाग्य-शेषः","यदि किंचिदनुक्रोशस्तस्य मय्यस्ति धीमतः। यदि वा भाग्यशेषो मे शीतो भव हनूमतः॥ २८॥"
"यदि माम् वृत्त-सम्पन्नाम् तत् समागम-लालसाम् सः विजानाति धर्म-आत्मा शीतः भव हनूमतः (तर्हि)","यदि भव हनूमतः (तर्हि) माम् वृत्त-सम्पन्नाम् तत् समागम-लालसाम् सः विजानाति धर्म-आत्मा शीतः","यदि मां वृत्तसम्पन्नां तत्समागमलालसाम्। स विजानाति धर्मात्मा शीतो भव हनूमतः॥ २९॥"
"यदि माम् तारयेत् आर्यः सुग्रीवः सत्य-सङ्गरः अस्मात् दुःख-अम्बु-संरोधात् शीतः भव हनूमतः (तर्हि)","यदि भव हनूमतः (तर्हि) माम् तारयेत् आर्यः सुग्रीवः सत्य-सङ्गरः अस्मात् दुःख-अम्बु-संरोधात् शीतः","यदि मां तारयेदार्यः सुग्रीवः सत्यसंगरः। अस्माद् दुःखाम्बुसंरोधाच्छीतो भव हनूमतः॥ ३०॥"
"ततः तीक्ष्ण-अर्चिः-अ-व्यग्रः प्रदक्षिण-शिखः अनलः जज्वाल मृग-शाव-अक्ष्याः शंसन् इव शुभम् कपेः (अग्रे)","ततः कपेः (अग्रे) तीक्ष्ण-अर्चिः-अ-व्यग्रः प्रदक्षिण-शिखः अनलः जज्वाल मृग-शाव-अक्ष्याः शंसन् इव शुभम्","ततस्तीक्ष्णार्चिरव्यग्रः प्रदक्षिणशिखोऽनलः। जज्वाल मृगशावाक्ष्याः शंसन्निव शुभं कपेः॥ ३१॥"
"हनूमत्-जनकः च एव पुच्छ-अनल-युतः अनिलः ववौ स्वास्थ्य-करः देव्याः प्रालेय-अनिल-शीतलः (इव)","हनूमत्-जनकः (इव) च एव पुच्छ-अनल-युतः अनिलः ववौ स्वास्थ्य-करः देव्याः प्रालेय-अनिल-शीतलः","हनूमज्जनकश्चैव पुच्छानलयुतोऽनिलः। ववौ स्वास्थ्यकरो देव्याः प्रालेयानिलशीतलः॥ ३२॥"
"दह्यमाने च लाङ्गूले चिन्तयामास वानरः प्रदीप्तः अग्निः अयम् कस्मात् न माम् दहति सर्वतः (इति)","दह्यमाने न माम् दहति सर्वतः (इति) च लाङ्गूले चिन्तयामास वानरः प्रदीप्तः अग्निः अयम् कस्मात्","दह्यमाने च लाङ्गूले चिन्तयामास वानरः। प्रदीप्तोऽग्निरयं कस्मान्न मां दहति सर्वतः॥ ३३॥"
"दृश्यते च महा-ज्वालः करोति च न मे रुजम् शिशिरस्य इव सम्पातः लाङ्गूल-अग्रे प्रतिष्ठितः .","दृश्यते इव सम्पातः लाङ्गूल-अग्रे प्रतिष्ठितः . च महा-ज्वालः करोति च न मे रुजम् शिशिरस्य","दृश्यते च महाज्वालः करोति च न मे रुजम्। शिशिरस्येव सम्पातो लाङ्गूलाग्रे प्रतिष्ठितः॥ ३४॥"
"अथवा तत् इदम् व्यक्तम् यत् दृष्टम् प्लवता मया राम-प्रभावात् आश्चर्यम् पर्वतः सरिताम् पतौ (शैत्यम्) (इति)","अथवा आश्चर्यम् पर्वतः सरिताम् पतौ (शैत्यम्) (इति) तत् इदम् व्यक्तम् यत् दृष्टम् प्लवता मया राम-प्रभावात्","अथवा तदिदं व्यक्तं यद् दृष्टं प्लवता मया। रामप्रभावादाश्चर्यं पर्वतः सरितां पतौ॥ ३५॥"
"यदि तावत् समुद्रस्य मैनाकस्य च धीमतः राम-अर्थम् सम्भ्रमः तादृक् किम् अग्निः न करिष्यति (स्यात्)","यदि किम् अग्निः न करिष्यति (स्यात्) तावत् समुद्रस्य मैनाकस्य च धीमतः राम-अर्थम् सम्भ्रमः तादृक्","यदि तावत् समुद्रस्य मैनाकस्य च धीमतः। रामार्थं सम्भ्रमस्तादृक् किमग्निर्न करिष्यति॥ ३६॥"
"सीतायाः च आनृशंस्येन तेजसा राघवस्य च पितुः च मम सख्येन न माम् दहति पावकः .","सीतायाः सख्येन न माम् दहति पावकः . च आनृशंस्येन तेजसा राघवस्य च पितुः च मम","सीतायाश्चानृशंस्येन तेजसा राघवस्य च। पितुश्च मम सख्येन न मां दहति पावकः॥ ३७॥"
"भूयः सः चिन्तयामास मुहूर्तम् कपि-कुञ्जरः कथम् अस्मत्-विधस्य इह बन्धनम् राक्षस-अधमैः प्रतिक्रिया अस्य युक्ता स्यात् सति मह्यम् पराक्रमे (इति) (अतः)","भूयः राक्षस-अधमैः प्रतिक्रिया अस्य युक्ता स्यात् सति मह्यम् पराक्रमे (इति) (अतः) सः चिन्तयामास मुहूर्तम् कपि-कुञ्जरः कथम् अस्मत्-विधस्य इह बन्धनम्","भूयः स चिन्तयामास मुहूर्तं कपिकुञ्जरः। कथमस्मद्विधस्येह बन्धनं राक्षसाधमैः। प्रतिक्रियास्य युक्ता स्यात् सति मह्यं पराक्रमे।"
"ततः छित्त्वा च तान् पाशान् वेगवान् वै महा-कपिः उत्पपात अथ वेगेन ननाद च महा-कपिः .","ततः अथ वेगेन ननाद च महा-कपिः . छित्त्वा च तान् पाशान् वेगवान् वै महा-कपिः उत्पपात","ततश्छित्त्वा च तान् पाशान् वेगवान् वै महाकपिः। उत्पपाताथ वेगेन ननाद च महाकपिः।"
"पुर-द्वारम् ततः श्रीमान् शैल-शृङ्गम् इव उन्नतम् विभक्त-रक्षः-सम्बाधम् आससाद अनिल-आत्मजः .","पुर-द्वारम् . ततः श्रीमान् शैल-शृङ्गम् इव उन्नतम् विभक्त-रक्षः-सम्बाधम् आससाद अनिल-आत्मजः","पुरद्वारं ततः श्रीमान् शैलशृङ्गमिवोन्नतम्। विभक्तरक्षःसम्बाधमाससादानिलात्मजः।"
"सः भूत्वा शैल-सङ्काशः क्षणेन पुनः आत्मवान् ह्रस्वताम् परमाम् प्राप्तः बन्धनानि अवशातयत् .","सः बन्धनानि अवशातयत् . भूत्वा शैल-सङ्काशः क्षणेन पुनः आत्मवान् ह्रस्वताम् परमाम् प्राप्तः","स भूत्वा शैलसंकाशः क्षणेन पुनरात्मवान्। ह्रस्वतां परमां प्राप्तो बन्धनान्यवशातयत्।"
"विमुक्तः च अभवत् श्रीमान् पुनः पर्वत-सन्निभः वीक्षमाणः च ददृशे परिघम् तोरण-आश्रितम् (इतस्ततः)","विमुक्तः परिघम् तोरण-आश्रितम् (इतस्ततः) च अभवत् श्रीमान् पुनः पर्वत-सन्निभः वीक्षमाणः च ददृशे","विमुक्तश्चाभवच्छ्रीमान् पुनः पर्वतसंनिभः। वीक्षमाणश्च ददृशे परिघं तोरणाश्रितम्।"
"सः तम् गृह्य महाबाहुः काल-आयस-परिष्कृतम् रक्षिणः तान् पुनः सर्वान् सूदयामास मारुतिः (परिघम्)","सः सूदयामास मारुतिः (परिघम्) तम् गृह्य महाबाहुः काल-आयस-परिष्कृतम् रक्षिणः तान् पुनः सर्वान्","स तं गृह्य महाबाहुः कालायसपरिष्कृतम्। रक्षिणस्तान् पुनः सर्वान् सूदयामास मारुतिः॥ ४३॥"
"सः तान् निहत्वा रण-चण्ड-विक्रमः समीक्षमाणः पुनः एव लङ्काम् प्रदीप्त-लाङ्गूल-कृत-अर्चि-माली प्रकाशित-आदित्यः इव अर्चि-माली (प्रकाशत)","सः प्रकाशित-आदित्यः इव अर्चि-माली (प्रकाशत) तान् निहत्वा रण-चण्ड-विक्रमः समीक्षमाणः पुनः एव लङ्काम् प्रदीप्त-लाङ्गूल-कृत-अर्चि-माली","  स तान् निहत्वा रणचण्डविक्रमः समीक्षमाणः पुनरेव लङ्काम्। प्रदीप्तलाङ्गूलकृतार्चिमाली प्रकाशितादित्य इवार्चिमाली॥ ४४॥"
"वीक्षमाणः ततः लङ्काम् कपिः कृत-मनः-रथः वर्धमान-समुत्साहः कार्य-शेषम् अचिन्तयत् .","वीक्षमाणः ततः लङ्काम् कपिः कृत-मनः-रथः वर्धमान-समुत्साहः कार्य-शेषम् अचिन्तयत् .","वीक्षमाणस्ततो लङ्कां कपिः कृतमनोरथः। वर्धमानसमुत्साहः कार्यशेषमचिन्तयत्॥ १॥"
"किम् नु खलु अवशिष्टम् मे कर्तव्यम् इह साम्प्रतम् यत् एषाम् रक्षसाम् भूयः सन्ताप-जननम् भवेत् (कार्यम्)","किम् एषाम् रक्षसाम् भूयः सन्ताप-जननम् भवेत् (कार्यम्) नु खलु अवशिष्टम् मे कर्तव्यम् इह साम्प्रतम् यत्","किं नु खल्ववशिष्टं मे कर्तव्यमिह साम्प्रतम्। यदेषां रक्षसां भूयः संतापजननं भवेत्॥ २॥"
"वनम् तावत् प्रमथितम् प्रकृष्टाः राक्षसाः हताः बल-एक-देशः क्षपितः (च); शेषम् दुर्ग-विनाशनम् (अस्ति)","वनम् (च) तावत् प्रमथितम् प्रकृष्टाः राक्षसाः हताः बल-एक-देशः क्षपितः; दुर्ग-विनाशनम् (अस्ति) शेषम्","वनं तावत्प्रमथितं प्रकृष्टा राक्षसा हताः। बलैकदेशः क्षपितः शेषं दुर्गविनाशनम्॥ ३॥"
"दुर्गे विनाशिते कर्म भवेत् सुख-परिश्रमम् अल्प-यत्नेन कार्ये अस्मिन् मम स्यात् सफलः श्रमः (अतः)","दुर्गे स्यात् सफलः श्रमः (अतः) विनाशिते कर्म भवेत् सुख-परिश्रमम् अल्प-यत्नेन कार्ये अस्मिन् मम","दुर्गे विनाशिते कर्म भवेत् सुखपरिश्रमम्। अल्पयत्नेन कार्येऽस्मिन् मम स्यात् सफलः श्रमः॥ ४॥"
"यः हि अयम् मम लाङ्गूले दीप्यते हव्य-वाहनः सन्तर्पणम् न्याय्यम् कर्तुम् एभिः गृह-उत्तमैः .","यः कर्तुम् एभिः गृह-उत्तमैः . हि अयम् मम लाङ्गूले दीप्यते हव्य-वाहनः सन्तर्पणम् न्याय्यम्","यो ह्ययं मम लाङ्गूले दीप्यते हव्यवाहनः। अस्य संतर्पणं न्याय्यं कर्तुमेभिर्गृहोत्तमैः॥ ५॥"
"ततः प्रदीप्त-लाङ्गूलः स-विद्युत् इव तोय-दः भवन-अग्रेषु लङ्कायाः विचचार महा-कपिः .","ततः . प्रदीप्त-लाङ्गूलः स-विद्युत् इव तोय-दः भवन-अग्रेषु लङ्कायाः विचचार महा-कपिः","ततः प्रदीप्तलाङ्गूलः सविद्युदिव तोयदः। भवनाग्रेषु लङ्काया विचचार महाकपिः॥ ६॥"
"गृहात् गृहम् राक्षसानाम् उद्यानानि च वानरः वीक्षमाणः हि अ-सन्त्रस्तः प्रासादान् च चचार सः .","गृहात् प्रासादान् च चचार सः . गृहम् राक्षसानाम् उद्यानानि च वानरः वीक्षमाणः हि अ-सन्त्रस्तः","  गृहाद् गृहं राक्षसानामुद्यानानि च वानरः। वीक्षमाणो ह्यसंत्रस्तः प्रासादांश्च चचार सः॥ ७॥"
"अवप्लुत्य महा-वेगः प्रहस्तस्य निवेशनम् अग्निम् तत्र विनिक्षिप्य श्वसनेन समः बली ततः अन्यत् पुप्लुवे वेश्म महापार्श्वस्य वीर्यवान् मुमोच हनुमान् अग्निम् काल-अनल-शिखा-उपमम् (च)","अवप्लुत्य बली ततः अन्यत् पुप्लुवे वेश्म महापार्श्वस्य वीर्यवान् मुमोच हनुमान् अग्निम् महा-वेगः काल-अनल-शिखा-उपमम् (च) प्रहस्तस्य निवेशनम् अग्निम् तत्र विनिक्षिप्य श्वसनेन समः","अवप्लुत्य महावेगः प्रहस्तस्य निवेशनम्। अग्निं तत्र विनिक्षिप्य श्वसनेन समो बली। ततोऽन्यत् पुप्लुवे वेश्म महापार्श्वस्य वीर्यवान्। मुमोच हनुमानग्निं कालानलशिखोपमम्॥ ९॥"
"वज्र-दंष्ट्रस्य च तथा पुप्लुवे सः महा-कपिः शुकस्य च महा-तेजाः सारणस्य च धीमतः (गृहम्)","वज्र-दंष्ट्रस्य सारणस्य च धीमतः (गृहम्) च तथा पुप्लुवे सः महा-कपिः शुकस्य च महा-तेजाः","वज्रदंष्ट्रस्य च तथा पुप्लुवे स महाकपिः। शुकस्य च महातेजाः सारणस्य च धीमतः॥ १०॥"
"तथा च इन्द्र-जितः वेश्म ददाह हरि-यूथ-पः जम्बुमालेः सुमालेः च ददाह भवनम् ततः .","तथा ददाह भवनम् ततः . च इन्द्र-जितः वेश्म ददाह हरि-यूथ-पः जम्बुमालेः सुमालेः च","तथा चेन्द्रजितो वेश्म ददाह हरियूथपः। जम्बुमालेः सुमालेश्च ददाह भवनं ततः॥ ११॥"
"रश्मिकेतोः च भवनम् सूर्यशत्रोः तथा एव च ह्रस्वकर्णस्य दंष्ट्रस्य रोमशस्य च रक्षसः ददाह; युद्धोन्मत्तस्य मत्तस्य ध्वजग्रीवस्य रक्षसः विद्युत्जिह्वस्य घोरस्य तथा हस्तिमुखस्य च करालस्य विशालस्य शोणिताक्षस्य च एव हि कुम्भकर्णस्य भवनम् मकराक्षस्य च (ददाह); एव हि नरान्तकस्य कुम्भस्य निकुम्भस्य दुरात्मनः यज्ञशत्रोः च भवनम् ब्रह्मशत्रोः तथा एव च (ददाह)","रश्मिकेतोः रोमशस्य च रक्षसः च भवनम् सूर्यशत्रोः ददाह तथा एव च ह्रस्वकर्णस्य दंष्ट्रस्य; युद्धोन्मत्तस्य मत्तस्य ध्वजग्रीवस्य रक्षसः विद्युत्जिह्वस्य घोरस्य तथा हस्तिमुखस्य च करालस्य विशालस्य शोणिताक्षस्य च एव हि कुम्भकर्णस्य भवनम् मकराक्षस्य च (ददाह); एव हि नरान्तकस्य कुम्भस्य निकुम्भस्य दुरात्मनः यज्ञशत्रोः च भवनम् ब्रह्मशत्रोः तथा एव च (ददाह)","रश्मिकेतोश्च भवनं सूर्यशत्रोस्तथैव च। ह्रस्वकर्णस्य दंष्ट्रस्य रोमशस्य च रक्षसः। युद्धोन्मत्तस्य मत्तस्य ध्वजग्रीवस्य रक्षसः। विद्युज्जिह्वस्य घोरस्य तथा हस्तिमुखस्य च। करालस्य विशालस्य शोणिताक्षस्य चैव हि। कुम्भकर्णस्य भवनं मकराक्षस्य चैव हि। नरान्तकस्य कुम्भस्य निकुम्भस्य दुरात्मनः। यज्ञशत्रोश्च भवनं ब्रह्मशत्रोस्तथैव च॥ १५॥"
"वर्जयित्वा महा-तेजाः विभीषण-गृहम् प्रति क्रममाणः क्रमेण एव ददाह हरि-पुङ्गवः .","वर्जयित्वा . महा-तेजाः विभीषण-गृहम् प्रति क्रममाणः क्रमेण एव ददाह हरि-पुङ्गवः","वर्जयित्वा महातेजा विभीषणगृहं प्रति। क्रममाणः क्रमेणैव ददाह हरिपुङ्गवः॥ १६॥"
"सर्वेषाम् समतिक्रम्य राक्षस-इन्द्रस्य वीर्यवान् आससाद अथ लक्ष्मीवान् रावणस्य निवेशनम् (गृहाणि)","सर्वेषाम् (गृहाणि) समतिक्रम्य राक्षस-इन्द्रस्य वीर्यवान् आससाद अथ लक्ष्मीवान् रावणस्य निवेशनम्","सर्वेषां समतिक्रम्य राक्षसेन्द्रस्य वीर्यवान्। आससादाथ लक्ष्मीवान् रावणस्य निवेशनम्॥ १८॥"
"ततः तस्मिन् गृहे मुख्ये नाना-रत्न-विभूषिते मेरु-मन्दर-सङ्काशे नाना-मङ्गल-शोभिते प्रदीप्तम् अग्निम् उत्सृज्य लाङ्गूल-अग्रे प्रतिष्ठितम् ननाद हनुमान् वीरः युग-अन्त-जलदः यथा .","ततः उत्सृज्य लाङ्गूल-अग्रे प्रतिष्ठितम् ननाद हनुमान् वीरः युग-अन्त-जलदः यथा . तस्मिन् गृहे मुख्ये नाना-रत्न-विभूषिते मेरु-मन्दर-सङ्काशे नाना-मङ्गल-शोभिते प्रदीप्तम् अग्निम्","  ततस्तस्मिन् गृहे मुख्ये नानारत्नविभूषिते। मेरुमन्दरसंकाशे नानामङ्गलशोभिते।  प्रदीप्तमग्निमुत्सृज्य लाङ्गूलाग्रे प्रतिष्ठितम्। ननाद हनुमान् वीरो युगान्तजलदो यथा॥ २०॥"
"श्वसनेन च संयोगात् अति-वेगः महा-बलः काल-अग्निः इव जज्वाल प्रावर्धत हुताशनः प्रदीप्तम् अग्निम् पवनः तेषु वेश्मसु चारयन् .","श्वसनेन हुताशनः प्रदीप्तम् अग्निम् पवनः तेषु वेश्मसु चारयन् . च संयोगात् अति-वेगः महा-बलः काल-अग्निः इव जज्वाल प्रावर्धत","श्वसनेन च संयोगादतिवेगो महाबलः। कालाग्निरिव जज्वाल प्रावर्धत हुताशनः। प्रदीप्तमग्निं पवनस्तेषु वेश्मसु चारयन्।"
"तानि काञ्चन-जालानि मुक्ता-मणिमयानि च भवनानि व्यशीर्यन्त रत्नवन्ति महान्ति च तानि भग्न-विमानानि निपेतुः वसुधा-तले भवनानि इव सिद्धानाम् अम्बरात् पुण्य-संक्षये (पतन्ति)","तानि तानि भग्न-विमानानि निपेतुः वसुधा-तले भवनानि इव सिद्धानाम् अम्बरात् पुण्य-संक्षये (पतन्ति) काञ्चन-जालानि मुक्ता-मणिमयानि च भवनानि व्यशीर्यन्त रत्नवन्ति महान्ति च","तानि काञ्चनजालानि मुक्तामणिमयानि च। भवनानि व्यशीर्यन्त रत्नवन्ति महान्ति च। तानि भग्नविमानानि निपेतुर्वसुधातले॥ २३॥"
"सञ्जज्ञे तुमुलः शब्दः राक्षसानाम् प्रधावताम् स्वे स्वे गृह-परित्राणे भग्न-उत्साह-उज्झित-श्रियाम् नूनम् एषः अग्निः आयातः कपि-रूपेण हा इति .","सञ्जज्ञे नूनम् एषः अग्निः आयातः कपि-रूपेण हा इति . तुमुलः शब्दः राक्षसानाम् प्रधावताम् स्वे स्वे गृह-परित्राणे भग्न-उत्साह-उज्झित-श्रियाम्","संजज्ञे तुमुलः शब्दो राक्षसानां प्रधावताम्। स्वे स्वे गृहपरित्राणे भग्नोत्साहोज्झितश्रियाम्। नूनमेषोऽग्निरायातः कपिरूपेण हा इति"
"क्रन्दन्त्यः सहसा पेतुः स्तनम्-धय-धराः स्त्रियः काश्चित् अग्नि-परीत-अङ्ग्यः हर्म्येभ्यः मुक्त-मूर्धजाः पतन्त्यः रेजिरे अभ्रेभ्यः सौदामन्यः इव अम्बरात्","क्रन्दन्त्यः पतन्त्यः रेजिरे अभ्रेभ्यः सौदामन्यः इव अम्बरात् सहसा पेतुः स्तनम्-धय-धराः स्त्रियः काश्चित् अग्नि-परीत-अङ्ग्यः हर्म्येभ्यः मुक्त-मूर्धजाः","क्रन्दन्त्यः सहसा पेतुः स्तनंधयधराः स्त्रियः। काश्चिदग्निपरीताङ्ग्यो हर्म्येभ्यो मुक्तमूर्धजाः। पतन्त्योरेजिरेऽभ्रेभ्यः सौदामन्य इवाम्बरात्।"
"वज्र-विद्रुम-वैदूर्य-मुक्ता-रजत-संहतान् विचित्रान् भवनात् धातून् स्यन्दमानान् ददर्श सः .","वज्र-विद्रुम-वैदूर्य-मुक्ता-रजत-संहतान् विचित्रान् भवनात् धातून् स्यन्दमानान् ददर्श सः .","वज्रविद्रुमवैदूर्यमुक्तारजतसंहतान्। विचित्रान् भवनाद्धातून् स्यन्दमानान् ददर्श सः।"
"न अग्निः तृप्यति काष्ठानाम् तृणानाम् च यथा तथा हनूमान् राक्षस-इन्द्राणाम् वधे किञ्चित् न तृप्यति न हनूमत्-विशस्तानाम् राक्षसानाम् वसुन्धरा (तृप्यति)","न राक्षस-इन्द्राणाम् वधे किञ्चित् न तृप्यति न हनूमत्-विशस्तानाम् राक्षसानाम् वसुन्धरा (तृप्यति) अग्निः तृप्यति काष्ठानाम् तृणानाम् च यथा तथा हनूमान्","नाग्निस्तृप्यति काष्ठानां तृणानां च यथा तथा। हनूमान् राक्षसेन्द्राणां वधे किंचिन्न तृप्यति। न हनूमद्विशस्तानां राक्षसानां वसुन्धरा॥ २९॥"
"हनूमता वेगवता वानरेण महा-आत्मना लङ्का-पुरम् प्रदग्धम् तत् रुद्रेण त्रिपुरम् यथा दग्धम् (तथा)","हनूमता यथा दग्धम् (तथा) वेगवता वानरेण महा-आत्मना लङ्का-पुरम् प्रदग्धम् तत् रुद्रेण त्रिपुरम्","हनूमता वेगवता वानरेण महात्मना। लङ्कापुरं प्रदग्धं तद् रुद्रेण त्रिपुरं यथा॥ ३०॥"
"ततः सः लङ्का-पुर-पर्वत-अग्रे समुत्थितः भीम-पराक्रमः अग्निः प्रसार्य चूडा-वलयम् प्रदीप्तः हनूमता वेगवता उपसृष्टः (बभूव) (अतः)","ततः हनूमता वेगवता उपसृष्टः (बभूव) (अतः) सः लङ्का-पुर-पर्वत-अग्रे समुत्थितः भीम-पराक्रमः अग्निः प्रसार्य चूडा-वलयम् प्रदीप्तः","ततः स लङ्कापुरपर्वताग्रे समुत्थितो भीमपराक्रमोऽग्निः। प्रसार्य चूडावलयं प्रदीप्तो हनूमता वेगवतोपसृष्टः॥ ३१॥"
"युग-अन्त-काल-अनल-तुल्य-रूपः स-मारुतः अग्निः ववृधे दिव-स्पृक् विधूम-रश्मिः भवनेषु सक्तः रक्षः-शरीर-आज्य-समर्पित-अर्चिः .","युग-अन्त-काल-अनल-तुल्य-रूपः . स-मारुतः अग्निः ववृधे दिव-स्पृक् विधूम-रश्मिः भवनेषु सक्तः रक्षः-शरीर-आज्य-समर्पित-अर्चिः","युगान्तकालानलतुल्यरूपः समारुतोऽग्निर्ववृधे दिवस्पृक्। विधूमरश्मिर्भवनेषु सक्तो रक्षःशरीराज्यसमर्पितार्चिः॥ ३२॥"
"आदित्य-कोटी-सदृशः सु-तेजा लङ्काम् समस्ताम् परिवार्य तिष्ठन् शब्दैः अनेकैः अशनि-प्ररूढैः भिन्दन् इव अण्डम् प्रबभौ महा-अग्निः","आदित्य-कोटी-सदृशः भिन्दन् इव अण्डम् प्रबभौ महा-अग्निः सु-तेजा लङ्काम् समस्ताम् परिवार्य तिष्ठन् शब्दैः अनेकैः अशनि-प्ररूढैः","आदित्यकोटीसदृशः सुतेजा लङ्कां समस्तां परिवार्य तिष्ठन्। शब्दैरनेकैरशनिप्ररूढैर्भिन्दन्निवाण्डं प्रबभौ महाग्निः॥ ३३॥"
"तत्र अम्बरात् अग्निः अति-प्रवृद्धः रूक्ष-प्रभः किंशुक-पुष्प-चूडः (बभूव) (अम्बरम्) (प्राप्य); निर्वाण-धूम-आकुल-राजयः च नील-उत्पल-आभाः प्रचकाशिरे अभ्राः","तत्र (बभूव) (अम्बरम्) (प्राप्य) अम्बरात् अग्निः अति-प्रवृद्धः रूक्ष-प्रभः किंशुक-पुष्प-चूडः; प्रचकाशिरे अभ्राः निर्वाण-धूम-आकुल-राजयः च नील-उत्पल-आभाः","तत्राम्बरादग्निरतिप्रवृद्धो रूक्षप्रभः किंशुकपुष्पचूडः। निर्वाणधूमाकुलराजयश्च नीलोत्पलाभाः प्रचकाशिरेऽभ्राः॥ ३४॥"
"किम् ब्रह्मणः सर्व-पितामहस्य लोकस्य धातुः चतुः-आननस्य इह आगतः वानर-रूप-धारी रक्ष-उपसंहार-करः प्रकोपः .","किम् रक्ष-उपसंहार-करः प्रकोपः . ब्रह्मणः सर्व-पितामहस्य लोकस्य धातुः चतुः-आननस्य इह आगतः वानर-रूप-धारी","किं ब्रह्मणः सर्वपितामहस्य लोकस्य धातुश्चतुराननस्य। इहागतो वानररूपधारी रक्षोपसंहारकरः प्रकोपः॥ ३६॥"
"किम् वैष्णवम् सर्व-वा पितामहस्य लोकस्य कपि-रूपम् धातुः एत्य चतुः-रक्षः-आननस्य विनाशाय परम् आगतः सु-तेजः वानर-अ-चिन्त्यम् धारी रक्ष-अ-उपसंहार-व्यक्तम् करः प्रकोपः अन्-अन्तम् एकम् स्व-मायया साम्प्रतम् आगतम् वा .","किम् रक्ष-अ-उपसंहार-व्यक्तम् करः प्रकोपः अन्-अन्तम् एकम् स्व-मायया साम्प्रतम् आगतम् वा . वैष्णवम् सर्व-वा पितामहस्य लोकस्य कपि-रूपम् धातुः एत्य चतुः-रक्षः-आननस्य विनाशाय परम् आगतः सु-तेजः वानर-अ-चिन्त्यम् धारी","किं वैष्णवं वा कपिरूपमेत्य रक्षोविनाशाय परं सुतेजः। अचिन्त्यमव्यक्तमनन्तमेकं स्वमायया साम्प्रतमागतं वा॥ ३७॥"
"इति एवम् ऊचुः बहवः विशिष्टाः रक्षः-गणाः तत्र समेत्य सर्वे स-प्राणि-सङ्घाम् स-गृहाम् स-वृक्षाम् दग्धाम् पुरीम् ताम् सहसा समीक्ष्य .","इति स-प्राणि-सङ्घाम् स-गृहाम् स-वृक्षाम् दग्धाम् पुरीम् ताम् सहसा समीक्ष्य . एवम् ऊचुः बहवः विशिष्टाः रक्षः-गणाः तत्र समेत्य सर्वे","इत्येवमूचुर्बहवो विशिष्टा रक्षोगणास्तत्र समेत्य सर्वे। सप्राणिसङ्घां सगृहां सवृक्षां दग्धां पुरीं तां सहसा समीक्ष्य॥ ३८॥"
"ततः तु लङ्का सहसा प्रदग्धा स-राक्षसा स-अश्व-रथा स-नागा स-पक्षि-सङ्घा स-मृगा स-वृक्षा रुरोद दीना तुमुलम् स-शब्दम्","ततः स-मृगा स-वृक्षा रुरोद दीना तुमुलम् स-शब्दम् तु लङ्का सहसा प्रदग्धा स-राक्षसा स-अश्व-रथा स-नागा स-पक्षि-सङ्घा","ततस्तु लङ्का सहसा प्रदग्धा सराक्षसा साश्वरथा सनागा। सपक्षिसङ्घा समृगा सवृक्षा रुरोद दीना तुमुलं सशब्दम्॥ ३९॥"
"हा तात हा पुत्रक कान्त मित्र हा जीवित-इश-अङ्ग हतम् सु-पुण्यम् रक्षोभिः एवम् बहुधा ब्रुवद्भिः शब्दः कृतः घोरतरः सु-भीमः .","हा सु-पुण्यम् रक्षोभिः एवम् बहुधा ब्रुवद्भिः शब्दः कृतः घोरतरः सु-भीमः . तात हा पुत्रक कान्त मित्र हा जीवित-इश-अङ्ग हतम्","हा तात हा पुत्रक कान्त मित्र हा जीवितेशाङ्ग हतं सुपुण्यम्। रक्षोभिरेवं बहुधा ब्रुवद्भिः शब्दः कृतो घोरतरः सुभीमः॥ ४०॥"
"हुताशन-ज्वाल-समावृता सा हत-प्रवीरा परिवृत्त-योधा हनूमतः क्रोध-बल-अभिभूता बभूव शाप-उपहता इव लङ्का .","हुताशन-ज्वाल-समावृता लङ्का . सा हत-प्रवीरा परिवृत्त-योधा हनूमतः क्रोध-बल-अभिभूता बभूव शाप-उपहता इव","हुताशनज्वालसमावृता सा हतप्रवीरा परिवृत्तयोधा। हनूमतः क्रोधबलाभिभूता बभूव शापोपहतेव लङ्का॥ ४१॥"
"स-सम्भ्रमम् त्रस्त-विषण्ण-राक्षसाम् समुत्ज्वलत्-ज्वाल-हुताशन-अङ्किताम् ददर्श लङ्काम् हनुमान् महा-मनाः स्वयम्-भु-रोष-उपहताम् इव अवनिम् .","स-सम्भ्रमम् अवनिम् . त्रस्त-विषण्ण-राक्षसाम् समुत्ज्वलत्-ज्वाल-हुताशन-अङ्किताम् ददर्श लङ्काम् हनुमान् महा-मनाः स्वयम्-भु-रोष-उपहताम् इव","ससम्भ्रमं त्रस्तविषण्णराक्षसां समुज्ज्वलज्ज्वालहुताशनाङ्किताम्। ददर्श लङ्कां हनुमान् महामनाः स्वयंभुरोषोपहतामिवावनिम्॥ ४२॥"
"भङ्क्त्वा वनम् पादप-रत्न-सङ्कुलम् हत्वा तु रक्षांसि महान्ति संयुगे दग्ध्वा पुरीम् ताम् गृह-रत्न-मालिनीम् तस्थौ हनूमान् पवन-आत्मजः कपिः .","भङ्क्त्वा पुरीम् ताम् गृह-रत्न-मालिनीम् तस्थौ हनूमान् पवन-आत्मजः कपिः . वनम् पादप-रत्न-सङ्कुलम् हत्वा तु रक्षांसि महान्ति संयुगे दग्ध्वा","भङ्‍क्त्वा वनं पादपरत्नसंकुलं हत्वा तु रक्षांसि महान्ति संयुगे। दग्ध्वा पुरीं तां गृहरत्नमालिनीं तस्थौ हनूमान् पवनात्मजः कपिः॥ ४३॥"
"सः राक्षसान् तान् सु-बहून् च हत्वा वनम् च भङ्क्त्वा बहु-पाद-पम् तत् विसृज्य रक्षः-भवनेषु च अग्निम् जगाम रामम् मनसा महा-आत्मा .","सः बहु-पाद-पम् तत् विसृज्य रक्षः-भवनेषु च अग्निम् जगाम रामम् मनसा महा-आत्मा राक्षसान् . तान् सु-बहून् च हत्वा वनम् च भङ्क्त्वा","स राक्षसांस्तान् सुबहूंश्च हत्वा वनं च भङ्‍क्‍त्वा बहुपादपं तत्। विसृज्य रक्षोभवनेषु चाग्निं जगाम रामं मनसा महात्मा॥ ४४॥"
"ततः तु तम् वानर-वीर-मुख्यम् महा-बलम् मारुत-तुल्य-वेगम् महा-मतिम् वायु-सुतम् वरिष्ठम् प्रतुष्टुवुः देव-गणाः च सर्वे .","ततः प्रतुष्टुवुः देव-गणाः च सर्वे . तु तम् वानर-वीर-मुख्यम् महा-बलम् मारुत-तुल्य-वेगम् महा-मतिम् वायु-सुतम् वरिष्ठम्","ततस्तु तं वानरवीरमुख्यं महाबलं मारुततुल्यवेगम्। महामतिं वायुसुतं वरिष्ठं प्रतुष्टुवुर्देवगणाश्च सर्वे॥ ४५॥"
"देवाः च सर्वे मुनि-पुङ्गवाः च गन्धर्व-विद्या-धर-पन्नगाः च भूतानि सर्वाणि महान्ति तत्र जग्मुः पराम् प्रीतिम् अ-तुल्य-रूपाम् .","देवाः महान्ति तत्र जग्मुः पराम् प्रीतिम् अ-तुल्य-रूपाम् . च सर्वे मुनि-पुङ्गवाः च गन्धर्व-विद्या-धर-पन्नगाः च भूतानि सर्वाणि","देवाश्च सर्वे मुनिपुङ्गवाश्च गन्धर्वविद्याधरपन्नगाश्च। भूतानि सर्वाणि महान्ति तत्र जग्मुः परां प्रीतिमतुल्यरूपाम्॥ ४६॥"
"भङ्क्त्वा वनम् महा-तेजाः हत्वा रक्षांसि संयुगे दग्ध्वा लङ्का-पुरीम् भीमाम् रराज सः महा-कपिः .","भङ्क्त्वा रराज सः महा-कपिः . वनम् महा-तेजाः हत्वा रक्षांसि संयुगे दग्ध्वा लङ्का-पुरीम् भीमाम्","भङ्‍क्त्वा वनं महातेजा हत्वा रक्षांसि संयुगे। दग्ध्वा लङ्कापुरीं भीमां रराज स महाकपिः॥ ४७॥"
"गृह-अग्र्य-शृङ्ग-अग्र-तले विचित्रे प्रतिष्ठितः वानर-राज-सिंह प्रदीप्त-लाङ्गूल-कृत-अर्चि-माली व्यराजत आदित्यः इव अर्चि-माली .","गृह-अग्र्य-शृङ्ग-अग्र-तले . विचित्रे प्रतिष्ठितः वानर-राज-सिंह प्रदीप्त-लाङ्गूल-कृत-अर्चि-माली व्यराजत आदित्यः इव अर्चि-माली","गृहाग्र्यशृङ्गाग्रतले विचित्रे प्रतिष्ठितो वानरराजसिंहः। प्रदीप्तलाङ्गूलकृतार्चिमाली व्यराजतादित्य इवार्चिमाली॥ ४८॥"
"लङ्काम् समस्ताम् सम्पीड्य लाङ्गूल-अग्निम् महा-कपिः निर्वापयामास तदा समुद्रे हरि-पुङ्गवः .","लङ्काम् . समस्ताम् सम्पीड्य लाङ्गूल-अग्निम् महा-कपिः निर्वापयामास तदा समुद्रे हरि-पुङ्गवः","लङ्कां समस्तां सम्पीड्य लाङ्गूलाग्निं महाकपिः। निर्वापयामास तदा समुद्रे हरिपुङ्गवः॥ ४९॥"
"ततः देवाः स-गन्धर्वाः सिद्धाः च परम-ऋषयः दृष्ट्वा लङ्काम् प्रदग्धाम् ताम् विस्मयम् परमम् गताः .","ततः ताम् विस्मयम् परमम् गताः . देवाः स-गन्धर्वाः सिद्धाः च परम-ऋषयः दृष्ट्वा लङ्काम् प्रदग्धाम्","ततो देवाः सगन्धर्वाः सिद्धाश्च परमर्षयः। दृष्ट्वा लङ्कां प्रदग्धां तां विस्मयं परमं गताः॥ ५०॥"
"तम् दृष्ट्वा वानर-श्रेष्ठम् हनूमन्तम् महा-कपिम् काल-अग्निः इति सञ्चिन्त्य सर्व-भूतानि तत्रसुः .","तम् तत्रसुः . दृष्ट्वा वानर-श्रेष्ठम् हनूमन्तम् महा-कपिम् काल-अग्निः इति सञ्चिन्त्य सर्व-भूतानि","तं दृष्ट्वा वानरश्रेष्ठं हनूमन्तं महाकपिम्। कालाग्निरिति संचिन्त्य सर्वभूतानि तत्रसुः॥ ५१॥"
"सन्दीप्यमानाम् वित्रस्ताम् त्रस्त-रक्षः-गणाम् पुरीम् अवेक्ष्य हनुमान् लङ्काम् चिन्तयामास वानरः .","सन्दीप्यमानाम् . वित्रस्ताम् त्रस्त-रक्षः-गणाम् पुरीम् अवेक्ष्य हनुमान् लङ्काम् चिन्तयामास वानरः","संदीप्यमानां वित्रस्तां त्रस्तरक्षोगणां पुरीम्। अवेक्ष्य हनुमाँल्लङ्कां चिन्तयामास वानरः॥ १॥"
"तस्य अभूत् सु-महान् त्रासः कुत्सा च आत्मनि अजायत लङ्काम् प्रदहता कर्म किंस्वित् कृतम् इदम् मया (यत्)","तस्य प्रदहता कर्म किंस्वित् कृतम् इदम् मया (यत्) अभूत् सु-महान् त्रासः कुत्सा च आत्मनि अजायत लङ्काम्","तस्याभूत् सुमहांस्त्रासः कुत्सा चात्मन्यजायत। लङ्कां प्रदहता कर्म किंस्वित् कृतमिदं मया॥ २॥"
"धन्याः खलु महा-आत्मानः ये बुद्ध्या कोपम् उत्थितम् निरुन्धन्ति महा-आत्मानः दीप्तम् अग्निम् इव अम्भसा (शमयन्ति) (भवन्ति)","धन्याः दीप्तम् अग्निम् इव अम्भसा (शमयन्ति) (भवन्ति) खलु महा-आत्मानः ये बुद्ध्या कोपम् उत्थितम् निरुन्धन्ति महा-आत्मानः","धन्याः खलु महात्मानो ये बुद‍्ध्या कोपमुत्थितम्। निरुन्धन्ति महात्मानो दीप्तमग्निमिवाम्भसा॥ ३॥"
"क्रुद्धः पापम् न कुर्यात् (कः); कः क्रुद्धः हन्यात् गुरून् अपि (न); क्रुद्धः परुषया वाचा नरः साधून् अधिक्षिपेत्","क्रुद्धः (कः) पापम् न कुर्यात्; (न) कः क्रुद्धः हन्यात् गुरून् अपि; क्रुद्धः परुषया वाचा नरः साधून् अधिक्षिपेत्","क्रुद्धः पापं न कुर्यात् कः क्रुद्धो हन्याद् गुरूनपि। क्रुद्धः परुषया वाचा नरः साधूनधिक्षिपेत्॥ ४॥"
"वाच्य-अ-वाच्यम् प्रकुपितः न विजानाति; कर्हिचित् न अ-कार्यम् अस्ति क्रुद्धस्य न अ-वाच्यम् विद्यते क्वचित् .","वाच्य-अ-वाच्यम् प्रकुपितः न विजानाति; न अ-वाच्यम् विद्यते क्वचित् . कर्हिचित् न अ-कार्यम् अस्ति क्रुद्धस्य","वाच्यावाच्यं प्रकुपितो न विजानाति कर्हिचित्। नाकार्यमस्ति क्रुद्धस्य नावाच्यं विद्यते क्वचित्॥ ५॥"
"यः समुत्पतितम् क्रोधम् क्षमया एव निरस्यति यथा उरगः त्वचम् जीर्णाम् सः वै पुरुषः उच्यते .","यः जीर्णाम् सः वै पुरुषः उच्यते . समुत्पतितम् क्रोधम् क्षमया एव निरस्यति यथा उरगः त्वचम्","यः समुत्पतितं क्रोधं क्षमयैव निरस्यति। यथोरगस्त्वचं जीर्णां स वै पुरुष उच्यते॥ ६॥"
"धिक् अस्तु माम् सु-दुर्-बुद्धिम् निर्-लज्जम् पाप-कृत्तमम् अ-चिन्तयित्वा ताम् सीताम् अग्नि-दम् स्वामि-घातकम् .","धिक् अग्नि-दम् स्वामि-घातकम् . अस्तु माम् सु-दुर्-बुद्धिम् निर्-लज्जम् पाप-कृत्तमम् अ-चिन्तयित्वा ताम् सीताम्","धिगस्तु मां सुदुर्बुद्धिं निर्लज्जं पापकृत्तमम्। अचिन्तयित्वा तां सीतामग्निदं स्वामिघातकम्॥ ७॥"
"यदि दग्धा तु इयम् सर्वा नूनम् आर्या अपि जानकी दग्धा (लङ्का); तेन मया भर्तुः हतम् कार्यम् अ-जानता","यदि दग्धा (लङ्का) दग्धा तु इयम् सर्वा नूनम् आर्या अपि जानकी; तेन मया भर्तुः हतम् कार्यम् अ-जानता","यदि दग्धा त्वियं सर्वा नूनमार्यापि जानकी। दग्धा तेन मया भर्तुर्हतं कार्यमजानता॥ ८॥"
"यद्-अर्थम् अयम् आरम्भः तत्-कार्यम् अवसादितम् (कृतः); मया हि दहता लङ्काम् न सीता परिरक्षिता","यद्-अर्थम् (कृतः) अयम् आरम्भः तत्-कार्यम् अवसादितम्; न सीता परिरक्षिता मया हि दहता लङ्काम्","यदर्थमयमारम्भस्तत्कार्यमवसादितम्। मया हि दहता लङ्कां न सीता परिरक्षिता॥ ९॥"
"ईषत् कार्यम् इदम् कार्यम् कृतम् आसीत्; न संशयः तस्य क्रोध-अभिभूतेन मया मूल-क्षयः कृतः (अस्ति)","ईषत् कार्यम् इदम् कार्यम् कृतम् आसीत्; क्रोध-अभिभूतेन मया मूल-क्षयः कृतः (अस्ति) न संशयः तस्य","ईषत्कार्यमिदं कार्यं कृतमासीन्न संशयः। तस्य क्रोधाभिभूतेन मया मूलक्षयः कृतः॥ १०॥"
"विनष्टा जानकी व्यक्तम् न हि अ-दग्धः प्रदृश्यते लङ्कायाः कश्चित् उद्देशः सर्वा भस्मी-कृता पुरी (इति) (अतः)","विनष्टा उद्देशः सर्वा भस्मी-कृता पुरी (इति) (अतः) जानकी व्यक्तम् न हि अ-दग्धः प्रदृश्यते लङ्कायाः कश्चित्","विनष्टा जानकी व्यक्तं न ह्यदग्धः प्रदृश्यते। लङ्कायाः कश्चिदुद्देशः सर्वा भस्मीकृता पुरी॥ ११॥"
"यदि तत् विहतम् कार्यम् मया प्रज्ञा-विपर्ययात् इह एव प्राण-सन्न्यासः मम अपि हि अद्य रोचते .","यदि मम अपि हि अद्य रोचते . तत् विहतम् कार्यम् मया प्रज्ञा-विपर्ययात् इह एव प्राण-सन्न्यासः","यदि तद्विहतं कार्यं मया प्रज्ञाविपर्ययात्। इहैव प्राणसंन्यासो ममापि ह्यद्य रोचते॥ १२॥"
"किम् अग्नौ निपतामि अद्य आहोस्वित् वडवा-मुखे शरीरम् इह सत्त्वानाम् दद्मि सागर-वासिनाम् .","किम् दद्मि सागर-वासिनाम् . अग्नौ निपतामि अद्य आहोस्वित् वडवा-मुखे शरीरम् इह सत्त्वानाम्","  किमग्नौ निपताम्यद्य आहोस्विद् वडवामुखे। शरीरमिह सत्त्वानां दद्मि सागरवासिनाम्॥ १३॥"
"कथम् नु जीवता शक्यः मया द्रष्टुम् हरि-ईश्वरः तौ वा पुरुष-शार्दूलौ कार्य-सर्वस्व-घातिना .","कथम् पुरुष-शार्दूलौ कार्य-सर्वस्व-घातिना . नु जीवता शक्यः मया द्रष्टुम् हरि-ईश्वरः तौ वा","कथं नु जीवता शक्यो मया द्रष्टुं हरीश्वरः। तौ वा पुरुषशार्दूलौ कार्यसर्वस्वघातिना॥ १४॥"
"मया खलु तत् एव इदम् रोष-दोषात् प्रदर्शितम् प्रथितम् त्रिषु लोकेषु कपित्वम् अन्-अवस्थितम् .","मया लोकेषु कपित्वम् अन्-अवस्थितम् . खलु तत् एव इदम् रोष-दोषात् प्रदर्शितम् प्रथितम् त्रिषु","मया खलु तदेवेदं रोषदोषात् प्रदर्शितम्। प्रथितं त्रिषु लोकेषु कपित्वमनवस्थितम्॥ १५॥"
"धिक् अस्तु राजसम् भावम् अन्-ईशम् अन-अवस्थितम् ईश्वरेण अपि यत् रागात् मया सीता न रक्षिता .","धिक् रागात् मया सीता न रक्षिता . अस्तु राजसम् भावम् अन्-ईशम् अन-अवस्थितम् ईश्वरेण अपि यत्","धिगस्तु राजसं भावमनीशमनवस्थितम्। ईश्वरेणापि यद् रागान्मया सीता न रक्षिता॥ १६॥"
"विनष्टायाम् तु सीतायाम् तौ उभौ विनशिष्यतः .; तयोः विनाशे सुग्रीवः स-बन्धुः विनशिष्यति","विनष्टायाम् . तु सीतायाम् तौ उभौ विनशिष्यतः; स-बन्धुः विनशिष्यति तयोः विनाशे सुग्रीवः","विनष्टायां तु सीतायां तावुभौ विनशिष्यतः। तयोर्विनाशे सुग्रीवः सबन्धुर्विनशिष्यति॥ १७॥"
"एतत् एव वचः श्रुत्वा भरतः भ्रातृ-वत्सलः धर्म-आत्मा सह-शत्रुघ्नः कथम् शक्ष्यति जीवितुम् .","एतत् शक्ष्यति जीवितुम् . एव वचः श्रुत्वा भरतः भ्रातृ-वत्सलः धर्म-आत्मा सह-शत्रुघ्नः कथम्","एतदेव वचः श्रुत्वा भरतो भ्रातृवत्सलः। धर्मात्मा सहशत्रुघ्नः कथं शक्ष्यति जीवितुम्॥ १८॥"
"इक्ष्वाकु-वंशे धर्मिष्ठे गते नाशम् अ-संशयम् भविष्यन्ति प्रजाः सर्वाः शोक-सन्ताप-पीडिताः","इक्ष्वाकु-वंशे धर्मिष्ठे गते नाशम् अ-संशयम् भविष्यन्ति प्रजाः सर्वाः शोक-सन्ताप-पीडिताः","इक्ष्वाकुवंशे धर्मिष्ठे गते नाशमसंशयम्। भविष्यन्ति प्रजाः सर्वाः शोकसंतापपीडिताः॥ १९॥"
"तत् अहम् भाग्य-रहितः लुप्त-धर्म-अर्थ-सङ्ग्रहः रोष-दोष-परीत-आत्मा व्यक्तम् लोक-विनाशनः (भविष्यामि) (इति)","तत् अहम् भाग्य-रहितः लुप्त-धर्म-अर्थ-सङ्ग्रहः रोष-दोष-परीत-आत्मा व्यक्तम् लोक-विनाशनः (भविष्यामि) (इति)","तदहं भाग्यरहितो लुप्तधर्मार्थसंग्रहः। रोषदोषपरीतात्मा व्यक्तं लोकविनाशनः॥ २०॥"
"इति चिन्तयतः तस्य निमित्तानि उपपेदिरे पूर्वम् अपि उपलब्धानि साक्षात् पुनः अचिन्तयत् (अतः)","इति पुनः अचिन्तयत् (अतः) चिन्तयतः तस्य निमित्तानि उपपेदिरे पूर्वम् अपि उपलब्धानि साक्षात्","  इति चिन्तयतस्तस्य निमित्तान्युपपेदिरे। पूर्वमप्युपलब्धानि साक्षात् पुनरचिन्तयत्॥ २१॥"
"अथवा चारु-सर्व-अङ्गी रक्षिता स्वेन तेजसा न नशिष्यति कल्याणी न अग्निः अग्नौ प्रवर्तते (यतः)","अथवा अग्निः अग्नौ प्रवर्तते (यतः) चारु-सर्व-अङ्गी रक्षिता स्वेन तेजसा न नशिष्यति कल्याणी न","अथ वा चारुसर्वाङ्गी रक्षिता स्वेन तेजसा। न नशिष्यति कल्याणी नाग्निरग्नौ प्रवर्तते॥ २२॥"
"नहि धर्म-आत्मनः तस्य भार्याम् अ-मित-तेजसः स्व-चरित्र-अभिगुप्ताम् ताम् स्प्रष्टुम् अर्हति पावकः .","नहि पावकः . धर्म-आत्मनः तस्य भार्याम् अ-मित-तेजसः स्व-चरित्र-अभिगुप्ताम् ताम् स्प्रष्टुम् अर्हति","नहि धर्मात्मनस्तस्य भार्याममिततेजसः। स्वचरित्राभिगुप्तां तां स्प्रष्टुमर्हति पावकः॥ २३॥"
"नूनम् राम-प्रभावेण वैदेह्याः सुकृतेन च यत् माम् दहन-कर्मा अयम् न अदहत् हव्य-वाहनः .","नूनम् न अदहत् हव्य-वाहनः . राम-प्रभावेण वैदेह्याः सुकृतेन च यत् माम् दहन-कर्मा अयम्","नूनं रामप्रभावेण वैदेह्याः सुकृतेन च। यन्मां दहनकर्मायं नादहद्धव्यवाहनः॥ २४॥"
"त्रयाणाम् भरत-आदीनाम् भ्रातॄणाम् देवता च या रामस्य च मनः-कान्ता सा कथम् विनशिष्यति (अस्ति)","त्रयाणाम् सा कथम् विनशिष्यति (अस्ति) भरत-आदीनाम् भ्रातॄणाम् देवता च या रामस्य च मनः-कान्ता","त्रयाणां भरतादीनां भ्रातॄणां देवता च या। रामस्य च मनःकान्ता सा कथं विनशिष्यति॥ २५॥"
"यत् वा दहन-कर्मा अयम् सर्वत्र प्रभुः अव्ययः न मे दहति लाङ्गूलम् कथम् आर्याम् प्रधक्ष्यति .","यत् दहति लाङ्गूलम् कथम् आर्याम् प्रधक्ष्यति . वा दहन-कर्मा अयम् सर्वत्र प्रभुः अव्ययः न मे","यद् वा दहनकर्मायं सर्वत्र प्रभुरव्ययः। न मे दहति लाङ्गूलं कथमार्यां प्रधक्ष्यति॥ २६॥"
"पुनः च अचिन्तयत् तत्र हनूमान् विस्मितः तदा हिरण्य-नाभस्य गिरेः जल-मध्ये प्रदर्शनम् .","पुनः जल-मध्ये प्रदर्शनम् . च अचिन्तयत् तत्र हनूमान् विस्मितः तदा हिरण्य-नाभस्य गिरेः","पुनश्चाचिन्तयत् तत्र हनूमान् विस्मितस्तदा। हिरण्यनाभस्य गिरेर्जलमध्ये प्रदर्शनम्॥ २७॥"
"तपसा सत्य-वाक्येन अन्-अन्यत्वात् च भर्तरि असौ विनिर्दहेत् अग्निम् न ताम् अग्निः प्रधक्ष्यति (किन्तु)","तपसा ताम् अग्निः प्रधक्ष्यति (किन्तु) सत्य-वाक्येन अन्-अन्यत्वात् च भर्तरि असौ विनिर्दहेत् अग्निम् न","तपसा सत्यवाक्येन अनन्यत्वाच्च भर्तरि। असौ विनिर्दहेदग्निं न तामग्निः प्रधक्ष्यति॥ २८॥"
"सः तथा चिन्तयन् तत्र देव्याः धर्म-परिग्रहम् शुश्राव हनुमान् तत्र चारणानाम् महा-आत्मनाम् (वचनम्)","सः चारणानाम् महा-आत्मनाम् (वचनम्) तथा चिन्तयन् तत्र देव्याः धर्म-परिग्रहम् शुश्राव हनुमान् तत्र","स तथा चिन्तयंस्तत्र देव्या धर्मपरिग्रहम्। शुश्राव हनुमांस्तत्र चारणानां महात्मनाम्॥ २९॥"
"अहो खलु कृतम् कर्म दुर्-विगाहम् हनूमता अग्निम् विसृजता तीक्ष्णम् भीमम् राक्षस-सद्मनि .","अहो भीमम् राक्षस-सद्मनि . खलु कृतम् कर्म दुर्-विगाहम् हनूमता अग्निम् विसृजता तीक्ष्णम्","अहो खलु कृतं कर्म दुर्विगाहं हनूमता। अग्निं विसृजता तीक्ष्णं भीमं राक्षससद्मनि॥ ३०॥"
"प्रपलायित-रक्षः-स्त्री-बाल-वृद्ध-समाकुला जन-कोलाहल-आध्माता क्रन्दन्ती इव अद्रि-कन्दरैः दग्धा इयम् नगरी लङ्का स-अट्ट-प्राकार-तोरणा जानकी न च दग्धा इति विस्मयः अद्भुतः एव नः (दृष्ट्वा) (जातः)","प्रपलायित-रक्षः-स्त्री-बाल-वृद्ध-समाकुला स-अट्ट-प्राकार-तोरणा जानकी न च दग्धा इति विस्मयः अद्भुतः एव नः जन-कोलाहल-आध्माता (दृष्ट्वा) (जातः) क्रन्दन्ती इव अद्रि-कन्दरैः दग्धा इयम् नगरी लङ्का","प्रपलायितरक्षःस्त्रीबालवृद्धसमाकुला। जनकोलाहलाध्माता क्रन्दन्तीवाद्रिकन्दरैः। दग्धेयं नगरी लङ्का साट्टप्राकारतोरणा। जानकी न च दग्धेति विस्मयोऽद्भुत एव नः॥ ३२॥"
"इति शुश्राव हनुमान् वाचम् ताम् अमृत-उपमाम् बभूव च अस्य मनसः हर्षः तत्-काल-सम्भवः .","इति मनसः हर्षः तत्-काल-सम्भवः . शुश्राव हनुमान् वाचम् ताम् अमृत-उपमाम् बभूव च अस्य","इति शुश्राव हनुमान् वाचं ताममृतोपमाम्। बभूव चास्य मनसो हर्षस्तत्कालसम्भवः॥ ३३॥"
"सः निमित्तैः च दृष्ट-अर्थैः कारणैः च महा-गुणैः ऋषि-वाक्यैः च हनुमान् अभवत् प्रीत-मानसः .","सः हनुमान् अभवत् प्रीत-मानसः . निमित्तैः च दृष्ट-अर्थैः कारणैः च महा-गुणैः ऋषि-वाक्यैः च","स निमित्तैश्च दृष्टार्थैः कारणैश्च महागुणैः। ऋषिवाक्यैश्च हनुमानभवत् प्रीतमानसः"
"ततः कपिः प्राप्त-मनो-रथ-अर्थः ताम् अ-क्षताम् राज-सुताम् विदित्वा प्रत्यक्षतः ताम् पुनः एव दृष्ट्वा प्रति-प्रयाणाय मतिम् चकार .","ततः पुनः एव दृष्ट्वा प्रति-प्रयाणाय मतिम् चकार . कपिः प्राप्त-मनो-रथ-अर्थः ताम् अ-क्षताम् राज-सुताम् विदित्वा प्रत्यक्षतः ताम्","ततः कपिः प्राप्तमनोरथार्थ- स्तामक्षतां राजसुतां विदित्वा। प्रत्यक्षतस्तां पुनरेव दृष्ट्वा प्रतिप्रयाणाय मतिं चकार॥ ३५॥"
"ततः तु शिंशपा-मूले जानकीम् पर्यवस्थिताम् अभिवाद्य अब्रवीत् दिष्ट्या पश्यामि त्वाम् इह अ-क्षताम् (इति)","ततः त्वाम् इह अ-क्षताम् (इति) तु शिंशपा-मूले जानकीम् पर्यवस्थिताम् अभिवाद्य अब्रवीत् दिष्ट्या पश्यामि","ततस्तु शिंशपामूले जानकीं पर्यवस्थिताम्। अभिवाद्याब्रवीद् दिष्ट्या पश्यामि त्वामिहाक्षताम्॥ १॥"
"ततः तम् प्रस्थितम् सीता वीक्षमाणा पुनः पुनः भर्तुः स्नेह-अन्विता वाक्यम् हनूमन्तम् अभाषत .","ततः वाक्यम् हनूमन्तम् अभाषत . तम् प्रस्थितम् सीता वीक्षमाणा पुनः पुनः भर्तुः स्नेह-अन्विता","ततस्तं प्रस्थितं सीता वीक्षमाणा पुनः पुनः। भर्तुः स्नेहान्विता वाक्यं हनूमन्तमभाषत॥ २॥"
"यदि त्वम् मन्यसे तात वस एक-अहम् इह अनघ क्वचित् सुसंवृते देशे विश्रान्तः श्वः गमिष्यसि तर्हि","यदि सुसंवृते देशे विश्रान्तः श्वः गमिष्यसि तर्हि त्वम् मन्यसे तात वस एक-अहम् इह अनघ क्वचित्","यदि त्वं मन्यसे तात वसैकाहमिहानघ। क्वचित् सुसंवृते देशे विश्रान्तः श्वो गमिष्यसि"
"मम च एव अल्प-भाग्यायाः सान्निध्यात् तव वानर शोकस्य अस्य अ-प्रमेयस्य मुहूर्तम् स्यात् अपि क्षयः .","मम अ-प्रमेयस्य मुहूर्तम् स्यात् अपि क्षयः . च एव अल्प-भाग्यायाः सान्निध्यात् तव वानर शोकस्य अस्य","मम चैवाल्पभाग्यायाः सांनिध्यात् तव वानर। शोकस्यास्याप्रमेयस्य मुहूर्तं स्यादपि क्षयः"
"गते हि हरि-शार्दूल पुनः सम्प्राप्तये त्वयि प्राणेषु अपि न विश्वासः मम वानर-पुङ्गव (अस्ति)","गते विश्वासः मम वानर-पुङ्गव (अस्ति) हि हरि-शार्दूल पुनः सम्प्राप्तये त्वयि प्राणेषु अपि न","गते हि हरिशार्दूल पुनः सम्प्राप्तये त्वयि। प्राणेष्वपि न विश्वासो मम वानरपुङ्गव॥ ५॥"
"सः कपि-शार्दूलः स्वामि-सन्दर्शन-उत्सुकः आरुरोह गिरि-श्रेष्ठम् अरिष्टम् अरि-मर्दनः तुङ्ग-पद्मक-जुष्टाभिः नीलाभिः वनराजिभिः (स-परिधानम्) (इव)","सः वनराजिभिः (स-परिधानम्) (इव) कपि-शार्दूलः स्वामि-सन्दर्शन-उत्सुकः आरुरोह गिरि-श्रेष्ठम् अरिष्टम् अरि-मर्दनः तुङ्ग-पद्मक-जुष्टाभिः नीलाभिः","स कपिशार्दूलः स्वामिसंदर्शनोत्सुकः। आरुरोह गिरिश्रेष्ठमरिष्टमरिमर्दनः। तुङ्गपद्मकजुष्टाभिर्नीलाभिर्वनराजिभिः॥ २६॥"
"स-उत्तरीयम् इव अम्भः-दैः शृङ्ग-अन्तर-विलम्बिभिः बोध्यमानम् इव प्रीत्या दिवा-कर-करैः शुभैः पर्वतम् आरुरोह .","स-उत्तरीयम् पर्वतम् आरुरोह . इव अम्भः-दैः शृङ्ग-अन्तर-विलम्बिभिः बोध्यमानम् इव प्रीत्या दिवा-कर-करैः शुभैः","सोत्तरीयमिवाम्भोदैः शृङ्गान्तरविलम्बिभिः। बोध्यमानमिव प्रीत्या दिवाकरकरैः शुभैः॥ २७॥"
"उन्मिषन्तम् इव उद्धूतैः लोचनैः इव धातुभिः तोय-ओघ-निःस्वनैः मन्द्रैः प्राधीतम् इव पर्वतम् आरुरोह .","उन्मिषन्तम् इव पर्वतम् आरुरोह . इव उद्धूतैः लोचनैः इव धातुभिः तोय-ओघ-निःस्वनैः मन्द्रैः प्राधीतम्","उन्मिषन्तमिवोद्‍धूतैर्लोचनैरिव धातुभिः। तोयौघनिःस्वनैर्मन्द्रैः प्राधीतमिव पर्वतम्॥ २८॥"
"प्रगीतम् इव विस्पष्टम् नाना-प्रस्रवण-स्वनैः देव-दारुभिः उद्धूतैः ऊर्ध्व-बाहुम् इव स्थितम् पर्वतम् आरुरोह .","प्रगीतम् पर्वतम् आरुरोह . इव विस्पष्टम् नाना-प्रस्रवण-स्वनैः देव-दारुभिः उद्धूतैः ऊर्ध्व-बाहुम् इव स्थितम्","प्रगीतमिव विस्पष्टं नानाप्रस्रवणस्वनैः। देवदारुभिरुद्‍धूतैरूर्ध्वबाहुमिव स्थितम्॥ २९॥"
"प्रपात-जल-निर्घोषैः प्राक्रुष्टम् इव सर्वतः वेपमानम् इव श्यामैः कम्पमानैः शरत्-वनैः पर्वतम् आरुरोह .","प्रपात-जल-निर्घोषैः पर्वतम् आरुरोह . प्राक्रुष्टम् इव सर्वतः वेपमानम् इव श्यामैः कम्पमानैः शरत्-वनैः","प्रपातजलनिर्घोषैः प्राक्रुष्टमिव सर्वतः। वेपमानमिव श्यामैः कम्पमानैः शरद्वनैः॥ ३०॥"
"वेणुभिः मारुत-उद्धूतैः कूजन्तम् इव कीचकैः निःश्वसन्तम् इव अ-मर्षात् घोरैः आशीविष-उत्तमैः पर्वतम् आरुरोह .","वेणुभिः आशीविष-उत्तमैः पर्वतम् आरुरोह . मारुत-उद्धूतैः कूजन्तम् इव कीचकैः निःश्वसन्तम् इव अ-मर्षात् घोरैः","वेणुभिर्मारुतोद्‍धूतैः कूजन्तमिव कीचकैः। निःश्वसन्तमिवामर्षाद् घोरैराशीविषोत्तमैः॥ ३१॥"
"नीहार-कृत-गम्भीरैः ध्यायन्तम् इव गह्वरैः मेघ-पाद-निभैः पादैः प्रक्रान्तम् इव सर्वतः पर्वतम् आरुरोह .","नीहार-कृत-गम्भीरैः पर्वतम् आरुरोह . ध्यायन्तम् इव गह्वरैः मेघ-पाद-निभैः पादैः प्रक्रान्तम् इव सर्वतः","नीहारकृतगम्भीरैर्ध्यायन्तमिव गह्वरैः। मेघपादनिभैः पादैः प्रक्रान्तमिव सर्वतः॥ ३२॥"
"जृम्भमाणम् इव आकाशे शिखरैः अभ्र-मालिभिः कूटैः च बहुधा कीर्णम् शोभितम् बहु-कन्दरैः पर्वतम् आरुरोह .","जृम्भमाणम् शोभितम् बहु-कन्दरैः पर्वतम् आरुरोह . इव आकाशे शिखरैः अभ्र-मालिभिः कूटैः च बहुधा कीर्णम्","जृम्भमाणमिवाकाशे शिखरैरभ्रमालिभिः। कूटैश्च बहुधा कीर्णं शोभितं बहुकन्दरैः॥ ३३॥"
"साल-तालैः च कर्णैः च वंशैः च बहुभिः वृतम् लता-वितानैः विततैः पुष्पवद्भिः अलङ्कृतम् पर्वतम् आरुरोह .","साल-तालैः विततैः पुष्पवद्भिः अलङ्कृतम् पर्वतम् आरुरोह . च कर्णैः च वंशैः च बहुभिः वृतम् लता-वितानैः","सालतालैश्च कर्णैश्च वंशैश्च बहुभिर्वृतम्। लतावितानैर्विततैः पुष्पवद्भिरलंकृतम्॥ ३४॥"
"नाना-मृग-गणैः कीर्णम् धातु-निष्यन्द-भूषितम् बहु-प्रस्रवण-उपेतम् शिला-सञ्चय-सङ्कटम् पर्वतम् आरुरोह .","नाना-मृग-गणैः कीर्णम् धातु-निष्यन्द-भूषितम् बहु-प्रस्रवण-उपेतम् शिला-सञ्चय-सङ्कटम् पर्वतम् आरुरोह .","नानामृगगणैः कीर्णं धातुनिष्यन्दभूषितम्। बहुप्रस्रवणोपेतं शिलासंचयसंकटम्॥ ३५॥"
"आप्लुत्य च महा-वेगः पक्षवान् इव पर्वतः भुजङ्ग-यक्ष-गन्धर्व-प्रबुद्ध-कमल-उत्पलम् स-चन्द्र-कुमुदम् रम्यम् स-अर्क-कारण्डवम् शुभम् तिष्य-श्रवण-कादम्बम् अभ्र-शैवल-शाद्वलम् पुनर्वसु-महा-मीनम् लोहिताङ्ग-महा-ग्रहम् ऐरावत-महा-द्वीपम् स्वाती-हंस-विलासितम् वात-सङ्घात-जाल-ऊर्मि-चन्द्र-अंशु-शिशिराम्बुमत् हनूमान् अ-परिश्रान्तः पुप्लुवे गगन-अर्णवम् .","आप्लुत्य स-अर्क-कारण्डवम् शुभम् तिष्य-श्रवण-कादम्बम् अभ्र-शैवल-शाद्वलम् पुनर्वसु-महा-मीनम् लोहिताङ्ग-महा-ग्रहम् ऐरावत-महा-द्वीपम् स्वाती-हंस-विलासितम् वात-सङ्घात-जाल-ऊर्मि-चन्द्र-अंशु-शिशिराम्बुमत् च हनूमान् अ-परिश्रान्तः पुप्लुवे गगन-अर्णवम् . महा-वेगः पक्षवान् इव पर्वतः भुजङ्ग-यक्ष-गन्धर्व-प्रबुद्ध-कमल-उत्पलम् स-चन्द्र-कुमुदम् रम्यम्","आप्लुत्य च महावेगः पक्षवानिव पर्वतः। भुजङ्गयक्षगन्धर्वप्रबुद्धकमलोत्पलम्। स चन्द्रकुमुदं रम्यं सार्ककारण्डवं शुभम्। तिष्यश्रवणकादम्बमभ्रशैवलशाद्वलम्। पुनर्वसुमहामीनं लोहिताङ्गमहाग्रहम्। ऐरावतमहाद्वीपं स्वातीहंसविलासितम्। वातसंघातजालोर्मिचन्द्रांशुशिशिराम्बुमत्। हनूमानपरिश्रान्तः पुप्लुवे गगनार्णवम्॥ ४॥"
"ग्रसमानः इव आकाशम् तार-अधिपम् इव उल्लिखन् हरन् इव स-नक्षत्रम् गगनम् स-अर्क-मण्डलम् अ-पारम् अ-परिश्रान्तः च अम्बुधिम् समगाहत हनूमान् मेघ-जालानि विकर्षन् इव गच्छति .","ग्रसमानः गगनम् स-अर्क-मण्डलम् अ-पारम् अ-परिश्रान्तः च अम्बुधिम् समगाहत हनूमान् मेघ-जालानि विकर्षन् इव इव गच्छति . आकाशम् तार-अधिपम् इव उल्लिखन् हरन् इव स-नक्षत्रम्","ग्रसमान इवाकाशं ताराधिपमिवोल्लिखन्। हरन्निव सनक्षत्रं गगनं सार्कमण्डलम्। अपारमपरिश्रान्तश्चाम्बुधिं समगाहत। हनूमान् मेघजालानि विकर्षन्निव गच्छति॥ ६॥"
"पाण्डुर-अरुण-वर्णानि नील-माञ्जिष्ठकानि च हरित-अरुण-वर्णानि महा-अभ्राणि चकाशिरे .","पाण्डुर-अरुण-वर्णानि नील-माञ्जिष्ठकानि च हरित-अरुण-वर्णानि महा-अभ्राणि चकाशिरे .","पाण्डुरारुणवर्णानि नीलमाञ्जिष्ठकानि च। हरितारुणवर्णानि महाभ्राणि चकाशिरे॥ ७॥"
"प्रविशन् अभ्र-जालानि निष्क्रमन् च पुनः पुनः प्रकाशः च अ-प्रकाशः च चन्द्रमाः इव दृश्यते (हनुमान्)","प्रविशन् च चन्द्रमाः इव दृश्यते (हनुमान्) अभ्र-जालानि निष्क्रमन् च पुनः पुनः प्रकाशः च अ-प्रकाशः","प्रविशन्नभ्रजालानि निष्क्रमंश्च पुनः पुनः। प्रकाशश्चाप्रकाशश्च चन्द्रमा इव दृश्यते॥ ८॥"
"विविध-अभ्र-घन-आपन्न-गोचरः धवल-अम्बरः दृश्य-अ-दृश्य-तनुः वीरः तथा चन्द्रायते अम्बरे .","विविध-अभ्र-घन-आपन्न-गोचरः धवल-अम्बरः दृश्य-अ-दृश्य-तनुः वीरः तथा चन्द्रायते अम्बरे .","विविधाभ्रघनापन्नगोचरो धवलाम्बरः। दृश्यादृश्यतनुर्वीरस्तथा चन्द्रायतेऽम्बरे॥ ९॥"
"तार्क्ष्यायमाणः गगने सः बभौ वायु-नन्दनः दारयन् मेघ-वृन्दानि निष्पतन् च पुनः पुनः .","तार्क्ष्यायमाणः पुनः पुनः . गगने सः बभौ वायु-नन्दनः दारयन् मेघ-वृन्दानि निष्पतन् च","तार्क्ष्यायमाणो  गगने स बभौ वायुनन्दनः। दारयन् मेघवृन्दानि निष्पतंश्च पुनः पुनः॥ १०॥"
"नदन् नादेन महता मेघ-स्वन-महा-स्वनः प्रवरान् राक्षसान् हत्वा नाम विश्राव्य च आत्मनः आकुलाम् नगरीम् कृत्वा व्यथयित्वा च रावणम् अर्दयित्वा महा-वीरान् वैदेहीम् अभिवाद्य च आजगाम महा-तेजाः पुनः मध्येन सागरम् .","नदन् च आत्मनः आकुलाम् नगरीम् कृत्वा व्यथयित्वा च रावणम् अर्दयित्वा महा-वीरान् नादेन वैदेहीम् अभिवाद्य च आजगाम महा-तेजाः पुनः मध्येन सागरम् . महता मेघ-स्वन-महा-स्वनः प्रवरान् राक्षसान् हत्वा नाम विश्राव्य","नदन् नादेन महता मेघस्वनमहास्वनः। प्रवरान् राक्षसान् हत्वा नाम विश्राव्य चात्मनः। आकुलां नगरीं कृत्वा व्यथयित्वा च रावणम्। अर्दयित्वा महावीरान् वैदेहीमभिवाद्य च। आजगाम महातेजाः पुनर्मध्येन सागरम्।"
"पर्वत-इन्द्रम् सु-नाभम् च समुपस्पृश्य वीर्यवान् ज्या-मुक्तः इव नार्-आचः महा-वेगः अभ्युपागमत् .","पर्वत-इन्द्रम् अभ्युपागमत् . सु-नाभम् च समुपस्पृश्य वीर्यवान् ज्या-मुक्तः इव नार्-आचः महा-वेगः","पर्वतेन्द्रं सुनाभं च समुपस्पृश्य वीर्यवान्। ज्यामुक्त इव नाराचो महावेगोऽभ्युपागमत्।"
"सः किञ्चित् आरात् सम्प्राप्तः समालोक्य महा-गिरिम् महा-इन्द्रम् मेघ-सङ्काशम् ननाद सः महा-कपिः .","सः सः महा-कपिः . किञ्चित् आरात् सम्प्राप्तः समालोक्य महा-गिरिम् महा-इन्द्रम् मेघ-सङ्काशम् ननाद","स किंचिदारात् सम्प्राप्तः समालोक्य महागिरिम्। महेन्द्रं मेघसंकाशं ननाद स महाकपिः।"
"सः पूरयामास कपिः दिशः दश समन्ततः नदन् नादेन महता मेघ-स्वन-महा-स्वनः .","सः मेघ-स्वन-महा-स्वनः . पूरयामास कपिः दिशः दश समन्ततः नदन् नादेन महता","स पूरयामास कपिर्दिशो दश समन्ततः। नदन् नादेन महता मेघस्वनमहास्वनः।"
"सः तम् देशम् अनुप्राप्तः सुहृत्-दर्शन-लालसः ननाद सु-महा-नादम् लाङ्गूलम् च अपि अकम्पयत् .","सः अपि अकम्पयत् . तम् देशम् अनुप्राप्तः सुहृत्-दर्शन-लालसः ननाद सु-महा-नादम् लाङ्गूलम् च","स तं देशमनुप्राप्तः सुहृद्दर्शनलालसः। ननाद सुमहानादं लाङ्गूलं चाप्यकम्पयत्।"
"तस्य नानद्यमानस्य सुपर्ण-आचरिते पथि फलति इव अस्य घोषेण गगनम् स-अर्क-मण्डलम् .","तस्य स-अर्क-मण्डलम् . नानद्यमानस्य सुपर्ण-आचरिते पथि फलति इव अस्य घोषेण गगनम्","तस्य नानद्यमानस्य सुपर्णाचरिते पथि। फलतीवास्य घोषेण गगनं सार्कमण्डलम्।"
"ये तु तत्र उत्तरे कूले समुद्रस्य महा-बलाः संविष्ठिताः शूराः वायु-पुत्र-दिदृक्षवः महतः वायु-नुन्नस्य तोय-दस्य इव निःस्वनम् शुश्रुवुः ते तदा घोषम् ऊरु-वेगम् हनूमतः .","ये वायु-पुत्र-दिदृक्षवः महतः वायु-नुन्नस्य तोय-दस्य इव निःस्वनम् शुश्रुवुः ते तदा घोषम् तु ऊरु-वेगम् हनूमतः . तत्र उत्तरे कूले समुद्रस्य महा-बलाः संविष्ठिताः शूराः","ये तु तत्रोत्तरे कूले समुद्रस्य महाबलाः। पूर्वं संविष्ठिताः शूरा वायुपुत्रदिदृक्षवः। महतो वायुनुन्नस्य तोयदस्येव निःस्वनम्। शुश्रुवुस्ते तदा घोषमूरुवेगं हनूमतः॥ १९॥"
"ते दीन-मनसः सर्वे शुश्रुवुः कानन-ओकसः वानर-इन्द्रस्य निःघोषम् पर्जन्य-निनद-उपमम् .","ते दीन-मनसः सर्वे शुश्रुवुः कानन-ओकसः वानर-इन्द्रस्य निःघोषम् पर्जन्य-निनद-उपमम् .","ते दीनमनसः सर्वे शुश्रुवुः काननौकसः। वानरेन्द्रस्य निर्घोषं पर्जन्यनिनदोपमम्॥ २०॥"
"निशम्य नदतः नादम् वानराः ते समन्ततः बभूवुः उत्सुकाः सर्वे सुहृत्-दर्शन-काङ्क्षिणः .","निशम्य सुहृत्-दर्शन-काङ्क्षिणः . नदतः नादम् वानराः ते समन्ततः बभूवुः उत्सुकाः सर्वे","निशम्य नदतो नादं वानरास्ते समन्ततः। बभूवुरुत्सुकाः सर्वे सुहृद्दर्शनकाङ्क्षिणः॥ २१॥"
"जाम्बवान् सः हरि-श्रेष्ठः प्रीति-संहृष्ट-मानसः उपामन्त्र्य हरीन् सर्वान् इदम् वचनम् अब्रवीत् .","जाम्बवान् अब्रवीत् . सः हरि-श्रेष्ठः प्रीति-संहृष्ट-मानसः उपामन्त्र्य हरीन् सर्वान् इदम् वचनम्","जाम्बवान् स हरिश्रेष्ठः प्रीतिसंहृष्टमानसः। उपामन्त्र्य हरीन् सर्वानिदं वचनमब्रवीत्॥ २२॥"
"सर्वथा कृत-कार्यः असौ हनूमान् न अत्र संशयः न हि अस्य अ-कृत-कार्यस्य नादः एवम्विधः भवेत् (अस्ति) (यत्) (अस्ति)","सर्वथा अस्य अ-कृत-कार्यस्य नादः एवम्विधः भवेत् (अस्ति) (यत्) (अस्ति) कृत-कार्यः असौ हनूमान् न अत्र संशयः न हि","सर्वथा कृतकार्योऽसौ हनूमान् नात्र संशयः। न ह्यस्याकृतकार्यस्य नाद एवंविधो भवेत्॥ २३॥"
"तस्य बाहु-ऊरु-वेगम् च निनादम् च महा-आत्मनः निशम्य हरयः हृष्टाः समुत्पेतुः यतः ततः .","तस्य समुत्पेतुः यतः ततः . बाहु-ऊरु-वेगम् च निनादम् च महा-आत्मनः निशम्य हरयः हृष्टाः","तस्य बाहूरुवेगं च निनादं च महात्मनः। निशम्य हरयो हृष्टाः समुत्पेतुर्यतस्ततः॥ २४॥"
"ते नग-अग्रात् नग-अग्राणि शिखरात् शिखराणि च प्रहृष्टाः समपद्यन्त हनूमन्तम् दिदृक्षवः .","ते दिदृक्षवः . नग-अग्रात् नग-अग्राणि शिखरात् शिखराणि च प्रहृष्टाः समपद्यन्त हनूमन्तम्","ते नगाग्रान्नगाग्राणि शिखराच्छिखराणि च। प्रहृष्टाः समपद्यन्त हनूमन्तं दिदृक्षवः॥ २५॥"
"ते प्रीताः पादप-अग्रेषु गृह्य शाखाम् अवस्थिताः वासांसि च प्रकाशानि समाविध्यन्त वानराः .","ते समाविध्यन्त वानराः . प्रीताः पादप-अग्रेषु गृह्य शाखाम् अवस्थिताः वासांसि च प्रकाशानि","ते प्रीताः पादपाग्रेषु गृह्य शाखामवस्थिताः। वासांसि च प्रकाशानि समाविध्यन्त वानराः॥ २६॥"
"गिरि-गह्वर-संलीनः यथा गर्जति मारुतः एवम् जगर्ज बलवान् हनूमान् मारुत-आत्म-जः","गिरि-गह्वर-संलीनः यथा गर्जति मारुतः एवम् जगर्ज बलवान् हनूमान् मारुत-आत्म-जः","गिरिगह्वरसंलीनो यथा गर्जति मारुतः। एवं जगर्ज बलवान् हनूमान् मारुतात्मजः॥ २७॥"
"तम् अभ्र-घन-सङ्काशम् आपतन्तम् महा-कपिम् दृष्ट्वा ते वानराः सर्वे तस्थुः प्राञ्जलयः तदा .","तम् प्राञ्जलयः तदा . अभ्र-घन-सङ्काशम् आपतन्तम् महा-कपिम् दृष्ट्वा ते वानराः सर्वे तस्थुः","तमभ्रघनसंकाशमापतन्तं महाकपिम्। दृष्ट्वा ते वानराः सर्वे तस्थुः प्राञ्जलयस्तदा॥ २८॥"
"ततः तु वेगवान् वीरः गिरेः गिरि-निभः कपिः निपपात गिरेः तस्य शिखरे पादप-आकुले (प्लुतः)","ततः तस्य शिखरे पादप-आकुले (प्लुतः) तु वेगवान् वीरः गिरेः गिरि-निभः कपिः निपपात गिरेः","ततस्तु वेगवान् वीरो गिरेर्गिरिनिभः कपिः। निपपात गिरेस्तस्य शिखरे पादपाकुले॥ २९॥"
"हर्षेण आपूर्यमाणः असौ रम्ये पर्वत-निर्झरे छिन्न-पक्षः इव आकाशात् पपात धरणी-धरः .","हर्षेण धरणी-धरः . आपूर्यमाणः असौ रम्ये पर्वत-निर्झरे छिन्न-पक्षः इव आकाशात् पपात","हर्षेणापूर्यमाणोऽसौ रम्ये पर्वतनिर्झरे। छिन्नपक्ष इवाकाशात् पपात धरणीधरः॥ ३०॥"
"ततः ते प्रीत-मनसः सर्वे वानर-पुङ्गवाः हनूमन्तम् महा-आत्मानम् परिवार्य उपतस्थिरे .","ततः . ते प्रीत-मनसः सर्वे वानर-पुङ्गवाः हनूमन्तम् महा-आत्मानम् परिवार्य उपतस्थिरे","ततस्ते प्रीतमनसः सर्वे वानरपुङ्गवाः। हनूमन्तं महात्मानं परिवार्योपतस्थिरे॥ ३१॥"
"परिवार्य च ते सर्वे पराम् प्रीतिम् उपागताः प्रहृष्ट-वदनाः सर्वे तम् आगतम् उपागमन् .","परिवार्य तम् आगतम् उपागमन् . च ते सर्वे पराम् प्रीतिम् उपागताः प्रहृष्ट-वदनाः सर्वे","परिवार्य च ते सर्वे परां प्रीतिमुपागताः। प्रहृष्टवदनाः सर्वे तमागतमुपागमन्॥ ३२॥"
"उपायनानि च आदाय मूलानि च फलानि च प्रत्यर्चयन् हरि-श्रेष्ठम् हरयः मारुत-आत्म-जम्","उपायनानि हरयः मारुत-आत्म-जम् च आदाय मूलानि च फलानि च प्रत्यर्चयन् हरि-श्रेष्ठम्","उपायनानि चादाय मूलानि च फलानि च। प्रत्यर्चयन् हरिश्रेष्ठं हरयो मारुतात्मजम्॥ ३३॥"
"विनेदुः मुदिताः केचित् केचित् किलकिलाम् तथा हृष्टाः पादप-शाखाः च आनिन्युः वानर-ऋषभाः .","विनेदुः आनिन्युः वानर-ऋषभाः . मुदिताः केचित् केचित् किलकिलाम् तथा हृष्टाः पादप-शाखाः च","विनेदुर्मुदिताः केचित् केचित् किलकिलां तथा। हृष्टाः पादपशाखाश्च आनिन्युर्वानरर्षभाः॥ ३४॥"
"हनूमान् तु गुरून् वृद्धान् जाम्बवत्-प्रमुखान् तदा कुमारम् अङ्गदम् च एव सः अवन्दत महा-कपिः .","हनूमान् एव सः अवन्दत महा-कपिः . तु गुरून् वृद्धान् जाम्बवत्-प्रमुखान् तदा कुमारम् अङ्गदम् च","हनूमांस्तु गुरून् वृद्धाञ्जाम्बवत्प्रमुखांस्तदा। कुमारमङ्गदं चैव सोऽवन्दत महाकपिः॥ ३५॥"
"सः ताभ्याम् पूजितः पूज्यः कपिभिः च प्रसादितः दृष्टा देवी इति विक्रान्तः सङ्क्षेपेण न्यवेदयत् (अतः)","सः इति विक्रान्तः सङ्क्षेपेण न्यवेदयत् (अतः) ताभ्याम् पूजितः पूज्यः कपिभिः च प्रसादितः दृष्टा देवी","स ताभ्यां पूजितः पूज्यः कपिभिश्च प्रसादितः। दृष्टा देवीति विक्रान्तः संक्षेपेण न्यवेदयत्"
"निषसाद च हस्तेन गृहीत्वा वालिनः सुतम् रमणीये वन-उद्देशे महा-इन्द्रस्य गिरेः तदा .","निषसाद गिरेः तदा . च हस्तेन गृहीत्वा वालिनः सुतम् रमणीये वन-उद्देशे महा-इन्द्रस्य","निषसाद च हस्तेन गृहीत्वा वालिनः सुतम्। रमणीये वनोद्देशे महेन्द्रस्य गिरेस्तदा॥ ३७॥"
"हनूमान् अब्रवीत् पृष्टः तदा तान् वानर-ऋषभान् अशोक-वनिका-संस्था दृष्टा सा जनक-आत्म-जा रक्ष्यमाणा सुघोराभिः राक्षसीभिः अ-निन्दिता एक-वेणी-धरा बाला राम-दर्शन-लालसा उपवास-परिश्रान्ता मलिना जटिला कृशा (इति)","हनूमान् जनक-आत्म-जा रक्ष्यमाणा सुघोराभिः राक्षसीभिः अ-निन्दिता एक-वेणी-धरा बाला राम-दर्शन-लालसा उपवास-परिश्रान्ता मलिना अब्रवीत् जटिला कृशा (इति) पृष्टः तदा तान् वानर-ऋषभान् अशोक-वनिका-संस्था दृष्टा सा","  हनूमानब्रवीत् पृष्टस्तदा तान् वानरर्षभान्। अशोकवनिकासंस्था दृष्टा सा जनकात्मजा। रक्ष्यमाणा सुघोराभी राक्षसीभिरनिन्दिता। एकवेणीधरा बाला रामदर्शनलालसा। उपवासपरिश्रान्ता मलिना जटिला कृशा।"
"ततः दृष्टा इति वचनम् महा-अर्थम् अमृत-उपमम् निशम्य मारुतेः सर्वे मुदिताः वानराः अभवन् .","ततः मुदिताः वानराः अभवन् . दृष्टा इति वचनम् महा-अर्थम् अमृत-उपमम् निशम्य मारुतेः सर्वे","ततो दृष्टेति वचनं महार्थममृतोपमम्। निशम्य मारुतेः सर्वे मुदिता वानराभवन्।"
"क्ष्वेडन्ति अन्ये नदन्ति अन्ये गर्जन्ति अन्ये महा-बलाः चक्रुः किलकिलाम् अन्ये प्रतिगर्जन्ति च अपरे .","क्ष्वेडन्ति अन्ये प्रतिगर्जन्ति च अपरे . अन्ये नदन्ति अन्ये गर्जन्ति अन्ये महा-बलाः चक्रुः किलकिलाम्","क्ष्वेडन्त्यन्ये नदन्त्यन्ये गर्जन्त्यन्ये महाबलाः। चक्रुः किलकिलामन्ये प्रतिगर्जन्ति चापरे।"
"केचित् उच्छ्रित-लाङ्गूलाः प्रहृष्टाः कपि-कुञ्जराः आयत-अञ्चित-दीर्घाणि लाङ्गूलानि प्रविव्यधुः .","केचित् उच्छ्रित-लाङ्गूलाः प्रहृष्टाः कपि-कुञ्जराः आयत-अञ्चित-दीर्घाणि लाङ्गूलानि प्रविव्यधुः .","केचिदुच्छ्रितलाङ्गूलाः प्रहृष्टाः कपिकुञ्जराः। आयताञ्चितदीर्घाणि लाङ्गूलानि प्रविव्यधुः।"
"अपरे तु हनूमन्तम् श्रीमन्तम् वानर-उत्तमम् आप्लुत्य गिरि-शृङ्गेषु संस्पृशन्ति स्म हर्षिताः .","अपरे हर्षिताः . तु हनूमन्तम् श्रीमन्तम् वानर-उत्तमम् आप्लुत्य गिरि-शृङ्गेषु संस्पृशन्ति स्म","अपरे तु हनूमन्तं श्रीमन्तं वानरोत्तमम्। आप्लुत्य गिरिशृङ्गेषु संस्पृशन्ति स्म हर्षिताः।"
"उक्त-वाक्यम् हनूमन्तम् अङ्गदः तु तदा अब्रवीत् सर्वेषाम् हरि-वीराणाम् मध्ये वाचम् अन्-उत्तमाम्","उक्त-वाक्यम् वाचम् अन्-उत्तमाम् हनूमन्तम् अङ्गदः तु तदा अब्रवीत् सर्वेषाम् हरि-वीराणाम् मध्ये","उक्तवाक्यं हनूमन्तमङ्गदस्तु तदाब्रवीत्। सर्वेषां हरिवीराणां मध्ये वाचमनुत्तमाम्।"
"सत्त्वे वीर्ये न ते कश्चित् समः वानर विद्यते यत् अवप्लुत्य विस्तीर्णम् सागरम् पुनः आगतः .","सत्त्वे अवप्लुत्य विस्तीर्णम् सागरम् पुनः आगतः . वीर्ये न ते कश्चित् समः वानर विद्यते यत्","सत्त्वे वीर्ये न ते कश्चित् समो वानर विद्यते। यदवप्लुत्य विस्तीर्णं सागरं पुनरागतः।"
"जीवितस्य प्रदाता नः त्वम् एकः वानर-उत्तम त्वत्-प्रसादात् समेष्यामः सिद्ध-अर्थाः राघवेण ह (अतः) (असि)","जीवितस्य राघवेण ह (अतः) (असि) प्रदाता नः त्वम् एकः वानर-उत्तम त्वत्-प्रसादात् समेष्यामः सिद्ध-अर्थाः","जीवितस्य प्रदाता नस्त्वमेको वानरोत्तम। त्वत्प्रसादात् समेष्यामः सिद्धार्था राघवेण ह।"
"अहो स्वामिनि ते भक्तिः अहो वीर्यम् अहो धृतिः (च) (अस्ति); दिष्ट्या दृष्टा त्वया देवी राम-पत्नी यशस्विनी","अहो (च) (अस्ति) स्वामिनि ते भक्तिः अहो वीर्यम् अहो धृतिः; दृष्टा त्वया देवी राम-पत्नी यशस्विनी दिष्ट्या","अहो स्वामिनि ते भक्तिरहो वीर्यमहो धृतिः। दिष्ट्या दृष्टा त्वया देवी रामपत्नी यशस्विनी।"
"दिष्ट्या त्यक्ष्यति काकुत्स्थः शोकम् सीता-वियोग-जम् .","दिष्ट्या त्यक्ष्यति काकुत्स्थः शोकम् सीता-वियोग-जम् .","दिष्ट्या त्यक्ष्यति काकुत्स्थः शोकं सीतावियोगजम्॥ ४८॥"
"ततः अङ्गदम् हनूमन्तम् जाम्बवन्तम् च वानराः परिवार्य प्रमुदिताः भेजिरे विपुलाः शिलाः .","ततः विपुलाः शिलाः . अङ्गदम् हनूमन्तम् जाम्बवन्तम् च वानराः परिवार्य प्रमुदिताः भेजिरे","ततोऽङ्गदं हनूमन्तं जाम्बवन्तं च वानराः। परिवार्य प्रमुदिता भेजिरे विपुलाः शिलाः॥ ४९॥"
"उपविष्टाः गिरेः तस्य शिलासु विपुलासु ते श्रोतु-कामाः समुद्रस्य लङ्घनम् वानर-उत्तमाः दर्शनम् च अपि लङ्कायाः सीतायाः रावणस्य च तस्थुः प्राञ्जलयः सर्वे हनूमत्-वदन-उन्मुखाः .","उपविष्टाः वानर-उत्तमाः दर्शनम् च अपि लङ्कायाः सीतायाः रावणस्य च तस्थुः प्राञ्जलयः गिरेः सर्वे हनूमत्-वदन-उन्मुखाः . तस्य शिलासु विपुलासु ते श्रोतु-कामाः समुद्रस्य लङ्घनम्","उपविष्टा गिरेस्तस्य शिलासु विपुलासु ते। श्रोतुकामाः समुद्रस्य लङ्घनं वानरोत्तमाः। दर्शनं चापि लङ्कायाः सीताया रावणस्य च। तस्थुः प्राञ्जलयः सर्वे हनूमद्वदनोन्मुखाः॥ ५१॥"
"तस्थौ तत्र अङ्गदः श्रीमान् वानरैः बहुभिः वृतः उपास्यमानः विबुधैः दिवि देव-पतिः यथा .","तस्थौ दिवि देव-पतिः यथा . तत्र अङ्गदः श्रीमान् वानरैः बहुभिः वृतः उपास्यमानः विबुधैः","तस्थौ तत्राङ्गदः श्रीमान् वानरैर्बहुभिर्वृतः। उपास्यमानो विबुधैर्दिवि देवपतिर्यथा॥ ५२॥"
"हनूमता कीर्तिमता यशस्विना तथा अङ्गदेन अङ्गद-नद्ध-बाहुना मुदा तदा अध्यासितम् उन्नतम् महत् मही-धर-अग्रम् ज्वलितम् श्रिया अभवत् .","हनूमता उन्नतम् महत् मही-धर-अग्रम् ज्वलितम् श्रिया अभवत् . कीर्तिमता यशस्विना तथा अङ्गदेन अङ्गद-नद्ध-बाहुना मुदा तदा अध्यासितम्","हनूमता कीर्तिमता यशस्विना तथाङ्गदेनाङ्गदनद्धबाहुना। मुदा तदाध्यासितमुन्नतं महन्महीधराग्रं ज्वलितं श्रियाभवत्॥ ५३॥"
"ततः तस्य गिरेः शृङ्गे महेन्द्रस्य महा-बलाः हनुमत्-प्रमुखाः प्रीतिम् हरयः जग्मुः उत्तमाम् .","ततः जग्मुः उत्तमाम् . तस्य गिरेः शृङ्गे महेन्द्रस्य महा-बलाः हनुमत्-प्रमुखाः प्रीतिम् हरयः","ततस्तस्य गिरेः शृङ्गे महेन्द्रस्य महाबलाः। हनुमत्प्रमुखाः प्रीतिं हरयो जग्मुरुत्तमाम्॥ १॥"
"प्रीतिमत्सु उपविष्टेषु वानरेषु महा-आत्मसु तम् ततः प्रतिसंहृष्टः प्रीति-युक्तम् महा-कपिम् जाम्बवान् कार्य-वृत्तान्तम् अपृच्छत् अनिल-आत्मजम् .","प्रीतिमत्सु जाम्बवान् कार्य-वृत्तान्तम् अपृच्छत् अनिल-आत्मजम् . उपविष्टेषु वानरेषु महा-आत्मसु तम् ततः प्रतिसंहृष्टः प्रीति-युक्तम् महा-कपिम्","प्रीतिमत्सूपविष्टेषु वानरेषु महात्मसु। तं ततः प्रतिसंहृष्टः प्रीतियुक्तं महाकपिम्। जाम्बवान् कार्यवृत्तान्तमपृच्छदनिलात्मजम्।"
"कथम् दृष्टा त्वया देवी कथम् वा तत्र वर्तते तस्याम् च अपि कथम् वृत्तः क्रूर-कर्मा दश-आननः .; तत्त्वतः सर्वम् एतत् नः प्रब्रूहि त्वम् महा-कपे","कथम् च अपि कथम् वृत्तः क्रूर-कर्मा दश-आननः दृष्टा . त्वया देवी कथम् वा तत्र वर्तते तस्याम्; तत्त्वतः सर्वम् एतत् नः प्रब्रूहि त्वम् महा-कपे","कथं दृष्टा त्वया देवी कथं वा तत्र वर्तते। तस्यां चापि कथं वृत्तः क्रूरकर्मा दशाननः। तत्त्वतः सर्वमेतन्नः प्रब्रूहि त्वं महाकपे॥ ४॥"
"सम्मार्गिता कथम् देवी किम् च सा प्रत्यभाषत श्रुत-अर्थाः चिन्तयिष्यामः भूयः कार्य-विनिश्चयम् (वयम्) (इति) (श्रुत्वा)","सम्मार्गिता भूयः कार्य-विनिश्चयम् (वयम्) (इति) (श्रुत्वा) कथम् देवी किम् च सा प्रत्यभाषत श्रुत-अर्थाः चिन्तयिष्यामः","सम्मार्गिता कथं देवी किं च सा प्रत्यभाषत। श्रुतार्थाश्चिन्तयिष्यामो भूयः कार्यविनिश्चयम्॥ ५॥"
"यः च अर्थः तत्र वक्तव्यः गतैः अस्माभिः आत्मवान् रक्षितव्यम् च यत् तत्र तत् भवान् व्याकरोतु नः .","यः च यत् तत्र तत् भवान् व्याकरोतु नः . च अर्थः तत्र वक्तव्यः गतैः अस्माभिः आत्मवान् रक्षितव्यम्","यश्चार्थस्तत्र वक्तव्यो गतैरस्माभिरात्मवान्। रक्षितव्यं च यत्तत्र तद् भवान् व्याकरोतु नः॥ ६॥"
"सः नियुक्तः ततः तेन सम्प्रहृष्ट-तनुः-रुहः नमस्यन् शिरसा देव्यै सीतायै प्रत्यभाषत .","सः प्रत्यभाषत . नियुक्तः ततः तेन सम्प्रहृष्ट-तनुः-रुहः नमस्यन् शिरसा देव्यै सीतायै","स नियुक्तस्ततस्तेन सम्प्रहृष्टतनूरुहः। नमस्यन् शिरसा देव्यै सीतायै प्रत्यभाषत॥ ७॥"
"प्रत्यक्षम् एव भवताम् महेन्द्र-अग्रात् खम् आप्लुतः उदधेः दक्षिणम् पारम् काङ्क्षमाणः समाहितः .","प्रत्यक्षम् काङ्क्षमाणः समाहितः . एव भवताम् महेन्द्र-अग्रात् खम् आप्लुतः उदधेः दक्षिणम् पारम्","प्रत्यक्षमेव भवतां महेन्द्राग्रात् खमाप्लुतः। उदधेर्दक्षिणं पारं काङ्क्षमाणः समाहितः॥ ८॥"
"गच्छतः च हि मे घोरम् विघ्न-रूपम् इव अभवत् (पुरतः); काञ्चनम् शिखरम् दिव्यम् पश्यामि सु-मनः-हरम् स्थितम् पन्थानम् आवृत्य मेने विघ्नम् च तम् नगम्","गच्छतः च (पुरतः) हि मे घोरम् विघ्न-रूपम् इव अभवत्; शिखरम् दिव्यम् पश्यामि सु-मनः-हरम् स्थितम् पन्थानम् आवृत्य मेने विघ्नम् च तम् नगम् काञ्चनम्","गच्छतश्च हि मे घोरं विघ्नरूपमिवाभवत्। काञ्चनं शिखरं दिव्यं पश्यामि सुमनोहरम्। स्थितं पन्थानमावृत्य मेने विघ्नं च तं नगम्।"
"उपसङ्गम्य तम् दिव्यम् काञ्चनम् नगम् उत्तमम् कृता मे मनसा बुद्धिः भेत्तव्यः अयम् मया इति च .","उपसङ्गम्य बुद्धिः भेत्तव्यः अयम् मया इति च . तम् दिव्यम् काञ्चनम् नगम् उत्तमम् कृता मे मनसा","उपसंगम्य तं दिव्यं काञ्चनं नगमुत्तमम्। कृता मे मनसा बुद्धिर्भेत्तव्योऽयं मयेति च।"
"प्रहतस्य मया तस्य लाङ्गूलेन महा-गिरेः शिखरम् सूर्य-सङ्काशम् व्यशीर्यत सहस्रधा .","प्रहतस्य . मया तस्य लाङ्गूलेन महा-गिरेः शिखरम् सूर्य-सङ्काशम् व्यशीर्यत सहस्रधा","प्रहतस्य मया तस्य लाङ्गूलेन महागिरेः। शिखरं सूर्यसंकाशं व्यशीर्यत सहस्रधा।"
"व्यवसायम् च तम् बुद्ध्वा स ह उवाच महा-गिरिः पुत्र इति मधुराम् वाणीम् मनः प्रह्लादयन् इव पितृव्यम् च अपि माम् विद्धि सखायम् मातरिश्वनः मैनाकम् इति विख्यातम् निवसन्तम् महा-उदधौ","व्यवसायम् इति मधुराम् वाणीम् मनः प्रह्लादयन् इव पितृव्यम् च अपि माम् च विद्धि सखायम् मातरिश्वनः मैनाकम् इति विख्यातम् निवसन्तम् महा-उदधौ तम् बुद्ध्वा स ह उवाच महा-गिरिः पुत्र","व्यवसायं च तं बुद्‍ध्वा स होवाच महागिरिः। पुत्रेति मधुरां वाणीं मनः प्रह्लादयन्निव। पितृव्यं चापि मां विद्धि सखायं मातरिश्वनः। मैनाकमिति विख्यातं निवसन्तं महोदधौ।"
"व्यवसायम् च तम् बुद्ध्वा स ह उवाच महा-गिरिः पुत्र-ईति मधुराम् वाणीम् मनः प्रह्लादयन् इव पितृव्यम् च अपि माम् विद्धि मातरिश्वनः मैनाकम् इति विख्यातम् निवसन्तम् .","व्यवसायम् मधुराम् वाणीम् मनः प्रह्लादयन् इव पितृव्यम् च अपि माम् विद्धि च मातरिश्वनः मैनाकम् इति विख्यातम् निवसन्तम् . तम् बुद्ध्वा स ह उवाच महा-गिरिः पुत्र-ईति","पक्षवन्तः पुरा पुत्र बभूवुः पर्वतोत्तमाः। छन्दतः पृथिवीं चेरुर्बाधमानाः समन्ततः।"
"पक्षवन्तः पुरा पुत्र बभूवुः पर्वत-उत्तमाः छन्दतः पृथिवीम् चेरुः बाधमानाः समन्ततः (अतः)","पक्षवन्तः समन्ततः (अतः) पुरा पुत्र बभूवुः पर्वत-उत्तमाः छन्दतः पृथिवीम् चेरुः बाधमानाः","पक्षवन्तः पुरा पुत्र बभूवुः पर्वतोत्तमाः। छन्दतः पृथिवीं चेरुर्बाधमानाः समन्ततः।"
"श्रुत्वा नगानाम् चरितम् महेन्द्रः पाक-शासनः वज्रेण भगवान् पक्षौ चिच्छेद एषाम् सहस्रशः .","श्रुत्वा एषाम् सहस्रशः . नगानाम् चरितम् महेन्द्रः पाक-शासनः वज्रेण भगवान् पक्षौ चिच्छेद","श्रुत्वा नगानां चरितं महेन्द्रः पाकशासनः। वज्रेण भगवान् पक्षौ चिच्छेदैषां सहस्रशः।"
"अहम् तु मोचितः तस्मात् तव पित्रा महा-आत्मना मारुतेन तदा वत्स प्रक्षिप्तः वरुण-आलये .","अहम् वत्स प्रक्षिप्तः वरुण-आलये . तु मोचितः तस्मात् तव पित्रा महा-आत्मना मारुतेन तदा","अहं तु मोचितस्तस्मात् तव पित्रा महात्मना। मारुतेन तदा वत्स प्रक्षिप्तो वरुणालये।"
"राघवस्य मया साह्ये वर्तितव्यम् अरिन्दम रामः धर्म-भृताम् श्रेष्ठः महेन्द्र-सम-विक्रमः (यतः) (अस्ति)","राघवस्य (यतः) (अस्ति) मया साह्ये वर्तितव्यम् अरिन्दम रामः धर्म-भृताम् श्रेष्ठः महेन्द्र-सम-विक्रमः","राघवस्य मया साह्ये वर्तितव्यमरिंदम। रामो धर्मभृतां श्रेष्ठो महेन्द्रसमविक्रमः।"
"एतत् श्रुत्वा मया तस्य मैनाकस्य महा-आत्मनः कार्यम् आवेद्य च गिरेः उद्धतम् वै मनः मम (अभवत्)","एतत् गिरेः उद्धतम् वै मनः मम (अभवत्) श्रुत्वा मया तस्य मैनाकस्य महा-आत्मनः कार्यम् आवेद्य च","एतच्छ्रुत्वा मया तस्य मैनाकस्य महात्मनः।  कार्यमावेद्य च गिरेरुद्धतं वै मनो मम।"
"तेन च अहम् अनुज्ञातः मैनाकेन महा-आत्मना .","तेन च अहम् अनुज्ञातः मैनाकेन महा-आत्मना .","तेन चाहमनुज्ञातो मैनाकेन महात्मना॥ १९॥"
"सः च अपि अन्तर्हितः शैलः मानुषेण वपुष्मता शरीरेण महा-शैलः शैलेन च महा-उदधौ .","सः शैलेन च महा-उदधौ . च अपि अन्तर्हितः शैलः मानुषेण वपुष्मता शरीरेण महा-शैलः","स चाप्यन्तर्हितः शैलो मानुषेण वपुष्मता। शरीरेण महाशैलः शैलेन च महोदधौ॥ २०॥"
"तत् दृष्ट्वा व्यादितम् तु आस्यम् ह्रस्वम् हि अकरवम् पुनः .; तस्मिन् मुहूर्ते च पुनः बभूव अङ्गुष्ठ-सम्मितः ततः; अभिपत्य आशु तत्-वक्त्रम् निर्गतः अहम् क्षणात्","तत् दृष्ट्वा . व्यादितम् तु आस्यम् ह्रस्वम् हि अकरवम् पुनः; तस्मिन् मुहूर्ते च पुनः बभूव अङ्गुष्ठ-सम्मितः ततः; अभिपत्य आशु तत्-वक्त्रम् निर्गतः अहम् क्षणात्","  तद् दृष्ट्वा व्यादितं त्वास्यं ह्रस्वं ह्यकरवं पुनः। तस्मिन् मुहूर्ते च पुनर्बभूवाङ्गुष्ठसम्मितः। अभिपत्याशु तद्वक्त्रं निर्गतोऽहं ततः क्षणात् ।"
"अब्रवीत् सुरसा देवी स्वेन रूपेण माम् पुनः अर्थ-सिद्धौ हरि-श्रेष्ठ गच्छ सौम्य यथा-सुखम् समानय च वैदेहीम् राघवेण महा-आत्मना (इति)","अब्रवीत् गच्छ सौम्य यथा-सुखम् समानय च वैदेहीम् राघवेण महा-आत्मना (इति) सुरसा देवी स्वेन रूपेण माम् पुनः अर्थ-सिद्धौ हरि-श्रेष्ठ","अब्रवीत् सुरसा देवी स्वेन रूपेण मां पुनः। अर्थसिद्धौ हरिश्रेष्ठ गच्छ सौम्य यथासुखम्। समानय च वैदेहीं राघवेण महात्मना॥ ३३॥"
"सुखी भव महा-बाहो प्रीता अस्मि तव वानर अहम् .; ततः साधु साधु इति सर्व-भूतैः प्रशंसितः","सुखी . भव महा-बाहो प्रीता अस्मि तव वानर अहम्; साधु साधु इति सर्व-भूतैः प्रशंसितः ततः","सुखी भव महाबाहो प्रीतास्मि तव वानर। ततोऽहं साधुसाध्वीति सर्वभूतैः प्रशंसितः॥ ३४॥"
"ततः अन्तरिक्षम् विपुलम् प्लुतः अहम् गरुडः यथा; छाया मे निगृहीता च न च पश्यामि किञ्चन (अतः)","ततः अन्तरिक्षम् विपुलम् प्लुतः अहम् गरुडः यथा; निगृहीता च न च पश्यामि किञ्चन (अतः) छाया मे","ततोऽन्तरिक्षं विपुलं प्लुतोऽहं गरुडो यथा। छाया मे निगृहीता च न च पश्यामि किंचन॥ ३५॥"
"सः अहम् विगत-वेगः तु दिशः दश विलोकयन् न किञ्चित् तत्र पश्यामि येन मे विहता गतिः (तत्)","सः तत्र पश्यामि येन मे विहता गतिः (तत्) अहम् विगत-वेगः तु दिशः दश विलोकयन् न किञ्चित्","सोऽहं विगतवेगस्तु दिशो दश विलोकयन्। न किंचित् तत्र पश्यामि येन मे विहता गतिः॥ ३६॥"
"अथ मे बुद्धिः उत्पन्ना किम् नाम गमने मम ईदृशः विघ्नः उत्पन्नः रूपम् अत्र न; दृश्यते","अथ विघ्नः उत्पन्नः रूपम् अत्र न मे बुद्धिः उत्पन्ना किम् नाम गमने मम ईदृशः; दृश्यते","अथ मे बुद्धिरुत्पन्ना किंनाम गमने मम। ईदृशो विघ्न उत्पन्नो रूपमत्र न दृश्यते॥ ३७॥"
"अधः-भागे तु मे दृष्टिः शोचतः पतिता तदा .; तत्र अद्राक्षम् अहम् भीमाम् राक्षसीम् सलिले-शयाम्","अधः-भागे . तु मे दृष्टिः शोचतः पतिता तदा; अहम् भीमाम् राक्षसीम् सलिले-शयाम् तत्र अद्राक्षम्","अधोभागे तु मे दृष्टिः शोचतः पतिता तदा। तत्राद्राक्षमहं भीमां राक्षसीं सलिलेशयाम्॥ ३८॥"
"प्रहस्य च महा-नादम् उक्तः अहम् भीमया तया अवस्थितम् अ-सम्भ्रान्तम् इदम् वाक्यम् अ-शोभनम् .","प्रहस्य इदम् वाक्यम् अ-शोभनम् . च महा-नादम् उक्तः अहम् भीमया तया अवस्थितम् अ-सम्भ्रान्तम्","प्रहस्य च महानादमुक्तोऽहं भीमया तया। अवस्थितमसम्भ्रान्तमिदं वाक्यमशोभनम्॥ ३९॥"
"क्व असि गन्ता महा-काय क्षुधितायाः मम ईप्सितः भक्षः प्रीणय मे देहम् चिरम् आहार-वर्जितम् (त्वम्)","क्व मे देहम् चिरम् आहार-वर्जितम् (त्वम्) असि गन्ता महा-काय क्षुधितायाः मम ईप्सितः भक्षः प्रीणय","क्वासि गन्ता महाकाय क्षुधिताया ममेप्सितः। भक्षः प्रीणय मे देहं चिरमाहारवर्जितम्॥ ४०॥"
"बाढम् इति एव ताम् वाणीम् प्रत्यगृह्णाम् (उक्त्वा); अहम् ततः आस्य-प्रमाणात् अधिकम् तस्याः कायम् अपूरयम्","बाढम् (उक्त्वा) इति एव ताम् वाणीम् प्रत्यगृह्णाम्; अधिकम् तस्याः कायम् अपूरयम् अहम् ततः आस्य-प्रमाणात्","बाढमित्येव तां वाणीं प्रत्यगृह्णामहं ततः। आस्यप्रमाणादधिकं तस्याः कायमपूरयम्॥ ४१॥"
"तस्याः च आस्यम् महत् भीमम् वर्धते मम भक्षणे; न तु माम् सा नु बुबुधे मम वा विकृतम् .","तस्याः च आस्यम् महत् भीमम् वर्धते मम भक्षणे; तु माम् सा नु बुबुधे मम वा विकृतम् . न","  तस्याश्चास्यं महद् भीमं वर्धते मम भक्षणे। न तु मां सा नु बुबुधे मम वा विकृतं कृतम्॥ ४२॥"
"ततः अहम् विपुलम् रूपम् सङ्क्षिप्य निमिष-अन्तरात् तस्याः हृदयम् आदाय प्रपतामि नभः-स्थलम् .","ततः प्रपतामि नभः-स्थलम् . अहम् विपुलम् रूपम् सङ्क्षिप्य निमिष-अन्तरात् तस्याः हृदयम् आदाय","ततोऽहं विपुलं रूपं संक्षिप्य निमिषान्तरात्। तस्या हृदयमादाय प्रपतामि नभःस्थलम्॥ ४३॥"
"सा विसृष्ट-भुजा भीमा पपात लवण-अम्भसि मया पर्वत-सङ्काशा निकृत्त-हृदया सती .","सा . विसृष्ट-भुजा भीमा पपात लवण-अम्भसि मया पर्वत-सङ्काशा निकृत्त-हृदया सती","सा विसृष्टभुजा भीमा पपात लवणाम्भसि। मया पर्वतसंकाशा निकृत्तहृदया सती॥ ४४॥"
"शृणोमि ख-गतानाम् च वाचः सौम्या महा-आत्मनाम् राक्षसी सिंहिका भीमा क्षिप्रम् हनुमता हता (इति)","शृणोमि क्षिप्रम् हनुमता हता (इति) ख-गतानाम् च वाचः सौम्या महा-आत्मनाम् राक्षसी सिंहिका भीमा","शृणोमि खगतानां च वाचः सौम्या महात्मनाम्। राक्षसी सिंहिका भीमा क्षिप्रं हनुमता हता॥ ४५॥"
"ताम् हत्वा पुनः एव अहम् कृत्यम् आत्ययिकम् स्मरन् गत्वा च महत् अध्वानम् पश्यामि नग-मण्डितम् दक्षिणम् तीरम् उदधेः लङ्का यत्र गता पुरी (तत्र)","ताम् च महत् अध्वानम् पश्यामि नग-मण्डितम् दक्षिणम् तीरम् उदधेः लङ्का यत्र हत्वा गता पुरी (तत्र) पुनः एव अहम् कृत्यम् आत्ययिकम् स्मरन् गत्वा","तां हत्वा पुनरेवाहं कृत्यमात्ययिकं स्मरन्। गत्वा च महदध्वानं पश्यामि नगमण्डितम्। दक्षिणं तीरमुदधेर्लङ्का यत्र गता पुरी।"
"अस्तम् दिनकरे याते रक्षसाम् निलयम् पुरीम् प्रविष्टः अहम् अ-विज्ञातः रक्षोभिः भीम-विक्रमैः .","अस्तम् रक्षोभिः भीम-विक्रमैः . दिनकरे याते रक्षसाम् निलयम् पुरीम् प्रविष्टः अहम् अ-विज्ञातः","अस्तं दिनकरे याते रक्षसां निलयं पुरीम्। प्रविष्टोऽहमविज्ञातो रक्षोभिर्भीमविक्रमैः।"
"तत्र प्रविशतः च अपि कल्प-अन्त-घन-सन्निभा अट्टहासम् विमुञ्चन्ती नारी का अपि उत्थिता पुरः .","तत्र अपि उत्थिता पुरः . प्रविशतः च अपि कल्प-अन्त-घन-सन्निभा अट्टहासम् विमुञ्चन्ती नारी का","तत्र प्रविशतश्चापि कल्पान्तघनसन्निभा। अट्टहासं विमुञ्चन्ती नारी काप्युत्थिता पुरः।"
"जिघांसन्तीम् ततः ताम् तु ज्वलत्-अग्नि-शिरो-रुहाम् सव्य-मुष्टि-प्रहारेण पराजित्य सु-भैरवाम् प्रदोष-काले प्रविशम् भीतया अहम् तया उदितः .","जिघांसन्तीम् प्रविशम् भीतया अहम् तया उदितः . ततः ताम् तु ज्वलत्-अग्नि-शिरो-रुहाम् सव्य-मुष्टि-प्रहारेण पराजित्य सु-भैरवाम् प्रदोष-काले","जिघांसन्तीं ततस्तां तु ज्वलदग्निशिरोरुहाम्। सव्यमुष्टिप्रहारेण पराजित्य सुभैरवाम्। प्रदोषकाले प्रविशं भीतयाहं तयोदितः॥ ५०॥"
"अहम् लङ्का-पुरी वीर निर्जिता विक्रमेण ते यस्मात् तस्मात् विजेतासि सर्व-रक्षांसि अशेषतः .","अहम् सर्व-रक्षांसि अशेषतः . लङ्का-पुरी वीर निर्जिता विक्रमेण ते यस्मात् तस्मात् विजेतासि","अहं लङ्कापुरी वीर निर्जिता विक्रमेण ते। यस्मात् तस्माद् विजेतासि सर्वरक्षांस्यशेषतः॥ ५१॥"
"तत्र अहम् सर्व-रात्रम् तु विचरन् जनक-आत्मजाम् रावण-अन्तःपुर-गतः न च अपश्यम् सु-मध्यमाम् .","तत्र अपश्यम् सु-मध्यमाम् . अहम् सर्व-रात्रम् तु विचरन् जनक-आत्मजाम् रावण-अन्तःपुर-गतः न च","तत्राहं सर्वरात्रं तु विचरञ्जनकात्मजाम्। रावणान्तःपुरगतो न चापश्यं सुमध्यमाम्॥ ५२॥"
"ततः सीताम् अ-पश्यन् तु रावणस्य निवेशने शोक-सागरम् आसाद्य न पारम् उपलक्षये .","ततः पारम् उपलक्षये . सीताम् अ-पश्यन् तु रावणस्य निवेशने शोक-सागरम् आसाद्य न","ततः सीतामपश्यंस्तु रावणस्य निवेशने। शोकसागरमासाद्य न पारमुपलक्षये॥"
"शोचता च मया दृष्टम् प्राकारेण अभिसंवृतम् काञ्चनेन विकृष्टेन गृह-उपवनम् उत्तमम् .","शोचता उत्तमम् . च मया दृष्टम् प्राकारेण अभिसंवृतम् काञ्चनेन विकृष्टेन गृह-उपवनम्","शोचता च मया दृष्टं प्राकारेणाभिसंवृतम्। काञ्चनेन विकृष्टेन गृहोपवनमुत्तमम्॥ ५४॥"
"स-प्राकारम् अवप्लुत्य पश्यामि बहु-पादपम् अशोकवनिका-वनिका-मध्ये शिंशपा-पादपः महा-अन्त मा आरुह्य च पश्यामि काञ्चनम् कदली-वनम् .","स-प्राकारम् च पश्यामि काञ्चनम् कदली-वनम् . अवप्लुत्य पश्यामि बहु-पादपम् अशोकवनिका-वनिका-मध्ये शिंशपा-पादपः महा-अन्त मा आरुह्य","सप्राकारमवप्लुत्य पश्यामि बहुपादपम्। अशोकवनिकामध्ये शिंशपापादपो महान्त। मारुह्य च पश्यामि काञ्चनं कदलीवनम्।"
"स-प्राकारम् अवप्लुत्य पश्यामि बहु-पादपम् अशोक-वनिका-मध्ये शिंशपा-पादपः महान् (दृष्टः)","स-प्राकारम् अवप्लुत्य पश्यामि बहु-पादपम् अशोक-वनिका-मध्ये शिंशपा-पादपः महान् (दृष्टः)","सप्राकारमवप्लुत्य पश्यामि बहुपादपम्। अशोकवनिकामध्ये शिंशपापादपो महान्॥ ५५॥"
"तम् आरुह्य च पश्यामि काञ्चनम् कदली-वनम् अ-दूरात् शिंशपा-वृक्षात् पश्यामि वर-वर्णिनीम् .","तम् वर-वर्णिनीम् . आरुह्य च पश्यामि काञ्चनम् कदली-वनम् अ-दूरात् शिंशपा-वृक्षात् पश्यामि","तमारुह्य च पश्यामि काञ्चनं कदलीवनम्। अदूराच्छिंशपावृक्षात् पश्यामि वरवर्णिनीम्"
"श्यामाम् कमल-पत्र-अक्षीम् उपवास-कृश-आननाम् तत्-एक-वासः-संवीताम् रजः-ध्वस्त-शिरः-रुहाम् शोक-सन्ताप-दीन-अङ्गीम् सीताम् भर्तृ-हिते स्थिताम् राक्षसीभिः विरूपाभिः क्रूराभिः अभिसंवृताम् मांस-शोणित-भक्ष्याभिः व्याघ्रीभिः हरिणीम् यथा (अपश्यम्) .","श्यामाम् राक्षसीभिः विरूपाभिः क्रूराभिः अभिसंवृताम् मांस-शोणित-भक्ष्याभिः व्याघ्रीभिः हरिणीम् यथा (अपश्यम्) . कमल-पत्र-अक्षीम् उपवास-कृश-आननाम् तत्-एक-वासः-संवीताम् रजः-ध्वस्त-शिरः-रुहाम् शोक-सन्ताप-दीन-अङ्गीम् सीताम् भर्तृ-हिते स्थिताम्","श्यामां कमलपत्राक्षीमुपवासकृशाननाम्। तदेकवासःसंवीतां रजोध्वस्तशिरोरुहाम्। शोकसंतापदीनाङ्गीं सीतां भर्तृहिते स्थिताम्। राक्षसीभिर्विरूपाभिः क्रूराभिरभिसंवृताम्। मांसशोणितभक्ष्याभिर्व्याघ्रीभिर्हरिणीं यथा।"
"सा मया राक्षसी-मध्ये तर्ज्यमाना मुहुः मुहुः एक-वेणी-धरा दीना भर्तृ-चिन्ता-परायणा भूमि-शय्या विवर्ण-अङ्गी पद्मिनी इव हिम-आगमे (आसादिता)","सा भूमि-शय्या विवर्ण-अङ्गी पद्मिनी इव हिम-आगमे (आसादिता) मया राक्षसी-मध्ये तर्ज्यमाना मुहुः मुहुः एक-वेणी-धरा दीना भर्तृ-चिन्ता-परायणा","सा मया राक्षसीमध्ये तर्ज्यमाना मुहुर्मुहुः। एकवेणीधरा दीना भर्तृचिन्तापरायणा। भूमिशय्या विवर्णाङ्गी पद्मिनीव हिमागमे॥ ६०॥"
"रावणात् विनिवृत्त-अर्थाः मर्तव्ये कृत-निश्चया कथञ्चित् मृग-शावा-अक्षी तूर्णम् आसादिता मया .","रावणात् . विनिवृत्त-अर्थाः मर्तव्ये कृत-निश्चया कथञ्चित् मृग-शावा-अक्षी तूर्णम् आसादिता मया","रावणाद् विनिवृत्तार्था मर्तव्ये कृतनिश्चया। कथंचिन्मृगशावाक्षी तूर्णमासादिता मया॥ ६१॥"
"ताम् दृष्ट्वा तादृशीम् नारीम् राम-पत्नीम् यशस्विनीम् तत्र एव शिंशपा-वृक्षे पश्यन् अहम् अवस्थितः .","ताम् पश्यन् अहम् अवस्थितः . दृष्ट्वा तादृशीम् नारीम् राम-पत्नीम् यशस्विनीम् तत्र एव शिंशपा-वृक्षे","तां दृष्ट्वा तादृशीं नारीं रामपत्नीं यशस्विनीम्। तत्रैव शिंशपावृक्षे पश्यन्नहमवस्थितः॥ ६२॥"
"ततः हल-हला-शब्दम् काञ्ची-नूपुर-मिश्रितम् शृणोमि अधिक-गम्भीरम् रावणस्य निवेशने .","ततः हल-हला-शब्दम् काञ्ची-नूपुर-मिश्रितम् शृणोमि अधिक-गम्भीरम् रावणस्य निवेशने .","ततो हलहलाशब्दं काञ्चीनूपुरमिश्रितम्। शृणोम्यधिकगम्भीरं रावणस्य निवेशने॥ ६३॥"
"ततः अहम् परम-उद्विग्नः प्रत्यसंहरम् अहम् च शिंशपा-वृक्षे पक्षी इव गहने स्थितः .","ततः गहने स्थितः . अहम् परम-उद्विग्नः प्रत्यसंहरम् अहम् च शिंशपा-वृक्षे पक्षी इव","ततोऽहं परमोद्विग्नः स्वरूपं प्रत्यसंहरम्। अहं च शिंशपावृक्षे पक्षीव गहने स्थितः॥ ६४॥"
"ततः रावण-दाराः च रावणः च महा-बलः तम् देशम् अनुसम्प्राप्तः यत्र सीता अभवत् स्थिता .","ततः यत्र सीता अभवत् स्थिता . रावण-दाराः च रावणः च महा-बलः तम् देशम् अनुसम्प्राप्तः","ततो रावणदाराश्च रावणश्च महाबलः। तं देशमनुसम्प्राप्तो यत्र सीताभवत् स्थिता॥ ६५॥"
"तम् दृष्ट्वा अथ वर-आरोहा सीता रक्षः-गण-ईश्वरम् सङ्कुच्य ऊरू स्तनौ पीनौ बाहुभ्याम् परिरभ्य च उपाविशत्","तम् पीनौ बाहुभ्याम् परिरभ्य च उपाविशत् दृष्ट्वा अथ वर-आरोहा सीता रक्षः-गण-ईश्वरम् सङ्कुच्य ऊरू स्तनौ","तं दृष्ट्वाथ वरारोहा सीता रक्षोगणेश्वरम्। संकुच्योरू स्तनौ पीनौ बाहुभ्यां परिरभ्य च॥ ६६॥"
"वित्रस्ताम् परम-उद्विग्नाम् वीक्ष्यमाणाम् इतस्ततः त्राणम् कञ्चित् अ-पश्यन्तीम् वेपमानाम् तपस्विनीम् ताम् उवाच दश-ग्रीवः सीताम् परम-दुःखिताम् अ-वाक्-शिरा प्रपतितः बहु मन्यस्व माम् इति .","वित्रस्ताम् ताम् उवाच दश-ग्रीवः सीताम् परम-दुःखिताम् अ-वाक्-शिरा प्रपतितः बहु मन्यस्व माम् परम-उद्विग्नाम् इति . वीक्ष्यमाणाम् इतस्ततः त्राणम् कञ्चित् अ-पश्यन्तीम् वेपमानाम् तपस्विनीम्","वित्रस्तां परमोद्विग्नां वीक्ष्यमाणामितस्ततः। त्राणं कंचिदपश्यन्तीं वेपमानां तपस्विनीम्। तामुवाच दशग्रीवः सीतां परमदुःखिताम्। अवाक्शिराः प्रपतितो बहुमन्यस्व मामिति॥ ६८॥"
"यदि चेत् त्वम् तु माम् दर्पात् न अभिनन्दसि गर्विते द्वि-मास-अनन्तरम् सीते पास्यामि रुधिरम् तव .","यदि द्वि-मास-अनन्तरम् सीते पास्यामि रुधिरम् तव . चेत् त्वम् तु माम् दर्पात् न अभिनन्दसि गर्विते","यदि चेत्त्वं तु मां दर्पान्नाभिनन्दसि गर्विते। द्विमासानन्तरं सीते पास्यामि रुधिरं तव॥ ६९॥"
"एतत् श्रुत्वा वचः तस्य रावणस्य दुरात्मनः उवाच परम-क्रुद्धा सीता वचनम् उत्तमम् .","एतत् वचनम् उत्तमम् . श्रुत्वा वचः तस्य रावणस्य दुरात्मनः उवाच परम-क्रुद्धा सीता","एतच्छ्रुत्वा वचस्तस्य रावणस्य दुरात्मनः। उवाच परमक्रुद्धा सीता वचनमुत्तमम्॥ ७०॥"
"राक्षस-अधम रामस्य भार्याम् अ-मित-तेजसः इक्ष्वाकु-वंश-नाथस्य स्नुषाम् दशरथस्य च अ-वाच्यम् वदतः जिह्वा कथम् न पतिता तव .","राक्षस-अधम वदतः जिह्वा कथम् न पतिता तव . रामस्य भार्याम् अ-मित-तेजसः इक्ष्वाकु-वंश-नाथस्य स्नुषाम् दशरथस्य च अ-वाच्यम्","राक्षसाधम रामस्य भार्याममिततेजसः। इक्ष्वाकुवंशनाथस्य स्नुषां दशरथस्य च। अवाच्यं वदतो जिह्वा कथं न पतिता तव।"
"किम्स्वित् वीर्यम् तव अनार्य यः माम् भर्तुः अ-संनिधौ अपहृत्य आगतः पाप तेन अ-दृष्टः महा-आत्मना न त्वम् रामस्य सदृशः दास्ये अपि अस्य न युज्यसे (अस्ति) (सः) (यतः); अ-जेयः सत्य-वाक् शूरः रण-श्लाघी च राघवः (अस्ति)","किम्स्वित् आगतः पाप तेन अ-दृष्टः महा-आत्मना न त्वम् रामस्य सदृशः दास्ये वीर्यम् अपि अस्य न युज्यसे तव (अस्ति) (सः) (यतः) अनार्य यः माम् भर्तुः अ-संनिधौ अपहृत्य; अ-जेयः सत्य-वाक् शूरः रण-श्लाघी च राघवः (अस्ति)","किंस्विद्वीर्य तवानार्य यो मां भर्तुरसंनिधौ। अपहृत्यागतः पाप तेनादृष्टो महात्मना। न त्वं रामस्य सदृशो दास्येऽप्यस्य न युज्यसे। अजेयः सत्यवाक् शूरो रणश्लाघी च राघवः।"
"जानक्या परुषम् वाक्यम् एवम् उक्तः दश-आननः जज्वाल सहसा कोपात् चित-आस्थः इव पावकः .","जानक्या चित-आस्थः इव पावकः . परुषम् वाक्यम् एवम् उक्तः दश-आननः जज्वाल सहसा कोपात्","जानक्या परुषं वाक्यमेवमुक्तो दशाननः। जज्वाल सहसा कोपाच्चितास्थ इव पावकः।"
"विवृत्य नयने क्रूरे मुष्टिम् उद्यम्य दक्षिणम् मैथिलीम् हन्तुम् आरब्धः स्त्रीभिः हाहा कृतम् तदा .","विवृत्य स्त्रीभिः हाहा कृतम् तदा . नयने क्रूरे मुष्टिम् उद्यम्य दक्षिणम् मैथिलीम् हन्तुम् आरब्धः","विवृत्य नयने क्रूरे मुष्टिमुद्यम्य दक्षिणम्। मैथिलीं हन्तुमारब्धः स्त्रीभिर्हाहाकृतं तदा"
"स्त्रीणाम् मध्यात् समुत्पत्य तस्य भार्या दुरात्मनः वरा मन्दोदरी नाम तया सः प्रतिषेधितः","स्त्रीणाम् तया सः प्रतिषेधितः मध्यात् समुत्पत्य तस्य भार्या दुरात्मनः वरा मन्दोदरी नाम","स्त्रीणां मध्यात् समुत्पत्य तस्य भार्या दुरात्मनः। वरा मन्दोदरी नाम तया स प्रतिषेधितः।"
"उक्तः च मधुराम् वाणीम् तया सः मदन-अर्दितः सीतया तव किम् कार्यम् महेन्द्र-सम-विक्रम मया सह रमस्व अद्य मत् विशिष्टा न जानकी (अस्ति)","उक्तः किम् कार्यम् महेन्द्र-सम-विक्रम मया सह रमस्व अद्य मत् विशिष्टा न जानकी च (अस्ति) मधुराम् वाणीम् तया सः मदन-अर्दितः सीतया तव","उक्तश्च मधुरां वाणीं तया स मदनार्दितः। सीतया तव किं कार्यं महेन्द्रसमविक्रम। मया सह रमस्वाद्य मद्विशिष्टा न जानकी॥ ७८॥"
"देव-गन्धर्व-कन्याभिः यक्ष-कन्याभिः एव च सार्धम् प्रभो रमस्व इति सीतया किम् करिष्यसि उक्तम्","देव-गन्धर्व-कन्याभिः किम् करिष्यसि उक्तम् यक्ष-कन्याभिः एव च सार्धम् प्रभो रमस्व इति सीतया","देवगन्धर्वकन्याभिर्यक्षकन्याभिरेव च। सार्धं प्रभो रमस्वेति सीतया किं करिष्यसि॥ ७९॥"
"ततः ताभिः समेताभिः नारीभिः सः महा-बलः उत्थाप्य सहसा नीतः भवनम् स्वम् निशा-चरः .","ततः भवनम् स्वम् निशा-चरः . ताभिः समेताभिः नारीभिः सः महा-बलः उत्थाप्य सहसा नीतः","ततस्ताभिः समेताभिर्नारीभिः स महाबलः। उत्थाप्य सहसा नीतो भवनं स्वं निशाचरः॥ ८०॥"
"याते तस्मिन् दशग्रीवे राक्षस्यः विकृत-आननाः सीताम् निर्भर्त्सयामासुः वाक्यैः क्रूरैः सु-दारुणैः .","याते सु-दारुणैः . तस्मिन् दशग्रीवे राक्षस्यः विकृत-आननाः सीताम् निर्भर्त्सयामासुः वाक्यैः क्रूरैः","याते तस्मिन् दशग्रीवे राक्षस्यो विकृताननाः। सीतां निर्भर्त्सयामासुर्वाक्यैः क्रूरैः सुदारुणैः॥ ८१॥"
"तृणवत् भाषितम् तासाम् गणयामास जानकी गर्जितम् च तथा तासाम् सीताम् प्राप्य निरर्थकम् (अभवत्)","तृणवत् सीताम् प्राप्य निरर्थकम् (अभवत्) भाषितम् तासाम् गणयामास जानकी गर्जितम् च तथा तासाम्","तृणवद् भाषितं तासां गणयामास जानकी। गर्जितं च तथा तासां सीतां प्राप्य निरर्थकम्॥ ८२॥"
"वृथा गर्जित-निश्चेष्टाः राक्षस्यः पिशित-अशनाः रावणाय शशंसुः ताः सीता-व्यवसितम् महत् .","वृथा . गर्जित-निश्चेष्टाः राक्षस्यः पिशित-अशनाः रावणाय शशंसुः ताः सीता-व्यवसितम् महत्","वृथा गर्जितनिश्चेष्टा राक्षस्यः पिशिताशनाः। रावणाय शशंसुस्ताः सीताव्यवसितं महत्"
"ततः ताः सहिताः सर्वाः विहत-आशा निरुद्यमाः परिक्लिश्य समस्ताः ताः निद्रा-वशम् उपागताः .","ततः निद्रा-वशम् उपागताः . ताः सहिताः सर्वाः विहत-आशा निरुद्यमाः परिक्लिश्य समस्ताः ताः","ततस्ताः सहिताः सर्वा विहताशा निरुद्यमाः। परिक्लिश्य समस्तास्ता निद्रावशमुपागताः॥ ८४॥"
"तासु च एव प्रसुप्तासु सीता भर्तृ-हिते रता विलप्य करुणम् दीना प्रशुशोच सु-दुःखिता .","तासु दीना प्रशुशोच सु-दुःखिता . च एव प्रसुप्तासु सीता भर्तृ-हिते रता विलप्य करुणम्","तासु चैव प्रसुप्तासु सीता भर्तृहिते रता। विलप्य करुणं दीना प्रशुशोच सुदुःखिता"
"तासाम् मध्यात् समुत्थाय त्रिजटा वाक्यम् अब्रवीत् आत्मानम् खादत क्षिप्रम् न सीताम् असित-ईक्षणाम् जनकस्य आत्मजाम् साध्वीम् स्नुषाम् दशरथस्य च (खादत)","तासाम् न सीताम् असित-ईक्षणाम् जनकस्य आत्मजाम् साध्वीम् स्नुषाम् दशरथस्य च (खादत) मध्यात् समुत्थाय त्रिजटा वाक्यम् अब्रवीत् आत्मानम् खादत क्षिप्रम्","तासां मध्यात् समुत्थाय त्रिजटा वाक्यमब्रवीत्। आत्मानं खादत क्षिप्रं न सीतामसितेक्षणाम्। जनकस्यात्मजां साध्वीं स्नुषां दशरथस्य च।"
"स्वप्नः हि अद्य मया दृष्टः दारुणः रोम-हर्षणः रक्षसाम् च विनाशाय भर्तुः अस्याः जयाय च .","स्वप्नः विनाशाय भर्तुः अस्याः जयाय च . हि अद्य मया दृष्टः दारुणः रोम-हर्षणः रक्षसाम् च","स्वप्नो ह्यद्य मया दृष्टो दारुणो रोमहर्षणः।  रक्षसां च विनाशाय भर्तुरस्या जयाय च।"
"अलम् अस्मान् परित्रातुम् राघवात् राक्षसी-गणम् अभियाचाम वैदेहीम् एतत् हि मम रोचते (अतः) (अस्ति)","अलम् मम रोचते (अतः) (अस्ति) अस्मान् परित्रातुम् राघवात् राक्षसी-गणम् अभियाचाम वैदेहीम् एतत् हि","अलमस्मान् परित्रातुं राघवाद् राक्षसीगणम्। अभियाचाम वैदेहीमेतद्धि मम रोचते।"
"यदि हि एवम्विधः स्वप्नः दुःखितायाः प्रदृश्यते सा दुःखैः विविधैः मुक्ता सुखम् आप्नोति अन्-उत्तमम् .","यदि मुक्ता सुखम् आप्नोति अन्-उत्तमम् . हि एवम्विधः स्वप्नः दुःखितायाः प्रदृश्यते सा दुःखैः विविधैः","यदि ह्येवंविधः स्वप्नो दुःखितायाः प्रदृश्यते। सा दुःखैर्विविधैर्मुक्ता सुखमाप्नोत्यनुत्तमम्।"
"प्रणिपात-प्रसन्नाः हि मैथिली जनक-आत्मजा अलम् एषा परित्रातुम् राक्षस्यः महतः भयात् .","प्रणिपात-प्रसन्नाः भयात् . हि मैथिली जनक-आत्मजा अलम् एषा परित्रातुम् राक्षस्यः महतः","प्रणिपातप्रसन्ना हि मैथिली जनकात्मजा। अलमेषा परित्रातुं राक्षस्यो महतो भयात्।"
"ततः सा ह्रीमती बाला भर्तुः विजय-हर्षिता अवोचत् यदि तत् तथ्यम् भवेयम् शरणम् हि वः (अस्ति) (इति)","ततः तथ्यम् भवेयम् शरणम् हि वः (अस्ति) (इति) सा ह्रीमती बाला भर्तुः विजय-हर्षिता अवोचत् यदि तत्","ततः सा ह्रीमती बाला भर्तुर्विजयहर्षिता। अवोचद् यदि तत् तथ्यं भवेयं शरणं हि वः।"
"ताम् च अहम् तादृशीम् दृष्ट्वा सीतायाः दारुणाम् दशाम् चिन्तयामास विश्रान्तः न च मे निर्वृतम् मनः (अतः)","ताम् विश्रान्तः न च मे निर्वृतम् मनः (अतः) च अहम् तादृशीम् दृष्ट्वा सीतायाः दारुणाम् दशाम् चिन्तयामास","तां चाहं तादृशीं दृष्ट्वा सीताया दारुणां दशाम्। चिन्तयामास विश्रान्तो न च मे निर्वृतं मनः।"
"सम्भाषण-अर्थे च मया जानक्याः चिन्तितः विधिः इक्ष्वाकु-कुल-वंशः तु स्तुतः मम पुरस्कृतः (अतः)","सम्भाषण-अर्थे मम पुरस्कृतः (अतः) च मया जानक्याः चिन्तितः विधिः इक्ष्वाकु-कुल-वंशः तु स्तुतः","सम्भाषणार्थे च मया जानक्याश्चिन्तितो विधिः। इक्ष्वाकुकुलवंशस्तु स्तुतो मम पुरस्कृतः।"
"श्रुत्वा तु गदिताम् वाचम् राज-ऋषि-गण-भूषिताम् प्रत्यभाषत माम् देवी बाष्पैः पिहित-लोचना .","श्रुत्वा पिहित-लोचना . तु गदिताम् वाचम् राज-ऋषि-गण-भूषिताम् प्रत्यभाषत माम् देवी बाष्पैः","श्रुत्वा तु गदितां वाचं राजर्षिगणभूषिताम्। प्रत्यभाषत मां देवी बाष्पैः पिहितलोचना। "
"श्रुत्वा तु गदिताम् वाचम् राज-ऋषि-गण-भूषिताम् प्रत्यभाषत माम् देवी बाष्पैः पिहित-लोचना .","श्रुत्वा पिहित-लोचना . तु गदिताम् वाचम् राज-ऋषि-गण-भूषिताम् प्रत्यभाषत माम् देवी बाष्पैः","श्रुत्वा तु गदितां वाचं राजर्षिगणभूषिताम्। प्रत्यभाषत मां देवी बाष्पैः पिहितलोचना। "
"कः त्वम् केन कथम् च इह प्राप्तः वानर-पुङ्गव का च रामेण ते प्रीतिः तत् शंसितुमर्हसि तस्याः तत् अहमप्यब्रुवम् वचः .","कः च रामेण ते प्रीतिः तत् शंसितुमर्हसि तस्याः तत् अहमप्यब्रुवम् वचः त्वम् . केन कथम् च इह प्राप्तः वानर-पुङ्गव का","कस्त्वं केन कथं चेह प्राप्तो वानरपुङ्गव। का च रामेण ते प्रीतिस्तन्मे शंसितुमर्हसि। तस्यास्तद् वचनं श्रुत्वा अहमप्यब्रुवं वचः॥ ९६॥"
"देवि रामस्य भर्तुः ते सहायः भीम-विक्रमः सुग्रीवः नाम विक्रान्तः वानर-इन्द्रः महा-बलः (अस्ति)","देवि वानर-इन्द्रः महा-बलः (अस्ति) रामस्य भर्तुः ते सहायः भीम-विक्रमः सुग्रीवः नाम विक्रान्तः","देवि रामस्य भर्तुस्ते सहायो भीमविक्रमः। सुग्रीवो नाम विक्रान्तो वानरेन्द्रो महाबलः॥ ९७॥"
"तस्य माम् विद्धि भृत्यम् त्वम् हनूमन्तम् इह आगतम् भर्त्रा सम्प्रहितः तुभ्यम् रामेण अ-क्लिष्ट-कर्मणा .","तस्य सम्प्रहितः तुभ्यम् रामेण अ-क्लिष्ट-कर्मणा . माम् विद्धि भृत्यम् त्वम् हनूमन्तम् इह आगतम् भर्त्रा","तस्य मां विद्धि भृत्यं त्वं हनूमन्तमिहागतम्। भर्त्रा सम्प्रहितस्तुभ्यं रामेणाक्लिष्टकर्मणा॥ ९८"
"इदम् तु पुरुष-व्याघ्रः श्रीमान् दाशरथिः स्वयम् अङ्गुलीयम् अभिज्ञानम् अदात् तुभ्यम् यशस्विनि .","इदम् तुभ्यम् यशस्विनि . तु पुरुष-व्याघ्रः श्रीमान् दाशरथिः स्वयम् अङ्गुलीयम् अभिज्ञानम् अदात्","इदं तु पुरुषव्याघ्रः श्रीमान् दाशरथिः स्वयम्। अङ्गुलीयमभिज्ञानमदात् तुभ्यं यशस्विनि॥ ९९॥"
"तत् इच्छामि त्वया आज्ञप्तम् देवि किम् करवाणि अहम् राम_लक्ष्मणयोः पार्श्वम् नयामि त्वाम् किम् उत्तरम्","तत् पार्श्वम् नयामि त्वाम् किम् उत्तरम् इच्छामि त्वया आज्ञप्तम् देवि किम् करवाणि अहम् राम_लक्ष्मणयोः","तदिच्छामि त्वयाज्ञप्तं देवि किं करवाण्यहम्। रामलक्ष्मणयोः पार्श्वं नयामि त्वां किमुत्तरम्॥ १००॥"
"एतत् श्रुत्वा विदित्वा च सीता जनक-नन्दिनी आह रावणम् उत्पाट्य राघवः माम् नयतु इति .","एतत् राघवः माम् नयतु इति . श्रुत्वा विदित्वा च सीता जनक-नन्दिनी आह रावणम् उत्पाट्य","एतच्छ्रुत्वा विदित्वा च सीता जनकनन्दिनी। आह रावणमुत्पाट्य राघवो मां नयत्विति॥ १०१॥"
"प्रणम्य शिरसा देवीम् अहम् आर्याम् अ-निन्दिताम् राघवस्य मनः-ह्लादम् अभिज्ञानम् अयाचिषम् .","प्रणम्य अयाचिषम् . शिरसा देवीम् अहम् आर्याम् अ-निन्दिताम् राघवस्य मनः-ह्लादम् अभिज्ञानम्","प्रणम्य शिरसा देवीमहमार्यामनिन्दिताम्। राघवस्य मनोह्लादमभिज्ञानमयाचिषम्॥ १०२॥"
"अथ माम् अब्रवीत् सीता गृह्यताम् अयम् उत्तमः मणिः येन महा-बाहुः रामः त्वाम् बहु मन्यते (इति)","अथ महा-बाहुः रामः त्वाम् बहु मन्यते (इति) माम् अब्रवीत् सीता गृह्यताम् अयम् उत्तमः मणिः येन","अथ मामब्रवीत् सीता गृह्यतामयमुत्तमः। मणिर्येन महाबाहू रामस्त्वां बहु मन्यते॥ १०३॥"
"इति उक्त्वा तु वर-आरोहा मणि-प्रवरम् उत्तमम् प्रायच्छत् परम-उद्विग्ना वाचा माम् सन्दिदेश ह (सती) (च)","इति माम् सन्दिदेश ह (सती) (च) उक्त्वा तु वर-आरोहा मणि-प्रवरम् उत्तमम् प्रायच्छत् परम-उद्विग्ना वाचा","इत्युक्त्वा तु वरारोहा मणिप्रवरमुत्तमम्। प्रायच्छत् परमोद्विग्ना वाचा मां संदिदेश ह॥ १०४॥"
"ततः तस्यै प्रणम्य अहम् राज-पुत्र्यै समाहितः प्रदक्षिणम् परिक्रामम् इह अभ्युद्गत-मानसः .","ततः अभ्युद्गत-मानसः . तस्यै प्रणम्य अहम् राज-पुत्र्यै समाहितः प्रदक्षिणम् परिक्रामम् इह","ततस्तस्यै प्रणम्याहं राजपुत्र्यै समाहितः। प्रदक्षिणं परिक्राममिहाभ्युद‍्गतमानसः॥ १०५॥"
"यथा श्रुत्वा एव न चिरात् तौ उभौ राम-लक्ष्मणौ सुग्रीव-सहितौ वीरौ उपेयाताम् तथा कुरु .","यथा वीरौ उपेयाताम् तथा कुरु . श्रुत्वा एव न चिरात् तौ उभौ राम-लक्ष्मणौ सुग्रीव-सहितौ","यथा श्रुत्वैव न चिरात् तावुभौ रामलक्ष्मणौ। सुग्रीवसहितौ वीरावुपेयातां तथा कुरु॥ १०७॥"
"यत् अन्यथा भवेत् एतत् द्वौ मासौ जीवितम् मम न माम् द्रक्ष्यति काकुत्स्थः म्रिये साहमनाथवत् .","यत् माम् द्रक्ष्यति काकुत्स्थः म्रिये साहमनाथवत् . अन्यथा भवेत् एतत् द्वौ मासौ जीवितम् मम न","यदन्यथा भवेदेतद् द्वौ मासौ जीवितं मम। न मां द्रक्ष्यति काकुत्स्थो म्रिये साहमनाथवत्॥ १०८॥"
"ततः अवर्धत मे कायः तदा पर्वत-सन्निभः युद्ध-आकाङ्क्षी वनम् तस्य विनाशयितुम् आरभे .","ततः विनाशयितुम् आरभे . अवर्धत मे कायः तदा पर्वत-सन्निभः युद्ध-आकाङ्क्षी वनम् तस्य","ततोऽवर्धत मे कायस्तदा पर्वतसंनिभः। युद्धाकाङ्क्षी वनं तस्य विनाशयितुमारभे॥ ११०॥"
"तत् भग्नम् वन-खण्डम् तु भ्रान्त-त्रस्त-मृग-द्विजम् प्रतिबुद्ध्य निरीक्षन्ते राक्षस्यः विकृत-आननाः .","तत् . भग्नम् वन-खण्डम् तु भ्रान्त-त्रस्त-मृग-द्विजम् प्रतिबुद्ध्य निरीक्षन्ते राक्षस्यः विकृत-आननाः","तद् भग्नं वनखण्डं तु भ्रान्तत्रस्तमृगद्विजम्। प्रतिबुद्ध्य निरीक्षन्ते राक्षस्यो विकृताननाः॥ १११॥"
"माम् च दृष्ट्वा वने तस्मिन् समागम्य ततः ततः ताः समभ्यागताः क्षिप्रम् रावणाय आचचक्षिरे .","माम् समभ्यागताः क्षिप्रम् रावणाय आचचक्षिरे . च दृष्ट्वा वने तस्मिन् समागम्य ततः ततः ताः","मां च दृष्ट्वा वने तस्मिन् समागम्य ततस्ततः। ताः समभ्यागताः क्षिप्रं रावणायाचचक्षिरे॥ ११२॥"
"राजन् वनम् इदम् दुर्गम् तव भग्नम् दुरात्मना वानरेण हि अ-विज्ञाय तव वीर्यम् महा-बल .","राजन् अ-विज्ञाय तव वीर्यम् महा-बल . वनम् इदम् दुर्गम् तव भग्नम् दुरात्मना वानरेण हि","राजन् वनमिदं दुर्गं तव भग्नं दुरात्मना। वानरेण ह्यविज्ञाय तव वीर्यं महाबल॥ ११३॥"
"तस्य दुर्-बुद्धिता राजन् तव विप्रिय-कारिणः वधम् आज्ञापय क्षिप्रम् यथा असौ न पुनः व्रजेत् (तथा) (अस्ति)","तस्य असौ न पुनः व्रजेत् (तथा) (अस्ति) दुर्-बुद्धिता राजन् तव विप्रिय-कारिणः वधम् आज्ञापय क्षिप्रम् यथा","तस्य दुर्बुद्धिता राजंस्तव विप्रियकारिणः। वधमाज्ञापय क्षिप्रं यथासौ न पुनर्व्रजेत्॥ ११४॥"
"तत् श्रुत्वा राक्षस-इन्द्रेण विसृष्टाः बहु-दुर्-जयाः राक्षसाः किङ्कराः नाम रावणस्य मनः-अनुगाः .","तत् मनः-अनुगाः . श्रुत्वा राक्षस-इन्द्रेण विसृष्टाः बहु-दुर्-जयाः राक्षसाः किङ्कराः नाम रावणस्य","तच्छ्रुत्वा राक्षसेन्द्रेण विसृष्टा बहुदुर्जयाः। राक्षसाः किंकरा नाम रावणस्य मनोऽनुगाः॥ ११५॥"
"तेषाम् अशीति-साहस्रम् शूल-मुद्गर-पाणिनाम् मया तस्मिन् वन-उद्देशे परिघेण निषूदितम् .","तेषाम् अशीति-साहस्रम् शूल-मुद्गर-पाणिनाम् मया तस्मिन् वन-उद्देशे परिघेण निषूदितम् .","तेषामशीतिसाहस्रं शूलमुद‍्गरपाणिनाम्। मया तस्मिन् वनोद्देशे परिघेण निषूदितम्॥ ११६॥"
"तेषाम् तु हत-शिष्टाः ये ते गताः लघु-विक्रमाः निहतम् च मया सैन्यम् रावणाय आचचक्षिरे (इति)","तेषाम् मया सैन्यम् रावणाय आचचक्षिरे (इति) तु हत-शिष्टाः ये ते गताः लघु-विक्रमाः निहतम् च","तेषां तु हतशिष्टा ये ते गता लघुविक्रमाः। निहतं च मया सैन्यं रावणायाचचक्षिरे॥ ११७॥"
"ततः मे बुद्धिः उत्पन्ना चैत्य-प्रासादम् उत्तमम् तत्र-स्थान् राक्षसान् हत्वा शतम् स्तम्भेन वै पुनः ललाम-भूतः लङ्कायाः मया विध्वंसितः रुषा (विध्वंसितुम्)","ततः शतम् स्तम्भेन वै पुनः ललाम-भूतः लङ्कायाः मया विध्वंसितः रुषा (विध्वंसितुम्) मे बुद्धिः उत्पन्ना चैत्य-प्रासादम् उत्तमम् तत्र-स्थान् राक्षसान् हत्वा","ततो मे बुद्धिरुत्पन्ना चैत्यप्रासादमुत्तमम्। तत्रस्थान् राक्षसान् हत्वा शतं स्तम्भेन वै पुनः। ललामभूतो लङ्काया मया विध्वंसितो रुषा।"
"ततः प्रहस्तस्य सुतम् जम्बुमालिनम् आदिशत् राक्षसैः बहुभिः सार्धम् घोर-रूपैः भयानकैः तम् अहम् बल-सम्पन्नम् राक्षसम् रण-कोविदम् परिघेण अति-घोरेण सूदयामि सह-अनुगम् .","ततः भयानकैः तम् अहम् बल-सम्पन्नम् राक्षसम् रण-कोविदम् परिघेण अति-घोरेण सूदयामि सह-अनुगम् प्रहस्तस्य . सुतम् जम्बुमालिनम् आदिशत् राक्षसैः बहुभिः सार्धम् घोर-रूपैः","ततः प्रहस्तस्य सुतं जम्बुमालिनमादिशत्। राक्षसैर्बहुभिः सार्धं घोररूपैर्भयानकैः। तमहं बलसम्पन्नं राक्षसं रणकोविदम्। परिघेणातिघोरेण सूदयामि सहानुगम्।"
"सः निकामम् विमानेषु विचरन् काम-रूप-धृक् विचचार कपिः लङ्काम् लाघवेन समन्वितः .","सः समन्वितः . निकामम् विमानेषु विचरन् काम-रूप-धृक् विचचार कपिः लङ्काम् लाघवेन","स निकामं विमानेषु विचरन् कामरूपधृक्।#विचचार कपिर्लङ्कां लाघवेन समन्वितः॥"
"आससाद च लक्ष्मीवान् राक्षस-इन्द्र-निवेशनम् प्राकारेण अर्क-वर्णेन भास्वरेण अभिसंवृतम् .","आससाद च लक्ष्मीवान् राक्षस-इन्द्र-निवेशनम् प्राकारेण अर्क-वर्णेन भास्वरेण अभिसंवृतम् .","आससाद च लक्ष्मीवान् राक्षसेन्द्रनिवेशनम्।#प्राकारेणार्कवर्णेन भास्वरेणाभिसंवृतम्॥"
"रक्षितम् राक्षसैः भीमैः सिंहैः इव महत् वनम् समीक्षमाणः भवनम् चकाशे कपि-कुञ्जरः (रक्षितम्)","रक्षितम् चकाशे कपि-कुञ्जरः (रक्षितम्) राक्षसैः भीमैः सिंहैः इव महत् वनम् समीक्षमाणः भवनम्","रक्षितं राक्षसैर्भीमैः सिंहैरिव महद् वनम्।#समीक्षमाणो भवनं चकाशे कपिकुञ्जरः॥"
"रूप्यक-उपहितैः चित्रैः तोरणैः हेम-भूषणैः विचित्राभिः च कक्ष्याभिः द्वारैः च रुचिरैः वृतम् गज-आस्थितैः महा-मात्रैः शूरैः च विगत-श्रमैः उपस्थितम् अ-संहार्यैः हयैः स्यन्दन-यायिभिः राक्षस-इन्द्र-निवेशनम् (ददर्श) महा-कपिः .","रूप्यक-उपहितैः रुचिरैः वृतम् गज-आस्थितैः महा-मात्रैः शूरैः च विगत-श्रमैः उपस्थितम् अ-संहार्यैः हयैः चित्रैः स्यन्दन-यायिभिः राक्षस-इन्द्र-निवेशनम् (ददर्श) महा-कपिः . तोरणैः हेम-भूषणैः विचित्राभिः च कक्ष्याभिः द्वारैः च","रूप्यकोपहितैश्चित्रैस्तोरणैर्हेमभूषणैः।विचित्राभिश्च कक्ष्याभिर्द्वारैश्च रुचिरैर्वृतम्॥#गजास्थितैर्महामात्रैः शूरैश्च विगतश्रमैः।उपस्थितमसंहार्यैर्हयैः स्यन्दनयायिभिः॥"
"सिंह-व्याघ्र-तनु-त्राणैः दान्त-काञ्चन-राजतीः घोषवद्भिः विचित्रैः च सदा विचरितम् रथैः बहु-रत्न-समाकीर्णम् परार्घ्य-आसन-भूषितम् महा-रथ-समावापम् महा-रथ-महा-आसनम् राक्षस-इन्द्र-निवेशनम् (ददर्श) महा-कपिः (प्रतिमाः)","सिंह-व्याघ्र-तनु-त्राणैः परार्घ्य-आसन-भूषितम् महा-रथ-समावापम् महा-रथ-महा-आसनम् राक्षस-इन्द्र-निवेशनम् (ददर्श) महा-कपिः (प्रतिमाः) दान्त-काञ्चन-राजतीः घोषवद्भिः विचित्रैः च सदा विचरितम् रथैः बहु-रत्न-समाकीर्णम्","सिंहव्याघ्रतनुत्राणैर्दान्तकाञ्चनराजतीः।घोषवद्भिर्विचित्रैश्च सदा विचरितं रथैः॥#बहुरत्नसमाकीर्णं परार्घ्यासनभूषितम्।महारथसमावापं महारथमहासनम्॥"
"दृश्यैः च परम-उदारैः तैः तैः च मृग-पक्षिभिः विविधैः बहु-साहस्रैः परिपूर्णम् समन्ततः विनीतैः अन्त-पालैः च रक्षोभिः च सुरक्षितम् मुख्याभिः च वर-स्त्रीभिः परिपूर्णम् समन्ततः मुदित-प्रमदा-रत्नम् राक्षस-इन्द्र-निवेशनम् वर-आभरण-संह्रादैः समुद्र-स्वन-निःस्वनम् (महाकपिः) ददर्श","दृश्यैः परिपूर्णम् समन्ततः विनीतैः अन्त-पालैः च रक्षोभिः च सुरक्षितम् मुख्याभिः च च वर-स्त्रीभिः परिपूर्णम् समन्ततः मुदित-प्रमदा-रत्नम् राक्षस-इन्द्र-निवेशनम् वर-आभरण-संह्रादैः समुद्र-स्वन-निःस्वनम् (महाकपिः) ददर्श परम-उदारैः तैः तैः च मृग-पक्षिभिः विविधैः बहु-साहस्रैः","दृश्यैश्च परमोदारैस्तैस्तैश्च मृगपक्षिभिः।विविधैर्बहुसाहस्रैः परिपूर्णं समन्ततः॥विनीतैरन्तपालैश्च रक्षोभिश्च सुरक्षितम्।मुख्याभिश्च वरस्त्रीभिः परिपूर्णं समन्ततः॥#मुदितप्रमदारत्नं राक्षसेन्द्रनिवेशनम्।वराभरणसंह्रादैः समुद्रस्वननिःस्वनम्॥"
"तत् राज-गुण-सम्पन्नम् मुख्यैः च वर-चन्दनैः महा-जन-समाकीर्णम् सिंहैः इव महत् वनम् भेरी-मृदङ्ग-अभिरुतम् शङ्ख-घोष-विनादितम् नित्य-अर्चितम् पर्वसुतम् सः पूजितम् राक्षसैः सदा समुद्रम् इव गम्भीरम् समुद्र-समनिःस्वनम् महा-आत्मनः महत् वेश्म महा-रत्न-परिच्छदम् महा-रत्न-समाकीर्णम् ददर्श महा-कपिः","तत् वनम् भेरी-मृदङ्ग-अभिरुतम् शङ्ख-घोष-विनादितम् नित्य-अर्चितम् पर्वसुतम् सः पूजितम् राक्षसैः सदा समुद्रम् राज-गुण-सम्पन्नम् इव गम्भीरम् समुद्र-समनिःस्वनम् महा-आत्मनः महत् वेश्म महा-रत्न-परिच्छदम् महा-रत्न-समाकीर्णम् ददर्श महा-कपिः मुख्यैः च वर-चन्दनैः महा-जन-समाकीर्णम् सिंहैः इव महत्","तद् राजगुणसम्पन्नं मुख्यैश्च वरचन्दनैः।महाजनसमाकीर्णं सिंहैरिव महद् वनम्॥भेरीमृदङ्गाभिरुतं शङ्खघोषविनादितम्।नित्यार्चितं पर्वसुतं पूजितं राक्षसैः सदा॥#समुद्रमिव गम्भीरं समुद्रसमनिःस्वनम्।महात्मनो महद् वेश्म महारत्नपरिच्छदम्॥महारत्नसमाकीर्णं ददर्श स महाकपिः।"
"विराजमानम् वपुषा गज-अश्व-रथ-सङ्कुलम् लङ्का-आभरणम् इति एव सः अमन्यत महा-कपिः चचार हनुमान् तत्र रावणस्य समीपतः .","विराजमानम् चचार हनुमान् तत्र रावणस्य समीपतः . वपुषा गज-अश्व-रथ-सङ्कुलम् लङ्का-आभरणम् इति एव सः अमन्यत महा-कपिः","विराजमानं वपुषा गजाश्वरथसंकुलम्॥#लंकाभरणमित्येव सोऽमन्यत महाकपिः।चचार हनुमांस्तत्र रावणस्य समीपतः॥"
"गृहात् गृहम् राक्षसानाम् उद्यानानि च सर्वशः वीक्षमाणः अपि अ-संत्रस्तः प्रासादान् च चचार सः .","गृहात् प्रासादान् च चचार सः . गृहम् राक्षसानाम् उद्यानानि च सर्वशः वीक्षमाणः अपि अ-संत्रस्तः","गृहाद् गृहं राक्षसानामुद्यानानि च सर्वशः।#वीक्षमाणोऽप्यसंत्रस्तः प्रासादांश्च चचार सः॥"
"अवप्लुत्य महा-वेगः प्रहस्तस्य निवेशनम् ततः अन्यत् पुप्लुवे वेश्म महा-पार्श्वस्य वीर्यवान् .","अवप्लुत्य वीर्यवान् . महा-वेगः प्रहस्तस्य निवेशनम् ततः अन्यत् पुप्लुवे वेश्म महा-पार्श्वस्य","अवप्लुत्य महावेगः प्रहस्तस्य निवेशनम्।#ततोऽन्यत् पुप्लुवे वेश्म महापार्श्वस्य वीर्यवान्॥"
"अथ मेघ-प्रतीकाशम् कुम्भकर्ण-निवेशनम् विभीषणस्य च तथा पुप्लुवे सः महा-कपिः .","अथ . मेघ-प्रतीकाशम् कुम्भकर्ण-निवेशनम् विभीषणस्य च तथा पुप्लुवे सः महा-कपिः","अथ मेघप्रतीकाशं कुम्भकर्णनिवेशनम्।#विभीषणस्य च तथा पुप्लुवे स महाकपिः॥"
"महा-उदरस्य च तथा विरूप-अक्षस्य च एव हि विद्युत्-जिह्वस्य भवनम् विद्युत्-मालेः तथा एव च वज्र-दंष्ट्रस्य च तथा पुप्लुवे सः महा-कपिः शुकस्य च महा-वेगः सारणस्य च धीमतः .","महा-उदरस्य विद्युत्-मालेः तथा एव च वज्र-दंष्ट्रस्य च तथा पुप्लुवे सः महा-कपिः च शुकस्य च महा-वेगः सारणस्य च धीमतः . तथा विरूप-अक्षस्य च एव हि विद्युत्-जिह्वस्य भवनम्","महोदरस्य च तथा विरूपाक्षस्य चैव हि।विद्युज्जिह्वस्य भवनं विद्युन्मालेस्तथैव च॥ #वज्रदंष्ट्रस्य च तथा पुप्लुवे स महाकपिः।शुकस्य च महावेगः सारणस्य च धीमतः॥"
"तथा च इन्द्रजितः वेश्म जगाम हरि-यूथपः जम्बु-मालेः सुमालेः च जगाम हरि-सत्तमः (वेश्म)","तथा जगाम हरि-सत्तमः (वेश्म) च इन्द्रजितः वेश्म जगाम हरि-यूथपः जम्बु-मालेः सुमालेः च","तथा चेन्द्रजितो वेश्म जगाम हरियूथपः।#जम्बुमालेः सुमालेश्च जगाम हरिसत्तमः॥"
"रश्मि-केतोः च भवनम् सूर्य-शत्रोः तथा एव च वज्र-कायस्य च तथा पुप्लुवे सः महा-कपिः .","रश्मि-केतोः तथा पुप्लुवे सः महा-कपिः . च भवनम् सूर्य-शत्रोः तथा एव च वज्र-कायस्य च","रश्मिकेतोश्च भवनं सूर्यशत्रोस्तथैव च।#वज्रकायस्य च तथा पुप्लुवे स महाकपिः॥"
"धूम्र-अक्षस्य अथ सम्पातेः भवनम् मारुत-आत्मजः विद्युत्-रूपस्य भीमस्य घनस्य विघनस्य च महा-कपिः ददर्श .","धूम्र-अक्षस्य च महा-कपिः ददर्श . अथ सम्पातेः भवनम् मारुत-आत्मजः विद्युत्-रूपस्य भीमस्य घनस्य विघनस्य","धूम्राक्षस्याथ सम्पातेर्भवनं मारुतात्मजः।#विद्युद्रूपस्य भीमस्य घनस्य विघनस्य च॥"
"शुक-नाभस्य चक्रस्य शठस्य कपटस्य च ह्रस्व-कर्णस्य दंष्ट्रस्य लोमशस्य च रक्षसः युद्ध-उन्मत्तस्य मत्तस्य ध्वज-ग्रीवस्य सादिनः विद्युत्-जिह्व-द्विजिह्वानाम् तथा हस्ति-मुखस्य च महा-कपिः (ददर्श) (ऋद्धिम्)","शुक-नाभस्य रक्षसः युद्ध-उन्मत्तस्य मत्तस्य ध्वज-ग्रीवस्य सादिनः विद्युत्-जिह्व-द्विजिह्वानाम् तथा हस्ति-मुखस्य च महा-कपिः चक्रस्य (ददर्श) (ऋद्धिम्) शठस्य कपटस्य च ह्रस्व-कर्णस्य दंष्ट्रस्य लोमशस्य च","शुकनाभस्य चक्रस्य शठस्य कपटस्य च।ह्रस्वकर्णस्य दंष्ट्रस्य लोमशस्य च रक्षसः॥ #युद्धोन्मत्तस्य मत्तस्य ध्वजग्रीवस्य सादिनः।विद्युज्जिह्वद्विजिह्वानां तथा हस्तिमुखस्य च"
"करालस्य पिशाचस्य शोणित-अक्षस्य च एव हि प्लवमानः क्रमेण एव हनुमान् मारुत-आत्मजः तेषु तेषु महा-अर्हेषु भवनेषु महा-यशाः तेषाम् ऋद्धिमताम् ऋद्धिम् ददर्श सः महा-कपिः .","करालस्य हनुमान् मारुत-आत्मजः तेषु तेषु महा-अर्हेषु भवनेषु महा-यशाः तेषाम् ऋद्धिमताम् ऋद्धिम् पिशाचस्य ददर्श सः महा-कपिः . शोणित-अक्षस्य च एव हि प्लवमानः क्रमेण एव","करालस्य पिशाचस्य शोणिताक्षस्य चैव हि।प्लवमानः क्रमेणैव हनुमान् मारुतात्मजः॥#तेषु तेषु महार्हेषु भवनेषु महायशाः।तेषामृद्धिमतामृद्धिं ददर्श स महाकपिः॥"
"सर्वेषाम् समतिक्रम्य भवनानि समन्ततः आससाद अथ लक्ष्मीवान् राक्षस-इन्द्र-निवेशनम् .","सर्वेषाम् समतिक्रम्य भवनानि समन्ततः आससाद अथ लक्ष्मीवान् राक्षस-इन्द्र-निवेशनम् .","सर्वेषां समतिक्रम्य भवनानि समन्ततः। #आससादाथ लक्ष्मीवान् राक्षसेन्द्रनिवेशनम्॥"
"रावणस्य उपशायिन्यः ददर्श हरि-सत्तमः विचरन् हरि-शार्दूलः राक्षसीः विकृत-ईक्षणाः .","रावणस्य उपशायिन्यः ददर्श हरि-सत्तमः विचरन् हरि-शार्दूलः राक्षसीः विकृत-ईक्षणाः .","रावणस्योपशायिन्यो ददर्श हरिसत्तमः। #विचरन् हरिशार्दूलो राक्षसीर्विकृतेक्षणाः॥"
"शूल-मुद्गर-हस्तान् च शक्ति-तोमर-धारिणः ददर्श विविधान् गुल्मान् तस्य रक्षस्-पतेः गृहे (कपिः)","शूल-मुद्गर-हस्तान् (कपिः) च शक्ति-तोमर-धारिणः ददर्श विविधान् गुल्मान् तस्य रक्षस्-पतेः गृहे","शूलमुद‍्गरहस्तांश्च शक्तितोमरधारिणः।#ददर्श विविधान्गुल्मांस्तस्य रक्षःपतेर्गृहे॥"
"राक्षसान् च महा-कायान् नाना-प्रहरण-उद्यतान् रक्तान् श्वेतान् सितान् च अपि हरीन् च अपि महा-जवान् कुलीनान् रूप-सम्पन्नान् गजान् पर-गज-अरुजान् शिक्षितान् गज-शिक्षायाम् ऐरावत-समान् युधि निहन्तॄन् पर-सैन्यानाम् गृहे तस्मिन् ददर्श सः .","राक्षसान् हरीन् च अपि महा-जवान् कुलीनान् रूप-सम्पन्नान् गजान् पर-गज-अरुजान् शिक्षितान् गज-शिक्षायाम् च ऐरावत-समान् युधि निहन्तॄन् पर-सैन्यानाम् गृहे तस्मिन् ददर्श सः . महा-कायान् नाना-प्रहरण-उद्यतान् रक्तान् श्वेतान् सितान् च अपि","राक्षसांश्च महाकायान् नानाप्रहरणोद्यतान्।रक्तान् श्वेतान् सितांश्चापि हरींश्चापि महाजवान्॥#कुलीनान् रूपसम्पन्नान् गजान् परगजारुजान्।शिक्षितान् गजशिक्षायामैरावतसमान् युधि॥ निहन्तॄन् परसैन्यानां गृहे तस्मिन् ददर्श सः।"
"क्षरतः च यथा मेघान् स्रवतः च यथा गिरीन् (गजान्) मेघस्तनित-निर्घोषान् दुर्धर्षान् समरे परैः सहस्रम् वाहिनीः तत्र जाम्बूनद-परिष्कृताः हेम-जालैः अविच्छिन्नाः तरुण-आदित्य-सन्निभाः ददर्श राक्षस-इन्द्रस्य रावणस्य निवेशने (कपिः) (शिबिकाः)","क्षरतः मेघस्तनित-निर्घोषान् दुर्धर्षान् समरे परैः सहस्रम् वाहिनीः तत्र जाम्बूनद-परिष्कृताः हेम-जालैः अविच्छिन्नाः च तरुण-आदित्य-सन्निभाः ददर्श राक्षस-इन्द्रस्य रावणस्य निवेशने (कपिः) (शिबिकाः) यथा मेघान् स्रवतः च यथा गिरीन् (गजान्)","क्षरतश्च यथा मेघान् स्रवतश्च यथा गिरीन्॥ मेघस्तनितनिर्घोषान् दुर्धर्षान् समरे परैः।सहस्रं वाहिनीस्तत्र जाम्बूनदपरिष्कृताः॥#हेमजालैरविच्छिन्नास्तरुणादित्यसंनिभाः।ददर्श राक्षसेन्द्रस्य रावणस्य निवेशने॥"
"विविध-आकाराः सः कपिः मारुत-आत्मजः लता-गृहाणि चित्राणि चित्र-शाला-गृहाणि च क्रीडा-गृहाणि च अन्यानि दारु-पर्वतकानि च कामस्य गृहकम् रम्यम् दिवा-गृहकम् एव च ददर्श राक्षस-इन्द्रस्य रावणस्य निवेशने शिबिकाः","विविध-आकाराः च अन्यानि दारु-पर्वतकानि च कामस्य गृहकम् रम्यम् दिवा-गृहकम् एव च सः ददर्श राक्षस-इन्द्रस्य रावणस्य निवेशने शिबिकाः कपिः मारुत-आत्मजः लता-गृहाणि चित्राणि चित्र-शाला-गृहाणि च क्रीडा-गृहाणि","शिबिका विविधाकाराः स कपिर्मारुतात्मजः।लतागृहाणि चित्राणि चित्रशालागृहाणि च॥#क्रीडागृहाणि चान्यानि दारुपर्वतकानि च।कामस्य गृहकं रम्यं दिवागृहकमेव च॥ ददर्श राक्षसेन्द्रस्य रावणस्य निवेशने।"
"सः मन्दर-समप्रख्यम् मयूर-स्थान-सङ्कुलम् ध्वज-यष्टिभिः आकीर्णम् ददर्श भवन-उत्तमम् अनन्त-रत्न-निचयम् निधि-जालम् समन्ततः धीर-निष्ठित-कर्माङ्गम् गृहम् भूत-पतेः इव","सः समन्ततः धीर-निष्ठित-कर्माङ्गम् गृहम् भूत-पतेः इव मन्दर-समप्रख्यम् मयूर-स्थान-सङ्कुलम् ध्वज-यष्टिभिः आकीर्णम् ददर्श भवन-उत्तमम् अनन्त-रत्न-निचयम् निधि-जालम्","स मन्दरसमप्रख्यं मयूरस्थानसंकुलम्॥#ध्वजयष्टिभिराकीर्णं ददर्श भवनोत्तमम्।अनन्तरत्ननिचयं निधिजालं समन्ततः।धीरनिष्ठितकर्माङ्गं गृहं भूतपतेरिव॥"
"अर्चिर्भिः च अपि रत्नानाम् तेजसा रावणस्य च विरराज च तत् वेश्म रश्मिवान् इव रश्मिभिः .","अर्चिर्भिः तत् वेश्म रश्मिवान् इव रश्मिभिः . च अपि रत्नानाम् तेजसा रावणस्य च विरराज च","अर्चिर्भिश्चापि रत्नानां तेजसा रावणस्य च।#विरराज च तद् वेश्म रश्मिवानिव रश्मिभिः॥"
"जाम्बूनदमयानि एव शयनानि आसनानि च भाजनानि च शुभ्राणि ददर्श हरि-यूथपः .","जाम्बूनदमयानि हरि-यूथपः . एव शयनानि आसनानि च भाजनानि च शुभ्राणि ददर्श","जाम्बूनदमयान्येव शयनान्यासनानि च।#भाजनानि च शुभ्राणि ददर्श हरियूथपः॥"
"मधु-आसव-कृत-क्लेदम् मणि-भाजन-सङ्कुलम् मनोरमम् असम्बाधम् कुबेर-भवनम् यथा नूपुराणाम् च घोषेण काञ्चीनाम् निःस्वनेन च मृदङ्ग-तल-निर्घोषैः घोषवद्भिः विनादितम् प्रासाद-सङ्घात-युतम् स्त्री-रत्न-शत-सङ्कुलम् सुव्यूढ-कक्ष्यम् हनुमान् प्रविवेश महा-गृहम् .","मधु-आसव-कृत-क्लेदम् काञ्चीनाम् निःस्वनेन च मृदङ्ग-तल-निर्घोषैः घोषवद्भिः विनादितम् प्रासाद-सङ्घात-युतम् स्त्री-रत्न-शत-सङ्कुलम् सुव्यूढ-कक्ष्यम् हनुमान् मणि-भाजन-सङ्कुलम् प्रविवेश महा-गृहम् . मनोरमम् असम्बाधम् कुबेर-भवनम् यथा नूपुराणाम् च घोषेण","मध्वासवकृतक्लेदं मणिभाजनसंकुलम्।मनोरममसम्बाधं कुबेरभवनं यथा॥#नूपुराणां च घोषेण काञ्चीनां निःस्वनेन च।मृदङ्गतलनिर्घोषैर्घोषवद्भिर्विनादितम्॥ प्रासादसंघातयुतं स्त्रीरत्नशतसंकुलम्।सुव्यूढकक्ष्यं हनुमान् प्रविवेश महागृहम्॥"
"ततः जाम्बवतः वाक्यम् अगृह्णन्त वन-ओकसः अङ्गद-प्रमुखाः वीराः हनूमान् च महा-कपिः .","ततः महा-कपिः . जाम्बवतः वाक्यम् अगृह्णन्त वन-ओकसः अङ्गद-प्रमुखाः वीराः हनूमान् च","ततो जाम्बवतो वाक्यमगृह्णन्त वनौकसः। अङ्गदप्रमुखा वीरा हनूमांश्च महाकपिः॥"
"प्रीतिमन्तः ततः सर्वे वायु-पुत्र-पुरःसराः महेन्द्र-अग्रात् समुत्पत्य पुप्लुवुः प्लवग-ऋषभाः मेरु-मन्दर-सङ्काशाः मत्ताः इव महा-गजाः छादयन्तः इव आकाशम् महा-कायाः महा-बलाः सभाज्यमानम् भूतैः तम् आत्मवन्तम् महा-बलम् हनूमन्तम् महा-वेगम् वहन्तः इव दृष्टिभिः राघवे च अर्थ-निर्वृत्तिम् कर्तुम् च परमम् यशः समाधाय समृद्ध-अर्थाः कर्म-सिद्धिभिः उन्नताः .","प्रीतिमन्तः मत्ताः इव महा-गजाः छादयन्तः इव आकाशम् महा-कायाः महा-बलाः सभाज्यमानम् भूतैः ततः तम् आत्मवन्तम् महा-बलम् हनूमन्तम् महा-वेगम् वहन्तः इव दृष्टिभिः राघवे च सर्वे अर्थ-निर्वृत्तिम् कर्तुम् च परमम् यशः समाधाय समृद्ध-अर्थाः कर्म-सिद्धिभिः उन्नताः . वायु-पुत्र-पुरःसराः महेन्द्र-अग्रात् समुत्पत्य पुप्लुवुः प्लवग-ऋषभाः मेरु-मन्दर-सङ्काशाः","प्रीतिमन्तस्ततः सर्वे वायुपुत्रपुरःसराः। महेन्द्राग्रात् समुत्पत्य पुप्लुवुः प्लवगर्षभाः।
मेरुमन्दरसंकाशा मत्ता इव महागजाः। छादयन्त इवाकाशं महाकाया महाबलाः।
सभाज्यमानं भूतैस्तमात्मवन्तं महाबलम्। हनूमन्तं महावेगं वहन्त इव दृष्टिभिः।
राघवे चार्थनिर्वृत्तिं कर्तुं च परमं यशः। समाधाय समृद्धार्थाः कर्मसिद्धिभिरुन्नताः॥"
"प्रिय-आख्यान-उन्मुखाः सर्वे सर्वे युद्ध-अभिनन्दिनः सर्वे राम-प्रतीकारे निश्चित-अर्थाः मनस्विनः (बभूवुः)","प्रिय-आख्यान-उन्मुखाः सर्वे सर्वे युद्ध-अभिनन्दिनः सर्वे राम-प्रतीकारे निश्चित-अर्थाः मनस्विनः (बभूवुः)","प्रियाख्यानोन्मुखाः सर्वे सर्वे युद्धाभिनन्दिनः। सर्वे रामप्रतीकारे निश्चितार्था मनस्विनः॥"
"प्लवमानाः खम् आप्लुत्य ततः ते कानन-ओकसः नन्दन-उपमम् आसेदुः वनम् द्रुम-शत-आयुतम् .","प्लवमानाः द्रुम-शत-आयुतम् . खम् आप्लुत्य ततः ते कानन-ओकसः नन्दन-उपमम् आसेदुः वनम्","प्लवमानाः खमाप्लुत्य ततस्ते काननौकसः। नन्दनोपममासेदुर्वनं द्रुमशतायुतम्॥"
"यत् तत् मधु-वनम् नाम सुग्रीवस्य अभिरक्षितम् अधृष्यम् सर्व-भूतानाम् सर्व-भूत-मनः-हरम् यत् रक्षति महा-वीरः सदा दधि-मुखः कपिः मातुलः कपि-मुख्यस्य सुग्रीवस्य महा-आत्मनः (अस्ति); ते तत् वनम् उपागम्य बभूवुः परम-उत्कटाः वानराः वानर-इन्द्रस्य मनःकान्तम् महा-वनम् .","यत् यत् रक्षति महा-वीरः सदा दधि-मुखः कपिः मातुलः कपि-मुख्यस्य सुग्रीवस्य महा-आत्मनः तत् (अस्ति) मधु-वनम् नाम सुग्रीवस्य अभिरक्षितम् अधृष्यम् सर्व-भूतानाम् सर्व-भूत-मनः-हरम्; ते महा-वनम् . तत् वनम् उपागम्य बभूवुः परम-उत्कटाः वानराः वानर-इन्द्रस्य मनःकान्तम्","यत् तन्मधुवनं नाम सुग्रीवस्याभिरक्षितम्। अधृष्यं सर्वभूतानां सर्वभूतमनोहरम्। यद् रक्षति महावीरः सदा दधिमुखः कपिः। मातुलः कपिमुख्यस्य सुग्रीवस्य महात्मनः।# ते तद् वनमुपागम्य बभूवुः परमोत्कटाः। वानरा वानरेन्द्रस्य मनःकान्तं महावनम्॥"
"ततः ते वानराः हृष्टाः दृष्ट्वा मधु-वनम् महत् कुमारम् अभ्ययाचन्त मधूनि मधु-पिङ्गलाः .","ततः मधूनि मधु-पिङ्गलाः . ते वानराः हृष्टाः दृष्ट्वा मधु-वनम् महत् कुमारम् अभ्ययाचन्त","ततस्ते वानरा हृष्टा दृष्ट्वा मधुवनं महत्। कुमारमभ्ययाचन्त मधूनि मधुपिङ्गलाः॥"
"ततः कुमारः तान् वृद्धान् जाम्बवत्-प्रमुखान् कपीन् अनुमान्य ददौ तेषाम् निसर्गम् मधु-भक्षणे .","ततः निसर्गम् मधु-भक्षणे . कुमारः तान् वृद्धान् जाम्बवत्-प्रमुखान् कपीन् अनुमान्य ददौ तेषाम्","ततः कुमारस्तान् वृद्धाञ्जाम्बवत्प्रमुखान् कपीन्। अनुमान्य ददौ तेषां निसर्गं मधुभक्षणे॥"
"ते निसृष्टाः कुमारेण धीमता वालि-सूनुना हरयः समपद्यन्त द्रुमान् मधुकर-आकुलान् .","ते . निसृष्टाः कुमारेण धीमता वालि-सूनुना हरयः समपद्यन्त द्रुमान् मधुकर-आकुलान्","ते निसृष्टाः कुमारेण धीमता वालिसूनुना। हरयः समपद्यन्त द्रुमान् मधुकराकुलान्॥"
"भक्षयन्तः सुगन्धीनि मूलानि च फलानि च जग्मुः प्रहर्षम् ते सर्वे बभूवुः च मद-उत्कटाः","भक्षयन्तः सर्वे बभूवुः च मद-उत्कटाः सुगन्धीनि मूलानि च फलानि च जग्मुः प्रहर्षम् ते","भक्षयन्तः सुगन्धीनि मूलानि च फलानि च। जग्मुः प्रहर्षं ते सर्वे बभूवुश्च मदोत्कटाः॥"
"ततः च अनुमताः सर्वे सुसंहृष्टाः वनौकसः मुदिताः च ततः ते च प्रनृत्यन्ति ततः ततः .","ततः ते च प्रनृत्यन्ति ततः ततः . च अनुमताः सर्वे सुसंहृष्टाः वनौकसः मुदिताः च ततः","ततश्चानुमताः सर्वे सुसंहृष्टा वनौकसः। मुदिताश्च ततस्ते च प्रनृत्यन्ति ततस्ततः॥"
"गायन्ति केचित् प्रहसन्ति केचित् नृत्यन्ति केचित् प्रणमन्ति केचित् पतन्ति केचित् प्रचरन्ति केचित् प्लवन्ति केचित् प्रलपन्ति केचित्","गायन्ति केचित् प्रचरन्ति केचित् प्लवन्ति केचित् प्रलपन्ति केचित् केचित् प्रहसन्ति केचित् नृत्यन्ति केचित् प्रणमन्ति केचित् पतन्ति","गायन्ति केचित् प्रहसन्ति केचिन्नृत्यन्ति केचित् प्रणमन्ति केचित्। पतन्ति केचित् प्रचरन्ति केचित् प्लवन्ति केचित् प्रलपन्ति केचित्॥"
"परस्परम् केचित् उपाश्रयन्ति परस्परम् केचित् अतिब्रुवन्ति द्रुमात् द्रुमम् केचित् अभिद्रवन्ति क्षितौ नग-अग्रात् निपतन्ति केचित् .","परस्परम् अभिद्रवन्ति क्षितौ नग-अग्रात् निपतन्ति केचित् . केचित् उपाश्रयन्ति परस्परम् केचित् अतिब्रुवन्ति द्रुमात् द्रुमम् केचित्","परस्परं केचिदुपाश्रयन्ति परस्परं केचिदतिब्रुवन्ति। द्रुमाद् द्रुमं केचिदभिद्रवन्ति क्षितौ नगाग्रान्निपतन्ति केचित्॥"
"मही-तलात् केचित् उदीर्ण-वेगाः महाद्रुम-अग्राणि अभिसम्पतन्ति गायन्तम् अन्यः प्रहसन् उपैति हसन्तम् अन्यः प्ररुदन् उपैति .","मही-तलात् प्रहसन् उपैति हसन्तम् अन्यः प्ररुदन् उपैति . केचित् उदीर्ण-वेगाः महाद्रुम-अग्राणि अभिसम्पतन्ति गायन्तम् अन्यः","महीतलात् केचिदुदीर्णवेगा महाद्रुमाग्राण्यभिसम्पतन्ति। गायन्तमन्यः प्रहसन्नुपैति हसन्तमन्यः प्ररुदन्नुपैति॥"
"तुदन्तम् अन्यः प्रणदन् उपैति समाकुलम् तत् कपि-सैन्यम् आसीत् न च अत्र कश्चित् न बभूव मत्तः न च अत्र कश्चित् न बभूव दृप्तः","तुदन्तम् च अत्र कश्चित् न बभूव मत्तः न च अत्र कश्चित् अन्यः न बभूव दृप्तः प्रणदन् उपैति समाकुलम् तत् कपि-सैन्यम् आसीत् न","तुदन्तमन्यः प्रणदन्नुपैति समाकुलं तत् कपिसैन्यमासीत्। न चात्र कश्चिन्न बभूव मत्तो न चात्र कश्चिन्न बभूव दृप्तः॥"
"ततः वनम् तत् परिभक्ष्यमाणम् द्रुमान् च विध्वंसित-पत्र-पुष्पान् समीक्ष्य कोपात् दधि-वक्त्र-नामा निवारयामास कपिः कपीन् तान् .","ततः दधि-वक्त्र-नामा निवारयामास कपिः कपीन् तान् . वनम् तत् परिभक्ष्यमाणम् द्रुमान् च विध्वंसित-पत्र-पुष्पान् समीक्ष्य कोपात्","ततो वनं तत् परिभक्ष्यमाणं द्रुमांश्च विध्वंसितपत्रपुष्पान्। समीक्ष्य कोपाद् दधिवक्त्रनामा निवारयामास कपिः कपींस्तान्॥"
"सः तैः प्रवृद्धैः परिभर्त्स्यमानः वनस्य गोप्ता हरि-वृद्ध-वीरः चकार भूयः मतिम् उग्र-तेजाः वनस्य रक्षाम् प्रति वानरेभ्यः .","सः मतिम् उग्र-तेजाः वनस्य रक्षाम् प्रति वानरेभ्यः . तैः प्रवृद्धैः परिभर्त्स्यमानः वनस्य गोप्ता हरि-वृद्ध-वीरः चकार भूयः","स तैः प्रवृद्धैः परिभर्त्स्यमानो वनस्य गोप्ता हरिवृद्धवीरः। चकार भूयो मतिमुग्रतेजा वनस्य रक्षां प्रति वानरेभ्यः॥"
"उवाच कांश्चित् परुषाणि अभीतम् असक्तम् अन्यान् च तलैः जघान समेत्य कैश्चित् कलहम् चकार तथा एव साम्ना उपजगाम कांश्चित् (यथा) (भवति)","उवाच समेत्य कैश्चित् कलहम् चकार तथा एव साम्ना उपजगाम कांश्चित् (यथा) कांश्चित् (भवति) परुषाणि अभीतम् असक्तम् अन्यान् च तलैः जघान","उवाच कांश्चित् परुषाण्यभीतमसक्तमन्यांश्च तलैर्जघान। समेत्य कैश्चित् कलहं चकार तथैव साम्नोपजगाम कांश्चित्॥"
"सः तैः मदात् अप्रतिवार्य-वेगैः बलात् च तेन प्रतिवार्यमाणैः प्रधर्षणे त्यक्त-भयैः समेत्य प्रकृष्यते च अपि अनवेक्ष्य दोषम् .","सः प्रधर्षणे त्यक्त-भयैः समेत्य प्रकृष्यते च अपि अनवेक्ष्य दोषम् . तैः मदात् अप्रतिवार्य-वेगैः बलात् च तेन प्रतिवार्यमाणैः","स तैर्मदादप्रतिवार्यवेगैर्बलाच्च तेन प्रतिवार्यमाणैः। प्रधर्षणे त्यक्तभयैः समेत्य प्रकृष्यते चाप्यनवेक्ष्य दोषम्॥"
"नखैः तुदन्तः दशनैः दशन्तः तलैः च पादैः च समापयन्तः मदात् कपिम् ते कपयः समन्तात् महा-वनम् निर्विषयम् च चक्रुः","नखैः मदात् कपिम् ते कपयः समन्तात् महा-वनम् निर्विषयम् च चक्रुः तुदन्तः दशनैः दशन्तः तलैः च पादैः च समापयन्तः","नखैस्तुदन्तो दशनैर्दशन्तस्तलैश्च पादैश्च समापयन्तः। मदात् कपिं ते कपयः समन्तान्महावनं निर्विषयं च चक्रुः॥"
"तान् उवाच हरि-श्रेष्ठः हनूमान् वानर-ऋषभः अव्यग्र-मनसः यूयम् मधु सेवत वानराः अहम् आवर्जयिष्यामि युष्माकम् परिपन्थिनः .","तान् वानराः अहम् आवर्जयिष्यामि युष्माकम् परिपन्थिनः . उवाच हरि-श्रेष्ठः हनूमान् वानर-ऋषभः अव्यग्र-मनसः यूयम् मधु सेवत","तानुवाच हरिश्रेष्ठो हनूमान् वानरर्षभः। अव्यग्रमनसो यूयं मधु सेवत वानराः। अहमावर्जयिष्यामि युष्माकं परिपन्थिनः।"
"श्रुत्वा हनूमतः वाक्यम् हरीणाम् प्रवरः अङ्गदः प्रत्युवाच प्रसन्न-आत्मा पिबन्तु हरयः मधु अवश्यम् कृत-कार्यस्य वाक्यम् हनुमतः मया अकार्यम् अपि कर्तव्यम् किमङ्गम् पुनः ईदृशम् (अस्ति)","श्रुत्वा हरयः मधु अवश्यम् कृत-कार्यस्य वाक्यम् हनुमतः मया अकार्यम् अपि कर्तव्यम् हनूमतः किमङ्गम् पुनः ईदृशम् (अस्ति) वाक्यम् हरीणाम् प्रवरः अङ्गदः प्रत्युवाच प्रसन्न-आत्मा पिबन्तु","श्रुत्वा हनूमतो वाक्यं हरीणां प्रवरोऽङ्गदः। प्रत्युवाच प्रसन्नात्मा पिबन्तु हरयो मधु। अवश्यं कृतकार्यस्य वाक्यं हनुमतो मया। अकार्यमपि कर्तव्यं किमङ्गं पुनरीदृशम्।"
"अङ्गदस्य मुखात् श्रुत्वा वचनम् वानर-ऋषभाः साधु साधु इति संहृष्टाः वानराः प्रत्यपूजयन् .","अङ्गदस्य वानराः प्रत्यपूजयन् . मुखात् श्रुत्वा वचनम् वानर-ऋषभाः साधु साधु इति संहृष्टाः","अङ्गदस्य मुखाच्छ्रुत्वा वचनं वानरर्षभाः। साधु साध्विति संहृष्टा वानराः प्रत्यपूजयन्।"
"पूजयित्वा अङ्गदम् सर्वे वानराः वानर-ऋषभम् जग्मुः मधु-वनम् यत्र नदी-वेगः इव द्रुमम् .","पूजयित्वा इव द्रुमम् . अङ्गदम् सर्वे वानराः वानर-ऋषभम् जग्मुः मधु-वनम् यत्र नदी-वेगः","पूजयित्वाङ्गदं सर्वे वानरा वानरर्षभम्। जग्मुर्मधुवनं यत्र नदीवेग इव द्रुमम्।"
"ते प्रविष्टाः मधु-वनम् पालान् आक्रम्य शक्तितः अतिसर्गात् च पटवः दृष्ट्वा श्रुत्वा च मैथिलीम् पपुः सर्वे मधु तदा रसवत् फलम् आददुः","ते दृष्ट्वा श्रुत्वा च मैथिलीम् पपुः सर्वे मधु तदा रसवत् फलम् प्रविष्टाः आददुः मधु-वनम् पालान् आक्रम्य शक्तितः अतिसर्गात् च पटवः","ते प्रविष्टा मधुवनं पालानाक्रम्य शक्तितः। अतिसर्गाच्च पटवो दृष्ट्वा श्रुत्वा च मैथिलीम्। पपुः सर्वे मधु तदा रसवत् फलमाददुः॥"
"उत्पत्य च ततः सर्वे वन-पालान् समागतान् ते ताडयन्तः शतशः सक्ताः मधु-वने तदा (बभूवुः)","उत्पत्य सक्ताः मधु-वने तदा (बभूवुः) च ततः सर्वे वन-पालान् समागतान् ते ताडयन्तः शतशः","उत्पत्य च ततः सर्वे वनपालान् समागतान्। ते ताडयन्तः शतशः सक्ता मधुवने तदा॥"
"मधूनि द्रोण-मात्राणि बाहुभिः परिगृह्य ते पिबन्ति कपयः केचित् सङ्घशः तत्र हृष्टवत् .","मधूनि तत्र हृष्टवत् . द्रोण-मात्राणि बाहुभिः परिगृह्य ते पिबन्ति कपयः केचित् सङ्घशः","मधूनि द्रोणमात्राणि बाहुभिः परिगृह्य ते। पिबन्ति कपयः केचित् सङ्घशस्तत्र हृष्टवत्॥"
"घ्नन्ति स्म सहिताः सर्वे भक्षयन्ति तथा अपरे केचित् पीत्वा अपविध्यन्ति मधूनि मधु-पिङ्गलाः .","घ्नन्ति अपविध्यन्ति मधूनि मधु-पिङ्गलाः . स्म सहिताः सर्वे भक्षयन्ति तथा अपरे केचित् पीत्वा","घ्नन्ति स्म सहिताः सर्वे भक्षयन्ति तथापरे। केचित् पीत्वापविध्यन्ति मधूनि मधुपिङ्गलाः॥"
"मधु-उच्छिष्टेन केचित् च जघ्नुः अन्योन्यम् उत्कटाः अपरे वृक्ष-मूलेषु शाखाः गृह्य व्यवस्थिताः .","मधु-उच्छिष्टेन गृह्य व्यवस्थिताः . केचित् च जघ्नुः अन्योन्यम् उत्कटाः अपरे वृक्ष-मूलेषु शाखाः","मधूच्छिष्टेन केचिच्च जघ्नुरन्योन्यमुत्कटाः। अपरे वृक्षमूलेषु शाखा गृह्य व्यवस्थिताः॥"
"अत्यर्थम् च मद-ग्लानाः पर्णानि आस्तीर्य शेरते उन्मत्त-वेगाः प्लव-गाः मधु-मत्ताः च हृष्टवत् .","अत्यर्थम् च हृष्टवत् . च मद-ग्लानाः पर्णानि आस्तीर्य शेरते उन्मत्त-वेगाः प्लव-गाः मधु-मत्ताः","अत्यर्थं च मदग्लानाः पर्णान्यास्तीर्य शेरते। उन्मत्तवेगाः प्लवगा मधुमत्ताश्च हृष्टवत्॥"
"क्षिपन्ति अपि तथा अन्योन्यम् स्खलन्ति च तथा अपरे केचित् क्ष्वेडान् प्रकुर्वन्ति केचित् कूजन्ति हृष्टवत् .","क्षिपन्ति क्ष्वेडान् प्रकुर्वन्ति केचित् कूजन्ति हृष्टवत् . अपि तथा अन्योन्यम् स्खलन्ति च तथा अपरे केचित्","क्षिपन्त्यपि तथान्योन्यं स्खलन्ति च तथापरे। केचित् क्ष्वेडान् प्रकुर्वन्ति केचित् कूजन्ति हृष्टवत्॥"
"हरयः मधुना मत्ताः केचित् सुप्ताः मही-तले धृष्टाः केचित् हसन्ति अन्ये केचित् कुर्वन्ति च इतरत् .","हरयः अन्ये केचित् कुर्वन्ति च इतरत् . मधुना मत्ताः केचित् सुप्ताः मही-तले धृष्टाः केचित् हसन्ति","हरयो मधुना मत्ताः केचित् सुप्ता महीतले। धृष्टाः केचिद्धसन्त्यन्ये केचित् कुर्वन्ति चेतरत्॥"
"कृत्वा केचित् वदन्ति अन्ये केचित् बुध्यन्ति च इतरत् .","कृत्वा केचित् वदन्ति अन्ये केचित् बुध्यन्ति च इतरत् .","कृत्वा केचिद् वदन्त्यन्ये केचिद् बुध्यन्ति चेतरत्।"
"ये अपि अत्र मधु-पालाः स्युः प्रेष्याः दधि-मुखस्य तु ते अपि तैः वानरैः भीमैः प्रतिषिद्धाः दिशः गताः .","ये अपि तैः वानरैः भीमैः प्रतिषिद्धाः दिशः गताः . अपि अत्र मधु-पालाः स्युः प्रेष्याः दधि-मुखस्य तु ते","येऽप्यत्र मधुपालाः स्युः प्रेष्या दधिमुखस्य तु। तेऽपि तैर्वानरैर्भीमैः प्रतिषिद्धा दिशो गताः।"
"जानुभिः च प्रघृष्टाः च देव-मार्गम् च दर्शिताः अब्रुवन् परम-उद्विग्नाः गत्वा दधि-मुखम् वचः हनूमता दत्त-वरैः हतम् मधु-वनम् बलात् वयम् च जानुभिः घृष्टाः देव-मार्गम् च दर्शिताः (इति)","जानुभिः गत्वा दधि-मुखम् वचः हनूमता दत्त-वरैः हतम् मधु-वनम् बलात् वयम् च च जानुभिः घृष्टाः देव-मार्गम् च दर्शिताः (इति) प्रघृष्टाः च देव-मार्गम् च दर्शिताः अब्रुवन् परम-उद्विग्नाः","जानुभिश्च प्रघृष्टाश्च देवमार्गं च दर्शिताः। अब्रुवन् परमोद्विग्ना गत्वा दधिमुखं वचः। हनूमता दत्तवरैर्हतं मधुवनं बलात्। वयं च जानुभिर्घृष्टा देवमार्गं च दर्शिताः॥"
"तदा दधि-मुखः क्रुद्धः वन-पः तत्र वानरः हतम् मधु-वनम् श्रुत्वा सान्त्वयामास तान् हरीन् .","तदा सान्त्वयामास तान् हरीन् . दधि-मुखः क्रुद्धः वन-पः तत्र वानरः हतम् मधु-वनम् श्रुत्वा","तदा दधिमुखः क्रुद्धो वनपस्तत्र वानरः। हतं मधुवनं श्रुत्वा सान्त्वयामास तान् हरीन्॥"
"एत अगच्छत गच्छामः वानर-आनति-दर्पितान् बलेन आवारयिष्यामि प्रभुम् जानान् मधु-उत्तमम् (यूयम्) (वयम्)","एत (यूयम्) (वयम्) अगच्छत गच्छामः वानर-आनति-दर्पितान् बलेन आवारयिष्यामि प्रभुम् जानान् मधु-उत्तमम्","एतागच्छत गच्छामो वानरानतिदर्पितान्। बलेनावारयिष्यामि प्रभुञ्जानान् मधूत्तमम्॥"
"श्रुत्वा दधि-मुखस्य इदम् वचनम् वानर-ऋषभाः पुनः वीराः मधु-वनम् तेन एव सहिताः ययुः .","श्रुत्वा एव सहिताः ययुः . दधि-मुखस्य इदम् वचनम् वानर-ऋषभाः पुनः वीराः मधु-वनम् तेन","श्रुत्वा दधिमुखस्येदं वचनं वानरर्षभाः। पुनर्वीरा मधुवनं तेनैव सहिता ययुः॥"
"मध्ये च एषाम् दधि-मुखः सुप्रगृह्य महा-तरुम् समभ्यधावन् वेगेन सर्वे ते च प्लवङ्गमाः .","मध्ये ते च प्लवङ्गमाः . च एषाम् दधि-मुखः सुप्रगृह्य महा-तरुम् समभ्यधावन् वेगेन सर्वे","मध्ये चैषां दधिमुखः सुप्रगृह्य महातरुम्। समभ्यधावन् वेगेन सर्वे ते च प्लवंगमाः॥"
"ते शिलाः पादपान् च एव पाषाणान् अपि वानराः गृहीत्वा अभ्यागमन् क्रुद्धाः यत्र ते कपि-कुञ्जराः (आसन्) (तत्र)","ते अभ्यागमन् क्रुद्धाः यत्र ते कपि-कुञ्जराः (आसन्) (तत्र) शिलाः पादपान् च एव पाषाणान् अपि वानराः गृहीत्वा","ते शिलाः पादपांश्चैव पाषाणानपि वानराः। गृहीत्वाभ्यागमन् क्रुद्धा यत्र ते कपिकुञ्जराः॥"
"बलात् निवारयन्तः च आसेदुः हरयः हरीन् सन्दष्ट-ओष्ठ-पुटाः क्रुद्धाः भर्त्सयन्तः मुहुः मुहुः .","बलात् मुहुः मुहुः . निवारयन्तः च आसेदुः हरयः हरीन् सन्दष्ट-ओष्ठ-पुटाः क्रुद्धाः भर्त्सयन्तः","बलान्निवारयन्तश्च आसेदुर्हरयो हरीन्। संदष्टौष्ठपुटाः क्रुद्धा भर्त्सयन्तो मुहुर्मुहुः॥"
"अथ दृष्ट्वा दधि-मुखम् क्रुद्धम् वानर-पुङ्गवाः अभ्यधावन्त वेगेन हनुमत्-प्रमुखाः तदा .","अथ . दृष्ट्वा दधि-मुखम् क्रुद्धम् वानर-पुङ्गवाः अभ्यधावन्त वेगेन हनुमत्-प्रमुखाः तदा","अथ दृष्ट्वा दधिमुखं क्रुद्धं वानरपुङ्गवाः। अभ्यधावन्त वेगेन हनुमत्प्रमुखास्तदा॥"
"स-वृक्षम् तम् महा-बाहुम् आपतन्तम् महा-बलम् वेगवन्तम् विजग्राह बाहुभ्याम् कुपितः अङ्गदः .","स-वृक्षम् अङ्गदः . तम् महा-बाहुम् आपतन्तम् महा-बलम् वेगवन्तम् विजग्राह बाहुभ्याम् कुपितः","सवृक्षं तं महाबाहुमापतन्तं महाबलम्। वेगवन्तं विजग्राह बाहुभ्यां कुपितोऽङ्गदः॥"
"मद-अन्धः न कृपाम् चक्रे आर्यकः अयम् मम इति सः अथ एनम् निष्पिपेष आशु वेगेन वसुधा-तले (अस्ति)","मद-अन्धः अथ एनम् निष्पिपेष आशु वेगेन वसुधा-तले (अस्ति) न कृपाम् चक्रे आर्यकः अयम् मम इति सः","मदान्धो न कृपां चक्रे आर्यकोऽयं ममेति सः। अथैनं निष्पिपेषाशु वेगेन वसुधातले॥"
"सः भग्न-बाहु-ऊरु-मुखः विह्वलः शोणित-उक्षितः प्रमुमोह महा-वीरः मुहूर्तम् कपि-कुञ्जरः .","सः भग्न-बाहु-ऊरु-मुखः विह्वलः शोणित-उक्षितः प्रमुमोह महा-वीरः मुहूर्तम् कपि-कुञ्जरः .","स भग्नबाहूरुमुखो विह्वलः शोणितोक्षितः। प्रमुमोह महावीरो मुहूर्तं कपिकुञ्जरः॥ "
"सः कथञ्चित् विमुक्तः तैः वानरैः वानर-ऋषभः उवाच एकान्तम् आगत्य स्वान् भृत्यान् समुपागतान् .","सः स्वान् भृत्यान् समुपागतान् . कथञ्चित् विमुक्तः तैः वानरैः वानर-ऋषभः उवाच एकान्तम् आगत्य","स कथंचिद् विमुक्तस्तैर्वानरैर्वानरर्षभः। उवाचैकान्तमागत्य स्वान् भृत्यान् समुपागतान्॥"
"एत अगच्छत गच्छामः भर्ता नः यत्र वानरः सुग्रीवः विपुल-ग्रीवः सह रामेण तिष्ठति (तत्र)","एत सह रामेण तिष्ठति (तत्र) अगच्छत गच्छामः भर्ता नः यत्र वानरः सुग्रीवः विपुल-ग्रीवः","एतागच्छत गच्छामो भर्ता नो यत्र वानरः। सुग्रीवो विपुलग्रीवः सह रामेण तिष्ठति॥"
"सर्वम् च एव अङ्गदे दोषम् श्रावयिष्याम पार्थिवे अमर्षी वचनम् श्रुत्वा घातयिष्यति वानरान् .","सर्वम् श्रुत्वा घातयिष्यति वानरान् . च एव अङ्गदे दोषम् श्रावयिष्याम पार्थिवे अमर्षी वचनम्","सर्वं चैवाङ्गदे दोषं श्रावयिष्याम पार्थिवे। अमर्षी वचनं श्रुत्वा घातयिष्यति वानरान्॥"
"इष्टम् मधु-वनम् हि एतत् सुग्रीवस्य महा-आत्मनः पितृ-पैतामहम् दिव्यम् देवैः अपि दुरासदम् सः वानरान् इमान् सर्वान् मधु-लुब्धान् गत-आयुषः घातयिष्यति दण्डेन सुग्रीवः स-सुहृत्-जनान् (अस्ति)","इष्टम् अपि दुरासदम् सः वानरान् इमान् सर्वान् मधु-लुब्धान् गत-आयुषः घातयिष्यति दण्डेन मधु-वनम् सुग्रीवः स-सुहृत्-जनान् (अस्ति) हि एतत् सुग्रीवस्य महा-आत्मनः पितृ-पैतामहम् दिव्यम् देवैः","इष्टं मधुवनं ह्येतत् सुग्रीवस्य महात्मनः। पितृपैतामहं दिव्यं देवैरपि दुरासदम्। स वानरानिमान् सर्वान् मधुलुब्धान् गतायुषः। घातयिष्यति दण्डेन सुग्रीवः ससुहृज्जनान्॥"
"वध्याः हि एते दुरात्मानः नृप-आज्ञा-परिपन्थिनः अमर्ष-प्रभवः रोषः सफलः मे भविष्यति (सन्ति)","वध्याः भविष्यति (सन्ति) हि एते दुरात्मानः नृप-आज्ञा-परिपन्थिनः अमर्ष-प्रभवः रोषः सफलः मे","वध्या ह्येते दुरात्मानो नृपाज्ञापरिपन्थिनः। अमर्षप्रभवो रोषः सफलो मे भविष्यति॥"
"एवम् उक्त्वा दधि-मुखः वन-पालान् महा-बलः जगाम सहसा उत्पत्य वन-पालैः समन्वितः .","एवम् समन्वितः . उक्त्वा दधि-मुखः वन-पालान् महा-बलः जगाम सहसा उत्पत्य वन-पालैः","एवमुक्त्वा दधिमुखो वनपालान् महाबलः। जगाम सहसोत्पत्य वनपालैः समन्वितः॥"
"निमेष-अन्तर-मात्रेण सः हि प्राप्तः वन-आलयः सहस्र-अंशु-सुतः धीमान् सुग्रीवः यत्र वानरः (तिष्ठति) (तत्र)","निमेष-अन्तर-मात्रेण यत्र वानरः (तिष्ठति) (तत्र) सः हि प्राप्तः वन-आलयः सहस्र-अंशु-सुतः धीमान् सुग्रीवः","निमेषान्तरमात्रेण स हि प्राप्तो वनालयः। सहस्रांशुसुतो धीमान् सुग्रीवो यत्र वानरः॥"
"रामम् च लक्ष्मणम् च एव दृष्ट्वा सुग्रीवम् एव च सम-प्रतिष्ठाम् जगतीम् आकाशात् निपपात ह .","रामम् सम-प्रतिष्ठाम् जगतीम् आकाशात् निपपात ह . च लक्ष्मणम् च एव दृष्ट्वा सुग्रीवम् एव च","रामं च लक्ष्मणं चैव दृष्ट्वा सुग्रीवमेव च। समप्रतिष्ठां जगतीमाकाशान्निपपात ह॥"
"सः निपत्य महा-वीरः सर्वैः तैः परिवारितः हरिः दधि-मुखः पालैः पालानाम् परमेश्वरः सः दीन-वदनः भूत्वा कृत्वा शिरसि च अञ्जलिम् सुग्रीवस्य आशु तौ मूर्ध्ना चरणौ प्रत्यपीडयत् .","सः पालानाम् परमेश्वरः सः दीन-वदनः भूत्वा कृत्वा शिरसि च अञ्जलिम् सुग्रीवस्य निपत्य आशु तौ मूर्ध्ना चरणौ प्रत्यपीडयत् . महा-वीरः सर्वैः तैः परिवारितः हरिः दधि-मुखः पालैः","स निपत्य महावीरः सर्वैस्तैः परिवारितः। हरिर्दधिमुखः पालैः पालानां परमेश्वरः। स दीनवदनो भूत्वा कृत्वा शिरसि चाञ्जलिम्। सुग्रीवस्याशु तौ मूर्ध्ना चरणौ प्रत्यपीडयत्॥"
"ततः मूर्ध्ना निपतितम् वानरम् वानर-ऋषभः दृष्ट्वा एव उद्विग्न-हृदयः वाक्यम् एतत् उवाच ह .","ततः एतत् उवाच ह . मूर्ध्ना निपतितम् वानरम् वानर-ऋषभः दृष्ट्वा एव उद्विग्न-हृदयः वाक्यम्","ततो मूर्ध्ना निपतितं वानरं वानरर्षभः। दृष्ट्वैवोद्विग्नहृदयो वाक्यमेतदुवाच ह॥"
"उत्तिष्ठ उत्तिष्ठ कस्मात् त्वम् पादयोः पतितः मम अभयम् ते प्रदास्यामि सत्यम् एव अभिधीयताम् (असि)","उत्तिष्ठ प्रदास्यामि सत्यम् एव अभिधीयताम् (असि) उत्तिष्ठ कस्मात् त्वम् पादयोः पतितः मम अभयम् ते","उत्तिष्ठोत्तिष्ठ कस्मात् त्वं पादयोः पतितो मम। अभयं ते प्रदास्यामि सत्यमेवाभिधीयताम्॥"
"किम् सम्भ्रमात् हितम् कृत्स्नम् ब्रूहि यत् वक्तुम् अर्हसि कच्चित् मधु-वने स्वस्ति श्रोतुम् इच्छामि वानर (ब्रूहि) तत्","किम् मधु-वने स्वस्ति श्रोतुम् इच्छामि वानर (ब्रूहि) तत् सम्भ्रमात् हितम् कृत्स्नम् ब्रूहि यत् वक्तुम् अर्हसि कच्चित्","किं सम्भ्रमाद्धितं कृत्स्नं ब्रूहि यद् वक्तुमर्हसि। कच्चिन्मधुवने स्वस्ति श्रोतुमिच्छामि वानर॥"
"सः समाश्वासितः तेन सुग्रीवेण महा-आत्मना उत्थाय सः महा-प्राज्ञः वाक्यम् दधि-मुखः अब्रवीत् .","सः दधि-मुखः अब्रवीत् . समाश्वासितः तेन सुग्रीवेण महा-आत्मना उत्थाय सः महा-प्राज्ञः वाक्यम्","स समाश्वासितस्तेन सुग्रीवेण महात्मना। उत्थाय स महाप्राज्ञो वाक्यं दधिमुखोऽब्रवीत्॥"
"न एव ऋक्ष-रजसा राजन् न त्वया न च वालिना वनम् निसृष्ट-पूर्वम् ते नाशितम् तत् तु वानरैः (यत्) (आसीत्)","न वनम् निसृष्ट-पूर्वम् ते नाशितम् तत् तु वानरैः (यत्) (आसीत्) एव ऋक्ष-रजसा राजन् न त्वया न च वालिना","नैवर्क्षरजसा राजन् न त्वया न च वालिना। वनं निसृष्टपूर्वं ते नाशितं तत्तु वानरैः॥"
"न्यवारयम् अहम् सर्वान् सह एभिः वन-चारिभिः अ-चिन्तयित्वा माम् हृष्टाः भक्षयन्ति पिबन्ति च (ते)","न्यवारयम् भक्षयन्ति पिबन्ति च (ते) अहम् सर्वान् सह एभिः वन-चारिभिः अ-चिन्तयित्वा माम् हृष्टाः","न्यवारयमहं सर्वान् सहैभिर्वनचारिभिः। अचिन्तयित्वा मां हृष्टा भक्षयन्ति पिबन्ति च॥"
"एभिः प्रधर्षणायाम् च वारितम् वन-पालकैः माम् अपि अचिन्तयन् देव भक्षयन्ति वन-ओकसः .","एभिः भक्षयन्ति वन-ओकसः . प्रधर्षणायाम् च वारितम् वन-पालकैः माम् अपि अचिन्तयन् देव","एभिः प्रधर्षणायां च वारितं वनपालकैः। मामप्यचिन्तयन् देव भक्षयन्ति वनौकसः॥"
"शिष्टम् अत्र अपविध्यन्ति भक्षयन्ति तथा अपरे निवार्यमाणाः ते सर्वे भ्रुकुटिम् दर्शयन्ति हि .","शिष्टम् भ्रुकुटिम् दर्शयन्ति हि . अत्र अपविध्यन्ति भक्षयन्ति तथा अपरे निवार्यमाणाः ते सर्वे","शिष्टमत्रापविध्यन्ति भक्षयन्ति तथापरे। निवार्यमाणास्ते सर्वे भ्रुकुटिं दर्शयन्ति हि॥"
"इमे हि संरब्ध-तराः तदा तैः सम्प्रधर्षिताः निवार्यन्ते वनात् तस्मात् क्रुद्धैः वानर-पुङ्गवैः .","इमे क्रुद्धैः वानर-पुङ्गवैः . हि संरब्ध-तराः तदा तैः सम्प्रधर्षिताः निवार्यन्ते वनात् तस्मात्","इमे हि संरब्धतरास्तदा तैः सम्प्रधर्षिताः। निवार्यन्ते वनात् तस्मात् क्रुद्धैर्वानरपुङ्गवैः॥"
"ततः तैः बहुभिः वीरैः वानरैः वानर-ऋषभाः संरक्त-नयनैः क्रोधात् हरयः सम्प्रधर्षिताः (आसन्)","ततः सम्प्रधर्षिताः (आसन्) तैः बहुभिः वीरैः वानरैः वानर-ऋषभाः संरक्त-नयनैः क्रोधात् हरयः","ततस्तैर्बहुभिर्वीरैर्वानरैर्वानरर्षभाः। संरक्तनयनैः क्रोधाद्धरयः सम्प्रधर्षिताः॥"
"पाणिभिः निहताः केचित् केचित् जानुभिः आहताः प्रकृष्टाः च तदा कामम् देव-मार्गम् च दर्शिताः (आसन्)","पाणिभिः कामम् देव-मार्गम् च दर्शिताः (आसन्) निहताः केचित् केचित् जानुभिः आहताः प्रकृष्टाः च तदा","पाणिभिर्निहताः केचित् केचिज्जानुभिराहताः। प्रकृष्टाश्च तदा कामं देवमार्गं च दर्शिताः॥"
"एवम् एते हताः शूराः त्वयि तिष्ठति भर्तरि कृत्स्नम् मधु-वनम् च एव प्रकामम् तैः च भक्ष्यते (सन्ति)","एवम् च एव प्रकामम् तैः च भक्ष्यते (सन्ति) एते हताः शूराः त्वयि तिष्ठति भर्तरि कृत्स्नम् मधु-वनम्","एवमेते हताः शूरास्त्वयि तिष्ठति भर्तरि। कृत्स्नं मधुवनं चैव प्रकामं तैश्च भक्ष्यते॥"
"एवम् विज्ञाप्यमानम् तम् सुग्रीवम् वानर-ऋषभम् अपृच्छत् तम् महा-प्राज्ञः लक्ष्मणः पर-वीर-हा .","एवम् पर-वीर-हा . विज्ञाप्यमानम् तम् सुग्रीवम् वानर-ऋषभम् अपृच्छत् तम् महा-प्राज्ञः लक्ष्मणः","एवं विज्ञाप्यमानं तं सुग्रीवं वानरर्षभम्। अपृच्छत् तं महाप्राज्ञो लक्ष्मणः परवीरहा॥"
"किम् अयम् वानरः राजन् वन-पः प्रत्युपस्थितः किम् च अर्थम् अभिनिर्दिश्य दुःखितः वाक्यम् अब्रवीत्","किम् अभिनिर्दिश्य दुःखितः वाक्यम् अब्रवीत् अयम् वानरः राजन् वन-पः प्रत्युपस्थितः किम् च अर्थम्","किमयं वानरो राजन् वनपः प्रत्युपस्थितः। किं चार्थमभिनिर्दिश्य दुःखितो वाक्यमब्रवीत्॥"
"एवम् उक्तः तु सुग्रीवः लक्ष्मणेन महा-आत्मना लक्ष्मणम् प्रत्युवाच इदम् वाक्यम् वाक्य-विशारदः .","एवम् वाक्यम् वाक्य-विशारदः . उक्तः तु सुग्रीवः लक्ष्मणेन महा-आत्मना लक्ष्मणम् प्रत्युवाच इदम्","एवमुक्तस्तु सुग्रीवो लक्ष्मणेन महात्मना। लक्ष्मणं प्रत्युवाचेदं वाक्यं वाक्यविशारदः॥"
"आर्य लक्ष्मण सम्प्राह वीरः दधि-मुखः कपिः अङ्गद-प्रमुखैः वीरैः भक्षितम् मधु वानरैः (इति)","आर्य मधु वानरैः (इति) लक्ष्मण सम्प्राह वीरः दधि-मुखः कपिः अङ्गद-प्रमुखैः वीरैः भक्षितम्","आर्य लक्ष्मण सम्प्राह वीरो दधिमुखः कपिः। अङ्गदप्रमुखैर्वीरैर्भक्षितं मधु वानरैः॥"
"न ऐषाम् अकृत-कार्याणाम् ईदृशः स्यात् व्यतिक्रमः वनम् यत् अभिपन्नाः ते साधितम् कर्म तत् ध्रुवम् .","न ते साधितम् कर्म तत् ध्रुवम् . ऐषाम् अकृत-कार्याणाम् ईदृशः स्यात् व्यतिक्रमः वनम् यत् अभिपन्नाः","नैषामकृतकार्याणामीदृशः स्याद् व्यतिक्रमः। वनं यदभिपन्नास्ते साधितं कर्म तद् ध्रुवम्॥"
"वारयन्तः भृशम् प्राप्ताः पालाः जानुभिः आहताः तथा न गणितः च अयम् कपिः दधि-मुखः बली पतिः मम वनस्य अयम् अस्माभिः स्थापितः स्वयम् दृष्टा देवी न सन्देहः न च अन्येन हनूमता (दृष्टा) अस्ति","वारयन्तः च अयम् कपिः दधि-मुखः बली पतिः मम वनस्य अयम् अस्माभिः भृशम् स्थापितः स्वयम् दृष्टा देवी न सन्देहः न च अन्येन हनूमता प्राप्ताः (दृष्टा) अस्ति पालाः जानुभिः आहताः तथा न गणितः","वारयन्तो भृशं प्राप्ताः पाला जानुभिराहताः। तथा न गणितश्चायं कपिर्दधिमुखो बली। पतिर्मम वनस्यायमस्माभिः स्थापितः स्वयम्। दृष्टा देवी न संदेहो न चान्येन हनूमता॥"
"न हि अन्यः साधने हेतुः कर्मणः अस्य हनूमतः कार्य-सिद्धिः हनुमति मतिः च हरि-पुङ्गवे व्यवसायः च वीर्यम् च श्रुतम् च अपि प्रतिष्ठितम् (अस्ति)","न हनुमति मतिः च हरि-पुङ्गवे व्यवसायः च वीर्यम् च श्रुतम् च हि अपि प्रतिष्ठितम् (अस्ति) अन्यः साधने हेतुः कर्मणः अस्य हनूमतः कार्य-सिद्धिः","न ह्यन्यः साधने हेतुः कर्मणोऽस्य हनूमतः। कार्यसिद्धिर्हनुमति मतिश्च हरिपुङ्गवे। व्यवसायश्च वीर्यं च श्रुतं चापि प्रतिष्ठितम्।"
"जाम्बवान् यत्र नेता स्यात् अङ्गदः च महा-बलः हनूमान् च अपि अधिष्ठाता न तत्र गतिः अन्यथा (भवेत्)","जाम्बवान् अपि अधिष्ठाता न तत्र गतिः अन्यथा (भवेत्) यत्र नेता स्यात् अङ्गदः च महा-बलः हनूमान् च","जाम्बवान् यत्र नेता स्यादङ्गदश्च महाबलः। हनूमांश्चाप्यधिष्ठाता न तत्र गतिरन्यथा।"
"अङ्गद-प्रमुखैः वीरैः हतम् मधु-वनम् किल विचित्य दक्षिणाम् आशाम् आगतैः हरि-पुङ्गवैः आगतैः च अप्रधृष्यम् तद्-हतम् मधु-वनम् हि तैः धर्षितम् च वनम् कृत्स्नम् उपयुक्तम् तु वानरैः .","अङ्गद-प्रमुखैः हरि-पुङ्गवैः आगतैः च अप्रधृष्यम् तद्-हतम् मधु-वनम् हि तैः धर्षितम् च वीरैः वनम् कृत्स्नम् उपयुक्तम् तु वानरैः . हतम् मधु-वनम् किल विचित्य दक्षिणाम् आशाम् आगतैः","अङ्गदप्रमुखैः वीरैः हतं मधुवनं किल। विचित्य दक्षिणामाशामागतैः हरिपुङ्गवैः। आगतैः च अप्रधृष्यं तद्-हतं मधुवनं हि तैः। धर्षितं च वनं कृत्स्नम् उपयुक्तं तु वानरैः।"
"पातिताः वन-पालाः ते तदा जानुभिः आहताः एतदर्थम् अयम् प्राप्तः वक्तुम् मधुर-वाक् इह नाम्ना दधि-मुखः नाम हरिः प्रख्यात-विक्रमः .","पातिताः वक्तुम् मधुर-वाक् इह नाम्ना दधि-मुखः नाम हरिः प्रख्यात-विक्रमः . वन-पालाः ते तदा जानुभिः आहताः एतदर्थम् अयम् प्राप्तः","पातिता वनपालास्ते तदा जानुभिराहताः। एतदर्थमयं प्राप्तो वक्तुं मधुरवागिह। नाम्ना दधिमुखो नाम हरिः प्रख्यातविक्रमः॥"
"दृष्टा सीता महाबाहो सौमित्रे पश्य तत्त्वतः अभिगम्य यथा सर्वे पिबन्ति मधु वानराः .","दृष्टा पिबन्ति मधु वानराः . सीता महाबाहो सौमित्रे पश्य तत्त्वतः अभिगम्य यथा सर्वे","दृष्टा सीता महाबाहो सौमित्रे पश्य तत्त्वतः। अभिगम्य यथा सर्वे पिबन्ति मधु वानराः॥"
"न च अपि अदृष्ट्वा वैदेहीम् विश्रुताः पुरुष-ऋषभ वनम् दत्त-वरम् दिव्यम् धर्षयेयुः वन-ओकसः .","न दिव्यम् धर्षयेयुः वन-ओकसः . च अपि अदृष्ट्वा वैदेहीम् विश्रुताः पुरुष-ऋषभ वनम् दत्त-वरम्","न चाप्यदृष्ट्वा वैदेहीं विश्रुताः पुरुषर्षभ। वनं दत्तवरं दिव्यं धर्षयेयुर्वनौकसः॥"
"ततः प्रहृष्टः धर्म-आत्मा लक्ष्मणः सह राघवः श्रुत्वा कर्ण-सुखाम् वाणीम् सुग्रीव-वदनात् च्युताम् (अभवत्)","ततः सुग्रीव-वदनात् च्युताम् (अभवत्) प्रहृष्टः धर्म-आत्मा लक्ष्मणः सह राघवः श्रुत्वा कर्ण-सुखाम् वाणीम्","ततः प्रहृष्टो धर्मात्मा लक्ष्मणः सहराघवः। श्रुत्वा कर्णसुखां वाणीं सुग्रीववदनाच्च्युताम्॥"
"प्राहृष्यत भृशम् रामः लक्ष्मणः च महा-यशाः श्रुत्वा दधि-मुखस्य एवम् सुग्रीवः तु प्रहृष्य च वन-पालम् पुनः वाक्यम् सुग्रीवः प्रत्यभाषत .","प्राहृष्यत सुग्रीवः तु प्रहृष्य च वन-पालम् पुनः वाक्यम् सुग्रीवः प्रत्यभाषत . भृशम् रामः लक्ष्मणः च महा-यशाः श्रुत्वा दधि-मुखस्य एवम्","प्राहृष्यत भृशं रामो लक्ष्मणश्च महायशाः। श्रुत्वा दधिमुखस्यैवं सुग्रीवस्तु प्रहृष्य च। वनपालं पुनर्वाक्यं सुग्रीवः प्रत्यभाषत।"
"प्रीतः अस्मि सः अहम् यत् भुक्तम् वनम् तैः कृत-कर्मभिः धर्षितम् मर्षणीयम् च चेष्टितम् कृत-कर्मणाम् (अस्ति)","प्रीतः धर्षितम् मर्षणीयम् च चेष्टितम् कृत-कर्मणाम् (अस्ति) अस्मि सः अहम् यत् भुक्तम् वनम् तैः कृत-कर्मभिः","प्रीतोऽस्मि सोऽहं यद्भुक्तं वनं तैः कृतकर्मभिः। धर्षितं मर्षणीयं च चेष्टितं कृतकर्मणाम्।"
"गच्छ शीघ्रम् मधु-वनम् संरक्षस्व त्वम् एव हि शीघ्रम् प्रेषय सर्वान् तान् हनूमत् प्रमुखान् कपीन् .","गच्छ सर्वान् तान् हनूमत् प्रमुखान् कपीन् . शीघ्रम् मधु-वनम् संरक्षस्व त्वम् एव हि शीघ्रम् प्रेषय","गच्छ शीघ्रं मधुवनं संरक्षस्व त्वमेव हि। शीघ्रं प्रेषय सर्वांस्तान् हनूमत्प्रमुखान् कपीन्॥"
"इच्छामि शीघ्रम् हनुमत् प्रधानान् शाखा-मृगान् तान् मृग-राज-दर्पान् प्रष्टुम् कृत-अर्थान् सह राघवाभ्याम् श्रोतुम् च सीता-अधिगमे प्रयत्नम् (अहम्)","इच्छामि सह राघवाभ्याम् श्रोतुम् च सीता-अधिगमे प्रयत्नम् (अहम्) शीघ्रम् हनुमत् प्रधानान् शाखा-मृगान् तान् मृग-राज-दर्पान् प्रष्टुम् कृत-अर्थान्","इच्छामि शीघ्रं हनुमत्प्रधानान्- शाखामृगांस्तान् मृगराजदर्पान्। प्रष्टुं कृतार्थान् सह राघवाभ्यां श्रोतुं च सीताधिगमे प्रयत्नम्॥"
"प्रीति-स्फीत-अक्षौ सम्प्रहृष्टौ कुमारौ दृष्ट्वा सिद्ध-अर्थौ वानराणाम् च राजा अङ्गैः प्रहृष्टैः कार्य-सिद्धिम् विदित्वा बाह्वोः आसन्नाम् अतिमात्रम् ननन्द .","प्रीति-स्फीत-अक्षौ प्रहृष्टैः कार्य-सिद्धिम् विदित्वा बाह्वोः आसन्नाम् अतिमात्रम् ननन्द . सम्प्रहृष्टौ कुमारौ दृष्ट्वा सिद्ध-अर्थौ वानराणाम् च राजा अङ्गैः","प्रीतिस्फीताक्षौ सम्प्रहृष्टौ कुमारौ दृष्ट्वा सिद्धार्थौ वानराणां च राजा। अङ्गैः प्रहृष्टैः कार्यसिद्धिं विदित्वा बाह्वोरासन्नामतिमात्रं ननन्द॥"
"सुग्रीवेण एवम् उक्तः तु हृष्टः दधि-मुखः कपिः राघवम् लक्ष्मणम् च एव सुग्रीवम् च अभ्यवादयत् .","सुग्रीवेण च एव सुग्रीवम् च अभ्यवादयत् . एवम् उक्तः तु हृष्टः दधि-मुखः कपिः राघवम् लक्ष्मणम्","सुग्रीवेणैवमुक्तस्तु हृष्टो दधिमुखः कपिः। राघवं लक्ष्मणं चैव सुग्रीवं चाभ्यवादयत्॥"
"सः प्रणम्य च सुग्रीवम् राघवौ च महा-बलौ वानरैः सहितः शूरैः दिवम् एव उत्पपात ह .","सः शूरैः दिवम् एव उत्पपात ह . प्रणम्य च सुग्रीवम् राघवौ च महा-बलौ वानरैः सहितः","स प्रणम्य च सुग्रीवं राघवौ च महाबलौ। वानरैः सहितः शूरैर्दिवमेवोत्पपात ह॥ "
"सः यथा एव आगतः पूर्वम् तथा एव त्वरितम् गतः निपत्य गगनात् भूमौ तत् वनम् प्रविवेश ह .","सः निपत्य गगनात् भूमौ तत् वनम् प्रविवेश ह . यथा एव आगतः पूर्वम् तथा एव त्वरितम् गतः","स यथैवागतः पूर्वं तथैव त्वरितं गतः। निपत्य गगनाद् भूमौ तद् वनं प्रविवेश ह॥"
"सः प्रविष्टः मधु-वनम् ददर्श हरि-यूथपान् विमदान् उद्धतान् सर्वान् मेहमानान् मधु-उदकम् .","सः मधु-उदकम् . प्रविष्टः मधु-वनम् ददर्श हरि-यूथपान् विमदान् उद्धतान् सर्वान् मेहमानान्","स प्रविष्टो मधुवनं ददर्श हरियूथपान्। विमदानुद्धतान् सर्वान् मेहमानान् मधूदकम्॥"
"सः तान् उपागमत् वीरः बद्ध्वा कर-पुट-अञ्जलिम् उवाच वचनम् श्लक्ष्णम् इदम् हृष्टवत् अङ्गदम् .","सः इदम् हृष्टवत् अङ्गदम् . तान् उपागमत् वीरः बद्ध्वा कर-पुट-अञ्जलिम् उवाच वचनम् श्लक्ष्णम्","स तानुपागमद् वीरो बद्‍ध्वा करपुटाञ्जलिम्। उवाच वचनं श्लक्ष्णमिदं हृष्टवदङ्गदम्॥"
"सौम्य रोषः न कर्तव्यः यत् एभिः परिवारणम् अज्ञानात् रक्षिभिः क्रोधात् भवन्तः प्रतिषेधिताः (कृतम्)","सौम्य क्रोधात् भवन्तः प्रतिषेधिताः (कृतम्) रोषः न कर्तव्यः यत् एभिः परिवारणम् अज्ञानात् रक्षिभिः","सौम्य रोषो न कर्तव्यो यदेभिः परिवारणम्। अज्ञानाद् रक्षिभिः क्रोधाद् भवन्तः प्रतिषेधिताः॥"
"श्रान्तः दूरात् अनुप्राप्तः भक्षयस्व स्वकम् मधु युव-राजः त्वम् ईशः च वनस्य अस्य महा-बल .","श्रान्तः च वनस्य अस्य महा-बल . दूरात् अनुप्राप्तः भक्षयस्व स्वकम् मधु युव-राजः त्वम् ईशः","श्रान्तो दूरादनुप्राप्तो भक्षयस्व स्वकं मधु। युवराजस्त्वमीशश्च वनस्यास्य महाबल॥"
"मौर्ख्यात् पूर्वम् कृतः रोषः तत् भवान् क्षन्तुम् अर्हति यथा एव हि पिता ते अभूत् पूर्वम् हरि-गण-ईश्वरः तथा त्वम् अपि सुग्रीवः न अन्यः तु हरि-सत्तम (असि) (अस्ति)","मौर्ख्यात् एव हि पिता ते अभूत् पूर्वम् हरि-गण-ईश्वरः तथा त्वम् अपि पूर्वम् सुग्रीवः न अन्यः तु हरि-सत्तम (असि) (अस्ति) कृतः रोषः तत् भवान् क्षन्तुम् अर्हति यथा","मौर्ख्यात् पूर्वं कृतो रोषस्तद् भवान् क्षन्तुमर्हति। यथैव हि पिता तेऽभूत् पूर्वं हरिगणेश्वरः। तथा त्वमपि सुग्रीवो नान्यस्तु हरिसत्तम।"
"आख्यातम् हि मया गत्वा पितृव्यस्य तव अनघ इह उप-यानम् सर्वेषाम् एतेषाम् वन-चारिणाम् .","आख्यातम् सर्वेषाम् एतेषाम् वन-चारिणाम् . हि मया गत्वा पितृव्यस्य तव अनघ इह उप-यानम्","आख्यातं हि मया गत्वा पितृव्यस्य तवानघ। इहोपयानं सर्वेषामेतेषां वनचारिणाम्।"
"भवत् आगमनम् श्रुत्वा सह एभिः वन-चारिभिः प्रहृष्टः न तु रुष्टः असौ वनम् श्रुत्वा प्रधर्षितम् .","भवत् रुष्टः असौ वनम् श्रुत्वा प्रधर्षितम् . आगमनम् श्रुत्वा सह एभिः वन-चारिभिः प्रहृष्टः न तु","भवदागमनं श्रुत्वा सहैभिर्वनचारिभिः। प्रहृष्टो न तु रुष्टोऽसौ वनं श्रुत्वा प्रधर्षितम्।"
"प्रहृष्टः माम् पितृव्यः ते सुग्रीवः वानर-ईश्वरः शीघ्रम् प्रेषय सर्वान् तान् इति ह उवाच पार्थिवः (अस्ति)","प्रहृष्टः तान् इति ह उवाच पार्थिवः (अस्ति) माम् पितृव्यः ते सुग्रीवः वानर-ईश्वरः शीघ्रम् प्रेषय सर्वान्","प्रहृष्टो मां पितृव्यस्ते सुग्रीवो वानरेश्वरः। शीघ्रं प्रेषय सर्वांस्तानिति होवाच पार्थिवः।"
"श्रुत्वा दधि-मुखस्य एतत् वचनम् श्लक्ष्णम् अङ्गदः अब्रवीत् तान् हरि-श्रेष्ठः वाक्यम् वाक्य-विशारदः .","श्रुत्वा वाक्यम् वाक्य-विशारदः . दधि-मुखस्य एतत् वचनम् श्लक्ष्णम् अङ्गदः अब्रवीत् तान् हरि-श्रेष्ठः","श्रुत्वा दधिमुखस्यैतद् वचनं श्लक्ष्णमङ्गदः। अब्रवीत् तान् हरिश्रेष्ठो वाक्यं वाक्यविशारदः।"
"शङ्के श्रुतः अयम् वृत्तान्तः रामेण हरि-यूथ-पाः अयम् च हर्षात् आख्याति तेन जानामि हेतुना तत् क्षमम् न इह नः स्थातुम् कृते कार्ये परंतपाः (अहम्) (अस्ति)","शङ्के आख्याति तेन जानामि हेतुना तत् क्षमम् न इह नः स्थातुम् श्रुतः कृते कार्ये परंतपाः (अहम्) (अस्ति) अयम् वृत्तान्तः रामेण हरि-यूथ-पाः अयम् च हर्षात्","शङ्के श्रुतोऽयं वृत्तान्तो रामेण हरियूथपाः। अयं च हर्षादाख्याति तेन जानामि हेतुना। तत् क्षमं नेह नः स्थातुं कृते कार्ये परंतपाः॥"
"पीत्वा मधु यथाकामम् विक्रान्ताः वन-चारिणः किम् शेषम् गमनम् तत्र सुग्रीवः यत्र वानरः (अस्ति)","पीत्वा सुग्रीवः यत्र वानरः (अस्ति) मधु यथाकामम् विक्रान्ताः वन-चारिणः किम् शेषम् गमनम् तत्र","पीत्वा मधु यथाकामं विक्रान्ता वनचारिणः। किं शेषं गमनं तत्र सुग्रीवो यत्र वानरः॥ "
"सर्वे यथा माम् वक्ष्यन्ति समेत्य हरि-पुङ्गवाः तथा अस्मि कर्ता कर्तव्ये भवद्भिः परवान् अहम् .","सर्वे कर्तव्ये भवद्भिः परवान् अहम् . यथा माम् वक्ष्यन्ति समेत्य हरि-पुङ्गवाः तथा अस्मि कर्ता","सर्वे यथा मां वक्ष्यन्ति समेत्य हरिपुङ्गवाः। तथास्मि कर्ता कर्तव्ये भवद्भिः परवानहम्॥"
"न आज्ञापयितुम् ईशः अहम् युव-राजः अस्मि यद्यपि अयुक्तम् कृत-कर्माणः यूयम् धर्षयितुम् बलात् (अस्ति)","न यूयम् धर्षयितुम् बलात् (अस्ति) आज्ञापयितुम् ईशः अहम् युव-राजः अस्मि यद्यपि अयुक्तम् कृत-कर्माणः","नाज्ञापयितुमीशोऽहं युवराजोऽस्मि यद्यपि। अयुक्तं कृतकर्माणो यूयं धर्षयितुं बलात्॥"
"ब्रुवतः च अङ्गदस्य एवम् श्रुत्वा वचनम् उत्तमम् प्रहृष्ट-मनसः वाक्यम् इदम् ऊचुः वन-ओकसः .","ब्रुवतः इदम् ऊचुः वन-ओकसः . च अङ्गदस्य एवम् श्रुत्वा वचनम् उत्तमम् प्रहृष्ट-मनसः वाक्यम्","ब्रुवतश्चाङ्गदस्यैवं श्रुत्वा वचनमुत्तमम्। प्रहृष्टमनसो वाक्यमिदमूचुर्वनौकसः॥"
"एवम् वक्ष्यति कः राजन् प्रभुः सन् वानर-ऋषभ ऐश्वर्य-मद-मत्तः हि सर्वः अहम् इति मन्यते .","एवम् सर्वः अहम् इति मन्यते . वक्ष्यति कः राजन् प्रभुः सन् वानर-ऋषभ ऐश्वर्य-मद-मत्तः हि","एवं वक्ष्यति को राजन् प्रभुः सन् वानरर्षभ। ऐश्वर्यमदमत्तो हि सर्वोऽहमिति मन्यते॥"
"तव च इदम् सु-सदृशम् वाक्यम् न अन्यस्य कस्यचित् सन्नतिः हि तव आख्याति भविष्यत् शुभ-योग्यताम् (अस्ति)","तव हि तव आख्याति भविष्यत् शुभ-योग्यताम् (अस्ति) च इदम् सु-सदृशम् वाक्यम् न अन्यस्य कस्यचित् सन्नतिः","तव चेदं सुसदृशं वाक्यं नान्यस्य कस्यचित्। सन्नतिर्हि तवाख्याति भविष्यच्छुभयोग्यताम्॥"
"सर्वे वयम् अपि प्राप्ताः तत्र गन्तुम् कृत-क्षणाः सः यत्र हरि-वीराणाम् सुग्रीवः पतिः अव्ययः (अस्ति)","सर्वे हरि-वीराणाम् सुग्रीवः पतिः अव्ययः (अस्ति) वयम् अपि प्राप्ताः तत्र गन्तुम् कृत-क्षणाः सः यत्र","सर्वे वयमपि प्राप्तास्तत्र गन्तुं कृतक्षणाः। स यत्र हरिवीराणां सुग्रीवः पतिरव्ययः॥"
"त्वया हि अनुक्तैः हरिभिः न एव शक्यम् पदात् पदम् क्वचित् गन्तुम् हरि-श्रेष्ठ ब्रूमः सत्यम् इदम् तु ते (वयम्) (अस्ति)","त्वया क्वचित् गन्तुम् हरि-श्रेष्ठ ब्रूमः सत्यम् इदम् तु ते (वयम्) (अस्ति) हि अनुक्तैः हरिभिः न एव शक्यम् पदात् पदम्","त्वया ह्यनुक्तैर्हरिभिर्नैव शक्यं पदात् पदम्। क्वचिद् गन्तुं हरिश्रेष्ठ ब्रूमः सत्यमिदं तु ते॥"
"एवम् तु वदताम् तेषाम् अङ्गदः प्रत्यभाषत साधु गच्छामः इति उक्त्वा खम् उत्पेतुः महा-बलाः (वयम्)","एवम् उक्त्वा खम् उत्पेतुः महा-बलाः (वयम्) तु वदताम् तेषाम् अङ्गदः प्रत्यभाषत साधु गच्छामः इति","एवं तु वदतां तेषामङ्गदः प्रत्यभाषत। साधु गच्छाम इत्युक्त्वा खमुत्पेतुर्महाबलाः॥"
"उत्पतन्तम् अनूत्पेतुः सर्वे ते हरि-यूथ-पाः कृत्वा आकाशम् निराकाशम् यन्त्र-उत्क्षिप्ताः इव उपलाः .","उत्पतन्तम् इव उपलाः . अनूत्पेतुः सर्वे ते हरि-यूथ-पाः कृत्वा आकाशम् निराकाशम् यन्त्र-उत्क्षिप्ताः","उत्पतन्तमनूत्पेतुः सर्वे ते हरियूथपाः। कृत्वाऽऽकाशं निराकाशं यन्त्रोत्क्षिप्ता इवोपलाः॥"
"अङ्गदम् पुरतः कृत्वा हनूमन्तम् च वानरम् ते अम्बरम् सहसा उत्पत्य वेगवन्तः प्लवङ्गमाः विनदन्तः महा-नादम् घनाः वात-ईरिताः यथा (आसन्)","अङ्गदम् उत्पत्य वेगवन्तः प्लवङ्गमाः विनदन्तः महा-नादम् घनाः वात-ईरिताः यथा (आसन्) पुरतः कृत्वा हनूमन्तम् च वानरम् ते अम्बरम् सहसा","अङ्गदं पुरतः कृत्वा हनूमन्तं च वानरम्। तेऽम्बरं सहसोत्पत्य वेगवन्तः प्लवङ्गमाः। विनदन्तो महानादं घना वातेरिता यथा।"
"अङ्गदे समनुप्राप्ते सुग्रीवः वानर-ईश्वरः उवाच शोक-सन्तप्तम् रामम् कमल-लोचनम् .","अङ्गदे समनुप्राप्ते सुग्रीवः वानर-ईश्वरः उवाच शोक-सन्तप्तम् रामम् कमल-लोचनम् .","अङ्गदे समनुप्राप्ते सुग्रीवो वानरेश्वरः। उवाच शोकसंतप्तं रामं कमललोचनम्।"
"समाश्वसिहि भद्रम् ते दृष्टा देवी न संशयः न आगन्तुम् इह शक्यम् तैः अतीत-समयैः इह अङ्गदस्य प्रहर्षात् च जानामि शुभ-दर्शन (त्वम्) (अस्तु) (अस्ति)","समाश्वसिहि इह शक्यम् तैः अतीत-समयैः इह अङ्गदस्य प्रहर्षात् च जानामि शुभ-दर्शन भद्रम् (त्वम्) (अस्तु) (अस्ति) ते दृष्टा देवी न संशयः न आगन्तुम्","समाश्वसिहि भद्रं ते दृष्टा देवी न संशयः। नागन्तुमिह शक्यं तैरतीतसमयैरिह। अङ्गदस्य प्रहर्षाच्च जानामि शुभदर्शन॥"
"न मत् सकाशम् आगच्छेत् कृत्ये हि विनिपातिते युव-राजः महा-बाहुः प्लवताम् अङ्गदः वरः .","न प्लवताम् अङ्गदः वरः . मत् सकाशम् आगच्छेत् कृत्ये हि विनिपातिते युव-राजः महा-बाहुः","न मत्सकाशमागच्छेत् कृत्ये हि विनिपातिते। युवराजो महाबाहुः प्लवतामङ्गदो वरः॥"
"यद्यपि अकृत-कृत्यानाम् ईदृशः स्यात् उपक्रमः भवेत् तु दीन-वदनः भ्रान्त-विप्लुत-मानसः .","यद्यपि . अकृत-कृत्यानाम् ईदृशः स्यात् उपक्रमः भवेत् तु दीन-वदनः भ्रान्त-विप्लुत-मानसः","यद्यप्यकृतकृत्यानामीदृशः स्यादुपक्रमः। भवेत् तु दीनवदनो भ्रान्तविप्लुतमानसः॥"
"पितृ-पैतामहम् च एतत् पूर्वकैः अभिरक्षितम् न मे मधु-वनम् हन्यात् अदृष्ट्वा जनक-आत्मजाम् .","पितृ-पैतामहम् अदृष्ट्वा जनक-आत्मजाम् . च एतत् पूर्वकैः अभिरक्षितम् न मे मधु-वनम् हन्यात्","पितृपैतामहं चैतत् पूर्वकैरभिरक्षितम्। न मे मधुवनं हन्याददृष्ट्वा जनकात्मजाम्॥"
"कौसल्या सुप्रजा राम समाश्वसिहि सुव्रत दृष्टा देवी न सन्देहः न च अन्येन हनूमता (अस्ति)","कौसल्या न च अन्येन हनूमता (अस्ति) सुप्रजा राम समाश्वसिहि सुव्रत दृष्टा देवी न सन्देहः","कौसल्या सुप्रजा राम समाश्वसिहि सुव्रत। दृष्टा देवी न संदेहो न चान्येन हनूमता॥"
"न हि अन्यः कर्मणः हेतुः साधने अस्य हनूमतः हनूमति इह सिद्धिः च मतिः च मति-सत्तम (अस्ति) (स्तः)","न इह सिद्धिः च मतिः च मति-सत्तम (अस्ति) (स्तः) हि अन्यः कर्मणः हेतुः साधने अस्य हनूमतः हनूमति","नह्यन्यः कर्मणो हेतुः साधनेऽस्य हनूमतः। हनूमतीह सिद्धिश्च मतिश्च मतिसत्तम॥"
"व्यवसायः च शौर्यम् च श्रुतम् च अपि प्रतिष्ठितम् .","व्यवसायः च शौर्यम् च श्रुतम् च अपि प्रतिष्ठितम् .","व्यवसायश्च शौर्यं च श्रुतं चापि प्रतिष्ठितम्।"
"जाम्बवान् यत्र नेता स्यात् अङ्गदः च हरि-ईश्वरः हनूमान् च अपि अधिष्ठाता न तत्र गतिः अन्यथा (अस्ति)","जाम्बवान् अपि अधिष्ठाता न तत्र गतिः अन्यथा (अस्ति) यत्र नेता स्यात् अङ्गदः च हरि-ईश्वरः हनूमान् च","जाम्बवान् यत्र नेता स्यादङ्गदश्च हरीश्वरः।  हनूमांश्चाप्यधिष्ठाता न तत्र गतिरन्यथा।"
"मा भूः चिन्ता-समायुक्तः सम्प्रति अमित-विक्रम यदा हि दर्पित-उदग्राः सङ्गताः कानन-ओकसः (त्वम्)","मा कानन-ओकसः (त्वम्) भूः चिन्ता-समायुक्तः सम्प्रति अमित-विक्रम यदा हि दर्पित-उदग्राः सङ्गताः","मा भूश्चिन्तासमायुक्तः सम्प्रत्यमितविक्रम । यदा हि दर्पितोदग्राः संगताः काननौकसः।"
"न एषाम् अकृत-कार्याणाम् ईदृशः स्यात् उपक्रमः वन-भङ्गेन जानामि मधूनाम् भक्षणेन च .","न भक्षणेन च . एषाम् अकृत-कार्याणाम् ईदृशः स्यात् उपक्रमः वन-भङ्गेन जानामि मधूनाम्","नैषामकृतकार्याणामीदृशः स्यादुपक्रमः। वनभङ्गेन जानामि मधूनां भक्षणेन च।"
"ततः किलकिला-शब्दम् शुश्राव आसन्नम् अम्बरे हनूमत्-कर्म-दृप्तानाम् नदताम् कानन-ओकसाम् किष्किन्धाम् उपयातानाम् सिद्धिम् कथयताम् इव .","ततः उपयातानाम् सिद्धिम् कथयताम् इव . किलकिला-शब्दम् शुश्राव आसन्नम् अम्बरे हनूमत्-कर्म-दृप्तानाम् नदताम् कानन-ओकसाम् किष्किन्धाम्","ततः किलकिलाशब्दं शुश्रावासन्नमम्बरे। हनूमत्कर्मदृप्तानां नदतां काननौकसाम्। किष्किन्धामुपयातानां सिद्धिं कथयतामिव॥"
"ततः श्रुत्वा निनादम् तम् कपीनाम् कपि-सत्तमः आयत-अञ्चित-लाङ्गूलः सः अभवत् हृष्ट-मानसः .","ततः हृष्ट-मानसः . श्रुत्वा निनादम् तम् कपीनाम् कपि-सत्तमः आयत-अञ्चित-लाङ्गूलः सः अभवत्","ततः श्रुत्वा निनादं तं कपीनां कपिसत्तमः। आयताञ्चितलाङ्गूलः सोऽभवद्हृष्टमानसः॥"
"आजग्मुः ते अपि हरयः राम-दर्शन-काङ्क्षिणः अङ्गदम् पुरतः कृत्वा हनूमन्तम् च वानरम् .","आजग्मुः च वानरम् . ते अपि हरयः राम-दर्शन-काङ्क्षिणः अङ्गदम् पुरतः कृत्वा हनूमन्तम्","आजग्मुस्तेऽपि हरयो रामदर्शनकाङ्क्षिणः। अङ्गदं पुरतः कृत्वा हनूमन्तं च वानरम्॥"
"ते अङ्गद-प्रमुखाः वीराः प्रहृष्टाः च मुद-अन्विताः निपेतुः हरि-राजस्य समीपे राघवस्य च .","ते राघवस्य च . अङ्गद-प्रमुखाः वीराः प्रहृष्टाः च मुद-अन्विताः निपेतुः हरि-राजस्य समीपे","तेऽङ्गदप्रमुखा वीराः प्रहृष्टाश्च मुदान्विताः। निपेतुर्हरिराजस्य समीपे राघवस्य च॥"
"हनूमान् च महा-बाहुः प्रणम्य शिरसा ततः नियताम् अक्षताम् देवीम् राघवाय न्यवेदयत् .","हनूमान् राघवाय न्यवेदयत् . च महा-बाहुः प्रणम्य शिरसा ततः नियताम् अक्षताम् देवीम्","हनूमांश्च महाबाहुः प्रणम्य शिरसा ततः। नियतामक्षतां देवीं राघवाय न्यवेदयत्॥"
"दृष्टा देवी इति हनुमत्-वदनात् अमृत-उपमम् आकर्ण्य वचनम् रामः हर्षम् आप स-लक्ष्मणः .","दृष्टा आप स-लक्ष्मणः . देवी इति हनुमत्-वदनात् अमृत-उपमम् आकर्ण्य वचनम् रामः हर्षम्","दृष्टा देवीति हनुमद्वदनादमृतोपमम्। आकर्ण्य वचनं रामो हर्षमाप सलक्ष्मणः॥"
"निश्चित-अर्थम् ततः तस्मिन् सुग्रीवम् पवन-आत्मजे लक्ष्मणः प्रीतिमान् प्रीतम् बहुमानात् अवैक्षत प्रीत्या च परया उपेतः राघवः पर-वीरहा बहुमानेन महता हनूमन्तम् अवैक्षत .","निश्चित-अर्थम् अवैक्षत प्रीत्या च परया उपेतः राघवः पर-वीरहा बहुमानेन महता हनूमन्तम् ततः अवैक्षत . तस्मिन् सुग्रीवम् पवन-आत्मजे लक्ष्मणः प्रीतिमान् प्रीतम् बहुमानात्","निश्चितार्थं ततस्तस्मिन् सुग्रीवं पवनात्मजे। लक्ष्मणः प्रीतिमान् प्रीतं बहुमानादवैक्षत। प्रीत्या च परयोपेतो राघवः परवीरहा। बहुमानेन महता हनूमन्तमवैक्षत॥"
"ततः प्रस्रवणम् शैलम् ते गत्वा चित्र-काननम् प्रणम्य शिरसा रामम् लक्ष्मणम् च महा-बलम् युव-राजम् पुरस्कृत्य सुग्रीवम् अभिवाद्य च प्रवृत्तिम् अथ सीतायाः प्रवक्तुम् उपचक्रमुः","ततः लक्ष्मणम् च महा-बलम् युव-राजम् पुरस्कृत्य सुग्रीवम् अभिवाद्य च प्रवृत्तिम् अथ प्रस्रवणम् सीतायाः प्रवक्तुम् उपचक्रमुः शैलम् ते गत्वा चित्र-काननम् प्रणम्य शिरसा रामम्","ततः प्रस्रवणं शैलं ते गत्वा चित्रकाननम्। प्रणम्य शिरसा रामं लक्ष्मणं च महाबलम्। युवराजं पुरस्कृत्य सुग्रीवमभिवाद्य च। प्रवृत्तिमथ सीतायाः प्रवक्तुमुपचक्रमुः॥"
"रावण-अन्तःपुरे रोधम् राक्षसीभिः च तर्जनम् रामे समनुरागम् च यथा च नियमः कृतः एतत् आख्याय ते सर्वम् हरयः राम-सन्निधौ (तस्थुः)","रावण-अन्तःपुरे च नियमः कृतः एतत् आख्याय ते सर्वम् हरयः राम-सन्निधौ (तस्थुः) रोधम् राक्षसीभिः च तर्जनम् रामे समनुरागम् च यथा","रावणान्तःपुरे रोधं राक्षसीभिश्च तर्जनम्। रामे समनुरागं च यथा च नियमः कृतः। एतदाख्याय ते सर्वं हरयो रामसंनिधौ।"
"वैदेहीम् अक्षताम् श्रुत्वा रामः तु उत्तरम् अब्रवीत् .","वैदेहीम् अक्षताम् श्रुत्वा रामः तु उत्तरम् अब्रवीत् .","वैदेहीमक्षतां श्रुत्वा रामस्तूत्तरमब्रवीत्॥"
"क्व सीता वर्तते देवी कथम् च मयि वर्तते एतत् मे सर्वम् आख्यात वैदेहीम् प्रति वानराः .","क्व मे सर्वम् आख्यात वैदेहीम् प्रति वानराः . सीता वर्तते देवी कथम् च मयि वर्तते एतत्","क्व सीता वर्तते देवी कथं च मयि वर्तते। एतन्मे सर्वमाख्यात वैदेहीं प्रति वानराः॥"
"रामस्य गदितम् श्रुत्वा हरयः राम-सन्निधौ चोदयन्ति हनूमन्तम् सीता-वृत्तान्त-कोविदम् .","रामस्य गदितम् श्रुत्वा हरयः राम-सन्निधौ चोदयन्ति हनूमन्तम् सीता-वृत्तान्त-कोविदम् .","रामस्य गदितं श्रुत्वा हरयो रामसंनिधौ। चोदयन्ति हनूमन्तं सीतावृत्तान्तकोविदम्॥"
"श्रुत्वा तु वचनम् तेषाम् हनूमान् मारुत-आत्मजः प्रणम्य शिरसा देव्यै सीतायै ताम् दिशम् प्रति उवाच वाक्यम् वाक्यज्ञः सीतायाः दर्शनम् यथा (अभवत्)","श्रुत्वा सीतायै ताम् दिशम् प्रति उवाच वाक्यम् वाक्यज्ञः सीतायाः दर्शनम् यथा तु (अभवत्) वचनम् तेषाम् हनूमान् मारुत-आत्मजः प्रणम्य शिरसा देव्यै","श्रुत्वा तु वचनं तेषां हनूमान् मारुतात्मजः। प्रणम्य शिरसा देव्यै सीतायै तां दिशं प्रति। उवाच वाक्यं वाक्यज्ञः सीताया दर्शनं यथा।"
"तम् मणिम् काञ्चनम् दिव्यम् दीप्यमानम् स्व-तेजसा दत्त्वा रामाय हनुमान् ततः प्राञ्जलिः अब्रवीत् .","तम् ततः प्राञ्जलिः अब्रवीत् . मणिम् काञ्चनम् दिव्यम् दीप्यमानम् स्व-तेजसा दत्त्वा रामाय हनुमान्","तं मणिं काञ्चनं दिव्यं दीप्यमानं स्वतेजसा। दत्त्वा रामाय हनुमांस्ततः प्राञ्जलिरब्रवीत्।"
"समुद्रम् लङ्घयित्वा अहम् शत-योजनम् आयतम् अगच्छम् जानकीम् सीताम् मार्गमाणः दिदृक्षया .","समुद्रम् दिदृक्षया . लङ्घयित्वा अहम् शत-योजनम् आयतम् अगच्छम् जानकीम् सीताम् मार्गमाणः","समुद्रं लङ्घयित्वाहं शतयोजनमायतम्। अगच्छं जानकीं सीतां मार्गमाणो दिदृक्षया।"
"तत्र लङ्का इति नगरी रावणस्य दुरात्मनः दक्षिणस्य समुद्रस्य तीरे वसति दक्षिणे .","तत्र वसति दक्षिणे . लङ्का इति नगरी रावणस्य दुरात्मनः दक्षिणस्य समुद्रस्य तीरे","तत्र लङ्केति नगरी रावणस्य दुरात्मनः। दक्षिणस्य समुद्रस्य तीरे वसति दक्षिणे।"
"तत्र सीता मया दृष्टा रावण-अन्तःपुरे सती .","तत्र सीता मया दृष्टा रावण-अन्तःपुरे सती .","तत्र सीता मया दृष्टा रावणान्तःपुरे सती॥"
"त्वयि सन्न्यस्य जीवन्ती रामा राम मनः-रथम् दृष्टा मे राक्षसी मध्ये तर्ज्यमानाः मुहुः मुहुः .","त्वयि मध्ये तर्ज्यमानाः मुहुः मुहुः . सन्न्यस्य जीवन्ती रामा राम मनः-रथम् दृष्टा मे राक्षसी","त्वयि संन्यस्य जीवन्ती रामा राम मनोरथम्। दृष्टा मे राक्षसीमध्ये तर्ज्यमाना मुहुर्मुहुः॥ "
"राक्षसीभिः विरूपाभीः रक्षिता प्रमदा-वने दुःखम् आपद्यते देवी त्वया वीर सुख-उचिता .","राक्षसीभिः सुख-उचिता . विरूपाभीः रक्षिता प्रमदा-वने दुःखम् आपद्यते देवी त्वया वीर","राक्षसीभिर्विरूपाभी रक्षिता प्रमदावने। दुःखमापद्यते देवी त्वया वीर सुखोचिता॥"
"रावण-अन्तःपुरे रुद्धा राक्षसीभिः सुरक्षिता एक-वेणी-धरा दीना त्वयि चिन्ता-परायणा अधःशय्या विवर्ण-अङ्गी पद्मिनी इव हिम-आगमे रावणात् विनिवृत्त-अर्था मर्तव्य-कृत-निश्चया (सा) (अस्ति)","रावण-अन्तःपुरे विवर्ण-अङ्गी पद्मिनी इव हिम-आगमे रावणात् विनिवृत्त-अर्था मर्तव्य-कृत-निश्चया (सा) (अस्ति) रुद्धा राक्षसीभिः सुरक्षिता एक-वेणी-धरा दीना त्वयि चिन्ता-परायणा अधःशय्या","रावणान्तःपुरे रुद्धा राक्षसीभिः सुरक्षिता। एकवेणीधरा दीना त्वयि चिन्तापरायणा। अधःशय्या विवर्णाङ्गी पद्मिनीव हिमागमे। रावणाद् विनिवृत्तार्था मर्तव्यकृतनिश्चया।  देवी कथंचित् काकुत्स्थ त्वन्मना मार्गिता मया। इक्ष्वाकुवंशविख्यातिं शनैः कीर्तयतानघ॥"
"सा मया नर-शार्दूल शनैः विश्वासिता तदा ततः सम्भाषिताः देवी सर्वम् अर्थम् च दर्शिता (आसीत्)","सा सर्वम् अर्थम् च दर्शिता (आसीत्) मया नर-शार्दूल शनैः विश्वासिता तदा ततः सम्भाषिताः देवी","सा मया नरशार्दूल शनैर्विश्वासिता तदा। ततः सम्भाषिता देवी सर्वमर्थं च दर्शिता॥"
"राम-सुग्रीव-सख्यम् च श्रुत्वा हर्षम् उपागता नियतः समुदाचारः भक्तिः च अस्याः सदा त्वयि (सा) (अस्ति)","राम-सुग्रीव-सख्यम् अस्याः सदा त्वयि (सा) (अस्ति) च श्रुत्वा हर्षम् उपागता नियतः समुदाचारः भक्तिः च","रामसुग्रीवसख्यं च श्रुत्वा हर्षमुपागता। नियतः समुदाचारो भक्तिश्चास्याः सदा त्वयि॥"
"एवम् मया महा-भाग दृष्टा जनक-नन्दिनी उग्रेण तपसा युक्ता त्वत् भक्त्या पुरुष-ऋषभ (अस्ति)","एवम् भक्त्या पुरुष-ऋषभ (अस्ति) मया महा-भाग दृष्टा जनक-नन्दिनी उग्रेण तपसा युक्ता त्वत्","एवं मया महाभाग दृष्टा जनकनन्दिनी। उग्रेण तपसा युक्ता त्वद्भक्त्या पुरुषर्षभ॥"
"अभिज्ञानम् च मे दत्तम् यथा वृत्तम् तव अन्तिके चित्र-कूटे महा-प्राज्ञ वायसम् प्रति राघव (अस्ति)","अभिज्ञानम् महा-प्राज्ञ वायसम् प्रति राघव (अस्ति) च मे दत्तम् यथा वृत्तम् तव अन्तिके चित्र-कूटे","अभिज्ञानं च मे दत्तं यथावृत्तं तवान्तिके। चित्रकूटे महाप्राज्ञ वायसं प्रति राघव॥"
"विज्ञाप्यः पुनः अपि एषः रामः वायु-सुतः त्वया अखिलेन यथा दृष्टम् इति माम् आह जानकी (अस्ति)","विज्ञाप्यः दृष्टम् इति माम् आह जानकी (अस्ति) पुनः अपि एषः रामः वायु-सुतः त्वया अखिलेन यथा","विज्ञाप्यः पुनरप्येष रामो वायुसुत त्वया। अखिलेन यथा दृष्टमिति मामाह जानकी॥"
"अयम् च अस्मै प्रदातव्यः यत्नात् सुपरिरक्षितः ब्रुवता वचनानि एवम् सुग्रीवस्य उपशृण्वतः (अस्ति)","अयम् सुग्रीवस्य उपशृण्वतः (अस्ति) च अस्मै प्रदातव्यः यत्नात् सुपरिरक्षितः ब्रुवता वचनानि एवम्","अयं चास्मै प्रदातव्यो यत्नात् सुपरिरक्षितः। ब्रुवता वचनान्येवं सुग्रीवस्योपशृण्वतः॥"
"एष चूडा-मणिः श्रीमान् मया ते यत्न-रक्षितः मनः शिलायाः तिलकम् तत् स्मरस्व इति च अब्रवीत् .","एष तत् स्मरस्व इति च अब्रवीत् . चूडा-मणिः श्रीमान् मया ते यत्न-रक्षितः मनः शिलायाः तिलकम्","एष चूडामणिः श्रीमान् मया ते यत्नरक्षितः। मनःशिलायास्तिलकं तत् स्मरस्वेति चाब्रवीत्॥"
"एष निर्यातितः श्रीमान् मया ते वारि-सम्भवः एनम् दृष्ट्वा प्रमोदिष्ये व्यसने त्वाम् इव अनघ (अस्ति)","एष व्यसने त्वाम् इव अनघ (अस्ति) निर्यातितः श्रीमान् मया ते वारि-सम्भवः एनम् दृष्ट्वा प्रमोदिष्ये","एष निर्यातितः श्रीमान् मया ते वारिसम्भवः। एनं दृष्ट्वा प्रमोदिष्ये व्यसने त्वामिवानघ॥"
"जीवितम् धारयिष्यामि मासम् दशरथ-आत्मज ऊर्ध्वम् मासात् न जीवेयम् रक्षसाम् वशम् आगता (अहम्)","जीवितम् वशम् आगता (अहम्) धारयिष्यामि मासम् दशरथ-आत्मज ऊर्ध्वम् मासात् न जीवेयम् रक्षसाम्","जीवितं धारयिष्यामि मासं दशरथात्मज। ऊर्ध्वं मासान्न जीवेयं रक्षसां वशमागता॥"
"इति माम् अब्रवीत् सीता कृश-अङ्गी धर्म-चारिणी रावण-अन्तःपुरे रुद्धा मृगी इव उत्फुल्ल-लोचना .","इति इव उत्फुल्ल-लोचना . माम् अब्रवीत् सीता कृश-अङ्गी धर्म-चारिणी रावण-अन्तःपुरे रुद्धा मृगी","इति मामब्रवीत् सीता कृशाङ्गी धर्मचारिणी। रावणान्तःपुरे रुद्धा मृगीवोत्फुल्ललोचना॥"
"एतत् एव मया आख्यातम् सर्वम् राघव यत् यथा सर्वथा सागर-जले सन्तारः प्रविधीयताम् .","एतत् सागर-जले सन्तारः प्रविधीयताम् . एव मया आख्यातम् सर्वम् राघव यत् यथा सर्वथा","एतदेव मयाऽऽख्यातं सर्वं राघव यद् यथा। सर्वथा सागरजले संतारः प्रविधीयताम्॥"
"तौ जात-आश्वासौ राज-पुत्रौ विदित्वा तत् च अभिज्ञानम् राघवाय प्रदाय देव्या च आख्यातम् सर्वम् एव आनुपूर्व्यात् वाचा सम्पूर्णम् वायु-पुत्रः शशंस .","तौ देव्या च आख्यातम् सर्वम् एव आनुपूर्व्यात् वाचा सम्पूर्णम् वायु-पुत्रः शशंस जात-आश्वासौ . राज-पुत्रौ विदित्वा तत् च अभिज्ञानम् राघवाय प्रदाय","तौ जाताश्वासौ राजपुत्रौ विदित्वा तच्चाभिज्ञानं राघवाय प्रदाय। देव्या चाख्यातं सर्वमेवानुपूर्व्याद् वाचा सम्पूर्णं वायुपुत्रः शशंस॥"
"एवम् उक्तः हनुमता रामः दशरथ-आत्मजः तम् मणिम् हृदये कृत्वा रुरोद सह-लक्ष्मणः .","एवम् रुरोद सह-लक्ष्मणः . उक्तः हनुमता रामः दशरथ-आत्मजः तम् मणिम् हृदये कृत्वा","एवमुक्तो हनुमता रामो दशरथात्मजः। तं मणिं हृदये कृत्वा रुरोद सहलक्ष्मणः॥"
"तम् तु दृष्ट्वा मणि-श्रेष्ठम् राघवः शोक-कर्शितः नेत्राभ्याम् अश्रु-पूर्णाभ्याम् सुग्रीवम् इदम् अब्रवीत् .","तम् इदम् अब्रवीत् . तु दृष्ट्वा मणि-श्रेष्ठम् राघवः शोक-कर्शितः नेत्राभ्याम् अश्रु-पूर्णाभ्याम् सुग्रीवम्","तं तु दृष्ट्वा मणिश्रेष्ठं राघवः शोककर्शितः। नेत्राभ्यामश्रुपूर्णाभ्यां सुग्रीवमिदमब्रवीत्॥"
"यथा एव धेनुः स्रवति स्नेहात् वत्सस्य वत्सला तथा मम अपि हृदयम् मणि-श्रेष्ठस्य दर्शनात् (स्रवति)","यथा अपि हृदयम् मणि-श्रेष्ठस्य दर्शनात् (स्रवति) एव धेनुः स्रवति स्नेहात् वत्सस्य वत्सला तथा मम","यथैव धेनुः स्रवति स्नेहाद् वत्सस्य वत्सला। तथा ममापि हृदयं मणिश्रेष्ठस्य दर्शनात्॥"
"मणि-रत्नम् इदम् दत्तम् वैदेह्याः श्वशुरेण मे वधू-काले यथा बद्धम् अधिकम् मूर्ध्नि शोभते .","मणि-रत्नम् अधिकम् मूर्ध्नि शोभते . इदम् दत्तम् वैदेह्याः श्वशुरेण मे वधू-काले यथा बद्धम्","मणिरत्नमिदं दत्तं वैदेह्याः श्वशुरेण मे। वधूकाले यथा बद्धमधिकं मूर्ध्नि शोभते॥"
"अयम् हि जल-सम्भूतः मणिः प्रवर-पूजितः यज्ञे परम-तुष्टेन दत्तः शक्रेण धीमता .","अयम् धीमता . हि जल-सम्भूतः मणिः प्रवर-पूजितः यज्ञे परम-तुष्टेन दत्तः शक्रेण","अयं हि जलसम्भूतो मणिः प्रवरपूजितः। यज्ञे परमतुष्टेन दत्तः शक्रेण धीमता॥"
"इमम् दृष्ट्वा मणि-श्रेष्ठम् तथा तातस्य दर्शनम् अद्य अस्मि अवगतः सौम्य वैदेहस्य तथा विभोः (अहम्)","इमम् सौम्य वैदेहस्य तथा विभोः (अहम्) दृष्ट्वा मणि-श्रेष्ठम् तथा तातस्य दर्शनम् अद्य अस्मि अवगतः","इमं दृष्ट्वा मणिश्रेष्ठं तथा तातस्य दर्शनम्। अद्यास्म्यवगतः सौम्य वैदेहस्य तथा विभोः॥"
"अयम् हि शोभते तस्याः प्रियायाः मूर्ध्नि मे मणिः अद्य अस्य दर्शनेन अहम् प्राप्ताम् ताम् इव चिन्तये .","अयम् अस्य दर्शनेन अहम् प्राप्ताम् ताम् इव चिन्तये . हि शोभते तस्याः प्रियायाः मूर्ध्नि मे मणिः अद्य","अयं हि शोभते तस्याः प्रियाया मूर्ध्नि मे मणिः। अद्यास्य दर्शनेनाहं प्राप्तां तामिव चिन्तये॥"
"किम् आह सीता-वैदेही ब्रूहि सौम्य पुनः पुनः परासुम् इव तोयेन सिञ्चन्ती वाक्य-वारिणा (माम्)","किम् तोयेन सिञ्चन्ती वाक्य-वारिणा (माम्) आह सीता-वैदेही ब्रूहि सौम्य पुनः पुनः परासुम् इव","किमाह सीता वैदेही ब्रूहि सौम्य पुनः पुनः। परासुमिव तोयेन सिञ्चन्ती वाक्यवारिणा॥"
"इतः तु किम् दुःखतरम् यत् इमम् वारि-सम्भवम् मणिम् पश्यामि सौमित्रे वैदेहीम् आगताम् विना (अस्ति)","इतः सौमित्रे वैदेहीम् आगताम् विना (अस्ति) तु किम् दुःखतरम् यत् इमम् वारि-सम्भवम् मणिम् पश्यामि","इतस्तु किं दुःखतरं यदिमं वारिसम्भवम्। मणिं पश्यामि सौमित्रे वैदेहीमागतां विना॥"
"चिरम् जीवति वैदेही यदि मासम् धरिष्यति क्षणम् वीर न जीवेयम् विना ताम् असित-ईक्षणाम् .","चिरम् जीवेयम् विना ताम् असित-ईक्षणाम् . जीवति वैदेही यदि मासम् धरिष्यति क्षणम् वीर न","चिरं जीवति वैदेही यदि मासं धरिष्यति। क्षणं वीर न जीवेयं विना तामसितेक्षणाम्॥"
"नय माम् अपि तम् देशम् यत्र दृष्टा मम प्रिया न तिष्ठेयम् क्षणम् अपि प्रवृत्तिम् उपलभ्य च (अस्ति)","नय न तिष्ठेयम् क्षणम् अपि प्रवृत्तिम् उपलभ्य च (अस्ति) माम् अपि तम् देशम् यत्र दृष्टा मम प्रिया","नय मामपि तं देशं यत्र दृष्टा मम प्रिया। न तिष्ठेयं क्षणमपि प्रवृत्तिमुपलभ्य च॥"
"कथम् सा मम सुश्रोणी भीरु-भीरुः सती तदा भय-आवहानाम् घोराणाम् मध्ये तिष्ठति रक्षसाम् .","कथम् मध्ये तिष्ठति रक्षसाम् . सा मम सुश्रोणी भीरु-भीरुः सती तदा भय-आवहानाम् घोराणाम्","कथं सा मम सुश्रोणी भीरुभीरुः सती तदा। भयावहानां घोराणां मध्ये तिष्ठति रक्षसाम्॥"
"शारदः तिमिर-उन्मुक्तः नूनम् चन्द्रः इव अम्बुदैः आवृतः वदनम् तस्याः न विराजति साम्प्रतम् .","शारदः न विराजति साम्प्रतम् . तिमिर-उन्मुक्तः नूनम् चन्द्रः इव अम्बुदैः आवृतः वदनम् तस्याः","शारदस्तिमिरोन्मुक्तो नूनं चन्द्र इवाम्बुदैः। आवृतो वदनं तस्या न विराजति साम्प्रतम्॥"
"किम् आह सीता हनुमन् तत्त्वतः कथयस्व मे एतेन खलु जीविष्ये भेषजेन आतुरः यथा (अहम्)","किम् जीविष्ये भेषजेन आतुरः यथा (अहम्) आह सीता हनुमन् तत्त्वतः कथयस्व मे एतेन खलु","किमाह सीता हनुमंस्तत्त्वतः कथयस्व मे। एतेन खलु जीविष्ये भेषजेनातुरो यथा॥ "
"मधुरा मधुर-आलापा किम् आह मम भामिनी मत्-विहीनाः वरारोहा-हनुमन् कथयस्व मे .","मधुरा मे . मधुर-आलापा किम् आह मम भामिनी मत्-विहीनाः वरारोहा-हनुमन् कथयस्व","मधुरा मधुरालापा किमाह मम भामिनी। मद्विहीना वरारोहा हनुमन् कथयस्व मे। दुःखाद् दुःखतरं प्राप्य कथं जीवति जानकी॥"
"सः वेश्म-जालम् बलवान् ददर्श व्यासक्त-वैदूर्य-सुवर्ण-जालम् यथा महत्-प्रावृषि मेघ-जालम् विद्युत्-पिनद्धम् स-विहङ्ग-जालम् .","सः स-विहङ्ग-जालम् . वेश्म-जालम् बलवान् ददर्श व्यासक्त-वैदूर्य-सुवर्ण-जालम् यथा महत्-प्रावृषि मेघ-जालम् विद्युत्-पिनद्धम्","स वेश्मजालं बलवान् ददर्श व्यासक्तवैदूर्यसुवर्णजालम्।#यथा महत्प्रावृषि मेघजालं विद्युत्पिनद्धं सविहङ्गजालम्॥"
"निवेशनानाम् विविधाः च शालाः प्रधान-शङ्ख-आयुध-चाप-शालाः मनोहराः च अपि पुनः विशालाः ददर्श वेश्म-अद्रिषु चन्द्रशालाः","निवेशनानाम् विशालाः ददर्श वेश्म-अद्रिषु चन्द्रशालाः विविधाः च शालाः प्रधान-शङ्ख-आयुध-चाप-शालाः मनोहराः च अपि पुनः","निवेशनानां विविधाश्च शालाः प्रधानशङ्खायुधचापशालाः।#मनोहराश्चापि पुनर्विशाला ददर्श वेश्माद्रिषु चन्द्रशालाः॥"
"गृहाणि नाना वसु-राजितानि देव-असुरैः च अपि सुपूजितानि सर्वैः च दोषैः परिवर्जितानि कपिः ददर्श स्वबल-अर्जितानि .","गृहाणि दोषैः परिवर्जितानि कपिः ददर्श स्वबल-अर्जितानि . नाना वसु-राजितानि देव-असुरैः च अपि सुपूजितानि सर्वैः च","गृहाणि नानावसुराजितानि देवासुरैश्चापि सुपूजितानि।#सर्वैश्च दोषैः परिवर्जितानि कपिर्ददर्श स्वबलार्जितानि॥"
"तानि प्रयत्न-अभिसमाहितानि मयेन साक्षात् इव निर्मितानि मही-तले सर्व-गुण-उत्तराणि ददर्श लङ्का-अधिपतेः गृहाणि .","तानि लङ्का-अधिपतेः गृहाणि . प्रयत्न-अभिसमाहितानि मयेन साक्षात् इव निर्मितानि मही-तले सर्व-गुण-उत्तराणि ददर्श","तानि प्रयत्नाभिसमाहितानि मयेन साक्षादिव निर्मितानि।#महीतले सर्वगुणोत्तराणि ददर्श लंकाधिपतेर्गृहाणि॥"
"ततः ददर्श उच्छ्रित-मेघ-रूपम् मनोहरम् काञ्चन-चारु-रूपम् रक्षः-अधिपस्य आत्म-बल-अनुरूपम् गृह-उत्तमम् हि अप्रतिरूप-रूपम् मही-तले स्वर्गम् इव प्रकीर्णम् श्रिया ज्वलन्तम् बहु-रत्न-कीर्णम् नाना-तरूणाम् कुसुम-अवकीर्णम् गिरेः इव अग्रम् रजसा अवकीर्णम् (विमानम्)","ततः अप्रतिरूप-रूपम् मही-तले स्वर्गम् इव प्रकीर्णम् श्रिया ज्वलन्तम् बहु-रत्न-कीर्णम् नाना-तरूणाम् कुसुम-अवकीर्णम् ददर्श गिरेः इव अग्रम् रजसा अवकीर्णम् (विमानम्) उच्छ्रित-मेघ-रूपम् मनोहरम् काञ्चन-चारु-रूपम् रक्षः-अधिपस्य आत्म-बल-अनुरूपम् गृह-उत्तमम् हि","ततो ददर्शोच्छ्रितमेघरूपं मनोहरं काञ्चनचारुरूपम्।रक्षोऽधिपस्यात्मबलानुरूपं गृहोत्तमं ह्यप्रतिरूपरूपम्॥#महीतले स्वर्गमिव प्रकीर्णं श्रिया ज्वलन्तं बहुरत्नकीर्णम्।नानातरूणां कुसुमावकीर्णं गिरेरिवाग्रं रजसावकीर्णम्॥"
"नारी-प्रवेकैः इव दीप्यमानम् तडिद्भिः अम्भोधरम् अर्च्यमानम् हंस-प्रवेकैः इव वाह्यमानम् श्रिया युतम् खे सुकृतम् विमानम् यथा नग-अग्रम् बहु-धातु-चित्रम् यथा नभः च ग्रह-चन्द्र-चित्रम् ददर्श युक्तीकृत-चारु-मेघ-चित्रम् विमानम् बहु-रत्न-चित्रम् .","नारी-प्रवेकैः श्रिया युतम् खे सुकृतम् विमानम् यथा नग-अग्रम् बहु-धातु-चित्रम् यथा नभः इव च ग्रह-चन्द्र-चित्रम् ददर्श युक्तीकृत-चारु-मेघ-चित्रम् विमानम् बहु-रत्न-चित्रम् . दीप्यमानम् तडिद्भिः अम्भोधरम् अर्च्यमानम् हंस-प्रवेकैः इव वाह्यमानम्","नारीप्रवेकैरिव दीप्यमानं तडिद्भिरम्भोधरमर्च्यमानम्।हंसप्रवेकैरिव वाह्यमानं श्रिया युतं खे सुकृतं विमानम्॥#यथा नगाग्रं बहुधातुचित्रं यथा नभश्च ग्रहचन्द्रचित्रम्।ददर्श युक्तीकृतचारुमेघचित्रं विमानं बहुरत्नचित्रम्॥"
"मही कृता पर्वत-राजि-पूर्णाः शैलाः कृताः वृक्ष-वितान-पूर्णाः वृक्षाः कृताः पुष्प-वितान-पूर्णाः पुष्पम् कृतम् केसर-पत्र-पूर्णम्","मही पुष्पम् कृतम् केसर-पत्र-पूर्णम् कृता पर्वत-राजि-पूर्णाः शैलाः कृताः वृक्ष-वितान-पूर्णाः वृक्षाः कृताः पुष्प-वितान-पूर्णाः","मही कृता पर्वतराजिपूर्णा शैलाः कृता वृक्षवितानपूर्णाः।#वृक्षाः कृताः पुष्पवितानपूर्णाः पुष्पं कृतं केसरपत्रपूर्णम्॥"
"कृतानि वेश्मानि च पाण्डुराणि तथा सुपुष्पाणि अपि पुष्कराणि पुनः च पद्मानि स-केसराणि वनानि चित्राणि सरोवराणि .","कृतानि च पद्मानि स-केसराणि वनानि चित्राणि सरोवराणि . वेश्मानि च पाण्डुराणि तथा सुपुष्पाणि अपि पुष्कराणि पुनः","कृतानि वेश्मानि च पाण्डुराणि तथा सुपुष्पाण्यपि पुष्कराणि।#नश्च पद्मानि सकेसराणि वनानि चित्राणि सरोवराणि॥"
"पुष्पाह्वयम् नाम विराजमानम् रत्न-प्रभाभिः च विघूर्णमानम् वेश्म-उत्तमानाम् अपि च उच्चमानम् महा-कपिः तत्र महा-विमानम् (ददर्श) .","पुष्पाह्वयम् उच्चमानम् महा-कपिः तत्र महा-विमानम् (ददर्श) . नाम विराजमानम् रत्न-प्रभाभिः च विघूर्णमानम् वेश्म-उत्तमानाम् अपि च","पुष्पाह्वयं नाम विराजमानं रत्नप्रभाभिश्च विघूर्णमानम्।#वेश्मोत्तमानामपि चोच्चमानं महाकपिस्तत्र महाविमानम्॥"
"कृताः च वैदूर्यमयाः विहङ्गाः रूप्य-प्रवालैः च तथा विहङ्गाः चित्राः च नाना-वसुभिः भुजङ्गाः जाति-अनुरूपाः तुरगाः शुभ-अङ्गाः .","कृताः च नाना-वसुभिः भुजङ्गाः जाति-अनुरूपाः तुरगाः शुभ-अङ्गाः . च वैदूर्यमयाः विहङ्गाः रूप्य-प्रवालैः च तथा विहङ्गाः चित्राः","कृताश्च वैदूर्यमया विहङ्गारूप्यप्रवालैश्च तथा विहङ्गाः।#चित्राश्च नानावसुभिर्भुजङ्गा जात्यानुरूपास्तुरगाः शुभाङ्गाः॥"
"प्रवाल-जाम्बूनद-पुष्प-पक्षाः सलीलमावर्जित-जिह्म-पक्षाः कामस्य साक्षात् इव भान्ति पक्षाः कृताः विहङ्गाः सुमुखाः सुपक्षाः","प्रवाल-जाम्बूनद-पुष्प-पक्षाः सुमुखाः सुपक्षाः सलीलमावर्जित-जिह्म-पक्षाः कामस्य साक्षात् इव भान्ति पक्षाः कृताः विहङ्गाः","प्रवालजाम्बूनदपुष्पपक्षाः सलीलमावर्जितजिह्मपक्षाः।#कामस्य साक्षादिव भान्ति पक्षाः कृता विहङ्गाः सुमुखाः सुपक्षाः॥"
"नियुज्यमानाः च गजाः सुहस्ताः सकेसराः च उत्पल-पत्र-हस्ताः बभूव देवी च कृता सुहस्ता लक्ष्मीः तथा पद्मिनि पद्म-हस्ता .","नियुज्यमानाः च कृता सुहस्ता लक्ष्मीः तथा पद्मिनि पद्म-हस्ता . च गजाः सुहस्ताः सकेसराः च उत्पल-पत्र-हस्ताः बभूव देवी","नियुज्यमानाश्च गजाः सुहस्ताः सकेसराश्चोत्पलपत्रहस्ताः।#बभूव देवी च कृतासुहस्ता लक्ष्मीस्तथा पद्मिनि पद्महस्ता॥"
"इति इव तत् गृहम् अभिगम्य शोभमानम् सविस्मयः नगम् इव चारु-कन्दरम् पुनः च तत् परम-सुगन्धि सुन्दरम् हिम-अत्यये नगम् इव चारु-कन्दरम् (अभवत्) .","इति चारु-कन्दरम् पुनः च तत् परम-सुगन्धि सुन्दरम् हिम-अत्यये नगम् इव चारु-कन्दरम् इव (अभवत्) . तत् गृहम् अभिगम्य शोभमानम् सविस्मयः नगम् इव","इतीव तद‍्गृहमभिगम्य शोभमानं सविस्मयो नगमिव चारुकन्दरम्।#पुनश्च तत्परमसुगन्धि सुन्दरं हिमात्यये नगमिव चारुकन्दरम्॥"
"ततः सः ताम् कपिः अभिपत्य पूजिताम् चरन् पुरीम् दश-मुख-बाहु-पालिताम् अदृश्य(आर्ष) ताम् जनक-सुताम् सुपूजिताम् सुदुःखिताम् पति-गुण-वेग-निर्जिताम् (अभवत्) (दुःखितः)","ततः अदृश्य(आर्ष) ताम् जनक-सुताम् सुपूजिताम् सुदुःखिताम् पति-गुण-वेग-निर्जिताम् (अभवत्) (दुःखितः) सः ताम् कपिः अभिपत्य पूजिताम् चरन् पुरीम् दश-मुख-बाहु-पालिताम्","ततः स तां कपिरभिपत्य पूजितां चरन् पुरीं दशमुखबाहुपालिताम्।#अदृश्य तां जनकसुतां सुपूजितांसुदुःखितां पतिगुणवेगनिर्जिताम्॥"
"ततः तदा बहु-विध-भावित-आत्मनः कृत-आत्मनः जनक-सुताम् सुवर्त्मनः अपश्यतः अभवत् अतिदुःखितम् मनः सचक्षुषः प्रविचरतः महा-आत्मनः .","ततः मनः सचक्षुषः प्रविचरतः महा-आत्मनः . तदा बहु-विध-भावित-आत्मनः कृत-आत्मनः जनक-सुताम् सुवर्त्मनः अपश्यतः अभवत् अतिदुःखितम्","ततस्तदा बहुविधभावितात्मनः कृतात्मनो जनकसुतां सुवर्त्मनः।#अपश्यतोऽभवदतिदुःखितं मनः सचक्षुषः प्रविचरतो महात्मनः॥"
"सः तस्य मध्ये भवनस्य संस्थितः महत्-विमानम् मणि-रत्न-चित्रितम् प्रतप्त-जाम्बूनद-जाल-कृत्रिमम् ददर्श धीमान् पवन-आत्मजः कपिः .","सः धीमान् पवन-आत्मजः कपिः . तस्य मध्ये भवनस्य संस्थितः महत्-विमानम् मणि-रत्न-चित्रितम् प्रतप्त-जाम्बूनद-जाल-कृत्रिमम् ददर्श","स तस्य मध्ये भवनस्य संस्थितो महद्विमानं मणिरत्नचित्रितम्।#प्रतप्तजाम्बूनदजालकृत्रिमं ददर्श धीमान् पवनात्मजः कपिः॥"
"तत् अप्रमेय-प्रतिकार-कृत्रिमम् कृतम् स्वयम् साधु इति विश्वकर्मणा दिवम् गते वायु-पथे प्रतिष्ठितम् व्यराजत आदित्य-पथस्य लक्ष्म तत् .","तत् वायु-पथे प्रतिष्ठितम् व्यराजत आदित्य-पथस्य लक्ष्म तत् . अप्रमेय-प्रतिकार-कृत्रिमम् कृतम् स्वयम् साधु इति विश्वकर्मणा दिवम् गते","तदप्रमेयप्रतिकारकृत्रिमं कृतं स्वयं साध्विति विश्वकर्मणा।#दिवं गते वायुपथे प्रतिष्ठितंव्यराजतादित्यपथस्य लक्ष्म तत्॥"
"न तत्र किञ्चित् न कृतम् प्रयत्नतः न तत्र किञ्चित् न महा-अर्घरत्नवत् न ते विशेषाः नियताः सुरेषु अपि न तत्र किञ्चित् न महा-विशेषवत् (अस्ति) (इति) (अस्ति) (अस्ति) (इति) (सन्ति) (इति)","न न महा-अर्घरत्नवत् न ते विशेषाः नियताः सुरेषु अपि न तत्र तत्र किञ्चित् न महा-विशेषवत् (अस्ति) (इति) (अस्ति) (अस्ति) (इति) (सन्ति) (इति) किञ्चित् न कृतम् प्रयत्नतः न तत्र किञ्चित्","न तत्र किंचिन्न कृतं प्रयत्नतो न तत्र किंचिन्न महार्घरत्नवत्।#न ते विशेषा नियताः सुरेष्वपि न तत्र किंचिन्न महाविशेषवत्॥"
"तपः-समाधान-पराक्रम-अर्जितम् मनःसमाधान-विचार-चारिणम् अनेक-संस्थान-विशेष-निर्मितम् ततः ततः तुल्य-विशेष-निर्मितम् (ददर्श) (विमानम्)","तपः-समाधान-पराक्रम-अर्जितम् मनःसमाधान-विचार-चारिणम् अनेक-संस्थान-विशेष-निर्मितम् ततः ततः तुल्य-विशेष-निर्मितम् (ददर्श) (विमानम्)","तपः समाधानपराक्रमार्जितं मनःसमाधानविचारचारिणम्।#अनेकसंस्थानविशेषनिर्मितं ततस्ततस्तुल्यविशेषनिर्मितम्॥"
"मनः समाधाय तु शीघ्र-गामिनम् दुरासदम् मारुत-तुल्य-गामिनम् महा-आत्मनाम् पुण्य-कृताम् महा-ऋद्धिनाम् यशस्विनाम् अग्र्यमुदाम् इव आलयम् (ददर्श) (विमानम्)","मनः यशस्विनाम् अग्र्यमुदाम् इव आलयम् (ददर्श) (विमानम्) समाधाय तु शीघ्र-गामिनम् दुरासदम् मारुत-तुल्य-गामिनम् महा-आत्मनाम् पुण्य-कृताम् महा-ऋद्धिनाम्","मनः समाधाय तु शीघ्रगामिनं दुरासदं मारुततुल्यगामिनम्।#महात्मनां पुण्यकृतां महर्द्धिनां यशस्विनामग्ऱ्यमुदामिवालयम्॥"
"विशेषम् आलम्ब्य विशेष-संस्थितम् विचित्र-कूटम् बहु-कूट-मण्डितम् मनः-अभिरामम् शरत्-इन्दु-निर्मलम् विचित्र-कूटम् शिखरम् गिरेः यथा (ददर्श) (कपिः) (विमानम्)","विशेषम् गिरेः यथा (ददर्श) (कपिः) (विमानम्) आलम्ब्य विशेष-संस्थितम् विचित्र-कूटम् बहु-कूट-मण्डितम् मनः-अभिरामम् शरत्-इन्दु-निर्मलम् विचित्र-कूटम् शिखरम्","विशेषमालम्ब्य विशेषसंस्थितं विचित्रकूटं बहुकूटमण्डितम्।#मनोऽभिरामं शरदिन्दुनिर्मलं विचित्रकूटं शिखरं गिरेर्यथा॥"
"वहन्ति यत्() कुण्डल-शोभित-आननाः महा-अशनाः व्योम-चराः निशा-चराः विवृत्त-विध्वस्त-विशाल-लोचनाः महा-जवाः भूत-गणाः सहस्रशः वसन्त-पुष्प-उत्कर-चारु-दर्शनम् वसन्त-मासात् अपि चारु-दर्शनम् सः पुष्पकम् तत्र विमानम् उत्तमम् ददर्श तत् वानर-वीर-सत्तमः (तत्)","वहन्ति सहस्रशः वसन्त-पुष्प-उत्कर-चारु-दर्शनम् वसन्त-मासात् अपि चारु-दर्शनम् सः पुष्पकम् तत्र विमानम् उत्तमम् यत्() ददर्श तत् वानर-वीर-सत्तमः (तत्) कुण्डल-शोभित-आननाः महा-अशनाः व्योम-चराः निशा-चराः विवृत्त-विध्वस्त-विशाल-लोचनाः महा-जवाः भूत-गणाः","वहन्ति यत्कुण्डलशोभितानना महाशना व्योमचरानिशाचराः।विवृत्तविध्वस्तविशाललोचना महाजवा भूतगणाः सहस्रशः॥#वसन्तपुष्पोत्करचारुदर्शनं वसन्तमासादपि चारुदर्शनम्।स पुष्पकं तत्र विमानमुत्तमं ददर्श तद् वानरवीरसत्तमः॥"
"तस्य आलय-वरिष्ठस्य मध्ये विमलम् आयतम् ददर्श भवन-श्रेष्ठम् हनुमान् मारुत-आत्मजः .","तस्य . आलय-वरिष्ठस्य मध्ये विमलम् आयतम् ददर्श भवन-श्रेष्ठम् हनुमान् मारुत-आत्मजः","तस्यालयवरिष्ठस्य मध्ये विमलमायतम्।#ददर्श भवनश्रेष्ठं हनुमान् मारुतात्मजः॥"
"अर्ध-योजन-विस्तीर्णम् आयतम् योजनम् महत् भवनम् राक्षस-इन्द्रस्य बहु-प्रासाद-सङ्कुलम् मार्गमाणः तु वैदेहीम् सीताम् आयत-लोचनाम् सर्वतः परिचक्राम हनूमान् अरि-सूदनः .","अर्ध-योजन-विस्तीर्णम् वैदेहीम् सीताम् आयत-लोचनाम् सर्वतः परिचक्राम हनूमान् अरि-सूदनः . आयतम् योजनम् महत् भवनम् राक्षस-इन्द्रस्य बहु-प्रासाद-सङ्कुलम् मार्गमाणः तु","अर्धयोजनविस्तीर्णमायतं योजनं महत्।भवनं राक्षसेन्द्रस्य बहुप्रासादसंकुलम्॥#मार्गमाणस्तु वैदेहीं सीतामायतलोचनाम्।सर्वतः परिचक्राम हनूमानरिसूदनः॥"
"उत्तमम् राक्षस-आवासम् हनुमान् अवलोकयन् आससाद अथ लक्ष्मीवान् राक्षस-इन्द्र-निवेशनम् .","उत्तमम् राक्षस-आवासम् हनुमान् अवलोकयन् आससाद अथ लक्ष्मीवान् राक्षस-इन्द्र-निवेशनम् .","उत्तमं राक्षसावासं हनुमानवलोकयन्।#आससादाथ लक्ष्मीवान् राक्षसेन्द्रनिवेशनम्॥"
"चतुर्-विषाणैः द्वि-रदैः त्रि-विषाणैः तथा एव च परिक्षिप्तम् असम्बाधम् रक्ष्यमाणम् उदायुधैः राक्षसीभिः च पत्नीभिः रावणस्य निवेशनम् आहृताभिः च विक्रम्य राज-कन्याभिः आवृतम् तत् नक्र-मकर-आकीर्णम् तिमिङ्गिल-झष-आकुलम् वायु-वेग-समाधूतम् पन्नगैः इव सागरम् कपिः ददर्श .","चतुर्-विषाणैः उदायुधैः राक्षसीभिः च पत्नीभिः रावणस्य निवेशनम् आहृताभिः च विक्रम्य राज-कन्याभिः द्वि-रदैः आवृतम् तत् नक्र-मकर-आकीर्णम् तिमिङ्गिल-झष-आकुलम् वायु-वेग-समाधूतम् पन्नगैः इव सागरम् कपिः ददर्श त्रि-विषाणैः . तथा एव च परिक्षिप्तम् असम्बाधम् रक्ष्यमाणम्","चतुर्विषाणैर्द्विरदैस्त्रिविषाणैस्तथैव च।परिक्षिप्तमसम्बाधं रक्ष्यमाणमुदायुधैः॥राक्षसीभिश्च पत्नीभी रावणस्य निवेशनम्।आहृताभिश्च विक्रम्य राजकन्याभिरावृतम्॥#तन्नक्रमकराकीर्णं तिमिंगिलझषाकुलम्।वायुवेगसमाधूतं पन्नगैरिव सागरम्॥"
"या हि वैश्रवणे लक्ष्मीः या चन्द्रे हरि-वाहने सा रावण-गृहे रम्या नित्यम् एव अनपायिनी या च राज्ञः कुबेरस्य यमस्य वरुणस्य च तादृशी (ऋद्धिः) तद्विशिष्टा वै ऋद्धिः रक्षः-गृहेषु इह (अस्ति) (अस्ति) (अस्ति) (लक्ष्मीः) (अस्ति)","या रम्या नित्यम् एव अनपायिनी या च राज्ञः कुबेरस्य यमस्य वरुणस्य हि च तादृशी (ऋद्धिः) तद्विशिष्टा वै ऋद्धिः रक्षः-गृहेषु इह (अस्ति) (अस्ति) वैश्रवणे (अस्ति) (लक्ष्मीः) (अस्ति) लक्ष्मीः या चन्द्रे हरि-वाहने सा रावण-गृहे","या हि वैश्रवणे लक्ष्मीर्या चन्द्रे हरिवाहने।सा रावणगृहे रम्या नित्यमेवानपायिनी॥#या च राज्ञः कुबेरस्य यमस्य वरुणस्य च।तादृशी तद्विशिष्टा वा ऋद्धी रक्षोगृहेष्विह॥"
"तस्य हर्म्यस्य मध्यस्थ-वेश्म च अन्यत् सुनिर्मितम् बहु-निर्यूह-संयुक्तम् ददर्श पवन-आत्मजः .","तस्य . हर्म्यस्य मध्यस्थ-वेश्म च अन्यत् सुनिर्मितम् बहु-निर्यूह-संयुक्तम् ददर्श पवन-आत्मजः","तस्य हर्म्यस्य मध्यस्थवेश्म चान्यत् सुनिर्मितम्।#बहुनिर्यूहसंयुक्तं ददर्श पवनात्मजः॥"
"ब्रह्मणः अर्थे कृतम् दिव्यम् दिवि यत् विश्वकर्मणा विमानम् पुष्पकम् नाम सर्व-रत्न-विभूषितम् परेण तपसा लेभे यत् कुबेरः पितामहात् कुबेरम् ओजसा जित्वा लेभे तत् राक्षस-ईश्वरः .","ब्रह्मणः नाम सर्व-रत्न-विभूषितम् परेण तपसा लेभे यत् कुबेरः पितामहात् कुबेरम् ओजसा अर्थे जित्वा लेभे तत् राक्षस-ईश्वरः . कृतम् दिव्यम् दिवि यत् विश्वकर्मणा विमानम् पुष्पकम्","ब्रह्मणोऽर्थे कृतं दिव्यं दिवि यद् विश्वकर्मणा।विमानं पुष्पकं नाम सर्वरत्नविभूषितम्॥#परेण तपसा लेभे यत् कुबेरः पितामहात्।कुबेरमोजसा जित्वा लेभे तद् राक्षसेश्वरः॥"
"ईहामृग-समायुक्तैः कार्तस्वर-हिरण्मयैः सुकृतैः आचितम् स्तम्भैः प्रदीप्तम् इव च श्रिया मेरु-मन्दर-सङ्काशैः उल्लिखद्भिः इव अम्बरम् कूट-आगारैः शुभ-आगारैः सर्वतः समलङ्कृतम् ज्वलन-अर्क-प्रतीकाशैः सुकृतम् विश्वकर्मणा हेम-सोपान-युक्तम् च चारु-प्रवर-वेदिकम् (पुष्पकम्) (आरुरोह) (कपिः)","ईहामृग-समायुक्तैः मेरु-मन्दर-सङ्काशैः उल्लिखद्भिः इव अम्बरम् कूट-आगारैः शुभ-आगारैः सर्वतः समलङ्कृतम् ज्वलन-अर्क-प्रतीकाशैः सुकृतम् कार्तस्वर-हिरण्मयैः विश्वकर्मणा हेम-सोपान-युक्तम् च चारु-प्रवर-वेदिकम् (पुष्पकम्) (आरुरोह) (कपिः) सुकृतैः आचितम् स्तम्भैः प्रदीप्तम् इव च श्रिया","ईहामृगसमायुक्तैः कार्तस्वरहिरण्मयैः।सुकृतैराचितं स्तम्भैः प्रदीप्तमिव च श्रिया॥ मेरुमन्दरसंकाशैरुल्लिखद्भिरिवाम्बरम्।कूटागारैः शुभागारैः सर्वतः समलंकृतम्॥#ज्वलनार्कप्रतीकाशैः सुकृतं विश्वकर्मणा।हेमसोपानयुक्तं च चारुप्रवरवेदिकम्॥"
"जाल-वात-अयनैः युक्तम् काञ्चनैः स्फाटिकैः अपि इन्द्रनील-महानील-मणि-प्रवर-वेदिकम् विद्रुमेण विचित्रेण मणिभिः च महा-धनैः निस्तुलाभिः मुक्ताभिः तलेन अभिविराजितम् चन्दनेन च रक्तेन तपनीय-निभेन च सुपुण्य-गन्धिना युक्तम् आदित्य-तरुण-उपमम् विमानम् पुष्पकम् दिव्यम् आरुरोह महा-कपिः .","जाल-वात-अयनैः च महा-धनैः निस्तुलाभिः मुक्ताभिः तलेन अभिविराजितम् चन्दनेन च रक्तेन तपनीय-निभेन युक्तम् च सुपुण्य-गन्धिना युक्तम् आदित्य-तरुण-उपमम् विमानम् पुष्पकम् दिव्यम् आरुरोह महा-कपिः . काञ्चनैः स्फाटिकैः अपि इन्द्रनील-महानील-मणि-प्रवर-वेदिकम् विद्रुमेण विचित्रेण मणिभिः","जालवातायनैर्युक्तं काञ्चनैः स्फाटिकैरपि।इन्द्रनीलमहानीलमणिप्रवरवेदिकम्॥ विद्रुमेण विचित्रेण मणिभिश्च महाधनैः।निस्तुलाभिश्च मुक्ताभिस्तलेनाभिविराजितम्॥#चन्दनेन च रक्तेन तपनीयनिभेन च।सुपुण्यगन्धिना युक्तमादित्यतरुणोपमम्॥ विमानं पुष्पकं दिव्यमारुरोह महाकपिः।"
"तत्रस्थः सर्वतः गन्धम् पान-भक्ष्य-अन्न-सम्भवम् सः रावणः दिव्यम् सम्मूर्च्छितम् जिघ्रत्(आर्ष) रूपवन्तम् इव अनिलम् सः गन्धः तम् महा-सत्त्वम् बन्धुः बन्धुम् इव उत्तमम् इतः एहि इति उवाच इव तत्र यत्र (अस्ति)","तत्रस्थः रूपवन्तम् इव अनिलम् सः गन्धः तम् महा-सत्त्वम् बन्धुः बन्धुम् इव सर्वतः उत्तमम् इतः एहि इति उवाच इव तत्र यत्र (अस्ति) गन्धम् पान-भक्ष्य-अन्न-सम्भवम् सः रावणः दिव्यम् सम्मूर्च्छितम् जिघ्रत्(आर्ष)","तत्रस्थः सर्वतो गन्धं पानभक्ष्यान्नसम्भवम्॥ दिव्यं सम्मूर्च्छितं जिघ्रन् रूपवन्तमिवानिलम्।स गन्धस्तं महासत्त्वं बन्धुर्बन्धुमिवोत्तमम्॥#इत एहीत्युवाचेव तत्र यत्र स रावणः।"
"ततः ताम् प्रस्थितः शालाम् ददर्श महतीम् शिवाम् रावणस्य महा-कान्ताम् कान्ताम् इव वर-स्त्रियम् मणि-सोपान-विकृताम् हेम-जाल-विराजिताम् स्फाटिकैः आवृत-तलाम् दन्त-अन्तरित-रूपिकाम् मुक्ता-वज्र-प्रवालैः च रूप्य-चामीकरैः अपि विभूषिताम् मणि-स्तम्भैः सुबहु-स्तम्भ-भूषिताम् समैः ऋजुभिः अत्युच्चैः समन्तात् सुविभूषितैः कपिः","ततः कान्ताम् इव वर-स्त्रियम् मणि-सोपान-विकृताम् हेम-जाल-विराजिताम् स्फाटिकैः आवृत-तलाम् दन्त-अन्तरित-रूपिकाम् मुक्ता-वज्र-प्रवालैः च ताम् रूप्य-चामीकरैः अपि विभूषिताम् मणि-स्तम्भैः सुबहु-स्तम्भ-भूषिताम् समैः ऋजुभिः अत्युच्चैः समन्तात् सुविभूषितैः प्रस्थितः कपिः शालाम् ददर्श महतीम् शिवाम् रावणस्य महा-कान्ताम्","ततस्तां प्रस्थितः शालां ददर्श महतीं शिवाम्॥ रावणस्य महाकान्तां कान्तामिव वरस्त्रियम्।मणिसोपानविकृतां हेमजालविराजिताम्॥#स्फाटिकैरावृततलां दन्तान्तरितरूपिकाम्।मुक्तावज्रप्रवालैश्च रूप्यचामीकरैरपि॥ विभूषितां मणिस्तम्भैः सुबहुस्तम्भभूषिताम्।समैर्ऋजुभिरत्युच्चैः समन्तात् सुविभूषितैः॥"
"स्तम्भैः पक्षैः इव अत्युच्चैः दिवं सम्प्रस्थिताम् इव महत्या कुथया अस्तीर्णां पृथिवी-लक्षण-अङ्कया पृथिवीम् इव विस्तीर्णाम् स-राष्ट्र-गृह-शालिनीम् नादिताम् मत्त-विहगैः दिव्य-गन्ध-अधिवासिताम् (शालाम्) परार्घ्य-आस्तरण-उपेताम् रक्षः-अधिप-निषेविताम् धूम्राम-गुरु-धूपेन विमलाम् हंस-पाण्डुराम् पत्र-पुष्प-उपहारेण कल्माषीम् इव सुप्रभाम् मनसः मोद-जननीम् वर्णस्य अपि प्रसाधिनीम् ताम् शोक-नाशिनीम् दिव्याम् श्रियः संजननीम् इव (कपिः) (ददर्श)","स्तम्भैः अस्तीर्णां पृथिवी-लक्षण-अङ्कया पृथिवीम् इव विस्तीर्णाम् स-राष्ट्र-गृह-शालिनीम् नादिताम् मत्त-विहगैः दिव्य-गन्ध-अधिवासिताम् (शालाम्) पक्षैः परार्घ्य-आस्तरण-उपेताम् रक्षः-अधिप-निषेविताम् धूम्राम-गुरु-धूपेन विमलाम् हंस-पाण्डुराम् पत्र-पुष्प-उपहारेण कल्माषीम् इव सुप्रभाम् मनसः इव मोद-जननीम् वर्णस्य अपि प्रसाधिनीम् ताम् शोक-नाशिनीम् दिव्याम् श्रियः संजननीम् इव अत्युच्चैः (कपिः) (ददर्श) दिवं सम्प्रस्थिताम् इव महत्या कुथया","स्तम्भैः पक्षैरिवात्युच्चैर्दिवं सम्प्रस्थितामिव।महत्या कुथयाऽऽस्तीर्णां पृथिवीलक्षणाङ्कया॥ पृथिवीमिव विस्तीर्णां सराष्ट्रगृहशालिनीम्।नादितां मत्तविहगैर्दिव्यगन्धाधिवासिताम्॥#परर्घ्यास्तरणोपेतां रक्षोऽधिपनिषेविताम्।धूम्रामगुरुधूपेन विमलां हंसपाण्डुराम्॥ पत्रपुष्पोपहारेण कल्माषीमिव सुप्रभाम्।मनसो मोदजननीं वर्णस्यापि प्रसाधिनीम्॥ तां शोकनाशिनीं दिव्यां श्रियः संजननीमिव।"
"इन्द्रियाणि इन्द्रिय-अर्थैः तु पञ्च पञ्चभिः उत्तमैः तर्पयामास माता इव तदा रावण-पालिता .","इन्द्रियाणि तदा रावण-पालिता . इन्द्रिय-अर्थैः तु पञ्च पञ्चभिः उत्तमैः तर्पयामास माता इव","इन्द्रियाणीन्द्रियार्थैस्तु पञ्च पञ्चभिरुत्तमैः॥#तर्पयामास मातेव तदा रावणपालिता।"
"स्वर्गः अयम् देव-लोकः अयम् इन्द्रस्य अपि पुरी भवेत् सिद्धिः वा इयम् परा हि स्यात् इति अमन्यत मारुतिः .","स्वर्गः वा इयम् परा हि स्यात् इति अमन्यत मारुतिः . अयम् देव-लोकः अयम् इन्द्रस्य अपि पुरी भवेत् सिद्धिः","स्वर्गोऽयं देवलोकोऽयमिन्द्रस्यापि पुरी भवेत्।#सिद्धिर्वेयं परा हि स्यादित्यमन्यत मारुतिः॥"
"प्रध्यायतः इव अपश्यत् प्रदीपान् तत्र काञ्चनान् धूर्तान् इव महा-धूर्तैः देवनेन पराजितान् .","प्रध्यायतः देवनेन पराजितान् . इव अपश्यत् प्रदीपान् तत्र काञ्चनान् धूर्तान् इव महा-धूर्तैः","प्रध्यायत इवापश्यत् प्रदीपांस्तत्र काञ्चनान्।#धूर्तानिव महाधूर्तैर्देवनेन पराजितान्॥"
"दीपानाम् च प्रकाशेन तेजसा रावणस्य च अर्चिर्भिः भूषणानाम् च प्रदीप्ता इति अभ्यमन्यत (शाला)","दीपानाम् प्रदीप्ता इति अभ्यमन्यत (शाला) च प्रकाशेन तेजसा रावणस्य च अर्चिर्भिः भूषणानाम् च","दीपानां च प्रकाशेन तेजसा रावणस्य च।#अर्चिर्भिर्भूषणानां च प्रदीप्तेत्यभ्यमन्यत॥"
"ततः अपश्यत् कुथ-आसीनम् नाना वर्ण-अम्बर-स्रजम् सहस्रम् वर-नारीणाम् नाना-वेष-विभूषितम् .","ततः अपश्यत् कुथ-आसीनम् नाना वर्ण-अम्बर-स्रजम् सहस्रम् वर-नारीणाम् नाना-वेष-विभूषितम् .","ततोऽपश्यत् कुथासीनं नानावर्णाम्बरस्रजम्।#सहस्रं वरनारीणां नानावेषबिभूषितम्॥"
"परिवृत्ते अर्धरात्रे तु पान-निद्रा-वशं-गतम् (अपश्यत्) क्रीडित्वा उपरतम् रात्रौ प्रसुप्तम् बलवत् तदा","परिवृत्ते बलवत् तदा अर्धरात्रे तु पान-निद्रा-वशं-गतम् (अपश्यत्) क्रीडित्वा उपरतम् रात्रौ प्रसुप्तम्","परिवृत्तेऽर्धरात्रे तु पाननिद्रावशंगतम्।#क्रीडित्वोपरतं रात्रौ प्रसुप्तं बलवत् तदा॥"
"तत् प्रसुप्तम् विरुरुचे निःशब्दान्तर-भूषितम् निःशब्द-हंस-भ्रमरम् यथा पद्म-वनम् महत्","तत् प्रसुप्तम् विरुरुचे निःशब्दान्तर-भूषितम् निःशब्द-हंस-भ्रमरम् यथा पद्म-वनम् महत्","तत् प्रसुप्तं विरुरुचे निःशब्दान्तरभूषितम्।#निःशब्दहंसभ्रमरं यथा पद्मवनं महत्॥"
"तासाम् संवृत-दान्तानि मीलित-अक्षीणि मारुतिः अपश्यत् पद्म-गन्धीनि वदनानि सुयोषिताम्","तासाम् संवृत-दान्तानि मीलित-अक्षीणि मारुतिः अपश्यत् पद्म-गन्धीनि वदनानि सुयोषिताम्","तासां संवृतदान्तानि मीलिताक्षीणि मारुतिः।#अपश्यत् पद्मगन्धीनि वदनानि सुयोषिताम्॥"
"प्रबुद्धानि इव पद्मानि तासाम् भूत्वा क्षपाक्षये पुनः संवृत-पत्राणि रात्रौ इव बभुः तदा वदनानि","प्रबुद्धानि इव बभुः तदा वदनानि इव पद्मानि तासाम् भूत्वा क्षपाक्षये पुनः संवृत-पत्राणि रात्रौ","प्रबुद्धानीव पद्मानि तासां भूत्वा क्षपाक्षये।#पुनः संवृतपत्राणि रात्राविव बभुस्तदा॥"
"इमानि मुख-पद्मानि नियतम् मत्त-षट्-पदाः अम्बुजानि इव फुल्लानि प्रार्थयन्ति पुनः पुनः इति वा अमन्यत श्रीमान् उपपत्त्या महा-कपिः मेने हि गुणतः तानि समानि सलिल-उद्भवैः .","इमानि पुनः इति वा अमन्यत श्रीमान् उपपत्त्या महा-कपिः मेने हि गुणतः मुख-पद्मानि तानि समानि सलिल-उद्भवैः . नियतम् मत्त-षट्-पदाः अम्बुजानि इव फुल्लानि प्रार्थयन्ति पुनः","इमानि मुखपद्मानि नियतं मत्तषट्पदाः।अम्बुजानीव फुल्लानि प्रार्थयन्ति पुनः पुनः॥#इति वामन्यत श्रीमानुपपत्त्या महाकपिः।मेने हि गुणतस्तानि समानि सलिलोद्भवैः॥ "
"सा तस्य शुशुभे शाला ताभिः स्त्रीभिः विराजिता शरदि इव प्रसन्ना द्यौः ताराभिः अभिशोभिता सः च ताभिः परिवृतः शुशुभे राक्षस-अधिपः यथा हि उडुपतिः श्रीमान् ताराभिः इव संवृतः याः च्यवन्ते अम्बरात् ताराः पुण्य-शेष-समावृताः इमाः ताः सङ्गताः कृत्स्नाः इति मेने हरिः तदा .","सा प्रसन्ना द्यौः ताराभिः अभिशोभिता सः च ताभिः परिवृतः शुशुभे राक्षस-अधिपः तस्य यथा हि उडुपतिः श्रीमान् ताराभिः इव संवृतः याः च्यवन्ते अम्बरात् शुशुभे ताराः पुण्य-शेष-समावृताः इमाः ताः सङ्गताः कृत्स्नाः इति मेने हरिः तदा शाला . ताभिः स्त्रीभिः विराजिता शरदि इव","सा तस्य शुशुभे शाला ताभिः स्त्रीभिर्विराजिता।शरदीव प्रसन्ना द्यौस्ताराभिरभिशोभिता॥ स च ताभिः परिवृतः शुशुभे राक्षसाधिपः।यथा ह्युडुपतिः श्रीमांस्ताराभिरिव संवृतः॥  #याश्च्यवन्तेऽम्बरात् ताराः पुण्यशेषसमावृताः।इमास्ताः संगताः कृत्स्ना इति मेने हरिस्तदा॥"
"ताराणाम् इव सुव्यक्तम् महतीनाम् शुभार्चिषाम् प्रभा-वर्ण-प्रसादाः च विरेजुः तत्र योषिताम् .","ताराणाम् योषिताम् . इव सुव्यक्तम् महतीनाम् शुभार्चिषाम् प्रभा-वर्ण-प्रसादाः च विरेजुः तत्र","ताराणामिव सुव्यक्तं महतीनां शुभार्चिषाम्।#प्रभावर्णप्रसादाश्च विरेजुस्तत्र योषिताम्॥"
"व्यावृत्त-कच-पीनस्रक्-प्रकीर्ण-वर-भूषणाः पान-व्यायाम-कालेषु निद्रा-उपहत-चेतसः व्यावृत्त-तिलकाः काश्चित् काश्चित् उद्भ्रान्त-नूपुराः पार्श्वे गलित-हाराः च काश्चित् परम-योषितः विरेजुः","व्यावृत्त-कच-पीनस्रक्-प्रकीर्ण-वर-भूषणाः च काश्चित् परम-योषितः विरेजुः पान-व्यायाम-कालेषु निद्रा-उपहत-चेतसः व्यावृत्त-तिलकाः काश्चित् काश्चित् उद्भ्रान्त-नूपुराः पार्श्वे गलित-हाराः","व्यावृत्तकचपीनस्रक्प्रकीर्णवरभूषणाः।पानव्यायामकालेषु निद्रोपहतचेतसः॥ #व्यावृत्ततिलकाः काश्चित् काश्चिदुदभ्रान्तनूपुराः।पार्श्वे गलितहाराश्च काश्चित् परमयोषितः॥"
"मुक्ता-हार-वृताः च अन्याः काश्चित् प्रस्रस्त-वाससः व्याविद्ध-रशनादामाः किशोर्यः इव वाहिताः अकुण्डल-धराः च अन्याः विच्छिन्न-मृदितस्रजः गजेन्द्र-मृदिताः फुल्लाः लताः इव महा-वने चन्द्र-अंशु-किरण-आभाः च हाराः कासांचित् उद्गताः हंसाः इव बभुः सुप्ताः स्तन-मध्येषु योषिताम् (स्त्रियः) (विरेजुः)","मुक्ता-हार-वृताः अकुण्डल-धराः च अन्याः विच्छिन्न-मृदितस्रजः गजेन्द्र-मृदिताः फुल्लाः लताः इव महा-वने चन्द्र-अंशु-किरण-आभाः च च हाराः कासांचित् उद्गताः हंसाः इव बभुः सुप्ताः स्तन-मध्येषु योषिताम् अन्याः (स्त्रियः) (विरेजुः) काश्चित् प्रस्रस्त-वाससः व्याविद्ध-रशनादामाः किशोर्यः इव वाहिताः","मुक्ताहारवृताश्चान्याः काश्चित् प्रस्रस्तवाससः।व्याविद्धरशनादामाः किशोर्य इव वाहिताः॥ अकुण्डलधराश्चान्या विच्छिन्नमृदितस्रजः।गजेन्द्रमृदिताः फुल्ला लता इव महावने॥#चन्द्रांशुकिरणाभाश्च हाराः कासांचिदुद‍्गताः।हंसा इव बभुः सुप्ताः स्तनमध्येषु योषिताम्॥"
"अपरासाम् च वैदूर्याः कादम्बाः इव पक्षिणः हेम-सूत्राणि च अन्यासाम् चक्रवाकाः इव अभवन् हंस-कारण्डव-उपेताः चक्रवाक-उपशोभिताः आपगाः इव ताः रेजुः जघनैः पुलिनैः इव किङ्किणी-जाल-सङ्काशाः ताः हेम-विपुल-अम्बुजाः भाव-ग्राहाः यशः-तीराः सुप्ताः नद्यः इव आबभुः (स्त्रियः)","अपरासाम् चक्रवाकाः इव अभवन् हंस-कारण्डव-उपेताः चक्रवाक-उपशोभिताः आपगाः इव ताः रेजुः जघनैः च पुलिनैः इव किङ्किणी-जाल-सङ्काशाः ताः हेम-विपुल-अम्बुजाः भाव-ग्राहाः यशः-तीराः सुप्ताः नद्यः इव वैदूर्याः आबभुः (स्त्रियः) कादम्बाः इव पक्षिणः हेम-सूत्राणि च अन्यासाम्","अपरासां च वैदूर्याः कादम्बा इव पक्षिणः।हेमसूत्राणि चान्यासां चक्रवाका इवाभवन्॥ हंसकारण्डवोपेताश्चक्रवाकोपशोभिताः।आपगा इव ता रेजुर्जघनैः पुलिनैरिव॥ #किङ्किणीजालसंकाशास्ता हेमविपुलाम्बुजाः।भावग्राहा यशस्तीराः सुप्ता नद्य इवाबभुः॥"
"मृदुषु अङ्गेषु कासांचित् कुचाग्रेषु च संस्थिताः बभूवुः भूषणानि इव शुभाः भूषण-राजयः .","मृदुषु शुभाः भूषण-राजयः . अङ्गेषु कासांचित् कुचाग्रेषु च संस्थिताः बभूवुः भूषणानि इव","मृदुष्वंगेषु कासांचित् कुचाग्रेषु च संस्थिताः।#बभूवुर्भूषणानीव शुभा भूषणराजयः॥"
"अंशुकान्ताः च कासांचित् मुख-मारुत-कम्पिताः उपर्युपरि वक्त्राणाम् व्याधूयन्ते पुनः पुनः","अंशुकान्ताः च कासांचित् मुख-मारुत-कम्पिताः उपर्युपरि वक्त्राणाम् व्याधूयन्ते पुनः पुनः","अंशुकान्ताश्च कासांचिन्मुखमारुतकम्पिताः।#उपर्युपरि वक्त्राणां व्याधूयन्ते पुनः पुनः॥"
"ताः पताकाः इव उद्धूताः पत्नीनाम् रुचिर-प्रभाः नाना-वर्ण-सुवर्णानाम् वक्त्र-मूलेषु रेजिरे .","ताः . पताकाः इव उद्धूताः पत्नीनाम् रुचिर-प्रभाः नाना-वर्ण-सुवर्णानाम् वक्त्र-मूलेषु रेजिरे","ताः पताका इवोद्‍धूताः पत्नीनां रुचिरप्रभाः।#नानावर्णसुवर्णानां वक्त्रमूलेषु रेजिरे॥"
"ववल्गुः च अत्र कासांचित् कुण्डलानि शुभ-अर्चिषाम् मुख-मारुत-सङ्कम्पैः मन्दम् मन्दम् च योषिताम् .","ववल्गुः च योषिताम् . च अत्र कासांचित् कुण्डलानि शुभ-अर्चिषाम् मुख-मारुत-सङ्कम्पैः मन्दम् मन्दम्","ववल्गुश्चात्र कासांचित् कुण्डलानि शुभार्चिषाम्।#मुखमारुतसंकम्पैर्मन्दं मन्दं च योषिताम्॥"
"शर्करा-आसव-गन्धः सः प्रकृत्या सुरभिः सुखः तासाम् वदन-निःश्वासः सिषेवे रावणम् तदा रावण-आनन-शङ्काः च काश्चित् रावण-योषितः मुखानि च सपत्नीनाम् उपाजिघ्रन् पुनः पुनः अत्यर्थम् सक्त-मनसः रावणे ताः वर-स्त्रियः अ-स्वतन्त्राः सपत्नीनाम् प्रियम् एव आचरन् तदा .","शर्करा-आसव-गन्धः तदा रावण-आनन-शङ्काः च काश्चित् रावण-योषितः मुखानि च सपत्नीनाम् उपाजिघ्रन् पुनः सः पुनः अत्यर्थम् सक्त-मनसः रावणे ताः वर-स्त्रियः अ-स्वतन्त्राः सपत्नीनाम् प्रियम् एव प्रकृत्या आचरन् तदा . सुरभिः सुखः तासाम् वदन-निःश्वासः सिषेवे रावणम्","शर्करासवगन्धः स प्रकृत्या सुरभिः सुखः।तासां वदननिःश्वासः सिषेवे रावणं तदा॥रावणाननशंकाश्च काश्चिद् रावणयोषितः।मुखानि च सपत्नीनामुपाजिघ्रन् पुनः पुनः॥#अत्यर्थं सक्तमनसो रावणे ता वरस्त्रियः।अस्वतन्त्राः सपत्नीनां प्रियमेवाचरंस्तदा॥"
"बाहून् उपनिधाय अन्याः पारिहार्य-विभूषितान् अंशुकानि च रम्याणि प्रमदाः तत्र शिश्यिरे .","बाहून् शिश्यिरे . उपनिधाय अन्याः पारिहार्य-विभूषितान् अंशुकानि च रम्याणि प्रमदाः तत्र","बाहूनुपनिधायान्याः पारिहार्यविभूषितान्।#अंशुकानि च रम्याणि प्रमदास्तत्र शिश्यिरे॥"
"अन्या वक्षसि च अन्यस्याः तस्याः काचित् भुजम् अपरा तु अङ्कम् अन्यस्याः तस्याः च अपि अपरा कुचौ (शिश्ये) (उपनिधाय) पुनः","अन्या अङ्कम् अन्यस्याः तस्याः च अपि अपरा कुचौ (शिश्ये) (उपनिधाय) पुनः वक्षसि च अन्यस्याः तस्याः काचित् भुजम् अपरा तु","अन्या वक्षसि चान्यस्यास्तस्याः काचित् पुनर्भुजम्।#अपरा त्वङ्कमन्यस्यास्तस्याश्चाप्यपरा कुचौ॥ "
"ऊरु-पार्श्व-कटी-पृष्ठम् अन्योन्यस्य समाश्रिताः परस्पर-निविष्ट-अङ्ग्यः मद-स्नेह-वशानुगाः अन्योन्यस्य अङ्ग-संस्पर्शात् प्रीयमाणाः सुमध्यमाः एकीकृत-भुजाः सर्वाः सुषुपुः तत्र योषितः .","ऊरु-पार्श्व-कटी-पृष्ठम् एकीकृत-भुजाः सर्वाः सुषुपुः तत्र योषितः . अन्योन्यस्य समाश्रिताः परस्पर-निविष्ट-अङ्ग्यः मद-स्नेह-वशानुगाः अन्योन्यस्य अङ्ग-संस्पर्शात् प्रीयमाणाः सुमध्यमाः","ऊरुपार्श्वकटीपृष्ठमन्योन्यस्य समाश्रिताः।परस्परनिविष्टांग्यो मदस्नेहवशानुगाः॥#अन्योन्यस्यांगसंस्पर्शात् प्रीयमाणाः सुमध्यमाः।एकीकृतभुजाः सर्वाः सुषुपुस्तत्र योषितः॥"
"अन्योन्य-भुज-सूत्रेण स्त्री-माला ग्रथिता हि सा माला इव ग्रथिता सूत्रे शुशुभे मत्त-षट्-पदा .","अन्योन्य-भुज-सूत्रेण शुशुभे मत्त-षट्-पदा . स्त्री-माला ग्रथिता हि सा माला इव ग्रथिता सूत्रे","अन्योन्यभुजसूत्रेण स्त्रीमाला ग्रथिता हि सा।#मालेव ग्रथिता सूत्रे शुशुभे मत्तषट्पदा॥"
"लतानाम् माधवे मासि फुल्लानाम् वायु-सेवनात् अन्योन्य-माला-ग्रथितम् संसक्त-कुसुम-उच्चयम् प्रतिवेष्टित-सुस्कन्धम् अन्योन्य-भ्रमर-आकुलम् आसीत् वनम् इव उद्धूतम् स्त्री-वनम् रावणस्य तत् .","लतानाम् आसीत् वनम् इव उद्धूतम् स्त्री-वनम् रावणस्य तत् . माधवे मासि फुल्लानाम् वायु-सेवनात् अन्योन्य-माला-ग्रथितम् संसक्त-कुसुम-उच्चयम् प्रतिवेष्टित-सुस्कन्धम् अन्योन्य-भ्रमर-आकुलम्","लतानां माधवे मासि फुल्लानां वायुसेवनात्।अन्योन्यमालाग्रथितं संसक्तकुसुमोच्चयम्॥#प्रतिवेष्टितसुस्कन्धमन्योन्यभ्रमराकुलम्।आसीद् वनमिवोद्‍धूतं स्त्रीवनं रावणस्य तत्॥"
"उचितेषु अपि सुव्यक्तम् न तासाम् योषिताम् तदा विवेकः शक्यम् आधातुम् भूषण-अङ्ग-अम्बर-स्रजाम् (स्थितानाम्)","उचितेषु आधातुम् भूषण-अङ्ग-अम्बर-स्रजाम् (स्थितानाम्) अपि सुव्यक्तम् न तासाम् योषिताम् तदा विवेकः शक्यम्","उचितेष्वपि सुव्यक्तं न तासां योषितां तदा।#विवेकः शक्य आधातुं भूषणांगाम्बरस्रजाम्॥"
"रावणे सुख-संविष्टे ताः स्त्रियः विविध-प्रभाः ज्वलन्तः काञ्चनाः दीपाः प्रैक्षन्त अनिमिषाः इव","रावणे अनिमिषाः इव सुख-संविष्टे ताः स्त्रियः विविध-प्रभाः ज्वलन्तः काञ्चनाः दीपाः प्रैक्षन्त","रावणे सुखसंविष्टे ताः स्त्रियो विविधप्रभाः।#ज्वलन्तः काञ्चना दीपाः प्रेक्षन्तो निमिषा इव॥"
"राज-ऋषि-विप्र-दैत्यानाम् गन्धर्वाणाम् च योषितः रक्षसाम् च अभवन् कन्याः तस्य काम-वशम् गताः .","राज-ऋषि-विप्र-दैत्यानाम् काम-वशम् गताः . गन्धर्वाणाम् च योषितः रक्षसाम् च अभवन् कन्याः तस्य","राजर्षिविप्रदैत्यानां गन्धर्वाणां च योषितः।#रक्षसां चाभवन् कन्यास्तस्य कामवशंगताः॥ "
"युद्ध-कामेन ताः सर्वाः रावणेन हृताः स्त्रियः समदाः मदनेन एव मोहिताः काश्चित् आगताः .","युद्ध-कामेन मोहिताः काश्चित् आगताः . ताः सर्वाः रावणेन हृताः स्त्रियः समदाः मदनेन एव","युद्धकामेन ताः सर्वा रावणेन हृताः स्त्रियः।#समदा मदनेनैव मोहिताः काश्चिदागताः॥"
"न तत्र काश्चित् प्रमदाः प्रसह्य वीर्य-उपपन्नेन गुणेन लब्धाः न च अन्य-कामा अपि न च अन्य-पूर्वा विना वर-अर्हाम् जनक-आत्मजाम् तु न च अकुलीना न च हीन-रूपा न अदक्षिणा न अनुपचार-युक्ता भार्या अभवत् तस्य न हीन-सत्त्वा न च अपि कान्तस्य न कामनीया (हृताः)","न च अन्य-कामा अपि न च अन्य-पूर्वा विना वर-अर्हाम् जनक-आत्मजाम् तु तत्र न च अकुलीना न च हीन-रूपा न अदक्षिणा न अनुपचार-युक्ता काश्चित् भार्या अभवत् तस्य न हीन-सत्त्वा न च अपि कान्तस्य न प्रमदाः कामनीया (हृताः) प्रसह्य वीर्य-उपपन्नेन गुणेन लब्धाः न","न तत्र काश्चित् प्रमदाः प्रसह्य वीर्योपपन्नेन गुणेन लब्धाः।न चान्यकामापि न चान्यपूर्वा विना वरार्हां जनकात्मजां तु॥#न चाकुलीना न च हीनरूपा नादक्षिणा नानुपचारयुक्ता।भार्याभवत् तस्य न हीनसत्त्वा न चापि कान्तस्य न कामनीया॥"
"बभूव बुद्धिः तु हरि-ईश्वरस्य यत् ईदृशी राघव-धर्म-पत्नी इमाः महा-राक्षस-राज-भार्याः सुजातम् अस्य इति हि साधु-बुद्धेः (इति) (तथा) (अस्ति)","बभूव सुजातम् अस्य इति हि साधु-बुद्धेः (इति) (तथा) (अस्ति) बुद्धिः तु हरि-ईश्वरस्य यत् ईदृशी राघव-धर्म-पत्नी इमाः महा-राक्षस-राज-भार्याः","बभूव बुद्धिस्तु हरीश्वरस्य यदीदृशी राघवधर्मपत्नी।#इमा महाराक्षसराजभार्याः सुजातमस्येति हि साधुबुद्धेः॥"
"पुनः च सः अचिन्तयत् आत्तरूपः ध्रुवम् विशिष्टा गुणतः हि सीता अथ अयम् अस्याम् कृतवान् महा-आत्मा लङ्का-ईश्वरः कष्टम् अनार्य-कर्म","पुनः सीता अथ अयम् अस्याम् कृतवान् महा-आत्मा लङ्का-ईश्वरः कष्टम् अनार्य-कर्म च सः अचिन्तयत् आत्तरूपः ध्रुवम् विशिष्टा गुणतः हि","पुनश्च सोऽचिन्तयदात्तरूपो ध्रुवं विशिष्टा गुणतो हि सीता।#अथायमस्यां कृतवान् महात्मा लंकेश्वरः कष्टमनार्यकर्म॥"
"रथेन खर-युक्तेन तम् आगतम् उदीक्ष्य सः हनुमान् वेग-सम्पन्नः जहर्ष च ननाद च .","रथेन च ननाद च . खर-युक्तेन तम् आगतम् उदीक्ष्य सः हनुमान् वेग-सम्पन्नः जहर्ष","  रथेन खरयुक्तेन तमागतमुदीक्ष्य सः । हनुमान् वेगसंपन्नो जहर्ष च ननाद च ॥ ५ ॥"