"padacchedah","anvaya","spart"
"धर्म-क्षेत्रे कुरु-क्षेत्रे समवेताः युयुत्सवः मामकाः पाण्डवाः च एव किम् अकुर्वत सञ्जय","सञ्जय धर्म-क्षेत्रे कुरु-क्षेत्रे समवेताः युयुत्सवः मामकाः पाण्डवाः च एव किम् अकुर्वत"," धर्मक्षेत्रे कुरुक्षेत्रे समवेता युयुत्सवः।# मामकाः पाण्डवाश्चैव किमकुर्वत सञ्जय॥1॥"
"दृष्ट्वा तु पाण्डव-अनीकम् व्यूढम् दुर्योधनः तदा आचार्यम् उपसङ्गम्य राजा वचनम् अब्रवीत्","तदा तु व्यूढम् पाण्डव-अनीकम् दृष्ट्वा राजा दुर्योधनः आचार्यम् उपसङ्गम्य वचनम् अब्रवीत्"," दृष्ट्वा तु पाण्डवानीकं व्यूढं दुर्योधनस्तदा।# आचार्यमुपसङ्गम्य राजा वचनमब्रवीत्॥2॥"
"पश्य एताम् पाण्डु-पुत्राणाम् आचार्य महतीम् चमूम् व्यूढाम् द्रुपद-पुत्रेण तव शिष्येण धीमता (त्वम्)","आचार्य तव धीमता शिष्येण द्रुपद-पुत्रेण व्यूढाम् पाण्डु-पुत्राणाम् एताम् महतीम् चमूम् (त्वम्) पश्य"," पश्यैतां पाण्डुपुत्राणामाचार्य महतीं चमूम्।# व्यूढां द्रुपदपुत्रेण तव शिष्येण धीमता॥3॥"
"अत्र शूराः महा-इष्वासाः भीम-अर्जुन-समाः युधि युयुधानः विराटः च द्रुपदः च महान्-रथः धृष्टकेतुः चेकितानः काशिराजः च वीर्यवान् पुरुजित् कुन्तिभोजः च शैब्यः च नर-पुङ्गवः युधामन्युः च विक्रान्तः उत्तमौजाः च वीर्यवान् सौभद्रः द्रौपदेयाः च सर्वे एव महान्-रथाः (सन्ति)","अत्र युधि युयुधानः विराटः महान्-रथः च द्रुपदः धृष्टकेतुः चेकितानः वीर्यवान् काशिराजः पुरुजित् कुन्तिभोजः नर-पुङ्गवः च शैब्यः विक्रान्तः च युधामन्युः वीर्यवान् च उत्तमौजाः च सौभद्रः च द्रौपदेयाः च भीम-अर्जुन-समाः शूराः च सर्वे एव महा-इष्वासाः महान्-रथाः (सन्ति)"," अत्र शूरा महेष्वासा भीमार्जुनसमा युधि। युयुधानो विराटश्च द्रुपदश्च महारथः॥4॥# धृष्टकेतुश्चेकितानः काशिराजश्च वीर्यवान्। पुरुजित्कुन्तिभोजश्च शैब्यश्च नरपुङ्गवः॥5॥# युधामन्युश्च विक्रान्त उत्तमौजाश्च वीर्यवान्। सौभद्रो द्रौपदेयाश्च सर्व एव महारथाः॥6॥"
"अस्माकम् तु विशिष्टाः ये (सन्ति) तान् निबोध (त्वम्) द्विज-उत्तम; नायकाः मम सैन्यस्य (सन्ति) (ये) सञ्ज्ञा-अर्थम् तान् ब्रवीमि ते (अहम्)","द्विज-उत्तम अस्माकम् तु ये विशिष्टाः (सन्ति) तान् (त्वम्) निबोध; मम सैन्यस्य (ये) नायकाः (सन्ति) तान् (अहम्) ते सञ्ज्ञा-अर्थम् ब्रवीमि"," अस्माकं तु विशिष्टा ये तान्निबोध द्विजोत्तम।# नायका मम सैन्यस्य संज्ञार्थं तान्ब्रवीमि ते॥7॥"
"भवान् भीष्मः च कर्णः च कृपः च समितिञ्जयः अश्वत्थामा विकर्णः च सौमदत्तिः तथा एव च (अस्ति)","भवान् भीष्मः च कर्णः च समितिञ्जयः च कृपः अश्वत्थामा विकर्णः च तथा एव सौमदत्तिः च (अस्ति)"," भवान्भीष्मश्च कर्णश्च कृपश्च समितिञ्जयः।# अश्वत्थामा विकर्णश्च सौमदत्तिस्तथैव च॥8॥"
"अन्ये च बहवः शूराः मत्-अर्थे त्यक्तजीविताः नाना-शस्त्र-प्रहरणाः सर्वे युद्ध-विशारदाः (सन्ति)","नाना-शस्त्र-प्रहरणाः शूराः सर्वे युद्ध-विशारदाः अन्ये च बहवः मत्-अर्थे त्यक्तजीविताः (सन्ति)"," अन्ये च बहवः शूरा मदर्थे त्यक्तजीविताः।# नानाशस्त्रप्रहरणाः सर्वे युद्धविशारदाः॥9॥"
"अ-पर्याप्तम् तत् अस्माकम् बलम् भीष्म-अभिरक्षितम् (अस्ति) पर्याप्तम् तु इदम् एतेषाम् बलम् भीम-अभिरक्षितम् (अस्ति)","भीष्म-अभिरक्षितम् अस्माकम् तत् बलम् अ-पर्याप्तम् (अस्ति) इदम् तु एतेषाम् भीम-अभिरक्षितम् बलम् पर्याप्तम् (अस्ति)"," अपर्याप्तं तदस्माकं बलं भीष्माभिरक्षितम्।# पर्याप्तं त्विदमेतेषां बलं भीमाभिरक्षितम्॥10॥"
"अयनेषु च सर्वेषु यथा-भागम् अवस्थिताः भीष्मम् एव अभिरक्षन्तु भवन्तः सर्वे एव हि","सर्वेषु अयनेषु च यथा-भागम् अवस्थिताः भवन्तः सर्वे एव हि भीष्मम् एव अभिरक्षन्तु"," अयनेषु च सर्वेषु यथाभागमवस्थिताः।# भीष्ममेवाभिरक्षन्तु भवन्तः सर्व एव हि॥11॥"
"तस्य सञ्जनयन् हर्षं कुरु-वृद्धः पितामहः सिंहनादं विनद्य उच्चैः शङ्खं दध्मौ प्रतापवान्","प्रतापवान् कुरु-वृद्धः पितामहः तस्य हर्षं सञ्जनयन् सिंहनादं विनद्य उच्चैः शङ्खं दध्मौ"," तस्य संजनयन्हर्षं कुरुवृद्धः पितामहः।# सिंहनादं विनद्योच्चैः शङ्खं दध्मौ प्रतापवान्॥12॥"
"ततः शङ्खाः च भेर्यः च पणव-आनक-गोमुखाः सहसा एव अभ्यहन्यन्त सः शब्दः तुमुलः अभवत्","ततः शङ्खाः च भेर्यः च पणव-आनक-गोमुखाः सहसा एव अभ्यहन्यन्त सः शब्दः तुमुलः अभवत्"," ततः शङ्खाश्च भेर्यश्च पणवानकगोमुखाः।# सहसैवाभ्यहन्यन्त स शब्दस्तुमुलोऽभवत्॥13॥"
"ततः श्वेतैः हयैः युक्ते महति स्यन्दने स्थितौ माधवः पाण्डवः च एव दिव्यौ शङ्खौ प्रदध्मतुः","ततः माधवः पाण्डवः च श्वेतैः हयैः युक्ते महति स्यन्दने स्थितौ एव दिव्यौ शङ्खौ प्रदध्मतुः"," ततः श्वेतैर्हयैर्युक्ते महति स्यन्दने स्थितौ।# माधवः पाण्डवश्चैव दिव्यौ शङ्खौ प्रदध्मतुः॥14॥"
"पाञ्चजन्यम् हृषीकेशः (दध्मौ) देवदत्तम् (दध्मौ) धनञ्जयः पौण्ड्रम् दध्मौ महान्-शङ्खम् भीम-कर्मा वृक-उदरः","हृषीकेशः पाञ्चजन्यम् (दध्मौ) धनञ्जयः देवदत्तम् (दध्मौ) भीम-कर्मा वृक-उदरः महान्-शङ्खम् पौण्ड्रम् दध्मौ"," पाञ्चजन्यं हृषीकेशो देवदत्तं धनंजयः।# पौण्ड्रं दध्मौ महाशङ्खं भीमकर्मा वृकोदरः॥15॥"
"अनन्तविजयं राजा कुन्तीपुत्रः युधिष्ठिरः (दध्मौ) नकुलः सहदेवः च सुघोष-मणिपुष्पकौ (दध्मतुः)","कुन्तीपुत्रः राजा युधिष्ठिरः अनन्तविजयं (दध्मौ) नकुलः सहदेवः च सुघोष-मणिपुष्पकौ (दध्मतुः)"," अनन्तविजयं राजा कुन्तीपुत्रो युधिष्ठिरः।# नकुलः सहदेवश्च सुघोषमणिपुष्पकौ॥16॥"
"काश्यः च परम-इष्वासः शिखण्डी च महा-रथः धृष्ट-द्युम्नः विराटः च सात्यकिः च अ-पराजितः द्रुपदः द्रौपदेयाः च सर्वशः पृथिवी-पते सौभद्रः च महा-बाहुः शङ्खान् दध्मुः पृथक् पृथक्","पृथिवी-पते परम-इष्वासः काश्यः च महा-रथः शिखण्डी च धृष्ट-द्युम्नः विराटः च अ-पराजितः सात्यकिः च द्रुपदः द्रौपदेयाः च महा-बाहुः सौभद्रः च सर्वशः पृथक् पृथक् शङ्खान् दध्मुः","काश्यश्च परमेष्वासः शिखण्डी च महारथः।#धृष्टद्युम्नो विराटश्च सात्यकिश्चापराजितः॥17॥# द्रुपदो द्रौपदेयाश्च सर्वशः पृथिवीपते।#सौभद्रश्च महाबाहुः शङ्खान्दध्मुः पृथक्पृथक्॥18॥"
"सः घोषः धार्तराष्ट्राणाम् हृदयानि व्यदारयत् नभः च पृथिवीम् च एव तुमुलः व्यनुनादयन्","सः तुमुलः घोषः नभः च पृथिवीम् च एव व्यनुनादयन् धार्तराष्ट्राणाम् हृदयानि व्यदारयत्"," स घोषो धार्तराष्ट्राणां हृदयानि व्यदारयत्।# नभश्च पृथिवीं चैव तुमुलो व्यनुनादयन्॥19॥"
"अथ व्यवस्थितान् दृष्ट्वा धार्तराष्ट्रान् कपि-ध्वजः प्रवृत्ते शस्त्र-सम्पाते धनुः उद्यम्य पाण्डवः हृषीकेशम् तदा वाक्यम् इदम् आह मही-पते सेनयोः उभयोः मध्ये रथम् स्थापय मे अ-च्युत (इति)","मही-पते अथ व्यवस्थितान् धार्तराष्ट्रान् दृष्ट्वा कपि-ध्वजः पाण्डवः शस्त्र-सम्पाते प्रवृत्ते धनुः उद्यम्य तदा हृषीकेशम् इदम् वाक्यम् आह अ-च्युत मे रथम् सेनयोः उभयोः मध्ये स्थापय (इति)"," अथ व्यवस्थितान् दृष्ट्वा धार्तराष्ट्रान्कपिध्वजः।#प्रवृत्ते शस्त्रसंपाते धनुरुद्यम्य पाण्डवः॥20॥# हृषीकेशं तदा वाक्यमिदमाह महीपते।#सेनयोरुभयोर्मध्ये रथं स्थापय मेऽच्युत॥21॥"
"यावत् एतान् निरीक्षे अहम् योद्धु-कामान् अवस्थितान् कैः मया सह योद्धव्यम् अस्मिन् रण-समुद्यमे (तावत्) (रथं) (स्थापय)","यावत् अहम् अस्मिन् रण-समुद्यमे कैः मया सह योद्धव्यम् अवस्थितान् एतान् योद्धु-कामान् निरीक्षे (तावत्) (रथं) (स्थापय)"," यावदेतान्निरीक्षेऽहं योद्धुकामानवस्थितान्।# कैर्मया सह योद्धव्यमस्मिन्रणसमुद्यमे॥22॥"
"योत्स्यमानान् (तान्) अवेक्षे अहम् ये एते अत्र समागताः धार्तराष्ट्रस्य दुर्-बुद्धेः युद्धे प्रिय-चिकीर्षवः","ये एते युद्धे दुर्-बुद्धेः धार्तराष्ट्रस्य प्रिय-चिकीर्षवः अत्र समागताः (तान्) योत्स्यमानान् अहम् अवेक्षे"," योत्स्यमानानवेक्षेऽहं य एतेऽत्र समागताः।# धार्तराष्ट्रस्य दुर्बुद्धेर्युद्धे प्रियचिकीर्षवः॥23॥"
"एवम् उक्तः हृषीकेशः गुडाकेशेन भारत सेनयोः उभयोः मध्ये स्थापयित्वा रथ-उत्तमम् भीष्म-द्रोण-प्रमुखतः सर्वेषाम् च महीक्षिताम् उवाच पार्थ पश्य एतान् समवेतान् कुरून् इति (त्वम्)","भारत गुडाकेशेन एवम् उक्तः हृषीकेशः उभयोः सेनयोः मध्ये च सर्वेषाम् महीक्षिताम् भीष्म-द्रोण-प्रमुखतः रथ-उत्तमम् स्थापयित्वा पार्थ एतान् समवेतान् कुरून् (त्वम्) पश्य इति उवाच"," एवमुक्तो हृषीकेशो गुडाकेशेन भारत।#सेनयोरुभयोर्मध्ये स्थापयित्वा रथोत्तमम्॥24॥# भीष्मद्रोणप्रमुखतः सर्वेषां च महीक्षिताम्।#उवाच पार्थ पश्यैतान्समवेतान्कुरूनिति॥25॥"
"तत्र अपश्यत् स्थितान् पार्थः पितॄन् अथ पितामहान् आचार्यान् मातुलान् भ्रातॄन् पुत्रान् पौत्रान् सखीन् तथा श्वशुरान् सुहृदः च एव सेनयोः उभयोः अपि","अथ पार्थः तत्र स्थितान् पितॄन् पितामहान् आचार्यान् मातुलान् भ्रातॄन् पुत्रान् पौत्रान् सखीन् तथा श्वशुरान् सुहृदः च एव उभयोः अपि सेनयोः अपश्यत्"," तत्रापश्यत्स्थितान्पार्थः पितृनथ पितामहान्।#आचार्यान्मातुलान्भ्रातृन्पुत्रान्पौत्रान्सखींस्तथा॥26॥# श्वशुरान्सुहृदश्चैव सेनयोरुभयोरपि।"
"तान् समीक्ष्य सः कौन्तेयः सर्वान् बन्धून् अवस्थितान् कृपया परया आविष्टः विषीदन् इदम् अब्रवीत्","परया कृपया आविष्टः सः कौन्तेयः तान् सर्वान् अवस्थितान् बन्धून् समीक्ष्य विषीदन् इदम् अब्रवीत्"," तान्समीक्ष्य स कौन्तेयः सर्वान्बन्धूनवस्थितान्॥27॥# कृपया परयाऽऽविष्टो विषीदन्निदमब्रवीत्।"
"दृष्ट्वा इमम् स्व-जनम् कृष्ण युयुत्सुम् समुपस्थितम् सीदन्ति मम गात्राणि मुखम् च परिशुष्यति वेपथुः च शरीरे मे रोम-हर्षः च जायते","कृष्ण समुपस्थितम् युयुत्सुम् इमम् स्व-जनम् दृष्ट्वा मम गात्राणि सीदन्ति मुखम् च परिशुष्यति मे शरीरे वेपथुः च रोम-हर्षः च जायते"," दृष्ट्वेमं स्वजनं कृष्ण युयुत्सुं समुपस्थितम्॥28॥# सीदन्ति मम गात्राणि मुखं च परिशुष्यति।#वेपथुश्च शरीरे मे रोमहर्षश्च जायते॥29॥"
"गाण्डीवम् स्रंसते हस्तात् त्वक् च एव परिदह्यते न च शक्नोमि अवस्थातुम् (अहम्) भ्रमति इव च मे मनः","हस्तात् गाण्डीवम् स्रंसते त्वक् च एव परिदह्यते मे मनः च भ्रमति इव (अहम्) अवस्थातुम् च न शक्नोमि"," गाण्डीवं स्रंसते हस्तात्त्वक्चैव परिदह्यते।# न च शक्नोम्यवस्थातुं भ्रमतीव च मे मनः॥30॥"
"निमित्तानि च पश्यामि विपरीतानि केशव (अहम्) न च श्रेयः अनुपश्यामि हत्वा स्व-जनम् आहवे (अहम्)","केशव (अहम्) निमित्तानि च विपरीतानि पश्यामि (अहम्) आहवे स्व-जनम् हत्वा श्रेयः च न अनुपश्यामि"," निमित्तानि च पश्यामि विपरीतानि केशव।# न च श्रेयोऽनुपश्यामि हत्वा स्वजनमाहवे॥31॥"
"न (काङ्क्षे) काङ्क्षे विजयम् कृष्ण न च राज्यम् सुखानि च किम् नः राज्येन गोविन्द (सिद्ध्यति) किम् भोगैः जीवितेन वा (सिद्ध्यति) (अहम्)","कृष्ण (अहम्) विजयम् न काङ्क्षे राज्यम् च सुखानि च न (काङ्क्षे) गोविन्द राज्येन नः किम् (सिद्ध्यति) भोगैः जीवितेन वा किम् (सिद्ध्यति)"," न काङ्क्षे विजयं कृष्ण न च राज्यं सुखानि च।# किं नो राज्येन गोविन्द किं भोगैर्जीवितेन वा॥32॥"
"येषाम् अर्थे काङ्क्षितम् नः राज्यम् भोगाः सुखानि च ते इमे अवस्थिताः युद्धे प्राणान् त्यक्त्वा धनानि च आचार्याः पितरः पुत्राः तथा एव च पितामहाः मातुलाः श्वशुराः पौत्राः श्यालाः सम्बन्धिनः तथा","येषाम् अर्थे राज्यम् भोगाः सुखानि च नः काङ्क्षितम् ते इमे आचार्याः पितरः पुत्राः तथा एव च पितामहाः मातुलाः श्वशुराः पौत्राः श्यालाः तथा सम्बन्धिनः प्राणान् धनानि च त्यक्त्वा युद्धे अवस्थिताः"," येषामर्थे काङ्क्षितं नो राज्यं भोगाः सुखानि च।#त इमेऽवस्थिता युद्धे प्राणांस्त्यक्त्वा धनानि च॥33॥# आचार्याः पितरः पुत्रास्तथैव च पितामहाः।#मातुलाः श्वशुराः पौत्राः श्यालाः सम्बन्धिनस्तथा॥34॥"
"एतान् न हन्तुम् इच्छामि (अहम्) घ्नतः अपि मधुसूदन अपि त्रै-लोक्य-राज्यस्य हेतोः किम्(किमर्थम्) नु मही-कृते मारयामि","मधुसूदन घ्नतः अपि त्रै-लोक्य-राज्यस्य हेतोः अपि एतान् हन्तुम् न (अहम्) इच्छामि किम्(किमर्थम्) नु मही-कृते मारयामि"," एतान्न हन्तुमिच्छामि घ्नतोऽपि मधुसूदन।# अपि त्रैलोक्यराज्यस्य हेतोः किं नु महीकृते॥35॥"
"निहत्य धार्तराष्ट्रान् नः का प्रीतिः स्यात् जनार्दन पापम् एव आश्रयेत् अस्मान् हत्वा एतान् आततायिनः","जनार्दन धार्तराष्ट्रान् निहत्य नः का प्रीतिः स्यात् एतान् आततायिनः हत्वा अस्मान् पापम् एव आश्रयेत्"," निहत्य धार्तराष्ट्रान्नः का प्रीतिः स्याज्जनार्दन।# पापमेवाश्रयेदस्मान्हत्वैतानाततायिनः॥36॥"
"तस्मात् न अर्हाः (स्मः) वयम् हन्तुम् धार्तराष्ट्रान् स्व-बान्धवान् स्व-जनम् हि कथम् हत्वा सुखिनः स्याम माधव (वयम्)","माधव तस्मात् वयम् स्व-बान्धवान् धार्तराष्ट्रान् हन्तुम् न अर्हाः (स्मः) (वयम्) स्व-जनम् हि हत्वा कथम् सुखिनः स्याम"," तस्मान्नार्हा वयं हन्तुं धार्तराष्ट्रान्स्वबान्धवान्।# स्वजनं हि कथं हत्वा सुखिनः स्याम माधव॥37॥"
"यद्यपि एते न पश्यन्ति लोभ-उपहत-चेतसः कुल-क्षय-कृतम् दोषम् मित्र-द्रोहे च पातकम् कथम् न ज्ञेयम् अस्माभिः पापात् अस्मात् निवर्तितुम् कुल-क्षय-कृतम् दोषम् प्रपश्यद्भिः जनार्दन","यद्यपि एते लोभ-उपहत-चेतसः कुल-क्षय-कृतम् दोषम् मित्र-द्रोहे पातकम् च न पश्यन्ति जनार्दन कुल-क्षय-कृतम् दोषम् प्रपश्यद्भिः अस्माभिः अस्मात् पापात् निवर्तितुम् कथम् न ज्ञेयम्"," यद्यप्येते न पश्यन्ति लोभोपहतचेतसः।#कुलक्षयकृतं दोषं मित्रद्रोहे च पातकम्॥38॥# कथं न ज्ञेयमस्माभिः पापादस्मान्निवर्तितुम्।#कुलक्षयकृतं दोषं प्रपश्यद्भिर्जनार्दन॥39॥"
"कुल-क्षये प्रणश्यन्ति कुल-धर्माः सनातनाः धर्मे नष्टे कुलम् कृत्स्नम् अ-धर्मः अभिभवति उत","कुल-क्षये सनातनाः कुल-धर्माः प्रणश्यन्ति धर्मे नष्टे कृत्स्नम् उत कुलम् अ-धर्मः अभिभवति"," कुलक्षये प्रणश्यन्ति कुलधर्माः सनातनाः।# धर्मे नष्टे कुलं कृत्स्नमधर्मोऽभिभवत्युत॥40॥"
"अ-धर्म-अभिभवात् कृष्ण प्रदुष्यन्ति कुल-स्त्रियः स्त्रीषु दुष्टासु वार्ष्णेय जायते वर्ण-सङ्करः","कृष्ण अ-धर्म-अभिभवात् कुल-स्त्रियः प्रदुष्यन्ति वार्ष्णेय स्त्रीषु दुष्टासु वर्ण-सङ्करः जायते"," अधर्माभिभवात्कृष्ण प्रदुष्यन्ति कुलस्त्रियः।# स्त्रीषु दुष्टासु वार्ष्णेय जायते वर्णसङ्करः॥41॥"
"सङ्करः नरकाय एव कुल-घ्नानाम् कुलस्य च (भवति) पतन्ति पितरः हि एषाम् लुप्त-पिण्ड-उदक-क्रियाः","सङ्करः कुल-घ्नानाम् कुलस्य च नरकाय एव (भवति) एषाम् पितरः हि लुप्त-पिण्ड-उदक-क्रियाः पतन्ति"," सङ्करो नरकायैव कुलघ्नानां कुलस्य च।# पतन्ति पितरो ह्येषां लुप्तपिण्डोदकक्रियाः॥42॥"
"दोषैः एतैः कुल-घ्नानाम् वर्ण-सङ्कर-कारकैः उत्साद्यन्ते जाति-धर्माः कुल-धर्माः च शाश्वताः","एतैः वर्ण-सङ्कर-कारकैः दोषैः कुल-घ्नानाम् शाश्वताः कुल-धर्माः जाति-धर्माः च उत्साद्यन्ते"," दोषैरेतैः कुलघ्नानां वर्णसङ्करकारकैः।# उत्साद्यन्ते जातिधर्माः कुलधर्माश्च शाश्वताः॥43॥"
"उत्सन्न-कुल-धर्माणाम् मनुष्याणाम् जनार्दन नरके अ-नियतम् वासः भवति इति अनुशुश्रुम (वयम्)","जनार्दन उत्सन्न-कुल-धर्माणाम् मनुष्याणाम् नरके अ-नियतम् वासः भवति इति (वयम्) अनुशुश्रुम"," उत्सन्नकुलधर्माणां मनुष्याणां जनार्दन।# नरकेऽनियतं वासो भवतीत्यनुशुश्रुम॥44॥"
"अहो बत महत् पापम् कर्तुम् व्यवसिताः वयम् यत् राज्य-सुख-लोभेन हन्तुम् उद्यताः स्व-जनम्","अहो बत वयम् महत् पापम् कर्तुम् व्यवसिताः यत् राज्य-सुख-लोभेन स्व-जनम् हन्तुम् उद्यताः"," अहो बत महत्पापं कर्तुं व्यवसिता वयम्।# यद्राज्यसुखलोभेन हन्तुं स्वजनमुद्यताः॥45॥"
"यदि माम् अ-प्रतीकारम् अ-शस्त्रम् शस्त्र-पाणयः धार्तराष्ट्राः रणे हन्युः तत् मे क्षेमतरम् भवेत् (तर्हि)","यदि शस्त्र-पाणयः धार्तराष्ट्राः अ-शस्त्रम् अ-प्रतीकारम् माम् रणे हन्युः (तर्हि) तत् मे क्षेमतरम् भवेत्"," यदि मामप्रतीकारमशस्त्रं शस्त्रपाणयः।# धार्तराष्ट्रा रणे हन्युस्तन्मे क्षेमतरं भवेत्॥46॥"
"एवम् उक्त्वा अर्जुनः सङ्ख्ये रथ-उपस्थे उपाविशत् विसृज्य स-शरम् चापम् शोक-संविग्न-मानसः","सङ्ख्ये शोक-संविग्न-मानसः अर्जुनः एवम् उक्त्वा स-शरम् चापम् विसृज्य रथ-उपस्थे उपाविशत्"," एवमुक्त्वाऽर्जुनः संख्ये रथोपस्थ उपाविशत्।# विसृज्य सशरं चापं शोकसंविग्नमानसः॥47॥"
"तम् तथा कृपया आविष्टम् अश्रु-पूर्ण-आकुल-ईक्षणम् विषीदन्तम् इदम् वाक्यम् उवाच मधुसूदनः","तथा कृपया आविष्टम् अश्रु-पूर्ण-आकुल-ईक्षणम् विषीदन्तम् तम् मधुसूदनः इदम् वाक्यम् उवाच","तं तथा कृपयाऽविष्टमश्रुपूर्णाकुलेक्षणम्।# विषीदन्तमिदं वाक्यमुवाच मधुसूदनः॥1॥"
"कुतः त्वा कश्मलम् इदम् विषमे समुपस्थितम् अन्-आर्य-जुष्टम् अ-स्वर्ग्यम् अ-कीर्ति-करम् अर्जुन","अर्जुन अन्-आर्य-जुष्टम् अ-स्वर्ग्यम् अ-कीर्ति-करम् इदम् कश्मलम् विषमे त्वा कुतः समुपस्थितम्","कुतस्त्वा कश्मलमिदं विषमे समुपस्थितम्।# अनार्यजुष्टमस्वर्ग्यमकीर्तिकरमर्जुन॥2॥"
"क्लैब्यम् मा स्म गमः(अगमः) पार्थ (त्वम्) न एतत् त्वयि उपपद्यते क्षुद्रम् हृदय-दौर्बल्यम् त्यक्त्वा उत्तिष्ठ परन्तप (त्वम्)","पार्थ (त्वम्) क्लैब्यम् मा स्म गमः(अगमः) एतत् त्वयि न उपपद्यते परन्तप (त्वम्) क्षुद्रम् हृदय-दौर्बल्यम् त्यक्त्वा उत्तिष्ठ","क्लैब्यं मा स्म गमः पार्थ नैतत्त्वय्युपपद्यते।# क्षुद्रं हृदयदौर्बल्यं त्यक्त्वोत्तिष्ठ परन्तप॥3॥"
"कथम् भीष्मम् अहम् सङ्ख्ये द्रोणम् च मधुसूदन इषुभिः प्रतियोत्स्यामि पूजा-अर्हौ अरिसूदन","मधुसूदन अहम् भीष्मम् द्रोणम् च सङ्ख्ये इषुभिः कथम् प्रतियोत्स्यामि अरिसूदन पूजा-अर्हौ","कथं भीष्ममहं संख्ये द्रोणं च मधुसूदन।# इषुभिः प्रतियोत्स्यामि पूजार्हावरिसूदन॥4॥"
"गुरून् अ-हत्वा हि महानुभावान् श्रेयः भोक्तुं भैक्ष्यम् अपि इह लोके हत्वा अर्थ-कामान् तु गुरून् इह एव भुञ्जीय भोगान् रुधिर-प्रदिग्धान्","महानुभावान् गुरून् अ-हत्वा हि भैक्ष्यम् अपि भोक्तुं इह लोके श्रेयः गुरून् हत्वा इह एव रुधिर-प्रदिग्धान् अर्थ-कामान् तु भोगान् भुञ्जीय","गुरूनहत्वा हि महानुभावान् श्रेयो भोक्तुं भैक्ष्यमपीह लोके।# हत्वार्थकामांस्तु गुरूनिहैव भुञ्जीय भोगान् रुधिरप्रदिग्धान्॥5॥"
"न च एतद् विद्मः कतरत् नः गरीयः यद् वा (वयम्) जयेम यदि वा नः जयेयुः यान् एव हत्वा न जिजीविषामः ते अवस्थिताः प्रमुखे धार्तराष्ट्राः (इति)","यान् हत्वा न जिजीविषामः ते एव धार्तराष्ट्राः अवस्थिताः प्रमुखे यद् वा (वयम्) जयेम यदि वा नः जयेयुः कतरत् नः गरीयः (इति) एतद् न च विद्मः","न चैतद्विद्मः कतरन्नो गरीयो यद्वा जयेम यदि वा नो जयेयुः।# यानेव हत्वा न जिजीविषामस्तेऽवस्थिताः प्रमुखे धार्तराष्ट्राः॥6॥"
"कार्पण्य-दोष-उपहत-स्वभावः पृच्छामि त्वाम् धर्म-सम्मूढ-चेताः यत् (अहम्) श्रेयः स्यात् निश्चितम् ब्रूहि तत् मे (त्वम्) शिष्यः ते अहम् शाधि (अस्मि) माम् त्वाम् प्रपन्नम् (त्वम्)","कार्पण्य-दोष-उपहत-स्वभावः धर्म-सम्मूढ-चेताः (अहम्) त्वाम् पृच्छामि यत् निश्चितम् श्रेयः स्यात् (त्वम्) तत् मे ब्रूहि अहम् ते शिष्यः (अस्मि) त्वाम् प्रपन्नम् माम् (त्वम्) शाधि","कार्पण्यदोषोपहतस्वभावः पृच्छामि त्वां धर्मसंमूढचेताः।# यच्छ्रेयः स्यान्निश्चितं ब्रूहि तन्मे शिष्यस्तेऽहं शाधि मां त्वां प्रपन्नम्॥7॥"
"न हि प्रपश्यामि मम अपनुद्यात् यत् शोकम् उच्छोषणम् इन्द्रियाणाम् अवाप्य भूमौ अ-सपत्नम् ऋद्धम् राज्यम् सुराणाम् अपि च आधिपत्यम् (अहम्) (तत्)","भूमौ अ-सपत्नम् ऋद्धम् राज्यम् सुराणाम् आधिपत्यम् च अवाप्य अपि मम यत् इन्द्रियाणाम् उच्छोषणम् शोकम् अपनुद्यात् (तत्) (अहम्) न हि प्रपश्यामि","न हि प्रपश्यामि ममापनुद्याद्यच्छोकमुच्छोषणमिन्द्रियाणाम्।# अवाप्य भूमावसपत्नमृद्धम् राज्यं सुराणामपि चाधिपत्यम्॥8॥"
"एवम् उक्त्वा हृषीक-ईशम् गुडाकेशः परन्-तप न योत्स्ये इति गोविन्दम् उक्त्वा तूष्णीम् बभूव ह","परन्-तप गुडाकेशः हृषीक-ईशम् एवम् उक्त्वा न योत्स्ये इति ह गोविन्दम् उक्त्वा तूष्णीम् बभूव","एवमुक्त्वा हृषीकेशं गुडाकेशः परन्तप।# न योत्स्य इति गोविन्दमुक्त्वा तूष्णीं बभूव ह॥9॥"
"तम् उवाच हृषीक-ईशः प्रहसन् इव भारत सेनयोः उभयोः मध्ये विषीदन्तम् इदम् वचः (स्थित्वा)","भारत उभयोः सेनयोः मध्ये (स्थित्वा) विषीदन्तम् तम् हृषीक-ईशः प्रहसन् इव इदम् वचः उवाच","तमुवाच हृषीकेशः प्रहसन्निव भारत।# सेनयोरुभयोर्मध्ये विषीदन्तमिदं वचः॥10॥"
"अ-शोच्यान् अन्वशोचः त्वम् प्रज्ञा-वादान् च भाषसे गत-असून् अ-गत-असून् च न अनुशोचन्ति पण्डिताः","त्वम् अ-शोच्यान् अन्वशोचः प्रज्ञा-वादान् च भाषसे पण्डिताः गत-असून् अ-गत-असून् च न अनुशोचन्ति","अशोच्यानन्वशोचस्त्वं प्रज्ञावादांश्च भाषसे।# गतासूनगतासूंश्च नानुशोचन्ति पण्डिताः॥11॥"
"न तु एव अहम् जातु न आसम् न त्वम् न इमे जन-अधिपाः न च एव न भविष्यामः सर्वे वयम् अतः परम् (आसीः) (आसन्)","अहम् न तु एव न जातु आसम् त्वम् न (आसीः) इमे जन-अधिपाः न (आसन्) वयम् सर्वे न च एव अतः परम् न भविष्यामः","न त्वेवाहं जातु नासं न त्वं नेमे जनाधिपाः।#न चैव न भविष्यामः सर्वे वयमतः परम्॥12॥"
"देहिनः अस्मिन् यथा देहे कौमारम् यौवनम् जरा (च) (भवति) तथा देह (भवति) अन्तर प्राप्तिः धीरः तत्र न मुह्यति","यथा देहिनः अस्मिन् देहे कौमारम् यौवनम् जरा (च) (भवति) तथा देह अन्तर प्राप्तिः (भवति) तत्र धीरः न मुह्यति","देहिनोऽस्मिन्यथा देहे कौमारं यौवनं जरा।# तथा देहान्तरप्राप्तिर्धीरस्तत्र न मुह्यति॥13॥"
"मात्रा-स्पर्शाः तु कौन्तेय शीत-उष्ण-सुख-दुःख-दाः आगम-अपायिनः अ-नित्याः तान् तितिक्षस्व भारत (त्वम्) (च) (सन्ति)","कौन्तेय मात्रा-स्पर्शाः तु शीत-उष्ण-सुख-दुःख-दाः आगम-अपायिनः अ-नित्याः (च) (सन्ति) भारत (त्वम्) तान् तितिक्षस्व","मात्रास्पर्शास्तु कौन्तेय शीतोष्णसुखदुःखदाः।# आगमापायिनोऽनित्यास्तांस्तितिक्षस्व भारत॥14॥"
"यम् हि न व्यथयन्ति एते पुरुषम् पुरुष-ऋषभ सम-दुःख-सुखम् धीरम् सः अमृतत्वाय कल्पते","पुरुष-ऋषभ एते यम् सम-दुःख-सुखम् हि धीरम् पुरुषम् न व्यथयन्ति सः अमृतत्वाय कल्पते","यं हि न व्यथयन्त्येते पुरुषं पुरुषर्षभ।# समदुःखसुखं धीरं सोऽमृतत्वाय कल्पते॥15॥"
"न अ-सतः विद्यते भावः न अ-भावः विद्यते सतः उभयोः अपि दृष्टः अन्तः तु अनयोः तत्त्व-दर्शिभिः","अ-सतः भावः न विद्यते सतः अ-भावः न विद्यते तत्त्व-दर्शिभिः तु अनयोः उभयोः अपि अन्तः दृष्टः","नासतो विद्यते भावो नाभावो विद्यते सतः।# उभयोरपि दृष्टोऽन्तस्त्वनयोस्तत्त्वदर्शिभिः॥16॥"
"अ-विनाशि तु तत् विद्धि (त्वम्) येन सर्वम् इदम् ततम् विनाशम् अ-व्ययस्य अस्य न कश्चित् कर्तुम् अर्हति","येन इदम् सर्वम् ततम् (त्वम्) तत् तु अ-विनाशि विद्धि अस्य अ-व्ययस्य विनाशम् कर्तुम् कश्चित् न अर्हति","अविनाशि तु तद्विद्धि येन सर्वमिदं ततम्।# विनाशमव्ययस्यास्य न कश्चित् कर्तुमर्हति॥17॥"
"अन्तवन्तः इमे देहाः नित्यस्य उक्ताः शरीरिणः अ-नाशिनः अ-प्रमेयस्य तस्मात् युध्यस्व भारत (त्वम्)","अ-नाशिनः अ-प्रमेयस्य नित्यस्य शरीरिणः इमे देहाः अन्तवन्तः उक्ताः भारत तस्मात् (त्वम्) युध्यस्व","अन्तवन्त इमे देहा नित्यस्योक्ताः शरीरिणः।# अनाशिनोऽप्रमेयस्य तस्माद्युध्यस्व भारत॥18॥"
"यः एनम् वेत्ति हन्तारम् यः च एनम् मन्यते हतम् उभौ तौ न विजानीतः न अयम् हन्ति न हन्यते (अयम्)","यः एनम् हन्तारम् वेत्ति यः च एनम् हतम् मन्यते तौ उभौ न विजानीतः अयम् न हन्ति (अयम्) न हन्यते","य एनं वेत्ति हन्तारं यश्चैनं मन्यते हतम्।# उभौ तौ न विजानीतो नायं हन्ति न हन्यते॥19॥"
"न (अयम्) जायते म्रियते वा कदाचित् न अयम् भूत्वा भविता वा न भूयः अ-जः नित्यः शाश्वतः अयम् पुराणः न हन्यते हन्यमाने शरीरे","(अयम्) कदाचित् न जायते न वा म्रियते अयम् भूत्वा भूयः भविता वा न अयम् अ-जः नित्यः शाश्वतः पुराणः शरीरे हन्यमाने न हन्यते","न जायते म्रियते वा कदाचिन्नायं भूत्वा भविता वा न भूयः।# अजो नित्यः शाश्वतोऽयं पुराणो न हन्यते हन्यमाने शरीरे॥20॥"
"वेद अ-विनाशिनम् नित्यम् यः एनम् अ-जम् अ-व्ययम् कथम् सः पुरुषः पार्थ कम् घातयति हन्ति कम् (च)","पार्थ यः एनम् अ-विनाशिनम् नित्यम् अ-जम् अ-व्ययम् वेद सः पुरुषः कथम् कम् घातयति कम् हन्ति (च)","वेदाविनाशिनं नित्यं य एनमजमव्ययम्।# कथं स पुरुषः पार्थ कं घातयति हन्ति कम्॥21॥"
"वासांसि जीर्णानि यथा विहाय नवानि गृह्णाति नरः अपराणि तथा शरीराणि विहाय जीर्णानि अन्यानि संयाति नवानि देही","यथा नरः जीर्णानि वासांसि विहाय अपराणि नवानि गृह्णाति तथा देही जीर्णानि शरीराणि विहाय अन्यानि नवानि संयाति","वासांसि जीर्णानि यथा विहाय नवानि गृह्णाति नरोऽपराणि।# तथा शरीराणि विहाय जीर्णान्यन्यानि संयाति नवानि देही॥22॥"
"न एनम् छिन्दन्ति शस्त्राणि न एनम् दहति पावकः न च एनम् क्लेदयन्ति आपः न शोषयति मारुतः (एनम्)","एनम् शस्त्राणि न छिन्दन्ति एनम् पावकः न दहति एनम् आपः न क्लेदयन्ति च (एनम्) मारुतः न शोषयति","नैनं छिन्दन्ति शस्त्राणि नैनं दहति पावकः।# न चैनं क्लेदयन्त्यापो न शोषयति मारुतः॥23॥"
"अ-छेद्यः अयम् (अस्ति) अ-दाह्यः अयम् अ-क्लेद्यः अ-शोष्यः एव च (अस्ति) नित्यः सर्व-गतः स्थाणुः अ-चलः अयम् सनातनः (च) (अस्ति)","अयम् अ-छेद्यः (अस्ति) अयम् अ-दाह्यः अ-क्लेद्यः अ-शोष्यः च एव (अस्ति) अयम् नित्यः सर्व-गतः स्थाणुः अ-चलः सनातनः (च) (अस्ति)","अच्छेद्योऽयमदाह्योऽयमक्लेद्योऽशोष्य एव च।# नित्यः सर्वगतः स्थाणुरचलोऽयं सनातनः॥24॥"
"अ-व्यक्तः अयम् (उच्यते) अ-चिन्त्यः अयम् अ-विकार्यः अयम् उच्यते तस्मात् एवम् विदित्वा एनम् न अनुशोचितुम् अर्हसि (त्वम्) (उच्यते)","अयम् अ-व्यक्तः (उच्यते) अयम् अ-चिन्त्यः (उच्यते) अयम् अ-विकार्यः उच्यते तस्मात् एनम् एवम् विदित्वा (त्वम्) अनुशोचितुम् न अर्हसि","अव्यक्तोऽयमचिन्त्योऽयमविकार्योऽयमुच्यते।# तस्मादेवं विदित्वैनं नानुशोचितुमर्हसि॥25॥"
"अथ च एनम् नित्य-जातम् नित्यम् वा मन्यसे मृतम् (त्वम्) तथापि त्वम् महा-बाहो न एवम् शोचितुम् अर्हसि","महा-बाहो अथ च एनम् नित्य-जातम् नित्यम् वा मृतम् (त्वम्) मन्यसे तथापि त्वम् एवम् शोचितुम् न अर्हसि","अथ चैनं नित्यजातं नित्यं वा मन्यसे मृतम्।# तथापि त्वं महाबाहो नैवं शोचितुमर्हसि॥26॥"
"जातस्य हि ध्रुवः मृत्युः (अस्ति) ध्रुवम् जन्म मृतस्य च (अस्ति) तस्मात् अ-परिहार्ये अर्थे न त्वम् शोचितुम् अर्हसि","जातस्य हि मृत्युः ध्रुवः (अस्ति) मृतस्य च जन्म ध्रुवम् (अस्ति) तस्मात् अ-परिहार्ये अर्थे त्वम् शोचितुम् न अर्हसि","जातस्य हि ध्रुवो मृत्युर्ध्रुवं जन्म मृतस्य च।# तस्मादपरिहार्येऽर्थे न त्वं शोचितुमर्हसि॥27॥"
"अ-व्यक्त-आदीनि भूतानि व्यक्त-मध्यानि भारत अ-व्यक्त-निधनानि एव (सन्ति) तत्र का परिदेवना (अस्ति) (च)","भारत भूतानि अ-व्यक्त-आदीनि व्यक्त-मध्यानि अ-व्यक्त-निधनानि (च) एव (सन्ति) तत्र का परिदेवना (अस्ति)","अव्यक्तादीनि भूतानि व्यक्तमध्यानि भारत।# अव्यक्तनिधनान्येव तत्र का परिदेवना॥28॥"
"आश्चर्यवत् पश्यति कश्चित् एनम् आश्चर्यवत् वदति तथा एव च अन्यः आश्चर्यवत् च एनम् अन्यः शृणोति श्रुत्वा अपि एनम् वेद न एव च कश्चित्","कश्चित् एनम् आश्चर्यवत् पश्यति तथा एव अन्यः च आश्चर्यवत् वदति अन्यः च एनम् आश्चर्यवत् शृणोति कश्चित् एनम् श्रुत्वा अपि न च एव वेद","आश्चर्यवत्पश्यति कश्चिदेनमाश्चर्यवद्वदति तथैव चान्यः।# आश्चर्यवच्चैनमन्यः श्रृणोति श्रुत्वाप्येनं वेद न चैव कश्चित्॥29॥"
"देही नित्यम् अ-वध्यः अयम् देहे सर्वस्य भारत (अस्ति) तस्मात् सर्वाणि भूतानि न त्वम् शोचितुम् अर्हसि","भारत सर्वस्य देहे अयम् देही नित्यम् अ-वध्यः (अस्ति) तस्मात् त्वम् सर्वाणि भूतानि शोचितुम् न अर्हसि","देही नित्यमवध्योऽयं देहे सर्वस्य भारत।# तस्मात्सर्वाणि भूतानि न त्वं शोचितुमर्हसि॥30॥"
"स्व-धर्मम् अपि च अवेक्ष्य न विकम्पितुम् अर्हसि (त्वम्) धर्म्यात् हि युद्धात् श्रेयः अन्यत् क्षत्रियस्य न विद्यते","स्व-धर्मम् च अवेक्ष्य अपि (त्वम्) विकम्पितुम् न अर्हसि क्षत्रियस्य हि धर्म्यात् युद्धात् अन्यत् श्रेयः न विद्यते","स्वधर्ममपि चावेक्ष्य न विकम्पितुमर्हसि।# धर्म्याद्धि युद्धाछ्रेयोऽन्यत्क्षत्रियस्य न विद्यते॥31॥"
"यदृच्छया च उपपन्नम् स्वर्ग-द्वारम् अपावृतम् सुखिनः क्षत्रियाः पार्थ लभन्ते युद्धम् ईदृशम्","पार्थ यदृच्छया उपपन्नम् अपावृतम् च स्वर्ग-द्वारम् ईदृशम् युद्धम् सुखिनः क्षत्रियाः लभन्ते","यदृच्छया चोपपन्नं स्वर्गद्वारमपावृतम्।# सुखिनः क्षत्रियाः पार्थ लभन्ते युद्धमीदृशम्॥32॥"
"अथ चेत् त्वम् इमम् धर्म्यम् सङ्ग्रामम् न करिष्यसि ततः स्व-धर्मम् कीर्तिम् च हित्वा पापम् अवाप्स्यसि (त्वम्)","अथ चेत् त्वम् इमम् धर्म्यम् सङ्ग्रामम् न करिष्यसि ततः कीर्तिम् स्व-धर्मम् च हित्वा पापम् (त्वम्) अवाप्स्यसि","अथ चेत्त्वमिमं धर्म्यं संग्रामं न करिष्यसि।# ततः स्वधर्मं कीर्तिं च हित्वा पापमवाप्स्यसि॥33॥"
"अ-कीर्तिम् च अपि भूतानि कथयिष्यन्ति ते अ-व्ययाम् सम्भावितस्य च अ-कीर्तिः मरणात् अतिरिच्यते","भूतानि च ते अ-कीर्तिम् अ-व्ययाम् अपि कथयिष्यन्ति सम्भावितस्य च अ-कीर्तिः मरणात् अतिरिच्यते","अकीर्तिं चापि भूतानि कथयिष्यन्ति तेऽव्ययाम्।# संभावितस्य चाकीर्तिर्मरणादतिरिच्यते॥34॥"
"भयात् रणात् उपरतम् मंस्यन्ते त्वाम् महा-रथाः येषाम् च त्वम् बहु-मतः भूत्वा यास्यसि लाघवम्","येषाम् त्वम् बहु-मतः भूत्वा लाघवम् यास्यसि महा-रथाः त्वाम् च भयात् रणात् उपरतम् मंस्यन्ते","भयाद्रणादुपरतं मंस्यन्ते त्वां महारथाः।# येषां च त्वं बहुमतो भूत्वा यास्यसि लाघवम्॥35॥"
"अ-वाच्य-वादान् च बहून् वदिष्यन्ति तव अ-हिताः निन्दन्तः तव सामर्थ्यम् ततः दुःखतरम् नु (भविष्यति) किम्","तव अ-हिताः तव सामर्थ्यम् निन्दन्तः बहून् अ-वाच्य-वादान् च वदिष्यन्ति ततः दुःखतरम् नु किम् (भविष्यति)","अवाच्यवादांश्च बहून् वदिष्यन्ति तवाहिताः।# निन्दन्तस्तव सामर्थ्यं ततो दुःखतरं नु किम्॥36॥"
"हतः वा प्राप्स्यसि स्वर्गम् (त्वम्) जित्वा वा भोक्ष्यसे महीम् (त्वम्) तस्मात् उत्तिष्ठ कौन्तेय युद्धाय कृत-निश्चयः (त्वम्)","कौन्तेय हतः वा (त्वम्) स्वर्गम् प्राप्स्यसि (त्वम्) जित्वा वा महीम् भोक्ष्यसे तस्मात् युद्धाय कृत-निश्चयः (त्वम्) उत्तिष्ठ","हतो वा प्राप्स्यसि स्वर्गं जित्वा वा भोक्ष्यसे महीम्।# तस्मादुत्तिष्ठ कौन्तेय युद्धाय कृतनिश्चयः॥37॥"
"सुख-दुःखे समे कृत्वा लाभ-अ-लाभौ जय-अ-जयौ ततः युद्धाय युज्यस्व न एवम् पापम् अवाप्स्यसि (त्वम्) (च) (त्वम्)","(त्वम्) सुख-दुःखे लाभ-अ-लाभौ जय-अ-जयौ (च) समे कृत्वा ततः युद्धाय युज्यस्व एवम् (त्वम्) पापम् न अवाप्स्यसि","सुखदुःखे समे कृत्वा लाभालाभौ जयाजयौ।# ततो युद्धाय युज्यस्व नैवं पापमवाप्स्यसि॥38॥"
"एषा ते अभिहिता साङ्ख्ये बुद्धिः योगे तु इमाम् शृणु (त्वम्) बुद्ध्या युक्तः यया पार्थ कर्म-बन्धम् प्रहास्यसि (त्वम्)","पार्थ एषा बुद्धिः ते साङ्ख्ये अभिहिता (त्वम्) योगे तु इमाम् शृणु यया बुद्ध्या युक्तः (त्वम्) कर्म-बन्धम् प्रहास्यसि","एषा तेऽभिहिता सांख्ये बुद्धिर्योगे त्विमां शृणु।# बुद्ध्यायुक्तो यया पार्थ कर्मबन्धं प्रहास्यसि॥39॥"
"न इह अभिक्रम-नाशः अस्ति प्रत्यवायः न विद्यते स्वल्पम् अपि अस्य धर्मस्य त्रायते महतः भयात्","इह अभिक्रम-नाशः न अस्ति प्रत्यवायः न विद्यते अस्य धर्मस्य स्वल्पम् अपि महतः भयात् त्रायते","नेहाभिक्रमनाशोऽस्ति प्रत्यवायो न विद्यते।# स्वल्पमप्यस्य धर्मस्य त्रायते महतो भयात्॥40॥"
"व्यवसाय-आत्मिका बुद्धिः एका इह कुरु-नन्दन बहु-शाखाः हि अन्-अन्ताः च बुद्धयः अ-व्यवसायिनाम् (भवति) (भवन्ति)","कुरु-नन्दन इह व्यवसाय-आत्मिका बुद्धिः एका (भवति) अ-व्यवसायिनाम् च बुद्धयः अन्-अन्ताः बहु-शाखाः हि (भवन्ति)","व्यवसायात्मिका बुद्धिरेकेह कुरुनन्दन।# बहुशाखा ह्यनन्ताश्च बुद्धयोऽव्यवसायिनाम्॥41॥"
"याम् इमाम् पुष्पितां वाचं प्रवदन्ति अ-विपश्चितः वेद-वाद-रताः पार्थ न अन्यद् अस्ति इति वादिनः काम-आत्मनः स्वर्ग-पराः जन्म-कर्म-फल-प्रदाम् क्रिया-विशेष-बहुलाम् भोग-ऐश्वर्य-गतिम् प्रति भोग-ऐश्वर्य-प्रसक्तानाम् तया अपहृत-चेतसाम् व्यवसाय-आत्मिका बुद्धिः समाधौ न विधीयते","पार्थ काम-आत्मनः स्वर्ग-पराः वेद-वाद-रताः न अन्यद् अस्ति इति वादिनः अ-विपश्चितः जन्म-कर्म-फल-प्रदाम् भोग-ऐश्वर्य-गतिम् प्रति क्रिया-विशेष-बहुलाम् इमाम् पुष्पितां याम् वाचं प्रवदन्ति तया अपहृत-चेतसाम् भोग-ऐश्वर्य-प्रसक्तानाम् बुद्धिः व्यवसाय-आत्मिका समाधौ न विधीयते","यामिमां पुष्पितां वाचं प्रवदन्त्यविपश्चितः।# वेदवादरताः पार्थ नान्यदस्तीति वादिनः॥42॥#
कामात्मानः स्वर्गपरा जन्मकर्मफलप्रदाम्।# क्रियाविशेषबहुलां भोगैश्वर्यगतिं प्रति॥43॥# 
भोगैश्वर्यप्रसक्तानां तयापहृतचेतसाम्।# व्यवसायात्मिका बुद्धिः समाधौ न विधीयते॥44॥"
"त्रैगुण्य-विषयाः वेदाः (भवन्ति) निस्-त्रैगुण्यः भव अर्जुन निर्-द्वन्द्वः नित्य-सत्त्व-स्थः निर्-योग-क्षेमः आत्मवान् (च) (त्वम्)","अर्जुन वेदाः त्रैगुण्य-विषयाः (भवन्ति) (त्वम्) निस्-त्रैगुण्यः नित्य-सत्त्व-स्थः निर्-द्वन्द्वः निर्-योग-क्षेमः (च) आत्मवान् भव","त्रैगुण्यविषया वेदा निस्त्रैगुण्यो भवार्जुन।# निर्द्वन्द्वो नित्यसत्त्वस्थो निर्योगक्षेम आत्मवान्॥45॥"
"यावान् अर्थः उदपाने सर्वतः संप्लुत-उदके तावान् सर्वेषु वेदेषु ब्राह्मणस्य विजानतः (भवति) (अर्थः) (प्राप्ते) (भवति)","सर्वतः संप्लुत-उदके (प्राप्ते) उदपाने यावान् अर्थः (भवति) तावान् (अर्थः) विजानतः ब्राह्मणस्य सर्वेषु वेदेषु (भवति)","यावानर्थ उदपाने सर्वतः संप्लुतोदके।# तावान्सर्वेषु वेदेषु ब्राह्मणस्य विजानतः॥46॥"
"कर्मणि एव अधिकारः ते (अस्ति) मा फलेषु कदाचन (अस्ति) (अधिकारः) मा कर्म-फल-हेतुः भूः(अभूः) (त्वम्) मा ते सङ्गः अस्तु अ-कर्मणि","ते अधिकारः कर्मणि एव (अस्ति) फलेषु (अधिकारः) कदाचन मा (अस्ति) (त्वम्) कर्म-फल-हेतुः मा भूः(अभूः) ते अ-कर्मणि सङ्गः मा अस्तु","कर्मण्येवाधिकारस्ते मा फलेषु कदाचन।# मा कर्मफलहेतुर्भूर्मा ते सङ्गोऽस्त्वकर्मणि॥47॥"
"योग-स्थः कुरु कर्माणि सङ्गम् त्यक्त्वा धनञ्जय सिद्धि-अ-सिद्ध्योः समः भूत्वा (त्वम्) (त्वम्) समत्वम् योगः उच्यते","धनञ्जय (त्वम्) सङ्गम् त्यक्त्वा सिद्धि-अ-सिद्ध्योः (त्वम्) समः भूत्वा योग-स्थः कर्माणि कुरु समत्वम् योगः उच्यते","योगस्थः कुरु कर्माणि सङ्गं त्यक्त्वा धनञ्जय।# सिद्ध्यसिद्ध्योः समो भूत्वा समत्वं योग उच्यते॥48॥"
"दूरेण हि अवरम् कर्म बुद्धि-योगात् धनञ्जय (अस्ति) बुद्धौ शरणम् अन्विच्छ (त्वम्) कृपणाः फल-हेतवः (भवन्ति)","धनञ्जय कर्म बुद्धि-योगात् दूरेण अवरम् (अस्ति) (त्वम्) बुद्धौ शरणम् अन्विच्छ फल-हेतवः हि कृपणाः (भवन्ति)","दूरेण ह्यवरं कर्म बुद्धियोगाद्धनञ्जय।# बुद्धौ शरणमन्विच्छ कृपणाः फलहेतवः॥49॥"
"बुद्धि-युक्तः जहाति इह उभे सु-कृत-दुष्-कृते तस्मात् योगाय युज्यस्व (त्वम्) योगः कर्मसु कौशलम् (अस्ति)","बुद्धि-युक्तः सु-कृत-दुष्-कृते उभे इह जहाति तस्मात् (त्वम्) योगाय युज्यस्व योगः कर्मसु कौशलम् (अस्ति)","बुद्धियुक्तो जहातीह उभे सुकृतदुष्कृते।# तस्माद्योगाय युज्यस्व योगः कर्मसु कौशलम्॥50॥"
"कर्म-जम् बुद्धि-युक्ताः हि फलम् त्यक्त्वा मनीषिणः जन्म-बन्ध-विनिर्मुक्ताः पदम् गच्छन्ति अन्-आमयम् (भूत्वा)","(भूत्वा) बुद्धि-युक्ताः हि मनीषिणः कर्म-जम् फलम् त्यक्त्वा जन्म-बन्ध-विनिर्मुक्ताः अन्-आमयम् पदम् गच्छन्ति","कर्मजं बुद्धियुक्ता हि फलं त्यक्त्वा मनीषिणः।# जन्मबन्धविनिर्मुक्ताः पदं गच्छन्त्यनामयम्॥51॥"
"यदा ते मोह-कलिलम् बुद्धिः व्यतितरिष्यति तदा गन्तासि निर्वेदम् (त्वम्) श्रोतव्यस्य श्रुतस्य च","यदा ते बुद्धिः मोह-कलिलम् व्यतितरिष्यति तदा (त्वम्) श्रोतव्यस्य श्रुतस्य च निर्वेदम् गन्तासि","यदा ते मोहकलिलं बुद्धिर्व्यतितरिष्यति।# तदा गन्तासि निर्वेदं श्रोतव्यस्य श्रुतस्य च॥52॥"
"श्रुति-विप्रतिपन्ना ते यदा स्थास्यति निश्चला समाधौ अ-चला बुद्धिः तदा योगम् अवाप्स्यसि (त्वम्) (च)","यदा ते श्रुति-विप्रतिपन्ना बुद्धिः समाधौ निश्चला अ-चला (च) स्थास्यति तदा (त्वम्) योगम् अवाप्स्यसि","श्रुतिविप्रतिपन्ना ते यदा स्थास्यति निश्चला।# समाधावचला बुद्धिस्तदा योगमवाप्स्यसि॥53॥"
"स्थित-प्रज्ञस्य का भाषा समाधि-स्थस्य केशव (अस्ति) स्थित-धीः किम्(कथम्) प्रभाषेत किम्(कथम्) आसीत व्रजेत किम्(कथम्) (स्थित-धीः) (स्थित-धीः)","केशव समाधि-स्थस्य स्थित-प्रज्ञस्य का भाषा (अस्ति) स्थित-धीः किम्(कथम्) प्रभाषेत (स्थित-धीः) किम्(कथम्) आसीत (स्थित-धीः) किम्(कथम्) व्रजेत","स्थितप्रज्ञस्य का भाषा समाधिस्थस्य केशव।# स्थितधीः किं प्रभाषेत किमासीत व्रजेत किम्॥54॥"
"प्रजहाति यदा कामान् सर्वान् पार्थ मनो-गतान् आत्मनि एव आत्मना तुष्टः स्थित-प्रज्ञः तदा उच्यते (नरः)","पार्थ (नरः) मनो-गतान् कामान् सर्वान् यदा प्रजहाति आत्मना एव आत्मनि तुष्टः तदा स्थित-प्रज्ञः उच्यते","प्रजहाति यदा कामान् सर्वान् पार्थ मनोगतान्।# आत्मन्येवात्मना तुष्टः स्थितप्रज्ञस्तदोच्यते॥55॥"
"दुःखेषु अन्-उद्विग्न-मनाः सुखेषु विगत-स्पृहः वीत-राग-भय-क्रोधः स्थित-धीः मुनिः उच्यते","दुःखेषु अन्-उद्विग्न-मनाः सुखेषु विगत-स्पृहः वीत-राग-भय-क्रोधः मुनिः स्थित-धीः उच्यते","दुःखेष्वनुद्विग्नमनाः सुखेषु विगतस्पृहः।# वीतरागभयक्रोधः स्थितधीर्मुनिरुच्यते॥56॥"
"यः सर्वत्र अन्-अभिस्नेहः तत् तत् प्राप्य शुभ-अ-शुभम् न अभिनन्दति न द्वेष्टि तस्य प्रज्ञा प्रतिष्ठिता (भवति)","यः सर्वत्र अन्-अभिस्नेहः तत् तत् शुभ-अ-शुभम् प्राप्य न अभिनन्दति न द्वेष्टि तस्य प्रज्ञा प्रतिष्ठिता (भवति)","यः सर्वत्रानभिस्नेहस्तत्तत्प्राप्य शुभाशुभम्।# नाभिनन्दति न द्वेष्टि तस्य प्रज्ञा प्रतिष्ठिता॥57॥"
"यदा संहरते च अयम् कूर्मः अङ्गानि संहरते इव सर्वशः इन्द्रियाणि इन्द्रिय-अर्थेभ्यः तस्य प्रज्ञा प्रतिष्ठिता (भवति)","यदा अयम् कूर्मः अङ्गानि संहरते इव सर्वशः इन्द्रियाणि इन्द्रिय-अर्थेभ्यः च संहरते तस्य प्रज्ञा प्रतिष्ठिता (भवति)","यदा संहरते चायं कूर्मोऽङ्गानीव सर्वशः।# इन्द्रियाणीन्द्रियार्थेभ्यस्तस्य प्रज्ञा प्रतिष्ठिता॥58॥"
"विषयाः विनिवर्तन्ते निर्-आहारस्य देहिनः रस-वर्जम् रसः अपि अस्य परम् दृष्ट्वा निवर्तते","निर्-आहारस्य देहिनः विषयाः रस-वर्जम् विनिवर्तन्ते अस्य रसः अपि परम् दृष्ट्वा निवर्तते","विषया विनिवर्तन्ते निराहारस्य देहिनः।# रसवर्जं रसोऽप्यस्य परं दृष्ट्वा निवर्तते॥59॥"
"यततः हि अपि कौन्तेय पुरुषस्य विपश्चितः इन्द्रियाणि प्रमाथीनि हरन्ति प्रसभम् मनः","कौन्तेय यततः हि अपि विपश्चितः पुरुषस्य मनः प्रमाथीनि इन्द्रियाणि प्रसभम् हरन्ति","यततो ह्यपि कौन्तेय पुरुषस्य विपश्चितः।# इन्द्रियाणि प्रमाथीनि हरन्ति प्रसभं मनः॥60॥"
"तानि सर्वाणि संयम्य युक्तः आसीत मत्-परः वशे हि यस्य इन्द्रियाणि तस्य प्रज्ञा प्रतिष्ठिता (सन्ति)","तानि सर्वाणि संयम्य मत्-परः युक्तः आसीत यस्य इन्द्रियाणि वशे (सन्ति) तस्य प्रज्ञा हि प्रतिष्ठिता","तानि सर्वाणि संयम्य युक्त आसीत मत्परः।# वशे हि यस्येन्द्रियाणि तस्य प्रज्ञा प्रतिष्ठिता॥61॥"
"ध्यायतः विषयान् पुंसः सङ्गः तेषु उपजायते सङ्गात् सञ्जायते कामः कामात् क्रोधः अभिजायते","विषयान् ध्यायतः पुंसः सङ्गः तेषु उपजायते सङ्गात् कामः सञ्जायते कामात् क्रोधः अभिजायते","ध्यायतो विषयान्पुंसः सङ्गस्तेषूपजायते।# सङ्गात् संजायते कामः कामात्क्रोधोऽभिजायते॥62॥"
"क्रोधात् भवति सम्मोहः सम्मोहात् स्मृति-विभ्रमः स्मृति-भ्रंशात् बुद्धि-नाशः बुद्धि-नाशात् प्रणश्यति (सः) (भवति) (भवति)","क्रोधात् सम्मोहः भवति सम्मोहात् स्मृति-विभ्रमः (भवति) स्मृति-भ्रंशात् बुद्धि-नाशः (भवति) बुद्धि-नाशात् (सः) प्रणश्यति","क्रोधाद्भवति संमोहः संमोहात्स्मृतिविभ्रमः।# स्मृतिभ्रंशाद् बुद्धिनाशो बुद्धिनाशात्प्रणश्यति॥63॥"
"राग-द्वेष-वियुक्तैः तु विषयान् इन्द्रियैः चरन् आत्म-वश्यैः विधेय-आत्मा प्रसादम् अधिगच्छति","विधेय-आत्मा तु राग-द्वेष-वियुक्तैः इन्द्रियैः आत्म-वश्यैः विषयान् चरन् प्रसादम् अधिगच्छति","रागद्वेषवियुक्तैस्तु विषयानिन्द्रियैश्चरन्।# आत्मवश्यैर्विधेयात्मा प्रसादमधिगच्छति॥64॥"
"प्रसादे सर्व-दुःखानाम् हानिः अस्य उपजायते प्रसन्न-चेतसः हि आशु बुद्धिः पर्यवतिष्ठते (सति)","प्रसादे (सति) सर्व-दुःखानाम् अस्य हानिः उपजायते प्रसन्न-चेतसः हि बुद्धिः आशु पर्यवतिष्ठते","प्रसादे सर्वदुःखानां हानिरस्योपजायते।# प्रसन्नचेतसो ह्याशु बुद्धिः पर्यवतिष्ठते॥65॥"
"न अस्ति बुद्धिः अ-युक्तस्य न च अ-युक्तस्य भावना (अस्ति) न च अ-भावयतः शान्तिः (अस्ति) अ-शान्तस्य कुतः सुखम् (अस्ति)","अ-युक्तस्य बुद्धिः न अस्ति अ-युक्तस्य च भावना न (अस्ति) अ-भावयतः च शान्तिः न (अस्ति) अ-शान्तस्य सुखम् कुतः (अस्ति)","नास्ति बुद्धिरयुक्तस्य न चायुक्तस्य भावना।# न चाभावयतः शान्तिरशान्तस्य कुतः सुखम्॥66॥"
"इन्द्रियाणाम् हि चरताम् यत् मनः अनुविधीयते तत् अस्य हरति प्रज्ञाम् वायुः नावम् इव अम्भसि (हरति)","चरताम् हि इन्द्रियाणाम् यत् मनः अनुविधीयते तत् अस्य प्रज्ञाम् हरति अम्भसि वायुः नावम् इव (हरति)","इन्द्रियाणां हि चरतां यन्मनोऽनुविधीयते।# तदस्य हरति प्रज्ञां वायुर्नावमिवाम्भसि॥67॥"
"तस्मात् यस्य महत्-बाहो निगृहीतानि (सन्ति) सर्वशः इन्द्रियाणि इन्द्रिय-अर्थेभ्यः तस्य प्रज्ञा प्रतिष्ठिता (अस्ति)","महत्-बाहो तस्मात् यस्य इन्द्रियाणि इन्द्रिय-अर्थेभ्यः सर्वशः निगृहीतानि (सन्ति) तस्य प्रज्ञा प्रतिष्ठिता (अस्ति)","तस्माद्यस्य महाबाहो निगृहीतानि सर्वशः।# इन्द्रियाणीन्द्रियार्थेभ्यस्तस्य प्रज्ञा प्रतिष्ठिता॥68॥"
"या निशा सर्व-भूतानाम् तस्याम् जागर्ति संयमी यस्याम् जाग्रति भूतानि सा निशा पश्यतः मुनेः (भवति) (अस्ति)","या निशा सर्व-भूतानाम् (अस्ति) तस्याम् संयमी जागर्ति यस्याम् भूतानि जाग्रति पश्यतः मुनेः सा निशा (भवति)","या निशा सर्वभूतानां तस्यां जागर्ति संयमी।# यस्यां जाग्रति भूतानि सा निशा पश्यतो मुनेः॥69॥"
"आपूर्यमाणम् अ-चल-प्रतिष्ठम् समुद्रम् आपः प्रविशन्ति यद्वत् तद्वत् कामाः यम् प्रविशन्ति सर्वे सः शान्तिम् आप्नोति न काम-कामी (शान्तिम्) (आप्नोति)","आपः आपूर्यमाणम् अ-चल-प्रतिष्ठम् समुद्रम् यद्वत् प्रविशन्ति तद्वत् सर्वे कामाः यम् प्रविशन्ति सः शान्तिम् आप्नोति काम-कामी (शान्तिम्) न (आप्नोति)","आपूर्यमाणमचलप्रतिष्ठं समुद्रमापः प्रविशन्ति यद्वत्।# तद्वत्कामा यं प्रविशन्ति सर्वे स शान्तिमाप्नोति न कामकामी॥70॥"
"विहाय कामान् यः सर्वान् पुमान् चरति निस्-स्पृहः निर्-ममः निर्-अहङ्कारः सः शान्तिम् अधिगच्छति (सन्)","यः पुमान् सर्वान् कामान् विहाय निस्-स्पृहः निर्-ममः निर्-अहङ्कारः (सन्) चरति सः शान्तिम् अधिगच्छति","विहाय कामान्यः सर्वान्पुमांश्चरति निःस्पृहः।# निर्ममो निरहंकारः स शांतिमधिगच्छति॥71॥"
"एषा ब्राह्मी स्थितिः पार्थ (अस्ति) न एनाम् प्राप्य विमुह्यति (सः) स्थित्वा अस्याम् अन्त-काले अपि ब्रह्म-निर्वाणम् ऋच्छति (सः)","पार्थ एषा ब्राह्मी स्थितिः (अस्ति) (सः) एनाम् प्राप्य न विमुह्यति (सः) अन्त-काले अपि अस्याम् स्थित्वा ब्रह्म-निर्वाणम् ऋच्छति","एषा ब्राह्मी स्थितिः पार्थ नैनां प्राप्य विमुह्यति।#स्थित्वाऽस्यामन्तकालेऽपि ब्रह्मनिर्वाणमृच्छति॥72॥"
"ज्यायसी चेत् कर्मणः ते मता (भवति) बुद्धिः (अस्ति) (इति) जनार्दन तत् किम् कर्मणि घोरे माम् नियोजयसि केशव (त्वम्)","जनार्दन कर्मणः बुद्धिः ज्यायसी (अस्ति) (इति) ते मता (भवति) चेत् केशव तत् घोरे कर्मणि (त्वम्) माम् किम् नियोजयसि"," ज्यायसी चेत्कर्मणस्ते मता बुद्धिर्जनार्दन।# तत्किं कर्मणि घोरे मां नियोजयसि केशव॥1॥"
"व्यामिश्रेण इव वाक्येन बुद्धिम् मोहयसि (त्वम्) इव मे तत् एकम् वद (त्वम्) निश्चित्य येन श्रेयः अहम् आप्नुयाम्","व्यामिश्रेण इव वाक्येन मे बुद्धिम् (त्वम्) मोहयसि येन इव अहम् श्रेयः आप्नुयाम् तत् एकम् निश्चित्य (त्वम्) वद"," व्यामिश्रेणेव वाक्येन बुद्धिं मोहयसीव मे।# तदेकं वद निश्चित्य येन श्रेयोऽहमाप्नुयाम्॥2॥"
"लोके अस्मिन् द्विविधा (भवति) निष्ठा पुरा प्रोक्ता मया अनघ ज्ञानयोगेन साङ्ख्यानाम् कर्मयोगेन योगिनाम्","अनघ अस्मिन् लोके पुरा मया प्रोक्ता साङ्ख्यानाम् ज्ञानयोगेन योगिनाम् कर्मयोगेन द्विविधा निष्ठा (भवति)"," लोकेऽस्मिन्द्विविधा निष्ठा पुरा प्रोक्ता मयानघ।# ज्ञानयोगेन सांख्यानां कर्मयोगेन योगिनाम्॥3॥"
"न कर्मणाम् अन्-आरम्भात् नैष्कर्म्यम् पुरुषः अश्नुते (सः) न च सन्न्यसनात् एव सिद्धिम् समधिगच्छति","पुरुषः कर्मणाम् अन्-आरम्भात् नैष्कर्म्यम् न अश्नुते (सः) सन्न्यसनात् एव सिद्धिम् न च समधिगच्छति"," न कर्मणामनारम्भान्नैष्कर्म्यं पुरुषोऽश्नुते।# न च संन्यसनादेव सिद्धिं समधिगच्छति॥4॥"
"न हि कश्चित् क्षणम् अपि जातु तिष्ठति (ततः) अ-कर्मकृत् कार्यते (यतः) हि अवशः कर्म सर्वः प्रकृति-जैः गुणैः","(ततः) कश्चित् जातु क्षणम् अपि अ-कर्मकृत् न हि तिष्ठति (यतः) सर्वः हि प्रकृति-जैः गुणैः अवशः कर्म कार्यते"," न हि कश्चित्क्षणमपि जातु तिष्ठत्यकर्मकृत्।# कार्यते ह्यवशः कर्म सर्वः प्रकृतिजैर्गुणैः॥5॥"
"कर्म-इन्द्रियाणि संयम्य यः आस्ते मनसा स्मरन् इन्द्रिय-अर्थान् विमूढ-आत्मा मिथ्या-आचारः सः उच्यते","यः विमूढ-आत्मा कर्म-इन्द्रियाणि संयम्य इन्द्रिय-अर्थान् मनसा स्मरन् आस्ते सः मिथ्या-आचारः उच्यते"," कर्मेन्द्रियाणि संयम्य य आस्ते मनसा स्मरन्।# इन्द्रियार्थान्विमूढात्मा मिथ्याचारः स उच्यते॥6॥"
"यः तु इन्द्रियाणि मनसा नियम्य आरभते अर्जुन कर्म-इन्द्रियैः कर्म-योगम् अ-सक्तः सः विशिष्यते","अर्जुन यः तु अ-सक्तः इन्द्रियाणि मनसा नियम्य कर्म-इन्द्रियैः कर्म-योगम् आरभते सः विशिष्यते"," यस्त्विन्द्रियाणि मनसा नियम्यारभतेऽर्जुन।# कर्मेन्द्रियैः कर्मयोगमसक्तः स विशिष्यते॥7॥"
"नियतम् कुरु कर्म त्वम् कर्म ज्यायः (अस्ति) हि अ-कर्मणः शरीर-यात्रा अपि च ते न प्रसिद्ध्येत् अ-कर्मणः","त्वम् नियतम् कर्म कुरु कर्म हि अ-कर्मणः ज्यायः (अस्ति) अ-कर्मणः ते शरीर-यात्रा च अपि न प्रसिद्ध्येत्"," नियतं कुरु कर्म त्वं कर्म ज्यायो ह्यकर्मणः।# शरीरयात्रापि च ते न प्रसिद्ध्येदकर्मणः॥8॥"
"यज्ञ-अर्थात् कर्मणः अन्यत्र लोकः अयम् कर्म-बन्धनः तत्-अर्थम् कर्म कौन्तेय मुक्त-सङ्गः समाचर (भवति) (त्वम्)","यज्ञ-अर्थात् कर्मणः अन्यत्र अयम् लोकः कर्म-बन्धनः (भवति) तत्-अर्थम् कौन्तेय मुक्त-सङ्गः (त्वम्) कर्म समाचर","यज्ञार्थात् कर्मणोऽन्यत्र लोकोऽयं कर्मबन्धनः।#ततदर्थं कर्म कौन्तेय मुक्तसङ्गः समाचर॥9॥"
"सह-यज्ञाः प्रजाः सृष्ट्वा पुरा उवाच प्रजा-पतिः अनेन प्रसविष्यध्वम् एषः वः अस्तु इष्ट-काम-धुक्","प्रजा-पतिः पुरा सह-यज्ञाः प्रजाः सृष्ट्वा उवाच अनेन प्रसविष्यध्वम् एषः वः इष्ट-काम-धुक् अस्तु"," सहयज्ञाः प्रजाः सृष्ट्वा पुरोवाच प्रजापतिः।# अनेन प्रसविष्यध्वमेष वोऽस्त्विष्टकामधुक्॥10॥"
"देवान् भावयत अनेन (यूयम्) ते देवाः भावयन्तु वः (यूयम्) परस्परम् (एवम्) भावयन्तः श्रेयः परम् अवाप्स्यथ","(यूयम्) अनेन देवान् भावयत ते देवाः वः भावयन्तु (यूयम्) परस्परम् भावयन्तः (एवम्) परम् श्रेयः अवाप्स्यथ"," देवान्भावयतानेन ते देवा भावयन्तु वः।# परस्परं भावयन्तः श्रेयः परमवाप्स्यथ॥11॥"
"इष्टान् भोगान् हि वः देवाः दास्यन्ते यज्ञ-भाविताः तैः दत्तान् अप्रदाय एभ्यः यः भुङ्क्ते स्तेनः एव सः (अस्ति)","यज्ञ-भाविताः देवाः वः इष्टान् भोगान् हि दास्यन्ते तैः दत्तान् एभ्यः अप्रदाय यः भुङ्क्ते सः स्तेनः एव (अस्ति)"," इष्टान्भोगान्हि वो देवा दास्यन्ते यज्ञभाविताः।# तैर्दत्तानप्रदायैभ्यो यो भुङ्क्ते स्तेन एव सः॥12॥"
"यज्ञ-शिष्टा-अशिनः सन्तः मुच्यन्ते सर्व-किल्बिषैः भुञ्जते ते अघम् पापाः ये पचन्ति आत्म-कारणात् तु","यज्ञ-शिष्टा-अशिनः सन्तः सर्व-किल्बिषैः मुच्यन्ते ये पापाः आत्म-कारणात् पचन्ति ते तु अघम् भुञ्जते"," यज्ञशिष्टाशिनः सन्तो मुच्यन्ते सर्वकिल्बिषैः।# भुञ्जते ते त्वघं पापा ये पचन्त्यात्मकारणात्॥13॥"
"अन्नात् भवन्ति भूतानि पर्जन्यात् अन्न-सम्भवः यज्ञात् भवति पर्जन्यः यज्ञः कर्म-समुद्भवः (भवति) (भवति)","भूतानि अन्नात् भवन्ति पर्जन्यात् अन्न-सम्भवः (भवति) पर्जन्यः यज्ञात् भवति यज्ञः कर्म-समुद्भवः (भवति)"," अन्नाद्भवन्ति भूतानि पर्जन्यादन्नसम्भवः।# यज्ञाद्भवति पर्जन्यो यज्ञः कर्मसमुद्भवः॥14॥"
"कर्म (अस्ति) (इति) ब्रह्म-उद्भवम् विद्धि (त्वम्) ब्रह्म-अक्षर-समुद्भवम् (च) तस्मात् सर्व-गतम् ब्रह्म नित्यम् यज्ञे प्रतिष्ठितम् (भवति)","कर्म ब्रह्म-उद्भवम् ब्रह्म-अक्षर-समुद्भवम् (च) (अस्ति) (इति) (त्वम्) विद्धि तस्मात् सर्व-गतम् ब्रह्म नित्यम् यज्ञे प्रतिष्ठितम् (भवति)"," कर्म ब्रह्मोद्भवं विद्धि ब्रह्माक्षरसमुद्भवम्।# तस्मात्सर्वगतं ब्रह्म नित्यं यज्ञे प्रतिष्ठितम्॥15॥"
"एवम् प्रवर्तितम् चक्रम् न अनुवर्तयति इह यः अघ-आयुः इन्द्रिय-आरामः मोघम् पार्थ सः जीवति","पार्थ यः एवम् प्रवर्तितम् चक्रम् इह न अनुवर्तयति सः अघ-आयुः इन्द्रिय-आरामः मोघम् जीवति"," एवं प्रवर्तितं चक्रं नानुवर्तयतीह यः।# अघायुरिन्द्रियारामो मोघं पार्थ स जीवति॥16॥"
"यः तु आत्म-रतिः एव स्यात् आत्म-तृप्तः च मानवः आत्मनि एव च सन्तुष्टः तस्य कार्यम् न विद्यते","यः तु मानवः आत्म-रतिः एव आत्म-तृप्तः च आत्मनि एव सन्तुष्टः च स्यात् तस्य कार्यम् न विद्यते"," यस्त्वात्मरतिरेव स्यादात्मतृप्तश्च मानवः।# आत्मन्येव च सन्तुष्टस्तस्य कार्यं न विद्यते॥17॥"
"न एव तस्य कृतेन अर्थः (अस्ति) न अ-कृतेन इह कश्चन (अस्ति) न च अस्य सर्व-भूतेषु कश्चित् अर्थ-व्यपाश्रयः (अस्ति)","(अस्ति) न एव तस्य कृतेन अ-कृतेन च इह कश्चन अर्थः न (अस्ति) अस्य सर्व-भूतेषु कश्चित् अर्थ-व्यपाश्रयः न (अस्ति)"," नैव तस्य कृतेनार्थो नाकृतेनेह कश्चन।# न चास्य सर्वभूतेषु कश्चिदर्थव्यपाश्रयः॥18॥"
"तस्मात् अ-सक्तः सततम् कार्यम् कर्म समाचर अ-सक्तः हि आचरन् कर्म परम् आप्नोति पूरुषः (त्वम्)","तस्मात् अ-सक्तः (त्वम्) सततम् कार्यम् कर्म समाचर अ-सक्तः हि कर्म आचरन् पूरुषः परम् आप्नोति"," तस्मादसक्तः सततं कार्यं कर्म समाचर।# असक्तो ह्याचरन्कर्म परमाप्नोति पूरुषः॥19॥"
"कर्मणा एव हि संसिद्धिम् आस्थिताः जनक-आदयः लोक-सङ्ग्रहम् एव अपि सम्पश्यन् कर्तुम् अर्हसि (त्वम्)","जनक-आदयः हि कर्मणा एव संसिद्धिम् आस्थिताः लोक-सङ्ग्रहम् सम्पश्यन् अपि (त्वम्) कर्तुम् एव अर्हसि"," कर्मणैव हि संसिद्धिमास्थिता जनकादयः।# लोकसंग्रहमेवापि संपश्यन्कर्तुमर्हसि॥20॥"
"यत् यत् आचरति श्रेष्ठः तत् तत् एव इतरः जनः (आचरति) सः यत् प्रमाणम् कुरुते लोकः तत् अनुवर्तते","श्रेष्ठः यत् यत् आचरति इतरः जनः तत् तत् एव (आचरति) सः यत् प्रमाणम् कुरुते लोकः तत् अनुवर्तते"," यद्यदाचरति श्रेष्ठस्तत्तदेवेतरो जनः।# स यत्प्रमाणं कुरुते लोकस्तदनुवर्तते॥21॥"
"न मे पार्थ अस्ति कर्तव्यम् त्रिषु लोकेषु किञ्चन न अन्-अवाप्तम् अवाप्तव्यम् वर्ते एव च कर्मणि (अहम्) अस्ति च","पार्थ त्रिषु लोकेषु मे किञ्चन कर्तव्यम् न अस्ति अवाप्तव्यम् अन्-अवाप्तम् च न अस्ति (अहम्) कर्मणि एव च वर्ते"," न मे पार्थास्ति कर्तव्यं त्रिषु लोकेषु किञ्चन।# नानवाप्तमवाप्तव्यं वर्त एव च कर्मणि॥22॥"
"यदि हि अहम् न वर्तेयम् जातु कर्मणि अ-तन्द्रितः मम वर्त्म अनुवर्तन्ते मनुष्याः पार्थ सर्वशः (तर्हि)","पार्थ यदि हि अहम् जातु कर्मणि अ-तन्द्रितः न वर्तेयम् (तर्हि) सर्वशः मनुष्याः मम वर्त्म अनुवर्तन्ते"," यदि ह्यहं न वर्तेयं जातु कर्मण्यतन्द्रितः।# मम वर्त्मानुवर्तन्ते मनुष्याः पार्थ सर्वशः॥23॥"
"उत्सीदेयुः इमे लोकाः न कुर्याम् कर्म चेत् अहम् सङ्करस्य च कर्ता स्याम् (अहम्) उपहन्याम् इमाः प्रजाः (अहम्)","अहम् कर्म न कुर्याम् चेत् इमे लोकाः उत्सीदेयुः (अहम्) च सङ्करस्य कर्ता स्याम् (अहम्) इमाः प्रजाः उपहन्याम्"," उत्सीदेयुरिमे लोका न कुर्यां कर्म चेदहम्।# सङ्करस्य च कर्ता स्यामुपहन्यामिमाः प्रजाः॥24॥"
"सक्ताः कर्मणि अ-विद्वांसः यथा कुर्वन्ति भारत कुर्यात् विद्वान् तथा अ-सक्तः चिकीर्षुः लोक-सङ्ग्रहम्","भारत अ-विद्वांसः कर्मणि सक्ताः यथा कुर्वन्ति तथा विद्वान् अ-सक्तः लोक-सङ्ग्रहम् चिकीर्षुः कुर्यात्"," सक्ताः कर्मण्यविद्वांसो यथा कुर्वन्ति भारत।# कुर्याद्विद्वांस्तथासक्तश्चिकीर्षुर्लोकसंग्रहम्॥25॥"
"न बुद्धि-भेदम् जनयेत् अ-ज्ञानाम् कर्म-सङ्गिनाम् जोषयेत् (सः) (विद्वान्) सर्व-कर्माणि विद्वान् युक्तः समाचरन्","युक्तः विद्वान् कर्म-सङ्गिनाम् अ-ज्ञानाम् बुद्धि-भेदम् न जनयेत् (सः) (विद्वान्) सर्व-कर्माणि समाचरन् जोषयेत्"," न बुद्धिभेदं जनयेदज्ञानां कर्मसङ्गिनाम्।# जोषयेत्सर्वकर्माणि विद्वान् युक्तः समाचरन्॥26॥"
"प्रकृतेः क्रियमाणानि गुणैः कर्माणि (यानि) सर्वशः (सन्ति) अहङ्कार-वि-मूढ-आत्मा कर्ता (तेषाम्) अहम् (अस्मि) इति मन्यते","प्रकृतेः गुणैः सर्वशः क्रियमाणानि कर्माणि (यानि) (सन्ति) (तेषाम्) कर्ता अहम् (अस्मि) इति अहङ्कार-वि-मूढ-आत्मा मन्यते"," प्रकृतेः क्रियमाणानि गुणैः कर्माणि सर्वशः।# अहङ्कारविमूढात्मा कर्ताऽहमिति मन्यते॥27॥"
"तत्त्व-वित् तु महान्-बाहो गुण-कर्म-विभागयोः गुणाः गुणेषु वर्तन्ते इति मत्वा न सज्जते","महान्-बाहो गुण-कर्म-विभागयोः तत्त्व-वित् तु गुणाः गुणेषु वर्तन्ते इति मत्वा न सज्जते"," तत्त्ववित्तु महाबाहो गुणकर्मविभागयोः।# गुणा गुणेषु वर्तन्त इति मत्वा न सज्जते॥28॥"
"प्रकृतेः गुण-सम्मूढाः सज्जन्ते गुण-कर्मसु तान् अ-कृत्स्न-विदः मन्दान् कृत्स्न-वित् न विचालयेत्","प्रकृतेः गुण-सम्मूढाः गुण-कर्मसु सज्जन्ते तान् अ-कृत्स्न-विदः मन्दान् कृत्स्न-वित् न विचालयेत्"," प्रकृतेर्गुणसम्मूढाः सज्जन्ते गुणकर्मसु।# तानकृत्स्नविदो मन्दान्कृत्स्नविन्न विचालयेत्॥29॥"
"मयि सर्वाणि कर्माणि सन्न्यस्य अधि-आत्म-चेतसा निर्-आशीः निर्-ममः भूत्वा युध्यस्व (त्वम्) विगत-ज्वरः","अधि-आत्म-चेतसा सर्वाणि कर्माणि मयि सन्न्यस्य (त्वम्) निर्-आशीः निर्-ममः विगत-ज्वरः भूत्वा युध्यस्व"," मयि सर्वाणि कर्माणि संन्यस्याध्यात्मचेतसा।# निराशीर्निर्ममो भूत्वा युध्यस्व विगतज्वरः॥30॥"
"ये मे मतम् इदम् नित्यम् अनुतिष्ठन्ति मानवाः श्रद्धावन्तः अन्-असूयन्तः मुच्यन्ते ते अपि कर्मभिः","ये मानवाः मे इदम् मतम् नित्यम् अनुतिष्ठन्ति ते अन्-असूयन्तः श्रद्धावन्तः अपि कर्मभिः मुच्यन्ते"," ये मे मतमिदं नित्यमनुतिष्ठन्ति मानवाः।# श्रद्धावन्तोऽनसूयन्तो मुच्यन्ते तेऽपि कर्मभिः॥31॥"
"ये तु एतत् अभ्यसूयन्तः न अनुतिष्ठन्ति मे मतम् सर्व-ज्ञान-वि-मूढान् तान् विद्धि नष्टान् (त्वम्) अ-चेतसः","ये तु अभ्यसूयन्तः मे एतत् मतम् न अनुतिष्ठन्ति (त्वम्) सर्व-ज्ञान-वि-मूढान् अ-चेतसः तान् नष्टान् विद्धि"," ये त्वेतदभ्यसूयन्तो नानुतिष्ठन्ति मे मतम्।# सर्वज्ञानविमूढांस्तान्विद्धि नष्टानचेतसः॥32॥"
"सदृशम् चेष्टते स्वस्याः प्रकृतेः ज्ञानवान् अपि प्रकृतिम् यान्ति भूतानि निग्रहः किम् करिष्यति","भूतानि प्रकृतिम् यान्ति ज्ञानवान् अपि स्वस्याः प्रकृतेः सदृशम् चेष्टते निग्रहः किम् करिष्यति"," सदृशं चेष्टते स्वस्याः प्रकृतेर्ज्ञानवानपि।# प्रकृतिं यान्ति भूतानि निग्रहः किं करिष्यति॥33॥"
"इन्द्रियस्य इन्द्रियस्य अर्थे राग-द्वेषौ व्यवस्थितौ (स्तः) तयोः न वशम् आगच्छेत् (कश्चन) तौ हि अस्य परिपन्थिनौ (स्तः)","इन्द्रियस्य इन्द्रियस्य अर्थे राग-द्वेषौ व्यवस्थितौ (स्तः) तयोः वशम् (कश्चन) न आगच्छेत् तौ हि अस्य परिपन्थिनौ (स्तः)"," इन्द्रियस्येन्द्रियस्यार्थे रागद्वेषौ व्यवस्थितौ।# तयोर्न वशमागच्छेत्तौ ह्यस्य परिपन्थिनौ॥34॥"
"श्रेयान् स्व-धर्मः वि-गुणः पर-धर्मात् सु-अनुष्ठितात् स्व-धर्मे निधनम् श्रेयः (अस्ति) पर-धर्मः भय-आवहः (भवति) (अस्ति)","सु-अनुष्ठितात् पर-धर्मात् वि-गुणः स्व-धर्मः श्रेयान् (अस्ति) स्व-धर्मे निधनम् श्रेयः (अस्ति) पर-धर्मः भय-आवहः (भवति)"," श्रेयान्स्वधर्मो विगुणः परधर्मात्स्वनुष्ठितात्।# स्वधर्मे निधनं श्रेयः परधर्मो भयावहः॥35॥"
"अथ केन प्रयुक्तः अयम् पापम् चरति पूरुषः अन्-इच्छन् अपि वार्ष्णेय बलात् इव नियोजितः","वार्ष्णेय अथ केन प्रयुक्तः अन्-इच्छन् अपि बलात् इव नियोजितः अयम् पूरुषः पापम् चरति"," अथ केन प्रयुक्तोऽयं पापं चरति पूरुषः।# अनिच्छन्नपि वार्ष्णेय बलादिव नियोजितः॥36॥"
"कामः एषः (अस्ति) क्रोधः एषः (अस्ति) रज-गुण-समुद्भवः महाशनः महापाप्मा विद्धि (त्वम्) एनम् इह वैरिणम् (अस्ति) (एषः)","एषः कामः (अस्ति) एषः क्रोधः (अस्ति) (एषः) रज-गुण-समुद्भवः महाशनः महापाप्मा (अस्ति) (त्वम्) इह एनम् वैरिणम् विद्धि"," काम एष क्रोध एष रजोगुणसमुद्भवः।# महाशनो महापाप्मा विद्ध्येनमिह वैरिणम्॥37॥"
"धूमेन आव्रियते वह्निः यथा आदर्शः मलेन च (आव्रियते) यथा उल्बेन आवृतः गर्भः तथा तेन इदम् आवृतम्","यथा धूमेन वह्निः (आव्रियते) च मलेन आदर्शः आव्रियते यथा उल्बेन गर्भः आवृतः तथा तेन इदम् आवृतम्"," धूमेनाव्रियते वह्निर्यथाऽऽदर्शो मलेन च।# यथोल्बेनावृतो गर्भस्तथा तेनेदमावृतम्॥38॥"
"आवृतम् ज्ञानम् एतेन ज्ञानिनः नित्य-वैरिणा काम-रूपेण कौन्तेय दुष्-पूरेण अनलेन च","कौन्तेय ज्ञानिनः एतेन नित्य-वैरिणा काम-रूपेण दुष्-पूरेण अनलेन च ज्ञानम् आवृतम्"," आवृतं ज्ञानमेतेन ज्ञानिनो नित्यवैरिणा।# कामरूपेण कौन्तेय दुष्पूरेणानलेन च॥39॥"
"इन्द्रियाणि मनः बुद्धिः अस्य अधिष्ठानम् उच्यते (च) एतैः विमोहयति एषः ज्ञानम् आवृत्य देहिनम्","इन्द्रियाणि मनः बुद्धिः (च) अस्य अधिष्ठानम् उच्यते एषः एतैः ज्ञानम् आवृत्य देहिनम् विमोहयति"," इन्द्रियाणि मनो बुद्धिरस्याधिष्ठानमुच्यते।# एतैर्विमोहयत्येष ज्ञानमावृत्य देहिनम्॥40॥"
"तस्मात् त्वम् इन्द्रियाणि आदौ नियम्य भरतर्षभ पाप्मानम् प्रजहि हि एनम् ज्ञान-विज्ञान-नाशनम्","भरतर्षभ तस्मात् त्वम् आदौ इन्द्रियाणि नियम्य एनम् ज्ञान-विज्ञान-नाशनम् पाप्मानम् हि प्रजहि"," तस्मात्त्वमिन्द्रियाण्यादौ नियम्य भरतर्षभ।# पाप्मानं प्रजहि ह्येनं ज्ञानविज्ञाननाशनम्॥41॥"
"इन्द्रियाणि पराणि आहुः इन्द्रियेभ्यः परं मनः (अस्ति) मनसः तु परा बुद्धिः (अस्ति) यः बुद्धेः परतः तु (अस्ति) सः (अस्ति) (आत्मा)","इन्द्रियाणि पराणि आहुः इन्द्रियेभ्यः परं मनः (अस्ति) मनसः परा तु बुद्धिः (अस्ति) यः बुद्धेः परतः तु (अस्ति) सः (आत्मा) (अस्ति)"," इन्द्रियाणि पराण्याहुरिन्द्रियेभ्यः परं मनः।# मनसस्तु परा बुद्धिर्यो बुद्धेः परतस्तु सः॥42॥"
"एवम् बुद्धेः परम् बुद्ध्वा संस्तभ्य आत्मानम् आत्मना जहि शत्रुम् महान्-बाहो काम-रूपम् दुरासदम् (त्वम्)","महान्-बाहो एवम् बुद्धेः परम् बुद्ध्वा आत्मना आत्मानम् संस्तभ्य (त्वम्) काम-रूपम् दुरासदम् शत्रुम् जहि"," एवं बुद्धेः परं बुद्ध्वा संस्तभ्यात्मानमात्मना।# जहि शत्रुं महाबाहो कामरूपं दुरासदम्॥43॥"
"इमम् विवस्वते योगम् प्रोक्तवान् अहम् अव्ययम् विवस्वान् मनवे प्राह मनुः इक्ष्वाकवे अब्रवीत्","अहम् विवस्वते इमम् अव्ययम् योगम् प्रोक्तवान् विवस्वान् मनवे प्राह मनुः इक्ष्वाकवे अब्रवीत्"," इमं विवस्वते योगं प्रोक्तवानहमव्ययम्।# विवस्वान् मनवे प्राह मनुरिक्ष्वाकवेऽब्रवीत्॥1॥"
"एवम् परम्परा-प्राप्तम् इमम् राज-ऋषयः विदुः सः कालेन इह महता योगः नष्टः परन्तप","परन्तप एवम् परम्परा-प्राप्तम् इमम् राज-ऋषयः विदुः महता कालेन इह सः योगः नष्टः"," एवं परम्पराप्राप्तमिमं राजर्षयो विदुः।# स कालेनेह महता योगो नष्टः परन्तप॥2॥"
"सः एव अयम् मया ते अद्य योगः प्रोक्तः पुरातनः भक्तः (त्वम्) असि मे सखा च इति रहस्यम् हि एतत् उत्तमम् (अस्ति)","सः एव अयम् पुरातनः योगः मया अद्य ते प्रोक्तः (त्वम्) मे भक्तः सखा च असि इति एतत् हि उत्तमम् रहस्यम् (अस्ति)"," स एवायं मया तेऽद्य योगः प्रोक्तः पुरातनः।# भक्तोऽसि मे सखा चेति रहस्यं ह्येतदुत्तमम्॥3॥"
"अ-परम् भवतः जन्म (अस्ति) परम् जन्म विवस्वतः (अस्ति) कथम् एतत् विजानीयाम् त्वम् आदौ प्रोक्तवान् इति (अहम्)","भवतः जन्म अ-परम् (अस्ति) विवस्वतः जन्म परम् (अस्ति) त्वम् आदौ एतत् प्रोक्तवान् इति (अहम्) कथम् विजानीयाम्"," अपरं भवतो जन्म परं जन्म विवस्वतः।# कथमेतद्विजानीयां त्वमादौ प्रोक्तवानिति॥4॥"
"बहूनि मे व्यतीतानि जन्मानि तव च अर्जुन तानि अहम् वेद सर्वाणि (जन्मानि) त्वम् न वेत्थ परन्तप","अर्जुन मे तव च बहूनि जन्मानि व्यतीतानि अहम् तानि सर्वाणि (जन्मानि) वेद परन्तप त्वम् न वेत्थ"," बहूनि मे व्यतीतानि जन्मानि तव चार्जुन।# तान्यहं वेद सर्वाणि न त्वं वेत्थ परन्तप॥5॥"
"अ-जः अपि सन् अ-व्यय-आत्मा भूतानाम् ईश्वरः अपि सन् प्रकृतिम् स्वाम् अधिष्ठाय सम्भवामि आत्म-मायया (अहम्) (च)","अ-जः अपि अ-व्यय-आत्मा (च) सन् भूतानाम् ईश्वरः अपि सन् स्वाम् प्रकृतिम् अधिष्ठाय आत्म-मायया (अहम्) सम्भवामि"," अजोऽपि सन्नव्ययात्मा भूतानामीश्वरोऽपि सन्।# प्रकृतिं स्वामधिष्ठाय संभवाम्यात्ममायया॥6॥"
"यदा यदा हि धर्मस्य ग्लानिः भवति भारत अभ्युत्थानम् (च) अ-धर्मस्य तदा आत्मानम् सृजामि अहम्","यदा यदा हि धर्मस्य ग्लानिः अ-धर्मस्य अभ्युत्थानम् (च) भवति भारत तदा आत्मानम् अहम् सृजामि"," यदा यदा हि धर्मस्य ग्लानिर्भवति भारत।# अभ्युत्थानमधर्मस्य तदाऽऽत्मानं सृजाम्यहम्॥7॥"
"परित्राणाय साधूनाम् विनाशाय च दुष्-कृताम् धर्म-संस्थापना-अर्थाय सम्भवामि युगे युगे (अहम्)","साधूनाम् परित्राणाय दुष्-कृताम् विनाशाय धर्म-संस्थापना-अर्थाय (अहम्) च युगे युगे सम्भवामि"," परित्राणाय साधूनां विनाशाय च दुष्कृताम्।# धर्मसंस्थापनार्थाय संभवामि युगे युगे॥8॥"
"जन्म कर्म च मे दिव्यम् एवम् यः वेत्ति तत्त्वतः त्यक्त्वा देहम् पुनः जन्म न एति माम् एति (सः) अर्जुन सः","अर्जुन यः मे दिव्यम् जन्म कर्म च तत्त्वतः एवम् वेत्ति सः देहम् त्यक्त्वा पुनः जन्म न एति (सः) माम् एति"," जन्म कर्म च मे दिव्यमेवं यो वेत्ति तत्त्वतः।# त्यक्त्वा देहं पुनर्जन्म नैति मामेति सोऽर्जुन॥9॥"
"वीत-राग-भय-क्रोधाः मन्मयाः माम् उपाश्रिताः बहवः ज्ञान-तपसा पूताः मत्-भावम् आगताः","वीत-राग-भय-क्रोधाः मन्मयाः माम् उपाश्रिताः ज्ञान-तपसा पूताः बहवः मत्-भावम् आगताः"," वीतरागभयक्रोधा मन्मया मामुपाश्रिताः।# बहवो ज्ञानतपसा पूता मद्भावमागताः॥10॥"
"ये यथा माम् प्रपद्यन्ते तान् तथा एव भजामि अहम् मम वर्त्म अनुवर्तन्ते मनुष्याः पार्थ सर्वशः","पार्थ ये माम् यथा प्रपद्यन्ते तथा एव अहम् तान् भजामि मनुष्याः सर्वशः मम वर्त्म अनुवर्तन्ते"," ये यथा मां प्रपद्यन्ते तांस्तथैव भजाम्यहम्।# मम वर्त्मानुवर्तन्ते मनुष्याः पार्थ सर्वशः॥11॥"
"काङ्क्षन्तः कर्मणाम् सिद्धिम् यजन्ते इह देवताः क्षिप्रम् हि मानुषे लोके सिद्धिः भवति कर्म-जा","कर्मणाम् सिद्धिम् काङ्क्षन्तः इह देवताः यजन्ते मानुषे लोके हि कर्म-जा सिद्धिः क्षिप्रम् भवति"," काङ्क्षन्तः कर्मणां सिद्धिं यजन्त इह देवताः।# क्षिप्रं हि मानुषे लोके सिद्धिर्भवति कर्मजा॥12॥"
"चातुर्वर्ण्यम् मया सृष्टम् गुण-कर्म-विभागशः तस्य कर्तारम् अपि माम् विद्धि अ-कर्तारम् अ-व्ययम् (त्वम्)","गुण-कर्म-विभागशः मया चातुर्वर्ण्यम् सृष्टम् तस्य कर्तारम् अपि अ-कर्तारम् अ-व्ययम् माम् (त्वम्) विद्धि"," चातुर्वर्ण्यं मया सृष्टं गुणकर्मविभागशः।# तस्य कर्तारमपि मां विद्ध्यकर्तारमव्ययम्॥13॥"
"न माम् कर्माणि लिम्पन्ति न मे कर्म-फले स्पृहा (अस्ति) इति माम् यः अभिजानाति कर्मभिः न सः बध्यते","माम् कर्माणि न लिम्पन्ति कर्म-फले मे स्पृहा न (अस्ति) इति यः माम् अभिजानाति सः कर्मभिः न बध्यते"," न मां कर्माणि लिम्पन्ति न मे कर्मफले स्पृहा।# इति मां योऽभिजानाति कर्मभिर्न स बध्यते॥14॥"
"एवम् ज्ञात्वा कृतम् कर्म पूर्वैः अपि मुमुक्षुभिः कुरु कर्म एव तस्मात् त्वम् पूर्वैः पूर्वतरम् कृतम्","पूर्वैः मुमुक्षुभिः अपि एवम् ज्ञात्वा कर्म कृतम् तस्मात् त्वम् पूर्वैः पूर्वतरम् कृतम् कर्म एव कुरु"," एवं ज्ञात्वा कृतं कर्म पूर्वैरपि मुमुक्षुभिः।# कुरु कर्मैव तस्मात्त्वं पूर्वैः पूर्वतरं कृतम्॥15॥"
"किम् कर्म (अस्ति) किम् अ-कर्म (अस्ति) (च) इति कवयः अपि अत्र मोहिताः तत् ते (अहम्) कर्म प्रवक्ष्यामि यत् ज्ञात्वा (त्वम्) मोक्ष्यसे अ-शुभात्","किम् कर्म (अस्ति) किम् अ-कर्म (अस्ति) (च) इति अत्र कवयः अपि मोहिताः तत् कर्म ते (अहम्) प्रवक्ष्यामि यत् ज्ञात्वा (त्वम्) अ-शुभात् मोक्ष्यसे"," किं कर्म किमकर्मेति कवयोऽप्यत्र मोहिताः।# तत्ते कर्म प्रवक्ष्यामि यज्ज्ञात्वा मोक्ष्यसेऽशुभात्॥16॥"
"कर्मणः हि अपि बोद्धव्यम् बोद्धव्यम् च वि-कर्मणः अ-कर्मणः च बोद्धव्यम् गहना कर्मणः गतिः","कर्मणः हि बोद्धव्यम् वि-कर्मणः अपि बोद्धव्यम् च अ-कर्मणः बोद्धव्यम् च कर्मणः गतिः गहना"," कर्मणो ह्यपि बोद्धव्यं बोद्धव्यं च विकर्मणः।# अकर्मणश्च बोद्धव्यं गहना कर्मणो गतिः॥17॥"
"कर्मणि अ-कर्म यः पश्येत् अ-कर्मणि च कर्म यः (पश्येत्) सः बुद्धिमान् मनुष्येषु (अस्ति) सः युक्तः कृत्स्न-कर्म-कृत् (अस्ति)","यः कर्मणि अ-कर्म पश्येत् यः अ-कर्मणि कर्म (पश्येत्) च सः मनुष्येषु बुद्धिमान् (अस्ति) युक्तः सः कृत्स्न-कर्म-कृत् (अस्ति)"," कर्मण्यकर्म यः पश्येदकर्मणि च कर्म यः।# स बुद्धिमान् मनुष्येषु स युक्तः कृत्स्नकर्मकृत्॥18॥"
"यस्य सर्वे समारम्भाः काम-सङ्कल्प-वर्जिताः ज्ञान-अग्नि-दग्ध-कर्माणम् तम् आहुः पण्डितम् बुधाः (सन्ति)","यस्य सर्वे समारम्भाः काम-सङ्कल्प-वर्जिताः (सन्ति) ज्ञान-अग्नि-दग्ध-कर्माणम् बुधाः तम् पण्डितम् आहुः"," यस्य सर्वे समारम्भाः कामसङ्कल्पवर्जिताः।# ज्ञानाग्निदग्धकर्माणं तमाहुः पण्डितं बुधाः॥19॥"
"त्यक्त्वा कर्म-फल-आसङ्गम् नित्य-तृप्तः निर्-आश्रयः कर्मणि अभिप्रवृत्तः अपि न एव किञ्चित् करोति सः (अस्ति) (च) (यः)","(यः) नित्य-तृप्तः निर्-आश्रयः (च) कर्म-फल-आसङ्गम् त्यक्त्वा कर्मणि अभिप्रवृत्तः अपि (अस्ति) सः किञ्चित् एव न करोति"," त्यक्त्वा कर्मफलासङ्गं नित्यतृप्तो निराश्रयः।# कर्मण्यभिप्रवृत्तोऽपि नैव किञ्चित्करोति सः॥20॥"
"निर्-आशीः यत-चित्त-आत्मा त्यक्त-सर्व-परिग्रहः शारीरम् केवलम् कर्म कुर्वन् न आप्नोति किल्बिषम्","निर्-आशीः यत-चित्त-आत्मा त्यक्त-सर्व-परिग्रहः केवलम् शारीरम् कर्म कुर्वन् किल्बिषम् न आप्नोति"," निराशीर्यतचित्तात्मा त्यक्तसर्वपरिग्रहः।# शारीरं केवलं कर्म कुर्वन्नाप्नोति किल्बिषम्॥21॥"
"यदृच्छा-लाभ-सन्तुष्टः द्वन्द्व-अतीतः वि-मत्सर समः सिद्धौ अ-सिद्धौ च कृत्वा अपि न निबध्यते","वि-मत्सर द्वन्द्व-अतीतः यदृच्छा-लाभ-सन्तुष्टः सिद्धौ अ-सिद्धौ च समः कृत्वा अपि न निबध्यते"," यदृच्छालाभसन्तुष्टो द्वन्द्वातीतो विमत्सरः।# समः सिद्धावसिद्धौ च कृत्वापि न निबध्यते॥22॥"
"गत-सङ्गस्य मुक्तस्य ज्ञान-अवस्थित-चेतसः यज्ञाय आचरतः कर्म समग्रम् प्रविलीयते","गत-सङ्गस्य मुक्तस्य ज्ञान-अवस्थित-चेतसः यज्ञाय आचरतः समग्रम् कर्म प्रविलीयते"," गतसङ्गस्य मुक्तस्य ज्ञानावस्थितचेतसः।# यज्ञायाचरतः कर्म समग्रं प्रविलीयते॥23॥"
"ब्रह्म अर्पणम् (अस्ति) ब्रह्म हविः (अस्ति) ब्रह्म-अग्नौ ब्रह्मणा हुतम् ब्रह्म एव तेन गन्तव्यम् ब्रह्म-कर्म-समाधिना","अर्पणम् ब्रह्म (अस्ति) ब्रह्म-अग्नौ ब्रह्मणा हुतम् हविः ब्रह्म (अस्ति) ब्रह्म-कर्म-समाधिना तेन ब्रह्म एव गन्तव्यम्"," ब्रह्मार्पणं ब्रह्महविर्ब्रह्माग्नौ ब्रह्मणा हुतम्।# ब्रह्मैव तेन गन्तव्यं ब्रह्मकर्मसमाधिना॥24॥"
"दैवम् एव अ-परे यज्ञम् योगिनः पर्युपासते ब्रह्म-अग्नौ अ-परे यज्ञम् यज्ञेन एव उपजुह्वति","अ-परे योगिनः दैवम् एव यज्ञम् पर्युपासते अ-परे ब्रह्म-अग्नौ यज्ञेन एव यज्ञम् उपजुह्वति"," दैवमेवापरे यज्ञं योगिनः पर्युपासते।# ब्रह्माग्नावपरे यज्ञं यज्ञेनैवोपजुह्वति॥25॥"
"श्रोत्र-आदीनि इन्द्रियाणि अन्ये संयम-अग्निषु जुह्वति शब्द-आदीन् विषयान् अन्ये इन्द्रिय-अग्निषु जुह्वति","अन्ये श्रोत्र-आदीनि इन्द्रियाणि संयम-अग्निषु जुह्वति अन्ये शब्द-आदीन् विषयान् इन्द्रिय-अग्निषु जुह्वति"," श्रोत्रादीनीन्द्रियाण्यन्ये संयमाग्निषु जुह्वति।# शब्दादीन्विषयानन्य इन्द्रियाग्निषु जुह्वति॥26॥"
"सर्वाणि इन्द्रिय-कर्माणि प्राण-कर्माणि च अ-परे आत्मन्-संयम-योग-अग्नौ जुह्वति ज्ञान-दीपिते","अ-परे सर्वाणि इन्द्रिय-कर्माणि प्राण-कर्माणि च ज्ञान-दीपिते आत्मन्-संयम-योग-अग्नौ जुह्वति"," सर्वाणीन्द्रियकर्माणि प्राणकर्माणि चापरे।# आत्मसंयमयोगाग्नौ जुह्वति ज्ञानदीपिते॥27॥"
"द्रव्य-यज्ञाः तपः-यज्ञाः योग-यज्ञाः तथा अ-परे स्व-अध्याय-ज्ञान-यज्ञाः च यतयः संशित-व्रताः (सन्ति) (सन्ति) (सन्ति)","द्रव्य-यज्ञाः तपः-यज्ञाः योग-यज्ञाः च (सन्ति) तथा अ-परे स्व-अध्याय-ज्ञान-यज्ञाः (सन्ति) संशित-व्रताः यतयः (सन्ति)"," द्रव्ययज्ञास्तपोयज्ञा योगयज्ञास्तथापरे।# स्वाध्यायज्ञानयज्ञाश्च यतयः संशितव्रताः॥28॥"
"अपाने जुह्वति प्राणम् प्राणे अपानम् तथा अ-परे प्राण-अपान-गती रुद्ध्वा प्राणायाम-परायणाः (जुह्वति)","प्राणायाम-परायणाः अ-परे प्राण-अपान-गती रुद्ध्वा प्राणम् अपाने (जुह्वति) तथा प्राणे अपानम् जुह्वति"," अपाने जुह्वति प्राणं प्राणेऽपानं तथाऽपरे।# प्राणापानगती रुद्ध्वा प्राणायामपरायणाः॥29॥"
"अ-परे नियत-आहाराः प्राणान् प्राणेषु जुह्वति सर्वे अपि एते यज्ञ-विदः यज्ञ-क्षपित-कल्मषाः (भवन्ति)","अ-परे नियत-आहाराः प्राणान् प्राणेषु जुह्वति एते सर्वे अपि यज्ञ-विदः यज्ञ-क्षपित-कल्मषाः (भवन्ति)"," अपरे नियताहाराः प्राणान्प्राणेषु जुह्वति।# सर्वेऽप्येते यज्ञविदो यज्ञक्षपितकल्मषाः॥30॥"
"यज्ञ-शिष्ट-अमृत-भुजः यान्ति ब्रह्म सनातनम् न अयम् लोकः अस्ति अ-यज्ञस्य कुतः अन्यः कुरु-सत्तम (भवति)","कुरु-सत्तम यज्ञ-शिष्ट-अमृत-भुजः सनातनम् ब्रह्म यान्ति अ-यज्ञस्य अयम् लोकः न अस्ति अन्यः कुतः (भवति)"," यज्ञशिष्टामृतभुजो यान्ति ब्रह्म सनातनम्।# नायं लोकोऽस्त्ययज्ञस्य कुतोऽन्यः कुरुसत्तम॥31॥"
"एवम् बहु-विधाः यज्ञाः वितताः ब्रह्मणः मुखे कर्म-जान् विद्धि तान् सर्वान् एवम् ज्ञात्वा विमोक्ष्यसे (त्वम्) (त्वम्)","एवम् बहु-विधाः यज्ञाः ब्रह्मणः मुखे वितताः (त्वम्) तान् सर्वान् कर्म-जान् विद्धि एवम् ज्ञात्वा (त्वम्) विमोक्ष्यसे"," एवं बहुविधा यज्ञा वितता ब्रह्मणो मुखे।# कर्मजान्विद्धि तान्सर्वानेवं ज्ञात्वा विमोक्ष्यसे॥32॥"
"श्रेयान् (अस्ति) द्रव्यमयात् यज्ञात् ज्ञान-यज्ञः परन्तप सर्वम् कर्म अ-खिलम् पार्थ ज्ञाने परिसमाप्यते","परन्तप द्रव्यमयात् यज्ञात् ज्ञान-यज्ञः श्रेयान् (अस्ति) पार्थ अ-खिलम् सर्वम् कर्म ज्ञाने परिसमाप्यते"," श्रेयान्द्रव्यमयाद्यज्ञाज्ज्ञानयज्ञः परन्तप।# सर्वं कर्माखिलं पार्थ ज्ञाने परिसमाप्यते॥33॥"
"तत् विद्धि (त्वम्) प्रणिपातेन परिप्रश्नेन सेवया उपदेक्ष्यन्ति ते ज्ञानम् ज्ञानिनः तत्त्व-दर्शिनः (च)","प्रणिपातेन परिप्रश्नेन सेवया (च) तत् (त्वम्) विद्धि तत्त्व-दर्शिनः ते ज्ञानिनः ज्ञानम् उपदेक्ष्यन्ति"," तद्विद्धि प्रणिपातेन परिप्रश्नेन सेवया।# उपदेक्ष्यन्ति ते ज्ञानं ज्ञानिनस्तत्त्वदर्शिनः॥34॥"
"यत् ज्ञात्वा न पुनः मोहम् एवम् यास्यसि (त्वम्) पाण्डव येन भूतानि अ-शेषेण द्रक्ष्यसि (त्वम्) आत्मनि अथो मयि (त्वम्) (द्रक्ष्यसि)","पाण्डव यत् ज्ञात्वा पुनः एवम् मोहम् (त्वम्) न यास्यसि येन आत्मनि भूतानि अ-शेषेण (त्वम्) द्रक्ष्यसि अथो (त्वम्) मयि (द्रक्ष्यसि)"," यज्ज्ञात्वा न पुनर्मोहमेवं यास्यसि पाण्डव।# येन भूतान्यशेषेण द्रक्ष्यस्यात्मन्यथो मयि॥35॥"
"अपि चेत् असि पापेभ्यः सर्वेभ्यः पाप-कृत्तमः सर्वम् ज्ञान-प्लवेन एव वृजिनम् सन्तरिष्यसि (त्वम्) (त्वम्)","(त्वम्) सर्वेभ्यः पापेभ्यः पाप-कृत्तमः अपि असि चेत् (त्वम्) ज्ञान-प्लवेन एव सर्वम् वृजिनम् सन्तरिष्यसि"," अपि चेदसि पापेभ्यः सर्वेभ्यः पापकृत्तमः।# सर्वं ज्ञानप्लवेनैव वृजिनं सन्तरिष्यसि॥36॥"
"यथा एधांसि समिद्धः अग्निः भस्मसात् कुरुते अर्जुन ज्ञान-अग्निः सर्व-कर्माणि भस्मसात् कुरुते तथा","अर्जुन यथा समिद्धः अग्निः एधांसि भस्मसात् कुरुते तथा ज्ञान-अग्निः सर्व-कर्माणि भस्मसात् कुरुते"," यथैधांसि समिद्धोऽग्निर्भस्मसात्कुरुतेऽर्जुन।# ज्ञानाग्निः सर्वकर्माणि भस्मसात्कुरुते तथा॥37॥"
"न हि (किम्) (अपि) ज्ञानेन सदृशम् पवित्रम् इह विद्यते तत् स्वयम् योग-सं-सिद्धः कालेन आत्मनि विन्दति","ज्ञानेन सदृशम् (किम्) (अपि) पवित्रम् इह न हि विद्यते तत् स्वयम् योग-सं-सिद्धः कालेन आत्मनि विन्दति"," न हि ज्ञानेन सदृशं पवित्रमिह विद्यते।# तत्स्वयं योगसंसिद्धः कालेनात्मनि विन्दति॥38॥"
"श्रद्धावान् लभते ज्ञानम् तत्-परः संयत-इन्द्रियः ज्ञानम् लब्ध्वा पराम् शान्तिम् अ-चिरेण अधिगच्छति","संयत-इन्द्रियः तत्-परः ज्ञानम् लभते श्रद्धावान् ज्ञानम् लब्ध्वा अ-चिरेण पराम् शान्तिम् अधिगच्छति"," श्रद्धावाँल्लभते ज्ञानं तत्परः संयतेन्द्रियः।# ज्ञानं लब्ध्वा परां शान्तिमचिरेणाधिगच्छति॥39॥"
"अ-ज्ञः च अ-श्रद्दधानः च संशय-आत्मा विनश्यति न अयम् लोकः अस्ति न परः अस्ति न सुखम् (अस्ति) संशय-आत्मनः","अ-ज्ञः च अ-श्रद्दधानः संशय-आत्मा विनश्यति संशय-आत्मनः अयम् लोकः न अस्ति परः न अस्ति सुखम् च न (अस्ति)"," अज्ञश्चाश्रद्दधानश्च संशयात्मा विनश्यति।# नायं लोकोऽस्ति न परो न सुखं संशयात्मनः॥40॥"
"योग-सन्न्यस्त-कर्माणम् ज्ञान-सञ्छिन्न-संशयम् आत्मवन्तम् न कर्माणि निबध्नन्ति धनञ्जय","धनञ्जय योग-सन्न्यस्त-कर्माणम् ज्ञान-सञ्छिन्न-संशयम् आत्मवन्तम् न कर्माणि निबध्नन्ति"," योगसंन्यस्तकर्माणं ज्ञानसंछिन्नसंशयम्।# आत्मवन्तं न कर्माणि निबध्नन्ति धनञ्जय॥41॥"
"तस्मात् अ-ज्ञान-सम्भूतम् हृत्-स्थम् ज्ञान-असिना आत्मनः छित्त्वा एनम् संशयम् योगम् आतिष्ठ उत्तिष्ठ भारत (त्वम्) (त्वम्)","भारत तस्मात् अ-ज्ञान-सम्भूतम् आत्मनः हृत्-स्थम् एनम् संशयम् ज्ञान-असिना छित्त्वा (त्वम्) उत्तिष्ठ (त्वम्) योगम् आतिष्ठ"," तस्मादज्ञानसंभूतं हृत्स्थं ज्ञानासिनाऽऽत्मनः।# छित्त्वैनं संशयं योगमातिष्ठोत्तिष्ठ भारत॥42॥"
"सन्न्यासम् कर्मणाम् कृष्ण पुनः योगम् च शंससि (त्वम) यत् श्रेयः (अस्ति) एतयोः एकम् तत् मे ब्रूहि सुनिश्चितम् (त्वम)","कृष्ण कर्मणाम् सन्न्यासम् पुनः योगम् च (त्वम) शंससि एतयोः यत् (अस्ति) श्रेयः तत् सुनिश्चितम् एकम् (त्वम) मे ब्रूहि"," संन्यासं कर्मणां कृष्ण पुनर्योगं च शंससि।# यच्छ्रेय एतयोरेकं तन्मे ब्रूहि सुनिश्चितम्॥1॥"
"सन्न्यासः कर्म-योगः च निस्-श्रेयस-करौ उभौ तयोः तु कर्म-सन्न्यासात् कर्म-योगः विशिष्यते (स्तः)","सन्न्यासः कर्म-योगः च उभौ निस्-श्रेयस-करौ (स्तः) तयोः तु कर्म-सन्न्यासात् कर्म-योगः विशिष्यते"," संन्यासः कर्मयोगश्च निःश्रेयसकरावुभौ।# तयोस्तु कर्मसंन्यासात्कर्मयोगो विशिष्यते॥2॥"
"ज्ञेयः सः नित्य-सन्न्यासी यः न द्वेष्टि न काङ्क्षति (च) निर्-द्वन्द्वः हि महान्-बाहो सुखम् बन्धात् प्रमुच्यते","महान्-बाहो यः न द्वेष्टि न काङ्क्षति (च) सः नित्य-सन्न्यासी ज्ञेयः निर्-द्वन्द्वः हि बन्धात् सुखम् प्रमुच्यते"," ज्ञेयः स नित्यसंन्यासी यो न द्वेष्टि न काङ्क्षति।# निर्द्वन्द्वो हि महाबाहो सुखं बन्धात्प्रमुच्यते॥3॥"
"साङ्ख्य-योगौ पृथक् बालाः प्रवदन्ति न पण्डिताः (प्रवदन्ति) एकम् अपि आस्थितः सम्यक् उभयोः विन्दते फलम्","साङ्ख्य-योगौ बालाः पृथक् प्रवदन्ति पण्डिताः न (प्रवदन्ति) एकम् अपि सम्यक् आस्थितः उभयोः फलम् विन्दते"," सांख्ययोगौ पृथग्बालाः प्रवदन्ति न पण्डिताः।# एकमप्यास्थितः सम्यगुभयोर्विन्दते फलम्॥4॥"
"यत् साङ्ख्यैः प्राप्यते स्थानम् तत् योगैः अपि गम्यते एकम् साङ्ख्यम् च योगम् च यः पश्यति सः पश्यति","साङ्ख्यैः यत् स्थानम् प्राप्यते योगैः अपि तत् गम्यते यः साङ्ख्यम् च योगम् च एकम् पश्यति सः पश्यति"," यत्सांख्यैः प्राप्यते स्थानं तद्योगैरपि गम्यते।# एकं सांख्यं च योगं च यः पश्यति स पश्यति॥5॥"
"सन्न्यासः(सन्न्यासं) तु महान्-बाहो दुःखम् आप्तुम् अ-योगतः योग-युक्तः मुनिः ब्रह्म न-चिरेण अधिगच्छति (अस्ति)","महान्-बाहो सन्न्यासः(सन्न्यासं) तु अ-योगतः आप्तुम् दुःखम् (अस्ति) योग-युक्तः मुनिः न-चिरेण ब्रह्म अधिगच्छति"," संन्यासस्तु महाबाहो दुःखमाप्तुमयोगतः।# योगयुक्तो मुनिर्ब्रह्म नचिरेणाधिगच्छति॥6॥"
"योग-युक्तः विशुद्ध-आत्मा विजित-आत्मा जित-इन्द्रियः सर्व-भूत-आत्म-भूत-आत्मा कुर्वन् अपि न लिप्यते","योग-युक्तः विशुद्ध-आत्मा विजित-आत्मा जित-इन्द्रियः सर्व-भूत-आत्म-भूत-आत्मा कुर्वन् अपि न लिप्यते"," योगयुक्तो विशुद्धात्मा विजितात्मा जितेन्द्रियः।# सर्वभूतात्मभूतात्मा कुर्वन्नपि न लिप्यते॥7॥"
"न एव किञ्चित् करोमि (अहम्) इति युक्तः मन्येत तत्त्व-वित् पश्यन् शृण्वन् स्पृशन् जिघ्रन् अश्नन् गच्छन् स्वपन् श्वसन् प्रलपन् विसृजन् गृह्णन् उन्मिषन् निमिषन् अपि इन्द्रियाणि इन्द्रिय-अर्थेषु वर्तन्ते इति धारयन् (च)","तत्त्व-वित् युक्तः पश्यन् शृण्वन् स्पृशन् जिघ्रन् अश्नन् गच्छन् स्वपन् श्वसन् प्रलपन् विसृजन् गृह्णन् उन्मिषन् निमिषन् (च) अपि इन्द्रियाणि इन्द्रिय-अर्थेषु वर्तन्ते इति धारयन् न एव किञ्चित् (अहम्) करोमि इति मन्येत"," नैव किंचित्करोमीति युक्तो मन्येत तत्त्ववित्।# पश्यञ्शृण्वन्स्पृशञ्जिघ्रन्नश्नन्गच्छन्स्वपञ्श्वसन्॥8॥# प्रलपन्विसृजन्गृह्णन्नुन्मिषन्निमिषन्नपि।# इन्द्रियाणीन्द्रियार्थेषु वर्तन्त इति धारयन्॥9॥"
"ब्रह्मणि आधाय कर्माणि सङ्गम् त्यक्त्वा करोति यः लिप्यते न सः पापेन पद्म-पत्रम् इव अम्भसा","यः ब्रह्मणि आधाय सङ्गम् त्यक्त्वा कर्माणि करोति सः अम्भसा पद्म-पत्रम् इव पापेन न लिप्यते"," ब्रह्मण्याधाय कर्माणि सङ्गं त्यक्त्वा करोति यः।# लिप्यते न स पापेन पद्मपत्रमिवाम्भसा॥10॥"
"कायेन मनसा बुद्ध्या केवलैः इन्द्रियैः (च) अपि योगिनः कर्म कुर्वन्ति सङ्गम् त्यक्त्वा आत्म-शुद्धये","योगिनः केवलैः इन्द्रियैः मनसा बुद्ध्या (च) कायेन अपि सङ्गम् त्यक्त्वा आत्म-शुद्धये कर्म कुर्वन्ति"," कायेन मनसा बुद्ध्या केवलैरिन्द्रियैरपि।# योगिनः कर्म कुर्वन्ति सङ्गं त्यक्त्वाऽऽत्मशुद्धये॥11॥"
"युक्तः कर्म-फलम् त्यक्त्वा शान्तिम् आप्नोति नैष्ठिकीम् अ-युक्तः काम-कारेण फले सक्तः निबध्यते","युक्तः कर्म-फलम् त्यक्त्वा नैष्ठिकीम् शान्तिम् आप्नोति अ-युक्तः काम-कारेण फले सक्तः निबध्यते"," युक्तः कर्मफलं त्यक्त्वा शान्तिमाप्नोति नैष्ठिकीम्।# अयुक्तः कामकारेण फले सक्तो निबध्यते॥12॥"
"सर्व-कर्माणि मनसा सन्न्यस्य आस्ते सुखम् वशी नव-द्वारे पुरे देही न एव कुर्वन् न कारयन्","वशी देही नव-द्वारे पुरे सर्व-कर्माणि मनसा सन्न्यस्य न कुर्वन् न कारयन् एव सुखम् आस्ते"," सर्वकर्माणि मनसा संन्यस्यास्ते सुखं वशी।# नवद्वारे पुरे देही नैव कुर्वन्न कारयन्॥13॥"
"न कर्तृत्वम् न कर्माणि (सृजति) लोकस्य सृजति प्रभुः न कर्म-फल-संयोगम् स्व-भावः तु प्रवर्तते (सृजति)","प्रभुः लोकस्य कर्तृत्वम् न सृजति कर्माणि न (सृजति) कर्म-फल-संयोगम् न (सृजति) स्व-भावः तु प्रवर्तते"," न कर्तृत्वं न कर्माणि लोकस्य सृजति प्रभुः।# न कर्मफलसंयोगं स्वभावस्तु प्रवर्तते॥14॥"
"न आदत्ते कस्यचित् पापम् न च एव सुकृतम् (आदत्ते) विभुः अ-ज्ञानेन आवृतम् ज्ञानम् तेन मुह्यन्ति जन्तवः","विभुः कस्यचित् पापम् न आदत्ते सुकृतम् न एव च (आदत्ते) ज्ञानम् अ-ज्ञानेन आवृतम् तेन जन्तवः मुह्यन्ति"," नादत्ते कस्यचित्पापं न चैव सुकृतं विभुः।# अज्ञानेनावृतं ज्ञानं तेन मुह्यन्ति जन्तवः॥15॥"
"ज्ञानेन तु तत् अ-ज्ञानम् येषाम् नाशितम् आत्मनः तेषाम् आदित्यवत् ज्ञानम् प्रकाशयति तत्-परम्","येषाम् अ-ज्ञानम् आत्मनः ज्ञानेन नाशितम् तेषाम् तु तत् ज्ञानम् आदित्यवत् तत्-परम् प्रकाशयति"," ज्ञानेन तु तदज्ञानं येषां नाशितमात्मनः।# तेषामादित्यवज्ज्ञानं प्रकाशयति तत्परम्॥16॥"
"तत्-बुद्धयः तत्-आत्मानः तत्-निष्ठाः तत्-परायणाः गच्छन्ति अ-पुनः-आवृत्तिम् ज्ञान-निर्धूत-कल्मषाः","तत्-बुद्धयः तत्-आत्मानः तत्-निष्ठाः तत्-परायणाः ज्ञान-निर्धूत-कल्मषाः अ-पुनः-आवृत्तिम् गच्छन्ति"," तद्बुद्धयस्तदात्मानस्तन्निष्ठास्तत्परायणाः।# गच्छन्त्यपुनरावृत्तिं ज्ञाननिर्धूतकल्मषाः॥17॥"
"विद्या-विनय-सम्पन्ने ब्राह्मणे गवि हस्तिनि शुनि च एव श्वपाके च पण्डिताः सम-दर्शिनः (भवन्ति)","पण्डिताः विद्या-विनय-सम्पन्ने ब्राह्मणे गवि हस्तिनि शुनि च एव श्वपाके च सम-दर्शिनः (भवन्ति)"," विद्याविनयसंपन्ने ब्राह्मणे गवि हस्तिनि।# शुनि चैव श्वपाके च पण्डिताः समदर्शिनः॥18॥"
"इह एव तैः जितः सर्गः येषाम् साम्ये स्थितम् मनः निर्-दोषम् हि समम् ब्रह्म (अस्ति) तस्मात् ब्रह्मणि ते स्थिताः","येषाम् मनः साम्ये स्थितम् तैः इह एव सर्गः जितः समम् हि ब्रह्म निर्-दोषम् (अस्ति) तस्मात् ते ब्रह्मणि स्थिताः"," इहैव तैर्जितः सर्गो येषां साम्ये स्थितं मनः।# निर्दोषं हि समं ब्रह्म तस्माद्ब्रह्मणि ते स्थिताः॥19॥"
"न प्रहृष्येत् प्रियम् प्राप्य न उद्विजेत् प्राप्य च अ-प्रियम् स्थिर-बुद्धिः अ-सम्मूढः ब्रह्म-वित् ब्रह्मणि स्थितः","ब्रह्म-वित् ब्रह्मणि स्थितः स्थिर-बुद्धिः अ-सम्मूढः प्रियम् प्राप्य न प्रहृष्येत् अ-प्रियम् प्राप्य च न उद्विजेत्"," न प्रहृष्येत्प्रियं प्राप्य नोद्विजेत्प्राप्य चाप्रियम्।# स्थिरबुद्धिरसम्मूढो ब्रह्मविद्ब्रह्मणि स्थितः॥20॥"
"बाह्य-स्पर्शेषु अ-सक्त-आत्मा विन्दति आत्मनि यत् सुखम् सः ब्रह्म-योग-युक्त-आत्मा सुखम् (तत्) अ-क्षयम् अश्नुते","बाह्य-स्पर्शेषु अ-सक्त-आत्मा आत्मनि यत् सुखम् विन्दति सः ब्रह्म-योग-युक्त-आत्मा (तत्) अ-क्षयम् सुखम् अश्नुते"," बाह्यस्पर्शेष्वसक्तात्मा विन्दत्यात्मनि यत्सुखम्।# स ब्रह्मयोगयुक्तात्मा सुखमक्षयमश्नुते॥21॥"
"ये हि संस्पर्श-जाः भोगाः दुःख-योनयः एव ते आदि-अन्तवन्तः कौन्तेय न तेषु रमते बुधः (सन्ति) (भवन्ति)","कौन्तेय ये संस्पर्श-जाः भोगाः ते आदि-अन्तवन्तः दुःख-योनयः एव हि (सन्ति) (भवन्ति) बुधः तेषु न रमते"," ये हि संस्पर्शजा भोगा दुःखयोनय एव ते।# आद्यन्तवन्तः कौन्तेय न तेषु रमते बुधः॥22॥"
"शक्नोति इह एव यः सोढुम् प्राक् शरीर-वि-मोक्षणात् काम-क्रोध-उद्भवम् वेगम् सः युक्तः (अस्ति) सः सुखी नरः (अस्ति)","यः इह शरीर-वि-मोक्षणात् प्राक् एव काम-क्रोध-उद्भवम् वेगम् सोढुम् शक्नोति सः नरः युक्तः (अस्ति) सः सुखी (अस्ति)"," शक्नोतीहैव यः सोढुं प्राक्शरीरविमोक्षणात्।# कामक्रोधोद्भवं वेगं स युक्तः स सुखी नरः॥23॥"
"यः (अस्ति) अन्तः-सुखः अन्तरा-आरामः तथा अन्तः-ज्योतिः एव यः (अस्ति) सः योगी ब्रह्म-निर्वाणम् ब्रह्म-भूतः अधिगच्छति","यः अन्तः-सुखः अन्तरा-आरामः (अस्ति) तथा यः एव अन्तः-ज्योतिः (अस्ति) सः योगी ब्रह्म-भूतः ब्रह्म-निर्वाणम् अधिगच्छति"," योऽन्तःसुखोऽन्तरारामस्तथान्तर्ज्योतिरेव यः।# स योगी ब्रह्मनिर्वाणं ब्रह्मभूतोऽधिगच्छति॥24॥"
"लभन्ते ब्रह्म-निर्वाणम् ऋषयः क्षीण-कल्मषाः छिन्न-द्वैधाः यत-आत्मानः सर्व-भूत-हिते रताः","क्षीण-कल्मषाः छिन्न-द्वैधाः यत-आत्मानः सर्व-भूत-हिते रताः ऋषयः ब्रह्म-निर्वाणम् लभन्ते"," लभन्ते ब्रह्मनिर्वाणमृषयः क्षीणकल्मषाः।# छिन्नद्वैधा यतात्मानः सर्वभूतहिते रताः॥25॥"
"काम-क्रोध-वियुक्तानाम् यतीनाम् यत-चेतसाम् अभितः ब्रह्म-निर्वाणम् वर्तते विदित-आत्मनाम्","काम-क्रोध-वियुक्तानाम् यत-चेतसाम् विदित-आत्मनाम् यतीनाम् ब्रह्म-निर्वाणम् अभितः वर्तते"," कामक्रोधवियुक्तानां यतीनां यतचेतसाम्।# अभितो ब्रह्मनिर्वाणं वर्तते विदितात्मनाम्॥26॥"
"स्पर्शान् कृत्वा बहिः बाह्यान् च चक्षुः च एव अन्तरे (कृत्वा) भ्रुवोः प्राण-अपानौ समौ कृत्वा नासा-अभ्यन्तर-चारिणौ यत इन्द्रिय-मनो-बुद्धिः मुनिः मोक्ष-परायणः विगत-इच्छा-भय-क्रोधः यः (अस्ति) सदा मुक्तः एव सः (अस्ति)","यः स्पर्शान् बाह्यान् च बहिः कृत्वा चक्षुः च एव भ्रुवोः अन्तरे (कृत्वा) नासा-अभ्यन्तर-चारिणौ प्राण-अपानौ समौ कृत्वा यत इन्द्रिय-मनो-बुद्धिः मोक्ष-परायणः विगत-इच्छा-भय-क्रोधः मुनिः (अस्ति) सः सदा मुक्तः एव (अस्ति)"," स्पर्शान्कृत्वा बहिर्बाह्यांश्चक्षुश्चैवान्तरे भ्रुवोः।# प्राणापानौ समौ कृत्वा नासाभ्यन्तरचारिणौ॥27॥#
यतेन्द्रियमनोबुद्धिर्मुनिर्मोक्षपरायणः।# विगतेच्छाभयक्रोधो यः सदा मुक्त एव सः॥28॥"
"भोक्तारम् यज्ञ-तपसाम् सर्व-लोक-महत्-ईश्वरम् सुहृदम् सर्व-भूतानाम् ज्ञात्वा माम् शान्तिम् ऋच्छति","यज्ञ-तपसाम् भोक्तारम् सर्व-लोक-महत्-ईश्वरम् सर्व-भूतानाम् सुहृदम् माम् ज्ञात्वा शान्तिम् ऋच्छति"," भोक्तारं यज्ञतपसां सर्वलोकमहेश्वरम्।# सुहृदं सर्वभूतानां ज्ञात्वा मां शान्तिमृच्छति॥29॥"
"अन्-आश्रितः कर्म-फलम् कार्यम् कर्म करोति यः सः सन्न्यासी च योगी च (भवति) न निर्-अग्निः न च अ-क्रियः (भवति) (भवति) (सः) (सः)","यः कर्म-फलम् अन्-आश्रितः कार्यम् कर्म करोति सः सन्न्यासी च योगी च (भवति) (सः) निर्-अग्निः च न (भवति) (सः) अ-क्रियः न (भवति)"," अनाश्रितः कर्मफलं कार्यं कर्म करोति यः।# स संन्यासी च योगी च न निरग्निर्न चाक्रियः॥1॥"
"यम् सन्न्यासम् इति प्राहुः योगम् तम् विद्धि पाण्डव न हि अ-सन्न्यस्त-सङ्कल्पः योगी भवति कश्चन","पाण्डव यम् सन्न्यासम् इति प्राहुः तम् योगम् विद्धि अ-सन्न्यस्त-सङ्कल्पः हि कश्चन योगी न भवति"," यं संन्यासमिति प्राहुर्योगं तं विद्धि पाण्डव।# न ह्यसंन्यस्तसङ्कल्पो योगी भवति कश्चन॥2॥"
"आरुरुक्षोः मुनेः योगम् कर्म कारणम् उच्यते योग-आरूढस्य तस्य एव शमः कारणम् उच्यते","योगम् आरुरुक्षोः मुनेः कर्म कारणम् उच्यते तस्य योग-आरूढस्य एव शमः कारणम् उच्यते"," आरुरुक्षोर्मुनेर्योगं कर्म कारणमुच्यते।# योगारूढस्य तस्यैव शमः कारणमुच्यते॥3॥"
"यदा हि न इन्द्रिय-अर्थेषु न कर्मसु अनुषज्जते सर्व-सङ्कल्प-सन्न्यासी योग-आरूढः तदा उच्यते","यदा हि इन्द्रिय-अर्थेषु न न कर्मसु अनुषज्जते तदा सर्व-सङ्कल्प-सन्न्यासी योग-आरूढः उच्यते"," यदा हि नेन्द्रियार्थेषु न कर्मस्वनुषज्जते।# सर्वसङ्कल्पसंन्यासी योगारूढस्तदोच्यते॥4॥"
"उद्धरेत् आत्मना आत्मानम् न आत्मानम् अवसादयेत् आत्मा एव हि आत्मनः बन्धुः (अस्ति) आत्मा एव रिपुः आत्मनः (अस्ति)","आत्मना आत्मानम् उद्धरेत् आत्मानम् न अवसादयेत् आत्मा एव हि आत्मनः बन्धुः (अस्ति) आत्मा एव आत्मनः रिपुः (अस्ति)"," उद्धरेदात्मनाऽऽत्मानं नात्मानमवसादयेत्।# आत्मैव ह्यात्मनो बन्धुरात्मैव रिपुरात्मनः॥5॥"
"बन्धुः आत्मा आत्मनः तस्य येन आत्मा एव आत्मना जितः (अस्ति) अन्-आत्मनः तु शत्रुत्वे वर्तेत आत्मा एव शत्रुवत्","येन आत्मना आत्मा जितः तस्य आत्मनः आत्मा एव बन्धुः (अस्ति) अन्-आत्मनः तु आत्मा एव शत्रुवत् शत्रुत्वे वर्तेत"," बन्धुरात्माऽऽत्मनस्तस्य येनात्मैवात्मना जितः।# अनात्मनस्तु शत्रुत्वे वर्तेतात्मैव शत्रुवत्॥6॥"
"जित-आत्मनः प्रशान्तस्य परम-आत्मा समाहितः (भवति) शीत-उष्ण-सुख-दुःखेषु तथा मान-अपमानयोः","शीत-उष्ण-सुख-दुःखेषु तथा मान-अपमानयोः प्रशान्तस्य जित-आत्मनः परम-आत्मा समाहितः (भवति)"," जितात्मनः प्रशान्तस्य परमात्मा समाहितः।# शीतोष्णसुखदुःखेषु तथा मानापमानयोः॥7॥"
"ज्ञान-विज्ञान-तृप्त-आत्मा कूट-स्थः विजित-इन्द्रियः युक्तः इति उच्यते योगी सम-लोष्ट-अश्म-काञ्चनः","ज्ञान-विज्ञान-तृप्त-आत्मा कूट-स्थः विजित-इन्द्रियः सम-लोष्ट-अश्म-काञ्चनः युक्तः योगी इति उच्यते"," ज्ञानविज्ञानतृप्तात्मा कूटस्थो विजितेन्द्रियः।# युक्त इत्युच्यते योगी समलोष्टाश्मकाञ्चनः॥8॥"
"सुहृत्-मित्र-अरि-उदासीन-मध्यस्थ-द्वेष्य-बन्धुषु साधुषु अपि च पापेषु सम-बुद्धिः विशिष्यते","सुहृत्-मित्र-अरि-उदासीन-मध्यस्थ-द्वेष्य-बन्धुषु साधुषु पापेषु च अपि सम-बुद्धिः विशिष्यते"," सुहृन्मित्रार्युदासीनमध्यस्थद्वेष्यबन्धुषु।# साधुष्वपि च पापेषु समबुद्धिर्विशिष्यते॥9॥"
"योगी युञ्जीत सततम् आत्मानम् रहसि स्थितः एकाकी यत-चित्त-आत्मा निर्-आशीः अ-परिग्रहः","यत-चित्त-आत्मा निर्-आशीः अ-परिग्रहः एकाकी रहसि स्थितः योगी आत्मानम् सततम् युञ्जीत"," योगी युञ्जीत सततमात्मानं रहसि स्थितः।# एकाकी यतचित्तात्मा निराशीरपरिग्रहः॥10॥"
"शुचौ देशे प्रतिष्ठाप्य स्थिरम् आसनम् आत्मनः न अत्युच्छ्रितम् न अति-नीचम् चैल-अजिन-कुश-उत्तरम् तत्र एक-अग्रम् मनः कृत्वा यत-चित्त-इन्द्रिय-क्रियः उपविश्य आसने युञ्ज्यात् योगम् आत्म-विशुद्धये","शुचौ देशे न अत्युच्छ्रितम् न अति-नीचम् चैल-अजिन-कुश-उत्तरम् आत्मनः स्थिरम् आसनम् प्रतिष्ठाप्य तत्र आसने उपविश्य मनः एक-अग्रम् कृत्वा यत-चित्त-इन्द्रिय-क्रियः आत्म-विशुद्धये योगम् युञ्ज्यात्"," शुचौ देशे प्रतिष्ठाप्य स्थिरमासनमात्मनः।# नात्युच्छ्रितं नातिनीचं चैलाजिनकुशोत्तरम्॥11॥#
तत्रैकाग्रं मनः कृत्वा यतचित्तेन्द्रियक्रियः।# उपविश्यासने युञ्ज्याद्योगमात्मविशुद्धये॥12॥"
"समम् काय-शिरः-ग्रीवम् धारयन् अ-चलम् स्थिरः सम्प्रेक्ष्य नासिका-अग्रम् स्वम्(स्वीयम्) दिशः च अन्-अवलोकयन् प्रशान्त-आत्मा विगत-भीः ब्रह्मचारि-व्रते स्थितः मनः संयम्य मत्-चित्तः युक्तः आसीत मत्-परः","काय-शिरः-ग्रीवम् समम् अ-चलम् धारयन् स्वम्(स्वीयम्) नासिका-अग्रम् सम्प्रेक्ष्य दिशः च अन्-अवलोकयन् प्रशान्त-आत्मा विगत-भीः ब्रह्मचारि-व्रते स्थितः मनः संयम्य स्थिरः मत्-चित्तः मत्-परः युक्तः आसीत"," समं कायशिरोग्रीवं धारयन्नचलं स्थिरः।# संप्रेक्ष्य नासिकाग्रं स्वं दिशश्चानवलोकयन्॥13॥#
प्रशान्तात्मा विगतभीः ब्रह्मचारिव्रते स्थितः।# मनः संयम्य मच्चित्तो युक्त आसीत मत्परः॥14॥"
"युञ्जन् एवम् सदा आत्मानम् योगी नियत-मानसः शान्तिम् निर्वाण-परमाम् मत्-संस्थाम् अधिगच्छति","नियत-मानसः योगी एवम् आत्मानम् सदा युञ्जन् निर्वाण-परमाम् मत्-संस्थाम् शान्तिम् अधिगच्छति"," युञ्जन्नेवं सदाऽऽत्मानं योगी नियतमानसः।# शान्तिं निर्वाणपरमां मत्संस्थामधिगच्छति॥15॥"
"न अति-अश्नतः तु योगः अस्ति न च एकान्तं अ-अश्नतः न च अति-स्वप्न-शीलस्य जाग्रतः (योगः) (अस्ति) न एव (अस्ति) च अर्जुन (अस्ति) (योगः) (योगः)","अर्जुन अति-अश्नतः तु योगः न अस्ति एकान्तं अ-अश्नतः च (योगः) न (अस्ति) अति-स्वप्न-शीलस्य च (योगः) न (अस्ति) जाग्रतः च (योगः) न एव (अस्ति)"," नात्यश्नतस्तु योगोऽस्ति न चैकान्तमनश्नतः।# न चातिस्वप्नशीलस्य जाग्रतो नैव चार्जुन॥16॥"
"युक्त-आहार-विहारस्य युक्त-चेष्टस्य कर्मसु युक्त-स्वप्न-अवबोधस्य (च) योगः भवति दुःख-हा","युक्त-आहार-विहारस्य युक्त-चेष्टस्य युक्त-स्वप्न-अवबोधस्य (च) योगः कर्मसु दुःख-हा भवति"," युक्ताहारविहारस्य युक्तचेष्टस्य कर्मसु।# युक्तस्वप्नावबोधस्य योगो भवति दुःखहा॥17॥"
"यदा विनियतम् चित्तम् आत्मनि एव अवतिष्ठते निस्-स्पृहः सर्व-कामेभ्यः युक्तः इति उच्यते तदा","यदा विनियतम् चित्तम् आत्मनि एव अवतिष्ठते सर्व-कामेभ्यः निस्-स्पृहः तदा युक्तः इति उच्यते"," यदा विनियतं चित्तमात्मन्येवावतिष्ठते।# निःस्पृहः सर्वकामेभ्यो युक्त इत्युच्यते तदा॥18॥"
"यथा दीपः नि-वात-स्थः न इङ्गते सा उपमा स्मृता योगिनः यत-चित्तस्य युञ्जतः योगम् आत्मनः","यथा नि-वात-स्थः दीपः न इङ्गते आत्मनः योगम् युञ्जतः यत-चित्तस्य योगिनः सा उपमा स्मृता"," यथा दीपो निवातस्थो नेङ्गते सोपमा स्मृता।# योगिनो यतचित्तस्य युञ्जतो योगमात्मनः॥19॥"
"यत्र उपरमते चित्तम् निरुद्धम् योग-सेवया यत्र च एव आत्मना आत्मानम् पश्यन् आत्मनि तुष्यति सुखम् आत्यन्तिकम् यत् (अस्ति) तत् बुद्धि-ग्राह्यम् अति-इन्द्रियम् वेत्ति यत्र न च एव अयम् स्थितः चलति तत्त्वतः यम् लब्ध्वा च अ-परम् लाभम् मन्यते न अधिकम् ततः यस्मिन् स्थितः न दुःखेन गुरुणा अपि विचाल्यते तम् विद्यात् दुःख-संयोग-वियोगम् योग-सञ्ज्ञितम् सः निश्चयेन योक्तव्यः योगः अ-निर्विण्ण-चेतसा","यत्र योग-सेवया निरुद्धम् चित्तम् उपरमते यत्र च एव आत्मना आत्मानम् पश्यन् आत्मनि तुष्यति यत् (अस्ति) तत् बुद्धि-ग्राह्यम् अति-इन्द्रियम् आत्यन्तिकम् सुखम् वेत्ति यत्र च स्थितः अयम् तत्त्वतः न एव चलति यम् च लब्ध्वा ततः अधिकम् अ-परम् लाभम् न मन्यते यस्मिन् स्थितः गुरुणा दुःखेन अपि न विचाल्यते तम् दुःख-संयोग-वियोगम् योग-सञ्ज्ञितम् विद्यात् सः योगः अ-निर्विण्ण-चेतसा निश्चयेन योक्तव्यः"," यत्रोपरमते चित्तं निरुद्धं योगसेवया।# यत्र चैवात्मनाऽऽत्मानं पश्यन्नात्मनि तुष्यति॥20॥#
सुखमात्यन्तिकं यत्तद् बुद्धिग्राह्यमतीन्द्रियम्।# वेत्ति यत्र न चैवायं स्थितश्चलति तत्वतः॥21॥# यं लब्ध्वा चापरं लाभं मन्यते नाधिकं ततः।# यस्मिन्स्थितो न दुःखेन गुरुणापि विचाल्यते॥22॥# तं विद्याद्दुःखसंयोगवियोगं योगसंज्ञितम्।# स निश्चयेन योक्तव्यो योगोऽनिर्विण्णचेतसा॥ 23॥"
"सङ्कल्प-प्रभवान् कामान् त्यक्त्वा सर्वान् अ-शेषतः मनसा एव इन्द्रिय-ग्रामम् विनियम्य समन्ततः शनैः शनैः उपरमेत् बुद्ध्या धृति-गृहीतया आत्म-संस्थम् मनः कृत्वा न किञ्चित् अपि चिन्तयेत्","सङ्कल्प-प्रभवान् सर्वान् कामान् अ-शेषतः त्यक्त्वा मनसा एव इन्द्रिय-ग्रामम् समन्ततः विनियम्य धृति-गृहीतया बुद्ध्या शनैः शनैः उपरमेत् मनः आत्म-संस्थम् कृत्वा किञ्चित् अपि न चिन्तयेत्"," सङ्कल्पप्रभवान्कामांस्त्यक्त्वा सर्वानशेषतः।# मनसैवेन्द्रियग्रामं विनियम्य समन्ततः॥24॥#
शनैः शनैरुपरमेद् बुद्ध्या धृतिगृहीतया।# आत्मसंस्थं मनः कृत्वा न किञ्चिदपि चिन्तयेत्॥25॥"
"यतः यतः निश्चरति मनः चञ्चलम् अ-स्थिरम् ततः ततः नियम्य एतत् आत्मनि एव वशम् नयेत्","चञ्चलम् अ-स्थिरम् मनः यतः यतः निश्चरति ततः ततः एतत् नियम्य आत्मनि एव वशम् नयेत्"," यतो यतो निश्चरति मनश्चञ्चलमस्थिरम्।# ततस्ततो नियम्यैतदात्मन्येव वशं नयेत्॥26॥"
"प्रशान्त-मनसम् हि एनम् योगिनम् सुखम् उत्तमम् उपैति शान्त-रजसम् ब्रह्म-भूतम् अ-कल्मषम्","प्रशान्त-मनसम् हि शान्त-रजसम् अ-कल्मषम् ब्रह्म-भूतम् एनम् योगिनम् उत्तमम् सुखम् उपैति"," प्रशान्तमनसं ह्येनं योगिनं सुखमुत्तमम्।# उपैति शान्तरजसं ब्रह्मभूतमकल्मषम्॥27॥"
"युञ्जन् एवम् सदा आत्मानम् योगी विगत-कल्मषः सुखेन ब्रह्म-संस्पर्शम् अत्यन्तम् सुखम् (च) अश्नुते","विगत-कल्मषः योगी एवम् सदा आत्मानम् युञ्जन् सुखेन ब्रह्म-संस्पर्शम् अत्यन्तम् सुखम् (च) अश्नुते"," युञ्जन्नेवं सदाऽऽत्मानं योगी विगतकल्मषः।# सुखेन ब्रह्मसंस्पर्शमत्यन्तं सुखमश्नुते॥28॥"
"सर्व-भूत-स्थम् आत्मानम् सर्व-भूतानि च आत्मनि ईक्षते योग-युक्त-आत्मा सर्वत्र सम-दर्शनः","योग-युक्त-आत्मा सर्वत्र सम-दर्शनः आत्मानम् सर्व-भूत-स्थम् आत्मनि च सर्व-भूतानि ईक्षते"," सर्वभूतस्थमात्मानं सर्वभूतानि चात्मनि।# ईक्षते योगयुक्तात्मा सर्वत्र समदर्शनः॥29॥"
"यः माम् पश्यति सर्वत्र सर्वम् च मयि पश्यति तस्य(तस्मै) अहम् न प्रणश्यामि सः च मे न प्रणश्यति","यः सर्वत्र माम् पश्यति सर्वम् च मयि पश्यति तस्य(तस्मै) अहम् न प्रणश्यामि सः च मे न प्रणश्यति"," यो मां पश्यति सर्वत्र सर्वं च मयि पश्यति।# तस्याहं न प्रणश्यामि स च मे न प्रणश्यति॥30॥"
"सर्व-भूत-स्थितम् यः माम् भजति एकत्वम् आस्थितः सर्वथा वर्तमानः अपि सः योगी मयि वर्तते","यः एकत्वम् आस्थितः सर्व-भूत-स्थितम् माम् भजति सः योगी सर्वथा वर्तमानः अपि मयि वर्तते"," सर्वभूतस्थितं यो मां भजत्येकत्वमास्थितः।# सर्वथा वर्तमानोऽपि स योगी मयि वर्तते॥31॥"
"आत्मा-औपम्येन सर्वत्र समं पश्यति यः अर्जुन सुखं वा यदि (भवेत्) वा दुःखं सः योगी परमः मतः","अर्जुन यः सुखं वा यदि दुःखं वा (भवेत्) आत्मा-औपम्येन सर्वत्र समं पश्यति सः परमः योगी मतः"," आत्मौपम्येन सर्वत्र समं पश्यति योऽर्जुन।# सुखं वा यदि वा दुःखं सः योगी परमो मतः॥32॥"
"यः अयम् योगः त्वया प्रोक्तः साम्येन मधुसूदन एतस्य अहम् न पश्यामि चञ्चलत्वात् स्थितिम् स्थिराम्","मधुसूदन यः अयम् योगः त्वया साम्येन प्रोक्तः चञ्चलत्वात् एतस्य स्थिराम् स्थितिम् अहम् न पश्यामि"," योऽयं योगस्त्वया प्रोक्तः साम्येन मधुसूदन।# एतस्याहं न पश्यामि चञ्चलत्वात् स्थितिं स्थिराम्॥33॥"
"चञ्चलम् हि मनः कृष्ण प्रमाथि बलवत् दृढम् (अस्ति) तस्य अहम् निग्रहम् मन्ये वायोः इव सुदुष्करम्","कृष्ण मनः हि चञ्चलम् बलवत् दृढम् प्रमाथि (अस्ति) अहम् तस्य निग्रहम् वायोः इव सुदुष्करम् मन्ये"," चञ्चलं हि मनः कृष्ण प्रमाथि बलवद्दृढम्।# तस्याहं निग्रहं मन्ये वायोरिव सुदुष्करम्॥34॥"
"अ-संशयम् महान्-बाहो मनः (अस्ति) दुर्-निग्रहम् चलम् अभ्यासेन तु कौन्तेय वैराग्येण च गृह्यते","महान्-बाहो अ-संशयम् मनः दुर्-निग्रहम् चलम् (अस्ति) कौन्तेय अभ्यासेन तु वैराग्येण च गृह्यते"," असंशयं महाबाहो मनो दुर्निग्रहं चलं।# अभ्यासेन तु कौन्तेय वैराग्येण च गृह्यते॥35॥"
"अ-संयत-आत्मना योगः दुष्प्रापः इति मे मतिः वश्य-आत्मना तु यतता अवाप्तुम् शक्यः उपायतः","अ-संयत-आत्मना योगः दुष्प्रापः इति मे मतिः यतता वश्य-आत्मना तु उपायतः अवाप्तुम् शक्यः"," असंयतात्मना योगो दुष्प्राप इति मे मतिः।# वश्यात्मना तु यतता शक्योऽवाप्तुमुपायतः॥36॥"
"अ-यतिः श्रद्धया उपेतः योगात् अ-प्राप्य योग-संसिद्धिम् काम् गतिम् कृष्ण गच्छति चलित-मानसः","कृष्ण श्रद्धया उपेतः अ-यतिः योगात् चलित-मानसः योग-संसिद्धिम् अ-प्राप्य काम् गतिम् गच्छति"," अयतिः श्रद्धयोपेतो योगाच्चलितमानसः।# अप्राप्य योगसंसिद्धिं कां गतिं कृष्ण गच्छति॥37॥"
"कच्चित् न उभय-विभ्रष्टः छिन्न-अभ्रम् इव नश्यति अ-प्रतिष्ठः महान्-बाहो वि-मूढः ब्रह्मणः पथि","महान्-बाहो उभय-विभ्रष्टः अ-प्रतिष्ठः ब्रह्मणः पथि वि-मूढः छिन्न-अभ्रम् इव कच्चित् न नश्यति"," कच्चिन्नोभयविभ्रष्टश्छिन्नाभ्रमिव नश्यति।# अप्रतिष्ठो महाबाहो विमूढो ब्रह्मणः पथि॥38॥"
"एतत् मे संशयम् कृष्ण छेत्तुम् अर्हसि (त्वम्) अ-शेषतः त्वत् अन्यः संशयस्य अस्य छेत्ता न हि उपपद्यते","कृष्ण एतत् मे संशयम् अ-शेषतः छेत्तुम् (त्वम्) अर्हसि त्वत् अन्यः हि अस्य संशयस्य छेत्ता न उपपद्यते"," एतन्मे संशयं कृष्ण छेत्तुमर्हस्यशेषतः।# त्वदन्यः संशयस्यास्य छेत्ता न ह्युपपद्यते॥39॥"
"पार्थ न एव इह न अमुत्र (विद्यते) विनाशः तस्य विद्यते न हि कल्याण-कृत् कश्चित् दुर्-गतिम् तात गच्छति","पार्थ इह तस्य विनाशः न एव विद्यते अमुत्र न (विद्यते) तात कश्चित् कल्याण-कृत् हि दुर्-गतिम् न गच्छति"," पार्थ नैवेह नामुत्र विनाशस्तस्य विद्यते।# नहि कल्याणकृत्कश्चिद्दुर्गतिं तात गच्छति॥40॥"
"प्राप्य पुण्य-कृताम् लोकान् उषित्वा शाश्वतीः समाः शुचीनाम् श्रीमताम् गेहे योग-भ्रष्टः अभिजायते","योग-भ्रष्टः पुण्य-कृताम् लोकान् प्राप्य शाश्वतीः समाः उषित्वा शुचीनाम् श्रीमताम् गेहे अभिजायते"," प्राप्य पुण्यकृतां लोकानुषित्वा शाश्वतीः समाः।# शुचीनां श्रीमतां गेहे योगभ्रष्टोऽभिजायते॥41॥"
"अथवा योगिनाम् एव कुले भवति धीमताम् एतत् हि दुर्लभतरम् लोके जन्म यत् ईदृशम् (अस्ति)","अथवा धीमताम् योगिनाम् कुले एव भवति यत् एतत् ईदृशम् हि जन्म लोके दुर्लभतरम् (अस्ति)"," अथवा योगिनामेव कुले भवति धीमताम्।# एतद्धि दुर्लभतरं लोके जन्म यदीदृशम्॥42॥"
"तत्र तम् बुद्धि-संयोगम् लभते पौर्व-देहिकम् यतते च ततः भूयः संसिद्धौ कुरु-नन्दन","कुरु-नन्दन तत्र तम् पौर्व-देहिकम् बुद्धि-संयोगम् लभते ततः च संसिद्धौ भूयः यतते"," तत्र तं बुद्धिसंयोगं लभते पौर्वदेहिकम्।# यतते च ततो भूयः संसिद्धौ कुरुनन्दन॥43॥"
"पूर्व-अभ्यासेन तेन एव ह्रियते हि अ-वशः अपि सः जिज्ञासुः अपि योगस्य शब्द-ब्रह्म अतिवर्तते","सः अ-वशः अपि तेन पूर्व-अभ्यासेन एव ह्रियते योगस्य जिज्ञासुः अपि शब्द-ब्रह्म हि अतिवर्तते"," पूर्वाभ्यासेन तेनैव ह्रियते ह्यवशोऽपि सः।# जिज्ञासुरपि योगस्य शब्दब्रह्मातिवर्तते॥44॥"
"प्रयत्नात् यतमानः तु योगी (भवति) संशुद्ध-किल्बिषः अन्-एक-जन्म-संसिद्धः ततः याति पराम् गतिम्","संशुद्ध-किल्बिषः प्रयत्नात् यतमानः योगी तु (भवति) अन्-एक-जन्म-संसिद्धः ततः पराम् गतिम् याति"," प्रयत्नाद्यतमानस्तु योगी संशुद्धकिल्बिषः।# अनेकजन्मसंसिद्धस्ततो याति परां गतिम्॥45॥"
"तपस्विभ्यः अधिकः योगी (मतः) ज्ञानिभ्यः अपि मतः अधिकः (योगी) कर्मिभ्यः च अधिकः योगी (मतः) तस्मात् योगी भव (त्वम्) अर्जुन","अर्जुन योगी तपस्विभ्यः अधिकः (मतः) (योगी) ज्ञानिभ्यः अपि अधिकः मतः कर्मिभ्यः च योगी अधिकः (मतः) तस्मात् (त्वम्) योगी भव"," तपस्विभ्योऽधिको योगी ज्ञानिभ्योऽपि मतोऽधिकः।# कर्मिभ्यश्चाधिको योगी तस्माद्योगी भवार्जुन॥46॥"
"योगिनाम् अपि सर्वेषाम् मत्-गतेन अन्तरात्मना श्रद्धावान् भजते यः माम् सः मे युक्ततमः मतः","यः सर्वेषाम् योगिनाम् अपि श्रद्धावान् मत्-गतेन अन्तरात्मना माम् भजते सः मे युक्ततमः मतः"," योगिनामपि सर्वेषां मद्गतेनान्तरात्मना।# श्रद्धावान्भजते यो मां स मे युक्ततमो मतः॥47॥"
"मयि आसक्त-मनाः पार्थ योगम् युञ्जन् मत्-आश्रयः अ-संशयम् समग्रम् माम् यथा ज्ञास्यसि (त्वम्) तत् शृणु (त्वम्)","पार्थ मयि आसक्त-मनाः योगम् युञ्जन् मत्-आश्रयः अ-संशयम् समग्रम् माम् (त्वम्) यथा ज्ञास्यसि तत् (त्वम्) शृणु"," मय्यासक्तमनाः पार्थ योगं युञ्जन्मदाश्रयः।# असंशयं समग्रं मां यथा ज्ञास्यसि तच्छृणु॥1॥"
"ज्ञानम् ते अहम् स-विज्ञानम् इदम् वक्ष्यामि अ-शेषतः यत् ज्ञात्वा न इह भूयः अन्यत् ज्ञातव्यम् अवशिष्यते","अहम् इदम् स-विज्ञानम् ज्ञानम् ते अ-शेषतः वक्ष्यामि यत् ज्ञात्वा इह भूयः अन्यत् ज्ञातव्यम् न अवशिष्यते"," ज्ञानं तेऽहं सविज्ञानमिदं वक्ष्याम्यशेषतः।# यज्ज्ञात्वा नेह भूयोऽन्यज्ज्ञातव्यमवशिष्यते॥2॥"
"मनुष्याणाम् सहस्रेषु कश्चित् यतति(यतते) सिद्धये यतताम्(यतमानानाम्) अपि सिद्धानाम् कश्चित् माम् वेत्ति तत्त्वतः","मनुष्याणाम् सहस्रेषु कश्चित् सिद्धये यतति(यतते) यतताम्(यतमानानाम्) सिद्धानाम् अपि कश्चित् माम् तत्त्वतः वेत्ति"," मनुष्याणां सहस्रेषु कश्चिद्यतति सिद्धये।# यततामपि सिद्धानां कश्चिन्मां वेत्ति तत्त्वतः॥3॥"
"भूमिः आपः अनलः वायुः खम् मनः बुद्धिः एव च अहङ्कारः इति इयम् मे भिन्ना प्रकृतिः (अस्ति) अष्टधा","भूमिः आपः अनलः वायुः खम् मनः बुद्धिः अहङ्कारः च एव इति इयम् अष्टधा भिन्ना मे प्रकृतिः (अस्ति)"," भूमिरापोऽनलो वायुः खं मनो बुद्धिरेव च।# अहङ्कार इतीयं मे भिन्ना प्रकृतिरष्टधा॥4॥"
"अ-परा इयम् (अस्ति) इतः तु अन्याम् प्रकृतिम् विद्धि मे पराम् जीव-भूताम् (त्वम्) महान्-बाहो यया इदम् धार्यते जगत्","महान्-बाहो इयम् अ-परा (अस्ति) इतः तु मे जीव-भूताम् अन्याम् पराम् प्रकृतिम् (त्वम्) विद्धि यया इदम् जगत् धार्यते"," अपरेयमितस्त्वन्यां प्रकृतिं विद्धि मे पराम्।# जीवभूतां महाबाहो ययेदं धार्यते जगत्॥5॥"
"एतत्-योनीनि भूतानि (सन्ति) सर्वाणि इति उपधारय (त्वम्) अहम् कृत्स्नस्य जगतः प्रभवः प्रलयः तथा (अस्मि)","सर्वाणि भूतानि एतत्-योनीनि (सन्ति) इति (त्वम्) उपधारय अहम् कृत्स्नस्य जगतः प्रभवः तथा प्रलयः (अस्मि)"," एतद्योनीनि भूतानि सर्वाणीत्युपधारय।# अहं कृत्स्नस्य जगतः प्रभवः प्रलयस्तथा॥6॥"
"मत्तः परतरम् न अन्यत् किञ्चित् अस्ति धनञ्जय मयि सर्वम् इदम् प्रोतम् सूत्रे मणि-गणाः इव","धनञ्जय मत्तः अन्यत् किञ्चित् परतरम् न अस्ति इदम् सर्वम् सूत्रे मणि-गणाः इव मयि प्रोतम्"," मत्तः परतरं नान्यत्किञ्चिदस्ति धनञ्जय।# मयि सर्वमिदं प्रोतं सूत्रे मणिगणा इव॥7॥"
"रसः अहम् अप्सु कौन्तेय प्रभा अस्मि शशि-सूर्ययोः प्रणवः सर्व-वेदेषु शब्दः खे पौरुषम् नृषु","कौन्तेय अहम् अप्सु रसः शशि-सूर्ययोः प्रभा सर्व-वेदेषु प्रणवः खे शब्दः नृषु पौरुषम् अस्मि"," रसोऽहमप्सु कौन्तेय प्रभास्मि शशिसूर्ययोः।# प्रणवः सर्ववेदेषु शब्दः खे पौरुषं नृषु॥8॥"
"पुण्यः गन्धः पृथिव्याम् च तेजः च अस्मि (अहम्) विभावसौ जीवनम् सर्व-भूतेषु तपः च अस्मि (अहम्) तपस्विषु","पृथिव्याम् च पुण्यः गन्धः विभावसौ तेजः च (अहम्) अस्मि (अहम्) सर्व-भूतेषु जीवनम् तपस्विषु तपः च अस्मि"," पुण्यो गन्धः पृथिव्यां च तेजश्चास्मि विभावसौ।# जीवनं सर्वभूतेषु तपश्चास्मि तपस्विषु॥9॥"
"बीजम् माम् सर्व-भूतानाम् विद्धि (त्वम्) पार्थ सनातनम् बुद्धिः बुद्धिमताम् अस्मि तेजः तेजस्विनाम् अहम्","पार्थ (त्वम्) माम् सर्व-भूतानाम् सनातनम् बीजम् विद्धि अहम् बुद्धिमताम् बुद्धिः तेजस्विनाम् तेजः अस्मि"," बीजं मां सर्वभूतानां विद्धि पार्थ सनातनम्।# बुद्धिर्बुद्धिमतामस्मि तेजस्तेजस्विनामहम्॥10॥"
"बलम् बलवताम् च अहम् काम-राग-विवर्जितम् धर्म-अ-विरुद्धः भूतेषु कामः अस्मि भरतर्षभ","भरतर्षभ अहम् बलवताम् काम-राग-विवर्जितम् बलम् च भूतेषु धर्म-अ-विरुद्धः कामः अस्मि"," बलं बलवतां चाहं कामरागविवर्जितम्।# धर्माविरुद्धो भूतेषु कामोऽस्मि भरतर्षभ॥11॥"
"ये च एव सात्त्विकाः भावाः (सन्ति) राजसाः तामसाः च ये (सन्ति) (भावाः) मत्तः (प्रभवन्ति) एव इति तान् विद्धि (त्वम्) न तु अहम् (अस्मि) तेषु ते मयि (सन्ति)","ये च एव सात्त्विकाः भावाः (सन्ति) ये राजसाः तामसाः च (भावाः) (सन्ति) (प्रभवन्ति) तान् मत्तः एव इति (त्वम्) विद्धि अहम् तु तेषु न (अस्मि) ते मयि (सन्ति)"," ये चैव सात्त्विका भावा राजसास्तामसाश्च ये।# मत्त एवेति तान्विद्धि नत्वहं तेषु ते मयि॥12॥"
"त्रिभिः गुणमयैः भावैः एभिः सर्वम् इदम् जगत् मोहितम् न अभिजानाति माम् एभ्यः परम् अ-व्ययम्","गुणमयैः एभिः त्रिभिः भावैः इदम् सर्वम् जगत् मोहितम् एभ्यः परम् अ-व्ययम् माम् न अभिजानाति"," त्रिभिर्गुणमयैर्भावैरेभिः सर्वमिदं जगत्।# मोहितं नाभिजानाति मामेभ्यः परमव्ययम्॥13॥"
"दैवी हि एषा गुणमयी मम माया दुरत्यया (अस्ति) माम् एव ये प्रपद्यन्ते मायाम् एताम् तरन्ति ते","एषा दैवी हि गुणमयी मम माया दुरत्यया (अस्ति) ये माम् एव प्रपद्यन्ते ते एताम् मायाम् तरन्ति"," दैवी ह्येषा गुणमयी मम माया दुरत्यया।# मामेव ये प्रपद्यन्ते मायामेतां तरन्ति ते॥14॥"
"न माम् दुष्-कृतिनः मूढाः प्रपद्यन्ते नर-अधमाः मायया अपहृत-ज्ञानाः आसुरम् भावम् आश्रिताः","मायया अपहृत-ज्ञानाः आसुरम् भावम् आश्रिताः दुष्-कृतिनः मूढाः नर-अधमाः माम् न प्रपद्यन्ते"," न मां दुष्कृतिनो मूढाः प्रपद्यन्ते नराधमाः।# माययापहृतज्ञाना आसुरं भावमाश्रिताः॥15॥"
"चतुर्-विधाः भजन्ते माम् जनाः सु-कृतिनः अर्जुन आर्तः जिज्ञासुः अर्थ-अर्थी ज्ञानी च भरतर्षभ","भरतर्षभ अर्जुन आर्तः जिज्ञासुः अर्थ-अर्थी ज्ञानी च चतुर्-विधाः सु-कृतिनः जनाः माम् भजन्ते"," चतुर्विधा भजन्ते मां जनाः सुकृतिनोऽर्जुन।# आर्तो जिज्ञासुरर्थार्थी ज्ञानी च भरतर्षभ॥16॥"
"तेषाम् ज्ञानी नित्य-युक्तः एक-भक्तिः विशिष्यते प्रियः हि ज्ञानिनः अत्यर्थम् अहम् (अस्मि) सः च मम प्रियः (अस्ति)","तेषाम् हि नित्य-युक्तः एक-भक्तिः ज्ञानी विशिष्यते अहम् ज्ञानिनः अत्यर्थम् प्रियः (अस्मि) सः च मम प्रियः (अस्ति)"," तेषां ज्ञानी नित्ययुक्त एकभक्तिर्विशिष्यते।# प्रियो हि ज्ञानिनोऽत्यर्थमहं स च मम प्रियः॥17॥"
"उदाराः सर्वे एव एते (सन्ति) ज्ञानी तु आत्मा एव (अस्ति) (इति) मे मतम् (मम) आस्थितः सः हि युक्त-आत्मा माम् एव अन्-उत्तमाम् गतिम्","एते सर्वे उदाराः एव (सन्ति) ज्ञानी तु मे आत्मा एव (अस्ति) (इति) (मम) मतम् सः हि युक्त-आत्मा अन्-उत्तमाम् गतिम् माम् एव आस्थितः"," उदाराः सर्व एवैते ज्ञानी त्वात्मैव मे मतम्।# आस्थितः स हि युक्तात्मा मामेवानुत्तमां गतिम्॥18॥"
"बहूनाम् जन्मनाम् अन्ते ज्ञानवान् माम् प्रपद्यते वासुदेवः सर्वम् (अस्ति) इति सः महान्-आत्मा सुदुर्लभः (अस्ति) यः","बहूनाम् जन्मनाम् अन्ते वासुदेवः सर्वम् (अस्ति) इति यः ज्ञानवान् माम् प्रपद्यते सः महान्-आत्मा सुदुर्लभः (अस्ति)"," बहूनां जन्मनामन्ते ज्ञानवान्मां प्रपद्यते।# वासुदेवः सर्वमिति स महात्मा सुदुर्लभः॥19॥"
"कामैः तैः तैः हृत-ज्ञानाः प्रपद्यन्ते अन्य-देवताः तम् तम् नियमम् आस्थाय प्रकृत्या नियताः स्वया","हृत-ज्ञानाः तैः तैः कामैः स्वया प्रकृत्या नियताः तम् तम् नियमम् आस्थाय अन्य-देवताः प्रपद्यन्ते"," कामैस्तैस्तैर्हृतज्ञानाः प्रपद्यन्तेऽन्यदेवताः।# तं तं नियममास्थाय प्रकृत्या नियताः स्वया॥20॥"
"यः यः याम् याम् तनुम् भक्तः श्रद्धया अर्चितुम् इच्छति तस्य तस्य अचलाम् श्रद्धाम् ताम् एव विदधामि अहम्","यः यः भक्तः याम् याम् तनुम् श्रद्धया अर्चितुम् इच्छति तस्य तस्य ताम् एव अचलाम् श्रद्धाम् अहम् विदधामि"," यो यो यां यां तनुं भक्तः श्रद्धयार्चितुमिच्छति।# तस्य तस्याचलां श्रद्धां तामेव विदधाम्यहम्॥21॥"
"सः तया श्रद्धया युक्तः तस्य आराधनम् ईहते लभते च ततः कामान् मया एव विहितान् हि (सः) तान्","तया श्रद्धया युक्तः सः तस्य आराधनम् ईहते ततः च मया एव विहितान् तान् कामान् हि (सः) लभते"," स तया श्रद्धया युक्तस्तस्याराधनमीहते।# लभते च ततः कामान्मयैव विहितान् हि तान्॥22॥"
"अन्तवत् तु फलम् तेषाम् तत् भवति अल्प-मेधसाम् देवान् देव-यजः यान्ति मद्-भक्ताः यान्ति माम् अपि","अल्प-मेधसाम् तेषाम् तत् फलम् तु अन्तवत् भवति देव-यजः देवान् यान्ति मद्-भक्ताः अपि माम् यान्ति"," अन्तवत्तु फलं तेषां तद्भवत्यल्पमेधसाम्।# देवान्देवयजो यान्ति मद्भक्ता यान्ति मामपि॥23॥"
"अ-व्यक्तम् व्यक्तिम् आपन्नम् मन्यन्ते माम् अ-बुद्धयः परम् भावम् अ-जानन्तः मम अ-व्ययम् अन्-उत्तमम्","अ-बुद्धयः मम अन्-उत्तमम् परम् अ-व्ययम् भावम् अ-जानन्तः अ-व्यक्तम् माम् व्यक्तिम् आपन्नम् मन्यन्ते"," अव्यक्तं व्यक्तिमापन्नं मन्यन्ते मामबुद्धयः।# परं भावमजानन्तो ममाव्ययमनुत्तमम्॥24॥"
"न अहम् (भवामि) प्रकाशः सर्वस्य योग-माया-समावृतः मूढः अयम् न अभिजानाति लोकः माम् अ-जम् अ-व्ययम्","योग-माया-समावृतः अहम् सर्वस्य प्रकाशः न (भवामि) अयम् मूढः लोकः अ-जम् अ-व्ययम् माम् न अभिजानाति"," नाहं प्रकाशः सर्वस्य योगमायासमावृतः।# मूढोऽयं नाभिजानाति लोको मामजमव्ययम्॥25॥"
"वेद अहम् समतीतानि वर्तमानानि च अर्जुन भविष्याणि च भूतानि माम् तु वेद न कश्चन","अर्जुन अहम् समतीतानि वर्तमानानि च भविष्याणि च भूतानि वेद माम् तु कश्चन न वेद"," वेदाहं समतीतानि वर्तमानानि चार्जुन।# भविष्याणि च भूतानि मां तु वेद न कश्चन॥26॥"
"इच्छा-द्वेष-समुत्थेन द्वन्द्व-मोहेन भारत सर्व-भूतानि सम्मोहम् सर्गे (सति) यान्ति परन्तप","भारत परन्तप सर्गे (सति) इच्छा-द्वेष-समुत्थेन द्वन्द्व-मोहेन सर्व-भूतानि सम्मोहम् यान्ति"," इच्छाद्वेषसमुत्थेन द्वन्द्वमोहेन भारत।# सर्वभूतानि संमोहं सर्गे यान्ति परन्तप॥27॥"
"येषाम् तु अन्त-गतम् पापम् जनानाम् पुण्य-कर्मणाम् (भवति) ते द्वन्द्व-मोह-निर्मुक्ताः भजन्ते माम् दृढ-व्रताः","येषाम् तु पुण्य-कर्मणाम् जनानाम् पापम् अन्त-गतम् (भवति) ते द्वन्द्व-मोह-निर्मुक्ताः दृढ-व्रताः माम् भजन्ते"," येषां त्वन्तगतं पापं जनानां पुण्यकर्मणाम्।# ते द्वन्द्वमोहनिर्मुक्ता भजन्ते मां दृढव्रताः॥28॥"
"जरा-मरण-मोक्षाय माम् आश्रित्य यतन्ति ये ते ब्रह्म तत् विदुः कृत्स्नम् अधि-आत्मम् कर्म च अखिलम्","ये माम् आश्रित्य जरा-मरण-मोक्षाय यतन्ति ते तत् ब्रह्म कृत्स्नम् अधि-आत्मम् अखिलम् च कर्म विदुः"," जरामरणमोक्षाय मामाश्रित्य यतन्ति ये।# ते ब्रह्म तद्विदुः कृत्स्नमध्यात्मं कर्म चाखिलम्॥29॥"
"स-अधि-भूत-अधि-दैवम् माम् स-अधि-यज्ञम् च ये विदुः प्रयाण-काले अपि च माम् ते विदुः युक्त-चेतसः","ये स-अधि-भूत-अधि-दैवम् स-अधि-यज्ञम् च माम् विदुः ते युक्त-चेतसः प्रयाण-काले अपि च माम् विदुः","साधिभूताधिदैवं मां साधियज्ञं च ये विदुः।#प्रयाणकालेऽपि च मां ते विदुर्युक्तचेतसः।।30।।"
"किम् तत् ब्रह्म किम् अधि-आत्मम् किम् कर्म पुरुष-उत्तम अधि-भूतम् च किम् प्रोक्तम् अधि-दैवम् किम् उच्यते (अस्ति) (अस्ति) (अस्ति)","पुरुष-उत्तम तत् ब्रह्म किम् (अस्ति) अधि-आत्मम् किम् (अस्ति) कर्म किम् (अस्ति) अधि-भूतम् किम् प्रोक्तम् च अधि-दैवम् किम् उच्यते"," किं तद्ब्रह्म किमध्यात्मं किं कर्म पुरुषोत्तम।# अधिभूतं च किं प्रोक्तमधिदैवं किमुच्यते॥1॥"
"अधि-यज्ञः कथम् कः (अस्ति) अत्र देहे अस्मिन् मधुसूदन (अस्ति) प्रयाण-काले च कथम् ज्ञेयः असि नियत-आत्मभिः (त्वम्)","मधुसूदन अत्र अस्मिन् देहे अधि-यज्ञः कः (अस्ति) कथम् (अस्ति) नियत-आत्मभिः (त्वम्) प्रयाण-काले कथम् च ज्ञेयः असि"," अधियज्ञः कथं कोऽत्र देहेऽस्मिन्मधुसूदन।# प्रयाणकाले च कथं ज्ञेयोऽसि नियतात्मभिः॥2॥"
"अ-क्षरम् ब्रह्म (उच्यते) परमम् स्वभावः अधि-आत्मम् उच्यते भूत-भाव-उद्भव-करः विसर्गः कर्म-संज्ञितः (अस्ति)","अ-क्षरम् परमम् ब्रह्म (उच्यते) स्वभावः अधि-आत्मम् उच्यते भूत-भाव-उद्भव-करः विसर्गः कर्म-संज्ञितः (अस्ति)"," अक्षरं ब्रह्म परमं स्वभावोऽध्यात्ममुच्यते।# भूतभावोद्भवकरो विसर्गः कर्मसंज्ञितः॥3॥"
"अधि-भूतम् क्षरः भावः (अस्ति) पुरुषः च अधि-दैवतम् अधि-यज्ञः अहम् एव अत्र देहे देह-भृताम् वर (अस्मि) (अस्ति)","क्षरः भावः अधि-भूतम् (अस्ति) पुरुषः च अधि-दैवतम् (अस्ति) देह-भृताम् वर अत्र देहे अहम् एव अधि-यज्ञः (अस्मि)"," अधिभूतं क्षरो भावः पुरुषश्चाधिदैवतम्।# अधियज्ञोऽहमेवात्र देहे देहभृतां वर॥4॥"
"अन्त-काले च माम् एव स्मरन् मुक्त्वा कलेवरम् यः प्रयाति सः मत्-भावम् याति न अस्ति अत्र संशयः","यः अन्त-काले च माम् एव स्मरन् कलेवरम् मुक्त्वा प्रयाति सः मत्-भावम् याति अत्र संशयः न अस्ति"," अन्तकाले च मामेव स्मरन्मुक्त्वा कलेवरम्।# यः प्रयाति स मद्भावं याति नास्त्यत्र संशयः॥5॥"
"यम् यम् वा अपि स्मरन् भावम् त्यजति अन्ते कलेवरम् तम् तम् एव एति कौन्तेय सदा तत्-भाव-भावितः","कौन्तेय अन्ते यम् यम् वा अपि भावम् स्मरन् कलेवरम् त्यजति सदा तत्-भाव-भावितः तम् तम् एव एति"," यं यं वापि स्मरन्भावं त्यजत्यन्ते कलेवरम्।# तं तमेवैति कौन्तेय सदा तद्भावभावितः॥6॥"
"तस्मात् सर्वेषु कालेषु माम् अनुस्मर युध्य च (त्वम्) मयि अर्पित-मनः-बुद्धिः माम् एव एष्यसि अ-संशयम् (त्वम्)","तस्मात् (त्वम्) सर्वेषु कालेषु माम् अनुस्मर युध्य मयि च अर्पित-मनः-बुद्धिः माम् एव (त्वम्) एष्यसि अ-संशयम्"," तस्मात्सर्वेषु कालेषु मामनुस्मर युध्य च।# मय्यर्पितमनोबुद्धिर्मामेवैष्यस्यसंशयम्॥7॥"
"अभ्यास-योग-युक्तेन चेतसा न-अन्य-गामिना परमम् पुरुषम् दिव्यम् याति पार्थ अनुचिन्तयन् (मनुष्यः)","पार्थ (मनुष्यः) अभ्यास-योग-युक्तेन न-अन्य-गामिना चेतसा अनुचिन्तयन् परमम् दिव्यम् पुरुषम् याति"," अभ्यासयोगयुक्तेन चेतसा नान्यगामिना।# परमं पुरुषं दिव्यं याति पार्थानुचिन्तयन्॥8॥"
"कविम् पुराणम् अनुशासितारम् अणोः अणीयांसम् अनुस्मरेत् यः सर्वस्य धातारम् अ-चिन्त्य-रूपम् आदित्य-वर्णम् तमसः परस्तात् (स्थितम्) प्रयाण-काले मनसा अ-चलेन भक्त्या (च) युक्तः योग-बलेन च एव भ्रुवोः मध्ये प्राणम् आवेश्य सम्यक् सः तम् परम् पुरुषम् उपैति दिव्यम्","यः कविम् पुराणम् अनुशासितारम् अणोः अणीयांसम् अ-चिन्त्य-रूपम् आदित्य-वर्णम् तमसः परस्तात् (स्थितम्) सर्वस्य धातारम् अनुस्मरेत् सः भक्त्या (च) युक्तः प्रयाण-काले योग-बलेन च एव भ्रुवोः मध्ये प्राणम् सम्यक् आवेश्य अ-चलेन मनसा तम् दिव्यम् परम् पुरुषम् उपैति"," कविं पुराणमनुशासितारमणोरणीयांसमनुस्मरेद्यः।# सर्वस्य धातारमचिन्त्यरूपमादित्यवर्णं तमसः परस्तात्॥9॥#
प्रयाणकाले मनसाचलेन भक्त्या युक्तो योगबलेन चैव।# भ्रुवोर्मध्ये प्राणमावेश्य सम्यक् स तं परं पुरुषमुपैति दिव्यम्॥10॥"
"यत् अ-क्षरम् वेद-विदः वदन्ति विशन्ति यत् यतयः वीत-रागाः यत् इच्छन्तः ब्रह्म-चर्यम् चरन्ति तत् ते पदम् सङ्ग्रहेण प्रवक्ष्ये (अहम्)","वेद-विदः यत् अ-क्षरम् वदन्ति वीत-रागाः यतयः यत् विशन्ति यत् इच्छन्तः ब्रह्म-चर्यम् चरन्ति तत् पदम् ते (अहम्) सङ्ग्रहेण प्रवक्ष्ये"," यदक्षरं वेदविदो वदन्ति विशन्ति यद्यतयो वीतरागाः।# यदिच्छन्तो ब्रह्मचर्यं चरन्ति तत्ते पदं संग्रहेण प्रवक्ष्ये॥11॥"
"सर्व-द्वाराणि संयम्य मनः हृदि निरुध्य च मूर्ध्नि आधाय आत्मनः प्राणम् आस्थितः यः योग-धारणाम् ओम् इति एकाक्षरम् ब्रह्म व्याहरन् माम् अनुस्मरन् यः प्रयाति त्यजन् देहम् सः याति परमाम् गतिम्","सर्व-द्वाराणि संयम्य मनः हृदि निरुध्य च आत्मनः प्राणम् मूर्ध्नि आधाय योग-धारणाम् यः आस्थितः ओम् इति एकाक्षरम् ब्रह्म व्याहरन् माम् अनुस्मरन् यः देहम् त्यजन् प्रयाति सः परमाम् गतिम् याति"," सर्वद्वाराणि संयम्य मनो हृदि निरुध्य च।# मूर्ध्न्याधायात्मनः प्राणमास्थितो योगधारणाम्॥12॥#
ओमित्येकाक्षरं ब्रह्म व्याहरन्मामनुस्मरन्।# यः प्रयाति त्यजन्देहं स याति परमां गतिम्॥13॥"
"अन्-अन्य-चेताः सततम् यः माम् स्मरति नित्यशः तस्य(तस्मै) अहम् सुलभः पार्थ नित्य-युक्तस्य योगिनः (भवामि)","पार्थ यः अन्-अन्य-चेताः नित्यशः सततम् माम् स्मरति तस्य(तस्मै) नित्य-युक्तस्य योगिनः अहम् सुलभः (भवामि)"," अनन्यचेताः सततं यो मां स्मरति नित्यशः।# तस्याहं सुलभः पार्थ नित्ययुक्तस्य योगिनः॥14॥"
"माम् उपेत्य पुनर्जन्म दुःख-आलयम् अ-शाश्वतम् न आप्नुवन्ति महत्-आत्मानः संसिद्धिम् परमाम् गताः","परमाम् संसिद्धिम् गताः महत्-आत्मानः माम् उपेत्य अ-शाश्वतम् दुःख-आलयम् पुनर्जन्म न आप्नुवन्ति"," मामुपेत्य पुनर्जन्म दुःखालयमशाश्वतम्।# नाप्नुवन्ति महात्मानः संसिद्धिं परमां गताः॥15॥"
"आ-ब्रह्म-भुवनात् लोकाः पुनरावर्तिनः अर्जुन (सन्ति) माम् उपेत्य तु कौन्तेय पुनर्जन्म न विद्यते","अर्जुन आ-ब्रह्म-भुवनात् लोकाः पुनरावर्तिनः (सन्ति) कौन्तेय माम् उपेत्य तु पुनर्जन्म न विद्यते"," आब्रह्मभुवनाल्लोकाः पुनरावर्तिनोऽर्जुन।# मामुपेत्य तु कौन्तेय पुनर्जन्म न विद्यते॥16॥"
"सहस्र-युग-पर्यन्तम् अहः यत् ब्रह्मणः विदुः (ये) रात्रिम् (ये) (विदुः) युग-सहस्र-अन्ताम् ते अहः-रात्र-विदः जनाः (सन्ति)","ब्रह्मणः यत् अहः सहस्र-युग-पर्यन्तम् (ये) विदुः (ये) युग-सहस्र-अन्ताम् रात्रिम् (विदुः) ते जनाः अहः-रात्र-विदः (सन्ति)"," सहस्रयुगपर्यन्तमहर्यद्ब्रह्मणो विदुः।# रात्रिं युगसहस्रान्तां तेऽहोरात्रविदो जनाः॥17॥"
"अ-व्यक्तात् व्यक्तयः सर्वाः प्रभवन्ति अहः-आगमे रात्रि-आगमे प्रलीयन्ते तत्र एव अ-व्यक्त-सञ्ज्ञके","सर्वाः व्यक्तयः अहः-आगमे अ-व्यक्तात् प्रभवन्ति रात्रि-आगमे तत्र एव अ-व्यक्त-सञ्ज्ञके प्रलीयन्ते"," अव्यक्ताद्व्यक्तयः सर्वाः प्रभवन्त्यहरागमे।# रात्र्यागमे प्रलीयन्ते तत्रैवाव्यक्तसंज्ञके॥18॥"
"भूत-ग्रामः सः एव अयम् भूत्वा भूत्वा प्रलीयते रात्रि-आगमे अ-वशः पार्थ प्रभवति (च) अहः-आगमे","पार्थ सः एव अयम् भूत-ग्रामः अ-वशः भूत्वा भूत्वा रात्रि-आगमे प्रलीयते (च) अहः-आगमे प्रभवति"," भूतग्रामः स एवायं भूत्वा भूत्वा प्रलीयते।# रात्र्यागमेऽवशः पार्थ प्रभवत्यहरागमे॥19॥"
"परः तस्मात् तु भावः अन्यः अ-व्यक्तः अ-व्यक्तात् सनातनः (सः) (अस्ति) यः (अस्ति) सः सर्वेषु भूतेषु नश्यत्सु न विनश्यति","तस्मात् तु अ-व्यक्तात् परः अन्यः यः अ-व्यक्तः भावः (अस्ति) (सः) सनातनः (अस्ति) सः सर्वेषु भूतेषु नश्यत्सु न विनश्यति"," परस्तस्मात्तु भावोऽन्योऽव्यक्तोऽव्यक्तात्सनातनः।# यः स सर्वेषु भूतेषु नश्यत्सु न विनश्यति॥20॥"
"अ-व्यक्तः अ-क्षरः इति उक्तः (यः) तम् आहुः परमाम् गतिम् यम् प्राप्य न निवर्तन्ते तत् धाम परमम् मम (अस्ति) (च)","अ-व्यक्तः अ-क्षरः (च) इति (यः) उक्तः तम् परमाम् गतिम् आहुः यम् प्राप्य न निवर्तन्ते तत् मम परमम् धाम (अस्ति)"," अव्यक्तोऽक्षर इत्युक्तस्तमाहुः परमां गतिम्।# यं प्राप्य न निवर्तन्ते तद्धाम परमं मम॥21॥"
"पुरुषः सः परः पार्थ भक्त्या लभ्यः तु अन्-अन्यया यस्य अन्तः-स्थानि भूतानि (भवन्ति) येन सर्वम् इदम् ततम्","पार्थ भूतानि यस्य अन्तः-स्थानि (भवन्ति) येन इदम् सर्वम् ततम् सः तु परः पुरुषः अन्-अन्यया भक्त्या लभ्यः"," पुरुषः स परः पार्थ भक्त्या लभ्यस्त्वनन्यया।# यस्यान्तःस्थानि भूतानि येन सर्वमिदं ततम्॥22॥"
"यत्र काले तु अन्-आवृत्तिम् आवृत्तिम् च एव योगिनः प्रयाताः यान्ति तम् कालम् वक्ष्यामि (अहम्) भरतर्षभ","भरतर्षभ यत्र काले तु प्रयाताः योगिनः आवृत्तिम् अन्-आवृत्तिम् च एव यान्ति तम् कालम् (अहम्) वक्ष्यामि"," यत्र काले त्वनावृत्तिमावृत्तिं चैव योगिनः।# प्रयाता यान्ति तं कालं वक्ष्यामि भरतर्षभ॥23॥"
"अग्निः ज्योतिः अहः शुक्लः षण्मासाः उत्तरायणम् (देवाः) (ये) (सन्ति) तत्र प्रयाताः गच्छन्ति ब्रह्म ब्रह्म-विदः जनाः","अग्निः ज्योतिः अहः शुक्लः षण्मासाः उत्तरायणम् (देवाः) (ये) (सन्ति) तत्र प्रयाताः ब्रह्म विदः जनाः ब्रह्म-गच्छन्ति"," अग्निर्ज्योतिरहः शुक्लः षण्मासा उत्तरायणम्।# तत्र प्रयाता गच्छन्ति ब्रह्म ब्रह्मविदो जनाः॥24॥"
"धूमः रात्रिः तथा कृष्णः षण्मासाः दक्षिणायनम् (देवाः) (ये) (सन्ति) तत्र चान्द्रमसम् ज्योतिः योगी प्राप्य निवर्तते","धूमः रात्रिः तथा कृष्णः षण्मासाः दक्षिणायनम् (देवाः) (ये) (सन्ति) तत्र योगी चान्द्रमसम् ज्योतिः प्राप्य निवर्तते"," धूमो रात्रिस्तथा कृष्णः षण्मासा दक्षिणायनम्।# तत्र चान्द्रमसं ज्योतिर्योगी प्राप्य निवर्तते॥25॥"
"शुक्ल-कृष्णे गती हि एते जगतः शाश्वते मते एकया याति अन्-आवृत्तिम् अन्यया आवर्तते पुनः","एते हि शुक्ल-कृष्णे गती जगतः शाश्वते मते एकया अन्-आवृत्तिम् याति अन्यया पुनः आवर्तते"," शुक्लकृष्णे गती ह्येते जगतः शाश्वते मते।# एकया यात्यनावृत्तिमन्ययाऽऽवर्तते पुनः॥26॥"
"न एते सृती पार्थ जानन् योगी मुह्यति कश्चन तस्मात् सर्वेषु कालेषु योग-युक्तः भव अर्जुन (त्वम्)","पार्थ एते सृती जानन् कश्चन योगी न मुह्यति अर्जुन तस्मात् (त्वम्) सर्वेषु कालेषु योग-युक्तः भव"," नैते सृती पार्थ जानन्योगी मुह्यति कश्चन।# तस्मात्सर्वेषु कालेषु योगयुक्तो भवार्जुन॥27॥"
"वेदेषु यज्ञेषु तपःसु च एव दानेषु यत् पुण्य-फलम् प्रदिष्टम् अत्येति तत् सर्वम् इदम् विदित्वा योगी परम् स्थानम् उपैति च आद्यम्","योगी इदम् सर्वम् विदित्वा वेदेषु यज्ञेषु तपःसु दानेषु च यत् पुण्य-फलम् प्रदिष्टम् तत् एव अत्येति आद्यम् च परम् स्थानम् उपैति"," वेदेषु यज्ञेषु तपःसु चैव दानेषु यत्पुण्यफलं प्रदिष्टम्।# अत्येति तत्सर्वमिदं विदित्वा योगी परं स्थानमुपैति चाद्यम्॥28॥"
"इदम् तु ते गुह्यतमम् प्रवक्ष्यामि अन्-असूयवे ज्ञानम् विज्ञान-सहितम् यत् ज्ञात्वा मोक्ष्यसे अ-शुभात् (त्वम्) (अहम्)","अन्-असूयवे ते इदम् तु गुह्यतमम् विज्ञान-सहितम् ज्ञानम् (अहम्) प्रवक्ष्यामि यत् ज्ञात्वा (त्वम्) अ-शुभात् मोक्ष्यसे"," इदं तु ते गुह्यतमं प्रवक्ष्याम्यनसूयवे।# ज्ञानं विज्ञानसहितं यज्ज्ञात्वा मोक्ष्यसेऽशुभात्॥1॥"
"राज-विद्या राज-गुह्यम् पवित्रम् इदम् उत्तमम् प्रत्यक्ष-अवगमम् धर्म्यम् सुसुखम् कर्तुम् अ-व्ययम् (अस्ति) (ज्ञानम्) (अस्ति) (यत्) (तत्)","इदम् (यत्) (ज्ञानम्) राज-विद्या राज-गुह्यम् पवित्रम् उत्तमम् प्रत्यक्ष-अवगमम् धर्म्यम् अ-व्ययम् (अस्ति) (तत्) कर्तुम् सुसुखम् (अस्ति)"," राजविद्या राजगुह्यं पवित्रमिदमुत्तमम्।# प्रत्यक्षावगमं धर्म्यं सुसुखं कर्तुमव्ययम्॥2॥"
"अ-श्रद्दधानाः पुरुषाः धर्मस्य अस्य परन्तप अ-प्राप्य माम् निवर्तन्ते मृत्यु-संसार-वर्त्मनि","परन्तप अस्य धर्मस्य अ-श्रद्दधानाः पुरुषाः माम् अ-प्राप्य मृत्यु-संसार-वर्त्मनि निवर्तन्ते"," अश्रद्दधानाः पुरुषा धर्मस्यास्य परन्तप।# अप्राप्य मां निवर्तन्ते मृत्युसंसारवर्त्मनि॥3॥"
"मया ततम् इदम् सर्वम् जगत् अ-व्यक्त-मूर्तिना मत्-स्थानि सर्व-भूतानि न च अहम् तेषु अवस्थितः (अस्मि) (सन्ति) (अस्ति)","अ-व्यक्त-मूर्तिना च मया इदम् सर्वम् जगत् ततम् (अस्ति) सर्व-भूतानि मत्-स्थानि (सन्ति) अहम् तेषु न अवस्थितः (अस्मि)"," मया ततमिदं सर्वं जगदव्यक्तमूर्तिना।# मत्स्थानि सर्वभूतानि न चाहं तेष्ववस्थितः॥4॥"
"न च मत्-स्थानि भूतानि पश्य मे योगम् ऐश्वरम् भूत-भृत् न च भूत-स्थः मम आत्मा भूत-भावनः (अस्ति) (सन्ति)","भूतानि मत्-स्थानि न (सन्ति) मे ऐश्वरम् योगम् पश्य भूत-भृत् च भूत-भावनः च मम आत्मा भूत-स्थः न (अस्ति)"," न च मत्स्थानि भूतानि पश्य मे योगमैश्वरम्।# भूतभृन्न च भूतस्थो ममात्मा भूतभावनः॥5॥"
"यथा आकाश-स्थितः नित्यम् वायुः सर्वत्र-गः महान् तथा सर्वाणि भूतानि मत्-स्थानि इति उपधारय (सन्ति) (अस्ति) (त्वम्)","यथा सर्वत्र-गः महान् आकाश-स्थितः वायुः नित्यम् (अस्ति) तथा सर्वाणि भूतानि मत्-स्थानि (सन्ति) इति (त्वम्) उपधारय"," यथाऽऽकाशस्थितो नित्यं वायुः सर्वत्रगो महान्।# तथा सर्वाणि भूतानि मत्स्थानीत्युपधारय॥6॥"
"सर्व-भूतानि कौन्तेय प्रकृतिम् यान्ति मामिकाम् कल्प-क्षये पुनः तानि कल्प-आदौ विसृजामि अहम्","कौन्तेय कल्प-क्षये सर्व-भूतानि मामिकाम् प्रकृतिम् यान्ति कल्प-आदौ तानि अहम् पुनः विसृजामि"," सर्वभूतानि कौन्तेय प्रकृतिं यान्ति मामिकाम्।# कल्पक्षये पुनस्तानि कल्पादौ विसृजाम्यहम्॥7॥"
"प्रकृतिम् स्वाम् अवष्टभ्य विसृजामि पुनः पुनः भूत-ग्रामम् इमम् कृत्स्नम् अ-वशम् प्रकृतेः वशात्","स्वाम् प्रकृतिम् अवष्टभ्य प्रकृतेः वशात् अ-वशम् इमम् कृत्स्नम् भूत-ग्रामम् पुनः पुनः विसृजामि"," प्रकृतिं स्वामवष्टभ्य विसृजामि पुनः पुनः।# भूतग्राममिमं कृत्स्नमवशं प्रकृतेर्वशात्॥8॥"
"न च माम् तानि कर्माणि निबध्नन्ति धनञ्जय उदासीनवत् आसीनम् अ-सक्तम् तेषु कर्मसु","धनञ्जय तेषु कर्मसु अ-सक्तम् च उदासीनवत् आसीनम् माम् तानि कर्माणि न निबध्नन्ति"," न च मां तानि कर्माणि निबध्नन्ति धनञ्जय।# उदासीनवदासीनमसक्तं तेषु कर्मसु॥9॥"
"मया अध्यक्षेण प्रकृतिः सूयते स-चर-अ-चरम् हेतुना अनेन कौन्तेय जगत् विपरिवर्तते","कौन्तेय अध्यक्षेण मया प्रकृतिः स-चर-अ-चरम् सूयते अनेन हेतुना जगत् विपरिवर्तते"," मयाऽध्यक्षेण प्रकृतिः सूयते सचराचरम्।# हेतुनाऽनेन कौन्तेय जगद्विपरिवर्तते॥10॥"
"अवजानन्ति माम् मूढाः मानुषीम् तनुम् आश्रितम् परम् भावम् अ-जानन्तः मम भूत-महत्-ईश्वरम्","मम परम् भावम् अ-जानन्तः मूढाः मानुषीम् तनुम् आश्रितम् भूत-महत्-ईश्वरम् माम् अवजानन्ति"," अवजानन्ति मां मूढा मानुषीं तनुमाश्रितम्।# परं भावमजानन्तो मम भूतमहेश्वरम्॥11॥"
"मोघ-आशाः मोघ-कर्माणः मोघ-ज्ञानाः वि-चेतसः राक्षसीम् आसुरीम् च एव प्रकृतिम् मोहिनीम् श्रिताः (सन्ति)","मोघ-आशाः मोघ-कर्माणः मोघ-ज्ञानाः वि-चेतसः राक्षसीम् आसुरीम् च मोहिनीम् प्रकृतिम् एव श्रिताः (सन्ति)"," मोघाशा मोघकर्माणो मोघज्ञाना विचेतसः।# राक्षसीमासुरीं चैव प्रकृतिं मोहिनीं श्रिताः॥12॥"
"महत्-आत्मानः तु माम् पार्थ दैवीम् प्रकृतिम् आश्रिताः भजन्ति अन्-अन्य-मनसः ज्ञात्वा भूत-आदिम् अ-व्ययम्","पार्थ दैवीम् प्रकृतिम् आश्रिताः महत्-आत्मानः तु भूत-आदिम् अ-व्ययम् माम् ज्ञात्वा अन्-अन्य-मनसः भजन्ति"," महात्मानस्तु मां पार्थ दैवीं प्रकृतिमाश्रिताः।# भजन्त्यनन्यमनसो ज्ञात्वा भूतादिमव्ययम्॥13॥"
"सततम् कीर्तयन्तः माम् यतन्तः च दृढ-व्रताः नमस्यन्तः च माम् भक्त्या नित्य-युक्ताः उपासते","दृढ-व्रताः सततम् कीर्तयन्तः यतन्तः च माम् नमस्यन्तः च नित्य-युक्ताः भक्त्या माम् उपासते"," सततं कीर्तयन्तो मां यतन्तश्च दृढव्रताः।# नमस्यन्तश्च मां भक्त्या नित्ययुक्ता उपासते॥14॥"
"ज्ञान-यज्ञेन च अपि अन्ये यजन्तः माम् उपासते एकत्वेन पृथक्त्वेन बहुधा विश्वतः-मुखम्","अन्ये च विश्वतः-मुखम् माम् ज्ञान-यज्ञेन एकत्वेन पृथक्त्वेन बहुधा यजन्तः अपि उपासते"," ज्ञानयज्ञेन चाप्यन्ये यजन्तो मामुपासते।# एकत्वेन पृथक्त्वेन बहुधा विश्वतोमुखम्॥15॥"
"अहम् क्रतुः (अस्मि) अहम् यज्ञः (अस्मि) स्वधा अहम् (अस्मि) अहम् औषधम् (अस्मि) मन्त्रः अहम् (अस्मि) अहम् एव आज्यम् (अस्मि) अहम् अग्निः (अस्मि) अहम् हुतम् (अस्मि)","अहम् क्रतुः (अस्मि) अहम् यज्ञः (अस्मि) अहम् स्वधा (अस्मि) अहम् औषधम् (अस्मि) अहम् मन्त्रः (अस्मि) अहम् आज्यम् (अस्मि) अहम् अग्निः (अस्मि) अहम् एव हुतम् (अस्मि)"," अहं क्रतुरहं यज्ञः स्वधाऽहमहमौषधम्।# मंत्रोऽहमहमेवाज्यमहमग्निरहं हुतम्॥16॥"
"पिता अहम् अस्य जगतः माता धाता पितामहः वेद्यम् पवित्रम् ओङ्कारः ऋक् साम यजुः एव च (अस्मि) (अहम्) (अस्मि) (च)","अहम् अस्य जगतः धाता पिता माता पितामहः (च) (अस्मि) (अहम्) एव वेद्यम् पवित्रम् ओङ्कारः ऋक् साम यजुः च (अस्मि)"," पिताऽहमस्य जगतो माता धाता पितामहः।# वेद्यं पवित्रमोंकार ऋक् साम यजुरेव च॥17॥"
"गतिः भर्ता प्रभुः साक्षी निवासः शरणम् सुहृत् प्रभवः प्रलयः स्थानम् निधानम् बीजम् अ-व्ययम् (च) (अस्मि) (अहम्)","(अहम्) गतिः भर्ता प्रभुः साक्षी निवासः शरणम् सुहृत् प्रभवः प्रलयः स्थानम् निधानम् अ-व्ययम् बीजम् (च) (अस्मि)"," गतिर्भर्ता प्रभुः साक्षी निवासः शरणं सुहृत्।# प्रभवः प्रलयः स्थानं निधानं बीजमव्ययम्॥18॥"
"तपामि अहम् अहम् वर्षम् निगृह्णामि उत्सृजामि च अमृतम् च एव मृत्युः च सत् अ-सत् च अहम् अर्जुन (अस्मि)","अर्जुन अहम् तपामि अहम् वर्षम् निगृह्णामि उत्सृजामि च अहम् एव अमृतम् च मृत्युः च सत् अ-सत् च (अस्मि)"," तपाम्यहमहं वर्षं निगृह्णाम्युत्सृजामि च।# अमृतं चैव मृत्युश्च सदसच्चाहमर्जुन॥19॥"
"त्रै-विद्याः माम् सोम-पाः पूत-पापाः यज्ञैः इष्ट्वा स्वर्-गतिम् प्रार्थयन्ते ते पुण्यम् आसाद्य सुर-इन्द्र-लोकम् अश्नन्ति दिव्यान् दिवि देव-भोगान् (च)","त्रै-विद्याः सोम-पाः पूत-पापाः (च) माम् यज्ञैः इष्ट्वा स्वर्-गतिम् प्रार्थयन्ते ते पुण्यम् सुर-इन्द्र-लोकम् आसाद्य दिवि दिव्यान् देव-भोगान् अश्नन्ति"," त्रैविद्या मां सोमपाः पूतपापा यज्ञैरिष्ट्वा स्वर्गतिं प्रार्थयन्ते।# ते पुण्यमासाद्य सुरेन्द्रलोकमश्नन्ति दिव्यान्दिवि देवभोगान्॥20॥"
"ते तम् भुक्त्वा स्वर्ग-लोकम् विशालम् क्षीणे पुण्ये मर्त्य-लोकम् विशन्ति एवम् त्रयी-धर्मम् अनुप्रपन्नाः गत-आगतम् काम-कामाः लभन्ते","ते तम् विशालम् स्वर्ग-लोकम् भुक्त्वा पुण्ये क्षीणे मर्त्य-लोकम् विशन्ति एवम् त्रयी-धर्मम् अनुप्रपन्नाः काम-कामाः गत-आगतम् लभन्ते"," ते तं भुक्त्वा स्वर्गलोकं विशालं क्षीणे पुण्ये मर्त्यलोकं विशन्ति।# एवं त्रयीधर्ममनुप्रपन्ना गतागतं कामकामा लभन्ते॥21॥"
"अन्-अन्याः चिन्तयन्तः माम् ये जनाः पर्युपासते तेषाम् नित्य-अभियुक्तानाम् योग-क्षेमम् वहामि अहम्","ये अन्-अन्याः जनाः माम् चिन्तयन्तः पर्युपासते नित्य-अभियुक्तानाम् तेषाम् योग-क्षेमम् अहम् वहामि"," अनन्याश्चिन्तयन्तो मां ये जनाः पर्युपासते।# तेषां नित्याभियुक्तानां योगक्षेमं वहाम्यहम्॥22॥"
"ये अपि अन्य-देवताः भक्ताः यजन्ते श्रद्धया अन्विताः ते अपि माम् एव कौन्तेय यजन्ति अ-विधि-पूर्वकम्","कौन्तेय ये भक्ताः अपि श्रद्धया अन्विताः अन्य-देवताः यजन्ते ते अपि माम् एव अ-विधि-पूर्वकम् यजन्ति"," येऽप्यन्यदेवता भक्ता यजन्ते श्रद्धयाऽन्विताः।# तेऽपि मामेव कौन्तेय यजन्त्यविधिपूर्वकम्॥23॥"
"अहम् हि सर्व-यज्ञानाम् भोक्ता च प्रभुः एव च (अस्मि) न तु माम् अभिजानन्ति तत्त्वेन (ते) अतः च्यवन्ति ते","अहम् एव हि सर्व-यज्ञानाम् भोक्ता च प्रभुः च (अस्मि) ते तत्त्वेन तु माम् न अभिजानन्ति अतः (ते) च्यवन्ति"," अहं हि सर्वयज्ञानां भोक्ता च प्रभुरेव च।# न तु मामभिजानन्ति तत्त्वेनातश्च्यवन्ति ते॥24॥"
"यान्ति देव-व्रताः देवान् पितॄन् यान्ति पितृ-व्रताः भूतानि यान्ति भूत-इज्याः यान्ति मत्-याजिनः अपि माम्","देव-व्रताः देवान् यान्ति पितृ-व्रताः पितॄन् यान्ति भूत-इज्याः भूतानि यान्ति मत्-याजिनः अपि माम् यान्ति"," यान्ति देवव्रता देवान् पितृ़न्यान्ति पितृव्रताः।# भूतानि यान्ति भूतेज्या यान्ति मद्याजिनोऽपि माम्॥25॥"
"पत्रम् पुष्पम् फलम् तोयम् यः मे भक्त्या प्रयच्छति (च) तत् अहम् भक्ति-उपहृतम् अश्नामि प्रयत-आत्मनः","यः मे भक्त्या पत्रम् पुष्पम् फलम् तोयम् (च) प्रयच्छति प्रयत-आत्मनः भक्ति-उपहृतम् तत् अहम् अश्नामि"," पत्रं पुष्पं फलं तोयं यो मे भक्त्या प्रयच्छति।# तदहं भक्त्युपहृतमश्नामि प्रयतात्मनः॥26॥"
"यत् करोषि यत् अश्नासि यत् जुहोषि ददासि यत् यत् तपस्यसि (च) कौन्तेय तत् कुरुष्व मत्-अर्पणम् (त्वम्)","कौन्तेय (त्वम्) यत् करोषि यत् अश्नासि यत् जुहोषि यत् ददासि यत् तपस्यसि (च) तत् मत्-अर्पणम् कुरुष्व"," यत्करोषि यदश्नासि यज्जुहोषि ददासि यत्।# यत्तपस्यसि कौन्तेय तत्कुरुष्व मदर्पणम्॥27॥"
"शुभ-अ-शुभ-फलैः एवम् मोक्ष्यसे कर्म-बन्धनैः (त्वम्) सन्न्यास-योग-युक्त-आत्मा वि-मुक्तः माम् उपैष्यसि (त्वम्)","एवम् (त्वम्) शुभ-अ-शुभ-फलैः कर्म-बन्धनैः मोक्ष्यसे सन्न्यास-योग-युक्त-आत्मा वि-मुक्तः (त्वम्) माम् उपैष्यसि"," शुभाशुभफलैरेवं मोक्ष्यसे कर्मबन्धनैः।# संन्यासयोगयुक्तात्मा विमुक्तो मामुपैष्यसि॥28॥"
"समः अहम् (अस्मि) सर्व-भूतेषु न मे द्वेष्यः अस्ति न प्रियः (अस्ति) ये भजन्ति तु माम् भक्त्या मयि ते (सन्ति) तेषु च अपि अहम् (अस्मि)","अहम् सर्व-भूतेषु समः (अस्मि) द्वेष्यः मे न अस्ति प्रियः न (अस्ति) ये तु माम् भक्त्या भजन्ति ते मयि (सन्ति) अहम् च अपि तेषु (अस्मि)"," समोऽहं सर्वभूतेषु न मे द्वेष्योऽस्ति न प्रियः।# ये भजन्ति तु मां भक्त्या मयि ते तेषु चाप्यहम्॥29॥"
"अपि चेत् सु-दुर्-आचारः भजते (यः) माम् अन्-अन्य-भाक् साधुः एव सः मन्तव्यः सम्यक् व्यवसितः हि सः (अस्ति)","(यः) सु-दुर्-आचारः अपि चेत् माम् अन्-अन्य-भाक् भजते सः साधुः एव मन्तव्यः सः हि सम्यक् व्यवसितः (अस्ति)"," अपि चेत्सुदुराचारो भजते मामनन्यभाक्।# साधुरेव स मन्तव्यः सम्यग्व्यवसितो हि सः॥30॥"
"क्षिप्रम् भवति (सः) धर्म-आत्मा शश्वत् शान्तिम् निगच्छति (सः) कौन्तेय प्रतिजानीहि न मे भक्तः प्रणश्यति (इति) (त्वम्)","(सः) क्षिप्रम् धर्म-आत्मा भवति (सः) शश्वत् शान्तिम् निगच्छति कौन्तेय मे भक्तः न प्रणश्यति (इति) (त्वम्) प्रतिजानीहि"," क्षिप्रं भवति धर्मात्मा शश्वच्छान्तिं निगच्छति।# कौन्तेय प्रतिजानीहि न मे भक्तः प्रणश्यति॥31॥"
"माम् हि पार्थ व्यपाश्रित्य ये अपि स्युः पाप-योनयः स्त्रियः वैश्याः तथा शूद्राः ते अपि यान्ति पराम् गतिम् किम्(कथम्) पुनः ब्राह्मणाः पुण्याः भक्ताः राज-ऋषयः तथा (यान्ति) (च) अ-नित्यम् अ-सुखम् लोकम् इमम् प्राप्य भजस्व माम् (त्वम्) (न)","पार्थ पाप-योनयः ये अपि स्त्रियः वैश्याः तथा शूद्राः स्युः ते अपि माम् व्यपाश्रित्य पराम् गतिम् यान्ति हि पुण्याः भक्ताः ब्राह्मणाः तथा राज-ऋषयः पुनः किम्(कथम्) इमम् (च) (न) (यान्ति) अ-नित्यम् अ-सुखम् लोकम् प्राप्य (त्वम्) माम् भजस्व"," मां हि पार्थ व्यपाश्रित्य येऽपि स्युः पापयोनयः।# स्त्रियो वैश्यास्तथा शूद्रास्तेऽपि यान्ति परां गतिम्॥32॥#
किं पुनर्ब्राह्मणाः पुण्या भक्ता राजर्षयस्तथा।# अनित्यमसुखं लोकमिमं प्राप्य भजस्व माम्॥33॥"
"मत्-मनाः भव (त्वम्) (च) मद्-भक्तः मद्-याजी माम् नमस्कुरु (त्वम्) माम् एव एष्यसि (त्वम्) युक्त्वा एवम् आत्मानम् मत्-परायणः","(त्वम्) मत्-मनाः मद्-याजी मद्-भक्तः (च) भव (त्वम्) माम् नमस्कुरु एवम् मत्-परायणः (त्वम्) आत्मानम् युक्त्वा माम् एव एष्यसि"," मन्मना भव मद्भक्तो मद्याजी मां नमस्कुरु।# मामेवैष्यसि युक्त्वैवमात्मानं मत्परायणः॥34॥"
"भूयः एव महान्-बाहो शृणु मे परमम् वचः यत् ते अहम् प्रीयमाणाय वक्ष्यामि हित-काम्यया","महान्-बाहो भूयः एव मे परमम् वचः शृणु यत् अहम् प्रीयमाणाय ते हित-काम्यया वक्ष्यामि"," भूय एव महाबाहो श्रृणु मे परमं वचः।# यत्तेऽहं प्रीयमाणाय वक्ष्यामि हितकाम्यया॥1॥"
"न मे विदुः सुर-गणाः प्रभवम् न महर्षयः (विदुः) अहम् आदिः हि देवानाम् महर्षीणां च सर्वशः (अस्मि)","मे प्रभवम् सुर-गणाः न विदुः महर्षयः न (विदुः) अहम् हि सर्वशः देवानाम् महर्षीणां च आदिः (अस्मि)"," न मे विदुः सुरगणाः प्रभवं न महर्षयः।# अहमादिर्हि देवानां महर्षीणां च सर्वशः॥2॥"
"यः माम् अजम् अनादिम् च वेत्ति लोकमहेश्वरम् असम्मूढः सः मर्त्येषु सर्वपापैः(सर्वपापात्) प्रमुच्यते","यः माम् अजम् अनादिम् लोकमहेश्वरम् च वेत्ति असम्मूढः सः मर्त्येषु सर्वपापैः(सर्वपापात्) प्रमुच्यते"," यो मामजमनादिं च वेत्ति लोकमहेश्वरम्।# असम्मूढः स मर्त्येषु सर्वपापैः प्रमुच्यते॥3॥"
"बुद्धिः ज्ञानम् अ-सम्मोहः क्षमा सत्यम् दमः शमः सुखम् दुःखम् भवः अ-भावः भयम् च अ-भयम् एव च अ-हिंसा समता तुष्टिः तपः दानम् यशः अ-यशः भवन्ति भावाः भूतानाम् मत्तः एव पृथग्विधाः","बुद्धिः ज्ञानम् अ-सम्मोहः क्षमा सत्यम् दमः शमः सुखम् दुःखम् भवः अ-भावः भयम् अ-भयम् एव च अ-हिंसा समता तुष्टिः तपः दानम् यशः अ-यशः च पृथग्विधाः भूतानाम् भावाः मत्तः एव भवन्ति","बुद्धिर्ज्ञानमसम्मोहः क्षमा सत्यं दमः शमः।#सुखं दुःखं भवोभावो भयं चाभयमेव च॥4॥#अहिंसा समता तुष्टिस्तपो दानं यशोयशः।#भवन्ति भावा भूतानां मत्त एव पृथग्विधाः॥5॥"
"महर्षयः सप्त पूर्वे चत्वारः मनवः तथा मद्भावाः मानसाः जाताः येषां लोके इमाः प्रजाः (सन्ति) (ते) (सन्ति)","येषां इमाः प्रजाः लोके (सन्ति) (ते) सप्त महर्षयः पूर्वे चत्वारः मनवः तथा मद्भावाः मानसाः जाताः (सन्ति)"," महर्षयः सप्त पूर्वे चत्वारो मनवस्तथा।# मद्भावा मानसा जाता येषां लोक इमाः प्रजाः॥6॥"
"एतां वि-भूतिं योगं च मम यः वेत्ति तत्त्वतः सः अ-विकम्पेन योगेन युज्यते न अत्र संशयः (अस्ति)","यः मम एतां वि-भूतिं योगं च तत्त्वतः वेत्ति सः अ-विकम्पेन योगेन युज्यते अत्र संशयः न (अस्ति)"," एतां विभूतिं योगं च मम यो वेत्ति तत्त्वतः।# सोऽविकम्पेन योगेन युज्यते नात्र संशयः॥7॥"
"अहं सर्वस्य प्रभवः अस्मि मत्तः सर्वं प्रवर्तते इति मत्वा भजन्ते मां बुधाः भाव-समन्विताः","अहं सर्वस्य प्रभवः अस्मि मत्तः सर्वं प्रवर्तते इति मत्वा भाव-समन्विताः बुधाः मां भजन्ते"," अहं सर्वस्य प्रभवो मत्तः सर्वं प्रवर्तते।# इति मत्वा भजन्ते मां बुधा भावसमन्विताः॥8॥"
"मत्-चित्ताः मत्-गतप्राणाः बोधयन्तः परस्परम् कथयन्तः च माम् नित्यम् तुष्यन्ति च रमन्ति च","मत्-चित्ताः मत्-गतप्राणाः परस्परम् माम् बोधयन्तः कथयन्तः च नित्यम् तुष्यन्ति च रमन्ति च"," मच्चित्ता मद्गतप्राणा बोधयन्तः परस्परम्।# कथयन्तश्च मां नित्यं तुष्यन्ति च रमन्ति च॥9॥"
"तेषाम् सतत-युक्तानाम् भजताम् (कृते) प्रीतिपूर्वकम् ददामि बुद्धि-योगम् तं येन माम् उपयान्ति ते (अहम्)","सतत-युक्तानाम् प्रीतिपूर्वकम् भजताम् तेषाम् (कृते) तं बुद्धि-योगम् (अहम्) ददामि येन ते माम् उपयान्ति"," तेषां सततयुक्तानां भजतां प्रीतिपूर्वकम्।# ददामि बुद्धियोगं तं येन मामुपयान्ति ते॥10॥"
"तेषाम् एव अनुकम्पा-अर्थम् अहम् अ-ज्ञान-जम् तमः नाशयामि आत्म-भाव-स्थः ज्ञान-दीपेन भास्वता","आत्म-भाव-स्थः अहम् तेषाम् एव अनुकम्पा-अर्थम् भास्वता ज्ञान-दीपेन अ-ज्ञान-जम् तमः नाशयामि"," तेषामेवानुकम्पार्थमहमज्ञानजं तमः।# नाशयाम्यात्मभावस्थो ज्ञानदीपेन भास्वता॥11॥"
"परम् ब्रह्म परम् धाम पवित्रम् परमम् भवान् पुरुषम् शाश्वतम् दिव्यम् आदि-देवम् अ-जम् विभुम् आहुः त्वाम् ऋषयः सर्वे देवर्षिः नारदः देवलः व्यासः स्वयम् च एव ब्रवीषि मे(माम्) अस्ति (च) त्वम् (च)","भवान् परम् ब्रह्म परम् धाम परमम् पवित्रम् अस्ति सर्वे ऋषयः देवर्षिः नारदः देवलः व्यासः (च) त्वाम् शाश्वतम् दिव्यम् पुरुषम् आदि-देवम् अ-जम् विभुम् (च) आहुः त्वम् स्वयम् च एव मे(माम्) ब्रवीषि","परं ब्रह्म परं धाम पवित्रं परमं भवान्।#पुरुषं शाश्वतं दिव्यमादिदेवमजं विभुम्॥12॥#आहुस्त्वामृषयः सर्वे देवर्षिर्नारदस्तथा।#असितो देवलो व्यासः स्वयं चैव ब्रवीषि मे॥13॥"
"सर्वम् एतत् ऋतम् मन्ये (अहम्) यत् माम् वदसि केशव (त्वम्) न हि ते भगवन् व्यक्तिम् विदुः देवाः न दानवाः (विदुः)","केशव यत् माम् (त्वम्) वदसि (अहम्) एतत् सर्वम् ऋतम् मन्ये भगवन् ते व्यक्तिम् देवाः न विदुः दानवाः हि न (विदुः)"," सर्वमेतदृतं मन्ये यन्मां वदसि केशव।# न हि ते भगवन् व्यक्तिं विदुर्देवा न दानवाः॥14॥"
"स्वयम् एव आत्मना आत्मानम् वेत्थ त्वम् पुरुष-उत्तम भूत-भावन भूत-ईश देव-देव जगत्-पते","पुरुष-उत्तम भूत-भावन भूत-ईश देव-देव जगत्-पते त्वम् स्वयम् एव आत्मना आत्मानम् वेत्थ"," स्वयमेवात्मनाऽत्मानं वेत्थ त्वं पुरुषोत्तम।# भूतभावन भूतेश देवदेव जगत्पते॥15॥"
"वक्तुम् अर्हसि अ-शेषेण दिव्याः हि आत्म-वि-भूतयः याभिः वि-भूतिभिः लोकान् इमान् त्वम् व्याप्य तिष्ठसि (त्वम्)","याभिः वि-भूतिभिः (त्वम्) इमान् लोकान् व्याप्य तिष्ठसि त्वम् हि दिव्याः आत्म-वि-भूतयः अ-शेषेण वक्तुम् अर्हसि"," वक्तुमर्हस्यशेषेण दिव्या ह्यात्मविभूतयः।# याभिर्विभूतिभिर्लोकानिमांस्त्वं व्याप्य तिष्ठसि॥16॥"
"कथम् विद्याम् अहम् योगिन् त्वाम् सदा परिचिन्तयन् केषु केषु च भावेषु चिन्त्यः असि भगवन् मया (त्वम्)","योगिन् अहम् सदा परिचिन्तयन् त्वाम् कथम् विद्याम् भगवन् केषु केषु च भावेषु (त्वम्) मया चिन्त्यः असि"," कथं विद्यामहं योगिंस्त्वां सदा परिचिन्तयन्।# केषु केषु च भावेषु चिन्त्योऽसि भगवन्मया॥17॥"
"विस्तरेण आत्मनः योगम् वि-भूतिम् च जनार्दन भूयः कथय (त्वम्) तृप्तिः हि शृण्वतः न अस्ति मे अमृतम्","जनार्दन (त्वम्) आत्मनः योगम् वि-भूतिम् च विस्तरेण भूयः कथय अमृतम् शृण्वतः मे तृप्तिः हि न अस्ति"," विस्तरेणात्मनो योगं विभूतिं च जनार्दन।# भूयः कथय तृप्तिर्हि श्रृण्वतो नास्ति मेऽमृतम्॥18॥"
"हन्त ते कथयिष्यामि दिव्याः हि आत्म-वि-भूतयः प्राधान्यतः कुरु-श्रेष्ठ न अस्ति अन्तः विस्तरस्य मे (मम) (अहम्)","कुरु-श्रेष्ठ हन्त दिव्याः (मम) आत्म-वि-भूतयः हि (अहम्) ते प्राधान्यतः कथयिष्यामि मे विस्तरस्य अन्तः न अस्ति"," हन्त ते कथयिष्यामि दिव्या ह्यात्मविभूतयः।# प्राधान्यतः कुरुश्रेष्ठ नास्त्यन्तो विस्तरस्य मे॥19॥"
"अहम् आत्मा गुडाकेश सर्व-भूत-आशय-स्थितः अहम् आदिः च मध्यम् च भूतानाम् अन्तः एव च (अस्मि) (अस्मि)","गुडाकेश अहम् सर्व-भूत-आशय-स्थितः आत्मा (अस्मि) अहम् एव भूतानाम् आदिः च मध्यम् च अन्तः च (अस्मि)"," अहमात्मा गुडाकेश सर्वभूताशयस्थितः।# अहमादिश्च मध्यं च भूतानामन्त एव च॥20॥"
"आदित्यानाम् अहम् विष्णुः (अस्मि) ज्योतिषाम् रविः अंशुमान् (अस्मि) मरीचिः मरुताम् अस्मि नक्षत्राणाम् अहम् शशी (अस्मि)","अहम् आदित्यानाम् विष्णुः (अस्मि) ज्योतिषाम् अंशुमान् रविः (अस्मि) मरुताम् मरीचिः अस्मि अहम् नक्षत्राणाम् शशी (अस्मि)"," आदित्यानामहं विष्णुर्ज्योतिषां रविरंशुमान्।# मरीचिर्मरुतामस्मि नक्षत्राणामहं शशी॥21॥"
"वेदानाम् सामवेदः अस्मि (अहम्) देवानाम् अस्मि वासवः (अहम्) इन्द्रियाणाम् मनः च अस्मि (अहम्) भूतानाम् अस्मि चेतना (अहम्)","(अहम्) वेदानाम् सामवेदः अस्मि (अहम्) देवानाम् वासवः अस्मि (अहम्) इन्द्रियाणाम् मनः च अस्मि (अहम्) भूतानाम् चेतना अस्मि"," वेदानां सामवेदोऽस्मि देवानामस्मि वासवः।# इन्द्रियाणां मनश्चास्मि भूतानामस्मि चेतना॥22॥"
"रुद्राणाम् शङ्करः च अस्मि वित्त-ईशः यक्ष-रक्षसाम् वसूनाम् पावकः च अस्मि मेरुः शिखरिणाम् अहम् (अहम्)","(अहम्) रुद्राणाम् शङ्करः यक्ष-रक्षसाम् वित्त-ईशः च अस्मि अहम् वसूनाम् पावकः शिखरिणाम् मेरुः च अस्मि"," रुद्राणां शङ्करश्चास्मि वित्तेशो यक्षरक्षसाम्।# वसूनां पावकश्चास्मि मेरुः शिखरिणामहम्॥23॥"
"पुरोधसाम् च मुख्यम् माम् विद्धि (त्वम्) पार्थ बृहस्-पतिम् सेनानीनाम् अहम् स्कन्दः सरसाम् अस्मि सागरः (च)","पार्थ माम् पुरोधसाम् च मुख्यम् बृहस्-पतिम् (त्वम्) विद्धि अहम् सेनानीनाम् स्कन्दः सरसाम् सागरः (च) अस्मि"," पुरोधसां च मुख्यं मां विद्धि पार्थ बृहस्पतिम्।# सेनानीनामहं स्कन्दः सरसामस्मि सागरः॥24॥"
"महा-ऋषीणाम् भृगुः अहम् गिराम् अस्मि एकम् अ-क्षरम् यज्ञानाम् जप-यज्ञः अस्मि स्थावराणाम् हिम-आलयः (च) (अहम्) (च)","अहम् महा-ऋषीणाम् भृगुः गिराम् एकम् अ-क्षरम् (च) अस्मि (अहम्) यज्ञानाम् जप-यज्ञः स्थावराणाम् हिम-आलयः (च) अस्मि"," महर्षीणां भृगुरहं गिरामस्म्येकमक्षरम्।# यज्ञानां जपयज्ञोऽस्मि स्थावराणां हिमालयः॥25॥"
"अश्वत्थः सर्व-वृक्षाणाम् देव-ऋषीणाम् च नारदः गन्धर्वाणाम् चित्ररथः सिद्धानाम् कपिलः मुनिः (अस्मि) (अहम्)","(अहम्) सर्व-वृक्षाणाम् अश्वत्थः देव-ऋषीणाम् नारदः गन्धर्वाणाम् चित्ररथः सिद्धानाम् कपिलः मुनिः च (अस्मि)"," अश्वत्थः सर्ववृक्षाणां देवर्षीणां च नारदः।# गन्धर्वाणां चित्ररथः सिद्धानां कपिलो मुनिः॥26॥"
"उच्चैःश्रवसम् अश्वानाम् विद्धि (त्वं) माम् अमृत-उद्भवम् ऐरावतम् गज-इन्द्राणाम् नराणाम् च नर-अधिपम्","(त्वं) माम् अश्वानाम् अमृत-उद्भवम् उच्चैःश्रवसम् गज-इन्द्राणाम् ऐरावतम् नराणाम् नर-अधिपम् च विद्धि"," उच्चैःश्रवसमश्वानां विद्धि माममृतोद्भवम्।# ऐरावतं गजेन्द्राणां नराणां च नराधिपम्॥27॥"
"आयुधानाम् अहम् वज्रम् धेनूनाम् अस्मि काम-धुक् प्रजनः च अस्मि कन्दर्पः (अहम्) सर्पाणाम् अस्मि वासुकिः (अहम्) (च)","अहम् आयुधानाम् वज्रम् धेनूनाम् काम-धुक् (च) अस्मि (अहम्) प्रजनः कन्दर्पः च अस्मि (अहम्) सर्पाणाम् वासुकिः अस्मि"," आयुधानामहं वज्रं धेनूनामस्मि कामधुक्।# प्रजनश्चास्मि कन्दर्पः सर्पाणामस्मि वासुकिः॥28॥"
"अन्-अन्तः च अस्मि नागानाम् वरुणः यादसाम् अहम् पितॄणाम् अर्यमा च अस्मि यमः संयमताम् अहम्","अहम् नागानाम् अन्-अन्तः यादसाम् वरुणः च अस्मि अहम् पितॄणाम् अर्यमा संयमताम् यमः च अस्मि"," अनन्तश्चास्मि नागानां वरुणो यादसामहम्।# पितृ़णामर्यमा चास्मि यमः संयमतामहम्॥29॥"
"प्रह्लादः च अस्मि दैत्यानाम् कालः कलयताम् अहम् मृगाणाम् च मृग-इन्द्रः अहम् वैनतेयः च पक्षिणाम् (अस्मि)","अहम् दैत्यानाम् प्रह्लादः कलयताम् कालः च अस्मि अहम् मृगाणाम् च मृग-इन्द्रः पक्षिणाम् वैनतेयः च (अस्मि)"," प्रह्लादश्चास्मि दैत्यानां कालः कलयतामहम्।# मृगाणां च मृगेन्द्रोऽहं वैनतेयश्च पक्षिणाम्॥30॥"
"पवनः पवताम् अस्मि रामः शस्त्र-भृताम् अहम् झषाणाम् मकरः च अस्मि स्रोतसाम् अस्मि जाह्नवी (अहम्) (अहम्)","अहम् पवताम् पवनः शस्त्र-भृताम् रामः च अस्मि (अहम्) झषाणाम् मकरः अस्मि (अहम्) स्रोतसाम् जाह्नवी अस्मि"," पवनः पवतामस्मि रामः शस्त्रभृतामहम्।# झषाणां मकरश्चास्मि स्रोतसामस्मि जाह्नवी॥31॥"
"सर्गाणाम् आदिः अन्तः च मध्यम् च एव अहम् अर्जुन (अस्मि) अधि-आत्म-विद्या विद्यानाम् वादः प्रवदताम् च अहम् (अस्मि)","अर्जुन सर्गाणाम् आदिः अन्तः च मध्यम् च अहम् एव (अस्मि) अहम् विद्यानाम् अधि-आत्म-विद्या प्रवदताम् वादः च (अस्मि)"," सर्गाणामादिरन्तश्च मध्यं चैवाहमर्जुन।# अध्यात्मविद्या विद्यानां वादः प्रवदतामहम्॥32॥"
"अ-क्षराणाम् अकारः अस्मि द्वन्द्वः सामासिकस्य च अहम् एव अ-क्षयः कालः धाता (च) अहम् (अस्मि) विश्वतः-मुखः","अहम् अ-क्षराणाम् अकारः सामासिकस्य द्वन्द्वः च अस्मि अहम् एव अ-क्षयः कालः विश्वतः-मुखः धाता (च) (अस्मि)"," अक्षराणामकारोऽस्मि द्वन्द्वः सामासिकस्य च।# अहमेवाक्षयः कालो धाताऽहं विश्वतोमुखः॥33॥"
"मृत्युः सर्व-हरः च अस्मि अहम् उद्भवः च भविष्यताम् कीर्तिः श्रीः वाक् च नारीणाम् स्मृतिः मेधा धृतिः क्षमा (अस्मि) (अहम्)","अहम् सर्व-हरः मृत्युः च अस्मि (अहम्) भविष्यताम् उद्भवः च नारीणाम् कीर्तिः श्रीः वाक् स्मृतिः मेधा धृतिः क्षमा च (अस्मि)"," मृत्युः सर्वहरश्चाहमुद्भवश्च भविष्यताम्।# कीर्तिः श्रीर्वाक्च नारीणां स्मृतिर्मेधा धृतिः क्षमा॥34॥"
"बृहत्-साम तथा साम्नाम् गायत्री छन्दसाम् अहम् (अस्मि) मासानाम् मार्गशीर्षः अहम् ऋतूनाम् कुसुम-आकरः (च) (अस्मि)","तथा साम्नाम् अहम् बृहत्-साम छन्दसाम् गायत्री (अस्मि) अहम् मासानाम् मार्गशीर्षः ऋतूनाम् कुसुम-आकरः (च) (अस्मि)"," बृहत्साम तथा साम्नां गायत्री छन्दसामहम्।# मासानां मार्गशीर्षोऽहमृतूनां कुसुमाकरः॥35॥"
"द्यूतम् छलयताम् अस्मि तेजः (च) तेजस्विनाम् अहम् जयः अस्मि (अहम्) व्यवसायः अस्मि सत्त्वम् (च) सत्त्ववताम् अहम्","अहम् छलयताम् द्यूतम् तेजस्विनाम् तेजः (च) अस्मि अहम् व्यवसायः जयः (च) अस्मि (अहम्) सत्त्ववताम् सत्त्वम् अस्मि"," द्यूतं छलयतामस्मि तेजस्तेजस्विनामहम्।# जयोऽस्मि व्यवसायोऽस्मि सत्त्वं सत्त्ववतामहम्॥36॥"
"वृष्णीनाम् वासुदेवः अस्मि पाण्डवानाम् धनञ्जयः (च) (अहम्) मुनीनाम् अपि अहम् व्यासः कवीनाम् उशना कविः (च) (अस्मि)","वृष्णीनाम् वासुदेवः पाण्डवानाम् धनञ्जयः (च) (अहम्) अस्मि अहम् मुनीनाम् अपि व्यासः कवीनाम् उशना कविः (च) (अस्मि)"," वृष्णीनां वासुदेवोऽस्मि पाण्डवानां धनंजयः।# मुनीनामप्यहं व्यासः कवीनामुशना कविः॥37॥"
"दण्डः दमयताम् अस्मि नीतिः अस्मि जिगीषताम् (अहम्) मौनम् च एव अस्मि गुह्यानाम् ज्ञानम् ज्ञानवताम् अहम् (अहम्)","(अहम्) दमयताम् दण्डः अस्मि (अहम्) जिगीषताम् नीतिः अस्मि ज्ञानवताम् ज्ञानम् गुह्यानाम् मौनम् च एव अहम् अस्मि"," दण्डो दमयतामस्मि नीतिरस्मि जिगीषताम्।# मौनं चैवास्मि गुह्यानां ज्ञानं ज्ञानवतामहम्॥38॥"
"अस्ति यत् च अपि सर्व-भूतानाम् बीजम् तत् अहम् अर्जुन न तत् अस्ति विना यत् स्यात् मया भूतम् चर-अ-चरम् (अस्मि)","अर्जुन सर्व-भूतानाम् यत् बीजम् अस्ति तत् अपि च अहम् (अस्मि) मया विना चर-अ-चरम् भूतम् यत् स्यात् तत् न अस्ति"," यच्चापि सर्वभूतानां बीजं तदहमर्जुन।# न तदस्ति विना यत्स्यान्मया भूतं चराचरम्॥39॥"
"न अन्तः अस्ति मम दिव्यानाम् वि-भूतीनाम् परन्तप एषः तु उद्देशतः प्रोक्तः वि-भूतेः विस्तरः मया","परन्तप मम दिव्यानाम् वि-भूतीनाम् अन्तः न अस्ति मया वि-भूतेः एषः विस्तरः तु उद्देशतः प्रोक्तः"," नान्तोऽस्ति मम दिव्यानां विभूतीनां परंतप।# एष तूद्देशतः प्रोक्तो विभूतेर्विस्तरो मया॥40॥"
"यत् यत् वि-भूतिमत् सत्त्वम् श्रीमत् ऊर्जितम् एव वा (अस्ति) तत् तत् एव अवगच्छ त्वम् मम तेजस्-अंश-सम्भवम्","यत् यत् वि-भूतिमत् श्रीमत् ऊर्जितम् एव वा सत्त्वम् (अस्ति) तत् तत् मम तेजस्-अंश-सम्भवम् एव त्वम् अवगच्छ"," यद्यद्विभूतिमत्सत्त्वं श्रीमदूर्जितमेव वा।# तत्तदेवावगच्छ त्वं मम तेजोंऽशसंभवम्॥41॥"
"अथवा बहुना एतेन किम् ज्ञातेन तव अर्जुन विष्टभ्य (अस्ति) अहम् इदम् कृत्स्नम् एक-अंशेन स्थितः जगत् (प्रयोजनम्)","अर्जुन अथवा एतेन बहुना ज्ञातेन तव किम् (अस्ति) अहम् इदम् कृत्स्नम् जगत् एक-अंशेन विष्टभ्य स्थितः (प्रयोजनम्)"," अथवा बहुनैतेन किं ज्ञातेन तवार्जुन।# विष्टभ्याहमिदं कृत्स्नमेकांशेन स्थितो जगत्॥42॥"
"मत्-अनुग्रहाय परमम् गुह्यम् अधि-आत्म-सञ्ज्ञितम् यत् त्वया उक्तम् वचः तेन मोहः अयम् विगतः मम","त्वया मत्-अनुग्रहाय परमम् गुह्यम् अधि-आत्म-सञ्ज्ञितम् यत् वचः उक्तम् तेन अयम् मम मोहः विगतः","मदनुग्रहाय परमं गुह्यमध्यात्मसंज्ञितम्।#यत्त्वयोक्तं वचस्तेन मोहोऽयं विगतो मम॥1॥"
"भव-अप्ययौ हि भूतानाम् श्रुतौ विस्तरशः मया त्वत्तः कमल-पत्र-अक्ष माहात्म्यम् अपि च अ-व्ययम् (श्रुतम्)","कमल-पत्र-अक्ष भूतानाम् भव-अप्ययौ हि विस्तरशः त्वत्तः मया श्रुतौ अ-व्ययम् माहात्म्यम् अपि च (श्रुतम्)","भवाप्ययौ हि भूतानां श्रुतौ विस्तरशो मया।#त्वत्तः कमलपत्राक्ष माहात्म्यमपि चाव्ययम्॥2॥"
"एवम् एतत् यथा आत्थ त्वम् आत्मानम् परम-ईश्वर द्रष्टुम् इच्छामि ते रूपम् ऐश्वरम् पुरुष-उत्तम (अहम्)","परम-ईश्वर त्वम् आत्मानम् यथा आत्थ पुरुष-उत्तम एवम् एतत् ते (अहम्) ऐश्वरम् रूपम् द्रष्टुम् इच्छामि","एवमेतद्यथात्थ त्वमात्मानं परमेश्वर।#द्रष्टुमिच्छामि ते रूपमैश्वरं पुरुषोत्तम॥3॥"
"मन्यसे यदि तत् द्रष्टुम् शक्यम् मया इति प्रभो (त्वम्) योग-ईश्वर ततः मे(माम्) त्वम् दर्शय आत्मानम् अ-व्ययम्","प्रभो यदि मया तत् द्रष्टुम् शक्यम् इति (त्वम्) मन्यसे योग-ईश्वर ततः त्वम् मे(माम्) अ-व्ययम् आत्मानम् दर्शय","मन्यसे यदि तच्छक्यं मया द्रष्टुमिति प्रभो।#योगेश्वर ततो मे त्वं दर्शयाऽत्मानमव्ययम्॥4॥"
"पश्य मे पार्थ रूपाणि शतशः अथ सहस्रशः नाना-विधानि दिव्यानि नाना-वर्ण-आकृतीनि च (त्वम्)","पार्थ अथ शतशः सहस्रशः नाना-विधानि दिव्यानि नाना-वर्ण-आकृतीनि च मे रूपाणि (त्वम्) पश्य","पश्य मे पार्थ रूपाणि शतशोऽथ सहस्रशः।#नानाविधानि दिव्यानि नानावर्णाकृतीनि च॥5॥"
"पश्य आदित्यान् वसून् रुद्रान् अश्विनौ मरुतः तथा (त्वम्) बहूनि अ-दृष्ट-पूर्वाणि पश्य आश्चर्याणि भारत (त्वम्)","भारत आदित्यान् वसून् रुद्रान् अश्विनौ तथा मरुतः (त्वम्) पश्य बहूनि अ-दृष्ट-पूर्वाणि आश्चर्याणि (त्वम्) पश्य","पश्यादित्यान्वसून्रुद्रानश्विनौ मरुतस्तथा।#बहून्यदृष्टपूर्वाणि पश्याऽश्चर्याणि भारत॥6॥"
"इह एक-स्थम् जगत् कृत्स्नम् पश्य अद्य स-चर-अ-चरम् मम देहे गुडाकेश यत् अन्यत् च द्रष्टुम् इच्छसि (तत्) (त्वम्) (त्वम्)","गुडाकेश अद्य इह मम देहे एक-स्थम् स-चर-अ-चरम् कृत्स्नम् जगत् अन्यत् यत् च (त्वम्) द्रष्टुम् इच्छसि (तत्) (त्वम्) पश्य","इहैकस्थं जगत्कृत्स्नं पश्याद्य सचराचरम्।#मम देहे गुडाकेश यच्चान्यद्द्रष्टुमिच्छसि॥7॥"
"न तु माम् शक्यसे (त्वम्) द्रष्टुम् अनेन एव स्व-चक्षुषा दिव्यम् ददामि (अहम्) ते चक्षुः पश्य मे योगम् ऐश्वरम् (त्वम्)","(त्वम्) अनेन स्व-चक्षुषा एव माम् तु द्रष्टुम् न शक्यसे (अहम्) ते दिव्यम् चक्षुः ददामि (त्वम्) मे ऐश्वरम् योगम् पश्य","न तु मां शक्यसे द्रष्टुमनेनैव स्वचक्षुषा।#दिव्यं ददामि ते चक्षुः पश्य मे योगमैश्वरम्॥8॥"
"एवम् उक्त्वा ततः राजन् महत्-योग-ईश्वरः हरिः दर्शयामास पार्थाय परमम् रूपम् ऐश्वरम् अन्-एक-वक्त्र-नयनम् अन्-एक-अद्भुत-दर्शनम् अन्-एक-दिव्य-आभरणम् दिव्य-अन्-एक-उद्यत-आयुधम् दिव्य-माल्य-अम्बर-धरम् दिव्य-गन्ध-अनुलेपनम् सर्व-आश्चर्यमयम् देवम् अन्-अन्तम् विश्वतः-मुखम्","राजन् महत्-योग-ईश्वरः हरिः एवम् उक्त्वा ततः पार्थाय ऐश्वरम् अन्-एक-वक्त्र-नयनम् अन्-एक-अद्भुत-दर्शनम् अन्-एक-दिव्य-आभरणम् दिव्य-अन्-एक-उद्यत-आयुधम् दिव्य-माल्य-अम्बर-धरम् दिव्य-गन्ध-अनुलेपनम् सर्व-आश्चर्यमयम् अन्-अन्तम् विश्वतः-मुखम् परमम् देवम् रूपम् दर्शयामास","एवमुक्त्वा ततो राजन्महायोगेश्वरो हरिः।#दर्शयामास पार्थाय परमं रूपमैश्वरम्॥9॥#
अनेकवक्त्रनयनमनेकाद्भुतदर्शनम्।# अनेकदिव्याभरणं दिव्यानेकोद्यतायुधम्॥10॥# दिव्यमाल्याम्बरधरं दिव्यगन्धानुलेपनम्।# सर्वाश्चर्यमयं देवमनन्तं विश्वतोमुखम्॥11॥"
"दिवि सूर्य-सहस्रस्य भवेत् युगपत् उत्थिता यदि भाः सदृशी सा स्यात् भासः तस्य महा-आत्मनः","यदि दिवि सूर्य-सहस्रस्य भाः युगपत् उत्थिता भवेत् महा-आत्मनः तस्य सा भासः सदृशी स्यात्","दिवि सूर्यसहस्रस्य भवेद्युगपदुत्थिता।#यदि भाः सदृशी सा स्याद्भासस्तस्य महात्मनः॥12॥"
"तत्र एक-स्थम् जगत् कृत्स्नम् प्र-विभक्तम् अन्-एकधा अपश्यत् देव-देवस्य शरीरे पाण्डवः तदा","पाण्डवः तदा अन्-एकधा प्र-विभक्तम् कृत्स्नम् जगत् तत्र देव-देवस्य शरीरे एक-स्थम् अपश्यत्","तत्रैकस्थं जगत्कृत्स्नं प्रविभक्तमनेकधा।#अपश्यद्देवदेवस्य शरीरे पाण्डवस्तदा॥13॥"
"ततः सः विस्मय-आविष्टः हृष्ट-रोमा धनञ्-जयः प्रणम्य शिरसा देवम् कृत-अञ्जलिः अभाषत","ततः हृष्ट-रोमा सः धनञ्-जयः विस्मय-आविष्टः शिरसा देवम् प्रणम्य कृत-अञ्जलिः अभाषत","ततः स विस्मयाविष्टो हृष्टरोमा धनञ्जयः।#प्रणम्य शिरसा देवं कृताञ्जलिरभाषत॥14॥"
"पश्यामि देवान् तव देव देहे सर्वान् तथा भूत-विशेष-सङ्घान् ब्रह्माणम् ईशम् कमल-आसन-स्थम् ऋषीन् च सर्वान् उरगान् च दिव्यान् (अहम्)","देव तव देहे सर्वान् देवान् तथा भूत-विशेष-सङ्घान् कमल-आसन-स्थम् ब्रह्माणम् ईशम् सर्वान् ऋषीन् च दिव्यान् उरगान् च (अहम्) पश्यामि","पश्यामि देवांस्तव देव देहे सर्वांस्तथा भूतविशेषसङ्घान्।#ब्रह्माणमीशं कमलासनस्थमृषींश्च सर्वानुरगांश्च दिव्यान्॥15॥"
"अन्-एक-बाहु-उदर-वक्त्र-नेत्रम् पश्यामि त्वाम् सर्वतः अन्-अन्त-रूपम् न अन्तम् न मध्यम् न पुनः तव आदिम् (च) पश्यामि विश्व-ईश्वर विश्व-रूप","विश्व-ईश्वर विश्व-रूप त्वाम् अन्-एक-बाहु-उदर-वक्त्र-नेत्रम् सर्वतः अन्-अन्त-रूपम् पश्यामि तव आदिम् न पश्यामि न मध्यम् पुनः न अन्तम् (च)","अनेकबाहूदरवक्त्रनेत्रं पश्यामि त्वां सर्वतोऽनन्तरूपम्।#नान्तं न मध्यं न पुनस्तवादिं पश्यामि विश्वेश्वर विश्वरूप॥16॥"
"किरीटिनम् गदिनम् चक्रिणम् च तेजः-राशिम् सर्वतः दीप्तिमन्तम् पश्यामि (अहम्) त्वाम् दुर्-निरीक्ष्यम् समन्तात् दीप्त-अनल-अर्क-द्युतिम् अ-प्रमेयम्","किरीटिनम् गदिनम् चक्रिणम् तेजः-राशिम् सर्वतः दीप्तिमन्तम् समन्तात् दीप्त-अनल-अर्क-द्युतिम् अ-प्रमेयम् दुर्-निरीक्ष्यम् च त्वाम् (अहम्) पश्यामि","किरीटिनं गदिनं चक्रिणं च तेजोराशिं सर्वतोदीप्तिमन्तम्।#पश्यामि त्वां दुर्निरीक्ष्यं समन्ताद्दीप्तानलार्कद्युतिमप्रमेयम्॥17॥"
"त्वम् अ-क्षरम् परमम् वेदितव्यम् (असि) त्वम् अस्य विश्वस्य परम् निधानम् (असि) त्वम् अ-व्ययः शाश्वत-धर्म-गोप्ता सनातनः (असि) त्वम् पुरुषः (असि) (इति) मतः मे (अस्ति)","त्वम् वेदितव्यम् परमम् अ-क्षरम् (असि) त्वम् अस्य विश्वस्य परम् निधानम् (असि) त्वम् शाश्वत-धर्म-गोप्ता (असि) त्वम् अ-व्ययः सनातनः पुरुषः (असि) (इति) मे मतः (अस्ति)","त्वमक्षरं परमं वेदितव्यं त्वमस्य विश्वस्य परं निधानम्।#त्वमव्ययः शाश्वतधर्मगोप्ता सनातनस्त्वं पुरुषो मतो मे॥18॥"
"अन्-आदि-मध्य-अन्तम् अन्-अन्त-वीर्यम् अन्-अन्त-बाहुम् शशि-सूर्य-नेत्रम् पश्यामि त्वाम् दीप्त-हुताश-वक्त्रम् स्व-तेजसा विश्वम् इदम् तपन्तम् (अहम्) (च)","अन्-आदि-मध्य-अन्तम् अन्-अन्त-वीर्यम् अन्-अन्त-बाहुम् शशि-सूर्य-नेत्रम् दीप्त-हुताश-वक्त्रम् स्व-तेजसा इदम् विश्वम् तपन्तम् (च) त्वाम् (अहम्) पश्यामि","अनादिमध्यान्तमनन्तवीर्यमनन्तबाहुं शशिसूर्यनेत्रम्।# पश्यामि त्वां दीप्तहुताशवक्त्रं स्वतेजसा विश्वमिदं तपन्तम्॥19॥"
"द्यावा-पृथिव्योः इदम् अन्तरम् हि व्याप्तम् त्वया एकेन दिशः च सर्वाः दृष्ट्वा अद्भुतम् रूपम् उग्रम् तव इदम् लोक-त्रयम् प्रव्यथितम् महत्-आत्मन्","महत्-आत्मन् एकेन त्वया हि इदम् द्यावा-पृथिव्योः अन्तरम् सर्वाः दिशः च व्याप्तम् तव इदम् अद्भुतम् उग्रम् रूपम् दृष्ट्वा लोक-त्रयम् प्रव्यथितम्","द्यावापृथिव्योरिदमन्तरं हि व्याप्तं त्वयैकेन दिशश्च सर्वाः।#दृष्ट्वाऽद्भुतं रूपमुग्रं तवेदं लोकत्रयं प्रव्यथितं महात्मन्॥20॥"
"अमी हि त्वाम् सुर-सङ्घाः विशन्ति केचित् भीताः प्राञ्जलयः गृणन्ति स्वस्ति इति उक्त्वा महत्-ऋषि-सिद्ध-सङ्घाः स्तुवन्ति त्वाम् स्तुतिभिः पुष्कलाभिः","अमी सुर-सङ्घाः हि त्वाम् विशन्ति केचित् भीताः प्राञ्जलयः गृणन्ति महत्-ऋषि-सिद्ध-सङ्घाः स्वस्ति इति उक्त्वा त्वाम् पुष्कलाभिः स्तुतिभिः स्तुवन्ति","अमी हि त्वां सुरसङ्घा विशन्ति केचिद्भीताः प्राञ्जलयो गृणन्ति।#स्वस्तीत्युक्त्वा महर्षिसिद्धसङ्घाः स्तुवन्ति त्वां स्तुतिभिः पुष्कलाभिः॥21॥"
"रुद्र-आदित्याः वसवः ये च साध्याः विश्वे अश्विनौ मरुतः च उष्म-पाः च गन्धर्व-यक्ष-असुर-सिद्ध-सङ्घाः वीक्षन्ते त्वाम् (सन्तः) विस्मिताः च एव सर्वे","रुद्र-आदित्याः वसवः ये च साध्याः विश्वे अश्विनौ च मरुतः उष्म-पाः च गन्धर्व-यक्ष-असुर-सिद्ध-सङ्घाः सर्वे विस्मिताः च एव (सन्तः) त्वाम् वीक्षन्ते","रुद्रादित्या वसवो ये च साध्या विश्वेऽश्विनौ मरुतश्चोष्मपाश्च।#गन्धर्वयक्षासुरसिद्धसङ्घा वीक्षन्ते त्वां विस्मिताश्चैव सर्वे॥22॥"
"रूपम् महत् ते बहु-वक्त्र-नेत्रम् महा-बाहो बहु-बाहु-उरु-पादम् बहु-उदरम् बहु-दंष्ट्रा-करालम् दृष्ट्वा लोकाः प्रव्यथिताः तथा अहम्","महा-बाहो बहु-वक्त्र-नेत्रम् बहु-बाहु-उरु-पादम् बहु-उदरम् बहु-दंष्ट्रा-करालम् महत् ते रूपम् दृष्ट्वा लोकाः तथा अहम् प्रव्यथिताः","रूपं महत्ते बहुवक्त्रनेत्रं महाबाहो बहुबाहूरुपादम्।#बहूदरं बहुदंष्ट्राकरालं दृष्ट्वा लोकाः प्रव्यथितास्तथाऽहम्॥23॥"
"नभः-स्पृशम् दीप्तम् अन्-एक-वर्णम् व्यात्त-आननम् दीप्त-विशाल-नेत्रम् दृष्ट्वा हि त्वाम् प्रव्यथित-अन्तः-आत्मा धृतिम् न विन्दामि शमम् च विष्णो (अहम्)","विष्णो नभः-स्पृशम् दीप्तम् अन्-एक-वर्णम् व्यात्त-आननम् दीप्त-विशाल-नेत्रम् त्वाम् दृष्ट्वा हि प्रव्यथित-अन्तः-आत्मा (अहम्) धृतिम् शमम् च न विन्दामि","नभःस्पृशं दीप्तमनेकवर्णं व्यात्ताननं दीप्तविशालनेत्रम्।#दृष्ट्वा हि त्वां प्रव्यथितान्तरात्मा धृतिं न विन्दामि शमं च विष्णो॥24॥"
"दंष्ट्रा-करालानि च ते मुखानि दृष्ट्वा एव काल-अनल-सन्निभानि दिशः न जाने न (अहम्) लभे च शर्म (अहम्) प्रसीद देव-ईश जगत्-निवास (त्वम्)","जगत्-निवास देव-ईश दंष्ट्रा-करालानि काल-अनल-सन्निभानि च ते (अहम्) मुखानि दृष्ट्वा एव दिशः न जाने शर्म च (अहम्) न लभे (त्वम्) प्रसीद","दंष्ट्राकरालानि च ते मुखानि दृष्ट्वैव कालानलसन्निभानि।#दिशो न जाने न लभे च शर्म प्रसीद देवेश जगन्निवास॥25॥"
"अमी च त्वाम् धृतराष्ट्रस्य पुत्राः सर्वे सह एव अवनि-पाल-सङ्घैः भीष्मः द्रोणः सूत-पुत्रः तथा असौ सह अस्मदीयैः अपि योध-मुख्यैः वक्त्राणि ते त्वरमाणाः विशन्ति दंष्ट्रा-करालानि भयानकानि केचित् वि-लग्नाः दशन-अन्तरेषु सन्दृश्यन्ते चूर्णितैः उत्तम-अङ्गैः","अवनि-पाल-सङ्घैः सह अमी धृतराष्ट्रस्य पुत्राः तथा असौ भीष्मः द्रोणः सूत-पुत्रः च सर्वे अस्मदीयैः योध-मुख्यैः सह एव त्वाम् ते भयानकानि वक्त्राणि दंष्ट्रा-करालानि अपि त्वरमाणाः विशन्ति केचित् दशन-अन्तरेषु वि-लग्नाः चूर्णितैः उत्तम-अङ्गैः सन्दृश्यन्ते","अमी च त्वां धृतराष्ट्रस्य पुत्राः सर्वे सहैवावनिपालसङ्घैः।#भीष्मो द्रोणः सूतपुत्रस्तथाऽसौ सहास्मदीयैरपि योधमुख्यैः॥26॥#
वक्त्राणि ते त्वरमाणा विशन्ति दंष्ट्राकरालानि भयानकानि।# केचिद्विलग्ना दशनान्तरेषु सन्दृश्यन्ते चूर्णितैरुत्तमाङ्गैः॥27॥"
"यथा नदीनाम् बहवः अम्बु-वेगाः समुद्रम् एव अभि-मुखाः द्रवन्ति तथा तव अमी नर-लोक-वीराः विशन्ति वक्त्राणि अभिविज्वलन्ति","यथा नदीनाम् बहवः अम्बु-वेगाः समुद्रम् एव अभि-मुखाः द्रवन्ति तथा अमी नर-लोक-वीराः तव अभिविज्वलन्ति वक्त्राणि विशन्ति","यथा नदीनां बहवोऽम्बुवेगाः समुद्रमेवाभिमुखा द्रवन्ति।#तथा तवामी नरलोकवीरा विशन्ति वक्त्राण्यभिविज्वलन्ति॥28॥"
"यथा प्रदीप्तम् ज्वलनम् पतङ्गाः विशन्ति नाशाय समृद्ध-वेगाः तथा एव नाशाय विशन्ति लोकाः तव अपि वक्त्राणि समृद्ध-वेगाः","यथा समृद्ध-वेगाः पतङ्गाः प्रदीप्तम् ज्वलनम् नाशाय विशन्ति तथा एव समृद्ध-वेगाः लोकाः अपि तव वक्त्राणि नाशाय विशन्ति","यथा प्रदीप्तं ज्वलनं पतङ्गा विशन्ति नाशाय समृद्धवेगाः।#तथैव नाशाय विशन्ति लोकास्तवापि वक्त्राणि समृद्धवेगाः॥29॥"
"लेलिह्यसे ग्रसमानः समन्तात् लोकान् समग्रान् वदनैः ज्वलद्भिः तेजोभिः आपूर्य जगत् समग्रम् भासः तव उग्राः प्रतपन्ति विष्णो (त्वम्)","समग्रान् लोकान् ज्वलद्भिः वदनैः (त्वम्) समन्तात् ग्रसमानः लेलिह्यसे विष्णो तव उग्राः भासः समग्रम् जगत् तेजोभिः आपूर्य प्रतपन्ति","लेलिह्यसे ग्रसमानः समन्ताल्लोकान्समग्रान्वदनैर्ज्वलद्भिः।#तेजोभिरापूर्य जगत्समग्रं भासस्तवोग्राः प्रतपन्ति विष्णो॥30॥"
"आख्याहि मे कः भवान् उग्र-रूपः नमः (अस्ति) (त्वम्) अस्तु ते देव-वर प्रसीद (त्वम्) विज्ञातुम् (अहम्) इच्छामि भवन्तम् आद्यम् न हि प्रजानामि तव प्रवृत्तिम् (अहम्) (इति)","देव-वर उग्र-रूपः भवान् कः (अस्ति) (इति) (त्वम्) मे आख्याहि ते नमः अस्तु (त्वम्) प्रसीद (अहम्) आद्यम् भवन्तम् विज्ञातुम् इच्छामि तव प्रवृत्तिम् न हि (अहम्) प्रजानामि","आख्याहि मे को भवानुग्ररूपो नमोऽस्तु ते देववर प्रसीद।#विज्ञातुमिच्छामि भवन्तमाद्यं न हि प्रजानामि तव प्रवृत्तिम्॥31॥"
"कालः अस्मि लोक-क्षय-कृत् प्रवृद्धः (अहम्) लोकान् समाहर्तुम् इह प्रवृत्तः ऋते अपि त्वाम् न भविष्यन्ति सर्वे ये अवस्थिताः प्रत्यनीकेषु योधाः (अहम्)","(अहम्) लोक-क्षय-कृत् प्रवृद्धः कालः अस्मि (अहम्) इह लोकान् समाहर्तुम् प्रवृत्तः ये प्रत्यनीकेषु अवस्थिताः योधाः सर्वे त्वाम् ऋते अपि न भविष्यन्ति","कालोऽस्मि लोकक्षयकृत्प्रवृद्धो लोकान्समाहर्तुमिह प्रवृत्तः।#ऋतेऽपि त्वां न भविष्यन्ति सर्वे येऽवस्थिताः प्रत्यनीकेषु योधाः॥32॥"
"तस्मात् त्वम् उत्तिष्ठ यशः लभस्व (त्वम्) जित्वा शत्रून् भुङ्क्ष्व राज्यम् समृद्धम् (त्वम्) मया एव एते निहताः पूर्वम् एव निमित्त-मात्रम् भव सव्यसाचिन् (त्वम्)","सव्यसाचिन् तस्मात् त्वम् उत्तिष्ठ (त्वम्) यशः लभस्व (त्वम्) शत्रून् जित्वा समृद्धम् राज्यम् भुङ्क्ष्व एते मया एव पूर्वम् एव निहताः (त्वम्) निमित्त-मात्रम् भव","तस्मात्त्वमुत्तिष्ठ यशो लभस्व जित्वा शत्रून् भुङ्क्ष्व राज्यं समृद्धम्।#मयैवैते निहताः पूर्वमेव निमित्तमात्रं भव सव्यसाचिन्॥33॥"
"द्रोणम् च भीष्मम् च जयद्रथम् च कर्णम् तथा अन्यान् अपि योध-वीरान् मया हतान् त्वम् जहि (त्वम्) मा व्यथिष्ठा (त्वम्) युध्यस्व (त्वम्) जेतासि रणे सपत्नान्","द्रोणम् च भीष्मम् च जयद्रथम् च कर्णम् तथा अन्यान् अपि योध-वीरान् मया हतान् त्वम् जहि (त्वम्) मा व्यथिष्ठा (त्वम्) युध्यस्व (त्वम्) रणे सपत्नान् जेतासि","द्रोणं च भीष्मं च जयद्रथं च कर्णं तथाऽन्यानपि योधवीरान्।#मया हतांस्त्वं जहि मा व्यथिष्ठा युध्यस्व जेतासि रणे सपत्नान्॥34॥"
"एतत् श्रुत्वा वचनम् केशवस्य कृत-अञ्जलिः वेपमानः किरीटी नमस्कृत्वा भूयः एव आह कृष्णम् स-गद्गदम् भीत-भीतः प्रणम्य","केशवस्य एतत् वचनम् श्रुत्वा कृत-अञ्जलिः वेपमानः भीत-भीतः किरीटी नमस्कृत्वा स-गद्गदम् भूयः एव कृष्णम् प्रणम्य आह","एतच्छ्रुत्वा वचनं केशवस्य कृताञ्जलिर्वेपमानः किरीटी।#नमस्कृत्वा भूय एवाह कृष्णं सगद्गदं भीतभीतः प्रणम्य॥35॥"
"स्थाने हृषीकेश तव प्रकीर्त्या जगत् प्रहृष्यति अनुरज्यते च रक्षांसि भीतानि दिशः द्रवन्ति सर्वे नमस्यन्ति च सिद्ध-सङ्घाः","हृषीकेश तव प्रकीर्त्या जगत् प्रहृष्यति अनुरज्यते च रक्षांसि भीतानि दिशः द्रवन्ति सर्वे सिद्ध-सङ्घाः च नमस्यन्ति स्थाने","स्थाने हृषीकेश तव प्रकीर्त्या जगत् प्रहृष्यत्यनुरज्यते च।#रक्षांसि भीतानि दिशो द्रवन्ति सर्वे नमस्यन्ति च सिद्धसङ्घाः॥36॥"
"कस्मात् च ते न नमेरन् महत्-आत्मन् गरीयसे ब्रह्मणः अपि आदि-कर्त्रे अन्-अन्त देव-ईश जगत्-निवास त्वम् (तत्) (असि) अ-क्षरम् सत् अ-सत् तत्-परम् (च) यत् (अस्ति)","महत्-आत्मन् ब्रह्मणः गरीयसे आदि-कर्त्रे अपि ते कस्मात् च न नमेरन् अन्-अन्त देव-ईश जगत्-निवास सत् अ-सत् तत्-परम् (च) यत् (अस्ति) (तत्) अ-क्षरम् त्वम् (असि)","कस्माच्च ते न नमेरन्महात्मन् गरीयसे ब्रह्मणोऽप्यादिकर्त्रे।#अनन्त देवेश जगन्निवास त्वमक्षरं सदसत्तत्परं यत्॥37॥"
"त्वम् आदि-देवः पुरुषः पुराणः त्वम् अस्य विश्वस्य परम् निधानम् वेत्ता असि वेद्यम् च परम् च धाम त्वया ततम् विश्वम् अन्-अन्त-रूप (असि) (च)","अन्-अन्त-रूप त्वम् आदि-देवः पुराणः पुरुषः (च) (असि) त्वम् अस्य विश्वस्य परम् निधानम् वेत्ता असि वेद्यम् च परम् धाम च त्वया विश्वम् ततम्","त्वमादिदेवः पुरुषः पुराणस्त्वमस्य विश्वस्य परं निधानम्।#वेत्तासि वेद्यं च परं च धाम त्वया ततं विश्वमनन्तरूप॥38॥"
"वायुः यमः अग्निः वरुणः शशाङ्कः प्रजा-पतिः त्वम् प्रपितामहः च (असि) नमः नमः ते अस्तु सहस्रकृत्वः पुनः च भूयः अपि नमः नमः ते (अस्तु)","त्वम् वायुः यमः अग्निः वरुणः शशाङ्कः प्रजा-पतिः प्रपितामहः च (असि) ते सहस्रकृत्वः नमः नमः अस्तु ते भूयः अपि पुनः च नमः नमः (अस्तु)","वायुर्यमोऽग्निर्वरुणः शशाङ्कः प्रजापतिस्त्वं प्रपितामहश्च।#नमो नमस्तेऽस्तु सहस्रकृत्वः पुनश्च भूयोऽपि नमो नमस्ते॥39॥"
"नमः पुरस्तात् अथ पृष्ठतः ते नमः अस्तु ते सर्वतः एव सर्व अन्-अन्त-वीर्य अ-मित-विक्रमः त्वम् सर्वम् समाप्नोषि ततः असि सर्वः (त्वम्) (अस्तु)","ते पुरस्तात् अथ पृष्ठतः नमः (अस्तु) सर्व ते सर्वतः एव नमः अस्तु अन्-अन्त-वीर्य अ-मित-विक्रमः त्वम् सर्वम् समाप्नोषि ततः (त्वम्) सर्वः असि","नमः पुरस्तादथ पृष्ठतस्ते नमोऽस्तु ते सर्वत एव सर्व।#अनन्तवीर्यामितविक्रमस्त्वं सर्वं समाप्नोषि ततोऽसि सर्वः॥40॥"
"सखा इति मत्वा प्रसभम् यत् उक्तम् हे कृष्ण हे यादव हे सख इति अ-जानता महिमानम् तव इदम् मया प्रमादात् प्रणयेन वा अपि यत् च अवहासार्थम् अ-सत्-कृतः असि विहार-शय्या-आसन-भोजनेषु एकः अथवा अपि अ-च्युत तत्-समक्षम् तत् क्षामये त्वाम् अहम् अ-प्रमेयम् (त्वम्) (अस्मि) (अहम्)","तव इदम् महिमानम् अ-जानता मया (अहम्) प्रमादात् (अस्मि) प्रणयेन वा अपि यत् सखा इति मत्वा प्रसभम् हे कृष्ण हे यादव हे सख अ-च्युत इति उक्तम् विहार-शय्या-आसन-भोजनेषु अवहासार्थम् एकः अथवा तत्-समक्षम् यत् अ-सत्-कृतः असि (त्वम्) अहम् तत् अ-प्रमेयम् अपि त्वाम् च क्षामये","सखेति मत्वा प्रसभं यदुक्तं हे कृष्ण हे यादव हे सखेति।# अजानता महिमानं तवेदं मया प्रमादात्प्रणयेन वापि॥41॥#
यच्चावहासार्थमसत्कृतोऽसि विहारशय्यासनभोजनेषु।# एकोऽथवाप्यच्युत तत्समक्षं तत्क्षामये त्वामहमप्रमेयम्॥42॥"
"पिता असि लोकस्य चर-अ-चरस्य त्वम् अस्य पूज्यः च गुरुः गरीयान् न त्वत्-समः अस्ति अभ्यधिकः कुतः अन्यः लोक-त्रये अपि अ-प्रतिम-प्रभाव (सम्भवति)","त्वम् अस्य चर-अ-चरस्य लोकस्य पूज्यः गरीयान् गुरुः पिता च असि अ-प्रतिम-प्रभाव त्वत्-समः न अस्ति लोक-त्रये अपि अन्यः अभ्यधिकः कुतः (सम्भवति)","पितासि लोकस्य चराचरस्य त्वमस्य पूज्यश्च गुरुर्गरीयान्।#न त्वत्समोऽस्त्यभ्यधिकः कुतोऽन्यो लोकत्रयेऽप्यप्रतिमप्रभाव॥43॥"
"तस्मात् प्रणम्य प्रणिधाय कायम् प्रसादये त्वाम् अहम् ईशम् ईड्यम् पुत्रस्य इव पिता सख्युः सखा इव प्रियायाः प्रियः देव इव सोढुम् अर्हसि त्वम्","तस्मात् प्रणम्य कायम् प्रणिधाय ईड्यम् ईशम् त्वाम् अहम् प्रसादये पुत्रस्य पिता इव सख्युः सखा इव प्रियायाः प्रियः इव देव त्वम् सोढुम् अर्हसि","तस्मात्प्रणम्य प्रणिधाय कायं प्रसादये त्वामहमीशमीड्यम्।#पितेव पुत्रस्य सखेव सख्युः प्रियः प्रियायार्हसि देव सोढुम्॥44॥"
"अ-दृष्ट-पूर्वम् हृषितः अस्मि दृष्ट्वा (अहम्) भयेन च प्रव्यथितम् मनः मे तत् एव मे दर्शय देव रूपम् प्रसीद देव-ईश जगत्-निवास (त्वम्) (त्वम्)","देव-ईश जगत्-निवास (त्वम्) प्रसीद अ-दृष्ट-पूर्वम् दृष्ट्वा (अहम्) हृषितः अस्मि देव मे मनः भयेन च प्रव्यथितम् (त्वम्) मे तत् रूपम् एव दर्शय","अदृष्टपूर्वं हृषितोऽस्मि दृष्ट्वा भयेन च प्रव्यथितं मनो मे।#तदेव मे दर्शय देव रूपं प्रसीद देवेश जगन्निवास॥45॥"
"किरीटिनम् गदिनम् चक्र-हस्तम् इच्छामि (च) त्वाम् द्रष्टुम् अहम् तथा एव तेन एव रूपेण चतुर्-भुजेन सहस्र-बाहो भव विश्व-मूर्ते","विश्व-मूर्ते सहस्र-बाहो अहम् किरीटिनम् गदिनम् चक्र-हस्तम् (च) त्वाम् द्रष्टुम् इच्छामि तथा एव चतुर्-भुजेन तेन रूपेण एव भव","किरीटिनं गदिनं चक्रहस्तमिच्छामि त्वां द्रष्टुमहं तथैव।#तेनैव रूपेण चतुर्भुजेन सहस्रबाहो भव विश्वमूर्ते॥46॥"
"मया प्रसन्नेन तव(त्वम्) अर्जुन इदम् रूपम् परम् दर्शितम् आत्म-योगात् तेजोमयम् विश्वम् अन्-अन्तम् आद्यम् यत् मे त्वद्-अन्येन न दृष्ट-पूर्वम् (आसीत)","अर्जुन त्वद्-अन्येन न दृष्ट-पूर्वम् यत् (आसीत) इदम् तेजोमयम् विश्वम् अन्-अन्तम् आद्यम् परम् मे रूपम् आत्म-योगात् प्रसन्नेन मया तव(त्वम्) दर्शितम्","मया प्रसन्नेन तवार्जुनेदं रूपं परं दर्शितमात्मयोगात्।#तेजोमयं विश्वमनन्तमाद्यं यन्मे त्वदन्येन न दृष्टपूर्वम्॥47॥"
"न वेद-यज्ञ-अध्ययनैः न दानैः न च क्रियाभिः न तपोभिः उग्रैः एवम्-रूपः शक्यः अहम् नृ-लोके द्रष्टुम् (अस्मि) त्वद्‌-अन्येन कुरु-प्रवीर","कुरु-प्रवीर नृ-लोके वेद-यज्ञ-अध्ययनैः एवम्-रूपः अहम् द्रष्टुम् न शक्यः (अस्मि) न दानैः न क्रियाभिः न तपोभिः उग्रैः त्वद्‌-अन्येन च","न वेदयज्ञाध्ययनैर्न दानैर्न च क्रियाभिर्न तपोभिरुग्रैः।#एवंरूपः शक्य अहं नृलोके द्रष्टुं त्वदन्येन कुरुप्रवीर॥48॥"
"मा ते व्यथा मा च विमूढ-भावः (भवतु) दृष्ट्वा रूपम् घोरम् ईदृक् मम इदम् व्यपेत-भीः प्रीत-मनाः पुनः त्वम् तद् एव मे रूपम् इदम् प्रपश्य","घोरम् ईदृक् इदम् मम रूपम् दृष्ट्वा ते व्यथा मा विमूढ-भावः च मा (भवतु) व्यपेत-भीः प्रीत-मनाः त्वम् तद् एव इदम् मे रूपम् पुनः प्रपश्य","मा ते व्यथा मा च विमूढभावो दृष्ट्वा रूपं घोरमीदृङ्ममेदम्।#व्यपेतभीः प्रीतमनाः पुनस्त्वं तदेव मे रूपमिदं प्रपश्य॥49॥"
"इति अर्जुनम् वासुदेवः तथा उक्त्वा स्वकम् रूपम् दर्शयामास भूयः आश्वासयामास च भीतम् एनम् भूत्वा पुनः सौम्य-वपुः महत्-आत्मा","वासुदेवः अर्जुनम् इति उक्त्वा भूयः तथा स्वकम् रूपम् दर्शयामास महत्-आत्मा सौम्य-वपुः पुनः भूत्वा भीतम् एनम् आश्वासयामास च","इत्यर्जुनं वासुदेवस्तथोक्त्वा स्वकं रूपं दर्शयामास भूयः।#आश्वासयामास च भीतमेनं भूत्वा पुनः सौम्यवपुर्महात्मा॥50॥"
"दृष्ट्वा इदम् मानुषम् रूपम् तव सौम्यम् जनार्दन इदानीम् अस्मि संवृत्तः स-चेताः प्रकृतिम् गतः (च) (अहम्)","जनार्दन सौम्यम् मानुषम् इदम् तव रूपम् दृष्ट्वा इदानीम् प्रकृतिम् गतः स-चेताः संवृत्तः (च) (अहम्) अस्मि","दृष्ट्वेदं मानुषं रूपं तवसौम्यं जनार्दन।#इदानीमस्मि संवृत्तः सचेताः प्रकृतिं गतः॥51॥"
"सु-दुर्-दर्शम् इदम् रूपम् दृष्टवान् असि यत् मम (त्वम्) देवाः अपि अस्य रूपस्य नित्यम् दर्शन-काङ्क्षिणः (सन्ति)","(त्वम्) सु-दुर्-दर्शम् यत् मम इदम् रूपम् दृष्टवान् असि अस्य रूपस्य देवाः अपि नित्यम् दर्शन-काङ्क्षिणः (सन्ति)","सुदुर्दर्शमिदं रूपं दृष्टवानसि यन्मम।#देवा अप्यस्य रूपस्य नित्यं दर्शनकाङ्क्षिणः॥52॥"
"न अहम् वेदैः न तपसा न दानेन न च इज्यया शक्यः एवं-विधः द्रष्टुम् दृष्टवान् असि माम् यथा (त्वम्)","(त्वम्) माम् यथा दृष्टवान् एवं-विधः असि अहम् वेदैः द्रष्टुम् न शक्यः न तपसा न दानेन न इज्यया च","नाहं वेदैर्न तपसा न दानेन न चेज्यया।#शक्य एवंविधो द्रष्टुं दृष्टवानसि मां यथा॥53॥"
"भक्त्या तु अन्-अन्या शक्यः अहम् एवं-विधः अर्जुन ज्ञातुम् द्रष्टुम् च तत्त्वेन प्रवेष्टुम् च परन्तप (अस्मि)","परन्तप अर्जुन अहम् अन्-अन्या भक्त्या तु तत्त्वेन एवं-विधः च ज्ञातुम् द्रष्टुम् च प्रवेष्टुम् शक्यः (अस्मि)","भक्त्या त्वनन्यया शक्य अहमेवंविधोऽर्जुन।#ज्ञातुं द्रष्टुं च तत्त्वेन प्रवेष्टुं च परंतप॥54॥"
"मत्-कर्म-कृत् मत्-परमः मत्-भक्तः सङ्ग-वर्जितः निर्-वैरः सर्व-भूतेषु यः (च) (अस्ति) सः माम् एति पाण्डव","पाण्डव यः मत्-कर्म-कृत् मत्-परमः मत्-भक्तः सङ्ग-वर्जितः (च) सर्व-भूतेषु निर्-वैरः (अस्ति) सः माम् एति","मत्कर्मकृन्मत्परमो मद्भक्तः सङ्गवर्जितः।#निर्वैरः सर्वभूतेषु यः स मामेति पाण्डव॥55॥"
"एवम् सतत-युक्ताः ये भक्ताः त्वाम् पर्युपासते ये च अपि अ-क्षरम् अ-व्यक्तम् तेषाम् (पर्युपासते) के योग-वित्तमाः (सन्ति)","ये भक्ताः एवम् सतत-युक्ताः त्वाम् पर्युपासते ये च अपि अ-क्षरम् अ-व्यक्तम् (पर्युपासते) तेषाम् योग-वित्तमाः के (सन्ति)"," एवं सततयुक्ता ये भक्तास्त्वां पर्युपासते।# ये चाप्यक्षरमव्यक्तं तेषां के योगवित्तमाः॥1॥"
"मयि आवेश्य मनः ये माम् नित्य-युक्ताः उपासते श्रद्धया परया उपेताः ते मे युक्ततमाः मताः","ये मनः मयि आवेश्य नित्य-युक्ताः परया श्रद्धया उपेताः माम् उपासते ते मे युक्ततमाः मताः"," मय्यावेश्य मनो ये मां नित्ययुक्ता उपासते।# श्रद्धया परयोपेतास्ते मे युक्ततमा मताः॥2॥"
"ये तु अ-क्षरम् अ-निर्देश्यम् अ-व्यक्तम् पर्युपासते सर्वत्र-गम् अ-चिन्त्यम् च कूट-स्थम् अ-चलम् ध्रुवम् संनियम्य इन्द्रिय-ग्रामम् सर्वत्र सम-बुद्धयः ते प्राप्नुवन्ति माम् एव सर्व-भूत-हिते रताः","ये तु इन्द्रिय-ग्रामम् संनियम्य सर्वत्र सम-बुद्धयः अ-निर्देश्यम् अ-व्यक्तम् सर्वत्र-गम् अ-चिन्त्यम् कूट-स्थम् अ-चलम् ध्रुवम् च अ-क्षरम् पर्युपासते सर्व-भूत-हिते रताः ते माम् एव प्राप्नुवन्ति"," ये त्वक्षरमनिर्देश्यमव्यक्तं पर्युपासते।# सर्वत्रगमचिन्त्यं च कूटस्थमचलं ध्रुवम्॥3॥#
सन्नियम्येन्द्रियग्रामं सर्वत्र समबुद्धयः।# ते प्राप्नुवन्ति मामेव सर्वभूतहिते रताः॥4॥"
"क्लेशः अधिकतरः तेषाम् अ-व्यक्त-आसक्त-चेतसाम् अ-व्यक्ता हि गतिः दुःखम् देहवद्भिः अवाप्यते (अस्ति)","तेषाम् अ-व्यक्त-आसक्त-चेतसाम् क्लेशः अधिकतरः (अस्ति) देहवद्भिः हि अ-व्यक्ता गतिः दुःखम् अवाप्यते"," क्लेशोऽधिकतरस्तेषामव्यक्तासक्तचेतसाम्।# अव्यक्ता हि गतिर्दुःखं देहवद्भिरवाप्यते॥5॥"
"ये तु सर्वाणि कर्माणि मयि सन्न्यस्य मत्-पराः अन्-अन्येन एव योगेन माम् ध्यायन्तः उपासते तेषाम् अहम् समुद्धर्ता मृत्यु-संसार-सागरात् भवामि नचिरात् पार्थ मयि आवेशित-चेतसाम्","ये तु सर्वाणि कर्माणि मयि सन्न्यस्य मत्-पराः अन्-अन्येन योगेन माम् एव ध्यायन्तः उपासते पार्थ अहम् नचिरात् मयि आवेशित-चेतसाम् तेषाम् मृत्यु-संसार-सागरात् समुद्धर्ता भवामि"," ये तु सर्वाणि कर्माणि मयि संन्यस्य मत्पराः।# अनन्येनैव योगेन मां ध्यायन्त उपासते॥6॥#
तेषामहं समुद्धर्ता मृत्युसंसारसागरात्।# भवामि नचिरात्पार्थ मय्यावेशितचेतसाम्॥7॥"
"मयि (त्वम्) एव मनः आधत्स्व मयि बुद्धिं निवेशय (त्वम्) निवसिष्यसि (त्वम्) मयि एव अतः ऊर्ध्वं न संशयः (अस्ति)","(त्वम्) मयि एव मनः आधत्स्व (त्वम्) मयि बुद्धिं निवेशय अतः ऊर्ध्वं (त्वम्) मयि एव निवसिष्यसि संशयः न (अस्ति)"," मय्येव मन आधत्स्व मयि बुद्धिं निवेशय।# निवसिष्यसि मय्येव अत ऊर्ध्वं न संशयः॥8॥"
"अथ चित्तम् समाधातुम् न शक्नोषि मयि स्थिरम् (त्वम्) अभ्यास-योगेन ततः माम् इच्छ आप्तुम् धनञ्-जय (त्वम्)","अथ मयि चित्तम् स्थिरम् समाधातुम् (त्वम्) न शक्नोषि ततः धनञ्-जय अभ्यास-योगेन (त्वम्) माम् आप्तुम् इच्छ"," अथ चित्तं समाधातुं न शक्नोषि मयि स्थिरम्।# अभ्यासयोगेन ततो मामिच्छाप्तुं धनञ्जय॥9॥"
"अभ्यासे अपि अ-समर्थः असि (त्वम्) मत्-कर्म-परमः भव (त्वम्) मद्-अर्थं अपि कर्माणि कुर्वन् सिद्धिम् अवाप्स्यसि (त्वम्)","अभ्यासे अपि (त्वम्) अ-समर्थः असि (त्वम्) मत्-कर्म-परमः भव मद्-अर्थं कर्माणि कुर्वन् अपि (त्वम्) सिद्धिम् अवाप्स्यसि"," अभ्यासेऽप्यसमर्थोऽसि मत्कर्मपरमो भव।# मदर्थमपि कर्माणि कुर्वन् सिद्धिमवाप्स्यसि॥10॥"
"अथ एतत् अपि अ-शक्तः असि कर्तुम् (त्वम्) मद्-योगम् आश्रितः सर्व-कर्म-फल-त्यागम् ततः कुरु (त्वम्) यत्-आत्मवान्","अथ एतत् अपि कर्तुम् (त्वम्) अ-शक्तः असि ततः मद्-योगम् आश्रितः यत्-आत्मवान् (त्वम्) सर्व-कर्म-फल-त्यागम् कुरु","spart1 : अथैतदप्यशक्तोऽसि कर्तुं मद्योगमाश्रितः।# सर्वकर्मफलत्यागं ततः कुरु यतात्मवान्॥11॥"
"श्रेयः हि ज्ञानम् अभ्यासात् ज्ञानात् ध्यानम् विशिष्यते ध्यानात् कर्म-फल-त्यागः त्यागात् (विशिष्यते) शान्तिः अनन्तरम् (भवति) (अस्ति)","अभ्यासात् हि ज्ञानम् श्रेयः (अस्ति) ज्ञानात् ध्यानम् विशिष्यते ध्यानात् कर्म-फल-त्यागः (विशिष्यते) त्यागात् अनन्तरम् शान्तिः (भवति)"," श्रेयो हि ज्ञानमभ्यासाज्ज्ञानाद्ध्यानं विशिष्यते।# ध्यानात्कर्मफलत्यागस्त्यागाच्छान्तिरनन्तरम्॥12॥"
"अ-द्वेष्टा सर्व-भूतानाम् मैत्रः करुणः एव च निर्-ममः निर्-अहङ्कारः सम-दुःख-सुखः क्षमी सन्तुष्टः सततम् योगी यतात्मा दृढ-निश्चयः मयि अर्पित-मनः-बुद्धिः यः मत्-भक्तः सः मे प्रियः अस्ति अस्ति","अ-द्वेष्टा सर्व-भूतानाम् मैत्रः करुणः एव च निर्-ममः निर्-अहङ्कारः सम-दुःख-सुखः क्षमी सततम् सन्तुष्टः योगी यतात्मा दृढ-निश्चयः मयि अर्पित-मनः-बुद्धिः मत्-भक्तः यः अस्ति सः मे प्रियः अस्ति","अद्वेष्टा सर्वभूतानां मैत्रः करुण एव च।#निर्ममो निरहङ्कारः समदुःखसुखः क्षमी॥13॥#सन्तुष्टः सततं योगी यतात्मा दृढनिश्चयः।#मय्यर्पितमनोबुद्धिर्यो मद्भक्तः स मे प्रियः॥14॥"
"यस्मात् न उद्विजते लोकः लोकात् न उद्विजते च यः हर्ष-अ-मर्ष-भयः-उद्वेगैः मुक्तः यः (अस्ति) सः च मे प्रियः (अस्ति)","यस्मात् लोकः न उद्विजते यः च लोकात् न उद्विजते यः च हर्ष-अ-मर्ष-भयः-उद्वेगैः मुक्तः (अस्ति) सः मे प्रियः (अस्ति)"," यस्मान्नोद्विजते लोको लोकान्नोद्विजते च यः।# हर्षामर्षभयोद्वेगैर्मुक्तो यः स च मे प्रियः॥15॥"
"अन्-अपेक्षः शुचिः दक्षः उदासीनः गत-व्यथः सर्व-आरम्भ-परित्यागी यः मद्-भक्तः (अस्ति) सः मे (अस्ति) प्रियः","यः अन्-अपेक्षः शुचिः दक्षः उदासीनः गत-व्यथः (अस्ति) सः सर्व-आरम्भ-परित्यागी मद्-भक्तः मे प्रियः (अस्ति)"," अनपेक्षः शुचिर्दक्ष उदासीनो गतव्यथः।# सर्वारम्भपरित्यागी यो मद्भक्तः स मे प्रियः॥16॥"
"यः न हृष्यति न द्वेष्टि न शोचति न काङ्क्षति शुभ-अ-शुभ-परित्यागी भक्तिमान् यः सः मे प्रियः (अस्ति) (अस्ति) (यः) (यः) (यः)","यः न हृष्यति (यः) न द्वेष्टि (यः) न शोचति (यः) न काङ्क्षति यः शुभ-अ-शुभ-परित्यागी (अस्ति) सः भक्तिमान् मे प्रियः (अस्ति)"," यो न हृष्यति न द्वेष्टि न शोचति न काङ्क्षति।# शुभाशुभपरित्यागी भक्तिमान्यः स मे प्रियः॥17॥"
"समः शत्रौ च मित्रे च तथा मान-अपमानयोः शीत-उष्ण-सुख-दुःखेषु समः सङ्ग-विवर्जितः तुल्य-निन्दा-स्तुतिः मौनी सन्तुष्टः येन केनचित् अ-निकेतः स्थिर-मतिः भक्तिमान् मे प्रियः नरः (अस्ति)","शत्रौ च मित्रे च समः तथा मान-अपमानयोः शीत-उष्ण-सुख-दुःखेषु समः सङ्ग-विवर्जितः तुल्य-निन्दा-स्तुतिः मौनी येन केनचित् सन्तुष्टः अ-निकेतः स्थिर-मतिः भक्तिमान् नरः मे प्रियः (अस्ति)","समः शत्रौ च मित्रे च तथा मानापमानयोः।# शीतोष्णसुखदुःखेषु समः सङ्गविवर्जितः॥18॥#
तुल्यनिन्दास्तुतिर्मौनी सन्तुष्टो येनकेनचित्।# अनिकेतः स्थिरमतिर्भक्तिमान्मे प्रियो नरः॥19॥"
"ये तु धर्म्य-अमृतम् इदम् यथा उक्तम् पर्युपासते श्रद्दधानाः मत्-परमाः भक्ताः ते अतीव मे प्रियाः (सन्ति)","ये तु श्रद्दधानाः मत्-परमाः यथा उक्तम् इदम् धर्म्य-अमृतम् पर्युपासते ते भक्ताः मे अतीव प्रियाः (सन्ति)"," ये तु धर्म्यामृतमिदं यथोक्तं पर्युपासते।# श्रद्दधाना मत्परमा भक्तास्तेऽतीव मे प्रियाः॥20॥"
"इदम् शरीरम् कौन्तेय क्षेत्रम् इति अभिधीयते एतत् यः वेत्ति तम् प्राहुः क्षेत्र-ज्ञः इति तत्-विदः","कौन्तेय इदम् शरीरम् क्षेत्रम् इति अभिधीयते यः एतत् वेत्ति तम् क्षेत्र-ज्ञः इति तत्-विदः प्राहुः"," इदं शरीरं कौन्तेय क्षेत्रमित्यभिधीयते।# एतद्यो वेत्ति तं प्राहुः क्षेत्रज्ञ इति तद्विदः॥1॥"
"क्षेत्र-ज्ञम् (त्वम्) अपि माम् च विद्धि सर्व-क्षेत्रेषु भारत क्षेत्र-क्षेत्र-ज्ञयोः ज्ञानम् यत् (अस्ति) तत् ज्ञानम् मतम् मम (अस्ति)","भारत सर्व-क्षेत्रेषु क्षेत्र-ज्ञम् च अपि माम् (त्वम्) विद्धि यत् क्षेत्र-क्षेत्र-ज्ञयोः ज्ञानम् (अस्ति) तत् ज्ञानम् मम मतम् (अस्ति)"," क्षेत्रज्ञं चापि मां विद्धि सर्वक्षेत्रेषु भारत।# क्षेत्रक्षेत्रज्ञयोर्ज्ञानं यत्तज्ज्ञानं मतं मम॥2॥"
"तत् क्षेत्रम् यत् च यादृक् च यद्-विकारि यतः च यत् सः च यः यत्‌-प्रभावः च तत् समासेन मे शृणु (अस्ति) (अस्ति) (अस्ति) (अस्ति) (कः)","यत् क्षेत्रम् (अस्ति) तत् यादृक् च यद्-विकारि च यतः यत् च (अस्ति) यः (अस्ति) सः (कः) च यत्‌-प्रभावः च (अस्ति) तत् समासेन मे शृणु"," तत्क्षेत्रं यच्च यादृक् च यद्विकारि यतश्च यत्।# स च यो यत्प्रभावश्च तत्समासेन मे श्रृणु॥3॥"
"ऋषिभिः बहुधा गीतं छन्दोभिः विविधैः पृथक् ब्रह्म-सूत्र-पदैः च एव हेतुमद्भिः विनिश्चितैः (तत्)","विविधैः छन्दोभिः विनिश्चितैः हेतुमद्भिः ब्रह्म-सूत्र-पदैः ऋषिभिः च एव (तत्) बहुधा पृथक् गीतं"," ऋषिभिर्बहुधा गीतं छन्दोभिर्विविधैः पृथक्।# ब्रह्मसूत्रपदैश्चैव हेतुमद्भिर्विनिश्चितैः॥4॥"
"महाभूतानि अहङ्कारः बुद्धिः अव्यक्तम् एव च इन्द्रियाणि दश एकम् च पञ्च च इन्द्रियगोचराः इच्छा द्वेषः सुखं दुःखं सङ्घातः चेतना धृतिः एतत् क्षेत्रं समासेन स-विकारम् उदाहृतम् (मया) (च)","महाभूतानि अहङ्कारः बुद्धिः अव्यक्तम् एव च पञ्च इन्द्रियाणि दश एकम् च इन्द्रियगोचराः च इच्छा द्वेषः सुखं दुःखं सङ्घातः चेतना धृतिः (च) एतत् स-विकारम् क्षेत्रं समासेन (मया) उदाहृतम्","महाभूतान्यहङ्कारो बुद्धिरव्यक्तमेव च।# इन्द्रियाणि दशैकं च पञ्च चेन्द्रियगोचराः॥5॥# 
इच्छा द्वेषः सुखं दुःखं सङ्घातश्चेतनाधृतिः।# एतत्क्षेत्रं समासेन सविकारमुदाहृतम्॥6॥"
"अ-मानित्वम् अ-दम्भित्वम् अ-हिंसा क्षान्तिः आर्जवम् आचार्य-उपासनम् शौचम् स्थैर्यम् आत्म-विनिग्रहः इन्द्रिय-अर्थेषु वैराग्यम् अन्-अहङ्कारः एव च जन्म-मृत्यु-जरा-व्याधि-दुःख-दोष-अनुदर्शनम् अ-सक्तिः अन्-अभिष्वङ्गः पुत्र-दार-गृह-आदिषु नित्यं च सम-चित्तत्वम् इष्ट-अनिष्ट-उपपत्तिषु मयि च अन्-अन्य-योगेन भक्तिः अ-व्यभिचारिणी विविक्त-देश-सेवित्वम् अ-रतिः जन-संसदि अधि-आत्म-ज्ञान-नित्यत्वं तत्त्व-ज्ञान-अर्थ-दर्शनम् एतत् ज्ञानम् इति (मया) प्रोक्तम् अ-ज्ञानं यत् अतः अन्यथा (अस्ति) (अस्ति) तत्","अ-मानित्वम् अ-दम्भित्वम् अ-हिंसा क्षान्तिः आर्जवम् आचार्य-उपासनम् शौचम् स्थैर्यम् आत्म-विनिग्रहः इन्द्रिय-अर्थेषु वैराग्यम् अन्-अहङ्कारः एव च जन्म-मृत्यु-जरा-व्याधि-दुःख-दोष-अनुदर्शनम् अ-सक्तिः पुत्र-दार-गृह-आदिषु अन्-अभिष्वङ्गः इष्ट-अनिष्ट-उपपत्तिषु नित्यं सम-चित्तत्वम् च मयि च अन्-अन्य-योगेन अ-व्यभिचारिणी भक्तिः विविक्त-देश-सेवित्वम् जन-संसदि अ-रतिः अधि-आत्म-ज्ञान-नित्यत्वं तत्त्व-ज्ञान-अर्थ-दर्शनम् एतत् ज्ञानम् इति (मया) प्रोक्तम् अतः अन्यथा यत् (अस्ति) तत् अ-ज्ञानं (अस्ति)","अमानित्वमदम्भित्वमहिंसा क्षान्तिरार्जवम्।# आचार्योपासनं शौचं स्थैर्यमात्मविनिग्रहः॥7॥#
इन्द्रियार्थेषु वैराग्यमनहङ्कार एव च।# जन्ममृत्युजराव्याधिदुःखदोषानुदर्शनम्॥8॥#
असक्तिरनभिष्वङ्गः पुत्रदारगृहादिषु।# नित्यं च समचित्तत्वमिष्टानिष्टोपपत्तिषु॥9॥# 
मयि चानन्ययोगेन भक्तिरव्यभिचारिणी।# विविक्तदेशसेवित्वमरतिर्जनसंसदि॥10॥#
अध्यात्मज्ञाननित्यत्वं तत्वज्ञानार्थदर्शनम्।# एतज्ज्ञानमिति प्रोक्तमज्ञानं यदतोऽन्यथा॥11॥"
"ज्ञेयम् यत् तत् प्रवक्ष्यामि यत् ज्ञात्वा अमृतम् अश्नुते अन्-आदिमत् परम् ब्रह्म न सत् तत् न अ-सत् उच्यते (उच्यते)","यत् ज्ञेयम् तत् प्रवक्ष्यामि यत् ज्ञात्वा अमृतम् अश्नुते अन्-आदिमत् परम् ब्रह्म सत् न उच्यते तत् अ-सत् न (उच्यते)","ज्ञेयं यत्तत्प्रवक्ष्यामि यज्ज्ञात्वामृतमश्नुते।#अनादिमत्परं ब्रह्म न सत्तन्नासदुच्यते॥12॥"
"सर्वतः-पाणि-पादम् तत् सर्वतः-अक्षि-शिर-मुखम् सर्वतः-श्रुतिमत् लोके सर्वम् आवृत्य तिष्ठति","तत् सर्वतः-पाणि-पादम् सर्वतः-श्रुतिमत् सर्वतः-अक्षि-शिर-मुखम् लोके सर्वम् आवृत्य तिष्ठति","सर्वतःपाणिपादं तत्सर्वतोक्षिशिरोमुखम्।#सर्वतःश्रुतिमल्लोके सर्वमावृत्य तिष्ठति॥13॥"
"सर्व-इन्द्रिय-गुण-आभासम् सर्व-इन्द्रिय-विवर्जितम् अ-सक्तम् सर्व-भृत् च एव निर्-गुणम् गुण-भोक्तृ च बहिः अन्तः च भूतानाम् अ-चरम् चरम् एव च सूक्ष्मत्वात् तत् अ-विज्ञेयम् दूर-स्थम् च अन्तिके च तत् अस्ति (अस्ति)","सर्व-इन्द्रिय-विवर्जितम् सर्व-इन्द्रिय-गुण-आभासम् अ-सक्तम् सर्व-भृत् च एव निर्-गुणम् च गुण-भोक्तृ भूतानाम् बहिः च अन्तः चरम् अ-चरम् एव च तत् दूर-स्थम् च अन्तिके (अस्ति) तत् च सूक्ष्मत्वात् अ-विज्ञेयम् अस्ति","सर्वेन्द्रियगुणाभासं सर्वेन्द्रियविवर्जितम्।# असक्तं सर्वभृच्चैव निर्गुणं गुणभोक्तृ च॥14॥#
बहिरन्तश्च भूतानामचरं चरमेव च।# सूक्ष्मत्वात्तदविज्ञेयं दूरस्थं चान्तिके च तत्॥15॥#"
"अ-विभक्तं च भूतेषु विभक्तम् इव च स्थितम् भूत-भर्तृ च तत् ज्ञेयं ग्रसिष्णु प्रभविष्णु च","भूतेषु अ-विभक्तं च भूत-भर्तृ च विभक्तम् इव च स्थितम् तत् ग्रसिष्णु प्रभविष्णु च ज्ञेयं","अविभक्तं च भूतेषु विभक्तमिव च स्थितम्।# भूतभर्तृ च तज्ज्ञेयं ग्रसिष्णु प्रभविष्णु च॥16॥"
"ज्योतिषाम् अपि तत् ज्योतिः तमसः परम् उच्यते ज्ञानं ज्ञेयं ज्ञान-गम्यं हृदि सर्वस्य विष्ठितम्","ज्योतिषाम् अपि तत् ज्योतिः तमसः परम् उच्यते ज्ञानं ज्ञेयं ज्ञान-गम्यं सर्वस्य हृदि विष्ठितम्","ज्योतिषामपि तज्ज्योतिस्तमसः परमुच्यते।# ज्ञानं ज्ञेयं ज्ञानगम्यं हृदि सर्वस्य विष्ठितम्॥17॥"
"इति क्षेत्रम् तथा ज्ञानम् ज्ञेयम् च उक्तम् समासतः मद्-भक्तः एतद् विज्ञाय मद्-भावाय उपपद्यते","इति क्षेत्रम् तथा ज्ञानम् ज्ञेयम् च समासतः उक्तम् मद्-भक्तः एतद् विज्ञाय मद्-भावाय उपपद्यते"," इति क्षेत्रं तथा ज्ञानं ज्ञेयं चोक्तं समासतः।# मद्भक्त एतद्विज्ञाय मद्भावायोपपद्यते॥18॥"
"प्रकृतिम् पुरुषम् च एव विद्धि अन्-आदी उभौ अपि (त्वम्) विकारान् च गुणान् च एव विद्धि प्रकृति-सम्भवान् (त्वम्)","प्रकृतिम् पुरुषम् च एव उभौ अपि अन्-आदी (त्वम्) विद्धि विकारान् च गुणान् च एव प्रकृति-सम्भवान् (त्वम्) विद्धि","प्रकृतिं पुरुषं चैव विद्ध्यनादी उभावपि।# विकारांश्च गुणांश्चैव विद्धि प्रकृतिसम्भवान्॥19॥"
"कार्य-कारण-कर्तृत्वे हेतुः प्रकृतिः उच्यते पुरुषः सुख-दुःखानां भोक्तृत्वे हेतुः उच्यते","कार्य-कारण-कर्तृत्वे प्रकृतिः हेतुः उच्यते पुरुषः सुख-दुःखानां भोक्तृत्वे हेतुः उच्यते","कार्यकारणकर्तृत्वे हेतुः प्रकृतिरुच्यते।# पुरुषः सुखदुःखानां भोक्तृत्वे हेतुरुच्यते॥20॥"
"पुरुषः प्रकृति-स्थः हि भुङ्क्ते प्रकृति-जान् गुणान् कारणम् गुण-सङ्गः अस्य सत्-अ-सत्-योनि-जन्मसु (भवति)","प्रकृति-स्थः पुरुषः हि प्रकृति-जान् गुणान् भुङ्क्ते अस्य सत्-अ-सत्-योनि-जन्मसु गुण-सङ्गः कारणम् (भवति)","पुरुषः प्रकृतिस्थो हि भुङ्क्ते प्रकृतिजान्गुणान्।# कारणं गुणसङ्गोऽस्य सदसद्योनिजन्मसु॥21॥"
"उपद्रष्टा अनुमन्ता च भर्ता भोक्ता महा-ईश्वरः परम-आत्मा इति च अपि उक्तः देहे अस्मिन् पुरुषः परः (स्थितः)","अस्मिन् देहे (स्थितः) परः पुरुषः उपद्रष्टा अनुमन्ता च भर्ता भोक्ता महा-ईश्वरः परम-आत्मा इति च अपि उक्तः","उपद्रष्टानुमन्ता च भर्ता भोक्ता महेश्वरः।# परमात्मेति चाप्युक्त्तो देहेऽस्मिन्पुरुषः परः॥22॥"
"यः एवम् वेत्ति पुरुषम् प्रकृतिम् च गुणैः सह सर्वथा वर्तमानः अपि न सः भूयः अभिजायते","यः एवम् पुरुषम् च गुणैः सह प्रकृतिम् वेत्ति सः सर्वथा वर्तमानः अपि भूयः न अभिजायते","य एवं वेत्ति पुरुषं प्रकृतिं च गुणैः सह।# सर्वथा वर्तमानोऽपि न स भूयोऽभिजायते॥23॥"
"ध्यानेन आत्मनि पश्यन्ति केचित् आत्मानम् आत्मना अन्ये साङ्ख्येन योगेन कर्म-योगेन च अ-परे (पश्यन्ति) (पश्यन्ति) च","केचित् ध्यानेन आत्मना च आत्मनि आत्मानम् पश्यन्ति अन्ये साङ्ख्येन योगेन (पश्यन्ति) अ-परे कर्म-योगेन च (पश्यन्ति)","ध्यानेनात्मनि पश्यन्ति केचिदात्मानमात्मना।#अन्ये साङ्ख्येन योगेन कर्मयोगेन चापरे॥24॥"
"अन्ये तु एवम् अ-जानन्तः श्रुत्वा अन्येभ्यः उपासते ते अपि च अतितरन्ति एव मृत्युम् श्रुति-परायणाः","अन्ये तु एवम् अ-जानन्तः अन्येभ्यः श्रुत्वा उपासते श्रुति-परायणाः ते अपि च मृत्युम् अतितरन्ति एव"," अन्ये त्वेवमजानन्तः श्रुत्वाऽन्येभ्य उपासते।# तेऽपि चातितरन्त्येव मृत्युं श्रुतिपरायणाः॥25॥"
"यावत् सञ्जायते किञ्चित् सत्त्वम् स्थावर-जङ्गमम् क्षेत्र-क्षेत्र-ज्ञ-संयोगात् तत् विद्धि भरतर्षभ (त्वम्)","भरतर्षभ यावत् किञ्चित् स्थावर-जङ्गमम् सत्त्वम् सञ्जायते तत् क्षेत्र-क्षेत्र-ज्ञ-संयोगात् (त्वम्) विद्धि","यावत्सञ्जायते किञ्चित्सत्त्वं स्थावरजङ्गमम्।# क्षेत्रक्षेत्रज्ञसंयोगात्तद्विद्धि भरतर्षभ॥26॥"
"समम् पश्यन् हि सर्वत्र समवस्थितम् ईश्वरम् न हिनस्ति आत्मना आत्मानम् ततः याति पराम् गतिम्","सर्वत्र समवस्थितम् ईश्वरम् समम् पश्यन् हि आत्मना आत्मानम् न हिनस्ति ततः पराम् गतिम् याति","समं पश्यन्हि सर्वत्र समवस्थितमीश्वरम्।# न हिनस्त्यात्मनात्मानं ततो याति परां गतिम्॥28॥"
"प्रकृत्या एव च कर्माणि क्रियमाणानि सर्वशः यः पश्यति तथा आत्मानम् अ-कर्तारम् सः पश्यति (पश्यति)","यः सर्वशः कर्माणि प्रकृत्या एव च क्रियमाणानि पश्यति तथा आत्मानम् अ-कर्तारम् (पश्यति) सः पश्यति","प्रकृत्यैव च कर्माणि क्रियमाणानि सर्वशः।# यः पश्यति तथात्मानमकर्तारं स पश्यति॥29॥"
"यदा भूत-पृथग्भावम् एक-स्थम् अनुपश्यति (सः) ततः एव च विस्तारम् ब्रह्म सम्पद्यते तदा (सः)","यदा (सः) भूत-पृथग्भावम् एक-स्थम् अनुपश्यति ततः एव च तदा (सः) विस्तारम् ब्रह्म सम्पद्यते","यदा भूतपृथग्भावमेकस्थमनुपश्यति।# तत एव च विस्तारं ब्रह्म सम्पद्यते तदा॥30॥"
"अन्-आदित्वात् निर्-गुणत्वात् परम-आत्मा अयम् अव्ययः शरीर-स्थः अपि कौन्तेय न करोति न लिप्यते (च)","कौन्तेय अयम् अव्ययः परम-आत्मा शरीर-स्थः अपि अन्-आदित्वात् निर्-गुणत्वात् न करोति न लिप्यते (च)"," अनादित्वान्निर्गुणत्वात्परमात्मायमव्ययः।# शरीरस्थोऽपि कौन्तेय न करोति न लिप्यते॥31॥"
"यथा सर्व-गतम् सौक्ष्म्यात् आकाशम् न उपलिप्यते सर्वत्र अवस्थितः देहे तथा आत्मा न उपलिप्यते","यथा सर्व-गतम् आकाशम् सौक्ष्म्यात् न उपलिप्यते तथा देहे सर्वत्र अवस्थितः आत्मा न उपलिप्यते","यथा सर्वगतं सौक्ष्म्यादाकाशं नोपलिप्यते।#सर्वत्रावस्थितो देहे तथात्मा नोपलिप्यते॥32॥"
"यथा प्रकाशयति एकः कृत्स्नम् लोकम् इमम् रविः क्षेत्रम् क्षेत्री तथा कृत्स्नम् प्रकाशयति भारत","भारत यथा एकः रविः इमम् कृत्स्नम् लोकम् प्रकाशयति तथा क्षेत्री कृत्स्नम् क्षेत्रम् प्रकाशयति"," यथा प्रकाशयत्येकः कृत्स्नं लोकमिमं रविः।# क्षेत्रं क्षेत्री तथा कृत्स्नं प्रकाशयति भारत॥33॥"
"क्षेत्र-क्षेत्र-ज्ञयोः एवम् अन्तरम् ज्ञान-चक्षुषा भूत-प्रकृति-मोक्षम् परम् च ये विदुः यान्ति ते","ज्ञान-चक्षुषा क्षेत्र-क्षेत्र-ज्ञयोः अन्तरम् भूत-प्रकृति-मोक्षम् च एवम् ये विदुः ते परम् यान्ति","क्षेत्रक्षेत्रज्ञयोरेवमन्तरं ज्ञानचक्षुषा।#भूतप्रकृतिमोक्षं च ये विदुर्यान्ति ते परम्॥34॥"
"परम् भूयः प्रवक्ष्यामि ज्ञानानाम् ज्ञानम् उत्तमम् (अहम्) यत् ज्ञात्वा मुनयः सर्वे पराम् सिद्धिम् इतः गताः","(अहम्) ज्ञानानाम् उत्तमम् परम् ज्ञानम् भूयः प्रवक्ष्यामि यत् ज्ञात्वा सर्वे मुनयः इतः पराम् सिद्धिम् गताः"," परं भूयः प्रवक्ष्यामि ज्ञानानां ज्ञानमुत्तमम्।# यज्ज्ञात्वा मुनयः सर्वे परां सिद्धिमितो गताः॥1॥"
"इदम् ज्ञानम् उपाश्रित्य मम साधर्म्यम् आगताः सर्गे अपि न उपजायन्ते प्रलये न व्यथन्ति च","इदम् ज्ञानम् उपाश्रित्य मम साधर्म्यम् आगताः सर्गे न उपजायन्ते प्रलये अपि च न व्यथन्ति"," इदं ज्ञानमुपाश्रित्य मम साधर्म्यमागताः।# सर्गेऽपि नोपजायन्ते प्रलये न व्यथन्ति च॥2॥"
"मम योनिः महत् ब्रह्म (अस्ति) तस्मिन् गर्भम् दधामि अहम् सम्भवः सर्व-भूतानाम् ततः भवति भारत","भारत मम योनिः महत् ब्रह्म (अस्ति) अहम् तस्मिन् गर्भम् दधामि ततः सर्व-भूतानाम् सम्भवः भवति"," मम योनिर्महद्ब्रह्म तस्मिन् गर्भं दधाम्यहम्।# संभवः सर्वभूतानां ततो भवति भारत॥3॥"
"सर्व-योनिषु कौन्तेय मूर्तयः सम्भवन्ति याः तासाम् ब्रह्म महत् योनिः (अस्ति) अहम् बीज-प्र-दः पिता (अस्मि)","कौन्तेय सर्व-योनिषु याः मूर्तयः सम्भवन्ति तासाम् योनिः महत् ब्रह्म (अस्ति) अहम् बीज-प्र-दः पिता (अस्मि)"," सर्वयोनिषु कौन्तेय मूर्तयः सम्भवन्ति याः।# तासां ब्रह्म महद्योनिरहं बीजप्रदः पिता॥4॥"
"सत्त्वम् रजस् तम इति गुणाः प्रकृति-सम्भवाः निबध्नन्ति महाबाहो देहे देहिनम् अव्ययम्","महाबाहो सत्त्वम् रजस् तम इति प्रकृति-सम्भवाः गुणाः देहे अव्ययम् देहिनम् निबध्नन्ति"," सत्त्वं रजस्तम इति गुणाः प्रकृतिसंभवाः।# निबध्नन्ति महाबाहो देहे देहिनमव्ययम्॥5॥"
"तत्र सत्त्वम् निर्-मलत्वात् प्रकाशकम् अन्-आमयम् सुख-सङ्गेन बध्नाति ज्ञान-सङ्गेन च अन्-अघ","अन्-अघ तत्र निर्-मलत्वात् प्रकाशकम् अन्-आमयम् सत्त्वम् सुख-सङ्गेन ज्ञान-सङ्गेन च बध्नाति"," तत्र सत्त्वं निर्मलत्वात्प्रकाशकमनामयम्।# सुखसङ्गेन बध्नाति ज्ञानसङ्गेन चानघ॥6॥"
"रजः राग-आत्मकम् विद्धि (त्वम्) तृष्णा-सङ्ग-समुद्भवम् तत् निबध्नाति कौन्तेय कर्म-सङ्गेन देहिनम्","कौन्तेय (त्वम्) तृष्णा-सङ्ग-समुद्भवम् रजः राग-आत्मकम् विद्धि तत् कर्म-सङ्गेन देहिनम् निबध्नाति"," रजो रागात्मकं विद्धि तृष्णासङ्गसमुद्भवम्।# तन्निबध्नाति कौन्तेय कर्मसङ्गेन देहिनम्॥7॥"
"तमः तु अ-ज्ञान-जम् विद्धि मोहनम् सर्व-देहिनाम् प्रमाद-आलस्य-निद्राभिः तत् निबध्नाति भारत (देहिनम्) (त्वम्)","भारत सर्व-देहिनाम् मोहनम् तमः तु अ-ज्ञान-जम् (त्वम्) विद्धि तत् (देहिनम्) प्रमाद-आलस्य-निद्राभिः निबध्नाति"," तमस्त्वज्ञानजं विद्धि मोहनं सर्वदेहिनाम्।# प्रमादालस्यनिद्राभिस्तन्निबध्नाति भारत॥8॥"
"सत्त्वम् सुखे सञ्जयति रजः कर्मणि (सञ्जयति) भारत ज्ञानम् आवृत्य तु तमः प्रमादे सञ्जयति उत","भारत सत्त्वम् सुखे सञ्जयति रजः कर्मणि (सञ्जयति) तमः तु ज्ञानम् आवृत्य प्रमादे उत सञ्जयति"," सत्त्वं सुखे सञ्जयति रजः कर्मणि भारत।# ज्ञानमावृत्य तु तमः प्रमादे सञ्जयत्युत॥9॥"
"रजः तमः च अभिभूय सत्त्वम् भवति भारत रजः सत्त्वम् तमः च (अभिभूय) एव (भवति) तमः सत्त्वम् रजः तथा (अभिभूय) (भवति)","भारत रजः तमः च अभिभूय सत्त्वम् (भवति) सत्त्वम् च तमः (अभिभूय) रजः (भवति) तथा एव सत्त्वम् रजः (अभिभूय) तमः भवति"," रजस्तमश्चाभिभूय सत्त्वं भवति भारत।# रजः सत्त्वं तमश्चैव तमः सत्त्वं रजस्तथा॥10॥"
"सर्व-द्वारेषु देहे अस्मिन् प्रकाशः उपजायते ज्ञानम् यदा तदा विद्यात् विवृद्धम् सत्त्वम् इति उत","यदा अस्मिन् देहे सर्व-द्वारेषु प्रकाशः ज्ञानम् उपजायते तदा सत्त्वम् विवृद्धम् उत इति विद्यात्"," सर्वद्वारेषु देहेऽस्मिन्प्रकाश उपजायते।# ज्ञानं यदा तदा विद्याद्विवृद्धं सत्त्वमित्युत॥11॥"
"लोभः प्रवृत्तिः आरम्भः कर्मणाम् अ-शमः स्पृहा (च) रजसि एतानि जायन्ते विवृद्धे भरतर्षभ","भरतर्षभ रजसि विवृद्धे लोभः प्रवृत्तिः कर्मणाम् आरम्भः अ-शमः स्पृहा (च) एतानि जायन्ते"," लोभः प्रवृत्तिरारम्भः कर्मणामशमः स्पृहा।# रजस्येतानि जायन्ते विवृद्धे भरतर्षभ॥12॥"
"अप्रकाशः अप्रवृत्तिः च प्रमादः मोह एव च तमसि एतानि जायन्ते विवृद्धे कुरुनन्दन","अप्रकाशः कुरुनन्दन अप्रवृत्तिः च प्रमादः मोह एव च एतानि तमसि विवृद्धे जायन्ते"," अप्रकाशोऽप्रवृत्तिश्च प्रमादो मोह एव च।# तमस्येतानि जायन्ते विवृद्धे कुरुनन्दन॥13॥"
"यदा सत्त्वे प्रवृद्धे तु प्रलयम् याति देह-भृत् तदा उत्तम-विदाम् लोकान् अ-मलान् प्रतिपद्यते","यदा देह-भृत् सत्त्वे प्रवृद्धे प्रलयम् याति तदा तु उत्तम-विदाम् अ-मलान् लोकान् प्रतिपद्यते"," यदा सत्त्वे प्रवृद्धे तु प्रलयं याति देहभृत्।# तदोत्तमविदां लोकानमलान्प्रतिपद्यते॥14॥"
"रजसि (विवृद्धे) प्रलयम् गत्वा कर्म-सङ्गिषु जायते (पुरुषः) तथा प्र-लीनः तमसि (विवृद्धे) मूढ-योनिषु जायते","रजसि (विवृद्धे) (पुरुषः) प्रलयम् गत्वा कर्म-सङ्गिषु जायते तथा तमसि (विवृद्धे) प्र-लीनः मूढ-योनिषु जायते"," रजसि प्रलयं गत्वा कर्मसङ्गिषु जायते।# तथा प्रलीनस्तमसि मूढयोनिषु जायते॥15॥"
"कर्मणः सु-कृतस्य आहुः सात्त्विकम् निर्-मलम् फलम् रजसः तु फलम् दुःखम् (आहुः) अ-ज्ञानम् तमसः फलम् (आहुः) च","सु-कृतस्य कर्मणः निर्-मलम् सात्त्विकम् च फलम् आहुः रजसः फलम् तु दुःखम् (आहुः) तमसः फलम् अ-ज्ञानम् (आहुः)"," कर्मणः सुकृतस्याहुः सात्त्विकं निर्मलं फलम्।# रजसस्तु फलं दुःखमज्ञानं तमसः फलम्॥16॥"
"सत्त्वात् सञ्जायते ज्ञानम् रजसः लोभः एव च (सञ्जायते) प्रमाद-मोहौ तमसः भवतः अ-ज्ञानम् एव च","सत्त्वात् ज्ञानम् सञ्जायते रजसः लोभः एव च (सञ्जायते) तमसः प्रमाद-मोहौ भवतः अ-ज्ञानम् एव च"," सत्त्वात्सञ्जायते ज्ञानं रजसो लोभ एव च।# प्रमादमोहौ तमसो भवतोऽज्ञानमेव च॥17॥"
"ऊर्ध्वम् गच्छन्ति सत्त्व-स्थाः मध्ये तिष्ठन्ति राजसाः जघन्य-गुण-वृत्ति-स्थाः अधः गच्छन्ति तामसाः","सत्त्व-स्थाः ऊर्ध्वम् गच्छन्ति राजसाः मध्ये तिष्ठन्ति जघन्य-गुण-वृत्ति-स्थाः तामसाः अधः गच्छन्ति"," ऊर्ध्वं गच्छन्ति सत्त्वस्था मध्ये तिष्ठन्ति राजसाः।# जघन्यगुणवृत्तिस्था अधो गच्छन्ति तामसाः॥18॥"
"न अन्यम् गुणेभ्यः कर्तारम् यदा द्रष्टा अनुपश्यति गुणेभ्यः च परम् वेत्ति मद्-भावम् सः अधिगच्छति (तदा)","यदा द्रष्टा गुणेभ्यः अन्यम् कर्तारम् न अनुपश्यति गुणेभ्यः परम् च वेत्ति (तदा) सः मद्-भावम् अधिगच्छति"," नान्यं गुणेभ्यः कर्तारं यदा द्रष्टानुपश्यति।# गुणेभ्यश्च परं वेत्ति मद्भावं सोऽधिगच्छति॥19॥"
"गुणान् एतान् अतीत्य त्रीन् देही देह-समुद्भवान् जन्म-मृत्यु-जरा-दुःखैः वि-मुक्तः अमृतम् अश्नुते","देही देह-समुद्भवान् एतान् त्रीन् गुणान् अतीत्य जन्म-मृत्यु-जरा-दुःखैः वि-मुक्तः अमृतम् अश्नुते"," गुणानेतानतीत्य त्रीन्देही देहसमुद्भवान्।# जन्ममृत्युजरादुःखैर्विमुक्तोऽमृतमश्नुते॥20॥"
"कैः लिङ्गैः (युक्तः) त्रीन् गुणान् एतान् अतीतः भवति प्रभो किम्-आचारः कथम् च एतान् त्रीन् गुणान् अतिवर्तते","(युक्तः) प्रभो एतान् त्रीन् गुणान् अतीतः कैः लिङ्गैः भवति किम्-आचारः कथम् च एतान् त्रीन् गुणान् अतिवर्तते"," कैर्लिंगैस्त्रीन्गुणानेतानतीतो भवति प्रभो।# किमाचारः कथं चैतांस्त्रीन्गुणानतिवर्तते॥21॥"
"प्रकाशं प्रवृत्तिं च मोहम् एव च पाण्डव द्वेष्टि सम्प्रवृत्तानि न; निवृत्तानि न काङ्क्षति","पाण्डव सम्प्रवृत्तानि प्रकाशं च प्रवृत्तिं मोहम् एव च न द्वेष्टि; निवृत्तानि न काङ्क्षति"," प्रकाशं च प्रवृत्तिं च मोहमेव च पाण्डव।# न द्वेष्टि सम्प्रवृत्तानि न निवृत्तानि काङ्क्षति॥22॥"
"उदासीनवत् आसीनः गुणैः यः न विचाल्यते गुणाः वर्तन्ते इति एव यः अवतिष्ठति सः न इङ्गते","यः उदासीनवत् आसीनः गुणैः न विचाल्यते यः गुणाः वर्तन्ते इति एव अवतिष्ठति सः न इङ्गते"," उदासीनवदासीनो गुणैर्यो न विचाल्यते।# गुणा वर्तन्त इत्येव योऽवतिष्ठति नेङ्गते॥23॥"
"सम-दुःख-सुखः स्व-स्थः सम-लोष्ट-अश्म-काञ्चनः तुल्य-प्रिय-अ-प्रियः धीरः तुल्य-निन्दा-आत्म-संस्तुतिः मान-अपमानयोः तुल्यः तुल्यः मित्र-अरि-पक्षयोः सर्व-आरम्भ-परित्यागी गुण-अतीतः सः उच्यते (अस्ति) (यः) (च)","(यः) स्व-स्थः सम-दुःख-सुखः सम-लोष्ट-अश्म-काञ्चनः धीरः तुल्य-प्रिय-अ-प्रियः तुल्य-निन्दा-आत्म-संस्तुतिः मान-अपमानयोः तुल्यः मित्र-अरि-पक्षयोः तुल्यः सर्व-आरम्भ-परित्यागी (च) (अस्ति) सः गुण-अतीतः उच्यते"," समदुःखसुखः स्वस्थः समलोष्टाश्मकाञ्चनः।# तुल्यप्रियाप्रियो धीरस्तुल्यनिन्दात्मसंस्तुतिः॥24॥#
मानापमानयोस्तुल्यस्तुल्यो मित्रारिपक्षयोः।# सर्वारम्भपरित्यागी गुणातीतः स उच्यते॥25॥"
"माम् च यः अ-व्यभिचारेण भक्ति-योगेन सेवते सः गुणान् समतीत्य एतान् ब्रह्म-भूयाय कल्पते","यः च अ-व्यभिचारेण भक्ति-योगेन माम् सेवते सः एतान् गुणान् समतीत्य ब्रह्म-भूयाय कल्पते"," मां च योऽव्यभिचारेण भक्तियोगेन सेवते।# स गुणान्समतीत्यैतान्ब्रह्मभूयाय कल्पते॥26॥"
"ब्रह्मणः हि प्रतिष्ठा अहम् अमृतस्य अ-व्ययस्य च शाश्वतस्य च धर्मस्य सुखस्य एकान्तिकस्य च (अस्मि)","अहम् हि ब्रह्मणः अमृतस्य अ-व्ययस्य च शाश्वतस्य धर्मस्य च एकान्तिकस्य सुखस्य च प्रतिष्ठा (अस्मि)"," ब्रह्मणो हि प्रतिष्ठाहममृतस्याव्ययस्य च।# शाश्वतस्य च धर्मस्य सुखस्यैकान्तिकस्य च॥27॥"
"ऊर्ध्व-मूलम् अधः-शाखम् अश्वत्थम् प्राहुः अ-व्ययम् छन्दांसि यस्य पर्णानि (भवन्ति) यः तम् वेद सः वेद-वित् (भवति) (तम्)","यस्य पर्णानि छन्दांसि अश्वत्थम् (भवन्ति) (तम्) ऊर्ध्व-मूलम् अधः-शाखम् अ-व्ययम् प्राहुः यः तम् वेद सः वेद-वित् (भवति)"," ऊर्ध्वमूलमधःशाखमश्वत्थं प्राहुरव्ययम्।# छन्दांसि यस्य पर्णानि यस्तं वेद स वेदवित्॥1॥"
"अधः च ऊर्ध्वम् प्रसृताः तस्य शाखाः गुण-प्रवृद्धाः विषय-प्रवालाः अधः च मूलानि अनु-सन्ततानि कर्म-अनुबन्धीनि मनुष्य-लोके (सन्ति)","तस्य गुण-प्रवृद्धाः विषय-प्रवालाः शाखाः अधः ऊर्ध्वम् च प्रसृताः मनुष्य-लोके अनु-सन्ततानि कर्म-अनुबन्धीनि मूलानि अधः च (सन्ति)"," अधश्चोर्ध्वं प्रसृतास्तस्य शाखा गुणप्रवृद्धा विषयप्रवालाः।# अधश्च मूलान्यनुसन्ततानि कर्मानुबन्धीनि मनुष्यलोके॥2॥"
"न रूपम् अस्य इह तथा उपलभ्यते न अन्तः न च आदिः न च सम्प्रतिष्ठा अश्वत्थम् एनम् सुविरूढ-मूलम् अ-सङ्ग-शस्त्रेण दृढेन छित्त्वा ततः पदम् तत् परिमार्गितव्यम् यस्मिन् गताः न निवर्तन्ति भूयः तम् एव च आद्यम् पुरुषम् प्रपद्ये (अहम्) यतः प्रवृत्तिः प्रसृता पुराणी (उपलभ्यते)","अस्य रूपम् इह न (उपलभ्यते) तथा न आदिः न च अन्तः न च सम्प्रतिष्ठा उपलभ्यते सुविरूढ-मूलम् एनम् अश्वत्थम् दृढेन अ-सङ्ग-शस्त्रेण छित्त्वा ततः यतः पुराणी प्रवृत्तिः प्रसृता तम् एव च आद्यम् पुरुषम् (अहम्) प्रपद्ये यस्मिन् गताः भूयः न निवर्तन्ति तत् पदम् परिमार्गितव्यम्","न रूपमस्येह तथोपलभ्यते नान्तो न चादिर्न च संप्रतिष्ठा।# अश्वत्थमेनं सुविरूढमूलमसङ्गशस्त्रेण दृढेन छित्त्वा॥3॥#
ततः पदं तत्परिमार्गितव्यम् यस्मिन्गता न निवर्तन्ति भूयः।# तमेव चाद्यं पुरुषं प्रपद्ये यतः प्रवृत्तिः प्रसृता पुराणी॥4॥"
"निर् मान-मोहाः जित-सङ्ग-दोषाः अधि-आत्मा-नित्याः वि-निवृत्त-कामाः द्वन्द्वैः विमुक्ताः सुख-दुःख-संज्ञैः गच्छन्ति अ-मूढाः पदम् अ-व्ययम् तत् (च)","निर् मान-मोहाः जित-सङ्ग-दोषाः अधि-आत्मा-नित्याः वि-निवृत्त-कामाः सुख-दुःख-संज्ञैः द्वन्द्वैः विमुक्ताः अ-मूढाः (च) तत् अ-व्ययम् पदम् गच्छन्ति"," निर्मानमोहा जितसङ्गदोषा अध्यात्मनित्या विनिवृत्तकामाः।#द्वन्द्वैर्विमुक्ताः सुखदुःखसंज्ञैर्गच्छन्त्यमूढाः पदमव्ययं तत्॥5॥"
"न तत् भासयते सूर्यः न शशाङ्कः न पावकः यत् गत्वा न निवर्तन्ते तत् धाम परमम् मम (अस्ति) (च)","यत् गत्वा न निवर्तन्ते तत् मम परमम् धाम (अस्ति) तत् सूर्यः न भासयते न शशाङ्कः न पावकः (च)"," न तद्भासयते सूर्यो न शशाङ्को न पावकः।# यद्गत्वा न निवर्तन्ते तद्धाम परमं मम॥6॥"
"मम एव अंशः जीव-लोके जीव-भूतः सनातनः मनः-षष्ठानि इन्द्रियाणि प्रकृति-स्थानि कर्षति (अस्ति)","जीव-लोके मम सनातनः अंशः एव जीव-भूतः (अस्ति) प्रकृति-स्थानि मनः-षष्ठानि इन्द्रियाणि कर्षति"," ममैवांशो जीवलोके जीवभूतः सनातनः।# मनःषष्ठानीन्द्रियाणि प्रकृतिस्थानि कर्षति॥7॥"
"शरीरं यद् अवाप्नोति यद् च अपि उत्क्रामति ईश्वरः गृहीत्वा एतानि संयाति वायुः गन्धान् इव आशयात् (सः)","ईश्वरः यद् शरीरं अवाप्नोति यद् अपि च उत्क्रामति वायुः आशयात् गन्धान् इव एतानि गृहीत्वा संयाति (सः)"," शरीरं यदवाप्नोति यच्चाप्युत्क्रामतीश्वरः।# गृहीत्वैतानि संयाति वायुर्गन्धानिवाशयात्॥8॥"
"श्रोत्रम् चक्षुः स्पर्शनम् च रसनम् घ्राणम् एव च अधिष्ठाय मनः च अयम् विषयान् उपसेवते","अयम् श्रोत्रम् चक्षुः च स्पर्शनम् च रसनम् घ्राणम् मनः च अधिष्ठाय एव विषयान् उपसेवते"," श्रोत्रं चक्षुः स्पर्शनं च रसनं घ्राणमेव च।# अधिष्ठाय मनश्चायं विषयानुपसेवते॥9॥"
"उत्क्रामन्तम् स्थितम् वा अपि भुञ्जानम् वा गुण-अन्वितम् विमूढाः न अनुपश्यन्ति पश्यन्ति ज्ञान-चक्षुषः","विमूढाः उत्क्रामन्तम् वा स्थितम् भुञ्जानम् वा गुण-अन्वितम् अपि न अनुपश्यन्ति ज्ञान-चक्षुषः पश्यन्ति"," उत्क्रामन्तं स्थितं वापि भुञ्जानं वा गुणान्वितम्।# विमूढा नानुपश्यन्ति पश्यन्ति ज्ञानचक्षुषः॥10॥"
"यतन्तः योगिनः च एनम् पश्यन्ति आत्मनि अवस्थितम् यतन्तः अपि अ-कृत-आत्मानः न एनम् पश्यन्ति अ-चेतसः (च)","यतन्तः योगिनः च आत्मनि अवस्थितम् एनम् पश्यन्ति अ-कृत-आत्मानः अ-चेतसः (च) यतन्तः अपि एनम् न पश्यन्ति"," यतन्तो योगिनश्चैनं पश्यन्त्यात्मन्यवस्थितम्।# यतन्तोऽप्यकृतात्मानो नैनं पश्यन्त्यचेतसः॥11॥"
"यत् आदित्य-गतम् तेजः जगत् भासयते अ-खिलम् यत् चन्द्रमसि यत् च अग्नौ तत् तेजः विद्धि मामकम् (त्वम्) (भासयते) (भासयते)","आदित्य-गतम् यत् तेजः अ-खिलम् जगत् (भासयते) यत् चन्द्रमसि (भासयते) यत् च अग्नौ भासयते तत् तेजः मामकम् (त्वम्) विद्धि"," यदादित्यगतं तेजो जगद्भासयतेऽखिलम्।# यच्चन्द्रमसि यच्चाग्नौ तत्तेजो विद्धि मामकम्॥12॥"
"गाम् आविश्य भूतानि धारयामि अहम् ओजसा पुष्णामि च ओषधीः सर्वाः सोमः भूत्वा रस-आत्मकः च (अहम्)","अहम् गाम् आविश्य च ओजसा भूतानि धारयामि रस-आत्मकः सोमः भूत्वा सर्वाः ओषधीः च (अहम्) पुष्णामि"," गामाविश्य च भूतानि धारयाम्यहमोजसा।# पुष्णामि चौषधीः सर्वाः सोमो भूत्वा रसात्मकः॥13॥"
"अहम् वैश्वानरः भूत्वा प्राणिनाम् देहम् आश्रितः प्राण-अपान-समायुक्तः पचामि अन्नम् चतुर्-विधम्","प्राणिनाम् देहम् आश्रितः प्राण-अपान-समायुक्तः अहम् वैश्वानरः भूत्वा चतुर्-विधम् अन्नम् पचामि"," अहं वैश्वानरो भूत्वा प्राणिनां देहमाश्रितः।# प्राणापानसमायुक्तः पचाम्यन्नं चतुर्विधम्॥14॥"
"सर्वस्य च अहम् हृदि सन्निविष्टः मत्तः स्मृतिः ज्ञानम् अपोहनम् च (भवति) वेदैः च सर्वैः अहम् एव वेद्यः वेद-अन्त-कृत् वेद-वित् एव च (अस्मि) अहम् (अस्मि)","अहम् सर्वस्य च हृदि सन्निविष्टः मत्तः स्मृतिः ज्ञानम् अपोहनम् च (भवति) सर्वैः वेदैः च अहम् एव वेद्यः (अस्मि) अहम् एव वेद-अन्त-कृत् वेद-वित् च (अस्मि)"," सर्वस्य चाहं हृदि सन्निविष्टो मत्तः स्मृतिर्ज्ञानमपोहनं च।# वेदैश्च सर्वैरहमेव वेद्यो वेदान्तकृद्वेदविदेव चाहम्॥15॥"
"द्वौ इमौ पुरुषौ लोके क्षरः च अक्षरः एव च (स्तः) क्षरः सर्वाणि भूतानि कूटस्थः अक्षरः उच्यते (उच्यते)","लोके क्षरः च अक्षरः च एव इमौ द्वौ पुरुषौ (स्तः) सर्वाणि भूतानि क्षरः उच्यते कूटस्थः अक्षरः (उच्यते)"," द्वाविमौ पुरुषौ लोके क्षरश्चाक्षर एव च।# क्षरः सर्वाणि भूतानि कूटस्थोऽक्षर उच्यते॥16॥"
"उत्तमः पुरुषः तु अन्यः परम-आत्मा इति उदाहृतः यः लोक-त्रयम् आविश्य बिभर्ति अ-व्ययः ईश्वरः (सः) (अस्ति)","उत्तमः पुरुषः तु अन्यः परम-आत्मा इति उदाहृतः यः लोक-त्रयम् आविश्य बिभर्ति (सः) अ-व्ययः ईश्वरः (अस्ति)"," उत्तमः पुरुषस्त्वन्यः परमात्मेत्युदाहृतः।# यो लोकत्रयमाविश्य बिभर्त्यव्यय ईश्वरः॥17॥"
"यस्मात् क्षरम् अतीतः अहम् (अस्मि) अ-क्षरात् अपि च उत्तमः (अहम्) (अस्मि) अतः अस्मि लोके वेदे च प्रथितः पुरुष-उत्तमः","यस्मात् अहम् क्षरम् अतीतः (अस्मि) (अहम्) अ-क्षरात् अपि च उत्तमः (अस्मि) अतः लोके वेदे च पुरुष-उत्तमः प्रथितः अस्मि"," यस्मात्क्षरमतीतोऽहमक्षरादपि चोत्तमः।# अतोऽस्मि लोके वेदे च प्रथितः पुरुषोत्तमः॥18॥"
"यः माम् एवम् अ-सम्मूढः जानाति पुरुष-उत्तमम् सः सर्व-विद् भजति माम् सर्व-भावेन भारत","भारत यः अ-सम्मूढः माम् एवम् पुरुष-उत्तमम् जानाति सः सर्व-विद् सर्व-भावेन माम् भजति"," यो मामेवमसम्मूढो जानाति पुरुषोत्तमम्।# स सर्वविद्भजति मां सर्वभावेन भारत॥19॥"
"इति गुह्य-तमम् शास्त्रम् इदम् उक्तम् मया अन्-अघ एतद् बुद्ध्वा बुद्धिमान् स्यात् कृत-कृत्यः च भारत","अन्-अघ मया इदम् गुह्य-तमम् शास्त्रम् इति उक्तम् भारत एतद् बुद्ध्वा बुद्धिमान् कृत-कृत्यः च स्यात्"," इति गुह्यतमं शास्त्रमिदमुक्तं मयाऽनघ।# एतद्बुद्ध्वा बुद्धिमान्स्यात्कृतकृत्यश्च भारत॥20॥"
"अ-भयम् सत्त्व-संशुद्धिः ज्ञान-योग-व्यवस्थितिः दानम् दमः च यज्ञः च स्व-अध्यायः तपः आर्जवम् अ-हिंसा सत्यम् अ-क्रोधः त्यागः शान्तिः अ-पैशुनम् दया भूतेषु अ-लोलुप्त्वम् मार्दवम् ह्रीः अ-चापलम् तेजः क्षमा धृतिः शौचम् अ-द्रोहः न-अति-मानिता भवन्ति सम्पदम् दैवीम् अभिजातस्य भारत (लक्षणानि)","भारत अ-भयम् सत्त्व-संशुद्धिः ज्ञान-योग-व्यवस्थितिः दानम् दमः यज्ञः च स्व-अध्यायः तपः आर्जवम् अ-हिंसा सत्यम् अ-क्रोधः त्यागः शान्तिः अ-पैशुनम् भूतेषु दया अ-लोलुप्त्वम् मार्दवम् ह्रीः अ-चापलम् तेजः क्षमा धृतिः शौचम् अ-द्रोहः न-अति-मानिता च दैवीम् सम्पदम् अभिजातस्य (लक्षणानि) भवन्ति","अभयं सत्त्वसंशुद्धिः ज्ञानयोगव्यवस्थितिः।#दानं दमश्च यज्ञश्च स्वाध्यायस्तप आर्जवम्॥1॥#
अहिंसा सत्यमक्रोधस्त्यागः शान्तिरपैशुनम्।#दया भूतेष्वलोलुप्त्वं मार्दवं ह्रीरचापलम्॥2॥#
तेजः क्षमा धृतिः शौचमद्रोहो नातिमानिता।#भवन्ति सम्पदं दैवीमभिजातस्य भारत॥3॥"
"दम्भः दर्पः अभिमानः च क्रोधः पारुष्यम् एव च अज्ञानम् च अभिजातस्य पार्थः सम्पदम् आसुरीम् (भवन्ति)","पार्थः आसुरीम् सम्पदम् अभिजातस्य दम्भः दर्पः अभिमानः क्रोधः च पारुष्यम् एव च अज्ञानम् च (भवन्ति)"," दम्भो दर्पोऽभिमानश्च क्रोधः पारुष्यमेव च।# अज्ञानं चाभिजातस्य पार्थ सम्पदमासुरीम्॥4॥"
"दैवी सम्पत् विमोक्षाय (मता) निबन्धाय आसुरी मता मा शुचः (त्वम्) सम्पदम् दैवीम् अभिजातः असि पाण्डव (त्वम्)","पाण्डव दैवी सम्पत् (मता) विमोक्षाय आसुरी निबन्धाय मता (त्वम्) मा शुचः (त्वम्) दैवीम् सम्पदम् अभिजातः असि"," दैवी सम्पद्विमोक्षाय निबन्धायासुरी मता।# मा शुचः सम्पदं दैवीमभिजातोऽसि पाण्डव॥5॥"
"द्वौ भूतसर्गौ लोके अस्मिन् दैवः आसुरः एव च (स्तः) दैवः विस्तरशः प्रोक्तः आसुरम् पार्थ मे शृणु","पार्थ अस्मिन् लोके दैवः आसुरः एव च द्वौ भूतसर्गौ (स्तः) दैवः विस्तरशः प्रोक्तः आसुरम् मे शृणु"," द्वौ भूतसर्गौ लोकेऽस्मिन् दैव आसुर एव च।# दैवो विस्तरशः प्रोक्त आसुरं पार्थ मे श्रृणु॥6॥"
"प्रवृत्तिम् च निवृत्तिम् च जनाः न विदुः आसुराः न शौचम् न अपि च आचारः न सत्यम् तेषु विद्यते","आसुराः जनाः प्रवृत्तिम् च निवृत्तिम् च न विदुः तेषु शौचम् न न आचारः न च सत्यम् अपि विद्यते"," प्रवृत्तिं च निवृत्तिं च जना न विदुरासुराः।# न शौचं नापि चाचारो न सत्यं तेषु विद्यते॥7॥"
"अ-सत्यम् अ-प्रतिष्ठम् ते जगत् आहुः अन्-ईश्वरम् अपरः-पर-सम्भूतम् किम् अन्यत् काम-हैतुकम् (अस्ति) (अस्ति)","ते जगत् अ-सत्यम् अ-प्रतिष्ठम् अन्-ईश्वरम् आहुः अपरः-पर-सम्भूतम् काम-हैतुकम् (अस्ति) अन्यत् किम् (अस्ति)"," असत्यमप्रतिष्ठं ते जगदाहुरनीश्वरम्।# अपरस्परसम्भूतं किमन्यत्कामहैतुकम्॥8॥"
"एताम् दृष्टिम् अवष्टभ्य नष्ट-आत्मानः अल्प-बुद्धयः प्रभवन्ति उग्र-कर्माणः क्षयाय जगतः अ-हिताः","एताम् दृष्टिम् अवष्टभ्य नष्ट-आत्मानः अल्प-बुद्धयः अ-हिताः उग्र-कर्माणः जगतः क्षयाय प्रभवन्ति"," एतां दृष्टिमवष्टभ्य नष्टात्मानोऽल्पबुद्धयः।# प्रभवन्त्युग्रकर्माणः क्षयाय जगतोऽहिताः॥9॥"
"कामम् आश्रित्य दुष्-पूरम् दम्भ-मान-मद-अन्विताः मोहात् गृहीत्वा अ-सद्-ग्राहान् प्रवर्तन्ते अ-शुचि-व्रताः","दुष्-पूरम् कामम् आश्रित्य दम्भ-मान-मद-अन्विताः मोहात् अ-सद्-ग्राहान् गृहीत्वा अ-शुचि-व्रताः प्रवर्तन्ते"," काममाश्रित्य दुष्पूरं दम्भमानमदान्विताः।# मोहाद्गृहीत्वासद्ग्राहान्प्रवर्तन्तेऽशुचिव्रताः॥10॥"
"चिन्ताम् अ-परिमेयाम् च प्रलयान्ताम् उपाश्रिताः काम-उपभोग-परमाः एतावद् इति निश्चिताः (अस्ति)","अ-परिमेयाम् प्रलयान्ताम् चिन्ताम् च उपाश्रिताः काम-उपभोग-परमाः एतावद् इति निश्चिताः (अस्ति)"," चिन्तामपरिमेयां च प्रलयान्तामुपाश्रिताः।# कामोपभोगपरमा एतावदिति निश्चिताः॥11॥"
"आशा-पाश-शतैः बद्धाः काम-क्रोध-परायणाः ईहन्ते काम-भोग-अर्थम् अ-न्यायेन अर्थ-सञ्चयान्","आशा-पाश-शतैः बद्धाः काम-क्रोध-परायणाः काम-भोग-अर्थम् अ-न्यायेन अर्थ-सञ्चयान् ईहन्ते"," आशापाशशतैर्बद्धाः कामक्रोधपरायणाः।# ईहन्ते कामभोगार्थमन्यायेनार्थसञ्चयान्॥12॥"
"इदम् अद्य मया लब्धम् इमम् प्राप्स्ये मनः-रथम् इदम् अस्ति इदम् अपि मे भविष्यति पुनः धनम्","मया अद्य इदम् लब्धम् इमम् मनः-रथम् प्राप्स्ये इदम् धनम् अस्ति मे इदम् पुनः अपि भविष्यति"," इदमद्य मया लब्धमिमं प्राप्स्ये मनोरथम्।# इदमस्तीदमपि मे भविष्यति पुनर्धनम्॥13॥"
"असौ मया हतः शत्रुः हनिष्ये च अ-परान् अपि ईश्वरः अहम् अहम् भोगी (अस्मि) सिद्धः अहम् बलवान् सुखी (च) (अस्मि) (अस्मि) (च)","असौ शत्रुः मया हतः हनिष्ये (च) अ-परान् अपि च अहम् ईश्वरः (अस्मि) अहम् भोगी (अस्मि) अहम् सिद्धः बलवान् सुखी (च) (अस्मि)"," असौ मया हतः शत्रुर्हनिष्ये चापरानपि।# ईश्वरोऽहमहं भोगी सिद्धोऽहं बलवान्सुखी॥14॥"
"आढ्यः अभिजनवान् (अहम्) अस्मि कः अन्यः अस्ति सदृशः मया यक्ष्ये दास्यामि मोदिष्ये (अहम्) (च) इति अ-ज्ञान-विमोहिताः (चिन्तयन्ति)","(अहम्) आढ्यः अभिजनवान् अस्मि अन्यः कः मया सदृशः अस्ति (अहम्) दास्यामि यक्ष्ये मोदिष्ये (च) इति अ-ज्ञान-विमोहिताः (चिन्तयन्ति)"," आढ्योऽभिजनवानस्मि कोऽन्योऽस्ति सदृशो मया।# यक्ष्ये दास्यामि मोदिष्य इत्यज्ञानविमोहिताः॥15॥"
"अनेक-चित्त-विभ्रान्ताः मोह-जाल-समावृताः प्रसक्ताः काम-भोगेषु अ-शुचौ नरके पतन्ति (च)","अनेक-चित्त-विभ्रान्ताः मोह-जाल-समावृताः काम-भोगेषु प्रसक्ताः (च) अ-शुचौ नरके पतन्ति"," अनेकचित्तविभ्रान्ता मोहजालसमावृताः।# प्रसक्ताः कामभोगेषु पतन्ति नरकेऽशुचौ॥16॥"
"आत्म-सम्भाविताः स्तब्धाः धन-मान-मद-अन्विताः यजन्ते नाम-यज्ञैः ते दम्भेन अ-विधि-पूर्वकम्","आत्म-सम्भाविताः स्तब्धाः धन-मान-मद-अन्विताः ते दम्भेन अ-विधि-पूर्वकम् नाम-यज्ञैः यजन्ते"," आत्मसम्भाविताः स्तब्धा धनमानमदान्विताः।# यजन्ते नामयज्ञैस्ते दम्भेनाविधिपूर्वकम्॥17॥"
"अहङ्कारम् बलम् दर्पम् कामम् क्रोधम् च संश्रिताः माम् आत्म-पर-देहेषु प्रद्विषन्तः अभि-असूयकाः (वर्तन्ते) (जनाः)","अहङ्कारम् बलम् दर्पम् कामम् क्रोधम् च संश्रिताः आत्म-पर-देहेषु माम् प्रद्विषन्तः अभि-असूयकाः (जनाः) (वर्तन्ते)"," अहङ्कारं बलं दर्पं कामं क्रोधं च संश्रिताः।# मामात्मपरदेहेषु प्रद्विषन्तोऽभ्यसूयकाः॥18॥"
"तान् अहम् द्विषतः क्रूरान् संसारेषु नर-अधमान् क्षिपामि अजस्रम् अ-शुभान् आसुरीषु एव योनिषु","द्विषतः अ-शुभान् क्रूरान् नर-अधमान् तान् अहम् संसारेषु आसुरीषु योनिषु एव अजस्रम् क्षिपामि"," तानहं द्विषतः क्रूरान्संसारेषु नराधमान्।# क्षिपाम्यजस्रमशुभानासुरीष्वेव योनिषु॥19॥"
"आसुरीम् योनिम् आपन्नाः मूढाः जन्मनि जन्मनि माम् अ-प्राप्य एव कौन्तेय ततः यान्ति अधमाम् गतिम्","कौन्तेय आसुरीम् योनिम् आपन्नाः मूढाः माम् अ-प्राप्य एव ततः जन्मनि जन्मनि अधमाम् गतिम् यान्ति"," आसुरीं योनिमापन्ना मूढा जन्मनि जन्मनि।# मामप्राप्यैव कौन्तेय ततो यान्त्यधमां गतिम्॥20॥"
"त्रिविधम् नरकस्य इदम् द्वारम् नाशनम् आत्मनः (अस्ति) कामः क्रोधः तथा लोभः तस्मात् एतत् त्रयम् त्यजेत्","कामः क्रोधः तथा लोभः इदम् त्रिविधम् आत्मनः नाशनम् नरकस्य द्वारम् (अस्ति) तस्मात् एतत् त्रयम् त्यजेत्"," त्रिविधं नरकस्येदं द्वारं नाशनमात्मनः।# कामः क्रोधस्तथा लोभस्तस्मादेतत्त्रयं त्यजेत्॥21॥"
"एतैः वि-मुक्तः कौन्तेय तमः-द्वारैः त्रिभिः नरः आचरति आत्मनः श्रेयः ततः याति पराम् गतिम् (नरः)","कौन्तेय एतैः त्रिभिः तमः-द्वारैः वि-मुक्तः नरः आत्मनः श्रेयः आचरति ततः (नरः) पराम् गतिम् याति"," एतैर्विमुक्तः कौन्तेय तमोद्वारैस्त्रिभिर्नरः।# आचरत्यात्मनः श्रेयस्ततो याति परां गतिम्॥22॥"
"यः शास्त्रविधिम् उत्सृज्य वर्तते कामकारतः न सः सिद्धिम् अवाप्नोति न सुखम् न पराम् गतिम् (अवाप्नोति) (अवाप्नोति)","यः शास्त्रविधिम् उत्सृज्य कामकारतः वर्तते सः सिद्धिम् न अवाप्नोति सुखम् न (अवाप्नोति) पराम् गतिम् न (अवाप्नोति)"," यः शास्त्रविधिमुत्सृज्य वर्तते कामकारतः।# न स सिद्धिमवाप्नोति न सुखं न परां गतिम्॥23॥"
"तस्मात् शास्त्रम् प्रमाणम् ते कार्य-अ-कार्य-व्यवस्थितौ ज्ञात्वा शास्त्र-विधान-उक्तम् कर्म कर्तुम् इह अर्हसि (त्वम्) (अस्ति)","तस्मात् ते कार्य-अ-कार्य-व्यवस्थितौ शास्त्रम् प्रमाणम् (अस्ति) (त्वम्) शास्त्र-विधान-उक्तम् कर्म ज्ञात्वा इह कर्तुम् अर्हसि"," तस्माच्छास्त्रं प्रमाणं ते कार्याकार्यव्यवस्थितौ।# ज्ञात्वा शास्त्रविधानोक्तं कर्म कर्तुमिहार्हसि॥24॥"
"ये शास्त्रविधिम् उत्सृज्य यजन्ते श्रद्धया अन्विताः तेषां निष्ठा तु का कृष्ण सत्त्वम् आहो रजः तमः","आहो कृष्ण शास्त्रविधिम् उत्सृज्य श्रद्धया अन्विताः ये यजन्ते तेषां निष्ठा तु का सत्त्वम् रजः तमः"," ये शास्त्रविधिमुत्सृज्य यजन्ते श्रद्धयाऽन्विताः।# तेषां निष्ठा तु का कृष्ण सत्त्वमाहो रजस्तमः॥1॥"
"त्रिविधा भवति श्रद्धा देहिनां सा स्वभावजा सात्विकी राजसी च एव तामसी च इति तां शृणु","देहिनां सा स्वभावजा श्रद्धा सात्विकी राजसी एव च तामसी च त्रिविधा इति भवति तां शृणु"," त्रिविधा भवति श्रद्धा देहिनां सा स्वभावजा।# सात्त्विकी राजसी चैव तामसी चेति तां श्रृणु॥2॥"
"सत्त्व-अनुरूपा सर्वस्य श्रद्धा भवति भारत श्रद्धा-मयः अयम् पुरुषः (अस्ति) यः यत्-श्रद्धः सः एव सः (अस्ति) (अस्ति)","भारत सर्वस्य सत्त्व-अनुरूपा श्रद्धा भवति अयम् पुरुषः श्रद्धा-मयः (अस्ति) यः यत्-श्रद्धः (अस्ति) सः एव सः (अस्ति)"," सत्त्वानुरूपा सर्वस्य श्रद्धा भवति भारत।# श्रद्धामयोऽयं पुरुषो यो यच्छ्रद्धः स एव सः॥3॥"
"यजन्ते सात्त्विकाः देवान् यक्ष-रक्षांसि राजसाः (यजन्ते) प्रेतान् भूत-गणान् च अन्ये यजन्ते तामसाः जनाः","सात्त्विकाः देवान् यजन्ते राजसाः यक्ष-रक्षांसि (यजन्ते) अन्ये तामसाः जनाः प्रेतान् च भूत-गणान् यजन्ते"," यजन्ते सात्त्विका देवान्यक्षरक्षांसि राजसाः।# प्रेतान्भूतगणांश्चान्ये यजन्ते तामसा जनाः॥4॥"
"अ-शास्त्र-विहितम् घोरम् तप्यन्ते ये तपः जनाः दम्भ-अहङ्कार-संयुक्ताः काम-राग-बल-अन्विताः (सन्ति) (ते)","ये जनाः अ-शास्त्र-विहितम् घोरम् तपः तप्यन्ते (ते) दम्भ-अहङ्कार-संयुक्ताः काम-राग-बल-अन्विताः (सन्ति)"," अशास्त्रविहितं घोरं तप्यन्ते ये तपो जनाः।# दम्भाहङ्कारसंयुक्ताः कामरागबलान्विताः॥5॥"
"कर्षयन्तः शरीर-स्थम् भूत-ग्रामम् अ-चेतसः माम् च एव अन्तः-शरीर-स्थम् तान् विद्धि आसुर-निश्चयान् (त्वम्) (सन्ति)","अ-चेतसः शरीर-स्थम् भूत-ग्रामम् अन्तः-शरीर-स्थम् माम् च एव कर्षयन्तः (सन्ति) तान् आसुर-निश्चयान् (त्वम्) विद्धि"," कर्षयन्तः शरीरस्थं भूतग्राममचेतसः।# मां चैवान्तःशरीरस्थं तान्विद्ध्यासुरनिश्चयान्॥6॥"
"आहारः तु अपि सर्वस्य त्रि-विधः भवति प्रियः यज्ञः तपः दानम् तथा तेषाम् भेदम् इमम् शृणु (त्वम्)","सर्वस्य आहारः अपि तु यज्ञः तपः दानम् तथा त्रि-विधः प्रियः भवति तेषाम् इमम् भेदम् (त्वम्) शृणु"," आहारस्त्वपि सर्वस्य त्रिविधो भवति प्रियः।# यज्ञस्तपस्तथा दानं तेषां भेदमिमं श्रृणु॥7॥"
"आयुः-सत्त्व-बल-आरोग्य-सुख-प्रीति-विवर्धनाः रस्याः स्निग्धाः स्थिराः हृद्याः आहाराः सात्त्विक-प्रियाः (भवन्ति)","आयुः-सत्त्व-बल-आरोग्य-सुख-प्रीति-विवर्धनाः रस्याः स्निग्धाः स्थिराः हृद्याः आहाराः सात्त्विक-प्रियाः (भवन्ति)"," आयुःसत्त्वबलारोग्यसुखप्रीतिविवर्धनाः।# रस्याः स्निग्धाः स्थिरा हृद्या आहाराः सात्त्विकप्रियाः॥8॥"
"कटु-अम्ल-लवण-अत्युष्ण-तीक्ष्ण-रूक्ष-विदाहिनः आहाराः राजसस्य इष्टाः दुःख-शोक-आमय-प्रदाः (भवन्ति)","कटु-अम्ल-लवण-अत्युष्ण-तीक्ष्ण-रूक्ष-विदाहिनः दुःख-शोक-आमय-प्रदाः आहाराः राजसस्य इष्टाः (भवन्ति)"," कट्वम्ललवणात्युष्णतीक्ष्णरूक्षविदाहिनः।# आहारा राजसस्येष्टा दुःखशोकामयप्रदाः॥9॥"
"यात-यामम् गत-रसम् पूति पर्युषितम् च यत् उच्छिष्टम् अपि च अ-मेध्यम् भोजनम् तामस-प्रियम् (भवति) (अस्ति) तत्","यत् यात-यामम् गत-रसम् पूति पर्युषितम् च उच्छिष्टम् अपि च अ-मेध्यम् भोजनम् (अस्ति) तत् तामस-प्रियम् (भवति)"," यातयामं गतरसं पूति पर्युषितं च यत्।# उच्छिष्टमपि चामेध्यं भोजनं तामसप्रियम्॥10॥"
"अ-फल-आकाङ्क्षिभिः यज्ञः विधि-दृष्टः यः इज्यते यष्टव्यम् एव इति मनः समाधाय सः सात्त्विकः (अस्ति)","यष्टव्यम् एव इति मनः समाधाय अ-फल-आकाङ्क्षिभिः यः विधि-दृष्टः यज्ञः इज्यते सः सात्त्विकः (अस्ति)"," अफलाकाङ्क्षिभिर्यज्ञो विधिदृष्टो य इज्यते।# यष्टव्यमेवेति मनः समाधाय स सात्त्विकः॥11॥"
"अभिसन्धाय तु फलम् दम्भ-अर्थम् अपि च एव यत् इज्यते भरत-श्रेष्ठ तम् यज्ञम् विद्धि राजसम् (त्वम्)","भरत-श्रेष्ठ फलम् तु अभिसन्धाय दम्भ-अर्थम् अपि च एव यत् इज्यते तम् यज्ञम् राजसम् (त्वम्) विद्धि"," अभिसंधाय तु फलं दम्भार्थमपि चैव यत्।# इज्यते भरतश्रेष्ठ तं यज्ञं विद्धि राजसम्॥12॥"
"विधि-हीनम् अ-सृष्ट-अन्नम् मन्त्र-हीनम् अ-दक्षिणम् श्रद्धा-विरहितम् यज्ञम् तामसम् परिचक्षते","विधि-हीनम् अ-सृष्ट-अन्नम् मन्त्र-हीनम् अ-दक्षिणम् श्रद्धा-विरहितम् यज्ञम् तामसम् परिचक्षते"," विधिहीनमसृष्टान्नं मन्त्रहीनमदक्षिणम्।# श्रद्धाविरहितं यज्ञं तामसं परिचक्षते॥13॥"
"देव-द्विज-गुरु-प्राज्ञ-पूजनम् शौचम् आर्जवम् ब्रह्म-चर्यम् अ-हिंसा च शारीरम् तपः उच्यते","देव-द्विज-गुरु-प्राज्ञ-पूजनम् शौचम् आर्जवम् ब्रह्म-चर्यम् अ-हिंसा च शारीरम् तपः उच्यते"," देवद्विजगुरुप्राज्ञपूजनं शौचमार्जवम्।# ब्रह्मचर्यमहिंसा च शारीरं तप उच्यते॥14॥"
"अन्-उद्वेग-करम् वाक्यम् सत्यम् प्रिय-हितम् च यत् स्व-अध्याय-अभ्यसनम् च एव (अस्ति) वाङ्मयम् तपः उच्यते (तत्)","अन्-उद्वेग-करम् सत्यम् प्रिय-हितम् च यत् वाक्यम् स्व-अध्याय-अभ्यसनम् च (अस्ति) (तत्) एव वाङ्मयम् तपः उच्यते"," अनुद्वेगकरं वाक्यं सत्यं प्रियहितं च यत्।# स्वाध्यायाभ्यसनं चैव वाङ्मयं तप उच्यते॥15॥"
"मनः-प्रसादः सौम्यत्वम् मौनम् आत्म-विनिग्रहः भाव-संशुद्धिः इति एतत् मानसम् तपः उच्यते","मनः-प्रसादः सौम्यत्वम् मौनम् आत्म-विनिग्रहः भाव-संशुद्धिः इति एतत् मानसम् तपः उच्यते"," मनःप्रसादः सौम्यत्वं मौनमात्मविनिग्रहः।# भावसंशुद्धिरित्येतत्तपो मानसमुच्यते॥16॥"
"श्रद्धया परया तप्तम् तपः तत् त्रि-विधम् नरैः अ-फल-आकाङ्क्षिभिः युक्तैः सात्त्विकम् परिचक्षते (अस्ति)","तपः त्रि-विधम् (अस्ति) अ-फल-आकाङ्क्षिभिः युक्तैः नरैः परया श्रद्धया तप्तम् तत् सात्त्विकम् परिचक्षते"," श्रद्धया परया तप्तं तपस्तत्त्रिविधं नरैः।# अफलाकाङ्क्षिभिर्युक्तैः सात्त्विकं परिचक्षते॥17॥"
"सत्कार-मान-पूजा-अर्थम् तपः दम्भेन च एव यत् क्रियते तत् इह प्रोक्तम् राजसम् चलम् अ-ध्रुवम् (च)","यत् तपः सत्कार-मान-पूजा-अर्थम् च एव दम्भेन क्रियते तत् इह अ-ध्रुवम् चलम् राजसम् (च) प्रोक्तम्"," सत्कारमानपूजार्थं तपो दम्भेन चैव यत्।# क्रियते तदिह प्रोक्तं राजसं चलमध्रुवम्॥18॥"
"मूढ-ग्राहेण आत्मनः यत् पीडया क्रियते तपः परस्य उत्-सादनार्थम् वा तत् तामसम् उदाहृतम्","यत् तपः मूढ-ग्राहेण आत्मनः पीडया वा परस्य उत्-सादनार्थम् क्रियते तत् तामसम् उदाहृतम्"," मूढग्राहेणात्मनो यत्पीडया क्रियते तपः।# परस्योत्सादनार्थं वा तत्तामसमुदाहृतम्॥19॥"
"दातव्यम् इति यत् दानम् दीयते अनुपकारिणे देशे काले च पात्रे च तत् दानं सात्विकं स्मृतम्","देशे काले च पात्रे च अनुपकारिणे दातव्यम् इति यत् दानम् दीयते तत् दानं सात्विकं स्मृतम्"," दातव्यमिति यद्दानं दीयतेऽनुपकारिणे।# देशे काले च पात्रे च तद्दानं सात्त्विकं स्मृतम्॥20॥"
"यत् तु प्रत्युपकार-अर्थम् फलम् उद्दिश्य वा पुनः दीयते च परिक्लिष्टम् तत् दानम् राजसम् स्मृतम्","यत् तु प्रत्युपकार-अर्थम् फलम् उद्दिश्य वा पुनः परिक्लिष्टम् च दीयते तत् दानम् राजसम् स्मृतम्"," यत्तु प्रत्युपकारार्थं फलमुद्दिश्य वा पुनः।# दीयते च परिक्लिष्टं तद्दानं राजसं स्मृतम्॥21॥"
"अ-देश-काले यत् दानम् अ-पात्रेभ्यः च दीयते अ-सत्कृतम् अवज्ञातम् तत् तामसम् उदाहृतम्","यत् दानम् अ-सत्कृतम् अवज्ञातम् अ-देश-काले अ-पात्रेभ्यः च दीयते तत् तामसम् उदाहृतम्"," अदेशकाले यद्दानमपात्रेभ्यश्च दीयते।# असत्कृतमवज्ञातं तत्तामसमुदाहृतम्॥22॥"
"ॐ तत् सत् इति निर्देशः ब्रह्मणः त्रि-विधः स्मृतः ब्राह्मणाः तेन वेदाः च यज्ञाः च विहिताः पुरा","ॐ तत् सत् इति त्रि-विधः ब्रह्मणः निर्देशः स्मृतः तेन पुरा ब्राह्मणाः वेदाः च यज्ञाः च विहिताः"," ॐ तत्सदिति निर्देशो ब्रह्मणस्त्रिविधः स्मृतः।# ब्राह्मणास्तेन वेदाश्च यज्ञाश्च विहिताः पुरा॥23॥"
"तस्मात् ॐ इति उदाहृत्य यज्ञ-दान-तपः-क्रियाः प्रवर्तन्ते विधान-उक्ताः सततम् ब्रह्म-वादिनाम्","तस्मात् ब्रह्म-वादिनाम् विधान-उक्ताः यज्ञ-दान-तपः-क्रियाः सततम् ॐ इति उदाहृत्य प्रवर्तन्ते"," तस्मादोमित्युदाहृत्य यज्ञदानतपःक्रियाः।# प्रवर्तन्ते विधानोक्ताः सततं ब्रह्मवादिनाम्॥24॥"
"तत् इति अन्-अभिसन्धाय फलम् यज्ञ-तपः-क्रियाः दान-क्रियाः च विविधाः क्रियन्ते मोक्ष-आकाङ्क्षिभिः","तत् इति फलम् अन्-अभिसन्धाय विविधाः यज्ञ-तपः-क्रियाः च दान-क्रियाः मोक्ष-आकाङ्क्षिभिः क्रियन्ते"," तदित्यनभिसन्धाय फलं यज्ञतपःक्रियाः।#दानक्रियाश्च विविधाः क्रियन्ते मोक्षकाङ्क्षिभिः॥25॥"
"सद्भावे साधुभावे च सत् इति एतत् प्रयुज्यते प्रशस्ते कर्मणि तथा सत्-शब्दः पार्थ युज्यते","पार्थ सद्भावे साधुभावे च सत् इति एतत् प्रयुज्यते तथा प्रशस्ते कर्मणि सत्-शब्दः युज्यते"," सद्भावे साधुभावे च सदित्येतत्प्रयुज्यते।# प्रशस्ते कर्मणि तथा सच्छब्दः पार्थ युज्यते॥26॥"
"यज्ञे तपसि दाने च स्थितिः सत् इति च उच्यते कर्म च एव तत्-अर्थीयम् सत् इति एव अभिधीयते","यज्ञे तपसि दाने च स्थितिः सत् इति च उच्यते तत्-अर्थीयम् एव कर्म च सत् इति एव अभिधीयते"," यज्ञे तपसि दाने च स्थितिः सदिति चोच्यते।# कर्म चैव तदर्थीयं सदित्येवाभिधीयते॥27॥"
"अ-श्रद्धया हुतम् दत्तम् तपः तप्तम् कृतम् च यत् अ-सत् इति उच्यते पार्थ न च तत् प्रेत्य नो इह (अस्ति) (अस्ति)","पार्थ अ-श्रद्धया हुतम् दत्तम् तपः तप्तम् कृतम् च यत् अ-सत् इति उच्यते तत् प्रेत्य न (अस्ति) इह नो (अस्ति) च"," अश्रद्धया हुतं दत्तं तपस्तप्तं कृतं च यत्।# असदित्युच्यते पार्थ न च तत्प्रेत्य नो इह॥28॥"
"सन्न्यासस्य महान्-बाहो तत्त्वम् इच्छामि वेदितुम् त्यागस्य च हृषीकेश पृथक् केशिनिषूदन (अहम्)","महान्-बाहो हृषीकेश केशिनिषूदन सन्न्यासस्य त्यागस्य च तत्त्वम् पृथक् वेदितुम् (अहम्) इच्छामि"," संन्यासस्य महाबाहो तत्त्वमिच्छामि वेदितुम्।# त्यागस्य च हृषीकेश पृथक्केशिनिषूदन॥1॥"
"काम्यानाम् कर्मणाम् न्यासम् सन्न्यासम् कवयः विदुः सर्व-कर्म-फल-त्यागम् प्राहुः त्यागम् विचक्षणाः","कवयः काम्यानाम् कर्मणाम् न्यासम् सन्न्यासम् विदुः विचक्षणाः सर्व-कर्म-फल-त्यागम् त्यागम् प्राहुः"," काम्यानां कर्मणां न्यासं संन्यासं कवयो विदुः।# सर्वकर्मफलत्यागं प्राहुस्त्यागं विचक्षणाः॥2॥"
"त्याज्यम् दोषवत् इति एके कर्म प्राहुः मनीषिणः यज्ञ-दान-तपः-कर्म न त्याज्यम् इति च अ-परे (आहुः)","एके मनीषिणः दोषवत् कर्म त्याज्यम् इति प्राहुः अ-परे यज्ञ-दान-तपः-कर्म च न त्याज्यम् इति (आहुः)"," त्याज्यं दोषवदित्येके कर्म प्राहुर्मनीषिणः।# यज्ञदानतपःकर्म न त्याज्यमिति चापरे॥3॥"
"निश्चयम् शृणु मे तत्र त्यागे भरतसत्तम (त्वम्) त्यागः हि पुरुष-व्याघ्र त्रि-विधः सम्प्रकीर्तितः","भरतसत्तम (त्वम्) तत्र त्यागे मे निश्चयम् शृणु पुरुष-व्याघ्र त्यागः त्रि-विधः हि सम्प्रकीर्तितः"," निश्चयं श्रृणु मे तत्र त्यागे भरतसत्तम।# त्यागो हि पुरुषव्याघ्र त्रिविधः संप्रकीर्तितः॥4॥"
"यज्ञ-दान-तपः-कर्म न त्याज्यम् कार्यम् एव तत् यज्ञः दानम् तपः च एव पावनानि मनीषिणाम् (सन्ति)","यज्ञ-दान-तपः-कर्म न त्याज्यम् तत् कार्यम् एव यज्ञः दानम् तपः च एव मनीषिणाम् पावनानि (सन्ति)"," यज्ञदानतपःकर्म न त्याज्यं कार्यमेव तत्।# यज्ञो दानं तपश्चैव पावनानि मनीषिणाम्॥5॥"
"एतानि अपि तु कर्माणि सङ्गम् त्यक्त्वा फलानि च कर्तव्यानि इति मे पार्थ निश्चितम् मतम् उत्तमम् (अस्ति)","पार्थ एतानि अपि तु कर्माणि सङ्गम् फलानि च त्यक्त्वा कर्तव्यानि इति निश्चितम् मे उत्तमम् मतम् (अस्ति)"," एतान्यपि तु कर्माणि सङ्गं त्यक्त्वा फलानि च।# कर्तव्यानीति मे पार्थ निश्चितं मतमुत्तमम्॥6॥"
"नियतस्य तु सन्न्यासः कर्मणः न उपपद्यते मोहात् तस्य परित्यागः तामसः परिकीर्तितः_(अस्ति)","नियतस्य कर्मणः तु सन्न्यासः न उपपद्यते मोहात् तस्य परित्यागः तामसः परिकीर्तितः_(अस्ति)"," नियतस्य तु संन्यासः कर्मणो नोपपद्यते।# मोहात्तस्य परित्यागस्तामसः परिकीर्तितः॥7॥"
"दुःखम् इति एव यत् कर्म काय-क्लेश-भयात् त्यजेत् सः कृत्वा राजसं त्यागम् न एव त्यागफलम् लभेत् (यः)","काय-क्लेश-भयात् दुःखम् इति एव यत् कर्म (यः) त्यजेत् सः राजसं त्यागम् कृत्वा त्यागफलम् न एव लभेत्"," दुःखमित्येव यत्कर्म कायक्लेशभयात्त्यजेत्।# स कृत्वा राजसं त्यागं नैव त्यागफलं लभेत्॥8॥"
"कार्यम् इति एव यत् कर्म नियतं क्रियते अर्जुन सङ्गं त्यक्त्वा फलं च एव सः त्यागः सात्विकः मतः","अर्जुन सङ्गं फलं च एव त्यक्त्वा यत् कर्म कार्यम् इति एव नियतं क्रियते सः त्यागः सात्विकः मतः"," कार्यमित्येव यत्कर्म नियतं क्रियतेऽर्जुन।# सङ्गं त्यक्त्वा फलं चैव स त्यागः सात्त्विको मतः॥9॥"
"न द्वेष्टि अ-कुशलम् कर्म कुशले न अनुषज्जते (च) त्यागी सत्त्व-समाविष्टः मेधावी छिन्न-संशयः","सत्त्व-समाविष्टः छिन्न-संशयः मेधावी त्यागी अ-कुशलम् कर्म न द्वेष्टि कुशले न अनुषज्जते (च)"," न द्वेष्ट्यकुशलं कर्म कुशले नानुषज्जते।# त्यागी सत्त्वसमाविष्टो मेधावी छिन्नसंशयः॥10॥"
"न हि देह-भृता शक्यम् त्यक्तुम् कर्माणि अ-शेषतः यः तु कर्म-फल-त्यागी सः त्यागी इति अभिधीयते (अस्ति)","देह-भृता अ-शेषतः कर्माणि त्यक्तुम् न हि शक्यम् यः तु कर्म-फल-त्यागी (अस्ति) सः त्यागी इति अभिधीयते"," न हि देहभृता शक्यं त्यक्तुं कर्माण्यशेषतः।# यस्तु कर्मफलत्यागी स त्यागीत्यभिधीयते॥11॥"
"अन्-इष्टम् इष्टम् मिश्रम् च त्रि-विधम् कर्मणः फलम् भवति अ-त्यागिनाम् प्रेत्य न तु सन्न्यासिनाम् क्वचित् (भवति)","अन्-इष्टम् इष्टम् मिश्रम् च कर्मणः त्रि-विधम् फलम् अ-त्यागिनाम् प्रेत्य भवति सन्न्यासिनाम् तु क्वचित् न (भवति)"," अनिष्टमिष्टं मिश्रं च त्रिविधं कर्मणः फलम्।# भवत्यत्यागिनां प्रेत्य न तु संन्यासिनां क्वचित्॥12॥"
"पञ्च एतानि महान्-बाहो कारणानि निबोध मे साङ्ख्ये कृत-अन्ते प्रोक्तानि सिद्धये सर्व-कर्मणाम् (त्वम्)","महान्-बाहो कृत-अन्ते साङ्ख्ये सर्व-कर्मणाम् सिद्धये प्रोक्तानि एतानि पञ्च कारणानि (त्वम्) मे निबोध"," पञ्चैतानि महाबाहो कारणानि निबोध मे।# सांख्ये कृतान्ते प्रोक्तानि सिद्धये सर्वकर्मणाम्॥13॥"
"अधिष्ठानम् तथा एव कर्ता करणम् च पृथग्-विधम् विविधाः च पृथक् चेष्टाः दैवम् च अत्र पञ्चमम् (सन्ति)","अधिष्ठानम् तथा कर्ता पृथग्-विधम् च करणम् च विविधाः च पृथक् चेष्टाः पञ्चमम् दैवम् अत्र एव (सन्ति)","अधिष्ठानं तथा कर्ता करणं च पृथग्विधम्।# विविधाश्च पृथक्चेष्टा दैवं चैवात्र पञ्चमम्॥14॥"
"शरीर-वाङ्-मनोभिः यत् कर्म प्रारभते नरः न्याय्यम् वा विपरीतम् वा पञ्च एते तस्य हेतवः (सन्ति)","नरः शरीर-वाङ्-मनोभिः न्याय्यम् वा विपरीतम् वा यत् कर्म प्रारभते तस्य एते पञ्च हेतवः (सन्ति)"," शरीरवाङ्मनोभिर्यत्कर्म प्रारभते नरः।# न्याय्यं वा विपरीतं वा पञ्चैते तस्य हेतवः॥15॥"
"तत्र एवम् सति कर्तारम् आत्मानम् केवलम् तु यः पश्यति अ-कृत-बुद्धित्वात् न सः पश्यति दुर्-मतिः","तत्र एवम् सति यः अ-कृत-बुद्धित्वात् कर्तारम् केवलम् आत्मानम् तु पश्यति दुर्-मतिः सः न पश्यति"," तत्रैवं सति कर्तारमात्मानं केवलं तु यः।# पश्यत्यकृतबुद्धित्वान्न स पश्यति दुर्मतिः॥16॥"
"यस्य न अहङ्कृतः भावः (अस्ति) बुद्धिः यस्य न लिप्यते हत्वा अपि सः इमान् लोकान् न हन्ति न निबध्यते (सः)","यस्य अहङ्कृतः भावः न (अस्ति) यस्य बुद्धिः न लिप्यते सः इमान् लोकान् हत्वा अपि न हन्ति (सः) न निबध्यते"," यस्य नाहंकृतो भावो बुद्धिर्यस्य न लिप्यते।# हत्वापि स इमाँल्लोकान्न हन्ति न निबध्यते॥17॥"
"ज्ञानम् ज्ञेयम् परि-ज्ञाता त्रि-विधा कर्म-चोदना करणम् कर्म कर्ता इति त्रि-विधः कर्म-सङ्ग्रहः (अस्ति) (अस्ति)","ज्ञानम् ज्ञेयम् परि-ज्ञाता कर्म-चोदना त्रि-विधा (अस्ति) कर्म-सङ्ग्रहः करणम् कर्म कर्ता इति त्रि-विधः (अस्ति)"," ज्ञानं ज्ञेयं परिज्ञाता त्रिविधा कर्मचोदना।# करणं कर्म कर्तेति त्रिविधः कर्मसंग्रहः॥18॥"
"ज्ञानम् कर्म च कर्ता च त्रिधा एव गुण-भेदतः प्रोच्यते गुण-सङ्ख्याने यथावत् शृणु तानि अपि (त्वम्)","ज्ञानम् कर्म च कर्ता च गुण-भेदतः त्रिधा एव गुण-सङ्ख्याने प्रोच्यते तानि अपि (त्वम्) यथावत् शृणु"," ज्ञानं कर्म च कर्ता च त्रिधैव गुणभेदतः।# प्रोच्यते गुणसंख्याने यथावच्छृणु तान्यपि॥19॥"
"सर्व-भूतेषु येन एकम् भावम् अ-व्ययम् ईक्षते अ-विभक्तम् विभक्तेषु (मनुष्यः) तत् ज्ञानम् विद्धि सात्त्विकम् (त्वम्)","येन विभक्तेषु सर्व-भूतेषु एकम् अ-व्ययम् अ-विभक्तम् भावम् (मनुष्यः) ईक्षते (त्वम्) तत् ज्ञानम् सात्त्विकम् विद्धि"," सर्वभूतेषु येनैकं भावमव्ययमीक्षते।# अविभक्तं विभक्तेषु तज्ज्ञानं विद्धि सात्त्विकम्॥20॥"
"पृथक्त्वेन तु यत् ज्ञानम् नाना-भावान् पृथग्-विधान् वेत्ति सर्वेषु भूतेषु तत् ज्ञानम् विद्धि राजसम् (त्वम्)","सर्वेषु भूतेषु यत् ज्ञानम् पृथक्त्वेन पृथग्-विधान् तु नाना-भावान् वेत्ति तत् ज्ञानम् राजसम् (त्वम्) विद्धि"," पृथक्त्वेन तु यज्ज्ञानं नानाभावान्पृथग्विधान्।# वेत्ति सर्वेषु भूतेषु तज्ज्ञानं विद्धि राजसम्॥21॥"
"यत् तु कृत्स्नवत् एकस्मिन् कार्ये सक्तम् अ-हैतुकम् अ-तत्त्व-अर्थ-वत् अल्पम् च (अस्ति) तत् तामसम् उदाहृतम्","यत् तु एकस्मिन् कार्ये कृत्स्नवत् सक्तम् अ-हैतुकम् अ-तत्त्व-अर्थ-वत् अल्पम् च (अस्ति) तत् तामसम् उदाहृतम्"," यत्तु कृत्स्नवदेकस्मिन्कार्ये सक्तमहैतुकम्।# अतत्त्वार्थवदल्पं च तत्तामसमुदाहृतम्॥22॥"
"नियतम् सङ्ग-रहितम् अ-राग-द्वेषतः कृतम् अ-फल-प्रेप्सुना कर्म यत् तत् सात्त्विकम् उच्यते (अस्ति्)","अ-फल-प्रेप्सुना अ-राग-द्वेषतः नियतम् सङ्ग-रहितम् यत् कृतम् कर्म (अस्ति्) तत् सात्त्विकम् उच्यते"," नियतं सङ्गरहितमरागद्वेषतः कृतम्।# अफलप्रेप्सुना कर्म यत्तत्सात्त्विकमुच्यते॥23॥"
"यत् तु काम-इप्सुना कर्म स-अहङ्कारेण वा पुनः क्रियते बहुल-आयासम् तत् राजसम् उदाहृतम्","काम-इप्सुना स-अहङ्कारेण वा पुनः बहुल-आयासम् तु यत् कर्म क्रियते तत् राजसम् उदाहृतम्"," यत्तु कामेप्सुना कर्म साहङ्कारेण वा पुनः।# क्रियते बहुलायासं तद्राजसमुदाहृतम्॥24॥"
"अनु-बन्धम् क्षयम् हिंसाम् अन्-अवेक्ष्य च पौरुषम् मोहात् आरभ्यते कर्म यत् तत् तामसम् उच्यते","यत् कर्म अनु-बन्धम् क्षयम् हिंसाम् पौरुषम् च अन्-अवेक्ष्य मोहात् आरभ्यते तत् तामसम् उच्यते"," अनुबन्धं क्षयं हिंसामनवेक्ष्य च पौरुषम्।# मोहादारभ्यते कर्म यत्तत्तामसमुच्यते॥25॥"
"मुक्त-सङ्गः अन्-अहंवादी धृति-उत्साह-समन्वितः सिद्धि-अ-सिद्ध्योः निर्-विकारः कर्ता सात्त्विकः उच्यते","मुक्त-सङ्गः धृति-उत्साह-समन्वितः अन्-अहंवादी सिद्धि-अ-सिद्ध्योः निर्-विकारः कर्ता सात्त्विकः उच्यते"," मुक्तसङ्गोऽनहंवादी धृत्युत्साहसमन्वितः।# सिद्ध्यसिद्ध्योर्निर्विकारः कर्ता सात्त्विक उच्यते॥26॥"
"रागी कर्म-फल-प्रेप्सुः लुब्धः हिंसा-आत्मकः अ-शुचिः हर्ष-शोक-अन्वितः कर्ता राजसः परिकीर्तितः","रागी कर्म-फल-प्रेप्सुः लुब्धः हिंसा-आत्मकः अ-शुचिः हर्ष-शोक-अन्वितः कर्ता राजसः परिकीर्तितः"," रागी कर्मफलप्रेप्सुर्लुब्धो हिंसात्मकोऽशुचिः।# हर्षशोकान्वितः कर्ता राजसः परिकीर्तितः॥27॥"
"अ-युक्तः प्राकृतः स्तब्धः शठः नैष्कृतिकः अलसः विषादी दीर्घसूत्री च कर्ता तामसः उच्यते","अ-युक्तः प्राकृतः स्तब्धः शठः नैष्कृतिकः विषादी अलसः दीर्घसूत्री च कर्ता तामसः उच्यते"," अयुक्तः प्राकृतः स्तब्धः शठो नैष्कृतिकोऽलसः।# विषादी दीर्घसूत्री च कर्ता तामस उच्यते॥28॥"
"बुद्धेः भेदम् धृतेः च एव गुणतः त्रि-विधम् शृणु प्रोच्यमानम् अ-शेषेण पृथक्त्वेन धनञ्जय (त्वम्)","धनञ्जय बुद्धेः धृतेः एव च गुणतः त्रि-विधम् भेदम् अ-शेषेण पृथक्त्वेन प्रोच्यमानम् (त्वम्) शृणु"," बुद्धेर्भेदं धृतेश्चैव गुणतस्त्रिविधं श्रृणु।# प्रोच्यमानमशेषेण पृथक्त्वेन धनञ्जय॥29॥"
"प्रवृत्तिम् च निवृत्तिम् च कार्य-अ-कार्ये भय-अ-भये बन्धम् मोक्षम् च या वेत्ति बुद्धिः सा पार्थ सात्त्विकी (अस्ति)","पार्थ प्रवृत्तिम् च निवृत्तिम् च कार्य-अ-कार्ये भय-अ-भये बन्धम् मोक्षम् च या वेत्ति सा बुद्धिः सात्त्विकी (अस्ति)"," प्रवृत्तिं च निवृत्तिं च कार्याकार्ये भयाभये।# बन्धं मोक्षं च या वेत्ति बुद्धिः सा पार्थ सात्त्विकी॥30॥"
"यया धर्मम् अ-धर्मम् च कार्यम् च अ-कार्यम् एव च अ-यथावत् प्रजानाति (मनुष्यः) बुद्धिः सा पार्थ राजसी (अस्ति)","पार्थ यया धर्मम् अ-धर्मम् च कार्यम् च अ-कार्यम् एव च अ-यथावत् (मनुष्यः) प्रजानाति सा बुद्धिः राजसी (अस्ति)"," यया धर्ममधर्मं च कार्यं चाकार्यमेव च।# अयथावत्प्रजानाति बुद्धिः सा पार्थ राजसी॥31॥"
"अ-धर्मम् धर्मम् इति या मन्यते तमसा आवृता सर्व-अर्थान् विपरीतान् च बुद्धिः सा पार्थ तामसी (अस्ति) (मन्यते)","पार्थ या तमसा आवृता अ-धर्मम् धर्मम् इति मन्यते च सर्व-अर्थान् विपरीतान् (मन्यते) सा बुद्धिः तामसी (अस्ति)"," अधर्मं धर्ममिति या मन्यते तमसाऽऽवृता।# सर्वार्थान्विपरीतांश्च बुद्धिः सा पार्थ तामसी॥32॥"
"धृत्या यया धारयते मनः-प्राण-इन्द्रिय-क्रियाः योगेन अ-व्यभिचारिण्या धृतिः सा पार्थ सात्त्विकी (अस्ति)","पार्थ योगेन अ-व्यभिचारिण्या यया धृत्या मनः-प्राण-इन्द्रिय-क्रियाः धारयते सा धृतिः सात्त्विकी (अस्ति)"," धृत्या यया धारयते मनःप्राणेन्द्रियक्रियाः।# योगेनाव्यभिचारिण्या धृतिः सा पार्थ सात्त्विकी॥33॥"
"यया तु धर्म-काम-अर्थान् धृत्या धारयते अर्जुन प्रसङ्गेन फल-आकाङ्क्षी धृतिः सा पार्थ राजसी (अस्ति)","पार्थ अर्जुन फल-आकाङ्क्षी यया तु धृत्या प्रसङ्गेन धर्म-काम-अर्थान् धारयते सा धृतिः राजसी (अस्ति)"," यया तु धर्मकामार्थान् धृत्या धारयतेऽर्जुन।# प्रसङ्गेन फलाकाङ्क्षी धृतिः सा पार्थ राजसी॥34॥"
"यया (धृत्या) स्वप्नम् भयम् शोकम् विषादम् मदम् एव च न विमुञ्चति दुर्-मेधाः धृतिः सा पार्थ तामसी (अस्ति)","पार्थ दुर्-मेधाः यया (धृत्या) स्वप्नम् भयम् शोकम् विषादम् मदम् एव च न विमुञ्चति सा धृतिः तामसी (अस्ति)"," यया स्वप्नं भयं शोकं विषादं मदमेव च।# न विमुञ्चति दुर्मेधा धृतिः सा पार्थ तामसी॥35॥"
"सुखं तु इदानीम् त्रिविधं श्रृणु मे भरतर्षभ अभ्यासात् रमते यत्र दुःखान्तं च निगच्छति (त्वम्)","भरतर्षभ इदानीम् मे त्रिविधं सुखं तु (त्वम्) श्रृणु यत्र अभ्यासात् रमते दुःखान्तं च निगच्छति"," सुखं त्विदानीं त्रिविधं श्रृणु मे भरतर्षभ।# अभ्यासाद्रमते यत्र दुःखान्तं च निगच्छति॥36॥"
"यत् तत् अग्रे विषम् इव परिणामे अमृतोपमम् तत् सुखम् सात्त्विकं प्रोक्तम् आत्मबुद्धिप्रसादजम् (भवति)","यत् तत् अग्रे विषम् इव परिणामे अमृतोपमम् आत्मबुद्धिप्रसादजम् (भवति) तत् सुखम् सात्त्विकं प्रोक्तम्"," यत्तदग्रे विषमिव परिणामेऽमृतोपमम्।# तत्सुखं सात्त्विकं प्रोक्तमात्मबुद्धिप्रसादजम्॥37॥"
"विषय-इन्द्रिय-संयोगात् यत् (भवति) तत् अग्रे अमृत-उपमम् परिणामे विषम् इव (भवति) तत् सुखम् राजसम् स्मृतम् (च)","यत् तत् विषय-इन्द्रिय-संयोगात् (भवति) अग्रे अमृत-उपमम् परिणामे विषम् इव (भवति) (च) तत् सुखम् राजसम् स्मृतम्"," विषयेन्द्रियसंयोगाद्यत्तदग्रेऽमृतोपमम्।# परिणामे विषमिव तत्सुखं राजसं स्मृतम्॥38॥"
"यत् अग्रे च अनु-बन्धे च सुखम् मोहनम् आत्मनः निद्रा-आलस्य-प्रमाद-उत्थम् (भवति) तत् तामसम् उदाहृतम्","यत् सुखम् अग्रे च अनु-बन्धे च आत्मनः मोहनम् निद्रा-आलस्य-प्रमाद-उत्थम् तत् तामसम् उदाहृतम् (भवति)"," यदग्रे चानुबन्धे च सुखं मोहनमात्मनः।# निद्रालस्यप्रमादोत्थं तत्तामसमुदाहृतम्॥39॥"
"न तत् अस्ति पृथिव्याम् वा दिवि देवेषु वा पुनः सत्त्वम् प्रकृति-जैः मुक्तम् यत् एभिः स्यात् त्रिभिः गुणैः (अस्ति) न","प्रकृति-जैः एभिः त्रिभिः गुणैः यत् मुक्तम् स्यात् पृथिव्याम् तत् सत्त्वम् न अस्ति दिवि वा देवेषु वा पुनः न (अस्ति)"," न तदस्ति पृथिव्यां वा दिवि देवेषु वा पुनः।# सत्त्वं प्रकृतिजैर्मुक्तं यदेभिः स्यात्त्रिभिर्गुणैः॥40॥"
"ब्राह्मण-क्षत्रिय-विशाम् शूद्राणाम् च परन्तप कर्माणि प्र-विभक्तानि स्व-भाव-प्र-भवैः गुणैः","परन्तप ब्राह्मण-क्षत्रिय-विशाम् शूद्राणाम् च स्व-भाव-प्र-भवैः गुणैः कर्माणि प्र-विभक्तानि"," ब्राह्मणक्षत्रियविशां शूद्राणां च परंतप।# कर्माणि प्रविभक्तानि स्वभावप्रभवैर्गुणैः॥41॥"
"शमः दमः तपः शौचम् क्षान्तिः आर्जवम् एव च ज्ञानम् वि-ज्ञानम् आस्तिक्यम् ब्रह्म-कर्म स्व-भाव-जम् (अस्ति)","शमः दमः तपः शौचम् क्षान्तिः आर्जवम् आस्तिक्यम् ज्ञानम् वि-ज्ञानम् एव च स्व-भाव-जम् ब्रह्म-कर्म (अस्ति)"," शमो दमस्तपः शौचं क्षान्तिरार्जवमेव च।# ज्ञानं विज्ञानमास्तिक्यं ब्रह्मकर्म स्वभावजम्॥42॥"
"शौर्यम् तेजः धृतिः दाक्ष्यम् युद्धे च अपि अ-पलायनम् दानम् ईश्वर-भावः च क्षात्रम् कर्म स्व-भाव-जम् (अस्ति)","शौर्यम् तेजः धृतिः दाक्ष्यम् युद्धे च अपि अ-पलायनम् दानम् ईश्वर-भावः च स्व-भाव-जम् क्षात्रम् कर्म (अस्ति)"," शौर्यं तेजो धृतिर्दाक्ष्यं युद्धे चाप्यपलायनम्।# दानमीश्वरभावश्च क्षात्रं कर्म स्वभावजम्॥43॥"
"कृषि-गौ-रक्ष्य-वाणिज्यम् वैश्य-कर्म स्व-भाव-जम् (अस्ति) परिचर्य-आत्मकम् कर्म शूद्रस्य अपि स्व-भाव-जम् (अस्ति)","कृषि-गौ-रक्ष्य-वाणिज्यम् स्व-भाव-जम् वैश्य-कर्म (अस्ति) शूद्रस्य अपि परिचर्य-आत्मकम् स्व-भाव-जम् कर्म (अस्ति)"," कृषिगौरक्ष्यवाणिज्यं वैश्यकर्म स्वभावजम्।# परिचर्यात्मकं कर्म शूद्रस्यापि स्वभावजम्॥44॥"
"स्वे स्वे कर्मणि अभिरतः संसिद्धिम् लभते नरः स्व-कर्म-निरतः सिद्धिम् यथा विन्दति तत् शृणु (त्वम्)","स्वे स्वे कर्मणि अभिरतः नरः संसिद्धिम् लभते स्व-कर्म-निरतः यथा सिद्धिम् विन्दति तत् (त्वम्) शृणु"," स्वे स्वे कर्मण्यभिरतः संसिद्धिं लभते नरः।# स्वकर्मनिरतः सिद्धिं यथा विन्दति तच्छृणु॥45॥"
"यतः प्रवृत्तिः भूतानाम् (भवति) येन सर्वम् इदम् ततम् स्व-कर्मणा तम् अभ्यर्च्य सिद्धिम् विन्दति मानवः","यतः भूतानाम् प्रवृत्तिः (भवति) येन इदम् सर्वम् ततम् तम् स्व-कर्मणा अभ्यर्च्य मानवः सिद्धिम् विन्दति"," यतः प्रवृत्तिर्भूतानां येन सर्वमिदं ततम्।# स्वकर्मणा तमभ्यर्च्य सिद्धिं विन्दति मानवः॥46॥"
"श्रेयान् स्व-धर्मः वि-गुणः पर-धर्मात् स्व-अनुष्ठितात् स्व-भाव-नियतम् कर्म कुर्वन् न आप्नोति किल्बिषम् (मनुष्यः) (अस्ति)","स्व-धर्मः वि-गुणः स्व-अनुष्ठितात् पर-धर्मात् श्रेयान् (अस्ति) स्व-भाव-नियतम् कर्म कुर्वन् (मनुष्यः) किल्बिषम् न आप्नोति"," श्रेयान्स्वधर्मो विगुणः परधर्मात्स्वनुष्ठितात्।# स्वभावनियतं कर्म कुर्वन्नाप्नोति किल्बिषम्॥47॥"
"सहजम् कर्म कौन्तेय सदोषम् अपि न त्यजेत् सर्वारम्भाः हि दोषेण धूमेन अग्निः इव आवृताः (आवृतः)","कौन्तेय सदोषम् अपि सहजम् कर्म न त्यजेत् धूमेन हि (आवृतः) अग्निः इव सर्वारम्भाः दोषेण आवृताः"," सहजं कर्म कौन्तेय सदोषमपि न त्यजेत्।# सर्वारम्भा हि दोषेण धूमेनाग्निरिवावृताः॥48॥"
"अ-सक्त-बुद्धिः सर्वत्र जित-आत्मा विगत-स्पृहः नैष्कर्म्य-सिद्धिम् परमाम् सन्न्यासेन अधिगच्छति","सर्वत्र अ-सक्त-बुद्धिः जित-आत्मा विगत-स्पृहः सन्न्यासेन परमाम् नैष्कर्म्य-सिद्धिम् अधिगच्छति"," असक्तबुद्धिः सर्वत्र जितात्मा विगतस्पृहः।# नैष्कर्म्यसिद्धिं परमां संन्यासेनाधिगच्छति॥49॥"
"सिद्धिम् प्राप्तः यथा ब्रह्म तथा आप्नोति निबोध मे समासेन एव कौन्तेय निष्ठा ज्ञानस्य या परा (अस्ति) (ताम्)","या ज्ञानस्य परा निष्ठा (अस्ति) यथा सिद्धिम् प्राप्तः (ताम्) ब्रह्म आप्नोति तथा कौन्तेय समासेन एव मे निबोध"," सिद्धिं प्राप्तो यथा ब्रह्म तथाप्नोति निबोध मे।# समासेनैव कौन्तेय निष्ठा ज्ञानस्य या परा॥50॥"
"बुद्ध्या विशुद्धया युक्तः धृत्या आत्मानम् नियम्य च शब्द-आदीन् विषयान् त्यक्त्वा राग-द्वेषौ व्युदस्य च विविक्त-सेवी लघु-आशी यत-वाक्-काय-मानसः ध्यान-योग-परः नित्यम् वैराग्यम् समुपाश्रितः अहङ्कारम् बलम् दर्पम् कामम् क्रोधम् परिग्रहम् च विमुच्य निर्-ममः शान्तः ब्रह्म-भूयाय कल्पते (पुरुषः)","विशुद्धया बुद्ध्या युक्तः धृत्या आत्मानम् नियम्य च शब्द-आदीन् विषयान् त्यक्त्वा राग-द्वेषौ व्युदस्य च विविक्त-सेवी लघु-आशी यत-वाक्-काय-मानसः नित्यम् ध्यान-योग-परः वैराग्यम् समुपाश्रितः अहङ्कारम् बलम् दर्पम् कामम् क्रोधम् परिग्रहम् च विमुच्य शान्तः निर्-ममः (पुरुषः) ब्रह्म-भूयाय कल्पते","बुद्ध्या विशुद्धया युक्तो धृत्याऽऽत्मानं नियम्य च।# शब्दादीन् विषयांस्त्यक्त्वा रागद्वेषौ व्युदस्य च॥51॥#
विविक्तसेवी लघ्वाशी यतवाक्कायमानसः।# ध्यानयोगपरो नित्यं वैराग्यं समुपाश्रितः॥52॥#
अहङ्कारं बलं दर्पं कामं क्रोधं परिग्रहम्।# विमुच्य निर्ममः शान्तो ब्रह्मभूयाय कल्पते॥53॥"
"ब्रह्मभूतः प्रसन्नात्मा न शोचति न काङ्क्षति समः सर्वेषु भूतेषु मद्भक्तिं लभते पराम् (च)","ब्रह्मभूतः प्रसन्नात्मा न शोचति न काङ्क्षति (च) सर्वेषु भूतेषु समः पराम् मद्भक्तिं लभते"," ब्रह्मभूतः प्रसन्नात्मा न शोचति न काङ्क्षति।# समः सर्वेषु भूतेषु मद्भक्तिं लभते पराम्॥54॥"
"भक्त्या माम् अभिजानाति यावान् यः च अस्मि तत्त्वतः (अहम्) ततः माम् तत्त्वतः ज्ञात्वा विशते तद्-अनन्तरम् (इति)","भक्त्या तत्त्वतः यावान् यः च (अहम्) अस्मि माम् अभिजानाति ततः माम् तत्त्वतः ज्ञात्वा तद्-अनन्तरम् विशते (इति)"," भक्त्या मामभिजानाति यावान्यश्चास्मि तत्त्वतः।# ततो मां तत्त्वतो ज्ञात्वा विशते तदनन्तरम्॥55॥"
"सर्व-कर्माणि अपि सदा कुर्वाणः मद्-व्यपाश्रयः मत्-प्रसादात् अवाप्नोति शाश्वतम् पदम् अ-व्ययम्","सर्व-कर्माणि अपि मद्-व्यपाश्रयः सदा कुर्वाणः मत्-प्रसादात् अ-व्ययम् शाश्वतम् पदम् अवाप्नोति"," सर्वकर्माण्यपि सदा कुर्वाणो मद्व्यपाश्रयः।# मत्प्रसादादवाप्नोति शाश्वतं पदमव्ययम्॥56॥"
"चेतसा सर्व-कर्माणि मयि सन्न्यस्य मत्-परः बुद्धि-योगम् उपाश्रित्य मत्-चित्तः सततम् भव (त्वम्) (च)","सर्व-कर्माणि चेतसा मयि सन्न्यस्य मत्-परः बुद्धि-योगम् उपाश्रित्य सततम् (त्वम्) मत्-चित्तः (च) भव"," चेतसा सर्वकर्माणि मयि संन्यस्य मत्परः।# बुद्धियोगमुपाश्रित्य मच्चित्तः सततं भव॥57॥"
"मत्-चित्तः सर्व-दुर्गाणि मत्-प्रसादात् तरिष्यसि अथ चेत् त्वम् अहङ्कारात् न श्रोष्यसि विनङ्क्ष्यसि (त्वम्)","मत्-चित्तः मत्-प्रसादात् सर्व-दुर्गाणि तरिष्यसि अथ त्वम् अहङ्कारात् न श्रोष्यसि चेत् (त्वम्) विनङ्क्ष्यसि"," मच्चित्तः सर्वदुर्गाणि मत्प्रसादात्तरिष्यसि।# अथ चेत्त्वमहङ्कारान्न श्रोष्यसि विनङ्क्ष्यसि॥58॥"
"यदि अहङ्कारम् आश्रित्य न योत्स्ये इति मन्यसे (त्वम्) मिथ्या एषः व्यवसायः ते (अस्ति) प्रकृतिः त्वाम् नियोक्ष्यति (तर्हि)","यदि अहङ्कारम् आश्रित्य न योत्स्ये इति (त्वम्) मन्यसे (तर्हि) एषः ते व्यवसायः मिथ्या (अस्ति) प्रकृतिः त्वाम् नियोक्ष्यति"," यदहङ्कारमाश्रित्य न योत्स्य इति मन्यसे।# मिथ्यैष व्यवसायस्ते प्रकृतिस्त्वां नियोक्ष्यति॥59॥"
"स्व-भाव-जेन कौन्तेय निबद्धः स्वेन कर्मणा कर्तुम् न इच्छसि यत् मोहात् करिष्यसि अ-वशः अपि तत् (त्वम्)","स्व-भाव-जेन कौन्तेय स्वेन कर्मणा निबद्धः यत् कर्तुम् न इच्छसि तत् मोहात् अ-वशः अपि (त्वम्) करिष्यसि"," स्वभावजेन कौन्तेय निबद्धः स्वेन कर्मणा।# कर्तुं नेच्छसि यन्मोहात्करिष्यस्यवशोऽपि तत्॥60॥"
"ईश्वरः सर्व-भूतानाम् हृद्-देशे अर्जुन तिष्ठति भ्रामयन् सर्व-भूतानि यन्त्र-आरूढानि मायया","अर्जुन ईश्वरः सर्व-भूतानि यन्त्र-आरूढानि मायया भ्रामयन् सर्व-भूतानाम् हृद्-देशे तिष्ठति"," ईश्वरः सर्वभूतानां हृद्देशेऽर्जुन तिष्ठति।# भ्रामयन्सर्वभूतानि यन्त्रारूढानि मायया॥61॥"
"तम् एव शरणम् गच्छ सर्व-भावेन भारत (त्वम्) तत्-प्रसादात् पराम् शान्तिम् स्थानम् प्राप्स्यसि शाश्वतम् (च)","भारत सर्व-भावेन तम् एव शरणम् गच्छ तत्-प्रसादात् पराम् शान्तिम् (च) शाश्वतम् स्थानम् प्राप्स्यसि (त्वम्)"," तमेव शरणं गच्छ सर्वभावेन भारत।# तत्प्रसादात्परां शान्तिं स्थानं प्राप्स्यसि शाश्वतम्॥62॥"
"इति ते ज्ञानम् आख्यातम् गुह्यात् गुह्यतरम् मया विमृश्य एतत् अ-शेषेण यथा इच्छसि तथा कुरु (त्वम्)","इति मया गुह्यात् गुह्यतरम् ज्ञानम् ते आख्यातम् एतत् अ-शेषेण विमृश्य यथा इच्छसि तथा (त्वम्) कुरु"," इति ते ज्ञानमाख्यातं गुह्याद्गुह्यतरं मया।# विमृश्यैतदशेषेण यथेच्छसि तथा कुरु॥63॥"
"सर्व-गुह्यतमम् भूयः शृणु मे परमम् वचः (त्वम्) इष्टः असि मे दृढम् (त्वम्) इति ततः वक्ष्यामि ते हितम् (अहम्)","(त्वम्) सर्व-गुह्यतमम् मे परमम् वचः भूयः शृणु (त्वम्) मे दृढम् इष्टः असि इति ततः (अहम्) ते हितम् वक्ष्यामि"," सर्वगुह्यतमं भूयः श्रृणु मे परमं वचः।# इष्टोऽसि मे दृढमिति ततो वक्ष्यामि ते हितम्॥64॥"
"मत्-मनाः भव मद्-भक्तः मद्-याजी माम् नमस्कुरु (त्वम्) माम् एव एष्यसि (त्वम्) सत्यम् ते प्रतिजाने (अहम्) प्रियः असि मे (त्वम्) (च)","मत्-मनाः मद्-भक्तः मद्-याजी (च) भव (त्वम्) माम् नमस्कुरु (त्वम्) माम् एव एष्यसि (अहम्) ते सत्यम् प्रतिजाने (त्वम्) मे प्रियः असि"," मन्मना भव मद्भक्तो मद्याजी मां नमस्कुरु।# मामेवैष्यसि सत्यं ते प्रतिजाने प्रियोऽसि मे॥65॥"
"सर्व-धर्मान् परित्यज्य माम् एकम् शरणम् व्रज (त्वम्) अहम् त्वा सर्व-पापेभ्यः मोक्षयिष्यामि मा शुचः (त्वम्)","सर्व-धर्मान् परित्यज्य (त्वम्) एकम् माम् शरणम् व्रज अहम् त्वा सर्व-पापेभ्यः मोक्षयिष्यामि (त्वम्) मा शुचः"," सर्वधर्मान्परित्यज्य मामेकं शरणं व्रज।# अहं त्वा सर्वपापेभ्यो मोक्षयिष्यामि मा शुचः॥66॥"
"इदम् ते(तस्मात्) न अ-तपस्काय न अ-भक्ताय कदाचन न च अ-शुश्रूषवे वाच्यम् न च माम् यः अभ्यसूयति (तस्मै) (वाच्यम्)","इदम् ते(तस्मात्) अ-तपस्काय कदाचन न वाच्यम् न अ-भक्ताय न अ-शुश्रूषवे च यः माम् अभ्यसूयति (तस्मै) न च (वाच्यम्)"," इदं ते नातपस्काय नाभक्ताय कदाचन।# न चाशुश्रूषवे वाच्यं न च मां योऽभ्यसूयति॥67॥"
"यः इमम् परमम् गुह्यम् मद्-भक्तेषु अभिधास्यति भक्तिम् मयि पराम् कृत्वा माम् एव एष्यति अ-संशयः (सः) (अस्ति)","यः इमम् परमम् गुह्यम् मद्-भक्तेषु अभिधास्यति (सः) मयि पराम् भक्तिम् कृत्वा माम् एव एष्यति अ-संशयः (अस्ति)"," य इमं परमं गुह्यं मद्भक्तेष्वभिधास्यति।# भक्तिं मयि परां कृत्वा मामेवैष्यत्यसंशयः॥68॥"
"न च तस्मात् मनुष्येषु कश्चित् मे प्रिय-कृत्तमः भविता न च मे तस्मात् अन्यः प्रियतरः भुवि (अस्ति)","मनुष्येषु तस्मात् कश्चित् मे प्रिय-कृत्तमः न च (अस्ति) तस्मात् अन्यः मे भुवि प्रियतरः न च भविता"," न च तस्मान्मनुष्येषु कश्चिन्मे प्रियकृत्तमः।# भविता न च मे तस्मादन्यः प्रियतरो भुवि॥69॥"
"अध्येष्यते च यः इमम् धर्म्यम् संवादम् आवयोः ज्ञान-यज्ञेन तेन अहम् इष्टः स्याम् इति मे मतिः (अस्ति)","यः इमम् धर्म्यम् आवयोः संवादम् अध्येष्यते तेन च ज्ञान-यज्ञेन अहम् इष्टः स्याम् इति मे मतिः (अस्ति)"," अध्येष्यते च य इमं धर्म्यं संवादमावयोः।# ज्ञानयज्ञेन तेनाहमिष्टः स्यामिति मे मतिः॥70॥"
"श्रद्धावान् अन्-असूयः च शृणुयात् अपि यः नरः सः अपि मुक्तः शुभान् लोकान् प्राप्नुयात् पुण्य-कर्मणाम्","श्रद्धावान् अन्-असूयः च यः नरः शृणुयात् अपि सः अपि मुक्तः पुण्य-कर्मणाम् शुभान् लोकान् प्राप्नुयात्"," श्रद्धावाननसूयश्च श्रृणुयादपि यो नरः।# सोऽपि मुक्तः शुभाँल्लोकान्प्राप्नुयात्पुण्यकर्मणाम्॥71॥"
"कच्चित् एतत् श्रुतम् पार्थ त्वया एकाग्रेण चेतसा कच्चित् अ-ज्ञान-सम्मोहः प्रनष्टः ते धनञ्जय","पार्थ त्वया एकाग्रेण चेतसा एतत् श्रुतम् कच्चित् धनञ्जय ते अ-ज्ञान-सम्मोहः प्रनष्टः कच्चित्"," कच्चिदेतच्छ्रुतं पार्थ त्वयैकाग्रेण चेतसा।# कच्चिदज्ञानसंमोहः प्रनष्टस्ते धनञ्जय॥72॥"
"नष्टः मोहः स्मृतिः लब्धा त्वत्-प्रसादात् मया अ-च्युत स्थितः अस्मि गत-सन्देहः करिष्ये वचनम् तव (अहम्)","अ-च्युत त्वत्-प्रसादात् मोहः नष्टः मया स्मृतिः लब्धा (अहम्) गत-सन्देहः स्थितः अस्मि तव वचनम् करिष्ये"," नष्टो मोहः स्मृतिर्लब्धा त्वत्प्रसादान्मयाच्युत।# स्थितोऽस्मि गतसन्देहः करिष्ये वचनं तव॥73॥"
"इति अहम् वासुदेवस्य पार्थस्य च महत्-आत्मनः संवादम् इमम् अश्रौषम् अद्भुतम् रोम-हर्षणम्","इति महत्-आत्मनः अहम् वासुदेवस्य पार्थस्य च रोम-हर्षणम् अद्भुतम् इमम् संवादम् अश्रौषम्"," इत्यहं वासुदेवस्य पार्थस्य च महात्मनः।# संवादमिममश्रौषमद्भुतं रोमहर्षणम्॥74॥"
"व्यास-प्रसादात् श्रुतवान् एतत् गुह्यम् अहम् परम् योगम् योग-ईश्वरात् कृष्णात् साक्षात् कथयतः स्वयम्","व्यास-प्रसादात् अहम् एतत् परम् गुह्यम् योगम् साक्षात् कथयतः योग-ईश्वरात् कृष्णात् स्वयम् श्रुतवान्"," व्यासप्रसादाच्छ्रुतवानेतद्गुह्यमहं परम्।# योगं योगेश्वरात्कृष्णात्साक्षात्कथयतः स्वयम्॥75॥"
"राजन् संस्मृत्य संस्मृत्य संवादम् इमम् अद्भुतम् केशव-अर्जुनयोः पुण्यम् हृष्यामि च मुहुर्मुहुः (अहम्)","राजन् केशव-अर्जुनयोः इमम् पुण्यम् अद्भुतम् संवादम् संस्मृत्य संस्मृत्य मुहुर्मुहुः च (अहम्) हृष्यामि"," राजन्संस्मृत्य संस्मृत्य संवादमिममद्भुतम्।# केशवार्जुनयोः पुण्यं हृष्यामि च मुहुर्मुहुः॥76॥"
"तत् च संस्मृत्य संस्मृत्य रूपम् अति-अद्भुतम् हरेः विस्मयः मे महान् राजन् (भवति) हृष्यामि च पुनः पुनः (अहम्)","राजन् हरेः तत् अति-अद्भुतम् रूपम् च संस्मृत्य संस्मृत्य मे महान् विस्मयः (भवति) (अहम्) पुनः पुनः च हृष्यामि"," तच्च संस्मृत्य संस्मृत्य रूपमत्यद्भुतं हरेः।# विस्मयो मे महान् राजन् हृष्यामि च पुनः पुनः॥77॥"
"यत्र योग-ईश्वरः कृष्णः यत्र पार्थः धनुष्-धरः तत्र श्रीः विजयः भूतिः ध्रुवा नीतिः मतिः मम (च) (अस्ति) (अस्ति) (अस्ति) (सन्ति) इति","यत्र योग-ईश्वरः कृष्णः (अस्ति) यत्र धनुष्-धरः पार्थः (अस्ति) तत्र श्रीः विजयः भूतिः ध्रुवा नीतिः (च) (सन्ति) इति मम मतिः (अस्ति)"," यत्र योगेश्वरः कृष्णो यत्र पार्थो धनुर्धरः।# तत्र श्रीर्विजयो भूतिर्ध्रुवा नीतिर्मतिर्ममः॥78॥"
"यज्ञ-अर्थात् कर्मणः अन्यत्र लोकः अयम् कर्म-बन्धनः तत्-अर्थम् कर्म कौन्तेय मुक्त-सङ्गः समाचर .","यज्ञ-अर्थात् मुक्त-सङ्गः समाचर . कर्मणः अन्यत्र लोकः अयम् कर्म-बन्धनः तत्-अर्थम् कर्म कौन्तेय","यज्ञ-अर्थात् कर्मणः अन्यत्र लोकः अयम् कर्म-बन्धनः तत्-अर्थम् कर्म कौन्तेय मुक्त-सङ्गः समाचर"